_step,_runtime,_timestamp,rewards/train/solve_ratio,rewards/train/advantage/mean,perf/train/global_step_time,canonical/train/active_microbatches,canonical/train/alignment_max_differing_bytes,canonical/train/commit_gradient_norm,canonical/train/effective_learning_rate,canonical/train/max_abs_parameter_delta,canonical/train/parameter_changed_elements,canonical/train/segmented_loss,generation/train/completions/clip_ratio,generation/train/completions/max_length,generation/train/completions/max_raw_length,generation/train/completions/mean_length,generation/train/completions/mean_raw_length,generation/train/completions/min_length,generation/train/completions/min_raw_length,generation/train/prompts/max_length,generation/train/prompts/mean_length,generation/train/prompts/min_length,perf/train/opt_adam_commit_seconds,perf/train/opt_optimizer_d2h_seconds,perf/train/opt_optimizer_h2d_seconds,perf/train/opt_optimizer_logical_bytes,perf/train/opt_optimizer_transaction_seconds,perf/train/rescore_b_seconds,perf/train/weight_sync_seconds,rewards/train/advantage/max,rewards/train/advantage/min,rewards/train/advantage/std,rewards/train/solve_all,rewards/train/solve_none,rewards/train/solve_partial,sampler_trainer/train/logp_diff_max,sampler_trainer/train/logp_diff_mean,sampler_trainer/train/prob_diff_max,sampler_trainer/train/prob_diff_mean,sampler_trainer/train/probs_pearson_corr,trajectory/train/env_time/close_latency/max,trajectory/train/env_time/close_latency/mean,trajectory/train/env_time/close_latency/min,trajectory/train/env_time/reset_latency/max,trajectory/train/env_time/reset_latency/mean,trajectory/train/env_time/reset_latency/min,trajectory/train/env_time/step_latency/max,trajectory/train/env_time/step_latency/mean,trajectory/train/env_time/step_latency/min,trajectory/train/reward_time/reward_latency/max,trajectory/train/reward_time/reward_latency/mean,trajectory/train/reward_time/reward_latency/min,trajectory_rewards/train/max,trajectory_rewards/train/mean,trajectory_rewards/train/min,trajectory_rewards/train/sum
0,4625.550470948,1788854018.2491932,0.22265625,1.474514954580286e-17,2979.0463926792145,32,0,0.26961326599121094,1e-06,1.9073486328125e-06,6951374062.0,1.3969838619232178e-09,0,1602,5452,452.78125,1648.36328125,46,46,4096,4096,4096,68.70873829798074,0,0,65525882888.0,68.76741957699414,135.36046457098564,,1,-1,0.3685672757241124,0,0,1,0,0,0,0,1,0.011541770014446229,0.002367073230061578,0.0001816099975258112,0.2728064950206317,0.053737877024559566,0.004701939004007727,0.07592002814635634,0.02353980117163701,0.0005856399657204747,0,0,0,1,0.22265625,0,57
1,6047.797059623,1788855319.350333,0.1953125,5.204170427930421e-18,1284.6715495586395,32,0,0.2321806252002716,1e-06,1.9073486328125e-06,6947930172.0,6.984919309616089e-10,0,1813,5788,428.8515625,1327.1953125,46,46,4096,4096,4096,1.0667298620101064,0,0,65525882888.0,1.1244012410170399,112.6232930450351,9.23721025697887,1,-1,0.31943828249996997,0,0,1,0,0,0,0,0.9999999403953552,0.015244699025060982,0.002691475095161877,0.0001894999877549708,0.13034002698259428,0.046540045438405286,0.005185919988434762,0.07049799006199464,0.019426006464527745,0.0008413800387643278,0,0,0,1,0.1953125,0,50
2,7501.409275703,1788856741.5794253,0.21484375,6.071532165918825e-18,1397.9811475276947,32,0,0.3613710105419159,1e-06,1.0132789611816406e-06,6947328463.0,-4.656612873077393e-10,0,2103,6367,443.2734375,1455,46,46,4096,4096,4096,0.8706349459826015,0,0,65525882888.0,0.9284513639868237,116.83176017802907,12.661704066034872,1,-1,0.3302364644447666,0,0,1,0,0,0,0,1.0000001192092896,0.04241559898946434,0.0029259486093451414,0.00018529000226408243,0.12341263802954927,0.04624547865682871,0.006941879983060062,0.06767437810776755,0.021898142170584833,0.0005660910392180085,0,0,0,1,0.21484375,0,55
3,9097.953832004,1788858195.2763824,0.20703125,6.071532165918825e-18,1439.0954740047455,32,0,0.2558448016643524,1e-06,1.0132789611816406e-06,6945570561.0,3.026798367500305e-09,0,2930,7480,461.78125,1493.421875,54,54,4096,4096,4096,0.9024295940180309,0,0,65525882888.0,0.96408429404255,120.579437407956,10.032024162996095,1,-0.8571428571428571,0.35981145856446217,0,0,1,0,0,0,0,1,0.01687504001893103,0.0027238034942911327,0.0001643600407987833,0.142401407007128,0.047170715634138105,0.006547839962877333,0.09148614894365892,0.022458354277659964,0.0007486699614673853,0,0,0,1,0.20703125,0,53
4,10686.912733939,1788859791.8552117,0.2265625,1.9081958235744878e-17,1581.9523224830627,32,0,0.2760260999202728,1e-06,1.0132789611816406e-06,6945025106.0,3.026798367500305e-09,0,3005,6306,513.265625,1662.203125,52,52,4096,4096,4096,0.917930923984386,0,0,65525882888.0,0.9785499040153809,129.24036737805,10.261257014004514,1,-1,0.39285714285714285,0,0,1,0,0,0,0,0.9999999403953552,0.013705199002288282,0.002488671053242797,0.00017054000636562705,0.20867575600277632,0.04960352524449263,0.002879150037188083,0.09063292801147327,0.02563730583005963,0.0007209799950942397,0,0,0,1,0.2265625,0,58
5,12410.603307318,1788861380.903305,0.2421875,1.474514954580286e-17,1574.4254648685455,32,0,0.24073176085948944,1e-06,1.0132789611816406e-06,6945756305.0,2.0954757928848267e-09,0,2628,6410,530.7578125,1715.5625,58,58,4096,4096,4096,0.9222230649902485,0,0,65525882888.0,0.9844874929985963,134.31099669198738,10.371239927015267,1,-1,0.36246041303900783,0,0,1,0,0,0,0,1.0000001192092896,0.021797080000396818,0.0027020872987577604,0.00020831997971981764,0.12965413695201278,0.044484960329327805,0.003040479961782694,0.07989713898859918,0.022784440887562596,0.0006369600305333734,0,0,0,1,0.2421875,0,62
6,13950.628310573,1788863104.5745654,0.31640625,1.734723475976807e-17,1708.8607153892517,32,0,0.2960108816623688,1e-06,1.0132789611816406e-06,6947195786.0,-2.561137080192566e-09,0.00390625,4286,8192,621.3671875,1800.56640625,83,83,4096,4096,4096,0.9100648250314407,0,0,65525882888.0,0.9696533739916049,136.9297582959989,10.243292909988668,1,-1,0.42333105682606065,0,0,1,0,0,0,0,0.9999999403953552,0.028943149955011904,0.0029079484845624393,0.00018983101472258568,0.13399130798643455,0.04897813204229351,0.005436459963675588,0.08772878587478772,0.024029719503687375,0.0015312110190279782,0,0,0,1,0.31640625,0,81
7,15622.80488001,1788864643.9824262,0.28125,6.5052130349130266e-18,1525.1093106269836,32,0,0.24475359916687012,1e-06,1.0132789611816406e-06,6947376661.0,1.862645149230957e-09,0,2538,6699,631.47265625,1658.5,66,66,4096,4096,4096,0.944874435022939,0,0,65525882888.0,1.0045866230502725,129.784112859983,10.46358824701747,1,-1,0.35714285714285715,0,0,1,0,0,0,0,1.0000001192092896,0.013797660009004176,0.002619345998255085,0.00018436001846566796,0.13123343797633424,0.043258542323883376,0.0071565500111319125,0.07784104789607227,0.022296102914651783,0.0007246799650602043,0,0,0,1,0.28125,0,72
8,17486.809855339,1788866316.7096784,0.29296875,9.107298248878237e-18,1657.916925907135,32,0,0.20880120992660522,1e-06,1.0132789611816406e-06,6947089523.0,2.0954757928848267e-09,0,2809,6535,688.41015625,1824.20703125,90,90,4096,4096,4096,0.9398098340025172,0,0,65525882888.0,1.000199612986762,138.08560918597504,10.552014045009855,1,-1,0.3471825374147068,0,0,1,0,0,0,0,0.9999998807907104,0.01800023904070258,0.003272127621130494,0.00021221005590632558,0.11050072801299393,0.037830909848253214,0.0067220599739812315,0.07846910995431244,0.02558150220306743,0.0006404099985957146,0,0,0,1,0.29296875,0,75
9,19582.165463031,1788868180.644652,0.29296875,5.204170427930421e-18,1848.6337552070618,32,0,0.1647767424583435,1e-06,1.0132789611816406e-06,6947628858.0,-1.6298145055770874e-09,0.00390625,4286,8192,766.29296875,1870.14453125,94,94,4096,4096,4096,0.9755769339972176,0,0,65525882888.0,1.0368022830225527,142.75319642701652,10.546824993973132,1,-1,0.343489001101274,0,0,1,0,0,0,0,0.9999998211860657,0.016487539978697896,0.002947244264305482,0.00018893001833930612,0.20643612602725625,0.05081039550645983,0.00438234000466764,0.07614606700371951,0.024549928806663956,0.0005223900079727173,0,0,0,1,0.29296875,0,75
10,21900.584656239,1788870276.0476139,0.3515625,1.5612511283791264e-17,2079.828063249588,32,0,0.20956562459468842,1e-06,1.0021030902862549e-06,6948564479.0,7.916241884231567e-09,0.0078125,4873,8192,944.08203125,2179.68359375,65,65,4096,4096,4096,0.9360087550012395,0,0,65525882888.0,0.9963158639729954,154.2462293410208,11.039462078013457,1,-1,0.4374088826398532,0,0,1,0,0,0,0,1.0000001192092896,0.020526780048385262,0.0026692368635394814,0.00017368898261338472,0.11590544797945768,0.044864687528161085,0.007607779989484698,0.07371296791825444,0.02572564557522128,0.0006170300184749067,0,0,0,1,0.3515625,0,90
11,24062.345681164,1788872594.3985286,0.28125,6.071532165918825e-18,2302.9152574539185,32,0,0.1613789200782776,1e-06,9.993091225624084e-07,6949116219.0,6.984919309616089e-10,0.01171875,4874,8192,1028.90625,2228.921875,119,119,4096,4096,4096,0.9274509349488653,0,0,65525882888.0,0.987099653983023,156.57489878800698,11.131252698018216,1,-0.8571428571428571,0.40089186286863654,0,0,1,0,0,0,0,1.0000001192092896,0.01851974899182096,0.002314596635642374,0.0001902399817481637,0.191263847053051,0.04590946243820326,0.005418989981990308,0.07894074590876698,0.02292528116390713,0.0005173499812372029,0,0,0,1,0.28125,0,72
12,26015.727836782,1788874756.3273537,0.296875,7.806255641895632e-18,2146.056681871414,32,0,0.1292693316936493,1e-06,9.909272193908691e-07,6949023592.0,6.984919309616089e-10,0.0078125,5605,8192,1062.1015625,2298.22265625,165,165,4096,4096,4096,0.929944035015069,0,0,65525882888.0,0.991316004015971,158.76549966499442,10.791400962043554,1,-1,0.351744921492718,0,0,1,0,0,0,0,1,0.013413699984084815,0.002123615526670619,0.00019906001398339868,0.1252719479962252,0.04483067322030365,0.007109500002115965,0.07807995891198516,0.02318300552724395,0.0012560099712572992,0,0,0,1,0.296875,0,76
13,28242.810658479,1788876709.6881092,0.3828125,6.938893903907228e-18,1937.2240862846375,32,0,0.20338980853557587,1e-06,9.94652509689331e-07,6951535730.0,2.3283064365386963e-10,0.01171875,4874,8192,1054.26953125,1990.64453125,110,110,4096,4096,4096,0.9733698639902286,0,0,65525882888.0,1.0353817329742014,148.03998901497107,11.26165212399792,1,-1,0.38959686123698983,0,0,1,0,0,0,0,1.0000003576278687,0.02112770004896447,0.002342019063689804,0.00022906996309757233,0.11547050799708813,0.04020608223027011,0.0062390799866989255,0.07773419003933668,0.021538507717423272,0.0006312489858828485,0,0,0,1,0.3828125,0,98
14,30888.310441652,1788878936.822477,0.359375,1.691355389077387e-17,2207.4384500980377,32,0,0.17087054252624512,1e-06,9.834766387939453e-07,6953409679.0,1.3969838619232178e-09,0.0078125,5272,8192,1197.515625,2355.26953125,160,160,4096,4096,4096,0.9558111539809033,0,0,65525882888.0,1.017102073004935,163.14761285897112,11.310188542993274,1,-1,0.42708074082504993,0,0,1,0,0,0,0,0.9999999403953552,0.020160960033535957,0.002366391364375886,0.000208280049264431,0.17507808696245775,0.04712975831012045,0.009932919987477362,0.07949442096287385,0.020422552452146192,0.0006854599923826754,0,0,0,1,0.359375,0,92
15,33242.519016058,1788881582.1607244,0.34765625,1.214306433183765e-17,2628.6879618167877,32,0,0.1323436051607132,1e-06,9.760260581970215e-07,6954097234.0,4.190951585769653e-09,0.015625,6600,8192,1568.6796875,3116.0390625,144,144,4096,4096,4096,0.961542863980867,0,0,65525882888.0,1.0222458519856445,204.1272418469889,14.930805273994338,1,-1,0.42333105682606065,0,0,1,0,0,0,0,0.9999995827674866,0.024816190009005368,0.002221303159785748,0.00018698000349104404,0.15607478795573115,0.048337106816916275,0.008361099986359477,0.06911243998911232,0.02418134754930179,0.0009073090041056275,0,0,0,1,0.34765625,0,89
16,35576.003109912,1788883936.5173082,0.32421875,1.3877787807814457e-17,2333.8535676002502,32,0,0.13284265995025635,1e-06,9.834766387939453e-07,6954141955.0,4.190951585769653e-09,0.01953125,6047,8192,1322.5625,2351.32421875,107,107,4096,4096,4096,0.9689326640218496,0,0,65525882888.0,1.0316960230120458,163.04595247498946,11.883133412979078,1,-1,0.36856727572411235,0,0,1,0,0,0,0,0.9999996423721313,0.015285449044313282,0.00231794315186562,0.0001999600208364427,0.1303992770262994,0.04660109275278046,0.0090034399763681,0.09349399787606671,0.018053495845833822,0.0005661199684254825,0,0,0,1,0.32421875,0,83
17,38098.966415344,1788886269.9614694,0.4765625,1.3877787807814457e-17,2316.8788487911224,32,0,0.15587583184242249,1e-06,9.775394573807716e-07,6954800434.0,2.7939677238464355e-09,0.01171875,4916,8192,1474.8359375,2643.0390625,159,159,4096,4096,4096,1.0309727030107751,0,0,65525882888.0,1.104467211989686,177.75938837701688,15.484210176044144,1,-1,0.43153735619980615,0,0,1,0,0,0,0,0.9999999403953552,0.017674700007773936,0.0020558243484174454,0.00017380999634042382,0.22226817603223026,0.051437342581493795,0.009867970016784966,0.07950737100327387,0.02139026751910933,0.000967309984844178,0,0,0,1,0.4765625,0,122
18,40855.938545385,1788888792.6854272,0.359375,1.5178830414797062e-17,2506.3542761802673,32,0,0.12918584048748016,1e-06,9.692739695310593e-07,6955422730.0,2.0954757928848267e-09,0.015625,6567,8192,1665.671875,3016.390625,239,239,4096,4096,4096,0.967476824996993,0,0,65525882888.0,1.0278477639658377,197.11214954499155,11.649637088994496,1,-1,0.3976974544878587,0,0,1,0,0,0,0,0.9999999403953552,0.017013870005030185,0.0020072511647413194,0.00023141002748161554,0.145030357001815,0.050286492446730335,0.0022924899822100997,0.06829680613009259,0.0216774864902618,0.0006080399616621435,0,0,0,1,0.359375,0,92
19,43572.004007471,1788891549.745794,0.38671875,1.474514954580286e-17,2740.722900867462,32,0,0.12964530289173126,1e-06,9.73232090473175e-07,6956496063.0,1.0011717677116394e-08,0.03515625,6562,8192,1867.91015625,3022.49609375,252,252,4096,4096,4096,0.9680594849633053,0,0,65525882888.0,1.0288073039846495,192.13038219400914,11.724506064027082,1,-1,0.42333105682606065,0,0,1,0,0,0,0,0.9999999403953552,0.015586199006065726,0.0022474550244169222,0.00021226995158940554,0.22850676602683961,0.04692433060586154,0.006779120012652129,0.06744822894688696,0.020258025899693166,0.0006655800389125943,0,0,0,1,0.38671875,0,99
20,46196.809813753,1788894265.9230306,0.3828125,1.1275702593849246e-17,2699.507865190506,32,0,0.12359600514173508,1e-06,9.834766387939453e-07,6957321107.0,5.587935447692871e-09,0.03515625,5587,8192,1886.34765625,3178.47265625,240,240,4096,4096,4096,0.9695862930384465,0,0,65525882888.0,1.0320243529859,205.7825598079944,11.54567656002473,1,-1,0.39447717918525926,0,0,1,0,0,0,0,1.0000003576278687,0.015686149999964982,0.002151841885961403,0.00017432996537536383,0.13215485797263682,0.047396459237461386,0.007923769997432828,0.06290891004027799,0.020464740204488407,0.0007493000011891127,0,0,0,1,0.3828125,0,98
21,49093.007961366,1788896890.5574567,0.44921875,1.8214596497756474e-17,2608.0526559352875,32,0,0.1709536910057068,1e-06,9.885989129543304e-07,6959294410.0,-2.3283064365386963e-10,0.0234375,6419,8192,1829.46484375,2979.29296875,235,254,4096,4096,4096,0.9716570639866404,0,0,65525882888.0,1.0394683129852638,188.54429591598455,11.834482025005855,1,-1,0.4263334423683329,0,0,1,0,0,0,0,0.9999998807907104,0.03601444902596995,0.002007603606898556,0.00020629999926313758,0.1371264280169271,0.04401435534327902,0.009165149996988475,0.06423837889451534,0.0192758772363959,0.0007183300331234932,0,0,0,1,0.44921875,0,115
22,51957.492876186,1788899787.006967,0.265625,1.691355389077387e-17,2879.6667532920837,32,0,0.09000393003225327,1e-06,9.78820025920868e-07,6959876224.0,-2.7939677238464355e-09,0.0625,5257,8192,2358.48046875,3750.92578125,232,232,4096,4096,4096,0.9621530040167272,0,0,65525882888.0,1.021684662962798,233.1180257719825,11.928654032992199,1,-1,0.39609058951462206,0,0,1,0,0,0,0,1.000000238418579,0.01794491900363937,0.0019306215531287307,0.000183270953129977,0.14302626700373366,0.04921859234286785,0.007358559989370406,0.06017329089809209,0.019626491787903433,0.0010559689835645258,0,0,0,1,0.265625,0,68
23,54822.595171982,1788902651.2817543,0.35546875,1.3444106938820255e-17,2847.73149394989,32,0,0.058946043252944946,1e-06,9.655486792325974e-07,6959101448.0,1.3969838619232178e-09,0.0390625,5123,8192,2327.9375,3629.2109375,302,302,4096,4096,4096,0.9774890539702028,0,0,65525882888.0,1.0386361429700628,223.6194538489799,11.781504076032434,1,-1,0.33407655239053047,0,0,1,0,0,0,0,1.0000001192092896,0.015821499982848763,0.0016585770686106116,0.00014854001346975565,0.13004908699076623,0.04512951090896422,0.004887820046860725,3.797996527107898,0.03299387958054467,0.000742450007237494,0,0,0,1,0.35546875,0,91
24,57650.168589524,1788905516.6483955,0.46875,1.734723475976807e-17,2848.48939371109,32,0,0.08208439499139786,1e-06,9.5367431640625e-07,6959403321.0,4.423782229423523e-09,0.02734375,5179,8192,2447.48046875,3564.34375,390,390,4096,4096,4096,0.9796421729843132,0,0,65525882888.0,1.0424079130170867,224.16251956799533,11.752129946020432,1,-1,0.4134227465282223,0,0,1,0,0,0,0,1.0000001192092896,0.015074210008606315,0.0019173715281795012,0.00018478999845683575,0.17158148699672893,0.04953501009617867,0.003248470020480454,0.059624734916724265,0.019373786705500606,0.0006993910064920783,0,0,0,1,0.46875,0,120
25,60498.278145801,1788908343.9602401,0.5546875,5.637851296924623e-18,2810.744401216507,32,0,0.08782672882080078,1e-06,9.5367431640625e-07,6959670815.0,-2.561137080192566e-09,0.02734375,5457,8192,2469.171875,3464.234375,465,465,4096,4096,4096,0.9679721450083889,0,0,65525882888.0,1.0272810829919763,218.45448097802,11.826267996977549,1,-1,0.40563631041430526,0,0,1,0,0,0,0,0.999999463558197,0.01566323998849839,0.001765830589874895,0.00021763000404462218,0.12042223796015605,0.044008620559907285,0.004572629986796528,0.06773961998987943,0.017718530074489536,0.0005672900006175041,0,0,0,1,0.5546875,0,142
26,63375.464984386,1788911192.183132,0.453125,2.6020852139652106e-18,2831.123030424118,32,0,0.07640600949525833,1e-06,9.5367431640625e-07,6959394424.0,-1.3969838619232178e-09,0.015625,5083,8192,2575.96484375,3651.0078125,327,327,4096,4096,4096,0.972835524007678,0,0,65525882888.0,1.0333430729806423,226.9502521470422,11.874118066043593,1,-1,0.351744921492718,0,0,1,0,0,0,0,1,0.013049399014562368,0.0017062010601875954,0.00019004999194294214,0.1284368080087006,0.04977732595375528,0.004372049996163696,0.05626431998098269,0.01650452222770582,0.0005369799910113215,0,0,0,1,0.453125,0,116
27,66256.918909631,1788914069.3688605,0.53125,1.7780915628762273e-17,2860.390944957733,32,0,0.06946352124214172,1e-06,9.5367431640625e-07,6959255999.0,7.683411240577698e-09,0.02734375,5195,8192,2684.27734375,3794.2421875,0,0,4096,4096,4096,1.0009696439956315,0,0,65525882888.0,1.061025021946989,230.90702153003076,12.156144240987487,1,-1,0.3912303982179758,0,0,1,0,0,0,0,0.9999997019767761,0.01696234999690205,0.001938340503784275,0.0002508999896235764,0.16438353701960295,0.04945906701163949,0.00815852003870532,0.04986036097398028,0.016749637995872035,0,0,0,0,1,0.53125,0,136
28,69152.879731897,1788916950.9084926,0.328125,1.474514954580286e-17,2864.8231887817383,32,0,0.0710132047533989,1e-06,9.5367431640625e-07,6959982832.0,-0.0005580366123467684,0.0234375,5060,8192,2968.296875,4154.4453125,0,0,4096,4096,4096,0.9653223140048794,0,0,65525882888.0,1.0248806229792535,245.8068793779821,11.814057682990097,1,-1,0.39609058951462206,0,0,1,0,0,0,0,1.0000008344650269,0.013662389013916254,0.00200282800324203,0.000192129984498024,0.10719463799614459,0.043016566491814956,0.0059633199707604945,0.06709472695365548,0.017744417866424556,0,0,0,0,1,0.328125,0,84
29,72063.638819012,1788919846.8710208,0.48828125,4.336808689942018e-18,2878.706033706665,32,0,0.0643749013543129,1e-06,9.5367431640625e-07,6959455273.0,-1.1641532182693481e-09,0.0390625,5051,8192,2979.62890625,4232.66015625,507,507,4096,4096,4096,0.9743020340101793,0,0,65525882888.0,1.0359588140272535,251.32296702102758,11.73128714604536,1,-1,0.3471825374147068,0,0,1,0,0,0,0,0.9999987483024597,0.019831939018331468,0.0019077911606473208,0.00022997998166829348,0.183565066952724,0.05044066564505556,0.0031121300416998565,0.06803217896958813,0.017934984974772306,0.0011966899619437754,0,0,0,1,0.48828125,0,125
30,74981.276380676,1788922757.762847,0.48828125,6.071532165918825e-18,2893.9205214977264,32,0,0.06406982988119125,1e-06,9.5367431640625e-07,6958880049.0,-2.3283064365386963e-10,0.046875,5142,8192,2998.23828125,4215.6796875,477,477,4096,4096,4096,0.9723411239683628,0,0,65525882888.0,1.0324232639977708,249.69749448500806,12.221889229025692,1,-1,0.37542492931479715,0,0,1,0,0,0,0,1.000001311302185,0.022008080035448074,0.0019208704286484135,0.00019793998217210174,0.11042173800524324,0.041764896136783136,0.008154879964422435,0.04953390813898295,0.017881192314689542,0.0007550999871455133,0,0,0,1,0.48828125,0,125
31,77903.91689256,1788925675.2153971,0.39453125,1.5178830414797062e-17,2900.3747634887695,32,0,0.060545846819877625,1e-06,9.5367431640625e-07,6958345550.0,-3.259629011154175e-09,0.046875,5180,8192,3119.9296875,4362.36328125,584,584,4096,4096,4096,0.993393314012792,0,0,65525882888.0,1.056809281988535,256.52837710402673,11.788313917990308,1,-1,0.38215954569701244,0,0,1,0,0,0,0,0.9999997019767761,0.01793296996038407,0.0021499229949313303,0.00020241999300196767,0.23746368597494438,0.05328251908144921,0.004724428988993168,0.045261577994097024,0.016480197522923845,0.0005020100506953895,0,0,0,1,0.39453125,0,101
32,80835.649406102,1788928597.965141,0.4140625,1.3010426069826053e-17,2905.7771320343018,32,0,0.05578385666012764,1e-06,9.5367431640625e-07,6957978675.0,-3.026798367500305e-09,0.03515625,5046,8192,3252.4140625,4409.03515625,446,446,4096,4096,4096,0.9806920340051875,0,0,65525882888.0,1.0453533330000937,258.56921487901127,12.08487842004979,1,-1,0.3779644730092272,0,0,1,0,0,0,0,0.9999996423721313,0.0160551990265958,0.002152819321509014,0.00021695002214983106,0.12544868799159303,0.044709081102155324,0.003121259971521795,0.050535825022961944,0.016890016193656265,0.0009657599730417132,0,0,0,1,0.4140625,0,106
33,83710.338827318,1788931529.7069116,0.34765625,7.37257477290143e-18,2914.677018880844,32,0,0.04995438829064369,1e-06,9.5367431640625e-07,6957152946.0,-0.001674104481935501,0.02734375,5053,8192,3183.55078125,4474.94921875,0,0,4096,4096,4096,0.9814621729892679,0,0,65525882888.0,1.0444566130172461,265.1362940550316,11.827902449003886,1,-0.8571428571428571,0.35083719114979467,0,0,1,0,0,0,0,0.9999998211860657,0.021433149988297373,0.002177876780706356,0.00021672900766134262,0.1425233879708685,0.04680834392115685,0.004220969974994659,0.043678148824255913,0.01635243900682326,0,0,0,0,1,0.34765625,0,89
34,86617.735284081,1788934404.3202565,0.51171875,9.974659986866641e-18,2857.631034851074,32,0,0.06458836793899536,1e-06,9.5367431640625e-07,6957212653.0,5.820766091346741e-09,0.01953125,5126,8192,3196.7734375,4211.3984375,374,374,4096,4096,4096,0.9644151849788614,0,0,65525882888.0,1.0265486339922063,251.11174540803768,11.991515301982872,1,-1,0.37372231315100624,0,0,1,0,0,0,0,0.9999995231628418,0.024785069981589913,0.0015986928526672273,0.0002013499615713954,0.20480025600409135,0.04740565665701979,0.007138380024116486,0.05131972808158025,0.0162701770689182,0.0009934200206771493,0,0,0,1,0.51171875,0,131
35,89582.904973887,1788937311.498122,0.3671875,9.540979117872439e-18,2890.331962108612,32,0,0.06134314835071564,1e-06,9.5367431640625e-07,6956493571.0,-4.6566128730773926e-09,0.0234375,5107,8192,3361.8828125,4514.265625,463,463,4096,4096,4096,0.970304584945552,0,0,65525882888.0,1.0311519149690866,262.70258166105486,11.939447548007593,1,-0.8571428571428571,0.40720550896397784,0,0,1,0,0,0,0,0.999999463558197,0.01442816003691405,0.0015489252621136984,0.00024120009038597345,0.13062617799732834,0.04500086500138423,0.005833110015373677,0.05457141896476969,0.01642062546534362,0.0009164509829133749,0,0,0,1,0.3671875,0,94
36,92526.101225388,1788940276.900328,0.26953125,2.6020852139652106e-18,2948.217896938324,32,0,0.045930445194244385,1e-06,9.294599294662476e-07,6954813666.0,2.7939677238464355e-09,0.02734375,5013,8192,3572.24609375,5035.48828125,529,529,4096,4096,4096,0.9733684749808162,0,0,65525882888.0,1.0342518830439076,289.088845827966,11.98072237893939,1,-0.8571428571428571,0.3243911093675884,0,0,1,0,0,0,0,0.9999988675117493,0.02520197897683829,0.002389064995895751,0.00023298896849155426,0.14363180799409747,0.04671093715614916,0.003694719052873552,0.055782460258342326,0.01604146586578281,0.0009376299567520618,0,0,0,1,0.26953125,0,69
37,95393.183872931,1788943220.0185559,0.50390625,9.540979117872439e-18,2926.057210445404,32,0,0.05096450448036194,1e-06,9.315554052591324e-07,6954060764.0,1.3969838619232178e-09,0.0234375,5097,8192,3464.2734375,4690.296875,614,614,4096,4096,4096,0.9660780549747869,0,0,65525882888.0,1.0281170629896224,273.6977225570008,12.04266373894643,1,-1,0.36509014821894414,0,0,1,0,0,0,0,0.9999989867210388,0.01602192991413176,0.00190153242829183,0.00017922010738402605,0.13467802805826068,0.04478230937229455,0.00833029008936137,0.048250229097902775,0.015503468177939794,0.0020718189189210534,0,0,0,1,0.50390625,0,129
38,98289.543384943,1788946087.0165944,0.41796875,3.469446951953614e-18,2849.794596195221,32,0,0.062484629452228546,1e-06,9.57283191382885e-07,6955053801.0,5.122274160385132e-09,0.015625,5188,8192,3089.4140625,4102.27734375,577,577,4096,4096,4096,1.0027035599341616,0,0,65525882888.0,1.0733412279514596,244.49870240699966,12.023982179933228,1,-1,0.35981145856446217,0,0,1,0,0,0,0,1.0000014305114746,0.01657946000341326,0.0017995054122366128,0.00018517998978495598,0.13446496799588203,0.04329840908758342,0.0034871400566771626,0.05517880816478282,0.014806968931225128,0.0005954500520601869,0,0,0,1,0.41796875,0,107
39,101232.684121334,1788948983.3775878,0.3828125,-8.673617379884035e-19,2879.0952792167664,32,0,0.05666424706578255,1e-06,9.5367431640625e-07,6954560040.0,-2.0954757928848267e-09,0.01953125,5124,8192,3208.75390625,4257.5390625,688,688,4096,4096,4096,1.0067005639430135,0,0,65525882888.0,1.0732812830246985,254.53834697802085,12.142707853927277,1,-1,0.37115374447904514,0,0,1,0,0,0,0,0.9999998807907104,0.01761282898951322,0.001901615181395755,0.00019839999731630087,0.1295341179938987,0.04650496312433461,0.006302350084297359,0.040085909771732986,0.014944474926323892,0.001143739908002317,0,0,0,1,0.3828125,0,98
40,104161.26369305,1788951926.5035806,0.390625,1.474514954580286e-17,2925.84028840065,32,0,0.04319016635417938,1e-06,9.5367431640625e-07,6953715435.0,3.4924596548080444e-09,0.015625,5009,8192,3500.609375,4757.8828125,0,0,4096,4096,4096,0.9830420499201864,0,0,65525882888.0,1.042258579051122,274.9469827719731,12.335007262066938,1,-1,0.3642156795423418,0,0,1,0,0,0,0,1.000000238418579,0.020416298997588456,0.0024502425776518066,0.00018952996470034122,0.13351728802081198,0.04156702042064353,0.006649579969234765,0.0425018590176478,0.016463725650282868,0,0,0,0,1,0.390625,0,100
41,107086.038017026,1788954855.157916,0.421875,2.6020852139652106e-18,2911.212147474289,32,0,0.05690786615014076,1e-06,9.397044777870178e-07,6954075691.0,2.7939677238464355e-09,0.015625,5121,8192,3413.5,4524.53125,508,508,4096,4096,4096,0.9718722939724103,0,0,65525882888.0,1.03323891304899,265.9333173590712,12.297701474046335,1,-1,0.36246041303900783,0,0,1,0,0,0,0,1.0000003576278687,0.018097709980793297,0.0023225767085932603,0.00020752905402332544,0.20922305597923696,0.046911381125482876,0.006392590003088117,0.05741258955094963,0.01611680187897946,0.0010860689217224717,0,0,0,1,0.421875,0,108
42,110034.655913925,1788957780.0344,0.2890625,9.974659986866641e-18,2907.501113653183,32,0,0.04764727130532265,1e-06,9.275972843170166e-07,6954156589.0,4.889443516731262e-09,0.01171875,5037,8192,3567.43359375,4806.31640625,698,698,4096,4096,4096,0.9776170570403337,0,0,65525882888.0,1.0371445961063728,277.5059954780154,12.51768721092958,1,-1,0.34809979802889157,0,0,1,0,0,0,0,0.9999995827674866,0.022647309000603855,0.0024977823854896997,0.00023420003708451986,0.10693660797551274,0.042408391365370335,0.007468950003385544,0.06020509882364422,0.016122837319471728,0.0008447500877082348,0,0,0,1,0.2890625,0,74
43,112953.340653828,1788960728.4590507,0.3828125,4.336808689942018e-18,2927.5009257793427,32,0,0.054998159408569336,1e-06,9.490177035331726e-07,6954370828.0,-3.4924596548080444e-09,0.0234375,5095,8192,3462.99609375,4645.23828125,553,553,4096,4096,4096,0.9707565630087629,0,0,65525882888.0,1.0306111420504749,269.6957047439646,12.173767681932077,1,-1,0.3553526561095071,0,0,1,0,0,0,0,0.9999998807907104,0.024144979077391326,0.0028636355241360434,0.00020827900152653456,0.1490989860612899,0.04279761988300379,0.004751799977384508,0.052793798968195915,0.016393672385675018,0.0009257300989702344,0,0,0,1,0.3828125,0,98
44,115901.743451992,1788963647.2594473,0.3359375,9.540979117872439e-18,2901.4707629680634,32,0,0.04547714442014694,1e-06,9.676441550254822e-07,6953299742.0,1.6298145055770874e-09,0.0078125,5027,8192,3596.421875,4802.51171875,761,761,4096,4096,4096,0.9834730050060898,0,0,65525882888.0,1.0447355839423835,278.30856030003633,16.015012090909295,1,-1,0.331200660553418,0,0,1,0,0,0,0,0.9999999403953552,0.025974569958634675,0.0028196377788844984,0.000218959990888834,0.17820222699083388,0.04914569058291818,0.006428319960832596,0.06131060991901904,0.017388190249221225,0.0006905799964442849,0,0,0,1,0.3359375,0,86
45,118855.79806191,1788966595.7611995,0.42578125,1.214306433183765e-17,2930.5439355373383,32,0,0.05213208496570587,1e-06,9.329523891210556e-07,6953731350.0,-3.725290298461914e-09,0.01953125,5047,8192,3667.88671875,4907.08203125,584,584,4096,4096,4096,0.9798445749329403,0,0,65525882888.0,1.043646284029819,281.91784710797947,12.252709327964112,1,-1,0.3754249293147971,0,0,1,0,0,0,0,1.000000238418579,0.0232576800044626,0.00237445252651014,0.00016412895638495684,0.14160853705834597,0.04447890441315394,0.005478590028360486,0.052606460172683,0.018917344260444224,0.0009051499655470252,0,0,0,1,0.42578125,0,109
46,121736.079555023,1788969549.766919,0.41796875,7.37257477290143e-18,2936.3631088733673,32,0,0.04287460073828697,1e-06,9.317882359027863e-07,6952924725.0,-5.820766091346741e-09,0.015625,5014,8192,3552.8046875,4862.3984375,995,1256,4096,4096,4096,0.9988178939092904,0,0,65525882888.0,1.0592995029874146,280.3857788699679,12.744130089995451,1,-1,0.35624888112964287,0,0,1,0,0,0,0,0.9999991059303284,0.03187224001158029,0.002483909589045652,0.0001886490499600768,0.17019082698971033,0.050448175510155124,0.00704701105132699,0.05323015828616917,0.01717718375266486,0.0016975500620901585,0,0,0,1,0.41796875,0,107
47,124717.107627746,1788972429.8886101,0.4453125,1.0408340855860843e-17,2862.7126801013947,32,0,0.043122388422489166,1e-06,9.257346391677856e-07,6951918914.0,-3.958120942115784e-09,0,5136,8182,3481.12890625,4551.375,614,614,4096,4096,4096,1.0073381930124015,0,0,65525882888.0,1.0702755020465702,267.3663340390194,12.542868399061263,1,-1,0.35892412932574613,0,0,1,0,0,0,0,0.9999988675117493,0.02506081003230065,0.0022602567828471365,0.00018473993986845016,0.19885733700357378,0.054363289993034414,0.007621000055223703,0.04232061002403498,0.015719995029940037,0.0007064510136842728,0,0,0,1,0.4453125,0,114
48,127606.561339914,1788975411.0904446,0.28515625,1.1275702593849246e-17,2963.415994167328,24,0,0.031461041420698166,1e-06,8.977949619293213e-07,6950049208.0,0,0.015625,4956,8192,3767.4375,5191.3828125,633,633,4096,4096,4096,0.9969296049093828,0,0,65525882888.0,1.060699913999997,296.51221285702195,12.361921766074374,1,-1,0.2731617596567563,0,0,1,0,0,0,0,0.9999998807907104,0.026170309982262552,0.0026281514465154032,0.00018718000501394272,0.10189503896981478,0.041443551174779714,0.0029737999429926276,0.07219304889440536,0.017796800956602965,0.0011084000580012798,0,0,0,1,0.28515625,0,73
49,130515.306997206,1788978300.5120852,0.53125,6.938893903907228e-18,2871.770539999008,32,0,0.05596378818154335,1e-06,8.933711796998978e-07,6953354531.0,2.0954757928848267e-09,0.0234375,5200,8192,3376.59765625,4388.26171875,0,0,4096,4096,4096,0.9895570139633492,0,0,65525882888.0,1.0491596939973533,260.3687141399132,12.647588077932596,1,-1,0.3659625273556999,0,0,1,0,0,0,0,0.9999990463256836,0.015686859958805144,0.0021007956515859405,0.00022243999410420656,0.186138037010096,0.044234113414859166,0.006447650026530027,0.05900514021050185,0.017054763487067248,0,0,0,0,1,0.53125,0,136
50,133447.787089308,1788981209.206195,0.46484375,1.1275702593849246e-17,2887.4473209381104,32,0,0.05227929353713989,1e-06,9.126961231231689e-07,6954714041.0,1.3969838619232178e-09,0.0234375,5224,8192,3558.19140625,4659.859375,774,774,4096,4096,4096,0.9783870560349897,0,0,65525882888.0,1.0376332640880719,272.01900354400277,12.369528996059671,1,-1,0.3580346009957754,0,0,1,0,0,0,0,1.000001311302185,0.019091230002231896,0.0020882682638330152,0.00021543004550039768,0.16394052794203162,0.049039824100873375,0.0062421991024166346,0.052330708247609437,0.016252219663783762,0.0009429500205442309,0,0,0,1,0.46484375,0,119
51,136412.816743365,1788984141.5955513,0.421875,6.938893903907228e-18,2914.921363592148,32,0,0.05583585053682327,1e-06,9.5367431640625e-07,6956436984.0,4.6566128730773926e-09,0.02734375,5094,8192,3430.02734375,4640.00390625,0,0,4096,4096,4096,0.9959171849768609,0,0,65525882888.0,1.058191193966195,270.3229883420281,16.139543871977367,1,-1,0.3694314440281643,0,0,1,0,0,0,0,0.9999999403953552,0.03176584001630545,0.002078671757317352,0.0001944600371643901,0.11432312789838761,0.045208557602563815,0.003892579930834472,0.06307088898029178,0.01765071519093908,0,0,0,0,1,0.421875,0,108
52,139311.129049264,1788987106.7735252,0.46875,5.204170427930421e-18,2944.1294178962708,32,0,0.06661812216043472,1e-06,9.5367431640625e-07,6959469288.0,-0.0005580339347943664,0.03515625,5141,8192,3468.33203125,4737.51953125,0,0,4096,4096,4096,0.998038993915543,0,0,65525882888.0,1.0602169740013778,273.7952898630174,12.31388731196057,1,-1,0.31542003094028026,0,0,1,0,0,0,0,0.9999999403953552,0.027817770023830235,0.002269542861085938,0.00016614003106951714,0.19090753805357963,0.048391041207196395,0.007841179962269962,0.05675514088943601,0.017565424021086073,0,0,0,0,1,0.46875,0,120
53,142250.016887935,1788990004.9440255,0.51953125,6.071532165918825e-18,2880.7264664173126,32,0,0.0532524548470974,1e-06,9.5367431640625e-07,6960443345.0,2.0954757928848267e-09,0.03125,5247,8192,3239.46484375,4282.296875,619,619,4096,4096,4096,1.011486172908917,0,0,65525882888.0,1.0708428219659254,253.57548005902208,15.888130540959537,1,-1,0.3685672757241124,0,0,1,0,0,0,0,0.9999997615814209,0.015721588977612555,0.0019616933568613604,0.00022863002959638834,0.13815897807944566,0.04669252594931095,0.006987020024098456,0.04145705688279122,0.01594797129246217,0.001224990002810955,0,0,0,1,0.51953125,0,133
54,145217.556846257,1788992943.880146,0.4140625,1.3010426069826053e-17,2921.3859403133392,32,0,0.05392943695187569,1e-06,9.5367431640625e-07,6961916456.0,-1.1641532182693481e-09,0.02734375,5121,8192,3419.9296875,4576.55859375,611,611,4096,4096,4096,1.018477812060155,0,0,65525882888.0,1.0891461300197989,267.3440642770147,12.413646742003039,1,-1,0.3606966049415028,0,0,1,0,0,0,0,0.9999992847442627,0.023479580064304173,0.0022488611043627316,0.00018325995188206434,0.12206995801534504,0.049073625703385915,0.009046669933013618,0.0643461091676727,0.015266678218722518,0.0005033300258219242,0,0,0,1,0.4140625,0,106
55,148157.33035742,1788995911.4772599,0.2734375,1.1275702593849246e-17,2950.11403298378,32,0,0.05056999251246452,1e-06,9.592622518539429e-07,6962012689.0,-2.561137080192566e-09,0.03125,5087,8192,3697.015625,5024.85546875,724,724,4096,4096,4096,0.9739645540248603,0,0,65525882888.0,4.815123549895361,288.8745972699253,12.445034142932855,1,-0.7142857142857143,0.3253726278265821,0,0,1,0,0,0,0,1.0000003576278687,0.027336690109223127,0.002753855470018607,0.00015899003483355045,0.09383654803968966,0.04062257011582915,0.004444240010343492,0.04827710799872875,0.01622984914229164,0.001483469968661666,0,0,0,1,0.2734375,0,70
56,151106.320379299,1788998851.2903442,0.359375,4.336808689942018e-18,2922.1503653526306,32,0,0.0445980466902256,1e-06,9.5367431640625e-07,6961721993.0,-4.423782229423523e-09,0.04296875,5117,8192,3523.7890625,4796.44921875,694,694,4096,4096,4096,0.9934535340871662,0,0,65525882888.0,1.0537452830467373,276.18679164198693,12.350592996925116,1,-1,0.31943828249996997,0,0,1,0,0,0,0,1.000001072883606,0.02332533011212945,0.0026204620685348345,0.00017593998927623034,0.18403790704905987,0.048913177109625394,0.003139470936730504,0.06575812911614776,0.01618176129204585,0.000842289999127388,0,0,0,1,0.359375,0,92
57,154015.355311875,1789001800.1815445,0.5,1.5178830414797062e-17,2931.3196744918823,32,0,0.05333103612065315,1e-06,9.621726348996162e-07,6962944803.0,-1.1408701539039612e-08,0.0234375,4912,8192,3560.890625,4961.5078125,973,973,4096,4096,4096,0.9864644629415125,0,0,65525882888.0,1.049586932058446,284.8066542679444,12.448211658047512,1,-1,0.40720550896397784,0,0,1,0,0,0,0,0.9999993443489075,0.011114069959148765,0.0014850456436761306,0.00017287000082433224,0.11010403791442513,0.04921063419897109,0.007476750062778592,0.04845704976469278,0.01782465932183186,0.0019263598369434476,0,0,0,1,0.5,0,128
58,156956.221744358,1789004709.3447282,0.46484375,1.5612511283791264e-17,2891.6155948638916,32,0,0.05666229873895645,1e-06,9.868526831269264e-07,6964304473.0,4.889443516731262e-09,0.01953125,5108,8192,3521.2890625,4766.2109375,434,434,4096,4096,4096,0.9890261350665241,0,0,65525882888.0,1.049220763030462,277.6525104950415,12.365091254003346,1,-1,0.38548273473076616,0,0,1,0,0,0,0,0.9999999403953552,0.029753379058092833,0.002033974886217038,0.00020552997011691332,0.11356200801674277,0.04377616889678393,0.005527960020117462,0.04549612815026194,0.017462313300256938,0.0006993800634518266,0,0,0,1,0.46484375,0,119
59,159901.39095005,1789007650.2311263,0.421875,1.5612511283791264e-17,2923.0193498134613,32,0,0.07579143345355988,1e-06,9.5367431640625e-07,6967137886.0,6.984919309616089e-09,0.015625,5105,8192,3553.09765625,4743.8984375,0,0,4096,4096,4096,0.9725257550599054,0,0,65525882888.0,1.0362979129422456,275.4325134679675,12.319694590987638,1,-1,0.3976974544878587,0,0,1,0,0,0,0,0.9999985098838806,0.018858088995330036,0.0018679977174542728,0.00020745000801980495,0.18831670796498656,0.0479742070069733,0.006312630022875965,0.04988822911400348,0.0182579473671467,0,0,0,0,1,0.421875,0,108
60,162882.279593868,1789010595.5352447,0.46875,6.071532165918825e-18,2927.599365234375,32,0,0.051767606288194656,1e-06,9.08970832824707e-07,6966454361.0,3.259629011154175e-09,0.046875,5057,8192,3309.78125,4529.3359375,478,478,4096,4096,4096,0.9889492739457637,0,0,65525882888.0,1.0502193729626015,265.9275183510035,12.625731815001927,1,-1,0.31542003094028026,0,0,1,0,0,0,0,0.9999992251396179,0.015451550018042326,0.0017429665704185027,0.00018609093967825174,0.18531470699235797,0.04940891426804228,0.00657767103984952,0.06309359008446336,0.01620995869689068,0.0006375799421221018,0,0,0,1,0.46875,0,120
61,165856.675463126,1789013576.2673542,0.41015625,6.938893903907228e-18,2963.1192729473114,32,0,0.0554574653506279,1e-06,9.5367431640625e-07,6966968400.0,1.3969838619232178e-09,0.02734375,4914,8192,3557.54296875,5034.515625,708,708,4096,4096,4096,0.9770789609756321,0,0,65525882888.0,4.895216092001647,287.48239305696916,12.282839947962202,1,-1,0.3378729987218661,0,0,1,0,0,0,0,1.0000001192092896,0.020505650085397065,0.0019504852461977862,0.00020452996250241995,0.1349108279682696,0.04174671718101308,0.004893220029771328,0.0669351388933137,0.019407067776683107,0.0014803300146013498,0,0,0,1,0.41015625,0,105
62,168823.944765946,1789016550.6020765,0.48828125,1.214306433183765e-17,2956.759552001953,32,0,0.05434534698724747,1e-06,9.5367431640625e-07,6967456898.0,-2.3283064365386963e-09,0.01953125,5025,8192,3470.2421875,4849.58984375,735,735,4096,4096,4096,0.9757409630110487,0,0,65525882888.0,1.0356287820031866,278.0508608240634,12.370795732946135,1,-1,0.354454165022843,0,0,1,0,0,0,0,1.0000005960464478,0.018539999960921705,0.0021515329644898884,0.00018332991749048233,0.12971037707757205,0.047119889285568206,0.005362279014661908,0.05203339911531657,0.018635534821896726,0.0007873700233176351,0,0,0,1,0.48828125,0,125
63,171769.764374154,1789019517.727829,0.44921875,1.5612511283791264e-17,2949.5923516750336,32,0,0.0598498173058033,1e-06,9.313225746154785e-07,6969165961.0,-2.561137080192566e-09,0.0546875,5097,8192,3289.20703125,4591.0234375,548,548,4096,4096,4096,0.9942955439910293,0,0,65525882888.0,1.0549491439014673,266.12367719993927,12.384968520025723,1,-1,0.36683283186025245,0,0,1,0,0,0,0,0.9999994039535522,0.017108959960751235,0.0021023967674409505,0.00018550001550465822,0.09455622802488506,0.03892674985354461,0.006381850107572973,0.06423362903296947,0.01721835092848778,0.0008421699749305844,0,0,0,1,0.44921875,0,115
64,174700.113731686,1789022463.7091417,0.47265625,7.806255641895632e-18,2927.166468858719,32,0,0.04813866689801216,1e-06,9.424984455108643e-07,6969264455.0,-4.656612873077393e-10,0.01171875,5088,8192,3491.3671875,4806.71875,809,1046,4096,4096,4096,0.9834792350884527,0,0,65525882888.0,1.0470664630411193,279.1776863570558,12.433132281992584,1,-1,0.37029359559513786,0,0,1,0,0,0,0,1.0000005960464478,0.030308709014207125,0.002146342959804315,0.00018974998965859413,0.1989040970802307,0.04693905666908904,0.005045589990913868,0.06321813899558038,0.017620134163280454,0.002078619902022183,0,0,0,1,0.47265625,0,121
65,177665.274132506,1789025393.9903426,0.49609375,2.2551405187698492e-17,2908.9821271896362,32,0,0.0627124160528183,1e-06,9.629875421524048e-07,6970781638.0,-6.984919309616089e-10,0.03515625,5036,8192,3419.1328125,4777.08203125,711,711,4096,4096,4096,1.039446403970942,0,0,65525882888.0,1.1011077129514888,277.86747876601294,13.575619023991749,0.8571428571428572,-1,0.38215954569701244,0,0,1,0,0,0,0,1.000000238418579,0.015527640003710985,0.0018680602956919756,0.00022307003382593393,0.1553062970051542,0.04796043586839005,0.006890500080771744,0.0495562101714313,0.018694395381771756,0.0007054500747472048,0,0,0,1,0.49609375,0,127
66,180589.110172371,1789028359.2844338,0.3984375,1.214306433183765e-17,2947.543343782425,32,0,0.04787655174732208,1e-06,9.313225746154785e-07,6970185072.0,3.4924596548080444e-09,0.0234375,4961,8192,3461.93359375,4919.9453125,563,563,4096,4096,4096,0.9807876049308106,0,0,65525882888.0,1.0436101939994842,285.2652008350706,16.10803837806452,1,-1,0.3388154635894692,0,0,1,0,0,0,0,1.000000238418579,0.01961593993473798,0.0019896356388926506,0.00017236999701708555,0.2099943869980052,0.047870504602542496,0.003035319969058037,0.04820962995290756,0.018077583362355654,0.0007925300160422921,0,0,0,1,0.3984375,0,102
67,183548.276623508,1789031283.0408244,0.59375,1.0408340855860843e-17,2905.9864268302917,32,0,0.0704546645283699,1e-06,9.5367431640625e-07,6972471398.0,1.862645149230957e-09,0.03125,5106,8192,3337.8515625,4577.80859375,557,557,4096,4096,4096,0.978915116051212,0,0,65525882888.0,1.0430120459059253,267.0090406569652,12.464060146012343,1,-1,0.4240836459656399,0,0,1,0,0,0,0,1.000000238418579,0.016841160017065704,0.0019087138957729621,0.00019595993217080832,0.11991034809034318,0.044856846661332384,0.007762189954519272,0.052508900058455765,0.017937965435976366,0.001952420105226338,0,0,0,1,0.59375,0,152
68,186470.736309164,1789034242.2972538,0.390625,1.3444106938820255e-17,2941.2947704792023,32,0,0.06300171464681625,1e-06,9.5367431640625e-07,6972906853.0,-4.190951585769653e-09,0.0390625,5068,8192,3315.22265625,4682.3828125,0,0,4096,4096,4096,1.00875046197325,0,0,65525882888.0,1.0757810110226274,275.9911485170014,12.483239737106487,1,-1,0.3813242232868325,0,0,1,0,0,0,0,0.9999988675117493,0.016344110015779734,0.0019216042051084514,0.0001808700617402792,0.17379117803648114,0.047388598230554635,0.006072819931432605,0.05597193096764386,0.018000625932472758,0,0,0,0,1,0.390625,0,100
69,189428.443312883,1789037164.714202,0.6484375,1.0408340855860843e-17,2904.6412575244904,32,0,0.06021502614021301,1e-06,9.5367431640625e-07,6973636500.0,2.561137080192566e-09,0.02734375,5139,8192,3150.9609375,4348.3125,686,686,4096,4096,4096,0.9879158119438216,0,0,65525882888.0,1.0548105320194736,257.3465004679747,12.704201897024177,1,-1,0.396090589514622,0,0,1,0,0,0,0,0.9999991059303284,0.015816160012036562,0.0016086418550003145,0.0002136200200766325,0.13927442801650614,0.04818399909800064,0.005544989020563662,0.07170810678508133,0.018442375574068137,0.0008952399948611856,0,0,0,1,0.6484375,0,166
70,192337.398121733,1789040122.4060628,0.48046875,1.3010426069826053e-17,2939.6694209575653,32,0,0.06700348854064941,1e-06,9.648501873016357e-07,6974589833.0,2.3283064365386963e-10,0.0546875,5085,8192,3207.6171875,4594.859375,536,536,4096,4096,4096,1.0106628719950095,0,0,65525882888.0,1.0800444199703634,268.7747652060352,12.468514541978948,1,-1,0.4079878449569951,0,0,1,0,0,0,0,1.0000008344650269,0.025704698986373842,0.0016272525554086315,0.00021057995036244392,0.1283215789590031,0.04717336607063771,0.007658079965040088,0.05218511773273349,0.01910693483387149,0.0009108299855142832,0,0,0,1,0.48046875,0,123
71,195304.647005601,1789043031.2141342,0.49609375,9.540979117872439e-18,2890.87721323967,32,0,0.06475553661584854,1e-06,9.94652509689331e-07,6974877698.0,1.1641532182693481e-09,0.03515625,4948,8192,3279.4765625,4694.5,0,0,4096,4096,4096,0.9906855220906436,0,0,65525882888.0,1.050912110018544,274.5007221349515,12.73612311494071,1,-1,0.35981145856446217,0,0,1,0,0,0,0,0.9999991059303284,0.034921769984066486,0.0023027338093015715,0.00020348001271486282,0.11846887692809105,0.04931877561921283,0.004859028966166079,0.051741826930083334,0.018095673507104948,0,0,0,0,1,0.49609375,0,127
72,198243.701374445,1789045998.5614178,0.4765625,1.6479873021779667e-17,2945.6409006118774,32,0,0.05800463631749153,1e-06,9.5367431640625e-07,6974952999.0,1.862645149230957e-09,0.046875,4902,8192,3383.48828125,4742.42578125,556,556,4096,4096,4096,0.9825286939740181,0,0,65525882888.0,1.0462815219070762,276.02958808105905,12.558074677013792,1,-1,0.4040610178208843,0,0,1,0,0,0,0,0.9999994039535522,0.011599009041674435,0.0016562565651838668,0.0002262600464746356,0.14290786697529256,0.046819244470043486,0.0038599600084125996,0.05744969903025776,0.01792970762562618,0.0009848990011960268,0,0,0,1,0.4765625,0,122
73,201157.225621134,1789048937.6278968,0.57421875,1.214306433183765e-17,2921.258369207382,32,0,0.06064881756901741,1e-06,9.5367431640625e-07,6975366749.0,5.820766091346741e-09,0.046875,5055,8192,3207.59765625,4459.4765625,584,584,4096,4096,4096,0.9845940240193158,0,0,65525882888.0,1.0435914630070329,260.6277513570385,16.397911021020263,1,-1,0.3562488811296429,0,0,1,0,0,0,0,1,0.017648070002906024,0.0016894467971724225,0.00020308990497142076,0.2353450560476631,0.05220520678358298,0.006135739968158305,0.06449269875884056,0.0191699710917419,0.0012935110135003924,0,0,0,1,0.57421875,0,147
74,204078.251059515,1789051851.145054,0.52734375,2.6020852139652106e-18,2890.5346386432648,32,0,0.06275898218154907,1e-06,9.583309292793274e-07,6975847048.0,-2.3283064365386963e-09,0.00390625,4857,8192,3347.66015625,4737.953125,0,0,4096,4096,4096,1.0005512229399756,0,0,65525882888.0,1.0620530620217323,273.6014585070079,12.518911549006589,1,-1,0.38713363194069284,0,0,1,0,0,0,0,0.9999992847442627,0.011123909964226186,0.0018099817075380997,0.0002008300507441163,0.15421140799298882,0.047019641365295683,0.0037165399407967925,0.06869117903988808,0.02068132473550577,0,0,0,0,1,0.52734375,0,135
75,207017.551201578,1789054772.1379397,0.47265625,1.5612511283791264e-17,2899.018891811371,32,0,0.05550414323806763,1e-06,9.57399606704712e-07,6975210206.0,-1.862645149230957e-09,0.015625,4796,8192,3364.47265625,4815.75390625,674,674,4096,4096,4096,0.9943383340723813,0,0,65525882888.0,1.0543877829331905,278.0352970410604,17.67244967794977,1,-1,0.4048494303126655,0,0,1,0,0,0,0,1.0000011920928955,0.024591649998910725,0.002119757129548816,0.0001794199924916029,0.23101206601131707,0.05381130057230621,0.006727798958308995,0.05808271816931665,0.020731307501137053,0.0008610199438408017,0,0,0,1,0.47265625,0,121
76,209969.022439675,1789057711.6252327,0.578125,6.071532165918825e-18,2921.2843828201294,32,0,0.06393623352050781,1e-06,9.5367431640625e-07,6975721860.0,6.28642737865448e-09,0.03125,5036,8192,3199.78125,4515.9140625,532,532,4096,4096,4096,1.0063077330123633,0,0,65525882888.0,1.0682574320817366,263.87300346803386,16.692652922938578,1,-1,0.3589241293257461,0,0,1,0,0,0,0,1.000001072883606,0.015924810082651675,0.0019173451819369802,0.0002101700520142913,0.10412729799281806,0.04221847423423242,0.003170879906974733,0.10409812908619642,0.02009390470220751,0.0013664300786331296,0,0,0,1,0.578125,0,148
77,212896.439427578,1789060662.94291,0.5625,1.1275702593849246e-17,2933.1048164367676,32,0,0.060211922973394394,1e-06,9.57399606704712e-07,6975575944.0,1.1175870895385742e-08,0.03515625,4872,8192,3237.55859375,4613.5703125,474,474,4096,4096,4096,0.9766763639636338,0,0,65525882888.0,1.0371437328867614,270.85232239193283,12.748151976964436,1,-1,0.38959686123698983,0,0,1,0,0,0,0,0.9999995231628418,0.021769989980384707,0.0015668968144382234,0.0002028999151661992,0.13913530798163265,0.051913995264840196,0.008093680022284389,0.06429833848960698,0.02000565931894016,0.0006922300672158599,0,0,0,1,0.5625,0,144
78,215801.525207729,1789063590.343483,0.61328125,5.637851296924623e-18,2909.0301551818848,32,0,0.05428241938352585,1e-06,9.5367431640625e-07,6975626499.0,4.656612873077393e-10,0.04296875,5070,8192,3174.14453125,4526.62109375,624,624,4096,4096,4096,0.9971907930448651,0,0,65525882888.0,1.059165742015466,263.9312949590385,12.836853266926482,1,-1,0.3633391062388537,0,0,1,0,0,0,0,0.9999994039535522,0.022036899928934872,0.002108168770064367,0.0001766500063240528,0.1267597780097276,0.04544402664214431,0.00722957996185869,0.057094968971796334,0.019791928578797524,0.0009048000210896134,0,0,0,1,0.61328125,0,157
79,218689.316430117,1789066495.6201828,0.61328125,7.806255641895632e-18,2886.848156452179,32,0,0.07327737659215927,1e-06,9.55536961555481e-07,6976697762.0,-6.984919309616089e-10,0.0234375,5004,8192,3165.35546875,4484.96875,540,540,4096,4096,4096,0.9945965129882097,0,0,65525882888.0,1.0547004819381982,261.8228219259763,13.00739613105543,1,-1,0.37201190457142247,0,0,1,0,0,0,0,0.9999997019767761,0.019165170029737055,0.001864583941824094,0.00020270911045372486,0.2577845660271123,0.0484785716071201,0.011499639949761331,0.06455768970772624,0.020930206869252288,0.0009497900027781725,0,0,0,1,0.61328125,0,157
80,221616.073053006,1789069383.3804367,0.54296875,1.214306433183765e-17,2869.525918483734,32,0,0.05769207328557968,1e-06,9.5367431640625e-07,6976612349.0,5.587935447692871e-09,0.01171875,5131,8192,3236.3359375,4451.765625,714,714,4096,4096,4096,0.993503715028055,0,0,65525882888.0,1.0543423130875453,258.59888688800856,12.792652792995796,1,-1,0.3920446142875027,0,0,1,0,0,0,0,1.000001072883606,0.01285106991417706,0.001682782154148299,0.00019556994084268808,0.12096471793483943,0.04282453663927299,0.0032619000412523746,0.06405025906860828,0.018822800245743565,0.0010852700797840953,0,0,0,1,0.54296875,0,139
81,224579.470742378,1789072310.0592906,0.5546875,7.806255641895632e-18,2908.624901533127,32,0,0.05018308013677597,1e-06,9.5367431640625e-07,6976054842.0,-0.002232142724096775,0.03125,4929,8192,3281.48828125,4637.75390625,0,0,4096,4096,4096,0.9838462440529838,0,0,65525882888.0,1.0489428739529103,270.4283226290718,12.634097837028094,1,-1,0.37286808960394824,0,0,1,0,0,0,0,0.9999990463256836,0.028806229936890304,0.002083811949887604,0.00017527001909911633,0.20051383692771196,0.04722370137824328,0.006135069997981191,0.06027052004355937,0.020070144455985428,0,0,0,0,1,0.5546875,0,142
82,227537.922680647,1789075273.499877,0.53515625,-2.6020852139652106e-18,2945.3080410957336,32,0,0.06001196801662445,1e-06,9.5367431640625e-07,6976486056.0,3.4924596548080444e-09,0.03515625,4896,8192,3371.953125,4916.109375,895,1030,4096,4096,4096,0.9952517739729956,0,0,65525882888.0,1.0580502329394221,285.7612599199638,12.650337667902932,1,-1,0.3838247367893692,0,0,1,0,0,0,0,0.9999992847442627,0.025826719007454813,0.002261557873680431,0.00020094995852559805,0.20911549706943333,0.04751507539913291,0.006714699906297028,0.06221909704618156,0.0200897770487245,0.001221850048750639,0,0,0,1,0.53515625,0,137
83,230428.744306266,1789078231.9603055,0.59375,1.6479873021779667e-17,2940.185748577118,32,0,0.050755906850099564,1e-06,9.5367431640625e-07,6975609198.0,-4.889443516731262e-09,0.0390625,4923,8192,3143.41796875,4614.18359375,605,605,4096,4096,4096,0.9811797639122233,0,0,65525882888.0,1.0425533530069515,270.6039869650267,12.691677430062555,1,-1,0.3659625273556999,0,0,1,0,0,0,0,1.0000001192092896,0.017805080045945942,0.0020185293883514532,0.0002227600198239088,0.14616420795209706,0.043237754686742846,0.0057670800015330315,0.04960465990006924,0.018430712905683322,0.0009820600971579552,0,0,0,1,0.59375,0,152
84,233356.246670154,1789081122.6685688,0.66796875,5.637851296924623e-18,2872.152326107025,32,0,0.08395253866910934,1e-06,9.5367431640625e-07,6978225419.0,5.587935447692871e-09,0.07421875,5237,8192,3015.62109375,4242.51171875,535,535,4096,4096,4096,0.9853828540071845,0,0,65525882888.0,1.047390953055583,251.76730753399897,12.774713088059798,1,-1,0.3936679943758679,0,0,1,0,0,0,0,1.0000007152557373,0.016239420045167208,0.0018584050353638304,0.00020323996432125568,0.16638463700655848,0.04751448174874895,0.003935239976271987,0.07049507787451148,0.01818163274674589,0.0008032510522753,0,0,0,1,0.66796875,0,171
85,236321.353456424,1789084050.2950091,0.59375,7.806255641895632e-18,2909.2225782871246,32,0,0.057071391493082047,1e-06,9.64384526014328e-07,6977992199.0,4.423782229423523e-09,0.01171875,4874,8192,3247.23046875,4590.14453125,679,679,4096,4096,4096,0.983033403987065,0,0,65525882888.0,1.046570232952945,269.0215438880259,13.19813614001032,0.7142857142857143,-1,0.34441609860689126,0,0,1,0,0,0,0,1.0000011920928955,0.016699039028026164,0.0018293498524144525,0.00020254997070878744,0.21334869705606252,0.04868111375571971,0.006900070002302527,0.051130820298567414,0.019977234075213346,0.0009406900499016047,0,0,0,1,0.59375,0,152
86,239225.844097281,1789087015.4507995,0.515625,8.239936510889834e-18,2946.594705581665,32,0,0.04330398887395859,1e-06,9.5367431640625e-07,6976733013.0,-6.984919309616089e-10,0.0703125,5024,8192,3297.98046875,4699.125,659,659,4096,4096,4096,0.9712765639415011,0,0,65525882888.0,1.0320175930391997,272.6013723150827,12.773728205007501,1,-1,0.32142857142857145,0,0,1,0,0,0,0,1.000001072883606,0.01631275995168835,0.0018513652344154252,0.00020118989050388336,0.18677362706512213,0.04981529904944182,0.003742639906704426,0.058626798912882805,0.018120811984317697,0.000919190002605319,0,0,0,1,0.515625,0,132
87,242156.075345918,1789089919.8553925,0.6171875,2.6020852139652106e-18,2886.209183216095,32,0,0.057566557079553604,1e-06,9.5367431640625e-07,6976657867.0,4.656612873077393e-10,0.015625,4964,8192,3257.54296875,4427.1015625,697,697,4096,4096,4096,0.9834386040456593,0,0,65525882888.0,1.0438201930373907,257.2311132819159,13.023244705051184,1,-1,0.37964806474052315,0,0,1,0,0,0,0,0.9999995827674866,0.02700972999446094,0.0019807675002994074,0.00017824000678956509,0.18556296697352082,0.04819041272185132,0.003278149990364909,0.061178098898380995,0.019770280248394556,0.0009361800039187074,0,0,0,1,0.6171875,0,158
88,245091.65364673,1789092850.118266,0.453125,9.974659986866641e-18,2911.370598554611,32,0,0.0768572986125946,1e-06,9.629875421524048e-07,6978670848.0,1.3969838619232178e-09,0,4731,8157,3416.4375,4951.29296875,513,513,4096,4096,4096,0.9788602639455348,0,0,65525882888.0,1.039417692925781,286.3508734840434,12.543816432007588,1,-1,0.43594841484763225,0,0,1,0,0,0,0,1.0000005960464478,0.017683870042674243,0.0019040674324060092,0.0001597799127921462,0.11580151808448136,0.03878865424394462,0.005043279961682856,0.053504060255363584,0.0191018040122799,0.0006424100138247013,0,0,0,1,0.453125,0,116
89,247990.547195343,1789095785.754037,0.58203125,8.673617379884035e-18,2917.4970569610596,32,0,0.04923802241683006,1e-06,9.760260581970215e-07,6977502728.0,-3.4924596548080444e-09,0.0390625,5104,8192,3375.4296875,4640.80859375,550,550,4096,4096,4096,0.9763278949540108,0,0,65525882888.0,1.0366923130350187,268.3582375840051,13.420496121048927,1,-1,0.3633391062388536,0,0,1,0,0,0,0,1.0000001192092896,0.0184521300252527,0.0016040944356063846,0.00021136004943400621,0.11492600804194808,0.04611530933107133,0.0046820000279694796,0.07529099006205797,0.018053861103908275,0.0006987400120124221,0,0,0,1,0.58203125,0,149
90,250925.359540846,1789098684.6482625,0.6015625,6.938893903907228e-18,2880.191531896591,32,0,0.06514125317335129,1e-06,9.5367431640625e-07,6978097038.0,-6.05359673500061e-09,0,4696,7684,3386.9296875,4782.75,699,978,4096,4096,4096,0.975561253959313,0,0,65525882888.0,1.0375303430482745,276.17406031803694,12.645493079908192,1,-1,0.38299304624155744,0,0,1,0,0,0,0,0.9999992251396179,0.019302029977552593,0.0019182351966264832,0.00017777993343770504,0.11955966800451279,0.045016909356036194,0.006304370006546378,0.05899500020314008,0.020702314226127783,0.00108299998100847,0,0,0,1,0.6015625,0,154
91,253866.915802308,1789101619.3482077,0.67578125,7.806255641895632e-18,2916.3931152820587,32,0,0.05181270092725754,1e-06,9.5367431640625e-07,6977880879.0,6.51925802230835e-09,0.046875,5041,8192,3132.31640625,4354.53125,847,854,4096,4096,4096,1.0069041240494698,0,0,65525882888.0,1.068104662001133,256.6940889719408,13.16535422904417,0.8571428571428572,-1,0.3471825374147068,0,0,1,0,0,0,0,0.9999998807907104,0.022699669934809208,0.0016656385105306981,0.00021094002295285463,0.13441878801677376,0.04645337897409263,0.006875660037621856,0.0471992299426347,0.018568327242974192,0.0020086910808458924,0,0,0,1,0.67578125,0,173
92,256771.462412715,1789104560.9260283,0.5390625,9.540979117872439e-18,2918.968914747238,32,0,0.050494417548179626,1e-06,9.5367431640625e-07,6976515324.0,3.259629011154175e-09,0.0078125,4767,8192,3361.63671875,4821.75,1040,1365,4096,4096,4096,0.9880020041018724,0,0,65525882888.0,1.052095053019002,277.2127234849613,12.737393339979462,0.8571428571428572,-1,0.37457458863219695,0,0,1,0,0,0,0,1,0.020976258907467127,0.0021598117655230453,0.00017359107732772827,0.1925809569656849,0.049511263813656115,0.005292049958370626,0.06208618718665093,0.02013558671478677,0.0013156799832358956,0,0,0,1,0.5390625,0,138
93,259696.782081231,1789107465.4554465,0.4140625,9.540979117872439e-18,2886.361518383026,32,0,0.05069486424326897,1e-06,9.5367431640625e-07,6975750615.0,-2.0954757928848267e-09,0,5086,7967,3416.01171875,4993.68359375,520,520,4096,4096,4096,0.9850253650220111,0,0,65525882888.0,1.0464718739967793,286.48403434292413,17.11860186699778,1,-1,0.34441609860689126,0,0,1,0,0,0,0,1,0.026817120029591024,0.002294447287113144,0.00014834001194685698,0.10271456791087985,0.043377218534260464,0.0030541199957951903,0.06370003696065396,0.019924980970245088,0.000651129987090826,0,0,0,1,0.4140625,0,106
94,262643.961973855,1789110390.8287199,0.55859375,6.938893903907228e-18,2907.0352952480316,32,0,0.0535939522087574,1e-06,9.5367431640625e-07,6975747063.0,2.561137080192566e-09,0.01171875,4725,8192,3273.546875,4771.12890625,493,493,4096,4096,4096,0.9798785739112645,0,0,65525882888.0,1.0425460330443457,278.0157235409133,12.735264181043021,0.8571428571428572,-1,0.3615795844877962,0,0,1,0,0,0,0,1.0000004768371582,0.03674305893946439,0.002296903051501431,0.00023996003437787294,0.1309245079755783,0.044795674150918785,0.006394880008883774,0.058986447867937386,0.020261137323359435,0.0007003599312156439,0,0,0,1,0.55859375,0,143
95,265582.217555027,1789113337.678747,0.57421875,6.938893903907228e-18,2928.8225631713867,32,0,0.053716834634542465,1e-06,9.5367431640625e-07,6975491405.0,1.3969838619232178e-09,0.015625,5017,8192,3234.24609375,4797.7578125,693,693,4096,4096,4096,1.003360453993082,0,0,65525882888.0,1.0653016630094498,278.6090353290783,12.879655161057599,1,-1,0.3754249293147971,0,0,1,0,0,0,0,1.0000009536743164,0.017331030103377998,0.0021682332117052283,0.00017191993538290262,0.12393633800093085,0.041666139552944514,0.008381669060327113,0.06465159030631185,0.02107976927072741,0.0009828900219872594,0,0,0,1,0.57421875,0,147
96,268486.271411449,1789116276.338603,0.75390625,5.204170427930421e-18,2920.128210067749,32,0,0.046083830296993256,1e-06,9.5367431640625e-07,6974583853.0,-1.1641532182693481e-09,0.046875,4809,8192,3143.69140625,4542.359375,739,739,4096,4096,4096,1.065474872943014,0,0,65525882888.0,1.1279298319714144,265.21185785904527,12.762899772962555,1,-1,0.27779194975185795,0,0,1,0,0,0,0,1.0000005960464478,0.014422359992749989,0.0016860849673321354,0.00020540005061775446,0.14587359805591404,0.04142821939649366,0.005140559980645776,0.07205175107810646,0.021085746589960763,0.0012872900115326047,0,0,0,1,0.75390625,0,193
97,271397.51607383,1789119180.1499774,0.546875,4.336808689942018e-18,2884.82421708107,32,0,0.06193313002586365,1e-06,9.5367431640625e-07,6975215370.0,6.28642737865448e-09,0.00390625,4637,8192,3252.3984375,4704.21484375,485,485,4096,4096,4096,0.973656494054012,0,0,65525882888.0,1.0338608029996976,274.93835856497753,12.928330349968746,0.8571428571428572,-1,0.39285714285714285,0,0,1,0,0,0,0,0.9999995231628418,0.015500699984841049,0.0023343331795331324,0.00017498002853244543,0.1340441369684413,0.04150717107131641,0.00875896995421499,0.07078169716987759,0.022020994811555283,0.00086170993745327,0,0,0,1,0.546875,0,140
98,274342.093197536,1789122091.750288,0.609375,1.0408340855860843e-17,2892.952129840851,32,0,0.05862245336174965,1e-06,9.5367431640625e-07,6975619927.0,-4.656612873077393e-10,0.0078125,4619,8192,3240.75390625,4737.86328125,1249,1463,4096,4096,4096,1.0024538239231333,0,0,65525882888.0,1.0630600530421361,273.445683135069,13.610152379027568,1,-1,0.4008918628686366,0,0,1,0,0,0,0,0.9999993443489075,0.016984849935397506,0.0019632064072538924,0.0002006900031119585,0.1537468379829079,0.048243599744182575,0.006256150081753731,0.06534319987986237,0.021153543885702675,0.0018400198314338923,0,0,0,1,0.609375,0,156
99,277226.930825223,1789125036.1351051,0.72265625,7.806255641895632e-18,2925.548717737198,32,0,0.05718212574720383,1e-06,9.5367431640625e-07,6975655246.0,-2.3283064365386963e-10,0.0625,4868,8192,3020.9921875,4405.953125,807,807,4096,4096,4096,0.9907565839821473,0,0,65525882888.0,1.05403810297139,258.74650632601697,12.808788262074813,1,-1,0.36683283186025245,0,0,1,0,0,0,0,1.000000238418579,0.01851654890924692,0.002098727321936167,0.0002161510055884719,0.11763349804095924,0.04585341837628221,0.004173820023424923,0.07672118966002017,0.02197688052274316,0.003531159949488938,0,0,0,1,0.72265625,0,185
100,280147.246681196,1789127920.9004478,0.49609375,1.3010426069826053e-17,2866.1098980903625,32,0,0.061929985880851746,1e-06,9.5367431640625e-07,6975858449.0,2.561137080192566e-09,0,4854,7766,3252.7578125,4785.41796875,926,1091,4096,4096,4096,0.9908998248865828,0,0,65525882888.0,1.053545972914435,275.8095295180101,13.219107425073162,1,-1,0.4218218503934899,0,0,1,0,0,0,0,1.0000001192092896,0.01670045906212181,0.002178536629799055,0.00021467998158186674,0.13983406801708043,0.04451883609590368,0.008262620074674487,0.06051781796850264,0.021779513018827856,0.0026633000234141946,0,0,0,1,0.49609375,0,127
101,283012.737087993,1789130841.1779866,0.64453125,1.3877787807814457e-17,2901.4321348667145,32,0,0.06067323684692383,1e-06,9.5367431640625e-07,6976253428.0,3.725290298461914e-09,0.0078125,4638,8192,3024.73828125,4607.453125,868,1147,4096,4096,4096,0.9798927339725196,0,0,65525882888.0,1.0412009729770944,268.3836618430214,12.933167284936644,1,-1,0.38713363194069284,0,0,1,0,0,0,0,1.0000004768371582,0.026007749955169857,0.002304569091393205,0.00020510994363576174,0.19265078706666827,0.04626567276500282,0.006926800007931888,0.06484039779752493,0.022254843202063057,0.003107520053163171,0,0,0,1,0.64453125,0,165
102,285938.933186045,1789133706.7303457,0.671875,5.637851296924623e-18,2846.5792734622955,32,0,0.06815426051616669,1e-06,9.797513484954834e-07,6976699800.0,4.190951585769653e-09,0,4819,7757,2998.34375,4362.83203125,1049,1181,4096,4096,4096,0.9860627750167623,0,0,65525882888.0,1.0535239829914644,255.62609111203346,13.325454666046426,1,-1,0.3879564461142934,0,0,1,0,0,0,0,0.9999998211860657,0.01985667005646974,0.0020706650589090714,0.0001766500063240528,0.18257605796679854,0.04402961197183686,0.005596090108156204,0.08061235793866217,0.023243224767611537,0.0009525110945105553,0,0,0,1,0.671875,0,172
103,288848.353165924,1789136632.8345149,0.67578125,3.469446951953614e-18,2907.623722553253,32,0,0.07037970423698425,1e-06,9.73232090473175e-07,6976732266.0,-1.1641532182693481e-09,0.046875,4642,8192,2900.5703125,4471.3359375,955,1216,4096,4096,4096,0.9811592639889568,0,0,65525882888.0,1.0452340740012005,264.4244728499325,13.231635499978438,1,-1,0.4000956518287157,0,0,1,0,0,0,0,0.9999995231628418,0.014537540031597018,0.0020327257175267732,0.0001762800384312868,0.18283941689878702,0.0433198891032589,0.006278859917074442,0.06686459027696401,0.022727925763319945,0.001955620013177395,0,0,0,1,0.67578125,0,173
104,291691.581593104,1789139542.2855651,0.5859375,1.3877787807814457e-17,2890.546653032303,32,0,0.07409871369600296,1e-06,9.704381227493286e-07,6977907272.0,6.752088665962219e-09,0.00390625,4538,8192,2847.4765625,4538.1484375,0,0,4096,4096,4096,0.999400463886559,0,0,65525882888.0,1.060990932979621,265.5694549209438,12.9361945950659,0.8571428571428572,-1,0.42708074082504993,0,0,1,0,0,0,0,0.9999992847442627,0.02817414002493024,0.0017962100391741842,0.00019859999883919954,0.2103858859045431,0.04974074995743649,0.005735800019465387,0.08453352015931159,0.024031689833464043,0,0,0,0,1,0.5859375,0,150
105,294569.564077255,1789142385.5037055,0.40234375,3.469446951953614e-18,2824.48522400856,32,0,0.06587688624858856,1e-06,9.834766387939453e-07,6977781704.0,0,0,4904,7164,2838.8828125,4736.7421875,692,692,4096,4096,4096,0.9738016340415925,0,0,65525882888.0,1.034741232986562,276.73912159295287,13.392063085921109,1,-0.8571428571428571,0.3633391062388536,0,0,1,0,0,0,0,0.9999991655349731,0.0106921800179407,0.0019441897884462378,0.0001998000079765916,0.17957175697665662,0.046841044201300974,0.010255899978801608,0.07099197013303638,0.025867326364277687,0.00092786003369838,0,0,0,1,0.40234375,0,103
106,297438.582421556,1789145263.3907747,0.71484375,6.938893903907228e-18,2859.1271958351135,32,0,0.06727740168571472,1e-06,9.864452295005322e-07,6976844160.0,-5.122274160385132e-09,0.01171875,4356,8192,2619.48828125,4235.54296875,536,536,4096,4096,4096,1.0012881440343335,0,0,65525882888.0,1.061942592030391,251.50704432302155,13.06199076701887,1,-1,0.37029359559513786,0,0,1,0,0,0,0,1.0000001192092896,0.021110509987920523,0.001818213316710171,0.0001877499744296074,0.1470578769221902,0.046317401249325485,0.010503350058570504,0.06359207176137716,0.02484867402654345,0.0013423890341073275,0,0,0,1,0.71484375,0,183
107,300349.664437419,1789148132.46784,0.6953125,5.204170427930421e-18,2849.978301048279,32,0,0.0704009011387825,1e-06,9.909272193908691e-07,6977310363.0,1.1641532182693481e-09,0,4055,8078,2685.92578125,4538.265625,732,732,4096,4096,4096,0.9855054739164189,0,0,65525882888.0,1.048903153045103,267.5329656969989,13.289024118101224,1,-1,0.38795644611429336,0,0,1,0,0,0,0,1.0000007152557373,0.02784918004181236,0.002145983264199458,0.00020546989981085062,0.12925857794471085,0.04444140353234616,0.004713739966973662,0.059774909052066505,0.026133928629406,0.0008694800781086087,0,0,0,1,0.6953125,0,178
108,303196.36434225,1789151043.4390378,0.765625,7.37257477290143e-18,2891.6571674346924,32,0,0.060777075588703156,1e-06,9.872019290924072e-07,6976667181.0,-4.6566128730773926e-09,0.01953125,4569,8192,2658.45703125,4278.28125,658,658,4096,4096,4096,0.9915698840050027,0,0,65525882888.0,1.0543299521086738,253.0419814719353,13.490193999023177,1,-1,0.32732683535398854,0,0,1,0,0,0,0,1.000000238418579,0.022620678995735943,0.0016461032432744105,0.00019342009909451008,0.15381644701119512,0.043220808720434434,0.00779019994661212,0.06980766111519188,0.024987790600789594,0.0019683099817484617,0,0,0,1,0.765625,0,196
109,306057.095873486,1789153890.288568,0.71484375,1.0842021724855044e-17,2828.2533926963806,32,0,0.06661409884691238,1e-06,9.96515154838562e-07,6976355894.0,3.725290298461914e-09,0,4337,7363,2648.33984375,4418.15234375,980,1301,4096,4096,4096,0.9767115919385105,0,0,65525882888.0,1.0381207120371982,259.58990069897845,13.729235393926501,1,-1,0.39041448409063295,0,0,1,0,0,0,0,1,0.011796250008046627,0.0017820402590587037,0.00020905002020299435,0.16086176806129515,0.0482859934827502,0.010404770029708743,0.09842668997589499,0.025822221437465487,0.0009912800742313266,0,0,0,1,0.71484375,0,183
110,308950.341659609,1789156751.0133836,0.64453125,1.734723475976807e-18,2841.8431391716003,32,0,0.06397206336259842,1e-06,1.0170042514801025e-06,6975994588.0,6.28642737865448e-09,0,4610,8074,2671.91015625,4278.9453125,759,1020,4096,4096,4096,0.9831363130360842,0,0,65525882888.0,1.0441907329950482,251.31113224604633,12.966561540029943,1,-1,0.37880720420707903,0,0,1,0,0,0,0,0.9999995231628418,0.01660658896435052,0.0019527661629581416,0.00016625993885099888,0.13970102800522,0.0500234950968661,0.006541580078192055,0.0647284290753305,0.025771235812044324,0.002506350982002914,0,0,0,1,0.64453125,0,165
111,311819.340337116,1789159644.413693,0.6875,-1.734723475976807e-18,2874.5347476005554,32,0,0.0753919705748558,1e-06,1.0118819773197174e-06,6976566445.0,-4.6566128730773926e-09,0.00390625,4767,8192,2562.66796875,4212.89453125,659,896,4096,4096,4096,0.9968301519984379,0,0,65525882888.0,1.058299881988205,249.68028104002587,13.287258538999595,1,-1,0.36596252735569995,0,0,1,0,0,0,0,1.0000009536743164,0.012755610048770905,0.0016953720728452026,0.00021182000637054443,0.12549818807747215,0.04557380164578717,0.005941050010733306,0.08452568692155182,0.02650630168227508,0.0015989000676199794,0,0,0,1,0.6875,0,176
112,314665.219480545,1789162513.3439078,0.734375,1.0408340855860843e-17,2850.1223776340485,32,0,0.05994447320699692,1e-06,1.017935574054718e-06,6975652145.0,-1.6298145055770874e-09,0.02734375,4363,8192,2461.0703125,4100.62109375,594,594,4096,4096,4096,0.973589533008635,0,0,65525882888.0,1.0346321429824457,244.3541846559383,13.043984711985104,1,-1,0.3499271061118826,0,0,1,0,0,0,0,0.9999997019767761,0.017375729978084564,0.0018455963499945938,0.0002155299298465252,0.10880698799155653,0.043706003541956306,0.008002699934877455,0.08691739791538566,0.02563024762139321,0.002273648977279663,0,0,0,1,0.734375,0,188
113,317485.929613465,1789165359.0977535,0.6640625,1.431146867680866e-17,2827.020586013794,32,0,0.06866417080163956,1e-06,9.872019290924072e-07,6975691097.0,2.7939677238464355e-09,0,4183,8129,2492.15625,4244.75,458,458,4096,4096,4096,0.9896055529825389,0,0,65525882888.0,1.0506070830160752,250.19331332296133,13.178968530963175,1,-1,0.37964806474052315,0,0,1,0,0,0,0,0.9999999403953552,0.024653899017721415,0.0019659736744870315,0.00015219999477267265,0.10252673807553947,0.04428269189565981,0.003632970037870109,0.060956878936849535,0.025924029935595172,0.0015354510396718979,0,0,0,1,0.6640625,0,170
114,320365.155594189,1789168179.7785716,0.765625,1.734723475976807e-18,2801.267176389694,32,0,0.07811406999826431,1e-06,9.884824976325035e-07,6975935934.0,-1.3969838619232178e-09,0.015625,5526,8192,2298.015625,3738.0703125,415,415,4096,4096,4096,1.0126886889338493,0,0,65525882888.0,1.0790079770376906,228.642548592994,13.165242318995297,1,-1,0.3642156795423418,0,0,1,0,0,0,0,1.0000004768371582,0.016410589101724327,0.001793489825558936,0.00018769106827676296,0.10630196798592806,0.041616670388521015,0.007631089887581766,0.07840310910250992,0.026243412337862537,0.001088519929908216,0,0,0,1,0.765625,0,196
115,323240.017399565,1789171058.7356012,0.69921875,7.37257477290143e-18,2860.5291018486023,32,0,0.07081153243780136,1e-06,9.890645742416382e-07,6975892052.0,-3.725290298461914e-09,0,3984,7701,2405.9140625,4328.54296875,697,862,4096,4096,4096,0.980198903940618,0,0,65525882888.0,1.0420366131002083,257.00042863795534,13.844163432018831,1,-1,0.37372231315100624,0,0,1,0,0,0,0,0.9999997615814209,0.02179462998174131,0.0019693892286340997,0.00019818998407572508,0.11591539799701422,0.04727705039522334,0.0066356000024825335,0.07971323793753982,0.027978538564639166,0.0034047700464725494,0,0,0,1,0.69921875,0,179
116,325763.109935244,1789173934.054566,0.7421875,2.6020852139652106e-18,2856.2378208637238,32,0,0.06359146535396576,1e-06,1.0021030902862549e-06,6975093230.0,-3.725290298461914e-09,0,4782,7796,2378.96875,4306.734375,804,1083,4096,4096,4096,1.012038932996802,0,0,65525882888.0,1.0738405330339447,255.09602998697665,13.127999022952281,0.8571428571428572,-1,0.331200660553418,0,0,1,0,0,0,0,0.9999999403953552,0.013024989981204271,0.0017800892474042485,0.00016995007172226906,0.14105281792581081,0.04628138785210467,0.008466570056043565,0.07993961591273546,0.029229168919755466,0.002278989995829761,0,0,0,1,0.7421875,0,190
117,328646.579917496,1789176457.1006477,0.8515625,7.37257477290143e-18,2504.0623664855957,32,0,0.05383128300309181,1e-06,9.771902114152908e-07,6973540702.0,-2.561137080192566e-09,0.0078125,4371,8192,1989.8671875,3221.44140625,838,1153,4096,4096,4096,1.0111161830136552,0,0,65525882888.0,1.0716427130391821,199.02298937703017,13.379043739987537,1,-1,0.2901442287369986,0,0,1,0,0,0,0,1.0000001192092896,0.018713340046815574,0.0021660518877979484,0.00017705000936985016,0.08828847808763385,0.03821842393199404,0.0030343510443344712,0.07400665793102235,0.026072870603911724,0.003614908899180591,0,0,0,1,0.8515625,0,218
118,331379.583783881,1789179340.5144427,0.67578125,7.806255641895632e-18,2863.7772128582,32,0,0.0796230286359787,1e-06,9.94652509689331e-07,6973950564.0,-1.3969838619232178e-09,0,4080,7746,2243.5234375,4098.921875,874,1115,4096,4096,4096,0.9996397339273244,0,0,65525882888.0,1.0623923819512129,243.49092880589887,13.10346152400598,0.8571428571428572,-1,0.3936679943758679,0,0,1,0,0,0,0,1.0000007152557373,0.014128419919870794,0.0017271255642299366,0.00014590099453926086,0.09400941908825189,0.04108540572633501,0.006444919970817864,0.06911937822587788,0.02814912005305814,0.0007695099338889122,0,0,0,1,0.67578125,0,173
119,334204.919064072,1789182073.6727695,0.85546875,4.336808689942018e-18,2713.579692840576,32,0,0.0553988553583622,1e-06,9.932555258274078e-07,6972640130.0,6.28642737865448e-09,0.015625,8192,8192,2054.33984375,3486.23828125,767,1028,4096,4096,4096,1.0086949130054563,0,0,65525882888.0,1.071256262017414,216.93658755207434,13.982769810012542,1,-1,0.31642937761909556,0,0,1,0,0,0,0,0.9999998807907104,0.0169317489489913,0.0021046427746114205,0.0001931600272655487,0.180215897038579,0.04681550341183538,0.004447230021469295,0.06803090719040483,0.02636580414173295,0,0,0,0,1,0.85546875,0,219
120,337061.499463904,1789184898.9051206,0.765625,1.734723475976807e-18,2805.6692440509796,32,0,0.08000843226909637,1e-06,9.75094735622406e-07,6972878883.0,5.122274160385132e-09,0.01171875,5103,8192,2057.0546875,3637.41796875,442,442,4096,4096,4096,0.989075563964434,0,0,65525882888.0,1.0527982829371467,226.29087515291758,13.103748801979236,1,-1,0.33692789757345015,0,0,1,0,0,0,0,1.0000001192092896,0.016388220014050603,0.0021190928750911553,0.00019120995420962572,0.14150827703997493,0.051514585858512874,0.007024080026894808,0.08828085707500577,0.026556488597634598,0.001755119999870658,0,0,0,1,0.765625,0,196
121,339804.067320892,1789187755.5633051,0.75,8.673617379884035e-18,2836.3631896972656,32,0,0.08738895505666733,1e-06,1.000240445137024e-06,6973698484.0,-2.3283064365386963e-10,0.0078125,3959,8192,2151.546875,3943.1875,498,498,4096,4096,4096,1.0091583259636536,0,0,65525882888.0,1.0764135640347376,238.6790652628988,13.864473131019622,1,-1,0.3928571428571428,0,0,1,0,0,0,0,0.9999995231628418,0.02229093899950385,0.0018366694289397856,0.00022074999287724495,0.11997128801885992,0.0451775914789323,0.00535460002720356,0.09017353702802211,0.028911806159158004,0.0033196990843862295,0,0,0,1,0.75,0,192
122,342693.019433158,1789190498.0481482,0.78515625,7.806255641895632e-18,2723.4639949798584,32,0,0.07757474482059479,1e-06,1.0136282071471214e-06,6973672750.0,-4.656612873077393e-10,0.00390625,7382,8192,1975.28125,3418.8671875,777,1066,4096,4096,4096,0.9828844239236787,0,0,65525882888.0,1.044979472993873,209.7243206909625,13.678163195960224,1,-1,0.3282995769794685,0,0,1,0,0,0,0,1.000000238418579,0.022084530093707144,0.0021119010762049584,0.00019596901256591082,0.17266444698907435,0.04428508553746724,0.007148460019379854,0.06936320022214204,0.0263255062668577,0.002539078937843442,0,0,0,1,0.78515625,0,201
123,345571.156771163,1789193387.0699785,0.69921875,6.938893903907228e-18,2860.175719976425,32,0,0.07461852580308914,1e-06,1.0016374289989471e-06,6972707602.0,-9.546056389808655e-09,0,3822,7438,2197.01171875,4156.46875,395,395,4096,4096,4096,1.4156136990059167,0,0,65525882888.0,1.483350635971874,249.03227376798168,13.243716477998532,1,-1,0.38382473678936924,0,0,1,0,0,0,0,0.9999998807907104,0.022169769974425435,0.0030739357871425455,0.00021043000742793083,0.12481626810040325,0.04682321628297359,0.007419829955324531,0.08574814780149609,0.030503087334636803,0.0007992900209501386,0,0,0,1,0.69921875,0,179
124,348426.630560345,1789196264.9481564,0.76171875,5.204170427930421e-18,2855.272609949112,32,0,0.0624694786965847,1e-06,9.853392839431763e-07,6971471623.0,-5.122274160385132e-09,0.01171875,4403,8192,1984.09765625,3652.87890625,828,1089,4096,4096,4096,0.9813847560435534,0,0,65525882888.0,1.0422736749751493,224.90464429208077,22.966202090959996,1,-1,0.32043497223082784,0,0,1,0,0,0,0,0.9999995827674866,0.023879499058239162,0.002590948136003135,0.00018858001567423344,0.23033889709040523,0.06235323887767663,0.008486569975502789,0.09941057930700481,0.03788023441393307,0.005709228804334998,0,0,0,1,0.76171875,0,195
125,351262.956878433,1789199120.5260189,0.7109375,1.474514954580286e-17,2835.8078231811523,32,0,0.08905923366546631,1e-06,9.993091225624084e-07,6972164075.0,-6.752088665962219e-09,0,4833,7845,2015.88671875,3956.51953125,464,701,4096,4096,4096,1.04852385900449,0,0,65525882888.0,1.1254282060544938,241.04342909599654,13.235137924086303,0.7142857142857143,-1,0.36246041303900783,0,0,1,0,0,0,0,0.9999999403953552,0.02148197905626148,0.002011334451708535,0.00021822901908308268,0.1400243069510907,0.04278809759534852,0.009136470034718513,0.08761607820633799,0.0310891684202943,0.0014267399674281478,0,0,0,1,0.7109375,0,182
126,354084.443474713,1789201957.0081415,0.73828125,1.3444106938820255e-17,2816.232120037079,32,0,0.07657281309366226,1e-06,1.02166086435318e-06,6972055826.0,1.3969838619232178e-09,0.00390625,4353,8192,2084.30859375,3828.96484375,704,740,4096,4096,4096,0.9913084940053523,0,0,65525882888.0,1.0518497639568523,236.94999419001397,14.172757904976606,1,-1,0.3633391062388536,0,0,1,0,0,0,0,0.9999997615814209,0.015645529958419502,0.002032283351127262,0.00022729102056473494,0.13465643697418272,0.045475871742837626,0.007337579969316721,0.06910534796770662,0.028931716905390203,0.0009228310082107782,0,0,0,1,0.73828125,0,189
127,356917.527984875,1789204778.3153656,0.75390625,2.6020852139652106e-18,2801.6924834251404,32,0,0.08204960823059082,1e-06,9.98377799987793e-07,6971947649.0,-2.3283064365386963e-09,0,3747,8168,2044.8671875,3935.45703125,493,493,4096,4096,4096,0.9896206549601629,0,0,65525882888.0,1.0514853949425742,237.06715259200428,13.978682637098245,1,-1,0.3633391062388537,0,0,1,0,0,0,0,1.000000238418579,0.01681715005543083,0.002062494220353983,0.00017736002337187529,0.11930606898386031,0.04788991075656668,0.00683374993968755,0.07603313901927322,0.028402289835412375,0.0007189499447122216,0,0,0,1,0.75390625,0,193
128,359644.270119231,1789207611.5318177,0.76171875,1.1058862159352145e-17,2813.826786994934,32,0,0.08329049497842789,1e-06,9.890645742416382e-07,6972177151.0,3.4924596548080444e-09,0.00390625,4820,8192,1973.31640625,3560.1171875,458,458,4096,4096,4096,1.000094834016636,0,0,65525882888.0,1.060498784063384,220.07914763502777,13.542245036922395,1,-1,0.36509014821894414,0,0,1,0,0,0,0,1.0000003576278687,0.025235668988898396,0.0026924228636744374,0.00020114996004849672,0.12803130806423724,0.045078638711402164,0.006224339944310486,0.09639815986156464,0.030893923837084003,0.000746179954148829,0,0,0,1,0.76171875,0,195
129,362308.356157754,1789210338.2007632,0.83203125,1.0408340855860843e-17,2707.3395907878876,32,0,0.0684911385178566,1e-06,1.0102521628141403e-06,6971288554.0,-1.0477378964424133e-08,0.015625,7647,8192,1971.87890625,3528.1015625,708,969,4096,4096,4096,0.9842059368966147,0,0,65525882888.0,1.0468601359752938,220.38268686598167,13.429926721029915,1,-1,0.30826208038628694,0,0,1,0,0,0,0,1.000000238418579,0.013199380016885698,0.0018622702950779058,0.00016717007383704185,0.151685327058658,0.04342927496054472,0.005966400029137731,0.0699341498548165,0.026802228217093216,0.004291480057872832,0,0,0,1,0.83203125,0,213
130,365136.81413195,1789213002.441469,0.87109375,5.637851296924623e-18,2643.678520679474,32,0,0.07505296915769577,1e-06,1.0021030902862549e-06,6971005527.0,-8.614733815193176e-09,0.0078125,4617,8192,1835.98046875,3478.828125,505,505,4096,4096,4096,1.0383283291012049,0,0,65525882888.0,1.1065849589649588,219.6854999200441,13.5052452289965,1,-1,0.29987242185261903,0,0,1,0,0,0,0,1,0.03204816905781627,0.001982069791210961,0.00015401002019643784,0.12372270796913654,0.04677699635476529,0.00525092997122556,0.07167857023887336,0.02758449354541881,0.0011981299612671137,0,0,0,1,0.87109375,0,223
131,367926.57809412,1789215830.8649926,0.87109375,8.673617379884035e-19,2807.173844099045,32,0,0.05934871733188629,1e-06,9.955838322639465e-07,6969793033.0,-9.778887033462524e-09,0.0078125,8192,8192,1929.76171875,3626.40234375,668,673,4096,4096,4096,1.0724739410215989,0,0,65525882888.0,1.137138519086875,229.24346435896587,14.634782010107301,1,-1,0.26122747925585343,0,0,1,0,0,0,0,0.9999998807907104,0.018881589989177883,0.0020400425069055927,0.0001640899572521448,0.23241720790974796,0.05518467957926987,0.007599829928949475,0.08108292589895427,0.03112307878154752,0,0,0,0,1,0.87109375,0,223
132,370771.582722734,1789218620.5683372,0.86328125,1.1275702593849246e-17,2769.7116146087646,32,0,0.05798878148198128,1e-06,9.825453162193298e-07,6968816087.0,-1.0710209608078003e-08,0.0078125,8192,8192,1966.90234375,3549.7734375,703,1139,4096,4096,4096,0.9992234809324145,0,0,65525882888.0,1.0622694100020453,220.46390895696823,14.709885008982383,1,-1,0.2845960259019505,0,0,1,0,0,0,0,0.9999997615814209,0.02172555902507156,0.0020246880562808656,0.00016339006833732128,0.17595420696306974,0.0456719613016503,0.007172530051320791,0.09952716866973788,0.030012559277110995,0,0,0,0,1,0.86328125,0,221
133,373404.946377195,1789221465.6185653,0.73046875,3.903127820947816e-18,2825.31516122818,32,0,0.07610251754522324,1e-06,9.98377799987793e-07,6969109244.0,-0.0027901814319193363,0,3982,8060,2063.41796875,3936.5078125,0,0,4096,4096,4096,0.9964436870068312,0,0,65525882888.0,1.0569492760114372,240.26523116102908,13.73747950210236,1,-1,0.37372231315100624,0,0,1,0,0,0,0,1.0000001192092896,0.01575572998262942,0.0016398493889937527,0.0002179399598389864,0.14834980701562017,0.05191695145003905,0.009013950009830296,0.08859676995780319,0.029376702925219433,0,0,0,0,1,0.73046875,0,187
134,376262.026711689,1789224098.9607995,0.91796875,2.168404344971009e-18,2613.4121866226196,32,0,0.05735278129577637,1e-06,9.755603969097137e-07,6967963727.0,-2.3283064365386963e-10,0.00390625,4535,8192,1859.04296875,3442.41796875,569,830,4096,4096,4096,0.9818958539981395,0,0,65525882888.0,1.042039893916808,214.70664804591797,13.708562724059448,0.5714285714285714,-1,0.2731617596567563,0,0,1,0,0,0,0,1.000000238418579,0.017013999982737005,0.0018650653169061115,0.00014864990953356028,0.10191721806768328,0.04131935005034393,0.009371159947477281,0.0907165298704058,0.029741977920821228,0.004707130021415651,0,0,0,1,0.91796875,0,235
135,378974.381469212,1789226955.9570124,0.765625,5.204170427930421e-18,2837.184970855713,32,0,0.07419796288013458,1e-06,9.853392839431763e-07,6968209558.0,7.916241884231567e-09,0,4739,8056,2082.203125,3921.61328125,532,562,4096,4096,4096,1.0310233340132982,0,0,65525882888.0,1.0943233529105783,240.71807128202636,13.95855748001486,1,-1,0.36246041303900783,0,0,1,0,0,0,0,1.0000008344650269,0.022405639057978988,0.002019519690747984,0.0002128100022673607,0.15185619005933404,0.05013887139102735,0.004909739946015179,0.059446730301715434,0.028845738303516555,0.0029294301057234406,0,0,0,1,0.765625,0,196
136,381807.359288379,1789229668.4536705,0.8515625,6.071532165918825e-18,2692.5019562244415,32,0,0.06863870471715927,1e-06,9.98377799987793e-07,6967575943.0,3.026798367500305e-09,0,4516,8143,1964.859375,3582.22265625,658,994,4096,4096,4096,1.0068683659192175,0,0,65525882888.0,1.0666836730670184,221.33561831107363,13.962951806024648,1,-1,0.31339158526400435,0,0,1,0,0,0,0,0.9999998807907104,0.019909340073354542,0.002430499239835626,0.00023618002887815237,0.22034200699999928,0.049124119761472684,0.006890580058097839,0.07943808706477284,0.029026152145434025,0.005429438780993223,0,0,0,1,0.8515625,0,218
137,384623.605121548,1789232501.399926,0.76953125,7.37257477290143e-18,2813.1799862384796,32,0,0.08265391737222672,1e-06,9.71369445323944e-07,6968327195.0,-4.423782229423523e-09,0,4845,7588,2069.828125,4048.6328125,537,862,4096,4096,4096,1.068098333897069,0,0,65525882888.0,1.1299867630004883,243.24749183794484,13.834586047916673,1,-1,0.34162725838766056,0,0,1,0,0,0,0,1.0000001192092896,0.020037670037709177,0.0020413054585333157,0.00019920000340789557,0.13533283793367445,0.04748769955858734,0.0067389600444585085,0.08131121809128672,0.03185020458022336,0.0018837599782273173,0,0,0,1,0.76953125,0,197
138,387449.201871622,1789235317.6235187,0.7734375,2.6020852139652106e-18,2796.665286540985,32,0,0.07791478931903839,1e-06,9.778887033462524e-07,6968647227.0,-2.561137080192566e-09,0.01171875,5204,8192,1951.71875,3517.91796875,665,774,4096,4096,4096,1.0555263219866902,0,0,65525882888.0,1.1162404009373859,219.13318499992602,13.74685176089406,1,-1,0.3292694449033174,0,0,1,0,0,0,0,1.0000004768371582,0.02131154900416732,0.0022857482108520344,0.00019913003779947758,0.1837046380387619,0.04735350312103037,0.007547440007328987,0.07245203899219632,0.02677337668774271,0.0005186899797990918,0,0,0,1,0.7734375,0,198
139,390112.620251049,1789238142.9985504,0.84765625,0,2805.964550256729,32,0,0.07606463134288788,1e-06,9.872019290924072e-07,6968904230.0,3.026798367500305e-09,0,3922,7828,1987.5625,3814.1796875,790,1223,4096,4096,4096,1.0026696630520746,0,0,65525882888.0,1.0671812419313937,233.89163234899752,13.558809219044633,0.8571428571428572,-1,0.32635119433030474,0,0,1,0,0,0,0,1.000000238418579,0.017007449991069734,0.0018047012940769491,0.00019342009909451008,0.13149472698569298,0.045583608922243,0.006483779987320304,0.087257040431723,0.031425301294348174,0.0055111589608713984,0,0,0,1,0.84765625,0,217
140,392952.662542506,1789240806.5999997,0.86328125,5.204170427930421e-18,2643.038185596466,32,0,0.06460009515285492,1e-06,9.94652509689331e-07,6968085537.0,-3.725290298461914e-09,0,4704,8022,1928.65234375,3379.59375,720,981,4096,4096,4096,1.0152050629258156,0,0,65525882888.0,1.1193173709325492,207.899994657957,13.614065720001236,0.8571428571428572,-1,0.3123724229381411,0,0,1,0,0,0,0,0.9999993443489075,0.02013448905199766,0.0019956560272476054,0.00017345999367535114,0.10940676799509674,0.041178876848789514,0.008889170014299452,0.08749777916818857,0.02718115377774666,0.003579379874281585,0,0,0,1,0.86328125,0,221
141,395742.982103268,1789243646.6627676,0.8125,4.336808689942018e-18,2819.429321527481,32,0,0.06567125767469406,1e-06,9.96515154838562e-07,6967972577.0,-4.656612873077393e-10,0.00390625,4734,8192,2022.296875,3837.80859375,687,948,4096,4096,4096,0.9883598739979789,0,0,65525882888.0,1.0491314131068066,234.8386206739815,14.6678640950704,0.8571428571428572,-1,0.3072259023943795,0,0,1,0,0,0,0,1.0000003576278687,0.01780385000165552,0.001987497662412352,0.00015511002857238054,0.2232889470178634,0.04896739181504017,0.007047479040920734,0.08374398900195956,0.028782460137790622,0.003478110069409013,0,0,0,1,0.8125,0,208
142,398578.462797244,1789246436.9748476,0.859375,5.637851296924623e-18,2770.3668200969696,32,0,0.052683331072330475,1e-06,9.890645742416382e-07,6966927437.0,2.561137080192566e-09,0.0234375,5917,8192,1909.02734375,3467.75,464,725,4096,4096,4096,0.9798156738979742,0,0,65525882888.0,1.039027362014167,213.82287634396926,14.527248639031313,0.8571428571428572,-1,0.2766416675862441,0,0,1,0,0,0,0,1,0.02848143898881972,0.002363698758017563,0.0002094600349664688,0.16208501800429076,0.04662440141737534,0.008680130005814135,0.08742529933806509,0.02867348105473866,0.0058711799792945385,0,0,0,1,0.859375,0,220
143,401310.984831261,1789249272.4358084,0.84375,7.806255641895632e-18,2815.6683094501495,32,0,0.06545038521289825,1e-06,9.98377799987793e-07,6966610950.0,-9.546056389808655e-09,0.00390625,4717,8192,1985.7890625,3817.82421875,613,613,4096,4096,4096,1.0224378729471937,0,0,65525882888.0,1.0922761409310624,235.24031865398865,13.83033147198148,0.8571428571428572,-1,0.31339158526400435,0,0,1,0,0,0,0,0.9999995827674866,0.021691179950721562,0.0023197097330012184,0.00017643999308347702,0.19331976701505482,0.04989376403545975,0.007537420024164021,0.0835848581045866,0.028918293156948494,0.0012680500512942672,0,0,0,1,0.84375,0,216
144,404141.651082403,1789252005.117502,0.8828125,8.673617379884035e-18,2712.893343448639,32,0,0.05519624054431915,1e-06,9.5367431640625e-07,6965230354.0,-2.0954757928848267e-09,0.0078125,4701,8192,1919.90234375,3486.0625,693,1041,4096,4096,4096,1.0477096809772775,0,0,65525882888.0,1.1204106298973784,211.34329900704324,13.774830466951244,1,-1,0.262445329583912,0,0,1,0,0,0,0,1.000000238418579,0.017134958994574845,0.0022397513148462167,0.00019008992239832878,0.11578081804327667,0.04070158645299671,0.003182539949193597,0.07481843698769808,0.027851078930780204,0.0028941509081050754,0,0,0,1,0.8828125,0,226
145,406965.864304009,1789254835.5055094,0.8125,2.6020852139652106e-18,2810.482317686081,32,0,0.06946095824241638,1e-06,9.723007678985596e-07,6964725741.0,7.2177499532699585e-09,0.00390625,4932,8192,2071.92578125,3870.15625,780,1041,4096,4096,4096,0.994882534025237,0,0,65525882888.0,1.0557731819571927,235.8597700849641,13.638289844035171,0.5714285714285714,-1,0.3234066120763363,0,0,1,0,0,0,0,1,0.018064410076476634,0.001664755234742188,0.00015929003711789846,0.20130651607178152,0.045947809050630894,0.00880907999817282,0.07917616202030331,0.028719879431264417,0.002941408078186214,0,0,0,1,0.8125,0,208
146,409829.604383637,1789257659.9411557,0.8046875,8.673617379884035e-18,2804.5579266548157,32,0,0.07824171334505081,1e-06,9.741634130477905e-07,6965015403.0,-0.0016741069266572595,0.00390625,5021,8192,2032.078125,3829.95703125,0,0,4096,4096,4096,0.9905892030801624,0,0,65525882888.0,1.0514029819751158,234.07729569799267,14.09920154104475,1,-1,0.3535533905932738,0,0,1,0,0,0,0,0.9999996423721313,0.014029569923877716,0.0017898395140036882,0.00019796006381511688,0.14701730804517865,0.043942462204995536,0.006907260045409203,0.06398460117634386,0.0263447648590045,0,0,0,0,1,0.8046875,0,206
147,412700.067660014,1789260523.7787235,0.84375,6.938893903907228e-18,2843.5236678123474,32,0,0.07445593923330307,1e-06,9.671784937381744e-07,6965815169.0,7.450580596923828e-09,0,4665,8110,2011.88671875,3779.16796875,603,727,4096,4096,4096,0.9721833830699325,0,0,65525882888.0,1.0342778420308605,230.88481085200328,13.910535140894353,0.8571428571428572,-1,0.26486423168198797,0,0,1,0,0,0,0,0.9999999403953552,0.01637883996590972,0.001749726209709479,0.00018295005429536104,0.1706647069659084,0.04973859104893563,0.0059441199991852045,0.09395436814520508,0.02774065070434517,0.0009301599347963929,0,0,0,1,0.84375,0,216
148,415529.284989653,1789263393.9664884,0.83203125,5.204170427930421e-18,2850.5953965187073,32,0,0.07123012095689774,1e-06,9.5367431640625e-07,6965063920.0,2.3283064365386963e-09,0.00390625,4458,8192,2120.8984375,3945.26953125,753,971,4096,4096,4096,0.9877287020208314,0,0,65525882888.0,1.050690081086941,238.13701839896385,14.150484641082585,0.8571428571428572,-1,0.343489001101274,0,0,1,0,0,0,0,1.0000007152557373,0.01804442994762212,0.002122687367773324,0.00018925999756902456,0.1911272860597819,0.04254100480557099,0.005095048923976719,0.07660578773356974,0.026612375723743753,0.0032073501497507095,0,0,0,1,0.83203125,0,213
149,418321.849219462,1789266223.4332302,0.875,-8.673617379884035e-19,2809.4804480075836,32,0,0.0922241359949112,1e-06,9.5367431640625e-07,6967421307.0,-5.587935447692871e-09,0.015625,5085,8192,2023.99609375,3644.515625,681,942,4096,4096,4096,0.9823285529855639,0,0,65525882888.0,1.0458318719174713,224.19682036503218,13.641187806031667,1,-1,0.2923340275668732,0,0,1,0,0,0,0,0.9999998211860657,0.012948399991728365,0.0019313354910082126,0.00019473000429570675,0.1260640569962561,0.04532363707357945,0.0049308399902656674,0.08002288907300681,0.027520289200765546,0.0035219889832660556,0,0,0,1,0.875,0,224
150,421131.225331451,1789269015.5727496,0.84765625,-2.6020852139652106e-18,2772.5577278137207,32,0,0.07121921330690384,1e-06,9.816139936447144e-07,6967223206.0,-2.3283064365386963e-10,0,4262,7338,2105.1171875,3802.54296875,681,942,4096,4096,4096,1.0003759909886867,0,0,65525882888.0,1.0617050200235099,232.5370915189851,13.753415376064368,0.8571428571428572,-1,0.33407655239053047,0,0,1,0,0,0,0,0.9999997019767761,0.01986273005604744,0.0022383867103599187,0.00019530998542904854,0.10397218901198357,0.044390079307049746,0.0031862789765000343,0.08943006885237992,0.033153928788124176,0.0041407200042158365,0,0,0,1,0.84765625,0,217
151,423978.654462745,1789271825.1279614,0.8828125,9.540979117872439e-18,2789.700605392456,32,0,0.06442750245332718,1e-06,9.96515154838562e-07,6966545754.0,-6.752088665962219e-09,0.03125,6370,8192,1985.859375,3569.22265625,609,870,4096,4096,4096,0.9844038030132651,0,0,65525882888.0,1.0458402020158246,222.0961324420059,13.835536445956677,1,-1,0.2696369441168125,0,0,1,0,0,0,0,1,0.016881190007552505,0.0017166021430057299,0.00020511995535343885,0.12969316798262298,0.04451990317011223,0.008184910053387284,0.0828882009955123,0.02647470507554317,0.0022125300019979477,0,0,0,1,0.8828125,0,226
152,426838.008856023,1789274672.6761723,0.83203125,3.469446951953614e-18,2827.38303899765,32,0,0.06770288199186325,1e-06,9.951181709766388e-07,6966056110.0,4.190951585769653e-09,0,4661,7810,2081.76171875,3921.734375,840,1101,4096,4096,4096,1.0220726820407435,0,0,65525882888.0,1.0834988419665024,237.48758368601557,13.841241794056259,0.8571428571428572,-1,0.3164293776190955,0,0,1,0,0,0,0,0.9999998807907104,0.01940056006424129,0.00200190437863057,0.00023959996178746223,0.13586991699412465,0.041164513672356406,0.010167049942538142,0.07226524990983307,0.029028171298250527,0.003808049950748682,0,0,0,1,0.83203125,0,213
153,429616.303712011,1789277531.926168,0.8203125,1.3010426069826053e-17,2839.411080598831,32,0,0.07068455219268799,1e-06,9.760260581970215e-07,6965583349.0,-6.984919309616089e-10,0,4397,8018,2114.453125,3944.23046875,795,1024,4096,4096,4096,1.0359425320057198,0,0,65525882888.0,1.0965104809729382,239.54376904398669,14.124812262016349,0.5714285714285714,-1,0.31542003094028026,0,0,1,0,0,0,0,0.9999996423721313,0.015081760007888079,0.0021841226898686728,0.0001967300195246935,0.13008869800250977,0.04707270942753894,0.006735150003805757,0.0877608701121062,0.027046006484852114,0.0027952799573540688,0,0,0,1,0.8203125,0,210
154,432421.156206199,1789280310.322248,0.70703125,-1.3010426069826053e-18,2758.244128227234,32,0,0.07614364475011826,1e-06,1.0021030902862549e-06,6966280019.0,-0.0011160762514919043,0,3742,6956,2187.43359375,4129.51953125,0,0,4096,4096,4096,0.9995767530053854,0,0,65525882888.0,1.0614329519448802,249.1687686969526,13.817460074904375,1,-1,0.39849845722181065,0,0,1,0,0,0,0,1.0000005960464478,0.018722309032455087,0.00210350204633869,0.0001749799121171236,0.14052585698664188,0.044344148727304855,0.005460149957798421,0.0788928308757022,0.028707133241823612,0,0,0,0,1,0.70703125,0,181
155,435276.485247594,1789283115.0288765,0.82421875,4.336808689942018e-18,2784.679394721985,32,0,0.06189242750406265,1e-06,9.60659235715866e-07,6965263645.0,-1.1641532182693481e-09,0,4849,7488,2206.43359375,3898.60546875,833,1181,4096,4096,4096,0.9946077829226851,0,0,65525882888.0,1.0560025429585949,236.04417267697863,14.009984552045353,1,-1,0.29773807143809045,0,0,1,0,0,0,0,0.9999998211860657,0.017010829993523657,0.0021031963865425496,0.00016031996347010136,0.12880429800134152,0.0480874562081226,0.003313270048238337,0.07587576925288886,0.029778446503769374,0.003199470927938819,0,0,0,1,0.82421875,0,211
156,438096.230949864,1789285970.7131422,0.80859375,5.204170427930421e-18,2835.4413595199585,32,0,0.061646100133657455,1e-06,9.5367431640625e-07,6964146577.0,-2.3283064365386963e-10,0,4798,7424,2250.03515625,4175.84765625,920,1181,4096,4096,4096,1.0149823729880154,0,0,65525882888.0,1.0760637109633535,250.47642514796462,13.995964462985285,1,-1,0.3040961851058286,0,0,1,0,0,0,0,0.9999998211860657,0.019120410084724426,0.002004832035254367,0.00019703095313161612,0.1768363870214671,0.04937658124390509,0.004684999003075063,4.789204878965393,0.04703781177067867,0.0008603800088167191,0,0,0,1,0.80859375,0,207
157,440900.20648667,1789288790.4360166,0.890625,4.336808689942018e-18,2799.5823023319244,32,0,0.07806765288114548,1e-06,9.578652679920197e-07,6963778735.0,1.0011717677116394e-08,0.0078125,5188,8192,2168.70703125,3876.73828125,715,832,4096,4096,4096,0.9920480439905077,0,0,65525882888.0,1.0515914729330689,237.18171544803772,13.903578754048795,0.8571428571428572,-1,0.29450754468697576,0,0,1,0,0,0,0,1.0000004768371582,0.01700703997630626,0.0019485817674649297,0.00021791993640363216,0.15775458700954914,0.048628914927121514,0.007696299930103123,0.06450517801567912,0.02591685171410063,0.0011929200263693929,0,0,0,1,0.890625,0,228
158,443761.980629337,1789291594.307347,0.6875,1.0408340855860843e-17,2783.6639766693115,32,0,0.08326780050992966,1e-06,9.5367431640625e-07,6964261343.0,4.889443516731262e-09,0,4744,6720,2442.52734375,4203.0859375,601,862,4096,4096,4096,0.9792357339756563,0,0,65525882888.0,1.0399106930708513,250.0432816519169,13.804661958944052,1,-1,0.39929785312496247,0,0,1,0,0,0,0,0.9999993443489075,0.01800822000950575,0.002164787484161934,0.00023037008941173553,0.11477893800474703,0.0435459648442702,0.00880708999466151,0.06156279903370887,0.025145542464542814,0.0018644509837031364,0,0,0,1,0.6875,0,176
159,446596.659145019,1789294456.0405095,0.85546875,6.071532165918825e-18,2841.544528722763,32,0,0.09028968960046768,1e-06,9.611248970031738e-07,6965543617.0,-0.0022321452852338552,0.02734375,5295,8192,2132.3828125,3693.359375,0,0,4096,4096,4096,0.9862168940017,0,0,65525882888.0,1.0470469020074233,230.33326001092792,14.051554918056354,1,-1,0.25629821597155933,0,0,1,0,0,0,0,1,0.018308580038137734,0.0014920589369467052,0.0001568399602547288,0.09649592905770987,0.042204768398732995,0.006305649061687291,0.07901120709720999,0.024699825740299275,0,0,0,0,1,0.85546875,0,219
160,449482.35195419,1789297290.527608,0.84765625,5.204170427930421e-18,2814.235673427582,32,0,0.10102761536836624,1e-06,9.648501873016357e-07,6965682923.0,2.7939677238464355e-09,0.0078125,5262,8192,2219.19140625,3967.58203125,0,0,4096,4096,4096,1.0021973529364914,0,0,65525882888.0,1.0658511919900775,240.1400301971007,13.944581105955876,0.8571428571428572,-1,0.29558830995083657,0,0,1,0,0,0,0,1.0000001192092896,0.016192888957448304,0.0017753101883499767,0.0001509899739176035,0.1401813579723239,0.041546597036358435,0.00663775997236371,0.06993760110344738,0.025302738580194273,0,0,0,0,1,0.84765625,0,217
161,452298.247509544,1789300176.2943897,0.80859375,7.806255641895632e-18,2864.4820923805237,32,0,0.06119617819786072,1e-06,9.695068001747131e-07,6964976939.0,9.313225746154785e-10,0,5006,8160,2347.38671875,4122.40625,689,1125,4096,4096,4096,1.0517744729295373,0,0,65525882888.0,1.1165337410056964,248.9926879130071,14.212068108958192,1,-1,0.3184384732165537,0,0,1,0,0,0,0,0.9999999403953552,0.023559229914098978,0.0023382146323456254,0.00023302994668483734,0.1402574870735407,0.04721875165705569,0.008605620008893311,0.07903001760132611,0.0256819926494245,0.004737921059131622,0,0,0,1,0.80859375,0,207
162,455101.441762732,1789302992.2331083,0.8828125,4.7704895589362195e-18,2794.8558468818665,32,0,0.05386504530906677,1e-06,9.667128324508667e-07,6963802882.0,-1.1641532182693481e-09,0,5075,8112,2250.50390625,3959.94140625,779,1040,4096,4096,4096,1.0638595620403066,0,0,65525882888.0,1.1254651410272345,242.91574279102497,15.187741409987211,1,-1,0.2923340275668732,0,0,1,0,0,0,0,1.0000001192092896,0.022136669023893774,0.002223199473519344,0.00018924905452877283,0.12109861802309752,0.04502718089679547,0.005190049996599555,0.0814914790680632,0.025891974978094368,0.0030323899118229747,0,0,0,1,0.8828125,0,226
163,457834.116496197,1789305795.6019979,0.51953125,1.214306433183765e-17,2781.345582485199,32,0,0.08720342069864273,1e-06,9.96515154838562e-07,6965122437.0,-1.1408701539039612e-08,0,4310,6583,2354.82421875,4360.40625,731,1167,4096,4096,4096,1.0326637329999357,0,0,65525882888.0,1.0985917820362374,277.1756742009893,14.61763576301746,1,-1,0.41110230118647634,0,0,1,0,0,0,0,1.0000001192092896,0.03322318894788623,0.0031156919844761433,0.00021249998826533556,0.17273467790801078,0.05242961252133682,0.003881599986925721,0.0780849049333483,0.02655005345832251,0.003219300997443497,0,0,0,1,0.51953125,0,133
164,460692.74720895,1789308528.1706169,0.9453125,5.637851296924623e-18,2710.9592394828796,32,0,0.04371744766831398,1e-06,9.5367431640625e-07,6963611834.0,1.1641532182693481e-09,0.0078125,6164,8192,2033.62890625,3485.65625,797,1177,4096,4096,4096,1.0575934440130368,0,0,65525882888.0,1.1221885329578072,214.18292011204176,15.007675742032006,0.7142857142857143,-1,0.21128856368212914,0,0,1,0,0,0,0,0.9999997615814209,0.01982029899954796,0.002374049243371701,0.00019102997612208128,0.11375861801207066,0.046614615145699645,0.00498101010452956,0.08232961792964488,0.028316252879903914,0.002003760077059269,0,0,0,1,0.9453125,0,242
165,463545.309369719,1789311386.671356,0.87109375,9.540979117872439e-18,2837.3601315021515,32,0,0.06859953701496124,1e-06,9.5367431640625e-07,6963379846.0,-0.00167411332949996,0,4655,7840,2117.71875,3891.43359375,0,0,4096,4096,4096,1.0119336540810764,0,0,65525882888.0,1.075340791954659,239.81973584694788,14.941348814056255,0.7142857142857143,-1,0.3164293776190955,0,0,1,0,0,0,0,1.0000003576278687,0.02150272997096181,0.0023463457273464883,0.00016871001571416855,0.16785693797282875,0.047738210404531856,0.009571770089678466,0.07143574021756649,0.029361735596467042,0,0,0,0,1,0.87109375,0,223
166,466373.585608199,1789314239.1275034,0.71875,8.673617379884035e-18,2831.416687488556,32,0,0.0776950940489769,1e-06,9.5367431640625e-07,6964154714.0,6.752088665962219e-09,0,4319,7360,2154.234375,4152.015625,0,0,4096,4096,4096,1.0079138230066746,0,0,65525882888.0,1.0698061619186774,251.63164219004102,14.77267185098026,1,-0.8571428571428571,0.33881546358946923,0,0,1,0,0,0,0,1.0000004768371582,0.02843187004327774,0.002443775657866354,0.00021185004152357578,0.1343405470252037,0.04867017598826351,0.003122769994661212,0.09782462671864778,0.02694312746552896,0,0,0,0,1,0.71875,0,184
167,469165.077008525,1789317067.7968004,0.83984375,7.806255641895632e-18,2807.2671852111816,32,0,0.06597892940044403,1e-06,9.634532034397125e-07,6963724029.0,-4.6566128730773926e-09,0,4502,7300,2012.87890625,3920.69921875,668,929,4096,4096,4096,1.0260530329542235,0,0,65525882888.0,1.0888782220426947,240.65761468093842,14.730744360014796,1,-1,0.3224191086654962,0,0,1,0,0,0,0,1.0000004768371582,0.018475949997082353,0.001863552458871709,0.00016022007912397385,0.1065868380246684,0.044014169136062264,0.006803209078498185,0.0877949969144538,0.02929123443846038,0.0022928500548005104,0,0,0,1,0.83984375,0,215
168,471908.417840928,1789319859.2199035,0.875,6.071532165918825e-18,2770.264728307724,32,0,0.05781176686286926,1e-06,9.5367431640625e-07,6962518249.0,-6.984919309616089e-09,0.00390625,4693,8192,1941.046875,3685.09765625,722,983,4096,4096,4096,1.0502746920101345,0,0,65525882888.0,1.1155528119998053,228.6446441829903,14.706507044029422,1,-1,0.262445329583912,0,0,1,0,0,0,0,1.0000003576278687,0.016085298964753747,0.0019542861000445555,0.0001808000961318612,0.1336831080261618,0.04517584906216143,0.003264780039899051,0.07655273785348982,0.029343076253098843,0.0021405199076980352,0,0,0,1,0.875,0,224
169,474474.836327329,1789322602.32939,0.89453125,4.336808689942018e-18,2721.766346693039,32,0,0.05408089607954025,1e-06,9.5367431640625e-07,6961305537.0,-3.4924596548080444e-09,0.0078125,4716,8192,1789.1640625,3496.98828125,598,946,4096,4096,4096,1.0321856029331684,0,0,65525882888.0,1.1003565120045096,214.06547225196846,14.646575423073955,0.7142857142857143,-1,0.2754865825096699,0,0,1,0,0,0,0,0.9999998211860657,0.016268328996375203,0.0022541122298207483,0.00021139997988939285,0.12658077804371715,0.04435451015115177,0.004853970021940768,0.08546328800730407,0.029780967588067142,0.006605889997445047,0,0,0,1,0.89453125,0,229
170,477037.098502115,1789325169.0696323,0.9453125,6.071532165918825e-18,2545.254550218582,32,0,0.0634196326136589,1e-06,9.5367431640625e-07,6960873531.0,-6.28642737865448e-09,0,5070,7867,1850.3125,3383.15625,723,723,4096,4096,4096,1.0155856129713356,0,0,65525882888.0,1.0779341120505705,208.87142019195016,15.060231635929085,0.7142857142857143,-1,0.2172415189392221,0,0,1,0,0,0,0,0.9999997019767761,0.016817089985124767,0.001987033922887349,0.0002031000331044197,0.15971027698833495,0.047234004823621945,0.005228930036537349,0.07815475878305733,0.03113025893799204,0.002816429943777621,0,0,0,1,0.9453125,0,242
171,479868.775636352,1789327731.0295818,0.921875,1.3010426069826053e-18,2540.860862970352,32,0,0.058603499084711075,1e-06,9.5367431640625e-07,6960082779.0,-3.259629011154175e-09,0.015625,4828,8192,1690.6875,3164.62890625,697,958,4096,4096,4096,5.860022953944281,0,0,65525882888.0,5.923812682973221,199.0183021799894,14.675825225072913,0.5714285714285714,-1,0.2575393768188564,0,0,1,0,0,0,0,1.0000007152557373,0.019842520006932318,0.002628883185025188,0.00019634002819657326,0.17641829804051667,0.04829947249936595,0.006970229092985392,0.07090119912754744,0.028143263047695655,0.004169630003161728,0,0,0,1,0.921875,0,236
172,482671.97163094,1789330562.7173696,0.83984375,3.469446951953614e-18,2810.677192926407,32,0,0.07048158347606659,1e-06,9.727664291858673e-07,6960479642.0,-4.6566128730773926e-09,0,4010,7668,1911.6640625,3967.4453125,753,1101,4096,4096,4096,1.0350365829654038,0,0,65525882888.0,1.0971345119178295,241.60237787198275,14.687841419014148,1,-1,0.30618621784789724,0,0,1,0,0,0,0,1.0000001192092896,0.019823719980195165,0.0020333672464403207,0.00018901994917541742,0.14363579801283777,0.04894455057365121,0.0036359899677336216,5.045793768833391,0.051171978000184026,0.004073479911312461,0,0,0,1,0.83984375,0,215
173,485033.945694082,1789333365.9360502,0.859375,1.734723475976807e-18,2781.9836871623993,32,0,0.05125267803668976,1e-06,9.5367431640625e-07,6959626390.0,9.313225746154785e-10,0.00390625,5174,8192,1869.8828125,3615.75,707,1107,4096,4096,4096,1.0288913930999115,0,0,65525882888.0,1.0935445209033787,225.8166608629981,14.552809334010817,1,-1,0.24222607082590242,0,0,1,0,0,0,0,0.9999999403953552,0.017119070049375296,0.001971706928088679,0.0002141490112990141,0.21022793697193265,0.05018979566420967,0.0067568590166047215,0.08035659918095917,0.029849642728095205,0.001063089002855122,0,0,0,1,0.859375,0,220
174,487784.371008563,1789335727.918589,0.9296875,4.336808689942018e-18,2340.2409880161285,32,0,0.06630946695804596,1e-06,9.5367431640625e-07,6960290121.0,-6.28642737865448e-09,0,4097,8174,1553.04296875,2957.41015625,499,714,4096,4096,4096,1.0415141030680388,0,0,65525882888.0,1.1067886209348217,190.88860635191668,14.867935287067667,0.4285714285714286,-1,0.26486423168198797,0,0,1,0,0,0,0,1,0.02099564904347062,0.002214574377376266,0.00018623995129019022,0.13362059800419956,0.043698448502254905,0.0032668800558894873,0.06483934889547527,0.028505976906217256,0.0010595700005069375,0,0,0,1,0.9296875,0,238
175,490594.291713032,1789338478.537992,0.89453125,4.7704895589362195e-18,2728.8332328796387,32,0,0.06367415934801102,1e-06,9.5367431640625e-07,6959224032.0,2.3283064365386963e-10,0,5123,7960,1794.0078125,3418.71875,728,1113,4096,4096,4096,1.0501383519731462,0,0,65525882888.0,1.116536671994254,212.42347689694725,15.35972451698035,0.5714285714285714,-1,0.25877458475338283,0,0,1,0,0,0,0,1,0.022390700061805546,0.0026768487859953893,0.0001916999462991953,0.1589890569448471,0.051663267751791864,0.0033956699771806598,0.06661105004604906,0.028628307496546768,0.00484710989985615,0,0,0,1,0.89453125,0,229
176,493063.240778933,1789341288.3418722,0.87890625,2.6020852139652106e-18,2788.0551521778107,32,0,0.06145554035902023,1e-06,9.5367431640625e-07,6959233404.0,-4.656612873077393e-10,0.0078125,5004,8192,1791.1015625,3555.03125,533,794,4096,4096,4096,1.0241432510083541,0,0,65525882888.0,1.0861741889966652,216.35555656498764,14.873896533041261,0.8571428571428572,-1,0.29342279866348187,0,0,1,0,0,0,0,1,0.024915568996220827,0.0023041693621053128,0.00023133005015552044,0.1390799880027771,0.04447229187189805,0.006475450005382299,0.09149673988576978,0.03226689346274725,0.007072768989019096,0,0,0,1,0.87890625,0,225
177,495698.243498288,1789343757.1554418,0.9296875,2.6020852139652106e-18,2447.6934249401093,32,0,0.05198357626795769,1e-06,9.5367431640625e-07,6957842143.0,5.3551048040390015e-09,0.00390625,7037,8192,1619.7890625,2972.92578125,830,1039,4096,4096,4096,1.0223830030299723,0,0,65525882888.0,1.0865501520456746,190.69672969402745,15.173723226995207,1,-1,0.21128856368212914,0,0,1,0,0,0,0,1.0000001192092896,0.014440220082178712,0.0022039029381630826,0.0002085199812427163,0.15196877694688737,0.04912442307841047,0.004333060001954436,0.11376674997154623,0.02942070390054141,0.006004099152050912,0,0,0,1,0.9296875,0,238
178,498212.712589761,1789346392.05963,0.8671875,4.336808689942018e-18,2613.563507795334,32,0,0.05370808392763138,1e-06,9.5367431640625e-07,6957281449.0,-5.820766091346741e-09,0,3897,8047,1756.25,3443.6640625,604,865,4096,4096,4096,1.0493677830090746,0,0,65525882888.0,1.112653510994278,211.75383597705513,14.481876926962286,1,-1,0.24484480715718016,0,0,1,0,0,0,0,1.000000238418579,0.018556440016254783,0.002230583476375614,0.00018689094576984644,0.1305765979923308,0.04864687064991813,0.008018170017749071,0.0706897071795538,0.02967942156146819,0.005521079991012812,0,0,0,1,0.8671875,0,222
179,500964.049863176,1789348906.8584394,0.953125,1.734723475976807e-18,2493.871077775955,24,0,0.034272946417331696,1e-06,9.5367431640625e-07,6955230775.0,-1.1641532182693481e-09,0.00390625,4503,8192,1570.3046875,2996.39453125,617,1067,4096,4096,4096,0.988336043083109,0,0,65525882888.0,1.0493197930045426,191.22737446194515,15.119380805990659,0.8571428571428572,-0.8571428571428571,0.15971914124998499,0,0,1,0,0,0,0,0.9999999403953552,0.017841640044935048,0.0019504092406350537,0.0001398000167682767,0.14179994794540107,0.050328215337231086,0.007694839965552092,0.0860526692122221,0.027810571831651032,0.0032885700929909945,0,0,0,1,0.953125,0,244
180,503714.332522131,1789351657.6918995,0.8828125,1.734723475976807e-18,2729.5566425323486,32,0,0.0834159180521965,1e-06,9.5367431640625e-07,6959587054.0,-3.259629011154175e-09,0,4443,7863,1689.8828125,3516.05859375,681,973,4096,4096,4096,1.107928600977175,0,0,65525882888.0,1.1716306910384446,217.9776716750348,14.269452049979009,1,-1,0.2966651379613598,0,0,1,0,0,0,0,1.0000005960464478,0.025560660054907203,0.002007008708005742,0.00020151003263890743,0.13075646804645658,0.04942360388986344,0.0052119100000709295,0.06741309026256204,0.02932604717079812,0.0011210199445486069,0,0,0,1,0.8828125,0,226
181,506402.670528902,1789354408.0644286,0.87890625,4.336808689942018e-18,2728.843014240265,32,0,0.07543325424194336,1e-06,9.5367431640625e-07,6959286777.0,-7.2177499532699585e-09,0.00390625,4301,8192,1697.7578125,3509.75390625,657,918,4096,4096,4096,1.034239233005792,0,0,65525882888.0,1.0980504710460082,214.52366251603235,15.360745172016323,0.7142857142857143,-1,0.310324057088978,0,0,1,0,0,0,0,0.9999997019767761,0.022271909983828664,0.0018205049332209455,0.000175539986230433,0.1479322579689324,0.047269979733300715,0.004061890067532659,0.07917554886080325,0.03108134338799573,0.0008515500230714679,0,0,0,1,0.87890625,0,225
182,509251.562720562,1789357096.5963814,0.91015625,3.0357660829594124e-18,2667.5553455352783,32,0,0.052600983530282974,1e-06,9.5367431640625e-07,6958872400.0,-1.6298145055770874e-09,0.0078125,6479,8192,1770.31640625,3429.1953125,619,880,4096,4096,4096,1.0263876219978556,0,0,65525882888.0,1.0915047909365967,210.70408734492958,15.015091868001036,0.8571428571428572,-1,0.2187044413199266,0,0,1,0,0,0,0,1,0.01416432997211814,0.0018684753172237833,0.000142551027238369,0.13779076805803925,0.044476707797002746,0.0061464200261980295,0.09258890792261809,0.029911164330314932,0.005553909111768007,0,0,0,1,0.91015625,0,233
183,512097.765513945,1789359945.4579885,0.87109375,8.673617379884035e-18,2828.1917538642883,32,0,0.07022033631801605,1e-06,9.5367431640625e-07,6959408978.0,1.862645149230957e-09,0.00390625,4216,8192,1791.50390625,3799.66796875,641,840,4096,4096,4096,0.992671363055706,0,0,65525882888.0,1.0568467419361696,233.0948379850015,14.533346056006849,1,-1,0.27081698014469824,0,0,1,0,0,0,0,0.9999993443489075,0.01659371005371213,0.0021834381018379645,0.00018564995843917131,0.13152994797565043,0.046255387712335505,0.0032286590430885553,0.07704374694731086,0.03236174536732506,0.004703569924458861,0,0,0,1,0.87109375,0,223
184,514921.858200176,1789362791.8455205,0.87109375,1.734723475976807e-18,2825.6336028575897,32,0,0.06903862953186035,1e-06,9.828945621848106e-07,6959140589.0,-6.05359673500061e-09,0,4988,7364,1789.92578125,3903.2734375,723,1071,4096,4096,4096,0.9910903628915548,0,0,65525882888.0,1.0546085920650512,241.14461828500498,14.425018602982163,1,-1,0.28904310814711864,0,0,1,0,0,0,0,0.9999998807907104,0.01622762903571129,0.001862679311670945,0.00019510998390614986,0.10281989793293178,0.045412824540562724,0.005426820018328726,0.06570624001324177,0.03136366328544682,0.004275470040738583,0,0,0,1,0.87109375,0,223
185,517464.094723936,1789365615.9420104,0.84765625,-8.673617379884035e-19,2802.9923374652863,32,0,0.06643105298280716,1e-06,9.55536961555481e-07,6958839142.0,-5.820766091346741e-09,0,4836,7819,1779.33984375,3690.98046875,618,879,4096,4096,4096,1.0058299240190536,0,0,65525882888.0,1.066916171927005,226.3002336450154,14.304451367002912,0.7142857142857143,-1,0.3103240570889779,0,0,1,0,0,0,0,0.9999996423721313,0.01678822992835194,0.0017693533900455805,0.00020154996309429407,0.13361899694427848,0.04829074801546085,0.005685559939593077,0.07800332794431597,0.030867745457271667,0.004481589887291193,0,0,0,1,0.84765625,0,217
186,520270.505744725,1789368158.0987499,0.88671875,1.734723475976807e-18,2521.2269699573517,24,0,0.061710041016340256,1e-06,9.5367431640625e-07,6958440628.0,-1.6298145055770874e-09,0.00390625,4516,8192,1689.00390625,3197.91796875,620,881,4096,4096,4096,1.003390084952116,0,0,65525882888.0,1.064669952960685,199.67546223092359,14.57946839404758,0.7142857142857143,-1,0.2890431081471187,0,0,1,0,0,0,0,0.9999996423721313,0.023308908916078508,0.0022706328663844033,0.0001833799760788679,0.1464137980947271,0.04682426667113759,0.0031054100254550576,0.07183548901230097,0.029676006100544328,0.004313490004278719,0,0,0,1,0.88671875,0,227
187,522885.215018503,1789370964.425142,0.87109375,4.7704895589362195e-18,2785.315694332123,32,0,0.06791375577449799,1e-06,9.648501873016357e-07,6958294136.0,-2.3283064365386963e-09,0,4359,7926,1719.19140625,3654.85546875,691,981,4096,4096,4096,0.9929598040180281,0,0,65525882888.0,1.05691152298823,225.85952959407587,14.466716781025752,1,-1,0.29558830995083657,0,0,1,0,0,0,0,0.9999995827674866,0.01927926007192582,0.0019563952751013858,0.00019956007599830627,0.14604706806130707,0.04877707968398681,0.012603759998455644,0.06755538983270526,0.03137885698788523,0.006641468848101795,0,0,0,1,0.87109375,0,223
188,525302.82512489,1789373579.147817,0.953125,8.673617379884035e-19,2593.628625869751,24,0,0.04543209820985794,1e-06,9.872019290924072e-07,6956618972.0,-1.6298145055770874e-09,0,3304,7677,1647.49609375,3450.5390625,577,838,4096,4096,4096,0.9982442429754883,0,0,65525882888.0,1.0617517220089212,211.99388880701736,14.711405036970973,0.5714285714285714,-1,0.19884872724392935,0,0,1,0,0,0,0,0.9999995231628418,0.015901959966868162,0.002071541681743838,0.00018356007058173418,0.17462508706375957,0.04818471290900561,0.006832230021245778,0.09277841006405652,0.03020519491201412,0.007243319880217314,0,0,0,1,0.953125,0,244
189,528130.214677372,1789375996.809637,0.94921875,2.168404344971009e-18,2396.563308238983,24,0,0.04222504049539566,1e-06,9.5367431640625e-07,6955055644.0,4.656612873077393e-10,0.00390625,4644,8192,1555.79296875,3080.78515625,464,725,4096,4096,4096,0.9887953440193087,0,0,65525882888.0,1.0534934629686177,195.55277621699497,14.684150665067136,0.7142857142857143,-1,0.18385053823191072,0,0,1,0,0,0,0,1,0.024989570025354624,0.0021424193500934052,0.0001909600105136633,0.13844237697776407,0.04721455093704208,0.007599140051752329,0.07266698777675629,0.027319861726937233,0.003819040139205754,0,0,0,1,0.94921875,0,243
190,530923.399990732,1789378824.408964,0.8203125,1.0408340855860843e-17,2806.3737411499023,32,0,0.07523982971906662,1e-06,9.5367431640625e-07,6956662921.0,-5.3551048040390015e-09,0,3936,7388,1812.578125,3913.26953125,671,932,4096,4096,4096,1.0119432039791718,0,0,65525882888.0,1.0741794729838148,239.691425979021,14.673134858021513,1,-1,0.30929478706587094,0,0,1,0,0,0,0,1,0.028540540020912886,0.0018793862650454685,0.00018660002388060093,0.13323972804937512,0.05009996276794482,0.005193448974750936,0.08104290917981416,0.03133462250843877,0.00230586901307106,0,0,0,1,0.8203125,0,210
191,533519.043933542,1789381617.3536332,0.83203125,1.1709383462843448e-17,2771.635069847107,32,0,0.07018369436264038,1e-06,9.550713002681732e-07,6957089036.0,-2.0954757928848267e-09,0.0078125,4326,8192,1755.21875,3548.0703125,657,918,4096,4096,4096,1.0098763530841097,0,0,65525882888.0,1.0738820019178092,215.8756987520028,14.556385644944385,1,-1,0.29987242185261903,0,0,1,0,0,0,0,1.0000005960464478,0.021278568892739713,0.0023689940871918225,0.0001735099358484149,0.1302304290002212,0.04491078451246722,0.00760608003474772,0.07850675703957677,0.029738969780282787,0.0006800899282097816,0,0,0,1,0.83203125,0,213
192,536179.355586249,1789384213.0533884,0.91796875,1.734723475976807e-18,2574.5828795433044,32,0,0.054828159511089325,1e-06,9.5367431640625e-07,6956032108.0,1.6298145055770874e-09,0,4054,7372,1551.1328125,3280.8515625,459,720,4096,4096,4096,1.0158861130475998,0,0,65525882888.0,1.0793878430267796,204.30968561698683,14.74843504501041,1,-1,0.20671137326411115,0,0,1,0,0,0,0,0.9999997019767761,0.01431214902549982,0.002144100511486613,0.000169189996086061,0.19347685598768294,0.04635101518715601,0.0028175399638712406,0.098083007032983,0.03162160616739129,0.004654069896787405,0,0,0,1,0.91796875,0,235
193,538889.213912854,1789386873.1930118,0.921875,3.903127820947816e-18,2639.0500552654266,24,0,0.060315538197755814,1e-06,9.792856872081757e-07,6955673688.0,-1.3969838619232178e-09,0.01171875,5441,8192,1598.5078125,3190.3046875,648,909,4096,4096,4096,1.07145413197577,0,0,65525882888.0,1.1336770619964227,199.86826396593824,14.735956985969096,0.7142857142857143,-1,0.24484480715718016,0,0,1,0,0,0,0,0.9999997615814209,0.01555935898795724,0.001979311075501755,0.00018237007316201925,0.20728638605214655,0.050074472605956544,0.003166500013321638,0.08140284905675799,0.029051687155970285,0.004695888026617467,0,0,0,1,0.921875,0,236
194,541564.770940536,1789389583.331494,0.890625,1.3010426069826053e-18,2688.3767805099487,32,0,0.0714939683675766,1e-06,9.615905582904816e-07,6956127655.0,-9.313225746154785e-10,0,4507,7332,1650.51171875,3430.625,618,921,4096,4096,4096,1.0143591220257804,0,0,65525882888.0,1.0795768320094794,211.1837700830074,14.714900568011217,0.5714285714285714,-1,0.30929478706587094,0,0,1,0,0,0,0,0.9999997019767761,0.017925010062754154,0.0020772948159901716,0.000175731023773551,0.1848599270451814,0.04677111145701929,0.0067107100039720535,0.07500229903962463,0.03127570970082161,0.0032402698416262865,0,0,0,1,0.890625,0,228
195,544122.117177907,1789392258.8610787,0.93359375,8.673617379884035e-19,2653.782639026642,32,0,0.058807238936424255,1e-06,9.5367431640625e-07,6955724231.0,-4.423782229423523e-09,0.00390625,8192,8192,1682.109375,3397.39453125,606,728,4096,4096,4096,1.0617807219969109,0,0,65525882888.0,1.1222472920781001,210.61237012199126,15.167233815067448,0.4285714285714286,-1,0.25629821597155933,0,0,1,0,0,0,0,0.9999997615814209,0.01933532999828458,0.0022996935940682306,0.00020473997574299574,0.11428041802719235,0.0439446768077687,0.008114260039292276,0.0853917981730774,0.032390201519774564,0,0,0,0,1,0.93359375,0,239
196,546514.386698647,1789394816.236713,0.90234375,3.469446951953614e-18,2535.3509862422943,32,0,0.06186303123831749,1e-06,9.5367431640625e-07,6955163998.0,4.6566128730773926e-09,0,3181,7731,1503.8828125,3238.8671875,600,950,4096,4096,4096,1.0188047530828044,0,0,65525882888.0,1.0831194709753618,202.4745095348917,14.995281807030551,1,-0.8571428571428571,0.22160131510697959,0,0,1,0,0,0,0,1.0000001192092896,0.020375028951093554,0.002345810477891064,0.0001889200648292899,0.13269808806944638,0.04520040003126269,0.003169679897837341,0.07511176890693605,0.030397287103369308,0.0019597099162638187,0,0,0,1,0.90234375,0,231
197,549117.277215721,1789397208.506475,0.93359375,1.734723475976807e-18,2370.537995815277,32,0,0.05845210701227188,1e-06,9.723007678985596e-07,6953982421.0,-1.862645149230957e-09,0,3483,7208,1564.734375,3068.97265625,766,1114,4096,4096,4096,1.0051071629859507,0,0,65525882888.0,1.0675489319255576,194.35964392498136,15.278106731944717,0.7142857142857143,-1,0.2244608051781524,0,0,1,0,0,0,0,0.9999997019767761,0.02666927909012884,0.002867623884412751,0.00018474995158612728,0.19147553597576916,0.05011413396596254,0.006367410067468882,0.07825315988156945,0.03252259979763039,0.005383608862757683,0,0,0,1,0.93359375,0,239
198,551943.396644286,1789399811.3950224,0.92578125,6.071532165918825e-18,2581.027998685837,32,0,0.05838599428534508,1e-06,9.5367431640625e-07,6953706120.0,-1.1641532182693481e-09,0.0078125,4292,8192,1576.16796875,3226.59765625,567,828,4096,4096,4096,6.081177245010622,0,0,65525882888.0,6.143778903991915,201.77297930791974,15.054756304016337,1,-1,0.23007319154866296,0,0,1,0,0,0,0,1.0000001192092896,0.025154910050332546,0.0022382282063517778,0.00017848995048552752,0.21228222700301558,0.0585359829619847,0.006313769961707294,0.0746665500337258,0.030741877637410653,0.005527228815481067,0,0,0,1,0.92578125,0,237
199,554507.125090853,1789402637.3525128,0.8359375,0,2804.7528619766235,32,0,0.08442870527505875,1e-06,9.704381227493286e-07,6955402432.0,-3.725290298461914e-09,0,3806,7514,1682.328125,3809.55859375,677,1026,4096,4096,4096,0.9801443429896608,0,0,65525882888.0,1.0409282419132069,235.25812314799987,15.070581429987215,1,-1,0.3292694449033174,0,0,1,0,0,0,0,0.9999999403953552,0.02020231995265931,0.002028067342052964,0.00019500998314470053,0.130800758022815,0.04714208272935139,0.006462290068157017,0.07950350025203079,0.03260608898335704,0.003859449876472354,0,0,0,1,0.8359375,0,214
200,557313.665827437,1789405201.2803066,0.97265625,4.7704895589362195e-18,2542.011164188385,24,0,0.0358421765267849,1e-06,9.5367431640625e-07,6953166145.0,1.3969838619232178e-09,0,4779,7033,1529.3125,3165.28125,694,973,4096,4096,4096,1.0083886820357293,0,0,65525882888.0,5.953377587953582,198.45246482198127,14.651791561045684,0.4285714285714286,-1,0.16170330603816815,0,0,1,0,0,0,0,1.0000005960464478,0.01652848010417074,0.0021863455531274667,0.00022178003564476967,0.2077170970151201,0.04993086603371921,0.008536589914001524,0.072284075897187,0.030010785148533614,0.006476710084825754,0,0,0,1,0.97265625,0,249
201,560061.117194476,1789408007.6607306,0.84765625,2.6020852139652106e-18,2784.1026804447174,32,0,0.0811043232679367,1e-06,9.5367431640625e-07,6955001564.0,3.026798367500305e-09,0,3903,7735,1738.03125,3736.03515625,616,964,4096,4096,4096,1.001842882949859,0,0,65525882888.0,1.0621719710761681,231.6506712549599,15.027535940986127,1,-1,0.30199168795156717,0,0,1,0,0,0,0,1,0.013215529965236783,0.0018734838699856482,0.00015470001380890608,0.19280886696651578,0.04902544386550289,0.0058973400155082345,0.09320552018471062,0.03479868766862637,0.005130999954417348,0,0,0,1,0.84765625,0,217
202,562575.379204656,1789410755.0468996,0.88671875,2.168404344971009e-18,2725.979166507721,16,0,0.043463561683893204,1e-06,9.5367431640625e-07,6953599129.0,-3.026798367500305e-09,0.00390625,4677,8192,1666.83203125,3516.7265625,558,819,4096,4096,4096,1.0024501630105078,0,0,65525882888.0,1.06559259200003,213.9969159180764,15.544868917088024,1,-1,0.19723858959262966,0,0,1,0,0,0,0,0.9999998211860657,0.017239468987099826,0.0020046626223120256,0.00020231003873050213,0.08818250906188041,0.038202957034627616,0.010334799997508526,0.085074667702429,0.03135555529524936,0.004779389128088951,0,0,0,1,0.88671875,0,227
203,565307.514645834,1789413269.5312247,0.9609375,8.673617379884035e-19,2491.570376634598,32,0,0.044565100222826004,1e-06,9.5367431640625e-07,6952692772.0,-1.862645149230957e-09,0,2867,7337,1544.38671875,3350.984375,508,769,4096,4096,4096,1.0033141940366477,0,0,65525882888.0,1.0662243330152705,208.0197604020359,14.893078921944834,0.4285714285714286,-1,0.1956151991089879,0,0,1,0,0,0,0,1,0.021052639931440353,0.0019396186635276536,0.00016075000166893005,0.14005921699572355,0.04207845374548924,0.0049794899532571435,0.07894319016486406,0.03213034745249388,0.0052130199037492275,0,0,0,1,0.9609375,0,246
204,567956.498243726,1789416001.486333,0.86328125,2.6020852139652106e-18,2709.5896985530853,32,0,0.06117580831050873,1e-06,9.5367431640625e-07,6952945628.0,0,0,4087,7687,1635.76171875,3524.8828125,680,941,4096,4096,4096,1.0142255729297176,0,0,65525882888.0,1.0751036619767547,215.14303827099502,16.062947364989668,0.8571428571428572,-1,0.2754865825096699,0,0,1,0,0,0,0,0.9999997019767761,0.014922108966857195,0.0022126403300717357,0.00021585996728390455,0.18208949803374708,0.052833578417448734,0.007844050065614283,0.08096258994191885,0.031771573087553406,0.004419928998686373,0,0,0,1,0.86328125,0,221
205,570439.238356179,1789418650.569544,0.8984375,4.336808689942018e-18,2627.136082649231,32,0,0.06716881692409515,1e-06,9.5367431640625e-07,6953669361.0,-4.423782229423523e-09,0,4416,7734,1627.32421875,3474.05859375,564,912,4096,4096,4096,0.9891098830848932,0,0,65525882888.0,1.050057722022757,216.33751724998,15.118217878974974,0.7142857142857143,-1,0.23419423301078576,0,0,1,0,0,0,0,1.0000001192092896,0.024735120008699596,0.0022979748468969774,0.00023626000620424747,0.16561711707618088,0.05115828798716393,0.0030829899478703737,0.07218046893831342,0.03100143102756192,0.003610850078985095,0,0,0,1,0.8984375,0,230
206,572951.240629164,1789421133.2570038,0.96875,5.204170427930421e-18,2460.9266431331635,32,0,0.04087641462683678,1e-06,9.5367431640625e-07,6952101108.0,-4.889443516731262e-09,0,3989,7889,1476.7578125,3133.8359375,528,829,4096,4096,4096,0.992943393997848,0,0,65525882888.0,1.0628490819362924,197.41221965500154,15.137159846024588,0.2857142857142857,-1,0.1821078397711709,0,0,1,0,0,0,0,0.9999995827674866,0.019333420088514686,0.0020372443491396552,0.0002037310041487217,0.14413112797774374,0.04530804453952442,0.006475560017861426,0.08872533997055143,0.02961282034357282,0.004809690057300031,0,0,0,1,0.96875,0,248
207,575631.940528053,1789423645.2721026,0.9453125,3.0357660829594124e-18,2490.228326320648,32,0,0.06058720871806145,1e-06,9.5367431640625e-07,6951897981.0,-6.752088665962219e-09,0,3721,6899,1537.05078125,3240.08984375,547,808,4096,4096,4096,6.097603788017295,0,0,65525882888.0,6.157541927997954,203.54244735301472,15.03447169996798,0.7142857142857143,-1,0.1889822365046136,0,0,1,0,0,0,0,1,0.033721250016242266,0.0020766190164067666,0.00019450008403509855,0.14749122806824744,0.04638049270897682,0.007850500056520104,0.07247775793075562,0.03215394971812202,0.004819829948246479,0,0,0,1,0.9453125,0,242
208,578140.208861468,1789426326.0124314,0.90234375,1.3010426069826053e-18,2658.038906812668,32,0,0.05082063376903534,1e-06,9.546056389808655e-07,6951342259.0,-3.958120942115784e-09,0,3593,7309,1618.33984375,3591.65625,642,1078,4096,4096,4096,1.0118566390592605,0,0,65525882888.0,1.0781588079407811,219.01937583298422,15.097719653975219,1,-1,0.22446080517815242,0,0,1,0,0,0,0,1.000000238418579,0.017097390023991466,0.002375227394622925,0.00017486000433564186,0.14253866695798934,0.04826572059255341,0.006550419959239662,0.09116520907264203,0.03310191454966116,0.006839930894784629,0,0,0,1,0.90234375,0,231
209,580853.493847753,1789428834.3870988,0.92578125,3.469446951953614e-18,2486.070166826248,24,0,0.0574459582567215,1e-06,9.5367431640625e-07,6950953932.0,-6.51925802230835e-09,0.00390625,3731,8192,1537.30859375,3162.0390625,585,846,4096,4096,4096,6.113203426008113,0,0,65525882888.0,6.176241623936221,200.04765121708624,15.97376613796223,0.8571428571428572,-1,0.22160131510697959,0,0,1,0,0,0,0,0.9999997019767761,0.031187869026325643,0.0023251245020219358,0.00020584999583661556,0.15124727692455053,0.045159755173244776,0.007088160025887191,0.11031012691091746,0.030970324232384883,0.0039856210350990295,0,0,0,1,0.92578125,0,237
210,583246.435524166,1789431547.434767,0.8515625,9.107298248878237e-18,2690.8674919605255,32,0,0.08288456499576569,1e-06,9.5367431640625e-07,6954049993.0,-3.026798367500305e-09,0.00390625,4249,8192,1669.703125,3567.1171875,592,757,4096,4096,4096,1.0338650319026783,0,0,65525882888.0,1.09588699194137,218.40876897796988,15.233229381032288,0.8571428571428572,-1,0.3234066120763363,0,0,1,0,0,0,0,0.9999999403953552,0.018876219051890075,0.002154851127670554,0.00019249995239078999,0.11669148900546134,0.041129761706088175,0.003027640050277114,0.07041719905100763,0.030534859729414165,0.0022027100203558803,0,0,0,1,0.8515625,0,218
211,586030.02527303,1789433940.3313456,0.953125,6.938893903907228e-18,2371.121964454651,24,0,0.046070538461208344,1e-06,9.5367431640625e-07,6952216566.0,-1.6298145055770874e-09,0,3555,7780,1426.22265625,3132.3984375,641,941,4096,4096,4096,0.9988370930077508,0,0,65525882888.0,1.0599513910710812,197.30914434604347,15.488447312964126,0.8571428571428572,-1,0.1821078397711709,0,0,1,0,0,0,0,1.0000003576278687,0.019437959999777377,0.0022115359379313304,0.0001868699910119176,0.12529029801953584,0.04678333359424869,0.008210729924030602,0.10549088765401393,0.03159662946336539,0.005322518874891102,0,0,0,1,0.953125,0,244
212,588429.834898689,1789436724.0827856,0.91015625,3.469446951953614e-18,2762.0244076251984,32,0,0.04686418175697327,1e-06,9.546056389808655e-07,6950969278.0,-3.026798367500305e-09,0.01171875,5917,8192,1579.59765625,3369.25,447,708,4096,4096,4096,0.9985495619475842,0,0,65525882888.0,1.0592401509638876,208.83283824892715,15.098725685034879,1,-1,0.20671137326411115,0,0,1,0,0,0,0,1,0.01312552997842431,0.002120741557519068,0.00021474994719028473,0.1762117570033297,0.04404291594164533,0.0046797099057585,0.07894275605212897,0.02866075477004415,0.004401999060064554,0,0,0,1,0.91015625,0,233
213,590986.254994562,1789439123.9447832,0.875,6.071532165918825e-18,2377.878802537918,24,0,0.056571073830127716,1e-06,9.5367431640625e-07,6951136287.0,-3.026798367500305e-09,0,3045,7349,1489.875,3138.1640625,633,894,4096,4096,4096,0.9995562731055543,0,0,65525882888.0,1.0628881320590153,196.31711791001726,15.047557602985762,1,-0.8571428571428571,0.23419423301078574,0,0,1,0,0,0,0,1.0000005960464478,0.019149638945236802,0.0020550202962112962,0.0002244400093331933,0.15225718694273382,0.0456303714599926,0.008598080021329224,0.07270876888651401,0.031239526394529094,0.0045811900636181235,0,0,0,1,0.875,0,224
214,593659.987510174,1789441680.4133344,0.9140625,6.938893903907228e-18,2534.2939069271088,24,0,0.05742732062935829,1e-06,9.5367431640625e-07,6951580769.0,2.3283064365386963e-10,0.00390625,4565,8192,1551.1015625,3328.984375,644,939,4096,4096,4096,1.013046293053776,0,0,65525882888.0,1.0735157110029832,206.23035029799212,15.059204272925854,1,-1,0.23419423301078574,0,0,1,0,0,0,0,0.9999998807907104,0.016081289038993418,0.0016422045600847923,0.0001819799654185772,0.16170932701788843,0.05000024182118068,0.007091589970514178,0.099286277894862,0.03225288612884469,0.0008367398986592889,0,0,0,1,0.9140625,0,234
215,596475.616255791,1789444354.1591268,0.94140625,8.673617379884035e-18,2651.5555000305176,32,0,0.059781916439533234,1e-06,9.5367431640625e-07,6950785799.0,-2.7939677238464355e-09,0,3572,8122,1609.0703125,3490.85546875,646,907,4096,4096,4096,1.024459202075377,0,0,65525882888.0,1.0868078819476068,213.70186389505398,15.221286948071793,0.5714285714285714,-1,0.23282865732866603,0,0,1,0,0,0,0,0.9999997615814209,0.019039509003050625,0.001871757015123876,0.00016935006715357304,0.12976456701289862,0.043002675864499906,0.005352779990062118,0.08600651891902089,0.032396859466643946,0.003619129885919392,0,0,0,1,0.94140625,0,241
216,598543.878513659,1789447169.4852114,0.90234375,3.0357660829594124e-18,2793.4530243873596,32,0,0.11349936574697495,1e-06,9.5367431640625e-07,6954093232.0,-7.2177499532699585e-09,0.0078125,4583,8192,1658.41796875,3565.75,677,938,4096,4096,4096,1.0168366729049012,0,0,65525882888.0,1.0806631409795955,217.41071316506714,15.260627951938659,0.7142857142857143,-1,0.27779194975185795,0,0,1,0,0,0,0,0.9999998211860657,0.01587762008421123,0.0021396980419012834,0.00016240007244050503,0.1121874590171501,0.04013725044660532,0.0050080399960279465,0.08432118874043226,0.032274331721055205,0.006534301093779504,0,0,0,1,0.90234375,0,231
217,601134.241400159,1789449237.8115304,0.9921875,2.6020852139652106e-18,2046.2644760608673,16,0,0.029914366081357002,1e-06,9.5367431640625e-07,6952091552.0,-4.656612873077393e-10,0,4461,8088,1432.15234375,2564.578125,615,876,4096,4096,4096,1.0063526430167258,0,0,65525882888.0,1.0668477120343596,170.06820860004518,15.236077488982119,0.1428571428571429,-1,0.09449111825230681,0,0,1,0,0,0,0,1.0000003576278687,0.016275039059109986,0.002434205023746472,0.00019684003200381994,0.12876043701544404,0.04143086333715473,0.006998700089752674,0.05712107918225229,0.027449625739336625,0.005546311032958329,0,0,0,1,0.9921875,0,254
218,603595.101357095,1789451827.8865697,0.9453125,3.469446951953614e-18,2568.384409427643,24,0,0.06502269208431244,1e-06,9.5367431640625e-07,6951887106.0,-2.7939677238464355e-09,0,3150,7430,1579.3671875,3488.61328125,546,807,4096,4096,4096,1.0259428230347112,0,0,65525882888.0,1.0859098921064287,214.04464343597647,15.337681159027852,0.5714285714285714,-1,0.22015764296317772,0,0,1,0,0,0,0,0.9999997615814209,0.016623000032268465,0.001992414767300943,0.00022301997523754835,0.14301114797126502,0.043640995029363694,0.005107689998112619,0.09388784796465188,0.030953818818943546,0.0021958500146865845,0,0,0,1,0.9453125,0,242
219,606378.880639388,1789454289.2183104,0.96875,5.204170427930421e-18,2439.4642176628113,32,0,0.04166237637400627,1e-06,9.5367431640625e-07,6950080922.0,-1.1641532182693481e-09,0,4289,7539,1461.44140625,3181.55859375,494,755,4096,4096,4096,0.9937367920065299,0,0,65525882888.0,1.0550823619123548,198.72407450794708,15.205974154989235,0.4285714285714286,-1,0.1749635530559413,0,0,1,0,0,0,0,0.9999997615814209,0.014866860001347959,0.0019981043164989387,0.00017180992290377617,0.1619091370375827,0.044795234168759634,0.004988359985873103,0.09462435892783105,0.03172344406220873,0.004781070980243385,0,0,0,1,0.96875,0,248
220,609190.350550527,1789457072.9282348,0.88671875,5.204170427930421e-18,2761.783727169037,32,0,0.07924147695302963,1e-06,9.5367431640625e-07,6951548263.0,-8.847564458847046e-09,0,3347,7060,1690.12890625,3847.203125,640,751,4096,4096,4096,1.0011032220209017,0,0,65525882888.0,1.0665762309217826,239.02199147595093,14.993076654034667,0.7142857142857143,-1,0.2977380714380905,0,0,1,0,0,0,0,1.000000238418579,0.016292909043841064,0.001951094761807326,0.0001949199941009283,0.09631826798431575,0.043724233571992954,0.006314749945886433,0.09096502896863967,0.031995151432056446,0.0031579899368807673,0,0,0,1,0.88671875,0,227
221,611615.369260498,1789459884.3921487,0.87890625,8.673617379884035e-18,2789.0693402290344,32,0,0.07200594991445541,1e-06,9.5367431640625e-07,6951967453.0,-4.423782229423523e-09,0,3842,7960,1735.4921875,3646.85546875,667,937,4096,4096,4096,0.9953665731009096,0,0,65525882888.0,1.0562234418466687,221.74996468995232,15.132442303933203,0.7142857142857143,-1,0.2890431081471187,0,0,1,0,0,0,0,1.0000001192092896,0.018473249045200646,0.0019006743887075572,0.00016950001008808613,0.12285715690813959,0.052542591396559146,0.004160168929956853,0.08218641905114055,0.03196675424987916,0.0074830298544839025,0,0,0,1,0.87890625,0,225
222,614033.384591342,1789462309.4625854,0.9375,6.071532165918825e-18,2403.014370918274,24,0,0.04961709305644035,1e-06,9.5367431640625e-07,6950395637.0,-1.862645149230957e-09,0,4238,7152,1634.65625,3304.52734375,675,936,4096,4096,4096,0.9922802720684558,0,0,65525882888.0,1.056202471954748,205.62690013903193,15.61997019406408,0.7142857142857143,-1,0.2172415189392221,0,0,1,0,0,0,0,1.0000004768371582,0.020585079910233617,0.0019283215660834685,0.00018370896577835083,0.11771774780936539,0.048756257255263336,0.007473440142348409,0.08064089668914676,0.02884846204506175,0.005078338785097003,0,0,0,1,0.9375,0,240
223,616474.90853271,1789464727.12644,0.94140625,3.469446951953614e-18,2395.857341527939,16,0,0.042939357459545135,1e-06,9.5367431640625e-07,6948966692.0,2.7939677238464355e-09,0,3438,7831,1455.21875,2973.8046875,607,868,4096,4096,4096,1.0052431621588767,0,0,65525882888.0,1.0695128720253706,190.09740914194845,15.023201450938359,1,-1,0.1803483024707514,0,0,1,0,0,0,0,1.0000004768371582,0.02683377987705171,0.0021619714698317694,0.00016517005860805511,0.1132316270377487,0.0404653469877303,0.009490939788520336,0.06468489696271718,0.02796945913360105,0.005299469921737909,0,0,0,1,0.94140625,0,241
224,619267.202471852,1789467169.083058,0.98046875,3.903127820947816e-18,2419.576404094696,16,0,0.037562016397714615,1e-06,9.5367431640625e-07,6947469258.0,-1.3969838619232178e-09,0,3999,7068,1566.59765625,3234.36328125,660,921,4096,4096,4096,1.0057640229351819,0,0,65525882888.0,1.0691097318194807,204.88999198284,15.371911927126348,0.2857142857142857,-1,0.1450721143684993,0,0,1,0,0,0,0,1.0000003576278687,0.016608409816399217,0.0020164997622487135,0.00015912996605038643,0.12259632791392505,0.044377433294357616,0.008452489972114563,0.08398629887960851,0.030320175582346565,0.003911850042641163,0,0,0,1,0.98046875,0,251
225,621859.020927807,1789469961.1126792,0.90234375,5.204170427930421e-18,2770.044546842575,32,0,0.07341621071100235,1e-06,9.629875421524048e-07,6949218644.0,-4.423782229423523e-09,0,2998,7003,1674.4375,3895.8984375,538,799,4096,4096,4096,1.1034333808347583,0,0,65525882888.0,1.17021236079745,239.96084300195798,15.34271265915595,0.5714285714285714,-1,0.2512722728476837,0,0,1,0,0,0,0,1.0000004768371582,0.014376339968293905,0.0020270457107471884,0.00018283980898559093,0.1908866160083562,0.0491280690766871,0.006376629928126931,0.09431730769574642,0.03347093821957969,0.006427109939977527,0,0,0,1,0.90234375,0,231
226,624571.632117177,1789472552.9800773,0.90625,2.6020852139652106e-18,2569.687860250473,32,0,0.0597703717648983,1e-06,9.5367431640625e-07,6949556686.0,2.0954757928848267e-09,0,3507,7860,1550.4921875,3236.94921875,575,638,4096,4096,4096,0.9950404420960695,0,0,65525882888.0,1.0572450899053365,202.05315277399495,15.1923964319285,1,-1,0.22015764296317772,0,0,1,0,0,0,0,0.9999995827674866,0.01830638013780117,0.002187274278185214,0.0002226000651717186,0.14318909705616534,0.04579740865028725,0.0065819998271763325,0.08088801871053874,0.03056055611705233,0.0008683998603373766,0,0,0,1,0.90625,0,232
227,627366.530232964,1789475265.751661,0.90625,5.637851296924623e-18,2690.718830347061,24,0,0.05113356560468674,1e-06,9.5367431640625e-07,6948803858.0,0,0.00390625,4340,8192,1568.578125,3414.9765625,465,726,4096,4096,4096,0.9991598918568343,0,0,65525882888.0,1.0596646110061556,212.21047968091443,15.336993717821315,1,-1,0.21128856368212914,0,0,1,0,0,0,0,0.9999998807907104,0.015922319144010544,0.0021986774499964667,0.0002180100418627262,0.11425451817922294,0.046024493759432517,0.0037170201539993286,0.07237802911549807,0.028799115610127046,0.001839859178289771,0,0,0,1,0.90625,0,232
228,629894.97985462,1789478060.497451,0.89453125,6.938893903907228e-18,2772.059332370758,24,0,0.051404714584350586,1e-06,9.5367431640625e-07,6948953905.0,-1.862645149230957e-09,0,3479,7358,1665.72265625,3760.47265625,656,1004,4096,4096,4096,0.986205531982705,0,0,65525882888.0,1.0486254210118204,233.65446916106157,15.10084861307405,1,-1,0.20360275448198892,0,0,1,0,0,0,0,1,0.023972998838871717,0.001962348658707924,0.00018503982573747635,0.1155514579731971,0.043833652900502784,0.009706840151920915,0.09006643923930824,0.03326738767373172,0.006375218974426389,0,0,0,1,0.89453125,0,229
229,632716.961998169,1789480589.025516,0.97265625,3.0357660829594124e-18,2505.766279697418,24,0,0.04043063521385193,1e-06,9.5367431640625e-07,6947404251.0,-2.0954757928848267e-09,0,3152,7232,1629.54296875,3386.890625,558,993,4096,4096,4096,1.0061548720113933,0,0,65525882888.0,1.0672865808010101,209.28312085592188,15.8655786649324,0.7142857142857143,-1,0.13599594831899836,0,0,1,0,0,0,0,0.9999997615814209,0.025270859012380242,0.002048326940894185,0.00017690006643533707,0.14395746705122292,0.049815221569588175,0.005346599966287613,0.08090443653054535,0.0313335055616335,0.005432379664853215,0,0,0,1,0.97265625,0,249
230,635488.289162952,1789483410.9563098,0.81640625,8.673617379884035e-19,2799.379867076874,32,0,0.07705764472484589,1e-06,9.5367431640625e-07,6948682244.0,-1.6298145055770874e-09,0,3997,7297,1650.453125,3751.03125,507,768,4096,4096,4096,0.9975818030070513,0,0,65525882888.0,1.0586712721269578,231.86913640494458,15.755073496839032,1,-1,0.3144074439581966,0,0,1,0,0,0,0,1.000000238418579,0.01875954889692366,0.0020330183670012048,0.00015941006131470203,0.13402078696526587,0.042418898773576075,0.003334939945489168,0.07157417782582343,0.03110988738535525,0.0025174999609589577,0,0,0,1,0.81640625,0,209
231,638165.678413646,1789486182.3103676,0.89453125,4.7704895589362195e-18,2748.7925972938538,32,0,0.05993225798010826,1e-06,9.611248970031738e-07,6948701527.0,-0.0005580345168709755,0,5073,7766,1686.30078125,3580.01171875,0,0,4096,4096,4096,0.9949314829427749,0,0,65525882888.0,1.0563501520082355,219.177363517927,15.326145073864609,1,-1,0.25877458475338283,0,0,1,0,0,0,0,1.0000004768371582,0.017753619933500886,0.0019517976897986955,0.0002016499638557434,0.18378698686137795,0.041954477607760055,0.0036868001334369183,0.0776568956207484,0.032111960693328,0,0,0,0,1,0.89453125,0,229
232,640962.704140367,1789488859.6749508,0.921875,5.204170427930421e-18,2655.02561712265,32,0,0.06513403356075287,1e-06,9.834766387939453e-07,6949168785.0,4.6566128730773926e-09,0,3538,7599,1734.31640625,3582.08984375,569,830,4096,4096,4096,0.9920247120317072,0,0,65525882888.0,1.0542004620656371,217.3951892699115,15.704636290902272,0.5714285714285714,-1,0.2624453295839119,0,0,1,0,0,0,0,0.9999997615814209,0.014859779039397836,0.0018218176937807584,0.0001815201248973608,0.13159425812773407,0.04575570310771582,0.008523808792233467,0.07493731705471873,0.031988483598979656,0.004988490138202906,0,0,0,1,0.921875,0,236
233,643567.752403763,1789491656.8570309,0.8359375,5.204170427930421e-18,2774.4745371341705,32,0,0.06483959406614304,1e-06,1.000240445137024e-06,6949275772.0,-3.958120942115784e-09,0,3503,7271,1769.69140625,3819.63671875,667,928,4096,4096,4096,1.006369583075866,0,0,65525882888.0,1.0673337809275836,235.58281798101962,15.326600627973676,0.8571428571428572,-1,0.2766416675862441,0,0,1,0,0,0,0,0.9999998807907104,0.016445370158180594,0.001954379229573533,0.0001813999842852354,0.1443402268923819,0.04563679157581646,0.004980229074135423,0.0834191688336432,0.03413759040813602,0.005428279982879758,0,0,0,1,0.8359375,0,214
