{"jax/core/compile/backend_compile_duration":1.7750643787656374e+09,"_wandb":{"runtime":2},"_runtime":2.520350991,"_step":0,"jax/core/compile/jaxpr_trace_duration":1.7750643787605574e+09,"_timestamp":1.775064378765757e+09,"jax/core/compile/jaxpr_to_mlir_module_duration":1.7750643787615888e+09}