_step,_runtime,_timestamp,rewards/train/solve_ratio,rewards/train/advantage/mean,perf/train/global_step_time,actor/train/advantage/abs_mean,actor/train/advantage/max,actor/train/advantage/min,actor/train/advantage/nonzero_frac,actor/train/entropy,actor/train/grad_norm,actor/train/is_ratio/max,actor/train/is_ratio/mean,actor/train/is_ratio/min,actor/train/kl,actor/train/kl_loss,actor/train/log_ratio/abs_mean,actor/train/loss,actor/train/perplexity,actor/train/pg_clipfrac,actor/train/pg_loss/clipped_mean,actor/train/pg_loss/unclipped_mean,actor/train/ppo_kl,actor/train/reduced_pg_loss,actor/train/sampler_is/weight_mean,actor/train/sampler_is/weight_min,actor/train/unreduced_pg_loss,actor/train/zero_tim/alignment_warning,actor/train/zero_tim/alignment_warning_count,actor/train/zero_tim/clip_hits,actor/train/zero_tim/first_order_kl,actor/train/zero_tim/gradient_nonzero,actor/train/zero_tim/hard_gate_pass,actor/train/zero_tim/n_action,actor/train/zero_tim/r_exact,actor/train/zero_tim/r_max,actor/train/zero_tim/r_min,actor/train/zero_tim/s_decode_vs_s_prefill_byte_fraction,actor/train/zero_tim/s_decode_vs_s_prefill_bytes,actor/train/zero_tim/s_decode_vs_s_prefill_element_fraction,actor/train/zero_tim/s_decode_vs_s_prefill_elements,actor/train/zero_tim/s_decode_vs_s_prefill_max_abs,actor/train/zero_tim/s_prefill_vs_t_old_byte_fraction,actor/train/zero_tim/s_prefill_vs_t_old_bytes,actor/train/zero_tim/s_prefill_vs_t_old_element_fraction,actor/train/zero_tim/s_prefill_vs_t_old_elements,actor/train/zero_tim/s_prefill_vs_t_old_max_abs,actor/train/zero_tim/second_order_kl,actor/train/zero_tim/t_old_vs_t_current_byte_fraction,actor/train/zero_tim/t_old_vs_t_current_bytes,actor/train/zero_tim/t_old_vs_t_current_element_fraction,actor/train/zero_tim/t_old_vs_t_current_elements,actor/train/zero_tim/t_old_vs_t_current_max_abs,actor/train/zero_tim/tis_hits,actor/train/zero_tim/w_exact,actor/train/zero_tim/w_max,actor/train/zero_tim/w_min,actor/train/zero_tim/wr_exact,actor/train/zero_tim/wr_max,actor/train/zero_tim/wr_min,frozenlake_eval/eval/n,frozenlake_eval/eval/policy_step,frozenlake_eval/eval/reward,frozenlake_eval/eval/solve,frozenlake_eval/eval/wall_seconds,generation/eval/completions/clip_ratio,generation/eval/completions/max_length,generation/eval/completions/max_raw_length,generation/eval/completions/mean_length,generation/eval/completions/mean_raw_length,generation/eval/completions/min_length,generation/eval/completions/min_raw_length,generation/eval/prompts/max_length,generation/eval/prompts/mean_length,generation/eval/prompts/min_length,generation/train/completions/clip_ratio,generation/train/completions/max_length,generation/train/completions/max_raw_length,generation/train/completions/mean_length,generation/train/completions/mean_raw_length,generation/train/completions/min_length,generation/train/completions/min_raw_length,generation/train/prompts/max_length,generation/train/prompts/mean_length,generation/train/prompts/min_length,perf/train/rescore_b_seconds,perf/train/weight_sync_seconds,rewards/eval/advantage/max,rewards/eval/advantage/mean,rewards/eval/advantage/min,rewards/eval/advantage/std,rewards/eval/solve_all,rewards/eval/solve_none,rewards/eval/solve_partial,rewards/eval/solve_ratio,rewards/train/advantage/max,rewards/train/advantage/min,rewards/train/advantage/std,rewards/train/solve_all,rewards/train/solve_none,rewards/train/solve_partial,sampler_trainer/eval/logp_diff_max,sampler_trainer/eval/logp_diff_mean,sampler_trainer/eval/prob_diff_max,sampler_trainer/eval/prob_diff_mean,sampler_trainer/eval/probs_pearson_corr,sampler_trainer/train/logp_diff_max,sampler_trainer/train/logp_diff_mean,sampler_trainer/train/prob_diff_max,sampler_trainer/train/prob_diff_mean,sampler_trainer/train/probs_pearson_corr,trajectory/eval/env_time/close_latency/max,trajectory/eval/env_time/close_latency/mean,trajectory/eval/env_time/close_latency/min,trajectory/eval/env_time/reset_latency/max,trajectory/eval/env_time/reset_latency/mean,trajectory/eval/env_time/reset_latency/min,trajectory/eval/env_time/step_latency/max,trajectory/eval/env_time/step_latency/mean,trajectory/eval/env_time/step_latency/min,trajectory/eval/reward_time/reward_latency/max,trajectory/eval/reward_time/reward_latency/mean,trajectory/eval/reward_time/reward_latency/min,trajectory/train/env_time/close_latency/max,trajectory/train/env_time/close_latency/mean,trajectory/train/env_time/close_latency/min,trajectory/train/env_time/reset_latency/max,trajectory/train/env_time/reset_latency/mean,trajectory/train/env_time/reset_latency/min,trajectory/train/env_time/step_latency/max,trajectory/train/env_time/step_latency/mean,trajectory/train/env_time/step_latency/min,trajectory/train/reward_time/reward_latency/max,trajectory/train/reward_time/reward_latency/mean,trajectory/train/reward_time/reward_latency/min,trajectory_rewards/eval/max,trajectory_rewards/eval/mean,trajectory_rewards/eval/min,trajectory_rewards/eval/sum,trajectory_rewards/train/max,trajectory_rewards/train/mean,trajectory_rewards/train/min,trajectory_rewards/train/sum
0,1564.366626083,1788894104.6668274,0.1640625,1.0408340855860843e-17,1081.1293046474457,,,,,,,,,,,,,,,,,,,,,,,,,,,,,,,,,,,,,,,,,,,,,,,,,,,,,,,,800,0,0.25874999165534973,0.25875,524.4609700010042,0,2335,6216,467.7300109863281,1598.37,49,49,4096,4096,4096,0,2218,5755,478.54296875,1679.88671875,59,59,4096,4096,4096,3.5537704513264163,,1,9.436895709313831e-18,-1,0.2836627763293998,0.01,0.38,0.61,0.25875,1,-0.8571428571428571,0.31134992453861954,0,0,1,2.4282474517822266,0.01052756973542273,0.7870173454284668,0.004662951873615384,0.9928535121679306,2.048452854156494,0.009089772589504719,0.7805415391921997,0.003952956758439541,0.9937229156494141,16.910663824004587,1.4063737210625549,0.00018493999959900975,29.582028778037056,1.8443939628360386,0.0005983200389891863,26.584306598990224,2.2132961707907817,0.000647470005787909,0,0,0,0.007686580007430166,0.001568779846365942,0.00018082000315189362,0.39884666400030255,0.10501818947182073,0.005460549960844219,0.03868459031218663,0.01249097225991136,0.0007633399800397456,0,0,0,1,0.25875,0,2.07,1,0.1640625,0,42
1,1764.786540411,1788894321.8916345,0.18359375,8.673617379884035e-18,206.92491745948792,0.17873118817806244,1,-0.8571428656578064,0.40625,0.12733617424964905,0.02444034069776535,1.0196113586425781,0.8271861672401428,0.5322079658508301,0,0,0.19647836685180664,0.013861963525414467,1.0139585733413696,0.23741599917411804,-0.036764953285455704,-0.031167499721050262,0.20262566208839417,0.013861963525414467,1,1,0.013861962943337858,1,7.15625,257.5,0.20393749818582702,0.03125,0,3828.34375,0,20.908821150170315,0.012731949475677832,0.2738990965291187,3883.59375,0.4024702904955194,1434.03125,0.7588341273367405,0.38178349481735374,5513.78125,0.48222655270020187,1728.4375,0.8270803680643439,1.063713486717965,0.2463132892152164,3570.6875,0.41413276388774745,1491.71875,27.96270179748535,0.15625,0,2.030142954194501,0.44662960685095177,0,17.58712923270911,0.016163814650214388,,,,,,,,,,,,,,,,0,2425,6404,413.4296875,1329.11328125,43,43,4096,4096,4096,14.224474909016863,7.58561585098505,,,,,,,,,1,-1,0.2977380714380905,0,0,1,,,,,,1.410290002822876,0.009850690141320229,0.7437384128570557,0.004344726447016001,0.993006706237793,,,,,,,,,,,,,0.007869200024288148,0.001533936189389351,0.00019321998115628958,0.09753725799964741,0.04144231888790273,0.00767232000362128,0.07927379012107849,0.011886235977272008,0.0005236600409261882,0,0,0,,,,,1,0.18359375,0,47
2,1960.093150345,1788894523.2592506,0.19921875,8.239936510889834e-18,190.12643122673035,0.17337070405483246,1,-1,0.4375,0.13317137956619263,0.02896694466471672,1.0167865753173828,0.8237695097923279,0.4867517948150635,0,0,0.2034452110528946,0.018394047394394875,1.018564224243164,0.2605505585670471,-0.026996226981282234,-0.021733902394771576,0.21055379509925842,0.018394047394394875,1,1,0.01839404588099569,1,7.28125,232.09375,0.2117224044417026,0.03125,0,3307.4375,0,18.604727505729763,0.052311919464941625,0.2747929844071824,3366.375,0.40282280455435904,1239.4375,0.7543085357174277,0.38029868033042624,4753.75,0.48187918153920845,1500.375,0.8940746579319239,1.1617145696592428,0.24595685083748928,3157.46875,0.42140855506248587,1323.5625,26.6225848197937,0.375,0,1.9552210857043035,0.4756892954139479,0,17.584994452255813,0.05060108233039759,,,,,,,,,,,,,,,,0,2473,6368,472.58203125,1488.62109375,46,46,4096,4096,4096,14.898942022991832,7.358621582039632,,,,,,,,,1,-0.8571428571428571,0.3598114585644622,0,0,1,,,,,,4.144365310668945,0.00893246941268444,0.8428217172622681,0.0038553487975150347,0.9940328598022461,,,,,,,,,,,,,0.013239820022135973,0.0017754797545421752,0.00016953999875113368,0.5142386520165019,0.05303036665327454,0.0060388800338841975,0.0724532988970168,0.012960410621872143,0.000748880032915622,0,0,0,,,,,1,0.19921875,0,51
3,2148.976924611,1788894717.8794544,0.21875,8.673617379884035e-18,183.9605643749237,0.26978522539138794,1,-0.8571428656578064,0.5625,0.14026392996311188,0.0334802083671093,1.0185585021972656,0.8498092889785767,0.48515796661376953,0,0,0.1688312590122223,0.020115075632929802,1.0203187465667725,0.3358176350593567,-0.053782712668180466,-0.046354733407497406,0.17387458682060242,0.020115075632929802,1,1,0.02011507551651448,1,7.21875,231.53125,0.17511353486527756,0.03125,0,3780.65625,0,26.25855947846418,0.013114280756306867,0.26962589116470703,3719,0.39668217032098996,1372.03125,0.9177218843251467,0.3718323587725642,5245.40625,0.471541223180852,1650,0.8722627608221956,0.9190942178160297,0.242229275562364,3405.65625,0.41188842977790074,1436.6875,25.936720848083496,0.25,0,1.8579153188903967,0.4732863813887943,0,26.257850748524557,0.01469366241836563,,,,,,,,,,,,,,,,0,2107,5879,487.61328125,1620.87890625,62,62,4096,4096,4096,16.27722518797964,8.550308222009335,,,,,,,,,1,-1,0.32537262782658216,0,0,1,,,,,,2.1399872303009033,0.009445453062653542,0.7016777992248535,0.00404913816601038,0.9946390986442566,,,,,,,,,,,,,0.007086810015607625,0.0014490096432382416,0.00021357001969590783,0.5706392009742558,0.05128883917609528,0.0027232400025241077,0.063809250947088,0.011993019357987578,0.0005207999492995441,0,0,0,,,,,1,0.21875,0,56
4,2344.581840876,1788894906.6185923,0.28125,1.214306433183765e-17,178.32226943969727,0.20877692103385925,1,-1,0.46875,0.15928849577903748,0.023080170154571533,1.0191211700439453,0.8503817915916443,0.5351300239562988,0,0,0.1684158742427826,0.014856754802167416,1.014967679977417,0.2174253612756729,-0.025907400995492935,-0.01943737082183361,0.17143835127353668,0.014856754802167416,1,1,0.014856754918582737,1,7.25,249.15625,0.17282645528090052,0.03125,0,3900.90625,0,20.759394837906548,6.994817486687295e-09,0.30273120858702535,4155.8125,0.4445311774766121,1532.125,0.8110802369192243,0.40962114704987307,5808.21875,0.5226104562018496,1834.15625,0.8771678190678358,0.8224235361582176,0.2713143696554192,3790.59375,0.4588562709657532,1595.75,25.024117350578308,0.28125,0,2.171828704539069,0.4751415716866519,0,24.807993043949715,6.973163628074945e-09,,,,,,,,,,,,,,,,0,1728,6117,493.4765625,1606.8203125,62,62,4096,4096,4096,15.472608421987388,7.535748840018641,,,,,,,,,1,-0.8571428571428571,0.411877235523957,0,0,1,,,,,,2.382542610168457,0.011108010075986385,0.5340366363525391,0.004655825439840555,0.9963812232017517,,,,,,,,,,,,,0.00617643998702988,0.0014835791243967833,0.00020325998775660992,0.5221912310225889,0.04753510702380481,0.004952810006216168,0.07742669893195853,0.013289824318235333,0.00048439996317029,0,0,0,,,,,1,0.28125,0,72
5,2542.254800079,1788895101.8509114,0.23828125,8.673617379884035e-18,185.07025027275085,0.3201388716697693,1,-0.8571428656578064,0.6875,0.21428611874580383,0.02198660746216774,1.015213966369629,0.8599036931991577,0.5531344413757324,0,0,0.154942125082016,0.021146252751350403,1.0213713645935059,0.393953412771225,-0.043320201337337494,-0.04161808639764786,0.15688538551330566,0.021146252751350403,1,1,0.021146253566257656,1,7.15625,309.1875,0.15783949656646334,0.03125,0,3947.8125,0,30.024246090272005,6.147480601866507e-08,0.343865505238661,5267.875,0.5051002429120721,1940.03125,0.6986458337632939,0.45570902239427347,7064.875,0.5833900486799486,2251.46875,0.7488263864070177,0.6480914183254578,0.32010833699120755,4888.3125,0.5325133745810096,2039.71875,24.00812703371048,0.15625,0,1.7832310061828172,0.5238498820549125,0,28.533144627678247,6.140369689599108e-08,,,,,,,,,,,,,,,,0,1989,6165,478.421875,1660.83984375,52,52,4096,4096,4096,16.563543264986947,7.451589332020376,,,,,,,,,1,-0.8571428571428571,0.35445416502284294,0,0,1,,,,,,2.382549524307251,0.011611503548920155,0.5340366363525391,0.004810632206499577,0.996677577495575,,,,,,,,,,,,,0.009481909975875169,0.0015903290554888372,0.00018530001398175955,0.6081635089940391,0.06101235471783184,0.0038888699491508305,0.0730684379232116,0.012521064425527584,0.0007230400224216282,0,0,0,,,,,1,0.23828125,0,61
6,2742.67419483,1788895299.4455166,0.31640625,6.938893903907228e-18,187.53362107276917,0.24682334065437317,1,-0.8571428656578064,0.53125,0.23589280247688293,0.014672682620584965,1.021127700805664,0.8681768178939819,0.570798397064209,0,0,0.14619651436805725,0.01414994802325964,1.0142505168914795,0.289069265127182,-0.057073261588811874,-0.05156297981739044,0.14724721014499664,0.01414994802325964,1,1,0.014149947790428996,1,7.1875,307.03125,0.1483267552539741,0.03125,0,3827.375,0,21.726984982774574,0.02109301673144704,0.3704633696486096,5354.6875,0.5422429061157674,1968.15625,0.6283442201092839,0.4801341075455251,7092.78125,0.6177211003861428,2264.8125,0.8754218984395266,0.6188691793235268,0.3354544090336596,4885.125,0.561909545596588,2039.84375,22.516072869300842,0.1875,0,1.8192499243635165,0.4828821988522666,0,20.223501506291292,0.013603414377282725,,,,,,,,,,,,,,,,0,2055,6339,539.5,1738.69140625,58,58,4096,4096,4096,16.9514341269969,7.001334928965662,,,,,,,,,1,-1,0.415730240243672,0,0,1,,,,,,1.4291237592697144,0.010755102150142193,0.6126644611358643,0.0043663340620696545,0.9970219731330872,,,,,,,,,,,,,0.009315409988630563,0.0016439578478184558,0.00017564999870955944,0.5693377910065465,0.05969780156442539,0.002382091013714671,0.076066839043051,0.012895700321905679,0.0007513000164180994,0,0,0,,,,,1,0.31640625,0,81
7,2941.009972825,1788895500.9559436,0.28125,3.469446951953614e-18,190.4284131526947,0.3604513108730316,1,-1,0.78125,0.22723692655563354,0.019921859726309776,1.0113706588745117,0.8745856285095215,0.5678691864013672,0,0,0.13768577575683594,0.019569700583815575,1.0197625160217285,0.4391026198863983,-0.0589398592710495,-0.0563570037484169,0.13832256197929382,0.019569700583815575,1,1,0.019569701282307506,1,7.21875,311.53125,0.13925571530644165,0.03125,0,4316,0,30.22996470655782,1.020635581317476e-08,0.3468446609890612,5722.46875,0.5100921759658534,2108.84375,0.6915716975927353,0.45757131987813837,7645.125,0.5860126262433959,2436.625,0.7326194178313017,0.5392369061310698,0.3165528014034442,5180.59375,0.5290149305640661,2174.6875,21.376153886318207,0.21875,0,1.896213814432602,0.5148161684989837,0,30.881628494897356,1.0412073683478892e-08,,,,,,,,,,,,,,,,0,2379,5771,517.66796875,1579.1015625,46,46,4096,4096,4096,16.352857658988796,6.968768019985873,,,,,,,,,1,-1,0.37286808960394824,0,0,1,,,,,,2.723243474960327,0.011423895135521889,0.6520531177520752,0.004614624660462141,0.9971352815628052,,,,,,,,,,,,,0.04269730002852157,0.0016923130635859707,0.00019397999858483672,0.19774519698694348,0.053176195403921156,0.005785529036074877,0.03010426100809127,0.011556183957736721,0.0006310100434347987,0,0,0,,,,,1,0.28125,0,72
8,3181.649900724,1788895698.2370498,0.2421875,1.9081958235744878e-17,187.27151155471802,0.26079481840133667,1,-1,0.59375,0.24981802701950073,0.01497152540832758,1.0079841613769531,0.8925248384475708,0.5754852294921875,0,0,0.11728453636169434,0.01336762961000204,1.0134572982788086,0.28612855076789856,-0.05713368207216263,-0.05175815150141716,0.11776795983314514,0.01336762961000204,1,1,0.013367629493586719,1,7.25,305.1875,0.11876608220456229,0.03125,0,4141.34375,0,31.626028708815902,0.02216907768916603,0.3699065724276035,5776.96875,0.5445162075436552,2133.15625,0.684574858052656,0.4833480730969666,7697.0625,0.6200667029145095,2454.375,0.8405556930229068,0.45168797965465235,0.32771118316203496,5163.1875,0.5545784105932628,2178.5625,19.734286963939667,0.3125,0,1.8529401459131054,0.5172152278424363,0,31.480498962418352,0.016496594989182697,,,,,,,,,,,,,,,,0,1770,6313,571.5546875,1764.87890625,61,61,4096,4096,4096,16.94568139797775,8.066570751019754,,,,,,,,,1,-0.8571428571428571,0.39609058951462206,0,0,1,,,,,,1.4138531684875488,0.01289486512541771,0.5125186443328857,0.005070176906883717,0.9978387951850891,,,,,,,,,,,,,0.010237239999696612,0.00161357178126309,0.00019733997760340571,0.5337476610438898,0.05680011510366967,0.006559609959367663,0.038097228098195046,0.013450662548166292,0.0004585490096360445,0,0,0,,,,,1,0.2421875,0,62
9,3406.006413603,1788895939.5838223,0.26171875,1.3877787807814457e-17,230.58234786987305,0.3087034821510315,1,-0.8571428656578064,0.65625,0.29850858449935913,0.014266050420701504,1.0191020965576172,0.8912544846534729,0.5921497344970703,0,0,0.11846461892127991,0.013267937116324902,1.013356328010559,0.3778644800186157,-0.06215476617217064,-0.05935429409146309,0.11942052096128464,0.013267937116324902,1,1,0.013267937116324902,1,7.09375,399.625,0.12034210014942842,0.03125,0,4572.4375,0,21.026997645515074,1.2697773723942462e-06,0.42333505995911097,7465.625,0.6209283295262459,2746.53125,0.5916413702070713,0.537251443059783,9620.65625,0.694463129378209,3093.21875,0.6956119742244482,0.3991904920041213,0.381664754499937,6722.65625,0.6355268107314479,2806.9375,18.21755450963974,0.1875,0,1.7738552799050764,0.5650760630071993,0,20.610968693565574,1.2601935252734908e-06,,,,,,,,,,,,,,,,0.00390625,3642,8192,729.65234375,1891.765625,88,88,4096,4096,4096,17.768784733954817,7.080905419017654,,,,,,,,,1,-1,0.40954803361356124,0,0,1,,,,,,1.8553202152252197,0.013302319683134556,0.5663459897041321,0.005032858345657587,0.9983271956443787,,,,,,,,,,,,,0.008391129958909005,0.0015258729351899092,0.00017376005416736007,0.12999101704917848,0.04776847228163206,0.005769190029241145,0.08837509813020006,0.01330281712444048,0.00046780897537246346,0,0,0,,,,,1,0.26171875,0,67
10,3634.845010309,1788896164.0511,0.29296875,3.469446951953614e-18,213.60757684707642,0.32095539569854736,1,-1,0.65625,0.3359850347042084,0.010396244004368782,1.009333610534668,0.9307352304458618,0.6783380508422852,0,0,0.07314250618219376,0.01129862293601036,1.0113626718521118,0.32619526982307434,-0.04938601329922676,-0.04616425931453705,0.07293536514043808,0.01129862293601036,1,1,0.01129862351808697,1,7.0625,458.125,0.07377373427970288,0.03125,0,5837.21875,0,1534.0908874336415,0.0019055442320514942,0.44107222872373475,9861.25,0.6505878604203017,3646.65625,0.5323287849314511,0.5563516662329905,12644.6875,0.7221678707360744,4081.1875,0.6012869272381067,0.18572057286986707,0.38762813065862706,8665.09375,0.6556715905146854,3671.78125,15.007990568876266,0.0625,0,1.6551631496308319,0.5943425958886044,0,1535.5989384363568,0.0019278758662081598,,,,,,,,,,,,,,,,0,3111,6676,698.65234375,1827.76171875,78,78,4096,4096,4096,17.202750253956765,7.90182750398526,,,,,,,,,1,-0.8571428571428571,0.40954803361356124,0,0,1,,,,,,2.3622472286224365,0.014019717462360859,0.5154966115951538,0.005359404254704714,0.9982946515083313,,,,,,,,,,,,,0.008044829999562353,0.001501518245504485,0.00015658000484108925,0.5463600610382855,0.0540290673823165,0.002634720003698021,0.03608083014842123,0.01232186991137496,0.0007144599803723395,0,0,0,,,,,1,0.29296875,0,75
11,3877.717225135,1788896392.518018,0.28515625,1.8214596497756474e-17,217.95768117904663,0.31710344552993774,1,-0.8571428656578064,0.65625,0.3398503065109253,0.011042323894798756,1.0093927383422852,0.9287572503089905,0.6494598388671875,0,0,0.0751129686832428,0.011099886149168015,1.0111616849899292,0.32632848620414734,-0.06065056845545769,-0.05598359927535057,0.07495581358671188,0.011099886149168015,1,1,0.011099886149168015,1,7.03125,464.28125,0.07594954967833245,0.03125,0,5589.21875,0,86.55354499970511,4.501856535203597e-05,0.44963135140869714,9768.5,0.6628184628154439,3609.5,0.5280174966901541,0.5650787932562135,12436.40625,0.7347266888162969,4026.78125,0.6371829733252525,0.18791437119001847,0.39783140256842303,8620.46875,0.6701974005550182,3645.3125,13.835877597332,0.03125,0,1.5900520124316135,0.5882989686921449,0,83.42621431792936,4.556989049036033e-05,,,,,,,,,,,,,,,,0,3071,6429,737.5078125,1899.87109375,76,76,4096,4096,4096,17.979374550981447,7.748241957044229,,,,,,,,,1,-1,0.41265071458183367,0,0,1,,,,,,1.2685375213623047,0.014180352911353111,0.2697930335998535,0.0053360722959041595,0.9983713030815125,,,,,,,,,,,,,0.007297920004930347,0.0013836343305229093,0.00016876001609489322,0.5584480600082316,0.06187413875522907,0.005453619989566505,0.06610602897126228,0.0130321936578639,0.000621979997958988,0,0,0,,,,,1,0.28515625,0,73
12,4105.090134854,1788896635.8573852,0.27734375,9.540979117872439e-18,232.41127753257751,0.3194722533226013,1,-1,0.71875,0.3462057113647461,0.010774475522339344,1.0095024108886719,0.9261046648025513,0.6909279823303223,0,0,0.07837168127298355,0.01229248009622097,1.0123683214187622,0.4018572270870209,-0.02436819300055504,-0.023397821933031082,0.0781550332903862,0.01229248009622097,1,1,0.012292480445466936,1,7.0625,502.71875,0.07917689209038746,0.03125,0,5900.0625,0,26.891334572808624,0.02239820249350321,0.456565925351469,10358.125,0.6732864574335924,3829.15625,0.5801844699308276,0.5723302431840775,13172.625,0.7439509777074131,4264.46875,0.6552276187576354,0.2037439711947164,0.402173621625048,9184.6875,0.6773167623631571,3867.6875,13.524916380643845,0.09375,0,1.6060534052591535,0.6219297863484862,0,27.861184357256846,0.02027261453460619,,,,,,,,,,,,,,,,0,3877,7663,737.4765625,1900.9765625,93,93,4096,4096,4096,17.873001236992422,7.597074350982439,,,,,,,,,1,-1,0.4000956518287157,0,0,1,,,,,,1.5324697494506836,0.01438483502715826,0.7016772031784058,0.00538680050522089,0.9984065294265747,,,,,,,,,,,,,0.009826380002778023,0.0014568828373739962,0.00020250002853572369,0.5309334009652957,0.04296025868643483,0.009439469024073333,0.0760332890204154,0.01259825462148001,0.0007050900021567941,0,0,0,,,,,1,0.27734375,0,71
13,4345.272999573,1788896862.496057,0.33984375,2.3418766925686896e-17,216.39534974098206,0.31989234685897827,1,-1,0.65625,0.35168853402137756,0.009647274389863014,1.0068206787109375,0.9281680583953857,0.7083630561828613,0,0,0.07540617883205414,0.010317031294107437,1.0103703737258911,0.34266453981399536,-0.07305602729320526,-0.06929610669612885,0.0754321739077568,0.010317031294107437,1,1,0.010317031759768724,1,7,485.6875,0.07645538923035608,0.03125,0,5899.8125,0,36.80744641486582,1.0243480476587282e-05,0.4550579376088453,10376.9375,0.6706315874758726,3831.25,0.5246073752641678,0.5677002462674616,13112.1875,0.7398124141651125,4255.375,0.5983093297109008,0.1943776749961034,0.40069174301416466,9106.96875,0.6749006489067872,3847.9375,15.003799974918365,0,0,1.5703317756742108,0.5911116681668898,0,32.93643532242908,1.0364372401397433e-05,,,,,,,,,,,,,,,,0,3128,7034,748.64453125,1753.78515625,79,79,4096,4096,4096,17.16934881801717,8.176991681975778,,,,,,,,,1,-1,0.43374849291039713,0,0,1,,,,,,1.3965566158294678,0.015830427408218384,0.48682141304016113,0.005954827181994915,0.998408317565918,,,,,,,,,,,,,0.05130144901340827,0.0015149671403378306,0.00016322004375979304,0.5535893809865229,0.061575762083066365,0.005701449001207948,0.05789754900615662,0.011981853739598591,0.0007087599951773882,0,0,0,,,,,1,0.33984375,0,87
14,4617.729862772,1788897103.0793564,0.3203125,1.3877787807814457e-17,229.94848155975342,0.3574947118759155,1,-1,0.78125,0.3736538290977478,0.010883718729019165,1.0171918869018555,0.9303466081619263,0.7950048446655273,0,0,0.07325154542922974,0.012760134413838387,1.0128419399261475,0.39297163486480713,-0.06794550269842148,-0.06290233135223389,0.07299849390983582,0.012760134413838387,1,1,0.012760134297423065,1,7.03125,535.84375,0.07395450176355156,0.03125,0,5989.15625,0,26.829652591554044,0.017726779479671082,0.48401578890090635,11283.28125,0.7121473659879338,4161.8125,0.43862553872168064,0.5958989611025962,14073.25,0.7802460626294973,4589.53125,0.5593285840004683,0.18191535282490806,0.4282884025403151,9997.21875,0.7199430199138304,4209.53125,14.185096442699432,0.03125,0,1.5618464293622925,0.5970846184150078,0,27.216250922576045,0.02301751758173335,,,,,,,,,,,,,,,,0,3363,7100,828.4765625,2157.609375,73,73,4096,4096,4096,19.325131241988856,7.140338638972025,,,,,,,,,1,-1,0.4225771273642583,0,0,1,,,,,,0.8556911945343018,0.01475527137517929,0.3121473789215088,0.005529084242880344,0.9984384179115295,,,,,,,,,,,,,0.00668132898863405,0.0013997569687944633,0.0001891499850898981,0.12731426797108725,0.043929558621584874,0.005020390031859279,0.0956711278995499,0.013811966179900992,0.00045007001608610153,0,0,0,,,,,1,0.3203125,0,82
15,4859.731458925,1788897375.4095933,0.29296875,2.0816681711721685e-17,261.82240748405457,0.3476170301437378,1,-1,0.71875,0.3670410215854645,0.008429499343037605,1.0141773223876953,0.9294617176055908,0.785393238067627,0,0,0.07428620755672455,0.010586749762296677,1.0106430053710938,0.38596105575561523,-0.05820629000663757,-0.054942142218351364,0.07405701279640198,0.010586749762296677,1,1,0.010586750460788608,1,7.03125,561.9375,0.07524914428799798,0.03125,0,6627.8125,0,29.894592185960835,2.9665020956166223e-05,0.46620613930560395,11930.875,0.6881726768501506,4418.46875,0.46552984695881605,0.5807775872554174,15124.5625,0.7583195161001001,4909.59375,0.5239432603120804,0.18995017092509986,0.41408578454887074,10524.3125,0.6967940368857449,4452.25,13.980931282043457,0.03125,0,1.5694515195437122,0.6151291739279582,0,29.089295502531627,2.8575612088236385e-05,,,,,,,,,,,,,,,,0.00390625,4537,8192,870.16796875,2316.546875,87,87,4096,4096,4096,20.96549484395655,7.7858229679986835,,,,,,,,,1,-1,0.4218218503934899,0,0,1,,,,,,1.7233543395996094,0.015055118128657341,0.5842545032501221,0.005616759415715933,0.9984748959541321,,,,,,,,,,,,,0.011638489959295839,0.0014740982978764805,0.00017932004993781447,0.5638245799927972,0.043868351566288766,0.006555430009029806,0.08869217796018347,0.014488601874973028,0.0008732100250199437,0,0,0,,,,,1,0.29296875,0,75
16,5146.749802264,1788897617.0623965,0.265625,1.0408340855860843e-17,231.46403098106384,0.3265233635902405,1,-1,0.8125,0.3681406080722809,0.008748671039938927,1.0154485702514648,0.9395225048065186,0.8055925369262695,0,0,0.06331831216812134,0.010253993794322014,1.010306715965271,0.4677809774875641,-0.05248738452792168,-0.050759024918079376,0.06302624940872192,0.010253993794322014,1,1,0.010253994027152658,1,7.03125,592.8125,0.0643806420180327,0.03125,0,6961.34375,0,19.644314046225162,0.02224649822986062,0.4756580733139965,12976.40625,0.7027096156818076,4801.03125,0.4866006653755903,0.5911854956248045,16290.59375,0.7723352761751617,5304.5,0.5543178664520383,0.14937580529426397,0.4144799049973829,11334.09375,0.701231018794268,4800.96875,13.048790782690048,0.03125,0,1.5438001173321423,0.5832859250482026,0,19.438883795634954,0.024268357158372098,,,,,,,,,,,,,,,,0,4046,7952,752.83203125,1722.2578125,67,67,4096,4096,4096,17.160333326028194,7.418637613009196,,,,,,,,,1,-1,0.3331206804674577,0,0,1,,,,,,1.8395919799804688,0.016441568732261658,0.3950231075286865,0.006117396522313356,0.998454749584198,,,,,,,,,,,,,0.006989449029788375,0.0015069213477545418,0.00017462996765971184,0.5850311900139786,0.0499989628633557,0.004105150990653783,0.03666810120921582,0.010385466991010617,0.00042145000770688057,0,0,0,,,,,1,0.265625,0,68
17,5420.820978475,1788897904.4537544,0.38671875,1.734723475976807e-17,276.8379957675934,0.21543142199516296,1,-1,0.5,0.40254533290863037,0.006730836816132069,1.0123376846313477,0.9411145448684692,0.8281550407409668,0,0,0.06160527467727661,0.0060140108689665794,1.006032109260559,0.2311158925294876,-0.05472683906555176,-0.05069911107420921,0.06125164031982422,0.0060140108689665794,1,1,0.0060140108689665794,1,7.09375,487.4375,0.06242779028769267,0.03125,0,6022.65625,0,97.31144172175674,1.4872271130813157e-05,0.49532643657308106,11458.96875,0.7291739648816693,4231.53125,0.46799302101135254,0.6043944812536111,14249.84375,0.7941639843133488,4655.5,0.6214337619021535,0.15127040780851853,0.4300626070515642,9959.625,0.7280118137492263,4228.1875,13.947619289159775,0.09375,0,1.615109647082693,0.5953174840084319,0,140.82698497708148,1.472871586099679e-05,,,,,,,,,,,,,,,,0.01171875,5402,8192,1061.640625,2185.15234375,110,110,4096,4096,4096,19.5124103850103,7.2822484350181185,,,,,,,,,1,-1,0.42333105682606065,0,0,1,,,,,,1.045701026916504,0.01566900499165058,0.4869849681854248,0.005780820269137621,0.9985647797584534,,,,,,,,,,,,,0.008809399965684861,0.0014270098624820093,0.00020329997641965747,0.569237680057995,0.06347620983592606,0.009493008954450488,0.03773535991786048,0.011424118446029752,0.00043891998939216137,0,0,0,,,,,1,0.38671875,0,99
18,5769.628503856,1788898179.0506558,0.3046875,2.42861286636753e-17,263.54576444625854,0.34608566761016846,1,-1,0.84375,0.39867836236953735,0.006969009526073933,1.0071001052856445,0.9472537636756897,0.8373198509216309,0,0,0.05473892390727997,0.008538434281945229,1.0085749626159668,0.4450167119503021,-0.08028055727481842,-0.07601812481880188,0.05460703372955322,0.008538434281945229,1,1,0.008538434631191194,1,7,640.90625,0.05567519078178268,0.03125,0,8493.125,0,62.481743976889724,2.718934106935825e-05,0.4860632386969316,15907.46875,0.7190331727869449,5900.4375,0.4696343466639519,0.604738911816407,20129.34375,0.7917085400947204,6558.375,0.6096588433720171,0.13354294721973808,0.4234617966214641,13790.96875,0.7217378602527009,5910.4375,12.589394599199295,0,0,1.5399763589585285,0.622362957088802,0,68.50223130420072,2.7211366773790092e-05,,,,,,,,,,,,,,,,0.00390625,4328,8192,1255.38671875,2547.0625,113,113,4096,4096,4096,21.71603711100761,7.533893950982019,,,,,,,,,1,-1,0.39929785312496247,0,0,1,,,,,,0.8764033317565918,0.016093000769615173,0.36911869049072266,0.005919627845287323,0.9986038208007812,,,,,,,,,,,,,0.007528930029366165,0.0013116035806888249,0.00019357999553903937,0.5611483600223437,0.05295092072628904,0.0072863889508880675,0.038458700000774115,0.012212405274112825,0.0005415899795480072,0,0,0,,,,,1,0.3046875,0,78
19,6074.593113552,1788898527.4741654,0.32421875,1.734723475976807e-17,337.72724866867065,0.3166828751564026,1,-1,0.6875,0.401721715927124,0.006861604750156403,1.0095748901367188,0.9499104022979736,0.8494095802307129,0,0,0.051919788122177124,0.0076894876547157764,1.0077191591262817,0.34188857674598694,-0.0852004736661911,-0.08045897632837296,0.05177943781018257,0.0076894876547157764,1,1,0.007689487421885133,1,7.0625,727.875,0.052740407753552425,0.03125,0,10043.09375,0,40.74240389529698,6.726240373286536e-05,0.49309493127118104,19398.875,0.7319486374093984,7210.4375,0.4685230767354369,0.6162510265461081,24470.28125,0.8083867154154045,8005.0625,0.5626402259804308,0.12772215267257853,0.4242389314768458,16690.875,0.7289764504875388,7187.6875,12.500645101070404,0.0625,0,1.6105691083962983,0.6198305932863206,0,39.0047380928277,6.722110832514348e-05,,,,,,,,,,,,,,,,0.01171875,8192,8192,1238.0859375,2185.80078125,152,152,4096,4096,4096,19.517742251977324,8.073712871002499,,,,,,,,,1,-1,0.38048706701183066,0,0,1,,,,,,1.2540912628173828,0.017773758620023727,0.5506213903427124,0.006496392656117678,0.9985945820808411,,,,,,,,,,,,,0.007829359034076333,0.0014023016260580334,0.0001838100142776966,0.5763496399740689,0.057026322102728955,0.005598600022494793,0.03324772114865482,0.010000689194612278,0,0,0,0,,,,,1,0.32421875,0,83
20,6355.179274139,1788898831.6643114,0.33984375,1.3877787807814457e-17,294.27118396759033,0.3132352828979492,1,-1,0.71875,0.43761759996414185,0.007086806930601597,1.0085687637329102,0.953091025352478,0.8624920845031738,0,0,0.048410166054964066,0.006255332380533218,1.006274938583374,0.36331111192703247,-0.08692792803049088,-0.08308945596218109,0.04827091097831726,0.006255332380533218,1,1,0.006255332147702575,1,7.0625,732.15625,0.04927688714477534,0.03125,0,9904.6875,0,32.81367137049218,8.672819388102139e-05,0.512120711978558,20051,0.759162069928651,7434.96875,0.4692174708470702,0.6349589569632583,25089.75,0.8350668395144918,8219.8125,0.5682509606704116,0.11603821785528544,0.43947837507339316,17067.78125,0.7520543253939518,7330.09375,11.196820378303528,0.0625,0,1.6107858108266555,0.6170764567746653,0,34.75739305653293,8.598923130834408e-05,,,,,,,,,,,,,,,,0.02734375,5217,8192,1631.6171875,2963.49609375,174,174,4096,4096,4096,24.5082983589964,7.701516061031725,,,,,,,,,1,-1,0.40954803361356124,0,0,1,,,,,,1.0531519651412964,0.016255658119916916,0.30667221546173096,0.005966830532997847,0.9986491799354553,,,,,,,,,,,,,0.008944689994677901,0.0014307429864857113,0.00018927000928670168,0.5778207510011271,0.06130102329620968,0.0047176399966701865,0.03649656008929014,0.012258820013357763,0.0005507000023499131,0,0,0,,,,,1,0.33984375,0,87
21,6729.173388012,1788899113.7616374,0.3984375,1.3877787807814457e-17,270.6405494213104,0.3309920132160187,1,-1,0.78125,0.4165709614753723,0.007465766277164221,1.0054426193237305,0.9560631513595581,0.8825488090515137,0,0,0.045131418853998184,0.0065512643195688725,1.0065727233886719,0.42121005058288574,-0.04309413954615593,-0.040643107146024704,0.04509349539875984,0.0065512643195688725,1,1,0.006551264435984194,1,7.03125,869.8125,0.046085711093930774,0.03125,0,13052.9375,0,33.53168652653728,7.244649569424266e-05,0.49660688139078474,25412.375,0.7391904319878654,9475.90625,0.3832374131307006,0.620955921964339,32099.65625,0.8168888982336837,10529.46875,0.5244798585772514,0.10871907689148533,0.4269572340927127,21756.25,0.7382859856254412,9458.5625,10.504019141197205,0.03125,0,1.522778872945016,0.6274985435886786,0,40.47587713904348,7.286756189461668e-05,,,,,,,,,,,,,,,,0.00390625,4678,8192,1415.09375,2469.1171875,91,91,4096,4096,4096,21.39156668097712,6.773079855949618,,,,,,,,,1,-1,0.384654629081036,0,0,1,,,,,,1.0411821603775024,0.018520517274737358,0.40805983543395996,0.006756060291081667,0.9986051321029663,,,,,,,,,,,,,0.005539120000321418,0.0010953391829389147,0.00017894001211971045,0.5976388899725862,0.05675708186799966,0.006446120038162917,0.10409036697819829,0.010848063866205848,0.0005754500161856413,0,0,0,,,,,1,0.3984375,0,102
22,7101.841533187,1788899486.7130332,0.2265625,6.938893903907228e-18,362.5719814300537,0.2682194113731384,1,-1,0.59375,0.4331286549568176,0.006530486047267914,1.0052595138549805,0.9582135081291199,0.8921256065368652,0,0,0.04297235608100891,0.006012070458382368,1.0060302019119263,0.2389935553073883,-0.05180270969867706,-0.0490129254758358,0.04285300523042679,0.006012070458382368,1,1,0.006012070341967046,1,7.0625,838.25,0.044225010255471736,0.03125,0,11320.75,0,103.49123591074998,0.02212188944238935,0.5245887203669196,23255.25,0.7775371566614022,8631.8125,0.44601462478749454,0.6407982959661885,28668.75,0.8489152853341826,9472.40625,0.5569799649529159,0.09749037513670351,0.4526298814423987,20126,0.7749233232610458,8631.21875,10.367186516523361,0.0625,0,1.564159719607769,0.6139825755338735,0,106.7710555606499,0.02252291173102575,,,,,,,,,,,,,,,,0.0546875,8192,8192,1709.55078125,3055.1640625,96,96,4096,4096,4096,25.362469443993177,8.13955415302189,,,,,,,,,1,-1,0.3642156795423418,0,0,1,,,,,,2.366100311279297,0.01762472093105316,0.42414379119873047,0.006446396000683308,0.9986234307289124,,,,,,,,,,,,,0.008201889984775335,0.001260646560922396,0.00017143995501101017,0.5901284700375982,0.05502591607933027,0.0050233600195497274,0.031589669932145625,0.010910234391985796,0,0,0,0,,,,,1,0.2265625,0,58
23,7403.979776943,1788899859.7721064,0.30859375,1.5612511283791264e-17,362.30862188339233,0.26291733980178833,1,-1,0.59375,0.43484681844711304,0.006559189409017563,1.007786750793457,0.9623122215270996,0.9108233451843262,0,0,0.03856992721557617,0.00469841156154871,1.0047094821929932,0.32692086696624756,-0.07492782920598984,-0.07161660492420197,0.03851224482059479,0.00469841156154871,1,1,0.0046984117943793535,1,7.03125,917,0.039650098580530806,0.03125,0,13676.40625,0,16.416976612477423,0.00014765063573080956,0.5155372007080219,27754.625,0.7662946105828402,10324.5625,0.4276161715388298,0.6383313447062389,34711.21875,0.8427910813340941,11421.28125,0.55064513720572,0.08545464041036054,0.4392965738664744,23492.84375,0.7590722604971145,10196.40625,10.225496411323547,0.03125,0,1.5737158676331213,0.5928974071652777,0,16.105048968461304,0.00014669640079854643,,,,,,,,,,,,,,,,0.05078125,8192,8192,1795.0859375,3093.46484375,227,227,4096,4096,4096,25.19509633805137,7.399192115990445,,,,,,,,,1,-1,0.38048706701183066,0,0,1,,,,,,1.4583451747894287,0.018017327412962914,0.28848791122436523,0.006604379042983055,0.9986082315444946,,,,,,,,,,,,,0.008910008997190744,0.0013535533778394893,0.00020191998919472098,0.5633460209937766,0.05050416191284057,0.008997589990030974,0.032491922087501734,0.011527765419486968,0,0,0,0,,,,,1,0.30859375,0,79
24,7721.47952406,1788900162.0981405,0.45703125,1.3877787807814457e-17,291.37610626220703,0.266272634267807,1,-1,0.6875,0.43369337916374207,0.005755152553319931,1.0053014755249023,0.9613953828811646,0.913691520690918,0,0,0.03950388357043266,0.005161551758646965,1.0051748752593994,0.3705601692199707,-0.06617697328329086,-0.06304589658975601,0.03949356451630592,0.005161551758646965,1,1,0.005161551991477609,1,7.03125,1001.65625,0.040559157074598416,0.03125,0,14360.6875,0,23.584619991602004,8.505351411039664e-05,0.5154086108119073,29199.0625,0.7662048184215651,10871.90625,0.4847408449277282,0.6378348285516641,36435.65625,0.8417521372577752,11990.96875,0.6200251965783536,0.08899218353107069,0.4410632273174053,24848.3125,0.7589370626014558,10731.9375,11.822529315948486,0.03125,0,1.5709331276451266,0.6055639030556494,0,24.50659745298247,8.531368196709223e-05,,,,,,,,,,,,,,,,0.015625,5212,8192,1686.10546875,2707.12890625,141,141,4096,4096,4096,22.584220780991018,7.761849650007207,,,,,,,,,1,-1,0.40954803361356124,0,0,1,,,,,,1.141036868095398,0.018270548433065414,0.3329942226409912,0.0066896467469632626,0.9985952973365784,,,,,,,,,,,,,0.00866952002979815,0.0013240485543519753,0.00017821998335421085,0.5681605099816807,0.04655528367607076,0.00988294999115169,0.08205684798303992,0.010795565346597868,0.0006871600053273141,0,0,0,,,,,1,0.45703125,0,117
25,8044.089749719,1788900479.2934604,0.46484375,3.469446951953614e-18,306.54319500923157,0.300420343875885,1,-1,0.6875,0.43114012479782104,0.007414768449962139,1.0066490173339844,0.9631270170211792,0.9059181213378906,0,0,0.03771291300654411,0.005463287699967623,1.0054781436920166,0.3060896098613739,-0.07740850746631622,-0.07433725893497467,0.037649381905794144,0.005463287699967623,1,1,0.005463287932798266,1,7.0625,932.71875,0.03874991075565522,0.03125,0,13488.84375,0,42.557328005087186,0.00013497578844780532,0.519456185387702,27724.625,0.772145629391703,10317.375,0.4578195661306381,0.6394605863727657,34344.71875,0.8465011950601078,11346.25,0.5517345909029245,0.0791227620660476,0.4475451541190147,23748.28125,0.7716275443611147,10288.21875,10.54630970954895,0.0625,0,1.5769263654545287,0.623080784612962,0,40.534111874750856,0.0001345400790940018,,,,,,,,,,,,,,,,0.01953125,5995,8192,1609.39453125,2494.9296875,148,148,4096,4096,4096,21.33713037200505,7.956216356018558,,,,,,,,,1,-1,0.42182185039348985,0,0,1,,,,,,0.8495702743530273,0.018312761560082436,0.29781413078308105,0.006730576511472464,0.9985700249671936,,,,,,,,,,,,,0.008489930012729019,0.0011412825558636541,0.00019620003877207637,0.587190969963558,0.0492902762034646,0.0059601489920169115,0.03045051993103698,0.010095692933873579,0.0004384900094009936,0,0,0,,,,,1,0.46484375,0,119
26,8341.421037679,1788900802.0281348,0.39453125,1.3877787807814457e-17,311.88648867607117,0.3374408483505249,1,-1,0.8125,0.4412248134613037,0.006773986387997866,1.0068349838256836,0.9659078121185303,0.9056839942932129,0,0,0.03483894467353821,0.005469944328069687,1.005484938621521,0.3659486770629883,-0.035503190010786057,-0.03453687205910683,0.03479477018117905,0.005469944328069687,1,1,0.005469944095239043,1,7.03125,875.34375,0.035949766658316104,0.03125,0,12875.15625,0,72.90421407111594,0.00018611967107661257,0.5093371484082738,25993.75,0.7585835729576346,9689.3125,0.4979210216552019,0.6301757970475297,32306.75,0.8338572002383956,10675.8125,0.5286301877349615,0.07023028160413103,0.4374650227531228,22321.90625,0.7566269387842738,9669.09375,10.22207659482956,0.03125,0,1.5594518462552616,0.6245214473257548,0,87.72150304805068,0.0001854089567320898,,,,,,,,,,,,,,,,0.0234375,6302,8192,1553.7578125,2558.33203125,168,168,4096,4096,4096,22.174011122027878,7.708412942010909,,,,,,,,,1,-1,0.3936679943758679,0,0,1,,,,,,0.8607656955718994,0.019321275874972343,0.35117244720458984,0.007094106636941433,0.9985662698745728,,,,,,,,,,,,,0.008313839032780379,0.0011454581490397686,0.00019551004515960813,0.6381288290140219,0.07737381221409123,0.0027577499859035015,0.08414182794513181,0.009979513118651084,0.0006139799952507019,0,0,0,,,,,1,0.39453125,0,101
27,8674.361371612,1788901099.2943432,0.46484375,1.734723475976807e-17,286.49529123306274,0.30099111795425415,1,-1,0.65625,0.4604482650756836,0.00578214880079031,1.0092124938964844,0.9687514305114746,0.8799033164978027,0,0,0.031973306089639664,0.004579097032546997,1.004589557647705,0.2428250014781952,-0.1058785617351532,-0.10263320803642273,0.0318518802523613,0.004579097032546997,1,1,0.004579097265377641,1,7.03125,868.65625,0.03309764260626438,0.03125,0,12430.0625,0,22.494263953174638,0.0004128872959286102,0.5266396281606063,25986.71875,0.7835242176488366,9675.28125,0.43244689144194126,0.6446182813635377,31930.53125,0.8557813661685207,10590.4375,0.4910492654889822,0.06003261733200803,0.45192101988452027,22316,0.778761724785126,9630.34375,10.254724562168121,0.03125,0,1.5935162220142942,0.6307282392661837,0,24.383942904902113,0.0004305697956994997,,,,,,,,,,,,,,,,0.03125,4874,8192,1716.296875,2806.38671875,170,170,4096,4096,4096,22.88570423098281,7.6866837330162525,,,,,,,,,1,-1,0.4608388535915693,0,0,1,,,,,,1.1231390237808228,0.019002730026841164,0.28867387771606445,0.0070039439015090466,0.9985541701316833,,,,,,,,,,,,,0.010333309997804463,0.0011928451797302841,0.0002106900210492313,0.608137050003279,0.04590223519744541,0.006586759991478175,0.09239793790038675,0.011389954001742808,0.0009297800133936107,0,0,0,,,,,1,0.46484375,0,119
28,9022.474819194,1788901432.4628527,0.3359375,2.7755575615628914e-17,322.3281338214874,0.3928386867046356,1,-1,0.8125,0.43835583329200745,0.0072670564986765385,1.0059814453125,0.9693679809570312,0.8974056243896484,0,0,0.03125389292836189,0.005736028775572777,1.005752444267273,0.3258664011955261,-0.05192423239350319,-0.050566740334033966,0.031189490109682083,0.005736028775572777,1,1,0.005736028542742133,1,7,949.5,0.032383340467480745,0.03125,0,13730.375,0,36.696650707107764,0.00020549824990544787,0.521496843211162,28495.53125,0.7764377758664103,10615.09375,0.448069317266345,0.640402900593951,35094.03125,0.850107631356882,11637.78125,0.5392034873366356,0.05673997601668879,0.4491774972988195,24513.125,0.7743645532240344,10586.40625,10.04658591747284,0,0,1.5500796014414753,0.6097956577634447,0,42.20716388171158,0.00020870356685857413,,,,,,,,,,,,,,,,0.05078125,5822,8192,2061.98828125,3327.4609375,239,239,4096,4096,4096,26.435487081005704,7.683799763035495,,,,,,,,,1,-0.8571428571428571,0.4587583063808975,0,0,1,,,,,,0.9423086643218994,0.0178047064691782,0.24486851692199707,0.006561981048434973,0.9985960125923157,,,,,,,,,,,,,0.006909209012519568,0.0012638610332942335,0.00018211995484307408,0.5827345209545456,0.048738894899543084,0.003926839970517904,0.03301642002770677,0.012108767246218122,0.000604350003413856,0,0,0,,,,,1,0.3359375,0,86
29,9397.282344104,1788901779.9273586,0.37109375,1.0408340855860843e-17,337.1620852947235,0.3861848711967468,1,-0.8571428656578064,0.8125,0.41932815313339233,0.006251222919672728,1.0066862106323242,0.9712508320808411,0.9273815155029297,0,0,0.029295220971107483,0.0050951819866895676,1.005108118057251,0.44656461477279663,-0.05710691958665848,-0.055842455476522446,0.02925131469964981,0.0050951819866895676,1,1,0.005095182103104889,1,7.03125,1084.34375,0.030350327503921543,0.03125,0,16495.90625,0,51.36891373973574,0.00024843948978476704,0.5069497243196991,32986.0625,0.7559099032407783,12313.15625,0.43915403075516224,0.6284745074920738,41181.03125,0.8321263407768245,13605.71875,0.5678370445966721,0.053252968564609565,0.4353485503855754,28194.53125,0.7528970096206264,12249.96875,11.626380205154419,0.0625,0,1.5668458108476933,0.5802634660928971,0,51.06473864197184,0.0002462217620133406,,,,,,,,,,,,,,,,0.0625,6572,8192,1971.69140625,3165.06640625,124,124,4096,4096,4096,25.427553719026037,7.826463119999971,,,,,,,,,1,-1,0.39204461428750265,0,0,1,,,,,,1.0490645170211792,0.018137646839022636,0.2189500331878662,0.006679084617644548,0.9985840320587158,,,,,,,,,,,,,0.006752669985871762,0.0011069608087836968,0.00017300999024882913,0.5988995700026862,0.04684813425615175,0.005903229990508407,0.08559357799822465,0.011474202706267533,0.0005142499576322734,0,0,0,,,,,1,0.37109375,0,95
30,9734.999764376,1788902154.9283109,0.40234375,1.0408340855860843e-17,364.4201784133911,0.29249823093414307,1,-1,0.65625,0.426239937543869,0.005355610512197018,1.006535530090332,0.9734383821487427,0.9237785339355469,0,0,0.027047041803598404,0.003508651629090309,1.0035147666931152,0.2781014144420624,-0.06362688541412354,-0.06182566285133362,0.0269943680614233,0.003508651629090309,1,1,0.003508651629090309,1,7.0625,1013.71875,0.028097610761353083,0.03125,0,15773.53125,0,20.411109055653657,0.0001369914277693483,0.5097468458597247,31945.25,0.7601076592467246,11919.125,0.4297303445637226,0.6296827771722822,39614.8125,0.8345313897525369,13110.125,0.5306720011867583,0.051682802025731896,0.43688339225370953,27295.71875,0.758676719947188,11881.375,12.256206929683685,0.0625,0,1.5622666213632335,0.6250253848356027,0,19.99715931038722,0.00013769706177389575,,,,,,,,,,,,,,,,0.08203125,8192,8192,1994.5,3143.5703125,159,159,4096,4096,4096,25.445851197000593,7.268197402998339,,,,,,,,,1,-1,0.39204461428750265,0,0,1,,,,,,0.7469364404678345,0.01804519258439541,0.29782629013061523,0.006626230664551258,0.998604416847229,,,,,,,,,,,,,0.007665680022910237,0.0012436674990112806,0.00018128997180610895,0.592030230036471,0.05841888086251856,0.00546169001609087,0.0663054310134612,0.010731081038557022,0,0,0,0,,,,,1,0.40234375,0,103
31,10069.719811664,1788902492.8379366,0.4296875,4.163336342344337e-17,327.6611998081207,0.285108357667923,1,-1,0.625,0.42992594838142395,0.004369413945823908,1.0074892044067383,0.9755814671516418,0.9228167533874512,0,0,0.024807622656226158,0.003063963958993554,1.0030686855316162,0.2433788776397705,-0.07736054062843323,-0.07584865391254425,0.02479051798582077,0.003063963958993554,1,1,0.003063963958993554,1,7.09375,1004.34375,0.025903131707361665,0.03125,0,15956,0,18.923259513899183,0.00033557336559645776,0.5117613253622794,32196.78125,0.7634553494659686,12031.75,0.4210577607154846,0.6334358042391148,40236.25,0.8388095535788294,13281.96875,0.5256742928177118,0.043516551937801524,0.4379247803949034,27347.59375,0.7578270167313228,11884,11.383311808109283,0.09375,0,1.5486280467355047,0.6103002292695207,0,18.249642296081916,0.0003266163411213285,,,,,,,,,,,,,,,,0.0546875,5839,8192,2140.51171875,3438.09375,176,176,4096,4096,4096,27.381364353001118,7.353141402010806,,,,,,,,,1,-1,0.44320263021395917,0,0,1,,,,,,0.8279752731323242,0.017911426723003387,0.5228972434997559,0.006668218411505222,0.9985604882240295,,,,,,,,,,,,,0.014753879979252815,0.0012375179501304956,0.00018524000188335776,0.5790305900154635,0.05242594532046496,0.006299139990005642,0.03271336789475754,0.011358125277183717,0.0009023600141517818,0,0,0,,,,,1,0.4296875,0,110
32,10437.657863583,1788902826.8372378,0.34765625,1.0408340855860843e-17,324.03787541389465,0.380020409822464,1,-1,0.875,0.4143347144126892,0.004816372413188219,1.0044546127319336,0.9757558703422546,0.94024658203125,0,0,0.02459358051419258,0.0036116575356572866,1.0036181211471558,0.4358116686344147,-0.07411462068557739,-0.07277540862560272,0.02458416298031807,0.0036116575356572866,1,1,0.003611657419241965,1,7,1059.09375,0.025680894432477105,0.03125,0,17124.09375,0,32.63728572112501,8.869511584945971e-05,0.509340396088259,34635.84375,0.7606571236681343,12940.34375,0.44796947576105595,0.631158583276912,43069.75,0.836234943846691,14254.1875,0.534118811134249,0.04282543087390121,0.4344497194052333,29489.75,0.7572165026376521,12877.75,11.506315171718597,0,0,1.564131917969199,0.6153349676530638,0,33.12395709398352,8.635838340522548e-05,,,,,,,,,,,,,,,,0.046875,6212,8192,1954.9609375,2963.26953125,195,195,4096,4096,4096,24.47088007297134,7.4728094700258225,,,,,,,,,1,-0.8571428571428571,0.40327106395129336,0,0,1,,,,,,2.09372615814209,0.01899636536836624,0.5124926567077637,0.0070012640208005905,0.9985554218292236,,,,,,,,,,,,,0.008080179977696389,0.0011045596443182149,0.00021264998940750957,0.5908394100260921,0.053228623663926555,0.005121719965245575,0.029263111006002873,0.009791707545446116,0.0005846600397489965,0,0,0,,,,,1,0.34765625,0,89
33,10781.222376379,1788903195.1887846,0.34375,1.3877787807814457e-17,357.9652338027954,0.3144959807395935,1,-0.8571428656578064,0.65625,0.4514392018318176,0.0038934904150664806,1.008291244506836,0.9774988889694214,0.9407992362976074,0,0,0.022934475913643837,0.002984775695949793,1.0029891729354858,0.32540178298950195,-0.07663753628730774,-0.07556764036417007,0.02281438373029232,0.002984775695949793,1,1,0.002984775579534471,1,7.0625,999.15625,0.02385258086468437,0.03125,0,15639.6875,0,26.02943787114981,0.0037554027900562593,0.5211551603013971,32096.59375,0.7757430377718937,11962.78125,0.4506863192655146,0.6360499761859969,39443.9375,0.8462352254962102,13096.4375,0.5995715344324708,0.038273178277896905,0.4451950355512755,27477.5625,0.7705102170228746,11918.09375,9.942012429237366,0.0625,0,1.5760897059332744,0.5811760115940249,0,24.519063392114518,0.003838329041903352,,,,,,,,,,,,,,,,0.09375,6689,8192,2353.6484375,3804.625,157,157,4096,4096,4096,29.534575498022605,6.909676762006711,,,,,,,,,1,-0.8571428571428571,0.42857142857142855,0,0,1,,,,,,1.2695868015289307,0.018300548195838928,0.5524718761444092,0.006804643664509058,0.9985561370849609,,,,,,,,,,,,,0.0062437200103886425,0.0012507897758951003,0.00021920003928244114,0.5943447800236754,0.05941135186071733,0.00696049997350201,0.08343126892577857,0.012118149769548836,0.000661000027321279,0,0,0,,,,,1,0.34375,0,88
34,11163.584805371,1788903538.9996436,0.4765625,1.0408340855860843e-17,333.15733313560486,0.3406216502189636,1,-0.8571428656578064,0.6875,0.42021626234054565,0.004329751245677471,1.0065555572509766,0.97784423828125,0.9308319091796875,0,0,0.022457942366600037,0.003010119777172804,1.0030146837234497,0.34931719303131104,-0.05903905630111694,-0.05801330506801605,0.022448087111115456,0.003010119777172804,1,1,0.003010119777172804,1,7.09375,1179,0.023637085481146854,0.03125,0,18829.1875,0,36.58635692174273,0.0007195195228639504,0.5138611460581581,38432.75,0.7660754733947122,14340.65625,0.48443264700472355,0.6333494993585792,47572.78125,0.8405141729038376,15768.21875,0.5450659971684217,0.037019514185723995,0.43856911223207745,32713.09375,0.7616539990856508,14255.1875,9.899258494377136,0.125,0,1.658558713132689,0.6022221607672252,0,34.59472374899967,0.0006811046930286634,,,,,,,,,,,,,,,,0.0625,6266,8192,2082.91015625,3155.2578125,241,241,4096,4096,4096,25.4492942969664,7.417476003989577,,,,,,,,,1,-1,0.41032590332414487,0,0,1,,,,,,2.233181953430176,0.01907593198120594,0.3059803247451782,0.00704492861405015,0.998552143573761,,,,,,,,,,,,,0.005665189994033426,0.0010742039075921639,0.00018566899234429002,0.6169506700243801,0.054137332008167505,0.007072529988363385,0.09799039497738704,0.010682061574925683,0.000616080011241138,0,0,0,,,,,1,0.4765625,0,122
35,11568.123455448,1788903921.4568896,0.28515625,1.734723475976807e-17,371.6956889629364,0.3165193200111389,1,-1,0.6875,0.4464874863624573,0.00347336009144783,1.006443977355957,0.9785810708999634,0.935370922088623,0,0,0.021796105429530144,0.002913971431553364,1.0029182434082031,0.2839122414588928,-0.05122596025466919,-0.0501079186797142,0.021709006279706955,0.002913971431553364,1,1,0.002913971315138042,1,7.0625,1054.46875,0.022885644543186468,0.03125,0,16663.28125,0,20.20085381825132,0.0008790489151084287,0.5190515985286577,33978.90625,0.772688037944822,12660.125,0.5099031729623675,0.6340464733912463,41768.8125,0.843618835197145,13869.09375,0.5699310367926955,0.03641847542640378,0.446734626355807,29181.3125,0.771344732973454,12642.5625,10.812196969985962,0.0625,0,1.6154143547664863,0.5911444385739957,0,19.830758171175013,0.0008608359802247683,,,,,,,,,,,,,,,,0.06640625,8192,8192,2144.171875,3260.2578125,181,181,4096,4096,4096,26.09227105998434,7.6415997089934535,,,,,,,,,1,-1,0.415730240243672,0,0,1,,,,,,0.8988358974456787,0.018794288858771324,0.3402400016784668,0.006970199290663004,0.9985475540161133,,,,,,,,,,,,,0.005904549965634942,0.0011406077078390808,0.00017096998635679483,0.6094696699874476,0.06805118987767855,0.004435479990206659,0.034074487164616585,0.009924588214289543,0,0,0,0,,,,,1,0.28515625,0,73
36,11974.182804412,1788904325.9367666,0.34765625,2.42861286636753e-17,393.80897974967957,0.3303214907646179,1,-1,0.78125,0.45213839411735535,0.0031233124900609255,1.0118322372436523,0.9804074168205261,0.9407978057861328,0,0,0.019933201372623444,0.002793495310470462,1.0027973651885986,0.3964008092880249,-0.09257377684116364,-0.09097146987915039,0.01982913166284561,0.002793495310470462,1,1,0.002793495310470462,1,7.03125,1050.25,0.02110074542652412,0.03125,0,17153.375,0,39.619564957598044,0.00021459452651981014,0.5130085980251684,35064.125,0.7639861688541884,13066.78125,0.44866370782256126,0.6349601467301963,43562.0625,0.8403709817526518,14402.0625,0.5610808692872524,0.03582766730885337,0.4341104176889822,29650.125,0.7538685742831257,12877.53125,11.055363714694977,0.03125,0,1.5945643617432843,0.6114970342145444,0,43.77722044742442,0.00021472619533950124,,,,,,,,,,,,,,,,0.109375,8192,8192,2631.3671875,4160.3828125,244,244,4096,4096,4096,31.132817214995157,7.860139758035075,,,,,,,,,1,-1,0.4187871214128062,0,0,1,,,,,,0.9577344655990601,0.018470168113708496,0.527747392654419,0.006846989039331675,0.9985478520393372,,,,,,,,,,,,,0.010860499984119087,0.0011460561183866957,0.00019478000467643142,0.6016782899969257,0.051173846024767045,0.003765488974750042,0.1135292281396687,0.01263891877624701,0,0,0,0,,,,,1,0.34765625,0,89
37,12327.313092787,1788904732.0035057,0.48828125,1.0408340855860843e-17,395.40260910987854,0.33001577854156494,1,-1,0.6875,0.41271230578422546,0.0031210577581077814,1.0090398788452148,0.98146653175354,0.9412927627563477,0,0,0.01881229504942894,0.0025274627842009068,1.0025306940078735,0.32612842321395874,-0.0685998946428299,-0.0671711340546608,0.018748441711068153,0.0025274627842009068,1,1,0.0025274627842009068,1,7.03125,1241.3125,0.019954460624173255,0.03125,0,21050.9375,0,35.74621260955629,0.00026924753353757113,0.5097873864285176,42572.5625,0.7608340370794962,15897.90625,0.5034921215847135,0.6283442579731005,52688.21875,0.8343815157789418,17472.9375,0.5781816486269236,0.032327776555083246,0.4334850314105438,36072,0.7533584958897748,15719.875,11.507042586803436,0.03125,0,1.6032066374821725,0.5739153229903644,0,34.53927747817327,0.0002716299373706448,,,,,,,,,,,,,,,,0.109375,8192,8192,2729.21875,4184.10546875,319,319,4096,4096,4096,31.05166781396838,7.704084300028626,,,,,,,,,1,-1,0.3968948351945155,0,0,1,,,,,,1.312951922416687,0.01866932213306427,0.44568634033203125,0.0069600907154381275,0.9985404014587402,,,,,,,,,,,,,0.006727139989379793,0.0010583008020148554,0.00016666000010445714,0.5940030800411478,0.05327650665640249,0.0038992089685052633,0.03225308796390891,0.012485134554026445,0,0,0,0,,,,,1,0.48828125,0,125
38,12689.457278543,1788905085.233948,0.375,3.8163916471489756e-17,342.426353931427,0.2859004735946655,1,-1,0.65625,0.41746431589126587,0.0033821191173046827,1.0029821395874023,0.9806199073791504,0.9493718147277832,0,0,0.01964491233229637,0.0023508004378527403,1.0023536682128906,0.26965662837028503,-0.008773989044129848,-0.008971617557108402,0.019612155854701996,0.0023508004378527403,1,1,0.0023508004378527403,1,7.0625,1344,0.020753337332688103,0.03125,0,21833.75,0,46.94756342272683,0.0008275071041359936,0.5182913919490972,44713.25,0.7715145176733336,16660.25,0.48843217361718416,0.6348365297936049,55117.15625,0.8431092569517012,18264.625,0.56612897105515,0.03251448152584299,0.44172979464556855,37863.0625,0.7634042461648232,16429.09375,10.21078336238861,0.0625,0,1.6181911568015765,0.5932885313164128,0,46.40246017064263,0.0008450245199650713,,,,,,,,,,,,,,,,0.10546875,6190,8192,2447.26171875,3695.55078125,121,121,4096,4096,4096,27.88268133898964,7.829026344988961,,,,,,,,,1,-1,0.43740888263985317,0,0,1,,,,,,1.0725836753845215,0.019190780818462372,0.42136216163635254,0.007112490478903055,0.998530924320221,,,,,,,,,,,,,0.005869269021786749,0.0010231231512989325,0.00016434898134320974,0.6095610989723355,0.06062348442083021,0.0068378999712876976,0.09251007810235023,0.010449883456658426,0.0007048000115901232,0,0,0,,,,,1,0.375,0,96
39,13074.911595788,1788905447.7640004,0.3671875,1.734723475976807e-17,351.3777480125427,0.35484153032302856,1,-1,0.78125,0.432483971118927,0.0042165303602814674,1.0061559677124023,0.9813319444656372,0.9512219429016113,0,0,0.01897728256881237,0.002877666149288416,1.0028818845748901,0.36770933866500854,-0.06164385750889778,-0.060446783900260925,0.01888766884803772,0.002877666149288416,1,1,0.002877666149288416,1,7.03125,1144.375,0.020074213712596,0.03125,0,19578.09375,0,27.62624167035188,0.00032562002264488514,0.5138810685941114,39941.59375,0.7660104342959413,14900.25,0.5841350837145001,0.6303825435670825,49165.53125,0.8375918286885271,16319.625,0.6031604809686542,0.03358534847597931,0.43949844972833213,34086.5625,0.7627032324854941,14820.46875,11.503036260604858,0.03125,0,1.5866322912052495,0.5836869891510507,0,28.169945326479787,0.00032393662494716697,,,,,,,,,,,,,,,,0.0625,6647,8192,2506.57421875,3618.28125,226,226,4096,4096,4096,27.61434350401396,7.681961277965456,,,,,,,,,1,-1,0.37286808960394824,0,0,1,,,,,,2.8496875762939453,0.019268568605184555,0.3066525459289551,0.007164168171584606,0.9985214471817017,,,,,,,,,,,,,0.007609980006236583,0.001035142486443874,0.00016767100896686316,0.5927520589902997,0.04302197065544533,0.004744288977235556,0.028717291017528623,0.010486261110600026,0.0005141600267961621,0,0,0,,,,,1,0.3671875,0,94
40,13457.308689369,1788905833.2529526,0.41796875,1.0408340855860843e-17,374.28582549095154,0.25471580028533936,1,-1,0.625,0.4295310378074646,0.0026478648651391268,1.007185935974121,0.9818052649497986,0.9450798034667969,0,0,0.018450535833835602,0.0020135436207056046,1.0020155906677246,0.3354395031929016,-0.043009255081415176,-0.04210095852613449,0.018424324691295624,0.0020135436207056046,1,1,0.0020135435042902827,1,7,1148.25,0.019501639166664288,0.03125,0,20052.59375,0,79.47149525343382,0.0005156869427494719,0.5094047243656363,40549.65625,0.7592210715763278,15114.4375,0.5076870266348124,0.6249068391684187,49838.65625,0.8307711981541719,16553.75,0.6347491666674614,0.03549170594964806,0.43760099093846505,34839.5,0.7597052555738375,15140.25,12.842766225337982,0,0,1.5856300361711346,0.586462092468589,0,77.37293265491613,0.00048464274190735367,,,,,,,,,,,,,,,,0.140625,6518,8192,2980.625,4424.37109375,292,292,4096,4096,4096,32.117579266021494,8.028216831036843,,,,,,,,,1,-1,0.39041448409063295,0,0,1,,,,,,1.411050796508789,0.018569715321063995,0.32160162925720215,0.006893410813063383,0.9985485672950745,,,,,,,,,,,,,0.006222019961569458,0.0011346263117957278,0.0002009799936786294,0.6125243799760938,0.05595401508981013,0.00867720996029675,0.07620383909670636,0.01203601817087474,0.0005931999767199159,0,0,0,,,,,1,0.41796875,0,107
41,13879.917214878,1788906215.6825728,0.47265625,1.0408340855860843e-17,371.2006721496582,0.26827603578567505,1,-1,0.625,0.40984004735946655,0.002575220772996545,1.0042047500610352,0.9827549457550049,0.9573440551757812,0,0,0.017444968223571777,0.0019481569761410356,1.0019501447677612,0.25031009316444397,-0.048997629433870316,-0.04816349595785141,0.01743028312921524,0.0019481569761410356,1,1,0.0019481569761410356,1,7.03125,1316.15625,0.01852232170395684,0.03125,0,23845,0,56.186493791389836,0.00012494159886810565,0.5009721294169618,47176.8125,0.7469427573326016,17595.09375,0.5211396729573607,0.6168415790227734,58289.5625,0.818572141435953,19318.46875,0.626049131155014,0.03126228617039457,0.42979390918698324,40447.15625,0.7460033613309358,17601.5,12.035072803497314,0.03125,0,1.673503941861143,0.5718903532385025,0,53.189553521389755,0.00012280786845174992,,,,,,,,,,,,,,,,0.16015625,6302,8192,2979.875,4326.05859375,259,259,4096,4096,4096,32.29117783397669,8.101924250018783,,,,,,,,,0.8571428571428572,-1,0.45945286893816456,0,0,1,,,,,,0.7057242393493652,0.019487515091896057,0.32336950302124023,0.007240505423396826,0.9985237717628479,,,,,,,,,,,,,0.010313618986401707,0.0011006560978330526,0.00017777999164536595,0.602662599994801,0.04746287108673641,0.006762630015145987,0.029444481944665313,0.011746807759891453,0.0006549299578182399,0,0,0,,,,,1,0.47265625,0,121
42,14297.49826547,1788906637.0932555,0.359375,2.42861286636753e-17,411.35974526405334,0.3767455816268921,0.8571428656578064,-1,0.8125,0.4244004189968109,0.003321001073345542,1.0071182250976562,0.9818763732910156,0.9579854011535645,0,0,0.018328770995140076,0.003101436421275139,1.0031062364578247,0.3155709505081177,-0.025505466386675835,-0.024923091754317284,0.018321651965379715,0.003101436421275139,1,1,0.003101436304859817,1,7.03125,1390.125,0.019504293093111996,0.03125,0,23839,0,29.984954771418465,0.0001979268049280383,0.5132068807946116,48706.5625,0.7646160844014225,18154.1875,0.502314455807209,0.6291324702659069,59876.15625,0.8360160233650903,19879.9375,0.5279448144137859,0.03268160149782867,0.4422274719449558,41832.625,0.7653535022342883,18136,11.748786568641663,0.03125,0,1.5995619483007673,0.6147861608102265,0,31.080746749087027,0.0001939896871318126,,,,,,,,,,,,,,,,0.15625,8192,8192,3172.15234375,4581.5625,350,350,4096,4096,4096,33.96904378000181,8.124804730003234,,,,,,,,,1,-1,0.411877235523957,0,0,1,,,,,,0.9293285608291626,0.01911168545484543,0.36713075637817383,0.007094528991729021,0.9985437393188477,,,,,,,,,,,,,0.0075476200436241925,0.0011015317502369726,0.0001904600067064166,0.6200597700080834,0.045980773815472276,0.010191039997152984,0.03442504984559491,0.011364339021156411,0,0,0,0,,,,,1,0.359375,0,92
43,14701.364217154,1788907055.811826,0.45703125,1.9081958235744878e-17,407.6530933380127,0.31875354051589966,1,-1,0.71875,0.41426894068717957,0.002897449769079685,1.0051021575927734,0.9835984706878662,0.9454441070556641,0,0,0.016589026898145676,0.0021439490374177694,1.0021462440490723,0.37869471311569214,-0.03508073836565018,-0.03472662717103958,0.01657184585928917,0.0021439490374177694,1,1,0.0021439490374177694,1,7.1875,1386.1875,0.017695109873496224,0.03125,0,25377.21875,0,52.018128102881896,0.00015394738884002947,0.504958293842813,51020.28125,0.7524811830762679,19021.25,0.4564551981166005,0.6243564041054059,63355.71875,0.8273747979504182,20965.125,0.5534309912472963,0.03017705253308587,0.43103519030667237,43465.65625,0.7489203613953065,18897.625,12.08205372095108,0.1875,0,1.6903069079913617,0.6047606914584007,0,44.37094138971253,0.00015724916273949797,,,,,,,,,,,,,,,,0.15234375,8192,8192,3097.265625,4455.328125,295,295,4096,4096,4096,32.52923910098616,6.939170475001447,,,,,,,,,1,-1,0.4248349019060828,0,0,1,,,,,,1.1584162712097168,0.01930384896695614,0.37532496452331543,0.007151197642087936,0.9985314011573792,,,,,,,,,,,,,0.006140189012512565,0.0011043817248719279,0.00016044004587456584,0.6177495499723591,0.0490062926508017,0.0059597400249913335,0.027121929975692183,0.011494197677620832,0,0,0,0,,,,,1,0.45703125,0,117
44,15121.405264591,1788907458.4738517,0.359375,1.3877787807814457e-17,392.6850085258484,0.3297591209411621,1,-1,0.78125,0.420349657535553,0.0028150302823632956,1.006063461303711,0.9834077954292297,0.9628372192382812,0,0,0.016765205189585686,0.00217812554910779,1.002180576324463,0.34089288115501404,-0.03889063745737076,-0.03840445727109909,0.016748731955885887,0.00217812554910779,1,1,0.002178125665523112,1,7.0625,1362.53125,0.017769398453169227,0.03125,0,24778.125,0,39.41624958153181,0.00030959830974222765,0.5056038490283741,49891.59375,0.752786175547073,18581.3125,0.49133893661201,0.6222404698639521,61627.65625,0.8248737871425218,20397.0625,0.5897894091904163,0.02990725382172181,0.4349126191681517,42788.59375,0.7546455457431,18584.9375,11.3165944814682,0.0625,0,1.6389722267420774,0.5909275034531019,0,37.6677158854533,0.0003125191500464936,,,,,,,,,,,,,,,,0.19140625,6872,8192,3321.28125,4703.35546875,319,319,4096,4096,4096,34.79305029299576,8.127824185008649,,,,,,,,,1,-1,0.39285714285714285,0,0,1,,,,,,1.5721465349197388,0.019687864929437637,0.4532303214073181,0.007297718431800604,0.9985266327857971,,,,,,,,,,,,,0.008468359999824315,0.0011022447326922702,0.0002064599539153278,0.6068684799829498,0.049961480003048564,0.005962769966572523,0.028645550017245114,0.011748344637453556,0.0005754099693149328,0,0,0,,,,,1,0.359375,0,92
45,15521.056078331,1788907879.0626698,0.4765625,1.0408340855860843e-17,410.0613238811493,0.27320557832717896,1,-1,0.625,0.42351165413856506,0.0027316154446452856,1.0059080123901367,0.9843830466270447,0.9604415893554688,0,0,0.015812307596206665,0.0017526233568787575,1.0017541646957397,0.32056593894958496,-0.03455711901187897,-0.03418947383761406,0.01576128788292408,0.0017526233568787575,1,1,0.0017526233568787575,1,7.125,1476.40625,0.01692798264121382,0.03125,0,26570.25,0,61.10004301039826,0.0003796278175305777,0.5137075715187267,54303.625,0.764895034607384,20222.3125,0.5359559655189514,0.6302144215812608,66751.4375,0.8367292522322376,22146.84375,0.5881836675107479,0.0271215796822034,0.4403496703689245,46581.34375,0.7636216252436636,20219.25,11.031490921974182,0.15625,0,1.6998652567003072,0.5850879696034413,0,70.93738515622515,0.000366526363778213,,,,,,,,,,,,,,,,0.21875,7148,8192,3577.92578125,4949.2890625,318,318,4096,4096,4096,35.68684655003017,6.970093694981188,,,,,,,,,1,-1,0.41954786158824037,0,0,1,,,,,,1.7522773742675781,0.0197463221848011,0.5863099098205566,0.007341515272855759,0.9985111355781555,,,,,,,,,,,,,0.006188150029629469,0.0010862742578865436,0.00018580001778900623,0.6009293500101194,0.05360415991140144,0.004644920001737773,0.026970489125233144,0.012703646902537002,0.0006643199594691396,0,0,0,,,,,1,0.4765625,0,122
46,15923.771183736,1788908278.1916406,0.3671875,1.214306433183765e-17,389.0905191898346,0.31387990713119507,1,-1,0.6875,0.41677072644233704,0.002700433135032654,1.0055646896362305,0.9842931032180786,0.9502658843994141,0,0,0.015861954540014267,0.0020684641785919666,1.0020705461502075,0.3129957318305969,-0.01895267143845558,-0.018358923494815826,0.01584884524345398,0.0020684641785919666,1,1,0.0020684642950072885,1,7,1581.28125,0.01698792254842578,0.03125,0,28623.40625,0,71.16629957886543,0.00010337631773734587,0.5082885462196094,58220.21875,0.756126974312554,21657.53125,0.5268049761652946,0.6226435123306284,71337.125,0.8267533970836852,23681.78125,0.6180408168584108,0.02857871868958753,0.437335994236156,50053.34375,0.7584608140556053,21710,12.311163067817688,0,0,1.6070195165193741,0.573338104260591,0,71.57876540989453,0.00010548441825877325,,,,,,,,,,,,,,,,0.2109375,6842,8192,3233.6015625,4611.20703125,287,287,4096,4096,4096,34.001507959968876,7.464149005012587,,,,,,,,,1,-1,0.34069257193462343,0,0,1,,,,,,0.8911569118499756,0.020085152238607407,0.3808121681213379,0.0074150701984763145,0.9985131025314331,,,,,,,,,,,,,0.0064889800269156694,0.0010708655690905289,0.00019910902483388782,0.13055990799330175,0.04157826416417265,0.0037590099964290857,0.08284463896416128,0.011485745841582684,0.0005818300414830446,0,0,0,,,,,1,0.3671875,0,94
47,16377.912734088,1788908681.3603177,0.47265625,1.734723475976807e-17,392.67835879325867,0.22216245532035828,1,-1,0.5625,0.4277048408985138,0.002294507110491395,1.007070541381836,0.984146773815155,0.9561581611633301,0,0,0.016023334115743637,0.0013527204282581806,1.0013536214828491,0.26382797956466675,-0.02128932625055313,-0.020879141986370087,0.015998953953385353,0.0013527204282581806,1,1,0.0013527204282581806,1,7.03125,1438.15625,0.01716959770163715,0.03125,0,25868.8125,0,40.29857744444552,0.0005839796374565009,0.5100063576239808,52622.71875,0.7587615099139094,19580.25,0.5674297353252769,0.6244557521686831,64493.71875,0.8292652794272355,21408.3125,0.6349534280598164,0.02785535388010607,0.44196381412585317,45565.875,0.764476097299494,19730.25,11.800593972206116,0.03125,0,1.6238890241589352,0.6016654195680398,0,38.15525859110683,0.0005835810480219397,,,,,,,,,,,,,,,,0.1953125,6412,8192,3592.46484375,4955.1171875,513,513,4096,4096,4096,35.54892348399153,6.959312593040522,,,,,,,,,1,-1,0.3685672757241124,0,0,1,,,,,,2.0294084548950195,0.019937505945563316,0.3538968861103058,0.007339632138609886,0.9985416531562805,,,,,,,,,,,,,0.005419668974354863,0.0010683958194022125,0.00017879001097753644,0.6360935289994814,0.06007279888490302,0.007853229995816946,0.07312914601061493,0.012163386219071981,0.0006794600049033761,0,0,0,,,,,1,0.47265625,0,121
48,16796.491961502,1788909135.042944,0.26953125,6.938893903907228e-18,443.6549665927887,0.23649245500564575,1,-1,0.5625,0.41972994804382324,0.001866149716079235,1.0033845901489258,0.9849107265472412,0.9630446434020996,0,0,0.01522742584347725,0.0014711205149069428,1.0014722347259521,0.2681785821914673,-0.010443070903420448,-0.010361681692302227,0.015218209475278854,0.0014711205149069428,1,1,0.0014711205149069428,1,7.0625,1575.53125,0.016322575090757626,0.03125,0,28739.71875,0,36.54395778107594,0.0005075136962212198,0.5051560291312018,58158.625,0.7517348539906348,21636.4375,0.46567993448115885,0.621880812083679,71537.15625,0.8247795249838515,23725.25,0.6480384729802608,0.02510824272216349,0.43855106512031916,50451.40625,0.7595679255471468,21848.90625,10.923685610294342,0.0625,0,1.662195652928088,0.5760652992786763,0,32.02829749429327,0.0005451476092414895,,,,,,,,,,,,,,,,0.2890625,8192,8192,3979.265625,5563.45703125,378,378,4096,4096,4096,39.75644494802691,7.4488799659884535,,,,,,,,,1,-1,0.339755314115008,0,0,1,,,,,,1.3488502502441406,0.01998143643140793,0.551545262336731,0.0073659359477460384,0.9985272288322449,,,,,,,,,,,,,0.005978389992378652,0.0011725448748620693,0.00016696995589882135,0.6370105799869634,0.05420368251793661,0.00941200996749103,0.031282481213565916,0.012837866201834913,0,0,0,0,,,,,1,0.26953125,0,69
49,18961.318722913,1788909555.0477598,0.45703125,1.734723475976807e-18,409.1047284603119,0.20202694833278656,1,-1,0.46875,0.4223434627056122,0.001829569460824132,1.0046758651733398,0.9854699969291687,0.9692931175231934,0,0,0.014653529971837997,0.0011874325573444366,1.0011881589889526,0.25247329473495483,-0.010534513741731644,-0.01045907661318779,0.014648745767772198,0.0011874325573444366,1,1,0.0011874325573444366,1,7.03125,1731.5,0.01579740205920868,0.03125,0,31834.125,0,24.77551497391392,0.0003656471734537173,0.5126410346340861,65124.96875,0.7629981374976678,24236.21875,0.584918512031436,0.6330490192426679,80488.59375,0.8378961037558414,26626.375,0.5908895079046488,0.02398380354525584,0.44049412759852946,55934.90625,0.7641745036806931,24270.15625,10.61636507511139,0.03125,0,1.6327712590017793,0.5467356344383416,0,23.34652498301542,0.00036916354725821616,,,,,,,,,,,,,,,,0.16015625,8192,8192,3286.21875,4365.93359375,377,377,4096,4096,4096,31.892610425013117,6.930058528028894,,,,,,,,,1,-1,0.4000956518287157,0,0,1,,,,,,1.1581363677978516,0.02008536271750927,0.3564004898071289,0.007365092169493437,0.9985450506210327,,,,,,,,,,,,,0.005857070966158062,0.0010418011727324483,0.00015943002654239535,0.6242361700278707,0.05304540112933864,0.006104930012952536,0.09407915797783062,0.010530011903483683,0,0,0,0,,,,,1,0.45703125,0,117
50,19406.873595711,1788911720.6305196,0.48046875,6.938893903907228e-18,2153.397094964981,0.2992720901966095,1,-1,0.65625,0.43237441778182983,0.0036331270821392536,1.0058984756469727,0.9857728481292725,0.9618010520935059,0,0,0.014424464665353298,0.0016529536806046963,1.0016542673110962,0.26450249552726746,-0.018605396151542664,-0.01837986893951893,0.014344827271997929,0.0016529536806046963,1,1,0.0016529536806046963,1,7,1393.1875,0.015558808498152842,0.03125,0,26289.75,0,24.310337094692724,0.0003764096360085172,0.5103788781864849,53207.09375,0.7591398944102499,19803.1875,0.44819696992635727,0.6261875644452624,65543.5,0.8300746269044613,21694.28125,0.5827095918357372,0.022549113543136025,0.4394261244828057,45795.40625,0.7606489812750338,19839.21875,9.59997433423996,0,0,1.619011930022702,0.6042308884665435,0,24.04178409797767,0.00037736809121963677,800,50,0.4050000011920929,0.405,1750.540832745959,0.22875,7112,8192,3533.492431640625,4810,279,279,4096,4096,4096,0.1953125,6842,8192,3710.53125,5057.84765625,360,360,4096,4096,4096,13.200511362691788,7.743169685010798,1,9.575673587391974e-18,-1,0.2734937523477044,0.1,0.32,0.58,0.405,1,-1,0.4016864956857854,0,0,1,1.5211730003356934,0.02062613992020488,0.39502668380737305,0.007575845369137824,0.9985217791795731,1.0490636825561523,0.02026151306927204,0.3426942825317383,0.007415761239826679,0.9985471963882446,67.21881714701885,12.376321857853764,0.00016292999498546124,64.34317200200167,5.752008317408836,0.0005332200089469552,304.23208663315745,50.86052417637184,0.0004544499679468572,0,0,0,0.008081120031420141,0.0010788845856950502,0.00020867999410256743,0.62499913998181,0.04932690319037647,0.005996159976348281,0.027858818240929395,0.011872672558638442,0.0006025899783708155,0,0,0,1,0.405,0,3.24,1,0.48046875,0,123
51,19830.716249108,1788912164.8532183,0.4375,1.691355389077387e-17,433.31963324546814,0.2911653220653534,1,-1,0.59375,0.4268782138824463,0.0025575493928045034,1.0084028244018555,0.9857891798019409,0.9668359756469727,0,0,0.01434322725981474,0.00175063731148839,1.001752257347107,0.2512710988521576,-0.015708118677139282,-0.015388437546789646,0.014326496049761772,0.00175063731148839,1,1,0.00175063731148839,1,7.09375,1610.875,0.015488562949228242,0.03125,0,29684.25,0,19.96303115374214,0.0002617050160628453,0.5078874274538494,60135.96875,0.7542398388733593,22329.8125,0.47999038407579064,0.6232594171997554,73855.125,0.8260478850931663,24467.375,0.5717367744073272,0.022678275906247013,0.4435830150867141,52567.34375,0.766373028684806,22719.25,10.216473519802094,0.09375,0,1.6488402070857653,0.5902499579712688,0,20.80337240692359,0.000264533980819469,,,,,,,,,,,,,,,,0.2421875,8192,8192,3763.6796875,5165.88671875,423,423,4096,4096,4096,37.21323003503494,8.208349699969403,,,,,,,,,1,-1,0.3912303982179758,0,0,1,,,,,,1.762217402458191,0.02016938477754593,0.5445532202720642,0.0074191647581756115,0.9985305666923523,,,,,,,,,,,,,0.0052863689488731325,0.0009909315533604968,0.00017410999862477183,0.6612527589895763,0.05601494174470645,0.0061452899826690555,0.08567491889698431,0.012139415542606002,0,0,0,0,,,,,1,0.4375,0,112
52,20240.647471836,1788912589.9536822,0.44140625,1.0408340855860843e-17,413.08396887779236,0.27285516262054443,1,-1,0.6875,0.42981696128845215,0.0026855026371777058,1.0046167373657227,0.9866098165512085,0.9685955047607422,0,0,0.013540718704462051,0.001423829235136509,1.0014249086380005,0.3628286123275757,-0.006578139960765839,-0.006721370853483677,0.013494639657437801,0.001423829235136509,1,1,0.001423829235136509,1,7.0625,1600.15625,0.014626329798026656,0.03125,0,30109.4375,0,23.04898052124446,0.0008535500930690668,0.5138109459417657,61790.5,0.7638574862281826,22978.5,0.5718590756878257,0.634908903944414,76533.375,0.8395822442540324,25283.09375,0.6753357825800776,0.020554302225816157,0.44118745076666155,52976.15625,0.7644387116924213,22967.625,9.051412880420685,0.0625,0,1.6546017374935702,0.5547036140647079,0,24.145921495053614,0.0008567849945608053,,,,,,,,,,,,,,,,0.24609375,6755,8192,3871.8203125,5342.78125,237,237,4096,4096,4096,37.650082289008424,8.069208945031278,,,,,,,,,1,-0.8571428571428571,0.39528470752104744,0,0,1,,,,,,0.8895425796508789,0.020338095724582672,0.25945425033569336,0.007448675110936165,0.9985504150390625,,,,,,,,,,,,,0.005161729990504682,0.0009752583673616755,0.00018332002218812704,0.6552073089987971,0.051939530173967796,0.004522950039245188,0.02929079905152321,0.011983690075794584,0.0007035300368443131,0,0,0,,,,,1,0.44140625,0,113
53,20663.86006832,1788912998.1886494,0.51953125,1.3877787807814457e-17,397.7702124118805,0.2694835662841797,1,-0.8571428656578064,0.625,0.4280998706817627,0.0028965750243514776,1.0035343170166016,0.9862138032913208,0.970761775970459,0,0,0.013911228626966476,0.001429741270840168,1.0014307498931885,0.30961906909942627,-0.02843952737748623,-0.028192907571792603,0.013894015923142433,0.001429741270840168,1,1,0.001429741270840168,1,7.03125,1655.125,0.014983686431095206,0.03125,0,30974.5625,0,39.811866028825094,0.0004806089110836741,0.5141484061585924,63808.78125,0.7634980036359558,23689.71875,0.44522863533347845,0.632731387900069,78519.28125,0.8377227193354823,25989.1875,0.5405590683221817,0.021868631429306912,0.4458283846050648,55290.625,0.7723767598561821,23940.46875,9.872003138065338,0.03125,0,1.6371355721999448,0.5968009540211862,0,39.20453123537383,0.00045873522455047266,,,,,,,,,,,,,,,,0.1875,6977,8192,3485.45703125,4711.95703125,334,334,4096,4096,4096,34.818716325971764,9.012087028007954,,,,,,,,,1,-1,0.3702935955951379,0,0,1,,,,,,1.1721279621124268,0.020582424476742744,0.3401761054992676,0.007573628332465887,0.9985224008560181,,,,,,,,,,,,,0.00795454002218321,0.0009440051151159423,0.0001938199857249856,0.7226629770011641,0.047013081433078696,0.002901109983213246,0.08607958897482604,0.011599905401681099,0.0006427299813367426,0,0,0,,,,,1,0.51953125,0,133
54,21101.104926594,1788913422.4700146,0.36328125,2.6020852139652106e-17,412.8969900608063,0.24922826886177063,1,-1,0.625,0.43157678842544556,0.00255352770909667,1.0025091171264648,0.986870527267456,0.9654374122619629,0,0,0.01324443519115448,0.001206776825711131,1.0012074708938599,0.23271134495735168,-0.022247277200222015,-0.022054653614759445,0.013230321928858757,0.001206776825711131,1,1,0.001206776825711131,1,7.0625,1483.84375,0.014384331560183223,0.03125,0,27883.65625,0,20.80520334300202,0.000846352936524687,0.5162120436637723,57801.0625,0.7669017388111684,21469.15625,0.4786443901248276,0.6351004350715121,71043.6875,0.8411586224756206,23532.21875,0.5732824169099331,0.019564906737612294,0.44584249273863313,49896.25,0.7710241698330772,21573.71875,9.35554838180542,0.0625,0,1.659607853135745,0.5977757333784771,0,20.367708002537412,0.0008431674157039328,,,,,,,,,,,,,,,,0.28515625,7050,8192,3839.6484375,5210.171875,339,339,4096,4096,4096,37.35241664398927,7.15332685096655,,,,,,,,,1,-1,0.38048706701183066,0,0,1,,,,,,3.054993152618408,0.020436609163880348,0.683669924736023,0.007479890249669552,0.9985418319702148,,,,,,,,,,,,,0.00829697895096615,0.001192103126186339,0.00018788996385410428,0.6522106489865109,0.050746202443860966,0.009483190020546317,0.026604700076859444,0.01105328049061427,0.0005843000253662467,0,0,0,,,,,1,0.36328125,0,93
55,21546.710217632,1788913858.626849,0.234375,5.204170427930421e-18,425.84987926483154,0.2691749334335327,1,-1,0.71875,0.4341915547847748,0.003175390651449561,1.0029983520507812,0.9869202971458435,0.9678268432617188,0,0,0.013197166845202446,0.0013565854169428349,1.0013575553894043,0.3761180341243744,-0.006014638114720583,-0.00579356262460351,0.013179842382669449,0.0013565854169428349,1,1,0.0013565854169428349,1,7.03125,1607.8125,0.014363399634985107,0.03125,0,30717.1875,0,32.184349100038354,0.00033240698180127265,0.5193998799100376,63720.40625,0.7708075960132068,23643.34375,0.6768684289418161,0.6394840692265271,78544.15625,0.8466972696534729,25991.5625,0.6243073269724846,0.02029097393899056,0.4470235033350005,54768.46875,0.7740277736954555,23740.9375,9.72795581817627,0.03125,0,1.62594333170507,0.5455686203835597,0,32.42699362390284,0.0003429661011922481,,,,,,,,,,,,,,,,0.29296875,7037,8192,4141.96875,5621.51953125,424,424,4096,4096,4096,40.31023419398116,8.307706500054337,,,,,,,,,1,-0.8571428571428571,0.3779644730092272,0,0,1,,,,,,1.2695542573928833,0.02032448910176754,0.3331935405731201,0.0074250102043151855,0.9985637068748474,,,,,,,,,,,,,0.010207740007899702,0.001199963806584492,0.00020564004080370069,0.6643968890421093,0.055341015763588075,0.009406709985341877,0.10138616687618196,0.012077761921773345,0.0007796100107952952,0,0,0,,,,,1,0.234375,0,60
56,22006.474551927,1788914305.0492446,0.30078125,6.071532165918825e-18,435.07455015182495,0.2631000876426697,1,-0.8571428656578064,0.5625,0.43081676959991455,0.0019671020563691854,1.0035514831542969,0.9877512454986572,0.9714932441711426,0,0,0.012343857437372208,0.0011955200461670756,1.0011961460113525,0.31580719351768494,-0.0065637086518108845,-0.006375908385962248,0.012336271815001965,0.0011955200461670756,1,1,0.0011955200461670756,1,7.0625,1710.875,0.013547592658327796,0.03125,0,33135.75,0,25.974938687472253,0.00041262558315958905,0.5196205819608601,68725.34375,0.7713833462081718,25510.4375,0.5572936469689012,0.6404968638875377,84807.28125,0.8473880611312713,28041.71875,0.6462984029203653,0.019197260646883187,0.44717577798525754,59208.5625,0.775638113856012,25672.375,9.840614557266235,0.0625,0,1.7026418474502063,0.5559996130193929,0,25.589257787930755,0.00040784424456849207,,,,,,,,,,,,,,,,0.34375,7097,8192,4128.85546875,5590.34765625,413,413,4096,4096,4096,39.51755201298511,7.152434772986453,,,,,,,,,1,-1,0.36683283186025245,0,0,1,,,,,,1.489443302154541,0.02021791972219944,0.2973651885986328,0.007344412617385387,0.9985867738723755,,,,,,,,,,,,,0.007464669004548341,0.0010788413676436903,0.00021386996377259493,0.7405856439727359,0.08297718500921292,0.009520190011244267,0.09220120799727738,0.012519452770902717,0.00076814997009933,0,0,0,,,,,1,0.30078125,0,77
57,22430.910949837,1788914764.659243,0.45703125,1.5612511283791264e-17,448.51047468185425,0.24441125988960266,1,-1,0.5,0.42635536193847656,0.002121975179761648,1.0040998458862305,0.9876061677932739,0.9715113639831543,0,0,0.012517191469669342,0.0010772754903882742,1.0010778903961182,0.2626485526561737,0.0017092181369662285,0.0017522573471069336,0.012484338134527206,0.0010772754903882742,1,1,0.0010772754903882742,1,7.03125,1673.34375,0.013679095199905096,0.03125,0,33030.84375,0,63.13354260904339,0.0009487782317653772,0.5215221449470585,69116.4375,0.7746322842173672,25668.5,0.5131873972713947,0.6453234776340295,85496.46875,0.8528335906109503,28252.71875,0.6232646573334932,0.019995191499194702,0.4446115046727461,58963.03125,0.7740309733861228,25661.75,10.398062527179718,0.03125,0,1.6808478623391376,0.5665117163888338,0,159.1804763625079,0.000786440455072363,,,,,,,,,,,,,,,,0.28515625,8192,8192,4145.73828125,5626.89453125,330,330,4096,4096,4096,39.64216030098032,8.187393590982538,,,,,,,,,1,-1,0.3598114585644622,0,0,1,,,,,,1.552873134613037,0.020026179030537605,0.3319876194000244,0.007318506948649883,0.9985661506652832,,,,,,,,,,,,,0.07996180799091235,0.0013909171821069322,0.0001751899835653603,0.6567808450199664,0.051997087622794425,0.002714279980864376,0.028995039057917893,0.011975961614098196,0,0,0,0,,,,,1,0.45703125,0,117
58,22859.267764974,1788915189.2028415,0.42578125,1.214306433183765e-17,413.3449523448944,0.23416370153427124,1,-1,0.5625,0.4173455238342285,0.002205694792792201,1.002145767211914,0.9880075454711914,0.9688100814819336,0,0,0.012078202329576015,0.0010058607440441847,1.0010063648223877,0.2569276690483093,0.0016563162207603455,0.0016623912379145622,0.012076640501618385,0.0010058607440441847,1,1,0.0010058607440441847,1,7.0625,1689.53125,0.013195769378818698,0.03125,0,33165.90625,0,78.37816088515886,0.0011300365886530008,0.5212458456996478,69368.40625,0.7738397625233491,25744.4375,0.5143156480044127,0.6454498623499196,85842.4375,0.8526485146470335,28353.21875,0.6283131698146462,0.01719956367026889,0.44529420744812426,59142.1875,0.775169818961491,25755.84375,8.589336156845093,0.0625,0,1.7294884256292176,0.5619148469049555,0,67.46284399075415,0.001119259230273532,,,,,,,,,,,,,,,,0.23828125,6977,8192,3964.58984375,5245.59375,356,356,4096,4096,4096,37.52390652598115,7.967883735022042,,,,,,,,,1,-1,0.37372231315100624,0,0,1,,,,,,1.8867223262786865,0.019897092133760452,0.6398289203643799,0.007257470395416021,0.9985809326171875,,,,,,,,,,,,,0.005316700029652566,0.0010490414704236173,0.00020662002498283982,0.6421435359516181,0.04985117457567867,0.0026062700198963284,0.027685880020726472,0.01058739761833749,0.0006675909971818328,0,0,0,,,,,1,0.42578125,0,109
59,23264.832865451,1788915617.3736408,0.34765625,6.938893903907228e-18,417.14808678627014,0.2525046169757843,1,-1,0.5625,0.4165298342704773,0.0020305002108216286,1.0008172988891602,0.988356351852417,0.9683694839477539,0,0,0.011727032251656055,0.0009859876008704305,1.0009864568710327,0.295247882604599,-0.02617708593606949,-0.02602078579366207,0.011723900213837624,0.0009859876008704305,1,1,0.0009859876008704305,1,7.09375,1571.46875,0.012924867991925413,0.03125,0,31716.71875,0,34.71014198715237,0.0013612640652126552,0.5238832986196966,66762.46875,0.778126357419932,24791.625,0.5363549455069005,0.6499970138808169,82830.6875,0.8583837678822228,27345.5625,0.7016147370450199,0.017837538063552094,0.44391233283101406,56446.78125,0.775038601734283,24659.375,9.416661620140076,0.09375,0,1.6462579670551996,0.5279302131475458,0,31.92649963039035,0.0013873489698540188,,,,,,,,,,,,,,,,0.25390625,7102,8192,3933.0546875,5173.43359375,328,328,4096,4096,4096,36.71586325101089,8.192722357984167,,,,,,,,,1,-1,0.3580346009957754,0,0,1,,,,,,1.6655185222625732,0.019489524886012077,0.4740344285964966,0.0071318927221000195,0.9985882639884949,,,,,,,,,,,,,0.006967050023376942,0.0010615429196150217,0.00020315003348514438,0.6540854179766029,0.04806440799302436,0.008769800013396889,0.026781808002851903,0.01084812203976071,0.0004716800176538527,0,0,0,,,,,1,0.34765625,0,89
60,23704.44160859,1788916022.0817952,0.3984375,1.0408340855860843e-17,394.5058288574219,0.22558020055294037,1,-1,0.53125,0.4099005162715912,0.002344028325751424,1.0033607482910156,0.9891648292541504,0.9712038040161133,0,0,0.01091699581593275,0.0009778948733583093,1.0009784698486328,0.2556436061859131,-0.0196175929158926,-0.01926613785326481,0.010903573594987392,0.0009778948733583093,1,1,0.0009778948733583093,1,7.09375,1508.5625,0.012088905792207321,0.03125,0,31464.4375,0,46.38120973481432,0.0012709844361767934,0.5175084277267484,65211.96875,0.76913919645475,24231.96875,0.5362424440681934,0.6447845464197135,81285.15625,0.8503754307080533,26795.75,0.6686674654483795,0.01618113554894445,0.43949108722448815,55372.5,0.768558535698898,24216.8125,9.101807594299316,0.09375,0,1.6643722992489312,0.5814603880625211,0,45.225425188288526,0.0012887467649028241,,,,,,,,,,,,,,,,0.19921875,6872,8192,3561.24609375,4725.02734375,207,207,4096,4096,4096,35.12900864897529,8.218745327030774,,,,,,,,,1,-1,0.3234066120763363,0,0,1,,,,,,1.2819647789001465,0.02036961354315281,0.4050004482269287,0.007424313109368086,0.9985549449920654,,,,,,,,,,,,,0.006841839989647269,0.0011125186745175597,0.00019195995992049575,0.6628123179543763,0.06508414075983637,0.002629609953146428,0.02231949009001255,0.00930834437303929,0.0006731500034220517,0,0,0,,,,,1,0.3984375,0,102
61,24132.965599079,1788916462.812914,0.4140625,0,429.44561553001404,0.18494507670402527,1,-1,0.4375,0.42679259181022644,0.002135041169822216,1.0043096542358398,0.9881225824356079,0.9677190780639648,0,0,0.012059272266924381,0.0008740564808249474,1.000874400138855,0.180080845952034,-0.04092225804924965,-0.04061642289161682,0.011964275501668453,0.0008740564808249474,1,1,0.0008740564808249474,1,7.09375,1398.9375,0.01307711937456234,0.03125,0,28489.96875,0,31.69547384851274,0.0012498766500855562,0.5390182881511733,61489.03125,0.8001847578808872,22825.78125,0.5154432058334351,0.6652808644204397,75908.25,0.8790463391349026,25079.25,0.5699684415012598,0.01943283054734994,0.44772270425793836,51310.09375,0.7847701180515383,22464,9.796552240848541,0.09375,0,1.6708572905835226,0.5719208883221774,0,30.475556460997566,0.0012465241324090296,,,,,,,,,,,,,,,,0.25,7102,8192,4104.78125,5526.4375,329,329,4096,4096,4096,39.223018635006156,7.096389662008733,,,,,,,,,1,-1,0.31542003094028026,0,0,1,,,,,,1.5408906936645508,0.019357305020093918,0.5307695865631104,0.007080939132720232,0.9985848069190979,,,,,,,,,,,,,0.005499740014784038,0.001060115370364656,0.00017069000750780106,0.6617719280184247,0.05525642196403169,0.0070135899586603045,0.07791168900439516,0.011226613384451412,0.000727950013242662,0,0,0,,,,,1,0.4140625,0,106
62,24558.78595488,1788916891.0873313,0.34765625,6.938893903907228e-18,417.15230917930603,0.17856745421886444,1,-1,0.4375,0.40109169483184814,0.0018957111751660705,1.002253532409668,0.987740159034729,0.9701027870178223,0,0,0.012367925606667995,0.0009114113636314869,1.000911831855774,0.1871814876794815,-0.018137995153665543,-0.0178859680891037,0.012349195778369904,0.0009114113636314869,1,1,0.0009114113636314869,1,7.1875,1621.3125,0.013479463310722677,0.03125,0,32838.25,0,42.61656932435048,0.0012029593179122742,0.5296970913040813,69686.34375,0.7879636792585291,25921.625,0.5586052061989903,0.6599789349269545,86839.46875,0.8706118774439849,28637.28125,0.593280783854425,0.01948002227623424,0.44303608078962764,58285.90625,0.7789725284080624,25633.375,9.866714477539062,0.1875,0,1.8406857285518095,0.5606727845988322,0,39.84169764935688,0.001217607168085979,,,,,,,,,,,,,,,,0.24609375,7211,8192,3839.66796875,5056.36328125,363,363,4096,4096,4096,37.25230906199431,8.145079153997358,,,,,,,,,1,-1,0.3282995769794685,0,0,1,,,,,,4.2213335037231445,0.01977272517979145,0.5743777751922607,0.0072075785137712955,0.9985679388046265,,,,,,,,,,,,,0.006667260022368282,0.001015318001009291,0.00019376998534426093,0.7455719669815153,0.08761871491583406,0.005836180003825575,0.02608319098362699,0.00988071982578731,0.000805150019004941,0,0,0,,,,,1,0.34765625,0,89
63,24974.446853528,1788917317.2535677,0.28515625,8.673617379884035e-18,414.7068421840668,0.20158837735652924,1,-1,0.40625,0.4146582782268524,0.0023817948531359434,1.0055732727050781,0.9882701635360718,0.9653639793395996,0,0,0.01185631938278675,0.0010024015791714191,1.0010029077529907,0.16960477828979492,-0.03936750814318657,-0.03889241814613342,0.011811207979917526,0.0010024015791714191,1,1,0.0010024015791714191,1,7.15625,1509.78125,0.012910468640429548,0.03125,0,30717.34375,0,25.60533463514566,0.00231128369507467,0.5319652757053233,65608.84375,0.7903371017156817,24365.90625,0.7774388305842876,0.6588877175609266,81207.96875,0.8701236898412171,26810.5625,0.6365669667720795,0.018447758805642957,0.44407196561075013,54712.125,0.7796645047540944,24025.65625,9.48697543144226,0.21875,0,1.8274084386513811,0.5280749177513527,0,23.085571295075997,0.0022961897128797428,,,,,,,,,,,,,,,,0.26953125,6872,8192,3914.92578125,5250.70703125,431,431,4096,4096,4096,38.224956655991264,7.909736611996777,,,,,,,,,1,-1,0.3508371911497946,0,0,1,,,,,,2.156074285507202,0.020285306498408318,0.6701753735542297,0.007376230787485838,0.9985424280166626,,,,,,,,,,,,,0.00675219000549987,0.001126522689446574,0.0001944000250659883,0.708349107997492,0.06737152535333735,0.008792210021056235,0.08181363996118307,0.010661609826229324,0.0006084290216676891,0,0,0,,,,,1,0.28515625,0,73
64,25386.546969123,1788917731.8313708,0.34765625,5.204170427930421e-18,404.27435088157654,0.232817605137825,1,-1,0.53125,0.4249032735824585,0.001956240739673376,1.0038423538208008,0.9881078004837036,0.9667201042175293,0,0,0.012016501277685165,0.0010617086663842201,1.001062273979187,0.2305644303560257,-0.033207911998033524,-0.03283001109957695,0.011976629495620728,0.0010617086663842201,1,1,0.0010617086663842201,1,7.1875,1587.09375,0.013152444114498781,0.03125,0,31319.40625,0,17.00191340303252,0.0011602410360242238,0.5447747092293748,68335.96875,0.8079862519395785,25346.1875,0.8651577564887702,0.6700861975442545,84152.59375,0.8859997491152585,27805.46875,0.6464353706687689,0.018991051547318574,0.4518241660476006,56794.96875,0.794093115704346,24945.71875,10.430178701877594,0.21875,0,2.11213476883594,0.48176498622991415,0,17.269871010885076,0.0011645714599203185,,,,,,,,,,,,,,,,0.1796875,6872,8192,3729.6015625,4826.69140625,512,512,4096,4096,4096,36.09415914298734,8.295243056025356,,,,,,,,,1,-1,0.3302364644447666,0,0,1,,,,,,2.0844156742095947,0.02013026736676693,0.7368043065071106,0.0073160394094884396,0.9985470175743103,,,,,,,,,,,,,0.00883790000807494,0.0011030773048332776,0.0001872300053946674,0.6577924780431204,0.04358367800159613,0.004631100047845393,0.028307982021942735,0.009269170601555743,0.0007424699724651873,0,0,0,,,,,1,0.34765625,0,89
65,25823.460299388,1788918144.072005,0.33203125,7.806255641895632e-18,401.7944006919861,0.19511882960796356,1,-1,0.5,0.41993099451065063,0.0022554402239620686,1.004180908203125,0.9881439208984375,0.9701919555664062,0,0,0.011954881250858307,0.0008863152470439672,1.0008867979049683,0.17163485288619995,-0.03909255191683769,-0.03870301693677902,0.01193784549832344,0.0008863152470439672,1,1,0.0008863152470439672,1,7.15625,1470.3125,0.01321218781549607,0.03125,0,29836.8125,0,36.6314941234207,0.0022946151069546694,0.543981964631199,65016.71875,0.8063316479279432,24096.0625,1.3150280029512942,0.6691674375881589,79955.34375,0.8840998493575463,26408.9375,1.1052721152082086,0.019033341243641803,0.4491662583722347,53761,0.7898619986598803,23634.9375,9.703398704528809,0.21875,0,1.8938905752349886,0.46729577546810946,0,35.602051873971824,0.002260065745233732,,,,,,,,,,,,,,,,0.203125,6915,8192,3585.0390625,4623.24609375,416,416,4096,4096,4096,35.13502211798914,7.1411011859891005,,,,,,,,,1,-1,0.2934227986634818,0,0,1,,,,,,4.272219181060791,0.019510019570589066,0.6778812408447266,0.007127705030143261,0.9985529780387878,,,,,,,,,,,,,0.0054977500112727284,0.0009574189530212607,0.00019201997201889753,0.6567912679747678,0.05652892428565792,0.004317639977671206,0.0896835190942511,0.009349868682420492,0.0004893799778074026,0,0,0,,,,,1,0.33203125,0,85
66,26251.071849549,1788918582.9518328,0.30078125,5.204170427930421e-18,426.45358324050903,0.15161052346229553,1,-1,0.40625,0.4093025028705597,0.002102629281580448,1.0035114288330078,0.9880541563034058,0.9749622344970703,0,0,0.012068266049027443,0.0006627367110922933,1.0006630420684814,0.1152602881193161,-0.044533856213092804,-0.04415842145681381,0.012031739577651024,0.0006627367110922933,1,1,0.0006627367110922933,1,7.21875,1370.78125,0.01322863071986561,0.03125,0,28680.3125,0,114.10501175827352,0.0005834256387687471,0.5377842781701918,61837.875,0.7982610774293741,22951.875,0.852976149879396,0.6658738363411121,76585.375,0.8784242604410011,25252.90625,0.6853662012144923,0.018406741839710347,0.4428845194576681,50951.65625,0.7816115867019384,22486,9.592207491397858,0.375,0,1.9330277849633508,0.4733328332708504,0,113.92739465594335,0.0005480632901209126,,,,,,,,,,,,,,,,0.26171875,7033,8192,4078.0625,5347.2578125,449,449,4096,4096,4096,38.68551769701298,7.314338525000494,,,,,,,,,1,-1,0.3184384732165537,0,0,1,,,,,,7.246830940246582,0.019841397181153297,0.8149900436401367,0.007183833979070187,0.9985288381576538,,,,,,,,,,,,,0.005049819010309875,0.001036978790352805,0.00016365997726097703,0.19197318702936172,0.050397153234825964,0.006845459982287139,0.028988817939534783,0.010299286561348708,0.0005389199941419065,0,0,0,,,,,1,0.30078125,0,77
67,26664.153623289,1788919009.145462,0.38671875,8.673617379884035e-18,415.0996551513672,0.18797585368156433,1,-1,0.4375,0.4128864109516144,0.0019177732756361365,1.0037689208984375,0.9876103401184082,0.9725961685180664,0,0,0.012502100318670273,0.0008629487128928304,1.0008633136749268,0.20608162879943848,-0.01499783806502819,-0.014817237854003906,0.012478675693273544,0.0008629487128928304,1,1,0.0008629487128928304,1,7.40625,1633.03125,0.013723479601220407,0.03125,0,32624.5,0,50.1897872174988,0.0001987922562571172,0.5448014712346851,71142.59375,0.8078198727568668,26381.5,1.9613457240629941,0.6726836438139481,87915.53125,0.8872877756779624,28987.375,0.6562263825908303,0.020559511970773638,0.44851369827602017,58723.125,0.7914110213026986,25897.28125,10.678664684295654,0.53125,0,2.154346581886077,0.36304094240123475,0,50.35260498251909,0.00020138661654691027,,,,,,,,,,,,,,,,0.16015625,7133,8192,3833.9453125,4864.3046875,583,583,4096,4096,4096,36.20963135000784,9.330727190012112,,,,,,,,,1,-1,0.2977380714380905,0,0,1,,,,,,8.724465370178223,0.019682126119732857,0.904068648815155,0.007131185382604599,0.9984759092330933,,,,,,,,,,,,,0.00812126899836585,0.0010896166827478737,0.00020508997840806842,0.7434092169860378,0.05295030704110104,0.006731530011165887,0.08513314800802618,0.009438037123800314,0.0006670199800282717,0,0,0,,,,,1,0.38671875,0,99
68,27072.0964877,1788919421.5758343,0.26953125,1.5612511283791264e-17,402.0668103694916,0.1637403815984726,1,-1,0.40625,0.402067631483078,0.0018838130636140704,1.003265380859375,0.9877587556838989,0.966890811920166,0,0,0.012358400970697403,0.0008344780653715134,1.0008348226547241,0.18973803520202637,-0.016092266887426376,-0.01586717553436756,0.01233006827533245,0.0008344780653715134,1,1,0.0008344780653715134,1,7.3125,1471.5625,0.013649621858499624,0.03125,0,30671.5625,0,78.14551671692772,0.0006988517256099939,0.5394985518399185,66427.96875,0.7995409338086201,24611.1875,2.338206550339237,0.6670335537337937,82066.46875,0.8790555808916664,27044,0.6924795592203736,0.021692272016779167,0.4416438883351068,54498.875,0.781035608113182,24084.8125,11.76089632511139,0.46875,0,1.9908529513584314,0.34108067958301735,0,82.3697016115771,0.0006899935473440611,,,,,,,,,,,,,,,,0.1875,6788,8192,3643.04296875,4717.41015625,382,382,4096,4096,4096,36.207062530040275,7.86712162499316,,,,,,,,,1,-1,0.3378729987218661,0,0,1,,,,,,7.6847357749938965,0.020451275631785393,0.8467985391616821,0.007348628714680672,0.9983922839164734,,,,,,,,,,,,,0.00706078001530841,0.0010911115584804065,0.0002031699987128377,0.6802614580374211,0.050410793112632746,0.004807780031114817,0.11785592813976109,0.009022582239367694,0.0007193399942480028,0,0,0,,,,,1,0.26953125,0,69
69,27502.042851894,1788919830.086899,0.3984375,8.673617379884035e-18,397.5696532726288,0.23026733100414276,1,-1,0.5,0.42628931999206543,0.0021864683367311954,1.0052194595336914,0.9875937700271606,0.9702033996582031,0,0,0.012560263276100159,0.0011778557673096657,1.0011786222457886,0.21675078570842743,-0.0640232041478157,-0.06303523480892181,0.012498393654823303,0.0011778557673096657,1,1,0.0011778557673096657,1,7.5,1458.4375,0.013977878651117957,0.03125,0,29144.34375,0,30.733961842254605,0.0016526298079951283,0.5543792993607028,64597.5,0.8192807452791162,23871.71875,3.3026589835062623,0.6767581032670063,78933.59375,0.8943378116310052,26070.40625,0.7681433260440826,0.021850881876329022,0.45065610227243863,52538.6875,0.7956691900709272,23204.34375,11.22327584028244,0.9375,0,2.6057905198811975,0.19673695584832368,0,31.339163802765526,0.001198485789299582,,,,,,,,,,,,,,,,0.16015625,6974,8192,3416.578125,4346.40625,384,384,4096,4096,4096,32.725275429023895,7.247183055966161,,,,,,,,,1,-1,0.351744921492718,0,0,1,,,,,,8.006389617919922,0.02080305851995945,0.9194643497467041,0.007514182478189468,0.9982344508171082,,,,,,,,,,,,,0.005665159958880395,0.0009915697530686884,0.00020430004224181175,0.6876970680314116,0.06953747642432972,0.006570230005308986,0.07689221092732623,0.008798803634817887,0.0006252800230868161,0,0,0,,,,,1,0.3984375,0,102
70,27928.052431539,1788920260.7782521,0.3125,6.938893903907228e-18,418.99836778640747,0.2453119456768036,1,-1,0.59375,0.42295342683792114,0.002191962441429496,1.0046777725219727,0.9882003664970398,0.9706401824951172,0,0,0.01201622560620308,0.0010103080421686172,1.001010775566101,0.22826120257377625,-0.038615234196186066,-0.03817068040370941,0.011887310072779655,0.0010103080421686172,1,1,0.0010103080421686172,1,7.65625,1360.84375,0.013547064127955897,0.03125,0,27332.625,0,26.42604079640674,0.023824226824487208,0.55445220302851,60711.78125,0.8184256023288045,22403.71875,3.2602728535421193,0.6746745040893134,73923.0625,0.8923610287050496,24436.90625,0.7696694722399116,0.02117674990312325,0.4484252432571165,49359.34375,0.7933648779332718,21800.375,9.588645935058594,1.25,0,3.3960562350130505,0.1998515103088142,0,25.49104723334374,0.02328398498954777,,,,,,,,,,,,,,,,0.23046875,7004,8192,3958.75390625,5131.1953125,348,348,4096,4096,4096,37.651248475012835,7.748611976974644,,,,,,,,,1,-1,0.335029697130245,0,0,1,,,,,,12.295202255249023,0.020303569734096527,0.964506983757019,0.007325703278183937,0.9982942938804626,,,,,,,,,,,,,0.005307819985318929,0.0011624058527104353,0.00019763002637773752,0.6759946789825335,0.05255010109885916,0.004600549989845604,0.02598125906661153,0.009305061089207811,0.0007116000051610172,0,0,0,,,,,1,0.3125,0,80
71,28371.555754368,1788920686.6602132,0.2890625,9.540979117872439e-18,414.3409044742584,0.209105983376503,1,-1,0.5,0.414379358291626,0.0023086073342710733,1.0037164688110352,0.9872457385063171,0.9696831703186035,0,0,0.012878337875008583,0.0010308139026165009,1.0010312795639038,0.22448590397834778,-0.022241830825805664,-0.021964119747281075,0.012849874794483185,0.0010308139026165009,1,1,0.0010308139026165009,1,7.6875,1570.46875,0.014280503862924983,0.03125,0,31670.03125,0,26.75575509047802,0.0002960850003750348,0.5552031256814798,70396.21875,0.8199257468174663,26001.09375,3.8190201139077544,0.680226148120828,86297.96875,0.8971595038710389,28451.4375,0.7410631985403597,0.023209866413897485,0.44916019735535395,57042.5625,0.7965423278624089,25288.125,11.57798057794571,1.25,0,2.929034145717164,0.15051529624255378,0,28.256022995514783,0.0002783414607938072,,,,,,,,,,,,,,,,0.28125,6872,8192,3966.59765625,5192.12890625,389,389,4096,4096,4096,38.40148166200379,8.665121763013303,,,,,,,,,1,-1,0.2988071523335984,0,0,1,,,,,,9.810023307800293,0.021212661638855934,0.9606400728225708,0.007635387126356363,0.9981574416160583,,,,,,,,,,,,,0.009166389994788915,0.0010803466341258172,0.00021220004418864846,0.6794127079774626,0.05292646318775951,0.007714350009337068,0.026302620070055127,0.009616585761023089,0.0006374590448103845,0,0,0,,,,,1,0.2890625,0,74
72,28783.415082197,1788921130.2373383,0.3359375,1.1709383462843448e-17,431.9431166648865,0.16509658098220825,1,-1,0.375,0.42822861671447754,0.0018720976077020168,1.0041799545288086,0.9871097803115845,0.9683032035827637,0,0,0.013020156882703304,0.0007800665916875005,1.0007803440093994,0.16298478841781616,-0.011125454679131508,-0.010975580662488937,0.012984870001673698,0.0007800665916875005,1,1,0.0007800665916875005,1,7.78125,1685.59375,0.014571550106515334,0.03125,0,31732.78125,0,64.638859950832,0.00033862931910808036,0.5659600196320598,71790.21875,0.8322080812478686,26398.3125,4.257015490467893,0.6835566856976698,86795.96875,0.9040231973787383,28687.5625,0.7120465077459812,0.02189385913705994,0.45648578484607316,57972.65625,0.8052617543009895,25566.5625,10.293339550495148,2.125,0,4.353352831981356,0.06309823687594023,0,56.98238254147617,0.0003192680225643571,,,,,,,,,,,,,,,,0.27734375,6908,8192,4288.7890625,5489.359375,406,406,4096,4096,4096,39.553495413041674,8.403416988032404,,,,,,,,,1,-1,0.30929478706587094,0,0,1,,,,,,9.81460189819336,0.021509848535060883,0.9491368532180786,0.007672897074371576,0.9980865120887756,,,,,,,,,,,,,0.08811696898192167,0.0014371230211054353,0.00018304004333913326,0.6774465090129524,0.05054376121393034,0.006430600013118237,0.10738572699483484,0.010725769857799605,0.0004616709775291383,0,0,0,,,,,1,0.3359375,0,86
73,29215.700820588,1788921542.122479,0.26953125,1.0408340855860843e-17,400.1351993083954,0.1848812699317932,1,-1,0.46875,0.4251813292503357,0.001757415826432407,1.0038537979125977,0.9875445365905762,0.9597759246826172,0,0,0.01258824858814478,0.000824114540591836,1.0008244514465332,0.19306571781635284,-0.01884125918149948,-0.018644772469997406,0.012546177953481674,0.000824114540591836,1,1,0.000824114540591836,1,7.9375,1812.28125,0.014249487552086822,0.03125,0,34310.3125,0,60.58265222640953,0.0002805273951704755,0.5635676273584972,77509.875,0.8272537060397187,28439.25,4.572314496501349,0.6795536183803325,93375.90625,0.8981718561077119,30858.71875,0.8028304502367973,0.022157785235307557,0.4531139816669847,62403.75,0.8004398557453536,27544.90625,10.741634547710419,2.5,0,4.347386470914692,0.0899905951702604,0,54.21754869611544,0.0002541414228489702,,,,,,,,,,,,,,,,0.17578125,7133,8192,3502.7890625,4414.95703125,303,303,4096,4096,4096,33.6260755059775,8.33603183698142,,,,,,,,,1,-1,0.3184384732165537,0,0,1,,,,,,13.044417381286621,0.022436771541833878,0.9733163118362427,0.007981142960488796,0.9979583621025085,,,,,,,,,,,,,0.004606189962942153,0.0010618480193897994,0.0001818999880924821,0.7866633689845912,0.09090937780069908,0.004365909961052239,0.08603153802687302,0.008523897318809759,0.000596500001847744,0,0,0,,,,,1,0.26953125,0,69
74,29632.42322792,1788921973.7737308,0.28125,9.974659986866641e-18,420.59817385673523,0.17890211939811707,1,-1,0.4375,0.4431307911872864,0.002320085419341922,1.0033378601074219,0.9879164695739746,0.9733142852783203,0,0,0.01224575936794281,0.0009977195877581835,1.0009981393814087,0.19188180565834045,-0.03168337047100067,-0.031141875311732292,0.012171042151749134,0.0009977195877581835,1,1,0.0009977195877581835,1,7.875,1456.34375,0.014088991221154767,0.03125,0,28022.3125,0,31.671225025915724,0.0006850229257302862,0.5758039171626959,64681.03125,0.8425861586874825,23661,5.013891216673073,0.6872395607789665,77223.875,0.9092866823454318,25538.40625,0.7411691378802061,0.021744534407694367,0.4600515098376565,51740.96875,0.811486992698281,22815.8125,10.58337277173996,2.625,0,3.4982636105836233,0.0838396281754481,0,38.502048056058825,0.0005803570102511384,,,,,,,,,,,,,,,,0.19921875,7061,8192,3962.52734375,5020.7890625,440,440,4096,4096,4096,37.371806846000254,8.405786902003456,,,,,,,,,1,-1,0.27893748842523763,0,0,1,,,,,,10.076663970947266,0.022922838106751442,0.9686045050621033,0.008099693804979324,0.9976900219917297,,,,,,,,,,,,,0.00945234001846984,0.0010594076318284351,0.00020827999105677009,0.6917875980143435,0.06302694053601954,0.0027896399842575192,0.07706321706064045,0.009429935257458055,0.0005572399822995067,0,0,0,,,,,1,0.28125,0,72
75,30049.442749632,1788922389.6695805,0.23828125,6.938893903907228e-18,405.6922125816345,0.1491643190383911,1,-1,0.375,0.4415397644042969,0.001364210620522499,1.0049448013305664,0.987580418586731,0.9686131477355957,0,0,0.012539491057395935,0.0006999047473073006,1.0007001161575317,0.15324756503105164,-0.0017581689171493053,-0.0016920575872063637,0.012509851716458797,0.0006999047473073006,1,1,0.0006999047473073006,1,7.8125,1677.4375,0.014713270710212282,0.03125,0,31700.21875,0,77.27240431147875,0.00021322763368883532,0.5805575760808488,73538.53125,0.8470371724208552,26821.90625,5.8595344490604475,0.689539161952558,87380.1875,0.9126655625018074,28911.65625,0.7620933596044779,0.02353002153239469,0.4619305572685179,58585.15625,0.8148428932703304,25840.84375,10.912232279777527,3.21875,0,3.9550426512994794,0.008935320958558021,0,80.99050951398861,0.0002063882289681801,,,,,,,,,,,,,,,,0.171875,6866,8192,3717.24609375,4772.59375,449,449,4096,4096,4096,36.15828860597685,7.871240690990817,,,,,,,,,1,-1,0.25629821597155933,0,0,1,,,,,,11.507719039916992,0.024260006844997406,0.9811004996299744,0.008473304100334644,0.9971431493759155,,,,,,,,,,,,,0.005722659989260137,0.0009646478140439285,0.0002049999893642962,0.11125679797260091,0.045851535460997184,0.006328169023618102,0.09636345802573487,0.009045727475950116,0.0006495200213976204,0,0,0,,,,,1,0.23828125,0,61
76,30462.46240295,1788922807.6078327,0.2578125,1.0408340855860843e-17,406.8009853363037,0.12416309118270874,1,-1,0.3125,0.45698875188827515,0.0012554479762911797,1.0038042068481445,0.9876050353050232,0.9679417610168457,0,0,0.012547651305794716,0.0006468073697760701,1.0006470680236816,0.17848891019821167,-0.023620177060365677,-0.0232173390686512,0.012488272972404957,0.0006468073697760701,1,1,0.0006468073697760701,1,7.90625,1594.5625,0.014987040903976002,0.03125,0,29737.96875,0,29.901766110761983,0.0009950206943730468,0.5907185526348561,70229.9375,0.8606122865216453,25567.40625,6.114442436490208,0.6950954237335509,82645.3125,0.9229887972924851,27425.34375,0.7528571654111147,0.02434046339533575,0.46935342968343213,55922.3125,0.8283966839914267,24655.8125,11.31538701057434,4.71875,0,7.36985030534146,0.056306032463540046,0,26.32000712838078,0.0010129997870534486,,,,,,,,,,,,,,,,0.17578125,7322,8192,3522.4375,4429.7421875,396,396,4096,4096,4096,33.254829211044125,7.2380968070356175,,,,,,,,,1,-1,0.2525381361380527,0,0,1,,,,,,11.859567642211914,0.024228451773524284,0.984839916229248,0.008413719944655895,0.997416615486145,,,,,,,,,,,,,0.0060765399830415845,0.0009176810740427754,0.0001681310241110623,0.6853666299721226,0.06431519134821428,0.0032390099950134754,0.09843959793215618,0.008374546452159848,0.0005927699967287481,0,0,0,,,,,1,0.2578125,0,66
77,30891.972555901,1788923220.240546,0.25,4.336808689942018e-18,401.9080379009247,0.12604758143424988,1,-1,0.34375,0.46161723136901855,0.0014274693094193935,1.0039682388305664,0.9888675808906555,0.9746313095092773,0,0,0.011316720396280289,0.00047796941362321377,1.0004780292510986,0.16325163841247559,-0.03943323343992233,-0.039049141108989716,0.011207366362214088,0.00047796941362321377,1,1,0.00047796941362321377,1,7.96875,1450,0.013771743071511208,0.03125,0,28179.5,0,52.9675175110153,0.001261048497378315,0.5914268032828676,66733.4375,0.8600557771919588,24254.15625,6.103011071565561,0.69315244094647,78196.96875,0.9208000209958842,25962.28125,0.7725881291553378,0.02086434168927892,0.4675343199620368,52854.03125,0.8252421278112488,23310.09375,9.156661629676819,3.75,0,5.9164537836938615,0.037682925632939596,0,46.76571303423069,0.000957581855415175,,,,,,,,,,,,,,,,0.1953125,6872,8192,3580.91796875,4591.0078125,376,376,4096,4096,4096,35.18174058099976,7.890214396989904,,,,,,,,,1,-1,0.29450754468697576,0,0,1,,,,,,9.937553405761719,0.025240397080779076,0.9933056235313416,0.008762415498495102,0.9969872236251831,,,,,,,,,,,,,0.009308930020779371,0.0010821973205565882,0.00020150002092123032,0.6970849389908835,0.06448707855565772,0.003502250008750707,0.024667699181009084,0.008483203155265073,0.0005369099671952426,0,0,0,,,,,1,0.25,0,64
78,31315.490614352,1788923649.3690383,0.34765625,3.0357660829594124e-18,418.7879264354706,0.1663389652967453,1,-1,0.375,0.46922922134399414,0.0019655460491776466,1.005457878112793,0.988815188407898,0.9746370315551758,0,0,0.011336921714246273,0.0007919515483081341,1.0007922649383545,0.10770726948976517,-0.0410415455698967,-0.04054315388202667,0.011260977946221828,0.0007919515483081341,1,1,0.0007919515483081341,1,7.84375,1580.5625,0.014050178546961693,0.03125,0,28647.34375,0,34.88121658243872,0.0029155944005323387,0.5994082532828005,68909.40625,0.8702054310230847,24982.53125,5.397529769106768,0.6992683858982729,80240.53125,0.9293993570534294,26664.75,0.7262156652286649,0.021165453177793413,0.4746367096848919,54757.34375,0.836482130883449,24079.9375,9.803963482379913,3.96875,0,5.94288062278466,0.06889422633822062,0,22.967560003743124,0.000695430010390439,,,,,,,,,,,,,,,,0.22265625,7308,8192,3745.03515625,4781.04296875,504,504,4096,4096,4096,35.97469052002998,7.386281397019047,,,,,,,,,1,-1,0.30826208038628694,0,0,1,,,,,,13.471831321716309,0.025725318118929863,0.9976245164871216,0.008862235583364964,0.9968313574790955,,,,,,,,,,,,,0.007212130003608763,0.0010557102352777292,0.00017760996706783772,0.6918947590165772,0.04971907345247928,0.007751900004222989,0.02575576095841825,0.00874941620327263,0.0005689800018444657,0,0,0,,,,,1,0.34765625,0,89
79,31732.305565647,1788924073.6581302,0.32421875,8.673617379884035e-18,413.12904596328735,0.18844980001449585,1,-1,0.4375,0.4664292335510254,0.002062074141576886,1.0049219131469727,0.9884465932846069,0.9724173545837402,0,0,0.011716509237885475,0.000777379609644413,1.0007776021957397,0.1745159924030304,-0.016234055161476135,-0.016095273196697235,0.011633229441940784,0.000777379609644413,1,1,0.000777379609644413,1,7.84375,1673.6875,0.014784513494397973,0.03125,0,29960.28125,0,55.883884326347314,0.0014870197062560933,0.6019925356699771,72409.1875,0.8710753959810431,26176.875,6.266618510475382,0.6987820528666273,83930.875,0.9291517504817186,27903,0.8391705248504877,0.022234253153200573,0.4753058783403367,57339,0.8369903114930004,25212.09375,9.00342071056366,5.40625,0,10.850856472668898,0.03308560152920281,0,53.999806255393835,0.0008598404956958867,,,,,,,,,,,,,,,,0.21484375,6961,8192,3860.4140625,4865.203125,411,411,4096,4096,4096,36.5565789489774,7.13453182997182,,,,,,,,,1,-1,0.3702935955951379,0,0,1,,,,,,10.19321060180664,0.026348011568188667,0.9946847558021545,0.00903385691344738,0.9967399835586548,,,,,,,,,,,,,0.006071440002415329,0.0010066065428873117,0.00017209001816809177,0.15373597701545805,0.05507819648732948,0.0030801999964751303,0.022275911062024534,0.00886002032984834,0.0006608400144614279,0,0,0,,,,,1,0.32421875,0,83
80,32149.577654986,1788924490.7620971,0.30078125,5.204170427930421e-18,405.6395652294159,0.25608617067337036,1,-1,0.625,0.4784417450428009,0.002449293853715062,1.0026445388793945,0.9886371493339539,0.9737248420715332,0,0,0.011493650265038013,0.0011310722911730409,1.0011316537857056,0.329141765832901,-0.01808299496769905,-0.017855500802397728,0.011438987217843533,0.0011310722911730409,1,1,0.0011310722911730409,1,7.90625,1736.28125,0.014681253973586494,0.03125,0,30883.3125,0,34.93465101936556,0.000669570722744728,0.6101132760077201,75352.21875,0.8807596420297488,27173.375,5.99552692467114,0.7031090096722503,86817.15625,0.9358574242087138,28879.96875,0.7837740294635296,0.02195152159820477,0.4818431113832079,59576.1875,0.8470489511759822,26171.0625,9.559614777565002,6.4375,0,7.700666499063642,0.05099205467748151,0,20.376749120725503,0.0005663764894026245,,,,,,,,,,,,,,,,0.16015625,7101,8192,3696.79296875,4568.65625,525,525,4096,4096,4096,33.89096468000207,7.98454984696582,,,,,,,,,1,-1,0.2912411862553588,0,0,1,,,,,,9.350123405456543,0.026371074840426445,0.991362988948822,0.009104782715439796,0.9972078800201416,,,,,,,,,,,,,0.07410129904747009,0.0013230506649506424,0.00017221004236489534,0.7377191180130467,0.08572597340639732,0.005469140014611185,0.09238311892841011,0.008825846261743209,0.0005221400060690939,0,0,0,,,,,1,0.30078125,0,77
81,32579.768210499,1788924907.231042,0.31640625,6.5052130349130266e-18,405.8452994823456,0.1575319916009903,1,-1,0.40625,0.4919890761375427,0.0015748015139251947,1.004246711730957,0.9886981248855591,0.9696049690246582,0,0,0.011491768062114716,0.0008246861398220062,1.000825047492981,0.21011486649513245,-0.011288399808108807,-0.010945999994874,0.011380022391676903,0.0008246861398220062,1,1,0.0008246861398220062,1,8,1667.78125,0.014247655894566655,0.03125,0,29574.34375,0,37.96205263144367,0.0031497562171636795,0.6151966827480553,72806.21875,0.8870396603347857,26233.46875,5.362717189826071,0.7046724492700762,83402.3125,0.9396571590341669,27795.21875,0.8303190469741821,0.020832241271324693,0.4869241479796992,57741.03125,0.8535169525051771,25284.21875,9.134901762008667,5.59375,0,12.64369018920525,0.018090486577176733,0,30.405079932189704,0.0008797497041171254,,,,,,,,,,,,,,,,0.19921875,6872,8192,3778.67578125,4755.1015625,365,365,4096,4096,4096,35.76829063001787,8.22879250702681,,,,,,,,,1,-1,0.3040961851058286,0,0,1,,,,,,10.103588104248047,0.02708500809967518,0.9934618473052979,0.009316175244748592,0.9967949986457825,,,,,,,,,,,,,0.005235310003627092,0.0010093695825617033,0.00021644000662490726,0.7096529779955745,0.05296862916839018,0.004232249979395419,0.020562608959153295,0.00898918095845147,0.0006820000126026571,0,0,0,,,,,1,0.31640625,0,81
82,32988.635778794,1788925337.0662646,0.2734375,6.071532165918825e-18,419.59140253067017,0.17273017764091492,1,-1,0.40625,0.4923066794872284,0.0018721548840403557,1.0027284622192383,0.9886304140090942,0.9676399230957031,0,0,0.011507773771882057,0.0007654537912458181,1.0007656812667847,0.18389847874641418,-0.016070116311311722,-0.016000673174858093,0.01144789345562458,0.0007654537912458181,1,1,0.0007654537912458181,1,8,1723.90625,0.014542437350347758,0.03125,0,30229.40625,0,69.53003144219822,0.001123356200294254,0.6188997055414995,74970.78125,0.8908916919303502,26960.28125,6.328571982696303,0.7070001169446591,85558.125,0.9431066159819299,28530.6875,0.7360600437968969,0.021413961472188763,0.4894934033602094,59448.34375,0.8577023434208013,26008.75,9.270618557929993,8,0,7.169988508841805,0.0279833212568188,0,46.2064646977952,0.00080605270411459,,,,,,,,,,,,,,,,0.203125,7756,8192,3664.6953125,4715.9296875,449,449,4096,4096,4096,36.187865091022104,7.406356088991743,,,,,,,,,1,-1,0.3571428571428571,0,0,1,,,,,,10.24465274810791,0.02749384380877018,0.9897518157958984,0.009416589513421059,0.9970542192459106,,,,,,,,,,,,,0.0057290089898742735,0.0010480978194209456,0.00019255996448919177,0.6938719080062583,0.05301647879286975,0.0052509590168483555,0.024183839093893766,0.008356529861885065,0.0006164510268718004,0,0,0,,,,,1,0.2734375,0,70
83,33411.226226285,1788925747.3601022,0.28515625,6.938893903907228e-18,398.62529969215393,0.2427593469619751,1,-1,0.5625,0.5103574991226196,0.002493416890501976,1.0030708312988281,0.9890191555023193,0.9711179733276367,0,0,0.011154364794492722,0.0011207654606550932,1.0011214017868042,0.23556962609291077,-0.03338894993066788,-0.032769568264484406,0.011055497452616692,0.0011207654606550932,1,1,0.0011207654606550932,1,7.96875,1714.28125,0.014155727327103084,0.03125,0,29317.5625,0,80.87860903471335,0.0005553229440993753,0.6273091948943619,73526.78125,0.9010146224371594,26389.15625,6.123256557446439,0.7094511110279437,83172.1875,0.9486856301440143,27793.21875,0.6604691920801997,0.0204355008173865,0.4955506997218248,58160.6875,0.8657093769558043,25383.5625,9.387656569480896,7.125,0,5.676286122843186,0.006555873457581666,0,61.263904541227355,0.000393146846881147,,,,,,,,,,,,,,,,0.25390625,6935,8192,3532.1328125,4570.95703125,357,357,4096,4096,4096,34.24104732403066,7.155827729031444,,,,,,,,,1,-0.42857142857142855,0.24872121923543072,0,0,1,,,,,,8.494217872619629,0.02779441513121128,0.9861629605293274,0.009558260440826416,0.9969297647476196,,,,,,,,,,,,,0.0065356100094504654,0.0010016806040766824,0.0002302799839526415,0.6845231190090999,0.051769234511766626,0.005993529979605228,0.021969650872051716,0.008215139713229291,0.0007160599925555289,0,0,0,,,,,1,0.28515625,0,73
84,33844.429594757,1788926169.7929783,0.390625,6.071532165918825e-18,410.92009711265564,0.12039971351623535,1,-0.4285714328289032,0.28125,0.5136106014251709,0.0017218677094206214,1.0025768280029297,0.9888319969177246,0.9724717140197754,0,0,0.011287310160696507,0.000604626489803195,1.0006048679351807,0.17112809419631958,-0.021338913589715958,-0.02097138948738575,0.011244738474488258,0.000604626489803195,1,1,0.000604626489803195,1,7.90625,1680.40625,0.014453053105485215,0.03125,0,28257.0625,0,57.65494026527234,0.0009631877225241873,0.6286311821847581,71143.875,0.903460987425063,25547.53125,5.21799004857894,0.7118058991999019,80511.96875,0.9519725636318721,26911.71875,0.6399160530418158,0.021830802602129273,0.49687337072280935,56307.09375,0.8683902016324698,24589.3125,9.573515236377716,7.25,0,6.0100948318270735,0.017663412624299546,0,54.30230320404844,0.0008682270932000415,,,,,,,,,,,,,,,,0.16796875,8083,8192,3411.1484375,4251.671875,544,544,4096,4096,4096,32.61849203001475,8.492719807021786,,,,,,,,,1,-1,0.31542003094028026,0,0,1,,,,,,9.843815803527832,0.02743460237979889,0.9793004393577576,0.009418674744665623,0.9972820281982422,,,,,,,,,,,,,0.0075318500166758895,0.001082934562873561,0.00018431100761517882,0.6927018490387127,0.04908975927583015,0.004370109993033111,0.020573049900121987,0.007996424908924382,0.0005347900441847742,0,0,0,,,,,1,0.390625,0,100
85,34270.4446759,1788926602.9198236,0.26953125,0,421.830118894577,0.19307638704776764,1,-1,0.46875,0.5174621343612671,0.0019590898882597685,1.0028448104858398,0.9889359474182129,0.9728446006774902,0,0,0.011199593544006348,0.0007761534070596099,1.0007765293121338,0.17840813100337982,-0.03743109479546547,-0.036977093666791916,0.011138190515339375,0.0007761534070596099,1,1,0.0007761534070596099,1,7.9375,1612.625,0.01390899726975895,0.03125,0,27289.1875,0,15.2681777347971,0.0018571863823986755,0.6294537081514403,68827.8125,0.9046357938588157,24713.6875,5.500670787529089,0.7117438083960725,77737.3125,0.952420744023039,26007.59375,0.6664359625428915,0.019191126673048398,0.49983201543032224,54693.84375,0.8704027865583078,23803.28125,8.290348768234253,5.9375,0,16.74462514891804,0.02112389928875736,0,21.274592389577975,0.0009888707065674129,,,,,,,,,,,,,,,,0.24609375,7272,8192,3932.08203125,4954.7890625,322,322,4096,4096,4096,37.100932137982454,8.408636428997852,,,,,,,,,1,-1,0.32043497223082784,0,0,1,,,,,,9.146604537963867,0.027538854628801346,0.9805925488471985,0.009514936245977879,0.9971657395362854,,,,,,,,,,,,,0.006639369996264577,0.0010522579709686397,0.00018192996503785253,0.6873956600320525,0.06537614593048602,0.005381960014346987,0.104113457899075,0.009369147967845493,0.0005245200009085238,0,0,0,,,,,1,0.26953125,0,69
86,34689.835347859,1788927028.5188692,0.3359375,1.734723475976807e-18,414.5898063182831,0.19222000241279602,1,-1,0.40625,0.5235568881034851,0.0015897753182798624,1.005021095275879,0.9879876375198364,0.9674825668334961,0,0,0.012172628194093704,0.0008563874289393425,1.0008567571640015,0.19409453868865967,0.004486063960939646,0.004451989661902189,0.012100674211978912,0.0008563874289393425,1,1,0.0008563874289393425,1,8,1914.75,0.01493376113780865,0.03125,0,31456.65625,0,51.25558923089102,0.003361323071999517,0.6350577766613432,80004.53125,0.9115806511398263,28698.59375,5.280191445956007,0.7144427444181831,89975.96875,0.9573063311940484,30139.3125,0.7300147283822298,0.022998751479824296,0.5052210116869598,63706.3125,0.8798033671442154,27728.4375,10.24407422542572,7.5625,0,5.036780678031459,0.029324430195553766,0,47.7501410766711,0.0016582122737436686,,,,,,,,,,,,,,,,0.2421875,6977,8192,3853.69140625,4897.55859375,691,691,4096,4096,4096,36.618979485007,8.151682551018894,,,,,,,,,0.7142857142857143,-1,0.3253726278265821,0,0,1,,,,,,9.754520416259766,0.027643248438835144,0.9710628986358643,0.0094938138499856,0.9974451065063477,,,,,,,,,,,,,0.006627810013014823,0.0010329888184514857,0.0001947510172612965,0.6801218800246716,0.05771369674971538,0.005249509995337576,0.025891128927469254,0.009325680209713028,0.0007305800099857152,0,0,0,,,,,1,0.3359375,0,86
87,35117.786936921,1788927448.1757767,0.34375,1.474514954580286e-17,408.503883600235,0.1847797930240631,0.7142857313156128,-1,0.4375,0.5286619067192078,0.0017367569962516427,1.0035629272460938,0.9881100654602051,0.9656667709350586,0,0,0.012067174538969994,0.0008083481807261705,1.0008087158203125,0.12656864523887634,-0.0010299067944288254,-0.0011810983996838331,0.01197742484509945,0.0008083481807261705,1,1,0.0008083481807261705,1,8,1937.75,0.014681481635651594,0.03125,0,30829.53125,0,28.06124024581245,0.005365415441535297,0.6370069011498032,78697.6875,0.9144297606118814,28223,5.217385870870203,0.7154232541540899,88235.4375,0.959577394269251,29594.59375,0.6741604218259454,0.02427623316944822,0.5078083645129238,62892.53125,0.8823027373736374,27288.96875,10.56275588274002,6.8125,0,9.144304100698951,0.051926626221499086,0,25.922677136874732,0.006473612508711051,,,,,,,,,,,,,,,,0.19140625,7211,8192,3605.98828125,4499.2578125,482,482,4096,4096,4096,33.548895107000135,7.89646417403128,,,,,,,,,1,-1,0.3388154635894692,0,0,1,,,,,,12.27847957611084,0.027022138237953186,0.9737998247146606,0.009324739687144756,0.997692883014679,,,,,,,,,,,,,0.005546239961404353,0.0010220784624834778,0.0002084200386889279,0.6843816509936005,0.06487209853571585,0.005495720019098371,0.02599889802513644,0.008498107852346948,0.0006585699738934636,0,0,0,,,,,1,0.34375,0,88
88,35550.028428516,1788927875.3309462,0.1875,1.3444106938820255e-17,416.656840801239,0.2188597023487091,1,-1,0.5,0.5359370708465576,0.0022923864889889956,1.0057411193847656,0.9881447553634644,0.9712324142456055,0,0,0.012034425511956215,0.0009623679798096418,1.0009628534317017,0.18825271725654602,-0.049392618238925934,-0.04906484857201576,0.011941654607653618,0.0009623679798096418,1,1,0.0009623679798096418,1,7.96875,1778.8125,0.014317299354389024,0.03125,0,28847.90625,0,31.658340419740263,0.0013618021949227696,0.6363163640329733,73617.0625,0.9150804899988172,26441.8125,5.0414764765882865,0.7145708363986955,82567.375,0.9591783478420015,27705,0.6350270826369524,0.022968925059392267,0.5093258270855019,59134.09375,0.8844315050145701,25626.1875,9.839520692825317,5,0,5.915721828266374,0.05436521199854334,0,31.946412129721693,0.0013169446529448633,,,,,,,,,,,,,,,,0.296875,7481,8192,3733.3359375,4815.74609375,453,453,4096,4096,4096,36.417779520037584,8.134043572004884,,,,,,,,,1,-1,0.30304576336566325,0,0,1,,,,,,7.878626346588135,0.02714032679796219,0.9744126200675964,0.009314578026533127,0.997771143913269,,,,,,,,,,,,,0.007495130004826933,0.0010647874375990796,0.00021443999139592052,0.6850806630100124,0.05839772397416709,0.009534868993796408,0.02820803108625114,0.008527731103413316,0.0005629000370390713,0,0,0,,,,,1,0.1875,0,48
89,35968.118133814,1788928308.3352108,0.296875,0,421.8817389011383,0.1962447166442871,1,-1,0.46875,0.5459446907043457,0.0017710232641547918,1.0040616989135742,0.9871885776519775,0.9631519317626953,0,0,0.013040577992796898,0.0010437784949317575,1.0010443925857544,0.2246563732624054,-0.06835133582353592,-0.06734275817871094,0.012916991487145424,0.0010437784949317575,1,1,0.0010437784949317575,1,7.9375,1859.71875,0.015325682467615072,0.03125,0,29866.6875,0,50.30248822302242,0.0013801564694242603,0.6399784881014647,76596.5625,0.9197292366252869,27506.8125,4.762567637837492,0.7166601181058898,85673.0625,0.9624583061577492,28773.5625,0.6428983304649591,0.027447668665356605,0.5120469317518654,61554.53125,0.8877559233480119,26627.1875,11.564136922359467,4.25,0,5.963815147128706,0.02499106281519127,0,44.727103945970036,0.001363942513052812,,,,,,,,,,,,,,,,0.23046875,7250,8192,3883.65234375,4841.51171875,654,654,4096,4096,4096,36.38811316603096,7.408919019973837,,,,,,,,,1,-1,0.3499271061118826,0,0,1,,,,,,9.604866027832031,0.02678757533431053,0.9688162207603455,0.009230737574398518,0.9978626370429993,,,,,,,,,,,,,0.005979879992082715,0.0010627515296164347,0.0002112200018018484,0.7033470119931735,0.06027650352393721,0.004298340005334467,0.02304596098838374,0.008992184561066097,0.0007981400121934712,0,0,0,,,,,1,0.296875,0,76
90,36389.637023732,1788928727.1937976,0.24609375,6.938893903907228e-18,406.8205907344818,0.23547202348709106,1,-1,0.53125,0.5412321090698242,0.0018645675154402852,1.0025014877319336,0.987000048160553,0.9701428413391113,0,0,0.013152169063687325,0.0009913762332871556,1.000991940498352,0.258693665266037,-0.0006689578294754028,-0.001092531718313694,0.013104924000799656,0.0009913762332871556,1,1,0.0009913762332871556,1,7.96875,1965.15625,0.015422632733975908,0.03125,0,31069.21875,0,125.7222420275954,0.0007262183699804031,0.6383544106005734,79475.25,0.9184058708163604,28565.5,4.072595508070663,0.7164176944556633,89058.15625,0.9620429074539932,29902.6875,0.6979541629552841,0.02585643342297334,0.5123833172224361,63935.25,0.8873651793171409,27648.0625,10.775214672088623,4.53125,0,5.906023324479642,0.06847785674928028,0,137.69129624784776,0.0006366681378040869,,,,,,,,,,,,,,,,0.19921875,7251,8192,3590.12109375,4460.64453125,679,679,4096,4096,4096,33.45107644901145,8.020744883979205,,,,,,,,,1,-1,0.2845960259019505,0,0,1,,,,,,11.890935897827148,0.0265031810849905,0.9623808264732361,0.00908601563423872,0.9980925917625427,,,,,,,,,,,,,0.0053924800013192,0.000982663454806243,0.0002204999909736216,0.6977974130422808,0.05269103427690425,0.005708749988116324,0.022719969041645527,0.007825971693364409,0.0006987400120124221,0,0,0,,,,,1,0.24609375,0,63
91,36831.739401984,1788929148.064894,0.375,1.0408340855860843e-17,409.50447392463684,0.15527483820915222,1,-1,0.34375,0.5577787160873413,0.001240142504684627,1.0050077438354492,0.9876965880393982,0.9687137603759766,0,0,0.012455271556973457,0.0006629669805988669,1.000663161277771,0.1593717485666275,-0.027418415993452072,-0.02721298299729824,0.012395884841680527,0.0006629669805988669,1,1,0.0006629669805988669,1,7.90625,1784.03125,0.014445341257442412,0.03125,0,28720.96875,0,50.64974549024605,0.02233362357089407,0.6400208677860036,73612.65625,0.921004813845554,26464.28125,4.649727366864681,0.7163724132851145,82339.8125,0.963449261700555,27678.15625,0.6523286178708076,0.02424607967491757,0.5142980769708936,59412.28125,0.8895231706500305,25628.90625,9.884692370891571,2.5625,0,3.6918188668687875,0.08935117405937493,0,44.39056623347149,0.022345776724382822,,,,,,,,,,,,,,,,0.13671875,7409,8192,3576.48046875,4397.55078125,676,676,4096,4096,4096,33.201367373985704,8.840606351965107,,,,,,,,,1,-1,0.33692789757345015,0,0,1,,,,,,9.605356216430664,0.026584601029753685,0.9644930362701416,0.00916246697306633,0.9980736374855042,,,,,,,,,,,,,0.006814410036895424,0.0010637479733759392,0.0001713800011202693,0.6781748799839988,0.04442686225752368,0.00718724902253598,0.10570262902183458,0.009322460267867427,0.0007572000031359494,0,0,0,,,,,1,0.375,0,96
92,37285.006634193,1788929590.0375865,0.203125,8.673617379884035e-18,430.7036280632019,0.21028363704681396,1,-1,0.5,0.5597243309020996,0.0020443452522158623,1.0026178359985352,0.9868737459182739,0.9684772491455078,0,0,0.01328226737678051,0.0009499607840552926,1.0009503364562988,0.215788796544075,-0.007360351737588644,-0.0073635573498904705,0.013230068609118462,0.0009499607840552926,1,1,0.0009499607840552926,1,7.90625,1797.3125,0.015219059020253584,0.03125,0,28611.84375,0,32.6965518687622,0.0008829470510983267,0.6426502420084221,73612.875,0.9247644812456414,26473.5,4.120442322921008,0.717385358027196,82124.5625,0.9656818295096508,27638.28125,0.6922559309750795,0.02582154974414752,0.5187511000000846,59581.90625,0.89480245731556,25653.125,10.502036690711975,2.90625,0,4.900842817923128,0.08984393297019326,0,33.65731441916901,0.0009386406623213729,,,,,,,,,,,,,,,,0.26171875,7718,8192,3967.00390625,4942.5625,615,615,4096,4096,4096,37.272844771970995,8.271144431026187,,,,,,,,,1,-1,0.31542003094028026,0,0,1,,,,,,9.116808891296387,0.026196854189038277,0.9560436606407166,0.009003829210996628,0.9981568455696106,,,,,,,,,,,,,0.006837850029114634,0.001070590492190604,0.0001745200133882463,0.7097518289810978,0.058781372370276586,0.008337699982803315,0.027410349110141397,0.009117325408851684,0.0008054299978539348,0,0,0,,,,,1,0.203125,0,52
93,37747.959324718,1788930043.392448,0.10546875,0,441.96073031425476,0.18179850280284882,1,-1,0.4375,0.5662710666656494,0.0016406903741881251,1.0013551712036133,0.9862202405929565,0.9674897193908691,0,0,0.013911103829741478,0.0009004834573715925,1.0009008646011353,0.2599218487739563,-0.0018733609467744827,-0.002014024183154106,0.013893868774175644,0.0009004834573715925,1,1,0.0009004834573715925,1,7.78125,2068.84375,0.015923944296658152,0.03125,0,31736.03125,0,31.692122685661133,0.0003908433077860308,0.6435301309437809,81706.90625,0.9249158687107062,29359.03125,4.132272481685504,0.7164823963668535,90996.34375,0.9648727834917172,30628.4375,0.6600275002419949,0.026930212408864833,0.520750386612294,66271.625,0.8957447265689026,28469.78125,10.569121062755585,2.3125,0,4.146032049228052,0.059607572466888054,0,30.068282061371818,0.00036583079569004764,,,,,,,,,,,,,,,,0.31640625,8192,8192,3939.05859375,5089.01171875,512,512,4096,4096,4096,37.987189382023644,7.9701495509943925,,,,,,,,,1,-0.7142857142857143,0.2435389588747474,0,0,1,,,,,,12.960742950439453,0.026069657877087593,0.937401294708252,0.008910422213375568,0.9982409477233887,,,,,,,,,,,,,0.004981759004294872,0.001044796653332014,0.00019588001305237412,0.7098040119744837,0.06238055409357912,0.006738780008163303,0.031068149080965668,0.009189037289615953,0,0,0,0,,,,,1,0.10546875,0,27
94,38190.809946932,1788930506.6402788,0.32421875,9.540979117872439e-18,451.6251308917999,0.11961830407381058,1,-0.7142857313156128,0.28125,0.5660245418548584,0.0014983350411057472,1.004500389099121,0.985887885093689,0.9658422470092773,0,0,0.014355529099702835,0.0006604930385947227,1.00066077709198,0.1619894802570343,-0.022675301879644394,-0.02219134196639061,0.014238755218684673,0.0006604930385947227,1,1,0.0006604930385947227,1,7.8125,2052.71875,0.016331235229052388,0.03125,0,31512.46875,0,43.05870712614255,0.0006641111757299405,0.6436588354432777,81112.84375,0.9254494946101975,29145.78125,4.199735679663718,0.7178689764020886,90463.03125,0.9660033553402604,30426.40625,0.6386121399700642,0.029719536362948683,0.5201964797768481,65782.59375,0.895385338842182,28258.125,10.576122522354126,2.65625,0,3.013665567602813,0.07198634601187798,0,45.33629314819248,0.000664173966769111,,,,,,,,,,,,,,,,0.30078125,8192,8192,4177.84765625,5381.94140625,646,646,4096,4096,4096,39.257525479013566,8.026910179003607,,,,,,,,,1,-1,0.3040961851058286,0,0,1,,,,,,10.181681632995605,0.026191595941781998,0.9401477575302124,0.009005961939692497,0.9982590675354004,,,,,,,,,,,,,0.007224600005429238,0.0011537946797943732,0.00017988000763580203,0.6799441329785623,0.05414504975806267,0.0037079700268805027,0.028147650009486824,0.010686261030741662,0,0,0,0,,,,,1,0.32421875,0,83
95,38645.411513151,1788930948.1060767,0.328125,0,431.2038462162018,0.1680501401424408,1,-1,0.4375,0.5764085054397583,0.0015647943364456296,1.0015430450439453,0.9851614236831665,0.9672565460205078,0,0,0.014983978122472763,0.0008679083548486233,1.000868320465088,0.20754069089889526,0.014338497072458267,0.014013748615980148,0.014968045055866241,0.0008679083548486233,1,1,0.0008679083548486233,1,7.875,2312.5625,0.016969378133265406,0.03125,0,33422.78125,0,108.7901995718505,0.0008902879578372933,0.647845449813738,86631.40625,0.9299782895386484,31090.84375,4.0738971047103405,0.7183943125429657,96087.1875,0.9683904001170573,32379.0625,0.6583465486764908,0.028826280198941852,0.5291526812473548,70851.875,0.9036661839087683,30237.34375,10.001014471054077,2.0625,0,3.455000321255909,0.07596966944292914,0,121.18439534316131,0.0009096877067374537,,,,,,,,,,,,,,,,0.24609375,8192,8192,3693.76953125,4751.95703125,541,541,4096,4096,4096,36.50926314195385,8.51939135597786,,,,,,,,,1,-1,0.33502969713024494,0,0,1,,,,,,7.263867378234863,0.025666825473308563,0.9048933982849121,0.008868751116096973,0.9983773827552795,,,,,,,,,,,,,0.00716360000660643,0.0010815050954988692,0.0001988600124605,0.7025125679792836,0.05040477468355675,0.006304649985395372,0.024553268973249942,0.00916929709615033,0,0,0,0,,,,,1,0.328125,0,84
96,39070.698287224,1788931403.4806848,0.359375,1.474514954580286e-17,444.308878660202,0.20621255040168762,1,-1,0.4375,0.5774254202842712,0.0019874221179634333,1.0041532516479492,0.9854967594146729,0.9690456390380859,0,0,0.014693308621644974,0.0011520397383719683,1.001152753829956,0.18296436965465546,-0.0028595500625669956,-0.002823921851813793,0.01463295891880989,0.0011520397383719683,1,1,0.0011520397383719683,1,7.6875,2009.84375,0.016378766017850974,0.03125,0,29550.15625,0,30.308929029333243,0.000587937953662932,0.6472101130750488,76576.28125,0.9303991814334609,27513.59375,3.121626893989742,0.7188753057613914,85040.375,0.9692183503822895,28661.40625,0.6101411134004593,0.02567433094867994,0.5268189072358352,62540.34375,0.9024263827295576,26725.21875,9.158429861068726,1.375,0,3.2434410895889183,0.1254496169279159,0,24.392458685994864,0.0005683758663866461,,,,,,,,,,,,,,,,0.265625,8192,8192,3979.984375,5045.22265625,561,561,4096,4096,4096,37.78590496099787,7.253701978013851,,,,,,,,,1,-1,0.36596252735569995,0,0,1,,,,,,8.28941822052002,0.02557746134698391,0.8953486084938049,0.008823246695101261,0.9983344674110413,,,,,,,,,,,,,0.006015570019371808,0.0011131753324207239,0.00017409998690709472,0.720633038028609,0.06430956476560823,0.0029506099526770413,0.03194783697836101,0.010430894242063005,0,0,0,0,,,,,1,0.359375,0,92
97,39527.647836545,1788931828.3190925,0.2734375,8.239936510889834e-18,414.2652051448822,0.2505991458892822,1,-1,0.59375,0.5813155174255371,0.0023634072858840227,1.005660057067871,0.9850441217422485,0.9619889259338379,0,0,0.015145444311201572,0.0014237591531127691,1.001424789428711,0.23979969322681427,0.00463136238977313,0.0045171501114964485,0.015094365924596786,0.0014237591531127691,1,1,0.0014237591531127691,1,7.6875,2231.71875,0.017013571782887725,0.03125,0,31839.875,0,39.413808257370746,0.0007610580565649376,0.6440223341444735,81906.53125,0.9244485206243289,29393.5,3.7193452841602266,0.7153867072092435,91048.0625,0.9642241533970815,30669.9375,0.5893816072493792,0.027268968622832235,0.5279703756013784,67183.71875,0.8981445986889147,28564.28125,9.453777968883514,1.75,0,2.8178704648431196,0.08545810984512549,0,39.456084038492115,0.0007659458725463782,,,,,,,,,,,,,,,,0.18359375,7112,8192,3732.421875,4771.15625,600,600,4096,4096,4096,36.30493078898871,7.9802877440233715,,,,,,,,,1,-1,0.3711537444790451,0,0,1,,,,,,9.488112449645996,0.02593788132071495,0.9065847992897034,0.008971753530204296,0.9983019828796387,,,,,,,,,,,,,0.00827767897862941,0.001044948033268156,0.00016659003449603915,0.6963567479979247,0.058131736878067386,0.006861730013042688,0.026903599908109754,0.010259670001914856,0.0005509600159712136,0,0,0,,,,,1,0.2734375,0,70
98,39944.619922196,1788932286.2069938,0.16796875,1.3444106938820255e-17,446.3231358528137,0.2528988718986511,1,-1,0.5625,0.5890566110610962,0.0025243184063583612,1.0039405822753906,0.9858496189117432,0.9667482376098633,0,0,0.01435840129852295,0.0014100470580160618,1.0014110803604126,0.26687538623809814,-0.012522134929895401,-0.012456978671252728,0.014272280037403107,0.0014100470580160618,1,1,0.0014100470580160618,1,7.78125,2091.78125,0.016025730253598332,0.03125,0,29859.375,0,33.06091975388615,0.0017499560550482433,0.6507006550236862,77718.21875,0.9340598214680587,27881.28125,3.7981499461457133,0.7198061123844599,85949.46875,0.9710522895820789,28987.4375,0.5778574980795383,0.023386764431252823,0.5336853862778306,63995.3125,0.9076448972285942,27139.1875,8.063398510217667,1.75,0,3.1197495747560033,0.11177798809186534,0,35.15651357912096,0.0015432877121233962,,,,,,,,,,,,,,,,0.3125,8192,8192,4019.82421875,5182.65625,757,757,4096,4096,4096,38.59120001096744,7.32026260899147,,,,,,,,,1,-1,0.3184384732165537,0,0,1,,,,,,10.966584205627441,0.025686781853437424,0.8856840133666992,0.00886420626193285,0.9983832836151123,,,,,,,,,,,,,0.00862003001384437,0.0010026107347584912,0.0001903199590742588,0.7098758679931052,0.055479851176642114,0.0046633500023745,0.026882740086875856,0.010658137138989332,0,0,0,0,,,,,1,0.16796875,0,43
99,42448.66763968,1788932703.4831145,0.26953125,2.6020852139652106e-18,405.37688755989075,0.1937684565782547,1,-1,0.4375,0.5910453200340271,0.0018944962648674846,1.002821922302246,0.985430121421814,0.9711370468139648,0,0,0.0147161353379488,0.0010693564545363188,1.0010700225830078,0.2549286186695099,0.003321305848658085,0.00318940170109272,0.014694461598992348,0.0010693564545363188,1,1,0.0010693564545363188,1,7.75,2300.15625,0.016390472921969178,0.03125,0,32158.59375,0,35.63382301590414,0.0021248389269834,0.6509735628636538,83764.0625,0.9339267502023059,30039.90625,3.849257154855877,0.7196373270745308,92592.25,0.9711101903391355,31237.40625,0.6444685757160187,0.02298360038619718,0.5341630723841996,68831.90625,0.9062785914558692,29179.4375,8.21994549036026,1.9375,0,2.9950594796065726,0.10769323255082452,0,38.911479294923524,0.0017717651266786344,,,,,,,,,,,,,,,,0.18359375,7867,8192,3322.33203125,4303.8203125,550,550,4096,4096,4096,32.78494060400408,8.4284528499702,,,,,,,,,1,-1,0.35083719114979467,0,0,1,,,,,,9.002389907836914,0.025806549936532974,0.8514479398727417,0.008879054337739944,0.9984485507011414,,,,,,,,,,,,,0.005871520028449595,0.0011392778685603844,0.00021674000890925527,0.7738397570210509,0.0770570480499373,0.004129119974095374,0.035819109878502786,0.009276298043914721,0.0005483900313265622,0,0,0,,,,,1,0.26953125,0,69
100,42873.167613786,1788935208.4660783,0.20703125,7.806255641895632e-18,2492.2178859710693,0.23883818089962006,1,-1,0.5,0.6023483872413635,0.0023236358538269997,1.0053071975708008,0.9867745637893677,0.968928337097168,0,0,0.013452094048261642,0.001094398437999189,1.001094937324524,0.21482008695602417,-0.021696217358112335,-0.021655142307281494,0.013330742716789246,0.001094398437999189,1,1,0.001094398437999189,1,7.59375,1882.9375,0.015211066987157438,0.03125,0,26578.65625,0,182.05757404568922,0.0024327436688980396,0.6512008940966085,69151,0.9343763514256173,24808.1875,2.933981512673199,0.7181117040524068,76327.53125,0.9702320473529966,25774.46875,0.5978304427117109,0.01992819083688558,0.5362845401585191,57089.34375,0.9081557153316332,24148.0625,7.0786662101745605,0.90625,0,2.4426778602913166,0.17527697324235886,0,243.27477999628212,0.0016283621470260098,800,100,0.2162500023841858,0.21625,2049.912888491992,0.23125,8192,8192,3551.597412109375,4635.44125,462,462,4096,4096,4096,0.3203125,8192,8192,3753.05859375,4973.7421875,500,500,4096,4096,4096,16.378980913460556,8.544482304016128,1,7.077671781985373e-18,-1,0.20317456012813,0.02,0.55,0.43,0.21625,1,-1,0.28007834180996644,0,0,1,7.934093475341797,0.025880560018122195,0.8206086158752441,0.008930549826472997,0.998479380607605,9.743602752685547,0.025298260152339935,0.86003178358078,0.008757257834076881,0.9984804391860962,67.99552632303676,13.072766091606173,0.00019120000069960952,55.634384835953824,4.540228732758988,0.0005995489773340523,229.98637789295753,35.35816987306062,0,0,0,0,0.006829070043750107,0.001191556686990225,0.00017618999117985368,0.7255113880382851,0.05726467618683273,0.005657889996655285,0.10366687696659938,0.010801356109368498,0,0,0,0,1,0.21625,0,1.73,1,0.20703125,0,53
101,43333.238804524,1788935631.2914836,0.203125,6.5052130349130266e-18,411.73922896385193,0.15259835124015808,1,-1,0.34375,0.608342170715332,0.0014784152153879404,1.004694938659668,0.9862602949142456,0.971458911895752,0,0,0.01394784078001976,0.0008431761525571346,1.0008435249328613,0.18791088461875916,0.004269752651453018,0.004265093244612217,0.013853905722498894,0.0008431761525571346,1,1,0.0008431761525571346,1,7.71875,2173.78125,0.01549862966797806,0.03125,0,30024.46875,0,26.331819565408296,0.024594150588892985,0.6506648178855609,78007.875,0.9343483586654644,28008.375,3.0580921648070216,0.718642958286673,86290.625,0.9709808534490971,29130.65625,0.6183275720104575,0.01894355479489216,0.5354312279731221,64448.40625,0.9066173858812506,27213.40625,6.821212291717529,1.5625,0,2.498122951376908,0.19017993520121296,0,24.232370035940324,0.02589709045742898,,,,,,,,,,,,,,,,0.30078125,6707,8192,3760.00390625,4987.390625,547,547,4096,4096,4096,37.13514306396246,8.608728783030529,,,,,,,,,1,-0.8571428571428571,0.30929478706587094,0,0,1,,,,,,6.355074882507324,0.025432802736759186,0.7701780200004578,0.00882131326943636,0.9985144138336182,,,,,,,,,,,,,0.0060712400008924305,0.0011521736332724686,0.0001718900166451931,0.7128445780253969,0.06665141748567294,0.0038435099995695055,0.03206031891750172,0.01114827316928313,0.00046170904533937573,0,0,0,,,,,1,0.203125,0,52
102,43788.421254065,1788936091.1531508,0.1796875,1.3877787807814457e-17,448.96960258483887,0.1776849925518036,1,-0.8571428656578064,0.4375,0.613597571849823,0.0018808055901899934,1.0033082962036133,0.9862727522850037,0.9707684516906738,0,0,0.01385711319744587,0.0009064390324056149,1.0009068250656128,0.2893980145454407,0.0034524230286478996,0.00327314343303442,0.013835804536938667,0.0009064390324056149,1,1,0.0009064390324056149,1,7.625,2250.3125,0.015381023053772636,0.03125,0,30080.03125,0,48.69725902961912,0.005162106910590892,0.6564637573446954,78972.03125,0.9418076205016775,28325.78125,2.092754189734478,0.7202805967823751,86695.40625,0.9756765040617703,29354.0625,0.5428234683349729,0.017713476583770538,0.5460085235686578,65750.1875,0.9202501103013898,27697.53125,6.12345016002655,0.9375,0,2.7643037584563306,0.22024902376337058,0,48.85004556579872,0.004790999401677945,,,,,,,,,,,,,,,,0.2734375,8192,8192,3985.19921875,5121.66015625,336,336,4096,4096,4096,38.190518898074515,7.906123938970268,,,,,,,,,1,-1,0.3154200309402802,0,0,1,,,,,,7.816512107849121,0.024921448901295662,0.8982237577438354,0.008691282942891121,0.9985018372535706,,,,,,,,,,,,,0.004313510027714074,0.0010845696992873854,0.00016922003123909235,0.6838944290066138,0.04977954905371007,0.006862279959022999,0.09834128816146404,0.011782022656916524,0,0,0,0,,,,,1,0.1796875,0,46
103,44235.651760294,1788936546.1768925,0.19140625,6.071532165918825e-18,444.32757115364075,0.17811474204063416,1,-1,0.40625,0.6088923215866089,0.0025552280712872744,1.0058975219726562,0.9872217178344727,0.9734792709350586,0,0,0.012920754961669445,0.000885652843862772,1.000886082649231,0.21529018878936768,0.0011926942970603704,0.0011639660224318504,0.012877503409981728,0.000885652843862772,1,1,0.000885652843862772,1,7.625,2347,0.014527444320865236,0.03125,0,31881.59375,0,71.23231751654822,0.005006726869774276,0.6540554356213963,83553.9375,0.9373633874936886,29936.71875,2.704040086362511,0.7185575279348577,91714.84375,0.9722346015645236,31035.75,0.5304908454418182,0.016714151093405117,0.5408247199312011,69196.78125,0.9137283741630926,29223.6875,7.052972465753555,1.46875,0,3.8740209518102784,0.20853063750572245,0,67.79353812890052,0.0037818897499789965,,,,,,,,,,,,,,,,0.32421875,8192,8192,3829.83984375,5045.89453125,517,517,4096,4096,4096,37.62231377698481,7.685989823075943,,,,,,,,,1,-1,0.310324057088978,0,0,1,,,,,,6.565163612365723,0.02478652447462082,0.799206018447876,0.008628495037555695,0.9985951781272888,,,,,,,,,,,,,0.006546479999087751,0.001134489053129073,0.00022245000582188368,0.6829383689910173,0.04655117311131107,0.002637759898789227,0.09222951019182801,0.01179101207981148,0,0,0,0,,,,,1,0.19140625,0,49
104,44692.786495491,1788936993.8021514,0.171875,1.734723475976807e-18,436.5115623474121,0.17700672149658203,1,-1,0.46875,0.6171544790267944,0.0023936957586556673,1.0041217803955078,0.9875732660293579,0.9738702774047852,0,0,0.012582514435052872,0.0008868072181940079,1.0008872747421265,0.25945165753364563,-0.002237984910607338,-0.002252220641821623,0.012516681104898453,0.0008868072181940079,1,1,0.0008868072181940079,1,7.53125,2252.9375,0.014015601982389728,0.03125,0,30638.71875,0,57.21366768680847,0.006200767571500351,0.6588035691390424,80777.28125,0.9451584743687778,28971.53125,2.073311269748956,0.7220158542065265,88506.625,0.9784118193994109,29989.625,0.5644922219216824,0.01586290704792389,0.5452332310438477,66909.0625,0.9219545442614644,28283.46875,6.757264852523804,0.78125,0,2.2455257234352617,0.22852144798202942,0,48.23206143210474,0.0060992597424014555,,,,,,,,,,,,,,,,0.2421875,8192,8192,3689.56640625,4867.6796875,565,565,4096,4096,4096,37.579043439007364,7.885130669921637,,,,,,,,,1,-0.8571428571428571,0.3253726278265821,0,0,1,,,,,,8.67566204071045,0.024807073175907135,0.8199203014373779,0.008615887723863125,0.9986258745193481,,,,,,,,,,,,,0.00651304901111871,0.0010682963993531303,0.00017957005184143782,0.6994823979912326,0.051327794812550565,0.0061610599514096975,0.11329322820529342,0.010672058798263606,0,0,0,0,,,,,1,0.171875,0,44
105,45167.679871525,1788937451.7290056,0.02734375,5.637851296924623e-18,446.02081990242004,0.1887417733669281,1,-0.8571428656578064,0.40625,0.6259021759033203,0.001782437670044601,1.0062646865844727,0.9881263375282288,0.9749836921691895,0,0,0.012044524773955345,0.0009116808651015162,1.000912070274353,0.2458306849002838,0.013052977621555328,0.012838628143072128,0.011957022361457348,0.0009116808651015162,1,1,0.0009116808651015162,1,7.40625,2128.4375,0.013263456773618667,0.03125,0,29516.53125,0,28.443466838851435,0.006657426270694463,0.6542130932409267,77662.40625,0.9386742978138221,27841.65625,1.7763686389662325,0.7166652938524185,84948.84375,0.970333887256081,28772.75,0.5802057553082705,0.015135840769279091,0.5390358942039226,64214.875,0.9120929334195996,27141.65625,7.1487999856472015,0.5625,0,2.2576847827016806,0.33872732019115687,0,27.24790903511328,0.006326232676746229,,,,,,,,,,,,,,,,0.3984375,7634,8192,4071.3203125,5508.55078125,557,557,4096,4096,4096,39.96185182908084,7.988709236960858,,,,,,,,,1,-0.2857142857142857,0.1731314234791546,0,0,1,,,,,,7.699227809906006,0.024153191596269608,0.874761700630188,0.008393137715756893,0.9986686706542969,,,,,,,,,,,,,0.00837182893883437,0.0012843547360716911,0.00020837096963077784,0.7037053689127788,0.04771642381911079,0.0059146699495613575,0.11526437674183398,0.01125567240478631,0.0005621199961751699,0,0,0,,,,,1,0.02734375,0,7
106,45629.60034677,1788937926.3721528,0.1640625,1.3877787807814457e-17,462.98175501823425,0.058090463280677795,1,-0.2857142984867096,0.1875,0.6206127405166626,0.0008443464757874608,1.0027046203613281,0.9879235029220581,0.9749317169189453,0,0,0.012193342670798302,0.000195983680896461,1.0001959800720215,0.15070544183254242,-0.009445760399103165,-0.009412480518221855,0.012160176411271095,0.000195983680896461,1,1,0.000195983680896461,1,7.53125,2353.5,0.013605905302391561,0.03125,0,32570.5625,0,26.333445347490276,0.004603142391132629,0.6606790637134028,86056.6875,0.9487492780823636,30896.03125,2.499359437264502,0.7234608947372682,94274.21875,0.9811383917137753,31958.46875,0.5645554326474667,0.015245976322052882,0.5441769553022616,70908.5625,0.9256337225647623,30158.59375,6.7031324207782745,0.75,0,2.206009353540204,0.2166956438453228,0,23.211601367820307,0.004350420275074192,,,,,,,,,,,,,,,,0.40234375,7867,8192,4367.40625,5563.3828125,454,454,4096,4096,4096,40.36072002199944,8.730105696013197,,,,,,,,,1,-1,0.2789374884252377,0,0,1,,,,,,5.006861686706543,0.023291785269975662,0.759723424911499,0.008155710995197296,0.9986933469772339,,,,,,,,,,,,,0.007555029937066138,0.0011816055689450877,0.00017573009245097637,0.7077233180170879,0.06552880559365803,0.002882709028199315,0.03166077996138483,0.011795115039603843,0.0006694699404761195,0,0,0,,,,,1,0.1640625,0,42
107,46111.76633001,1788938388.3114693,0.09765625,5.637851296924623e-18,450.3844623565674,0.14838971197605133,1,-1,0.375,0.6028724312782288,0.0016892623389139771,1.0044193267822266,0.9883449077606201,0.9740352630615234,0,0,0.011807498522102833,0.0006743969861418009,1.0006747245788574,0.22772037982940674,-0.0032748610246926546,-0.0032749760430306196,0.011734210886061192,0.0006743969861418009,1,1,0.0006743969861418009,1,7.4375,2480.1875,0.013091657139767905,0.03125,0,34939.25,0,30.19959216668923,0.007774391788583114,0.6579337763457251,92030.40625,0.9457395379621096,33070.1875,2.024034565896727,0.7229549502048794,101092.875,0.9794609466677218,34245.125,0.5936102773994207,0.014637758448023251,0.5365783096789782,75097.8125,0.920392120010934,32215.4375,6.634026855230331,0.65625,0,3.119073700446364,0.26870904698766046,0,28.488994540678142,0.0056599358894831794,,,,,,,,,,,,,,,,0.375,8192,8192,4066.65234375,5284.41015625,497,497,4096,4096,4096,39.007013509981334,8.430308837094344,,,,,,,,,1,-1,0.24090602791485788,0,0,1,,,,,,6.309352874755859,0.0233130045235157,0.6538648009300232,0.008132103830575943,0.9987190365791321,,,,,,,,,,,,,0.0056415400467813015,0.0011313003856230353,0.00017772999126464128,0.7066809250973165,0.06372283566042825,0.00928807002492249,0.10903898894321173,0.01023482959908506,0,0,0,0,,,,,1,0.09765625,0,25
108,46579.485297487,1788938869.483782,0.1875,1.1275702593849246e-17,470.4987225532532,0.1104993000626564,1,-1,0.28125,0.6115448474884033,0.0011849869042634964,1.0024566650390625,0.98878413438797,0.9775824546813965,0,0,0.011344050988554955,0.00047068740241229534,1.000470757484436,0.17199411988258362,0.002088296227157116,0.002079523168504238,0.01128994021564722,0.00047068740241229534,1,1,0.00047068740241229534,1,7.3125,2210.5,0.012699537944458408,0.03125,0,32533.21875,0,38.527690765811755,0.00382990574555602,0.6566173861104435,85346.5,0.9441719668945907,30686.6875,2.0743335457518697,0.7219985731605183,93927.75,0.9780652909533545,31803.65625,0.4982472024857998,0.014593103596658512,0.5327428225431058,69156.46875,0.9143094527302897,29713.65625,7.170308411121368,0.40625,0,2.6439579443858516,0.2639791899211504,0,37.834449788410964,0.0038687832092189145,,,,,,,,,,,,,,,,0.41796875,8192,8192,4427.48046875,5697.73828125,514,514,4096,4096,4096,41.910515870084055,8.362917637918144,,,,,,,,,1,-1,0.30304576336566325,0,0,1,,,,,,12.968977928161621,0.023230208083987236,0.7821374535560608,0.008102045394480228,0.9987016916275024,,,,,,,,,,,,,0.0073370300233364105,0.0011874208889821602,0.00019525992684066296,0.700564595987089,0.05215934474654205,0.003962639952078462,0.030599549878388643,0.011676326828364836,0,0,0,0,,,,,1,0.1875,0,48
109,47048.113396448,1788939337.793265,0.0703125,3.0357660829594124e-18,457.0313010215759,0.16663309931755066,1,-1,0.40625,0.5981642007827759,0.0017021220410242677,1.0014371871948242,0.9886486530303955,0.9758071899414062,0,0,0.011434119194746017,0.0006667796988040209,1.0006669759750366,0.23100924491882324,0.015448949299752712,0.015149572864174843,0.011425340548157692,0.0006667796988040209,1,1,0.0006667796988040209,1,7.4375,2513.4375,0.01282523681640297,0.03125,0,35419.84375,0,87.40039867506027,0.005946219864265328,0.6594586418620909,93420.8125,0.9480433859932313,33577.53125,2.4572330724913627,0.7234122267083177,102505.90625,0.9804828334795599,34731.25,0.5291331894695759,0.014154106407461077,0.5360458974707198,75931.34375,0.9211113038153178,32636.3125,6.01066929101944,0.5625,0,3.136445882981232,0.20791982838324424,0,97.0474696002088,0.005590195710949255,,,,,,,,,,,,,,,,0.43359375,8192,8192,4241.23046875,5468.35546875,523,523,4096,4096,4096,39.58225443097763,7.4982838509604335,,,,,,,,,1,-0.7142857142857143,0.24222607082590245,0,0,1,,,,,,5.8370819091796875,0.022827355191111565,0.8327746391296387,0.007965441793203354,0.9987326264381409,,,,,,,,,,,,,0.0061571800615638494,0.0011127152229164494,0.00018960004672408104,0.7112257080152631,0.058653814729495934,0.006998319993726909,0.026496019796468318,0.01065570847640629,0,0,0,0,,,,,1,0.0703125,0,18
110,47507.419096778,1788939806.8234363,0.078125,8.673617379884035e-19,457.33385491371155,0.1057911366224289,1,-0.7142857313156128,0.25,0.6026960015296936,0.0017069182358682156,1.003392219543457,0.9884411692619324,0.9740257263183594,0,0,0.011665722355246544,0.0004955556942149997,1.0004957914352417,0.16415423154830933,-0.0021008928306400776,-0.002041806234046817,0.011635798960924149,0.0004955556942149997,1,1,0.0004955556942149997,1,7.375,2353.65625,0.01280728209224622,0.03125,0,33929.84375,0,24.050280267039177,0.003873536451964704,0.6529150304288414,88450.125,0.9396941723089919,31839.125,1.3995388268958777,0.7203346337625302,97810.40625,0.974430832535547,33054.28125,0.543608620762825,0.01452081802155913,0.5286340044343067,71462.65625,0.9092105301872774,30774.125,6.230079472064972,0.59375,0,2.0596745712921116,0.36852287204614054,0,25.237041816950423,0.0038382918783574985,,,,,,,,,,,,,,,,0.34375,8192,8192,4252.765625,5262.59765625,555,555,4096,4096,4096,39.01336303004064,7.869231624063104,,,,,,,,,1,-0.7142857142857143,0.23145502494313785,0,0,1,,,,,,5.110865116119385,0.02239946648478508,0.6914118528366089,0.007813303731381893,0.9987541437149048,,,,,,,,,,,,,0.0052786999149248,0.0011326508656566148,0.00018655008170753717,0.7004965780070052,0.06564634385540558,0.0031491799745708704,0.09395430702716112,0.010414136571398558,0,0,0,0,,,,,1,0.078125,0,20
111,47975.363368079,1788940265.4832013,0.1015625,2.168404344971009e-18,447.62992548942566,0.10037460178136826,1,-0.7142857313156128,0.21875,0.5952251553535461,0.0013092360459268093,1.0046701431274414,0.9892421960830688,0.9781198501586914,0,0,0.010883457958698273,0.00042189331725239754,1.0004220008850098,0.12363100051879883,0.0018278195057064295,0.0018849630141630769,0.010826632380485535,0.00042189331725239754,1,1,0.00042189331725239754,1,7.21875,2268.59375,0.012088578830842335,0.03125,0,34022.125,0,18.963524202752726,0.007695562079050898,0.6474054828217568,88092.65625,0.9330367497744194,31743.65625,1.4906075643375516,0.72039548893611,97903.21875,0.9712360847469836,33012.71875,0.5406011212617159,0.013476489608795252,0.5177946165166868,70289.59375,0.8959592116468085,30492.59375,5.903118908405304,0.3125,0,2.0112266060419834,0.3678956018162167,0,17.18757026892363,0.007610713183845103,,,,,,,,,,,,,,,,0.34765625,8192,8192,4018.98046875,5099.9296875,543,543,4096,4096,4096,38.023041518055834,8.498526694020256,,,,,,,,,1,-1,0.24222607082590242,0,0,1,,,,,,6.3847575187683105,0.02278565615415573,0.7916538119316101,0.00793596263974905,0.9987425208091736,,,,,,,,,,,,,0.008066689944826066,0.0011602606641645252,0.0001756199635565281,0.7168439670931548,0.04896371915447162,0.004982379963621497,0.11897167807910591,0.010887565787015774,0,0,0,0,,,,,1,0.1015625,0,26
112,48436.046364539,1788940733.8183117,0.0703125,5.204170427930421e-18,456.88586235046387,0.10850991308689117,1,-1,0.25,0.6027928590774536,0.0014366984833031893,1.0032730102539062,0.9888350963592529,0.9784507751464844,0,0,0.011320683173835278,0.0004518358036875725,1.000451922416687,0.1342543065547943,0.0003637094050645828,0.00026907119899988174,0.011238040402531624,0.0004518358036875725,1,1,0.0004518358036875725,1,7.28125,2239.71875,0.012560003588005153,0.03125,0,32151.84375,0,25.05689519408854,0.004392029315036502,0.6543829352656867,83819.125,0.9411348402327472,30166.6875,1.6126791229471564,0.7188662639028083,92278.15625,0.9733741971906578,31225.125,0.5432836096733809,0.01438756853620346,0.5277089427134884,67516.03125,0.9113148062999817,29201.4375,6.432651698589325,0.40625,0,2.085106333833161,0.3310566826584265,0,24.40212407411148,0.004251280672263328,,,,,,,,,,,,,,,,0.4453125,8057,8192,4306.9921875,5443.19921875,531,531,4096,4096,4096,39.65924583992455,7.955715344054624,,,,,,,,,1,-0.5714285714285714,0.24484480715718013,0,0,1,,,,,,4.632225036621094,0.02237432822585106,0.6687438488006592,0.007767357863485813,0.9987717866897583,,,,,,,,,,,,,0.008540870039723814,0.0011896589403477265,0.00017229991499334574,0.7240406170021743,0.06707304485416898,0.002809430006891489,0.09722823882475495,0.010875650941670756,0.0007902199868112803,0,0,0,,,,,1,0.0703125,0,18
113,48911.556366106,1788941195.091246,0.09765625,3.469446951953614e-18,449.2121379375458,0.10940194875001907,1,-0.5714285969734192,0.28125,0.5975481867790222,0.0015299759106710553,1.0050592422485352,0.9895473718643188,0.9740719795227051,0,0,0.010592447593808174,0.00042411615140736103,1.0004241466522217,0.19916659593582153,0.007719316985458136,0.007676528766751289,0.010518813505768776,0.00042411615140736103,1,1,0.00042411615140736103,1,7.28125,2339.53125,0.011862141107413807,0.03125,0,34455.9375,0,15.438306345371611,0.0043336093357223115,0.6514626720802343,89511.9375,0.9389651505971919,32274.5625,1.5753861833363771,0.7208849142943328,99255.125,0.9741635020912489,33512.65625,0.579228937625885,0.01429339050625308,0.5224853011075843,71600.9375,0.9057774303276847,31116.9375,6.988438367843628,0.3125,0,1.9767383637687876,0.3126812983193953,0,14.614117196398116,0.0043148582383328495,,,,,,,,,,,,,,,,0.375,8192,8192,4033.1015625,5172.9765625,572,572,4096,4096,4096,38.514987815055065,8.349183596903458,,,,,,,,,1,-0.7142857142857143,0.25877458475338283,0,0,1,,,,,,6.545263290405273,0.022647997364401817,0.5648612976074219,0.007847526110708714,0.9987611770629883,,,,,,,,,,,,,0.006966039887629449,0.0011441326273597952,0.00020176998805254698,0.7339497469365597,0.06559076083976834,0.006738189957104623,0.09342682897113264,0.010018781317285175,0,0,0,0,,,,,1,0.09765625,0,25
114,49376.500660494,1788941670.639401,0.125,1.214306433183765e-17,463.4470648765564,0.12079577893018723,1,-0.7142857313156128,0.28125,0.6016913652420044,0.0015868296613916755,1.005925178527832,0.9888827204704285,0.9760098457336426,0,0,0.011283855885267258,0.0005625174380838871,1.0005626678466797,0.17830514907836914,0.010548141784965992,0.01044017169624567,0.011191481724381447,0.0005625174380838871,1,1,0.0005625174380838871,1,7.375,2211.78125,0.012415855817065825,0.03125,0,32264.8125,0,24.32918687335236,0.005535766916799722,0.6492013169098501,83742.375,0.9358498560206134,30167.59375,1.6835946487262845,0.7189067889180927,92652.28125,0.9712833193328558,31291,0.5603131074458361,0.01452604529883806,0.5217402046339075,67181.65625,0.9023702943703269,29084.25,6.528902471065521,0.5,0,2.170879942349226,0.30957505738784896,0,23.027633329545296,0.003304786008385495,,,,,,,,,,,,,,,,0.4140625,8192,8192,4371.80859375,5467.171875,542,542,4096,4096,4096,39.86709327704739,8.738573075970635,,,,,,,,,1,-0.8571428571428571,0.29666513796135985,0,0,1,,,,,,5.421020030975342,0.021847695112228394,0.8172324895858765,0.007614916656166315,0.9987703561782837,,,,,,,,,,,,,0.008941820007748902,0.0012290319978092157,0.00017625000327825546,0.7275498069357127,0.06978853750388225,0.002800871036015451,0.03149251895956695,0.011290630460734974,0,0,0,0,,,,,1,0.125,0,32
115,49866.590095988,1788942135.086535,0.0390625,2.6020852139652106e-18,452.8994653224945,0.15515120327472687,1,-0.8571428656578064,0.40625,0.5793362855911255,0.0017610008362680674,1.0028867721557617,0.9893391132354736,0.9777975082397461,0,0,0.01077191811054945,0.0006185411475598812,1.000618815422058,0.28104835748672485,0.020347222685813904,0.020077960565686226,0.01072919461876154,0.0006185411475598812,1,1,0.0006185411475598812,1,7.4375,2353.9375,0.011922772340439303,0.03125,0,34974.46875,0,16.213170279287418,0.004766564795798477,0.6390399397666009,89326.34375,0.9222635551653078,32241.90625,1.2602039072662592,0.7102854108568959,99443.59375,0.9584254740636247,33530.6875,0.5393974594771862,0.013515714224155288,0.5102955418910531,71204.84375,0.8870540925929824,30992.78125,6.5686715841293335,0.625,0,2.195415590893048,0.36796080047517354,0,16.50362773258267,0.004680401323236862,,,,,,,,,,,,,,,,0.39453125,8192,8192,4166.28125,5323.46875,499,499,4096,4096,4096,39.43144910200499,8.869233074015938,,,,,,,,,0.8571428571428572,-0.5714285714285714,0.1821078397711709,0,0,1,,,,,,5.451444625854492,0.02085399068892002,0.8816362023353577,0.007244347594678402,0.9988166093826294,,,,,,,,,,,,,0.006384050007909536,0.00106084587650912,0.00019650999456644058,0.7100420569768175,0.05403336545214188,0.003298930008895695,0.09312487707938999,0.01005930992505455,0,0,0,0,,,,,1,0.0390625,0,10
116,50350.39230771,1788942624.2728786,0.05859375,4.7704895589362195e-18,478.61020159721375,0.05554555356502533,0.8571428656578064,-0.5714285969734192,0.125,0.5726253390312195,0.0010405362118035555,1.003591537475586,0.9899184107780457,0.9757909774780273,0,0,0.010216919705271721,0.0002380809746682644,1.0002381801605225,0.07446703314781189,0.005509373266249895,0.005518743768334389,0.010146427899599075,0.0002380809746682644,1,1,0.0002380809746682644,1,7.1875,2100.59375,0.011356988726934861,0.03125,0,33330.25,0,23.350050577052148,0.010350333974042157,0.6249709490366322,83349.09375,0.9026396412839894,30115.21875,1.5019625739660452,0.697305055733517,93246.6875,0.9387128862876164,31356.21875,0.5792544391006231,0.013006376129214809,0.49179268249365926,65371.65625,0.8607246426484657,28679.0625,5.818209886550903,0.1875,0,2.05256603822978,0.35599545003543465,0,22.50594421316554,0.009387798632692184,,,,,,,,,,,,,,,,0.50390625,8083,8192,4667.6640625,6083.03515625,591,591,4096,4096,4096,44.55201299500186,8.471195323974825,,,,,,,,,1,-0.5714285714285714,0.22728432252424743,0,0,1,,,,,,9.537753105163574,0.0210458654910326,0.7749185562133789,0.007328822743147612,0.9988006353378296,,,,,,,,,,,,,0.011143838986754417,0.0011655428088488407,0.00019006000366061926,0.7453418869990855,0.060562138661680365,0.005598860094323754,0.034032320021651685,0.01289914172139106,0.000971789937466383,0,0,0,,,,,1,0.05859375,0,15
117,50817.54354563,1788943109.1898005,0.12890625,0,473.1487147808075,0.08964956551790237,1,-0.5714285969734192,0.21875,0.5575988292694092,0.0010492774890735745,1.0014305114746094,0.9886147975921631,0.9762206077575684,0,0,0.011464232578873634,0.0004235045053064823,1.000423550605774,0.15636202692985535,0.008144868537783623,0.008149521425366402,0.01146196573972702,0.0004235045053064823,1,1,0.0004235045053064823,1,7.4375,2519.21875,0.012613257963635108,0.03125,0,37341.3125,0,30.264918133592673,0.0038603011777691688,0.6400686262704395,95518.75,0.9258386662056837,34558.09375,1.8552298020222224,0.712001024792548,106374.84375,0.9611865711848568,35891.46875,0.5733428839594126,0.014701283518985683,0.5068734913211463,75489.03125,0.889456991084686,33170.65625,6.3920358419418335,0.59375,0,2.459744124117618,0.2837149296630447,0,29.968197625315337,0.0037713177027571816,,,,,,,,,,,,,,,,0.44921875,8192,8192,4498.71484375,5483.1484375,537,537,4096,4096,4096,40.49070213700179,7.446011940948665,,,,,,,,,1,-0.8571428571428571,0.2731617596567563,0,0,1,,,,,,7.654371738433838,0.02009129710495472,0.7046537399291992,0.007038125302642584,0.998833179473877,,,,,,,,,,,,,0.006558629916980863,0.0011453486695245374,0.00022390997037291527,0.7133870169054717,0.05088833973832152,0.00511224998626858,0.10472990910056978,0.012405570224018447,0,0,0,0,,,,,1,0.12890625,0,33
118,51289.154065294,1788943576.1605349,0.07421875,4.336808689942018e-19,455.37616515159607,0.13324794173240662,1,-0.8571428656578064,0.3125,0.5513559579849243,0.0013846519868820906,1.0051231384277344,0.9891166687011719,0.9746522903442383,0,0,0.011042347177863121,0.0005306779639795423,1.00053071975708,0.19632679224014282,0.0281786248087883,0.02784646674990654,0.010959254577755928,0.0005306779639795423,1,1,0.0005306779639795423,1,7.1875,2321.625,0.012113301815198731,0.03125,0,35989.71875,0,24.83942554293953,0.016597422042333065,0.6308966208527288,90031.53125,0.9132388397327313,32610.84375,1.4174951389431953,0.7052852740591583,101047.96875,0.950143452223112,33987.3125,0.5657513532787561,0.014162572010565096,0.4948061809451146,70211.96875,0.871630003152648,31046.9375,6.299431383609772,0.25,0,2.0906144261639015,0.3754785279070367,0,27.000377345207156,0.015761288353385534,,,,,,,,,,,,,,,,0.38671875,8027,8192,4119.1953125,5401.44921875,517,517,4096,4096,4096,40.15830534195993,8.555820613983087,,,,,,,,,1,-0.42857142857142855,0.20044593143431827,0,0,1,,,,,,3.622612237930298,0.021054301410913467,0.6661093235015869,0.007340187672525644,0.9988031387329102,,,,,,,,,,,,,0.008606349932961166,0.0012209295641696372,0.00020621903240680695,0.7234059780603275,0.06311577264523294,0.007685029995627701,0.10162777721416205,0.012279643420242792,0.0007739299908280373,0,0,0,,,,,1,0.07421875,0,19
119,51743.802445629,1788944048.419486,0.09765625,3.469446951953614e-18,460.12162709236145,0.0661945715546608,1,-0.4285714328289032,0.1875,0.5644488334655762,0.0011558702681213617,1.0038108825683594,0.989063024520874,0.9736814498901367,0,0,0.011060218326747417,0.00031873153056949377,1.0003187656402588,0.1501035839319229,0.012898513115942478,0.01275051012635231,0.011009211651980877,0.00031873153056949377,1,1,0.00031873153056949377,1,7.375,2226.1875,0.012197480575691508,0.03125,0,32953.5625,0,19.957753101468903,0.006811680435698815,0.6432604211061735,84781.0625,0.9308458935319164,30678.34375,1.1665239334106445,0.7171524318430966,94598.375,0.9675298390400391,31898.90625,0.5482142474502325,0.014395560266265612,0.5077746681453957,66872.75,0.8942859078793112,29476.9375,5.652681529521942,0.4375,0,1.9925279797423028,0.3997011542177521,0,18.947417672172435,0.0067517856229157335,,,,,,,,,,,,,,,,0.41015625,8192,8192,4215.95703125,5336.57421875,464,464,4096,4096,4096,39.17346164002083,8.448267285944894,,,,,,,,,1,-1,0.2512722728476837,0,0,1,,,,,,3.8872199058532715,0.020154889672994614,0.824670672416687,0.007076189387589693,0.9988126754760742,,,,,,,,,,,,,0.00651651993393898,0.001181456135782355,0.00017917994409799576,0.7319155969889835,0.06935741418192265,0.005677970009855926,0.03243308886885643,0.011294226688278286,0,0,0,0,,,,,1,0.09765625,0,25
120,52225.368629397,1788944501.2543447,0.12890625,1.734723475976807e-18,442.40194749832153,0.1084025651216507,1,-1,0.25,0.5497623085975647,0.0016066787065938115,1.0035791397094727,0.9889616966247559,0.9685473442077637,0,0,0.011155919171869755,0.00047519116196781397,1.0004754066467285,0.14107494056224823,0.021859142929315567,0.021780410781502724,0.01111487578600645,0.00047519116196781397,1,1,0.00047519116196781397,1,7.15625,2145.375,0.012306688445682834,0.03125,0,33727.65625,0,17.123003953560122,0.0053799847149433675,0.6328881428791655,84507.96875,0.9180454651085149,30688.4375,1.2694790256209671,0.7111128742745596,95433.53125,0.9567955237553482,32050.625,0.5330090597271919,0.01452969987298178,0.49496922981610775,65709.1875,0.8730327255035775,29078.5,6.50977435708046,0.15625,0,1.8002567688664568,0.356914162785759,0,19.38934605196375,0.00533706558255099,,,,,,,,,,,,,,,,0.31640625,8192,8192,3774.546875,4835.9609375,484,484,4096,4096,4096,37.100781855988316,8.846926609054208,,,,,,,,,1,-0.8571428571428571,0.2754865825096699,0,0,1,,,,,,7.705242156982422,0.02082763984799385,0.6960542798042297,0.007309446111321449,0.9987771511077881,,,,,,,,,,,,,0.007246250053867698,0.0011491221785036032,0.00019275990780442953,0.7145671270554885,0.05718713614078297,0.00823143997695297,0.0336489217588678,0.010632224716573546,0,0,0,0,,,,,1,0.12890625,0,33
121,52677.429980961,1788944984.0100913,0.08203125,3.0357660829594124e-18,471.13506531715393,0.13856126368045807,1,-0.8571428656578064,0.28125,0.567426860332489,0.0017959445249289274,1.0041532516479492,0.9889205098152161,0.9712252616882324,0,0,0.011292019858956337,0.0006466556806117296,1.0006468296051025,0.14528805017471313,0.01730450429022312,0.01738358661532402,0.011158335022628307,0.0006466556806117296,1,1,0.0006466556806117296,1,7.21875,1955.78125,0.012358108222040738,0.03125,0,30196.375,0,30.243968465141403,0.01441563349356281,0.6350582473320545,76430.71875,0.9194977094007457,27684,1.5787292215973139,0.7092315088011434,85572.875,0.9563476653233653,28825.375,0.5473821070045233,0.01504669664033802,0.49999356410147444,60043.0625,0.8778658189460944,26430.78125,6.401831835508347,0.34375,0,2.3487190961731743,0.3559231575240779,0,28.751612409873324,0.014142832249510393,,,,,,,,,,,,,,,,0.4375,8192,8192,4330.0703125,5635.84375,518,518,4096,4096,4096,40.751410654047504,7.334404145018198,,,,,,,,,1,-1,0.18728729431609847,0,0,1,,,,,,3.073195457458496,0.02042803354561329,0.8956499695777893,0.0071829394437372684,0.9987833499908447,,,,,,,,,,,,,0.007529479917138815,0.001288327504425979,0.000205729971639812,0.7275600980501622,0.0599089844122318,0.00722616002894938,0.030646711122244596,0.01205769001489898,0,0,0,0,,,,,1,0.08203125,0,21
122,53123.368252368,1788945435.6362407,0.11328125,3.469446951953614e-18,440.4708847999573,0.06386002898216248,1,-1,0.1875,0.5543118119239807,0.001144525478594005,1.002772331237793,0.987808346748352,0.9710383415222168,0,0,0.012315698899328709,0.0003082279581576586,1.0003082752227783,0.09005121141672134,-0.003007837338373065,-0.0030167519580572844,0.012284137308597565,0.0003082279581576586,1,1,0.0003082279581576586,1,7.25,2338.84375,0.013494585571206013,0.03125,0,34640.5625,0,26.010810903390954,0.0031624826859443875,0.6261734486157899,86364.875,0.9048120091512402,31230.1875,1.519127457169816,0.7020927431460529,97257.625,0.9442648842948689,32658.65625,0.5200561136007309,0.016426010097339603,0.49554360164795286,67926.53125,0.863240865816766,29716.0625,6.769528239965439,0.28125,0,2.0102088651578742,0.31934819432547024,0,25.71087788417963,0.0031886373381224448,,,,,,,,,,,,,,,,0.31640625,7974,8192,3792.33984375,4939.80859375,424,424,4096,4096,4096,37.31167683505919,8.460671485983767,,,,,,,,,1,-1,0.2754865825096699,0,0,1,,,,,,2.6348626613616943,0.02207634598016739,0.5692510604858398,0.007759447675198317,0.9987568259239197,,,,,,,,,,,,,0.006972779985517263,0.0011307138847769238,0.0002088099718093872,0.6999194680247456,0.05671910287628634,0.00619812891818583,0.031904370174743235,0.012028261228806514,0.0009223700035363436,0,0,0,,,,,1,0.11328125,0,29
123,53596.185745967,1788945880.9467814,0.0390625,3.469446951953614e-18,434.8110463619232,0.13158413767814636,1,-1,0.34375,0.5840678215026855,0.00208622170612216,1.0049428939819336,0.9868888854980469,0.9723029136657715,0,0,0.013267330825328827,0.000644062994979322,1.0006442070007324,0.20902857184410095,-0.012335803359746933,-0.012261676602065563,0.013211028650403023,0.000644062994979322,1,1,0.000644062994979322,1,7.15625,2252.4375,0.014487313072669584,0.03125,0,30338.71875,0,41.08051581579535,0.003294214592716835,0.6538538759079675,79299.3125,0.9446706193840371,28663.6875,1.0100579224526882,0.7218312785288945,87631.53125,0.9776282396960165,29668.125,0.5224793925881386,0.017281928977147178,0.5274442252148632,63784.65625,0.9150933574519942,27754.1875,6.564140796661377,0.15625,0,1.7500265234278631,0.4344526733647076,0,39.38836850972387,0.0032890026721314183,,,,,,,,,,,,,,,,0.328125,8192,8192,3587.65625,4735.328125,478,478,4096,4096,4096,36.54983754490968,7.9996180339949206,,,,,,,,,1,-0.42857142857142855,0.1821078397711709,0,0,1,,,,,,4.440417289733887,0.021902212873101234,0.7277297973632812,0.00767558766528964,0.9987605214118958,,,,,,,,,,,,,0.006305539980530739,0.0012008335711470863,0.00020151096396148205,0.6966098080156371,0.05966623111680747,0.009548800066113472,0.09083227824885398,0.010092892315242352,0,0,0,0,,,,,1,0.0390625,0,10
124,54055.623141936,1788946354.94862,0.09375,1.734723475976807e-18,462.2420434951782,0.055729940533638,1,-0.4285714328289032,0.125,0.6014188528060913,0.0011095914524048567,1.005284309387207,0.9882382750511169,0.9754633903503418,0,0,0.01202140748500824,0.0002841055393218994,1.000284194946289,0.07442301511764526,0.0058438740670681,0.00582193024456501,0.011852065101265907,0.0002841055393218994,1,1,0.0002841055393218994,1,7.3125,2009.71875,0.01310535161093715,0.03125,0,28701.25,0,64.32716293973046,0.006710274903666812,0.6428577874963872,73797.53125,0.9293726977116923,26700.65625,1.3543846391839907,0.7141943945733863,82107.59375,0.9646507119495404,27722.8125,0.5248599275946617,0.015845643792976993,0.5133035297885524,58720.1875,0.889804964623063,25543.1875,6.167065143585205,0.3125,0,2.0161637495686415,0.36455004498846977,0,61.248920457092,0.0067120491462610826,,,,,,,,,,,,,,,,0.35546875,8192,8192,4149.06640625,5401.2421875,466,466,4096,4096,4096,39.23479584301822,7.395470923976973,,,,,,,,,1,-1,0.22587697572631282,0,0,1,,,,,,5.540927886962891,0.022156327962875366,0.612133264541626,0.007758881896734238,0.9987550973892212,,,,,,,,,,,,,0.0073957499116659164,0.0013084155148135324,0.00020071992184966803,0.7135037380503491,0.06745206445521035,0.0038907199632376432,0.0329792209668085,0.012932414806527959,0,0,0,0,,,,,1,0.09375,0,24
125,54510.457275277,1788946814.8844995,0.0234375,1.734723475976807e-18,447.68743348121643,0.08799213916063309,1,-1,0.25,0.5921363830566406,0.0015098423464223742,1.0037202835083008,0.9863879680633545,0.969721794128418,0,0,0.013751356862485409,0.0005619314033538103,1.000562071800232,0.15910044312477112,0.010050518438220024,0.009987523779273033,0.013719761744141579,0.0005619314033538103,1,1,0.0005619314033538103,1,7.28125,2519,0.01508287468059445,0.03125,0,33192.53125,0,68.82720192840851,0.0030324858887485224,0.6485237322876692,85735.90625,0.9363677947445075,30955.59375,1.6550810365006328,0.7184487714540982,95175.1875,0.9714999329723522,32146.46875,0.5510071646422148,0.018046397513857303,0.5245879905124486,69057.78125,0.9036938996520631,29827.4375,6.692122757434845,0.4375,0,2.2130197430933833,0.32231319300913175,0,67.20371945524275,0.0026559209186825233,,,,,,,,,,,,,,,,0.3671875,8192,8192,3802.7578125,5201.515625,454,454,4096,4096,4096,38.68112981400918,8.537392816971987,,,,,,,,,1,-0.2857142857142857,0.15971914124998499,0,0,1,,,,,,3.2425901889801025,0.023078205063939095,0.8098865151405334,0.00806102342903614,0.99873286485672,,,,,,,,,,,,,0.007439080043695867,0.0011484043993732485,0.00017624010797590017,0.7245689969277009,0.07121242688617713,0.003132929909043014,0.03194890113081783,0.01177228911592465,0,0,0,0,,,,,1,0.0234375,0,6
126,54972.7141069,1788947269.4672763,0.0703125,2.6020852139652106e-18,442.699266910553,0.04781949892640114,1,-0.2857142984867096,0.15625,0.6171585321426392,0.000855074729770422,1.0049877166748047,0.9871516227722168,0.9760189056396484,0,0,0.01301799900829792,0.0002971487119793892,1.00029718875885,0.10521738976240158,-0.004879780113697052,-0.0047220694832503796,0.012946872971951962,0.0002971487119793892,1,1,0.0002971487119793892,1,7.28125,2381.15625,0.014204389854567864,0.03125,0,30422.0625,0,23.66070556977098,0.006820303550580517,0.6525127018194685,79214.46875,0.9402200976509165,28543.46875,1.3756551463156939,0.722588386357717,87901.5625,0.9765288317200231,29676.625,0.5012170448899269,0.017044205251879378,0.5332380776936608,64473.59375,0.9071758889220202,27513.03125,5.567754030227661,0.4375,0,2.0569747237737834,0.33971271121283086,0,26.495741997951946,0.006727455848305368,,,,,,,,,,,,,,,,0.38671875,7496,8192,3868.046875,5266.17578125,400,400,4096,4096,4096,39.19617138302419,8.79074132302776,,,,,,,,,1,-0.8571428571428571,0.17127969726116854,0,0,1,,,,,,5.073375225067139,0.023699644953012466,0.630482017993927,0.008299983106553555,0.998683750629425,,,,,,,,,,,,,0.006930910050868988,0.0011889688616975036,0.00021522899623960257,0.7371304570697248,0.052673181948193815,0.003722870023921132,0.1131645479472354,0.01375204989062695,0.0005229699891060591,0,0,0,,,,,1,0.0703125,0,18
127,55440.002600878,1788947731.198451,0.078125,3.0357660829594124e-18,450.2575578689575,0.052222542464733124,1,-0.8571428656578064,0.125,0.621724009513855,0.0008210776722989976,1.0070304870605469,0.9858242273330688,0.9717130661010742,0,0,0.01448250375688076,0.00036664330400526524,1.0003666877746582,0.06048589572310448,0.006606854498386383,0.006512141320854425,0.014296355657279491,0.00036664330400526524,1,1,0.00036664330400526524,1,7.34375,2596.53125,0.015783719358429642,0.03125,0,30944.375,0,32.27520703259394,0.03634732577068148,0.6596442883776931,81790.1875,0.949380748272574,29425.6875,1.7767779994755983,0.7235355346831092,89632.40625,0.9809135293185576,30388.8125,0.618465818464756,0.018726068589556444,0.542293124891379,67441.125,0.9217821319345025,28641.21875,5.7419933676719666,0.46875,0,2.0498413858913,0.29695267559150607,0,32.508732726540245,0.04505884503510516,,,,,,,,,,,,,,,,0.31640625,8192,8192,3778.84765625,5173.64453125,547,547,4096,4096,4096,38.793766135000624,8.648889080970548,,,,,,,,,1,-0.8571428571428571,0.17857142857142858,0,0,1,,,,,,5.062533378601074,0.023678841069340706,0.8094210624694824,0.008255901746451855,0.9987117648124695,,,,,,,,,,,,,0.006989340065047145,0.0014182607501425082,0.00026554998476058245,0.7243378580315039,0.06358925367430857,0.006063929991796613,0.09889422706328332,0.013472996264226822,0,0,0,0,,,,,1,0.078125,0,20
128,55896.063922114,1788948198.0974326,0.10546875,5.204170427930421e-18,455.81437134742737,0.059515804052352905,1,-0.8571428656578064,0.15625,0.6347918510437012,0.0011119182454422116,1.0042743682861328,0.9856653213500977,0.9672131538391113,0,0,0.014502903446555138,0.00031915679574012756,1.0003191232681274,0.10580979287624359,0.0013414635322988033,0.0013052087742835283,0.014458875171840191,0.00031915679574012756,1,1,0.00031915679574012756,1,7.28125,2511.40625,0.015829697419164332,0.03125,0,30230.78125,0,42.46583322389475,0.003950016285671645,0.6497179368566119,78460.625,0.9361165907559292,28262.59375,1.6463030937011354,0.720166739729033,86919.03125,0.9732287342337096,29370.34375,0.5157103389501572,0.01939655551947799,0.537718311555426,64817.6875,0.9052438756221591,27332.375,6.507661283016205,0.40625,0,1.8586339059464665,0.33268881451397575,0,44.95982989025855,0.0039454757869748554,,,,,,,,,,,,,,,,0.30078125,8192,8192,3882.48046875,5206.3984375,546,546,4096,4096,4096,39.337195342057385,8.207024608040228,,,,,,,,,1,-1,0.2244608051781524,0,0,1,,,,,,5.179013252258301,0.024417895823717117,0.7492080926895142,0.008525002747774124,0.9986609816551208,,,,,,,,,,,,,0.08185084804426879,0.0016096317431220086,0.00020998006220906973,0.7299439880298451,0.05924575768995055,0.005286499974317849,0.03991937090177089,0.014045125628399546,0,0,0,0,,,,,1,0.10546875,0,27
129,56338.050190421,1788948655.9125674,0.078125,3.903127820947816e-18,445.12079524993896,0.09627241641283035,1,-1,0.21875,0.6426181793212891,0.0014309582766145468,1.0074939727783203,0.9851337671279907,0.9692773818969727,0,0,0.015315824188292027,0.0006281300447881222,1.0006283521652222,0.1183028370141983,0.01462909672409296,0.014396248385310173,0.01500082015991211,0.0006281300447881222,1,1,0.0006281300447881222,1,7.4375,2738.8125,0.016502287706291772,0.03125,0,31059.84375,0,49.96437630014188,0.023776246554985777,0.6605351562545076,81990.9375,0.9501293180611883,29496,1.716054582502693,0.723398302089506,89880.03125,0.9814917335744358,30481.75,0.5532079804688692,0.019423677360771593,0.5510900604572964,68364.15625,0.9244263438625462,28711.9375,6.031394839286804,0.625,0,2.516840338009563,0.32082942549946153,0,66.70472691177437,0.02702871813489104,,,,,,,,,,,,,,,,0.31640625,7175,8192,3949.71484375,5394.703125,424,424,4096,4096,4096,39.242941842996515,7.917833914980292,,,,,,,,,0.7142857142857143,-0.8571428571428571,0.21428571428571427,0,0,1,,,,,,6.249046802520752,0.02473601885139942,0.6252384185791016,0.008609461598098278,0.9986565113067627,,,,,,,,,,,,,0.00862465996760875,0.0011521779310896818,0.0001893599983304739,0.20002296706661582,0.050253800628524914,0.0075588400941342115,0.10912711801938713,0.015858413603837107,0.0006345700239762664,0,0,0,,,,,1,0.078125,0,20
130,56793.810337684,1788949096.1725428,0.08984375,2.168404344971009e-18,429.159943819046,0.08381205052137375,0.7142857313156128,-0.8571428656578064,0.15625,0.6418123841285706,0.0014668965013697743,1.0038108825683594,0.9842147827148438,0.9675922393798828,0,0,0.015952279791235924,0.0005225564818829298,1.0005227327346802,0.08314788341522217,0.009524785913527012,0.00944436527788639,0.015926942229270935,0.0005225564818829298,1,1,0.0005225564818829298,1,7.375,2911.34375,0.017469826299554608,0.03125,0,31597.71875,0,49.280497299529294,0.005702152333068636,0.662970492413193,83790.4375,0.9527083248963057,30100.1875,2.099040787667036,0.7232635450170708,91392.4375,0.9824045446640206,31031.5625,0.5572993718087673,0.020612785174604534,0.5571546940590808,70289.5625,0.9296317706514783,29374.65625,6.363731771707535,0.5,0,2.053878150253679,0.24863483159770655,0,103.47975751009119,0.005386756569050638,,,,,,,,,,,,,,,,0.2109375,7427,8192,3499.30078125,4922.234375,415,415,4096,4096,4096,37.52286331099458,9.370695022982545,,,,,,,,,1,-0.7142857142857143,0.2004459314343183,0,0,1,,,,,,5.9366254806518555,0.02591470628976822,0.47818922996520996,0.008970889262855053,0.9986336827278137,,,,,,,,,,,,,0.00653560901992023,0.001186994833915378,0.00018597999587655067,0.7105976089369506,0.05360472350730561,0.005669820006005466,0.03474865586031228,0.014646312740751455,0.0007054300513118505,0,0,0,,,,,1,0.08984375,0,23
131,57235.905753552,1788949552.148773,0.05078125,3.469446951953614e-18,444.6653890609741,0.07978548854589462,1,-0.7142857313156128,0.1875,0.6754562258720398,0.0012906377669423819,1.0035877227783203,0.9830414056777954,0.9662909507751465,0,0,0.017169862985610962,0.0005134347593411803,1.0005135536193848,0.128067746758461,-0.0009554037824273109,-0.0009431862272322178,0.01711975783109665,0.0005134347593411803,1,1,0.0005134347593411803,1,7.3125,2778.3125,0.018565694927242773,0.03125,0,27994.40625,0,36.33612098894292,0.005871198267129153,0.6666077553411576,74645.15625,0.9566696674449812,26784.09375,2.0161357251927257,0.7244268144486496,81128.71875,0.9846739793560442,27567.5625,0.5447743572294712,0.021456126620685263,0.5667886886006664,63496.28125,0.9350591006818981,26197.0625,6.279723525047302,0.3125,0,1.9403187310776429,0.29228817220494,0,44.20035736121645,0.005856950473180472,,,,,,,,,,,,,,,,0.26171875,8192,8192,3461.5,4922.625,371,371,4096,4096,4096,37.138786755967885,7.91891469899565,,,,,,,,,1,-0.7142857142857143,0.1767766952966369,0,0,1,,,,,,5.37420654296875,0.025714663788676262,0.6029584407806396,0.00886272918432951,0.9986593723297119,,,,,,,,,,,,,0.00770065002143383,0.0012289162227716588,0.00020351994317024946,0.7274207379668951,0.06438375758943948,0.005031860084272921,0.034497871063649654,0.014068611053971836,0,0,0,0,,,,,1,0.05078125,0,13
132,57668.787461183,1788949994.1274695,0.08203125,3.469446951953614e-18,430.763144493103,0.05861656367778778,1,-0.7142857313156128,0.125,0.6825636625289917,0.0011831270530819893,1.0048847198486328,0.9840250015258789,0.9693737030029297,0,0,0.016231130808591843,0.0004575466737151146,1.0004576444625854,0.07937779277563095,0.007885773666203022,0.007742144167423248,0.016127493232488632,0.0004575466737151146,1,1,0.0004575466737151146,1,7.375,2670.5625,0.017575181238627405,0.03125,0,27692,0,37.007333221478184,0.008922854338098052,0.6669059522016366,73882.28125,0.9580646875703004,26537.1875,2.074455965310335,0.7251958336057558,80361.59375,0.985871632316595,27308.65625,0.5262474697083235,0.019801808539685068,0.5646827865910062,62430.625,0.9333457637098166,25850.0625,5.643218666315079,0.4375,0,3.6058273628789697,0.26390750724435236,0,34.73241229096304,0.008899950517188723,,,,,,,,,,,,,,,,0.21484375,6767,8192,3473.33203125,5035.57421875,331,331,4096,4096,4096,37.97990822093561,8.117549006012268,,,,,,,,,1,-0.7142857142857143,0.24614372771589682,0,0,1,,,,,,5.281792640686035,0.0259923804551363,0.7738841772079468,0.008934681303799152,0.998653769493103,,,,,,,,,,,,,0.007298888987861574,0.0012648551582969958,0.00021511991508305073,0.13826083694584668,0.04851020225896718,0.006132360082119703,0.04346831073053181,0.016248200980953698,0.0007235299563035369,0,0,0,,,,,1,0.08203125,0,21
133,58131.200934027,1788950428.046829,0.02734375,1.3010426069826053e-18,421.67463850975037,0.10243578255176544,1,-0.7142857313156128,0.25,0.6861816644668579,0.0017808960983529687,1.004897117614746,0.982268750667572,0.9687166213989258,0,0,0.01795518398284912,0.0007857854943722486,1.0007860660552979,0.18295636773109436,0.017077315598726273,0.016711534932255745,0.017904959619045258,0.0007857854943722486,1,1,0.0007857854943722486,1,7.34375,2940.6875,0.019430133640658962,0.03125,0,27786.65625,0,43.63626194997014,0.006873268402550653,0.6686513072120835,74315.09375,0.9595566454843232,26660.34375,1.8962827045470476,0.7256345876018233,80641.15625,0.9864482322980435,27409.3125,0.5318581517785788,0.02125284814448201,0.5706546110857932,63445.21875,0.9380986009997594,26079.78125,5.911823391914368,0.4375,0,2.0962219741170784,0.29118302903837356,0,38.78801106306779,0.006515270582459079,,,,,,,,,,,,,,,,0.22265625,7844,8192,3017.67578125,4551.65234375,385,385,4096,4096,4096,34.99765828798991,8.092478466103785,,,,,,,,,1,-0.7142857142857143,0.13599594831899836,0,0,1,,,,,,3.3329200744628906,0.025775877758860588,0.5850143432617188,0.008856924250721931,0.9986870288848877,,,,,,,,,,,,,0.0067849099868908525,0.0011926519196094887,0.0001944600371643901,0.7347353779477999,0.05965055242540984,0.0031426200876012444,0.03233583108521998,0.01352652793548259,0.0005473500350490212,0,0,0,,,,,1,0.02734375,0,7
134,58585.115376145,1788950889.448825,0.03125,4.7704895589362195e-18,450.1842460632324,0.03331845626235008,1,-0.7142857313156128,0.09375,0.7047146558761597,0.00136920518707484,1.0036230087280273,0.9828760027885437,0.9684023857116699,0,0,0.017339056357741356,0.0002737210597842932,1.0002738237380981,0.06767404079437256,0.0027138625737279654,0.0028278836980462074,0.017290547490119934,0.0002737210597842932,1,1,0.0002737210597842932,1,7.34375,2430.3125,0.018618508690740304,0.03125,0,24141.40625,0,28.34234488967951,0.013471974729926794,0.660177400867523,63693.34375,0.947270741266568,22852.75,1.2213542461395264,0.7197983741800017,69466.53125,0.9762261134724923,23550.5625,0.5647207889705896,0.01983618516894126,0.5624047305026203,54203.375,0.9224093324467262,22248.9375,5.311205208301544,0.40625,0,2.7315610283946423,0.3919407576540456,0,29.350047799302327,0.013932941124172697,,,,,,,,,,,,,,,,0.2109375,8057,8192,3514.23046875,5235.0859375,309,309,4096,4096,4096,38.94904533599038,8.707541767973453,,,,,,,,,1,-0.42857142857142855,0.17857142857142858,0,0,1,,,,,,5.475309371948242,0.024902546778321266,0.45404744148254395,0.008570436388254166,0.9987266063690186,,,,,,,,,,,,,0.008192109991796315,0.001225572025305155,0.00019465002696961164,0.7210572879994288,0.053225225305141066,0.00552089000120759,0.048821509117260575,0.018345971217058832,0.0009370900224894285,0,0,0,,,,,1,0.03125,0,8
135,59046.284892771,1788951343.985478,0.015625,1.3010426069826053e-18,443.2230632305145,0.05565597116947174,1,-0.4285714328289032,0.1875,0.6818668842315674,0.0013442292110994458,1.003005027770996,0.9831807017326355,0.9662489891052246,0,0,0.01701316237449646,0.0003898446448147297,1.0003899335861206,0.14872124791145325,0.0009492016397416592,0.0009026629850268364,0.01697772927582264,0.0003898446448147297,1,1,0.0003898446448147297,1,7.21875,2967.28125,0.018332782632612163,0.03125,0,28113.84375,0,26.205646392852337,0.01571990822263348,0.668587521051113,75048.125,0.9603898185207774,26949.875,1.4103429056704044,0.727018628094296,81745.0625,0.9877350954161408,27744.9375,0.5706654898822308,0.01998732831343483,0.5660647002276001,63417.21875,0.9385545499872687,26325.625,4.916639089584351,0.34375,0,1.9906614361674608,0.3556898950848398,0,25.64758077889841,0.014693780106529521,,,,,,,,,,,,,,,,0.234375,7076,8192,3502,5391.640625,346,346,4096,4096,4096,40.05075858696364,8.074354727985337,,,,,,,,,1,-0.42857142857142855,0.11845088536983571,0,0,1,,,,,,4.944364547729492,0.0240767989307642,0.7330413460731506,0.008306171745061874,0.9987461566925049,,,,,,,,,,,,,0.009602159960195422,0.001335527386800095,0.00019093998707830906,0.7669457069132477,0.06049658234769595,0.002604749985039234,0.11763512808829546,0.01857835958389842,0.0007523599779233336,0,0,0,,,,,1,0.015625,0,4
136,59501.617332949,1788951804.2938888,0.0390625,2.6020852139652106e-18,449.3393647670746,0.025784820318222046,1,-0.4285714328289032,0.0625,0.6664681434631348,0.0007865288062021136,1.0049819946289062,0.9826538562774658,0.963897705078125,0,0,0.01754561811685562,0.00017736619338393211,1.0001773834228516,0.04588652774691582,0.0011063162237405777,0.0011147274635732174,0.017510581761598587,0.00017736619338393211,1,1,0.00017736619338393211,1,7.25,2921.3125,0.01881257917318417,0.03125,0,28016,0,21.826821615550138,0.01352177667741853,0.671555269527517,75268.125,0.9649189653126207,27036.15625,1.6999276955612004,0.7293495743512542,81744.65625,0.9906349474501192,27753.4375,0.5704341046512127,0.019871318749046865,0.5617199036821345,62912.5,0.9426827847262436,26424.59375,5.043466478586197,0.375,0,2.1677401860376944,0.32281961494413347,0,21.768124376749757,0.01080134356475657,,,,,,,,,,,,,,,,0.27734375,8192,8192,3442.51171875,5134.14453125,312,312,4096,4096,4096,38.909553256002255,7.936436531017534,,,,,,,,,1,-0.7142857142857143,0.1749635530559413,0,0,1,,,,,,4.523872375488281,0.023443760350346565,0.6463634967803955,0.008074603974819183,0.9987872242927551,,,,,,,,,,,,,0.008383439970202744,0.0012895270942863135,0.0001950889127328992,0.7070007780566812,0.05738707147520472,0.007147599942982197,0.09432796901091933,0.016193760920941713,0,0,0,0,,,,,1,0.0390625,0,10
137,59984.404762367,1788952259.9236248,0.03125,0,444.3118281364441,0.053901709616184235,1,-0.7142857313156128,0.15625,0.6648519039154053,0.0010111796436831355,1.0058164596557617,0.9840532541275024,0.9695515632629395,0,0,0.016163906082510948,0.0004348447546362877,1.0004349946975708,0.11952973902225494,0.0026688221842050552,0.0026476988568902016,0.016091138124465942,0.0004348447546362877,1,1,0.0004348447546362877,1,7.21875,2689.28125,0.017358364876757657,0.03125,0,27540.09375,0,27.474419483186608,0.018072724118679894,0.668335777157107,73521.96875,0.961794440678317,26465.09375,1.242746253265068,0.7280850948008564,80207.8125,0.9881005464148105,27202.46875,0.5299907810986042,0.018347691026181896,0.5538018496366875,60693.25,0.9361613742411459,25732.8125,4.639893978834152,0.375,0,1.8186191202290962,0.38826936342107615,0,24.432215816695326,0.017713983038757722,,,,,,,,,,,,,,,,0.3046875,8192,8192,3347.84375,5023.80078125,289,289,4096,4096,4096,38.30313526606187,7.936141190002672,,,,,,,,,0.8571428571428572,-0.5714285714285714,0.15971914124998499,0,0,1,,,,,,5.896775245666504,0.021987801417708397,0.6020985841751099,0.007585421204566956,0.9988295435905457,,,,,,,,,,,,,0.007370560080744326,0.0014040539545021602,0.0001984999980777502,0.7235209689242765,0.05338880111958133,0.006002550013363361,0.04060091020073742,0.01487710431092637,0,0,0,0,,,,,1,0.03125,0,8
138,60458.401090795,1788952743.6155748,0.0234375,2.168404344971009e-18,471.51170587539673,0.042002275586128235,0.8571428656578064,-0.5714285969734192,0.09375,0.6529238224029541,0.0011249027447775006,1.0040645599365234,0.9860045909881592,0.9700450897216797,0,0,0.014154747128486633,0.00037831265944987535,1.0003784894943237,0.0467873215675354,0.00905879307538271,0.009105401113629341,0.014114083722233772,0.00037831265944987535,1,1,0.00037831265944987535,1,7.34375,2350.96875,0.015316480884101985,0.03125,0,26782.75,0,21.143584488284866,0.02170782402942504,0.6584797981581195,70327.875,0.9494212073237782,25362.71875,1.1501408447511494,0.7283134814558456,77911.53125,0.9812087708273161,26225.46875,0.5402216278016567,0.01620400389774165,0.5286464474299601,56267.5625,0.907383898161338,24215.6875,4.7777745723724365,0.5,0,1.9956171584283318,0.4257738176461743,0,19.36598198761993,0.020324923507292314,,,,,,,,,,,,,,,,0.31640625,8192,8192,3939.0546875,5523.6796875,396,396,4096,4096,4096,40.7140525970608,8.059228631085716,,,,,,,,,1,-0.5714285714285714,0.13832083379312204,0,0,1,,,,,,4.444976806640625,0.020995747298002243,0.3993544578552246,0.007291130255907774,0.9988631010055542,,,,,,,,,,,,,0.006634310004301369,0.0012286079386285564,0.0002180000301450491,0.7142334290547296,0.054748215611652995,0.008237960049882531,0.10122533782850951,0.01671498923587933,0,0,0,0,,,,,1,0.0234375,0,6
139,60947.438706583,1788953217.1587892,0.03125,5.204170427930421e-18,461.7456965446472,0.031794801354408264,1,-0.5714285969734192,0.09375,0.6222141981124878,0.0009022229351103306,1.0047426223754883,0.9863277673721313,0.9674172401428223,0,0,0.013846391811966896,0.0002251847181469202,1.0002251863479614,0.06857635825872421,0.008288661949336529,0.008211484178900719,0.013789020478725433,0.0002251847181469202,1,1,0.0002251847181469202,1,7.28125,2629.8125,0.014921022011524353,0.03125,0,31512.4375,0,28.592246254349316,0.021643283906289716,0.6572190463576895,82734.75,0.953500483847,30024.59375,1.209483302431181,0.7359760442280607,92736.125,0.9907034134460523,31199.40625,0.5484793893992901,0.015811687902820157,0.5212794845154511,65374.375,0.9083246330342973,28577,4.4743362963199615,0.3125,0,1.8877991105068304,0.39764352310119316,0,26.324519081085455,0.020938594568143544,,,,,,,,,,,,,,,,0.37109375,8192,8192,3845.63671875,5454.61328125,285,285,4096,4096,4096,40.472012661979534,9.036757154972292,,,,,,,,,1,-0.2857142857142857,0.18557687223952254,0,0,1,,,,,,2.138634204864502,0.020568113774061203,0.654399037361145,0.0071520875208079815,0.9988760948181152,,,,,,,,,,,,,0.006791719933971763,0.0011747341527552635,0.0002435200149193406,0.7505673780106008,0.0630326950054041,0.0064386200392618775,0.12391326017677784,0.015031978565275494,0,0,0,0,,,,,1,0.03125,0,8
140,61413.789832248,1788953705.390075,0.04296875,3.469446951953614e-18,477.33064556121826,0.0538320317864418,1,-0.2857142984867096,0.21875,0.619072675704956,0.001339463284239173,1.004903793334961,0.9875808954238892,0.9726433753967285,0,0,0.012563690543174744,0.00038925325497984886,1.0003893375396729,0.16910113394260406,0.009822150692343712,0.00980338640511036,0.012517034076154232,0.00038925325497984886,1,1,0.00038925325497984886,1,7.375,2367.375,0.01376329396468785,0.03125,0,30765.09375,0,23.938469436816632,0.030369601557042325,0.6624365955785199,81256.09375,0.9621302531518523,29552.03125,1.0582474395632744,0.7347685427690768,90519.78125,0.9932071316436988,30550.40625,0.5085420999675989,0.014696042319268816,0.5219928576482811,63472.59375,0.917642638580046,28074.5625,4.441571980714798,0.46875,0,2.2207583473766803,0.4155113878872576,0,22.212001150491425,0.030074242220000623,,,,,,,,,,,,,,,,0.359375,8192,8192,4362.40234375,5647.2265625,358,358,4096,4096,4096,42.315928417025134,8.447490785038099,,,,,,,,,1,-0.5714285714285714,0.20044593143431827,0,0,1,,,,,,2.0650503635406494,0.019675541669130325,0.4772486686706543,0.00684740673750639,0.9988938570022583,,,,,,,,,,,,,0.00601345906034112,0.0011387186409592687,0.0002183699980378151,0.7003453890793025,0.06458066358482029,0.0072806800017133355,0.04571552120614797,0.013944119477855565,0,0,0,0,,,,,1,0.04296875,0,11
141,61902.142444692,1788954172.6498163,0.0625,8.673617379884035e-19,455.3620903491974,0.07130089402198792,1,-0.5714285969734192,0.21875,0.5868260264396667,0.0013207880547270179,1.0060386657714844,0.9882524609565735,0.9694809913635254,0,0,0.011915333569049835,0.0004921990912407637,1.0004923343658447,0.15420661866664886,0.00490484107285738,0.00499885156750679,0.01183747686445713,0.0004921990912407637,1,1,0.0004921990912407637,1,7.28125,2551.96875,0.012869322850136429,0.03125,0,34899.21875,0,31.065842728062492,0.022191517800023583,0.6537995356817288,91042.625,0.9524516450741184,33200.78125,1.048984264023602,0.7369221139314528,102864.71875,0.9909573926750215,34561.875,0.4936921298503876,0.013875772567658899,0.5068101347222872,70092.4375,0.8993262310465775,31275.28125,4.526226699352264,0.4375,0,2.205019354048776,0.444181437465596,0,31.286730742905988,0.02267600118910686,,,,,,,,,,,,,,,,0.41015625,8192,8192,3901.11328125,5216.8125,379,379,4096,4096,4096,39.48434751096647,7.674043528037146,,,,,,,,,1,-1,0.18898223650461363,0,0,1,,,,,,2.4674694538116455,0.019587913528084755,0.5948488712310791,0.006834778469055891,0.9989071488380432,,,,,,,,,,,,,0.007195509970188141,0.0012290066961213597,0.00021087005734443665,0.7621650279033929,0.06432230450172938,0.0025170400040224195,0.08315856801345944,0.011977422654126713,0,0,0,0,,,,,1,0.0625,0,16
142,62362.386164376,1788954660.9819925,0.05078125,4.336808689942018e-18,476.5343997478485,0.06214003637433052,1,-1,0.1875,0.613219141960144,0.0014205806655809283,1.0060110092163086,0.9892822504043579,0.9622540473937988,0,0,0.010920430533587933,0.0004135463386774063,1.0004136562347412,0.11434873938560486,0.014071563258767128,0.014025573618710041,0.010799028910696507,0.0004135463386774063,1,1,0.0004135463386774063,1,7.1875,2156.90625,0.011851375476347212,0.03125,0,31208.90625,0,14.330617792779345,0.026006563465626725,0.6517117732307797,81259.03125,0.9481525876906464,29573.8125,0.9450967703014612,0.7348111150231602,91808.96875,0.9863050827871079,30795.46875,0.5209865346550941,0.012452133536899253,0.49681689290723074,62038.40625,0.884231073804141,27645.5625,4.374688237905502,0.25,0,2.179527354736782,0.4479351049714431,0,14.987722863726978,0.025662760195508248,,,,,,,,,,,,,,,,0.41015625,8192,8192,4452.62109375,5642.13671875,377,377,4096,4096,4096,41.852253388031386,8.53405160503462,,,,,,,,,1,-0.7142857142857143,0.20671137326411118,0,0,1,,,,,,2.804659366607666,0.01839575730264187,0.4742807149887085,0.0064496807754039764,0.9989370703697205,,,,,,,,,,,,,0.008664230001159012,0.001200384303501778,0.00023962999694049358,0.7321858989307657,0.06174898944937013,0.003964929957874119,0.03918656799942255,0.012501403416081303,0,0,0,0,,,,,1,0.05078125,0,13
143,62829.949619371,1788955120.8758717,0.046875,1.734723475976807e-18,448.41641116142273,0.06706289947032928,1,-0.7142857313156128,0.21875,0.5777323246002197,0.0014008914586156607,1.005661964416504,0.9898737668991089,0.9736852645874023,0,0,0.0103317741304636,0.00048722955398261547,1.0004874467849731,0.1307348608970642,0.022664275020360947,0.0226009301841259,0.010203205049037933,0.00048722955398261547,1,1,0.00048722955398261547,1,7.28125,2220.90625,0.011223824679143101,0.03125,0,35620.96875,0,27.695533875437775,0.043923719239395455,0.6404060951664632,90997.5625,0.9362918431192939,33320.75,0.9153671339154243,0.738310400557318,105310.34375,0.9857132427907109,35114.65625,0.4847250822931528,0.011984535928141004,0.48164622778081256,67718.71875,0.8646148967714403,30622.21875,4.367635875940323,0.40625,0,1.9050004900906505,0.47816746317387493,0,29.118081884511685,0.04015755568349898,,,,,,,,,,,,,,,,0.3671875,8192,8192,3819.515625,4992.796875,369,369,4096,4096,4096,38.607699500978924,8.611736419028603,,,,,,,,,1,-0.42857142857142855,0.20203050891044216,0,0,1,,,,,,3.7970004081726074,0.020359372720122337,0.44164490699768066,0.0070832716301083565,0.9988998770713806,,,,,,,,,,,,,0.0094668990932405,0.00122443574036879,0.00021952006500214338,0.7329604079714045,0.06207655028265435,0.00783104996662587,0.09877687797416002,0.010939815107576578,0,0,0,0,,,,,1,0.046875,0,12
144,63301.685278466,1788955588.517513,0.0703125,2.168404344971009e-18,456.0962290763855,0.06819821894168854,1,-0.4285714328289032,0.15625,0.6300637125968933,0.001512406044639647,1.0044336318969727,0.9889928102493286,0.9700193405151367,0,0,0.01122128963470459,0.0005050997715443373,1.0005053281784058,0.1151151955127716,0.008875937201082706,0.008892232552170753,0.011088995262980461,0.0005050997715443373,1,1,0.0005050997715443373,1,7.15625,2118.34375,0.012162992963143882,0.03125,0,30556.125,0,24.831490421954378,0.024313797670634244,0.6634739112356773,80660.53125,0.9636316156880405,29357.125,0.9385455809533596,0.7334073495198014,89701.21875,0.9936590390780952,30333.375,0.6327439174056053,0.012827717557169428,0.5239066209096019,62902.65625,0.9222047745751728,27964.875,4.452339172363281,0.1875,0,1.794246954426467,0.5023782085738844,0,24.69018495536958,0.02447523789956763,,,,,,,,,,,,,,,,0.41015625,8192,8192,4021.8125,5107.37890625,356,356,4096,4096,4096,39.632312532979995,8.211438145954162,,,,,,,,,1,-0.5714285714285714,0.1821078397711709,0,0,1,,,,,,2.4911582469940186,0.019508952274918556,0.8342437148094177,0.006825337186455727,0.9988997578620911,,,,,,,,,,,,,0.006807240075431764,0.0011173677603437682,0.00020737992599606514,0.7328344569541514,0.06487239362058972,0.00914059008937329,0.030940540018491447,0.010215946762400563,0,0,0,0,,,,,1,0.0703125,0,18
145,63739.69563892,1788956061.268643,0.015625,1.734723475976807e-18,460.13277196884155,0.0623934380710125,1,-0.5714285969734192,0.15625,0.610440194606781,0.0012386091984808445,1.0056486129760742,0.9903429746627808,0.968935489654541,0,0,0.009850751608610153,0.000395515700802207,1.0003955364227295,0.07993661612272263,0.0007368833757936954,0.0009946140926331282,0.009724270552396774,0.000395515700802207,1,1,0.000395515700802207,1,7.25,2030.0625,0.010852548334106652,0.03125,0,32174.5,0,41.71938144266694,0.019215269054216534,0.651309756104306,83635.375,0.9501034334088867,30565.09375,0.9473473553080112,0.7382761904855668,95148.21875,0.9924503381952061,31949.625,0.5240621194243431,0.011586810513854212,0.5028881856581997,63947.15625,0.8928645115981162,28671.59375,4.793572127819061,0.28125,0,2.080471460434437,0.4595249142613067,0,40.54418797618658,0.01924237806570353,,,,,,,,,,,,,,,,0.4375,8192,8192,4040.15625,5246.5,335,335,4096,4096,4096,40.13076941203326,8.284383404999971,,,,,,,,,1,-0.2857142857142857,0.1287696884094282,0,0,1,,,,,,3.1790716648101807,0.01982855424284935,0.6875605583190918,0.006937528494745493,0.9989038109779358,,,,,,,,,,,,,0.006783070042729378,0.0012053623368046829,0.0002272200072184205,0.7786158340750262,0.0831038828855526,0.006722199963405728,0.03460010897833854,0.010673737127490313,0,0,0,0,,,,,1,0.015625,0,4
146,64184.540782015,1788956499.3695326,0.0625,3.469446951953614e-18,425.28893876075745,0.027652129530906677,1,-0.2857142984867096,0.09375,0.6196847558021545,0.0008172493544407189,1.0051746368408203,0.9904489517211914,0.972832202911377,0,0,0.009742584079504013,0.00018767407163977623,1.0001877546310425,0.07493194192647934,0.0031978758051991463,0.0032704181503504515,0.009616442956030369,0.00018767407163977623,1,1,0.00018767407163977623,1,7.25,2080.09375,0.01075787573791254,0.03125,0,32321.25,0,13.044448838599433,0.021889818393923427,0.6544299123362229,84298.4375,0.9535723666911597,30743.625,0.9677643463946879,0.7354030324596658,95176.8125,0.9915580798095647,32039.875,0.520469693467021,0.011244418355931811,0.5085505793451588,65041.71875,0.9009787737117709,29003.65625,4.623838633298874,0.3125,0,2.005897096751762,0.4550450282912347,0,12.16899762226689,0.021158434161152557,,,,,,,,,,,,,,,,0.265625,8192,8192,3324.6015625,4294.62109375,332,332,4096,4096,4096,33.797104683937505,9.161289077019319,,,,,,,,,1,-1,0.15567496226930977,0,0,1,,,,,,2.1977787017822266,0.021247953176498413,0.4319648742675781,0.0074258483946323395,0.9988687634468079,,,,,,,,,,,,,0.006584629998542368,0.0011390622416911356,0.00019488995894789696,0.8090342530049384,0.07010853266956474,0.00523201993200928,0.08806793787516654,0.009482683854002971,0,0,0,0,,,,,1,0.0625,0,16
147,64643.813602103,1788956943.251507,0.06640625,3.469446951953614e-18,432.1559760570526,0.052207715809345245,1,-1,0.125,0.6542788743972778,0.0011184813920408487,1.0047807693481445,0.9897818565368652,0.9731454849243164,0,0,0.010395407676696777,0.00024165608920156956,1.0002416372299194,0.05683765932917595,0.006881765089929104,0.006807616446167231,0.010285994037985802,0.00024165608920156956,1,1,0.00024165608920156956,1,7.15625,1779.375,0.01139662868657525,0.03125,0,26596.8125,0,15.00889772432733,0.01671178745402324,0.6657371352464287,70614.46875,0.96654153526522,25673.1875,0.7287454928737134,0.7340017092526712,78158.53125,0.9955720431475099,26476.78125,0.5137635581195354,0.012168189311927074,0.5322988700751895,55973.59375,0.9302104498614878,24635.9375,4.948610484600067,0.15625,0,1.9088180649010593,0.5485079681490014,0,14.93155104956218,0.017568460498410446,,,,,,,,,,,,,,,,0.328125,8192,8192,3540.79296875,4646.65625,366,366,4096,4096,4096,35.0847401029896,9.49116828897968,,,,,,,,,1,-0.7142857142857143,0.20671137326411118,0,0,1,,,,,,2.345942258834839,0.021090449765324593,0.5753995180130005,0.007357622496783733,0.9988695383071899,,,,,,,,,,,,,0.007688039913773537,0.0011985333976554102,0.0002435100032016635,0.7797331269830465,0.05905893925637429,0.0048913499340415,0.029832099215127528,0.010236099882604321,0,0,0,0,,,,,1,0.06640625,0,17
148,65075.683878438,1788957402.267522,0.015625,2.168404344971009e-18,447.56000900268555,0.07806160300970078,1,-0.7142857313156128,0.1875,0.6441391706466675,0.00137511664070189,1.0056819915771484,0.9897906184196472,0.9667863845825195,0,0,0.010512251406908035,0.0005070180632174015,1.000507116317749,0.0884263888001442,0.013197846710681915,0.013367563486099243,0.010283367708325386,0.0005070180632174015,1,1,0.0005070180632174015,1,7.28125,1989.84375,0.011503900498797983,0.03125,0,28326.34375,0,15.428389720955144,0.039996920662050336,0.6654970688365638,75171.71875,0.9658389284495257,27319.375,0.890753538813442,0.7335878850088644,83201.875,0.9951800648242066,28188.15625,0.4634086415171623,0.012821577224842479,0.5303500932571155,59630,0.9285049764195838,26266.5625,4.564206749200821,0.28125,0,1.9561893097148317,0.4707198957011602,0,15.846576038323587,0.03989257281288914,,,,,,,,,,,,,,,,0.3359375,8192,8192,3732.5703125,5077.93359375,365,365,4096,4096,4096,38.32838242105208,8.780586321023293,,,,,,,,,1,-0.2857142857142857,0.1287696884094282,0,0,1,,,,,,2.4613144397735596,0.021647922694683075,0.5715171098709106,0.0076002818532288074,0.9988265633583069,,,,,,,,,,,,,0.007195289945229888,0.001242731269030628,0.0002147100167348981,0.7370577770052478,0.059085247651182726,0.005026760045439005,0.12177138915285468,0.013654397970185528,0,0,0,0,,,,,1,0.015625,0,4
149,68908.608649891,1788957833.9663947,0.03125,8.673617379884035e-19,420.41763854026794,0.029085980728268623,1,-0.2857142984867096,0.09375,0.6369303464889526,0.0006906319758854806,1.0096254348754883,0.9875776171684265,0.9683094024658203,0,0,0.0126646114513278,0.00020696583669632673,1.0002069473266602,0.06544949859380722,0.0005525198066607118,0.0006851677317172289,0.01251947320997715,0.00020696583669632673,1,1,0.00020696583669632673,1,7.15625,2324.34375,0.013830106428263137,0.03125,0,29860.5625,0,34.81102280541156,0.01102608280663877,0.6667798063498926,79445.4375,0.9647691132304899,28753.53125,0.8668007031083107,0.734342008481182,87842.5,0.9950887558988565,29709.5625,0.5019338959828019,0.01671373668081068,0.5421935215771567,63984.15625,0.9335287982903921,27759.65625,5.6896969974040985,0.15625,0,1.6846488603642982,0.4720532240580725,0,33.51444372717712,0.011369307053009791,,,,,,,,,,,,,,,,0.18359375,8192,8192,3143.1640625,4141.09375,372,372,4096,4096,4096,32.689424950047396,8.142286982969381,,,,,,,,,0.8571428571428572,-0.8571428571428571,0.12371791482634838,0,0,1,,,,,,2.8163671493530273,0.022639025002717972,0.6245365142822266,0.0079270014539361,0.998793363571167,,,,,,,,,,,,,0.008194048888981342,0.0012133631944379886,0.00017090002074837685,0.7310865450417623,0.06106097764950391,0.008408779976889491,0.037913719890639186,0.011359986770003161,0,0,0,0,,,,,1,0.03125,0,8
150,69316.425841075,1788961668.3705153,0.078125,6.938893903907228e-18,3821.587721347809,0.037435904145240784,0.8571428656578064,-0.8571428656578064,0.0625,0.672575831413269,0.0009444730239920318,1.0036745071411133,0.9870991706848145,0.9686970710754395,0,0,0.013141518458724022,0.00022060354240238667,1.0002206563949585,0.014717153273522854,-0.00548945926129818,-0.005320284515619278,0.013012515380978584,0.00022060354240238667,1,1,0.00022060354240238667,1,7.15625,2018.78125,0.01423049078307315,0.03125,0,25145.3125,0,20.66419699709438,0.00760167692522724,0.6683819353571916,67014.03125,0.9669283147632903,24266.71875,0.7917559517081827,0.7309745731329451,73517.0625,0.9937538157670411,24968.53125,0.522941630333662,0.018078051385755658,0.5464841436437297,54661.03125,0.9359233059956551,23532.28125,5.729818969964981,0.1875,0,1.7960221093939395,0.5338006726532704,0,22.818918491565434,0.007610340504806012,800,150,0.05000000074505806,0.05,3400.8887835489586,0.205,8192,8192,2912.5,4071.0475,304,304,4096,4096,4096,0.21484375,8192,8192,3114.76171875,4323.94140625,318,318,4096,4096,4096,30.041556190132248,8.135649283998646,1,2.220446049250313e-18,-0.8571428571428571,0.0724344472207089,0,0.85,0.15,0.05,1,-0.42857142857142855,0.21128856368212914,0,0,1,3.565948963165283,0.025134952291846275,0.736343502998352,0.008726307065226138,0.9987077748775482,3.203183174133301,0.02306424453854561,0.7235840559005737,0.008051115088164806,0.9987771511077881,204.0425102210138,21.17069652458318,0.00016622000839561224,219.49316640396137,10.281486587800027,0.0006330900359898806,260.8557646800764,35.979685434119745,0,0,0,0,0.00868328008800745,0.001295150450005167,0.00018272001761943102,0.11745367699768394,0.04595630884205093,0.0036376899806782603,0.0363463299581781,0.012243933728768752,0,0,0,0,1,0.05,0,0.4,1,0.078125,0,20
151,69736.825131389,1788962073.8566334,0.0390625,1.734723475976807e-18,395.0354037284851,0.0819844976067543,1,-0.4285714328289032,0.1875,0.6739113330841064,0.00149694608990103,1.0066156387329102,0.9851409196853638,0.9623990058898926,0,0,0.015094759874045849,0.000670167850330472,1.0006704330444336,0.11927895247936249,-0.004593070596456528,-0.004228899255394936,0.015000134706497192,0.000670167850330472,1,1,0.000670167850330472,1,7.125,2071.5,0.016302575121095855,0.03125,0,24918.09375,0,27.64690083171928,0.008035261801931539,0.6568008928278786,65427.96875,0.9517328870213322,23719.21875,1.0465683743241243,0.7389438544771478,73680.5,0.994343648386621,24769.34375,0.49240902811288834,0.021238237098933854,0.5437708602642473,53800.71875,0.914967854551297,22788.375,5.494549959897995,0.125,0,1.7057828116111522,0.4228784445571089,0,25.450534005265062,0.007147379143080602,,,,,,,,,,,,,,,,0.1484375,8192,8192,2647.58984375,3788.1875,376,376,4096,4096,4096,30.712904814979993,8.720304608927108,,,,,,,,,1,-0.5714285714285714,0.17857142857142858,0,0,1,,,,,,4.791826248168945,0.024718528613448143,0.881032407283783,0.008631100878119469,0.9987097382545471,,,,,,,,,,,,,0.0067334199557080865,0.0010742925092017686,0.0001987200230360031,0.7577524859225377,0.06324760017605513,0.0070861499989405274,0.10192577901761979,0.011073651003243867,0,0,0,0,,,,,1,0.0390625,0,10
152,70144.159746732,1788962495.6954122,0.05859375,0,410.01092314720154,0.05677221715450287,1,-0.5714285969734192,0.125,0.6948024034500122,0.0012156054144725204,1.0078601837158203,0.984149694442749,0.9664678573608398,0,0,0.016116775572299957,0.00043042306788265705,1.0004304647445679,0.0851774588227272,0.006975239142775536,0.006888262927532196,0.016004033386707306,0.00043042306788265705,1,1,0.00043042306788265705,1,7.125,1837.5625,0.01750693103401085,0.03125,0,21180.71875,0,14.043297195750815,0.026918077973562916,0.6711476060474983,56636.25,0.9672687299310747,20429.25,0.9862050406809431,0.7314673994432892,62064.5,0.9948961428081251,21073,0.4863140508532524,0.022263569196412262,0.568031337631201,47825.40625,0.9460868107658997,19977.875,4.977851361036301,0.125,0,1.6097089455354532,0.4556734142852505,0,14.63498019027835,0.031164322245495302,,,,,,,,,,,,,,,,0.20703125,7697,8192,3077.21484375,4526.80078125,275,275,4096,4096,4096,34.47391768509988,7.404613043996505,,,,,,,,,0.5714285714285714,-1,0.15771001547014013,0,0,1,,,,,,5.523517608642578,0.024479880928993225,0.5513217449188232,0.008601631969213486,0.9987046718597412,,,,,,,,,,,,,0.006333329947665334,0.0011495490334709757,0.00019925995729863644,0.6969568770145997,0.05336229950762572,0.005175119964405894,0.09165768895763904,0.014163532257498446,0.0006325900321826339,0,0,0,,,,,1,0.05859375,0,15
153,70549.854071519,1788962902.451825,0.0546875,2.6020852139652106e-18,395.3971199989319,0.041041333228349686,0.5714285969734192,-1,0.09375,0.6747704744338989,0.0015226909890770912,1.0064115524291992,0.9832441806793213,0.9676675796508789,0,0,0.017038164660334587,0.00040534045547246933,1.0004054307937622,0.022473443299531937,-0.013302970677614212,-0.013016760349273682,0.016919191926717758,0.00040534045547246933,1,1,0.00040534045547246933,1,7.1875,2288.59375,0.018507026292001048,0.03125,0,24617.71875,0,22.130214306615407,0.010304662532859086,0.6721928791412524,66104.09375,0.9696744078287998,23849.28125,1.1774485567584634,0.7294959584791757,71876.84375,0.9947441556644259,24488.25,0.5249806270003319,0.022877551269589458,0.5722043752312176,56141.03125,0.9532037379294107,23472.8125,5.212980329990387,0.1875,0,1.812085801788385,0.44734648616397765,0,22.866928862262128,0.009985948242488888,,,,,,,,,,,,,,,,0.1640625,7798,8192,2756.6015625,4171.33984375,293,293,4096,4096,4096,32.352225333917886,8.685275678057224,,,,,,,,,0.8571428571428572,-1,0.14725377234348788,0,0,1,,,,,,5.460817337036133,0.025372913107275963,0.4496629238128662,0.00890485942363739,0.9986756443977356,,,,,,,,,,,,,0.006852029007859528,0.0012105394998798147,0.00018035992980003357,0.7291871069464833,0.04950469247478395,0.0030697400216013193,0.10590043710544705,0.013455094372147869,0.0007318600546568632,0,0,0,,,,,1,0.0546875,0,14
154,70978.922374256,1788963307.661731,0.07421875,2.6020852139652106e-18,394.40940713882446,0.036535896360874176,0.8571428656578064,-1,0.09375,0.6850278377532959,0.0008992224466055632,1.0085382461547852,0.9827344417572021,0.962733268737793,0,0,0.017635926604270935,0.00034752138890326023,1.00034761428833,0.03544995188713074,-0.0041162422858178616,-0.004021448083221912,0.01744668185710907,0.00034752138890326023,1,1,0.00034752138890326023,1,7.28125,2105.09375,0.018830892699657015,0.03125,0,22052.8125,0,28.943525628560124,0.030110545823276692,0.6719477326360763,59201.84375,0.9698467568156002,21366.75,1.045588313601911,0.7291994002346007,64333.46875,0.994266147945866,21923.59375,0.5710233375430107,0.022269455517872943,0.5773273164007875,50883.3125,0.9532029034979884,21032.4375,5.357303500175476,0.28125,0,1.9439272910814909,0.5105178348319035,0,27.149242795390393,0.03075734185168992,,,,,,,,,,,,,,,,0.1484375,8192,8192,2529.015625,3847.39453125,345,345,4096,4096,4096,31.357729080948047,7.969187009963207,,,,,,,,,1,-1,0.1450721143684993,0,0,1,,,,,,2.3946774005889893,0.02588442713022232,0.5810685157775879,0.009088546968996525,0.9986557364463806,,,,,,,,,,,,,0.007752710022032261,0.0012516009023784136,0.00020261097233742476,0.7366589671000838,0.06206600625591818,0.00567775999661535,0.035515878233127296,0.011968995010647632,0,0,0,0,,,,,1,0.07421875,0,19
155,71359.102168492,1788963737.8254201,0.046875,1.734723475976807e-18,418.2460684776306,0.046752750873565674,1,-1,0.125,0.6948040723800659,0.0009119609021581709,1.0043411254882812,0.983195424079895,0.965517520904541,0,0,0.01705785281956196,0.00034524803049862385,1.000345230102539,0.07256606221199036,-0.007353145629167557,-0.007137516513466835,0.016972780227661133,0.00034524803049862385,1,1,0.00034524803049862385,1,7.125,1907.53125,0.018472110753540744,0.03125,0,20232.125,0,44.36308806211459,0.017218284117977836,0.6715231944609261,54252.5,0.9689901367142112,19583.96875,0.8174070250242949,0.7288200741453881,58979.78125,0.9938867525434338,20102.78125,0.54236800968647,0.020674014694000962,0.578067996020142,46716.5625,0.950374322131863,19216.75,4.717549622058868,0.125,0,1.801921049057059,0.48791006255132596,0,40.903798190387505,0.017513741348898604,,,,,,,,,,,,,,,,0.0859375,8192,8192,2954.69921875,4363.859375,296,296,4096,4096,4096,33.4509716629982,7.661662726080976,,,,,,,,,1,-0.2857142857142857,0.1287696884094282,0,0,1,,,,,,2.1656675338745117,0.025528542697429657,0.5146803855895996,0.009034642949700356,0.9986421465873718,,,,,,,,,,,,,0.008872929960489273,0.0012204696963635797,0.00019855995196849108,0.7545725770760328,0.0951634988450678,0.0029861400835216045,0.09832314774394035,0.014797896099480567,0,0,0,0,,,,,1,0.046875,0,12
156,71781.24838559,1788964117.6556818,0.0390625,3.469446951953614e-18,368.2814929485321,0.030964555218815804,1,-0.2857142984867096,0.09375,0.6697824597358704,0.0007963195093907416,1.0083751678466797,0.98212730884552,0.9677419662475586,0,0,0.018085718154907227,0.000252419151365757,1.0002524852752686,0.07560178637504578,-0.0028750125784426928,-0.0028003028128296137,0.01805633120238781,0.000252419151365757,1,1,0.000252419151365757,1,7.09375,2417.53125,0.01951239270567696,0.03125,0,23637.59375,0,25.573853215104325,0.017430690229240167,0.6708746515093915,63363.875,0.9679514279990926,22864.125,0.8082660953514278,0.7285648173137107,68905.0625,0.9935595589922049,23481.9375,0.5192320346832275,0.021482579305428337,0.5801306674217981,54781.40625,0.9514534503320227,22504.65625,4.991663873195648,0.09375,0,1.6632477204939333,0.49430055982414084,0,27.063585015191713,0.017268787674008183,,,,,,,,,,,,,,,,0.171875,5882,8192,2848.51953125,4526.33984375,362,362,4096,4096,4096,34.07485152292065,8.589945871965028,,,,,,,,,1,-1,0.1287696884094282,0,0,1,,,,,,2.5668296813964844,0.025789938867092133,0.5209920406341553,0.009126285091042519,0.9986271858215332,,,,,,,,,,,,,0.008183340076357126,0.0011885372655342508,0.0001877400791272521,0.7104572280077264,0.045630136412000866,0.0066384399542585015,0.10591145895887166,0.014480039978025161,0.0005862399702891707,0,0,0,,,,,1,0.0390625,0,10
157,72187.364667321,1788964540.1897328,0.09375,3.469446951953614e-18,410.74710392951965,0.030880123376846313,1,-1,0.09375,0.6726153492927551,0.0007180827087722719,1.0068435668945312,0.9841574430465698,0.964698314666748,0,0,0.01618453487753868,0.00026333227287977934,1.0002633333206177,0.05917669087648392,0.005115113221108913,0.0051076533272862434,0.015987951308488846,0.00026333227287977934,1,1,0.00026333227287977934,1,7.1875,2295.46875,0.01756001703878233,0.03125,0,22788.15625,0,30.725649841203122,0.01336398744572689,0.6708434566181375,61068.25,0.9680445010767715,22043.5,0.8635777593590319,0.7287249019410009,66434.4375,0.9934887875874432,22635.21875,0.509132482111454,0.019327836084182468,0.5801931624894252,52974.5625,0.9519705616441247,21697.8125,5.463684052228928,0.1875,0,1.9190747877202958,0.48357435704710217,0,30.47365923903792,0.01337084131016931,,,,,,,,,,,,,,,,0.1953125,7993,8192,2946.30078125,4461.00390625,238,238,4096,4096,4096,33.79824028699659,8.44546951400116,,,,,,,,,1,-1,0.1956151991089879,0,0,1,,,,,,3.656311511993408,0.025488894432783127,0.6744817495346069,0.009026266634464264,0.9986327290534973,,,,,,,,,,,,,0.012153520015999675,0.0012004801278635568,0.0002045698929578066,0.6988553180126473,0.049535871241005225,0.003428639960475266,0.12897771794814616,0.01514878904708894,0.0005299599142745137,0,0,0,,,,,1,0.09375,0,24
158,72580.081379466,1788964945.5478294,0.07421875,5.204170427930421e-18,394.20316195487976,0.07188991457223892,1,-1,0.1875,0.6664194464683533,0.0011073634959757328,1.0059881210327148,0.9842290282249451,0.970339298248291,0,0,0.016186226159334183,0.0005572936497628689,1.000557541847229,0.09918991476297379,0.006198396440595388,0.0062325336039066315,0.01592572033405304,0.0005572936497628689,1,1,0.0005572936497628689,1,7.25,2402.1875,0.017245301958269628,0.03125,0,23570.40625,0,20.191744141258972,0.06236965618945403,0.6681819911323135,62730.65625,0.9649566554623084,22657.9375,0.9935082737356424,0.7289974572655423,68793.875,0.9932582191127866,23401.65625,0.538873765617609,0.01884201855514485,0.5747961358971558,54356.78125,0.9451556237812297,22251.15625,4.991449654102325,0.28125,0,1.9005161287671672,0.45680597821759134,0,20.478237910186483,0.06243953673344434,,,,,,,,,,,,,,,,0.1484375,8192,8192,2578.64453125,3919.03515625,298,298,4096,4096,4096,31.27832604397554,8.625124691985548,,,,,,,,,1,-0.8571428571428571,0.2355518921120164,0,0,1,,,,,,2.1719064712524414,0.026267170906066895,0.6166096329689026,0.009281291626393795,0.9986085295677185,,,,,,,,,,,,,0.006514900014735758,0.0013208439895606716,0.00018704007379710674,0.710780538036488,0.05397705908944772,0.007592750014737248,0.030686228536069393,0.011390006870897196,0,0,0,0,,,,,1,0.07421875,0,19
159,72980.927512834,1788965338.9967291,0.02734375,1.3010426069826053e-18,381.5697741508484,0.10685653984546661,1,-0.8571428656578064,0.25,0.6781127452850342,0.002102832542732358,1.0047607421875,0.9845393300056458,0.9623565673828125,0,0,0.015709009021520615,0.0008145121391862631,1.0008147954940796,0.13824167847633362,-0.03028152696788311,-0.029603689908981323,0.015603871084749699,0.0008145121391862631,1,1,0.0008145121391862631,1,7.15625,1999.71875,0.01702550603512492,0.03125,0,20629.15625,0,40.16871764006445,0.024417051311567038,0.6699419331731724,55227.96875,0.9681425604668912,19964.3125,0.7410362167283893,0.7281511504732094,60080.84375,0.9935363008250405,20494,0.5156020298600197,0.018449419443912422,0.5787224317280265,47838.5625,0.948712870700201,19579.875,4.477569878101349,0.1875,0,1.7781383629368923,0.5280418647651728,0,43.59121662694292,0.02466916503211022,,,,,,,,,,,,,,,,0.13671875,8192,8192,2353.21484375,3450.90234375,276,276,4096,4096,4096,28.078413657960482,7.910953884012997,,,,,,,,,0.1428571428571429,-1,0.0668153104781061,0,0,1,,,,,,2.1769979000091553,0.02626706101000309,0.7708638310432434,0.00929685402661562,0.9985911846160889,,,,,,,,,,,,,0.006303859991021454,0.0011779653223129571,0.00018759991507977247,0.7034828079631552,0.054668242752995866,0.00415737007278949,0.03403768071439117,0.009932019852840313,0,0,0,0,,,,,1,0.02734375,0,7
160,73403.302427492,1788965739.7762942,0.07421875,5.204170427930421e-18,388.9926371574402,0.006191616412252188,0.1428571492433548,-1,0.03125,0.6820991635322571,0.0002789248828776181,1.0073633193969727,0.9858822822570801,0.9682779312133789,0,0,0.014515137299895287,6.553647108376026e-05,1.000065565109253,0.0020152186043560505,-0.0021546960342675447,-0.0020973021164536476,0.014245105907320976,6.553647108376026e-05,1,1,6.553647108376026e-05,1,7.09375,1785.1875,0.015756958009869745,0.03125,0,18825.71875,0,30.90970985803826,0.03228897950074808,0.671565370190715,50449.25,0.9685406745292666,18209.96875,0.7663750890642405,0.7281136109846835,54824.6875,0.9933424512530782,18694.125,0.5002089366316795,0.017449123788187908,0.5770844042832537,43607.9375,0.9489203892430933,17880.90625,4.191033899784088,0.09375,0,1.6489986662026948,0.5024205606964696,0,31.13820846953578,0.03219256304822829,,,,,,,,,,,,,,,,0.171875,6578,8192,2943.2421875,4465.109375,279,279,4096,4096,4096,33.91599096893333,8.631079192040488,,,,,,,,,1,-1,0.1803483024707514,0,0,1,,,,,,2.7940592765808105,0.02589675597846508,0.5500475168228149,0.009169165976345539,0.9986299276351929,,,,,,,,,,,,,0.007288259919732809,0.001215384790157259,0.00023568992037326097,0.6883120279526338,0.05439280513246558,0.005857698968611658,0.04092746088281274,0.014570289500170475,0.0006319900276139379,0,0,0,,,,,1,0.07421875,0,19
161,73822.645165417,1788966161.6753428,0.015625,0,410.58138394355774,0.06029435992240906,1,-1,0.15625,0.6641098260879517,0.0010308865457773209,1.0060701370239258,0.983466386795044,0.9591307640075684,0,0,0.016819555312395096,0.0004971434827893972,1.0004972219467163,0.09149247407913208,0.010780392214655876,0.010648921132087708,0.0166979618370533,0.0004971434827893972,1,1,0.0004971434827893972,1,7.15625,2414.46875,0.018319085611942322,0.03125,0,23545.9375,0,17.67909848624942,0.039050981009299726,0.6697029316501403,62938.25,0.9674613337755269,22749.90625,0.802093748934567,0.727889184871629,68555.875,0.9931713015341361,23374.65625,0.5283918920904398,0.020579605482930367,0.5805588901230638,54855.96875,0.9499403394314585,22369.75,4.8137341141700745,0.15625,0,1.8876143002010008,0.5067525195119132,0,17.41472294582522,0.03996520943342703,,,,,,,,,,,,,,,,0.234375,8192,8192,2918.84375,4351.34375,272,272,4096,4096,4096,33.43037995707709,8.568641503923573,,,,,,,,,1,-0.42857142857142855,0.11845088536983571,0,0,1,,,,,,1.783909797668457,0.02539634332060814,0.43900227546691895,0.009048120118677616,0.9986476898193359,,,,,,,,,,,,,0.009351029992103577,0.0012337892112554982,0.0002175699919462204,0.6994110980303958,0.05341193368758468,0.005307869985699654,0.0989425788866356,0.013195533146244998,0,0,0,0,,,,,1,0.015625,0,4
162,74257.348012916,1788966580.6598506,0.0546875,0,408.02068519592285,0.02444317936897278,1,-0.4285714328289032,0.0625,0.6659748554229736,0.0006600268534384668,1.005213737487793,0.9841924905776978,0.9679312705993652,0,0,0.016112085431814194,0.00022436841391026974,1.0002243518829346,0.04790221527218819,0.0011704415082931519,0.0011684971395879984,0.01595976948738098,0.00022436841391026974,1,1,0.00022436841391026974,1,7.0625,2203.71875,0.017332221736192276,0.03125,0,23350.75,0,19.37698870913177,0.035141585856442774,0.6689078900524636,62338.5,0.967222608851669,22555.71875,0.6709331460297108,0.7285033780910475,68057.28125,0.993540328990677,23192.25,0.5499687921255827,0.02034969859673751,0.5766647424617994,53808.78125,0.9469066715378738,22101.90625,5.000210464000702,0.0625,0,1.6461527549093713,0.5455657076259002,0,22.103657551422756,0.03384893263960459,,,,,,,,,,,,,,,,0.203125,8192,8192,2894.16015625,4220.0234375,314,314,4096,4096,4096,32.53658711200114,8.329260297003202,,,,,,,,,0.2857142857142857,-0.8571428571428571,0.08748177652797064,0,0,1,,,,,,2.4760854244232178,0.025443650782108307,0.4255707263946533,0.00904150027781725,0.9986509680747986,,,,,,,,,,,,,0.007874098955653608,0.001120045311836293,0.00019153999164700508,0.7005783970234916,0.05949101150008573,0.004857179010286927,0.03696741000749171,0.01193996963365862,0,0,0,0,,,,,1,0.0546875,0,14
163,74724.026796479,1788967014.9277978,0.00390625,4.336808689942018e-19,423.7444953918457,0.01047421433031559,0.2857142984867096,-0.8571428656578064,0.03125,0.662962794303894,0.0003125558723695576,1.0036592483520508,0.9853415489196777,0.9707965850830078,0,0,0.014910082332789898,6.84536062180996e-05,1.0000685453414917,0.0027048769406974316,-0.0058197746984660625,-0.0057487464509904385,0.014788856729865074,6.84536062180996e-05,1,1,6.84536062180996e-05,1,7.125,2143.28125,0.016131214404678983,0.03125,0,23153.28125,0,26.51765822031878,0.023524096492424443,0.670369254516739,61930.5625,0.9684396367725296,22389.1875,0.6106938482262194,0.7286155386452045,67468.90625,0.9938359755157117,22997.90625,0.5501631647348404,0.01919796813596014,0.5743977279166934,53328.46875,0.9474517216743876,21946,4.995442450046539,0.125,0,1.9346436962424682,0.5637370494443812,0,25.472764488246224,0.023257926469261787,,,,,,,,,,,,,,,,0.328125,8192,8192,3315.62890625,4709.328125,306,306,4096,4096,4096,36.3341775740264,7.756449186941609,,,,,,,,,1,-0.14285714285714285,0.0668153104781061,0,0,1,,,,,,3.1940805912017822,0.02413424849510193,0.3294031620025635,0.008637645281851292,0.998695433139801,,,,,,,,,,,,,0.005091231083497405,0.0011870786192957894,0.00018601096235215664,0.6963883879361674,0.06674083852431067,0.010508890030905604,0.0938861989416182,0.010631577294134331,0,0,0,0,,,,,1,0.00390625,0,1
164,75150.602935008,1788967482.583885,0.04296875,2.6020852139652106e-18,456.1224489212036,0.006959160789847374,1,-0.1428571492433548,0.03125,0.6492516994476318,0.00038840368506498635,1.007131576538086,0.9870535731315613,0.9669489860534668,0,0,0.013371584936976433,0.00010781665332615376,1.000107765197754,0.028339313343167305,0.0011343731312081218,0.001137097948230803,0.01307276263833046,0.00010781665332615376,1,1,0.00010781665332615376,1,7.21875,2009.28125,0.014491118007111031,0.03125,0,26525.03125,0,21.44198004864557,0.0675546173179732,0.6645142079521242,70371.15625,0.9648839852140838,25558.40625,0.8005857821553946,0.7282613416082362,77253.5625,0.9928029668519216,26322.40625,0.5143459402024746,0.017911607616295698,0.5530993931497479,58871.84375,0.9314244611620579,24720.75,4.974738538265228,0.3125,0,1.7976250179427393,0.49527290235869414,0,22.66784668613251,0.06226093374121952,,,,,,,,,,,,,,,,0.34765625,8192,8192,4076.92578125,5444.734375,657,883,4096,4096,4096,39.55356498796027,7.250338592915796,,,,,,,,,1,-0.7142857142857143,0.1803483024707514,0,0,1,,,,,,3.844268321990967,0.023942213505506516,0.6045579314231873,0.008592206053435802,0.9986920356750488,,,,,,,,,,,,,0.07522783905733377,0.001337657106887491,0.0001749600050970912,0.6885735880350694,0.061781641953984945,0.003162520006299019,0.03480397176463157,0.013102083491503436,0,0,0,0,,,,,1,0.04296875,0,11
165,75631.083915557,1788967908.7133796,0.03515625,4.336808689942018e-19,415.0350294113159,0.05661264806985855,1,-0.7142857313156128,0.15625,0.6276079416275024,0.0009136838489212096,1.0010852813720703,0.9858428239822388,0.9685487747192383,0,0,0.014352826401591301,0.0003652444574981928,1.0003652572631836,0.10335945338010788,0.011598831973969936,0.01153232529759407,0.014285000041127205,0.0003652444574981928,1,1,0.0003652444574981928,1,7.09375,2589.6875,0.015553909238115653,0.03125,0,32615.40625,0,23.37914086373818,0.008831569253596643,0.6634214860054339,86427.84375,0.9638018976926923,31408.90625,0.8367367126047611,0.7268452305394669,94803.96875,0.9917695731315177,32335.65625,0.5222115535289049,0.01847318495373515,0.5580563309479682,72511.28125,0.9349147044201822,30436.90625,5.85548460483551,0.125,0,1.8026317897844968,0.5261541338529427,0,23.114757978335405,0.008776381840507757,,,,,,,,,,,,,,,,0.265625,8192,8192,3387.85546875,4253.921875,314,314,4096,4096,4096,33.66111236799043,8.45491517195478,,,,,,,,,1,-0.14285714285714285,0.0668153104781061,0,0,1,,,,,,3.816157102584839,0.023270653560757637,0.6984915733337402,0.008358184248209,0.9987221360206604,,,,,,,,,,,,,0.005044369027018547,0.0010879602104978403,0.0001841600751504302,0.7219915579771623,0.06825377282120826,0.006536460015922785,0.026598019059747458,0.007950323602472054,0,0,0,0,,,,,1,0.03515625,0,9
166,76096.314956099,1788968388.3020055,0.0234375,1.3010426069826053e-18,469.41385412216187,0.011077499948441982,1,-0.1428571492433548,0.03125,0.6403446793556213,0.00044570089085027575,1.0049848556518555,0.9899003505706787,0.9669356346130371,0,0,0.010443272069096565,2.354336902499199e-05,1.0000234842300415,0.022533215582370758,-0.004340074025094509,-0.004336886573582888,0.010189605876803398,2.354336902499199e-05,1,1,2.354336902499199e-05,1,7.28125,1692.34375,0.011405503600133286,0.03125,0,27102.84375,0,16.096346527415495,0.06402241595135472,0.6631761279995747,71677.6875,0.964563954563293,26097.65625,0.8633618662133813,0.7271090189835567,78805.71875,0.9920985892941598,26872.5625,0.49679112061858177,0.01441588903635912,0.5381084807477301,58112.53125,0.9216378205936031,24915.84375,5.091515690088272,0.3125,0,2.088920060947417,0.5154686266190539,0,16.496079017139838,0.06091078433465201,,,,,,,,,,,,,,,,0.48828125,8192,8192,4411.77734375,5757.02734375,355,355,4096,4096,4096,42.67401375295594,8.102587223052979,,,,,,,,,1,-0.42857142857142855,0.15152288168283162,0,0,1,,,,,,3.642500400543213,0.022694839164614677,0.9476331472396851,0.008199525065720081,0.998736560344696,,,,,,,,,,,,,0.007039909949526191,0.001186064732792147,0.00019010994583368301,0.6971949849976227,0.05495364454009177,0.005154849961400032,0.03080301801674068,0.010675668041585595,0,0,0,0,,,,,1,0.0234375,0,6
167,76581.682424619,1788968855.198934,0.04296875,8.673617379884035e-19,455.03556656837463,0.040943220257759094,1,-0.4285714328289032,0.125,0.6115599870681763,0.0009044161415658891,1.005044937133789,0.9889289140701294,0.9714889526367188,0,0,0.011408388614654541,0.00026347837410867214,1.0002634525299072,0.08203510195016861,0.002201355528086424,0.0022388084325939417,0.011167923919856548,0.00026347837410867214,1,1,0.00026347837410867214,1,7.1875,2306.75,0.012353533541646653,0.03125,0,35294.21875,0,30.83974715700134,0.027569455440485068,0.6591135835154653,92877.21875,0.9585990344630021,33802.75,0.8850672107073478,0.7285535897526519,102836.3125,0.9916590337385511,34992.03125,0.5105897150933743,0.016970253087158205,0.538777896684306,75796.3125,0.9183490429164759,32368.0625,6.2341291308403015,0.25,0,2.9629137261551133,0.5168886743115183,0,30.12781726826236,0.027769465692152447,,,,,,,,,,,,,,,,0.453125,8192,8192,4269.015625,5263.6484375,367,367,4096,4096,4096,39.65122516802512,7.407003658008762,,,,,,,,,0.7142857142857143,-0.42857142857142855,0.09780759955449395,0,0,1,,,,,,4.557432651519775,0.022132866084575653,0.5996549725532532,0.008027554489672184,0.9987629055976868,,,,,,,,,,,,,0.008388669928535819,0.0010963443100990844,0.00021657999604940414,0.7270730350865051,0.07074330080331492,0.004537969944067299,0.10170055704656988,0.008932110446039587,0,0,0,0,,,,,1,0.04296875,0,11
168,77071.953528752,1788969340.560361,0.0234375,1.734723475976807e-18,473.60168075561523,0.015286188572645187,0.7142857313156128,-0.4285714328289032,0.03125,0.611556887626648,0.0005670868558809161,1.0068817138671875,0.9906087517738342,0.9691824913024902,0,0,0.009742766618728638,8.84784385561943e-05,1.0000885725021362,0.013816672377288342,0.005814841017127037,0.005824000108987093,0.009467839263379574,8.84784385561943e-05,1,1,8.84784385561943e-05,1,7.0625,1967.5,0.010692145028004451,0.03125,0,34152.125,0,19.262471815072125,0.045503097831302367,0.6613642730493234,90036.3125,0.9636747032046129,32844.875,0.8943476788699627,0.7268851862239634,99291.9375,0.9920872940928943,33861.21875,0.5246647894382477,0.013695963105542518,0.532283244749069,72133.40625,0.9176055182033411,31224.96875,5.972817659378052,0.125,0,2.073193429548576,0.5050287525414546,0,20.54323911742002,0.044895648604660124,,,,,,,,,,,,,,,,0.5234375,8192,8192,4871.13671875,5561.53515625,317,317,4096,4096,4096,41.25585103104822,8.555093784001656,,,,,,,,,1,-0.7142857142857143,0.11845088536983571,0,0,1,,,,,,2.1091089248657227,0.02047761343419552,0.4946911334991455,0.007468595169484615,0.9988335371017456,,,,,,,,,,,,,0.008279700065031648,0.001248434114131669,0.00020431005395948887,0.7348723569884896,0.07022455837932284,0.002738890005275607,0.08198320993687958,0.006198173301072529,0,0,0,0,,,,,1,0.0234375,0,6
169,77591.306343975,1788969829.3157325,0.03515625,1.734723475976807e-18,478.4120228290558,0.025498541072010994,1,-0.7142857313156128,0.0625,0.5872476100921631,0.0005344513338059187,1.0055904388427734,0.9934924840927124,0.9626731872558594,0,0,0.006907957140356302,0.00015783356502652168,1.0001578330993652,0.027772603556513786,0.005875949747860432,0.00596338277682662,0.006561915390193462,0.00015783356502652168,1,1,0.00015783356502652168,1,7.0625,1602.09375,0.007643506473286715,0.03125,0,38969.09375,0,14.829457114115224,0.04803427970333232,0.655452274784601,102062.40625,0.9593077534000438,37358.3125,0.6192127508111298,0.7268301308509908,113313.96875,0.9910708074923249,38614.34375,0.5220508705824614,0.009865742232139568,0.5013518575547883,78053.5,0.8955439046984263,34886.3125,5.509968459606171,0.09375,0,1.630978816039286,0.5554084343722171,0,14.31456304401748,0.04516166582293385,,,,,,,,,,,,,,,,0.58984375,8192,8192,5283.0703125,5765.8125,322,322,4096,4096,4096,43.878580790013075,8.593390851980075,,,,,,,,,0.7142857142857143,-0.8571428571428571,0.13122266479195596,0,0,1,,,,,,1.9533476829528809,0.01917078346014023,0.46312958002090454,0.00703897699713707,0.9988782405853271,,,,,,,,,,,,,0.015668660053052008,0.0013298166163622227,0.00020790006965398788,0.7240074080182239,0.055597099059468746,0.0051136299734935164,0.023124588187783957,0.004056908765505796,0,0,0,0,,,,,1,0.03515625,0,9
170,78118.830067744,1788970349.5173893,0.01171875,8.673617379884035e-19,509.0079743862152,0.030978310853242874,0.7142857313156128,-0.8571428656578064,0.0625,0.562153160572052,0.0007222875719889998,1.0052967071533203,0.9958120584487915,0.9716024398803711,0,0,0.004673355259001255,0.00021478231064975262,1.0002148151397705,0.02942400425672531,0.00874205119907856,0.008787634782493114,0.004218445159494877,0.00021478231064975262,1,1,0.00021478231064975262,1,7.125,1233.78125,0.005199299914293042,0.03125,0,42264.5625,0,9.350270055085778,0.11306212262501804,0.653124345763077,110250.15625,0.9587903154735071,40481.21875,0.6763820527121425,0.7278755415547249,123141.8125,0.991631537358144,41911.3125,0.5066872797906399,0.006385735789289427,0.483069283246372,81536.625,0.8834405725876686,37280.1875,4.8446782529354095,0.15625,0,2.0275079142534778,0.5725137191700894,0,9.093367437347231,0.11570894130424789,,,,,,,,,,,,,,,,0.70703125,8192,8192,6109.93359375,6557.97265625,372,372,4096,4096,4096,47.336029632017016,7.1556165179936215,,,,,,,,,0.7142857142857143,-0.42857142857142855,0.09780759955449395,0,0,1,,,,,,1.5520133972167969,0.01894122175872326,0.5147509574890137,0.006970792077481747,0.9988762736320496,,,,,,,,,,,,,0.022778599988669157,0.001899543573927076,0.00019908894319087267,0.7117555380100384,0.06448446548847642,0.0032218400156125426,0.10029544902499765,0.004161071274211281,0,0,0,0,,,,,1,0.01171875,0,3
171,78662.086723655,1788970877.4591506,0.0390625,5.204170427930421e-18,516.3407111167908,0.015373306348919868,0.7142857313156128,-0.4285714328289032,0.03125,0.5310182571411133,0.0005480971303768456,1.0076932907104492,0.996311604976654,0.976006031036377,0,0,0.004085383377969265,7.145479321479797e-05,1.0000715255737305,0.01229824498295784,0.005471089854836464,0.005488577298820019,0.0037122275680303574,7.145479321479797e-05,1,1,7.145479321479797e-05,1,7.15625,1276,0.004689745475213078,0.03125,0,48879.46875,0,9.004088285502537,0.10165477073574865,0.6513529416491723,127164.59375,0.957609179759054,46763.65625,0.6573749529197812,0.7284742331251646,142450.25,0.992303142764231,48494.0625,0.6182275209575891,0.00600136694978573,0.47856468967991683,93289.90625,0.8804188556605759,42955.96875,5.184098124504089,0.15625,0,1.7002689032755574,0.5172716408171698,0,8.617201065098481,0.0992345237933524,,,,,,,,,,,,,,,,0.75390625,8192,8192,6486.09375,6812.81640625,418,418,4096,4096,4096,48.999326215009205,8.17477968998719,,,,,,,,,1,-0.7142857142857143,0.17127969726116857,0,0,1,,,,,,2.0872724056243896,0.01855139434337616,0.6417383551597595,0.006833291612565517,0.9988996386528015,,,,,,,,,,,,,0.029487938969396055,0.0021722985493397573,0.00020337989553809166,0.7162295479793102,0.052287390976289316,0.004054740071296692,0.027583028306253254,0.0032344131063837267,0,0,0,0,,,,,1,0.0390625,0,10
172,79200.587180506,1788971421.0045125,0.0078125,8.673617379884035e-19,531.6875951290131,0.04796797037124634,1,-0.7142857313156128,0.125,0.5164517164230347,0.0010267788311466575,1.005223274230957,0.9969708919525146,0.9685931205749512,0,0,0.0034896456636488438,0.0002668364904820919,1.0002669095993042,0.05087326467037201,0.020311452448368073,0.020354682579636574,0.0030503813177347183,0.0002668364904820919,1,1,0.0002668364904820919,1,7.15625,1133.28125,0.004069363412564829,0.03125,0,51888.75,0,8.176187618566887,0.07837321195795724,0.6528644725737189,135418.59375,0.9587092827489325,49748.0625,0.7455748962238431,0.7273923794585962,151022.59375,0.991513683509927,51463.03125,0.5370466001331806,0.004752198060935452,0.47434418544546025,98146.5625,0.8799860373963153,45629.6875,5.095758438110352,0.15625,0,1.7670962505546455,0.5195654794524305,0,8.741131246004748,0.08489738394645066,,,,,,,,,,,,,,,,0.8984375,8192,8192,7299.97265625,7562.16796875,408,408,4096,4096,4096,53.95919911295641,8.409968837047927,,,,,,,,,0.8571428571428572,-0.2857142857142857,0.08748177652797065,0,0,1,,,,,,1.5563404560089111,0.017610393464565277,0.4992964267730713,0.0064989416860044,0.9989349246025085,,,,,,,,,,,,,0.0664814889896661,0.0028174946742183238,0.00026330992113798857,0.7007392069790512,0.05565308215727782,0.004020529915578663,0.019171055871993303,0.001758067637183558,0,0,0,0,,,,,1,0.0078125,0,2
173,79741.244211606,1788971959.702486,0.00390625,4.336808689942018e-19,526.610734462738,0.011717737652361393,0.8571428656578064,-0.2857142984867096,0.0312500037252903,0.47714900970458984,0.0004464240337256342,1.0013236999511719,0.9983130097389221,0.9729781150817871,0,0,0.0022229927126318216,8.204486221075058e-05,1.0000821352005005,0,0.003361582290381193,0.003398570232093334,0.0016991898883134127,8.204486221075058e-05,1,1,8.204486221075058e-05,1,7.09375,795.3125,0.0025829668752529217,0.03125,0,58399.78125,0,9.431676101800909,0.10833463595206433,0.6496681254721194,151721.9375,0.9575936225370597,55914.78125,0.6054587326943874,0.7299750730055261,170555.3125,0.9928464031853619,57983.75,0.578054878860712,0.00341364925125336,0.45509666100966956,106131.3125,0.8641037764750694,50428.59375,4.430070400238037,0.09375,0,1.6947125402009269,0.5550310211217429,0,9.234926161508598,0.10861819526685133,,,,,,,,,,,,,,,,0.89453125,8192,8192,7435.70703125,7642.83203125,455,455,4096,4096,4096,54.4007517589489,8.631624173023738,,,,,,,,,1,-0.14285714285714285,0.0668153104781061,0,0,1,,,,,,2.7099103927612305,0.017514698207378387,0.6634703874588013,0.006495771463960409,0.9989230632781982,,,,,,,,,,,,,0.0685208790237084,0.0047303879573519225,0.0002368600107729435,0.7258631869917735,0.05648171351276687,0.005055000074207783,0.01836464088410139,0.0014122486300038872,0,0,0,0,,,,,1,0.00390625,0,1
174,80276.766490247,1788972498.9632742,0.0078125,8.673617379884035e-19,528.5691318511963,0.005863870028406382,1,-0.1428571492433548,0.03124999813735485,0.4695475697517395,0.00043293036287650466,1.0033159255981445,0.9988178014755249,0.9734244346618652,0,0,0.0017327178502455354,5.380529910326004e-05,1.000053882598877,0.000996750546619296,0.0026026805862784386,0.002619998762384057,0.0011895728530362248,5.380529910326004e-05,1,1,5.380529910326004e-05,1,7.03125,662.53125,0.0020464814758160603,0.03125,0,59485.65625,0,6.260412587701333,0.11356952078589458,0.6472576801251582,153975.03125,0.9542360788661894,56753.84375,0.6222237618640065,0.7304522875786904,173824.84375,0.9919918390200044,59012.53125,0.5384156480431557,0.002514781543117354,0.45160058179217355,107389.6875,0.8596041766918421,51120.0625,4.199907302856445,0.03125,0,2.0269154043235287,0.5431109239344907,0,6.229319002125636,0.10970270862518325,,,,,,,,,,,,,,,,0.859375,8192,8192,7187.640625,7328.359375,379,379,4096,4096,4096,52.84022310900036,8.97982652997598,,,,,,,,,0.8571428571428572,-0.2857142857142857,0.08748177652797065,0,0,1,,,,,,1.1931713819503784,0.017058856785297394,0.4065871238708496,0.006341794040054083,0.9989297389984131,,,,,,,,,,,,,0.016646079951897264,0.002931391668425931,0.0002526600146666169,0.6966355469776317,0.05041378722899026,0.004992060014046729,0.021097821183502674,0.0012294088173803175,0,0,0,0,,,,,1,0.0078125,0,2
175,80798.53164227,1788973034.5048144,0.0078125,8.673617379884035e-19,524.8089125156403,0.009989277459681034,0.8571428656578064,-0.2857142984867096,0.03125,0.46805810928344727,0.000738390430342406,1.0108327865600586,0.9989085793495178,0.9733524322509766,0,0,0.001613324973732233,6.053270772099495e-05,1.0000606775283813,0,0.006810896564275026,0.006820778362452984,0.0010984675027430058,6.053270772099495e-05,1,1,6.053270772099495e-05,1,7.09375,571.03125,0.001922723920476802,0.03125,0,57501.125,0,5.368161111260203,0.20790386071470934,0.6458162326626613,148549.375,0.952212905593328,54759.0625,0.5624616486020386,0.7302368957770976,167990.46875,0.9908944093831411,56986.28125,0.5386056490242481,0.002308495796665537,0.44448861185567107,102177.375,0.8542464925080402,49120.84375,3.13481867313385,0.125,0,1.6846416106929931,0.5754663820847555,0,5.265665505169357,0.2197576634231737,,,,,,,,,,,,,,,,0.8515625,8192,8192,7128.15234375,7302.109375,331,331,4096,4096,4096,52.958695846027695,7.620611176011153,,,,,,,,,1,-0.14285714285714285,0.09449111825230681,0,0,1,,,,,,2.188965082168579,0.017209341749548912,0.7304940223693848,0.006366358604282141,0.9989291429519653,,,,,,,,,,,,,0.02952784998342395,0.0018628812499628111,0.000238840002566576,0.7132999459281564,0.0656515996060989,0.002691559959203005,0.09079152799677104,0.0018008082774940704,0,0,0,0,,,,,1,0.0078125,0,2
176,81347.772184082,1788973556.0549557,0.00390625,4.336808689942018e-19,511.06789469718933,0.012323717586696148,1,-0.1428571492433548,0.0625,0.4738695025444031,0.0005005610873922706,1.0022764205932617,0.9987447261810303,0.9774103164672852,0,0,0.0017749564722180367,8.308654651045799e-05,1.000083088874817,0.00773163978010416,0.004409306682646275,0.00443353783339262,0.001261477591469884,8.308654651045799e-05,1,1,8.308654651045799e-05,1,7.125,704.71875,0.002176177159070881,0.03125,0,57025.21875,0,10.17115128821888,0.14508569602728755,0.6415131167036017,146263.21875,0.9451114895210296,53886.09375,0.6643989973235875,0.7301164802807691,166498.65625,0.9873803932303793,56291.59375,0.5977463144809008,0.002414281860983126,0.4475643644443156,101833.15625,0.8505807500558678,48460.84375,3.297705113887787,0.15625,0,1.7675234616524114,0.555267963656734,0,8.35792686019992,0.15046872454215726,,,,,,,,,,,,,,,,0.83203125,8192,8192,6920.08203125,7053.8046875,273,273,4096,4096,4096,51.281454734969884,7.489039059029892,,,,,,,,,1,-0.14285714285714285,0.0668153104781061,0,0,1,,,,,,3.426457166671753,0.01717986725270748,0.773814857006073,0.006354519631713629,0.9989253878593445,,,,,,,,,,,,,0.0389780190307647,0.002216118577052839,0.00027968897484242916,0.7092980580637231,0.058804623990454274,0.006233319989405572,0.012607711367309093,0.0009705772313282068,0,0,0,0,,,,,1,0.00390625,0,1
177,81898.62736979,1788974106.239684,0,0,538.7499103546143,0.00533305574208498,1,-0.1428571492433548,0.03125,0.48218870162963867,0.0005670209066011012,1.004521369934082,0.9990149736404419,0.9795150756835938,0,0,0.0015033679082989693,6.580865010619164e-05,1.0000659227371216,0,0.003302713157609105,0.003318227594718337,0.0009891386143863201,6.580865010619164e-05,1,1,6.580865010619164e-05,1,7.125,570.9375,0.0018675818727175446,0.03125,0,55360.65625,0,13.803579115205146,0.1746207583935204,0.6341290341171748,140226.40625,0.9372247151270475,51823.28125,0.7652989190537483,0.7338358960674922,162575.1875,0.9872131634923342,54651.25,0.6055323351174593,0.0020009989100684715,0.43786445822909004,96836.78125,0.8326327807558367,46033.15625,3.4571556448936462,0.1875,0,2.573100023009867,0.5323830289389072,0,12.153397099982794,0.16838713082074314,,,,,,,,,,,,,,,,0.921875,8192,8192,7526.2890625,7665.85546875,435,435,4096,4096,4096,54.79857481108047,7.509993889019825,,,,,,,,,0,0,0,0,1,0,,,,,,1.500936508178711,0.01646103337407112,0.48824620246887207,0.006052830256521702,0.9989668726921082,,,,,,,,,,,,,0.03075005894061178,0.0029321240117496927,0.0002023510169237852,0.7105615680338815,0.053923761071018816,0.005987250013276935,0.015138648101128638,0.001095258927307441,0,0,0,0,,,,,0,0,0,0
178,82444.651426345,1788974657.6351411,0.01953125,3.469446951953614e-18,539.4941530227661,0,0,0,0,0.44655436277389526,0,1.002690315246582,0.9989324808120728,0.9777779579162598,0,0,0.0015708934515714645,0,1,0,0,0,0.0010727791814133525,0,1,1,0,1,7.1875,634.375,0.0019363546194102437,0,0,60210.3125,0,7.376896893184394,0.15771514031723674,0.6325182044354499,152206.4375,0.9352432561374122,56274,0.6033266629092395,0.7352076510278399,177143.28125,0.9861574154843165,59379.96875,0.6351856850087643,0.0022088156107354048,0.4304237531233025,103320.09375,0.8248876917099539,49588.5,3.1387001872062683,0.25,0,1.7150305841370481,0.5633447771408445,0,6.920380402236577,0.1609379907317216,,,,,,,,,,,,,,,,0.93359375,8192,8192,7716.08203125,7854.296875,1004,1091,4096,4096,4096,55.72468354506418,8.193034928059205,,,,,,,,,0.8571428571428572,-0.42857142857142855,0.131222664791956,0,0,1,,,,,,3.6391968727111816,0.016499850898981094,0.9486283659934998,0.006057859398424625,0.998966634273529,,,,,,,,,,,,,0.031889148987829685,0.0034538309114395815,0.00025798892602324486,0.7321355669992045,0.059260178938075114,0.0055171799613162875,0.016806990024633706,0.0011774825825341395,0,0,0,0,,,,,1,0.01953125,0,5
179,82982.630191256,1788975202.804733,0.0078125,8.673617379884035e-19,533.9229979515076,0.02784675359725952,0.8571428656578064,-0.4285714328289032,0.0625,0.4409785866737366,0.000681338831782341,1.0016183853149414,0.998799204826355,0.9815211296081543,0,0,0.0015891145449131727,0.00013339659199118614,1.0001333951950073,0.01280832476913929,0.00810747966170311,0.008155541494488716,0.0012057693675160408,0.00013339659199118614,1,1,0.00013339659199118614,1,7.1875,614.6875,0.001985734492076818,0.03125,0,61728.65625,0,5.201089743880097,0.1576219518733702,0.6296665612131322,155276.125,0.9325100542783334,57508.03125,0.6730641196481884,0.7357750607595157,181731.59375,0.9853111015691741,60807.8125,0.5723599269986153,0.0022002148484062574,0.4275813908064735,105202.15625,0.8175201579186772,50336.78125,3.5172775983810425,0.1875,0,1.7899143369097361,0.547307816585726,0,4.838627823612038,0.16538985709538753,,,,,,,,,,,,,,,,0.90625,8192,8192,7515.5703125,7625.97265625,397,397,4096,4096,4096,54.74828291509766,8.737417168915272,,,,,,,,,1,-0.14285714285714285,0.09449111825230681,0,0,1,,,,,,2.856694221496582,0.01735932007431984,0.519839882850647,0.006385898683220148,0.9989326000213623,,,,,,,,,,,,,0.028258829028345644,0.002552844131969323,0.00024407997261732817,0.8192628760589287,0.06035922630917412,0.005324229947291315,0.012226230348460376,0.000998418252038391,0,0,0,0,,,,,1,0.0078125,0,2
180,83524.795080578,1788975740.7730837,0,0,526.8590908050537,0.011835630983114243,1,-0.1428571492433548,0.0625,0.46805334091186523,0.0005612667882815003,1.0060806274414062,0.9991316795349121,0.9792966842651367,0,0,0.0013519369531422853,0.00013818428851664066,1.0001381635665894,0.008016400970518589,0.005057156085968018,0.005103477276861668,0.0008719161269254982,0.00013818428851664066,1,1,0.00013818428851664066,1,7.125,522.875,0.0017638307725687658,0.03125,0,60124.5625,0,6.131933384700677,0.1783898869653744,0.6328251851832496,152120.375,0.934554499541393,56169.53125,0.6245752032846212,0.7324514519396355,176131.96875,0.9847811020866013,59195.84375,0.6239882968366146,0.0020867695296645193,0.43775457959359143,105149.90625,0.8314331328450554,49957.09375,3.8457013368606567,0.28125,0,1.77746758489879,0.5373130562701215,0,5.7675333046884125,0.17670893767017626,,,,,,,,,,,,,,,,0.9140625,8192,8192,7491.23046875,7585.1171875,358,358,4096,4096,4096,54.13765709789004,8.181269909022376,,,,,,,,,0,0,0,0,1,0,,,,,,1.5831575393676758,0.01640758290886879,0.5340747833251953,0.00603531813248992,0.9989597201347351,,,,,,,,,,,,,0.02738741901703179,0.0028342757136670116,0.00022526003886014223,0.7178842969005927,0.06219006464652921,0.005631790030747652,0.008613720303401351,0.0007493111615985981,0,0,0,0,,,,,0,0,0,0
181,84076.674972901,1788976283.3662138,0.015625,0,531.0556199550629,0,0,0,0,0.4477393627166748,0,1.0039615631103516,0.9992401599884033,0.9858517646789551,0,0,0.001281050848774612,0,1,0,0,0,0.0007623436977155507,0,1,1,0,1,7.125,480.1875,0.0015780474200266948,0,0,59929.84375,0,8.44092370106181,0.1681338211352639,0.6223538036035644,149319.0625,0.9234730149924046,55375.625,0.70556266233325,0.7348375683334811,176205.15625,0.980924313791739,58815.96875,0.5594073925167322,0.0016780267830497821,0.4188987618516684,100628.34375,0.8026508532216329,48195.53125,3.2188185453414917,0.125,0,1.7632992442399242,0.5270156456590562,0,8.404197441074352,0.1749951752304686,,,,,,,,,,,,,,,,0.91015625,8192,8192,7569.55078125,7675.40234375,381,381,4096,4096,4096,54.28914043097757,8.013709272025153,,,,,,,,,1,-0.42857142857142855,0.11845088536983571,0,0,1,,,,,,1.5451512336730957,0.016527123749256134,0.5402896404266357,0.006067287642508745,0.9989641308784485,,,,,,,,,,,,,0.020935970009304583,0.0032766502258709806,0.00026569003239274025,0.7105696769431233,0.06883421315023952,0.0028876200085505843,0.010491579887457192,0.0007572923668703879,0,0,0,0,,,,,1,0.015625,0,4
