_step,_runtime,_timestamp,rewards/train/solve_ratio,rewards/train/advantage/mean,perf/train/global_step_time,actor/train/advantage/abs_mean,actor/train/advantage/max,actor/train/advantage/min,actor/train/advantage/nonzero_frac,actor/train/entropy,actor/train/grad_norm,actor/train/is_ratio/max,actor/train/is_ratio/mean,actor/train/is_ratio/min,actor/train/kl,actor/train/kl_loss,actor/train/log_ratio/abs_mean,actor/train/loss,actor/train/perplexity,actor/train/pg_clipfrac,actor/train/pg_loss/clipped_mean,actor/train/pg_loss/unclipped_mean,actor/train/ppo_kl,actor/train/reduced_pg_loss,actor/train/sampler_is/weight_mean,actor/train/sampler_is/weight_min,actor/train/unreduced_pg_loss,actor/train/zero_tim/alignment_warning,actor/train/zero_tim/alignment_warning_count,actor/train/zero_tim/clip_hits,actor/train/zero_tim/first_order_kl,actor/train/zero_tim/gradient_nonzero,actor/train/zero_tim/hard_gate_pass,actor/train/zero_tim/n_action,actor/train/zero_tim/r_exact,actor/train/zero_tim/r_max,actor/train/zero_tim/r_min,actor/train/zero_tim/s_decode_vs_s_prefill_byte_fraction,actor/train/zero_tim/s_decode_vs_s_prefill_bytes,actor/train/zero_tim/s_decode_vs_s_prefill_element_fraction,actor/train/zero_tim/s_decode_vs_s_prefill_elements,actor/train/zero_tim/s_decode_vs_s_prefill_max_abs,actor/train/zero_tim/s_prefill_vs_t_old_byte_fraction,actor/train/zero_tim/s_prefill_vs_t_old_bytes,actor/train/zero_tim/s_prefill_vs_t_old_element_fraction,actor/train/zero_tim/s_prefill_vs_t_old_elements,actor/train/zero_tim/s_prefill_vs_t_old_max_abs,actor/train/zero_tim/second_order_kl,actor/train/zero_tim/t_old_vs_t_current_byte_fraction,actor/train/zero_tim/t_old_vs_t_current_bytes,actor/train/zero_tim/t_old_vs_t_current_element_fraction,actor/train/zero_tim/t_old_vs_t_current_elements,actor/train/zero_tim/t_old_vs_t_current_max_abs,actor/train/zero_tim/tis_hits,actor/train/zero_tim/w_exact,actor/train/zero_tim/w_max,actor/train/zero_tim/w_min,actor/train/zero_tim/wr_exact,actor/train/zero_tim/wr_max,actor/train/zero_tim/wr_min,frozenlake_eval/eval/n,frozenlake_eval/eval/policy_step,frozenlake_eval/eval/reward,frozenlake_eval/eval/solve,frozenlake_eval/eval/wall_seconds,generation/eval/completions/clip_ratio,generation/eval/completions/max_length,generation/eval/completions/max_raw_length,generation/eval/completions/mean_length,generation/eval/completions/mean_raw_length,generation/eval/completions/min_length,generation/eval/completions/min_raw_length,generation/eval/prompts/max_length,generation/eval/prompts/mean_length,generation/eval/prompts/min_length,generation/train/completions/clip_ratio,generation/train/completions/max_length,generation/train/completions/max_raw_length,generation/train/completions/mean_length,generation/train/completions/mean_raw_length,generation/train/completions/min_length,generation/train/completions/min_raw_length,generation/train/prompts/max_length,generation/train/prompts/mean_length,generation/train/prompts/min_length,perf/train/rescore_b_seconds,perf/train/weight_sync_seconds,rewards/eval/advantage/max,rewards/eval/advantage/mean,rewards/eval/advantage/min,rewards/eval/advantage/std,rewards/eval/solve_all,rewards/eval/solve_none,rewards/eval/solve_partial,rewards/eval/solve_ratio,rewards/train/advantage/max,rewards/train/advantage/min,rewards/train/advantage/std,rewards/train/solve_all,rewards/train/solve_none,rewards/train/solve_partial,sampler_is/eval/frac_clipped_at_threshold,sampler_is/eval/weight_max,sampler_is/eval/weight_mean,sampler_is/train/frac_clipped_at_threshold,sampler_is/train/weight_max,sampler_is/train/weight_mean,sampler_trainer/eval/logp_diff_max,sampler_trainer/eval/logp_diff_mean,sampler_trainer/eval/prob_diff_max,sampler_trainer/eval/prob_diff_mean,sampler_trainer/eval/probs_pearson_corr,sampler_trainer/train/logp_diff_max,sampler_trainer/train/logp_diff_mean,sampler_trainer/train/prob_diff_max,sampler_trainer/train/prob_diff_mean,sampler_trainer/train/probs_pearson_corr,trajectory/eval/env_time/close_latency/max,trajectory/eval/env_time/close_latency/mean,trajectory/eval/env_time/close_latency/min,trajectory/eval/env_time/reset_latency/max,trajectory/eval/env_time/reset_latency/mean,trajectory/eval/env_time/reset_latency/min,trajectory/eval/env_time/step_latency/max,trajectory/eval/env_time/step_latency/mean,trajectory/eval/env_time/step_latency/min,trajectory/eval/reward_time/reward_latency/max,trajectory/eval/reward_time/reward_latency/mean,trajectory/eval/reward_time/reward_latency/min,trajectory/train/env_time/close_latency/max,trajectory/train/env_time/close_latency/mean,trajectory/train/env_time/close_latency/min,trajectory/train/env_time/reset_latency/max,trajectory/train/env_time/reset_latency/mean,trajectory/train/env_time/reset_latency/min,trajectory/train/env_time/step_latency/max,trajectory/train/env_time/step_latency/mean,trajectory/train/env_time/step_latency/min,trajectory/train/reward_time/reward_latency/max,trajectory/train/reward_time/reward_latency/mean,trajectory/train/reward_time/reward_latency/min,trajectory_rewards/eval/max,trajectory_rewards/eval/mean,trajectory_rewards/eval/min,trajectory_rewards/eval/sum,trajectory_rewards/train/max,trajectory_rewards/train/mean,trajectory_rewards/train/min,trajectory_rewards/train/sum
0,1875.371773034,1787559684.497892,0.2265625,1.734723475976807e-18,1287.9427289962769,,,,,,,,,,,,,,,,,,,,,,,,,,,,,,,,,,,,,,,,,,,,,,,,,,,,,,,,800,0,0.2487500011920929,0.24875,613.9386052750051,0,2704,6323,455.50750732421875,1550.9525,46,46,4096,4096,4096,0,2142,5780,492.09765625,1749.92578125,47,47,4096,4096,4096,3.888367347803087,,1,9.575673587391974e-18,-1,0.24343938640987886,0.03,0.45,0.52,0.24875,1,-0.8571428571428571,0.36596252735569995,0,0,1,0.00011113844942883588,2,1.000050642490387,0.00015082118625286967,2,1.0001775026321411,3.254904270172119,0.011237792749889196,0.8012268543243408,0.0049364849703852085,0.9928218513727188,3.2884881496429443,0.008702024817466736,0.6864696741104126,0.0037986147217452526,0.9933461546897888,17.072504224954173,3.1726889161735015,0.0002087299944832921,24.29816565103829,1.5700494115479524,0.0006300890236161649,11.282260746054817,2.581203901800618,0.0008791089639998972,0,0,0,0.016044858028180897,0.0020919379126098647,0.00021803000709041953,0.42736686603166163,0.11355833380594049,0.004970996000338346,0.420009303081315,0.01917305328288421,0.000986248953267932,0,0,0,1,0.24875,0,1.99,1,0.2265625,0,58
1,2084.347232892,1787559924.5194705,0.1796875,4.7704895589362195e-18,227.60895156860352,0.2563813626766205,1,-0.8571428656578064,0.5625,0.12566447257995605,0.03584601357579231,1.0178203582763672,0.8333439230918884,0.49397921562194824,0,0,0.1888192892074585,0.020813431590795517,1.0210314989089966,0.3326791226863861,-0.03805690258741379,-0.03435444086790085,0.1947973668575287,0.020813431590795517,1.0001466274261475,0.03731018304824829,0.020813431357964873,1,7.375,253.34375,0.1958617940279025,0.03125,0,3936.78125,0,30.89628914012161,0.02827391609133272,0.26970324223692205,3837.6875,0.3954280572450656,1418.0625,0.9225018711294979,0.37788883566168197,5516.03125,0.4761386986621551,1726.625,0.9154081074520946,1.023990142653818,0.24128862304146154,3555.15625,0.41014025826384015,1493.625,26.793762624263763,0.59375,0,1.923733179249655,0.4409148361326363,0,25.25729082294388,0.02526278253666015,,,,,,,,,,,,,,,,0,2324,5919,387.9765625,1206.921875,46,46,4096,4096,4096,17.17135712702293,11.770121090987232,,,,,,,,,1,-1,0.2834733547569204,0,0,1,,,,0.00011075088696088642,2,1.0000001192092896,,,,,,1.763495922088623,0.01063849963247776,0.639868974685669,0.004701819736510515,0.9931463599205017,,,,,,,,,,,,,0.009620563010685146,0.0023413770065872086,0.00022077996982261539,0.9685445860377513,0.07093003495128869,0.0034500970505177975,0.07678158394992352,0.014938085205585594,0.0009518490405753255,0,0,0,,,,,1,0.1796875,0,46
2,2303.640716105,1787560134.5743227,0.2109375,8.673617379884035e-18,196.80119705200195,0.16329330205917358,1,-1,0.40625,0.14039811491966248,0.023620614781975746,1.0221366882324219,0.8159879446029663,0.5051321983337402,0,0,0.21186986565589905,0.01437315158545971,1.0144768953323364,0.2180430293083191,-0.028503118082880974,-0.023729754611849785,0.21896770596504211,0.01437315158545971,1.00007164478302,0.17144429683685303,0.014373151818290353,1,7.3125,230.75,0.22028647217954836,0.03125,0,3103.8125,0,34.71754131502416,0.012683683197158093,0.29744257814982444,3409.375,0.4348643711429578,1253.375,0.8320447881706059,0.40689807190346405,4764,0.518231499437656,1508.53125,0.9038486639037728,1.1811326177458483,0.266251094885955,3167.96875,0.4493305258035386,1323.40625,27.8028866648674,0.34375,0,2.1719857860747163,0.46033534160621997,0,18.224788384299405,0.012953145937523582,,,,,,,,,,,,,,,,0,1873,6121,466.27734375,1504.390625,46,46,4096,4096,4096,16.98324421601137,9.26715835602954,,,,,,,,,1,-0.8571428571428571,0.3462628469583092,0,0,1,,,,9.215277532348409e-05,2,1.0000998973846436,,,,,,1.2810436487197876,0.009248347952961922,0.416215181350708,0.004048427101224661,0.9944349527359009,,,,,,,,,,,,,0.013468799996189773,0.0020844674556883547,0.00019655999494716525,0.16407361900201067,0.059344369281461695,0.003189288021530956,0.04931444284738973,0.017414963275996342,0.0006174490554258227,0,0,0,,,,,1,0.2109375,0,54
3,2535.879991719,1787560353.5332556,0.2578125,5.204170427930421e-18,206.18078231811523,0.2385803461074829,1,-0.8571428656578064,0.53125,0.1425742655992508,0.02931501530110836,1.018803596496582,0.8523041009902954,0.541743278503418,0,0,0.16555830836296082,0.01754947379231453,1.0177043676376343,0.2983630299568176,-0.020235974341630936,-0.018514210358262062,0.16901272535324097,0.01754947379231453,1.0000717639923096,0.27774715423583984,0.01754947437439114,1,7.21875,242.40625,0.17015348041435308,0.03125,0,3730.21875,0,51.27428136313903,0.022878986328963728,0.28534599307785036,3869.625,0.41755929326190205,1422.15625,0.790634648874402,0.38931358824605594,5399.53125,0.4948499756233177,1702.40625,0.8148481531534344,0.8326649576459462,0.2573380105387264,3578.5,0.43562280035797707,1501.25,25.74358159303665,0.34375,0,1.8572701286845201,0.49101341944358085,0,58.67541350341761,0.016494593306970222,,,,,,,,,,,,,,,,0,2179,5931,469,1651.796875,58,58,4096,4096,4096,19.54992515401682,10.197702258999925,,,,,,,,,1,-1,0.34441609860689126,0,0,1,,,,4.997335054213181e-05,2,0.9999345541000366,,,,,,1.7233140468597412,0.009302131831645966,0.601266622543335,0.00402344623580575,0.9944208860397339,,,,,,,,,,,,,0.01369659003103152,0.001965066413049499,0.00021564000053331256,0.6920014100032859,0.07255938843059084,0.006179835007060319,0.10357930604368448,0.017524628807450426,0.0010501389624550939,0,0,0,,,,,1,0.2578125,0,66
4,2750.337032036,1787560584.5002003,0.3125,2.2551405187698492e-17,219.06996893882751,0.2426915168762207,1,-1,0.5625,0.1571790874004364,0.026298556476831436,1.0142745971679688,0.8478092551231384,0.5312795639038086,0,0,0.17106762528419495,0.017751939594745636,1.017910361289978,0.2954109311103821,-0.023434177041053772,-0.015709569677710533,0.1740952730178833,0.017751939594745636,0.9997990131378174,0.17847347259521484,0.017751938779838383,1,7.15625,243.21875,0.17551043209287845,0.03125,0,3752,0,22.795061416114635,1.9949729568748835e-06,0.2939947530172583,3950.25,0.43127349536050985,1454.75,0.7886840885039419,0.40041597937835094,5522.40625,0.5083175781179647,1739.21875,0.8720231968909502,0.8156423244717761,0.2655295849077706,3627.84375,0.4481052971145253,1525.03125,24.319670498371124,0.1875,0,1.9030055649853312,0.4728512433359935,0,21.271757166769394,1.992715145125928e-06,,,,,,,,,,,,,,,,0,2508,6309,491.05078125,1655.515625,55,55,4096,4096,4096,20.296042589005083,9.776533406984527,,,,,,,,,1,-1,0.43594841484763225,0,0,1,,,,3.9774400647729635e-05,2,0.9998650550842285,,,,,,2.8993167877197266,0.010407444089651108,0.9321103096008301,0.004350109491497278,0.9961665272712708,,,,,,,,,,,,,0.011385189951397479,0.001956655365802362,0.00021497003035619855,0.9077895290101878,0.07145342372973573,0.0042025960283353925,0.10851529182400554,0.018018401230392556,0.001006288977805525,0,0,0,,,,,1,0.3125,0,80
5,2973.687849917,1787560800.5527382,0.2578125,1.3877787807814457e-17,202.82146406173706,0.35708731412887573,1,-1,0.75,0.20775529742240906,0.026132188737392426,1.0142412185668945,0.863814115524292,0.510200023651123,0,0,0.14989027380943298,0.023644451051950455,1.0239261388778687,0.41084402799606323,-0.06023455411195755,-0.05417006462812424,0.1513022482395172,0.023644451051950455,0.99983811378479,0.05506092309951782,0.02364445140119642,1,7.15625,290.34375,0.1525382569086009,0.03125,0,3928.40625,0,53.8510024104582,4.318705143605819e-09,0.33679141056000217,5003.21875,0.49446878794886245,1843.59375,0.7965311922307592,0.4483149629753094,6791.125,0.573304955297572,2156.34375,0.7661728858947754,0.6141286174473111,0.31053134165678764,4604.65625,0.5185436994735587,1927.96875,23.09684067964554,0.15625,0,1.732140704482523,0.47862170283512606,0,54.81730622025242,4.29770239501546e-09,,,,,,,,,,,,,,,,0,2261,6178,514.265625,1692.99609375,58,58,4096,4096,4096,19.44975038501434,8.78604810097022,,,,,,,,,1,-1,0.39285714285714285,0,0,1,,,,3.038313298020512e-05,2,0.9999089241027832,,,,,,2.140929937362671,0.011403137817978859,0.6327145099639893,0.004697429481893778,0.996762752532959,,,,,,,,,,,,,0.010307451011613011,0.002086215119334156,0.0001858599716797471,0.7257594900438562,0.0637624707969735,0.00866004201816395,0.10059865296352655,0.017325445515325555,0.0010751289664767683,0,0,0,,,,,1,0.2578125,0,66
6,3237.27741036,1787561024.0007231,0.3046875,8.673617379884035e-18,209.09584164619446,0.31278061866760254,1,-1,0.625,0.23170840740203857,0.017619526013731956,1.0197391510009766,0.8799471855163574,0.5665097236633301,0,0,0.13324660062789917,0.018745407462120056,1.018922209739685,0.3399878740310669,-0.0635603666305542,-0.05409357696771622,0.13389259576797485,0.018745407462120056,0.9999524354934692,0.11754554510116577,0.0187454076949507,1,7.09375,312.25,0.13510192228481482,0.03125,0,4114.125,0,22.05189116062682,0.03240417682137662,0.3672713675639233,5702.84375,0.538247960086444,2100.78125,0.6934119190555066,0.47731278353929596,7585.5625,0.6134251163769537,2417.78125,0.794623352761846,0.529832041514299,0.32928171468349504,5122.875,0.5552371243491186,2153.5,20.82969641685486,0.125,0,1.7159534123617086,0.4871317875710441,0,21.691976137573057,0.01464161369164502,,,,,,,,,,,,,,,,0,2236,5900,473.60546875,1575.43359375,66,66,4096,4096,4096,18.34575965703698,10.044860713998787,,,,,,,,,1,-1,0.41496250137936613,0,0,1,,,,4.1239494748879224e-05,2,1.0000346899032593,,,,,,1.8618417978286743,0.01137808058410883,0.7805439233779907,0.004665683023631573,0.9968221187591553,,,,,,,,,,,,,0.013868860027287155,0.0022905043788341573,0.00025116000324487686,0.9399406969896518,0.08881660122415269,0.0031465680222027004,0.08340842992765829,0.017962440422024883,0.0014948190073482692,0,0,0,,,,,1,0.3046875,0,78
7,3518.121383119,1787561286.8415823,0.31640625,6.938893903907228e-18,249.7688615322113,0.3493991494178772,1,-1,0.75,0.23631292581558228,0.018557384610176086,1.0098628997802734,0.8751087784767151,0.5932497978210449,0,0,0.1364573836326599,0.019648151472210884,1.019842505455017,0.39479708671569824,-0.048591114580631256,-0.04450800269842148,0.13742776215076447,0.019648151472210884,0.9999932646751404,0.17324697971343994,0.01964815123938024,1,7.09375,280,0.13848234401860282,0.03125,0,3788.84375,0,111.49349584348002,4.002782059510296e-08,0.3577883556614191,5199.78125,0.5244215550139314,1909.65625,0.7389654950238764,0.4685329395449997,6902.71875,0.5999247148995341,2201.9375,0.8004694867413491,0.5449790290013583,0.323408838264336,4715.65625,0.5422057902545088,1978.90625,21.92254078388214,0.15625,0,1.7894865770783577,0.5087358119155365,0,84.15153920265473,4.0077507428443103e-08,,,,,,,,,,,,,,,,0,3719,7037,545.48046875,1647.33203125,56,56,4096,4096,4096,19.105477793025784,10.258038940024562,,,,,,,,,1,-1,0.36509014821894414,0,0,1,,,,5.012782276025973e-05,2,1.0000958442687988,,,,,,1.6584275960922241,0.01009331364184618,0.3564009666442871,0.0041205002926290035,0.9972357749938965,,,,,,,,,,,,,0.013523391040507704,0.0023518818004504283,0.00021644000662490726,0.8291694970102981,0.07086311760554054,0.00961585302138701,0.10991677001584321,0.01961568422984783,0.0009638590272516012,0,0,0,,,,,1,0.31640625,0,81
8,3762.974263851,1787561567.9138632,0.2734375,1.3877787807814457e-17,267.7208776473999,0.238063782453537,1,-1,0.59375,0.23504552245140076,0.014429371803998947,1.020827293395996,0.9010198712348938,0.6804008483886719,0,0,0.10755440592765808,0.011347775347530842,1.0114123821258545,0.31201496720314026,-0.058625880628824234,-0.05479740723967552,0.10778705775737762,0.011347775347530842,1.0001420974731445,0.190437912940979,0.01134777523111552,1,7.15625,284.375,0.10867661170081208,0.03125,0,4363.84375,0,28.002073258596404,0.05827439935040684,0.36443002490888865,5687.5625,0.5355232385698676,2102.34375,0.6531801380915567,0.47536145299082894,7667.40625,0.6101473972616531,2437.0625,0.7254053819924593,0.3945351163519184,0.3209094762769341,5073.78125,0.5450937853151995,2155.28125,18.927551746368408,0.21875,0,1.7239890734153005,0.5405408000662167,0,25.030959068530198,0.050479987033300734,,,,,,,,,,,,,,,,0,4140,7767,618.5390625,1864.91796875,58,58,4096,4096,4096,20.707528780971188,9.578022312023677,,,,,,,,,1,-1,0.38630906522828456,0,0,1,,,,6.315284281299682e-06,2,0.9999794960021973,,,,,,1.4102954864501953,0.011695699766278267,0.47802531719207764,0.004553360864520073,0.9979207515716553,,,,,,,,,,,,,0.013737269036937505,0.002112174890953611,0.0002467100275680423,0.724357295955997,0.07524315811861015,0.004095117037650198,0.053531411045696586,0.018881458113128247,0.0010080990032292902,0,0,0,,,,,1,0.2734375,0,70
9,4008.9509309,1787561812.0850687,0.296875,1.9081958235744878e-17,231.9514617919922,0.2819593548774719,1,-1,0.59375,0.28976112604141235,0.012881078757345676,1.0175304412841797,0.8901443481445312,0.6448211669921875,0,0,0.1199699342250824,0.013472646474838257,1.0135637521743774,0.29207727313041687,-0.04439051076769829,-0.041710108518600464,0.12047361582517624,0.013472646474838257,0.9999273419380188,0.2440711259841919,0.013472646824084222,1,7.03125,386.46875,0.12157161436767454,0.03125,0,4948.3125,0,29.65889873978029,1.210293491370719e-06,0.41291147651028315,7703.78125,0.6082203768380181,2850.0625,0.5355478059500456,0.5307782311459208,10140.90625,0.6833366820881739,3238,0.6293559018522501,0.4043843768151253,0.3735368881308367,6877.53125,0.6249115542556258,2902.03125,17.86999762058258,0.03125,0,1.6321287643117963,0.5490358504015875,0,26.925194600672093,1.195064346194156e-06,,,,,,,,,,,,,,,,0,2681,6587,621.125,1697.76953125,55,55,4096,4096,4096,21.202378368994687,9.873526056995615,,,,,,,,,1,-1,0.40563631041430526,0,0,1,,,,0,1.9681501388549805,1.0000526905059814,,,,,,1.5602335929870605,0.014079454354941845,0.394706666469574,0.005300169810652733,0.9983614683151245,,,,,,,,,,,,,0.011001980979926884,0.002175371170778817,0.0002762000076472759,0.7074082390172407,0.07042081211375262,0.005470696021802723,0.09886549599468708,0.0171115518253373,0.001218849967699498,0,0,0,,,,,1,0.296875,0,76
10,4291.662187475,1787562059.321562,0.30078125,1.3877787807814457e-17,232.6556911468506,0.3083059787750244,1,-1,0.6875,0.34738269448280334,0.012484065257012844,1.015634536743164,0.9255127906799316,0.7728128433227539,0,0,0.07880045473575592,0.012526124715805054,1.0126049518585205,0.31366097927093506,-0.06513097882270813,-0.05935857817530632,0.07852596044540405,0.012526124715805054,1.0000933408737183,0.21008694171905518,0.012526124250143766,1,7,420.15625,0.07942842873262965,0.03125,0,4969,0,33.88592657185269,0.018310475101569884,0.45315636775944845,8695.3125,0.6685948442050162,3213.78125,0.5883036646991968,0.5674867072532949,11042.34375,0.7380392265885345,3575.3125,0.6202651169151068,0.20422629041456603,0.3994124380895101,7709.875,0.6741530661009305,3253.21875,15.072571039199829,0,0,1.5170709188092404,0.598924112905385,0,34.123165792912516,0.018313209283256925,,,,,,,,,,,,,,,,0,2863,6221,633.8671875,1719.44921875,76,76,4096,4096,4096,19.845138567965478,8.967572886031121,,,,,,,,,1,-1,0.41110230118647634,0,0,1,,,,1.2325137504376471e-05,2,0.9999459981918335,,,,,,2.2331771850585938,0.014306805096566677,0.3426945209503174,0.005349589977413416,0.9984220862388611,,,,,,,,,,,,,0.01014535198919475,0.0020029547654303315,0.00022733997320756316,0.735987437015865,0.058264371124096215,0.00464138702955097,0.054842118988744915,0.017232183662372336,0.001073698978871107,0,0,0,,,,,1,0.30078125,0,77
11,4535.227015724,1787562341.3804362,0.2578125,2.688821387764051e-17,268.19425988197327,0.3248554468154907,1,-1,0.6875,0.34823864698410034,0.012363504618406296,1.0155868530273438,0.9251151084899902,0.7249932289123535,0,0,0.07920512557029724,0.01305528823286295,1.0131407976150513,0.3131139278411865,-0.06189136952161789,-0.054992202669382095,0.07907328754663467,0.01305528823286295,0.9999390840530396,0.10718733072280884,0.013055288116447628,1,7.0625,430.75,0.08009632184324425,0.03125,0,5070.9375,0,14.94478710557836,1.9112835374767552e-05,0.4573265179095225,9078.34375,0.6750518428942585,3357.125,0.49506520200520754,0.573194635399783,11508.3125,0.7454603449077828,3728.59375,0.5821168528636917,0.20959911641250228,0.40302735967621484,8018.4375,0.6817128825773815,3391.6875,14.612595200538635,0.0625,0,1.5421960083580066,0.6013311754958756,0,14.15544788029176,1.9328277420299012e-05,,,,,,,,,,,,,,,,0,3988,7894,690.08203125,1871.5625,63,63,4096,4096,4096,22.256260047957767,10.53716374799842,,,,,,,,,1,-0.7142857142857143,0.384654629081036,0,0,1,,,,5.660558599629439e-06,2,0.9999345541000366,,,,,,1.105398416519165,0.013262014836072922,0.5024261474609375,0.005018219817429781,0.9983391165733337,,,,,,,,,,,,,0.012750719964969903,0.001958987712214366,0.0002017199876718223,0.845684744999744,0.07652168328490916,0.0030426070443354547,0.11268526391359046,0.019387814837500628,0.0007562089595012367,0,0,0,,,,,1,0.2578125,0,66
12,4839.70582535,1787562585.63095,0.28515625,2.6020852139652106e-18,230.65977907180786,0.2803446650505066,1,-0.7142857313156128,0.59375,0.3330136239528656,0.010189947672188282,1.0069255828857422,0.9204909205436707,0.7298550605773926,0,0,0.08439015597105026,0.01180516742169857,1.0118751525878906,0.3583664000034332,-0.03092868998646736,-0.026153281331062317,0.08430079370737076,0.01180516742169857,0.9999052286148071,0.33107900619506836,0.011805167654529214,1,7.03125,458.59375,0.0853392060449833,0.03125,0,5520.65625,0,22.93919889657907,1.3313424734479498e-05,0.44606591654745453,9445.8125,0.6584890423384973,3495.59375,0.5286096083000302,0.5634207899103127,12126.15625,0.7303573253808757,3910.59375,0.6046987362205982,0.21342868610572122,0.3972439649950751,8368.53125,0.6684164453017759,3539,14.265169501304626,0.03125,0,1.6109769487449532,0.5834559460721649,0,20.632000738787696,1.333288138278668e-05,,,,,,,,,,,,,,,,0,2744,6506,634.453125,1802.8828125,99,99,4096,4096,4096,21.667197012982797,9.550053268962074,,,,,,,,,1,-1,0.3702935955951379,0,0,1,,,,6.1568771343445405e-06,2,0.9999285340309143,,,,,,1.0202693939208984,0.01453476957976818,0.41617846488952637,0.005406522657722235,0.9984358549118042,,,,,,,,,,,,,0.012053677986841649,0.00227547155418506,0.0002512190258130431,0.7480190269998275,0.0629758300760841,0.004299655964132398,0.053756204957608134,0.01761172701549185,0.0011243480257689953,0,0,0,,,,,1,0.28515625,0,73
13,5221.580719017,1787562889.964444,0.28125,1.214306433183765e-17,290.5596718788147,0.2785431146621704,1,-1,0.59375,0.3478052616119385,0.007818609476089478,1.008194923400879,0.9245678186416626,0.7458181381225586,0,0,0.079561248421669,0.009822601452469826,1.009871006011963,0.2732359766960144,-0.035277657210826874,-0.033535510301589966,0.07954099029302597,0.009822601452469826,1.0000097751617432,0.36049699783325195,0.009822600637562573,1,7.03125,439.875,0.08050876698983153,0.03125,0,5075.625,0,34.30160630036052,5.244329111826488e-06,0.45717474856605017,9094,0.6754714265622711,3365.4375,0.49109093379229307,0.5743927922891627,11538.15625,0.7464998999654531,3737.6875,0.5543591845780611,0.20654598924814432,0.4064793680420141,8058.59375,0.6830333482399003,3398.09375,14.476616263389587,0.03125,0,1.550227036444931,0.6060921506539901,0,34.82533024294688,5.232124659071632e-06,,,,,,,,,,,,,,,,0.00390625,4942,8192,641.66015625,1611.625,78,78,4096,4096,4096,18.70680814998923,10.33550888299942,,,,,,,,,1,-1,0.3813242232868325,0,0,1,,,,2.4350896637770347e-05,2,0.9997384548187256,,,,,,1.1410377025604248,0.01525888778269291,0.4162142276763916,0.0056883664801716805,0.9984282851219177,,,,,,,,,,,,,0.01062037202063948,0.0021365862814946013,0.00023257004795596004,0.24362196499714628,0.0700079629150423,0.0048496859963051975,0.06150055205216631,0.01935053852753299,0.0010248989565297961,0,0,0,,,,,1,0.28125,0,72
14,5506.112493399,1787563271.5974584,0.25390625,3.469446951953614e-18,368.49275398254395,0.2588157057762146,1,-1,0.59375,0.37611085176467896,0.010435654781758785,1.0106124877929688,0.9262750148773193,0.7517671585083008,0,0,0.07792503386735916,0.010233484208583832,1.0102859735488892,0.2979363799095154,-0.009035613387823105,-0.00959090981632471,0.07762891054153442,0.010233484208583832,0.9997000694274902,0.38002943992614746,0.010233483742922544,1,7.09375,450.84375,0.07899102352783727,0.03125,0,5133.28125,0,22.907271161571277,0.021891989700481524,0.4820437490744811,9473.0625,0.7091870354140652,3495.21875,0.4409835562109947,0.592900953953051,11879.09375,0.7756019676153689,3860.34375,0.515159860253334,0.19463651249192884,0.4258920583074383,8366.25,0.7144728873699959,3515.9375,12.602057337760925,0.125,0,1.6216449424946089,0.6123324470711118,0,22.01077978493293,0.02520509751453502,,,,,,,,,,,,,,,,0.00390625,8192,8192,674.1015625,1838.09765625,56,56,4096,4096,4096,20.665337254991755,10.004860795976128,,,,,,,,,1,-0.8571428571428571,0.38713363194069284,0,0,1,,,,2.3178999981610104e-05,2,1.0001237392425537,,,,,,1.0714309215545654,0.014531495980918407,0.48973727226257324,0.005452397279441357,0.9984506368637085,,,,,,,,,,,,,0.01814622600795701,0.0022599557673856907,0.0002204800257459283,0.68272739299573,0.05576099069025986,0.004976227006409317,0.11077297700103372,0.01897276248223534,0,0,0,0,,,,,1,0.25390625,0,65
15,5818.961646291,1787563557.6497912,0.2265625,6.938893903907228e-18,271.4397177696228,0.29017752408981323,1,-0.8571428656578064,0.6875,0.38090988993644714,0.008341902866959572,1.0148553848266602,0.9310160875320435,0.7436957359313965,0,0,0.0728638768196106,0.008694890886545181,1.008732795715332,0.4001208543777466,-0.05141854286193848,-0.04938802123069763,0.07252760231494904,0.008694890886545181,1.000105381011963,0.3425178527832031,0.008694890071637928,1,7.125,453.09375,0.0734241717984337,0.03125,0,5392.8125,0,40.675396775862836,6.486245748101848e-05,0.47152497652921455,9705.59375,0.6962751081050083,3597.375,0.4980974211357534,0.5891008841362033,12457.625,0.7683747060728277,4029.9375,0.6064160196110606,0.17268080292280225,0.4187325095044612,8518.34375,0.703081956869099,3593.21875,12.884950906038284,0.125,0,1.6287261106917599,0.6216408191006494,0,40.15137688482042,6.03295166535428e-05,,,,,,,,,,,,,,,,0,3686,6657,726.32421875,2140.68359375,77,77,4096,4096,4096,24.00838118995307,9.92149946000427,,,,,,,,,1,-1,0.38630906522828456,0,0,1,,,,1.0756215488072485e-05,2,1.0000178813934326,,,,,,1.7589709758758545,0.014549394138157368,0.4162018299102783,0.005377356894314289,0.9985449910163879,,,,,,,,,,,,,0.013069409993477166,0.0021554886072863155,0.00020116002997383475,0.7133703189902008,0.07817221601908386,0.009097233007196337,0.13288225809810683,0.02081563545766585,0.0011432490427978337,0,0,0,,,,,1,0.2265625,0,58
16,6087.022600155,1787563870.601351,0.234375,5.204170427930421e-18,297.909392118454,0.30571532249450684,1,-1,0.65625,0.38265323638916016,0.00718731852248311,1.0127696990966797,0.9371030330657959,0.7816653251647949,0,0,0.06594949215650558,0.0077316430397331715,1.0077615976333618,0.34963667392730713,-0.07527055591344833,-0.07187284529209137,0.06575353443622589,0.0077316430397331715,0.9999563694000244,0.17222201824188232,0.0077316430397331715,1,7.0625,475.875,0.06679816030781606,0.03125,0,5810.59375,0,27.873588049768344,0.0030182825222047536,0.47162304650858367,10537.3125,0.6965874000944047,3900.96875,0.5275959919672459,0.5872476337224091,13357.59375,0.765000655557835,4325.0625,0.5881864167749882,0.14911326369494138,0.41243205945957806,9182.875,0.6951753145497437,3888.4375,12.977520257234573,0.0625,0,1.5507543756492954,0.592485100622911,0,26.045725604610258,0.0030249264813064264,,,,,,,,,,,,,,,,0,5581,8014,535.4609375,1354.14453125,58,58,4096,4096,4096,18.717989348981064,11.335722645977512,,,,,,,,,1,-1,0.3253726278265821,0,0,1,,,,7.2951165748236235e-06,2,1.0000566244125366,,,,,,1.410294532775879,0.017881058156490326,0.4447476863861084,0.006580469198524952,0.998419463634491,,,,,,,,,,,,,0.015039048041217029,0.0023832836309338745,0.0002688390086404979,1.052583105978556,0.08445988409857819,0.006824495038017631,0.05592438398161903,0.015875395711873352,0.0006630899733863771,0,0,0,,,,,1,0.234375,0,60
17,6366.451425795,1787564136.870041,0.40625,2.7755575615628914e-17,252.40868043899536,0.20638741552829742,1,-1,0.46875,0.44125980138778687,0.007582124322652817,1.0151128768920898,0.9375167489051819,0.7526793479919434,0,0,0.06599868834018707,0.0062605468556284904,1.0062801837921143,0.19925136864185333,-0.05678584426641464,-0.052859216928482056,0.06543594598770142,0.0062605468556284904,1.0000250339508057,0.24407148361206055,0.006260546739213169,1,7.03125,399.71875,0.0666390034229807,0.03125,0,4283.6875,0,17.133060825825396,0.042850066749045575,0.5095856340460401,8342.28125,0.7471726970300299,3066.71875,0.4483074592426419,0.6122532398508016,10200.28125,0.8073389171759319,3344.59375,0.5039192726835608,0.15295806808876194,0.44938000172613246,7406.6875,0.7506305254323369,3090.21875,11.164703905582428,0.03125,0,1.5516503235502386,0.6382658193682621,0,15.05518740162232,0.04444148375735798,,,,,,,,,,,,,,,,0,3017,7268,666.125,1848.08984375,81,81,4096,4096,4096,22.102751935017295,11.538896490994375,,,,,,,,,1,-1,0.4330127018922193,0,0,1,,,,0,1.9096975326538086,1.0000580549240112,,,,,,0.9442737102508545,0.01753254421055317,0.3563992977142334,0.006484460085630417,0.9984599351882935,,,,,,,,,,,,,0.015002008993178606,0.0022722285877989634,0.00028600002406165004,1.0954184139845893,0.07611865481362656,0.005918215028941631,0.12532514607300982,0.021481548847077647,0.0011963690049014986,0,0,0,,,,,1,0.40625,0,104
18,6643.356369029,1787564416.9006217,0.2734375,8.673617379884035e-18,266.86109924316406,0.3664631247520447,1,-1,0.75,0.42683079838752747,0.009483388625085354,1.0173463821411133,0.9390338659286499,0.8035497665405273,0,0,0.06383802741765976,0.010983823798596859,1.0110442638397217,0.33484750986099243,-0.0714067816734314,-0.06706532835960388,0.06361739337444305,0.010983823798596859,1.000024676322937,0.3889620304107666,0.010983824031427503,1,7,530.15625,0.06475847656070921,0.03125,0,5329,0,41.42694918205954,0.022228139979113274,0.5153004630155824,10639.8125,0.7569144373965513,3919.21875,0.4257430098950863,0.6203857548206773,13025.5625,0.8176557490941188,4270.96875,0.517784140072763,0.1390351212853784,0.4644498750616882,9642.53125,0.7699833818401194,4003.75,10.913075566291809,0,0,1.5236712355614475,0.6354399234523562,0,38.248674744175595,0.01878829349044064,,,,,,,,,,,,,,,,0,3601,8151,699.09765625,1915.1796875,75,75,4096,4096,4096,21.675263680983335,9.793000693025533,,,,,,,,,1,-0.8571428571428571,0.35714285714285715,0,0,1,,,,5.587559826381039e-06,2,0.9999561905860901,,,,,,0.82796311378479,0.020283659920096397,0.39502382278442383,0.007390982937067747,0.9984723925590515,,,,,,,,,,,,,0.013292338990140706,0.002092798777084681,0.00017348001711070538,0.8522145689930767,0.07552273440683166,0.006434154987800866,0.055284738016780466,0.018645566699660776,0.0007032589637674391,0,0,0,,,,,1,0.2734375,0,70
19,6937.479720041,1787564693.5268881,0.2578125,1.734723475976807e-17,262.8359308242798,0.253224641084671,1,-0.8571428656578064,0.53125,0.48732849955558777,0.0055052912794053555,1.011754035949707,0.9439898729324341,0.7553024291992188,0,0,0.05861705541610718,0.005669664591550827,1.005685806274414,0.2916492521762848,-0.04656325280666351,-0.04416661337018013,0.058331865817308426,0.005669664591550827,1.0000280141830444,0.439547061920166,0.005669664475135505,1,7.03125,585.46875,0.05959521653621201,0.03125,0,5592.78125,0,21.830751496772365,0.0001686655891206125,0.5402951802692473,11871.15625,0.7944905081444025,4373.625,0.45746634155511856,0.6402291417784917,14211.34375,0.851320718023584,4710.59375,0.5152956321835518,0.12459270488518587,0.48726528125235763,10746.28125,0.8035564594132114,4436.46875,10.572919607162476,0.03125,0,1.524515806091653,0.6142050089765783,0,22.60151343188852,0.00018133088579869573,,,,,,,,,,,,,,,,0,3679,6354,710.125,1752.01953125,99,99,4096,4096,4096,20.626296191010624,9.78005783102708,,,,,,,,,1,-1,0.36770107646382144,0,0,1,,,,5.500791758095147e-06,2,1.0000323057174683,,,,,,0.7888987064361572,0.020732128992676735,0.3656487464904785,0.007501706015318632,0.9985195994377136,,,,,,,,,,,,,0.013297419005539268,0.002327382194607708,0.0002535399980843067,0.8107830079970881,0.07418160482575331,0.005526165943592787,0.05740648787468672,0.019168438647284347,0.0008134390227496624,0,0,0,,,,,1,0.2578125,0,66
20,7204.354912121,1787564988.2764156,0.296875,2.7755575615628914e-17,279.54457926750183,0.26583483815193176,1,-1,0.59375,0.4999302625656128,0.005813767202198505,1.005711555480957,0.9453446865081787,0.8217382431030273,0,0,0.05680365115404129,0.006451199762523174,1.0064719915390015,0.32931870222091675,-0.032872915267944336,-0.0317159965634346,0.05677075684070587,0.006451199762523174,1.0000402927398682,0.5295896530151367,0.006451199995353818,1,7.03125,574.78125,0.058013994375664124,0.03125,0,5681,0,35.03529393279471,0.0001680165677414752,0.5471195175799236,12244.6875,0.8047327263846551,4510,0.44351527746766806,0.6490432889365733,14644.3125,0.8635443050147302,4861.4375,0.48525990173220634,0.1266181259385287,0.49556072112334676,11090.6875,0.8157422026438297,4582.1875,11.29429766535759,0.03125,0,1.5147951321305981,0.6519276230454335,0,35.75990567609596,0.00016531279475273257,,,,,,,,,,,,,,,,0.00390625,3967,8192,847.39453125,2141.9140625,59,59,4096,4096,4096,24.771150671003852,10.160450094030239,,,,,,,,,1,-1,0.41954786158824037,0,0,1,,,,0,1.8916845321655273,1.0000139474868774,,,,,,0.8848075866699219,0.020593509078025818,0.25858545303344727,0.007437426131218672,0.9985625743865967,,,,,,,,,,,,,0.01381261000642553,0.0020610437254617864,0.00026597996475175023,0.22855796199291945,0.05269636889966023,0.003609048028010875,0.05316164984833449,0.019077785155559468,0.000796149019151926,0,0,0,,,,,1,0.296875,0,76
21,7508.988805302,1787565256.028516,0.3515625,1.0408340855860843e-17,251.81977081298828,0.3404924273490906,1,-1,0.78125,0.4987611174583435,0.006802053656429052,1.0109100341796875,0.9497991800308228,0.8373641967773438,0,0,0.052020151168107986,0.007081867661327124,1.0071070194244385,0.45916512608528137,-0.058042172342538834,-0.055897604674100876,0.05193895101547241,0.007081867661327124,0.9999655485153198,0.4127933979034424,0.0070818677777424455,1,7,672,0.053219673777085974,0.03125,0,6779.15625,0,34.50071147713362,0.00017205016207493524,0.5464153388742726,14717.5,0.8065763756577734,5436.84375,0.43134064227342606,0.6532712729017491,17684.75,0.8688223339752197,5870.96875,0.4768800586462021,0.10987134251897973,0.49377351145602494,13245.8125,0.8166214471449288,5496.09375,10.302468121051788,0,0,1.517472596832332,0.6388812391205753,0,32.09427949113778,0.00016976880320728973,,,,,,,,,,,,,,,,0,3219,6972,808.890625,1924.49609375,87,87,4096,4096,4096,22.364461666031275,10.889674636011478,,,,,,,,,1,-1,0.411877235523957,0,0,1,,,,9.658289854996838e-06,2,0.9999942183494568,,,,,,0.9869046211242676,0.02196897566318512,0.32143115997314453,0.007882144302129745,0.9985212683677673,,,,,,,,,,,,,0.0123190309968777,0.002164945451568201,0.0002465299912728369,1.08225948701147,0.09051950370576378,0.007568662986159325,0.050507892097812146,0.018263314514570084,0.001231828995514661,0,0,0,,,,,1,0.3515625,0,90
22,7902.481875174,1787565559.3015347,0.21875,1.734723475976807e-17,289.47830843925476,0.3262288570404053,1,-1,0.75,0.5153741836547852,0.007446018047630787,1.002420425415039,0.9473402500152588,0.8472456932067871,0,0,0.054558441042900085,0.00837225653231144,1.0084073543548584,0.37767767906188965,-0.05883784592151642,-0.055612143129110336,0.054506123065948486,0.00837225653231144,1.0000696182250977,0.3727281093597412,0.008372256881557405,1,7.0625,664.75,0.05578974755030684,0.03125,0,6471.125,0,23.026877031275035,0.022947902760157873,0.5602369052034428,14324,0.8261639255466751,5290,0.4113305788487196,0.6623215606838475,17053.28125,0.884071828024812,5682.03125,0.4579334147274494,0.11594438228058965,0.5063803258356907,12974.96875,0.8345347252988635,5356.96875,9.450329571962357,0.0625,0,1.5160714151735202,0.6367532374483894,0,23.575617383376063,0.02538797901931915,,,,,,,,,,,,,,,,0.0078125,4126,8192,902.21875,2189.96875,78,78,4096,4096,4096,23.93992521899054,11.553352798975538,,,,,,,,,1,-0.8571428571428571,0.3462628469583092,0,0,1,,,,4.329604507802287e-06,2,1.0001312494277954,,,,,,1.0989115238189697,0.020889900624752045,0.3066776990890503,0.007547491695731878,0.9985403418540955,,,,,,,,,,,,,0.08483679394703358,0.002539052382189766,0.00022355001419782639,1.0207826049881987,0.06400515635073134,0.006240494956728071,0.11930285696871579,0.019241591986883577,0.0009018490090966225,0,0,0,,,,,1,0.21875,0,56
23,8288.378132218,1787565953.519991,0.25,3.469446951953614e-18,379.75158524513245,0.2336409091949463,1,-0.8571428656578064,0.5,0.508761465549469,0.005302671808749437,1.0112285614013672,0.9538686871528625,0.8608074188232422,0,0,0.04767522215843201,0.00489861611276865,1.0049105882644653,0.2478143572807312,-0.06311175227165222,-0.06019582599401474,0.047529853880405426,0.00489861611276865,1.0001695156097412,0.3866429328918457,0.00489861611276865,1,7.03125,659.03125,0.048661077203977235,0.03125,0,7217.75,0,20.94857274891371,0.0005126290433926336,0.55458495263224,15747.125,0.8203662180178958,5834.53125,0.4400982270017266,0.6642893823038657,19065.3125,0.8841379081743881,6325.625,0.5094799809157848,0.09934713315959176,0.49375858070223,13974.75,0.8237465003436261,5862.75,9.531110525131226,0.03125,0,1.5019295082791582,0.6171377427049052,0,20.45959772467244,0.0005146106103992987,,,,,,,,,,,,,,,,0.00390625,8192,8192,984.5546875,2133.33203125,109,109,4096,4096,4096,24.216107769985683,10.170254292024765,,,,,,,,,1,-1,0.3462628469583092,0,0,1,,,,7.93505932961125e-06,2,1.0000016689300537,,,,,,0.9406273365020752,0.021135756745934486,0.33321571350097656,0.007541839964687824,0.9985928535461426,,,,,,,,,,,,,0.01371581997955218,0.00207071983163587,0.00021506997290998697,0.8836206889827736,0.05718928117312316,0.008564314048271626,0.10446639877045527,0.016966504284482653,0,0,0,0,,,,,1,0.25,0,64
24,8596.38789159,1787566338.8887024,0.37890625,1.5612511283791264e-17,371.57794976234436,0.23825675249099731,1,-1,0.5625,0.5221895575523376,0.004761081654578447,1.0078277587890625,0.9536452293395996,0.8692936897277832,0,0,0.047893866896629333,0.0053306701593101025,1.0053448677062988,0.29050469398498535,-0.08171652257442474,-0.07797529548406601,0.04778484255075455,0.0053306701593101025,1.0000402927398682,0.4012928009033203,0.005330670275725424,1,7.0625,707.09375,0.04902431303265545,0.03125,0,7876.4375,0,19.186846940171023,0.00029664391888545023,0.5533919845835,17270.3125,0.8191448546913227,6410.5,0.40652541629970074,0.6674612949226366,21091.78125,0.8855925750217303,6969.34375,0.5124030588194728,0.10415423684475045,0.4876446038906428,15079.34375,0.8138783846512664,6320,9.855941772460938,0.0625,0,1.5719866785467382,0.6357627013608843,0,18.071805827469674,0.00029378737143822084,,,,,,,,,,,,,,,,0.00390625,7955,8192,958.06640625,1935.43359375,121,121,4096,4096,4096,22.382100912975147,10.944335984007921,,,,,,,,,1,-1,0.4218218503934899,0,0,1,,,,0,1.6930837631225586,0.9999291300773621,,,,,,0.5349116325378418,0.02102050743997097,0.17624926567077637,0.007607210893183947,0.9985575079917908,,,,,,,,,,,,,0.011517360981088132,0.00214821819122335,0.0002509199548512697,0.9524658260052092,0.06095137691090713,0.005833945993799716,0.12295762688154355,0.018851447416864175,0.0007605990394949913,0,0,0,,,,,1,0.37890625,0,97
25,8892.753020607,1787566647.4591627,0.3671875,1.3877787807814457e-17,294.04888343811035,0.3319031000137329,1,-1,0.71875,0.5052390694618225,0.007973287254571915,1.0128192901611328,0.946717381477356,0.8729214668273926,0,0,0.05518203228712082,0.008837341330945492,1.0088765621185303,0.33671462535858154,-0.026599708944559097,-0.02446092665195465,0.05504640191793442,0.008837341330945492,0.9999153017997742,0.5857195854187012,0.008837340981699526,1,7,703.875,0.05639322600337866,0.03125,0,7664.53125,0,296.22370309311276,0.0001564941637905004,0.5485221196453776,16521.125,0.8123973252234901,6124.34375,0.42362942546606064,0.6608055406177766,20138,0.8788810515817518,6669.9375,0.4560139272361994,0.12394278834254867,0.49325870533084454,14778.40625,0.8194318236160265,6160.96875,10.049956440925598,0,0,1.5027133469429765,0.6549212783247074,0,296.34329972449655,0.0001561862232356646,,,,,,,,,,,,,,,,0,5010,7166,907.66015625,1716.6875,133,133,4096,4096,4096,20.208705455996096,10.507792016025633,,,,,,,,,1,-1,0.37286808960394824,0,0,1,,,,0,1.6574249267578125,1.000110149383545,,,,,,0.7094025611877441,0.022054549306631088,0.2448575496673584,0.007967798039317131,0.9985294938087463,,,,,,,,,,,,,0.014703028951771557,0.0019705827808138565,0.00020765000954270363,0.841686510015279,0.08052416882674152,0.0065760050201788545,0.14899765839800239,0.015686477566305257,0.0010670690098777413,0,0,0,,,,,1,0.3671875,0,94
26,9188.165180132,1787566942.4162302,0.34375,1.0408340855860843e-17,281.12124609947205,0.2689445912837982,1,-1,0.625,0.5226466059684753,0.006655032746493816,1.0095643997192383,0.9525777697563171,0.8692889213562012,0,0,0.04911000281572342,0.006562668830156326,1.0065841674804688,0.28419795632362366,-0.034904561936855316,-0.032596997916698456,0.04890894144773483,0.006562668830156326,1.0001215934753418,0.49193835258483887,0.006562668480910361,1,7,671.875,0.05011481580442489,0.03125,0,7261.28125,0,15.340045953492066,0.0004773332930799975,0.5589312149798594,15992.53125,0.828638214135842,5935.34375,0.39064861461520195,0.6675493018993646,19246.375,0.8908931904145964,6411.21875,0.4704290423542261,0.10280056304246982,0.5002386149309254,14352.15625,0.8323023369042366,5982.6875,9.118927597999573,0,0,1.4838102383465126,0.6480318498316365,0,15.310398286501789,0.0004873993069839345,,,,,,,,,,,,,,,,0.00390625,4079,8192,937.5078125,1894.56640625,114,114,4096,4096,4096,21.604959396994673,10.758819995913655,,,,,,,,,1,-1,0.41954786158824037,0,0,1,,,,4.166632152191596e-06,2,0.9998061656951904,,,,,,0.9323209524154663,0.022370848804712296,0.20034170150756836,0.008083404041826725,0.9985172152519226,,,,,,,,,,,,,0.015060178935527802,0.002248736778710736,0.0002317300532013178,1.053073888993822,0.09983851670858712,0.004348327056504786,0.11977525206748396,0.016560745463721105,0.0008254490094259381,0,0,0,,,,,1,0.34375,0,88
27,9524.994515612,1787567238.0468464,0.4140625,2.0816681711721685e-17,282.49850630760193,0.32966065406799316,1,-1,0.75,0.5352728962898254,0.0070793949998915195,1.0119924545288086,0.9548311233520508,0.8816919326782227,0,0,0.046766046434640884,0.00704411743208766,1.0070689916610718,0.32635217905044556,-0.09160733222961426,-0.08742660284042358,0.04649150371551514,0.00704411743208766,0.9998407363891602,0.39363884925842285,0.007044117315672338,1,7.03125,679.21875,0.047975953314899074,0.03125,0,7500.0625,0,26.651316228252714,0.00032038766117367375,0.5611260872416435,16746.6875,0.8300861416700163,6201.40625,0.37219148501753807,0.6692562609535935,20042.0625,0.8936188929796954,6685.53125,0.47744086012244225,0.10365166596842272,0.4975978345765602,14880.46875,0.8315296228883993,6221.40625,9.782344937324524,0.03125,0,1.5166163393581167,0.659962089265058,0,27.507316682955974,0.00031719765952186666,,,,,,,,,,,,,,,,0,4325,7966,1044.05078125,2043.60546875,129,129,4096,4096,4096,23.36499524093233,9.758516008034348,,,,,,,,,1,-1,0.38630906522828456,0,0,1,,,,0,1.7766895294189453,1.000006914138794,,,,,,0.9642466306686401,0.021552054211497307,0.18909120559692383,0.007886303588747978,0.9984995126724243,,,,,,,,,,,,,0.01191160106100142,0.0020353067411633674,0.0002494200598448515,0.8083441499620676,0.07773848588567489,0.0030612570699304342,0.05406486731953919,0.01620604299569095,0.0012659989297389984,0,0,0,,,,,1,0.4140625,0,106
28,9844.49323131,1787567574.610181,0.25,2.7755575615628914e-17,323.7531530857086,0.2998353838920593,1,-1,0.6875,0.5099374055862427,0.006978156976401806,1.0125541687011719,0.9552980661392212,0.8768048286437988,0,0,0.046173419803380966,0.00583591777831316,1.0058530569076538,0.3221372961997986,-0.07952918857336044,-0.07643228769302368,0.045990701764822006,0.00583591777831316,1.000008463859558,0.3812696933746338,0.005835917661897838,1,7,735.65625,0.04727952994776671,0.03125,0,8352.40625,0,19.835084895750896,0.0007834037994766002,0.5554657576504636,18324.03125,0.8235571341278654,6802,0.42038029292598367,0.6672448513184626,22152.90625,0.8898301598740048,7378.90625,0.4953839862719178,0.09421097383730033,0.49274049160606387,16271.625,0.8251149674784228,6832.84375,9.145622283220291,0,0,1.5100231770184949,0.638173076271678,0,19.450339572358587,0.0007717403003140166,,,,,,,,,,,,,,,,0.01953125,4907,8192,1185.4296875,2334.41015625,125,125,4096,4096,4096,25.47461439995095,9.774866146035492,,,,,,,,,1,-0.7142857142857143,0.44607128559988557,0,0,1,,,,3.2952186757029267e-06,2,0.999963641166687,,,,,,0.7046531438827515,0.021068871021270752,0.26805686950683594,0.0076837725937366486,0.9985271692276001,,,,,,,,,,,,,0.012323211063630879,0.0020493746878855745,0.0002620699815452099,0.126642124960199,0.055993301304624765,0.005710275028832257,0.05185773118864745,0.01962378526741304,0.0008679400198161602,0,0,0,,,,,1,0.25,0,64
29,10166.176262769,1787567895.0634773,0.30859375,2.42861286636753e-17,304.90757870674133,0.37691378593444824,1,-0.7142857313156128,0.84375,0.5099963545799255,0.009635216556489468,1.0095500946044922,0.9540789127349854,0.8662171363830566,0,0,0.047378819435834885,0.008423026651144028,1.0084586143493652,0.5133746266365051,-0.071107879281044,-0.06809944659471512,0.04722878336906433,0.008423026651144028,0.9999585151672363,0.5523324012756348,0.008423027116805315,1,7.03125,819.0625,0.048521764708371246,0.03125,0,9483.4375,0,27.117033856762834,0.0003770943089880763,0.547977405496175,20663.875,0.8133685010634062,7674.75,0.4079166450537741,0.6604701603054773,24989.65625,0.8803604665425635,8322.78125,0.4886925630271435,0.09590721512627684,0.48502229191966484,18269.40625,0.8158779720105023,7701.15625,9.48260772228241,0.03125,0,1.5591265870591475,0.6575438822653067,0,29.05767398189145,0.0003821766035267751,,,,,,,,,,,,,,,,0.0078125,4496,8192,1163.41015625,2249.046875,136,136,4096,4096,4096,25.095881678978913,9.547625522944145,,,,,,,,,1,-1,0.38548273473076616,0,0,1,,,,0,1.9332208633422852,0.9999985694885254,,,,,,0.8668639659881592,0.02224520407617092,0.3330070972442627,0.008043617941439152,0.9985172748565674,,,,,,,,,,,,,0.016029188060201705,0.0022842533217044547,0.00026271003298461437,0.8385828339960426,0.07589838533795046,0.006423974991776049,0.05533993791323155,0.01946998629546215,0.001060088980011642,0,0,0,,,,,1,0.30859375,0,79
30,10472.350833915,1787568215.953014,0.31640625,1.3877787807814457e-17,306.8686263561249,0.28640860319137573,1,-1,0.6875,0.5219738483428955,0.007222600746899843,1.0056877136230469,0.9565457105636597,0.9022049903869629,0,0,0.0445924773812294,0.0059383325278759,1.0059560537338257,0.31475675106048584,-0.0618111826479435,-0.059043966233730316,0.04457307606935501,0.0059383325278759,1.0000277757644653,0.42026686668395996,0.005938332178629935,1,7,831.34375,0.04587534875209513,0.03125,0,9307.28125,0,54.34056252697113,0.0004595677564929098,0.5606903479274259,20714,0.8306365988053986,7679.1875,0.3793843388557434,0.6681764878401812,24796.21875,0.8936338280170949,8282.28125,0.4819984110072255,0.08874253537900083,0.49827720102771367,18362.1875,0.8329595246015669,7700.84375,9.176091223955154,0,0,1.5305655635296511,0.6461665521342446,0,52.99522552028539,0.00046679602476808315,,,,,,,,,,,,,,,,0.015625,4576,8192,1198.96875,2364.72265625,137,137,4096,4096,4096,25.00687466491945,10.483962672995403,,,,,,,,,1,-1,0.39528470752104744,0,0,1,,,,3.25800806422194e-06,2,1.0001081228256226,,,,,,0.9442748427391052,0.020872395485639572,0.3332047462463379,0.00765644758939743,0.9985263347625732,,,,,,,,,,,,,0.012094310950487852,0.001783029929811164,0.00020167999900877476,0.13900136400479823,0.05297136633680566,0.004356437013484538,0.1357499329606071,0.018195629029378324,0.0010076689068228006,0,0,0,,,,,1,0.31640625,0,81
31,10799.287696216,1787568522.6187289,0.31640625,2.0816681711721685e-17,293.28889083862305,0.3067827522754669,1,-1,0.6875,0.49973365664482117,0.006194698624312878,1.0075531005859375,0.9595152139663696,0.8892998695373535,0,0,0.04159512743353844,0.005508987233042717,1.0055241584777832,0.37324583530426025,-0.06593051552772522,-0.06385721266269684,0.04148055613040924,0.005508987233042717,1.000058889389038,0.3889615535736084,0.005508987000212073,1,7.03125,793.8125,0.04267527088500421,0.03125,0,9591.75,0,224.014108044699,0.0007641861004604466,0.5523150938591675,20946.9375,0.8201841464215252,7791.875,0.39693357422947884,0.6654243516927834,25417.25,0.8871515039526673,8461.3125,0.482808630913496,0.07771588184235485,0.48803878404143475,18469.71875,0.8227203900158022,7820.71875,8.587377071380615,0.03125,0,1.5896350721101462,0.6387196377397416,0,238.4606873623922,0.0007620416126594552,,,,,,,,,,,,,,,,0.00390625,3967,8192,1256.359375,2447.1328125,120,120,4096,4096,4096,26.043370438972488,9.55541788705159,,,,,,,,,1,-1,0.415730240243672,0,0,1,,,,3.1091822165763006e-06,2,1.0000734329223633,,,,,,1.743552327156067,0.0221448615193367,0.2991678714752197,0.008122297935187817,0.998472273349762,,,,,,,,,,,,,0.0122556610731408,0.0021715906673307472,0.00021266995463520288,0.19764233101159334,0.06501356285025395,0.004048526985570788,0.14043728192336857,0.019180622900876187,0.0008116889512166381,0,0,0,,,,,1,0.31640625,0,81
32,11152.290064852,1787568850.404312,0.32421875,3.469446951953614e-18,313.0607419013977,0.3466768264770508,1,-1,0.71875,0.5142112970352173,0.007507774047553539,1.0083322525024414,0.9614800810813904,0.8963809013366699,0,0,0.03949553892016411,0.00612848112359643,1.0061472654342651,0.3428993821144104,-0.09509875625371933,-0.09091661870479584,0.03941049426794052,0.00612848112359643,1.0000578165054321,0.1748981475830078,0.006128480774350464,1,7.03125,876.875,0.04066158440150722,0.03125,0,10050.875,0,22.597678715718587,0.0005538302043814236,0.5596284636841462,22355.75,0.8307122478974406,8307.03125,0.42748347017914057,0.6704901994048008,26881.125,0.8968697990091798,8985.28125,0.479470273014158,0.06955429749104367,0.49619161727536104,19854.4375,0.8338352056754051,8351.65625,8.786205619573593,0.03125,0,1.5176583217582638,0.633509118872077,0,22.437718177494077,0.0005618518940448615,,,,,,,,,,,,,,,,0.00390625,4739,8192,1183.8984375,2194.58203125,126,126,4096,4096,4096,22.961325863027014,10.15665296104271,,,,,,,,,1,-1,0.4172614801981401,0,0,1,,,,3.29948079524911e-06,2,1.0000128746032715,,,,,,1.6896030902862549,0.02216586284339428,0.32180845737457275,0.00808640755712986,0.9984806776046753,,,,,,,,,,,,,0.00976656295824796,0.0019653645822472754,0.0002844400005415082,0.9924027670640498,0.08399016251905778,0.007278795004822314,0.1194798219949007,0.01797593924584362,0.0012489990331232548,0,0,0,,,,,1,0.32421875,0,83
33,11447.355765546,1787569203.577694,0.34375,1.3877787807814457e-17,338.4504897594452,0.3366076648235321,1,-1,0.75,0.5219577550888062,0.006973310373723507,1.0090417861938477,0.9640159606933594,0.8945450782775879,0,0,0.03690904378890991,0.00557525921612978,1.0055909156799316,0.37699979543685913,-0.07285036891698837,-0.0702725350856781,0.036768559366464615,0.00557525921612978,1.00001060962677,0.4089806079864502,0.005575259332545102,1,7.03125,811.625,0.03808732009648371,0.03125,0,9471.1875,0,32.29759333345508,0.0006445798262263206,0.5576446214346963,20914.34375,0.8276757426203334,7773.25,0.4053035918623209,0.6680413163088055,25182.375,0.8933477511543209,8410.25,0.4986192546784878,0.06388700520634447,0.49328192132173765,18510.75,0.828646136887529,7794.90625,8.889157235622406,0.03125,0,1.6491472558876055,0.6399656241756776,0,32.5086019711613,0.0006634049848197171,,,,,,,,,,,,,,,,0.01171875,4992,8192,1369.265625,2723.2734375,113,113,4096,4096,4096,28.192173248971812,11.114374431082979,,,,,,,,,1,-1,0.430056949242582,0,0,1,,,,0,1.7682294845581055,0.9999088048934937,,,,,,0.5926114320755005,0.02160172536969185,0.18505430221557617,0.007960598915815353,0.9984816312789917,,,,,,,,,,,,,0.010513051995076239,0.0022015713161636086,0.00025150005239993334,0.15155255608260632,0.059190699364989996,0.0071680640103295445,0.057151358807459474,0.02088674594187978,0.0008271889528259635,0,0,0,,,,,1,0.34375,0,88
34,11774.630021831,1787569499.821093,0.44921875,2.7755575615628914e-17,280.5500702857971,0.34820953011512756,1,-1,0.71875,0.5083791613578796,0.006568185519427061,1.0075712203979492,0.9654738903045654,0.9097733497619629,0,0,0.03533366695046425,0.005796161480247974,1.0058130025863647,0.3404015600681305,-0.06735292077064514,-0.06581854820251465,0.035244401544332504,0.005796161480247974,0.9999179840087891,0.5528817176818848,0.005796161713078618,1,7,932.4375,0.036619818746881146,0.03125,0,10954.125,0,95.8653470870114,0.0004958352905718058,0.5576132316577,24082.125,0.8273672908901603,8948.6875,0.3754091411828995,0.6675000765206028,29013.65625,0.8928871516072894,9689.53125,0.47339191287755966,0.059866450716185446,0.49346120292231127,21320.75,0.8294752676130036,8987.3125,8.670072853565216,0,0,1.5149158421226239,0.6483784483611441,0,65.10588337821706,0.0004918976769739656,,,,,,,,,,,,,,,,0.00390625,3711,8192,1170.73046875,2184.4140625,114,114,4096,4096,4096,22.859677247935906,11.094889295985922,,,,,,,,,1,-1,0.38548273473076616,0,0,1,,,,3.3365918170602527e-06,2,1.0000274181365967,,,,,,0.8578102588653564,0.022602684795856476,0.2158663272857666,0.00828999187797308,0.9984467625617981,,,,,,,,,,,,,0.01663539803121239,0.002051490422218194,0.0002726500388234854,0.8631926829693839,0.056132516868729,0.012147930916398764,0.16408025613054633,0.018262973952460015,0.0008022199617698789,0,0,0,,,,,1,0.44921875,0,115
35,12131.172283595,1787569827.266089,0.2421875,6.938893903907228e-18,310.8271572589874,0.2948693633079529,1,-1,0.65625,0.521253228187561,0.005096773151308298,1.0110626220703125,0.966106653213501,0.9114999771118164,0,0,0.03472501412034035,0.00392067851498723,1.0039284229278564,0.2688738703727722,-0.09235495328903198,-0.09025529026985168,0.03462119400501251,0.00392067851498723,1.0000338554382324,0.4256327152252197,0.003920678631402552,1,7.03125,811.03125,0.03593756622450178,0.03125,0,9365.84375,0,23.458645391457363,0.0013184671672081334,0.5631731566264186,20912.09375,0.8364044632508993,7772.3125,0.4065699130296707,0.6731716613746563,25113.625,0.9009055570189854,8393.96875,0.4692431539297104,0.05721602842222652,0.5003822843218262,18583.21875,0.8387847801916106,7808.53125,8.893132030963898,0.03125,0,1.5642588514398421,0.6305523874682815,0,22.67084386619885,0.00128550200756011,,,,,,,,,,,,,,,,0.01171875,4805,8192,1148.25390625,2175.921875,136,136,4096,4096,4096,24.014095676946454,12.074504020973109,,,,,,,,,1,-0.8571428571428571,0.4134227465282223,0,0,1,,,,1.3607616892841179e-05,2,0.9999527335166931,,,,,,1.387318730354309,0.022525252774357796,0.42136073112487793,0.00824934896081686,0.9984419345855713,,,,,,,,,,,,,0.01263075100723654,0.0018723172438512847,0.00018467905465513468,0.8552276190603152,0.08957292061177213,0.00538447592407465,0.04341071692761034,0.015421861523918778,0.0011460790410637856,0,0,0,,,,,1,0.2421875,0,62
36,12463.901147272,1787570181.310797,0.32421875,1.3010426069826053e-17,340.4645709991455,0.35086703300476074,1,-0.8571428656578064,0.71875,0.5222330689430237,0.004995956085622311,1.0094318389892578,0.967273473739624,0.9108490943908691,0,0,0.033595673739910126,0.005013984628021717,1.0050265789031982,0.36369508504867554,-0.10142352432012558,-0.09802772104740143,0.03339994698762894,0.005013984628021717,0.9999344348907471,0.24974370002746582,0.005013984511606395,1,7.125,775.78125,0.034831949331155576,0.03125,0,9186.03125,0,18.80722029801806,0.0015492004433577304,0.5628214658831528,20458.875,0.835969845215425,7607.46875,0.4747455222532153,0.6730689962716492,24600.375,0.9014958332330052,8228.65625,0.5277657927945256,0.0559438279593229,0.49838500359048865,18091.375,0.8374657255541488,7628.71875,8.674640953540802,0.125,0,1.6856643553930635,0.6329382057051017,0,18.281450965183065,0.001445049427838145,,,,,,,,,,,,,,,,0.0078125,4874,8192,1415.90625,2906.0625,116,116,4096,4096,4096,29.478177850018255,12.572295938036405,,,,,,,,,1,-1,0.3685672757241124,0,0,1,,,,2.758833716143272e-06,2,1.0000017881393433,,,,,,1.0489943027496338,0.022382428869605064,0.30656445026397705,0.008272558450698853,0.9984239935874939,,,,,,,,,,,,,0.016709998017176986,0.0019721717403626826,0.0002245899522677064,1.0369691270170733,0.08192510857543311,0.007517185062170029,0.060854424140416086,0.019888051750058366,0.0009750389726832509,0,0,0,,,,,1,0.32421875,0,83
37,12807.136367853,1787570514.6933527,0.390625,6.938893903907228e-18,318.49045276641846,0.2905535101890564,1,-1,0.625,0.5021589398384094,0.004555337131023407,1.0050268173217773,0.9693868160247803,0.8987636566162109,0,0,0.031261373311281204,0.003403913928195834,1.003409743309021,0.32605502009391785,-0.06992112100124359,-0.06836749613285065,0.031193159520626068,0.003403913928195834,1.0000427961349487,0.38665342330932617,0.003403913928195834,1,7.03125,974.5,0.03247258290868959,0.03125,0,11327.25,0,31.658870610875333,0.000983494738185127,0.5612827340006674,25307.8125,0.8337663599616154,9406.3125,0.4331773389130831,0.6708117897878942,30322.59375,0.8986282432332762,10151.96875,0.48879764415323734,0.05185972351563379,0.4958233755257567,22380.09375,0.8343597589624985,9425.4375,8.558053433895111,0.03125,0,1.5226468693224173,0.6243403427587244,0,27.616876697180786,0.0009851672267639198,,,,,,,,,,,,,,,,0.0078125,4371,8192,1402.44921875,2733.3203125,157,157,4096,4096,4096,29.91548921901267,10.120596860069782,,,,,,,,,1,-1,0.4374088826398532,0,0,1,,,,5.570611847360851e-06,2,0.9999213218688965,,,,,,0.8569738268852234,0.021908212453126907,0.33324480056762695,0.008159889839589596,0.9984064698219299,,,,,,,,,,,,,0.01369933900423348,0.0021302253435351304,0.00027577008586376905,0.7946874799672514,0.0671867892492628,0.007823643973097205,0.06729593710042536,0.021405586731816584,0.0017962990095838904,0,0,0,,,,,1,0.390625,0,100
38,13118.128956044,1787570857.5403953,0.34765625,1.3877787807814457e-17,328.74496507644653,0.3434540033340454,1,-1,0.75,0.485504150390625,0.005139464046806097,1.0053720474243164,0.9686341285705566,0.8969826698303223,0,0,0.03201718628406525,0.0052701691165566444,1.005284070968628,0.39591506123542786,-0.02362252026796341,-0.023122048005461693,0.03198637068271637,0.0052701691165566444,0.9998679757118225,0.42444467544555664,0.005270168883726001,1,7.0625,949.125,0.033425371074065464,0.03125,0,11219.59375,0,19.020693532147575,0.00040160668219123334,0.5556262994812488,24743.375,0.8267953957512266,9212.53125,0.40296034701168537,0.6672182885249854,29802.40625,0.8936355955365032,9972.65625,0.4970564302057028,0.05596374758975024,0.4952437857957967,21951.28125,0.831383434562859,9249.75,9.503568589687347,0.0625,0,1.5543430851399798,0.6264503538551182,0,18.006614002039484,0.0004045788885548369,,,,,,,,,,,,,,,,0.015625,5016,8192,1284.171875,2496.4921875,139,139,4096,4096,4096,26.394874306046404,10.63974006799981,,,,,,,,,1,-1,0.41110230118647634,0,0,1,,,,3.041843683604384e-06,2,0.9999510049819946,,,,,,1.1204241514205933,0.0221366286277771,0.3066297769546509,0.008294010534882545,0.9983682036399841,,,,,,,,,,,,,0.01346487004775554,0.0020805323115382635,0.0002565300092101097,0.8876106990501285,0.07817850201263354,0.004662435967475176,0.062438062857836485,0.0194111281507503,0.0011547389440238476,0,0,0,,,,,1,0.34765625,0,89
39,13438.103948944,1787571167.945974,0.3671875,8.673617379884035e-18,297.014701128006,0.3017866015434265,1,-1,0.625,0.5055788159370422,0.0051618595607578754,1.0121936798095703,0.9720044136047363,0.9253230094909668,0,0,0.028558675199747086,0.0044081914238631725,1.004417896270752,0.2581977844238281,-0.07914797961711884,-0.07662565261125565,0.02847922220826149,0.0044081914238631725,0.9999029636383057,0.326141357421875,0.004408191540278494,1,7.03125,844.03125,0.029903383265023727,0.03125,0,10273.375,0,21.66329241486813,0.0014615203537553122,0.5581783857194476,22807.09375,0.8311599901746431,8498.78125,0.4197649583220482,0.6701312873500971,27446.59375,0.8976025468496381,9191.6875,0.4843744747340679,0.04222570321099865,0.49588843143022787,20189.03125,0.8335630909756648,8522.40625,7.6366066336631775,0.03125,0,1.5660936056019175,0.626780859746215,0,20.68732620120647,0.0014559074088248312,,,,,,,,,,,,,,,,0.0078125,4286,8192,1257.10546875,2348.0390625,152,152,4096,4096,4096,25.122068769996986,10.331948845996521,,,,,,,,,1,-1,0.3642156795423418,0,0,1,,,,0,1.6971979141235352,0.9999570250511169,,,,,,1.262324333190918,0.02267199568450451,0.20564723014831543,0.008430412970483303,0.9983735680580139,,,,,,,,,,,,,0.009876322001218796,0.0019459208911030146,0.00021055899560451508,1.100250075920485,0.0770078440486941,0.0030065079918131232,0.05156999989412725,0.0169917344546775,0.0011405990226194263,0,0,0,,,,,1,0.3671875,0,94
40,13782.889334519,1787571490.1498399,0.3046875,1.6479873021779667e-17,306.0281763076782,0.26906952261924744,1,-1,0.65625,0.5007386207580566,0.0031637735664844513,1.0097599029541016,0.9716529250144958,0.9101424217224121,0,0,0.028937283903360367,0.002964004874229431,1.002968430519104,0.2881315350532532,-0.053454916924238205,-0.05271187052130699,0.028851140290498734,0.002964004874229431,0.9999442100524902,0.28299498558044434,0.002964004874229431,1,7,847.84375,0.030250186149621137,0.03125,0,10056.84375,0,19.832810107259302,0.000819682658166355,0.5586887453290533,22380.03125,0.8305337291059348,8321.09375,0.40495606511831284,0.6690938558263131,26844.8125,0.8955493582417515,8982.0625,0.45408398658037186,0.045944616253601106,0.4953398696739896,19800.53125,0.8316366240961423,8330.5625,8.831252932548523,0,0,1.5311312004734372,0.625665971013037,0,19.505277022589354,0.000845044440605673,,,,,,,,,,,,,,,,0.015625,4349,8192,1228.484375,2437.76953125,117,117,4096,4096,4096,25.675039540976286,9.778866045060568,,,,,,,,,1,-1,0.4040610178208843,0,0,1,,,,9.539193342789076e-06,2,0.9998591542243958,,,,,,0.8837471008300781,0.022133419290184975,0.37549400329589844,0.00829582940787077,0.9983652830123901,,,,,,,,,,,,,0.01189279102254659,0.0021331644134079397,0.00030626007355749607,0.8727119179675356,0.08475033304921453,0.002963078091852367,0.17812530789524317,0.018323931435134,0.0007874589646235108,0,0,0,,,,,1,0.3046875,0,78
41,14089.620462324,1787571832.9332736,0.3984375,2.3418766925686896e-17,328.9850823879242,0.3356262743473053,1,-1,0.6875,0.49808305501937866,0.004002141300588846,1.011591911315918,0.9754515886306763,0.9193859100341797,0,0,0.02512119896709919,0.0033364060800522566,1.0033420324325562,0.30289432406425476,-0.09910570830106735,-0.09703686833381653,0.024929970502853394,0.0033364060800522566,0.9998743534088135,0.4423866271972656,0.0033364060800522566,1,7.09375,803.625,0.026391252178410297,0.03125,0,9827.875,0,101.87339363748274,0.00259804411664374,0.5595480418487241,21781.0625,0.8320897711310379,8109.0625,0.3758117351680994,0.6692817652077196,26187.5,0.8973812390492648,8769.4375,0.49238702841103077,0.03410100591281422,0.4938293123334243,19256.5625,0.8315608769356015,8124.40625,7.966688811779022,0.09375,0,1.5935672273519579,0.6373793487218052,0,100.7780920097509,0.002641056566218618,,,,,,,,,,,,,,,,0.01171875,5111,8192,1191.45703125,2320.046875,122,122,4096,4096,4096,24.885627255076542,11.86725644103717,,,,,,,,,1,-1,0.40876868365212843,0,0,1,,,,3.278548774687806e-06,2,1.0000797510147095,,,,,,1.6500043869018555,0.022478176280856133,0.2772921323776245,0.008449019864201546,0.9983333349227905,,,,,,,,,,,,,0.011775520979426801,0.0020628766587833525,0.0002616499550640583,1.3343794679967687,0.12436287823766179,0.004752416047267616,0.05462556704878807,0.019892478619567555,0.001073029008693993,0,0,0,,,,,1,0.3984375,0,102
42,14398.215071616,1787572139.919176,0.265625,2.0816681711721685e-17,292.20419239997864,0.32927441596984863,1,-1,0.71875,0.49418607354164124,0.0052596693858504295,1.007859230041504,0.9721246361732483,0.9063353538513184,0,0,0.02847934141755104,0.00414525019004941,1.0041539669036865,0.2741091251373291,-0.05912201106548309,-0.057878054678440094,0.028377600014209747,0.00414525019004941,1.0001420974731445,0.1920487880706787,0.004145250073634088,1,7.03125,821.71875,0.029586165482926162,0.03125,0,9531.65625,0,19.832422420358096,0.0037837718471168975,0.5615961995033824,21274.40625,0.8342787567285417,7914.6875,0.4334722813218832,0.6703591230911046,25495.3125,0.898695893819035,8542.09375,0.4674248704686761,0.04191555905734359,0.4993203751111453,18898.1875,0.8355630172558224,7928.5625,8.263001084327698,0.03125,0,1.5246650135749515,0.6306772371883487,0,18.506989643946135,0.0037442001982242006,,,,,,,,,,,,,,,,0.00390625,3898,8192,1196.48046875,2353.12890625,140,140,4096,4096,4096,25.331983048003167,9.901743452064693,,,,,,,,,1,-0.8571428571428571,0.411877235523957,0,0,1,,,,0,1.6971845626831055,1.000051498413086,,,,,,0.9619379043579102,0.02261865884065628,0.3008852005004883,0.008554778061807156,0.9983137845993042,,,,,,,,,,,,,0.017176966997794807,0.0020545373176901194,0.0002901500556617975,1.0134289239067584,0.06961015078877608,0.004223066964186728,0.13744239800143987,0.01963575985701027,0.001369838952086866,0,0,0,,,,,1,0.265625,0,68
43,14701.946999058,1787572450.3736496,0.3125,2.7755575615628914e-17,294.44139075279236,0.3377683162689209,1,-0.8571428656578064,0.71875,0.496706485748291,0.004933980759233236,1.0043182373046875,0.975632905960083,0.9170970916748047,0,0,0.024794001132249832,0.0032604250591248274,1.0032657384872437,0.401477575302124,-0.08592589199542999,-0.08404028415679932,0.024741383269429207,0.0032604250591248274,1.000058650970459,0.38215112686157227,0.0032604250591248274,1,7,799,0.026020408535293076,0.03125,0,9571.84375,0,49.32140824541534,0.003969768028603666,0.5614225343694417,21360.3125,0.8338859653814927,7943,0.37934866920113564,0.6693051683034104,25539.84375,0.8979063137103387,8560.59375,0.47948193177580833,0.03420267434602904,0.4962457286947297,18901.25,0.831784459759519,7926.6875,7.851899027824402,0,0,1.5066004515836469,0.6466206621279131,0,47.42331235157747,0.004022862525469156,,,,,,,,,,,,,,,,0.00390625,4325,8192,1118.53125,2218.51953125,134,134,4096,4096,4096,23.653848274960183,10.17940295196604,,,,,,,,,1,-1,0.4103259033241449,0,0,1,,,,0,1.7081069946289062,1.000080943107605,,,,,,0.7578510046005249,0.022651903331279755,0.28850507736206055,0.008543468080461025,0.99830162525177,,,,,,,,,,,,,0.012721780920401216,0.0021032112799730385,0.0002587300259619951,0.8163137030787766,0.08182066264816967,0.0052352260099723935,0.1298900709953159,0.019138448904413963,0.0014297880697995424,0,0,0,,,,,1,0.3125,0,80
44,15030.231101763,1787572751.6569104,0.2734375,1.734723475976807e-17,286.8518395423889,0.33501434326171875,1,-1,0.6875,0.4895496368408203,0.005338605493307114,1.0067119598388672,0.9728046655654907,0.8958611488342285,0,0,0.027780350297689438,0.0034876265563070774,1.0034937858581543,0.316445916891098,-0.1202898621559143,-0.11779288947582245,0.027674362063407898,0.0034876265563070774,1.0000648498535156,0.468672513961792,0.0034876266727223992,1,7,767,0.028962129453352702,0.03125,0,8948.25,0,139.44441913524244,0.0032232294134772275,0.5594565013806706,19913.46875,0.8327090749800792,7415.15625,0.3715346809476614,0.6708295318647893,23934.75,0.8990028430575816,8015.9375,0.47631668485701084,0.03886909328866644,0.4954691897386636,17643.8125,0.8313485811178756,7408.65625,7.662140488624573,0,0,1.5006488835906286,0.637268820637903,0,186.15806856253676,0.0030930700822196042,,,,,,,,,,,,,,,,0.00390625,3934,8192,1188.171875,2316.8359375,118,118,4096,4096,4096,24.443139932933263,12.046286141965538,,,,,,,,,1,-1,0.37964806474052326,0,0,1,,,,0,1.7055950164794922,1.0000931024551392,,,,,,0.8689999580383301,0.022791871801018715,0.1758866310119629,0.008614073507487774,0.9983027577400208,,,,,,,,,,,,,0.010062273009680212,0.0019447222284725285,0.00024275004398077726,1.1522611490217969,0.07952126180680352,0.008387453970499337,0.129109313711524,0.01875721451233403,0.0010229089530184865,0,0,0,,,,,1,0.2734375,0,70
45,15358.090955575,1787573080.297406,0.30078125,1.3877787807814457e-17,314.2541699409485,0.2824442386627197,1,-1,0.65625,0.4856204390525818,0.0035775129217654467,1.0110244750976562,0.9746400117874146,0.9234127998352051,0,0,0.02594608999788761,0.0028974772430956364,1.0029016733169556,0.32729125022888184,-0.060417599976062775,-0.05963638424873352,0.025760989636182785,0.0028974772430956364,1.0001134872436523,0.4193706512451172,0.0028974772430956364,1,7,806.78125,0.02700841136693263,0.03125,0,9505.375,0,20.634264557376504,0.003635305403695967,0.5618903615175717,21244.78125,0.8354180257704247,7903.75,0.38993964716792107,0.6704446376481773,25414.75,0.9003219491400187,8530.1875,0.47618160769343376,0.035163494299514944,0.49690914639174444,18857.40625,0.8327957250794112,7902.59375,7.727229654788971,0,0,1.556181080710988,0.6382389868291958,0,19.826475183964057,0.003583366754487243,,,,,,,,,,,,,,,,0.0078125,4363,8192,1221.61328125,2406.75,127,127,4096,4096,4096,27.76100903202314,9.640082380035892,,,,,,,,,1,-0.8571428571428571,0.40168649568578546,0,0,1,,,,0,1.6839637756347656,0.9998794198036194,,,,,,1.1994028091430664,0.02195626311004162,0.3914005756378174,0.00835509318858385,0.9982818961143494,,,,,,,,,,,,,0.01058074296452105,0.001884670961771917,0.00022997998166829348,0.86123191495426,0.07686571734666359,0.003256547963246703,0.051201461581513286,0.019485872599943832,0.0006722100079059601,0,0,0,,,,,1,0.30078125,0,77
46,15663.746119687,1787573408.1797655,0.29296875,1.0408340855860843e-17,312.99007749557495,0.30949437618255615,1,-0.8571428656578064,0.65625,0.47091713547706604,0.004434535745531321,1.0128536224365234,0.9737393260002136,0.9158511161804199,0,0,0.02688165009021759,0.003548510605469346,1.0035548210144043,0.38239413499832153,-0.06472709774971008,-0.06300049275159836,0.026688985526561737,0.003548510605469346,0.9998278617858887,0.3013739585876465,0.0035485104890540242,1,7,818.96875,0.028185637083920263,0.03125,0,9772.90625,0,121.16955773170545,0.0016051722382927217,0.5559339055860582,21520.59375,0.8275031465600052,8017.9375,0.408841073513031,0.6669459911845463,25943.3125,0.8949452441007661,8691.71875,0.47461749287322164,0.03842923903827261,0.4922644195506759,19094.09375,0.8271147731403283,8031.0625,8.223350465297699,0,0,1.4938631343948023,0.6228377545468824,0,138.25511066946376,0.0015634284025275334,,,,,,,,,,,,,,,,0.0078125,4286,8192,1272.30078125,2691.95703125,107,107,4096,4096,4096,29.263618940021843,9.8871633320814,,,,,,,,,1,-1,0.3887775188763793,0,0,1,,,,6.14045075053582e-06,2,1.0001296997070312,,,,,,0.7985326051712036,0.021624622866511345,0.2577296495437622,0.008286362513899803,0.9982895851135254,,,,,,,,,,,,,0.011229721014387906,0.0020024435070808977,0.00024471001233905554,0.8609340860275552,0.08359332406189424,0.004982806043699384,0.14262823096942157,0.021063740045519808,0.000856050057336688,0,0,0,,,,,1,0.29296875,0,75
47,15962.216097224,1787573713.4855285,0.34375,1.734723475976807e-17,292.30053520202637,0.30814623832702637,1,-1,0.6875,0.45727768540382385,0.005255177617073059,1.0130443572998047,0.9721040725708008,0.9015092849731445,0,0,0.02852547913789749,0.003741474589332938,1.0037485361099243,0.32957327365875244,-0.05595450848340988,-0.05459912121295929,0.028410635888576508,0.003741474589332938,1.000181794166565,0.44998836517333984,0.00374147470574826,1,7.0625,838,0.02951866752667924,0.03125,0,10178.40625,0,182.82887820303384,0.0013606893340804775,0.5535293410872029,22404.28125,0.8241829053810641,8345.09375,0.38929230347275734,0.6659753433150704,26994.9375,0.89268822956254,9045.625,0.44957181438803673,0.04308469935862301,0.48947194173771846,19766.1875,0.8229174872755283,8328.28125,8.54241567850113,0.0625,0,1.5425499063478005,0.6403412768477633,0,168.68855764294585,0.0013408980895420087,,,,,,,,,,,,,,,,0,3671,7938,1209.01953125,2425.0546875,118,118,4096,4096,4096,26.349968554917723,10.034034680924378,,,,,,,,,1,-1,0.3976974544878587,0,0,1,,,,0,1.820876121520996,1.0000160932540894,,,,,,0.6591970920562744,0.02122347056865692,0.19832301139831543,0.008171326480805874,0.9982618689537048,,,,,,,,,,,,,0.01031246199272573,0.0020672347959589388,0.00020056904759258032,0.845294927014038,0.06984803813020335,0.0047626959858462214,0.06604922597762197,0.021784437002679624,0.001156279002316296,0,0,0,,,,,1,0.34375,0,88
48,16248.886894913,1787574013.9145286,0.203125,6.938893903907228e-18,284.6436653137207,0.3020702600479126,1,-1,0.71875,0.44426649808883667,0.004319118335843086,1.006577491760254,0.9727829098701477,0.9342856407165527,0,0,0.027717426419258118,0.0032676272094249725,1.0032730102539062,0.36610445380210876,-0.04021468386054039,-0.0396692231297493,0.02766563929617405,0.0032676272094249725,0.9999690055847168,0.517265796661377,0.0032676272094249725,1,7,809.3125,0.02896951621733514,0.03125,0,9672.15625,0,32.88015806658873,0.002762500630763428,0.5469772900585732,21053.25,0.8164971773219718,7858.625,0.4003081414848566,0.66324340808336,25567.84375,0.8873961515373662,8549.8125,0.5132249444723129,0.037093891771453655,0.4845362522175875,18645.28125,0.8148326561750712,7851.625,7.905883371829987,0,0,1.5822588710041536,0.6475766681177259,0,29.65761305028316,0.0026584921716303373,,,,,,,,,,,,,,,,0,3242,7443,1155.1328125,2497.7578125,134,134,4096,4096,4096,27.014346266980283,9.788834588020109,,,,,,,,,1,-0.8571428571428571,0.3331206804674577,0,0,1,,,,6.763291821698658e-06,2,0.9999855756759644,,,,,,0.7127213478088379,0.021275347098708153,0.2045046091079712,0.00823803897947073,0.9982290863990784,,,,,,,,,,,,,0.011985031072981656,0.0021949260994915676,0.00023420993238687515,0.8536503530340269,0.08553257544372173,0.0031690479954704642,0.15150668611750007,0.02151401346327475,0.0011563990265130997,0,0,0,,,,,1,0.203125,0,52
49,17699.569316322,1787574299.1667783,0.37109375,1.734723475976807e-17,270.4428963661194,0.19927911460399628,1,-0.8571428656578064,0.4375,0.4411006569862366,0.003376756329089403,1.0073871612548828,0.9728950262069702,0.929682731628418,0,0,0.027649400755763054,0.002388405380770564,1.0023913383483887,0.21213415265083313,-0.05696991831064224,-0.055760789662599564,0.027567196637392044,0.002388405380770564,1.000016450881958,0.5283937454223633,0.002388405380770564,1,7.0625,785.84375,0.02881510564766017,0.03125,0,9241.0625,0,19.008605029643938,0.003033453370980635,0.5497297602165698,20253.5,0.8199538851434165,7553.09375,0.3966357223689556,0.665439055769107,24540.0625,0.8912527882226318,8215.15625,0.5129779428243637,0.03866726567214243,0.4851483300163394,17917.34375,0.8172804142557166,7539.65625,7.954325318336487,0.0625,0,1.5213829125728582,0.6422014145501176,0,19.005332156108366,0.003017918235471786,,,,,,,,,,,,,,,,0,3464,7737,985.515625,2087.96875,99,99,4096,4096,4096,23.315245590987615,11.68099906295538,,,,,,,,,1,-1,0.41110230118647634,0,0,1,,,,0,1.8482847213745117,0.9999958872795105,,,,,,0.6142586469650269,0.020812010392546654,0.18884718418121338,0.008131960406899452,0.9981938600540161,,,,,,,,,,,,,0.018949585035443306,0.002190888995755813,0.00024299893993884325,1.1341801499947906,0.08368916070776322,0.0036525779869407415,0.12802494317293167,0.019585049190482096,0.0011121199931949377,0,0,0,,,,,1,0.37109375,0,95
50,17979.010173306,1787575753.1221397,0.33203125,1.734723475976807e-17,1436.201133966446,0.336296021938324,1,-1,0.75,0.4310508370399475,0.005227814894169569,1.0130462646484375,0.9728840589523315,0.9163651466369629,0,0,0.02778371423482895,0.0038981216493993998,1.0039057731628418,0.3495576083660126,-0.0771522969007492,-0.07503025233745575,0.02758214809000492,0.0038981216493993998,1.0000083446502686,0.5882201194763184,0.0038981216493993998,1,7,664.90625,0.028831678891513557,0.03125,0,7884.125,0,18.287636605557296,0.002711676933749934,0.547379241872774,17174.84375,0.8172373412356748,6413.21875,0.36573375575244427,0.6654421317249659,20924.1875,0.8913527976808021,7004.15625,0.47390721179544926,0.037155123581386076,0.4844741873181303,15232.125,0.8171860998471382,6420.3125,7.823813855648041,0,0,1.538867314596117,0.6469028737667397,0,17.406436780762817,0.002677732267349074,800,50,0.2487500011920929,0.24875,1166.3051585319918,0.00375,8192,8192,953.2537231445312,2001.24875,89,89,4096,4096,4096,0.00390625,3397,8192,1018.22265625,2102.0546875,109,109,4096,4096,4096,8.512579725189642,10.250077698030509,1,1.0547118733938987e-17,-1,0.2822724924328889,0.03,0.36,0.61,0.24875,1,-1,0.39849845722181065,0,0,1,7.898270268924534e-07,2,1.0000430077314377,0,1.7587347030639648,1.0000499486923218,0.7024850845336914,0.021279463032260536,0.2943542003631592,0.00826982285361737,0.9981897056102753,0.7093629837036133,0.020572274923324585,0.17582988739013672,0.00796415377408266,0.9982336759567261,32.634201868087985,3.7781808164269024,0.00022521999198943377,39.34072404005565,3.3340121673561227,0.000698590069077909,32.04028573911637,4.067042746094958,0,0,0,0,0.013440749957226217,0.001975571120510722,0.0002769700950011611,0.8949373220093548,0.07404680947547604,0.005828276043757796,0.1604543800931424,0.01990452842665036,0.0011273300042375922,0,0,0,1,0.24875,0,1.99,1,0.33203125,0,85
51,18271.289155767,1787576029.8264685,0.3125,2.0816681711721685e-17,261.23153734207153,0.3198632001876831,1,-1,0.6875,0.43007606267929077,0.005447061732411385,1.0106496810913086,0.974443256855011,0.9323058128356934,0,0,0.026035714894533157,0.0033108622301369905,1.0033164024353027,0.31891506910324097,-0.06211747229099274,-0.06121840327978134,0.025954337790608406,0.0033108622301369905,0.9999924898147583,0.4919579029083252,0.0033108622301369905,1,7,669.3125,0.02720537505596284,0.03125,0,8145.78125,0,25.555661681199027,0.005647677489468789,0.5443766124729228,17642.90625,0.8116240485010786,6582.3125,0.3694181814789772,0.6637110648211249,21559.34375,0.8875725190096655,7207.15625,0.4747109320014715,0.03231327764052395,0.4804844028013238,15585.34375,0.8106952489403293,6582.6875,6.697948455810547,0,0,1.4883330697773491,0.6328129670271856,0,25.138180438110062,0.005677503036443583,,,,,,,,,,,,,,,,0,2920,7633,1042.2421875,2326.89453125,105,105,4096,4096,4096,25.593887733994052,12.169189931009896,,,,,,,,,1,-1,0.40720550896397784,0,0,1,,,,0,1.6915931701660156,0.9999233484268188,,,,,,0.7046103477478027,0.019669916480779648,0.22567510604858398,0.007748532108962536,0.9982306957244873,,,,,,,,,,,,,0.013491640100255609,0.002492353054094565,0.00028624001424759626,1.2199860630789772,0.09354571252833921,0.00924897298682481,0.06237469310872257,0.020844675759235543,0.0012827590107917786,0,0,0,,,,,1,0.3125,0,80
52,18674.353651418,1787576322.6751888,0.28125,1.734723475976807e-18,277.9206848144531,0.3346364498138428,1,-1,0.71875,0.4106940031051636,0.005079702008515596,1.0111312866210938,0.975220799446106,0.9372730255126953,0,0,0.02531951665878296,0.003585107158869505,1.003591537475586,0.3528807759284973,-0.10322383046150208,-0.10051123797893524,0.025163456797599792,0.003585107158869505,1.0000030994415283,0.49430131912231445,0.003585107158869505,1,7,660.71875,0.026350047931815973,0.03125,0,8337.9375,0,23.31428951239324,0.007711360337096847,0.5377629122354697,17811.90625,0.803352166339408,6657.59375,0.3797536641359329,0.659367514241274,21896.0625,0.8808209654704181,7310.8125,0.4618480373173952,0.03146186649435097,0.4727364001500636,15697.75,0.8012194345828894,6653.28125,7.059402346611023,0,0,1.5478924725841243,0.6480842270811763,0,20.7971973789151,0.007410939283903649,,,,,,,,,,,,,,,,0.00390625,3657,8192,987.6875,2114.49609375,93,93,4096,4096,4096,25.37238629499916,10.690909010008909,,,,,,,,,1,-1,0.37964806474052315,0,0,1,,,,0,1.933222770690918,1.000040888786316,,,,,,0.8268595933914185,0.01931602880358696,0.2681846618652344,0.007619883865118027,0.9982267022132874,,,,,,,,,,,,,0.009672361891716719,0.0022076783952797996,0.00032466999255120754,0.8746754879830405,0.06743453651097298,0.003522256971336901,0.15750862192362547,0.02022816262251581,0.0013588190777227283,0,0,0,,,,,1,0.28125,0,72
53,18974.000606129,1787576725.6489503,0.3671875,1.5612511283791264e-17,387.8613529205322,0.26559820771217346,1,-1,0.625,0.41381436586380005,0.004773897584527731,1.0092945098876953,0.9741096496582031,0.9306049346923828,0,0,0.02645231783390045,0.0031462721526622772,1.003151297569275,0.2706020474433899,-0.06970542669296265,-0.06811864674091339,0.0263076052069664,0.0031462721526622772,1.0000553131103516,0.4374198913574219,0.0031462721526622772,1,7,611.75,0.027433749261893216,0.03125,0,7901.5,0,65.656696640553,0.005226431711653396,0.5393256010718903,16874.59375,0.8056362373127004,6308.90625,0.3836795203387737,0.6619836045825749,20800.21875,0.8836178595584623,6936,0.4787624403834343,0.03433487696046915,0.4700176516097246,14770,0.8002106886477014,6285.3125,6.842879891395569,0,0,1.5404216458494364,0.6456070728125325,0,64.48177133748453,0.005245526821527367,,,,,,,,,,,,,,,,0.00390625,8192,8192,1047.171875,2174.90625,82,82,4096,4096,4096,23.18012427899521,11.065609411918558,,,,,,,,,1,-1,0.4087686836521285,0,0,1,,,,0,1.8575382232666016,0.9999915361404419,,,,,,0.6192531585693359,0.019065583124756813,0.3332076072692871,0.007468314375728369,0.9982247948646545,,,,,,,,,,,,,0.01013727206736803,0.001967471291209222,0.000211940030567348,0.8902427669381723,0.07636262973346675,0.007926674094051123,0.05205567239318043,0.018783157556754304,0,0,0,0,,,,,1,0.3671875,0,94
54,19276.831737548,1787577024.0107837,0.28515625,1.734723475976807e-17,284.1378378868103,0.31390106678009033,1,-1,0.71875,0.39907872676849365,0.004483173601329327,1.0124025344848633,0.9738806486129761,0.8736677169799805,0,0,0.02666923776268959,0.0034155421890318394,1.003421425819397,0.3810338079929352,-0.02786877006292343,-0.027332328259944916,0.02656453289091587,0.0034155421890318394,0.9999542236328125,0.5525617599487305,0.0034155420726165175,1,7,656.46875,0.0278006752077271,0.03125,0,8377.375,0,30.303013785187147,0.004916517655381077,0.5366443919461524,17778.28125,0.8011902283360772,6654.28125,0.4025169685482979,0.664835105887229,22384.96875,0.8845355435036955,7412.3125,0.49705109745264053,0.03494247344873273,0.46843749196174767,15399.0625,0.796100248208977,6560.71875,6.88698548078537,0,0,1.4870214986475796,0.6393795337815804,0,32.19890504280682,0.004852469581446426,,,,,,,,,,,,,,,,0,3485,7710,1095.046875,2406.4453125,79,79,4096,4096,4096,27.616238918039016,11.293327427003533,,,,,,,,,1,-1,0.35083719114979467,0,0,1,,,,0,1.75897216796875,1.0001153945922852,,,,,,0.564727783203125,0.0187540240585804,0.21426987648010254,0.0074093760922551155,0.9982507228851318,,,,,,,,,,,,,0.018394556012935936,0.002192527238094044,0.0001873390283435583,0.9417417269432917,0.08592155129144885,0.006042106077075005,0.136793426820077,0.022632903329849796,0.0012009089114144444,0,0,0,,,,,1,0.28515625,0,73
55,19587.838610386,1787577327.8128633,0.1640625,1.3877787807814457e-17,289.63784527778625,0.24532915651798248,1,-1,0.5625,0.39102351665496826,0.0038199881091713905,1.0187807083129883,0.9756763577461243,0.9372220039367676,0,0,0.024762500077486038,0.002366333268582821,1.0023690462112427,0.2838197946548462,-0.056347064673900604,-0.055125944316387177,0.024681922048330307,0.002366333268582821,1.0001118183135986,0.5853056907653809,0.002366333268582821,1,7,673.375,0.025714987341332495,0.03125,0,8760.375,0,70.72339049466962,0.005122553742436673,0.5363784952161865,18689.65625,0.8012264545132042,6985.09375,0.41992719285190105,0.6614940997756944,23127.4375,0.8824644358703944,7706.65625,0.4910016506910324,0.031513632427480356,0.4686957347944875,16299.3125,0.7985283820895316,6958.3125,7.390462636947632,0,0,1.5109167319835257,0.6396816319677147,0,79.00286875484348,0.005257830157373931,,,,,,,,,,,,,,,,0,3786,8083,1161.57421875,2521.84375,128,128,4096,4096,4096,27.988130506011657,10.05780860199593,,,,,,,,,1,-0.8571428571428571,0.3535533905932738,0,0,1,,,,0,1.8928709030151367,0.9999951720237732,,,,,,0.6387159824371338,0.018115274608135223,0.17512726783752441,0.007186115253716707,0.9982764720916748,,,,,,,,,,,,,0.022548733046278358,0.002065553849661228,0.0002085700398311019,0.846570217050612,0.07549577441841393,0.012911560013890266,0.11970002891030163,0.019969490343555663,0.0006779689574614167,0,0,0,,,,,1,0.1640625,0,42
56,19896.403093644,1787577639.2657115,0.2109375,1.734723475976807e-17,296.27562737464905,0.24788154661655426,1,-0.8571428656578064,0.53125,0.3858475387096405,0.00408758083358407,1.0174779891967773,0.9760249257087708,0.9376482963562012,0,0,0.024400223046541214,0.0023411987349390984,1.002344012260437,0.3044847846031189,-0.0652679055929184,-0.06403011083602905,0.024319294840097427,0.0023411987349390984,1.0000189542770386,0.5279688835144043,0.0023411987349390984,1,7,668.65625,0.025394311158289933,0.03125,0,9292.59375,0,21.118838187797653,0.007131904920400153,0.529204303140334,19525.5,0.7920435793079781,7312.09375,0.3849611934274435,0.657247707249497,24340.8125,0.8746263957311166,8091.21875,0.4666139464825392,0.029584992632787875,0.4597753166367676,16985.1875,0.7893995379942207,7302.40625,6.537440896034241,0,0,1.5514418377412533,0.6337644650336978,0,21.41902179000417,0.007100453515832918,,,,,,,,,,,,,,,,0,4178,8032,1106.87890625,2333.5078125,115,115,4096,4096,4096,27.145773825934157,10.757938460097648,,,,,,,,,1,-1,0.35892412932574613,0,0,1,,,,3.5290672713017557e-06,2,0.9999457597732544,,,,,,0.7073307037353516,0.01818782463669777,0.17510056495666504,0.007214678451418877,0.9982841610908508,,,,,,,,,,,,,0.013039769954048097,0.002191469023728132,0.00022864900529384613,1.002062519080937,0.09347748006939582,0.003882576944306493,0.053063530824147165,0.018615566004882567,0.0012543690390884876,0,0,0,,,,,1,0.2109375,0,54
57,20213.101297142,1787577948.2472978,0.32421875,1.214306433183765e-17,292.6928358078003,0.26698896288871765,1,-1,0.65625,0.38784870505332947,0.0030726224649697542,1.0077171325683594,0.9791019558906555,0.9423365592956543,0,0,0.021411236375570297,0.002428365172818303,1.0024313926696777,0.38060998916625977,-0.06447993218898773,-0.06308470666408539,0.021168099716305733,0.002428365172818303,0.9998322129249573,0.5446000099182129,0.002428365172818303,1,7.03125,608.90625,0.022465858987692842,0.03125,0,8855.03125,0,268.0365254952465,0.0057939535491440515,0.5361126076272864,18683.125,0.8011114825337466,6993.0625,0.388105895370245,0.6620866554944513,23255.34375,0.8829082870485541,7740.03125,0.5135831534862518,0.026634625830750873,0.4598029544080546,16106.15625,0.7924796650715247,6950.625,6.671039342880249,0.03125,0,1.5023501078849801,0.6357126742030188,0,266.9699953723569,0.005642929852619072,,,,,,,,,,,,,,,,0,3521,7629,1268.0703125,2620.4921875,146,146,4096,4096,4096,27.364376669051126,11.287711097975262,,,,,,,,,1,-1,0.39041448409063295,0,0,1,,,,3.0804681045992766e-06,2,0.9999322891235352,,,,,,0.8355398178100586,0.01767590641975403,0.33321523666381836,0.00695453118532896,0.9983088374137878,,,,,,,,,,,,,0.012241190997883677,0.0021065730447844544,0.0002818299690261483,1.2478737820638344,0.08523163832887803,0.004755355999805033,0.14128896489273757,0.021164646010674915,0.001420738990418613,0,0,0,,,,,1,0.32421875,0,83
58,20585.83520033,1787578264.807,0.3515625,3.469446951953614e-18,301.501118183136,0.29391419887542725,1,-1,0.625,0.3743741810321808,0.0035662278532981873,1.0047388076782227,0.9775911569595337,0.9405031204223633,0,0,0.022730348631739616,0.0027997558936476707,1.0028036832809448,0.3296317458152771,-0.03317514434456825,-0.03245951235294342,0.022715304046869278,0.0027997558936476707,0.9999618530273438,0.5282611846923828,0.0027997558936476707,1,7.03125,695.21875,0.023838012450962336,0.03125,0,10144.5625,0,26.135641985624677,0.005013450116169485,0.5271036796728562,21182.90625,0.7893012629762121,7936.3125,0.3959330841898918,0.6579975216522433,26563.0625,0.8748201212002679,8820.6875,0.4630108457058668,0.02846522574804368,0.4563043529879972,18353.75,0.7876238121437468,7938.65625,6.980037569999695,0.03125,0,1.5627408835033334,0.6512531312023524,0,23.812376204221234,0.005070530240698053,,,,,,,,,,,,,,,,0.00390625,4026,8192,1266.6640625,2546.4921875,118,118,4096,4096,4096,27.609548742999323,11.801544688991271,,,,,,,,,1,-1,0.38630906522828456,0,0,1,,,,3.083888032051618e-06,2,0.9999634027481079,,,,,,0.6995944976806641,0.01763521134853363,0.17230701446533203,0.00697307288646698,0.9983183145523071,,,,,,,,,,,,,0.013127350015565753,0.002274107972425554,0.00023492996115237474,1.1441660899436101,0.08976679909119412,0.006509475060738623,0.12532407382968813,0.021649308080213814,0.0016389379743486643,0,0,0,,,,,1,0.3515625,0,90
59,20924.375161935,1787578635.3675346,0.25390625,1.3877787807814457e-17,356.69478821754456,0.28824517130851746,1,-1,0.625,0.3688836693763733,0.0033754552714526653,1.0052509307861328,0.9773876667022705,0.943662166595459,0,0,0.02297516167163849,0.0024066264741122723,1.0024094581604004,0.32732030749320984,-0.07856158912181854,-0.0771898478269577,0.022925518453121185,0.0024066264741122723,0.9999198913574219,0.517329216003418,0.0024066263576969504,1,7.03125,689.1875,0.024070667400275244,0.03125,0,10133.3125,0,27.348356494666106,0.003873823095411714,0.5263666574144739,21216.53125,0.7878079796310933,7943.40625,0.40478501468896866,0.6563353019877121,26537.15625,0.8725048798288637,8811.5625,0.47322240471839905,0.029793015433598646,0.4549739766753956,18321.15625,0.7868162604603921,7937.125,7.509223699569702,0.03125,0,1.5403014861189135,0.6476255914483369,0,30.140023916135878,0.0038669057501606674,,,,,,,,,,,,,,,,0.00390625,6474,8192,1298.984375,2454.40234375,112,112,4096,4096,4096,26.631842627073638,11.542614315985702,,,,,,,,,1,-0.8571428571428571,0.3968948351945155,0,0,1,,,,0,1.6979236602783203,1.0001108646392822,,,,,,0.7050435543060303,0.017122596502304077,0.32181215286254883,0.006742714438587427,0.9983339309692383,,,,,,,,,,,,,0.009951042011380196,0.0021479986521626415,0.00026125903241336346,1.2288096460979432,0.08161375073495947,0.005610255990177393,0.1474463080521673,0.020410318973063113,0.000816059997305274,0,0,0,,,,,1,0.25390625,0,65
60,21363.880907818,1787578976.4715204,0.33984375,2.168404344971009e-18,325.77782821655273,0.29953867197036743,1,-0.8571428656578064,0.59375,0.36744725704193115,0.0037916500587016344,1.0093154907226562,0.9803184270858765,0.9331235885620117,0,0,0.020057683810591698,0.002444942481815815,1.0024479627609253,0.31803828477859497,-0.04948949068784714,-0.048628874123096466,0.019920669496059418,0.002444942481815815,1.000111699104309,0.49408721923828125,0.002444942481815815,1,7,645.5,0.02086186238511488,0.03125,0,10391.875,0,16.870401244071275,0.005561553010338155,0.520593762714388,21370.0625,0.7797416086832859,8010.09375,0.37465271539986134,0.6535137226519612,27023.375,0.8673268698986794,8945.40625,0.4931461061351001,0.02692975088764092,0.4449831890787913,18266.15625,0.7759260323818625,7982.96875,7.768767476081848,0,0,1.5210732659185138,0.6276315832918061,0,16.832895810559506,0.005519004222513008,,,,,,,,,,,,,,,,0.01953125,4727,8192,1404.3125,2708.64453125,112,112,4096,4096,4096,28.739527435973287,9.743068896001205,,,,,,,,,1,-1,0.3754249293147971,0,0,1,,,,8.344830348505639e-06,2,0.9999428987503052,,,,,,9.868793487548828,0.017038200050592422,0.9361485242843628,0.006653547752648592,0.9982925057411194,,,,,,,,,,,,,0.016755137010477483,0.002046052605692239,0.0002827700227499008,0.8322224570438266,0.06678527846042925,0.004931185976602137,0.1417499128729105,0.0203055655119897,0.001040289062075317,0,0,0,,,,,1,0.33984375,0,87
61,21727.34614327,1787579414.323162,0.32421875,3.469446951953614e-18,423.83788990974426,0.2717076241970062,1,-1,0.625,0.3632793128490448,0.0031273309141397476,1.0080976486206055,0.9811051487922668,0.9450855255126953,0,0,0.019356567412614822,0.0021168948151171207,1.0021190643310547,0.25508442521095276,-0.03665085509419441,-0.03596600890159607,0.019129928201436996,0.0021168948151171207,0.9999246001243591,5.1765149692073464e-05,0.002116894698701799,1,7.0625,658.375,0.020371059365150577,0.03125,0,11234.5,0,72.76204954122589,0.004676801572027109,0.5242952808855537,23236.34375,0.7835152568324822,8694.75,0.7197158583439887,0.6560563777510473,29292.125,0.8699312549285495,9692.21875,0.5358785819262266,0.03065781862340189,0.44233430912910693,19689.96875,0.775615558790411,8644.125,9.025352120399475,0.09375,0,1.7425289596551825,0.6158090479080086,0,72.10553740784592,0.004594834129660313,,,,,,,,,,,,,,,,0.01171875,8192,8192,1659.3046875,3183.97265625,139,139,4096,4096,4096,32.18232769006863,12.068032145034522,,,,,,,,,1,-1,0.3302364644447666,0,0,1,,,,0,1.9495162963867188,0.9999277591705322,,,,,,2.3905117511749268,0.01580767147243023,0.8835331797599792,0.006206944584846497,0.9984196424484253,,,,,,,,,,,,,0.010812422027811408,0.0017481139229857945,0.00020899996161460876,1.2034800390247256,0.07890568948187138,0.007911522989161313,0.1641829147702083,0.02141988093535474,0,0,0,0,,,,,1,0.32421875,0,83
62,22093.858673046,1787579779.700187,0.26171875,1.734723475976807e-18,348.3187313079834,0.19772081077098846,1,-1,0.53125,0.3400435447692871,0.0025430675595998764,1.005044937133789,0.982096254825592,0.941582202911377,0,0,0.018250225111842155,0.0015262068482115865,1.0015274286270142,0.24551737308502197,-0.015318132936954498,-0.015057450160384178,0.0181181188672781,0.0015262068482115865,0.9998845458030701,0.0915827751159668,0.0015262068482115865,1,7,720.8125,0.019200807606842937,0.03125,0,13274.4375,0,40.036524199183674,0.001511981816720248,0.5091850262029096,26748.21875,0.7633593109229246,10037.65625,0.4414068289916031,0.6490254986853139,34412.875,0.8553882263223046,11302.5625,0.4903765954077244,0.02895100148977795,0.42755470959980313,22404.03125,0.7549888608888288,9912.4375,9.8054638504982,0,0,1.558896856854172,0.6198567372737116,0,40.87819402733706,0.001521060333596805,,,,,,,,,,,,,,,,0.03515625,5681,8192,1494.515625,2781.0078125,142,142,4096,4096,4096,29.81230413389858,10.250740321003832,,,,,,,,,1,-0.8571428571428571,0.3144074439581966,0,0,1,,,,0,1.9636201858520508,0.9998586177825928,,,,,,0.6808226108551025,0.01631566323339939,0.1766948699951172,0.006387122441083193,0.9984012246131897,,,,,,,,,,,,,0.011133712017908692,0.002012212045428896,0.0002751789288595319,1.014302211930044,0.07309428152393593,0.0028708879835903645,0.04934520402457565,0.016985560510875075,0.0008207201026380062,0,0,0,,,,,1,0.26171875,0,67
63,22452.819599657,1787580144.5531785,0.24609375,9.107298248878237e-18,350.1164901256561,0.18786805868148804,1,-0.8571428656578064,0.40625,0.34847211837768555,0.002096504205837846,1.0136899948120117,0.9823787212371826,0.9523963928222656,0,0,0.018251467496156693,0.0012517133727669716,1.00125253200531,0.22369512915611267,-0.004116167314350605,-0.004022134002298117,0.017826583236455917,0.0012517133727669716,0.999829888343811,0.506199836730957,0.0012517133727669716,1,7,631.5625,0.019011346088531333,0.03125,0,11956.125,0,34.332721113675184,0.00792000578919379,0.5175121763348061,24297.4375,0.7746887079022216,9111,0.4239244181662798,0.6502327615731924,30841.15625,0.8611008246241412,10182.53125,0.4873366765677929,0.030534583504500574,0.4328227766913322,20395.78125,0.7662029764870115,9053.78125,9.199597716331482,0,0,1.5290587482012932,0.6209785231101654,0,41.83104548592645,0.007748816747067032,,,,,,,,,,,,,,,,0.04296875,5157,8192,1662.3984375,3067.3828125,106,106,4096,4096,4096,32.764806785969995,12.06487127696164,,,,,,,,,1,-1,0.3282995769794685,0,0,1,,,,2.3497675556427566e-06,2,1.0000005960464478,,,,,,1.1705834865570068,0.015253491699695587,0.2680549621582031,0.006008189171552658,0.9984263181686401,,,,,,,,,,,,,0.009313881979323924,0.0018905540114246833,0.0002455799840390682,1.1942506859777495,0.11580395203372973,0.007256284006871283,0.12191572785377502,0.01819214961687976,0.0011220690794289112,0,0,0,,,,,1,0.24609375,0,63
64,22792.481717457,1787580504.860301,0.234375,3.469446951953614e-18,344.5532212257385,0.20684725046157837,1,-1,0.46875,0.3342437744140625,0.002471920335665345,1.0066652297973633,0.9821810722351074,0.941586971282959,0,0,0.018281860277056694,0.0015310626477003098,1.0015321969985962,0.18915468454360962,-0.032985247671604156,-0.0324023962020874,0.018035516142845154,0.0015310626477003098,1.0000067949295044,0.31018519401550293,0.0015310626477003098,1,7.03125,634.875,0.018996616412041707,0.03125,0,13299.1875,0,19.834078237225334,0.0046655962182949795,0.502622664644951,26366.625,0.7534612259323741,9900.03125,0.41951250843703747,0.6406801514374314,33979.5,0.8445620975936159,11160.90625,0.5539562180638313,0.03739489821870263,0.41457473158502445,21840.65625,0.7421880457190213,9799.34375,12.036595165729523,0.03125,0,1.590939301641324,0.6147266774621449,0,19.964095905255586,0.004619939118502496,,,,,,,,,,,,,,,,0.01171875,5390,8192,1599.9375,2704.73046875,221,221,4096,4096,4096,28.33040927001275,10.620626177056693,,,,,,,,,1,-0.8571428571428571,0.3369278975734501,0,0,1,,,,0,1.700016975402832,1.0000253915786743,,,,,,0.6823558807373047,0.015894917771220207,0.19129657745361328,0.006179716903716326,0.9984691739082336,,,,,,,,,,,,,0.011136282002553344,0.0018544987283348746,0.00019115000031888485,1.0950757620157674,0.0691394437976669,0.005806586006656289,0.05341929895803332,0.016535554942493036,0.0011120900744572282,0,0,0,,,,,1,0.234375,0,60
65,23168.839181009,1787580844.558943,0.3203125,1.3877787807814457e-17,324.245644569397,0.20767928659915924,1,-0.8571428656578064,0.46875,0.3352145850658417,0.002739196177572012,1.0085983276367188,0.982295036315918,0.9476237297058105,0,0,0.01802397519350052,0.0017601455328986049,1.0017616748809814,0.21871274709701538,-0.03701325133442879,-0.0359920896589756,0.017935626208782196,0.0017601455328986049,1.0000460147857666,0.5054240226745605,0.0017601455328986049,1,7,617.375,0.018836725867333474,0.03125,0,12799.5,0,23.58236661907773,0.0009272475647372618,0.5068231752590749,25788.1875,0.7584565324069861,9654.625,0.38078402541577816,0.6448119511399919,32927.78125,0.8493281986651051,10833.90625,0.45957961678504944,0.03810020776437653,0.41866843586882907,21372.125,0.7486894298006168,9564,11.849968612194061,0,0,1.4830382106985298,0.6508419385351638,0,23.730280574677405,0.0009228592155075355,,,,,,,,,,,,,,,,0.0234375,4786,8192,1542.8671875,2620.5546875,175,175,4096,4096,4096,28.96939589595422,11.939275759039447,,,,,,,,,1,-1,0.37457458863219695,0,0,1,,,,0,1.841151237487793,0.9999808669090271,,,,,,0.7695316076278687,0.01630796305835247,0.3808257579803467,0.006327176932245493,0.9984214305877686,,,,,,,,,,,,,0.008869742974638939,0.0018954218166982173,0.000189509941264987,1.042420611018315,0.07806437570980052,0.008128733956255019,0.0464822145877406,0.016475167530643375,0.0006269490113481879,0,0,0,,,,,1,0.3203125,0,82
66,23553.335053886,1787581220.7067194,0.3359375,3.469446951953614e-18,360.63511657714844,0.2695605456829071,1,-1,0.5625,0.346507728099823,0.003008379368111491,1.007838249206543,0.9840753078460693,0.9484281539916992,0,0,0.016463469713926315,0.0017756575252860785,1.001777172088623,0.23640237748622894,-0.05876687169075012,-0.0576990470290184,0.01611202023923397,0.0017756575252860785,0.9998735785484314,0.4632296562194824,0.0017756575252860785,1,6.96875,603.5,0.017268035335401614,0.03125,0,12342.9375,0,84.3680033851377,0.023558944970705185,0.5193699249284757,25298.3125,0.7761222502389993,9465.28125,0.40445786342024803,0.6535958805061481,32158.40625,0.8637768791344945,10597.125,0.49383750185370445,0.034253985989580855,0.4279831961395265,20948.09375,0.7640343930444506,9366.53125,11.097399055957794,0,0,1.539684434086723,0.6355253215093203,0,65.67576521453734,0.028841947663311725,,,,,,,,,,,,,,,,0.03125,5417,8192,1959.4765625,3258.9453125,174,174,4096,4096,4096,32.08688872004859,11.943432194995694,,,,,,,,,1,-1,0.3253726278265821,0,0,1,,,,3.987034233432496e-06,2,0.9999995827674866,,,,,,2.045595169067383,0.015090124681591988,0.37753796577453613,0.0058716051280498505,0.9984764456748962,,,,,,,,,,,,,0.009756922954693437,0.001677830092376098,0.00025977997574955225,1.2289902999764308,0.09132304788681722,0.012578400084748864,0.13244686112739146,0.018474727441571304,0.0010412089759483933,0,0,0,,,,,1,0.3359375,0,86
67,23927.97357398,1787581605.1858838,0.34765625,9.107298248878237e-18,369.1720235347748,0.20213831961154938,1,-1,0.5,0.31774455308914185,0.0031577772460877895,1.0060443878173828,0.983068585395813,0.9422831535339355,0,0,0.017170343548059464,0.0014185910113155842,1.0014196634292603,0.19676029682159424,-0.05725879594683647,-0.05635562539100647,0.017129898071289062,0.0014185910113155842,0.999982476234436,0.4162616729736328,0.0014185910113155842,1,7.0625,703.90625,0.018065640134665537,0.03125,0,15675.8125,0,12.462133805453323,0.0007133563462501629,0.4982271035011733,30904.90625,0.7472533051353687,11598.5,0.49577444745227695,0.641942452314376,40038.8125,0.842545426897747,13117.4375,0.4886896349489689,0.036448777841433584,0.4107570713973966,25463.65625,0.7401996707033489,11499.46875,12.052880048751831,0.0625,0,1.7776009429502464,0.6357224581235601,0,11.733560792700679,0.0007120068253618273,,,,,,,,,,,,,,,,0.03515625,5382,8192,1955.38671875,3179.1875,206,206,4096,4096,4096,32.54255022399593,12.03629122802522,,,,,,,,,1,-1,0.29987242185261903,0,0,1,,,,1.997686695176526e-06,2,1.0000207424163818,,,,,,6.463630676269531,0.015627358108758926,0.9187089800834656,0.006071237847208977,0.9984450936317444,,,,,,,,,,,,,0.009708822937682271,0.0018674232592275075,0.0002842100802809,1.2312004669802263,0.08316817844297475,0.008193604066036642,0.14298816991504282,0.020102433624742844,0.0009052790701389313,0,0,0,,,,,1,0.34765625,0,89
68,24360.313907348,1787581979.5197988,0.23828125,1.734723475976807e-17,359.1921396255493,0.154928058385849,1,-1,0.5,0.31956028938293457,0.0020326748490333557,1.0039653778076172,0.9815832376480103,0.9358601570129395,0,0,0.018686437979340553,0.0011654002591967583,1.0011661052703857,0.22587049007415771,-0.01936635747551918,-0.018904149532318115,0.01866505853831768,0.0011654002591967583,1.0000815391540527,0.0015591243281960487,0.0011654002591967583,1,7.03125,742.125,0.01955094882633696,0.03125,0,15643.09375,0,20.359563711915275,0.0006302069720938092,0.5059777835097048,31274.25,0.7580149783807506,11725.90625,0.6264191810041666,0.6472461974650741,40266.625,0.8511317283211526,13214.46875,0.4928527344018221,0.0422954541786523,0.4165654660016389,25809.25,0.7486593569708482,11615,13.504862606525421,0.03125,0,1.5738141013833387,0.6041320133278185,0,19.541629292601087,0.0006511025117924203,,,,,,,,,,,,,,,,0.03125,5769,8192,1810.78515625,2910.0546875,180,180,4096,4096,4096,29.93359918007627,11.550043586990796,,,,,,,,,1,-1,0.32043497223082784,0,0,1,,,,2.1572134301095502e-06,2,1.0000059604644775,,,,,,0.7048401832580566,0.01555267907679081,0.18895196914672852,0.00601239874958992,0.9984925985336304,,,,,,,,,,,,,0.016909857047721744,0.001764870594797685,0.00024785997811704874,0.1600831289542839,0.061662450244512,0.011251881951466203,0.1731161979259923,0.01524693085002582,0.0009818089893087745,0,0,0,,,,,1,0.23828125,0,61
69,24817.529689673,1787582411.7121444,0.35546875,1.214306433183765e-17,416.21632838249207,0.2090061604976654,1,-1,0.5,0.32644861936569214,0.002201790688559413,1.0075206756591797,0.9832025766372681,0.9481415748596191,0,0,0.017254361882805824,0.001331383129581809,1.0013322830200195,0.24860692024230957,-0.056808046996593475,-0.056028418242931366,0.016996540129184723,0.001331383129581809,0.9999865889549255,0.4941878318786621,0.001331383129581809,1,7.03125,621.8125,0.017966120573768445,0.03125,0,14486.28125,0,32.51636344426562,0.0014198855360674446,0.5082291631115905,29121,0.7612680834940179,10920.0625,0.403259564191103,0.6527525521006518,37592.28125,0.8558899070515166,12310.1875,0.5059144534170628,0.042236236406711675,0.409176534574039,23690.25,0.7427724988162399,10742.96875,12.577616155147552,0.03125,0,1.560150147261949,0.6325833591645376,0,29.983337130097603,0.001269391582111943,,,,,,,,,,,,,,,,0.04296875,8192,8192,1783.50390625,2781.70703125,208,208,4096,4096,4096,29.587263683089986,11.527567527024075,,,,,,,,,1,-1,0.38215954569701244,0,0,1,,,,0,1.8549232482910156,0.9999039769172668,,,,,,0.7041813135147095,0.015193399041891098,0.2362065315246582,0.005898064933717251,0.9984853267669678,,,,,,,,,,,,,0.007558363955467939,0.0017109855980379507,0.0002633300609886646,0.18095353292301297,0.06639077141971939,0.005312616005539894,0.044493977911770344,0.014657116927082825,0,0,0,0,,,,,1,0.35546875,0,91
70,25216.05498534,1787582868.7548344,0.28125,3.469446951953614e-18,442.2722535133362,0.2838453948497772,1,-1,0.59375,0.3253278136253357,0.0030090142972767353,1.0068473815917969,0.9852365255355835,0.9586124420166016,0,0,0.015108872205018997,0.0018350060563534498,1.0018366575241089,0.24269655346870422,-0.03371855244040489,-0.03301241621375084,0.014917386695742607,0.0018350060563534498,0.999910295009613,0.49451327323913574,0.0018350060563534498,1,7,609.84375,0.015964562230540276,0.03125,0,14268.03125,0,15.865871512107894,0.025270046966075828,0.5079484649106093,28506.5625,0.7622342600954188,10725.875,0.40018350072205067,0.6560428831849389,37255.1875,0.8596014766578097,12173.8125,0.49093126505613327,0.033020873440934,0.4086884789657567,23138.65625,0.74178882595122,10511.15625,11.2833571434021,0,0,1.5296994699372246,0.620793699363571,0,18.930330485753757,0.021148654817460345,,,,,,,,,,,,,,,,0.08203125,8192,8192,2168.0625,3446.03515625,226,226,4096,4096,4096,34.92795240099076,10.675686559057795,,,,,,,,,1,-1,0.28121456692899327,0,0,1,,,,1.8017238971879124e-06,2,1.0000816583633423,,,,,,6.272080421447754,0.014817164279520512,0.9570067524909973,0.00573668722063303,0.9984836578369141,,,,,,,,,,,,,0.009289092966355383,0.0017081708883779356,0.00023429992143064737,1.20544144208543,0.09692564623173894,0.0034736579982563853,0.11368921399116516,0.017463427072016202,0,0,0,0,,,,,1,0.28125,0,72
71,25682.992165259,1787583268.2747555,0.34375,1.3877787807814457e-17,382.8823573589325,0.16298478841781616,1,-1,0.375,0.31502532958984375,0.001599739189259708,1.0091838836669922,0.9826610088348389,0.9576916694641113,0,0,0.017688307911157608,0.0010514955502003431,1.0010520219802856,0.20050083100795746,-0.007181938737630844,-0.00680032093077898,0.01753619872033596,0.0010514955502003431,1.0000758171081543,0.0018882956355810165,0.0010514955502003431,1,7.03125,745.34375,0.01840341178764175,0.03125,0,17344.5,0,21.643464670435087,0.0004580354736725608,0.49835369552855924,34213.0625,0.7491220326272718,12867.65625,0.6133251339197159,0.651028954451098,44935.03125,0.8494589355678046,14635.875,0.511717121116817,0.041726303437453,0.4023070298323694,27706.46875,0.7323787779559333,12605.125,12.183937668800354,0.03125,0,1.6167944039351316,0.5862885011207268,0,23.20920828520688,0.00044576615126315933,,,,,,,,,,,,,,,,0.05859375,5733,8192,2264.0390625,3600.06640625,228,228,4096,4096,4096,34.43813882104587,11.112989828921854,,,,,,,,,1,-1,0.3642156795423418,0,0,1,,,,1.725345669001399e-06,2,0.999941885471344,,,,,,0.8550758361816406,0.015266192145645618,0.3407704830169678,0.005899439565837383,0.9985033273696899,,,,,,,,,,,,,0.012602980015799403,0.0019246436136199918,0.0002662399783730507,1.0071985310642049,0.09502220499916803,0.00980664195958525,0.17961618676781654,0.018875920052778383,0.0009506599744781852,0,0,0,,,,,1,0.34375,0,88
72,26128.397995902,1787583733.7416835,0.37109375,1.3877787807814457e-17,451.13636684417725,0.25654280185699463,1,-1,0.5625,0.31759366393089294,0.0031627840362489223,1.0065374374389648,0.9827280044555664,0.9501361846923828,0,0,0.017508715391159058,0.0020844233222305775,1.0020866394042969,0.22389259934425354,-0.040214985609054565,-0.03865581005811691,0.017472656443715096,0.0020844233222305775,0.9999597072601318,0.4252510070800781,0.0020844232058152556,1,7.03125,794.15625,0.01843473838646308,0.03125,0,18112.3125,0,29.212987405023597,0.0006374710267595501,0.5022799785760368,36203.09375,0.7547668291562315,13616.28125,0.4160331068560481,0.6518108978781392,47244.25,0.8529745338947494,15434.25,0.5020780172199011,0.03940416654247499,0.4101434700780043,29628.375,0.7446628690926946,13460.125,12.011358678340912,0.03125,0,1.614874598905584,0.624964834028948,0,28.44462899421392,0.0006303620339964287,,,,,,,,,,,,,,,,0.0703125,8192,8192,2420.703125,3673.57421875,322,322,4096,4096,4096,35.960567435016856,12.01862052094657,,,,,,,,,1,-1,0.33407655239053047,0,0,1,,,,9.68210406426806e-06,2,1.0000437498092651,,,,,,6.0006513595581055,0.015428649261593819,0.9709436893463135,0.005960077978670597,0.9984617829322815,,,,,,,,,,,,,0.010728621971793473,0.0019042420854020747,0.00022177002392709255,1.1013721770141274,0.06627840815599484,0.004531526006758213,0.0435817459365353,0.017877777870580758,0,0,0,0,,,,,1,0.37109375,0,95
73,26580.167250657,1787584179.5772827,0.2578125,1.0408340855860843e-17,431.33287501335144,0.2346562147140503,1,-1,0.59375,0.32184121012687683,0.0025850993115454912,1.0062341690063477,0.9830359220504761,0.9517402648925781,0,0,0.017285924404859543,0.00155748357065022,1.0015586614608765,0.23771610856056213,-0.034519001841545105,-0.03360766917467117,0.01716451719403267,0.00155748357065022,1.0000238418579102,0.0024771355092525482,0.00155748357065022,1,7.1875,864.75,0.01808830948972342,0.03125,0,19365.625,0,103.93627405325631,0.023736522122889094,0.5108582232582304,39218.875,0.767295446584632,14747.1875,0.7587337573058903,0.6591772989344071,51045.625,0.8636267691924334,16675.6875,0.49281892366707325,0.03755932796752964,0.412764053385149,31746.28125,0.7489639680869091,14409.4375,12.819218695163727,0.1875,0,1.7846544556734885,0.580822425535501,0,109.51637108028292,0.022904868503775384,,,,,,,,,,,,,,,,0.07421875,8192,8192,2182.171875,3205.61328125,264,264,4096,4096,4096,32.867029050015844,10.663696337956935,,,,,,,,,1,-1,0.32926944490331744,0,0,1,,,,0,1.9398298263549805,0.9999843835830688,,,,,,1.1241965293884277,0.015685103833675385,0.2016180157661438,0.006067806389182806,0.9985116124153137,,,,,,,,,,,,,0.007152164005674422,0.001579143898197799,0.00020809995476156473,0.9041305580176413,0.07945957381753033,0.007250024937093258,0.1342607868136838,0.01475566812314355,0,0,0,0,,,,,1,0.2578125,0,66
74,26990.546439683,1787584633.2337613,0.30078125,1.0408340855860843e-17,436.8720214366913,0.20384538173675537,1,-1,0.5,0.337131530046463,0.0023448364809155464,1.0040216445922852,0.9845473766326904,0.9615015983581543,0,0,0.015678849071264267,0.0012823987053707242,1.0012832880020142,0.29916173219680786,0.008216310292482376,0.008305136114358902,0.01561245508491993,0.0012823987053707242,1.000049352645874,0.32491374015808105,0.0012823987053707242,1,7,759.09375,0.016526345832458895,0.03125,0,17457.375,0,15.994551398748293,0.0003893304579441003,0.5183684675027725,35685.625,0.7786202818998924,13443.21875,0.43700744584202766,0.6665294256427752,46442.46875,0.8734799382022821,15167.28125,0.48878041841089725,0.03282381700131486,0.41570197294008837,28675.46875,0.7545263628158319,13031.15625,12.00057852268219,0,0,1.5548434640388187,0.6196591689581763,0,15.915399028053962,0.0003894588916079192,,,,,,,,,,,,,,,,0.08203125,8192,8192,2335.47265625,3413.515625,269,269,4096,4096,4096,32.646339538972825,11.098369907937013,,,,,,,,,1,-1,0.34162725838766056,0,0,1,,,,3.345147206346155e-06,2,0.9999370574951172,,,,,,0.8686943054199219,0.01516084372997284,0.2156834602355957,0.005827394779771566,0.9985464215278625,,,,,,,,,,,,,0.008837883011437953,0.0018959505082420947,0.00025539996568113565,0.8673171600094065,0.0720771586597948,0.006196106085553765,0.04326275538187474,0.014832006157575961,0,0,0,0,,,,,1,0.30078125,0,77
75,27398.742751003,1787585041.1583753,0.265625,6.071532165918825e-18,392.71697902679443,0.2392190843820572,1,-1,0.5625,0.32687702775001526,0.0021013005170971155,1.0054311752319336,0.9845619201660156,0.959144115447998,0,0,0.015812043100595474,0.0015970536042004824,1.0015982389450073,0.2851637005805969,-0.022258685901761055,-0.02161477319896221,0.015604985877871513,0.0015970536042004824,0.9999415874481201,0.5081267356872559,0.0015970536042004824,1,7.0625,789.84375,0.016595766387507555,0.03125,0,18683.78125,0,34.36422748532053,0.02823630812190949,0.5176257142204459,38036.75,0.7781422290216063,14346.46875,0.41459596063941717,0.6690426479334947,49965.65625,0.8756075623933681,16271.96875,0.5298936758190393,0.035017552022515684,0.41032898589045497,30240.0625,0.7514332405869623,13851.28125,11.244256973266602,0.0625,0,1.6448311093038863,0.6286897410728252,0,32.266724961883554,0.02889598748969496,,,,,,,,,,,,,,,,0.0625,5768,8192,2456.3046875,3691.76171875,264,264,4096,4096,4096,33.24168829608243,12.883378791040741,,,,,,,,,1,-1,0.31542003094028026,0,0,1,,,,7.951476618472952e-06,2,1.0000264644622803,,,,,,7.1623382568359375,0.016574442386627197,0.9613869786262512,0.006305715534836054,0.9984444379806519,,,,,,,,,,,,,0.011148541001603007,0.001831885600950045,0.0002496099332347512,1.1759750759229064,0.058650493487220956,0.008805112913250923,0.0457736678654328,0.0162179805888627,0.0012859499547630548,0,0,0,,,,,1,0.265625,0,68
76,27789.160570379,1787585448.6280808,0.22265625,8.673617379884035e-18,393.73705077171326,0.1843050718307495,1,-1,0.46875,0.3395194411277771,0.001905231736600399,1.0053834915161133,0.9841227531433105,0.9570126533508301,0,0,0.016084063798189163,0.0012221761280670762,1.0012229681015015,0.23789146542549133,-0.027346178889274597,-0.026891667395830154,0.01603563129901886,0.0012221761280670762,0.9999769330024719,0.0007752394303679466,0.0012221761280670762,1,7.125,935.96875,0.01709697901469872,0.03125,0,19650.4375,0,28.720684986820928,0.0006604925934188745,0.5270741224330588,41290.625,0.7907027099536613,15496,1.2618297622830141,0.6721862330906336,52784.1875,0.8825181192151395,17315.84375,0.5447387136518955,0.033395957864506956,0.42491022704662684,33415.9375,0.7702170753216082,15132.46875,11.881897985935211,0.15625,0,1.8172151974743866,0.5159129320660552,0,25.47410622377309,0.0006381077379635179,,,,,,,,,,,,,,,,0.02734375,6401,8192,2179.140625,3160.08203125,307,307,4096,4096,4096,33.40876462392043,10.525527803925797,,,,,,,,,1,-1,0.29558830995083657,0,0,1,,,,7.17025795893278e-06,2,0.9999785423278809,,,,,,7.814083576202393,0.01642456464469433,0.9430835843086243,0.006267754826694727,0.9984865188598633,,,,,,,,,,,,,0.01510764891281724,0.0016371460533264326,0.0002169299405068159,0.9392962260171771,0.08547714913447635,0.013308040099218488,0.04218128917273134,0.013593005092388921,0.001204238971695304,0,0,0,,,,,1,0.22265625,0,57
77,28180.476456533,1787585839.5546823,0.24609375,5.637851296924623e-18,377.2535352706909,0.1880895495414734,1,-1,0.4375,0.3483287990093231,0.002030355390161276,1.0051794052124023,0.9853777885437012,0.9554224014282227,0,0,0.014918187633156776,0.0010456549935042858,1.0010461807250977,0.23744845390319824,0.004324349574744701,0.004473202861845493,0.014758983626961708,0.0010456549935042858,0.9999713897705078,0.0004040051717311144,0.0010456549935042858,1,7.0625,793.75,0.01578122384731987,0.03125,0,17433.125,0,26.323648119353628,0.00594420777398381,0.5280478729348752,36669.59375,0.7925754244321476,13774,0.7192934134509414,0.6740024323824197,46992.8125,0.884991109878601,15410.09375,0.552542514167726,0.0272220792081165,0.4249936147333254,29748.65625,0.7721952452797248,13495.21875,10.02235060930252,0.125,0,2.193791252620849,0.5773425914671764,0,27.524035948109308,0.005740559977081123,,,,,,,,,,,,,,,,0.0703125,5927,8192,2132.97265625,3133.79296875,303,303,4096,4096,4096,31.792787000071257,9.798692619078793,,,,,,,,,1,-1,0.2731617596567563,0,0,1,,,,7.325457318074768e-06,2,0.9999921321868896,,,,,,10.540637016296387,0.01674102060496807,0.651132345199585,0.006387826520949602,0.9984841346740723,,,,,,,,,,,,,0.009887962020002306,0.0017303491226812184,0.0002300090854987502,0.9373652489157394,0.07912102155205503,0.007833304000087082,0.1332686492241919,0.01288315905503623,0.0007317999843508005,0,0,0,,,,,1,0.24609375,0,63
78,28595.573423472,1787586232.6638477,0.3359375,1.214306433183765e-17,377.78426456451416,0.13774238526821136,1,-1,0.34375,0.355998694896698,0.0018883880693465471,1.0045166015625,0.9862691760063171,0.9603619575500488,0,0,0.014031809754669666,0.0008446440333500504,1.0008450746536255,0.17318026721477509,-0.005869213957339525,-0.005718643311411142,0.01385757327079773,0.0008446440333500504,0.9999780654907227,2.6439884095452726e-05,0.0008446440333500504,1,7.125,772.03125,0.014918343155659423,0.03125,0,17063.78125,0,42.94054691571319,0.03274397685394483,0.5419644693573303,36506.53125,0.8112003372515846,13696.375,0.8519959119148552,0.6826363211535711,46473.875,0.8988913206500697,15263.4375,0.5003439839929342,0.026060103658844924,0.43002045592483046,29363.09375,0.7831721121394359,13354.0625,9.944534599781036,0.125,0,1.7605400761240777,0.5800879241267967,0,44.341936736174205,0.03525859410029719,,,,,,,,,,,,,,,,0.06640625,5785,8192,2282.60546875,3325.44140625,235,235,4096,4096,4096,34.51200440910179,10.352625859086402,,,,,,,,,1,-1,0.2624453295839119,0,0,1,,,,5.133935701451264e-06,2,1.000035285949707,,,,,,6.628938674926758,0.01681407354772091,0.9831380248069763,0.006362946704030037,0.9984499216079712,,,,,,,,,,,,,0.01205275091342628,0.0017427852990294923,0.00020752998534590006,0.9026268550660461,0.07230663796599401,0.005808316054753959,0.1500723548233509,0.014300233448466315,0.0007194300414994359,0,0,0,,,,,1,0.3359375,0,86
79,29004.465153499,1787586648.3185825,0.40625,1.9081958235744878e-17,399.3458650112152,0.13371655344963074,1,-1,0.3125,0.35116472840309143,0.0012699539074674249,1.0057191848754883,0.9868254065513611,0.9635276794433594,0,0,0.013411398977041245,0.000635832897387445,1.0006359815597534,0.12938512861728668,0.00189194455742836,0.0017990078777074814,0.013285517692565918,0.000635832897387445,1.0000343322753906,0.0013215607032179832,0.000635832897387445,1,7.09375,848.3125,0.014355291600065129,0.03125,0,18260.84375,0,45.881139881386396,0.02434385324925649,0.5395570668347117,39045,0.8091807283674923,14668.09375,1.2277386138448492,0.6824049935121084,49790.65625,0.8981568219674307,16351.875,0.5520962439477444,0.022067671199832033,0.43157162983663433,31538.625,0.7843977147885668,14310.78125,9.128323674201965,0.09375,0,1.641361704227239,0.4953165967437607,0,45.90061253599029,0.025021972385433307,,,,,,,,,,,,,,,,0.0859375,6161,8192,2371.23828125,3478.9921875,282,282,4096,4096,4096,33.50845044001471,11.742274446063675,,,,,,,,,1,-1,0.33692789757345015,0,0,1,,,,1.4826114238530863e-05,2,1.0000005960464478,,,,,,8.341552734375,0.01674131490290165,0.8853835463523865,0.006359571125358343,0.9983997344970703,,,,,,,,,,,,,0.007845834014005959,0.001690248854629317,0.0003159699263051152,1.1336441199528053,0.08146596580263576,0.007900463067926466,0.044369648094289005,0.015748182914649078,0.0010209300089627504,0,0,0,,,,,1,0.40625,0,104
80,29470.030982024,1787587056.4320724,0.25,7.806255641895632e-18,391.963693857193,0.21185261011123657,1,-1,0.5,0.35109224915504456,0.0021274846512824297,1.0042972564697266,0.9854298830032349,0.9642658233642578,0,0,0.014798536896705627,0.001318361610174179,1.0013192892074585,0.21906033158302307,-0.02744530327618122,-0.026889711618423462,0.014699931256473064,0.001318361610174179,1.0000410079956055,0.00023840193171054125,0.001318361610174179,1,7.21875,908.0625,0.0157521705138444,0.03125,0,18969.90625,0,45.065412673850645,0.005991874712888222,0.5396155129074158,40567.3125,0.8088303670973512,15227.375,1.3536962314974517,0.6811321840835886,51608.84375,0.8972131814443128,16960.3125,0.5127014145255089,0.023481026236715233,0.43665660878800383,32970.0625,0.7903121147598854,14931.75,9.414698839187622,0.28125,0,1.9658452088853,0.4658610895556904,0,44.65711137426979,0.0058502571445818085,,,,,,,,,,,,,,,,0.02734375,6542,8192,2237.43359375,3074.9921875,231,231,4096,4096,4096,32.45205436099786,12.552877590991557,,,,,,,,,1,-1,0.3030457633656632,0,0,1,,,,1.5712756066932343e-05,2,0.9999902844429016,,,,,,6.985882759094238,0.017082225531339645,0.985940158367157,0.006473274435847998,0.9984530210494995,,,,,,,,,,,,,0.009703002986498177,0.0015596936705151165,0.0002185299526900053,1.304145671078004,0.12411737261300004,0.0044839560287073255,0.03902003087569028,0.012517190686139656,0.0007133800536394119,0,0,0,,,,,1,0.25,0,64
81,29867.061070455,1787587521.577866,0.3671875,3.469446951953614e-18,449.4478678703308,0.18067453801631927,1,-1,0.4375,0.36409687995910645,0.0022619394585490227,1.0033254623413086,0.985905110836029,0.9661092758178711,0,0,0.01430303230881691,0.0010840746108442545,1.001084566116333,0.2158239185810089,0.0018856131937354803,0.0021800659596920013,0.014219052158296108,0.0010840746108442545,1.0000629425048828,0.0009248470887541771,0.0010840746108442545,1,7.1875,841.875,0.015249996600788619,0.03125,0,17899.46875,0,20.524641732573798,0.0035338903907383675,0.5478091081890457,38740.875,0.8199330594565162,14521.5,1.1042516033630818,0.6858428088913424,48881.34375,0.9041440359816528,16083.75,0.5278268922120333,0.023403978541727724,0.4389398162539935,31343.71875,0.796543285675654,14209.125,9.58606731891632,0.28125,0,1.82584661067478,0.5092668537657171,0,18.92801097016951,0.0038520973049067,,,,,,,,,,,,,,,,0.10546875,8192,8192,2559.37109375,3747.49609375,311,311,4096,4096,4096,34.03815453196876,11.815892940037884,,,,,,,,,1,-1,0.30514299090419755,0,0,1,,,,1.5262537999660708e-05,2,0.9999983310699463,,,,,,8.536989212036133,0.016811538487672806,0.9566199779510498,0.006424493156373501,0.9983922839164734,,,,,,,,,,,,,0.009058673051185906,0.0018421468389533402,0.0002432999899610877,1.2831084069330245,0.08092420677985501,0.007453724043443799,0.04366652714088559,0.016430812799626437,0,0,0,0,,,,,1,0.3671875,0,94
82,30272.314901016,1787587918.9303145,0.3359375,3.469446951953614e-18,381.8869078159332,0.1760927140712738,1,-1,0.4375,0.35601985454559326,0.0018622583011165261,1.0051259994506836,0.9862748384475708,0.9644131660461426,0,0,0.013973670080304146,0.0009649875573813915,1.0009654760360718,0.17452694475650787,-0.003639393951743841,-0.003479279112070799,0.01384243369102478,0.0009649875573813915,1.0000272989273071,0.0001960796071216464,0.0009649875573813915,1,7.25,1015.65625,0.014899027846936114,0.03125,0,20474.96875,0,98.93393036757861,0.020185787045003845,0.5514122131364719,44723.75,0.8268427094517872,16798.90625,1.561905026261229,0.6941508124428286,56710.59375,0.9137409868226705,18634.34375,0.5532086007297039,0.021088955945618198,0.44036460642579267,35999.125,0.7988723021281882,16318.03125,8.609253704547882,0.3125,0,2.358263089551881,0.4362211921494904,0,95.23519053859687,0.025543884806510896,,,,,,,,,,,,,,,,0.0703125,5840,8192,2299.0078125,3463.328125,306,306,4096,4096,4096,35.063683054992,11.134831932024099,,,,,,,,,1,-1,0.32142857142857145,0,0,1,,,,4.587576768244617e-05,2,0.9999629259109497,,,,,,8.404967308044434,0.017795834690332413,0.8690253496170044,0.006701696664094925,0.9982420206069946,,,,,,,,,,,,,0.007882503909058869,0.001313146927714115,0.00019178004004061222,0.1753667170414701,0.06070374099545006,0.0031882869079709053,0.04304068721830845,0.014021133106325578,0.0008689600508660078,0,0,0,,,,,1,0.3359375,0,86
83,30685.117921846,1787588322.978536,0.3359375,6.938893903907228e-18,390.52108430862427,0.18442538380622864,1,-1,0.46875,0.37374553084373474,0.003831647802144289,1.0063648223876953,0.9865065813064575,0.9642724990844727,0,0,0.013695996254682541,0.0011385278776288033,1.0011391639709473,0.17086556553840637,-0.01995081454515457,-0.0194554403424263,0.013601711019873619,0.0011385278776288033,0.9999502301216125,0.00022375269327312708,0.0011385278776288033,1,7.40625,893.75,0.014906713765629274,0.03125,0,18392.0625,0,29.732546320582994,0.002268290808138225,0.5611812131179258,40837.1875,0.8371764614730265,15269.0625,2.480340227863053,0.6935011301363071,50932.28125,0.9169306963829555,16805.875,0.5432461984455585,0.020620951262008302,0.44878917127327456,32802.4375,0.811879881408566,14864.03125,8.59785145521164,0.84375,0,3.0343261767649126,0.29262334237110754,0,29.010337040165126,0.002236956431560604,,,,,,,,,,,,,,,,0.11328125,5830,8192,2408.375,3597.421875,313,313,4096,4096,4096,34.633618885069154,11.847562590963207,,,,,,,,,1,-1,0.3234066120763363,0,0,1,,,,4.054860619362444e-05,2,0.9999437928199768,,,,,,11.443422317504883,0.01833668351173401,0.9550211429595947,0.006912394426763058,0.9981290102005005,,,,,,,,,,,,,0.14877356693614274,0.0022723493866578792,0.00021795905195176601,1.181376714957878,0.08160381503967074,0.009199663065373898,0.14544970903079957,0.015011318122560624,0.0012448690831661224,0,0,0,,,,,1,0.3359375,0,86
84,31104.896292218,1787588735.5312953,0.390625,5.204170427930421e-18,397.97438311576843,0.19929853081703186,1,-1,0.4375,0.3779565095901489,0.001977674663066864,1.003549575805664,0.9868704080581665,0.9647917747497559,0,0,0.013334596529603004,0.0010815478162840009,1.001082181930542,0.20806282758712769,0.019952043890953064,0.019892726093530655,0.013234548270702362,0.0010815478162840009,0.9999866485595703,1.0719762940425426e-05,0.0010815478162840009,1,7.40625,976.28125,0.014578580354447928,0.03125,0,19267,0,39.80758403636345,0.004088779146651277,0.5652363750787797,43207.40625,0.8419663306909708,16112.625,3.264508678286802,0.6954395234883323,53433.125,0.9204792402516586,17663.1875,0.5940286591649055,0.02069194562925903,0.4514659313753969,34793.84375,0.8156647051472895,15696.71875,8.932237267494202,0.78125,0,2.189386643412133,0.24203014549741828,0,39.21725404168464,0.0038118675451405994,,,,,,,,,,,,,,,,0.05859375,6469,8192,2223.97265625,3189.7578125,257,257,4096,4096,4096,32.1945859369589,9.833597873104736,,,,,,,,,1,-1,0.31134992453861954,0,0,1,,,,8.957787213148549e-05,2,0.9999614357948303,,,,,,8.240633964538574,0.01895429939031601,0.9818289279937744,0.007127258460968733,0.9979217052459717,,,,,,,,,,,,,0.010844712029211223,0.00163781906303484,0.00025173905305564404,0.9418099989416078,0.06599371728407277,0.0030154770938679576,0.13111639977432787,0.0149973638949632,0.0006702999817207456,0,0,0,,,,,1,0.390625,0,100
85,31509.352560568,1787589157.543464,0.2578125,1.734723475976807e-18,405.3711140155792,0.19422036409378052,1,-1,0.46875,0.3813002109527588,0.0030493857339024544,1.0040302276611328,0.9863030910491943,0.9633936882019043,0,0,0.013948098756372929,0.0010272555518895388,1.0010277032852173,0.17448145151138306,-0.008033925667405128,-0.008008381351828575,0.01381246093660593,0.0010272555518895388,0.9999614953994751,0.00026371655985713005,0.0010272555518895388,1,7.78125,927.875,0.015352914227085374,0.03125,0,17791.78125,0,36.4369595322198,0.005290622611769751,0.5678768492935611,40091.3125,0.8427331466016462,14904.1875,3.6042350670322776,0.6943024175066508,49310.34375,0.9198338964051573,16312.59375,0.6450411980040371,0.020119737293912886,0.45386448453116557,32299.1875,0.8171868582356606,14524.6875,7.6407023668289185,1.59375,0,14.474997205101701,0.19968401072558356,0,46.581373589330425,0.004178973297282341,,,,,,,,,,,,,,,,0.1015625,6239,8192,2505.94921875,3637.91796875,309,309,4096,4096,4096,32.691694951965474,10.366541701019742,,,,,,,,,1,-1,0.24484480715718013,0,0,1,,,,8.261590119218454e-05,2,0.9999233484268188,,,,,,10.8076810836792,0.019091011956334114,0.9648704528808594,0.007142625283449888,0.9979203343391418,,,,,,,,,,,,,0.011402421980164945,0.0016493602279297193,0.0002004099078476429,0.9828987980727106,0.0988479648149223,0.009928183048032224,0.04506409482564777,0.015818677943570947,0.0010425091022625566,0,0,0,,,,,1,0.2578125,0,66
86,31925.649753786,1787589561.2603183,0.29296875,3.469446951953614e-18,388.10016775131226,0.113472580909729,1,-1,0.28125,0.3824760913848877,0.0014583660522475839,1.0043649673461914,0.9866365194320679,0.959986686706543,0,0,0.013554662466049194,0.0005142651498317719,1.0005143880844116,0.13943606615066528,0.025350652635097504,0.025152958929538727,0.013473404571413994,0.0005142651498317719,0.9999455213546753,2.024341665674001e-05,0.0005142651498317719,1,7.6875,1047.125,0.015040589963111445,0.03125,0,20047.59375,0,39.72189624638536,0.0048148626770761135,0.5730720170963747,45763.9375,0.849530006003852,16982.4375,4.08761606621556,0.6980632493847128,55916.8125,0.9255043951981976,18526.59375,0.6216453248634934,0.020242506389230537,0.4563133544175705,36611.0625,0.8218424798687034,16488.15625,7.952882170677185,1.65625,0,3.888906428700957,0.153599590858323,0,39.358875753367684,0.002875759277401031,,,,,,,,,,,,,,,,0.0703125,6031,8192,2420.7109375,3502.8359375,318,318,4096,4096,4096,32.66286731406581,12.53084709693212,,,,,,,,,1,-1,0.29558830995083657,0,0,1,,,,0.0001065028045559302,2,0.9998549818992615,,,,,,13.266752243041992,0.020587747916579247,0.978001058101654,0.007611216511577368,0.9974595904350281,,,,,,,,,,,,,0.010638761916197836,0.0016534214273633552,0.00024356902576982975,1.300953128025867,0.09074713647032695,0.005520256003364921,0.04527266521472484,0.01432849289085425,0.0010105390101671219,0,0,0,,,,,1,0.29296875,0,75
87,32333.01559764,1787589976.661785,0.26953125,3.469446951953614e-18,400.7688910961151,0.1664881706237793,1,-1,0.375,0.39368095993995667,0.0019420727621763945,1.0043621063232422,0.9875055551528931,0.9572877883911133,0,0,0.012684374116361141,0.0010297937551513314,1.0010303258895874,0.2094905823469162,0.004446346312761307,0.0047666095197200775,0.01259448193013668,0.0010297937551513314,0.9998482465744019,1.7311012925347313e-06,0.0010297937551513314,1,7.75,1010.46875,0.014657703109982271,0.03125,0,19365.6875,0,28.522630855902747,0.009210171378575958,0.5827896820801501,44934.8125,0.8605033881155475,16596.71875,5.045697269495577,0.7009176993472422,54211.15625,0.9309552842074037,17988.625,0.6277811508625746,0.020075073730650844,0.46202269315922,35866.6875,0.8308223731303594,16095.1875,8.51913982629776,2.0625,0,4.302949850388332,0.09905098127393108,0,29.522136442900653,0.008485489567412791,,,,,,,,,,,,,,,,0.1171875,6491,8192,2346.375,3333.71875,228,228,4096,4096,4096,31.558489119051956,11.865161265945062,,,,,,,,,1,-1,0.32043497223082784,0,0,1,,,,0.00013318416313268244,2,0.9997938871383667,,,,,,11.754886627197266,0.020970813930034637,0.9801791906356812,0.007715582847595215,0.9974361062049866,,,,,,,,,,,,,0.008802262949757278,0.0015634329124623036,0.00026802008505910635,1.2344510479597375,0.11699098257668084,0.008229273953475058,0.04644644679501653,0.014382912093878986,0.0011842299718409777,0,0,0,,,,,1,0.26953125,0,69
88,32732.339544348,1787590383.7790847,0.21875,3.469446951953614e-18,392.40352487564087,0.20356076955795288,1,-1,0.4375,0.3986254334449768,0.002442033728584647,1.0074653625488281,0.9881786108016968,0.9716463088989258,0,0,0.012030313722789288,0.0009474984835833311,1.0009479522705078,0.21599656343460083,0.007486569695174694,0.00744729395955801,0.01190882921218872,0.0009474984835833311,0.9998399019241333,7.850852853152901e-06,0.0009474984835833311,1,7.8125,991.6875,0.014018255136286566,0.03125,0,18771,0,94.09344757595068,0.01941068897224453,0.5849852314282437,43548.78125,0.8616196449444178,16065.9375,4.91179047501646,0.701088561034917,52527.03125,0.931677992500108,17426.6875,0.6229249257594347,0.018276357210242542,0.46053303110173216,34755.8125,0.8289412121069357,15578.96875,7.520045876502991,2.5,0,3.6353441739288685,0.0929532234490098,0,130.22619702784428,0.018970849923793793,,,,,,,,,,,,,,,,0.15625,6132,8192,2378.765625,3556.24609375,321,321,4096,4096,4096,35.643386050942354,10.877384972991422,,,,,,,,,1,-1,0.2901442287369986,0,0,1,,,,0.00014614984684158117,2,0.9998639822006226,,,,,,11.234140396118164,0.021351920440793037,0.9810506701469421,0.007802759297192097,0.9972778558731079,,,,,,,,,,,,,0.008344584028236568,0.0016009792120712518,0.00024545995984226465,1.1178200549911708,0.08412315792975278,0.0034076980082318187,0.13129204988945276,0.013688350398297189,0.00062964903190732,0,0,0,,,,,1,0.21875,0,56
89,33136.583561072,1787590784.4564707,0.38671875,-1.734723475976807e-18,384.9003117084503,0.17610368132591248,1,-1,0.375,0.4129151701927185,0.0021636295132339,1.0085935592651367,0.9894979596138,0.9714241027832031,0,0,0.01085703819990158,0.0006762796547263861,1.0006765127182007,0.10395421087741852,-0.03930800035595894,-0.0389985553920269,0.010578138753771782,0.0006762796547263861,0.9999109506607056,1.32152417791076e-05,0.0006762796547263861,1,7.875,960.375,0.012733550568985922,0.03125,0,19030.125,0,38.769334444754726,0.025930131482159037,0.592354467165354,44671.8125,0.8712677009245919,16453.34375,5.41496497252956,0.7052030880614888,53531.53125,0.9376397133574559,17765.625,0.6030664835125208,0.018117841867095412,0.4639570217873972,35429.28125,0.8356742432747613,15915.78125,8.070782840251923,2.78125,0,5.992821389654745,0.11055290219591056,0,39.351963582710574,0.029838632410093248,,,,,,,,,,,,,,,,0.0546875,5804,8192,2443.8671875,3487.73828125,391,391,4096,4096,4096,34.219789157039486,10.626504613086581,,,,,,,,,1,-1,0.2890431081471187,0,0,1,,,,0.00014705177454743534,2,0.9996631741523743,,,,,,13.047348976135254,0.021950136870145798,0.9860036969184875,0.007947883568704128,0.9968622326850891,,,,,,,,,,,,,0.009504222078248858,0.0016864159078977536,0.0002376509364694357,1.0093204460572451,0.09227936325214614,0.006344435969367623,0.15714214090257883,0.014253735212605534,0.0011201690649613738,0,0,0,,,,,1,0.38671875,0,99
90,33536.950422228,1787591187.8279397,0.234375,2.168404344971009e-18,388.6444592475891,0.14333359897136688,1,-1,0.375,0.39966630935668945,0.0016857688315212727,1.0048980712890625,0.9885828495025635,0.9675722122192383,0,0,0.011598052456974983,0.0007676590466871858,1.0007679462432861,0.10988215357065201,-0.02506018802523613,-0.024679264053702354,0.011499093845486641,0.0007676590466871858,0.9996943473815918,2.155798938474618e-06,0.0007676590466871858,1,7.9375,1004.96875,0.014371112760894266,0.03125,0,19550.9375,0,25.06031626281345,0.005928686215580492,0.5901003750112108,45925.65625,0.8664992958529097,16878.09375,7.008144645136781,0.7022940686168888,54897.09375,0.9339090456345692,18227.84375,0.6237250622361898,0.020660987691718327,0.46621810640362915,36407.15625,0.8362219114587074,16332.09375,7.100004971027374,2.875,0,5.219015260343228,0.035866284285761045,0,27.446396039589402,0.0018131343134037893,,,,,,,,,,,,,,,,0.10546875,6166,8192,2376.65234375,3393.94921875,392,392,4096,4096,4096,33.33386168896686,11.99169808998704,,,,,,,,,1,-1,0.2834733547569204,0,0,1,,,,0.0002366774424444884,2,0.9995470643043518,,,,,,15.073065757751465,0.023908089846372604,0.9961389303207397,0.00856015831232071,0.9962894916534424,,,,,,,,,,,,,0.008698452962562442,0.0014847187935629336,0.0002091799397021532,1.3314794619800523,0.13876408156875186,0.005897445953451097,0.1579582808772102,0.01446206908667591,0.0012159489560872316,0,0,0,,,,,1,0.234375,0,60
91,33963.48602126,1787591589.0490568,0.34375,0,385.7930827140808,0.1518300324678421,1,-1,0.40625,0.4253929555416107,0.0017549267504364252,1.00323486328125,0.9886234998703003,0.9704575538635254,0,0,0.011546953581273556,0.0007326055783778429,1.0007327795028687,0.22331836819648743,-0.003178531304001808,-0.002931601833552122,0.011459202505648136,0.0007326055783778429,0.9995560646057129,2.843480615410954e-07,0.0007326055783778429,1,7.90625,1012.21875,0.014893496736249224,0.03125,0,19013.21875,0,29.279044658115524,0.005826426365776379,0.5986468783073771,45380.75,0.8757969660968695,16597.0625,7.021594296267722,0.7050971305968222,53579.96875,0.9388149908199247,17818.3125,0.59828732162714,0.023193557958048835,0.47203365380033746,35867.75,0.8430711951210367,16015.46875,8.494251549243927,4.5,0,5.537146887419578,0.05901749474205799,0,30.81983876514903,0.002053890916056291,,,,,,,,,,,,,,,,0.0390625,6646,8192,2092.48828125,2896.0625,303,303,4096,4096,4096,28.747610233025625,11.007851724978536,,,,,,,,,1,-1,0.3030457633656632,0,0,1,,,,0.0001978804502869025,2,0.9995967745780945,,,,,,11.369524955749512,0.023915663361549377,0.9933223724365234,0.008603762835264206,0.9963060021400452,,,,,,,,,,,,,0.009985903045162559,0.0017400504907527647,0.000268360017798841,0.9516714399214834,0.08122675314234584,0.005832516006194055,0.1295821617823094,0.0124101387709743,0.0007121099624782801,0,0,0,,,,,1,0.34375,0,88
92,34378.018444769,1787592014.3498628,0.26171875,6.938893903907228e-18,410.43890857696533,0.1656482070684433,1,-1,0.375,0.4232591986656189,0.0026247163768857718,1.004878044128418,0.9892907738685608,0.9665884971618652,0,0,0.011006107553839684,0.0007617403753101826,1.0007619857788086,0.12389275431632996,-0.018873751163482666,-0.018683547154068947,0.010785982012748718,0.0007617403753101826,0.9996647834777832,1.1541902495082468e-05,0.0007617403753101826,1,7.8125,857.625,0.013927569243079651,0.03125,0,16739.90625,0,45.129939086069314,0.02762350645738382,0.5998315605600665,40042.375,0.8770828100028694,14632.0625,6.273570808174554,0.7050323027783774,47113.90625,0.9396124171258369,15685.40625,0.6748527428135276,0.019985724837302182,0.4684830731666162,31466.625,0.8397950644792668,14070.125,6.412140905857086,3.3125,0,4.272940991848005,0.07390042663471398,0,42.34194607952042,0.02719811838639161,,,,,,,,,,,,,,,,0.0859375,6344,8192,2601.08984375,3713.65625,340,340,4096,4096,4096,34.913587565068156,11.955296308966354,,,,,,,,,1,-1,0.3123724229381411,0,0,1,,,,0.0002703193749766797,2,0.9995588660240173,,,,,,13.293252944946289,0.02456776611506939,0.9971500039100647,0.008723179809749126,0.9956143498420715,,,,,,,,,,,,,0.010193952941335738,0.0015890710901658167,0.00024910992942750454,1.0376334571046755,0.08618027521515614,0.004339047009125352,0.14836124912835658,0.016095577860596677,0.0010624289279803634,0,0,0,,,,,1,0.26171875,0,67
93,34810.883247228,1787592427.890835,0.1640625,8.239936510889834e-18,400.29191756248474,0.19250203669071198,1,-1,0.46875,0.4080730974674225,0.001652147970162332,1.003824234008789,0.9892377853393555,0.9696369171142578,0,0,0.010930132120847702,0.0008970113703981042,1.0008974075317383,0.25700271129608154,0.021966811269521713,0.021869828924536705,0.010835234075784683,0.0008970113703981042,0.9996540546417236,1.6858311937539838e-06,0.0008970113703981042,1,7.90625,1113.625,0.014597335344019743,0.03125,0,20808.71875,0,30.34493719144257,0.004805393490024457,0.5988362715839827,49699.90625,0.874078458323245,18128.21875,7.654188861139119,0.7042786499961353,58544.8125,0.9370769710812507,19459.25,0.6123748980462551,0.021637259155617948,0.4690211228881357,39018.375,0.8396498841658813,17447.9375,6.956704258918762,5.625,0,6.669443558638287,0.03590929981426915,0,29.59638205375118,0.002421165139371099,,,,,,,,,,,,,,,,0.1015625,6047,8192,2497.03125,3750.2890625,238,238,4096,4096,4096,36.774211073992774,10.654928140924312,,,,,,,,,1,-1,0.28121456692899327,0,0,1,,,,0.0002862774417735636,2,0.9992792010307312,,,,,,13.218480110168457,0.02528066188097,0.9936002492904663,0.008935881778597832,0.9948391318321228,,,,,,,,,,,,,0.01122886105440557,0.0016214996080634592,0.00021579896565526724,0.9354672429617494,0.08281638301832572,0.0039248570101335645,0.04441522806882858,0.014440385932175559,0.0006021290319040418,0,0,0,,,,,1,0.1640625,0,42
94,35204.654430873,1787592862.7251596,0.4375,7.806255641895632e-18,418.8312997817993,0.15131238102912903,1,-1,0.40625,0.4170222282409668,0.0016326227923855186,1.006422996520996,0.9907026290893555,0.971064567565918,0,0,0.009654758498072624,0.0005668066442012787,1.0005669593811035,0.2265598177909851,-0.0021159739699214697,-0.0020021467935293913,0.009358174167573452,0.0005668066442012787,0.9994416832923889,1.8167156667914242e-06,0.0005668066442012787,1,7.78125,1043.1875,0.01350107757782277,0.03125,0,19976.25,0,70.04392591675548,0.054716797739179424,0.6036323468540958,47972.25,0.8808037115696541,17487.25,7.802805613959208,0.7083956422222483,56457.53125,0.9422109116754224,18754.53125,0.6202890938147902,0.02173101364485895,0.468337279617556,37608.1875,0.8405502953734865,16815.6875,6.9723838567733765,5.71875,0,10.658287862798929,0.08357477978522695,0,66.82662520264992,0.05342830052525037,,,,,,,,,,,,,,,,0.140625,6003,8192,2892.53515625,4268.1171875,315,315,4096,4096,4096,41.06223973899614,9.74197653902229,,,,,,,,,1,-1,0.31542003094028026,0,0,1,,,,0.00029845142853446305,2,0.9992228746414185,,,,,,14.193391799926758,0.025442909449338913,0.9974997043609619,0.009012595750391483,0.9942634701728821,,,,,,,,,,,,,0.010302591952495277,0.0017724691456351138,0.00022076989989727736,1.135820149909705,0.060330094721393834,0.008288183948025107,0.051461331895552576,0.01780390592148251,0.0009667290141806006,0,0,0,,,,,1,0.4375,0,112
95,35605.661870501,1787593255.5770118,0.3515625,7.806255641895632e-18,378.6105887889862,0.17670702934265137,1,-1,0.4375,0.39389508962631226,0.0020047437865287066,1.0041017532348633,0.988734245300293,0.9669651985168457,0,0,0.011368783190846443,0.0006610773270949721,1.0006613731384277,0.21324414014816284,0.0029242699965834618,0.0026650654617697,0.011341594159603119,0.0006610773270949721,0.9992331862449646,6.853106242488138e-07,0.0006610773270949721,1,7.875,1238.53125,0.016208984991721024,0.03125,0,23140.28125,0,53.46219216026118,0.004339169944350261,0.6008208798772823,55496.53125,0.8743845711317144,20191.90625,8.483616969315335,0.7033235031601267,65093.40625,0.9366144060802446,21652.4375,0.6723405364900827,0.024858610563962057,0.47068824724101216,43439.3125,0.8415363857291314,19444,7.513985753059387,6.90625,0,16.804667682938,0.010593231412460156,0,64.43291953531939,0.0006386685810482212,,,,,,,,,,,,,,,,0.09375,6003,8192,2270.51953125,3308.63671875,262,262,4096,4096,4096,31.290414304006845,11.773263650946319,,,,,,,,,1,-1,0.2575393768188564,0,0,1,,,,0.0004008581454399973,2,0.999203622341156,,,,,,14.46061897277832,0.02681908942759037,0.9952402710914612,0.009398001246154308,0.9940211772918701,,,,,,,,,,,,,0.010808971943333745,0.001419782137418224,0.00023771997075527906,1.1398325479822233,0.07857336990082331,0.005159656051546335,0.1514968948904425,0.013181664337935217,0.0006547700613737106,0,0,0,,,,,1,0.3515625,0,90
96,35989.757142491,1787593656.0751646,0.3359375,3.469446951953614e-18,386.1272351741791,0.13186493515968323,1,-1,0.3125,0.4236089885234833,0.0013464087387546897,1.0060405731201172,0.9900534152984619,0.9716463088989258,0,0,0.010273201391100883,0.0005531974602490664,1.0005533695220947,0.15584519505500793,0.003559262491762638,0.003671754151582718,0.010013861581683159,0.0005531974602490664,0.9993547201156616,5.246056389296427e-07,0.0005531974602490664,1,7.8125,952.15625,0.01477562096352109,0.03125,0,18164.15625,0,26.217872529331903,0.051533006500385156,0.6091862234589529,44155,0.8854383686557564,16025.96875,7.787731627235189,0.7070809145943326,51249.46875,0.9438944857136085,17097.59375,0.5728143192827702,0.023288675305957705,0.4729876839222245,34538.53125,0.8464171909815295,15412.53125,6.772015273571014,7.28125,0,6.588765428643229,0.06740532102265084,0,19.13793795039674,0.054410138926970414,,,,,,,,,,,,,,,,0.0390625,5952,8192,2337.39453125,3282.07421875,290,290,4096,4096,4096,32.11469648301136,10.657319409074262,,,,,,,,,1,-1,0.3030457633656632,0,0,1,,,,0.00043451160308904946,2,0.9990236163139343,,,,,,12.742764472961426,0.0285049881786108,0.9929482340812683,0.00982070341706276,0.9931630492210388,,,,,,,,,,,,,0.007271885056979954,0.0014967223501116678,0.00022740999702364206,0.15460238291416317,0.05389473706509307,0.0058774660574272275,0.04175671760458499,0.014573257039046439,0.001105159055441618,0,0,0,,,,,1,0.3359375,0,86
97,36395.398784327,1787594041.086164,0.29296875,0,370.5585651397705,0.1736004650592804,1,-1,0.40625,0.420931875705719,0.0020204149186611176,1.006220817565918,0.9898782968521118,0.9682035446166992,0,0,0.010315814055502415,0.0006464500911533833,1.000646710395813,0.1808493435382843,0.006457962095737457,0.006407923996448517,0.010192809626460075,0.0006464500911533833,0.9991544485092163,2.9233924578875303e-06,0.0006464500911533833,1,7.9375,1007.1875,0.016060373868043085,0.03125,0,18699.15625,0,60.41533720210187,0.0279290310905204,0.6102518431841012,45568.5,0.8843385014611008,16491.3125,8.042454762384295,0.7063095400604552,52728.59375,0.9426256628713703,17586.9375,0.6112751215696335,0.025933784860146386,0.47603678765509105,35660.5625,0.848460828013611,15872.03125,6.749252378940582,8.125,0,7.781813452794418,0.026399965465950873,0,64.26095702210972,0.025997998470312585,,,,,,,,,,,,,,,,0.05078125,5917,8192,2262.65234375,3215.34375,267,267,4096,4096,4096,33.07940338389017,10.382606613915414,,,,,,,,,1,-1,0.25877458475338283,0,0,1,,,,0.00042296876199543476,2,0.9989651441574097,,,,,,11.598832130432129,0.028196867555379868,0.9932373762130737,0.009740919806063175,0.9933847188949585,,,,,,,,,,,,,0.013280460028909147,0.001532745567146776,0.00022292998619377613,0.9730788549641147,0.09024642378290082,0.007472004042938352,0.04273924615699798,0.013587133352302772,0.0007446289528161287,0,0,0,,,,,1,0.29296875,0,75
98,36786.129031965,1787594446.5679908,0.27734375,1.0408340855860843e-17,390.8041191101074,0.1264825165271759,1,-1,0.28125,0.42809993028640747,0.001629395759664476,1.0054864883422852,0.9906247854232788,0.9716663360595703,0,0,0.009710868820548058,0.0004932121373713017,1.0004932880401611,0.10185041278600693,-0.0032893335446715355,-0.003265534993261099,0.00943676196038723,0.0004932121373713017,0.9992513060569763,9.176794264931232e-06,0.0004932121373713017,1,7.84375,958.9375,0.014589013817540842,0.03125,0,18101.21875,0,39.02630501581145,0.06163316539063197,0.6137804711767985,44341.8125,0.8896351986620159,16032.0625,6.777865416137502,0.7088162485144793,51137.8125,0.9468151061621528,17069.15625,0.5818243231624365,0.022802834989417615,0.47326795802838834,34470.0625,0.8484637731067931,15390.96875,6.325901985168457,7.65625,0,11.541433654520574,0.09313427311482125,0,35.95833133807811,0.049659851120972924,,,,,,,,,,,,,,,,0.05859375,6111,8192,2499.7109375,3596.55078125,544,676,4096,4096,4096,34.4759897980839,10.992360573960468,,,,,,,,,1,-1,0.3123724229381411,0,0,1,,,,0.0005172473029233515,2,0.9991176724433899,,,,,,13.644087791442871,0.029252801090478897,0.9935029745101929,0.010075707919895649,0.993344247341156,,,,,,,,,,,,,0.012980340048670769,0.0018491878690838348,0.00026701996102929115,1.158116764971055,0.11532849801733391,0.00890553300268948,0.14885837701149285,0.016706903986687394,0.0025835479609668255,0,0,0,,,,,1,0.27734375,0,71
99,38822.599388336,1787594836.8678565,0.3359375,3.469446951953614e-18,374.6622142791748,0.1874416172504425,1,-1,0.4375,0.43022486567497253,0.0013320565922185779,1.0025920867919922,0.9896090030670166,0.9689207077026367,0,0,0.010527221485972404,0.0006290790624916553,1.0006293058395386,0.18565760552883148,0.006800960283726454,0.00658818194642663,0.010459705255925655,0.0006290790624916553,0.9992319345474243,1.1869942682096735e-06,0.0006290790624916553,1,7.9375,1107.71875,0.016095792133861822,0.03125,0,19997.6875,0,23.897766999557128,0.0032040849277143813,0.6190938927359744,49436.40625,0.8940381506009012,17819.40625,8.52353193378076,0.7083929216967498,56572.53125,0.9475238207616976,18902.40625,0.5786724239587784,0.02602298107480831,0.48340956505552807,38586.28125,0.8577838949717074,17142.65625,7.357460618019104,10.34375,0,8.735748086312807,0.0015654079908671962,0,20.54331558970425,0.000653027162352842,,,,,,,,,,,,,,,,0.02734375,6302,8192,2061.640625,2932.34765625,259,259,4096,4096,4096,28.087553051067516,11.267935194075108,,,,,,,,,1,-1,0.2600039246171614,0,0,1,,,,0.0005248399102129042,2,0.9987784028053284,,,,,,11.244942665100098,0.02960415743291378,0.9943532943725586,0.01014338806271553,0.9936111569404602,,,,,,,,,,,,,0.011611092020757496,0.001521322176358808,0.00020779995247721672,1.0172870729584247,0.06672221971257386,0.004960007034242153,0.14635198074392974,0.012743771749228472,0.0006664290558546782,0,0,0,,,,,1,0.3359375,0,86
100,39212.877560134,1787596876.224507,0.31640625,3.469446951953614e-18,2022.485195159912,0.1259492039680481,1,-1,0.34375,0.43893665075302124,0.0011232891120016575,1.0084009170532227,0.9913694858551025,0.9684181213378906,0,0,0.009225970134139061,0.0004601080436259508,1.0004602670669556,0.1504324972629547,-0.00467693293467164,-0.004673190414905548,0.008692185394465923,0.0004601080436259508,0.9988846182823181,1.3073251466266811e-05,0.0004601080436259508,1,7.78125,889.40625,0.014489638556689314,0.03125,0,16493.125,0,38.247809030495645,0.1094166548422942,0.6199997131951998,40787.40625,0.895385740032944,14695.90625,6.700342790252762,0.7092883322492192,46702.25,0.9491467245564627,15604.6875,0.5417111739516258,0.023665816533950702,0.4777641602519551,31679.84375,0.852804599102423,14092.53125,6.224356949329376,8.65625,0,19.367925735159965,0.12804391112895808,0,47.817246845313655,0.10907206736369049,800,100,0.2874999940395355,0.2875,1626.1787809620146,0.09,6212,8192,2336.10009765625,3385.13625,225,225,4096,4096,4096,0.078125,6195,8192,2549.88671875,3741.8828125,245,245,4096,4096,4096,12.760420293244072,10.452105878968723,1,4.3021142204224816e-18,-1,0.14122166285219995,0.13,0.57,0.3,0.2875,1,-1,0.26122747925585343,0,0,1,0.0004927848614170216,2,0.9991375565528869,0.000586729496717453,2,0.9987844228744507,12.813301086425781,0.029261353854089976,0.9974288940429688,0.010086462735198438,0.9937118184566498,13.819000244140625,0.029238829389214516,0.9942470192909241,0.01009099930524826,0.9929447174072266,64.0802677309839,11.366834589975916,0.00016977009363472462,49.82259746210184,4.62804693986298,0.0007121689850464463,191.12733272905461,31.540076362150284,0.0006659099599346519,0,0,0,0.006907304981723428,0.0015823181524865504,0.00020278000738471746,0.9132710819831118,0.07555036216217559,0.005535666015930474,0.04571935394778848,0.014684715592466091,0.0009202689398080111,0,0,0,1,0.2875,0,2.3,1,0.31640625,0,81
101,39594.02943036,1787597263.8092394,0.33203125,4.7704895589362195e-18,373.06418800354004,0.12486817687749863,1,-1,0.3125,0.4243307113647461,0.0013178025837987661,1.005126953125,0.9909109473228455,0.9731297492980957,0,0,0.00938123743981123,0.0005147892516106367,1.0005149841308594,0.13056805729866028,-0.014240588992834091,-0.014101207256317139,0.009146145544946194,0.0005147892516106367,0.9988670349121094,9.96515154838562e-07,0.0005147892516106367,1,7.90625,1110.90625,0.015248618958733482,0.03125,0,20399.09375,0,31.787310831809915,0.05594093873226361,0.6211948239165404,50560.15625,0.8956831913829748,18191.40625,8.17993166251108,0.7091565786877092,57810.625,0.9489078770560879,19304.21875,0.5946854175999761,0.02426700039170556,0.47983759043691243,39190.9375,0.8571419047823812,17483.125,6.0693479180336,11.96875,0,8.9001592026409,0.06509399271145916,0,25.35852541898518,0.051689142262771874,,,,,,,,,,,,,,,,0.09765625,6003,8192,2205.25,3248,298,298,4096,4096,4096,31.40600639593322,12.36496603291016,,,,,,,,,1,-1,0.26122747925585343,0,0,1,,,,0.0005845425766892731,2,0.9989064931869507,,,,,,16.772111892700195,0.03022145666182041,0.9948983788490295,0.010363331995904446,0.9928281307220459,,,,,,,,,,,,,0.008659743005409837,0.0017988118211178517,0.0002536700339987874,1.2274823429761454,0.08363764439081933,0.0038414769805967808,0.17713227798230946,0.0140781188206347,0.0009056889684870839,0,0,0,,,,,1,0.33203125,0,85
102,39977.633917989,1787597645.588295,0.3046875,3.0357660829594124e-18,366.70795011520386,0.14000928401947021,1,-1,0.375,0.4410717189311981,0.0012231053551658988,1.0056848526000977,0.9899240732192993,0.9732513427734375,0,0,0.010255102068185806,0.0004709651693701744,1.0004711151123047,0.17450980842113495,0.014733263291418552,0.014552339911460876,0.010142656043171883,0.0004709651693701744,0.9991305470466614,5.199527208787913e-08,0.0004709651693701744,1,7.90625,967.625,0.016389423887389155,0.03125,0,17642,0,23.479057331992653,0.006612999659097731,0.6251174610815631,44041.15625,0.8995693072020611,15814.28125,8.01193041773513,0.7100739793945106,50051.3125,0.9510848218606565,16741.1875,0.57987105473876,0.025817759242008444,0.4852555769854481,34112.53125,0.8631542964375596,15205.25,5.7052834033966064,10.3125,0,9.050120857681096,0.028505935593302414,0,17.763509274653458,0.0026342023658573947,,,,,,,,,,,,,,,,0.03515625,5820,8192,2087.87890625,2971.9140625,250,250,4096,4096,4096,30.168223891989328,10.873155539971776,,,,,,,,,1,-1,0.1956151991089879,0,0,1,,,,0.0006117901648394763,2,0.99881511926651,,,,,,13.030468940734863,0.03115912899374962,0.9965412020683289,0.010709035210311413,0.9929582476615906,,,,,,,,,,,,,0.010554061969742179,0.0015698597035225248,0.0001797899603843689,1.1820775370579213,0.08867100610723355,0.009799042949452996,0.04434985003899783,0.013537604002067383,0.0008305989904329181,0,0,0,,,,,1,0.3046875,0,78
103,40363.752131145,1787598028.3567178,0.3359375,5.204170427930421e-18,368.3471851348877,0.06733137369155884,1,-1,0.1875,0.4376508891582489,0.0009970751125365496,1.0067672729492188,0.9898712635040283,0.9705452919006348,0,0,0.010359810665249825,0.0002457567024976015,1.0002458095550537,0.10184621810913086,0.0008551625651307404,0.0008070472395047545,0.010198425501585007,0.0002457567024976015,0.9990527629852295,2.1924970496911556e-06,0.0002457567024976015,1,7.9375,964.59375,0.01650482787668705,0.03125,0,16703.03125,0,24.642748908291285,0.03177800039238237,0.6286732869399074,42006.09375,0.9016418409259941,15033.21875,7.478088414296508,0.7104618200629584,47408.75,0.951991963920626,15873.0625,0.5854740105569363,0.02607000809526834,0.48874681524683483,32684.59375,0.8661685265644913,14486.375,6.004981815814972,10.21875,0,29.257929921138004,0.056253701914464896,0,42.25477983896894,0.026644241022951397,,,,,,,,,,,,,,,,0.08203125,5466,8192,2289.27734375,3464.01953125,198,198,4096,4096,4096,33.228360423934646,11.50785779405851,,,,,,,,,1,-1,0.30093392047058426,0,0,1,,,,0.0007610207539983094,2,0.9984676241874695,,,,,,13.471637725830078,0.03200379014015198,0.9983983635902405,0.01095100212842226,0.9922558665275574,,,,,,,,,,,,,0.010110271978192031,0.0016073048950602242,0.0002370800357311964,1.3239782670279965,0.1178177409633463,0.010131613002158701,0.04436758579686284,0.01501655149149883,0.0006489589577540755,0,0,0,,,,,1,0.3359375,0,86
104,40785.370635877,1787598414.473083,0.2890625,4.7704895589362195e-18,372.0404996871948,0.17064633965492249,1,-1,0.375,0.4379236698150635,0.002559117740020156,1.0072078704833984,0.9905272722244263,0.9721441268920898,0,0,0.00988699309527874,0.000766754848882556,1.0007669925689697,0.11726097762584686,-0.026444902643561363,-0.02617768757045269,0.009532948955893517,0.000766754848882556,0.9985020160675049,1.4103989087743685e-06,0.000766754848882556,1,7.90625,1104.5,0.016718847672567892,0.03125,0,18314.21875,0,16.852606615172224,0.05650350874860131,0.6308899461139443,46234.65625,0.9030396787205159,16504.4375,8.123741245479323,0.7095069847967359,51927.25,0.9522251292904409,17411.25,0.5706257112324238,0.026442043813528222,0.4886357276393829,35909.59375,0.8668203045085177,15915,6.164500296115875,13.9375,0,15.867869680248116,0.05521219728399768,0,20.929351179473088,0.05015650800894121,,,,,,,,,,,,,,,,0.05078125,5738,8192,2225.69921875,3392.3359375,243,243,4096,4096,4096,32.837810095981695,10.848272572970018,,,,,,,,,0.8571428571428572,-1,0.23145502494313788,0,0,1,,,,0.0008547173347324133,2,0.9985224008560181,,,,,,13.865056037902832,0.032471831887960434,0.9960805177688599,0.011058573611080647,0.9923441410064697,,,,,,,,,,,,,0.01357841002754867,0.001844759604864521,0.00022311904467642307,0.22887619701214135,0.07190344851960617,0.006775264977477491,0.14791582094039768,0.01695034346766988,0.0009711598977446556,0,0,0,,,,,1,0.2890625,0,74
105,41234.07850582,1787598835.586472,0.1640625,8.673617379884035e-18,407.5560863018036,0.0954153835773468,0.8571428656578064,-1,0.21875,0.441620409488678,0.0012486163759604096,1.007486343383789,0.9898577928543091,0.9733452796936035,0,0,0.010539349168539047,0.0003603340592235327,1.000360369682312,0.08641166985034943,0.002872199285775423,0.0028251241892576218,0.010211675427854061,0.0003603340592235327,0.998650074005127,9.516616046312265e-07,0.0003603340592235327,1,7.90625,1075.34375,0.017301621285369186,0.03125,0,17805.59375,0,39.64549684012326,0.0504664224975739,0.6335216572452509,45110.46875,0.9056583790695234,16079.78125,8.107501969207078,0.711189024827868,50555.0625,0.9537884745947727,16937.5,0.616383284330368,0.027360398773212256,0.4903172811162876,34983.5,0.8692969973408904,15492.71875,5.922637581825256,15.21875,0,7.884603843231813,0.06155457402374913,0,17.242990896956343,0.05016201395684912,,,,,,,,,,,,,,,,0.09375,7355,8192,2401.92578125,3682.18359375,208,208,4096,4096,4096,34.3529109810479,10.671131507959217,,,,,,,,,1,-1,0.2672612419124244,0,0,1,,,,0.0007302083540707827,2,0.9985626339912415,,,,,,14.778556823730469,0.030978938564658165,0.9949377775192261,0.010426576249301434,0.9929057359695435,,,,,,,,,,,,,0.009973631938919425,0.0014927718475519214,0.00021873903460800648,0.9387249390129,0.1018915935746918,0.005119487061165273,0.03890128282364458,0.013958746317712212,0.0007354699773713946,0,0,0,,,,,1,0.1640625,0,42
106,41641.096849263,1787599285.9132729,0.23828125,6.938893903907228e-18,435.1764302253723,0.14448785781860352,1,-1,0.34375,0.44650548696517944,0.0014456040225923061,1.0073432922363281,0.9907715320587158,0.9756579399108887,0,0,0.009496495127677917,0.0006004828028380871,1.0006006956100464,0.17355914413928986,-0.03246359899640083,-0.03212007135152817,0.009284362196922302,0.0006004828028380871,0.9988094568252563,3.817281140072737e-07,0.0006004828028380871,1,7.96875,1093.59375,0.01580665865088449,0.03125,0,19215.40625,0,25.22579229956539,0.0293753257384024,0.6323448505924469,48451.53125,0.9073557505421185,17348.09375,8.375327683519572,0.7139491564919156,54821.40625,0.9560946859532318,18316.40625,0.5710960477590561,0.02494105145066415,0.48767145892182784,37381.21875,0.8681402985306826,16662.34375,6.089225172996521,14.03125,0,8.352043192456147,0.031753769635438155,0,20.723782829334187,0.02418367713866686,,,,,,,,,,,,,,,,0.08203125,8192,8192,2433.74609375,3504.71484375,282,282,4096,4096,4096,34.971368822967634,10.330091538955458,,,,,,,,,1,-1,0.3144074439581966,0,0,1,,,,0.0006805352750234306,2,0.9985911846160889,,,,,,13.363410949707031,0.030481116846203804,0.989391565322876,0.010473495349287987,0.9930149912834167,,,,,,,,,,,,,0.011551740928553045,0.001697287571914785,0.00027614005375653505,0.9015467180870473,0.06676519423717764,0.0054464759305119514,0.05494439823087305,0.015192359595403104,0,0,0,0,,,,,1,0.23828125,0,61
107,42044.863524886,1787599693.3051548,0.31640625,6.938893903907228e-18,391.00820684432983,0.185642808675766,1,-1,0.4375,0.43768277764320374,0.001946292701177299,1.0076217651367188,0.9900482892990112,0.9703764915466309,0,0,0.010123216547071934,0.000866466318257153,1.0008668899536133,0.2516424357891083,-0.0055127390660345554,-0.0053775617852807045,0.010014940984547138,0.000866466318257153,0.998680055141449,1.5716077541583218e-06,0.000866466318257153,1,7.9375,1094.03125,0.016712485015544273,0.03125,0,19469.96875,0,19.864686105384656,0.0067329820055101654,0.6300185909725635,49070.5625,0.9018287162512799,17544.8125,8.638202099129558,0.7119218868612549,55433.21875,0.9527174474189131,18539.5,0.587979419156909,0.02654817666208929,0.4830097289728269,37580.1875,0.8600413262565421,16761.96875,6.296208620071411,13.25,0,14.297263644421946,0.0009149189512356728,0,24.0554623251382,0.0004634972806688898,,,,,,,,,,,,,,,,0.1015625,5992,8192,2503.35546875,3725.06640625,315,315,4096,4096,4096,33.41326721897349,11.840923135052435,,,,,,,,,1,-1,0.3282995769794685,0,0,1,,,,0.0006491287495009601,2,0.9987421035766602,,,,,,13.747228622436523,0.030605193227529526,0.9944159984588623,0.010484575293958187,0.9929056763648987,,,,,,,,,,,,,0.009937211987562478,0.001592395068200858,0.0002350399736315012,1.1730861120158806,0.09047354010226627,0.0038867570692673326,0.14361630310304463,0.015375895810848306,0.0009918400319293141,0,0,0,,,,,1,0.31640625,0,81
108,42464.707171844,1787600095.8408415,0.3515625,9.974659986866641e-18,388.002112865448,0.20988154411315918,1,-1,0.46875,0.4424380362033844,0.0019155214540660381,1.0058317184448242,0.9904660582542419,0.970855712890625,0,0,0.009706909768283367,0.0006730294553562999,1.0006731748580933,0.20846697688102722,-0.026684775948524475,-0.026617450639605522,0.009593497961759567,0.0006730294553562999,0.9988943934440613,1.0706680768635124e-06,0.0006730294553562999,1,7.96875,1129.9375,0.016093586513904065,0.03125,0,20026.84375,0,49.471336250894694,0.015758878650274085,0.6310308335032415,50554.5625,0.9043537511250548,18091.1875,8.716409985441715,0.7104493252863445,56887.84375,0.9526426972192354,19063.9375,0.5369068384170532,0.0254968604186579,0.4879318176410905,39100.1875,0.8689854570855589,17419.71875,5.803357720375061,13,0,10.069081414935193,0.017785089376496387,0,52.58675270948821,0.002493643307552683,,,,,,,,,,,,,,,,0.08203125,6377,8192,2296.8046875,3377.40625,326,326,4096,4096,4096,33.89132178097498,12.077253608033061,,,,,,,,,1,-1,0.2600039246171614,0,0,1,,,,0.0006564827053807676,2,0.9989554286003113,,,,,,13.084126472473145,0.030537819489836693,0.9961315393447876,0.01048415806144476,0.9931962490081787,,,,,,,,,,,,,0.011225002002902329,0.0015636158127563249,0.00020626990590244532,1.2103778859600425,0.08745244532065044,0.009933511959388852,0.1455066178459674,0.014194680106356827,0.0006796290399506688,0,0,0,,,,,1,0.3515625,0,90
109,42917.507791195,1787600515.573039,0.29296875,1.734723475976807e-17,405.8092956542969,0.13739636540412903,1,-1,0.3125,0.4515078365802765,0.0011251744581386447,1.0059213638305664,0.9909816384315491,0.967555046081543,0,0,0.009171581827104092,0.0004546850686892867,1.0004547834396362,0.15744471549987793,-0.01304292120039463,-0.012961648404598236,0.009071668609976768,0.0004546850686892867,0.999181866645813,2.077951648971066e-06,0.0004546850686892867,1,7.9375,1028.34375,0.014940516499135751,0.03125,0,18374.4375,0,18.488145809125538,0.03411049525513041,0.6309642131144974,46323.5,0.9055604530680073,16586.96875,7.537565195409115,0.7105034533079972,52139.6875,0.9539242801671202,17488.25,0.5722469948232174,0.02361602527581405,0.4898269049554559,35949.09375,0.8698240838218056,15984.34375,5.599563121795654,12.0625,0,16.182166834497394,0.04147153171839234,0,23.35276097516975,0.020478107842517634,,,,,,,,,,,,,,,,0.07421875,6430,8192,2432.2890625,3539.671875,288,288,4096,4096,4096,34.5418692099629,10.926932045957074,,,,,,,,,1,-1,0.37029359559513786,0,0,1,,,,0.0006054610130377114,2,0.9989408850669861,,,,,,13.082935333251953,0.029707355424761772,0.9889110326766968,0.010259776376187801,0.9937503337860107,,,,,,,,,,,,,0.014511089073494077,0.0015448401436515269,0.0002307200338691473,0.8709304620278999,0.08006702580723868,0.0038298070430755615,0.04841459193266928,0.015132249333873915,0.0009008190827444196,0,0,0,,,,,1,0.29296875,0,75
110,43337.502942588,1787600967.3960705,0.265625,7.806255641895632e-18,438.50339436531067,0.26234671473503113,1,-1,0.59375,0.4521941542625427,0.002721554134041071,1.0075492858886719,0.9909206032752991,0.9755654335021973,0,0,0.00928629282861948,0.0008600285509601235,1.0008604526519775,0.28506001830101013,-0.021677633747458458,-0.021624352782964706,0.009133554063737392,0.0008600285509601235,0.9990357756614685,2.0804327505175024e-06,0.0008600285509601235,1,8,1077.21875,0.014868176483414475,0.03125,0,19458.3125,0,20.312084286165028,0.011391349311330155,0.6300155823540452,49016.15625,0.9061719576455239,17599.0625,8.014668389223516,0.7119435895337094,55350.84375,0.9547043422225279,18548.71875,0.6150869745761156,0.023150030316170786,0.4902825709286015,38139.71875,0.870065185996612,16945.0625,5.843432009220123,11.78125,0,9.033102986927666,0.02128051763294854,0,20.011566754391,0.0021043180655773343,,,,,,,,,,,,,,,,0.0859375,8027,8192,2580.703125,3544.2265625,356,356,4096,4096,4096,33.23473597201519,10.589632311020978,,,,,,,,,1,-1,0.24999999999999997,0,0,1,,,,0.0005358277703635395,2,0.9991526007652283,,,,,,11.939395904541016,0.028530526906251907,0.9965611696243286,0.00985942967236042,0.9944050908088684,,,,,,,,,,,,,0.14158463303465396,0.0020373413481138414,0.0002799000358209014,0.9040295369923115,0.0658206364405487,0.00352961802855134,0.14328601106535643,0.014463747912941471,0.0011730189435184002,0,0,0,,,,,1,0.265625,0,68
111,43768.496379377,1787601389.5922043,0.40625,9.540979117872439e-18,406.8753776550293,0.12568920850753784,1,-1,0.3125,0.4482845962047577,0.0015105858910828829,1.0049333572387695,0.9916143417358398,0.9704103469848633,0,0,0.008610665798187256,0.0004030324053019285,1.0004030466079712,0.12597769498825073,0.005461749620735645,0.005472815595567226,0.008432319387793541,0.0004030324053019285,0.9992398023605347,6.528094672830775e-06,0.0004030324053019285,1,7.9375,1096.125,0.013398501881222772,0.03125,0,20645.625,0,36.166876593229155,0.018030783784392386,0.6228164899728506,51573.21875,0.8989458565698949,18567.65625,7.278550733812153,0.711194663640861,58695.90625,0.9519396520330885,19648.0625,0.630254996009171,0.020713427245472617,0.48181678185291105,40064.4375,0.8585153581225741,17822.625,5.275986075401306,11.0625,0,10.304485648286473,0.06116111147683393,0,37.11571105308126,0.0077901389145528625,,,,,,,,,,,,,,,,0.07421875,6330,8192,2603.0859375,3610.36328125,386,386,4096,4096,4096,33.77906528604217,9.900723475962877,,,,,,,,,1,-1,0.2879377767249482,0,0,1,,,,0.0004696949035860598,2,0.9992172122001648,,,,,,14.596291542053223,0.028875058516860008,0.9957572817802429,0.010003063827753067,0.9942766427993774,,,,,,,,,,,,,0.009752772049978375,0.0015774224812048487,0.0002631900133565068,0.8722462919540703,0.06868920255237754,0.007548874011263251,0.038840183755382895,0.013949030819276231,0.0005549199413508177,0,0,0,,,,,1,0.40625,0,104
112,44216.529909934,1787601820.693204,0.37109375,7.806255641895632e-18,414.8139548301697,0.16318011283874512,1,-1,0.375,0.45313581824302673,0.001646850141696632,1.0061941146850586,0.9913786053657532,0.9762234687805176,0,0,0.008899079635739326,0.0006584906950592995,1.000658631324768,0.10604735463857651,-0.028049742802977562,-0.02763388305902481,0.008670266717672348,0.0006584906950592995,0.9993502497673035,4.580485892802244e-07,0.0006584906950592995,1,7.96875,1111.96875,0.01381701475620931,0.03125,0,20824.6875,0,21.192612727650577,0.024050692492733703,0.62788622318166,52192.5,0.9046782172296846,18781.4375,8.045096587389708,0.7101197961604344,59080.40625,0.9533722606613358,19817.84375,0.5666797803714871,0.022099699414975325,0.4880094404022511,40699.1875,0.868638749438006,18104.0625,5.850481390953064,9.78125,0,7.966743314828124,0.02279733291094738,0,20.019112051015224,0.011480010748542937,,,,,,,,,,,,,,,,0.078125,6437,8192,2665.26171875,3696.4140625,340,340,4096,4096,4096,34.6486896580318,11.96274230198469,,,,,,,,,1,-1,0.310324057088978,0,0,1,,,,0.0004587377770803869,2,0.9991488456726074,,,,,,12.603214263916016,0.02815292961895466,0.9880508780479431,0.009749450720846653,0.9946486353874207,,,,,,,,,,,,,0.010883150971494615,0.0016908688076000544,0.0002609799848869443,1.1982844769954681,0.08758108476331472,0.01174058101605624,0.04009356186725199,0.014618979857914383,0.0008785090176388621,0,0,0,,,,,1,0.37109375,0,95
113,44675.778667741,1787602267.250918,0.38671875,-6.938893903907228e-18,431.4563500881195,0.19334563612937927,1,-1,0.4375,0.4505128264427185,0.001859437208622694,1.0049724578857422,0.9914189577102661,0.9793272018432617,0,0,0.008746829815208912,0.0005423473194241524,1.0005425214767456,0.1343836486339569,-0.015135541558265686,-0.015162081457674503,0.008627567440271378,0.0005423473194241524,0.9992672204971313,3.361199560458772e-06,0.0005423473194241524,1,7.9375,1130.8125,0.013611423031771815,0.03125,0,21322.09375,0,21.52887391569044,0.006929068190788038,0.6244363783288157,53195.875,0.9018070591966652,19191.90625,7.8404771708883345,0.709886791509647,60506.34375,0.9526630343055738,20288.75,0.5945848356932402,0.02164404979117687,0.48603823735040874,41532.0625,0.8667257527450418,18505.15625,6.728578746318817,9.78125,0,7.672542257885223,0.02830683041079652,0,18.691393885564054,0.00220010909487245,,,,,,,,,,,,,,,,0.12890625,6775,8192,2901.1796875,4008.36328125,381,381,4096,4096,4096,38.84228429500945,12.11223821400199,,,,,,,,,1,-1,0.30199168795156717,0,0,1,,,,0.00040393052040599287,2,0.9992360472679138,,,,,,13.206155776977539,0.027150822803378105,0.9905532598495483,0.009467244148254395,0.9948927760124207,,,,,,,,,,,,,0.009718432906083763,0.001381827245495515,0.00021305005066096783,1.0071973910089582,0.07719170002110332,0.007628454943187535,0.16036751004867256,0.014769850921311445,0.0009638889459893107,0,0,0,,,,,1,0.38671875,0,99
114,45138.367036285,1787602725.9871984,0.453125,1.0408340855860843e-17,443.64587664604187,0.1621903032064438,1,-1,0.375,0.4500492215156555,0.0014115157537162304,1.006875991821289,0.9910546541213989,0.9707703590393066,0,0,0.009112678468227386,0.0005025012651458383,1.0005027055740356,0.16344738006591797,-0.0009320834651589394,-0.0009786072187125683,0.008997134864330292,0.0005025012651458383,0.9992779493331909,1.8392438505543396e-06,0.0005025012651458383,1,7.9375,1198.1875,0.013673190327004462,0.03125,0,23209.4375,0,22.379179798952805,0.006776914985016789,0.6232881826212466,57743.5,0.9012663460095156,20866.59375,8.255620862008072,0.7098055254618013,65844.875,0.9521126201880898,22065.40625,0.5763183906674385,0.0215297990411561,0.48616332767010006,45020.46875,0.8672864115589507,20108.1875,7.051284670829773,9.375,0,7.18110559038242,0.01678207142026862,0,22.733477703255154,0.0023877550963831203,,,,,,,,,,,,,,,,0.078125,6974,8192,3016.80078125,4099.41015625,393,393,4096,4096,4096,39.99294338701293,10.928395497030579,,,,,,,,,1,-1,0.28571428571428575,0,0,1,,,,0.0004221152048557997,2,0.9994263648986816,,,,,,13.85541820526123,0.027217086404561996,0.984326183795929,0.009535782970488071,0.994617223739624,,,,,,,,,,,,,0.009045024053193629,0.001722368021546572,0.00020504998974502087,1.2051158510148525,0.08198125402668666,0.005447795963846147,0.13027854985557497,0.0152983342159132,0.0006603499641641974,0,0,0,,,,,1,0.453125,0,116
115,45600.934413841,1787603187.550744,0.21875,1.3444106938820255e-17,449.08268570899963,0.15665961802005768,1,-1,0.375,0.43600860238075256,0.0014281636103987694,1.0020112991333008,0.9913581609725952,0.9714627265930176,0,0,0.008721811696887016,0.0003138084430247545,1.0003138780593872,0.21129873394966125,-0.014554518274962902,-0.01462576724588871,0.008688537403941154,0.0003138084430247545,0.9994643926620483,9.608775144442916e-07,0.0003138084430247545,1,7.9375,1253.71875,0.013314881297216733,0.03125,0,24134.40625,0,39.43198251647777,0.02552007047477945,0.6208333850691846,59847.3125,0.8990279931061611,21655.1875,7.8764293268322945,0.7083780965130946,68344.59375,0.9510530484257927,22922.96875,0.5596352973952889,0.020554680242731344,0.48624266289297213,46911.71875,0.8663397689228075,20919.96875,6.053939759731293,10.1875,0,33.898339422238614,0.04042461582613649,0,59.691192983578766,0.023276355589066326,,,,,,,,,,,,,,,,0.11328125,7993,8192,2775.63671875,3851.5859375,379,379,4096,4096,4096,37.94745044305455,10.145927013945766,,,,,,,,,1,-1,0.30514299090419755,0,0,1,,,,0.0003349456819705665,2,0.9995912909507751,,,,,,12.160967826843262,0.026018325239419937,0.9954091310501099,0.009121671319007874,0.9955659508705139,,,,,,,,,,,,,0.008081493899226189,0.0014498811683552049,0.00022424908820539713,0.918442107969895,0.07708785200748025,0.00637210498098284,0.1242398169124499,0.013683932981621183,0.0007706489413976669,0,0,0,,,,,1,0.21875,0,56
116,46025.344075046,1787603652.028843,0.21484375,8.239936510889834e-18,450.0886890888214,0.18142801523208618,1,-1,0.40625,0.45679473876953125,0.0014189985813573003,1.0053110122680664,0.9922360181808472,0.9763212203979492,0,0,0.007976566441357136,0.0004238341934978962,1.0004239082336426,0.2087344378232956,-0.011291579343378544,-0.011213053949177265,0.007804501336067915,0.0004238341934978962,0.9996191263198853,5.230693204794079e-06,0.0004238341934978962,1,7.90625,1089.125,0.011628589150643937,0.03125,0,22205.09375,0,21.19763800439973,0.013828988553792826,0.620554403395261,55022.4375,0.9021230887169578,19986.59375,7.679001978132874,0.7122952476109681,63290.65625,0.9549929766882392,21187.53125,0.5705746561288834,0.017735130105502976,0.4827577926924397,42925.3125,0.8640165124925709,19184.5625,5.469868898391724,7.4375,0,6.021516485946284,0.005460554552584915,0,18.762312455486647,0.0016432655638258743,,,,,,,,,,,,,,,,0.16015625,7634,8192,2955.96875,4136.71484375,829,939,4096,4096,4096,38.65591679897625,9.158299289061688,,,,,,,,,1,-1,0.2845960259019505,0,0,1,,,,0.0002761890646070242,2,0.9995712041854858,,,,,,10.916003227233887,0.025123989209532738,0.9863395094871521,0.008867119438946247,0.9960035681724548,,,,,,,,,,,,,0.0101765519939363,0.0015047650713313487,0.00022395001724362373,0.8883058700012043,0.0785928819836954,0.008048544055782259,0.16553255484905094,0.01432532054695912,0.001961158006452024,0,0,0,,,,,1,0.21484375,0,55
117,46507.690525809,1787604076.804849,0.484375,1.734723475976807e-18,409.57116293907166,0.15561822056770325,1,-1,0.34375,0.4535309672355652,0.0012578993337228894,1.0005416870117188,0.9914393424987793,0.9756946563720703,0,0,0.008609375916421413,0.000496541615575552,1.000496745109558,0.1548246145248413,-0.014313971623778343,-0.014127574861049652,0.008606238290667534,0.000496541615575552,0.9996121525764465,1.8165184883400798e-05,0.000496541615575552,1,7.96875,1156.21875,0.01207825415662266,0.03125,0,23647.75,0,21.105869279215952,0.005326057641816062,0.6184053416037827,58252.5625,0.9003560544389887,21218.90625,7.344307757099159,0.7135838218226334,67462.34375,0.955546117721233,22558.25,0.5476526655256748,0.01818330083477527,0.4851941544310643,45722.5,0.8663057942462608,20443.15625,6.578601598739624,6.53125,0,5.26426838874103,0.030221847832850993,0,21.265245767793914,0.0019236779741427488,,,,,,,,,,,,,,,,0.046875,6775,8192,2611.8203125,3383.46484375,431,431,4096,4096,4096,34.24364131502807,10.960119980038144,,,,,,,,,1,-1,0.3642156795423418,0,0,1,,,,0.0002916428493335843,2,0.9995532631874084,,,,,,14.04970645904541,0.026281164959073067,0.9805704951286316,0.009291297756135464,0.9959185719490051,,,,,,,,,,,,,0.008808334008790553,0.0014121599233476445,0.00023895001504570246,1.386289315065369,0.09740616361978027,0.00836424296721816,0.038684762082993984,0.012754905630572466,0.000749669037759304,0,0,0,,,,,1,0.484375,0,124
118,46993.383316762,1787604558.7439365,0.30859375,6.5052130349130266e-18,467.5713334083557,0.26011204719543457,1,-1,0.625,0.4757903218269348,0.0021328357979655266,1.0052337646484375,0.9922887086868286,0.9795351028442383,0,0,0.008001850917935371,0.0007812477415427566,1.000781536102295,0.2142033874988556,-0.0220339298248291,-0.02177971415221691,0.007752127014100552,0.0007812477415427566,0.9996591210365295,7.912071851023939e-07,0.0007812477415427566,1,7.8125,996.53125,0.011276719406168078,0.03125,0,20894.5625,0,17.456720133111045,0.05633021105577131,0.6236955180218874,51985.625,0.9063594614663688,18876.15625,7.248902082443237,0.7115654753311755,59376.25,0.956625781493609,19943.8125,0.5104954671114683,0.016482539916065905,0.48998461289419437,41025.84375,0.8725858376813062,18257.53125,6.041776478290558,6.09375,0,5.361393936674402,0.0650682815222357,0,16.227141513845005,0.05120981095689542,,,,,,,,,,,,,,,,0.26171875,6696,8192,3544.01953125,4985.56640625,557,557,4096,4096,4096,46.72847429791,11.041009871056303,,,,,,,,,1,-1,0.3282995769794685,0,0,1,,,,0.00023477051581721753,2,0.999669075012207,,,,,,14.923003196716309,0.025196164846420288,0.9780701994895935,0.008939570747315884,0.9965269565582275,,,,,,,,,,,,,0.1383883859962225,0.0022596070989493455,0.00025201996322721243,0.9278620519908145,0.08932415261961069,0.007245383923873305,0.15364332415629178,0.018351863674524793,0.0012082790490239859,0,0,0,,,,,1,0.30859375,0,79
119,47428.404039674,1787605043.3607388,0.390625,1.3877787807814457e-17,470.8990271091461,0.19168655574321747,1,-1,0.5,0.4694882929325104,0.0024628688115626574,1.0036945343017578,0.9909647703170776,0.9749794006347656,0,0,0.009118049405515194,0.0005809762515127659,1.00058114528656,0.214949369430542,-0.024474600329995155,-0.02439684234559536,0.00908474251627922,0.0005809762515127659,0.9996731281280518,3.3038645597116556e-07,0.0005809762515127659,1,7.96875,1466.5,0.012279322108961491,0.03125,0,28352.15625,0,18.013717478372318,0.0038305559658215562,0.6225430756771285,70474.1875,0.9073261370630481,25681.65625,8.076342809479684,0.7134835748981453,80952.3125,0.9586947485633914,27167.96875,0.6695008259266615,0.01737086740678817,0.4968770135547535,56290.25,0.8790697837914296,24914.1875,6.285995543003082,6.65625,0,8.209377506461353,0.004077558703274799,0,19.045286763816023,0.0011970316457519377,,,,,,,,,,,,,,,,0.1875,6905,8192,3467.984375,4632.4375,455,455,4096,4096,4096,43.9898293010192,10.87606247398071,,,,,,,,,1,-1,0.3694314440281643,0,0,1,,,,0.00020612658408936113,2,0.9997074007987976,,,,,,11.179186820983887,0.02558586187660694,0.9827471375465393,0.009055068716406822,0.9966958165168762,,,,,,,,,,,,,0.006777434959076345,0.001362322091608803,0.00021358998492360115,1.2353781199781224,0.09979298694270256,0.005644866032525897,0.1628416150342673,0.01666203064178262,0.0011284990468993783,0,0,0,,,,,1,0.390625,0,100
120,47894.597860842,1787605478.7972484,0.359375,-5.204170427930421e-18,421.51957154273987,0.24553146958351135,1,-1,0.53125,0.48080992698669434,0.001897366251796484,1.0033397674560547,0.991284966468811,0.9692034721374512,0,0,0.008786825463175774,0.0006083629559725523,1.0006085634231567,0.2584052085876465,0.009741315618157387,0.009642820805311203,0.00876162201166153,0.0006083629559725523,0.9996787309646606,1.3961776858195662e-05,0.0006083629559725523,1,7.96875,1393.9375,0.011938108443941334,0.03125,0,27743.875,0,23.219560947411964,0.004983145502030926,0.6254045625439624,69276.625,0.9109680982889101,25229.8125,7.09158221213147,0.7135484265514984,79157.84375,0.9599161910814962,26606.65625,0.5557886026799679,0.016468235835862235,0.5003430170957277,55465.15625,0.8839131287002573,24516.84375,6.591058194637299,5.71875,0,4.986321593378932,0.021575300922541174,0,23.046525330975975,0.0011636284630142418,,,,,,,,,,,,,,,,0.1171875,6377,8192,3000.34765625,4006.34375,493,493,4096,4096,4096,37.05122486606706,9.954004789935425,,,,,,,,,1,-1,0.3214285714285714,0,0,1,,,,0.00016013768617995083,2,0.9997945427894592,,,,,,12.465237617492676,0.02625597082078457,0.966697096824646,0.009241042658686638,0.9972517490386963,,,,,,,,,,,,,0.12231500796042383,0.002241233285076305,0.0001968800788745284,1.2167440130142495,0.10300186280574053,0.004000357002951205,0.039544680155813694,0.014172410526953172,0.001355879008769989,0,0,0,,,,,1,0.359375,0,92
121,48376.68949712,1787605944.382094,0.35546875,-5.204170427930421e-18,452.56769323349,0.18730157613754272,1,-1,0.4375,0.5188840627670288,0.0016073681181296706,1.0030994415283203,0.9917653799057007,0.9764084815979004,0,0,0.008308684453368187,0.00047134049236774445,1.0004714727401733,0.17920145392417908,-0.009394176304340363,-0.009426644071936607,0.008275972679257393,0.00047134049236774445,0.9997837543487549,3.858476702589542e-06,0.00047134049236774445,1,7.875,1200.875,0.011096984252975221,0.03125,0,24002.78125,0,17.044077133546764,0.011794965662597013,0.6334779264777942,60701.4375,0.922313781445461,22101.90625,7.099617358064279,0.7177011439857461,68869.46875,0.9674261948313245,23200.4375,0.5609284117817879,0.015435081598938713,0.510463014006025,48988.5625,0.8950791271470084,21486.9375,5.865642249584198,3.84375,0,15.662895111621667,0.010018184032001156,0,28.75681433404745,0.0034694919086495383,,,,,,,,,,,,,,,,0.1640625,6485,8192,3438.61328125,4662.40625,465,465,4096,4096,4096,43.62536298891064,10.280399133916944,,,,,,,,,1,-1,0.310324057088978,0,0,1,,,,0.00016926336684264243,2,0.9998269081115723,,,,,,11.892706871032715,0.026281846687197685,0.9898629188537598,0.009233667515218258,0.9973376393318176,,,,,,,,,,,,,0.009756173007190228,0.0016373007533729833,0.00026269000954926014,0.8897853979142383,0.08038721133516447,0.005751886055804789,0.03669666207861155,0.01533070001141823,0.0009233499877154827,0,0,0,,,,,1,0.35546875,0,91
122,48879.018478039,1787606426.6967783,0.375,5.204170427930421e-18,468.7816984653473,0.17328165471553802,1,-1,0.46875,0.5176838040351868,0.0018488687928766012,1.0037431716918945,0.9915038347244263,0.9720187187194824,0,0,0.008627224713563919,0.000586782000027597,1.000586986541748,0.17805323004722595,-0.015229208394885063,-0.015023455023765564,0.008542243391275406,0.000586782000027597,0.9998453855514526,6.840105925220996e-06,0.000586782000027597,1,7.9375,1433.90625,0.011230039512873546,0.03125,0,27508.90625,0,28.98862693444596,0.007477092577511429,0.6359425851412497,69828.34375,0.924941471689914,25399.09375,7.257013675291091,0.7185580274513625,79002.71875,0.9693102248312624,26636.3125,0.5210235379636288,0.016222264851473114,0.5140288338322554,56585.03125,0.8990081383014982,24732.78125,7.115725159645081,4.65625,0,7.566068553372138,0.010435123833912341,0,30.275456981140117,0.0023093833612053078,,,,,,,,,,,,,,,,0.16796875,7228,8192,3425.78515625,4411.2109375,539,539,4096,4096,4096,40.14166418998502,9.819124322966672,,,,,,,,,1,-1,0.3331206804674577,0,0,1,,,,0.0001505129475845024,2,0.9999053478240967,,,,,,9.702642440795898,0.026456233114004135,0.9887637495994568,0.009256972931325436,0.9974477291107178,,,,,,,,,,,,,0.012068610987626016,0.001580233636104822,0.00023420003708451986,1.1574012560304254,0.08575182723552643,0.006284054950810969,0.041305581107735634,0.01449765908819245,0.000993819092400372,0,0,0,,,,,1,0.375,0,96
123,49352.884470117,1787606928.5457819,0.12890625,1.734723475976807e-18,489.00948691368103,0.21315431594848633,1,-1,0.46875,0.5356165766716003,0.0020963626448065042,1.0038557052612305,0.9916191697120667,0.9775738716125488,0,0,0.008478364907205105,0.0006271018646657467,1.0006272792816162,0.1356201171875,-0.018509192392230034,-0.018319135531783104,0.008424428291618824,0.0006271018646657467,0.999919056892395,6.112176924943924e-05,0.0006271018646657467,1,7.9375,1363.03125,0.011024133762204605,0.03125,0,27406.28125,0,26.14538166687298,0.004426188712622665,0.6370319471444127,69743.875,0.9270729671706028,25388.625,6.571859538089484,0.7205767956832304,79015.53125,0.9717087715689866,26627.625,0.5431999396532774,0.015066307879643429,0.5140743342144873,56286.15625,0.8998656402281016,24659.15625,6.366323292255402,4.125,0,4.718698223608973,0.004125429865796948,0,24.988476972649003,0.0008328201664087784,,,,,,,,,,,,,,,,0.25390625,7958,8192,3681.3359375,4844.52734375,460,460,4096,4096,4096,42.35208864801098,10.030581144033931,,,,,,,,,1,-1,0.2537976857777124,0,0,1,,,,0.00010929286509053782,2,0.9998863935470581,,,,,,11.4841890335083,0.026312336325645447,0.9782310724258423,0.00916238036006689,0.9977928996086121,,,,,,,,,,,,,0.007445004070177674,0.0014086279561524861,0.0002982700243592262,0.9094517030753195,0.06516033619209338,0.006521645002067089,0.27811895008198917,0.015565823618999275,0.0005200500600039959,0,0,0,,,,,1,0.12890625,0,33
124,49876.456906376,1787607405.1238878,0.171875,6.938893903907228e-18,460.93664383888245,0.11647854745388031,1,-1,0.28125,0.5605645179748535,0.0011220891028642654,1.0057544708251953,0.991593599319458,0.9775967597961426,0,0,0.00855948869138956,0.0003258652286604047,1.0003259181976318,0.143906831741333,0.0013487841933965683,0.0013467362150549889,0.008450970984995365,0.0003258652286604047,0.9998980164527893,1.0291514627169818e-05,0.0003258652286604047,1,7.84375,1496.6875,0.01083359194267709,0.03125,0,29450.6875,0,22.137827580672628,0.004827779651781435,0.6440550657039549,75705.84375,0.9369418578207969,27538.53125,6.771485315170139,0.7232607512376892,85140.59375,0.9772543333960151,28747.25,0.5422790013253689,0.014611074602410692,0.5221230273082405,61414.28125,0.9106186283759601,26800.28125,6.340366303920746,3.21875,0,3.394491398869191,0.051864339214584075,0,22.69363939637634,0.0018027533577103028,,,,,,,,,,,,,,,,0.1875,7235,8192,3348.5703125,4235.67578125,506,506,4096,4096,4096,39.47241274698172,9.327134591061622,,,,,,,,,1,-1,0.2966651379613598,0,0,1,,,,0.0001376520231133327,2,0.9998299479484558,,,,,,10.270118713378906,0.02741715870797634,0.9703992009162903,0.00953505840152502,0.9976712465286255,,,,,,,,,,,,,0.008143674000166357,0.0014234234845389437,0.00020086904987692833,1.01289471401833,0.08378130093115033,0.004257485968992114,0.043427204713225365,0.013307926931247493,0.0007939690258353949,0,0,0,,,,,1,0.171875,0,44
125,50359.138463354,1787607927.8571913,0.08984375,8.673617379884035e-18,507.9677007198334,0.1698152869939804,1,-1,0.4375,0.5870421528816223,0.0013961842050775886,1.0049371719360352,0.9926369786262512,0.9722690582275391,0,0,0.007684811018407345,0.0005382394883781672,1.0005383491516113,0.2522739768028259,-0.00903868768364191,-0.008845258504152298,0.007400329690426588,0.0005382394883781672,0.9998058676719666,3.4653174225240946e-05,0.0005382394883781672,1,7.84375,1320.125,0.00998139422540116,0.03125,0,26788.5625,0,44.35704193843695,0.05123000690652636,0.6491462859847632,69307.96875,0.9424795458529756,25165.40625,5.939170952944551,0.7237688319272384,77434.28125,0.9792061162651049,26184.90625,0.5134958550333977,0.013372420012232641,0.526820354680996,56414.4375,0.9166966454812993,24544.875,5.70049124956131,3.6875,0,4.012961266941223,0.0774408259229712,0,31.821730950507494,0.04815277547393343,,,,,,,,,,,,,,,,0.3046875,8192,8192,3983.515625,5281.01953125,617,617,4096,4096,4096,47.458960405085236,12.075034462031908,,,,,,,,,1,-0.5714285714285714,0.2660654361741311,0,0,1,,,,0.00011178881686646491,2,0.9999645352363586,,,,,,9.409809112548828,0.027165627107024193,0.9625229239463806,0.009474607184529305,0.9980036616325378,,,,,,,,,,,,,0.009725102921947837,0.0017625918617341085,0.000229378929361701,1.155946835060604,0.08698883517490685,0.008897772990167141,0.04279285669326782,0.01511312869070025,0,0,0,0,,,,,1,0.08984375,0,23
126,50838.635290728,1787608409.1077213,0.1875,3.469446951953614e-18,467.98751282691956,0.12988336384296417,1,-0.5714285969734192,0.25,0.5886965990066528,0.001463675289414823,1.004171371459961,0.9919122457504272,0.9801530838012695,0,0,0.008206674829125404,0.0003935068380087614,1.0003935098648071,0.13597743213176727,-0.0090686846524477,-0.009009057655930519,0.008127471432089806,0.0003935068380087614,0.9999887347221375,8.191645611077547e-05,0.0003935068380087614,1,7.90625,1632.4375,0.010219006770331291,0.03125,0,31868.125,0,20.19792683898404,0.004851476916205376,0.6547281446605131,83337.53125,0.9490711726897252,30208.9375,5.465271481312811,0.7256412328080606,92439.34375,0.9832843749556144,31314.84375,0.6323063466697931,0.013142024635602276,0.5346318456757388,68120.0625,0.9261244798062135,29506.84375,6.134287059307098,3.5625,0,5.035045530744197,0.0472309013459636,0,19.72071674141334,0.002970081570347215,,,,,,,,,,,,,,,,0.265625,7988,8192,3932.14453125,5090.8359375,511,511,4096,4096,4096,43.005628886050545,11.227183480979875,,,,,,,,,1,-1,0.3009339204705842,0,0,1,,,,0.00010530195868341252,2,0.9998793005943298,,,,,,10.019108772277832,0.027361473068594933,0.972510576248169,0.009566896595060825,0.9980365037918091,,,,,,,,,,,,,0.009211153024807572,0.001374035597564216,0.00019489997066557407,0.15446006297133863,0.06268796138556354,0.008980722981505096,0.03462176211178303,0.01252648705349202,0.000548230018466711,0,0,0,,,,,1,0.1875,0,48
127,51334.129444193,1787608888.2723408,0.22265625,6.071532165918825e-18,466.3367922306061,0.16425785422325134,1,-1,0.375,0.593489944934845,0.0016599332448095083,1.003727912902832,0.9916712045669556,0.9728183746337891,0,0,0.008485645055770874,0.0004645355511456728,1.000464677810669,0.21369853615760803,0.006322531029582024,0.006337139755487442,0.008373369462788105,0.0004645355511456728,0.9999070167541504,4.454061854630709e-05,0.0004645355511456728,1,7.84375,1659.59375,0.010533470201404025,0.03125,0,31457.15625,0,21.684312364564402,0.03420896312375847,0.6571186908948169,82488.90625,0.9512196697244089,29861.40625,5.678363264305517,0.7261870672936216,91272.875,0.9842638506115097,30924.625,0.5562122091650963,0.01272048528638018,0.537229696624518,67616.78125,0.9281757556782486,29202.9375,5.352710485458374,3.3125,0,4.003770877403559,0.0772985991072199,0,20.633303248883383,0.025707853578296427,,,,,,,,,,,,,,,,0.29296875,8192,8192,3941.00390625,5137.78515625,556,556,4096,4096,4096,43.59356330090668,9.90868839994073,,,,,,,,,1,-1,0.29987242185261903,0,0,1,,,,9.515341662336141e-05,2,0.9998812079429626,,,,,,8.80706787109375,0.02762220799922943,0.9555482864379883,0.009635888040065765,0.9981054663658142,,,,,,,,,,,,,0.006973803974688053,0.0013279650670483534,0.00018662901129573584,0.8281588329700753,0.06101586467138986,0.004389646928757429,0.03201013512443751,0.012152958681781456,0,0,0,0,,,,,1,0.22265625,0,57
128,51827.936664593,1787609384.2057974,0.14453125,7.37257477290143e-18,482.52769660949707,0.1673063337802887,1,-1,0.40625,0.6002917885780334,0.0016215989599004388,1.0040054321289062,0.9917430281639099,0.9765796661376953,0,0,0.008475052192807198,0.00044784764759242535,1.0004478693008423,0.1792280673980713,0.01302518043667078,0.01299920305609703,0.008301682770252228,0.00044784764759242535,0.9998542070388794,0.00014967157039791346,0.00044784764759242535,1,7.78125,1605.5625,0.010499182426260335,0.03125,0,31528.03125,0,34.058142611017246,0.005057782322486059,0.6549098903176325,82463.0625,0.949774044103258,29908.75,5.191722074523568,0.7253986404786449,91436.875,0.9832980879394695,30983.03125,0.5151614919304848,0.01326797950280584,0.5355001742155279,67523.28125,0.9248773144885301,29161.15625,6.199450194835663,3,0,3.3001783766467847,0.08940896979191332,0,38.353797889148524,0.0023298095836873003,,,,,,,,,,,,,,,,0.24609375,8192,8192,3821.328125,4929.97265625,570,570,4096,4096,4096,45.53982779709622,9.730477345990948,,,,,,,,,1,-1,0.2912411862553588,0,0,1,,,,0.00012164455256424844,2,0.9998153448104858,,,,,,11.979188919067383,0.027739420533180237,0.925406813621521,0.009736531414091587,0.9979973435401917,,,,,,,,,,,,,0.008157672942616045,0.001370497605876153,0.00018245005048811436,0.9670415699947625,0.08287475081351658,0.005545424995943904,0.039993599988520145,0.01300433657843314,0,0,0,0,,,,,1,0.14453125,0,37
129,52312.55348212,1787609878.5339618,0.15625,6.5052130349130266e-18,480.24162220954895,0.1628560721874237,1,-1,0.375,0.5966246128082275,0.0013378652511164546,1.0061206817626953,0.9924571514129639,0.9796948432922363,0,0,0.00768480496481061,0.00037342857103794813,1.0003734827041626,0.20481760799884796,-0.008135209791362286,-0.00818719994276762,0.007579251658171415,0.00037342857103794813,0.9998350143432617,6.273421604419127e-06,0.00037342857103794813,1,7.84375,1595.75,0.009794958601652505,0.03125,0,30570.625,0,20.943131405970448,0.012359029344304284,0.6552390592722508,79975.90625,0.9500766502817701,29005.5,5.138507786788978,0.7258345538916939,88712.75,0.9836075915097182,30050.4375,0.6307198591530323,0.012227897564967154,0.5341862116607555,65296.5,0.9233489886588411,28214.71875,6.185077786445618,3.71875,0,4.508801444163971,0.07928564150961459,0,21.700276564537194,0.010225957263711463,,,,,,,,,,,,,,,,0.26171875,7211,8192,3858.734375,5006.91015625,637,637,4096,4096,4096,45.56624597404152,10.073717977036722,,,,,,,,,1,-1,0.2624453295839119,0,0,1,,,,9.212055010721087e-05,2,0.999768853187561,,,,,,9.171838760375977,0.028056565672159195,0.9666621088981628,0.009867110289633274,0.9980367422103882,,,,,,,,,,,,,0.008832813939079642,0.0015870337419983116,0.0002363699022680521,1.1987443149555475,0.1135527326432566,0.006399765028618276,0.04079849668778479,0.016187095290206344,0.0008275390136986971,0,0,0,,,,,1,0.15625,0,40
130,52797.49399931,1787610364.4985082,0.15625,1.734723475976807e-18,470.66403913497925,0.13152185082435608,1,-1,0.34375,0.5953336358070374,0.0013729265192523599,1.004420280456543,0.9920080900192261,0.9797463417053223,0,0,0.008097472600638866,0.00026911660097539425,1.0002691745758057,0.18922899663448334,0.020902376621961594,0.020766524598002434,0.008030921220779419,0.00026911660097539425,0.9997620582580566,0.0001039252383634448,0.00026911660097539425,1,7.84375,1648.875,0.0104136273850125,0.03125,0,30869.875,0,33.95363700943895,0.007479668061608425,0.6552052307817775,80797.78125,0.9502764194157468,29300.59375,5.563839763170108,0.7249806870592115,89472.84375,0.9833155555681974,30334.6875,0.535631163045764,0.012806821043276177,0.5399277737215235,66673.28125,0.9289297623370796,28671.21875,5.925441205501556,2.84375,0,3.4545223761125605,0.047672347305411325,0,32.687162777601515,0.0026549631914415447,,,,,,,,,,,,,,,,0.1953125,8192,8192,3401.10546875,4423.57421875,538,538,4096,4096,4096,39.96100106695667,10.426248508039862,,,,,,,,,1,-1,0.25505101530510177,0,0,1,,,,0.0001297831768169999,2,0.9998670220375061,,,,,,11.674436569213867,0.028728140518069267,0.9224023818969727,0.010100428946316242,0.9979879856109619,,,,,,,,,,,,,0.009135402971878648,0.0016190303831535857,0.00020602007862180471,0.9263766229851171,0.08133664979959576,0.007509813993237913,0.041574397939257324,0.013637228848438099,0,0,0,0,,,,,1,0.15625,0,40
131,53268.537291227,1787610847.175611,0.17578125,1.3010426069826053e-18,469.28658652305603,0.12152541428804398,1,-1,0.3125,0.6097173094749451,0.0013347839703783393,1.0051517486572266,0.9924931526184082,0.9764633178710938,0,0,0.007699585985392332,0.00035694497637450695,1.000356912612915,0.17333276569843292,0.0030401209369301796,0.003042221302166581,0.007544493302702904,0.00035694497637450695,0.9998969435691833,8.50857759360224e-06,0.00035694497637450695,1,7.75,1401.4375,0.009760174567014371,0.03125,0,27208.84375,0,12.33855169084262,0.011246948674731054,0.6562915791616131,71205.15625,0.9506372706727575,25806.28125,5.344151597935706,0.7249410754688648,78798.1875,0.9829260229311008,26706.8125,0.546709755435586,0.01195077368349078,0.5383368673710439,58546.25,0.9258905139470979,25179.875,5.2778807282447815,3.53125,0,3.363936487209222,0.11068322561954691,0,12.310188993865866,0.0052681230389324905,,,,,,,,,,,,,,,,0.21484375,7277,8192,3483.76953125,4730.34375,480,480,4096,4096,4096,44.02356698003132,11.921525752055459,,,,,,,,,1,-0.8571428571428571,0.2487212192354307,0,0,1,,,,0.0001233398070326075,2,0.9999101758003235,,,,,,12.475481033325195,0.028948593884706497,0.9547849893569946,0.010233732871711254,0.9979259371757507,,,,,,,,,,,,,0.007219595019705594,0.0014214426978469419,0.0002598100109025836,1.2708706540288404,0.08599508469524153,0.00649998604785651,0.17090708308387548,0.01694412817732882,0.0008862090762704611,0,0,0,,,,,1,0.17578125,0,45
132,53740.336388297,1787611319.5947418,0.16015625,1.0408340855860843e-17,457.53646779060364,0.12051291763782501,1,-0.8571428656578064,0.25,0.6047530174255371,0.0013462085044011474,1.0049238204956055,0.9915812015533447,0.9731564521789551,0,0,0.008544402197003365,0.00039808754809200764,1.0003981590270996,0.10454577207565308,-0.017545752227306366,-0.017420154064893723,0.008462131023406982,0.00039808754809200764,0.9999209642410278,3.8191610656213015e-06,0.00039808754809200764,1,7.9375,1557.03125,0.010694852533690152,0.03125,0,27870.15625,0,27.158989205366844,0.012923975404937331,0.6541284221880671,72793.9375,0.9489957893752832,26411.40625,5.376647749915719,0.7229052059529442,80516.5,0.9811988351191909,27320.46875,0.5395245905965567,0.012682951376571237,0.5422663139633579,60420.28125,0.9276206796033304,25838.75,5.292017817497253,3.4375,0,3.322659193337008,0.05800324909054875,0,26.772355407198994,0.00599949838126293,,,,,,,,,,,,,,,,0.1953125,7331,8192,3247.76171875,4473.20703125,495,495,4096,4096,4096,39.63620504701976,9.683196504949592,,,,,,,,,1,-1,0.2934227986634818,0,0,1,,,,0.0001419246691511944,2,0.999981701374054,,,,,,9.549307823181152,0.02873021550476551,0.9511546492576599,0.010251019150018692,0.9978421926498413,,,,,,,,,,,,,0.008973212912678719,0.0015754860737615672,0.00026196998078376055,0.948550755972974,0.06731898345924492,0.004043816938064992,0.1568649619584903,0.018781212593239616,0.0007083889795467257,0,0,0,,,,,1,0.16015625,0,41
133,54249.594472965,1787611791.2845745,0.05859375,5.637851296924623e-18,457.2235655784607,0.1617273986339569,1,-1,0.40625,0.5949293971061707,0.0018305457197129726,1.003732681274414,0.9914774894714355,0.9758296012878418,0,0,0.008596139028668404,0.0005147483898326755,1.0005148649215698,0.23102182149887085,-0.03335794433951378,-0.03320227563381195,0.008566919714212418,0.0005147483898326755,1.0000070333480835,7.125042611733079e-05,0.0005147483898326755,1,7.9375,1495.6875,0.010710721801674726,0.03125,0,25982.09375,0,24.23530257733278,0.00830981731292808,0.6536930642373661,67775.28125,0.9479194322580824,24579.78125,4.2706877298187464,0.7226260397393114,75052.9375,0.9806130617352561,25452.5625,0.5312116760760546,0.012916153956491094,0.5413811273391611,56213.4375,0.9267634725119065,24063.15625,5.713465571403503,3.6875,0,3.8334065261964083,0.12572640041121036,0,25.3865841446777,0.006109174636270762,,,,,,,,,,,,,,,,0.2109375,7722,8192,3102.37109375,4394.55859375,414,414,4096,4096,4096,40.4301558440784,10.948053168947808,,,,,,,,,1,-0.8571428571428571,0.20977393079412018,0,0,1,,,,0.00015361234545707703,2,0.999796450138092,,,,,,8.741286277770996,0.029165154322981834,0.9388132691383362,0.010335836559534073,0.9978901743888855,,,,,,,,,,,,,0.009493432939052582,0.0016128690931509482,0.0002534301020205021,1.1956237090053037,0.07798730914373664,0.009271653019823134,0.16960424173157662,0.016914144108341134,0.0007431498961523175,0,0,0,,,,,1,0.05859375,0,15
134,54723.643779755,1787612300.6287582,0.17578125,1.0408340855860843e-17,493.75940108299255,0.0914921835064888,1,-0.8571428656578064,0.21875,0.5985330939292908,0.0017082839040085673,1.0064973831176758,0.9913227558135986,0.9776325225830078,0,0,0.008830591104924679,0.0002971263602375984,1.00029718875885,0.11929172277450562,-0.022442486137151718,-0.022329634055495262,0.008724810555577278,0.0002971263602375984,0.9998424053192139,0.00015984824858605862,0.0002971263602375984,1,7.84375,1433.4375,0.011030024962435204,0.03125,0,24818.96875,0,54.441468835060775,0.011097598901351176,0.6533033314572179,64749.15625,0.9471255695650884,23470,4.97247003717348,0.7210382899700323,71560.46875,0.9791808429715485,24286.1875,0.5312313567847013,0.013423694932149784,0.5404600582105645,53704,0.925271811309909,22969.8125,5.589515864849091,3.8125,0,4.555597989280966,0.11895026713073886,0,58.55227406127979,0.004521727381561491,,,,,,,,,,,,,,,,0.21484375,8192,8192,3580.16015625,5027.24609375,432,432,4096,4096,4096,45.06088448606897,10.928881984087639,,,,,,,,,1,-1,0.3123724229381411,0,0,1,,,,0.00018221077334601432,2,0.999717116355896,,,,,,9.144984245300293,0.028998984023928642,0.9191999435424805,0.010380861349403858,0.9978140592575073,,,,,,,,,,,,,0.008378133061341941,0.0015219235460790514,0.00021373992785811424,1.0173141428967938,0.09510219043113466,0.004678205936215818,0.05297508090734482,0.02077504773342298,0,0,0,0,,,,,1,0.17578125,0,45
135,55211.312714794,1787612773.894453,0.06640625,1.734723475976807e-18,459.34494066238403,0.1749384105205536,1,-1,0.4375,0.5752939581871033,0.0015544332563877106,1.0042028427124023,0.9915861487388611,0.9794859886169434,0,0,0.008525049313902855,0.00047670258209109306,1.0004768371582031,0.2726789712905884,0.01840764470398426,0.01826605573296547,0.008454973809421062,0.00047670258209109306,0.9997192621231079,0.00010675372323021293,0.00047670258209109306,1,7.90625,1722.53125,0.010927427721303225,0.03125,0,28641.28125,0,12.578004867818935,0.01515867493134717,0.650906227943248,74536.78125,0.9433367707853322,27006.25,5.2856902641942725,0.7195837988729086,82410.8125,0.9772018292995368,27981.0625,0.5650831237435341,0.012645924412193591,0.5395416095145974,61837.875,0.9243418055660626,26482.65625,4.9394813776016235,5.21875,0,3.9716828092439784,0.05241939964370983,0,12.577553024798505,0.00644457019885303,,,,,,,,,,,,,,,,0.2421875,6572,8192,3427.6953125,4912.6015625,490,490,4096,4096,4096,44.94332054397091,10.981109968037345,,,,,,,,,1,-0.7142857142857143,0.20977393079412018,0,0,1,,,,0.0001424517686245963,2,0.9998111128807068,,,,,,11.132048606872559,0.02880111150443554,0.8363275527954102,0.010342112742364407,0.9978067278862,,,,,,,,,,,,,0.008207733975723386,0.0016681180104569648,0.00022734003141522408,1.2100328690139577,0.0800529796651972,0.003259978024289012,0.15347399294842035,0.01998604869868359,0.0006232389714568853,0,0,0,,,,,1,0.06640625,0,17
136,55660.783922553,1787613262.577054,0.0703125,3.469446951953614e-18,473.24416041374207,0.0757233053445816,1,-0.7142857313156128,0.15625,0.5799084305763245,0.0009825910674408078,1.0072288513183594,0.9915086030960083,0.976593017578125,0,0,0.008705714717507362,0.00019095465540885925,1.00019109249115,0.09743691980838776,0.008649266324937344,0.008529264479875565,0.008535378612577915,0.00019095465540885925,0.9997968673706055,1.4635668776463717e-05,0.00019095465540885925,1,7.9375,1626.53125,0.010856578048491433,0.03125,0,27421.5625,0,42.215705816812765,0.02113846607918546,0.6507782642917526,71243.90625,0.9440368385286177,25839.625,4.7899254783988,0.719244643709599,78837.625,0.9767774645999957,26759.96875,0.51151586137712,0.012392871145595449,0.5385231770172754,59094.75,0.9228247537651156,25305.78125,5.236234247684479,3.90625,0,3.799131447530269,0.08692251252437973,0,43.50224558003646,0.016045907288486313,,,,,,,,,,,,,,,,0.18359375,8192,8192,3235.93359375,4553.53515625,503,503,4096,4096,4096,42.08837168395985,10.224160798010416,,,,,,,,,1,-0.8571428571428571,0.23957871187497748,0,0,1,,,,0.00017503643175587058,2,0.9997084736824036,,,,,,8.999383926391602,0.028829555958509445,0.9185376763343811,0.010297478176653385,0.997840940952301,,,,,,,,,,,,,0.010231192922219634,0.0016014943857953767,0.00022872001864016056,0.9804536120500416,0.08691333163505988,0.008749893051572144,0.05141902016475797,0.017830924882218824,0,0,0,0,,,,,1,0.0703125,0,18
137,56130.504914857,1787613713.5223608,0.0625,6.5052130349130266e-18,433.5574240684509,0.11055445671081543,1,-0.8571428656578064,0.3125,0.5813975930213928,0.0016635224455967546,1.005497932434082,0.9920687675476074,0.9792523384094238,0,0,0.008142362348735332,0.0003395157400518656,1.0003395080566406,0.1936395764350891,-0.02364509180188179,-0.023501083254814148,0.007971887476742268,0.0003395157400518656,0.9997652173042297,0.0001234858063980937,0.0003395157400518656,1,7.9375,1513.625,0.010383864572976131,0.03125,0,25887.46875,0,21.016599352565052,0.021899085188679345,0.6499519058271902,67074.53125,0.942190732971194,24309.96875,5.2276759166270494,0.7202586338235935,74551.5,0.9771907908139441,25258.5625,0.5036053322255611,0.012225611419174554,0.535429475341435,55296.34375,0.9189278890867209,23709.90625,4.438083529472351,4.53125,0,3.9529534564817803,0.0615565617736368,0,21.74658335328148,0.01024616200641442,,,,,,,,,,,,,,,,0.20703125,6616,8192,3128.20703125,4481.80078125,410,410,4096,4096,4096,39.9064863770036,11.39518247707747,,,,,,,,,1,-0.7142857142857143,0.22587697572631282,0,0,1,,,,0.00015608980902470648,2,0.9998496770858765,,,,,,10.345898628234863,0.02929637022316456,0.843408465385437,0.01041147205978632,0.9978241920471191,,,,,,,,,,,,,0.12727053498383611,0.0020263175365471398,0.00020913896150887012,1.0570260289823636,0.09382596596969961,0.003008996951393783,0.15521546418312937,0.01691348983786156,0.0006609490374103189,0,0,0,,,,,1,0.0625,0,16
138,56607.246112553,1787614181.0070534,0.1171875,5.204170427930421e-18,453.49992513656616,0.09747909009456635,1,-0.7142857313156128,0.21875,0.5961036086082458,0.0015328950248658657,1.0068330764770508,0.9922688007354736,0.9815936088562012,0,0,0.007890182547271252,0.00034183752723038197,1.0003418922424316,0.1295335590839386,-0.011245696805417538,-0.011117827147245407,0.007768239825963974,0.00034183752723038197,0.9998602867126465,3.212422598153353e-05,0.00034183752723038197,1,7.875,1428.59375,0.010131295610027947,0.03125,0,25025.65625,0,12.729886810406366,0.012694914675652157,0.6536940788347619,65315.21875,0.9475634766049694,23676.75,5.216178827453405,0.7201141847983381,72033.375,0.9792049675009444,24482.9375,0.5302816294133663,0.012139388673445236,0.5396056889456328,53983.65625,0.9264559587574868,23175.5,4.849952578544617,3.90625,0,3.91882992876631,0.09114759589095582,0,13.651379336739204,0.006339009624608977,,,,,,,,,,,,,,,,0.19921875,6775,8192,3334.4296875,4593.9296875,528,528,4096,4096,4096,40.786261306959204,12.699032751028426,,,,,,,,,1,-1,0.23419423301078576,0,0,1,,,,0.00018626685778144747,2,0.9998121857643127,,,,,,11.263927459716797,0.029340485110878944,0.834776759147644,0.01055074855685234,0.9977396130561829,,,,,,,,,,,,,0.00704923493321985,0.001564404838518385,0.00021773995831608772,1.1458464219467714,0.08451469195142636,0.006513174972496927,0.04479668696876615,0.017235524478564912,0.0008505289442837238,0,0,0,,,,,1,0.1171875,0,30
139,57113.82524099,1787614658.2117252,0.11328125,2.168404344971009e-18,463.01301527023315,0.09689605236053467,1,-1,0.28125,0.5837430953979492,0.0019695141818374395,1.0044097900390625,0.9923588633537292,0.9813337326049805,0,0,0.007782367058098316,0.0002818524371832609,1.0002819299697876,0.1732361763715744,-0.0057034604251384735,-0.005697967484593391,0.007676251232624054,0.0002818524371832609,0.9998288154602051,1.2827382306568325e-05,0.0002818524371832609,1,7.9375,1511.71875,0.010062872936471203,0.03125,0,26675.4375,0,13.433802358442316,0.016182692857839354,0.6522937424470714,69433.71875,0.9452195265864844,25166.75,4.958874366246164,0.7187638807383343,76646.21875,0.9778164337647928,26058.71875,0.5482063312083483,0.011778329101009413,0.5389753214986299,57431.15625,0.9248734080073993,24652.375,4.9413341879844666,4.96875,0,4.768836495524378,0.10192638923103703,0,13.62541325197766,0.006456300660246259,,,,,,,,,,,,,,,,0.2890625,6385,8192,3612.83203125,5129.12890625,565,565,4096,4096,4096,46.296368874027394,10.625667301006615,,,,,,,,,1,-0.8571428571428571,0.28682818578944663,0,0,1,,,,0.00011785249080276117,2,0.9999343752861023,,,,,,8.202476501464844,0.02838744968175888,0.9316623210906982,0.010226604528725147,0.99800044298172,,,,,,,,,,,,,0.01302101998589933,0.0016612585895927623,0.00022961001377552748,0.8825668150093406,0.06840481048720903,0.006619474967010319,0.15461035608313978,0.018626982032856176,0.0006588388932868838,0,0,0,,,,,1,0.11328125,0,29
140,57602.535060531,1787615165.0009007,0.08203125,1.734723475976807e-18,492.10234451293945,0.14910286664962769,1,-0.8571428656578064,0.3125,0.5834076404571533,0.001571444678120315,1.0066137313842773,0.9920825958251953,0.9794826507568359,0,0,0.008095004595816135,0.0004117535427212715,1.0004117488861084,0.19986197352409363,0.006108472589403391,0.006006220355629921,0.007956807501614094,0.0004117535427212715,0.9999702572822571,0.0002739743795245886,0.0004117535427212715,1,7.875,1649.3125,0.009912148451819768,0.03125,0,28902.65625,0,81.506962112296,0.009089773691195622,0.6509945873116256,75125.59375,0.9466724448603916,27317.4375,3.956728992983699,0.7195000453734932,83129.5625,0.9790393268594535,28273.90625,0.5347855798900127,0.01186067529149756,0.5391150740663035,62343.90625,0.9269956435263422,26792.65625,5.940877079963684,3.40625,0,4.1638999351378985,0.1468833222730727,0,108.57484229190358,0.007897021058123153,,,,,,,,,,,,,,,,0.19140625,6905,8192,3936.12890625,5200.66015625,547,547,4096,4096,4096,47.28452359198127,11.03839376999531,,,,,,,,,1,-0.8571428571428571,0.23007319154866296,0,0,1,,,,0.00011214221740374342,2,0.9998533725738525,,,,,,13.85229778289795,0.028511367738246918,0.9030024409294128,0.010283463634550571,0.9979655742645264,,,,,,,,,,,,,0.007818043930456042,0.0015405259937324445,0.00020725000649690628,1.1301934680668637,0.056816445310232666,0.006873834994621575,0.1772448963019997,0.020885479338176083,0.0010154589544981718,0,0,0,,,,,1,0.08203125,0,21
141,58121.336170555,1787615654.499853,0.125,7.806255641895632e-18,473.6161832809448,0.09909754991531372,1,-0.8571428656578064,0.25,0.5740415453910828,0.0020055517088621855,1.003152847290039,0.9920552968978882,0.9755434989929199,0,0,0.008004018105566502,0.00020337989553809166,1.0002033710479736,0.15602289140224457,-0.00018668919801712036,-0.00029991986230015755,0.00798221118748188,0.00020337989553809166,0.9998568892478943,9.638806659495458e-07,0.00020337989553809166,1,7.875,1775.34375,0.01011770418887886,0.03125,0,31489.03125,0,14.653299142877962,0.018309721316256838,0.6497623496779723,81656.71875,0.9447697130250465,29693.53125,4.7920448537915945,0.7184490329865401,90402.40625,0.9774603285466277,30743.40625,0.5445404164493084,0.011765784081630126,0.5377100839371199,67632.65625,0.9247594652751383,29090.28125,5.233872413635254,3.53125,0,3.5782400416566666,0.09263204703247217,0,14.957398585528711,0.007618035322360787,,,,,,,,,,,,,,,,0.21875,8192,8192,3352.1875,4557.22265625,650,650,4096,4096,4096,42.22715775703546,11.165500679984689,,,,,,,,,1,-1,0.2719918966379967,0,0,1,,,,0.0001386687799822539,2,0.9999449253082275,,,,,,9.102642059326172,0.029006006196141243,0.8762827515602112,0.010344346053898335,0.9980081915855408,,,,,,,,,,,,,0.01035099197179079,0.0015834116466066916,0.00022255000658333302,0.9446396710118279,0.06719794929949785,0.008707672939635813,0.14914157812017947,0.015866181584897276,0,0,0,0,,,,,1,0.125,0,32
142,58639.736726784,1787616172.5847712,0.19921875,6.938893903907228e-18,503.2702970504761,0.13983117043972015,1,-1,0.34375,0.5971434712409973,0.0018213805742561817,1.0078611373901367,0.9930967092514038,0.9779524803161621,0,0,0.007076811511069536,0.0003208615817129612,1.0003209114074707,0.17888905107975006,-0.010541312396526337,-0.010490410029888153,0.006933899130672216,0.0003208615817129612,0.9999427199363708,0.00011137104593217373,0.0003208615817129612,1,7.84375,1410.65625,0.008956926561842587,0.03125,0,26817.5,0,55.75659037250418,0.017525517829196636,0.6525213818978477,69840.53125,0.9485593493120281,25384.5625,3.706998928450048,0.7201049063911956,77186.40625,0.9800358002265495,26251.96875,0.48577963188290596,0.01061983074885818,0.5371119945407682,57554.34375,0.9255968799395335,24785.9375,5.095165014266968,3.71875,0,4.021627258735895,0.22893894875039048,0,50.151677619267375,0.01180561364455022,,,,,,,,,,,,,,,,0.21484375,8192,8192,3749.22265625,4932.83984375,590,590,4096,4096,4096,46.09251695207786,11.886750117992051,,,,,,,,,1,-1,0.29773807143809045,0,0,1,,,,9.272756142308936e-05,2,0.9999665021896362,,,,,,13.399876594543457,0.028079871088266373,0.8536347150802612,0.010147525928914547,0.9980745911598206,,,,,,,,,,,,,0.007599513977766037,0.001652686074066878,0.00020603998564183712,1.2009944289457053,0.08473129213325592,0.005898726056329906,0.15716490184422582,0.018410253432193713,0,0,0,0,,,,,1,0.19921875,0,51
143,59170.749301408,1787616689.829751,0.1328125,7.806255641895632e-18,503.58483505249023,0.16364353895187378,1,-1,0.375,0.5804715156555176,0.001353115076199174,1.003127098083496,0.9929787516593933,0.9816794395446777,0,0,0.007130658254027367,0.0003267743159085512,1.0003268718719482,0.18283915519714355,0.004578751511871815,0.004561035893857479,0.007051890715956688,0.0003267743159085512,0.9999719858169556,1.5153300410020165e-06,0.0003267743159085512,1,7.875,1536.90625,0.008952745964479831,0.03125,0,29993.78125,0,17.2670444445502,0.012886794765212144,0.6507653919967095,77957,0.9463232590095764,28343.96875,3.745445370208472,0.7194413123010925,86245.09375,0.978788130511951,29333.1875,0.5605560690164566,0.010422341446056495,0.5345193619099049,64140.6875,0.9245204986308961,27729.0625,5.000848829746246,2.78125,0,3.339341165811795,0.16175398753159437,0,17.0521137054117,0.009435012179369033,,,,,,,,,,,,,,,,0.28125,7634,8192,3995.12109375,5328.5,790,790,4096,4096,4096,46.07564113603439,11.172568282927386,,,,,,,,,1,-1,0.2525381361380527,0,0,1,,,,7.137612556107342e-05,2,0.9998921751976013,,,,,,6.667448043823242,0.028104977682232857,0.7480965852737427,0.010101418942213058,0.9981173872947693,,,,,,,,,,,,,0.010743141989223659,0.001728440091937955,0.00023316999431699514,1.1711795600131154,0.07509154724129985,0.0063993450021371245,0.04370302916504443,0.01843866279023132,0.0011145590106025338,0,0,0,,,,,1,0.1328125,0,34
144,59703.671300151,1787617221.449561,0.15625,8.673617379884035e-18,517.6047756671906,0.11729877442121506,1,-1,0.3125,0.5825663805007935,0.0013348127249628305,1.002333641052246,0.9929121732711792,0.9772653579711914,0,0,0.007166803814470768,0.00020022736862301826,1.0002002716064453,0.19144929945468903,-0.005964082665741444,-0.006056500598788261,0.007118716835975647,0.00020022736862301826,0.9999107718467712,0.001271640881896019,0.00020022736862301826,1,7.875,1624.90625,0.00904328573930783,0.03125,0,31960.96875,0,18.58563505046224,0.012112467627175213,0.6549749432004439,83578.03125,0.953114631627196,30414.21875,3.537143834400922,0.7227426756965776,92361.40625,0.9842728743029403,31435.46875,0.5400985144078732,0.010264690889123705,0.5395758871060814,68881.46875,0.9317530400045935,29746.0625,5.25683069229126,2.28125,0,3.78433043186036,0.1556981907819131,0,17.187815865699154,0.008269333598460934,,,,,,,,,,,,,,,,0.2734375,8192,8192,4038.27734375,5332.8125,648,648,4096,4096,4096,47.60420267295558,10.043046048958786,,,,,,,,,1,-1,0.2923340275668732,0,0,1,,,,7.54498687456362e-05,2,0.9999337792396545,,,,,,8.754010200500488,0.02799575962126255,0.7877374887466431,0.01002736296504736,0.9981598258018494,,,,,,,,,,,,,0.008954173070378602,0.0016013447643672407,0.00023269990924745798,0.9279667729279026,0.07891106000579384,0.00829900405369699,0.15021080698352307,0.018798097300077643,0,0,0,0,,,,,1,0.15625,0,40
145,60217.769193096,1787617756.0412402,0.05859375,3.903127820947816e-18,518.9381082057953,0.1518174111843109,1,-1,0.375,0.5806758403778076,0.001730902586132288,1.0031938552856445,0.9930452108383179,0.9751486778259277,0,0,0.007054877933114767,0.00031863152980804443,1.0003186464309692,0.23191621899604797,0.005921073257923126,0.005874760914593935,0.006985737942159176,0.00031863152980804443,0.9999529719352722,0.00015782681293785572,0.00031863152980804443,1,7.78125,1630.3125,0.008896101716605575,0.03125,0,32306.21875,0,15.46771795664001,0.014724479026790135,0.6567606851439882,84700.78125,0.9545613258762998,30794.53125,3.9698460411746055,0.7237845897820627,93554.1875,0.9852810445435907,31816.5625,0.5282332189381123,0.010756586009626094,0.5394090839771037,69589.90625,0.933029103677545,30104.90625,5.407599866390228,2.4375,0,3.1629608271287704,0.1722825190102766,0,15.098533620982977,0.006953869505931478,,,,,,,,,,,,,,,,0.3828125,8192,8192,4230.98828125,5600.6640625,865,865,4096,4096,4096,47.14109716308303,10.686978571000509,,,,,,,,,1,-0.42857142857142855,0.16170330603816815,0,0,1,,,,6.185759411891922e-05,2,1.0000110864639282,,,,,,8.465600967407227,0.027640344575047493,0.9173173308372498,0.009914353489875793,0.9982345104217529,,,,,,,,,,,,,0.0064352849731221795,0.0014231384466256713,0.00021822901908308268,0.9542118730023503,0.07252897038233641,0.004652346950024366,0.046320075169205666,0.01620254317231229,0,0,0,0,,,,,1,0.05859375,0,15
146,60774.941313587,1787618269.103837,0.11328125,6.938893903907228e-18,498.09225964546204,0.04605621099472046,1,-0.4285714328289032,0.125,0.5890686511993408,0.0008808514103293419,1.0028209686279297,0.9935970306396484,0.975426197052002,0,0,0.0065276301465928555,0.00012568896636366844,1.0001256465911865,0.07677163183689117,-0.000586286187171936,-0.0005858308868482709,0.006431533023715019,0.00012568896636366844,0.9999994039535522,0.00021058926358819008,0.00012568896636366844,1,7.625,1579.34375,0.008154806563711864,0.03125,0,33847.90625,0,11.294931262702907,0.017372872639784646,0.6572608902599617,88892.09375,0.9572561727449294,32369.59375,2.9685655487701297,0.7256950448900388,98223.0625,0.9875321131981318,33407.5,0.5513643994927406,0.00951065580454629,0.5351329537257822,72407.1875,0.9296645600459554,31448.53125,5.360662996768951,2.09375,0,2.972011762462662,0.27179585063211675,0,10.953157835972904,0.011788156869745431,,,,,,,,,,,,,,,,0.33203125,8192,8192,3988.2265625,5025.6640625,599,599,4096,4096,4096,44.13498261501081,12.351955760037526,,,,,,,,,1,-1,0.23555189211201644,0,0,1,,,,3.0362807592609897e-05,2,1.0000412464141846,,,,,,9.171847343444824,0.026372555643320084,0.588423490524292,0.009559343568980694,0.99833744764328,,,,,,,,,,,,,0.009313793038018048,0.001540439727705234,0.0001977500505745411,1.2751246530096978,0.08203846844980944,0.007894633919931948,0.13450662896502763,0.013042436342402652,0,0,0,0,,,,,1,0.11328125,0,29
147,61359.365080489,1787618824.7219188,0.08203125,6.938893903907228e-18,542.386483669281,0.10627786070108414,1,-1,0.28125,0.584259569644928,0.0015610355185344815,1.0049209594726562,0.9947185516357422,0.9733190536499023,0,0,0.0055964128114283085,0.0002781276125460863,1.000278115272522,0.12052825838327408,-0.011548560112714767,-0.011405624449253082,0.005304023157805204,0.0002781276125460863,1.0000181198120117,0.00010392442345619202,0.0002781276125460863,1,7.5625,1235.875,0.006887981892412751,0.03125,0,31905.8125,0,37.56796581507987,0.014372316243890956,0.6578640452951126,83851.1875,0.9611980736947341,30651.53125,1.8604751573875546,0.7266233891127167,92774.46875,0.9901482168669843,31596.5625,0.5840675951912999,0.008429032123581908,0.5280225712402603,67087.28125,0.930071521307112,29609.5625,5.5529754757881165,0.96875,0,2.3051807177469135,0.37339149349942213,0,34.98950156921128,0.011595682175771452,,,,,,,,,,,,,,,,0.4453125,8192,8192,4932.02734375,5942.55078125,694,694,4096,4096,4096,53.57030688796658,11.353920719004236,,,,,,,,,1,-0.7142857142857143,0.24614372771589682,0,0,1,,,,3.326471778564155e-05,2,0.9999179840087891,,,,,,7.448298931121826,0.025239961221814156,0.6021240949630737,0.009257521480321884,0.9983683824539185,,,,,,,,,,,,,0.017882926971651614,0.0016575693221057008,0.00022111902944743633,0.22799015697091818,0.06575856585959627,0.009905792074277997,0.17621942807454616,0.012655964936584496,0,0,0,0,,,,,1,0.08203125,0,21
148,61921.07824027,1787619410.9733431,0.05859375,2.6020852139652106e-18,571.5448689460754,0.10334981977939606,1,-0.7142857313156128,0.25,0.5562492609024048,0.0014565784949809313,1.0051336288452148,0.9952605366706848,0.9801602363586426,0,0,0.005082913674414158,0.000323828193359077,1.0003238916397095,0.11365009844303131,0.024556908756494522,0.024448856711387634,0.004762819968163967,0.000323828193359077,0.9999281167984009,0.0005824309773743153,0.000323828193359077,1,7.53125,1252.6875,0.006327849622343499,0.03125,0,39456.21875,0,17.52654263344705,0.017950807844149996,0.6576633593122194,103799.71875,0.9625791038629767,37986.28125,1.581178174354136,0.72648913156369,114626.1875,0.9916006931017836,39124.40625,0.612390324473381,0.008134390886880977,0.5136094632026134,80934,0.9234712814400036,36439.5,6.363053917884827,1.3125,0,2.3671154043569356,0.3922428669062692,0,16.150454855326785,0.01174121230833259,,,,,,,,,,,,,,,,0.54296875,8192,8192,5389.39453125,6591.66015625,795,795,4096,4096,4096,57.57983859605156,9.598052435088903,,,,,,,,,0.8571428571428572,-0.5714285714285714,0.21279241585380332,0,0,1,,,,1.6670472177793272e-05,2,0.9999491572380066,,,,,,4.689823150634766,0.024698268622159958,0.5514653921127319,0.009088904596865177,0.9984002113342285,,,,,,,,,,,,,0.012793389963917434,0.0017740946327648999,0.0001778899459168315,0.941434878972359,0.08874665011899197,0.007445364026352763,0.04417667689267546,0.014940761235266109,0,0,0,0,,,,,1,0.05859375,0,15
