2026-08-28T09:23:50.726650130Z WARNING: Logging before InitGoogle() is written to STDERR
2026-08-28T09:23:50.726671477Z W0000 00:00:1787909030.726560       1 override_grpc_credentials_real.cc:57] Registering MLPathways gRPC credentials override 'grpc_insecure_override'
2026-08-28T09:23:50.728795606Z I0000 00:00:1787909030.728703       1 pipe_transport_registry.cc:30] Registering pipe transport grpc
2026-08-28T09:23:50.747014243Z I0828 09:23:50.746955       1 b295d63588a.cc:788] Linux version 6.12.85+ (builder@535ef2dedada) (Chromium OS 17.0_pre498229-r33 clang version 17.0.0 (/mnt/host/source/src/third_party/llvm-project 14f0776550b5a49e1c42f49a00213f7f3fa047bf), LLD 17.0.0) #1 SMP Mon May 11 07:53:24 UTC 2026
2026-08-28T09:23:50.747290753Z I0828 09:23:50.747234       1 b295d63588a.cc:872] Process id 1
2026-08-28T09:23:50.747292556Z I0828 09:23:50.747255       1 b295d63588a.cc:878] Current working directory /
2026-08-28T09:23:50.747293947Z I0828 09:23:50.747257       1 b295d63588a.cc:881] Current timezone is UTC (currently UTC +00:00)
2026-08-28T09:23:50.747294992Z I0828 09:23:50.747261       1 b295d63588a.cc:886] Built on Jul 30 2026 03:19:54 (1785406794)
2026-08-28T09:23:50.747296256Z I0828 09:23:50.747262       1 b295d63588a.cc:887]  at rbex-enqueue-targets@jgik3.prod.google.com:/google/src/cloud/buildrabbit-username/buildrabbit-client/g3     
2026-08-28T09:23:50.747297609Z I0828 09:23:50.747263       1 b295d63588a.cc:888]  as 
2026-08-28T09:23:50.747298605Z I0828 09:23:50.747265       1 b295d63588a.cc:889]  for gcc-4.X.Y-crosstool-v18-llvm-grtev4-k8.k8
2026-08-28T09:23:50.747299700Z I0828 09:23:50.747269       1 b295d63588a.cc:892]  from changelist 956357083 with baseline 956357083 in a mint client based on __ar56t/g3     
2026-08-28T09:23:50.747300807Z I0828 09:23:50.747274       1 b295d63588a.cc:896] Build label: cloud_pathways.runtime_20260730_0_RC00
2026-08-28T09:23:50.747301984Z I0828 09:23:50.747279       1 b295d63588a.cc:898] Build tool: Bazel, release r4rca-2026.07.27-2 (mainline @954306043)
2026-08-28T09:23:50.747302976Z I0828 09:23:50.747280       1 b295d63588a.cc:899] Build target: 
2026-08-28T09:23:50.747306364Z I0828 09:23:50.747285       1 b295d63588a.cc:907] Command line arguments:
2026-08-28T09:23:50.747307342Z I0828 09:23:50.747286       1 b295d63588a.cc:909] argv[0]: '/usr/pathways/run/cloud_pathways_server_sanitized'
2026-08-28T09:23:50.747308290Z I0828 09:23:50.747289       1 b295d63588a.cc:909] argv[1]: '--server_port=29000'
2026-08-28T09:23:50.747309537Z I0828 09:23:50.747292       1 b295d63588a.cc:909] argv[2]: '--resource_manager_address=canon-p57-fl-zero-f45w15-799a0bd1-pathways-head-0-0.canon-p57-fl-zero-f45w15-799a0bd1:29001'
2026-08-28T09:23:50.747310746Z I0828 09:23:50.747294       1 b295d63588a.cc:909] argv[3]: '--node_type=worker'
2026-08-28T09:23:50.747312859Z I0828 09:23:50.747295       1 b295d63588a.cc:909] argv[4]: '--instance_type=tpuv5:4x4x4'
2026-08-28T09:23:50.747314815Z I0828 09:23:50.747297       1 b295d63588a.cc:909] argv[5]: '--temporary_flags_for_debugging=temporary_flag_for_debugging_pipe_unreachable_timeout=300s'
2026-08-28T09:23:50.747545367Z I0828 09:23:50.747481       1 init.cc:78] Remote crash gathering hook installed.
2026-08-28T09:23:50.747561489Z I0828 09:23:50.747533       1 tpu_runtime_type_flags.cc:78] --tpu_use_tfrt not specified. Using default value: true
2026-08-28T09:23:50.747968251Z I0828 09:23:50.747921       1 host_command_handler_factory.cc:31] Skipping registration of host command handler for opcode Log because it is not in the allowlist.
2026-08-28T09:23:50.748145924Z I0828 09:23:50.748105       1 tpu_hal.cc:467] Registered plugin from module: megascale_sync_flag_logger
2026-08-28T09:23:50.750687781Z I0828 09:23:50.750631       1 tpu_hal.cc:467] Registered plugin from module: RuntimeMetricHelper
2026-08-28T09:23:50.765746986Z I0828 09:23:50.765686       1 logger.cc:308] Enabling threaded logging for severity WARNING
2026-08-28T09:23:50.765757991Z I0828 09:23:50.765723       1 tpu_hal.cc:467] Registered plugin from module: sdc_checker_callback
2026-08-28T09:23:50.765991295Z I0828 09:23:50.765950       1 mlock.cc:220] mlock()-ed 4096 bytes for BuildID, using 1 syscalls.
2026-08-28T09:23:50.766205451Z I0828 09:23:50.766163       1 cloud_config_util.cc:53] STARTUP: argv[0]: /usr/pathways/run/cloud_pathways_server_sanitized$
2026-08-28T09:23:50.766206971Z I0828 09:23:50.766170       1 cloud_config_util.cc:57] STARTUP: env: PATH=/bin$
2026-08-28T09:23:50.766208165Z I0828 09:23:50.766172       1 cloud_config_util.cc:57] STARTUP: env: HOSTNAME=gke-tpu-44404155-lb33$
2026-08-28T09:23:50.766209177Z I0828 09:23:50.766173       1 cloud_config_util.cc:57] STARTUP: env: LD_LIBRARY_PATH=/usr/grte/v5/lib64/:/usr/pathways/run/$
2026-08-28T09:23:50.766210388Z I0828 09:23:50.766174       1 cloud_config_util.cc:57] STARTUP: env: PATHWAYS_UNSAFE_UNSAFE_OVERRIDE_GRPC_CREDENTIALS=grpc_insecure_override$
2026-08-28T09:23:50.766211796Z I0828 09:23:50.766175       1 cloud_config_util.cc:57] STARTUP: env: TPU_STDERR_LOG_LEVEL=0$
2026-08-28T09:23:50.766212878Z I0828 09:23:50.766176       1 cloud_config_util.cc:57] STARTUP: env: TPU_HOST_BOUNDS=2,2,4$
2026-08-28T09:23:50.766213908Z I0828 09:23:50.766177       1 cloud_config_util.cc:57] STARTUP: env: TPU_TOPOLOGY_WRAP=true,true,true$
2026-08-28T09:23:50.766215244Z I0828 09:23:50.766178       1 cloud_config_util.cc:57] STARTUP: env: ALT=false$
2026-08-28T09:23:50.766216306Z I0828 09:23:50.766179       1 cloud_config_util.cc:57] STARTUP: env: VBAR_CONTROL_SERVICE_URL=unix:///var/run/tpu-plugin/vbar.sock$
2026-08-28T09:23:50.766217603Z I0828 09:23:50.766180       1 cloud_config_util.cc:57] STARTUP: env: TPU_ACCELERATOR_TYPE=v5p-128$
2026-08-28T09:23:50.766218644Z I0828 09:23:50.766181       1 cloud_config_util.cc:57] STARTUP: env: TPU_TOPOLOGY=4x4x4$
2026-08-28T09:23:50.766219827Z I0828 09:23:50.766182       1 cloud_config_util.cc:57] STARTUP: env: TPU_CHIPS_PER_HOST_BOUNDS=2,2,1$
2026-08-28T09:23:50.766220797Z I0828 09:23:50.766183       1 cloud_config_util.cc:57] STARTUP: env: CHIPS_PER_HOST_BOUNDS=2,2,1$
2026-08-28T09:23:50.766221901Z I0828 09:23:50.766185       1 cloud_config_util.cc:57] STARTUP: env: HOST_BOUNDS=2,2,4$
2026-08-28T09:23:50.766223002Z I0828 09:23:50.766186       1 cloud_config_util.cc:57] STARTUP: env: WRAP=true,true,true$
2026-08-28T09:23:50.766225071Z I0828 09:23:50.766187       1 cloud_config_util.cc:57] STARTUP: env: TPU_TOPOLOGY_ALT=false$
2026-08-28T09:23:50.766240221Z I0828 09:23:50.766188       1 cloud_config_util.cc:57] STARTUP: env: ENABLE_ICI_RESILIENCY=true$
2026-08-28T09:23:50.766248335Z I0828 09:23:50.766197       1 cloud_config_util.cc:57] STARTUP: env: TPU_RUNTIME_METRICS_PORTS=8431,8432,8433,8434$
2026-08-28T09:23:50.766249790Z I0828 09:23:50.766198       1 cloud_config_util.cc:57] STARTUP: env: TPU_SKIP_MDS_QUERY=true$
2026-08-28T09:23:50.766251386Z I0828 09:23:50.766199       1 cloud_config_util.cc:57] STARTUP: env: PATHWAYS_HEAD=canon-p57-fl-zero-f45w15-799a0bd1-pathways-head-0-0.canon-p57-fl-zero-f45w15-799a0bd1$
2026-08-28T09:23:50.766252785Z I0828 09:23:50.766200       1 cloud_config_util.cc:57] STARTUP: env: PATHWAYS_PIPE_UNREACHABLE_TIMEOUT=300s$
2026-08-28T09:23:50.766254749Z I0828 09:23:50.766201       1 cloud_config_util.cc:57] STARTUP: env: GRPC_KEEPALIVE_PERMIT_WITHOUT_CALLS=1$
2026-08-28T09:23:50.766256028Z I0828 09:23:50.766202       1 cloud_config_util.cc:57] STARTUP: env: TPU_MIN_LOG_LEVEL=0$
2026-08-28T09:23:50.766257011Z I0828 09:23:50.766203       1 cloud_config_util.cc:57] STARTUP: env: TF_CPP_MIN_LOG_LEVEL=0$
2026-08-28T09:23:50.766258733Z I0828 09:23:50.766204       1 cloud_config_util.cc:57] STARTUP: env: TPU_WORKER_HOSTNAMES=canon-p57-fl-zero-f45w15-799a0bd1-pathways-worker-0-0.canon-p57-fl-zero-f45w15-799a0bd1,canon-p57-fl-zero-f45w15-799a0bd1-pathways-worker-0-1.canon-p57-fl-zero-f45w15-799a0bd1,canon-p57-fl-zero-f45w15-799a0bd1-pathways-worker-0-2.canon-p57-fl-zero-f45w15-799a0bd1,canon-p57-fl-zero-f45w15-799a0bd1-pathways-worker-0-3.canon-p57-fl-zero-f45w15-799a0bd1,canon-p57-fl-zero-f45w15-799a0bd1-pathways-worker-0-4.canon-p57-fl-zero-f45w15-799a0bd1,canon-p57-fl-zero-f45w15-799a0bd1-pathways-worker-0-5.canon-p57-fl-zero-f45w15-799a0bd1,canon-p57-fl-zero-f45w15-799a0bd1-pathways-worker-0-6.canon-p57-fl-zero-f45w15-799a0bd1,canon-p57-fl-zero-f45w15-799a0bd1-pathways-worker-0-7.canon-p57-fl-zero-f45w15-799a0bd1,canon-p57-fl-zero-f45w15-799a0bd1-pathways-worker-0-8.canon-p57-fl-zero-f45w15-799a0bd1,canon-p57-fl-zero-f45w15-799a0bd1-pathways-worker-0-9.canon-p57-fl-zero-f45w15-799a0bd1,canon-p57-fl-zero-f45w15-799a0bd1-pathways-worker-0-10.canon-p57-fl-zero-f45w15-799a0bd1,canon-p57-fl-zero-f45w15-799a0bd1-pathways-worker-0-11.canon-p57-fl-zero-f45w15-799a0bd1,canon-p57-fl-zero-f45w15-799a0bd1-pathways-worker-0-12.canon-p57-fl-zero-f45w15-799a0bd1,canon-p57-fl-zero-f45w15-799a0bd1-pathways-worker-0-13.canon-p57-fl-zero-f45w15-799a0bd1,canon-p57-fl-zero-f45w15-799a0bd1-pathways-worker-0-14.canon-p57-fl-zero-f45w15-799a0bd1,canon-p57-fl-zero-f45w15-799a0bd1-pathways-worker-0-15.canon-p57-fl-zero-f45w15-799a0bd1$
2026-08-28T09:23:50.766269129Z I0828 09:23:50.766206       1 cloud_config_util.cc:57] STARTUP: env: JOB_COMPLETION_INDEX=0$
2026-08-28T09:23:50.766270392Z I0828 09:23:50.766208       1 cloud_config_util.cc:57] STARTUP: env: GRPC_KEEPALIVE_TIMEOUT_MS=30000$
2026-08-28T09:23:50.766271364Z I0828 09:23:50.766209       1 cloud_config_util.cc:57] STARTUP: env: MEGASCALE_GRPC_ENABLE_XOR_TRACER=false$
2026-08-28T09:23:50.766272458Z I0828 09:23:50.766210       1 cloud_config_util.cc:57] STARTUP: env: JOBSET_NAME=canon-p57-fl-zero-f45w15-799a0bd1$
2026-08-28T09:23:50.766273522Z I0828 09:23:50.766212       1 cloud_config_util.cc:57] STARTUP: env: REPLICATED_JOB_NAME=pathways-worker$
2026-08-28T09:23:50.766274996Z I0828 09:23:50.766213       1 cloud_config_util.cc:57] STARTUP: env: GRPC_KEEPALIVE_TIME_MS=10000$
2026-08-28T09:23:50.766275972Z I0828 09:23:50.766215       1 cloud_config_util.cc:57] STARTUP: env: XCLOUD_ENVIRONMENT=GCP$
2026-08-28T09:23:50.766277010Z I0828 09:23:50.766217       1 cloud_config_util.cc:57] STARTUP: env: MEGASCALE_SLICE_ID=0$
2026-08-28T09:23:50.766278151Z I0828 09:23:50.766218       1 cloud_config_util.cc:57] STARTUP: env: MEGASCALE_COORDINATOR_ADDRESS=$
2026-08-28T09:23:50.766279255Z I0828 09:23:50.766220       1 cloud_config_util.cc:57] STARTUP: env: XLA_PYTHON_CLIENT_PREALLOCATE=true$
2026-08-28T09:23:50.766280358Z I0828 09:23:50.766221       1 cloud_config_util.cc:57] STARTUP: env: XLA_PYTHON_CLIENT_MEM_FRACTION=0.9$
2026-08-28T09:23:50.766281241Z I0828 09:23:50.766223       1 cloud_config_util.cc:57] STARTUP: env: ENABLE_PATHWAYS_PERSISTENCE=1$
2026-08-28T09:23:50.766282302Z I0828 09:23:50.766224       1 cloud_config_util.cc:57] STARTUP: env: TPU_WORKER_ID=0$
2026-08-28T09:23:50.766283842Z I0828 09:23:50.766225       1 cloud_config_util.cc:57] STARTUP: env: TPU_PREMAPPED_BUFFER_SIZE=8589934592$
2026-08-28T09:23:50.766285133Z I0828 09:23:50.766227       1 cloud_config_util.cc:57] STARTUP: env: MEGASCALE_NUM_SLICES=1$
2026-08-28T09:23:50.766286174Z I0828 09:23:50.766228       1 cloud_config_util.cc:57] STARTUP: env: KUBERNETES_SERVICE_HOST=34.118.224.1$
2026-08-28T09:23:50.766292696Z I0828 09:23:50.766229       1 cloud_config_util.cc:57] STARTUP: env: KIMI_K3_SERVICE_PORT=tcp://34.118.236.245:8000$
2026-08-28T09:23:50.766293809Z I0828 09:23:50.766231       1 cloud_config_util.cc:57] STARTUP: env: KIMI_K3_SERVICE_PORT_8000_TCP=tcp://34.118.236.245:8000$
2026-08-28T09:23:50.766294813Z I0828 09:23:50.766232       1 cloud_config_util.cc:57] STARTUP: env: KIMI_K3_SERVICE_PORT_8000_TCP_PORT=8000$
2026-08-28T09:23:50.766298421Z I0828 09:23:50.766233       1 cloud_config_util.cc:57] STARTUP: env: KUBERNETES_SERVICE_PORT_HTTPS=443$
2026-08-28T09:23:50.766299386Z I0828 09:23:50.766234       1 cloud_config_util.cc:57] STARTUP: env: KUBERNETES_PORT_443_TCP_PROTO=tcp$
2026-08-28T09:23:50.766300415Z I0828 09:23:50.766235       1 cloud_config_util.cc:57] STARTUP: env: KIMI_K3_SERVICE_SERVICE_PORT_HTTP_SERVING=8000$
2026-08-28T09:23:50.766301333Z I0828 09:23:50.766236       1 cloud_config_util.cc:57] STARTUP: env: KIMI_K3_SERVICE_PORT_8000_TCP_PROTO=tcp$
2026-08-28T09:23:50.766302224Z I0828 09:23:50.766238       1 cloud_config_util.cc:57] STARTUP: env: KUBERNETES_PORT=tcp://34.118.224.1:443$
2026-08-28T09:23:50.766303115Z I0828 09:23:50.766239       1 cloud_config_util.cc:57] STARTUP: env: KUBERNETES_PORT_443_TCP_PORT=443$
2026-08-28T09:23:50.766303995Z I0828 09:23:50.766240       1 cloud_config_util.cc:57] STARTUP: env: KIMI_K3_SERVICE_SERVICE_HOST=34.118.236.245$
2026-08-28T09:23:50.766305010Z I0828 09:23:50.766241       1 cloud_config_util.cc:57] STARTUP: env: KUBERNETES_SERVICE_PORT=443$
2026-08-28T09:23:50.766305922Z I0828 09:23:50.766243       1 cloud_config_util.cc:57] STARTUP: env: KUBERNETES_PORT_443_TCP=tcp://34.118.224.1:443$
2026-08-28T09:23:50.766306960Z I0828 09:23:50.766244       1 cloud_config_util.cc:57] STARTUP: env: KUBERNETES_PORT_443_TCP_ADDR=34.118.224.1$
2026-08-28T09:23:50.766307855Z I0828 09:23:50.766245       1 cloud_config_util.cc:57] STARTUP: env: KIMI_K3_SERVICE_SERVICE_PORT=8000$
2026-08-28T09:23:50.766308737Z I0828 09:23:50.766246       1 cloud_config_util.cc:57] STARTUP: env: KIMI_K3_SERVICE_PORT_8000_TCP_ADDR=34.118.236.245$
2026-08-28T09:23:50.766310123Z I0828 09:23:50.766248       1 cloud_config_util.cc:57] STARTUP: env: HOME=/$
2026-08-28T09:23:50.766311583Z I0828 09:23:50.766249       1 cloud_config_util.cc:57] STARTUP: env: CLOUD_TPU_TASK_ID=0$
2026-08-28T09:23:50.766312708Z I0828 09:23:50.766250       1 cloud_config_util.cc:57] STARTUP: env: CLOUD_TPU_ACCELERATOR_TYPE=v5p-128$
2026-08-28T09:23:50.766318972Z I0828 09:23:50.766252       1 cloud_config_util.cc:64] STARTUP: config: CloudWorkerAndRmConfig(gcs_scratch_location: , server_port: 29000, node_type: 0, resource_manager_address: dns:///canon-p57-fl-zero-f45w15-799a0bd1-pathways-head-0-0.canon-p57-fl-zero-f45w15-799a0bd1:29001, expected_instances: , tpu_pinned_host_allocation_recycle: 0, enable_gcs_olm: 1, temporary_flags_for_debugging: temporary_flag_for_debugging_pipe_unreachable_timeout=300s, chip_config_name: , tpu_premapped_buffer_size: 4294967296)
2026-08-28T09:23:50.766898371Z I0828 09:23:50.766852       1 pipe_transport_registry.cc:45] Determined pipe transport grpc
2026-08-28T09:23:50.766903373Z W0828 09:23:50.766871       1 override_grpc_credentials_real.cc:75] Using MLPathways gRPC server credentials override
2026-08-28T09:23:50.766954508Z I0828 09:23:50.766915      30 monitoring.cc:47] Starting all registered TSL metrics exporters.
2026-08-28T09:23:50.766956379Z I0828 09:23:50.766916       1 config.cc:265] gRPC experiments: xds_server_filter_chain_per_route:off; default-enabled: buffer_list_deletion_prep, cache_loas_context_in_connection_context, call_tracer_send_initial_metadata_is_an_annotation, callv3_batch_validation, callv3_census_client, callv3_census_server, census_global_family_cache, chaotic_good_framing_layer, chaotic_good_send_supported_features, custom_frame_check, directpath_rpc_header_sanitization_filter, event_engine_callback_cq, event_engine_client, event_engine_dns, event_engine_dns_non_client_channel, event_engine_listener, inproc_cancel_stream, message_size_refactoring, monitoring_experiment, optimization_01, optimization_02, optimization_03, optimization_04, ph2_perf_01, promise_batch_cleanup_on_cancel, promise_filter_send_cancel_metadata, subchannel_connection_scaling, tsi_frame_protector_without_locks, wildcard_ip_expansion_restriction
2026-08-28T09:23:50.767053860Z I0828 09:23:50.767015       1 httpserver2_cloud.cc:122] Attempting to start grpc service at [::]:29000
2026-08-28T09:23:50.768554662Z I0828 09:23:50.768506       1 httpserver2_cloud.cc:125] Started grpc service at [::]:29000
2026-08-28T09:23:50.768557093Z I0828 09:23:50.768517       1 pipe_grpc.cc:332] Pipe grpc server listening on [::]:29000
2026-08-28T09:23:50.768558102Z W0828 09:23:50.768533       1 pjrt_tpu_init.cc:65] worker_connected_callback is ignored.
2026-08-28T09:23:50.768561168Z W0828 09:23:50.768538       1 pjrt_tpu_init.cc:69] worker_disconnected_callback is ignored.
2026-08-28T09:23:50.781182244Z I0828 09:23:50.781134       1 device_util.cc:81] Found 4 TPU v5 chips.
2026-08-28T09:23:50.781185477Z I0828 09:23:50.781149       1 tpu_version_flag.cc:77] Using auto-detected TPU version TPU v5
2026-08-28T09:23:50.782503615Z I0828 09:23:50.782462       1 tpu_chip_config.cc:367] Resolved chip config alias megachip_tccontrol->megacore for 2093c6a02, 
2026-08-28T09:23:50.783191295Z I0828 09:23:50.783157       1 pending_event_logger.cc:964] Enabling PjRt/TPU event dependency logging.
2026-08-28T09:23:50.784160164Z I0828 09:23:50.784120     258 flags_util.cc:316] Using 8471 from --2a886c8_slice_builder_worker_port as SliceBuilder worker service port.
2026-08-28T09:23:50.784831472Z I0828 09:23:50.784796     258 tpu_network_factory.cc:62] tpunetd either not supported or disabled, falling back to Slice Builder
2026-08-28T09:23:50.792979602Z I0828 09:23:50.792933     258 init-domain.cc:132] Fiber init: default domain = futex, concurrency = 228, prefix = futex-default
2026-08-28T09:23:51.472646320Z I0828 09:23:51.472530     263 async_driver.cc:477] [/dev/vfio/2 tpu317:pe0:1] vf_id:0 Driver opened.
2026-08-28T09:23:51.475693742Z I0828 09:23:51.473151     261 async_driver.cc:477] [/dev/vfio/0 tpu317:pe0:2] vf_id:0 Driver opened.
2026-08-28T09:23:51.475700792Z I0828 09:23:51.475317     264 async_driver.cc:477] [/dev/vfio/3 tpu317:pe0:3] vf_id:0 Driver opened.
2026-08-28T09:23:51.515044971Z I0828 09:23:51.514967     263 tpu_vxc_driver.cc:935] Throttled firmware queue size configured to 223(Firmware queue size: 256, leaving 32 for misc purposes).
2026-08-28T09:23:51.515536688Z I0828 09:23:51.515440     261 tpu_vxc_driver.cc:935] Throttled firmware queue size configured to 223(Firmware queue size: 256, leaving 32 for misc purposes).
2026-08-28T09:23:51.515819363Z I0828 09:23:51.515757     264 tpu_vxc_driver.cc:935] Throttled firmware queue size configured to 223(Firmware queue size: 256, leaving 32 for misc purposes).
2026-08-28T09:23:51.520147479Z I0828 09:23:51.520084     260 futex.cc:71] RAW: Futex::Swap(): using GFUTEX_SWAP
2026-08-28T09:23:51.523909255Z I0828 09:23:51.523862     264 async_driver.cc:1858] All cores supported.
2026-08-28T09:23:51.524551465Z I0828 09:23:51.524494     261 async_driver.cc:1858] All cores supported.
2026-08-28T09:23:51.524956078Z I0828 09:23:51.524896     263 async_driver.cc:1858] All cores supported.
2026-08-28T09:23:51.573172589Z I0828 09:23:51.573092     262 async_driver.cc:477] [/dev/vfio/1 tpu317:pe0:0] vf_id:0 Driver opened.
2026-08-28T09:23:51.588721546Z I0828 09:23:51.588668     262 tpu_vxc_driver.cc:935] Throttled firmware queue size configured to 223(Firmware queue size: 256, leaving 32 for misc purposes).
2026-08-28T09:23:51.594940752Z I0828 09:23:51.594886     262 async_driver.cc:1858] All cores supported.
2026-08-28T09:23:51.594968767Z I0828 09:23:51.594937     258 slice_builder_helper.cc:101] Current host is used as SliceBuilder master.
2026-08-28T09:24:00.920387259Z I0828 09:24:00.920279     258 legacy_topology_discoverer.cc:56] Target Topology: (4W, 4W, 4W)
2026-08-28T09:24:01.943106002Z I0828 09:24:01.943034     258 master.cc:217] Successfully initialized SliceBuilder master session 93bc99cce20a6df4 with expected topology (4W, 4W, 4W)
2026-08-28T09:24:01.947214491Z I0828 09:24:01.947167     258 tpu_hal.cc:209] Starting premapped memory manager initialization...
2026-08-28T09:24:01.950778913Z W0828 09:24:01.950722     681 libtpu_telemetry_utils.cc:44] Metric already exists: hlo.execution.timing.distribution.microseconds
2026-08-28T09:24:01.950802845Z W0828 09:24:01.950732     678 libtpu_telemetry_utils.cc:44] Metric already exists: hlo.execution.timing.distribution.microseconds
2026-08-28T09:24:01.950806832Z W0828 09:24:01.950741     681 libtpu_telemetry_utils.cc:44] Metric already exists: hlo.queue.size.gauge
2026-08-28T09:24:01.950809908Z W0828 09:24:01.950742     678 libtpu_telemetry_utils.cc:44] Metric already exists: hlo.queue.size.gauge
2026-08-28T09:24:01.950918012Z W0828 09:24:01.950795     680 libtpu_telemetry_utils.cc:44] Metric already exists: hlo.execution.timing.distribution.microseconds
2026-08-28T09:24:01.950952345Z W0828 09:24:01.950820     680 libtpu_telemetry_utils.cc:44] Metric already exists: hlo.queue.size.gauge
2026-08-28T09:24:01.952343230Z W0828 09:24:01.952278     679 libtpu_telemetry_utils.cc:44] Metric already exists: hlo.execution.timing.distribution.microseconds
2026-08-28T09:24:01.952596648Z W0828 09:24:01.952562     679 libtpu_telemetry_utils.cc:44] Metric already exists: hlo.queue.size.gauge
2026-08-28T09:24:01.952626907Z W0828 09:24:01.952338     681 libtpu_telemetry_utils.cc:44] Metric already exists: hlo.execution.timing.distribution.microseconds
2026-08-28T09:24:01.952638141Z W0828 09:24:01.952608     681 libtpu_telemetry_utils.cc:44] Metric already exists: hlo.queue.size.gauge
2026-08-28T09:24:01.952691102Z W0828 09:24:01.952382     678 libtpu_telemetry_utils.cc:44] Metric already exists: hlo.execution.timing.distribution.microseconds
2026-08-28T09:24:01.952697505Z W0828 09:24:01.952662     678 libtpu_telemetry_utils.cc:44] Metric already exists: hlo.queue.size.gauge
2026-08-28T09:24:01.952833823Z W0828 09:24:01.952505     680 libtpu_telemetry_utils.cc:44] Metric already exists: hlo.execution.timing.distribution.microseconds
2026-08-28T09:24:01.952839388Z W0828 09:24:01.952796     680 libtpu_telemetry_utils.cc:44] Metric already exists: hlo.queue.size.gauge
2026-08-28T09:24:02.712449579Z I0828 09:24:02.712322     258 runtime_metric_service.cc:197] Successfully started Runtime Metric Service on port: 8431
2026-08-28T09:24:02.712555659Z I0828 09:24:02.712495     258 system.cc:1087] tpu::System initialized, current host id: 9, logical device ids: 34,35,38,39
2026-08-28T09:24:02.712592509Z I0828 09:24:02.712529       1 tpu_system_state.cc:224] CreateTpuSystemState: TPU initialization is successful and it took 11.929363945s
2026-08-28T09:24:02.712602688Z I0828 09:24:02.712543       1 tpu_system_state.cc:228] CreateTpuSystemState: using TPU host premapped buffer of size: 4294967296
2026-08-28T09:24:02.712608489Z I0828 09:24:02.712551       1 tpu_host_allocator.cc:68] Premapped buffer is using alignment 64
2026-08-28T09:24:02.712693203Z I0828 09:24:02.712571     736 tpu_diagnostic_coordinator.cc:610] TpuDiagnosticCoordinator listening on socket /tmp/tpu_diag_trigger_1.socket (symlinked at /tmp/tpu_diag_latest.socket)
2026-08-28T09:24:02.713026589Z I0828 09:24:02.712975       1 tpu_linearizer.cc:104] Inflight linearization byte limit configured to : 1099511627776
2026-08-28T09:24:02.713045366Z I0828 09:24:02.712983       1 tpu_linearizer.cc:118] Inflight delinearization byte limit configured to : 1099511627776
2026-08-28T09:24:02.713264488Z I0828 09:24:02.713223       1 allocator_stats_reporter.cc:117] Starting AllocatorStats Reporter with reporting interval: 5s
2026-08-28T09:24:02.713566065Z I0828 09:24:02.713530       1 pjrt_c_api_client.cc:187] PjRtCApiClient created.
2026-08-28T09:24:02.713573431Z I0828 09:24:02.713537       1 server_lib.cc:2229] Dispatching compilation of PSI exchange program
2026-08-28T09:24:02.713589479Z I0828 09:24:02.713552       1 watch_dog.cc:26] Creating thread: PwWatchDog_9638028378209493103 for WatchDog: Timebomb for initial consensus program
2026-08-28T09:24:02.715907752Z I0828 09:24:02.715854       1 2a886c8_compiler_hlo_passes.cc:6336] XLA::TPU running hlo passes for 2 instructions, module: psi_info_exchange.1
2026-08-28T09:24:02.715921403Z I0828 09:24:02.715875       1 2a886c8_compiler_hlo_passes.cc:6381] Initial HLO module: psi_info_exchange.1 instructions: 2 fingerprint: 
2026-08-28T09:24:02.716261839Z I0828 09:24:02.716216       1 2a886c8_compiler_hlo_passes.cc:6445] HLO optimizing module: psi_info_exchange.1 instructions: 2
2026-08-28T09:24:02.716277697Z I0828 09:24:02.716220       1 2a886c8_compiler_hlo_passes.cc:6459] XLA::TPU HLO optimization
2026-08-28T09:24:02.718892717Z I0828 09:24:02.718705     747 tpu_layout_assignment.cc:4245] Ran 2 additional passes of layout assignment to assign all layouts.
2026-08-28T09:24:02.719049488Z I0828 09:24:02.718898       1 2a886c8_compiler_hlo_passes.cc:6248] xla_tpu_impure_hlo_parallel_compile is DISABLED. psi_info_exchange.1
2026-08-28T09:24:02.720721299Z I0828 09:24:02.720654       1 2a886c8_compiler_hlo_passes.cc:5327] XLA::TPU HLO PostOptimizationPipeline
2026-08-28T09:24:02.721621231Z I0828 09:24:02.721490       1 tpu_plumb_vmem_info.cc:668] scavenging_mode: 0 for module: psi_info_exchange.1
2026-08-28T09:24:02.721647789Z I0828 09:24:02.721578       1 2a886c8_compiler_hlo_passes.cc:6532] HLO_PASSES stage duration: 5.70369375ms
2026-08-28T09:24:02.725604511Z I0828 09:24:02.725529     732 tpu_chip_config.cc:367] Resolved chip config alias megachip_tccontrol->megacore for 2093c6a02, 
2026-08-28T09:24:02.726406168Z I0828 09:24:02.726349     732 memory_space_assignment_util.cc:621] MSA Vmem breakdown: default scoped vmem (from flag): 16777216; does_msa_directly_allocate_scoped_vmem: F; bytes_for_msa_to_allocate: 50266112
2026-08-28T09:24:02.743795621Z I0828 09:24:02.743730     749 2a886c8_compiler_base.cc:4059] BACKEND_PASSES stage duration: 18.26747475ms
2026-08-28T09:24:02.745539173Z I0828 09:24:02.745471     749 2a886c8_compiler_backend.cc:1776] final program bundle count: 1,043 note this count does not reflect cycles spent executing delays.
2026-08-28T09:24:02.751459186Z I0828 09:24:02.751397     749 2a886c8_compiler_backend.cc:1968] Program divided into 2 overlays without HLO functions (102.0K).
2026-08-28T09:24:02.751494963Z I0828 09:24:02.751466     749 2a886c8_compiler_backend.cc:2134] XLA::TPU module name: psi_info_exchange.1
2026-08-28T09:24:02.751499983Z I0828 09:24:02.751470     749 2a886c8_compiler_backend.cc:2136] XLA::TPU program HBM usage: 183.0K / 95.73G
2026-08-28T09:24:02.751504013Z I0828 09:24:02.751473     749 2a886c8_compiler_backend.cc:2143] Note that --xla_tpu_max_hbm_size_mib is not specified. This means that the compiler may use up all available HBM, possibly prioritizing other metrics (latency, compile-time, ..) over memory usage. To reduce memory usage, set --xla_tpu_max_hbm_size_mib to a smaller value.
2026-08-28T09:24:02.751507389Z I0828 09:24:02.751475     749 2a886c8_compiler_backend.cc:2177] XLA::TPU program VMEM usage: 166.5K / 64.00M
2026-08-28T09:24:02.751510131Z I0828 09:24:02.751484     749 2a886c8_compiler_backend.cc:2188] Total hbm usage >= 279.21M:
2026-08-28T09:24:02.751514391Z     reserved        279.03M 
2026-08-28T09:24:02.751517178Z     program          183.0K 
2026-08-28T09:24:02.751527586Z     arguments          512B 
2026-08-28T09:24:02.751530418Z 
2026-08-28T09:24:02.751533526Z Output size 6.0K; shares 0B with arguments.
2026-08-28T09:24:02.751535684Z 
2026-08-28T09:24:02.751538032Z Total host usage >= 0B:
2026-08-28T09:24:02.751540480Z     reserved             0B 
2026-08-28T09:24:02.751550103Z     program         unknown size 
2026-08-28T09:24:02.751552080Z     arguments            0B 
2026-08-28T09:24:02.751553724Z 
2026-08-28T09:24:02.751555707Z Output size 0B; shares 0B with arguments.
2026-08-28T09:24:02.751557588Z 
2026-08-28T09:24:02.751564773Z I0828 09:24:02.751499     749 2a886c8_compiler_backend.cc:2192] Program sflag requirement 300B:
2026-08-28T09:24:02.751566700Z     reserved           204B
2026-08-28T09:24:02.751568867Z     scoped              92B
2026-08-28T09:24:02.751571563Z     HLO temp             4B (100.0% utilization: Unpadded (4B) Padded (4B), 0.0% fragmentation (0B))
2026-08-28T09:24:02.751573887Z Program sparse_core_sequencer_sflag requirement 36B:
2026-08-28T09:24:02.751575742Z     reserved            36B
2026-08-28T09:24:02.751577848Z Program sparse_core_tile_sflag requirement 4B:
2026-08-28T09:24:02.751579998Z     reserved             4B
2026-08-28T09:24:02.751581977Z Program sparse_core_sequencer_smem requirement 64B:
2026-08-28T09:24:02.751584890Z     reserved            64B
2026-08-28T09:24:02.751588139Z Program sparse_core_tile_smem requirement 0B:
2026-08-28T09:24:02.751612129Z Program hbm requirement 183.0K:
2026-08-28T09:24:02.751614523Z     global            33.0K
2026-08-28T09:24:02.751617034Z     HLO temp          48.0K (9.5% utilization: Unpadded (3.0K) Padded (32.0K), 33.3% fragmentation (16.0K))
2026-08-28T09:24:02.751619782Z     overlays         102.0K
2026-08-28T09:24:02.751622150Z Program vmem requirement 166.5K:
2026-08-28T09:24:02.751624714Z     scoped           166.0K
2026-08-28T09:24:02.751627044Z     HLO temp           512B (0.0% utilization: Unpadded (0B) Padded (0B), 100.0% fragmentation (512B))
2026-08-28T09:24:02.751629615Z Program smem requirement 264B:
2026-08-28T09:24:02.751632073Z     global               4B
2026-08-28T09:24:02.751634211Z     scoped             260B
2026-08-28T09:24:02.751636564Z Program host requirement 0B:
2026-08-28T09:24:02.751639217Z I0828 09:24:02.751503     749 2a886c8_compiler_backend.cc:2200] XLA::TPU program SMEM usage: 2.1K / 1.00M (1 parameters)
2026-08-28T09:24:02.751641680Z I0828 09:24:02.751512     749 2a886c8_compiler_backend.cc:1472] CODE_GENERATION stage duration: 7.7332875ms
2026-08-28T09:24:02.752100612Z I0828 09:24:02.752062     749 isa_program_util_common.cc:373] (HLO module psi_info_exchange.1): Executable fingerprint:893e9e20d5ae160c7be6d81fd596ec73c1cabe1940b3c273861ec36b26fbeb3a
2026-08-28T09:24:02.752105676Z I0828 09:24:02.752065     749 isa_program_util_common.cc:377] (HLO module psi_info_exchange.1): Executable fingerprint (including data segments):75664ae48d4b52bd2da19a4f3a6af5c80210481094276e70a5455e382d1b95dc
2026-08-28T09:24:02.752108856Z I0828 09:24:02.752067     749 isa_program_util_common.cc:380] (HLO module psi_info_exchange.1): Host transfer fingerprint:e3b0c44298fc1c149afbf4c8996fb92427ae41e4649b934ca495991b7852b855
2026-08-28T09:24:02.752298972Z I0828 09:24:02.752254       1 2a886c8_compiler_base.cc:1019] END_TO_END stage duration: 36.49936025ms
2026-08-28T09:24:02.752304770Z I0828 09:24:02.752265       1 2a886c8_compiler_base.cc:1020] Note that END_TO_END duration also includes time outside of HLO_PASSES, BACKEND_PASSES, and CODE_GENERATION
2026-08-28T09:24:02.752615123Z I0828 09:24:02.752587       1 server_lib.cc:2235] Done compilation of PSI exchange program: OK took 39.047954ms
2026-08-28T09:24:02.752621050Z I0828 09:24:02.752596       1 job_info_impl_cloud.cc:177] Not running on Google or testing cloud: CreateCloudJobInfoImpl
2026-08-28T09:24:02.752626431Z I0828 09:24:02.752609       1 psi_consensus_preflight.cc:342] Starting execution of psi_info_exchange.1
2026-08-28T09:24:02.753385726Z I0828 09:24:02.753353       1 psi_consensus_preflight.cc:357] Finished dispatching psi_info_exchange.1
2026-08-28T09:24:02.765691182Z I0828 09:24:02.765629       1 psi_consensus_preflight.cc:365] Finished execution of psi_info_exchange.1
2026-08-28T09:24:02.765824906Z I0828 09:24:02.765719     746 watch_dog.cc:58] WatchDog Timebomb for initial consensus program shutdown
2026-08-28T09:24:02.765970668Z I0828 09:24:02.765906       1 psi_consensus_preflight.cc:417] Using per-slice-instance JobId 3645308172999029083 instead of just borg job id 0
2026-08-28T09:24:02.802569501Z I0828 09:24:02.802487       1 tpu_chip_config.cc:367] Resolved chip config alias megachip_tccontrol->megacore for 2093c6a02, 
2026-08-28T09:24:02.803750145Z I0828 09:24:02.803684       1 server_lib.cc:1172] TPU Device with core coordinates: 3x1x2_TC0 is on host: gke-tpu-44404155-lb33
2026-08-28T09:24:02.803776196Z I0828 09:24:02.803694       1 server_lib.cc:1172] TPU Device with core coordinates: 3x0x2_TC0 is on host: gke-tpu-44404155-lb33
2026-08-28T09:24:02.803780602Z I0828 09:24:02.803696       1 server_lib.cc:1172] TPU Device with core coordinates: 2x0x2_TC0 is on host: gke-tpu-44404155-lb33
2026-08-28T09:24:02.803784865Z I0828 09:24:02.803697       1 server_lib.cc:1172] TPU Device with core coordinates: 2x1x2_TC0 is on host: gke-tpu-44404155-lb33
2026-08-28T09:24:02.810995419Z I0828 09:24:02.810934       1 rpc_transport.cc:1602] grpc: Creating RpcTransport at 10.164.0.186:55465 with 8 channels per destination and a limit of 8192 concurrent send channels
2026-08-28T09:24:02.811920416Z I0828 09:24:02.811869       1 object_manager.cc:617] Initializing BufferStore device 103
2026-08-28T09:24:02.811933729Z I0828 09:24:02.811877       1 object_manager.cc:617] Initializing BufferStore device 39
2026-08-28T09:24:02.811937559Z I0828 09:24:02.811879       1 object_manager.cc:617] Initializing BufferStore device 35
2026-08-28T09:24:02.811940548Z I0828 09:24:02.811880       1 object_manager.cc:617] Initializing BufferStore device 34
2026-08-28T09:24:02.811944046Z I0828 09:24:02.811881       1 object_manager.cc:617] Initializing BufferStore device 38
2026-08-28T09:24:02.811947144Z I0828 09:24:02.811882       1 object_manager.cc:617] Initializing BufferStore device 98
2026-08-28T09:24:02.811950567Z I0828 09:24:02.811883       1 object_manager.cc:617] Initializing BufferStore device 99
2026-08-28T09:24:02.811955023Z I0828 09:24:02.811884       1 object_manager.cc:617] Initializing BufferStore device 102
2026-08-28T09:24:02.811959213Z I0828 09:24:02.811885       1 object_manager.cc:617] Initializing BufferStore device 128
2026-08-28T09:24:02.812363620Z I0828 09:24:02.812320       1 preemption_util.cc:46] Registering cloud preemption handler.
2026-08-28T09:24:02.812834091Z I0828 09:24:02.812613       1 server_lib.cc:1479] Server starting up, with http listen address '10.164.0.186:29000' and config.job.resolved_address 'canon-p57-fl-zero-f45w15-799a0bd1-pathways-worker-0-0.canon-p57-fl-zero-f45w15-799a0bd1:29000'
2026-08-28T09:24:02.815717569Z W0828 09:24:02.815667       1 override_grpc_credentials_real.cc:88] Using MLPathways gRPC client credentials override
2026-08-28T09:24:02.816210014Z I0828 09:24:02.816149       1 server_status_pages_noop.cc:9] ExportServerStatusPages is a no-op.
2026-08-28T09:24:02.816381429Z I0828 09:24:02.816156       1 server_lib.cc:1581] Pathways Server serving on 10.164.0.186:29000
2026-08-28T09:24:02.816389546Z W0828 09:24:02.816334       1 httpserver2_cloud.cc:175] Skipping RedirectRootToStatusz as it is not supported yet.
2026-08-28T09:24:02.816393451Z I0828 09:24:02.816338       1 httpserver2_cloud.cc:56] WaitForTermination
2026-08-28T09:24:02.825659011Z I0828 09:24:02.825608     888 worker_message_distributor.cc:601] Creating send thread LocalSender_at_3645308172999029083_0 for local worker op dispatcher
2026-08-28T09:24:02.825676175Z I0828 09:24:02.825621     888 worker_message_distributor.cc:1985] Configuring distributor for 16 workers at 3645308172999029083: next_hops_per_sender=1 (split_threshold=256)
2026-08-28T09:24:02.825688610Z I0828 09:24:02.825623     822 worker_message_distributor.cc:1046] Starting send thread LocalSender_at_3645308172999029083_0
2026-08-28T09:24:02.825692463Z I0828 09:24:02.825632     888 worker_message_distributor.cc:574] Creating send thread Sender_distributor_3645308172999029083_0_to_3645308172999029083_1 for address canon-p57-fl-zero-f45w15-799a0bd1-pathways-worker-0-1.canon-p57-fl-zero-f45w15-799a0bd1:29000
2026-08-28T09:24:02.825703097Z I0828 09:24:02.825639     888 worker_message_distributor.cc:574] Creating send thread Sender_distributor_3645308172999029083_0_to_3645308172999029083_2 for address canon-p57-fl-zero-f45w15-799a0bd1-pathways-worker-0-2.canon-p57-fl-zero-f45w15-799a0bd1:29000
2026-08-28T09:24:02.825717440Z I0828 09:24:02.825648     888 worker_message_distributor.cc:574] Creating send thread Sender_distributor_3645308172999029083_0_to_3645308172999029083_3 for address canon-p57-fl-zero-f45w15-799a0bd1-pathways-worker-0-3.canon-p57-fl-zero-f45w15-799a0bd1:29000
2026-08-28T09:24:02.825720547Z I0828 09:24:02.825655     888 worker_message_distributor.cc:574] Creating send thread Sender_distributor_3645308172999029083_0_to_3645308172999029083_4 for address canon-p57-fl-zero-f45w15-799a0bd1-pathways-worker-0-4.canon-p57-fl-zero-f45w15-799a0bd1:29000
2026-08-28T09:24:02.825724314Z I0828 09:24:02.825665     888 worker_message_distributor.cc:574] Creating send thread Sender_distributor_3645308172999029083_0_to_3645308172999029083_5 for address canon-p57-fl-zero-f45w15-799a0bd1-pathways-worker-0-5.canon-p57-fl-zero-f45w15-799a0bd1:29000
2026-08-28T09:24:02.825729040Z I0828 09:24:02.825670     888 worker_message_distributor.cc:574] Creating send thread Sender_distributor_3645308172999029083_0_to_3645308172999029083_6 for address canon-p57-fl-zero-f45w15-799a0bd1-pathways-worker-0-6.canon-p57-fl-zero-f45w15-799a0bd1:29000
2026-08-28T09:24:02.825731454Z I0828 09:24:02.825679     888 worker_message_distributor.cc:574] Creating send thread Sender_distributor_3645308172999029083_0_to_3645308172999029083_7 for address canon-p57-fl-zero-f45w15-799a0bd1-pathways-worker-0-7.canon-p57-fl-zero-f45w15-799a0bd1:29000
2026-08-28T09:24:02.825742877Z I0828 09:24:02.825685     888 worker_message_distributor.cc:574] Creating send thread Sender_distributor_3645308172999029083_0_to_3645308172999029083_8 for address canon-p57-fl-zero-f45w15-799a0bd1-pathways-worker-0-8.canon-p57-fl-zero-f45w15-799a0bd1:29000
2026-08-28T09:24:02.825745590Z I0828 09:24:02.825690     888 worker_message_distributor.cc:574] Creating send thread Sender_distributor_3645308172999029083_0_to_3645308172999029083_9 for address canon-p57-fl-zero-f45w15-799a0bd1-pathways-worker-0-9.canon-p57-fl-zero-f45w15-799a0bd1:29000
2026-08-28T09:24:02.825750650Z I0828 09:24:02.825697     888 worker_message_distributor.cc:574] Creating send thread Sender_distributor_3645308172999029083_0_to_3645308172999029083_10 for address canon-p57-fl-zero-f45w15-799a0bd1-pathways-worker-0-10.canon-p57-fl-zero-f45w15-799a0bd1:29000
2026-08-28T09:24:02.825754978Z I0828 09:24:02.825704     888 worker_message_distributor.cc:574] Creating send thread Sender_distributor_3645308172999029083_0_to_3645308172999029083_11 for address canon-p57-fl-zero-f45w15-799a0bd1-pathways-worker-0-11.canon-p57-fl-zero-f45w15-799a0bd1:29000
2026-08-28T09:24:02.825758074Z I0828 09:24:02.825711     888 worker_message_distributor.cc:574] Creating send thread Sender_distributor_3645308172999029083_0_to_3645308172999029083_12 for address canon-p57-fl-zero-f45w15-799a0bd1-pathways-worker-0-12.canon-p57-fl-zero-f45w15-799a0bd1:29000
2026-08-28T09:24:02.825760570Z I0828 09:24:02.825716     888 worker_message_distributor.cc:574] Creating send thread Sender_distributor_3645308172999029083_0_to_3645308172999029083_13 for address canon-p57-fl-zero-f45w15-799a0bd1-pathways-worker-0-13.canon-p57-fl-zero-f45w15-799a0bd1:29000
2026-08-28T09:24:02.825766531Z I0828 09:24:02.825723     888 worker_message_distributor.cc:574] Creating send thread Sender_distributor_3645308172999029083_0_to_3645308172999029083_14 for address canon-p57-fl-zero-f45w15-799a0bd1-pathways-worker-0-14.canon-p57-fl-zero-f45w15-799a0bd1:29000
2026-08-28T09:24:02.825772771Z I0828 09:24:02.825733     888 worker_message_distributor.cc:574] Creating send thread Sender_distributor_3645308172999029083_0_to_3645308172999029083_15 for address canon-p57-fl-zero-f45w15-799a0bd1-pathways-worker-0-15.canon-p57-fl-zero-f45w15-799a0bd1:29000
2026-08-28T09:24:02.825774988Z I0828 09:24:02.825739     888 worker_message_distributor.cc:2057] Configured distributor for 15 remote endpoints
2026-08-28T09:24:02.826137471Z I0828 09:24:02.826094     817 worker_message_distributor.cc:1046] Starting send thread Sender_distributor_3645308172999029083_0_to_3645308172999029083_5
2026-08-28T09:24:02.826151523Z I0828 09:24:02.826101     820 worker_message_distributor.cc:1046] Starting send thread Sender_distributor_3645308172999029083_0_to_3645308172999029083_2
2026-08-28T09:24:02.826154764Z I0828 09:24:02.826105     814 worker_message_distributor.cc:1046] Starting send thread Sender_distributor_3645308172999029083_0_to_3645308172999029083_8
2026-08-28T09:24:02.826157376Z I0828 09:24:02.826101     818 worker_message_distributor.cc:1046] Starting send thread Sender_distributor_3645308172999029083_0_to_3645308172999029083_4
2026-08-28T09:24:02.826159967Z I0828 09:24:02.826108     819 worker_message_distributor.cc:1046] Starting send thread Sender_distributor_3645308172999029083_0_to_3645308172999029083_3
2026-08-28T09:24:02.826162686Z I0828 09:24:02.826119     807 worker_message_distributor.cc:1046] Starting send thread Sender_distributor_3645308172999029083_0_to_3645308172999029083_15
2026-08-28T09:24:02.826170264Z I0828 09:24:02.826125     811 worker_message_distributor.cc:1046] Starting send thread Sender_distributor_3645308172999029083_0_to_3645308172999029083_11
2026-08-28T09:24:02.826173453Z I0828 09:24:02.826131     816 worker_message_distributor.cc:1046] Starting send thread Sender_distributor_3645308172999029083_0_to_3645308172999029083_6
2026-08-28T09:24:02.826176054Z I0828 09:24:02.826119     821 worker_message_distributor.cc:1046] Starting send thread Sender_distributor_3645308172999029083_0_to_3645308172999029083_1
2026-08-28T09:24:02.826180654Z I0828 09:24:02.826113     815 worker_message_distributor.cc:1046] Starting send thread Sender_distributor_3645308172999029083_0_to_3645308172999029083_7
2026-08-28T09:24:02.826183526Z I0828 09:24:02.826115     809 worker_message_distributor.cc:1046] Starting send thread Sender_distributor_3645308172999029083_0_to_3645308172999029083_13
2026-08-28T09:24:02.826188750Z I0828 09:24:02.826127     812 worker_message_distributor.cc:1046] Starting send thread Sender_distributor_3645308172999029083_0_to_3645308172999029083_10
2026-08-28T09:24:02.826206300Z I0828 09:24:02.826096     813 worker_message_distributor.cc:1046] Starting send thread Sender_distributor_3645308172999029083_0_to_3645308172999029083_9
2026-08-28T09:24:02.826241803Z I0828 09:24:02.826078     822 persistent_compilation_cache.cc:446] Created persistent cache from location go/debugonly  
2026-08-28T09:24:02.826245230Z storage_type: GCS
2026-08-28T09:24:02.826249703Z path: "gs://yuxzhang-tunix-models/tmp/canon-zero-tim/p33/canon-p57-fl-zero-f45w15-799a0bd1/compilation_cache/default"
2026-08-28T09:24:02.826254310Z num_shards: 1
2026-08-28T09:24:02.826257694Z name: "default"
2026-08-28T09:24:02.826260120Z ttl {
2026-08-28T09:24:02.826262554Z   seconds: 259200
2026-08-28T09:24:02.826265558Z }
2026-08-28T09:24:02.826423994Z I0828 09:24:02.826120     808 worker_message_distributor.cc:1046] Starting send thread Sender_distributor_3645308172999029083_0_to_3645308172999029083_14
2026-08-28T09:24:02.826452527Z I0828 09:24:02.826126     810 worker_message_distributor.cc:1046] Starting send thread Sender_distributor_3645308172999029083_0_to_3645308172999029083_12
2026-08-28T09:24:02.829690523Z I0828 09:24:02.829621     822 persistent_compilation_cache.cc:455] Using compressor 'zstd=1' to compress persistent compilation cache entries
2026-08-28T09:24:02.842659794Z I0828 09:24:02.842452     822 server_lib.cc:1923] Initializing placement go/debugonly  
2026-08-28T09:24:02.842675526Z placement_id: 8738739699332614172
2026-08-28T09:24:02.842679352Z dset_id: 16824131835947578458
2026-08-28T09:24:02.842681622Z client_ids: 16824131835947578028
2026-08-28T09:24:02.842684830Z I0828 09:24:02.842606     822 sidecar_registry.cc:58] Creating sidecar 'xprof'
2026-08-28T09:30:22.704545438Z I0828 09:30:22.704418     789 server_lib.cc:1855] Attempting to load component jit_stage.3658920302745356162 @ 0 at worker after 1.14065ms (proto size 2382)
2026-08-28T09:30:22.941313383Z I0828 09:30:22.941252     789 server_lib.cc:1855] Attempting to load component jit__threefry_seed.9566523955996969787 @ 0 at worker after 710.192us (proto size 2409)
2026-08-28T09:30:22.958315823Z I0828 09:30:22.958247    1370 tpu_chip_config.cc:367] Resolved chip config alias megachip_tccontrol->megacore for 2093c6a02, 
2026-08-28T09:30:22.960369200Z I0828 09:30:22.960309    1370 tpu_chip_config.cc:367] Resolved chip config alias megachip_tccontrol->megacore for 2093c6a02, 
2026-08-28T09:30:22.961324604Z I0828 09:30:22.961274    1370 xla_compilation_cache.cc:113] XLA compilation cache fetch for computation 'jit_stage' (key 83c15331012ef991) took 256.872178ms: PERSISTENT_FETCH
2026-08-28T09:30:23.174434715Z I0828 09:30:23.174357    1369 tpu_chip_config.cc:367] Resolved chip config alias megachip_tccontrol->megacore for 2093c6a02, 
2026-08-28T09:30:23.176053555Z I0828 09:30:23.175995    1369 tpu_chip_config.cc:367] Resolved chip config alias megachip_tccontrol->megacore for 2093c6a02, 
2026-08-28T09:30:23.176958505Z I0828 09:30:23.176908    1369 xla_compilation_cache.cc:113] XLA compilation cache fetch for computation 'jit__threefry_seed' (key 6d038df1de0e7d78) took 235.663817ms: PERSISTENT_FETCH
2026-08-28T09:30:23.188046455Z I0828 09:30:23.187987     789 server_lib.cc:1855] Attempting to load component jit__generate_dummy_weights_kernel.3658920302745355739 @ 0 at worker after 754.66us (proto size 2456)
2026-08-28T09:30:25.067957505Z I0828 09:30:25.067865     789 server_lib.cc:1855] Attempting to load component jit__identity_fn.9566523955996970204 @ 0 at worker after 821.743us (proto size 2426)
2026-08-28T09:30:25.085788782Z I0828 09:30:25.085725    1369 tpu_chip_config.cc:367] Resolved chip config alias megachip_tccontrol->megacore for 2093c6a02, 
2026-08-28T09:30:25.087779385Z I0828 09:30:25.087725    1369 tpu_chip_config.cc:367] Resolved chip config alias megachip_tccontrol->megacore for 2093c6a02, 
2026-08-28T09:30:25.089418368Z I0828 09:30:25.089364    1369 xla_compilation_cache.cc:113] XLA compilation cache fetch for computation 'jit__generate_dummy_weights_kernel' (key 5209253d8ba56adb) took 1.90138381s: PERSISTENT_FETCH
2026-08-28T09:30:25.385660993Z I0828 09:30:25.385600    1370 tpu_chip_config.cc:367] Resolved chip config alias megachip_tccontrol->megacore for 2093c6a02, 
2026-08-28T09:30:25.387275032Z I0828 09:30:25.387216    1370 tpu_chip_config.cc:367] Resolved chip config alias megachip_tccontrol->megacore for 2093c6a02, 
2026-08-28T09:30:25.388063489Z I0828 09:30:25.388010    1370 xla_compilation_cache.cc:113] XLA compilation cache fetch for computation 'jit__identity_fn' (key 73c0e6511de7bd45) took 320.15611ms: PERSISTENT_FETCH
2026-08-28T09:30:25.392445963Z I0828 09:30:25.392385     776 server_lib.cc:1855] Attempting to load component jit__generate_dummy_weights_kernel.3658920302745355175 @ 0 at worker after 752.451us (proto size 2456)
2026-08-28T09:30:28.079574380Z I0828 09:30:28.079448     766 server_lib.cc:1855] Attempting to load component jit__identity_fn.9566523955996970621 @ 0 at worker after 749.087us (proto size 2426)
2026-08-28T09:30:28.141412842Z I0828 09:30:28.141344    1370 tpu_chip_config.cc:367] Resolved chip config alias megachip_tccontrol->megacore for 2093c6a02, 
2026-08-28T09:30:28.143547073Z I0828 09:30:28.143450    1370 tpu_chip_config.cc:367] Resolved chip config alias megachip_tccontrol->megacore for 2093c6a02, 
2026-08-28T09:30:28.145021786Z I0828 09:30:28.144958    1370 xla_compilation_cache.cc:113] XLA compilation cache fetch for computation 'jit__generate_dummy_weights_kernel' (key 1b8e338b0ce3bbfe) took 2.752580875s: PERSISTENT_FETCH
2026-08-28T09:30:28.391626207Z I0828 09:30:28.391567    1369 tpu_chip_config.cc:367] Resolved chip config alias megachip_tccontrol->megacore for 2093c6a02, 
2026-08-28T09:30:28.393224265Z I0828 09:30:28.393152    1369 tpu_chip_config.cc:367] Resolved chip config alias megachip_tccontrol->megacore for 2093c6a02, 
2026-08-28T09:30:28.393999185Z I0828 09:30:28.393932    1369 xla_compilation_cache.cc:113] XLA compilation cache fetch for computation 'jit__identity_fn' (key 7f60c111408dd9eb) took 314.495696ms: PERSISTENT_FETCH
2026-08-28T09:30:32.915356005Z I0828 09:30:32.915222     766 server_lib.cc:1855] Attempting to load component jit__generate_dummy_weights_kernel.5009576107440550199 @ 0 at worker after 3.47783ms (proto size 2451)
2026-08-28T09:30:33.286191128Z I0828 09:30:33.286089    1369 tpu_chip_config.cc:367] Resolved chip config alias megachip_tccontrol->megacore for 2093c6a02, 
2026-08-28T09:30:33.286350121Z I0828 09:30:33.286297     766 server_lib.cc:1855] Attempting to load component jit__identity_fn.10416149044182843223 @ 0 at worker after 32.39834ms (proto size 2417)
2026-08-28T09:30:33.287958565Z I0828 09:30:33.287887    1369 tpu_chip_config.cc:367] Resolved chip config alias megachip_tccontrol->megacore for 2093c6a02, 
2026-08-28T09:30:33.289322957Z I0828 09:30:33.289261    1369 xla_compilation_cache.cc:113] XLA compilation cache fetch for computation 'jit__generate_dummy_weights_kernel' (key f91ad6bc5fa5a293) took 374.049054ms: PERSISTENT_FETCH
2026-08-28T09:30:33.572552367Z I0828 09:30:33.572448    1370 tpu_chip_config.cc:367] Resolved chip config alias megachip_tccontrol->megacore for 2093c6a02, 
2026-08-28T09:30:33.574203253Z I0828 09:30:33.574133    1370 tpu_chip_config.cc:367] Resolved chip config alias megachip_tccontrol->megacore for 2093c6a02, 
2026-08-28T09:30:33.575101285Z I0828 09:30:33.575024    1370 xla_compilation_cache.cc:113] XLA compilation cache fetch for computation 'jit__identity_fn' (key f84d675e12ac2f75) took 288.733663ms: PERSISTENT_FETCH
2026-08-28T09:30:34.167960810Z I0828 09:30:34.167857     776 server_lib.cc:1855] Attempting to load component jit__generate_dummy_weights_kernel.5009576107440551419 @ 0 at worker after 3.595805ms (proto size 2455)
2026-08-28T09:30:34.979580103Z I0828 09:30:34.979453     776 server_lib.cc:1855] Attempting to load component jit__identity_fn.10416149044182841512 @ 0 at worker after 658.965us (proto size 2424)
2026-08-28T09:30:34.990379088Z I0828 09:30:34.990305    1370 tpu_chip_config.cc:367] Resolved chip config alias megachip_tccontrol->megacore for 2093c6a02, 
2026-08-28T09:30:34.992205884Z I0828 09:30:34.992123    1370 tpu_chip_config.cc:367] Resolved chip config alias megachip_tccontrol->megacore for 2093c6a02, 
2026-08-28T09:30:34.993545461Z I0828 09:30:34.993482    1370 xla_compilation_cache.cc:113] XLA compilation cache fetch for computation 'jit__generate_dummy_weights_kernel' (key 981da1a85e6889e9) took 825.635824ms: PERSISTENT_FETCH
2026-08-28T09:30:35.257262161Z I0828 09:30:35.257122    1369 tpu_chip_config.cc:367] Resolved chip config alias megachip_tccontrol->megacore for 2093c6a02, 
2026-08-28T09:30:35.259001306Z I0828 09:30:35.258926    1369 tpu_chip_config.cc:367] Resolved chip config alias megachip_tccontrol->megacore for 2093c6a02, 
2026-08-28T09:30:35.259978707Z I0828 09:30:35.259919    1369 xla_compilation_cache.cc:113] XLA compilation cache fetch for computation 'jit__identity_fn' (key f67e1c879650234) took 280.472095ms: PERSISTENT_FETCH
2026-08-28T09:30:35.592432560Z I0828 09:30:35.592317     783 server_lib.cc:1855] Attempting to load component jit__generate_dummy_weights_kernel.2130004682616430686 @ 0 at worker after 3.929946ms (proto size 2455)
2026-08-28T09:30:36.356668520Z I0828 09:30:36.356571     783 server_lib.cc:1855] Attempting to load component jit__identity_fn.6774095956947437378 @ 0 at worker after 718.76us (proto size 2424)
2026-08-28T09:30:36.377000363Z I0828 09:30:36.376935    1369 tpu_chip_config.cc:367] Resolved chip config alias megachip_tccontrol->megacore for 2093c6a02, 
2026-08-28T09:30:36.378782300Z I0828 09:30:36.378725    1369 tpu_chip_config.cc:367] Resolved chip config alias megachip_tccontrol->megacore for 2093c6a02, 
2026-08-28T09:30:36.380207667Z I0828 09:30:36.380154    1369 xla_compilation_cache.cc:113] XLA compilation cache fetch for computation 'jit__generate_dummy_weights_kernel' (key 4fef04fbac84fc15) took 787.848143ms: PERSISTENT_FETCH
2026-08-28T09:30:36.652845582Z I0828 09:30:36.652769    1370 tpu_chip_config.cc:367] Resolved chip config alias megachip_tccontrol->megacore for 2093c6a02, 
2026-08-28T09:30:36.654340848Z I0828 09:30:36.654278    1370 tpu_chip_config.cc:367] Resolved chip config alias megachip_tccontrol->megacore for 2093c6a02, 
2026-08-28T09:30:36.655137400Z I0828 09:30:36.655081    1370 xla_compilation_cache.cc:113] XLA compilation cache fetch for computation 'jit__identity_fn' (key 5c00628241b2c668) took 298.516641ms: PERSISTENT_FETCH
2026-08-28T09:30:38.180047897Z I0828 09:30:38.179901     783 server_lib.cc:1855] Attempting to load component jit__generate_dummy_weights_kernel.6774095956947437790 @ 0 at worker after 28.974156ms (proto size 2450)
2026-08-28T09:30:38.443598422Z I0828 09:30:38.443506     783 server_lib.cc:1855] Attempting to load component jit__identity_fn.17152593400471991760 @ 0 at worker after 687.844us (proto size 2416)
2026-08-28T09:30:38.464851320Z I0828 09:30:38.464779    1370 tpu_chip_config.cc:367] Resolved chip config alias megachip_tccontrol->megacore for 2093c6a02, 
2026-08-28T09:30:38.466589535Z I0828 09:30:38.466493    1370 tpu_chip_config.cc:367] Resolved chip config alias megachip_tccontrol->megacore for 2093c6a02, 
2026-08-28T09:30:38.467884374Z I0828 09:30:38.467813    1370 xla_compilation_cache.cc:113] XLA compilation cache fetch for computation 'jit__generate_dummy_weights_kernel' (key 185fbfb2f63b33f) took 287.921886ms: PERSISTENT_FETCH
2026-08-28T09:30:38.693575188Z I0828 09:30:38.693500    1369 tpu_chip_config.cc:367] Resolved chip config alias megachip_tccontrol->megacore for 2093c6a02, 
2026-08-28T09:30:38.695165011Z I0828 09:30:38.695096    1369 tpu_chip_config.cc:367] Resolved chip config alias megachip_tccontrol->megacore for 2093c6a02, 
2026-08-28T09:30:38.695915719Z I0828 09:30:38.695855    1369 xla_compilation_cache.cc:113] XLA compilation cache fetch for computation 'jit__identity_fn' (key b3249a0c70d8aca) took 252.354382ms: PERSISTENT_FETCH
2026-08-28T09:30:38.699082121Z I0828 09:30:38.698994     786 server_lib.cc:1855] Attempting to load component jit__generate_dummy_weights_kernel.6774095956947438202 @ 0 at worker after 1.033524ms (proto size 2458)
2026-08-28T09:30:39.406099029Z I0828 09:30:39.406015     776 server_lib.cc:1855] Attempting to load component jit__identity_fn.17152593400471991423 @ 0 at worker after 760.571us (proto size 2431)
2026-08-28T09:30:39.439546643Z I0828 09:30:39.439475    1369 tpu_chip_config.cc:367] Resolved chip config alias megachip_tccontrol->megacore for 2093c6a02, 
2026-08-28T09:30:39.441118853Z I0828 09:30:39.441052    1369 tpu_chip_config.cc:367] Resolved chip config alias megachip_tccontrol->megacore for 2093c6a02, 
2026-08-28T09:30:39.442430278Z I0828 09:30:39.442377    1369 xla_compilation_cache.cc:113] XLA compilation cache fetch for computation 'jit__generate_dummy_weights_kernel' (key 8c6275e7a6764211) took 743.395015ms: PERSISTENT_FETCH
2026-08-28T09:30:39.708042696Z I0828 09:30:39.707968    1370 tpu_chip_config.cc:367] Resolved chip config alias megachip_tccontrol->megacore for 2093c6a02, 
2026-08-28T09:30:39.709505035Z I0828 09:30:39.709438    1370 tpu_chip_config.cc:367] Resolved chip config alias megachip_tccontrol->megacore for 2093c6a02, 
2026-08-28T09:30:39.710259436Z I0828 09:30:39.710187    1370 xla_compilation_cache.cc:113] XLA compilation cache fetch for computation 'jit__identity_fn' (key d22f885db409d994) took 304.178444ms: PERSISTENT_FETCH
2026-08-28T09:30:39.864927022Z I0828 09:30:39.864856     766 server_lib.cc:1855] Attempting to load component jit__generate_dummy_weights_kernel.9566523955996967220 @ 0 at worker after 648.524us (proto size 2458)
2026-08-28T09:30:40.845622144Z I0828 09:30:40.845512     766 server_lib.cc:1855] Attempting to load component jit__identity_fn.11021083957486999123 @ 0 at worker after 726.24us (proto size 2431)
2026-08-28T09:30:40.866877952Z I0828 09:30:40.866787    1370 tpu_chip_config.cc:367] Resolved chip config alias megachip_tccontrol->megacore for 2093c6a02, 
2026-08-28T09:30:40.868502673Z I0828 09:30:40.868439    1370 tpu_chip_config.cc:367] Resolved chip config alias megachip_tccontrol->megacore for 2093c6a02, 
2026-08-28T09:30:40.869919496Z I0828 09:30:40.869855    1370 xla_compilation_cache.cc:113] XLA compilation cache fetch for computation 'jit__generate_dummy_weights_kernel' (key 1f4016e9876dc267) took 1.005005094s: PERSISTENT_FETCH
2026-08-28T09:30:41.155401216Z I0828 09:30:41.155323    1369 tpu_chip_config.cc:367] Resolved chip config alias megachip_tccontrol->megacore for 2093c6a02, 
2026-08-28T09:30:41.156945160Z I0828 09:30:41.156878    1369 tpu_chip_config.cc:367] Resolved chip config alias megachip_tccontrol->megacore for 2093c6a02, 
2026-08-28T09:30:41.157692505Z I0828 09:30:41.157631    1369 xla_compilation_cache.cc:113] XLA compilation cache fetch for computation 'jit__identity_fn' (key 6b48b0d1b914aaef) took 312.125812ms: PERSISTENT_FETCH
2026-08-28T09:30:41.308163788Z I0828 09:30:41.308083     776 server_lib.cc:1855] Attempting to load component jit__generate_dummy_weights_kernel.2130004682616431831 @ 0 at worker after 875.044us (proto size 2458)
2026-08-28T09:30:42.570772280Z I0828 09:30:42.570692     776 server_lib.cc:1855] Attempting to load component jit__identity_fn.3658920302745354752 @ 0 at worker after 660.488us (proto size 2430)
2026-08-28T09:30:42.607338572Z I0828 09:30:42.607245    1369 tpu_chip_config.cc:367] Resolved chip config alias megachip_tccontrol->megacore for 2093c6a02, 
2026-08-28T09:30:42.609144529Z I0828 09:30:42.609069    1369 tpu_chip_config.cc:367] Resolved chip config alias megachip_tccontrol->megacore for 2093c6a02, 
2026-08-28T09:30:42.610547421Z I0828 09:30:42.610484    1369 xla_compilation_cache.cc:113] XLA compilation cache fetch for computation 'jit__generate_dummy_weights_kernel' (key f5d0a0a25fa60832) took 1.302407875s: PERSISTENT_FETCH
2026-08-28T09:30:42.865254680Z I0828 09:30:42.865160    1370 tpu_chip_config.cc:367] Resolved chip config alias megachip_tccontrol->megacore for 2093c6a02, 
2026-08-28T09:30:42.866754590Z I0828 09:30:42.866686    1370 tpu_chip_config.cc:367] Resolved chip config alias megachip_tccontrol->megacore for 2093c6a02, 
2026-08-28T09:30:42.867588538Z I0828 09:30:42.867517    1370 xla_compilation_cache.cc:113] XLA compilation cache fetch for computation 'jit__identity_fn' (key 23d76feeb1805f52) took 296.830317ms: PERSISTENT_FETCH
2026-08-28T09:32:04.698482133Z I0828 09:32:04.698319     764 server_lib.cc:1855] Attempting to load component jit_create_jit_model.10416149044182839749 @ 0 at worker after 1.361032ms (proto size 22717)
2026-08-28T09:32:05.824059418Z I0828 09:32:05.823937    1370 tpu_chip_config.cc:367] Resolved chip config alias megachip_tccontrol->megacore for 2093c6a02, 
2026-08-28T09:32:05.826077751Z I0828 09:32:05.826014    1370 tpu_chip_config.cc:367] Resolved chip config alias megachip_tccontrol->megacore for 2093c6a02, 
2026-08-28T09:32:05.829985202Z I0828 09:32:05.829909    1370 xla_compilation_cache.cc:113] XLA compilation cache fetch for computation 'jit_create_jit_model' (key 88c011f9e69845d2) took 1.131602037s: PERSISTENT_FETCH
2026-08-28T09:32:06.670907905Z I0828 09:32:06.670804     822 worker_op_dispatcher.cc:4605] Component is not loaded yet; deferring unload until load completes: jit_stage.3658920302745356162 @ 0
2026-08-28T09:32:06.670935910Z I0828 09:32:06.670855    1563 server_lib.cc:743] Unloading component jit_stage.3658920302745356162 @ 0 at worker
2026-08-28T09:32:06.671041998Z I0828 09:32:06.670993     822 worker_op_dispatcher.cc:4605] Component is not loaded yet; deferring unload until load completes: jit__generate_dummy_weights_kernel.3658920302745355175 @ 0
2026-08-28T09:32:06.671064108Z I0828 09:32:06.671007     822 worker_op_dispatcher.cc:4605] Component is not loaded yet; deferring unload until load completes: jit__generate_dummy_weights_kernel.5009576107440550199 @ 0
2026-08-28T09:32:06.671068916Z I0828 09:32:06.671017     822 worker_op_dispatcher.cc:4605] Component is not loaded yet; deferring unload until load completes: jit__generate_dummy_weights_kernel.2130004682616430686 @ 0
2026-08-28T09:32:06.671079535Z I0828 09:32:06.671029     822 worker_op_dispatcher.cc:4605] Component is not loaded yet; deferring unload until load completes: jit__identity_fn.10416149044182843223 @ 0
2026-08-28T09:32:06.671084449Z I0828 09:32:06.671041     822 worker_op_dispatcher.cc:4605] Component is not loaded yet; deferring unload until load completes: jit__identity_fn.17152593400471991760 @ 0
2026-08-28T09:32:06.671094409Z I0828 09:32:06.671049     822 worker_op_dispatcher.cc:4605] Component is not loaded yet; deferring unload until load completes: jit__threefry_seed.9566523955996969787 @ 0
2026-08-28T09:32:06.671098638Z I0828 09:32:06.671050    1563 server_lib.cc:743] Unloading component jit__identity_fn.10416149044182843223 @ 0 at worker
2026-08-28T09:32:06.671101697Z I0828 09:32:06.671043    1554 server_lib.cc:743] Unloading component jit__generate_dummy_weights_kernel.3658920302745355175 @ 0 at worker
2026-08-28T09:32:06.671108317Z I0828 09:32:06.671053    1559 server_lib.cc:743] Unloading component jit__generate_dummy_weights_kernel.5009576107440550199 @ 0 at worker
2026-08-28T09:32:06.671161320Z I0828 09:32:06.671078    1579 server_lib.cc:743] Unloading component jit__threefry_seed.9566523955996969787 @ 0 at worker
2026-08-28T09:32:06.671188494Z I0828 09:32:06.671080    1576 server_lib.cc:743] Unloading component jit__generate_dummy_weights_kernel.2130004682616430686 @ 0 at worker
2026-08-28T09:32:06.671194259Z I0828 09:32:06.671086    1567 server_lib.cc:743] Unloading component jit__identity_fn.17152593400471991760 @ 0 at worker
2026-08-28T09:32:06.671197823Z I0828 09:32:06.671138     822 worker_op_dispatcher.cc:4605] Component is not loaded yet; deferring unload until load completes: jit__generate_dummy_weights_kernel.6774095956947438202 @ 0
2026-08-28T09:32:06.671209653Z I0828 09:32:06.671164    1554 server_lib.cc:743] Unloading component jit__generate_dummy_weights_kernel.6774095956947438202 @ 0 at worker
2026-08-28T09:32:06.671538346Z I0828 09:32:06.671451     822 worker_op_dispatcher.cc:4605] Component is not loaded yet; deferring unload until load completes: jit__generate_dummy_weights_kernel.3658920302745355739 @ 0
2026-08-28T09:32:06.671580956Z I0828 09:32:06.671480     822 worker_op_dispatcher.cc:4605] Component is not loaded yet; deferring unload until load completes: jit__generate_dummy_weights_kernel.6774095956947437790 @ 0
2026-08-28T09:32:06.671584801Z I0828 09:32:06.671490     822 worker_op_dispatcher.cc:4605] Component is not loaded yet; deferring unload until load completes: jit__generate_dummy_weights_kernel.5009576107440551419 @ 0
2026-08-28T09:32:06.671586878Z I0828 09:32:06.671497     822 worker_op_dispatcher.cc:4605] Component is not loaded yet; deferring unload until load completes: jit__generate_dummy_weights_kernel.9566523955996967220 @ 0
2026-08-28T09:32:06.671589905Z I0828 09:32:06.671496    1554 server_lib.cc:743] Unloading component jit__generate_dummy_weights_kernel.3658920302745355739 @ 0 at worker
2026-08-28T09:32:06.671602194Z I0828 09:32:06.671515     822 worker_op_dispatcher.cc:4605] Component is not loaded yet; deferring unload until load completes: jit__generate_dummy_weights_kernel.2130004682616431831 @ 0
2026-08-28T09:32:06.671606696Z I0828 09:32:06.671531    1579 server_lib.cc:743] Unloading component jit__generate_dummy_weights_kernel.6774095956947437790 @ 0 at worker
2026-08-28T09:32:06.671662925Z I0828 09:32:06.671535    1563 server_lib.cc:743] Unloading component jit__generate_dummy_weights_kernel.9566523955996967220 @ 0 at worker
2026-08-28T09:32:06.671665856Z I0828 09:32:06.671544    1567 server_lib.cc:743] Unloading component jit__generate_dummy_weights_kernel.5009576107440551419 @ 0 at worker
2026-08-28T09:32:06.671672224Z I0828 09:32:06.671534     822 worker_op_dispatcher.cc:4605] Component is not loaded yet; deferring unload until load completes: jit__identity_fn.9566523955996970621 @ 0
2026-08-28T09:32:06.671684764Z I0828 09:32:06.671564    1567 server_lib.cc:743] Unloading component jit__identity_fn.9566523955996970621 @ 0 at worker
2026-08-28T09:32:06.671688618Z I0828 09:32:06.671557    1553 server_lib.cc:743] Unloading component jit__generate_dummy_weights_kernel.2130004682616431831 @ 0 at worker
2026-08-28T09:32:06.671691638Z I0828 09:32:06.671579     822 worker_op_dispatcher.cc:4605] Component is not loaded yet; deferring unload until load completes: jit__identity_fn.9566523955996970204 @ 0
2026-08-28T09:32:06.671698303Z I0828 09:32:06.671599    1559 server_lib.cc:743] Unloading component jit__identity_fn.9566523955996970204 @ 0 at worker
2026-08-28T09:32:06.671702482Z I0828 09:32:06.671622     822 worker_op_dispatcher.cc:4605] Component is not loaded yet; deferring unload until load completes: jit__identity_fn.17152593400471991423 @ 0
2026-08-28T09:32:06.671705078Z I0828 09:32:06.671633     822 worker_op_dispatcher.cc:4605] Component is not loaded yet; deferring unload until load completes: jit__identity_fn.6774095956947437378 @ 0
2026-08-28T09:32:06.671707223Z I0828 09:32:06.671640     822 worker_op_dispatcher.cc:4605] Component is not loaded yet; deferring unload until load completes: jit__identity_fn.10416149044182841512 @ 0
2026-08-28T09:32:06.671709899Z I0828 09:32:06.671649     822 worker_op_dispatcher.cc:4605] Component is not loaded yet; deferring unload until load completes: jit__identity_fn.3658920302745354752 @ 0
2026-08-28T09:32:06.671712192Z I0828 09:32:06.671649    1567 server_lib.cc:743] Unloading component jit__identity_fn.17152593400471991423 @ 0 at worker
2026-08-28T09:32:06.671714470Z I0828 09:32:06.671662    1576 server_lib.cc:743] Unloading component jit__identity_fn.6774095956947437378 @ 0 at worker
2026-08-28T09:32:06.671716964Z I0828 09:32:06.671667    1553 server_lib.cc:743] Unloading component jit__identity_fn.10416149044182841512 @ 0 at worker
2026-08-28T09:32:06.671719821Z I0828 09:32:06.671675    1563 server_lib.cc:743] Unloading component jit__identity_fn.3658920302745354752 @ 0 at worker
2026-08-28T09:32:06.671725103Z I0828 09:32:06.671683     822 worker_op_dispatcher.cc:4605] Component is not loaded yet; deferring unload until load completes: jit__identity_fn.11021083957486999123 @ 0
2026-08-28T09:32:06.671753174Z I0828 09:32:06.671708    1576 server_lib.cc:743] Unloading component jit__identity_fn.11021083957486999123 @ 0 at worker
2026-08-28T09:32:07.099475652Z I0828 09:32:07.099388     822 worker_op_dispatcher.cc:4605] Component is not loaded yet; deferring unload until load completes: jit_create_jit_model.10416149044182839749 @ 0
2026-08-28T09:32:07.099504078Z I0828 09:32:07.099434    1579 server_lib.cc:743] Unloading component jit_create_jit_model.10416149044182839749 @ 0 at worker
2026-08-28T09:32:08.944499561Z I0828 09:32:08.944368     764 server_lib.cc:1855] Attempting to load component jit_sample.17152593400471991285 @ 0 at worker after 668.055us (proto size 2534)
2026-08-28T09:32:13.430570000Z I0828 09:32:13.430433    1370 tpu_chip_config.cc:367] Resolved chip config alias megachip_tccontrol->megacore for 2093c6a02, 
2026-08-28T09:32:13.432849139Z I0828 09:32:13.432781    1370 tpu_chip_config.cc:367] Resolved chip config alias megachip_tccontrol->megacore for 2093c6a02, 
2026-08-28T09:32:13.435468720Z I0828 09:32:13.435388    1370 xla_compilation_cache.cc:113] XLA compilation cache fetch for computation 'jit_sample' (key 8ca65ded2b632890) took 4.491030147s: PERSISTENT_FETCH
2026-08-28T09:32:13.689935185Z I0828 09:32:13.689813     760 server_lib.cc:1855] Attempting to load component jit_sample.17542282987440715599 @ 0 at worker after 765.175us (proto size 2534)
2026-08-28T09:32:18.122730704Z I0828 09:32:18.122600     780 server_lib.cc:1855] Attempting to load component jit_sample.5009576107440550416 @ 0 at worker after 702.757us (proto size 2452)
2026-08-28T09:32:18.145300959Z I0828 09:32:18.145190    1370 tpu_chip_config.cc:367] Resolved chip config alias megachip_tccontrol->megacore for 2093c6a02, 
2026-08-28T09:32:18.147888431Z I0828 09:32:18.147816    1370 tpu_chip_config.cc:367] Resolved chip config alias megachip_tccontrol->megacore for 2093c6a02, 
2026-08-28T09:32:18.150306848Z I0828 09:32:18.150243    1370 xla_compilation_cache.cc:113] XLA compilation cache fetch for computation 'jit_sample' (key f0f8eeaade6ee0d0) took 4.460442094s: PERSISTENT_FETCH
2026-08-28T09:32:18.479100123Z I0828 09:32:18.479011    1369 tpu_chip_config.cc:367] Resolved chip config alias megachip_tccontrol->megacore for 2093c6a02, 
2026-08-28T09:32:18.480774925Z I0828 09:32:18.480705    1369 tpu_chip_config.cc:367] Resolved chip config alias megachip_tccontrol->megacore for 2093c6a02, 
2026-08-28T09:32:18.481873702Z I0828 09:32:18.481799    1369 xla_compilation_cache.cc:113] XLA compilation cache fetch for computation 'jit_sample' (key 8bbe81b54df65ed4) took 359.21044ms: PERSISTENT_FETCH
2026-08-28T09:32:18.483488563Z I0828 09:32:18.483407     780 server_lib.cc:1855] Attempting to load component jit_sample.17542282987440715523 @ 0 at worker after 726.582us (proto size 2453)
2026-08-28T09:32:18.820816701Z I0828 09:32:18.820728    1369 tpu_chip_config.cc:367] Resolved chip config alias megachip_tccontrol->megacore for 2093c6a02, 
2026-08-28T09:32:18.822304163Z I0828 09:32:18.822232    1369 tpu_chip_config.cc:367] Resolved chip config alias megachip_tccontrol->megacore for 2093c6a02, 
2026-08-28T09:32:18.823372202Z I0828 09:32:18.823299    1369 xla_compilation_cache.cc:113] XLA compilation cache fetch for computation 'jit_sample' (key f3af4f358579ccdb) took 339.901839ms: PERSISTENT_FETCH
2026-08-28T09:32:19.688513364Z I0828 09:32:19.688429     766 server_lib.cc:1855] Attempting to load component jit_sample.5009576107440549980 @ 0 at worker after 696.221us (proto size 2533)
2026-08-28T09:32:21.422278769Z I0828 09:32:21.422184    1369 tpu_chip_config.cc:367] Resolved chip config alias megachip_tccontrol->megacore for 2093c6a02, 
2026-08-28T09:32:21.424803079Z I0828 09:32:21.424742    1369 tpu_chip_config.cc:367] Resolved chip config alias megachip_tccontrol->megacore for 2093c6a02, 
2026-08-28T09:32:21.427467849Z I0828 09:32:21.427403    1369 xla_compilation_cache.cc:113] XLA compilation cache fetch for computation 'jit_sample' (key b812dc6371933ca3) took 1.738983016s: PERSISTENT_FETCH
2026-08-28T09:32:21.466631923Z I0828 09:32:21.466535     760 server_lib.cc:1855] Attempting to load component jit_sample.5009576107440553640 @ 0 at worker after 889.859us (proto size 2532)
2026-08-28T09:32:23.177616994Z I0828 09:32:23.177487     784 server_lib.cc:1855] Attempting to load component jit_sample.17152593400471992443 @ 0 at worker after 649.818us (proto size 2453)
2026-08-28T09:32:23.197651351Z I0828 09:32:23.197558    1369 tpu_chip_config.cc:367] Resolved chip config alias megachip_tccontrol->megacore for 2093c6a02, 
2026-08-28T09:32:23.200012519Z I0828 09:32:23.199953    1369 tpu_chip_config.cc:367] Resolved chip config alias megachip_tccontrol->megacore for 2093c6a02, 
2026-08-28T09:32:23.202426458Z I0828 09:32:23.202362    1369 xla_compilation_cache.cc:113] XLA compilation cache fetch for computation 'jit_sample' (key 135f005f5d69a51) took 1.735846471s: PERSISTENT_FETCH
2026-08-28T09:32:23.486471860Z I0828 09:32:23.486359     784 server_lib.cc:1855] Attempting to load component jit_sample.5009576107440550764 @ 0 at worker after 711.096us (proto size 2452)
2026-08-28T09:32:23.495550433Z I0828 09:32:23.495451    1370 tpu_chip_config.cc:367] Resolved chip config alias megachip_tccontrol->megacore for 2093c6a02, 
2026-08-28T09:32:23.497124609Z I0828 09:32:23.497059    1370 tpu_chip_config.cc:367] Resolved chip config alias megachip_tccontrol->megacore for 2093c6a02, 
2026-08-28T09:32:23.498206149Z I0828 09:32:23.498150    1370 xla_compilation_cache.cc:113] XLA compilation cache fetch for computation 'jit_sample' (key 417c7ca330603b6d) took 320.672025ms: PERSISTENT_FETCH
2026-08-28T09:32:23.779401839Z I0828 09:32:23.779332    1369 tpu_chip_config.cc:367] Resolved chip config alias megachip_tccontrol->megacore for 2093c6a02, 
2026-08-28T09:32:23.780981926Z I0828 09:32:23.780920    1369 tpu_chip_config.cc:367] Resolved chip config alias megachip_tccontrol->megacore for 2093c6a02, 
2026-08-28T09:32:23.782016953Z I0828 09:32:23.781947    1369 xla_compilation_cache.cc:113] XLA compilation cache fetch for computation 'jit_sample' (key 6bc1c57bf64bacdc) took 295.59539ms: PERSISTENT_FETCH
2026-08-28T09:32:24.537011259Z I0828 09:32:24.536909     780 server_lib.cc:1855] Attempting to load component jit_sample.17152593400471992011 @ 0 at worker after 684.085us (proto size 2534)
2026-08-28T09:32:26.381476009Z I0828 09:32:26.381342    1369 tpu_chip_config.cc:367] Resolved chip config alias megachip_tccontrol->megacore for 2093c6a02, 
2026-08-28T09:32:26.383837246Z I0828 09:32:26.383774    1369 tpu_chip_config.cc:367] Resolved chip config alias megachip_tccontrol->megacore for 2093c6a02, 
2026-08-28T09:32:26.386563578Z I0828 09:32:26.386494    1369 xla_compilation_cache.cc:113] XLA compilation cache fetch for computation 'jit_sample' (key 9ffccc97f619c6b0) took 1.849592717s: PERSISTENT_FETCH
2026-08-28T09:32:26.423270022Z I0828 09:32:26.423196     787 server_lib.cc:1855] Attempting to load component jit_sample.17152593400471991579 @ 0 at worker after 992.638us (proto size 2534)
2026-08-28T09:32:28.231667294Z I0828 09:32:28.231539     764 server_lib.cc:1855] Attempting to load component jit_sample.17542282987440713948 @ 0 at worker after 700.029us (proto size 2453)
2026-08-28T09:32:28.244057298Z I0828 09:32:28.243979    1369 tpu_chip_config.cc:367] Resolved chip config alias megachip_tccontrol->megacore for 2093c6a02, 
2026-08-28T09:32:28.246428902Z I0828 09:32:28.246329    1369 tpu_chip_config.cc:367] Resolved chip config alias megachip_tccontrol->megacore for 2093c6a02, 
2026-08-28T09:32:28.248916761Z I0828 09:32:28.248809    1369 xla_compilation_cache.cc:113] XLA compilation cache fetch for computation 'jit_sample' (key f0bd8c5eeac5cda3) took 1.825631289s: PERSISTENT_FETCH
2026-08-28T09:32:28.546353924Z I0828 09:32:28.546279    1370 tpu_chip_config.cc:367] Resolved chip config alias megachip_tccontrol->megacore for 2093c6a02, 
2026-08-28T09:32:28.547540480Z I0828 09:32:28.547442     766 server_lib.cc:1855] Attempting to load component jit_sample.17152593400471992495 @ 0 at worker after 780.286us (proto size 2453)
2026-08-28T09:32:28.547982504Z I0828 09:32:28.547886    1370 tpu_chip_config.cc:367] Resolved chip config alias megachip_tccontrol->megacore for 2093c6a02, 
2026-08-28T09:32:28.549008530Z I0828 09:32:28.548944    1370 xla_compilation_cache.cc:113] XLA compilation cache fetch for computation 'jit_sample' (key c285718a4df3f534) took 317.428416ms: PERSISTENT_FETCH
2026-08-28T09:32:28.927255028Z I0828 09:32:28.927151    1369 tpu_chip_config.cc:367] Resolved chip config alias megachip_tccontrol->megacore for 2093c6a02, 
2026-08-28T09:32:28.928712737Z I0828 09:32:28.928630    1369 tpu_chip_config.cc:367] Resolved chip config alias megachip_tccontrol->megacore for 2093c6a02, 
2026-08-28T09:32:28.929707245Z I0828 09:32:28.929630    1369 xla_compilation_cache.cc:113] XLA compilation cache fetch for computation 'jit_sample' (key 41cd10a205686f16) took 382.198124ms: PERSISTENT_FETCH
2026-08-28T09:32:29.617270434Z I0828 09:32:29.617148     764 server_lib.cc:1855] Attempting to load component jit_sample.10416149044182840371 @ 0 at worker after 713.852us (proto size 2534)
2026-08-28T09:32:33.373263138Z I0828 09:32:33.373147    1369 tpu_chip_config.cc:367] Resolved chip config alias megachip_tccontrol->megacore for 2093c6a02, 
2026-08-28T09:32:33.375794928Z I0828 09:32:33.375729    1369 tpu_chip_config.cc:367] Resolved chip config alias megachip_tccontrol->megacore for 2093c6a02, 
2026-08-28T09:32:33.378470559Z I0828 09:32:33.378411    1369 xla_compilation_cache.cc:113] XLA compilation cache fetch for computation 'jit_sample' (key 81e91992f41fad3a) took 3.761272735s: PERSISTENT_FETCH
2026-08-28T09:32:33.402251031Z I0828 09:32:33.402118     766 server_lib.cc:1855] Attempting to load component jit_sample.5009576107440553378 @ 0 at worker after 837.212us (proto size 2533)
2026-08-28T09:32:37.107749004Z I0828 09:32:37.107633     766 server_lib.cc:1855] Attempting to load component jit_sample.17542282987440716697 @ 0 at worker after 826.995us (proto size 2453)
2026-08-28T09:32:37.129867445Z I0828 09:32:37.129751    1369 tpu_chip_config.cc:367] Resolved chip config alias megachip_tccontrol->megacore for 2093c6a02, 
2026-08-28T09:32:37.132283765Z I0828 09:32:37.132202    1369 tpu_chip_config.cc:367] Resolved chip config alias megachip_tccontrol->megacore for 2093c6a02, 
2026-08-28T09:32:37.134843973Z I0828 09:32:37.134784    1369 xla_compilation_cache.cc:113] XLA compilation cache fetch for computation 'jit_sample' (key 55e97baaf4de9127) took 3.732678602s: PERSISTENT_FETCH
2026-08-28T09:32:37.396822049Z I0828 09:32:37.396709    1837 server_lib.cc:1855] Attempting to load component jit_sample.5009576107440550502 @ 0 at worker after 699.385us (proto size 2452)
2026-08-28T09:32:37.429478464Z I0828 09:32:37.429400    1370 tpu_chip_config.cc:367] Resolved chip config alias megachip_tccontrol->megacore for 2093c6a02, 
2026-08-28T09:32:37.431114186Z I0828 09:32:37.431053    1370 tpu_chip_config.cc:367] Resolved chip config alias megachip_tccontrol->megacore for 2093c6a02, 
2026-08-28T09:32:37.432209330Z I0828 09:32:37.432149    1370 xla_compilation_cache.cc:113] XLA compilation cache fetch for computation 'jit_sample' (key cad3724e6792e781) took 324.527278ms: PERSISTENT_FETCH
2026-08-28T09:32:37.691103739Z I0828 09:32:37.691033    1369 tpu_chip_config.cc:367] Resolved chip config alias megachip_tccontrol->megacore for 2093c6a02, 
2026-08-28T09:32:37.692647586Z I0828 09:32:37.692588    1369 tpu_chip_config.cc:367] Resolved chip config alias megachip_tccontrol->megacore for 2093c6a02, 
2026-08-28T09:32:37.693675110Z I0828 09:32:37.693618    1369 xla_compilation_cache.cc:113] XLA compilation cache fetch for computation 'jit_sample' (key 84e6ca17adc0ba64) took 296.917035ms: PERSISTENT_FETCH
2026-08-28T09:32:38.453118452Z I0828 09:32:38.452972     766 server_lib.cc:1855] Attempting to load component jit_sample.17542282987440714231 @ 0 at worker after 723.893us (proto size 2540)
2026-08-28T09:32:46.815557753Z I0828 09:32:46.815397    1369 tpu_chip_config.cc:367] Resolved chip config alias megachip_tccontrol->megacore for 2093c6a02, 
2026-08-28T09:32:46.818249048Z I0828 09:32:46.818128    1369 tpu_chip_config.cc:367] Resolved chip config alias megachip_tccontrol->megacore for 2093c6a02, 
2026-08-28T09:32:46.820692521Z I0828 09:32:46.820626    1369 xla_compilation_cache.cc:113] XLA compilation cache fetch for computation 'jit_sample' (key 88c71077ff855469) took 8.367662658s: PERSISTENT_FETCH
2026-08-28T09:32:46.853229568Z I0828 09:32:46.853128     784 server_lib.cc:1855] Attempting to load component jit_sample.17152593400471992737 @ 0 at worker after 1.362598ms (proto size 2540)
2026-08-28T09:32:55.233175502Z I0828 09:32:55.233072     766 server_lib.cc:1855] Attempting to load component jit_sample.5009576107440550676 @ 0 at worker after 727.957us (proto size 2455)
2026-08-28T09:32:55.252079464Z I0828 09:32:55.251940    1369 tpu_chip_config.cc:367] Resolved chip config alias megachip_tccontrol->megacore for 2093c6a02, 
2026-08-28T09:32:55.254385926Z I0828 09:32:55.254296    1369 tpu_chip_config.cc:367] Resolved chip config alias megachip_tccontrol->megacore for 2093c6a02, 
2026-08-28T09:32:55.256881150Z I0828 09:32:55.256807    1369 xla_compilation_cache.cc:113] XLA compilation cache fetch for computation 'jit_sample' (key df77cab55c23f227) took 8.403693985s: PERSISTENT_FETCH
2026-08-28T09:32:55.544553055Z I0828 09:32:55.544461    1370 tpu_chip_config.cc:367] Resolved chip config alias megachip_tccontrol->megacore for 2093c6a02, 
2026-08-28T09:32:55.546166016Z I0828 09:32:55.546104    1370 tpu_chip_config.cc:367] Resolved chip config alias megachip_tccontrol->megacore for 2093c6a02, 
2026-08-28T09:32:55.547179691Z I0828 09:32:55.547117    1370 xla_compilation_cache.cc:113] XLA compilation cache fetch for computation 'jit_sample' (key 19b226d06d7ae79f) took 314.055608ms: PERSISTENT_FETCH
2026-08-28T09:32:55.550151757Z I0828 09:32:55.550057     766 server_lib.cc:1855] Attempting to load component jit_sample.17152593400471993653 @ 0 at worker after 637.707us (proto size 2456)
2026-08-28T09:32:55.852920674Z I0828 09:32:55.852842    1370 tpu_chip_config.cc:367] Resolved chip config alias megachip_tccontrol->megacore for 2093c6a02, 
2026-08-28T09:32:55.854406940Z I0828 09:32:55.854337    1370 tpu_chip_config.cc:367] Resolved chip config alias megachip_tccontrol->megacore for 2093c6a02, 
2026-08-28T09:32:55.855393104Z I0828 09:32:55.855326    1370 xla_compilation_cache.cc:113] XLA compilation cache fetch for computation 'jit_sample' (key 4880062ed2170df0) took 305.279403ms: PERSISTENT_FETCH
2026-08-28T09:32:56.598319870Z I0828 09:32:56.598222     766 server_lib.cc:1855] Attempting to load component jit_sample.17152593400471993221 @ 0 at worker after 692.535us (proto size 2540)
2026-08-28T09:32:58.159445120Z I0828 09:32:58.159338    1370 tpu_chip_config.cc:367] Resolved chip config alias megachip_tccontrol->megacore for 2093c6a02, 
2026-08-28T09:32:58.161921639Z I0828 09:32:58.161805    1370 tpu_chip_config.cc:367] Resolved chip config alias megachip_tccontrol->megacore for 2093c6a02, 
2026-08-28T09:32:58.164425151Z I0828 09:32:58.164325    1370 xla_compilation_cache.cc:113] XLA compilation cache fetch for computation 'jit_sample' (key 65208d384e2156f8) took 1.566111694s: PERSISTENT_FETCH
2026-08-28T09:32:58.198145686Z I0828 09:32:58.198045     787 server_lib.cc:1855] Attempting to load component jit_sample.5009576107440552375 @ 0 at worker after 873.241us (proto size 2539)
2026-08-28T09:32:59.817033398Z I0828 09:32:59.816923     784 server_lib.cc:1855] Attempting to load component jit_sample.17152593400471990283 @ 0 at worker after 624.959us (proto size 2456)
2026-08-28T09:32:59.851339631Z I0828 09:32:59.851253    1370 tpu_chip_config.cc:367] Resolved chip config alias megachip_tccontrol->megacore for 2093c6a02, 
2026-08-28T09:32:59.853641668Z I0828 09:32:59.853578    1370 tpu_chip_config.cc:367] Resolved chip config alias megachip_tccontrol->megacore for 2093c6a02, 
2026-08-28T09:32:59.856310442Z I0828 09:32:59.856247    1370 xla_compilation_cache.cc:113] XLA compilation cache fetch for computation 'jit_sample' (key 244527b236a25d54) took 1.658214128s: PERSISTENT_FETCH
2026-08-28T09:33:00.191990716Z I0828 09:33:00.191904     787 server_lib.cc:1855] Attempting to load component jit_sample.5009576107440553595 @ 0 at worker after 654.379us (proto size 2454)
2026-08-28T09:33:00.195791139Z I0828 09:33:00.195725    1369 tpu_chip_config.cc:367] Resolved chip config alias megachip_tccontrol->megacore for 2093c6a02, 
2026-08-28T09:33:00.197367123Z I0828 09:33:00.197302    1369 tpu_chip_config.cc:367] Resolved chip config alias megachip_tccontrol->megacore for 2093c6a02, 
2026-08-28T09:33:00.198405955Z I0828 09:33:00.198334    1369 xla_compilation_cache.cc:113] XLA compilation cache fetch for computation 'jit_sample' (key f99975a472fb6480) took 381.421636ms: PERSISTENT_FETCH
2026-08-28T09:33:00.568605445Z I0828 09:33:00.568515    1370 tpu_chip_config.cc:367] Resolved chip config alias megachip_tccontrol->megacore for 2093c6a02, 
2026-08-28T09:33:00.570147760Z I0828 09:33:00.570092    1370 tpu_chip_config.cc:367] Resolved chip config alias megachip_tccontrol->megacore for 2093c6a02, 
2026-08-28T09:33:00.571144458Z I0828 09:33:00.571075    1370 xla_compilation_cache.cc:113] XLA compilation cache fetch for computation 'jit_sample' (key 72aff3bf66536de) took 379.179702ms: PERSISTENT_FETCH
2026-08-28T09:33:00.787180063Z I0828 09:33:00.787105     764 server_lib.cc:1855] Attempting to load component jit_compute_and_gather_logprobs.5009576107440550414 @ 0 at worker after 675.255us (proto size 2516)
2026-08-28T09:33:01.159587414Z I0828 09:33:01.159508    1370 tpu_chip_config.cc:367] Resolved chip config alias megachip_tccontrol->megacore for 2093c6a02, 
2026-08-28T09:33:01.161144107Z I0828 09:33:01.161066    1370 tpu_chip_config.cc:367] Resolved chip config alias megachip_tccontrol->megacore for 2093c6a02, 
2026-08-28T09:33:01.162579294Z I0828 09:33:01.162488    1370 xla_compilation_cache.cc:113] XLA compilation cache fetch for computation 'jit_compute_and_gather_logprobs' (key 6686ccce3b69a93e) took 375.391199ms: PERSISTENT_FETCH
2026-08-28T09:33:01.381063095Z I0828 09:33:01.380973     787 server_lib.cc:1855] Attempting to load component jit_compute_and_gather_logprobs.5009576107440551329 @ 0 at worker after 772.392us (proto size 2516)
2026-08-28T09:33:01.745722032Z I0828 09:33:01.745641    1370 tpu_chip_config.cc:367] Resolved chip config alias megachip_tccontrol->megacore for 2093c6a02, 
2026-08-28T09:33:01.747300713Z I0828 09:33:01.747235    1370 tpu_chip_config.cc:367] Resolved chip config alias megachip_tccontrol->megacore for 2093c6a02, 
2026-08-28T09:33:01.748876717Z I0828 09:33:01.748821    1370 xla_compilation_cache.cc:113] XLA compilation cache fetch for computation 'jit_compute_and_gather_logprobs' (key 4c256bbc3e4552aa) took 367.855412ms: PERSISTENT_FETCH
2026-08-28T09:33:01.959326071Z I0828 09:33:01.959230     760 server_lib.cc:1855] Attempting to load component jit_compute_and_gather_logprobs.5009576107440552244 @ 0 at worker after 745.961us (proto size 2516)
2026-08-28T09:33:02.352702620Z I0828 09:33:02.352630    1370 tpu_chip_config.cc:367] Resolved chip config alias megachip_tccontrol->megacore for 2093c6a02, 
2026-08-28T09:33:02.354432332Z I0828 09:33:02.354376    1370 tpu_chip_config.cc:367] Resolved chip config alias megachip_tccontrol->megacore for 2093c6a02, 
2026-08-28T09:33:02.356245417Z I0828 09:33:02.356189    1370 xla_compilation_cache.cc:113] XLA compilation cache fetch for computation 'jit_compute_and_gather_logprobs' (key 86d218ca0758fec4) took 396.969327ms: PERSISTENT_FETCH
2026-08-28T09:33:02.573279740Z I0828 09:33:02.573150    1837 server_lib.cc:1855] Attempting to load component jit_compute_and_gather_logprobs.5009576107440553159 @ 0 at worker after 671.897us (proto size 2516)
2026-08-28T09:33:02.969893431Z I0828 09:33:02.969814    1370 tpu_chip_config.cc:367] Resolved chip config alias megachip_tccontrol->megacore for 2093c6a02, 
2026-08-28T09:33:02.971446127Z I0828 09:33:02.971389    1370 tpu_chip_config.cc:367] Resolved chip config alias megachip_tccontrol->megacore for 2093c6a02, 
2026-08-28T09:33:02.973071373Z I0828 09:33:02.973004    1370 xla_compilation_cache.cc:113] XLA compilation cache fetch for computation 'jit_compute_and_gather_logprobs' (key 47b3d3fd7c7bae3e) took 399.866003ms: PERSISTENT_FETCH
2026-08-28T09:33:03.164210616Z I0828 09:33:03.164079    1837 server_lib.cc:1855] Attempting to load component jit_compute_and_gather_logprobs.5009576107440549978 @ 0 at worker after 754.777us (proto size 2521)
2026-08-28T09:33:03.574927807Z I0828 09:33:03.574851    1370 tpu_chip_config.cc:367] Resolved chip config alias megachip_tccontrol->megacore for 2093c6a02, 
2026-08-28T09:33:03.576492576Z I0828 09:33:03.576438    1370 tpu_chip_config.cc:367] Resolved chip config alias megachip_tccontrol->megacore for 2093c6a02, 
2026-08-28T09:33:03.578020764Z I0828 09:33:03.577963    1370 xla_compilation_cache.cc:113] XLA compilation cache fetch for computation 'jit_compute_and_gather_logprobs' (key a05471787de8b594) took 413.89507ms: PERSISTENT_FETCH
2026-08-28T09:33:03.779372295Z I0828 09:33:03.779287     764 server_lib.cc:1855] Attempting to load component jit_compute_and_gather_logprobs.5009576107440550893 @ 0 at worker after 734.695us (proto size 2521)
2026-08-28T09:33:04.204980503Z I0828 09:33:04.204898    1370 tpu_chip_config.cc:367] Resolved chip config alias megachip_tccontrol->megacore for 2093c6a02, 
2026-08-28T09:33:04.206510389Z I0828 09:33:04.206447    1370 tpu_chip_config.cc:367] Resolved chip config alias megachip_tccontrol->megacore for 2093c6a02, 
2026-08-28T09:33:04.208024430Z I0828 09:33:04.207964    1370 xla_compilation_cache.cc:113] XLA compilation cache fetch for computation 'jit_compute_and_gather_logprobs' (key 5c22c632287b0fb8) took 428.686074ms: PERSISTENT_FETCH
2026-08-28T09:33:04.269738178Z I0828 09:33:04.269621     764 server_lib.cc:1855] Attempting to load component jit_sample.17152593400471990672 @ 0 at worker after 1.053395ms (proto size 2534)
2026-08-28T09:33:08.549822711Z I0828 09:33:08.549671    1370 tpu_chip_config.cc:367] Resolved chip config alias megachip_tccontrol->megacore for 2093c6a02, 
2026-08-28T09:33:08.552244698Z I0828 09:33:08.552180    1370 tpu_chip_config.cc:367] Resolved chip config alias megachip_tccontrol->megacore for 2093c6a02, 
2026-08-28T09:33:08.554629124Z I0828 09:33:08.554557    1370 xla_compilation_cache.cc:113] XLA compilation cache fetch for computation 'jit_sample' (key 6d7597711fd46554) took 4.284948448s: PERSISTENT_FETCH
2026-08-28T09:33:08.646754745Z I0828 09:33:08.646647    1837 server_lib.cc:1855] Attempting to load component jit_sample.5009576107440551808 @ 0 at worker after 933.372us (proto size 2533)
2026-08-28T09:33:13.011028229Z I0828 09:33:13.010918    1370 tpu_chip_config.cc:367] Resolved chip config alias megachip_tccontrol->megacore for 2093c6a02, 
2026-08-28T09:33:13.013510499Z I0828 09:33:13.013449    1370 tpu_chip_config.cc:367] Resolved chip config alias megachip_tccontrol->megacore for 2093c6a02, 
2026-08-28T09:33:13.016007196Z I0828 09:33:13.015943    1370 xla_compilation_cache.cc:113] XLA compilation cache fetch for computation 'jit_sample' (key d5a6aa50a3a99a35) took 4.369304359s: PERSISTENT_FETCH
2026-08-28T09:33:13.180915636Z I0828 09:33:13.180840     787 server_lib.cc:1855] Attempting to load component jit_sample.17152593400471992841 @ 0 at worker after 901.395us (proto size 2533)
2026-08-28T09:33:14.889307379Z I0828 09:33:14.889212    1370 tpu_chip_config.cc:367] Resolved chip config alias megachip_tccontrol->megacore for 2093c6a02, 
2026-08-28T09:33:14.891645407Z I0828 09:33:14.891583    1370 tpu_chip_config.cc:367] Resolved chip config alias megachip_tccontrol->megacore for 2093c6a02, 
2026-08-28T09:33:14.894045088Z I0828 09:33:14.893985    1370 xla_compilation_cache.cc:113] XLA compilation cache fetch for computation 'jit_sample' (key 5dd36e3702f2675) took 1.713153814s: PERSISTENT_FETCH
2026-08-28T09:33:14.983251813Z I0828 09:33:14.983112     764 server_lib.cc:1855] Attempting to load component jit_sample.5009576107440553333 @ 0 at worker after 828.429us (proto size 2533)
2026-08-28T09:33:16.667556588Z I0828 09:33:16.667408    1370 tpu_chip_config.cc:367] Resolved chip config alias megachip_tccontrol->megacore for 2093c6a02, 
2026-08-28T09:33:16.669943018Z I0828 09:33:16.669862    1370 tpu_chip_config.cc:367] Resolved chip config alias megachip_tccontrol->megacore for 2093c6a02, 
2026-08-28T09:33:16.672268051Z I0828 09:33:16.672204    1370 xla_compilation_cache.cc:113] XLA compilation cache fetch for computation 'jit_sample' (key 31e6d1cf3bf40799) took 1.689102108s: PERSISTENT_FETCH
2026-08-28T09:33:16.917969839Z I0828 09:33:16.917858     766 server_lib.cc:1855] Attempting to load component jit_sample.17152593400471990914 @ 0 at worker after 798.865us (proto size 2534)
2026-08-28T09:33:18.553048059Z I0828 09:33:18.552902    1370 tpu_chip_config.cc:367] Resolved chip config alias megachip_tccontrol->megacore for 2093c6a02, 
2026-08-28T09:33:18.555415250Z I0828 09:33:18.555325    1370 tpu_chip_config.cc:367] Resolved chip config alias megachip_tccontrol->megacore for 2093c6a02, 
2026-08-28T09:33:18.557808344Z I0828 09:33:18.557743    1370 xla_compilation_cache.cc:113] XLA compilation cache fetch for computation 'jit_sample' (key f1f2094601f69d5b) took 1.639894415s: PERSISTENT_FETCH
2026-08-28T09:33:18.694461578Z I0828 09:33:18.694363     764 server_lib.cc:1855] Attempting to load component jit_sample.5009576107440550762 @ 0 at worker after 797.4us (proto size 2533)
2026-08-28T09:33:20.454211662Z I0828 09:33:20.454130    1370 tpu_chip_config.cc:367] Resolved chip config alias megachip_tccontrol->megacore for 2093c6a02, 
2026-08-28T09:33:20.456693066Z I0828 09:33:20.456546    1370 tpu_chip_config.cc:367] Resolved chip config alias megachip_tccontrol->megacore for 2093c6a02, 
2026-08-28T09:33:20.459047207Z I0828 09:33:20.458977    1370 xla_compilation_cache.cc:113] XLA compilation cache fetch for computation 'jit_sample' (key 66295e5588d0e22f) took 1.764623881s: PERSISTENT_FETCH
2026-08-28T09:33:20.615436511Z I0828 09:33:20.615351     780 server_lib.cc:1855] Attempting to load component jit_sample.17152593400471993083 @ 0 at worker after 906.909us (proto size 2534)
2026-08-28T09:33:24.238444149Z I0828 09:33:24.238337    1370 tpu_chip_config.cc:367] Resolved chip config alias megachip_tccontrol->megacore for 2093c6a02, 
2026-08-28T09:33:24.240964070Z I0828 09:33:24.240908    1370 tpu_chip_config.cc:367] Resolved chip config alias megachip_tccontrol->megacore for 2093c6a02, 
2026-08-28T09:33:24.243735637Z I0828 09:33:24.243673    1370 xla_compilation_cache.cc:113] XLA compilation cache fetch for computation 'jit_sample' (key 9b7b64164a5e3a49) took 3.628331366s: PERSISTENT_FETCH
2026-08-28T09:33:24.331472021Z I0828 09:33:24.331349     760 server_lib.cc:1855] Attempting to load component jit_sample.5009576107440552287 @ 0 at worker after 1.22051ms (proto size 2533)
2026-08-28T09:33:27.980277066Z I0828 09:33:27.980118    1370 tpu_chip_config.cc:367] Resolved chip config alias megachip_tccontrol->megacore for 2093c6a02, 
2026-08-28T09:33:27.982710630Z I0828 09:33:27.982619    1370 tpu_chip_config.cc:367] Resolved chip config alias megachip_tccontrol->megacore for 2093c6a02, 
2026-08-28T09:33:27.985213478Z I0828 09:33:27.985139    1370 xla_compilation_cache.cc:113] XLA compilation cache fetch for computation 'jit_sample' (key 4db4fdcd3084e3b6) took 3.653800766s: PERSISTENT_FETCH
2026-08-28T09:33:28.152804386Z I0828 09:33:28.152676     760 server_lib.cc:1855] Attempting to load component jit_sample.17152593400471991156 @ 0 at worker after 763.159us (proto size 2540)
2026-08-28T09:33:36.282423489Z I0828 09:33:36.282292    1370 tpu_chip_config.cc:367] Resolved chip config alias megachip_tccontrol->megacore for 2093c6a02, 
2026-08-28T09:33:36.284933721Z I0828 09:33:36.284862    1370 tpu_chip_config.cc:367] Resolved chip config alias megachip_tccontrol->megacore for 2093c6a02, 
2026-08-28T09:33:36.287552699Z I0828 09:33:36.287479    1370 xla_compilation_cache.cc:113] XLA compilation cache fetch for computation 'jit_sample' (key a6d45bee867de68c) took 8.134812267s: PERSISTENT_FETCH
2026-08-28T09:33:36.373249580Z I0828 09:33:36.373144    1837 server_lib.cc:1855] Attempting to load component jit_sample.5009576107440553812 @ 0 at worker after 939.053us (proto size 2539)
2026-08-28T09:33:44.760292461Z I0828 09:33:44.760119    1370 tpu_chip_config.cc:367] Resolved chip config alias megachip_tccontrol->megacore for 2093c6a02, 
2026-08-28T09:33:44.762752210Z I0828 09:33:44.762628    1370 tpu_chip_config.cc:367] Resolved chip config alias megachip_tccontrol->megacore for 2093c6a02, 
2026-08-28T09:33:44.765496897Z I0828 09:33:44.765428    1370 xla_compilation_cache.cc:113] XLA compilation cache fetch for computation 'jit_sample' (key bb71570e3b10f4e1) took 8.392294449s: PERSISTENT_FETCH
2026-08-28T09:33:44.954446792Z I0828 09:33:44.954308     764 server_lib.cc:1855] Attempting to load component jit_sample.17152593400471993325 @ 0 at worker after 753.194us (proto size 2540)
2026-08-28T09:33:46.484728438Z I0828 09:33:46.484620    1370 tpu_chip_config.cc:367] Resolved chip config alias megachip_tccontrol->megacore for 2093c6a02, 
2026-08-28T09:33:46.487069626Z I0828 09:33:46.486983    1370 tpu_chip_config.cc:367] Resolved chip config alias megachip_tccontrol->megacore for 2093c6a02, 
2026-08-28T09:33:46.489575063Z I0828 09:33:46.489494    1370 xla_compilation_cache.cc:113] XLA compilation cache fetch for computation 'jit_sample' (key 3c5cf0203fa232ca) took 1.535195711s: PERSISTENT_FETCH
2026-08-28T09:33:46.580032453Z I0828 09:33:46.579913     760 server_lib.cc:1855] Attempting to load component jit_sample.5009576107440551241 @ 0 at worker after 859.263us (proto size 2539)
2026-08-28T09:33:48.187201428Z I0828 09:33:48.187097    1370 tpu_chip_config.cc:367] Resolved chip config alias megachip_tccontrol->megacore for 2093c6a02, 
2026-08-28T09:33:48.189639919Z I0828 09:33:48.189574    1370 tpu_chip_config.cc:367] Resolved chip config alias megachip_tccontrol->megacore for 2093c6a02, 
2026-08-28T09:33:48.192513728Z I0828 09:33:48.192458    1370 xla_compilation_cache.cc:113] XLA compilation cache fetch for computation 'jit_sample' (key a5e8ec196a4dcf7e) took 1.612556099s: PERSISTENT_FETCH
2026-08-28T09:33:48.481838674Z I0828 09:33:48.481732     784 server_lib.cc:1855] Attempting to load component jit__allocate.17152593400471990724 @ 0 at worker after 768.03us (proto size 2405)
2026-08-28T09:33:48.731950752Z I0828 09:33:48.731873    1370 tpu_chip_config.cc:367] Resolved chip config alias megachip_tccontrol->megacore for 2093c6a02, 
2026-08-28T09:33:48.733612168Z I0828 09:33:48.733544    1370 tpu_chip_config.cc:367] Resolved chip config alias megachip_tccontrol->megacore for 2093c6a02, 
2026-08-28T09:33:48.734422289Z I0828 09:33:48.734366    1370 xla_compilation_cache.cc:113] XLA compilation cache fetch for computation 'jit__allocate' (key 44c937081d7ee1dc) took 252.643735ms: PERSISTENT_FETCH
2026-08-28T09:33:49.494108322Z I0828 09:33:49.494006     760 server_lib.cc:1855] Attempting to load component jit_convert_element_type.17152593400471992029 @ 0 at worker after 1.30054ms (proto size 2413)
2026-08-28T09:33:49.504656919Z I0828 09:33:49.504591     822 worker_op_dispatcher.cc:4605] Component is not loaded yet; deferring unload until load completes: jit__allocate.17152593400471990724 @ 0
2026-08-28T09:33:49.504709269Z I0828 09:33:49.504662    1573 server_lib.cc:743] Unloading component jit__allocate.17152593400471990724 @ 0 at worker
2026-08-28T09:33:49.703216667Z I0828 09:33:49.703101     761 server_lib.cc:1855] Attempting to load component jit_broadcast_in_dim.5009576107440553593 @ 0 at worker after 921.829us (proto size 2414)
2026-08-28T09:33:49.721498547Z I0828 09:33:49.721418    1370 tpu_chip_config.cc:367] Resolved chip config alias megachip_tccontrol->megacore for 2093c6a02, 
2026-08-28T09:33:49.723252838Z I0828 09:33:49.723178    1370 tpu_chip_config.cc:367] Resolved chip config alias megachip_tccontrol->megacore for 2093c6a02, 
2026-08-28T09:33:49.724064414Z I0828 09:33:49.724000    1370 xla_compilation_cache.cc:113] XLA compilation cache fetch for computation 'jit_convert_element_type' (key d4bb2065732563ff) took 230.183102ms: PERSISTENT_FETCH
2026-08-28T09:33:49.966437771Z I0828 09:33:49.966349    1369 tpu_chip_config.cc:367] Resolved chip config alias megachip_tccontrol->megacore for 2093c6a02, 
2026-08-28T09:33:49.968058618Z I0828 09:33:49.967991    1369 tpu_chip_config.cc:367] Resolved chip config alias megachip_tccontrol->megacore for 2093c6a02, 
2026-08-28T09:33:49.968888494Z I0828 09:33:49.968828    1369 xla_compilation_cache.cc:113] XLA compilation cache fetch for computation 'jit_broadcast_in_dim' (key 25b2f9a67df5a232) took 265.930775ms: PERSISTENT_FETCH
2026-08-28T09:33:49.991922561Z I0828 09:33:49.991842     760 server_lib.cc:1855] Attempting to load component jit_broadcast_in_dim.17152593400471992608 @ 0 at worker after 1.617121ms (proto size 2415)
2026-08-28T09:33:50.224759773Z I0828 09:33:50.224613    1369 tpu_chip_config.cc:367] Resolved chip config alias megachip_tccontrol->megacore for 2093c6a02, 
2026-08-28T09:33:50.226216692Z I0828 09:33:50.226134    1369 tpu_chip_config.cc:367] Resolved chip config alias megachip_tccontrol->megacore for 2093c6a02, 
2026-08-28T09:33:50.226976583Z I0828 09:33:50.226905    1369 xla_compilation_cache.cc:113] XLA compilation cache fetch for computation 'jit_broadcast_in_dim' (key b96b20f1ec0d6adc) took 235.94387ms: PERSISTENT_FETCH
2026-08-28T09:33:50.249990219Z I0828 09:33:50.249907     766 server_lib.cc:1855] Attempting to load component jit_broadcast_in_dim.17152593400471993187 @ 0 at worker after 815.879us (proto size 2415)
2026-08-28T09:33:50.519803555Z I0828 09:33:50.519703    1369 tpu_chip_config.cc:367] Resolved chip config alias megachip_tccontrol->megacore for 2093c6a02, 
2026-08-28T09:33:50.521271716Z I0828 09:33:50.521206    1369 tpu_chip_config.cc:367] Resolved chip config alias megachip_tccontrol->megacore for 2093c6a02, 
2026-08-28T09:33:50.522066461Z I0828 09:33:50.522001    1369 xla_compilation_cache.cc:113] XLA compilation cache fetch for computation 'jit_broadcast_in_dim' (key 5043b7c95928295a) took 272.241864ms: PERSISTENT_FETCH
2026-08-28T09:33:58.490009823Z I0828 09:33:58.489835     784 server_lib.cc:1855] Attempting to load component jit_run_model.5009576107440549976 @ 0 at worker after 2.615642ms (proto size 14988)
2026-08-28T09:34:05.243073953Z I0828 09:34:05.242926    1369 tpu_chip_config.cc:367] Resolved chip config alias megachip_tccontrol->megacore for 2093c6a02, 
2026-08-28T09:34:05.256717292Z I0828 09:34:05.256636    1369 tpu_chip_config.cc:367] Resolved chip config alias megachip_tccontrol->megacore for 2093c6a02, 
2026-08-28T09:34:05.280604319Z I0828 09:34:05.280518    1369 xla_compilation_cache.cc:113] XLA compilation cache fetch for computation 'jit_run_model' (key f6155e119361ace0) took 6.791530936s: PERSISTENT_FETCH
2026-08-28T09:34:05.675823596Z I0828 09:34:05.675695     760 server_lib.cc:1855] Attempting to load component jit_convert_element_type.17152593400471990586 @ 0 at worker after 920.549us (proto size 2413)
2026-08-28T09:34:05.885232250Z I0828 09:34:05.885123     787 server_lib.cc:1855] Attempting to load component jit_broadcast_in_dim.5009576107440551196 @ 0 at worker after 1.342909ms (proto size 2418)
2026-08-28T09:34:05.900439063Z I0828 09:34:05.900369    1369 tpu_chip_config.cc:367] Resolved chip config alias megachip_tccontrol->megacore for 2093c6a02, 
2026-08-28T09:34:05.902217742Z I0828 09:34:05.902157    1369 tpu_chip_config.cc:367] Resolved chip config alias megachip_tccontrol->megacore for 2093c6a02, 
2026-08-28T09:34:05.903063846Z I0828 09:34:05.903008    1369 xla_compilation_cache.cc:113] XLA compilation cache fetch for computation 'jit_convert_element_type' (key 59d1c8969685192e) took 227.470196ms: PERSISTENT_FETCH
2026-08-28T09:34:06.118972076Z I0828 09:34:06.118860    1370 tpu_chip_config.cc:367] Resolved chip config alias megachip_tccontrol->megacore for 2093c6a02, 
2026-08-28T09:34:06.120470022Z I0828 09:34:06.120406    1370 tpu_chip_config.cc:367] Resolved chip config alias megachip_tccontrol->megacore for 2093c6a02, 
2026-08-28T09:34:06.121280666Z I0828 09:34:06.121222    1370 xla_compilation_cache.cc:113] XLA compilation cache fetch for computation 'jit_broadcast_in_dim' (key d366b23e899b3a47) took 236.745684ms: PERSISTENT_FETCH
2026-08-28T09:34:06.229638572Z I0828 09:34:06.229571     764 server_lib.cc:1855] Attempting to load component jit_broadcast_in_dim.17542282987440713775 @ 0 at worker after 1.314691ms (proto size 2414)
2026-08-28T09:34:06.466642979Z I0828 09:34:06.466572    1370 tpu_chip_config.cc:367] Resolved chip config alias megachip_tccontrol->megacore for 2093c6a02, 
2026-08-28T09:34:06.468162922Z I0828 09:34:06.468113    1370 tpu_chip_config.cc:367] Resolved chip config alias megachip_tccontrol->megacore for 2093c6a02, 
2026-08-28T09:34:06.468930220Z I0828 09:34:06.468874    1370 xla_compilation_cache.cc:113] XLA compilation cache fetch for computation 'jit_broadcast_in_dim' (key 100b3b104a6bf11d) took 239.442155ms: PERSISTENT_FETCH
2026-08-28T09:34:06.516878945Z I0828 09:34:06.516812     787 server_lib.cc:1855] Attempting to load component jit__select_from_array_fn.2130004682616430790 @ 0 at worker after 1.391961ms (proto size 2461)
2026-08-28T09:34:06.751246573Z I0828 09:34:06.751201    1370 tpu_chip_config.cc:367] Resolved chip config alias megachip_tccontrol->megacore for 2093c6a02, 
2026-08-28T09:34:06.752823027Z I0828 09:34:06.752767    1370 tpu_chip_config.cc:367] Resolved chip config alias megachip_tccontrol->megacore for 2093c6a02, 
2026-08-28T09:34:06.753705338Z I0828 09:34:06.753650    1370 xla_compilation_cache.cc:113] XLA compilation cache fetch for computation 'jit__select_from_array_fn' (key e9e885934b9b9299) took 237.513173ms: PERSISTENT_FETCH
2026-08-28T09:34:06.798205027Z I0828 09:34:06.798136     787 server_lib.cc:1855] Attempting to load component jit_broadcast_in_dim.10416149044182841477 @ 0 at worker after 1.393712ms (proto size 2414)
2026-08-28T09:34:07.041981502Z I0828 09:34:07.041916    1370 tpu_chip_config.cc:367] Resolved chip config alias megachip_tccontrol->megacore for 2093c6a02, 
2026-08-28T09:34:07.043570291Z I0828 09:34:07.043489    1370 tpu_chip_config.cc:367] Resolved chip config alias megachip_tccontrol->megacore for 2093c6a02, 
2026-08-28T09:34:07.044346154Z I0828 09:34:07.044297    1370 xla_compilation_cache.cc:113] XLA compilation cache fetch for computation 'jit_broadcast_in_dim' (key f4e81cda2b38261e) took 246.291917ms: PERSISTENT_FETCH
2026-08-28T09:34:07.079270771Z I0828 09:34:07.079103    1837 server_lib.cc:1855] Attempting to load component jit__select_from_array_fn.17542282987440714666 @ 0 at worker after 1.563786ms (proto size 2462)
2026-08-28T09:34:07.314152939Z I0828 09:34:07.314082    1370 tpu_chip_config.cc:367] Resolved chip config alias megachip_tccontrol->megacore for 2093c6a02, 
2026-08-28T09:34:07.315696034Z I0828 09:34:07.315628    1370 tpu_chip_config.cc:367] Resolved chip config alias megachip_tccontrol->megacore for 2093c6a02, 
2026-08-28T09:34:07.316600016Z I0828 09:34:07.316549    1370 xla_compilation_cache.cc:113] XLA compilation cache fetch for computation 'jit__select_from_array_fn' (key c5cb47476c24c798) took 238.33811ms: PERSISTENT_FETCH
2026-08-28T09:34:07.357438614Z I0828 09:34:07.357374     787 server_lib.cc:1855] Attempting to load component jit_broadcast_in_dim.5009576107440553636 @ 0 at worker after 1.307347ms (proto size 2412)
2026-08-28T09:34:07.595015291Z I0828 09:34:07.594951    1370 tpu_chip_config.cc:367] Resolved chip config alias megachip_tccontrol->megacore for 2093c6a02, 
2026-08-28T09:34:07.596564267Z I0828 09:34:07.596487    1370 tpu_chip_config.cc:367] Resolved chip config alias megachip_tccontrol->megacore for 2093c6a02, 
2026-08-28T09:34:07.597336262Z I0828 09:34:07.597284    1370 xla_compilation_cache.cc:113] XLA compilation cache fetch for computation 'jit_broadcast_in_dim' (key 2ad77de9d13750a) took 240.01609ms: PERSISTENT_FETCH
2026-08-28T09:34:07.633780759Z I0828 09:34:07.633667     760 server_lib.cc:1855] Attempting to load component jit__select_from_array_fn.12553407529559189630 @ 0 at worker after 1.3392ms (proto size 2462)
2026-08-28T09:34:07.885180876Z I0828 09:34:07.885098    1370 tpu_chip_config.cc:367] Resolved chip config alias megachip_tccontrol->megacore for 2093c6a02, 
2026-08-28T09:34:07.886734154Z I0828 09:34:07.886676    1370 tpu_chip_config.cc:367] Resolved chip config alias megachip_tccontrol->megacore for 2093c6a02, 
2026-08-28T09:34:07.887677377Z I0828 09:34:07.887611    1370 xla_compilation_cache.cc:113] XLA compilation cache fetch for computation 'jit__select_from_array_fn' (key 4ca1b40ae2792f53) took 254.598119ms: PERSISTENT_FETCH
2026-08-28T09:34:07.928582647Z I0828 09:34:07.928449     766 server_lib.cc:1855] Attempting to load component jit_broadcast_in_dim.5009576107440551675 @ 0 at worker after 1.143251ms (proto size 2412)
2026-08-28T09:34:08.154096705Z I0828 09:34:08.154020    1370 tpu_chip_config.cc:367] Resolved chip config alias megachip_tccontrol->megacore for 2093c6a02, 
2026-08-28T09:34:08.155700547Z I0828 09:34:08.155641    1370 tpu_chip_config.cc:367] Resolved chip config alias megachip_tccontrol->megacore for 2093c6a02, 
2026-08-28T09:34:08.156463625Z I0828 09:34:08.156410    1370 xla_compilation_cache.cc:113] XLA compilation cache fetch for computation 'jit_broadcast_in_dim' (key 66516a1f8b9b74e) took 228.091946ms: PERSISTENT_FETCH
2026-08-28T09:34:08.183267686Z I0828 09:34:08.183200     764 server_lib.cc:1855] Attempting to load component jit__select_from_array_fn.17542282987440714590 @ 0 at worker after 1.474195ms (proto size 2462)
2026-08-28T09:34:08.424228162Z I0828 09:34:08.424163    1370 tpu_chip_config.cc:367] Resolved chip config alias megachip_tccontrol->megacore for 2093c6a02, 
2026-08-28T09:34:08.425739082Z I0828 09:34:08.425687    1370 tpu_chip_config.cc:367] Resolved chip config alias megachip_tccontrol->megacore for 2093c6a02, 
2026-08-28T09:34:08.426630135Z I0828 09:34:08.426578    1370 xla_compilation_cache.cc:113] XLA compilation cache fetch for computation 'jit__select_from_array_fn' (key 289ec6647e9d5c12) took 244.224642ms: PERSISTENT_FETCH
2026-08-28T09:34:08.472082413Z I0828 09:34:08.471964     790 server_lib.cc:1855] Attempting to load component jit_broadcast_in_dim.17152593400471993671 @ 0 at worker after 863.48us (proto size 2415)
2026-08-28T09:34:08.718023858Z I0828 09:34:08.717953    1370 tpu_chip_config.cc:367] Resolved chip config alias megachip_tccontrol->megacore for 2093c6a02, 
2026-08-28T09:34:08.719548486Z I0828 09:34:08.719485    1370 tpu_chip_config.cc:367] Resolved chip config alias megachip_tccontrol->megacore for 2093c6a02, 
2026-08-28T09:34:08.720323112Z I0828 09:34:08.720267    1370 xla_compilation_cache.cc:113] XLA compilation cache fetch for computation 'jit_broadcast_in_dim' (key f2fc9cdb65b457ac) took 248.427552ms: PERSISTENT_FETCH
2026-08-28T09:34:08.748005284Z I0828 09:34:08.747941     764 server_lib.cc:1855] Attempting to load component jit__select_from_array_fn.5009576107440553200 @ 0 at worker after 1.387686ms (proto size 2463)
2026-08-28T09:34:08.979990227Z I0828 09:34:08.979922    1370 tpu_chip_config.cc:367] Resolved chip config alias megachip_tccontrol->megacore for 2093c6a02, 
2026-08-28T09:34:08.981498331Z I0828 09:34:08.981438    1370 tpu_chip_config.cc:367] Resolved chip config alias megachip_tccontrol->megacore for 2093c6a02, 
2026-08-28T09:34:08.982388811Z I0828 09:34:08.982338    1370 xla_compilation_cache.cc:113] XLA compilation cache fetch for computation 'jit__select_from_array_fn' (key b939ad4946c9c982) took 235.109236ms: PERSISTENT_FETCH
2026-08-28T09:34:09.035029283Z I0828 09:34:09.034900     784 server_lib.cc:1855] Attempting to load component jit__select_from_array_fn.10416149044182842825 @ 0 at worker after 823.899us (proto size 2464)
2026-08-28T09:34:09.290409069Z I0828 09:34:09.290331    1370 tpu_chip_config.cc:367] Resolved chip config alias megachip_tccontrol->megacore for 2093c6a02, 
2026-08-28T09:34:09.292025427Z I0828 09:34:09.291963    1370 tpu_chip_config.cc:367] Resolved chip config alias megachip_tccontrol->megacore for 2093c6a02, 
2026-08-28T09:34:09.292919228Z I0828 09:34:09.292861    1370 xla_compilation_cache.cc:113] XLA compilation cache fetch for computation 'jit__select_from_array_fn' (key c2cd37ad1a81624e) took 258.110823ms: PERSISTENT_FETCH
2026-08-28T09:34:09.312545134Z I0828 09:34:09.312456     787 server_lib.cc:1855] Attempting to load component jit_broadcast_in_dim.17152593400471992323 @ 0 at worker after 1.326745ms (proto size 2418)
2026-08-28T09:34:09.548976636Z I0828 09:34:09.548918    1370 tpu_chip_config.cc:367] Resolved chip config alias megachip_tccontrol->megacore for 2093c6a02, 
2026-08-28T09:34:09.550481902Z I0828 09:34:09.550427    1370 tpu_chip_config.cc:367] Resolved chip config alias megachip_tccontrol->megacore for 2093c6a02, 
2026-08-28T09:34:09.551242336Z I0828 09:34:09.551188    1370 xla_compilation_cache.cc:113] XLA compilation cache fetch for computation 'jit_broadcast_in_dim' (key 965c4a493e274da4) took 239.435528ms: PERSISTENT_FETCH
2026-08-28T09:34:09.614784747Z I0828 09:34:09.614672     797 server_lib.cc:1855] Attempting to load component jit_run_compute_logits.17152593400471991649 @ 0 at worker after 772.897us (proto size 2462)
2026-08-28T09:34:10.046676033Z I0828 09:34:10.046586     764 server_lib.cc:1855] Attempting to load component jit_broadcast_in_dim.5009576107440551239 @ 0 at worker after 3.874094ms (proto size 2417)
2026-08-28T09:34:10.058802270Z I0828 09:34:10.058738    1370 tpu_chip_config.cc:367] Resolved chip config alias megachip_tccontrol->megacore for 2093c6a02, 
2026-08-28T09:34:10.060370146Z I0828 09:34:10.060294    1370 tpu_chip_config.cc:367] Resolved chip config alias megachip_tccontrol->megacore for 2093c6a02, 
2026-08-28T09:34:10.061317000Z I0828 09:34:10.061251    1370 xla_compilation_cache.cc:113] XLA compilation cache fetch for computation 'jit_run_compute_logits' (key e23cd84fe77cc684) took 446.731723ms: PERSISTENT_FETCH
2026-08-28T09:34:10.295165554Z I0828 09:34:10.295101    1369 tpu_chip_config.cc:367] Resolved chip config alias megachip_tccontrol->megacore for 2093c6a02, 
2026-08-28T09:34:10.296755214Z I0828 09:34:10.296686    1369 tpu_chip_config.cc:367] Resolved chip config alias megachip_tccontrol->megacore for 2093c6a02, 
2026-08-28T09:34:10.297498180Z I0828 09:34:10.297434    1369 xla_compilation_cache.cc:113] XLA compilation cache fetch for computation 'jit_broadcast_in_dim' (key d23cb45776f65df2) took 253.80507ms: PERSISTENT_FETCH
2026-08-28T09:34:10.372809917Z I0828 09:34:10.372739     764 server_lib.cc:1855] Attempting to load component jit_run_compute_logits.5009576107440553069 @ 0 at worker after 638.475us (proto size 2461)
2026-08-28T09:34:10.800865171Z I0828 09:34:10.800786     761 server_lib.cc:1855] Attempting to load component jit_broadcast_in_dim.17152593400471990638 @ 0 at worker after 638.015us (proto size 2417)
2026-08-28T09:34:10.807938268Z I0828 09:34:10.807860    1369 tpu_chip_config.cc:367] Resolved chip config alias megachip_tccontrol->megacore for 2093c6a02, 
2026-08-28T09:34:10.809568935Z I0828 09:34:10.809498    1369 tpu_chip_config.cc:367] Resolved chip config alias megachip_tccontrol->megacore for 2093c6a02, 
2026-08-28T09:34:10.810577082Z I0828 09:34:10.810491    1369 xla_compilation_cache.cc:113] XLA compilation cache fetch for computation 'jit_run_compute_logits' (key a55bccbcf5ac7ec7) took 437.75824ms: PERSISTENT_FETCH
2026-08-28T09:34:11.022382950Z I0828 09:34:11.022294    1370 tpu_chip_config.cc:367] Resolved chip config alias megachip_tccontrol->megacore for 2093c6a02, 
2026-08-28T09:34:11.023879051Z I0828 09:34:11.023803    1370 tpu_chip_config.cc:367] Resolved chip config alias megachip_tccontrol->megacore for 2093c6a02, 
2026-08-28T09:34:11.024648215Z I0828 09:34:11.024584    1370 xla_compilation_cache.cc:113] XLA compilation cache fetch for computation 'jit_broadcast_in_dim' (key f5c720a1e4618ed) took 223.80393ms: PERSISTENT_FETCH
2026-08-28T09:34:11.086688808Z I0828 09:34:11.086585    1837 server_lib.cc:1855] Attempting to load component jit_run_compute_logits.10416149044182839403 @ 0 at worker after 643.17us (proto size 2462)
2026-08-28T09:34:11.514126605Z I0828 09:34:11.514055    1837 server_lib.cc:1855] Attempting to load component jit_broadcast_in_dim.17542282987440714362 @ 0 at worker after 613.672us (proto size 2418)
2026-08-28T09:34:11.546574454Z I0828 09:34:11.546490    1370 tpu_chip_config.cc:367] Resolved chip config alias megachip_tccontrol->megacore for 2093c6a02, 
2026-08-28T09:34:11.548155758Z I0828 09:34:11.548092    1370 tpu_chip_config.cc:367] Resolved chip config alias megachip_tccontrol->megacore for 2093c6a02, 
2026-08-28T09:34:11.549075740Z I0828 09:34:11.549015    1370 xla_compilation_cache.cc:113] XLA compilation cache fetch for computation 'jit_run_compute_logits' (key 25a30c04b4f9eed0) took 462.439503ms: PERSISTENT_FETCH
2026-08-28T09:34:11.739603317Z I0828 09:34:11.739537    1369 tpu_chip_config.cc:367] Resolved chip config alias megachip_tccontrol->megacore for 2093c6a02, 
2026-08-28T09:34:11.741118004Z I0828 09:34:11.741052    1369 tpu_chip_config.cc:367] Resolved chip config alias megachip_tccontrol->megacore for 2093c6a02, 
2026-08-28T09:34:11.741857524Z I0828 09:34:11.741804    1369 xla_compilation_cache.cc:113] XLA compilation cache fetch for computation 'jit_broadcast_in_dim' (key 2680f3a7c48a66e1) took 227.755744ms: PERSISTENT_FETCH
2026-08-28T09:34:11.810442409Z I0828 09:34:11.810354     790 server_lib.cc:1855] Attempting to load component jit_run_compute_logits.17152593400471992470 @ 0 at worker after 730.179us (proto size 2462)
2026-08-28T09:34:12.223874287Z I0828 09:34:12.223795     790 server_lib.cc:1855] Attempting to load component jit_broadcast_in_dim.17542282987440714210 @ 0 at worker after 638.84us (proto size 2419)
2026-08-28T09:34:12.243956579Z I0828 09:34:12.243881    1369 tpu_chip_config.cc:367] Resolved chip config alias megachip_tccontrol->megacore for 2093c6a02, 
2026-08-28T09:34:12.245564615Z I0828 09:34:12.245496    1369 tpu_chip_config.cc:367] Resolved chip config alias megachip_tccontrol->megacore for 2093c6a02, 
2026-08-28T09:34:12.246554696Z I0828 09:34:12.246495    1369 xla_compilation_cache.cc:113] XLA compilation cache fetch for computation 'jit_run_compute_logits' (key 115ef4c444ba6553) took 436.152166ms: PERSISTENT_FETCH
2026-08-28T09:34:12.488044450Z I0828 09:34:12.487955    1370 tpu_chip_config.cc:367] Resolved chip config alias megachip_tccontrol->megacore for 2093c6a02, 
2026-08-28T09:34:12.489514896Z I0828 09:34:12.489449    1370 tpu_chip_config.cc:367] Resolved chip config alias megachip_tccontrol->megacore for 2093c6a02, 
2026-08-28T09:34:12.490267929Z I0828 09:34:12.490193    1370 xla_compilation_cache.cc:113] XLA compilation cache fetch for computation 'jit_broadcast_in_dim' (key be2e6c56160dc4dd) took 266.407454ms: PERSISTENT_FETCH
2026-08-28T09:34:12.560090899Z I0828 09:34:12.560021     787 server_lib.cc:1855] Attempting to load component jit_run_compute_logits.17152593400471993049 @ 0 at worker after 683.986us (proto size 2464)
2026-08-28T09:34:12.974021277Z I0828 09:34:12.973927     761 server_lib.cc:1855] Attempting to load component jit_broadcast_in_dim.17542282987440715101 @ 0 at worker after 704.007us (proto size 2419)
2026-08-28T09:34:12.998694625Z I0828 09:34:12.998617    1370 tpu_chip_config.cc:367] Resolved chip config alias megachip_tccontrol->megacore for 2093c6a02, 
2026-08-28T09:34:13.000257023Z I0828 09:34:13.000186    1370 tpu_chip_config.cc:367] Resolved chip config alias megachip_tccontrol->megacore for 2093c6a02, 
2026-08-28T09:34:13.001167048Z I0828 09:34:13.001105    1370 xla_compilation_cache.cc:113] XLA compilation cache fetch for computation 'jit_run_compute_logits' (key 51b731d5baa91e31) took 441.091788ms: PERSISTENT_FETCH
2026-08-28T09:34:13.201013291Z I0828 09:34:13.200940    1369 tpu_chip_config.cc:367] Resolved chip config alias megachip_tccontrol->megacore for 2093c6a02, 
2026-08-28T09:34:13.202467694Z I0828 09:34:13.202398    1369 tpu_chip_config.cc:367] Resolved chip config alias megachip_tccontrol->megacore for 2093c6a02, 
2026-08-28T09:34:13.203222865Z I0828 09:34:13.203162    1369 xla_compilation_cache.cc:113] XLA compilation cache fetch for computation 'jit_broadcast_in_dim' (key efaacb8a8a79f3d9) took 229.241743ms: PERSISTENT_FETCH
2026-08-28T09:34:13.275350377Z I0828 09:34:13.275260    1837 server_lib.cc:1855] Attempting to load component jit_run_compute_logits.12553407529559188451 @ 0 at worker after 660.897us (proto size 2464)
2026-08-28T09:34:13.704294003Z I0828 09:34:13.704199    1369 tpu_chip_config.cc:367] Resolved chip config alias megachip_tccontrol->megacore for 2093c6a02, 
2026-08-28T09:34:13.705843426Z I0828 09:34:13.705763    1369 tpu_chip_config.cc:367] Resolved chip config alias megachip_tccontrol->megacore for 2093c6a02, 
2026-08-28T09:34:13.706867030Z I0828 09:34:13.706805    1369 xla_compilation_cache.cc:113] XLA compilation cache fetch for computation 'jit_run_compute_logits' (key 2892647c9ce8fb7e) took 431.55432ms: PERSISTENT_FETCH
2026-08-28T09:34:13.738849764Z I0828 09:34:13.738776     761 server_lib.cc:1855] Attempting to load component jit_broadcast_in_dim.5009576107440550803 @ 0 at worker after 714.442us (proto size 2413)
2026-08-28T09:34:13.963507575Z I0828 09:34:13.963420    1369 tpu_chip_config.cc:367] Resolved chip config alias megachip_tccontrol->megacore for 2093c6a02, 
2026-08-28T09:34:13.964967647Z I0828 09:34:13.964895    1369 tpu_chip_config.cc:367] Resolved chip config alias megachip_tccontrol->megacore for 2093c6a02, 
2026-08-28T09:34:13.965710079Z I0828 09:34:13.965642    1369 xla_compilation_cache.cc:113] XLA compilation cache fetch for computation 'jit_broadcast_in_dim' (key 33d20e3981d5a07f) took 226.873732ms: PERSISTENT_FETCH
2026-08-28T09:34:13.980774108Z I0828 09:34:13.980699     772 server_lib.cc:1855] Attempting to load component jit_convert_element_type.17152593400471992375 @ 0 at worker after 608.881us (proto size 2413)
2026-08-28T09:34:14.199361664Z I0828 09:34:14.199269     790 server_lib.cc:1855] Attempting to load component jit_broadcast_in_dim.12553407529559188203 @ 0 at worker after 588.183us (proto size 2414)
2026-08-28T09:34:14.228082800Z I0828 09:34:14.228004    1369 tpu_chip_config.cc:367] Resolved chip config alias megachip_tccontrol->megacore for 2093c6a02, 
2026-08-28T09:34:14.229495513Z I0828 09:34:14.229429    1369 tpu_chip_config.cc:367] Resolved chip config alias megachip_tccontrol->megacore for 2093c6a02, 
2026-08-28T09:34:14.230265580Z I0828 09:34:14.230200    1369 xla_compilation_cache.cc:113] XLA compilation cache fetch for computation 'jit_convert_element_type' (key d5c00e6d22718312) took 249.509055ms: PERSISTENT_FETCH
2026-08-28T09:34:14.408650675Z I0828 09:34:14.408572    1370 tpu_chip_config.cc:367] Resolved chip config alias megachip_tccontrol->megacore for 2093c6a02, 
2026-08-28T09:34:14.410112168Z I0828 09:34:14.410043    1370 tpu_chip_config.cc:367] Resolved chip config alias megachip_tccontrol->megacore for 2093c6a02, 
2026-08-28T09:34:14.410852585Z I0828 09:34:14.410794    1370 xla_compilation_cache.cc:113] XLA compilation cache fetch for computation 'jit_broadcast_in_dim' (key f1247465310c37c8) took 211.536619ms: PERSISTENT_FETCH
2026-08-28T09:34:14.447934434Z I0828 09:34:14.447860     772 server_lib.cc:1855] Attempting to load component jit_broadcast_in_dim.5009576107440551892 @ 0 at worker after 638.667us (proto size 2413)
2026-08-28T09:34:14.671326971Z I0828 09:34:14.671249    1370 tpu_chip_config.cc:367] Resolved chip config alias megachip_tccontrol->megacore for 2093c6a02, 
2026-08-28T09:34:14.672799168Z I0828 09:34:14.672736    1370 tpu_chip_config.cc:367] Resolved chip config alias megachip_tccontrol->megacore for 2093c6a02, 
2026-08-28T09:34:14.673548826Z I0828 09:34:14.673460    1370 xla_compilation_cache.cc:113] XLA compilation cache fetch for computation 'jit_broadcast_in_dim' (key 224c2b3535d0e44d) took 225.606517ms: PERSISTENT_FETCH
2026-08-28T09:34:14.710749272Z I0828 09:34:14.710665     780 server_lib.cc:1855] Attempting to load component jit_broadcast_in_dim.12553407529559190500 @ 0 at worker after 691.215us (proto size 2413)
2026-08-28T09:34:14.952418595Z I0828 09:34:14.952333    1370 tpu_chip_config.cc:367] Resolved chip config alias megachip_tccontrol->megacore for 2093c6a02, 
2026-08-28T09:34:14.953887697Z I0828 09:34:14.953821    1370 tpu_chip_config.cc:367] Resolved chip config alias megachip_tccontrol->megacore for 2093c6a02, 
2026-08-28T09:34:14.954630654Z I0828 09:34:14.954572    1370 xla_compilation_cache.cc:113] XLA compilation cache fetch for computation 'jit_broadcast_in_dim' (key e191c21e547053b) took 243.915477ms: PERSISTENT_FETCH
2026-08-28T09:34:14.985830677Z I0828 09:34:14.985761     787 server_lib.cc:1855] Attempting to load component jit_broadcast_in_dim.10416149044182839472 @ 0 at worker after 677.971us (proto size 2414)
2026-08-28T09:34:15.231045772Z I0828 09:34:15.230944    1370 tpu_chip_config.cc:367] Resolved chip config alias megachip_tccontrol->megacore for 2093c6a02, 
2026-08-28T09:34:15.232488218Z I0828 09:34:15.232425    1370 tpu_chip_config.cc:367] Resolved chip config alias megachip_tccontrol->megacore for 2093c6a02, 
2026-08-28T09:34:15.233246356Z I0828 09:34:15.233194    1370 xla_compilation_cache.cc:113] XLA compilation cache fetch for computation 'jit_broadcast_in_dim' (key e25497f62a106efa) took 247.441031ms: PERSISTENT_FETCH
2026-08-28T09:34:15.293151721Z I0828 09:34:15.293090     772 server_lib.cc:1855] Attempting to load component jit_broadcast_in_dim.12553407529559187522 @ 0 at worker after 683.579us (proto size 2415)
2026-08-28T09:34:15.497045619Z I0828 09:34:15.496976    1370 tpu_chip_config.cc:367] Resolved chip config alias megachip_tccontrol->megacore for 2093c6a02, 
2026-08-28T09:34:15.498496086Z I0828 09:34:15.498435    1370 tpu_chip_config.cc:367] Resolved chip config alias megachip_tccontrol->megacore for 2093c6a02, 
2026-08-28T09:34:15.499226949Z I0828 09:34:15.499173    1370 xla_compilation_cache.cc:113] XLA compilation cache fetch for computation 'jit_broadcast_in_dim' (key 3d54611d484f0764) took 206.089523ms: PERSISTENT_FETCH
2026-08-28T09:34:15.542965893Z I0828 09:34:15.542872     780 server_lib.cc:1855] Attempting to load component jit_broadcast_in_dim.5009576107440553329 @ 0 at worker after 642.882us (proto size 2413)
2026-08-28T09:34:15.764173512Z I0828 09:34:15.764085    1370 tpu_chip_config.cc:367] Resolved chip config alias megachip_tccontrol->megacore for 2093c6a02, 
2026-08-28T09:34:15.765695699Z I0828 09:34:15.765637    1370 tpu_chip_config.cc:367] Resolved chip config alias megachip_tccontrol->megacore for 2093c6a02, 
2026-08-28T09:34:15.766461114Z I0828 09:34:15.766408    1370 xla_compilation_cache.cc:113] XLA compilation cache fetch for computation 'jit_broadcast_in_dim' (key 39860bbd69c3e39) took 223.54476ms: PERSISTENT_FETCH
2026-08-28T09:34:15.834090635Z I0828 09:34:15.833997    1837 server_lib.cc:1855] Attempting to load component jit__split_rngs.17542282987440715688 @ 0 at worker after 714.563us (proto size 2447)
2026-08-28T09:34:16.150900857Z I0828 09:34:16.150818    1370 tpu_chip_config.cc:367] Resolved chip config alias megachip_tccontrol->megacore for 2093c6a02, 
2026-08-28T09:34:16.152382577Z I0828 09:34:16.152323    1370 tpu_chip_config.cc:367] Resolved chip config alias megachip_tccontrol->megacore for 2093c6a02, 
2026-08-28T09:34:16.153929273Z I0828 09:34:16.153871    1370 xla_compilation_cache.cc:113] XLA compilation cache fetch for computation 'jit__split_rngs' (key b77cd1a483527ab1) took 319.881582ms: PERSISTENT_FETCH
2026-08-28T09:34:23.598863925Z I0828 09:34:23.598724     772 server_lib.cc:1855] Attempting to load component jit__decode_core.17152593400471991416 @ 0 at worker after 1.754223ms (proto size 15147)
2026-08-28T09:34:30.504069351Z I0828 09:34:30.503939    1370 tpu_chip_config.cc:367] Resolved chip config alias megachip_tccontrol->megacore for 2093c6a02, 
2026-08-28T09:34:30.512252358Z I0828 09:34:30.512186    1370 tpu_chip_config.cc:367] Resolved chip config alias megachip_tccontrol->megacore for 2093c6a02, 
2026-08-28T09:34:30.538856663Z I0828 09:34:30.538758    1370 xla_compilation_cache.cc:113] XLA compilation cache fetch for computation 'jit__decode_core' (key 53da520dd4010899) took 6.940047509s: PERSISTENT_FETCH
2026-08-28T09:34:38.291935568Z I0828 09:34:38.291786     772 server_lib.cc:1855] Attempting to load component jit__decode_core.17542282987440716655 @ 0 at worker after 1.932126ms (proto size 15147)
2026-08-28T09:34:45.310656033Z I0828 09:34:45.310502    1370 tpu_chip_config.cc:367] Resolved chip config alias megachip_tccontrol->megacore for 2093c6a02, 
2026-08-28T09:34:45.319357454Z I0828 09:34:45.319268    1370 tpu_chip_config.cc:367] Resolved chip config alias megachip_tccontrol->megacore for 2093c6a02, 
2026-08-28T09:34:45.343130942Z I0828 09:34:45.343035    1370 xla_compilation_cache.cc:113] XLA compilation cache fetch for computation 'jit__decode_core' (key 47d9617a59f34c85) took 7.051262583s: PERSISTENT_FETCH
2026-08-28T09:34:53.413022396Z I0828 09:34:53.412840     772 server_lib.cc:1855] Attempting to load component jit__decode_core.17152593400471991079 @ 0 at worker after 1.716889ms (proto size 15147)
2026-08-28T09:35:00.964593259Z I0828 09:35:00.964478    1370 tpu_chip_config.cc:367] Resolved chip config alias megachip_tccontrol->megacore for 2093c6a02, 
2026-08-28T09:35:00.972865503Z I0828 09:35:00.972802    1370 tpu_chip_config.cc:367] Resolved chip config alias megachip_tccontrol->megacore for 2093c6a02, 
2026-08-28T09:35:01.000548185Z I0828 09:35:01.000477    1370 xla_compilation_cache.cc:113] XLA compilation cache fetch for computation 'jit__decode_core' (key 7aa80b51fc7ba33e) took 7.587652759s: PERSISTENT_FETCH
2026-08-28T09:35:07.789388461Z I0828 09:35:07.789256     772 server_lib.cc:1855] Attempting to load component jit__decode_core.17542282987440717622 @ 0 at worker after 1.726082ms (proto size 15147)
2026-08-28T09:35:15.634857074Z I0828 09:35:15.634725    1370 tpu_chip_config.cc:367] Resolved chip config alias megachip_tccontrol->megacore for 2093c6a02, 
2026-08-28T09:35:15.644015545Z I0828 09:35:15.643944    1370 tpu_chip_config.cc:367] Resolved chip config alias megachip_tccontrol->megacore for 2093c6a02, 
2026-08-28T09:35:15.671536593Z I0828 09:35:15.671450    1370 xla_compilation_cache.cc:113] XLA compilation cache fetch for computation 'jit__decode_core' (key 24d57a871af18fd5) took 7.882207853s: PERSISTENT_FETCH
2026-08-28T09:35:23.666982454Z I0828 09:35:23.666853     787 server_lib.cc:1855] Attempting to load component jit__decode_core.17152593400471990742 @ 0 at worker after 1.82513ms (proto size 15154)
2026-08-28T09:35:30.803283639Z I0828 09:35:30.803127    1370 tpu_chip_config.cc:367] Resolved chip config alias megachip_tccontrol->megacore for 2093c6a02, 
2026-08-28T09:35:30.812425016Z I0828 09:35:30.812352    1370 tpu_chip_config.cc:367] Resolved chip config alias megachip_tccontrol->megacore for 2093c6a02, 
2026-08-28T09:35:30.836819403Z I0828 09:35:30.836740    1370 xla_compilation_cache.cc:113] XLA compilation cache fetch for computation 'jit__decode_core' (key 7ac58d1fb66af697) took 7.169899579s: PERSISTENT_FETCH
2026-08-28T09:35:37.473469221Z I0828 09:35:37.473352     772 server_lib.cc:1855] Attempting to load component jit__decode_core.17542282987440714493 @ 0 at worker after 1.756827ms (proto size 15154)
2026-08-28T09:35:45.236578406Z I0828 09:35:45.236358    1370 tpu_chip_config.cc:367] Resolved chip config alias megachip_tccontrol->megacore for 2093c6a02, 
2026-08-28T09:35:45.246908774Z I0828 09:35:45.246825    1370 tpu_chip_config.cc:367] Resolved chip config alias megachip_tccontrol->megacore for 2093c6a02, 
2026-08-28T09:35:45.271720277Z I0828 09:35:45.271636    1370 xla_compilation_cache.cc:113] XLA compilation cache fetch for computation 'jit__decode_core' (key c5c5e03eb9132b86) took 7.79829679s: PERSISTENT_FETCH
2026-08-28T09:35:47.441124146Z I0828 09:35:47.440974     764 server_lib.cc:1855] Attempting to load component jit_convert_element_type.17152593400471994164 @ 0 at worker after 1.250296ms (proto size 2443)
2026-08-28T09:35:47.692968705Z I0828 09:35:47.692882     764 server_lib.cc:1855] Attempting to load component jit_convert_element_type.17542282987440715384 @ 0 at worker after 818.686us (proto size 2433)
2026-08-28T09:35:47.710028167Z I0828 09:35:47.709957    1370 tpu_chip_config.cc:367] Resolved chip config alias megachip_tccontrol->megacore for 2093c6a02, 
2026-08-28T09:35:47.711767624Z I0828 09:35:47.711706    1370 tpu_chip_config.cc:367] Resolved chip config alias megachip_tccontrol->megacore for 2093c6a02, 
2026-08-28T09:35:47.712626060Z I0828 09:35:47.712570    1370 xla_compilation_cache.cc:113] XLA compilation cache fetch for computation 'jit_convert_element_type' (key a3198de69802f198) took 271.608753ms: PERSISTENT_FETCH
2026-08-28T09:35:47.899376221Z I0828 09:35:47.899295     764 server_lib.cc:1855] Attempting to load component jit_convert_element_type.17152593400471993827 @ 0 at worker after 769.13us (proto size 2433)
2026-08-28T09:35:47.923816535Z I0828 09:35:47.923752    1369 tpu_chip_config.cc:367] Resolved chip config alias megachip_tccontrol->megacore for 2093c6a02, 
2026-08-28T09:35:47.925406861Z I0828 09:35:47.925348    1369 tpu_chip_config.cc:367] Resolved chip config alias megachip_tccontrol->megacore for 2093c6a02, 
2026-08-28T09:35:47.926237719Z I0828 09:35:47.926184    1369 xla_compilation_cache.cc:113] XLA compilation cache fetch for computation 'jit_convert_element_type' (key 8391fcf61242972d) took 233.310523ms: PERSISTENT_FETCH
2026-08-28T09:35:48.132331713Z I0828 09:35:48.132272     764 server_lib.cc:1855] Attempting to load component jit_convert_element_type.17542282987440716351 @ 0 at worker after 666.325us (proto size 2446)
2026-08-28T09:35:48.151615045Z I0828 09:35:48.151551    1370 tpu_chip_config.cc:367] Resolved chip config alias megachip_tccontrol->megacore for 2093c6a02, 
2026-08-28T09:35:48.153102103Z I0828 09:35:48.153051    1370 tpu_chip_config.cc:367] Resolved chip config alias megachip_tccontrol->megacore for 2093c6a02, 
2026-08-28T09:35:48.153869324Z I0828 09:35:48.153813    1370 xla_compilation_cache.cc:113] XLA compilation cache fetch for computation 'jit_convert_element_type' (key 8d23742eb7ebcdab) took 254.524412ms: PERSISTENT_FETCH
2026-08-28T09:35:48.380754903Z I0828 09:35:48.380695     764 server_lib.cc:1855] Attempting to load component jit_convert_element_type.17152593400471993490 @ 0 at worker after 678.263us (proto size 2447)
2026-08-28T09:35:48.399741140Z I0828 09:35:48.399677    1369 tpu_chip_config.cc:367] Resolved chip config alias megachip_tccontrol->megacore for 2093c6a02, 
2026-08-28T09:35:48.401218987Z I0828 09:35:48.401164    1369 tpu_chip_config.cc:367] Resolved chip config alias megachip_tccontrol->megacore for 2093c6a02, 
2026-08-28T09:35:48.401978350Z I0828 09:35:48.401926    1369 xla_compilation_cache.cc:113] XLA compilation cache fetch for computation 'jit_convert_element_type' (key 6293690a77289c3) took 269.661291ms: PERSISTENT_FETCH
2026-08-28T09:35:48.607754858Z I0828 09:35:48.607655     780 server_lib.cc:1855] Attempting to load component jit_convert_element_type.17542282987440717318 @ 0 at worker after 749.199us (proto size 2447)
2026-08-28T09:35:48.629009333Z I0828 09:35:48.628937    1370 tpu_chip_config.cc:367] Resolved chip config alias megachip_tccontrol->megacore for 2093c6a02, 
2026-08-28T09:35:48.630458819Z I0828 09:35:48.630401    1370 tpu_chip_config.cc:367] Resolved chip config alias megachip_tccontrol->megacore for 2093c6a02, 
2026-08-28T09:35:48.631198221Z I0828 09:35:48.631149    1370 xla_compilation_cache.cc:113] XLA compilation cache fetch for computation 'jit_convert_element_type' (key 345cb12078fdc08c) took 250.459927ms: PERSISTENT_FETCH
2026-08-28T09:35:48.825548596Z I0828 09:35:48.825466     764 server_lib.cc:1855] Attempting to load component jit_convert_element_type.17152593400471993153 @ 0 at worker after 636.843us (proto size 2441)
2026-08-28T09:35:48.839935973Z I0828 09:35:48.839874    1369 tpu_chip_config.cc:367] Resolved chip config alias megachip_tccontrol->megacore for 2093c6a02, 
2026-08-28T09:35:48.841364373Z I0828 09:35:48.841303    1369 tpu_chip_config.cc:367] Resolved chip config alias megachip_tccontrol->megacore for 2093c6a02, 
2026-08-28T09:35:48.842097760Z I0828 09:35:48.842044    1369 xla_compilation_cache.cc:113] XLA compilation cache fetch for computation 'jit_convert_element_type' (key 60a864adbb879c50) took 234.39979ms: PERSISTENT_FETCH
2026-08-28T09:35:49.049618272Z I0828 09:35:49.049552     764 server_lib.cc:1855] Attempting to load component jit_convert_element_type.17542282987440714189 @ 0 at worker after 614.098us (proto size 2441)
2026-08-28T09:35:49.067636148Z I0828 09:35:49.067576    1370 tpu_chip_config.cc:367] Resolved chip config alias megachip_tccontrol->megacore for 2093c6a02, 
2026-08-28T09:35:49.069071502Z I0828 09:35:49.069022    1370 tpu_chip_config.cc:367] Resolved chip config alias megachip_tccontrol->megacore for 2093c6a02, 
2026-08-28T09:35:49.069837620Z I0828 09:35:49.069780    1370 xla_compilation_cache.cc:113] XLA compilation cache fetch for computation 'jit_convert_element_type' (key 92a4a75033dd804c) took 244.32098ms: PERSISTENT_FETCH
2026-08-28T09:35:49.289440958Z I0828 09:35:49.289373    1369 tpu_chip_config.cc:367] Resolved chip config alias megachip_tccontrol->megacore for 2093c6a02, 
2026-08-28T09:35:49.290927270Z I0828 09:35:49.290854    1369 tpu_chip_config.cc:367] Resolved chip config alias megachip_tccontrol->megacore for 2093c6a02, 
2026-08-28T09:35:49.291691181Z I0828 09:35:49.291633    1369 xla_compilation_cache.cc:113] XLA compilation cache fetch for computation 'jit_convert_element_type' (key c6fd9be301d69957) took 242.121113ms: PERSISTENT_FETCH
2026-08-28T09:35:49.303129900Z W0828 09:35:49.303019    1506 tpu_pjrt_client.cc:2349] PjRt execution dispatch was blocked for 7.699213ms because PjRt's max in-flight computation semaphore is full (limit: 32), which may negatively affect the performance
2026-08-28T09:35:49.350685026Z I0828 09:35:49.350621     784 server_lib.cc:1855] Attempting to load component jit_convert_element_type.17152593400471992816 @ 0 at worker after 778.366us (proto size 2443)
2026-08-28T09:35:49.576699258Z I0828 09:35:49.576613    1369 tpu_chip_config.cc:367] Resolved chip config alias megachip_tccontrol->megacore for 2093c6a02, 
2026-08-28T09:35:49.578352554Z I0828 09:35:49.578294    1369 tpu_chip_config.cc:367] Resolved chip config alias megachip_tccontrol->megacore for 2093c6a02, 
2026-08-28T09:35:49.579153076Z I0828 09:35:49.579101    1369 xla_compilation_cache.cc:113] XLA compilation cache fetch for computation 'jit_convert_element_type' (key 8a4e0f344c48903f) took 228.489844ms: PERSISTENT_FETCH
2026-08-28T09:35:49.611144288Z I0828 09:35:49.611050     780 server_lib.cc:1855] Attempting to load component pre_reshard_9181198066278140929.1.17542282987440715156 @ 0 at worker after 882.381us (proto size 2461)
2026-08-28T09:35:49.910515188Z I0828 09:35:49.910425    1369 tpu_chip_config.cc:367] Resolved chip config alias megachip_tccontrol->megacore for 2093c6a02, 
2026-08-28T09:35:49.912063888Z I0828 09:35:49.912007    1369 tpu_chip_config.cc:367] Resolved chip config alias megachip_tccontrol->megacore for 2093c6a02, 
2026-08-28T09:35:49.912859439Z I0828 09:35:49.912809    1369 xla_compilation_cache.cc:113] XLA compilation cache fetch for computation 'pre_reshard_9181198066278140929.1' (key 688b8ce706c45beb) took 301.770077ms: PERSISTENT_FETCH
2026-08-28T09:35:50.538262610Z I0828 09:35:50.538150     790 xla_compilation_cache.cc:113] XLA compilation cache fetch for computation 'jit__allocate' (key 44c937081d7ee1dc) took 2.6us: IN_MEMORY_HIT
2026-08-28T09:35:50.538291424Z I0828 09:35:50.538175     790 server_lib.cc:1855] Attempting to load component jit__allocate.17152593400471992479 @ 0 at worker after 1.152799ms (proto size 2405)
2026-08-28T09:35:52.059417631Z I0828 09:35:52.059323     822 worker_op_dispatcher.cc:4605] Component is not loaded yet; deferring unload until load completes: jit__allocate.17152593400471992479 @ 0
2026-08-28T09:35:52.059492407Z I0828 09:35:52.059387    1561 server_lib.cc:743] Unloading component jit__allocate.17152593400471992479 @ 0 at worker
2026-08-28T09:36:05.568266591Z I0828 09:36:05.568123    3091 server_lib.cc:1855] Attempting to load component jit_split.17152593400471992379 @ 0 at worker after 715.294us (proto size 2487)
2026-08-28T09:36:06.118836189Z I0828 09:36:06.118746    1369 tpu_chip_config.cc:367] Resolved chip config alias megachip_tccontrol->megacore for 2093c6a02, 
2026-08-28T09:36:06.121331023Z I0828 09:36:06.121278    1369 tpu_chip_config.cc:367] Resolved chip config alias megachip_tccontrol->megacore for 2093c6a02, 
2026-08-28T09:36:06.123666653Z I0828 09:36:06.123608    1369 xla_compilation_cache.cc:113] XLA compilation cache fetch for computation 'jit_split' (key 58ab69a219ee1180) took 555.496253ms: PERSISTENT_FETCH
2026-08-28T09:36:16.254471992Z I0828 09:36:16.254373    3087 server_lib.cc:1855] Attempting to load component jit__threefry_split.17152593400471990452 @ 0 at worker after 803.463us (proto size 2424)
2026-08-28T09:36:16.572632168Z I0828 09:36:16.572556    3080 server_lib.cc:1855] Attempting to load component jit_unstack.10416149044182842168 @ 0 at worker after 729.429us (proto size 2428)
2026-08-28T09:36:16.598254336Z I0828 09:36:16.598143    1369 tpu_chip_config.cc:367] Resolved chip config alias megachip_tccontrol->megacore for 2093c6a02, 
2026-08-28T09:36:16.600047353Z I0828 09:36:16.599984    1369 tpu_chip_config.cc:367] Resolved chip config alias megachip_tccontrol->megacore for 2093c6a02, 
2026-08-28T09:36:16.601733392Z I0828 09:36:16.601675    1369 xla_compilation_cache.cc:113] XLA compilation cache fetch for computation 'jit__threefry_split' (key ffae4053d9288eaf) took 347.316684ms: PERSISTENT_FETCH
2026-08-28T09:36:16.807430920Z I0828 09:36:16.807335    3088 server_lib.cc:1855] Attempting to load component jit_convert_element_type.17152593400471994211 @ 0 at worker after 714.164us (proto size 2441)
2026-08-28T09:36:16.829827007Z I0828 09:36:16.829759    1370 tpu_chip_config.cc:367] Resolved chip config alias megachip_tccontrol->megacore for 2093c6a02, 
2026-08-28T09:36:16.831376491Z I0828 09:36:16.831319    1370 tpu_chip_config.cc:367] Resolved chip config alias megachip_tccontrol->megacore for 2093c6a02, 
2026-08-28T09:36:16.832282437Z I0828 09:36:16.832228    1370 xla_compilation_cache.cc:113] XLA compilation cache fetch for computation 'jit_unstack' (key f4cb232f5cc0a2c9) took 259.68093ms: PERSISTENT_FETCH
2026-08-28T09:36:17.036326199Z I0828 09:36:17.036262    1369 tpu_chip_config.cc:367] Resolved chip config alias megachip_tccontrol->megacore for 2093c6a02, 
2026-08-28T09:36:17.037822482Z I0828 09:36:17.037766    1369 tpu_chip_config.cc:367] Resolved chip config alias megachip_tccontrol->megacore for 2093c6a02, 
2026-08-28T09:36:17.038580578Z I0828 09:36:17.038513    1369 xla_compilation_cache.cc:113] XLA compilation cache fetch for computation 'jit_convert_element_type' (key c666958a8729ef94) took 231.187454ms: PERSISTENT_FETCH
2026-08-28T09:36:17.208938092Z I0828 09:36:17.208834    3091 server_lib.cc:1855] Attempting to load component jit__canon_fused_decode_logprob_chunk.17152593400471993874 @ 0 at worker after 875.956us (proto size 2528)
2026-08-28T09:36:18.747752259Z I0828 09:36:18.747639    1369 tpu_chip_config.cc:367] Resolved chip config alias megachip_tccontrol->megacore for 2093c6a02, 
2026-08-28T09:36:18.749921915Z I0828 09:36:18.749841    1369 tpu_chip_config.cc:367] Resolved chip config alias megachip_tccontrol->megacore for 2093c6a02, 
2026-08-28T09:36:18.751891768Z I0828 09:36:18.751835    1369 xla_compilation_cache.cc:113] XLA compilation cache fetch for computation 'jit__canon_fused_decode_logprob_chunk' (key bcab894a92d4ff5) took 1.543010038s: PERSISTENT_FETCH
2026-08-28T09:36:19.816278615Z I0828 09:36:19.816144    3074 server_lib.cc:1855] Attempting to load component jit_split.3658920302745355048 @ 0 at worker after 686.145us (proto size 2486)
2026-08-28T09:36:20.325348781Z I0828 09:36:20.325249    1369 tpu_chip_config.cc:367] Resolved chip config alias megachip_tccontrol->megacore for 2093c6a02, 
2026-08-28T09:36:20.327362454Z I0828 09:36:20.327277    1369 tpu_chip_config.cc:367] Resolved chip config alias megachip_tccontrol->megacore for 2093c6a02, 
2026-08-28T09:36:20.329436970Z I0828 09:36:20.329377    1369 xla_compilation_cache.cc:113] XLA compilation cache fetch for computation 'jit_split' (key b35a7658f3892690) took 513.242365ms: PERSISTENT_FETCH
2026-08-28T09:36:20.389471591Z I0828 09:36:20.389380    3113 server_lib.cc:1855] Attempting to load component jit_convert_element_type.12553407529559189075 @ 0 at worker after 623.75us (proto size 2441)
2026-08-28T09:36:20.657454073Z I0828 09:36:20.657365    1369 tpu_chip_config.cc:367] Resolved chip config alias megachip_tccontrol->megacore for 2093c6a02, 
2026-08-28T09:36:20.658963877Z I0828 09:36:20.658895    1369 tpu_chip_config.cc:367] Resolved chip config alias megachip_tccontrol->megacore for 2093c6a02, 
2026-08-28T09:36:20.659723691Z I0828 09:36:20.659657    1369 xla_compilation_cache.cc:113] XLA compilation cache fetch for computation 'jit_convert_element_type' (key faae9e66f41c4daf) took 270.286068ms: PERSISTENT_FETCH
2026-08-28T09:36:20.773750460Z I0828 09:36:20.773652    3091 server_lib.cc:1855] Attempting to load component jit__canon_fused_decode_logprob_chunk.12553407529559190006 @ 0 at worker after 802.547us (proto size 2529)
2026-08-28T09:36:22.466151360Z I0828 09:36:22.466043    1369 tpu_chip_config.cc:367] Resolved chip config alias megachip_tccontrol->megacore for 2093c6a02, 
2026-08-28T09:36:22.468465951Z I0828 09:36:22.468382    1369 tpu_chip_config.cc:367] Resolved chip config alias megachip_tccontrol->megacore for 2093c6a02, 
2026-08-28T09:36:22.470379262Z I0828 09:36:22.470306    1369 xla_compilation_cache.cc:113] XLA compilation cache fetch for computation 'jit__canon_fused_decode_logprob_chunk' (key 26a88f9659c39689) took 1.696661576s: PERSISTENT_FETCH
2026-08-28T09:36:23.493801116Z I0828 09:36:23.493670    3074 server_lib.cc:1855] Attempting to load component jit_split.6774095956947437426 @ 0 at worker after 737.693us (proto size 2486)
2026-08-28T09:36:24.017706689Z I0828 09:36:24.017616    1369 tpu_chip_config.cc:367] Resolved chip config alias megachip_tccontrol->megacore for 2093c6a02, 
2026-08-28T09:36:24.019714933Z I0828 09:36:24.019653    1369 tpu_chip_config.cc:367] Resolved chip config alias megachip_tccontrol->megacore for 2093c6a02, 
2026-08-28T09:36:24.021488929Z I0828 09:36:24.021425    1369 xla_compilation_cache.cc:113] XLA compilation cache fetch for computation 'jit_split' (key 4e0e435c16749359) took 527.764728ms: PERSISTENT_FETCH
2026-08-28T09:36:24.077216623Z I0828 09:36:24.077114    3088 server_lib.cc:1855] Attempting to load component jit_convert_element_type.3658920302745357177 @ 0 at worker after 702.944us (proto size 2440)
2026-08-28T09:36:24.320843796Z I0828 09:36:24.320767    1369 tpu_chip_config.cc:367] Resolved chip config alias megachip_tccontrol->megacore for 2093c6a02, 
2026-08-28T09:36:24.322306040Z I0828 09:36:24.322252    1369 tpu_chip_config.cc:367] Resolved chip config alias megachip_tccontrol->megacore for 2093c6a02, 
2026-08-28T09:36:24.323037995Z I0828 09:36:24.322981    1369 xla_compilation_cache.cc:113] XLA compilation cache fetch for computation 'jit_convert_element_type' (key c108b861a3561349) took 245.877892ms: PERSISTENT_FETCH
2026-08-28T09:36:24.433956972Z I0828 09:36:24.433866    3146 server_lib.cc:1855] Attempting to load component jit__canon_fused_decode_logprob_chunk.3658920302745356754 @ 0 at worker after 713.997us (proto size 2528)
2026-08-28T09:36:25.403229588Z I0828 09:36:25.403115    1369 tpu_chip_config.cc:367] Resolved chip config alias megachip_tccontrol->megacore for 2093c6a02, 
2026-08-28T09:36:25.405182787Z I0828 09:36:25.405131    1369 tpu_chip_config.cc:367] Resolved chip config alias megachip_tccontrol->megacore for 2093c6a02, 
2026-08-28T09:36:25.407440342Z I0828 09:36:25.407381    1369 xla_compilation_cache.cc:113] XLA compilation cache fetch for computation 'jit__canon_fused_decode_logprob_chunk' (key 621e2c2b1a201d48) took 973.523666ms: PERSISTENT_FETCH
2026-08-28T09:36:27.759687822Z I0828 09:36:27.759508    3146 server_lib.cc:1855] Attempting to load component jit_split.11021083957486997855 @ 0 at worker after 725.381us (proto size 2487)
2026-08-28T09:36:28.251479130Z I0828 09:36:28.251380    1369 tpu_chip_config.cc:367] Resolved chip config alias megachip_tccontrol->megacore for 2093c6a02, 
2026-08-28T09:36:28.253414784Z I0828 09:36:28.253352    1369 tpu_chip_config.cc:367] Resolved chip config alias megachip_tccontrol->megacore for 2093c6a02, 
2026-08-28T09:36:28.255429704Z I0828 09:36:28.255369    1369 xla_compilation_cache.cc:113] XLA compilation cache fetch for computation 'jit_split' (key 4e04eb4bfadb2aeb) took 495.870525ms: PERSISTENT_FETCH
2026-08-28T09:36:28.306897371Z I0828 09:36:28.306794    3088 server_lib.cc:1855] Attempting to load component jit_convert_element_type.15057772157263884393 @ 0 at worker after 698.325us (proto size 2441)
2026-08-28T09:36:28.542263340Z I0828 09:36:28.542189    1369 tpu_chip_config.cc:367] Resolved chip config alias megachip_tccontrol->megacore for 2093c6a02, 
2026-08-28T09:36:28.543784840Z I0828 09:36:28.543724    1369 tpu_chip_config.cc:367] Resolved chip config alias megachip_tccontrol->megacore for 2093c6a02, 
2026-08-28T09:36:28.544498068Z I0828 09:36:28.544447    1369 xla_compilation_cache.cc:113] XLA compilation cache fetch for computation 'jit_convert_element_type' (key fddce002a431323b) took 237.663638ms: PERSISTENT_FETCH
2026-08-28T09:36:28.661990481Z I0828 09:36:28.661902    3079 server_lib.cc:1855] Attempting to load component jit__canon_fused_decode_logprob_chunk.15057772157263886952 @ 0 at worker after 746.936us (proto size 2529)
2026-08-28T09:36:29.575075358Z I0828 09:36:29.574957    1369 tpu_chip_config.cc:367] Resolved chip config alias megachip_tccontrol->megacore for 2093c6a02, 
2026-08-28T09:36:29.577060776Z I0828 09:36:29.577001    1369 tpu_chip_config.cc:367] Resolved chip config alias megachip_tccontrol->megacore for 2093c6a02, 
2026-08-28T09:36:29.578848427Z I0828 09:36:29.578787    1369 xla_compilation_cache.cc:113] XLA compilation cache fetch for computation 'jit__canon_fused_decode_logprob_chunk' (key d49cd61d7d874d5d) took 916.895295ms: PERSISTENT_FETCH
2026-08-28T09:36:34.569917139Z I0828 09:36:34.569746    3054 server_lib.cc:1855] Attempting to load component jit_split.2130004682616431815 @ 0 at worker after 763.203us (proto size 2487)
2026-08-28T09:36:35.068648638Z I0828 09:36:35.068555    1369 tpu_chip_config.cc:367] Resolved chip config alias megachip_tccontrol->megacore for 2093c6a02, 
2026-08-28T09:36:35.070576951Z I0828 09:36:35.070487    1369 tpu_chip_config.cc:367] Resolved chip config alias megachip_tccontrol->megacore for 2093c6a02, 
2026-08-28T09:36:35.072443707Z I0828 09:36:35.072381    1369 xla_compilation_cache.cc:113] XLA compilation cache fetch for computation 'jit_split' (key ef83e0dd3251fbac) took 502.645001ms: PERSISTENT_FETCH
2026-08-28T09:36:35.141064330Z I0828 09:36:35.140980    3121 server_lib.cc:1855] Attempting to load component jit_convert_element_type.17152593400471994125 @ 0 at worker after 700.095us (proto size 2441)
2026-08-28T09:36:35.386120881Z I0828 09:36:35.386047    1369 tpu_chip_config.cc:367] Resolved chip config alias megachip_tccontrol->megacore for 2093c6a02, 
2026-08-28T09:36:35.387618607Z I0828 09:36:35.387560    1369 tpu_chip_config.cc:367] Resolved chip config alias megachip_tccontrol->megacore for 2093c6a02, 
2026-08-28T09:36:35.388365296Z I0828 09:36:35.388313    1369 xla_compilation_cache.cc:113] XLA compilation cache fetch for computation 'jit_convert_element_type' (key 3991ecf5d3365c) took 247.375415ms: PERSISTENT_FETCH
2026-08-28T09:36:35.503510546Z I0828 09:36:35.503423    3079 server_lib.cc:1855] Attempting to load component jit__canon_fused_decode_logprob_chunk.17152593400471993788 @ 0 at worker after 673.444us (proto size 2534)
2026-08-28T09:36:36.505000312Z I0828 09:36:36.504920    1369 tpu_chip_config.cc:367] Resolved chip config alias megachip_tccontrol->megacore for 2093c6a02, 
2026-08-28T09:36:36.506923224Z I0828 09:36:36.506865    1369 tpu_chip_config.cc:367] Resolved chip config alias megachip_tccontrol->megacore for 2093c6a02, 
2026-08-28T09:36:36.508513180Z I0828 09:36:36.508445    1369 xla_compilation_cache.cc:113] XLA compilation cache fetch for computation 'jit__canon_fused_decode_logprob_chunk' (key e7d73fd91415f93a) took 1.005030947s: PERSISTENT_FETCH
2026-08-28T09:36:47.594431459Z I0828 09:36:47.594279    3087 server_lib.cc:1855] Attempting to load component jit_split.15057772157263885335 @ 0 at worker after 697.531us (proto size 2488)
2026-08-28T09:36:48.140476114Z I0828 09:36:48.140391    1369 tpu_chip_config.cc:367] Resolved chip config alias megachip_tccontrol->megacore for 2093c6a02, 
2026-08-28T09:36:48.142398102Z I0828 09:36:48.142345    1369 tpu_chip_config.cc:367] Resolved chip config alias megachip_tccontrol->megacore for 2093c6a02, 
2026-08-28T09:36:48.144273664Z I0828 09:36:48.144218    1369 xla_compilation_cache.cc:113] XLA compilation cache fetch for computation 'jit_split' (key 371900f49c821d60) took 549.953892ms: PERSISTENT_FETCH
2026-08-28T09:36:48.199170811Z I0828 09:36:48.199054    3091 server_lib.cc:1855] Attempting to load component jit_convert_element_type.11021083957486999539 @ 0 at worker after 768.521us (proto size 2443)
2026-08-28T09:36:48.459284315Z I0828 09:36:48.459219    1369 tpu_chip_config.cc:367] Resolved chip config alias megachip_tccontrol->megacore for 2093c6a02, 
2026-08-28T09:36:48.460822255Z I0828 09:36:48.460765    1369 tpu_chip_config.cc:367] Resolved chip config alias megachip_tccontrol->megacore for 2093c6a02, 
2026-08-28T09:36:48.461559848Z I0828 09:36:48.461510    1369 xla_compilation_cache.cc:113] XLA compilation cache fetch for computation 'jit_convert_element_type' (key 3656918424642386) took 262.467771ms: PERSISTENT_FETCH
2026-08-28T09:36:48.826423683Z I0828 09:36:48.826316    3087 server_lib.cc:1855] Attempting to load component jit__canon_fused_decode_logprob_chunk.11021083957486997776 @ 0 at worker after 802.698us (proto size 2534)
2026-08-28T09:36:49.428217725Z I0828 09:36:49.428126    1369 tpu_chip_config.cc:367] Resolved chip config alias megachip_tccontrol->megacore for 2093c6a02, 
2026-08-28T09:36:49.429973555Z I0828 09:36:49.429911    1369 tpu_chip_config.cc:367] Resolved chip config alias megachip_tccontrol->megacore for 2093c6a02, 
2026-08-28T09:36:49.431292358Z I0828 09:36:49.431237    1369 xla_compilation_cache.cc:113] XLA compilation cache fetch for computation 'jit__canon_fused_decode_logprob_chunk' (key 911931fecfb956a4) took 604.932013ms: PERSISTENT_FETCH
2026-08-28T09:39:15.163598796Z I0828 09:39:15.163420    3146 server_lib.cc:1855] Attempting to load component jit_split.5009576107440551840 @ 0 at worker after 691.119us (proto size 2485)
2026-08-28T09:39:15.623063364Z I0828 09:39:15.622985    3146 server_lib.cc:1855] Attempting to load component jit__compute_active_mask.5144510277878728605 @ 0 at worker after 641.071us (proto size 2430)
2026-08-28T09:39:15.644742619Z I0828 09:39:15.644628    1369 tpu_chip_config.cc:367] Resolved chip config alias megachip_tccontrol->megacore for 2093c6a02, 
2026-08-28T09:39:15.646585497Z I0828 09:39:15.646510    1369 tpu_chip_config.cc:367] Resolved chip config alias megachip_tccontrol->megacore for 2093c6a02, 
2026-08-28T09:39:15.648273172Z I0828 09:39:15.648220    1369 xla_compilation_cache.cc:113] XLA compilation cache fetch for computation 'jit_split' (key b6b4c93268755159) took 484.812397ms: PERSISTENT_FETCH
2026-08-28T09:39:15.871002061Z I0828 09:39:15.870916    1370 tpu_chip_config.cc:367] Resolved chip config alias megachip_tccontrol->megacore for 2093c6a02, 
2026-08-28T09:39:15.872540109Z I0828 09:39:15.872482    1370 tpu_chip_config.cc:367] Resolved chip config alias megachip_tccontrol->megacore for 2093c6a02, 
2026-08-28T09:39:15.873332425Z I0828 09:39:15.873279    1370 xla_compilation_cache.cc:113] XLA compilation cache fetch for computation 'jit__compute_active_mask' (key 37da09711dfca59f) took 250.301709ms: PERSISTENT_FETCH
2026-08-28T09:39:23.014817081Z I0828 09:39:23.014650    3087 server_lib.cc:1855] Attempting to load component jit__decode_core.5009576107440553365 @ 0 at worker after 2.046192ms (proto size 15281)
2026-08-28T09:39:31.884191008Z I0828 09:39:31.883825    1370 tpu_chip_config.cc:367] Resolved chip config alias megachip_tccontrol->megacore for 2093c6a02, 
2026-08-28T09:39:31.894103369Z I0828 09:39:31.894043    1370 tpu_chip_config.cc:367] Resolved chip config alias megachip_tccontrol->megacore for 2093c6a02, 
2026-08-28T09:39:31.924768198Z I0828 09:39:31.924689    1370 xla_compilation_cache.cc:113] XLA compilation cache fetch for computation 'jit__decode_core' (key 968f7b75894590e4) took 8.910055789s: PERSISTENT_FETCH
2026-08-28T09:39:42.486285024Z I0828 09:39:42.486125    3121 server_lib.cc:1855] Attempting to load component jit_split.3658920302745356692 @ 0 at worker after 737.415us (proto size 2485)
2026-08-28T09:39:42.948343551Z I0828 09:39:42.948261    3121 server_lib.cc:1855] Attempting to load component jit__compute_active_mask.10416149044182841698 @ 0 at worker after 657.684us (proto size 2431)
2026-08-28T09:39:42.974761718Z I0828 09:39:42.974674    1370 tpu_chip_config.cc:367] Resolved chip config alias megachip_tccontrol->megacore for 2093c6a02, 
2026-08-28T09:39:42.976685402Z I0828 09:39:42.976589    1370 tpu_chip_config.cc:367] Resolved chip config alias megachip_tccontrol->megacore for 2093c6a02, 
2026-08-28T09:39:42.978379033Z I0828 09:39:42.978307    1370 xla_compilation_cache.cc:113] XLA compilation cache fetch for computation 'jit_split' (key 696bf98d837307a6) took 492.19412ms: PERSISTENT_FETCH
2026-08-28T09:39:43.196630503Z I0828 09:39:43.196556    1369 tpu_chip_config.cc:367] Resolved chip config alias megachip_tccontrol->megacore for 2093c6a02, 
2026-08-28T09:39:43.198191974Z I0828 09:39:43.198135    1369 tpu_chip_config.cc:367] Resolved chip config alias megachip_tccontrol->megacore for 2093c6a02, 
2026-08-28T09:39:43.199066293Z I0828 09:39:43.199002    1369 xla_compilation_cache.cc:113] XLA compilation cache fetch for computation 'jit__compute_active_mask' (key eb42a768eec1b38a) took 250.750867ms: PERSISTENT_FETCH
2026-08-28T09:39:50.857898112Z I0828 09:39:50.857769    3121 server_lib.cc:1855] Attempting to load component jit__decode_core.3658920302745356128 @ 0 at worker after 1.863736ms (proto size 15281)
2026-08-28T09:39:59.169932848Z I0828 09:39:59.169798    1369 tpu_chip_config.cc:367] Resolved chip config alias megachip_tccontrol->megacore for 2093c6a02, 
2026-08-28T09:39:59.179268696Z I0828 09:39:59.179206    1369 tpu_chip_config.cc:367] Resolved chip config alias megachip_tccontrol->megacore for 2093c6a02, 
2026-08-28T09:39:59.207201047Z I0828 09:39:59.207125    1369 xla_compilation_cache.cc:113] XLA compilation cache fetch for computation 'jit__decode_core' (key 57c79631c57c9544) took 8.349368073s: PERSISTENT_FETCH
2026-08-28T09:40:06.567474783Z I0828 09:40:06.567325    3074 server_lib.cc:1855] Attempting to load component jit_split.11021083957486998799 @ 0 at worker after 685.845us (proto size 2486)
2026-08-28T09:40:07.003706349Z I0828 09:40:07.003576    3074 server_lib.cc:1855] Attempting to load component jit__compute_active_mask.6774095956947438990 @ 0 at worker after 630.8us (proto size 2430)
2026-08-28T09:40:07.018947245Z I0828 09:40:07.018848    1369 tpu_chip_config.cc:367] Resolved chip config alias megachip_tccontrol->megacore for 2093c6a02, 
2026-08-28T09:40:07.020844600Z I0828 09:40:07.020768    1369 tpu_chip_config.cc:367] Resolved chip config alias megachip_tccontrol->megacore for 2093c6a02, 
2026-08-28T09:40:07.022399083Z I0828 09:40:07.022329    1369 xla_compilation_cache.cc:113] XLA compilation cache fetch for computation 'jit_split' (key 81e06c65b6abc817) took 455.014434ms: PERSISTENT_FETCH
2026-08-28T09:40:07.259419361Z I0828 09:40:07.259345    1370 tpu_chip_config.cc:367] Resolved chip config alias megachip_tccontrol->megacore for 2093c6a02, 
2026-08-28T09:40:07.260988306Z I0828 09:40:07.260924    1370 tpu_chip_config.cc:367] Resolved chip config alias megachip_tccontrol->megacore for 2093c6a02, 
2026-08-28T09:40:07.261809439Z I0828 09:40:07.261747    1370 xla_compilation_cache.cc:113] XLA compilation cache fetch for computation 'jit__compute_active_mask' (key bcf448b2a6623cb1) took 258.179525ms: PERSISTENT_FETCH
2026-08-28T09:40:14.604275406Z I0828 09:40:14.604121    3062 server_lib.cc:1855] Attempting to load component jit__decode_core.11021083957486999179 @ 0 at worker after 2.532849ms (proto size 15282)
2026-08-28T09:40:25.575208045Z I0828 09:40:25.575070    1370 tpu_chip_config.cc:367] Resolved chip config alias megachip_tccontrol->megacore for 2093c6a02, 
2026-08-28T09:40:25.583944334Z I0828 09:40:25.583880    1370 tpu_chip_config.cc:367] Resolved chip config alias megachip_tccontrol->megacore for 2093c6a02, 
2026-08-28T09:40:25.612291638Z I0828 09:40:25.612218    1370 xla_compilation_cache.cc:113] XLA compilation cache fetch for computation 'jit__decode_core' (key e934188baed05cc7) took 11.008108974s: PERSISTENT_FETCH
2026-08-28T09:40:55.059581481Z I0828 09:40:55.059391    3146 server_lib.cc:1855] Attempting to load component jit_compute_per_token_logps.11021083957487000916 @ 0 at worker after 1.725092ms (proto size 12352)
2026-08-28T09:43:24.594753740Z I0828 09:43:24.594616    1370 tpu_chip_config.cc:367] Resolved chip config alias megachip_tccontrol->megacore for 2093c6a02, 
2026-08-28T09:43:24.617120187Z I0828 09:43:24.617048    1370 tpu_chip_config.cc:367] Resolved chip config alias megachip_tccontrol->megacore for 2093c6a02, 
2026-08-28T09:43:25.219903903Z I0828 09:43:25.219788    1370 xla_compilation_cache.cc:113] XLA compilation cache fetch for computation 'jit_compute_per_token_logps' (key 1ed552b5d08e59eb) took 2m30.160410219s: PERSISTENT_FETCH
2026-08-28T09:43:26.056153105Z I0828 09:43:26.056037    3200 server_lib.cc:1855] Attempting to load component jit_subtract.11021083957487000103 @ 0 at worker after 818.579us (proto size 2442)
2026-08-28T09:43:26.324428016Z I0828 09:43:26.324352    1370 tpu_chip_config.cc:367] Resolved chip config alias megachip_tccontrol->megacore for 2093c6a02, 
2026-08-28T09:43:26.326240981Z I0828 09:43:26.326180    1370 tpu_chip_config.cc:367] Resolved chip config alias megachip_tccontrol->megacore for 2093c6a02, 
2026-08-28T09:43:26.327376967Z I0828 09:43:26.327314    1370 xla_compilation_cache.cc:113] XLA compilation cache fetch for computation 'jit_subtract' (key be3e11a37f61eaab) took 271.295132ms: PERSISTENT_FETCH
2026-08-28T09:43:26.618867914Z I0828 09:43:26.618709    3087 server_lib.cc:1855] Attempting to load component jit_abs.11021083957486998340 @ 0 at worker after 797.099us (proto size 2407)
2026-08-28T09:43:26.850727602Z I0828 09:43:26.850608    3087 server_lib.cc:1855] Attempting to load component jit_multiply.5009576107440550299 @ 0 at worker after 814.569us (proto size 2441)
2026-08-28T09:43:26.890822002Z I0828 09:43:26.890731    1370 tpu_chip_config.cc:367] Resolved chip config alias megachip_tccontrol->megacore for 2093c6a02, 
2026-08-28T09:43:26.892694930Z I0828 09:43:26.892627    1370 tpu_chip_config.cc:367] Resolved chip config alias megachip_tccontrol->megacore for 2093c6a02, 
2026-08-28T09:43:26.893546048Z I0828 09:43:26.893473    1370 xla_compilation_cache.cc:113] XLA compilation cache fetch for computation 'jit_abs' (key 57620e4639e22620) took 274.779009ms: PERSISTENT_FETCH
2026-08-28T09:43:27.080430082Z I0828 09:43:27.080323    3091 server_lib.cc:1855] Attempting to load component jit__reduce_sum.11021083957487000673 @ 0 at worker after 1.013888ms (proto size 2409)
2026-08-28T09:43:27.094460928Z I0828 09:43:27.094364    1369 tpu_chip_config.cc:367] Resolved chip config alias megachip_tccontrol->megacore for 2093c6a02, 
2026-08-28T09:43:27.096405909Z I0828 09:43:27.096331    1369 tpu_chip_config.cc:367] Resolved chip config alias megachip_tccontrol->megacore for 2093c6a02, 
2026-08-28T09:43:27.097286216Z I0828 09:43:27.097214    1369 xla_compilation_cache.cc:113] XLA compilation cache fetch for computation 'jit_multiply' (key 6cf33a59b1616e53) took 246.619004ms: PERSISTENT_FETCH
2026-08-28T09:43:27.304166152Z I0828 09:43:27.304058    3091 server_lib.cc:1855] Attempting to load component jit_true_divide.5009576107440551214 @ 0 at worker after 777.747us (proto size 2405)
2026-08-28T09:43:27.325580344Z I0828 09:43:27.325493    1370 tpu_chip_config.cc:367] Resolved chip config alias megachip_tccontrol->megacore for 2093c6a02, 
2026-08-28T09:43:27.327066148Z I0828 09:43:27.326996    1370 tpu_chip_config.cc:367] Resolved chip config alias megachip_tccontrol->megacore for 2093c6a02, 
2026-08-28T09:43:27.327913808Z I0828 09:43:27.327851    1370 xla_compilation_cache.cc:113] XLA compilation cache fetch for computation 'jit__reduce_sum' (key 4f52f3eb72f64148) took 247.543241ms: PERSISTENT_FETCH
2026-08-28T09:43:27.540783767Z I0828 09:43:27.540713    1369 tpu_chip_config.cc:367] Resolved chip config alias megachip_tccontrol->megacore for 2093c6a02, 
2026-08-28T09:43:27.542372068Z I0828 09:43:27.542302    1369 tpu_chip_config.cc:367] Resolved chip config alias megachip_tccontrol->megacore for 2093c6a02, 
2026-08-28T09:43:27.543211152Z I0828 09:43:27.543143    1369 xla_compilation_cache.cc:113] XLA compilation cache fetch for computation 'jit_true_divide' (key d4cd2ce4f2e64f0e) took 239.093918ms: PERSISTENT_FETCH
2026-08-28T09:44:43.234955782Z I0828 09:44:43.234843    3060 server_lib.cc:1855] Attempting to load component jit__where.11021083957486998910 @ 0 at worker after 1.242015ms (proto size 2448)
2026-08-28T09:44:43.494230760Z I0828 09:44:43.494069    1369 tpu_chip_config.cc:367] Resolved chip config alias megachip_tccontrol->megacore for 2093c6a02, 
2026-08-28T09:44:43.495980023Z I0828 09:44:43.495913    1369 tpu_chip_config.cc:367] Resolved chip config alias megachip_tccontrol->megacore for 2093c6a02, 
2026-08-28T09:44:43.496688141Z I0828 09:44:43.496608    3091 server_lib.cc:1855] Attempting to load component jit__reduce_max.11021083957486999290 @ 0 at worker after 680.75us (proto size 2409)
2026-08-28T09:44:43.496954070Z I0828 09:44:43.496887    1369 xla_compilation_cache.cc:113] XLA compilation cache fetch for computation 'jit__where' (key b9a9391dafcc9ae) took 262.056208ms: PERSISTENT_FETCH
2026-08-28T09:44:43.757920551Z I0828 09:44:43.757832    1370 tpu_chip_config.cc:367] Resolved chip config alias megachip_tccontrol->megacore for 2093c6a02, 
2026-08-28T09:44:43.759608666Z I0828 09:44:43.759549    1370 tpu_chip_config.cc:367] Resolved chip config alias megachip_tccontrol->megacore for 2093c6a02, 
2026-08-28T09:44:43.760501152Z I0828 09:44:43.760445    1370 xla_compilation_cache.cc:113] XLA compilation cache fetch for computation 'jit__reduce_max' (key 36175c2c749d189a) took 263.846681ms: PERSISTENT_FETCH
2026-08-28T09:44:44.015356172Z I0828 09:44:44.015260    3146 server_lib.cc:1855] Attempting to load component jit_exp.11021083957486997527 @ 0 at worker after 764.686us (proto size 2407)
2026-08-28T09:44:44.269088578Z I0828 09:44:44.268999    1370 tpu_chip_config.cc:367] Resolved chip config alias megachip_tccontrol->megacore for 2093c6a02, 
2026-08-28T09:44:44.270736707Z I0828 09:44:44.270675    1370 tpu_chip_config.cc:367] Resolved chip config alias megachip_tccontrol->megacore for 2093c6a02, 
2026-08-28T09:44:44.271538189Z I0828 09:44:44.271478    1370 xla_compilation_cache.cc:113] XLA compilation cache fetch for computation 'jit_exp' (key f9ef56697270bd0b) took 256.230072ms: PERSISTENT_FETCH
2026-08-28T09:44:44.516657656Z I0828 09:44:44.516576    3074 server_lib.cc:1855] Attempting to load component jit_reshape.11021083957486999860 @ 0 at worker after 715.301us (proto size 2412)
2026-08-28T09:44:44.755371230Z I0828 09:44:44.755275    1370 tpu_chip_config.cc:367] Resolved chip config alias megachip_tccontrol->megacore for 2093c6a02, 
2026-08-28T09:44:44.756980628Z I0828 09:44:44.756913    1370 tpu_chip_config.cc:367] Resolved chip config alias megachip_tccontrol->megacore for 2093c6a02, 
2026-08-28T09:44:44.757783098Z I0828 09:44:44.757723    1370 xla_compilation_cache.cc:113] XLA compilation cache fetch for computation 'jit_reshape' (key e5e873d3f848ec12) took 241.155318ms: PERSISTENT_FETCH
2026-08-28T09:44:45.381912768Z I0828 09:44:45.381820    3074 server_lib.cc:1855] Attempting to load component jit_multiply.11021083957487000430 @ 0 at worker after 818.774us (proto size 2433)
2026-08-28T09:44:45.609977236Z I0828 09:44:45.609864    1370 tpu_chip_config.cc:367] Resolved chip config alias megachip_tccontrol->megacore for 2093c6a02, 
2026-08-28T09:44:45.611591175Z I0828 09:44:45.611504    1370 tpu_chip_config.cc:367] Resolved chip config alias megachip_tccontrol->megacore for 2093c6a02, 
2026-08-28T09:44:45.612425409Z I0828 09:44:45.612362    1370 xla_compilation_cache.cc:113] XLA compilation cache fetch for computation 'jit_multiply' (key 693bc4d312e44bb1) took 230.550844ms: PERSISTENT_FETCH
2026-08-28T09:44:45.882099256Z I0828 09:44:45.882004    3087 server_lib.cc:1855] Attempting to load component jit__reduce_sum.11021083957486998667 @ 0 at worker after 737.731us (proto size 2406)
2026-08-28T09:44:46.099396075Z I0828 09:44:46.099297    1370 tpu_chip_config.cc:367] Resolved chip config alias megachip_tccontrol->megacore for 2093c6a02, 
2026-08-28T09:44:46.100971144Z I0828 09:44:46.100912    1370 tpu_chip_config.cc:367] Resolved chip config alias megachip_tccontrol->megacore for 2093c6a02, 
2026-08-28T09:44:46.101829542Z I0828 09:44:46.101752    1370 xla_compilation_cache.cc:113] XLA compilation cache fetch for computation 'jit__reduce_sum' (key cb494c080a8649f9) took 219.760119ms: PERSISTENT_FETCH
2026-08-28T09:44:46.289205833Z I0828 09:44:46.289116    3200 server_lib.cc:1855] Attempting to load component jit_subtract.11021083957487001000 @ 0 at worker after 706.564us (proto size 2421)
2026-08-28T09:44:46.539358112Z I0828 09:44:46.539290    3200 server_lib.cc:1855] Attempting to load component jit_multiply.5009576107440550342 @ 0 at worker after 613.476us (proto size 2432)
2026-08-28T09:44:46.552673253Z I0828 09:44:46.552606    1370 tpu_chip_config.cc:367] Resolved chip config alias megachip_tccontrol->megacore for 2093c6a02, 
2026-08-28T09:44:46.554193897Z I0828 09:44:46.554125    1370 tpu_chip_config.cc:367] Resolved chip config alias megachip_tccontrol->megacore for 2093c6a02, 
2026-08-28T09:44:46.555011107Z I0828 09:44:46.554948    1370 xla_compilation_cache.cc:113] XLA compilation cache fetch for computation 'jit_subtract' (key 11b0dc8584ec5ef) took 265.840644ms: PERSISTENT_FETCH
2026-08-28T09:44:46.770012068Z I0828 09:44:46.769914    3200 server_lib.cc:1855] Attempting to load component jit_multiply.11021083957486999237 @ 0 at worker after 620.685us (proto size 2433)
2026-08-28T09:44:46.777856966Z I0828 09:44:46.777778    1369 tpu_chip_config.cc:367] Resolved chip config alias megachip_tccontrol->megacore for 2093c6a02, 
2026-08-28T09:44:46.779408622Z I0828 09:44:46.779340    1369 tpu_chip_config.cc:367] Resolved chip config alias megachip_tccontrol->megacore for 2093c6a02, 
2026-08-28T09:44:46.780239230Z I0828 09:44:46.780174    1369 xla_compilation_cache.cc:113] XLA compilation cache fetch for computation 'jit_multiply' (key 6ef24ddd1aed54b6) took 240.888741ms: PERSISTENT_FETCH
2026-08-28T09:44:47.011910047Z I0828 09:44:47.011827    3200 server_lib.cc:1855] Attempting to load component jit_multiply.5009576107440551257 @ 0 at worker after 656.556us (proto size 2399)
2026-08-28T09:44:47.023715786Z I0828 09:44:47.023647    1370 tpu_chip_config.cc:367] Resolved chip config alias megachip_tccontrol->megacore for 2093c6a02, 
2026-08-28T09:44:47.025244284Z I0828 09:44:47.025174    1370 tpu_chip_config.cc:367] Resolved chip config alias megachip_tccontrol->megacore for 2093c6a02, 
2026-08-28T09:44:47.026000838Z I0828 09:44:47.025949    1370 xla_compilation_cache.cc:113] XLA compilation cache fetch for computation 'jit_multiply' (key 60022e5dbf1633c0) took 256.040969ms: PERSISTENT_FETCH
2026-08-28T09:44:47.222994633Z I0828 09:44:47.222899    3087 server_lib.cc:1855] Attempting to load component jit_maximum.11021083957487001570 @ 0 at worker after 688.109us (proto size 2398)
2026-08-28T09:44:47.236093806Z I0828 09:44:47.235997    1369 tpu_chip_config.cc:367] Resolved chip config alias megachip_tccontrol->megacore for 2093c6a02, 
2026-08-28T09:44:47.237588828Z I0828 09:44:47.237535    1369 tpu_chip_config.cc:367] Resolved chip config alias megachip_tccontrol->megacore for 2093c6a02, 
2026-08-28T09:44:47.238371171Z I0828 09:44:47.238310    1369 xla_compilation_cache.cc:113] XLA compilation cache fetch for computation 'jit_multiply' (key dfe0e73cf7764f57) took 226.489425ms: PERSISTENT_FETCH
2026-08-28T09:44:47.425669373Z I0828 09:44:47.425585    3200 server_lib.cc:1855] Attempting to load component jit_sqrt.5009576107440552477 @ 0 at worker after 749.937us (proto size 2380)
2026-08-28T09:44:47.440670010Z I0828 09:44:47.440602    1370 tpu_chip_config.cc:367] Resolved chip config alias megachip_tccontrol->megacore for 2093c6a02, 
2026-08-28T09:44:47.442174782Z I0828 09:44:47.442115    1370 tpu_chip_config.cc:367] Resolved chip config alias megachip_tccontrol->megacore for 2093c6a02, 
2026-08-28T09:44:47.442945274Z I0828 09:44:47.442888    1370 xla_compilation_cache.cc:113] XLA compilation cache fetch for computation 'jit_maximum' (key fcf61c2491082633) took 220.001704ms: PERSISTENT_FETCH
2026-08-28T09:44:47.647599794Z I0828 09:44:47.647493    3087 server_lib.cc:1855] Attempting to load component jit_true_divide.11021083957486999807 @ 0 at worker after 675.915us (proto size 2406)
2026-08-28T09:44:47.675749498Z I0828 09:44:47.675612    1369 tpu_chip_config.cc:367] Resolved chip config alias megachip_tccontrol->megacore for 2093c6a02, 
2026-08-28T09:44:47.677216565Z I0828 09:44:47.677147    1369 tpu_chip_config.cc:367] Resolved chip config alias megachip_tccontrol->megacore for 2093c6a02, 
2026-08-28T09:44:47.677969844Z I0828 09:44:47.677900    1369 xla_compilation_cache.cc:113] XLA compilation cache fetch for computation 'jit_sqrt' (key e47c3a36ca52ab11) took 252.321487ms: PERSISTENT_FETCH
2026-08-28T09:44:47.875311513Z I0828 09:44:47.875200    1370 tpu_chip_config.cc:367] Resolved chip config alias megachip_tccontrol->megacore for 2093c6a02, 
2026-08-28T09:44:47.876836272Z I0828 09:44:47.876778    1370 tpu_chip_config.cc:367] Resolved chip config alias megachip_tccontrol->megacore for 2093c6a02, 
2026-08-28T09:44:47.877604541Z I0828 09:44:47.877553    1370 xla_compilation_cache.cc:113] XLA compilation cache fetch for computation 'jit_true_divide' (key 9967bfe1ef797654) took 230.0684ms: PERSISTENT_FETCH
2026-08-28T09:44:48.565324778Z I0828 09:44:48.565228    3074 server_lib.cc:1855] Attempting to load component jit_run_compute_logits.5009576107440550385 @ 0 at worker after 739.025us (proto size 2463)
2026-08-28T09:44:49.036997545Z I0828 09:44:49.036897    3200 server_lib.cc:1855] Attempting to load component jit__select_from_array_fn.10416149044182843096 @ 0 at worker after 763.027us (proto size 2464)
2026-08-28T09:44:49.052509003Z I0828 09:44:49.052450    1370 tpu_chip_config.cc:367] Resolved chip config alias megachip_tccontrol->megacore for 2093c6a02, 
2026-08-28T09:44:49.054211242Z I0828 09:44:49.054146    1370 tpu_chip_config.cc:367] Resolved chip config alias megachip_tccontrol->megacore for 2093c6a02, 
2026-08-28T09:44:49.055319587Z I0828 09:44:49.055264    1370 xla_compilation_cache.cc:113] XLA compilation cache fetch for computation 'jit_run_compute_logits' (key a40fb2d78bba4487) took 490.044443ms: PERSISTENT_FETCH
2026-08-28T09:44:50.115116473Z I0828 09:44:50.115004    3060 server_lib.cc:1855] Attempting to load component jit_convert_element_type.3658920302745354640 @ 0 at worker after 769.595us (proto size 2440)
2026-08-28T09:44:50.145279429Z I0828 09:44:50.145174    1369 tpu_chip_config.cc:367] Resolved chip config alias megachip_tccontrol->megacore for 2093c6a02, 
2026-08-28T09:44:50.146995222Z I0828 09:44:50.146937    1369 tpu_chip_config.cc:367] Resolved chip config alias megachip_tccontrol->megacore for 2093c6a02, 
2026-08-28T09:44:50.147952821Z I0828 09:44:50.147893    1369 xla_compilation_cache.cc:113] XLA compilation cache fetch for computation 'jit__select_from_array_fn' (key a2c3cd66dc1d12db) took 1.11100613s: PERSISTENT_FETCH
2026-08-28T09:44:50.363969668Z I0828 09:44:50.363902    1370 tpu_chip_config.cc:367] Resolved chip config alias megachip_tccontrol->megacore for 2093c6a02, 
2026-08-28T09:44:50.365537533Z I0828 09:44:50.365462    1370 tpu_chip_config.cc:367] Resolved chip config alias megachip_tccontrol->megacore for 2093c6a02, 
2026-08-28T09:44:50.366274788Z I0828 09:44:50.366210    1370 xla_compilation_cache.cc:113] XLA compilation cache fetch for computation 'jit_convert_element_type' (key ef6b06561fce1b70) took 251.216822ms: PERSISTENT_FETCH
2026-08-28T09:44:50.412318016Z I0828 09:44:50.412243    3200 server_lib.cc:1855] Attempting to load component jit_sample.10416149044182841385 @ 0 at worker after 823.324us (proto size 2534)
2026-08-28T09:44:52.145761374Z I0828 09:44:52.145625    3200 server_lib.cc:1855] Attempting to load component jit_convert_element_type.3658920302745358313 @ 0 at worker after 735.838us (proto size 2442)
2026-08-28T09:44:52.175052123Z I0828 09:44:52.174965    1370 tpu_chip_config.cc:367] Resolved chip config alias megachip_tccontrol->megacore for 2093c6a02, 
2026-08-28T09:44:52.177123424Z I0828 09:44:52.177053    1370 tpu_chip_config.cc:367] Resolved chip config alias megachip_tccontrol->megacore for 2093c6a02, 
2026-08-28T09:44:52.179376336Z I0828 09:44:52.179313    1370 xla_compilation_cache.cc:113] XLA compilation cache fetch for computation 'jit_sample' (key 100be14ad68a6537) took 1.767078372s: PERSISTENT_FETCH
2026-08-28T09:44:52.375796537Z I0828 09:44:52.375686    3088 server_lib.cc:1855] Attempting to load component jit_reshape.15995949837485654836 @ 0 at worker after 780.094us (proto size 2419)
2026-08-28T09:44:52.391805108Z I0828 09:44:52.391714    1369 tpu_chip_config.cc:367] Resolved chip config alias megachip_tccontrol->megacore for 2093c6a02, 
2026-08-28T09:44:52.393296959Z I0828 09:44:52.393225    1369 tpu_chip_config.cc:367] Resolved chip config alias megachip_tccontrol->megacore for 2093c6a02, 
2026-08-28T09:44:52.394079369Z I0828 09:44:52.394011    1369 xla_compilation_cache.cc:113] XLA compilation cache fetch for computation 'jit_convert_element_type' (key 6e3c890b38b4aedc) took 248.398822ms: PERSISTENT_FETCH
2026-08-28T09:44:52.641274113Z I0828 09:44:52.641170    3074 server_lib.cc:1855] Attempting to load component jit_reshape.5009576107440549949 @ 0 at worker after 753.717us (proto size 2419)
2026-08-28T09:44:52.656788561Z I0828 09:44:52.656715    1370 tpu_chip_config.cc:367] Resolved chip config alias megachip_tccontrol->megacore for 2093c6a02, 
2026-08-28T09:44:52.658319756Z I0828 09:44:52.658264    1370 tpu_chip_config.cc:367] Resolved chip config alias megachip_tccontrol->megacore for 2093c6a02, 
2026-08-28T09:44:52.659114018Z I0828 09:44:52.659051    1370 xla_compilation_cache.cc:113] XLA compilation cache fetch for computation 'jit_reshape' (key 3f543a525fdd75c) took 283.375206ms: PERSISTENT_FETCH
2026-08-28T09:44:52.913968271Z I0828 09:44:52.913865    3088 server_lib.cc:1855] Attempting to load component jit_reshape.12553407529559188448 @ 0 at worker after 712.326us (proto size 2410)
2026-08-28T09:44:52.929849277Z I0828 09:44:52.929777    1369 tpu_chip_config.cc:367] Resolved chip config alias megachip_tccontrol->megacore for 2093c6a02, 
2026-08-28T09:44:52.931408893Z I0828 09:44:52.931350    1369 tpu_chip_config.cc:367] Resolved chip config alias megachip_tccontrol->megacore for 2093c6a02, 
2026-08-28T09:44:52.932184483Z I0828 09:44:52.932134    1369 xla_compilation_cache.cc:113] XLA compilation cache fetch for computation 'jit_reshape' (key 9c9ad116eb42ae3e) took 290.972165ms: PERSISTENT_FETCH
2026-08-28T09:44:53.152066494Z I0828 09:44:53.151977    3090 server_lib.cc:1855] Attempting to load component jit_reshape.5009576107440550864 @ 0 at worker after 705.703us (proto size 2409)
2026-08-28T09:44:53.175298321Z I0828 09:44:53.175212    1370 tpu_chip_config.cc:367] Resolved chip config alias megachip_tccontrol->megacore for 2093c6a02, 
2026-08-28T09:44:53.176848333Z I0828 09:44:53.176787    1370 tpu_chip_config.cc:367] Resolved chip config alias megachip_tccontrol->megacore for 2093c6a02, 
2026-08-28T09:44:53.177645450Z I0828 09:44:53.177586    1370 xla_compilation_cache.cc:113] XLA compilation cache fetch for computation 'jit_reshape' (key 8be37366b7aa4e4a) took 263.728916ms: PERSISTENT_FETCH
2026-08-28T09:44:53.376380387Z I0828 09:44:53.376280    3090 server_lib.cc:1855] Attempting to load component jit_reshape.12553407529559189379 @ 0 at worker after 637.395us (proto size 2410)
2026-08-28T09:44:53.397550133Z I0828 09:44:53.397477    1369 tpu_chip_config.cc:367] Resolved chip config alias megachip_tccontrol->megacore for 2093c6a02, 
2026-08-28T09:44:53.399056304Z I0828 09:44:53.398996    1369 tpu_chip_config.cc:367] Resolved chip config alias megachip_tccontrol->megacore for 2093c6a02, 
2026-08-28T09:44:53.399815798Z I0828 09:44:53.399760    1369 xla_compilation_cache.cc:113] XLA compilation cache fetch for computation 'jit_reshape' (key c1f625e92d5ba2d1) took 247.791827ms: PERSISTENT_FETCH
2026-08-28T09:44:53.592169145Z I0828 09:44:53.592079    3087 server_lib.cc:1855] Attempting to load component jit_reshape.5009576107440551779 @ 0 at worker after 624.145us (proto size 2409)
2026-08-28T09:44:53.612954301Z I0828 09:44:53.612882    1370 tpu_chip_config.cc:367] Resolved chip config alias megachip_tccontrol->megacore for 2093c6a02, 
2026-08-28T09:44:53.614457611Z I0828 09:44:53.614401    1370 tpu_chip_config.cc:367] Resolved chip config alias megachip_tccontrol->megacore for 2093c6a02, 
2026-08-28T09:44:53.615262265Z I0828 09:44:53.615208    1370 xla_compilation_cache.cc:113] XLA compilation cache fetch for computation 'jit_reshape' (key d3c0a10bea7d04a4) took 238.935916ms: PERSISTENT_FETCH
2026-08-28T09:44:53.821212633Z I0828 09:44:53.821147    1369 tpu_chip_config.cc:367] Resolved chip config alias megachip_tccontrol->megacore for 2093c6a02, 
2026-08-28T09:44:53.822714711Z I0828 09:44:53.822657    1369 tpu_chip_config.cc:367] Resolved chip config alias megachip_tccontrol->megacore for 2093c6a02, 
2026-08-28T09:44:53.823473562Z I0828 09:44:53.823419    1369 xla_compilation_cache.cc:113] XLA compilation cache fetch for computation 'jit_reshape' (key 8d1c15d44e529b0a) took 231.34831ms: PERSISTENT_FETCH
2026-08-28T09:44:53.884034951Z I0828 09:44:53.883935    3090 server_lib.cc:1855] Attempting to load component jit_sample.12553407529559190310 @ 0 at worker after 805.119us (proto size 2520)
2026-08-28T09:44:55.455172595Z I0828 09:44:55.455049    1369 tpu_chip_config.cc:367] Resolved chip config alias megachip_tccontrol->megacore for 2093c6a02, 
2026-08-28T09:44:55.457401242Z I0828 09:44:55.457335    1369 tpu_chip_config.cc:367] Resolved chip config alias megachip_tccontrol->megacore for 2093c6a02, 
2026-08-28T09:44:55.460016964Z I0828 09:44:55.459953    1369 xla_compilation_cache.cc:113] XLA compilation cache fetch for computation 'jit_sample' (key 7eca2d9638baddc8) took 1.576025686s: PERSISTENT_FETCH
2026-08-28T09:44:55.474377747Z I0828 09:44:55.474260    3088 server_lib.cc:1855] Attempting to load component jit_zt_ro_logprob_gather.5009576107440552694 @ 0 at worker after 757.83us (proto size 2507)
2026-08-28T09:44:56.082366042Z I0828 09:44:56.082262    3088 server_lib.cc:1855] Attempting to load component jit_reshape.12553407529559191241 @ 0 at worker after 804.443us (proto size 2416)
2026-08-28T09:44:56.107936569Z I0828 09:44:56.107852    1369 tpu_chip_config.cc:367] Resolved chip config alias megachip_tccontrol->megacore for 2093c6a02, 
2026-08-28T09:44:56.109798222Z I0828 09:44:56.109732    1369 tpu_chip_config.cc:367] Resolved chip config alias megachip_tccontrol->megacore for 2093c6a02, 
2026-08-28T09:44:56.111132033Z I0828 09:44:56.111075    1369 xla_compilation_cache.cc:113] XLA compilation cache fetch for computation 'jit_zt_ro_logprob_gather' (key 9a534f94ee2a16fd) took 636.816958ms: PERSISTENT_FETCH
2026-08-28T09:44:56.304513724Z I0828 09:44:56.304417    3087 server_lib.cc:1855] Attempting to load component jit_reshape.5009576107440553609 @ 0 at worker after 678.732us (proto size 2415)
2026-08-28T09:44:56.321030655Z I0828 09:44:56.320958    1370 tpu_chip_config.cc:367] Resolved chip config alias megachip_tccontrol->megacore for 2093c6a02, 
2026-08-28T09:44:56.322660925Z I0828 09:44:56.322596    1370 tpu_chip_config.cc:367] Resolved chip config alias megachip_tccontrol->megacore for 2093c6a02, 
2026-08-28T09:44:56.323467022Z I0828 09:44:56.323411    1370 xla_compilation_cache.cc:113] XLA compilation cache fetch for computation 'jit_reshape' (key c48cc93672326442) took 241.15824ms: PERSISTENT_FETCH
2026-08-28T09:44:56.516401149Z I0828 09:44:56.516305    3087 server_lib.cc:1855] Attempting to load component jit_reshape.12553407529559188076 @ 0 at worker after 876.484us (proto size 2416)
2026-08-28T09:44:56.536426863Z I0828 09:44:56.536351    1369 tpu_chip_config.cc:367] Resolved chip config alias megachip_tccontrol->megacore for 2093c6a02, 
2026-08-28T09:44:56.538086936Z I0828 09:44:56.538033    1369 tpu_chip_config.cc:367] Resolved chip config alias megachip_tccontrol->megacore for 2093c6a02, 
2026-08-28T09:44:56.538886690Z I0828 09:44:56.538830    1369 xla_compilation_cache.cc:113] XLA compilation cache fetch for computation 'jit_reshape' (key 31779064f09ea7a3) took 234.422475ms: PERSISTENT_FETCH
2026-08-28T09:44:56.743128198Z I0828 09:44:56.743023    3087 server_lib.cc:1855] Attempting to load component jit_reshape.5009576107440550428 @ 0 at worker after 648.331us (proto size 2414)
2026-08-28T09:44:56.768667038Z I0828 09:44:56.768588    1370 tpu_chip_config.cc:367] Resolved chip config alias megachip_tccontrol->megacore for 2093c6a02, 
2026-08-28T09:44:56.770178146Z I0828 09:44:56.770112    1370 tpu_chip_config.cc:367] Resolved chip config alias megachip_tccontrol->megacore for 2093c6a02, 
2026-08-28T09:44:56.770938129Z I0828 09:44:56.770880    1370 xla_compilation_cache.cc:113] XLA compilation cache fetch for computation 'jit_reshape' (key b74041f4de2c4d69) took 254.746071ms: PERSISTENT_FETCH
2026-08-28T09:44:56.987709185Z I0828 09:44:56.987640    1369 tpu_chip_config.cc:367] Resolved chip config alias megachip_tccontrol->megacore for 2093c6a02, 
2026-08-28T09:44:56.989229509Z I0828 09:44:56.989162    1369 tpu_chip_config.cc:367] Resolved chip config alias megachip_tccontrol->megacore for 2093c6a02, 
2026-08-28T09:44:56.990014320Z I0828 09:44:56.989957    1369 xla_compilation_cache.cc:113] XLA compilation cache fetch for computation 'jit_reshape' (key f4c2dbb4df7860f) took 246.942635ms: PERSISTENT_FETCH
2026-08-28T09:44:57.725930477Z I0828 09:44:57.725809    3062 server_lib.cc:1855] Attempting to load component jit__select_from_array_fn.10416149044182841886 @ 0 at worker after 683.83us (proto size 2464)
2026-08-28T09:44:58.245311981Z I0828 09:44:58.245212    3190 server_lib.cc:1855] Attempting to load component jit_convert_element_type.3658920302745355500 @ 0 at worker after 699.883us (proto size 2440)
2026-08-28T09:44:58.271097421Z I0828 09:44:58.271023    1369 tpu_chip_config.cc:367] Resolved chip config alias megachip_tccontrol->megacore for 2093c6a02, 
2026-08-28T09:44:58.272944862Z I0828 09:44:58.272877    1369 tpu_chip_config.cc:367] Resolved chip config alias megachip_tccontrol->megacore for 2093c6a02, 
2026-08-28T09:44:58.274343619Z I0828 09:44:58.274275    1369 xla_compilation_cache.cc:113] XLA compilation cache fetch for computation 'jit__select_from_array_fn' (key 3987beae83897996) took 548.474941ms: PERSISTENT_FETCH
2026-08-28T09:44:58.482645343Z I0828 09:44:58.482573    1370 tpu_chip_config.cc:367] Resolved chip config alias megachip_tccontrol->megacore for 2093c6a02, 
2026-08-28T09:44:58.484249898Z I0828 09:44:58.484195    1370 tpu_chip_config.cc:367] Resolved chip config alias megachip_tccontrol->megacore for 2093c6a02, 
2026-08-28T09:44:58.485048418Z I0828 09:44:58.484985    1370 xla_compilation_cache.cc:113] XLA compilation cache fetch for computation 'jit_convert_element_type' (key b338d3f821f30e49) took 239.783919ms: PERSISTENT_FETCH
2026-08-28T09:44:58.530901055Z I0828 09:44:58.530830    3200 server_lib.cc:1855] Attempting to load component jit_sample.10416149044182840175 @ 0 at worker after 684.986us (proto size 2534)
2026-08-28T09:45:00.161799678Z I0828 09:45:00.161706    1370 tpu_chip_config.cc:367] Resolved chip config alias megachip_tccontrol->megacore for 2093c6a02, 
2026-08-28T09:45:00.163770805Z I0828 09:45:00.163709    1370 tpu_chip_config.cc:367] Resolved chip config alias megachip_tccontrol->megacore for 2093c6a02, 
2026-08-28T09:45:00.166091020Z I0828 09:45:00.166031    1370 xla_compilation_cache.cc:113] XLA compilation cache fetch for computation 'jit_sample' (key 382ef079e9d5b946) took 1.635208334s: PERSISTENT_FETCH
2026-08-28T09:46:04.494628459Z W0828 09:46:04.494452    1506 tpu_pjrt_client.cc:2349] PjRt execution dispatch was blocked for 55.868898ms because PjRt's max in-flight computation semaphore is full (limit: 32), which may negatively affect the performance
2026-08-28T09:46:37.822443411Z I0828 09:46:37.822343    3048 server_lib.cc:1855] Attempting to load component jit__identity_fn.10416149044182842673 @ 0 at worker after 1.006509ms (proto size 2445)
2026-08-28T09:46:38.138896728Z I0828 09:46:38.138765    1370 tpu_chip_config.cc:367] Resolved chip config alias megachip_tccontrol->megacore for 2093c6a02, 
2026-08-28T09:46:38.140781352Z I0828 09:46:38.140711    1370 tpu_chip_config.cc:367] Resolved chip config alias megachip_tccontrol->megacore for 2093c6a02, 
2026-08-28T09:46:38.141674890Z I0828 09:46:38.141611    1370 xla_compilation_cache.cc:113] XLA compilation cache fetch for computation 'jit__identity_fn' (key 6f636a871a6fa44d) took 319.281608ms: PERSISTENT_FETCH
2026-08-28T09:46:45.817253466Z I0828 09:46:45.817141    3087 server_lib.cc:1855] Attempting to load component jit__identity_fn.15988940423104945625 @ 0 at worker after 858.883us (proto size 2417)
2026-08-28T09:46:46.081136442Z I0828 09:46:46.081022    1370 tpu_chip_config.cc:367] Resolved chip config alias megachip_tccontrol->megacore for 2093c6a02, 
2026-08-28T09:46:46.082969010Z I0828 09:46:46.082876    1370 tpu_chip_config.cc:367] Resolved chip config alias megachip_tccontrol->megacore for 2093c6a02, 
2026-08-28T09:46:46.083845795Z I0828 09:46:46.083781    1370 xla_compilation_cache.cc:113] XLA compilation cache fetch for computation 'jit__identity_fn' (key 6d5b6a0ed7cbf066) took 266.653668ms: PERSISTENT_FETCH
2026-08-28T09:46:46.635406036Z I0828 09:46:46.635305    3068 server_lib.cc:1855] Attempting to load component jit__identity_fn.15988940423104945156 @ 0 at worker after 701.003us (proto size 2417)
2026-08-28T09:46:46.888408611Z I0828 09:46:46.888315    1370 tpu_chip_config.cc:367] Resolved chip config alias megachip_tccontrol->megacore for 2093c6a02, 
2026-08-28T09:46:46.890008540Z I0828 09:46:46.889949    1370 tpu_chip_config.cc:367] Resolved chip config alias megachip_tccontrol->megacore for 2093c6a02, 
2026-08-28T09:46:46.890822016Z I0828 09:46:46.890769    1370 xla_compilation_cache.cc:113] XLA compilation cache fetch for computation 'jit__identity_fn' (key b4a5135a71b2c830) took 255.473763ms: PERSISTENT_FETCH
2026-08-28T09:46:47.151430567Z I0828 09:46:47.151319    3087 server_lib.cc:1855] Attempting to load component jit__identity_fn.15988940423104944687 @ 0 at worker after 745.713us (proto size 2417)
2026-08-28T09:46:47.409515010Z I0828 09:46:47.409443    1370 tpu_chip_config.cc:367] Resolved chip config alias megachip_tccontrol->megacore for 2093c6a02, 
2026-08-28T09:46:47.411077321Z I0828 09:46:47.411017    1370 tpu_chip_config.cc:367] Resolved chip config alias megachip_tccontrol->megacore for 2093c6a02, 
2026-08-28T09:46:47.411849701Z I0828 09:46:47.411794    1370 xla_compilation_cache.cc:113] XLA compilation cache fetch for computation 'jit__identity_fn' (key 2bfd7fc3a9afa996) took 260.483872ms: PERSISTENT_FETCH
2026-08-28T09:46:47.640698763Z I0828 09:46:47.640618    3087 server_lib.cc:1855] Attempting to load component jit__identity_fn.15988940423104944218 @ 0 at worker after 768.798us (proto size 2417)
2026-08-28T09:46:47.868466220Z I0828 09:46:47.868350    1370 tpu_chip_config.cc:367] Resolved chip config alias megachip_tccontrol->megacore for 2093c6a02, 
2026-08-28T09:46:47.870015214Z I0828 09:46:47.869944    1370 tpu_chip_config.cc:367] Resolved chip config alias megachip_tccontrol->megacore for 2093c6a02, 
2026-08-28T09:46:47.870787442Z I0828 09:46:47.870724    1370 xla_compilation_cache.cc:113] XLA compilation cache fetch for computation 'jit__identity_fn' (key 7855638037c7f39d) took 230.11636ms: PERSISTENT_FETCH
2026-08-28T09:46:48.131591069Z I0828 09:46:48.131475    3087 server_lib.cc:1855] Attempting to load component jit__identity_fn.15988940423104943749 @ 0 at worker after 740.026us (proto size 2415)
2026-08-28T09:46:48.367215124Z I0828 09:46:48.367119    1370 tpu_chip_config.cc:367] Resolved chip config alias megachip_tccontrol->megacore for 2093c6a02, 
2026-08-28T09:46:48.368741570Z I0828 09:46:48.368676    1370 tpu_chip_config.cc:367] Resolved chip config alias megachip_tccontrol->megacore for 2093c6a02, 
2026-08-28T09:46:48.369469384Z I0828 09:46:48.369417    1370 xla_compilation_cache.cc:113] XLA compilation cache fetch for computation 'jit__identity_fn' (key 9c7c9228e9e45e2b) took 237.952097ms: PERSISTENT_FETCH
2026-08-28T09:46:48.656352915Z I0828 09:46:48.656270    3087 server_lib.cc:1855] Attempting to load component jit_zt_tr_fwd_embed.15988940423104943280 @ 0 at worker after 813.761us (proto size 2453)
2026-08-28T09:46:50.120632043Z I0828 09:46:50.120496    1370 tpu_chip_config.cc:367] Resolved chip config alias megachip_tccontrol->megacore for 2093c6a02, 
2026-08-28T09:46:50.123184719Z I0828 09:46:50.123116    1370 tpu_chip_config.cc:367] Resolved chip config alias megachip_tccontrol->megacore for 2093c6a02, 
2026-08-28T09:46:50.126657365Z I0828 09:46:50.126594    1370 xla_compilation_cache.cc:113] XLA compilation cache fetch for computation 'jit_zt_tr_fwd_embed' (key 62df0e6647519d4a) took 1.470333752s: PERSISTENT_FETCH
2026-08-28T09:46:50.721131583Z I0828 09:46:50.721030    3087 server_lib.cc:1855] Attempting to load component jit_zt_tr_fwd_layer.10416149044182842396 @ 0 at worker after 1.171833ms (proto size 2877)
2026-08-28T09:46:51.613372958Z I0828 09:46:51.613249    1370 tpu_chip_config.cc:367] Resolved chip config alias megachip_tccontrol->megacore for 2093c6a02, 
2026-08-28T09:46:51.615337968Z I0828 09:46:51.615263    1370 tpu_chip_config.cc:367] Resolved chip config alias megachip_tccontrol->megacore for 2093c6a02, 
2026-08-28T09:46:51.617099965Z I0828 09:46:51.617038    1370 xla_compilation_cache.cc:113] XLA compilation cache fetch for computation 'jit_zt_tr_fwd_layer' (key aed2d8b884138412) took 896.021279ms: PERSISTENT_FETCH
2026-08-28T09:47:14.672635465Z I0828 09:47:14.672531    3024 server_lib.cc:1855] Attempting to load component jit_zt_tr_fwd_norm.10416149044182843139 @ 0 at worker after 998.801us (proto size 2450)
2026-08-28T09:47:14.982573513Z I0828 09:47:14.982413    1370 tpu_chip_config.cc:367] Resolved chip config alias megachip_tccontrol->megacore for 2093c6a02, 
2026-08-28T09:47:14.984490396Z I0828 09:47:14.984392    1370 tpu_chip_config.cc:367] Resolved chip config alias megachip_tccontrol->megacore for 2093c6a02, 
2026-08-28T09:47:14.985430693Z I0828 09:47:14.985354    1370 xla_compilation_cache.cc:113] XLA compilation cache fetch for computation 'jit_zt_tr_fwd_norm' (key 2d0067e1055e67b0) took 312.845569ms: PERSISTENT_FETCH
2026-08-28T09:47:14.996702602Z I0828 09:47:14.996624    3024 server_lib.cc:1855] Attempting to load component jit_zt_tr_fwd_head.15988940423104945375 @ 0 at worker after 739.706us (proto size 2456)
2026-08-28T09:47:15.345639133Z I0828 09:47:15.345506    3087 server_lib.cc:1855] Attempting to load component jit_convert_element_type.10416149044182841428 @ 0 at worker after 868.593us (proto size 2443)
2026-08-28T09:47:15.371375013Z I0828 09:47:15.371293    1370 tpu_chip_config.cc:367] Resolved chip config alias megachip_tccontrol->megacore for 2093c6a02, 
2026-08-28T09:47:15.373061864Z I0828 09:47:15.373010    1370 tpu_chip_config.cc:367] Resolved chip config alias megachip_tccontrol->megacore for 2093c6a02, 
2026-08-28T09:47:15.374196485Z I0828 09:47:15.374140    1370 xla_compilation_cache.cc:113] XLA compilation cache fetch for computation 'jit_zt_tr_fwd_head' (key 7af94e5da3f41bf7) took 377.525088ms: PERSISTENT_FETCH
2026-08-28T09:47:15.594440412Z I0828 09:47:15.594357    1369 tpu_chip_config.cc:367] Resolved chip config alias megachip_tccontrol->megacore for 2093c6a02, 
2026-08-28T09:47:15.596017551Z I0828 09:47:15.595954    1369 tpu_chip_config.cc:367] Resolved chip config alias megachip_tccontrol->megacore for 2093c6a02, 
2026-08-28T09:47:15.596788496Z I0828 09:47:15.596726    1369 xla_compilation_cache.cc:113] XLA compilation cache fetch for computation 'jit_convert_element_type' (key af38911986a18cec) took 251.232941ms: PERSISTENT_FETCH
2026-08-28T09:47:15.655142798Z I0828 09:47:15.655065    3121 server_lib.cc:1855] Attempting to load component jit_zt_tr_fwd_logprob.15988940423104944906 @ 0 at worker after 836.935us (proto size 2486)
2026-08-28T09:47:16.365039470Z I0828 09:47:16.364971    3024 server_lib.cc:1855] Attempting to load component jit_reshape.10416149044182839717 @ 0 at worker after 691.481us (proto size 2410)
2026-08-28T09:47:16.374909962Z I0828 09:47:16.374832    1369 tpu_chip_config.cc:367] Resolved chip config alias megachip_tccontrol->megacore for 2093c6a02, 
2026-08-28T09:47:16.376705002Z I0828 09:47:16.376619    1369 tpu_chip_config.cc:367] Resolved chip config alias megachip_tccontrol->megacore for 2093c6a02, 
2026-08-28T09:47:16.377981955Z I0828 09:47:16.377917    1369 xla_compilation_cache.cc:113] XLA compilation cache fetch for computation 'jit_zt_tr_fwd_logprob' (key 8a9dc8c803939224) took 722.861642ms: PERSISTENT_FETCH
2026-08-28T09:47:16.608596133Z I0828 09:47:16.608510    1370 tpu_chip_config.cc:367] Resolved chip config alias megachip_tccontrol->megacore for 2093c6a02, 
2026-08-28T09:47:16.610125703Z I0828 09:47:16.610053    1370 tpu_chip_config.cc:367] Resolved chip config alias megachip_tccontrol->megacore for 2093c6a02, 
2026-08-28T09:47:16.610887308Z I0828 09:47:16.610840    1370 xla_compilation_cache.cc:113] XLA compilation cache fetch for computation 'jit_reshape' (key 38ed3caedf61d993) took 245.875696ms: PERSISTENT_FETCH
2026-08-28T09:47:16.682432261Z W0828 09:47:16.682331    1506 tpu_pjrt_client.cc:2349] PjRt execution dispatch was blocked for 6.277027ms because PjRt's max in-flight computation semaphore is full (limit: 32), which may negatively affect the performance
2026-08-28T09:47:16.983611393Z I0828 09:47:16.983481    3087 server_lib.cc:1855] Attempting to load component jit_concatenate.10416149044182839734 @ 0 at worker after 814.601us (proto size 2542)
2026-08-28T09:47:17.224803556Z I0828 09:47:17.224715    3068 server_lib.cc:1855] Attempting to load component jit_take_along_axis.15988940423104942707 @ 0 at worker after 843.746us (proto size 2453)
2026-08-28T09:47:17.237670156Z I0828 09:47:17.237586    1370 tpu_chip_config.cc:367] Resolved chip config alias megachip_tccontrol->megacore for 2093c6a02, 
2026-08-28T09:47:17.239207266Z I0828 09:47:17.239142    1370 tpu_chip_config.cc:367] Resolved chip config alias megachip_tccontrol->megacore for 2093c6a02, 
2026-08-28T09:47:17.240181865Z I0828 09:47:17.240114    1370 xla_compilation_cache.cc:113] XLA compilation cache fetch for computation 'jit_concatenate' (key 5c6ec3408ed5983a) took 256.642812ms: PERSISTENT_FETCH
2026-08-28T09:47:17.593158500Z I0828 09:47:17.593066    1369 tpu_chip_config.cc:367] Resolved chip config alias megachip_tccontrol->megacore for 2093c6a02, 
2026-08-28T09:47:17.594655454Z I0828 09:47:17.594595    1369 tpu_chip_config.cc:367] Resolved chip config alias megachip_tccontrol->megacore for 2093c6a02, 
2026-08-28T09:47:17.595673367Z I0828 09:47:17.595625    1369 xla_compilation_cache.cc:113] XLA compilation cache fetch for computation 'jit_take_along_axis' (key 2eeefa3982b961ae) took 370.919684ms: PERSISTENT_FETCH
2026-08-28T09:47:17.991576800Z I0828 09:47:17.991465    3062 server_lib.cc:1855] Attempting to load component jit__where.10416149044182840408 @ 0 at worker after 982.821us (proto size 2460)
2026-08-28T09:47:18.220729615Z I0828 09:47:18.220631    1369 tpu_chip_config.cc:367] Resolved chip config alias megachip_tccontrol->megacore for 2093c6a02, 
2026-08-28T09:47:18.222356798Z I0828 09:47:18.222271    1369 tpu_chip_config.cc:367] Resolved chip config alias megachip_tccontrol->megacore for 2093c6a02, 
2026-08-28T09:47:18.223155227Z I0828 09:47:18.223088    1369 xla_compilation_cache.cc:113] XLA compilation cache fetch for computation 'jit__where' (key 1ce423fa11e4cc5b) took 231.6316ms: PERSISTENT_FETCH
2026-08-28T09:47:19.819869941Z I0828 09:47:19.819764    3090 server_lib.cc:1855] Attempting to load component jit_concatenate.10416149044182839336 @ 0 at worker after 789.943us (proto size 2566)
2026-08-28T09:47:20.046196470Z I0828 09:47:20.046113    3121 server_lib.cc:1855] Attempting to load component jit_take_along_axis.15988940423104942405 @ 0 at worker after 726.482us (proto size 2453)
2026-08-28T09:47:20.053631058Z I0828 09:47:20.053512    1369 tpu_chip_config.cc:367] Resolved chip config alias megachip_tccontrol->megacore for 2093c6a02, 
2026-08-28T09:47:20.055300228Z I0828 09:47:20.055235    1369 tpu_chip_config.cc:367] Resolved chip config alias megachip_tccontrol->megacore for 2093c6a02, 
2026-08-28T09:47:20.056438453Z I0828 09:47:20.056352    1369 xla_compilation_cache.cc:113] XLA compilation cache fetch for computation 'jit_concatenate' (key 568c6735546136e3) took 236.598165ms: PERSISTENT_FETCH
2026-08-28T09:47:20.364603899Z I0828 09:47:20.364488    1370 tpu_chip_config.cc:367] Resolved chip config alias megachip_tccontrol->megacore for 2093c6a02, 
2026-08-28T09:47:20.366205046Z I0828 09:47:20.366143    1370 tpu_chip_config.cc:367] Resolved chip config alias megachip_tccontrol->megacore for 2093c6a02, 
2026-08-28T09:47:20.367251663Z I0828 09:47:20.367174    1370 xla_compilation_cache.cc:113] XLA compilation cache fetch for computation 'jit_take_along_axis' (key 82330c40d023bf6d) took 321.069909ms: PERSISTENT_FETCH
2026-08-28T09:47:33.399172054Z I0828 09:47:33.399057    3121 server_lib.cc:1855] Attempting to load component jit_concatenate.15988940423104945221 @ 0 at worker after 815.057us (proto size 2590)
2026-08-28T09:47:33.653726029Z I0828 09:47:33.653632    3024 server_lib.cc:1855] Attempting to load component jit_take_along_axis.10416149044182839387 @ 0 at worker after 672.075us (proto size 2453)
2026-08-28T09:47:33.667938284Z I0828 09:47:33.667768    1370 tpu_chip_config.cc:367] Resolved chip config alias megachip_tccontrol->megacore for 2093c6a02, 
2026-08-28T09:47:33.670372178Z I0828 09:47:33.670282    1370 tpu_chip_config.cc:367] Resolved chip config alias megachip_tccontrol->megacore for 2093c6a02, 
2026-08-28T09:47:33.672040054Z I0828 09:47:33.671974    1370 xla_compilation_cache.cc:113] XLA compilation cache fetch for computation 'jit_concatenate' (key de8422427e9e60c8) took 272.930349ms: PERSISTENT_FETCH
2026-08-28T09:47:33.979595627Z I0828 09:47:33.979506    1369 tpu_chip_config.cc:367] Resolved chip config alias megachip_tccontrol->megacore for 2093c6a02, 
2026-08-28T09:47:33.981247966Z I0828 09:47:33.981170    1369 tpu_chip_config.cc:367] Resolved chip config alias megachip_tccontrol->megacore for 2093c6a02, 
2026-08-28T09:47:33.982345191Z I0828 09:47:33.982281    1369 xla_compilation_cache.cc:113] XLA compilation cache fetch for computation 'jit_take_along_axis' (key 9dde9fffe6fe5aa4) took 328.657272ms: PERSISTENT_FETCH
2026-08-28T09:47:36.753019640Z I0828 09:47:36.752893    3062 server_lib.cc:1855] Attempting to load component jit_concatenate.10416149044182841858 @ 0 at worker after 743.703us (proto size 2614)
2026-08-28T09:47:37.001748781Z I0828 09:47:37.001634    3121 server_lib.cc:1855] Attempting to load component jit_take_along_axis.15988940423104943189 @ 0 at worker after 848.358us (proto size 2453)
2026-08-28T09:47:37.026596767Z I0828 09:47:37.026500    1369 tpu_chip_config.cc:367] Resolved chip config alias megachip_tccontrol->megacore for 2093c6a02, 
2026-08-28T09:47:37.028354102Z I0828 09:47:37.028278    1369 tpu_chip_config.cc:367] Resolved chip config alias megachip_tccontrol->megacore for 2093c6a02, 
2026-08-28T09:47:37.029561955Z I0828 09:47:37.029494    1369 xla_compilation_cache.cc:113] XLA compilation cache fetch for computation 'jit_concatenate' (key 5d90f996a5dc2c37) took 276.61149ms: PERSISTENT_FETCH
2026-08-28T09:47:37.303449050Z I0828 09:47:37.303343    1370 tpu_chip_config.cc:367] Resolved chip config alias megachip_tccontrol->megacore for 2093c6a02, 
2026-08-28T09:47:37.305034343Z I0828 09:47:37.304968    1370 tpu_chip_config.cc:367] Resolved chip config alias megachip_tccontrol->megacore for 2093c6a02, 
2026-08-28T09:47:37.306176808Z I0828 09:47:37.306096    1370 xla_compilation_cache.cc:113] XLA compilation cache fetch for computation 'jit_take_along_axis' (key bfa23da881521e79) took 304.471047ms: PERSISTENT_FETCH
2026-08-28T09:48:16.686119230Z W0828 09:48:16.685968    1506 tpu_pjrt_client.cc:2349] PjRt execution dispatch was blocked for 8.092019ms because PjRt's max in-flight computation semaphore is full (limit: 32), which may negatively affect the performance
2026-08-28T09:48:49.400915726Z I0828 09:48:49.400807    3024 server_lib.cc:1855] Attempting to load component jit_concatenate.5598368294899625323 @ 0 at worker after 820.346us (proto size 2637)
2026-08-28T09:48:49.666227501Z I0828 09:48:49.666138    3050 server_lib.cc:1855] Attempting to load component jit_take_along_axis.15988940423104945884 @ 0 at worker after 783.378us (proto size 2453)
2026-08-28T09:48:49.691870408Z I0828 09:48:49.691776    1370 tpu_chip_config.cc:367] Resolved chip config alias megachip_tccontrol->megacore for 2093c6a02, 
2026-08-28T09:48:49.694326964Z I0828 09:48:49.694265    1370 tpu_chip_config.cc:367] Resolved chip config alias megachip_tccontrol->megacore for 2093c6a02, 
2026-08-28T09:48:49.696168347Z I0828 09:48:49.696099    1370 xla_compilation_cache.cc:113] XLA compilation cache fetch for computation 'jit_concatenate' (key 8786f4b7466968ec) took 295.301816ms: PERSISTENT_FETCH
2026-08-28T09:48:49.961502962Z I0828 09:48:49.961423    1369 tpu_chip_config.cc:367] Resolved chip config alias megachip_tccontrol->megacore for 2093c6a02, 
2026-08-28T09:48:49.963171854Z I0828 09:48:49.963098    1369 tpu_chip_config.cc:367] Resolved chip config alias megachip_tccontrol->megacore for 2093c6a02, 
2026-08-28T09:48:49.964313459Z I0828 09:48:49.964243    1369 xla_compilation_cache.cc:113] XLA compilation cache fetch for computation 'jit_take_along_axis' (key 3ebe01232863c30a) took 298.11414ms: PERSISTENT_FETCH
2026-08-28T09:48:52.166961894Z I0828 09:48:52.166839    3060 server_lib.cc:1855] Attempting to load component jit_stack.5598368294899625644 @ 0 at worker after 1.329685ms (proto size 3155)
2026-08-28T09:48:52.520554469Z I0828 09:48:52.520462    3060 server_lib.cc:1855] Attempting to load component jit_swapaxes.15988940423104945415 @ 0 at worker after 681.597us (proto size 2421)
2026-08-28T09:48:52.535808873Z I0828 09:48:52.535721    1369 tpu_chip_config.cc:367] Resolved chip config alias megachip_tccontrol->megacore for 2093c6a02, 
2026-08-28T09:48:52.537682396Z I0828 09:48:52.537625    1369 tpu_chip_config.cc:367] Resolved chip config alias megachip_tccontrol->megacore for 2093c6a02, 
2026-08-28T09:48:52.539700837Z I0828 09:48:52.539643    1369 xla_compilation_cache.cc:113] XLA compilation cache fetch for computation 'jit_stack' (key 8428a621a5cb379) took 372.813908ms: PERSISTENT_FETCH
2026-08-28T09:48:52.745855351Z I0828 09:48:52.745768    3087 server_lib.cc:1855] Attempting to load component jit_reshape.5598368294899623379 @ 0 at worker after 1.253377ms (proto size 2416)
2026-08-28T09:48:52.760782375Z I0828 09:48:52.760697    1370 tpu_chip_config.cc:367] Resolved chip config alias megachip_tccontrol->megacore for 2093c6a02, 
2026-08-28T09:48:52.762309554Z I0828 09:48:52.762249    1370 tpu_chip_config.cc:367] Resolved chip config alias megachip_tccontrol->megacore for 2093c6a02, 
2026-08-28T09:48:52.763125576Z I0828 09:48:52.763070    1370 xla_compilation_cache.cc:113] XLA compilation cache fetch for computation 'jit_swapaxes' (key a1e18c865e950b7d) took 242.614466ms: PERSISTENT_FETCH
2026-08-28T09:48:52.967474549Z I0828 09:48:52.967377    3087 server_lib.cc:1855] Attempting to load component jit_convert_element_type.15988940423104944946 @ 0 at worker after 722.426us (proto size 2441)
2026-08-28T09:48:52.984494173Z I0828 09:48:52.984417    1369 tpu_chip_config.cc:367] Resolved chip config alias megachip_tccontrol->megacore for 2093c6a02, 
2026-08-28T09:48:52.986021248Z I0828 09:48:52.985955    1369 tpu_chip_config.cc:367] Resolved chip config alias megachip_tccontrol->megacore for 2093c6a02, 
2026-08-28T09:48:52.986802380Z I0828 09:48:52.986741    1369 xla_compilation_cache.cc:113] XLA compilation cache fetch for computation 'jit_reshape' (key f832a1c7cc398f65) took 240.983088ms: PERSISTENT_FETCH
2026-08-28T09:48:53.190209021Z I0828 09:48:53.190140    1370 tpu_chip_config.cc:367] Resolved chip config alias megachip_tccontrol->megacore for 2093c6a02, 
2026-08-28T09:48:53.191728199Z I0828 09:48:53.191644    1370 tpu_chip_config.cc:367] Resolved chip config alias megachip_tccontrol->megacore for 2093c6a02, 
2026-08-28T09:48:53.192472959Z I0828 09:48:53.192409    1370 xla_compilation_cache.cc:113] XLA compilation cache fetch for computation 'jit_convert_element_type' (key 9029c4266e5b3b24) took 225.041528ms: PERSISTENT_FETCH
2026-08-28T09:48:53.388257742Z I0828 09:48:53.388173    3060 server_lib.cc:1855] Attempting to load component jit_subtract.15988940423104945686 @ 0 at worker after 683.668us (proto size 2442)
2026-08-28T09:48:53.617156472Z I0828 09:48:53.617069    1370 tpu_chip_config.cc:367] Resolved chip config alias megachip_tccontrol->megacore for 2093c6a02, 
2026-08-28T09:48:53.618715642Z I0828 09:48:53.618639    1370 tpu_chip_config.cc:367] Resolved chip config alias megachip_tccontrol->megacore for 2093c6a02, 
2026-08-28T09:48:53.619471385Z I0828 09:48:53.619400    1370 xla_compilation_cache.cc:113] XLA compilation cache fetch for computation 'jit_subtract' (key 48a79db89077f304) took 231.234378ms: PERSISTENT_FETCH
2026-08-28T09:48:53.852896555Z I0828 09:48:53.852817    3090 server_lib.cc:1855] Attempting to load component jit_negative.5598368294899625531 @ 0 at worker after 777.326us (proto size 2416)
2026-08-28T09:48:54.067349256Z I0828 09:48:54.067280    3090 server_lib.cc:1855] Attempting to load component jit_multiply.15988940423104944748 @ 0 at worker after 720.669us (proto size 2468)
2026-08-28T09:48:54.083827507Z I0828 09:48:54.083741    1370 tpu_chip_config.cc:367] Resolved chip config alias megachip_tccontrol->megacore for 2093c6a02, 
2026-08-28T09:48:54.085318586Z I0828 09:48:54.085258    1370 tpu_chip_config.cc:367] Resolved chip config alias megachip_tccontrol->megacore for 2093c6a02, 
2026-08-28T09:48:54.086093566Z I0828 09:48:54.086032    1370 xla_compilation_cache.cc:113] XLA compilation cache fetch for computation 'jit_negative' (key bed20c5c9751245f) took 233.221589ms: PERSISTENT_FETCH
2026-08-28T09:48:54.301957041Z I0828 09:48:54.301861    3065 server_lib.cc:1855] Attempting to load component jit__reduce_sum.5598368294899623266 @ 0 at worker after 648.429us (proto size 2408)
2026-08-28T09:48:54.310891121Z I0828 09:48:54.310814    1369 tpu_chip_config.cc:367] Resolved chip config alias megachip_tccontrol->megacore for 2093c6a02, 
2026-08-28T09:48:54.312337642Z I0828 09:48:54.312282    1369 tpu_chip_config.cc:367] Resolved chip config alias megachip_tccontrol->megacore for 2093c6a02, 
2026-08-28T09:48:54.313211991Z I0828 09:48:54.313148    1369 xla_compilation_cache.cc:113] XLA compilation cache fetch for computation 'jit_multiply' (key 7fdfa743282370b1) took 245.874991ms: PERSISTENT_FETCH
2026-08-28T09:48:54.550550279Z I0828 09:48:54.550435    1370 tpu_chip_config.cc:367] Resolved chip config alias megachip_tccontrol->megacore for 2093c6a02, 
2026-08-28T09:48:54.551988387Z I0828 09:48:54.551928    1370 tpu_chip_config.cc:367] Resolved chip config alias megachip_tccontrol->megacore for 2093c6a02, 
2026-08-28T09:48:54.552856488Z I0828 09:48:54.552794    1370 xla_compilation_cache.cc:113] XLA compilation cache fetch for computation 'jit__reduce_sum' (key 5e6da6efca03ab3b) took 250.941232ms: PERSISTENT_FETCH
2026-08-28T09:48:54.553061369Z I0828 09:48:54.552977    3087 server_lib.cc:1855] Attempting to load component jit_clip.15988940423104944279 @ 0 at worker after 1.293706ms (proto size 2482)
2026-08-28T09:48:54.793734574Z I0828 09:48:54.793664    3087 server_lib.cc:1855] Attempting to load component jit__reduce_sum.5598368294899623587 @ 0 at worker after 763.336us (proto size 2418)
2026-08-28T09:48:54.799730850Z I0828 09:48:54.799651    1370 tpu_chip_config.cc:367] Resolved chip config alias megachip_tccontrol->megacore for 2093c6a02, 
2026-08-28T09:48:54.801228421Z I0828 09:48:54.801153    1370 tpu_chip_config.cc:367] Resolved chip config alias megachip_tccontrol->megacore for 2093c6a02, 
2026-08-28T09:48:54.802121638Z I0828 09:48:54.802059    1370 xla_compilation_cache.cc:113] XLA compilation cache fetch for computation 'jit_clip' (key 23e328b896f2a193) took 249.092184ms: PERSISTENT_FETCH
2026-08-28T09:48:55.058469170Z I0828 09:48:55.058382    1369 tpu_chip_config.cc:367] Resolved chip config alias megachip_tccontrol->megacore for 2093c6a02, 
2026-08-28T09:48:55.060016454Z I0828 09:48:55.059950    1369 tpu_chip_config.cc:367] Resolved chip config alias megachip_tccontrol->megacore for 2093c6a02, 
2026-08-28T09:48:55.060863686Z I0828 09:48:55.060803    1369 xla_compilation_cache.cc:113] XLA compilation cache fetch for computation 'jit__reduce_sum' (key bf82337d1fc2a392) took 267.147408ms: PERSISTENT_FETCH
2026-08-28T09:48:55.266680682Z I0828 09:48:55.266595    3065 server_lib.cc:1855] Attempting to load component jit_true_divide.15988940423104943341 @ 0 at worker after 758.518us (proto size 2457)
2026-08-28T09:48:55.486973087Z I0828 09:48:55.486878    3065 server_lib.cc:1855] Attempting to load component jit_subtract.5598368294899623153 @ 0 at worker after 670.807us (proto size 2441)
2026-08-28T09:48:55.498343261Z I0828 09:48:55.498275    1369 tpu_chip_config.cc:367] Resolved chip config alias megachip_tccontrol->megacore for 2093c6a02, 
2026-08-28T09:48:55.499847188Z I0828 09:48:55.499792    1369 tpu_chip_config.cc:367] Resolved chip config alias megachip_tccontrol->megacore for 2093c6a02, 
2026-08-28T09:48:55.500678107Z I0828 09:48:55.500626    1369 xla_compilation_cache.cc:113] XLA compilation cache fetch for computation 'jit_true_divide' (key bcd016b09189073b) took 234.041118ms: PERSISTENT_FETCH
2026-08-28T09:48:55.692417330Z I0828 09:48:55.692328    3065 server_lib.cc:1855] Attempting to load component jit_broadcast_in_dim.15988940423104942872 @ 0 at worker after 691.536us (proto size 2428)
2026-08-28T09:48:55.707976804Z I0828 09:48:55.707909    1370 tpu_chip_config.cc:367] Resolved chip config alias megachip_tccontrol->megacore for 2093c6a02, 
2026-08-28T09:48:55.709495282Z I0828 09:48:55.709441    1370 tpu_chip_config.cc:367] Resolved chip config alias megachip_tccontrol->megacore for 2093c6a02, 
2026-08-28T09:48:55.710334603Z I0828 09:48:55.710281    1370 xla_compilation_cache.cc:113] XLA compilation cache fetch for computation 'jit_subtract' (key 1ed3ef5a49c45b74) took 223.408335ms: PERSISTENT_FETCH
2026-08-28T09:48:55.927451071Z I0828 09:48:55.927366    3060 server_lib.cc:1855] Attempting to load component jit_add.5598368294899624984 @ 0 at worker after 744.371us (proto size 2430)
2026-08-28T09:48:55.947449280Z I0828 09:48:55.947381    1369 tpu_chip_config.cc:367] Resolved chip config alias megachip_tccontrol->megacore for 2093c6a02, 
2026-08-28T09:48:55.948979576Z I0828 09:48:55.948925    1369 tpu_chip_config.cc:367] Resolved chip config alias megachip_tccontrol->megacore for 2093c6a02, 
2026-08-28T09:48:55.949757460Z I0828 09:48:55.949689    1369 xla_compilation_cache.cc:113] XLA compilation cache fetch for computation 'jit_broadcast_in_dim' (key fdf99b4baecb1df6) took 257.368327ms: PERSISTENT_FETCH
2026-08-28T09:48:56.172728525Z I0828 09:48:56.172642    3024 server_lib.cc:1855] Attempting to load component jit_clip.15988940423104942403 @ 0 at worker after 750.025us (proto size 2445)
2026-08-28T09:48:56.181945457Z I0828 09:48:56.181874    1370 tpu_chip_config.cc:367] Resolved chip config alias megachip_tccontrol->megacore for 2093c6a02, 
2026-08-28T09:48:56.183441748Z I0828 09:48:56.183385    1370 tpu_chip_config.cc:367] Resolved chip config alias megachip_tccontrol->megacore for 2093c6a02, 
2026-08-28T09:48:56.184259690Z I0828 09:48:56.184207    1370 xla_compilation_cache.cc:113] XLA compilation cache fetch for computation 'jit_add' (key b180390b42237c42) took 256.849144ms: PERSISTENT_FETCH
2026-08-28T09:48:56.408913154Z I0828 09:48:56.408825    3113 server_lib.cc:1855] Attempting to load component jit_exp.5598368294899621964 @ 0 at worker after 1.162184ms (proto size 2405)
2026-08-28T09:48:56.416265145Z I0828 09:48:56.416202    1369 tpu_chip_config.cc:367] Resolved chip config alias megachip_tccontrol->megacore for 2093c6a02, 
2026-08-28T09:48:56.417756349Z I0828 09:48:56.417702    1369 tpu_chip_config.cc:367] Resolved chip config alias megachip_tccontrol->megacore for 2093c6a02, 
2026-08-28T09:48:56.418609851Z I0828 09:48:56.418552    1369 xla_compilation_cache.cc:113] XLA compilation cache fetch for computation 'jit_clip' (key af6d878a307a75f9) took 245.918412ms: PERSISTENT_FETCH
2026-08-28T09:48:56.656387080Z I0828 09:48:56.656317    1370 tpu_chip_config.cc:367] Resolved chip config alias megachip_tccontrol->megacore for 2093c6a02, 
2026-08-28T09:48:56.657939079Z I0828 09:48:56.657885    1370 tpu_chip_config.cc:367] Resolved chip config alias megachip_tccontrol->megacore for 2093c6a02, 
2026-08-28T09:48:56.658776242Z I0828 09:48:56.658716    1370 xla_compilation_cache.cc:113] XLA compilation cache fetch for computation 'jit_exp' (key 3d439b67ea163a9) took 249.899796ms: PERSISTENT_FETCH
2026-08-28T09:48:57.057032334Z I0828 09:48:57.056926    3060 server_lib.cc:1855] Attempting to load component jit_multiply.15988940423104945561 @ 0 at worker after 741.574us (proto size 2441)
2026-08-28T09:48:57.263489670Z I0828 09:48:57.263403    1370 tpu_chip_config.cc:367] Resolved chip config alias megachip_tccontrol->megacore for 2093c6a02, 
2026-08-28T09:48:57.265051664Z I0828 09:48:57.264996    1370 tpu_chip_config.cc:367] Resolved chip config alias megachip_tccontrol->megacore for 2093c6a02, 
2026-08-28T09:48:57.265901369Z I0828 09:48:57.265844    1370 xla_compilation_cache.cc:113] XLA compilation cache fetch for computation 'jit_multiply' (key fc4d2fab9725af8e) took 208.929095ms: PERSISTENT_FETCH
2026-08-28T09:48:57.533417516Z I0828 09:48:57.533314    3065 server_lib.cc:1855] Attempting to load component jit_clip.15988940423104945092 @ 0 at worker after 770.239us (proto size 2482)
2026-08-28T09:48:57.786006025Z I0828 09:48:57.785932    1370 tpu_chip_config.cc:367] Resolved chip config alias megachip_tccontrol->megacore for 2093c6a02, 
2026-08-28T09:48:57.787537557Z I0828 09:48:57.787480    1370 tpu_chip_config.cc:367] Resolved chip config alias megachip_tccontrol->megacore for 2093c6a02, 
2026-08-28T09:48:57.788207517Z I0828 09:48:57.788126    3065 server_lib.cc:1855] Attempting to load component jit_maximum.5598368294899625947 @ 0 at worker after 671.078us (proto size 2490)
2026-08-28T09:48:57.788474223Z I0828 09:48:57.788412    1370 xla_compilation_cache.cc:113] XLA compilation cache fetch for computation 'jit_clip' (key e1bbdc25b0e45d2b) took 255.106092ms: PERSISTENT_FETCH
2026-08-28T09:48:58.056368393Z I0828 09:48:58.056260    3050 server_lib.cc:1855] Attempting to load component jit_greater.15988940423104944623 @ 0 at worker after 629.717us (proto size 2440)
2026-08-28T09:48:58.067475343Z I0828 09:48:58.067407    1369 tpu_chip_config.cc:367] Resolved chip config alias megachip_tccontrol->megacore for 2093c6a02, 
2026-08-28T09:48:58.068988919Z I0828 09:48:58.068936    1369 tpu_chip_config.cc:367] Resolved chip config alias megachip_tccontrol->megacore for 2093c6a02, 
2026-08-28T09:48:58.069882108Z I0828 09:48:58.069829    1369 xla_compilation_cache.cc:113] XLA compilation cache fetch for computation 'jit_maximum' (key 20ba3831ab99cb1e) took 281.709433ms: PERSISTENT_FETCH
2026-08-28T09:48:58.283769653Z I0828 09:48:58.283673    3065 server_lib.cc:1855] Attempting to load component jit_convert_element_type.5598368294899623682 @ 0 at worker after 768.388us (proto size 2440)
2026-08-28T09:48:58.298011487Z I0828 09:48:58.297950    1370 tpu_chip_config.cc:367] Resolved chip config alias megachip_tccontrol->megacore for 2093c6a02, 
2026-08-28T09:48:58.299513280Z I0828 09:48:58.299456    1370 tpu_chip_config.cc:367] Resolved chip config alias megachip_tccontrol->megacore for 2093c6a02, 
2026-08-28T09:48:58.300289780Z I0828 09:48:58.300240    1370 xla_compilation_cache.cc:113] XLA compilation cache fetch for computation 'jit_greater' (key fcfa006d15426f67) took 243.989666ms: PERSISTENT_FETCH
2026-08-28T09:48:58.472859148Z I0828 09:48:58.472779    3050 server_lib.cc:1855] Attempting to load component jit_multiply.15988940423104944154 @ 0 at worker after 570.875us (proto size 2442)
2026-08-28T09:48:58.487197014Z I0828 09:48:58.487132    1369 tpu_chip_config.cc:367] Resolved chip config alias megachip_tccontrol->megacore for 2093c6a02, 
2026-08-28T09:48:58.488682309Z I0828 09:48:58.488630    1369 tpu_chip_config.cc:367] Resolved chip config alias megachip_tccontrol->megacore for 2093c6a02, 
2026-08-28T09:48:58.489443241Z I0828 09:48:58.489391    1369 xla_compilation_cache.cc:113] XLA compilation cache fetch for computation 'jit_convert_element_type' (key 9858f12e618f42f9) took 205.729018ms: PERSISTENT_FETCH
2026-08-28T09:48:58.687192155Z I0828 09:48:58.687137    1370 tpu_chip_config.cc:367] Resolved chip config alias megachip_tccontrol->megacore for 2093c6a02, 
2026-08-28T09:48:58.688670798Z I0828 09:48:58.688616    1370 tpu_chip_config.cc:367] Resolved chip config alias megachip_tccontrol->megacore for 2093c6a02, 
2026-08-28T09:48:58.689449851Z I0828 09:48:58.689404    1370 xla_compilation_cache.cc:113] XLA compilation cache fetch for computation 'jit_multiply' (key 56a2f6c0d1c7dce7) took 216.632216ms: PERSISTENT_FETCH
2026-08-28T09:48:58.865989159Z I0828 09:48:58.865890    3113 server_lib.cc:1855] Attempting to load component jit_bitwise_and.5598368294899623248 @ 0 at worker after 701.69us (proto size 2446)
2026-08-28T09:48:59.101245233Z I0828 09:48:59.101114    1370 tpu_chip_config.cc:367] Resolved chip config alias megachip_tccontrol->megacore for 2093c6a02, 
2026-08-28T09:48:59.102745625Z I0828 09:48:59.102691    1370 tpu_chip_config.cc:367] Resolved chip config alias megachip_tccontrol->megacore for 2093c6a02, 
2026-08-28T09:48:59.103568697Z I0828 09:48:59.103499    1370 xla_compilation_cache.cc:113] XLA compilation cache fetch for computation 'jit_bitwise_and' (key 4425591f7e345e31) took 237.617259ms: PERSISTENT_FETCH
2026-08-28T09:48:59.371483690Z I0828 09:48:59.371385    3113 server_lib.cc:1855] Attempting to load component jit__reduce_sum.5598368294899625079 @ 0 at worker after 666.098us (proto size 2418)
2026-08-28T09:48:59.608004270Z I0828 09:48:59.607917    1370 tpu_chip_config.cc:367] Resolved chip config alias megachip_tccontrol->megacore for 2093c6a02, 
2026-08-28T09:48:59.609654169Z I0828 09:48:59.609593    1370 tpu_chip_config.cc:367] Resolved chip config alias megachip_tccontrol->megacore for 2093c6a02, 
2026-08-28T09:48:59.610501741Z I0828 09:48:59.610448    1370 xla_compilation_cache.cc:113] XLA compilation cache fetch for computation 'jit__reduce_sum' (key 467c86885ac30774) took 239.072066ms: PERSISTENT_FETCH
2026-08-28T09:48:59.797199994Z I0828 09:48:59.797124    3113 server_lib.cc:1855] Attempting to load component jit_true_divide.5598368294899622059 @ 0 at worker after 749.008us (proto size 2435)
2026-08-28T09:49:00.048455362Z I0828 09:49:00.048381    1370 tpu_chip_config.cc:367] Resolved chip config alias megachip_tccontrol->megacore for 2093c6a02, 
2026-08-28T09:49:00.050087804Z I0828 09:49:00.050032    1370 tpu_chip_config.cc:367] Resolved chip config alias megachip_tccontrol->megacore for 2093c6a02, 
2026-08-28T09:49:00.050889626Z I0828 09:49:00.050837    1370 xla_compilation_cache.cc:113] XLA compilation cache fetch for computation 'jit_true_divide' (key 6c010c44a494a4f8) took 253.724135ms: PERSISTENT_FETCH
2026-08-28T09:49:00.298613629Z I0828 09:49:00.298540    3087 server_lib.cc:1855] Attempting to load component jit__reduce_sum.5598368294899623890 @ 0 at worker after 720.403us (proto size 2404)
2026-08-28T09:49:00.501768575Z I0828 09:49:00.501662    3065 server_lib.cc:1855] Attempting to load component jit_minimum.15988940423104943018 @ 0 at worker after 651.492us (proto size 2491)
2026-08-28T09:49:00.507684647Z I0828 09:49:00.507609    1370 tpu_chip_config.cc:367] Resolved chip config alias megachip_tccontrol->megacore for 2093c6a02, 
2026-08-28T09:49:00.509235222Z I0828 09:49:00.509184    1370 tpu_chip_config.cc:367] Resolved chip config alias megachip_tccontrol->megacore for 2093c6a02, 
2026-08-28T09:49:00.510103851Z I0828 09:49:00.510051    1370 xla_compilation_cache.cc:113] XLA compilation cache fetch for computation 'jit__reduce_sum' (key e26f4f410089f389) took 211.541489ms: PERSISTENT_FETCH
2026-08-28T09:49:00.725899887Z I0828 09:49:00.725801    3113 server_lib.cc:1855] Attempting to load component jit__where.5598368294899624966 @ 0 at worker after 692.217us (proto size 2485)
2026-08-28T09:49:00.741187993Z I0828 09:49:00.741116    1369 tpu_chip_config.cc:367] Resolved chip config alias megachip_tccontrol->megacore for 2093c6a02, 
2026-08-28T09:49:00.742809281Z I0828 09:49:00.742757    1369 tpu_chip_config.cc:367] Resolved chip config alias megachip_tccontrol->megacore for 2093c6a02, 
2026-08-28T09:49:00.743786117Z I0828 09:49:00.743732    1369 xla_compilation_cache.cc:113] XLA compilation cache fetch for computation 'jit_minimum' (key 6b4bcdb9d9819f09) took 242.079891ms: PERSISTENT_FETCH
2026-08-28T09:49:00.964435532Z I0828 09:49:00.964369    1370 tpu_chip_config.cc:367] Resolved chip config alias megachip_tccontrol->megacore for 2093c6a02, 
2026-08-28T09:49:00.965480232Z I0828 09:49:00.965374    3087 server_lib.cc:1855] Attempting to load component jit_true_divide.15988940423104943758 @ 0 at worker after 689.152us (proto size 2457)
2026-08-28T09:49:00.965946488Z I0828 09:49:00.965898    1370 tpu_chip_config.cc:367] Resolved chip config alias megachip_tccontrol->megacore for 2093c6a02, 
2026-08-28T09:49:00.966793499Z I0828 09:49:00.966741    1370 xla_compilation_cache.cc:113] XLA compilation cache fetch for computation 'jit__where' (key 4067a05c24b94a) took 240.949141ms: PERSISTENT_FETCH
2026-08-28T09:49:01.200607172Z I0828 09:49:01.200484    3090 server_lib.cc:1855] Attempting to load component jit__reduce_sum.5598368294899622701 @ 0 at worker after 708.29us (proto size 2404)
2026-08-28T09:49:01.207328291Z I0828 09:49:01.207243    1369 tpu_chip_config.cc:367] Resolved chip config alias megachip_tccontrol->megacore for 2093c6a02, 
2026-08-28T09:49:01.208852657Z I0828 09:49:01.208795    1369 tpu_chip_config.cc:367] Resolved chip config alias megachip_tccontrol->megacore for 2093c6a02, 
2026-08-28T09:49:01.209652110Z I0828 09:49:01.209606    1369 xla_compilation_cache.cc:113] XLA compilation cache fetch for computation 'jit_true_divide' (key af7d453c68d913e2) took 244.242305ms: PERSISTENT_FETCH
2026-08-28T09:49:01.425320151Z I0828 09:49:01.425212    3090 server_lib.cc:1855] Attempting to load component jit_convert_element_type.15988940423104943289 @ 0 at worker after 750.259us (proto size 2413)
2026-08-28T09:49:01.440719589Z I0828 09:49:01.440656    1370 tpu_chip_config.cc:367] Resolved chip config alias megachip_tccontrol->megacore for 2093c6a02, 
2026-08-28T09:49:01.442231062Z I0828 09:49:01.442180    1370 tpu_chip_config.cc:367] Resolved chip config alias megachip_tccontrol->megacore for 2093c6a02, 
2026-08-28T09:49:01.443090744Z I0828 09:49:01.443032    1370 xla_compilation_cache.cc:113] XLA compilation cache fetch for computation 'jit__reduce_sum' (key a01abe6d6260bdc0) took 242.556213ms: PERSISTENT_FETCH
2026-08-28T09:49:01.662688358Z I0828 09:49:01.662601    3050 server_lib.cc:1855] Attempting to load component jit__mean.5598368294899623022 @ 0 at worker after 648.844us (proto size 2392)
2026-08-28T09:49:01.671112800Z I0828 09:49:01.671049    1369 tpu_chip_config.cc:367] Resolved chip config alias megachip_tccontrol->megacore for 2093c6a02, 
2026-08-28T09:49:01.672632367Z I0828 09:49:01.672579    1369 tpu_chip_config.cc:367] Resolved chip config alias megachip_tccontrol->megacore for 2093c6a02, 
2026-08-28T09:49:01.673389964Z I0828 09:49:01.673340    1369 xla_compilation_cache.cc:113] XLA compilation cache fetch for computation 'jit_convert_element_type' (key 67c9710f4d007cdf) took 248.137139ms: PERSISTENT_FETCH
2026-08-28T09:49:01.927765417Z I0828 09:49:01.927701    1370 tpu_chip_config.cc:367] Resolved chip config alias megachip_tccontrol->megacore for 2093c6a02, 
2026-08-28T09:49:01.929244343Z I0828 09:49:01.929195    1370 tpu_chip_config.cc:367] Resolved chip config alias megachip_tccontrol->megacore for 2093c6a02, 
2026-08-28T09:49:01.930106940Z I0828 09:49:01.930053    1370 xla_compilation_cache.cc:113] XLA compilation cache fetch for computation 'jit__mean' (key 8fbbe7f73858282f) took 267.460496ms: PERSISTENT_FETCH
2026-08-28T09:49:02.125980414Z I0828 09:49:02.125879    3090 server_lib.cc:1855] Attempting to load component jit_masked_mean.5598368294899625929 @ 0 at worker after 703.438us (proto size 2469)
2026-08-28T09:49:02.373751322Z I0828 09:49:02.373660    1370 tpu_chip_config.cc:367] Resolved chip config alias megachip_tccontrol->megacore for 2093c6a02, 
2026-08-28T09:49:02.375225262Z I0828 09:49:02.375177    1370 tpu_chip_config.cc:367] Resolved chip config alias megachip_tccontrol->megacore for 2093c6a02, 
2026-08-28T09:49:02.376122399Z I0828 09:49:02.376068    1370 xla_compilation_cache.cc:113] XLA compilation cache fetch for computation 'jit_masked_mean' (key e54310776ecaed0) took 250.197447ms: PERSISTENT_FETCH
2026-08-28T09:49:02.594703778Z I0828 09:49:02.594612    3087 server_lib.cc:1855] Attempting to load component jit__where.5598368294899622909 @ 0 at worker after 810.068us (proto size 2474)
2026-08-28T09:49:02.818085323Z I0828 09:49:02.818012    3090 server_lib.cc:1855] Attempting to load component jit__reduce_max.15988940423104943091 @ 0 at worker after 756.797us (proto size 2445)
2026-08-28T09:49:02.821405519Z I0828 09:49:02.821333    1370 tpu_chip_config.cc:367] Resolved chip config alias megachip_tccontrol->megacore for 2093c6a02, 
2026-08-28T09:49:02.822916001Z I0828 09:49:02.822859    1370 tpu_chip_config.cc:367] Resolved chip config alias megachip_tccontrol->megacore for 2093c6a02, 
2026-08-28T09:49:02.823761725Z I0828 09:49:02.823709    1370 xla_compilation_cache.cc:113] XLA compilation cache fetch for computation 'jit__where' (key 9b98bd8f269dc37c) took 229.106932ms: PERSISTENT_FETCH
2026-08-28T09:49:03.056960108Z I0828 09:49:03.056870    3024 server_lib.cc:1855] Attempting to load component jit__reduce_min.5598368294899623230 @ 0 at worker after 722.466us (proto size 2444)
2026-08-28T09:49:03.058503232Z I0828 09:49:03.058440    1369 tpu_chip_config.cc:367] Resolved chip config alias megachip_tccontrol->megacore for 2093c6a02, 
2026-08-28T09:49:03.060018534Z I0828 09:49:03.059969    1369 tpu_chip_config.cc:367] Resolved chip config alias megachip_tccontrol->megacore for 2093c6a02, 
2026-08-28T09:49:03.060924752Z I0828 09:49:03.060867    1369 xla_compilation_cache.cc:113] XLA compilation cache fetch for computation 'jit__reduce_max' (key 580ea8c1d8a6d62d) took 242.863087ms: PERSISTENT_FETCH
2026-08-28T09:49:03.291022875Z I0828 09:49:03.290914    3024 server_lib.cc:1855] Attempting to load component jit_abs.15988940423104942622 @ 0 at worker after 690.742us (proto size 2432)
2026-08-28T09:49:03.303759867Z I0828 09:49:03.303693    1370 tpu_chip_config.cc:367] Resolved chip config alias megachip_tccontrol->megacore for 2093c6a02, 
2026-08-28T09:49:03.305225007Z I0828 09:49:03.305172    1370 tpu_chip_config.cc:367] Resolved chip config alias megachip_tccontrol->megacore for 2093c6a02, 
2026-08-28T09:49:03.306125491Z I0828 09:49:03.306070    1370 xla_compilation_cache.cc:113] XLA compilation cache fetch for computation 'jit__reduce_min' (key 6383e1f9741ecbc0) took 249.24362ms: PERSISTENT_FETCH
2026-08-28T09:49:03.502387550Z I0828 09:49:03.502327    1369 tpu_chip_config.cc:367] Resolved chip config alias megachip_tccontrol->megacore for 2093c6a02, 
2026-08-28T09:49:03.503899732Z I0828 09:49:03.503837    1369 tpu_chip_config.cc:367] Resolved chip config alias megachip_tccontrol->megacore for 2093c6a02, 
2026-08-28T09:49:03.504722150Z I0828 09:49:03.504674    1369 xla_compilation_cache.cc:113] XLA compilation cache fetch for computation 'jit_abs' (key e7a1541ed2e03f84) took 213.767303ms: PERSISTENT_FETCH
2026-08-28T09:49:06.023805382Z I0828 09:49:06.023713    3065 server_lib.cc:1855] Attempting to load component jit_broadcast_in_dim.15988940423104944915 @ 0 at worker after 695.832us (proto size 2415)
2026-08-28T09:49:06.247154523Z I0828 09:49:06.247090    3065 server_lib.cc:1855] Attempting to load component jit_div.5598368294899623325 @ 0 at worker after 690.526us (proto size 2419)
2026-08-28T09:49:06.257586906Z I0828 09:49:06.257491    1369 tpu_chip_config.cc:367] Resolved chip config alias megachip_tccontrol->megacore for 2093c6a02, 
2026-08-28T09:49:06.259390208Z I0828 09:49:06.259336    1369 tpu_chip_config.cc:367] Resolved chip config alias megachip_tccontrol->megacore for 2093c6a02, 
2026-08-28T09:49:06.260297401Z I0828 09:49:06.260241    1369 xla_compilation_cache.cc:113] XLA compilation cache fetch for computation 'jit_broadcast_in_dim' (key 915a3c865f22631e) took 236.53778ms: PERSISTENT_FETCH
2026-08-28T09:49:06.476671333Z I0828 09:49:06.476564    3065 server_lib.cc:1855] Attempting to load component jit_broadcast_in_dim.15988940423104944446 @ 0 at worker after 650.415us (proto size 2429)
2026-08-28T09:49:06.495043749Z I0828 09:49:06.494966    1370 tpu_chip_config.cc:367] Resolved chip config alias megachip_tccontrol->megacore for 2093c6a02, 
2026-08-28T09:49:06.496676542Z I0828 09:49:06.496622    1370 tpu_chip_config.cc:367] Resolved chip config alias megachip_tccontrol->megacore for 2093c6a02, 
2026-08-28T09:49:06.497624435Z I0828 09:49:06.497565    1370 xla_compilation_cache.cc:113] XLA compilation cache fetch for computation 'jit_div' (key 65a6afbb31ee3cd7) took 250.481592ms: PERSISTENT_FETCH
2026-08-28T09:49:06.692851261Z I0828 09:49:06.692764    3065 server_lib.cc:1855] Attempting to load component jit_mul.5598368294899625156 @ 0 at worker after 710.267us (proto size 2431)
2026-08-28T09:49:06.708202468Z I0828 09:49:06.708137    1369 tpu_chip_config.cc:367] Resolved chip config alias megachip_tccontrol->megacore for 2093c6a02, 
2026-08-28T09:49:06.709697832Z I0828 09:49:06.709642    1369 tpu_chip_config.cc:367] Resolved chip config alias megachip_tccontrol->megacore for 2093c6a02, 
2026-08-28T09:49:06.710464920Z I0828 09:49:06.710414    1369 xla_compilation_cache.cc:113] XLA compilation cache fetch for computation 'jit_broadcast_in_dim' (key 397bb6dc0e9dcc90) took 233.859771ms: PERSISTENT_FETCH
2026-08-28T09:49:06.923583178Z I0828 09:49:06.923448    3024 server_lib.cc:1855] Attempting to load component jit__where.15988940423104943977 @ 0 at worker after 694.206us (proto size 2464)
2026-08-28T09:49:06.938586320Z I0828 09:49:06.938503    1370 tpu_chip_config.cc:367] Resolved chip config alias megachip_tccontrol->megacore for 2093c6a02, 
2026-08-28T09:49:06.940082445Z I0828 09:49:06.940027    1370 tpu_chip_config.cc:367] Resolved chip config alias megachip_tccontrol->megacore for 2093c6a02, 
2026-08-28T09:49:06.940875019Z I0828 09:49:06.940820    1370 xla_compilation_cache.cc:113] XLA compilation cache fetch for computation 'jit_mul' (key f4f3802c25177a67) took 248.064316ms: PERSISTENT_FETCH
2026-08-28T09:49:07.148152816Z I0828 09:49:07.148065    3024 server_lib.cc:1855] Attempting to load component jit_add.5598368294899622891 @ 0 at worker after 651.243us (proto size 2431)
2026-08-28T09:49:07.164195589Z I0828 09:49:07.164122    1369 tpu_chip_config.cc:367] Resolved chip config alias megachip_tccontrol->megacore for 2093c6a02, 
2026-08-28T09:49:07.165659769Z I0828 09:49:07.165608    1369 tpu_chip_config.cc:367] Resolved chip config alias megachip_tccontrol->megacore for 2093c6a02, 
2026-08-28T09:49:07.166515988Z I0828 09:49:07.166465    1369 xla_compilation_cache.cc:113] XLA compilation cache fetch for computation 'jit__where' (key 7f56ff652afe96d7) took 243.024868ms: PERSISTENT_FETCH
2026-08-28T09:49:07.390442395Z I0828 09:49:07.390353    3024 server_lib.cc:1855] Attempting to load component jit_mul.15988940423104943508 @ 0 at worker after 667.56us (proto size 2431)
2026-08-28T09:49:07.399247579Z I0828 09:49:07.399182    1370 tpu_chip_config.cc:367] Resolved chip config alias megachip_tccontrol->megacore for 2093c6a02, 
2026-08-28T09:49:07.400715827Z I0828 09:49:07.400655    1370 tpu_chip_config.cc:367] Resolved chip config alias megachip_tccontrol->megacore for 2093c6a02, 
2026-08-28T09:49:07.401486467Z I0828 09:49:07.401427    1370 xla_compilation_cache.cc:113] XLA compilation cache fetch for computation 'jit_add' (key 5a35754ce5b26cb2) took 253.37069ms: PERSISTENT_FETCH
2026-08-28T09:49:07.633953075Z I0828 09:49:07.633874    3050 server_lib.cc:1855] Attempting to load component jit_clip.5598368294899624722 @ 0 at worker after 631.308us (proto size 2459)
2026-08-28T09:49:07.645142978Z I0828 09:49:07.645056    1369 tpu_chip_config.cc:367] Resolved chip config alias megachip_tccontrol->megacore for 2093c6a02, 
2026-08-28T09:49:07.646559650Z I0828 09:49:07.646507    1369 tpu_chip_config.cc:367] Resolved chip config alias megachip_tccontrol->megacore for 2093c6a02, 
2026-08-28T09:49:07.647386211Z I0828 09:49:07.647300    1369 xla_compilation_cache.cc:113] XLA compilation cache fetch for computation 'jit_mul' (key 7f01b13a9f5debdc) took 256.953541ms: PERSISTENT_FETCH
2026-08-28T09:49:07.861354666Z I0828 09:49:07.861290    1370 tpu_chip_config.cc:367] Resolved chip config alias megachip_tccontrol->megacore for 2093c6a02, 
2026-08-28T09:49:07.861967725Z I0828 09:49:07.861887    3050 server_lib.cc:1855] Attempting to load component jit_clip.15988940423104943039 @ 0 at worker after 608.533us (proto size 2433)
2026-08-28T09:49:07.862827056Z I0828 09:49:07.862769    1370 tpu_chip_config.cc:367] Resolved chip config alias megachip_tccontrol->megacore for 2093c6a02, 
2026-08-28T09:49:07.863640748Z I0828 09:49:07.863581    1370 xla_compilation_cache.cc:113] XLA compilation cache fetch for computation 'jit_clip' (key 5fe9764764ac37e6) took 229.715273ms: PERSISTENT_FETCH
2026-08-28T09:49:08.078317895Z I0828 09:49:08.078241    1369 tpu_chip_config.cc:367] Resolved chip config alias megachip_tccontrol->megacore for 2093c6a02, 
2026-08-28T09:49:08.079851348Z I0828 09:49:08.079787    1369 tpu_chip_config.cc:367] Resolved chip config alias megachip_tccontrol->megacore for 2093c6a02, 
2026-08-28T09:49:08.080651054Z I0828 09:49:08.080592    1369 xla_compilation_cache.cc:113] XLA compilation cache fetch for computation 'jit_clip' (key 211bedc93f50924) took 218.7128ms: PERSISTENT_FETCH
2026-08-28T09:49:08.278900408Z I0828 09:49:08.278792    3113 server_lib.cc:1855] Attempting to load component jit_reshape.5598368294899625043 @ 0 at worker after 812.11us (proto size 2416)
2026-08-28T09:49:08.488774406Z I0828 09:49:08.488689    3113 server_lib.cc:1855] Attempting to load component jit_swapaxes.15988940423104943310 @ 0 at worker after 648.235us (proto size 2421)
2026-08-28T09:49:08.501056066Z I0828 09:49:08.500965    1369 tpu_chip_config.cc:367] Resolved chip config alias megachip_tccontrol->megacore for 2093c6a02, 
2026-08-28T09:49:08.502531848Z I0828 09:49:08.502458    1369 tpu_chip_config.cc:367] Resolved chip config alias megachip_tccontrol->megacore for 2093c6a02, 
2026-08-28T09:49:08.503302955Z I0828 09:49:08.503244    1369 xla_compilation_cache.cc:113] XLA compilation cache fetch for computation 'jit_reshape' (key f20f1c4228371a48) took 224.461162ms: PERSISTENT_FETCH
2026-08-28T09:49:08.715434109Z I0828 09:49:08.715354    1370 tpu_chip_config.cc:367] Resolved chip config alias megachip_tccontrol->megacore for 2093c6a02, 
2026-08-28T09:49:08.716895488Z I0828 09:49:08.716835    1370 tpu_chip_config.cc:367] Resolved chip config alias megachip_tccontrol->megacore for 2093c6a02, 
2026-08-28T09:49:08.717672109Z I0828 09:49:08.717618    1370 xla_compilation_cache.cc:113] XLA compilation cache fetch for computation 'jit_swapaxes' (key 589f9603006d93d4) took 228.936644ms: PERSISTENT_FETCH
2026-08-28T09:49:09.189804594Z I0828 09:49:09.189722    3113 server_lib.cc:1855] Attempting to load component jit_subtract.5598368294899623854 @ 0 at worker after 740.098us (proto size 2441)
2026-08-28T09:49:09.406853870Z I0828 09:49:09.406787    3050 server_lib.cc:1855] Attempting to load component jit_negative.15988940423104942372 @ 0 at worker after 674.193us (proto size 2417)
2026-08-28T09:49:09.410294989Z I0828 09:49:09.410188    1370 tpu_chip_config.cc:367] Resolved chip config alias megachip_tccontrol->megacore for 2093c6a02, 
2026-08-28T09:49:09.411788802Z I0828 09:49:09.411714    1370 tpu_chip_config.cc:367] Resolved chip config alias megachip_tccontrol->megacore for 2093c6a02, 
2026-08-28T09:49:09.412555680Z I0828 09:49:09.412460    1370 xla_compilation_cache.cc:113] XLA compilation cache fetch for computation 'jit_subtract' (key 504ebbfddc0356d5) took 222.747401ms: PERSISTENT_FETCH
2026-08-28T09:49:09.589168578Z I0828 09:49:09.589096    3024 server_lib.cc:1855] Attempting to load component jit_clip.5598368294899625685 @ 0 at worker after 764.642us (proto size 2430)
2026-08-28T09:49:09.591491345Z I0828 09:49:09.591416    1369 tpu_chip_config.cc:367] Resolved chip config alias megachip_tccontrol->megacore for 2093c6a02, 
2026-08-28T09:49:09.592969076Z I0828 09:49:09.592900    1369 tpu_chip_config.cc:367] Resolved chip config alias megachip_tccontrol->megacore for 2093c6a02, 
2026-08-28T09:49:09.593739576Z I0828 09:49:09.593677    1369 xla_compilation_cache.cc:113] XLA compilation cache fetch for computation 'jit_negative' (key 402ec2ec6e627c79) took 186.897346ms: PERSISTENT_FETCH
2026-08-28T09:49:09.801196676Z I0828 09:49:09.801121    3090 server_lib.cc:1855] Attempting to load component jit_true_divide.5598368294899621910 @ 0 at worker after 640.191us (proto size 2435)
2026-08-28T09:49:09.806299032Z I0828 09:49:09.806224    1370 tpu_chip_config.cc:367] Resolved chip config alias megachip_tccontrol->megacore for 2093c6a02, 
2026-08-28T09:49:09.807778440Z I0828 09:49:09.807708    1370 tpu_chip_config.cc:367] Resolved chip config alias megachip_tccontrol->megacore for 2093c6a02, 
2026-08-28T09:49:09.808548896Z I0828 09:49:09.808468    1370 xla_compilation_cache.cc:113] XLA compilation cache fetch for computation 'jit_clip' (key c8f7619b66b920c1) took 219.380377ms: PERSISTENT_FETCH
2026-08-28T09:49:10.021832925Z I0828 09:49:10.021756    3024 server_lib.cc:1855] Attempting to load component jit_subtract.15988940423104943112 @ 0 at worker after 649.026us (proto size 2442)
2026-08-28T09:49:10.032379573Z I0828 09:49:10.032294    1369 tpu_chip_config.cc:367] Resolved chip config alias megachip_tccontrol->megacore for 2093c6a02, 
2026-08-28T09:49:10.033922681Z I0828 09:49:10.033854    1369 tpu_chip_config.cc:367] Resolved chip config alias megachip_tccontrol->megacore for 2093c6a02, 
2026-08-28T09:49:10.034727236Z I0828 09:49:10.034659    1369 xla_compilation_cache.cc:113] XLA compilation cache fetch for computation 'jit_true_divide' (key 399129ac904f6178) took 233.546378ms: PERSISTENT_FETCH
2026-08-28T09:49:10.203160294Z I0828 09:49:10.203085    3060 server_lib.cc:1855] Attempting to load component jit_add.5598368294899623741 @ 0 at worker after 566.261us (proto size 2430)
2026-08-28T09:49:10.217080212Z I0828 09:49:10.217005    1370 tpu_chip_config.cc:367] Resolved chip config alias megachip_tccontrol->megacore for 2093c6a02, 
2026-08-28T09:49:10.218537979Z I0828 09:49:10.218475    1370 tpu_chip_config.cc:367] Resolved chip config alias megachip_tccontrol->megacore for 2093c6a02, 
2026-08-28T09:49:10.219301163Z I0828 09:49:10.219244    1370 xla_compilation_cache.cc:113] XLA compilation cache fetch for computation 'jit_subtract' (key 4f9f314165cc6ed4) took 197.495001ms: PERSISTENT_FETCH
2026-08-28T09:49:10.427956575Z I0828 09:49:10.427875    3090 server_lib.cc:1855] Attempting to load component jit_clip.15988940423104942643 @ 0 at worker after 728.053us (proto size 2420)
2026-08-28T09:49:10.445285603Z I0828 09:49:10.445199    1369 tpu_chip_config.cc:367] Resolved chip config alias megachip_tccontrol->megacore for 2093c6a02, 
2026-08-28T09:49:10.446781581Z I0828 09:49:10.446715    1369 tpu_chip_config.cc:367] Resolved chip config alias megachip_tccontrol->megacore for 2093c6a02, 
2026-08-28T09:49:10.447572609Z I0828 09:49:10.447510    1369 xla_compilation_cache.cc:113] XLA compilation cache fetch for computation 'jit_add' (key 17ada02d51ae433f) took 244.434391ms: PERSISTENT_FETCH
2026-08-28T09:49:10.637588667Z I0828 09:49:10.637485    1370 tpu_chip_config.cc:367] Resolved chip config alias megachip_tccontrol->megacore for 2093c6a02, 
2026-08-28T09:49:10.638630620Z I0828 09:49:10.638560    3060 server_lib.cc:1855] Attempting to load component jit_multiply.15988940423104942174 @ 0 at worker after 651.378us (proto size 2441)
2026-08-28T09:49:10.639004316Z I0828 09:49:10.638948    1370 tpu_chip_config.cc:367] Resolved chip config alias megachip_tccontrol->megacore for 2093c6a02, 
2026-08-28T09:49:10.639802686Z I0828 09:49:10.639746    1370 xla_compilation_cache.cc:113] XLA compilation cache fetch for computation 'jit_clip' (key d6014ae046dd580d) took 211.879008ms: PERSISTENT_FETCH
2026-08-28T09:49:10.858200277Z I0828 09:49:10.858139    3024 server_lib.cc:1855] Attempting to load component jit_clip.5598368294899623307 @ 0 at worker after 627.357us (proto size 2430)
2026-08-28T09:49:10.864076088Z I0828 09:49:10.863992    1369 tpu_chip_config.cc:367] Resolved chip config alias megachip_tccontrol->megacore for 2093c6a02, 
2026-08-28T09:49:10.865549783Z I0828 09:49:10.865478    1369 tpu_chip_config.cc:367] Resolved chip config alias megachip_tccontrol->megacore for 2093c6a02, 
2026-08-28T09:49:10.866358148Z I0828 09:49:10.866292    1369 xla_compilation_cache.cc:113] XLA compilation cache fetch for computation 'jit_multiply' (key 15ce43228c2090ff) took 227.739992ms: PERSISTENT_FETCH
2026-08-28T09:49:11.068276626Z I0828 09:49:11.068202    3024 server_lib.cc:1855] Attempting to load component jit_maximum.15988940423104944123 @ 0 at worker after 707.215us (proto size 2440)
2026-08-28T09:49:11.071415311Z I0828 09:49:11.071335    1370 tpu_chip_config.cc:367] Resolved chip config alias megachip_tccontrol->megacore for 2093c6a02, 
2026-08-28T09:49:11.072877126Z I0828 09:49:11.072810    1370 tpu_chip_config.cc:367] Resolved chip config alias megachip_tccontrol->megacore for 2093c6a02, 
2026-08-28T09:49:11.073681998Z I0828 09:49:11.073618    1370 xla_compilation_cache.cc:113] XLA compilation cache fetch for computation 'jit_clip' (key ef0e02618c251389) took 215.486374ms: PERSISTENT_FETCH
2026-08-28T09:49:11.273983587Z I0828 09:49:11.273909    3024 server_lib.cc:1855] Attempting to load component jit_greater.5598368294899625138 @ 0 at worker after 697.667us (proto size 2439)
2026-08-28T09:49:11.293444747Z I0828 09:49:11.293361    1369 tpu_chip_config.cc:367] Resolved chip config alias megachip_tccontrol->megacore for 2093c6a02, 
2026-08-28T09:49:11.294920762Z I0828 09:49:11.294858    1369 tpu_chip_config.cc:367] Resolved chip config alias megachip_tccontrol->megacore for 2093c6a02, 
2026-08-28T09:49:11.295688193Z I0828 09:49:11.295629    1369 xla_compilation_cache.cc:113] XLA compilation cache fetch for computation 'jit_maximum' (key c94b5ba5877ec491) took 227.434088ms: PERSISTENT_FETCH
2026-08-28T09:49:11.500159854Z I0828 09:49:11.500086    1370 tpu_chip_config.cc:367] Resolved chip config alias megachip_tccontrol->megacore for 2093c6a02, 
2026-08-28T09:49:11.501645610Z I0828 09:49:11.501585    1370 tpu_chip_config.cc:367] Resolved chip config alias megachip_tccontrol->megacore for 2093c6a02, 
2026-08-28T09:49:11.502421394Z I0828 09:49:11.502360    1370 xla_compilation_cache.cc:113] XLA compilation cache fetch for computation 'jit_greater' (key 6131758d1172bb37) took 228.457146ms: PERSISTENT_FETCH
2026-08-28T09:49:11.518327670Z I0828 09:49:11.518244    3087 server_lib.cc:1855] Attempting to load component jit_minimum.15988940423104943185 @ 0 at worker after 663.191us (proto size 2440)
2026-08-28T09:49:11.738204926Z I0828 09:49:11.738142    3024 server_lib.cc:1855] Attempting to load component jit__where.5598368294899622118 @ 0 at worker after 632.228us (proto size 2462)
2026-08-28T09:49:11.749466384Z I0828 09:49:11.749373    1370 tpu_chip_config.cc:367] Resolved chip config alias megachip_tccontrol->megacore for 2093c6a02, 
2026-08-28T09:49:11.750995525Z I0828 09:49:11.750931    1370 tpu_chip_config.cc:367] Resolved chip config alias megachip_tccontrol->megacore for 2093c6a02, 
2026-08-28T09:49:11.751793767Z I0828 09:49:11.751749    1370 xla_compilation_cache.cc:113] XLA compilation cache fetch for computation 'jit_minimum' (key 107a6c9f360d0dec) took 233.512888ms: PERSISTENT_FETCH
2026-08-28T09:49:11.983097281Z I0828 09:49:11.983027    1369 tpu_chip_config.cc:367] Resolved chip config alias megachip_tccontrol->megacore for 2093c6a02, 
2026-08-28T09:49:11.984663703Z I0828 09:49:11.984601    1369 tpu_chip_config.cc:367] Resolved chip config alias megachip_tccontrol->megacore for 2093c6a02, 
2026-08-28T09:49:11.985535513Z I0828 09:49:11.985475    1369 xla_compilation_cache.cc:113] XLA compilation cache fetch for computation 'jit__where' (key c61df59b81f52216) took 247.340002ms: PERSISTENT_FETCH
2026-08-28T09:49:12.007006388Z I0828 09:49:12.006907    3087 server_lib.cc:1855] Attempting to load component jit__mean.15988940423104942247 @ 0 at worker after 711.956us (proto size 2393)
2026-08-28T09:49:12.222582619Z I0828 09:49:12.222478    3087 server_lib.cc:1855] Attempting to load component jit_masked_mean.5598368294899625025 @ 0 at worker after 593.495us (proto size 2433)
2026-08-28T09:49:12.235623613Z I0828 09:49:12.235549    1369 tpu_chip_config.cc:367] Resolved chip config alias megachip_tccontrol->megacore for 2093c6a02, 
2026-08-28T09:49:12.237135908Z I0828 09:49:12.237073    1369 tpu_chip_config.cc:367] Resolved chip config alias megachip_tccontrol->megacore for 2093c6a02, 
2026-08-28T09:49:12.237958229Z I0828 09:49:12.237908    1369 xla_compilation_cache.cc:113] XLA compilation cache fetch for computation 'jit__mean' (key 1419977e0838b4a7) took 231.009235ms: PERSISTENT_FETCH
2026-08-28T09:49:12.454229566Z I0828 09:49:12.454166    1370 tpu_chip_config.cc:367] Resolved chip config alias megachip_tccontrol->megacore for 2093c6a02, 
2026-08-28T09:49:12.455763727Z I0828 09:49:12.455713    1370 tpu_chip_config.cc:367] Resolved chip config alias megachip_tccontrol->megacore for 2093c6a02, 
2026-08-28T09:49:12.456679185Z I0828 09:49:12.456627    1370 xla_compilation_cache.cc:113] XLA compilation cache fetch for computation 'jit_masked_mean' (key 1685e480408d35f4) took 234.157504ms: PERSISTENT_FETCH
2026-08-28T09:49:12.491056787Z I0828 09:49:12.490964    3050 server_lib.cc:1855] Attempting to load component jit__reduce_min.15988940423104943727 @ 0 at worker after 650.997us (proto size 2409)
2026-08-28T09:49:12.768086655Z I0828 09:49:12.768015    1370 tpu_chip_config.cc:367] Resolved chip config alias megachip_tccontrol->megacore for 2093c6a02, 
2026-08-28T09:49:12.769621194Z I0828 09:49:12.769551    1370 tpu_chip_config.cc:367] Resolved chip config alias megachip_tccontrol->megacore for 2093c6a02, 
2026-08-28T09:49:12.770416323Z I0828 09:49:12.770358    1370 xla_compilation_cache.cc:113] XLA compilation cache fetch for computation 'jit__reduce_min' (key 44c4274d72871eac) took 279.4019ms: PERSISTENT_FETCH
2026-08-28T09:49:14.162745940Z I0828 09:49:14.162616    3090 server_lib.cc:1855] Attempting to load component jit_gather.5598368294899624989 @ 0 at worker after 668.487us (proto size 2433)
2026-08-28T09:49:14.389470167Z I0828 09:49:14.389399    3050 server_lib.cc:1855] Attempting to load component jit_broadcast_in_dim.15988940423104943102 @ 0 at worker after 683.633us (proto size 2431)
2026-08-28T09:49:14.402087210Z I0828 09:49:14.401977    1370 tpu_chip_config.cc:367] Resolved chip config alias megachip_tccontrol->megacore for 2093c6a02, 
2026-08-28T09:49:14.403860281Z I0828 09:49:14.403779    1370 tpu_chip_config.cc:367] Resolved chip config alias megachip_tccontrol->megacore for 2093c6a02, 
2026-08-28T09:49:14.404805848Z I0828 09:49:14.404748    1370 xla_compilation_cache.cc:113] XLA compilation cache fetch for computation 'jit_gather' (key b8fff38bbba203bf) took 242.140771ms: PERSISTENT_FETCH
2026-08-28T09:49:14.632806808Z I0828 09:49:14.632717    1369 tpu_chip_config.cc:367] Resolved chip config alias megachip_tccontrol->megacore for 2093c6a02, 
2026-08-28T09:49:14.634385157Z I0828 09:49:14.634291    1369 tpu_chip_config.cc:367] Resolved chip config alias megachip_tccontrol->megacore for 2093c6a02, 
2026-08-28T09:49:14.635189388Z I0828 09:49:14.635120    1369 xla_compilation_cache.cc:113] XLA compilation cache fetch for computation 'jit_broadcast_in_dim' (key dbcb2fb1f325c90a) took 245.728901ms: PERSISTENT_FETCH
2026-08-28T09:49:15.402245658Z I0828 09:49:15.402133    3024 server_lib.cc:1855] Attempting to load component jit__where.5598368294899622290 @ 0 at worker after 682.39us (proto size 2445)
2026-08-28T09:49:15.624881962Z I0828 09:49:15.624801    1369 tpu_chip_config.cc:367] Resolved chip config alias megachip_tccontrol->megacore for 2093c6a02, 
2026-08-28T09:49:15.626617869Z I0828 09:49:15.626550    1369 tpu_chip_config.cc:367] Resolved chip config alias megachip_tccontrol->megacore for 2093c6a02, 
2026-08-28T09:49:15.627537960Z I0828 09:49:15.627473    1369 xla_compilation_cache.cc:113] XLA compilation cache fetch for computation 'jit__where' (key f0bf38a1c4f2682b) took 225.350302ms: PERSISTENT_FETCH
2026-08-28T09:49:16.825192430Z I0828 09:49:16.825093    3113 server_lib.cc:1855] Attempting to load component jit__squeeze.15988940423104945864 @ 0 at worker after 687.017us (proto size 2415)
2026-08-28T09:49:17.060898944Z I0828 09:49:17.060811    3113 server_lib.cc:1855] Attempting to load component jit_scatter-add.5598368294899624763 @ 0 at worker after 739.99us (proto size 2472)
2026-08-28T09:49:17.073539260Z I0828 09:49:17.073438    1369 tpu_chip_config.cc:367] Resolved chip config alias megachip_tccontrol->megacore for 2093c6a02, 
2026-08-28T09:49:17.075410787Z I0828 09:49:17.075349    1369 tpu_chip_config.cc:367] Resolved chip config alias megachip_tccontrol->megacore for 2093c6a02, 
2026-08-28T09:49:17.076372800Z I0828 09:49:17.076315    1369 xla_compilation_cache.cc:113] XLA compilation cache fetch for computation 'jit__squeeze' (key 4f664adf22a5a34d) took 251.231258ms: PERSISTENT_FETCH
2026-08-28T09:49:17.629319212Z I0828 09:49:17.629255    1370 tpu_chip_config.cc:367] Resolved chip config alias megachip_tccontrol->megacore for 2093c6a02, 
2026-08-28T09:49:17.631130667Z I0828 09:49:17.631077    1370 tpu_chip_config.cc:367] Resolved chip config alias megachip_tccontrol->megacore for 2093c6a02, 
2026-08-28T09:49:17.632389563Z I0828 09:49:17.632329    1370 xla_compilation_cache.cc:113] XLA compilation cache fetch for computation 'jit_scatter-add' (key 20bb0b6e9e33abc7) took 571.524659ms: PERSISTENT_FETCH
2026-08-28T09:49:19.857770307Z W0828 09:49:19.857650    1506 tpu_pjrt_client.cc:2349] PjRt execution dispatch was blocked for 3.28927ms because PjRt's max in-flight computation semaphore is full (limit: 32), which may negatively affect the performance
2026-08-28T09:49:19.873271683Z I0828 09:49:19.873171    3050 server_lib.cc:1855] Attempting to load component jit_gather.5598368294899622575 @ 0 at worker after 623.802us (proto size 2430)
2026-08-28T09:49:20.083386147Z I0828 09:49:20.083294    3113 server_lib.cc:1855] Attempting to load component jit_broadcast_in_dim.15988940423104943050 @ 0 at worker after 566.994us (proto size 2431)
2026-08-28T09:49:20.090807795Z I0828 09:49:20.090701    1370 tpu_chip_config.cc:367] Resolved chip config alias megachip_tccontrol->megacore for 2093c6a02, 
2026-08-28T09:49:20.093368769Z I0828 09:49:20.093304    1370 tpu_chip_config.cc:367] Resolved chip config alias megachip_tccontrol->megacore for 2093c6a02, 
2026-08-28T09:49:20.094752634Z I0828 09:49:20.094687    1370 xla_compilation_cache.cc:113] XLA compilation cache fetch for computation 'jit_gather' (key 8d0a3f7c5a817808) took 221.526168ms: PERSISTENT_FETCH
2026-08-28T09:49:20.343412966Z I0828 09:49:20.343330    3050 server_lib.cc:1855] Attempting to load component jit_reshape.5598368294899624406 @ 0 at worker after 688.295us (proto size 2409)
2026-08-28T09:49:20.362813765Z I0828 09:49:20.362745    1369 tpu_chip_config.cc:367] Resolved chip config alias megachip_tccontrol->megacore for 2093c6a02, 
2026-08-28T09:49:20.364460824Z I0828 09:49:20.364407    1369 tpu_chip_config.cc:367] Resolved chip config alias megachip_tccontrol->megacore for 2093c6a02, 
2026-08-28T09:49:20.365298143Z I0828 09:49:20.365242    1369 xla_compilation_cache.cc:113] XLA compilation cache fetch for computation 'jit_broadcast_in_dim' (key 563f2761b9426d3d) took 281.957003ms: PERSISTENT_FETCH
2026-08-28T09:49:20.560722632Z I0828 09:49:20.560653    1370 tpu_chip_config.cc:367] Resolved chip config alias megachip_tccontrol->megacore for 2093c6a02, 
2026-08-28T09:49:20.562259130Z I0828 09:49:20.562208    1370 tpu_chip_config.cc:367] Resolved chip config alias megachip_tccontrol->megacore for 2093c6a02, 
2026-08-28T09:49:20.563051841Z I0828 09:49:20.562997    1370 xla_compilation_cache.cc:113] XLA compilation cache fetch for computation 'jit_reshape' (key f60d60317ec36df3) took 219.675082ms: PERSISTENT_FETCH
2026-08-28T09:49:21.070508280Z I0828 09:49:21.070422    3113 server_lib.cc:1855] Attempting to load component jit_zt_tr_bwd_logprob.15988940423104942112 @ 0 at worker after 818.594us (proto size 2512)
2026-08-28T09:49:22.168914037Z I0828 09:49:22.168829    1370 tpu_chip_config.cc:367] Resolved chip config alias megachip_tccontrol->megacore for 2093c6a02, 
2026-08-28T09:49:22.170909528Z I0828 09:49:22.170851    1370 tpu_chip_config.cc:367] Resolved chip config alias megachip_tccontrol->megacore for 2093c6a02, 
2026-08-28T09:49:22.172240287Z I0828 09:49:22.172183    1370 xla_compilation_cache.cc:113] XLA compilation cache fetch for computation 'jit_zt_tr_bwd_logprob' (key 993e505f3d1a68e0) took 1.10176928s: PERSISTENT_FETCH
2026-08-28T09:49:22.425783139Z I0828 09:49:22.425674    3113 server_lib.cc:1855] Attempting to load component jit_convert_element_type.15988940423104945739 @ 0 at worker after 693.88us (proto size 2443)
2026-08-28T09:49:22.661456093Z I0828 09:49:22.661379    1370 tpu_chip_config.cc:367] Resolved chip config alias megachip_tccontrol->megacore for 2093c6a02, 
2026-08-28T09:49:22.662988362Z I0828 09:49:22.662935    1370 tpu_chip_config.cc:367] Resolved chip config alias megachip_tccontrol->megacore for 2093c6a02, 
2026-08-28T09:49:22.665409670Z I0828 09:49:22.663720    1370 xla_compilation_cache.cc:113] XLA compilation cache fetch for computation 'jit_convert_element_type' (key a7cfcd7626a1f512) took 238.056879ms: PERSISTENT_FETCH
2026-08-28T09:49:27.590044953Z I0828 09:49:27.589898    3113 server_lib.cc:1855] Attempting to load component jit_zt_tr_dp_parallel_bwd_head.5598368294899624293 @ 0 at worker after 832.871us (proto size 2534)
2026-08-28T09:49:30.008243733Z I0828 09:49:30.008121    1370 tpu_chip_config.cc:367] Resolved chip config alias megachip_tccontrol->megacore for 2093c6a02, 
2026-08-28T09:49:30.011852665Z I0828 09:49:30.011769    1370 tpu_chip_config.cc:367] Resolved chip config alias megachip_tccontrol->megacore for 2093c6a02, 
2026-08-28T09:49:30.016174584Z I0828 09:49:30.016104    1370 xla_compilation_cache.cc:113] XLA compilation cache fetch for computation 'jit_zt_tr_dp_parallel_bwd_head' (key 54cf6f78fc5b9acb) took 2.426217228s: PERSISTENT_FETCH
2026-08-28T09:49:30.190174691Z I0828 09:49:30.190062    3113 server_lib.cc:1855] Attempting to load component jit_zt_tr_dp_parallel_bwd_norm.15988940423104945270 @ 0 at worker after 926.475us (proto size 2524)
2026-08-28T09:49:31.705543241Z I0828 09:49:31.705440    1370 tpu_chip_config.cc:367] Resolved chip config alias megachip_tccontrol->megacore for 2093c6a02, 
2026-08-28T09:49:31.707590853Z I0828 09:49:31.707494    1370 tpu_chip_config.cc:367] Resolved chip config alias megachip_tccontrol->megacore for 2093c6a02, 
2026-08-28T09:49:31.709949023Z I0828 09:49:31.709869    1370 xla_compilation_cache.cc:113] XLA compilation cache fetch for computation 'jit_zt_tr_dp_parallel_bwd_norm' (key 59b6a7bcfdb3083a) took 1.519819046s: PERSISTENT_FETCH
2026-08-28T09:49:34.493383026Z I0828 09:49:34.493279    3113 server_lib.cc:1855] Attempting to load component jit_zt_tr_dp_parallel_bwd_layer_35.5598368294899622028 @ 0 at worker after 1.113337ms (proto size 3270)
2026-08-28T09:49:43.932879803Z I0828 09:49:43.932742    1370 tpu_chip_config.cc:367] Resolved chip config alias megachip_tccontrol->megacore for 2093c6a02, 
2026-08-28T09:49:43.939937092Z I0828 09:49:43.939871    1370 tpu_chip_config.cc:367] Resolved chip config alias megachip_tccontrol->megacore for 2093c6a02, 
2026-08-28T09:49:43.967264005Z I0828 09:49:43.967179    1370 xla_compilation_cache.cc:113] XLA compilation cache fetch for computation 'jit_zt_tr_dp_parallel_bwd_layer_35' (key 153ae1c76d6ad9cb) took 9.473912452s: PERSISTENT_FETCH
2026-08-28T09:49:46.230721957Z I0828 09:49:46.230587    3113 server_lib.cc:1855] Attempting to load component jit_zt_tr_dp_parallel_bwd_layer_34.15988940423104944801 @ 0 at worker after 1.212347ms (proto size 3271)
2026-08-28T09:49:55.506892067Z I0828 09:49:55.506769    1370 tpu_chip_config.cc:367] Resolved chip config alias megachip_tccontrol->megacore for 2093c6a02, 
2026-08-28T09:49:55.514048768Z I0828 09:49:55.513984    1370 tpu_chip_config.cc:367] Resolved chip config alias megachip_tccontrol->megacore for 2093c6a02, 
2026-08-28T09:49:55.539012292Z I0828 09:49:55.538929    1370 xla_compilation_cache.cc:113] XLA compilation cache fetch for computation 'jit_zt_tr_dp_parallel_bwd_layer_34' (key e0574548c25485e4) took 9.308355378s: PERSISTENT_FETCH
2026-08-28T09:49:57.747387373Z I0828 09:49:57.747278    3113 server_lib.cc:1855] Attempting to load component jit_zt_tr_dp_parallel_bwd_layer_33.5598368294899623859 @ 0 at worker after 1.413811ms (proto size 3270)
2026-08-28T09:50:07.010518313Z I0828 09:50:07.010354    1370 tpu_chip_config.cc:367] Resolved chip config alias megachip_tccontrol->megacore for 2093c6a02, 
2026-08-28T09:50:07.017980186Z I0828 09:50:07.017897    1370 tpu_chip_config.cc:367] Resolved chip config alias megachip_tccontrol->megacore for 2093c6a02, 
2026-08-28T09:50:07.043918833Z I0828 09:50:07.043810    1370 xla_compilation_cache.cc:113] XLA compilation cache fetch for computation 'jit_zt_tr_dp_parallel_bwd_layer_33' (key 80f96180fb97273b) took 9.296545179s: PERSISTENT_FETCH
2026-08-28T09:50:09.221083590Z I0828 09:50:09.220968    3113 server_lib.cc:1855] Attempting to load component jit_zt_tr_dp_parallel_bwd_layer_32.15988940423104944332 @ 0 at worker after 1.251661ms (proto size 3271)
2026-08-28T09:50:18.400363068Z I0828 09:50:18.400233    1370 tpu_chip_config.cc:367] Resolved chip config alias megachip_tccontrol->megacore for 2093c6a02, 
2026-08-28T09:50:18.407558735Z I0828 09:50:18.407496    1370 tpu_chip_config.cc:367] Resolved chip config alias megachip_tccontrol->megacore for 2093c6a02, 
2026-08-28T09:50:18.431938031Z I0828 09:50:18.431851    1370 xla_compilation_cache.cc:113] XLA compilation cache fetch for computation 'jit_zt_tr_dp_parallel_bwd_layer_32' (key 1387b8210b0f481b) took 9.210895492s: PERSISTENT_FETCH
2026-08-28T09:50:20.593209633Z I0828 09:50:20.593125    3065 server_lib.cc:1855] Attempting to load component jit_zt_tr_dp_parallel_bwd_layer_31.5598368294899625690 @ 0 at worker after 1.254524ms (proto size 3270)
2026-08-28T09:50:29.668666458Z I0828 09:50:29.668504    1370 tpu_chip_config.cc:367] Resolved chip config alias megachip_tccontrol->megacore for 2093c6a02, 
2026-08-28T09:50:29.675787109Z I0828 09:50:29.675726    1370 tpu_chip_config.cc:367] Resolved chip config alias megachip_tccontrol->megacore for 2093c6a02, 
2026-08-28T09:50:29.699382851Z I0828 09:50:29.699313    1370 xla_compilation_cache.cc:113] XLA compilation cache fetch for computation 'jit_zt_tr_dp_parallel_bwd_layer_31' (key c06d7621f2ed061e) took 9.106202767s: PERSISTENT_FETCH
2026-08-28T09:50:33.496044666Z I0828 09:50:33.495894    3065 server_lib.cc:1855] Attempting to load component jit_zt_tr_dp_parallel_bwd_layer_30.15988940423104943863 @ 0 at worker after 1.28876ms (proto size 3271)
2026-08-28T09:50:42.516919330Z I0828 09:50:42.516773    1370 tpu_chip_config.cc:367] Resolved chip config alias megachip_tccontrol->megacore for 2093c6a02, 
2026-08-28T09:50:42.525120882Z I0828 09:50:42.525050    1370 tpu_chip_config.cc:367] Resolved chip config alias megachip_tccontrol->megacore for 2093c6a02, 
2026-08-28T09:50:42.548022808Z I0828 09:50:42.547954    1370 xla_compilation_cache.cc:113] XLA compilation cache fetch for computation 'jit_zt_tr_dp_parallel_bwd_layer_30' (key fe27b2dd8f5e03e9) took 9.052073443s: PERSISTENT_FETCH
2026-08-28T09:50:44.717596981Z I0828 09:50:44.717448    3065 server_lib.cc:1855] Attempting to load component jit_zt_tr_dp_parallel_bwd_layer_29.5598368294899623425 @ 0 at worker after 1.290146ms (proto size 3270)
2026-08-28T09:50:54.036361899Z I0828 09:50:54.036207    1370 tpu_chip_config.cc:367] Resolved chip config alias megachip_tccontrol->megacore for 2093c6a02, 
2026-08-28T09:50:54.044644502Z I0828 09:50:54.044572    1370 tpu_chip_config.cc:367] Resolved chip config alias megachip_tccontrol->megacore for 2093c6a02, 
2026-08-28T09:50:54.067797724Z I0828 09:50:54.067714    1370 xla_compilation_cache.cc:113] XLA compilation cache fetch for computation 'jit_zt_tr_dp_parallel_bwd_layer_29' (key fbf979203a343d07) took 9.350279064s: PERSISTENT_FETCH
2026-08-28T09:50:56.233351879Z I0828 09:50:56.233204    3065 server_lib.cc:1855] Attempting to load component jit_zt_tr_dp_parallel_bwd_layer_28.15988940423104943394 @ 0 at worker after 1.041117ms (proto size 3271)
2026-08-28T09:51:05.434805791Z I0828 09:51:05.434656    1370 tpu_chip_config.cc:367] Resolved chip config alias megachip_tccontrol->megacore for 2093c6a02, 
2026-08-28T09:51:05.442671478Z I0828 09:51:05.442599    1370 tpu_chip_config.cc:367] Resolved chip config alias megachip_tccontrol->megacore for 2093c6a02, 
2026-08-28T09:51:05.465842023Z I0828 09:51:05.465770    1370 xla_compilation_cache.cc:113] XLA compilation cache fetch for computation 'jit_zt_tr_dp_parallel_bwd_layer_28' (key 42b9d2bcb563f414) took 9.23257889s: PERSISTENT_FETCH
2026-08-28T09:51:07.649165702Z I0828 09:51:07.649071    3065 server_lib.cc:1855] Attempting to load component jit_zt_tr_dp_parallel_bwd_layer_27.5598368294899625256 @ 0 at worker after 1.100769ms (proto size 3270)
2026-08-28T09:51:16.920652521Z I0828 09:51:16.920516    1370 tpu_chip_config.cc:367] Resolved chip config alias megachip_tccontrol->megacore for 2093c6a02, 
2026-08-28T09:51:16.929077381Z I0828 09:51:16.929018    1370 tpu_chip_config.cc:367] Resolved chip config alias megachip_tccontrol->megacore for 2093c6a02, 
2026-08-28T09:51:16.952777802Z I0828 09:51:16.952716    1370 xla_compilation_cache.cc:113] XLA compilation cache fetch for computation 'jit_zt_tr_dp_parallel_bwd_layer_27' (key fe9c3d8a06215ee0) took 9.303658314s: PERSISTENT_FETCH
2026-08-28T09:51:19.127425926Z I0828 09:51:19.127287    3065 server_lib.cc:1855] Attempting to load component jit_zt_tr_dp_parallel_bwd_layer_26.15988940423104942925 @ 0 at worker after 1.233978ms (proto size 3271)
2026-08-28T09:51:28.022678371Z I0828 09:51:28.022573    1370 tpu_chip_config.cc:367] Resolved chip config alias megachip_tccontrol->megacore for 2093c6a02, 
2026-08-28T09:51:28.030366783Z I0828 09:51:28.030307    1370 tpu_chip_config.cc:367] Resolved chip config alias megachip_tccontrol->megacore for 2093c6a02, 
2026-08-28T09:51:28.053749874Z I0828 09:51:28.053677    1370 xla_compilation_cache.cc:113] XLA compilation cache fetch for computation 'jit_zt_tr_dp_parallel_bwd_layer_26' (key f74d6595a46edef5) took 8.926403846s: PERSISTENT_FETCH
2026-08-28T09:51:30.278318371Z I0828 09:51:30.278192    3065 server_lib.cc:1855] Attempting to load component jit_zt_tr_dp_parallel_bwd_layer_25.5598368294899622991 @ 0 at worker after 1.53075ms (proto size 3270)
2026-08-28T09:51:39.241921889Z I0828 09:51:39.241755    1370 tpu_chip_config.cc:367] Resolved chip config alias megachip_tccontrol->megacore for 2093c6a02, 
2026-08-28T09:51:39.249451157Z I0828 09:51:39.249382    1370 tpu_chip_config.cc:367] Resolved chip config alias megachip_tccontrol->megacore for 2093c6a02, 
2026-08-28T09:51:39.272742034Z I0828 09:51:39.272658    1370 xla_compilation_cache.cc:113] XLA compilation cache fetch for computation 'jit_zt_tr_dp_parallel_bwd_layer_25' (key 5122d3bf823df5df) took 8.994478377s: PERSISTENT_FETCH
2026-08-28T09:51:41.484215760Z I0828 09:51:41.484044    3065 server_lib.cc:1855] Attempting to load component jit_zt_tr_dp_parallel_bwd_layer_24.15988940423104942456 @ 0 at worker after 1.218098ms (proto size 3271)
2026-08-28T09:51:50.924357812Z I0828 09:51:50.924254    1370 tpu_chip_config.cc:367] Resolved chip config alias megachip_tccontrol->megacore for 2093c6a02, 
2026-08-28T09:51:50.931850402Z I0828 09:51:50.931786    1370 tpu_chip_config.cc:367] Resolved chip config alias megachip_tccontrol->megacore for 2093c6a02, 
2026-08-28T09:51:50.954063910Z I0828 09:51:50.954004    1370 xla_compilation_cache.cc:113] XLA compilation cache fetch for computation 'jit_zt_tr_dp_parallel_bwd_layer_24' (key b7021e1b3f3bf3b1) took 9.469974019s: PERSISTENT_FETCH
2026-08-28T09:51:53.171364657Z I0828 09:51:53.171256    3065 server_lib.cc:1855] Attempting to load component jit_zt_tr_dp_parallel_bwd_layer_23.5598368294899624822 @ 0 at worker after 1.450941ms (proto size 3270)
2026-08-28T09:52:02.291347305Z I0828 09:52:02.291185    1370 tpu_chip_config.cc:367] Resolved chip config alias megachip_tccontrol->megacore for 2093c6a02, 
2026-08-28T09:52:02.298474144Z I0828 09:52:02.298394    1370 tpu_chip_config.cc:367] Resolved chip config alias megachip_tccontrol->megacore for 2093c6a02, 
2026-08-28T09:52:02.320702775Z I0828 09:52:02.320621    1370 xla_compilation_cache.cc:113] XLA compilation cache fetch for computation 'jit_zt_tr_dp_parallel_bwd_layer_23' (key 47ecb7429f0bc3ad) took 9.149377592s: PERSISTENT_FETCH
2026-08-28T09:52:04.507369564Z I0828 09:52:04.507261    3065 server_lib.cc:1855] Attempting to load component jit_zt_tr_dp_parallel_bwd_layer_22.15988940423104946083 @ 0 at worker after 1.428318ms (proto size 3271)
2026-08-28T09:52:13.919072599Z I0828 09:52:13.918922    1370 tpu_chip_config.cc:367] Resolved chip config alias megachip_tccontrol->megacore for 2093c6a02, 
2026-08-28T09:52:13.926346611Z I0828 09:52:13.926278    1370 tpu_chip_config.cc:367] Resolved chip config alias megachip_tccontrol->megacore for 2093c6a02, 
2026-08-28T09:52:13.951121462Z I0828 09:52:13.951032    1370 xla_compilation_cache.cc:113] XLA compilation cache fetch for computation 'jit_zt_tr_dp_parallel_bwd_layer_22' (key 4de8ee761b78029c) took 9.443784477s: PERSISTENT_FETCH
2026-08-28T09:52:17.911469684Z I0828 09:52:17.911330    3113 server_lib.cc:1855] Attempting to load component jit_zt_tr_dp_parallel_bwd_layer_21.5598368294899622557 @ 0 at worker after 1.376573ms (proto size 3270)
2026-08-28T09:52:27.020771764Z I0828 09:52:27.020628    1370 tpu_chip_config.cc:367] Resolved chip config alias megachip_tccontrol->megacore for 2093c6a02, 
2026-08-28T09:52:27.029438800Z I0828 09:52:27.029343    1370 tpu_chip_config.cc:367] Resolved chip config alias megachip_tccontrol->megacore for 2093c6a02, 
2026-08-28T09:52:27.051810109Z I0828 09:52:27.051731    1370 xla_compilation_cache.cc:113] XLA compilation cache fetch for computation 'jit_zt_tr_dp_parallel_bwd_layer_21' (key 488584c72a2f7c6c) took 9.140414914s: PERSISTENT_FETCH
2026-08-28T09:52:29.269358166Z I0828 09:52:29.269201    3113 server_lib.cc:1855] Attempting to load component jit_zt_tr_dp_parallel_bwd_layer_20.15988940423104945614 @ 0 at worker after 1.312221ms (proto size 3271)
2026-08-28T09:52:38.277932767Z I0828 09:52:38.277820    1370 tpu_chip_config.cc:367] Resolved chip config alias megachip_tccontrol->megacore for 2093c6a02, 
2026-08-28T09:52:38.285596278Z I0828 09:52:38.285533    1370 tpu_chip_config.cc:367] Resolved chip config alias megachip_tccontrol->megacore for 2093c6a02, 
2026-08-28T09:52:38.308121269Z I0828 09:52:38.308065    1370 xla_compilation_cache.cc:113] XLA compilation cache fetch for computation 'jit_zt_tr_dp_parallel_bwd_layer_20' (key ef7424907c9a1fb2) took 9.038877577s: PERSISTENT_FETCH
2026-08-28T09:52:40.494503642Z I0828 09:52:40.494368    3113 server_lib.cc:1855] Attempting to load component jit_zt_tr_dp_parallel_bwd_layer_19.5598368294899624388 @ 0 at worker after 1.402703ms (proto size 3270)
2026-08-28T09:52:49.717840965Z I0828 09:52:49.717720    1370 tpu_chip_config.cc:367] Resolved chip config alias megachip_tccontrol->megacore for 2093c6a02, 
2026-08-28T09:52:49.725544989Z I0828 09:52:49.725456    1370 tpu_chip_config.cc:367] Resolved chip config alias megachip_tccontrol->megacore for 2093c6a02, 
2026-08-28T09:52:49.748301670Z I0828 09:52:49.748225    1370 xla_compilation_cache.cc:113] XLA compilation cache fetch for computation 'jit_zt_tr_dp_parallel_bwd_layer_19' (key 54d934adc87820b6) took 9.253870493s: PERSISTENT_FETCH
2026-08-28T09:52:51.959914318Z I0828 09:52:51.959787    3113 server_lib.cc:1855] Attempting to load component jit_zt_tr_dp_parallel_bwd_layer_18.15988940423104945145 @ 0 at worker after 1.248015ms (proto size 3271)
2026-08-28T09:53:01.005563731Z I0828 09:53:01.005424    1370 tpu_chip_config.cc:367] Resolved chip config alias megachip_tccontrol->megacore for 2093c6a02, 
2026-08-28T09:53:01.013563895Z I0828 09:53:01.013496    1370 tpu_chip_config.cc:367] Resolved chip config alias megachip_tccontrol->megacore for 2093c6a02, 
2026-08-28T09:53:01.036467282Z I0828 09:53:01.036393    1370 xla_compilation_cache.cc:113] XLA compilation cache fetch for computation 'jit_zt_tr_dp_parallel_bwd_layer_18' (key 90c42d667d2b6317) took 9.076619737s: PERSISTENT_FETCH
2026-08-28T09:53:03.214978922Z I0828 09:53:03.214825    3113 server_lib.cc:1855] Attempting to load component jit_zt_tr_dp_parallel_bwd_layer_17.5598368294899622123 @ 0 at worker after 1.082468ms (proto size 3269)
2026-08-28T09:53:12.462257414Z I0828 09:53:12.462120    1370 tpu_chip_config.cc:367] Resolved chip config alias megachip_tccontrol->megacore for 2093c6a02, 
2026-08-28T09:53:12.470069367Z I0828 09:53:12.470001    1370 tpu_chip_config.cc:367] Resolved chip config alias megachip_tccontrol->megacore for 2093c6a02, 
2026-08-28T09:53:12.492822576Z I0828 09:53:12.492746    1370 xla_compilation_cache.cc:113] XLA compilation cache fetch for computation 'jit_zt_tr_dp_parallel_bwd_layer_17' (key f9af03e472787ed) took 9.27793306s: PERSISTENT_FETCH
2026-08-28T09:53:14.691092295Z I0828 09:53:14.690941    3113 server_lib.cc:1855] Attempting to load component jit_zt_tr_dp_parallel_bwd_layer_16.15988940423104944676 @ 0 at worker after 1.286991ms (proto size 3271)
2026-08-28T09:53:23.830900696Z I0828 09:53:23.830789    1370 tpu_chip_config.cc:367] Resolved chip config alias megachip_tccontrol->megacore for 2093c6a02, 
2026-08-28T09:53:23.838035119Z I0828 09:53:23.837969    1370 tpu_chip_config.cc:367] Resolved chip config alias megachip_tccontrol->megacore for 2093c6a02, 
2026-08-28T09:53:23.860887328Z I0828 09:53:23.860812    1370 xla_compilation_cache.cc:113] XLA compilation cache fetch for computation 'jit_zt_tr_dp_parallel_bwd_layer_16' (key 269409cdc3815c8c) took 9.169885282s: PERSISTENT_FETCH
2026-08-28T09:53:26.057803576Z I0828 09:53:26.057653    3113 server_lib.cc:1855] Attempting to load component jit_zt_tr_dp_parallel_bwd_layer_15.5598368294899623954 @ 0 at worker after 1.233061ms (proto size 3270)
2026-08-28T09:53:34.990418019Z I0828 09:53:34.990291    1370 tpu_chip_config.cc:367] Resolved chip config alias megachip_tccontrol->megacore for 2093c6a02, 
2026-08-28T09:53:34.998505279Z I0828 09:53:34.998431    1370 tpu_chip_config.cc:367] Resolved chip config alias megachip_tccontrol->megacore for 2093c6a02, 
2026-08-28T09:53:35.021388523Z I0828 09:53:35.021322    1370 xla_compilation_cache.cc:113] XLA compilation cache fetch for computation 'jit_zt_tr_dp_parallel_bwd_layer_15' (key 7de5db8dbe04191b) took 8.963683041s: PERSISTENT_FETCH
2026-08-28T09:53:37.208170695Z I0828 09:53:37.208061    3113 server_lib.cc:1855] Attempting to load component jit_zt_tr_dp_parallel_bwd_layer_14.15988940423104944207 @ 0 at worker after 1.292568ms (proto size 3271)
2026-08-28T09:53:46.425295277Z I0828 09:53:46.425163    1370 tpu_chip_config.cc:367] Resolved chip config alias megachip_tccontrol->megacore for 2093c6a02, 
2026-08-28T09:53:46.433203402Z I0828 09:53:46.433116    1370 tpu_chip_config.cc:367] Resolved chip config alias megachip_tccontrol->megacore for 2093c6a02, 
2026-08-28T09:53:46.456743277Z I0828 09:53:46.456646    1370 xla_compilation_cache.cc:113] XLA compilation cache fetch for computation 'jit_zt_tr_dp_parallel_bwd_layer_14' (key 9ec77e7b0eb4be31) took 9.248597836s: PERSISTENT_FETCH
2026-08-28T09:53:48.608177257Z I0828 09:53:48.608066    3113 server_lib.cc:1855] Attempting to load component jit_zt_tr_dp_parallel_bwd_layer_13.5598368294899625785 @ 0 at worker after 1.276843ms (proto size 3270)
2026-08-28T09:53:57.867666088Z I0828 09:53:57.867430    1370 tpu_chip_config.cc:367] Resolved chip config alias megachip_tccontrol->megacore for 2093c6a02, 
2026-08-28T09:53:57.875372753Z I0828 09:53:57.875224    1370 tpu_chip_config.cc:367] Resolved chip config alias megachip_tccontrol->megacore for 2093c6a02, 
2026-08-28T09:53:57.899116241Z I0828 09:53:57.898990    1370 xla_compilation_cache.cc:113] XLA compilation cache fetch for computation 'jit_zt_tr_dp_parallel_bwd_layer_13' (key ff4310955f1bcf5e) took 9.290937192s: PERSISTENT_FETCH
2026-08-28T09:54:00.066178124Z I0828 09:54:00.066036    3113 server_lib.cc:1855] Attempting to load component jit_zt_tr_dp_parallel_bwd_layer_12.15988940423104943738 @ 0 at worker after 1.252796ms (proto size 3271)
2026-08-28T09:54:09.064660103Z I0828 09:54:09.064536    1370 tpu_chip_config.cc:367] Resolved chip config alias megachip_tccontrol->megacore for 2093c6a02, 
2026-08-28T09:54:09.072852395Z I0828 09:54:09.072783    1370 tpu_chip_config.cc:367] Resolved chip config alias megachip_tccontrol->megacore for 2093c6a02, 
2026-08-28T09:54:09.095822103Z I0828 09:54:09.095746    1370 xla_compilation_cache.cc:113] XLA compilation cache fetch for computation 'jit_zt_tr_dp_parallel_bwd_layer_12' (key 3ed76b684d0bf290) took 9.029723473s: PERSISTENT_FETCH
2026-08-28T09:54:13.213899537Z I0828 09:54:13.213736    3113 server_lib.cc:1855] Attempting to load component jit_zt_tr_dp_parallel_bwd_layer_11.5598368294899623520 @ 0 at worker after 1.10556ms (proto size 3270)
2026-08-28T09:54:22.548393430Z I0828 09:54:22.548197    1370 tpu_chip_config.cc:367] Resolved chip config alias megachip_tccontrol->megacore for 2093c6a02, 
2026-08-28T09:54:22.556341058Z I0828 09:54:22.556234    1370 tpu_chip_config.cc:367] Resolved chip config alias megachip_tccontrol->megacore for 2093c6a02, 
2026-08-28T09:54:22.579389268Z I0828 09:54:22.579260    1370 xla_compilation_cache.cc:113] XLA compilation cache fetch for computation 'jit_zt_tr_dp_parallel_bwd_layer_11' (key a7e44c473c98abc9) took 9.365537873s: PERSISTENT_FETCH
2026-08-28T09:54:24.747137949Z I0828 09:54:24.747028    3113 server_lib.cc:1855] Attempting to load component jit_zt_tr_dp_parallel_bwd_layer_10.15988940423104943269 @ 0 at worker after 1.236772ms (proto size 3271)
2026-08-28T09:54:33.832043176Z I0828 09:54:33.831877    1370 tpu_chip_config.cc:367] Resolved chip config alias megachip_tccontrol->megacore for 2093c6a02, 
2026-08-28T09:54:33.839892763Z I0828 09:54:33.839827    1370 tpu_chip_config.cc:367] Resolved chip config alias megachip_tccontrol->megacore for 2093c6a02, 
2026-08-28T09:54:33.862608997Z I0828 09:54:33.862536    1370 xla_compilation_cache.cc:113] XLA compilation cache fetch for computation 'jit_zt_tr_dp_parallel_bwd_layer_10' (key c19dd6f949e0db3d) took 9.115521442s: PERSISTENT_FETCH
2026-08-28T09:54:36.082132872Z I0828 09:54:36.082004    3113 server_lib.cc:1855] Attempting to load component jit_zt_tr_dp_parallel_bwd_layer_09.5598368294899625351 @ 0 at worker after 1.205027ms (proto size 3270)
2026-08-28T09:54:45.225583125Z I0828 09:54:45.225144    1370 tpu_chip_config.cc:367] Resolved chip config alias megachip_tccontrol->megacore for 2093c6a02, 
2026-08-28T09:54:45.233649421Z I0828 09:54:45.233567    1370 tpu_chip_config.cc:367] Resolved chip config alias megachip_tccontrol->megacore for 2093c6a02, 
2026-08-28T09:54:45.256497881Z I0828 09:54:45.256408    1370 xla_compilation_cache.cc:113] XLA compilation cache fetch for computation 'jit_zt_tr_dp_parallel_bwd_layer_09' (key 95cd568ef5f744a9) took 9.174418154s: PERSISTENT_FETCH
2026-08-28T09:54:47.446247205Z I0828 09:54:47.446136    3113 server_lib.cc:1855] Attempting to load component jit_zt_tr_dp_parallel_bwd_layer_08.15988940423104942800 @ 0 at worker after 1.209459ms (proto size 3271)
2026-08-28T09:54:56.313356201Z I0828 09:54:56.313199    1370 tpu_chip_config.cc:367] Resolved chip config alias megachip_tccontrol->megacore for 2093c6a02, 
2026-08-28T09:54:56.320433875Z I0828 09:54:56.320358    1370 tpu_chip_config.cc:367] Resolved chip config alias megachip_tccontrol->megacore for 2093c6a02, 
2026-08-28T09:54:56.343678592Z I0828 09:54:56.343611    1370 xla_compilation_cache.cc:113] XLA compilation cache fetch for computation 'jit_zt_tr_dp_parallel_bwd_layer_08' (key b50bb84b6acf3dc5) took 8.897487109s: PERSISTENT_FETCH
2026-08-28T09:54:58.542806763Z I0828 09:54:58.542699    3113 server_lib.cc:1855] Attempting to load component jit_zt_tr_dp_parallel_bwd_layer_07.5598368294899623086 @ 0 at worker after 1.335487ms (proto size 3270)
2026-08-28T09:55:07.629697302Z I0828 09:55:07.629586    1370 tpu_chip_config.cc:367] Resolved chip config alias megachip_tccontrol->megacore for 2093c6a02, 
2026-08-28T09:55:07.637506731Z I0828 09:55:07.637443    1370 tpu_chip_config.cc:367] Resolved chip config alias megachip_tccontrol->megacore for 2093c6a02, 
2026-08-28T09:55:07.660487237Z I0828 09:55:07.660421    1370 xla_compilation_cache.cc:113] XLA compilation cache fetch for computation 'jit_zt_tr_dp_parallel_bwd_layer_07' (key e83fda1af9dc1c04) took 9.117736096s: PERSISTENT_FETCH
2026-08-28T09:55:09.850352461Z I0828 09:55:09.850224    3113 server_lib.cc:1855] Attempting to load component jit_zt_tr_dp_parallel_bwd_layer_06.15988940423104942331 @ 0 at worker after 1.436481ms (proto size 3271)
2026-08-28T09:55:18.935642867Z I0828 09:55:18.935497    1370 tpu_chip_config.cc:367] Resolved chip config alias megachip_tccontrol->megacore for 2093c6a02, 
2026-08-28T09:55:18.943031789Z I0828 09:55:18.942954    1370 tpu_chip_config.cc:367] Resolved chip config alias megachip_tccontrol->megacore for 2093c6a02, 
2026-08-28T09:55:18.966661654Z I0828 09:55:18.966584    1370 xla_compilation_cache.cc:113] XLA compilation cache fetch for computation 'jit_zt_tr_dp_parallel_bwd_layer_06' (key 28e6ee18f0e0fc16) took 9.116374151s: PERSISTENT_FETCH
2026-08-28T09:55:21.137898700Z I0828 09:55:21.137773    3113 server_lib.cc:1855] Attempting to load component jit_zt_tr_dp_parallel_bwd_layer_05.5598368294899624917 @ 0 at worker after 1.185776ms (proto size 3270)
2026-08-28T09:55:30.396867456Z I0828 09:55:30.396747    1370 tpu_chip_config.cc:367] Resolved chip config alias megachip_tccontrol->megacore for 2093c6a02, 
2026-08-28T09:55:30.404140219Z I0828 09:55:30.404075    1370 tpu_chip_config.cc:367] Resolved chip config alias megachip_tccontrol->megacore for 2093c6a02, 
2026-08-28T09:55:30.426983409Z I0828 09:55:30.426906    1370 xla_compilation_cache.cc:113] XLA compilation cache fetch for computation 'jit_zt_tr_dp_parallel_bwd_layer_05' (key 98f35ff14278f5bb) took 9.289147579s: PERSISTENT_FETCH
2026-08-28T09:55:32.570653246Z I0828 09:55:32.570479    3113 server_lib.cc:1855] Attempting to load component jit_zt_tr_dp_parallel_bwd_layer_04.15988940423104945958 @ 0 at worker after 1.420258ms (proto size 3271)
2026-08-28T09:55:41.583431736Z I0828 09:55:41.583320    1370 tpu_chip_config.cc:367] Resolved chip config alias megachip_tccontrol->megacore for 2093c6a02, 
2026-08-28T09:55:41.590890087Z I0828 09:55:41.590826    1370 tpu_chip_config.cc:367] Resolved chip config alias megachip_tccontrol->megacore for 2093c6a02, 
2026-08-28T09:55:41.613223164Z I0828 09:55:41.613153    1370 xla_compilation_cache.cc:113] XLA compilation cache fetch for computation 'jit_zt_tr_dp_parallel_bwd_layer_04' (key 6b3ab12d1fbef353) took 9.042687536s: PERSISTENT_FETCH
2026-08-28T09:55:43.745592612Z I0828 09:55:43.745426    3113 server_lib.cc:1855] Attempting to load component jit_zt_tr_dp_parallel_bwd_layer_03.5598368294899622652 @ 0 at worker after 1.099911ms (proto size 3270)
2026-08-28T09:55:52.827068197Z I0828 09:55:52.826960    1370 tpu_chip_config.cc:367] Resolved chip config alias megachip_tccontrol->megacore for 2093c6a02, 
2026-08-28T09:55:52.834421605Z I0828 09:55:52.834357    1370 tpu_chip_config.cc:367] Resolved chip config alias megachip_tccontrol->megacore for 2093c6a02, 
2026-08-28T09:55:52.856698385Z I0828 09:55:52.856625    1370 xla_compilation_cache.cc:113] XLA compilation cache fetch for computation 'jit_zt_tr_dp_parallel_bwd_layer_03' (key e4acf728c0b08079) took 9.111211512s: PERSISTENT_FETCH
2026-08-28T09:55:54.998992600Z I0828 09:55:54.998846    3113 server_lib.cc:1855] Attempting to load component jit_zt_tr_dp_parallel_bwd_layer_02.15988940423104945489 @ 0 at worker after 1.161912ms (proto size 3271)
2026-08-28T09:56:03.981776880Z I0828 09:56:03.981638    1370 tpu_chip_config.cc:367] Resolved chip config alias megachip_tccontrol->megacore for 2093c6a02, 
2026-08-28T09:56:03.989086337Z I0828 09:56:03.989020    1370 tpu_chip_config.cc:367] Resolved chip config alias megachip_tccontrol->megacore for 2093c6a02, 
2026-08-28T09:56:04.011704461Z I0828 09:56:04.011635    1370 xla_compilation_cache.cc:113] XLA compilation cache fetch for computation 'jit_zt_tr_dp_parallel_bwd_layer_02' (key d65b9ab4fa7087fb) took 9.012801344s: PERSISTENT_FETCH
2026-08-28T09:56:06.166296645Z I0828 09:56:06.166162    3113 server_lib.cc:1855] Attempting to load component jit_zt_tr_dp_parallel_bwd_layer_01.5598368294899624483 @ 0 at worker after 1.100744ms (proto size 3270)
2026-08-28T09:56:15.297379799Z I0828 09:56:15.297230    1370 tpu_chip_config.cc:367] Resolved chip config alias megachip_tccontrol->megacore for 2093c6a02, 
2026-08-28T09:56:15.304298514Z I0828 09:56:15.304228    1370 tpu_chip_config.cc:367] Resolved chip config alias megachip_tccontrol->megacore for 2093c6a02, 
2026-08-28T09:56:15.327151799Z I0828 09:56:15.327081    1370 xla_compilation_cache.cc:113] XLA compilation cache fetch for computation 'jit_zt_tr_dp_parallel_bwd_layer_01' (key 23505bca9de4fc96) took 9.16093291s: PERSISTENT_FETCH
2026-08-28T09:56:19.577431681Z I0828 09:56:19.577320    3113 server_lib.cc:1855] Attempting to load component jit_zt_tr_dp_parallel_bwd_layer_00.15988940423104945020 @ 0 at worker after 1.18642ms (proto size 3271)
2026-08-28T09:56:28.519475559Z I0828 09:56:28.519326    3113 server_lib.cc:1855] Attempting to load component jit_zt_tr_dp_parallel_bwd_embed.5598368294899622218 @ 0 at worker after 1.053409ms (proto size 2480)
2026-08-28T09:56:28.526486545Z I0828 09:56:28.526331    1370 tpu_chip_config.cc:367] Resolved chip config alias megachip_tccontrol->megacore for 2093c6a02, 
2026-08-28T09:56:28.534072104Z I0828 09:56:28.534007    1370 tpu_chip_config.cc:367] Resolved chip config alias megachip_tccontrol->megacore for 2093c6a02, 
2026-08-28T09:56:28.557406361Z I0828 09:56:28.557334    1370 xla_compilation_cache.cc:113] XLA compilation cache fetch for computation 'jit_zt_tr_dp_parallel_bwd_layer_00' (key e90a2f42130d380d) took 8.980027081s: PERSISTENT_FETCH
2026-08-28T09:56:29.881765563Z I0828 09:56:29.881646    1369 tpu_chip_config.cc:367] Resolved chip config alias megachip_tccontrol->megacore for 2093c6a02, 
2026-08-28T09:56:29.883712009Z I0828 09:56:29.883655    1369 tpu_chip_config.cc:367] Resolved chip config alias megachip_tccontrol->megacore for 2093c6a02, 
2026-08-28T09:56:29.885354580Z I0828 09:56:29.885293    1369 xla_compilation_cache.cc:113] XLA compilation cache fetch for computation 'jit_zt_tr_dp_parallel_bwd_embed' (key 15f73fd1efc94b13) took 1.365978415s: PERSISTENT_FETCH
2026-08-28T09:56:29.939603749Z I0828 09:56:29.939443    3065 server_lib.cc:1855] Attempting to load component jit_zt_tr_grad_tree_start.15988940423104945760 @ 0 at worker after 1.433263ms (proto size 24459)
2026-08-28T09:56:31.831269493Z I0828 09:56:31.831137    1369 tpu_chip_config.cc:367] Resolved chip config alias megachip_tccontrol->megacore for 2093c6a02, 
2026-08-28T09:56:31.835705669Z I0828 09:56:31.835632    1369 tpu_chip_config.cc:367] Resolved chip config alias megachip_tccontrol->megacore for 2093c6a02, 
2026-08-28T09:56:31.847228642Z I0828 09:56:31.847161    1369 xla_compilation_cache.cc:113] XLA compilation cache fetch for computation 'jit_zt_tr_grad_tree_start' (key 75b764dbcc47a0ee) took 1.907730957s: PERSISTENT_FETCH
2026-08-28T09:56:31.884779713Z W0828 09:56:31.884632    1506 tpu_pjrt_client.cc:2349] PjRt execution dispatch was blocked for 12.313us because PjRt's max in-flight computation semaphore is full (limit: 32), which may negatively affect the performance
2026-08-28T09:56:37.290011752Z I0828 09:56:37.289840    3113 server_lib.cc:1855] Attempting to load component jit_zt_tr_grad_tree_add.14768284516790631177 @ 0 at worker after 3.854053ms (proto size 36143)
2026-08-28T09:56:39.754875311Z I0828 09:56:39.754729    1369 tpu_chip_config.cc:367] Resolved chip config alias megachip_tccontrol->megacore for 2093c6a02, 
2026-08-28T09:56:39.758065390Z I0828 09:56:39.757992    1369 tpu_chip_config.cc:367] Resolved chip config alias megachip_tccontrol->megacore for 2093c6a02, 
2026-08-28T09:56:39.765899615Z I0828 09:56:39.765833    1369 xla_compilation_cache.cc:113] XLA compilation cache fetch for computation 'jit_zt_tr_grad_tree_add' (key 65b2b6b61bdac38f) took 2.476006562s: PERSISTENT_FETCH
2026-08-28T09:57:01.011623885Z I0828 09:57:01.011477    3048 server_lib.cc:1855] Attempting to load component jit_zt_tr_grad_assembly.4294846250867694625 @ 0 at worker after 4.277909ms (proto size 24454)
2026-08-28T09:57:02.843425791Z I0828 09:57:02.843251    3050 server_lib.cc:1855] Attempting to load component jit_equal.5598368294899625541 @ 0 at worker after 723.585us (proto size 2432)
2026-08-28T09:57:02.851905296Z I0828 09:57:02.851803    1369 tpu_chip_config.cc:367] Resolved chip config alias megachip_tccontrol->megacore for 2093c6a02, 
2026-08-28T09:57:02.855900403Z I0828 09:57:02.855848    1369 tpu_chip_config.cc:367] Resolved chip config alias megachip_tccontrol->megacore for 2093c6a02, 
2026-08-28T09:57:02.867352402Z I0828 09:57:02.867283    1369 xla_compilation_cache.cc:113] XLA compilation cache fetch for computation 'jit_zt_tr_grad_assembly' (key c931fade2a18f5c2) took 1.855819913s: PERSISTENT_FETCH
2026-08-28T09:57:03.066699939Z I0828 09:57:03.066576    3050 server_lib.cc:1855] Attempting to load component jit__reduce_all.4294846250867691996 @ 0 at worker after 722.421us (proto size 2407)
2026-08-28T09:57:03.091433637Z I0828 09:57:03.091350    1370 tpu_chip_config.cc:367] Resolved chip config alias megachip_tccontrol->megacore for 2093c6a02, 
2026-08-28T09:57:03.093128072Z I0828 09:57:03.093067    1370 tpu_chip_config.cc:367] Resolved chip config alias megachip_tccontrol->megacore for 2093c6a02, 
2026-08-28T09:57:03.094006776Z I0828 09:57:03.093950    1370 xla_compilation_cache.cc:113] XLA compilation cache fetch for computation 'jit_equal' (key 20f45ebefb1d7b86) took 250.712558ms: PERSISTENT_FETCH
2026-08-28T09:57:03.333875050Z I0828 09:57:03.333813    1369 tpu_chip_config.cc:367] Resolved chip config alias megachip_tccontrol->megacore for 2093c6a02, 
2026-08-28T09:57:03.335430336Z I0828 09:57:03.335372    1369 tpu_chip_config.cc:367] Resolved chip config alias megachip_tccontrol->megacore for 2093c6a02, 
2026-08-28T09:57:03.336402866Z I0828 09:57:03.336343    1369 xla_compilation_cache.cc:113] XLA compilation cache fetch for computation 'jit__reduce_all' (key 58205a87e3e347f2) took 269.777308ms: PERSISTENT_FETCH
2026-08-28T09:57:03.883335665Z I0828 09:57:03.883222    3065 server_lib.cc:1855] Attempting to load component jit_zt_tr_dp_parallel_bwd_adjoint.5598368294899623276 @ 0 at worker after 1.508984ms (proto size 25136)
2026-08-28T09:57:07.072978067Z I0828 09:57:07.072821    1369 tpu_chip_config.cc:367] Resolved chip config alias megachip_tccontrol->megacore for 2093c6a02, 
2026-08-28T09:57:07.083211624Z I0828 09:57:07.083134    1369 tpu_chip_config.cc:367] Resolved chip config alias megachip_tccontrol->megacore for 2093c6a02, 
2026-08-28T09:57:07.089665156Z I0828 09:57:07.089605    1369 xla_compilation_cache.cc:113] XLA compilation cache fetch for computation 'jit_zt_tr_dp_parallel_bwd_adjoint' (key 8071772276a28a6f) took 3.206393768s: PERSISTENT_FETCH
2026-08-28T09:57:07.133872951Z I0828 09:57:07.133741    3050 server_lib.cc:1855] Attempting to load component jit_count_nonzero.4294846250867693463 @ 0 at worker after 871.149us (proto size 2422)
2026-08-28T09:57:07.528442729Z I0828 09:57:07.528359    1369 tpu_chip_config.cc:367] Resolved chip config alias megachip_tccontrol->megacore for 2093c6a02, 
2026-08-28T09:57:07.530163385Z I0828 09:57:07.530107    1369 tpu_chip_config.cc:367] Resolved chip config alias megachip_tccontrol->megacore for 2093c6a02, 
2026-08-28T09:57:07.531078856Z I0828 09:57:07.531023    1369 xla_compilation_cache.cc:113] XLA compilation cache fetch for computation 'jit_count_nonzero' (key f24c2d415f35895f) took 397.293038ms: PERSISTENT_FETCH
2026-08-28T09:57:08.974446136Z I0828 09:57:08.974309    3065 server_lib.cc:1855] Attempting to load component jit__gradient_diagnostics.5598368294899625107 @ 0 at worker after 1.324868ms (proto size 13466)
2026-08-28T09:57:22.421562154Z I0828 09:57:22.421407    1369 tpu_chip_config.cc:367] Resolved chip config alias megachip_tccontrol->megacore for 2093c6a02, 
2026-08-28T09:57:22.445041695Z I0828 09:57:22.444960    1369 tpu_chip_config.cc:367] Resolved chip config alias megachip_tccontrol->megacore for 2093c6a02, 
2026-08-28T09:57:22.505768077Z I0828 09:57:22.505650    1369 xla_compilation_cache.cc:113] XLA compilation cache fetch for computation 'jit__gradient_diagnostics' (key 74ba67ed680660ae) took 13.53135179s: PERSISTENT_FETCH
2026-08-28T09:57:23.529271353Z I0828 09:57:23.529127    3065 server_lib.cc:1855] Attempting to load component jit_reduce_local.4294846250867694930 @ 0 at worker after 2.050029ms (proto size 23905)
2026-08-28T09:58:05.199515397Z I0828 09:58:05.199377    3065 server_lib.cc:1855] Attempting to load component jit__gradient_finite_flags.12319883060084965963 @ 0 at worker after 1.283515ms (proto size 12246)
2026-08-28T09:58:05.339513354Z I0828 09:58:05.339343    1369 tpu_chip_config.cc:367] Resolved chip config alias megachip_tccontrol->megacore for 2093c6a02, 
2026-08-28T09:58:05.383471393Z I0828 09:58:05.383386    1369 tpu_chip_config.cc:367] Resolved chip config alias megachip_tccontrol->megacore for 2093c6a02, 
2026-08-28T09:58:05.440876223Z I0828 09:58:05.440789    1369 xla_compilation_cache.cc:113] XLA compilation cache fetch for computation 'jit_reduce_local' (key 7686b5619a3ef5b6) took 41.911674111s: PERSISTENT_FETCH
2026-08-28T09:58:08.570414222Z I0828 09:58:08.570291    1370 tpu_chip_config.cc:367] Resolved chip config alias megachip_tccontrol->megacore for 2093c6a02, 
2026-08-28T09:58:08.578218359Z I0828 09:58:08.578151    1370 tpu_chip_config.cc:367] Resolved chip config alias megachip_tccontrol->megacore for 2093c6a02, 
2026-08-28T09:58:08.592182049Z I0828 09:58:08.592094    1370 xla_compilation_cache.cc:113] XLA compilation cache fetch for computation 'jit__gradient_finite_flags' (key 5487cd548072e0de) took 3.392728891s: PERSISTENT_FETCH
2026-08-28T09:58:08.865344558Z I0828 09:58:08.865194    3065 server_lib.cc:1855] Attempting to load component jit_compare_local.4294846250867692301 @ 0 at worker after 1.115935ms (proto size 12226)
2026-08-28T09:58:29.156771444Z I0828 09:58:29.156638    1370 tpu_chip_config.cc:367] Resolved chip config alias megachip_tccontrol->megacore for 2093c6a02, 
2026-08-28T09:58:29.167470632Z I0828 09:58:29.167399    1370 tpu_chip_config.cc:367] Resolved chip config alias megachip_tccontrol->megacore for 2093c6a02, 
2026-08-28T09:58:29.185796749Z I0828 09:58:29.185720    1370 xla_compilation_cache.cc:113] XLA compilation cache fetch for computation 'jit_compare_local' (key 2356cac6126dff6f) took 20.320538679s: PERSISTENT_FETCH
2026-08-28T09:58:29.283301468Z I0828 09:58:29.283148    3024 server_lib.cc:1855] Attempting to load component jit_count_nonzero.15995949837485656625 @ 0 at worker after 902.714us (proto size 2414)
2026-08-28T09:58:29.640554457Z I0828 09:58:29.640459    1370 tpu_chip_config.cc:367] Resolved chip config alias megachip_tccontrol->megacore for 2093c6a02, 
2026-08-28T09:58:29.642284853Z I0828 09:58:29.642232    1370 tpu_chip_config.cc:367] Resolved chip config alias megachip_tccontrol->megacore for 2093c6a02, 
2026-08-28T09:58:29.643223523Z I0828 09:58:29.643159    1370 xla_compilation_cache.cc:113] XLA compilation cache fetch for computation 'jit_count_nonzero' (key 75352af856727f54) took 360.021267ms: PERSISTENT_FETCH
2026-08-28T09:58:29.693718201Z I0828 09:58:29.693635    3065 server_lib.cc:1855] Attempting to load component jit_count_nonzero.14768284516790629819 @ 0 at worker after 834.023us (proto size 2409)
2026-08-28T09:58:29.963101932Z I0828 09:58:29.963001    1370 tpu_chip_config.cc:367] Resolved chip config alias megachip_tccontrol->megacore for 2093c6a02, 
2026-08-28T09:58:29.964730819Z I0828 09:58:29.964666    1370 tpu_chip_config.cc:367] Resolved chip config alias megachip_tccontrol->megacore for 2093c6a02, 
2026-08-28T09:58:29.965559260Z I0828 09:58:29.965488    1370 xla_compilation_cache.cc:113] XLA compilation cache fetch for computation 'jit_count_nonzero' (key 4d8e2b72ff8d2bc3) took 271.862659ms: PERSISTENT_FETCH
2026-08-28T09:58:29.999193204Z I0828 09:58:29.999111    3065 server_lib.cc:1855] Attempting to load component jit_count_nonzero.15995949837485657618 @ 0 at worker after 914.84us (proto size 2409)
2026-08-28T09:58:30.238498854Z I0828 09:58:30.238424    1370 tpu_chip_config.cc:367] Resolved chip config alias megachip_tccontrol->megacore for 2093c6a02, 
2026-08-28T09:58:30.240032037Z I0828 09:58:30.239965    1370 tpu_chip_config.cc:367] Resolved chip config alias megachip_tccontrol->megacore for 2093c6a02, 
2026-08-28T09:58:30.240831655Z I0828 09:58:30.240766    1370 xla_compilation_cache.cc:113] XLA compilation cache fetch for computation 'jit_count_nonzero' (key def88f80a22981ca) took 241.663455ms: PERSISTENT_FETCH
2026-08-28T09:58:30.306897772Z I0828 09:58:30.306826    3065 server_lib.cc:1855] Attempting to load component jit_count_nonzero.14768284516790631868 @ 0 at worker after 725.511us (proto size 2416)
2026-08-28T09:58:30.664146900Z I0828 09:58:30.664054    1370 tpu_chip_config.cc:367] Resolved chip config alias megachip_tccontrol->megacore for 2093c6a02, 
2026-08-28T09:58:30.665706236Z I0828 09:58:30.665638    1370 tpu_chip_config.cc:367] Resolved chip config alias megachip_tccontrol->megacore for 2093c6a02, 
2026-08-28T09:58:30.666548022Z I0828 09:58:30.666484    1370 xla_compilation_cache.cc:113] XLA compilation cache fetch for computation 'jit_count_nonzero' (key e161f35162eb7e62) took 359.667763ms: PERSISTENT_FETCH
2026-08-28T09:58:30.707413661Z I0828 09:58:30.707332    3024 server_lib.cc:1855] Attempting to load component jit_count_nonzero.15995949837485654515 @ 0 at worker after 829.144us (proto size 2416)
2026-08-28T09:58:31.024058819Z I0828 09:58:31.023959    1370 tpu_chip_config.cc:367] Resolved chip config alias megachip_tccontrol->megacore for 2093c6a02, 
2026-08-28T09:58:31.025564965Z I0828 09:58:31.025501    1370 tpu_chip_config.cc:367] Resolved chip config alias megachip_tccontrol->megacore for 2093c6a02, 
2026-08-28T09:58:31.026367602Z I0828 09:58:31.026315    1370 xla_compilation_cache.cc:113] XLA compilation cache fetch for computation 'jit_count_nonzero' (key 425026c19decb847) took 318.991445ms: PERSISTENT_FETCH
2026-08-28T09:58:31.063377399Z I0828 09:58:31.063260    3065 server_lib.cc:1855] Attempting to load component jit_count_nonzero.14768284516790629821 @ 0 at worker after 748.981us (proto size 2416)
2026-08-28T09:58:31.418920585Z I0828 09:58:31.418816    1370 tpu_chip_config.cc:367] Resolved chip config alias megachip_tccontrol->megacore for 2093c6a02, 
2026-08-28T09:58:31.420444752Z I0828 09:58:31.420369    1370 tpu_chip_config.cc:367] Resolved chip config alias megachip_tccontrol->megacore for 2093c6a02, 
2026-08-28T09:58:31.421249243Z I0828 09:58:31.421195    1370 xla_compilation_cache.cc:113] XLA compilation cache fetch for computation 'jit_count_nonzero' (key 316d29e9b2c76a8d) took 357.944632ms: PERSISTENT_FETCH
2026-08-28T09:58:31.453975804Z I0828 09:58:31.453890    3050 server_lib.cc:1855] Attempting to load component jit_count_nonzero.15995949837485655508 @ 0 at worker after 717.401us (proto size 2413)
2026-08-28T09:58:31.789448473Z I0828 09:58:31.789358    1370 tpu_chip_config.cc:367] Resolved chip config alias megachip_tccontrol->megacore for 2093c6a02, 
2026-08-28T09:58:31.790946382Z I0828 09:58:31.790892    1370 tpu_chip_config.cc:367] Resolved chip config alias megachip_tccontrol->megacore for 2093c6a02, 
2026-08-28T09:58:31.791761070Z I0828 09:58:31.791712    1370 xla_compilation_cache.cc:113] XLA compilation cache fetch for computation 'jit_count_nonzero' (key 952d9fe57c405bcb) took 337.830115ms: PERSISTENT_FETCH
2026-08-28T09:58:31.826221451Z I0828 09:58:31.826118    3048 server_lib.cc:1855] Attempting to load component jit_count_nonzero.14768284516790631870 @ 0 at worker after 1.244117ms (proto size 2413)
2026-08-28T09:58:32.166182033Z I0828 09:58:32.166057    1370 tpu_chip_config.cc:367] Resolved chip config alias megachip_tccontrol->megacore for 2093c6a02, 
2026-08-28T09:58:32.167766689Z I0828 09:58:32.167709    1370 tpu_chip_config.cc:367] Resolved chip config alias megachip_tccontrol->megacore for 2093c6a02, 
2026-08-28T09:58:32.168629927Z I0828 09:58:32.168577    1370 xla_compilation_cache.cc:113] XLA compilation cache fetch for computation 'jit_count_nonzero' (key 35cb0f8509347705) took 342.467946ms: PERSISTENT_FETCH
2026-08-28T09:58:33.378569393Z I0828 09:58:33.378422    3050 server_lib.cc:1855] Attempting to load component jit_count_nonzero.15995949837485656501 @ 0 at worker after 752.6us (proto size 2414)
2026-08-28T09:58:33.716279418Z I0828 09:58:33.716172    1370 tpu_chip_config.cc:367] Resolved chip config alias megachip_tccontrol->megacore for 2093c6a02, 
2026-08-28T09:58:33.718009663Z I0828 09:58:33.717950    1370 tpu_chip_config.cc:367] Resolved chip config alias megachip_tccontrol->megacore for 2093c6a02, 
2026-08-28T09:58:33.718955829Z I0828 09:58:33.718893    1370 xla_compilation_cache.cc:113] XLA compilation cache fetch for computation 'jit_count_nonzero' (key 268c10353c8a8b5d) took 340.480971ms: PERSISTENT_FETCH
2026-08-28T09:58:34.965734820Z I0828 09:58:34.965576    3048 server_lib.cc:1855] Attempting to load component jit__precomputed_gradient_scaled_step.15995949837485657494 @ 0 at worker after 2.197606ms (proto size 42455)
2026-08-28T09:58:54.138676362Z I0828 09:58:54.138517    1370 tpu_chip_config.cc:367] Resolved chip config alias megachip_tccontrol->megacore for 2093c6a02, 
2026-08-28T09:58:54.173694787Z I0828 09:58:54.173606    1370 tpu_chip_config.cc:367] Resolved chip config alias megachip_tccontrol->megacore for 2093c6a02, 
2026-08-28T09:58:54.233242363Z I0828 09:58:54.233148    1370 xla_compilation_cache.cc:113] XLA compilation cache fetch for computation 'jit__precomputed_gradient_scaled_step' (key 54fd99be6e3fd4c1) took 19.267584151s: PERSISTENT_FETCH
2026-08-28T09:58:54.647365718Z W0828 09:58:54.647229    1506 tpu_pjrt_client.cc:2349] PjRt execution dispatch was blocked for 2.551876ms because PjRt's max in-flight computation semaphore is full (limit: 32), which may negatively affect the performance
2026-08-28T09:58:55.486457899Z I0828 09:58:55.486330    3050 server_lib.cc:1855] Attempting to load component jit_scatter-add.4294846250867694557 @ 0 at worker after 880.844us (proto size 2472)
2026-08-28T09:58:56.084026541Z I0828 09:58:56.083917    1370 tpu_chip_config.cc:367] Resolved chip config alias megachip_tccontrol->megacore for 2093c6a02, 
2026-08-28T09:58:56.086127537Z I0828 09:58:56.086064    1370 tpu_chip_config.cc:367] Resolved chip config alias megachip_tccontrol->megacore for 2093c6a02, 
2026-08-28T09:58:56.087415539Z I0828 09:58:56.087347    1370 xla_compilation_cache.cc:113] XLA compilation cache fetch for computation 'jit_scatter-add' (key 67e819b08f4baf52) took 601.030683ms: PERSISTENT_FETCH
2026-08-28T09:58:57.545052911Z I0828 09:58:57.544923    3048 server_lib.cc:1855] Attempting to load component jit_gather.4294846250867692107 @ 0 at worker after 659.118us (proto size 2430)
2026-08-28T09:58:57.789549788Z I0828 09:58:57.789434    1370 tpu_chip_config.cc:367] Resolved chip config alias megachip_tccontrol->megacore for 2093c6a02, 
2026-08-28T09:58:57.791443603Z I0828 09:58:57.791378    1370 tpu_chip_config.cc:367] Resolved chip config alias megachip_tccontrol->megacore for 2093c6a02, 
2026-08-28T09:58:57.792404177Z I0828 09:58:57.792348    1370 xla_compilation_cache.cc:113] XLA compilation cache fetch for computation 'jit_gather' (key c533f69f89a63ab1) took 247.434141ms: PERSISTENT_FETCH
2026-08-28T09:59:35.054544467Z I0828 09:59:35.054371    3060 server_lib.cc:1855] Attempting to load component jit__precomputed_gradient_scaled_step.5598368294899622087 @ 0 at worker after 2.330362ms (proto size 42454)
2026-08-28T09:59:54.371450707Z I0828 09:59:54.371275    1370 tpu_chip_config.cc:367] Resolved chip config alias megachip_tccontrol->megacore for 2093c6a02, 
2026-08-28T09:59:54.406937042Z I0828 09:59:54.406822    1370 tpu_chip_config.cc:367] Resolved chip config alias megachip_tccontrol->megacore for 2093c6a02, 
2026-08-28T09:59:54.468079388Z I0828 09:59:54.467986    1370 xla_compilation_cache.cc:113] XLA compilation cache fetch for computation 'jit__precomputed_gradient_scaled_step' (key 74c3b6cf4cd93cc6) took 19.413629546s: PERSISTENT_FETCH
2026-08-28T09:59:54.897367855Z W0828 09:59:54.897226    1506 tpu_pjrt_client.cc:2349] PjRt execution dispatch was blocked for 840.943us because PjRt's max in-flight computation semaphore is full (limit: 32), which may negatively affect the performance
2026-08-28T10:00:54.900414908Z W0828 10:00:54.900277    1508 tpu_pjrt_client.cc:2349] PjRt execution dispatch was blocked for 3.151821ms because PjRt's max in-flight computation semaphore is full (limit: 32), which may negatively affect the performance
2026-08-28T10:01:57.678768380Z W0828 10:01:57.678639    1507 tpu_pjrt_client.cc:2349] PjRt execution dispatch was blocked for 125.681138ms because PjRt's max in-flight computation semaphore is full (limit: 32), which may negatively affect the performance
2026-08-28T10:02:24.354445824Z I0828 10:02:24.354275    3090 server_lib.cc:1855] Attempting to load component jit_scatter-add.4294846250867693496 @ 0 at worker after 783.417us (proto size 2472)
2026-08-28T10:02:25.046413193Z I0828 10:02:25.046259    1370 tpu_chip_config.cc:367] Resolved chip config alias megachip_tccontrol->megacore for 2093c6a02, 
2026-08-28T10:02:25.048963443Z I0828 10:02:25.048866    1370 tpu_chip_config.cc:367] Resolved chip config alias megachip_tccontrol->megacore for 2093c6a02, 
2026-08-28T10:02:25.050770491Z I0828 10:02:25.050698    1370 xla_compilation_cache.cc:113] XLA compilation cache fetch for computation 'jit_scatter-add' (key 474663fa3e1753f6) took 696.438034ms: PERSISTENT_FETCH
2026-08-28T10:02:26.446593224Z I0828 10:02:26.446456    3087 server_lib.cc:1855] Attempting to load component jit_gather.679787919433039672 @ 0 at worker after 720.375us (proto size 2429)
2026-08-28T10:02:26.713111204Z I0828 10:02:26.712999    1370 tpu_chip_config.cc:367] Resolved chip config alias megachip_tccontrol->megacore for 2093c6a02, 
2026-08-28T10:02:26.714952754Z I0828 10:02:26.714885    1370 tpu_chip_config.cc:367] Resolved chip config alias megachip_tccontrol->megacore for 2093c6a02, 
2026-08-28T10:02:26.715892158Z I0828 10:02:26.715831    1370 xla_compilation_cache.cc:113] XLA compilation cache fetch for computation 'jit_gather' (key 3f64800e653433d7) took 269.386196ms: PERSISTENT_FETCH
2026-08-28T10:03:00.366565275Z W0828 10:03:00.366390    1506 tpu_pjrt_client.cc:2349] PjRt execution dispatch was blocked for 57.048406ms because PjRt's max in-flight computation semaphore is full (limit: 32), which may negatively affect the performance
2026-08-28T10:03:08.241780586Z I0828 10:03:08.241662    3087 server_lib.cc:1855] Attempting to load component jit_scatter-add.12319883060084965649 @ 0 at worker after 698.767us (proto size 2473)
2026-08-28T10:03:08.841751517Z I0828 10:03:08.841634    1370 tpu_chip_config.cc:367] Resolved chip config alias megachip_tccontrol->megacore for 2093c6a02, 
2026-08-28T10:03:08.843659372Z I0828 10:03:08.843600    1370 tpu_chip_config.cc:367] Resolved chip config alias megachip_tccontrol->megacore for 2093c6a02, 
2026-08-28T10:03:08.844923913Z I0828 10:03:08.844858    1370 xla_compilation_cache.cc:113] XLA compilation cache fetch for computation 'jit_scatter-add' (key 66d2a83e67b04b98) took 603.210024ms: PERSISTENT_FETCH
2026-08-28T10:03:10.305440431Z I0828 10:03:10.305313    3050 server_lib.cc:1855] Attempting to load component jit_gather.12319883060084968863 @ 0 at worker after 873.378us (proto size 2431)
2026-08-28T10:03:10.556053157Z I0828 10:03:10.555941    1370 tpu_chip_config.cc:367] Resolved chip config alias megachip_tccontrol->megacore for 2093c6a02, 
2026-08-28T10:03:10.558515282Z I0828 10:03:10.558447    1370 tpu_chip_config.cc:367] Resolved chip config alias megachip_tccontrol->megacore for 2093c6a02, 
2026-08-28T10:03:10.559878970Z I0828 10:03:10.559814    1370 xla_compilation_cache.cc:113] XLA compilation cache fetch for computation 'jit_gather' (key 1c87c442e1b3bf4f) took 254.510462ms: PERSISTENT_FETCH
2026-08-28T10:04:03.563839945Z W0828 10:04:03.563661    1507 tpu_pjrt_client.cc:2349] PjRt execution dispatch was blocked for 83.609827ms because PjRt's max in-flight computation semaphore is full (limit: 32), which may negatively affect the performance
2026-08-28T10:05:05.567169693Z W0828 10:05:05.567031    1508 tpu_pjrt_client.cc:2349] PjRt execution dispatch was blocked for 96.229319ms because PjRt's max in-flight computation semaphore is full (limit: 32), which may negatively affect the performance
2026-08-28T10:06:07.993013488Z W0828 10:06:07.992893    1508 tpu_pjrt_client.cc:2349] PjRt execution dispatch was blocked for 72.003204ms because PjRt's max in-flight computation semaphore is full (limit: 32), which may negatively affect the performance
2026-08-28T10:07:09.980743950Z W0828 10:07:09.980630    1506 tpu_pjrt_client.cc:2349] PjRt execution dispatch was blocked for 34.466404ms because PjRt's max in-flight computation semaphore is full (limit: 32), which may negatively affect the performance
2026-08-28T10:08:14.292583569Z W0828 10:08:14.292402    1506 tpu_pjrt_client.cc:2349] PjRt execution dispatch was blocked for 64.952114ms because PjRt's max in-flight computation semaphore is full (limit: 32), which may negatively affect the performance
2026-08-28T10:09:17.233626808Z W0828 10:09:17.233479    1506 tpu_pjrt_client.cc:2349] PjRt execution dispatch was blocked for 87.689641ms because PjRt's max in-flight computation semaphore is full (limit: 32), which may negatively affect the performance
2026-08-28T10:10:20.823783385Z W0828 10:10:20.823650    1506 tpu_pjrt_client.cc:2349] PjRt execution dispatch was blocked for 95.877589ms because PjRt's max in-flight computation semaphore is full (limit: 32), which may negatively affect the performance
2026-08-28T10:11:23.958521301Z W0828 10:11:23.958411    1508 tpu_pjrt_client.cc:2349] PjRt execution dispatch was blocked for 105.969691ms because PjRt's max in-flight computation semaphore is full (limit: 32), which may negatively affect the performance
2026-08-28T10:12:26.289450227Z W0828 10:12:26.289289    1506 tpu_pjrt_client.cc:2349] PjRt execution dispatch was blocked for 83.352179ms because PjRt's max in-flight computation semaphore is full (limit: 32), which may negatively affect the performance
2026-08-28T10:13:29.054231759Z W0828 10:13:29.054088    1508 tpu_pjrt_client.cc:2349] PjRt execution dispatch was blocked for 77.128165ms because PjRt's max in-flight computation semaphore is full (limit: 32), which may negatively affect the performance
2026-08-28T10:14:32.461236568Z W0828 10:14:32.461083    1507 tpu_pjrt_client.cc:2349] PjRt execution dispatch was blocked for 79.597048ms because PjRt's max in-flight computation semaphore is full (limit: 32), which may negatively affect the performance
2026-08-28T10:15:35.125581555Z W0828 10:15:35.125437    1508 tpu_pjrt_client.cc:2349] PjRt execution dispatch was blocked for 84.842648ms because PjRt's max in-flight computation semaphore is full (limit: 32), which may negatively affect the performance
2026-08-28T10:16:36.677554687Z W0828 10:16:36.677402    1506 tpu_pjrt_client.cc:2349] PjRt execution dispatch was blocked for 119.726267ms because PjRt's max in-flight computation semaphore is full (limit: 32), which may negatively affect the performance
2026-08-28T10:17:39.408125438Z W0828 10:17:39.407983    1506 tpu_pjrt_client.cc:2349] PjRt execution dispatch was blocked for 133.043927ms because PjRt's max in-flight computation semaphore is full (limit: 32), which may negatively affect the performance
2026-08-28T10:18:41.468049683Z W0828 10:18:41.467894    1509 tpu_pjrt_client.cc:2349] PjRt execution dispatch was blocked for 5.377807ms because PjRt's max in-flight computation semaphore is full (limit: 32), which may negatively affect the performance
2026-08-28T10:19:42.635576742Z W0828 10:19:42.635432    1506 tpu_pjrt_client.cc:2349] PjRt execution dispatch was blocked for 63.858795ms because PjRt's max in-flight computation semaphore is full (limit: 32), which may negatively affect the performance
2026-08-28T10:20:19.509662807Z I0828 10:20:19.509501    3113 server_lib.cc:1855] Attempting to load component jit_scatter-add.14768284516790630289 @ 0 at worker after 691.568us (proto size 2473)
2026-08-28T10:20:20.133716451Z I0828 10:20:20.133593    1370 tpu_chip_config.cc:367] Resolved chip config alias megachip_tccontrol->megacore for 2093c6a02, 
2026-08-28T10:20:20.135657701Z I0828 10:20:20.135593    1370 tpu_chip_config.cc:367] Resolved chip config alias megachip_tccontrol->megacore for 2093c6a02, 
2026-08-28T10:20:20.136909882Z I0828 10:20:20.136848    1370 xla_compilation_cache.cc:113] XLA compilation cache fetch for computation 'jit_scatter-add' (key d70ded065449fd1b) took 627.358808ms: PERSISTENT_FETCH
2026-08-28T10:20:21.535471905Z I0828 10:20:21.535355    3024 server_lib.cc:1855] Attempting to load component jit_gather.12319883060084966271 @ 0 at worker after 837.66us (proto size 2431)
2026-08-28T10:20:21.812501331Z I0828 10:20:21.812417    1370 tpu_chip_config.cc:367] Resolved chip config alias megachip_tccontrol->megacore for 2093c6a02, 
2026-08-28T10:20:21.814367002Z I0828 10:20:21.814301    1370 tpu_chip_config.cc:367] Resolved chip config alias megachip_tccontrol->megacore for 2093c6a02, 
2026-08-28T10:20:21.815340392Z I0828 10:20:21.815288    1370 xla_compilation_cache.cc:113] XLA compilation cache fetch for computation 'jit_gather' (key 4b8e9298e525038d) took 279.950482ms: PERSISTENT_FETCH
2026-08-28T10:20:46.022977012Z W0828 10:20:46.022831    1506 tpu_pjrt_client.cc:2349] PjRt execution dispatch was blocked for 63.200059ms because PjRt's max in-flight computation semaphore is full (limit: 32), which may negatively affect the performance
2026-08-28T10:21:12.229959955Z I0828 10:21:12.229849    3050 server_lib.cc:1855] Attempting to load component jit_multiply.679787919433038667 @ 0 at worker after 702.311us (proto size 2398)
2026-08-28T10:21:12.471574109Z I0828 10:21:12.471373    1370 tpu_chip_config.cc:367] Resolved chip config alias megachip_tccontrol->megacore for 2093c6a02, 
2026-08-28T10:21:12.473325415Z I0828 10:21:12.473241    1370 tpu_chip_config.cc:367] Resolved chip config alias megachip_tccontrol->megacore for 2093c6a02, 
2026-08-28T10:21:12.474247453Z I0828 10:21:12.474175    1370 xla_compilation_cache.cc:113] XLA compilation cache fetch for computation 'jit_multiply' (key ee6c6abb52d77351) took 244.337278ms: PERSISTENT_FETCH
2026-08-28T10:21:15.598591310Z I0828 10:21:15.598434    3060 server_lib.cc:1855] Attempting to load component jit_gather.14768284516790631028 @ 0 at worker after 815.099us (proto size 2435)
2026-08-28T10:21:15.856091773Z I0828 10:21:15.855995    3087 server_lib.cc:1855] Attempting to load component jit_broadcast_in_dim.679787919433039313 @ 0 at worker after 756.964us (proto size 2429)
2026-08-28T10:21:15.875702638Z I0828 10:21:15.875603    1370 tpu_chip_config.cc:367] Resolved chip config alias megachip_tccontrol->megacore for 2093c6a02, 
2026-08-28T10:21:15.877530738Z I0828 10:21:15.877456    1370 tpu_chip_config.cc:367] Resolved chip config alias megachip_tccontrol->megacore for 2093c6a02, 
2026-08-28T10:21:15.878726478Z I0828 10:21:15.878663    1370 xla_compilation_cache.cc:113] XLA compilation cache fetch for computation 'jit_gather' (key 11bc803a3187003b) took 280.242315ms: PERSISTENT_FETCH
2026-08-28T10:21:16.096031551Z I0828 10:21:16.095951    1369 tpu_chip_config.cc:367] Resolved chip config alias megachip_tccontrol->megacore for 2093c6a02, 
2026-08-28T10:21:16.097716009Z I0828 10:21:16.097652    1369 tpu_chip_config.cc:367] Resolved chip config alias megachip_tccontrol->megacore for 2093c6a02, 
2026-08-28T10:21:16.098516729Z I0828 10:21:16.098454    1369 xla_compilation_cache.cc:113] XLA compilation cache fetch for computation 'jit_broadcast_in_dim' (key 7edb828916119f95) took 242.469853ms: PERSISTENT_FETCH
2026-08-28T10:21:17.123736911Z I0828 10:21:17.123605    3066 server_lib.cc:1855] Attempting to load component jit_maximum.679787919433037216 @ 0 at worker after 667.002us (proto size 2396)
2026-08-28T10:21:17.366052645Z I0828 10:21:17.365951    3087 server_lib.cc:1855] Attempting to load component jit_true_divide.14768284516790631172 @ 0 at worker after 694.789us (proto size 2406)
2026-08-28T10:21:17.382158563Z I0828 10:21:17.382066    1369 tpu_chip_config.cc:367] Resolved chip config alias megachip_tccontrol->megacore for 2093c6a02, 
2026-08-28T10:21:17.383938412Z I0828 10:21:17.383875    1369 tpu_chip_config.cc:367] Resolved chip config alias megachip_tccontrol->megacore for 2093c6a02, 
2026-08-28T10:21:17.384875086Z I0828 10:21:17.384785    1369 xla_compilation_cache.cc:113] XLA compilation cache fetch for computation 'jit_maximum' (key fb0aaff3c1db8e4b) took 261.191423ms: PERSISTENT_FETCH
2026-08-28T10:21:17.618563424Z I0828 10:21:17.618451    3113 server_lib.cc:1855] Attempting to load component jit_multiply.679787919433037284 @ 0 at worker after 772.233us (proto size 2428)
2026-08-28T10:21:17.627853653Z I0828 10:21:17.627778    1370 tpu_chip_config.cc:367] Resolved chip config alias megachip_tccontrol->megacore for 2093c6a02, 
2026-08-28T10:21:17.629500762Z I0828 10:21:17.629444    1370 tpu_chip_config.cc:367] Resolved chip config alias megachip_tccontrol->megacore for 2093c6a02, 
2026-08-28T10:21:17.630403684Z I0828 10:21:17.630339    1370 xla_compilation_cache.cc:113] XLA compilation cache fetch for computation 'jit_true_divide' (key a2b7f92efa599e43) took 264.39735ms: PERSISTENT_FETCH
2026-08-28T10:21:17.917843078Z I0828 10:21:17.917792    3113 server_lib.cc:1855] Attempting to load component jit_multiply.14768284516790629125 @ 0 at worker after 698.435us (proto size 2420)
2026-08-28T10:21:17.922730341Z I0828 10:21:17.922664    1369 tpu_chip_config.cc:367] Resolved chip config alias megachip_tccontrol->megacore for 2093c6a02, 
2026-08-28T10:21:17.924341398Z I0828 10:21:17.924270    1369 tpu_chip_config.cc:367] Resolved chip config alias megachip_tccontrol->megacore for 2093c6a02, 
2026-08-28T10:21:17.925154008Z I0828 10:21:17.925089    1369 xla_compilation_cache.cc:113] XLA compilation cache fetch for computation 'jit_multiply' (key 6eaf6267b36e4103) took 306.646644ms: PERSISTENT_FETCH
2026-08-28T10:21:18.130481550Z I0828 10:21:18.130401    3074 server_lib.cc:1855] Attempting to load component jit_multiply.679787919433039383 @ 0 at worker after 714.464us (proto size 2418)
2026-08-28T10:21:18.143170008Z I0828 10:21:18.143068    1370 tpu_chip_config.cc:367] Resolved chip config alias megachip_tccontrol->megacore for 2093c6a02, 
2026-08-28T10:21:18.144648485Z I0828 10:21:18.144575    1370 tpu_chip_config.cc:367] Resolved chip config alias megachip_tccontrol->megacore for 2093c6a02, 
2026-08-28T10:21:18.145436481Z I0828 10:21:18.145370    1370 xla_compilation_cache.cc:113] XLA compilation cache fetch for computation 'jit_multiply' (key 80290ce002bc4c04) took 227.585851ms: PERSISTENT_FETCH
2026-08-28T10:21:18.343289890Z I0828 10:21:18.343223    3113 server_lib.cc:1855] Attempting to load component jit_multiply.14768284516790631174 @ 0 at worker after 709.611us (proto size 2434)
2026-08-28T10:21:18.360561099Z I0828 10:21:18.360448    1369 tpu_chip_config.cc:367] Resolved chip config alias megachip_tccontrol->megacore for 2093c6a02, 
2026-08-28T10:21:18.362007765Z I0828 10:21:18.361939    1369 tpu_chip_config.cc:367] Resolved chip config alias megachip_tccontrol->megacore for 2093c6a02, 
2026-08-28T10:21:18.362820508Z I0828 10:21:18.362744    1369 xla_compilation_cache.cc:113] XLA compilation cache fetch for computation 'jit_multiply' (key 9efcd5060f14cc31) took 232.350745ms: PERSISTENT_FETCH
2026-08-28T10:21:18.579582119Z I0828 10:21:18.579487    3074 server_lib.cc:1855] Attempting to load component jit_multiply.679787919433037386 @ 0 at worker after 678.168us (proto size 2432)
2026-08-28T10:21:18.590712556Z I0828 10:21:18.590635    1370 tpu_chip_config.cc:367] Resolved chip config alias megachip_tccontrol->megacore for 2093c6a02, 
2026-08-28T10:21:18.592206368Z I0828 10:21:18.592135    1370 tpu_chip_config.cc:367] Resolved chip config alias megachip_tccontrol->megacore for 2093c6a02, 
2026-08-28T10:21:18.592994455Z I0828 10:21:18.592921    1370 xla_compilation_cache.cc:113] XLA compilation cache fetch for computation 'jit_multiply' (key 22dd78a1da219d4c) took 249.706779ms: PERSISTENT_FETCH
2026-08-28T10:21:18.831666321Z I0828 10:21:18.831584    3062 server_lib.cc:1855] Attempting to load component jit_multiply.14768284516790629127 @ 0 at worker after 670.282us (proto size 2434)
2026-08-28T10:21:18.844128565Z I0828 10:21:18.844060    1369 tpu_chip_config.cc:367] Resolved chip config alias megachip_tccontrol->megacore for 2093c6a02, 
2026-08-28T10:21:18.845651862Z I0828 10:21:18.845584    1369 tpu_chip_config.cc:367] Resolved chip config alias megachip_tccontrol->megacore for 2093c6a02, 
2026-08-28T10:21:18.846433383Z I0828 10:21:18.846369    1369 xla_compilation_cache.cc:113] XLA compilation cache fetch for computation 'jit_multiply' (key cc63cbf0445c72a8) took 266.890029ms: PERSISTENT_FETCH
2026-08-28T10:21:19.103985061Z I0828 10:21:19.103911    3074 server_lib.cc:1855] Attempting to load component jit_multiply.679787919433039485 @ 0 at worker after 725.646us (proto size 2426)
2026-08-28T10:21:19.114394154Z I0828 10:21:19.114299    1370 tpu_chip_config.cc:367] Resolved chip config alias megachip_tccontrol->megacore for 2093c6a02, 
2026-08-28T10:21:19.115868793Z I0828 10:21:19.115801    1370 tpu_chip_config.cc:367] Resolved chip config alias megachip_tccontrol->megacore for 2093c6a02, 
2026-08-28T10:21:19.116645946Z I0828 10:21:19.116593    1370 xla_compilation_cache.cc:113] XLA compilation cache fetch for computation 'jit_multiply' (key 53d8628867305c69) took 285.017001ms: PERSISTENT_FETCH
2026-08-28T10:21:19.378222589Z I0828 10:21:19.378131    3087 server_lib.cc:1855] Attempting to load component jit_multiply.14768284516790631176 @ 0 at worker after 628.405us (proto size 2428)
2026-08-28T10:21:19.397674561Z I0828 10:21:19.397590    1369 tpu_chip_config.cc:367] Resolved chip config alias megachip_tccontrol->megacore for 2093c6a02, 
2026-08-28T10:21:19.399140511Z I0828 10:21:19.399056    1369 tpu_chip_config.cc:367] Resolved chip config alias megachip_tccontrol->megacore for 2093c6a02, 
2026-08-28T10:21:19.399919120Z I0828 10:21:19.399854    1369 xla_compilation_cache.cc:113] XLA compilation cache fetch for computation 'jit_multiply' (key e55c4ba2f923fd42) took 295.950123ms: PERSISTENT_FETCH
2026-08-28T10:21:19.689353714Z I0828 10:21:19.689292    1370 tpu_chip_config.cc:367] Resolved chip config alias megachip_tccontrol->megacore for 2093c6a02, 
2026-08-28T10:21:19.690840513Z I0828 10:21:19.690776    1370 tpu_chip_config.cc:367] Resolved chip config alias megachip_tccontrol->megacore for 2093c6a02, 
2026-08-28T10:21:19.691645002Z I0828 10:21:19.691590    1370 xla_compilation_cache.cc:113] XLA compilation cache fetch for computation 'jit_multiply' (key 9fe44011f549bb98) took 313.467519ms: PERSISTENT_FETCH
2026-08-28T10:21:19.729170737Z I0828 10:21:19.729075    3062 server_lib.cc:1855] Attempting to load component jit_multiply.679787919433037488 @ 0 at worker after 808.492us (proto size 2428)
2026-08-28T10:21:20.097269499Z I0828 10:21:20.097164    1370 tpu_chip_config.cc:367] Resolved chip config alias megachip_tccontrol->megacore for 2093c6a02, 
2026-08-28T10:21:20.098888404Z I0828 10:21:20.098823    1370 tpu_chip_config.cc:367] Resolved chip config alias megachip_tccontrol->megacore for 2093c6a02, 
2026-08-28T10:21:20.099690313Z I0828 10:21:20.099641    1370 xla_compilation_cache.cc:113] XLA compilation cache fetch for computation 'jit_multiply' (key 84fd6c128ec4928d) took 370.574232ms: PERSISTENT_FETCH
2026-08-28T10:21:21.397305555Z I0828 10:21:21.397205    3062 server_lib.cc:1855] Attempting to load component jit_tree_numeric_stats.14768284516790629129 @ 0 at worker after 1.501518ms (proto size 12357)
2026-08-28T10:21:36.892164690Z I0828 10:21:36.892035    1370 tpu_chip_config.cc:367] Resolved chip config alias megachip_tccontrol->megacore for 2093c6a02, 
2026-08-28T10:21:36.915981126Z I0828 10:21:36.915878    1370 tpu_chip_config.cc:367] Resolved chip config alias megachip_tccontrol->megacore for 2093c6a02, 
2026-08-28T10:21:36.975280169Z I0828 10:21:36.975196    1370 xla_compilation_cache.cc:113] XLA compilation cache fetch for computation 'jit_tree_numeric_stats' (key ca3908749e191443) took 15.578001207s: PERSISTENT_FETCH
2026-08-28T10:21:43.639816515Z I0828 10:21:43.639567    3062 server_lib.cc:1855] Attempting to load component jit__precomputed_gradient_commit.17684357318100722051 @ 0 at worker after 4.339807ms (proto size 109966)
2026-08-28T10:22:48.404300244Z I0828 10:22:48.404163    1370 tpu_chip_config.cc:367] Resolved chip config alias megachip_tccontrol->megacore for 2093c6a02, 
2026-08-28T10:22:48.477868396Z I0828 10:22:48.477747    1370 tpu_chip_config.cc:367] Resolved chip config alias megachip_tccontrol->megacore for 2093c6a02, 
2026-08-28T10:22:48.635116059Z I0828 10:22:48.635035    1370 xla_compilation_cache.cc:113] XLA compilation cache fetch for computation 'jit__precomputed_gradient_commit' (key e0d85ba8bfad5106) took 1m4.995482926s: PERSISTENT_FETCH
2026-08-28T10:26:20.507262995Z I0828 10:26:20.507152    6579 server_lib.cc:1855] Attempting to load component jit__allocate.17684357318100724016 @ 0 at worker after 1.060897ms (proto size 2405)
2026-08-28T10:26:20.572188033Z I0828 10:26:20.572042    1370 tpu_chip_config.cc:367] Resolved chip config alias megachip_tccontrol->megacore for 2093c6a02, 
2026-08-28T10:26:20.573960128Z I0828 10:26:20.573854    1370 tpu_chip_config.cc:367] Resolved chip config alias megachip_tccontrol->megacore for 2093c6a02, 
2026-08-28T10:26:20.574872364Z I0828 10:26:20.574794    1370 xla_compilation_cache.cc:113] XLA compilation cache fetch for computation 'jit__allocate' (key 44c937081d7ee1dc) took 67.654766ms: PERSISTENT_FETCH
2026-08-28T10:26:22.203861869Z I0828 10:26:22.203728     822 worker_op_dispatcher.cc:4605] Component is not loaded yet; deferring unload until load completes: jit__allocate.17684357318100724016 @ 0
2026-08-28T10:26:22.203896259Z I0828 10:26:22.203769    1579 server_lib.cc:743] Unloading component jit__allocate.17684357318100724016 @ 0 at worker
2026-08-28T10:27:19.072386125Z I0828 10:27:19.072267    6568 server_lib.cc:1855] Attempting to load component jit_split.11153768120849232325 @ 0 at worker after 821.958us (proto size 2488)
2026-08-28T10:27:19.587738899Z I0828 10:27:19.587643    6568 server_lib.cc:1855] Attempting to load component jit__compute_active_mask.12319883060084967998 @ 0 at worker after 793.612us (proto size 2433)
2026-08-28T10:27:19.608627706Z I0828 10:27:19.608553    1370 tpu_chip_config.cc:367] Resolved chip config alias megachip_tccontrol->megacore for 2093c6a02, 
2026-08-28T10:27:19.610614615Z I0828 10:27:19.610545    1370 tpu_chip_config.cc:367] Resolved chip config alias megachip_tccontrol->megacore for 2093c6a02, 
2026-08-28T10:27:19.612498150Z I0828 10:27:19.612445    1370 xla_compilation_cache.cc:113] XLA compilation cache fetch for computation 'jit_split' (key da1117f3c8b64daf) took 540.18988ms: PERSISTENT_FETCH
2026-08-28T10:27:19.825848448Z I0828 10:27:19.825759    1369 tpu_chip_config.cc:367] Resolved chip config alias megachip_tccontrol->megacore for 2093c6a02, 
2026-08-28T10:27:19.827387679Z I0828 10:27:19.827320    1369 tpu_chip_config.cc:367] Resolved chip config alias megachip_tccontrol->megacore for 2093c6a02, 
2026-08-28T10:27:19.828178060Z I0828 10:27:19.828121    1369 xla_compilation_cache.cc:113] XLA compilation cache fetch for computation 'jit__compute_active_mask' (key 3aef1cf884a7da1a) took 240.489269ms: PERSISTENT_FETCH
2026-08-28T10:27:27.627463200Z I0828 10:27:27.627298    6488 server_lib.cc:1855] Attempting to load component jit__decode_core.11153768120849233977 @ 0 at worker after 1.913719ms (proto size 15295)
2026-08-28T10:27:36.792909676Z I0828 10:27:36.792807    1369 tpu_chip_config.cc:367] Resolved chip config alias megachip_tccontrol->megacore for 2093c6a02, 
2026-08-28T10:27:36.803530363Z I0828 10:27:36.803446    1369 tpu_chip_config.cc:367] Resolved chip config alias megachip_tccontrol->megacore for 2093c6a02, 
2026-08-28T10:27:36.830981574Z I0828 10:27:36.830893    1369 xla_compilation_cache.cc:113] XLA compilation cache fetch for computation 'jit__decode_core' (key 4db2e0840ec912b7) took 9.203609938s: PERSISTENT_FETCH
2026-08-28T10:27:38.286146497Z I0828 10:27:38.286031    6565 server_lib.cc:1855] Attempting to load component jit_split.14002197779478025344 @ 0 at worker after 728.354us (proto size 2488)
2026-08-28T10:27:38.731824110Z I0828 10:27:38.731749    6565 server_lib.cc:1855] Attempting to load component jit__compute_active_mask.4678516978361695249 @ 0 at worker after 722.96us (proto size 2432)
2026-08-28T10:27:38.777488184Z I0828 10:27:38.777415    1369 tpu_chip_config.cc:367] Resolved chip config alias megachip_tccontrol->megacore for 2093c6a02, 
2026-08-28T10:27:38.779422291Z I0828 10:27:38.779360    1369 tpu_chip_config.cc:367] Resolved chip config alias megachip_tccontrol->megacore for 2093c6a02, 
2026-08-28T10:27:38.781127060Z I0828 10:27:38.781068    1369 xla_compilation_cache.cc:113] XLA compilation cache fetch for computation 'jit_split' (key beee675beb2791cf) took 495.047569ms: PERSISTENT_FETCH
2026-08-28T10:27:38.986810417Z I0828 10:27:38.986741    1370 tpu_chip_config.cc:367] Resolved chip config alias megachip_tccontrol->megacore for 2093c6a02, 
2026-08-28T10:27:38.988461143Z I0828 10:27:38.988402    1370 tpu_chip_config.cc:367] Resolved chip config alias megachip_tccontrol->megacore for 2093c6a02, 
2026-08-28T10:27:38.989428510Z I0828 10:27:38.989376    1370 xla_compilation_cache.cc:113] XLA compilation cache fetch for computation 'jit__compute_active_mask' (key 1ef32c9a0d55e873) took 257.633965ms: PERSISTENT_FETCH
2026-08-28T10:27:45.713189328Z I0828 10:27:45.713051    6579 server_lib.cc:1855] Attempting to load component jit__decode_core.14002197779478026988 @ 0 at worker after 1.74182ms (proto size 15295)
2026-08-28T10:28:01.658637848Z I0828 10:28:01.658256    1370 tpu_chip_config.cc:367] Resolved chip config alias megachip_tccontrol->megacore for 2093c6a02, 
2026-08-28T10:28:01.668870028Z I0828 10:28:01.668805    1370 tpu_chip_config.cc:367] Resolved chip config alias megachip_tccontrol->megacore for 2093c6a02, 
2026-08-28T10:28:01.698585266Z I0828 10:28:01.698494    1370 xla_compilation_cache.cc:113] XLA compilation cache fetch for computation 'jit__decode_core' (key 6d35b2919dd5fcad) took 15.985458296s: PERSISTENT_FETCH
2026-08-28T10:28:03.360165563Z I0828 10:28:03.360031    3062 server_lib.cc:1855] Attempting to load component jit_split.17684357318100723238 @ 0 at worker after 740.27us (proto size 2486)
2026-08-28T10:28:03.830495608Z I0828 10:28:03.830395    3062 server_lib.cc:1855] Attempting to load component jit__compute_active_mask.14768284516790630232 @ 0 at worker after 840.65us (proto size 2431)
2026-08-28T10:28:03.854690664Z I0828 10:28:03.854572    1370 tpu_chip_config.cc:367] Resolved chip config alias megachip_tccontrol->megacore for 2093c6a02, 
2026-08-28T10:28:03.856565166Z I0828 10:28:03.856488    1370 tpu_chip_config.cc:367] Resolved chip config alias megachip_tccontrol->megacore for 2093c6a02, 
2026-08-28T10:28:03.858328733Z I0828 10:28:03.858273    1370 xla_compilation_cache.cc:113] XLA compilation cache fetch for computation 'jit_split' (key 7405e16df67d782c) took 498.252343ms: PERSISTENT_FETCH
2026-08-28T10:28:04.118983757Z I0828 10:28:04.118901    1369 tpu_chip_config.cc:367] Resolved chip config alias megachip_tccontrol->megacore for 2093c6a02, 
2026-08-28T10:28:04.120710309Z I0828 10:28:04.120645    1369 tpu_chip_config.cc:367] Resolved chip config alias megachip_tccontrol->megacore for 2093c6a02, 
2026-08-28T10:28:04.121669835Z I0828 10:28:04.121614    1369 xla_compilation_cache.cc:113] XLA compilation cache fetch for computation 'jit__compute_active_mask' (key 91010c1c33592fec) took 291.22849ms: PERSISTENT_FETCH
2026-08-28T10:28:13.315553396Z I0828 10:28:13.315419    3080 server_lib.cc:1855] Attempting to load component jit__decode_core.17684357318100725418 @ 0 at worker after 1.713064ms (proto size 15282)
2026-08-28T10:28:24.305559913Z I0828 10:28:24.305423    1369 tpu_chip_config.cc:367] Resolved chip config alias megachip_tccontrol->megacore for 2093c6a02, 
2026-08-28T10:28:24.315330949Z I0828 10:28:24.315267    1369 tpu_chip_config.cc:367] Resolved chip config alias megachip_tccontrol->megacore for 2093c6a02, 
2026-08-28T10:28:24.345889580Z I0828 10:28:24.345797    1369 xla_compilation_cache.cc:113] XLA compilation cache fetch for computation 'jit__decode_core' (key 1151eceae55a4e27) took 11.030390216s: PERSISTENT_FETCH
2026-08-28T10:28:34.852043091Z I0828 10:28:34.851913     822 worker_op_dispatcher.cc:4605] Component is not loaded yet; deferring unload until load completes: jit_add.5598368294899624984 @ 0
2026-08-28T10:28:34.852076718Z I0828 10:28:34.851999     822 worker_op_dispatcher.cc:4605] Component is not loaded yet; deferring unload until load completes: jit_subtract.5598368294899623153 @ 0
2026-08-28T10:28:34.852081258Z I0828 10:28:34.852010     822 worker_op_dispatcher.cc:4605] Component is not loaded yet; deferring unload until load completes: jit_clip.15988940423104944279 @ 0
2026-08-28T10:28:34.852149412Z I0828 10:28:34.851996    1551 server_lib.cc:743] Unloading component jit_add.5598368294899624984 @ 0 at worker
2026-08-28T10:28:34.852190085Z I0828 10:28:34.852020     822 worker_op_dispatcher.cc:4605] Component is not loaded yet; deferring unload until load completes: jit_multiply.15988940423104944748 @ 0
2026-08-28T10:28:34.852196601Z I0828 10:28:34.852069     822 worker_op_dispatcher.cc:4605] Component is not loaded yet; deferring unload until load completes: jit__reduce_sum.5598368294899623587 @ 0
2026-08-28T10:28:34.852199078Z I0828 10:28:34.852080     822 worker_op_dispatcher.cc:4605] Component is not loaded yet; deferring unload until load completes: jit_clip.15988940423104945092 @ 0
2026-08-28T10:28:34.852202704Z I0828 10:28:34.852074    1575 server_lib.cc:743] Unloading component jit_subtract.5598368294899623153 @ 0 at worker
2026-08-28T10:28:34.852205694Z I0828 10:28:34.852090    1563 server_lib.cc:743] Unloading component jit_clip.15988940423104944279 @ 0 at worker
2026-08-28T10:28:34.852211825Z I0828 10:28:34.852077    1553 server_lib.cc:743] Unloading component jit_multiply.15988940423104944748 @ 0 at worker
2026-08-28T10:28:34.852228508Z I0828 10:28:34.852088     822 worker_op_dispatcher.cc:4605] Component is not loaded yet; deferring unload until load completes: jit_multiply.15988940423104945561 @ 0
2026-08-28T10:28:34.852234048Z I0828 10:28:34.852138    1561 server_lib.cc:743] Unloading component jit__reduce_sum.5598368294899623587 @ 0 at worker
2026-08-28T10:28:34.852237572Z I0828 10:28:34.852105    1569 server_lib.cc:743] Unloading component jit_clip.15988940423104945092 @ 0 at worker
2026-08-28T10:28:34.852247224Z I0828 10:28:34.852167    1553 server_lib.cc:743] Unloading component jit_multiply.15988940423104945561 @ 0 at worker
2026-08-28T10:28:34.852249871Z I0828 10:28:34.852160     822 worker_op_dispatcher.cc:4605] Component is not loaded yet; deferring unload until load completes: jit_masked_mean.5598368294899625929 @ 0
2026-08-28T10:28:34.852252194Z I0828 10:28:34.852193     822 worker_op_dispatcher.cc:4605] Component is not loaded yet; deferring unload until load completes: jit__reduce_sum.5598368294899623266 @ 0
2026-08-28T10:28:34.852254569Z I0828 10:28:34.852196    1569 server_lib.cc:743] Unloading component jit_masked_mean.5598368294899625929 @ 0 at worker
2026-08-28T10:28:34.852257078Z I0828 10:28:34.852205     822 worker_op_dispatcher.cc:4605] Component is not loaded yet; deferring unload until load completes: jit_greater.15988940423104944623 @ 0
2026-08-28T10:28:34.852265469Z I0828 10:28:34.852226     822 worker_op_dispatcher.cc:4605] Component is not loaded yet; deferring unload until load completes: jit_maximum.5598368294899625947 @ 0
2026-08-28T10:28:34.852284047Z I0828 10:28:34.852236     822 worker_op_dispatcher.cc:4605] Component is not loaded yet; deferring unload until load completes: jit__reduce_sum.5598368294899622701 @ 0
2026-08-28T10:28:34.852330785Z I0828 10:28:34.852245     822 worker_op_dispatcher.cc:4605] Component is not loaded yet; deferring unload until load completes: jit_exp.5598368294899621964 @ 0
2026-08-28T10:28:34.852341848Z I0828 10:28:34.852235    1564 server_lib.cc:743] Unloading component jit__reduce_sum.5598368294899623266 @ 0 at worker
2026-08-28T10:28:34.852344158Z I0828 10:28:34.852254     822 worker_op_dispatcher.cc:4605] Component is not loaded yet; deferring unload until load completes: jit_minimum.15988940423104943018 @ 0
2026-08-28T10:28:34.852348824Z I0828 10:28:34.852274    1553 server_lib.cc:743] Unloading component jit__reduce_sum.5598368294899622701 @ 0 at worker
2026-08-28T10:28:34.852351772Z I0828 10:28:34.852270    1555 server_lib.cc:743] Unloading component jit_maximum.5598368294899625947 @ 0 at worker
2026-08-28T10:28:34.852354394Z I0828 10:28:34.852274    1547 server_lib.cc:743] Unloading component jit_greater.15988940423104944623 @ 0 at worker
2026-08-28T10:28:34.852359832Z I0828 10:28:34.852279    1569 server_lib.cc:743] Unloading component jit_minimum.15988940423104943018 @ 0 at worker
2026-08-28T10:28:34.852363205Z I0828 10:28:34.852278     822 worker_op_dispatcher.cc:4605] Component is not loaded yet; deferring unload until load completes: jit__mean.5598368294899623022 @ 0
2026-08-28T10:28:34.852381144Z I0828 10:28:34.852319     822 worker_op_dispatcher.cc:4605] Component is not loaded yet; deferring unload until load completes: jit__reduce_min.5598368294899623230 @ 0
2026-08-28T10:28:34.852390058Z I0828 10:28:34.852321    1547 server_lib.cc:743] Unloading component jit_exp.5598368294899621964 @ 0 at worker
2026-08-28T10:28:34.852393791Z I0828 10:28:34.852325    1569 server_lib.cc:743] Unloading component jit__mean.5598368294899623022 @ 0 at worker
2026-08-28T10:28:34.852397024Z I0828 10:28:34.852332     822 worker_op_dispatcher.cc:4605] Component is not loaded yet; deferring unload until load completes: jit_clip.15988940423104942403 @ 0
2026-08-28T10:28:34.852399585Z I0828 10:28:34.852342     822 worker_op_dispatcher.cc:4605] Component is not loaded yet; deferring unload until load completes: jit__reduce_max.15988940423104943091 @ 0
2026-08-28T10:28:34.852406998Z I0828 10:28:34.852350     822 worker_op_dispatcher.cc:4605] Component is not loaded yet; deferring unload until load completes: jit_abs.15988940423104942622 @ 0
2026-08-28T10:28:34.852414735Z I0828 10:28:34.852349    1568 server_lib.cc:743] Unloading component jit__reduce_min.5598368294899623230 @ 0 at worker
2026-08-28T10:28:34.852417398Z I0828 10:28:34.852361    1551 server_lib.cc:743] Unloading component jit__reduce_max.15988940423104943091 @ 0 at worker
2026-08-28T10:28:34.852419777Z I0828 10:28:34.852359     822 worker_op_dispatcher.cc:4605] Component is not loaded yet; deferring unload until load completes: jit_true_divide.15988940423104943341 @ 0
2026-08-28T10:28:34.852424895Z I0828 10:28:34.852393     822 worker_op_dispatcher.cc:4605] Component is not loaded yet; deferring unload until load completes: jit__where.5598368294899622909 @ 0
2026-08-28T10:28:34.852427445Z I0828 10:28:34.852398    1551 server_lib.cc:743] Unloading component jit_true_divide.15988940423104943341 @ 0 at worker
2026-08-28T10:28:34.852429738Z I0828 10:28:34.852405     822 worker_op_dispatcher.cc:4605] Component is not loaded yet; deferring unload until load completes: jit_subtract.15988940423104945686 @ 0
2026-08-28T10:28:34.852432342Z I0828 10:28:34.852395    1543 server_lib.cc:743] Unloading component jit_clip.15988940423104942403 @ 0 at worker
2026-08-28T10:28:34.852434741Z I0828 10:28:34.852415     822 worker_op_dispatcher.cc:4605] Component is not loaded yet; deferring unload until load completes: jit__where.5598368294899624966 @ 0
2026-08-28T10:28:34.852512870Z I0828 10:28:34.852423    1551 server_lib.cc:743] Unloading component jit_subtract.15988940423104945686 @ 0 at worker
2026-08-28T10:28:34.852563570Z I0828 10:28:34.852400    1542 server_lib.cc:743] Unloading component jit_abs.15988940423104942622 @ 0 at worker
2026-08-28T10:28:34.852569965Z I0828 10:28:34.852426     822 worker_op_dispatcher.cc:4605] Component is not loaded yet; deferring unload until load completes: jit_negative.5598368294899625531 @ 0
2026-08-28T10:28:34.852573305Z I0828 10:28:34.852450     822 worker_op_dispatcher.cc:4605] Component is not loaded yet; deferring unload until load completes: jit_true_divide.15988940423104943758 @ 0
2026-08-28T10:28:34.852576138Z I0828 10:28:34.852453    1568 server_lib.cc:743] Unloading component jit_negative.5598368294899625531 @ 0 at worker
2026-08-28T10:28:34.852578894Z I0828 10:28:34.852448    1540 server_lib.cc:743] Unloading component jit__where.5598368294899622909 @ 0 at worker
2026-08-28T10:28:34.852581108Z I0828 10:28:34.852441    1569 server_lib.cc:743] Unloading component jit__where.5598368294899624966 @ 0 at worker
2026-08-28T10:28:34.852583434Z I0828 10:28:34.852474    1551 server_lib.cc:743] Unloading component jit_true_divide.15988940423104943758 @ 0 at worker
2026-08-28T10:28:35.053826700Z I0828 10:28:35.053753     822 worker_op_dispatcher.cc:4605] Component is not loaded yet; deferring unload until load completes: jit_sample.5009576107440553640 @ 0
2026-08-28T10:28:35.053853633Z I0828 10:28:35.053768     822 worker_op_dispatcher.cc:4605] Component is not loaded yet; deferring unload until load completes: jit_sample.17152593400471993221 @ 0
2026-08-28T10:28:35.053861181Z I0828 10:28:35.053776     822 worker_op_dispatcher.cc:4605] Component is not loaded yet; deferring unload until load completes: jit_sample.5009576107440552375 @ 0
2026-08-28T10:28:35.053865089Z I0828 10:28:35.053782     822 worker_op_dispatcher.cc:4605] Component is not loaded yet; deferring unload until load completes: jit_sample.5009576107440549980 @ 0
2026-08-28T10:28:35.053868764Z I0828 10:28:35.053791     822 worker_op_dispatcher.cc:4605] Component is not loaded yet; deferring unload until load completes: jit_sample.17152593400471992737 @ 0
2026-08-28T10:28:35.053873119Z I0828 10:28:35.053801     822 worker_op_dispatcher.cc:4605] Component is not loaded yet; deferring unload until load completes: jit_sample.17152593400471991579 @ 0
2026-08-28T10:28:35.053884313Z I0828 10:28:35.053810     822 worker_op_dispatcher.cc:4605] Component is not loaded yet; deferring unload until load completes: jit_sample.17152593400471991285 @ 0
2026-08-28T10:28:35.053888664Z I0828 10:28:35.053809    1547 server_lib.cc:743] Unloading component jit_sample.5009576107440553640 @ 0 at worker
2026-08-28T10:28:35.053891547Z I0828 10:28:35.053820     822 worker_op_dispatcher.cc:4605] Component is not loaded yet; deferring unload until load completes: jit_sample.17542282987440715599 @ 0
2026-08-28T10:28:35.053895991Z I0828 10:28:35.053804    1538 server_lib.cc:743] Unloading component jit_sample.17152593400471993221 @ 0 at worker
2026-08-28T10:28:35.053900387Z I0828 10:28:35.053838    1569 server_lib.cc:743] Unloading component jit_sample.17152593400471991579 @ 0 at worker
2026-08-28T10:28:35.053904347Z I0828 10:28:35.053843    1564 server_lib.cc:743] Unloading component jit_sample.17152593400471992737 @ 0 at worker
2026-08-28T10:28:35.053906793Z I0828 10:28:35.053812    1568 server_lib.cc:743] Unloading component jit_sample.5009576107440549980 @ 0 at worker
2026-08-28T10:28:35.053909113Z I0828 10:28:35.053859    1545 server_lib.cc:743] Unloading component jit_sample.17152593400471991285 @ 0 at worker
2026-08-28T10:28:35.053928969Z I0828 10:28:35.053833     822 worker_op_dispatcher.cc:4605] Component is not loaded yet; deferring unload until load completes: jit_sample.17542282987440714231 @ 0
2026-08-28T10:28:35.053939107Z I0828 10:28:35.053908     822 worker_op_dispatcher.cc:4605] Component is not loaded yet; deferring unload until load completes: jit_sample.5009576107440553378 @ 0
2026-08-28T10:28:35.053941276Z I0828 10:28:35.053849    1555 server_lib.cc:743] Unloading component jit_sample.17542282987440715599 @ 0 at worker
2026-08-28T10:28:35.053943344Z I0828 10:28:35.053916     822 worker_op_dispatcher.cc:4605] Component is not loaded yet; deferring unload until load completes: jit_sample.17152593400471992011 @ 0
2026-08-28T10:28:35.053945430Z I0828 10:28:35.053917    1545 server_lib.cc:743] Unloading component jit_sample.17542282987440714231 @ 0 at worker
2026-08-28T10:28:35.053950090Z I0828 10:28:35.053827    1543 server_lib.cc:743] Unloading component jit_sample.5009576107440552375 @ 0 at worker
2026-08-28T10:28:35.054035691Z I0828 10:28:35.053941    1555 server_lib.cc:743] Unloading component jit_sample.5009576107440553378 @ 0 at worker
2026-08-28T10:28:35.054070330Z I0828 10:28:35.053947     822 worker_op_dispatcher.cc:4605] Component is not loaded yet; deferring unload until load completes: jit_sample.10416149044182840371 @ 0
2026-08-28T10:28:35.054075572Z I0828 10:28:35.053979    1555 server_lib.cc:743] Unloading component jit_sample.10416149044182840371 @ 0 at worker
2026-08-28T10:28:35.054078287Z I0828 10:28:35.053965    1544 server_lib.cc:743] Unloading component jit_sample.17152593400471992011 @ 0 at worker
2026-08-28T10:28:35.755618045Z I0828 10:28:35.755546     822 worker_op_dispatcher.cc:4605] Component is not loaded yet; deferring unload until load completes: jit_clip.5598368294899624722 @ 0
2026-08-28T10:28:35.755641670Z I0828 10:28:35.755562     822 worker_op_dispatcher.cc:4605] Component is not loaded yet; deferring unload until load completes: jit_clip.15988940423104943039 @ 0
2026-08-28T10:28:35.755646503Z I0828 10:28:35.755568     822 worker_op_dispatcher.cc:4605] Component is not loaded yet; deferring unload until load completes: jit__where.15988940423104943977 @ 0
2026-08-28T10:28:35.755664530Z I0828 10:28:35.755599    1543 server_lib.cc:743] Unloading component jit_clip.15988940423104943039 @ 0 at worker
2026-08-28T10:28:35.755684978Z I0828 10:28:35.755609    1546 server_lib.cc:743] Unloading component jit_clip.5598368294899624722 @ 0 at worker
2026-08-28T10:28:35.755689857Z I0828 10:28:35.755604    1568 server_lib.cc:743] Unloading component jit__where.15988940423104943977 @ 0 at worker
2026-08-28T10:28:36.964119244Z I0828 10:28:36.964016     822 worker_op_dispatcher.cc:4605] Component is not loaded yet; deferring unload until load completes: jit_broadcast_in_dim.5009576107440551239 @ 0
2026-08-28T10:28:36.964146469Z I0828 10:28:36.964048     822 worker_op_dispatcher.cc:4605] Component is not loaded yet; deferring unload until load completes: jit_broadcast_in_dim.17542282987440714210 @ 0
2026-08-28T10:28:36.964151419Z I0828 10:28:36.964057     822 worker_op_dispatcher.cc:4605] Component is not loaded yet; deferring unload until load completes: jit_broadcast_in_dim.5009576107440551675 @ 0
2026-08-28T10:28:36.964158724Z I0828 10:28:36.964092    1568 server_lib.cc:743] Unloading component jit_broadcast_in_dim.5009576107440551239 @ 0 at worker
2026-08-28T10:28:36.964162230Z I0828 10:28:36.964090    1562 server_lib.cc:743] Unloading component jit_broadcast_in_dim.17542282987440714210 @ 0 at worker
2026-08-28T10:28:36.964164912Z I0828 10:28:36.964108     822 worker_op_dispatcher.cc:4605] Component is not loaded yet; deferring unload until load completes: jit_broadcast_in_dim.10416149044182841477 @ 0
2026-08-28T10:28:36.964168213Z I0828 10:28:36.964112    1564 server_lib.cc:743] Unloading component jit_broadcast_in_dim.5009576107440551675 @ 0 at worker
2026-08-28T10:28:36.964219832Z I0828 10:28:36.964147    1562 server_lib.cc:743] Unloading component jit_broadcast_in_dim.10416149044182841477 @ 0 at worker
2026-08-28T10:28:36.964287289Z I0828 10:28:36.964239     822 worker_op_dispatcher.cc:4605] Component is not loaded yet; deferring unload until load completes: jit_broadcast_in_dim.17152593400471993187 @ 0
2026-08-28T10:28:36.964303075Z I0828 10:28:36.964252     822 worker_op_dispatcher.cc:4605] Component is not loaded yet; deferring unload until load completes: jit_reshape.12553407529559188076 @ 0
2026-08-28T10:28:36.964318049Z I0828 10:28:36.964281    1562 server_lib.cc:743] Unloading component jit_reshape.12553407529559188076 @ 0 at worker
2026-08-28T10:28:36.964326473Z I0828 10:28:36.964293    1555 server_lib.cc:743] Unloading component jit_broadcast_in_dim.17152593400471993187 @ 0 at worker
2026-08-28T10:28:36.964405387Z I0828 10:28:36.964351     822 worker_op_dispatcher.cc:4605] Component is not loaded yet; deferring unload until load completes: jit_reshape.12553407529559188448 @ 0
2026-08-28T10:28:36.964495790Z I0828 10:28:36.964402    1540 server_lib.cc:743] Unloading component jit_reshape.12553407529559188448 @ 0 at worker
2026-08-28T10:28:36.964509469Z I0828 10:28:36.964469     822 worker_op_dispatcher.cc:4605] Component is not loaded yet; deferring unload until load completes: jit_broadcast_in_dim.17152593400471990638 @ 0
2026-08-28T10:28:36.964515828Z I0828 10:28:36.964486     822 worker_op_dispatcher.cc:4605] Component is not loaded yet; deferring unload until load completes: jit_broadcast_in_dim.5009576107440553593 @ 0
2026-08-28T10:28:36.964538029Z I0828 10:28:36.964501    1564 server_lib.cc:743] Unloading component jit_broadcast_in_dim.17152593400471990638 @ 0 at worker
2026-08-28T10:28:36.964568415Z I0828 10:28:36.964516    1568 server_lib.cc:743] Unloading component jit_broadcast_in_dim.5009576107440553593 @ 0 at worker
2026-08-28T10:28:36.964721900Z I0828 10:28:36.964673     822 worker_op_dispatcher.cc:4605] Component is not loaded yet; deferring unload until load completes: jit_broadcast_in_dim.17542282987440714362 @ 0
2026-08-28T10:28:36.964773915Z I0828 10:28:36.964715    1543 server_lib.cc:743] Unloading component jit_broadcast_in_dim.17542282987440714362 @ 0 at worker
2026-08-28T10:28:36.964840574Z I0828 10:28:36.964799     822 worker_op_dispatcher.cc:4605] Component is not loaded yet; deferring unload until load completes: jit_broadcast_in_dim.5009576107440551196 @ 0
2026-08-28T10:28:36.964851157Z I0828 10:28:36.964812     822 worker_op_dispatcher.cc:4605] Component is not loaded yet; deferring unload until load completes: jit_broadcast_in_dim.17542282987440715101 @ 0
2026-08-28T10:28:36.964856351Z I0828 10:28:36.964819     822 worker_op_dispatcher.cc:4605] Component is not loaded yet; deferring unload until load completes: jit_broadcast_in_dim.17152593400471992323 @ 0
2026-08-28T10:28:36.964869549Z I0828 10:28:36.964832    1543 server_lib.cc:743] Unloading component jit_broadcast_in_dim.5009576107440551196 @ 0 at worker
2026-08-28T10:28:36.964874133Z I0828 10:28:36.964845    1564 server_lib.cc:743] Unloading component jit_broadcast_in_dim.17542282987440715101 @ 0 at worker
2026-08-28T10:28:36.964877649Z I0828 10:28:36.964852    1562 server_lib.cc:743] Unloading component jit_broadcast_in_dim.17152593400471992323 @ 0 at worker
2026-08-28T10:28:36.964908287Z I0828 10:28:36.964873     822 worker_op_dispatcher.cc:4605] Component is not loaded yet; deferring unload until load completes: jit_broadcast_in_dim.17542282987440713775 @ 0
2026-08-28T10:28:36.964914876Z I0828 10:28:36.964885     822 worker_op_dispatcher.cc:4605] Component is not loaded yet; deferring unload until load completes: jit_broadcast_in_dim.12553407529559188203 @ 0
2026-08-28T10:28:36.964920112Z I0828 10:28:36.964894     822 worker_op_dispatcher.cc:4605] Component is not loaded yet; deferring unload until load completes: jit_convert_element_type.17152593400471990586 @ 0
2026-08-28T10:28:36.964975533Z I0828 10:28:36.964904    1540 server_lib.cc:743] Unloading component jit_broadcast_in_dim.17542282987440713775 @ 0 at worker
2026-08-28T10:28:36.965002772Z I0828 10:28:36.964931    1561 server_lib.cc:743] Unloading component jit_broadcast_in_dim.12553407529559188203 @ 0 at worker
2026-08-28T10:28:36.965007550Z I0828 10:28:36.964938    1569 server_lib.cc:743] Unloading component jit_convert_element_type.17152593400471990586 @ 0 at worker
2026-08-28T10:28:36.965011862Z I0828 10:28:36.964949     822 worker_op_dispatcher.cc:4605] Component is not loaded yet; deferring unload until load completes: jit_broadcast_in_dim.12553407529559190500 @ 0
2026-08-28T10:28:36.965023096Z I0828 10:28:36.964969     822 worker_op_dispatcher.cc:4605] Component is not loaded yet; deferring unload until load completes: jit_broadcast_in_dim.5009576107440551892 @ 0
2026-08-28T10:28:36.965028302Z I0828 10:28:36.964978     822 worker_op_dispatcher.cc:4605] Component is not loaded yet; deferring unload until load completes: jit_broadcast_in_dim.5009576107440553636 @ 0
2026-08-28T10:28:36.965036624Z I0828 10:28:36.964992    1561 server_lib.cc:743] Unloading component jit_broadcast_in_dim.12553407529559190500 @ 0 at worker
2026-08-28T10:28:36.965040320Z I0828 10:28:36.965001    1568 server_lib.cc:743] Unloading component jit_broadcast_in_dim.5009576107440551892 @ 0 at worker
2026-08-28T10:28:36.965090182Z I0828 10:28:36.965027     822 worker_op_dispatcher.cc:4605] Component is not loaded yet; deferring unload until load completes: jit_broadcast_in_dim.10416149044182839472 @ 0
2026-08-28T10:28:36.965106277Z I0828 10:28:36.965019    1547 server_lib.cc:743] Unloading component jit_broadcast_in_dim.5009576107440553636 @ 0 at worker
2026-08-28T10:28:36.965109700Z I0828 10:28:36.965038     822 worker_op_dispatcher.cc:4605] Component is not loaded yet; deferring unload until load completes: jit_broadcast_in_dim.12553407529559187522 @ 0
2026-08-28T10:28:36.965113527Z I0828 10:28:36.965048     822 worker_op_dispatcher.cc:4605] Component is not loaded yet; deferring unload until load completes: jit_broadcast_in_dim.17152593400471993671 @ 0
2026-08-28T10:28:36.965117375Z I0828 10:28:36.965058     822 worker_op_dispatcher.cc:4605] Component is not loaded yet; deferring unload until load completes: jit_broadcast_in_dim.5009576107440553329 @ 0
2026-08-28T10:28:36.965124797Z I0828 10:28:36.965069    1547 server_lib.cc:743] Unloading component jit_broadcast_in_dim.12553407529559187522 @ 0 at worker
2026-08-28T10:28:36.965127102Z I0828 10:28:36.965078    1568 server_lib.cc:743] Unloading component jit_broadcast_in_dim.5009576107440553329 @ 0 at worker
2026-08-28T10:28:36.965131323Z I0828 10:28:36.965092    1538 server_lib.cc:743] Unloading component jit_broadcast_in_dim.10416149044182839472 @ 0 at worker
2026-08-28T10:28:36.965133691Z I0828 10:28:36.965104    1568 server_lib.cc:743] Unloading component jit_broadcast_in_dim.17152593400471993671 @ 0 at worker
2026-08-28T10:28:36.965175582Z I0828 10:28:36.965135     822 worker_op_dispatcher.cc:4605] Component is not loaded yet; deferring unload until load completes: jit_broadcast_in_dim.17152593400471992608 @ 0
2026-08-28T10:28:36.965182796Z I0828 10:28:36.965147     822 worker_op_dispatcher.cc:4605] Component is not loaded yet; deferring unload until load completes: jit_broadcast_in_dim.5009576107440550803 @ 0
2026-08-28T10:28:36.965189649Z I0828 10:28:36.965171    1568 server_lib.cc:743] Unloading component jit_broadcast_in_dim.5009576107440550803 @ 0 at worker
2026-08-28T10:28:36.965223071Z I0828 10:28:36.965173    1555 server_lib.cc:743] Unloading component jit_broadcast_in_dim.17152593400471992608 @ 0 at worker
2026-08-28T10:28:36.965605052Z I0828 10:28:36.965535     822 worker_op_dispatcher.cc:4605] Component is not loaded yet; deferring unload until load completes: jit_reshape.15995949837485654836 @ 0
2026-08-28T10:28:36.965650239Z I0828 10:28:36.965576    1564 server_lib.cc:743] Unloading component jit_reshape.15995949837485654836 @ 0 at worker
2026-08-28T10:28:36.965753579Z I0828 10:28:36.965676     822 worker_op_dispatcher.cc:4605] Component is not loaded yet; deferring unload until load completes: jit_reshape.11021083957486999860 @ 0
2026-08-28T10:28:36.965770390Z I0828 10:28:36.965687     822 worker_op_dispatcher.cc:4605] Component is not loaded yet; deferring unload until load completes: jit_reshape.5009576107440549949 @ 0
2026-08-28T10:28:36.965777147Z I0828 10:28:36.965695     822 worker_op_dispatcher.cc:4605] Component is not loaded yet; deferring unload until load completes: jit_reshape.5009576107440553609 @ 0
2026-08-28T10:28:36.965785044Z I0828 10:28:36.965715    1547 server_lib.cc:743] Unloading component jit_reshape.11021083957486999860 @ 0 at worker
2026-08-28T10:28:36.965787954Z I0828 10:28:36.965718    1564 server_lib.cc:743] Unloading component jit_reshape.5009576107440549949 @ 0 at worker
2026-08-28T10:28:36.965790249Z I0828 10:28:36.965730     822 worker_op_dispatcher.cc:4605] Component is not loaded yet; deferring unload until load completes: jit_reshape.5009576107440550428 @ 0
2026-08-28T10:28:36.965792646Z I0828 10:28:36.965729    1543 server_lib.cc:743] Unloading component jit_reshape.5009576107440553609 @ 0 at worker
2026-08-28T10:28:36.965795004Z I0828 10:28:36.965744     822 worker_op_dispatcher.cc:4605] Component is not loaded yet; deferring unload until load completes: jit_reshape.12553407529559191241 @ 0
2026-08-28T10:28:36.965797470Z I0828 10:28:36.965766    1543 server_lib.cc:743] Unloading component jit_reshape.5009576107440550428 @ 0 at worker
2026-08-28T10:28:36.965799750Z I0828 10:28:36.965771    1541 server_lib.cc:743] Unloading component jit_reshape.12553407529559191241 @ 0 at worker
2026-08-28T10:28:36.966024592Z I0828 10:28:36.965976     822 worker_op_dispatcher.cc:4605] Component is not loaded yet; deferring unload until load completes: jit_convert_element_type.17152593400471992375 @ 0
2026-08-28T10:28:36.966032942Z I0828 10:28:36.965993     822 worker_op_dispatcher.cc:4605] Component is not loaded yet; deferring unload until load completes: jit_reshape.12553407529559189379 @ 0
2026-08-28T10:28:36.966036176Z I0828 10:28:36.966000    1564 server_lib.cc:743] Unloading component jit_convert_element_type.17152593400471992375 @ 0 at worker
2026-08-28T10:28:36.966038977Z I0828 10:28:36.966002     822 worker_op_dispatcher.cc:4605] Component is not loaded yet; deferring unload until load completes: jit_reshape.5009576107440550864 @ 0
2026-08-28T10:28:36.966044620Z I0828 10:28:36.966013     822 worker_op_dispatcher.cc:4605] Component is not loaded yet; deferring unload until load completes: jit_reshape.5009576107440551779 @ 0
2026-08-28T10:28:36.966092198Z I0828 10:28:36.966025    1562 server_lib.cc:743] Unloading component jit_reshape.12553407529559189379 @ 0 at worker
2026-08-28T10:28:36.966106973Z I0828 10:28:36.966031    1547 server_lib.cc:743] Unloading component jit_reshape.5009576107440551779 @ 0 at worker
2026-08-28T10:28:36.966111011Z I0828 10:28:36.966026    1564 server_lib.cc:743] Unloading component jit_reshape.5009576107440550864 @ 0 at worker
2026-08-28T10:28:36.967324878Z I0828 10:28:36.967262     822 worker_op_dispatcher.cc:4605] Component is not loaded yet; deferring unload until load completes: jit_stack.5598368294899625644 @ 0
2026-08-28T10:28:36.967335882Z I0828 10:28:36.967277     822 worker_op_dispatcher.cc:4605] Component is not loaded yet; deferring unload until load completes: jit_reshape.5598368294899623379 @ 0
2026-08-28T10:28:36.967347413Z I0828 10:28:36.967310    1547 server_lib.cc:743] Unloading component jit_reshape.5598368294899623379 @ 0 at worker
2026-08-28T10:28:36.967351102Z I0828 10:28:36.967310    1538 server_lib.cc:743] Unloading component jit_stack.5598368294899625644 @ 0 at worker
2026-08-28T10:28:36.967389867Z I0828 10:28:36.967353     822 worker_op_dispatcher.cc:4605] Component is not loaded yet; deferring unload until load completes: jit_broadcast_in_dim.15988940423104944915 @ 0
2026-08-28T10:28:36.967397372Z I0828 10:28:36.967367     822 worker_op_dispatcher.cc:4605] Component is not loaded yet; deferring unload until load completes: jit_div.5598368294899623325 @ 0
2026-08-28T10:28:36.967413618Z I0828 10:28:36.967389    1564 server_lib.cc:743] Unloading component jit_broadcast_in_dim.15988940423104944915 @ 0 at worker
2026-08-28T10:28:36.967470036Z I0828 10:28:36.967406    1538 server_lib.cc:743] Unloading component jit_div.5598368294899623325 @ 0 at worker
2026-08-28T10:28:36.967486066Z I0828 10:28:36.967425     822 worker_op_dispatcher.cc:4605] Component is not loaded yet; deferring unload until load completes: jit_broadcast_in_dim.15988940423104944446 @ 0
2026-08-28T10:28:36.967491026Z I0828 10:28:36.967437     822 worker_op_dispatcher.cc:4605] Component is not loaded yet; deferring unload until load completes: jit_add.5598368294899622891 @ 0
2026-08-28T10:28:36.967498596Z I0828 10:28:36.967449     822 worker_op_dispatcher.cc:4605] Component is not loaded yet; deferring unload until load completes: jit_mul.15988940423104943508 @ 0
2026-08-28T10:28:36.967500983Z I0828 10:28:36.967458    1541 server_lib.cc:743] Unloading component jit_broadcast_in_dim.15988940423104944446 @ 0 at worker
2026-08-28T10:28:36.967503420Z I0828 10:28:36.967470     822 worker_op_dispatcher.cc:4605] Component is not loaded yet; deferring unload until load completes: jit_mul.5598368294899625156 @ 0
2026-08-28T10:28:36.967554294Z I0828 10:28:36.967481    1561 server_lib.cc:743] Unloading component jit_add.5598368294899622891 @ 0 at worker
2026-08-28T10:28:36.967579344Z I0828 10:28:36.967490    1555 server_lib.cc:743] Unloading component jit_mul.15988940423104943508 @ 0 at worker
2026-08-28T10:28:36.967582399Z I0828 10:28:36.967496    1538 server_lib.cc:743] Unloading component jit_mul.5598368294899625156 @ 0 at worker
2026-08-28T10:28:36.967589712Z I0828 10:28:36.967532     822 worker_op_dispatcher.cc:4605] Component is not loaded yet; deferring unload until load completes: jit_reshape.5598368294899625043 @ 0
2026-08-28T10:28:36.967619934Z I0828 10:28:36.967579    1562 server_lib.cc:743] Unloading component jit_reshape.5598368294899625043 @ 0 at worker
2026-08-28T10:28:36.967762101Z I0828 10:28:36.967698     822 worker_op_dispatcher.cc:4605] Component is not loaded yet; deferring unload until load completes: jit_broadcast_in_dim.15988940423104942872 @ 0
2026-08-28T10:28:36.967768684Z I0828 10:28:36.967714    1569 server_lib.cc:743] Unloading component jit_broadcast_in_dim.15988940423104942872 @ 0 at worker
2026-08-28T10:28:36.968159860Z I0828 10:28:36.968115     822 worker_op_dispatcher.cc:4605] Component is not loaded yet; deferring unload until load completes: jit_reshape.10416149044182839717 @ 0
2026-08-28T10:28:36.968162644Z I0828 10:28:36.968130     822 worker_op_dispatcher.cc:4605] Component is not loaded yet; deferring unload until load completes: jit_concatenate.10416149044182839734 @ 0
2026-08-28T10:28:36.968202211Z I0828 10:28:36.968148    1561 server_lib.cc:743] Unloading component jit_reshape.10416149044182839717 @ 0 at worker
2026-08-28T10:28:36.968207550Z I0828 10:28:36.968166    1543 server_lib.cc:743] Unloading component jit_concatenate.10416149044182839734 @ 0 at worker
2026-08-28T10:28:37.095118949Z I0828 10:28:37.095044     822 worker_op_dispatcher.cc:4605] Component is not loaded yet; deferring unload until load completes: jit_gather.5598368294899622575 @ 0
2026-08-28T10:28:37.095145834Z I0828 10:28:37.095059     822 worker_op_dispatcher.cc:4605] Component is not loaded yet; deferring unload until load completes: jit_gather.12319883060084966271 @ 0
2026-08-28T10:28:37.095164042Z I0828 10:28:37.095096    1538 server_lib.cc:743] Unloading component jit_gather.5598368294899622575 @ 0 at worker
2026-08-28T10:28:37.095167690Z I0828 10:28:37.095103    1547 server_lib.cc:743] Unloading component jit_gather.12319883060084966271 @ 0 at worker
2026-08-28T10:28:37.095302025Z I0828 10:28:37.095247     822 worker_op_dispatcher.cc:4605] Component is not loaded yet; deferring unload until load completes: jit_concatenate.5598368294899625323 @ 0
2026-08-28T10:28:37.095320662Z I0828 10:28:37.095260     822 worker_op_dispatcher.cc:4605] Component is not loaded yet; deferring unload until load completes: jit_concatenate.10416149044182839336 @ 0
2026-08-28T10:28:37.095326074Z I0828 10:28:37.095269     822 worker_op_dispatcher.cc:4605] Component is not loaded yet; deferring unload until load completes: jit_reshape.5598368294899624406 @ 0
2026-08-28T10:28:37.095330390Z I0828 10:28:37.095280     822 worker_op_dispatcher.cc:4605] Component is not loaded yet; deferring unload until load completes: jit_concatenate.10416149044182841858 @ 0
2026-08-28T10:28:37.095335680Z I0828 10:28:37.095284    1543 server_lib.cc:743] Unloading component jit_concatenate.5598368294899625323 @ 0 at worker
2026-08-28T10:28:37.095343722Z I0828 10:28:37.095292     822 worker_op_dispatcher.cc:4605] Component is not loaded yet; deferring unload until load completes: jit_gather.5598368294899624989 @ 0
2026-08-28T10:28:37.095346339Z I0828 10:28:37.095304     822 worker_op_dispatcher.cc:4605] Component is not loaded yet; deferring unload until load completes: jit_concatenate.15988940423104945221 @ 0
2026-08-28T10:28:37.095348712Z I0828 10:28:37.095304    1555 server_lib.cc:743] Unloading component jit_concatenate.10416149044182839336 @ 0 at worker
2026-08-28T10:28:37.095350993Z I0828 10:28:37.095311    1538 server_lib.cc:743] Unloading component jit_gather.5598368294899624989 @ 0 at worker
2026-08-28T10:28:37.095353339Z I0828 10:28:37.095313    1564 server_lib.cc:743] Unloading component jit_concatenate.10416149044182841858 @ 0 at worker
2026-08-28T10:28:37.095361528Z I0828 10:28:37.095316     822 worker_op_dispatcher.cc:4605] Component is not loaded yet; deferring unload until load completes: jit_convert_element_type.15988940423104944946 @ 0
2026-08-28T10:28:37.095364481Z I0828 10:28:37.095318    1539 server_lib.cc:743] Unloading component jit_reshape.5598368294899624406 @ 0 at worker
2026-08-28T10:28:37.095408314Z I0828 10:28:37.095333    1561 server_lib.cc:743] Unloading component jit_concatenate.15988940423104945221 @ 0 at worker
2026-08-28T10:28:37.095432453Z I0828 10:28:37.095355    1543 server_lib.cc:743] Unloading component jit_convert_element_type.15988940423104944946 @ 0 at worker
2026-08-28T10:28:37.095437752Z I0828 10:28:37.095336     822 worker_op_dispatcher.cc:4605] Component is not loaded yet; deferring unload until load completes: jit_convert_element_type.15988940423104943289 @ 0
2026-08-28T10:28:37.095441192Z I0828 10:28:37.095378    1543 server_lib.cc:743] Unloading component jit_convert_element_type.15988940423104943289 @ 0 at worker
2026-08-28T10:28:37.095466976Z I0828 10:28:37.095414     822 worker_op_dispatcher.cc:4605] Component is not loaded yet; deferring unload until load completes: jit_gather.14768284516790631028 @ 0
2026-08-28T10:28:37.095475885Z I0828 10:28:37.095428     822 worker_op_dispatcher.cc:4605] Component is not loaded yet; deferring unload until load completes: jit_broadcast_in_dim.679787919433039313 @ 0
2026-08-28T10:28:37.095479877Z I0828 10:28:37.095437     822 worker_op_dispatcher.cc:4605] Component is not loaded yet; deferring unload until load completes: jit_scatter-add.12319883060084965649 @ 0
2026-08-28T10:28:37.095483251Z I0828 10:28:37.095445     822 worker_op_dispatcher.cc:4605] Component is not loaded yet; deferring unload until load completes: jit_scatter-add.5598368294899624763 @ 0
2026-08-28T10:28:37.095502556Z I0828 10:28:37.095457     822 worker_op_dispatcher.cc:4605] Component is not loaded yet; deferring unload until load completes: jit_convert_element_type.17152593400471992816 @ 0
2026-08-28T10:28:37.095583104Z I0828 10:28:37.095456    1540 server_lib.cc:743] Unloading component jit_gather.14768284516790631028 @ 0 at worker
2026-08-28T10:28:37.095592501Z I0828 10:28:37.095475    1544 server_lib.cc:743] Unloading component jit_scatter-add.12319883060084965649 @ 0 at worker
2026-08-28T10:28:37.095596384Z I0828 10:28:37.095477     822 worker_op_dispatcher.cc:4605] Component is not loaded yet; deferring unload until load completes: jit_scatter-add.4294846250867694557 @ 0
2026-08-28T10:28:37.095600063Z I0828 10:28:37.095489    1545 server_lib.cc:743] Unloading component jit_scatter-add.5598368294899624763 @ 0 at worker
2026-08-28T10:28:37.095602472Z I0828 10:28:37.095478    1543 server_lib.cc:743] Unloading component jit_convert_element_type.17152593400471992816 @ 0 at worker
2026-08-28T10:28:37.095604747Z I0828 10:28:37.095493    1556 server_lib.cc:743] Unloading component jit_broadcast_in_dim.679787919433039313 @ 0 at worker
2026-08-28T10:28:37.095607159Z I0828 10:28:37.095512    1544 server_lib.cc:743] Unloading component jit_scatter-add.4294846250867694557 @ 0 at worker
2026-08-28T10:28:37.095609892Z I0828 10:28:37.095514     822 worker_op_dispatcher.cc:4605] Component is not loaded yet; deferring unload until load completes: jit_scatter-add.4294846250867693496 @ 0
2026-08-28T10:28:37.095613342Z I0828 10:28:37.095552     822 worker_op_dispatcher.cc:4605] Component is not loaded yet; deferring unload until load completes: jit_scatter-add.14768284516790630289 @ 0
2026-08-28T10:28:37.095615711Z I0828 10:28:37.095555    1541 server_lib.cc:743] Unloading component jit_scatter-add.4294846250867693496 @ 0 at worker
2026-08-28T10:28:37.095617901Z I0828 10:28:37.095563     822 worker_op_dispatcher.cc:4605] Component is not loaded yet; deferring unload until load completes: jit_gather.12319883060084968863 @ 0
2026-08-28T10:28:37.095624491Z I0828 10:28:37.095575     822 worker_op_dispatcher.cc:4605] Component is not loaded yet; deferring unload until load completes: jit_gather.679787919433039672 @ 0
2026-08-28T10:28:37.095628005Z I0828 10:28:37.095584     822 worker_op_dispatcher.cc:4605] Component is not loaded yet; deferring unload until load completes: jit_gather.4294846250867692107 @ 0
2026-08-28T10:28:37.095630601Z I0828 10:28:37.095584    1543 server_lib.cc:743] Unloading component jit_gather.12319883060084968863 @ 0 at worker
2026-08-28T10:28:37.095633088Z I0828 10:28:37.095603     822 worker_op_dispatcher.cc:4605] Component is not loaded yet; deferring unload until load completes: jit_broadcast_in_dim.15988940423104943050 @ 0
2026-08-28T10:28:37.095636115Z I0828 10:28:37.095612    1556 server_lib.cc:743] Unloading component jit_gather.679787919433039672 @ 0 at worker
2026-08-28T10:28:37.095639355Z I0828 10:28:37.095617     822 worker_op_dispatcher.cc:4605] Component is not loaded yet; deferring unload until load completes: jit_convert_element_type.17542282987440716351 @ 0
2026-08-28T10:28:37.095673354Z I0828 10:28:37.095617    1541 server_lib.cc:743] Unloading component jit_scatter-add.14768284516790630289 @ 0 at worker
2026-08-28T10:28:37.095680185Z I0828 10:28:37.095632     822 worker_op_dispatcher.cc:4605] Component is not loaded yet; deferring unload until load completes: jit_convert_element_type.17152593400471993490 @ 0
2026-08-28T10:28:37.095683870Z I0828 10:28:37.095638    1545 server_lib.cc:743] Unloading component jit_gather.4294846250867692107 @ 0 at worker
2026-08-28T10:28:37.095686841Z I0828 10:28:37.095645     822 worker_op_dispatcher.cc:4605] Component is not loaded yet; deferring unload until load completes: jit_convert_element_type.17542282987440714189 @ 0
2026-08-28T10:28:37.095689774Z I0828 10:28:37.095647    1539 server_lib.cc:743] Unloading component jit_convert_element_type.17542282987440716351 @ 0 at worker
2026-08-28T10:28:37.095702197Z I0828 10:28:37.095655     822 worker_op_dispatcher.cc:4605] Component is not loaded yet; deferring unload until load completes: jit_split.11021083957486997855 @ 0
2026-08-28T10:28:37.095709168Z I0828 10:28:37.095665     822 worker_op_dispatcher.cc:4605] Component is not loaded yet; deferring unload until load completes: jit_split.6774095956947437426 @ 0
2026-08-28T10:28:37.095711740Z I0828 10:28:37.095674    1543 server_lib.cc:743] Unloading component jit_split.11021083957486997855 @ 0 at worker
2026-08-28T10:28:37.095713753Z I0828 10:28:37.095679     822 worker_op_dispatcher.cc:4605] Component is not loaded yet; deferring unload until load completes: jit_split.15057772157263885335 @ 0
2026-08-28T10:28:37.095715619Z I0828 10:28:37.095673    1553 server_lib.cc:743] Unloading component jit_convert_element_type.17152593400471993490 @ 0 at worker
2026-08-28T10:28:37.095754134Z I0828 10:28:37.095683    1572 server_lib.cc:743] Unloading component jit_broadcast_in_dim.15988940423104943050 @ 0 at worker
2026-08-28T10:28:37.095760882Z I0828 10:28:37.095706     822 worker_op_dispatcher.cc:4605] Component is not loaded yet; deferring unload until load completes: jit_convert_element_type.15057772157263884393 @ 0
2026-08-28T10:28:37.095763121Z I0828 10:28:37.095703    1563 server_lib.cc:743] Unloading component jit_split.15057772157263885335 @ 0 at worker
2026-08-28T10:28:37.095766195Z I0828 10:28:37.095664    1556 server_lib.cc:743] Unloading component jit_convert_element_type.17542282987440714189 @ 0 at worker
2026-08-28T10:28:37.095776844Z I0828 10:28:37.095724     822 worker_op_dispatcher.cc:4605] Component is not loaded yet; deferring unload until load completes: jit_convert_element_type.3658920302745357177 @ 0
2026-08-28T10:28:37.095796860Z I0828 10:28:37.095733    1543 server_lib.cc:743] Unloading component jit_convert_element_type.15057772157263884393 @ 0 at worker
2026-08-28T10:28:37.095800799Z I0828 10:28:37.095738     822 worker_op_dispatcher.cc:4605] Component is not loaded yet; deferring unload until load completes: jit_convert_element_type.12553407529559189075 @ 0
2026-08-28T10:28:37.095803792Z I0828 10:28:37.095739    1575 server_lib.cc:743] Unloading component jit_split.6774095956947437426 @ 0 at worker
2026-08-28T10:28:37.095806631Z I0828 10:28:37.095752     822 worker_op_dispatcher.cc:4605] Component is not loaded yet; deferring unload until load completes: jit_convert_element_type.11021083957486999539 @ 0
2026-08-28T10:28:37.095812812Z I0828 10:28:37.095764    1543 server_lib.cc:743] Unloading component jit_convert_element_type.12553407529559189075 @ 0 at worker
2026-08-28T10:28:37.095815157Z I0828 10:28:37.095770    1575 server_lib.cc:743] Unloading component jit_convert_element_type.11021083957486999539 @ 0 at worker
2026-08-28T10:28:37.095817584Z I0828 10:28:37.095765     822 worker_op_dispatcher.cc:4605] Component is not loaded yet; deferring unload until load completes: jit_convert_element_type.3658920302745358313 @ 0
2026-08-28T10:28:37.095819935Z I0828 10:28:37.095761    1539 server_lib.cc:743] Unloading component jit_convert_element_type.3658920302745357177 @ 0 at worker
2026-08-28T10:28:37.095824281Z I0828 10:28:37.095797     822 worker_op_dispatcher.cc:4605] Component is not loaded yet; deferring unload until load completes: jit_convert_element_type.17152593400471994125 @ 0
2026-08-28T10:28:37.095883894Z I0828 10:28:37.095812     822 worker_op_dispatcher.cc:4605] Component is not loaded yet; deferring unload until load completes: jit_split.5009576107440551840 @ 0
2026-08-28T10:28:37.095898009Z I0828 10:28:37.095816    1575 server_lib.cc:743] Unloading component jit_convert_element_type.3658920302745358313 @ 0 at worker
2026-08-28T10:28:37.095906412Z I0828 10:28:37.095825     822 worker_op_dispatcher.cc:4605] Component is not loaded yet; deferring unload until load completes: jit_sample.5009576107440553333 @ 0
2026-08-28T10:28:37.095920813Z I0828 10:28:37.095836     822 worker_op_dispatcher.cc:4605] Component is not loaded yet; deferring unload until load completes: jit_sample.17152593400471993325 @ 0
2026-08-28T10:28:37.095923022Z I0828 10:28:37.095846     822 worker_op_dispatcher.cc:4605] Component is not loaded yet; deferring unload until load completes: jit_sample.17152593400471993083 @ 0
2026-08-28T10:28:37.095924992Z I0828 10:28:37.095849    1543 server_lib.cc:743] Unloading component jit_sample.5009576107440553333 @ 0 at worker
2026-08-28T10:28:37.095927483Z I0828 10:28:37.095839    1571 server_lib.cc:743] Unloading component jit_convert_element_type.17152593400471994125 @ 0 at worker
2026-08-28T10:28:37.095930120Z I0828 10:28:37.095858     822 worker_op_dispatcher.cc:4605] Component is not loaded yet; deferring unload until load completes: jit_sample.5009576107440552287 @ 0
2026-08-28T10:28:37.095937741Z I0828 10:28:37.095867    1543 server_lib.cc:743] Unloading component jit_split.5009576107440551840 @ 0 at worker
2026-08-28T10:28:37.095940259Z I0828 10:28:37.095870     822 worker_op_dispatcher.cc:4605] Component is not loaded yet; deferring unload until load completes: jit_sample.5009576107440550764 @ 0
2026-08-28T10:28:37.095942564Z I0828 10:28:37.095891     822 worker_op_dispatcher.cc:4605] Component is not loaded yet; deferring unload until load completes: jit_sample.17152593400471991156 @ 0
2026-08-28T10:28:37.095944535Z I0828 10:28:37.095895    1543 server_lib.cc:743] Unloading component jit_sample.5009576107440550764 @ 0 at worker
2026-08-28T10:28:37.095946382Z I0828 10:28:37.095903     822 worker_op_dispatcher.cc:4605] Component is not loaded yet; deferring unload until load completes: jit_sample.5009576107440553595 @ 0
2026-08-28T10:28:37.095948448Z I0828 10:28:37.095894    1536 server_lib.cc:743] Unloading component jit_sample.17152593400471993083 @ 0 at worker
2026-08-28T10:28:37.095952874Z I0828 10:28:37.095913    1575 server_lib.cc:743] Unloading component jit_sample.5009576107440552287 @ 0 at worker
2026-08-28T10:28:37.095954877Z I0828 10:28:37.095905    1537 server_lib.cc:743] Unloading component jit_sample.17152593400471993325 @ 0 at worker
2026-08-28T10:28:37.095956848Z I0828 10:28:37.095914     822 worker_op_dispatcher.cc:4605] Component is not loaded yet; deferring unload until load completes: jit_sample.12553407529559190310 @ 0
2026-08-28T10:28:37.095960245Z I0828 10:28:37.095926    1542 server_lib.cc:743] Unloading component jit_sample.17152593400471991156 @ 0 at worker
2026-08-28T10:28:37.096014674Z I0828 10:28:37.095958    1537 server_lib.cc:743] Unloading component jit_sample.12553407529559190310 @ 0 at worker
2026-08-28T10:28:37.096039354Z I0828 10:28:37.095963     822 worker_op_dispatcher.cc:4605] Component is not loaded yet; deferring unload until load completes: jit_convert_element_type.15988940423104945739 @ 0
2026-08-28T10:28:37.096043712Z I0828 10:28:37.095980     822 worker_op_dispatcher.cc:4605] Component is not loaded yet; deferring unload until load completes: jit_sample.17152593400471990672 @ 0
2026-08-28T10:28:37.096046409Z I0828 10:28:37.095982    1542 server_lib.cc:743] Unloading component jit_convert_element_type.15988940423104945739 @ 0 at worker
2026-08-28T10:28:37.096052986Z I0828 10:28:37.095996     822 worker_op_dispatcher.cc:4605] Component is not loaded yet; deferring unload until load completes: jit_broadcast_in_dim.15988940423104943102 @ 0
2026-08-28T10:28:37.096056609Z I0828 10:28:37.095999    1536 server_lib.cc:743] Unloading component jit_sample.5009576107440553595 @ 0 at worker
2026-08-28T10:28:37.096059835Z I0828 10:28:37.096012     822 worker_op_dispatcher.cc:4605] Component is not loaded yet; deferring unload until load completes: jit_convert_element_type.10416149044182841428 @ 0
2026-08-28T10:28:37.096070515Z I0828 10:28:37.096029     822 worker_op_dispatcher.cc:4605] Component is not loaded yet; deferring unload until load completes: jit_convert_element_type.5598368294899623682 @ 0
2026-08-28T10:28:37.096076399Z I0828 10:28:37.096029    1531 server_lib.cc:743] Unloading component jit_sample.17152593400471990672 @ 0 at worker
2026-08-28T10:28:37.096092968Z I0828 10:28:37.096039     822 worker_op_dispatcher.cc:4605] Component is not loaded yet; deferring unload until load completes: jit_sample.5009576107440550762 @ 0
2026-08-28T10:28:37.096110815Z I0828 10:28:37.096082     822 worker_op_dispatcher.cc:4605] Component is not loaded yet; deferring unload until load completes: jit_sample.5009576107440553812 @ 0
2026-08-28T10:28:37.096113943Z I0828 10:28:37.096093    1536 server_lib.cc:743] Unloading component jit_convert_element_type.10416149044182841428 @ 0 at worker
2026-08-28T10:28:37.096116275Z I0828 10:28:37.096088    1529 server_lib.cc:743] Unloading component jit_convert_element_type.5598368294899623682 @ 0 at worker
2026-08-28T10:28:37.096139138Z I0828 10:28:37.096091    1528 server_lib.cc:743] Unloading component jit_broadcast_in_dim.15988940423104943102 @ 0 at worker
2026-08-28T10:28:37.096178101Z I0828 10:28:37.096118    1527 server_lib.cc:743] Unloading component jit_sample.5009576107440550762 @ 0 at worker
2026-08-28T10:28:37.096181103Z I0828 10:28:37.096148    1531 server_lib.cc:743] Unloading component jit_sample.5009576107440553812 @ 0 at worker
2026-08-28T10:28:37.096183453Z I0828 10:28:37.096158     822 worker_op_dispatcher.cc:4605] Component is not loaded yet; deferring unload until load completes: jit_compute_and_gather_logprobs.5009576107440551329 @ 0
2026-08-28T10:28:37.096212335Z I0828 10:28:37.096176     822 worker_op_dispatcher.cc:4605] Component is not loaded yet; deferring unload until load completes: jit_compute_and_gather_logprobs.5009576107440552244 @ 0
2026-08-28T10:28:37.096216792Z I0828 10:28:37.096180    1531 server_lib.cc:743] Unloading component jit_compute_and_gather_logprobs.5009576107440551329 @ 0 at worker
2026-08-28T10:28:37.096238919Z I0828 10:28:37.096206    1563 server_lib.cc:743] Unloading component jit_compute_and_gather_logprobs.5009576107440552244 @ 0 at worker
2026-08-28T10:28:37.096268921Z I0828 10:28:37.096209     822 worker_op_dispatcher.cc:4605] Component is not loaded yet; deferring unload until load completes: jit_compute_and_gather_logprobs.5009576107440549978 @ 0
2026-08-28T10:28:37.096330828Z I0828 10:28:37.096254     822 worker_op_dispatcher.cc:4605] Component is not loaded yet; deferring unload until load completes: jit_run_model.5009576107440549976 @ 0
2026-08-28T10:28:37.096350692Z I0828 10:28:37.096255    1531 server_lib.cc:743] Unloading component jit_compute_and_gather_logprobs.5009576107440549978 @ 0 at worker
2026-08-28T10:28:37.096354879Z I0828 10:28:37.096270     822 worker_op_dispatcher.cc:4605] Component is not loaded yet; deferring unload until load completes: jit_minimum.15988940423104943185 @ 0
2026-08-28T10:28:37.096358571Z I0828 10:28:37.096285     822 worker_op_dispatcher.cc:4605] Component is not loaded yet; deferring unload until load completes: jit__select_from_array_fn.10416149044182842825 @ 0
2026-08-28T10:28:37.096362314Z I0828 10:28:37.096286    1547 server_lib.cc:743] Unloading component jit_run_model.5009576107440549976 @ 0 at worker
2026-08-28T10:28:37.096365388Z I0828 10:28:37.096296     822 worker_op_dispatcher.cc:4605] Component is not loaded yet; deferring unload until load completes: jit__select_from_array_fn.2130004682616430790 @ 0
2026-08-28T10:28:37.096367921Z I0828 10:28:37.096296    1539 server_lib.cc:743] Unloading component jit_minimum.15988940423104943185 @ 0 at worker
2026-08-28T10:28:37.096370232Z I0828 10:28:37.096305     822 worker_op_dispatcher.cc:4605] Component is not loaded yet; deferring unload until load completes: jit__select_from_array_fn.17542282987440714666 @ 0
2026-08-28T10:28:37.096388715Z I0828 10:28:37.096314    1539 server_lib.cc:743] Unloading component jit__select_from_array_fn.2130004682616430790 @ 0 at worker
2026-08-28T10:28:37.096390987Z I0828 10:28:37.096315     822 worker_op_dispatcher.cc:4605] Component is not loaded yet; deferring unload until load completes: jit_convert_element_type.17152593400471993827 @ 0
2026-08-28T10:28:37.096393108Z I0828 10:28:37.096324    1531 server_lib.cc:743] Unloading component jit__select_from_array_fn.17542282987440714666 @ 0 at worker
2026-08-28T10:28:37.096395315Z I0828 10:28:37.096335     822 worker_op_dispatcher.cc:4605] Component is not loaded yet; deferring unload until load completes: jit__select_from_array_fn.5009576107440553200 @ 0
2026-08-28T10:28:37.096398147Z I0828 10:28:37.096338    1539 server_lib.cc:743] Unloading component jit_convert_element_type.17152593400471993827 @ 0 at worker
2026-08-28T10:28:37.096403359Z I0828 10:28:37.096345     822 worker_op_dispatcher.cc:4605] Component is not loaded yet; deferring unload until load completes: jit_convert_element_type.17152593400471994164 @ 0
2026-08-28T10:28:37.096405337Z I0828 10:28:37.096355    1526 server_lib.cc:743] Unloading component jit__select_from_array_fn.10416149044182842825 @ 0 at worker
2026-08-28T10:28:37.096422639Z I0828 10:28:37.096365    1572 server_lib.cc:743] Unloading component jit_convert_element_type.17152593400471994164 @ 0 at worker
2026-08-28T10:28:37.096428892Z I0828 10:28:37.096383    1525 server_lib.cc:743] Unloading component jit__select_from_array_fn.5009576107440553200 @ 0 at worker
2026-08-28T10:28:37.096580014Z I0828 10:28:37.096509     822 worker_op_dispatcher.cc:4605] Component is not loaded yet; deferring unload until load completes: jit_convert_element_type.17542282987440715384 @ 0
2026-08-28T10:28:37.096587852Z I0828 10:28:37.096549     822 worker_op_dispatcher.cc:4605] Component is not loaded yet; deferring unload until load completes: jit__select_from_array_fn.10416149044182843096 @ 0
2026-08-28T10:28:37.096591054Z I0828 10:28:37.096561     822 worker_op_dispatcher.cc:4605] Component is not loaded yet; deferring unload until load completes: jit__select_from_array_fn.17542282987440714590 @ 0
2026-08-28T10:28:37.096595774Z I0828 10:28:37.096572     822 worker_op_dispatcher.cc:4605] Component is not loaded yet; deferring unload until load completes: jit_convert_element_type.17152593400471993153 @ 0
2026-08-28T10:28:37.096598603Z I0828 10:28:37.096576    1539 server_lib.cc:743] Unloading component jit__select_from_array_fn.10416149044182843096 @ 0 at worker
2026-08-28T10:28:37.096600606Z I0828 10:28:37.096582    1525 server_lib.cc:743] Unloading component jit__select_from_array_fn.17542282987440714590 @ 0 at worker
2026-08-28T10:28:37.096604440Z I0828 10:28:37.096589     822 worker_op_dispatcher.cc:4605] Component is not loaded yet; deferring unload until load completes: jit_run_compute_logits.5009576107440553069 @ 0
2026-08-28T10:28:37.096607524Z I0828 10:28:37.096569    1537 server_lib.cc:743] Unloading component jit_convert_element_type.17542282987440715384 @ 0 at worker
2026-08-28T10:28:37.096623988Z I0828 10:28:37.096602     822 worker_op_dispatcher.cc:4605] Component is not loaded yet; deferring unload until load completes: jit_run_compute_logits.17152593400471991649 @ 0
2026-08-28T10:28:37.096626294Z I0828 10:28:37.096614     822 worker_op_dispatcher.cc:4605] Component is not loaded yet; deferring unload until load completes: jit_run_compute_logits.12553407529559188451 @ 0
2026-08-28T10:28:37.096654150Z I0828 10:28:37.096624     822 worker_op_dispatcher.cc:4605] Component is not loaded yet; deferring unload until load completes: jit_run_compute_logits.10416149044182839403 @ 0
2026-08-28T10:28:37.096657610Z I0828 10:28:37.096627    1569 server_lib.cc:743] Unloading component jit_convert_element_type.17152593400471993153 @ 0 at worker
2026-08-28T10:28:37.096662963Z I0828 10:28:37.096637     822 worker_op_dispatcher.cc:4605] Component is not loaded yet; deferring unload until load completes: jit_split.17152593400471992379 @ 0
2026-08-28T10:28:37.096710513Z I0828 10:28:37.096643    1525 server_lib.cc:743] Unloading component jit_run_compute_logits.12553407529559188451 @ 0 at worker
2026-08-28T10:28:37.096720899Z I0828 10:28:37.096649     822 worker_op_dispatcher.cc:4605] Component is not loaded yet; deferring unload until load completes: jit_run_compute_logits.5009576107440550385 @ 0
2026-08-28T10:28:37.096726768Z I0828 10:28:37.096654    1521 server_lib.cc:743] Unloading component jit_run_compute_logits.17152593400471991649 @ 0 at worker
2026-08-28T10:28:37.096756492Z I0828 10:28:37.096664     822 worker_op_dispatcher.cc:4605] Component is not loaded yet; deferring unload until load completes: jit__decode_core.17542282987440714493 @ 0
2026-08-28T10:28:37.096762699Z I0828 10:28:37.096667    1524 server_lib.cc:743] Unloading component jit_split.17152593400471992379 @ 0 at worker
2026-08-28T10:28:37.096766110Z I0828 10:28:37.096694    1521 server_lib.cc:743] Unloading component jit__decode_core.17542282987440714493 @ 0 at worker
2026-08-28T10:28:37.096769797Z I0828 10:28:37.096686    1520 server_lib.cc:743] Unloading component jit_run_compute_logits.10416149044182839403 @ 0 at worker
2026-08-28T10:28:37.096772665Z I0828 10:28:37.096686    1523 server_lib.cc:743] Unloading component jit_run_compute_logits.5009576107440550385 @ 0 at worker
2026-08-28T10:28:37.096776359Z I0828 10:28:37.096674    1518 server_lib.cc:743] Unloading component jit_run_compute_logits.5009576107440553069 @ 0 at worker
2026-08-28T10:28:37.096780137Z I0828 10:28:37.096695     822 worker_op_dispatcher.cc:4605] Component is not loaded yet; deferring unload until load completes: jit__decode_core.17152593400471991079 @ 0
2026-08-28T10:28:37.096787651Z I0828 10:28:37.096730     822 worker_op_dispatcher.cc:4605] Component is not loaded yet; deferring unload until load completes: jit_convert_element_type.17542282987440717318 @ 0
2026-08-28T10:28:37.096793382Z I0828 10:28:37.096740     822 worker_op_dispatcher.cc:4605] Component is not loaded yet; deferring unload until load completes: jit__decode_core.17152593400471991416 @ 0
2026-08-28T10:28:37.096796511Z I0828 10:28:37.096739    1524 server_lib.cc:743] Unloading component jit__decode_core.17152593400471991079 @ 0 at worker
2026-08-28T10:28:37.096799645Z I0828 10:28:37.096755     822 worker_op_dispatcher.cc:4605] Component is not loaded yet; deferring unload until load completes: jit__decode_core.17542282987440716655 @ 0
2026-08-28T10:28:37.096804197Z I0828 10:28:37.096756    1520 server_lib.cc:743] Unloading component jit_convert_element_type.17542282987440717318 @ 0 at worker
2026-08-28T10:28:37.097175693Z I0828 10:28:37.097119     822 worker_op_dispatcher.cc:4605] Component is not loaded yet; deferring unload until load completes: jit_split.3658920302745355048 @ 0
2026-08-28T10:28:37.097289393Z I0828 10:28:37.097235    6850 server_lib.cc:743] Unloading component jit__decode_core.17152593400471991416 @ 0 at worker
2026-08-28T10:28:37.097395099Z I0828 10:28:37.097350     822 worker_op_dispatcher.cc:4605] Component is not loaded yet; deferring unload until load completes: jit__decode_core.17542282987440717622 @ 0
2026-08-28T10:28:37.097399306Z I0828 10:28:37.097365     822 worker_op_dispatcher.cc:4605] Component is not loaded yet; deferring unload until load completes: jit__decode_core.5009576107440553365 @ 0
2026-08-28T10:28:37.097401895Z I0828 10:28:37.097377     822 worker_op_dispatcher.cc:4605] Component is not loaded yet; deferring unload until load completes: jit_split.2130004682616431815 @ 0
2026-08-28T10:28:37.097629183Z I0828 10:28:37.097573    6852 server_lib.cc:743] Unloading component jit__decode_core.5009576107440553365 @ 0 at worker
2026-08-28T10:28:37.097643187Z I0828 10:28:37.097579    1520 server_lib.cc:743] Unloading component jit__decode_core.17542282987440716655 @ 0 at worker
2026-08-28T10:28:37.097860399Z I0828 10:28:37.097753    1536 server_lib.cc:743] Unloading component jit_split.3658920302745355048 @ 0 at worker
2026-08-28T10:28:37.097961496Z I0828 10:28:37.097912    1569 server_lib.cc:743] Unloading component jit_split.2130004682616431815 @ 0 at worker
2026-08-28T10:28:37.097970578Z I0828 10:28:37.097919     822 worker_op_dispatcher.cc:4605] Component is not loaded yet; deferring unload until load completes: jit__decode_core.11153768120849233977 @ 0
2026-08-28T10:28:37.097974237Z I0828 10:28:37.097935     822 worker_op_dispatcher.cc:4605] Component is not loaded yet; deferring unload until load completes: jit__decode_core.17684357318100725418 @ 0
2026-08-28T10:28:37.098014790Z I0828 10:28:37.097945     822 worker_op_dispatcher.cc:4605] Component is not loaded yet; deferring unload until load completes: jit_convert_element_type.3658920302745354640 @ 0
2026-08-28T10:28:37.098024638Z I0828 10:28:37.097956     822 worker_op_dispatcher.cc:4605] Component is not loaded yet; deferring unload until load completes: jit__decode_core.14002197779478026988 @ 0
2026-08-28T10:28:37.098028981Z I0828 10:28:37.097958    6850 server_lib.cc:743] Unloading component jit__decode_core.17684357318100725418 @ 0 at worker
2026-08-28T10:28:37.098033431Z I0828 10:28:37.097960    1552 server_lib.cc:743] Unloading component jit__decode_core.11153768120849233977 @ 0 at worker
2026-08-28T10:28:37.098037053Z I0828 10:28:37.097972     822 worker_op_dispatcher.cc:4605] Component is not loaded yet; deferring unload until load completes: jit__decode_core.11021083957486999179 @ 0
2026-08-28T10:28:37.098040769Z I0828 10:28:37.097977    1524 server_lib.cc:743] Unloading component jit__decode_core.14002197779478026988 @ 0 at worker
2026-08-28T10:28:37.098049789Z I0828 10:28:37.097968    1569 server_lib.cc:743] Unloading component jit__decode_core.17542282987440717622 @ 0 at worker
2026-08-28T10:28:37.098054113Z I0828 10:28:37.097993    1536 server_lib.cc:743] Unloading component jit_convert_element_type.3658920302745354640 @ 0 at worker
2026-08-28T10:28:37.098056347Z I0828 10:28:37.097999    1539 server_lib.cc:743] Unloading component jit__decode_core.11021083957486999179 @ 0 at worker
2026-08-28T10:28:37.098059470Z I0828 10:28:37.097989     822 worker_op_dispatcher.cc:4605] Component is not loaded yet; deferring unload until load completes: jit_convert_element_type.17152593400471994211 @ 0
2026-08-28T10:28:37.098067874Z I0828 10:28:37.098028     822 worker_op_dispatcher.cc:4605] Component is not loaded yet; deferring unload until load completes: jit_convert_element_type.3658920302745355500 @ 0
2026-08-28T10:28:37.098071260Z I0828 10:28:37.098030    1537 server_lib.cc:743] Unloading component jit_convert_element_type.17152593400471994211 @ 0 at worker
2026-08-28T10:28:37.098074617Z I0828 10:28:37.098040     822 worker_op_dispatcher.cc:4605] Component is not loaded yet; deferring unload until load completes: jit_split.11153768120849232325 @ 0
2026-08-28T10:28:37.098147920Z I0828 10:28:37.098064    1524 server_lib.cc:743] Unloading component jit_convert_element_type.3658920302745355500 @ 0 at worker
2026-08-28T10:28:37.098171116Z I0828 10:28:37.098085     822 worker_op_dispatcher.cc:4605] Component is not loaded yet; deferring unload until load completes: jit_unstack.10416149044182842168 @ 0
2026-08-28T10:28:37.098174777Z I0828 10:28:37.098078    1537 server_lib.cc:743] Unloading component jit_split.11153768120849232325 @ 0 at worker
2026-08-28T10:28:37.098187951Z I0828 10:28:37.098128    1537 server_lib.cc:743] Unloading component jit_unstack.10416149044182842168 @ 0 at worker
2026-08-28T10:28:37.098200333Z I0828 10:28:37.098136     822 worker_op_dispatcher.cc:4605] Component is not loaded yet; deferring unload until load completes: jit_split.17684357318100723238 @ 0
2026-08-28T10:28:37.098203186Z I0828 10:28:37.098149     822 worker_op_dispatcher.cc:4605] Component is not loaded yet; deferring unload until load completes: jit_compute_per_token_logps.11021083957487000916 @ 0
2026-08-28T10:28:37.098206436Z I0828 10:28:37.098157     822 worker_op_dispatcher.cc:4605] Component is not loaded yet; deferring unload until load completes: jit_split.14002197779478025344 @ 0
2026-08-28T10:28:37.098216333Z I0828 10:28:37.098166     822 worker_op_dispatcher.cc:4605] Component is not loaded yet; deferring unload until load completes: jit_split.3658920302745356692 @ 0
2026-08-28T10:28:37.098237103Z I0828 10:28:37.098169    1539 server_lib.cc:743] Unloading component jit_split.17684357318100723238 @ 0 at worker
2026-08-28T10:28:37.098246353Z I0828 10:28:37.098177     822 worker_op_dispatcher.cc:4605] Component is not loaded yet; deferring unload until load completes: pre_reshard_9181198066278140929.1.17542282987440715156 @ 0
2026-08-28T10:28:37.098249774Z I0828 10:28:37.098177    1547 server_lib.cc:743] Unloading component jit_compute_per_token_logps.11021083957487000916 @ 0 at worker
2026-08-28T10:28:37.098252077Z I0828 10:28:37.098189     822 worker_op_dispatcher.cc:4605] Component is not loaded yet; deferring unload until load completes: jit__reduce_sum.11021083957487000673 @ 0
2026-08-28T10:28:37.098255126Z I0828 10:28:37.098182    1518 server_lib.cc:743] Unloading component jit_split.14002197779478025344 @ 0 at worker
2026-08-28T10:28:37.098260076Z I0828 10:28:37.098194    1534 server_lib.cc:743] Unloading component jit_split.3658920302745356692 @ 0 at worker
2026-08-28T10:28:37.098262766Z I0828 10:28:37.098202     822 worker_op_dispatcher.cc:4605] Component is not loaded yet; deferring unload until load completes: jit_convert_element_type.17152593400471992029 @ 0
2026-08-28T10:28:37.098268841Z I0828 10:28:37.098198    1537 server_lib.cc:743] Unloading component pre_reshard_9181198066278140929.1.17542282987440715156 @ 0 at worker
2026-08-28T10:28:37.098271470Z I0828 10:28:37.098229    1564 server_lib.cc:743] Unloading component jit__reduce_sum.11021083957487000673 @ 0 at worker
2026-08-28T10:28:37.098275101Z I0828 10:28:37.098236     822 worker_op_dispatcher.cc:4605] Component is not loaded yet; deferring unload until load completes: jit_split.11021083957486998799 @ 0
2026-08-28T10:28:37.098278469Z I0828 10:28:37.098237    1534 server_lib.cc:743] Unloading component jit_convert_element_type.17152593400471992029 @ 0 at worker
2026-08-28T10:28:37.098286783Z I0828 10:28:37.098245     822 worker_op_dispatcher.cc:4605] Component is not loaded yet; deferring unload until load completes: jit__mean.15988940423104942247 @ 0
2026-08-28T10:28:37.098289953Z I0828 10:28:37.098258     822 worker_op_dispatcher.cc:4605] Component is not loaded yet; deferring unload until load completes: jit__reduce_min.15988940423104943727 @ 0
2026-08-28T10:28:37.098299323Z I0828 10:28:37.098265    1534 server_lib.cc:743] Unloading component jit__mean.15988940423104942247 @ 0 at worker
2026-08-28T10:28:37.098302426Z I0828 10:28:37.098267     822 worker_op_dispatcher.cc:4605] Component is not loaded yet; deferring unload until load completes: jit_maximum.679787919433037216 @ 0
2026-08-28T10:28:37.098317530Z I0828 10:28:37.098276    1529 server_lib.cc:743] Unloading component jit_split.11021083957486998799 @ 0 at worker
2026-08-28T10:28:37.098326636Z I0828 10:28:37.098296    1520 server_lib.cc:743] Unloading component jit__reduce_min.15988940423104943727 @ 0 at worker
2026-08-28T10:28:37.098332166Z I0828 10:28:37.098287    1564 server_lib.cc:743] Unloading component jit_maximum.679787919433037216 @ 0 at worker
2026-08-28T10:28:37.098381719Z I0828 10:28:37.098288     822 worker_op_dispatcher.cc:4605] Component is not loaded yet; deferring unload until load completes: jit_maximum.15988940423104944123 @ 0
2026-08-28T10:28:37.098389813Z I0828 10:28:37.098335     822 worker_op_dispatcher.cc:4605] Component is not loaded yet; deferring unload until load completes: jit_exp.11021083957486997527 @ 0
2026-08-28T10:28:37.098392940Z I0828 10:28:37.098339    1564 server_lib.cc:743] Unloading component jit_maximum.15988940423104944123 @ 0 at worker
2026-08-28T10:28:37.098395321Z I0828 10:28:37.098343     822 worker_op_dispatcher.cc:4605] Component is not loaded yet; deferring unload until load completes: jit_subtract.11021083957487000103 @ 0
2026-08-28T10:28:37.098575779Z I0828 10:28:37.098496     822 worker_op_dispatcher.cc:4605] Component is not loaded yet; deferring unload until load completes: jit_subtract.11021083957487001000 @ 0
2026-08-28T10:28:37.098595423Z I0828 10:28:37.098507     822 worker_op_dispatcher.cc:4605] Component is not loaded yet; deferring unload until load completes: jit_subtract.15988940423104943112 @ 0
2026-08-28T10:28:37.098598441Z I0828 10:28:37.098505    6853 server_lib.cc:743] Unloading component jit_exp.11021083957486997527 @ 0 at worker
2026-08-28T10:28:37.098605906Z I0828 10:28:37.098538    1523 server_lib.cc:743] Unloading component jit_subtract.11021083957487001000 @ 0 at worker
2026-08-28T10:28:37.098607921Z I0828 10:28:37.098556    1528 server_lib.cc:743] Unloading component jit_subtract.15988940423104943112 @ 0 at worker
2026-08-28T10:28:37.098671367Z I0828 10:28:37.098621     822 worker_op_dispatcher.cc:4605] Component is not loaded yet; deferring unload until load completes: jit_subtract.5598368294899623854 @ 0
2026-08-28T10:28:37.098742993Z I0828 10:28:37.098699     822 worker_op_dispatcher.cc:4605] Component is not loaded yet; deferring unload until load completes: jit_sample.17542282987440715523 @ 0
2026-08-28T10:28:37.098749899Z I0828 10:28:37.098711     822 worker_op_dispatcher.cc:4605] Component is not loaded yet; deferring unload until load completes: jit_sample.10416149044182841385 @ 0
2026-08-28T10:28:37.098990100Z I0828 10:28:37.098926    6856 server_lib.cc:743] Unloading component jit_subtract.11021083957487000103 @ 0 at worker
2026-08-28T10:28:37.099128513Z I0828 10:28:37.099086    6850 server_lib.cc:743] Unloading component jit_subtract.5598368294899623854 @ 0 at worker
2026-08-28T10:28:37.099134316Z I0828 10:28:37.099099     822 worker_op_dispatcher.cc:4605] Component is not loaded yet; deferring unload until load completes: jit_sample.5009576107440550416 @ 0
2026-08-28T10:28:37.099137238Z I0828 10:28:37.099112     822 worker_op_dispatcher.cc:4605] Component is not loaded yet; deferring unload until load completes: jit_sample.17152593400471992841 @ 0
2026-08-28T10:28:37.099142014Z I0828 10:28:37.099121     822 worker_op_dispatcher.cc:4605] Component is not loaded yet; deferring unload until load completes: jit_multiply.679787919433038667 @ 0
2026-08-28T10:28:37.099145250Z I0828 10:28:37.099127    1539 server_lib.cc:743] Unloading component jit_sample.10416149044182841385 @ 0 at worker
2026-08-28T10:28:37.099148428Z I0828 10:28:37.099131     822 worker_op_dispatcher.cc:4605] Component is not loaded yet; deferring unload until load completes: jit_sample.5009576107440551808 @ 0
2026-08-28T10:28:37.099236729Z I0828 10:28:37.099129    1537 server_lib.cc:743] Unloading component jit_sample.5009576107440550416 @ 0 at worker
2026-08-28T10:28:37.099261482Z I0828 10:28:37.099145    1556 server_lib.cc:743] Unloading component jit_sample.17152593400471992841 @ 0 at worker
2026-08-28T10:28:37.099265133Z I0828 10:28:37.099151    1569 server_lib.cc:743] Unloading component jit_multiply.679787919433038667 @ 0 at worker
2026-08-28T10:28:37.099268697Z I0828 10:28:37.099144     822 worker_op_dispatcher.cc:4605] Component is not loaded yet; deferring unload until load completes: jit_sample.17152593400471992443 @ 0
2026-08-28T10:28:37.099284025Z I0828 10:28:37.099161    6854 server_lib.cc:743] Unloading component jit_sample.5009576107440551808 @ 0 at worker
2026-08-28T10:28:37.099286712Z I0828 10:28:37.099173    1569 server_lib.cc:743] Unloading component jit_sample.17152593400471992443 @ 0 at worker
2026-08-28T10:28:37.099288659Z I0828 10:28:37.099170     822 worker_op_dispatcher.cc:4605] Component is not loaded yet; deferring unload until load completes: jit_multiply.679787919433037386 @ 0
2026-08-28T10:28:37.099290558Z I0828 10:28:37.099186    1569 server_lib.cc:743] Unloading component jit_multiply.679787919433037386 @ 0 at worker
2026-08-28T10:28:37.099292862Z I0828 10:28:37.099187     822 worker_op_dispatcher.cc:4605] Component is not loaded yet; deferring unload until load completes: jit_sample.10416149044182840175 @ 0
2026-08-28T10:28:37.099294942Z I0828 10:28:37.099196    1528 server_lib.cc:743] Unloading component jit_sample.17542282987440715523 @ 0 at worker
2026-08-28T10:28:37.099307688Z I0828 10:28:37.099218     822 worker_op_dispatcher.cc:4605] Component is not loaded yet; deferring unload until load completes: jit_multiply.5009576107440550342 @ 0
2026-08-28T10:28:37.099335717Z I0828 10:28:37.099218    1517 server_lib.cc:743] Unloading component jit_sample.10416149044182840175 @ 0 at worker
2026-08-28T10:28:37.099339454Z I0828 10:28:37.099233     822 worker_op_dispatcher.cc:4605] Component is not loaded yet; deferring unload until load completes: jit_sample.5009576107440550502 @ 0
2026-08-28T10:28:37.099342116Z I0828 10:28:37.099236    1537 server_lib.cc:743] Unloading component jit_multiply.5009576107440550342 @ 0 at worker
2026-08-28T10:28:37.099345059Z I0828 10:28:37.099248     822 worker_op_dispatcher.cc:4605] Component is not loaded yet; deferring unload until load completes: jit_multiply.11021083957486999237 @ 0
2026-08-28T10:28:37.099350252Z I0828 10:28:37.099265     822 worker_op_dispatcher.cc:4605] Component is not loaded yet; deferring unload until load completes: jit_multiply.5009576107440551257 @ 0
2026-08-28T10:28:37.099355504Z I0828 10:28:37.099274    1556 server_lib.cc:743] Unloading component jit_sample.5009576107440550502 @ 0 at worker
2026-08-28T10:28:37.099357896Z I0828 10:28:37.099280    1528 server_lib.cc:743] Unloading component jit_multiply.11021083957486999237 @ 0 at worker
2026-08-28T10:28:37.099360363Z I0828 10:28:37.099276     822 worker_op_dispatcher.cc:4605] Component is not loaded yet; deferring unload until load completes: jit_multiply.679787919433037488 @ 0
2026-08-28T10:28:37.099362933Z I0828 10:28:37.099289    6850 server_lib.cc:743] Unloading component jit_multiply.5009576107440551257 @ 0 at worker
2026-08-28T10:28:37.099368263Z I0828 10:28:37.099306     822 worker_op_dispatcher.cc:4605] Component is not loaded yet; deferring unload until load completes: jit_sample.17542282987440713948 @ 0
2026-08-28T10:28:37.099371331Z I0828 10:28:37.099307    1517 server_lib.cc:743] Unloading component jit_multiply.679787919433037488 @ 0 at worker
2026-08-28T10:28:37.099373925Z I0828 10:28:37.099321     822 worker_op_dispatcher.cc:4605] Component is not loaded yet; deferring unload until load completes: jit_multiply.14768284516790629125 @ 0
2026-08-28T10:28:37.099379304Z I0828 10:28:37.099332     822 worker_op_dispatcher.cc:4605] Component is not loaded yet; deferring unload until load completes: jit_multiply.14768284516790629127 @ 0
2026-08-28T10:28:37.099383347Z I0828 10:28:37.099346     822 worker_op_dispatcher.cc:4605] Component is not loaded yet; deferring unload until load completes: jit__where.5598368294899622290 @ 0
2026-08-28T10:28:37.099386460Z I0828 10:28:37.099356     822 worker_op_dispatcher.cc:4605] Component is not loaded yet; deferring unload until load completes: jit__where.5598368294899622118 @ 0
2026-08-28T10:28:37.099397741Z I0828 10:28:37.099326    1572 server_lib.cc:743] Unloading component jit_sample.17542282987440713948 @ 0 at worker
2026-08-28T10:28:37.099406459Z I0828 10:28:37.099371    1529 server_lib.cc:743] Unloading component jit__where.5598368294899622290 @ 0 at worker
2026-08-28T10:28:37.099409618Z I0828 10:28:37.099372    1544 server_lib.cc:743] Unloading component jit_multiply.14768284516790629125 @ 0 at worker
2026-08-28T10:28:37.099419344Z I0828 10:28:37.099368     822 worker_op_dispatcher.cc:4605] Component is not loaded yet; deferring unload until load completes: jit_sample.5009576107440550676 @ 0
2026-08-28T10:28:37.099424781Z I0828 10:28:37.099395    1520 server_lib.cc:743] Unloading component jit__where.5598368294899622118 @ 0 at worker
2026-08-28T10:28:37.099476018Z I0828 10:28:37.099390    1556 server_lib.cc:743] Unloading component jit_multiply.14768284516790629127 @ 0 at worker
2026-08-28T10:28:37.099500314Z I0828 10:28:37.099418    1544 server_lib.cc:743] Unloading component jit_sample.5009576107440550676 @ 0 at worker
2026-08-28T10:28:37.099507112Z I0828 10:28:37.099409     822 worker_op_dispatcher.cc:4605] Component is not loaded yet; deferring unload until load completes: jit_sample.17542282987440716697 @ 0
2026-08-28T10:28:37.099509763Z I0828 10:28:37.099436     822 worker_op_dispatcher.cc:4605] Component is not loaded yet; deferring unload until load completes: jit_sample.5009576107440551241 @ 0
2026-08-28T10:28:37.099512923Z I0828 10:28:37.099436    1529 server_lib.cc:743] Unloading component jit_sample.17542282987440716697 @ 0 at worker
2026-08-28T10:28:37.099564216Z I0828 10:28:37.099514     822 worker_op_dispatcher.cc:4605] Component is not loaded yet; deferring unload until load completes: jit_sample.17152593400471993653 @ 0
2026-08-28T10:28:37.099573997Z I0828 10:28:37.099541     822 worker_op_dispatcher.cc:4605] Component is not loaded yet; deferring unload until load completes: jit_sample.17152593400471992495 @ 0
2026-08-28T10:28:37.099654561Z I0828 10:28:37.099609     822 worker_op_dispatcher.cc:4605] Component is not loaded yet; deferring unload until load completes: jit_sample.17152593400471990914 @ 0
2026-08-28T10:28:37.099708583Z I0828 10:28:37.099662     822 worker_op_dispatcher.cc:4605] Component is not loaded yet; deferring unload until load completes: jit_true_divide.5598368294899622059 @ 0
2026-08-28T10:28:37.099814797Z I0828 10:28:37.099782    6860 server_lib.cc:743] Unloading component jit_sample.17152593400471990914 @ 0 at worker
2026-08-28T10:28:37.099818499Z I0828 10:28:37.099796    1529 server_lib.cc:743] Unloading component jit_sample.5009576107440551241 @ 0 at worker
2026-08-28T10:28:37.099867407Z I0828 10:28:37.099844    6860 server_lib.cc:743] Unloading component jit_sample.17152593400471992495 @ 0 at worker
2026-08-28T10:28:37.099958839Z I0828 10:28:37.099905    1561 server_lib.cc:743] Unloading component jit_sample.17152593400471993653 @ 0 at worker
2026-08-28T10:28:37.099985694Z I0828 10:28:37.099953     822 worker_op_dispatcher.cc:4605] Component is not loaded yet; deferring unload until load completes: jit_sample.17152593400471990283 @ 0
2026-08-28T10:28:37.099990123Z I0828 10:28:37.099974    1564 server_lib.cc:743] Unloading component jit_true_divide.5598368294899622059 @ 0 at worker
2026-08-28T10:28:37.099995187Z I0828 10:28:37.099976     822 worker_op_dispatcher.cc:4605] Component is not loaded yet; deferring unload until load completes: jit_true_divide.11021083957486999807 @ 0
2026-08-28T10:28:37.100028664Z I0828 10:28:37.099993     822 worker_op_dispatcher.cc:4605] Component is not loaded yet; deferring unload until load completes: jit_compute_and_gather_logprobs.5009576107440553159 @ 0
2026-08-28T10:28:37.100035921Z I0828 10:28:37.100002     822 worker_op_dispatcher.cc:4605] Component is not loaded yet; deferring unload until load completes: jit_true_divide.14768284516790631172 @ 0
2026-08-28T10:28:37.100081121Z I0828 10:28:37.100008    1561 server_lib.cc:743] Unloading component jit_true_divide.11021083957486999807 @ 0 at worker
2026-08-28T10:28:37.100087801Z I0828 10:28:37.100011     822 worker_op_dispatcher.cc:4605] Component is not loaded yet; deferring unload until load completes: jit_compute_and_gather_logprobs.5009576107440550414 @ 0
2026-08-28T10:28:37.100090484Z I0828 10:28:37.099999    6857 server_lib.cc:743] Unloading component jit_sample.17152593400471990283 @ 0 at worker
2026-08-28T10:28:37.100092808Z I0828 10:28:37.100024    1553 server_lib.cc:743] Unloading component jit_compute_and_gather_logprobs.5009576107440553159 @ 0 at worker
2026-08-28T10:28:37.100095009Z I0828 10:28:37.100037    1564 server_lib.cc:743] Unloading component jit_true_divide.14768284516790631172 @ 0 at worker
2026-08-28T10:28:37.100098667Z I0828 10:28:37.100045     822 worker_op_dispatcher.cc:4605] Component is not loaded yet; deferring unload until load completes: jit_swapaxes.15988940423104945415 @ 0
2026-08-28T10:28:37.100100958Z I0828 10:28:37.100044    1561 server_lib.cc:743] Unloading component jit_compute_and_gather_logprobs.5009576107440550414 @ 0 at worker
2026-08-28T10:28:37.100105781Z I0828 10:28:37.100074    1564 server_lib.cc:743] Unloading component jit_swapaxes.15988940423104945415 @ 0 at worker
2026-08-28T10:28:37.100171968Z I0828 10:28:37.100121     822 worker_op_dispatcher.cc:4605] Component is not loaded yet; deferring unload until load completes: jit_compute_and_gather_logprobs.5009576107440550893 @ 0
2026-08-28T10:28:37.100182326Z I0828 10:28:37.100144     822 worker_op_dispatcher.cc:4605] Component is not loaded yet; deferring unload until load completes: jit__select_from_array_fn.10416149044182841886 @ 0
2026-08-28T10:28:37.100184878Z I0828 10:28:37.100156     822 worker_op_dispatcher.cc:4605] Component is not loaded yet; deferring unload until load completes: jit__squeeze.15988940423104945864 @ 0
2026-08-28T10:28:37.100311739Z I0828 10:28:37.100275    6862 server_lib.cc:743] Unloading component jit_compute_and_gather_logprobs.5009576107440550893 @ 0 at worker
2026-08-28T10:28:37.100387178Z I0828 10:28:37.100316    1553 server_lib.cc:743] Unloading component jit__select_from_array_fn.10416149044182841886 @ 0 at worker
2026-08-28T10:28:37.100407078Z I0828 10:28:37.100345    1529 server_lib.cc:743] Unloading component jit__squeeze.15988940423104945864 @ 0 at worker
2026-08-28T10:28:37.100429501Z I0828 10:28:37.100381     822 worker_op_dispatcher.cc:4605] Component is not loaded yet; deferring unload until load completes: jit__select_from_array_fn.12553407529559189630 @ 0
2026-08-28T10:28:37.100442474Z I0828 10:28:37.100415    1561 server_lib.cc:743] Unloading component jit__select_from_array_fn.12553407529559189630 @ 0 at worker
2026-08-28T10:28:37.100630103Z I0828 10:28:37.100596     822 worker_op_dispatcher.cc:4605] Component is not loaded yet; deferring unload until load completes: jit_run_compute_logits.17152593400471993049 @ 0
2026-08-28T10:28:37.100636679Z I0828 10:28:37.100611     822 worker_op_dispatcher.cc:4605] Component is not loaded yet; deferring unload until load completes: jit_add.5598368294899623741 @ 0
2026-08-28T10:28:37.100642614Z I0828 10:28:37.100621     822 worker_op_dispatcher.cc:4605] Component is not loaded yet; deferring unload until load completes: jit__decode_core.3658920302745356128 @ 0
2026-08-28T10:28:37.100646163Z I0828 10:28:37.100631     822 worker_op_dispatcher.cc:4605] Component is not loaded yet; deferring unload until load completes: jit_run_compute_logits.17152593400471992470 @ 0
2026-08-28T10:28:37.100649515Z I0828 10:28:37.100625    1555 server_lib.cc:743] Unloading component jit_run_compute_logits.17152593400471993049 @ 0 at worker
2026-08-28T10:28:37.100684358Z I0828 10:28:37.100639     822 worker_op_dispatcher.cc:4605] Component is not loaded yet; deferring unload until load completes: jit_clip.5598368294899623307 @ 0
2026-08-28T10:28:37.100696568Z I0828 10:28:37.100636    1568 server_lib.cc:743] Unloading component jit_add.5598368294899623741 @ 0 at worker
2026-08-28T10:28:37.100698870Z I0828 10:28:37.100650     822 worker_op_dispatcher.cc:4605] Component is not loaded yet; deferring unload until load completes: jit_clip.15988940423104942643 @ 0
2026-08-28T10:28:37.100701149Z I0828 10:28:37.100653    1561 server_lib.cc:743] Unloading component jit_run_compute_logits.17152593400471992470 @ 0 at worker
2026-08-28T10:28:37.100707673Z I0828 10:28:37.100653    6855 server_lib.cc:743] Unloading component jit__decode_core.3658920302745356128 @ 0 at worker
2026-08-28T10:28:37.100711010Z I0828 10:28:37.100671    1528 server_lib.cc:743] Unloading component jit_clip.5598368294899623307 @ 0 at worker
2026-08-28T10:28:37.100713073Z I0828 10:28:37.100679     822 worker_op_dispatcher.cc:4605] Component is not loaded yet; deferring unload until load completes: jit_negative.15988940423104942372 @ 0
2026-08-28T10:28:37.100737788Z I0828 10:28:37.100683    1561 server_lib.cc:743] Unloading component jit_clip.15988940423104942643 @ 0 at worker
2026-08-28T10:28:37.100742396Z I0828 10:28:37.100697     822 worker_op_dispatcher.cc:4605] Component is not loaded yet; deferring unload until load completes: jit__decode_core.17152593400471990742 @ 0
2026-08-28T10:28:37.100745119Z I0828 10:28:37.100705    1561 server_lib.cc:743] Unloading component jit_negative.15988940423104942372 @ 0 at worker
2026-08-28T10:28:37.100856669Z I0828 10:28:37.100816     822 worker_op_dispatcher.cc:4605] Component is not loaded yet; deferring unload until load completes: jit__split_rngs.17542282987440715688 @ 0
2026-08-28T10:28:37.100865323Z I0828 10:28:37.100845    6855 server_lib.cc:743] Unloading component jit__decode_core.17152593400471990742 @ 0 at worker
2026-08-28T10:28:37.100938359Z I0828 10:28:37.100911     822 worker_op_dispatcher.cc:4605] Component is not loaded yet; deferring unload until load completes: jit__threefry_split.17152593400471990452 @ 0
2026-08-28T10:28:37.101116148Z I0828 10:28:37.101081    6850 server_lib.cc:743] Unloading component jit__split_rngs.17542282987440715688 @ 0 at worker
2026-08-28T10:28:37.101202873Z I0828 10:28:37.101153     822 worker_op_dispatcher.cc:4605] Component is not loaded yet; deferring unload until load completes: jit_greater.5598368294899625138 @ 0
2026-08-28T10:28:37.101211588Z I0828 10:28:37.101166     822 worker_op_dispatcher.cc:4605] Component is not loaded yet; deferring unload until load completes: jit_masked_mean.5598368294899625025 @ 0
2026-08-28T10:28:37.101215669Z I0828 10:28:37.101170    6855 server_lib.cc:743] Unloading component jit__threefry_split.17152593400471990452 @ 0 at worker
2026-08-28T10:28:37.101225080Z I0828 10:28:37.101172    1561 server_lib.cc:743] Unloading component jit_greater.5598368294899625138 @ 0 at worker
2026-08-28T10:28:37.101234394Z I0828 10:28:37.101175     822 worker_op_dispatcher.cc:4605] Component is not loaded yet; deferring unload until load completes: jit_bitwise_and.5598368294899623248 @ 0
2026-08-28T10:28:37.101597133Z I0828 10:28:37.101553    1561 server_lib.cc:743] Unloading component jit_bitwise_and.5598368294899623248 @ 0 at worker
2026-08-28T10:28:37.101604186Z I0828 10:28:37.101561     822 worker_op_dispatcher.cc:4605] Component is not loaded yet; deferring unload until load completes: jit__precomputed_gradient_scaled_step.5598368294899622087 @ 0
2026-08-28T10:28:37.101607346Z I0828 10:28:37.101569    6866 server_lib.cc:743] Unloading component jit_masked_mean.5598368294899625025 @ 0 at worker
2026-08-28T10:28:37.101610674Z I0828 10:28:37.101582    1561 server_lib.cc:743] Unloading component jit__precomputed_gradient_scaled_step.5598368294899622087 @ 0 at worker
2026-08-28T10:28:37.101690308Z I0828 10:28:37.101637     822 worker_op_dispatcher.cc:4605] Component is not loaded yet; deferring unload until load completes: jit_take_along_axis.15988940423104945884 @ 0
2026-08-28T10:28:37.101703466Z I0828 10:28:37.101651     822 worker_op_dispatcher.cc:4605] Component is not loaded yet; deferring unload until load completes: jit_take_along_axis.15988940423104942405 @ 0
2026-08-28T10:28:37.101709034Z I0828 10:28:37.101669     822 worker_op_dispatcher.cc:4605] Component is not loaded yet; deferring unload until load completes: jit_take_along_axis.10416149044182839387 @ 0
2026-08-28T10:28:37.101877266Z I0828 10:28:37.101829    6868 server_lib.cc:743] Unloading component jit_take_along_axis.15988940423104942405 @ 0 at worker
2026-08-28T10:28:37.102034634Z I0828 10:28:37.101982    1528 server_lib.cc:743] Unloading component jit_take_along_axis.10416149044182839387 @ 0 at worker
2026-08-28T10:28:37.102037724Z I0828 10:28:37.101953     822 worker_op_dispatcher.cc:4605] Component is not loaded yet; deferring unload until load completes: jit_take_along_axis.15988940423104943189 @ 0
2026-08-28T10:28:37.102040589Z I0828 10:28:37.102000    6860 server_lib.cc:743] Unloading component jit_take_along_axis.15988940423104945884 @ 0 at worker
2026-08-28T10:28:37.102042514Z I0828 10:28:37.102014    1544 server_lib.cc:743] Unloading component jit_take_along_axis.15988940423104943189 @ 0 at worker
2026-08-28T10:28:37.102046413Z I0828 10:28:37.102015     822 worker_op_dispatcher.cc:4605] Component is not loaded yet; deferring unload until load completes: jit__identity_fn.10416149044182842673 @ 0
2026-08-28T10:28:37.102101903Z I0828 10:28:37.102042     822 worker_op_dispatcher.cc:4605] Component is not loaded yet; deferring unload until load completes: jit__reduce_sum.11021083957486998667 @ 0
2026-08-28T10:28:37.102109046Z I0828 10:28:37.102054     822 worker_op_dispatcher.cc:4605] Component is not loaded yet; deferring unload until load completes: jit__reduce_sum.5598368294899625079 @ 0
2026-08-28T10:28:37.102111288Z I0828 10:28:37.102055    1556 server_lib.cc:743] Unloading component jit__identity_fn.10416149044182842673 @ 0 at worker
2026-08-28T10:28:37.102113323Z I0828 10:28:37.102062     822 worker_op_dispatcher.cc:4605] Component is not loaded yet; deferring unload until load completes: jit__reduce_sum.5598368294899623890 @ 0
2026-08-28T10:28:37.102115228Z I0828 10:28:37.102074    6868 server_lib.cc:743] Unloading component jit__reduce_sum.11021083957486998667 @ 0 at worker
2026-08-28T10:28:37.102117298Z I0828 10:28:37.102076     822 worker_op_dispatcher.cc:4605] Component is not loaded yet; deferring unload until load completes: jit__reduce_max.11021083957486999290 @ 0
2026-08-28T10:28:37.102124048Z I0828 10:28:37.102091     822 worker_op_dispatcher.cc:4605] Component is not loaded yet; deferring unload until load completes: jit__identity_fn.15988940423104944218 @ 0
2026-08-28T10:28:37.102128543Z I0828 10:28:37.102095    1553 server_lib.cc:743] Unloading component jit__reduce_sum.5598368294899623890 @ 0 at worker
2026-08-28T10:28:37.102130758Z I0828 10:28:37.102100     822 worker_op_dispatcher.cc:4605] Component is not loaded yet; deferring unload until load completes: jit__identity_fn.15988940423104945156 @ 0
2026-08-28T10:28:37.102133076Z I0828 10:28:37.102090    1537 server_lib.cc:743] Unloading component jit__reduce_sum.5598368294899625079 @ 0 at worker
2026-08-28T10:28:37.102134870Z I0828 10:28:37.102111     822 worker_op_dispatcher.cc:4605] Component is not loaded yet; deferring unload until load completes: jit_maximum.11021083957487001570 @ 0
2026-08-28T10:28:37.102136983Z I0828 10:28:37.102113    6868 server_lib.cc:743] Unloading component jit__reduce_max.11021083957486999290 @ 0 at worker
2026-08-28T10:28:37.102141279Z I0828 10:28:37.102112    1527 server_lib.cc:743] Unloading component jit__identity_fn.15988940423104944218 @ 0 at worker
2026-08-28T10:28:37.102208833Z I0828 10:28:37.102135    1521 server_lib.cc:743] Unloading component jit__identity_fn.15988940423104945156 @ 0 at worker
2026-08-28T10:28:37.102224393Z I0828 10:28:37.102145    6861 server_lib.cc:743] Unloading component jit_maximum.11021083957487001570 @ 0 at worker
2026-08-28T10:28:37.102237991Z I0828 10:28:37.102198     822 worker_op_dispatcher.cc:4605] Component is not loaded yet; deferring unload until load completes: jit__identity_fn.15988940423104944687 @ 0
2026-08-28T10:28:37.102318910Z I0828 10:28:37.102224    1539 server_lib.cc:743] Unloading component jit__identity_fn.15988940423104944687 @ 0 at worker
2026-08-28T10:28:37.102354719Z I0828 10:28:37.102280     822 worker_op_dispatcher.cc:4605] Component is not loaded yet; deferring unload until load completes: jit__identity_fn.15988940423104943749 @ 0
2026-08-28T10:28:37.102403221Z I0828 10:28:37.102358     822 worker_op_dispatcher.cc:4605] Component is not loaded yet; deferring unload until load completes: jit_zt_tr_fwd_embed.15988940423104943280 @ 0
2026-08-28T10:28:37.102441781Z I0828 10:28:37.102414     822 worker_op_dispatcher.cc:4605] Component is not loaded yet; deferring unload until load completes: jit_zt_tr_fwd_norm.10416149044182843139 @ 0
2026-08-28T10:28:37.102453796Z I0828 10:28:37.102430     822 worker_op_dispatcher.cc:4605] Component is not loaded yet; deferring unload until load completes: jit_zt_tr_dp_parallel_bwd_head.5598368294899624293 @ 0
2026-08-28T10:28:37.102568806Z I0828 10:28:37.102502     822 worker_op_dispatcher.cc:4605] Component is not loaded yet; deferring unload until load completes: jit_zt_tr_bwd_logprob.15988940423104942112 @ 0
2026-08-28T10:28:37.102600096Z I0828 10:28:37.102573     822 worker_op_dispatcher.cc:4605] Component is not loaded yet; deferring unload until load completes: jit_zt_tr_dp_parallel_bwd_layer_33.5598368294899623859 @ 0
2026-08-28T10:28:37.102648986Z I0828 10:28:37.102629     822 worker_op_dispatcher.cc:4605] Component is not loaded yet; deferring unload until load completes: jit_abs.11021083957486998340 @ 0
2026-08-28T10:28:37.102706360Z I0828 10:28:37.102686     822 worker_op_dispatcher.cc:4605] Component is not loaded yet; deferring unload until load completes: jit_zt_tr_dp_parallel_bwd_layer_32.15988940423104944332 @ 0
2026-08-28T10:28:37.102764413Z I0828 10:28:37.102742     822 worker_op_dispatcher.cc:4605] Component is not loaded yet; deferring unload until load completes: jit_multiply.15988940423104942174 @ 0
2026-08-28T10:28:37.102813653Z I0828 10:28:37.102793     822 worker_op_dispatcher.cc:4605] Component is not loaded yet; deferring unload until load completes: jit_multiply.14768284516790631176 @ 0
2026-08-28T10:28:37.102833357Z I0828 10:28:37.102819     822 worker_op_dispatcher.cc:4605] Component is not loaded yet; deferring unload until load completes: jit_multiply.15988940423104944154 @ 0
2026-08-28T10:28:37.102892391Z I0828 10:28:37.102871     822 worker_op_dispatcher.cc:4605] Component is not loaded yet; deferring unload until load completes: jit_zt_tr_dp_parallel_bwd_layer_29.5598368294899623425 @ 0
2026-08-28T10:28:37.102994931Z I0828 10:28:37.102948     822 worker_op_dispatcher.cc:4605] Component is not loaded yet; deferring unload until load completes: jit_zt_tr_dp_parallel_bwd_layer_28.15988940423104943394 @ 0
2026-08-28T10:28:37.103021884Z I0828 10:28:37.103001     822 worker_op_dispatcher.cc:4605] Component is not loaded yet; deferring unload until load completes: jit_zt_tr_dp_parallel_bwd_layer_26.15988940423104942925 @ 0
2026-08-28T10:28:37.103204980Z I0828 10:28:37.103026    1553 server_lib.cc:743] Unloading component jit_zt_tr_dp_parallel_bwd_layer_28.15988940423104943394 @ 0 at worker
2026-08-28T10:28:37.103218201Z I0828 10:28:37.103049     822 worker_op_dispatcher.cc:4605] Component is not loaded yet; deferring unload until load completes: jit_zt_tr_dp_parallel_bwd_layer_24.15988940423104942456 @ 0
2026-08-28T10:28:37.103227319Z I0828 10:28:37.103107     822 worker_op_dispatcher.cc:4605] Component is not loaded yet; deferring unload until load completes: jit_zt_tr_dp_parallel_bwd_layer_25.5598368294899622991 @ 0
2026-08-28T10:28:37.103244040Z I0828 10:28:37.103216    6883 server_lib.cc:743] Unloading component jit_zt_tr_dp_parallel_bwd_layer_24.15988940423104942456 @ 0 at worker
2026-08-28T10:28:37.103375785Z I0828 10:28:37.103291    1539 server_lib.cc:743] Unloading component jit__identity_fn.15988940423104943749 @ 0 at worker
2026-08-28T10:28:37.103386181Z I0828 10:28:37.103306    6869 server_lib.cc:743] Unloading component jit_zt_tr_fwd_embed.15988940423104943280 @ 0 at worker
2026-08-28T10:28:37.103391689Z I0828 10:28:37.103343    6869 server_lib.cc:743] Unloading component jit_zt_tr_dp_parallel_bwd_head.5598368294899624293 @ 0 at worker
2026-08-28T10:28:37.103401817Z I0828 10:28:37.103367    6869 server_lib.cc:743] Unloading component jit_zt_tr_fwd_norm.10416149044182843139 @ 0 at worker
2026-08-28T10:28:37.103473769Z I0828 10:28:37.103417    1561 server_lib.cc:743] Unloading component jit_zt_tr_bwd_logprob.15988940423104942112 @ 0 at worker
2026-08-28T10:28:37.103480648Z I0828 10:28:37.103429    6872 server_lib.cc:743] Unloading component jit_zt_tr_dp_parallel_bwd_layer_33.5598368294899623859 @ 0 at worker
2026-08-28T10:28:37.103484590Z I0828 10:28:37.103447    1561 server_lib.cc:743] Unloading component jit_abs.11021083957486998340 @ 0 at worker
2026-08-28T10:28:37.103532516Z I0828 10:28:37.103460    6874 server_lib.cc:743] Unloading component jit_zt_tr_dp_parallel_bwd_layer_32.15988940423104944332 @ 0 at worker
2026-08-28T10:28:37.103552340Z I0828 10:28:37.103501    6864 server_lib.cc:743] Unloading component jit_multiply.15988940423104942174 @ 0 at worker
2026-08-28T10:28:37.103596521Z I0828 10:28:37.103559    6864 server_lib.cc:743] Unloading component jit_multiply.15988940423104944154 @ 0 at worker
2026-08-28T10:28:37.103665492Z I0828 10:28:37.103623    1564 server_lib.cc:743] Unloading component jit_multiply.14768284516790631176 @ 0 at worker
2026-08-28T10:28:37.103698710Z I0828 10:28:37.103667    1564 server_lib.cc:743] Unloading component jit_zt_tr_dp_parallel_bwd_layer_29.5598368294899623425 @ 0 at worker
2026-08-28T10:28:37.103862448Z I0828 10:28:37.103791    1553 server_lib.cc:743] Unloading component jit_zt_tr_dp_parallel_bwd_layer_26.15988940423104942925 @ 0 at worker
2026-08-28T10:28:37.103887272Z I0828 10:28:37.103823     822 worker_op_dispatcher.cc:4605] Component is not loaded yet; deferring unload until load completes: jit_multiply.679787919433037284 @ 0
2026-08-28T10:28:37.103897175Z I0828 10:28:37.103849    1553 server_lib.cc:743] Unloading component jit_multiply.679787919433037284 @ 0 at worker
2026-08-28T10:28:37.103899788Z I0828 10:28:37.103859     822 worker_op_dispatcher.cc:4605] Component is not loaded yet; deferring unload until load completes: jit_multiply.679787919433039485 @ 0
2026-08-28T10:28:37.103918627Z I0828 10:28:37.103871     822 worker_op_dispatcher.cc:4605] Component is not loaded yet; deferring unload until load completes: jit_zt_tr_dp_parallel_bwd_layer_22.15988940423104946083 @ 0
2026-08-28T10:28:37.103928219Z I0828 10:28:37.103856    6880 server_lib.cc:743] Unloading component jit_zt_tr_dp_parallel_bwd_layer_25.5598368294899622991 @ 0 at worker
2026-08-28T10:28:37.103931903Z I0828 10:28:37.103895    1564 server_lib.cc:743] Unloading component jit_zt_tr_dp_parallel_bwd_layer_22.15988940423104946083 @ 0 at worker
2026-08-28T10:28:37.103934917Z I0828 10:28:37.103893    6865 server_lib.cc:743] Unloading component jit_multiply.679787919433039485 @ 0 at worker
2026-08-28T10:28:37.104141953Z I0828 10:28:37.104096     822 worker_op_dispatcher.cc:4605] Component is not loaded yet; deferring unload until load completes: jit_zt_tr_dp_parallel_bwd_layer_21.5598368294899622557 @ 0
2026-08-28T10:28:37.104155879Z I0828 10:28:37.104107     822 worker_op_dispatcher.cc:4605] Component is not loaded yet; deferring unload until load completes: jit_zt_tr_dp_parallel_bwd_layer_18.15988940423104945145 @ 0
2026-08-28T10:28:37.104159443Z I0828 10:28:37.104113     822 worker_op_dispatcher.cc:4605] Component is not loaded yet; deferring unload until load completes: jit_multiply.11021083957487000430 @ 0
2026-08-28T10:28:37.104161424Z I0828 10:28:37.104119     822 worker_op_dispatcher.cc:4605] Component is not loaded yet; deferring unload until load completes: jit_zt_tr_dp_parallel_bwd_layer_17.5598368294899622123 @ 0
2026-08-28T10:28:37.104163301Z I0828 10:28:37.104126     822 worker_op_dispatcher.cc:4605] Component is not loaded yet; deferring unload until load completes: jit_multiply.5009576107440550299 @ 0
2026-08-28T10:28:37.104185970Z I0828 10:28:37.104131    1556 server_lib.cc:743] Unloading component jit_zt_tr_dp_parallel_bwd_layer_21.5598368294899622557 @ 0 at worker
2026-08-28T10:28:37.104192560Z I0828 10:28:37.104139    6865 server_lib.cc:743] Unloading component jit_multiply.11021083957487000430 @ 0 at worker
2026-08-28T10:28:37.104196245Z I0828 10:28:37.104138     822 worker_op_dispatcher.cc:4605] Component is not loaded yet; deferring unload until load completes: jit_zt_tr_dp_parallel_bwd_layer_15.5598368294899623954 @ 0
2026-08-28T10:28:37.104198308Z I0828 10:28:37.104153    1518 server_lib.cc:743] Unloading component jit_zt_tr_dp_parallel_bwd_layer_17.5598368294899622123 @ 0 at worker
2026-08-28T10:28:37.104200413Z I0828 10:28:37.104151    6878 server_lib.cc:743] Unloading component jit_multiply.5009576107440550299 @ 0 at worker
2026-08-28T10:28:37.104202573Z I0828 10:28:37.104159     822 worker_op_dispatcher.cc:4605] Component is not loaded yet; deferring unload until load completes: jit_zt_tr_dp_parallel_bwd_layer_14.15988940423104944207 @ 0
2026-08-28T10:28:37.104212476Z I0828 10:28:37.104167    6882 server_lib.cc:743] Unloading component jit_zt_tr_dp_parallel_bwd_layer_15.5598368294899623954 @ 0 at worker
2026-08-28T10:28:37.104227156Z I0828 10:28:37.104151    1564 server_lib.cc:743] Unloading component jit_zt_tr_dp_parallel_bwd_layer_18.15988940423104945145 @ 0 at worker
2026-08-28T10:28:37.104233243Z I0828 10:28:37.104190     822 worker_op_dispatcher.cc:4605] Component is not loaded yet; deferring unload until load completes: jit_multiply.679787919433039383 @ 0
2026-08-28T10:28:37.104235926Z I0828 10:28:37.104192    6878 server_lib.cc:743] Unloading component jit_zt_tr_dp_parallel_bwd_layer_14.15988940423104944207 @ 0 at worker
2026-08-28T10:28:37.104238674Z I0828 10:28:37.104204     822 worker_op_dispatcher.cc:4605] Component is not loaded yet; deferring unload until load completes: jit_multiply.14768284516790631174 @ 0
2026-08-28T10:28:37.104242705Z I0828 10:28:37.104213     822 worker_op_dispatcher.cc:4605] Component is not loaded yet; deferring unload until load completes: jit__where.11021083957486998910 @ 0
2026-08-28T10:28:37.104245165Z I0828 10:28:37.104213    6855 server_lib.cc:743] Unloading component jit_multiply.679787919433039383 @ 0 at worker
2026-08-28T10:28:37.104247338Z I0828 10:28:37.104225     822 worker_op_dispatcher.cc:4605] Component is not loaded yet; deferring unload until load completes: jit_zt_tr_dp_parallel_bwd_layer_10.15988940423104943269 @ 0
2026-08-28T10:28:37.104249261Z I0828 10:28:37.104233     822 worker_op_dispatcher.cc:4605] Component is not loaded yet; deferring unload until load completes: jit_zt_tr_dp_parallel_bwd_layer_08.15988940423104942800 @ 0
2026-08-28T10:28:37.104251363Z I0828 10:28:37.104232    6878 server_lib.cc:743] Unloading component jit_multiply.14768284516790631174 @ 0 at worker
2026-08-28T10:28:37.104255677Z I0828 10:28:37.104241     822 worker_op_dispatcher.cc:4605] Component is not loaded yet; deferring unload until load completes: jit__where.10416149044182840408 @ 0
2026-08-28T10:28:37.104266821Z I0828 10:28:37.104249     822 worker_op_dispatcher.cc:4605] Component is not loaded yet; deferring unload until load completes: jit_zt_tr_dp_parallel_bwd_layer_07.5598368294899623086 @ 0
2026-08-28T10:28:37.104269197Z I0828 10:28:37.104257     822 worker_op_dispatcher.cc:4605] Component is not loaded yet; deferring unload until load completes: jit_zt_tr_dp_parallel_bwd_layer_06.15988940423104942331 @ 0
2026-08-28T10:28:37.104271365Z I0828 10:28:37.104257    6878 server_lib.cc:743] Unloading component jit_zt_tr_dp_parallel_bwd_layer_10.15988940423104943269 @ 0 at worker
2026-08-28T10:28:37.104290517Z I0828 10:28:37.104259    1544 server_lib.cc:743] Unloading component jit__where.10416149044182840408 @ 0 at worker
2026-08-28T10:28:37.104294737Z I0828 10:28:37.104257    1527 server_lib.cc:743] Unloading component jit__where.11021083957486998910 @ 0 at worker
2026-08-28T10:28:37.104297299Z I0828 10:28:37.104267    6859 server_lib.cc:743] Unloading component jit_zt_tr_dp_parallel_bwd_layer_08.15988940423104942800 @ 0 at worker
2026-08-28T10:28:37.104303149Z I0828 10:28:37.104265     822 worker_op_dispatcher.cc:4605] Component is not loaded yet; deferring unload until load completes: jit_zt_tr_dp_parallel_bwd_layer_04.15988940423104945958 @ 0
2026-08-28T10:28:37.104305643Z I0828 10:28:37.104282    6869 server_lib.cc:743] Unloading component jit_zt_tr_dp_parallel_bwd_layer_06.15988940423104942331 @ 0 at worker
2026-08-28T10:28:37.104307567Z I0828 10:28:37.104285    6864 server_lib.cc:743] Unloading component jit_zt_tr_dp_parallel_bwd_layer_07.5598368294899623086 @ 0 at worker
2026-08-28T10:28:37.104312259Z I0828 10:28:37.104293     822 worker_op_dispatcher.cc:4605] Component is not loaded yet; deferring unload until load completes: jit_zt_tr_dp_parallel_bwd_layer_02.15988940423104945489 @ 0
2026-08-28T10:28:37.104316463Z I0828 10:28:37.104302     822 worker_op_dispatcher.cc:4605] Component is not loaded yet; deferring unload until load completes: jit_zt_tr_dp_parallel_bwd_layer_03.5598368294899622652 @ 0
2026-08-28T10:28:37.104318796Z I0828 10:28:37.104307    6864 server_lib.cc:743] Unloading component jit_zt_tr_dp_parallel_bwd_layer_04.15988940423104945958 @ 0 at worker
2026-08-28T10:28:37.104324405Z I0828 10:28:37.104311     822 worker_op_dispatcher.cc:4605] Component is not loaded yet; deferring unload until load completes: jit_zt_tr_dp_parallel_bwd_layer_00.15988940423104945020 @ 0
2026-08-28T10:28:37.104326459Z I0828 10:28:37.104310    1529 server_lib.cc:743] Unloading component jit_zt_tr_dp_parallel_bwd_layer_02.15988940423104945489 @ 0 at worker
2026-08-28T10:28:37.104342081Z I0828 10:28:37.104321     822 worker_op_dispatcher.cc:4605] Component is not loaded yet; deferring unload until load completes: jit_true_divide.5009576107440551214 @ 0
2026-08-28T10:28:37.104345685Z I0828 10:28:37.104323    6869 server_lib.cc:743] Unloading component jit_zt_tr_dp_parallel_bwd_layer_03.5598368294899622652 @ 0 at worker
2026-08-28T10:28:37.104349911Z I0828 10:28:37.104334     822 worker_op_dispatcher.cc:4605] Component is not loaded yet; deferring unload until load completes: jit_true_divide.5598368294899621910 @ 0
2026-08-28T10:28:37.104351963Z I0828 10:28:37.104332    1540 server_lib.cc:743] Unloading component jit_zt_tr_dp_parallel_bwd_layer_00.15988940423104945020 @ 0 at worker
2026-08-28T10:28:37.104355959Z I0828 10:28:37.104345     822 worker_op_dispatcher.cc:4605] Component is not loaded yet; deferring unload until load completes: jit_zt_tr_grad_tree_add.14768284516790631177 @ 0
2026-08-28T10:28:37.104368899Z I0828 10:28:37.104344    6869 server_lib.cc:743] Unloading component jit_true_divide.5009576107440551214 @ 0 at worker
2026-08-28T10:28:37.104371319Z I0828 10:28:37.104356     822 worker_op_dispatcher.cc:4605] Component is not loaded yet; deferring unload until load completes: jit_sqrt.5009576107440552477 @ 0
2026-08-28T10:28:37.104397714Z I0828 10:28:37.104373    6870 server_lib.cc:743] Unloading component jit_true_divide.5598368294899621910 @ 0 at worker
2026-08-28T10:28:37.104400599Z I0828 10:28:37.104379    1564 server_lib.cc:743] Unloading component jit_sqrt.5009576107440552477 @ 0 at worker
2026-08-28T10:28:37.104404974Z I0828 10:28:37.104378    1539 server_lib.cc:743] Unloading component jit_zt_tr_grad_tree_add.14768284516790631177 @ 0 at worker
2026-08-28T10:28:37.104429456Z I0828 10:28:37.104406     822 worker_op_dispatcher.cc:4605] Component is not loaded yet; deferring unload until load completes: jit_swapaxes.15988940423104943310 @ 0
2026-08-28T10:28:37.104550166Z I0828 10:28:37.104432    1522 server_lib.cc:743] Unloading component jit_swapaxes.15988940423104943310 @ 0 at worker
2026-08-28T10:28:37.104586078Z I0828 10:28:37.104505     822 worker_op_dispatcher.cc:4605] Component is not loaded yet; deferring unload until load completes: jit_zt_ro_logprob_gather.5009576107440552694 @ 0
2026-08-28T10:28:37.104629243Z I0828 10:28:37.104594     822 worker_op_dispatcher.cc:4605] Component is not loaded yet; deferring unload until load completes: jit_zt_tr_dp_parallel_bwd_adjoint.5598368294899623276 @ 0
2026-08-28T10:28:37.104667190Z I0828 10:28:37.104644     822 worker_op_dispatcher.cc:4605] Component is not loaded yet; deferring unload until load completes: jit_count_nonzero.14768284516790629819 @ 0
2026-08-28T10:28:37.104670034Z I0828 10:28:37.104653     822 worker_op_dispatcher.cc:4605] Component is not loaded yet; deferring unload until load completes: jit_count_nonzero.4294846250867693463 @ 0
2026-08-28T10:28:37.104739381Z I0828 10:28:37.104715     822 worker_op_dispatcher.cc:4605] Component is not loaded yet; deferring unload until load completes: jit_count_nonzero.15995949837485656625 @ 0
2026-08-28T10:28:37.104788600Z I0828 10:28:37.104769     822 worker_op_dispatcher.cc:4605] Component is not loaded yet; deferring unload until load completes: jit_count_nonzero.14768284516790631870 @ 0
2026-08-28T10:28:37.104803187Z I0828 10:28:37.104787     822 worker_op_dispatcher.cc:4605] Component is not loaded yet; deferring unload until load completes: jit__gradient_diagnostics.5598368294899625107 @ 0
2026-08-28T10:28:37.104861034Z I0828 10:28:37.104842     822 worker_op_dispatcher.cc:4605] Component is not loaded yet; deferring unload until load completes: jit__gradient_finite_flags.12319883060084965963 @ 0
2026-08-28T10:28:37.104939114Z I0828 10:28:37.104891     822 worker_op_dispatcher.cc:4605] Component is not loaded yet; deferring unload until load completes: jit_compare_local.4294846250867692301 @ 0
2026-08-28T10:28:37.105042439Z I0828 10:28:37.104999    6891 server_lib.cc:743] Unloading component jit__gradient_finite_flags.12319883060084965963 @ 0 at worker
2026-08-28T10:28:37.105260864Z I0828 10:28:37.105108    1534 server_lib.cc:743] Unloading component jit_zt_ro_logprob_gather.5009576107440552694 @ 0 at worker
2026-08-28T10:28:37.105271850Z I0828 10:28:37.105186    1547 server_lib.cc:743] Unloading component jit_zt_tr_dp_parallel_bwd_adjoint.5598368294899623276 @ 0 at worker
2026-08-28T10:28:37.105275983Z I0828 10:28:37.105203    1531 server_lib.cc:743] Unloading component jit_count_nonzero.4294846250867693463 @ 0 at worker
2026-08-28T10:28:37.105279226Z I0828 10:28:37.105210    6883 server_lib.cc:743] Unloading component jit_count_nonzero.14768284516790629819 @ 0 at worker
2026-08-28T10:28:37.105295763Z I0828 10:28:37.105227    6886 server_lib.cc:743] Unloading component jit_count_nonzero.15995949837485656625 @ 0 at worker
2026-08-28T10:28:37.105315627Z I0828 10:28:37.105253    1539 server_lib.cc:743] Unloading component jit_count_nonzero.14768284516790631870 @ 0 at worker
2026-08-28T10:28:37.105320231Z I0828 10:28:37.105242    1531 server_lib.cc:743] Unloading component jit__gradient_diagnostics.5598368294899625107 @ 0 at worker
2026-08-28T10:28:37.105341890Z I0828 10:28:37.105266     822 worker_op_dispatcher.cc:4605] Component is not loaded yet; deferring unload until load completes: jit_tree_numeric_stats.14768284516790629129 @ 0
2026-08-28T10:28:37.105362398Z I0828 10:28:37.105279     822 worker_op_dispatcher.cc:4605] Component is not loaded yet; deferring unload until load completes: jit_clip.5598368294899625685 @ 0
2026-08-28T10:28:37.105365356Z I0828 10:28:37.105288     822 worker_op_dispatcher.cc:4605] Component is not loaded yet; deferring unload until load completes: jit__canon_fused_decode_logprob_chunk.3658920302745356754 @ 0
2026-08-28T10:28:37.105368141Z I0828 10:28:37.105285    1534 server_lib.cc:743] Unloading component jit_tree_numeric_stats.14768284516790629129 @ 0 at worker
2026-08-28T10:28:37.105370111Z I0828 10:28:37.105295    1523 server_lib.cc:743] Unloading component jit_compare_local.4294846250867692301 @ 0 at worker
2026-08-28T10:28:37.105373073Z I0828 10:28:37.105298     822 worker_op_dispatcher.cc:4605] Component is not loaded yet; deferring unload until load completes: jit__canon_fused_decode_logprob_chunk.17152593400471993874 @ 0
2026-08-28T10:28:37.105375091Z I0828 10:28:37.105321     822 worker_op_dispatcher.cc:4605] Component is not loaded yet; deferring unload until load completes: jit__canon_fused_decode_logprob_chunk.12553407529559190006 @ 0
2026-08-28T10:28:37.105385443Z I0828 10:28:37.105310    6884 server_lib.cc:743] Unloading component jit__canon_fused_decode_logprob_chunk.3658920302745356754 @ 0 at worker
2026-08-28T10:28:37.105387599Z I0828 10:28:37.105323    6887 server_lib.cc:743] Unloading component jit__canon_fused_decode_logprob_chunk.17152593400471993874 @ 0 at worker
2026-08-28T10:28:37.105389657Z I0828 10:28:37.105331     822 worker_op_dispatcher.cc:4605] Component is not loaded yet; deferring unload until load completes: jit__canon_fused_decode_logprob_chunk.11021083957486997776 @ 0
2026-08-28T10:28:37.105394906Z I0828 10:28:37.105325    1539 server_lib.cc:743] Unloading component jit_clip.5598368294899625685 @ 0 at worker
2026-08-28T10:28:37.105398197Z I0828 10:28:37.105353     822 worker_op_dispatcher.cc:4605] Component is not loaded yet; deferring unload until load completes: jit__compute_active_mask.10416149044182841698 @ 0
2026-08-28T10:28:37.105400224Z I0828 10:28:37.105339    1523 server_lib.cc:743] Unloading component jit__canon_fused_decode_logprob_chunk.12553407529559190006 @ 0 at worker
2026-08-28T10:28:37.105402197Z I0828 10:28:37.105361    6884 server_lib.cc:743] Unloading component jit__canon_fused_decode_logprob_chunk.11021083957486997776 @ 0 at worker
2026-08-28T10:28:37.105404030Z I0828 10:28:37.105362     822 worker_op_dispatcher.cc:4605] Component is not loaded yet; deferring unload until load completes: jit__compute_active_mask.6774095956947438990 @ 0
2026-08-28T10:28:37.105405993Z I0828 10:28:37.105372    1547 server_lib.cc:743] Unloading component jit__compute_active_mask.10416149044182841698 @ 0 at worker
2026-08-28T10:28:37.105407927Z I0828 10:28:37.105376     822 worker_op_dispatcher.cc:4605] Component is not loaded yet; deferring unload until load completes: jit__compute_active_mask.14768284516790630232 @ 0
2026-08-28T10:28:37.105432920Z I0828 10:28:37.105392     822 worker_op_dispatcher.cc:4605] Component is not loaded yet; deferring unload until load completes: jit__precomputed_gradient_scaled_step.15995949837485657494 @ 0
2026-08-28T10:28:37.105441047Z I0828 10:28:37.105400    6883 server_lib.cc:743] Unloading component jit__compute_active_mask.6774095956947438990 @ 0 at worker
2026-08-28T10:28:37.105444083Z I0828 10:28:37.105407     822 worker_op_dispatcher.cc:4605] Component is not loaded yet; deferring unload until load completes: jit__compute_active_mask.12319883060084967998 @ 0
2026-08-28T10:28:37.105446903Z I0828 10:28:37.105394    1523 server_lib.cc:743] Unloading component jit__compute_active_mask.14768284516790630232 @ 0 at worker
2026-08-28T10:28:37.105460071Z I0828 10:28:37.105415     822 worker_op_dispatcher.cc:4605] Component is not loaded yet; deferring unload until load completes: jit_take_along_axis.15988940423104942707 @ 0
2026-08-28T10:28:37.105465363Z I0828 10:28:37.105412    6854 server_lib.cc:743] Unloading component jit__precomputed_gradient_scaled_step.15995949837485657494 @ 0 at worker
2026-08-28T10:28:37.105468053Z I0828 10:28:37.105425     822 worker_op_dispatcher.cc:4605] Component is not loaded yet; deferring unload until load completes: jit_zt_tr_fwd_logprob.15988940423104944906 @ 0
2026-08-28T10:28:37.105470410Z I0828 10:28:37.105452    1529 server_lib.cc:743] Unloading component jit__compute_active_mask.12319883060084967998 @ 0 at worker
2026-08-28T10:28:37.105474396Z I0828 10:28:37.105449    6891 server_lib.cc:743] Unloading component jit_take_along_axis.15988940423104942707 @ 0 at worker
2026-08-28T10:28:37.105532439Z I0828 10:28:37.105477     822 worker_op_dispatcher.cc:4605] Component is not loaded yet; deferring unload until load completes: jit_zt_tr_grad_tree_start.15988940423104945760 @ 0
2026-08-28T10:28:37.105538233Z I0828 10:28:37.105481    1529 server_lib.cc:743] Unloading component jit_zt_tr_fwd_logprob.15988940423104944906 @ 0 at worker
2026-08-28T10:28:37.105540189Z I0828 10:28:37.105497     822 worker_op_dispatcher.cc:4605] Component is not loaded yet; deferring unload until load completes: jit_zt_tr_fwd_layer.10416149044182842396 @ 0
2026-08-28T10:28:37.105564956Z I0828 10:28:37.105497    6891 server_lib.cc:743] Unloading component jit_zt_tr_grad_tree_start.15988940423104945760 @ 0 at worker
2026-08-28T10:28:37.105581614Z I0828 10:28:37.105531     822 worker_op_dispatcher.cc:4605] Component is not loaded yet; deferring unload until load completes: jit_equal.5598368294899625541 @ 0
2026-08-28T10:28:37.105584626Z I0828 10:28:37.105542     822 worker_op_dispatcher.cc:4605] Component is not loaded yet; deferring unload until load completes: jit__identity_fn.15988940423104945625 @ 0
2026-08-28T10:28:37.105587633Z I0828 10:28:37.105531    1529 server_lib.cc:743] Unloading component jit_zt_tr_fwd_layer.10416149044182842396 @ 0 at worker
2026-08-28T10:28:37.105590049Z I0828 10:28:37.105549     822 worker_op_dispatcher.cc:4605] Component is not loaded yet; deferring unload until load completes: jit_zt_tr_fwd_head.15988940423104945375 @ 0
2026-08-28T10:28:37.105596253Z I0828 10:28:37.105571    1539 server_lib.cc:743] Unloading component jit__identity_fn.15988940423104945625 @ 0 at worker
2026-08-28T10:28:37.105598301Z I0828 10:28:37.105569    6889 server_lib.cc:743] Unloading component jit_zt_tr_fwd_head.15988940423104945375 @ 0 at worker
2026-08-28T10:28:37.105691263Z I0828 10:28:37.105573    1521 server_lib.cc:743] Unloading component jit_equal.5598368294899625541 @ 0 at worker
2026-08-28T10:28:37.105708246Z I0828 10:28:37.105631     822 worker_op_dispatcher.cc:4605] Component is not loaded yet; deferring unload until load completes: jit_zt_tr_dp_parallel_bwd_norm.15988940423104945270 @ 0
2026-08-28T10:28:37.105816999Z I0828 10:28:37.105701    1523 server_lib.cc:743] Unloading component jit_zt_tr_dp_parallel_bwd_norm.15988940423104945270 @ 0 at worker
2026-08-28T10:28:37.105951733Z I0828 10:28:37.105862     822 worker_op_dispatcher.cc:4605] Component is not loaded yet; deferring unload until load completes: jit_zt_tr_dp_parallel_bwd_layer_35.5598368294899622028 @ 0
2026-08-28T10:28:37.105959120Z I0828 10:28:37.105905    1523 server_lib.cc:743] Unloading component jit_zt_tr_dp_parallel_bwd_layer_35.5598368294899622028 @ 0 at worker
2026-08-28T10:28:37.106025666Z I0828 10:28:37.105978     822 worker_op_dispatcher.cc:4605] Component is not loaded yet; deferring unload until load completes: jit_zt_tr_dp_parallel_bwd_layer_34.15988940423104944801 @ 0
2026-08-28T10:28:37.106044961Z I0828 10:28:37.105992     822 worker_op_dispatcher.cc:4605] Component is not loaded yet; deferring unload until load completes: jit_zt_tr_dp_parallel_bwd_layer_31.5598368294899625690 @ 0
2026-08-28T10:28:37.106047650Z I0828 10:28:37.106002     822 worker_op_dispatcher.cc:4605] Component is not loaded yet; deferring unload until load completes: jit_zt_tr_dp_parallel_bwd_layer_30.15988940423104943863 @ 0
2026-08-28T10:28:37.106049946Z I0828 10:28:37.106011     822 worker_op_dispatcher.cc:4605] Component is not loaded yet; deferring unload until load completes: jit_zt_tr_dp_parallel_bwd_layer_27.5598368294899625256 @ 0
2026-08-28T10:28:37.106057573Z I0828 10:28:37.106014    1523 server_lib.cc:743] Unloading component jit_zt_tr_dp_parallel_bwd_layer_34.15988940423104944801 @ 0 at worker
2026-08-28T10:28:37.106060916Z I0828 10:28:37.106018     822 worker_op_dispatcher.cc:4605] Component is not loaded yet; deferring unload until load completes: jit_zt_tr_dp_parallel_bwd_layer_23.5598368294899624822 @ 0
2026-08-28T10:28:37.106063307Z I0828 10:28:37.106031    1528 server_lib.cc:743] Unloading component jit_zt_tr_dp_parallel_bwd_layer_27.5598368294899625256 @ 0 at worker
2026-08-28T10:28:37.106067701Z I0828 10:28:37.106045    1529 server_lib.cc:743] Unloading component jit_zt_tr_dp_parallel_bwd_layer_30.15988940423104943863 @ 0 at worker
2026-08-28T10:28:37.106260261Z I0828 10:28:37.106165    6893 server_lib.cc:743] Unloading component jit_zt_tr_dp_parallel_bwd_layer_31.5598368294899625690 @ 0 at worker
2026-08-28T10:28:37.106278279Z I0828 10:28:37.106211     822 worker_op_dispatcher.cc:4605] Component is not loaded yet; deferring unload until load completes: jit_zt_tr_dp_parallel_bwd_layer_20.15988940423104945614 @ 0
2026-08-28T10:28:37.106287657Z I0828 10:28:37.106225     822 worker_op_dispatcher.cc:4605] Component is not loaded yet; deferring unload until load completes: jit_zt_tr_dp_parallel_bwd_layer_19.5598368294899624388 @ 0
2026-08-28T10:28:37.106290153Z I0828 10:28:37.106228    6893 server_lib.cc:743] Unloading component jit_zt_tr_dp_parallel_bwd_layer_23.5598368294899624822 @ 0 at worker
2026-08-28T10:28:37.106292446Z I0828 10:28:37.106248     822 worker_op_dispatcher.cc:4605] Component is not loaded yet; deferring unload until load completes: jit_zt_tr_dp_parallel_bwd_layer_16.15988940423104944676 @ 0
2026-08-28T10:28:37.106294494Z I0828 10:28:37.106251    1528 server_lib.cc:743] Unloading component jit_zt_tr_dp_parallel_bwd_layer_19.5598368294899624388 @ 0 at worker
2026-08-28T10:28:37.106296654Z I0828 10:28:37.106258     822 worker_op_dispatcher.cc:4605] Component is not loaded yet; deferring unload until load completes: jit_zt_tr_dp_parallel_bwd_layer_13.5598368294899625785 @ 0
2026-08-28T10:28:37.106298639Z I0828 10:28:37.106241    6867 server_lib.cc:743] Unloading component jit_zt_tr_dp_parallel_bwd_layer_20.15988940423104945614 @ 0 at worker
2026-08-28T10:28:37.106300577Z I0828 10:28:37.106269     822 worker_op_dispatcher.cc:4605] Component is not loaded yet; deferring unload until load completes: jit_zt_tr_dp_parallel_bwd_layer_12.15988940423104943738 @ 0
2026-08-28T10:28:37.106328844Z I0828 10:28:37.106269    1523 server_lib.cc:743] Unloading component jit_zt_tr_dp_parallel_bwd_layer_16.15988940423104944676 @ 0 at worker
2026-08-28T10:28:37.106331432Z I0828 10:28:37.106288    6860 server_lib.cc:743] Unloading component jit_zt_tr_dp_parallel_bwd_layer_13.5598368294899625785 @ 0 at worker
2026-08-28T10:28:37.106505674Z I0828 10:28:37.106416    1540 server_lib.cc:743] Unloading component jit_zt_tr_dp_parallel_bwd_layer_12.15988940423104943738 @ 0 at worker
2026-08-28T10:28:37.106533589Z I0828 10:28:37.106429     822 worker_op_dispatcher.cc:4605] Component is not loaded yet; deferring unload until load completes: jit_zt_tr_dp_parallel_bwd_layer_11.5598368294899623520 @ 0
2026-08-28T10:28:37.106542866Z I0828 10:28:37.106459    1540 server_lib.cc:743] Unloading component jit_zt_tr_dp_parallel_bwd_layer_11.5598368294899623520 @ 0 at worker
2026-08-28T10:28:37.106545999Z I0828 10:28:37.106460     822 worker_op_dispatcher.cc:4605] Component is not loaded yet; deferring unload until load completes: jit_zt_tr_dp_parallel_bwd_layer_09.5598368294899625351 @ 0
2026-08-28T10:28:37.106577254Z I0828 10:28:37.106492    6867 server_lib.cc:743] Unloading component jit_zt_tr_dp_parallel_bwd_layer_09.5598368294899625351 @ 0 at worker
2026-08-28T10:28:37.106692969Z I0828 10:28:37.106618     822 worker_op_dispatcher.cc:4605] Component is not loaded yet; deferring unload until load completes: jit_zt_tr_dp_parallel_bwd_layer_05.5598368294899624917 @ 0
2026-08-28T10:28:37.106709930Z I0828 10:28:37.106647     822 worker_op_dispatcher.cc:4605] Component is not loaded yet; deferring unload until load completes: jit_zt_tr_dp_parallel_bwd_layer_01.5598368294899624483 @ 0
2026-08-28T10:28:37.106714189Z I0828 10:28:37.106660     822 worker_op_dispatcher.cc:4605] Component is not loaded yet; deferring unload until load completes: jit_zt_tr_dp_parallel_bwd_embed.5598368294899622218 @ 0
2026-08-28T10:28:37.106726246Z I0828 10:28:37.106680    1540 server_lib.cc:743] Unloading component jit_zt_tr_dp_parallel_bwd_layer_01.5598368294899624483 @ 0 at worker
2026-08-28T10:28:37.106892912Z I0828 10:28:37.106781    6896 server_lib.cc:743] Unloading component jit_zt_tr_dp_parallel_bwd_layer_05.5598368294899624917 @ 0 at worker
2026-08-28T10:28:37.106918473Z I0828 10:28:37.106825    6896 server_lib.cc:743] Unloading component jit_zt_tr_dp_parallel_bwd_embed.5598368294899622218 @ 0 at worker
2026-08-28T10:28:37.106922517Z I0828 10:28:37.106832     822 worker_op_dispatcher.cc:4605] Component is not loaded yet; deferring unload until load completes: jit_zt_tr_grad_assembly.4294846250867694625 @ 0
2026-08-28T10:28:37.106925287Z I0828 10:28:37.106845     822 worker_op_dispatcher.cc:4605] Component is not loaded yet; deferring unload until load completes: jit__reduce_all.4294846250867691996 @ 0
2026-08-28T10:28:37.106929366Z I0828 10:28:37.106855    6896 server_lib.cc:743] Unloading component jit_zt_tr_grad_assembly.4294846250867694625 @ 0 at worker
2026-08-28T10:28:37.106941039Z I0828 10:28:37.106857     822 worker_op_dispatcher.cc:4605] Component is not loaded yet; deferring unload until load completes: jit_count_nonzero.15995949837485657618 @ 0
2026-08-28T10:28:37.106947167Z I0828 10:28:37.106877    1529 server_lib.cc:743] Unloading component jit__reduce_all.4294846250867691996 @ 0 at worker
2026-08-28T10:28:37.106950396Z I0828 10:28:37.106882    1540 server_lib.cc:743] Unloading component jit_count_nonzero.15995949837485657618 @ 0 at worker
2026-08-28T10:28:37.106953093Z I0828 10:28:37.106884     822 worker_op_dispatcher.cc:4605] Component is not loaded yet; deferring unload until load completes: jit_count_nonzero.14768284516790631868 @ 0
2026-08-28T10:28:37.106955593Z I0828 10:28:37.106898     822 worker_op_dispatcher.cc:4605] Component is not loaded yet; deferring unload until load completes: jit_count_nonzero.14768284516790629821 @ 0
2026-08-28T10:28:37.106958262Z I0828 10:28:37.106907     822 worker_op_dispatcher.cc:4605] Component is not loaded yet; deferring unload until load completes: jit_count_nonzero.15995949837485654515 @ 0
2026-08-28T10:28:37.106960429Z I0828 10:28:37.106912    6896 server_lib.cc:743] Unloading component jit_count_nonzero.14768284516790631868 @ 0 at worker
2026-08-28T10:28:37.106966150Z I0828 10:28:37.106917     822 worker_op_dispatcher.cc:4605] Component is not loaded yet; deferring unload until load completes: jit_count_nonzero.15995949837485656501 @ 0
2026-08-28T10:28:37.106970857Z I0828 10:28:37.106923    6867 server_lib.cc:743] Unloading component jit_count_nonzero.14768284516790629821 @ 0 at worker
2026-08-28T10:28:37.107042786Z I0828 10:28:37.107012    6896 server_lib.cc:743] Unloading component jit_count_nonzero.15995949837485654515 @ 0 at worker
2026-08-28T10:28:37.107054133Z I0828 10:28:37.107021     822 worker_op_dispatcher.cc:4605] Component is not loaded yet; deferring unload until load completes: jit_count_nonzero.15995949837485655508 @ 0
2026-08-28T10:28:37.107061979Z I0828 10:28:37.107038    6896 server_lib.cc:743] Unloading component jit_count_nonzero.15995949837485656501 @ 0 at worker
2026-08-28T10:28:37.107249683Z I0828 10:28:37.107180    6898 server_lib.cc:743] Unloading component jit_count_nonzero.15995949837485655508 @ 0 at worker
2026-08-28T10:28:37.107291402Z I0828 10:28:37.107245     822 worker_op_dispatcher.cc:4605] Component is not loaded yet; deferring unload until load completes: jit_reduce_local.4294846250867694930 @ 0
2026-08-28T10:28:37.107296430Z I0828 10:28:37.107260     822 worker_op_dispatcher.cc:4605] Component is not loaded yet; deferring unload until load completes: jit__precomputed_gradient_commit.17684357318100722051 @ 0
2026-08-28T10:28:37.107299813Z I0828 10:28:37.107268     822 worker_op_dispatcher.cc:4605] Component is not loaded yet; deferring unload until load completes: jit__canon_fused_decode_logprob_chunk.15057772157263886952 @ 0
2026-08-28T10:28:37.107302886Z I0828 10:28:37.107276     822 worker_op_dispatcher.cc:4605] Component is not loaded yet; deferring unload until load completes: jit__canon_fused_decode_logprob_chunk.17152593400471993788 @ 0
2026-08-28T10:28:37.107307147Z I0828 10:28:37.107276    1540 server_lib.cc:743] Unloading component jit_reduce_local.4294846250867694930 @ 0 at worker
2026-08-28T10:28:37.107314183Z I0828 10:28:37.107284     822 worker_op_dispatcher.cc:4605] Component is not loaded yet; deferring unload until load completes: jit__compute_active_mask.5144510277878728605 @ 0
2026-08-28T10:28:37.107317003Z I0828 10:28:37.107294     822 worker_op_dispatcher.cc:4605] Component is not loaded yet; deferring unload until load completes: jit__compute_active_mask.4678516978361695249 @ 0
2026-08-28T10:28:37.107346222Z I0828 10:28:37.107296    6884 server_lib.cc:743] Unloading component jit__precomputed_gradient_commit.17684357318100722051 @ 0 at worker
2026-08-28T10:28:37.107350867Z I0828 10:28:37.107306    6897 server_lib.cc:743] Unloading component jit__canon_fused_decode_logprob_chunk.17152593400471993788 @ 0 at worker
2026-08-28T10:28:37.107479302Z I0828 10:28:37.107318    1522 server_lib.cc:743] Unloading component jit__canon_fused_decode_logprob_chunk.15057772157263886952 @ 0 at worker
2026-08-28T10:28:37.107501716Z I0828 10:28:37.107318    6871 server_lib.cc:743] Unloading component jit__compute_active_mask.4678516978361695249 @ 0 at worker
2026-08-28T10:28:37.107505839Z I0828 10:28:37.107328    1535 server_lib.cc:743] Unloading component jit__compute_active_mask.5144510277878728605 @ 0 at worker
2026-08-28T10:28:42.835173807Z I0828 10:28:42.835052    6555 worker_message_distributor.cc:735] Waiting for outstanding sends 0 send thread LocalSender_at_3645308172999029083_0
2026-08-28T10:28:42.835205719Z I0828 10:28:42.835069    6491 worker_message_distributor.cc:735] Waiting for outstanding sends 0 send thread Sender_distributor_3645308172999029083_0_to_3645308172999029083_8
2026-08-28T10:28:42.835209729Z I0828 10:28:42.835084    6549 worker_message_distributor.cc:735] Waiting for outstanding sends 0 send thread Sender_distributor_3645308172999029083_0_to_3645308172999029083_7
2026-08-28T10:28:42.835212402Z I0828 10:28:42.835060    6565 worker_message_distributor.cc:735] Waiting for outstanding sends 0 send thread Sender_distributor_3645308172999029083_0_to_3645308172999029083_15
2026-08-28T10:28:42.835214946Z I0828 10:28:42.835086    6486 worker_message_distributor.cc:735] Waiting for outstanding sends 0 send thread Sender_distributor_3645308172999029083_0_to_3645308172999029083_10
2026-08-28T10:28:42.835226398Z I0828 10:28:42.835093    3080 worker_message_distributor.cc:735] Waiting for outstanding sends 0 send thread Sender_distributor_3645308172999029083_0_to_3645308172999029083_2
2026-08-28T10:28:42.835228842Z I0828 10:28:42.835055    6492 worker_message_distributor.cc:735] Waiting for outstanding sends 0 send thread Sender_distributor_3645308172999029083_0_to_3645308172999029083_1
2026-08-28T10:28:42.835230773Z I0828 10:28:42.835063    6488 worker_message_distributor.cc:735] Waiting for outstanding sends 0 send thread Sender_distributor_3645308172999029083_0_to_3645308172999029083_3
2026-08-28T10:28:42.835232918Z I0828 10:28:42.835075     882 worker_message_distributor.cc:2308] Waiting for all peers to exit distributor_3645308172999029083_0
2026-08-28T10:28:42.835235854Z I0828 10:28:42.835137     807 worker_message_distributor.cc:1073] Exiting send thread Sender_distributor_3645308172999029083_0_to_3645308172999029083_15
2026-08-28T10:28:42.835245380Z I0828 10:28:42.835105    6575 worker_message_distributor.cc:735] Waiting for outstanding sends 0 send thread Sender_distributor_3645308172999029083_0_to_3645308172999029083_14
2026-08-28T10:28:42.835248058Z I0828 10:28:42.835097    6554 worker_message_distributor.cc:735] Waiting for outstanding sends 0 send thread Sender_distributor_3645308172999029083_0_to_3645308172999029083_6
2026-08-28T10:28:42.835251414Z I0828 10:28:42.835153     821 worker_message_distributor.cc:1073] Exiting send thread Sender_distributor_3645308172999029083_0_to_3645308172999029083_1
2026-08-28T10:28:42.835253852Z I0828 10:28:42.835104    6579 worker_message_distributor.cc:735] Waiting for outstanding sends 0 send thread Sender_distributor_3645308172999029083_0_to_3645308172999029083_9
2026-08-28T10:28:42.835255983Z I0828 10:28:42.835171    6565 worker_message_distributor.cc:741] Finished shutdown send thread Sender_distributor_3645308172999029083_0_to_3645308172999029083_15
2026-08-28T10:28:42.835258582Z I0828 10:28:42.835100    3062 worker_message_distributor.cc:735] Waiting for outstanding sends 0 send thread Sender_distributor_3645308172999029083_0_to_3645308172999029083_11
2026-08-28T10:28:42.835261529Z I0828 10:28:42.835177     808 worker_message_distributor.cc:1073] Exiting send thread Sender_distributor_3645308172999029083_0_to_3645308172999029083_14
2026-08-28T10:28:42.835263989Z I0828 10:28:42.835184     816 worker_message_distributor.cc:1073] Exiting send thread Sender_distributor_3645308172999029083_0_to_3645308172999029083_6
2026-08-28T10:28:42.835331558Z I0828 10:28:42.835094    6546 worker_message_distributor.cc:735] Waiting for outstanding sends 0 send thread Sender_distributor_3645308172999029083_0_to_3645308172999029083_13
2026-08-28T10:28:42.835367116Z I0828 10:28:42.835180    6565 worker_message_distributor.cc:745] Forwarding exit request to remote next hop 3645308172999029083_15 go/debugonly  
2026-08-28T10:28:42.835372393Z exit_type: EXIT_TYPE_QUICK_RESTART
2026-08-28T10:28:42.835375394Z reason: "Client 16824131835947578028 has died, and was configured to restart servers if it died."
2026-08-28T10:28:42.835378006Z I0828 10:28:42.835212    6575 worker_message_distributor.cc:741] Finished shutdown send thread Sender_distributor_3645308172999029083_0_to_3645308172999029083_14
2026-08-28T10:28:42.835380618Z I0828 10:28:42.835208     811 worker_message_distributor.cc:1073] Exiting send thread Sender_distributor_3645308172999029083_0_to_3645308172999029083_11
2026-08-28T10:28:42.835383089Z I0828 10:28:42.835055    6568 worker_message_distributor.cc:735] Waiting for outstanding sends 0 send thread Sender_distributor_3645308172999029083_0_to_3645308172999029083_5
2026-08-28T10:28:42.835385611Z I0828 10:28:42.835138     812 worker_message_distributor.cc:1073] Exiting send thread Sender_distributor_3645308172999029083_0_to_3645308172999029083_10
2026-08-28T10:28:42.835387972Z I0828 10:28:42.835216    6575 worker_message_distributor.cc:745] Forwarding exit request to remote next hop 3645308172999029083_14 go/debugonly  
2026-08-28T10:28:42.835401875Z exit_type: EXIT_TYPE_QUICK_RESTART
2026-08-28T10:28:42.835403923Z reason: "Client 16824131835947578028 has died, and was configured to restart servers if it died."
2026-08-28T10:28:42.835405916Z I0828 10:28:42.835237     809 worker_message_distributor.cc:1073] Exiting send thread Sender_distributor_3645308172999029083_0_to_3645308172999029083_13
2026-08-28T10:28:42.835407969Z I0828 10:28:42.835244    3062 worker_message_distributor.cc:741] Finished shutdown send thread Sender_distributor_3645308172999029083_0_to_3645308172999029083_11
2026-08-28T10:28:42.835409965Z I0828 10:28:42.835160     819 worker_message_distributor.cc:1073] Exiting send thread Sender_distributor_3645308172999029083_0_to_3645308172999029083_3
2026-08-28T10:28:42.835412254Z I0828 10:28:42.835146     820 worker_message_distributor.cc:1073] Exiting send thread Sender_distributor_3645308172999029083_0_to_3645308172999029083_2
2026-08-28T10:28:42.835414437Z I0828 10:28:42.835265    6486 worker_message_distributor.cc:741] Finished shutdown send thread Sender_distributor_3645308172999029083_0_to_3645308172999029083_10
2026-08-28T10:28:42.835416661Z I0828 10:28:42.835266     817 worker_message_distributor.cc:1073] Exiting send thread Sender_distributor_3645308172999029083_0_to_3645308172999029083_5
2026-08-28T10:28:42.835418734Z I0828 10:28:42.835113     814 worker_message_distributor.cc:1073] Exiting send thread Sender_distributor_3645308172999029083_0_to_3645308172999029083_8
2026-08-28T10:28:42.835433755Z I0828 10:28:42.835090    3190 worker_message_distributor.cc:735] Waiting for outstanding sends 0 send thread Sender_distributor_3645308172999029083_0_to_3645308172999029083_4
2026-08-28T10:28:42.835435845Z I0828 10:28:42.835294    6568 worker_message_distributor.cc:741] Finished shutdown send thread Sender_distributor_3645308172999029083_0_to_3645308172999029083_5
2026-08-28T10:28:42.835437813Z I0828 10:28:42.835192    6492 worker_message_distributor.cc:741] Finished shutdown send thread Sender_distributor_3645308172999029083_0_to_3645308172999029083_1
2026-08-28T10:28:42.835439614Z I0828 10:28:42.835306    6491 worker_message_distributor.cc:741] Finished shutdown send thread Sender_distributor_3645308172999029083_0_to_3645308172999029083_8
2026-08-28T10:28:42.835441691Z I0828 10:28:42.835305    6492 worker_message_distributor.cc:745] Forwarding exit request to remote next hop 3645308172999029083_1 go/debugonly  
2026-08-28T10:28:42.835443889Z exit_type: EXIT_TYPE_QUICK_RESTART
2026-08-28T10:28:42.835445753Z reason: "Client 16824131835947578028 has died, and was configured to restart servers if it died."
2026-08-28T10:28:42.835451966Z I0828 10:28:42.835121     815 worker_message_distributor.cc:1073] Exiting send thread Sender_distributor_3645308172999029083_0_to_3645308172999029083_7
2026-08-28T10:28:42.835454555Z I0828 10:28:42.835314    6491 worker_message_distributor.cc:745] Forwarding exit request to remote next hop 3645308172999029083_8 go/debugonly  
2026-08-28T10:28:42.835456762Z exit_type: EXIT_TYPE_QUICK_RESTART
2026-08-28T10:28:42.835458712Z reason: "Client 16824131835947578028 has died, and was configured to restart servers if it died."
2026-08-28T10:28:42.835461192Z I0828 10:28:42.835201     813 worker_message_distributor.cc:1073] Exiting send thread Sender_distributor_3645308172999029083_0_to_3645308172999029083_9
2026-08-28T10:28:42.835469542Z I0828 10:28:42.835071    3048 worker_message_distributor.cc:735] Waiting for outstanding sends 0 send thread Sender_distributor_3645308172999029083_0_to_3645308172999029083_12
2026-08-28T10:28:42.835471468Z I0828 10:28:42.835351    6549 worker_message_distributor.cc:741] Finished shutdown send thread Sender_distributor_3645308172999029083_0_to_3645308172999029083_7
2026-08-28T10:28:42.835476959Z I0828 10:28:42.835253    3062 worker_message_distributor.cc:745] Forwarding exit request to remote next hop 3645308172999029083_11 go/debugonly  
2026-08-28T10:28:42.835479520Z exit_type: EXIT_TYPE_QUICK_RESTART
2026-08-28T10:28:42.835481544Z reason: "Client 16824131835947578028 has died, and was configured to restart servers if it died."
2026-08-28T10:28:42.835483455Z I0828 10:28:42.835355    6549 worker_message_distributor.cc:745] Forwarding exit request to remote next hop 3645308172999029083_7 go/debugonly  
2026-08-28T10:28:42.835485434Z exit_type: EXIT_TYPE_QUICK_RESTART
2026-08-28T10:28:42.835487393Z reason: "Client 16824131835947578028 has died, and was configured to restart servers if it died."
2026-08-28T10:28:42.835489871Z I0828 10:28:42.835372     810 worker_message_distributor.cc:1073] Exiting send thread Sender_distributor_3645308172999029083_0_to_3645308172999029083_12
2026-08-28T10:28:42.835492715Z I0828 10:28:42.835276    6546 worker_message_distributor.cc:741] Finished shutdown send thread Sender_distributor_3645308172999029083_0_to_3645308172999029083_13
2026-08-28T10:28:42.835495037Z I0828 10:28:42.835402    3048 worker_message_distributor.cc:741] Finished shutdown send thread Sender_distributor_3645308172999029083_0_to_3645308172999029083_12
2026-08-28T10:28:42.835497570Z I0828 10:28:42.835396    6546 worker_message_distributor.cc:745] Forwarding exit request to remote next hop 3645308172999029083_13 go/debugonly  
2026-08-28T10:28:42.835499965Z exit_type: EXIT_TYPE_QUICK_RESTART
2026-08-28T10:28:42.835501818Z reason: "Client 16824131835947578028 has died, and was configured to restart servers if it died."
2026-08-28T10:28:42.835503713Z I0828 10:28:42.835269    6486 worker_message_distributor.cc:745] Forwarding exit request to remote next hop 3645308172999029083_10 go/debugonly  
2026-08-28T10:28:42.835505567Z exit_type: EXIT_TYPE_QUICK_RESTART
2026-08-28T10:28:42.835507691Z reason: "Client 16824131835947578028 has died, and was configured to restart servers if it died."
2026-08-28T10:28:42.835509842Z I0828 10:28:42.835407    3048 worker_message_distributor.cc:745] Forwarding exit request to remote next hop 3645308172999029083_12 go/debugonly  
2026-08-28T10:28:42.835511736Z exit_type: EXIT_TYPE_QUICK_RESTART
2026-08-28T10:28:42.835513654Z reason: "Client 16824131835947578028 has died, and was configured to restart servers if it died."
2026-08-28T10:28:42.835554377Z I0828 10:28:42.835285    6488 worker_message_distributor.cc:741] Finished shutdown send thread Sender_distributor_3645308172999029083_0_to_3645308172999029083_3
2026-08-28T10:28:42.835561878Z I0828 10:28:42.835288    3080 worker_message_distributor.cc:741] Finished shutdown send thread Sender_distributor_3645308172999029083_0_to_3645308172999029083_2
2026-08-28T10:28:42.835564993Z I0828 10:28:42.835457    3080 worker_message_distributor.cc:745] Forwarding exit request to remote next hop 3645308172999029083_2 go/debugonly  
2026-08-28T10:28:42.835567489Z exit_type: EXIT_TYPE_QUICK_RESTART
2026-08-28T10:28:42.835570048Z reason: "Client 16824131835947578028 has died, and was configured to restart servers if it died."
2026-08-28T10:28:42.835573318Z I0828 10:28:42.835297    6568 worker_message_distributor.cc:745] Forwarding exit request to remote next hop 3645308172999029083_5 go/debugonly  
2026-08-28T10:28:42.835575946Z exit_type: EXIT_TYPE_QUICK_RESTART
2026-08-28T10:28:42.835578153Z reason: "Client 16824131835947578028 has died, and was configured to restart servers if it died."
2026-08-28T10:28:42.835582498Z I0828 10:28:42.835117     822 worker_message_distributor.cc:1073] Exiting send thread LocalSender_at_3645308172999029083_0
2026-08-28T10:28:42.835584890Z I0828 10:28:42.835319     818 worker_message_distributor.cc:1073] Exiting send thread Sender_distributor_3645308172999029083_0_to_3645308172999029083_4
2026-08-28T10:28:42.835590049Z I0828 10:28:42.835533    6555 worker_message_distributor.cc:741] Finished shutdown send thread LocalSender_at_3645308172999029083_0
2026-08-28T10:28:42.835592151Z I0828 10:28:42.835216    6554 worker_message_distributor.cc:741] Finished shutdown send thread Sender_distributor_3645308172999029083_0_to_3645308172999029083_6
2026-08-28T10:28:42.835596223Z I0828 10:28:42.835563    3190 worker_message_distributor.cc:741] Finished shutdown send thread Sender_distributor_3645308172999029083_0_to_3645308172999029083_4
2026-08-28T10:28:42.835601324Z I0828 10:28:42.835362    6579 worker_message_distributor.cc:741] Finished shutdown send thread Sender_distributor_3645308172999029083_0_to_3645308172999029083_9
2026-08-28T10:28:42.835603542Z I0828 10:28:42.835568    3190 worker_message_distributor.cc:745] Forwarding exit request to remote next hop 3645308172999029083_4 go/debugonly  
2026-08-28T10:28:42.835605737Z exit_type: EXIT_TYPE_QUICK_RESTART
2026-08-28T10:28:42.835608181Z reason: "Client 16824131835947578028 has died, and was configured to restart servers if it died."
2026-08-28T10:28:42.835628386Z I0828 10:28:42.835580    6579 worker_message_distributor.cc:745] Forwarding exit request to remote next hop 3645308172999029083_9 go/debugonly  
2026-08-28T10:28:42.835647175Z exit_type: EXIT_TYPE_QUICK_RESTART
2026-08-28T10:28:42.835650396Z reason: "Client 16824131835947578028 has died, and was configured to restart servers if it died."
2026-08-28T10:28:42.835657802Z I0828 10:28:42.835560    6554 worker_message_distributor.cc:745] Forwarding exit request to remote next hop 3645308172999029083_6 go/debugonly  
2026-08-28T10:28:42.835659987Z exit_type: EXIT_TYPE_QUICK_RESTART
2026-08-28T10:28:42.835662246Z reason: "Client 16824131835947578028 has died, and was configured to restart servers if it died."
2026-08-28T10:28:42.835664429Z I0828 10:28:42.835435    6488 worker_message_distributor.cc:745] Forwarding exit request to remote next hop 3645308172999029083_3 go/debugonly  
2026-08-28T10:28:42.835666725Z exit_type: EXIT_TYPE_QUICK_RESTART
2026-08-28T10:28:42.835668831Z reason: "Client 16824131835947578028 has died, and was configured to restart servers if it died."
2026-08-28T10:28:42.899399243Z I0828 10:28:42.899317    6727 pipe_grpc.cc:174] Client RPC done with error status: UNAVAILABLE: Stream removed (Socket closed)
2026-08-28T10:28:42.899412958Z === Source Location Trace: ===
2026-08-28T10:28:42.899416591Z third_party/tensorflow/compiler/xla/pjrt/distributed/util.h:28
2026-08-28T10:28:42.899452473Z I0828 10:28:42.899410    6638 pipe_grpc.cc:174] Client RPC done with error status: UNAVAILABLE: Stream removed (Socket closed)
2026-08-28T10:28:42.899459197Z === Source Location Trace: ===
2026-08-28T10:28:42.899462177Z third_party/tensorflow/compiler/xla/pjrt/distributed/util.h:28
2026-08-28T10:28:42.899536830Z I0828 10:28:42.899492    6727 backoff.cc:114] Using --util_time_backoff_seed=652614646
2026-08-28T10:28:42.900544850Z I0828 10:28:42.900495    6714 pipe_grpc.cc:174] Client RPC done with error status: UNAVAILABLE: Stream removed (Socket closed)
2026-08-28T10:28:42.900569366Z === Source Location Trace: ===
2026-08-28T10:28:42.900572920Z third_party/tensorflow/compiler/xla/pjrt/distributed/util.h:28
2026-08-28T10:28:42.901502976Z I0828 10:28:42.901422    6411 pipe_grpc.cc:174] Client RPC done with error status: UNAVAILABLE: Stream removed (Socket closed)
2026-08-28T10:28:42.901516012Z === Source Location Trace: ===
2026-08-28T10:28:42.901531692Z third_party/tensorflow/compiler/xla/pjrt/distributed/util.h:28
2026-08-28T10:28:42.901599780Z I0828 10:28:42.901555    6641 pipe_grpc.cc:174] Client RPC done with error status: UNAVAILABLE: Stream removed (Socket closed)
2026-08-28T10:28:42.901631006Z === Source Location Trace: ===
2026-08-28T10:28:42.901635832Z third_party/tensorflow/compiler/xla/pjrt/distributed/util.h:28
2026-08-28T10:28:42.901642556Z I0828 10:28:42.901588    6633 pipe_grpc.cc:174] Client RPC done with error status: UNAVAILABLE: Stream removed (Socket closed)
2026-08-28T10:28:42.901647453Z === Source Location Trace: ===
2026-08-28T10:28:42.901651696Z third_party/tensorflow/compiler/xla/pjrt/distributed/util.h:28
2026-08-28T10:28:42.901778502Z I0828 10:28:42.901716    6664 pipe_grpc.cc:174] Client RPC done with error status: UNAVAILABLE: Stream removed (Socket closed)
2026-08-28T10:28:42.901799779Z === Source Location Trace: ===
2026-08-28T10:28:42.901803560Z third_party/tensorflow/compiler/xla/pjrt/distributed/util.h:28
2026-08-28T10:28:42.901806370Z I0828 10:28:42.901734    6736 pipe_grpc.cc:174] Client RPC done with error status: UNAVAILABLE: Stream removed (Socket closed)
2026-08-28T10:28:42.901809026Z === Source Location Trace: ===
2026-08-28T10:28:42.901811390Z third_party/tensorflow/compiler/xla/pjrt/distributed/util.h:28
2026-08-28T10:28:42.903598076Z I0828 10:28:42.903542    6651 pipe_grpc.cc:174] Client RPC done with error status: UNAVAILABLE: Stream removed (Socket closed)
2026-08-28T10:28:42.903611319Z === Source Location Trace: ===
2026-08-28T10:28:42.903614984Z third_party/tensorflow/compiler/xla/pjrt/distributed/util.h:28
2026-08-28T10:28:42.903667647Z I0828 10:28:42.903631    6714 pipe_grpc.cc:174] Client RPC done with error status: UNAVAILABLE: Stream removed (Socket closed)
2026-08-28T10:28:42.903675906Z === Source Location Trace: ===
2026-08-28T10:28:42.903679009Z third_party/tensorflow/compiler/xla/pjrt/distributed/util.h:28
2026-08-28T10:28:42.904533785Z I0828 10:28:42.904482    6411 pipe_grpc.cc:174] Client RPC done with error status: UNAVAILABLE: Stream removed (Socket closed)
2026-08-28T10:28:42.904551024Z === Source Location Trace: ===
2026-08-28T10:28:42.904556328Z third_party/tensorflow/compiler/xla/pjrt/distributed/util.h:28
2026-08-28T10:28:42.904558936Z I0828 10:28:42.904493    6651 pipe_grpc.cc:174] Client RPC done with error status: UNAVAILABLE: Stream removed (Socket closed)
2026-08-28T10:28:42.904562179Z === Source Location Trace: ===
2026-08-28T10:28:42.904564775Z third_party/tensorflow/compiler/xla/pjrt/distributed/util.h:28
2026-08-28T10:28:42.907064014Z I0828 10:28:42.907012    6641 pipe_grpc.cc:174] Client RPC done with error status: UNAVAILABLE: Stream removed (Socket closed)
2026-08-28T10:28:42.907078332Z === Source Location Trace: ===
2026-08-28T10:28:42.907081774Z third_party/tensorflow/compiler/xla/pjrt/distributed/util.h:28
2026-08-28T10:28:42.907578961Z I0828 10:28:42.907482    6633 pipe_grpc.cc:174] Client RPC done with error status: UNAVAILABLE: Stream removed (Socket closed)
2026-08-28T10:28:42.907609360Z === Source Location Trace: ===
2026-08-28T10:28:42.907613993Z third_party/tensorflow/compiler/xla/pjrt/distributed/util.h:28
2026-08-28T10:28:42.910311623Z I0828 10:28:42.910264    6633 pipe_grpc.cc:174] Client RPC done with error status: UNAVAILABLE: Stream removed (Socket closed)
2026-08-28T10:28:42.910323115Z === Source Location Trace: ===
2026-08-28T10:28:42.910326174Z third_party/tensorflow/compiler/xla/pjrt/distributed/util.h:28
2026-08-28T10:28:42.910934021Z I0828 10:28:42.910883    6714 pipe_grpc.cc:174] Client RPC done with error status: UNAVAILABLE: Stream removed (Socket closed)
2026-08-28T10:28:42.910957239Z === Source Location Trace: ===
2026-08-28T10:28:42.910961152Z third_party/tensorflow/compiler/xla/pjrt/distributed/util.h:28
2026-08-28T10:28:42.938880623Z W0828 10:28:42.938064     277 slice_configuration.cc:650] Data link layer on tpu317:pe0:3:p5:z+ has unexpectedly gone down. This is most likely caused by an application VF reset on either side of the link and *not* a physical layer link failure: see go/pxc-link-enable#data-link-dl-description ("the DL can stay up even when the PL is down")
2026-08-28T10:28:42.939326665Z W0828 10:28:42.938489     462 slice_configuration.cc:650] Data link layer on tpu317:pe0:0:p5:x- has unexpectedly gone down. This is most likely caused by an application VF reset on either side of the link and *not* a physical layer link failure: see go/pxc-link-enable#data-link-dl-description ("the DL can stay up even when the PL is down")
2026-08-28T10:28:42.940077013Z W0828 10:28:42.939299     277 slice_configuration.cc:650] Data link layer on tpu317:pe0:3:p3:z- has unexpectedly gone down. This is most likely caused by an application VF reset on either side of the link and *not* a physical layer link failure: see go/pxc-link-enable#data-link-dl-description ("the DL can stay up even when the PL is down")
2026-08-28T10:28:42.946021105Z W0828 10:28:42.945213     277 slice_configuration.cc:650] Data link layer on tpu317:pe0:3:p0:y- has unexpectedly gone down. This is most likely caused by an application VF reset on either side of the link and *not* a physical layer link failure: see go/pxc-link-enable#data-link-dl-description ("the DL can stay up even when the PL is down")
2026-08-28T10:28:43.205542696Z W0828 10:28:43.204720     462 slice_configuration.cc:650] Data link layer on tpu317:pe0:0:p2:z- has unexpectedly gone down. This is most likely caused by an application VF reset on either side of the link and *not* a physical layer link failure: see go/pxc-link-enable#data-link-dl-description ("the DL can stay up even when the PL is down")
2026-08-28T10:28:43.211490137Z W0828 10:28:43.210651     271 slice_configuration.cc:650] Data link layer on tpu317:pe0:1:p5:x- has unexpectedly gone down. This is most likely caused by an application VF reset on either side of the link and *not* a physical layer link failure: see go/pxc-link-enable#data-link-dl-description ("the DL can stay up even when the PL is down")
2026-08-28T10:28:43.213493340Z W0828 10:28:43.212709     271 slice_configuration.cc:650] Data link layer on tpu317:pe0:1:p0:z+ has unexpectedly gone down. This is most likely caused by an application VF reset on either side of the link and *not* a physical layer link failure: see go/pxc-link-enable#data-link-dl-description ("the DL can stay up even when the PL is down")
2026-08-28T10:28:43.223931006Z W0828 10:28:43.223083     272 slice_configuration.cc:650] Data link layer on tpu317:pe0:2:p0:y+ has unexpectedly gone down. This is most likely caused by an application VF reset on either side of the link and *not* a physical layer link failure: see go/pxc-link-enable#data-link-dl-description ("the DL can stay up even when the PL is down")
2026-08-28T10:28:43.477975437Z W0828 10:28:43.477175     272 slice_configuration.cc:650] Data link layer on tpu317:pe0:2:p3:z- has unexpectedly gone down. This is most likely caused by an application VF reset on either side of the link and *not* a physical layer link failure: see go/pxc-link-enable#data-link-dl-description ("the DL can stay up even when the PL is down")
2026-08-28T10:28:43.484297266Z W0828 10:28:43.483495     277 slice_configuration.cc:650] Data link layer on tpu317:pe0:3:p2:x+ has unexpectedly gone down. This is most likely caused by an application VF reset on either side of the link and *not* a physical layer link failure: see go/pxc-link-enable#data-link-dl-description ("the DL can stay up even when the PL is down")
2026-08-28T10:28:43.493543671Z W0828 10:28:43.492726     272 slice_configuration.cc:650] Data link layer on tpu317:pe0:2:p5:z+ has unexpectedly gone down. This is most likely caused by an application VF reset on either side of the link and *not* a physical layer link failure: see go/pxc-link-enable#data-link-dl-description ("the DL can stay up even when the PL is down")
2026-08-28T10:28:43.499909953Z W0828 10:28:43.499100     462 slice_configuration.cc:650] Data link layer on tpu317:pe0:0:p3:y- has unexpectedly gone down. This is most likely caused by an application VF reset on either side of the link and *not* a physical layer link failure: see go/pxc-link-enable#data-link-dl-description ("the DL can stay up even when the PL is down")
2026-08-28T10:28:43.748467389Z W0828 10:28:43.747659     271 slice_configuration.cc:650] Data link layer on tpu317:pe0:1:p2:z- has unexpectedly gone down. This is most likely caused by an application VF reset on either side of the link and *not* a physical layer link failure: see go/pxc-link-enable#data-link-dl-description ("the DL can stay up even when the PL is down")
2026-08-28T10:28:43.757148876Z W0828 10:28:43.756372     272 slice_configuration.cc:650] Data link layer on tpu317:pe0:2:p2:x+ has unexpectedly gone down. This is most likely caused by an application VF reset on either side of the link and *not* a physical layer link failure: see go/pxc-link-enable#data-link-dl-description ("the DL can stay up even when the PL is down")
2026-08-28T10:28:43.772405375Z W0828 10:28:43.771594     271 slice_configuration.cc:650] Data link layer on tpu317:pe0:1:p3:y+ has unexpectedly gone down. This is most likely caused by an application VF reset on either side of the link and *not* a physical layer link failure: see go/pxc-link-enable#data-link-dl-description ("the DL can stay up even when the PL is down")
2026-08-28T10:28:43.780976459Z W0828 10:28:43.780184     462 slice_configuration.cc:650] Data link layer on tpu317:pe0:0:p0:z+ has unexpectedly gone down. This is most likely caused by an application VF reset on either side of the link and *not* a physical layer link failure: see go/pxc-link-enable#data-link-dl-description ("the DL can stay up even when the PL is down")
2026-08-28T10:28:43.807172161Z I0828 10:28:43.807103    6633 pipe_grpc.cc:174] Client RPC done with error status: UNAVAILABLE: failed to connect to all addresses; last error: UNAVAILABLE: ipv4:10.164.0.194:29000: recvmsg: Connection reset by peer (104)
2026-08-28T10:28:43.807193959Z === Source Location Trace: ===
2026-08-28T10:28:43.807197810Z third_party/tensorflow/compiler/xla/pjrt/distributed/util.h:28
2026-08-28T10:28:43.879040214Z I0828 10:28:43.878971    6651 pipe_grpc.cc:174] Client RPC done with error status: UNAVAILABLE: Stream removed (Socket closed)
2026-08-28T10:28:43.879062207Z === Source Location Trace: ===
2026-08-28T10:28:43.879066054Z third_party/tensorflow/compiler/xla/pjrt/distributed/util.h:28
2026-08-28T10:28:43.879076198Z I0828 10:28:43.879019    6736 pipe_grpc.cc:176] Server RPC done with error status: CANCELLED: received grpc cancellation
2026-08-28T10:28:43.879079790Z === Source Location Trace: ===
2026-08-28T10:28:43.879082397Z third_party/pathways/data_parallel/pipe_grpc.cc:185
2026-08-28T10:28:43.981842456Z I0828 10:28:43.981782    6585 pipe_grpc.cc:174] Client RPC done with error status: UNAVAILABLE: failed to connect to all addresses; last error: UNAVAILABLE: ipv4:10.164.0.189:29000: recvmsg: Connection reset by peer (104)
2026-08-28T10:28:43.981854355Z === Source Location Trace: ===
2026-08-28T10:28:43.981859291Z third_party/tensorflow/compiler/xla/pjrt/distributed/util.h:28
2026-08-28T10:28:43.984183073Z I0828 10:28:43.984114    6651 pipe_grpc.cc:174] Client RPC done with error status: UNAVAILABLE: failed to connect to all addresses; last error: UNAVAILABLE: ipv4:10.164.0.190:29000: recvmsg: Connection reset by peer (104)
2026-08-28T10:28:43.984211894Z === Source Location Trace: ===
2026-08-28T10:28:43.984216106Z third_party/tensorflow/compiler/xla/pjrt/distributed/util.h:28
2026-08-28T10:28:43.984617658Z I0828 10:28:43.984546    6803 pipe_grpc.cc:174] Client RPC done with error status: UNAVAILABLE: failed to connect to all addresses; last error: UNAVAILABLE: ipv4:10.164.0.196:29000: recvmsg: Connection reset by peer (104)
2026-08-28T10:28:43.984643771Z === Source Location Trace: ===
2026-08-28T10:28:43.984647211Z third_party/tensorflow/compiler/xla/pjrt/distributed/util.h:28
2026-08-28T10:28:43.984655776Z I0828 10:28:43.984617    6736 pipe_grpc.cc:174] Client RPC done with error status: UNAVAILABLE: failed to connect to all addresses; last error: UNAVAILABLE: ipv4:10.164.0.196:29000: recvmsg: Connection reset by peer (104)
2026-08-28T10:28:43.984660483Z === Source Location Trace: ===
2026-08-28T10:28:43.984664289Z third_party/tensorflow/compiler/xla/pjrt/distributed/util.h:28
2026-08-28T10:28:43.986197959Z I0828 10:28:43.986141    6585 pipe_grpc.cc:174] Client RPC done with error status: UNAVAILABLE: failed to connect to all addresses; last error: UNAVAILABLE: ipv4:10.164.0.182:29000: recvmsg: Connection reset by peer (104)
2026-08-28T10:28:43.986210522Z === Source Location Trace: ===
2026-08-28T10:28:43.986214241Z third_party/tensorflow/compiler/xla/pjrt/distributed/util.h:28
2026-08-28T10:28:43.986804162Z I0828 10:28:43.986761    6651 pipe_grpc.cc:174] Client RPC done with error status: UNAVAILABLE: failed to connect to all addresses; last error: UNAVAILABLE: ipv4:10.164.0.188:29000: recvmsg: Connection reset by peer (104)
2026-08-28T10:28:43.986827141Z === Source Location Trace: ===
2026-08-28T10:28:43.986831340Z third_party/tensorflow/compiler/xla/pjrt/distributed/util.h:28
2026-08-28T10:28:43.988963020Z I0828 10:28:43.988905    6633 pipe_grpc.cc:174] Client RPC done with error status: UNAVAILABLE: failed to connect to all addresses; last error: UNAVAILABLE: ipv4:10.164.0.183:29000: recvmsg: Connection reset by peer (104)
2026-08-28T10:28:43.988979116Z === Source Location Trace: ===
2026-08-28T10:28:43.988982545Z third_party/tensorflow/compiler/xla/pjrt/distributed/util.h:28
2026-08-28T10:28:43.990686860Z I0828 10:28:43.990623    6638 pipe_grpc.cc:174] Client RPC done with error status: UNAVAILABLE: failed to connect to all addresses; last error: UNAVAILABLE: ipv4:10.164.0.199:29000: recvmsg: Connection reset by peer (104)
2026-08-28T10:28:43.990709398Z === Source Location Trace: ===
2026-08-28T10:28:43.990713610Z third_party/tensorflow/compiler/xla/pjrt/distributed/util.h:28
2026-08-28T10:28:43.993804963Z I0828 10:28:43.993751    6803 pipe_grpc.cc:174] Client RPC done with error status: UNAVAILABLE: failed to connect to all addresses; last error: UNAVAILABLE: ipv4:10.164.0.185:29000: recvmsg: Connection reset by peer (104)
2026-08-28T10:28:43.993817338Z === Source Location Trace: ===
2026-08-28T10:28:43.993820223Z third_party/tensorflow/compiler/xla/pjrt/distributed/util.h:28
2026-08-28T10:28:43.995108053Z I0828 10:28:43.995062    6638 pipe_grpc.cc:174] Client RPC done with error status: UNAVAILABLE: failed to connect to all addresses; last error: UNAVAILABLE: ipv4:10.164.0.184:29000: recvmsg: Connection reset by peer (104)
2026-08-28T10:28:43.995123314Z === Source Location Trace: ===
2026-08-28T10:28:43.995126785Z third_party/tensorflow/compiler/xla/pjrt/distributed/util.h:28
2026-08-28T10:28:43.996245813Z I0828 10:28:43.996199    6638 pipe_grpc.cc:174] Client RPC done with error status: UNAVAILABLE: failed to connect to all addresses; last error: UNAVAILABLE: ipv4:10.164.0.187:29000: recvmsg: Connection reset by peer (104)
2026-08-28T10:28:43.996260867Z === Source Location Trace: ===
2026-08-28T10:28:43.996264798Z third_party/tensorflow/compiler/xla/pjrt/distributed/util.h:28
2026-08-28T10:28:44.007882798Z I0828 10:28:44.007831    6638 pipe_grpc.cc:174] Client RPC done with error status: UNAVAILABLE: failed to connect to all addresses; last error: UNAVAILABLE: ipv4:10.164.0.200:29000: recvmsg: Connection reset by peer (104)
2026-08-28T10:28:44.007901438Z === Source Location Trace: ===
2026-08-28T10:28:44.007905914Z third_party/tensorflow/compiler/xla/pjrt/distributed/util.h:28
2026-08-28T10:28:44.016870121Z I0828 10:28:44.016817    6651 pipe_grpc.cc:174] Client RPC done with error status: UNAVAILABLE: failed to connect to all addresses; last error: UNAVAILABLE: ipv4:10.164.0.195:29000: recvmsg: Connection reset by peer (104)
2026-08-28T10:28:44.016887421Z === Source Location Trace: ===
2026-08-28T10:28:44.016890848Z third_party/tensorflow/compiler/xla/pjrt/distributed/util.h:28
2026-08-28T10:28:44.026359435Z I0828 10:28:44.026307    6803 pipe_grpc.cc:174] Client RPC done with error status: UNAVAILABLE: failed to connect to all addresses; last error: UNAVAILABLE: ipv4:10.164.0.198:29000: recvmsg: Connection reset by peer (104)
2026-08-28T10:28:44.026370756Z === Source Location Trace: ===
2026-08-28T10:28:44.026374423Z third_party/tensorflow/compiler/xla/pjrt/distributed/util.h:28
2026-08-28T10:28:44.049247856Z I0828 10:28:44.049196    6441 pipe_grpc.cc:174] Client RPC done with error status: UNAVAILABLE: failed to connect to all addresses; last error: UNKNOWN: ipv4:10.164.0.194:29000: Failed to connect to remote host: Connection refused
2026-08-28T10:28:44.049264363Z === Source Location Trace: ===
2026-08-28T10:28:44.049268317Z third_party/tensorflow/compiler/xla/pjrt/distributed/util.h:28
2026-08-28T10:28:44.086822817Z I0828 10:28:44.086762    6441 pipe_grpc.cc:174] Client RPC done with error status: UNAVAILABLE: failed to connect to all addresses; last error: UNKNOWN: ipv4:10.164.0.119:29001: Failed to connect to remote host: Connection refused
2026-08-28T10:28:44.086843941Z === Source Location Trace: ===
2026-08-28T10:28:44.086847905Z third_party/tensorflow/compiler/xla/pjrt/distributed/util.h:28
2026-08-28T10:28:44.206774637Z I0828 10:28:44.206717    5718 pipe_grpc.cc:174] Client RPC done with error status: UNAVAILABLE: failed to connect to all addresses; last error: UNKNOWN: ipv4:10.164.0.193:29000: Failed to connect to remote host: Connection refused
2026-08-28T10:28:44.206788921Z === Source Location Trace: ===
2026-08-28T10:28:44.206792304Z third_party/tensorflow/compiler/xla/pjrt/distributed/util.h:28
2026-08-28T10:28:44.227864823Z I0828 10:28:44.227817    6441 pipe_grpc.cc:174] Client RPC done with error status: UNAVAILABLE: failed to connect to all addresses; last error: UNKNOWN: ipv4:10.164.0.199:29000: Failed to connect to remote host: Connection refused
2026-08-28T10:28:44.227875430Z === Source Location Trace: ===
2026-08-28T10:28:44.227879418Z third_party/tensorflow/compiler/xla/pjrt/distributed/util.h:28
2026-08-28T10:28:44.228076854Z I0828 10:28:44.228015    6441 pipe_grpc.cc:174] Client RPC done with error status: UNAVAILABLE: failed to connect to all addresses; last error: UNKNOWN: ipv4:10.164.0.189:29000: Failed to connect to remote host: Connection refused
2026-08-28T10:28:44.228094519Z === Source Location Trace: ===
2026-08-28T10:28:44.228098758Z third_party/tensorflow/compiler/xla/pjrt/distributed/util.h:28
2026-08-28T10:28:44.240507985Z I0828 10:28:44.240459    6441 pipe_grpc.cc:174] Client RPC done with error status: UNAVAILABLE: failed to connect to all addresses; last error: UNKNOWN: ipv4:10.164.0.183:29000: Failed to connect to remote host: Connection refused
2026-08-28T10:28:44.240532413Z === Source Location Trace: ===
2026-08-28T10:28:44.240536705Z third_party/tensorflow/compiler/xla/pjrt/distributed/util.h:28
2026-08-28T10:28:44.256774601Z I0828 10:28:44.256723    6633 pipe_grpc.cc:174] Client RPC done with error status: UNAVAILABLE: failed to connect to all addresses; last error: UNKNOWN: ipv4:10.164.0.184:29000: Failed to connect to remote host: Connection refused
2026-08-28T10:28:44.256791428Z === Source Location Trace: ===
2026-08-28T10:28:44.256795174Z third_party/tensorflow/compiler/xla/pjrt/distributed/util.h:28
2026-08-28T10:28:44.260927920Z I0828 10:28:44.260882    6441 pipe_grpc.cc:174] Client RPC done with error status: UNAVAILABLE: failed to connect to all addresses; last error: UNKNOWN: ipv4:10.164.0.200:29000: Failed to connect to remote host: Connection refused
2026-08-28T10:28:44.260950445Z === Source Location Trace: ===
2026-08-28T10:28:44.260953504Z third_party/tensorflow/compiler/xla/pjrt/distributed/util.h:28
2026-08-28T10:28:44.289207566Z I0828 10:28:44.289160    6441 pipe_grpc.cc:174] Client RPC done with error status: UNAVAILABLE: failed to connect to all addresses; last error: UNKNOWN: ipv4:10.164.0.182:29000: Failed to connect to remote host: Connection refused
2026-08-28T10:28:44.289218306Z === Source Location Trace: ===
2026-08-28T10:28:44.289221311Z third_party/tensorflow/compiler/xla/pjrt/distributed/util.h:28
2026-08-28T10:28:44.291029197Z I0828 10:28:44.290979    6441 pipe_grpc.cc:174] Client RPC done with error status: UNAVAILABLE: failed to connect to all addresses; last error: UNKNOWN: ipv4:10.164.0.196:29000: Failed to connect to remote host: Connection refused
2026-08-28T10:28:44.291046179Z === Source Location Trace: ===
2026-08-28T10:28:44.291050399Z third_party/tensorflow/compiler/xla/pjrt/distributed/util.h:28
2026-08-28T10:28:44.295964805Z I0828 10:28:44.295916    6441 pipe_grpc.cc:174] Client RPC done with error status: UNAVAILABLE: failed to connect to all addresses; last error: UNKNOWN: ipv4:10.164.0.190:29000: Failed to connect to remote host: Connection refused
2026-08-28T10:28:44.295977449Z === Source Location Trace: ===
2026-08-28T10:28:44.295981224Z third_party/tensorflow/compiler/xla/pjrt/distributed/util.h:28
2026-08-28T10:28:44.308761614Z I0828 10:28:44.308716    6441 pipe_grpc.cc:174] Client RPC done with error status: UNAVAILABLE: failed to connect to all addresses; last error: UNKNOWN: ipv4:10.164.0.188:29000: Failed to connect to remote host: Connection refused
2026-08-28T10:28:44.308772890Z === Source Location Trace: ===
2026-08-28T10:28:44.308776720Z third_party/tensorflow/compiler/xla/pjrt/distributed/util.h:28
2026-08-28T10:28:44.309869826Z I0828 10:28:44.309826    6441 pipe_grpc.cc:174] Client RPC done with error status: UNAVAILABLE: failed to connect to all addresses; last error: UNKNOWN: ipv4:10.164.0.187:29000: Failed to connect to remote host: Connection refused
2026-08-28T10:28:44.309880249Z === Source Location Trace: ===
2026-08-28T10:28:44.309883924Z third_party/tensorflow/compiler/xla/pjrt/distributed/util.h:28
2026-08-28T10:28:44.310394776Z I0828 10:28:44.310354    6633 pipe_grpc.cc:174] Client RPC done with error status: UNAVAILABLE: failed to connect to all addresses; last error: UNKNOWN: ipv4:10.164.0.185:29000: Failed to connect to remote host: Connection refused
2026-08-28T10:28:44.310404224Z === Source Location Trace: ===
2026-08-28T10:28:44.310407797Z third_party/tensorflow/compiler/xla/pjrt/distributed/util.h:28
2026-08-28T10:28:44.324371313Z I0828 10:28:44.324320    6441 pipe_grpc.cc:174] Client RPC done with error status: UNAVAILABLE: failed to connect to all addresses; last error: UNKNOWN: ipv4:10.164.0.196:29000: Failed to connect to remote host: Connection refused
2026-08-28T10:28:44.324384075Z === Source Location Trace: ===
2026-08-28T10:28:44.324388456Z third_party/tensorflow/compiler/xla/pjrt/distributed/util.h:28
2026-08-28T10:28:44.326630735Z I0828 10:28:44.326585    6633 pipe_grpc.cc:174] Client RPC done with error status: UNAVAILABLE: failed to connect to all addresses; last error: UNKNOWN: ipv4:10.164.0.198:29000: Failed to connect to remote host: Connection refused
2026-08-28T10:28:44.326640734Z === Source Location Trace: ===
2026-08-28T10:28:44.326643545Z third_party/tensorflow/compiler/xla/pjrt/distributed/util.h:28
2026-08-28T10:28:44.334822721Z I0828 10:28:44.334774    6441 pipe_grpc.cc:174] Client RPC done with error status: UNAVAILABLE: failed to connect to all addresses; last error: UNKNOWN: ipv4:10.164.0.195:29000: Failed to connect to remote host: Connection refused
2026-08-28T10:28:44.334836412Z === Source Location Trace: ===
2026-08-28T10:28:44.334838846Z third_party/tensorflow/compiler/xla/pjrt/distributed/util.h:28
2026-08-28T10:28:44.380661242Z I0828 10:28:44.380613    6633 pipe_grpc.cc:174] Client RPC done with error status: UNAVAILABLE: failed to connect to all addresses; last error: UNKNOWN: ipv4:10.164.0.194:29000: Failed to connect to remote host: Connection refused
2026-08-28T10:28:44.380669918Z === Source Location Trace: ===
2026-08-28T10:28:44.380672606Z third_party/tensorflow/compiler/xla/pjrt/distributed/util.h:28
2026-08-28T10:28:44.404260794Z I0828 10:28:44.404211    6441 pipe_grpc.cc:174] Client RPC done with error status: UNAVAILABLE: failed to connect to all addresses; last error: UNKNOWN: ipv4:10.164.0.119:29001: Failed to connect to remote host: Connection refused
2026-08-28T10:28:44.404272374Z === Source Location Trace: ===
2026-08-28T10:28:44.404275761Z third_party/tensorflow/compiler/xla/pjrt/distributed/util.h:28
2026-08-28T10:28:44.523839453Z I0828 10:28:44.523786    6441 pipe_grpc.cc:174] Client RPC done with error status: UNAVAILABLE: failed to connect to all addresses; last error: UNKNOWN: ipv4:10.164.0.199:29000: Failed to connect to remote host: Connection refused
2026-08-28T10:28:44.523856298Z === Source Location Trace: ===
2026-08-28T10:28:44.523859954Z third_party/tensorflow/compiler/xla/pjrt/distributed/util.h:28
2026-08-28T10:28:44.547372760Z I0828 10:28:44.547323    6441 pipe_grpc.cc:174] Client RPC done with error status: UNAVAILABLE: failed to connect to all addresses; last error: UNKNOWN: ipv4:10.164.0.193:29000: Failed to connect to remote host: Connection refused
2026-08-28T10:28:44.547386755Z === Source Location Trace: ===
2026-08-28T10:28:44.547390264Z third_party/tensorflow/compiler/xla/pjrt/distributed/util.h:28
2026-08-28T10:28:44.579001858Z I0828 10:28:44.578953    6441 pipe_grpc.cc:174] Client RPC done with error status: UNAVAILABLE: failed to connect to all addresses; last error: UNKNOWN: ipv4:10.164.0.189:29000: Failed to connect to remote host: Connection refused
2026-08-28T10:28:44.579014018Z === Source Location Trace: ===
2026-08-28T10:28:44.579017624Z third_party/tensorflow/compiler/xla/pjrt/distributed/util.h:28
2026-08-28T10:28:44.580890045Z I0828 10:28:44.580847    6441 pipe_grpc.cc:174] Client RPC done with error status: UNAVAILABLE: failed to connect to all addresses; last error: UNKNOWN: ipv4:10.164.0.190:29000: Failed to connect to remote host: Connection refused
2026-08-28T10:28:44.580898177Z === Source Location Trace: ===
2026-08-28T10:28:44.580901147Z third_party/tensorflow/compiler/xla/pjrt/distributed/util.h:28
2026-08-28T10:28:44.590539812Z I0828 10:28:44.590492    6441 pipe_grpc.cc:174] Client RPC done with error status: UNAVAILABLE: failed to connect to all addresses; last error: UNKNOWN: ipv4:10.164.0.183:29000: Failed to connect to remote host: Connection refused
2026-08-28T10:28:44.590549731Z === Source Location Trace: ===
2026-08-28T10:28:44.590553453Z third_party/tensorflow/compiler/xla/pjrt/distributed/util.h:28
2026-08-28T10:28:44.625015679Z I0828 10:28:44.624967    6633 pipe_grpc.cc:174] Client RPC done with error status: UNAVAILABLE: failed to connect to all addresses; last error: UNKNOWN: ipv4:10.164.0.198:29000: Failed to connect to remote host: Connection refused
2026-08-28T10:28:44.625025661Z === Source Location Trace: ===
2026-08-28T10:28:44.625029087Z third_party/tensorflow/compiler/xla/pjrt/distributed/util.h:28
2026-08-28T10:28:44.627606578Z I0828 10:28:44.627563    6633 pipe_grpc.cc:174] Client RPC done with error status: UNAVAILABLE: failed to connect to all addresses; last error: UNKNOWN: ipv4:10.164.0.200:29000: Failed to connect to remote host: Connection refused
2026-08-28T10:28:44.627616927Z === Source Location Trace: ===
2026-08-28T10:28:44.627626789Z third_party/tensorflow/compiler/xla/pjrt/distributed/util.h:28
2026-08-28T10:28:44.652039418Z I0828 10:28:44.651992    6441 pipe_grpc.cc:174] Client RPC done with error status: UNAVAILABLE: failed to connect to all addresses; last error: UNKNOWN: ipv4:10.164.0.182:29000: Failed to connect to remote host: Connection refused
2026-08-28T10:28:44.652048593Z === Source Location Trace: ===
2026-08-28T10:28:44.652051812Z third_party/tensorflow/compiler/xla/pjrt/distributed/util.h:28
2026-08-28T10:28:44.655375253Z I0828 10:28:44.655321    6441 pipe_grpc.cc:174] Client RPC done with error status: UNAVAILABLE: failed to connect to all addresses; last error: UNKNOWN: ipv4:10.164.0.196:29000: Failed to connect to remote host: Connection refused
2026-08-28T10:28:44.655387388Z === Source Location Trace: ===
2026-08-28T10:28:44.655390516Z third_party/tensorflow/compiler/xla/pjrt/distributed/util.h:28
2026-08-28T10:28:44.662302852Z I0828 10:28:44.662254    6441 pipe_grpc.cc:174] Client RPC done with error status: UNAVAILABLE: failed to connect to all addresses; last error: UNKNOWN: ipv4:10.164.0.196:29000: Failed to connect to remote host: Connection refused
2026-08-28T10:28:44.662319425Z === Source Location Trace: ===
2026-08-28T10:28:44.662323141Z third_party/tensorflow/compiler/xla/pjrt/distributed/util.h:28
2026-08-28T10:28:44.667167917Z I0828 10:28:44.667122    6441 pipe_grpc.cc:174] Client RPC done with error status: UNAVAILABLE: failed to connect to all addresses; last error: UNKNOWN: ipv4:10.164.0.185:29000: Failed to connect to remote host: Connection refused
2026-08-28T10:28:44.667177213Z === Source Location Trace: ===
2026-08-28T10:28:44.667180397Z third_party/tensorflow/compiler/xla/pjrt/distributed/util.h:28
2026-08-28T10:28:44.667689422Z I0828 10:28:44.667644    6441 pipe_grpc.cc:174] Client RPC done with error status: UNAVAILABLE: failed to connect to all addresses; last error: UNKNOWN: ipv4:10.164.0.184:29000: Failed to connect to remote host: Connection refused
2026-08-28T10:28:44.667699948Z === Source Location Trace: ===
2026-08-28T10:28:44.667702954Z third_party/tensorflow/compiler/xla/pjrt/distributed/util.h:28
2026-08-28T10:28:44.685808045Z I0828 10:28:44.685759    6441 pipe_grpc.cc:174] Client RPC done with error status: UNAVAILABLE: failed to connect to all addresses; last error: UNKNOWN: ipv4:10.164.0.188:29000: Failed to connect to remote host: Connection refused
2026-08-28T10:28:44.685821639Z === Source Location Trace: ===
2026-08-28T10:28:44.685825347Z third_party/tensorflow/compiler/xla/pjrt/distributed/util.h:28
2026-08-28T10:28:44.693536522Z I0828 10:28:44.693491    6441 pipe_grpc.cc:174] Client RPC done with error status: UNAVAILABLE: failed to connect to all addresses; last error: UNKNOWN: ipv4:10.164.0.119:29001: Failed to connect to remote host: Connection refused
2026-08-28T10:28:44.693545848Z === Source Location Trace: ===
2026-08-28T10:28:44.693548607Z third_party/tensorflow/compiler/xla/pjrt/distributed/util.h:28
2026-08-28T10:28:44.704600090Z I0828 10:28:44.704551    6633 pipe_grpc.cc:174] Client RPC done with error status: UNAVAILABLE: failed to connect to all addresses; last error: UNKNOWN: ipv4:10.164.0.195:29000: Failed to connect to remote host: Connection refused
2026-08-28T10:28:44.704611895Z === Source Location Trace: ===
2026-08-28T10:28:44.704615302Z third_party/tensorflow/compiler/xla/pjrt/distributed/util.h:28
2026-08-28T10:28:44.714078219Z I0828 10:28:44.714035    6441 pipe_grpc.cc:174] Client RPC done with error status: UNAVAILABLE: failed to connect to all addresses; last error: UNKNOWN: ipv4:10.164.0.187:29000: Failed to connect to remote host: Connection refused
2026-08-28T10:28:44.714089803Z === Source Location Trace: ===
2026-08-28T10:28:44.714092962Z third_party/tensorflow/compiler/xla/pjrt/distributed/util.h:28
2026-08-28T10:28:44.732226365Z I0828 10:28:44.732175    6441 pipe_grpc.cc:174] Client RPC done with error status: UNAVAILABLE: failed to connect to all addresses; last error: UNKNOWN: ipv4:10.164.0.194:29000: Failed to connect to remote host: Connection refused
2026-08-28T10:28:44.732240165Z === Source Location Trace: ===
2026-08-28T10:28:44.732243553Z third_party/tensorflow/compiler/xla/pjrt/distributed/util.h:28
2026-08-28T10:28:44.914516350Z I0828 10:28:44.914458    6441 pipe_grpc.cc:174] Client RPC done with error status: UNAVAILABLE: failed to connect to all addresses; last error: UNKNOWN: ipv4:10.164.0.199:29000: Failed to connect to remote host: Connection refused
2026-08-28T10:28:44.914551231Z === Source Location Trace: ===
2026-08-28T10:28:44.914555411Z third_party/tensorflow/compiler/xla/pjrt/distributed/util.h:28
2026-08-28T10:28:44.960939447Z I0828 10:28:44.960890    6441 pipe_grpc.cc:174] Client RPC done with error status: UNAVAILABLE: failed to connect to all addresses; last error: UNKNOWN: ipv4:10.164.0.193:29000: Failed to connect to remote host: Connection refused
2026-08-28T10:28:44.960952365Z === Source Location Trace: ===
2026-08-28T10:28:44.960955739Z third_party/tensorflow/compiler/xla/pjrt/distributed/util.h:28
2026-08-28T10:28:44.963479072Z I0828 10:28:44.963435    6441 pipe_grpc.cc:174] Client RPC done with error status: UNAVAILABLE: failed to connect to all addresses; last error: UNKNOWN: ipv4:10.164.0.190:29000: Failed to connect to remote host: Connection refused
2026-08-28T10:28:44.963492336Z === Source Location Trace: ===
2026-08-28T10:28:44.963495549Z third_party/tensorflow/compiler/xla/pjrt/distributed/util.h:28
2026-08-28T10:28:44.976748864Z I0828 10:28:44.976702    6633 pipe_grpc.cc:174] Client RPC done with error status: UNAVAILABLE: failed to connect to all addresses; last error: UNKNOWN: ipv4:10.164.0.198:29000: Failed to connect to remote host: Connection refused
2026-08-28T10:28:44.976757755Z === Source Location Trace: ===
2026-08-28T10:28:44.976760634Z third_party/tensorflow/compiler/xla/pjrt/distributed/util.h:28
2026-08-28T10:28:44.983818820Z I0828 10:28:44.983775    6633 pipe_grpc.cc:174] Client RPC done with error status: UNAVAILABLE: failed to connect to all addresses; last error: UNKNOWN: ipv4:10.164.0.183:29000: Failed to connect to remote host: Connection refused
2026-08-28T10:28:44.983828388Z === Source Location Trace: ===
2026-08-28T10:28:44.983831843Z third_party/tensorflow/compiler/xla/pjrt/distributed/util.h:28
2026-08-28T10:28:45.014364214Z I0828 10:28:45.014315    6441 pipe_grpc.cc:174] Client RPC done with error status: UNAVAILABLE: failed to connect to all addresses; last error: UNKNOWN: ipv4:10.164.0.182:29000: Failed to connect to remote host: Connection refused
2026-08-28T10:28:45.014374766Z === Source Location Trace: ===
2026-08-28T10:28:45.014378077Z third_party/tensorflow/compiler/xla/pjrt/distributed/util.h:28
2026-08-28T10:28:45.028676339Z I0828 10:28:45.028627    6441 pipe_grpc.cc:174] Client RPC done with error status: UNAVAILABLE: failed to connect to all addresses; last error: UNKNOWN: ipv4:10.164.0.184:29000: Failed to connect to remote host: Connection refused
2026-08-28T10:28:45.028690850Z === Source Location Trace: ===
2026-08-28T10:28:45.028694203Z third_party/tensorflow/compiler/xla/pjrt/distributed/util.h:28
2026-08-28T10:28:45.086649394Z I0828 10:28:45.086588    6441 pipe_grpc.cc:174] Client RPC done with error status: UNAVAILABLE: failed to connect to all addresses; last error: UNKNOWN: ipv4:10.164.0.189:29000: Failed to connect to remote host: Connection refused
2026-08-28T10:28:45.086657429Z === Source Location Trace: ===
2026-08-28T10:28:45.086660440Z third_party/tensorflow/compiler/xla/pjrt/distributed/util.h:28
2026-08-28T10:28:45.090194867Z I0828 10:28:45.090142    6441 pipe_grpc.cc:174] Client RPC done with error status: UNAVAILABLE: failed to connect to all addresses; last error: UNKNOWN: ipv4:10.164.0.188:29000: Failed to connect to remote host: Connection refused
2026-08-28T10:28:45.090217834Z === Source Location Trace: ===
2026-08-28T10:28:45.090221274Z third_party/tensorflow/compiler/xla/pjrt/distributed/util.h:28
2026-08-28T10:28:45.092901659Z I0828 10:28:45.092858    6441 pipe_grpc.cc:174] Client RPC done with error status: UNAVAILABLE: failed to connect to all addresses; last error: UNKNOWN: ipv4:10.164.0.200:29000: Failed to connect to remote host: Connection refused
2026-08-28T10:28:45.092916485Z === Source Location Trace: ===
2026-08-28T10:28:45.092919621Z third_party/tensorflow/compiler/xla/pjrt/distributed/util.h:28
2026-08-28T10:28:45.102575747Z I0828 10:28:45.102500    6441 pipe_grpc.cc:174] Client RPC done with error status: UNAVAILABLE: failed to connect to all addresses; last error: UNKNOWN: ipv4:10.164.0.185:29000: Failed to connect to remote host: Connection refused
2026-08-28T10:28:45.102600605Z === Source Location Trace: ===
2026-08-28T10:28:45.102606035Z third_party/tensorflow/compiler/xla/pjrt/distributed/util.h:28
2026-08-28T10:28:45.109531725Z I0828 10:28:45.109479    6441 pipe_grpc.cc:174] Client RPC done with error status: UNAVAILABLE: failed to connect to all addresses; last error: UNKNOWN: ipv4:10.164.0.196:29000: Failed to connect to remote host: Connection refused
2026-08-28T10:28:45.109540844Z === Source Location Trace: ===
2026-08-28T10:28:45.109543662Z third_party/tensorflow/compiler/xla/pjrt/distributed/util.h:28
2026-08-28T10:28:45.114376326Z I0828 10:28:45.114329    6633 pipe_grpc.cc:174] Client RPC done with error status: UNAVAILABLE: failed to connect to all addresses; last error: UNKNOWN: ipv4:10.164.0.196:29000: Failed to connect to remote host: Connection refused
2026-08-28T10:28:45.114390581Z === Source Location Trace: ===
2026-08-28T10:28:45.114394003Z third_party/tensorflow/compiler/xla/pjrt/distributed/util.h:28
2026-08-28T10:28:45.120787081Z I0828 10:28:45.120738    6441 pipe_grpc.cc:174] Client RPC done with error status: UNAVAILABLE: failed to connect to all addresses; last error: UNKNOWN: ipv4:10.164.0.195:29000: Failed to connect to remote host: Connection refused
2026-08-28T10:28:45.120797535Z === Source Location Trace: ===
2026-08-28T10:28:45.120800957Z third_party/tensorflow/compiler/xla/pjrt/distributed/util.h:28
2026-08-28T10:28:45.144327541Z I0828 10:28:45.144280    6441 pipe_grpc.cc:174] Client RPC done with error status: UNAVAILABLE: failed to connect to all addresses; last error: UNKNOWN: ipv4:10.164.0.119:29001: Failed to connect to remote host: Connection refused
2026-08-28T10:28:45.144339552Z === Source Location Trace: ===
2026-08-28T10:28:45.144342692Z third_party/tensorflow/compiler/xla/pjrt/distributed/util.h:28
2026-08-28T10:28:45.189880408Z I0828 10:28:45.189826    6633 pipe_grpc.cc:174] Client RPC done with error status: UNAVAILABLE: failed to connect to all addresses; last error: UNKNOWN: ipv4:10.164.0.187:29000: Failed to connect to remote host: Connection refused
2026-08-28T10:28:45.189894877Z === Source Location Trace: ===
2026-08-28T10:28:45.189898113Z third_party/tensorflow/compiler/xla/pjrt/distributed/util.h:28
2026-08-28T10:28:45.339272016Z I0828 10:28:45.339220    6633 pipe_grpc.cc:174] Client RPC done with error status: UNAVAILABLE: failed to connect to all addresses; last error: UNKNOWN: ipv4:10.164.0.194:29000: Failed to connect to remote host: Connection refused
2026-08-28T10:28:45.339281187Z === Source Location Trace: ===
2026-08-28T10:28:45.339284192Z third_party/tensorflow/compiler/xla/pjrt/distributed/util.h:28
2026-08-28T10:28:45.405229284Z I0828 10:28:45.405176    6441 pipe_grpc.cc:174] Client RPC done with error status: UNAVAILABLE: failed to connect to all addresses; last error: UNKNOWN: ipv4:10.164.0.199:29000: Failed to connect to remote host: Connection refused
2026-08-28T10:28:45.405247371Z === Source Location Trace: ===
2026-08-28T10:28:45.405250647Z third_party/tensorflow/compiler/xla/pjrt/distributed/util.h:28
2026-08-28T10:28:45.428365847Z I0828 10:28:45.428315    6441 pipe_grpc.cc:174] Client RPC done with error status: UNAVAILABLE: failed to connect to all addresses; last error: UNKNOWN: ipv4:10.164.0.193:29000: Failed to connect to remote host: Connection refused
2026-08-28T10:28:45.428376369Z === Source Location Trace: ===
2026-08-28T10:28:45.428379644Z third_party/tensorflow/compiler/xla/pjrt/distributed/util.h:28
2026-08-28T10:28:45.445435413Z I0828 10:28:45.445379    6441 pipe_grpc.cc:174] Client RPC done with error status: UNAVAILABLE: failed to connect to all addresses; last error: UNKNOWN: ipv4:10.164.0.190:29000: Failed to connect to remote host: Connection refused
2026-08-28T10:28:45.445452969Z === Source Location Trace: ===
2026-08-28T10:28:45.445456524Z third_party/tensorflow/compiler/xla/pjrt/distributed/util.h:28
2026-08-28T10:28:45.464551716Z I0828 10:28:45.464504    6441 pipe_grpc.cc:174] Client RPC done with error status: UNAVAILABLE: failed to connect to all addresses; last error: UNKNOWN: ipv4:10.164.0.182:29000: Failed to connect to remote host: Connection refused
2026-08-28T10:28:45.464560926Z === Source Location Trace: ===
2026-08-28T10:28:45.464564255Z third_party/tensorflow/compiler/xla/pjrt/distributed/util.h:28
2026-08-28T10:28:45.556269165Z I0828 10:28:45.556219    6633 pipe_grpc.cc:174] Client RPC done with error status: UNAVAILABLE: failed to connect to all addresses; last error: UNKNOWN: ipv4:10.164.0.183:29000: Failed to connect to remote host: Connection refused
2026-08-28T10:28:45.556279369Z === Source Location Trace: ===
2026-08-28T10:28:45.556282650Z third_party/tensorflow/compiler/xla/pjrt/distributed/util.h:28
2026-08-28T10:28:45.571044946Z I0828 10:28:45.570860    6441 pipe_grpc.cc:174] Client RPC done with error status: UNAVAILABLE: failed to connect to all addresses; last error: UNKNOWN: ipv4:10.164.0.188:29000: Failed to connect to remote host: Connection refused
2026-08-28T10:28:45.571055337Z === Source Location Trace: ===
2026-08-28T10:28:45.571058741Z third_party/tensorflow/compiler/xla/pjrt/distributed/util.h:28
2026-08-28T10:28:45.597148017Z I0828 10:28:45.597094    6441 pipe_grpc.cc:174] Client RPC done with error status: UNAVAILABLE: failed to connect to all addresses; last error: UNKNOWN: ipv4:10.164.0.200:29000: Failed to connect to remote host: Connection refused
2026-08-28T10:28:45.597159139Z === Source Location Trace: ===
2026-08-28T10:28:45.597162107Z third_party/tensorflow/compiler/xla/pjrt/distributed/util.h:28
2026-08-28T10:28:45.609510088Z I0828 10:28:45.609456    6633 pipe_grpc.cc:174] Client RPC done with error status: UNAVAILABLE: failed to connect to all addresses; last error: UNKNOWN: ipv4:10.164.0.198:29000: Failed to connect to remote host: Connection refused
2026-08-28T10:28:45.609531379Z === Source Location Trace: ===
2026-08-28T10:28:45.609535610Z third_party/tensorflow/compiler/xla/pjrt/distributed/util.h:28
2026-08-28T10:28:45.628229151Z I0828 10:28:45.628178    6441 pipe_grpc.cc:174] Client RPC done with error status: UNAVAILABLE: failed to connect to all addresses; last error: UNKNOWN: ipv4:10.164.0.119:29001: Failed to connect to remote host: Connection refused
2026-08-28T10:28:45.628239398Z === Source Location Trace: ===
2026-08-28T10:28:45.628242742Z third_party/tensorflow/compiler/xla/pjrt/distributed/util.h:28
2026-08-28T10:28:45.629532412Z I0828 10:28:45.629484    6633 pipe_grpc.cc:174] Client RPC done with error status: UNAVAILABLE: failed to connect to all addresses; last error: UNKNOWN: ipv4:10.164.0.184:29000: Failed to connect to remote host: Connection refused
2026-08-28T10:28:45.629549298Z === Source Location Trace: ===
2026-08-28T10:28:45.629552258Z third_party/tensorflow/compiler/xla/pjrt/distributed/util.h:28
2026-08-28T10:28:45.640475951Z I0828 10:28:45.640423    6441 pipe_grpc.cc:174] Client RPC done with error status: UNAVAILABLE: failed to connect to all addresses; last error: UNKNOWN: ipv4:10.164.0.196:29000: Failed to connect to remote host: Connection refused
2026-08-28T10:28:45.640485752Z === Source Location Trace: ===
2026-08-28T10:28:45.640488818Z third_party/tensorflow/compiler/xla/pjrt/distributed/util.h:28
2026-08-28T10:28:45.643593351Z I0828 10:28:45.643545    6441 pipe_grpc.cc:174] Client RPC done with error status: UNAVAILABLE: failed to connect to all addresses; last error: UNKNOWN: ipv4:10.164.0.196:29000: Failed to connect to remote host: Connection refused
2026-08-28T10:28:45.643604706Z === Source Location Trace: ===
2026-08-28T10:28:45.643608130Z third_party/tensorflow/compiler/xla/pjrt/distributed/util.h:28
2026-08-28T10:28:45.696079722Z I0828 10:28:45.696027    6441 pipe_grpc.cc:174] Client RPC done with error status: UNAVAILABLE: failed to connect to all addresses; last error: UNKNOWN: ipv4:10.164.0.189:29000: Failed to connect to remote host: Connection refused
2026-08-28T10:28:45.696090458Z === Source Location Trace: ===
2026-08-28T10:28:45.696093580Z third_party/tensorflow/compiler/xla/pjrt/distributed/util.h:28
2026-08-28T10:28:45.702668935Z I0828 10:28:45.702619    6441 pipe_grpc.cc:174] Client RPC done with error status: UNAVAILABLE: failed to connect to all addresses; last error: UNKNOWN: ipv4:10.164.0.185:29000: Failed to connect to remote host: Connection refused
2026-08-28T10:28:45.702682813Z === Source Location Trace: ===
2026-08-28T10:28:45.702686060Z third_party/tensorflow/compiler/xla/pjrt/distributed/util.h:28
2026-08-28T10:28:45.748887478Z I0828 10:28:45.748833    6441 pipe_grpc.cc:174] Client RPC done with error status: UNAVAILABLE: failed to connect to all addresses; last error: UNKNOWN: ipv4:10.164.0.187:29000: Failed to connect to remote host: Connection refused
2026-08-28T10:28:45.748899036Z === Source Location Trace: ===
2026-08-28T10:28:45.748902494Z third_party/tensorflow/compiler/xla/pjrt/distributed/util.h:28
2026-08-28T10:28:45.760570079Z I0828 10:28:45.760515    6633 pipe_grpc.cc:174] Client RPC done with error status: UNAVAILABLE: failed to connect to all addresses; last error: UNKNOWN: ipv4:10.164.0.195:29000: Failed to connect to remote host: Connection refused
2026-08-28T10:28:45.760578043Z === Source Location Trace: ===
2026-08-28T10:28:45.760580805Z third_party/tensorflow/compiler/xla/pjrt/distributed/util.h:28
2026-08-28T10:28:45.980244460Z I0828 10:28:45.980184    6441 pipe_grpc.cc:174] Client RPC done with error status: UNAVAILABLE: failed to connect to all addresses; last error: UNKNOWN: ipv4:10.164.0.193:29000: Failed to connect to remote host: Connection refused
2026-08-28T10:28:45.980257998Z === Source Location Trace: ===
2026-08-28T10:28:45.980261486Z third_party/tensorflow/compiler/xla/pjrt/distributed/util.h:28
2026-08-28T10:28:45.980622767Z I0828 10:28:45.980571    6633 pipe_grpc.cc:174] Client RPC done with error status: UNAVAILABLE: failed to connect to all addresses; last error: UNKNOWN: ipv4:10.164.0.190:29000: Failed to connect to remote host: Connection refused
2026-08-28T10:28:45.980640347Z === Source Location Trace: ===
2026-08-28T10:28:45.980644254Z third_party/tensorflow/compiler/xla/pjrt/distributed/util.h:28
2026-08-28T10:28:46.116905112Z I0828 10:28:46.116848    6633 pipe_grpc.cc:174] Client RPC done with error status: UNAVAILABLE: failed to connect to all addresses; last error: UNKNOWN: ipv4:10.164.0.182:29000: Failed to connect to remote host: Connection refused
2026-08-28T10:28:46.116934086Z === Source Location Trace: ===
2026-08-28T10:28:46.116945208Z third_party/tensorflow/compiler/xla/pjrt/distributed/util.h:28
2026-08-28T10:28:46.137859525Z I0828 10:28:46.137811    6441 pipe_grpc.cc:174] Client RPC done with error status: UNAVAILABLE: failed to connect to all addresses; last error: UNKNOWN: ipv4:10.164.0.199:29000: Failed to connect to remote host: Connection refused
2026-08-28T10:28:46.137868988Z === Source Location Trace: ===
2026-08-28T10:28:46.137872420Z third_party/tensorflow/compiler/xla/pjrt/distributed/util.h:28
2026-08-28T10:28:46.157599659Z I0828 10:28:46.157550    6441 pipe_grpc.cc:174] Client RPC done with error status: UNAVAILABLE: failed to connect to all addresses; last error: UNKNOWN: ipv4:10.164.0.194:29000: Failed to connect to remote host: Connection refused
2026-08-28T10:28:46.157608522Z === Source Location Trace: ===
2026-08-28T10:28:46.157611925Z third_party/tensorflow/compiler/xla/pjrt/distributed/util.h:28
2026-08-28T10:28:46.217804001Z I0828 10:28:46.217751    6633 pipe_grpc.cc:174] Client RPC done with error status: UNAVAILABLE: failed to connect to all addresses; last error: UNKNOWN: ipv4:10.164.0.198:29000: Failed to connect to remote host: Connection refused
2026-08-28T10:28:46.217818797Z === Source Location Trace: ===
2026-08-28T10:28:46.217822374Z third_party/tensorflow/compiler/xla/pjrt/distributed/util.h:28
2026-08-28T10:28:46.236597661Z I0828 10:28:46.236549    6441 pipe_grpc.cc:174] Client RPC done with error status: UNAVAILABLE: failed to connect to all addresses; last error: UNKNOWN: ipv4:10.164.0.188:29000: Failed to connect to remote host: Connection refused
2026-08-28T10:28:46.236610113Z === Source Location Trace: ===
2026-08-28T10:28:46.236613326Z third_party/tensorflow/compiler/xla/pjrt/distributed/util.h:28
2026-08-28T10:28:46.261258519Z I0828 10:28:46.261194    6633 pipe_grpc.cc:174] Client RPC done with error status: UNAVAILABLE: failed to connect to all addresses; last error: UNKNOWN: ipv4:10.164.0.119:29001: Failed to connect to remote host: Connection refused
2026-08-28T10:28:46.261273672Z === Source Location Trace: ===
2026-08-28T10:28:46.261279996Z third_party/tensorflow/compiler/xla/pjrt/distributed/util.h:28
2026-08-28T10:28:46.290487860Z I0828 10:28:46.290434    6441 pipe_grpc.cc:174] Client RPC done with error status: UNAVAILABLE: failed to connect to all addresses; last error: UNKNOWN: ipv4:10.164.0.184:29000: Failed to connect to remote host: Connection refused
2026-08-28T10:28:46.290501634Z === Source Location Trace: ===
2026-08-28T10:28:46.290504626Z third_party/tensorflow/compiler/xla/pjrt/distributed/util.h:28
2026-08-28T10:28:46.290985226Z I0828 10:28:46.290947    6441 pipe_grpc.cc:174] Client RPC done with error status: UNAVAILABLE: failed to connect to all addresses; last error: UNKNOWN: ipv4:10.164.0.183:29000: Failed to connect to remote host: Connection refused
2026-08-28T10:28:46.290993726Z === Source Location Trace: ===
2026-08-28T10:28:46.290996490Z third_party/tensorflow/compiler/xla/pjrt/distributed/util.h:28
2026-08-28T10:28:46.299099643Z I0828 10:28:46.299051    6441 pipe_grpc.cc:174] Client RPC done with error status: UNAVAILABLE: failed to connect to all addresses; last error: UNKNOWN: ipv4:10.164.0.200:29000: Failed to connect to remote host: Connection refused
2026-08-28T10:28:46.299110086Z === Source Location Trace: ===
2026-08-28T10:28:46.299112985Z third_party/tensorflow/compiler/xla/pjrt/distributed/util.h:28
2026-08-28T10:28:46.383670220Z I0828 10:28:46.383615    6441 pipe_grpc.cc:174] Client RPC done with error status: UNAVAILABLE: failed to connect to all addresses; last error: UNKNOWN: ipv4:10.164.0.189:29000: Failed to connect to remote host: Connection refused
2026-08-28T10:28:46.383685807Z === Source Location Trace: ===
2026-08-28T10:28:46.383689295Z third_party/tensorflow/compiler/xla/pjrt/distributed/util.h:28
2026-08-28T10:28:46.388589498Z I0828 10:28:46.388541    6441 pipe_grpc.cc:174] Client RPC done with error status: UNAVAILABLE: failed to connect to all addresses; last error: UNKNOWN: ipv4:10.164.0.196:29000: Failed to connect to remote host: Connection refused
2026-08-28T10:28:46.388598439Z === Source Location Trace: ===
2026-08-28T10:28:46.388601550Z third_party/tensorflow/compiler/xla/pjrt/distributed/util.h:28
2026-08-28T10:28:46.440340124Z I0828 10:28:46.440171    6894 preemption_util.cc:41] Got SIGTERM signal, forwarding to Pathways as a preemption notification: go/debugonly  death_time { seconds: 1787913226 nanos: 440168914 } human_readable_reason: "Received SIGTERM in cloud environment, forwarding as a preemption notification with death time constructed from command-line argument."
2026-08-28T10:28:46.440357588Z E0828 10:28:46.440289    6894 server_lib.cc:565] Shutting down at 2026-08-28T10:33:46.440168914+00:00 because of Received SIGTERM in cloud environment, forwarding as a preemption notification with death time constructed from command-line argument.
2026-08-28T10:28:46.440438350Z W0828 10:28:46.440395    6894 server_lib.cc:419] Pathways Server 0x72b2bc691b00 requested to shutdown in 4m59.999773916s because Received SIGTERM in cloud environment, forwarding as a preemption notification with death time constructed from command-line argument.
2026-08-28T10:28:46.461762237Z I0828 10:28:46.461692    6306 pipe_grpc.cc:174] Client RPC done with error status: UNAVAILABLE: failed to connect to all addresses; last error: UNKNOWN: ipv4:10.164.0.196:29000: Failed to connect to remote host: Connection refused
2026-08-28T10:28:46.461784462Z === Source Location Trace: ===
2026-08-28T10:28:46.461788161Z third_party/tensorflow/compiler/xla/pjrt/distributed/util.h:28
2026-08-28T10:28:46.499475999Z I0828 10:28:46.499421    6306 pipe_grpc.cc:174] Client RPC done with error status: UNAVAILABLE: failed to connect to all addresses; last error: UNKNOWN: ipv4:10.164.0.185:29000: Failed to connect to remote host: Connection refused
2026-08-28T10:28:46.499487532Z === Source Location Trace: ===
2026-08-28T10:28:46.499491150Z third_party/tensorflow/compiler/xla/pjrt/distributed/util.h:28
2026-08-28T10:28:46.509976558Z I0828 10:28:46.509927    6306 pipe_grpc.cc:174] Client RPC done with error status: UNAVAILABLE: failed to connect to all addresses; last error: UNKNOWN: ipv4:10.164.0.187:29000: Failed to connect to remote host: Connection refused
2026-08-28T10:28:46.509995497Z === Source Location Trace: ===
2026-08-28T10:28:46.509999197Z third_party/tensorflow/compiler/xla/pjrt/distributed/util.h:28
2026-08-28T10:28:46.546475521Z I0828 10:28:46.546422    6306 pipe_grpc.cc:174] Client RPC done with error status: UNAVAILABLE: failed to connect to all addresses; last error: UNKNOWN: ipv4:10.164.0.195:29000: Failed to connect to remote host: Connection refused
2026-08-28T10:28:46.546486207Z === Source Location Trace: ===
2026-08-28T10:28:46.546489555Z third_party/tensorflow/compiler/xla/pjrt/distributed/util.h:28
2026-08-28T10:28:46.654651423Z I0828 10:28:46.654591    6306 pipe_grpc.cc:174] Client RPC done with error status: UNAVAILABLE: failed to connect to all addresses; last error: UNKNOWN: ipv4:10.164.0.193:29000: Failed to connect to remote host: Connection refused
2026-08-28T10:28:46.654659967Z === Source Location Trace: ===
2026-08-28T10:28:46.654663478Z third_party/tensorflow/compiler/xla/pjrt/distributed/util.h:28
2026-08-28T10:28:46.840865604Z I0828 10:28:46.840809    6306 pipe_grpc.cc:174] Client RPC done with error status: UNAVAILABLE: failed to connect to all addresses; last error: UNKNOWN: ipv4:10.164.0.190:29000: Failed to connect to remote host: Connection refused
2026-08-28T10:28:46.840882373Z === Source Location Trace: ===
2026-08-28T10:28:46.840886050Z third_party/tensorflow/compiler/xla/pjrt/distributed/util.h:28
2026-08-28T10:28:46.912547017Z I0828 10:28:46.912459    6306 pipe_grpc.cc:174] Client RPC done with error status: UNAVAILABLE: failed to connect to all addresses; last error: UNKNOWN: ipv4:10.164.0.188:29000: Failed to connect to remote host: Connection refused
2026-08-28T10:28:46.912564641Z === Source Location Trace: ===
2026-08-28T10:28:46.912568798Z third_party/tensorflow/compiler/xla/pjrt/distributed/util.h:28
2026-08-28T10:28:46.946800640Z I0828 10:28:46.946746    6306 pipe_grpc.cc:174] Client RPC done with error status: UNAVAILABLE: failed to connect to all addresses; last error: UNKNOWN: ipv4:10.164.0.194:29000: Failed to connect to remote host: Connection refused
2026-08-28T10:28:46.946819747Z === Source Location Trace: ===
2026-08-28T10:28:46.946823335Z third_party/tensorflow/compiler/xla/pjrt/distributed/util.h:28
2026-08-28T10:28:46.969206891Z I0828 10:28:46.969152    6306 pipe_grpc.cc:174] Client RPC done with error status: UNAVAILABLE: failed to connect to all addresses; last error: UNKNOWN: ipv4:10.164.0.200:29000: Failed to connect to remote host: Connection refused
2026-08-28T10:28:46.969216370Z === Source Location Trace: ===
2026-08-28T10:28:46.969219940Z third_party/tensorflow/compiler/xla/pjrt/distributed/util.h:28
2026-08-28T10:28:47.014633298Z I0828 10:28:47.014574    6306 pipe_grpc.cc:174] Client RPC done with error status: UNAVAILABLE: failed to connect to all addresses; last error: UNKNOWN: ipv4:10.164.0.119:29001: Failed to connect to remote host: Connection refused
2026-08-28T10:28:47.014649266Z === Source Location Trace: ===
2026-08-28T10:28:47.014653419Z third_party/tensorflow/compiler/xla/pjrt/distributed/util.h:28
2026-08-28T10:28:47.031680358Z I0828 10:28:47.031620    6633 pipe_grpc.cc:174] Client RPC done with error status: UNAVAILABLE: failed to connect to all addresses; last error: UNKNOWN: ipv4:10.164.0.199:29000: Failed to connect to remote host: Connection refused
2026-08-28T10:28:47.031693167Z === Source Location Trace: ===
2026-08-28T10:28:47.031696635Z third_party/tensorflow/compiler/xla/pjrt/distributed/util.h:28
2026-08-28T10:28:47.073711486Z I0828 10:28:47.073655    6306 pipe_grpc.cc:174] Client RPC done with error status: UNAVAILABLE: failed to connect to all addresses; last error: UNKNOWN: ipv4:10.164.0.189:29000: Failed to connect to remote host: Connection refused
2026-08-28T10:28:47.073720146Z === Source Location Trace: ===
2026-08-28T10:28:47.073723453Z third_party/tensorflow/compiler/xla/pjrt/distributed/util.h:28
2026-08-28T10:28:47.125918037Z I0828 10:28:47.125831    6306 pipe_grpc.cc:174] Client RPC done with error status: UNAVAILABLE: failed to connect to all addresses; last error: UNKNOWN: ipv4:10.164.0.182:29000: Failed to connect to remote host: Connection refused
2026-08-28T10:28:47.125942757Z === Source Location Trace: ===
2026-08-28T10:28:47.125948534Z third_party/tensorflow/compiler/xla/pjrt/distributed/util.h:28
2026-08-28T10:28:47.146050277Z I0828 10:28:47.145998    6306 pipe_grpc.cc:174] Client RPC done with error status: UNAVAILABLE: failed to connect to all addresses; last error: UNKNOWN: ipv4:10.164.0.184:29000: Failed to connect to remote host: Connection refused
2026-08-28T10:28:47.146059279Z === Source Location Trace: ===
2026-08-28T10:28:47.146062247Z third_party/tensorflow/compiler/xla/pjrt/distributed/util.h:28
2026-08-28T10:28:47.205060204Z I0828 10:28:47.204985    6306 pipe_grpc.cc:174] Client RPC done with error status: UNAVAILABLE: failed to connect to all addresses; last error: UNKNOWN: ipv4:10.164.0.183:29000: Failed to connect to remote host: Connection refused
2026-08-28T10:28:47.205076958Z === Source Location Trace: ===
2026-08-28T10:28:47.205081776Z third_party/tensorflow/compiler/xla/pjrt/distributed/util.h:28
2026-08-28T10:28:47.227823969Z I0828 10:28:47.227774    6306 pipe_grpc.cc:174] Client RPC done with error status: UNAVAILABLE: failed to connect to all addresses; last error: UNKNOWN: ipv4:10.164.0.196:29000: Failed to connect to remote host: Connection refused
2026-08-28T10:28:47.227836774Z === Source Location Trace: ===
2026-08-28T10:28:47.227839438Z third_party/tensorflow/compiler/xla/pjrt/distributed/util.h:28
2026-08-28T10:28:47.238294705Z I0828 10:28:47.238245    6306 pipe_grpc.cc:174] Client RPC done with error status: UNAVAILABLE: failed to connect to all addresses; last error: UNKNOWN: ipv4:10.164.0.198:29000: Failed to connect to remote host: Connection refused
2026-08-28T10:28:47.238302567Z === Source Location Trace: ===
2026-08-28T10:28:47.238306006Z third_party/tensorflow/compiler/xla/pjrt/distributed/util.h:28
2026-08-28T10:28:47.295099032Z I0828 10:28:47.295044    6306 pipe_grpc.cc:174] Client RPC done with error status: UNAVAILABLE: failed to connect to all addresses; last error: UNKNOWN: ipv4:10.164.0.196:29000: Failed to connect to remote host: Connection refused
2026-08-28T10:28:47.295122041Z === Source Location Trace: ===
2026-08-28T10:28:47.295126911Z third_party/tensorflow/compiler/xla/pjrt/distributed/util.h:28
2026-08-28T10:28:47.392442889Z I0828 10:28:47.392392    6306 pipe_grpc.cc:174] Client RPC done with error status: UNAVAILABLE: failed to connect to all addresses; last error: UNKNOWN: ipv4:10.164.0.195:29000: Failed to connect to remote host: Connection refused
2026-08-28T10:28:47.392463383Z === Source Location Trace: ===
2026-08-28T10:28:47.392467360Z third_party/tensorflow/compiler/xla/pjrt/distributed/util.h:28
2026-08-28T10:28:47.400437533Z I0828 10:28:47.400387    6306 pipe_grpc.cc:174] Client RPC done with error status: UNAVAILABLE: failed to connect to all addresses; last error: UNKNOWN: ipv4:10.164.0.185:29000: Failed to connect to remote host: Connection refused
2026-08-28T10:28:47.400458805Z === Source Location Trace: ===
2026-08-28T10:28:47.400462470Z third_party/tensorflow/compiler/xla/pjrt/distributed/util.h:28
2026-08-28T10:28:47.435182402Z I0828 10:28:47.435128    6306 pipe_grpc.cc:174] Client RPC done with error status: UNAVAILABLE: failed to connect to all addresses; last error: UNKNOWN: ipv4:10.164.0.187:29000: Failed to connect to remote host: Connection refused
2026-08-28T10:28:47.435196571Z === Source Location Trace: ===
2026-08-28T10:28:47.435200980Z third_party/tensorflow/compiler/xla/pjrt/distributed/util.h:28
2026-08-28T10:28:47.686433948Z I0828 10:28:47.686374    6306 pipe_grpc.cc:174] Client RPC done with error status: UNAVAILABLE: failed to connect to all addresses; last error: UNKNOWN: ipv4:10.164.0.193:29000: Failed to connect to remote host: Connection refused
2026-08-28T10:28:47.686450259Z === Source Location Trace: ===
2026-08-28T10:28:47.686453890Z third_party/tensorflow/compiler/xla/pjrt/distributed/util.h:28
2026-08-28T10:28:47.794102702Z I0828 10:28:47.794037    6306 pipe_grpc.cc:174] Client RPC done with error status: UNAVAILABLE: failed to connect to all addresses; last error: UNKNOWN: ipv4:10.164.0.194:29000: Failed to connect to remote host: Connection refused
2026-08-28T10:28:47.794124827Z === Source Location Trace: ===
2026-08-28T10:28:47.794129417Z third_party/tensorflow/compiler/xla/pjrt/distributed/util.h:28
2026-08-28T10:28:47.898182541Z I0828 10:28:47.898121    6306 pipe_grpc.cc:174] Client RPC done with error status: UNAVAILABLE: failed to connect to all addresses; last error: UNKNOWN: ipv4:10.164.0.188:29000: Failed to connect to remote host: Connection refused
2026-08-28T10:28:47.898205203Z === Source Location Trace: ===
2026-08-28T10:28:47.898208974Z third_party/tensorflow/compiler/xla/pjrt/distributed/util.h:28
2026-08-28T10:28:48.075466816Z I0828 10:28:48.075403    6466 pipe_grpc.cc:174] Client RPC done with error status: UNAVAILABLE: errors resolving canon-p57-fl-zero-f45w15-799a0bd1-pathways-worker-0-13.canon-p57-fl-zero-f45w15-799a0bd1:29000: [field:hostname lookup error:Ipv4 Lookup Error:DNS Request Failed: NOT_FOUND,Ipv6 Lookup Error:DNS Request Failed: NOT_FOUND]
2026-08-28T10:28:48.075494960Z === Source Location Trace: ===
2026-08-28T10:28:48.075498590Z third_party/tensorflow/compiler/xla/pjrt/distributed/util.h:28
2026-08-28T10:28:48.078561243Z I0828 10:28:48.078506    6306 pipe_grpc.cc:174] Client RPC done with error status: UNAVAILABLE: errors resolving canon-p57-fl-zero-f45w15-799a0bd1-pathways-worker-0-11.canon-p57-fl-zero-f45w15-799a0bd1:29000: [field:hostname lookup error:Ipv4 Lookup Error:DNS Request Failed: NOT_FOUND,Ipv6 Lookup Error:DNS Request Failed: NOT_FOUND]
2026-08-28T10:28:48.078582977Z === Source Location Trace: ===
2026-08-28T10:28:48.078587326Z third_party/tensorflow/compiler/xla/pjrt/distributed/util.h:28
2026-08-28T10:28:48.155637394Z I0828 10:28:48.155586    6638 pipe_grpc.cc:174] Client RPC done with error status: UNAVAILABLE: errors resolving canon-p57-fl-zero-f45w15-799a0bd1-pathways-worker-0-2.canon-p57-fl-zero-f45w15-799a0bd1:29000: [field:hostname lookup error:Ipv6 Lookup Error:DNS Request Failed: NOT_FOUND,Ipv4 Lookup Error:DNS Request Failed: NOT_FOUND]
2026-08-28T10:28:48.155647788Z === Source Location Trace: ===
2026-08-28T10:28:48.155651467Z third_party/tensorflow/compiler/xla/pjrt/distributed/util.h:28
2026-08-28T10:28:48.160077197Z I0828 10:28:48.160028    6306 pipe_grpc.cc:174] Client RPC done with error status: UNAVAILABLE: errors resolving canon-p57-fl-zero-f45w15-799a0bd1-pathways-worker-0-5.canon-p57-fl-zero-f45w15-799a0bd1:29000: [field:hostname lookup error:Ipv4 Lookup Error:DNS Request Failed: NOT_FOUND,Ipv6 Lookup Error:DNS Request Failed: NOT_FOUND]
2026-08-28T10:28:48.160091121Z === Source Location Trace: ===
2026-08-28T10:28:48.160094687Z third_party/tensorflow/compiler/xla/pjrt/distributed/util.h:28
2026-08-28T10:28:48.224058681Z I0828 10:28:48.224003    6306 pipe_grpc.cc:174] Client RPC done with error status: UNAVAILABLE: errors resolving canon-p57-fl-zero-f45w15-799a0bd1-pathways-worker-0-15.canon-p57-fl-zero-f45w15-799a0bd1:29000: [field:hostname lookup error:Ipv4 Lookup Error:DNS Request Failed: NOT_FOUND,Ipv6 Lookup Error:DNS Request Failed: NOT_FOUND]
2026-08-28T10:28:48.224068393Z === Source Location Trace: ===
2026-08-28T10:28:48.224071304Z third_party/tensorflow/compiler/xla/pjrt/distributed/util.h:28
2026-08-28T10:28:48.275485721Z I0828 10:28:48.275421    6466 pipe_grpc.cc:174] Client RPC done with error status: UNAVAILABLE: failed to connect to all addresses; last error: UNKNOWN: ipv4:10.164.0.119:29001: Failed to connect to remote host: Connection refused
2026-08-28T10:28:48.275504774Z === Source Location Trace: ===
2026-08-28T10:28:48.275508502Z third_party/tensorflow/compiler/xla/pjrt/distributed/util.h:28
2026-08-28T10:28:48.283419237Z I0828 10:28:48.283360    6466 pipe_grpc.cc:174] Client RPC done with error status: UNAVAILABLE: errors resolving canon-p57-fl-zero-f45w15-799a0bd1-pathways-worker-0-4.canon-p57-fl-zero-f45w15-799a0bd1:29000: [field:hostname lookup error:Ipv6 Lookup Error:DNS Request Failed: NOT_FOUND,Ipv4 Lookup Error:DNS Request Failed: NOT_FOUND]
2026-08-28T10:28:48.283439700Z === Source Location Trace: ===
2026-08-28T10:28:48.283443854Z third_party/tensorflow/compiler/xla/pjrt/distributed/util.h:28
2026-08-28T10:28:48.333336800Z I0828 10:28:48.333276    6306 pipe_grpc.cc:174] Client RPC done with error status: UNAVAILABLE: errors resolving canon-p57-fl-zero-f45w15-799a0bd1-pathways-worker-0-1.canon-p57-fl-zero-f45w15-799a0bd1:29000: [field:hostname lookup error:Ipv6 Lookup Error:DNS Request Failed: NOT_FOUND,Ipv4 Lookup Error:DNS Request Failed: NOT_FOUND]
2026-08-28T10:28:48.333352341Z === Source Location Trace: ===
2026-08-28T10:28:48.333355759Z third_party/tensorflow/compiler/xla/pjrt/distributed/util.h:28
2026-08-28T10:28:48.375876903Z I0828 10:28:48.375826    6466 pipe_grpc.cc:174] Client RPC done with error status: UNAVAILABLE: errors resolving canon-p57-fl-zero-f45w15-799a0bd1-pathways-worker-0-3.canon-p57-fl-zero-f45w15-799a0bd1:29000: [field:hostname lookup error:Ipv6 Lookup Error:DNS Request Failed: NOT_FOUND,Ipv4 Lookup Error:DNS Request Failed: NOT_FOUND]
2026-08-28T10:28:48.375889628Z === Source Location Trace: ===
2026-08-28T10:28:48.375893510Z third_party/tensorflow/compiler/xla/pjrt/distributed/util.h:28
2026-08-28T10:28:48.392055432Z I0828 10:28:48.391997    5718 pipe_grpc.cc:174] Client RPC done with error status: UNAVAILABLE: errors resolving canon-p57-fl-zero-f45w15-799a0bd1-pathways-worker-0-1.canon-p57-fl-zero-f45w15-799a0bd1:29000: [field:hostname lookup error:Ipv6 Lookup Error:DNS Request Failed: NOT_FOUND,Ipv4 Lookup Error:DNS Request Failed: NOT_FOUND]
2026-08-28T10:28:48.392074254Z === Source Location Trace: ===
2026-08-28T10:28:48.392078403Z third_party/tensorflow/compiler/xla/pjrt/distributed/util.h:28
2026-08-28T10:28:48.395132573Z I0828 10:28:48.395084    6306 pipe_grpc.cc:174] Client RPC done with error status: UNAVAILABLE: errors resolving canon-p57-fl-zero-f45w15-799a0bd1-pathways-worker-0-10.canon-p57-fl-zero-f45w15-799a0bd1:29000: [field:hostname lookup error:Ipv4 Lookup Error:DNS Request Failed: NOT_FOUND,Ipv6 Lookup Error:DNS Request Failed: NOT_FOUND]
2026-08-28T10:28:48.395144455Z === Source Location Trace: ===
2026-08-28T10:28:48.395147846Z third_party/tensorflow/compiler/xla/pjrt/distributed/util.h:28
2026-08-28T10:28:48.422822777Z I0828 10:28:48.422773    6306 pipe_grpc.cc:174] Client RPC done with error status: UNAVAILABLE: errors resolving canon-p57-fl-zero-f45w15-799a0bd1-pathways-worker-0-6.canon-p57-fl-zero-f45w15-799a0bd1:29000: [field:hostname lookup error:Ipv4 Lookup Error:DNS Request Failed: NOT_FOUND,Ipv6 Lookup Error:DNS Request Failed: NOT_FOUND]
2026-08-28T10:28:48.422832457Z === Source Location Trace: ===
2026-08-28T10:28:48.422835601Z third_party/tensorflow/compiler/xla/pjrt/distributed/util.h:28
2026-08-28T10:28:48.424439477Z I0828 10:28:48.424391    6466 pipe_grpc.cc:174] Client RPC done with error status: UNAVAILABLE: errors resolving canon-p57-fl-zero-f45w15-799a0bd1-pathways-worker-0-7.canon-p57-fl-zero-f45w15-799a0bd1:29000: [field:hostname lookup error:Ipv4 Lookup Error:DNS Request Failed: NOT_FOUND,Ipv6 Lookup Error:DNS Request Failed: NOT_FOUND]
2026-08-28T10:28:48.424450527Z === Source Location Trace: ===
2026-08-28T10:28:48.424454400Z third_party/tensorflow/compiler/xla/pjrt/distributed/util.h:28
2026-08-28T10:28:48.498297464Z I0828 10:28:48.498247    6306 pipe_grpc.cc:174] Client RPC done with error status: UNAVAILABLE: errors resolving canon-p57-fl-zero-f45w15-799a0bd1-pathways-worker-0-9.canon-p57-fl-zero-f45w15-799a0bd1:29000: [field:hostname lookup error:Ipv4 Lookup Error:DNS Request Failed: NOT_FOUND,Ipv6 Lookup Error:DNS Request Failed: NOT_FOUND]
2026-08-28T10:28:48.498312041Z === Source Location Trace: ===
2026-08-28T10:28:48.498316017Z third_party/tensorflow/compiler/xla/pjrt/distributed/util.h:28
2026-08-28T10:28:48.899209173Z I0828 10:28:48.899138    6466 pipe_grpc.cc:174] Client RPC done with error status: UNAVAILABLE: errors resolving canon-p57-fl-zero-f45w15-799a0bd1-pathways-worker-0-12.canon-p57-fl-zero-f45w15-799a0bd1:29000: [field:hostname lookup error:Ipv4 Lookup Error:DNS Request Failed: NOT_FOUND,Ipv6 Lookup Error:DNS Request Failed: NOT_FOUND]
2026-08-28T10:28:48.899230166Z === Source Location Trace: ===
2026-08-28T10:28:48.899234480Z third_party/tensorflow/compiler/xla/pjrt/distributed/util.h:28
2026-08-28T10:28:49.007329410Z I0828 10:28:49.007274    6306 pipe_grpc.cc:174] Client RPC done with error status: UNAVAILABLE: errors resolving canon-p57-fl-zero-f45w15-799a0bd1-pathways-worker-0-14.canon-p57-fl-zero-f45w15-799a0bd1:29000: [field:hostname lookup error:Ipv4 Lookup Error:DNS Request Failed: NOT_FOUND,Ipv6 Lookup Error:DNS Request Failed: NOT_FOUND]
2026-08-28T10:28:49.007356624Z === Source Location Trace: ===
2026-08-28T10:28:49.007359918Z third_party/tensorflow/compiler/xla/pjrt/distributed/util.h:28
2026-08-28T10:28:49.312209822Z I0828 10:28:49.312137    5994 pipe_grpc.cc:174] Client RPC done with error status: UNAVAILABLE: errors resolving canon-p57-fl-zero-f45w15-799a0bd1-pathways-worker-0-13.canon-p57-fl-zero-f45w15-799a0bd1:29000: [field:hostname lookup error:Ipv6 Lookup Error:DNS Request Failed: NOT_FOUND,Ipv4 Lookup Error:DNS Request Failed: NOT_FOUND]
2026-08-28T10:28:49.312229804Z === Source Location Trace: ===
2026-08-28T10:28:49.312233832Z third_party/tensorflow/compiler/xla/pjrt/distributed/util.h:28
2026-08-28T10:28:49.333755145Z I0828 10:28:49.333694    6466 pipe_grpc.cc:174] Client RPC done with error status: UNAVAILABLE: errors resolving canon-p57-fl-zero-f45w15-799a0bd1-pathways-worker-0-2.canon-p57-fl-zero-f45w15-799a0bd1:29000: [field:hostname lookup error:Ipv6 Lookup Error:DNS Request Failed: NOT_FOUND,Ipv4 Lookup Error:DNS Request Failed: NOT_FOUND]
2026-08-28T10:28:49.333767041Z === Source Location Trace: ===
2026-08-28T10:28:49.333770578Z third_party/tensorflow/compiler/xla/pjrt/distributed/util.h:28
2026-08-28T10:28:49.356338750Z I0828 10:28:49.356277    6306 pipe_grpc.cc:174] Client RPC done with error status: UNAVAILABLE: errors resolving canon-p57-fl-zero-f45w15-799a0bd1-pathways-worker-0-8.canon-p57-fl-zero-f45w15-799a0bd1:29000: [field:hostname lookup error:Ipv4 Lookup Error:DNS Request Failed: NOT_FOUND,Ipv6 Lookup Error:DNS Request Failed: NOT_FOUND]
2026-08-28T10:28:49.356364116Z === Source Location Trace: ===
2026-08-28T10:28:49.356368483Z third_party/tensorflow/compiler/xla/pjrt/distributed/util.h:28
2026-08-28T10:28:49.370168923Z I0828 10:28:49.370112    6633 pipe_grpc.cc:174] Client RPC done with error status: UNAVAILABLE: failed to connect to all addresses; last error: UNKNOWN: ipv4:10.164.0.119:29001: Failed to connect to remote host: Connection refused
2026-08-28T10:28:49.370190862Z === Source Location Trace: ===
2026-08-28T10:28:49.370194501Z third_party/tensorflow/compiler/xla/pjrt/distributed/util.h:28
2026-08-28T10:28:49.374467027Z I0828 10:28:49.374414    5994 pipe_grpc.cc:174] Client RPC done with error status: UNAVAILABLE: errors resolving canon-p57-fl-zero-f45w15-799a0bd1-pathways-worker-0-11.canon-p57-fl-zero-f45w15-799a0bd1:29000: [field:hostname lookup error:Ipv6 Lookup Error:DNS Request Failed: NOT_FOUND,Ipv4 Lookup Error:DNS Request Failed: NOT_FOUND]
2026-08-28T10:28:49.374484542Z === Source Location Trace: ===
2026-08-28T10:28:49.374488511Z third_party/tensorflow/compiler/xla/pjrt/distributed/util.h:28
2026-08-28T10:28:49.453911991Z I0828 10:28:49.453857    6466 pipe_grpc.cc:174] Client RPC done with error status: UNAVAILABLE: errors resolving canon-p57-fl-zero-f45w15-799a0bd1-pathways-worker-0-1.canon-p57-fl-zero-f45w15-799a0bd1:29000: [field:hostname lookup error:Ipv6 Lookup Error:DNS Request Failed: NOT_FOUND,Ipv4 Lookup Error:DNS Request Failed: NOT_FOUND]
2026-08-28T10:28:49.453920974Z === Source Location Trace: ===
2026-08-28T10:28:49.453924346Z third_party/tensorflow/compiler/xla/pjrt/distributed/util.h:28
2026-08-28T10:28:49.547757866Z I0828 10:28:49.547618    6226 pipe_grpc.cc:174] Client RPC done with error status: UNAVAILABLE: errors resolving canon-p57-fl-zero-f45w15-799a0bd1-pathways-worker-0-6.canon-p57-fl-zero-f45w15-799a0bd1:29000: [field:hostname lookup error:Ipv6 Lookup Error:DNS Request Failed: NOT_FOUND,Ipv4 Lookup Error:DNS Request Failed: NOT_FOUND]
2026-08-28T10:28:49.547796438Z === Source Location Trace: ===
2026-08-28T10:28:49.547801791Z third_party/tensorflow/compiler/xla/pjrt/distributed/util.h:28
2026-08-28T10:28:49.579755275Z I0828 10:28:49.579683    6633 pipe_grpc.cc:174] Client RPC done with error status: UNAVAILABLE: errors resolving canon-p57-fl-zero-f45w15-799a0bd1-pathways-worker-0-9.canon-p57-fl-zero-f45w15-799a0bd1:29000: [field:hostname lookup error:Ipv6 Lookup Error:DNS Request Failed: NOT_FOUND,Ipv4 Lookup Error:DNS Request Failed: NOT_FOUND]
2026-08-28T10:28:49.579780649Z === Source Location Trace: ===
2026-08-28T10:28:49.579784288Z third_party/tensorflow/compiler/xla/pjrt/distributed/util.h:28
2026-08-28T10:28:49.596556450Z I0828 10:28:49.596494    6441 pipe_grpc.cc:174] Client RPC done with error status: UNAVAILABLE: errors resolving canon-p57-fl-zero-f45w15-799a0bd1-pathways-worker-0-10.canon-p57-fl-zero-f45w15-799a0bd1:29000: [field:hostname lookup error:Ipv6 Lookup Error:DNS Request Failed: NOT_FOUND,Ipv4 Lookup Error:DNS Request Failed: NOT_FOUND]
2026-08-28T10:28:49.596564484Z === Source Location Trace: ===
2026-08-28T10:28:49.596567793Z third_party/tensorflow/compiler/xla/pjrt/distributed/util.h:28
2026-08-28T10:28:49.604737781Z I0828 10:28:49.604684    5994 pipe_grpc.cc:174] Client RPC done with error status: UNAVAILABLE: errors resolving canon-p57-fl-zero-f45w15-799a0bd1-pathways-worker-0-7.canon-p57-fl-zero-f45w15-799a0bd1:29000: [field:hostname lookup error:Ipv6 Lookup Error:DNS Request Failed: NOT_FOUND,Ipv4 Lookup Error:DNS Request Failed: NOT_FOUND]
2026-08-28T10:28:49.604762007Z === Source Location Trace: ===
2026-08-28T10:28:49.604766373Z third_party/tensorflow/compiler/xla/pjrt/distributed/util.h:28
2026-08-28T10:28:49.691216807Z I0828 10:28:49.691160    6633 pipe_grpc.cc:174] Client RPC done with error status: UNAVAILABLE: errors resolving canon-p57-fl-zero-f45w15-799a0bd1-pathways-worker-0-15.canon-p57-fl-zero-f45w15-799a0bd1:29000: [field:hostname lookup error:Ipv6 Lookup Error:DNS Request Failed: NOT_FOUND,Ipv4 Lookup Error:DNS Request Failed: NOT_FOUND]
2026-08-28T10:28:49.691239266Z === Source Location Trace: ===
2026-08-28T10:28:49.691244393Z third_party/tensorflow/compiler/xla/pjrt/distributed/util.h:28
2026-08-28T10:28:49.706001536Z I0828 10:28:49.705951    5718 pipe_grpc.cc:174] Client RPC done with error status: UNAVAILABLE: errors resolving canon-p57-fl-zero-f45w15-799a0bd1-pathways-worker-0-1.canon-p57-fl-zero-f45w15-799a0bd1:29000: [field:hostname lookup error:Ipv6 Lookup Error:DNS Request Failed: NOT_FOUND,Ipv4 Lookup Error:DNS Request Failed: NOT_FOUND]
2026-08-28T10:28:49.706018322Z === Source Location Trace: ===
2026-08-28T10:28:49.706022266Z third_party/tensorflow/compiler/xla/pjrt/distributed/util.h:28
2026-08-28T10:28:49.737839152Z I0828 10:28:49.737788    6633 pipe_grpc.cc:174] Client RPC done with error status: UNAVAILABLE: errors resolving canon-p57-fl-zero-f45w15-799a0bd1-pathways-worker-0-5.canon-p57-fl-zero-f45w15-799a0bd1:29000: [field:hostname lookup error:Ipv6 Lookup Error:DNS Request Failed: NOT_FOUND,Ipv4 Lookup Error:DNS Request Failed: NOT_FOUND]
2026-08-28T10:28:49.737858873Z === Source Location Trace: ===
2026-08-28T10:28:49.737862685Z third_party/tensorflow/compiler/xla/pjrt/distributed/util.h:28
2026-08-28T10:28:49.884851597Z I0828 10:28:49.884798    6441 pipe_grpc.cc:174] Client RPC done with error status: UNAVAILABLE: errors resolving canon-p57-fl-zero-f45w15-799a0bd1-pathways-worker-0-3.canon-p57-fl-zero-f45w15-799a0bd1:29000: [field:hostname lookup error:Ipv6 Lookup Error:DNS Request Failed: NOT_FOUND,Ipv4 Lookup Error:DNS Request Failed: NOT_FOUND]
2026-08-28T10:28:49.884865604Z === Source Location Trace: ===
2026-08-28T10:28:49.884869365Z third_party/tensorflow/compiler/xla/pjrt/distributed/util.h:28
2026-08-28T10:28:49.970931993Z I0828 10:28:49.970876    6633 pipe_grpc.cc:174] Client RPC done with error status: UNAVAILABLE: errors resolving canon-p57-fl-zero-f45w15-799a0bd1-pathways-worker-0-4.canon-p57-fl-zero-f45w15-799a0bd1:29000: [field:hostname lookup error:Ipv6 Lookup Error:DNS Request Failed: NOT_FOUND,Ipv4 Lookup Error:DNS Request Failed: NOT_FOUND]
2026-08-28T10:28:49.970958926Z === Source Location Trace: ===
2026-08-28T10:28:49.970962552Z third_party/tensorflow/compiler/xla/pjrt/distributed/util.h:28
2026-08-28T10:28:50.587537934Z I0828 10:28:50.587483    6633 pipe_grpc.cc:174] Client RPC done with error status: UNAVAILABLE: errors resolving canon-p57-fl-zero-f45w15-799a0bd1-pathways-worker-0-14.canon-p57-fl-zero-f45w15-799a0bd1:29000: [field:hostname lookup error:Ipv6 Lookup Error:DNS Request Failed: NOT_FOUND,Ipv4 Lookup Error:DNS Request Failed: NOT_FOUND]
2026-08-28T10:28:50.587549845Z === Source Location Trace: ===
2026-08-28T10:28:50.587553691Z third_party/tensorflow/compiler/xla/pjrt/distributed/util.h:28
2026-08-28T10:28:50.756157130Z I0828 10:28:50.756100    6306 pipe_grpc.cc:174] Client RPC done with error status: UNAVAILABLE: failed to connect to all addresses; last error: UNKNOWN: ipv4:10.164.0.119:29001: Failed to connect to remote host: Connection refused
2026-08-28T10:28:50.756171488Z === Source Location Trace: ===
2026-08-28T10:28:50.756175105Z third_party/tensorflow/compiler/xla/pjrt/distributed/util.h:28
2026-08-28T10:28:50.898770359Z I0828 10:28:50.898641    6226 pipe_grpc.cc:174] Client RPC done with error status: UNAVAILABLE: errors resolving canon-p57-fl-zero-f45w15-799a0bd1-pathways-worker-0-12.canon-p57-fl-zero-f45w15-799a0bd1:29000: [field:hostname lookup error:Ipv6 Lookup Error:DNS Request Failed: NOT_FOUND,Ipv4 Lookup Error:DNS Request Failed: NOT_FOUND]
2026-08-28T10:28:50.898803796Z === Source Location Trace: ===
2026-08-28T10:28:50.898808646Z third_party/tensorflow/compiler/xla/pjrt/distributed/util.h:28
2026-08-28T10:28:50.927577009Z I0828 10:28:50.927509    6466 pipe_grpc.cc:174] Client RPC done with error status: UNAVAILABLE: errors resolving canon-p57-fl-zero-f45w15-799a0bd1-pathways-worker-0-2.canon-p57-fl-zero-f45w15-799a0bd1:29000: [field:hostname lookup error:Ipv6 Lookup Error:DNS Request Failed: NOT_FOUND,Ipv4 Lookup Error:DNS Request Failed: NOT_FOUND]
2026-08-28T10:28:50.927600692Z === Source Location Trace: ===
2026-08-28T10:28:50.927604675Z third_party/tensorflow/compiler/xla/pjrt/distributed/util.h:28
2026-08-28T10:28:50.938409272Z I0828 10:28:50.938354    5994 pipe_grpc.cc:174] Client RPC done with error status: UNAVAILABLE: errors resolving canon-p57-fl-zero-f45w15-799a0bd1-pathways-worker-0-13.canon-p57-fl-zero-f45w15-799a0bd1:29000: [field:hostname lookup error:Ipv6 Lookup Error:DNS Request Failed: NOT_FOUND,Ipv4 Lookup Error:DNS Request Failed: NOT_FOUND]
2026-08-28T10:28:50.938433705Z === Source Location Trace: ===
2026-08-28T10:28:50.938438208Z third_party/tensorflow/compiler/xla/pjrt/distributed/util.h:28
2026-08-28T10:28:51.128116513Z I0828 10:28:51.128059    5718 pipe_grpc.cc:174] Client RPC done with error status: UNAVAILABLE: errors resolving canon-p57-fl-zero-f45w15-799a0bd1-pathways-worker-0-10.canon-p57-fl-zero-f45w15-799a0bd1:29000: [field:hostname lookup error:Ipv6 Lookup Error:DNS Request Failed: NOT_FOUND,Ipv4 Lookup Error:DNS Request Failed: NOT_FOUND]
2026-08-28T10:28:51.128127437Z === Source Location Trace: ===
2026-08-28T10:28:51.128131086Z third_party/tensorflow/compiler/xla/pjrt/distributed/util.h:28
2026-08-28T10:28:51.137259407Z I0828 10:28:51.137205    6633 pipe_grpc.cc:174] Client RPC done with error status: UNAVAILABLE: errors resolving canon-p57-fl-zero-f45w15-799a0bd1-pathways-worker-0-5.canon-p57-fl-zero-f45w15-799a0bd1:29000: [field:hostname lookup error:Ipv6 Lookup Error:DNS Request Failed: NOT_FOUND,Ipv4 Lookup Error:DNS Request Failed: NOT_FOUND]
2026-08-28T10:28:51.137276117Z === Source Location Trace: ===
2026-08-28T10:28:51.137280048Z third_party/tensorflow/compiler/xla/pjrt/distributed/util.h:28
2026-08-28T10:28:51.148780404Z I0828 10:28:51.148725    6633 pipe_grpc.cc:174] Client RPC done with error status: UNAVAILABLE: errors resolving canon-p57-fl-zero-f45w15-799a0bd1-pathways-worker-0-8.canon-p57-fl-zero-f45w15-799a0bd1:29000: [field:hostname lookup error:Ipv6 Lookup Error:DNS Request Failed: NOT_FOUND,Ipv4 Lookup Error:DNS Request Failed: NOT_FOUND]
2026-08-28T10:28:51.148809998Z === Source Location Trace: ===
2026-08-28T10:28:51.148813574Z third_party/tensorflow/compiler/xla/pjrt/distributed/util.h:28
2026-08-28T10:28:51.160279069Z I0828 10:28:51.160228    5718 pipe_grpc.cc:174] Client RPC done with error status: UNAVAILABLE: errors resolving canon-p57-fl-zero-f45w15-799a0bd1-pathways-worker-0-1.canon-p57-fl-zero-f45w15-799a0bd1:29000: [field:hostname lookup error:Ipv6 Lookup Error:DNS Request Failed: NOT_FOUND,Ipv4 Lookup Error:DNS Request Failed: NOT_FOUND]
2026-08-28T10:28:51.160296346Z === Source Location Trace: ===
2026-08-28T10:28:51.160300056Z third_party/tensorflow/compiler/xla/pjrt/distributed/util.h:28
2026-08-28T10:28:51.166254598Z I0828 10:28:51.166134    5751 pipe_grpc.cc:174] Client RPC done with error status: UNAVAILABLE: errors resolving canon-p57-fl-zero-f45w15-799a0bd1-pathways-worker-0-6.canon-p57-fl-zero-f45w15-799a0bd1:29000: [field:hostname lookup error:Ipv6 Lookup Error:DNS Request Failed: NOT_FOUND,Ipv4 Lookup Error:DNS Request Failed: NOT_FOUND]
2026-08-28T10:28:51.166390322Z === Source Location Trace: ===
2026-08-28T10:28:51.166396225Z third_party/tensorflow/compiler/xla/pjrt/distributed/util.h:28
2026-08-28T10:28:51.193409313Z I0828 10:28:51.193344    5994 pipe_grpc.cc:174] Client RPC done with error status: UNAVAILABLE: errors resolving canon-p57-fl-zero-f45w15-799a0bd1-pathways-worker-0-7.canon-p57-fl-zero-f45w15-799a0bd1:29000: [field:hostname lookup error:Ipv6 Lookup Error:DNS Request Failed: NOT_FOUND,Ipv4 Lookup Error:DNS Request Failed: NOT_FOUND]
2026-08-28T10:28:51.193424463Z === Source Location Trace: ===
2026-08-28T10:28:51.193428017Z third_party/tensorflow/compiler/xla/pjrt/distributed/util.h:28
2026-08-28T10:28:51.216321217Z I0828 10:28:51.216269    6466 pipe_grpc.cc:174] Client RPC done with error status: UNAVAILABLE: errors resolving canon-p57-fl-zero-f45w15-799a0bd1-pathways-worker-0-1.canon-p57-fl-zero-f45w15-799a0bd1:29000: [field:hostname lookup error:Ipv6 Lookup Error:DNS Request Failed: NOT_FOUND,Ipv4 Lookup Error:DNS Request Failed: NOT_FOUND]
2026-08-28T10:28:51.216336328Z === Source Location Trace: ===
2026-08-28T10:28:51.216339881Z third_party/tensorflow/compiler/xla/pjrt/distributed/util.h:28
2026-08-28T10:28:51.324479205Z I0828 10:28:51.324406    6441 pipe_grpc.cc:174] Client RPC done with error status: UNAVAILABLE: errors resolving canon-p57-fl-zero-f45w15-799a0bd1-pathways-worker-0-3.canon-p57-fl-zero-f45w15-799a0bd1:29000: [field:hostname lookup error:Ipv6 Lookup Error:DNS Request Failed: NOT_FOUND,Ipv4 Lookup Error:DNS Request Failed: NOT_FOUND]
2026-08-28T10:28:51.324499471Z === Source Location Trace: ===
2026-08-28T10:28:51.324503387Z third_party/tensorflow/compiler/xla/pjrt/distributed/util.h:28
2026-08-28T10:28:51.499495668Z I0828 10:28:51.499439    5994 pipe_grpc.cc:174] Client RPC done with error status: UNAVAILABLE: errors resolving canon-p57-fl-zero-f45w15-799a0bd1-pathways-worker-0-11.canon-p57-fl-zero-f45w15-799a0bd1:29000: [field:hostname lookup error:Ipv6 Lookup Error:DNS Request Failed: NOT_FOUND,Ipv4 Lookup Error:DNS Request Failed: NOT_FOUND]
2026-08-28T10:28:51.499510411Z === Source Location Trace: ===
2026-08-28T10:28:51.499513783Z third_party/tensorflow/compiler/xla/pjrt/distributed/util.h:28
2026-08-28T10:28:51.503885442Z I0828 10:28:51.503822    6714 pipe_grpc.cc:174] Client RPC done with error status: UNAVAILABLE: errors resolving canon-p57-fl-zero-f45w15-799a0bd1-pathways-worker-0-9.canon-p57-fl-zero-f45w15-799a0bd1:29000: [field:hostname lookup error:Ipv6 Lookup Error:DNS Request Failed: NOT_FOUND,Ipv4 Lookup Error:DNS Request Failed: NOT_FOUND]
2026-08-28T10:28:51.503906643Z === Source Location Trace: ===
2026-08-28T10:28:51.503909723Z third_party/tensorflow/compiler/xla/pjrt/distributed/util.h:28
2026-08-28T10:28:51.833860094Z I0828 10:28:51.833798    6633 pipe_grpc.cc:174] Client RPC done with error status: UNAVAILABLE: errors resolving canon-p57-fl-zero-f45w15-799a0bd1-pathways-worker-0-15.canon-p57-fl-zero-f45w15-799a0bd1:29000: [field:hostname lookup error:Ipv6 Lookup Error:DNS Request Failed: NOT_FOUND,Ipv4 Lookup Error:DNS Request Failed: NOT_FOUND]
2026-08-28T10:28:51.833883407Z === Source Location Trace: ===
2026-08-28T10:28:51.833887757Z third_party/tensorflow/compiler/xla/pjrt/distributed/util.h:28
2026-08-28T10:28:52.153290257Z I0828 10:28:52.153232    6633 pipe_grpc.cc:174] Client RPC done with error status: UNAVAILABLE: errors resolving canon-p57-fl-zero-f45w15-799a0bd1-pathways-worker-0-4.canon-p57-fl-zero-f45w15-799a0bd1:29000: [field:hostname lookup error:Ipv6 Lookup Error:DNS Request Failed: NOT_FOUND,Ipv4 Lookup Error:DNS Request Failed: NOT_FOUND]
2026-08-28T10:28:52.153311544Z === Source Location Trace: ===
2026-08-28T10:28:52.153315676Z third_party/tensorflow/compiler/xla/pjrt/distributed/util.h:28
2026-08-28T10:28:52.163119303Z I0828 10:28:52.163070    6633 pipe_grpc.cc:174] Client RPC done with error status: UNAVAILABLE: errors resolving canon-p57-fl-zero-f45w15-799a0bd1-pathways-worker-0-14.canon-p57-fl-zero-f45w15-799a0bd1:29000: [field:hostname lookup error:Ipv6 Lookup Error:DNS Request Failed: NOT_FOUND,Ipv4 Lookup Error:DNS Request Failed: NOT_FOUND]
2026-08-28T10:28:52.163141997Z === Source Location Trace: ===
2026-08-28T10:28:52.163146641Z third_party/tensorflow/compiler/xla/pjrt/distributed/util.h:28
2026-08-28T10:28:52.733283356Z I0828 10:28:52.733229    5994 pipe_grpc.cc:174] Client RPC done with error status: UNAVAILABLE: errors resolving canon-p57-fl-zero-f45w15-799a0bd1-pathways-worker-0-13.canon-p57-fl-zero-f45w15-799a0bd1:29000: [field:hostname lookup error:Ipv6 Lookup Error:DNS Request Failed: NOT_FOUND,Ipv4 Lookup Error:DNS Request Failed: NOT_FOUND]
2026-08-28T10:28:52.733297635Z === Source Location Trace: ===
2026-08-28T10:28:52.733301792Z third_party/tensorflow/compiler/xla/pjrt/distributed/util.h:28
2026-08-28T10:28:52.790869128Z I0828 10:28:52.790818    6641 pipe_grpc.cc:174] Client RPC done with error status: UNAVAILABLE: errors resolving canon-p57-fl-zero-f45w15-799a0bd1-pathways-worker-0-2.canon-p57-fl-zero-f45w15-799a0bd1:29000: [field:hostname lookup error:Ipv6 Lookup Error:DNS Request Failed: NOT_FOUND,Ipv4 Lookup Error:DNS Request Failed: NOT_FOUND]
2026-08-28T10:28:52.790892090Z === Source Location Trace: ===
2026-08-28T10:28:52.790896314Z third_party/tensorflow/compiler/xla/pjrt/distributed/util.h:28
2026-08-28T10:28:52.825194640Z I0828 10:28:52.825138    6306 pipe_grpc.cc:174] Client RPC done with error status: UNAVAILABLE: failed to connect to all addresses; last error: UNKNOWN: ipv4:10.164.0.119:29001: Failed to connect to remote host: Connection refused
2026-08-28T10:28:52.825205242Z === Source Location Trace: ===
2026-08-28T10:28:52.825208865Z third_party/tensorflow/compiler/xla/pjrt/distributed/util.h:28
2026-08-28T10:28:53.081050897Z I0828 10:28:53.080975    5718 pipe_grpc.cc:174] Client RPC done with error status: UNAVAILABLE: errors resolving canon-p57-fl-zero-f45w15-799a0bd1-pathways-worker-0-12.canon-p57-fl-zero-f45w15-799a0bd1:29000: [field:hostname lookup error:Ipv6 Lookup Error:DNS Request Failed: NOT_FOUND,Ipv4 Lookup Error:DNS Request Failed: NOT_FOUND]
2026-08-28T10:28:53.081072197Z === Source Location Trace: ===
2026-08-28T10:28:53.081076734Z third_party/tensorflow/compiler/xla/pjrt/distributed/util.h:28
2026-08-28T10:28:53.199159684Z I0828 10:28:53.199105    5994 pipe_grpc.cc:174] Client RPC done with error status: UNAVAILABLE: errors resolving canon-p57-fl-zero-f45w15-799a0bd1-pathways-worker-0-7.canon-p57-fl-zero-f45w15-799a0bd1:29000: [field:hostname lookup error:Ipv6 Lookup Error:DNS Request Failed: NOT_FOUND,Ipv4 Lookup Error:DNS Request Failed: NOT_FOUND]
2026-08-28T10:28:53.199179217Z === Source Location Trace: ===
2026-08-28T10:28:53.199182231Z third_party/tensorflow/compiler/xla/pjrt/distributed/util.h:28
2026-08-28T10:28:53.222021388Z I0828 10:28:53.221969    6441 pipe_grpc.cc:174] Client RPC done with error status: UNAVAILABLE: errors resolving canon-p57-fl-zero-f45w15-799a0bd1-pathways-worker-0-3.canon-p57-fl-zero-f45w15-799a0bd1:29000: [field:hostname lookup error:Ipv6 Lookup Error:DNS Request Failed: NOT_FOUND,Ipv4 Lookup Error:DNS Request Failed: NOT_FOUND]
2026-08-28T10:28:53.222042682Z === Source Location Trace: ===
2026-08-28T10:28:53.222046636Z third_party/tensorflow/compiler/xla/pjrt/distributed/util.h:28
2026-08-28T10:28:53.312489601Z I0828 10:28:53.312431    6441 pipe_grpc.cc:174] Client RPC done with error status: UNAVAILABLE: errors resolving canon-p57-fl-zero-f45w15-799a0bd1-pathways-worker-0-10.canon-p57-fl-zero-f45w15-799a0bd1:29000: [field:hostname lookup error:Ipv6 Lookup Error:DNS Request Failed: NOT_FOUND,Ipv4 Lookup Error:DNS Request Failed: NOT_FOUND]
2026-08-28T10:28:53.312514205Z === Source Location Trace: ===
2026-08-28T10:28:53.312518274Z third_party/tensorflow/compiler/xla/pjrt/distributed/util.h:28
2026-08-28T10:28:53.380309377Z I0828 10:28:53.380257    6306 pipe_grpc.cc:174] Client RPC done with error status: UNAVAILABLE: errors resolving canon-p57-fl-zero-f45w15-799a0bd1-pathways-worker-0-5.canon-p57-fl-zero-f45w15-799a0bd1:29000: [field:hostname lookup error:Ipv4 Lookup Error:DNS Request Failed: NOT_FOUND,Ipv6 Lookup Error:DNS Request Failed: NOT_FOUND]
2026-08-28T10:28:53.380323197Z === Source Location Trace: ===
2026-08-28T10:28:53.380326581Z third_party/tensorflow/compiler/xla/pjrt/distributed/util.h:28
2026-08-28T10:28:53.446045977Z I0828 10:28:53.445997    6306 pipe_grpc.cc:174] Client RPC done with error status: UNAVAILABLE: errors resolving canon-p57-fl-zero-f45w15-799a0bd1-pathways-worker-0-1.canon-p57-fl-zero-f45w15-799a0bd1:29000: [field:hostname lookup error:Ipv6 Lookup Error:DNS Request Failed: NOT_FOUND,Ipv4 Lookup Error:DNS Request Failed: NOT_FOUND]
2026-08-28T10:28:53.446060526Z === Source Location Trace: ===
2026-08-28T10:28:53.446064509Z third_party/tensorflow/compiler/xla/pjrt/distributed/util.h:28
2026-08-28T10:28:53.650248855Z I0828 10:28:53.650192    6798 pipe_grpc.cc:174] Client RPC done with error status: UNAVAILABLE: errors resolving canon-p57-fl-zero-f45w15-799a0bd1-pathways-worker-0-8.canon-p57-fl-zero-f45w15-799a0bd1:29000: [field:hostname lookup error:Ipv6 Lookup Error:DNS Request Failed: NOT_FOUND,Ipv4 Lookup Error:DNS Request Failed: NOT_FOUND]
2026-08-28T10:28:53.650260328Z === Source Location Trace: ===
2026-08-28T10:28:53.650263401Z third_party/tensorflow/compiler/xla/pjrt/distributed/util.h:28
2026-08-28T10:28:53.676981665Z I0828 10:28:53.676845    6306 pipe_grpc.cc:174] Client RPC done with error status: UNAVAILABLE: errors resolving canon-p57-fl-zero-f45w15-799a0bd1-pathways-worker-0-11.canon-p57-fl-zero-f45w15-799a0bd1:29000: [field:hostname lookup error:Ipv4 Lookup Error:DNS Request Failed: NOT_FOUND,Ipv6 Lookup Error:DNS Request Failed: NOT_FOUND]
2026-08-28T10:28:53.677017589Z === Source Location Trace: ===
2026-08-28T10:28:53.677023396Z third_party/tensorflow/compiler/xla/pjrt/distributed/util.h:28
2026-08-28T10:28:53.694513380Z I0828 10:28:53.694436    6721 pipe_grpc.cc:174] Client RPC done with error status: UNAVAILABLE: errors resolving canon-p57-fl-zero-f45w15-799a0bd1-pathways-worker-0-6.canon-p57-fl-zero-f45w15-799a0bd1:29000: [field:hostname lookup error:Ipv6 Lookup Error:DNS Request Failed: NOT_FOUND,Ipv4 Lookup Error:DNS Request Failed: NOT_FOUND]
2026-08-28T10:28:53.694554610Z === Source Location Trace: ===
2026-08-28T10:28:53.694566085Z third_party/tensorflow/compiler/xla/pjrt/distributed/util.h:28
2026-08-28T10:28:53.718476775Z I0828 10:28:53.718411    7068 pipe_grpc.cc:174] Client RPC done with error status: UNAVAILABLE: errors resolving canon-p57-fl-zero-f45w15-799a0bd1-pathways-worker-0-9.canon-p57-fl-zero-f45w15-799a0bd1:29000: [field:hostname lookup error:Ipv6 Lookup Error:DNS Request Failed: NOT_FOUND,Ipv4 Lookup Error:DNS Request Failed: NOT_FOUND]
2026-08-28T10:28:53.718488922Z === Source Location Trace: ===
2026-08-28T10:28:53.718492580Z third_party/tensorflow/compiler/xla/pjrt/distributed/util.h:28
2026-08-28T10:28:53.729091188Z I0828 10:28:53.729034    7086 pipe_grpc.cc:174] Client RPC done with error status: UNAVAILABLE: errors resolving canon-p57-fl-zero-f45w15-799a0bd1-pathways-worker-0-1.canon-p57-fl-zero-f45w15-799a0bd1:29000: [field:hostname lookup error:Ipv6 Lookup Error:DNS Request Failed: NOT_FOUND,Ipv4 Lookup Error:DNS Request Failed: NOT_FOUND]
2026-08-28T10:28:53.729105171Z === Source Location Trace: ===
2026-08-28T10:28:53.729109793Z third_party/tensorflow/compiler/xla/pjrt/distributed/util.h:28
2026-08-28T10:28:54.490886685Z I0828 10:28:54.490824    7069 pipe_grpc.cc:174] Client RPC done with error status: UNAVAILABLE: errors resolving canon-p57-fl-zero-f45w15-799a0bd1-pathways-worker-0-4.canon-p57-fl-zero-f45w15-799a0bd1:29000: [field:hostname lookup error:Ipv6 Lookup Error:DNS Request Failed: NOT_FOUND,Ipv4 Lookup Error:DNS Request Failed: NOT_FOUND]
2026-08-28T10:28:54.490905203Z === Source Location Trace: ===
2026-08-28T10:28:54.490908972Z third_party/tensorflow/compiler/xla/pjrt/distributed/util.h:28
2026-08-28T10:28:54.620511913Z I0828 10:28:54.620457    7069 pipe_grpc.cc:174] Client RPC done with error status: UNAVAILABLE: errors resolving canon-p57-fl-zero-f45w15-799a0bd1-pathways-worker-0-14.canon-p57-fl-zero-f45w15-799a0bd1:29000: [field:hostname lookup error:Ipv6 Lookup Error:DNS Request Failed: NOT_FOUND,Ipv4 Lookup Error:DNS Request Failed: NOT_FOUND]
2026-08-28T10:28:54.620547202Z === Source Location Trace: ===
2026-08-28T10:28:54.620552011Z third_party/tensorflow/compiler/xla/pjrt/distributed/util.h:28
2026-08-28T10:28:54.625455075Z I0828 10:28:54.625352    6306 pipe_grpc.cc:174] Client RPC done with error status: UNAVAILABLE: errors resolving canon-p57-fl-zero-f45w15-799a0bd1-pathways-worker-0-15.canon-p57-fl-zero-f45w15-799a0bd1:29000: [field:hostname lookup error:Ipv4 Lookup Error:DNS Request Failed: NOT_FOUND,Ipv6 Lookup Error:DNS Request Failed: NOT_FOUND]
2026-08-28T10:28:54.625482529Z === Source Location Trace: ===
2026-08-28T10:28:54.625486346Z third_party/tensorflow/compiler/xla/pjrt/distributed/util.h:28
2026-08-28T10:28:55.733035361Z I0828 10:28:55.732962    7068 pipe_grpc.cc:174] Client RPC done with error status: UNAVAILABLE: errors resolving canon-p57-fl-zero-f45w15-799a0bd1-pathways-worker-0-7.canon-p57-fl-zero-f45w15-799a0bd1:29000: [field:hostname lookup error:Ipv6 Lookup Error:DNS Request Failed: NOT_FOUND,Ipv4 Lookup Error:DNS Request Failed: NOT_FOUND]
2026-08-28T10:28:55.733058078Z === Source Location Trace: ===
2026-08-28T10:28:55.733062147Z third_party/tensorflow/compiler/xla/pjrt/distributed/util.h:28
2026-08-28T10:28:56.116348462Z I0828 10:28:56.116291    5718 pipe_grpc.cc:174] Client RPC done with error status: UNAVAILABLE: errors resolving canon-p57-fl-zero-f45w15-799a0bd1-pathways-worker-0-1.canon-p57-fl-zero-f45w15-799a0bd1:29000: [field:hostname lookup error:Ipv6 Lookup Error:DNS Request Failed: NOT_FOUND,Ipv4 Lookup Error:DNS Request Failed: NOT_FOUND]
2026-08-28T10:28:56.116360940Z === Source Location Trace: ===
2026-08-28T10:28:56.116364455Z third_party/tensorflow/compiler/xla/pjrt/distributed/util.h:28
2026-08-28T10:28:56.160629090Z I0828 10:28:56.160476    6306 pipe_grpc.cc:174] Client RPC done with error status: UNAVAILABLE: failed to connect to all addresses; last error: UNKNOWN: ipv4:10.164.0.119:29001: Failed to connect to remote host: Connection refused
2026-08-28T10:28:56.160660180Z === Source Location Trace: ===
2026-08-28T10:28:56.160664467Z third_party/tensorflow/compiler/xla/pjrt/distributed/util.h:28
2026-08-28T10:28:56.228880711Z I0828 10:28:56.228814    5718 pipe_grpc.cc:174] Client RPC done with error status: UNAVAILABLE: errors resolving canon-p57-fl-zero-f45w15-799a0bd1-pathways-worker-0-5.canon-p57-fl-zero-f45w15-799a0bd1:29000: [field:hostname lookup error:Ipv6 Lookup Error:DNS Request Failed: NOT_FOUND,Ipv4 Lookup Error:DNS Request Failed: NOT_FOUND]
2026-08-28T10:28:56.228907195Z === Source Location Trace: ===
2026-08-28T10:28:56.228911088Z third_party/tensorflow/compiler/xla/pjrt/distributed/util.h:28
2026-08-28T10:28:56.230666355Z I0828 10:28:56.230595    6306 pipe_grpc.cc:174] Client RPC done with error status: UNAVAILABLE: errors resolving canon-p57-fl-zero-f45w15-799a0bd1-pathways-worker-0-10.canon-p57-fl-zero-f45w15-799a0bd1:29000: [field:hostname lookup error:Ipv6 Lookup Error:DNS Request Failed: NOT_FOUND,Ipv4 Lookup Error:DNS Request Failed: NOT_FOUND]
2026-08-28T10:28:56.230677702Z === Source Location Trace: ===
2026-08-28T10:28:56.230681707Z third_party/tensorflow/compiler/xla/pjrt/distributed/util.h:28
2026-08-28T10:28:56.311436206Z I0828 10:28:56.311371    6306 pipe_grpc.cc:174] Client RPC done with error status: UNAVAILABLE: errors resolving canon-p57-fl-zero-f45w15-799a0bd1-pathways-worker-0-2.canon-p57-fl-zero-f45w15-799a0bd1:29000: [field:hostname lookup error:Ipv4 Lookup Error:DNS Request Failed: NOT_FOUND,Ipv6 Lookup Error:DNS Request Failed: NOT_FOUND]
2026-08-28T10:28:56.311461138Z === Source Location Trace: ===
2026-08-28T10:28:56.311465548Z third_party/tensorflow/compiler/xla/pjrt/distributed/util.h:28
2026-08-28T10:28:56.335182562Z I0828 10:28:56.335105    6638 pipe_grpc.cc:174] Client RPC done with error status: UNAVAILABLE: errors resolving canon-p57-fl-zero-f45w15-799a0bd1-pathways-worker-0-11.canon-p57-fl-zero-f45w15-799a0bd1:29000: [field:hostname lookup error:Ipv6 Lookup Error:DNS Request Failed: NOT_FOUND,Ipv4 Lookup Error:DNS Request Failed: NOT_FOUND]
2026-08-28T10:28:56.335206360Z === Source Location Trace: ===
2026-08-28T10:28:56.335210607Z third_party/tensorflow/compiler/xla/pjrt/distributed/util.h:28
2026-08-28T10:28:56.345219549Z I0828 10:28:56.345147    6306 pipe_grpc.cc:174] Client RPC done with error status: UNAVAILABLE: errors resolving canon-p57-fl-zero-f45w15-799a0bd1-pathways-worker-0-13.canon-p57-fl-zero-f45w15-799a0bd1:29000: [field:hostname lookup error:Ipv4 Lookup Error:DNS Request Failed: NOT_FOUND,Ipv6 Lookup Error:DNS Request Failed: NOT_FOUND]
2026-08-28T10:28:56.345231373Z === Source Location Trace: ===
2026-08-28T10:28:56.345235627Z third_party/tensorflow/compiler/xla/pjrt/distributed/util.h:28
2026-08-28T10:28:56.409355919Z I0828 10:28:56.409280    6306 pipe_grpc.cc:174] Client RPC done with error status: UNAVAILABLE: errors resolving canon-p57-fl-zero-f45w15-799a0bd1-pathways-worker-0-12.canon-p57-fl-zero-f45w15-799a0bd1:29000: [field:hostname lookup error:Ipv4 Lookup Error:DNS Request Failed: NOT_FOUND,Ipv6 Lookup Error:DNS Request Failed: NOT_FOUND]
2026-08-28T10:28:56.409381987Z === Source Location Trace: ===
2026-08-28T10:28:56.409386979Z third_party/tensorflow/compiler/xla/pjrt/distributed/util.h:28
2026-08-28T10:28:56.417049874Z I0828 10:28:56.416998    6306 pipe_grpc.cc:174] Client RPC done with error status: UNAVAILABLE: errors resolving canon-p57-fl-zero-f45w15-799a0bd1-pathways-worker-0-3.canon-p57-fl-zero-f45w15-799a0bd1:29000: [field:hostname lookup error:Ipv4 Lookup Error:DNS Request Failed: NOT_FOUND,Ipv6 Lookup Error:DNS Request Failed: NOT_FOUND]
2026-08-28T10:28:56.417063656Z === Source Location Trace: ===
2026-08-28T10:28:56.417067405Z third_party/tensorflow/compiler/xla/pjrt/distributed/util.h:28
2026-08-28T10:28:56.500231970Z I0828 10:28:56.500166    7068 pipe_grpc.cc:174] Client RPC done with error status: UNAVAILABLE: errors resolving canon-p57-fl-zero-f45w15-799a0bd1-pathways-worker-0-1.canon-p57-fl-zero-f45w15-799a0bd1:29000: [field:hostname lookup error:Ipv6 Lookup Error:DNS Request Failed: NOT_FOUND,Ipv4 Lookup Error:DNS Request Failed: NOT_FOUND]
2026-08-28T10:28:56.500245779Z === Source Location Trace: ===
2026-08-28T10:28:56.500250186Z third_party/tensorflow/compiler/xla/pjrt/distributed/util.h:28
2026-08-28T10:28:56.753381942Z I0828 10:28:56.753297    6306 pipe_grpc.cc:174] Client RPC done with error status: UNAVAILABLE: errors resolving canon-p57-fl-zero-f45w15-799a0bd1-pathways-worker-0-8.canon-p57-fl-zero-f45w15-799a0bd1:29000: [field:hostname lookup error:Ipv4 Lookup Error:DNS Request Failed: NOT_FOUND,Ipv6 Lookup Error:DNS Request Failed: NOT_FOUND]
2026-08-28T10:28:56.753398102Z === Source Location Trace: ===
2026-08-28T10:28:56.753402416Z third_party/tensorflow/compiler/xla/pjrt/distributed/util.h:28
2026-08-28T10:28:57.019007866Z I0828 10:28:57.018933    6736 pipe_grpc.cc:174] Client RPC done with error status: UNAVAILABLE: errors resolving canon-p57-fl-zero-f45w15-799a0bd1-pathways-worker-0-4.canon-p57-fl-zero-f45w15-799a0bd1:29000: [field:hostname lookup error:Ipv6 Lookup Error:DNS Request Failed: NOT_FOUND,Ipv4 Lookup Error:DNS Request Failed: NOT_FOUND]
2026-08-28T10:28:57.019033170Z === Source Location Trace: ===
2026-08-28T10:28:57.019037565Z third_party/tensorflow/compiler/xla/pjrt/distributed/util.h:28
2026-08-28T10:28:57.173771288Z I0828 10:28:57.173671    6226 pipe_grpc.cc:174] Client RPC done with error status: UNAVAILABLE: errors resolving canon-p57-fl-zero-f45w15-799a0bd1-pathways-worker-0-6.canon-p57-fl-zero-f45w15-799a0bd1:29000: [field:hostname lookup error:Ipv6 Lookup Error:DNS Request Failed: NOT_FOUND,Ipv4 Lookup Error:DNS Request Failed: NOT_FOUND]
2026-08-28T10:28:57.173790344Z === Source Location Trace: ===
2026-08-28T10:28:57.173794758Z third_party/tensorflow/compiler/xla/pjrt/distributed/util.h:28
2026-08-28T10:28:57.264480448Z I0828 10:28:57.264404    6714 pipe_grpc.cc:174] Client RPC done with error status: UNAVAILABLE: errors resolving canon-p57-fl-zero-f45w15-799a0bd1-pathways-worker-0-9.canon-p57-fl-zero-f45w15-799a0bd1:29000: [field:hostname lookup error:Ipv6 Lookup Error:DNS Request Failed: NOT_FOUND,Ipv4 Lookup Error:DNS Request Failed: NOT_FOUND]
2026-08-28T10:28:57.264507019Z === Source Location Trace: ===
2026-08-28T10:28:57.264511257Z third_party/tensorflow/compiler/xla/pjrt/distributed/util.h:28
2026-08-28T10:28:57.663442885Z I0828 10:28:57.663366    6798 pipe_grpc.cc:174] Client RPC done with error status: UNAVAILABLE: errors resolving canon-p57-fl-zero-f45w15-799a0bd1-pathways-worker-0-15.canon-p57-fl-zero-f45w15-799a0bd1:29000: [field:hostname lookup error:Ipv6 Lookup Error:DNS Request Failed: NOT_FOUND,Ipv4 Lookup Error:DNS Request Failed: NOT_FOUND]
2026-08-28T10:28:57.663461896Z === Source Location Trace: ===
2026-08-28T10:28:57.663466402Z third_party/tensorflow/compiler/xla/pjrt/distributed/util.h:28
2026-08-28T10:28:58.166468270Z I0828 10:28:58.166399    6736 pipe_grpc.cc:174] Client RPC done with error status: UNAVAILABLE: errors resolving canon-p57-fl-zero-f45w15-799a0bd1-pathways-worker-0-14.canon-p57-fl-zero-f45w15-799a0bd1:29000: [field:hostname lookup error:Ipv6 Lookup Error:DNS Request Failed: NOT_FOUND,Ipv4 Lookup Error:DNS Request Failed: NOT_FOUND]
2026-08-28T10:28:58.166495415Z === Source Location Trace: ===
2026-08-28T10:28:58.166499675Z third_party/tensorflow/compiler/xla/pjrt/distributed/util.h:28
2026-08-28T10:28:59.037962844Z I0828 10:28:59.037826    6306 pipe_grpc.cc:174] Client RPC done with error status: UNAVAILABLE: failed to connect to all addresses; last error: UNKNOWN: ipv4:10.164.0.119:29001: Failed to connect to remote host: Connection refused
2026-08-28T10:28:59.038017466Z === Source Location Trace: ===
2026-08-28T10:28:59.038022308Z third_party/tensorflow/compiler/xla/pjrt/distributed/util.h:28
2026-08-28T10:28:59.174500681Z I0828 10:28:59.174418    5718 pipe_grpc.cc:174] Client RPC done with error status: UNAVAILABLE: errors resolving canon-p57-fl-zero-f45w15-799a0bd1-pathways-worker-0-10.canon-p57-fl-zero-f45w15-799a0bd1:29000: [field:hostname lookup error:Ipv6 Lookup Error:DNS Request Failed: NOT_FOUND,Ipv4 Lookup Error:DNS Request Failed: NOT_FOUND]
2026-08-28T10:28:59.174539499Z === Source Location Trace: ===
2026-08-28T10:28:59.174547680Z third_party/tensorflow/compiler/xla/pjrt/distributed/util.h:28
2026-08-28T10:28:59.642294008Z I0828 10:28:59.642186    6616 pipe_grpc.cc:174] Client RPC done with error status: UNAVAILABLE: errors resolving canon-p57-fl-zero-f45w15-799a0bd1-pathways-worker-0-7.canon-p57-fl-zero-f45w15-799a0bd1:29000: [field:hostname lookup error:Ipv6 Lookup Error:DNS Request Failed: NOT_FOUND,Ipv4 Lookup Error:DNS Request Failed: NOT_FOUND]
2026-08-28T10:28:59.642330039Z === Source Location Trace: ===
2026-08-28T10:28:59.642335486Z third_party/tensorflow/compiler/xla/pjrt/distributed/util.h:28
2026-08-28T10:28:59.644341683Z I0828 10:28:59.644271    6721 pipe_grpc.cc:174] Client RPC done with error status: UNAVAILABLE: errors resolving canon-p57-fl-zero-f45w15-799a0bd1-pathways-worker-0-1.canon-p57-fl-zero-f45w15-799a0bd1:29000: [field:hostname lookup error:Ipv6 Lookup Error:DNS Request Failed: NOT_FOUND,Ipv4 Lookup Error:DNS Request Failed: NOT_FOUND]
2026-08-28T10:28:59.644368227Z === Source Location Trace: ===
2026-08-28T10:28:59.644372796Z third_party/tensorflow/compiler/xla/pjrt/distributed/util.h:28
2026-08-28T10:28:59.910232479Z I0828 10:28:59.910169    5718 pipe_grpc.cc:174] Client RPC done with error status: UNAVAILABLE: errors resolving canon-p57-fl-zero-f45w15-799a0bd1-pathways-worker-0-12.canon-p57-fl-zero-f45w15-799a0bd1:29000: [field:hostname lookup error:Ipv6 Lookup Error:DNS Request Failed: NOT_FOUND,Ipv4 Lookup Error:DNS Request Failed: NOT_FOUND]
2026-08-28T10:28:59.910252585Z === Source Location Trace: ===
2026-08-28T10:28:59.910256386Z third_party/tensorflow/compiler/xla/pjrt/distributed/util.h:28
2026-08-28T10:29:00.012209454Z I0828 10:29:00.012149    6466 pipe_grpc.cc:174] Client RPC done with error status: UNAVAILABLE: errors resolving canon-p57-fl-zero-f45w15-799a0bd1-pathways-worker-0-1.canon-p57-fl-zero-f45w15-799a0bd1:29000: [field:hostname lookup error:Ipv6 Lookup Error:DNS Request Failed: NOT_FOUND,Ipv4 Lookup Error:DNS Request Failed: NOT_FOUND]
2026-08-28T10:29:00.012234523Z === Source Location Trace: ===
2026-08-28T10:29:00.012239083Z third_party/tensorflow/compiler/xla/pjrt/distributed/util.h:28
2026-08-28T10:29:00.127986862Z I0828 10:29:00.127931    6798 pipe_grpc.cc:174] Client RPC done with error status: UNAVAILABLE: errors resolving canon-p57-fl-zero-f45w15-799a0bd1-pathways-worker-0-8.canon-p57-fl-zero-f45w15-799a0bd1:29000: [field:hostname lookup error:Ipv6 Lookup Error:DNS Request Failed: NOT_FOUND,Ipv4 Lookup Error:DNS Request Failed: NOT_FOUND]
2026-08-28T10:29:00.128010279Z === Source Location Trace: ===
2026-08-28T10:29:00.128014287Z third_party/tensorflow/compiler/xla/pjrt/distributed/util.h:28
2026-08-28T10:29:00.151153669Z I0828 10:29:00.151104    6466 pipe_grpc.cc:174] Client RPC done with error status: UNAVAILABLE: errors resolving canon-p57-fl-zero-f45w15-799a0bd1-pathways-worker-0-5.canon-p57-fl-zero-f45w15-799a0bd1:29000: [field:hostname lookup error:Ipv6 Lookup Error:DNS Request Failed: NOT_FOUND,Ipv4 Lookup Error:DNS Request Failed: NOT_FOUND]
2026-08-28T10:29:00.151164801Z === Source Location Trace: ===
2026-08-28T10:29:00.151168607Z third_party/tensorflow/compiler/xla/pjrt/distributed/util.h:28
2026-08-28T10:29:00.293430888Z I0828 10:29:00.293344    6306 pipe_grpc.cc:174] Client RPC done with error status: UNAVAILABLE: errors resolving canon-p57-fl-zero-f45w15-799a0bd1-pathways-worker-0-4.canon-p57-fl-zero-f45w15-799a0bd1:29000: [field:hostname lookup error:Ipv6 Lookup Error:DNS Request Failed: NOT_FOUND,Ipv4 Lookup Error:DNS Request Failed: NOT_FOUND]
2026-08-28T10:29:00.293462805Z === Source Location Trace: ===
2026-08-28T10:29:00.293466327Z third_party/tensorflow/compiler/xla/pjrt/distributed/util.h:28
2026-08-28T10:29:00.415901077Z I0828 10:29:00.415836    6466 pipe_grpc.cc:174] Client RPC done with error status: UNAVAILABLE: errors resolving canon-p57-fl-zero-f45w15-799a0bd1-pathways-worker-0-2.canon-p57-fl-zero-f45w15-799a0bd1:29000: [field:hostname lookup error:Ipv6 Lookup Error:DNS Request Failed: NOT_FOUND,Ipv4 Lookup Error:DNS Request Failed: NOT_FOUND]
2026-08-28T10:29:00.415921186Z === Source Location Trace: ===
2026-08-28T10:29:00.415925255Z third_party/tensorflow/compiler/xla/pjrt/distributed/util.h:28
2026-08-28T10:29:00.487452128Z I0828 10:29:00.487396    6633 pipe_grpc.cc:174] Client RPC done with error status: UNAVAILABLE: errors resolving canon-p57-fl-zero-f45w15-799a0bd1-pathways-worker-0-3.canon-p57-fl-zero-f45w15-799a0bd1:29000: [field:hostname lookup error:Ipv6 Lookup Error:DNS Request Failed: NOT_FOUND,Ipv4 Lookup Error:DNS Request Failed: NOT_FOUND]
2026-08-28T10:29:00.487468788Z === Source Location Trace: ===
2026-08-28T10:29:00.487472757Z third_party/tensorflow/compiler/xla/pjrt/distributed/util.h:28
2026-08-28T10:29:00.522453097Z I0828 10:29:00.522362    6306 pipe_grpc.cc:174] Client RPC done with error status: UNAVAILABLE: errors resolving canon-p57-fl-zero-f45w15-799a0bd1-pathways-worker-0-6.canon-p57-fl-zero-f45w15-799a0bd1:29000: [field:hostname lookup error:Ipv4 Lookup Error:DNS Request Failed: NOT_FOUND,Ipv6 Lookup Error:DNS Request Failed: NOT_FOUND]
2026-08-28T10:29:00.522482117Z === Source Location Trace: ===
2026-08-28T10:29:00.522487382Z third_party/tensorflow/compiler/xla/pjrt/distributed/util.h:28
2026-08-28T10:29:00.608716330Z I0828 10:29:00.608637    6616 pipe_grpc.cc:174] Client RPC done with error status: UNAVAILABLE: errors resolving canon-p57-fl-zero-f45w15-799a0bd1-pathways-worker-0-13.canon-p57-fl-zero-f45w15-799a0bd1:29000: [field:hostname lookup error:Ipv4 Lookup Error:DNS Request Failed: NOT_FOUND,Ipv6 Lookup Error:DNS Request Failed: NOT_FOUND]
2026-08-28T10:29:00.608739694Z === Source Location Trace: ===
2026-08-28T10:29:00.608745201Z third_party/tensorflow/compiler/xla/pjrt/distributed/util.h:28
2026-08-28T10:29:01.034589276Z I0828 10:29:01.034507    6306 pipe_grpc.cc:174] Client RPC done with error status: UNAVAILABLE: errors resolving canon-p57-fl-zero-f45w15-799a0bd1-pathways-worker-0-11.canon-p57-fl-zero-f45w15-799a0bd1:29000: [field:hostname lookup error:Ipv4 Lookup Error:DNS Request Failed: NOT_FOUND,Ipv6 Lookup Error:DNS Request Failed: NOT_FOUND]
2026-08-28T10:29:01.034606108Z === Source Location Trace: ===
2026-08-28T10:29:01.034610012Z third_party/tensorflow/compiler/xla/pjrt/distributed/util.h:28
2026-08-28T10:29:01.079514528Z I0828 10:29:01.079426    6466 pipe_grpc.cc:174] Client RPC done with error status: UNAVAILABLE: errors resolving canon-p57-fl-zero-f45w15-799a0bd1-pathways-worker-0-14.canon-p57-fl-zero-f45w15-799a0bd1:29000: [field:hostname lookup error:Ipv4 Lookup Error:DNS Request Failed: NOT_FOUND,Ipv6 Lookup Error:DNS Request Failed: NOT_FOUND]
2026-08-28T10:29:01.079547921Z === Source Location Trace: ===
2026-08-28T10:29:01.079552199Z third_party/tensorflow/compiler/xla/pjrt/distributed/util.h:28
2026-08-28T10:29:01.769856360Z I0828 10:29:01.769768    6306 pipe_grpc.cc:174] Client RPC done with error status: UNAVAILABLE: errors resolving canon-p57-fl-zero-f45w15-799a0bd1-pathways-worker-0-9.canon-p57-fl-zero-f45w15-799a0bd1:29000: [field:hostname lookup error:Ipv4 Lookup Error:DNS Request Failed: NOT_FOUND,Ipv6 Lookup Error:DNS Request Failed: NOT_FOUND]
2026-08-28T10:29:01.769898736Z === Source Location Trace: ===
2026-08-28T10:29:01.769904129Z third_party/tensorflow/compiler/xla/pjrt/distributed/util.h:28
2026-08-28T10:29:02.125987112Z I0828 10:29:02.125903    6306 pipe_grpc.cc:174] Client RPC done with error status: UNAVAILABLE: errors resolving canon-p57-fl-zero-f45w15-799a0bd1-pathways-worker-0-15.canon-p57-fl-zero-f45w15-799a0bd1:29000: [field:hostname lookup error:Ipv4 Lookup Error:DNS Request Failed: NOT_FOUND,Ipv6 Lookup Error:DNS Request Failed: NOT_FOUND]
2026-08-28T10:29:02.126003229Z === Source Location Trace: ===
2026-08-28T10:29:02.126008352Z third_party/tensorflow/compiler/xla/pjrt/distributed/util.h:28
2026-08-28T10:29:02.186340797Z W0828 10:29:02.186250    6655 master.cc:919] SliceBuilder controller missed 1 gRPC heartbeats from task canon-p57-fl-zero-f45w15-799a0bd1-pathways-worker-0-10.canon-p57-fl-zero-f45w15-799a0bd1:8471 with the error status: UNAVAILABLE: failed to connect to all addresses; last error: UNKNOWN: ipv4:10.164.0.198:8471: Failed to connect to remote host: Connection refused.
2026-08-28T10:29:02.186360977Z W0828 10:29:02.186296    6326 master.cc:919] SliceBuilder controller missed 1 gRPC heartbeats from task canon-p57-fl-zero-f45w15-799a0bd1-pathways-worker-0-9.canon-p57-fl-zero-f45w15-799a0bd1:8471 with the error status: UNAVAILABLE: failed to connect to all addresses; last error: UNKNOWN: ipv4:10.164.0.187:8471: Failed to connect to remote host: Connection refused.
2026-08-28T10:29:02.186365263Z W0828 10:29:02.186315    6315 master.cc:919] SliceBuilder controller missed 1 gRPC heartbeats from task canon-p57-fl-zero-f45w15-799a0bd1-pathways-worker-0-14.canon-p57-fl-zero-f45w15-799a0bd1:8471 with the error status: UNAVAILABLE: failed to connect to all addresses; last error: UNKNOWN: ipv4:10.164.0.193:8471: Failed to connect to remote host: Connection refused.
2026-08-28T10:29:02.186378154Z W0828 10:29:02.186331    6337 master.cc:919] SliceBuilder controller missed 1 gRPC heartbeats from task canon-p57-fl-zero-f45w15-799a0bd1-pathways-worker-0-12.canon-p57-fl-zero-f45w15-799a0bd1:8471 with the error status: UNAVAILABLE: failed to connect to all addresses; last error: UNKNOWN: ipv4:10.164.0.194:8471: Failed to connect to remote host: Connection refused.
2026-08-28T10:29:02.186402956Z W0828 10:29:02.186347    6331 master.cc:919] SliceBuilder controller missed 1 gRPC heartbeats from task canon-p57-fl-zero-f45w15-799a0bd1-pathways-worker-0-2.canon-p57-fl-zero-f45w15-799a0bd1:8471 with the error status: UNAVAILABLE: failed to connect to all addresses; last error: UNKNOWN: ipv4:10.164.0.199:8471: Failed to connect to remote host: Connection refused.
2026-08-28T10:29:02.186417205Z W0828 10:29:02.186366    6340 master.cc:919] SliceBuilder controller missed 1 gRPC heartbeats from task canon-p57-fl-zero-f45w15-799a0bd1-pathways-worker-0-11.canon-p57-fl-zero-f45w15-799a0bd1:8471 with the error status: UNAVAILABLE: failed to connect to all addresses; last error: UNKNOWN: ipv4:10.164.0.190:8471: Failed to connect to remote host: Connection refused.
2026-08-28T10:29:02.186425549Z E0828 10:29:02.186396    6325 master.cc:753] INTERNAL: SliceBuilder controller detected TPU slice error from task canon-p57-fl-zero-f45w15-799a0bd1-pathways-worker-0-0.canon-p57-fl-zero-f45w15-799a0bd1:8471. The reporting TPU chip locations are: tpu317:pe0:0, tpu317:pe0:1, tpu317:pe0:2, tpu317:pe0:3.
2026-08-28T10:29:02.186428885Z === Source Location Trace: ===
2026-08-28T10:29:02.186431646Z platforms/accel_ssw/2a886c8/slice_builder/internal/master.cc:966
2026-08-28T10:29:02.186471045Z W0828 10:29:02.186424    6335 master.cc:919] SliceBuilder controller missed 1 gRPC heartbeats from task canon-p57-fl-zero-f45w15-799a0bd1-pathways-worker-0-15.canon-p57-fl-zero-f45w15-799a0bd1:8471 with the error status: UNAVAILABLE: failed to connect to all addresses; last error: UNKNOWN: ipv4:10.164.0.184:8471: Failed to connect to remote host: Connection refused.
2026-08-28T10:29:02.186512942Z W0828 10:29:02.186441    6324 master.cc:919] SliceBuilder controller missed 1 gRPC heartbeats from task canon-p57-fl-zero-f45w15-799a0bd1-pathways-worker-0-6.canon-p57-fl-zero-f45w15-799a0bd1:8471 with the error status: UNAVAILABLE: failed to connect to all addresses; last error: UNKNOWN: ipv4:10.164.0.185:8471: Failed to connect to remote host: Connection refused.
2026-08-28T10:29:02.186541658Z W0828 10:29:02.186458    6437 master.cc:919] SliceBuilder controller missed 1 gRPC heartbeats from task canon-p57-fl-zero-f45w15-799a0bd1-pathways-worker-0-3.canon-p57-fl-zero-f45w15-799a0bd1:8471 with the error status: UNAVAILABLE: failed to connect to all addresses; last error: UNKNOWN: ipv4:10.164.0.195:8471: Failed to connect to remote host: Connection refused.
2026-08-28T10:29:02.186558118Z W0828 10:29:02.186477    6327 master.cc:919] SliceBuilder controller missed 1 gRPC heartbeats from task canon-p57-fl-zero-f45w15-799a0bd1-pathways-worker-0-13.canon-p57-fl-zero-f45w15-799a0bd1:8471 with the error status: UNAVAILABLE: failed to connect to all addresses; last error: UNKNOWN: ipv4:10.164.0.182:8471: Failed to connect to remote host: Connection refused.
2026-08-28T10:29:02.186563848Z W0828 10:29:02.186493    6332 master.cc:919] SliceBuilder controller missed 1 gRPC heartbeats from task canon-p57-fl-zero-f45w15-799a0bd1-pathways-worker-0-4.canon-p57-fl-zero-f45w15-799a0bd1:8471 with the error status: UNAVAILABLE: failed to connect to all addresses; last error: UNKNOWN: ipv4:10.164.0.183:8471: Failed to connect to remote host: Connection refused.
2026-08-28T10:29:02.186573815Z W0828 10:29:02.186507    5437 master.cc:919] SliceBuilder controller missed 1 gRPC heartbeats from task canon-p57-fl-zero-f45w15-799a0bd1-pathways-worker-0-8.canon-p57-fl-zero-f45w15-799a0bd1:8471 with the error status: UNAVAILABLE: failed to connect to all addresses; last error: UNKNOWN: ipv4:10.164.0.188:8471: Failed to connect to remote host: Connection refused.
2026-08-28T10:29:02.186577477Z W0828 10:29:02.186536    6329 master.cc:919] SliceBuilder controller missed 1 gRPC heartbeats from task canon-p57-fl-zero-f45w15-799a0bd1-pathways-worker-0-1.canon-p57-fl-zero-f45w15-799a0bd1:8471 with the error status: UNAVAILABLE: failed to connect to all addresses; last error: UNKNOWN: ipv4:10.164.0.196:8471: Failed to connect to remote host: Connection refused.
2026-08-28T10:29:02.186588179Z W0828 10:29:02.186555    6338 master.cc:919] SliceBuilder controller missed 1 gRPC heartbeats from task canon-p57-fl-zero-f45w15-799a0bd1-pathways-worker-0-7.canon-p57-fl-zero-f45w15-799a0bd1:8471 with the error status: UNAVAILABLE: failed to connect to all addresses; last error: UNKNOWN: ipv4:10.164.0.189:8471: Failed to connect to remote host: Connection refused.
2026-08-28T10:29:02.186599321Z W0828 10:29:02.186573    1995 master.cc:919] SliceBuilder controller missed 1 gRPC heartbeats from task canon-p57-fl-zero-f45w15-799a0bd1-pathways-worker-0-5.canon-p57-fl-zero-f45w15-799a0bd1:8471 with the error status: UNAVAILABLE: failed to connect to all addresses; last error: UNKNOWN: ipv4:10.164.0.200:8471: Failed to connect to remote host: Connection refused.
2026-08-28T10:29:02.186724433Z E0828 10:29:02.186614     528 master.cc:579] Slice health check failed with error: INTERNAL: SliceBuilder controller detected TPU slice error from task canon-p57-fl-zero-f45w15-799a0bd1-pathways-worker-0-0.canon-p57-fl-zero-f45w15-799a0bd1:8471. The reporting TPU chip locations are: tpu317:pe0:0, tpu317:pe0:1, tpu317:pe0:2, tpu317:pe0:3.; Worker connection canon-p57-fl-zero-f45w15-799a0bd1-pathways-worker-0-0.canon-p57-fl-zero-f45w15-799a0bd1:8471 on host gke-tpu-44404155-lb33 failed.
2026-08-28T10:29:02.186747237Z === Source Location Trace: ===
2026-08-28T10:29:02.186751103Z platforms/accel_ssw/2a886c8/slice_builder/internal/master.cc:966
2026-08-28T10:29:02.186754381Z W0828 10:29:02.186665     528 ici_telemetry.cc:84] Failed to report libtpu metric for ICI pairlink error: (NOT_FOUND: The requested metric: slice.error.detected.gauge does not exist.
2026-08-28T10:29:02.186766108Z === Source Location Trace: ===
2026-08-28T10:29:02.186768623Z learning/45eac/tfrc/monitoring/metrics_collector_group.cc:116
2026-08-28T10:29:02.186772525Z ). Please check if the metric is registered.
2026-08-28T10:29:02.186775912Z E0828 10:29:02.186680     528 slice_builder_helper.cc:351] Detected slice failure, core dump will begin
2026-08-28T10:29:02.186783300Z E0828 10:29:02.186737    1995 master.cc:753] UNAVAILABLE: failed to connect to all addresses; last error: UNKNOWN: ipv4:10.164.0.189:8471: Failed to connect to remote host: Connection refused
2026-08-28T10:29:02.186803200Z === Source Location Trace: ===
2026-08-28T10:29:02.186806255Z platforms/xla/megascale/runtime/common/grpc_to_absl_status.cc:15
2026-08-28T10:29:02.186808959Z platforms/accel_ssw/2a886c8/slice_builder/internal/master.cc:1460
2026-08-28T10:29:02.186811708Z E0828 10:29:02.186761    1995 master.cc:753] UNAVAILABLE: failed to connect to all addresses; last error: UNKNOWN: ipv4:10.164.0.198:8471: Failed to connect to remote host: Connection refused
2026-08-28T10:29:02.186814931Z === Source Location Trace: ===
2026-08-28T10:29:02.186817374Z platforms/xla/megascale/runtime/common/grpc_to_absl_status.cc:15
2026-08-28T10:29:02.186820403Z platforms/accel_ssw/2a886c8/slice_builder/internal/master.cc:1460
2026-08-28T10:29:02.186825834Z E0828 10:29:02.186777    1995 master.cc:753] UNAVAILABLE: failed to connect to all addresses; last error: UNKNOWN: ipv4:10.164.0.187:8471: Failed to connect to remote host: Connection refused
2026-08-28T10:29:02.186828602Z === Source Location Trace: ===
2026-08-28T10:29:02.186830849Z platforms/xla/megascale/runtime/common/grpc_to_absl_status.cc:15
2026-08-28T10:29:02.186833102Z platforms/accel_ssw/2a886c8/slice_builder/internal/master.cc:1460
2026-08-28T10:29:02.186835872Z E0828 10:29:02.186793    1995 master.cc:753] UNAVAILABLE: failed to connect to all addresses; last error: UNKNOWN: ipv4:10.164.0.190:8471: Failed to connect to remote host: Connection refused
2026-08-28T10:29:02.186838181Z === Source Location Trace: ===
2026-08-28T10:29:02.186840605Z platforms/xla/megascale/runtime/common/grpc_to_absl_status.cc:15
2026-08-28T10:29:02.186842802Z platforms/accel_ssw/2a886c8/slice_builder/internal/master.cc:1460
2026-08-28T10:29:02.186845165Z E0828 10:29:02.186812    1995 master.cc:753] UNAVAILABLE: failed to connect to all addresses; last error: UNKNOWN: ipv4:10.164.0.194:8471: Failed to connect to remote host: Connection refused
2026-08-28T10:29:02.186847402Z === Source Location Trace: ===
2026-08-28T10:29:02.186851239Z platforms/xla/megascale/runtime/common/grpc_to_absl_status.cc:15
2026-08-28T10:29:02.186853782Z platforms/accel_ssw/2a886c8/slice_builder/internal/master.cc:1460
2026-08-28T10:29:02.186862241Z E0828 10:29:02.186827    1995 master.cc:753] UNAVAILABLE: failed to connect to all addresses; last error: UNKNOWN: ipv4:10.164.0.182:8471: Failed to connect to remote host: Connection refused
2026-08-28T10:29:02.186866130Z === Source Location Trace: ===
2026-08-28T10:29:02.186870283Z platforms/xla/megascale/runtime/common/grpc_to_absl_status.cc:15
2026-08-28T10:29:02.186873872Z platforms/accel_ssw/2a886c8/slice_builder/internal/master.cc:1460
2026-08-28T10:29:02.186881332Z E0828 10:29:02.186843    1995 master.cc:753] UNAVAILABLE: failed to connect to all addresses; last error: UNKNOWN: ipv4:10.164.0.185:8471: Failed to connect to remote host: Connection refused
2026-08-28T10:29:02.186884285Z === Source Location Trace: ===
2026-08-28T10:29:02.186887082Z platforms/xla/megascale/runtime/common/grpc_to_absl_status.cc:15
2026-08-28T10:29:02.186889629Z platforms/accel_ssw/2a886c8/slice_builder/internal/master.cc:1460
2026-08-28T10:29:02.186899117Z E0828 10:29:02.186865    1995 master.cc:753] UNAVAILABLE: failed to connect to all addresses; last error: UNKNOWN: ipv4:10.164.0.199:8471: Failed to connect to remote host: Connection refused
2026-08-28T10:29:02.186901690Z === Source Location Trace: ===
2026-08-28T10:29:02.186903534Z platforms/xla/megascale/runtime/common/grpc_to_absl_status.cc:15
2026-08-28T10:29:02.186905765Z platforms/accel_ssw/2a886c8/slice_builder/internal/master.cc:1460
2026-08-28T10:29:02.186910904Z E0828 10:29:02.186879    1995 master.cc:753] UNAVAILABLE: failed to connect to all addresses; last error: UNKNOWN: ipv4:10.164.0.193:8471: Failed to connect to remote host: Connection refused
2026-08-28T10:29:02.186912752Z === Source Location Trace: ===
2026-08-28T10:29:02.186914541Z platforms/xla/megascale/runtime/common/grpc_to_absl_status.cc:15
2026-08-28T10:29:02.186918870Z platforms/accel_ssw/2a886c8/slice_builder/internal/master.cc:1460
2026-08-28T10:29:02.186923950Z E0828 10:29:02.186895    1995 master.cc:753] UNAVAILABLE: failed to connect to all addresses; last error: UNKNOWN: ipv4:10.164.0.188:8471: Failed to connect to remote host: Connection refused
2026-08-28T10:29:02.186926199Z === Source Location Trace: ===
2026-08-28T10:29:02.186928483Z platforms/xla/megascale/runtime/common/grpc_to_absl_status.cc:15
2026-08-28T10:29:02.186931532Z platforms/accel_ssw/2a886c8/slice_builder/internal/master.cc:1460
2026-08-28T10:29:02.186940123Z E0828 10:29:02.186910    1995 master.cc:753] UNAVAILABLE: failed to connect to all addresses; last error: UNKNOWN: ipv4:10.164.0.196:8471: Failed to connect to remote host: Connection refused
2026-08-28T10:29:02.186942019Z === Source Location Trace: ===
2026-08-28T10:29:02.186944238Z platforms/xla/megascale/runtime/common/grpc_to_absl_status.cc:15
2026-08-28T10:29:02.186946467Z platforms/accel_ssw/2a886c8/slice_builder/internal/master.cc:1460
2026-08-28T10:29:02.186951449Z E0828 10:29:02.186923    1995 master.cc:753] UNAVAILABLE: failed to connect to all addresses; last error: UNKNOWN: ipv4:10.164.0.183:8471: Failed to connect to remote host: Connection refused
2026-08-28T10:29:02.186953265Z === Source Location Trace: ===
2026-08-28T10:29:02.186955180Z platforms/xla/megascale/runtime/common/grpc_to_absl_status.cc:15
2026-08-28T10:29:02.186957367Z platforms/accel_ssw/2a886c8/slice_builder/internal/master.cc:1460
2026-08-28T10:29:02.186961501Z E0828 10:29:02.186938    1995 master.cc:753] UNAVAILABLE: failed to connect to all addresses; last error: UNKNOWN: ipv4:10.164.0.200:8471: Failed to connect to remote host: Connection refused
2026-08-28T10:29:02.186963360Z === Source Location Trace: ===
2026-08-28T10:29:02.186965163Z platforms/xla/megascale/runtime/common/grpc_to_absl_status.cc:15
2026-08-28T10:29:02.186966942Z platforms/accel_ssw/2a886c8/slice_builder/internal/master.cc:1460
2026-08-28T10:29:02.187064250Z E0828 10:29:02.187016    6338 master.cc:753] UNAVAILABLE: failed to connect to all addresses; last error: UNKNOWN: ipv4:10.164.0.195:8471: Failed to connect to remote host: Connection refused
2026-08-28T10:29:02.187076805Z === Source Location Trace: ===
2026-08-28T10:29:02.187081588Z platforms/xla/megascale/runtime/common/grpc_to_absl_status.cc:15
2026-08-28T10:29:02.187086418Z platforms/accel_ssw/2a886c8/slice_builder/internal/master.cc:1460
2026-08-28T10:29:02.187090221Z E0828 10:29:02.187031    6338 master.cc:753] UNAVAILABLE: failed to connect to all addresses; last error: UNKNOWN: ipv4:10.164.0.184:8471: Failed to connect to remote host: Connection refused
2026-08-28T10:29:02.187094408Z === Source Location Trace: ===
2026-08-28T10:29:02.187098708Z platforms/xla/megascale/runtime/common/grpc_to_absl_status.cc:15
2026-08-28T10:29:02.187103388Z platforms/accel_ssw/2a886c8/slice_builder/internal/master.cc:1460
2026-08-28T10:29:02.188334188Z W0828 10:29:02.188274    7133 firmware_core_dumper.cc:272] Flight recorders not available for the device: status=INVALID_ARGUMENT:  (code: 2, details: 3)
2026-08-28T10:29:02.188345382Z === Source Location Trace: ===
2026-08-28T10:29:02.188349462Z platforms/asic_sw/lib/common/status_to_status.cc:74
2026-08-28T10:29:02.188352105Z platforms/asic_sw/driver/2a886c8/common/internal/firmware_core_dumper.cc:632
2026-08-28T10:29:02.188354945Z platforms/asic_sw/driver/2a886c8/common/internal/firmware_core_dumper.cc:308
2026-08-28T10:29:02.188357565Z W0828 10:29:02.188269    7132 firmware_core_dumper.cc:272] Flight recorders not available for the device: status=INVALID_ARGUMENT:  (code: 2, details: 3)
2026-08-28T10:29:02.188360399Z === Source Location Trace: ===
2026-08-28T10:29:02.188363204Z platforms/asic_sw/lib/common/status_to_status.cc:74
2026-08-28T10:29:02.188365597Z platforms/asic_sw/driver/2a886c8/common/internal/firmware_core_dumper.cc:632
2026-08-28T10:29:02.188367916Z platforms/asic_sw/driver/2a886c8/common/internal/firmware_core_dumper.cc:308
2026-08-28T10:29:02.188457674Z W0828 10:29:02.188368    7134 firmware_core_dumper.cc:272] Flight recorders not available for the device: status=INVALID_ARGUMENT:  (code: 2, details: 3)
2026-08-28T10:29:02.188469329Z === Source Location Trace: ===
2026-08-28T10:29:02.188473199Z platforms/asic_sw/lib/common/status_to_status.cc:74
2026-08-28T10:29:02.188477412Z platforms/asic_sw/driver/2a886c8/common/internal/firmware_core_dumper.cc:632
2026-08-28T10:29:02.188480500Z platforms/asic_sw/driver/2a886c8/common/internal/firmware_core_dumper.cc:308
2026-08-28T10:29:02.188511368Z W0828 10:29:02.188410    7135 firmware_core_dumper.cc:272] Flight recorders not available for the device: status=INVALID_ARGUMENT:  (code: 2, details: 3)
2026-08-28T10:29:02.188536834Z === Source Location Trace: ===
2026-08-28T10:29:02.188541792Z platforms/asic_sw/lib/common/status_to_status.cc:74
2026-08-28T10:29:02.188545025Z platforms/asic_sw/driver/2a886c8/common/internal/firmware_core_dumper.cc:632
2026-08-28T10:29:02.188548128Z platforms/asic_sw/driver/2a886c8/common/internal/firmware_core_dumper.cc:308
2026-08-28T10:29:02.835330388Z I0828 10:29:02.835227     882 worker_message_distributor.cc:2310] Waiting for all peers to exit done: finished within timeout=false distributor_3645308172999029083_0
2026-08-28T10:29:02.835362335Z E0828 10:29:02.835251     882 quick_restart.cc:19] Client 16824131835947578028 has died, and was configured to restart servers if it died. [ServerConfig{ job_info=JobInfo{ name=3645308172999029083 job_instance_id=3645308172999029083 task_index=0 num_tasks=16 addr=canon-p57-fl-zero-f45w15-799a0bd1-pathways-worker-0-0.canon-p57-fl-zero-f45w15-799a0bd1:29000 [hostname='gke-tpu-44404155-lb33, bns_address='', resolved_address='canon-p57-fl-zero-f45w15-799a0bd1-pathways-worker-0-0.canon-p57-fl-zero-f45w15-799a0bd1:29000']} }]
2026-08-28T10:29:02.835369037Z F0828 10:29:02.835273     882 quick_restart.cc:40] Client 16824131835947578028 has died, and was configured to restart servers if it died. [ServerConfig{ job_info=JobInfo{ name=3645308172999029083 job_instance_id=3645308172999029083 task_index=0 num_tasks=16 addr=canon-p57-fl-zero-f45w15-799a0bd1-pathways-worker-0-0.canon-p57-fl-zero-f45w15-799a0bd1:29000 [hostname='gke-tpu-44404155-lb33, bns_address='', resolved_address='canon-p57-fl-zero-f45w15-799a0bd1-pathways-worker-0-0.canon-p57-fl-zero-f45w15-799a0bd1:29000']} }] (Quick-restart requested but unsupported in Cloud/OSS.)
error: error from server (NotFound): pods "canon-p57-fl-zero-f45w15-799a0bd1-pathways-worker-0-0-fgsr9" not found in namespace "default"
