2026-08-28T09:23:51.978335304Z WARNING: Logging before InitGoogle() is written to STDERR
2026-08-28T09:23:51.978352651Z W0000 00:00:1787909031.978255       1 override_grpc_credentials_real.cc:57] Registering MLPathways gRPC credentials override 'grpc_insecure_override'
2026-08-28T09:23:51.980430661Z I0000 00:00:1787909031.980382       1 pipe_transport_registry.cc:30] Registering pipe transport grpc
2026-08-28T09:23:51.998553047Z I0828 09:23:51.998499       1 b295d63588a.cc:788] Linux version 6.12.85+ (builder@535ef2dedada) (Chromium OS 17.0_pre498229-r33 clang version 17.0.0 (/mnt/host/source/src/third_party/llvm-project 14f0776550b5a49e1c42f49a00213f7f3fa047bf), LLD 17.0.0) #1 SMP Mon May 11 07:53:24 UTC 2026
2026-08-28T09:23:51.998834226Z I0828 09:23:51.998782       1 b295d63588a.cc:872] Process id 1
2026-08-28T09:23:51.998835873Z I0828 09:23:51.998798       1 b295d63588a.cc:878] Current working directory /
2026-08-28T09:23:51.998837034Z I0828 09:23:51.998799       1 b295d63588a.cc:881] Current timezone is UTC (currently UTC +00:00)
2026-08-28T09:23:51.998838267Z I0828 09:23:51.998803       1 b295d63588a.cc:886] Built on Jul 30 2026 03:19:54 (1785406794)
2026-08-28T09:23:51.998840752Z I0828 09:23:51.998804       1 b295d63588a.cc:887]  at rbex-enqueue-targets@jgik3.prod.google.com:/google/src/cloud/buildrabbit-username/buildrabbit-client/g3     
2026-08-28T09:23:51.998841951Z I0828 09:23:51.998806       1 b295d63588a.cc:888]  as 
2026-08-28T09:23:51.998843028Z I0828 09:23:51.998807       1 b295d63588a.cc:889]  for gcc-4.X.Y-crosstool-v18-llvm-grtev4-k8.k8
2026-08-28T09:23:51.998844755Z I0828 09:23:51.998812       1 b295d63588a.cc:892]  from changelist 956357083 with baseline 956357083 in a mint client based on __ar56t/g3     
2026-08-28T09:23:51.998845877Z I0828 09:23:51.998816       1 b295d63588a.cc:896] Build label: cloud_pathways.runtime_20260730_0_RC00
2026-08-28T09:23:51.998847015Z I0828 09:23:51.998821       1 b295d63588a.cc:898] Build tool: Bazel, release r4rca-2026.07.27-2 (mainline @954306043)
2026-08-28T09:23:51.998847991Z I0828 09:23:51.998823       1 b295d63588a.cc:899] Build target: 
2026-08-28T09:23:51.998851423Z I0828 09:23:51.998828       1 b295d63588a.cc:907] Command line arguments:
2026-08-28T09:23:51.998852771Z I0828 09:23:51.998829       1 b295d63588a.cc:909] argv[0]: '/usr/pathways/run/cloud_pathways_server_sanitized'
2026-08-28T09:23:51.998853879Z I0828 09:23:51.998833       1 b295d63588a.cc:909] argv[1]: '--server_port=29000'
2026-08-28T09:23:51.998856095Z I0828 09:23:51.998835       1 b295d63588a.cc:909] argv[2]: '--resource_manager_address=canon-p57-fl-zero-f45w15-799a0bd1-pathways-head-0-0.canon-p57-fl-zero-f45w15-799a0bd1:29001'
2026-08-28T09:23:51.998857182Z I0828 09:23:51.998837       1 b295d63588a.cc:909] argv[3]: '--node_type=worker'
2026-08-28T09:23:51.998858201Z I0828 09:23:51.998838       1 b295d63588a.cc:909] argv[4]: '--instance_type=tpuv5:4x4x4'
2026-08-28T09:23:51.998859368Z I0828 09:23:51.998840       1 b295d63588a.cc:909] argv[5]: '--temporary_flags_for_debugging=temporary_flag_for_debugging_pipe_unreachable_timeout=300s'
2026-08-28T09:23:51.999043686Z I0828 09:23:51.999002       1 init.cc:78] Remote crash gathering hook installed.
2026-08-28T09:23:51.999075619Z I0828 09:23:51.999050       1 tpu_runtime_type_flags.cc:78] --tpu_use_tfrt not specified. Using default value: true
2026-08-28T09:23:51.999461478Z I0828 09:23:51.999417       1 host_command_handler_factory.cc:31] Skipping registration of host command handler for opcode Log because it is not in the allowlist.
2026-08-28T09:23:51.999627993Z I0828 09:23:51.999587       1 tpu_hal.cc:467] Registered plugin from module: megascale_sync_flag_logger
2026-08-28T09:23:52.002133976Z I0828 09:23:52.002087       1 tpu_hal.cc:467] Registered plugin from module: RuntimeMetricHelper
2026-08-28T09:23:52.017130928Z I0828 09:23:52.017077       1 logger.cc:308] Enabling threaded logging for severity WARNING
2026-08-28T09:23:52.017138315Z I0828 09:23:52.017112       1 tpu_hal.cc:467] Registered plugin from module: sdc_checker_callback
2026-08-28T09:23:52.017374774Z I0828 09:23:52.017332       1 mlock.cc:220] mlock()-ed 4096 bytes for BuildID, using 1 syscalls.
2026-08-28T09:23:52.017565580Z I0828 09:23:52.017523       1 cloud_config_util.cc:53] STARTUP: argv[0]: /usr/pathways/run/cloud_pathways_server_sanitized$
2026-08-28T09:23:52.017567146Z I0828 09:23:52.017531       1 cloud_config_util.cc:57] STARTUP: env: PATH=/bin$
2026-08-28T09:23:52.017568368Z I0828 09:23:52.017533       1 cloud_config_util.cc:57] STARTUP: env: HOSTNAME=gke-tpu-44404155-w04l$
2026-08-28T09:23:52.017569308Z I0828 09:23:52.017534       1 cloud_config_util.cc:57] STARTUP: env: LD_LIBRARY_PATH=/usr/grte/v5/lib64/:/usr/pathways/run/$
2026-08-28T09:23:52.017571301Z I0828 09:23:52.017535       1 cloud_config_util.cc:57] STARTUP: env: PATHWAYS_UNSAFE_UNSAFE_OVERRIDE_GRPC_CREDENTIALS=grpc_insecure_override$
2026-08-28T09:23:52.017572239Z I0828 09:23:52.017536       1 cloud_config_util.cc:57] STARTUP: env: TPU_STDERR_LOG_LEVEL=0$
2026-08-28T09:23:52.017573341Z I0828 09:23:52.017537       1 cloud_config_util.cc:57] STARTUP: env: TPU_ACCELERATOR_TYPE=v5p-128$
2026-08-28T09:23:52.017574328Z I0828 09:23:52.017538       1 cloud_config_util.cc:57] STARTUP: env: TPU_TOPOLOGY=4x4x4$
2026-08-28T09:23:52.017575331Z I0828 09:23:52.017539       1 cloud_config_util.cc:57] STARTUP: env: CHIPS_PER_HOST_BOUNDS=2,2,1$
2026-08-28T09:23:52.017576361Z I0828 09:23:52.017540       1 cloud_config_util.cc:57] STARTUP: env: TPU_TOPOLOGY_WRAP=true,true,true$
2026-08-28T09:23:52.017577460Z I0828 09:23:52.017541       1 cloud_config_util.cc:57] STARTUP: env: TPU_CHIPS_PER_HOST_BOUNDS=2,2,1$
2026-08-28T09:23:52.017578448Z I0828 09:23:52.017542       1 cloud_config_util.cc:57] STARTUP: env: HOST_BOUNDS=2,2,4$
2026-08-28T09:23:52.017579658Z I0828 09:23:52.017543       1 cloud_config_util.cc:57] STARTUP: env: TPU_TOPOLOGY_ALT=false$
2026-08-28T09:23:52.017580725Z I0828 09:23:52.017550       1 cloud_config_util.cc:57] STARTUP: env: TPU_SKIP_MDS_QUERY=true$
2026-08-28T09:23:52.017581754Z I0828 09:23:52.017551       1 cloud_config_util.cc:57] STARTUP: env: TPU_HOST_BOUNDS=2,2,4$
2026-08-28T09:23:52.017583003Z I0828 09:23:52.017553       1 cloud_config_util.cc:57] STARTUP: env: ALT=false$
2026-08-28T09:23:52.017583946Z I0828 09:23:52.017554       1 cloud_config_util.cc:57] STARTUP: env: VBAR_CONTROL_SERVICE_URL=unix:///var/run/tpu-plugin/vbar.sock$
2026-08-28T09:23:52.017584999Z I0828 09:23:52.017556       1 cloud_config_util.cc:57] STARTUP: env: TPU_RUNTIME_METRICS_PORTS=8431,8432,8433,8434$
2026-08-28T09:23:52.017586079Z I0828 09:23:52.017557       1 cloud_config_util.cc:57] STARTUP: env: WRAP=true,true,true$
2026-08-28T09:23:52.017587040Z I0828 09:23:52.017558       1 cloud_config_util.cc:57] STARTUP: env: ENABLE_ICI_RESILIENCY=true$
2026-08-28T09:23:52.017591415Z I0828 09:23:52.017560       1 cloud_config_util.cc:57] STARTUP: env: MEGASCALE_COORDINATOR_ADDRESS=$
2026-08-28T09:23:52.017592426Z I0828 09:23:52.017561       1 cloud_config_util.cc:57] STARTUP: env: MEGASCALE_SLICE_ID=0$
2026-08-28T09:23:52.017593328Z I0828 09:23:52.017562       1 cloud_config_util.cc:57] STARTUP: env: TPU_PREMAPPED_BUFFER_SIZE=8589934592$
2026-08-28T09:23:52.017594310Z I0828 09:23:52.017564       1 cloud_config_util.cc:57] STARTUP: env: TPU_MIN_LOG_LEVEL=0$
2026-08-28T09:23:52.017595273Z I0828 09:23:52.017565       1 cloud_config_util.cc:57] STARTUP: env: XCLOUD_ENVIRONMENT=GCP$
2026-08-28T09:23:52.017596188Z I0828 09:23:52.017567       1 cloud_config_util.cc:57] STARTUP: env: MEGASCALE_NUM_SLICES=1$
2026-08-28T09:23:52.017597124Z I0828 09:23:52.017568       1 cloud_config_util.cc:57] STARTUP: env: JOBSET_NAME=canon-p57-fl-zero-f45w15-799a0bd1$
2026-08-28T09:23:52.017600732Z I0828 09:23:52.017570       1 cloud_config_util.cc:57] STARTUP: env: XLA_PYTHON_CLIENT_MEM_FRACTION=0.9$
2026-08-28T09:23:52.017602231Z I0828 09:23:52.017571       1 cloud_config_util.cc:57] STARTUP: env: TPU_WORKER_HOSTNAMES=canon-p57-fl-zero-f45w15-799a0bd1-pathways-worker-0-0.canon-p57-fl-zero-f45w15-799a0bd1,canon-p57-fl-zero-f45w15-799a0bd1-pathways-worker-0-1.canon-p57-fl-zero-f45w15-799a0bd1,canon-p57-fl-zero-f45w15-799a0bd1-pathways-worker-0-2.canon-p57-fl-zero-f45w15-799a0bd1,canon-p57-fl-zero-f45w15-799a0bd1-pathways-worker-0-3.canon-p57-fl-zero-f45w15-799a0bd1,canon-p57-fl-zero-f45w15-799a0bd1-pathways-worker-0-4.canon-p57-fl-zero-f45w15-799a0bd1,canon-p57-fl-zero-f45w15-799a0bd1-pathways-worker-0-5.canon-p57-fl-zero-f45w15-799a0bd1,canon-p57-fl-zero-f45w15-799a0bd1-pathways-worker-0-6.canon-p57-fl-zero-f45w15-799a0bd1,canon-p57-fl-zero-f45w15-799a0bd1-pathways-worker-0-7.canon-p57-fl-zero-f45w15-799a0bd1,canon-p57-fl-zero-f45w15-799a0bd1-pathways-worker-0-8.canon-p57-fl-zero-f45w15-799a0bd1,canon-p57-fl-zero-f45w15-799a0bd1-pathways-worker-0-9.canon-p57-fl-zero-f45w15-799a0bd1,canon-p57-fl-zero-f45w15-799a0bd1-pathways-worker-0-10.canon-p57-fl-zero-f45w15-799a0bd1,canon-p57-fl-zero-f45w15-799a0bd1-pathways-worker-0-11.canon-p57-fl-zero-f45w15-799a0bd1,canon-p57-fl-zero-f45w15-799a0bd1-pathways-worker-0-12.canon-p57-fl-zero-f45w15-799a0bd1,canon-p57-fl-zero-f45w15-799a0bd1-pathways-worker-0-13.canon-p57-fl-zero-f45w15-799a0bd1,canon-p57-fl-zero-f45w15-799a0bd1-pathways-worker-0-14.canon-p57-fl-zero-f45w15-799a0bd1,canon-p57-fl-zero-f45w15-799a0bd1-pathways-worker-0-15.canon-p57-fl-zero-f45w15-799a0bd1$
2026-08-28T09:23:52.017604921Z I0828 09:23:52.017573       1 cloud_config_util.cc:57] STARTUP: env: GRPC_KEEPALIVE_TIME_MS=10000$
2026-08-28T09:23:52.017605920Z I0828 09:23:52.017574       1 cloud_config_util.cc:57] STARTUP: env: XLA_PYTHON_CLIENT_PREALLOCATE=true$
2026-08-28T09:23:52.017606865Z I0828 09:23:52.017576       1 cloud_config_util.cc:57] STARTUP: env: TPU_WORKER_ID=6$
2026-08-28T09:23:52.017607767Z I0828 09:23:52.017577       1 cloud_config_util.cc:57] STARTUP: env: PATHWAYS_PIPE_UNREACHABLE_TIMEOUT=300s$
2026-08-28T09:23:52.017608666Z I0828 09:23:52.017579       1 cloud_config_util.cc:57] STARTUP: env: GRPC_KEEPALIVE_TIMEOUT_MS=30000$
2026-08-28T09:23:52.017609568Z I0828 09:23:52.017580       1 cloud_config_util.cc:57] STARTUP: env: MEGASCALE_GRPC_ENABLE_XOR_TRACER=false$
2026-08-28T09:23:52.017610570Z I0828 09:23:52.017581       1 cloud_config_util.cc:57] STARTUP: env: ENABLE_PATHWAYS_PERSISTENCE=1$
2026-08-28T09:23:52.017611519Z I0828 09:23:52.017583       1 cloud_config_util.cc:57] STARTUP: env: JOB_COMPLETION_INDEX=6$
2026-08-28T09:23:52.017612536Z I0828 09:23:52.017584       1 cloud_config_util.cc:57] STARTUP: env: PATHWAYS_HEAD=canon-p57-fl-zero-f45w15-799a0bd1-pathways-head-0-0.canon-p57-fl-zero-f45w15-799a0bd1$
2026-08-28T09:23:52.017613505Z I0828 09:23:52.017585       1 cloud_config_util.cc:57] STARTUP: env: GRPC_KEEPALIVE_PERMIT_WITHOUT_CALLS=1$
2026-08-28T09:23:52.017614455Z I0828 09:23:52.017586       1 cloud_config_util.cc:57] STARTUP: env: TF_CPP_MIN_LOG_LEVEL=0$
2026-08-28T09:23:52.017617459Z I0828 09:23:52.017587       1 cloud_config_util.cc:57] STARTUP: env: REPLICATED_JOB_NAME=pathways-worker$
2026-08-28T09:23:52.017618437Z I0828 09:23:52.017588       1 cloud_config_util.cc:57] STARTUP: env: KIMI_K3_SERVICE_SERVICE_PORT_HTTP_SERVING=8000$
2026-08-28T09:23:52.017619488Z I0828 09:23:52.017590       1 cloud_config_util.cc:57] STARTUP: env: KIMI_K3_SERVICE_PORT_8000_TCP=tcp://34.118.236.245:8000$
2026-08-28T09:23:52.017620386Z I0828 09:23:52.017591       1 cloud_config_util.cc:57] STARTUP: env: KIMI_K3_SERVICE_PORT_8000_TCP_PROTO=tcp$
2026-08-28T09:23:52.017621291Z I0828 09:23:52.017592       1 cloud_config_util.cc:57] STARTUP: env: KIMI_K3_SERVICE_PORT_8000_TCP_ADDR=34.118.236.245$
2026-08-28T09:23:52.017625049Z I0828 09:23:52.017593       1 cloud_config_util.cc:57] STARTUP: env: KUBERNETES_PORT_443_TCP=tcp://34.118.224.1:443$
2026-08-28T09:23:52.017625992Z I0828 09:23:52.017594       1 cloud_config_util.cc:57] STARTUP: env: KIMI_K3_SERVICE_SERVICE_HOST=34.118.236.245$
2026-08-28T09:23:52.017626894Z I0828 09:23:52.017595       1 cloud_config_util.cc:57] STARTUP: env: KUBERNETES_SERVICE_PORT_HTTPS=443$
2026-08-28T09:23:52.017627809Z I0828 09:23:52.017596       1 cloud_config_util.cc:57] STARTUP: env: KUBERNETES_SERVICE_PORT=443$
2026-08-28T09:23:52.017628706Z I0828 09:23:52.017597       1 cloud_config_util.cc:57] STARTUP: env: KUBERNETES_PORT_443_TCP_PROTO=tcp$
2026-08-28T09:23:52.017629643Z I0828 09:23:52.017600       1 cloud_config_util.cc:57] STARTUP: env: KUBERNETES_PORT_443_TCP_PORT=443$
2026-08-28T09:23:52.017630545Z I0828 09:23:52.017601       1 cloud_config_util.cc:57] STARTUP: env: KUBERNETES_PORT_443_TCP_ADDR=34.118.224.1$
2026-08-28T09:23:52.017631449Z I0828 09:23:52.017603       1 cloud_config_util.cc:57] STARTUP: env: KIMI_K3_SERVICE_SERVICE_PORT=8000$
2026-08-28T09:23:52.017632345Z I0828 09:23:52.017604       1 cloud_config_util.cc:57] STARTUP: env: KIMI_K3_SERVICE_PORT=tcp://34.118.236.245:8000$
2026-08-28T09:23:52.017633238Z I0828 09:23:52.017606       1 cloud_config_util.cc:57] STARTUP: env: KIMI_K3_SERVICE_PORT_8000_TCP_PORT=8000$
2026-08-28T09:23:52.017634155Z I0828 09:23:52.017608       1 cloud_config_util.cc:57] STARTUP: env: KUBERNETES_SERVICE_HOST=34.118.224.1$
2026-08-28T09:23:52.017635046Z I0828 09:23:52.017609       1 cloud_config_util.cc:57] STARTUP: env: KUBERNETES_PORT=tcp://34.118.224.1:443$
2026-08-28T09:23:52.017635994Z I0828 09:23:52.017610       1 cloud_config_util.cc:57] STARTUP: env: HOME=/$
2026-08-28T09:23:52.017637044Z I0828 09:23:52.017611       1 cloud_config_util.cc:57] STARTUP: env: CLOUD_TPU_TASK_ID=6$
2026-08-28T09:23:52.017637958Z I0828 09:23:52.017613       1 cloud_config_util.cc:57] STARTUP: env: CLOUD_TPU_ACCELERATOR_TYPE=v5p-128$
2026-08-28T09:23:52.017640724Z I0828 09:23:52.017615       1 cloud_config_util.cc:64] STARTUP: config: CloudWorkerAndRmConfig(gcs_scratch_location: , server_port: 29000, node_type: 0, resource_manager_address: dns:///canon-p57-fl-zero-f45w15-799a0bd1-pathways-head-0-0.canon-p57-fl-zero-f45w15-799a0bd1:29001, expected_instances: , tpu_pinned_host_allocation_recycle: 0, enable_gcs_olm: 1, temporary_flags_for_debugging: temporary_flag_for_debugging_pipe_unreachable_timeout=300s, chip_config_name: , tpu_premapped_buffer_size: 4294967296)
2026-08-28T09:23:52.018172466Z I0828 09:23:52.018131       1 pipe_transport_registry.cc:45] Determined pipe transport grpc
2026-08-28T09:23:52.018174615Z W0828 09:23:52.018148       1 override_grpc_credentials_real.cc:75] Using MLPathways gRPC server credentials override
2026-08-28T09:23:52.018224679Z I0828 09:23:52.018189       1 config.cc:265] gRPC experiments: xds_server_filter_chain_per_route:off; default-enabled: buffer_list_deletion_prep, cache_loas_context_in_connection_context, call_tracer_send_initial_metadata_is_an_annotation, callv3_batch_validation, callv3_census_client, callv3_census_server, census_global_family_cache, chaotic_good_framing_layer, chaotic_good_send_supported_features, custom_frame_check, directpath_rpc_header_sanitization_filter, event_engine_callback_cq, event_engine_client, event_engine_dns, event_engine_dns_non_client_channel, event_engine_listener, inproc_cancel_stream, message_size_refactoring, monitoring_experiment, optimization_01, optimization_02, optimization_03, optimization_04, ph2_perf_01, promise_batch_cleanup_on_cancel, promise_filter_send_cancel_metadata, subchannel_connection_scaling, tsi_frame_protector_without_locks, wildcard_ip_expansion_restriction
2026-08-28T09:23:52.018326940Z I0828 09:23:52.018289       1 httpserver2_cloud.cc:122] Attempting to start grpc service at [::]:29000
2026-08-28T09:23:52.018477578Z I0828 09:23:52.018427      30 monitoring.cc:47] Starting all registered TSL metrics exporters.
2026-08-28T09:23:52.019702640Z I0828 09:23:52.019661       1 httpserver2_cloud.cc:125] Started grpc service at [::]:29000
2026-08-28T09:23:52.019705244Z I0828 09:23:52.019672       1 pipe_grpc.cc:332] Pipe grpc server listening on [::]:29000
2026-08-28T09:23:52.019706416Z W0828 09:23:52.019676       1 pjrt_tpu_init.cc:65] worker_connected_callback is ignored.
2026-08-28T09:23:52.019707601Z W0828 09:23:52.019680       1 pjrt_tpu_init.cc:69] worker_disconnected_callback is ignored.
2026-08-28T09:23:52.031920300Z I0828 09:23:52.031873       1 device_util.cc:81] Found 4 TPU v5 chips.
2026-08-28T09:23:52.031923255Z I0828 09:23:52.031889       1 tpu_version_flag.cc:77] Using auto-detected TPU version TPU v5
2026-08-28T09:23:52.033268237Z I0828 09:23:52.033230       1 tpu_chip_config.cc:367] Resolved chip config alias megachip_tccontrol->megacore for 2093c6a02, 
2026-08-28T09:23:52.033937422Z I0828 09:23:52.033900       1 pending_event_logger.cc:964] Enabling PjRt/TPU event dependency logging.
2026-08-28T09:23:52.034941763Z I0828 09:23:52.034897     258 flags_util.cc:316] Using 8471 from --2a886c8_slice_builder_worker_port as SliceBuilder worker service port.
2026-08-28T09:23:52.035615980Z I0828 09:23:52.035579     258 tpu_network_factory.cc:62] tpunetd either not supported or disabled, falling back to Slice Builder
2026-08-28T09:23:52.043497872Z I0828 09:23:52.043447     258 init-domain.cc:132] Fiber init: default domain = futex, concurrency = 228, prefix = futex-default
2026-08-28T09:23:52.728560173Z I0828 09:23:52.728481     261 async_driver.cc:477] [/dev/vfio/0 tpu306:pe0:2] vf_id:0 Driver opened.
2026-08-28T09:23:52.731842298Z I0828 09:23:52.731779     262 async_driver.cc:477] [/dev/vfio/1 tpu306:pe0:0] vf_id:0 Driver opened.
2026-08-28T09:23:52.752724421Z I0828 09:23:52.752678     260 futex.cc:71] RAW: Futex::Swap(): using GFUTEX_SWAP
2026-08-28T09:23:52.753287546Z I0828 09:23:52.753160     263 async_driver.cc:477] [/dev/vfio/2 tpu306:pe0:1] vf_id:0 Driver opened.
2026-08-28T09:23:52.753318739Z I0828 09:23:52.753224     261 tpu_vxc_driver.cc:935] Throttled firmware queue size configured to 223(Firmware queue size: 256, leaving 32 for misc purposes).
2026-08-28T09:23:52.777022112Z I0828 09:23:52.776959     262 tpu_vxc_driver.cc:935] Throttled firmware queue size configured to 223(Firmware queue size: 256, leaving 32 for misc purposes).
2026-08-28T09:23:52.781655604Z I0828 09:23:52.781569     263 tpu_vxc_driver.cc:935] Throttled firmware queue size configured to 223(Firmware queue size: 256, leaving 32 for misc purposes).
2026-08-28T09:23:52.782349077Z I0828 09:23:52.782295     261 async_driver.cc:1858] All cores supported.
2026-08-28T09:23:52.784078502Z I0828 09:23:52.784040     262 async_driver.cc:1858] All cores supported.
2026-08-28T09:23:52.793471031Z I0828 09:23:52.793383     263 async_driver.cc:1858] All cores supported.
2026-08-28T09:23:52.817686592Z I0828 09:23:52.817609     264 async_driver.cc:477] [/dev/vfio/3 tpu306:pe0:3] vf_id:0 Driver opened.
2026-08-28T09:23:52.842385688Z I0828 09:23:52.842326     264 tpu_vxc_driver.cc:935] Throttled firmware queue size configured to 223(Firmware queue size: 256, leaving 32 for misc purposes).
2026-08-28T09:23:52.848336016Z I0828 09:23:52.848294     264 async_driver.cc:1858] All cores supported.
2026-08-28T09:24:01.946858313Z I0828 09:24:01.946733     258 tpu_hal.cc:209] Starting premapped memory manager initialization...
2026-08-28T09:24:01.950366154Z W0828 09:24:01.950264     588 libtpu_telemetry_utils.cc:44] Metric already exists: hlo.execution.timing.distribution.microseconds
2026-08-28T09:24:01.950390768Z W0828 09:24:01.950281     588 libtpu_telemetry_utils.cc:44] Metric already exists: hlo.queue.size.gauge
2026-08-28T09:24:01.950413703Z W0828 09:24:01.950347     591 libtpu_telemetry_utils.cc:44] Metric already exists: hlo.execution.timing.distribution.microseconds
2026-08-28T09:24:01.950416468Z W0828 09:24:01.950361     591 libtpu_telemetry_utils.cc:44] Metric already exists: hlo.queue.size.gauge
2026-08-28T09:24:01.950445199Z W0828 09:24:01.950357     590 libtpu_telemetry_utils.cc:44] Metric already exists: hlo.execution.timing.distribution.microseconds
2026-08-28T09:24:01.950452082Z W0828 09:24:01.950376     590 libtpu_telemetry_utils.cc:44] Metric already exists: hlo.queue.size.gauge
2026-08-28T09:24:01.951976495Z W0828 09:24:01.951890     589 libtpu_telemetry_utils.cc:44] Metric already exists: hlo.execution.timing.distribution.microseconds
2026-08-28T09:24:01.951998809Z W0828 09:24:01.951906     589 libtpu_telemetry_utils.cc:44] Metric already exists: hlo.queue.size.gauge
2026-08-28T09:24:01.952007877Z W0828 09:24:01.951951     588 libtpu_telemetry_utils.cc:44] Metric already exists: hlo.execution.timing.distribution.microseconds
2026-08-28T09:24:01.952009957Z W0828 09:24:01.951958     588 libtpu_telemetry_utils.cc:44] Metric already exists: hlo.queue.size.gauge
2026-08-28T09:24:01.952050339Z W0828 09:24:01.952009     591 libtpu_telemetry_utils.cc:44] Metric already exists: hlo.execution.timing.distribution.microseconds
2026-08-28T09:24:01.952055092Z W0828 09:24:01.952016     591 libtpu_telemetry_utils.cc:44] Metric already exists: hlo.queue.size.gauge
2026-08-28T09:24:01.952212966Z W0828 09:24:01.952106     590 libtpu_telemetry_utils.cc:44] Metric already exists: hlo.execution.timing.distribution.microseconds
2026-08-28T09:24:01.952244972Z W0828 09:24:01.952133     590 libtpu_telemetry_utils.cc:44] Metric already exists: hlo.queue.size.gauge
2026-08-28T09:24:02.653471225Z I0828 09:24:02.653345     258 runtime_metric_service.cc:197] Successfully started Runtime Metric Service on port: 8431
2026-08-28T09:24:02.653590404Z I0828 09:24:02.653502     258 system.cc:1087] tpu::System initialized, current host id: 2, logical device ids: 8,9,12,13
2026-08-28T09:24:02.653611158Z I0828 09:24:02.653529       1 tpu_system_state.cc:224] CreateTpuSystemState: TPU initialization is successful and it took 10.619621204s
2026-08-28T09:24:02.653614362Z I0828 09:24:02.653544       1 tpu_system_state.cc:228] CreateTpuSystemState: using TPU host premapped buffer of size: 4294967296
2026-08-28T09:24:02.653617775Z I0828 09:24:02.653550       1 tpu_host_allocator.cc:68] Premapped buffer is using alignment 64
2026-08-28T09:24:02.653629658Z I0828 09:24:02.653586     662 tpu_diagnostic_coordinator.cc:610] TpuDiagnosticCoordinator listening on socket /tmp/tpu_diag_trigger_1.socket (symlinked at /tmp/tpu_diag_latest.socket)
2026-08-28T09:24:02.654014174Z I0828 09:24:02.653951       1 tpu_linearizer.cc:104] Inflight linearization byte limit configured to : 1099511627776
2026-08-28T09:24:02.654035442Z I0828 09:24:02.653957       1 tpu_linearizer.cc:118] Inflight delinearization byte limit configured to : 1099511627776
2026-08-28T09:24:02.654232778Z I0828 09:24:02.654189       1 allocator_stats_reporter.cc:117] Starting AllocatorStats Reporter with reporting interval: 5s
2026-08-28T09:24:02.654783349Z I0828 09:24:02.654738       1 pjrt_c_api_client.cc:187] PjRtCApiClient created.
2026-08-28T09:24:02.654788523Z I0828 09:24:02.654747       1 server_lib.cc:2229] Dispatching compilation of PSI exchange program
2026-08-28T09:24:02.654791658Z I0828 09:24:02.654761       1 watch_dog.cc:26] Creating thread: PwWatchDog_9638028378209493103 for WatchDog: Timebomb for initial consensus program
2026-08-28T09:24:02.656968894Z I0828 09:24:02.656915       1 2a886c8_compiler_hlo_passes.cc:6336] XLA::TPU running hlo passes for 2 instructions, module: psi_info_exchange.1
2026-08-28T09:24:02.656981709Z I0828 09:24:02.656934       1 2a886c8_compiler_hlo_passes.cc:6381] Initial HLO module: psi_info_exchange.1 instructions: 2 fingerprint: 
2026-08-28T09:24:02.657308611Z I0828 09:24:02.657263       1 2a886c8_compiler_hlo_passes.cc:6445] HLO optimizing module: psi_info_exchange.1 instructions: 2
2026-08-28T09:24:02.657313987Z I0828 09:24:02.657268       1 2a886c8_compiler_hlo_passes.cc:6459] XLA::TPU HLO optimization
2026-08-28T09:24:02.659244409Z I0828 09:24:02.659143     673 tpu_layout_assignment.cc:4245] Ran 2 additional passes of layout assignment to assign all layouts.
2026-08-28T09:24:02.659435326Z I0828 09:24:02.659351       1 2a886c8_compiler_hlo_passes.cc:6248] xla_tpu_impure_hlo_parallel_compile is DISABLED. psi_info_exchange.1
2026-08-28T09:24:02.661227942Z I0828 09:24:02.661179       1 2a886c8_compiler_hlo_passes.cc:5327] XLA::TPU HLO PostOptimizationPipeline
2026-08-28T09:24:02.662019113Z I0828 09:24:02.661968       1 tpu_plumb_vmem_info.cc:668] scavenging_mode: 0 for module: psi_info_exchange.1
2026-08-28T09:24:02.662082094Z I0828 09:24:02.662048       1 2a886c8_compiler_hlo_passes.cc:6532] HLO_PASSES stage duration: 5.11452925ms
2026-08-28T09:24:02.666000393Z I0828 09:24:02.665916     656 tpu_chip_config.cc:367] Resolved chip config alias megachip_tccontrol->megacore for 2093c6a02, 
2026-08-28T09:24:02.666845053Z I0828 09:24:02.666781     656 memory_space_assignment_util.cc:621] MSA Vmem breakdown: default scoped vmem (from flag): 16777216; does_msa_directly_allocate_scoped_vmem: F; bytes_for_msa_to_allocate: 50266112
2026-08-28T09:24:02.685093739Z I0828 09:24:02.685018     675 2a886c8_compiler_base.cc:4059] BACKEND_PASSES stage duration: 19.15848925ms
2026-08-28T09:24:02.687184482Z I0828 09:24:02.687132     675 2a886c8_compiler_backend.cc:1776] final program bundle count: 1,043 note this count does not reflect cycles spent executing delays.
2026-08-28T09:24:02.693385710Z I0828 09:24:02.693325     675 2a886c8_compiler_backend.cc:1968] Program divided into 2 overlays without HLO functions (102.0K).
2026-08-28T09:24:02.693424655Z I0828 09:24:02.693397     675 2a886c8_compiler_backend.cc:2134] XLA::TPU module name: psi_info_exchange.1
2026-08-28T09:24:02.693428164Z I0828 09:24:02.693401     675 2a886c8_compiler_backend.cc:2136] XLA::TPU program HBM usage: 183.0K / 95.73G
2026-08-28T09:24:02.693432193Z I0828 09:24:02.693404     675 2a886c8_compiler_backend.cc:2143] Note that --xla_tpu_max_hbm_size_mib is not specified. This means that the compiler may use up all available HBM, possibly prioritizing other metrics (latency, compile-time, ..) over memory usage. To reduce memory usage, set --xla_tpu_max_hbm_size_mib to a smaller value.
2026-08-28T09:24:02.693434440Z I0828 09:24:02.693405     675 2a886c8_compiler_backend.cc:2177] XLA::TPU program VMEM usage: 166.5K / 64.00M
2026-08-28T09:24:02.693436480Z I0828 09:24:02.693414     675 2a886c8_compiler_backend.cc:2188] Total hbm usage >= 279.21M:
2026-08-28T09:24:02.693440024Z     reserved        279.03M 
2026-08-28T09:24:02.693444955Z     program          183.0K 
2026-08-28T09:24:02.693446767Z     arguments          512B 
2026-08-28T09:24:02.693448185Z 
2026-08-28T09:24:02.693451647Z Output size 6.0K; shares 0B with arguments.
2026-08-28T09:24:02.693453461Z 
2026-08-28T09:24:02.693455406Z Total host usage >= 0B:
2026-08-28T09:24:02.693457375Z     reserved             0B 
2026-08-28T09:24:02.693458909Z     program         unknown size 
2026-08-28T09:24:02.693460509Z     arguments            0B 
2026-08-28T09:24:02.693461997Z 
2026-08-28T09:24:02.693463584Z Output size 0B; shares 0B with arguments.
2026-08-28T09:24:02.693465203Z 
2026-08-28T09:24:02.693470113Z I0828 09:24:02.693429     675 2a886c8_compiler_backend.cc:2192] Program sflag requirement 300B:
2026-08-28T09:24:02.693479541Z     reserved           204B
2026-08-28T09:24:02.693480711Z     scoped              92B
2026-08-28T09:24:02.693481898Z     HLO temp             4B (100.0% utilization: Unpadded (4B) Padded (4B), 0.0% fragmentation (0B))
2026-08-28T09:24:02.693484317Z Program sparse_core_sequencer_sflag requirement 36B:
2026-08-28T09:24:02.693501644Z     reserved            36B
2026-08-28T09:24:02.693503364Z Program sparse_core_tile_sflag requirement 4B:
2026-08-28T09:24:02.693505013Z     reserved             4B
2026-08-28T09:24:02.693506560Z Program sparse_core_sequencer_smem requirement 64B:
2026-08-28T09:24:02.693508410Z     reserved            64B
2026-08-28T09:24:02.693509924Z Program sparse_core_tile_smem requirement 0B:
2026-08-28T09:24:02.693511782Z Program hbm requirement 183.0K:
2026-08-28T09:24:02.693513315Z     global            33.0K
2026-08-28T09:24:02.693514821Z     HLO temp          48.0K (9.5% utilization: Unpadded (3.0K) Padded (32.0K), 33.3% fragmentation (16.0K))
2026-08-28T09:24:02.693516477Z     overlays         102.0K
2026-08-28T09:24:02.693518007Z Program vmem requirement 166.5K:
2026-08-28T09:24:02.693519455Z     scoped           166.0K
2026-08-28T09:24:02.693523750Z     HLO temp           512B (0.0% utilization: Unpadded (0B) Padded (0B), 100.0% fragmentation (512B))
2026-08-28T09:24:02.693525500Z Program smem requirement 264B:
2026-08-28T09:24:02.693527103Z     global               4B
2026-08-28T09:24:02.693528578Z     scoped             260B
2026-08-28T09:24:02.693530020Z Program host requirement 0B:
2026-08-28T09:24:02.693531886Z I0828 09:24:02.693432     675 2a886c8_compiler_backend.cc:2200] XLA::TPU program SMEM usage: 2.1K / 1.00M (1 parameters)
2026-08-28T09:24:02.693533880Z I0828 09:24:02.693439     675 2a886c8_compiler_backend.cc:1472] CODE_GENERATION stage duration: 8.3732325ms
2026-08-28T09:24:02.694034896Z I0828 09:24:02.693979     675 isa_program_util_common.cc:373] (HLO module psi_info_exchange.1): Executable fingerprint:893e9e20d5ae160c7be6d81fd596ec73c1cabe1940b3c273861ec36b26fbeb3a
2026-08-28T09:24:02.694045545Z I0828 09:24:02.693983     675 isa_program_util_common.cc:377] (HLO module psi_info_exchange.1): Executable fingerprint (including data segments):75664ae48d4b52bd2da19a4f3a6af5c80210481094276e70a5455e382d1b95dc
2026-08-28T09:24:02.694047877Z I0828 09:24:02.693984     675 isa_program_util_common.cc:380] (HLO module psi_info_exchange.1): Host transfer fingerprint:e3b0c44298fc1c149afbf4c8996fb92427ae41e4649b934ca495991b7852b855
2026-08-28T09:24:02.694208250Z I0828 09:24:02.694157       1 2a886c8_compiler_base.cc:1019] END_TO_END stage duration: 37.335757ms
2026-08-28T09:24:02.694211543Z I0828 09:24:02.694169       1 2a886c8_compiler_base.cc:1020] Note that END_TO_END duration also includes time outside of HLO_PASSES, BACKEND_PASSES, and CODE_GENERATION
2026-08-28T09:24:02.694519906Z I0828 09:24:02.694475       1 server_lib.cc:2235] Done compilation of PSI exchange program: OK took 39.725678ms
2026-08-28T09:24:02.694525188Z I0828 09:24:02.694483       1 job_info_impl_cloud.cc:177] Not running on Google or testing cloud: CreateCloudJobInfoImpl
2026-08-28T09:24:02.694527289Z I0828 09:24:02.694498       1 psi_consensus_preflight.cc:342] Starting execution of psi_info_exchange.1
2026-08-28T09:24:02.695179103Z I0828 09:24:02.695135       1 psi_consensus_preflight.cc:357] Finished dispatching psi_info_exchange.1
2026-08-28T09:24:02.765698577Z I0828 09:24:02.765657       1 psi_consensus_preflight.cc:365] Finished execution of psi_info_exchange.1
2026-08-28T09:24:02.765838576Z I0828 09:24:02.765745     672 watch_dog.cc:58] WatchDog Timebomb for initial consensus program shutdown
2026-08-28T09:24:02.765980627Z I0828 09:24:02.765929       1 psi_consensus_preflight.cc:417] Using per-slice-instance JobId 3645308172999029083 instead of just borg job id 0
2026-08-28T09:24:02.801458845Z I0828 09:24:02.801411       1 tpu_chip_config.cc:367] Resolved chip config alias megachip_tccontrol->megacore for 2093c6a02, 
2026-08-28T09:24:02.802349208Z I0828 09:24:02.802304       1 server_lib.cc:1172] TPU Device with core coordinates: 1x3x0_TC0 is on host: gke-tpu-44404155-w04l
2026-08-28T09:24:02.802354291Z I0828 09:24:02.802319       1 server_lib.cc:1172] TPU Device with core coordinates: 1x2x0_TC0 is on host: gke-tpu-44404155-w04l
2026-08-28T09:24:02.802356518Z I0828 09:24:02.802321       1 server_lib.cc:1172] TPU Device with core coordinates: 0x2x0_TC0 is on host: gke-tpu-44404155-w04l
2026-08-28T09:24:02.802358443Z I0828 09:24:02.802322       1 server_lib.cc:1172] TPU Device with core coordinates: 0x3x0_TC0 is on host: gke-tpu-44404155-w04l
2026-08-28T09:24:02.809414506Z I0828 09:24:02.809370       1 rpc_transport.cc:1602] grpc: Creating RpcTransport at 10.164.0.185:55596 with 8 channels per destination and a limit of 8192 concurrent send channels
2026-08-28T09:24:02.809826732Z I0828 09:24:02.809788       1 object_manager.cc:617] Initializing BufferStore device 76
2026-08-28T09:24:02.809831344Z I0828 09:24:02.809795       1 object_manager.cc:617] Initializing BufferStore device 9
2026-08-28T09:24:02.809833593Z I0828 09:24:02.809797       1 object_manager.cc:617] Initializing BufferStore device 8
2026-08-28T09:24:02.809835364Z I0828 09:24:02.809798       1 object_manager.cc:617] Initializing BufferStore device 12
2026-08-28T09:24:02.809837383Z I0828 09:24:02.809799       1 object_manager.cc:617] Initializing BufferStore device 73
2026-08-28T09:24:02.809841405Z I0828 09:24:02.809800       1 object_manager.cc:617] Initializing BufferStore device 72
2026-08-28T09:24:02.809843525Z I0828 09:24:02.809801       1 object_manager.cc:617] Initializing BufferStore device 13
2026-08-28T09:24:02.809845143Z I0828 09:24:02.809802       1 object_manager.cc:617] Initializing BufferStore device 134
2026-08-28T09:24:02.809847349Z I0828 09:24:02.809803       1 object_manager.cc:617] Initializing BufferStore device 77
2026-08-28T09:24:02.810292362Z I0828 09:24:02.810248       1 preemption_util.cc:46] Registering cloud preemption handler.
2026-08-28T09:24:02.810726663Z I0828 09:24:02.810524       1 server_lib.cc:1479] Server starting up, with http listen address '10.164.0.185:29000' and config.job.resolved_address 'canon-p57-fl-zero-f45w15-799a0bd1-pathways-worker-0-6.canon-p57-fl-zero-f45w15-799a0bd1:29000'
2026-08-28T09:24:02.811187829Z I0828 09:24:02.811147       1 server_status_pages_noop.cc:9] ExportServerStatusPages is a no-op.
2026-08-28T09:24:02.811337654Z I0828 09:24:02.811157       1 server_lib.cc:1581] Pathways Server serving on 10.164.0.185:29000
2026-08-28T09:24:02.811347273Z W0828 09:24:02.811306       1 httpserver2_cloud.cc:175] Skipping RedirectRootToStatusz as it is not supported yet.
2026-08-28T09:24:02.811350500Z I0828 09:24:02.811318       1 httpserver2_cloud.cc:56] WaitForTermination
2026-08-28T09:24:02.831455592Z I0828 09:24:02.831392     814 worker_message_distributor.cc:601] Creating send thread LocalSender_at_3645308172999029083_6 for local worker op dispatcher
2026-08-28T09:24:02.831471626Z I0828 09:24:02.831405     748 worker_message_distributor.cc:1046] Starting send thread LocalSender_at_3645308172999029083_6
2026-08-28T09:24:02.831474939Z I0828 09:24:02.831406     814 worker_message_distributor.cc:1985] Configuring distributor for 1 workers at 3645308172999029083: next_hops_per_sender=1 (split_threshold=256)
2026-08-28T09:24:02.831477199Z I0828 09:24:02.831413     814 worker_message_distributor.cc:2057] Configured distributor for 0 remote endpoints
2026-08-28T09:24:02.831855172Z I0828 09:24:02.831694     748 persistent_compilation_cache.cc:446] Created persistent cache from location go/debugproto   
2026-08-28T09:24:02.831867354Z storage_type: GCS
2026-08-28T09:24:02.831868968Z path: "gs://yuxzhang-tunix-models/tmp/canon-zero-tim/p33/canon-p57-fl-zero-f45w15-799a0bd1/compilation_cache/default"
2026-08-28T09:24:02.831870713Z num_shards: 1
2026-08-28T09:24:02.831872128Z name: "default"
2026-08-28T09:24:02.831873260Z ttl {
2026-08-28T09:24:02.831874581Z   seconds: 259200
2026-08-28T09:24:02.831875803Z }
2026-08-28T09:24:02.834357973Z I0828 09:24:02.834315     748 persistent_compilation_cache.cc:455] Using compressor 'zstd=1' to compress persistent compilation cache entries
2026-08-28T09:24:02.842745459Z I0828 09:24:02.842570     748 server_lib.cc:1923] Initializing placement go/debugproto   
2026-08-28T09:24:02.842752508Z placement_id: 8738739699332614172
2026-08-28T09:24:02.842755114Z dset_id: 16824131835947578458
2026-08-28T09:24:02.842757097Z client_ids: 16824131835947578028
2026-08-28T09:24:02.842759032Z I0828 09:24:02.842717     748 sidecar_registry.cc:58] Creating sidecar 'xprof'
2026-08-28T09:30:22.704982566Z I0828 09:30:22.704869     737 server_lib.cc:1855] Attempting to load component jit_stage.3658920302745356162 @ 0 at worker after 1.587563ms (proto size 2382)
2026-08-28T09:30:22.941554866Z I0828 09:30:22.941449     703 server_lib.cc:1855] Attempting to load component jit__threefry_seed.9566523955996969787 @ 0 at worker after 909.557us (proto size 2409)
2026-08-28T09:30:22.963148016Z I0828 09:30:22.963047    1296 tpu_chip_config.cc:367] Resolved chip config alias megachip_tccontrol->megacore for 2093c6a02, 
2026-08-28T09:30:22.965263135Z I0828 09:30:22.965201    1296 tpu_chip_config.cc:367] Resolved chip config alias megachip_tccontrol->megacore for 2093c6a02, 
2026-08-28T09:30:22.966236482Z I0828 09:30:22.966177    1296 xla_compilation_cache.cc:113] XLA compilation cache fetch for computation 'jit_stage' (key 83c15331012ef991) took 261.323208ms: PERSISTENT_FETCH
2026-08-28T09:30:23.170318982Z I0828 09:30:23.170208    1295 tpu_chip_config.cc:367] Resolved chip config alias megachip_tccontrol->megacore for 2093c6a02, 
2026-08-28T09:30:23.172087780Z I0828 09:30:23.172014    1295 tpu_chip_config.cc:367] Resolved chip config alias megachip_tccontrol->megacore for 2093c6a02, 
2026-08-28T09:30:23.173168993Z I0828 09:30:23.173105    1295 xla_compilation_cache.cc:113] XLA compilation cache fetch for computation 'jit__threefry_seed' (key 6d038df1de0e7d78) took 231.664912ms: PERSISTENT_FETCH
2026-08-28T09:30:23.188241526Z I0828 09:30:23.188175     703 server_lib.cc:1855] Attempting to load component jit__generate_dummy_weights_kernel.3658920302745355739 @ 0 at worker after 941.674us (proto size 2456)
2026-08-28T09:30:25.068073924Z I0828 09:30:25.067959     703 server_lib.cc:1855] Attempting to load component jit__identity_fn.9566523955996970204 @ 0 at worker after 913.423us (proto size 2426)
2026-08-28T09:30:25.092057609Z I0828 09:30:25.091985    1295 tpu_chip_config.cc:367] Resolved chip config alias megachip_tccontrol->megacore for 2093c6a02, 
2026-08-28T09:30:25.093931665Z I0828 09:30:25.093866    1295 tpu_chip_config.cc:367] Resolved chip config alias megachip_tccontrol->megacore for 2093c6a02, 
2026-08-28T09:30:25.095531994Z I0828 09:30:25.095470    1295 xla_compilation_cache.cc:113] XLA compilation cache fetch for computation 'jit__generate_dummy_weights_kernel' (key 5209253d8ba56adb) took 1.907301376s: PERSISTENT_FETCH
2026-08-28T09:30:25.392575008Z I0828 09:30:25.392503     725 server_lib.cc:1855] Attempting to load component jit__generate_dummy_weights_kernel.3658920302745355175 @ 0 at worker after 869.16us (proto size 2456)
2026-08-28T09:30:25.400541558Z I0828 09:30:25.400451    1296 tpu_chip_config.cc:367] Resolved chip config alias megachip_tccontrol->megacore for 2093c6a02, 
2026-08-28T09:30:25.402332245Z I0828 09:30:25.402264    1296 tpu_chip_config.cc:367] Resolved chip config alias megachip_tccontrol->megacore for 2093c6a02, 
2026-08-28T09:30:25.403185441Z I0828 09:30:25.403129    1296 xla_compilation_cache.cc:113] XLA compilation cache fetch for computation 'jit__identity_fn' (key 73c0e6511de7bd45) took 335.178362ms: PERSISTENT_FETCH
2026-08-28T09:30:28.079747435Z I0828 09:30:28.079614     725 server_lib.cc:1855] Attempting to load component jit__identity_fn.9566523955996970621 @ 0 at worker after 914.172us (proto size 2426)
2026-08-28T09:30:28.111069584Z I0828 09:30:28.110988    1295 tpu_chip_config.cc:367] Resolved chip config alias megachip_tccontrol->megacore for 2093c6a02, 
2026-08-28T09:30:28.112991263Z I0828 09:30:28.112924    1295 tpu_chip_config.cc:367] Resolved chip config alias megachip_tccontrol->megacore for 2093c6a02, 
2026-08-28T09:30:28.114576680Z I0828 09:30:28.114519    1295 xla_compilation_cache.cc:113] XLA compilation cache fetch for computation 'jit__generate_dummy_weights_kernel' (key 1b8e338b0ce3bbfe) took 2.72202361s: PERSISTENT_FETCH
2026-08-28T09:30:28.396366244Z I0828 09:30:28.396277    1296 tpu_chip_config.cc:367] Resolved chip config alias megachip_tccontrol->megacore for 2093c6a02, 
2026-08-28T09:30:28.398122678Z I0828 09:30:28.398062    1296 tpu_chip_config.cc:367] Resolved chip config alias megachip_tccontrol->megacore for 2093c6a02, 
2026-08-28T09:30:28.398953292Z I0828 09:30:28.398899    1296 xla_compilation_cache.cc:113] XLA compilation cache fetch for computation 'jit__identity_fn' (key 7f60c111408dd9eb) took 319.295026ms: PERSISTENT_FETCH
2026-08-28T09:30:32.915618958Z I0828 09:30:32.915490     714 server_lib.cc:1855] Attempting to load component jit__generate_dummy_weights_kernel.5009576107440550199 @ 0 at worker after 3.746993ms (proto size 2451)
2026-08-28T09:30:33.281633819Z I0828 09:30:33.281472    1296 tpu_chip_config.cc:367] Resolved chip config alias megachip_tccontrol->megacore for 2093c6a02, 
2026-08-28T09:30:33.283426395Z I0828 09:30:33.283358    1296 tpu_chip_config.cc:367] Resolved chip config alias megachip_tccontrol->megacore for 2093c6a02, 
2026-08-28T09:30:33.284733935Z I0828 09:30:33.284673    1296 xla_compilation_cache.cc:113] XLA compilation cache fetch for computation 'jit__generate_dummy_weights_kernel' (key f91ad6bc5fa5a293) took 369.195055ms: PERSISTENT_FETCH
2026-08-28T09:30:33.286613170Z I0828 09:30:33.286498     714 server_lib.cc:1855] Attempting to load component jit__identity_fn.10416149044182843223 @ 0 at worker after 32.601801ms (proto size 2417)
2026-08-28T09:30:33.572509864Z I0828 09:30:33.572424    1296 tpu_chip_config.cc:367] Resolved chip config alias megachip_tccontrol->megacore for 2093c6a02, 
2026-08-28T09:30:33.574242990Z I0828 09:30:33.574186    1296 tpu_chip_config.cc:367] Resolved chip config alias megachip_tccontrol->megacore for 2093c6a02, 
2026-08-28T09:30:33.575163993Z I0828 09:30:33.575100    1296 xla_compilation_cache.cc:113] XLA compilation cache fetch for computation 'jit__identity_fn' (key f84d675e12ac2f75) took 288.612602ms: PERSISTENT_FETCH
2026-08-28T09:30:34.168281198Z I0828 09:30:34.168145     725 server_lib.cc:1855] Attempting to load component jit__generate_dummy_weights_kernel.5009576107440551419 @ 0 at worker after 3.885892ms (proto size 2455)
2026-08-28T09:30:34.979807854Z I0828 09:30:34.979700     714 server_lib.cc:1855] Attempting to load component jit__identity_fn.10416149044182841512 @ 0 at worker after 912.346us (proto size 2424)
2026-08-28T09:30:35.011463896Z I0828 09:30:35.011394    1296 tpu_chip_config.cc:367] Resolved chip config alias megachip_tccontrol->megacore for 2093c6a02, 
2026-08-28T09:30:35.013371808Z I0828 09:30:35.013313    1296 tpu_chip_config.cc:367] Resolved chip config alias megachip_tccontrol->megacore for 2093c6a02, 
2026-08-28T09:30:35.014828337Z I0828 09:30:35.014774    1296 xla_compilation_cache.cc:113] XLA compilation cache fetch for computation 'jit__generate_dummy_weights_kernel' (key 981da1a85e6889e9) took 846.641746ms: PERSISTENT_FETCH
2026-08-28T09:30:35.255092515Z I0828 09:30:35.254962    1295 tpu_chip_config.cc:367] Resolved chip config alias megachip_tccontrol->megacore for 2093c6a02, 
2026-08-28T09:30:35.256756789Z I0828 09:30:35.256693    1295 tpu_chip_config.cc:367] Resolved chip config alias megachip_tccontrol->megacore for 2093c6a02, 
2026-08-28T09:30:35.257612669Z I0828 09:30:35.257547    1295 xla_compilation_cache.cc:113] XLA compilation cache fetch for computation 'jit__identity_fn' (key f67e1c879650234) took 277.860976ms: PERSISTENT_FETCH
2026-08-28T09:30:35.592535572Z I0828 09:30:35.592445     700 server_lib.cc:1855] Attempting to load component jit__generate_dummy_weights_kernel.2130004682616430686 @ 0 at worker after 4.056815ms (proto size 2455)
2026-08-28T09:30:36.356802364Z I0828 09:30:36.356685     700 server_lib.cc:1855] Attempting to load component jit__identity_fn.6774095956947437378 @ 0 at worker after 834.183us (proto size 2424)
2026-08-28T09:30:36.376670318Z I0828 09:30:36.376590    1295 tpu_chip_config.cc:367] Resolved chip config alias megachip_tccontrol->megacore for 2093c6a02, 
2026-08-28T09:30:36.378407269Z I0828 09:30:36.378338    1295 tpu_chip_config.cc:367] Resolved chip config alias megachip_tccontrol->megacore for 2093c6a02, 
2026-08-28T09:30:36.379799212Z I0828 09:30:36.379737    1295 xla_compilation_cache.cc:113] XLA compilation cache fetch for computation 'jit__generate_dummy_weights_kernel' (key 4fef04fbac84fc15) took 787.300205ms: PERSISTENT_FETCH
2026-08-28T09:30:36.653108228Z I0828 09:30:36.652970    1296 tpu_chip_config.cc:367] Resolved chip config alias megachip_tccontrol->megacore for 2093c6a02, 
2026-08-28T09:30:36.654754025Z I0828 09:30:36.654690    1296 tpu_chip_config.cc:367] Resolved chip config alias megachip_tccontrol->megacore for 2093c6a02, 
2026-08-28T09:30:36.655607430Z I0828 09:30:36.655551    1296 xla_compilation_cache.cc:113] XLA compilation cache fetch for computation 'jit__identity_fn' (key 5c00628241b2c668) took 298.872541ms: PERSISTENT_FETCH
2026-08-28T09:30:38.180210402Z I0828 09:30:38.180066     737 server_lib.cc:1855] Attempting to load component jit__generate_dummy_weights_kernel.6774095956947437790 @ 0 at worker after 29.13916ms (proto size 2450)
2026-08-28T09:30:38.443735654Z I0828 09:30:38.443626     737 server_lib.cc:1855] Attempting to load component jit__identity_fn.17152593400471991760 @ 0 at worker after 807.609us (proto size 2416)
2026-08-28T09:30:38.464305302Z I0828 09:30:38.464202    1296 tpu_chip_config.cc:367] Resolved chip config alias megachip_tccontrol->megacore for 2093c6a02, 
2026-08-28T09:30:38.466072467Z I0828 09:30:38.466005    1296 tpu_chip_config.cc:367] Resolved chip config alias megachip_tccontrol->megacore for 2093c6a02, 
2026-08-28T09:30:38.467379689Z I0828 09:30:38.467321    1296 xla_compilation_cache.cc:113] XLA compilation cache fetch for computation 'jit__generate_dummy_weights_kernel' (key 185fbfb2f63b33f) took 287.264288ms: PERSISTENT_FETCH
2026-08-28T09:30:38.695977928Z I0828 09:30:38.695879    1295 tpu_chip_config.cc:367] Resolved chip config alias megachip_tccontrol->megacore for 2093c6a02, 
2026-08-28T09:30:38.697647478Z I0828 09:30:38.697585    1295 tpu_chip_config.cc:367] Resolved chip config alias megachip_tccontrol->megacore for 2093c6a02, 
2026-08-28T09:30:38.698473534Z I0828 09:30:38.698408    1295 xla_compilation_cache.cc:113] XLA compilation cache fetch for computation 'jit__identity_fn' (key b3249a0c70d8aca) took 254.787775ms: PERSISTENT_FETCH
2026-08-28T09:30:38.699341864Z I0828 09:30:38.699258     714 server_lib.cc:1855] Attempting to load component jit__generate_dummy_weights_kernel.6774095956947438202 @ 0 at worker after 1.298ms (proto size 2458)
2026-08-28T09:30:39.406263077Z I0828 09:30:39.406183     700 server_lib.cc:1855] Attempting to load component jit__identity_fn.17152593400471991423 @ 0 at worker after 929.63us (proto size 2431)
2026-08-28T09:30:39.432101745Z I0828 09:30:39.431979    1295 tpu_chip_config.cc:367] Resolved chip config alias megachip_tccontrol->megacore for 2093c6a02, 
2026-08-28T09:30:39.433653093Z I0828 09:30:39.433590    1295 tpu_chip_config.cc:367] Resolved chip config alias megachip_tccontrol->megacore for 2093c6a02, 
2026-08-28T09:30:39.434991357Z I0828 09:30:39.434927    1295 xla_compilation_cache.cc:113] XLA compilation cache fetch for computation 'jit__generate_dummy_weights_kernel' (key 8c6275e7a6764211) took 735.683066ms: PERSISTENT_FETCH
2026-08-28T09:30:39.713491442Z I0828 09:30:39.713372    1296 tpu_chip_config.cc:367] Resolved chip config alias megachip_tccontrol->megacore for 2093c6a02, 
2026-08-28T09:30:39.715144804Z I0828 09:30:39.715056    1296 tpu_chip_config.cc:367] Resolved chip config alias megachip_tccontrol->megacore for 2093c6a02, 
2026-08-28T09:30:39.715946615Z I0828 09:30:39.715878    1296 xla_compilation_cache.cc:113] XLA compilation cache fetch for computation 'jit__identity_fn' (key d22f885db409d994) took 309.702356ms: PERSISTENT_FETCH
2026-08-28T09:30:39.865158206Z I0828 09:30:39.865044     725 server_lib.cc:1855] Attempting to load component jit__generate_dummy_weights_kernel.9566523955996967220 @ 0 at worker after 837.151us (proto size 2458)
2026-08-28T09:30:40.845769252Z I0828 09:30:40.845673     725 server_lib.cc:1855] Attempting to load component jit__identity_fn.11021083957486999123 @ 0 at worker after 887.965us (proto size 2431)
2026-08-28T09:30:40.866304043Z I0828 09:30:40.866226    1296 tpu_chip_config.cc:367] Resolved chip config alias megachip_tccontrol->megacore for 2093c6a02, 
2026-08-28T09:30:40.868063361Z I0828 09:30:40.867974    1296 tpu_chip_config.cc:367] Resolved chip config alias megachip_tccontrol->megacore for 2093c6a02, 
2026-08-28T09:30:40.869483700Z I0828 09:30:40.869412    1296 xla_compilation_cache.cc:113] XLA compilation cache fetch for computation 'jit__generate_dummy_weights_kernel' (key 1f4016e9876dc267) took 1.004376763s: PERSISTENT_FETCH
2026-08-28T09:30:41.154693307Z I0828 09:30:41.154605    1295 tpu_chip_config.cc:367] Resolved chip config alias megachip_tccontrol->megacore for 2093c6a02, 
2026-08-28T09:30:41.156329285Z I0828 09:30:41.156271    1295 tpu_chip_config.cc:367] Resolved chip config alias megachip_tccontrol->megacore for 2093c6a02, 
2026-08-28T09:30:41.157178400Z I0828 09:30:41.157127    1295 xla_compilation_cache.cc:113] XLA compilation cache fetch for computation 'jit__identity_fn' (key 6b48b0d1b914aaef) took 311.462133ms: PERSISTENT_FETCH
2026-08-28T09:30:41.308353737Z I0828 09:30:41.308279     737 server_lib.cc:1855] Attempting to load component jit__generate_dummy_weights_kernel.2130004682616431831 @ 0 at worker after 1.066317ms (proto size 2458)
2026-08-28T09:30:42.570945711Z I0828 09:30:42.570865     737 server_lib.cc:1855] Attempting to load component jit__identity_fn.3658920302745354752 @ 0 at worker after 835.1us (proto size 2430)
2026-08-28T09:30:42.598067868Z I0828 09:30:42.598003    1295 tpu_chip_config.cc:367] Resolved chip config alias megachip_tccontrol->megacore for 2093c6a02, 
2026-08-28T09:30:42.599803321Z I0828 09:30:42.599743    1295 tpu_chip_config.cc:367] Resolved chip config alias megachip_tccontrol->megacore for 2093c6a02, 
2026-08-28T09:30:42.601237322Z I0828 09:30:42.601185    1295 xla_compilation_cache.cc:113] XLA compilation cache fetch for computation 'jit__generate_dummy_weights_kernel' (key f5d0a0a25fa60832) took 1.29291343s: PERSISTENT_FETCH
2026-08-28T09:30:42.858378191Z I0828 09:30:42.858255    1296 tpu_chip_config.cc:367] Resolved chip config alias megachip_tccontrol->megacore for 2093c6a02, 
2026-08-28T09:30:42.860184516Z I0828 09:30:42.860105    1296 tpu_chip_config.cc:367] Resolved chip config alias megachip_tccontrol->megacore for 2093c6a02, 
2026-08-28T09:30:42.861100878Z I0828 09:30:42.860981    1296 xla_compilation_cache.cc:113] XLA compilation cache fetch for computation 'jit__identity_fn' (key 23d76feeb1805f52) took 290.124256ms: PERSISTENT_FETCH
2026-08-28T09:32:04.698751752Z I0828 09:32:04.698571     736 server_lib.cc:1855] Attempting to load component jit_create_jit_model.10416149044182839749 @ 0 at worker after 1.613655ms (proto size 22717)
2026-08-28T09:32:05.816249685Z I0828 09:32:05.816103    1296 tpu_chip_config.cc:367] Resolved chip config alias megachip_tccontrol->megacore for 2093c6a02, 
2026-08-28T09:32:05.818320899Z I0828 09:32:05.818237    1296 tpu_chip_config.cc:367] Resolved chip config alias megachip_tccontrol->megacore for 2093c6a02, 
2026-08-28T09:32:05.821965900Z I0828 09:32:05.821865    1296 xla_compilation_cache.cc:113] XLA compilation cache fetch for computation 'jit_create_jit_model' (key 88c011f9e69845d2) took 1.123305813s: PERSISTENT_FETCH
2026-08-28T09:32:06.597530833Z W0828 09:32:06.597437     236 override_grpc_credentials_real.cc:88] Using MLPathways gRPC client credentials override
2026-08-28T09:32:06.670973678Z I0828 09:32:06.670908     748 worker_op_dispatcher.cc:4605] Component is not loaded yet; deferring unload until load completes: jit_stage.3658920302745356162 @ 0
2026-08-28T09:32:06.670996445Z I0828 09:32:06.670940    1505 server_lib.cc:743] Unloading component jit_stage.3658920302745356162 @ 0 at worker
2026-08-28T09:32:06.671169952Z I0828 09:32:06.671111     748 worker_op_dispatcher.cc:4605] Component is not loaded yet; deferring unload until load completes: jit__generate_dummy_weights_kernel.3658920302745355175 @ 0
2026-08-28T09:32:06.671178965Z I0828 09:32:06.671120     748 worker_op_dispatcher.cc:4605] Component is not loaded yet; deferring unload until load completes: jit__generate_dummy_weights_kernel.5009576107440550199 @ 0
2026-08-28T09:32:06.671182352Z I0828 09:32:06.671128     748 worker_op_dispatcher.cc:4605] Component is not loaded yet; deferring unload until load completes: jit__generate_dummy_weights_kernel.2130004682616430686 @ 0
2026-08-28T09:32:06.671185678Z I0828 09:32:06.671134     748 worker_op_dispatcher.cc:4605] Component is not loaded yet; deferring unload until load completes: jit__identity_fn.10416149044182843223 @ 0
2026-08-28T09:32:06.671188064Z I0828 09:32:06.671143     748 worker_op_dispatcher.cc:4605] Component is not loaded yet; deferring unload until load completes: jit__identity_fn.17152593400471991760 @ 0
2026-08-28T09:32:06.671191132Z I0828 09:32:06.671146    1505 server_lib.cc:743] Unloading component jit__identity_fn.10416149044182843223 @ 0 at worker
2026-08-28T09:32:06.671193865Z I0828 09:32:06.671153     748 worker_op_dispatcher.cc:4605] Component is not loaded yet; deferring unload until load completes: jit__threefry_seed.9566523955996969787 @ 0
2026-08-28T09:32:06.671201318Z I0828 09:32:06.671151    1496 server_lib.cc:743] Unloading component jit__generate_dummy_weights_kernel.3658920302745355175 @ 0 at worker
2026-08-28T09:32:06.671203969Z I0828 09:32:06.671151    1500 server_lib.cc:743] Unloading component jit__generate_dummy_weights_kernel.5009576107440550199 @ 0 at worker
2026-08-28T09:32:06.671208661Z I0828 09:32:06.671171    1505 server_lib.cc:743] Unloading component jit__threefry_seed.9566523955996969787 @ 0 at worker
2026-08-28T09:32:06.671211124Z I0828 09:32:06.671153    1494 server_lib.cc:743] Unloading component jit__generate_dummy_weights_kernel.2130004682616430686 @ 0 at worker
2026-08-28T09:32:06.671217921Z I0828 09:32:06.671187    1495 server_lib.cc:743] Unloading component jit__identity_fn.17152593400471991760 @ 0 at worker
2026-08-28T09:32:06.671438063Z I0828 09:32:06.671394     748 worker_op_dispatcher.cc:4605] Component is not loaded yet; deferring unload until load completes: jit__generate_dummy_weights_kernel.6774095956947438202 @ 0
2026-08-28T09:32:06.671475585Z I0828 09:32:06.671422    1493 server_lib.cc:743] Unloading component jit__generate_dummy_weights_kernel.6774095956947438202 @ 0 at worker
2026-08-28T09:32:06.671702544Z I0828 09:32:06.671673     748 worker_op_dispatcher.cc:4605] Component is not loaded yet; deferring unload until load completes: jit__generate_dummy_weights_kernel.3658920302745355739 @ 0
2026-08-28T09:32:06.671712674Z I0828 09:32:06.671695    1493 server_lib.cc:743] Unloading component jit__generate_dummy_weights_kernel.3658920302745355739 @ 0 at worker
2026-08-28T09:32:06.671715732Z I0828 09:32:06.671698     748 worker_op_dispatcher.cc:4605] Component is not loaded yet; deferring unload until load completes: jit__generate_dummy_weights_kernel.6774095956947437790 @ 0
2026-08-28T09:32:06.671720762Z I0828 09:32:06.671706     748 worker_op_dispatcher.cc:4605] Component is not loaded yet; deferring unload until load completes: jit__generate_dummy_weights_kernel.5009576107440551419 @ 0
2026-08-28T09:32:06.671723654Z I0828 09:32:06.671713     748 worker_op_dispatcher.cc:4605] Component is not loaded yet; deferring unload until load completes: jit__generate_dummy_weights_kernel.9566523955996967220 @ 0
2026-08-28T09:32:06.671733554Z I0828 09:32:06.671717    1500 server_lib.cc:743] Unloading component jit__generate_dummy_weights_kernel.5009576107440551419 @ 0 at worker
2026-08-28T09:32:06.671752001Z I0828 09:32:06.671721     748 worker_op_dispatcher.cc:4605] Component is not loaded yet; deferring unload until load completes: jit__generate_dummy_weights_kernel.2130004682616431831 @ 0
2026-08-28T09:32:06.671759764Z I0828 09:32:06.671720    1495 server_lib.cc:743] Unloading component jit__generate_dummy_weights_kernel.6774095956947437790 @ 0 at worker
2026-08-28T09:32:06.671768658Z I0828 09:32:06.671730     748 worker_op_dispatcher.cc:4605] Component is not loaded yet; deferring unload until load completes: jit__identity_fn.9566523955996970621 @ 0
2026-08-28T09:32:06.671772276Z I0828 09:32:06.671742    1494 server_lib.cc:743] Unloading component jit__generate_dummy_weights_kernel.2130004682616431831 @ 0 at worker
2026-08-28T09:32:06.671777049Z I0828 09:32:06.671751     748 worker_op_dispatcher.cc:4605] Component is not loaded yet; deferring unload until load completes: jit__identity_fn.9566523955996970204 @ 0
2026-08-28T09:32:06.671779488Z I0828 09:32:06.671752    1505 server_lib.cc:743] Unloading component jit__identity_fn.9566523955996970621 @ 0 at worker
2026-08-28T09:32:06.671781877Z I0828 09:32:06.671746    1501 server_lib.cc:743] Unloading component jit__generate_dummy_weights_kernel.9566523955996967220 @ 0 at worker
2026-08-28T09:32:06.671784357Z I0828 09:32:06.671759     748 worker_op_dispatcher.cc:4605] Component is not loaded yet; deferring unload until load completes: jit__identity_fn.17152593400471991423 @ 0
2026-08-28T09:32:06.671788565Z I0828 09:32:06.671766     748 worker_op_dispatcher.cc:4605] Component is not loaded yet; deferring unload until load completes: jit__identity_fn.6774095956947437378 @ 0
2026-08-28T09:32:06.671790834Z I0828 09:32:06.671767    1505 server_lib.cc:743] Unloading component jit__identity_fn.9566523955996970204 @ 0 at worker
2026-08-28T09:32:06.671809892Z I0828 09:32:06.671783     748 worker_op_dispatcher.cc:4605] Component is not loaded yet; deferring unload until load completes: jit__identity_fn.10416149044182841512 @ 0
2026-08-28T09:32:06.671816167Z I0828 09:32:06.671786    1501 server_lib.cc:743] Unloading component jit__identity_fn.17152593400471991423 @ 0 at worker
2026-08-28T09:32:06.671818811Z I0828 09:32:06.671788    1494 server_lib.cc:743] Unloading component jit__identity_fn.6774095956947437378 @ 0 at worker
2026-08-28T09:32:06.671821449Z I0828 09:32:06.671791     748 worker_op_dispatcher.cc:4605] Component is not loaded yet; deferring unload until load completes: jit__identity_fn.3658920302745354752 @ 0
2026-08-28T09:32:06.671831669Z I0828 09:32:06.671802    1494 server_lib.cc:743] Unloading component jit__identity_fn.10416149044182841512 @ 0 at worker
2026-08-28T09:32:06.671862943Z I0828 09:32:06.671816     748 worker_op_dispatcher.cc:4605] Component is not loaded yet; deferring unload until load completes: jit__identity_fn.11021083957486999123 @ 0
2026-08-28T09:32:06.671868032Z I0828 09:32:06.671819    1493 server_lib.cc:743] Unloading component jit__identity_fn.3658920302745354752 @ 0 at worker
2026-08-28T09:32:06.671871281Z I0828 09:32:06.671837    1493 server_lib.cc:743] Unloading component jit__identity_fn.11021083957486999123 @ 0 at worker
2026-08-28T09:32:07.099694406Z I0828 09:32:07.099596     748 worker_op_dispatcher.cc:4605] Component is not loaded yet; deferring unload until load completes: jit_create_jit_model.10416149044182839749 @ 0
2026-08-28T09:32:07.099720038Z I0828 09:32:07.099622    1505 server_lib.cc:743] Unloading component jit_create_jit_model.10416149044182839749 @ 0 at worker
2026-08-28T09:32:08.944614892Z I0828 09:32:08.944523     735 server_lib.cc:1855] Attempting to load component jit_sample.17152593400471991285 @ 0 at worker after 827.326us (proto size 2534)
2026-08-28T09:32:13.440730246Z I0828 09:32:13.440581    1296 tpu_chip_config.cc:367] Resolved chip config alias megachip_tccontrol->megacore for 2093c6a02, 
2026-08-28T09:32:13.443044224Z I0828 09:32:13.442928    1296 tpu_chip_config.cc:367] Resolved chip config alias megachip_tccontrol->megacore for 2093c6a02, 
2026-08-28T09:32:13.445609269Z I0828 09:32:13.445539    1296 xla_compilation_cache.cc:113] XLA compilation cache fetch for computation 'jit_sample' (key 8ca65ded2b632890) took 4.501027151s: PERSISTENT_FETCH
2026-08-28T09:32:13.690095970Z I0828 09:32:13.689997     695 server_lib.cc:1855] Attempting to load component jit_sample.17542282987440715599 @ 0 at worker after 946.274us (proto size 2534)
2026-08-28T09:32:18.122847705Z I0828 09:32:18.122727     716 server_lib.cc:1855] Attempting to load component jit_sample.5009576107440550416 @ 0 at worker after 829.762us (proto size 2452)
2026-08-28T09:32:18.146341083Z I0828 09:32:18.146230    1296 tpu_chip_config.cc:367] Resolved chip config alias megachip_tccontrol->megacore for 2093c6a02, 
2026-08-28T09:32:18.148920125Z I0828 09:32:18.148857    1296 tpu_chip_config.cc:367] Resolved chip config alias megachip_tccontrol->megacore for 2093c6a02, 
2026-08-28T09:32:18.151778515Z I0828 09:32:18.151710    1296 xla_compilation_cache.cc:113] XLA compilation cache fetch for computation 'jit_sample' (key f0f8eeaade6ee0d0) took 4.461724382s: PERSISTENT_FETCH
2026-08-28T09:32:18.482664424Z I0828 09:32:18.482575    1295 tpu_chip_config.cc:367] Resolved chip config alias megachip_tccontrol->megacore for 2093c6a02, 
2026-08-28T09:32:18.483588439Z I0828 09:32:18.483517     716 server_lib.cc:1855] Attempting to load component jit_sample.17542282987440715523 @ 0 at worker after 835.651us (proto size 2453)
2026-08-28T09:32:18.484430974Z I0828 09:32:18.484362    1295 tpu_chip_config.cc:367] Resolved chip config alias megachip_tccontrol->megacore for 2093c6a02, 
2026-08-28T09:32:18.485507328Z I0828 09:32:18.485446    1295 xla_compilation_cache.cc:113] XLA compilation cache fetch for computation 'jit_sample' (key 8bbe81b54df65ed4) took 362.729643ms: PERSISTENT_FETCH
2026-08-28T09:32:18.814744409Z I0828 09:32:18.814646    1296 tpu_chip_config.cc:367] Resolved chip config alias megachip_tccontrol->megacore for 2093c6a02, 
2026-08-28T09:32:18.816318659Z I0828 09:32:18.816256    1296 tpu_chip_config.cc:367] Resolved chip config alias megachip_tccontrol->megacore for 2093c6a02, 
2026-08-28T09:32:18.817370013Z I0828 09:32:18.817314    1296 xla_compilation_cache.cc:113] XLA compilation cache fetch for computation 'jit_sample' (key f3af4f358579ccdb) took 333.804853ms: PERSISTENT_FETCH
2026-08-28T09:32:19.688658243Z I0828 09:32:19.688549     695 server_lib.cc:1855] Attempting to load component jit_sample.5009576107440549980 @ 0 at worker after 819.416us (proto size 2533)
2026-08-28T09:32:21.421450646Z I0828 09:32:21.421368    1296 tpu_chip_config.cc:367] Resolved chip config alias megachip_tccontrol->megacore for 2093c6a02, 
2026-08-28T09:32:21.423942853Z I0828 09:32:21.423885    1296 tpu_chip_config.cc:367] Resolved chip config alias megachip_tccontrol->megacore for 2093c6a02, 
2026-08-28T09:32:21.426346283Z I0828 09:32:21.426281    1296 xla_compilation_cache.cc:113] XLA compilation cache fetch for computation 'jit_sample' (key b812dc6371933ca3) took 1.737740322s: PERSISTENT_FETCH
2026-08-28T09:32:21.466781823Z I0828 09:32:21.466707     713 server_lib.cc:1855] Attempting to load component jit_sample.5009576107440553640 @ 0 at worker after 1.060413ms (proto size 2532)
2026-08-28T09:32:23.177752775Z I0828 09:32:23.177644     716 server_lib.cc:1855] Attempting to load component jit_sample.17152593400471992443 @ 0 at worker after 807.865us (proto size 2453)
2026-08-28T09:32:23.202714966Z I0828 09:32:23.202607    1296 tpu_chip_config.cc:367] Resolved chip config alias megachip_tccontrol->megacore for 2093c6a02, 
2026-08-28T09:32:23.205184342Z I0828 09:32:23.205109    1296 tpu_chip_config.cc:367] Resolved chip config alias megachip_tccontrol->megacore for 2093c6a02, 
2026-08-28T09:32:23.207671653Z I0828 09:32:23.207596    1296 xla_compilation_cache.cc:113] XLA compilation cache fetch for computation 'jit_sample' (key 135f005f5d69a51) took 1.740900345s: PERSISTENT_FETCH
2026-08-28T09:32:23.486617964Z I0828 09:32:23.486530     735 server_lib.cc:1855] Attempting to load component jit_sample.5009576107440550764 @ 0 at worker after 881.803us (proto size 2452)
2026-08-28T09:32:23.494370547Z I0828 09:32:23.494309    1295 tpu_chip_config.cc:367] Resolved chip config alias megachip_tccontrol->megacore for 2093c6a02, 
2026-08-28T09:32:23.496006881Z I0828 09:32:23.495951    1295 tpu_chip_config.cc:367] Resolved chip config alias megachip_tccontrol->megacore for 2093c6a02, 
2026-08-28T09:32:23.497037785Z I0828 09:32:23.496963    1295 xla_compilation_cache.cc:113] XLA compilation cache fetch for computation 'jit_sample' (key 417c7ca330603b6d) took 319.327825ms: PERSISTENT_FETCH
2026-08-28T09:32:23.778974855Z I0828 09:32:23.778883    1296 tpu_chip_config.cc:367] Resolved chip config alias megachip_tccontrol->megacore for 2093c6a02, 
2026-08-28T09:32:23.780623174Z I0828 09:32:23.780557    1296 tpu_chip_config.cc:367] Resolved chip config alias megachip_tccontrol->megacore for 2093c6a02, 
2026-08-28T09:32:23.781713273Z I0828 09:32:23.781657    1296 xla_compilation_cache.cc:113] XLA compilation cache fetch for computation 'jit_sample' (key 6bc1c57bf64bacdc) took 295.135253ms: PERSISTENT_FETCH
2026-08-28T09:32:24.537128628Z I0828 09:32:24.537011     695 server_lib.cc:1855] Attempting to load component jit_sample.17152593400471992011 @ 0 at worker after 784.344us (proto size 2534)
2026-08-28T09:32:26.396615844Z I0828 09:32:26.396505    1296 tpu_chip_config.cc:367] Resolved chip config alias megachip_tccontrol->megacore for 2093c6a02, 
2026-08-28T09:32:26.399037019Z I0828 09:32:26.398970    1296 tpu_chip_config.cc:367] Resolved chip config alias megachip_tccontrol->megacore for 2093c6a02, 
2026-08-28T09:32:26.401447339Z I0828 09:32:26.401381    1296 xla_compilation_cache.cc:113] XLA compilation cache fetch for computation 'jit_sample' (key 9ffccc97f619c6b0) took 1.864377864s: PERSISTENT_FETCH
2026-08-28T09:32:26.423413684Z I0828 09:32:26.423287     734 server_lib.cc:1855] Attempting to load component jit_sample.17152593400471991579 @ 0 at worker after 1.082573ms (proto size 2534)
2026-08-28T09:32:28.231700881Z I0828 09:32:28.231603     734 server_lib.cc:1855] Attempting to load component jit_sample.17542282987440713948 @ 0 at worker after 762.74us (proto size 2453)
2026-08-28T09:32:28.234581255Z I0828 09:32:28.234485    1296 tpu_chip_config.cc:367] Resolved chip config alias megachip_tccontrol->megacore for 2093c6a02, 
2026-08-28T09:32:28.237109238Z I0828 09:32:28.237053    1296 tpu_chip_config.cc:367] Resolved chip config alias megachip_tccontrol->megacore for 2093c6a02, 
2026-08-28T09:32:28.239591058Z I0828 09:32:28.239530    1296 xla_compilation_cache.cc:113] XLA compilation cache fetch for computation 'jit_sample' (key f0bd8c5eeac5cda3) took 1.816253899s: PERSISTENT_FETCH
2026-08-28T09:32:28.542926612Z I0828 09:32:28.542838    1295 tpu_chip_config.cc:367] Resolved chip config alias megachip_tccontrol->megacore for 2093c6a02, 
2026-08-28T09:32:28.544647635Z I0828 09:32:28.544576    1295 tpu_chip_config.cc:367] Resolved chip config alias megachip_tccontrol->megacore for 2093c6a02, 
2026-08-28T09:32:28.545695214Z I0828 09:32:28.545616    1295 xla_compilation_cache.cc:113] XLA compilation cache fetch for computation 'jit_sample' (key c285718a4df3f534) took 314.018413ms: PERSISTENT_FETCH
2026-08-28T09:32:28.547658530Z I0828 09:32:28.547578     739 server_lib.cc:1855] Attempting to load component jit_sample.17152593400471992495 @ 0 at worker after 916.113us (proto size 2453)
2026-08-28T09:32:28.932229545Z I0828 09:32:28.932123    1295 tpu_chip_config.cc:367] Resolved chip config alias megachip_tccontrol->megacore for 2093c6a02, 
2026-08-28T09:32:28.933781825Z I0828 09:32:28.933719    1295 tpu_chip_config.cc:367] Resolved chip config alias megachip_tccontrol->megacore for 2093c6a02, 
2026-08-28T09:32:28.934829272Z I0828 09:32:28.934761    1295 xla_compilation_cache.cc:113] XLA compilation cache fetch for computation 'jit_sample' (key 41cd10a205686f16) took 387.193634ms: PERSISTENT_FETCH
2026-08-28T09:32:29.617349863Z I0828 09:32:29.617255     716 server_lib.cc:1855] Attempting to load component jit_sample.10416149044182840371 @ 0 at worker after 819.646us (proto size 2534)
2026-08-28T09:32:33.367064015Z I0828 09:32:33.366915    1295 tpu_chip_config.cc:367] Resolved chip config alias megachip_tccontrol->megacore for 2093c6a02, 
2026-08-28T09:32:33.369440905Z I0828 09:32:33.369361    1295 tpu_chip_config.cc:367] Resolved chip config alias megachip_tccontrol->megacore for 2093c6a02, 
2026-08-28T09:32:33.371937950Z I0828 09:32:33.371867    1295 xla_compilation_cache.cc:113] XLA compilation cache fetch for computation 'jit_sample' (key 81e91992f41fad3a) took 3.754619162s: PERSISTENT_FETCH
2026-08-28T09:32:33.402369740Z I0828 09:32:33.402294     716 server_lib.cc:1855] Attempting to load component jit_sample.5009576107440553378 @ 0 at worker after 1.010238ms (proto size 2533)
2026-08-28T09:32:37.107892871Z I0828 09:32:37.107767     689 server_lib.cc:1855] Attempting to load component jit_sample.17542282987440716697 @ 0 at worker after 961.73us (proto size 2453)
2026-08-28T09:32:37.124752053Z I0828 09:32:37.124637    1295 tpu_chip_config.cc:367] Resolved chip config alias megachip_tccontrol->megacore for 2093c6a02, 
2026-08-28T09:32:37.127229366Z I0828 09:32:37.127144    1295 tpu_chip_config.cc:367] Resolved chip config alias megachip_tccontrol->megacore for 2093c6a02, 
2026-08-28T09:32:37.130079045Z I0828 09:32:37.130007    1295 xla_compilation_cache.cc:113] XLA compilation cache fetch for computation 'jit_sample' (key 55e97baaf4de9127) took 3.727721869s: PERSISTENT_FETCH
2026-08-28T09:32:37.396932092Z I0828 09:32:37.396844     716 server_lib.cc:1855] Attempting to load component jit_sample.5009576107440550502 @ 0 at worker after 835.146us (proto size 2452)
2026-08-28T09:32:37.403781447Z I0828 09:32:37.403693    1296 tpu_chip_config.cc:367] Resolved chip config alias megachip_tccontrol->megacore for 2093c6a02, 
2026-08-28T09:32:37.405618971Z I0828 09:32:37.405554    1296 tpu_chip_config.cc:367] Resolved chip config alias megachip_tccontrol->megacore for 2093c6a02, 
2026-08-28T09:32:37.406720045Z I0828 09:32:37.406663    1296 xla_compilation_cache.cc:113] XLA compilation cache fetch for computation 'jit_sample' (key cad3724e6792e781) took 298.909982ms: PERSISTENT_FETCH
2026-08-28T09:32:37.693683800Z I0828 09:32:37.693561    1295 tpu_chip_config.cc:367] Resolved chip config alias megachip_tccontrol->megacore for 2093c6a02, 
2026-08-28T09:32:37.695282427Z I0828 09:32:37.695210    1295 tpu_chip_config.cc:367] Resolved chip config alias megachip_tccontrol->megacore for 2093c6a02, 
2026-08-28T09:32:37.696317117Z I0828 09:32:37.696258    1295 xla_compilation_cache.cc:113] XLA compilation cache fetch for computation 'jit_sample' (key 84e6ca17adc0ba64) took 299.421888ms: PERSISTENT_FETCH
2026-08-28T09:32:38.453192164Z I0828 09:32:38.453099     716 server_lib.cc:1855] Attempting to load component jit_sample.17542282987440714231 @ 0 at worker after 850.545us (proto size 2540)
2026-08-28T09:32:46.821359970Z I0828 09:32:46.821247    1295 tpu_chip_config.cc:367] Resolved chip config alias megachip_tccontrol->megacore for 2093c6a02, 
2026-08-28T09:32:46.823920273Z I0828 09:32:46.823843    1295 tpu_chip_config.cc:367] Resolved chip config alias megachip_tccontrol->megacore for 2093c6a02, 
2026-08-28T09:32:46.826470620Z I0828 09:32:46.826392    1295 xla_compilation_cache.cc:113] XLA compilation cache fetch for computation 'jit_sample' (key 88c71077ff855469) took 8.373299769s: PERSISTENT_FETCH
2026-08-28T09:32:46.853326222Z I0828 09:32:46.853255     716 server_lib.cc:1855] Attempting to load component jit_sample.17152593400471992737 @ 0 at worker after 1.486503ms (proto size 2540)
2026-08-28T09:32:55.233300393Z I0828 09:32:55.233200     716 server_lib.cc:1855] Attempting to load component jit_sample.5009576107440550676 @ 0 at worker after 853.205us (proto size 2455)
2026-08-28T09:32:55.249745560Z I0828 09:32:55.249680    1295 tpu_chip_config.cc:367] Resolved chip config alias megachip_tccontrol->megacore for 2093c6a02, 
2026-08-28T09:32:55.252063530Z I0828 09:32:55.252008    1295 tpu_chip_config.cc:367] Resolved chip config alias megachip_tccontrol->megacore for 2093c6a02, 
2026-08-28T09:32:55.254656589Z I0828 09:32:55.254598    1295 xla_compilation_cache.cc:113] XLA compilation cache fetch for computation 'jit_sample' (key df77cab55c23f227) took 8.401352586s: PERSISTENT_FETCH
2026-08-28T09:32:55.550383900Z I0828 09:32:55.550250     739 server_lib.cc:1855] Attempting to load component jit_sample.17152593400471993653 @ 0 at worker after 833.482us (proto size 2456)
2026-08-28T09:32:55.559299005Z I0828 09:32:55.559211    1296 tpu_chip_config.cc:367] Resolved chip config alias megachip_tccontrol->megacore for 2093c6a02, 
2026-08-28T09:32:55.561057311Z I0828 09:32:55.560988    1296 tpu_chip_config.cc:367] Resolved chip config alias megachip_tccontrol->megacore for 2093c6a02, 
2026-08-28T09:32:55.562241511Z I0828 09:32:55.562172    1296 xla_compilation_cache.cc:113] XLA compilation cache fetch for computation 'jit_sample' (key 19b226d06d7ae79f) took 328.981643ms: PERSISTENT_FETCH
2026-08-28T09:32:55.857701366Z I0828 09:32:55.857610    1295 tpu_chip_config.cc:367] Resolved chip config alias megachip_tccontrol->megacore for 2093c6a02, 
2026-08-28T09:32:55.859233435Z I0828 09:32:55.859178    1295 tpu_chip_config.cc:367] Resolved chip config alias megachip_tccontrol->megacore for 2093c6a02, 
2026-08-28T09:32:55.860195266Z I0828 09:32:55.860144    1295 xla_compilation_cache.cc:113] XLA compilation cache fetch for computation 'jit_sample' (key 4880062ed2170df0) took 309.906566ms: PERSISTENT_FETCH
2026-08-28T09:32:56.598424658Z I0828 09:32:56.598352     695 server_lib.cc:1855] Attempting to load component jit_sample.17152593400471993221 @ 0 at worker after 822.261us (proto size 2540)
2026-08-28T09:32:58.159697057Z I0828 09:32:58.159612    1295 tpu_chip_config.cc:367] Resolved chip config alias megachip_tccontrol->megacore for 2093c6a02, 
2026-08-28T09:32:58.161948867Z I0828 09:32:58.161891    1295 tpu_chip_config.cc:367] Resolved chip config alias megachip_tccontrol->megacore for 2093c6a02, 
2026-08-28T09:32:58.164338688Z I0828 09:32:58.164280    1295 xla_compilation_cache.cc:113] XLA compilation cache fetch for computation 'jit_sample' (key 65208d384e2156f8) took 1.565935077s: PERSISTENT_FETCH
2026-08-28T09:32:58.198439684Z I0828 09:32:58.198305     689 server_lib.cc:1855] Attempting to load component jit_sample.5009576107440552375 @ 0 at worker after 1.134345ms (proto size 2539)
2026-08-28T09:32:59.817173662Z I0828 09:32:59.817076     713 server_lib.cc:1855] Attempting to load component jit_sample.17152593400471990283 @ 0 at worker after 778.025us (proto size 2456)
2026-08-28T09:32:59.837551489Z I0828 09:32:59.837455    1295 tpu_chip_config.cc:367] Resolved chip config alias megachip_tccontrol->megacore for 2093c6a02, 
2026-08-28T09:32:59.839729976Z I0828 09:32:59.839675    1295 tpu_chip_config.cc:367] Resolved chip config alias megachip_tccontrol->megacore for 2093c6a02, 
2026-08-28T09:32:59.842181248Z I0828 09:32:59.842129    1295 xla_compilation_cache.cc:113] XLA compilation cache fetch for computation 'jit_sample' (key 244527b236a25d54) took 1.643835914s: PERSISTENT_FETCH
2026-08-28T09:33:00.192155866Z I0828 09:33:00.192073     716 server_lib.cc:1855] Attempting to load component jit_sample.5009576107440553595 @ 0 at worker after 819.149us (proto size 2454)
2026-08-28T09:33:00.196125471Z I0828 09:33:00.196013    1296 tpu_chip_config.cc:367] Resolved chip config alias megachip_tccontrol->megacore for 2093c6a02, 
2026-08-28T09:33:00.197884491Z I0828 09:33:00.197795    1296 tpu_chip_config.cc:367] Resolved chip config alias megachip_tccontrol->megacore for 2093c6a02, 
2026-08-28T09:33:00.198922215Z I0828 09:33:00.198854    1296 xla_compilation_cache.cc:113] XLA compilation cache fetch for computation 'jit_sample' (key f99975a472fb6480) took 381.786439ms: PERSISTENT_FETCH
2026-08-28T09:33:00.569307582Z I0828 09:33:00.569206    1295 tpu_chip_config.cc:367] Resolved chip config alias megachip_tccontrol->megacore for 2093c6a02, 
2026-08-28T09:33:00.570899256Z I0828 09:33:00.570825    1295 tpu_chip_config.cc:367] Resolved chip config alias megachip_tccontrol->megacore for 2093c6a02, 
2026-08-28T09:33:00.571879009Z I0828 09:33:00.571820    1295 xla_compilation_cache.cc:113] XLA compilation cache fetch for computation 'jit_sample' (key 72aff3bf66536de) took 379.755662ms: PERSISTENT_FETCH
2026-08-28T09:33:00.787338656Z I0828 09:33:00.787267     689 server_lib.cc:1855] Attempting to load component jit_compute_and_gather_logprobs.5009576107440550414 @ 0 at worker after 837.256us (proto size 2516)
2026-08-28T09:33:01.173942887Z I0828 09:33:01.173840    1295 tpu_chip_config.cc:367] Resolved chip config alias megachip_tccontrol->megacore for 2093c6a02, 
2026-08-28T09:33:01.175550870Z I0828 09:33:01.175494    1295 tpu_chip_config.cc:367] Resolved chip config alias megachip_tccontrol->megacore for 2093c6a02, 
2026-08-28T09:33:01.177013281Z I0828 09:33:01.176954    1295 xla_compilation_cache.cc:113] XLA compilation cache fetch for computation 'jit_compute_and_gather_logprobs' (key 6686ccce3b69a93e) took 389.696431ms: PERSISTENT_FETCH
2026-08-28T09:33:01.381253126Z I0828 09:33:01.381123     713 server_lib.cc:1855] Attempting to load component jit_compute_and_gather_logprobs.5009576107440551329 @ 0 at worker after 924.142us (proto size 2516)
2026-08-28T09:33:01.751554459Z I0828 09:33:01.751481    1295 tpu_chip_config.cc:367] Resolved chip config alias megachip_tccontrol->megacore for 2093c6a02, 
2026-08-28T09:33:01.753122923Z I0828 09:33:01.753067    1295 tpu_chip_config.cc:367] Resolved chip config alias megachip_tccontrol->megacore for 2093c6a02, 
2026-08-28T09:33:01.754638576Z I0828 09:33:01.754581    1295 xla_compilation_cache.cc:113] XLA compilation cache fetch for computation 'jit_compute_and_gather_logprobs' (key 4c256bbc3e4552aa) took 373.467119ms: PERSISTENT_FETCH
2026-08-28T09:33:01.959477569Z I0828 09:33:01.959373     689 server_lib.cc:1855] Attempting to load component jit_compute_and_gather_logprobs.5009576107440552244 @ 0 at worker after 888.169us (proto size 2516)
2026-08-28T09:33:02.346901613Z I0828 09:33:02.346817    1295 tpu_chip_config.cc:367] Resolved chip config alias megachip_tccontrol->megacore for 2093c6a02, 
2026-08-28T09:33:02.348427367Z I0828 09:33:02.348354    1295 tpu_chip_config.cc:367] Resolved chip config alias megachip_tccontrol->megacore for 2093c6a02, 
2026-08-28T09:33:02.349916752Z I0828 09:33:02.349846    1295 xla_compilation_cache.cc:113] XLA compilation cache fetch for computation 'jit_compute_and_gather_logprobs' (key 86d218ca0758fec4) took 390.484092ms: PERSISTENT_FETCH
2026-08-28T09:33:02.573363550Z I0828 09:33:02.573270     739 server_lib.cc:1855] Attempting to load component jit_compute_and_gather_logprobs.5009576107440553159 @ 0 at worker after 789.882us (proto size 2516)
2026-08-28T09:33:02.969818150Z I0828 09:33:02.969739    1295 tpu_chip_config.cc:367] Resolved chip config alias megachip_tccontrol->megacore for 2093c6a02, 
2026-08-28T09:33:02.971309809Z I0828 09:33:02.971252    1295 tpu_chip_config.cc:367] Resolved chip config alias megachip_tccontrol->megacore for 2093c6a02, 
2026-08-28T09:33:02.972794272Z I0828 09:33:02.972730    1295 xla_compilation_cache.cc:113] XLA compilation cache fetch for computation 'jit_compute_and_gather_logprobs' (key 47b3d3fd7c7bae3e) took 399.468418ms: PERSISTENT_FETCH
2026-08-28T09:33:03.164387991Z I0828 09:33:03.164275     739 server_lib.cc:1855] Attempting to load component jit_compute_and_gather_logprobs.5009576107440549978 @ 0 at worker after 950.722us (proto size 2521)
2026-08-28T09:33:03.569427637Z I0828 09:33:03.569328    1295 tpu_chip_config.cc:367] Resolved chip config alias megachip_tccontrol->megacore for 2093c6a02, 
2026-08-28T09:33:03.570992037Z I0828 09:33:03.570924    1295 tpu_chip_config.cc:367] Resolved chip config alias megachip_tccontrol->megacore for 2093c6a02, 
2026-08-28T09:33:03.572720615Z I0828 09:33:03.572660    1295 xla_compilation_cache.cc:113] XLA compilation cache fetch for computation 'jit_compute_and_gather_logprobs' (key a05471787de8b594) took 408.396983ms: PERSISTENT_FETCH
2026-08-28T09:33:03.779520003Z I0828 09:33:03.779443     716 server_lib.cc:1855] Attempting to load component jit_compute_and_gather_logprobs.5009576107440550893 @ 0 at worker after 893.354us (proto size 2521)
2026-08-28T09:33:04.196621715Z I0828 09:33:04.196563    1295 tpu_chip_config.cc:367] Resolved chip config alias megachip_tccontrol->megacore for 2093c6a02, 
2026-08-28T09:33:04.198169480Z I0828 09:33:04.198119    1295 tpu_chip_config.cc:367] Resolved chip config alias megachip_tccontrol->megacore for 2093c6a02, 
2026-08-28T09:33:04.199660215Z I0828 09:33:04.199606    1295 xla_compilation_cache.cc:113] XLA compilation cache fetch for computation 'jit_compute_and_gather_logprobs' (key 5c22c632287b0fb8) took 420.172173ms: PERSISTENT_FETCH
2026-08-28T09:33:04.269804195Z I0828 09:33:04.269744     716 server_lib.cc:1855] Attempting to load component jit_sample.17152593400471990672 @ 0 at worker after 1.177256ms (proto size 2534)
2026-08-28T09:33:08.545741190Z I0828 09:33:08.545635    1295 tpu_chip_config.cc:367] Resolved chip config alias megachip_tccontrol->megacore for 2093c6a02, 
2026-08-28T09:33:08.548092510Z I0828 09:33:08.548017    1295 tpu_chip_config.cc:367] Resolved chip config alias megachip_tccontrol->megacore for 2093c6a02, 
2026-08-28T09:33:08.550333542Z I0828 09:33:08.550280    1295 xla_compilation_cache.cc:113] XLA compilation cache fetch for computation 'jit_sample' (key 6d7597711fd46554) took 4.280547033s: PERSISTENT_FETCH
2026-08-28T09:33:08.646821657Z I0828 09:33:08.646747     695 server_lib.cc:1855] Attempting to load component jit_sample.5009576107440551808 @ 0 at worker after 1.033457ms (proto size 2533)
2026-08-28T09:33:13.008937142Z I0828 09:33:13.008838    1295 tpu_chip_config.cc:367] Resolved chip config alias megachip_tccontrol->megacore for 2093c6a02, 
2026-08-28T09:33:13.011291147Z I0828 09:33:13.011238    1295 tpu_chip_config.cc:367] Resolved chip config alias megachip_tccontrol->megacore for 2093c6a02, 
2026-08-28T09:33:13.013607232Z I0828 09:33:13.013544    1295 xla_compilation_cache.cc:113] XLA compilation cache fetch for computation 'jit_sample' (key d5a6aa50a3a99a35) took 4.366804396s: PERSISTENT_FETCH
2026-08-28T09:33:13.181118221Z I0828 09:33:13.181023     702 server_lib.cc:1855] Attempting to load component jit_sample.17152593400471992841 @ 0 at worker after 1.107016ms (proto size 2533)
2026-08-28T09:33:14.883289668Z I0828 09:33:14.883202    1295 tpu_chip_config.cc:367] Resolved chip config alias megachip_tccontrol->megacore for 2093c6a02, 
2026-08-28T09:33:14.885813617Z I0828 09:33:14.885757    1295 tpu_chip_config.cc:367] Resolved chip config alias megachip_tccontrol->megacore for 2093c6a02, 
2026-08-28T09:33:14.888190680Z I0828 09:33:14.888133    1295 xla_compilation_cache.cc:113] XLA compilation cache fetch for computation 'jit_sample' (key 5dd36e3702f2675) took 1.707118371s: PERSISTENT_FETCH
2026-08-28T09:33:14.983542740Z I0828 09:33:14.983397     689 server_lib.cc:1855] Attempting to load component jit_sample.5009576107440553333 @ 0 at worker after 1.116405ms (proto size 2533)
2026-08-28T09:33:16.655289260Z I0828 09:33:16.655190    1295 tpu_chip_config.cc:367] Resolved chip config alias megachip_tccontrol->megacore for 2093c6a02, 
2026-08-28T09:33:16.657495061Z I0828 09:33:16.657430    1295 tpu_chip_config.cc:367] Resolved chip config alias megachip_tccontrol->megacore for 2093c6a02, 
2026-08-28T09:33:16.659701403Z I0828 09:33:16.659636    1295 xla_compilation_cache.cc:113] XLA compilation cache fetch for computation 'jit_sample' (key 31e6d1cf3bf40799) took 1.676251271s: PERSISTENT_FETCH
2026-08-28T09:33:16.918221393Z I0828 09:33:16.918105     713 server_lib.cc:1855] Attempting to load component jit_sample.17152593400471990914 @ 0 at worker after 1.044834ms (proto size 2534)
2026-08-28T09:33:18.562845577Z I0828 09:33:18.562750    1295 tpu_chip_config.cc:367] Resolved chip config alias megachip_tccontrol->megacore for 2093c6a02, 
2026-08-28T09:33:18.565350993Z I0828 09:33:18.565281    1295 tpu_chip_config.cc:367] Resolved chip config alias megachip_tccontrol->megacore for 2093c6a02, 
2026-08-28T09:33:18.567613510Z I0828 09:33:18.567550    1295 xla_compilation_cache.cc:113] XLA compilation cache fetch for computation 'jit_sample' (key f1f2094601f69d5b) took 1.649453971s: PERSISTENT_FETCH
2026-08-28T09:33:18.694674980Z I0828 09:33:18.694571     736 server_lib.cc:1855] Attempting to load component jit_sample.5009576107440550762 @ 0 at worker after 1.005984ms (proto size 2533)
2026-08-28T09:33:20.455568136Z I0828 09:33:20.455449    1295 tpu_chip_config.cc:367] Resolved chip config alias megachip_tccontrol->megacore for 2093c6a02, 
2026-08-28T09:33:20.457734149Z I0828 09:33:20.457646    1295 tpu_chip_config.cc:367] Resolved chip config alias megachip_tccontrol->megacore for 2093c6a02, 
2026-08-28T09:33:20.460015281Z I0828 09:33:20.459932    1295 xla_compilation_cache.cc:113] XLA compilation cache fetch for computation 'jit_sample' (key 66295e5588d0e22f) took 1.765374062s: PERSISTENT_FETCH
2026-08-28T09:33:20.615566391Z I0828 09:33:20.615487     695 server_lib.cc:1855] Attempting to load component jit_sample.17152593400471993083 @ 0 at worker after 1.040504ms (proto size 2534)
2026-08-28T09:33:24.234730266Z I0828 09:33:24.234622    1295 tpu_chip_config.cc:367] Resolved chip config alias megachip_tccontrol->megacore for 2093c6a02, 
2026-08-28T09:33:24.237080287Z I0828 09:33:24.236984    1295 tpu_chip_config.cc:367] Resolved chip config alias megachip_tccontrol->megacore for 2093c6a02, 
2026-08-28T09:33:24.239409081Z I0828 09:33:24.239332    1295 xla_compilation_cache.cc:113] XLA compilation cache fetch for computation 'jit_sample' (key 9b7b64164a5e3a49) took 3.623853195s: PERSISTENT_FETCH
2026-08-28T09:33:24.331670456Z I0828 09:33:24.331526     713 server_lib.cc:1855] Attempting to load component jit_sample.5009576107440552287 @ 0 at worker after 1.398591ms (proto size 2533)
2026-08-28T09:33:27.998060610Z I0828 09:33:27.997935    1295 tpu_chip_config.cc:367] Resolved chip config alias megachip_tccontrol->megacore for 2093c6a02, 
2026-08-28T09:33:28.000346224Z I0828 09:33:28.000276    1295 tpu_chip_config.cc:367] Resolved chip config alias megachip_tccontrol->megacore for 2093c6a02, 
2026-08-28T09:33:28.002709650Z I0828 09:33:28.002623    1295 xla_compilation_cache.cc:113] XLA compilation cache fetch for computation 'jit_sample' (key 4db4fdcd3084e3b6) took 3.671109153s: PERSISTENT_FETCH
2026-08-28T09:33:28.153002502Z I0828 09:33:28.152879     736 server_lib.cc:1855] Attempting to load component jit_sample.17152593400471991156 @ 0 at worker after 966.894us (proto size 2540)
2026-08-28T09:33:36.287107693Z I0828 09:33:36.286974    1295 tpu_chip_config.cc:367] Resolved chip config alias megachip_tccontrol->megacore for 2093c6a02, 
2026-08-28T09:33:36.289394099Z I0828 09:33:36.289330    1295 tpu_chip_config.cc:367] Resolved chip config alias megachip_tccontrol->megacore for 2093c6a02, 
2026-08-28T09:33:36.291893211Z I0828 09:33:36.291822    1295 xla_compilation_cache.cc:113] XLA compilation cache fetch for computation 'jit_sample' (key a6d45bee867de68c) took 8.138955158s: PERSISTENT_FETCH
2026-08-28T09:33:36.373429278Z I0828 09:33:36.373302     736 server_lib.cc:1855] Attempting to load component jit_sample.5009576107440553812 @ 0 at worker after 1.098326ms (proto size 2539)
2026-08-28T09:33:44.763923836Z I0828 09:33:44.763804    1295 tpu_chip_config.cc:367] Resolved chip config alias megachip_tccontrol->megacore for 2093c6a02, 
2026-08-28T09:33:44.766532269Z I0828 09:33:44.766429    1295 tpu_chip_config.cc:367] Resolved chip config alias megachip_tccontrol->megacore for 2093c6a02, 
2026-08-28T09:33:44.768934898Z I0828 09:33:44.768854    1295 xla_compilation_cache.cc:113] XLA compilation cache fetch for computation 'jit_sample' (key bb71570e3b10f4e1) took 8.395565443s: PERSISTENT_FETCH
2026-08-28T09:33:44.954633382Z I0828 09:33:44.954510     713 server_lib.cc:1855] Attempting to load component jit_sample.17152593400471993325 @ 0 at worker after 955.055us (proto size 2540)
2026-08-28T09:33:46.486426747Z I0828 09:33:46.486317    1295 tpu_chip_config.cc:367] Resolved chip config alias megachip_tccontrol->megacore for 2093c6a02, 
2026-08-28T09:33:46.488622180Z I0828 09:33:46.488548    1295 tpu_chip_config.cc:367] Resolved chip config alias megachip_tccontrol->megacore for 2093c6a02, 
2026-08-28T09:33:46.491115992Z I0828 09:33:46.491039    1295 xla_compilation_cache.cc:113] XLA compilation cache fetch for computation 'jit_sample' (key 3c5cf0203fa232ca) took 1.53654022s: PERSISTENT_FETCH
2026-08-28T09:33:46.580191117Z I0828 09:33:46.580083     736 server_lib.cc:1855] Attempting to load component jit_sample.5009576107440551241 @ 0 at worker after 1.02907ms (proto size 2539)
2026-08-28T09:33:48.193319797Z I0828 09:33:48.193234    1295 tpu_chip_config.cc:367] Resolved chip config alias megachip_tccontrol->megacore for 2093c6a02, 
2026-08-28T09:33:48.195585284Z I0828 09:33:48.195532    1295 tpu_chip_config.cc:367] Resolved chip config alias megachip_tccontrol->megacore for 2093c6a02, 
2026-08-28T09:33:48.198082735Z I0828 09:33:48.198017    1295 xla_compilation_cache.cc:113] XLA compilation cache fetch for computation 'jit_sample' (key a5e8ec196a4dcf7e) took 1.617943801s: PERSISTENT_FETCH
2026-08-28T09:33:48.481880607Z I0828 09:33:48.481809     702 server_lib.cc:1855] Attempting to load component jit__allocate.17152593400471990724 @ 0 at worker after 845.86us (proto size 2405)
2026-08-28T09:33:48.732624054Z I0828 09:33:48.732562    1295 tpu_chip_config.cc:367] Resolved chip config alias megachip_tccontrol->megacore for 2093c6a02, 
2026-08-28T09:33:48.734170244Z I0828 09:33:48.734117    1295 tpu_chip_config.cc:367] Resolved chip config alias megachip_tccontrol->megacore for 2093c6a02, 
2026-08-28T09:33:48.734956031Z I0828 09:33:48.734895    1295 xla_compilation_cache.cc:113] XLA compilation cache fetch for computation 'jit__allocate' (key 44c937081d7ee1dc) took 253.09482ms: PERSISTENT_FETCH
2026-08-28T09:33:49.494288810Z I0828 09:33:49.494185     734 server_lib.cc:1855] Attempting to load component jit_convert_element_type.17152593400471992029 @ 0 at worker after 1.479129ms (proto size 2413)
2026-08-28T09:33:49.504810419Z I0828 09:33:49.504742     748 worker_op_dispatcher.cc:4605] Component is not loaded yet; deferring unload until load completes: jit__allocate.17152593400471990724 @ 0
2026-08-28T09:33:49.504833915Z I0828 09:33:49.504793    1501 server_lib.cc:743] Unloading component jit__allocate.17152593400471990724 @ 0 at worker
2026-08-28T09:33:49.703381833Z I0828 09:33:49.703261     713 server_lib.cc:1855] Attempting to load component jit_broadcast_in_dim.5009576107440553593 @ 0 at worker after 1.081578ms (proto size 2414)
2026-08-28T09:33:49.719581324Z I0828 09:33:49.719510    1295 tpu_chip_config.cc:367] Resolved chip config alias megachip_tccontrol->megacore for 2093c6a02, 
2026-08-28T09:33:49.721238235Z I0828 09:33:49.721177    1295 tpu_chip_config.cc:367] Resolved chip config alias megachip_tccontrol->megacore for 2093c6a02, 
2026-08-28T09:33:49.721995101Z I0828 09:33:49.721943    1295 xla_compilation_cache.cc:113] XLA compilation cache fetch for computation 'jit_convert_element_type' (key d4bb2065732563ff) took 227.933977ms: PERSISTENT_FETCH
2026-08-28T09:33:49.943791402Z I0828 09:33:49.943691    1296 tpu_chip_config.cc:367] Resolved chip config alias megachip_tccontrol->megacore for 2093c6a02, 
2026-08-28T09:33:49.945623556Z I0828 09:33:49.945532    1296 tpu_chip_config.cc:367] Resolved chip config alias megachip_tccontrol->megacore for 2093c6a02, 
2026-08-28T09:33:49.946478981Z I0828 09:33:49.946411    1296 xla_compilation_cache.cc:113] XLA compilation cache fetch for computation 'jit_broadcast_in_dim' (key 25b2f9a67df5a232) took 243.392209ms: PERSISTENT_FETCH
2026-08-28T09:33:49.991951310Z I0828 09:33:49.991849     735 server_lib.cc:1855] Attempting to load component jit_broadcast_in_dim.17152593400471992608 @ 0 at worker after 1.626277ms (proto size 2415)
2026-08-28T09:33:50.232658555Z I0828 09:33:50.232567    1296 tpu_chip_config.cc:367] Resolved chip config alias megachip_tccontrol->megacore for 2093c6a02, 
2026-08-28T09:33:50.234441955Z I0828 09:33:50.234365    1296 tpu_chip_config.cc:367] Resolved chip config alias megachip_tccontrol->megacore for 2093c6a02, 
2026-08-28T09:33:50.235336100Z I0828 09:33:50.235263    1296 xla_compilation_cache.cc:113] XLA compilation cache fetch for computation 'jit_broadcast_in_dim' (key b96b20f1ec0d6adc) took 244.137494ms: PERSISTENT_FETCH
2026-08-28T09:33:50.250217671Z I0828 09:33:50.250133     739 server_lib.cc:1855] Attempting to load component jit_broadcast_in_dim.17152593400471993187 @ 0 at worker after 1.041872ms (proto size 2415)
2026-08-28T09:33:50.519895464Z I0828 09:33:50.519814    1296 tpu_chip_config.cc:367] Resolved chip config alias megachip_tccontrol->megacore for 2093c6a02, 
2026-08-28T09:33:50.521480857Z I0828 09:33:50.521415    1296 tpu_chip_config.cc:367] Resolved chip config alias megachip_tccontrol->megacore for 2093c6a02, 
2026-08-28T09:33:50.522300546Z I0828 09:33:50.522234    1296 xla_compilation_cache.cc:113] XLA compilation cache fetch for computation 'jit_broadcast_in_dim' (key 5043b7c95928295a) took 272.273996ms: PERSISTENT_FETCH
2026-08-28T09:33:58.490106691Z I0828 09:33:58.489959     735 server_lib.cc:1855] Attempting to load component jit_run_model.5009576107440549976 @ 0 at worker after 2.73712ms (proto size 14988)
2026-08-28T09:34:05.228191887Z I0828 09:34:05.227979    1296 tpu_chip_config.cc:367] Resolved chip config alias megachip_tccontrol->megacore for 2093c6a02, 
2026-08-28T09:34:05.241618611Z I0828 09:34:05.241521    1296 tpu_chip_config.cc:367] Resolved chip config alias megachip_tccontrol->megacore for 2093c6a02, 
2026-08-28T09:34:05.264968644Z I0828 09:34:05.264866    1296 xla_compilation_cache.cc:113] XLA compilation cache fetch for computation 'jit_run_model' (key f6155e119361ace0) took 6.775555653s: PERSISTENT_FETCH
2026-08-28T09:34:05.675869781Z I0828 09:34:05.675775     695 server_lib.cc:1855] Attempting to load component jit_convert_element_type.17152593400471990586 @ 0 at worker after 999.507us (proto size 2413)
2026-08-28T09:34:05.885471642Z I0828 09:34:05.885340     689 server_lib.cc:1855] Attempting to load component jit_broadcast_in_dim.5009576107440551196 @ 0 at worker after 1.559694ms (proto size 2418)
2026-08-28T09:34:05.906558764Z I0828 09:34:05.906475    1296 tpu_chip_config.cc:367] Resolved chip config alias megachip_tccontrol->megacore for 2093c6a02, 
2026-08-28T09:34:05.908342764Z I0828 09:34:05.908274    1296 tpu_chip_config.cc:367] Resolved chip config alias megachip_tccontrol->megacore for 2093c6a02, 
2026-08-28T09:34:05.909223359Z I0828 09:34:05.909147    1296 xla_compilation_cache.cc:113] XLA compilation cache fetch for computation 'jit_convert_element_type' (key 59d1c8969685192e) took 233.529817ms: PERSISTENT_FETCH
2026-08-28T09:34:06.115520048Z I0828 09:34:06.115442    1295 tpu_chip_config.cc:367] Resolved chip config alias megachip_tccontrol->megacore for 2093c6a02, 
2026-08-28T09:34:06.117212375Z I0828 09:34:06.117157    1295 tpu_chip_config.cc:367] Resolved chip config alias megachip_tccontrol->megacore for 2093c6a02, 
2026-08-28T09:34:06.118011159Z I0828 09:34:06.117956    1295 xla_compilation_cache.cc:113] XLA compilation cache fetch for computation 'jit_broadcast_in_dim' (key d366b23e899b3a47) took 233.337783ms: PERSISTENT_FETCH
2026-08-28T09:34:06.229770239Z I0828 09:34:06.229705     716 server_lib.cc:1855] Attempting to load component jit_broadcast_in_dim.17542282987440713775 @ 0 at worker after 1.447378ms (proto size 2414)
2026-08-28T09:34:06.468258388Z I0828 09:34:06.468196    1295 tpu_chip_config.cc:367] Resolved chip config alias megachip_tccontrol->megacore for 2093c6a02, 
2026-08-28T09:34:06.469831151Z I0828 09:34:06.469778    1295 tpu_chip_config.cc:367] Resolved chip config alias megachip_tccontrol->megacore for 2093c6a02, 
2026-08-28T09:34:06.470620731Z I0828 09:34:06.470571    1295 xla_compilation_cache.cc:113] XLA compilation cache fetch for computation 'jit_broadcast_in_dim' (key 100b3b104a6bf11d) took 240.997378ms: PERSISTENT_FETCH
2026-08-28T09:34:06.517142509Z I0828 09:34:06.517017     713 server_lib.cc:1855] Attempting to load component jit__select_from_array_fn.2130004682616430790 @ 0 at worker after 1.598772ms (proto size 2461)
2026-08-28T09:34:06.745831833Z I0828 09:34:06.745763    1295 tpu_chip_config.cc:367] Resolved chip config alias megachip_tccontrol->megacore for 2093c6a02, 
2026-08-28T09:34:06.747355686Z I0828 09:34:06.747305    1295 tpu_chip_config.cc:367] Resolved chip config alias megachip_tccontrol->megacore for 2093c6a02, 
2026-08-28T09:34:06.748188994Z I0828 09:34:06.748139    1295 xla_compilation_cache.cc:113] XLA compilation cache fetch for computation 'jit__select_from_array_fn' (key e9e885934b9b9299) took 231.896824ms: PERSISTENT_FETCH
2026-08-28T09:34:06.798421746Z I0828 09:34:06.798322     689 server_lib.cc:1855] Attempting to load component jit_broadcast_in_dim.10416149044182841477 @ 0 at worker after 1.580469ms (proto size 2414)
2026-08-28T09:34:07.039265475Z I0828 09:34:07.039195    1295 tpu_chip_config.cc:367] Resolved chip config alias megachip_tccontrol->megacore for 2093c6a02, 
2026-08-28T09:34:07.040858821Z I0828 09:34:07.040805    1295 tpu_chip_config.cc:367] Resolved chip config alias megachip_tccontrol->megacore for 2093c6a02, 
2026-08-28T09:34:07.041659595Z I0828 09:34:07.041602    1295 xla_compilation_cache.cc:113] XLA compilation cache fetch for computation 'jit_broadcast_in_dim' (key f4e81cda2b38261e) took 243.421518ms: PERSISTENT_FETCH
2026-08-28T09:34:07.079159777Z I0828 09:34:07.079063     713 server_lib.cc:1855] Attempting to load component jit__select_from_array_fn.17542282987440714666 @ 0 at worker after 1.520611ms (proto size 2462)
2026-08-28T09:34:07.320651643Z I0828 09:34:07.320570    1295 tpu_chip_config.cc:367] Resolved chip config alias megachip_tccontrol->megacore for 2093c6a02, 
2026-08-28T09:34:07.322169083Z I0828 09:34:07.322115    1295 tpu_chip_config.cc:367] Resolved chip config alias megachip_tccontrol->megacore for 2093c6a02, 
2026-08-28T09:34:07.323082155Z I0828 09:34:07.323016    1295 xla_compilation_cache.cc:113] XLA compilation cache fetch for computation 'jit__select_from_array_fn' (key c5cb47476c24c798) took 244.637543ms: PERSISTENT_FETCH
2026-08-28T09:34:07.357620019Z I0828 09:34:07.357545     695 server_lib.cc:1855] Attempting to load component jit_broadcast_in_dim.5009576107440553636 @ 0 at worker after 1.478429ms (proto size 2412)
2026-08-28T09:34:07.609390857Z I0828 09:34:07.609336    1295 tpu_chip_config.cc:367] Resolved chip config alias megachip_tccontrol->megacore for 2093c6a02, 
2026-08-28T09:34:07.610899775Z I0828 09:34:07.610847    1295 tpu_chip_config.cc:367] Resolved chip config alias megachip_tccontrol->megacore for 2093c6a02, 
2026-08-28T09:34:07.611708922Z I0828 09:34:07.611658    1295 xla_compilation_cache.cc:113] XLA compilation cache fetch for computation 'jit_broadcast_in_dim' (key 2ad77de9d13750a) took 254.250197ms: PERSISTENT_FETCH
2026-08-28T09:34:07.633730911Z I0828 09:34:07.633637     713 server_lib.cc:1855] Attempting to load component jit__select_from_array_fn.12553407529559189630 @ 0 at worker after 1.307088ms (proto size 2462)
2026-08-28T09:34:07.891196147Z I0828 09:34:07.891107    1295 tpu_chip_config.cc:367] Resolved chip config alias megachip_tccontrol->megacore for 2093c6a02, 
2026-08-28T09:34:07.892720772Z I0828 09:34:07.892645    1295 tpu_chip_config.cc:367] Resolved chip config alias megachip_tccontrol->megacore for 2093c6a02, 
2026-08-28T09:34:07.893686693Z I0828 09:34:07.893625    1295 xla_compilation_cache.cc:113] XLA compilation cache fetch for computation 'jit__select_from_array_fn' (key 4ca1b40ae2792f53) took 260.48117ms: PERSISTENT_FETCH
2026-08-28T09:34:07.928678584Z I0828 09:34:07.928581     739 server_lib.cc:1855] Attempting to load component jit_broadcast_in_dim.5009576107440551675 @ 0 at worker after 1.273872ms (proto size 2412)
2026-08-28T09:34:08.150513600Z I0828 09:34:08.150439    1295 tpu_chip_config.cc:367] Resolved chip config alias megachip_tccontrol->megacore for 2093c6a02, 
2026-08-28T09:34:08.152122382Z I0828 09:34:08.152059    1295 tpu_chip_config.cc:367] Resolved chip config alias megachip_tccontrol->megacore for 2093c6a02, 
2026-08-28T09:34:08.152890653Z I0828 09:34:08.152830    1295 xla_compilation_cache.cc:113] XLA compilation cache fetch for computation 'jit_broadcast_in_dim' (key 66516a1f8b9b74e) took 224.379579ms: PERSISTENT_FETCH
2026-08-28T09:34:08.183326159Z I0828 09:34:08.183246     739 server_lib.cc:1855] Attempting to load component jit__select_from_array_fn.17542282987440714590 @ 0 at worker after 1.519623ms (proto size 2462)
2026-08-28T09:34:08.427360637Z I0828 09:34:08.427280    1295 tpu_chip_config.cc:367] Resolved chip config alias megachip_tccontrol->megacore for 2093c6a02, 
2026-08-28T09:34:08.428862554Z I0828 09:34:08.428781    1295 tpu_chip_config.cc:367] Resolved chip config alias megachip_tccontrol->megacore for 2093c6a02, 
2026-08-28T09:34:08.429735361Z I0828 09:34:08.429675    1295 xla_compilation_cache.cc:113] XLA compilation cache fetch for computation 'jit__select_from_array_fn' (key 289ec6647e9d5c12) took 247.179925ms: PERSISTENT_FETCH
2026-08-28T09:34:08.472193247Z I0828 09:34:08.472128     695 server_lib.cc:1855] Attempting to load component jit_broadcast_in_dim.17152593400471993671 @ 0 at worker after 1.02507ms (proto size 2415)
2026-08-28T09:34:08.718540377Z I0828 09:34:08.718466    1295 tpu_chip_config.cc:367] Resolved chip config alias megachip_tccontrol->megacore for 2093c6a02, 
2026-08-28T09:34:08.720057364Z I0828 09:34:08.719995    1295 tpu_chip_config.cc:367] Resolved chip config alias megachip_tccontrol->megacore for 2093c6a02, 
2026-08-28T09:34:08.720861339Z I0828 09:34:08.720794    1295 xla_compilation_cache.cc:113] XLA compilation cache fetch for computation 'jit_broadcast_in_dim' (key f2fc9cdb65b457ac) took 248.827383ms: PERSISTENT_FETCH
2026-08-28T09:34:08.748181106Z I0828 09:34:08.748098     689 server_lib.cc:1855] Attempting to load component jit__select_from_array_fn.5009576107440553200 @ 0 at worker after 1.545233ms (proto size 2463)
2026-08-28T09:34:08.980543673Z I0828 09:34:08.980460    1295 tpu_chip_config.cc:367] Resolved chip config alias megachip_tccontrol->megacore for 2093c6a02, 
2026-08-28T09:34:08.982113577Z I0828 09:34:08.982054    1295 tpu_chip_config.cc:367] Resolved chip config alias megachip_tccontrol->megacore for 2093c6a02, 
2026-08-28T09:34:08.983010548Z I0828 09:34:08.982946    1295 xla_compilation_cache.cc:113] XLA compilation cache fetch for computation 'jit__select_from_array_fn' (key b939ad4946c9c982) took 235.592365ms: PERSISTENT_FETCH
2026-08-28T09:34:09.035087716Z I0828 09:34:09.034991     716 server_lib.cc:1855] Attempting to load component jit__select_from_array_fn.10416149044182842825 @ 0 at worker after 913.848us (proto size 2464)
2026-08-28T09:34:09.284850033Z I0828 09:34:09.284775    1295 tpu_chip_config.cc:367] Resolved chip config alias megachip_tccontrol->megacore for 2093c6a02, 
2026-08-28T09:34:09.286481190Z I0828 09:34:09.286404    1295 tpu_chip_config.cc:367] Resolved chip config alias megachip_tccontrol->megacore for 2093c6a02, 
2026-08-28T09:34:09.287406336Z I0828 09:34:09.287346    1295 xla_compilation_cache.cc:113] XLA compilation cache fetch for computation 'jit__select_from_array_fn' (key c2cd37ad1a81624e) took 252.483404ms: PERSISTENT_FETCH
2026-08-28T09:34:09.312692838Z I0828 09:34:09.312601     713 server_lib.cc:1855] Attempting to load component jit_broadcast_in_dim.17152593400471992323 @ 0 at worker after 1.472165ms (proto size 2418)
2026-08-28T09:34:09.541259167Z I0828 09:34:09.541188    1295 tpu_chip_config.cc:367] Resolved chip config alias megachip_tccontrol->megacore for 2093c6a02, 
2026-08-28T09:34:09.542801051Z I0828 09:34:09.542736    1295 tpu_chip_config.cc:367] Resolved chip config alias megachip_tccontrol->megacore for 2093c6a02, 
2026-08-28T09:34:09.543572417Z I0828 09:34:09.543516    1295 xla_compilation_cache.cc:113] XLA compilation cache fetch for computation 'jit_broadcast_in_dim' (key 965c4a493e274da4) took 231.625063ms: PERSISTENT_FETCH
2026-08-28T09:34:09.614863725Z I0828 09:34:09.614789     695 server_lib.cc:1855] Attempting to load component jit_run_compute_logits.17152593400471991649 @ 0 at worker after 888.003us (proto size 2462)
2026-08-28T09:34:10.046518390Z I0828 09:34:10.046419     689 server_lib.cc:1855] Attempting to load component jit_broadcast_in_dim.5009576107440551239 @ 0 at worker after 3.707643ms (proto size 2417)
2026-08-28T09:34:10.064597733Z I0828 09:34:10.064523    1295 tpu_chip_config.cc:367] Resolved chip config alias megachip_tccontrol->megacore for 2093c6a02, 
2026-08-28T09:34:10.066160033Z I0828 09:34:10.066097    1295 tpu_chip_config.cc:367] Resolved chip config alias megachip_tccontrol->megacore for 2093c6a02, 
2026-08-28T09:34:10.067097684Z I0828 09:34:10.067018    1295 xla_compilation_cache.cc:113] XLA compilation cache fetch for computation 'jit_run_compute_logits' (key e23cd84fe77cc684) took 452.356707ms: PERSISTENT_FETCH
2026-08-28T09:34:10.309193656Z I0828 09:34:10.309119    1296 tpu_chip_config.cc:367] Resolved chip config alias megachip_tccontrol->megacore for 2093c6a02, 
2026-08-28T09:34:10.310960120Z I0828 09:34:10.310892    1296 tpu_chip_config.cc:367] Resolved chip config alias megachip_tccontrol->megacore for 2093c6a02, 
2026-08-28T09:34:10.311806336Z I0828 09:34:10.311746    1296 xla_compilation_cache.cc:113] XLA compilation cache fetch for computation 'jit_broadcast_in_dim' (key d23cb45776f65df2) took 267.96576ms: PERSISTENT_FETCH
2026-08-28T09:34:10.372955900Z I0828 09:34:10.372891     716 server_lib.cc:1855] Attempting to load component jit_run_compute_logits.5009576107440553069 @ 0 at worker after 789.891us (proto size 2461)
2026-08-28T09:34:10.801020206Z I0828 09:34:10.800918     739 server_lib.cc:1855] Attempting to load component jit_broadcast_in_dim.17152593400471990638 @ 0 at worker after 767.881us (proto size 2417)
2026-08-28T09:34:10.824370190Z I0828 09:34:10.824303    1296 tpu_chip_config.cc:367] Resolved chip config alias megachip_tccontrol->megacore for 2093c6a02, 
2026-08-28T09:34:10.826098676Z I0828 09:34:10.826039    1296 tpu_chip_config.cc:367] Resolved chip config alias megachip_tccontrol->megacore for 2093c6a02, 
2026-08-28T09:34:10.827089041Z I0828 09:34:10.827016    1296 xla_compilation_cache.cc:113] XLA compilation cache fetch for computation 'jit_run_compute_logits' (key a55bccbcf5ac7ec7) took 454.13333ms: PERSISTENT_FETCH
2026-08-28T09:34:11.018120943Z I0828 09:34:11.018035    1295 tpu_chip_config.cc:367] Resolved chip config alias megachip_tccontrol->megacore for 2093c6a02, 
2026-08-28T09:34:11.019695126Z I0828 09:34:11.019623    1295 tpu_chip_config.cc:367] Resolved chip config alias megachip_tccontrol->megacore for 2093c6a02, 
2026-08-28T09:34:11.020479140Z I0828 09:34:11.020418    1295 xla_compilation_cache.cc:113] XLA compilation cache fetch for computation 'jit_broadcast_in_dim' (key f5c720a1e4618ed) took 219.508682ms: PERSISTENT_FETCH
2026-08-28T09:34:11.086781283Z I0828 09:34:11.086698     739 server_lib.cc:1855] Attempting to load component jit_run_compute_logits.10416149044182839403 @ 0 at worker after 754.42us (proto size 2462)
2026-08-28T09:34:11.514297340Z I0828 09:34:11.514202     695 server_lib.cc:1855] Attempting to load component jit_broadcast_in_dim.17542282987440714362 @ 0 at worker after 761.784us (proto size 2418)
2026-08-28T09:34:11.538442928Z I0828 09:34:11.538380    1295 tpu_chip_config.cc:367] Resolved chip config alias megachip_tccontrol->megacore for 2093c6a02, 
2026-08-28T09:34:11.539989288Z I0828 09:34:11.539926    1295 tpu_chip_config.cc:367] Resolved chip config alias megachip_tccontrol->megacore for 2093c6a02, 
2026-08-28T09:34:11.540947992Z I0828 09:34:11.540884    1295 xla_compilation_cache.cc:113] XLA compilation cache fetch for computation 'jit_run_compute_logits' (key 25a30c04b4f9eed0) took 454.193645ms: PERSISTENT_FETCH
2026-08-28T09:34:11.742631599Z I0828 09:34:11.742528    1296 tpu_chip_config.cc:367] Resolved chip config alias megachip_tccontrol->megacore for 2093c6a02, 
2026-08-28T09:34:11.744269320Z I0828 09:34:11.744207    1296 tpu_chip_config.cc:367] Resolved chip config alias megachip_tccontrol->megacore for 2093c6a02, 
2026-08-28T09:34:11.745117863Z I0828 09:34:11.745051    1296 xla_compilation_cache.cc:113] XLA compilation cache fetch for computation 'jit_broadcast_in_dim' (key 2680f3a7c48a66e1) took 230.858089ms: PERSISTENT_FETCH
2026-08-28T09:34:11.810574636Z I0828 09:34:11.810472     734 server_lib.cc:1855] Attempting to load component jit_run_compute_logits.17152593400471992470 @ 0 at worker after 844.781us (proto size 2462)
2026-08-28T09:34:12.223986262Z I0828 09:34:12.223896     713 server_lib.cc:1855] Attempting to load component jit_broadcast_in_dim.17542282987440714210 @ 0 at worker after 740.786us (proto size 2419)
2026-08-28T09:34:12.243618996Z I0828 09:34:12.243549    1296 tpu_chip_config.cc:367] Resolved chip config alias megachip_tccontrol->megacore for 2093c6a02, 
2026-08-28T09:34:12.245314784Z I0828 09:34:12.245247    1296 tpu_chip_config.cc:367] Resolved chip config alias megachip_tccontrol->megacore for 2093c6a02, 
2026-08-28T09:34:12.246299552Z I0828 09:34:12.246244    1296 xla_compilation_cache.cc:113] XLA compilation cache fetch for computation 'jit_run_compute_logits' (key 115ef4c444ba6553) took 435.780281ms: PERSISTENT_FETCH
2026-08-28T09:34:12.489343730Z I0828 09:34:12.489266    1295 tpu_chip_config.cc:367] Resolved chip config alias megachip_tccontrol->megacore for 2093c6a02, 
2026-08-28T09:34:12.490880728Z I0828 09:34:12.490819    1295 tpu_chip_config.cc:367] Resolved chip config alias megachip_tccontrol->megacore for 2093c6a02, 
2026-08-28T09:34:12.491654510Z I0828 09:34:12.491610    1295 xla_compilation_cache.cc:113] XLA compilation cache fetch for computation 'jit_broadcast_in_dim' (key be2e6c56160dc4dd) took 267.722553ms: PERSISTENT_FETCH
2026-08-28T09:34:12.560239816Z I0828 09:34:12.560142     689 server_lib.cc:1855] Attempting to load component jit_run_compute_logits.17152593400471993049 @ 0 at worker after 805.91us (proto size 2464)
2026-08-28T09:34:12.974157657Z I0828 09:34:12.974055     739 server_lib.cc:1855] Attempting to load component jit_broadcast_in_dim.17542282987440715101 @ 0 at worker after 830.615us (proto size 2419)
2026-08-28T09:34:12.994955908Z I0828 09:34:12.994884    1295 tpu_chip_config.cc:367] Resolved chip config alias megachip_tccontrol->megacore for 2093c6a02, 
2026-08-28T09:34:12.996509689Z I0828 09:34:12.996459    1295 tpu_chip_config.cc:367] Resolved chip config alias megachip_tccontrol->megacore for 2093c6a02, 
2026-08-28T09:34:12.997477474Z I0828 09:34:12.997416    1295 xla_compilation_cache.cc:113] XLA compilation cache fetch for computation 'jit_run_compute_logits' (key 51b731d5baa91e31) took 437.282054ms: PERSISTENT_FETCH
2026-08-28T09:34:13.202722886Z I0828 09:34:13.202605    1296 tpu_chip_config.cc:367] Resolved chip config alias megachip_tccontrol->megacore for 2093c6a02, 
2026-08-28T09:34:13.204461197Z I0828 09:34:13.204351    1296 tpu_chip_config.cc:367] Resolved chip config alias megachip_tccontrol->megacore for 2093c6a02, 
2026-08-28T09:34:13.205273526Z I0828 09:34:13.205205    1296 xla_compilation_cache.cc:113] XLA compilation cache fetch for computation 'jit_broadcast_in_dim' (key efaacb8a8a79f3d9) took 231.156654ms: PERSISTENT_FETCH
2026-08-28T09:34:13.275469293Z I0828 09:34:13.275392     735 server_lib.cc:1855] Attempting to load component jit_run_compute_logits.12553407529559188451 @ 0 at worker after 792.542us (proto size 2464)
2026-08-28T09:34:13.706858703Z I0828 09:34:13.706760    1296 tpu_chip_config.cc:367] Resolved chip config alias megachip_tccontrol->megacore for 2093c6a02, 
2026-08-28T09:34:13.708481327Z I0828 09:34:13.708391    1296 tpu_chip_config.cc:367] Resolved chip config alias megachip_tccontrol->megacore for 2093c6a02, 
2026-08-28T09:34:13.709488563Z I0828 09:34:13.709411    1296 xla_compilation_cache.cc:113] XLA compilation cache fetch for computation 'jit_run_compute_logits' (key 2892647c9ce8fb7e) took 434.027789ms: PERSISTENT_FETCH
2026-08-28T09:34:13.738966860Z I0828 09:34:13.738892     735 server_lib.cc:1855] Attempting to load component jit_broadcast_in_dim.5009576107440550803 @ 0 at worker after 831.505us (proto size 2413)
2026-08-28T09:34:13.956075054Z I0828 09:34:13.955925    1296 tpu_chip_config.cc:367] Resolved chip config alias megachip_tccontrol->megacore for 2093c6a02, 
2026-08-28T09:34:13.957557850Z I0828 09:34:13.957474    1296 tpu_chip_config.cc:367] Resolved chip config alias megachip_tccontrol->megacore for 2093c6a02, 
2026-08-28T09:34:13.958295762Z I0828 09:34:13.958221    1296 xla_compilation_cache.cc:113] XLA compilation cache fetch for computation 'jit_broadcast_in_dim' (key 33d20e3981d5a07f) took 219.337203ms: PERSISTENT_FETCH
2026-08-28T09:34:13.980886378Z I0828 09:34:13.980799     697 server_lib.cc:1855] Attempting to load component jit_convert_element_type.17152593400471992375 @ 0 at worker after 709.814us (proto size 2413)
2026-08-28T09:34:14.199391522Z I0828 09:34:14.199335     697 server_lib.cc:1855] Attempting to load component jit_broadcast_in_dim.12553407529559188203 @ 0 at worker after 650.623us (proto size 2414)
2026-08-28T09:34:14.323000289Z I0828 09:34:14.322847    1296 tpu_chip_config.cc:367] Resolved chip config alias megachip_tccontrol->megacore for 2093c6a02, 
2026-08-28T09:34:14.324480929Z I0828 09:34:14.324402    1296 tpu_chip_config.cc:367] Resolved chip config alias megachip_tccontrol->megacore for 2093c6a02, 
2026-08-28T09:34:14.325235276Z I0828 09:34:14.325155    1296 xla_compilation_cache.cc:113] XLA compilation cache fetch for computation 'jit_convert_element_type' (key d5c00e6d22718312) took 344.365567ms: PERSISTENT_FETCH
2026-08-28T09:34:14.412517799Z I0828 09:34:14.412451    1295 tpu_chip_config.cc:367] Resolved chip config alias megachip_tccontrol->megacore for 2093c6a02, 
2026-08-28T09:34:14.414105921Z I0828 09:34:14.414054    1295 tpu_chip_config.cc:367] Resolved chip config alias megachip_tccontrol->megacore for 2093c6a02, 
2026-08-28T09:34:14.414869448Z I0828 09:34:14.414819    1295 xla_compilation_cache.cc:113] XLA compilation cache fetch for computation 'jit_broadcast_in_dim' (key f1247465310c37c8) took 215.489083ms: PERSISTENT_FETCH
2026-08-28T09:34:14.448069839Z I0828 09:34:14.447995     735 server_lib.cc:1855] Attempting to load component jit_broadcast_in_dim.5009576107440551892 @ 0 at worker after 775.788us (proto size 2413)
2026-08-28T09:34:14.669147907Z I0828 09:34:14.669093    1295 tpu_chip_config.cc:367] Resolved chip config alias megachip_tccontrol->megacore for 2093c6a02, 
2026-08-28T09:34:14.670639499Z I0828 09:34:14.670588    1295 tpu_chip_config.cc:367] Resolved chip config alias megachip_tccontrol->megacore for 2093c6a02, 
2026-08-28T09:34:14.671413645Z I0828 09:34:14.671362    1295 xla_compilation_cache.cc:113] XLA compilation cache fetch for computation 'jit_broadcast_in_dim' (key 224c2b3535d0e44d) took 223.373514ms: PERSISTENT_FETCH
2026-08-28T09:34:14.710863124Z I0828 09:34:14.710786     697 server_lib.cc:1855] Attempting to load component jit_broadcast_in_dim.12553407529559190500 @ 0 at worker after 810.091us (proto size 2413)
2026-08-28T09:34:14.944503440Z I0828 09:34:14.944452    1295 tpu_chip_config.cc:367] Resolved chip config alias megachip_tccontrol->megacore for 2093c6a02, 
2026-08-28T09:34:14.945952159Z I0828 09:34:14.945897    1295 tpu_chip_config.cc:367] Resolved chip config alias megachip_tccontrol->megacore for 2093c6a02, 
2026-08-28T09:34:14.946714390Z I0828 09:34:14.946664    1295 xla_compilation_cache.cc:113] XLA compilation cache fetch for computation 'jit_broadcast_in_dim' (key e191c21e547053b) took 235.884329ms: PERSISTENT_FETCH
2026-08-28T09:34:14.985913498Z I0828 09:34:14.985851     716 server_lib.cc:1855] Attempting to load component jit_broadcast_in_dim.10416149044182839472 @ 0 at worker after 766.415us (proto size 2414)
2026-08-28T09:34:15.233210479Z I0828 09:34:15.233156    1295 tpu_chip_config.cc:367] Resolved chip config alias megachip_tccontrol->megacore for 2093c6a02, 
2026-08-28T09:34:15.234639292Z I0828 09:34:15.234589    1295 tpu_chip_config.cc:367] Resolved chip config alias megachip_tccontrol->megacore for 2093c6a02, 
2026-08-28T09:34:15.235405692Z I0828 09:34:15.235354    1295 xla_compilation_cache.cc:113] XLA compilation cache fetch for computation 'jit_broadcast_in_dim' (key e25497f62a106efa) took 249.508765ms: PERSISTENT_FETCH
2026-08-28T09:34:15.293364767Z I0828 09:34:15.293238     736 server_lib.cc:1855] Attempting to load component jit_broadcast_in_dim.12553407529559187522 @ 0 at worker after 834.149us (proto size 2415)
2026-08-28T09:34:15.495783881Z I0828 09:34:15.495677    1295 tpu_chip_config.cc:367] Resolved chip config alias megachip_tccontrol->megacore for 2093c6a02, 
2026-08-28T09:34:15.497267308Z I0828 09:34:15.497204    1295 tpu_chip_config.cc:367] Resolved chip config alias megachip_tccontrol->megacore for 2093c6a02, 
2026-08-28T09:34:15.498022058Z I0828 09:34:15.497962    1295 xla_compilation_cache.cc:113] XLA compilation cache fetch for computation 'jit_broadcast_in_dim' (key 3d54611d484f0764) took 204.733558ms: PERSISTENT_FETCH
2026-08-28T09:34:15.543094299Z I0828 09:34:15.543019     735 server_lib.cc:1855] Attempting to load component jit_broadcast_in_dim.5009576107440553329 @ 0 at worker after 789.609us (proto size 2413)
2026-08-28T09:34:15.771876557Z I0828 09:34:15.771802    1295 tpu_chip_config.cc:367] Resolved chip config alias megachip_tccontrol->megacore for 2093c6a02, 
2026-08-28T09:34:15.773355177Z I0828 09:34:15.773292    1295 tpu_chip_config.cc:367] Resolved chip config alias megachip_tccontrol->megacore for 2093c6a02, 
2026-08-28T09:34:15.774129653Z I0828 09:34:15.774070    1295 xla_compilation_cache.cc:113] XLA compilation cache fetch for computation 'jit_broadcast_in_dim' (key 39860bbd69c3e39) took 231.057256ms: PERSISTENT_FETCH
2026-08-28T09:34:15.834249233Z I0828 09:34:15.834174     716 server_lib.cc:1855] Attempting to load component jit__split_rngs.17542282987440715688 @ 0 at worker after 889.578us (proto size 2447)
2026-08-28T09:34:16.147946613Z I0828 09:34:16.147881    1295 tpu_chip_config.cc:367] Resolved chip config alias megachip_tccontrol->megacore for 2093c6a02, 
2026-08-28T09:34:16.149459077Z I0828 09:34:16.149397    1295 tpu_chip_config.cc:367] Resolved chip config alias megachip_tccontrol->megacore for 2093c6a02, 
2026-08-28T09:34:16.150951185Z I0828 09:34:16.150888    1295 xla_compilation_cache.cc:113] XLA compilation cache fetch for computation 'jit__split_rngs' (key b77cd1a483527ab1) took 316.721035ms: PERSISTENT_FETCH
2026-08-28T09:34:23.599277336Z I0828 09:34:23.599135     697 server_lib.cc:1855] Attempting to load component jit__decode_core.17152593400471991416 @ 0 at worker after 2.165384ms (proto size 15147)
2026-08-28T09:34:30.519869347Z I0828 09:34:30.519703    1295 tpu_chip_config.cc:367] Resolved chip config alias megachip_tccontrol->megacore for 2093c6a02, 
2026-08-28T09:34:30.527720261Z I0828 09:34:30.527660    1295 tpu_chip_config.cc:367] Resolved chip config alias megachip_tccontrol->megacore for 2093c6a02, 
2026-08-28T09:34:30.554096416Z I0828 09:34:30.554000    1295 xla_compilation_cache.cc:113] XLA compilation cache fetch for computation 'jit__decode_core' (key 53da520dd4010899) took 6.9548769s: PERSISTENT_FETCH
2026-08-28T09:34:38.292316087Z I0828 09:34:38.292204     716 server_lib.cc:1855] Attempting to load component jit__decode_core.17542282987440716655 @ 0 at worker after 2.348474ms (proto size 15147)
2026-08-28T09:34:45.301987614Z I0828 09:34:45.301822    1295 tpu_chip_config.cc:367] Resolved chip config alias megachip_tccontrol->megacore for 2093c6a02, 
2026-08-28T09:34:45.309445327Z I0828 09:34:45.309374    1295 tpu_chip_config.cc:367] Resolved chip config alias megachip_tccontrol->megacore for 2093c6a02, 
2026-08-28T09:34:45.333664081Z I0828 09:34:45.333590    1295 xla_compilation_cache.cc:113] XLA compilation cache fetch for computation 'jit__decode_core' (key 47d9617a59f34c85) took 7.04139937s: PERSISTENT_FETCH
2026-08-28T09:34:53.413436076Z I0828 09:34:53.413313     689 server_lib.cc:1855] Attempting to load component jit__decode_core.17152593400471991079 @ 0 at worker after 2.189575ms (proto size 15147)
2026-08-28T09:35:00.966978458Z I0828 09:35:00.966833    1295 tpu_chip_config.cc:367] Resolved chip config alias megachip_tccontrol->megacore for 2093c6a02, 
2026-08-28T09:35:00.975787978Z I0828 09:35:00.975724    1295 tpu_chip_config.cc:367] Resolved chip config alias megachip_tccontrol->megacore for 2093c6a02, 
2026-08-28T09:35:01.003531853Z I0828 09:35:01.003471    1295 xla_compilation_cache.cc:113] XLA compilation cache fetch for computation 'jit__decode_core' (key 7aa80b51fc7ba33e) took 7.590175373s: PERSISTENT_FETCH
2026-08-28T09:35:07.789747383Z I0828 09:35:07.789646     697 server_lib.cc:1855] Attempting to load component jit__decode_core.17542282987440717622 @ 0 at worker after 2.113944ms (proto size 15147)
2026-08-28T09:35:15.609534827Z I0828 09:35:15.609421    1295 tpu_chip_config.cc:367] Resolved chip config alias megachip_tccontrol->megacore for 2093c6a02, 
2026-08-28T09:35:15.618245889Z I0828 09:35:15.618190    1295 tpu_chip_config.cc:367] Resolved chip config alias megachip_tccontrol->megacore for 2093c6a02, 
2026-08-28T09:35:15.645564265Z I0828 09:35:15.645491    1295 xla_compilation_cache.cc:113] XLA compilation cache fetch for computation 'jit__decode_core' (key 24d57a871af18fd5) took 7.855857226s: PERSISTENT_FETCH
2026-08-28T09:35:23.667434410Z I0828 09:35:23.667299     736 server_lib.cc:1855] Attempting to load component jit__decode_core.17152593400471990742 @ 0 at worker after 2.272213ms (proto size 15154)
2026-08-28T09:35:30.854160257Z I0828 09:35:30.853977    1295 tpu_chip_config.cc:367] Resolved chip config alias megachip_tccontrol->megacore for 2093c6a02, 
2026-08-28T09:35:30.863370080Z I0828 09:35:30.863271    1295 tpu_chip_config.cc:367] Resolved chip config alias megachip_tccontrol->megacore for 2093c6a02, 
2026-08-28T09:35:30.888945340Z I0828 09:35:30.888850    1295 xla_compilation_cache.cc:113] XLA compilation cache fetch for computation 'jit__decode_core' (key 7ac58d1fb66af697) took 7.221570145s: PERSISTENT_FETCH
2026-08-28T09:35:37.473830021Z I0828 09:35:37.473716     697 server_lib.cc:1855] Attempting to load component jit__decode_core.17542282987440714493 @ 0 at worker after 2.120104ms (proto size 15154)
2026-08-28T09:35:45.314077361Z I0828 09:35:45.313897    1295 tpu_chip_config.cc:367] Resolved chip config alias megachip_tccontrol->megacore for 2093c6a02, 
2026-08-28T09:35:45.323426147Z I0828 09:35:45.323309    1295 tpu_chip_config.cc:367] Resolved chip config alias megachip_tccontrol->megacore for 2093c6a02, 
2026-08-28T09:35:45.348043239Z I0828 09:35:45.347931    1295 xla_compilation_cache.cc:113] XLA compilation cache fetch for computation 'jit__decode_core' (key c5c5e03eb9132b86) took 7.874227488s: PERSISTENT_FETCH
2026-08-28T09:35:47.441293978Z I0828 09:35:47.441162     697 server_lib.cc:1855] Attempting to load component jit_convert_element_type.17152593400471994164 @ 0 at worker after 1.436703ms (proto size 2443)
2026-08-28T09:35:47.693143552Z I0828 09:35:47.693055     697 server_lib.cc:1855] Attempting to load component jit_convert_element_type.17542282987440715384 @ 0 at worker after 992.023us (proto size 2433)
2026-08-28T09:35:47.712616857Z I0828 09:35:47.712554    1295 tpu_chip_config.cc:367] Resolved chip config alias megachip_tccontrol->megacore for 2093c6a02, 
2026-08-28T09:35:47.714311626Z I0828 09:35:47.714248    1295 tpu_chip_config.cc:367] Resolved chip config alias megachip_tccontrol->megacore for 2093c6a02, 
2026-08-28T09:35:47.715160387Z I0828 09:35:47.715101    1295 xla_compilation_cache.cc:113] XLA compilation cache fetch for computation 'jit_convert_element_type' (key a3198de69802f198) took 273.947809ms: PERSISTENT_FETCH
2026-08-28T09:35:47.899594537Z I0828 09:35:47.899473     736 server_lib.cc:1855] Attempting to load component jit_convert_element_type.17152593400471993827 @ 0 at worker after 949.867us (proto size 2433)
2026-08-28T09:35:47.920997814Z I0828 09:35:47.920888    1296 tpu_chip_config.cc:367] Resolved chip config alias megachip_tccontrol->megacore for 2093c6a02, 
2026-08-28T09:35:47.922808168Z I0828 09:35:47.922738    1296 tpu_chip_config.cc:367] Resolved chip config alias megachip_tccontrol->megacore for 2093c6a02, 
2026-08-28T09:35:47.923732405Z I0828 09:35:47.923631    1296 xla_compilation_cache.cc:113] XLA compilation cache fetch for computation 'jit_convert_element_type' (key 8391fcf61242972d) took 230.585311ms: PERSISTENT_FETCH
2026-08-28T09:35:48.132513444Z I0828 09:35:48.132428     697 server_lib.cc:1855] Attempting to load component jit_convert_element_type.17542282987440716351 @ 0 at worker after 823.488us (proto size 2446)
2026-08-28T09:35:48.157779628Z I0828 09:35:48.157708    1295 tpu_chip_config.cc:367] Resolved chip config alias megachip_tccontrol->megacore for 2093c6a02, 
2026-08-28T09:35:48.159401978Z I0828 09:35:48.159345    1295 tpu_chip_config.cc:367] Resolved chip config alias megachip_tccontrol->megacore for 2093c6a02, 
2026-08-28T09:35:48.160210792Z I0828 09:35:48.160120    1295 xla_compilation_cache.cc:113] XLA compilation cache fetch for computation 'jit_convert_element_type' (key 8d23742eb7ebcdab) took 260.658195ms: PERSISTENT_FETCH
2026-08-28T09:35:48.380885742Z I0828 09:35:48.380807     697 server_lib.cc:1855] Attempting to load component jit_convert_element_type.17152593400471993490 @ 0 at worker after 791.197us (proto size 2447)
2026-08-28T09:35:48.395499779Z I0828 09:35:48.395427    1296 tpu_chip_config.cc:367] Resolved chip config alias megachip_tccontrol->megacore for 2093c6a02, 
2026-08-28T09:35:48.397160315Z I0828 09:35:48.397092    1296 tpu_chip_config.cc:367] Resolved chip config alias megachip_tccontrol->megacore for 2093c6a02, 
2026-08-28T09:35:48.397970406Z I0828 09:35:48.397909    1296 xla_compilation_cache.cc:113] XLA compilation cache fetch for computation 'jit_convert_element_type' (key 6293690a77289c3) took 265.491029ms: PERSISTENT_FETCH
2026-08-28T09:35:48.607798684Z I0828 09:35:48.607714     702 server_lib.cc:1855] Attempting to load component jit_convert_element_type.17542282987440717318 @ 0 at worker after 807.225us (proto size 2447)
2026-08-28T09:35:48.624635340Z I0828 09:35:48.624570    1295 tpu_chip_config.cc:367] Resolved chip config alias megachip_tccontrol->megacore for 2093c6a02, 
2026-08-28T09:35:48.626160387Z I0828 09:35:48.626106    1295 tpu_chip_config.cc:367] Resolved chip config alias megachip_tccontrol->megacore for 2093c6a02, 
2026-08-28T09:35:48.626937501Z I0828 09:35:48.626879    1295 xla_compilation_cache.cc:113] XLA compilation cache fetch for computation 'jit_convert_element_type' (key 345cb12078fdc08c) took 246.078625ms: PERSISTENT_FETCH
2026-08-28T09:35:48.825746230Z I0828 09:35:48.825642     736 server_lib.cc:1855] Attempting to load component jit_convert_element_type.17152593400471993153 @ 0 at worker after 814.129us (proto size 2441)
2026-08-28T09:35:48.843520475Z I0828 09:35:48.843451    1296 tpu_chip_config.cc:367] Resolved chip config alias megachip_tccontrol->megacore for 2093c6a02, 
2026-08-28T09:35:48.845091628Z I0828 09:35:48.845013    1296 tpu_chip_config.cc:367] Resolved chip config alias megachip_tccontrol->megacore for 2093c6a02, 
2026-08-28T09:35:48.845909260Z I0828 09:35:48.845841    1296 xla_compilation_cache.cc:113] XLA compilation cache fetch for computation 'jit_convert_element_type' (key 60a864adbb879c50) took 238.136104ms: PERSISTENT_FETCH
2026-08-28T09:35:49.049780567Z I0828 09:35:49.049682     736 server_lib.cc:1855] Attempting to load component jit_convert_element_type.17542282987440714189 @ 0 at worker after 745.107us (proto size 2441)
2026-08-28T09:35:49.069910991Z I0828 09:35:49.069825    1295 tpu_chip_config.cc:367] Resolved chip config alias megachip_tccontrol->megacore for 2093c6a02, 
2026-08-28T09:35:49.071466516Z I0828 09:35:49.071407    1295 tpu_chip_config.cc:367] Resolved chip config alias megachip_tccontrol->megacore for 2093c6a02, 
2026-08-28T09:35:49.072246113Z I0828 09:35:49.072187    1295 xla_compilation_cache.cc:113] XLA compilation cache fetch for computation 'jit_convert_element_type' (key 92a4a75033dd804c) took 246.554154ms: PERSISTENT_FETCH
2026-08-28T09:35:49.290019137Z I0828 09:35:49.289933    1296 tpu_chip_config.cc:367] Resolved chip config alias megachip_tccontrol->megacore for 2093c6a02, 
2026-08-28T09:35:49.291572325Z I0828 09:35:49.291504    1296 tpu_chip_config.cc:367] Resolved chip config alias megachip_tccontrol->megacore for 2093c6a02, 
2026-08-28T09:35:49.292392433Z I0828 09:35:49.292302    1296 xla_compilation_cache.cc:113] XLA compilation cache fetch for computation 'jit_convert_element_type' (key c6fd9be301d69957) took 242.626339ms: PERSISTENT_FETCH
2026-08-28T09:35:49.303099402Z W0828 09:35:49.302986    1434 tpu_pjrt_client.cc:2349] PjRt execution dispatch was blocked for 6.880718ms because PjRt's max in-flight computation semaphore is full (limit: 32), which may negatively affect the performance
2026-08-28T09:35:49.350835166Z I0828 09:35:49.350757     702 server_lib.cc:1855] Attempting to load component jit_convert_element_type.17152593400471992816 @ 0 at worker after 912.936us (proto size 2443)
2026-08-28T09:35:49.580240531Z I0828 09:35:49.580153    1296 tpu_chip_config.cc:367] Resolved chip config alias megachip_tccontrol->megacore for 2093c6a02, 
2026-08-28T09:35:49.581823493Z I0828 09:35:49.581760    1296 tpu_chip_config.cc:367] Resolved chip config alias megachip_tccontrol->megacore for 2093c6a02, 
2026-08-28T09:35:49.582614153Z I0828 09:35:49.582536    1296 xla_compilation_cache.cc:113] XLA compilation cache fetch for computation 'jit_convert_element_type' (key 8a4e0f344c48903f) took 231.78827ms: PERSISTENT_FETCH
2026-08-28T09:35:49.611299731Z I0828 09:35:49.611221     736 server_lib.cc:1855] Attempting to load component pre_reshard_9181198066278140929.1.17542282987440715156 @ 0 at worker after 1.054355ms (proto size 2461)
2026-08-28T09:35:49.913307207Z I0828 09:35:49.913180    1296 tpu_chip_config.cc:367] Resolved chip config alias megachip_tccontrol->megacore for 2093c6a02, 
2026-08-28T09:35:49.914994022Z I0828 09:35:49.914913    1296 tpu_chip_config.cc:367] Resolved chip config alias megachip_tccontrol->megacore for 2093c6a02, 
2026-08-28T09:35:49.915857672Z I0828 09:35:49.915788    1296 xla_compilation_cache.cc:113] XLA compilation cache fetch for computation 'pre_reshard_9181198066278140929.1' (key 688b8ce706c45beb) took 304.574843ms: PERSISTENT_FETCH
2026-08-28T09:35:50.538425181Z I0828 09:35:50.538336     726 xla_compilation_cache.cc:113] XLA compilation cache fetch for computation 'jit__allocate' (key 44c937081d7ee1dc) took 2.17us: IN_MEMORY_HIT
2026-08-28T09:35:50.538454981Z I0828 09:35:50.538364     726 server_lib.cc:1855] Attempting to load component jit__allocate.17152593400471992479 @ 0 at worker after 1.34254ms (proto size 2405)
2026-08-28T09:35:52.059580373Z I0828 09:35:52.059491     748 worker_op_dispatcher.cc:4605] Component is not loaded yet; deferring unload until load completes: jit__allocate.17152593400471992479 @ 0
2026-08-28T09:35:52.059604999Z I0828 09:35:52.059523    1496 server_lib.cc:743] Unloading component jit__allocate.17152593400471992479 @ 0 at worker
2026-08-28T09:36:05.568439505Z I0828 09:36:05.568287     716 server_lib.cc:1855] Attempting to load component jit_split.17152593400471992379 @ 0 at worker after 880.01us (proto size 2487)
2026-08-28T09:36:06.114698008Z I0828 09:36:06.114584    1296 tpu_chip_config.cc:367] Resolved chip config alias megachip_tccontrol->megacore for 2093c6a02, 
2026-08-28T09:36:06.116779755Z I0828 09:36:06.116697    1296 tpu_chip_config.cc:367] Resolved chip config alias megachip_tccontrol->megacore for 2093c6a02, 
2026-08-28T09:36:06.118853489Z I0828 09:36:06.118779    1296 xla_compilation_cache.cc:113] XLA compilation cache fetch for computation 'jit_split' (key 58ab69a219ee1180) took 550.503125ms: PERSISTENT_FETCH
2026-08-28T09:36:16.254614046Z I0828 09:36:16.254468    2956 server_lib.cc:1855] Attempting to load component jit__threefry_split.17152593400471990452 @ 0 at worker after 900.406us (proto size 2424)
2026-08-28T09:36:16.572758339Z I0828 09:36:16.572652    2796 server_lib.cc:1855] Attempting to load component jit_unstack.10416149044182842168 @ 0 at worker after 823.574us (proto size 2428)
2026-08-28T09:36:16.605046292Z I0828 09:36:16.604945    1296 tpu_chip_config.cc:367] Resolved chip config alias megachip_tccontrol->megacore for 2093c6a02, 
2026-08-28T09:36:16.606846359Z I0828 09:36:16.606782    1296 tpu_chip_config.cc:367] Resolved chip config alias megachip_tccontrol->megacore for 2093c6a02, 
2026-08-28T09:36:16.608485300Z I0828 09:36:16.608416    1296 xla_compilation_cache.cc:113] XLA compilation cache fetch for computation 'jit__threefry_split' (key ffae4053d9288eaf) took 353.958198ms: PERSISTENT_FETCH
2026-08-28T09:36:16.807536902Z I0828 09:36:16.807447    2956 server_lib.cc:1855] Attempting to load component jit_convert_element_type.17152593400471994211 @ 0 at worker after 823.857us (proto size 2441)
2026-08-28T09:36:16.827784121Z I0828 09:36:16.827716    1295 tpu_chip_config.cc:367] Resolved chip config alias megachip_tccontrol->megacore for 2093c6a02, 
2026-08-28T09:36:16.829593904Z I0828 09:36:16.829520    1295 tpu_chip_config.cc:367] Resolved chip config alias megachip_tccontrol->megacore for 2093c6a02, 
2026-08-28T09:36:16.830491312Z I0828 09:36:16.830424    1295 xla_compilation_cache.cc:113] XLA compilation cache fetch for computation 'jit_unstack' (key f4cb232f5cc0a2c9) took 257.779522ms: PERSISTENT_FETCH
2026-08-28T09:36:17.038857776Z I0828 09:36:17.038721    1296 tpu_chip_config.cc:367] Resolved chip config alias megachip_tccontrol->megacore for 2093c6a02, 
2026-08-28T09:36:17.040446499Z I0828 09:36:17.040364    1296 tpu_chip_config.cc:367] Resolved chip config alias megachip_tccontrol->megacore for 2093c6a02, 
2026-08-28T09:36:17.041286394Z I0828 09:36:17.041226    1296 xla_compilation_cache.cc:113] XLA compilation cache fetch for computation 'jit_convert_element_type' (key c666958a8729ef94) took 233.788701ms: PERSISTENT_FETCH
2026-08-28T09:36:17.209176116Z I0828 09:36:17.209062    2956 server_lib.cc:1855] Attempting to load component jit__canon_fused_decode_logprob_chunk.17152593400471993874 @ 0 at worker after 1.10259ms (proto size 2528)
2026-08-28T09:36:18.747697094Z I0828 09:36:18.747591    1296 tpu_chip_config.cc:367] Resolved chip config alias megachip_tccontrol->megacore for 2093c6a02, 
2026-08-28T09:36:18.749755033Z I0828 09:36:18.749673    1296 tpu_chip_config.cc:367] Resolved chip config alias megachip_tccontrol->megacore for 2093c6a02, 
2026-08-28T09:36:18.751672192Z I0828 09:36:18.751592    1296 xla_compilation_cache.cc:113] XLA compilation cache fetch for computation 'jit__canon_fused_decode_logprob_chunk' (key bcab894a92d4ff5) took 1.542539048s: PERSISTENT_FETCH
2026-08-28T09:36:19.816365447Z I0828 09:36:19.816261     742 server_lib.cc:1855] Attempting to load component jit_split.3658920302745355048 @ 0 at worker after 803.109us (proto size 2486)
2026-08-28T09:36:20.324487883Z I0828 09:36:20.324407    1296 tpu_chip_config.cc:367] Resolved chip config alias megachip_tccontrol->megacore for 2093c6a02, 
2026-08-28T09:36:20.326584969Z I0828 09:36:20.326483    1296 tpu_chip_config.cc:367] Resolved chip config alias megachip_tccontrol->megacore for 2093c6a02, 
2026-08-28T09:36:20.328349162Z I0828 09:36:20.328275    1296 xla_compilation_cache.cc:113] XLA compilation cache fetch for computation 'jit_split' (key b35a7658f3892690) took 512.023418ms: PERSISTENT_FETCH
2026-08-28T09:36:20.389591736Z I0828 09:36:20.389515     742 server_lib.cc:1855] Attempting to load component jit_convert_element_type.12553407529559189075 @ 0 at worker after 756.545us (proto size 2441)
2026-08-28T09:36:20.657542853Z I0828 09:36:20.657467    1296 tpu_chip_config.cc:367] Resolved chip config alias megachip_tccontrol->megacore for 2093c6a02, 
2026-08-28T09:36:20.659155182Z I0828 09:36:20.659090    1296 tpu_chip_config.cc:367] Resolved chip config alias megachip_tccontrol->megacore for 2093c6a02, 
2026-08-28T09:36:20.659929297Z I0828 09:36:20.659863    1296 xla_compilation_cache.cc:113] XLA compilation cache fetch for computation 'jit_convert_element_type' (key faae9e66f41c4daf) took 270.358152ms: PERSISTENT_FETCH
2026-08-28T09:36:20.773942596Z I0828 09:36:20.773841     722 server_lib.cc:1855] Attempting to load component jit__canon_fused_decode_logprob_chunk.12553407529559190006 @ 0 at worker after 987.263us (proto size 2529)
2026-08-28T09:36:22.463650263Z I0828 09:36:22.463553    1296 tpu_chip_config.cc:367] Resolved chip config alias megachip_tccontrol->megacore for 2093c6a02, 
2026-08-28T09:36:22.465694049Z I0828 09:36:22.465635    1296 tpu_chip_config.cc:367] Resolved chip config alias megachip_tccontrol->megacore for 2093c6a02, 
2026-08-28T09:36:22.467566238Z I0828 09:36:22.467496    1296 xla_compilation_cache.cc:113] XLA compilation cache fetch for computation 'jit__canon_fused_decode_logprob_chunk' (key 26a88f9659c39689) took 1.693665131s: PERSISTENT_FETCH
2026-08-28T09:36:23.493920956Z I0828 09:36:23.493786    2977 server_lib.cc:1855] Attempting to load component jit_split.6774095956947437426 @ 0 at worker after 852.937us (proto size 2486)
2026-08-28T09:36:24.018979795Z I0828 09:36:24.018855    1296 tpu_chip_config.cc:367] Resolved chip config alias megachip_tccontrol->megacore for 2093c6a02, 
2026-08-28T09:36:24.021222869Z I0828 09:36:24.021157    1296 tpu_chip_config.cc:367] Resolved chip config alias megachip_tccontrol->megacore for 2093c6a02, 
2026-08-28T09:36:24.023009439Z I0828 09:36:24.022950    1296 xla_compilation_cache.cc:113] XLA compilation cache fetch for computation 'jit_split' (key 4e0e435c16749359) took 529.173929ms: PERSISTENT_FETCH
2026-08-28T09:36:24.077350862Z I0828 09:36:24.077247     722 server_lib.cc:1855] Attempting to load component jit_convert_element_type.3658920302745357177 @ 0 at worker after 832.716us (proto size 2440)
2026-08-28T09:36:24.328367940Z I0828 09:36:24.328216    1296 tpu_chip_config.cc:367] Resolved chip config alias megachip_tccontrol->megacore for 2093c6a02, 
2026-08-28T09:36:24.329952155Z I0828 09:36:24.329877    1296 tpu_chip_config.cc:367] Resolved chip config alias megachip_tccontrol->megacore for 2093c6a02, 
2026-08-28T09:36:24.330706566Z I0828 09:36:24.330666    1296 xla_compilation_cache.cc:113] XLA compilation cache fetch for computation 'jit_convert_element_type' (key c108b861a3561349) took 253.428295ms: PERSISTENT_FETCH
2026-08-28T09:36:24.434181309Z I0828 09:36:24.434063     731 server_lib.cc:1855] Attempting to load component jit__canon_fused_decode_logprob_chunk.3658920302745356754 @ 0 at worker after 911.136us (proto size 2528)
2026-08-28T09:36:25.400695160Z I0828 09:36:25.400563    1296 tpu_chip_config.cc:367] Resolved chip config alias megachip_tccontrol->megacore for 2093c6a02, 
2026-08-28T09:36:25.402970137Z I0828 09:36:25.402905    1296 tpu_chip_config.cc:367] Resolved chip config alias megachip_tccontrol->megacore for 2093c6a02, 
2026-08-28T09:36:25.404872648Z I0828 09:36:25.404806    1296 xla_compilation_cache.cc:113] XLA compilation cache fetch for computation 'jit__canon_fused_decode_logprob_chunk' (key 621e2c2b1a201d48) took 970.752655ms: PERSISTENT_FETCH
2026-08-28T09:36:27.759753865Z I0828 09:36:27.759645     694 server_lib.cc:1855] Attempting to load component jit_split.11021083957486997855 @ 0 at worker after 862.62us (proto size 2487)
2026-08-28T09:36:28.259613428Z I0828 09:36:28.259440    1296 tpu_chip_config.cc:367] Resolved chip config alias megachip_tccontrol->megacore for 2093c6a02, 
2026-08-28T09:36:28.262032743Z I0828 09:36:28.261949    1296 tpu_chip_config.cc:367] Resolved chip config alias megachip_tccontrol->megacore for 2093c6a02, 
2026-08-28T09:36:28.264363320Z I0828 09:36:28.264287    1296 xla_compilation_cache.cc:113] XLA compilation cache fetch for computation 'jit_split' (key 4e04eb4bfadb2aeb) took 504.650943ms: PERSISTENT_FETCH
2026-08-28T09:36:28.307052027Z I0828 09:36:28.306952     694 server_lib.cc:1855] Attempting to load component jit_convert_element_type.15057772157263884393 @ 0 at worker after 854.199us (proto size 2441)
2026-08-28T09:36:28.546736329Z I0828 09:36:28.546653    1296 tpu_chip_config.cc:367] Resolved chip config alias megachip_tccontrol->megacore for 2093c6a02, 
2026-08-28T09:36:28.548341445Z I0828 09:36:28.548263    1296 tpu_chip_config.cc:367] Resolved chip config alias megachip_tccontrol->megacore for 2093c6a02, 
2026-08-28T09:36:28.549123442Z I0828 09:36:28.549048    1296 xla_compilation_cache.cc:113] XLA compilation cache fetch for computation 'jit_convert_element_type' (key fddce002a431323b) took 242.107726ms: PERSISTENT_FETCH
2026-08-28T09:36:28.662209113Z I0828 09:36:28.662122     722 server_lib.cc:1855] Attempting to load component jit__canon_fused_decode_logprob_chunk.15057772157263886952 @ 0 at worker after 967.657us (proto size 2529)
2026-08-28T09:36:29.577315554Z I0828 09:36:29.577188    1296 tpu_chip_config.cc:367] Resolved chip config alias megachip_tccontrol->megacore for 2093c6a02, 
2026-08-28T09:36:29.579351281Z I0828 09:36:29.579253    1296 tpu_chip_config.cc:367] Resolved chip config alias megachip_tccontrol->megacore for 2093c6a02, 
2026-08-28T09:36:29.581280682Z I0828 09:36:29.581194    1296 xla_compilation_cache.cc:113] XLA compilation cache fetch for computation 'jit__canon_fused_decode_logprob_chunk' (key d49cd61d7d874d5d) took 919.081259ms: PERSISTENT_FETCH
2026-08-28T09:36:34.570015597Z I0828 09:36:34.569862    2861 server_lib.cc:1855] Attempting to load component jit_split.2130004682616431815 @ 0 at worker after 874.874us (proto size 2487)
2026-08-28T09:36:35.067629317Z I0828 09:36:35.067512    1296 tpu_chip_config.cc:367] Resolved chip config alias megachip_tccontrol->megacore for 2093c6a02, 
2026-08-28T09:36:35.069635523Z I0828 09:36:35.069561    1296 tpu_chip_config.cc:367] Resolved chip config alias megachip_tccontrol->megacore for 2093c6a02, 
2026-08-28T09:36:35.071593124Z I0828 09:36:35.071526    1296 xla_compilation_cache.cc:113] XLA compilation cache fetch for computation 'jit_split' (key ef83e0dd3251fbac) took 501.674469ms: PERSISTENT_FETCH
2026-08-28T09:36:35.141293998Z I0828 09:36:35.141211     702 server_lib.cc:1855] Attempting to load component jit_convert_element_type.17152593400471994125 @ 0 at worker after 931.782us (proto size 2441)
2026-08-28T09:36:35.383956498Z I0828 09:36:35.383883    1296 tpu_chip_config.cc:367] Resolved chip config alias megachip_tccontrol->megacore for 2093c6a02, 
2026-08-28T09:36:35.385499671Z I0828 09:36:35.385435    1296 tpu_chip_config.cc:367] Resolved chip config alias megachip_tccontrol->megacore for 2093c6a02, 
2026-08-28T09:36:35.386289451Z I0828 09:36:35.386231    1296 xla_compilation_cache.cc:113] XLA compilation cache fetch for computation 'jit_convert_element_type' (key 3991ecf5d3365c) took 245.049015ms: PERSISTENT_FETCH
2026-08-28T09:36:35.503716975Z I0828 09:36:35.503608     726 server_lib.cc:1855] Attempting to load component jit__canon_fused_decode_logprob_chunk.17152593400471993788 @ 0 at worker after 858.715us (proto size 2534)
2026-08-28T09:36:36.514942521Z I0828 09:36:36.514797    1296 tpu_chip_config.cc:367] Resolved chip config alias megachip_tccontrol->megacore for 2093c6a02, 
2026-08-28T09:36:36.517008168Z I0828 09:36:36.516940    1296 tpu_chip_config.cc:367] Resolved chip config alias megachip_tccontrol->megacore for 2093c6a02, 
2026-08-28T09:36:36.518666273Z I0828 09:36:36.518608    1296 xla_compilation_cache.cc:113] XLA compilation cache fetch for computation 'jit__canon_fused_decode_logprob_chunk' (key e7d73fd91415f93a) took 1.015011074s: PERSISTENT_FETCH
2026-08-28T09:36:47.594548083Z I0828 09:36:47.594416     739 server_lib.cc:1855] Attempting to load component jit_split.15057772157263885335 @ 0 at worker after 836.039us (proto size 2488)
2026-08-28T09:36:48.143612031Z I0828 09:36:48.143526    1296 tpu_chip_config.cc:367] Resolved chip config alias megachip_tccontrol->megacore for 2093c6a02, 
2026-08-28T09:36:48.145646539Z I0828 09:36:48.145561    1296 tpu_chip_config.cc:367] Resolved chip config alias megachip_tccontrol->megacore for 2093c6a02, 
2026-08-28T09:36:48.147867764Z I0828 09:36:48.147804    1296 xla_compilation_cache.cc:113] XLA compilation cache fetch for computation 'jit_split' (key 371900f49c821d60) took 553.401606ms: PERSISTENT_FETCH
2026-08-28T09:36:48.199319955Z I0828 09:36:48.199193    2828 server_lib.cc:1855] Attempting to load component jit_convert_element_type.11021083957486999539 @ 0 at worker after 905.743us (proto size 2443)
2026-08-28T09:36:48.460266754Z I0828 09:36:48.460192    1296 tpu_chip_config.cc:367] Resolved chip config alias megachip_tccontrol->megacore for 2093c6a02, 
2026-08-28T09:36:48.461758485Z I0828 09:36:48.461705    1296 tpu_chip_config.cc:367] Resolved chip config alias megachip_tccontrol->megacore for 2093c6a02, 
2026-08-28T09:36:48.462533469Z I0828 09:36:48.462482    1296 xla_compilation_cache.cc:113] XLA compilation cache fetch for computation 'jit_convert_element_type' (key 3656918424642386) took 263.300282ms: PERSISTENT_FETCH
2026-08-28T09:36:48.826539790Z I0828 09:36:48.826425     726 server_lib.cc:1855] Attempting to load component jit__canon_fused_decode_logprob_chunk.11021083957486997776 @ 0 at worker after 911.758us (proto size 2534)
2026-08-28T09:36:49.426839782Z I0828 09:36:49.426760    1296 tpu_chip_config.cc:367] Resolved chip config alias megachip_tccontrol->megacore for 2093c6a02, 
2026-08-28T09:36:49.428677414Z I0828 09:36:49.428614    1296 tpu_chip_config.cc:367] Resolved chip config alias megachip_tccontrol->megacore for 2093c6a02, 
2026-08-28T09:36:49.430045603Z I0828 09:36:49.429987    1296 xla_compilation_cache.cc:113] XLA compilation cache fetch for computation 'jit__canon_fused_decode_logprob_chunk' (key 911931fecfb956a4) took 603.57062ms: PERSISTENT_FETCH
2026-08-28T09:39:15.163749945Z I0828 09:39:15.163574     739 server_lib.cc:1855] Attempting to load component jit_split.5009576107440551840 @ 0 at worker after 843.548us (proto size 2485)
2026-08-28T09:39:15.623260456Z I0828 09:39:15.623158     739 server_lib.cc:1855] Attempting to load component jit__compute_active_mask.5144510277878728605 @ 0 at worker after 813.339us (proto size 2430)
2026-08-28T09:39:15.650313007Z I0828 09:39:15.650206    1296 tpu_chip_config.cc:367] Resolved chip config alias megachip_tccontrol->megacore for 2093c6a02, 
2026-08-28T09:39:15.652282620Z I0828 09:39:15.652223    1296 tpu_chip_config.cc:367] Resolved chip config alias megachip_tccontrol->megacore for 2093c6a02, 
2026-08-28T09:39:15.653999707Z I0828 09:39:15.653943    1296 xla_compilation_cache.cc:113] XLA compilation cache fetch for computation 'jit_split' (key b6b4c93268755159) took 490.378937ms: PERSISTENT_FETCH
2026-08-28T09:39:15.878711319Z I0828 09:39:15.878586    1295 tpu_chip_config.cc:367] Resolved chip config alias megachip_tccontrol->megacore for 2093c6a02, 
2026-08-28T09:39:15.880382701Z I0828 09:39:15.880304    1295 tpu_chip_config.cc:367] Resolved chip config alias megachip_tccontrol->megacore for 2093c6a02, 
2026-08-28T09:39:15.881245264Z I0828 09:39:15.881154    1295 xla_compilation_cache.cc:113] XLA compilation cache fetch for computation 'jit__compute_active_mask' (key 37da09711dfca59f) took 258.00345ms: PERSISTENT_FETCH
2026-08-28T09:39:23.015051014Z I0828 09:39:23.014937    1867 server_lib.cc:1855] Attempting to load component jit__decode_core.5009576107440553365 @ 0 at worker after 2.330494ms (proto size 15281)
2026-08-28T09:39:31.865620857Z I0828 09:39:31.865515    1295 tpu_chip_config.cc:367] Resolved chip config alias megachip_tccontrol->megacore for 2093c6a02, 
2026-08-28T09:39:31.874951845Z I0828 09:39:31.874883    1295 tpu_chip_config.cc:367] Resolved chip config alias megachip_tccontrol->megacore for 2093c6a02, 
2026-08-28T09:39:31.905351726Z I0828 09:39:31.905264    1295 xla_compilation_cache.cc:113] XLA compilation cache fetch for computation 'jit__decode_core' (key 968f7b75894590e4) took 8.890338132s: PERSISTENT_FETCH
2026-08-28T09:39:42.486409210Z I0828 09:39:42.486258    2819 server_lib.cc:1855] Attempting to load component jit_split.3658920302745356692 @ 0 at worker after 869.763us (proto size 2485)
2026-08-28T09:39:42.948556449Z I0828 09:39:42.948447    2819 server_lib.cc:1855] Attempting to load component jit__compute_active_mask.10416149044182841698 @ 0 at worker after 844.055us (proto size 2431)
2026-08-28T09:39:42.974667711Z I0828 09:39:42.974567    1295 tpu_chip_config.cc:367] Resolved chip config alias megachip_tccontrol->megacore for 2093c6a02, 
2026-08-28T09:39:42.976702373Z I0828 09:39:42.976630    1295 tpu_chip_config.cc:367] Resolved chip config alias megachip_tccontrol->megacore for 2093c6a02, 
2026-08-28T09:39:42.978285422Z I0828 09:39:42.978223    1295 xla_compilation_cache.cc:113] XLA compilation cache fetch for computation 'jit_split' (key 696bf98d837307a6) took 491.973596ms: PERSISTENT_FETCH
2026-08-28T09:39:43.198677059Z I0828 09:39:43.198566    1296 tpu_chip_config.cc:367] Resolved chip config alias megachip_tccontrol->megacore for 2093c6a02, 
2026-08-28T09:39:43.200441193Z I0828 09:39:43.200377    1296 tpu_chip_config.cc:367] Resolved chip config alias megachip_tccontrol->megacore for 2093c6a02, 
2026-08-28T09:39:43.201358513Z I0828 09:39:43.201300    1296 xla_compilation_cache.cc:113] XLA compilation cache fetch for computation 'jit__compute_active_mask' (key eb42a768eec1b38a) took 252.861738ms: PERSISTENT_FETCH
2026-08-28T09:39:50.858666777Z I0828 09:39:50.858548     726 server_lib.cc:1855] Attempting to load component jit__decode_core.3658920302745356128 @ 0 at worker after 2.643925ms (proto size 15281)
2026-08-28T09:39:59.175837325Z I0828 09:39:59.175644    1296 tpu_chip_config.cc:367] Resolved chip config alias megachip_tccontrol->megacore for 2093c6a02, 
2026-08-28T09:39:59.185764550Z I0828 09:39:59.185688    1296 tpu_chip_config.cc:367] Resolved chip config alias megachip_tccontrol->megacore for 2093c6a02, 
2026-08-28T09:39:59.213866273Z I0828 09:39:59.213770    1296 xla_compilation_cache.cc:113] XLA compilation cache fetch for computation 'jit__decode_core' (key 57c79631c57c9544) took 8.355234247s: PERSISTENT_FETCH
2026-08-28T09:40:06.567626549Z I0828 09:40:06.567452    2861 server_lib.cc:1855] Attempting to load component jit_split.11021083957486998799 @ 0 at worker after 811.221us (proto size 2486)
2026-08-28T09:40:07.003856884Z I0828 09:40:07.003695    2861 server_lib.cc:1855] Attempting to load component jit__compute_active_mask.6774095956947438990 @ 0 at worker after 749.213us (proto size 2430)
2026-08-28T09:40:07.022632212Z I0828 09:40:07.022539    1296 tpu_chip_config.cc:367] Resolved chip config alias megachip_tccontrol->megacore for 2093c6a02, 
2026-08-28T09:40:07.024947302Z I0828 09:40:07.024881    1296 tpu_chip_config.cc:367] Resolved chip config alias megachip_tccontrol->megacore for 2093c6a02, 
2026-08-28T09:40:07.026531046Z I0828 09:40:07.026472    1296 xla_compilation_cache.cc:113] XLA compilation cache fetch for computation 'jit_split' (key 81e06c65b6abc817) took 459.033541ms: PERSISTENT_FETCH
2026-08-28T09:40:07.260233608Z I0828 09:40:07.260123    1295 tpu_chip_config.cc:367] Resolved chip config alias megachip_tccontrol->megacore for 2093c6a02, 
2026-08-28T09:40:07.261934040Z I0828 09:40:07.261873    1295 tpu_chip_config.cc:367] Resolved chip config alias megachip_tccontrol->megacore for 2093c6a02, 
2026-08-28T09:40:07.262790595Z I0828 09:40:07.262728    1295 xla_compilation_cache.cc:113] XLA compilation cache fetch for computation 'jit__compute_active_mask' (key bcf448b2a6623cb1) took 259.040438ms: PERSISTENT_FETCH
2026-08-28T09:40:14.604699520Z I0828 09:40:14.604512    2955 server_lib.cc:1855] Attempting to load component jit__decode_core.11021083957486999179 @ 0 at worker after 2.945867ms (proto size 15282)
2026-08-28T09:40:25.573284301Z I0828 09:40:25.573099    1295 tpu_chip_config.cc:367] Resolved chip config alias megachip_tccontrol->megacore for 2093c6a02, 
2026-08-28T09:40:25.581689383Z I0828 09:40:25.581608    1295 tpu_chip_config.cc:367] Resolved chip config alias megachip_tccontrol->megacore for 2093c6a02, 
2026-08-28T09:40:25.609958617Z I0828 09:40:25.609878    1295 xla_compilation_cache.cc:113] XLA compilation cache fetch for computation 'jit__decode_core' (key e934188baed05cc7) took 11.005378816s: PERSISTENT_FETCH
2026-08-28T09:40:55.060085518Z I0828 09:40:55.059905    2926 server_lib.cc:1855] Attempting to load component jit_compute_per_token_logps.11021083957487000916 @ 0 at worker after 2.239817ms (proto size 12352)
2026-08-28T09:43:24.537263748Z I0828 09:43:24.537140    1295 tpu_chip_config.cc:367] Resolved chip config alias megachip_tccontrol->megacore for 2093c6a02, 
2026-08-28T09:43:24.558779282Z I0828 09:43:24.558716    1295 tpu_chip_config.cc:367] Resolved chip config alias megachip_tccontrol->megacore for 2093c6a02, 
2026-08-28T09:43:25.179359503Z I0828 09:43:25.179225    1295 xla_compilation_cache.cc:113] XLA compilation cache fetch for computation 'jit_compute_per_token_logps' (key 1ed552b5d08e59eb) took 2m30.119333707s: PERSISTENT_FETCH
2026-08-28T09:43:26.056582837Z I0828 09:43:26.056450    2955 server_lib.cc:1855] Attempting to load component jit_subtract.11021083957487000103 @ 0 at worker after 1.229062ms (proto size 2442)
2026-08-28T09:43:26.324609635Z I0828 09:43:26.324520    1295 tpu_chip_config.cc:367] Resolved chip config alias megachip_tccontrol->megacore for 2093c6a02, 
2026-08-28T09:43:26.326337722Z I0828 09:43:26.326273    1295 tpu_chip_config.cc:367] Resolved chip config alias megachip_tccontrol->megacore for 2093c6a02, 
2026-08-28T09:43:26.327387084Z I0828 09:43:26.327303    1295 xla_compilation_cache.cc:113] XLA compilation cache fetch for computation 'jit_subtract' (key be3e11a37f61eaab) took 270.865091ms: PERSISTENT_FETCH
2026-08-28T09:43:26.619178104Z I0828 09:43:26.619094    2828 server_lib.cc:1855] Attempting to load component jit_abs.11021083957486998340 @ 0 at worker after 1.182033ms (proto size 2407)
2026-08-28T09:43:26.850804148Z I0828 09:43:26.850707    2828 server_lib.cc:1855] Attempting to load component jit_multiply.5009576107440550299 @ 0 at worker after 912.611us (proto size 2441)
2026-08-28T09:43:26.877343930Z I0828 09:43:26.877268    1295 tpu_chip_config.cc:367] Resolved chip config alias megachip_tccontrol->megacore for 2093c6a02, 
2026-08-28T09:43:26.879012621Z I0828 09:43:26.878937    1295 tpu_chip_config.cc:367] Resolved chip config alias megachip_tccontrol->megacore for 2093c6a02, 
2026-08-28T09:43:26.880140110Z I0828 09:43:26.880078    1295 xla_compilation_cache.cc:113] XLA compilation cache fetch for computation 'jit_abs' (key 57620e4639e22620) took 260.996231ms: PERSISTENT_FETCH
2026-08-28T09:43:27.080293686Z I0828 09:43:27.080159    2955 server_lib.cc:1855] Attempting to load component jit__reduce_sum.11021083957487000673 @ 0 at worker after 849.689us (proto size 2409)
2026-08-28T09:43:27.095764763Z I0828 09:43:27.095663    1296 tpu_chip_config.cc:367] Resolved chip config alias megachip_tccontrol->megacore for 2093c6a02, 
2026-08-28T09:43:27.098545638Z I0828 09:43:27.098468    1296 tpu_chip_config.cc:367] Resolved chip config alias megachip_tccontrol->megacore for 2093c6a02, 
2026-08-28T09:43:27.099816323Z I0828 09:43:27.099756    1296 xla_compilation_cache.cc:113] XLA compilation cache fetch for computation 'jit_multiply' (key 6cf33a59b1616e53) took 249.059608ms: PERSISTENT_FETCH
2026-08-28T09:43:27.304359912Z I0828 09:43:27.304228    2955 server_lib.cc:1855] Attempting to load component jit_true_divide.5009576107440551214 @ 0 at worker after 947.084us (proto size 2405)
2026-08-28T09:43:27.324240858Z I0828 09:43:27.324165    1295 tpu_chip_config.cc:367] Resolved chip config alias megachip_tccontrol->megacore for 2093c6a02, 
2026-08-28T09:43:27.325931958Z I0828 09:43:27.325875    1295 tpu_chip_config.cc:367] Resolved chip config alias megachip_tccontrol->megacore for 2093c6a02, 
2026-08-28T09:43:27.326874845Z I0828 09:43:27.326811    1295 xla_compilation_cache.cc:113] XLA compilation cache fetch for computation 'jit__reduce_sum' (key 4f52f3eb72f64148) took 246.661811ms: PERSISTENT_FETCH
2026-08-28T09:43:27.541331115Z I0828 09:43:27.541247    1296 tpu_chip_config.cc:367] Resolved chip config alias megachip_tccontrol->megacore for 2093c6a02, 
2026-08-28T09:43:27.542989574Z I0828 09:43:27.542922    1296 tpu_chip_config.cc:367] Resolved chip config alias megachip_tccontrol->megacore for 2093c6a02, 
2026-08-28T09:43:27.543828080Z I0828 09:43:27.543767    1296 xla_compilation_cache.cc:113] XLA compilation cache fetch for computation 'jit_true_divide' (key d4cd2ce4f2e64f0e) took 239.548891ms: PERSISTENT_FETCH
2026-08-28T09:44:43.235662070Z I0828 09:44:43.235511    2861 server_lib.cc:1855] Attempting to load component jit__where.11021083957486998910 @ 0 at worker after 1.909423ms (proto size 2448)
2026-08-28T09:44:43.490943825Z I0828 09:44:43.490818    1296 tpu_chip_config.cc:367] Resolved chip config alias megachip_tccontrol->megacore for 2093c6a02, 
2026-08-28T09:44:43.492875110Z I0828 09:44:43.492822    1296 tpu_chip_config.cc:367] Resolved chip config alias megachip_tccontrol->megacore for 2093c6a02, 
2026-08-28T09:44:43.493900944Z I0828 09:44:43.493839    1296 xla_compilation_cache.cc:113] XLA compilation cache fetch for computation 'jit__where' (key b9a9391dafcc9ae) took 258.338565ms: PERSISTENT_FETCH
2026-08-28T09:44:43.496824308Z I0828 09:44:43.496741    2926 server_lib.cc:1855] Attempting to load component jit__reduce_max.11021083957486999290 @ 0 at worker after 813.532us (proto size 2409)
2026-08-28T09:44:43.761963088Z I0828 09:44:43.761869    1296 tpu_chip_config.cc:367] Resolved chip config alias megachip_tccontrol->megacore for 2093c6a02, 
2026-08-28T09:44:43.763605981Z I0828 09:44:43.763542    1296 tpu_chip_config.cc:367] Resolved chip config alias megachip_tccontrol->megacore for 2093c6a02, 
2026-08-28T09:44:43.764444474Z I0828 09:44:43.764389    1296 xla_compilation_cache.cc:113] XLA compilation cache fetch for computation 'jit__reduce_max' (key 36175c2c749d189a) took 267.657083ms: PERSISTENT_FETCH
2026-08-28T09:44:44.015493001Z I0828 09:44:44.015413    2926 server_lib.cc:1855] Attempting to load component jit_exp.11021083957486997527 @ 0 at worker after 914.753us (proto size 2407)
2026-08-28T09:44:44.261379113Z I0828 09:44:44.261300    1296 tpu_chip_config.cc:367] Resolved chip config alias megachip_tccontrol->megacore for 2093c6a02, 
2026-08-28T09:44:44.262939450Z I0828 09:44:44.262883    1296 tpu_chip_config.cc:367] Resolved chip config alias megachip_tccontrol->megacore for 2093c6a02, 
2026-08-28T09:44:44.263730942Z I0828 09:44:44.263677    1296 xla_compilation_cache.cc:113] XLA compilation cache fetch for computation 'jit_exp' (key f9ef56697270bd0b) took 248.270529ms: PERSISTENT_FETCH
2026-08-28T09:44:44.516834206Z I0828 09:44:44.516752     714 server_lib.cc:1855] Attempting to load component jit_reshape.11021083957486999860 @ 0 at worker after 891.775us (proto size 2412)
2026-08-28T09:44:44.752450432Z I0828 09:44:44.752349    1296 tpu_chip_config.cc:367] Resolved chip config alias megachip_tccontrol->megacore for 2093c6a02, 
2026-08-28T09:44:44.753983701Z I0828 09:44:44.753924    1296 tpu_chip_config.cc:367] Resolved chip config alias megachip_tccontrol->megacore for 2093c6a02, 
2026-08-28T09:44:44.754780139Z I0828 09:44:44.754716    1296 xla_compilation_cache.cc:113] XLA compilation cache fetch for computation 'jit_reshape' (key e5e873d3f848ec12) took 237.972593ms: PERSISTENT_FETCH
2026-08-28T09:44:45.382233938Z I0828 09:44:45.382135    2926 server_lib.cc:1855] Attempting to load component jit_multiply.11021083957487000430 @ 0 at worker after 1.133475ms (proto size 2433)
2026-08-28T09:44:45.608058984Z I0828 09:44:45.607947    1296 tpu_chip_config.cc:367] Resolved chip config alias megachip_tccontrol->megacore for 2093c6a02, 
2026-08-28T09:44:45.609691204Z I0828 09:44:45.609620    1296 tpu_chip_config.cc:367] Resolved chip config alias megachip_tccontrol->megacore for 2093c6a02, 
2026-08-28T09:44:45.610475270Z I0828 09:44:45.610421    1296 xla_compilation_cache.cc:113] XLA compilation cache fetch for computation 'jit_multiply' (key 693bc4d312e44bb1) took 228.294314ms: PERSISTENT_FETCH
2026-08-28T09:44:45.882194409Z I0828 09:44:45.882093     714 server_lib.cc:1855] Attempting to load component jit__reduce_sum.11021083957486998667 @ 0 at worker after 825.753us (proto size 2406)
2026-08-28T09:44:46.101689071Z I0828 09:44:46.101603    1296 tpu_chip_config.cc:367] Resolved chip config alias megachip_tccontrol->megacore for 2093c6a02, 
2026-08-28T09:44:46.103214071Z I0828 09:44:46.103157    1296 tpu_chip_config.cc:367] Resolved chip config alias megachip_tccontrol->megacore for 2093c6a02, 
2026-08-28T09:44:46.104039478Z I0828 09:44:46.103979    1296 xla_compilation_cache.cc:113] XLA compilation cache fetch for computation 'jit__reduce_sum' (key cb494c080a8649f9) took 221.89455ms: PERSISTENT_FETCH
2026-08-28T09:44:46.289331254Z I0828 09:44:46.289238     714 server_lib.cc:1855] Attempting to load component jit_subtract.11021083957487001000 @ 0 at worker after 826.708us (proto size 2421)
2026-08-28T09:44:46.539469600Z I0828 09:44:46.539389     714 server_lib.cc:1855] Attempting to load component jit_multiply.5009576107440550342 @ 0 at worker after 712.584us (proto size 2432)
2026-08-28T09:44:46.554262047Z I0828 09:44:46.554184    1296 tpu_chip_config.cc:367] Resolved chip config alias megachip_tccontrol->megacore for 2093c6a02, 
2026-08-28T09:44:46.555767984Z I0828 09:44:46.555709    1296 tpu_chip_config.cc:367] Resolved chip config alias megachip_tccontrol->megacore for 2093c6a02, 
2026-08-28T09:44:46.556589665Z I0828 09:44:46.556536    1296 xla_compilation_cache.cc:113] XLA compilation cache fetch for computation 'jit_subtract' (key 11b0dc8584ec5ef) took 267.305526ms: PERSISTENT_FETCH
2026-08-28T09:44:46.770168619Z I0828 09:44:46.770082    2861 server_lib.cc:1855] Attempting to load component jit_multiply.11021083957486999237 @ 0 at worker after 789.833us (proto size 2433)
2026-08-28T09:44:46.775391277Z I0828 09:44:46.775323    1295 tpu_chip_config.cc:367] Resolved chip config alias megachip_tccontrol->megacore for 2093c6a02, 
2026-08-28T09:44:46.777152051Z I0828 09:44:46.777088    1295 tpu_chip_config.cc:367] Resolved chip config alias megachip_tccontrol->megacore for 2093c6a02, 
2026-08-28T09:44:46.777937513Z I0828 09:44:46.777875    1295 xla_compilation_cache.cc:113] XLA compilation cache fetch for computation 'jit_multiply' (key 6ef24ddd1aed54b6) took 238.491131ms: PERSISTENT_FETCH
2026-08-28T09:44:47.012010328Z I0828 09:44:47.011931    2828 server_lib.cc:1855] Attempting to load component jit_multiply.5009576107440551257 @ 0 at worker after 764.162us (proto size 2399)
2026-08-28T09:44:47.026151845Z I0828 09:44:47.026076    1296 tpu_chip_config.cc:367] Resolved chip config alias megachip_tccontrol->megacore for 2093c6a02, 
2026-08-28T09:44:47.027701664Z I0828 09:44:47.027637    1296 tpu_chip_config.cc:367] Resolved chip config alias megachip_tccontrol->megacore for 2093c6a02, 
2026-08-28T09:44:47.028540593Z I0828 09:44:47.028483    1296 xla_compilation_cache.cc:113] XLA compilation cache fetch for computation 'jit_multiply' (key 60022e5dbf1633c0) took 258.409439ms: PERSISTENT_FETCH
2026-08-28T09:44:47.223162190Z I0828 09:44:47.223075    2926 server_lib.cc:1855] Attempting to load component jit_maximum.11021083957487001570 @ 0 at worker after 863.549us (proto size 2398)
2026-08-28T09:44:47.233481768Z I0828 09:44:47.233400    1295 tpu_chip_config.cc:367] Resolved chip config alias megachip_tccontrol->megacore for 2093c6a02, 
2026-08-28T09:44:47.235122246Z I0828 09:44:47.235045    1295 tpu_chip_config.cc:367] Resolved chip config alias megachip_tccontrol->megacore for 2093c6a02, 
2026-08-28T09:44:47.235876501Z I0828 09:44:47.235814    1295 xla_compilation_cache.cc:113] XLA compilation cache fetch for computation 'jit_multiply' (key dfe0e73cf7764f57) took 223.890709ms: PERSISTENT_FETCH
2026-08-28T09:44:47.425779681Z I0828 09:44:47.425688     731 server_lib.cc:1855] Attempting to load component jit_sqrt.5009576107440552477 @ 0 at worker after 853.477us (proto size 2380)
2026-08-28T09:44:47.449092143Z I0828 09:44:47.448988    1296 tpu_chip_config.cc:367] Resolved chip config alias megachip_tccontrol->megacore for 2093c6a02, 
2026-08-28T09:44:47.450717639Z I0828 09:44:47.450657    1296 tpu_chip_config.cc:367] Resolved chip config alias megachip_tccontrol->megacore for 2093c6a02, 
2026-08-28T09:44:47.451580540Z I0828 09:44:47.451526    1296 xla_compilation_cache.cc:113] XLA compilation cache fetch for computation 'jit_maximum' (key fcf61c2491082633) took 228.458752ms: PERSISTENT_FETCH
2026-08-28T09:44:47.647708800Z I0828 09:44:47.647615     714 server_lib.cc:1855] Attempting to load component jit_true_divide.11021083957486999807 @ 0 at worker after 797.084us (proto size 2406)
2026-08-28T09:44:47.669809421Z I0828 09:44:47.669739    1295 tpu_chip_config.cc:367] Resolved chip config alias megachip_tccontrol->megacore for 2093c6a02, 
2026-08-28T09:44:47.671414134Z I0828 09:44:47.671349    1295 tpu_chip_config.cc:367] Resolved chip config alias megachip_tccontrol->megacore for 2093c6a02, 
2026-08-28T09:44:47.672200759Z I0828 09:44:47.672140    1295 xla_compilation_cache.cc:113] XLA compilation cache fetch for computation 'jit_sqrt' (key e47c3a36ca52ab11) took 246.458471ms: PERSISTENT_FETCH
2026-08-28T09:44:47.870254836Z I0828 09:44:47.870167    1296 tpu_chip_config.cc:367] Resolved chip config alias megachip_tccontrol->megacore for 2093c6a02, 
2026-08-28T09:44:47.871844923Z I0828 09:44:47.871772    1296 tpu_chip_config.cc:367] Resolved chip config alias megachip_tccontrol->megacore for 2093c6a02, 
2026-08-28T09:44:47.872620443Z I0828 09:44:47.872582    1296 xla_compilation_cache.cc:113] XLA compilation cache fetch for computation 'jit_true_divide' (key 9967bfe1ef797654) took 224.974948ms: PERSISTENT_FETCH
2026-08-28T09:44:48.565515084Z I0828 09:44:48.565399     694 server_lib.cc:1855] Attempting to load component jit_run_compute_logits.5009576107440550385 @ 0 at worker after 912.593us (proto size 2463)
2026-08-28T09:44:49.037107718Z I0828 09:44:49.037016    2926 server_lib.cc:1855] Attempting to load component jit__select_from_array_fn.10416149044182843096 @ 0 at worker after 880.542us (proto size 2464)
2026-08-28T09:44:49.055748774Z I0828 09:44:49.055646    1296 tpu_chip_config.cc:367] Resolved chip config alias megachip_tccontrol->megacore for 2093c6a02, 
2026-08-28T09:44:49.057462514Z I0828 09:44:49.057399    1296 tpu_chip_config.cc:367] Resolved chip config alias megachip_tccontrol->megacore for 2093c6a02, 
2026-08-28T09:44:49.058614870Z I0828 09:44:49.058558    1296 xla_compilation_cache.cc:113] XLA compilation cache fetch for computation 'jit_run_compute_logits' (key a40fb2d78bba4487) took 493.167956ms: PERSISTENT_FETCH
2026-08-28T09:44:50.115247024Z I0828 09:44:50.115142    2926 server_lib.cc:1855] Attempting to load component jit_convert_element_type.3658920302745354640 @ 0 at worker after 906.791us (proto size 2440)
2026-08-28T09:44:50.151411582Z I0828 09:44:50.151347    1295 tpu_chip_config.cc:367] Resolved chip config alias megachip_tccontrol->megacore for 2093c6a02, 
2026-08-28T09:44:50.153099781Z I0828 09:44:50.153009    1295 tpu_chip_config.cc:367] Resolved chip config alias megachip_tccontrol->megacore for 2093c6a02, 
2026-08-28T09:44:50.153999773Z I0828 09:44:50.153901    1295 xla_compilation_cache.cc:113] XLA compilation cache fetch for computation 'jit__select_from_array_fn' (key a2c3cd66dc1d12db) took 1.116891435s: PERSISTENT_FETCH
2026-08-28T09:44:50.363359762Z I0828 09:44:50.363257    1296 tpu_chip_config.cc:367] Resolved chip config alias megachip_tccontrol->megacore for 2093c6a02, 
2026-08-28T09:44:50.365144897Z I0828 09:44:50.365073    1296 tpu_chip_config.cc:367] Resolved chip config alias megachip_tccontrol->megacore for 2093c6a02, 
2026-08-28T09:44:50.365990423Z I0828 09:44:50.365925    1296 xla_compilation_cache.cc:113] XLA compilation cache fetch for computation 'jit_convert_element_type' (key ef6b06561fce1b70) took 250.792386ms: PERSISTENT_FETCH
2026-08-28T09:44:50.412503073Z I0828 09:44:50.412405    2861 server_lib.cc:1855] Attempting to load component jit_sample.10416149044182841385 @ 0 at worker after 984.661us (proto size 2534)
2026-08-28T09:44:52.145853064Z I0828 09:44:52.145750    2861 server_lib.cc:1855] Attempting to load component jit_convert_element_type.3658920302745358313 @ 0 at worker after 857.183us (proto size 2442)
2026-08-28T09:44:52.173321551Z I0828 09:44:52.173224    1296 tpu_chip_config.cc:367] Resolved chip config alias megachip_tccontrol->megacore for 2093c6a02, 
2026-08-28T09:44:52.175372364Z I0828 09:44:52.175315    1296 tpu_chip_config.cc:367] Resolved chip config alias megachip_tccontrol->megacore for 2093c6a02, 
2026-08-28T09:44:52.177646320Z I0828 09:44:52.177588    1296 xla_compilation_cache.cc:113] XLA compilation cache fetch for computation 'jit_sample' (key 100be14ad68a6537) took 1.765191474s: PERSISTENT_FETCH
2026-08-28T09:44:52.375885722Z I0828 09:44:52.375790     731 server_lib.cc:1855] Attempting to load component jit_reshape.15995949837485654836 @ 0 at worker after 882.921us (proto size 2419)
2026-08-28T09:44:52.415872649Z I0828 09:44:52.415792    1295 tpu_chip_config.cc:367] Resolved chip config alias megachip_tccontrol->megacore for 2093c6a02, 
2026-08-28T09:44:52.417506851Z I0828 09:44:52.417446    1295 tpu_chip_config.cc:367] Resolved chip config alias megachip_tccontrol->megacore for 2093c6a02, 
2026-08-28T09:44:52.418322245Z I0828 09:44:52.418259    1295 xla_compilation_cache.cc:113] XLA compilation cache fetch for computation 'jit_convert_element_type' (key 6e3c890b38b4aedc) took 272.518188ms: PERSISTENT_FETCH
2026-08-28T09:44:52.641401291Z I0828 09:44:52.641299     714 server_lib.cc:1855] Attempting to load component jit_reshape.5009576107440549949 @ 0 at worker after 882.932us (proto size 2419)
2026-08-28T09:44:52.660199832Z I0828 09:44:52.660108    1296 tpu_chip_config.cc:367] Resolved chip config alias megachip_tccontrol->megacore for 2093c6a02, 
2026-08-28T09:44:52.661863348Z I0828 09:44:52.661806    1296 tpu_chip_config.cc:367] Resolved chip config alias megachip_tccontrol->megacore for 2093c6a02, 
2026-08-28T09:44:52.662793421Z I0828 09:44:52.662737    1296 xla_compilation_cache.cc:113] XLA compilation cache fetch for computation 'jit_reshape' (key 3f543a525fdd75c) took 286.957703ms: PERSISTENT_FETCH
2026-08-28T09:44:52.914130939Z I0828 09:44:52.914036     714 server_lib.cc:1855] Attempting to load component jit_reshape.12553407529559188448 @ 0 at worker after 883.419us (proto size 2410)
2026-08-28T09:44:52.931672598Z I0828 09:44:52.931614    1295 tpu_chip_config.cc:367] Resolved chip config alias megachip_tccontrol->megacore for 2093c6a02, 
2026-08-28T09:44:52.933318799Z I0828 09:44:52.933257    1295 tpu_chip_config.cc:367] Resolved chip config alias megachip_tccontrol->megacore for 2093c6a02, 
2026-08-28T09:44:52.934102707Z I0828 09:44:52.934042    1295 xla_compilation_cache.cc:113] XLA compilation cache fetch for computation 'jit_reshape' (key 9c9ad116eb42ae3e) took 292.749725ms: PERSISTENT_FETCH
2026-08-28T09:44:53.152183426Z I0828 09:44:53.152112    2861 server_lib.cc:1855] Attempting to load component jit_reshape.5009576107440550864 @ 0 at worker after 839.876us (proto size 2409)
2026-08-28T09:44:53.172271550Z I0828 09:44:53.172193    1296 tpu_chip_config.cc:367] Resolved chip config alias megachip_tccontrol->megacore for 2093c6a02, 
2026-08-28T09:44:53.173882721Z I0828 09:44:53.173823    1296 tpu_chip_config.cc:367] Resolved chip config alias megachip_tccontrol->megacore for 2093c6a02, 
2026-08-28T09:44:53.174695248Z I0828 09:44:53.174637    1296 xla_compilation_cache.cc:113] XLA compilation cache fetch for computation 'jit_reshape' (key 8be37366b7aa4e4a) took 260.621215ms: PERSISTENT_FETCH
2026-08-28T09:44:53.376505392Z I0828 09:44:53.376416     714 server_lib.cc:1855] Attempting to load component jit_reshape.12553407529559189379 @ 0 at worker after 773.429us (proto size 2410)
2026-08-28T09:44:53.411864171Z I0828 09:44:53.411782    1295 tpu_chip_config.cc:367] Resolved chip config alias megachip_tccontrol->megacore for 2093c6a02, 
2026-08-28T09:44:53.413448610Z I0828 09:44:53.413386    1295 tpu_chip_config.cc:367] Resolved chip config alias megachip_tccontrol->megacore for 2093c6a02, 
2026-08-28T09:44:53.414213756Z I0828 09:44:53.414152    1295 xla_compilation_cache.cc:113] XLA compilation cache fetch for computation 'jit_reshape' (key c1f625e92d5ba2d1) took 262.046478ms: PERSISTENT_FETCH
2026-08-28T09:44:53.592255133Z I0828 09:44:53.592179    2828 server_lib.cc:1855] Attempting to load component jit_reshape.5009576107440551779 @ 0 at worker after 726.003us (proto size 2409)
2026-08-28T09:44:53.615556783Z I0828 09:44:53.615486    1296 tpu_chip_config.cc:367] Resolved chip config alias megachip_tccontrol->megacore for 2093c6a02, 
2026-08-28T09:44:53.617132375Z I0828 09:44:53.617070    1296 tpu_chip_config.cc:367] Resolved chip config alias megachip_tccontrol->megacore for 2093c6a02, 
2026-08-28T09:44:53.617942428Z I0828 09:44:53.617884    1296 xla_compilation_cache.cc:113] XLA compilation cache fetch for computation 'jit_reshape' (key d3c0a10bea7d04a4) took 241.476029ms: PERSISTENT_FETCH
2026-08-28T09:44:53.808848783Z I0828 09:44:53.808767    1295 tpu_chip_config.cc:367] Resolved chip config alias megachip_tccontrol->megacore for 2093c6a02, 
2026-08-28T09:44:53.810507461Z I0828 09:44:53.810442    1295 tpu_chip_config.cc:367] Resolved chip config alias megachip_tccontrol->megacore for 2093c6a02, 
2026-08-28T09:44:53.811302813Z I0828 09:44:53.811240    1295 xla_compilation_cache.cc:113] XLA compilation cache fetch for computation 'jit_reshape' (key 8d1c15d44e529b0a) took 219.066696ms: PERSISTENT_FETCH
2026-08-28T09:44:53.884188391Z I0828 09:44:53.884126     714 server_lib.cc:1855] Attempting to load component jit_sample.12553407529559190310 @ 0 at worker after 997.243us (proto size 2520)
2026-08-28T09:44:55.449587504Z I0828 09:44:55.449497    1295 tpu_chip_config.cc:367] Resolved chip config alias megachip_tccontrol->megacore for 2093c6a02, 
2026-08-28T09:44:55.451516703Z I0828 09:44:55.451456    1295 tpu_chip_config.cc:367] Resolved chip config alias megachip_tccontrol->megacore for 2093c6a02, 
2026-08-28T09:44:55.453870000Z I0828 09:44:55.453806    1295 xla_compilation_cache.cc:113] XLA compilation cache fetch for computation 'jit_sample' (key 7eca2d9638baddc8) took 1.56968611s: PERSISTENT_FETCH
2026-08-28T09:44:55.474501239Z I0828 09:44:55.474418     714 server_lib.cc:1855] Attempting to load component jit_zt_ro_logprob_gather.5009576107440552694 @ 0 at worker after 915.596us (proto size 2507)
2026-08-28T09:44:56.082452436Z I0828 09:44:56.082382     714 server_lib.cc:1855] Attempting to load component jit_reshape.12553407529559191241 @ 0 at worker after 924.149us (proto size 2416)
2026-08-28T09:44:56.112207092Z I0828 09:44:56.112152    1295 tpu_chip_config.cc:367] Resolved chip config alias megachip_tccontrol->megacore for 2093c6a02, 
2026-08-28T09:44:56.113818321Z I0828 09:44:56.113761    1295 tpu_chip_config.cc:367] Resolved chip config alias megachip_tccontrol->megacore for 2093c6a02, 
2026-08-28T09:44:56.114975622Z I0828 09:44:56.114924    1295 xla_compilation_cache.cc:113] XLA compilation cache fetch for computation 'jit_zt_ro_logprob_gather' (key 9a534f94ee2a16fd) took 640.51459ms: PERSISTENT_FETCH
2026-08-28T09:44:56.304597693Z I0828 09:44:56.304528    2828 server_lib.cc:1855] Attempting to load component jit_reshape.5009576107440553609 @ 0 at worker after 789.823us (proto size 2415)
2026-08-28T09:44:56.318065196Z I0828 09:44:56.317961    1296 tpu_chip_config.cc:367] Resolved chip config alias megachip_tccontrol->megacore for 2093c6a02, 
2026-08-28T09:44:56.319755454Z I0828 09:44:56.319683    1296 tpu_chip_config.cc:367] Resolved chip config alias megachip_tccontrol->megacore for 2093c6a02, 
2026-08-28T09:44:56.320681190Z I0828 09:44:56.320576    1296 xla_compilation_cache.cc:113] XLA compilation cache fetch for computation 'jit_reshape' (key c48cc93672326442) took 238.202322ms: PERSISTENT_FETCH
2026-08-28T09:44:56.516470059Z I0828 09:44:56.516392    2861 server_lib.cc:1855] Attempting to load component jit_reshape.12553407529559188076 @ 0 at worker after 963.411us (proto size 2416)
2026-08-28T09:44:56.538374580Z I0828 09:44:56.538316    1295 tpu_chip_config.cc:367] Resolved chip config alias megachip_tccontrol->megacore for 2093c6a02, 
2026-08-28T09:44:56.539940719Z I0828 09:44:56.539885    1295 tpu_chip_config.cc:367] Resolved chip config alias megachip_tccontrol->megacore for 2093c6a02, 
2026-08-28T09:44:56.540718661Z I0828 09:44:56.540668    1295 xla_compilation_cache.cc:113] XLA compilation cache fetch for computation 'jit_reshape' (key 31779064f09ea7a3) took 236.14547ms: PERSISTENT_FETCH
2026-08-28T09:44:56.743212131Z I0828 09:44:56.743143    2861 server_lib.cc:1855] Attempting to load component jit_reshape.5009576107440550428 @ 0 at worker after 767.153us (proto size 2414)
2026-08-28T09:44:56.761799993Z I0828 09:44:56.761717    1296 tpu_chip_config.cc:367] Resolved chip config alias megachip_tccontrol->megacore for 2093c6a02, 
2026-08-28T09:44:56.763469082Z I0828 09:44:56.763398    1296 tpu_chip_config.cc:367] Resolved chip config alias megachip_tccontrol->megacore for 2093c6a02, 
2026-08-28T09:44:56.764329466Z I0828 09:44:56.764262    1296 xla_compilation_cache.cc:113] XLA compilation cache fetch for computation 'jit_reshape' (key b74041f4de2c4d69) took 248.001148ms: PERSISTENT_FETCH
2026-08-28T09:44:56.986499081Z I0828 09:44:56.986421    1295 tpu_chip_config.cc:367] Resolved chip config alias megachip_tccontrol->megacore for 2093c6a02, 
2026-08-28T09:44:56.988010155Z I0828 09:44:56.987957    1295 tpu_chip_config.cc:367] Resolved chip config alias megachip_tccontrol->megacore for 2093c6a02, 
2026-08-28T09:44:56.988778929Z I0828 09:44:56.988725    1295 xla_compilation_cache.cc:113] XLA compilation cache fetch for computation 'jit_reshape' (key f4c2dbb4df7860f) took 245.587629ms: PERSISTENT_FETCH
2026-08-28T09:44:57.726009650Z I0828 09:44:57.725930    2819 server_lib.cc:1855] Attempting to load component jit__select_from_array_fn.10416149044182841886 @ 0 at worker after 804.394us (proto size 2464)
2026-08-28T09:44:58.245461435Z I0828 09:44:58.245339     702 server_lib.cc:1855] Attempting to load component jit_convert_element_type.3658920302745355500 @ 0 at worker after 825.329us (proto size 2440)
2026-08-28T09:44:58.262015356Z I0828 09:44:58.261932    1295 tpu_chip_config.cc:367] Resolved chip config alias megachip_tccontrol->megacore for 2093c6a02, 
2026-08-28T09:44:58.263704325Z I0828 09:44:58.263648    1295 tpu_chip_config.cc:367] Resolved chip config alias megachip_tccontrol->megacore for 2093c6a02, 
2026-08-28T09:44:58.264905708Z I0828 09:44:58.264851    1295 xla_compilation_cache.cc:113] XLA compilation cache fetch for computation 'jit__select_from_array_fn' (key 3987beae83897996) took 538.929035ms: PERSISTENT_FETCH
2026-08-28T09:44:58.481287586Z I0828 09:44:58.481202    1296 tpu_chip_config.cc:367] Resolved chip config alias megachip_tccontrol->megacore for 2093c6a02, 
2026-08-28T09:44:58.482956005Z I0828 09:44:58.482888    1296 tpu_chip_config.cc:367] Resolved chip config alias megachip_tccontrol->megacore for 2093c6a02, 
2026-08-28T09:44:58.483780435Z I0828 09:44:58.483698    1296 xla_compilation_cache.cc:113] XLA compilation cache fetch for computation 'jit_convert_element_type' (key b338d3f821f30e49) took 238.36998ms: PERSISTENT_FETCH
2026-08-28T09:44:58.531142132Z I0828 09:44:58.531064    2891 server_lib.cc:1855] Attempting to load component jit_sample.10416149044182840175 @ 0 at worker after 920.028us (proto size 2534)
2026-08-28T09:45:00.163291863Z I0828 09:45:00.163179    1296 tpu_chip_config.cc:367] Resolved chip config alias megachip_tccontrol->megacore for 2093c6a02, 
2026-08-28T09:45:00.165309174Z I0828 09:45:00.165225    1296 tpu_chip_config.cc:367] Resolved chip config alias megachip_tccontrol->megacore for 2093c6a02, 
2026-08-28T09:45:00.167543098Z I0828 09:45:00.167479    1296 xla_compilation_cache.cc:113] XLA compilation cache fetch for computation 'jit_sample' (key 382ef079e9d5b946) took 1.636425178s: PERSISTENT_FETCH
2026-08-28T09:46:04.494503889Z W0828 09:46:04.494392    1434 tpu_pjrt_client.cc:2349] PjRt execution dispatch was blocked for 55.677222ms because PjRt's max in-flight computation semaphore is full (limit: 32), which may negatively affect the performance
2026-08-28T09:46:37.822875590Z I0828 09:46:37.822733     734 server_lib.cc:1855] Attempting to load component jit__identity_fn.10416149044182842673 @ 0 at worker after 1.398305ms (proto size 2445)
2026-08-28T09:46:38.147776394Z I0828 09:46:38.147673    1296 tpu_chip_config.cc:367] Resolved chip config alias megachip_tccontrol->megacore for 2093c6a02, 
2026-08-28T09:46:38.149811565Z I0828 09:46:38.149744    1296 tpu_chip_config.cc:367] Resolved chip config alias megachip_tccontrol->megacore for 2093c6a02, 
2026-08-28T09:46:38.150732225Z I0828 09:46:38.150675    1296 xla_compilation_cache.cc:113] XLA compilation cache fetch for computation 'jit__identity_fn' (key 6f636a871a6fa44d) took 327.958651ms: PERSISTENT_FETCH
2026-08-28T09:46:45.817597940Z I0828 09:46:45.817454    1866 server_lib.cc:1855] Attempting to load component jit__identity_fn.15988940423104945625 @ 0 at worker after 1.170197ms (proto size 2417)
2026-08-28T09:46:46.083905021Z I0828 09:46:46.083798    1296 tpu_chip_config.cc:367] Resolved chip config alias megachip_tccontrol->megacore for 2093c6a02, 
2026-08-28T09:46:46.085775123Z I0828 09:46:46.085718    1296 tpu_chip_config.cc:367] Resolved chip config alias megachip_tccontrol->megacore for 2093c6a02, 
2026-08-28T09:46:46.086698740Z I0828 09:46:46.086639    1296 xla_compilation_cache.cc:113] XLA compilation cache fetch for computation 'jit__identity_fn' (key 6d5b6a0ed7cbf066) took 269.195786ms: PERSISTENT_FETCH
2026-08-28T09:46:46.635523715Z I0828 09:46:46.635447     734 server_lib.cc:1855] Attempting to load component jit__identity_fn.15988940423104945156 @ 0 at worker after 842.277us (proto size 2417)
2026-08-28T09:46:46.888531634Z I0828 09:46:46.888458    1296 tpu_chip_config.cc:367] Resolved chip config alias megachip_tccontrol->megacore for 2093c6a02, 
2026-08-28T09:46:46.890353969Z I0828 09:46:46.890292    1296 tpu_chip_config.cc:367] Resolved chip config alias megachip_tccontrol->megacore for 2093c6a02, 
2026-08-28T09:46:46.893098145Z I0828 09:46:46.891189    1296 xla_compilation_cache.cc:113] XLA compilation cache fetch for computation 'jit__identity_fn' (key b4a5135a71b2c830) took 255.753105ms: PERSISTENT_FETCH
2026-08-28T09:46:47.151591357Z I0828 09:46:47.151465     734 server_lib.cc:1855] Attempting to load component jit__identity_fn.15988940423104944687 @ 0 at worker after 885.356us (proto size 2417)
2026-08-28T09:46:47.420708886Z I0828 09:46:47.420631    1296 tpu_chip_config.cc:367] Resolved chip config alias megachip_tccontrol->megacore for 2093c6a02, 
2026-08-28T09:46:47.422526151Z I0828 09:46:47.422465    1296 tpu_chip_config.cc:367] Resolved chip config alias megachip_tccontrol->megacore for 2093c6a02, 
2026-08-28T09:46:47.423402117Z I0828 09:46:47.423346    1296 xla_compilation_cache.cc:113] XLA compilation cache fetch for computation 'jit__identity_fn' (key 2bfd7fc3a9afa996) took 271.891384ms: PERSISTENT_FETCH
2026-08-28T09:46:47.640832798Z I0828 09:46:47.640733    1869 server_lib.cc:1855] Attempting to load component jit__identity_fn.15988940423104944218 @ 0 at worker after 885.92us (proto size 2417)
2026-08-28T09:46:47.868849486Z I0828 09:46:47.868751    1296 tpu_chip_config.cc:367] Resolved chip config alias megachip_tccontrol->megacore for 2093c6a02, 
2026-08-28T09:46:47.870533532Z I0828 09:46:47.870471    1296 tpu_chip_config.cc:367] Resolved chip config alias megachip_tccontrol->megacore for 2093c6a02, 
2026-08-28T09:46:47.871388524Z I0828 09:46:47.871322    1296 xla_compilation_cache.cc:113] XLA compilation cache fetch for computation 'jit__identity_fn' (key 7855638037c7f39d) took 230.599404ms: PERSISTENT_FETCH
2026-08-28T09:46:48.131707895Z I0828 09:46:48.131622    1869 server_lib.cc:1855] Attempting to load component jit__identity_fn.15988940423104943749 @ 0 at worker after 887.857us (proto size 2415)
2026-08-28T09:46:48.368132812Z I0828 09:46:48.368021    1296 tpu_chip_config.cc:367] Resolved chip config alias megachip_tccontrol->megacore for 2093c6a02, 
2026-08-28T09:46:48.369746214Z I0828 09:46:48.369671    1296 tpu_chip_config.cc:367] Resolved chip config alias megachip_tccontrol->megacore for 2093c6a02, 
2026-08-28T09:46:48.370567754Z I0828 09:46:48.370503    1296 xla_compilation_cache.cc:113] XLA compilation cache fetch for computation 'jit__identity_fn' (key 9c7c9228e9e45e2b) took 238.890465ms: PERSISTENT_FETCH
2026-08-28T09:46:48.656480748Z I0828 09:46:48.656395    1869 server_lib.cc:1855] Attempting to load component jit_zt_tr_fwd_embed.15988940423104943280 @ 0 at worker after 938.163us (proto size 2453)
2026-08-28T09:46:50.116965604Z I0828 09:46:50.116846    1296 tpu_chip_config.cc:367] Resolved chip config alias megachip_tccontrol->megacore for 2093c6a02, 
2026-08-28T09:46:50.119649947Z I0828 09:46:50.119561    1296 tpu_chip_config.cc:367] Resolved chip config alias megachip_tccontrol->megacore for 2093c6a02, 
2026-08-28T09:46:50.123058233Z I0828 09:46:50.122982    1296 xla_compilation_cache.cc:113] XLA compilation cache fetch for computation 'jit_zt_tr_fwd_embed' (key 62df0e6647519d4a) took 1.466595097s: PERSISTENT_FETCH
2026-08-28T09:46:50.721510490Z I0828 09:46:50.721390    1869 server_lib.cc:1855] Attempting to load component jit_zt_tr_fwd_layer.10416149044182842396 @ 0 at worker after 1.53355ms (proto size 2877)
2026-08-28T09:46:51.602724101Z I0828 09:46:51.602573    1296 tpu_chip_config.cc:367] Resolved chip config alias megachip_tccontrol->megacore for 2093c6a02, 
2026-08-28T09:46:51.604784931Z I0828 09:46:51.604675    1296 tpu_chip_config.cc:367] Resolved chip config alias megachip_tccontrol->megacore for 2093c6a02, 
2026-08-28T09:46:51.606573936Z I0828 09:46:51.606480    1296 xla_compilation_cache.cc:113] XLA compilation cache fetch for computation 'jit_zt_tr_fwd_layer' (key aed2d8b884138412) took 885.102935ms: PERSISTENT_FETCH
2026-08-28T09:47:14.672796006Z I0828 09:47:14.672660    1866 server_lib.cc:1855] Attempting to load component jit_zt_tr_fwd_norm.10416149044182843139 @ 0 at worker after 1.12468ms (proto size 2450)
2026-08-28T09:47:14.982869440Z I0828 09:47:14.982749    1296 tpu_chip_config.cc:367] Resolved chip config alias megachip_tccontrol->megacore for 2093c6a02, 
2026-08-28T09:47:14.984849184Z I0828 09:47:14.984789    1296 tpu_chip_config.cc:367] Resolved chip config alias megachip_tccontrol->megacore for 2093c6a02, 
2026-08-28T09:47:14.985777833Z I0828 09:47:14.985718    1296 xla_compilation_cache.cc:113] XLA compilation cache fetch for computation 'jit_zt_tr_fwd_norm' (key 2d0067e1055e67b0) took 313.068516ms: PERSISTENT_FETCH
2026-08-28T09:47:14.996831654Z I0828 09:47:14.996735    1866 server_lib.cc:1855] Attempting to load component jit_zt_tr_fwd_head.15988940423104945375 @ 0 at worker after 850.591us (proto size 2456)
2026-08-28T09:47:15.345660726Z I0828 09:47:15.345586     742 server_lib.cc:1855] Attempting to load component jit_convert_element_type.10416149044182841428 @ 0 at worker after 948.793us (proto size 2443)
2026-08-28T09:47:15.374557826Z I0828 09:47:15.374486    1296 tpu_chip_config.cc:367] Resolved chip config alias megachip_tccontrol->megacore for 2093c6a02, 
2026-08-28T09:47:15.376224975Z I0828 09:47:15.376168    1296 tpu_chip_config.cc:367] Resolved chip config alias megachip_tccontrol->megacore for 2093c6a02, 
2026-08-28T09:47:15.377344195Z I0828 09:47:15.377293    1296 xla_compilation_cache.cc:113] XLA compilation cache fetch for computation 'jit_zt_tr_fwd_head' (key 7af94e5da3f41bf7) took 380.565441ms: PERSISTENT_FETCH
2026-08-28T09:47:15.602590642Z I0828 09:47:15.602503    1295 tpu_chip_config.cc:367] Resolved chip config alias megachip_tccontrol->megacore for 2093c6a02, 
2026-08-28T09:47:15.604269545Z I0828 09:47:15.604196    1295 tpu_chip_config.cc:367] Resolved chip config alias megachip_tccontrol->megacore for 2093c6a02, 
2026-08-28T09:47:15.605085290Z I0828 09:47:15.604998    1295 xla_compilation_cache.cc:113] XLA compilation cache fetch for computation 'jit_convert_element_type' (key af38911986a18cec) took 259.420432ms: PERSISTENT_FETCH
2026-08-28T09:47:15.655310692Z I0828 09:47:15.655224    1869 server_lib.cc:1855] Attempting to load component jit_zt_tr_fwd_logprob.15988940423104944906 @ 0 at worker after 996.466us (proto size 2486)
2026-08-28T09:47:16.365209582Z I0828 09:47:16.365118    2955 server_lib.cc:1855] Attempting to load component jit_reshape.10416149044182839717 @ 0 at worker after 840.351us (proto size 2410)
2026-08-28T09:47:16.379746306Z I0828 09:47:16.379678    1295 tpu_chip_config.cc:367] Resolved chip config alias megachip_tccontrol->megacore for 2093c6a02, 
2026-08-28T09:47:16.381446584Z I0828 09:47:16.381387    1295 tpu_chip_config.cc:367] Resolved chip config alias megachip_tccontrol->megacore for 2093c6a02, 
2026-08-28T09:47:16.382687776Z I0828 09:47:16.382628    1295 xla_compilation_cache.cc:113] XLA compilation cache fetch for computation 'jit_zt_tr_fwd_logprob' (key 8a9dc8c803939224) took 727.415721ms: PERSISTENT_FETCH
2026-08-28T09:47:16.621276280Z I0828 09:47:16.621179    1296 tpu_chip_config.cc:367] Resolved chip config alias megachip_tccontrol->megacore for 2093c6a02, 
2026-08-28T09:47:16.622914038Z I0828 09:47:16.622850    1296 tpu_chip_config.cc:367] Resolved chip config alias megachip_tccontrol->megacore for 2093c6a02, 
2026-08-28T09:47:16.623798288Z I0828 09:47:16.623739    1296 xla_compilation_cache.cc:113] XLA compilation cache fetch for computation 'jit_reshape' (key 38ed3caedf61d993) took 258.630319ms: PERSISTENT_FETCH
2026-08-28T09:47:16.682422208Z W0828 09:47:16.682340    1432 tpu_pjrt_client.cc:2349] PjRt execution dispatch was blocked for 6.182431ms because PjRt's max in-flight computation semaphore is full (limit: 32), which may negatively affect the performance
2026-08-28T09:47:16.983613647Z I0828 09:47:16.983552    2955 server_lib.cc:1855] Attempting to load component jit_concatenate.10416149044182839734 @ 0 at worker after 885.542us (proto size 2542)
2026-08-28T09:47:17.224878704Z I0828 09:47:17.224800    2816 server_lib.cc:1855] Attempting to load component jit_take_along_axis.15988940423104942707 @ 0 at worker after 926.408us (proto size 2453)
2026-08-28T09:47:17.242546185Z I0828 09:47:17.242439    1296 tpu_chip_config.cc:367] Resolved chip config alias megachip_tccontrol->megacore for 2093c6a02, 
2026-08-28T09:47:17.244807623Z I0828 09:47:17.244736    1296 tpu_chip_config.cc:367] Resolved chip config alias megachip_tccontrol->megacore for 2093c6a02, 
2026-08-28T09:47:17.246314416Z I0828 09:47:17.246239    1296 xla_compilation_cache.cc:113] XLA compilation cache fetch for computation 'jit_concatenate' (key 5c6ec3408ed5983a) took 262.69622ms: PERSISTENT_FETCH
2026-08-28T09:47:17.526652402Z I0828 09:47:17.526572    1295 tpu_chip_config.cc:367] Resolved chip config alias megachip_tccontrol->megacore for 2093c6a02, 
2026-08-28T09:47:17.528266175Z I0828 09:47:17.528202    1295 tpu_chip_config.cc:367] Resolved chip config alias megachip_tccontrol->megacore for 2093c6a02, 
2026-08-28T09:47:17.529262329Z I0828 09:47:17.529205    1295 xla_compilation_cache.cc:113] XLA compilation cache fetch for computation 'jit_take_along_axis' (key 2eeefa3982b961ae) took 304.413073ms: PERSISTENT_FETCH
2026-08-28T09:47:17.991772343Z I0828 09:47:17.991690     742 server_lib.cc:1855] Attempting to load component jit__where.10416149044182840408 @ 0 at worker after 1.205378ms (proto size 2460)
2026-08-28T09:47:18.223476523Z I0828 09:47:18.223415    1295 tpu_chip_config.cc:367] Resolved chip config alias megachip_tccontrol->megacore for 2093c6a02, 
2026-08-28T09:47:18.225113643Z I0828 09:47:18.225060    1295 tpu_chip_config.cc:367] Resolved chip config alias megachip_tccontrol->megacore for 2093c6a02, 
2026-08-28T09:47:18.225902889Z I0828 09:47:18.225852    1295 xla_compilation_cache.cc:113] XLA compilation cache fetch for computation 'jit__where' (key 1ce423fa11e4cc5b) took 234.170192ms: PERSISTENT_FETCH
2026-08-28T09:47:19.820002646Z I0828 09:47:19.819917    2955 server_lib.cc:1855] Attempting to load component jit_concatenate.10416149044182839336 @ 0 at worker after 942.245us (proto size 2566)
2026-08-28T09:47:20.046313758Z I0828 09:47:20.046235    2816 server_lib.cc:1855] Attempting to load component jit_take_along_axis.15988940423104942405 @ 0 at worker after 847.139us (proto size 2453)
2026-08-28T09:47:20.054190785Z I0828 09:47:20.054137    1295 tpu_chip_config.cc:367] Resolved chip config alias megachip_tccontrol->megacore for 2093c6a02, 
2026-08-28T09:47:20.055830880Z I0828 09:47:20.055774    1295 tpu_chip_config.cc:367] Resolved chip config alias megachip_tccontrol->megacore for 2093c6a02, 
2026-08-28T09:47:20.056849140Z I0828 09:47:20.056798    1295 xla_compilation_cache.cc:113] XLA compilation cache fetch for computation 'jit_concatenate' (key 568c6735546136e3) took 236.890656ms: PERSISTENT_FETCH
2026-08-28T09:47:20.352666370Z I0828 09:47:20.352535    1296 tpu_chip_config.cc:367] Resolved chip config alias megachip_tccontrol->megacore for 2093c6a02, 
2026-08-28T09:47:20.354362703Z I0828 09:47:20.354286    1296 tpu_chip_config.cc:367] Resolved chip config alias megachip_tccontrol->megacore for 2093c6a02, 
2026-08-28T09:47:20.355542314Z I0828 09:47:20.355445    1296 xla_compilation_cache.cc:113] XLA compilation cache fetch for computation 'jit_take_along_axis' (key 82330c40d023bf6d) took 309.218158ms: PERSISTENT_FETCH
2026-08-28T09:47:33.399344857Z I0828 09:47:33.399195    1866 server_lib.cc:1855] Attempting to load component jit_concatenate.15988940423104945221 @ 0 at worker after 954.965us (proto size 2590)
2026-08-28T09:47:33.653914268Z I0828 09:47:33.653800     739 server_lib.cc:1855] Attempting to load component jit_take_along_axis.10416149044182839387 @ 0 at worker after 842us (proto size 2453)
2026-08-28T09:47:33.663777500Z I0828 09:47:33.663683    1296 tpu_chip_config.cc:367] Resolved chip config alias megachip_tccontrol->megacore for 2093c6a02, 
2026-08-28T09:47:33.665623270Z I0828 09:47:33.665543    1296 tpu_chip_config.cc:367] Resolved chip config alias megachip_tccontrol->megacore for 2093c6a02, 
2026-08-28T09:47:33.666792604Z I0828 09:47:33.666713    1296 xla_compilation_cache.cc:113] XLA compilation cache fetch for computation 'jit_concatenate' (key de8422427e9e60c8) took 267.5312ms: PERSISTENT_FETCH
2026-08-28T09:47:33.979522929Z I0828 09:47:33.979442    1295 tpu_chip_config.cc:367] Resolved chip config alias megachip_tccontrol->megacore for 2093c6a02, 
2026-08-28T09:47:33.981189222Z I0828 09:47:33.981129    1295 tpu_chip_config.cc:367] Resolved chip config alias megachip_tccontrol->megacore for 2093c6a02, 
2026-08-28T09:47:33.982199171Z I0828 09:47:33.982146    1295 xla_compilation_cache.cc:113] XLA compilation cache fetch for computation 'jit_take_along_axis' (key 9dde9fffe6fe5aa4) took 328.355826ms: PERSISTENT_FETCH
2026-08-28T09:47:36.753182442Z I0828 09:47:36.753072     742 server_lib.cc:1855] Attempting to load component jit_concatenate.10416149044182841858 @ 0 at worker after 921.581us (proto size 2614)
2026-08-28T09:47:37.001811147Z I0828 09:47:37.001737    1866 server_lib.cc:1855] Attempting to load component jit_take_along_axis.15988940423104943189 @ 0 at worker after 950.221us (proto size 2453)
2026-08-28T09:47:37.025269764Z I0828 09:47:37.025210    1295 tpu_chip_config.cc:367] Resolved chip config alias megachip_tccontrol->megacore for 2093c6a02, 
2026-08-28T09:47:37.027480487Z I0828 09:47:37.027423    1295 tpu_chip_config.cc:367] Resolved chip config alias megachip_tccontrol->megacore for 2093c6a02, 
2026-08-28T09:47:37.029019326Z I0828 09:47:37.028959    1295 xla_compilation_cache.cc:113] XLA compilation cache fetch for computation 'jit_concatenate' (key 5d90f996a5dc2c37) took 275.896147ms: PERSISTENT_FETCH
2026-08-28T09:47:37.317569001Z I0828 09:47:37.317434    1296 tpu_chip_config.cc:367] Resolved chip config alias megachip_tccontrol->megacore for 2093c6a02, 
2026-08-28T09:47:37.319987131Z I0828 09:47:37.319262    1296 tpu_chip_config.cc:367] Resolved chip config alias megachip_tccontrol->megacore for 2093c6a02, 
2026-08-28T09:47:37.320676988Z I0828 09:47:37.320568    1296 xla_compilation_cache.cc:113] XLA compilation cache fetch for computation 'jit_take_along_axis' (key bfa23da881521e79) took 318.840169ms: PERSISTENT_FETCH
2026-08-28T09:48:16.686166159Z W0828 09:48:16.685982    1434 tpu_pjrt_client.cc:2349] PjRt execution dispatch was blocked for 8.321841ms because PjRt's max in-flight computation semaphore is full (limit: 32), which may negatively affect the performance
2026-08-28T09:48:49.401118744Z I0828 09:48:49.400969    1869 server_lib.cc:1855] Attempting to load component jit_concatenate.5598368294899625323 @ 0 at worker after 980.02us (proto size 2637)
2026-08-28T09:48:49.666435184Z I0828 09:48:49.666338    1869 server_lib.cc:1855] Attempting to load component jit_take_along_axis.15988940423104945884 @ 0 at worker after 982.398us (proto size 2453)
2026-08-28T09:48:49.680172013Z I0828 09:48:49.680084    1296 tpu_chip_config.cc:367] Resolved chip config alias megachip_tccontrol->megacore for 2093c6a02, 
2026-08-28T09:48:49.682049688Z I0828 09:48:49.681965    1296 tpu_chip_config.cc:367] Resolved chip config alias megachip_tccontrol->megacore for 2093c6a02, 
2026-08-28T09:48:49.683306501Z I0828 09:48:49.683235    1296 xla_compilation_cache.cc:113] XLA compilation cache fetch for computation 'jit_concatenate' (key 8786f4b7466968ec) took 282.270929ms: PERSISTENT_FETCH
2026-08-28T09:48:49.960279995Z I0828 09:48:49.960195    1295 tpu_chip_config.cc:367] Resolved chip config alias megachip_tccontrol->megacore for 2093c6a02, 
2026-08-28T09:48:49.961934320Z I0828 09:48:49.961890    1295 tpu_chip_config.cc:367] Resolved chip config alias megachip_tccontrol->megacore for 2093c6a02, 
2026-08-28T09:48:49.963003868Z I0828 09:48:49.962956    1295 xla_compilation_cache.cc:113] XLA compilation cache fetch for computation 'jit_take_along_axis' (key 3ebe01232863c30a) took 296.62675ms: PERSISTENT_FETCH
2026-08-28T09:48:52.167290499Z I0828 09:48:52.167125    1869 server_lib.cc:1855] Attempting to load component jit_stack.5598368294899625644 @ 0 at worker after 1.616892ms (proto size 3155)
2026-08-28T09:48:52.520652276Z I0828 09:48:52.520567    1869 server_lib.cc:1855] Attempting to load component jit_swapaxes.15988940423104945415 @ 0 at worker after 787.13us (proto size 2421)
2026-08-28T09:48:52.535124843Z I0828 09:48:52.535021    1295 tpu_chip_config.cc:367] Resolved chip config alias megachip_tccontrol->megacore for 2093c6a02, 
2026-08-28T09:48:52.536830734Z I0828 09:48:52.536772    1295 tpu_chip_config.cc:367] Resolved chip config alias megachip_tccontrol->megacore for 2093c6a02, 
2026-08-28T09:48:52.538719173Z I0828 09:48:52.538660    1295 xla_compilation_cache.cc:113] XLA compilation cache fetch for computation 'jit_stack' (key 8428a621a5cb379) took 371.5485ms: PERSISTENT_FETCH
2026-08-28T09:48:52.745966476Z I0828 09:48:52.745874    1869 server_lib.cc:1855] Attempting to load component jit_reshape.5598368294899623379 @ 0 at worker after 1.359098ms (proto size 2416)
2026-08-28T09:48:52.763330495Z I0828 09:48:52.763244    1296 tpu_chip_config.cc:367] Resolved chip config alias megachip_tccontrol->megacore for 2093c6a02, 
2026-08-28T09:48:52.765048492Z I0828 09:48:52.764985    1296 tpu_chip_config.cc:367] Resolved chip config alias megachip_tccontrol->megacore for 2093c6a02, 
2026-08-28T09:48:52.765897685Z I0828 09:48:52.765833    1296 xla_compilation_cache.cc:113] XLA compilation cache fetch for computation 'jit_swapaxes' (key a1e18c865e950b7d) took 245.271702ms: PERSISTENT_FETCH
2026-08-28T09:48:52.967558445Z I0828 09:48:52.967441    1869 server_lib.cc:1855] Attempting to load component jit_convert_element_type.15988940423104944946 @ 0 at worker after 783.596us (proto size 2441)
2026-08-28T09:48:52.987505042Z I0828 09:48:52.987415    1295 tpu_chip_config.cc:367] Resolved chip config alias megachip_tccontrol->megacore for 2093c6a02, 
2026-08-28T09:48:52.989167537Z I0828 09:48:52.989109    1295 tpu_chip_config.cc:367] Resolved chip config alias megachip_tccontrol->megacore for 2093c6a02, 
2026-08-28T09:48:52.990002460Z I0828 09:48:52.989947    1295 xla_compilation_cache.cc:113] XLA compilation cache fetch for computation 'jit_reshape' (key f832a1c7cc398f65) took 244.081419ms: PERSISTENT_FETCH
2026-08-28T09:48:53.193978537Z I0828 09:48:53.193890    1296 tpu_chip_config.cc:367] Resolved chip config alias megachip_tccontrol->megacore for 2093c6a02, 
2026-08-28T09:48:53.195669823Z I0828 09:48:53.195591    1296 tpu_chip_config.cc:367] Resolved chip config alias megachip_tccontrol->megacore for 2093c6a02, 
2026-08-28T09:48:53.196509893Z I0828 09:48:53.196447    1296 xla_compilation_cache.cc:113] XLA compilation cache fetch for computation 'jit_convert_element_type' (key 9029c4266e5b3b24) took 229.013824ms: PERSISTENT_FETCH
2026-08-28T09:48:53.388447286Z I0828 09:48:53.388368    2819 server_lib.cc:1855] Attempting to load component jit_subtract.15988940423104945686 @ 0 at worker after 880.3us (proto size 2442)
2026-08-28T09:48:53.617535129Z I0828 09:48:53.617426    1296 tpu_chip_config.cc:367] Resolved chip config alias megachip_tccontrol->megacore for 2093c6a02, 
2026-08-28T09:48:53.619131678Z I0828 09:48:53.619064    1296 tpu_chip_config.cc:367] Resolved chip config alias megachip_tccontrol->megacore for 2093c6a02, 
2026-08-28T09:48:53.619933191Z I0828 09:48:53.619865    1296 xla_compilation_cache.cc:113] XLA compilation cache fetch for computation 'jit_subtract' (key 48a79db89077f304) took 231.507242ms: PERSISTENT_FETCH
2026-08-28T09:48:53.853070970Z I0828 09:48:53.852990    1866 server_lib.cc:1855] Attempting to load component jit_negative.5598368294899625531 @ 0 at worker after 950.064us (proto size 2416)
2026-08-28T09:48:54.067474872Z I0828 09:48:54.067412    1866 server_lib.cc:1855] Attempting to load component jit_multiply.15988940423104944748 @ 0 at worker after 852.807us (proto size 2468)
2026-08-28T09:48:54.087091084Z I0828 09:48:54.086972    1296 tpu_chip_config.cc:367] Resolved chip config alias megachip_tccontrol->megacore for 2093c6a02, 
2026-08-28T09:48:54.088580224Z I0828 09:48:54.088510    1296 tpu_chip_config.cc:367] Resolved chip config alias megachip_tccontrol->megacore for 2093c6a02, 
2026-08-28T09:48:54.089384618Z I0828 09:48:54.089308    1296 xla_compilation_cache.cc:113] XLA compilation cache fetch for computation 'jit_negative' (key bed20c5c9751245f) took 236.327871ms: PERSISTENT_FETCH
2026-08-28T09:48:54.302055154Z I0828 09:48:54.301960    1866 server_lib.cc:1855] Attempting to load component jit__reduce_sum.5598368294899623266 @ 0 at worker after 743.378us (proto size 2408)
2026-08-28T09:48:54.302555751Z I0828 09:48:54.302512    1295 tpu_chip_config.cc:367] Resolved chip config alias megachip_tccontrol->megacore for 2093c6a02, 
2026-08-28T09:48:54.304274570Z I0828 09:48:54.304220    1295 tpu_chip_config.cc:367] Resolved chip config alias megachip_tccontrol->megacore for 2093c6a02, 
2026-08-28T09:48:54.305128315Z I0828 09:48:54.305075    1295 xla_compilation_cache.cc:113] XLA compilation cache fetch for computation 'jit_multiply' (key 7fdfa743282370b1) took 237.668497ms: PERSISTENT_FETCH
2026-08-28T09:48:54.553131277Z I0828 09:48:54.553060    2955 server_lib.cc:1855] Attempting to load component jit_clip.15988940423104944279 @ 0 at worker after 1.37403ms (proto size 2482)
2026-08-28T09:48:54.554633220Z I0828 09:48:54.554549    1296 tpu_chip_config.cc:367] Resolved chip config alias megachip_tccontrol->megacore for 2093c6a02, 
2026-08-28T09:48:54.556215246Z I0828 09:48:54.556140    1296 tpu_chip_config.cc:367] Resolved chip config alias megachip_tccontrol->megacore for 2093c6a02, 
2026-08-28T09:48:54.557090863Z I0828 09:48:54.557016    1296 xla_compilation_cache.cc:113] XLA compilation cache fetch for computation 'jit__reduce_sum' (key 5e6da6efca03ab3b) took 255.062407ms: PERSISTENT_FETCH
2026-08-28T09:48:54.793854416Z I0828 09:48:54.793775     734 server_lib.cc:1855] Attempting to load component jit__reduce_sum.5598368294899623587 @ 0 at worker after 875.239us (proto size 2418)
2026-08-28T09:48:54.801962154Z I0828 09:48:54.801910    1295 tpu_chip_config.cc:367] Resolved chip config alias megachip_tccontrol->megacore for 2093c6a02, 
2026-08-28T09:48:54.803573684Z I0828 09:48:54.803521    1295 tpu_chip_config.cc:367] Resolved chip config alias megachip_tccontrol->megacore for 2093c6a02, 
2026-08-28T09:48:54.804492164Z I0828 09:48:54.804436    1295 xla_compilation_cache.cc:113] XLA compilation cache fetch for computation 'jit_clip' (key 23e328b896f2a193) took 251.382374ms: PERSISTENT_FETCH
2026-08-28T09:48:55.032265092Z I0828 09:48:55.032209    1296 tpu_chip_config.cc:367] Resolved chip config alias megachip_tccontrol->megacore for 2093c6a02, 
2026-08-28T09:48:55.033857929Z I0828 09:48:55.033797    1296 tpu_chip_config.cc:367] Resolved chip config alias megachip_tccontrol->megacore for 2093c6a02, 
2026-08-28T09:48:55.034715122Z I0828 09:48:55.034664    1296 xla_compilation_cache.cc:113] XLA compilation cache fetch for computation 'jit__reduce_sum' (key bf82337d1fc2a392) took 240.896886ms: PERSISTENT_FETCH
2026-08-28T09:48:55.266982920Z I0828 09:48:55.266860     739 server_lib.cc:1855] Attempting to load component jit_true_divide.15988940423104943341 @ 0 at worker after 1.026902ms (proto size 2457)
2026-08-28T09:48:55.487119568Z I0828 09:48:55.487045    1866 server_lib.cc:1855] Attempting to load component jit_subtract.5598368294899623153 @ 0 at worker after 838.802us (proto size 2441)
2026-08-28T09:48:55.498971735Z I0828 09:48:55.498885    1296 tpu_chip_config.cc:367] Resolved chip config alias megachip_tccontrol->megacore for 2093c6a02, 
2026-08-28T09:48:55.500647641Z I0828 09:48:55.500587    1296 tpu_chip_config.cc:367] Resolved chip config alias megachip_tccontrol->megacore for 2093c6a02, 
2026-08-28T09:48:55.501505230Z I0828 09:48:55.501425    1296 xla_compilation_cache.cc:113] XLA compilation cache fetch for computation 'jit_true_divide' (key bcd016b09189073b) took 234.575362ms: PERSISTENT_FETCH
2026-08-28T09:48:55.692561865Z I0828 09:48:55.692482    1869 server_lib.cc:1855] Attempting to load component jit_broadcast_in_dim.15988940423104942872 @ 0 at worker after 846.437us (proto size 2428)
2026-08-28T09:48:55.716197395Z I0828 09:48:55.716125    1295 tpu_chip_config.cc:367] Resolved chip config alias megachip_tccontrol->megacore for 2093c6a02, 
2026-08-28T09:48:55.717782100Z I0828 09:48:55.717726    1295 tpu_chip_config.cc:367] Resolved chip config alias megachip_tccontrol->megacore for 2093c6a02, 
2026-08-28T09:48:55.718581278Z I0828 09:48:55.718528    1295 xla_compilation_cache.cc:113] XLA compilation cache fetch for computation 'jit_subtract' (key 1ed3ef5a49c45b74) took 231.48909ms: PERSISTENT_FETCH
2026-08-28T09:48:55.927555685Z I0828 09:48:55.927484    2819 server_lib.cc:1855] Attempting to load component jit_add.5598368294899624984 @ 0 at worker after 862.436us (proto size 2430)
2026-08-28T09:48:55.940239005Z I0828 09:48:55.940146    1296 tpu_chip_config.cc:367] Resolved chip config alias megachip_tccontrol->megacore for 2093c6a02, 
2026-08-28T09:48:55.941806076Z I0828 09:48:55.941724    1296 tpu_chip_config.cc:367] Resolved chip config alias megachip_tccontrol->megacore for 2093c6a02, 
2026-08-28T09:48:55.942610684Z I0828 09:48:55.942549    1296 xla_compilation_cache.cc:113] XLA compilation cache fetch for computation 'jit_broadcast_in_dim' (key fdf99b4baecb1df6) took 250.074292ms: PERSISTENT_FETCH
2026-08-28T09:48:56.172865447Z I0828 09:48:56.172793    1866 server_lib.cc:1855] Attempting to load component jit_clip.15988940423104942403 @ 0 at worker after 897.368us (proto size 2445)
2026-08-28T09:48:56.184550137Z I0828 09:48:56.184497    1295 tpu_chip_config.cc:367] Resolved chip config alias megachip_tccontrol->megacore for 2093c6a02, 
2026-08-28T09:48:56.186097317Z I0828 09:48:56.186044    1295 tpu_chip_config.cc:367] Resolved chip config alias megachip_tccontrol->megacore for 2093c6a02, 
2026-08-28T09:48:56.186894181Z I0828 09:48:56.186842    1295 xla_compilation_cache.cc:113] XLA compilation cache fetch for computation 'jit_add' (key b180390b42237c42) took 259.364817ms: PERSISTENT_FETCH
2026-08-28T09:48:56.409061116Z I0828 09:48:56.408956    1869 server_lib.cc:1855] Attempting to load component jit_exp.5598368294899621964 @ 0 at worker after 1.29197ms (proto size 2405)
2026-08-28T09:48:56.412314766Z I0828 09:48:56.412233    1296 tpu_chip_config.cc:367] Resolved chip config alias megachip_tccontrol->megacore for 2093c6a02, 
2026-08-28T09:48:56.413867023Z I0828 09:48:56.413799    1296 tpu_chip_config.cc:367] Resolved chip config alias megachip_tccontrol->megacore for 2093c6a02, 
2026-08-28T09:48:56.414790196Z I0828 09:48:56.414720    1296 xla_compilation_cache.cc:113] XLA compilation cache fetch for computation 'jit_clip' (key af6d878a307a75f9) took 241.935845ms: PERSISTENT_FETCH
2026-08-28T09:48:56.651886137Z I0828 09:48:56.651810    1295 tpu_chip_config.cc:367] Resolved chip config alias megachip_tccontrol->megacore for 2093c6a02, 
2026-08-28T09:48:56.653502969Z I0828 09:48:56.653454    1295 tpu_chip_config.cc:367] Resolved chip config alias megachip_tccontrol->megacore for 2093c6a02, 
2026-08-28T09:48:56.654318008Z I0828 09:48:56.654264    1295 xla_compilation_cache.cc:113] XLA compilation cache fetch for computation 'jit_exp' (key 3d439b67ea163a9) took 245.315084ms: PERSISTENT_FETCH
2026-08-28T09:48:57.057204779Z I0828 09:48:57.057137    1866 server_lib.cc:1855] Attempting to load component jit_multiply.15988940423104945561 @ 0 at worker after 950.535us (proto size 2441)
2026-08-28T09:48:57.260365692Z I0828 09:48:57.260307    1295 tpu_chip_config.cc:367] Resolved chip config alias megachip_tccontrol->megacore for 2093c6a02, 
2026-08-28T09:48:57.261859645Z I0828 09:48:57.261807    1295 tpu_chip_config.cc:367] Resolved chip config alias megachip_tccontrol->megacore for 2093c6a02, 
2026-08-28T09:48:57.262659579Z I0828 09:48:57.262609    1295 xla_compilation_cache.cc:113] XLA compilation cache fetch for computation 'jit_multiply' (key fc4d2fab9725af8e) took 205.480695ms: PERSISTENT_FETCH
2026-08-28T09:48:57.533567151Z I0828 09:48:57.533452    1869 server_lib.cc:1855] Attempting to load component jit_clip.15988940423104945092 @ 0 at worker after 909.102us (proto size 2482)
2026-08-28T09:48:57.788286963Z I0828 09:48:57.788211    1295 tpu_chip_config.cc:367] Resolved chip config alias megachip_tccontrol->megacore for 2093c6a02, 
2026-08-28T09:48:57.788393106Z I0828 09:48:57.788307    1869 server_lib.cc:1855] Attempting to load component jit_maximum.5598368294899625947 @ 0 at worker after 852.546us (proto size 2490)
2026-08-28T09:48:57.789755686Z I0828 09:48:57.789682    1295 tpu_chip_config.cc:367] Resolved chip config alias megachip_tccontrol->megacore for 2093c6a02, 
2026-08-28T09:48:57.790610207Z I0828 09:48:57.790556    1295 xla_compilation_cache.cc:113] XLA compilation cache fetch for computation 'jit_clip' (key e1bbdc25b0e45d2b) took 257.113083ms: PERSISTENT_FETCH
2026-08-28T09:48:58.056432076Z I0828 09:48:58.056367    2955 server_lib.cc:1855] Attempting to load component jit_greater.15988940423104944623 @ 0 at worker after 736.371us (proto size 2440)
2026-08-28T09:48:58.069743710Z I0828 09:48:58.069656    1296 tpu_chip_config.cc:367] Resolved chip config alias megachip_tccontrol->megacore for 2093c6a02, 
2026-08-28T09:48:58.071414175Z I0828 09:48:58.071349    1296 tpu_chip_config.cc:367] Resolved chip config alias megachip_tccontrol->megacore for 2093c6a02, 
2026-08-28T09:48:58.072379877Z I0828 09:48:58.072316    1296 xla_compilation_cache.cc:113] XLA compilation cache fetch for computation 'jit_maximum' (key 20ba3831ab99cb1e) took 284.01504ms: PERSISTENT_FETCH
2026-08-28T09:48:58.283850762Z I0828 09:48:58.283773     734 server_lib.cc:1855] Attempting to load component jit_convert_element_type.5598368294899623682 @ 0 at worker after 866.869us (proto size 2440)
2026-08-28T09:48:58.301233372Z I0828 09:48:58.301183    1295 tpu_chip_config.cc:367] Resolved chip config alias megachip_tccontrol->megacore for 2093c6a02, 
2026-08-28T09:48:58.302760471Z I0828 09:48:58.302708    1295 tpu_chip_config.cc:367] Resolved chip config alias megachip_tccontrol->megacore for 2093c6a02, 
2026-08-28T09:48:58.303520664Z I0828 09:48:58.303472    1295 xla_compilation_cache.cc:113] XLA compilation cache fetch for computation 'jit_greater' (key fcfa006d15426f67) took 247.11328ms: PERSISTENT_FETCH
2026-08-28T09:48:58.473063107Z I0828 09:48:58.472931    1869 server_lib.cc:1855] Attempting to load component jit_multiply.15988940423104944154 @ 0 at worker after 722.791us (proto size 2442)
2026-08-28T09:48:58.488692877Z I0828 09:48:58.488620    1296 tpu_chip_config.cc:367] Resolved chip config alias megachip_tccontrol->megacore for 2093c6a02, 
2026-08-28T09:48:58.490280280Z I0828 09:48:58.490219    1296 tpu_chip_config.cc:367] Resolved chip config alias megachip_tccontrol->megacore for 2093c6a02, 
2026-08-28T09:48:58.491102035Z I0828 09:48:58.491022    1296 xla_compilation_cache.cc:113] XLA compilation cache fetch for computation 'jit_convert_element_type' (key 9858f12e618f42f9) took 207.257244ms: PERSISTENT_FETCH
2026-08-28T09:48:58.685811646Z I0828 09:48:58.685738    1295 tpu_chip_config.cc:367] Resolved chip config alias megachip_tccontrol->megacore for 2093c6a02, 
2026-08-28T09:48:58.687379464Z I0828 09:48:58.687329    1295 tpu_chip_config.cc:367] Resolved chip config alias megachip_tccontrol->megacore for 2093c6a02, 
2026-08-28T09:48:58.688181969Z I0828 09:48:58.688129    1295 xla_compilation_cache.cc:113] XLA compilation cache fetch for computation 'jit_multiply' (key 56a2f6c0d1c7dce7) took 215.207007ms: PERSISTENT_FETCH
2026-08-28T09:48:58.866222071Z I0828 09:48:58.866128     734 server_lib.cc:1855] Attempting to load component jit_bitwise_and.5598368294899623248 @ 0 at worker after 939.807us (proto size 2446)
2026-08-28T09:48:59.101166440Z I0828 09:48:59.101098    1295 tpu_chip_config.cc:367] Resolved chip config alias megachip_tccontrol->megacore for 2093c6a02, 
2026-08-28T09:48:59.102696805Z I0828 09:48:59.102638    1295 tpu_chip_config.cc:367] Resolved chip config alias megachip_tccontrol->megacore for 2093c6a02, 
2026-08-28T09:48:59.103494623Z I0828 09:48:59.103447    1295 xla_compilation_cache.cc:113] XLA compilation cache fetch for computation 'jit_bitwise_and' (key 4425591f7e345e31) took 237.327981ms: PERSISTENT_FETCH
2026-08-28T09:48:59.371641946Z I0828 09:48:59.371569     734 server_lib.cc:1855] Attempting to load component jit__reduce_sum.5598368294899625079 @ 0 at worker after 850.047us (proto size 2418)
2026-08-28T09:48:59.606804837Z I0828 09:48:59.606732    1295 tpu_chip_config.cc:367] Resolved chip config alias megachip_tccontrol->megacore for 2093c6a02, 
2026-08-28T09:48:59.608272571Z I0828 09:48:59.608219    1295 tpu_chip_config.cc:367] Resolved chip config alias megachip_tccontrol->megacore for 2093c6a02, 
2026-08-28T09:48:59.609047964Z I0828 09:48:59.608994    1295 xla_compilation_cache.cc:113] XLA compilation cache fetch for computation 'jit__reduce_sum' (key 467c86885ac30774) took 237.434069ms: PERSISTENT_FETCH
2026-08-28T09:48:59.797418854Z I0828 09:48:59.797292     739 server_lib.cc:1855] Attempting to load component jit_true_divide.5598368294899622059 @ 0 at worker after 916.335us (proto size 2435)
2026-08-28T09:49:00.048619933Z I0828 09:49:00.048541    1295 tpu_chip_config.cc:367] Resolved chip config alias megachip_tccontrol->megacore for 2093c6a02, 
2026-08-28T09:49:00.050111935Z I0828 09:49:00.050050    1295 tpu_chip_config.cc:367] Resolved chip config alias megachip_tccontrol->megacore for 2093c6a02, 
2026-08-28T09:49:00.050843914Z I0828 09:49:00.050795    1295 xla_compilation_cache.cc:113] XLA compilation cache fetch for computation 'jit_true_divide' (key 6c010c44a494a4f8) took 253.513302ms: PERSISTENT_FETCH
2026-08-28T09:49:00.298724018Z I0828 09:49:00.298626     739 server_lib.cc:1855] Attempting to load component jit__reduce_sum.5598368294899623890 @ 0 at worker after 803.342us (proto size 2404)
2026-08-28T09:49:00.501872740Z I0828 09:49:00.501790     734 server_lib.cc:1855] Attempting to load component jit_minimum.15988940423104943018 @ 0 at worker after 778.398us (proto size 2491)
2026-08-28T09:49:00.503736324Z I0828 09:49:00.503673    1295 tpu_chip_config.cc:367] Resolved chip config alias megachip_tccontrol->megacore for 2093c6a02, 
2026-08-28T09:49:00.505162890Z I0828 09:49:00.505108    1295 tpu_chip_config.cc:367] Resolved chip config alias megachip_tccontrol->megacore for 2093c6a02, 
2026-08-28T09:49:00.505921675Z I0828 09:49:00.505868    1295 xla_compilation_cache.cc:113] XLA compilation cache fetch for computation 'jit__reduce_sum' (key e26f4f410089f389) took 207.250778ms: PERSISTENT_FETCH
2026-08-28T09:49:00.726061303Z I0828 09:49:00.725961     739 server_lib.cc:1855] Attempting to load component jit__where.5598368294899624966 @ 0 at worker after 851.995us (proto size 2485)
2026-08-28T09:49:00.738504801Z I0828 09:49:00.738435    1296 tpu_chip_config.cc:367] Resolved chip config alias megachip_tccontrol->megacore for 2093c6a02, 
2026-08-28T09:49:00.740282337Z I0828 09:49:00.740219    1296 tpu_chip_config.cc:367] Resolved chip config alias megachip_tccontrol->megacore for 2093c6a02, 
2026-08-28T09:49:00.741307810Z I0828 09:49:00.741247    1296 xla_compilation_cache.cc:113] XLA compilation cache fetch for computation 'jit_minimum' (key 6b4bcdb9d9819f09) took 239.46606ms: PERSISTENT_FETCH
2026-08-28T09:49:00.960696250Z I0828 09:49:00.960609    1295 tpu_chip_config.cc:367] Resolved chip config alias megachip_tccontrol->megacore for 2093c6a02, 
2026-08-28T09:49:00.962324854Z I0828 09:49:00.962267    1295 tpu_chip_config.cc:367] Resolved chip config alias megachip_tccontrol->megacore for 2093c6a02, 
2026-08-28T09:49:00.963211124Z I0828 09:49:00.963159    1295 xla_compilation_cache.cc:113] XLA compilation cache fetch for computation 'jit__where' (key 4067a05c24b94a) took 237.207545ms: PERSISTENT_FETCH
2026-08-28T09:49:00.965547585Z I0828 09:49:00.965480    1866 server_lib.cc:1855] Attempting to load component jit_true_divide.15988940423104943758 @ 0 at worker after 796.208us (proto size 2457)
2026-08-28T09:49:01.200647382Z I0828 09:49:01.200576    1866 server_lib.cc:1855] Attempting to load component jit__reduce_sum.5598368294899622701 @ 0 at worker after 796.66us (proto size 2404)
2026-08-28T09:49:01.209187863Z I0828 09:49:01.209131    1295 tpu_chip_config.cc:367] Resolved chip config alias megachip_tccontrol->megacore for 2093c6a02, 
2026-08-28T09:49:01.210713069Z I0828 09:49:01.210644    1295 tpu_chip_config.cc:367] Resolved chip config alias megachip_tccontrol->megacore for 2093c6a02, 
2026-08-28T09:49:01.211502291Z I0828 09:49:01.211448    1295 xla_compilation_cache.cc:113] XLA compilation cache fetch for computation 'jit_true_divide' (key af7d453c68d913e2) took 245.97533ms: PERSISTENT_FETCH
2026-08-28T09:49:01.425499753Z I0828 09:49:01.425374     739 server_lib.cc:1855] Attempting to load component jit_convert_element_type.15988940423104943289 @ 0 at worker after 914.449us (proto size 2413)
2026-08-28T09:49:01.439708142Z I0828 09:49:01.439632    1296 tpu_chip_config.cc:367] Resolved chip config alias megachip_tccontrol->megacore for 2093c6a02, 
2026-08-28T09:49:01.441520939Z I0828 09:49:01.441417    1296 tpu_chip_config.cc:367] Resolved chip config alias megachip_tccontrol->megacore for 2093c6a02, 
2026-08-28T09:49:01.442431083Z I0828 09:49:01.442368    1296 xla_compilation_cache.cc:113] XLA compilation cache fetch for computation 'jit__reduce_sum' (key a01abe6d6260bdc0) took 241.799075ms: PERSISTENT_FETCH
2026-08-28T09:49:01.656399558Z I0828 09:49:01.656325    1295 tpu_chip_config.cc:367] Resolved chip config alias megachip_tccontrol->megacore for 2093c6a02, 
2026-08-28T09:49:01.657917450Z I0828 09:49:01.657863    1295 tpu_chip_config.cc:367] Resolved chip config alias megachip_tccontrol->megacore for 2093c6a02, 
2026-08-28T09:49:01.658664235Z I0828 09:49:01.658611    1295 xla_compilation_cache.cc:113] XLA compilation cache fetch for computation 'jit_convert_element_type' (key 67c9710f4d007cdf) took 233.248036ms: PERSISTENT_FETCH
2026-08-28T09:49:01.662787758Z I0828 09:49:01.662730    2819 server_lib.cc:1855] Attempting to load component jit__mean.5598368294899623022 @ 0 at worker after 778.259us (proto size 2392)
2026-08-28T09:49:01.922999501Z I0828 09:49:01.922928    1295 tpu_chip_config.cc:367] Resolved chip config alias megachip_tccontrol->megacore for 2093c6a02, 
2026-08-28T09:49:01.924477216Z I0828 09:49:01.924421    1295 tpu_chip_config.cc:367] Resolved chip config alias megachip_tccontrol->megacore for 2093c6a02, 
2026-08-28T09:49:01.925253044Z I0828 09:49:01.925205    1295 xla_compilation_cache.cc:113] XLA compilation cache fetch for computation 'jit__mean' (key 8fbbe7f73858282f) took 262.482577ms: PERSISTENT_FETCH
2026-08-28T09:49:02.126114200Z I0828 09:49:02.126042    2955 server_lib.cc:1855] Attempting to load component jit_masked_mean.5598368294899625929 @ 0 at worker after 867.028us (proto size 2469)
2026-08-28T09:49:02.375547724Z I0828 09:49:02.375483    1295 tpu_chip_config.cc:367] Resolved chip config alias megachip_tccontrol->megacore for 2093c6a02, 
2026-08-28T09:49:02.377004761Z I0828 09:49:02.376952    1295 tpu_chip_config.cc:367] Resolved chip config alias megachip_tccontrol->megacore for 2093c6a02, 
2026-08-28T09:49:02.377871254Z I0828 09:49:02.377813    1295 xla_compilation_cache.cc:113] XLA compilation cache fetch for computation 'jit_masked_mean' (key e54310776ecaed0) took 251.796145ms: PERSISTENT_FETCH
2026-08-28T09:49:02.594796706Z I0828 09:49:02.594728     734 server_lib.cc:1855] Attempting to load component jit__where.5598368294899622909 @ 0 at worker after 926.065us (proto size 2474)
2026-08-28T09:49:02.814998550Z I0828 09:49:02.814932    1295 tpu_chip_config.cc:367] Resolved chip config alias megachip_tccontrol->megacore for 2093c6a02, 
2026-08-28T09:49:02.816468026Z I0828 09:49:02.816415    1295 tpu_chip_config.cc:367] Resolved chip config alias megachip_tccontrol->megacore for 2093c6a02, 
2026-08-28T09:49:02.817286243Z I0828 09:49:02.817234    1295 xla_compilation_cache.cc:113] XLA compilation cache fetch for computation 'jit__where' (key 9b98bd8f269dc37c) took 222.513571ms: PERSISTENT_FETCH
2026-08-28T09:49:02.818293397Z I0828 09:49:02.818191    1869 server_lib.cc:1855] Attempting to load component jit__reduce_max.15988940423104943091 @ 0 at worker after 938.958us (proto size 2445)
2026-08-28T09:49:03.054667934Z I0828 09:49:03.054602    1295 tpu_chip_config.cc:367] Resolved chip config alias megachip_tccontrol->megacore for 2093c6a02, 
2026-08-28T09:49:03.056143341Z I0828 09:49:03.056084    1295 tpu_chip_config.cc:367] Resolved chip config alias megachip_tccontrol->megacore for 2093c6a02, 
2026-08-28T09:49:03.056988932Z I0828 09:49:03.056937    1295 xla_compilation_cache.cc:113] XLA compilation cache fetch for computation 'jit__reduce_max' (key 580ea8c1d8a6d62d) took 238.75555ms: PERSISTENT_FETCH
2026-08-28T09:49:03.057088628Z I0828 09:49:03.056993    1869 server_lib.cc:1855] Attempting to load component jit__reduce_min.5598368294899623230 @ 0 at worker after 841.766us (proto size 2444)
2026-08-28T09:49:03.291180032Z I0828 09:49:03.291089     734 server_lib.cc:1855] Attempting to load component jit_abs.15988940423104942622 @ 0 at worker after 863.144us (proto size 2432)
2026-08-28T09:49:03.305065755Z I0828 09:49:03.304978    1296 tpu_chip_config.cc:367] Resolved chip config alias megachip_tccontrol->megacore for 2093c6a02, 
2026-08-28T09:49:03.306710066Z I0828 09:49:03.306653    1296 tpu_chip_config.cc:367] Resolved chip config alias megachip_tccontrol->megacore for 2093c6a02, 
2026-08-28T09:49:03.307737123Z I0828 09:49:03.307676    1296 xla_compilation_cache.cc:113] XLA compilation cache fetch for computation 'jit__reduce_min' (key 6383e1f9741ecbc0) took 250.718468ms: PERSISTENT_FETCH
2026-08-28T09:49:03.501663409Z I0828 09:49:03.501567    1295 tpu_chip_config.cc:367] Resolved chip config alias megachip_tccontrol->megacore for 2093c6a02, 
2026-08-28T09:49:03.503163406Z I0828 09:49:03.503095    1295 tpu_chip_config.cc:367] Resolved chip config alias megachip_tccontrol->megacore for 2093c6a02, 
2026-08-28T09:49:03.503944056Z I0828 09:49:03.503887    1295 xla_compilation_cache.cc:113] XLA compilation cache fetch for computation 'jit_abs' (key e7a1541ed2e03f84) took 212.805855ms: PERSISTENT_FETCH
2026-08-28T09:49:06.023969711Z I0828 09:49:06.023848    2819 server_lib.cc:1855] Attempting to load component jit_broadcast_in_dim.15988940423104944915 @ 0 at worker after 830.883us (proto size 2415)
2026-08-28T09:49:06.247284811Z I0828 09:49:06.247207    2819 server_lib.cc:1855] Attempting to load component jit_div.5598368294899623325 @ 0 at worker after 808.244us (proto size 2419)
2026-08-28T09:49:06.271560542Z I0828 09:49:06.271494    1295 tpu_chip_config.cc:367] Resolved chip config alias megachip_tccontrol->megacore for 2093c6a02, 
2026-08-28T09:49:06.273228825Z I0828 09:49:06.273173    1295 tpu_chip_config.cc:367] Resolved chip config alias megachip_tccontrol->megacore for 2093c6a02, 
2026-08-28T09:49:06.274062088Z I0828 09:49:06.274007    1295 xla_compilation_cache.cc:113] XLA compilation cache fetch for computation 'jit_broadcast_in_dim' (key 915a3c865f22631e) took 250.168013ms: PERSISTENT_FETCH
2026-08-28T09:49:06.476728088Z I0828 09:49:06.476657     734 server_lib.cc:1855] Attempting to load component jit_broadcast_in_dim.15988940423104944446 @ 0 at worker after 742.685us (proto size 2429)
2026-08-28T09:49:06.489447833Z I0828 09:49:06.489325    1296 tpu_chip_config.cc:367] Resolved chip config alias megachip_tccontrol->megacore for 2093c6a02, 
2026-08-28T09:49:06.491217062Z I0828 09:49:06.491095    1296 tpu_chip_config.cc:367] Resolved chip config alias megachip_tccontrol->megacore for 2093c6a02, 
2026-08-28T09:49:06.492279392Z I0828 09:49:06.492208    1296 xla_compilation_cache.cc:113] XLA compilation cache fetch for computation 'jit_div' (key 65a6afbb31ee3cd7) took 245.005354ms: PERSISTENT_FETCH
2026-08-28T09:49:06.692983283Z I0828 09:49:06.692898     734 server_lib.cc:1855] Attempting to load component jit_mul.5598368294899625156 @ 0 at worker after 844.234us (proto size 2431)
2026-08-28T09:49:06.707614350Z I0828 09:49:06.707540    1295 tpu_chip_config.cc:367] Resolved chip config alias megachip_tccontrol->megacore for 2093c6a02, 
2026-08-28T09:49:06.709182083Z I0828 09:49:06.709124    1295 tpu_chip_config.cc:367] Resolved chip config alias megachip_tccontrol->megacore for 2093c6a02, 
2026-08-28T09:49:06.709958912Z I0828 09:49:06.709895    1295 xla_compilation_cache.cc:113] XLA compilation cache fetch for computation 'jit_broadcast_in_dim' (key 397bb6dc0e9dcc90) took 233.245248ms: PERSISTENT_FETCH
2026-08-28T09:49:06.923647173Z I0828 09:49:06.923572    2819 server_lib.cc:1855] Attempting to load component jit__where.15988940423104943977 @ 0 at worker after 816.373us (proto size 2464)
2026-08-28T09:49:06.935094756Z I0828 09:49:06.935006    1296 tpu_chip_config.cc:367] Resolved chip config alias megachip_tccontrol->megacore for 2093c6a02, 
2026-08-28T09:49:06.936718748Z I0828 09:49:06.936595    1296 tpu_chip_config.cc:367] Resolved chip config alias megachip_tccontrol->megacore for 2093c6a02, 
2026-08-28T09:49:06.937640251Z I0828 09:49:06.937557    1296 xla_compilation_cache.cc:113] XLA compilation cache fetch for computation 'jit_mul' (key f4f3802c25177a67) took 244.66685ms: PERSISTENT_FETCH
2026-08-28T09:49:07.148351283Z I0828 09:49:07.148270    1869 server_lib.cc:1855] Attempting to load component jit_add.5598368294899622891 @ 0 at worker after 857.592us (proto size 2431)
2026-08-28T09:49:07.162597892Z I0828 09:49:07.162513    1295 tpu_chip_config.cc:367] Resolved chip config alias megachip_tccontrol->megacore for 2093c6a02, 
2026-08-28T09:49:07.164094319Z I0828 09:49:07.164019    1295 tpu_chip_config.cc:367] Resolved chip config alias megachip_tccontrol->megacore for 2093c6a02, 
2026-08-28T09:49:07.164903000Z I0828 09:49:07.164845    1295 xla_compilation_cache.cc:113] XLA compilation cache fetch for computation 'jit__where' (key 7f56ff652afe96d7) took 241.278142ms: PERSISTENT_FETCH
2026-08-28T09:49:07.390606242Z I0828 09:49:07.390523    1866 server_lib.cc:1855] Attempting to load component jit_mul.15988940423104943508 @ 0 at worker after 838.835us (proto size 2431)
2026-08-28T09:49:07.402223745Z I0828 09:49:07.402152    1296 tpu_chip_config.cc:367] Resolved chip config alias megachip_tccontrol->megacore for 2093c6a02, 
2026-08-28T09:49:07.403892229Z I0828 09:49:07.403794    1296 tpu_chip_config.cc:367] Resolved chip config alias megachip_tccontrol->megacore for 2093c6a02, 
2026-08-28T09:49:07.404956970Z I0828 09:49:07.404900    1296 xla_compilation_cache.cc:113] XLA compilation cache fetch for computation 'jit_add' (key 5a35754ce5b26cb2) took 256.638227ms: PERSISTENT_FETCH
2026-08-28T09:49:07.634130177Z I0828 09:49:07.634055     742 server_lib.cc:1855] Attempting to load component jit_clip.5598368294899624722 @ 0 at worker after 812.844us (proto size 2459)
2026-08-28T09:49:07.640775399Z I0828 09:49:07.640675    1295 tpu_chip_config.cc:367] Resolved chip config alias megachip_tccontrol->megacore for 2093c6a02, 
2026-08-28T09:49:07.642251465Z I0828 09:49:07.642181    1295 tpu_chip_config.cc:367] Resolved chip config alias megachip_tccontrol->megacore for 2093c6a02, 
2026-08-28T09:49:07.643022180Z I0828 09:49:07.642960    1295 xla_compilation_cache.cc:113] XLA compilation cache fetch for computation 'jit_mul' (key 7f01b13a9f5debdc) took 252.443825ms: PERSISTENT_FETCH
2026-08-28T09:49:07.862157659Z I0828 09:49:07.862052     742 server_lib.cc:1855] Attempting to load component jit_clip.15988940423104943039 @ 0 at worker after 774.024us (proto size 2433)
2026-08-28T09:49:07.866258461Z I0828 09:49:07.866188    1296 tpu_chip_config.cc:367] Resolved chip config alias megachip_tccontrol->megacore for 2093c6a02, 
2026-08-28T09:49:07.867874389Z I0828 09:49:07.867816    1296 tpu_chip_config.cc:367] Resolved chip config alias megachip_tccontrol->megacore for 2093c6a02, 
2026-08-28T09:49:07.868828959Z I0828 09:49:07.868767    1296 xla_compilation_cache.cc:113] XLA compilation cache fetch for computation 'jit_clip' (key 5fe9764764ac37e6) took 234.722688ms: PERSISTENT_FETCH
2026-08-28T09:49:08.076638331Z I0828 09:49:08.076550    1295 tpu_chip_config.cc:367] Resolved chip config alias megachip_tccontrol->megacore for 2093c6a02, 
2026-08-28T09:49:08.078162545Z I0828 09:49:08.078095    1295 tpu_chip_config.cc:367] Resolved chip config alias megachip_tccontrol->megacore for 2093c6a02, 
2026-08-28T09:49:08.078906908Z I0828 09:49:08.078848    1295 xla_compilation_cache.cc:113] XLA compilation cache fetch for computation 'jit_clip' (key 211bedc93f50924) took 216.805379ms: PERSISTENT_FETCH
2026-08-28T09:49:08.279089115Z I0828 09:49:08.278958    1869 server_lib.cc:1855] Attempting to load component jit_reshape.5598368294899625043 @ 0 at worker after 980.483us (proto size 2416)
2026-08-28T09:49:08.488859431Z I0828 09:49:08.488800    1869 server_lib.cc:1855] Attempting to load component jit_swapaxes.15988940423104943310 @ 0 at worker after 756.755us (proto size 2421)
2026-08-28T09:49:08.500621135Z I0828 09:49:08.500532    1295 tpu_chip_config.cc:367] Resolved chip config alias megachip_tccontrol->megacore for 2093c6a02, 
2026-08-28T09:49:08.502054893Z I0828 09:49:08.501976    1295 tpu_chip_config.cc:367] Resolved chip config alias megachip_tccontrol->megacore for 2093c6a02, 
2026-08-28T09:49:08.502780594Z I0828 09:49:08.502722    1295 xla_compilation_cache.cc:113] XLA compilation cache fetch for computation 'jit_reshape' (key f20f1c4228371a48) took 223.771913ms: PERSISTENT_FETCH
2026-08-28T09:49:08.714819532Z I0828 09:49:08.714742    1296 tpu_chip_config.cc:367] Resolved chip config alias megachip_tccontrol->megacore for 2093c6a02, 
2026-08-28T09:49:08.716464187Z I0828 09:49:08.716408    1296 tpu_chip_config.cc:367] Resolved chip config alias megachip_tccontrol->megacore for 2093c6a02, 
2026-08-28T09:49:08.717400812Z I0828 09:49:08.717347    1296 xla_compilation_cache.cc:113] XLA compilation cache fetch for computation 'jit_swapaxes' (key 589f9603006d93d4) took 228.55205ms: PERSISTENT_FETCH
2026-08-28T09:49:09.190001965Z I0828 09:49:09.189893     734 server_lib.cc:1855] Attempting to load component jit_subtract.5598368294899623854 @ 0 at worker after 911.595us (proto size 2441)
2026-08-28T09:49:09.406967032Z I0828 09:49:09.406894    2955 server_lib.cc:1855] Attempting to load component jit_negative.15988940423104942372 @ 0 at worker after 781.145us (proto size 2417)
2026-08-28T09:49:09.417939888Z I0828 09:49:09.417839    1296 tpu_chip_config.cc:367] Resolved chip config alias megachip_tccontrol->megacore for 2093c6a02, 
2026-08-28T09:49:09.419586321Z I0828 09:49:09.419500    1296 tpu_chip_config.cc:367] Resolved chip config alias megachip_tccontrol->megacore for 2093c6a02, 
2026-08-28T09:49:09.420508518Z I0828 09:49:09.420436    1296 xla_compilation_cache.cc:113] XLA compilation cache fetch for computation 'jit_subtract' (key 504ebbfddc0356d5) took 230.551833ms: PERSISTENT_FETCH
2026-08-28T09:49:09.589279887Z I0828 09:49:09.589193    2955 server_lib.cc:1855] Attempting to load component jit_clip.5598368294899625685 @ 0 at worker after 860.888us (proto size 2430)
2026-08-28T09:49:09.593739888Z I0828 09:49:09.593663    1295 tpu_chip_config.cc:367] Resolved chip config alias megachip_tccontrol->megacore for 2093c6a02, 
2026-08-28T09:49:09.595302229Z I0828 09:49:09.595237    1295 tpu_chip_config.cc:367] Resolved chip config alias megachip_tccontrol->megacore for 2093c6a02, 
2026-08-28T09:49:09.596085410Z I0828 09:49:09.595998    1295 xla_compilation_cache.cc:113] XLA compilation cache fetch for computation 'jit_negative' (key 402ec2ec6e627c79) took 189.117636ms: PERSISTENT_FETCH
2026-08-28T09:49:09.801338375Z I0828 09:49:09.801256     734 server_lib.cc:1855] Attempting to load component jit_true_divide.5598368294899621910 @ 0 at worker after 774.708us (proto size 2435)
2026-08-28T09:49:09.806221330Z I0828 09:49:09.806150    1296 tpu_chip_config.cc:367] Resolved chip config alias megachip_tccontrol->megacore for 2093c6a02, 
2026-08-28T09:49:09.807814701Z I0828 09:49:09.807745    1296 tpu_chip_config.cc:367] Resolved chip config alias megachip_tccontrol->megacore for 2093c6a02, 
2026-08-28T09:49:09.808750723Z I0828 09:49:09.808677    1296 xla_compilation_cache.cc:113] XLA compilation cache fetch for computation 'jit_clip' (key c8f7619b66b920c1) took 219.49098ms: PERSISTENT_FETCH
2026-08-28T09:49:10.022005397Z I0828 09:49:10.021920    1869 server_lib.cc:1855] Attempting to load component jit_subtract.15988940423104943112 @ 0 at worker after 814.712us (proto size 2442)
2026-08-28T09:49:10.031241889Z I0828 09:49:10.031134    1295 tpu_chip_config.cc:367] Resolved chip config alias megachip_tccontrol->megacore for 2093c6a02, 
2026-08-28T09:49:10.032750371Z I0828 09:49:10.032686    1295 tpu_chip_config.cc:367] Resolved chip config alias megachip_tccontrol->megacore for 2093c6a02, 
2026-08-28T09:49:10.033538822Z I0828 09:49:10.033471    1295 xla_compilation_cache.cc:113] XLA compilation cache fetch for computation 'jit_true_divide' (key 399129ac904f6178) took 232.222266ms: PERSISTENT_FETCH
2026-08-28T09:49:10.203310887Z I0828 09:49:10.203238     734 server_lib.cc:1855] Attempting to load component jit_add.5598368294899623741 @ 0 at worker after 717.807us (proto size 2430)
2026-08-28T09:49:10.219689894Z I0828 09:49:10.219605    1296 tpu_chip_config.cc:367] Resolved chip config alias megachip_tccontrol->megacore for 2093c6a02, 
2026-08-28T09:49:10.221202138Z I0828 09:49:10.221143    1296 tpu_chip_config.cc:367] Resolved chip config alias megachip_tccontrol->megacore for 2093c6a02, 
2026-08-28T09:49:10.222016027Z I0828 09:49:10.221962    1296 xla_compilation_cache.cc:113] XLA compilation cache fetch for computation 'jit_subtract' (key 4f9f314165cc6ed4) took 200.050541ms: PERSISTENT_FETCH
2026-08-28T09:49:10.428073201Z I0828 09:49:10.428006    1869 server_lib.cc:1855] Attempting to load component jit_clip.15988940423104942643 @ 0 at worker after 859.79us (proto size 2420)
2026-08-28T09:49:10.441284861Z I0828 09:49:10.441186    1295 tpu_chip_config.cc:367] Resolved chip config alias megachip_tccontrol->megacore for 2093c6a02, 
2026-08-28T09:49:10.442752834Z I0828 09:49:10.442692    1295 tpu_chip_config.cc:367] Resolved chip config alias megachip_tccontrol->megacore for 2093c6a02, 
2026-08-28T09:49:10.443544978Z I0828 09:49:10.443483    1295 xla_compilation_cache.cc:113] XLA compilation cache fetch for computation 'jit_add' (key 17ada02d51ae433f) took 240.252425ms: PERSISTENT_FETCH
2026-08-28T09:49:10.638752935Z I0828 09:49:10.638677    1866 server_lib.cc:1855] Attempting to load component jit_multiply.15988940423104942174 @ 0 at worker after 767.348us (proto size 2441)
2026-08-28T09:49:10.639433626Z I0828 09:49:10.639368    1296 tpu_chip_config.cc:367] Resolved chip config alias megachip_tccontrol->megacore for 2093c6a02, 
2026-08-28T09:49:10.640978010Z I0828 09:49:10.640914    1296 tpu_chip_config.cc:367] Resolved chip config alias megachip_tccontrol->megacore for 2093c6a02, 
2026-08-28T09:49:10.641812473Z I0828 09:49:10.641751    1296 xla_compilation_cache.cc:113] XLA compilation cache fetch for computation 'jit_clip' (key d6014ae046dd580d) took 213.755027ms: PERSISTENT_FETCH
2026-08-28T09:49:10.858382341Z I0828 09:49:10.858314     742 server_lib.cc:1855] Attempting to load component jit_clip.5598368294899623307 @ 0 at worker after 802.38us (proto size 2430)
2026-08-28T09:49:10.859959122Z I0828 09:49:10.859861    1295 tpu_chip_config.cc:367] Resolved chip config alias megachip_tccontrol->megacore for 2093c6a02, 
2026-08-28T09:49:10.861500333Z I0828 09:49:10.861430    1295 tpu_chip_config.cc:367] Resolved chip config alias megachip_tccontrol->megacore for 2093c6a02, 
2026-08-28T09:49:10.862276868Z I0828 09:49:10.862218    1295 xla_compilation_cache.cc:113] XLA compilation cache fetch for computation 'jit_multiply' (key 15ce43228c2090ff) took 223.547921ms: PERSISTENT_FETCH
2026-08-28T09:49:11.068422461Z I0828 09:49:11.068342     742 server_lib.cc:1855] Attempting to load component jit_maximum.15988940423104944123 @ 0 at worker after 846.701us (proto size 2440)
2026-08-28T09:49:11.074353699Z I0828 09:49:11.074297    1296 tpu_chip_config.cc:367] Resolved chip config alias megachip_tccontrol->megacore for 2093c6a02, 
2026-08-28T09:49:11.075880903Z I0828 09:49:11.075824    1296 tpu_chip_config.cc:367] Resolved chip config alias megachip_tccontrol->megacore for 2093c6a02, 
2026-08-28T09:49:11.076717898Z I0828 09:49:11.076659    1296 xla_compilation_cache.cc:113] XLA compilation cache fetch for computation 'jit_clip' (key ef0e02618c251389) took 218.353171ms: PERSISTENT_FETCH
2026-08-28T09:49:11.274168440Z I0828 09:49:11.274096     739 server_lib.cc:1855] Attempting to load component jit_greater.5598368294899625138 @ 0 at worker after 885.596us (proto size 2439)
2026-08-28T09:49:11.291878541Z I0828 09:49:11.291761    1295 tpu_chip_config.cc:367] Resolved chip config alias megachip_tccontrol->megacore for 2093c6a02, 
2026-08-28T09:49:11.293399749Z I0828 09:49:11.293324    1295 tpu_chip_config.cc:367] Resolved chip config alias megachip_tccontrol->megacore for 2093c6a02, 
2026-08-28T09:49:11.294174225Z I0828 09:49:11.294099    1295 xla_compilation_cache.cc:113] XLA compilation cache fetch for computation 'jit_maximum' (key c94b5ba5877ec491) took 225.765412ms: PERSISTENT_FETCH
2026-08-28T09:49:11.500766524Z I0828 09:49:11.500697    1296 tpu_chip_config.cc:367] Resolved chip config alias megachip_tccontrol->megacore for 2093c6a02, 
2026-08-28T09:49:11.502286532Z I0828 09:49:11.502224    1296 tpu_chip_config.cc:367] Resolved chip config alias megachip_tccontrol->megacore for 2093c6a02, 
2026-08-28T09:49:11.503094847Z I0828 09:49:11.503040    1296 xla_compilation_cache.cc:113] XLA compilation cache fetch for computation 'jit_greater' (key 6131758d1172bb37) took 228.950882ms: PERSISTENT_FETCH
2026-08-28T09:49:11.518435452Z I0828 09:49:11.518351    1866 server_lib.cc:1855] Attempting to load component jit_minimum.15988940423104943185 @ 0 at worker after 770.33us (proto size 2440)
2026-08-28T09:49:11.738401574Z I0828 09:49:11.738297    1869 server_lib.cc:1855] Attempting to load component jit__where.5598368294899622118 @ 0 at worker after 787.926us (proto size 2462)
2026-08-28T09:49:11.752170866Z I0828 09:49:11.752112    1296 tpu_chip_config.cc:367] Resolved chip config alias megachip_tccontrol->megacore for 2093c6a02, 
2026-08-28T09:49:11.753705282Z I0828 09:49:11.753636    1296 tpu_chip_config.cc:367] Resolved chip config alias megachip_tccontrol->megacore for 2093c6a02, 
2026-08-28T09:49:11.754491504Z I0828 09:49:11.754425    1296 xla_compilation_cache.cc:113] XLA compilation cache fetch for computation 'jit_minimum' (key 107a6c9f360d0dec) took 236.082074ms: PERSISTENT_FETCH
2026-08-28T09:49:11.981784089Z I0828 09:49:11.981689    1295 tpu_chip_config.cc:367] Resolved chip config alias megachip_tccontrol->megacore for 2093c6a02, 
2026-08-28T09:49:11.983289956Z I0828 09:49:11.983234    1295 tpu_chip_config.cc:367] Resolved chip config alias megachip_tccontrol->megacore for 2093c6a02, 
2026-08-28T09:49:11.984100906Z I0828 09:49:11.984049    1295 xla_compilation_cache.cc:113] XLA compilation cache fetch for computation 'jit__where' (key c61df59b81f52216) took 245.75996ms: PERSISTENT_FETCH
2026-08-28T09:49:12.007076806Z I0828 09:49:12.007008    1866 server_lib.cc:1855] Attempting to load component jit__mean.15988940423104942247 @ 0 at worker after 813.405us (proto size 2393)
2026-08-28T09:49:12.222668377Z I0828 09:49:12.222590    1866 server_lib.cc:1855] Attempting to load component jit_masked_mean.5598368294899625025 @ 0 at worker after 705.393us (proto size 2433)
2026-08-28T09:49:12.234586861Z I0828 09:49:12.234525    1295 tpu_chip_config.cc:367] Resolved chip config alias megachip_tccontrol->megacore for 2093c6a02, 
2026-08-28T09:49:12.236014520Z I0828 09:49:12.235963    1295 tpu_chip_config.cc:367] Resolved chip config alias megachip_tccontrol->megacore for 2093c6a02, 
2026-08-28T09:49:12.236826228Z I0828 09:49:12.236776    1295 xla_compilation_cache.cc:113] XLA compilation cache fetch for computation 'jit__mean' (key 1419977e0838b4a7) took 229.775319ms: PERSISTENT_FETCH
2026-08-28T09:49:12.452009662Z I0828 09:49:12.451929    1296 tpu_chip_config.cc:367] Resolved chip config alias megachip_tccontrol->megacore for 2093c6a02, 
2026-08-28T09:49:12.453540551Z I0828 09:49:12.453483    1296 tpu_chip_config.cc:367] Resolved chip config alias megachip_tccontrol->megacore for 2093c6a02, 
2026-08-28T09:49:12.454471440Z I0828 09:49:12.454418    1296 xla_compilation_cache.cc:113] XLA compilation cache fetch for computation 'jit_masked_mean' (key 1685e480408d35f4) took 231.836274ms: PERSISTENT_FETCH
2026-08-28T09:49:12.491182953Z I0828 09:49:12.491110    1869 server_lib.cc:1855] Attempting to load component jit__reduce_min.15988940423104943727 @ 0 at worker after 795.988us (proto size 2409)
2026-08-28T09:49:12.769474114Z I0828 09:49:12.769391    1296 tpu_chip_config.cc:367] Resolved chip config alias megachip_tccontrol->megacore for 2093c6a02, 
2026-08-28T09:49:12.771071930Z I0828 09:49:12.770944    1296 tpu_chip_config.cc:367] Resolved chip config alias megachip_tccontrol->megacore for 2093c6a02, 
2026-08-28T09:49:12.771833400Z I0828 09:49:12.771771    1296 xla_compilation_cache.cc:113] XLA compilation cache fetch for computation 'jit__reduce_min' (key 44c4274d72871eac) took 280.667556ms: PERSISTENT_FETCH
2026-08-28T09:49:14.162856021Z I0828 09:49:14.162742    2819 server_lib.cc:1855] Attempting to load component jit_gather.5598368294899624989 @ 0 at worker after 794.003us (proto size 2433)
2026-08-28T09:49:14.389609725Z I0828 09:49:14.389550    2816 server_lib.cc:1855] Attempting to load component jit_broadcast_in_dim.15988940423104943102 @ 0 at worker after 835.075us (proto size 2431)
2026-08-28T09:49:14.398749351Z I0828 09:49:14.398658    1296 tpu_chip_config.cc:367] Resolved chip config alias megachip_tccontrol->megacore for 2093c6a02, 
2026-08-28T09:49:14.400423053Z I0828 09:49:14.400356    1296 tpu_chip_config.cc:367] Resolved chip config alias megachip_tccontrol->megacore for 2093c6a02, 
2026-08-28T09:49:14.401298509Z I0828 09:49:14.401238    1296 xla_compilation_cache.cc:113] XLA compilation cache fetch for computation 'jit_gather' (key b8fff38bbba203bf) took 238.505822ms: PERSISTENT_FETCH
2026-08-28T09:49:14.629807164Z I0828 09:49:14.629721    1295 tpu_chip_config.cc:367] Resolved chip config alias megachip_tccontrol->megacore for 2093c6a02, 
2026-08-28T09:49:14.631468857Z I0828 09:49:14.631413    1295 tpu_chip_config.cc:367] Resolved chip config alias megachip_tccontrol->megacore for 2093c6a02, 
2026-08-28T09:49:14.632251774Z I0828 09:49:14.632194    1295 xla_compilation_cache.cc:113] XLA compilation cache fetch for computation 'jit_broadcast_in_dim' (key dbcb2fb1f325c90a) took 242.652254ms: PERSISTENT_FETCH
2026-08-28T09:49:15.402568442Z I0828 09:49:15.402471    1866 server_lib.cc:1855] Attempting to load component jit__where.5598368294899622290 @ 0 at worker after 1.02039ms (proto size 2445)
2026-08-28T09:49:15.634489113Z I0828 09:49:15.634408    1295 tpu_chip_config.cc:367] Resolved chip config alias megachip_tccontrol->megacore for 2093c6a02, 
2026-08-28T09:49:15.636052062Z I0828 09:49:15.636002    1295 tpu_chip_config.cc:367] Resolved chip config alias megachip_tccontrol->megacore for 2093c6a02, 
2026-08-28T09:49:15.636914743Z I0828 09:49:15.636831    1295 xla_compilation_cache.cc:113] XLA compilation cache fetch for computation 'jit__where' (key f0bf38a1c4f2682b) took 234.369568ms: PERSISTENT_FETCH
2026-08-28T09:49:16.825444563Z I0828 09:49:16.825349    1869 server_lib.cc:1855] Attempting to load component jit__squeeze.15988940423104945864 @ 0 at worker after 942.39us (proto size 2415)
2026-08-28T09:49:17.061046015Z I0828 09:49:17.060966    1869 server_lib.cc:1855] Attempting to load component jit_scatter-add.5598368294899624763 @ 0 at worker after 894.314us (proto size 2472)
2026-08-28T09:49:17.071673871Z I0828 09:49:17.071561    1295 tpu_chip_config.cc:367] Resolved chip config alias megachip_tccontrol->megacore for 2093c6a02, 
2026-08-28T09:49:17.073311866Z I0828 09:49:17.073243    1295 tpu_chip_config.cc:367] Resolved chip config alias megachip_tccontrol->megacore for 2093c6a02, 
2026-08-28T09:49:17.074147223Z I0828 09:49:17.074063    1295 xla_compilation_cache.cc:113] XLA compilation cache fetch for computation 'jit__squeeze' (key 4f664adf22a5a34d) took 248.726862ms: PERSISTENT_FETCH
2026-08-28T09:49:17.628639109Z I0828 09:49:17.628578    1296 tpu_chip_config.cc:367] Resolved chip config alias megachip_tccontrol->megacore for 2093c6a02, 
2026-08-28T09:49:17.630753780Z I0828 09:49:17.630704    1296 tpu_chip_config.cc:367] Resolved chip config alias megachip_tccontrol->megacore for 2093c6a02, 
2026-08-28T09:49:17.632269587Z I0828 09:49:17.632220    1296 xla_compilation_cache.cc:113] XLA compilation cache fetch for computation 'jit_scatter-add' (key 20bb0b6e9e33abc7) took 571.259899ms: PERSISTENT_FETCH
2026-08-28T09:49:19.857711557Z W0828 09:49:19.857610    1434 tpu_pjrt_client.cc:2349] PjRt execution dispatch was blocked for 3.132279ms because PjRt's max in-flight computation semaphore is full (limit: 32), which may negatively affect the performance
2026-08-28T09:49:19.873440952Z I0828 09:49:19.873324     742 server_lib.cc:1855] Attempting to load component jit_gather.5598368294899622575 @ 0 at worker after 776.67us (proto size 2430)
2026-08-28T09:49:20.083531733Z I0828 09:49:20.083448    2816 server_lib.cc:1855] Attempting to load component jit_broadcast_in_dim.15988940423104943050 @ 0 at worker after 721.904us (proto size 2431)
2026-08-28T09:49:20.087437736Z I0828 09:49:20.087356    1296 tpu_chip_config.cc:367] Resolved chip config alias megachip_tccontrol->megacore for 2093c6a02, 
2026-08-28T09:49:20.089347274Z I0828 09:49:20.089262    1296 tpu_chip_config.cc:367] Resolved chip config alias megachip_tccontrol->megacore for 2093c6a02, 
2026-08-28T09:49:20.090267374Z I0828 09:49:20.090208    1296 xla_compilation_cache.cc:113] XLA compilation cache fetch for computation 'jit_gather' (key 8d0a3f7c5a817808) took 216.895217ms: PERSISTENT_FETCH
2026-08-28T09:49:20.343564309Z I0828 09:49:20.343469    1869 server_lib.cc:1855] Attempting to load component jit_reshape.5598368294899624406 @ 0 at worker after 828.957us (proto size 2409)
2026-08-28T09:49:20.355002941Z I0828 09:49:20.354899    1295 tpu_chip_config.cc:367] Resolved chip config alias megachip_tccontrol->megacore for 2093c6a02, 
2026-08-28T09:49:20.356704007Z I0828 09:49:20.356634    1295 tpu_chip_config.cc:367] Resolved chip config alias megachip_tccontrol->megacore for 2093c6a02, 
2026-08-28T09:49:20.357494686Z I0828 09:49:20.357426    1295 xla_compilation_cache.cc:113] XLA compilation cache fetch for computation 'jit_broadcast_in_dim' (key 563f2761b9426d3d) took 273.987158ms: PERSISTENT_FETCH
2026-08-28T09:49:20.561895487Z I0828 09:49:20.561825    1296 tpu_chip_config.cc:367] Resolved chip config alias megachip_tccontrol->megacore for 2093c6a02, 
2026-08-28T09:49:20.563555589Z I0828 09:49:20.563496    1296 tpu_chip_config.cc:367] Resolved chip config alias megachip_tccontrol->megacore for 2093c6a02, 
2026-08-28T09:49:20.564385239Z I0828 09:49:20.564326    1296 xla_compilation_cache.cc:113] XLA compilation cache fetch for computation 'jit_reshape' (key f60d60317ec36df3) took 220.864608ms: PERSISTENT_FETCH
2026-08-28T09:49:21.070728357Z I0828 09:49:21.070631    1866 server_lib.cc:1855] Attempting to load component jit_zt_tr_bwd_logprob.15988940423104942112 @ 0 at worker after 1.02935ms (proto size 2512)
2026-08-28T09:49:22.170575421Z I0828 09:49:22.170479    1296 tpu_chip_config.cc:367] Resolved chip config alias megachip_tccontrol->megacore for 2093c6a02, 
2026-08-28T09:49:22.172506808Z I0828 09:49:22.172440    1296 tpu_chip_config.cc:367] Resolved chip config alias megachip_tccontrol->megacore for 2093c6a02, 
2026-08-28T09:49:22.173774569Z I0828 09:49:22.173711    1296 xla_compilation_cache.cc:113] XLA compilation cache fetch for computation 'jit_zt_tr_bwd_logprob' (key 993e505f3d1a68e0) took 1.103089635s: PERSISTENT_FETCH
2026-08-28T09:49:22.425892622Z I0828 09:49:22.425819     739 server_lib.cc:1855] Attempting to load component jit_convert_element_type.15988940423104945739 @ 0 at worker after 840.826us (proto size 2443)
2026-08-28T09:49:22.661385464Z I0828 09:49:22.661322    1296 tpu_chip_config.cc:367] Resolved chip config alias megachip_tccontrol->megacore for 2093c6a02, 
2026-08-28T09:49:22.662950442Z I0828 09:49:22.662882    1296 tpu_chip_config.cc:367] Resolved chip config alias megachip_tccontrol->megacore for 2093c6a02, 
2026-08-28T09:49:22.663731926Z I0828 09:49:22.663676    1296 xla_compilation_cache.cc:113] XLA compilation cache fetch for computation 'jit_convert_element_type' (key a7cfcd7626a1f512) took 237.86644ms: PERSISTENT_FETCH
2026-08-28T09:49:27.590293405Z I0828 09:49:27.590163     739 server_lib.cc:1855] Attempting to load component jit_zt_tr_dp_parallel_bwd_head.5598368294899624293 @ 0 at worker after 1.09826ms (proto size 2534)
2026-08-28T09:49:30.008343264Z I0828 09:49:30.008196    1296 tpu_chip_config.cc:367] Resolved chip config alias megachip_tccontrol->megacore for 2093c6a02, 
2026-08-28T09:49:30.012187991Z I0828 09:49:30.012091    1296 tpu_chip_config.cc:367] Resolved chip config alias megachip_tccontrol->megacore for 2093c6a02, 
2026-08-28T09:49:30.016709524Z I0828 09:49:30.016596    1296 xla_compilation_cache.cc:113] XLA compilation cache fetch for computation 'jit_zt_tr_dp_parallel_bwd_head' (key 54cf6f78fc5b9acb) took 2.426445993s: PERSISTENT_FETCH
2026-08-28T09:49:30.190422101Z I0828 09:49:30.190336     742 server_lib.cc:1855] Attempting to load component jit_zt_tr_dp_parallel_bwd_norm.15988940423104945270 @ 0 at worker after 1.201205ms (proto size 2524)
2026-08-28T09:49:31.703377351Z I0828 09:49:31.703248    1296 tpu_chip_config.cc:367] Resolved chip config alias megachip_tccontrol->megacore for 2093c6a02, 
2026-08-28T09:49:31.705419244Z I0828 09:49:31.705330    1296 tpu_chip_config.cc:367] Resolved chip config alias megachip_tccontrol->megacore for 2093c6a02, 
2026-08-28T09:49:31.707736365Z I0828 09:49:31.707664    1296 xla_compilation_cache.cc:113] XLA compilation cache fetch for computation 'jit_zt_tr_dp_parallel_bwd_norm' (key 59b6a7bcfdb3083a) took 1.517339932s: PERSISTENT_FETCH
2026-08-28T09:49:34.493666892Z I0828 09:49:34.493573    1866 server_lib.cc:1855] Attempting to load component jit_zt_tr_dp_parallel_bwd_layer_35.5598368294899622028 @ 0 at worker after 1.40663ms (proto size 3270)
2026-08-28T09:49:43.925015174Z I0828 09:49:43.924887    1296 tpu_chip_config.cc:367] Resolved chip config alias megachip_tccontrol->megacore for 2093c6a02, 
2026-08-28T09:49:43.932555460Z I0828 09:49:43.932485    1296 tpu_chip_config.cc:367] Resolved chip config alias megachip_tccontrol->megacore for 2093c6a02, 
2026-08-28T09:49:43.957911458Z I0828 09:49:43.957833    1296 xla_compilation_cache.cc:113] XLA compilation cache fetch for computation 'jit_zt_tr_dp_parallel_bwd_layer_35' (key 153ae1c76d6ad9cb) took 9.464271501s: PERSISTENT_FETCH
2026-08-28T09:49:46.231061983Z I0828 09:49:46.230880    1866 server_lib.cc:1855] Attempting to load component jit_zt_tr_dp_parallel_bwd_layer_34.15988940423104944801 @ 0 at worker after 1.505728ms (proto size 3271)
2026-08-28T09:49:55.519060028Z I0828 09:49:55.518911    1296 tpu_chip_config.cc:367] Resolved chip config alias megachip_tccontrol->megacore for 2093c6a02, 
2026-08-28T09:49:55.526768917Z I0828 09:49:55.526688    1296 tpu_chip_config.cc:367] Resolved chip config alias megachip_tccontrol->megacore for 2093c6a02, 
2026-08-28T09:49:55.550035680Z I0828 09:49:55.549946    1296 xla_compilation_cache.cc:113] XLA compilation cache fetch for computation 'jit_zt_tr_dp_parallel_bwd_layer_34' (key e0574548c25485e4) took 9.319078916s: PERSISTENT_FETCH
2026-08-28T09:49:57.747618278Z I0828 09:49:57.747512    1866 server_lib.cc:1855] Attempting to load component jit_zt_tr_dp_parallel_bwd_layer_33.5598368294899623859 @ 0 at worker after 1.645652ms (proto size 3270)
2026-08-28T09:50:07.000010858Z I0828 09:50:06.999872    1296 tpu_chip_config.cc:367] Resolved chip config alias megachip_tccontrol->megacore for 2093c6a02, 
2026-08-28T09:50:07.007940781Z I0828 09:50:07.007869    1296 tpu_chip_config.cc:367] Resolved chip config alias megachip_tccontrol->megacore for 2093c6a02, 
2026-08-28T09:50:07.032703297Z I0828 09:50:07.032616    1296 xla_compilation_cache.cc:113] XLA compilation cache fetch for computation 'jit_zt_tr_dp_parallel_bwd_layer_33' (key 80f96180fb97273b) took 9.285116172s: PERSISTENT_FETCH
2026-08-28T09:50:09.221467687Z I0828 09:50:09.221320    1866 server_lib.cc:1855] Attempting to load component jit_zt_tr_dp_parallel_bwd_layer_32.15988940423104944332 @ 0 at worker after 1.605163ms (proto size 3271)
2026-08-28T09:50:18.409195319Z I0828 09:50:18.409082    1296 tpu_chip_config.cc:367] Resolved chip config alias megachip_tccontrol->megacore for 2093c6a02, 
2026-08-28T09:50:18.417022952Z I0828 09:50:18.416957    1296 tpu_chip_config.cc:367] Resolved chip config alias megachip_tccontrol->megacore for 2093c6a02, 
2026-08-28T09:50:18.440588929Z I0828 09:50:18.440523    1296 xla_compilation_cache.cc:113] XLA compilation cache fetch for computation 'jit_zt_tr_dp_parallel_bwd_layer_32' (key 1387b8210b0f481b) took 9.2192162s: PERSISTENT_FETCH
2026-08-28T09:50:20.593540146Z I0828 09:50:20.593417     739 server_lib.cc:1855] Attempting to load component jit_zt_tr_dp_parallel_bwd_layer_31.5598368294899625690 @ 0 at worker after 1.54728ms (proto size 3270)
2026-08-28T09:50:29.661279731Z I0828 09:50:29.661127    1296 tpu_chip_config.cc:367] Resolved chip config alias megachip_tccontrol->megacore for 2093c6a02, 
2026-08-28T09:50:29.668012464Z I0828 09:50:29.667918    1296 tpu_chip_config.cc:367] Resolved chip config alias megachip_tccontrol->megacore for 2093c6a02, 
2026-08-28T09:50:29.690995758Z I0828 09:50:29.690918    1296 xla_compilation_cache.cc:113] XLA compilation cache fetch for computation 'jit_zt_tr_dp_parallel_bwd_layer_31' (key c06d7621f2ed061e) took 9.097516784s: PERSISTENT_FETCH
2026-08-28T09:50:33.496355683Z I0828 09:50:33.496221     739 server_lib.cc:1855] Attempting to load component jit_zt_tr_dp_parallel_bwd_layer_30.15988940423104943863 @ 0 at worker after 1.6162ms (proto size 3271)
2026-08-28T09:50:42.529818176Z I0828 09:50:42.529702    1296 tpu_chip_config.cc:367] Resolved chip config alias megachip_tccontrol->megacore for 2093c6a02, 
2026-08-28T09:50:42.537261331Z I0828 09:50:42.537204    1296 tpu_chip_config.cc:367] Resolved chip config alias megachip_tccontrol->megacore for 2093c6a02, 
2026-08-28T09:50:42.559990269Z I0828 09:50:42.559869    1296 xla_compilation_cache.cc:113] XLA compilation cache fetch for computation 'jit_zt_tr_dp_parallel_bwd_layer_30' (key fe27b2dd8f5e03e9) took 9.063663102s: PERSISTENT_FETCH
2026-08-28T09:50:44.717839429Z I0828 09:50:44.717728     739 server_lib.cc:1855] Attempting to load component jit_zt_tr_dp_parallel_bwd_layer_29.5598368294899623425 @ 0 at worker after 1.571546ms (proto size 3270)
2026-08-28T09:50:54.030511894Z I0828 09:50:54.030356    1296 tpu_chip_config.cc:367] Resolved chip config alias megachip_tccontrol->megacore for 2093c6a02, 
2026-08-28T09:50:54.038197368Z I0828 09:50:54.038100    1296 tpu_chip_config.cc:367] Resolved chip config alias megachip_tccontrol->megacore for 2093c6a02, 
2026-08-28T09:50:54.060796190Z I0828 09:50:54.060716    1296 xla_compilation_cache.cc:113] XLA compilation cache fetch for computation 'jit_zt_tr_dp_parallel_bwd_layer_29' (key fbf979203a343d07) took 9.343000831s: PERSISTENT_FETCH
2026-08-28T09:50:56.233556909Z I0828 09:50:56.233441     739 server_lib.cc:1855] Attempting to load component jit_zt_tr_dp_parallel_bwd_layer_28.15988940423104943394 @ 0 at worker after 1.277156ms (proto size 3271)
2026-08-28T09:51:05.436186258Z I0828 09:51:05.436054    1296 tpu_chip_config.cc:367] Resolved chip config alias megachip_tccontrol->megacore for 2093c6a02, 
2026-08-28T09:51:05.444131972Z I0828 09:51:05.444064    1296 tpu_chip_config.cc:367] Resolved chip config alias megachip_tccontrol->megacore for 2093c6a02, 
2026-08-28T09:51:05.466853634Z I0828 09:51:05.466785    1296 xla_compilation_cache.cc:113] XLA compilation cache fetch for computation 'jit_zt_tr_dp_parallel_bwd_layer_28' (key 42b9d2bcb563f414) took 9.233355877s: PERSISTENT_FETCH
2026-08-28T09:51:07.649561330Z I0828 09:51:07.649409     739 server_lib.cc:1855] Attempting to load component jit_zt_tr_dp_parallel_bwd_layer_27.5598368294899625256 @ 0 at worker after 1.438338ms (proto size 3270)
2026-08-28T09:51:16.928145917Z I0828 09:51:16.927966    1296 tpu_chip_config.cc:367] Resolved chip config alias megachip_tccontrol->megacore for 2093c6a02, 
2026-08-28T09:51:16.936364450Z I0828 09:51:16.936297    1296 tpu_chip_config.cc:367] Resolved chip config alias megachip_tccontrol->megacore for 2093c6a02, 
2026-08-28T09:51:16.959132326Z I0828 09:51:16.959051    1296 xla_compilation_cache.cc:113] XLA compilation cache fetch for computation 'jit_zt_tr_dp_parallel_bwd_layer_27' (key fe9c3d8a06215ee0) took 9.30965343s: PERSISTENT_FETCH
2026-08-28T09:51:19.127735639Z I0828 09:51:19.127592     739 server_lib.cc:1855] Attempting to load component jit_zt_tr_dp_parallel_bwd_layer_26.15988940423104942925 @ 0 at worker after 1.539903ms (proto size 3271)
2026-08-28T09:51:28.027974146Z I0828 09:51:28.027848    1296 tpu_chip_config.cc:367] Resolved chip config alias megachip_tccontrol->megacore for 2093c6a02, 
2026-08-28T09:51:28.035687449Z I0828 09:51:28.035619    1296 tpu_chip_config.cc:367] Resolved chip config alias megachip_tccontrol->megacore for 2093c6a02, 
2026-08-28T09:51:28.059475338Z I0828 09:51:28.059404    1296 xla_compilation_cache.cc:113] XLA compilation cache fetch for computation 'jit_zt_tr_dp_parallel_bwd_layer_26' (key f74d6595a46edef5) took 8.93182295s: PERSISTENT_FETCH
2026-08-28T09:51:30.278561569Z I0828 09:51:30.278457     742 server_lib.cc:1855] Attempting to load component jit_zt_tr_dp_parallel_bwd_layer_25.5598368294899622991 @ 0 at worker after 1.796425ms (proto size 3270)
2026-08-28T09:51:39.231709806Z I0828 09:51:39.231561    1296 tpu_chip_config.cc:367] Resolved chip config alias megachip_tccontrol->megacore for 2093c6a02, 
2026-08-28T09:51:39.240055847Z I0828 09:51:39.239948    1296 tpu_chip_config.cc:367] Resolved chip config alias megachip_tccontrol->megacore for 2093c6a02, 
2026-08-28T09:51:39.262922627Z I0828 09:51:39.262835    1296 xla_compilation_cache.cc:113] XLA compilation cache fetch for computation 'jit_zt_tr_dp_parallel_bwd_layer_25' (key 5122d3bf823df5df) took 8.984391778s: PERSISTENT_FETCH
2026-08-28T09:51:41.484455006Z I0828 09:51:41.484325     739 server_lib.cc:1855] Attempting to load component jit_zt_tr_dp_parallel_bwd_layer_24.15988940423104942456 @ 0 at worker after 1.504389ms (proto size 3271)
2026-08-28T09:51:50.923314450Z I0828 09:51:50.923185    1296 tpu_chip_config.cc:367] Resolved chip config alias megachip_tccontrol->megacore for 2093c6a02, 
2026-08-28T09:51:50.931162379Z I0828 09:51:50.931091    1296 tpu_chip_config.cc:367] Resolved chip config alias megachip_tccontrol->megacore for 2093c6a02, 
2026-08-28T09:51:50.953616397Z I0828 09:51:50.953545    1296 xla_compilation_cache.cc:113] XLA compilation cache fetch for computation 'jit_zt_tr_dp_parallel_bwd_layer_24' (key b7021e1b3f3bf3b1) took 9.469231864s: PERSISTENT_FETCH
2026-08-28T09:51:53.171620773Z I0828 09:51:53.171499     739 server_lib.cc:1855] Attempting to load component jit_zt_tr_dp_parallel_bwd_layer_23.5598368294899624822 @ 0 at worker after 1.69413ms (proto size 3270)
2026-08-28T09:52:02.307690266Z I0828 09:52:02.307521    1296 tpu_chip_config.cc:367] Resolved chip config alias megachip_tccontrol->megacore for 2093c6a02, 
2026-08-28T09:52:02.315427436Z I0828 09:52:02.315327    1296 tpu_chip_config.cc:367] Resolved chip config alias megachip_tccontrol->megacore for 2093c6a02, 
2026-08-28T09:52:02.339330543Z I0828 09:52:02.339249    1296 xla_compilation_cache.cc:113] XLA compilation cache fetch for computation 'jit_zt_tr_dp_parallel_bwd_layer_23' (key 47ecb7429f0bc3ad) took 9.167763189s: PERSISTENT_FETCH
2026-08-28T09:52:04.507729696Z I0828 09:52:04.507596     739 server_lib.cc:1855] Attempting to load component jit_zt_tr_dp_parallel_bwd_layer_22.15988940423104946083 @ 0 at worker after 1.763653ms (proto size 3271)
2026-08-28T09:52:13.898300976Z I0828 09:52:13.898168    1296 tpu_chip_config.cc:367] Resolved chip config alias megachip_tccontrol->megacore for 2093c6a02, 
2026-08-28T09:52:13.905351313Z I0828 09:52:13.905281    1296 tpu_chip_config.cc:367] Resolved chip config alias megachip_tccontrol->megacore for 2093c6a02, 
2026-08-28T09:52:13.928556127Z I0828 09:52:13.928478    1296 xla_compilation_cache.cc:113] XLA compilation cache fetch for computation 'jit_zt_tr_dp_parallel_bwd_layer_22' (key 4de8ee761b78029c) took 9.420894499s: PERSISTENT_FETCH
2026-08-28T09:52:17.911713042Z I0828 09:52:17.911613    2816 server_lib.cc:1855] Attempting to load component jit_zt_tr_dp_parallel_bwd_layer_21.5598368294899622557 @ 0 at worker after 1.659352ms (proto size 3270)
2026-08-28T09:52:27.043399632Z I0828 09:52:27.043272    1296 tpu_chip_config.cc:367] Resolved chip config alias megachip_tccontrol->megacore for 2093c6a02, 
2026-08-28T09:52:27.050978226Z I0828 09:52:27.050907    1296 tpu_chip_config.cc:367] Resolved chip config alias megachip_tccontrol->megacore for 2093c6a02, 
2026-08-28T09:52:27.074561385Z I0828 09:52:27.074494    1296 xla_compilation_cache.cc:113] XLA compilation cache fetch for computation 'jit_zt_tr_dp_parallel_bwd_layer_21' (key 488584c72a2f7c6c) took 9.162892616s: PERSISTENT_FETCH
2026-08-28T09:52:29.269673429Z I0828 09:52:29.269519    2816 server_lib.cc:1855] Attempting to load component jit_zt_tr_dp_parallel_bwd_layer_20.15988940423104945614 @ 0 at worker after 1.631403ms (proto size 3271)
2026-08-28T09:52:38.281192439Z I0828 09:52:38.281047    1296 tpu_chip_config.cc:367] Resolved chip config alias megachip_tccontrol->megacore for 2093c6a02, 
2026-08-28T09:52:38.288308575Z I0828 09:52:38.288228    1296 tpu_chip_config.cc:367] Resolved chip config alias megachip_tccontrol->megacore for 2093c6a02, 
2026-08-28T09:52:38.311264316Z I0828 09:52:38.311175    1296 xla_compilation_cache.cc:113] XLA compilation cache fetch for computation 'jit_zt_tr_dp_parallel_bwd_layer_20' (key ef7424907c9a1fb2) took 9.041667816s: PERSISTENT_FETCH
2026-08-28T09:52:40.494833060Z I0828 09:52:40.494745    2816 server_lib.cc:1855] Attempting to load component jit_zt_tr_dp_parallel_bwd_layer_19.5598368294899624388 @ 0 at worker after 1.780497ms (proto size 3270)
2026-08-28T09:52:49.724792888Z I0828 09:52:49.724641    1296 tpu_chip_config.cc:367] Resolved chip config alias megachip_tccontrol->megacore for 2093c6a02, 
2026-08-28T09:52:49.732803663Z I0828 09:52:49.732693    1296 tpu_chip_config.cc:367] Resolved chip config alias megachip_tccontrol->megacore for 2093c6a02, 
2026-08-28T09:52:49.756171152Z I0828 09:52:49.756083    1296 xla_compilation_cache.cc:113] XLA compilation cache fetch for computation 'jit_zt_tr_dp_parallel_bwd_layer_19' (key 54d934adc87820b6) took 9.261349868s: PERSISTENT_FETCH
2026-08-28T09:52:51.960226940Z I0828 09:52:51.960134    2816 server_lib.cc:1855] Attempting to load component jit_zt_tr_dp_parallel_bwd_layer_18.15988940423104945145 @ 0 at worker after 1.5961ms (proto size 3271)
2026-08-28T09:53:00.998278398Z I0828 09:53:00.998155    1296 tpu_chip_config.cc:367] Resolved chip config alias megachip_tccontrol->megacore for 2093c6a02, 
2026-08-28T09:53:01.005707937Z I0828 09:53:01.005636    1296 tpu_chip_config.cc:367] Resolved chip config alias megachip_tccontrol->megacore for 2093c6a02, 
2026-08-28T09:53:01.029050647Z I0828 09:53:01.028950    1296 xla_compilation_cache.cc:113] XLA compilation cache fetch for computation 'jit_zt_tr_dp_parallel_bwd_layer_18' (key 90c42d667d2b6317) took 9.068828217s: PERSISTENT_FETCH
2026-08-28T09:53:03.215191456Z I0828 09:53:03.215076    2816 server_lib.cc:1855] Attempting to load component jit_zt_tr_dp_parallel_bwd_layer_17.5598368294899622123 @ 0 at worker after 1.333131ms (proto size 3269)
2026-08-28T09:53:12.461926112Z I0828 09:53:12.461712    1296 tpu_chip_config.cc:367] Resolved chip config alias megachip_tccontrol->megacore for 2093c6a02, 
2026-08-28T09:53:12.470259116Z I0828 09:53:12.470182    1296 tpu_chip_config.cc:367] Resolved chip config alias megachip_tccontrol->megacore for 2093c6a02, 
2026-08-28T09:53:12.493237116Z I0828 09:53:12.493151    1296 xla_compilation_cache.cc:113] XLA compilation cache fetch for computation 'jit_zt_tr_dp_parallel_bwd_layer_17' (key f9af03e472787ed) took 9.278087426s: PERSISTENT_FETCH
2026-08-28T09:53:14.691372339Z I0828 09:53:14.691241    2816 server_lib.cc:1855] Attempting to load component jit_zt_tr_dp_parallel_bwd_layer_16.15988940423104944676 @ 0 at worker after 1.584845ms (proto size 3271)
2026-08-28T09:53:23.843436856Z I0828 09:53:23.843297    1296 tpu_chip_config.cc:367] Resolved chip config alias megachip_tccontrol->megacore for 2093c6a02, 
2026-08-28T09:53:23.850457825Z I0828 09:53:23.850357    1296 tpu_chip_config.cc:367] Resolved chip config alias megachip_tccontrol->megacore for 2093c6a02, 
2026-08-28T09:53:23.873244608Z I0828 09:53:23.873154    1296 xla_compilation_cache.cc:113] XLA compilation cache fetch for computation 'jit_zt_tr_dp_parallel_bwd_layer_16' (key 269409cdc3815c8c) took 9.181924594s: PERSISTENT_FETCH
2026-08-28T09:53:26.058111014Z I0828 09:53:26.057936    2816 server_lib.cc:1855] Attempting to load component jit_zt_tr_dp_parallel_bwd_layer_15.5598368294899623954 @ 0 at worker after 1.517024ms (proto size 3270)
2026-08-28T09:53:34.999283682Z I0828 09:53:34.999157    1296 tpu_chip_config.cc:367] Resolved chip config alias megachip_tccontrol->megacore for 2093c6a02, 
2026-08-28T09:53:35.006739682Z I0828 09:53:35.006673    1296 tpu_chip_config.cc:367] Resolved chip config alias megachip_tccontrol->megacore for 2093c6a02, 
2026-08-28T09:53:35.029427632Z I0828 09:53:35.029311    1296 xla_compilation_cache.cc:113] XLA compilation cache fetch for computation 'jit_zt_tr_dp_parallel_bwd_layer_15' (key 7de5db8dbe04191b) took 8.971387009s: PERSISTENT_FETCH
2026-08-28T09:53:37.208449775Z I0828 09:53:37.208301    2816 server_lib.cc:1855] Attempting to load component jit_zt_tr_dp_parallel_bwd_layer_14.15988940423104944207 @ 0 at worker after 1.531886ms (proto size 3271)
2026-08-28T09:53:46.431642969Z I0828 09:53:46.431267    1296 tpu_chip_config.cc:367] Resolved chip config alias megachip_tccontrol->megacore for 2093c6a02, 
2026-08-28T09:53:46.438981793Z I0828 09:53:46.438909    1296 tpu_chip_config.cc:367] Resolved chip config alias megachip_tccontrol->megacore for 2093c6a02, 
2026-08-28T09:53:46.461394062Z I0828 09:53:46.461320    1296 xla_compilation_cache.cc:113] XLA compilation cache fetch for computation 'jit_zt_tr_dp_parallel_bwd_layer_14' (key 9ec77e7b0eb4be31) took 9.253031182s: PERSISTENT_FETCH
2026-08-28T09:53:48.608418800Z I0828 09:53:48.608293    2816 server_lib.cc:1855] Attempting to load component jit_zt_tr_dp_parallel_bwd_layer_13.5598368294899625785 @ 0 at worker after 1.50515ms (proto size 3270)
2026-08-28T09:53:57.885465275Z I0828 09:53:57.885337    1296 tpu_chip_config.cc:367] Resolved chip config alias megachip_tccontrol->megacore for 2093c6a02, 
2026-08-28T09:53:57.892345169Z I0828 09:53:57.892248    1296 tpu_chip_config.cc:367] Resolved chip config alias megachip_tccontrol->megacore for 2093c6a02, 
2026-08-28T09:53:57.915103757Z I0828 09:53:57.915021    1296 xla_compilation_cache.cc:113] XLA compilation cache fetch for computation 'jit_zt_tr_dp_parallel_bwd_layer_13' (key ff4310955f1bcf5e) took 9.306739452s: PERSISTENT_FETCH
2026-08-28T09:54:00.066557818Z I0828 09:54:00.066410    2816 server_lib.cc:1855] Attempting to load component jit_zt_tr_dp_parallel_bwd_layer_12.15988940423104943738 @ 0 at worker after 1.63263ms (proto size 3271)
2026-08-28T09:54:09.062116144Z I0828 09:54:09.061981    1296 tpu_chip_config.cc:367] Resolved chip config alias megachip_tccontrol->megacore for 2093c6a02, 
2026-08-28T09:54:09.069336033Z I0828 09:54:09.069227    1296 tpu_chip_config.cc:367] Resolved chip config alias megachip_tccontrol->megacore for 2093c6a02, 
2026-08-28T09:54:09.091742563Z I0828 09:54:09.091647    1296 xla_compilation_cache.cc:113] XLA compilation cache fetch for computation 'jit_zt_tr_dp_parallel_bwd_layer_12' (key 3ed76b684d0bf290) took 9.02524961s: PERSISTENT_FETCH
2026-08-28T09:54:13.214225770Z I0828 09:54:13.214054    2816 server_lib.cc:1855] Attempting to load component jit_zt_tr_dp_parallel_bwd_layer_11.5598368294899623520 @ 0 at worker after 1.423057ms (proto size 3270)
2026-08-28T09:54:22.541401376Z I0828 09:54:22.541207    1296 tpu_chip_config.cc:367] Resolved chip config alias megachip_tccontrol->megacore for 2093c6a02, 
2026-08-28T09:54:22.548599131Z I0828 09:54:22.548518    1296 tpu_chip_config.cc:367] Resolved chip config alias megachip_tccontrol->megacore for 2093c6a02, 
2026-08-28T09:54:22.571094628Z I0828 09:54:22.571011    1296 xla_compilation_cache.cc:113] XLA compilation cache fetch for computation 'jit_zt_tr_dp_parallel_bwd_layer_11' (key a7e44c473c98abc9) took 9.356991674s: PERSISTENT_FETCH
2026-08-28T09:54:24.747452628Z I0828 09:54:24.747343    2816 server_lib.cc:1855] Attempting to load component jit_zt_tr_dp_parallel_bwd_layer_10.15988940423104943269 @ 0 at worker after 1.551824ms (proto size 3271)
2026-08-28T09:54:33.819343106Z I0828 09:54:33.819213    1296 tpu_chip_config.cc:367] Resolved chip config alias megachip_tccontrol->megacore for 2093c6a02, 
2026-08-28T09:54:33.826339088Z I0828 09:54:33.826257    1296 tpu_chip_config.cc:367] Resolved chip config alias megachip_tccontrol->megacore for 2093c6a02, 
2026-08-28T09:54:33.849462701Z I0828 09:54:33.849387    1296 xla_compilation_cache.cc:113] XLA compilation cache fetch for computation 'jit_zt_tr_dp_parallel_bwd_layer_10' (key c19dd6f949e0db3d) took 9.102058312s: PERSISTENT_FETCH
2026-08-28T09:54:36.082444244Z I0828 09:54:36.082308    2816 server_lib.cc:1855] Attempting to load component jit_zt_tr_dp_parallel_bwd_layer_09.5598368294899625351 @ 0 at worker after 1.508685ms (proto size 3270)
2026-08-28T09:54:45.228648885Z I0828 09:54:45.228530    1296 tpu_chip_config.cc:367] Resolved chip config alias megachip_tccontrol->megacore for 2093c6a02, 
2026-08-28T09:54:45.235891184Z I0828 09:54:45.235822    1296 tpu_chip_config.cc:367] Resolved chip config alias megachip_tccontrol->megacore for 2093c6a02, 
2026-08-28T09:54:45.258465115Z I0828 09:54:45.258395    1296 xla_compilation_cache.cc:113] XLA compilation cache fetch for computation 'jit_zt_tr_dp_parallel_bwd_layer_09' (key 95cd568ef5f744a9) took 9.17609978s: PERSISTENT_FETCH
2026-08-28T09:54:47.446528509Z I0828 09:54:47.446388    2816 server_lib.cc:1855] Attempting to load component jit_zt_tr_dp_parallel_bwd_layer_08.15988940423104942800 @ 0 at worker after 1.466441ms (proto size 3271)
2026-08-28T09:54:56.293710267Z I0828 09:54:56.293547    1296 tpu_chip_config.cc:367] Resolved chip config alias megachip_tccontrol->megacore for 2093c6a02, 
2026-08-28T09:54:56.300883723Z I0828 09:54:56.300768    1296 tpu_chip_config.cc:367] Resolved chip config alias megachip_tccontrol->megacore for 2093c6a02, 
2026-08-28T09:54:56.323237342Z I0828 09:54:56.323161    1296 xla_compilation_cache.cc:113] XLA compilation cache fetch for computation 'jit_zt_tr_dp_parallel_bwd_layer_08' (key b50bb84b6acf3dc5) took 8.876783819s: PERSISTENT_FETCH
2026-08-28T09:54:58.543124959Z I0828 09:54:58.542994    2816 server_lib.cc:1855] Attempting to load component jit_zt_tr_dp_parallel_bwd_layer_07.5598368294899623086 @ 0 at worker after 1.629584ms (proto size 3270)
2026-08-28T09:55:07.631080770Z I0828 09:55:07.630951    1296 tpu_chip_config.cc:367] Resolved chip config alias megachip_tccontrol->megacore for 2093c6a02, 
2026-08-28T09:55:07.638252154Z I0828 09:55:07.638186    1296 tpu_chip_config.cc:367] Resolved chip config alias megachip_tccontrol->megacore for 2093c6a02, 
2026-08-28T09:55:07.660709426Z I0828 09:55:07.660634    1296 xla_compilation_cache.cc:113] XLA compilation cache fetch for computation 'jit_zt_tr_dp_parallel_bwd_layer_07' (key e83fda1af9dc1c04) took 9.117651712s: PERSISTENT_FETCH
2026-08-28T09:55:09.850638791Z I0828 09:55:09.850515    2816 server_lib.cc:1855] Attempting to load component jit_zt_tr_dp_parallel_bwd_layer_06.15988940423104942331 @ 0 at worker after 1.727644ms (proto size 3271)
2026-08-28T09:55:18.937534869Z I0828 09:55:18.937394    1296 tpu_chip_config.cc:367] Resolved chip config alias megachip_tccontrol->megacore for 2093c6a02, 
2026-08-28T09:55:18.944726626Z I0828 09:55:18.944658    1296 tpu_chip_config.cc:367] Resolved chip config alias megachip_tccontrol->megacore for 2093c6a02, 
2026-08-28T09:55:18.967723711Z I0828 09:55:18.967653    1296 xla_compilation_cache.cc:113] XLA compilation cache fetch for computation 'jit_zt_tr_dp_parallel_bwd_layer_06' (key 28e6ee18f0e0fc16) took 9.11715103s: PERSISTENT_FETCH
2026-08-28T09:55:21.138227726Z I0828 09:55:21.138097    2816 server_lib.cc:1855] Attempting to load component jit_zt_tr_dp_parallel_bwd_layer_05.5598368294899624917 @ 0 at worker after 1.509535ms (proto size 3270)
2026-08-28T09:55:30.412587934Z I0828 09:55:30.412475    1296 tpu_chip_config.cc:367] Resolved chip config alias megachip_tccontrol->megacore for 2093c6a02, 
2026-08-28T09:55:30.419478743Z I0828 09:55:30.419416    1296 tpu_chip_config.cc:367] Resolved chip config alias megachip_tccontrol->megacore for 2093c6a02, 
2026-08-28T09:55:30.442198130Z I0828 09:55:30.442113    1296 xla_compilation_cache.cc:113] XLA compilation cache fetch for computation 'jit_zt_tr_dp_parallel_bwd_layer_05' (key 98f35ff14278f5bb) took 9.304028455s: PERSISTENT_FETCH
2026-08-28T09:55:32.570830112Z I0828 09:55:32.570685    2816 server_lib.cc:1855] Attempting to load component jit_zt_tr_dp_parallel_bwd_layer_04.15988940423104945958 @ 0 at worker after 1.62547ms (proto size 3271)
2026-08-28T09:55:41.571128725Z I0828 09:55:41.570967    1296 tpu_chip_config.cc:367] Resolved chip config alias megachip_tccontrol->megacore for 2093c6a02, 
2026-08-28T09:55:41.578007888Z I0828 09:55:41.577910    1296 tpu_chip_config.cc:367] Resolved chip config alias megachip_tccontrol->megacore for 2093c6a02, 
2026-08-28T09:55:41.600977049Z I0828 09:55:41.600822    1296 xla_compilation_cache.cc:113] XLA compilation cache fetch for computation 'jit_zt_tr_dp_parallel_bwd_layer_04' (key 6b3ab12d1fbef353) took 9.030149376s: PERSISTENT_FETCH
2026-08-28T09:55:43.745835201Z I0828 09:55:43.745686    2816 server_lib.cc:1855] Attempting to load component jit_zt_tr_dp_parallel_bwd_layer_03.5598368294899622652 @ 0 at worker after 1.361109ms (proto size 3270)
2026-08-28T09:55:52.861798434Z I0828 09:55:52.861456    1296 tpu_chip_config.cc:367] Resolved chip config alias megachip_tccontrol->megacore for 2093c6a02, 
2026-08-28T09:55:52.868999275Z I0828 09:55:52.868924    1296 tpu_chip_config.cc:367] Resolved chip config alias megachip_tccontrol->megacore for 2093c6a02, 
2026-08-28T09:55:52.891950776Z I0828 09:55:52.891871    1296 xla_compilation_cache.cc:113] XLA compilation cache fetch for computation 'jit_zt_tr_dp_parallel_bwd_layer_03' (key e4acf728c0b08079) took 9.146197118s: PERSISTENT_FETCH
2026-08-28T09:55:54.999283511Z I0828 09:55:54.999145    2816 server_lib.cc:1855] Attempting to load component jit_zt_tr_dp_parallel_bwd_layer_02.15988940423104945489 @ 0 at worker after 1.461743ms (proto size 3271)
2026-08-28T09:56:03.976274378Z I0828 09:56:03.976159    1296 tpu_chip_config.cc:367] Resolved chip config alias megachip_tccontrol->megacore for 2093c6a02, 
2026-08-28T09:56:03.983585617Z I0828 09:56:03.983521    1296 tpu_chip_config.cc:367] Resolved chip config alias megachip_tccontrol->megacore for 2093c6a02, 
2026-08-28T09:56:04.007275143Z I0828 09:56:04.007203    1296 xla_compilation_cache.cc:113] XLA compilation cache fetch for computation 'jit_zt_tr_dp_parallel_bwd_layer_02' (key d65b9ab4fa7087fb) took 9.008070527s: PERSISTENT_FETCH
2026-08-28T09:56:06.166595117Z I0828 09:56:06.166451    2816 server_lib.cc:1855] Attempting to load component jit_zt_tr_dp_parallel_bwd_layer_01.5598368294899624483 @ 0 at worker after 1.390096ms (proto size 3270)
2026-08-28T09:56:15.295481294Z I0828 09:56:15.295351    1296 tpu_chip_config.cc:367] Resolved chip config alias megachip_tccontrol->megacore for 2093c6a02, 
2026-08-28T09:56:15.302461387Z I0828 09:56:15.302386    1296 tpu_chip_config.cc:367] Resolved chip config alias megachip_tccontrol->megacore for 2093c6a02, 
2026-08-28T09:56:15.324919576Z I0828 09:56:15.324844    1296 xla_compilation_cache.cc:113] XLA compilation cache fetch for computation 'jit_zt_tr_dp_parallel_bwd_layer_01' (key 23505bca9de4fc96) took 9.15840715s: PERSISTENT_FETCH
2026-08-28T09:56:19.577768693Z I0828 09:56:19.577656    2816 server_lib.cc:1855] Attempting to load component jit_zt_tr_dp_parallel_bwd_layer_00.15988940423104945020 @ 0 at worker after 1.521982ms (proto size 3271)
2026-08-28T09:56:28.519628729Z I0828 09:56:28.519514    2816 server_lib.cc:1855] Attempting to load component jit_zt_tr_dp_parallel_bwd_embed.5598368294899622218 @ 0 at worker after 1.243699ms (proto size 2480)
2026-08-28T09:56:28.539170982Z I0828 09:56:28.538993    1296 tpu_chip_config.cc:367] Resolved chip config alias megachip_tccontrol->megacore for 2093c6a02, 
2026-08-28T09:56:28.546394294Z I0828 09:56:28.546320    1296 tpu_chip_config.cc:367] Resolved chip config alias megachip_tccontrol->megacore for 2093c6a02, 
2026-08-28T09:56:28.568709161Z I0828 09:56:28.568604    1296 xla_compilation_cache.cc:113] XLA compilation cache fetch for computation 'jit_zt_tr_dp_parallel_bwd_layer_00' (key e90a2f42130d380d) took 8.99096005s: PERSISTENT_FETCH
2026-08-28T09:56:29.880782355Z I0828 09:56:29.880664    1295 tpu_chip_config.cc:367] Resolved chip config alias megachip_tccontrol->megacore for 2093c6a02, 
2026-08-28T09:56:29.882676192Z I0828 09:56:29.882618    1295 tpu_chip_config.cc:367] Resolved chip config alias megachip_tccontrol->megacore for 2093c6a02, 
2026-08-28T09:56:29.884189052Z I0828 09:56:29.884132    1295 xla_compilation_cache.cc:113] XLA compilation cache fetch for computation 'jit_zt_tr_dp_parallel_bwd_embed' (key 15f73fd1efc94b13) took 1.36462962s: PERSISTENT_FETCH
2026-08-28T09:56:29.939931625Z I0828 09:56:29.939795     742 server_lib.cc:1855] Attempting to load component jit_zt_tr_grad_tree_start.15988940423104945760 @ 0 at worker after 1.785965ms (proto size 24459)
2026-08-28T09:56:31.829023657Z I0828 09:56:31.828929    1295 tpu_chip_config.cc:367] Resolved chip config alias megachip_tccontrol->megacore for 2093c6a02, 
2026-08-28T09:56:31.833407425Z I0828 09:56:31.833352    1295 tpu_chip_config.cc:367] Resolved chip config alias megachip_tccontrol->megacore for 2093c6a02, 
2026-08-28T09:56:31.846865792Z I0828 09:56:31.846806    1295 xla_compilation_cache.cc:113] XLA compilation cache fetch for computation 'jit_zt_tr_grad_tree_start' (key 75b764dbcc47a0ee) took 1.907024122s: PERSISTENT_FETCH
2026-08-28T09:56:31.887761350Z W0828 09:56:31.887686    1432 tpu_pjrt_client.cc:2349] PjRt execution dispatch was blocked for 2.800086ms because PjRt's max in-flight computation semaphore is full (limit: 32), which may negatively affect the performance
2026-08-28T09:56:32.285853258Z I0828 09:56:32.285726    3958 generic-stream-socket.h:1667] Cannot process timestamp for type=3 seq=15795087 time=2026-08-28T09:56:32.285700595+00:00
2026-08-28T09:56:37.290161194Z I0828 09:56:37.290006    2955 server_lib.cc:1855] Attempting to load component jit_zt_tr_grad_tree_add.14768284516790631177 @ 0 at worker after 4.019628ms (proto size 36143)
2026-08-28T09:56:39.756985856Z I0828 09:56:39.756861    1295 tpu_chip_config.cc:367] Resolved chip config alias megachip_tccontrol->megacore for 2093c6a02, 
2026-08-28T09:56:39.760397709Z I0828 09:56:39.760339    1295 tpu_chip_config.cc:367] Resolved chip config alias megachip_tccontrol->megacore for 2093c6a02, 
2026-08-28T09:56:39.768278667Z I0828 09:56:39.768216    1295 xla_compilation_cache.cc:113] XLA compilation cache fetch for computation 'jit_zt_tr_grad_tree_add' (key 65b2b6b61bdac38f) took 2.47822155s: PERSISTENT_FETCH
2026-08-28T09:57:01.011769714Z I0828 09:57:01.011626    2819 server_lib.cc:1855] Attempting to load component jit_zt_tr_grad_assembly.4294846250867694625 @ 0 at worker after 4.426872ms (proto size 24454)
2026-08-28T09:57:02.843547677Z I0828 09:57:02.843422    1869 server_lib.cc:1855] Attempting to load component jit_equal.5598368294899625541 @ 0 at worker after 896.488us (proto size 2432)
2026-08-28T09:57:02.844583646Z I0828 09:57:02.844455    1295 tpu_chip_config.cc:367] Resolved chip config alias megachip_tccontrol->megacore for 2093c6a02, 
2026-08-28T09:57:02.848649177Z I0828 09:57:02.848571    1295 tpu_chip_config.cc:367] Resolved chip config alias megachip_tccontrol->megacore for 2093c6a02, 
2026-08-28T09:57:02.859887917Z I0828 09:57:02.859806    1295 xla_compilation_cache.cc:113] XLA compilation cache fetch for computation 'jit_zt_tr_grad_assembly' (key c931fade2a18f5c2) took 1.848191552s: PERSISTENT_FETCH
2026-08-28T09:57:03.066825009Z I0828 09:57:03.066700    1869 server_lib.cc:1855] Attempting to load component jit__reduce_all.4294846250867691996 @ 0 at worker after 846.56us (proto size 2407)
2026-08-28T09:57:03.089392218Z I0828 09:57:03.089333    1296 tpu_chip_config.cc:367] Resolved chip config alias megachip_tccontrol->megacore for 2093c6a02, 
2026-08-28T09:57:03.091035194Z I0828 09:57:03.090967    1296 tpu_chip_config.cc:367] Resolved chip config alias megachip_tccontrol->megacore for 2093c6a02, 
2026-08-28T09:57:03.091797597Z I0828 09:57:03.091739    1296 xla_compilation_cache.cc:113] XLA compilation cache fetch for computation 'jit_equal' (key 20f45ebefb1d7b86) took 248.329588ms: PERSISTENT_FETCH
2026-08-28T09:57:03.335075517Z I0828 09:57:03.334944    1295 tpu_chip_config.cc:367] Resolved chip config alias megachip_tccontrol->megacore for 2093c6a02, 
2026-08-28T09:57:03.336745412Z I0828 09:57:03.336655    1295 tpu_chip_config.cc:367] Resolved chip config alias megachip_tccontrol->megacore for 2093c6a02, 
2026-08-28T09:57:03.337773250Z I0828 09:57:03.337706    1295 xla_compilation_cache.cc:113] XLA compilation cache fetch for computation 'jit__reduce_all' (key 58205a87e3e347f2) took 271.016942ms: PERSISTENT_FETCH
2026-08-28T09:57:03.883644433Z I0828 09:57:03.883552    2955 server_lib.cc:1855] Attempting to load component jit_zt_tr_dp_parallel_bwd_adjoint.5598368294899623276 @ 0 at worker after 1.839806ms (proto size 25136)
2026-08-28T09:57:07.073633958Z I0828 09:57:07.073496    1295 tpu_chip_config.cc:367] Resolved chip config alias megachip_tccontrol->megacore for 2093c6a02, 
2026-08-28T09:57:07.081331561Z I0828 09:57:07.081258    1295 tpu_chip_config.cc:367] Resolved chip config alias megachip_tccontrol->megacore for 2093c6a02, 
2026-08-28T09:57:07.087867810Z I0828 09:57:07.087796    1295 xla_compilation_cache.cc:113] XLA compilation cache fetch for computation 'jit_zt_tr_dp_parallel_bwd_adjoint' (key 8071772276a28a6f) took 3.204253356s: PERSISTENT_FETCH
2026-08-28T09:57:07.134157891Z I0828 09:57:07.134059    1869 server_lib.cc:1855] Attempting to load component jit_count_nonzero.4294846250867693463 @ 0 at worker after 1.190428ms (proto size 2422)
2026-08-28T09:57:07.517996170Z I0828 09:57:07.517930    1295 tpu_chip_config.cc:367] Resolved chip config alias megachip_tccontrol->megacore for 2093c6a02, 
2026-08-28T09:57:07.519575024Z I0828 09:57:07.519517    1295 tpu_chip_config.cc:367] Resolved chip config alias megachip_tccontrol->megacore for 2093c6a02, 
2026-08-28T09:57:07.520395052Z I0828 09:57:07.520340    1295 xla_compilation_cache.cc:113] XLA compilation cache fetch for computation 'jit_count_nonzero' (key f24c2d415f35895f) took 386.293166ms: PERSISTENT_FETCH
2026-08-28T09:57:08.974786347Z I0828 09:57:08.974651    2955 server_lib.cc:1855] Attempting to load component jit__gradient_diagnostics.5598368294899625107 @ 0 at worker after 1.660165ms (proto size 13466)
2026-08-28T09:57:22.400846435Z I0828 09:57:22.400715    1295 tpu_chip_config.cc:367] Resolved chip config alias megachip_tccontrol->megacore for 2093c6a02, 
2026-08-28T09:57:22.423877350Z I0828 09:57:22.423810    1295 tpu_chip_config.cc:367] Resolved chip config alias megachip_tccontrol->megacore for 2093c6a02, 
2026-08-28T09:57:22.481694637Z I0828 09:57:22.481616    1295 xla_compilation_cache.cc:113] XLA compilation cache fetch for computation 'jit__gradient_diagnostics' (key 74ba67ed680660ae) took 13.506974917s: PERSISTENT_FETCH
2026-08-28T09:57:23.529536956Z I0828 09:57:23.529421    2955 server_lib.cc:1855] Attempting to load component jit_reduce_local.4294846250867694930 @ 0 at worker after 2.343202ms (proto size 23905)
2026-08-28T09:58:05.199873725Z I0828 09:58:05.199690    2955 server_lib.cc:1855] Attempting to load component jit__gradient_finite_flags.12319883060084965963 @ 0 at worker after 1.600202ms (proto size 12246)
2026-08-28T09:58:05.322633962Z I0828 09:58:05.322521    1295 tpu_chip_config.cc:367] Resolved chip config alias megachip_tccontrol->megacore for 2093c6a02, 
2026-08-28T09:58:05.366817593Z I0828 09:58:05.366729    1295 tpu_chip_config.cc:367] Resolved chip config alias megachip_tccontrol->megacore for 2093c6a02, 
2026-08-28T09:58:05.423441160Z I0828 09:58:05.423369    1295 xla_compilation_cache.cc:113] XLA compilation cache fetch for computation 'jit_reduce_local' (key 7686b5619a3ef5b6) took 41.893959898s: PERSISTENT_FETCH
2026-08-28T09:58:08.565635338Z I0828 09:58:08.565503    1296 tpu_chip_config.cc:367] Resolved chip config alias megachip_tccontrol->megacore for 2093c6a02, 
2026-08-28T09:58:08.573500234Z I0828 09:58:08.573434    1296 tpu_chip_config.cc:367] Resolved chip config alias megachip_tccontrol->megacore for 2093c6a02, 
2026-08-28T09:58:08.589303438Z I0828 09:58:08.589235    1296 xla_compilation_cache.cc:113] XLA compilation cache fetch for computation 'jit__gradient_finite_flags' (key 5487cd548072e0de) took 3.389557135s: PERSISTENT_FETCH
2026-08-28T09:58:08.865563812Z I0828 09:58:08.865411    1866 server_lib.cc:1855] Attempting to load component jit_compare_local.4294846250867692301 @ 0 at worker after 1.333841ms (proto size 12226)
2026-08-28T09:58:29.140904798Z I0828 09:58:29.140772    1296 tpu_chip_config.cc:367] Resolved chip config alias megachip_tccontrol->megacore for 2093c6a02, 
2026-08-28T09:58:29.152046320Z I0828 09:58:29.151952    1296 tpu_chip_config.cc:367] Resolved chip config alias megachip_tccontrol->megacore for 2093c6a02, 
2026-08-28T09:58:29.169180849Z I0828 09:58:29.169110    1296 xla_compilation_cache.cc:113] XLA compilation cache fetch for computation 'jit_compare_local' (key 2356cac6126dff6f) took 20.30371121s: PERSISTENT_FETCH
2026-08-28T09:58:29.283436525Z I0828 09:58:29.283355    1869 server_lib.cc:1855] Attempting to load component jit_count_nonzero.15995949837485656625 @ 0 at worker after 1.1094ms (proto size 2414)
2026-08-28T09:58:29.631822724Z I0828 09:58:29.631750    1296 tpu_chip_config.cc:367] Resolved chip config alias megachip_tccontrol->megacore for 2093c6a02, 
2026-08-28T09:58:29.633538000Z I0828 09:58:29.633481    1296 tpu_chip_config.cc:367] Resolved chip config alias megachip_tccontrol->megacore for 2093c6a02, 
2026-08-28T09:58:29.634464896Z I0828 09:58:29.634410    1296 xla_compilation_cache.cc:113] XLA compilation cache fetch for computation 'jit_count_nonzero' (key 75352af856727f54) took 351.066937ms: PERSISTENT_FETCH
2026-08-28T09:58:29.693911560Z I0828 09:58:29.693770    2955 server_lib.cc:1855] Attempting to load component jit_count_nonzero.14768284516790629819 @ 0 at worker after 970.383us (proto size 2409)
2026-08-28T09:58:29.964390815Z I0828 09:58:29.964286    1296 tpu_chip_config.cc:367] Resolved chip config alias megachip_tccontrol->megacore for 2093c6a02, 
2026-08-28T09:58:29.965842735Z I0828 09:58:29.965780    1296 tpu_chip_config.cc:367] Resolved chip config alias megachip_tccontrol->megacore for 2093c6a02, 
2026-08-28T09:58:29.966662495Z I0828 09:58:29.966606    1296 xla_compilation_cache.cc:113] XLA compilation cache fetch for computation 'jit_count_nonzero' (key 4d8e2b72ff8d2bc3) took 272.847127ms: PERSISTENT_FETCH
2026-08-28T09:58:29.999344166Z I0828 09:58:29.999259     739 server_lib.cc:1855] Attempting to load component jit_count_nonzero.15995949837485657618 @ 0 at worker after 1.063943ms (proto size 2409)
2026-08-28T09:58:30.282762054Z I0828 09:58:30.282687    1296 tpu_chip_config.cc:367] Resolved chip config alias megachip_tccontrol->megacore for 2093c6a02, 
2026-08-28T09:58:30.284293847Z I0828 09:58:30.284236    1296 tpu_chip_config.cc:367] Resolved chip config alias megachip_tccontrol->megacore for 2093c6a02, 
2026-08-28T09:58:30.285092541Z I0828 09:58:30.285020    1296 xla_compilation_cache.cc:113] XLA compilation cache fetch for computation 'jit_count_nonzero' (key def88f80a22981ca) took 285.769561ms: PERSISTENT_FETCH
2026-08-28T09:58:30.307080161Z I0828 09:58:30.306991    2955 server_lib.cc:1855] Attempting to load component jit_count_nonzero.14768284516790631868 @ 0 at worker after 890.605us (proto size 2416)
2026-08-28T09:58:30.664787683Z I0828 09:58:30.664717    1296 tpu_chip_config.cc:367] Resolved chip config alias megachip_tccontrol->megacore for 2093c6a02, 
2026-08-28T09:58:30.667043268Z I0828 09:58:30.666290    1296 tpu_chip_config.cc:367] Resolved chip config alias megachip_tccontrol->megacore for 2093c6a02, 
2026-08-28T09:58:30.667425945Z I0828 09:58:30.667303    1296 xla_compilation_cache.cc:113] XLA compilation cache fetch for computation 'jit_count_nonzero' (key e161f35162eb7e62) took 360.320244ms: PERSISTENT_FETCH
2026-08-28T09:58:30.707638227Z I0828 09:58:30.707549    2955 server_lib.cc:1855] Attempting to load component jit_count_nonzero.15995949837485654515 @ 0 at worker after 1.047501ms (proto size 2416)
2026-08-28T09:58:31.032216379Z I0828 09:58:31.032102    1296 tpu_chip_config.cc:367] Resolved chip config alias megachip_tccontrol->megacore for 2093c6a02, 
2026-08-28T09:58:31.033742876Z I0828 09:58:31.033683    1296 tpu_chip_config.cc:367] Resolved chip config alias megachip_tccontrol->megacore for 2093c6a02, 
2026-08-28T09:58:31.034598380Z I0828 09:58:31.034532    1296 xla_compilation_cache.cc:113] XLA compilation cache fetch for computation 'jit_count_nonzero' (key 425026c19decb847) took 326.991465ms: PERSISTENT_FETCH
2026-08-28T09:58:31.063545204Z I0828 09:58:31.063413    2955 server_lib.cc:1855] Attempting to load component jit_count_nonzero.14768284516790629821 @ 0 at worker after 901.88us (proto size 2416)
2026-08-28T09:58:31.421476726Z I0828 09:58:31.421395    1296 tpu_chip_config.cc:367] Resolved chip config alias megachip_tccontrol->megacore for 2093c6a02, 
2026-08-28T09:58:31.423062486Z I0828 09:58:31.422999    1296 tpu_chip_config.cc:367] Resolved chip config alias megachip_tccontrol->megacore for 2093c6a02, 
2026-08-28T09:58:31.423902025Z I0828 09:58:31.423857    1296 xla_compilation_cache.cc:113] XLA compilation cache fetch for computation 'jit_count_nonzero' (key 316d29e9b2c76a8d) took 360.454235ms: PERSISTENT_FETCH
2026-08-28T09:58:31.454123626Z I0828 09:58:31.454019     739 server_lib.cc:1855] Attempting to load component jit_count_nonzero.15995949837485655508 @ 0 at worker after 845.624us (proto size 2413)
2026-08-28T09:58:31.788237227Z I0828 09:58:31.788172    1296 tpu_chip_config.cc:367] Resolved chip config alias megachip_tccontrol->megacore for 2093c6a02, 
2026-08-28T09:58:31.789739527Z I0828 09:58:31.789681    1296 tpu_chip_config.cc:367] Resolved chip config alias megachip_tccontrol->megacore for 2093c6a02, 
2026-08-28T09:58:31.790541036Z I0828 09:58:31.790472    1296 xla_compilation_cache.cc:113] XLA compilation cache fetch for computation 'jit_count_nonzero' (key 952d9fe57c405bcb) took 336.461527ms: PERSISTENT_FETCH
2026-08-28T09:58:31.826363032Z I0828 09:58:31.826265    1869 server_lib.cc:1855] Attempting to load component jit_count_nonzero.14768284516790631870 @ 0 at worker after 1.391206ms (proto size 2413)
2026-08-28T09:58:32.154009730Z I0828 09:58:32.153926    1296 tpu_chip_config.cc:367] Resolved chip config alias megachip_tccontrol->megacore for 2093c6a02, 
2026-08-28T09:58:32.155509394Z I0828 09:58:32.155435    1296 tpu_chip_config.cc:367] Resolved chip config alias megachip_tccontrol->megacore for 2093c6a02, 
2026-08-28T09:58:32.156322344Z I0828 09:58:32.156252    1296 xla_compilation_cache.cc:113] XLA compilation cache fetch for computation 'jit_count_nonzero' (key 35cb0f8509347705) took 329.996003ms: PERSISTENT_FETCH
2026-08-28T09:58:33.378683108Z I0828 09:58:33.378578    1869 server_lib.cc:1855] Attempting to load component jit_count_nonzero.15995949837485656501 @ 0 at worker after 912.195us (proto size 2414)
2026-08-28T09:58:33.710000725Z I0828 09:58:33.709922    1296 tpu_chip_config.cc:367] Resolved chip config alias megachip_tccontrol->megacore for 2093c6a02, 
2026-08-28T09:58:33.711758761Z I0828 09:58:33.711675    1296 tpu_chip_config.cc:367] Resolved chip config alias megachip_tccontrol->megacore for 2093c6a02, 
2026-08-28T09:58:33.712647657Z I0828 09:58:33.712593    1296 xla_compilation_cache.cc:113] XLA compilation cache fetch for computation 'jit_count_nonzero' (key 268c10353c8a8b5d) took 334.024157ms: PERSISTENT_FETCH
2026-08-28T09:58:34.966166918Z I0828 09:58:34.966017     742 server_lib.cc:1855] Attempting to load component jit__precomputed_gradient_scaled_step.15995949837485657494 @ 0 at worker after 2.639104ms (proto size 42455)
2026-08-28T09:58:54.146023305Z I0828 09:58:54.145874    1296 tpu_chip_config.cc:367] Resolved chip config alias megachip_tccontrol->megacore for 2093c6a02, 
2026-08-28T09:58:54.181234777Z I0828 09:58:54.181154    1296 tpu_chip_config.cc:367] Resolved chip config alias megachip_tccontrol->megacore for 2093c6a02, 
2026-08-28T09:58:54.240033575Z I0828 09:58:54.239931    1296 xla_compilation_cache.cc:113] XLA compilation cache fetch for computation 'jit__precomputed_gradient_scaled_step' (key 54fd99be6e3fd4c1) took 19.273928163s: PERSISTENT_FETCH
2026-08-28T09:58:54.647625137Z W0828 09:58:54.647484    1434 tpu_pjrt_client.cc:2349] PjRt execution dispatch was blocked for 2.718785ms because PjRt's max in-flight computation semaphore is full (limit: 32), which may negatively affect the performance
2026-08-28T09:58:55.486539731Z I0828 09:58:55.486418    1866 server_lib.cc:1855] Attempting to load component jit_scatter-add.4294846250867694557 @ 0 at worker after 965.199us (proto size 2472)
2026-08-28T09:58:56.081906220Z I0828 09:58:56.081805    1296 tpu_chip_config.cc:367] Resolved chip config alias megachip_tccontrol->megacore for 2093c6a02, 
2026-08-28T09:58:56.083887550Z I0828 09:58:56.083805    1296 tpu_chip_config.cc:367] Resolved chip config alias megachip_tccontrol->megacore for 2093c6a02, 
2026-08-28T09:58:56.085210993Z I0828 09:58:56.085153    1296 xla_compilation_cache.cc:113] XLA compilation cache fetch for computation 'jit_scatter-add' (key 67e819b08f4baf52) took 598.745583ms: PERSISTENT_FETCH
2026-08-28T09:58:57.545187812Z I0828 09:58:57.545066     739 server_lib.cc:1855] Attempting to load component jit_gather.4294846250867692107 @ 0 at worker after 799.871us (proto size 2430)
2026-08-28T09:58:57.783409204Z I0828 09:58:57.783314    1296 tpu_chip_config.cc:367] Resolved chip config alias megachip_tccontrol->megacore for 2093c6a02, 
2026-08-28T09:58:57.785305954Z I0828 09:58:57.785243    1296 tpu_chip_config.cc:367] Resolved chip config alias megachip_tccontrol->megacore for 2093c6a02, 
2026-08-28T09:58:57.786265315Z I0828 09:58:57.786203    1296 xla_compilation_cache.cc:113] XLA compilation cache fetch for computation 'jit_gather' (key c533f69f89a63ab1) took 241.147492ms: PERSISTENT_FETCH
2026-08-28T09:59:35.054991684Z I0828 09:59:35.054824     742 server_lib.cc:1855] Attempting to load component jit__precomputed_gradient_scaled_step.5598368294899622087 @ 0 at worker after 2.782741ms (proto size 42454)
2026-08-28T09:59:54.370120021Z I0828 09:59:54.369986    1296 tpu_chip_config.cc:367] Resolved chip config alias megachip_tccontrol->megacore for 2093c6a02, 
2026-08-28T09:59:54.405129351Z I0828 09:59:54.405039    1296 tpu_chip_config.cc:367] Resolved chip config alias megachip_tccontrol->megacore for 2093c6a02, 
2026-08-28T09:59:54.465136817Z I0828 09:59:54.465053    1296 xla_compilation_cache.cc:113] XLA compilation cache fetch for computation 'jit__precomputed_gradient_scaled_step' (key 74c3b6cf4cd93cc6) took 19.410242812s: PERSISTENT_FETCH
2026-08-28T09:59:54.897346818Z W0828 09:59:54.897206    1432 tpu_pjrt_client.cc:2349] PjRt execution dispatch was blocked for 679.439us because PjRt's max in-flight computation semaphore is full (limit: 32), which may negatively affect the performance
2026-08-28T10:00:54.900420488Z W0828 10:00:54.900280    1433 tpu_pjrt_client.cc:2349] PjRt execution dispatch was blocked for 3.143416ms because PjRt's max in-flight computation semaphore is full (limit: 32), which may negatively affect the performance
2026-08-28T10:01:57.678764390Z W0828 10:01:57.678657    1432 tpu_pjrt_client.cc:2349] PjRt execution dispatch was blocked for 125.61351ms because PjRt's max in-flight computation semaphore is full (limit: 32), which may negatively affect the performance
2026-08-28T10:02:24.354519024Z I0828 10:02:24.354370    2816 server_lib.cc:1855] Attempting to load component jit_scatter-add.4294846250867693496 @ 0 at worker after 872.673us (proto size 2472)
2026-08-28T10:02:25.025062643Z I0828 10:02:25.024929    1296 tpu_chip_config.cc:367] Resolved chip config alias megachip_tccontrol->megacore for 2093c6a02, 
2026-08-28T10:02:25.027014964Z I0828 10:02:25.026944    1296 tpu_chip_config.cc:367] Resolved chip config alias megachip_tccontrol->megacore for 2093c6a02, 
2026-08-28T10:02:25.028275820Z I0828 10:02:25.028201    1296 xla_compilation_cache.cc:113] XLA compilation cache fetch for computation 'jit_scatter-add' (key 474663fa3e1753f6) took 673.840289ms: PERSISTENT_FETCH
2026-08-28T10:02:26.446776744Z I0828 10:02:26.446632    2926 server_lib.cc:1855] Attempting to load component jit_gather.679787919433039672 @ 0 at worker after 896.776us (proto size 2429)
2026-08-28T10:02:26.715779207Z I0828 10:02:26.715625    1296 tpu_chip_config.cc:367] Resolved chip config alias megachip_tccontrol->megacore for 2093c6a02, 
2026-08-28T10:02:26.717558582Z I0828 10:02:26.717476    1296 tpu_chip_config.cc:367] Resolved chip config alias megachip_tccontrol->megacore for 2093c6a02, 
2026-08-28T10:02:26.718496862Z I0828 10:02:26.718433    1296 xla_compilation_cache.cc:113] XLA compilation cache fetch for computation 'jit_gather' (key 3f64800e653433d7) took 271.813544ms: PERSISTENT_FETCH
2026-08-28T10:03:00.366524996Z W0828 10:03:00.366379    1432 tpu_pjrt_client.cc:2349] PjRt execution dispatch was blocked for 56.882366ms because PjRt's max in-flight computation semaphore is full (limit: 32), which may negatively affect the performance
2026-08-28T10:03:08.241866523Z I0828 10:03:08.241735    2976 server_lib.cc:1855] Attempting to load component jit_scatter-add.12319883060084965649 @ 0 at worker after 773.031us (proto size 2473)
2026-08-28T10:03:08.837491739Z I0828 10:03:08.837355    1296 tpu_chip_config.cc:367] Resolved chip config alias megachip_tccontrol->megacore for 2093c6a02, 
2026-08-28T10:03:08.839467481Z I0828 10:03:08.839391    1296 tpu_chip_config.cc:367] Resolved chip config alias megachip_tccontrol->megacore for 2093c6a02, 
2026-08-28T10:03:08.840687497Z I0828 10:03:08.840619    1296 xla_compilation_cache.cc:113] XLA compilation cache fetch for computation 'jit_scatter-add' (key 66d2a83e67b04b98) took 598.894449ms: PERSISTENT_FETCH
2026-08-28T10:03:10.305585834Z I0828 10:03:10.305459    2976 server_lib.cc:1855] Attempting to load component jit_gather.12319883060084968863 @ 0 at worker after 1.018339ms (proto size 2431)
2026-08-28T10:03:10.542250553Z I0828 10:03:10.542152    1296 tpu_chip_config.cc:367] Resolved chip config alias megachip_tccontrol->megacore for 2093c6a02, 
2026-08-28T10:03:10.544062784Z I0828 10:03:10.543999    1296 tpu_chip_config.cc:367] Resolved chip config alias megachip_tccontrol->megacore for 2093c6a02, 
2026-08-28T10:03:10.544987049Z I0828 10:03:10.544929    1296 xla_compilation_cache.cc:113] XLA compilation cache fetch for computation 'jit_gather' (key 1c87c442e1b3bf4f) took 239.480376ms: PERSISTENT_FETCH
2026-08-28T10:04:03.563795612Z W0828 10:04:03.563662    1435 tpu_pjrt_client.cc:2349] PjRt execution dispatch was blocked for 83.608597ms because PjRt's max in-flight computation semaphore is full (limit: 32), which may negatively affect the performance
2026-08-28T10:05:05.567165837Z W0828 10:05:05.567041    1434 tpu_pjrt_client.cc:2349] PjRt execution dispatch was blocked for 95.829458ms because PjRt's max in-flight computation semaphore is full (limit: 32), which may negatively affect the performance
2026-08-28T10:06:07.993093959Z W0828 10:06:07.992921    1432 tpu_pjrt_client.cc:2349] PjRt execution dispatch was blocked for 71.95712ms because PjRt's max in-flight computation semaphore is full (limit: 32), which may negatively affect the performance
2026-08-28T10:07:09.980843825Z W0828 10:07:09.980683    1434 tpu_pjrt_client.cc:2349] PjRt execution dispatch was blocked for 34.376134ms because PjRt's max in-flight computation semaphore is full (limit: 32), which may negatively affect the performance
2026-08-28T10:08:14.292561011Z W0828 10:08:14.292400    1434 tpu_pjrt_client.cc:2349] PjRt execution dispatch was blocked for 64.733045ms because PjRt's max in-flight computation semaphore is full (limit: 32), which may negatively affect the performance
2026-08-28T10:09:17.233622916Z W0828 10:09:17.233482    1432 tpu_pjrt_client.cc:2349] PjRt execution dispatch was blocked for 87.153958ms because PjRt's max in-flight computation semaphore is full (limit: 32), which may negatively affect the performance
2026-08-28T10:10:20.823809847Z W0828 10:10:20.823680    1434 tpu_pjrt_client.cc:2349] PjRt execution dispatch was blocked for 96.254799ms because PjRt's max in-flight computation semaphore is full (limit: 32), which may negatively affect the performance
2026-08-28T10:11:23.958529461Z W0828 10:11:23.958373    1432 tpu_pjrt_client.cc:2349] PjRt execution dispatch was blocked for 105.512939ms because PjRt's max in-flight computation semaphore is full (limit: 32), which may negatively affect the performance
2026-08-28T10:12:26.289443195Z W0828 10:12:26.289291    1434 tpu_pjrt_client.cc:2349] PjRt execution dispatch was blocked for 82.055238ms because PjRt's max in-flight computation semaphore is full (limit: 32), which may negatively affect the performance
2026-08-28T10:13:29.054246965Z W0828 10:13:29.054112    1432 tpu_pjrt_client.cc:2349] PjRt execution dispatch was blocked for 77.294645ms because PjRt's max in-flight computation semaphore is full (limit: 32), which may negatively affect the performance
2026-08-28T10:14:32.461198030Z W0828 10:14:32.461082    1433 tpu_pjrt_client.cc:2349] PjRt execution dispatch was blocked for 79.231306ms because PjRt's max in-flight computation semaphore is full (limit: 32), which may negatively affect the performance
2026-08-28T10:15:35.125547946Z W0828 10:15:35.125393    1435 tpu_pjrt_client.cc:2349] PjRt execution dispatch was blocked for 84.486362ms because PjRt's max in-flight computation semaphore is full (limit: 32), which may negatively affect the performance
2026-08-28T10:16:36.677546598Z W0828 10:16:36.677414    1432 tpu_pjrt_client.cc:2349] PjRt execution dispatch was blocked for 119.846058ms because PjRt's max in-flight computation semaphore is full (limit: 32), which may negatively affect the performance
2026-08-28T10:17:39.408136896Z W0828 10:17:39.407962    1433 tpu_pjrt_client.cc:2349] PjRt execution dispatch was blocked for 132.753898ms because PjRt's max in-flight computation semaphore is full (limit: 32), which may negatively affect the performance
2026-08-28T10:18:41.468168090Z W0828 10:18:41.468031    1432 tpu_pjrt_client.cc:2349] PjRt execution dispatch was blocked for 5.502669ms because PjRt's max in-flight computation semaphore is full (limit: 32), which may negatively affect the performance
2026-08-28T10:19:42.635602388Z W0828 10:19:42.635472    1434 tpu_pjrt_client.cc:2349] PjRt execution dispatch was blocked for 63.824663ms because PjRt's max in-flight computation semaphore is full (limit: 32), which may negatively affect the performance
2026-08-28T10:20:19.509757321Z I0828 10:20:19.509639    1866 server_lib.cc:1855] Attempting to load component jit_scatter-add.14768284516790630289 @ 0 at worker after 832.121us (proto size 2473)
2026-08-28T10:20:20.134340362Z I0828 10:20:20.134155    1296 tpu_chip_config.cc:367] Resolved chip config alias megachip_tccontrol->megacore for 2093c6a02, 
2026-08-28T10:20:20.136271497Z I0828 10:20:20.136193    1296 tpu_chip_config.cc:367] Resolved chip config alias megachip_tccontrol->megacore for 2093c6a02, 
2026-08-28T10:20:20.137534351Z I0828 10:20:20.137469    1296 xla_compilation_cache.cc:113] XLA compilation cache fetch for computation 'jit_scatter-add' (key d70ded065449fd1b) took 627.841851ms: PERSISTENT_FETCH
2026-08-28T10:20:21.535592430Z I0828 10:20:21.535475    2819 server_lib.cc:1855] Attempting to load component jit_gather.12319883060084966271 @ 0 at worker after 957.899us (proto size 2431)
2026-08-28T10:20:21.826408027Z I0828 10:20:21.826324    1296 tpu_chip_config.cc:367] Resolved chip config alias megachip_tccontrol->megacore for 2093c6a02, 
2026-08-28T10:20:21.828321778Z I0828 10:20:21.828258    1296 tpu_chip_config.cc:367] Resolved chip config alias megachip_tccontrol->megacore for 2093c6a02, 
2026-08-28T10:20:21.829207595Z I0828 10:20:21.829151    1296 xla_compilation_cache.cc:113] XLA compilation cache fetch for computation 'jit_gather' (key 4b8e9298e525038d) took 293.685827ms: PERSISTENT_FETCH
2026-08-28T10:20:46.022999549Z W0828 10:20:46.022836    1432 tpu_pjrt_client.cc:2349] PjRt execution dispatch was blocked for 62.850824ms because PjRt's max in-flight computation semaphore is full (limit: 32), which may negatively affect the performance
2026-08-28T10:21:12.230125225Z I0828 10:21:12.229966    2814 server_lib.cc:1855] Attempting to load component jit_multiply.679787919433038667 @ 0 at worker after 818.843us (proto size 2398)
2026-08-28T10:21:12.469748124Z I0828 10:21:12.469645    1296 tpu_chip_config.cc:367] Resolved chip config alias megachip_tccontrol->megacore for 2093c6a02, 
2026-08-28T10:21:12.471975086Z I0828 10:21:12.471911    1296 tpu_chip_config.cc:367] Resolved chip config alias megachip_tccontrol->megacore for 2093c6a02, 
2026-08-28T10:21:12.473014267Z I0828 10:21:12.472956    1296 xla_compilation_cache.cc:113] XLA compilation cache fetch for computation 'jit_multiply' (key ee6c6abb52d77351) took 242.999484ms: PERSISTENT_FETCH
2026-08-28T10:21:15.598824224Z I0828 10:21:15.598688    2891 server_lib.cc:1855] Attempting to load component jit_gather.14768284516790631028 @ 0 at worker after 1.070125ms (proto size 2435)
2026-08-28T10:21:15.856203171Z I0828 10:21:15.856120    2816 server_lib.cc:1855] Attempting to load component jit_broadcast_in_dim.679787919433039313 @ 0 at worker after 882.996us (proto size 2429)
2026-08-28T10:21:15.870559605Z I0828 10:21:15.870449    1296 tpu_chip_config.cc:367] Resolved chip config alias megachip_tccontrol->megacore for 2093c6a02, 
2026-08-28T10:21:15.872921057Z I0828 10:21:15.872858    1296 tpu_chip_config.cc:367] Resolved chip config alias megachip_tccontrol->megacore for 2093c6a02, 
2026-08-28T10:21:15.874430687Z I0828 10:21:15.874364    1296 xla_compilation_cache.cc:113] XLA compilation cache fetch for computation 'jit_gather' (key 11bc803a3187003b) took 275.68813ms: PERSISTENT_FETCH
2026-08-28T10:21:16.100684353Z I0828 10:21:16.100588    1295 tpu_chip_config.cc:367] Resolved chip config alias megachip_tccontrol->megacore for 2093c6a02, 
2026-08-28T10:21:16.102423689Z I0828 10:21:16.102365    1295 tpu_chip_config.cc:367] Resolved chip config alias megachip_tccontrol->megacore for 2093c6a02, 
2026-08-28T10:21:16.103239960Z I0828 10:21:16.103197    1295 xla_compilation_cache.cc:113] XLA compilation cache fetch for computation 'jit_broadcast_in_dim' (key 7edb828916119f95) took 247.085203ms: PERSISTENT_FETCH
2026-08-28T10:21:17.123828250Z I0828 10:21:17.123728    1866 server_lib.cc:1855] Attempting to load component jit_maximum.679787919433037216 @ 0 at worker after 791.504us (proto size 2396)
2026-08-28T10:21:17.366166519Z I0828 10:21:17.366088    2814 server_lib.cc:1855] Attempting to load component jit_true_divide.14768284516790631172 @ 0 at worker after 831.57us (proto size 2406)
2026-08-28T10:21:17.379823233Z I0828 10:21:17.379757    1295 tpu_chip_config.cc:367] Resolved chip config alias megachip_tccontrol->megacore for 2093c6a02, 
2026-08-28T10:21:17.381519178Z I0828 10:21:17.381461    1295 tpu_chip_config.cc:367] Resolved chip config alias megachip_tccontrol->megacore for 2093c6a02, 
2026-08-28T10:21:17.382373603Z I0828 10:21:17.382315    1295 xla_compilation_cache.cc:113] XLA compilation cache fetch for computation 'jit_maximum' (key fb0aaff3c1db8e4b) took 258.594976ms: PERSISTENT_FETCH
2026-08-28T10:21:17.618619527Z I0828 10:21:17.618549    2814 server_lib.cc:1855] Attempting to load component jit_multiply.679787919433037284 @ 0 at worker after 868.46us (proto size 2428)
2026-08-28T10:21:17.635022333Z I0828 10:21:17.634938    1296 tpu_chip_config.cc:367] Resolved chip config alias megachip_tccontrol->megacore for 2093c6a02, 
2026-08-28T10:21:17.636877614Z I0828 10:21:17.636807    1296 tpu_chip_config.cc:367] Resolved chip config alias megachip_tccontrol->megacore for 2093c6a02, 
2026-08-28T10:21:17.637812887Z I0828 10:21:17.637750    1296 xla_compilation_cache.cc:113] XLA compilation cache fetch for computation 'jit_true_divide' (key a2b7f92efa599e43) took 271.670806ms: PERSISTENT_FETCH
2026-08-28T10:21:17.918105518Z I0828 10:21:17.917986    1866 server_lib.cc:1855] Attempting to load component jit_multiply.14768284516790629125 @ 0 at worker after 893.336us (proto size 2420)
2026-08-28T10:21:17.925162623Z I0828 10:21:17.925079    1295 tpu_chip_config.cc:367] Resolved chip config alias megachip_tccontrol->megacore for 2093c6a02, 
2026-08-28T10:21:17.926789833Z I0828 10:21:17.926723    1295 tpu_chip_config.cc:367] Resolved chip config alias megachip_tccontrol->megacore for 2093c6a02, 
2026-08-28T10:21:17.927668257Z I0828 10:21:17.927589    1295 xla_compilation_cache.cc:113] XLA compilation cache fetch for computation 'jit_multiply' (key 6eaf6267b36e4103) took 309.046472ms: PERSISTENT_FETCH
2026-08-28T10:21:18.130631644Z I0828 10:21:18.130548     739 server_lib.cc:1855] Attempting to load component jit_multiply.679787919433039383 @ 0 at worker after 862.118us (proto size 2418)
2026-08-28T10:21:18.136794167Z I0828 10:21:18.136723    1296 tpu_chip_config.cc:367] Resolved chip config alias megachip_tccontrol->megacore for 2093c6a02, 
2026-08-28T10:21:18.138571070Z I0828 10:21:18.138505    1296 tpu_chip_config.cc:367] Resolved chip config alias megachip_tccontrol->megacore for 2093c6a02, 
2026-08-28T10:21:18.139436367Z I0828 10:21:18.139378    1296 xla_compilation_cache.cc:113] XLA compilation cache fetch for computation 'jit_multiply' (key 80290ce002bc4c04) took 221.400111ms: PERSISTENT_FETCH
2026-08-28T10:21:18.343436874Z I0828 10:21:18.343340    1866 server_lib.cc:1855] Attempting to load component jit_multiply.14768284516790631174 @ 0 at worker after 826.857us (proto size 2434)
2026-08-28T10:21:18.357303651Z I0828 10:21:18.357229    1295 tpu_chip_config.cc:367] Resolved chip config alias megachip_tccontrol->megacore for 2093c6a02, 
2026-08-28T10:21:18.358905629Z I0828 10:21:18.358842    1295 tpu_chip_config.cc:367] Resolved chip config alias megachip_tccontrol->megacore for 2093c6a02, 
2026-08-28T10:21:18.359733087Z I0828 10:21:18.359677    1295 xla_compilation_cache.cc:113] XLA compilation cache fetch for computation 'jit_multiply' (key 9efcd5060f14cc31) took 229.138854ms: PERSISTENT_FETCH
2026-08-28T10:21:18.579684302Z I0828 10:21:18.579612     739 server_lib.cc:1855] Attempting to load component jit_multiply.679787919433037386 @ 0 at worker after 802.895us (proto size 2432)
2026-08-28T10:21:18.596731038Z I0828 10:21:18.596665    1296 tpu_chip_config.cc:367] Resolved chip config alias megachip_tccontrol->megacore for 2093c6a02, 
2026-08-28T10:21:18.598452329Z I0828 10:21:18.598389    1296 tpu_chip_config.cc:367] Resolved chip config alias megachip_tccontrol->megacore for 2093c6a02, 
2026-08-28T10:21:18.599336696Z I0828 10:21:18.599283    1296 xla_compilation_cache.cc:113] XLA compilation cache fetch for computation 'jit_multiply' (key 22dd78a1da219d4c) took 255.952171ms: PERSISTENT_FETCH
2026-08-28T10:21:18.831794837Z I0828 10:21:18.831706    1866 server_lib.cc:1855] Attempting to load component jit_multiply.14768284516790629127 @ 0 at worker after 787.745us (proto size 2434)
2026-08-28T10:21:18.843658520Z I0828 10:21:18.843592    1295 tpu_chip_config.cc:367] Resolved chip config alias megachip_tccontrol->megacore for 2093c6a02, 
2026-08-28T10:21:18.845285864Z I0828 10:21:18.845223    1295 tpu_chip_config.cc:367] Resolved chip config alias megachip_tccontrol->megacore for 2093c6a02, 
2026-08-28T10:21:18.846122210Z I0828 10:21:18.846059    1295 xla_compilation_cache.cc:113] XLA compilation cache fetch for computation 'jit_multiply' (key cc63cbf0445c72a8) took 266.454933ms: PERSISTENT_FETCH
2026-08-28T10:21:19.104132746Z I0828 10:21:19.104058     739 server_lib.cc:1855] Attempting to load component jit_multiply.679787919433039485 @ 0 at worker after 872.277us (proto size 2426)
2026-08-28T10:21:19.115675905Z I0828 10:21:19.115614    1296 tpu_chip_config.cc:367] Resolved chip config alias megachip_tccontrol->megacore for 2093c6a02, 
2026-08-28T10:21:19.117333489Z I0828 10:21:19.117274    1296 tpu_chip_config.cc:367] Resolved chip config alias megachip_tccontrol->megacore for 2093c6a02, 
2026-08-28T10:21:19.118179791Z I0828 10:21:19.118124    1296 xla_compilation_cache.cc:113] XLA compilation cache fetch for computation 'jit_multiply' (key 53d8628867305c69) took 286.42578ms: PERSISTENT_FETCH
2026-08-28T10:21:19.378373918Z I0828 10:21:19.378296     742 server_lib.cc:1855] Attempting to load component jit_multiply.14768284516790631176 @ 0 at worker after 793.866us (proto size 2428)
2026-08-28T10:21:19.394677075Z I0828 10:21:19.394584    1295 tpu_chip_config.cc:367] Resolved chip config alias megachip_tccontrol->megacore for 2093c6a02, 
2026-08-28T10:21:19.396294744Z I0828 10:21:19.396231    1295 tpu_chip_config.cc:367] Resolved chip config alias megachip_tccontrol->megacore for 2093c6a02, 
2026-08-28T10:21:19.397118611Z I0828 10:21:19.397058    1295 xla_compilation_cache.cc:113] XLA compilation cache fetch for computation 'jit_multiply' (key e55c4ba2f923fd42) took 293.007283ms: PERSISTENT_FETCH
2026-08-28T10:21:19.694532341Z I0828 10:21:19.694444    1296 tpu_chip_config.cc:367] Resolved chip config alias megachip_tccontrol->megacore for 2093c6a02, 
2026-08-28T10:21:19.696160734Z I0828 10:21:19.696090    1296 tpu_chip_config.cc:367] Resolved chip config alias megachip_tccontrol->megacore for 2093c6a02, 
2026-08-28T10:21:19.696987353Z I0828 10:21:19.696937    1296 xla_compilation_cache.cc:113] XLA compilation cache fetch for computation 'jit_multiply' (key 9fe44011f549bb98) took 318.649811ms: PERSISTENT_FETCH
2026-08-28T10:21:19.729345701Z I0828 10:21:19.729255     742 server_lib.cc:1855] Attempting to load component jit_multiply.679787919433037488 @ 0 at worker after 988.635us (proto size 2428)
2026-08-28T10:21:20.097835118Z I0828 10:21:20.097758    1296 tpu_chip_config.cc:367] Resolved chip config alias megachip_tccontrol->megacore for 2093c6a02, 
2026-08-28T10:21:20.099463372Z I0828 10:21:20.099403    1296 tpu_chip_config.cc:367] Resolved chip config alias megachip_tccontrol->megacore for 2093c6a02, 
2026-08-28T10:21:20.100298592Z I0828 10:21:20.100232    1296 xla_compilation_cache.cc:113] XLA compilation cache fetch for computation 'jit_multiply' (key 84fd6c128ec4928d) took 370.984259ms: PERSISTENT_FETCH
2026-08-28T10:21:21.397650140Z I0828 10:21:21.397537     739 server_lib.cc:1855] Attempting to load component jit_tree_numeric_stats.14768284516790629129 @ 0 at worker after 1.834229ms (proto size 12357)
2026-08-28T10:21:36.932871184Z I0828 10:21:36.932701    1296 tpu_chip_config.cc:367] Resolved chip config alias megachip_tccontrol->megacore for 2093c6a02, 
2026-08-28T10:21:36.956287507Z I0828 10:21:36.956195    1296 tpu_chip_config.cc:367] Resolved chip config alias megachip_tccontrol->megacore for 2093c6a02, 
2026-08-28T10:21:37.015423193Z I0828 10:21:37.015331    1296 xla_compilation_cache.cc:113] XLA compilation cache fetch for computation 'jit_tree_numeric_stats' (key ca3908749e191443) took 15.617804011s: PERSISTENT_FETCH
2026-08-28T10:21:43.640437094Z I0828 10:21:43.640144     739 server_lib.cc:1855] Attempting to load component jit__precomputed_gradient_commit.17684357318100722051 @ 0 at worker after 4.919483ms (proto size 109966)
2026-08-28T10:22:48.600436450Z I0828 10:22:48.600285    1296 tpu_chip_config.cc:367] Resolved chip config alias megachip_tccontrol->megacore for 2093c6a02, 
2026-08-28T10:22:48.670829374Z I0828 10:22:48.670723    1296 tpu_chip_config.cc:367] Resolved chip config alias megachip_tccontrol->megacore for 2093c6a02, 
2026-08-28T10:22:48.830891177Z I0828 10:22:48.830800    1296 xla_compilation_cache.cc:113] XLA compilation cache fetch for computation 'jit__precomputed_gradient_commit' (key e0d85ba8bfad5106) took 1m5.190672376s: PERSISTENT_FETCH
2026-08-28T10:26:20.507487547Z I0828 10:26:20.507351    5446 server_lib.cc:1855] Attempting to load component jit__allocate.17684357318100724016 @ 0 at worker after 1.26237ms (proto size 2405)
2026-08-28T10:26:20.566325330Z I0828 10:26:20.566217    1296 tpu_chip_config.cc:367] Resolved chip config alias megachip_tccontrol->megacore for 2093c6a02, 
2026-08-28T10:26:20.568139592Z I0828 10:26:20.568074    1296 tpu_chip_config.cc:367] Resolved chip config alias megachip_tccontrol->megacore for 2093c6a02, 
2026-08-28T10:26:20.569044940Z I0828 10:26:20.568947    1296 xla_compilation_cache.cc:113] XLA compilation cache fetch for computation 'jit__allocate' (key 44c937081d7ee1dc) took 61.610363ms: PERSISTENT_FETCH
2026-08-28T10:26:22.204111831Z I0828 10:26:22.203978     748 worker_op_dispatcher.cc:4605] Component is not loaded yet; deferring unload until load completes: jit__allocate.17684357318100724016 @ 0
2026-08-28T10:26:22.204141701Z I0828 10:26:22.204039    1497 server_lib.cc:743] Unloading component jit__allocate.17684357318100724016 @ 0 at worker
2026-08-28T10:27:19.072526004Z I0828 10:27:19.072376    5447 server_lib.cc:1855] Attempting to load component jit_split.11153768120849232325 @ 0 at worker after 931.623us (proto size 2488)
2026-08-28T10:27:19.587857268Z I0828 10:27:19.587733    5447 server_lib.cc:1855] Attempting to load component jit__compute_active_mask.12319883060084967998 @ 0 at worker after 881.879us (proto size 2433)
2026-08-28T10:27:19.608159851Z I0828 10:27:19.608077    1296 tpu_chip_config.cc:367] Resolved chip config alias megachip_tccontrol->megacore for 2093c6a02, 
2026-08-28T10:27:19.610062178Z I0828 10:27:19.609994    1296 tpu_chip_config.cc:367] Resolved chip config alias megachip_tccontrol->megacore for 2093c6a02, 
2026-08-28T10:27:19.611825233Z I0828 10:27:19.611743    1296 xla_compilation_cache.cc:113] XLA compilation cache fetch for computation 'jit_split' (key da1117f3c8b64daf) took 539.376604ms: PERSISTENT_FETCH
2026-08-28T10:27:19.829465802Z I0828 10:27:19.829375    1295 tpu_chip_config.cc:367] Resolved chip config alias megachip_tccontrol->megacore for 2093c6a02, 
2026-08-28T10:27:19.831020832Z I0828 10:27:19.830931    1295 tpu_chip_config.cc:367] Resolved chip config alias megachip_tccontrol->megacore for 2093c6a02, 
2026-08-28T10:27:19.831883924Z I0828 10:27:19.831780    1295 xla_compilation_cache.cc:113] XLA compilation cache fetch for computation 'jit__compute_active_mask' (key 3aef1cf884a7da1a) took 244.054292ms: PERSISTENT_FETCH
2026-08-28T10:27:27.627765918Z I0828 10:27:27.627631    5508 server_lib.cc:1855] Attempting to load component jit__decode_core.11153768120849233977 @ 0 at worker after 2.246959ms (proto size 15295)
2026-08-28T10:27:36.800688765Z I0828 10:27:36.800535    1295 tpu_chip_config.cc:367] Resolved chip config alias megachip_tccontrol->megacore for 2093c6a02, 
2026-08-28T10:27:36.810421014Z I0828 10:27:36.810354    1295 tpu_chip_config.cc:367] Resolved chip config alias megachip_tccontrol->megacore for 2093c6a02, 
2026-08-28T10:27:36.840123766Z I0828 10:27:36.840048    1295 xla_compilation_cache.cc:113] XLA compilation cache fetch for computation 'jit__decode_core' (key 4db2e0840ec912b7) took 9.212428163s: PERSISTENT_FETCH
2026-08-28T10:27:38.286290953Z I0828 10:27:38.286163    5455 server_lib.cc:1855] Attempting to load component jit_split.14002197779478025344 @ 0 at worker after 859.344us (proto size 2488)
2026-08-28T10:27:38.731944091Z I0828 10:27:38.731845    5455 server_lib.cc:1855] Attempting to load component jit__compute_active_mask.4678516978361695249 @ 0 at worker after 818.445us (proto size 2432)
2026-08-28T10:27:38.755313618Z I0828 10:27:38.755238    1295 tpu_chip_config.cc:367] Resolved chip config alias megachip_tccontrol->megacore for 2093c6a02, 
2026-08-28T10:27:38.757218654Z I0828 10:27:38.757149    1295 tpu_chip_config.cc:367] Resolved chip config alias megachip_tccontrol->megacore for 2093c6a02, 
2026-08-28T10:27:38.758924526Z I0828 10:27:38.758856    1295 xla_compilation_cache.cc:113] XLA compilation cache fetch for computation 'jit_split' (key beee675beb2791cf) took 472.702114ms: PERSISTENT_FETCH
2026-08-28T10:27:38.987456064Z I0828 10:27:38.987358    1296 tpu_chip_config.cc:367] Resolved chip config alias megachip_tccontrol->megacore for 2093c6a02, 
2026-08-28T10:27:38.988935377Z I0828 10:27:38.988870    1296 tpu_chip_config.cc:367] Resolved chip config alias megachip_tccontrol->megacore for 2093c6a02, 
2026-08-28T10:27:38.989721448Z I0828 10:27:38.989660    1296 xla_compilation_cache.cc:113] XLA compilation cache fetch for computation 'jit__compute_active_mask' (key 1ef32c9a0d55e873) took 257.821887ms: PERSISTENT_FETCH
2026-08-28T10:27:45.713577914Z I0828 10:27:45.713425     747 server_lib.cc:1855] Attempting to load component jit__decode_core.14002197779478026988 @ 0 at worker after 2.11386ms (proto size 15295)
2026-08-28T10:28:01.693838480Z I0828 10:28:01.693686    1296 tpu_chip_config.cc:367] Resolved chip config alias megachip_tccontrol->megacore for 2093c6a02, 
2026-08-28T10:28:01.703743444Z I0828 10:28:01.703674    1296 tpu_chip_config.cc:367] Resolved chip config alias megachip_tccontrol->megacore for 2093c6a02, 
2026-08-28T10:28:01.731458401Z I0828 10:28:01.731392    1296 xla_compilation_cache.cc:113] XLA compilation cache fetch for computation 'jit__decode_core' (key 6d35b2919dd5fcad) took 16.017979989s: PERSISTENT_FETCH
2026-08-28T10:28:03.360310334Z I0828 10:28:03.360168    5442 server_lib.cc:1855] Attempting to load component jit_split.17684357318100723238 @ 0 at worker after 877.156us (proto size 2486)
2026-08-28T10:28:03.830577939Z I0828 10:28:03.830503    5442 server_lib.cc:1855] Attempting to load component jit__compute_active_mask.14768284516790630232 @ 0 at worker after 947.425us (proto size 2431)
2026-08-28T10:28:03.856988886Z I0828 10:28:03.856901    1296 tpu_chip_config.cc:367] Resolved chip config alias megachip_tccontrol->megacore for 2093c6a02, 
2026-08-28T10:28:03.858809957Z I0828 10:28:03.858756    1296 tpu_chip_config.cc:367] Resolved chip config alias megachip_tccontrol->megacore for 2093c6a02, 
2026-08-28T10:28:03.860464312Z I0828 10:28:03.860402    1296 xla_compilation_cache.cc:113] XLA compilation cache fetch for computation 'jit_split' (key 7405e16df67d782c) took 500.24192ms: PERSISTENT_FETCH
2026-08-28T10:28:04.121197204Z I0828 10:28:04.121109    1295 tpu_chip_config.cc:367] Resolved chip config alias megachip_tccontrol->megacore for 2093c6a02, 
2026-08-28T10:28:04.122824526Z I0828 10:28:04.122753    1295 tpu_chip_config.cc:367] Resolved chip config alias megachip_tccontrol->megacore for 2093c6a02, 
2026-08-28T10:28:04.123613150Z I0828 10:28:04.123546    1295 xla_compilation_cache.cc:113] XLA compilation cache fetch for computation 'jit__compute_active_mask' (key 91010c1c33592fec) took 293.049571ms: PERSISTENT_FETCH
2026-08-28T10:28:13.315981747Z I0828 10:28:13.315750    5436 server_lib.cc:1855] Attempting to load component jit__decode_core.17684357318100725418 @ 0 at worker after 2.045195ms (proto size 15282)
2026-08-28T10:28:24.316875613Z I0828 10:28:24.316721    1295 tpu_chip_config.cc:367] Resolved chip config alias megachip_tccontrol->megacore for 2093c6a02, 
2026-08-28T10:28:24.326071377Z I0828 10:28:24.325997    1295 tpu_chip_config.cc:367] Resolved chip config alias megachip_tccontrol->megacore for 2093c6a02, 
2026-08-28T10:28:24.356086915Z I0828 10:28:24.356006    1295 xla_compilation_cache.cc:113] XLA compilation cache fetch for computation 'jit__decode_core' (key 1151eceae55a4e27) took 11.040267896s: PERSISTENT_FETCH
2026-08-28T10:28:34.852404750Z I0828 10:28:34.852254     748 worker_op_dispatcher.cc:4605] Component is not loaded yet; deferring unload until load completes: jit_add.5598368294899624984 @ 0
2026-08-28T10:28:34.852452366Z I0828 10:28:34.852311     748 worker_op_dispatcher.cc:4605] Component is not loaded yet; deferring unload until load completes: jit_subtract.5598368294899623153 @ 0
2026-08-28T10:28:34.852458265Z I0828 10:28:34.852299    1489 server_lib.cc:743] Unloading component jit_add.5598368294899624984 @ 0 at worker
2026-08-28T10:28:34.852461549Z I0828 10:28:34.852321     748 worker_op_dispatcher.cc:4605] Component is not loaded yet; deferring unload until load completes: jit_clip.15988940423104944279 @ 0
2026-08-28T10:28:34.852464024Z I0828 10:28:34.852330     748 worker_op_dispatcher.cc:4605] Component is not loaded yet; deferring unload until load completes: jit_multiply.15988940423104944748 @ 0
2026-08-28T10:28:34.852468690Z I0828 10:28:34.852338     748 worker_op_dispatcher.cc:4605] Component is not loaded yet; deferring unload until load completes: jit__reduce_sum.5598368294899623587 @ 0
2026-08-28T10:28:34.852471336Z I0828 10:28:34.852345     748 worker_op_dispatcher.cc:4605] Component is not loaded yet; deferring unload until load completes: jit_clip.15988940423104945092 @ 0
2026-08-28T10:28:34.852473563Z I0828 10:28:34.852354     748 worker_op_dispatcher.cc:4605] Component is not loaded yet; deferring unload until load completes: jit_multiply.15988940423104945561 @ 0
2026-08-28T10:28:34.852487655Z I0828 10:28:34.852362     748 worker_op_dispatcher.cc:4605] Component is not loaded yet; deferring unload until load completes: jit_masked_mean.5598368294899625929 @ 0
2026-08-28T10:28:34.852490084Z I0828 10:28:34.852375     748 worker_op_dispatcher.cc:4605] Component is not loaded yet; deferring unload until load completes: jit__reduce_sum.5598368294899623266 @ 0
2026-08-28T10:28:34.852494399Z I0828 10:28:34.852384     748 worker_op_dispatcher.cc:4605] Component is not loaded yet; deferring unload until load completes: jit_greater.15988940423104944623 @ 0
2026-08-28T10:28:34.852497763Z I0828 10:28:34.852380    1501 server_lib.cc:743] Unloading component jit__reduce_sum.5598368294899623587 @ 0 at worker
2026-08-28T10:28:34.852501940Z I0828 10:28:34.852400    1489 server_lib.cc:743] Unloading component jit_multiply.15988940423104944748 @ 0 at worker
2026-08-28T10:28:34.852507669Z I0828 10:28:34.852400    1493 server_lib.cc:743] Unloading component jit_masked_mean.5598368294899625929 @ 0 at worker
2026-08-28T10:28:34.852529185Z I0828 10:28:34.852412    1494 server_lib.cc:743] Unloading component jit_clip.15988940423104944279 @ 0 at worker
2026-08-28T10:28:34.852550009Z I0828 10:28:34.852418    1495 server_lib.cc:743] Unloading component jit_clip.15988940423104945092 @ 0 at worker
2026-08-28T10:28:34.852584259Z I0828 10:28:34.852447    1503 server_lib.cc:743] Unloading component jit__reduce_sum.5598368294899623266 @ 0 at worker
2026-08-28T10:28:34.852587775Z I0828 10:28:34.852465     748 worker_op_dispatcher.cc:4605] Component is not loaded yet; deferring unload until load completes: jit_maximum.5598368294899625947 @ 0
2026-08-28T10:28:34.852590799Z I0828 10:28:34.852424    1497 server_lib.cc:743] Unloading component jit_multiply.15988940423104945561 @ 0 at worker
2026-08-28T10:28:34.852592589Z I0828 10:28:34.852427    1491 server_lib.cc:743] Unloading component jit_subtract.5598368294899623153 @ 0 at worker
2026-08-28T10:28:34.852594422Z I0828 10:28:34.852495    1500 server_lib.cc:743] Unloading component jit_maximum.5598368294899625947 @ 0 at worker
2026-08-28T10:28:34.852596370Z I0828 10:28:34.852404    1492 server_lib.cc:743] Unloading component jit_greater.15988940423104944623 @ 0 at worker
2026-08-28T10:28:34.852603215Z I0828 10:28:34.852497     748 worker_op_dispatcher.cc:4605] Component is not loaded yet; deferring unload until load completes: jit__reduce_sum.5598368294899622701 @ 0
2026-08-28T10:28:34.852608045Z I0828 10:28:34.852546     748 worker_op_dispatcher.cc:4605] Component is not loaded yet; deferring unload until load completes: jit_exp.5598368294899621964 @ 0
2026-08-28T10:28:34.852609947Z I0828 10:28:34.852549    1492 server_lib.cc:743] Unloading component jit__reduce_sum.5598368294899622701 @ 0 at worker
2026-08-28T10:28:34.852611993Z I0828 10:28:34.852558     748 worker_op_dispatcher.cc:4605] Component is not loaded yet; deferring unload until load completes: jit_minimum.15988940423104943018 @ 0
2026-08-28T10:28:34.852613856Z I0828 10:28:34.852568     748 worker_op_dispatcher.cc:4605] Component is not loaded yet; deferring unload until load completes: jit__mean.5598368294899623022 @ 0
2026-08-28T10:28:34.852615797Z I0828 10:28:34.852575     748 worker_op_dispatcher.cc:4605] Component is not loaded yet; deferring unload until load completes: jit__reduce_min.5598368294899623230 @ 0
2026-08-28T10:28:34.852617530Z I0828 10:28:34.852584     748 worker_op_dispatcher.cc:4605] Component is not loaded yet; deferring unload until load completes: jit_clip.15988940423104942403 @ 0
2026-08-28T10:28:34.852620070Z I0828 10:28:34.852593     748 worker_op_dispatcher.cc:4605] Component is not loaded yet; deferring unload until load completes: jit__reduce_max.15988940423104943091 @ 0
2026-08-28T10:28:34.852651157Z I0828 10:28:34.852600     748 worker_op_dispatcher.cc:4605] Component is not loaded yet; deferring unload until load completes: jit_abs.15988940423104942622 @ 0
2026-08-28T10:28:34.852672539Z I0828 10:28:34.852610     748 worker_op_dispatcher.cc:4605] Component is not loaded yet; deferring unload until load completes: jit_true_divide.15988940423104943341 @ 0
2026-08-28T10:28:34.852676657Z I0828 10:28:34.852605    1488 server_lib.cc:743] Unloading component jit_exp.5598368294899621964 @ 0 at worker
2026-08-28T10:28:34.852679850Z I0828 10:28:34.852621    1492 server_lib.cc:743] Unloading component jit__reduce_min.5598368294899623230 @ 0 at worker
2026-08-28T10:28:34.852696469Z I0828 10:28:34.852606    1486 server_lib.cc:743] Unloading component jit__mean.5598368294899623022 @ 0 at worker
2026-08-28T10:28:34.852715530Z I0828 10:28:34.852623     748 worker_op_dispatcher.cc:4605] Component is not loaded yet; deferring unload until load completes: jit__where.5598368294899622909 @ 0
2026-08-28T10:28:34.852720364Z I0828 10:28:34.852633    1485 server_lib.cc:743] Unloading component jit_minimum.15988940423104943018 @ 0 at worker
2026-08-28T10:28:34.852723559Z I0828 10:28:34.852637    1484 server_lib.cc:743] Unloading component jit_clip.15988940423104942403 @ 0 at worker
2026-08-28T10:28:34.852725813Z I0828 10:28:34.852650     748 worker_op_dispatcher.cc:4605] Component is not loaded yet; deferring unload until load completes: jit_subtract.15988940423104945686 @ 0
2026-08-28T10:28:34.852736535Z I0828 10:28:34.852632    1483 server_lib.cc:743] Unloading component jit__reduce_max.15988940423104943091 @ 0 at worker
2026-08-28T10:28:34.852749394Z I0828 10:28:34.852651    1482 server_lib.cc:743] Unloading component jit_abs.15988940423104942622 @ 0 at worker
2026-08-28T10:28:34.852752794Z I0828 10:28:34.852640    1502 server_lib.cc:743] Unloading component jit_true_divide.15988940423104943341 @ 0 at worker
2026-08-28T10:28:34.852755855Z I0828 10:28:34.852669     748 worker_op_dispatcher.cc:4605] Component is not loaded yet; deferring unload until load completes: jit__where.5598368294899624966 @ 0
2026-08-28T10:28:34.852761699Z I0828 10:28:34.852650    1492 server_lib.cc:743] Unloading component jit__where.5598368294899622909 @ 0 at worker
2026-08-28T10:28:34.852823487Z I0828 10:28:34.852682     748 worker_op_dispatcher.cc:4605] Component is not loaded yet; deferring unload until load completes: jit_negative.5598368294899625531 @ 0
2026-08-28T10:28:34.852826607Z I0828 10:28:34.852689    1502 server_lib.cc:743] Unloading component jit__where.5598368294899624966 @ 0 at worker
2026-08-28T10:28:34.852829628Z I0828 10:28:34.852691     748 worker_op_dispatcher.cc:4605] Component is not loaded yet; deferring unload until load completes: jit_true_divide.15988940423104943758 @ 0
2026-08-28T10:28:34.852832295Z I0828 10:28:34.852690    1481 server_lib.cc:743] Unloading component jit_subtract.15988940423104945686 @ 0 at worker
2026-08-28T10:28:34.852834673Z I0828 10:28:34.852706    1485 server_lib.cc:743] Unloading component jit_negative.5598368294899625531 @ 0 at worker
2026-08-28T10:28:34.852836949Z I0828 10:28:34.852713    1502 server_lib.cc:743] Unloading component jit_true_divide.15988940423104943758 @ 0 at worker
2026-08-28T10:28:35.054166388Z I0828 10:28:35.054098     748 worker_op_dispatcher.cc:4605] Component is not loaded yet; deferring unload until load completes: jit_sample.5009576107440553640 @ 0
2026-08-28T10:28:35.054180450Z I0828 10:28:35.054111     748 worker_op_dispatcher.cc:4605] Component is not loaded yet; deferring unload until load completes: jit_sample.17152593400471993221 @ 0
2026-08-28T10:28:35.054184349Z I0828 10:28:35.054124     748 worker_op_dispatcher.cc:4605] Component is not loaded yet; deferring unload until load completes: jit_sample.5009576107440552375 @ 0
2026-08-28T10:28:35.054187228Z I0828 10:28:35.054130     748 worker_op_dispatcher.cc:4605] Component is not loaded yet; deferring unload until load completes: jit_sample.5009576107440549980 @ 0
2026-08-28T10:28:35.054189438Z I0828 10:28:35.054142     748 worker_op_dispatcher.cc:4605] Component is not loaded yet; deferring unload until load completes: jit_sample.17152593400471992737 @ 0
2026-08-28T10:28:35.054191987Z I0828 10:28:35.054150     748 worker_op_dispatcher.cc:4605] Component is not loaded yet; deferring unload until load completes: jit_sample.17152593400471991579 @ 0
2026-08-28T10:28:35.054205632Z I0828 10:28:35.054157     748 worker_op_dispatcher.cc:4605] Component is not loaded yet; deferring unload until load completes: jit_sample.17152593400471991285 @ 0
2026-08-28T10:28:35.054232312Z I0828 10:28:35.054158    1502 server_lib.cc:743] Unloading component jit_sample.17152593400471993221 @ 0 at worker
2026-08-28T10:28:35.054252437Z I0828 10:28:35.054160    1492 server_lib.cc:743] Unloading component jit_sample.5009576107440553640 @ 0 at worker
2026-08-28T10:28:35.054255462Z I0828 10:28:35.054173    1482 server_lib.cc:743] Unloading component jit_sample.5009576107440552375 @ 0 at worker
2026-08-28T10:28:35.054257775Z I0828 10:28:35.054182    1483 server_lib.cc:743] Unloading component jit_sample.17152593400471992737 @ 0 at worker
2026-08-28T10:28:35.054260368Z I0828 10:28:35.054165     748 worker_op_dispatcher.cc:4605] Component is not loaded yet; deferring unload until load completes: jit_sample.17542282987440715599 @ 0
2026-08-28T10:28:35.054274168Z I0828 10:28:35.054195    1500 server_lib.cc:743] Unloading component jit_sample.17152593400471991579 @ 0 at worker
2026-08-28T10:28:35.054276248Z I0828 10:28:35.054200    1497 server_lib.cc:743] Unloading component jit_sample.5009576107440549980 @ 0 at worker
2026-08-28T10:28:35.054278198Z I0828 10:28:35.054206     748 worker_op_dispatcher.cc:4605] Component is not loaded yet; deferring unload until load completes: jit_sample.17542282987440714231 @ 0
2026-08-28T10:28:35.054280201Z I0828 10:28:35.054211    1502 server_lib.cc:743] Unloading component jit_sample.17152593400471991285 @ 0 at worker
2026-08-28T10:28:35.054282334Z I0828 10:28:35.054208    1482 server_lib.cc:743] Unloading component jit_sample.17542282987440715599 @ 0 at worker
2026-08-28T10:28:35.054284078Z I0828 10:28:35.054239     748 worker_op_dispatcher.cc:4605] Component is not loaded yet; deferring unload until load completes: jit_sample.5009576107440553378 @ 0
2026-08-28T10:28:35.054285912Z I0828 10:28:35.054240    1483 server_lib.cc:743] Unloading component jit_sample.17542282987440714231 @ 0 at worker
2026-08-28T10:28:35.054349341Z I0828 10:28:35.054268    1482 server_lib.cc:743] Unloading component jit_sample.5009576107440553378 @ 0 at worker
2026-08-28T10:28:35.054367181Z I0828 10:28:35.054273     748 worker_op_dispatcher.cc:4605] Component is not loaded yet; deferring unload until load completes: jit_sample.17152593400471992011 @ 0
2026-08-28T10:28:35.054371270Z I0828 10:28:35.054285     748 worker_op_dispatcher.cc:4605] Component is not loaded yet; deferring unload until load completes: jit_sample.10416149044182840371 @ 0
2026-08-28T10:28:35.054374367Z I0828 10:28:35.054313    1482 server_lib.cc:743] Unloading component jit_sample.17152593400471992011 @ 0 at worker
2026-08-28T10:28:35.054383417Z I0828 10:28:35.054332    1482 server_lib.cc:743] Unloading component jit_sample.10416149044182840371 @ 0 at worker
2026-08-28T10:28:35.755841271Z I0828 10:28:35.755770     748 worker_op_dispatcher.cc:4605] Component is not loaded yet; deferring unload until load completes: jit_clip.5598368294899624722 @ 0
2026-08-28T10:28:35.755860696Z I0828 10:28:35.755788     748 worker_op_dispatcher.cc:4605] Component is not loaded yet; deferring unload until load completes: jit_clip.15988940423104943039 @ 0
2026-08-28T10:28:35.755865329Z I0828 10:28:35.755794     748 worker_op_dispatcher.cc:4605] Component is not loaded yet; deferring unload until load completes: jit__where.15988940423104943977 @ 0
2026-08-28T10:28:35.755892280Z I0828 10:28:35.755845    1485 server_lib.cc:743] Unloading component jit_clip.5598368294899624722 @ 0 at worker
2026-08-28T10:28:35.755907415Z I0828 10:28:35.755848    1479 server_lib.cc:743] Unloading component jit_clip.15988940423104943039 @ 0 at worker
2026-08-28T10:28:35.755961882Z I0828 10:28:35.755888    1491 server_lib.cc:743] Unloading component jit__where.15988940423104943977 @ 0 at worker
2026-08-28T10:28:36.964387325Z I0828 10:28:36.964295     748 worker_op_dispatcher.cc:4605] Component is not loaded yet; deferring unload until load completes: jit_broadcast_in_dim.5009576107440551239 @ 0
2026-08-28T10:28:36.964418657Z I0828 10:28:36.964331     748 worker_op_dispatcher.cc:4605] Component is not loaded yet; deferring unload until load completes: jit_broadcast_in_dim.17542282987440714210 @ 0
2026-08-28T10:28:36.964424188Z I0828 10:28:36.964340     748 worker_op_dispatcher.cc:4605] Component is not loaded yet; deferring unload until load completes: jit_broadcast_in_dim.5009576107440551675 @ 0
2026-08-28T10:28:36.964426969Z I0828 10:28:36.964351     748 worker_op_dispatcher.cc:4605] Component is not loaded yet; deferring unload until load completes: jit_broadcast_in_dim.10416149044182841477 @ 0
2026-08-28T10:28:36.964429344Z I0828 10:28:36.964362     748 worker_op_dispatcher.cc:4605] Component is not loaded yet; deferring unload until load completes: jit_broadcast_in_dim.17152593400471993187 @ 0
2026-08-28T10:28:36.964451112Z I0828 10:28:36.964370     748 worker_op_dispatcher.cc:4605] Component is not loaded yet; deferring unload until load completes: jit_reshape.12553407529559188076 @ 0
2026-08-28T10:28:36.964454260Z I0828 10:28:36.964366    1485 server_lib.cc:743] Unloading component jit_broadcast_in_dim.5009576107440551239 @ 0 at worker
2026-08-28T10:28:36.964457626Z I0828 10:28:36.964394    1487 server_lib.cc:743] Unloading component jit_broadcast_in_dim.10416149044182841477 @ 0 at worker
2026-08-28T10:28:36.964485742Z I0828 10:28:36.964404    1505 server_lib.cc:743] Unloading component jit_broadcast_in_dim.5009576107440551675 @ 0 at worker
2026-08-28T10:28:36.964545799Z I0828 10:28:36.964432    1500 server_lib.cc:743] Unloading component jit_broadcast_in_dim.17152593400471993187 @ 0 at worker
2026-08-28T10:28:36.964550698Z I0828 10:28:36.964411    1491 server_lib.cc:743] Unloading component jit_broadcast_in_dim.17542282987440714210 @ 0 at worker
2026-08-28T10:28:36.964553974Z I0828 10:28:36.964413    1492 server_lib.cc:743] Unloading component jit_reshape.12553407529559188076 @ 0 at worker
2026-08-28T10:28:36.964566891Z I0828 10:28:36.964480     748 worker_op_dispatcher.cc:4605] Component is not loaded yet; deferring unload until load completes: jit_reshape.12553407529559188448 @ 0
2026-08-28T10:28:36.964598390Z I0828 10:28:36.964515    1492 server_lib.cc:743] Unloading component jit_reshape.12553407529559188448 @ 0 at worker
2026-08-28T10:28:36.964669373Z I0828 10:28:36.964595     748 worker_op_dispatcher.cc:4605] Component is not loaded yet; deferring unload until load completes: jit_broadcast_in_dim.17152593400471990638 @ 0
2026-08-28T10:28:36.964689550Z I0828 10:28:36.964607     748 worker_op_dispatcher.cc:4605] Component is not loaded yet; deferring unload until load completes: jit_broadcast_in_dim.5009576107440553593 @ 0
2026-08-28T10:28:36.964698973Z I0828 10:28:36.964647    1492 server_lib.cc:743] Unloading component jit_broadcast_in_dim.5009576107440553593 @ 0 at worker
2026-08-28T10:28:36.964703330Z I0828 10:28:36.964647    1486 server_lib.cc:743] Unloading component jit_broadcast_in_dim.17152593400471990638 @ 0 at worker
2026-08-28T10:28:36.964833649Z I0828 10:28:36.964778     748 worker_op_dispatcher.cc:4605] Component is not loaded yet; deferring unload until load completes: jit_broadcast_in_dim.17542282987440714362 @ 0
2026-08-28T10:28:36.964842759Z I0828 10:28:36.964810    1485 server_lib.cc:743] Unloading component jit_broadcast_in_dim.17542282987440714362 @ 0 at worker
2026-08-28T10:28:36.964984630Z I0828 10:28:36.964933     748 worker_op_dispatcher.cc:4605] Component is not loaded yet; deferring unload until load completes: jit_broadcast_in_dim.5009576107440551196 @ 0
2026-08-28T10:28:36.964995739Z I0828 10:28:36.964943     748 worker_op_dispatcher.cc:4605] Component is not loaded yet; deferring unload until load completes: jit_broadcast_in_dim.17542282987440715101 @ 0
2026-08-28T10:28:36.964999208Z I0828 10:28:36.964951     748 worker_op_dispatcher.cc:4605] Component is not loaded yet; deferring unload until load completes: jit_broadcast_in_dim.17152593400471992323 @ 0
2026-08-28T10:28:36.965004945Z I0828 10:28:36.964970    1485 server_lib.cc:743] Unloading component jit_broadcast_in_dim.5009576107440551196 @ 0 at worker
2026-08-28T10:28:36.965066952Z I0828 10:28:36.964979    1497 server_lib.cc:743] Unloading component jit_broadcast_in_dim.17542282987440715101 @ 0 at worker
2026-08-28T10:28:36.965100976Z I0828 10:28:36.965005     748 worker_op_dispatcher.cc:4605] Component is not loaded yet; deferring unload until load completes: jit_broadcast_in_dim.17542282987440713775 @ 0
2026-08-28T10:28:36.965106549Z I0828 10:28:36.965002    1500 server_lib.cc:743] Unloading component jit_broadcast_in_dim.17152593400471992323 @ 0 at worker
2026-08-28T10:28:36.965131951Z I0828 10:28:36.965019     748 worker_op_dispatcher.cc:4605] Component is not loaded yet; deferring unload until load completes: jit_broadcast_in_dim.12553407529559188203 @ 0
2026-08-28T10:28:36.965134924Z I0828 10:28:36.965040     748 worker_op_dispatcher.cc:4605] Component is not loaded yet; deferring unload until load completes: jit_convert_element_type.17152593400471990586 @ 0
2026-08-28T10:28:36.965147095Z I0828 10:28:36.965040    1491 server_lib.cc:743] Unloading component jit_broadcast_in_dim.17542282987440713775 @ 0 at worker
2026-08-28T10:28:36.965151978Z I0828 10:28:36.965053     748 worker_op_dispatcher.cc:4605] Component is not loaded yet; deferring unload until load completes: jit_broadcast_in_dim.12553407529559190500 @ 0
2026-08-28T10:28:36.965155590Z I0828 10:28:36.965059    1484 server_lib.cc:743] Unloading component jit_broadcast_in_dim.12553407529559188203 @ 0 at worker
2026-08-28T10:28:36.965188373Z I0828 10:28:36.965077    1487 server_lib.cc:743] Unloading component jit_convert_element_type.17152593400471990586 @ 0 at worker
2026-08-28T10:28:36.965193923Z I0828 10:28:36.965084     748 worker_op_dispatcher.cc:4605] Component is not loaded yet; deferring unload until load completes: jit_broadcast_in_dim.5009576107440551892 @ 0
2026-08-28T10:28:36.965196452Z I0828 10:28:36.965088    1497 server_lib.cc:743] Unloading component jit_broadcast_in_dim.12553407529559190500 @ 0 at worker
2026-08-28T10:28:36.965198981Z I0828 10:28:36.965092     748 worker_op_dispatcher.cc:4605] Component is not loaded yet; deferring unload until load completes: jit_broadcast_in_dim.5009576107440553636 @ 0
2026-08-28T10:28:36.965201566Z I0828 10:28:36.965110    1484 server_lib.cc:743] Unloading component jit_broadcast_in_dim.5009576107440551892 @ 0 at worker
2026-08-28T10:28:36.965205991Z I0828 10:28:36.965121    1488 server_lib.cc:743] Unloading component jit_broadcast_in_dim.5009576107440553636 @ 0 at worker
2026-08-28T10:28:36.965215350Z I0828 10:28:36.965150     748 worker_op_dispatcher.cc:4605] Component is not loaded yet; deferring unload until load completes: jit_broadcast_in_dim.10416149044182839472 @ 0
2026-08-28T10:28:36.965218313Z I0828 10:28:36.965162     748 worker_op_dispatcher.cc:4605] Component is not loaded yet; deferring unload until load completes: jit_broadcast_in_dim.12553407529559187522 @ 0
2026-08-28T10:28:36.965222227Z I0828 10:28:36.965168     748 worker_op_dispatcher.cc:4605] Component is not loaded yet; deferring unload until load completes: jit_broadcast_in_dim.17152593400471993671 @ 0
2026-08-28T10:28:36.965227798Z I0828 10:28:36.965175     748 worker_op_dispatcher.cc:4605] Component is not loaded yet; deferring unload until load completes: jit_broadcast_in_dim.5009576107440553329 @ 0
2026-08-28T10:28:36.965230269Z I0828 10:28:36.965177    1497 server_lib.cc:743] Unloading component jit_broadcast_in_dim.10416149044182839472 @ 0 at worker
2026-08-28T10:28:36.965253458Z I0828 10:28:36.965206    1501 server_lib.cc:743] Unloading component jit_broadcast_in_dim.17152593400471993671 @ 0 at worker
2026-08-28T10:28:36.965259519Z I0828 10:28:36.965209    1480 server_lib.cc:743] Unloading component jit_broadcast_in_dim.12553407529559187522 @ 0 at worker
2026-08-28T10:28:36.965267637Z I0828 10:28:36.965220    1483 server_lib.cc:743] Unloading component jit_broadcast_in_dim.5009576107440553329 @ 0 at worker
2026-08-28T10:28:36.965273081Z I0828 10:28:36.965242     748 worker_op_dispatcher.cc:4605] Component is not loaded yet; deferring unload until load completes: jit_broadcast_in_dim.17152593400471992608 @ 0
2026-08-28T10:28:36.965279040Z I0828 10:28:36.965260     748 worker_op_dispatcher.cc:4605] Component is not loaded yet; deferring unload until load completes: jit_broadcast_in_dim.5009576107440550803 @ 0
2026-08-28T10:28:36.965300186Z I0828 10:28:36.965275    1501 server_lib.cc:743] Unloading component jit_broadcast_in_dim.5009576107440550803 @ 0 at worker
2026-08-28T10:28:36.965374124Z I0828 10:28:36.965275    1491 server_lib.cc:743] Unloading component jit_broadcast_in_dim.17152593400471992608 @ 0 at worker
2026-08-28T10:28:36.965700637Z I0828 10:28:36.965644     748 worker_op_dispatcher.cc:4605] Component is not loaded yet; deferring unload until load completes: jit_reshape.15995949837485654836 @ 0
2026-08-28T10:28:36.965713561Z I0828 10:28:36.965677    1497 server_lib.cc:743] Unloading component jit_reshape.15995949837485654836 @ 0 at worker
2026-08-28T10:28:36.965834046Z I0828 10:28:36.965794     748 worker_op_dispatcher.cc:4605] Component is not loaded yet; deferring unload until load completes: jit_reshape.11021083957486999860 @ 0
2026-08-28T10:28:36.965852864Z I0828 10:28:36.965805     748 worker_op_dispatcher.cc:4605] Component is not loaded yet; deferring unload until load completes: jit_reshape.5009576107440549949 @ 0
2026-08-28T10:28:36.965856098Z I0828 10:28:36.965814     748 worker_op_dispatcher.cc:4605] Component is not loaded yet; deferring unload until load completes: jit_reshape.5009576107440553609 @ 0
2026-08-28T10:28:36.965859623Z I0828 10:28:36.965821     748 worker_op_dispatcher.cc:4605] Component is not loaded yet; deferring unload until load completes: jit_reshape.5009576107440550428 @ 0
2026-08-28T10:28:36.965867577Z I0828 10:28:36.965826    1483 server_lib.cc:743] Unloading component jit_reshape.11021083957486999860 @ 0 at worker
2026-08-28T10:28:36.965871800Z I0828 10:28:36.965831     748 worker_op_dispatcher.cc:4605] Component is not loaded yet; deferring unload until load completes: jit_reshape.12553407529559191241 @ 0
2026-08-28T10:28:36.965879436Z I0828 10:28:36.965840    1482 server_lib.cc:743] Unloading component jit_reshape.5009576107440549949 @ 0 at worker
2026-08-28T10:28:36.965884172Z I0828 10:28:36.965860    1483 server_lib.cc:743] Unloading component jit_reshape.12553407529559191241 @ 0 at worker
2026-08-28T10:28:36.965886775Z I0828 10:28:36.965842    1488 server_lib.cc:743] Unloading component jit_reshape.5009576107440550428 @ 0 at worker
2026-08-28T10:28:36.965892287Z I0828 10:28:36.965863    1502 server_lib.cc:743] Unloading component jit_reshape.5009576107440553609 @ 0 at worker
2026-08-28T10:28:36.966114092Z I0828 10:28:36.966085     748 worker_op_dispatcher.cc:4605] Component is not loaded yet; deferring unload until load completes: jit_convert_element_type.17152593400471992375 @ 0
2026-08-28T10:28:36.966121708Z I0828 10:28:36.966095     748 worker_op_dispatcher.cc:4605] Component is not loaded yet; deferring unload until load completes: jit_reshape.12553407529559189379 @ 0
2026-08-28T10:28:36.966124495Z I0828 10:28:36.966102     748 worker_op_dispatcher.cc:4605] Component is not loaded yet; deferring unload until load completes: jit_reshape.5009576107440550864 @ 0
2026-08-28T10:28:36.966129044Z I0828 10:28:36.966109     748 worker_op_dispatcher.cc:4605] Component is not loaded yet; deferring unload until load completes: jit_reshape.5009576107440551779 @ 0
2026-08-28T10:28:36.966140733Z I0828 10:28:36.966115    1480 server_lib.cc:743] Unloading component jit_convert_element_type.17152593400471992375 @ 0 at worker
2026-08-28T10:28:36.966165502Z I0828 10:28:36.966122    1483 server_lib.cc:743] Unloading component jit_reshape.5009576107440550864 @ 0 at worker
2026-08-28T10:28:36.966171641Z I0828 10:28:36.966119    1502 server_lib.cc:743] Unloading component jit_reshape.12553407529559189379 @ 0 at worker
2026-08-28T10:28:36.966174522Z I0828 10:28:36.966133    1482 server_lib.cc:743] Unloading component jit_reshape.5009576107440551779 @ 0 at worker
2026-08-28T10:28:36.968681610Z I0828 10:28:36.967371     748 worker_op_dispatcher.cc:4605] Component is not loaded yet; deferring unload until load completes: jit_stack.5598368294899625644 @ 0
2026-08-28T10:28:36.968718334Z I0828 10:28:36.967381     748 worker_op_dispatcher.cc:4605] Component is not loaded yet; deferring unload until load completes: jit_reshape.5598368294899623379 @ 0
2026-08-28T10:28:36.969195297Z I0828 10:28:36.967407    1501 server_lib.cc:743] Unloading component jit_stack.5598368294899625644 @ 0 at worker
2026-08-28T10:28:36.969242354Z I0828 10:28:36.967413    1483 server_lib.cc:743] Unloading component jit_reshape.5598368294899623379 @ 0 at worker
2026-08-28T10:28:36.969248268Z I0828 10:28:36.967492     748 worker_op_dispatcher.cc:4605] Component is not loaded yet; deferring unload until load completes: jit_broadcast_in_dim.15988940423104944915 @ 0
2026-08-28T10:28:36.969252351Z I0828 10:28:36.967503     748 worker_op_dispatcher.cc:4605] Component is not loaded yet; deferring unload until load completes: jit_div.5598368294899623325 @ 0
2026-08-28T10:28:36.969255608Z I0828 10:28:36.967509     748 worker_op_dispatcher.cc:4605] Component is not loaded yet; deferring unload until load completes: jit_broadcast_in_dim.15988940423104944446 @ 0
2026-08-28T10:28:36.969258096Z I0828 10:28:36.967515     748 worker_op_dispatcher.cc:4605] Component is not loaded yet; deferring unload until load completes: jit_add.5598368294899622891 @ 0
2026-08-28T10:28:36.969268959Z I0828 10:28:36.967522     748 worker_op_dispatcher.cc:4605] Component is not loaded yet; deferring unload until load completes: jit_mul.15988940423104943508 @ 0
2026-08-28T10:28:36.969271751Z I0828 10:28:36.967525    1482 server_lib.cc:743] Unloading component jit_broadcast_in_dim.15988940423104944915 @ 0 at worker
2026-08-28T10:28:36.969274761Z I0828 10:28:36.967534     748 worker_op_dispatcher.cc:4605] Component is not loaded yet; deferring unload until load completes: jit_mul.5598368294899625156 @ 0
2026-08-28T10:28:36.969277189Z I0828 10:28:36.967548    1487 server_lib.cc:743] Unloading component jit_broadcast_in_dim.15988940423104944446 @ 0 at worker
2026-08-28T10:28:36.969280977Z I0828 10:28:36.967549    1497 server_lib.cc:743] Unloading component jit_div.5598368294899623325 @ 0 at worker
2026-08-28T10:28:36.969285035Z I0828 10:28:36.967553    1492 server_lib.cc:743] Unloading component jit_mul.15988940423104943508 @ 0 at worker
2026-08-28T10:28:36.969288686Z I0828 10:28:36.967550    1484 server_lib.cc:743] Unloading component jit_add.5598368294899622891 @ 0 at worker
2026-08-28T10:28:36.969296448Z I0828 10:28:36.967564    1482 server_lib.cc:743] Unloading component jit_mul.5598368294899625156 @ 0 at worker
2026-08-28T10:28:36.969300092Z I0828 10:28:36.967609     748 worker_op_dispatcher.cc:4605] Component is not loaded yet; deferring unload until load completes: jit_reshape.5598368294899625043 @ 0
2026-08-28T10:28:36.969317749Z I0828 10:28:36.967643    1482 server_lib.cc:743] Unloading component jit_reshape.5598368294899625043 @ 0 at worker
2026-08-28T10:28:36.969320979Z I0828 10:28:36.967803     748 worker_op_dispatcher.cc:4605] Component is not loaded yet; deferring unload until load completes: jit_broadcast_in_dim.15988940423104942872 @ 0
2026-08-28T10:28:36.969323624Z I0828 10:28:36.967833    1488 server_lib.cc:743] Unloading component jit_broadcast_in_dim.15988940423104942872 @ 0 at worker
2026-08-28T10:28:36.969326347Z I0828 10:28:36.968461     748 worker_op_dispatcher.cc:4605] Component is not loaded yet; deferring unload until load completes: jit_reshape.10416149044182839717 @ 0
2026-08-28T10:28:36.969329428Z I0828 10:28:36.968470     748 worker_op_dispatcher.cc:4605] Component is not loaded yet; deferring unload until load completes: jit_concatenate.10416149044182839734 @ 0
2026-08-28T10:28:36.969332718Z I0828 10:28:36.968498    1487 server_lib.cc:743] Unloading component jit_concatenate.10416149044182839734 @ 0 at worker
2026-08-28T10:28:36.969335586Z I0828 10:28:36.968506    1497 server_lib.cc:743] Unloading component jit_reshape.10416149044182839717 @ 0 at worker
2026-08-28T10:28:37.095306754Z I0828 10:28:37.095227     748 worker_op_dispatcher.cc:4605] Component is not loaded yet; deferring unload until load completes: jit_gather.5598368294899622575 @ 0
2026-08-28T10:28:37.095327884Z I0828 10:28:37.095245     748 worker_op_dispatcher.cc:4605] Component is not loaded yet; deferring unload until load completes: jit_gather.12319883060084966271 @ 0
2026-08-28T10:28:37.095332991Z I0828 10:28:37.095271    1487 server_lib.cc:743] Unloading component jit_gather.5598368294899622575 @ 0 at worker
2026-08-28T10:28:37.095339779Z I0828 10:28:37.095280    1480 server_lib.cc:743] Unloading component jit_gather.12319883060084966271 @ 0 at worker
2026-08-28T10:28:37.095463881Z I0828 10:28:37.095385     748 worker_op_dispatcher.cc:4605] Component is not loaded yet; deferring unload until load completes: jit_concatenate.5598368294899625323 @ 0
2026-08-28T10:28:37.095493417Z I0828 10:28:37.095395     748 worker_op_dispatcher.cc:4605] Component is not loaded yet; deferring unload until load completes: jit_concatenate.10416149044182839336 @ 0
2026-08-28T10:28:37.095499399Z I0828 10:28:37.095401     748 worker_op_dispatcher.cc:4605] Component is not loaded yet; deferring unload until load completes: jit_reshape.5598368294899624406 @ 0
2026-08-28T10:28:37.095503455Z I0828 10:28:37.095407     748 worker_op_dispatcher.cc:4605] Component is not loaded yet; deferring unload until load completes: jit_concatenate.10416149044182841858 @ 0
2026-08-28T10:28:37.095509964Z I0828 10:28:37.095413     748 worker_op_dispatcher.cc:4605] Component is not loaded yet; deferring unload until load completes: jit_gather.5598368294899624989 @ 0
2026-08-28T10:28:37.095515624Z I0828 10:28:37.095420     748 worker_op_dispatcher.cc:4605] Component is not loaded yet; deferring unload until load completes: jit_concatenate.15988940423104945221 @ 0
2026-08-28T10:28:37.095520962Z I0828 10:28:37.095428     748 worker_op_dispatcher.cc:4605] Component is not loaded yet; deferring unload until load completes: jit_convert_element_type.15988940423104944946 @ 0
2026-08-28T10:28:37.095523610Z I0828 10:28:37.095435     748 worker_op_dispatcher.cc:4605] Component is not loaded yet; deferring unload until load completes: jit_convert_element_type.15988940423104943289 @ 0
2026-08-28T10:28:37.095527194Z I0828 10:28:37.095434    1488 server_lib.cc:743] Unloading component jit_concatenate.10416149044182839336 @ 0 at worker
2026-08-28T10:28:37.095538602Z I0828 10:28:37.095435    1480 server_lib.cc:743] Unloading component jit_reshape.5598368294899624406 @ 0 at worker
2026-08-28T10:28:37.095541071Z I0828 10:28:37.095444    1502 server_lib.cc:743] Unloading component jit_gather.5598368294899624989 @ 0 at worker
2026-08-28T10:28:37.095543410Z I0828 10:28:37.095440    1501 server_lib.cc:743] Unloading component jit_concatenate.10416149044182841858 @ 0 at worker
2026-08-28T10:28:37.095546369Z I0828 10:28:37.095459    1492 server_lib.cc:743] Unloading component jit_concatenate.15988940423104945221 @ 0 at worker
2026-08-28T10:28:37.095549744Z I0828 10:28:37.095453    1484 server_lib.cc:743] Unloading component jit_convert_element_type.15988940423104943289 @ 0 at worker
2026-08-28T10:28:37.095552942Z I0828 10:28:37.095458    1488 server_lib.cc:743] Unloading component jit_convert_element_type.15988940423104944946 @ 0 at worker
2026-08-28T10:28:37.095586612Z I0828 10:28:37.095454    1497 server_lib.cc:743] Unloading component jit_concatenate.5598368294899625323 @ 0 at worker
2026-08-28T10:28:37.095699043Z I0828 10:28:37.095625     748 worker_op_dispatcher.cc:4605] Component is not loaded yet; deferring unload until load completes: jit_gather.14768284516790631028 @ 0
2026-08-28T10:28:37.095720669Z I0828 10:28:37.095636     748 worker_op_dispatcher.cc:4605] Component is not loaded yet; deferring unload until load completes: jit_broadcast_in_dim.679787919433039313 @ 0
2026-08-28T10:28:37.095732845Z I0828 10:28:37.095642     748 worker_op_dispatcher.cc:4605] Component is not loaded yet; deferring unload until load completes: jit_scatter-add.12319883060084965649 @ 0
2026-08-28T10:28:37.095735264Z I0828 10:28:37.095649     748 worker_op_dispatcher.cc:4605] Component is not loaded yet; deferring unload until load completes: jit_scatter-add.5598368294899624763 @ 0
2026-08-28T10:28:37.095741088Z I0828 10:28:37.095656     748 worker_op_dispatcher.cc:4605] Component is not loaded yet; deferring unload until load completes: jit_convert_element_type.17152593400471992816 @ 0
2026-08-28T10:28:37.095745895Z I0828 10:28:37.095662     748 worker_op_dispatcher.cc:4605] Component is not loaded yet; deferring unload until load completes: jit_scatter-add.4294846250867694557 @ 0
2026-08-28T10:28:37.095749238Z I0828 10:28:37.095662    1488 server_lib.cc:743] Unloading component jit_scatter-add.12319883060084965649 @ 0 at worker
2026-08-28T10:28:37.095752481Z I0828 10:28:37.095672     748 worker_op_dispatcher.cc:4605] Component is not loaded yet; deferring unload until load completes: jit_scatter-add.4294846250867693496 @ 0
2026-08-28T10:28:37.095807444Z I0828 10:28:37.095674    1491 server_lib.cc:743] Unloading component jit_gather.14768284516790631028 @ 0 at worker
2026-08-28T10:28:37.095810960Z I0828 10:28:37.095689    1480 server_lib.cc:743] Unloading component jit_scatter-add.5598368294899624763 @ 0 at worker
2026-08-28T10:28:37.095813214Z I0828 10:28:37.095685    1505 server_lib.cc:743] Unloading component jit_broadcast_in_dim.679787919433039313 @ 0 at worker
2026-08-28T10:28:37.095815493Z I0828 10:28:37.095697    1485 server_lib.cc:743] Unloading component jit_convert_element_type.17152593400471992816 @ 0 at worker
2026-08-28T10:28:37.095817764Z I0828 10:28:37.095681    1497 server_lib.cc:743] Unloading component jit_scatter-add.4294846250867694557 @ 0 at worker
2026-08-28T10:28:37.095820179Z I0828 10:28:37.095721    1491 server_lib.cc:743] Unloading component jit_scatter-add.4294846250867693496 @ 0 at worker
2026-08-28T10:28:37.095822290Z I0828 10:28:37.095680     748 worker_op_dispatcher.cc:4605] Component is not loaded yet; deferring unload until load completes: jit_scatter-add.14768284516790630289 @ 0
2026-08-28T10:28:37.095837203Z I0828 10:28:37.095740     748 worker_op_dispatcher.cc:4605] Component is not loaded yet; deferring unload until load completes: jit_gather.12319883060084968863 @ 0
2026-08-28T10:28:37.095840432Z I0828 10:28:37.095741    1488 server_lib.cc:743] Unloading component jit_scatter-add.14768284516790630289 @ 0 at worker
2026-08-28T10:28:37.095845497Z I0828 10:28:37.095750     748 worker_op_dispatcher.cc:4605] Component is not loaded yet; deferring unload until load completes: jit_gather.679787919433039672 @ 0
2026-08-28T10:28:37.095848124Z I0828 10:28:37.095768     748 worker_op_dispatcher.cc:4605] Component is not loaded yet; deferring unload until load completes: jit_gather.4294846250867692107 @ 0
2026-08-28T10:28:37.095857470Z I0828 10:28:37.095770    1480 server_lib.cc:743] Unloading component jit_gather.12319883060084968863 @ 0 at worker
2026-08-28T10:28:37.095860361Z I0828 10:28:37.095775     748 worker_op_dispatcher.cc:4605] Component is not loaded yet; deferring unload until load completes: jit_broadcast_in_dim.15988940423104943050 @ 0
2026-08-28T10:28:37.095865021Z I0828 10:28:37.095790    1488 server_lib.cc:743] Unloading component jit_broadcast_in_dim.15988940423104943050 @ 0 at worker
2026-08-28T10:28:37.095869550Z I0828 10:28:37.095788    1489 server_lib.cc:743] Unloading component jit_gather.679787919433039672 @ 0 at worker
2026-08-28T10:28:37.095873597Z I0828 10:28:37.095791     748 worker_op_dispatcher.cc:4605] Component is not loaded yet; deferring unload until load completes: jit_convert_element_type.17542282987440716351 @ 0
2026-08-28T10:28:37.095882341Z I0828 10:28:37.095806     748 worker_op_dispatcher.cc:4605] Component is not loaded yet; deferring unload until load completes: jit_convert_element_type.17152593400471993490 @ 0
2026-08-28T10:28:37.095884690Z I0828 10:28:37.095800    1497 server_lib.cc:743] Unloading component jit_gather.4294846250867692107 @ 0 at worker
2026-08-28T10:28:37.095919188Z I0828 10:28:37.095814     748 worker_op_dispatcher.cc:4605] Component is not loaded yet; deferring unload until load completes: jit_convert_element_type.17542282987440714189 @ 0
2026-08-28T10:28:37.095921957Z I0828 10:28:37.095818    1483 server_lib.cc:743] Unloading component jit_convert_element_type.17542282987440716351 @ 0 at worker
2026-08-28T10:28:37.095923937Z I0828 10:28:37.095828    1489 server_lib.cc:743] Unloading component jit_convert_element_type.17542282987440714189 @ 0 at worker
2026-08-28T10:28:37.095925872Z I0828 10:28:37.095821    1480 server_lib.cc:743] Unloading component jit_convert_element_type.17152593400471993490 @ 0 at worker
2026-08-28T10:28:37.095932750Z I0828 10:28:37.095823     748 worker_op_dispatcher.cc:4605] Component is not loaded yet; deferring unload until load completes: jit_split.11021083957486997855 @ 0
2026-08-28T10:28:37.095934705Z I0828 10:28:37.095850    1482 server_lib.cc:743] Unloading component jit_split.11021083957486997855 @ 0 at worker
2026-08-28T10:28:37.095936834Z I0828 10:28:37.095852     748 worker_op_dispatcher.cc:4605] Component is not loaded yet; deferring unload until load completes: jit_split.6774095956947437426 @ 0
2026-08-28T10:28:37.095938886Z I0828 10:28:37.095870     748 worker_op_dispatcher.cc:4605] Component is not loaded yet; deferring unload until load completes: jit_split.15057772157263885335 @ 0
2026-08-28T10:28:37.095948997Z I0828 10:28:37.095878    1482 server_lib.cc:743] Unloading component jit_split.6774095956947437426 @ 0 at worker
2026-08-28T10:28:37.095954759Z I0828 10:28:37.095882     748 worker_op_dispatcher.cc:4605] Component is not loaded yet; deferring unload until load completes: jit_convert_element_type.15057772157263884393 @ 0
2026-08-28T10:28:37.095957076Z I0828 10:28:37.095900    1485 server_lib.cc:743] Unloading component jit_split.15057772157263885335 @ 0 at worker
2026-08-28T10:28:37.095959424Z I0828 10:28:37.095910     748 worker_op_dispatcher.cc:4605] Component is not loaded yet; deferring unload until load completes: jit_convert_element_type.3658920302745357177 @ 0
2026-08-28T10:28:37.095961586Z I0828 10:28:37.095911    1483 server_lib.cc:743] Unloading component jit_convert_element_type.15057772157263884393 @ 0 at worker
2026-08-28T10:28:37.095963459Z I0828 10:28:37.095918     748 worker_op_dispatcher.cc:4605] Component is not loaded yet; deferring unload until load completes: jit_convert_element_type.12553407529559189075 @ 0
2026-08-28T10:28:37.095969101Z I0828 10:28:37.095929     748 worker_op_dispatcher.cc:4605] Component is not loaded yet; deferring unload until load completes: jit_convert_element_type.11021083957486999539 @ 0
2026-08-28T10:28:37.095971783Z I0828 10:28:37.095937     748 worker_op_dispatcher.cc:4605] Component is not loaded yet; deferring unload until load completes: jit_convert_element_type.3658920302745358313 @ 0
2026-08-28T10:28:37.095979562Z I0828 10:28:37.095937    1483 server_lib.cc:743] Unloading component jit_convert_element_type.3658920302745357177 @ 0 at worker
2026-08-28T10:28:37.095981710Z I0828 10:28:37.095944     748 worker_op_dispatcher.cc:4605] Component is not loaded yet; deferring unload until load completes: jit_convert_element_type.17152593400471994125 @ 0
2026-08-28T10:28:37.095984901Z I0828 10:28:37.095951     748 worker_op_dispatcher.cc:4605] Component is not loaded yet; deferring unload until load completes: jit_split.5009576107440551840 @ 0
2026-08-28T10:28:37.095997519Z I0828 10:28:37.095955    1492 server_lib.cc:743] Unloading component jit_convert_element_type.11021083957486999539 @ 0 at worker
2026-08-28T10:28:37.096003032Z I0828 10:28:37.095964     748 worker_op_dispatcher.cc:4605] Component is not loaded yet; deferring unload until load completes: jit_sample.5009576107440553333 @ 0
2026-08-28T10:28:37.096005161Z I0828 10:28:37.095965    1485 server_lib.cc:743] Unloading component jit_split.5009576107440551840 @ 0 at worker
2026-08-28T10:28:37.096010599Z I0828 10:28:37.095975     748 worker_op_dispatcher.cc:4605] Component is not loaded yet; deferring unload until load completes: jit_sample.17152593400471993325 @ 0
2026-08-28T10:28:37.096012565Z I0828 10:28:37.095981     748 worker_op_dispatcher.cc:4605] Component is not loaded yet; deferring unload until load completes: jit_sample.17152593400471993083 @ 0
2026-08-28T10:28:37.096014914Z I0828 10:28:37.095975    1490 server_lib.cc:743] Unloading component jit_convert_element_type.3658920302745358313 @ 0 at worker
2026-08-28T10:28:37.096018620Z I0828 10:28:37.095986    1494 server_lib.cc:743] Unloading component jit_sample.5009576107440553333 @ 0 at worker
2026-08-28T10:28:37.096020712Z I0828 10:28:37.096003     748 worker_op_dispatcher.cc:4605] Component is not loaded yet; deferring unload until load completes: jit_sample.5009576107440552287 @ 0
2026-08-28T10:28:37.096057838Z I0828 10:28:37.096000    1493 server_lib.cc:743] Unloading component jit_sample.17152593400471993083 @ 0 at worker
2026-08-28T10:28:37.096066457Z I0828 10:28:37.095997    1481 server_lib.cc:743] Unloading component jit_convert_element_type.17152593400471994125 @ 0 at worker
2026-08-28T10:28:37.096084064Z I0828 10:28:37.096008    1487 server_lib.cc:743] Unloading component jit_sample.17152593400471993325 @ 0 at worker
2026-08-28T10:28:37.096207955Z I0828 10:28:37.095974    1504 server_lib.cc:743] Unloading component jit_convert_element_type.12553407529559189075 @ 0 at worker
2026-08-28T10:28:37.096246449Z I0828 10:28:37.096012     748 worker_op_dispatcher.cc:4605] Component is not loaded yet; deferring unload until load completes: jit_sample.5009576107440550764 @ 0
2026-08-28T10:28:37.096251195Z I0828 10:28:37.096164     748 worker_op_dispatcher.cc:4605] Component is not loaded yet; deferring unload until load completes: jit_sample.17152593400471991156 @ 0
2026-08-28T10:28:37.096253947Z I0828 10:28:37.096032    1485 server_lib.cc:743] Unloading component jit_sample.5009576107440552287 @ 0 at worker
2026-08-28T10:28:37.096256478Z I0828 10:28:37.096173     748 worker_op_dispatcher.cc:4605] Component is not loaded yet; deferring unload until load completes: jit_sample.5009576107440553595 @ 0
2026-08-28T10:28:37.096277579Z I0828 10:28:37.096171    1504 server_lib.cc:743] Unloading component jit_sample.5009576107440550764 @ 0 at worker
2026-08-28T10:28:37.096280421Z I0828 10:28:37.096185     748 worker_op_dispatcher.cc:4605] Component is not loaded yet; deferring unload until load completes: jit_sample.12553407529559190310 @ 0
2026-08-28T10:28:37.096282784Z I0828 10:28:37.096195    1485 server_lib.cc:743] Unloading component jit_sample.17152593400471991156 @ 0 at worker
2026-08-28T10:28:37.096287409Z I0828 10:28:37.096205     748 worker_op_dispatcher.cc:4605] Component is not loaded yet; deferring unload until load completes: jit_convert_element_type.15988940423104945739 @ 0
2026-08-28T10:28:37.096290584Z I0828 10:28:37.096215     748 worker_op_dispatcher.cc:4605] Component is not loaded yet; deferring unload until load completes: jit_sample.17152593400471990672 @ 0
2026-08-28T10:28:37.096293146Z I0828 10:28:37.096206    1496 server_lib.cc:743] Unloading component jit_sample.5009576107440553595 @ 0 at worker
2026-08-28T10:28:37.096296175Z I0828 10:28:37.096235    1483 server_lib.cc:743] Unloading component jit_convert_element_type.15988940423104945739 @ 0 at worker
2026-08-28T10:28:37.096306406Z I0828 10:28:37.096238    1476 server_lib.cc:743] Unloading component jit_sample.17152593400471990672 @ 0 at worker
2026-08-28T10:28:37.096310168Z I0828 10:28:37.096256    1474 server_lib.cc:743] Unloading component jit_sample.12553407529559190310 @ 0 at worker
2026-08-28T10:28:37.096352262Z I0828 10:28:37.096327     748 worker_op_dispatcher.cc:4605] Component is not loaded yet; deferring unload until load completes: jit_broadcast_in_dim.15988940423104943102 @ 0
2026-08-28T10:28:37.096359606Z I0828 10:28:37.096338     748 worker_op_dispatcher.cc:4605] Component is not loaded yet; deferring unload until load completes: jit_convert_element_type.10416149044182841428 @ 0
2026-08-28T10:28:37.096363116Z I0828 10:28:37.096348     748 worker_op_dispatcher.cc:4605] Component is not loaded yet; deferring unload until load completes: jit_convert_element_type.5598368294899623682 @ 0
2026-08-28T10:28:37.096368208Z I0828 10:28:37.096356     748 worker_op_dispatcher.cc:4605] Component is not loaded yet; deferring unload until load completes: jit_sample.5009576107440550762 @ 0
2026-08-28T10:28:37.096370872Z I0828 10:28:37.096363     748 worker_op_dispatcher.cc:4605] Component is not loaded yet; deferring unload until load completes: jit_sample.5009576107440553812 @ 0
2026-08-28T10:28:37.096380899Z I0828 10:28:37.096363    1501 server_lib.cc:743] Unloading component jit_broadcast_in_dim.15988940423104943102 @ 0 at worker
2026-08-28T10:28:37.096396279Z I0828 10:28:37.096376    1483 server_lib.cc:743] Unloading component jit_convert_element_type.5598368294899623682 @ 0 at worker
2026-08-28T10:28:37.096401141Z I0828 10:28:37.096383    1485 server_lib.cc:743] Unloading component jit_convert_element_type.10416149044182841428 @ 0 at worker
2026-08-28T10:28:37.096406977Z I0828 10:28:37.096385    1501 server_lib.cc:743] Unloading component jit_sample.5009576107440553812 @ 0 at worker
2026-08-28T10:28:37.096413066Z I0828 10:28:37.096382    1474 server_lib.cc:743] Unloading component jit_sample.5009576107440550762 @ 0 at worker
2026-08-28T10:28:37.096415520Z I0828 10:28:37.096394     748 worker_op_dispatcher.cc:4605] Component is not loaded yet; deferring unload until load completes: jit_compute_and_gather_logprobs.5009576107440551329 @ 0
2026-08-28T10:28:37.096426930Z I0828 10:28:37.096407     748 worker_op_dispatcher.cc:4605] Component is not loaded yet; deferring unload until load completes: jit_compute_and_gather_logprobs.5009576107440552244 @ 0
2026-08-28T10:28:37.096435766Z I0828 10:28:37.096414     748 worker_op_dispatcher.cc:4605] Component is not loaded yet; deferring unload until load completes: jit_compute_and_gather_logprobs.5009576107440549978 @ 0
2026-08-28T10:28:37.096443191Z I0828 10:28:37.096416    1485 server_lib.cc:743] Unloading component jit_compute_and_gather_logprobs.5009576107440551329 @ 0 at worker
2026-08-28T10:28:37.096450397Z I0828 10:28:37.096422     748 worker_op_dispatcher.cc:4605] Component is not loaded yet; deferring unload until load completes: jit_run_model.5009576107440549976 @ 0
2026-08-28T10:28:37.096455651Z I0828 10:28:37.096425    1501 server_lib.cc:743] Unloading component jit_compute_and_gather_logprobs.5009576107440552244 @ 0 at worker
2026-08-28T10:28:37.096461649Z I0828 10:28:37.096429     748 worker_op_dispatcher.cc:4605] Component is not loaded yet; deferring unload until load completes: jit_minimum.15988940423104943185 @ 0
2026-08-28T10:28:37.096465001Z I0828 10:28:37.096430    1485 server_lib.cc:743] Unloading component jit_compute_and_gather_logprobs.5009576107440549978 @ 0 at worker
2026-08-28T10:28:37.096472758Z I0828 10:28:37.096437     748 worker_op_dispatcher.cc:4605] Component is not loaded yet; deferring unload until load completes: jit__select_from_array_fn.10416149044182842825 @ 0
2026-08-28T10:28:37.096476744Z I0828 10:28:37.096443    1501 server_lib.cc:743] Unloading component jit_minimum.15988940423104943185 @ 0 at worker
2026-08-28T10:28:37.096486065Z I0828 10:28:37.096446     748 worker_op_dispatcher.cc:4605] Component is not loaded yet; deferring unload until load completes: jit__select_from_array_fn.2130004682616430790 @ 0
2026-08-28T10:28:37.096494693Z I0828 10:28:37.096453     748 worker_op_dispatcher.cc:4605] Component is not loaded yet; deferring unload until load completes: jit__select_from_array_fn.17542282987440714666 @ 0
2026-08-28T10:28:37.096515019Z I0828 10:28:37.096456    1485 server_lib.cc:743] Unloading component jit__select_from_array_fn.10416149044182842825 @ 0 at worker
2026-08-28T10:28:37.096520899Z I0828 10:28:37.096462     748 worker_op_dispatcher.cc:4605] Component is not loaded yet; deferring unload until load completes: jit_convert_element_type.17152593400471993827 @ 0
2026-08-28T10:28:37.096528072Z I0828 10:28:37.096470     748 worker_op_dispatcher.cc:4605] Component is not loaded yet; deferring unload until load completes: jit__select_from_array_fn.5009576107440553200 @ 0
2026-08-28T10:28:37.096531493Z I0828 10:28:37.096459    1471 server_lib.cc:743] Unloading component jit_run_model.5009576107440549976 @ 0 at worker
2026-08-28T10:28:37.096534711Z I0828 10:28:37.096475    1483 server_lib.cc:743] Unloading component jit__select_from_array_fn.17542282987440714666 @ 0 at worker
2026-08-28T10:28:37.096538626Z I0828 10:28:37.096477     748 worker_op_dispatcher.cc:4605] Component is not loaded yet; deferring unload until load completes: jit_convert_element_type.17152593400471994164 @ 0
2026-08-28T10:28:37.096545095Z I0828 10:28:37.096474    1468 server_lib.cc:743] Unloading component jit__select_from_array_fn.2130004682616430790 @ 0 at worker
2026-08-28T10:28:37.096548353Z I0828 10:28:37.096498    1485 server_lib.cc:743] Unloading component jit_convert_element_type.17152593400471994164 @ 0 at worker
2026-08-28T10:28:37.096551848Z I0828 10:28:37.096507    1501 server_lib.cc:743] Unloading component jit_convert_element_type.17152593400471993827 @ 0 at worker
2026-08-28T10:28:37.096557594Z I0828 10:28:37.096514    1464 server_lib.cc:743] Unloading component jit__select_from_array_fn.5009576107440553200 @ 0 at worker
2026-08-28T10:28:37.096830080Z I0828 10:28:37.096781     748 worker_op_dispatcher.cc:4605] Component is not loaded yet; deferring unload until load completes: jit_convert_element_type.17542282987440715384 @ 0
2026-08-28T10:28:37.096841043Z I0828 10:28:37.096798     748 worker_op_dispatcher.cc:4605] Component is not loaded yet; deferring unload until load completes: jit__select_from_array_fn.10416149044182843096 @ 0
2026-08-28T10:28:37.096845327Z I0828 10:28:37.096805     748 worker_op_dispatcher.cc:4605] Component is not loaded yet; deferring unload until load completes: jit__select_from_array_fn.17542282987440714590 @ 0
2026-08-28T10:28:37.096897010Z I0828 10:28:37.096805    1505 server_lib.cc:743] Unloading component jit_convert_element_type.17542282987440715384 @ 0 at worker
2026-08-28T10:28:37.096925164Z I0828 10:28:37.096828    1489 server_lib.cc:743] Unloading component jit__select_from_array_fn.17542282987440714590 @ 0 at worker
2026-08-28T10:28:37.096932639Z I0828 10:28:37.096813     748 worker_op_dispatcher.cc:4605] Component is not loaded yet; deferring unload until load completes: jit_convert_element_type.17152593400471993153 @ 0
2026-08-28T10:28:37.096937915Z I0828 10:28:37.096825    1486 server_lib.cc:743] Unloading component jit__select_from_array_fn.10416149044182843096 @ 0 at worker
2026-08-28T10:28:37.096941653Z I0828 10:28:37.096846     748 worker_op_dispatcher.cc:4605] Component is not loaded yet; deferring unload until load completes: jit_run_compute_logits.5009576107440553069 @ 0
2026-08-28T10:28:37.096945046Z I0828 10:28:37.096848    1505 server_lib.cc:743] Unloading component jit_convert_element_type.17152593400471993153 @ 0 at worker
2026-08-28T10:28:37.096958503Z I0828 10:28:37.096855     748 worker_op_dispatcher.cc:4605] Component is not loaded yet; deferring unload until load completes: jit_run_compute_logits.17152593400471991649 @ 0
2026-08-28T10:28:37.096975565Z I0828 10:28:37.096867     748 worker_op_dispatcher.cc:4605] Component is not loaded yet; deferring unload until load completes: jit_run_compute_logits.12553407529559188451 @ 0
2026-08-28T10:28:37.096986779Z I0828 10:28:37.096860    1496 server_lib.cc:743] Unloading component jit_run_compute_logits.5009576107440553069 @ 0 at worker
2026-08-28T10:28:37.096990403Z I0828 10:28:37.096881     748 worker_op_dispatcher.cc:4605] Component is not loaded yet; deferring unload until load completes: jit_run_compute_logits.10416149044182839403 @ 0
2026-08-28T10:28:37.096993410Z I0828 10:28:37.096884    1486 server_lib.cc:743] Unloading component jit_run_compute_logits.17152593400471991649 @ 0 at worker
2026-08-28T10:28:37.096996097Z I0828 10:28:37.096889     748 worker_op_dispatcher.cc:4605] Component is not loaded yet; deferring unload until load completes: jit_split.17152593400471992379 @ 0
2026-08-28T10:28:37.096998405Z I0828 10:28:37.096889    1484 server_lib.cc:743] Unloading component jit_run_compute_logits.12553407529559188451 @ 0 at worker
2026-08-28T10:28:37.097000618Z I0828 10:28:37.096901     748 worker_op_dispatcher.cc:4605] Component is not loaded yet; deferring unload until load completes: jit_run_compute_logits.5009576107440550385 @ 0
2026-08-28T10:28:37.097003957Z I0828 10:28:37.096910     748 worker_op_dispatcher.cc:4605] Component is not loaded yet; deferring unload until load completes: jit__decode_core.17542282987440714493 @ 0
2026-08-28T10:28:37.097006297Z I0828 10:28:37.096908    1487 server_lib.cc:743] Unloading component jit_run_compute_logits.10416149044182839403 @ 0 at worker
2026-08-28T10:28:37.097017269Z I0828 10:28:37.096920     748 worker_op_dispatcher.cc:4605] Component is not loaded yet; deferring unload until load completes: jit__decode_core.17152593400471991079 @ 0
2026-08-28T10:28:37.097021921Z I0828 10:28:37.096924    1471 server_lib.cc:743] Unloading component jit__decode_core.17542282987440714493 @ 0 at worker
2026-08-28T10:28:37.097173992Z I0828 10:28:37.096927    1476 server_lib.cc:743] Unloading component jit_split.17152593400471992379 @ 0 at worker
2026-08-28T10:28:37.097182981Z I0828 10:28:37.096930     748 worker_op_dispatcher.cc:4605] Component is not loaded yet; deferring unload until load completes: jit_convert_element_type.17542282987440717318 @ 0
2026-08-28T10:28:37.097186901Z I0828 10:28:37.096946    1487 server_lib.cc:743] Unloading component jit_convert_element_type.17542282987440717318 @ 0 at worker
2026-08-28T10:28:37.097189659Z I0828 10:28:37.096949     748 worker_op_dispatcher.cc:4605] Component is not loaded yet; deferring unload until load completes: jit__decode_core.17152593400471991416 @ 0
2026-08-28T10:28:37.097192135Z I0828 10:28:37.096954    1476 server_lib.cc:743] Unloading component jit__decode_core.17152593400471991079 @ 0 at worker
2026-08-28T10:28:37.097200872Z I0828 10:28:37.096948    1463 server_lib.cc:743] Unloading component jit_run_compute_logits.5009576107440550385 @ 0 at worker
2026-08-28T10:28:37.097203454Z I0828 10:28:37.096975    1476 server_lib.cc:743] Unloading component jit__decode_core.17152593400471991416 @ 0 at worker
2026-08-28T10:28:37.097209254Z I0828 10:28:37.097059     748 worker_op_dispatcher.cc:4605] Component is not loaded yet; deferring unload until load completes: jit__decode_core.17542282987440716655 @ 0
2026-08-28T10:28:37.097213193Z I0828 10:28:37.097070     748 worker_op_dispatcher.cc:4605] Component is not loaded yet; deferring unload until load completes: jit_split.3658920302745355048 @ 0
2026-08-28T10:28:37.097216157Z I0828 10:28:37.097078     748 worker_op_dispatcher.cc:4605] Component is not loaded yet; deferring unload until load completes: jit__decode_core.17542282987440717622 @ 0
2026-08-28T10:28:37.097224611Z I0828 10:28:37.097084    1476 server_lib.cc:743] Unloading component jit_split.3658920302745355048 @ 0 at worker
2026-08-28T10:28:37.097227762Z I0828 10:28:37.097087     748 worker_op_dispatcher.cc:4605] Component is not loaded yet; deferring unload until load completes: jit__decode_core.5009576107440553365 @ 0
2026-08-28T10:28:37.097230477Z I0828 10:28:37.097086    1467 server_lib.cc:743] Unloading component jit__decode_core.17542282987440716655 @ 0 at worker
2026-08-28T10:28:37.097232461Z I0828 10:28:37.097097     748 worker_op_dispatcher.cc:4605] Component is not loaded yet; deferring unload until load completes: jit_split.2130004682616431815 @ 0
2026-08-28T10:28:37.097234756Z I0828 10:28:37.097123     748 worker_op_dispatcher.cc:4605] Component is not loaded yet; deferring unload until load completes: jit__decode_core.11153768120849233977 @ 0
2026-08-28T10:28:37.097237525Z I0828 10:28:37.097125    1467 server_lib.cc:743] Unloading component jit_split.2130004682616431815 @ 0 at worker
2026-08-28T10:28:37.097239472Z I0828 10:28:37.097133     748 worker_op_dispatcher.cc:4605] Component is not loaded yet; deferring unload until load completes: jit__decode_core.17684357318100725418 @ 0
2026-08-28T10:28:37.097241455Z I0828 10:28:37.097126    1459 server_lib.cc:743] Unloading component jit__decode_core.5009576107440553365 @ 0 at worker
2026-08-28T10:28:37.097243757Z I0828 10:28:37.097136    1458 server_lib.cc:743] Unloading component jit__decode_core.17542282987440717622 @ 0 at worker
2026-08-28T10:28:37.097245866Z I0828 10:28:37.097146     748 worker_op_dispatcher.cc:4605] Component is not loaded yet; deferring unload until load completes: jit_convert_element_type.3658920302745354640 @ 0
2026-08-28T10:28:37.097247986Z I0828 10:28:37.097139    1485 server_lib.cc:743] Unloading component jit__decode_core.11153768120849233977 @ 0 at worker
2026-08-28T10:28:37.097249788Z I0828 10:28:37.097158     748 worker_op_dispatcher.cc:4605] Component is not loaded yet; deferring unload until load completes: jit__decode_core.14002197779478026988 @ 0
2026-08-28T10:28:37.097251951Z I0828 10:28:37.097160    1476 server_lib.cc:743] Unloading component jit__decode_core.17684357318100725418 @ 0 at worker
2026-08-28T10:28:37.097254796Z I0828 10:28:37.097181     748 worker_op_dispatcher.cc:4605] Component is not loaded yet; deferring unload until load completes: jit__decode_core.11021083957486999179 @ 0
2026-08-28T10:28:37.097259447Z I0828 10:28:37.097191     748 worker_op_dispatcher.cc:4605] Component is not loaded yet; deferring unload until load completes: jit_convert_element_type.17152593400471994211 @ 0
2026-08-28T10:28:37.097263481Z I0828 10:28:37.097196    1476 server_lib.cc:743] Unloading component jit__decode_core.11021083957486999179 @ 0 at worker
2026-08-28T10:28:37.097268439Z I0828 10:28:37.097202     748 worker_op_dispatcher.cc:4605] Component is not loaded yet; deferring unload until load completes: jit_convert_element_type.3658920302745355500 @ 0
2026-08-28T10:28:37.097295866Z I0828 10:28:37.097212     748 worker_op_dispatcher.cc:4605] Component is not loaded yet; deferring unload until load completes: jit_split.11153768120849232325 @ 0
2026-08-28T10:28:37.097299388Z I0828 10:28:37.097224     748 worker_op_dispatcher.cc:4605] Component is not loaded yet; deferring unload until load completes: jit_unstack.10416149044182842168 @ 0
2026-08-28T10:28:37.097302504Z I0828 10:28:37.097221    1455 server_lib.cc:743] Unloading component jit_convert_element_type.3658920302745354640 @ 0 at worker
2026-08-28T10:28:37.097305158Z I0828 10:28:37.097235     748 worker_op_dispatcher.cc:4605] Component is not loaded yet; deferring unload until load completes: jit_split.17684357318100723238 @ 0
2026-08-28T10:28:37.097307347Z I0828 10:28:37.097229    1485 server_lib.cc:743] Unloading component jit_split.11153768120849232325 @ 0 at worker
2026-08-28T10:28:37.097314804Z I0828 10:28:37.097232    1476 server_lib.cc:743] Unloading component jit_convert_element_type.17152593400471994211 @ 0 at worker
2026-08-28T10:28:37.097320454Z I0828 10:28:37.097251    1450 server_lib.cc:743] Unloading component jit__decode_core.14002197779478026988 @ 0 at worker
2026-08-28T10:28:37.097322619Z I0828 10:28:37.097268    1485 server_lib.cc:743] Unloading component jit_split.17684357318100723238 @ 0 at worker
2026-08-28T10:28:37.097324627Z I0828 10:28:37.097273     748 worker_op_dispatcher.cc:4605] Component is not loaded yet; deferring unload until load completes: jit_compute_per_token_logps.11021083957487000916 @ 0
2026-08-28T10:28:37.097329344Z I0828 10:28:37.097288     748 worker_op_dispatcher.cc:4605] Component is not loaded yet; deferring unload until load completes: jit_split.14002197779478025344 @ 0
2026-08-28T10:28:37.097331537Z I0828 10:28:37.097296     748 worker_op_dispatcher.cc:4605] Component is not loaded yet; deferring unload until load completes: jit_split.3658920302745356692 @ 0
2026-08-28T10:28:37.097333828Z I0828 10:28:37.097251    1452 server_lib.cc:743] Unloading component jit_convert_element_type.3658920302745355500 @ 0 at worker
2026-08-28T10:28:37.097336340Z I0828 10:28:37.097307     748 worker_op_dispatcher.cc:4605] Component is not loaded yet; deferring unload until load completes: pre_reshard_9181198066278140929.1.17542282987440715156 @ 0
2026-08-28T10:28:37.097338672Z I0828 10:28:37.097311    1485 server_lib.cc:743] Unloading component jit_split.3658920302745356692 @ 0 at worker
2026-08-28T10:28:37.097346796Z I0828 10:28:37.097316     748 worker_op_dispatcher.cc:4605] Component is not loaded yet; deferring unload until load completes: jit__reduce_sum.11021083957487000673 @ 0
2026-08-28T10:28:37.097349402Z I0828 10:28:37.097318    1450 server_lib.cc:743] Unloading component jit_split.14002197779478025344 @ 0 at worker
2026-08-28T10:28:37.097353701Z I0828 10:28:37.097326     748 worker_op_dispatcher.cc:4605] Component is not loaded yet; deferring unload until load completes: jit_convert_element_type.17152593400471992029 @ 0
2026-08-28T10:28:37.097357144Z I0828 10:28:37.097333    1452 server_lib.cc:743] Unloading component jit__reduce_sum.11021083957487000673 @ 0 at worker
2026-08-28T10:28:37.097359533Z I0828 10:28:37.097321    1449 server_lib.cc:743] Unloading component jit_unstack.10416149044182842168 @ 0 at worker
2026-08-28T10:28:37.097371890Z I0828 10:28:37.097347    1485 server_lib.cc:743] Unloading component jit_convert_element_type.17152593400471992029 @ 0 at worker
2026-08-28T10:28:37.097388255Z I0828 10:28:37.097316    1446 server_lib.cc:743] Unloading component jit_compute_per_token_logps.11021083957487000916 @ 0 at worker
2026-08-28T10:28:37.097396546Z I0828 10:28:37.097347    1476 server_lib.cc:743] Unloading component pre_reshard_9181198066278140929.1.17542282987440715156 @ 0 at worker
2026-08-28T10:28:37.097399535Z I0828 10:28:37.097345     748 worker_op_dispatcher.cc:4605] Component is not loaded yet; deferring unload until load completes: jit_split.11021083957486998799 @ 0
2026-08-28T10:28:37.097404147Z I0828 10:28:37.097380    1449 server_lib.cc:743] Unloading component jit_split.11021083957486998799 @ 0 at worker
2026-08-28T10:28:37.097539656Z I0828 10:28:37.097509     748 worker_op_dispatcher.cc:4605] Component is not loaded yet; deferring unload until load completes: jit__mean.15988940423104942247 @ 0
2026-08-28T10:28:37.097545513Z I0828 10:28:37.097530    1485 server_lib.cc:743] Unloading component jit__mean.15988940423104942247 @ 0 at worker
2026-08-28T10:28:37.097695972Z I0828 10:28:37.097666     748 worker_op_dispatcher.cc:4605] Component is not loaded yet; deferring unload until load completes: jit__reduce_min.15988940423104943727 @ 0
2026-08-28T10:28:37.097713132Z I0828 10:28:37.097677     748 worker_op_dispatcher.cc:4605] Component is not loaded yet; deferring unload until load completes: jit_maximum.679787919433037216 @ 0
2026-08-28T10:28:37.097729159Z I0828 10:28:37.097685     748 worker_op_dispatcher.cc:4605] Component is not loaded yet; deferring unload until load completes: jit_maximum.15988940423104944123 @ 0
2026-08-28T10:28:37.097742857Z I0828 10:28:37.097693     748 worker_op_dispatcher.cc:4605] Component is not loaded yet; deferring unload until load completes: jit_exp.11021083957486997527 @ 0
2026-08-28T10:28:37.097746032Z I0828 10:28:37.097701     748 worker_op_dispatcher.cc:4605] Component is not loaded yet; deferring unload until load completes: jit_subtract.11021083957487000103 @ 0
2026-08-28T10:28:37.097748644Z I0828 10:28:37.097699    1443 server_lib.cc:743] Unloading component jit_maximum.679787919433037216 @ 0 at worker
2026-08-28T10:28:37.097750816Z I0828 10:28:37.097711     748 worker_op_dispatcher.cc:4605] Component is not loaded yet; deferring unload until load completes: jit_subtract.11021083957487001000 @ 0
2026-08-28T10:28:37.097761230Z I0828 10:28:37.097719     748 worker_op_dispatcher.cc:4605] Component is not loaded yet; deferring unload until load completes: jit_subtract.15988940423104943112 @ 0
2026-08-28T10:28:37.097764074Z I0828 10:28:37.097720    1449 server_lib.cc:743] Unloading component jit_exp.11021083957486997527 @ 0 at worker
2026-08-28T10:28:37.097766426Z I0828 10:28:37.097721    1476 server_lib.cc:743] Unloading component jit_maximum.15988940423104944123 @ 0 at worker
2026-08-28T10:28:37.097772226Z I0828 10:28:37.097721    1478 server_lib.cc:743] Unloading component jit_subtract.11021083957487000103 @ 0 at worker
2026-08-28T10:28:37.097786819Z I0828 10:28:37.097732    1446 server_lib.cc:743] Unloading component jit__reduce_min.15988940423104943727 @ 0 at worker
2026-08-28T10:28:37.097883784Z I0828 10:28:37.097856    1455 server_lib.cc:743] Unloading component jit_subtract.15988940423104943112 @ 0 at worker
2026-08-28T10:28:37.097888562Z I0828 10:28:37.097866     748 worker_op_dispatcher.cc:4605] Component is not loaded yet; deferring unload until load completes: jit_subtract.5598368294899623854 @ 0
2026-08-28T10:28:37.097991505Z I0828 10:28:37.097897    5740 server_lib.cc:743] Unloading component jit_subtract.11021083957487001000 @ 0 at worker
2026-08-28T10:28:37.098147877Z I0828 10:28:37.098063     748 worker_op_dispatcher.cc:4605] Component is not loaded yet; deferring unload until load completes: jit_sample.17542282987440715523 @ 0
2026-08-28T10:28:37.098163722Z I0828 10:28:37.098087    1446 server_lib.cc:743] Unloading component jit_subtract.5598368294899623854 @ 0 at worker
2026-08-28T10:28:37.098167295Z I0828 10:28:37.098090    1448 server_lib.cc:743] Unloading component jit_sample.17542282987440715523 @ 0 at worker
2026-08-28T10:28:37.098170095Z I0828 10:28:37.098111     748 worker_op_dispatcher.cc:4605] Component is not loaded yet; deferring unload until load completes: jit_sample.10416149044182841385 @ 0
2026-08-28T10:28:37.098173253Z I0828 10:28:37.098121     748 worker_op_dispatcher.cc:4605] Component is not loaded yet; deferring unload until load completes: jit_sample.5009576107440550416 @ 0
2026-08-28T10:28:37.098190039Z I0828 10:28:37.098128     748 worker_op_dispatcher.cc:4605] Component is not loaded yet; deferring unload until load completes: jit_sample.17152593400471992841 @ 0
2026-08-28T10:28:37.098206299Z I0828 10:28:37.098135     748 worker_op_dispatcher.cc:4605] Component is not loaded yet; deferring unload until load completes: jit_multiply.679787919433038667 @ 0
2026-08-28T10:28:37.098215864Z I0828 10:28:37.098139    5740 server_lib.cc:743] Unloading component jit_sample.10416149044182841385 @ 0 at worker
2026-08-28T10:28:37.098218313Z I0828 10:28:37.098151    1454 server_lib.cc:743] Unloading component jit_sample.5009576107440550416 @ 0 at worker
2026-08-28T10:28:37.098228815Z I0828 10:28:37.098154    1465 server_lib.cc:743] Unloading component jit_multiply.679787919433038667 @ 0 at worker
2026-08-28T10:28:37.098284495Z I0828 10:28:37.098240     748 worker_op_dispatcher.cc:4605] Component is not loaded yet; deferring unload until load completes: jit_sample.5009576107440551808 @ 0
2026-08-28T10:28:37.098345221Z I0828 10:28:37.098317     748 worker_op_dispatcher.cc:4605] Component is not loaded yet; deferring unload until load completes: jit_sample.17152593400471992443 @ 0
2026-08-28T10:28:37.098597295Z I0828 10:28:37.098481    5742 server_lib.cc:743] Unloading component jit_sample.17152593400471992841 @ 0 at worker
2026-08-28T10:28:37.098614730Z I0828 10:28:37.098529    5744 server_lib.cc:743] Unloading component jit_sample.5009576107440551808 @ 0 at worker
2026-08-28T10:28:37.098659034Z I0828 10:28:37.098610     748 worker_op_dispatcher.cc:4605] Component is not loaded yet; deferring unload until load completes: jit_multiply.679787919433037386 @ 0
2026-08-28T10:28:37.098663112Z I0828 10:28:37.098626     748 worker_op_dispatcher.cc:4605] Component is not loaded yet; deferring unload until load completes: jit_sample.10416149044182840175 @ 0
2026-08-28T10:28:37.098717831Z I0828 10:28:37.098635     748 worker_op_dispatcher.cc:4605] Component is not loaded yet; deferring unload until load completes: jit_multiply.5009576107440550342 @ 0
2026-08-28T10:28:37.098721438Z I0828 10:28:37.098639    1504 server_lib.cc:743] Unloading component jit_multiply.679787919433037386 @ 0 at worker
2026-08-28T10:28:37.098735506Z I0828 10:28:37.098642     748 worker_op_dispatcher.cc:4605] Component is not loaded yet; deferring unload until load completes: jit_sample.5009576107440550502 @ 0
2026-08-28T10:28:37.098738325Z I0828 10:28:37.098653    1454 server_lib.cc:743] Unloading component jit_sample.10416149044182840175 @ 0 at worker
2026-08-28T10:28:37.098740963Z I0828 10:28:37.098656    1462 server_lib.cc:743] Unloading component jit_sample.17152593400471992443 @ 0 at worker
2026-08-28T10:28:37.098746081Z I0828 10:28:37.098669     748 worker_op_dispatcher.cc:4605] Component is not loaded yet; deferring unload until load completes: jit_multiply.11021083957486999237 @ 0
2026-08-28T10:28:37.098756952Z I0828 10:28:37.098672    1504 server_lib.cc:743] Unloading component jit_multiply.5009576107440550342 @ 0 at worker
2026-08-28T10:28:37.098759679Z I0828 10:28:37.098681     748 worker_op_dispatcher.cc:4605] Component is not loaded yet; deferring unload until load completes: jit_multiply.5009576107440551257 @ 0
2026-08-28T10:28:37.098762170Z I0828 10:28:37.098693    1462 server_lib.cc:743] Unloading component jit_multiply.11021083957486999237 @ 0 at worker
2026-08-28T10:28:37.098764421Z I0828 10:28:37.098670    1442 server_lib.cc:743] Unloading component jit_sample.5009576107440550502 @ 0 at worker
2026-08-28T10:28:37.098766817Z I0828 10:28:37.098715     748 worker_op_dispatcher.cc:4605] Component is not loaded yet; deferring unload until load completes: jit_multiply.679787919433037488 @ 0
2026-08-28T10:28:37.098770579Z I0828 10:28:37.098703    1504 server_lib.cc:743] Unloading component jit_multiply.5009576107440551257 @ 0 at worker
2026-08-28T10:28:37.098778762Z I0828 10:28:37.098728     748 worker_op_dispatcher.cc:4605] Component is not loaded yet; deferring unload until load completes: jit_sample.17542282987440713948 @ 0
2026-08-28T10:28:37.098783136Z I0828 10:28:37.098754     748 worker_op_dispatcher.cc:4605] Component is not loaded yet; deferring unload until load completes: jit_multiply.14768284516790629125 @ 0
2026-08-28T10:28:37.098785430Z I0828 10:28:37.098763     748 worker_op_dispatcher.cc:4605] Component is not loaded yet; deferring unload until load completes: jit_multiply.14768284516790629127 @ 0
2026-08-28T10:28:37.098787637Z I0828 10:28:37.098755    1468 server_lib.cc:743] Unloading component jit_multiply.679787919433037488 @ 0 at worker
2026-08-28T10:28:37.098798435Z I0828 10:28:37.098769    1442 server_lib.cc:743] Unloading component jit_sample.17542282987440713948 @ 0 at worker
2026-08-28T10:28:37.098805246Z I0828 10:28:37.098772     748 worker_op_dispatcher.cc:4605] Component is not loaded yet; deferring unload until load completes: jit__where.5598368294899622290 @ 0
2026-08-28T10:28:37.098807909Z I0828 10:28:37.098783    5744 server_lib.cc:743] Unloading component jit_multiply.14768284516790629125 @ 0 at worker
2026-08-28T10:28:37.098812717Z I0828 10:28:37.098791    1493 server_lib.cc:743] Unloading component jit_multiply.14768284516790629127 @ 0 at worker
2026-08-28T10:28:37.098862170Z I0828 10:28:37.098813    1456 server_lib.cc:743] Unloading component jit__where.5598368294899622290 @ 0 at worker
2026-08-28T10:28:37.098886566Z I0828 10:28:37.098850     748 worker_op_dispatcher.cc:4605] Component is not loaded yet; deferring unload until load completes: jit__where.5598368294899622118 @ 0
2026-08-28T10:28:37.098891475Z I0828 10:28:37.098859     748 worker_op_dispatcher.cc:4605] Component is not loaded yet; deferring unload until load completes: jit_sample.5009576107440550676 @ 0
2026-08-28T10:28:37.098940644Z I0828 10:28:37.098878    1504 server_lib.cc:743] Unloading component jit__where.5598368294899622118 @ 0 at worker
2026-08-28T10:28:37.099072905Z I0828 10:28:37.099005     748 worker_op_dispatcher.cc:4605] Component is not loaded yet; deferring unload until load completes: jit_sample.17542282987440716697 @ 0
2026-08-28T10:28:37.099084993Z I0828 10:28:37.099018     748 worker_op_dispatcher.cc:4605] Component is not loaded yet; deferring unload until load completes: jit_sample.5009576107440551241 @ 0
2026-08-28T10:28:37.099186179Z I0828 10:28:37.099058    1503 server_lib.cc:743] Unloading component jit_sample.17542282987440716697 @ 0 at worker
2026-08-28T10:28:37.099200439Z I0828 10:28:37.099112     748 worker_op_dispatcher.cc:4605] Component is not loaded yet; deferring unload until load completes: jit_sample.17152593400471993653 @ 0
2026-08-28T10:28:37.099403433Z I0828 10:28:37.099280    5747 server_lib.cc:743] Unloading component jit_sample.5009576107440550676 @ 0 at worker
2026-08-28T10:28:37.099415110Z I0828 10:28:37.099333    1462 server_lib.cc:743] Unloading component jit_sample.5009576107440551241 @ 0 at worker
2026-08-28T10:28:37.099435051Z I0828 10:28:37.099382     748 worker_op_dispatcher.cc:4605] Component is not loaded yet; deferring unload until load completes: jit_sample.17152593400471992495 @ 0
2026-08-28T10:28:37.099449909Z I0828 10:28:37.099400     748 worker_op_dispatcher.cc:4605] Component is not loaded yet; deferring unload until load completes: jit_sample.17152593400471990914 @ 0
2026-08-28T10:28:37.099453788Z I0828 10:28:37.099411     748 worker_op_dispatcher.cc:4605] Component is not loaded yet; deferring unload until load completes: jit_true_divide.5598368294899622059 @ 0
2026-08-28T10:28:37.099457543Z I0828 10:28:37.099411    1462 server_lib.cc:743] Unloading component jit_sample.17152593400471992495 @ 0 at worker
2026-08-28T10:28:37.099460467Z I0828 10:28:37.099413    1442 server_lib.cc:743] Unloading component jit_sample.17152593400471993653 @ 0 at worker
2026-08-28T10:28:37.099464024Z I0828 10:28:37.099418     748 worker_op_dispatcher.cc:4605] Component is not loaded yet; deferring unload until load completes: jit_sample.17152593400471990283 @ 0
2026-08-28T10:28:37.099475196Z I0828 10:28:37.099423    1503 server_lib.cc:743] Unloading component jit_sample.17152593400471990914 @ 0 at worker
2026-08-28T10:28:37.099477931Z I0828 10:28:37.099426     748 worker_op_dispatcher.cc:4605] Component is not loaded yet; deferring unload until load completes: jit_true_divide.11021083957486999807 @ 0
2026-08-28T10:28:37.099492406Z I0828 10:28:37.099450     748 worker_op_dispatcher.cc:4605] Component is not loaded yet; deferring unload until load completes: jit_compute_and_gather_logprobs.5009576107440553159 @ 0
2026-08-28T10:28:37.099494499Z I0828 10:28:37.099457    1503 server_lib.cc:743] Unloading component jit_true_divide.11021083957486999807 @ 0 at worker
2026-08-28T10:28:37.099496837Z I0828 10:28:37.099461     748 worker_op_dispatcher.cc:4605] Component is not loaded yet; deferring unload until load completes: jit_true_divide.14768284516790631172 @ 0
2026-08-28T10:28:37.099526115Z I0828 10:28:37.099448    5746 server_lib.cc:743] Unloading component jit_sample.17152593400471990283 @ 0 at worker
2026-08-28T10:28:37.099545297Z I0828 10:28:37.099473     748 worker_op_dispatcher.cc:4605] Component is not loaded yet; deferring unload until load completes: jit_compute_and_gather_logprobs.5009576107440550414 @ 0
2026-08-28T10:28:37.099548625Z I0828 10:28:37.099472    1455 server_lib.cc:743] Unloading component jit_compute_and_gather_logprobs.5009576107440553159 @ 0 at worker
2026-08-28T10:28:37.099551469Z I0828 10:28:37.099480    1503 server_lib.cc:743] Unloading component jit_true_divide.14768284516790631172 @ 0 at worker
2026-08-28T10:28:37.099554439Z I0828 10:28:37.099485     748 worker_op_dispatcher.cc:4605] Component is not loaded yet; deferring unload until load completes: jit_swapaxes.15988940423104945415 @ 0
2026-08-28T10:28:37.099557519Z I0828 10:28:37.099492     748 worker_op_dispatcher.cc:4605] Component is not loaded yet; deferring unload until load completes: jit_compute_and_gather_logprobs.5009576107440550893 @ 0
2026-08-28T10:28:37.099560439Z I0828 10:28:37.099501     748 worker_op_dispatcher.cc:4605] Component is not loaded yet; deferring unload until load completes: jit__select_from_array_fn.10416149044182841886 @ 0
2026-08-28T10:28:37.099570366Z I0828 10:28:37.099508    1503 server_lib.cc:743] Unloading component jit_swapaxes.15988940423104945415 @ 0 at worker
2026-08-28T10:28:37.099572828Z I0828 10:28:37.099510     748 worker_op_dispatcher.cc:4605] Component is not loaded yet; deferring unload until load completes: jit__squeeze.15988940423104945864 @ 0
2026-08-28T10:28:37.099575276Z I0828 10:28:37.099524     748 worker_op_dispatcher.cc:4605] Component is not loaded yet; deferring unload until load completes: jit__select_from_array_fn.12553407529559189630 @ 0
2026-08-28T10:28:37.099580317Z I0828 10:28:37.099544     748 worker_op_dispatcher.cc:4605] Component is not loaded yet; deferring unload until load completes: jit_run_compute_logits.17152593400471993049 @ 0
2026-08-28T10:28:37.099585752Z I0828 10:28:37.099543    1496 server_lib.cc:743] Unloading component jit_compute_and_gather_logprobs.5009576107440550414 @ 0 at worker
2026-08-28T10:28:37.099588892Z I0828 10:28:37.099556     748 worker_op_dispatcher.cc:4605] Component is not loaded yet; deferring unload until load completes: jit_add.5598368294899623741 @ 0
2026-08-28T10:28:37.099591541Z I0828 10:28:37.099549    1503 server_lib.cc:743] Unloading component jit__squeeze.15988940423104945864 @ 0 at worker
2026-08-28T10:28:37.099593812Z I0828 10:28:37.099562    1464 server_lib.cc:743] Unloading component jit_run_compute_logits.17152593400471993049 @ 0 at worker
2026-08-28T10:28:37.099595944Z I0828 10:28:37.099551    1505 server_lib.cc:743] Unloading component jit__select_from_array_fn.12553407529559189630 @ 0 at worker
2026-08-28T10:28:37.099603202Z I0828 10:28:37.099489    1452 server_lib.cc:743] Unloading component jit_true_divide.5598368294899622059 @ 0 at worker
2026-08-28T10:28:37.099672457Z I0828 10:28:37.099577    1475 server_lib.cc:743] Unloading component jit__select_from_array_fn.10416149044182841886 @ 0 at worker
2026-08-28T10:28:37.099677857Z I0828 10:28:37.099514    5745 server_lib.cc:743] Unloading component jit_compute_and_gather_logprobs.5009576107440550893 @ 0 at worker
2026-08-28T10:28:37.099832048Z I0828 10:28:37.099775     748 worker_op_dispatcher.cc:4605] Component is not loaded yet; deferring unload until load completes: jit__decode_core.3658920302745356128 @ 0
2026-08-28T10:28:37.099838902Z I0828 10:28:37.099791     748 worker_op_dispatcher.cc:4605] Component is not loaded yet; deferring unload until load completes: jit_run_compute_logits.17152593400471992470 @ 0
2026-08-28T10:28:37.099842150Z I0828 10:28:37.099800     748 worker_op_dispatcher.cc:4605] Component is not loaded yet; deferring unload until load completes: jit_clip.5598368294899623307 @ 0
2026-08-28T10:28:37.099845269Z I0828 10:28:37.099810     748 worker_op_dispatcher.cc:4605] Component is not loaded yet; deferring unload until load completes: jit_clip.15988940423104942643 @ 0
2026-08-28T10:28:37.099853715Z I0828 10:28:37.099820     748 worker_op_dispatcher.cc:4605] Component is not loaded yet; deferring unload until load completes: jit_negative.15988940423104942372 @ 0
2026-08-28T10:28:37.099856250Z I0828 10:28:37.099820    1503 server_lib.cc:743] Unloading component jit_clip.5598368294899623307 @ 0 at worker
2026-08-28T10:28:37.099860372Z I0828 10:28:37.099813    5739 server_lib.cc:743] Unloading component jit__decode_core.3658920302745356128 @ 0 at worker
2026-08-28T10:28:37.099864820Z I0828 10:28:37.099822    1504 server_lib.cc:743] Unloading component jit_run_compute_logits.17152593400471992470 @ 0 at worker
2026-08-28T10:28:37.099869837Z I0828 10:28:37.099834    5741 server_lib.cc:743] Unloading component jit_clip.15988940423104942643 @ 0 at worker
2026-08-28T10:28:37.099897480Z I0828 10:28:37.099842    5746 server_lib.cc:743] Unloading component jit_negative.15988940423104942372 @ 0 at worker
2026-08-28T10:28:37.099927173Z I0828 10:28:37.099882    5748 server_lib.cc:743] Unloading component jit_add.5598368294899623741 @ 0 at worker
2026-08-28T10:28:37.100049915Z I0828 10:28:37.099968     748 worker_op_dispatcher.cc:4605] Component is not loaded yet; deferring unload until load completes: jit__decode_core.17152593400471990742 @ 0
2026-08-28T10:28:37.100110304Z I0828 10:28:37.100065     748 worker_op_dispatcher.cc:4605] Component is not loaded yet; deferring unload until load completes: jit__split_rngs.17542282987440715688 @ 0
2026-08-28T10:28:37.100176001Z I0828 10:28:37.100148     748 worker_op_dispatcher.cc:4605] Component is not loaded yet; deferring unload until load completes: jit__threefry_split.17152593400471990452 @ 0
2026-08-28T10:28:37.100282879Z I0828 10:28:37.100222     748 worker_op_dispatcher.cc:4605] Component is not loaded yet; deferring unload until load completes: jit_greater.5598368294899625138 @ 0
2026-08-28T10:28:37.100360241Z I0828 10:28:37.100336     748 worker_op_dispatcher.cc:4605] Component is not loaded yet; deferring unload until load completes: jit_masked_mean.5598368294899625025 @ 0
2026-08-28T10:28:37.100757412Z I0828 10:28:37.100698    1443 server_lib.cc:743] Unloading component jit__decode_core.17152593400471990742 @ 0 at worker
2026-08-28T10:28:37.100798483Z I0828 10:28:37.100756    1454 server_lib.cc:743] Unloading component jit__split_rngs.17542282987440715688 @ 0 at worker
2026-08-28T10:28:37.100819280Z I0828 10:28:37.100768    5750 server_lib.cc:743] Unloading component jit__threefry_split.17152593400471990452 @ 0 at worker
2026-08-28T10:28:37.100846922Z I0828 10:28:37.100814     748 worker_op_dispatcher.cc:4605] Component is not loaded yet; deferring unload until load completes: jit_bitwise_and.5598368294899623248 @ 0
2026-08-28T10:28:37.100850775Z I0828 10:28:37.100811    1454 server_lib.cc:743] Unloading component jit_greater.5598368294899625138 @ 0 at worker
2026-08-28T10:28:37.100981845Z I0828 10:28:37.100853    5752 server_lib.cc:743] Unloading component jit_masked_mean.5598368294899625025 @ 0 at worker
2026-08-28T10:28:37.101009434Z I0828 10:28:37.100862    1448 server_lib.cc:743] Unloading component jit_bitwise_and.5598368294899623248 @ 0 at worker
2026-08-28T10:28:37.101045562Z I0828 10:28:37.100861     748 worker_op_dispatcher.cc:4605] Component is not loaded yet; deferring unload until load completes: jit__precomputed_gradient_scaled_step.5598368294899622087 @ 0
2026-08-28T10:28:37.101052765Z I0828 10:28:37.100900     748 worker_op_dispatcher.cc:4605] Component is not loaded yet; deferring unload until load completes: jit_take_along_axis.15988940423104945884 @ 0
2026-08-28T10:28:37.101055989Z I0828 10:28:37.100903    5752 server_lib.cc:743] Unloading component jit__precomputed_gradient_scaled_step.5598368294899622087 @ 0 at worker
2026-08-28T10:28:37.101058775Z I0828 10:28:37.100909     748 worker_op_dispatcher.cc:4605] Component is not loaded yet; deferring unload until load completes: jit_take_along_axis.15988940423104942405 @ 0
2026-08-28T10:28:37.101061525Z I0828 10:28:37.100918     748 worker_op_dispatcher.cc:4605] Component is not loaded yet; deferring unload until load completes: jit_take_along_axis.10416149044182839387 @ 0
2026-08-28T10:28:37.101064767Z I0828 10:28:37.100928    1443 server_lib.cc:743] Unloading component jit_take_along_axis.15988940423104945884 @ 0 at worker
2026-08-28T10:28:37.101075595Z I0828 10:28:37.100931     748 worker_op_dispatcher.cc:4605] Component is not loaded yet; deferring unload until load completes: jit_take_along_axis.15988940423104943189 @ 0
2026-08-28T10:28:37.101079993Z I0828 10:28:37.100946     748 worker_op_dispatcher.cc:4605] Component is not loaded yet; deferring unload until load completes: jit__identity_fn.10416149044182842673 @ 0
2026-08-28T10:28:37.101115095Z I0828 10:28:37.100957     748 worker_op_dispatcher.cc:4605] Component is not loaded yet; deferring unload until load completes: jit__reduce_sum.11021083957486998667 @ 0
2026-08-28T10:28:37.101120207Z I0828 10:28:37.100960    1448 server_lib.cc:743] Unloading component jit__identity_fn.10416149044182842673 @ 0 at worker
2026-08-28T10:28:37.101123595Z I0828 10:28:37.100955    5741 server_lib.cc:743] Unloading component jit_take_along_axis.15988940423104942405 @ 0 at worker
2026-08-28T10:28:37.101127116Z I0828 10:28:37.100972     748 worker_op_dispatcher.cc:4605] Component is not loaded yet; deferring unload until load completes: jit__reduce_sum.5598368294899625079 @ 0
2026-08-28T10:28:37.101132341Z I0828 10:28:37.100968    1466 server_lib.cc:743] Unloading component jit_take_along_axis.15988940423104943189 @ 0 at worker
2026-08-28T10:28:37.101136597Z I0828 10:28:37.100981     748 worker_op_dispatcher.cc:4605] Component is not loaded yet; deferring unload until load completes: jit__reduce_sum.5598368294899623890 @ 0
2026-08-28T10:28:37.101140455Z I0828 10:28:37.100986    1504 server_lib.cc:743] Unloading component jit_take_along_axis.10416149044182839387 @ 0 at worker
2026-08-28T10:28:37.101147677Z I0828 10:28:37.100989    1496 server_lib.cc:743] Unloading component jit__reduce_sum.11021083957486998667 @ 0 at worker
2026-08-28T10:28:37.101153122Z I0828 10:28:37.101006     748 worker_op_dispatcher.cc:4605] Component is not loaded yet; deferring unload until load completes: jit__reduce_max.11021083957486999290 @ 0
2026-08-28T10:28:37.101157168Z I0828 10:28:37.101062     748 worker_op_dispatcher.cc:4605] Component is not loaded yet; deferring unload until load completes: jit__identity_fn.15988940423104944218 @ 0
2026-08-28T10:28:37.101160486Z I0828 10:28:37.101006    1466 server_lib.cc:743] Unloading component jit__reduce_sum.5598368294899623890 @ 0 at worker
2026-08-28T10:28:37.101163950Z I0828 10:28:37.101071    1496 server_lib.cc:743] Unloading component jit__reduce_max.11021083957486999290 @ 0 at worker
2026-08-28T10:28:37.101167652Z I0828 10:28:37.101020    1448 server_lib.cc:743] Unloading component jit__reduce_sum.5598368294899625079 @ 0 at worker
2026-08-28T10:28:37.101173443Z I0828 10:28:37.101074     748 worker_op_dispatcher.cc:4605] Component is not loaded yet; deferring unload until load completes: jit__identity_fn.15988940423104945156 @ 0
2026-08-28T10:28:37.101181375Z I0828 10:28:37.101093    1466 server_lib.cc:743] Unloading component jit__identity_fn.15988940423104944218 @ 0 at worker
2026-08-28T10:28:37.101423617Z I0828 10:28:37.101354    1448 server_lib.cc:743] Unloading component jit__identity_fn.15988940423104945156 @ 0 at worker
2026-08-28T10:28:37.101440359Z I0828 10:28:37.101362     748 worker_op_dispatcher.cc:4605] Component is not loaded yet; deferring unload until load completes: jit_maximum.11021083957487001570 @ 0
2026-08-28T10:28:37.101444124Z I0828 10:28:37.101387     748 worker_op_dispatcher.cc:4605] Component is not loaded yet; deferring unload until load completes: jit__identity_fn.15988940423104944687 @ 0
2026-08-28T10:28:37.101452266Z I0828 10:28:37.101398    1496 server_lib.cc:743] Unloading component jit_maximum.11021083957487001570 @ 0 at worker
2026-08-28T10:28:37.101455005Z I0828 10:28:37.101401     748 worker_op_dispatcher.cc:4605] Component is not loaded yet; deferring unload until load completes: jit__identity_fn.15988940423104943749 @ 0
2026-08-28T10:28:37.101658420Z I0828 10:28:37.101604    1448 server_lib.cc:743] Unloading component jit__identity_fn.15988940423104944687 @ 0 at worker
2026-08-28T10:28:37.101685903Z I0828 10:28:37.101662     748 worker_op_dispatcher.cc:4605] Component is not loaded yet; deferring unload until load completes: jit_zt_tr_fwd_embed.15988940423104943280 @ 0
2026-08-28T10:28:37.101690551Z I0828 10:28:37.101665    1448 server_lib.cc:743] Unloading component jit__identity_fn.15988940423104943749 @ 0 at worker
2026-08-28T10:28:37.101693641Z I0828 10:28:37.101674     748 worker_op_dispatcher.cc:4605] Component is not loaded yet; deferring unload until load completes: jit_zt_tr_fwd_norm.10416149044182843139 @ 0
2026-08-28T10:28:37.101698837Z I0828 10:28:37.101681     748 worker_op_dispatcher.cc:4605] Component is not loaded yet; deferring unload until load completes: jit_zt_tr_dp_parallel_bwd_head.5598368294899624293 @ 0
2026-08-28T10:28:37.101849316Z I0828 10:28:37.101812     748 worker_op_dispatcher.cc:4605] Component is not loaded yet; deferring unload until load completes: jit_zt_tr_bwd_logprob.15988940423104942112 @ 0
2026-08-28T10:28:37.101854007Z I0828 10:28:37.101823     748 worker_op_dispatcher.cc:4605] Component is not loaded yet; deferring unload until load completes: jit_zt_tr_dp_parallel_bwd_layer_33.5598368294899623859 @ 0
2026-08-28T10:28:37.101895859Z I0828 10:28:37.101834    5757 server_lib.cc:743] Unloading component jit_zt_tr_fwd_embed.15988940423104943280 @ 0 at worker
2026-08-28T10:28:37.101989195Z I0828 10:28:37.101937    1496 server_lib.cc:743] Unloading component jit_zt_tr_dp_parallel_bwd_head.5598368294899624293 @ 0 at worker
2026-08-28T10:28:37.101993961Z I0828 10:28:37.101969    1448 server_lib.cc:743] Unloading component jit_zt_tr_fwd_norm.10416149044182843139 @ 0 at worker
2026-08-28T10:28:37.102058931Z I0828 10:28:37.101978    1504 server_lib.cc:743] Unloading component jit_zt_tr_dp_parallel_bwd_layer_33.5598368294899623859 @ 0 at worker
2026-08-28T10:28:37.102079087Z I0828 10:28:37.101987    5758 server_lib.cc:743] Unloading component jit_zt_tr_bwd_logprob.15988940423104942112 @ 0 at worker
2026-08-28T10:28:37.102168964Z I0828 10:28:37.102095     748 worker_op_dispatcher.cc:4605] Component is not loaded yet; deferring unload until load completes: jit_abs.11021083957486998340 @ 0
2026-08-28T10:28:37.102181027Z I0828 10:28:37.102127    1464 server_lib.cc:743] Unloading component jit_abs.11021083957486998340 @ 0 at worker
2026-08-28T10:28:37.102185865Z I0828 10:28:37.102137     748 worker_op_dispatcher.cc:4605] Component is not loaded yet; deferring unload until load completes: jit_zt_tr_dp_parallel_bwd_layer_32.15988940423104944332 @ 0
2026-08-28T10:28:37.102296664Z I0828 10:28:37.102252     748 worker_op_dispatcher.cc:4605] Component is not loaded yet; deferring unload until load completes: jit_multiply.15988940423104942174 @ 0
2026-08-28T10:28:37.102345109Z I0828 10:28:37.102321     748 worker_op_dispatcher.cc:4605] Component is not loaded yet; deferring unload until load completes: jit_multiply.14768284516790631176 @ 0
2026-08-28T10:28:37.102414466Z I0828 10:28:37.102391     748 worker_op_dispatcher.cc:4605] Component is not loaded yet; deferring unload until load completes: jit_multiply.15988940423104944154 @ 0
2026-08-28T10:28:37.102417191Z I0828 10:28:37.102399     748 worker_op_dispatcher.cc:4605] Component is not loaded yet; deferring unload until load completes: jit_zt_tr_dp_parallel_bwd_layer_29.5598368294899623425 @ 0
2026-08-28T10:28:37.102479206Z I0828 10:28:37.102455     748 worker_op_dispatcher.cc:4605] Component is not loaded yet; deferring unload until load completes: jit_zt_tr_dp_parallel_bwd_layer_28.15988940423104943394 @ 0
2026-08-28T10:28:37.102496580Z I0828 10:28:37.102466     748 worker_op_dispatcher.cc:4605] Component is not loaded yet; deferring unload until load completes: jit_zt_tr_dp_parallel_bwd_layer_26.15988940423104942925 @ 0
2026-08-28T10:28:37.102724615Z I0828 10:28:37.102661    1478 server_lib.cc:743] Unloading component jit_zt_tr_dp_parallel_bwd_layer_32.15988940423104944332 @ 0 at worker
2026-08-28T10:28:37.102733941Z I0828 10:28:37.102704    1478 server_lib.cc:743] Unloading component jit_multiply.15988940423104942174 @ 0 at worker
2026-08-28T10:28:37.102789048Z I0828 10:28:37.102761    1461 server_lib.cc:743] Unloading component jit_multiply.14768284516790631176 @ 0 at worker
2026-08-28T10:28:37.102831678Z I0828 10:28:37.102805    1461 server_lib.cc:743] Unloading component jit_zt_tr_dp_parallel_bwd_layer_29.5598368294899623425 @ 0 at worker
2026-08-28T10:28:37.102854132Z I0828 10:28:37.102837    1446 server_lib.cc:743] Unloading component jit_multiply.15988940423104944154 @ 0 at worker
2026-08-28T10:28:37.102970841Z I0828 10:28:37.102853     748 worker_op_dispatcher.cc:4605] Component is not loaded yet; deferring unload until load completes: jit_zt_tr_dp_parallel_bwd_layer_24.15988940423104942456 @ 0
2026-08-28T10:28:37.103005908Z I0828 10:28:37.102874    1446 server_lib.cc:743] Unloading component jit_zt_tr_dp_parallel_bwd_layer_28.15988940423104943394 @ 0 at worker
2026-08-28T10:28:37.103010485Z I0828 10:28:37.102881    5763 server_lib.cc:743] Unloading component jit_zt_tr_dp_parallel_bwd_layer_26.15988940423104942925 @ 0 at worker
2026-08-28T10:28:37.103014372Z I0828 10:28:37.102906    1446 server_lib.cc:743] Unloading component jit_zt_tr_dp_parallel_bwd_layer_24.15988940423104942456 @ 0 at worker
2026-08-28T10:28:37.103186351Z I0828 10:28:37.103139     748 worker_op_dispatcher.cc:4605] Component is not loaded yet; deferring unload until load completes: jit_zt_tr_dp_parallel_bwd_layer_25.5598368294899622991 @ 0
2026-08-28T10:28:37.103194689Z I0828 10:28:37.103153     748 worker_op_dispatcher.cc:4605] Component is not loaded yet; deferring unload until load completes: jit_multiply.679787919433037284 @ 0
2026-08-28T10:28:37.103197735Z I0828 10:28:37.103162     748 worker_op_dispatcher.cc:4605] Component is not loaded yet; deferring unload until load completes: jit_multiply.679787919433039485 @ 0
2026-08-28T10:28:37.103201628Z I0828 10:28:37.103172     748 worker_op_dispatcher.cc:4605] Component is not loaded yet; deferring unload until load completes: jit_zt_tr_dp_parallel_bwd_layer_22.15988940423104946083 @ 0
2026-08-28T10:28:37.103222744Z I0828 10:28:37.103182     748 worker_op_dispatcher.cc:4605] Component is not loaded yet; deferring unload until load completes: jit_zt_tr_dp_parallel_bwd_layer_21.5598368294899622557 @ 0
2026-08-28T10:28:37.103252862Z I0828 10:28:37.103180    1468 server_lib.cc:743] Unloading component jit_zt_tr_dp_parallel_bwd_layer_25.5598368294899622991 @ 0 at worker
2026-08-28T10:28:37.103265514Z I0828 10:28:37.103194     748 worker_op_dispatcher.cc:4605] Component is not loaded yet; deferring unload until load completes: jit_zt_tr_dp_parallel_bwd_layer_18.15988940423104945145 @ 0
2026-08-28T10:28:37.103267978Z I0828 10:28:37.103194    1446 server_lib.cc:743] Unloading component jit_multiply.679787919433037284 @ 0 at worker
2026-08-28T10:28:37.103270377Z I0828 10:28:37.103194    1447 server_lib.cc:743] Unloading component jit_zt_tr_dp_parallel_bwd_layer_22.15988940423104946083 @ 0 at worker
2026-08-28T10:28:37.103277022Z I0828 10:28:37.103206     748 worker_op_dispatcher.cc:4605] Component is not loaded yet; deferring unload until load completes: jit_multiply.11021083957487000430 @ 0
2026-08-28T10:28:37.103279539Z I0828 10:28:37.103213    5763 server_lib.cc:743] Unloading component jit_zt_tr_dp_parallel_bwd_layer_21.5598368294899622557 @ 0 at worker
2026-08-28T10:28:37.103281701Z I0828 10:28:37.103203    5762 server_lib.cc:743] Unloading component jit_multiply.679787919433039485 @ 0 at worker
2026-08-28T10:28:37.103284267Z I0828 10:28:37.103222    1446 server_lib.cc:743] Unloading component jit_zt_tr_dp_parallel_bwd_layer_18.15988940423104945145 @ 0 at worker
2026-08-28T10:28:37.103291267Z I0828 10:28:37.103220     748 worker_op_dispatcher.cc:4605] Component is not loaded yet; deferring unload until load completes: jit_zt_tr_dp_parallel_bwd_layer_17.5598368294899622123 @ 0
2026-08-28T10:28:37.103293819Z I0828 10:28:37.103230    1456 server_lib.cc:743] Unloading component jit_multiply.11021083957487000430 @ 0 at worker
2026-08-28T10:28:37.103296007Z I0828 10:28:37.103245     748 worker_op_dispatcher.cc:4605] Component is not loaded yet; deferring unload until load completes: jit_multiply.5009576107440550299 @ 0
2026-08-28T10:28:37.103298049Z I0828 10:28:37.103249    1466 server_lib.cc:743] Unloading component jit_zt_tr_dp_parallel_bwd_layer_17.5598368294899622123 @ 0 at worker
2026-08-28T10:28:37.103300210Z I0828 10:28:37.103256     748 worker_op_dispatcher.cc:4605] Component is not loaded yet; deferring unload until load completes: jit_zt_tr_dp_parallel_bwd_layer_15.5598368294899623954 @ 0
2026-08-28T10:28:37.103305132Z I0828 10:28:37.103268     748 worker_op_dispatcher.cc:4605] Component is not loaded yet; deferring unload until load completes: jit_zt_tr_dp_parallel_bwd_layer_14.15988940423104944207 @ 0
2026-08-28T10:28:37.103307379Z I0828 10:28:37.103268    5762 server_lib.cc:743] Unloading component jit_multiply.5009576107440550299 @ 0 at worker
2026-08-28T10:28:37.103309402Z I0828 10:28:37.103276    1466 server_lib.cc:743] Unloading component jit_zt_tr_dp_parallel_bwd_layer_15.5598368294899623954 @ 0 at worker
2026-08-28T10:28:37.103316910Z I0828 10:28:37.103278     748 worker_op_dispatcher.cc:4605] Component is not loaded yet; deferring unload until load completes: jit_multiply.679787919433039383 @ 0
2026-08-28T10:28:37.103321128Z I0828 10:28:37.103296    5762 server_lib.cc:743] Unloading component jit_zt_tr_dp_parallel_bwd_layer_14.15988940423104944207 @ 0 at worker
2026-08-28T10:28:37.103323446Z I0828 10:28:37.103301     748 worker_op_dispatcher.cc:4605] Component is not loaded yet; deferring unload until load completes: jit_multiply.14768284516790631174 @ 0
2026-08-28T10:28:37.103326252Z I0828 10:28:37.103301    1468 server_lib.cc:743] Unloading component jit_multiply.679787919433039383 @ 0 at worker
2026-08-28T10:28:37.103497337Z I0828 10:28:37.103437     748 worker_op_dispatcher.cc:4605] Component is not loaded yet; deferring unload until load completes: jit__where.11021083957486998910 @ 0
2026-08-28T10:28:37.103660850Z I0828 10:28:37.103549    1468 server_lib.cc:743] Unloading component jit_multiply.14768284516790631174 @ 0 at worker
2026-08-28T10:28:37.103677966Z I0828 10:28:37.103580    5766 server_lib.cc:743] Unloading component jit__where.11021083957486998910 @ 0 at worker
2026-08-28T10:28:37.103703791Z I0828 10:28:37.103623     748 worker_op_dispatcher.cc:4605] Component is not loaded yet; deferring unload until load completes: jit_zt_tr_dp_parallel_bwd_layer_10.15988940423104943269 @ 0
2026-08-28T10:28:37.103706802Z I0828 10:28:37.103647    5766 server_lib.cc:743] Unloading component jit_zt_tr_dp_parallel_bwd_layer_10.15988940423104943269 @ 0 at worker
2026-08-28T10:28:37.103709092Z I0828 10:28:37.103668     748 worker_op_dispatcher.cc:4605] Component is not loaded yet; deferring unload until load completes: jit_zt_tr_dp_parallel_bwd_layer_08.15988940423104942800 @ 0
2026-08-28T10:28:37.103711130Z I0828 10:28:37.103679     748 worker_op_dispatcher.cc:4605] Component is not loaded yet; deferring unload until load completes: jit__where.10416149044182840408 @ 0
2026-08-28T10:28:37.103750437Z I0828 10:28:37.103691     748 worker_op_dispatcher.cc:4605] Component is not loaded yet; deferring unload until load completes: jit_zt_tr_dp_parallel_bwd_layer_07.5598368294899623086 @ 0
2026-08-28T10:28:37.103760924Z I0828 10:28:37.103700     748 worker_op_dispatcher.cc:4605] Component is not loaded yet; deferring unload until load completes: jit_zt_tr_dp_parallel_bwd_layer_06.15988940423104942331 @ 0
2026-08-28T10:28:37.103765286Z I0828 10:28:37.103711     748 worker_op_dispatcher.cc:4605] Component is not loaded yet; deferring unload until load completes: jit_zt_tr_dp_parallel_bwd_layer_04.15988940423104945958 @ 0
2026-08-28T10:28:37.103769112Z I0828 10:28:37.103705    5756 server_lib.cc:743] Unloading component jit_zt_tr_dp_parallel_bwd_layer_08.15988940423104942800 @ 0 at worker
2026-08-28T10:28:37.103775562Z I0828 10:28:37.103704    1466 server_lib.cc:743] Unloading component jit__where.10416149044182840408 @ 0 at worker
2026-08-28T10:28:37.103856398Z I0828 10:28:37.103814    5766 server_lib.cc:743] Unloading component jit_zt_tr_dp_parallel_bwd_layer_07.5598368294899623086 @ 0 at worker
2026-08-28T10:28:37.103860106Z I0828 10:28:37.103819    5767 server_lib.cc:743] Unloading component jit_zt_tr_dp_parallel_bwd_layer_06.15988940423104942331 @ 0 at worker
2026-08-28T10:28:37.103950046Z I0828 10:28:37.103912     748 worker_op_dispatcher.cc:4605] Component is not loaded yet; deferring unload until load completes: jit_zt_tr_dp_parallel_bwd_layer_02.15988940423104945489 @ 0
2026-08-28T10:28:37.104011275Z I0828 10:28:37.103979     748 worker_op_dispatcher.cc:4605] Component is not loaded yet; deferring unload until load completes: jit_zt_tr_dp_parallel_bwd_layer_03.5598368294899622652 @ 0
2026-08-28T10:28:37.104101188Z I0828 10:28:37.104066     748 worker_op_dispatcher.cc:4605] Component is not loaded yet; deferring unload until load completes: jit_zt_tr_dp_parallel_bwd_layer_00.15988940423104945020 @ 0
2026-08-28T10:28:37.104261842Z I0828 10:28:37.104207    5744 server_lib.cc:743] Unloading component jit_zt_tr_dp_parallel_bwd_layer_04.15988940423104945958 @ 0 at worker
2026-08-28T10:28:37.104379538Z I0828 10:28:37.104314    5766 server_lib.cc:743] Unloading component jit_zt_tr_dp_parallel_bwd_layer_02.15988940423104945489 @ 0 at worker
2026-08-28T10:28:37.104397057Z I0828 10:28:37.104342     748 worker_op_dispatcher.cc:4605] Component is not loaded yet; deferring unload until load completes: jit_true_divide.5009576107440551214 @ 0
2026-08-28T10:28:37.104401595Z I0828 10:28:37.104336    5768 server_lib.cc:743] Unloading component jit_zt_tr_dp_parallel_bwd_layer_03.5598368294899622652 @ 0 at worker
2026-08-28T10:28:37.104405106Z I0828 10:28:37.104353     748 worker_op_dispatcher.cc:4605] Component is not loaded yet; deferring unload until load completes: jit_true_divide.5598368294899621910 @ 0
2026-08-28T10:28:37.104418290Z I0828 10:28:37.104366     748 worker_op_dispatcher.cc:4605] Component is not loaded yet; deferring unload until load completes: jit_zt_tr_grad_tree_add.14768284516790631177 @ 0
2026-08-28T10:28:37.104432889Z I0828 10:28:37.104366    5766 server_lib.cc:743] Unloading component jit_true_divide.5009576107440551214 @ 0 at worker
2026-08-28T10:28:37.104437613Z I0828 10:28:37.104376     748 worker_op_dispatcher.cc:4605] Component is not loaded yet; deferring unload until load completes: jit_sqrt.5009576107440552477 @ 0
2026-08-28T10:28:37.104440810Z I0828 10:28:37.104377    5768 server_lib.cc:743] Unloading component jit_true_divide.5598368294899621910 @ 0 at worker
2026-08-28T10:28:37.104443991Z I0828 10:28:37.104379    5767 server_lib.cc:743] Unloading component jit_zt_tr_dp_parallel_bwd_layer_00.15988940423104945020 @ 0 at worker
2026-08-28T10:28:37.104446830Z I0828 10:28:37.104386     748 worker_op_dispatcher.cc:4605] Component is not loaded yet; deferring unload until load completes: jit_swapaxes.15988940423104943310 @ 0
2026-08-28T10:28:37.104449932Z I0828 10:28:37.104391    5766 server_lib.cc:743] Unloading component jit_sqrt.5009576107440552477 @ 0 at worker
2026-08-28T10:28:37.104455868Z I0828 10:28:37.104395     748 worker_op_dispatcher.cc:4605] Component is not loaded yet; deferring unload until load completes: jit_zt_ro_logprob_gather.5009576107440552694 @ 0
2026-08-28T10:28:37.104458806Z I0828 10:28:37.104388    5770 server_lib.cc:743] Unloading component jit_zt_tr_grad_tree_add.14768284516790631177 @ 0 at worker
2026-08-28T10:28:37.104462014Z I0828 10:28:37.104403     748 worker_op_dispatcher.cc:4605] Component is not loaded yet; deferring unload until load completes: jit_zt_tr_dp_parallel_bwd_adjoint.5598368294899623276 @ 0
2026-08-28T10:28:37.104500980Z I0828 10:28:37.104424    1466 server_lib.cc:743] Unloading component jit_zt_ro_logprob_gather.5009576107440552694 @ 0 at worker
2026-08-28T10:28:37.104606677Z I0828 10:28:37.104544     748 worker_op_dispatcher.cc:4605] Component is not loaded yet; deferring unload until load completes: jit_count_nonzero.14768284516790629819 @ 0
2026-08-28T10:28:37.104623477Z I0828 10:28:37.104558     748 worker_op_dispatcher.cc:4605] Component is not loaded yet; deferring unload until load completes: jit_count_nonzero.4294846250867693463 @ 0
2026-08-28T10:28:37.104630165Z I0828 10:28:37.104549    5772 server_lib.cc:743] Unloading component jit_swapaxes.15988940423104943310 @ 0 at worker
2026-08-28T10:28:37.104633163Z I0828 10:28:37.104561    1454 server_lib.cc:743] Unloading component jit_count_nonzero.14768284516790629819 @ 0 at worker
2026-08-28T10:28:37.104636410Z I0828 10:28:37.104570    5770 server_lib.cc:743] Unloading component jit_zt_tr_dp_parallel_bwd_adjoint.5598368294899623276 @ 0 at worker
2026-08-28T10:28:37.104640194Z I0828 10:28:37.104566     748 worker_op_dispatcher.cc:4605] Component is not loaded yet; deferring unload until load completes: jit_count_nonzero.15995949837485656625 @ 0
2026-08-28T10:28:37.104739645Z I0828 10:28:37.104671    5773 server_lib.cc:743] Unloading component jit_count_nonzero.4294846250867693463 @ 0 at worker
2026-08-28T10:28:37.104776573Z I0828 10:28:37.104749    5770 server_lib.cc:743] Unloading component jit_count_nonzero.15995949837485656625 @ 0 at worker
2026-08-28T10:28:37.104780522Z I0828 10:28:37.104753     748 worker_op_dispatcher.cc:4605] Component is not loaded yet; deferring unload until load completes: jit_count_nonzero.14768284516790631870 @ 0
2026-08-28T10:28:37.104783099Z I0828 10:28:37.104762     748 worker_op_dispatcher.cc:4605] Component is not loaded yet; deferring unload until load completes: jit__gradient_diagnostics.5598368294899625107 @ 0
2026-08-28T10:28:37.104865659Z I0828 10:28:37.104784    1485 server_lib.cc:743] Unloading component jit__gradient_diagnostics.5598368294899625107 @ 0 at worker
2026-08-28T10:28:37.104876185Z I0828 10:28:37.104795    5773 server_lib.cc:743] Unloading component jit_count_nonzero.14768284516790631870 @ 0 at worker
2026-08-28T10:28:37.105636794Z I0828 10:28:37.105569     748 worker_op_dispatcher.cc:4605] Component is not loaded yet; deferring unload until load completes: jit__gradient_finite_flags.12319883060084965963 @ 0
2026-08-28T10:28:37.105660945Z I0828 10:28:37.105586     748 worker_op_dispatcher.cc:4605] Component is not loaded yet; deferring unload until load completes: jit_compare_local.4294846250867692301 @ 0
2026-08-28T10:28:37.105666695Z I0828 10:28:37.105596     748 worker_op_dispatcher.cc:4605] Component is not loaded yet; deferring unload until load completes: jit_tree_numeric_stats.14768284516790629129 @ 0
2026-08-28T10:28:37.105670507Z I0828 10:28:37.105605     748 worker_op_dispatcher.cc:4605] Component is not loaded yet; deferring unload until load completes: jit_clip.5598368294899625685 @ 0
2026-08-28T10:28:37.105673989Z I0828 10:28:37.105614     748 worker_op_dispatcher.cc:4605] Component is not loaded yet; deferring unload until load completes: jit__canon_fused_decode_logprob_chunk.3658920302745356754 @ 0
2026-08-28T10:28:37.105686373Z I0828 10:28:37.105613    5764 server_lib.cc:743] Unloading component jit__gradient_finite_flags.12319883060084965963 @ 0 at worker
2026-08-28T10:28:37.105693402Z I0828 10:28:37.105624     748 worker_op_dispatcher.cc:4605] Component is not loaded yet; deferring unload until load completes: jit__canon_fused_decode_logprob_chunk.17152593400471993874 @ 0
2026-08-28T10:28:37.105697690Z I0828 10:28:37.105628    1476 server_lib.cc:743] Unloading component jit_clip.5598368294899625685 @ 0 at worker
2026-08-28T10:28:37.105702533Z I0828 10:28:37.105645     748 worker_op_dispatcher.cc:4605] Component is not loaded yet; deferring unload until load completes: jit__canon_fused_decode_logprob_chunk.12553407529559190006 @ 0
2026-08-28T10:28:37.105709527Z I0828 10:28:37.105654     748 worker_op_dispatcher.cc:4605] Component is not loaded yet; deferring unload until load completes: jit__canon_fused_decode_logprob_chunk.11021083957486997776 @ 0
2026-08-28T10:28:37.105713179Z I0828 10:28:37.105629    1461 server_lib.cc:743] Unloading component jit_compare_local.4294846250867692301 @ 0 at worker
2026-08-28T10:28:37.105716899Z I0828 10:28:37.105653    1444 server_lib.cc:743] Unloading component jit__canon_fused_decode_logprob_chunk.3658920302745356754 @ 0 at worker
2026-08-28T10:28:37.105720579Z I0828 10:28:37.105628    5753 server_lib.cc:743] Unloading component jit_tree_numeric_stats.14768284516790629129 @ 0 at worker
2026-08-28T10:28:37.105723932Z I0828 10:28:37.105668     748 worker_op_dispatcher.cc:4605] Component is not loaded yet; deferring unload until load completes: jit__compute_active_mask.10416149044182841698 @ 0
2026-08-28T10:28:37.105731052Z I0828 10:28:37.105672    5764 server_lib.cc:743] Unloading component jit__canon_fused_decode_logprob_chunk.12553407529559190006 @ 0 at worker
2026-08-28T10:28:37.105742070Z I0828 10:28:37.105679     748 worker_op_dispatcher.cc:4605] Component is not loaded yet; deferring unload until load completes: jit__compute_active_mask.6774095956947438990 @ 0
2026-08-28T10:28:37.105746329Z I0828 10:28:37.105672    1443 server_lib.cc:743] Unloading component jit__canon_fused_decode_logprob_chunk.11021083957486997776 @ 0 at worker
2026-08-28T10:28:37.105752579Z I0828 10:28:37.105690    1461 server_lib.cc:743] Unloading component jit__compute_active_mask.10416149044182841698 @ 0 at worker
2026-08-28T10:28:37.105755317Z I0828 10:28:37.105691     748 worker_op_dispatcher.cc:4605] Component is not loaded yet; deferring unload until load completes: jit__compute_active_mask.14768284516790630232 @ 0
2026-08-28T10:28:37.105757857Z I0828 10:28:37.105683    1469 server_lib.cc:743] Unloading component jit__canon_fused_decode_logprob_chunk.17152593400471993874 @ 0 at worker
2026-08-28T10:28:37.105760192Z I0828 10:28:37.105728     748 worker_op_dispatcher.cc:4605] Component is not loaded yet; deferring unload until load completes: jit__precomputed_gradient_scaled_step.15995949837485657494 @ 0
2026-08-28T10:28:37.105770788Z I0828 10:28:37.105715    5768 server_lib.cc:743] Unloading component jit__compute_active_mask.6774095956947438990 @ 0 at worker
2026-08-28T10:28:37.105772870Z I0828 10:28:37.105740     748 worker_op_dispatcher.cc:4605] Component is not loaded yet; deferring unload until load completes: jit__compute_active_mask.12319883060084967998 @ 0
2026-08-28T10:28:37.105775919Z I0828 10:28:37.105732    1461 server_lib.cc:743] Unloading component jit__compute_active_mask.14768284516790630232 @ 0 at worker
2026-08-28T10:28:37.105788944Z I0828 10:28:37.105750     748 worker_op_dispatcher.cc:4605] Component is not loaded yet; deferring unload until load completes: jit_take_along_axis.15988940423104942707 @ 0
2026-08-28T10:28:37.105817115Z I0828 10:28:37.105749    1469 server_lib.cc:743] Unloading component jit__precomputed_gradient_scaled_step.15995949837485657494 @ 0 at worker
2026-08-28T10:28:37.105822877Z I0828 10:28:37.105763     748 worker_op_dispatcher.cc:4605] Component is not loaded yet; deferring unload until load completes: jit_zt_tr_fwd_logprob.15988940423104944906 @ 0
2026-08-28T10:28:37.105829824Z I0828 10:28:37.105774     748 worker_op_dispatcher.cc:4605] Component is not loaded yet; deferring unload until load completes: jit_zt_tr_grad_tree_start.15988940423104945760 @ 0
2026-08-28T10:28:37.105833377Z I0828 10:28:37.105777    1461 server_lib.cc:743] Unloading component jit_take_along_axis.15988940423104942707 @ 0 at worker
2026-08-28T10:28:37.105836779Z I0828 10:28:37.105774    1505 server_lib.cc:743] Unloading component jit__compute_active_mask.12319883060084967998 @ 0 at worker
2026-08-28T10:28:37.105842831Z I0828 10:28:37.105783    1469 server_lib.cc:743] Unloading component jit_zt_tr_fwd_logprob.15988940423104944906 @ 0 at worker
2026-08-28T10:28:37.105846669Z I0828 10:28:37.105787     748 worker_op_dispatcher.cc:4605] Component is not loaded yet; deferring unload until load completes: jit_zt_tr_fwd_layer.10416149044182842396 @ 0
2026-08-28T10:28:37.105852415Z I0828 10:28:37.105798     748 worker_op_dispatcher.cc:4605] Component is not loaded yet; deferring unload until load completes: jit_equal.5598368294899625541 @ 0
2026-08-28T10:28:37.105855854Z I0828 10:28:37.105809    1505 server_lib.cc:743] Unloading component jit_zt_tr_fwd_layer.10416149044182842396 @ 0 at worker
2026-08-28T10:28:37.105859535Z I0828 10:28:37.105812     748 worker_op_dispatcher.cc:4605] Component is not loaded yet; deferring unload until load completes: jit__identity_fn.15988940423104945625 @ 0
2026-08-28T10:28:37.105865608Z I0828 10:28:37.105825    1454 server_lib.cc:743] Unloading component jit_zt_tr_grad_tree_start.15988940423104945760 @ 0 at worker
2026-08-28T10:28:37.105870904Z I0828 10:28:37.105837     748 worker_op_dispatcher.cc:4605] Component is not loaded yet; deferring unload until load completes: jit_zt_tr_fwd_head.15988940423104945375 @ 0
2026-08-28T10:28:37.105879901Z I0828 10:28:37.105837    1446 server_lib.cc:743] Unloading component jit__identity_fn.15988940423104945625 @ 0 at worker
2026-08-28T10:28:37.105884816Z I0828 10:28:37.105840    5773 server_lib.cc:743] Unloading component jit_equal.5598368294899625541 @ 0 at worker
2026-08-28T10:28:37.105891729Z I0828 10:28:37.105848     748 worker_op_dispatcher.cc:4605] Component is not loaded yet; deferring unload until load completes: jit_zt_tr_dp_parallel_bwd_norm.15988940423104945270 @ 0
2026-08-28T10:28:37.105895741Z I0828 10:28:37.105859     748 worker_op_dispatcher.cc:4605] Component is not loaded yet; deferring unload until load completes: jit_zt_tr_dp_parallel_bwd_layer_35.5598368294899622028 @ 0
2026-08-28T10:28:37.105938490Z I0828 10:28:37.105863    1446 server_lib.cc:743] Unloading component jit_zt_tr_fwd_head.15988940423104945375 @ 0 at worker
2026-08-28T10:28:37.105966238Z I0828 10:28:37.105870     748 worker_op_dispatcher.cc:4605] Component is not loaded yet; deferring unload until load completes: jit_zt_tr_dp_parallel_bwd_layer_34.15988940423104944801 @ 0
2026-08-28T10:28:37.105969546Z I0828 10:28:37.105881     748 worker_op_dispatcher.cc:4605] Component is not loaded yet; deferring unload until load completes: jit_zt_tr_dp_parallel_bwd_layer_31.5598368294899625690 @ 0
2026-08-28T10:28:37.105973387Z I0828 10:28:37.105889     748 worker_op_dispatcher.cc:4605] Component is not loaded yet; deferring unload until load completes: jit_zt_tr_dp_parallel_bwd_layer_30.15988940423104943863 @ 0
2026-08-28T10:28:37.105976077Z I0828 10:28:37.105890    5773 server_lib.cc:743] Unloading component jit_zt_tr_dp_parallel_bwd_norm.15988940423104945270 @ 0 at worker
2026-08-28T10:28:37.105978684Z I0828 10:28:37.105895    1454 server_lib.cc:743] Unloading component jit_zt_tr_dp_parallel_bwd_layer_35.5598368294899622028 @ 0 at worker
2026-08-28T10:28:37.105981636Z I0828 10:28:37.105895    1485 server_lib.cc:743] Unloading component jit_zt_tr_dp_parallel_bwd_layer_34.15988940423104944801 @ 0 at worker
2026-08-28T10:28:37.105990541Z I0828 10:28:37.105897     748 worker_op_dispatcher.cc:4605] Component is not loaded yet; deferring unload until load completes: jit_zt_tr_dp_parallel_bwd_layer_27.5598368294899625256 @ 0
2026-08-28T10:28:37.105994421Z I0828 10:28:37.105919    5773 server_lib.cc:743] Unloading component jit_zt_tr_dp_parallel_bwd_layer_30.15988940423104943863 @ 0 at worker
2026-08-28T10:28:37.105997147Z I0828 10:28:37.105908    1498 server_lib.cc:743] Unloading component jit_zt_tr_dp_parallel_bwd_layer_31.5598368294899625690 @ 0 at worker
2026-08-28T10:28:37.105999520Z I0828 10:28:37.105929     748 worker_op_dispatcher.cc:4605] Component is not loaded yet; deferring unload until load completes: jit_zt_tr_dp_parallel_bwd_layer_23.5598368294899624822 @ 0
2026-08-28T10:28:37.106002126Z I0828 10:28:37.105934    5770 server_lib.cc:743] Unloading component jit_zt_tr_dp_parallel_bwd_layer_27.5598368294899625256 @ 0 at worker
2026-08-28T10:28:37.106006533Z I0828 10:28:37.105940     748 worker_op_dispatcher.cc:4605] Component is not loaded yet; deferring unload until load completes: jit_zt_tr_dp_parallel_bwd_layer_20.15988940423104945614 @ 0
2026-08-28T10:28:37.106013848Z I0828 10:28:37.105956    5770 server_lib.cc:743] Unloading component jit_zt_tr_dp_parallel_bwd_layer_23.5598368294899624822 @ 0 at worker
2026-08-28T10:28:37.106055403Z I0828 10:28:37.106017     748 worker_op_dispatcher.cc:4605] Component is not loaded yet; deferring unload until load completes: jit_zt_tr_dp_parallel_bwd_layer_19.5598368294899624388 @ 0
2026-08-28T10:28:37.106162941Z I0828 10:28:37.106116     748 worker_op_dispatcher.cc:4605] Component is not loaded yet; deferring unload until load completes: jit_zt_tr_dp_parallel_bwd_layer_16.15988940423104944676 @ 0
2026-08-28T10:28:37.106220772Z I0828 10:28:37.106184     748 worker_op_dispatcher.cc:4605] Component is not loaded yet; deferring unload until load completes: jit_zt_tr_dp_parallel_bwd_layer_13.5598368294899625785 @ 0
2026-08-28T10:28:37.106225176Z I0828 10:28:37.106196     748 worker_op_dispatcher.cc:4605] Component is not loaded yet; deferring unload until load completes: jit_zt_tr_dp_parallel_bwd_layer_12.15988940423104943738 @ 0
2026-08-28T10:28:37.106249828Z I0828 10:28:37.106222     748 worker_op_dispatcher.cc:4605] Component is not loaded yet; deferring unload until load completes: jit_zt_tr_dp_parallel_bwd_layer_11.5598368294899623520 @ 0
2026-08-28T10:28:37.106489367Z I0828 10:28:37.106375    1469 server_lib.cc:743] Unloading component jit_zt_tr_dp_parallel_bwd_layer_20.15988940423104945614 @ 0 at worker
2026-08-28T10:28:37.106510999Z I0828 10:28:37.106396    5777 server_lib.cc:743] Unloading component jit_zt_tr_dp_parallel_bwd_layer_12.15988940423104943738 @ 0 at worker
2026-08-28T10:28:37.106537738Z I0828 10:28:37.106447    1492 server_lib.cc:743] Unloading component jit_zt_tr_dp_parallel_bwd_layer_19.5598368294899624388 @ 0 at worker
2026-08-28T10:28:37.106541099Z I0828 10:28:37.106486    1492 server_lib.cc:743] Unloading component jit_zt_tr_dp_parallel_bwd_layer_16.15988940423104944676 @ 0 at worker
2026-08-28T10:28:37.106547788Z I0828 10:28:37.106499     748 worker_op_dispatcher.cc:4605] Component is not loaded yet; deferring unload until load completes: jit_zt_tr_dp_parallel_bwd_layer_09.5598368294899625351 @ 0
2026-08-28T10:28:37.106550675Z I0828 10:28:37.106512     748 worker_op_dispatcher.cc:4605] Component is not loaded yet; deferring unload until load completes: jit_zt_tr_dp_parallel_bwd_layer_05.5598368294899624917 @ 0
2026-08-28T10:28:37.106553317Z I0828 10:28:37.106515    1492 server_lib.cc:743] Unloading component jit_zt_tr_dp_parallel_bwd_layer_09.5598368294899625351 @ 0 at worker
2026-08-28T10:28:37.106558679Z I0828 10:28:37.106523     748 worker_op_dispatcher.cc:4605] Component is not loaded yet; deferring unload until load completes: jit_zt_tr_dp_parallel_bwd_layer_01.5598368294899624483 @ 0
2026-08-28T10:28:37.106561203Z I0828 10:28:37.106533     748 worker_op_dispatcher.cc:4605] Component is not loaded yet; deferring unload until load completes: jit_zt_tr_dp_parallel_bwd_embed.5598368294899622218 @ 0
2026-08-28T10:28:37.106564462Z I0828 10:28:37.106532    5755 server_lib.cc:743] Unloading component jit_zt_tr_dp_parallel_bwd_layer_11.5598368294899623520 @ 0 at worker
2026-08-28T10:28:37.106594654Z I0828 10:28:37.106546    1454 server_lib.cc:743] Unloading component jit_zt_tr_dp_parallel_bwd_layer_05.5598368294899624917 @ 0 at worker
2026-08-28T10:28:37.106598753Z I0828 10:28:37.106548    5774 server_lib.cc:743] Unloading component jit_zt_tr_dp_parallel_bwd_layer_13.5598368294899625785 @ 0 at worker
2026-08-28T10:28:37.106742412Z I0828 10:28:37.106674     748 worker_op_dispatcher.cc:4605] Component is not loaded yet; deferring unload until load completes: jit_zt_tr_grad_assembly.4294846250867694625 @ 0
2026-08-28T10:28:37.106750784Z I0828 10:28:37.106687     748 worker_op_dispatcher.cc:4605] Component is not loaded yet; deferring unload until load completes: jit__reduce_all.4294846250867691996 @ 0
2026-08-28T10:28:37.106755088Z I0828 10:28:37.106680    5778 server_lib.cc:743] Unloading component jit_zt_tr_dp_parallel_bwd_embed.5598368294899622218 @ 0 at worker
2026-08-28T10:28:37.106758084Z I0828 10:28:37.106695     748 worker_op_dispatcher.cc:4605] Component is not loaded yet; deferring unload until load completes: jit_count_nonzero.15995949837485657618 @ 0
2026-08-28T10:28:37.106761011Z I0828 10:28:37.106691    5749 server_lib.cc:743] Unloading component jit_zt_tr_grad_assembly.4294846250867694625 @ 0 at worker
2026-08-28T10:28:37.106763624Z I0828 10:28:37.106706     748 worker_op_dispatcher.cc:4605] Component is not loaded yet; deferring unload until load completes: jit_count_nonzero.14768284516790631868 @ 0
2026-08-28T10:28:37.106766046Z I0828 10:28:37.106700    5756 server_lib.cc:743] Unloading component jit__reduce_all.4294846250867691996 @ 0 at worker
2026-08-28T10:28:37.106771609Z I0828 10:28:37.106719    5752 server_lib.cc:743] Unloading component jit_zt_tr_dp_parallel_bwd_layer_01.5598368294899624483 @ 0 at worker
2026-08-28T10:28:37.106893640Z I0828 10:28:37.106845    5779 server_lib.cc:743] Unloading component jit_count_nonzero.15995949837485657618 @ 0 at worker
2026-08-28T10:28:37.106913433Z I0828 10:28:37.106895     748 worker_op_dispatcher.cc:4605] Component is not loaded yet; deferring unload until load completes: jit_count_nonzero.14768284516790629821 @ 0
2026-08-28T10:28:37.106917476Z I0828 10:28:37.106907     748 worker_op_dispatcher.cc:4605] Component is not loaded yet; deferring unload until load completes: jit_count_nonzero.15995949837485654515 @ 0
2026-08-28T10:28:37.106940746Z I0828 10:28:37.106914    5755 server_lib.cc:743] Unloading component jit_count_nonzero.14768284516790631868 @ 0 at worker
2026-08-28T10:28:37.106954149Z I0828 10:28:37.106919    5749 server_lib.cc:743] Unloading component jit_count_nonzero.14768284516790629821 @ 0 at worker
2026-08-28T10:28:37.106960234Z I0828 10:28:37.106917     748 worker_op_dispatcher.cc:4605] Component is not loaded yet; deferring unload until load completes: jit_count_nonzero.15995949837485656501 @ 0
2026-08-28T10:28:37.106979108Z I0828 10:28:37.106936    5778 server_lib.cc:743] Unloading component jit_count_nonzero.15995949837485654515 @ 0 at worker
2026-08-28T10:28:37.106986681Z I0828 10:28:37.106955     748 worker_op_dispatcher.cc:4605] Component is not loaded yet; deferring unload until load completes: jit_count_nonzero.15995949837485655508 @ 0
2026-08-28T10:28:37.107012951Z I0828 10:28:37.106943    1451 server_lib.cc:743] Unloading component jit_count_nonzero.15995949837485656501 @ 0 at worker
2026-08-28T10:28:37.107021847Z I0828 10:28:37.106974     748 worker_op_dispatcher.cc:4605] Component is not loaded yet; deferring unload until load completes: jit_reduce_local.4294846250867694930 @ 0
2026-08-28T10:28:37.107053518Z I0828 10:28:37.106986     748 worker_op_dispatcher.cc:4605] Component is not loaded yet; deferring unload until load completes: jit__precomputed_gradient_commit.17684357318100722051 @ 0
2026-08-28T10:28:37.107063635Z I0828 10:28:37.106986    5755 server_lib.cc:743] Unloading component jit_count_nonzero.15995949837485655508 @ 0 at worker
2026-08-28T10:28:37.107066437Z I0828 10:28:37.106998     748 worker_op_dispatcher.cc:4605] Component is not loaded yet; deferring unload until load completes: jit__canon_fused_decode_logprob_chunk.15057772157263886952 @ 0
2026-08-28T10:28:37.107090898Z I0828 10:28:37.106996    1451 server_lib.cc:743] Unloading component jit_reduce_local.4294846250867694930 @ 0 at worker
2026-08-28T10:28:37.107215376Z I0828 10:28:37.107158    1492 server_lib.cc:743] Unloading component jit__canon_fused_decode_logprob_chunk.15057772157263886952 @ 0 at worker
2026-08-28T10:28:37.107223785Z I0828 10:28:37.107159     748 worker_op_dispatcher.cc:4605] Component is not loaded yet; deferring unload until load completes: jit__canon_fused_decode_logprob_chunk.17152593400471993788 @ 0
2026-08-28T10:28:37.107227299Z I0828 10:28:37.107181    5755 server_lib.cc:743] Unloading component jit__canon_fused_decode_logprob_chunk.17152593400471993788 @ 0 at worker
2026-08-28T10:28:37.107230706Z I0828 10:28:37.107182     748 worker_op_dispatcher.cc:4605] Component is not loaded yet; deferring unload until load completes: jit__compute_active_mask.5144510277878728605 @ 0
2026-08-28T10:28:37.107234106Z I0828 10:28:37.107182    5780 server_lib.cc:743] Unloading component jit__precomputed_gradient_commit.17684357318100722051 @ 0 at worker
2026-08-28T10:28:37.107245215Z I0828 10:28:37.107200    1492 server_lib.cc:743] Unloading component jit__compute_active_mask.5144510277878728605 @ 0 at worker
2026-08-28T10:28:37.107260112Z I0828 10:28:37.107202     748 worker_op_dispatcher.cc:4605] Component is not loaded yet; deferring unload until load completes: jit__compute_active_mask.4678516978361695249 @ 0
2026-08-28T10:28:37.107263532Z I0828 10:28:37.107222    1492 server_lib.cc:743] Unloading component jit__compute_active_mask.4678516978361695249 @ 0 at worker
2026-08-28T10:28:42.835909226Z I0828 10:28:42.835750     813 worker_message_distributor.cc:2308] Waiting for all peers to exit distributor_3645308172999029083_6
2026-08-28T10:28:42.835951528Z I0828 10:28:42.835789    5500 worker_message_distributor.cc:735] Waiting for outstanding sends 0 send thread LocalSender_at_3645308172999029083_6
2026-08-28T10:28:42.835966502Z I0828 10:28:42.835842     748 worker_message_distributor.cc:1073] Exiting send thread LocalSender_at_3645308172999029083_6
2026-08-28T10:28:42.835982875Z I0828 10:28:42.835887    5500 worker_message_distributor.cc:741] Finished shutdown send thread LocalSender_at_3645308172999029083_6
2026-08-28T10:28:42.835986991Z I0828 10:28:42.835908     813 worker_message_distributor.cc:2310] Waiting for all peers to exit done: finished within timeout=true distributor_3645308172999029083_6
2026-08-28T10:28:42.835993151Z E0828 10:28:42.835920     813 quick_restart.cc:19] Client 16824131835947578028 has died, and was configured to restart servers if it died. [ServerConfig{ job_info=JobInfo{ name=3645308172999029083 job_instance_id=3645308172999029083 task_index=6 num_tasks=16 addr=canon-p57-fl-zero-f45w15-799a0bd1-pathways-worker-0-6.canon-p57-fl-zero-f45w15-799a0bd1:29000 [hostname='gke-tpu-44404155-w04l, bns_address='', resolved_address='canon-p57-fl-zero-f45w15-799a0bd1-pathways-worker-0-6.canon-p57-fl-zero-f45w15-799a0bd1:29000']} }]
2026-08-28T10:28:42.836145479Z F0828 10:28:42.836015     813 quick_restart.cc:40] Client 16824131835947578028 has died, and was configured to restart servers if it died. [ServerConfig{ job_info=JobInfo{ name=3645308172999029083 job_instance_id=3645308172999029083 task_index=6 num_tasks=16 addr=canon-p57-fl-zero-f45w15-799a0bd1-pathways-worker-0-6.canon-p57-fl-zero-f45w15-799a0bd1:29000 [hostname='gke-tpu-44404155-w04l, bns_address='', resolved_address='canon-p57-fl-zero-f45w15-799a0bd1-pathways-worker-0-6.canon-p57-fl-zero-f45w15-799a0bd1:29000']} }] (Quick-restart requested but unsupported in Cloud/OSS.)
2026-08-28T10:28:42.835909226Z I0828 10:28:42.835750     813 worker_message_distributor.cc:2308] Waiting for all peers to exit distributor_3645308172999029083_6
2026-08-28T10:28:42.835951528Z I0828 10:28:42.835789    5500 worker_message_distributor.cc:735] Waiting for outstanding sends 0 send thread LocalSender_at_3645308172999029083_6
2026-08-28T10:28:42.835966502Z I0828 10:28:42.835842     748 worker_message_distributor.cc:1073] Exiting send thread LocalSender_at_3645308172999029083_6
2026-08-28T10:28:42.835982875Z I0828 10:28:42.835887    5500 worker_message_distributor.cc:741] Finished shutdown send thread LocalSender_at_3645308172999029083_6
2026-08-28T10:28:42.835986991Z I0828 10:28:42.835908     813 worker_message_distributor.cc:2310] Waiting for all peers to exit done: finished within timeout=true distributor_3645308172999029083_6
2026-08-28T10:28:42.835993151Z E0828 10:28:42.835920     813 quick_restart.cc:19] Client 16824131835947578028 has died, and was configured to restart servers if it died. [ServerConfig{ job_info=JobInfo{ name=3645308172999029083 job_instance_id=3645308172999029083 task_index=6 num_tasks=16 addr=canon-p57-fl-zero-f45w15-799a0bd1-pathways-worker-0-6.canon-p57-fl-zero-f45w15-799a0bd1:29000 [hostname='gke-tpu-44404155-w04l, bns_address='', resolved_address='canon-p57-fl-zero-f45w15-799a0bd1-pathways-worker-0-6.canon-p57-fl-zero-f45w15-799a0bd1:29000']} }]
2026-08-28T10:28:42.836145479Z F0828 10:28:42.836015     813 quick_restart.cc:40] Client 16824131835947578028 has died, and was configured to restart servers if it died. [ServerConfig{ job_info=JobInfo{ name=3645308172999029083 job_instance_id=3645308172999029083 task_index=6 num_tasks=16 addr=canon-p57-fl-zero-f45w15-799a0bd1-pathways-worker-0-6.canon-p57-fl-zero-f45w15-799a0bd1:29000 [hostname='gke-tpu-44404155-w04l, bns_address='', resolved_address='canon-p57-fl-zero-f45w15-799a0bd1-pathways-worker-0-6.canon-p57-fl-zero-f45w15-799a0bd1:29000']} }] (Quick-restart requested but unsupported in Cloud/OSS.)
2026-08-28T10:28:42.835909226Z I0828 10:28:42.835750     813 worker_message_distributor.cc:2308] Waiting for all peers to exit distributor_3645308172999029083_6
2026-08-28T10:28:42.835951528Z I0828 10:28:42.835789    5500 worker_message_distributor.cc:735] Waiting for outstanding sends 0 send thread LocalSender_at_3645308172999029083_6
2026-08-28T10:28:42.835966502Z I0828 10:28:42.835842     748 worker_message_distributor.cc:1073] Exiting send thread LocalSender_at_3645308172999029083_6
2026-08-28T10:28:42.835982875Z I0828 10:28:42.835887    5500 worker_message_distributor.cc:741] Finished shutdown send thread LocalSender_at_3645308172999029083_6
2026-08-28T10:28:42.835986991Z I0828 10:28:42.835908     813 worker_message_distributor.cc:2310] Waiting for all peers to exit done: finished within timeout=true distributor_3645308172999029083_6
2026-08-28T10:28:42.835993151Z E0828 10:28:42.835920     813 quick_restart.cc:19] Client 16824131835947578028 has died, and was configured to restart servers if it died. [ServerConfig{ job_info=JobInfo{ name=3645308172999029083 job_instance_id=3645308172999029083 task_index=6 num_tasks=16 addr=canon-p57-fl-zero-f45w15-799a0bd1-pathways-worker-0-6.canon-p57-fl-zero-f45w15-799a0bd1:29000 [hostname='gke-tpu-44404155-w04l, bns_address='', resolved_address='canon-p57-fl-zero-f45w15-799a0bd1-pathways-worker-0-6.canon-p57-fl-zero-f45w15-799a0bd1:29000']} }]
2026-08-28T10:28:42.836145479Z F0828 10:28:42.836015     813 quick_restart.cc:40] Client 16824131835947578028 has died, and was configured to restart servers if it died. [ServerConfig{ job_info=JobInfo{ name=3645308172999029083 job_instance_id=3645308172999029083 task_index=6 num_tasks=16 addr=canon-p57-fl-zero-f45w15-799a0bd1-pathways-worker-0-6.canon-p57-fl-zero-f45w15-799a0bd1:29000 [hostname='gke-tpu-44404155-w04l, bns_address='', resolved_address='canon-p57-fl-zero-f45w15-799a0bd1-pathways-worker-0-6.canon-p57-fl-zero-f45w15-799a0bd1:29000']} }] (Quick-restart requested but unsupported in Cloud/OSS.)
2026-08-28T10:28:42.835909226Z I0828 10:28:42.835750     813 worker_message_distributor.cc:2308] Waiting for all peers to exit distributor_3645308172999029083_6
2026-08-28T10:28:42.835951528Z I0828 10:28:42.835789    5500 worker_message_distributor.cc:735] Waiting for outstanding sends 0 send thread LocalSender_at_3645308172999029083_6
2026-08-28T10:28:42.835966502Z I0828 10:28:42.835842     748 worker_message_distributor.cc:1073] Exiting send thread LocalSender_at_3645308172999029083_6
2026-08-28T10:28:42.835982875Z I0828 10:28:42.835887    5500 worker_message_distributor.cc:741] Finished shutdown send thread LocalSender_at_3645308172999029083_6
2026-08-28T10:28:42.835986991Z I0828 10:28:42.835908     813 worker_message_distributor.cc:2310] Waiting for all peers to exit done: finished within timeout=true distributor_3645308172999029083_6
2026-08-28T10:28:42.835993151Z E0828 10:28:42.835920     813 quick_restart.cc:19] Client 16824131835947578028 has died, and was configured to restart servers if it died. [ServerConfig{ job_info=JobInfo{ name=3645308172999029083 job_instance_id=3645308172999029083 task_index=6 num_tasks=16 addr=canon-p57-fl-zero-f45w15-799a0bd1-pathways-worker-0-6.canon-p57-fl-zero-f45w15-799a0bd1:29000 [hostname='gke-tpu-44404155-w04l, bns_address='', resolved_address='canon-p57-fl-zero-f45w15-799a0bd1-pathways-worker-0-6.canon-p57-fl-zero-f45w15-799a0bd1:29000']} }]
2026-08-28T10:28:42.836145479Z F0828 10:28:42.836015     813 quick_restart.cc:40] Client 16824131835947578028 has died, and was configured to restart servers if it died. [ServerConfig{ job_info=JobInfo{ name=3645308172999029083 job_instance_id=3645308172999029083 task_index=6 num_tasks=16 addr=canon-p57-fl-zero-f45w15-799a0bd1-pathways-worker-0-6.canon-p57-fl-zero-f45w15-799a0bd1:29000 [hostname='gke-tpu-44404155-w04l, bns_address='', resolved_address='canon-p57-fl-zero-f45w15-799a0bd1-pathways-worker-0-6.canon-p57-fl-zero-f45w15-799a0bd1:29000']} }] (Quick-restart requested but unsupported in Cloud/OSS.)
2026-08-28T10:28:42.835909226Z I0828 10:28:42.835750     813 worker_message_distributor.cc:2308] Waiting for all peers to exit distributor_3645308172999029083_6
2026-08-28T10:28:42.835951528Z I0828 10:28:42.835789    5500 worker_message_distributor.cc:735] Waiting for outstanding sends 0 send thread LocalSender_at_3645308172999029083_6
2026-08-28T10:28:42.835966502Z I0828 10:28:42.835842     748 worker_message_distributor.cc:1073] Exiting send thread LocalSender_at_3645308172999029083_6
2026-08-28T10:28:42.835982875Z I0828 10:28:42.835887    5500 worker_message_distributor.cc:741] Finished shutdown send thread LocalSender_at_3645308172999029083_6
2026-08-28T10:28:42.835986991Z I0828 10:28:42.835908     813 worker_message_distributor.cc:2310] Waiting for all peers to exit done: finished within timeout=true distributor_3645308172999029083_6
2026-08-28T10:28:42.835993151Z E0828 10:28:42.835920     813 quick_restart.cc:19] Client 16824131835947578028 has died, and was configured to restart servers if it died. [ServerConfig{ job_info=JobInfo{ name=3645308172999029083 job_instance_id=3645308172999029083 task_index=6 num_tasks=16 addr=canon-p57-fl-zero-f45w15-799a0bd1-pathways-worker-0-6.canon-p57-fl-zero-f45w15-799a0bd1:29000 [hostname='gke-tpu-44404155-w04l, bns_address='', resolved_address='canon-p57-fl-zero-f45w15-799a0bd1-pathways-worker-0-6.canon-p57-fl-zero-f45w15-799a0bd1:29000']} }]
2026-08-28T10:28:42.836145479Z F0828 10:28:42.836015     813 quick_restart.cc:40] Client 16824131835947578028 has died, and was configured to restart servers if it died. [ServerConfig{ job_info=JobInfo{ name=3645308172999029083 job_instance_id=3645308172999029083 task_index=6 num_tasks=16 addr=canon-p57-fl-zero-f45w15-799a0bd1-pathways-worker-0-6.canon-p57-fl-zero-f45w15-799a0bd1:29000 [hostname='gke-tpu-44404155-w04l, bns_address='', resolved_address='canon-p57-fl-zero-f45w15-799a0bd1-pathways-worker-0-6.canon-p57-fl-zero-f45w15-799a0bd1:29000']} }] (Quick-restart requested but unsupported in Cloud/OSS.)
