{"train/rewards/overall":6,"train/perplexity":0.9076017141342163,"/jax/core/compile/jaxpr_to_mlir_module_duration":1.756988790276959e+09,"/jax/core/compile/jaxpr_trace_duration":1.7569887902754495e+09,"train/rewards/match_format_exactly":2.625,"_step":3738,"train/completions/mean_length":196,"_timestamp":1.7569986599613779e+09,"train/loss":-0.09694944322109222,"train/rewards/match_format_approximately":1.875,"train/tflops":0.34980967311642486,"train/rewards/check_numbers":0.75,"train/completions/min_length":106,"train/completions/max_length":296,"/jax/core/compile/backend_compile_duration":1.7569887902852764e+09,"_wandb":{"runtime":1},"train/rewards/check_answer":0.75,"train/kl":0.009921840392053127,"_runtime":1.411739135}