{"_runtime":76.476322295,"_step":0,"/jax/core/compile/jaxpr_trace_duration":1.7569855670716412e+09,"_timestamp":1.7569855683123617e+09,"/jax/core/compile/jaxpr_to_mlir_module_duration":1.7569855680562744e+09,"/jax/core/compile/backend_compile_duration":1.7569855683117895e+09,"_wandb":{"runtime":76}}