_step,_runtime,_timestamp,rewards/train/solve_ratio,rewards/train/advantage/mean,perf/train/global_step_time,canonical/train/active_microbatches,canonical/train/alignment_max_differing_bytes,canonical/train/commit_gradient_norm,canonical/train/effective_learning_rate,canonical/train/max_abs_parameter_delta,canonical/train/parameter_changed_elements,canonical/train/segmented_loss,generation/train/completions/clip_ratio,generation/train/completions/max_length,generation/train/completions/max_raw_length,generation/train/completions/mean_length,generation/train/completions/mean_raw_length,generation/train/completions/min_length,generation/train/completions/min_raw_length,generation/train/prompts/max_length,generation/train/prompts/mean_length,generation/train/prompts/min_length,perf/train/opt_adam_commit_seconds,perf/train/opt_optimizer_d2h_seconds,perf/train/opt_optimizer_h2d_seconds,perf/train/opt_optimizer_logical_bytes,perf/train/opt_optimizer_transaction_seconds,perf/train/rescore_b_seconds,perf/train/weight_sync_seconds,rewards/train/advantage/max,rewards/train/advantage/min,rewards/train/advantage/std,rewards/train/solve_all,rewards/train/solve_none,rewards/train/solve_partial,sampler_trainer/train/logp_diff_max,sampler_trainer/train/logp_diff_mean,sampler_trainer/train/prob_diff_max,sampler_trainer/train/prob_diff_mean,sampler_trainer/train/probs_pearson_corr,trajectory/train/env_time/close_latency/max,trajectory/train/env_time/close_latency/mean,trajectory/train/env_time/close_latency/min,trajectory/train/env_time/reset_latency/max,trajectory/train/env_time/reset_latency/mean,trajectory/train/env_time/reset_latency/min,trajectory/train/env_time/step_latency/max,trajectory/train/env_time/step_latency/mean,trajectory/train/env_time/step_latency/min,trajectory/train/reward_time/reward_latency/max,trajectory/train/reward_time/reward_latency/mean,trajectory/train/reward_time/reward_latency/min,trajectory_rewards/train/max,trajectory_rewards/train/mean,trajectory_rewards/train/min,trajectory_rewards/train/sum
0,2741.298258423,1788857153.0427747,0.62109375,7.806255641895632e-18,1873.8559756278992,32,0,0.5758649706840515,1e-06,1.9073486328125e-06,6950950629.0,-2.561137080192566e-09,0,909,1345,179.83984375,347.4609375,42,42,4096,4096,4096,69.07064721500501,0,0,65525882888.0,69.13333293399774,68.82322218298214,,1,-1,0.34718253741470684,0,0,1,0,0,0,0,1,0.010709039983339608,0.002235129473547204,0.00019707996398210526,0.21933975495630875,0.04812256938680548,0.00560150999808684,0.03308879100950435,0.008101789175498197,0.00048334995517507195,0,0,0,1,0.62109375,0,159
1,3262.422238397,1788857670.0657148,0.41796875,0,502.7275195121765,32,0,0.6502191424369812,1e-06,1.9073486328125e-06,6947460617.0,-9.313225746154785e-10,0,641,1211,183.19140625,398.91796875,40,40,4096,4096,4096,1.2238361749914475,0,0,65525882888.0,1.291858312964905,64.54400152096059,10.018481595965568,1,-1,0.36683283186025245,0,0,1,0,0,0,0,1,0.01176162896445021,0.0026369499719294254,0.0002055899822153151,0.12115162803092971,0.04541784284924688,0.005882869998458773,0.041562320140656084,0.009055943974544789,0.0006128809764049947,0,0,0,1,0.41796875,0,107
2,3753.615315423,1788858191.1424897,0.375,1.1709383462843448e-17,498.13077044487,32,0,0.5165911912918091,1e-06,1.9073486328125e-06,6945938788.0,4.423782229423523e-09,0,708,1277,206.234375,423,47,47,4096,4096,4096,0.938143661012873,0,0,65525882888.0,0.9970258600078523,65.29717631696258,10.183875793998595,1,-1,0.36246041303900783,0,0,1,0,0,0,0,1,0.009998699009884149,0.0025244905123145145,0.00024260999634861946,0.1313141470309347,0.039277007881310055,0.002856531005818397,0.026643459917977452,0.009953078162652673,0.0004537000204436481,0,0,0,1,0.375,0,96
3,4248.674957027,1788858682.5538123,0.39453125,1.3877787807814457e-17,475.97863602638245,32,0,0.8275294303894043,1e-06,1.9073486328125e-06,6945212804.0,-2.0954757928848267e-09,0,770,1248,175.0625,372.28515625,44,44,4096,4096,4096,0.8943878319696523,0,0,65525882888.0,0.955225091020111,62.86887313501211,11.233191221952438,1,-1,0.3282995769794685,0,0,1,0,0,0,0,1.0000001192092896,0.011313839990179986,0.0026538670203990478,0.00022437999723479152,0.12875393801368773,0.041108012442464315,0.004726620041765273,0.033489470020867884,0.008966976946339855,0.000493970001116395,0,0,0,1,0.39453125,0,101
4,4752.692416023,1788859177.5264542,0.6015625,3.469446951953614e-18,479.70127534866333,32,0,0.517242431640625,1e-06,1.9073486328125e-06,6943982920.0,2.3283064365386963e-09,0,645,1305,173.3203125,366.3203125,28,28,4096,4096,4096,0.9300135519588366,0,0,65525882888.0,0.9894623900181614,62.026916133007035,10.823277336952742,1,-1,0.37286808960394824,0,0,1,0,0,0,0,1.000000238418579,0.012235899979714304,0.002680894767081554,0.00020079000387340784,0.10953162802616134,0.03956332580855815,0.005261499958578497,0.03694526996696368,0.009280942438181228,0.0006577300373464823,0,0,0,1,0.6015625,0,154
5,5288.462924308,1788859681.5965776,0.48828125,0,488.92108130455017,32,0,0.6476721167564392,1e-06,1.0132789611816406e-06,6943127427.0,2.561137080192566e-09,0,736,1532,182.83203125,381.109375,46,46,4096,4096,4096,0.9471895910101011,0,0,65525882888.0,1.0105070600402541,63.27302153798519,10.779298966983333,1,-1,0.37029359559513786,0,0,1,0,0,0,0,1.0000001192092896,0.013300489983521402,0.002845147397465553,0.00018802902195602655,0.11937579803634435,0.04043331457478416,0.0051610899972729385,0.04120330995647237,0.009944071249037734,0.0006536099826917052,0,0,0,1,0.48828125,0,125
6,5796.114157277,1788860217.4220774,0.48046875,4.7704895589362195e-18,520.2985360622406,32,0,0.6092244982719421,1e-06,1.0132789611816406e-06,6941749482.0,5.587935447692871e-09,0,792,1332,204.00390625,412.05859375,40,40,4096,4096,4096,0.9026430330122821,0,0,65525882888.0,0.9622798910131678,64.28838646801887,10.658663678972516,1,-1,0.36683283186025245,0,0,1,0,0,0,0,0.9999999403953552,0.011669689964037389,0.0026337564706864214,0.00021049997303634882,0.16704610700253397,0.046113918293940515,0.00634368002647534,0.036255847953725606,0.009561215644680487,0.0006121490150690079,0,0,0,1,0.48046875,0,123
7,6314.499202491,1788860725.021342,0.5,1.5612511283791264e-17,491.85048508644104,32,0,1.0584211349487305,1e-06,1.0132789611816406e-06,6941951325.0,0,0,734,1530,172.73828125,350.24609375,40,40,4096,4096,4096,0.9326815929962322,0,0,65525882888.0,0.9983901910018176,62.609508190013,11.10194775799755,1,-1,0.3912303982179758,0,0,1,0,0,0,0,0.9999998211860657,0.011369959043804556,0.002438712813273014,0.00021679000928997993,0.15562021697405726,0.050709951749922766,0.010854899999685585,0.034664509003050625,0.008030240112702813,0.0006293700425885618,0,0,0,1,0.5,0,128
8,6854.837376274,1788861243.2851384,0.40234375,3.0357660829594124e-18,502.7062110900879,32,0,0.6042376756668091,1e-06,1.0058283805847168e-06,6941283510.0,-2.0954757928848267e-09,0,652,1329,197.8359375,400.0625,26,26,4096,4096,4096,0.9495404109475203,0,0,65525882888.0,1.0141176600009203,65.04623200302012,11.154024688003119,1,-0.8571428571428571,0.3526503153237768,0,0,1,0,0,0,0,1.0000001192092896,0.014004729979205877,0.0025846351600193884,0.0001839599572122097,0.18119187600677833,0.0459641424658912,0.006075930024962872,0.04444040800444782,0.009330378123650007,0.000618589052464813,0,0,0,1,0.40234375,0,103
9,7393.615458458,1788861783.8190906,0.4765625,9.107298248878237e-18,524.7714002132416,32,0,0.6025136113166809,1e-06,1.0044313967227936e-06,6940781111.0,1.6298145055770874e-09,0.00390625,2048,2048,190.7890625,390.91015625,32,32,4096,4096,4096,0.9534184009535238,0,0,65525882888.0,1.015586519963108,64.31460643798346,10.936739584023599,1,-1,0.36421567954234174,0,0,1,0,0,0,0,0.9999998211860657,0.012746760039590299,0.002664736318138239,0.00019867002265527844,0.14108632801799104,0.03945200418957029,0.0036521099973469973,0.03602734999731183,0.009341477680436583,0,0,0,0,1,0.4765625,0,122
10,7886.388631947,1788862322.494445,0.546875,6.5052130349130266e-18,523.1432626247406,32,0,0.4721775949001312,1e-06,1.0058283805847168e-06,6940342151.0,-6.05359673500061e-09,0,565,1298,206.66015625,482.48046875,42,42,4096,4096,4096,0.9551486410200596,0,0,65525882888.0,1.0203591199824587,68.2329254259821,11.135954454017337,1,-1,0.3253726278265821,0,0,1,0,0,0,0,1.0000001192092896,0.0359361789887771,0.0028029773986872897,0.00018699001520872116,0.10562985803699121,0.03833882351455031,0.0037717900122515857,0.046084129018709064,0.01169005259248479,0.0005054909852333367,0,0,0,1,0.546875,0,140
11,8390.831017178,1788862815.1599126,0.546875,1.0842021724855044e-17,473.75076484680176,32,0,0.5059221386909485,1e-06,1.0021030902862549e-06,6940027780.0,-2.561137080192566e-09,0,857,1368,184.59765625,354.65625,32,32,4096,4096,4096,0.9409657819778658,0,0,65525882888.0,1.0046663010143675,62.53587136702845,10.940543677017558,1,-1,0.3253726278265821,0,0,1,0,0,0,0,0.9999999403953552,0.011399700015317649,0.002327508255802968,0.00022762996377423406,0.11199754796689376,0.04229344900522847,0.004978540004231036,0.03659602097468451,0.008494488219639607,0.00040506001096218824,0,0,0,1,0.546875,0,140
12,8903.451545184,1788863319.479239,0.50390625,4.336808689942018e-18,485.754585981369,24,0,0.4395502805709839,1e-06,1.0021030902862549e-06,6939300445.0,-2.561137080192566e-09,0,855,1515,188.828125,363.10546875,30,30,4096,4096,4096,0.936149911954999,0,0,65525882888.0,0.9971346610109322,62.17794227099512,14.555710958957206,1,-1,0.29987242185261903,0,0,1,0,0,0,0,1,0.012148250010795891,0.002715907962510755,0.00018376001389697194,0.1665092270122841,0.04362524511157062,0.006409930007066578,0.04217528796289116,0.009081170323952392,0.0005644499906338751,0,0,0,1,0.50390625,0,129
13,9415.746483501,1788863832.3256187,0.38671875,5.204170427930421e-18,493.79400968551636,32,0,0.4561387002468109,1e-06,1.0021030902862549e-06,6938701487.0,1.1641532182693481e-09,0,767,1203,207.3359375,396.23828125,38,38,4096,4096,4096,0.9445545019698329,0,0,65525882888.0,1.0044112509931438,64.11787527397973,14.184714136994444,1,-1,0.3224191086654962,0,0,1,0,0,0,0,1,0.01508652901975438,0.002833190190131063,0.00023344001965597272,0.19064337603049353,0.04275794326667892,0.0042118189739994705,0.035415926948189735,0.01096582984609995,0.0005917300004512072,0,0,0,1,0.38671875,0,99
14,9929.802043829,1788864344.666215,0.61328125,0,496.46832156181335,32,0,0.6932147145271301,1e-06,9.98377799987793e-07,6938696340.0,4.423782229423523e-09,0,622,1305,210.64453125,419.4921875,32,32,4096,4096,4096,0.9736240719794296,0,0,65525882888.0,1.0346562910126522,66.19015165197197,14.377654883021023,1,-1,0.3936679943758679,0,0,1,0,0,0,0,1.0000001192092896,0.012406920024659485,0.0026229201282603753,0.00021502003073692322,0.1468941480270587,0.04321798921887421,0.00536640000063926,0.036183628952130675,0.009669003600492942,0.000613840005826205,0,0,0,1,0.61328125,0,157
15,10450.542022433,1788864858.6463552,0.5625,1.9081958235744878e-17,498.3860445022583,32,0,0.5350844860076904,1e-06,1.000240445137024e-06,6938398884.0,-7.450580596923828e-09,0,723,1260,205.609375,415.60546875,30,30,4096,4096,4096,0.9303174329688773,0,0,65525882888.0,0.9906649310141802,63.97392496501561,11.172373311012052,1,-1,0.41496250137936613,0,0,1,0,0,0,0,1.000000238418579,0.010870260011870414,0.0028802529664062604,0.0001949999714270234,0.17638559703482315,0.04396862268094992,0.005856889998540282,0.035408230032771826,0.011676707200422243,0.0006431799847632647,0,0,0,1,0.5625,0,144
16,10927.140082756,1788865379.3904326,0.50390625,6.938893903907228e-18,504.53361773490906,32,0,0.6960971355438232,1e-06,9.98377799987793e-07,6939009732.0,-2.0954757928848267e-09,0,744,1444,216.90625,436.92578125,32,32,4096,4096,4096,0.9393019119743258,0,0,65525882888.0,0.9983619799604639,66.06602088705404,10.991949135030154,1,-1,0.32043497223082784,0,0,1,0,0,0,0,1.0000001192092896,0.014719140017405152,0.0026781035114709084,0.00017855002079159021,0.1389571779873222,0.046065949374678894,0.005791920004412532,0.03782684990437701,0.009890884299920799,0.0004213200300000608,0,0,0,1,0.50390625,0,129
17,11458.746273945,1788865856.0027933,0.578125,1.214306433183765e-17,457.38172030448914,32,0,0.525085985660553,1e-06,9.872019290924072e-07,6938361909.0,-1.6298145055770874e-09,0,581,1424,173.91796875,334.49609375,31,31,4096,4096,4096,0.9388058919575997,0,0,65525882888.0,1.0005298809846863,61.50321599497693,11.547172756050713,1,-1,0.3273268353539886,0,0,1,0,0,0,0,1.000000238418579,0.009120139991864562,0.002688605426783397,0.00019927002722397447,0.1328297769650817,0.041446788203302276,0.0049366389866918325,0.04528436990221962,0.008974504421530582,0.0006823500152677298,0,0,0,1,0.578125,0,148
18,11920.165542927,1788866387.4862008,0.4375,1.3010426069826053e-17,515.4716095924377,32,0,0.39470186829566956,1e-06,9.955838322639465e-07,6937953451.0,6.05359673500061e-09,0,671,1384,219.75,459.91796875,44,44,4096,4096,4096,0.9531521720346063,0,0,65525882888.0,1.011593230010476,67.20081911201123,14.580513776978478,1,-0.8571428571428571,0.3659625273556999,0,0,1,0,0,0,0,1,0.016922859998885542,0.0028594085845270456,0.00019831000827252865,0.11569394799880683,0.040738290457284165,0.007205150031950325,0.0361343189724721,0.01048275795005793,0.000575279991608113,0,0,0,1,0.4375,0,112
19,12426.47453419,1788866848.685282,0.51953125,7.806255641895632e-18,441.9708948135376,32,0,0.6287014484405518,1e-06,9.853392839431763e-07,6937386166.0,1.6298145055770874e-09,0,482,1278,172.54296875,331.4921875,32,32,4096,4096,4096,0.9389405409456231,0,0,65525882888.0,1.0022367000347003,61.16760159895057,11.47154454595875,1,-1,0.36683283186025245,0,0,1,0,0,0,0,0.9999999403953552,0.021706059982534498,0.0028132188676863734,0.0002042599953711033,0.1977078560157679,0.049010050654487713,0.0037766100140288472,0.04021699901204556,0.009272617115129833,0.0005581600125879049,0,0,0,1,0.51953125,0,133
20,12862.335419918,1788867355.333709,0.578125,6.938893903907228e-18,487.10693883895874,32,0,0.3648001253604889,1e-06,9.816139936447144e-07,6936717669.0,4.656612873077393e-10,0,718,1263,193.06640625,381.6171875,41,41,4096,4096,4096,0.9476041609887034,0,0,65525882888.0,1.0089620900107548,63.61186276195804,14.90900025999872,1,-1,0.29450754468697576,0,0,1,0,0,0,0,0.9999999403953552,0.01345721899997443,0.0027266805432191177,0.00022672000341117382,0.12586915696738288,0.04385827292844624,0.0042330900323577225,0.037979808053933084,0.008939821065041542,0.0005172800156287849,0,0,0,1,0.578125,0,148
21,13383.223086406,1788867791.222791,0.62109375,5.204170427930421e-18,419.16835713386536,32,0,0.45950233936309814,1e-06,9.797513484954834e-07,6935429352.0,3.725290298461914e-09,0,561,1221,154.13671875,270.3671875,31,31,4096,4096,4096,0.9730129209929146,0,0,65525882888.0,1.0350478090113029,57.72390500502661,14.684074827993754,1,-1,0.29773807143809045,0,0,1,0,0,0,0,0.9999999403953552,0.011357278970535845,0.0022792843456045375,0.00017243000911548734,0.169538696995005,0.0435776876017826,0.004709850007202476,0.03471894800895825,0.006939029681007014,0.0007166090072132647,0,0,0,1,0.62109375,0,159
22,13862.588152118,1788868312.0690866,0.5859375,-1.734723475976807e-18,504.51699662208557,32,0,0.26758694648742676,1e-06,9.629875421524048e-07,6934468594.0,-2.561137080192566e-09,0,847,1266,199.16796875,446.76171875,38,38,4096,4096,4096,0.9489823919720948,0,0,65525882888.0,1.0125968899810687,67.14919153100345,12.205821678042412,1,-1,0.25,0,0,1,0,0,0,0,1,0.010307848977390677,0.0025247993619359477,0.00016961002256721258,0.126047877012752,0.045678557873998216,0.006898859981447458,0.0404849000624381,0.009516490919395437,0.0005307099781930447,0,0,0,1,0.5859375,0,150
23,14344.869963389,1788868791.4371521,0.6171875,7.806255641895632e-18,459.65373492240906,32,0,0.42607972025871277,1e-06,9.778887033462524e-07,6934218368.0,9.313225746154785e-10,0,795,1516,167.49609375,326.0546875,31,31,4096,4096,4096,0.9757432810147293,0,0,65525882888.0,1.0755542989936657,60.423661742010154,11.557614444987848,1,-1,0.30304576336566325,0,0,1,0,0,0,0,0.9999998807907104,0.012374999991152436,0.002467393689812525,0.00016550999134778976,0.18637108599068597,0.05123221275607648,0.002844100003130734,0.027898679953068495,0.007923648800442606,0.00043313996866345406,0,0,0,1,0.6171875,0,158
24,14824.522592958,1788869273.607758,0.578125,8.673617379884035e-18,462.2934720516205,32,0,0.3875950872898102,1e-06,9.648501873016357e-07,6933154048.0,2.561137080192566e-09,0,634,1192,192.17578125,372.359375,32,32,4096,4096,4096,0.9668380909715779,0,0,65525882888.0,1.0300310690072365,62.85923779098084,15.04797057597898,1,-1,0.2743266338524503,0,0,1,0,0,0,0,1,0.011692219006363302,0.0024787238157841784,0.00019829999655485153,0.14968759700423107,0.04437568074081355,0.005605579004622996,0.05191077006747946,0.00940787586046099,0.000724740035366267,0,0,0,1,0.578125,0,148
25,15294.887353066,1788869753.2432082,0.65234375,1.0408340855860843e-17,459.21354508399963,32,0,0.5389130115509033,1e-06,9.648501873016357e-07,6933785448.0,3.026798367500305e-09,0,917,1491,173.5625,323.30078125,30,30,4096,4096,4096,1.0565835590241477,0,0,65525882888.0,1.1225636880262755,60.435843564977404,15.316195035993587,1,-1,0.3204349722308279,0,0,1,0,0,0,0,1.0000001192092896,0.017933680035639554,0.002834046352063524,0.00019413098925724626,0.22529659501742572,0.04564304317977985,0.003081791044678539,0.0367517790873535,0.008569371025032524,0.000584019988309592,0,0,0,1,0.65234375,0,167
26,15830.599165973,1788870223.7431006,0.65234375,5.204170427930421e-18,449.55208134651184,32,0,0.8359761834144592,1e-06,9.57399606704712e-07,6936090954.0,-2.561137080192566e-09,0,474,1062,168.74609375,342.25390625,29,29,4096,4096,4096,1.2619853059877641,0,0,65525882888.0,1.3331869440153241,62.39851898699999,15.760251717991196,0.8571428571428572,-1,0.339755314115008,0,0,1,0,0,0,0,1,0.030033959017600864,0.002958305314905374,0.0002159690484404564,0.207043546019122,0.05164495366398114,0.006768739956896752,0.045243087981361896,0.010057724072339624,0.0006359399994835258,0,0,0,1,0.65234375,0,167
27,16308.585869442,1788870759.4267497,0.53515625,1.3877787807814457e-17,518.9121911525726,32,0,0.6325066685676575,1e-06,9.57399606704712e-07,6936320354.0,1.6298145055770874e-09,0,727,1523,193.015625,395.9375,35,35,4096,4096,4096,0.9861911110347137,0,0,65525882888.0,1.051184419018682,64.66233685502084,15.943001841020305,1,-1,0.32043497223082784,0,0,1,0,0,0,0,0.9999998211860657,0.013294739997945726,0.0025297808779214392,0.0002021400141529739,0.18606853595701978,0.04958461421347238,0.004884760011918843,0.05227118998300284,0.009494762269468993,0.0005818600184284151,0,0,0,1,0.53515625,0,137
28,16807.441144619,1788871237.4801817,0.6171875,5.204170427930421e-18,458.21130776405334,32,0,0.5646372437477112,1e-06,9.592622518539429e-07,6935339308.0,9.313225746154785e-10,0,708,1424,159.09765625,313.7265625,26,26,4096,4096,4096,0.9892048109904863,0,0,65525882888.0,1.0520106389885768,60.37045729800593,11.866311240009964,1,-1,0.30093392047058426,0,0,1,0,0,0,0,1,0.03679074899991974,0.002644637920866444,0.00017536996165290475,0.1359351470018737,0.044313888251508615,0.005150149983819574,0.043013538990635425,0.007561427845985236,0.00043898000149056315,0,0,0,1,0.6171875,0,158
29,17283.986634621,1788871736.1984534,0.64453125,6.938893903907228e-18,481.10208010673523,32,0,0.7454169988632202,1e-06,9.75094735622406e-07,6937352405.0,-3.958120942115784e-09,0,556,1421,181.1640625,373.015625,30,30,4096,4096,4096,1.1802375669940375,0,0,65525882888.0,1.254120455996599,63.17126003396697,15.072806796990335,1,-1,0.3737223131510062,0,0,1,0,0,0,0,0.9999999403953552,0.014867530029732734,0.0025839617344445287,0.00018787995213642716,0.11561164795421064,0.043074439549172894,0.0049541600164957345,0.04036464897217229,0.00961234057740512,0.0005845989799126983,0,0,0,1,0.64453125,0,165
30,17752.406728497,1788872212.8128705,0.59375,5.637851296924623e-18,454.2265727519989,32,0,0.8085115551948547,1e-06,9.760260581970215e-07,6938037369.0,6.984919309616089e-10,0,593,1308,155.7421875,306.44140625,28,28,4096,4096,4096,1.1056254490395077,0,0,65525882888.0,1.172555839002598,61.08232683496317,12.851725230982993,0.8571428571428572,-1,0.29880715233359845,0,0,1,0,0,0,0,0.9999999403953552,0.013817409984767437,0.002832829055023467,0.000209019985049963,0.12444051698548719,0.0488047641756566,0.007666799996513873,0.026596409967169166,0.008187995008711368,0.000685880018863827,0,0,0,1,0.59375,0,152
31,18211.544827006,1788872681.109648,0.6640625,3.469446951953614e-18,446.35340118408203,32,0,0.5656149387359619,1e-06,9.723007678985596e-07,6937955582.0,1.3969838619232178e-09,0,651,1402,162.1484375,312.6640625,26,26,4096,4096,4096,1.134084808989428,0,0,65525882888.0,1.2064137979759835,61.32014925201656,17.159141317999456,1,-1,0.2696369441168125,0,0,1,0,0,0,0,0.9999999403953552,0.011908309010323137,0.002953118636241925,0.00022510898998007178,0.23478801600867882,0.05177877542723763,0.009453820006456226,0.036173158907331526,0.00901713107350588,0.0007317700074054301,0,0,0,1,0.6640625,0,170
32,18748.241751083,1788873140.3077931,0.67578125,2.6020852139652106e-18,441.3289792537689,32,0,0.545417070388794,1e-06,9.834766387939453e-07,6937570645.0,-6.984919309616089e-10,0,495,1157,150.73046875,280.44140625,26,26,4096,4096,4096,1.1203208289807662,0,0,65525882888.0,1.1841778180096298,59.377766647026874,16.799534844001755,1,-1,0.2845960259019505,0,0,1,0,0,0,0,0.9999999403953552,0.012380970001686364,0.003348939892021008,0.00022058002650737762,0.1515253969701007,0.04353091868301817,0.006338379986118525,0.03804771899012849,0.008654672075408598,0.0006354399956762791,0,0,0,1,0.67578125,0,173
33,19245.257932519,1788873677.1791346,0.57421875,7.806255641895632e-18,517.2922654151917,32,0,0.5987213253974915,1e-06,9.96515154838562e-07,6937053776.0,2.3283064365386963e-10,0,968,1404,209.2890625,435.0234375,26,26,4096,4096,4096,1.2559795340057462,0,0,65525882888.0,1.3249273230321705,67.55939705105266,12.908441724954173,1,-1,0.3204349722308279,0,0,1,0,0,0,0,1.000000238418579,0.0164006800041534,0.0034203254513158754,0.00023241998860612512,0.19185822701547295,0.052640457938423424,0.006028479954693466,0.0551025970489718,0.011976742027172804,0.0007675400120206177,0,0,0,1,0.57421875,0,147
34,19728.213551009,1788874174.051163,0.54296875,6.938893903907228e-18,474.9819118976593,32,0,0.23891234397888184,1e-06,9.5367431640625e-07,6935840516.0,2.3283064365386963e-09,0,594,1318,173.7421875,341.11328125,28,28,4096,4096,4096,1.095760727999732,0,0,65525882888.0,1.1625472260056995,62.96171070303535,14.24314527498791,1,-1,0.21279241585380332,0,0,1,0,0,0,0,1.0000001192092896,0.022866248968057334,0.003929316967742125,0.0003005199832841754,0.15426208701683208,0.04874207885791293,0.007332120032515377,0.04270880890544504,0.011382990654738023,0.0007958699716255069,0,0,0,1,0.54296875,0,139
35,20194.928102754,1788874657.1672173,0.55859375,1.1275702593849246e-17,461.41029620170593,32,0,0.6184214949607849,1e-06,9.704381227493286e-07,6937038041.0,1.862645149230957e-09,0,592,1450,164.7109375,333.52734375,32,32,4096,4096,4096,1.1093055980163626,0,0,65525882888.0,1.176920736033935,62.223491096985526,16.354441453993786,1,-1,0.3378729987218661,0,0,1,0,0,0,0,0.9999998211860657,0.01912114000879228,0.0028050158414316684,0.0002347499830648303,0.17647437599953264,0.05275489124073829,0.00895953003782779,0.05067365808645263,0.007826305341950501,0.0005170999793335795,0,0,0,1,0.55859375,0,143
36,20726.810259057,1788875123.5136158,0.70703125,5.637851296924623e-18,446.17291593551636,32,0,0.29474589228630066,1e-06,9.546056389808655e-07,6935698124.0,-4.6566128730773926e-09,0,653,1138,166.16796875,310.18359375,44,44,4096,4096,4096,0.9992397199966945,0,0,65525882888.0,1.0649847789900377,60.68248140899232,16.483997400966473,0.8571428571428572,-1,0.28007834180996644,0,0,1,0,0,0,0,1.000000238418579,0.012854350032284856,0.0024692902545666584,0.00023365096421912313,0.19733129598898813,0.050861859002907295,0.006888900010380894,0.02730214997427538,0.007910496086424246,0.0006000699941068888,0,0,0,1,0.70703125,0,181
37,21234.170093296,1788875655.78077,0.71875,5.204170427930421e-18,511.79276847839355,32,0,0.24027927219867706,1e-06,9.5367431640625e-07,6934764978.0,4.656612873077393e-10,0.00390625,2048,2048,174.7265625,360.93359375,29,29,4096,4096,4096,0.9951210500439629,0,0,65525882888.0,1.0578887790325098,62.63962446700316,15.251689974975307,1,-1,0.23145502494313788,0,0,1,0,0,0,0,1.0000001192092896,0.008995399984996766,0.0025936025740520563,0.0002044200082309544,0.1208176480140537,0.04112805853719692,0.004953038995154202,0.03672468906734139,0.008151701223141572,0,0,0,0,1,0.71875,0,184
38,21722.912480021,1788876163.1203258,0.55078125,3.903127820947816e-18,487.0155682563782,32,0,0.47447630763053894,1e-06,9.5367431640625e-07,6934757913.0,1.1641532182693481e-09,0,767,1642,175.94140625,358.6015625,29,29,4096,4096,4096,0.9938888910110109,0,0,65525882888.0,1.0545689999707974,62.451643822016194,15.367599149991293,1,-1,0.25379768577771245,0,0,1,0,0,0,0,0.9999998807907104,0.010276309971231967,0.002711999581379132,0.00020166003378108144,0.22495843499200419,0.04833760993892611,0.004601560009177774,0.03467331890715286,0.007529134863716536,0.0004930099821649492,0,0,0,1,0.55078125,0,141
39,22249.225306727,1788876651.762833,0.8125,9.540979117872439e-18,466.4053382873535,32,0,0.4379824995994568,1e-06,9.5367431640625e-07,6933439239.0,-2.561137080192566e-09,0,554,1471,155.97265625,328.43359375,30,30,4096,4096,4096,1.2256677839905024,0,0,65525882888.0,1.2889424319728278,61.54776964499615,15.488744987989776,0.8571428571428572,-1,0.2719918966379967,0,0,1,0,0,0,0,0.9999999403953552,0.0161651200032793,0.002856225770756282,0.00018152000848203897,0.22061125602340326,0.04620009064728947,0.002670509973540902,0.03229147894307971,0.008133608333992015,0.0005063700373284519,0,0,0,1,0.8125,0,208
40,22762.572933316,1788877178.0138314,0.53515625,8.239936510889834e-18,503.21082282066345,32,0,0.46299514174461365,1e-06,9.5367431640625e-07,6932822227.0,-1.862645149230957e-09,0,809,1490,168.3828125,333.82421875,28,28,4096,4096,4096,1.4232660389970988,0,0,65525882888.0,1.4951742769917473,62.7639805090148,17.451669197995216,1,-1,0.2731617596567563,0,0,1,0,0,0,0,1.000000238418579,0.013644789985846728,0.002625319695653161,0.0002496500383131206,0.21677532501053065,0.055283599398535443,0.003323490032926202,0.03629568900214508,0.00825623685454957,0.0005639399751089513,0,0,0,1,0.53515625,0,137
41,23194.565312617,1788877691.5836549,0.6328125,3.469446951953614e-18,493.89998722076416,32,0,0.3126049339771271,1e-06,9.5367431640625e-07,6930663692.0,9.313225746154785e-10,0,548,1323,185.90234375,389.33203125,29,29,4096,4096,4096,1.3188691439572722,0,0,65525882888.0,1.3866131019894965,65.79495179501828,17.94822111603571,1,-1,0.24484480715718016,0,0,1,0,0,0,0,1,0.015115319984033704,0.003257333658666539,0.0002713000285439193,0.15709657699335366,0.04970155851560776,0.005043199984356761,0.04571490903617814,0.010418224033173829,0.0007951200241222978,0,0,0,1,0.6328125,0,162
42,23690.704128394,1788878123.4647894,0.72265625,8.673617379884035e-18,412.82861042022705,32,0,0.6507802605628967,1e-06,9.5367431640625e-07,6932510982.0,9.313225746154785e-10,0,596,1240,130.9296875,238.4375,32,32,4096,4096,4096,1.2855757039505988,0,0,65525882888.0,1.3511583229992539,57.649731970974244,14.042664317006711,1,-1,0.28682818578944663,0,0,1,0,0,0,0,1.0000001192092896,0.021185179997701198,0.00312839546700161,0.0002306689857505262,0.13906383700668812,0.04328548161197432,0.008361549000255764,0.03314850106835365,0.008946997922748778,0.0006955910357646644,0,0,0,1,0.72265625,0,185
43,24215.070396795,1788878619.6407862,0.734375,5.637851296924623e-18,472.3225131034851,32,0,1.0217052698135376,1e-06,9.685754776000977e-07,6934407063.0,9.313225746154785e-10,0,615,1189,172.421875,338.90625,25,25,4096,4096,4096,1.2790689410176128,0,0,65525882888.0,1.3474643700174056,63.122395931975916,13.624327175959479,1,-1,0.2743266338524503,0,0,1,0,0,0,0,1,0.014954829995986074,0.0033606909864829504,0.0002946000313386321,0.11411779798800126,0.04207330987287605,0.0068358799908310175,0.05077725899172947,0.009228674376799972,0.0007823000196367502,0,0,0,1,0.734375,0,188
44,24712.735611601,1788879144.0108237,0.73828125,1.734723475976807e-18,504.69924235343933,32,0,0.41603222489356995,1e-06,9.5367431640625e-07,6933973523.0,6.984919309616089e-10,0,691,1437,189.1328125,376.46875,26,26,4096,4096,4096,1.4256930180126801,0,0,65525882888.0,1.4943974670022726,64.84876854199683,18.411122624005657,1,-1,0.27081698014469824,0,0,1,0,0,0,0,0.9999998807907104,0.01699961902340874,0.0032932550464011,0.0002846099669113755,0.1584913760307245,0.052541702161533976,0.003244719991926104,0.05196357803652063,0.011848640724338111,0.0006961199687793851,0,0,0,1,0.73828125,0,189
45,25181.856345679,1788879641.4615903,0.6484375,5.204170427930421e-18,473.84939074516296,32,0,0.4758981764316559,1e-06,9.5367431640625e-07,6934126109.0,0,0,710,1348,171.98828125,336.82421875,29,29,4096,4096,4096,1.2024408360011876,0,0,65525882888.0,1.266016264038626,62.75202256900957,14.213300748029724,1,-1,0.25,0,0,1,0,0,0,0,1.0000001192092896,0.01383369998075068,0.0034720338769602677,0.0001768699730746448,0.19777668500319123,0.05059987138611177,0.008427450025919825,0.04549972899258137,0.009260342911829866,0.0008495689835399389,0,0,0,1,0.6484375,0,166
46,25722.346637842,1788880110.733902,0.6796875,5.204170427930421e-18,450.1006169319153,32,0,0.36991995573043823,1e-06,9.5367431640625e-07,6933313425.0,-1.3969838619232178e-09,0,590,1238,142.61328125,259.51953125,24,24,4096,4096,4096,1.2476096350001171,0,0,65525882888.0,1.3215801729820669,59.679960581997875,18.107772854040377,1,-1,0.23419423301078574,0,0,1,0,0,0,0,1,0.019304968998767436,0.0035171964132132416,0.00024214998120442033,0.16151706699747592,0.052491924128389655,0.006878928979858756,0.03882652806350961,0.00855798971679178,0.0006349399918690324,0,0,0,1,0.6796875,0,174
47,26227.301788078,1788880651.1985497,0.71875,3.0357660829594124e-18,520.688019990921,32,0,0.2891260087490082,1e-06,9.5367431640625e-07,6932417297.0,1.6298145055770874e-09,0,818,1614,175.71875,378,33,33,4096,4096,4096,1.5404929950018413,0,0,65525882888.0,1.6133747230051085,65.8307856899919,13.752357101999223,1,-1,0.22303564279994278,0,0,1,0,0,0,0,0.9999998807907104,0.013111169973853976,0.0032281929175042023,0.00022273999638855457,0.13153591798618436,0.04936255226925823,0.004509340040385723,0.041545290034264326,0.010801602784113129,0.0006151599809527397,0,0,0,1,0.71875,0,184
48,26662.75179934,1788881156.156457,0.59375,5.637851296924623e-18,481.2428958415985,32,0,0.6367654204368591,1e-06,9.629875421524048e-07,6932722939.0,1.1641532182693481e-09,0,729,1525,169.47265625,331.91796875,33,33,4096,4096,4096,1.1936393729993142,0,0,65525882888.0,1.2588875420042314,63.541532006987836,14.405201432993636,1,-1,0.2923340275668732,0,0,1,0,0,0,0,1,0.01794318901374936,0.0035514846840669634,0.00025028997333720326,0.17718012497061864,0.051447577496446684,0.006578849977813661,0.048899809014983475,0.011359547000438397,0.0005929500330239534,0,0,0,1,0.59375,0,152
49,27119.771849735,1788881591.599764,0.8359375,6.938893903907228e-18,416.58173084259033,32,0,0.7306833267211914,1e-06,9.5367431640625e-07,6933484669.0,-4.6566128730773926e-09,0,499,994,142.72265625,281.1484375,39,39,4096,4096,4096,1.3709252609987743,0,0,65525882888.0,1.4371632789843716,59.870949982025195,17.795665254991036,0.8571428571428572,-1,0.26486423168198797,0,0,1,0,0,0,0,1,0.021048569993581623,0.003114436903160822,0.00026028999127447605,0.13628809701185673,0.04565903395064197,0.005726719973608851,0.04069490899564698,0.009807299817339299,0.0006277600186876953,0,0,0,1,0.8359375,0,214
50,27596.013791935,1788882048.6265426,0.671875,8.673617379884035e-19,437.1130721569061,24,0,0.3418094217777252,1e-06,9.5367431640625e-07,6932242553.0,1.1641532182693481e-09,0,589,1048,134.3515625,265.04296875,33,33,4096,4096,4096,1.4228879589936696,0,0,65525882888.0,1.4920330879976973,60.07273463602178,13.42054553097114,1,-0.5714285714285714,0.19884872724392935,0,0,1,0,0,0,0,1,0.012594899977557361,0.002837572511225517,0.00018736999481916428,0.21103262499673292,0.055300014609883874,0.0071264299913309515,0.03722279000794515,0.008255791708961624,0.0006498000002466142,0,0,0,1,0.671875,0,172
51,28088.113988841,1788882524.8149805,0.72265625,5.204170427930421e-18,451.71103739738464,32,0,1.105197787284851,1e-06,9.5367431640625e-07,6935463338.0,6.984919309616089e-10,0,681,1477,167.37890625,330.68359375,33,33,4096,4096,4096,1.355191628972534,0,0,65525882888.0,1.4258692280272953,62.19025505002355,14.71949865395436,1,-1,0.24090602791485788,0,0,1,0,0,0,0,0.9999997615814209,0.019045790017116815,0.003488346201947934,0.00024634000146761537,0.17512096598511562,0.05202747773591909,0.0033357000211253762,0.04121513006975874,0.010373894070426104,0.0005748090334236622,0,0,0,1,0.72265625,0,185
52,28553.33136546,1788883016.9526258,0.71484375,4.336808689942018e-18,468.2641839981079,32,0,0.2928897738456726,1e-06,9.629875421524048e-07,6934222317.0,-4.656612873077393e-10,0,570,1258,149.56640625,316.421875,42,42,4096,4096,4096,1.4937118170200847,0,0,65525882888.0,1.5677769149770029,63.43491400801577,18.496540088031907,1,-1,0.2355518921120164,0,0,1,0,0,0,0,0.9999999403953552,0.020156790036708117,0.003665950075173896,0.0002240799949504435,0.12451943702762946,0.049543556597427596,0.006792219006456435,0.05376624799100682,0.010334885394968296,0.000635209959000349,0,0,0,1,0.71484375,0,183
53,29082.226844801,1788883482.1366699,0.76171875,5.637851296924623e-18,441.3863070011139,24,0,0.922105073928833,1e-06,9.5367431640625e-07,6936244596.0,2.3283064365386963e-09,0,526,1186,144.3828125,311.16796875,25,25,4096,4096,4096,1.2673869229620323,0,0,65525882888.0,1.3342267299885862,61.67992765404051,18.338084710994735,1,-1,0.2435389588747474,0,0,1,0,0,0,0,1,0.02178420900600031,0.003390103084029761,0.0002203599433414638,0.13747569697443396,0.04249368226464867,0.006099770020227879,0.04015868902206421,0.010384608980757548,0.0006055100238882005,0,0,0,1,0.76171875,0,195
54,29554.28127772,1788884011.07032,0.75390625,1.734723475976807e-18,504.8228349685669,32,0,0.33057355880737305,1e-06,9.5367431640625e-07,6935275921.0,-2.3283064365386963e-09,0,1141,1937,174.80859375,353.9609375,24,24,4096,4096,4096,1.5019509499543346,0,0,65525882888.0,1.5838076180079952,64.59575708105695,18.335423871001694,1,-1,0.1872872943160985,0,0,1,0,0,0,0,1,0.042828338977415115,0.003718831869036876,0.00023750000400468707,0.2320298149716109,0.04989041849762543,0.01082710997434333,0.07201750786043704,0.011786948953613319,0.0006772699998691678,0,0,0,1,0.75390625,0,193
55,30062.857095386,1788884482.7883892,0.7265625,5.204170427930421e-18,447.27707290649414,32,0,0.5212810039520264,1e-06,9.601935744285583e-07,6934637874.0,-4.190951585769653e-09,0,432,972,161.21875,348.9140625,42,42,4096,4096,4096,1.2811485540005378,0,0,65525882888.0,1.3479905419517308,63.54184606199851,18.54759626102168,0.5714285714285714,-1,0.22587697572631282,0,0,1,0,0,0,0,1.0000001192092896,0.013947400031611323,0.0037818241421518906,0.00018706999253481627,0.2144587649963796,0.05063940926243049,0.008280579990241677,0.04041289904853329,0.012495906665208167,0.0006319900276139379,0,0,0,1,0.7265625,0,186
56,30529.707130796,1788884991.7347977,0.5078125,4.336808689942018e-18,484.7436773777008,24,0,0.6648512482643127,1e-06,9.5367431640625e-07,6934381256.0,-9.313225746154785e-10,0.00390625,2048,2048,156.609375,298.3359375,35,35,4096,4096,4096,1.2817555229994468,0,0,65525882888.0,1.3559161410084926,61.7836852009641,19.06463595101377,1,-1,0.17857142857142858,0,0,1,0,0,0,0,1.000000238418579,0.018085289979353547,0.0034126075365747965,0.00023954996140673757,0.11566273798234761,0.04163375175426154,0.007810259994585067,0.05086092901183292,0.009594997803787919,0,0,0,0,1,0.5078125,0,130
57,31036.461692888,1788885458.4759984,0.77734375,2.6020852139652106e-18,441.39475178718567,24,0,0.8721786141395569,1e-06,9.611248970031738e-07,6934455158.0,2.3283064365386963e-10,0,552,1225,143.20703125,298.68359375,32,32,4096,4096,4096,1.5863499969709665,0,0,65525882888.0,1.6659919270314276,61.63436388899572,18.497428559989203,0.8571428571428572,-1,0.2435389588747474,0,0,1,0,0,0,0,1.0000001192092896,0.014764109975658357,0.0035155370949269127,0.00025948998518288136,0.24762788496445864,0.05348438503415309,0.00878877000650391,0.04654373897938058,0.009788492673351357,0.0005833099712617695,0,0,0,1,0.77734375,0,199
58,31488.933266274,1788885965.1864269,0.58203125,8.673617379884035e-19,481.83485317230225,16,0,0.2889452278614044,1e-06,9.5367431640625e-07,6932686193.0,6.984919309616089e-10,0,578,1177,164.58203125,361.98828125,37,37,4096,4096,4096,1.3237608430208638,0,0,65525882888.0,1.3949579810141586,64.61144464398967,19.687563155952375,1,-0.8571428571428571,0.1406072834644966,0,0,1,0,0,0,0,0.9999998807907104,0.017238699016161263,0.0039014119690818916,0.00019851000979542732,0.15110838698456064,0.052028061990085916,0.008094090037047863,0.054920568014495075,0.013656357743457193,0.0007306089974008501,0,0,0,1,0.58203125,0,149
59,32008.392738492,1788886417.8110933,0.6796875,8.673617379884035e-19,427.3851659297943,24,0,0.2509020268917084,1e-06,9.5367431640625e-07,6930878098.0,-2.3283064365386963e-09,0,366,1026,131.76953125,294.96875,32,32,4096,4096,4096,1.2931748029659502,0,0,65525882888.0,1.3614169029751793,61.80181196000194,18.81920740904752,1,-1,0.1287696884094282,0,0,1,0,0,0,0,0.9999999403953552,0.01757640903815627,0.0036596943086806277,0.00021528900833800435,0.14101033698534593,0.046463311616662395,0.0036008700262755156,0.041475408943369985,0.011539524097315734,0.0006831689970567822,0,0,0,1,0.6796875,0,174
60,32478.692814229,1788886937.3903875,0.6796875,6.288372600415926e-18,499.35224771499634,32,0,0.39587754011154175,1e-06,9.5367431640625e-07,6930371651.0,-2.561137080192566e-09,0,598,1258,174.07421875,431.4140625,43,43,4096,4096,4096,1.5374326289747842,0,0,65525882888.0,1.6118934270343743,68.85269437701209,19.59069008298684,1,-1,0.24222607082590245,0,0,1,0,0,0,0,1.0000001192092896,0.018988909956533462,0.003960582221907316,0.00019488000543788075,0.12743467697873712,0.0511333547653976,0.007917848997749388,0.0575533090159297,0.01434181611944041,0.0005894600180909038,0,0,0,1,0.6796875,0,174
61,32946.063965209,1788887407.5769565,0.76171875,3.0357660829594124e-18,445.2515549659729,24,0,0.27580568194389343,1e-06,9.5367431640625e-07,6928998180.0,-2.3283064365386963e-10,0,470,1377,145.09375,313.75,32,32,4096,4096,4096,1.400873981998302,0,0,65525882888.0,1.4727751510217786,62.6966265719966,14.285744271008298,0.4285714285714286,-1,0.13599594831899836,0,0,1,0,0,0,0,1,0.01817190001020208,0.0032420449838355125,0.0002643599873408675,0.17869146703742445,0.05511137111170683,0.0047112099709920585,0.051128419989254326,0.01051079716262393,0.0004933800082653761,0,0,0,1,0.76171875,0,195
62,33494.627162496,1788887874.7706,0.65625,7.806255641895632e-18,446.74043822288513,32,0,0.6191709637641907,1e-06,9.5367431640625e-07,6930062303.0,4.656612873077393e-10,0,940,1376,129.61328125,260.64453125,38,38,4096,4096,4096,1.4700387599878013,0,0,65525882888.0,1.5421255489927717,60.1068875399651,19.357871668005828,1,-1,0.23419423301078576,0,0,1,0,0,0,0,0.9999999403953552,0.022029369021765888,0.004487283698153988,0.0002463699784129858,0.13314613798866048,0.05438069261572309,0.009106950019486248,0.04797319008503109,0.010519276122977317,0.0006721399840898812,0,0,0,1,0.65625,0,168
63,34006.438907513,1788888423.5717154,0.6640625,1.734723475976807e-18,524.1448678970337,32,0,0.8475064039230347,1e-06,9.5367431640625e-07,6932314293.0,9.313225746154785e-10,0.00390625,2048,2048,170.84375,381.609375,32,32,4096,4096,4096,1.260137033998035,0,0,65525882888.0,1.3266411930089816,65.40258697397076,14.807895829027984,1,-0.8571428571428571,0.21128856368212914,0,0,1,0,0,0,0,1.0000001192092896,0.02315616002306342,0.0037371914058894617,0.0003305000136606395,0.17068921600002795,0.05482901707318888,0.0058019100106321275,0.04478193901013583,0.01251680782479525,0,0,0,0,1,0.6640625,0,170
64,34486.410134676,1788888935.3216877,0.515625,3.0357660829594124e-18,487.25037145614624,32,0,0.47143757343292236,1e-06,9.57399606704712e-07,6931234896.0,0,0,651,1378,174.08984375,370.48828125,42,42,4096,4096,4096,1.3315730330068618,0,0,65525882888.0,1.3999474019510671,66.20976718899328,18.606607232009992,0.8571428571428572,-1,0.2172415189392221,0,0,1,0,0,0,0,0.9999999403953552,0.01317201997153461,0.003574988823856984,0.00023447000421583652,0.2115545060369186,0.053799717537003744,0.008476619957946241,0.06363605911610648,0.012581190905848416,0.0008814699831418693,0,0,0,1,0.515625,0,132
65,34938.457170737,1788889415.2507446,0.63671875,7.806255641895632e-18,454.86456775665283,32,0,0.6181699633598328,1e-06,9.648501873016357e-07,6931496638.0,2.0954757928848267e-09,0,516,1185,154.85546875,332.68359375,41,41,4096,4096,4096,1.4051395920105278,0,0,65525882888.0,1.479743320029229,63.14519714197377,18.94641556101851,1,-1,0.22728432252424743,0,0,1,0,0,0,0,0.9999998211860657,0.016821340017486364,0.003819337605364126,0.00028171000303700566,0.1758623659843579,0.04737339505345517,0.006433870003093034,0.0654016780317761,0.011578348492321311,0.0008056890219449997,0,0,0,1,0.63671875,0,163
66,35408.506546036,1788889867.131502,0.69140625,8.673617379884035e-19,431.33967781066895,16,0,0.33537817001342773,1e-06,9.5367431640625e-07,6930113446.0,-9.313225746154785e-10,0,406,1202,134.61328125,270.34375,24,24,4096,4096,4096,1.4783188209985383,0,0,65525882888.0,1.5539250680012628,60.158432092983276,19.28909581899643,0.7142857142857143,-0.7142857142857143,0.19723858959262966,0,0,1,0,0,0,0,1,0.017164259974379092,0.0035433861689853074,0.00024350895546376705,0.1924862270243466,0.055896266435411235,0.005582258978392929,0.07168240792816505,0.010225275236734888,0.0006865600007586181,0,0,0,1,0.69140625,0,177
67,35890.394149941,1788890337.3132148,0.6171875,2.6020852139652106e-18,450.21982741355896,32,0,0.7334306836128235,1e-06,9.760260581970215e-07,6931411961.0,-1.6298145055770874e-09,0,725,1073,149.2265625,309.5546875,29,29,4096,4096,4096,1.2945763040333986,0,0,65525882888.0,1.364887053030543,61.29537358897505,15.143345787015278,1,-1,0.1821078397711709,0,0,1,0,0,0,0,1.000000238418579,0.03879255900392309,0.003508381461188037,0.00024589995155110955,0.15859639702830464,0.04571865961133881,0.007434659986756742,0.046604930073954165,0.010934950855244097,0.0006722099496982992,0,0,0,1,0.6171875,0,158
68,36357.989391544,1788890819.35756,0.50390625,3.2526065174565133e-18,457.0588014125824,32,0,0.3958227336406708,1e-06,9.5367431640625e-07,6930538780.0,1.3969838619232178e-09,0,535,1083,153.14453125,300.9375,43,43,4096,4096,4096,1.3744511919794604,0,0,65525882888.0,1.4441673020482995,62.13756523799384,14.087625998014119,1,-1,0.20671137326411118,0,0,1,0,0,0,0,0.9999999403953552,0.01391030999366194,0.0035001939884296007,0.0002101199934259057,0.14361260697478428,0.04831791869310109,0.009359889954794198,0.04454696801258251,0.010999275316180501,0.000552999961655587,0,0,0,1,0.50390625,0,129
69,36762.619036471,1788891286.8053243,0.65625,4.336808689942018e-18,446.40995359420776,16,0,0.4488390386104584,1e-06,9.5367431640625e-07,6930312231.0,6.984919309616089e-10,0,593,1337,149.171875,294.53125,33,33,4096,4096,4096,1.3971556129981764,0,0,65525882888.0,1.4772422109963372,60.83733086899156,18.956220843014307,0.5714285714285714,-1,0.22015764296317772,0,0,1,0,0,0,0,1,0.01906905899522826,0.0034916595807317208,0.0001996000064536929,0.16821357695152983,0.0470294184492559,0.004963259969372302,0.06493972096359357,0.011143245874563945,0.0004626199952326715,0,0,0,1,0.65625,0,168
70,37216.418383286,1788891691.5565677,0.57421875,3.469446951953614e-18,386.4529027938843,16,0,0.42983362078666687,1e-06,9.55536961555481e-07,6929930528.0,9.313225746154785e-10,0,384,1023,110.67578125,206.75,33,33,4096,4096,4096,1.057792829000391,0,0,65525882888.0,1.1182703280355781,57.6145489619812,15.255281277000904,1,-0.7142857142857143,0.18385053823191072,0,0,1,0,0,0,0,1,0.012783769983798265,0.0031852517661263846,0.00019232998602092266,0.14705788699211553,0.04633641351551887,0.005166480026673526,0.031384719943162054,0.006963812427784433,0.0004673000075854361,0,0,0,1,0.57421875,0,147
71,37593.703316329,1788892145.2891128,0.703125,3.0357660829594124e-18,436.1208465099335,16,0,0.6170749664306641,1e-06,9.592622518539429e-07,6929591254.0,-4.656612873077393e-10,0,415,1205,140.9296875,281.99609375,35,35,4096,4096,4096,1.005098630033899,0,0,65525882888.0,1.0663870199932717,59.50650028302334,12.288959525001701,1,-1,0.15567496226930977,0,0,1,0,0,0,0,0.9999998807907104,0.016218699980527163,0.0028202397281802405,0.00017468002624809742,0.13167569698998705,0.04405168732546372,0.006249069992918521,0.028964479104615748,0.007638324712843314,0.0006346199661493301,0,0,0,1,0.703125,0,180
72,38060.629779458,1788892522.524768,0.59375,0,360.55124950408936,0,0,0,1e-06,9.5367431640625e-07,6927529654.0,0,0,335,733,116.5625,212.4765625,30,30,4096,4096,4096,1.002634460979607,0,0,65525882888.0,1.0644956399919465,55.621366010047495,12.765919898985885,0,0,0,0,0,1,0,0,0,0,1.0000001192092896,0.023558399989269674,0.0028735020964631985,0.00022806000197306275,0.11908099800348282,0.04051603447715024,0.006710429966915399,0.04110012896126136,0.008098781195712945,0.0004186899750493467,0,0,0,1,0.59375,0,152
73,38573.71279847,1788892989.318005,0.59375,8.673617379884035e-19,448.67963218688965,32,0,0.6573306918144226,1e-06,9.5367431640625e-07,6930134829.0,1.6298145055770874e-09,0,610,1406,144.515625,300.703125,43,43,4096,4096,4096,1.1742272059782408,0,0,65525882888.0,1.2381605949485675,59.85308329900727,11.816567606991157,1,-1,0.23957871187497745,0,0,1,0,0,0,0,1,0.03278308000881225,0.002846706813897981,0.00018514995463192463,0.2102971959975548,0.042637007611347144,0.008858739980496466,0.04812676808796823,0.008788410672195823,0.000546580005902797,0,0,0,1,0.59375,0,152
74,38985.764105913,1788893502.3834436,0.7890625,2.6020852139652106e-18,490.72961616516113,24,0,0.38802197575569153,1e-06,9.5367431640625e-07,6929348572.0,-1.6298145055770874e-09,0,528,1324,155.51953125,362.21875,35,35,4096,4096,4096,1.0475930189713836,0,0,65525882888.0,1.1306413270067424,64.22491623897804,13.405617869982962,0.7142857142857143,-1,0.1821078397711709,0,0,1,0,0,0,0,0.9999997019767761,0.02431208995403722,0.0033628442097324296,0.00021556002320721745,0.12062830798095092,0.04155121573444376,0.006799509981647134,0.04496030893642455,0.011067570849718322,0.0005139900022186339,0,0,0,1,0.7890625,0,202
75,39443.863884335,1788893914.6200218,0.58203125,6.071532165918825e-18,392.465478181839,32,0,0.46522200107574463,1e-06,9.5367431640625e-07,6930050153.0,1.1641532182693481e-09,0,594,1294,120.87890625,231.71875,30,30,4096,4096,4096,1.4117406320292503,0,0,65525882888.0,1.4815655000275,58.357963199028745,17.33429996203631,1,-1,0.20360275448198895,0,0,1,0,0,0,0,0.9999999403953552,0.03233835904393345,0.0031302177058023517,0.0001975910272449255,0.13311781699303538,0.04592848714014508,0.005067639984190464,0.03928158897906542,0.006566663858166066,0.0006456089904531837,0,0,0,1,0.58203125,0,149
76,39908.01348122,1788894372.6478019,0.7265625,3.469446951953614e-18,437.31632924079895,32,0,0.41656237840652466,1e-06,9.5367431640625e-07,6929719155.0,-3.958120942115784e-09,0,565,1086,145.34375,287.04296875,36,36,4096,4096,4096,1.5026128900353797,0,0,65525882888.0,1.5934539280133322,61.4486047209939,14.590205396001693,0.8571428571428572,-1,0.18557687223952254,0,0,1,0,0,0,0,0.9999999403953552,0.01661037903977558,0.003908120947016869,0.0002584800240583718,0.1526393070234917,0.05051503755998965,0.005858120042830706,0.03573051805142313,0.009417178309604424,0.0007837599841877818,0,0,0,1,0.7265625,0,186
77,40417.924027709,1788894836.9979799,0.64453125,2.168404344971009e-18,443.43032217025757,16,0,0.9351693987846375,1e-06,9.634532034397125e-07,6931068134.0,1.3969838619232178e-09,0,399,1200,132.14453125,268.6015625,26,26,4096,4096,4096,1.437066771031823,0,0,65525882888.0,1.508889030024875,60.02939224103466,14.78554668702418,0.8571428571428572,-1,0.1939782230571467,0,0,1,0,0,0,0,0.9999999403953552,0.02200555900344625,0.0037406271339932573,0.0002584999892860651,0.12764295696979389,0.04445483219478774,0.004635909979697317,0.04394141904776916,0.010398727258916551,0.0008004800183698535,0,0,0,1,0.64453125,0,165
78,40879.082937093,1788895346.748128,0.734375,4.336808689942018e-18,484.090211391449,24,0,0.6023522615432739,1e-06,9.862706065177917e-07,6932469864.0,3.259629011154175e-09,0,377,1131,166.125,381.02734375,25,25,4096,4096,4096,1.423186362022534,0,0,65525882888.0,1.4978881409624591,65.53596478002146,15.099767805018928,1,-1,0.20516295166207246,0,0,1,0,0,0,0,0.9999999403953552,0.017291880038101226,0.0039005250164336758,0.0001884800149127841,0.146348345966544,0.04610232537720549,0.0043425289914011955,0.05812013003742322,0.015505268955394058,0.0005826909909956157,0,0,0,1,0.734375,0,188
79,41372.866620731,1788895808.0094585,0.76171875,5.204170427930421e-18,440.9507312774658,32,0,0.43239426612854004,1e-06,9.98377799987793e-07,6931257942.0,2.561137080192566e-09,0,560,1217,138.15625,274.92578125,30,30,4096,4096,4096,1.2993780539836735,0,0,65525882888.0,1.3658057730062865,60.06937985797413,19.66609780699946,0.8571428571428572,-1,0.1906621116434163,0,0,1,0,0,0,0,1,0.019556089013349265,0.004215936592572689,0.0002790300059132278,0.15599302697228268,0.05525365319181219,0.0042351000010967255,0.05004953796742484,0.012067027099419647,0.0007911099819466472,0,0,0,1,0.76171875,0,195
80,41774.778767657,1788896301.7415586,0.6875,5.637851296924623e-18,467.37049293518066,24,0,0.5778689384460449,1e-06,9.741634130477905e-07,6931604006.0,3.259629011154175e-09,0,461,1242,155.875,368.14453125,36,36,4096,4096,4096,1.6871212160331197,0,0,65525882888.0,1.7625437440001406,65.63374712795485,14.390036691969726,1,-1,0.2575393768188564,0,0,1,0,0,0,0,1.0000001192092896,0.031662938999943435,0.0042159428369359375,0.0002539600245654583,0.15571372699923813,0.04582722421196195,0.006790429004468024,0.05846118804765865,0.01219963971288962,0.0007139400113373995,0,0,0,1,0.6875,0,176
81,42259.670204367,1788896703.6759524,0.71875,8.673617379884035e-19,381.15275025367737,16,0,0.4156710207462311,1e-06,9.5367431640625e-07,6928319406.0,2.3283064365386963e-10,0,383,681,124.94140625,249.2890625,36,36,4096,4096,4096,1.4704093509935774,0,0,65525882888.0,1.5427745399647392,59.28344022197416,20.494852946023457,1,-0.8571428571428571,0.1287696884094282,0,0,1,0,0,0,0,1.0000001192092896,0.014369030017405748,0.0036072829936983908,0.00022175000049173832,0.27598465397022665,0.06114008656686565,0.010708509013056755,0.03371525899274275,0.010723185167989868,0.0007517299964092672,0,0,0,1,0.71875,0,184
82,42696.335981559,1788897188.3386629,0.58984375,2.168404344971009e-18,459.03084778785706,24,0,0.2729674279689789,1e-06,9.5367431640625e-07,6927082604.0,2.561137080192566e-09,0,428,1112,147.51171875,333.3515625,35,35,4096,4096,4096,1.4687371490290388,0,0,65525882888.0,1.5620493879541755,63.3768766670255,14.660848273022566,1,-1,0.16170330603816815,0,0,1,0,0,0,0,1,0.012135339027736336,0.003348014907714969,0.0002124310121871531,0.14635620603803545,0.0540796656537168,0.007661490002647042,0.05185696895932779,0.012315261230241958,0.0007659300463274121,0,0,0,1,0.58984375,0,151
83,43169.880698106,1788897625.1931725,0.625,2.168404344971009e-18,416.4615361690521,16,0,0.23455071449279785,1e-06,9.5367431640625e-07,6925557693.0,1.862645149230957e-09,0,581,853,132.2421875,234.0390625,36,36,4096,4096,4096,1.4565745189902373,0,0,65525882888.0,1.5301787669886835,57.99712869594805,19.906197693024296,1,-1,0.17127969726116854,0,0,1,0,0,0,0,1.000000238418579,0.017455579014495015,0.0033691539144911076,0.00022701994748786092,0.13054257695330307,0.05250042843340452,0.004153439949732274,0.04710779897868633,0.009397752128052161,0.0008918099920265377,0,0,0,1,0.625,0,160
84,43635.396968926,1788898098.7493017,0.734375,8.673617379884035e-19,453.47925996780396,24,0,0.7188972234725952,1e-06,9.5367431640625e-07,6927999302.0,-2.7939677238464355e-09,0.00390625,2048,2048,125.66796875,223.55078125,31,31,4096,4096,4096,1.3822329019894823,0,0,65525882888.0,1.4550505499937572,58.00643206201494,14.602399094030261,0.7142857142857143,-1,0.22587697572631282,0,0,1,0,0,0,0,1,0.018329838989302516,0.003778367590484777,0.00021809997269883752,0.20298726600594819,0.05533298946465948,0.008911938988603652,0.08055457909358665,0.010189309949282688,0,0,0,0,1,0.734375,0,188
85,44087.362112414,1788898564.1566553,0.7421875,8.673617379884035e-19,440.80760526657104,16,0,0.3093806207180023,1e-06,9.5367431640625e-07,6925290366.0,-2.3283064365386963e-10,0,397,1327,129.93359375,281.875,30,30,4096,4096,4096,1.4681465000030585,0,0,65525882888.0,1.548939297965262,60.587632125010714,13.97975390200736,0.7142857142857143,-0.42857142857142855,0.13832083379312204,0,0,1,0,0,0,0,1,0.016244160011410713,0.0035945232111771475,0.0002577600535005331,0.24869660404510796,0.05711806688736942,0.0044044399983249605,0.04616194893606007,0.008922032600366947,0.000636179989669472,0,0,0,1,0.7421875,0,190
86,44569.046144427,1788899016.1279128,0.734375,3.2526065174565133e-18,430.2611086368561,32,0,0.3800947666168213,1e-06,9.5367431640625e-07,6924593229.0,1.1641532182693481e-09,0,459,1116,136.46875,277.2109375,30,30,4096,4096,4096,1.4402242409996688,0,0,65525882888.0,1.5091020289692096,59.92956622800557,18.871543511981145,1,-1,0.15567496226930977,0,0,1,0,0,0,0,0.9999999403953552,0.01653033000184223,0.003472732235422882,0.0002843600232154131,0.17614558601053432,0.05367910133645637,0.007562300015706569,0.042231388040818274,0.01074459699475483,0.0006118600140325725,0,0,0,1,0.734375,0,188
87,45016.574652073,1788899497.9997752,0.63671875,1.734723475976807e-18,454.7179548740387,16,0,0.2044297605752945,1e-06,9.5367431640625e-07,6923414850.0,-4.656612873077393e-10,0,610,1123,141.75390625,323.375,33,33,4096,4096,4096,1.3502287229639478,0,0,65525882888.0,1.4172751809819601,62.460932835994754,15.684476548049133,0.5714285714285714,-1,0.12111303541295121,0,0,1,0,0,0,0,1,0.01667609898140654,0.0038605386394010566,0.00023638998391106725,0.18427130702184513,0.06040085306040055,0.007874639995861799,0.060469837044365704,0.012205072025381014,0.0006478700088337064,0,0,0,1,0.63671875,0,163
88,45475.713623793,1788899945.382178,0.6796875,2.6020852139652106e-18,426.3812460899353,16,0,0.4010501801967621,1e-06,9.5367431640625e-07,6923963010.0,-1.6298145055770874e-09,0,795,1335,118.37890625,241.8359375,36,36,4096,4096,4096,1.5256204589968547,0,0,65525882888.0,1.5955800079973415,59.24046591302613,20.833434404979926,1,-0.42857142857142855,0.14725377234348788,0,0,1,0,0,0,0,1,0.03622840903699398,0.003267353382170768,0.0002404500264674425,0.12690765701700002,0.04727962213769388,0.006764020014088601,0.02886633900925517,0.0073757630354975845,0.0007180199609138072,0,0,0,1,0.6796875,0,174
89,45930.963551353,1788900404.6258163,0.78125,2.6020852139652106e-18,439.13133239746094,16,0,0.4316657483577728,1e-06,9.5367431640625e-07,6924394316.0,4.190951585769653e-09,0,817,1144,146.51171875,289.1640625,31,31,4096,4096,4096,1.3251129630370997,0,0,65525882888.0,1.3938541209790856,61.51551961497171,15.189274581032805,0.8571428571428572,-0.7142857142857143,0.19232731454051802,0,0,1,0,0,0,0,1.0000001192092896,0.04149240895640105,0.004009433278724828,0.00023720000172033906,0.20407088595675305,0.04791315309421407,0.002783599018584937,0.047428059042431414,0.011591804953013707,0.0009347510058432817,0,0,0,1,0.78125,0,200
90,46375.031529708,1788900859.84544,0.74609375,6.071532165918825e-18,437.21912956237793,24,0,0.41503027081489563,1e-06,9.5367431640625e-07,6925578168.0,2.561137080192566e-09,0.00390625,1961,2048,132.41015625,253.6875,28,28,4096,4096,4096,1.031574469001498,0,0,65525882888.0,1.0922898979624733,57.72548471298069,14.255618132010568,1,-1,0.1872872943160985,0,0,1,0,0,0,0,1.0000001192092896,0.019705770013388246,0.003687711302745811,0.0002227400545962155,0.16396482702111825,0.04814254546204211,0.004326289985328913,0.040278070024214685,0.009041144836146486,0.0005329999839887023,0,0,0,1,0.74609375,0,191
91,46866.853931699,1788901303.9132338,0.765625,3.469446951953614e-18,426.663800239563,16,0,0.4213600754737854,1e-06,9.5367431640625e-07,6923682247.0,-4.656612873077393e-10,0,608,1404,139.68359375,275.65625,36,36,4096,4096,4096,1.0061091300449334,0,0,65525882888.0,1.0679646779899485,58.92644658504287,12.253638041031081,0.5714285714285714,-1,0.18557687223952254,0,0,1,0,0,0,0,0.9999998807907104,0.013093709945678711,0.002709723831685551,0.00017331005074083805,0.14248896803474054,0.04179019414186769,0.0030380599782802165,0.029227199964225292,0.007542043266539622,0.000516990025062114,0,0,0,1,0.765625,0,196
92,47298.171266187,1788901795.7188332,0.6015625,1.3010426069826053e-18,474.7452001571655,24,0,0.35719648003578186,1e-06,9.5367431640625e-07,6923316183.0,0,0.00390625,1961,2048,157.62109375,316.05078125,28,28,4096,4096,4096,0.991534229950048,0,0,65525882888.0,1.0524850590154529,60.4759669850464,12.233558725041803,0.4285714285714286,-1,0.14725377234348788,0,0,1,0,0,0,0,1,0.012379429012071341,0.0024925273714870855,0.00017002999084070325,0.16218666703207418,0.04105175619338297,0.0069249999942258,0.033447568013798445,0.008898462380784622,0.000568179995752871,0,0,0,1,0.6015625,0,154
93,47740.922817406,1788902227.0607715,0.59375,8.673617379884035e-19,414.054062128067,24,0,0.28135594725608826,1e-06,9.5367431640625e-07,6922025686.0,6.984919309616089e-10,0,360,1020,133.99609375,272.5234375,25,25,4096,4096,4096,1.0158904700074345,0,0,65525882888.0,1.0771709700347856,58.446422181033995,11.912893181026448,1,-0.7142857142857143,0.14725377234348788,0,0,1,0,0,0,0,1.0000001192092896,0.015309289970900863,0.002750584306568271,0.00020001997472718358,0.1665307260118425,0.04736024317139709,0.0068734000087715685,0.05550548800965771,0.008768637983166627,0.0005347700207494199,0,0,0,1,0.59375,0,152
94,48155.058359376,1788902669.8212614,0.71875,3.0357660829594124e-18,425.495569229126,16,0,0.5262038111686707,1e-06,9.5367431640625e-07,6924983243.0,-4.656612873077393e-10,0,591,1110,123.4765625,261.00390625,25,25,4096,4096,4096,1.0029476310010068,0,0,65525882888.0,1.0692760789534077,58.07980302796932,12.37246928398963,1,-1,0.15567496226930977,0,0,1,0,0,0,0,0.9999999403953552,0.011799169995356351,0.0028339573116227257,0.0002285200171172619,0.22381376597331837,0.044048269575569066,0.006556589971296489,0.03450167999835685,0.008250814702478237,0.0007492799777537584,0,0,0,1,0.71875,0,184
95,48579.741440688,1788903083.7644827,0.58203125,3.903127820947816e-18,396.8140878677368,24,0,0.2998535633087158,1e-06,9.5367431640625e-07,6923564358.0,2.3283064365386963e-09,0,397,1030,136.01171875,269.3671875,30,30,4096,4096,4096,0.987275660969317,0,0,65525882888.0,1.0493833500077017,57.64252850599587,12.220877066021785,1,-1,0.16940773179473462,0,0,1,0,0,0,0,1.0000001192092896,0.01769802998751402,0.00278541842044433,0.00020145002054050565,0.12872156698722392,0.037303690749013185,0.002673349983524531,0.03681519004749134,0.008749095300117915,0.0004040710045956075,0,0,0,1,0.58203125,0,149
96,49002.620225643,1788903508.663359,0.76953125,3.469446951953614e-18,407.76950693130493,32,0,0.6872376203536987,1e-06,9.5367431640625e-07,6928209422.0,1.1641532182693481e-09,0,435,933,148.36328125,288.03515625,28,28,4096,4096,4096,0.9953561009606346,0,0,65525882888.0,1.07198414002778,59.140960493008606,12.382862212951295,1,-1,0.23007319154866296,0,0,1,0,0,0,0,1,0.012277889996767044,0.0027529646129096363,0.00019829999655485153,0.14587868796661496,0.04256813767597123,0.0029917500214651227,0.03765562898479402,0.008403341621260552,0.0004963699611835182,0,0,0,1,0.76953125,0,197
97,49486.205706818,1788903931.5486135,0.70703125,4.336808689942018e-19,406.09973096847534,16,0,0.4579263925552368,1e-06,9.5367431640625e-07,6929197926.0,1.6298145055770874e-09,0,900,1176,130.94140625,214.74609375,24,24,4096,4096,4096,0.9938595609855838,0,0,65525882888.0,1.0558726700255647,54.8576909849653,12.09797757701017,1,-0.8571428571428571,0.16170330603816815,0,0,1,0,0,0,0,0.9999998807907104,0.02790952898794785,0.0024061695567070274,0.000221730035264045,0.09564341802615672,0.03272185862897459,0.005419199995230883,0.029146669956389815,0.005596669555188782,0.0006089499802328646,0,0,0,1,0.70703125,0,181
98,49990.324023912,1788904415.2121952,0.62109375,1.734723475976807e-18,462.75147223472595,24,0,0.519882082939148,1e-06,9.778887033462524e-07,6929829030.0,1.6298145055770874e-09,0,429,1225,157.0546875,354.51171875,30,30,4096,4096,4096,1.006591951008886,0,0,65525882888.0,1.0669753800029866,63.00301045400556,11.83963014202891,1,-0.8571428571428571,0.2272843225242474,0,0,1,0,0,0,0,1,0.0348202990135178,0.00276040494713925,0.00020210997899994254,0.15302198799327016,0.0425352508270862,0.006426249979995191,0.03682381904218346,0.008650257641875214,0.0004003500216640532,0,0,0,1,0.62109375,0,159
99,50484.516981465,1788904919.2936354,0.6875,3.469446951953614e-18,483.58812642097473,24,0,0.3664563000202179,1e-06,1.0039657354354858e-06,6928584588.0,3.725290298461914e-09,0.00390625,2048,2048,177.625,345.54296875,26,26,4096,4096,4096,0.9838080110494047,0,0,65525882888.0,1.0435984900104813,61.891036153014284,15.856223848997615,0.8571428571428572,-1,0.20824828195876074,0,0,1,0,0,0,0,0.9999998211860657,0.009677489986643195,0.0026681482704589143,0.00019742996664717793,0.1319449269794859,0.040965285573520305,0.0028804499888792634,0.03521670895861462,0.009000590330060732,0,0,0,0,1,0.6875,0,176
100,50953.751411811,1788905413.332139,0.67578125,4.336808689942018e-19,473.5022437572479,16,0,0.4867698848247528,1e-06,9.5367431640625e-07,6928373835.0,2.3283064365386963e-10,0.0078125,1979,2048,185.84765625,330.3515625,31,31,4096,4096,4096,1.0158537399838679,0,0,65525882888.0,1.0813195380032994,60.86560033203568,15.448045966040809,1,-0.5714285714285714,0.12111303541295121,0,0,1,0,0,0,0,1,0.015107418992556632,0.0030920390577193757,0.00021781999384984374,0.11127808899618685,0.04317262560448398,0.0036635099677369,0.040311060030944645,0.009579145978932502,0.0006235699984245002,0,0,0,1,0.67578125,0,173
101,51466.364116373,1788905882.4394932,0.6640625,8.673617379884035e-19,451.8693242073059,32,0,0.3716789484024048,1e-06,9.648501873016357e-07,6927442389.0,0,0,743,1403,152.16796875,279.9921875,31,31,4096,4096,4096,0.9968436899944209,0,0,65525882888.0,1.058368339028675,58.80494834698038,15.721084532036912,1,-1,0.22015764296317772,0,0,1,0,0,0,0,0.9999998807907104,0.017340849968604743,0.0024549575573473703,0.00019377999706193805,0.09206976904533803,0.03367929195360375,0.002954789961222559,0.03192348004085943,0.006816243723960724,0.0005160910077393055,0,0,0,1,0.6640625,0,170
102,51970.150622242,1788906395.301616,0.74609375,5.204170427930421e-18,491.8230051994324,24,0,0.4281637668609619,1e-06,9.71369445323944e-07,6927334097.0,2.3283064365386963e-10,0.00390625,1939,2048,189.61328125,384.8515625,31,31,4096,4096,4096,0.9975284599931911,0,0,65525882888.0,1.0608730090316385,63.73635808000108,12.471505205961876,1,-1,0.22160131510697959,0,0,1,0,0,0,0,0.9999998211860657,0.01232539996271953,0.002580031385377879,0.0002049300237558782,0.2110664359643124,0.04445873958911761,0.003168419993016869,0.0367912498768419,0.008848869216535604,0.0004260200075805187,0,0,0,1,0.74609375,0,191
103,52446.594372328,1788906899.0200944,0.6640625,1.214306433183765e-17,486.6910626888275,32,0,0.744355320930481,1e-06,9.94652509689331e-07,6930033470.0,2.3283064365386963e-09,0,770,1234,176.140625,301.26953125,30,30,4096,4096,4096,0.993493631016463,0,0,65525882888.0,1.0552057590102777,59.432476769026835,16.018688034033403,1,-1,0.28571428571428575,0,0,1,0,0,0,0,1,0.01286940003046766,0.002722022063608165,0.0002087299944832921,0.11697874701349065,0.042242658910709,0.006770739972125739,0.029987639049068093,0.006901568954617687,0.0005762199871242046,0,0,0,1,0.6640625,0,170
104,52946.21131967,1788907375.350916,0.77734375,2.168404344971009e-18,455.9977607727051,24,0,0.23407411575317383,1e-06,9.5367431640625e-07,6929004252.0,2.3283064365386963e-10,0,572,1256,187.10546875,340.96484375,25,25,4096,4096,4096,0.9920152209815569,0,0,65525882888.0,1.0524746989831328,61.98033822001889,12.150473211018834,1,-1,0.16170330603816818,0,0,1,0,0,0,0,1,0.013574559998232871,0.0027594378452704404,0.00018852000357583165,0.11826462799217552,0.0428427740873758,0.003012490051332861,0.030519820051267743,0.008693937301359256,0.0004076699842698872,0,0,0,1,0.77734375,0,199
105,53403.193781873,1788907874.9563377,0.65234375,7.589415207398531e-18,482.9135127067566,24,0,0.43742096424102783,1e-06,9.5367431640625e-07,6929470057.0,2.3283064365386963e-09,0.00390625,2048,2048,168.73828125,276.98046875,30,30,4096,4096,4096,0.9803516310057603,0,0,65525882888.0,1.0408851699903607,57.88630127097713,15.326088085013907,1,-1,0.2244608051781524,0,0,1,0,0,0,0,0.9999998211860657,0.03760593896731734,0.00272708822376444,0.00017894996562972665,0.1379212780157104,0.04118945800973961,0.0056976990308612585,0.02645048894919455,0.006240189714389999,0,0,0,0,1,0.65234375,0,167
106,53938.13570397,1788908332.109491,0.67578125,2.6020852139652106e-18,440.0930597782135,24,0,0.38301795721054077,1e-06,9.5367431640625e-07,6928434858.0,-2.3283064365386963e-10,0.00390625,1874,2048,152.5625,256.4453125,25,25,4096,4096,4096,0.9983854410238564,0,0,65525882888.0,1.0608986799488775,58.65554087096825,11.935170609969646,1,-1,0.2004459314343183,0,0,1,0,0,0,0,1.0000001192092896,0.009722310001961887,0.0026352874990607233,0.00028104998636990786,0.1973541360348463,0.044818736375873414,0.007853298971895128,0.029113159980624914,0.005787582780158118,0.0007465299568139017,0,0,0,1,0.67578125,0,173
107,54531.567095258,1788908866.9434614,0.7421875,6.071532165918825e-18,514.4506616592407,32,0,0.491017609834671,1e-06,9.592622518539429e-07,6928970794.0,3.725290298461914e-09,0.0078125,2048,2048,180.359375,336.38671875,33,33,4096,4096,4096,1.0320696599665098,0,0,65525882888.0,1.1003349779639393,62.85029133403441,12.065009148034733,1,-1,0.26486423168198797,0,0,1,0,0,0,0,1,0.013987420010380447,0.0024829159644923493,0.00020387000404298306,0.20376984600443393,0.04870243976574784,0.006103280000388622,0.02786737901624292,0.006851199667153196,0,0,0,0,1,0.7421875,0,190
108,55058.298374967,1788909460.472628,0.6640625,5.637851296924623e-18,576.374391078949,32,0,0.4876065254211426,1e-06,9.76957380771637e-07,6929877162.0,-2.561137080192566e-09,0.00390625,1612,2048,251.296875,447.73046875,30,30,4096,4096,4096,0.9994061000179499,0,0,65525882888.0,1.059119998011738,66.43409486400196,15.481478229979984,1,-1,0.2834733547569204,0,0,1,0,0,0,0,1.0000001192092896,0.01585466996766627,0.0024294152701713756,0.00018728000577539206,0.12962234701262787,0.047049028148649086,0.004465550009626895,0.04097405000356957,0.01009978093816244,0.0005380299990065396,0,0,0,1,0.6640625,0,170
109,55583.009279956,1788909987.1507125,0.73046875,7.806255641895632e-18,506.05368185043335,32,0,0.5333651304244995,1e-06,9.937211871147156e-07,6929839532.0,-3.4924596548080444e-09,0.00390625,2048,2048,189.71875,372.58984375,26,26,4096,4096,4096,1.0237800090108067,0,0,65525882888.0,1.086942107998766,63.46707734296797,12.067834758025128,1,-1,0.24090602791485788,0,0,1,0,0,0,0,0.9999999403953552,0.011141280003357679,0.002546782737454123,0.0001998899970203638,0.14887762698344886,0.045506860348268674,0.009340849006548524,0.030491469078697264,0.007583371867212918,0,0,0,0,1,0.73046875,0,187
110,56174.75145802,1788910511.8608444,0.6640625,-4.336808689942018e-19,504.0151422023773,24,0,0.46721917390823364,1e-06,9.94652509689331e-07,6930164438.0,-3.958120942115784e-09,0.01171875,2048,2048,208.2421875,332.98828125,26,26,4096,4096,4096,0.9957020500442013,0,0,65525882888.0,1.055877178965602,61.03934313100763,15.588092238991521,0.7142857142857143,-0.5714285714285714,0.22303564279994278,0,0,1,0,0,0,0,1,0.012104809982702136,0.0028342289367628837,0.000231370038818568,0.24726809601997957,0.04423349772446272,0.005924820026848465,0.027433148061390966,0.007292604599342667,0,0,0,0,1,0.6640625,0,170
111,56757.499107507,1788911103.5477264,0.76953125,4.7704895589362195e-18,574.5081729888916,32,0,0.6097511053085327,1e-06,9.85804945230484e-07,6931842150.0,-6.752088665962219e-09,0,992,1652,240.49609375,468.65625,25,25,4096,4096,4096,0.9785958700231276,0,0,65525882888.0,1.038568550022319,68.30845515598776,15.75770892802393,0.8571428571428572,-1,0.34162725838766056,0,0,1,0,0,0,0,1,0.010548489983193576,0.002599508530465755,0.00018976000137627125,0.12959033699007705,0.03959036773972002,0.0029865900287404656,0.031152959971223027,0.008719435846387569,0.0005881800316274166,0,0,0,1,0.76953125,0,197
112,57281.018286309,1788911686.3148372,0.72265625,2.6020852139652106e-18,566.1656773090363,32,0,0.28201228380203247,1e-06,9.899958968162537e-07,6930354550.0,9.313225746154785e-10,0.00390625,1961,2048,244.1875,434.1640625,25,25,4096,4096,4096,0.9856007120106369,0,0,65525882888.0,1.0468764099641703,65.62679370999103,12.332881145004649,0.8571428571428572,-1,0.2187044413199266,0,0,1,0,0,0,0,1.0000001192092896,0.012361908971797675,0.002404200705996118,0.00022496003657579422,0.18463589600287378,0.0454388540065338,0.007438739994540811,0.044146389060188085,0.009725600598585515,0.0005002499674446881,0,0,0,1,0.72265625,0,185
113,57797.610369567,1788912209.9161046,0.70703125,6.938893903907228e-18,502.4585690498352,32,0,0.4441635012626648,1e-06,1.0021030902862549e-06,6930719295.0,-4.656612873077393e-10,0,918,1458,228.66796875,375.484375,26,26,4096,4096,4096,1.0059030409902334,0,0,65525882888.0,1.0672590099857189,63.76776855502976,11.812971524952445,1,-1,0.29987242185261903,0,0,1,0,0,0,0,1.000000238418579,0.009454088984057307,0.0023888115458703396,0.0001998700317926705,0.20781260600779206,0.04745175764969645,0.003152890014462173,0.021469539031386375,0.006956544174954615,0.0005645800265483558,0,0,0,1,0.70703125,0,181
114,58327.22468641,1788912726.5123577,0.80078125,2.168404344971009e-18,495.6774547100067,24,0,0.2187625765800476,1e-06,9.9127646535635e-07,6929214765.0,-2.3283064365386963e-10,0,818,1468,182.9765625,322.734375,25,25,4096,4096,4096,0.9783246219740249,0,0,65525882888.0,1.0391963799484074,60.8462314879871,16.137997512996662,0.7142857142857143,-1,0.18385053823191072,0,0,1,0,0,0,0,1.0000001192092896,0.0117896199808456,0.002332633292326136,0.00023887003771960735,0.19638229598058388,0.042884530900664686,0.0042316599865444005,0.02685465000104159,0.006758732628213693,0.00047515000915154815,0,0,0,1,0.80078125,0,205
115,58925.812167456,1788913256.0380526,0.8515625,7.806255641895632e-18,512.7267789840698,32,0,0.3300069272518158,1e-06,9.844079613685608e-07,6929195330.0,-4.656612873077393e-10,0.0078125,1993,2048,203.73828125,312.734375,25,25,4096,4096,4096,0.9838426610222086,0,0,65525882888.0,1.045689910009969,58.73156210000161,15.900253366038669,0.8571428571428572,-1,0.2142857142857143,0,0,1,0,0,0,0,1.0000001192092896,0.009533410018775612,0.00236696707338524,0.00021944002946838737,0.13440440798876807,0.03747771164125879,0.00808843004051596,0.04531857999972999,0.006428981034105163,0.00047281995648518205,0,0,0,1,0.8515625,0,218
116,59547.133117381,1788913854.7720368,0.7890625,1.3010426069826053e-18,580.1554043292999,32,0,0.15916545689105988,1e-06,9.704381227493286e-07,6927459797.0,2.561137080192566e-09,0.00390625,1650,2048,233.6875,427.05078125,25,25,4096,4096,4096,1.206851027032826,0,0,65525882888.0,1.2844789450173266,67.39210367901251,11.903198082000017,1,-0.8571428571428571,0.18898223650461363,0,0,1,0,0,0,0,1,0.010919590014964342,0.002520430404729268,0.00020465004490688443,0.1890143970376812,0.04452714314948025,0.005081620009150356,0.03126099891960621,0.007536022937983944,0.0005956799723207951,0,0,0,1,0.7890625,0,202
117,60193.586576073,1788914475.9185739,0.796875,6.938893903907228e-18,602.9832148551941,32,0,0.476614385843277,1e-06,9.723007678985596e-07,6927823933.0,-4.889443516731262e-09,0.0078125,1778,2048,307.1640625,518.9296875,57,57,4096,4096,4096,1.0311028099968098,0,0,65525882888.0,1.1008071179967374,70.32640611199895,13.542529294965789,1,-1,0.2624453295839119,0,0,1,0,0,0,0,0.9999998807907104,0.018353460007347167,0.0029357514988532785,0.00021075003314763308,0.22456434601917863,0.04869171947120776,0.006487519014626741,0.03588803001912311,0.01023326328231633,0.0006860000430606306,0,0,0,1,0.796875,0,204
118,60809.891993647,1788915122.5053856,0.87109375,5.204170427930421e-18,628.7548086643219,24,0,0.24768617749214172,1e-06,9.98377799987793e-07,6927044132.0,6.984919309616089e-10,0.015625,2048,2048,293.671875,493.640625,33,33,4096,4096,4096,1.018410720047541,0,0,65525882888.0,1.0908514389884658,68.767326820991,12.897350987012032,0.8571428571428572,-1,0.20977393079412018,0,0,1,0,0,0,0,1,0.013616299955174327,0.002581534905175431,0.00022958003683015704,0.12190605798969045,0.042830434139887075,0.004496840003412217,0.04127517907181755,0.00778614717887649,0,0,0,0,1,0.87109375,0,223
119,61376.322695501,1788915738.8266985,0.79296875,4.336808689942018e-19,597.9425919055939,24,0,0.28284814953804016,1e-06,9.667128324508667e-07,6925818180.0,9.313225746154785e-10,0,1082,1564,302.94140625,509.47265625,25,25,4096,4096,4096,1.0461992490454577,0,0,65525882888.0,1.1099070880445652,69.73679406696465,12.854930762958247,1,-1,0.23282865732866603,0,0,1,0,0,0,0,1,0.011525359994266182,0.0025360068989357387,0.00021125003695487976,0.11851404805202037,0.04069645881395445,0.004138119984418154,0.03405803896021098,0.009434972423832733,0.0006112599512562156,0,0,0,1,0.79296875,0,203
120,61968.416202646,1788916305.162916,0.7578125,5.204170427930421e-18,543.9229607582092,32,0,0.41730931401252747,1e-06,9.5367431640625e-07,6927683498.0,-9.313225746154785e-10,0,1417,1693,265.4140625,416.96484375,26,26,4096,4096,4096,1.0439100689836778,0,0,65525882888.0,1.1103199979988858,64.30026841600193,13.17897950700717,0.5714285714285714,-1,0.2172415189392221,0,0,1,0,0,0,0,1.000000238418579,0.01098861003993079,0.002533828813511718,0.00021341099636629224,0.12514118797844276,0.03803094095587767,0.0035266499617137015,0.03265468997415155,0.008167253691908627,0.0004667100147344172,0,0,0,1,0.7578125,0,194
121,62640.614823436,1788916897.3182092,0.8125,4.336808689942018e-18,574.0116240978241,16,0,0.15713931620121002,1e-06,9.499490261077881e-07,6925763691.0,-1.862645149230957e-09,0.00390625,2048,2048,255.17578125,402.01171875,25,25,4096,4096,4096,1.0185189009644091,0,0,65525882888.0,1.0802247090032324,64.34418248402653,17.12761683796998,1,-1,0.1749635530559413,0,0,1,0,0,0,0,1,0.010884139977861196,0.0028010909245494986,0.00019851000979542732,0.1286431170301512,0.04269533620572474,0.006637629994656891,0.04961534001631662,0.008671309533610838,0,0,0,0,1,0.8125,0,208
122,63322.013830942,1788917569.5054126,0.69921875,4.7704895589362195e-18,653.9956328868866,32,0,0.17858639359474182,1e-06,9.611248970031738e-07,6924447679.0,9.313225746154785e-10,0.00390625,1451,2048,321.3203125,521.7890625,33,33,4096,4096,4096,1.0436391400289722,0,0,65525882888.0,1.106108548992779,71.38655610597925,12.761988707992714,1,-1,0.20671137326411118,0,0,1,0,0,0,0,1.0000001192092896,0.012714759970549494,0.002366759246569927,0.00020148901967331767,0.12494403804885224,0.04128054171042095,0.002882150001823902,0.02875005902023986,0.008003487876976578,0.0005268300301395357,0,0,0,1,0.69921875,0,179
123,64039.301535009,1788918251.0469809,0.70703125,0,663.4089987277985,16,0,0.49800044298171997,1e-06,9.909272193908691e-07,6928296344.0,-3.026798367500305e-09,0.0078125,1700,2048,333.25,546.29296875,36,36,4096,4096,4096,1.0820071880007163,0,0,65525882888.0,1.147313027002383,71.94356544699986,13.120609610981774,1,-0.8571428571428571,0.21576867809990308,0,0,1,0,0,0,0,0.9999999403953552,0.01839273003861308,0.002809063279073598,0.00021759001538157463,0.19970897701568902,0.04562021653669035,0.002564899972639978,0.03128364006988704,0.008506747852379704,0.0005909600295126438,0,0,0,1,0.70703125,0,181
124,64686.982982413,1788918968.1561296,0.70703125,5.204170427930421e-18,699.2575964927673,32,0,0.32302990555763245,1e-06,9.667128324508667e-07,6928815765.0,-1.862645149230957e-09,0.0078125,2048,2048,372.41015625,619.8671875,36,36,4096,4096,4096,1.0421016789623536,0,0,65525882888.0,1.1020801889826544,76.21313829004066,12.771423247992061,1,-1,0.27779194975185795,0,0,1,0,0,0,0,1.000000238418579,0.015412239008583128,0.0022976809059400694,0.0002259700559079647,0.1533093070029281,0.04777905960395401,0.004013220022898167,0.0309209999977611,0.008352675512469432,0,0,0,0,1,0.70703125,0,181
125,65352.482848424,1788919615.884684,0.640625,1.734723475976807e-18,625.9149322509766,32,0,0.16248819231987,1e-06,9.834766387939453e-07,6927141700.0,1.1641532182693481e-09,0.00390625,1778,2048,294.734375,456.96875,25,25,4096,4096,4096,1.034493719052989,0,0,65525882888.0,1.095875249011442,66.67666369501967,12.6318611530005,1,-0.8571428571428571,0.17857142857142858,0,0,1,0,0,0,0,1,0.012390260002575815,0.002294001372774801,0.00016325997421517968,0.15493894700193778,0.03961580962618427,0.006108879984822124,0.0394977800315246,0.006150104392645517,0.0005728999967686832,0,0,0,1,0.640625,0,164
126,66096.171971702,1788920281.170482,0.828125,3.469446951953614e-18,646.8936281204224,32,0,0.342362642288208,1e-06,9.5367431640625e-07,6927179855.0,6.984919309616089e-10,0,1468,1816,344.8984375,530.546875,25,25,4096,4096,4096,1.0282026989734732,0,0,65525882888.0,1.0930146179744042,69.92702168296091,16.80240991100436,0.7142857142857143,-1,0.25,0,0,1,0,0,0,0,1.0000001192092896,0.01062920002732426,0.0022227982640288246,0.000189589976798743,0.12231166701531038,0.040885071849061205,0.004817590001039207,0.03085385909071192,0.007700536005813774,0.00047148001613095403,0,0,0,1,0.828125,0,212
127,66756.624332607,1788921025.0716417,0.71484375,4.336808689942018e-19,725.7602574825287,32,0,0.6087232232093811,1e-06,9.774230420589447e-07,6930953593.0,-4.656612873077393e-10,0.0078125,2048,2048,416.46484375,652.9453125,46,46,4096,4096,4096,1.0437318200129084,0,0,65525882888.0,1.1085580380167812,78.30261526798131,13.335744656040333,0.5714285714285714,-1,0.2355518921120164,0,0,1,0,0,0,0,1.000000238418579,0.010332850040867925,0.0024532750908292655,0.00023670995142310858,0.1365275079733692,0.04066279761309488,0.00872059998800978,0.030612369999289513,0.008302294317900305,0,0,0,0,1,0.71484375,0,183
128,67403.180338785,1788921685.464285,0.84375,5.204170427930421e-18,638.8904237747192,32,0,0.18672190606594086,1e-06,9.5367431640625e-07,6929951460.0,-1.862645149230957e-09,0.00390625,1721,2048,324.40234375,471.90234375,25,25,4096,4096,4096,1.0121441299561411,0,0,65525882888.0,1.0742733599618077,67.72254588402575,13.061364075983874,1,-1,0.19884872724392935,0,0,1,0,0,0,0,0.9999998807907104,0.01249711902346462,0.0022556743479071883,0.00023860001238062978,0.146261707006488,0.04335159751394713,0.008143279992509633,0.03481843008194119,0.006122305411736306,0.0004637300153262913,0,0,0,1,0.84375,0,216
129,68101.670632285,1788922331.9904,0.859375,3.469446951953614e-18,629.0546555519104,24,0,0.3284837305545807,1e-06,9.5367431640625e-07,6929537892.0,-6.984919309616089e-10,0.0078125,2048,2048,350.546875,511.74609375,30,30,4096,4096,4096,1.0444468000205234,0,0,65525882888.0,1.1094959590118378,69.60455629299395,16.41609511099523,1,-1,0.25753937681885636,0,0,1,0,0,0,0,1,0.010942369990516454,0.002142351654583763,0.00018281000666320324,0.14405506697949022,0.039937264255058835,0.006463969999458641,0.038472238986287266,0.006465923317364286,0,0,0,0,1,0.859375,0,220
130,68897.178070703,1788923030.6100283,0.828125,3.0357660829594124e-18,679.8059751987457,32,0,0.30631911754608154,1e-06,9.5367431640625e-07,6928844633.0,-5.122274160385132e-09,0.01953125,2048,2048,409.9921875,565.0078125,36,36,4096,4096,4096,1.017137653019745,0,0,65525882888.0,1.081759282038547,71.24495258601382,12.429610864957795,0.8571428571428572,-1,0.2286830084797446,0,0,1,0,0,0,0,1.0000001192092896,0.010491789958905429,0.0019316991626965319,0.0002316799946129322,0.12682398699689656,0.04234250656531913,0.005346750025637448,0.028289690031670034,0.006571101229383203,0,0,0,0,1,0.828125,0,212
131,69600.364244771,1788923825.9553597,0.73828125,7.37257477290143e-18,776.5587286949158,32,0,0.2874172031879425,1e-06,9.57399606704712e-07,6929412011.0,-2.3283064365386963e-10,0.015625,1883,2048,489.60546875,704.453125,38,38,4096,4096,4096,1.0132143299560994,0,0,65525882888.0,1.0780547680333257,78.33510209503584,13.508218735980336,1,-1,0.24872121923543072,0,0,1,0,0,0,0,1.000000238418579,0.010763489990495145,0.0022814954184013914,0.00020666001364588737,0.15261081903008744,0.044200880906601014,0.0040748100145719945,0.03540355898439884,0.00899285418972795,0.0007542200037278235,0,0,0,1,0.73828125,0,189
132,70264.912322304,1788924529.2162151,0.79296875,2.6020852139652106e-18,684.7095839977264,32,0,0.19883215427398682,1e-06,9.657815098762512e-07,6928224762.0,4.190951585769653e-09,0.01171875,1581,2048,404.58203125,595.80859375,38,38,4096,4096,4096,1.0145937100169249,0,0,65525882888.0,1.078021658002399,73.71969509200426,13.578719659999479,0.7142857142857143,-1,0.24614372771589682,0,0,1,0,0,0,0,0.9999999403953552,0.031482190010137856,0.002273809300731955,0.00025474000722169876,0.16324548702687025,0.041266630156542305,0.007444520015269518,0.027637269988190383,0.007183765822674104,0.0006897799903526902,0,0,0,1,0.79296875,0,203
133,71019.023648617,1788925193.663276,0.875,4.336808689942018e-18,646.4146783351898,32,0,0.248104065656662,1e-06,9.96515154838562e-07,6927259498.0,-3.4924596548080444e-09,0.00390625,1849,2048,393.73046875,557.25,25,25,4096,4096,4096,1.0188301879679784,0,0,65525882888.0,1.0802116970298812,70.61293516797014,13.134097333007958,1,-1,0.24743582965269675,0,0,1,0,0,0,0,1.0000001192092896,0.012890978949144483,0.0024233860347067093,0.00018119998276233673,0.15065242699347436,0.043547583609779394,0.006823100033216178,0.03095524007221684,0.007584337295156729,0.0006916800048202276,0,0,0,1,0.875,0,224
134,71789.780644967,1788925947.8309445,0.8359375,4.336808689942018e-18,735.8286626338959,24,0,0.23522639274597168,1e-06,9.611248970031738e-07,6926706475.0,4.656612873077393e-10,0.01171875,2048,2048,472.65234375,674.3359375,25,25,4096,4096,4096,1.0368822860182263,0,0,65525882888.0,1.103248763945885,76.8676431030035,12.77607664297102,0.8571428571428572,-1,0.20203050891044216,0,0,1,0,0,0,0,0.9999998211860657,0.01497648999793455,0.0020040187660015363,0.00022089999401941895,0.1610409570275806,0.04648488160842135,0.006135379953775555,0.023778379953000695,0.0067315714038613805,0,0,0,0,1,0.8359375,0,214
135,72498.949555073,1788926718.641223,0.6953125,6.938893903907228e-18,752.7449753284454,32,0,0.12665672600269318,1e-06,9.46572981774807e-07,6925020073.0,-2.0954757928848267e-09,0.01171875,1573,2048,439.7734375,634.70703125,38,38,4096,4096,4096,1.0740733350394294,0,0,65525882888.0,1.1466624639579095,75.28914502396947,13.035348704026546,0.8571428571428572,-1,0.24743582965269675,0,0,1,0,0,0,0,1.0000001192092896,0.010899699991568923,0.0019779206800194515,0.0001679399865679443,0.13047149701742455,0.04689173696988291,0.0060784100205637515,0.030408870079554617,0.0073513858008027455,0.0006544700008817017,0,0,0,1,0.6953125,0,178
136,73266.152125251,1788927427.7616913,0.84765625,4.7704895589362195e-18,690.7957186698914,32,0,0.1941719800233841,1e-06,9.433133527636528e-07,6924204896.0,-2.3283064365386963e-09,0.00390625,1584,2048,458.21875,654.59765625,40,40,4096,4096,4096,1.0343781500123441,0,0,65525882888.0,1.096344769001007,76.31732871796703,12.785502558981534,0.5714285714285714,-1,0.2244608051781524,0,0,1,0,0,0,0,0.9999999403953552,0.011266028974205256,0.002144877304090187,0.00021759996889159083,0.12484400800894946,0.043902488472667756,0.003159529995173216,0.046598059008829296,0.007614610110067588,0.0004488609847612679,0,0,0,1,0.84765625,0,217
137,74052.191773395,1788928195.0041418,0.859375,3.0357660829594124e-18,747.7538650035858,24,0,0.2036202996969223,1e-06,9.331852197647095e-07,6923478645.0,-2.561137080192566e-09,0.01171875,1509,2048,446.8046875,651.98046875,25,25,4096,4096,4096,1.0530843189917505,0,0,65525882888.0,1.120317608001642,75.9792026799987,13.275517828995362,0.7142857142857143,-1,0.23419423301078574,0,0,1,0,0,0,0,1.000000238418579,0.012700229999609292,0.00207339509825033,0.00018999003805220127,0.15009707701392472,0.04641475969037856,0.0032613290240988135,0.027096998994238675,0.006840584167093766,0.0006622499786317348,0,0,0,1,0.859375,0,220
138,74773.493851561,1788928981.0043895,0.8515625,3.469446951953614e-18,767.6249907016754,24,0,0.16932328045368195,1e-06,9.5367431640625e-07,6922435255.0,-3.026798367500305e-09,0.0078125,1612,2048,484.546875,721.796875,43,43,4096,4096,4096,1.086221557983663,0,0,65525882888.0,1.1531751769944094,79.88877596700331,14.190305794996675,0.8571428571428572,-1,0.20203050891044216,0,0,1,0,0,0,0,0.9999999403953552,0.01695626904256642,0.002302828931760814,0.00021478900453075767,0.17941410699859262,0.04807257406059762,0.0028885200154036283,0.026463370071724057,0.007855235736997201,0.0005162709858268499,0,0,0,1,0.8515625,0,218
139,75531.504118708,1788929702.2743826,0.8671875,6.5052130349130266e-18,703.4735860824585,24,0,0.17418842017650604,1e-06,9.532086551189423e-07,6921104938.0,-2.561137080192566e-09,0.015625,1643,2048,417.10546875,602.26953125,25,25,4096,4096,4096,1.0144095389987342,0,0,65525882888.0,1.0763377380208112,73.72747070196783,13.125739506038371,0.4285714285714286,-1,0.19884872724392935,0,0,1,0,0,0,0,1.000000238418579,0.0361721990047954,0.0021988329485793656,0.00020519999088719487,0.20275938604027033,0.046361766043673924,0.007067710044793785,0.037432669021654874,0.006581115866310938,0.0004622600390575826,0,0,0,1,0.8671875,0,222
140,76189.5198074,1788930460.3918064,0.80859375,0,739.7956779003143,24,0,0.1603669822216034,1e-06,9.541399776935577e-07,6920252028.0,-2.7939677238464355e-09,0.015625,2048,2048,457.3515625,645.9765625,25,25,4096,4096,4096,1.0090835799928755,0,0,65525882888.0,1.0720565390074626,75.4737794760149,12.632876885007136,1,-0.8571428571428571,0.1939782230571467,0,0,1,0,0,0,0,0.9999998807907104,0.01352847000816837,0.001967824832718179,0.0001911199651658535,0.11187625699676573,0.04384457521427976,0.008690149988979101,0.025058079045265913,0.0060323458892526105,0,0,0,0,1,0.80859375,0,207
141,76979.322540717,1788931118.3058105,0.89453125,3.0357660829594124e-18,635.8872339725494,24,0,0.2348678857088089,1e-06,9.343493729829788e-07,6922209928.0,1.3969838619232178e-09,0.03125,1849,2048,335.375,471.35546875,25,25,4096,4096,4096,0.9925151210045442,0,0,65525882888.0,1.053906338987872,67.55422598100267,13.137399732018821,0.8571428571428572,-1,0.20360275448198895,0,0,1,0,0,0,0,1.0000001192092896,0.01515718997688964,0.0019986779966529866,0.00020710000535473228,0.16922683594748378,0.040825387545964986,0.006482600001618266,0.025522670068312436,0.005194921154043186,0.00043934001587331295,0,0,0,1,0.89453125,0,229
142,77781.341018625,1788931908.262611,0.7421875,2.6020852139652106e-18,772.0707335472107,32,0,0.23180019855499268,1e-06,9.210780262947083e-07,6923043343.0,-1.862645149230957e-09,0.015625,2048,2048,527.265625,756.5390625,72,72,4096,4096,4096,0.991666553018149,0,0,65525882888.0,4.6133056249818765,80.66781819798052,16.663623456959613,0.8571428571428572,-1,0.2575393768188564,0,0,1,0,0,0,0,1.0000001192092896,0.011392829997930676,0.002367572169760024,0.0001856400049291551,0.1305511170066893,0.044851311643697045,0.0069109100149944425,0.027076060068793595,0.00746232687038173,0,0,0,0,1,0.7421875,0,190
143,78517.905485436,1788932710.200111,0.80859375,1.3010426069826053e-18,784.3113715648651,24,0,0.17113670706748962,1e-06,9.117648005485535e-07,6922479722.0,-6.984919309616089e-10,0.05078125,1849,2048,528.49609375,765.94140625,37,37,4096,4096,4096,4.730769863002934,0,0,65525882888.0,4.793275762000121,81.010016729997,12.696134426048957,1,-0.8571428571428571,0.24090602791485788,0,0,1,0,0,0,0,0.9999998211860657,0.013680859992746264,0.002011443484661868,0.00018809002358466387,0.10399271798087284,0.033372909449553845,0.0028760599670931697,0.025427188898902386,0.007382410641639581,0.0004762490279972553,0,0,0,1,0.80859375,0,207
144,79355.120740019,1788933446.849616,0.9140625,1.734723475976807e-18,718.966518163681,16,0,0.07288381457328796,1e-06,9.345822036266327e-07,6919876025.0,-9.313225746154785e-10,0.015625,1437,2048,407.4140625,577.73828125,38,38,4096,4096,4096,0.9688769750064239,0,0,65525882888.0,1.0283250929787755,72.02869525400456,12.399442472029477,0.4285714285714286,-1,0.14725377234348788,0,0,1,0,0,0,0,0.9999998211860657,0.011682408978231251,0.0016590474838267255,0.00017877999925985932,0.17451283696573228,0.0476157651662561,0.004185319994576275,0.040187718986999243,0.00553327990201069,0.0005073199863545597,0,0,0,1,0.9140625,0,234
145,80128.670014841,1788934284.0130067,0.828125,5.204170427930421e-18,819.3276746273041,32,0,0.1260918229818344,1e-06,9.10833477973938e-07,6918509013.0,1.1641532182693481e-09,0.04296875,1650,2048,591.8046875,821.671875,25,25,4096,4096,4096,4.913716193055734,0,0,65525882888.0,4.974534155975562,82.40662840200821,12.433557527023368,0.8571428571428572,-1,0.24222607082590242,0,0,1,0,0,0,0,0.9999998211860657,0.011080300027970225,0.0021268334746764594,0.0002178600407205522,0.11391798802651465,0.045083667256903937,0.003067989950068295,0.03187841101316735,0.008333329178412896,0.00057616998674348,0,0,0,1,0.828125,0,212
146,80876.11794413,1788935057.5753243,0.78125,0,756.3632326126099,16,0,0.1203332468867302,1e-06,9.5367431640625e-07,6918146456.0,-1.1641532182693481e-09,0.03515625,2048,2048,551.3828125,769.20703125,39,39,4096,4096,4096,4.553180248010904,0,0,65525882888.0,4.614410730951931,81.11800992599456,12.440208351006731,1,-1,0.18557687223952254,0,0,1,0,0,0,0,0.9999998807907104,0.011529650015290827,0.0019865887538799143,0.0002045090077444911,0.14251888601575047,0.03930990574144744,0.007134920975659043,0.02420831093331799,0.00700941116224385,0,0,0,0,1,0.78125,0,200
147,81697.029585997,1788935804.788403,0.91796875,4.336808689942018e-19,730.3575563430786,24,0,0.16534966230392456,1e-06,9.061768651008606e-07,6918609290.0,2.0954757928848267e-09,0.01171875,1631,2048,467.71484375,660.109375,37,37,4096,4096,4096,1.005121564026922,0,0,65525882888.0,1.0672981339739636,75.2492494781036,12.079344894969836,0.5714285714285714,-0.8571428571428571,0.19397822305714668,0,0,1,0,0,0,0,1,0.00962962897028774,0.0019790468095379765,0.0001705000177025795,0.1342212770250626,0.04162501237328797,0.002924369997344911,0.031203959952108562,0.006677060242964217,0.00044746999628841877,0,0,0,1,0.91796875,0,235
148,82520.415329145,1788936625.6960537,0.8046875,2.6020852139652106e-18,803.4089982509613,32,0,0.14311489462852478,1e-06,8.940696716308594e-07,6919073499.0,2.561137080192566e-09,0.02734375,1979,2048,483.71875,670.2578125,36,36,4096,4096,4096,0.980220430996269,0,0,65525882888.0,1.0398390010232106,75.66244946501683,12.046180514968,0.4285714285714286,-1,0.18898223650461363,0,0,1,0,0,0,0,1.000000238418579,0.034298248938284814,0.0019101866032542603,0.00021185004152357578,0.1939301969250664,0.04731262547920778,0.005276519921608269,0.03542894893325865,0.006409307228750549,0.00046104006469249725,0,0,0,1,0.8046875,0,206
149,83390.332933189,1788937449.25269,0.78515625,4.336808689942018e-19,806.0393769741058,8,0,0.02299724705517292,1e-06,8.437782526016235e-07,6916040110.0,0,0.03125,2048,2048,544.234375,758.40234375,43,43,4096,4096,4096,1.004570869030431,0,0,65525882888.0,1.0700177180115134,80.01869051496033,12.709991197101772,1,-0.14285714285714285,0.0668153104781061,0,0,1,0,0,0,0,1.0000001192092896,0.010214959969744086,0.0017740256525939913,0.0001731200609356165,0.12571791803929955,0.042586226280945993,0.005703539005480707,0.02624249004293233,0.006846413513812877,0,0,0,0,1,0.78515625,0,201
150,84210.247085131,1788938319.2406206,0.84375,6.071532165918825e-18,852.1475968360901,32,0,0.14797711372375488,1e-06,8.735805749893188e-07,6916703799.0,-1.1641532182693481e-09,0.0546875,1913,2048,533.51171875,704.81640625,54,54,4096,4096,4096,0.9856608009431511,0,0,65525882888.0,1.0525212379870936,77.102369936998,12.32495535502676,0.8571428571428572,-1,0.23419423301078576,0,0,1,0,0,0,0,1.0000001192092896,0.010460169985890388,0.0015202590834633156,0.0002014900092035532,0.11907840601634234,0.04245902774391652,0.0067186199594289064,0.023440890829078853,0.005005747697850893,0.0004215399967506528,0,0,0,1,0.84375,0,216
151,84989.165887389,1788939139.1028633,0.8203125,6.938893903907228e-18,801.830150604248,24,0,0.13587231934070587,1e-06,9.015202522277832e-07,6915727560.0,-1.6298145055770874e-09,0.05859375,2048,2048,522.203125,722.1171875,38,38,4096,4096,4096,0.980911310063675,0,0,65525882888.0,1.0422333190217614,79.15836759097874,12.649522886029445,1,-1,0.20824828195876072,0,0,1,0,0,0,0,0.9999999403953552,0.009832030045799911,0.0017092401831177995,0.00021045003086328506,0.12687220599036664,0.04334746489666941,0.005175860016606748,0.027982579777017236,0.006087079065764556,0,0,0,0,1,0.8203125,0,210
152,85694.234734508,1788939918.1742601,0.8203125,3.469446951953614e-18,761.2568793296814,24,0,0.10394646227359772,1e-06,8.717179298400879e-07,6914280399.0,6.984919309616089e-10,0.01171875,1718,2048,532.328125,757.69921875,36,36,4096,4096,4096,4.9133436740376055,0,0,65525882888.0,4.974563512951136,81.2779574439628,12.940762039041147,0.8571428571428572,-1,0.18898223650461365,0,0,1,0,0,0,0,1,0.012595989974215627,0.002231585164736316,0.00019773002713918686,0.1130682670045644,0.038434944075106614,0.006922078900970519,0.028682239120826125,0.007976142352617899,0.0006492099491879344,0,0,0,1,0.8203125,0,210
153,86547.779198571,1788940623.1578488,0.91796875,3.0357660829594124e-18,686.7013256549835,16,0,0.10554724186658859,1e-06,8.596107363700867e-07,6912682414.0,6.984919309616089e-10,0.015625,2048,2048,407.23828125,566.02734375,43,43,4096,4096,4096,0.9893243659753352,0,0,65525882888.0,1.0522145229624584,71.71436598699074,12.616063778987154,0.4285714285714286,-1,0.13599594831899836,0,0,1,0,0,0,0,1,0.012942960020154715,0.0022428365400628536,0.0002366909757256508,0.13468106696382165,0.03988589401478748,0.006010920042172074,0.029183728038333356,0.006215284803602117,0,0,0,0,1,0.91796875,0,235
154,87321.710179835,1788941476.658436,0.7421875,4.336808689942018e-18,835.6475574970245,32,0,0.14938409626483917,1e-06,8.828938007354736e-07,6915091702.0,-3.958120942115784e-09,0.03125,2048,2048,522.19140625,757.7109375,37,37,4096,4096,4096,1.0317431340226904,0,0,65525882888.0,1.0968877320410684,80.13846453803126,13.091524599003606,1,-1,0.23419423301078574,0,0,1,0,0,0,0,0.9999998807907104,0.030039599048905075,0.00221692501418147,0.00020050001330673695,0.19004065403714776,0.04506857636260975,0.006212548934854567,0.031743578729219735,0.007887940252203407,0,0,0,0,1,0.7421875,0,190
155,88062.573409159,1788942250.6359649,0.86328125,1.3010426069826053e-18,756.1767716407776,24,0,0.09686554968357086,1e-06,9.275972843170166e-07,6913176712.0,2.561137080192566e-09,0.015625,1700,2048,467.609375,667.23046875,25,25,4096,4096,4096,1.0055997599847615,0,0,65525882888.0,1.0676471190527081,76.35802995203994,12.758849960984662,0.5714285714285714,-1,0.19066211164341626,0,0,1,0,0,0,0,1,0.012509510037489235,0.001799957246021222,0.00022161006927490234,0.14530689700040966,0.04352297473587896,0.0036132900277152658,0.027706799912266433,0.00740900978235004,0.0005225309869274497,0,0,0,1,0.86328125,0,221
156,88873.871478884,1788942991.374132,0.8828125,1.734723475976807e-18,722.860093832016,32,0,0.1457522064447403,1e-06,8.735805749893188e-07,6915175564.0,-1.6298145055770874e-09,0.01171875,2048,2048,434.234375,602.21875,42,42,4096,4096,4096,0.9820697909453884,0,0,65525882888.0,1.0433856499148533,72.7969329750631,12.585843425942585,1,-1,0.2286830084797446,0,0,1,0,0,0,0,1.0000001192092896,0.009305880055762827,0.0017970383100873732,0.0002323300577700138,0.20471514610107988,0.0487555370609698,0.00250490999314934,0.035010688938200474,0.006632021975292446,0,0,0,0,1,0.8828125,0,226
157,89756.856939517,1788943802.8089957,0.8671875,8.673617379884035e-19,792.1389536857605,32,0,0.18463078141212463,1e-06,9.052455425262451e-07,6918642491.0,-1.3969838619232178e-09,0.01953125,1913,2048,488.58203125,723.87109375,42,42,4096,4096,4096,0.9796284119365737,0,0,65525882888.0,1.04068781202659,79.0755605630111,12.77376994700171,0.4285714285714286,-1,0.2600039246171614,0,0,1,0,0,0,0,1,0.01184777996968478,0.0019361789077265712,0.0001873299479484558,0.11016708693932742,0.04012792137382348,0.0059290300123393536,0.04702208808157593,0.006795498193696403,0.00046549004036933184,0,0,0,1,0.8671875,0,222
158,90547.76319116,1788944685.7066045,0.734375,2.6020852139652106e-18,864.7069520950317,24,0,0.100176140666008,1e-06,9.10833477973938e-07,6917149444.0,-2.3283064365386963e-09,0.04296875,2003,2048,615.265625,902.203125,51,51,4096,4096,4096,1.0084685810143128,0,0,65525882888.0,1.0711177290650085,88.2940187380882,13.89497718308121,0.4285714285714286,-1,0.2172415189392221,0,0,1,0,0,0,0,0.9999997615814209,0.013381429947912693,0.002073208858291764,0.00019734993111342192,0.1411956170341,0.04502359920479648,0.006160549004562199,0.033844239078462124,0.008476576362681953,0.000593548989854753,0,0,0,1,0.734375,0,188
159,91348.413533604,1788945476.7001212,0.8828125,1.734723475976807e-18,772.7113966941833,16,0,0.11192608624696732,1e-06,9.043142199516296e-07,6916826652.0,1.3969838619232178e-09,0.01953125,1777,2048,456.6640625,670.67578125,25,25,4096,4096,4096,1.0277431700378656,0,0,65525882888.0,1.0895836380077526,76.13330401398707,12.780807139002718,0.8571428571428572,-0.7142857142857143,0.1636634176769943,0,0,1,0,0,0,0,1.000000238418579,0.009592239977791905,0.001993191576730169,0.00020723999477922916,0.24332803499419242,0.047945772231287265,0.007063329918310046,0.020105998846702278,0.005949317898284789,0.0005746489623561502,0,0,0,1,0.8828125,0,226
160,92210.511919512,1788946277.337495,0.89453125,1.3010426069826053e-18,781.2519936561584,16,0,0.06459227204322815,1e-06,9.159557521343231e-07,6914407534.0,-4.656612873077393e-10,0.0390625,2048,2048,544.57421875,731.17578125,44,44,4096,4096,4096,1.253225923050195,0,0,65525882888.0,1.3216223220806569,79.47108049201779,12.725180770969018,0.5714285714285714,-1,0.1906621116434163,0,0,1,0,0,0,0,1.000000238418579,0.012468539993278682,0.002153868821096694,0.00018027995247393847,0.17560429603327066,0.04584222923131165,0.004497850080952048,0.03992684907279909,0.006069928635042743,0,0,0,0,1,0.89453125,0,229
161,93082.442868187,1788947139.5238025,0.8125,3.469446951953614e-18,842.2315495014191,32,0,0.11748357862234116,1e-06,9.466893970966339e-07,6915458959.0,-2.0954757928848267e-09,0.04296875,1718,2048,557.234375,807.0859375,37,37,4096,4096,4096,5.2129111679969355,0,0,65525882888.0,5.275591235025786,84.33166053507011,14.037297746981494,0.7142857142857143,-1,0.20203050891044214,0,0,1,0,0,0,0,1.0000003576278687,0.012410058989189565,0.0022032629326531605,0.00021790002938359976,0.16864144697319716,0.04428174522581685,0.005134669947437942,0.03165238001383841,0.007919694703559799,0.0005007400177419186,0,0,0,1,0.8125,0,208
162,93911.139976168,1788948011.2386918,0.78125,8.673617379884035e-18,852.9389321804047,32,0,0.2814425528049469,1e-06,9.5367431640625e-07,6925327775.0,-3.725290298461914e-09,0.06640625,2048,2048,616.953125,862.50390625,36,36,4096,4096,4096,1.1787632029736415,0,0,65525882888.0,1.244470901088789,85.9580890450161,14.405408425955102,0.7142857142857143,-1,0.2988071523335984,0,0,1,0,0,0,0,0.9999999403953552,0.011296459008008242,0.0022661906405119225,0.00024008005857467651,0.12767537590116262,0.043682901976353605,0.003195479977875948,0.04438384890090674,0.008978186627246032,0,0,0,0,1,0.78125,0,200
163,94669.207070127,1788948840.1219387,0.828125,4.9873299934333204e-18,808.9625697135925,32,0,0.11388929933309555,1e-06,9.5367431640625e-07,6924506351.0,-6.984919309616089e-10,0.03125,1961,2048,535.89453125,726.28125,61,61,4096,4096,4096,1.0352180290501565,0,0,65525882888.0,1.0964511369820684,79.29824265197385,13.537763601052575,1,-1,0.21428571428571427,0,0,1,0,0,0,0,1.0000001192092896,0.013088778941892087,0.002217277680301777,0.00022990000434219837,0.18953643494751304,0.04640520094289968,0.008084409986622632,0.036520819063298404,0.008119750453261076,0.0006984900683164597,0,0,0,1,0.828125,0,212
164,95510.72720786,1788949598.128333,0.921875,1.734723475976807e-18,738.685866355896,24,0,0.0767480805516243,1e-06,9.5367431640625e-07,6922618625.0,-9.313225746154785e-10,0.0078125,1883,2048,406.72265625,547.6640625,36,36,4096,4096,4096,1.0464267879724503,0,0,65525882888.0,1.1123774170409888,71.08428341697436,14.258159455959685,0.8571428571428572,-0.8571428571428571,0.15971914124998499,0,0,1,0,0,0,0,1,0.010770960012450814,0.00211655009070455,0.000258120009675622,0.26977730402722955,0.05571029523753168,0.009503170032985508,0.03460232901852578,0.00606156562025717,0.0005156910046935081,0,0,0,1,0.921875,0,236
165,96341.073446402,1788950439.6374748,0.84375,4.336808689942018e-18,821.4400944709778,32,0,0.0948115885257721,1e-06,9.129871614277363e-07,6921153587.0,-1.3969838619232178e-09,0.0390625,2048,2048,511.41015625,717.96484375,43,43,4096,4096,4096,1.4220623110886663,0,0,65525882888.0,1.5147131889825687,80.18808959797025,13.581244361004792,1,-1,0.2286830084797446,0,0,1,0,0,0,0,0.9999998211860657,0.014300719951279461,0.002393823043348675,0.00023096997756510973,0.19046890595927835,0.04392257941026401,0.006766970036551356,0.034559180960059166,0.007146535290758038,0,0,0,0,1,0.84375,0,216
166,97061.982695735,1788951269.9761422,0.8125,4.336808689942018e-19,810.0468163490295,32,0,0.21099106967449188,1e-06,9.416835382580757e-07,6926004975.0,0,0.0234375,1653,2048,539.69921875,784.2578125,36,36,4096,4096,4096,5.5354642160236835,0,0,65525882888.0,5.605198314995505,82.56783600302879,14.523356050020084,0.4285714285714286,-0.8571428571428571,0.23957871187497748,0,0,1,0,0,0,0,0.9999999403953552,0.011261779931373894,0.0017822851150413044,0.0002073110081255436,0.16709607699885964,0.04946870955700433,0.005716730025596917,0.029601220274344087,0.007970039285737585,0.0004914510063827038,0,0,0,1,0.8125,0,208
167,97888.776030292,1788951990.586682,0.890625,4.336808689942018e-18,701.0030536651611,24,0,0.1006096675992012,1e-06,9.5367431640625e-07,6925322119.0,-2.3283064365386963e-10,0.02734375,1650,2048,403.25,545.390625,33,33,4096,4096,4096,1.153649387997575,0,0,65525882888.0,1.2191887859953567,70.83124740491621,14.43222911900375,1,-1,0.18557687223952254,0,0,1,0,0,0,0,1,0.009707210003398359,0.0018844344795070356,0.00018597999587655067,0.1489851869409904,0.0457738875220457,0.003333569969981909,0.02197805792093277,0.004860201009705634,0.0006442500744014978,0,0,0,1,0.890625,0,228
168,98775.063417766,1788952817.7134569,0.828125,3.469446951953614e-18,807.9295637607574,32,0,0.10645201057195663,1e-06,9.5367431640625e-07,6925295474.0,4.656612873077393e-10,0.046875,1873,2048,531.5,781.58984375,25,25,4096,4096,4096,1.0350432510022074,0,0,65525882888.0,5.2408760889666155,83.03563167504035,13.460319189936854,1,-1,0.1956151991089879,0,0,1,0,0,0,0,1.0000001192092896,0.013683069963008165,0.002177700886477396,0.00018033001106232405,0.1595156870316714,0.04808948276695446,0.0034600900253280997,0.03660426882561296,0.008376349819172901,0.0004328000359237194,0,0,0,1,0.828125,0,212
169,99595.610968409,1788953704.012863,0.8359375,5.637851296924623e-18,866.7511005401611,32,0,0.10710202157497406,1e-06,9.5367431640625e-07,6924568714.0,-2.3283064365386963e-09,0.0390625,2048,2048,605.0546875,846.2109375,45,45,4096,4096,4096,1.0660586929880083,0,0,65525882888.0,1.1319772420683876,85.54773396800738,13.646319455932826,0.8571428571428572,-1,0.21128856368212914,0,0,1,0,0,0,0,0.9999998807907104,0.017959299962967634,0.0025021244287017907,0.00021057098638266325,0.12615740799810737,0.04054532729469429,0.003035469097085297,0.03196142998058349,0.00895901042758851,0,0,0,0,1,0.8359375,0,214
170,100385.504370654,1788954524.6289113,0.86328125,4.336808689942018e-19,800.6625249385834,24,0,0.06072124466300011,1e-06,9.5367431640625e-07,6922313506.0,-6.984919309616089e-10,0.0390625,1721,2048,407.2109375,542.94921875,35,35,4096,4096,4096,1.1436804899713024,0,0,65525882888.0,1.2099754789378494,71.32013818901032,13.937042739940807,1,-0.8571428571428571,0.1406072834644966,0,0,1,0,0,0,0,1.0000001192092896,0.009004309889860451,0.0020271601911190373,0.0002481900155544281,0.15450002707075328,0.04817590676657346,0.0063458000076934695,0.021231290185824037,0.004950801850100106,0.0006142699858173728,0,0,0,1,0.86328125,0,221
171,101326.849724879,1788955314.3521562,0.91015625,2.6020852139652106e-18,770.5678541660309,24,0,0.05727488920092583,1e-06,9.5367431640625e-07,6919810002.0,1.6298145055770874e-09,0.03125,1787,2048,442.73046875,597.94921875,35,35,4096,4096,4096,1.1292918790131807,0,0,65525882888.0,1.1928201579721645,72.99374281498604,14.153323188074864,0.4285714285714286,-1,0.16170330603816815,0,0,1,0,0,0,0,1.0000001192092896,0.010156040079891682,0.002217587987161096,0.00020254997070878744,0.2470861249603331,0.05139848230601274,0.006391798960976303,0.02646625996567309,0.005886232587727136,0.0005242499755695462,0,0,0,1,0.91015625,0,233
172,102217.096378814,1788956255.8237667,0.80078125,5.637851296924623e-18,921.7162756919861,32,0,0.08724792301654816,1e-06,8.530914783477783e-07,6918781035.0,1.862645149230957e-09,0.0859375,2048,2048,705.94921875,948,48,48,4096,4096,4096,1.0604240499669686,0,0,65525882888.0,1.1237783000105992,89.54914436407853,13.431300996919163,0.7142857142857143,-1,0.24353895887474744,0,0,1,0,0,0,0,1.0000001192092896,0.011593249975703657,0.0023497331062571902,0.0002234000712633133,0.11414047796279192,0.04420086312302374,0.004003709997050464,0.05405334895476699,0.00877225603289844,0,0,0,0,1,0.80078125,0,205
173,103056.399556624,1788957145.8390014,0.83203125,4.7704895589362195e-18,870.9395816326141,32,0,0.15910479426383972,1e-06,8.521601557731628e-07,6922365113.0,4.656612873077393e-10,0.05859375,2048,2048,613.32421875,862.8046875,35,35,4096,4096,4096,1.0400591810466722,0,0,65525882888.0,1.1061904489761218,85.44689058000222,13.543420220958069,0.5714285714285714,-1,0.2004459314343183,0,0,1,0,0,0,0,1.0000001192092896,0.012333800084888935,0.0018972886286974244,0.0001658200053498149,0.1627382970182225,0.03908627589726166,0.005077839945442975,0.03294209006708115,0.007932964409519627,0,0,0,0,1,0.83203125,0,213
174,103838.949544426,1788957985.4202955,0.87109375,1.734723475976807e-18,820.5987675189972,32,0,0.12137948721647263,1e-06,8.754432201385498e-07,6923675327.0,-1.6298145055770874e-09,0.0625,1939,2048,580.0390625,789.26953125,35,35,4096,4096,4096,1.0638460899936035,0,0,65525882888.0,4.914783247979358,82.3997614539694,13.837396549992263,0.7142857142857143,-0.8571428571428571,0.2272843225242474,0,0,1,0,0,0,0,0.9999998807907104,0.017726610065437853,0.002316470163350459,0.000197670073248446,0.10608695796690881,0.04245160673281134,0.009184930007904768,0.026494838995859027,0.007872596513607277,0.0005387100391089916,0,0,0,1,0.87109375,0,223
175,104671.741712933,1788958767.7504764,0.92578125,3.903127820947816e-18,763.149619102478,32,0,0.11705569177865982,1e-06,9.5367431640625e-07,6923491672.0,-6.984919309616089e-10,0.02734375,1939,2048,504.1640625,700.8046875,43,43,4096,4096,4096,1.0343184820376337,0,0,65525882888.0,1.1059221100294963,78.01739329099655,13.291565670981072,0.7142857142857143,-1,0.1803483024707514,0,0,1,0,0,0,0,1.0000001192092896,0.01513522898312658,0.0022400971993192798,0.00024757999926805496,0.22663453500717878,0.051040934890806966,0.007911579916253686,0.04308677895460278,0.007197775420991093,0.0006638300837948918,0,0,0,1,0.92578125,0,237
176,105549.488670022,1788959600.5311317,0.90234375,4.336808689942018e-18,814.6090960502625,24,0,0.06665893644094467,1e-06,9.5367431640625e-07,6921418998.0,9.313225746154785e-10,0.0546875,2048,2048,546.34765625,720.64453125,37,37,4096,4096,4096,1.0394496069056913,0,0,65525882888.0,1.1043565060244873,78.82656549697276,13.603930159006268,1,-1,0.18385053823191072,0,0,1,0,0,0,0,0.9999998807907104,0.022010140004567802,0.0023022197565296665,0.00021435099188238382,0.1644509070320055,0.04347579826071524,0.004483700031414628,0.02857615996617824,0.007261620765802945,0,0,0,0,1,0.90234375,0,231
177,106335.834078597,1788960478.507331,0.81640625,1.734723475976807e-18,858.8205122947693,24,0,0.12074070423841476,1e-06,9.5367431640625e-07,6922652435.0,6.984919309616089e-10,0.05859375,2048,2048,645.86328125,915.40234375,37,37,4096,4096,4096,1.0246921099023893,0,0,65525882888.0,1.0928741679526865,88.42599713604432,12.925035793101415,1,-1,0.24353895887474744,0,0,1,0,0,0,0,0.9999998807907104,0.010861019953154027,0.0021632440834764566,0.00018589000683277845,0.18408707599155605,0.05386127601332191,0.005961859948001802,0.03428559086751193,0.00910104585273075,0,0,0,0,1,0.81640625,0,209
178,107191.205868283,1788961264.9163985,0.86328125,4.336808689942018e-19,767.1976892948151,8,0,0.09318284690380096,1e-06,8.922070264816284e-07,6921160942.0,-6.984919309616089e-10,0.01171875,1787,2048,474.49609375,665.16796875,33,33,4096,4096,4096,1.0421834900043905,0,0,65525882888.0,1.10349727794528,76.54275141004473,13.74213139899075,0.4285714285714286,-0.7142857142857143,0.09780759955449396,0,0,1,0,0,0,0,0.9999998807907104,0.009418379981070757,0.0020243376484359032,0.00016789999790489674,0.16273631597869098,0.04061031856963382,0.008632240002043545,0.027828398859128356,0.007373084559731069,0.0005976690445095301,0,0,0,1,0.86328125,0,221
179,108120.384764449,1788962119.9261007,0.84765625,1.3010426069826053e-18,836.1399040222168,24,0,0.08335854858160019,1e-06,8.996576070785522e-07,6920454344.0,-9.313225746154785e-10,0.0546875,2048,2048,538.30859375,739.4765625,37,37,4096,4096,4096,1.0697988379979506,0,0,65525882888.0,1.1397429070202634,79.28369571000803,13.354932209011167,1,-1,0.1767766952966369,0,0,1,0,0,0,0,0.9999996423721313,0.007791269919835031,0.0017646909354880336,0.00020424998365342617,0.11144027800764889,0.04201497386884512,0.00726417894475162,0.0265399789204821,0.006474645682374103,0,0,0,0,1,0.84765625,0,217
180,109010.460208784,1788963049.3478863,0.83203125,2.6020852139652106e-18,910.5617916584015,32,0,0.13072840869426727,1e-06,8.777715265750885e-07,6922177453.0,1.1641532182693481e-09,0.0859375,2048,2048,683.14453125,965.046875,44,44,4096,4096,4096,1.0293793600285426,0,0,65525882888.0,1.0913974579889327,90.47435585898347,13.332505348953418,0.5714285714285714,-1,0.2487212192354307,0,0,1,0,0,0,0,0.9999996423721313,0.010685649933293462,0.00210012070783705,0.0002229000674560666,0.12140579801052809,0.04286018036873429,0.00580893992446363,0.02893099992070347,0.0077304728088165575,0,0,0,0,1,0.83203125,0,213
181,109791.451803896,1788963939.3798451,0.8046875,2.6020852139652106e-18,871.0393335819244,24,0,0.06513504683971405,1e-06,9.5367431640625e-07,6920534250.0,0,0.06640625,2048,2048,611.95703125,854.0078125,67,67,4096,4096,4096,1.0405689089093357,0,0,65525882888.0,1.1041780080413446,86.25279078597669,13.468905334011652,0.7142857142857143,-1,0.1675148485651225,0,0,1,0,0,0,0,0.9999998211860657,0.011583309969864786,0.002274556993143051,0.00021813996136188507,0.12895784701686352,0.042179113730981044,0.004206060082651675,0.026023647049441934,0.007532819116477185,0,0,0,0,1,0.8046875,0,206
182,110635.121948866,1788964720.3140376,0.9140625,1.734723475976807e-18,761.884259223938,16,0,0.04833252727985382,1e-06,8.66129994392395e-07,6918290759.0,0,0.046875,2048,2048,443.0859375,604.76953125,36,36,4096,4096,4096,1.0504228699719533,0,0,65525882888.0,1.1141807480016723,73.56031967897434,13.508955923025496,0.7142857142857143,-1,0.11845088536983571,0,0,1,0,0,0,0,0.9999998211860657,0.013757979031652212,0.002090856885388348,0.00021780002862215042,0.1664162059314549,0.043824977058193326,0.0067809890024363995,0.021877428982406855,0.005726421891267819,0,0,0,0,1,0.9140625,0,234
183,111447.528324389,1788965564.1292486,0.8515625,6.938893903907228e-18,825.1414699554443,32,0,0.13868765532970428,1e-06,8.940696716308594e-07,6920824361.0,-2.561137080192566e-09,0.03515625,2048,2048,535.6640625,765.26171875,36,36,4096,4096,4096,4.953055363963358,0,0,65525882888.0,5.017337932018563,81.97324773401488,13.670224854024127,0.7142857142857143,-1,0.20516295166207246,0,0,1,0,0,0,0,0.9999997615814209,0.009752329904586077,0.0019468648879410466,0.0002375299809500575,0.1556943169562146,0.04411734835230163,0.007158780004829168,0.03966430900618434,0.006929373989805754,0,0,0,0,1,0.8515625,0,218
184,112226.299879767,1788966376.4177227,0.875,0,793.6689841747284,24,0,0.10322663933038712,1e-06,8.754432201385498e-07,6921717046.0,-2.7939677238464355e-09,0.046875,2048,2048,538.15234375,711.67578125,37,37,4096,4096,4096,1.0245349399046972,0,0,65525882888.0,1.0881972089409828,77.90704918198753,13.151555164018646,0.2857142857142857,-0.8571428571428571,0.17496355305594127,0,0,1,0,0,0,0,0.9999997615814209,0.013439609901979566,0.0023319578826885845,0.00018404994625598192,0.2000637260498479,0.044281345613399026,0.002736050053499639,0.03656863991636783,0.007407450946175231,0,0,0,0,1,0.875,0,224
185,113043.518051661,1788967155.2507043,0.91015625,8.673617379884035e-19,760.2316884994507,32,0,0.14812494814395905,1e-06,9.5367431640625e-07,6925947288.0,6.984919309616089e-10,0.03515625,2048,2048,500.76171875,667.609375,80,80,4096,4096,4096,1.0593125389423221,0,0,65525882888.0,1.1206959680421278,76.86866680299863,13.183850742992945,0.5714285714285714,-0.8571428571428571,0.21279241585380332,0,0,1,0,0,0,0,0.9999998211860657,0.010309470002539456,0.002128618684309913,0.00020172004587948322,0.18161388603039086,0.045440752665399486,0.004481949959881604,0.025985399959608912,0.006986665368458489,0,0,0,0,1,0.91015625,0,233
186,113913.637266331,1788967972.5791056,0.83984375,4.336808689942018e-19,798.5846662521362,16,0,0.08042401820421219,1e-06,9.5367431640625e-07,6924409949.0,-1.3969838619232178e-09,0.03515625,1874,2048,517.234375,711.0078125,36,36,4096,4096,4096,1.0232288199476898,0,0,65525882888.0,1.0852285380242392,78.11889033194166,13.248757962021045,0.5714285714285714,-1,0.15771001547014013,0,0,1,0,0,0,0,1.0000003576278687,0.009788219933398068,0.00227957546030666,0.00018082000315189362,0.1906883860938251,0.043808122407881456,0.007112510036677122,0.04373377899173647,0.007657246167127596,0.0004634999204427004,0,0,0,1,0.83984375,0,215
187,114805.063097668,1788968842.6385806,0.83984375,2.168404344971009e-18,851.5996010303497,16,0,0.06412586569786072,1e-06,8.977949619293213e-07,6923079118.0,-2.3283064365386963e-10,0.06640625,1874,2048,530.30859375,723.296875,36,36,4096,4096,4096,0.9971662480384111,0,0,65525882888.0,1.0742173170438036,78.57915117009543,13.162379571935162,1,-1,0.11572751247156894,0,0,1,0,0,0,0,0.9999998211860657,0.010354780009947717,0.0018612592357385438,0.00021037005353718996,0.13781289802864194,0.04594927900507173,0.003952889936044812,0.03288729896303266,0.006114146508025442,0.0004532700404524803,0,0,0,1,0.83984375,0,215
188,115665.915215424,1788969733.9374783,0.87890625,5.204170427930421e-18,872.6869194507599,24,0,0.10520758479833603,1e-06,9.229406714439392e-07,6924132034.0,1.1641532182693481e-09,0.1015625,2048,2048,604.03515625,831.46484375,54,54,4096,4096,4096,5.094595245085657,0,0,65525882888.0,5.157498574000783,83.4272248330526,12.93461922800634,1,-1,0.2461437277158968,0,0,1,0,0,0,0,0.9999998807907104,0.011818949016742408,0.0021971625237711123,0.0001915500033646822,0.14258356706704944,0.03711666352501197,0.004224500036798418,0.033779339981265366,0.0075582526178550324,0,0,0,0,1,0.87890625,0,225
189,116526.621059238,1788970594.7516499,0.84765625,2.6020852139652106e-18,841.8702735900879,32,0,0.10874664038419724,1e-06,9.5367431640625e-07,6925360701.0,-2.3283064365386963e-10,0.02734375,1787,2048,604.59765625,839.8046875,37,37,4096,4096,4096,1.0550988890463486,0,0,65525882888.0,5.076130950008519,84.17743501998484,13.227530127973296,0.5714285714285714,-1,0.2244608051781524,0,0,1,0,0,0,0,0.9999997615814209,0.011823549983091652,0.002025966714882088,0.00022994994651526213,0.12712454795837402,0.038669951783504075,0.004664289997890592,0.032316347933374345,0.006930071284841688,0.0005358699709177017,0,0,0,1,0.84765625,0,217
190,117383.005752345,1788971455.538297,0.83203125,4.7704895589362195e-18,842.4865036010742,32,0,0.12620891630649567,1e-06,9.5367431640625e-07,6926921847.0,1.3969838619232178e-09,0.046875,1883,2048,600.78515625,815.78515625,34,34,4096,4096,4096,1.0375727399950847,0,0,65525882888.0,4.987706321058795,82.42004351899959,13.648903647903353,0.8571428571428572,-1,0.2244608051781524,0,0,1,0,0,0,0,0.9999998211860657,0.011586730019189417,0.0017592818448974867,0.00020881998352706432,0.1636960869655013,0.043203838971749065,0.006381510058417916,0.02611994999460876,0.0068115292151560425,0.0004702099831774831,0,0,0,1,0.83203125,0,213
191,118245.210702606,1788972311.9432778,0.83984375,4.336808689942018e-18,837.5748515129089,32,0,0.17013071477413177,1e-06,9.5367431640625e-07,6930773748.0,3.725290298461914e-09,0.0390625,1841,2048,645.73828125,925.02734375,37,37,4096,4096,4096,1.0847783379722387,0,0,65525882888.0,1.1521955779753625,88.30868260597344,12.823509805020876,1,-1,0.24614372771589682,0,0,1,0,0,0,0,0.9999997019767761,0.014032720006071031,0.0022200853845788515,0.00021482992451637983,0.14101943699643016,0.04110880658936367,0.008893880061805248,0.04902247106656432,0.009426763350802503,0.00048100005369633436,0,0,0,1,0.83984375,0,215
192,119085.477216205,1788973174.24775,0.88671875,7.37257477290143e-18,843.5822131633759,32,0,0.10604915767908096,1e-06,9.5367431640625e-07,6930809583.0,0,0.05859375,2048,2048,579.421875,778.546875,42,42,4096,4096,4096,1.0052390699274838,0,0,65525882888.0,4.720730516011827,81.73138622695114,13.468336993013509,0.7142857142857143,-1,0.20360275448198895,0,0,1,0,0,0,0,1,0.020605879020877182,0.0017595694212104718,0.00019697996322065592,0.14138455700594932,0.044790268270844535,0.006280519999563694,0.026909689884632826,0.0065244027673543314,0,0,0,0,1,0.88671875,0,227
193,119874.140323576,1788974014.415635,0.8671875,3.469446951953614e-18,821.7639739513397,32,0,0.11873526871204376,1e-06,9.741634130477905e-07,6930927071.0,1.862645149230957e-09,0.0390625,1576,2048,533.94921875,744.41796875,25,25,4096,4096,4096,1.0118841379880905,0,0,65525882888.0,1.08026774704922,79.85936311702244,13.027210791013204,1,-1,0.22587697572631282,0,0,1,0,0,0,0,0.9999995827674866,0.010299868998117745,0.0018508678645048349,0.00016682990826666355,0.09775376797188073,0.03722729451283158,0.006294238963164389,0.032549689058214426,0.0067215192989351635,0.0005593099631369114,0,0,0,1,0.8671875,0,222
194,120698.904268227,1788974802.9581895,0.91796875,1.3010426069826053e-18,770.4218530654907,8,0,0.05450314283370972,1e-06,9.5367431640625e-07,6929073235.0,-4.656612873077393e-10,0.015625,1778,2048,471.1171875,688.07421875,25,25,4096,4096,4096,0.9944759500212967,0,0,65525882888.0,1.0558980189962313,76.95637915900443,12.986605634912848,0.5714285714285714,-1,0.12111303541295121,0,0,1,0,0,0,0,0.9999998807907104,0.01579089998267591,0.0019250340556027368,0.0001886710524559021,0.15872657706495374,0.041431322368225665,0.0027279399801045656,0.02582210989203304,0.006926775882675429,0.0005563499871641397,0,0,0,1,0.91796875,0,235
195,121526.854323838,1788975627.8380265,0.80859375,2.168404344971009e-18,806.3636338710785,16,0,0.10343992710113525,1e-06,9.5367431640625e-07,6928636007.0,9.313225746154785e-10,0.0234375,1778,2048,510.97265625,709.78515625,25,25,4096,4096,4096,1.0364832290215418,0,0,65525882888.0,1.1071893780026585,77.81793687993195,12.920015889103524,0.7142857142857143,-1,0.15361295119718976,0,0,1,0,0,0,0,1.0000001192092896,0.011129030026495457,0.0021137580929462274,0.00019898999016731977,0.11331311799585819,0.036831237386195426,0.004323699977248907,0.028739670175127685,0.007727451661139639,0.00044979003723710775,0,0,0,1,0.80859375,0,207
196,122187.086805672,1788976455.8122125,0.890625,0,807.9347581863403,24,0,0.17345519363880157,1e-06,9.75094735622406e-07,6930824078.0,1.6298145055770874e-09,0.0234375,1811,2048,519.49609375,780.703125,37,37,4096,4096,4096,1.3568652929970995,0,0,65525882888.0,1.4232468008995056,81.64826049900148,13.092355615925044,0.4285714285714286,-0.8571428571428571,0.20516295166207243,0,0,1,0,0,0,0,1.0000001192092896,0.00954092899337411,0.002030168068358762,0.00017742998898029327,0.1259971170220524,0.0406136140286435,0.005689769983291626,0.038296177983284,0.007811924048837682,0.0006664200918748975,0,0,0,1,0.890625,0,228
197,123011.336788997,1788977115.8681242,0.9921875,0,637.4261155128479,8,0,0.046526145190000534,1e-06,9.676441550254822e-07,6929101995.0,-1.3969838619232178e-09,0.0078125,1849,2048,363.5859375,480.78125,36,36,4096,4096,4096,1.0038266699993983,0,0,65525882888.0,1.068677608971484,67.26531161402818,14.04436804400757,0.2857142857142857,-0.8571428571428571,0.08748177652797064,0,0,1,0,0,0,0,1,0.008743408950977027,0.0018470177005838195,0.00019153999164700508,0.2357165259309113,0.04678981366032531,0.0027947399066761136,0.030085449921898544,0.005422165562322334,0.0006041299784556031,0,0,0,1,0.9921875,0,254
198,123726.649125349,1788977939.7743213,0.86328125,1.734723475976807e-18,805.8214445114136,24,0,0.2173621952533722,1e-06,9.5367431640625e-07,6933698968.0,-1.3969838619232178e-09,0.04296875,1772,2048,557.00390625,781.91015625,38,38,4096,4096,4096,1.0854874689830467,0,0,65525882888.0,1.1555256769061089,81.48516018805094,16.880183152039535,0.5714285714285714,-1,0.1939782230571467,0,0,1,0,0,0,0,1,0.011049340013414621,0.0021493269105121726,0.0001896499888971448,0.2106366460211575,0.043222684058036975,0.005957809975370765,0.038376498967409134,0.008707508232873806,0.0005640710005536675,0,0,0,1,0.86328125,0,221
199,124519.414030622,1788978655.5051672,0.92578125,3.903127820947816e-18,697.6826171875,16,0,0.07053863257169724,1e-06,9.5367431640625e-07,6932080733.0,0,0.00390625,1557,2048,465.421875,643.25,36,36,4096,4096,4096,1.0450751991011202,0,0,65525882888.0,1.1066647280240431,75.26969176100101,12.929779060999863,0.1428571428571429,-1,0.11572751247156894,0,0,1,0,0,0,0,0.9999999403953552,0.009624019963666797,0.0018363469926043763,0.000181450042873621,0.132140667992644,0.03683624303948818,0.009030850022099912,0.028916229959577322,0.00747811880091831,0.0006194700254127383,0,0,0,1,0.92578125,0,237
200,125267.122981972,1788979448.429924,0.890625,0,771.2539372444153,32,0,0.1797351837158203,1e-06,9.5367431640625e-07,6933646639.0,1.6298145055770874e-09,0.01171875,1830,2048,536.46875,804.5625,37,37,4096,4096,4096,5.959690710064024,0,0,65525882888.0,6.032510317978449,85.17010551493149,12.679668696015142,0.4285714285714286,-1,0.20824828195876072,0,0,1,0,0,0,0,0.9999999403953552,0.009858459932729602,0.0023209132973533997,0.00017169001512229443,0.17258778598625213,0.04502435741096633,0.008449109038338065,0.035550868953578174,0.009134909936619806,0.0006759000243619084,0,0,0,1,0.890625,0,228
201,126031.304970322,1788980196.0477364,0.89453125,3.0357660829594124e-18,726.429417848587,24,0,0.17187614738941193,1e-06,9.5367431640625e-07,6933803453.0,-9.313225746154785e-10,0.015625,1787,2048,477.20703125,656.3984375,37,37,4096,4096,4096,1.3546902729431167,0,0,65525882888.0,1.4233538310509175,76.56850560894236,16.248921563033946,0.7142857142857143,-1,0.1767766952966369,0,0,1,0,0,0,0,0.9999996423721313,0.04204291896894574,0.002934091989573062,0.00019954901654273272,0.18104041588958353,0.050623952451587684,0.006976378965191543,0.03603353910148144,0.009153391139079758,0.0004515000618994236,0,0,0,1,0.89453125,0,229
202,126760.947017909,1788980960.2915957,0.8671875,2.6020852139652106e-18,744.9737844467163,16,0,0.11045990139245987,1e-06,9.5367431640625e-07,6933782632.0,-4.656612873077393e-10,0.0078125,2003,2048,438.54296875,614.78125,25,25,4096,4096,4096,1.0205897400155663,0,0,65525882888.0,1.0853328179800883,74.68178475694731,14.47247533092741,0.1428571428571429,-1,0.09449111825230681,0,0,1,0,0,0,0,1.000000238418579,0.030930098961107433,0.002353240598040429,0.00023772998247295618,0.16443380701821297,0.04895802582450415,0.007450159988366067,0.036613898002542555,0.00815912463440327,0.0005416299682110548,0,0,0,1,0.8671875,0,222
203,127516.935904595,1788981689.9848027,0.89453125,4.336808689942018e-19,710.9712512493134,8,0,0.0684187263250351,1e-06,9.5367431640625e-07,6932283414.0,2.3283064365386963e-10,0.00390625,1531,2048,435.1015625,645.7109375,59,59,4096,4096,4096,1.0035533999325708,0,0,65525882888.0,1.067028759047389,76.04024529107846,13.29221555404365,0.4285714285714286,-0.7142857142857143,0.09780759955449396,0,0,1,0,0,0,0,1.0000001192092896,0.0098745699506253,0.0020427989024938142,0.00020246999338269234,0.12102834705729038,0.04436518920738308,0.010287630022503436,0.03941240918356925,0.007109451658834587,0.00043649005237966776,0,0,0,1,0.89453125,0,229
204,128282.64267526,1788982445.7631304,0.8828125,1.734723475976807e-18,737.7405083179474,16,0,0.17398761212825775,1e-06,9.5367431640625e-07,6933249604.0,0,0.015625,1874,2048,457.828125,647.23046875,25,25,4096,4096,4096,1.0515356590040028,0,0,65525882888.0,1.1163704169448465,75.04967777407728,13.176150036975741,0.2857142857142857,-1,0.15567496226930977,0,0,1,0,0,0,0,1.0000001192092896,0.010352279990911484,0.001938730275924172,0.0002039099344983697,0.19787069607991725,0.04948299132047396,0.0030995799461379647,0.028670878964476287,0.006945806946987432,0.0004996299976482987,0,0,0,1,0.8828125,0,226
205,129095.769825017,1788983211.6181707,0.91015625,1.3010426069826053e-18,747.5769045352936,24,0,0.11673752218484879,1e-06,9.704381227493286e-07,6932383437.0,6.984919309616089e-10,0.01953125,2048,2048,438.1796875,602.84375,37,37,4096,4096,4096,1.015179469017312,0,0,65525882888.0,1.0791435580467805,72.99182243098039,12.54479341802653,0.5714285714285714,-1,0.1494035761667992,0,0,1,0,0,0,0,1,0.010759619995951653,0.0021429738540064136,0.00020472996402531862,0.13920919701922685,0.04015014647029602,0.00440756999887526,0.027487150044180453,0.006551190343543567,0,0,0,0,1,0.91015625,0,233
206,129920.882335247,1788984024.776269,0.828125,0,794.3974225521088,16,0,0.1397213190793991,1e-06,9.5367431640625e-07,6932562321.0,1.1641532182693481e-09,0.01953125,1643,2048,547.97265625,852.16015625,37,37,4096,4096,4096,1.0337663079844788,0,0,65525882888.0,1.0946520880097523,85.50751911103725,12.625228186952882,1,-0.8571428571428571,0.14725377234348788,0,0,1,0,0,0,0,0.9999998211860657,0.03218174900393933,0.002495771509984479,0.00022981001529842615,0.12098751694429666,0.04210464468314967,0.005368968937546015,0.03504063002765179,0.010375003131684934,0.0006396999815478921,0,0,0,1,0.828125,0,212
207,130652.016035764,1788984849.711815,0.80859375,3.469446951953614e-18,806.8122985363007,24,0,0.3385906517505646,1e-06,9.5367431640625e-07,6936823204.0,-6.984919309616089e-10,0.0078125,1778,2048,543.08984375,818.5390625,38,38,4096,4096,4096,4.732664332026616,0,0,65525882888.0,4.793865879997611,83.07350766891614,13.257705094991252,0.8571428571428572,-1,0.14060728346449664,0,0,1,0,0,0,0,0.9999999403953552,0.018662309972569346,0.0021593678779936454,0.00017280993051826954,0.11556188703980297,0.039153832675310696,0.004828870063647628,0.038802998955361545,0.009769358077846846,0.000632439972832799,0,0,0,1,0.80859375,0,207
208,131391.57893264,1788985581.0297706,0.9296875,2.6020852139652106e-18,713.3344810009003,8,0,0.0900266170501709,1e-06,9.5367431640625e-07,6935648293.0,-1.1641532182693481e-09,0,1586,2022,476.37109375,699.39453125,64,64,4096,4096,4096,0.9982511400012299,0,0,65525882888.0,1.0586031980346888,77.87446698197164,12.576745138969272,0.1428571428571429,-1,0.09449111825230681,0,0,1,0,0,0,0,0.9999999403953552,0.012026709970086813,0.002244237501599855,0.00017866003327071667,0.12877965799998492,0.04617827053925794,0.004824870033189654,0.03259484900627285,0.008702384820480802,0.0004626290174201131,0,0,0,1,0.9296875,0,238
209,132193.372693596,1788986320.5630322,0.88671875,-1.734723475976807e-18,720.7404029369354,16,0,0.1529681533575058,1e-06,9.797513484954834e-07,6935986529.0,4.656612873077393e-10,0.0078125,1643,2048,421,587.73046875,51,51,4096,4096,4096,1.0436750890221447,0,0,65525882888.0,1.1037341179326177,73.25394831900485,12.675416176090948,1,-0.8571428571428571,0.1494035761667992,0,0,1,0,0,0,0,1,0.01028970000334084,0.0021525187985389493,0.0002187300706282258,0.16583261697087437,0.04194572733649693,0.0062298900447785854,0.037764239008538425,0.006218793593689043,0.0004959309007972479,0,0,0,1,0.88671875,0,227
210,132970.628178568,1788987122.329648,0.90234375,3.0357660829594124e-18,782.6481747627258,24,0,0.09341328591108322,1e-06,9.685754776000977e-07,6934889498.0,0,0.01953125,1455,2048,512.1015625,763.375,37,37,4096,4096,4096,1.0303141990443692,0,0,65525882888.0,1.0909082780126482,81.1666976721026,13.39801489294041,1,-1,0.11572751247156894,0,0,1,0,0,0,0,1.000000238418579,0.009649090003222227,0.0021923152703493543,0.00021988991647958755,0.20408374501857907,0.046710408537364856,0.005537550081498921,0.03166155004873872,0.008138711556057387,0.0006309900199994445,0,0,0,1,0.90234375,0,231
211,133753.030789785,1788987899.564877,0.875,8.673617379884035e-19,758.5913672447205,16,0,0.13440081477165222,1e-06,9.5367431640625e-07,6934667791.0,9.313225746154785e-10,0.0390625,1451,2048,494.73828125,724.3984375,38,38,4096,4096,4096,1.0359000290045515,0,0,65525882888.0,1.0978759480640292,79.24727303499822,13.709198596072383,1,-1,0.15567496226930977,0,0,1,0,0,0,0,1.0000001192092896,0.01246317895129323,0.0022833950615677168,0.00019029993563890457,0.17320602701511234,0.041565994236862025,0.006813899963162839,0.0328326279995963,0.0088735605409056,0.0006117300363257527,0,0,0,1,0.875,0,224
212,134650.936875563,1788988681.9563305,0.8359375,4.336808689942018e-18,764.5263648033142,24,0,0.22609291970729828,1e-06,9.723007678985596e-07,6936558698.0,2.561137080192566e-09,0.01171875,1883,2048,499.1171875,693.36328125,35,35,4096,4096,4096,0.9817150110611692,0,0,65525882888.0,1.0441998189780861,77.09818590106443,13.042133420007303,0.8571428571428572,-1,0.22587697572631282,0,0,1,0,0,0,0,0.9999997019767761,0.02457299001980573,0.0019296190971545002,0.00019916996825486422,0.09150713798590004,0.037053836453651456,0.007986970013007522,0.03621214907616377,0.006887412503147061,0.0005930599290877581,0,0,0,1,0.8359375,0,214
213,135433.394600752,1788989579.8935747,0.8125,2.6020852139652106e-18,879.6731221675873,32,0,0.21816889941692352,1e-06,9.834766387939453e-07,6937628981.0,-2.561137080192566e-09,0.046875,1841,2048,669.85546875,944.82421875,37,37,4096,4096,4096,1.0244598699500784,0,0,65525882888.0,1.0858619679929689,89.27307299000677,12.53458589001093,1,-0.8571428571428571,0.2286830084797446,0,0,1,0,0,0,0,1,0.012790970038622618,0.002320946031886706,0.00020052003674209118,0.18421656696591526,0.04877851666742572,0.006070879986509681,0.03821721894200891,0.010438743743179657,0.0005473099881783128,0,0,0,1,0.8125,0,208
214,136234.253248102,1788990362.1806912,0.92578125,1.734723475976807e-18,764.0147638320923,16,0,0.13688065111637115,1e-06,9.862706065177917e-07,6936510881.0,4.656612873077393e-10,0.015625,1643,2048,513.1171875,729.6328125,29,29,4096,4096,4096,0.9865228399867192,0,0,65525882888.0,1.049452209030278,78.75287584599573,12.8830473839771,0.7142857142857143,-0.8571428571428571,0.16560033027670898,0,0,1,0,0,0,0,1,0.011669469065964222,0.002165675663491129,0.00017599004786461592,0.1704672259511426,0.04467040460076532,0.0063849290600046515,0.031257659080438316,0.008171873331775714,0.0007050000131130219,0,0,0,1,0.92578125,0,237
215,137001.201228812,1788991163.1941786,0.86328125,1.734723475976807e-18,783.4629209041595,24,0,0.19311966001987457,1e-06,9.925715858116746e-07,6937057757.0,-4.656612873077393e-10,0.01171875,1620,2048,492.2265625,736.76953125,37,37,4096,4096,4096,1.0037798199336976,0,0,65525882888.0,1.0799752289894968,79.58959972707089,12.917909680050798,1,-1,0.16940773179473462,0,0,1,0,0,0,0,1,0.009025649982504547,0.0017863098182715476,0.00022096000611782074,0.18680280598346144,0.042153677067744866,0.005370920058339834,0.026354939094744623,0.007372462642251776,0.0005786500405520201,0,0,0,1,0.86328125,0,221
