{"train/tflops":0.4077088892591568,"/jax/core/compile/backend_compile_duration":1.7569839641097796e+09,"train/perplexity":0.8754360675811768,"_timestamp":1.7569841556613698e+09,"train/completions/max_length":288,"/jax/core/compile/jaxpr_to_mlir_module_duration":1.7569839641019337e+09,"/jax/core/compile/jaxpr_trace_duration":1.7569839641006856e+09,"train/loss":-0.13303281366825104,"_wandb":{"runtime":2},"_step":8,"train/completions/min_length":68,"train/rewards/match_format_exactly":1.125,"train/completions/mean_length":130.25,"train/rewards/check_answer":0.625,"train/rewards/match_format_approximately":1.5,"train/kl":1.8432459910400212e-05,"train/rewards/overall":4.1875,"train/rewards/check_numbers":0.9375,"_runtime":2.023483895}