ts,n,t,reqs,prefill_reqs,sched_tok,pad_tok,pad_reqs,pad_per_rank,mixed,gap_ms,exec_ms,sample_ms,sync_ms,cd_steps,cd_max,cd_eos,gen_tok
2026-09-15T22:19:54.470723555Z,1.0,23.202,0.0,1.0,256.0,2048.0,8.0,256.0,0.0,0.0,12445.77,10646.61,0.26,0.0,0.0,0.0,0.0
2026-09-15T22:19:54.583376112Z,2.0,23.315,1.0,8.0,2048.0,2048.0,8.0,256.0,0.0,0.0,25.39,15.34,1.2,0.0,0.0,0.0,0.0
2026-09-15T22:19:54.711453289Z,3.0,23.443,8.0,8.0,2048.0,2048.0,8.0,256.0,0.0,9.15,6.99,94.97,1.04,0.0,0.0,0.0,0.0
2026-09-15T22:19:54.840051976Z,4.0,23.571,8.0,8.0,2048.0,2048.0,8.0,256.0,0.0,9.04,7.58,109.68,2.19,0.0,0.0,0.0,0.0
2026-09-15T22:19:54.967644043Z,5.0,23.699,8.0,8.0,2048.0,2048.0,8.0,256.0,0.0,13.75,7.7,104.36,0.41,0.0,0.0,0.0,0.0
2026-09-15T22:19:55.096522950Z,6.0,23.828,8.0,8.0,2048.0,2048.0,8.0,256.0,0.0,8.67,5.76,111.99,0.65,0.0,0.0,0.0,0.0
2026-09-15T22:19:56.807688801Z,7.0,25.539,8.0,8.0,2048.0,2048.0,8.0,256.0,0.0,11.73,8.07,107.76,0.25,0.0,0.0,0.0,0.0
2026-09-15T22:19:56.860004580Z,8.0,25.591,8.0,9.0,2048.0,2048.0,16.0,256.0,0.0,10.29,405.16,1294.81,0.16,0.0,0.0,0.0,1.0
2026-09-15T22:19:56.984888997Z,9.0,25.716,9.0,15.0,2048.0,2048.0,16.0,256.0,0.0,9.59,35.14,6.65,1.54,0.0,0.0,0.0,8.0
2026-09-15T22:19:57.113076034Z,10.0,25.844,16.0,8.0,2048.0,2048.0,16.0,256.0,0.0,3.79,8.84,110.04,0.43,0.0,0.0,0.0,8.0
2026-09-15T22:19:57.241423812Z,11.0,25.973,16.0,8.0,2048.0,2048.0,16.0,256.0,0.0,4.28,7.55,115.37,0.76,0.0,0.0,0.0,8.0
2026-09-15T22:19:57.369573659Z,12.0,26.101,16.0,8.0,2048.0,2048.0,16.0,256.0,0.0,4.32,9.23,113.22,1.4,0.0,0.0,0.0,8.0
2026-09-15T22:19:57.498547786Z,13.0,26.23,16.0,8.0,2048.0,2048.0,16.0,256.0,0.0,4.43,7.4,114.27,1.64,0.0,0.0,0.0,8.0
2026-09-15T22:19:58.994501362Z,14.0,27.726,16.0,8.0,2048.0,2048.0,16.0,256.0,0.0,4.45,7.28,115.01,0.24,0.0,0.0,0.0,8.0
2026-09-15T22:19:59.038243500Z,15.0,27.77,16.0,9.0,2048.0,2048.0,32.0,256.0,0.0,4.92,410.48,1079.55,0.18,0.0,0.0,0.0,9.0
2026-09-15T22:19:59.163810958Z,16.0,27.895,17.0,15.0,2048.0,2048.0,32.0,256.0,0.0,5.82,30.67,6.41,1.15,0.0,0.0,0.0,16.0
2026-09-15T22:19:59.291906385Z,17.0,28.023,24.0,8.0,2048.0,2048.0,32.0,256.0,0.0,4.12,6.62,113.03,0.42,0.0,0.0,0.0,16.0
2026-09-15T22:19:59.420486142Z,18.0,28.152,24.0,8.0,2048.0,2048.0,32.0,256.0,0.0,4.64,7.49,114.86,0.84,0.0,0.0,0.0,16.0
2026-09-15T22:19:59.548648379Z,19.0,28.28,24.0,8.0,2048.0,2048.0,32.0,256.0,0.0,4.55,8.54,113.95,1.33,0.0,0.0,0.0,16.0
2026-09-15T22:19:59.677471256Z,20.0,28.409,24.0,8.0,2048.0,2048.0,32.0,256.0,0.0,4.75,8.54,112.81,0.8,0.0,0.0,0.0,16.0
2026-09-15T22:19:59.807981363Z,21.0,28.538,24.0,8.0,2048.0,2048.0,32.0,256.0,0.0,5.38,10.11,111.86,1.8,0.0,0.0,0.0,16.0
2026-09-15T22:19:59.935101530Z,22.0,28.666,24.0,9.0,2048.0,2048.0,32.0,256.0,0.0,5.13,8.42,113.18,1.92,0.0,0.0,0.0,17.0
2026-09-15T22:20:00.064047097Z,23.0,28.795,25.0,12.0,1463.0,2048.0,32.0,256.0,0.0,6.32,12.44,106.96,1.67,0.0,0.0,0.0,24.0
2026-09-15T22:20:00.191174625Z,24.0,28.923,29.0,5.0,1289.0,2048.0,32.0,256.0,1.0,4.97,9.74,111.45,1.11,0.0,0.0,0.0,24.0
2026-09-15T22:20:00.318531351Z,25.0,29.05,29.0,5.0,1289.0,2048.0,32.0,256.0,1.0,5.53,7.59,112.33,0.97,0.0,0.0,0.0,24.0
2026-09-15T22:20:00.446924089Z,26.0,29.178,29.0,5.0,1289.0,2048.0,32.0,256.0,1.0,5.63,8.91,111.16,0.73,0.0,0.0,0.0,24.0
2026-09-15T22:20:00.575357806Z,27.0,29.307,29.0,5.0,1289.0,2048.0,32.0,256.0,1.0,5.46,7.39,114.17,1.93,0.0,0.0,0.0,24.0
2026-09-15T22:20:00.703298763Z,28.0,29.435,29.0,5.0,1289.0,2048.0,32.0,256.0,1.0,5.14,7.42,113.25,1.56,0.0,0.0,0.0,24.0
2026-09-15T22:20:00.830797870Z,29.0,29.562,29.0,5.0,1115.0,2048.0,32.0,256.0,1.0,5.1,7.86,112.59,0.58,0.0,0.0,0.0,25.0
2026-09-15T22:20:00.958360047Z,30.0,29.69,29.0,4.0,357.0,2048.0,32.0,256.0,1.0,17.16,15.46,93.71,0.68,0.0,0.0,0.0,29.0
2026-09-15T22:20:01.085481644Z,31.0,29.817,29.0,0.0,29.0,2048.0,32.0,256.0,0.0,5.0,7.56,113.66,1.18,0.0,0.0,0.0,29.0
2026-09-15T22:20:01.212896211Z,32.0,29.944,29.0,0.0,29.0,2048.0,32.0,256.0,0.0,4.91,7.94,112.41,1.24,0.0,0.0,0.0,29.0
2026-09-15T22:20:01.340214778Z,33.0,30.071,29.0,0.0,29.0,2048.0,32.0,256.0,0.0,5.1,6.99,113.45,0.74,0.0,0.0,0.0,29.0
2026-09-15T22:20:01.467564085Z,34.0,30.199,29.0,0.0,29.0,2048.0,32.0,256.0,0.0,5.34,7.23,113.17,1.76,0.0,0.0,0.0,29.0
2026-09-15T22:20:01.594303513Z,35.0,30.326,29.0,0.0,29.0,2048.0,32.0,256.0,0.0,5.83,8.89,110.34,0.93,0.0,0.0,0.0,29.0
2026-09-15T22:20:01.721724460Z,36.0,30.453,29.0,0.0,29.0,2048.0,32.0,256.0,0.0,4.73,7.52,112.89,0.67,0.0,0.0,0.0,29.0
2026-09-15T22:20:01.848533057Z,37.0,30.58,29.0,0.0,29.0,2048.0,32.0,256.0,0.0,4.63,7.11,114.28,0.69,0.0,0.0,0.0,29.0
2026-09-15T22:20:01.976403874Z,38.0,30.708,29.0,0.0,29.0,2048.0,32.0,256.0,0.0,4.8,8.12,112.57,1.01,0.0,0.0,0.0,29.0
2026-09-15T22:20:02.103097911Z,39.0,30.834,29.0,0.0,29.0,2048.0,32.0,256.0,0.0,5.32,7.02,113.98,1.6,0.0,0.0,0.0,29.0
2026-09-15T22:20:02.230240578Z,40.0,30.962,29.0,0.0,29.0,2048.0,32.0,256.0,0.0,5.45,8.6,110.43,0.31,0.0,0.0,0.0,29.0
2026-09-15T22:20:02.357453975Z,41.0,31.089,29.0,0.0,29.0,2048.0,32.0,256.0,0.0,4.88,8.7,112.52,0.83,0.0,0.0,0.0,29.0
2026-09-15T22:20:02.484823332Z,42.0,31.216,29.0,0.0,29.0,2048.0,32.0,256.0,0.0,5.05,9.23,111.25,1.67,0.0,0.0,0.0,29.0
2026-09-15T22:20:02.611930899Z,43.0,31.343,29.0,0.0,29.0,2048.0,32.0,256.0,0.0,5.57,7.64,112.0,0.67,0.0,0.0,0.0,29.0
2026-09-15T22:20:02.739263996Z,44.0,31.471,29.0,0.0,29.0,2048.0,32.0,256.0,0.0,4.85,7.15,113.78,1.48,0.0,0.0,0.0,29.0
2026-09-15T22:20:02.866314604Z,45.0,31.598,29.0,0.0,29.0,2048.0,32.0,256.0,0.0,4.83,6.99,113.28,1.66,0.0,0.0,0.0,29.0
2026-09-15T22:20:02.994037601Z,46.0,31.725,29.0,0.0,29.0,2048.0,32.0,256.0,0.0,4.87,7.02,112.87,1.36,0.0,0.0,0.0,29.0
2026-09-15T22:20:03.121153368Z,47.0,31.853,29.0,0.0,29.0,2048.0,32.0,256.0,0.0,5.56,7.4,112.69,1.07,0.0,0.0,0.0,29.0
2026-09-15T22:20:03.248346545Z,48.0,31.98,29.0,0.0,29.0,2048.0,32.0,256.0,0.0,4.98,7.57,112.92,1.09,0.0,0.0,0.0,29.0
2026-09-15T22:20:03.375728002Z,49.0,32.107,29.0,0.0,29.0,2048.0,32.0,256.0,0.0,4.79,7.09,113.6,1.61,0.0,0.0,0.0,29.0
2026-09-15T22:20:03.502740589Z,50.0,32.234,29.0,0.0,29.0,2048.0,32.0,256.0,0.0,4.82,6.8,113.56,1.88,0.0,0.0,0.0,29.0
2026-09-15T22:20:03.629868546Z,51.0,32.361,29.0,0.0,29.0,2048.0,32.0,256.0,0.0,4.79,7.68,111.98,1.35,0.0,0.0,0.0,29.0
2026-09-15T22:20:03.756847633Z,52.0,32.488,29.0,0.0,29.0,2048.0,32.0,256.0,0.0,4.64,7.31,113.37,0.68,0.0,0.0,0.0,29.0
2026-09-15T22:20:03.884394410Z,53.0,32.616,29.0,0.0,29.0,2048.0,32.0,256.0,0.0,5.09,7.87,112.75,1.4,0.0,0.0,0.0,29.0
2026-09-15T22:20:04.011650678Z,54.0,32.743,29.0,0.0,29.0,2048.0,32.0,256.0,0.0,4.59,7.87,113.01,1.45,0.0,0.0,0.0,29.0
2026-09-15T22:20:04.138625605Z,55.0,32.87,29.0,0.0,29.0,2048.0,32.0,256.0,0.0,4.7,7.32,113.22,0.86,0.0,0.0,0.0,29.0
2026-09-15T22:20:04.265636462Z,56.0,32.997,29.0,0.0,29.0,2048.0,32.0,256.0,0.0,4.68,6.77,114.13,0.84,0.0,0.0,0.0,29.0
2026-09-15T22:20:04.392908369Z,57.0,33.124,29.0,0.0,29.0,2048.0,32.0,256.0,0.0,4.8,7.02,113.75,0.84,0.0,0.0,0.0,29.0
2026-09-15T22:20:04.520432186Z,58.0,33.252,29.0,0.0,29.0,2048.0,32.0,256.0,0.0,4.89,7.42,113.35,1.5,0.0,0.0,0.0,29.0
2026-09-15T22:20:04.647595553Z,59.0,33.379,29.0,0.0,29.0,2048.0,32.0,256.0,0.0,6.26,7.88,111.33,1.44,0.0,0.0,0.0,29.0
2026-09-15T22:20:04.774532800Z,60.0,33.506,29.0,0.0,29.0,2048.0,32.0,256.0,0.0,5.72,7.34,111.94,0.84,0.0,0.0,0.0,29.0
2026-09-15T22:20:04.901826087Z,61.0,33.633,29.0,0.0,29.0,2048.0,32.0,256.0,0.0,5.19,6.82,113.48,0.87,0.0,0.0,0.0,29.0
2026-09-15T22:20:05.029120654Z,62.0,33.761,29.0,0.0,29.0,2048.0,32.0,256.0,0.0,4.8,7.08,113.96,1.64,0.0,0.0,0.0,29.0
2026-09-15T22:20:05.156387372Z,63.0,33.888,29.0,0.0,29.0,2048.0,32.0,256.0,0.0,5.8,9.12,110.14,1.42,0.0,0.0,0.0,29.0
2026-09-15T22:20:05.284489458Z,64.0,34.016,29.0,0.0,29.0,2048.0,32.0,256.0,0.0,5.23,7.84,111.99,2.18,0.0,0.0,0.0,29.0
2026-09-15T22:20:05.411316286Z,65.0,34.143,29.0,0.0,29.0,2048.0,32.0,256.0,0.0,5.3,7.89,111.95,2.27,0.0,0.0,0.0,29.0
2026-09-15T22:20:05.537721503Z,66.0,34.269,29.0,0.0,29.0,2048.0,32.0,256.0,0.0,5.52,9.92,108.45,0.52,0.0,0.0,0.0,29.0
2026-09-15T22:20:05.665607490Z,67.0,34.397,29.0,0.0,29.0,2048.0,32.0,256.0,0.0,5.18,7.29,112.87,1.74,0.0,0.0,0.0,29.0
2026-09-15T22:20:05.792523537Z,68.0,34.524,29.0,0.0,29.0,2048.0,32.0,256.0,0.0,8.03,12.68,104.67,1.14,0.0,0.0,0.0,29.0
2026-09-15T22:20:05.919624004Z,69.0,34.651,29.0,0.0,29.0,2048.0,32.0,256.0,0.0,5.21,10.28,109.6,0.76,0.0,0.0,0.0,29.0
2026-09-15T22:20:06.046843461Z,70.0,34.778,29.0,0.0,29.0,2048.0,32.0,256.0,0.0,16.07,8.05,101.59,1.03,0.0,0.0,0.0,29.0
2026-09-15T22:20:06.173928789Z,71.0,34.905,29.0,0.0,29.0,2048.0,32.0,256.0,0.0,5.47,9.34,110.72,1.19,0.0,0.0,0.0,29.0
2026-09-15T22:20:06.301154135Z,72.0,35.033,29.0,0.0,29.0,2048.0,32.0,256.0,0.0,4.57,6.92,113.72,1.69,0.0,0.0,0.0,29.0
2026-09-15T22:20:06.428510923Z,73.0,35.16,29.0,0.0,29.0,2048.0,32.0,256.0,0.0,4.64,9.06,111.14,0.81,0.0,0.0,0.0,29.0
2026-09-15T22:20:06.556521630Z,74.0,35.288,29.0,0.0,29.0,2048.0,32.0,256.0,0.0,4.61,7.66,113.49,1.07,0.0,0.0,0.0,29.0
2026-09-15T22:20:06.682853407Z,75.0,35.414,29.0,0.0,29.0,2048.0,32.0,256.0,0.0,4.67,8.84,112.55,1.74,0.0,0.0,0.0,29.0
2026-09-15T22:20:06.810396244Z,76.0,35.542,29.0,0.0,29.0,2048.0,32.0,256.0,0.0,4.53,7.05,112.48,1.13,0.0,0.0,0.0,29.0
2026-09-15T22:20:06.937288021Z,77.0,35.669,29.0,0.0,29.0,2048.0,32.0,256.0,0.0,5.62,7.65,112.45,0.96,0.0,0.0,0.0,29.0
2026-09-15T22:20:07.064227078Z,78.0,35.796,29.0,0.0,29.0,2048.0,32.0,256.0,0.0,5.05,7.59,112.46,0.72,0.0,0.0,0.0,29.0
2026-09-15T22:20:07.191794025Z,79.0,35.923,29.0,0.0,29.0,2048.0,32.0,256.0,0.0,5.5,6.77,113.33,1.24,0.0,0.0,0.0,29.0
2026-09-15T22:20:07.318325182Z,80.0,36.05,29.0,0.0,29.0,2048.0,32.0,256.0,0.0,4.93,6.82,113.99,0.46,0.0,0.0,0.0,29.0
2026-09-15T22:20:07.445969789Z,81.0,36.177,29.0,0.0,29.0,2048.0,32.0,256.0,0.0,5.03,7.41,112.95,1.68,0.0,0.0,0.0,29.0
2026-09-15T22:20:07.573049857Z,82.0,36.304,29.0,0.0,29.0,2048.0,32.0,256.0,0.0,4.6,7.36,113.46,0.88,0.0,0.0,0.0,29.0
2026-09-15T22:20:07.700012864Z,83.0,36.431,29.0,0.0,29.0,2048.0,32.0,256.0,0.0,5.07,7.6,112.89,0.57,0.0,0.0,0.0,29.0
2026-09-15T22:20:07.827532831Z,84.0,36.559,29.0,0.0,29.0,2048.0,32.0,256.0,0.0,4.88,9.83,110.88,1.26,0.0,0.0,0.0,29.0
2026-09-15T22:20:07.954267568Z,85.0,36.686,29.0,0.0,29.0,2048.0,32.0,256.0,0.0,5.13,8.35,112.11,1.02,0.0,0.0,0.0,29.0
2026-09-15T22:20:08.081826355Z,86.0,36.813,29.0,0.0,29.0,2048.0,32.0,256.0,0.0,5.23,7.52,112.3,1.76,0.0,0.0,0.0,29.0
2026-09-15T22:20:08.208508802Z,87.0,36.94,29.0,0.0,29.0,2048.0,32.0,256.0,0.0,5.07,8.33,111.88,0.7,0.0,0.0,0.0,29.0
2026-09-15T22:20:08.336167919Z,88.0,37.068,29.0,0.0,29.0,2048.0,32.0,256.0,0.0,4.6,7.68,113.0,0.63,0.0,0.0,0.0,29.0
2026-09-15T22:20:08.463447786Z,89.0,37.195,29.0,0.0,29.0,2048.0,32.0,256.0,0.0,4.8,8.7,112.88,1.12,0.0,0.0,0.0,29.0
2026-09-15T22:20:08.590699514Z,90.0,37.322,29.0,0.0,29.0,2048.0,32.0,256.0,0.0,4.8,8.74,111.94,0.94,0.0,0.0,0.0,29.0
2026-09-15T22:20:08.719498011Z,91.0,37.451,29.0,0.0,29.0,2048.0,32.0,256.0,0.0,4.87,8.81,111.89,2.94,0.0,0.0,0.0,29.0
2026-09-15T22:20:08.845400977Z,92.0,37.577,29.0,0.0,29.0,2048.0,32.0,256.0,0.0,4.56,7.36,113.24,0.86,0.0,0.0,0.0,29.0
2026-09-15T22:20:08.972517945Z,93.0,37.704,29.0,0.0,29.0,2048.0,32.0,256.0,0.0,4.82,8.21,111.33,1.01,0.0,0.0,0.0,29.0
2026-09-15T22:20:09.099884782Z,94.0,37.831,29.0,0.0,29.0,2048.0,32.0,256.0,0.0,5.33,8.32,111.8,1.37,0.0,0.0,0.0,29.0
2026-09-15T22:20:09.226572939Z,95.0,37.958,29.0,0.0,29.0,2048.0,32.0,256.0,0.0,4.71,7.72,113.07,0.88,0.0,0.0,0.0,29.0
2026-09-15T22:20:09.354888406Z,96.0,38.086,29.0,0.0,29.0,2048.0,32.0,256.0,0.0,4.64,8.19,112.18,2.6,0.0,0.0,0.0,29.0
2026-09-15T22:20:09.481815563Z,97.0,38.213,29.0,0.0,29.0,2048.0,32.0,256.0,0.0,5.91,8.61,110.37,0.49,0.0,0.0,0.0,29.0
2026-09-15T22:20:09.608291820Z,98.0,38.34,29.0,0.0,29.0,2048.0,32.0,256.0,0.0,6.63,8.82,109.14,0.62,0.0,0.0,0.0,29.0
2026-09-15T22:20:09.735117457Z,99.0,38.467,29.0,0.0,29.0,2048.0,32.0,256.0,0.0,6.43,14.34,104.69,0.72,0.0,0.0,0.0,29.0
2026-09-15T22:20:09.862442745Z,100.0,38.594,29.0,0.0,29.0,2048.0,32.0,256.0,0.0,5.1,13.8,106.56,0.81,0.0,0.0,0.0,29.0
2026-09-15T22:20:09.990493171Z,101.0,38.722,29.0,0.0,29.0,2048.0,32.0,256.0,0.0,5.65,12.44,105.67,1.11,0.0,0.0,0.0,29.0
2026-09-15T22:20:10.116860559Z,102.0,38.848,29.0,0.0,29.0,2048.0,32.0,256.0,0.0,4.93,7.44,113.96,1.71,0.0,0.0,0.0,29.0
2026-09-15T22:20:10.244170926Z,103.0,38.976,29.0,0.0,29.0,2048.0,32.0,256.0,0.0,4.86,8.24,110.27,1.2,0.0,0.0,0.0,29.0
2026-09-15T22:20:10.371085353Z,104.0,39.102,29.0,0.0,28.0,2048.0,32.0,256.0,0.0,14.1,19.17,92.14,0.78,0.0,0.0,0.0,28.0
2026-09-15T22:20:10.497977720Z,105.0,39.229,28.0,0.0,28.0,2048.0,32.0,256.0,0.0,7.79,8.08,109.38,0.92,0.0,0.0,0.0,28.0
2026-09-15T22:20:10.625729847Z,106.0,39.357,28.0,0.0,28.0,2048.0,32.0,256.0,0.0,6.87,9.57,108.92,1.6,0.0,0.0,0.0,28.0
2026-09-15T22:20:10.752698644Z,107.0,39.484,28.0,0.0,28.0,2048.0,32.0,256.0,0.0,4.61,7.89,112.99,0.31,0.0,0.0,0.0,28.0
2026-09-15T22:20:10.879747251Z,108.0,39.611,28.0,0.0,28.0,2048.0,32.0,256.0,0.0,5.52,7.78,111.75,0.92,0.0,0.0,0.0,28.0
2026-09-15T22:20:11.007482599Z,109.0,39.739,28.0,0.0,28.0,2048.0,32.0,256.0,0.0,7.65,6.88,110.88,1.73,0.0,0.0,0.0,28.0
2026-09-15T22:20:11.134171516Z,110.0,39.866,28.0,0.0,28.0,2048.0,32.0,256.0,0.0,4.54,7.09,113.59,0.59,0.0,0.0,0.0,28.0
2026-09-15T22:20:11.261958323Z,111.0,39.993,28.0,0.0,28.0,2048.0,32.0,256.0,0.0,4.74,7.12,113.58,1.43,0.0,0.0,0.0,28.0
2026-09-15T22:20:11.388741420Z,112.0,40.12,28.0,0.0,28.0,2048.0,32.0,256.0,0.0,4.86,8.84,111.99,0.83,0.0,0.0,0.0,28.0
2026-09-15T22:20:11.516399777Z,113.0,40.248,28.0,0.0,28.0,2048.0,32.0,256.0,0.0,4.87,8.04,112.3,1.42,0.0,0.0,0.0,28.0
2026-09-15T22:20:11.642983214Z,114.0,40.374,28.0,0.0,28.0,2048.0,32.0,256.0,0.0,4.63,8.0,112.89,0.77,0.0,0.0,0.0,28.0
2026-09-15T22:20:11.770097891Z,115.0,40.501,28.0,0.0,28.0,2048.0,32.0,256.0,0.0,5.04,9.72,110.44,0.92,0.0,0.0,0.0,28.0
2026-09-15T22:20:11.896920698Z,116.0,40.628,28.0,0.0,28.0,2048.0,32.0,256.0,0.0,4.5,8.0,113.01,0.71,0.0,0.0,0.0,28.0
2026-09-15T22:20:12.024458535Z,117.0,40.756,28.0,0.0,28.0,2048.0,32.0,256.0,0.0,5.71,8.85,111.01,1.69,0.0,0.0,0.0,28.0
2026-09-15T22:20:12.151153862Z,118.0,40.882,28.0,0.0,28.0,2048.0,32.0,256.0,0.0,4.43,7.37,113.44,0.81,0.0,0.0,0.0,28.0
2026-09-15T22:20:12.278562479Z,119.0,41.01,28.0,0.0,28.0,2048.0,32.0,256.0,0.0,4.66,7.74,112.79,0.63,0.0,0.0,0.0,28.0
2026-09-15T22:20:12.405820777Z,120.0,41.137,28.0,0.0,28.0,2048.0,32.0,256.0,0.0,5.38,8.22,112.63,1.51,0.0,0.0,0.0,28.0
2026-09-15T22:20:12.532896834Z,121.0,41.264,28.0,0.0,28.0,2048.0,32.0,256.0,0.0,4.71,8.74,111.65,0.75,0.0,0.0,0.0,28.0
2026-09-15T22:20:12.660285731Z,122.0,41.392,28.0,0.0,28.0,2048.0,32.0,256.0,0.0,4.97,7.86,113.02,1.11,0.0,0.0,0.0,28.0
2026-09-15T22:20:12.787396478Z,123.0,41.519,28.0,0.0,28.0,2048.0,32.0,256.0,0.0,5.76,8.69,110.99,0.74,0.0,0.0,0.0,28.0
2026-09-15T22:20:12.914571185Z,124.0,41.646,28.0,0.0,28.0,2048.0,32.0,256.0,0.0,6.1,8.69,110.8,1.31,0.0,0.0,0.0,28.0
2026-09-15T22:20:13.041851242Z,125.0,41.773,28.0,0.0,28.0,2048.0,32.0,256.0,0.0,5.87,9.18,110.0,0.9,0.0,0.0,0.0,28.0
2026-09-15T22:20:13.169137719Z,126.0,41.901,28.0,0.0,27.0,2048.0,32.0,256.0,0.0,11.57,19.82,94.4,1.08,0.0,0.0,0.0,27.0
2026-09-15T22:20:13.296011386Z,127.0,42.027,27.0,0.0,27.0,2048.0,32.0,256.0,0.0,4.66,8.4,112.39,1.29,0.0,0.0,0.0,27.0
2026-09-15T22:20:13.423727433Z,128.0,42.155,27.0,0.0,27.0,2048.0,32.0,256.0,0.0,4.74,7.45,112.75,0.98,0.0,0.0,0.0,27.0
2026-09-15T22:20:13.551139401Z,129.0,42.282,27.0,0.0,26.0,2048.0,32.0,256.0,0.0,9.62,15.71,100.52,0.78,0.0,0.0,0.0,26.0
2026-09-15T22:20:13.677772138Z,130.0,42.409,26.0,0.0,26.0,2048.0,32.0,256.0,0.0,5.71,8.53,111.67,1.09,0.0,0.0,0.0,26.0
2026-09-15T22:20:13.804777215Z,131.0,42.536,26.0,0.0,26.0,2048.0,32.0,256.0,0.0,6.8,11.14,106.75,1.71,0.0,0.0,0.0,26.0
2026-09-15T22:20:13.931574232Z,132.0,42.663,26.0,0.0,26.0,2048.0,32.0,256.0,0.0,5.32,13.04,106.32,0.75,0.0,0.0,0.0,26.0
2026-09-15T22:20:14.058568729Z,133.0,42.79,26.0,0.0,26.0,2048.0,32.0,256.0,0.0,4.88,7.97,112.51,0.48,0.0,0.0,0.0,26.0
2026-09-15T22:20:14.185881916Z,134.0,42.917,26.0,0.0,26.0,2048.0,32.0,256.0,0.0,4.66,7.58,113.75,0.9,0.0,0.0,0.0,26.0
2026-09-15T22:20:14.313347263Z,135.0,43.045,26.0,0.0,26.0,2048.0,32.0,256.0,0.0,4.43,7.82,113.5,0.95,0.0,0.0,0.0,26.0
2026-09-15T22:20:14.440491681Z,136.0,43.172,26.0,0.0,26.0,2048.0,32.0,256.0,0.0,4.63,7.58,113.48,0.96,0.0,0.0,0.0,26.0
2026-09-15T22:20:14.567528958Z,137.0,43.299,26.0,0.0,26.0,2048.0,32.0,256.0,0.0,4.85,9.79,110.93,1.02,0.0,0.0,0.0,26.0
2026-09-15T22:20:14.694753855Z,138.0,43.426,26.0,0.0,25.0,2048.0,32.0,256.0,0.0,12.09,15.34,97.83,1.39,0.0,0.0,0.0,25.0
2026-09-15T22:20:14.822665132Z,139.0,43.554,25.0,0.0,25.0,2048.0,32.0,256.0,0.0,4.72,8.01,112.51,0.89,0.0,0.0,0.0,25.0
2026-09-15T22:20:14.948639249Z,140.0,43.68,25.0,0.0,25.0,2048.0,32.0,256.0,0.0,6.7,9.42,109.96,1.51,0.0,0.0,0.0,25.0
2026-09-15T22:20:15.075877016Z,141.0,43.807,25.0,0.0,25.0,2048.0,32.0,256.0,0.0,4.88,7.97,110.6,1.04,0.0,0.0,0.0,25.0
2026-09-15T22:20:15.203577193Z,142.0,43.935,25.0,0.0,25.0,2048.0,32.0,256.0,0.0,7.24,10.57,107.14,1.31,0.0,0.0,0.0,25.0
2026-09-15T22:20:15.330506660Z,143.0,44.062,25.0,0.0,24.0,2048.0,32.0,256.0,0.0,12.21,23.33,90.09,1.63,0.0,0.0,0.0,24.0
2026-09-15T22:20:15.457501247Z,144.0,44.189,24.0,0.0,24.0,2048.0,32.0,256.0,0.0,6.85,7.83,110.14,0.89,0.0,0.0,0.0,24.0
2026-09-15T22:20:15.584616534Z,145.0,44.316,24.0,0.0,23.0,2048.0,32.0,256.0,0.0,15.28,13.74,96.14,1.6,0.0,0.0,0.0,23.0
2026-09-15T22:20:15.711584932Z,146.0,44.443,23.0,0.0,23.0,2048.0,32.0,256.0,0.0,5.46,10.04,109.44,1.28,0.0,0.0,0.0,23.0
2026-09-15T22:20:15.838239459Z,147.0,44.57,23.0,0.0,23.0,2048.0,32.0,256.0,0.0,5.4,17.1,102.14,1.07,0.0,0.0,0.0,23.0
2026-09-15T22:20:15.966225606Z,148.0,44.698,23.0,0.0,23.0,2048.0,32.0,256.0,0.0,4.75,7.14,113.17,2.31,0.0,0.0,0.0,23.0
2026-09-15T22:20:16.092730533Z,149.0,44.824,23.0,0.0,23.0,2048.0,32.0,256.0,0.0,4.84,8.55,111.64,1.84,0.0,0.0,0.0,23.0
2026-09-15T22:20:16.219361140Z,150.0,44.951,23.0,0.0,23.0,2048.0,32.0,256.0,0.0,4.67,8.16,111.21,0.83,0.0,0.0,0.0,23.0
2026-09-15T22:20:16.346747397Z,151.0,45.078,23.0,0.0,23.0,2048.0,32.0,256.0,0.0,4.96,8.14,112.09,0.98,0.0,0.0,0.0,23.0
2026-09-15T22:20:16.473542544Z,152.0,45.205,23.0,0.0,23.0,2048.0,32.0,256.0,0.0,5.56,10.99,108.87,0.57,0.0,0.0,0.0,23.0
2026-09-15T22:20:16.600682821Z,153.0,45.332,23.0,0.0,23.0,2048.0,32.0,256.0,0.0,5.58,7.87,112.28,0.88,0.0,0.0,0.0,23.0
2026-09-15T22:20:16.727958378Z,154.0,45.459,23.0,0.0,23.0,2048.0,32.0,256.0,0.0,5.45,8.29,111.92,0.96,0.0,0.0,0.0,23.0
2026-09-15T22:20:16.855110735Z,155.0,45.586,23.0,0.0,23.0,2048.0,32.0,256.0,0.0,5.25,8.93,111.36,0.89,0.0,0.0,0.0,23.0
2026-09-15T22:20:16.981651552Z,156.0,45.713,23.0,0.0,22.0,2048.0,32.0,256.0,0.0,9.38,16.06,100.11,1.14,0.0,0.0,0.0,22.0
2026-09-15T22:20:17.109286820Z,157.0,45.841,22.0,0.0,22.0,2048.0,32.0,256.0,0.0,5.3,7.41,112.14,1.27,0.0,0.0,0.0,22.0
2026-09-15T22:20:17.236538057Z,158.0,45.968,22.0,0.0,22.0,2048.0,32.0,256.0,0.0,5.22,7.61,112.87,0.83,0.0,0.0,0.0,22.0
2026-09-15T22:20:17.363798224Z,159.0,46.095,22.0,0.0,22.0,2048.0,32.0,256.0,0.0,4.56,7.51,113.64,1.99,0.0,0.0,0.0,22.0
2026-09-15T22:20:17.490458271Z,160.0,46.222,22.0,0.0,21.0,2048.0,32.0,256.0,0.0,10.35,10.85,103.42,1.03,0.0,0.0,0.0,21.0
2026-09-15T22:20:17.617672548Z,161.0,46.349,21.0,0.0,21.0,2048.0,32.0,256.0,0.0,5.28,7.79,112.05,1.8,0.0,0.0,0.0,21.0
2026-09-15T22:20:17.744382855Z,162.0,46.476,21.0,0.0,21.0,2048.0,32.0,256.0,0.0,4.44,9.63,110.69,0.37,0.0,0.0,0.0,21.0
2026-09-15T22:20:19.123251094Z,163.0,47.855,21.0,0.0,21.0,2048.0,32.0,256.0,0.0,4.64,7.84,113.17,0.19,0.0,0.0,0.0,21.0
2026-09-15T22:20:19.165287233Z,164.0,47.897,21.0,8.0,2048.0,2048.0,64.0,256.0,0.0,90.85,415.2,871.9,0.19,0.0,0.0,0.0,21.0
2026-09-15T22:20:19.290356780Z,165.0,48.022,29.0,8.0,2048.0,2048.0,64.0,256.0,0.0,4.69,30.14,6.36,0.91,0.0,0.0,0.0,21.0
2026-09-15T22:20:19.420092527Z,166.0,48.151,29.0,8.0,2048.0,2048.0,64.0,256.0,0.0,8.96,10.23,104.22,2.4,0.0,0.0,0.0,20.0
2026-09-15T22:20:19.547953104Z,167.0,48.279,28.0,8.0,2048.0,2048.0,32.0,256.0,0.0,9.48,15.72,101.55,0.91,0.0,0.0,0.0,19.0
2026-09-15T22:20:19.676804411Z,168.0,48.408,27.0,8.0,2048.0,2048.0,32.0,256.0,0.0,8.51,15.58,99.31,1.43,0.0,0.0,0.0,18.0
2026-09-15T22:20:19.804925208Z,169.0,48.536,26.0,8.0,2048.0,2048.0,32.0,256.0,0.0,6.4,7.63,112.17,1.86,0.0,0.0,0.0,18.0
2026-09-15T22:20:19.933635056Z,170.0,48.665,26.0,8.0,2048.0,2048.0,32.0,256.0,0.0,5.11,8.2,112.48,0.86,0.0,0.0,0.0,18.0
2026-09-15T22:20:20.061959933Z,171.0,48.793,26.0,8.0,1817.0,2048.0,32.0,256.0,0.0,4.56,7.71,114.82,0.91,0.0,0.0,0.0,25.0
2026-09-15T22:20:20.189603330Z,172.0,48.921,26.0,1.0,30.0,2048.0,32.0,256.0,1.0,6.35,9.11,108.51,1.94,0.0,0.0,0.0,26.0
2026-09-15T22:20:20.316079537Z,173.0,49.047,26.0,0.0,26.0,2048.0,32.0,256.0,0.0,4.77,8.29,111.67,1.41,0.0,0.0,0.0,26.0
2026-09-15T22:20:20.443658124Z,174.0,49.175,26.0,0.0,26.0,2048.0,32.0,256.0,0.0,5.01,9.62,109.77,1.54,0.0,0.0,0.0,26.0
2026-09-15T22:20:20.570667871Z,175.0,49.302,26.0,0.0,26.0,2048.0,32.0,256.0,0.0,5.58,9.13,110.77,1.32,0.0,0.0,0.0,26.0
2026-09-15T22:20:20.698964988Z,176.0,49.43,26.0,0.0,26.0,2048.0,32.0,256.0,0.0,4.58,8.01,112.49,0.26,0.0,0.0,0.0,26.0
2026-09-15T22:20:20.824763095Z,177.0,49.556,26.0,0.0,25.0,2048.0,32.0,256.0,0.0,13.18,17.29,96.83,1.26,0.0,0.0,0.0,25.0
2026-09-15T22:20:20.953029722Z,178.0,49.684,25.0,0.0,25.0,2048.0,32.0,256.0,0.0,6.19,12.05,105.53,2.1,0.0,0.0,0.0,25.0
2026-09-15T22:20:21.078819539Z,179.0,49.81,25.0,0.0,25.0,2048.0,32.0,256.0,0.0,5.19,7.37,112.89,0.9,0.0,0.0,0.0,25.0
2026-09-15T22:20:21.205931396Z,180.0,49.937,25.0,0.0,25.0,2048.0,32.0,256.0,0.0,5.17,7.83,111.4,0.51,0.0,0.0,0.0,25.0
2026-09-15T22:20:21.333717084Z,181.0,50.065,25.0,0.0,25.0,2048.0,32.0,256.0,0.0,5.53,8.31,112.18,1.31,0.0,0.0,0.0,25.0
2026-09-15T22:20:21.460507931Z,182.0,50.192,25.0,0.0,25.0,2048.0,32.0,256.0,0.0,5.05,8.97,111.57,1.55,0.0,0.0,0.0,25.0
2026-09-15T22:20:21.587574878Z,183.0,50.319,25.0,0.0,25.0,2048.0,32.0,256.0,0.0,5.34,8.67,110.61,0.8,0.0,0.0,0.0,25.0
2026-09-15T22:20:21.714860745Z,184.0,50.446,25.0,0.0,25.0,2048.0,32.0,256.0,0.0,5.72,8.1,111.58,0.72,0.0,0.0,0.0,25.0
2026-09-15T22:20:21.841788122Z,185.0,50.573,25.0,0.0,25.0,2048.0,32.0,256.0,0.0,4.93,7.94,113.11,0.77,0.0,0.0,0.0,25.0
2026-09-15T22:20:21.969062499Z,186.0,50.7,25.0,0.0,24.0,2048.0,32.0,256.0,0.0,7.82,11.89,105.8,1.37,0.0,0.0,0.0,24.0
2026-09-15T22:20:22.096173446Z,187.0,50.828,24.0,0.0,24.0,2048.0,32.0,256.0,0.0,4.67,7.69,112.82,1.73,0.0,0.0,0.0,24.0
2026-09-15T22:20:22.222775124Z,188.0,50.954,24.0,0.0,24.0,2048.0,32.0,256.0,0.0,4.62,8.27,111.88,0.79,0.0,0.0,0.0,24.0
2026-09-15T22:20:22.349670531Z,189.0,51.081,24.0,0.0,24.0,2048.0,32.0,256.0,0.0,4.84,8.22,112.01,0.64,0.0,0.0,0.0,24.0
2026-09-15T22:20:22.476902378Z,190.0,51.208,24.0,0.0,24.0,2048.0,32.0,256.0,0.0,5.08,7.36,113.23,1.07,0.0,0.0,0.0,24.0
2026-09-15T22:20:22.604956165Z,191.0,51.336,24.0,0.0,24.0,2048.0,32.0,256.0,0.0,4.85,8.5,112.19,1.68,0.0,0.0,0.0,24.0
2026-09-15T22:20:22.730905382Z,192.0,51.462,24.0,0.0,24.0,2048.0,32.0,256.0,0.0,4.28,9.13,112.24,1.07,0.0,0.0,0.0,24.0
2026-09-15T22:20:22.857819299Z,193.0,51.589,24.0,0.0,24.0,2048.0,32.0,256.0,0.0,4.26,7.55,112.52,1.71,0.0,0.0,0.0,24.0
2026-09-15T22:20:22.985377456Z,194.0,51.717,24.0,0.0,24.0,2048.0,32.0,256.0,0.0,5.51,8.16,110.94,1.58,0.0,0.0,0.0,24.0
2026-09-15T22:20:23.112640513Z,195.0,51.844,24.0,0.0,24.0,2048.0,32.0,256.0,0.0,4.76,7.09,113.38,1.35,0.0,0.0,0.0,24.0
2026-09-15T22:20:23.239126080Z,196.0,51.971,24.0,0.0,24.0,2048.0,32.0,256.0,0.0,5.0,7.11,113.27,0.85,0.0,0.0,0.0,24.0
2026-09-15T22:20:23.366068118Z,197.0,52.097,24.0,0.0,24.0,2048.0,32.0,256.0,0.0,4.64,6.89,113.6,1.46,0.0,0.0,0.0,24.0
2026-09-15T22:20:23.493110255Z,198.0,52.224,24.0,0.0,24.0,2048.0,32.0,256.0,0.0,4.53,7.29,113.09,0.6,0.0,0.0,0.0,24.0
2026-09-15T22:20:23.620165202Z,199.0,52.352,24.0,0.0,24.0,2048.0,32.0,256.0,0.0,4.3,8.48,112.92,1.18,0.0,0.0,0.0,24.0
2026-09-15T22:20:23.747758409Z,200.0,52.479,24.0,0.0,24.0,2048.0,32.0,256.0,0.0,5.65,7.52,112.09,0.73,0.0,0.0,0.0,24.0
2026-09-15T22:20:23.874457016Z,201.0,52.606,24.0,0.0,24.0,2048.0,32.0,256.0,0.0,4.79,7.14,114.3,1.24,0.0,0.0,0.0,24.0
2026-09-15T22:20:24.001159213Z,202.0,52.733,24.0,0.0,24.0,2048.0,32.0,256.0,0.0,5.11,8.29,111.27,1.48,0.0,0.0,0.0,24.0
2026-09-15T22:20:24.128418500Z,203.0,52.86,24.0,0.0,24.0,2048.0,32.0,256.0,0.0,4.61,7.83,112.2,1.29,0.0,0.0,0.0,24.0
2026-09-15T22:20:24.255169487Z,204.0,52.987,24.0,0.0,24.0,2048.0,32.0,256.0,0.0,5.07,6.88,113.43,1.09,0.0,0.0,0.0,24.0
2026-09-15T22:20:24.382416114Z,205.0,53.114,24.0,0.0,24.0,2048.0,32.0,256.0,0.0,4.77,8.07,112.22,0.96,0.0,0.0,0.0,24.0
2026-09-15T22:20:24.509533761Z,206.0,53.241,24.0,0.0,24.0,2048.0,32.0,256.0,0.0,4.74,7.71,113.07,1.22,0.0,0.0,0.0,24.0
2026-09-15T22:20:24.636464389Z,207.0,53.368,24.0,0.0,24.0,2048.0,32.0,256.0,0.0,7.13,12.39,105.66,1.42,0.0,0.0,0.0,24.0
2026-09-15T22:20:24.763601616Z,208.0,53.495,24.0,0.0,24.0,2048.0,32.0,256.0,0.0,8.02,23.68,93.11,1.39,0.0,0.0,0.0,24.0
2026-09-15T22:20:24.890699693Z,209.0,53.622,24.0,0.0,24.0,2048.0,32.0,256.0,0.0,6.99,12.15,105.73,1.36,0.0,0.0,0.0,24.0
2026-09-15T22:20:25.017485670Z,210.0,53.749,24.0,0.0,24.0,2048.0,32.0,256.0,0.0,5.19,8.66,110.58,0.69,0.0,0.0,0.0,24.0
2026-09-15T22:20:25.146307767Z,211.0,53.877,24.0,0.0,24.0,2048.0,32.0,256.0,0.0,5.43,8.66,111.32,1.31,0.0,0.0,0.0,24.0
2026-09-15T22:20:25.272885314Z,212.0,54.004,24.0,0.0,24.0,2048.0,32.0,256.0,0.0,4.68,9.78,111.4,1.74,0.0,0.0,0.0,24.0
2026-09-15T22:20:25.398714681Z,213.0,54.13,24.0,0.0,24.0,2048.0,32.0,256.0,0.0,6.38,12.3,105.92,0.73,0.0,0.0,0.0,24.0
2026-09-15T22:20:25.526122968Z,214.0,54.258,24.0,0.0,24.0,2048.0,32.0,256.0,0.0,5.4,9.5,109.61,1.62,0.0,0.0,0.0,24.0
2026-09-15T22:20:25.653580335Z,215.0,54.385,24.0,0.0,24.0,2048.0,32.0,256.0,0.0,5.74,8.11,109.59,1.8,0.0,0.0,0.0,24.0
2026-09-15T22:20:25.790638602Z,216.0,54.52,24.0,0.0,24.0,2048.0,32.0,256.0,0.0,4.87,7.52,112.63,0.33,0.0,0.0,0.0,24.0
2026-09-15T22:20:25.906922580Z,217.0,54.638,24.0,0.0,24.0,2048.0,32.0,256.0,0.0,4.65,7.13,114.92,0.61,0.0,0.0,0.0,24.0
2026-09-15T22:20:26.034380757Z,218.0,54.766,24.0,0.0,24.0,2048.0,32.0,256.0,0.0,10.82,11.32,95.28,1.56,0.0,0.0,0.0,24.0
2026-09-15T22:20:26.161657714Z,219.0,54.893,24.0,0.0,24.0,2048.0,32.0,256.0,0.0,5.06,8.03,112.01,1.47,0.0,0.0,0.0,24.0
2026-09-15T22:20:26.287934991Z,220.0,55.019,24.0,0.0,23.0,2048.0,32.0,256.0,0.0,9.91,9.99,105.32,0.97,0.0,0.0,0.0,23.0
2026-09-15T22:20:26.414873438Z,221.0,55.146,23.0,0.0,23.0,2048.0,32.0,256.0,0.0,5.28,7.58,111.9,0.98,0.0,0.0,0.0,23.0
2026-09-15T22:20:26.542465945Z,222.0,55.274,23.0,0.0,23.0,2048.0,32.0,256.0,0.0,5.06,8.01,112.25,1.57,0.0,0.0,0.0,23.0
2026-09-15T22:20:26.669140522Z,223.0,55.4,23.0,0.0,23.0,2048.0,32.0,256.0,0.0,4.65,7.5,113.26,0.45,0.0,0.0,0.0,23.0
2026-09-15T22:20:26.795913329Z,224.0,55.527,23.0,0.0,23.0,2048.0,32.0,256.0,0.0,5.44,7.41,112.71,0.75,0.0,0.0,0.0,23.0
2026-09-15T22:20:26.922882177Z,225.0,55.654,23.0,0.0,22.0,2048.0,32.0,256.0,0.0,9.79,10.65,105.05,1.57,0.0,0.0,0.0,22.0
2026-09-15T22:20:27.050000474Z,226.0,55.781,22.0,0.0,22.0,2048.0,32.0,256.0,0.0,4.6,7.27,112.78,0.52,0.0,0.0,0.0,22.0
2026-09-15T22:20:27.176938131Z,227.0,55.908,22.0,0.0,22.0,2048.0,32.0,256.0,0.0,5.24,8.54,111.96,1.02,0.0,0.0,0.0,22.0
2026-09-15T22:20:27.303884408Z,228.0,56.035,22.0,0.0,22.0,2048.0,32.0,256.0,0.0,6.01,7.89,111.46,1.52,0.0,0.0,0.0,22.0
2026-09-15T22:20:27.430980295Z,229.0,56.162,22.0,0.0,22.0,2048.0,32.0,256.0,0.0,5.49,7.6,111.81,0.56,0.0,0.0,0.0,22.0
2026-09-15T22:20:27.558135422Z,230.0,56.29,22.0,0.0,22.0,2048.0,32.0,256.0,0.0,4.69,8.22,112.84,1.36,0.0,0.0,0.0,22.0
2026-09-15T22:20:27.684980919Z,231.0,56.416,22.0,0.0,21.0,2048.0,32.0,256.0,0.0,9.72,15.35,99.98,0.85,0.0,0.0,0.0,21.0
2026-09-15T22:20:27.812274266Z,232.0,56.544,21.0,0.0,21.0,2048.0,32.0,256.0,0.0,5.45,7.78,112.11,0.89,0.0,0.0,0.0,21.0
2026-09-15T22:20:27.939047674Z,233.0,56.67,21.0,0.0,21.0,2048.0,32.0,256.0,0.0,4.65,7.9,113.19,0.75,0.0,0.0,0.0,21.0
2026-09-15T22:20:28.066131931Z,234.0,56.798,21.0,0.0,20.0,2048.0,32.0,256.0,0.0,9.81,12.88,100.66,1.92,0.0,0.0,0.0,20.0
2026-09-15T22:20:28.194521168Z,235.0,56.926,20.0,8.0,2048.0,2048.0,32.0,256.0,0.0,85.72,9.08,29.77,0.77,0.0,0.0,0.0,20.0
2026-09-15T22:20:28.322687395Z,236.0,57.054,28.0,8.0,2048.0,2048.0,32.0,256.0,0.0,5.05,7.49,114.49,0.86,0.0,0.0,0.0,20.0
2026-09-15T22:20:28.451327062Z,237.0,57.183,28.0,8.0,2048.0,2048.0,32.0,256.0,0.0,4.36,8.76,113.67,1.3,0.0,0.0,0.0,20.0
2026-09-15T22:20:28.580631619Z,238.0,57.312,28.0,8.0,2048.0,2048.0,32.0,256.0,0.0,5.58,9.8,111.2,0.87,0.0,0.0,0.0,20.0
2026-09-15T22:20:28.708449406Z,239.0,57.44,28.0,8.0,2048.0,2048.0,32.0,256.0,0.0,4.73,8.22,114.77,1.27,0.0,0.0,0.0,20.0
2026-09-15T22:20:28.837122363Z,240.0,57.569,28.0,8.0,2048.0,2048.0,32.0,256.0,0.0,4.86,7.56,113.55,0.97,0.0,0.0,0.0,20.0
2026-09-15T22:20:28.965727450Z,241.0,57.697,28.0,8.0,2048.0,2048.0,32.0,256.0,0.0,5.03,8.62,113.41,0.89,0.0,0.0,0.0,20.0
2026-09-15T22:20:29.094385337Z,242.0,57.826,28.0,8.0,1998.0,2048.0,32.0,256.0,0.0,9.23,10.53,107.33,0.87,0.0,0.0,0.0,20.0
2026-09-15T22:20:29.222087454Z,243.0,57.954,27.0,7.0,475.0,2048.0,32.0,256.0,1.0,5.15,8.18,113.89,1.65,0.0,0.0,0.0,27.0
2026-09-15T22:20:29.348762231Z,244.0,58.08,27.0,0.0,27.0,2048.0,32.0,256.0,0.0,5.0,8.13,112.29,1.42,0.0,0.0,0.0,27.0
2026-09-15T22:20:29.476812608Z,245.0,58.208,27.0,0.0,27.0,2048.0,32.0,256.0,0.0,4.84,7.62,112.1,0.22,0.0,0.0,0.0,27.0
2026-09-15T22:20:29.603330636Z,246.0,58.335,27.0,0.0,27.0,2048.0,32.0,256.0,0.0,5.17,9.75,112.31,1.24,0.0,0.0,0.0,27.0
2026-09-15T22:20:29.729971943Z,247.0,58.461,27.0,0.0,27.0,2048.0,32.0,256.0,0.0,5.52,7.22,111.98,1.52,0.0,0.0,0.0,27.0
2026-09-15T22:20:29.857799460Z,248.0,58.589,27.0,0.0,26.0,2048.0,32.0,256.0,0.0,12.82,14.74,97.03,1.92,0.0,0.0,0.0,26.0
2026-09-15T22:20:29.984566917Z,249.0,58.716,26.0,0.0,26.0,2048.0,32.0,256.0,0.0,8.22,9.74,107.34,1.49,0.0,0.0,0.0,26.0
2026-09-15T22:20:30.111804994Z,250.0,58.843,26.0,0.0,26.0,2048.0,32.0,256.0,0.0,4.79,7.75,111.42,1.24,0.0,0.0,0.0,26.0
2026-09-15T22:20:30.239136531Z,251.0,58.97,26.0,0.0,26.0,2048.0,32.0,256.0,0.0,5.64,10.5,109.19,0.97,0.0,0.0,0.0,26.0
2026-09-15T22:20:30.366018258Z,252.0,59.097,26.0,0.0,26.0,2048.0,32.0,256.0,0.0,6.12,14.77,104.67,1.85,0.0,0.0,0.0,26.0
2026-09-15T22:20:30.492525665Z,253.0,59.224,26.0,0.0,26.0,2048.0,32.0,256.0,0.0,6.78,8.89,106.93,0.65,0.0,0.0,0.0,26.0
2026-09-15T22:20:30.620059993Z,254.0,59.351,26.0,0.0,26.0,2048.0,32.0,256.0,0.0,10.16,10.94,103.92,1.16,0.0,0.0,0.0,26.0
2026-09-15T22:20:30.748469879Z,255.0,59.48,26.0,0.0,26.0,2048.0,32.0,256.0,0.0,4.92,8.34,112.46,0.28,0.0,0.0,0.0,26.0
2026-09-15T22:20:30.875126687Z,256.0,59.606,26.0,0.0,26.0,2048.0,32.0,256.0,0.0,6.36,24.84,94.12,1.37,0.0,0.0,0.0,26.0
2026-09-15T22:20:31.001160344Z,257.0,59.733,26.0,0.0,26.0,2048.0,32.0,256.0,0.0,5.05,7.86,111.63,0.48,0.0,0.0,0.0,26.0
2026-09-15T22:20:31.128757841Z,258.0,59.86,26.0,0.0,26.0,2048.0,32.0,256.0,0.0,5.44,11.15,108.22,0.94,0.0,0.0,0.0,26.0
2026-09-15T22:20:31.256009368Z,259.0,59.987,26.0,0.0,26.0,2048.0,32.0,256.0,0.0,4.77,8.1,113.03,1.42,0.0,0.0,0.0,26.0
2026-09-15T22:20:31.382830635Z,260.0,60.114,26.0,0.0,26.0,2048.0,32.0,256.0,0.0,5.2,8.88,111.03,0.74,0.0,0.0,0.0,26.0
2026-09-15T22:20:31.509627492Z,261.0,60.241,26.0,0.0,26.0,2048.0,32.0,256.0,0.0,4.76,7.91,112.72,0.67,0.0,0.0,0.0,26.0
2026-09-15T22:20:31.636684890Z,262.0,60.368,26.0,0.0,26.0,2048.0,32.0,256.0,0.0,4.61,7.78,113.16,0.46,0.0,0.0,0.0,26.0
2026-09-15T22:20:31.764146767Z,263.0,60.496,26.0,0.0,26.0,2048.0,32.0,256.0,0.0,4.6,7.98,113.3,1.34,0.0,0.0,0.0,26.0
2026-09-15T22:20:31.891034424Z,264.0,60.622,26.0,0.0,26.0,2048.0,32.0,256.0,0.0,4.61,8.96,111.75,0.56,0.0,0.0,0.0,26.0
2026-09-15T22:20:32.018130101Z,265.0,60.75,26.0,0.0,25.0,2048.0,32.0,256.0,0.0,9.37,10.31,105.9,1.29,0.0,0.0,0.0,25.0
2026-09-15T22:20:32.145255818Z,266.0,60.877,25.0,0.0,25.0,2048.0,32.0,256.0,0.0,4.7,7.81,112.56,1.01,0.0,0.0,0.0,25.0
2026-09-15T22:20:32.272568625Z,267.0,61.004,25.0,0.0,25.0,2048.0,32.0,256.0,0.0,5.73,8.76,110.99,1.3,0.0,0.0,0.0,25.0
2026-09-15T22:20:32.399710952Z,268.0,61.131,25.0,0.0,25.0,2048.0,32.0,256.0,0.0,5.34,7.86,112.24,1.55,0.0,0.0,0.0,25.0
2026-09-15T22:20:32.526917969Z,269.0,61.258,25.0,0.0,24.0,2048.0,32.0,256.0,0.0,9.47,11.17,104.36,1.42,0.0,0.0,0.0,24.0
2026-09-15T22:20:32.654084106Z,270.0,61.385,24.0,0.0,24.0,2048.0,32.0,256.0,0.0,4.93,7.78,112.56,1.34,0.0,0.0,0.0,24.0
2026-09-15T22:20:32.781432783Z,271.0,61.513,24.0,0.0,24.0,2048.0,32.0,256.0,0.0,4.43,7.49,113.2,0.83,0.0,0.0,0.0,24.0
2026-09-15T22:20:32.908139690Z,272.0,61.64,24.0,0.0,23.0,2048.0,32.0,256.0,0.0,9.11,10.06,106.76,1.02,0.0,0.0,0.0,23.0
2026-09-15T22:20:33.035369928Z,273.0,61.767,23.0,0.0,23.0,2048.0,32.0,256.0,0.0,5.18,7.86,112.01,1.22,0.0,0.0,0.0,23.0
2026-09-15T22:20:33.162675315Z,274.0,61.894,23.0,0.0,23.0,2048.0,32.0,256.0,0.0,4.27,7.38,113.64,1.63,0.0,0.0,0.0,23.0
2026-09-15T22:20:33.289980002Z,275.0,62.021,23.0,0.0,23.0,2048.0,32.0,256.0,0.0,5.32,7.45,112.24,1.57,0.0,0.0,0.0,23.0
2026-09-15T22:20:33.417525979Z,276.0,62.149,23.0,0.0,23.0,2048.0,32.0,256.0,0.0,5.38,7.96,111.8,1.08,0.0,0.0,0.0,23.0
2026-09-15T22:20:33.544020456Z,277.0,62.275,23.0,0.0,23.0,2048.0,32.0,256.0,0.0,5.04,8.62,111.94,0.65,0.0,0.0,0.0,23.0
2026-09-15T22:20:33.673179783Z,278.0,62.405,23.0,0.0,23.0,2048.0,32.0,256.0,0.0,6.34,9.58,109.42,3.2,0.0,0.0,0.0,23.0
2026-09-15T22:20:33.801735090Z,279.0,62.533,23.0,0.0,23.0,2048.0,32.0,256.0,0.0,5.36,9.11,110.77,0.26,0.0,0.0,0.0,23.0
2026-09-15T22:20:33.927772907Z,280.0,62.659,23.0,0.0,22.0,2048.0,32.0,256.0,0.0,7.73,12.37,107.54,2.98,0.0,0.0,0.0,22.0
2026-09-15T22:20:34.054554844Z,281.0,62.786,22.0,0.0,22.0,2048.0,32.0,256.0,0.0,4.58,8.82,108.84,3.37,0.0,0.0,0.0,22.0
2026-09-15T22:20:34.182835401Z,282.0,62.914,22.0,0.0,22.0,2048.0,32.0,256.0,0.0,4.98,7.81,110.1,3.34,0.0,0.0,0.0,22.0
2026-09-15T22:20:34.308932399Z,283.0,63.04,22.0,0.0,22.0,2048.0,32.0,256.0,0.0,4.79,7.51,111.74,3.1,0.0,0.0,0.0,22.0
2026-09-15T22:20:34.437498466Z,284.0,63.169,22.0,0.0,22.0,2048.0,32.0,256.0,0.0,5.54,7.44,109.55,0.26,0.0,0.0,0.0,22.0
2026-09-15T22:20:34.574282073Z,285.0,63.305,22.0,0.0,22.0,2048.0,32.0,256.0,0.0,4.54,8.42,114.59,0.36,0.0,0.0,0.0,22.0
2026-09-15T22:20:34.689070820Z,286.0,63.42,22.0,0.0,21.0,2048.0,32.0,256.0,0.0,14.73,12.62,97.18,0.34,0.0,0.0,0.0,21.0
2026-09-15T22:20:34.819684047Z,287.0,63.551,21.0,0.0,21.0,2048.0,32.0,256.0,0.0,23.0,10.44,80.18,0.28,0.0,0.0,0.0,21.0
2026-09-15T22:20:34.942487024Z,288.0,63.674,21.0,0.0,21.0,2048.0,32.0,256.0,0.0,5.74,10.2,109.99,1.36,0.0,0.0,0.0,21.0
2026-09-15T22:20:35.133394490Z,289.0,63.865,21.0,0.0,21.0,2048.0,32.0,256.0,0.0,13.43,13.51,93.85,0.22,0.0,0.0,0.0,21.0
2026-09-15T22:20:35.252955707Z,290.0,63.984,21.0,8.0,2048.0,2048.0,64.0,256.0,0.0,163.73,14.41,11.0,0.98,0.0,0.0,0.0,21.0
2026-09-15T22:20:35.385915174Z,291.0,64.117,29.0,8.0,2048.0,2048.0,64.0,256.0,0.0,9.26,18.89,88.73,0.77,0.0,0.0,0.0,21.0
2026-09-15T22:20:35.510903601Z,292.0,64.242,29.0,8.0,2048.0,2048.0,64.0,256.0,0.0,5.92,29.69,90.43,0.87,0.0,0.0,0.0,21.0
2026-09-15T22:20:35.639921688Z,293.0,64.371,29.0,8.0,2048.0,2048.0,64.0,256.0,0.0,15.88,22.51,83.82,1.62,0.0,0.0,0.0,21.0
2026-09-15T22:20:35.864111453Z,294.0,64.587,29.0,8.0,2048.0,2048.0,64.0,256.0,0.0,11.78,37.0,75.84,0.25,0.0,0.0,0.0,21.0
2026-09-15T22:20:36.020160360Z,295.0,64.752,29.0,8.0,2048.0,2048.0,64.0,256.0,0.0,17.6,95.75,74.26,0.25,0.0,0.0,0.0,21.0
2026-09-15T22:20:36.086222848Z,296.0,64.818,29.0,8.0,2048.0,2048.0,64.0,256.0,0.0,47.27,73.78,30.26,1.34,0.0,0.0,0.0,21.0
2026-09-15T22:20:36.215471785Z,297.0,64.947,29.0,8.0,2048.0,2048.0,64.0,256.0,0.0,15.76,18.48,28.6,1.1,0.0,0.0,0.0,21.0
2026-09-15T22:20:36.343752582Z,298.0,65.075,29.0,8.0,1101.0,2048.0,64.0,256.0,0.0,10.5,9.35,107.59,0.78,0.0,0.0,0.0,29.0
2026-09-15T22:20:36.470840700Z,299.0,65.202,29.0,0.0,29.0,2048.0,64.0,256.0,0.0,7.9,7.29,111.66,1.45,0.0,0.0,0.0,29.0
2026-09-15T22:20:36.598346866Z,300.0,65.33,29.0,0.0,29.0,2048.0,64.0,256.0,0.0,7.49,7.7,109.75,1.7,0.0,0.0,0.0,29.0
2026-09-15T22:20:36.725872734Z,301.0,65.457,29.0,0.0,29.0,2048.0,64.0,256.0,0.0,4.93,12.29,107.58,0.59,0.0,0.0,0.0,29.0
2026-09-15T22:20:36.863656311Z,302.0,65.595,29.0,0.0,29.0,2048.0,64.0,256.0,0.0,7.15,9.66,108.85,0.26,0.0,0.0,0.0,29.0
2026-09-15T22:20:36.980185278Z,303.0,65.712,29.0,0.0,29.0,2048.0,64.0,256.0,0.0,5.19,14.21,108.56,0.75,0.0,0.0,0.0,29.0
2026-09-15T22:20:37.107869285Z,304.0,65.839,29.0,0.0,29.0,2048.0,64.0,256.0,0.0,21.7,24.85,65.23,0.9,0.0,0.0,0.0,29.0
2026-09-15T22:20:37.235463842Z,305.0,65.967,29.0,0.0,29.0,2048.0,64.0,256.0,0.0,6.47,8.49,111.06,0.29,0.0,0.0,0.0,29.0
2026-09-15T22:20:37.362620529Z,306.0,66.094,29.0,0.0,29.0,2048.0,64.0,256.0,0.0,5.7,8.31,112.35,1.64,0.0,0.0,0.0,29.0
2026-09-15T22:20:37.490593666Z,307.0,66.222,29.0,0.0,29.0,2048.0,64.0,256.0,0.0,5.72,13.45,102.26,1.11,0.0,0.0,0.0,29.0
2026-09-15T22:20:37.617448163Z,308.0,66.349,29.0,0.0,29.0,2048.0,64.0,256.0,0.0,4.57,8.11,113.31,0.81,0.0,0.0,0.0,29.0
2026-09-15T22:20:37.756105090Z,309.0,66.488,29.0,0.0,29.0,2048.0,64.0,256.0,0.0,5.1,8.17,111.68,0.25,0.0,0.0,0.0,29.0
2026-09-15T22:20:37.873480077Z,310.0,66.605,29.0,0.0,29.0,2048.0,64.0,256.0,0.0,6.32,9.14,111.9,0.28,0.0,0.0,0.0,29.0
2026-09-15T22:20:37.999572535Z,311.0,66.731,29.0,0.0,29.0,2048.0,64.0,256.0,0.0,27.02,31.42,54.39,1.45,0.0,0.0,0.0,29.0
2026-09-15T22:20:38.128473322Z,312.0,66.86,29.0,0.0,29.0,2048.0,64.0,256.0,0.0,7.55,9.41,107.11,2.96,0.0,0.0,0.0,29.0
2026-09-15T22:20:38.254417629Z,313.0,66.986,29.0,0.0,29.0,2048.0,64.0,256.0,0.0,5.74,10.89,107.86,1.91,0.0,0.0,0.0,29.0
2026-09-15T22:20:38.382809146Z,314.0,67.114,29.0,0.0,29.0,2048.0,64.0,256.0,0.0,6.15,8.84,108.4,2.33,0.0,0.0,0.0,29.0
2026-09-15T22:20:38.509129263Z,315.0,67.241,29.0,0.0,29.0,2048.0,64.0,256.0,0.0,5.89,8.98,110.48,2.21,0.0,0.0,0.0,29.0
2026-09-15T22:20:38.645943620Z,316.0,67.377,29.0,0.0,29.0,2048.0,64.0,256.0,0.0,27.43,39.85,55.67,0.29,0.0,0.0,0.0,29.0
2026-09-15T22:20:38.787505957Z,317.0,67.519,29.0,0.0,29.0,2048.0,64.0,256.0,0.0,10.92,9.12,106.26,0.32,0.0,0.0,0.0,29.0
2026-09-15T22:20:38.938691233Z,318.0,67.67,29.0,0.0,29.0,2048.0,64.0,256.0,0.0,20.52,82.06,27.9,0.26,0.0,0.0,0.0,29.0
2026-09-15T22:20:39.209828327Z,319.0,67.924,29.0,0.0,29.0,2048.0,64.0,256.0,0.0,14.14,71.25,46.25,0.44,0.0,0.0,0.0,29.0
2026-09-15T22:20:39.588801918Z,320.0,68.32,29.0,0.0,28.0,2048.0,64.0,256.0,0.0,49.91,92.86,86.74,0.43,0.0,0.0,0.0,28.0
2026-09-15T22:20:40.060580908Z,321.0,68.792,28.0,0.0,28.0,2048.0,64.0,256.0,0.0,53.32,169.57,127.48,0.32,0.0,0.0,0.0,28.0
2026-09-15T22:20:40.401412150Z,322.0,69.133,28.0,0.0,28.0,2048.0,64.0,256.0,0.0,79.76,198.98,95.15,0.3,0.0,0.0,0.0,28.0
2026-09-15T22:20:41.084931984Z,323.0,69.817,28.0,0.0,28.0,2048.0,64.0,256.0,0.0,57.83,167.51,72.23,0.28,0.0,0.0,0.0,28.0
2026-09-15T22:20:41.404845037Z,324.0,70.136,28.0,0.0,28.0,2048.0,64.0,256.0,0.0,367.37,153.41,139.15,0.34,0.0,0.0,0.0,28.0
2026-09-15T22:20:41.954758475Z,325.0,70.686,28.0,0.0,28.0,2048.0,64.0,256.0,0.0,64.0,147.67,70.09,0.27,0.0,0.0,0.0,28.0
2026-09-15T22:20:42.409445034Z,326.0,71.141,28.0,8.0,2048.0,2048.0,64.0,256.0,0.0,361.1,89.95,78.48,0.46,0.0,0.0,0.0,28.0
2026-09-15T22:20:42.529732552Z,327.0,71.261,36.0,8.0,2048.0,2048.0,64.0,256.0,0.0,317.84,89.8,35.14,0.25,0.0,0.0,0.0,28.0
2026-09-15T22:20:42.655296379Z,328.0,71.386,36.0,8.0,2048.0,2048.0,64.0,256.0,0.0,99.73,10.39,8.93,0.28,0.0,0.0,0.0,28.0
2026-09-15T22:20:42.780425476Z,329.0,71.512,36.0,8.0,2048.0,2048.0,64.0,256.0,0.0,8.69,11.39,101.33,1.63,0.0,0.0,0.0,28.0
2026-09-15T22:20:42.909180133Z,330.0,71.641,36.0,8.0,2048.0,2048.0,64.0,256.0,0.0,16.28,45.54,59.28,0.49,0.0,0.0,0.0,27.0
2026-09-15T22:20:43.037813360Z,331.0,71.769,35.0,8.0,2048.0,2048.0,64.0,256.0,0.0,30.23,7.8,89.65,0.58,0.0,0.0,0.0,27.0
2026-09-15T22:20:43.167233827Z,332.0,71.899,35.0,8.0,2048.0,2048.0,64.0,256.0,0.0,5.76,7.89,113.86,1.25,0.0,0.0,0.0,27.0
2026-09-15T22:20:43.295930864Z,333.0,72.027,35.0,15.0,2048.0,2048.0,64.0,256.0,0.0,5.86,8.55,113.15,0.74,0.0,0.0,0.0,34.0
2026-09-15T22:20:43.425259811Z,334.0,72.157,42.0,9.0,2048.0,2048.0,64.0,256.0,0.0,10.37,7.7,109.28,0.99,0.0,0.0,0.0,35.0
2026-09-15T22:20:43.553689648Z,335.0,72.285,43.0,8.0,2048.0,2048.0,64.0,256.0,0.0,6.02,8.39,113.16,0.92,0.0,0.0,0.0,35.0
2026-09-15T22:20:43.683061016Z,336.0,72.414,43.0,8.0,2048.0,2048.0,64.0,256.0,0.0,5.88,8.59,112.49,1.14,0.0,0.0,0.0,35.0
2026-09-15T22:20:43.811787073Z,337.0,72.543,43.0,8.0,2048.0,2048.0,64.0,256.0,0.0,5.16,7.82,114.61,1.5,0.0,0.0,0.0,35.0
2026-09-15T22:20:43.940462430Z,338.0,72.672,43.0,8.0,2048.0,2048.0,64.0,256.0,0.0,5.28,19.15,102.0,0.77,0.0,0.0,0.0,35.0
2026-09-15T22:20:44.069663307Z,339.0,72.801,43.0,8.0,2048.0,2048.0,64.0,256.0,0.0,5.75,8.35,113.14,0.62,0.0,0.0,0.0,35.0
2026-09-15T22:20:44.198673574Z,340.0,72.93,43.0,15.0,2048.0,2048.0,64.0,256.0,0.0,6.26,8.98,112.61,1.65,0.0,0.0,0.0,42.0
2026-09-15T22:20:44.327761181Z,341.0,73.059,50.0,9.0,2048.0,2048.0,64.0,256.0,0.0,11.22,10.59,104.89,1.3,0.0,0.0,0.0,42.0
2026-09-15T22:20:44.460949898Z,342.0,73.189,50.0,8.0,2048.0,2048.0,64.0,256.0,0.0,6.31,8.24,112.53,0.31,0.0,0.0,0.0,42.0
2026-09-15T22:20:44.585282835Z,343.0,73.317,50.0,8.0,2048.0,2048.0,64.0,256.0,0.0,5.52,7.39,114.6,1.57,0.0,0.0,0.0,42.0
2026-09-15T22:20:44.714596422Z,344.0,73.446,50.0,8.0,2048.0,2048.0,64.0,256.0,0.0,63.67,12.66,48.81,2.0,0.0,0.0,0.0,42.0
2026-09-15T22:20:44.842643509Z,345.0,73.574,50.0,8.0,2048.0,2048.0,64.0,256.0,0.0,10.69,19.8,95.58,1.57,0.0,0.0,0.0,41.0
2026-09-15T22:20:44.976145806Z,346.0,73.708,49.0,9.0,2048.0,2048.0,64.0,256.0,0.0,9.83,11.99,103.92,0.32,0.0,0.0,0.0,42.0
2026-09-15T22:20:45.104906083Z,347.0,73.836,50.0,14.0,2048.0,2048.0,64.0,256.0,0.0,6.58,17.38,100.46,0.58,0.0,0.0,0.0,48.0
2026-09-15T22:20:45.230825630Z,348.0,73.962,56.0,8.0,2048.0,2048.0,64.0,256.0,0.0,9.55,16.96,95.47,1.71,0.0,0.0,0.0,48.0
2026-09-15T22:20:45.359052138Z,349.0,74.09,56.0,9.0,2048.0,2048.0,64.0,256.0,0.0,33.56,29.08,60.22,1.39,0.0,0.0,0.0,49.0
2026-09-15T22:20:45.488516944Z,350.0,74.22,57.0,8.0,2048.0,2048.0,64.0,256.0,0.0,10.62,25.31,89.18,0.31,0.0,0.0,0.0,49.0
2026-09-15T22:20:45.616525852Z,351.0,74.348,57.0,8.0,2048.0,2048.0,64.0,256.0,0.0,14.83,24.29,85.41,1.48,0.0,0.0,0.0,49.0
2026-09-15T22:20:45.759917708Z,352.0,74.491,57.0,8.0,2048.0,2048.0,64.0,256.0,0.0,12.46,26.38,87.02,0.64,0.0,0.0,0.0,49.0
2026-09-15T22:20:45.881078715Z,353.0,74.612,57.0,8.0,2048.0,2048.0,64.0,256.0,0.0,8.24,8.01,115.93,0.34,0.0,0.0,0.0,49.0
2026-09-15T22:20:47.696400714Z,354.0,76.428,57.0,9.0,2048.0,2048.0,64.0,256.0,0.0,9.69,12.33,90.16,0.35,0.0,0.0,0.0,50.0
2026-09-15T22:20:47.823877011Z,355.0,76.555,58.0,14.0,2048.0,2048.0,128.0,256.0,0.0,86.84,472.57,1250.43,0.27,0.0,0.0,0.0,56.0
2026-09-15T22:20:48.031958347Z,356.0,76.763,64.0,9.0,2048.0,2048.0,128.0,256.0,0.0,16.48,65.38,30.86,0.39,0.0,0.0,0.0,57.0
2026-09-15T22:20:48.268663991Z,357.0,77.0,65.0,8.0,2048.0,2048.0,128.0,256.0,0.0,25.35,111.2,52.12,0.35,0.0,0.0,0.0,57.0
2026-09-15T22:20:48.372447399Z,358.0,77.104,65.0,8.0,2048.0,2048.0,128.0,256.0,0.0,163.71,53.08,15.8,1.4,0.0,0.0,0.0,57.0
2026-09-15T22:20:48.540979755Z,359.0,77.272,65.0,8.0,2048.0,2048.0,128.0,256.0,0.0,12.37,30.63,51.73,0.24,0.0,0.0,0.0,57.0
2026-09-15T22:20:48.706012461Z,360.0,77.437,65.0,8.0,2048.0,2048.0,128.0,256.0,0.0,51.05,86.1,16.45,0.28,0.0,0.0,0.0,57.0
2026-09-15T22:20:48.932558926Z,361.0,77.662,65.0,9.0,2048.0,2048.0,128.0,256.0,0.0,24.77,78.17,52.83,3.51,0.0,0.0,0.0,58.0
2026-09-15T22:20:49.245718809Z,362.0,77.977,66.0,14.0,2048.0,2048.0,128.0,256.0,0.0,49.29,99.18,43.73,0.42,0.0,0.0,0.0,64.0
2026-09-15T22:20:49.947221703Z,363.0,78.679,72.0,8.0,2048.0,2048.0,128.0,256.0,0.0,37.84,146.14,64.26,0.38,0.0,0.0,0.0,64.0
2026-09-15T22:20:50.342725474Z,364.0,79.074,72.0,9.0,2048.0,2048.0,128.0,256.0,0.0,486.68,107.56,75.4,5.06,0.0,0.0,0.0,65.0
2026-09-15T22:20:51.231533944Z,365.0,79.963,73.0,8.0,2048.0,2048.0,128.0,256.0,0.0,50.36,215.62,89.91,0.47,0.0,0.0,0.0,65.0
2026-09-15T22:20:51.417283850Z,366.0,80.149,73.0,8.0,2048.0,2048.0,128.0,256.0,0.0,640.82,150.72,49.16,0.25,0.0,0.0,0.0,65.0
2026-09-15T22:20:51.539458907Z,367.0,80.271,73.0,8.0,2048.0,2048.0,128.0,256.0,0.0,162.18,10.38,11.19,0.35,0.0,0.0,0.0,65.0
2026-09-15T22:20:51.667678914Z,368.0,80.399,73.0,8.0,2048.0,2048.0,128.0,256.0,0.0,20.27,26.57,66.34,0.39,0.0,0.0,0.0,64.0
2026-09-15T22:20:51.796809961Z,369.0,80.528,72.0,13.0,2048.0,2048.0,128.0,256.0,0.0,28.12,44.04,54.25,2.18,0.0,0.0,0.0,68.0
2026-09-15T22:20:51.926359488Z,370.0,80.658,76.0,9.0,2048.0,2048.0,128.0,256.0,0.0,47.33,28.76,49.59,1.33,0.0,0.0,0.0,68.0
2026-09-15T22:20:52.056231475Z,371.0,80.788,76.0,8.0,2048.0,2048.0,128.0,256.0,0.0,15.25,32.3,79.55,1.43,0.0,0.0,0.0,68.0
2026-09-15T22:20:52.186053982Z,372.0,80.917,76.0,9.0,2048.0,2048.0,128.0,256.0,0.0,38.13,15.95,73.27,1.77,0.0,0.0,0.0,69.0
2026-09-15T22:20:52.314980939Z,373.0,81.047,77.0,8.0,2048.0,2048.0,128.0,256.0,0.0,8.1,10.44,103.49,1.27,0.0,0.0,0.0,69.0
2026-09-15T22:20:52.445137226Z,374.0,81.177,77.0,8.0,2048.0,2048.0,128.0,256.0,0.0,10.42,9.3,107.03,0.42,0.0,0.0,0.0,69.0
2026-09-15T22:20:52.575020373Z,375.0,81.306,77.0,8.0,2048.0,2048.0,128.0,256.0,0.0,41.31,9.51,77.97,1.75,0.0,0.0,0.0,69.0
2026-09-15T22:20:52.704487830Z,376.0,81.436,77.0,9.0,2048.0,2048.0,128.0,256.0,0.0,8.32,9.16,109.85,1.25,0.0,0.0,0.0,70.0
2026-09-15T22:20:52.834204307Z,377.0,81.566,78.0,14.0,2048.0,2048.0,128.0,256.0,0.0,7.45,9.8,110.2,1.76,0.0,0.0,0.0,76.0
2026-09-15T22:20:52.963486425Z,378.0,81.695,84.0,8.0,2048.0,2048.0,128.0,256.0,0.0,7.37,8.82,110.92,1.11,0.0,0.0,0.0,76.0
2026-09-15T22:20:53.093380482Z,379.0,81.825,84.0,9.0,2048.0,2048.0,128.0,256.0,0.0,6.92,8.08,112.61,0.77,0.0,0.0,0.0,77.0
2026-09-15T22:20:53.222999968Z,380.0,81.954,85.0,8.0,2048.0,2048.0,128.0,256.0,0.0,7.36,7.74,113.42,1.3,0.0,0.0,0.0,77.0
2026-09-15T22:20:53.352317306Z,381.0,82.084,85.0,8.0,2048.0,2048.0,128.0,256.0,0.0,14.87,7.96,104.95,1.88,0.0,0.0,0.0,77.0
2026-09-15T22:20:53.481888833Z,382.0,82.213,85.0,8.0,2048.0,2048.0,128.0,256.0,0.0,8.37,8.44,110.16,1.57,0.0,0.0,0.0,77.0
2026-09-15T22:20:53.611667480Z,383.0,82.343,85.0,8.0,2048.0,2048.0,128.0,256.0,0.0,9.52,8.65,109.2,0.5,0.0,0.0,0.0,77.0
2026-09-15T22:20:53.741599617Z,384.0,82.473,85.0,15.0,2048.0,2048.0,128.0,256.0,0.0,10.28,14.16,103.09,1.06,0.0,0.0,0.0,84.0
2026-09-15T22:20:53.870643854Z,385.0,82.602,92.0,8.0,2048.0,2048.0,128.0,256.0,0.0,12.44,17.56,98.07,1.02,0.0,0.0,0.0,84.0
2026-09-15T22:20:54.001603541Z,386.0,82.732,92.0,9.0,2048.0,2048.0,128.0,256.0,0.0,7.4,8.33,111.51,1.32,0.0,0.0,0.0,85.0
2026-09-15T22:20:54.130584598Z,387.0,82.862,93.0,8.0,2048.0,2048.0,128.0,256.0,0.0,7.21,13.28,106.55,1.95,0.0,0.0,0.0,85.0
2026-09-15T22:20:54.264353385Z,388.0,82.996,93.0,8.0,2048.0,2048.0,128.0,256.0,0.0,10.65,10.96,105.81,5.36,0.0,0.0,0.0,85.0
2026-09-15T22:20:54.389851452Z,389.0,83.121,93.0,8.0,2048.0,2048.0,128.0,256.0,0.0,7.27,8.22,112.37,1.59,0.0,0.0,0.0,85.0
2026-09-15T22:20:54.519997319Z,390.0,83.251,93.0,8.0,2048.0,2048.0,128.0,256.0,0.0,8.78,13.19,101.18,2.16,0.0,0.0,0.0,85.0
2026-09-15T22:20:54.649316666Z,391.0,83.381,93.0,14.0,2048.0,2048.0,128.0,256.0,0.0,9.59,11.21,106.53,1.09,0.0,0.0,0.0,92.0
2026-09-15T22:20:54.779464413Z,392.0,83.511,99.0,8.0,2048.0,2048.0,128.0,256.0,0.0,18.04,11.76,97.57,2.04,0.0,0.0,0.0,92.0
2026-09-15T22:20:54.908489930Z,393.0,83.64,100.0,9.0,2048.0,2048.0,128.0,256.0,0.0,9.48,9.37,108.64,1.65,0.0,0.0,0.0,93.0
2026-09-15T22:20:55.038828777Z,394.0,83.77,101.0,8.0,2048.0,2048.0,128.0,256.0,0.0,13.1,12.16,101.54,0.65,0.0,0.0,0.0,92.0
2026-09-15T22:20:55.168623954Z,395.0,83.9,100.0,8.0,2048.0,2048.0,128.0,256.0,0.0,13.54,12.16,103.26,1.15,0.0,0.0,0.0,91.0
2026-09-15T22:20:55.298603181Z,396.0,84.03,99.0,8.0,2048.0,2048.0,128.0,256.0,0.0,14.94,19.57,93.42,1.74,0.0,0.0,0.0,90.0
2026-09-15T22:20:55.428346418Z,397.0,84.16,98.0,8.0,2048.0,2048.0,128.0,256.0,0.0,10.54,10.92,106.01,1.58,0.0,0.0,0.0,90.0
2026-09-15T22:20:55.557705555Z,398.0,84.289,98.0,13.0,2048.0,2048.0,128.0,256.0,0.0,15.45,8.27,103.74,0.43,0.0,0.0,0.0,95.0
2026-09-15T22:20:55.687540552Z,399.0,84.419,103.0,10.0,2048.0,2048.0,128.0,256.0,0.0,9.14,9.06,110.03,1.46,0.0,0.0,0.0,97.0
2026-09-15T22:20:55.817349949Z,400.0,84.549,105.0,8.0,2048.0,2048.0,128.0,256.0,0.0,8.56,8.25,110.83,0.34,0.0,0.0,0.0,97.0
2026-09-15T22:20:55.947350657Z,401.0,84.679,105.0,9.0,2048.0,2048.0,128.0,256.0,0.0,10.63,8.46,109.71,1.66,0.0,0.0,0.0,98.0
2026-09-15T22:20:56.077061154Z,402.0,84.808,106.0,8.0,2048.0,2048.0,128.0,256.0,0.0,7.42,8.26,111.74,1.68,0.0,0.0,0.0,98.0
2026-09-15T22:20:56.206832991Z,403.0,84.938,106.0,8.0,2048.0,2048.0,128.0,256.0,0.0,7.61,8.63,111.24,0.37,0.0,0.0,0.0,98.0
2026-09-15T22:20:56.337060448Z,404.0,85.068,106.0,8.0,2048.0,2048.0,128.0,256.0,0.0,7.73,8.95,112.04,0.68,0.0,0.0,0.0,98.0
2026-09-15T22:20:56.466488295Z,405.0,85.198,106.0,9.0,2048.0,2048.0,128.0,256.0,0.0,7.49,7.89,113.47,1.01,0.0,0.0,0.0,99.0
2026-09-15T22:20:56.596846022Z,406.0,85.328,107.0,13.0,2048.0,2048.0,128.0,256.0,0.0,20.32,11.55,95.84,1.21,0.0,0.0,0.0,103.0
2026-09-15T22:20:56.726698629Z,407.0,85.458,111.0,9.0,2048.0,2048.0,128.0,256.0,0.0,8.4,8.29,111.83,0.78,0.0,0.0,0.0,104.0
2026-09-15T22:20:56.856641306Z,408.0,85.588,112.0,8.0,2048.0,2048.0,128.0,256.0,0.0,7.99,8.02,112.36,0.42,0.0,0.0,0.0,104.0
2026-09-15T22:20:56.986576473Z,409.0,85.718,112.0,9.0,2048.0,2048.0,128.0,256.0,0.0,8.21,8.68,111.93,1.51,0.0,0.0,0.0,105.0
2026-09-15T22:20:57.116884090Z,410.0,85.848,113.0,8.0,2048.0,2048.0,128.0,256.0,0.0,8.46,7.88,111.53,1.5,0.0,0.0,0.0,105.0
2026-09-15T22:20:57.246954007Z,411.0,85.978,113.0,8.0,2048.0,2048.0,128.0,256.0,0.0,7.68,8.87,111.48,1.09,0.0,0.0,0.0,105.0
2026-09-15T22:20:57.376861374Z,412.0,86.108,113.0,8.0,2048.0,2048.0,128.0,256.0,0.0,8.18,7.83,112.45,1.73,0.0,0.0,0.0,105.0
2026-09-15T22:20:57.506839901Z,413.0,86.238,113.0,10.0,2048.0,2048.0,128.0,256.0,0.0,12.12,12.98,102.43,0.71,0.0,0.0,0.0,106.0
2026-09-15T22:20:57.636730858Z,414.0,86.368,114.0,10.0,2048.0,2048.0,128.0,256.0,0.0,9.0,15.76,103.76,1.83,0.0,0.0,0.0,108.0
2026-09-15T22:20:57.767308175Z,415.0,86.499,116.0,10.0,2048.0,2048.0,128.0,256.0,0.0,10.84,8.64,108.11,1.71,0.0,0.0,0.0,110.0
2026-09-15T22:20:57.896533052Z,416.0,86.628,118.0,10.0,2048.0,2048.0,128.0,256.0,0.0,9.88,8.83,109.29,0.99,0.0,0.0,0.0,112.0
2026-09-15T22:20:58.026673769Z,417.0,86.758,120.0,8.0,2048.0,2048.0,128.0,256.0,0.0,10.62,9.6,107.43,1.15,0.0,0.0,0.0,112.0
2026-09-15T22:20:58.156673166Z,418.0,86.888,120.0,8.0,2048.0,2048.0,128.0,256.0,0.0,9.18,9.58,109.45,1.25,0.0,0.0,0.0,112.0
2026-09-15T22:20:58.286717013Z,419.0,87.018,120.0,8.0,2048.0,2048.0,128.0,256.0,0.0,10.12,9.59,108.39,1.28,0.0,0.0,0.0,112.0
2026-09-15T22:20:58.416787990Z,420.0,87.148,120.0,9.0,2048.0,2048.0,128.0,256.0,0.0,9.39,9.43,109.26,1.17,0.0,0.0,0.0,113.0
2026-09-15T22:20:58.546464527Z,421.0,87.278,121.0,8.0,1625.0,2048.0,128.0,256.0,0.0,9.66,9.98,108.51,1.16,0.0,0.0,0.0,116.0
2026-09-15T22:20:58.676279464Z,422.0,87.408,121.0,5.0,1196.0,2048.0,128.0,256.0,1.0,9.3,9.53,108.93,0.68,0.0,0.0,0.0,117.0
2026-09-15T22:20:58.805175842Z,423.0,87.537,121.0,4.0,779.0,2048.0,128.0,256.0,1.0,10.08,9.24,109.16,0.47,0.0,0.0,0.0,120.0
2026-09-15T22:20:58.934600319Z,424.0,87.666,121.0,1.0,362.0,2048.0,128.0,256.0,1.0,9.83,9.33,108.58,0.65,0.0,0.0,0.0,120.0
2026-09-15T22:20:59.063519586Z,425.0,87.795,121.0,1.0,362.0,2048.0,128.0,256.0,1.0,9.92,9.27,108.81,0.96,0.0,0.0,0.0,120.0
2026-09-15T22:20:59.193303163Z,426.0,87.925,121.0,1.0,362.0,2048.0,128.0,256.0,1.0,9.65,10.17,107.33,1.01,0.0,0.0,0.0,120.0
2026-09-15T22:20:59.322154050Z,427.0,88.054,121.0,1.0,326.0,2048.0,128.0,256.0,1.0,8.32,8.28,111.12,1.72,0.0,0.0,0.0,121.0
2026-09-15T22:20:59.450839847Z,428.0,88.182,121.0,0.0,121.0,2048.0,128.0,256.0,0.0,9.47,9.48,107.48,0.67,0.0,0.0,0.0,121.0
2026-09-15T22:20:59.579583294Z,429.0,88.311,121.0,0.0,121.0,2048.0,128.0,256.0,0.0,7.98,7.93,111.36,0.38,0.0,0.0,0.0,121.0
2026-09-15T22:20:59.708627601Z,430.0,88.44,121.0,0.0,121.0,2048.0,128.0,256.0,0.0,8.15,8.77,110.5,0.84,0.0,0.0,0.0,121.0
2026-09-15T22:20:59.837218068Z,431.0,88.569,121.0,0.0,121.0,2048.0,128.0,256.0,0.0,8.38,9.1,110.33,1.2,0.0,0.0,0.0,121.0
2026-09-15T22:20:59.965738595Z,432.0,88.697,121.0,0.0,120.0,2048.0,128.0,256.0,0.0,13.71,10.82,102.13,0.91,0.0,0.0,0.0,120.0
2026-09-15T22:21:00.094804582Z,433.0,88.826,120.0,0.0,120.0,2048.0,128.0,256.0,0.0,8.84,7.75,110.45,0.73,0.0,0.0,0.0,120.0
2026-09-15T22:21:00.223393339Z,434.0,88.955,120.0,0.0,120.0,2048.0,128.0,256.0,0.0,8.02,7.52,112.07,0.95,0.0,0.0,0.0,120.0
2026-09-15T22:21:00.352361686Z,435.0,89.084,120.0,0.0,120.0,2048.0,128.0,256.0,0.0,8.65,8.5,109.91,2.11,0.0,0.0,0.0,120.0
2026-09-15T22:21:00.482021574Z,436.0,89.213,120.0,6.0,1568.0,2048.0,128.0,256.0,1.0,77.83,9.05,39.29,1.43,0.0,0.0,0.0,120.0
2026-09-15T22:21:00.611848911Z,437.0,89.343,126.0,6.0,1568.0,2048.0,128.0,256.0,1.0,8.15,7.94,111.45,1.7,0.0,0.0,0.0,120.0
2026-09-15T22:21:00.741872858Z,438.0,89.473,126.0,6.0,1568.0,2048.0,128.0,256.0,1.0,8.03,7.95,111.5,0.74,0.0,0.0,0.0,120.0
2026-09-15T22:21:00.871863455Z,439.0,89.603,126.0,6.0,1568.0,2048.0,128.0,256.0,1.0,8.21,7.89,112.63,1.35,0.0,0.0,0.0,120.0
2026-09-15T22:21:01.001327732Z,440.0,89.733,126.0,6.0,1568.0,2048.0,128.0,256.0,1.0,8.76,8.23,110.88,0.71,0.0,0.0,0.0,120.0
2026-09-15T22:21:01.131239489Z,441.0,89.863,126.0,6.0,1568.0,2048.0,128.0,256.0,1.0,9.44,8.36,110.25,0.82,0.0,0.0,0.0,120.0
2026-09-15T22:21:01.261351166Z,442.0,89.993,126.0,6.0,1568.0,2048.0,128.0,256.0,1.0,8.41,7.86,112.11,1.52,0.0,0.0,0.0,120.0
2026-09-15T22:21:01.390973463Z,443.0,90.122,126.0,6.0,1378.0,2048.0,128.0,256.0,1.0,8.1,8.44,111.32,0.55,0.0,0.0,0.0,122.0
2026-09-15T22:21:01.520686740Z,444.0,90.252,126.0,4.0,1087.0,2048.0,128.0,256.0,1.0,8.19,9.2,111.17,0.61,0.0,0.0,0.0,122.0
2026-09-15T22:21:01.649766107Z,445.0,90.381,126.0,4.0,420.0,2048.0,128.0,256.0,1.0,9.36,8.62,110.29,1.37,0.0,0.0,0.0,126.0
2026-09-15T22:21:01.778480974Z,446.0,90.51,126.0,0.0,126.0,2048.0,128.0,256.0,0.0,10.38,9.36,107.27,0.74,0.0,0.0,0.0,126.0
2026-09-15T22:21:01.907277041Z,447.0,90.639,126.0,0.0,126.0,2048.0,128.0,256.0,0.0,10.78,9.09,107.6,0.79,0.0,0.0,0.0,126.0
2026-09-15T22:21:02.036081988Z,448.0,90.768,126.0,0.0,126.0,2048.0,128.0,256.0,0.0,8.15,8.03,111.23,1.31,0.0,0.0,0.0,126.0
2026-09-15T22:21:02.165366395Z,449.0,90.897,126.0,0.0,126.0,2048.0,128.0,256.0,0.0,8.4,7.82,110.64,2.07,0.0,0.0,0.0,126.0
2026-09-15T22:21:02.294005182Z,450.0,91.025,126.0,0.0,126.0,2048.0,128.0,256.0,0.0,8.1,7.87,110.52,0.79,0.0,0.0,0.0,126.0
2026-09-15T22:21:02.423111279Z,451.0,91.155,126.0,0.0,126.0,2048.0,128.0,256.0,0.0,9.03,9.32,108.92,1.61,0.0,0.0,0.0,126.0
2026-09-15T22:21:02.551800336Z,452.0,91.283,126.0,0.0,126.0,2048.0,128.0,256.0,0.0,8.78,8.31,109.72,1.55,0.0,0.0,0.0,126.0
2026-09-15T22:21:02.680581684Z,453.0,91.412,126.0,0.0,125.0,2048.0,128.0,256.0,0.0,13.77,10.39,102.25,0.45,0.0,0.0,0.0,125.0
2026-09-15T22:21:02.809484010Z,454.0,91.541,125.0,0.0,124.0,2048.0,128.0,256.0,0.0,11.73,12.75,100.88,0.98,0.0,0.0,0.0,124.0
2026-09-15T22:21:02.938897958Z,455.0,91.67,124.0,0.0,124.0,2048.0,128.0,256.0,0.0,10.76,8.83,107.66,1.95,0.0,0.0,0.0,124.0
2026-09-15T22:21:03.067524775Z,456.0,91.799,124.0,0.0,124.0,2048.0,128.0,256.0,0.0,8.47,8.11,110.25,1.56,0.0,0.0,0.0,124.0
2026-09-15T22:21:03.195357612Z,457.0,91.927,124.0,0.0,124.0,2048.0,128.0,256.0,0.0,8.92,8.61,108.66,0.39,0.0,0.0,0.0,124.0
2026-09-15T22:21:03.324743969Z,458.0,92.056,124.0,0.0,124.0,2048.0,128.0,256.0,0.0,9.23,8.48,109.23,0.77,0.0,0.0,0.0,124.0
2026-09-15T22:21:03.453470206Z,459.0,92.185,124.0,1.0,364.0,2048.0,128.0,256.0,1.0,21.16,10.55,96.24,1.23,0.0,0.0,0.0,123.0
2026-09-15T22:21:03.582164303Z,460.0,92.314,124.0,1.0,364.0,2048.0,128.0,256.0,1.0,9.49,8.64,108.73,0.66,0.0,0.0,0.0,123.0
2026-09-15T22:21:03.711809720Z,461.0,92.443,124.0,2.0,604.0,2048.0,128.0,256.0,1.0,20.34,11.26,96.0,1.03,0.0,0.0,0.0,122.0
2026-09-15T22:21:03.840260477Z,462.0,92.572,124.0,2.0,604.0,2048.0,128.0,256.0,1.0,8.51,8.25,111.17,1.04,0.0,0.0,0.0,122.0
2026-09-15T22:21:03.969710034Z,463.0,92.701,124.0,2.0,604.0,2048.0,128.0,256.0,1.0,8.41,8.5,109.73,1.5,0.0,0.0,0.0,122.0
2026-09-15T22:21:04.098833861Z,464.0,92.83,124.0,2.0,603.0,2048.0,128.0,256.0,1.0,15.26,13.92,98.11,1.95,0.0,0.0,0.0,121.0
2026-09-15T22:21:04.227958968Z,465.0,92.959,123.0,2.0,603.0,2048.0,128.0,256.0,1.0,10.06,8.09,108.5,1.41,0.0,0.0,0.0,121.0
2026-09-15T22:21:04.357367745Z,466.0,93.089,123.0,2.0,603.0,2048.0,128.0,256.0,1.0,8.14,8.14,110.88,0.96,0.0,0.0,0.0,121.0
2026-09-15T22:21:04.485739972Z,467.0,93.217,123.0,2.0,603.0,2048.0,128.0,256.0,1.0,8.55,8.27,110.78,0.41,0.0,0.0,0.0,121.0
2026-09-15T22:21:04.615274349Z,468.0,93.347,123.0,2.0,567.0,2048.0,128.0,256.0,1.0,8.86,8.48,110.01,0.58,0.0,0.0,0.0,122.0
2026-09-15T22:21:04.743593117Z,469.0,93.475,123.0,1.0,363.0,2048.0,128.0,256.0,1.0,8.79,7.79,111.59,0.96,0.0,0.0,0.0,122.0
2026-09-15T22:21:04.872708694Z,470.0,93.604,123.0,1.0,259.0,2048.0,128.0,256.0,1.0,13.78,10.48,102.34,1.08,0.0,0.0,0.0,122.0
2026-09-15T22:21:05.001694401Z,471.0,93.733,122.0,0.0,122.0,2048.0,128.0,256.0,0.0,9.05,7.44,110.99,1.1,0.0,0.0,0.0,122.0
2026-09-15T22:21:05.130285308Z,472.0,93.862,122.0,0.0,120.0,2048.0,128.0,256.0,0.0,16.32,13.08,97.71,0.5,0.0,0.0,0.0,120.0
2026-09-15T22:21:05.259410305Z,473.0,93.991,120.0,0.0,119.0,2048.0,128.0,256.0,0.0,17.72,12.7,96.97,1.44,0.0,0.0,0.0,119.0
2026-09-15T22:21:05.387592262Z,474.0,94.119,119.0,0.0,119.0,2048.0,128.0,256.0,0.0,9.27,7.55,110.16,2.33,0.0,0.0,0.0,119.0
2026-09-15T22:21:05.517637629Z,475.0,94.249,119.0,6.0,1568.0,2048.0,128.0,256.0,1.0,97.36,9.0,19.08,0.74,0.0,0.0,0.0,119.0
2026-09-15T22:21:05.672340165Z,476.0,94.379,125.0,6.0,1568.0,2048.0,128.0,256.0,1.0,8.68,8.95,110.93,0.62,0.0,0.0,0.0,119.0
2026-09-15T22:21:05.777417603Z,477.0,94.509,125.0,6.0,1568.0,2048.0,128.0,256.0,1.0,9.85,8.64,109.68,0.69,0.0,0.0,0.0,119.0
2026-09-15T22:21:05.906980820Z,478.0,94.638,125.0,6.0,1568.0,2048.0,128.0,256.0,1.0,33.4,7.84,87.52,0.97,0.0,0.0,0.0,119.0
2026-09-15T22:21:06.037421507Z,479.0,94.769,125.0,6.0,1568.0,2048.0,128.0,256.0,1.0,13.07,11.89,102.89,1.75,0.0,0.0,0.0,118.0
2026-09-15T22:21:06.167351204Z,480.0,94.899,124.0,6.0,1568.0,2048.0,128.0,256.0,1.0,13.23,11.23,103.51,0.59,0.0,0.0,0.0,117.0
2026-09-15T22:21:06.297474011Z,481.0,95.029,123.0,6.0,1568.0,2048.0,128.0,256.0,1.0,11.07,11.33,106.18,1.01,0.0,0.0,0.0,117.0
2026-09-15T22:21:06.427402618Z,482.0,95.159,123.0,7.0,1808.0,2048.0,128.0,256.0,1.0,23.02,12.92,92.5,1.44,0.0,0.0,0.0,116.0
2026-09-15T22:21:06.557402225Z,483.0,95.289,123.0,7.0,1547.0,2048.0,128.0,256.0,1.0,13.51,18.01,96.2,1.19,0.0,0.0,0.0,117.0
2026-09-15T22:21:06.687434722Z,484.0,95.419,122.0,5.0,902.0,2048.0,128.0,256.0,1.0,11.57,9.14,107.47,1.57,0.0,0.0,0.0,121.0
2026-09-15T22:21:06.816662390Z,485.0,95.548,122.0,1.0,363.0,2048.0,128.0,256.0,1.0,7.72,8.57,111.54,1.12,0.0,0.0,0.0,121.0
2026-09-15T22:21:06.945731176Z,486.0,95.677,122.0,1.0,363.0,2048.0,128.0,256.0,1.0,9.86,9.11,108.44,0.76,0.0,0.0,0.0,121.0
2026-09-15T22:21:07.074111504Z,487.0,95.805,122.0,1.0,362.0,2048.0,128.0,256.0,1.0,13.15,12.77,101.54,0.92,0.0,0.0,0.0,120.0
2026-09-15T22:21:07.203265671Z,488.0,95.935,121.0,1.0,362.0,2048.0,128.0,256.0,1.0,8.82,8.53,109.55,0.89,0.0,0.0,0.0,120.0
2026-09-15T22:21:07.331669948Z,489.0,96.063,121.0,1.0,362.0,2048.0,128.0,256.0,1.0,7.82,8.58,111.15,0.88,0.0,0.0,0.0,120.0
2026-09-15T22:21:07.461233335Z,490.0,96.193,121.0,1.0,362.0,2048.0,128.0,256.0,1.0,8.6,8.34,109.96,0.48,0.0,0.0,0.0,120.0
2026-09-15T22:21:07.591279552Z,491.0,96.323,121.0,1.0,239.0,2048.0,128.0,256.0,1.0,11.2,8.34,108.67,1.86,0.0,0.0,0.0,121.0
2026-09-15T22:21:07.718596839Z,492.0,96.45,121.0,0.0,120.0,2048.0,128.0,256.0,0.0,12.94,13.31,101.26,0.61,0.0,0.0,0.0,120.0
2026-09-15T22:21:07.847179946Z,493.0,96.579,120.0,0.0,120.0,2048.0,128.0,256.0,0.0,9.61,8.9,107.55,1.29,0.0,0.0,0.0,120.0
2026-09-15T22:21:07.976033173Z,494.0,96.707,120.0,0.0,120.0,2048.0,128.0,256.0,0.0,9.76,8.32,108.69,0.85,0.0,0.0,0.0,120.0
2026-09-15T22:21:08.104513830Z,495.0,96.836,120.0,0.0,120.0,2048.0,128.0,256.0,0.0,9.03,7.69,110.62,1.72,0.0,0.0,0.0,120.0
2026-09-15T22:21:08.232647827Z,496.0,96.964,120.0,0.0,120.0,2048.0,128.0,256.0,0.0,8.13,7.83,110.24,0.5,0.0,0.0,0.0,120.0
2026-09-15T22:21:08.361664864Z,497.0,97.093,120.0,0.0,120.0,2048.0,128.0,256.0,0.0,8.82,7.5,110.75,0.41,0.0,0.0,0.0,120.0
2026-09-15T22:21:08.490581051Z,498.0,97.222,120.0,0.0,119.0,2048.0,128.0,256.0,0.0,10.68,14.86,102.23,0.92,0.0,0.0,0.0,119.0
2026-09-15T22:21:08.620948938Z,499.0,97.352,119.0,0.0,118.0,2048.0,128.0,256.0,0.0,12.82,16.47,98.11,3.59,0.0,0.0,0.0,118.0
2026-09-15T22:21:08.748603635Z,500.0,97.48,118.0,6.0,1568.0,2048.0,128.0,256.0,1.0,102.49,9.25,14.0,0.77,0.0,0.0,0.0,118.0
2026-09-15T22:21:08.878774763Z,501.0,97.61,124.0,6.0,1568.0,2048.0,128.0,256.0,1.0,8.52,8.06,109.78,0.77,0.0,0.0,0.0,118.0
2026-09-15T22:21:09.008221680Z,502.0,97.74,124.0,6.0,1568.0,2048.0,128.0,256.0,1.0,14.62,10.48,103.64,1.06,0.0,0.0,0.0,117.0
2026-09-15T22:21:09.137979217Z,503.0,97.869,123.0,6.0,1568.0,2048.0,128.0,256.0,1.0,8.43,8.44,110.97,0.49,0.0,0.0,0.0,117.0
2026-09-15T22:21:09.267822724Z,504.0,97.999,123.0,6.0,1568.0,2048.0,128.0,256.0,1.0,8.4,8.31,111.84,0.86,0.0,0.0,0.0,117.0
2026-09-15T22:21:09.397101331Z,505.0,98.128,123.0,6.0,1568.0,2048.0,128.0,256.0,1.0,11.07,16.24,100.96,1.32,0.0,0.0,0.0,117.0
2026-09-15T22:21:09.527130938Z,506.0,98.259,123.0,6.0,1568.0,2048.0,128.0,256.0,1.0,8.47,8.43,110.31,0.71,0.0,0.0,0.0,117.0
2026-09-15T22:21:09.657362315Z,507.0,98.389,123.0,6.0,1568.0,2048.0,128.0,256.0,1.0,7.94,8.74,111.9,0.89,0.0,0.0,0.0,117.0
2026-09-15T22:21:09.786837422Z,508.0,98.518,123.0,7.0,1568.0,2048.0,128.0,256.0,1.0,26.07,13.05,89.28,0.51,0.0,0.0,0.0,116.0
2026-09-15T22:21:09.916940259Z,509.0,98.648,122.0,7.0,1755.0,2048.0,128.0,256.0,1.0,18.56,11.44,98.13,1.21,0.0,0.0,0.0,116.0
2026-09-15T22:21:10.045894826Z,510.0,98.777,122.0,6.0,931.0,2048.0,128.0,256.0,1.0,8.67,9.32,110.23,0.53,0.0,0.0,0.0,119.0
2026-09-15T22:21:10.174825163Z,511.0,98.906,122.0,3.0,843.0,2048.0,128.0,256.0,1.0,9.45,8.92,109.23,0.41,0.0,0.0,0.0,119.0
2026-09-15T22:21:10.304485410Z,512.0,99.036,122.0,3.0,843.0,2048.0,128.0,256.0,1.0,9.75,9.12,108.94,0.88,0.0,0.0,0.0,119.0
2026-09-15T22:21:10.433186697Z,513.0,99.165,122.0,3.0,843.0,2048.0,128.0,256.0,1.0,11.42,12.85,103.49,1.0,0.0,0.0,0.0,120.0
2026-09-15T22:21:10.562745554Z,514.0,99.294,122.0,2.0,602.0,2048.0,128.0,256.0,1.0,9.12,8.27,109.72,0.93,0.0,0.0,0.0,120.0
2026-09-15T22:21:10.691399821Z,515.0,99.423,122.0,2.0,601.0,2048.0,128.0,256.0,1.0,18.62,15.09,94.3,0.51,0.0,0.0,0.0,118.0
2026-09-15T22:21:10.821182239Z,516.0,99.553,120.0,2.0,601.0,2048.0,128.0,256.0,1.0,9.05,8.0,110.4,1.95,0.0,0.0,0.0,118.0
2026-09-15T22:21:10.949625356Z,517.0,99.681,120.0,2.0,601.0,2048.0,128.0,256.0,1.0,8.39,8.16,110.56,0.51,0.0,0.0,0.0,118.0
2026-09-15T22:21:11.078372962Z,518.0,99.81,120.0,2.0,320.0,2048.0,128.0,256.0,1.0,9.43,8.6,109.27,0.64,0.0,0.0,0.0,120.0
2026-09-15T22:21:11.206827010Z,519.0,99.938,120.0,0.0,120.0,2048.0,128.0,256.0,0.0,9.69,8.48,109.15,0.62,0.0,0.0,0.0,120.0
2026-09-15T22:21:11.335671537Z,520.0,100.067,120.0,0.0,119.0,2048.0,128.0,256.0,0.0,13.54,11.61,102.06,0.46,0.0,0.0,0.0,119.0
2026-09-15T22:21:11.464159694Z,521.0,100.196,119.0,0.0,119.0,2048.0,128.0,256.0,0.0,9.69,7.76,110.32,1.04,0.0,0.0,0.0,119.0
2026-09-15T22:21:11.592742631Z,522.0,100.324,119.0,0.0,118.0,2048.0,128.0,256.0,0.0,13.37,9.91,103.59,0.79,0.0,0.0,0.0,118.0
2026-09-15T22:21:11.721486958Z,523.0,100.453,118.0,0.0,116.0,2048.0,128.0,256.0,0.0,18.19,14.07,94.82,1.19,0.0,0.0,0.0,116.0
2026-09-15T22:21:11.849658825Z,524.0,100.581,116.0,0.0,116.0,2048.0,128.0,256.0,0.0,8.69,7.72,110.53,1.38,0.0,0.0,0.0,116.0
2026-09-15T22:21:11.979055082Z,525.0,100.71,116.0,5.0,1328.0,2048.0,128.0,256.0,1.0,95.7,10.1,20.28,1.64,0.0,0.0,0.0,116.0
2026-09-15T22:21:12.108436939Z,526.0,100.84,121.0,5.0,1328.0,2048.0,128.0,256.0,1.0,12.89,9.79,104.54,0.36,0.0,0.0,0.0,116.0
2026-09-15T22:21:12.237785666Z,527.0,100.969,121.0,5.0,1328.0,2048.0,128.0,256.0,1.0,13.66,15.37,99.14,0.54,0.0,0.0,0.0,115.0
2026-09-15T22:21:12.367728003Z,528.0,101.099,120.0,5.0,1328.0,2048.0,128.0,256.0,1.0,9.5,8.31,110.43,1.1,0.0,0.0,0.0,115.0
2026-09-15T22:21:12.497470230Z,529.0,101.229,120.0,6.0,1568.0,2048.0,128.0,256.0,1.0,20.31,10.01,97.88,0.73,0.0,0.0,0.0,114.0
2026-09-15T22:21:12.627052507Z,530.0,101.358,120.0,6.0,1568.0,2048.0,128.0,256.0,1.0,8.7,7.84,111.84,1.04,0.0,0.0,0.0,114.0
2026-09-15T22:21:12.756519555Z,531.0,101.488,120.0,6.0,1568.0,2048.0,128.0,256.0,1.0,8.17,9.5,110.19,0.5,0.0,0.0,0.0,114.0
2026-09-15T22:21:12.886394272Z,532.0,101.618,120.0,6.0,1568.0,2048.0,128.0,256.0,1.0,8.14,7.93,112.23,1.27,0.0,0.0,0.0,114.0
2026-09-15T22:21:13.016077909Z,533.0,101.747,120.0,7.0,1467.0,2048.0,128.0,256.0,1.0,20.61,10.38,97.01,1.63,0.0,0.0,0.0,116.0
2026-09-15T22:21:13.146322755Z,534.0,101.878,120.0,5.0,1324.0,2048.0,128.0,256.0,1.0,19.44,14.94,93.13,1.68,0.0,0.0,0.0,114.0
2026-09-15T22:21:13.275587933Z,535.0,102.007,119.0,5.0,1093.0,2048.0,128.0,256.0,1.0,7.89,7.93,112.16,1.08,0.0,0.0,0.0,116.0
2026-09-15T22:21:13.404626480Z,536.0,102.136,119.0,3.0,841.0,2048.0,128.0,256.0,1.0,8.37,8.35,110.49,1.1,0.0,0.0,0.0,116.0
2026-09-15T22:21:13.533797767Z,537.0,102.265,119.0,3.0,840.0,2048.0,128.0,256.0,1.0,12.71,10.02,104.62,1.02,0.0,0.0,0.0,115.0
2026-09-15T22:21:13.663178034Z,538.0,102.395,118.0,3.0,840.0,2048.0,128.0,256.0,1.0,10.81,13.54,103.19,0.99,0.0,0.0,0.0,114.0
2026-09-15T22:21:13.791485501Z,539.0,102.523,117.0,3.0,731.0,2048.0,128.0,256.0,1.0,8.29,8.19,111.3,1.74,0.0,0.0,0.0,115.0
2026-09-15T22:21:13.921799348Z,540.0,102.653,117.0,8.0,2048.0,2048.0,128.0,256.0,0.0,91.86,11.64,22.52,1.18,0.0,0.0,0.0,114.0
2026-09-15T22:21:14.051869795Z,541.0,102.783,122.0,8.0,2048.0,2048.0,128.0,256.0,0.0,13.64,10.67,104.29,0.6,0.0,0.0,0.0,113.0
2026-09-15T22:21:14.181647292Z,542.0,102.913,121.0,9.0,2048.0,2048.0,128.0,256.0,0.0,16.96,7.97,103.87,0.49,0.0,0.0,0.0,114.0
2026-09-15T22:21:14.311662399Z,543.0,103.043,122.0,9.0,2048.0,2048.0,128.0,256.0,0.0,21.27,12.18,95.13,0.72,0.0,0.0,0.0,114.0
2026-09-15T22:21:14.442163086Z,544.0,103.174,122.0,8.0,2048.0,2048.0,128.0,256.0,0.0,17.6,17.73,93.3,1.9,0.0,0.0,0.0,112.0
2026-09-15T22:21:14.572135753Z,545.0,103.303,120.0,8.0,2048.0,2048.0,128.0,256.0,0.0,9.71,8.29,110.0,1.0,0.0,0.0,0.0,112.0
2026-09-15T22:21:14.702409890Z,546.0,103.434,120.0,8.0,2048.0,2048.0,128.0,256.0,0.0,8.59,8.66,110.95,1.2,0.0,0.0,0.0,112.0
2026-09-15T22:21:14.832797947Z,547.0,103.564,120.0,8.0,2048.0,2048.0,128.0,256.0,0.0,19.59,16.85,91.84,2.05,0.0,0.0,0.0,110.0
2026-09-15T22:21:14.962180134Z,548.0,103.694,118.0,9.0,1706.0,2048.0,128.0,256.0,0.0,17.55,8.7,101.55,0.62,0.0,0.0,0.0,114.0
2026-09-15T22:21:15.091449771Z,549.0,103.823,119.0,5.0,1324.0,2048.0,128.0,256.0,1.0,13.96,12.1,101.95,1.34,0.0,0.0,0.0,113.0
2026-09-15T22:21:15.221917498Z,550.0,103.953,118.0,8.0,1617.0,2048.0,128.0,256.0,1.0,88.96,10.73,27.68,1.23,0.0,0.0,0.0,114.0
2026-09-15T22:21:15.351489915Z,551.0,104.083,120.0,7.0,1568.0,2048.0,128.0,256.0,1.0,15.86,8.83,103.99,1.35,0.0,0.0,0.0,115.0
2026-09-15T22:21:15.481425062Z,552.0,104.213,121.0,7.0,1808.0,2048.0,128.0,256.0,1.0,20.75,11.12,95.58,1.4,0.0,0.0,0.0,114.0
2026-09-15T22:21:15.611573039Z,553.0,104.343,121.0,8.0,1808.0,2048.0,128.0,256.0,1.0,15.87,8.58,103.5,0.99,0.0,0.0,0.0,115.0
2026-09-15T22:21:15.742541176Z,554.0,104.474,122.0,7.0,1808.0,2048.0,128.0,256.0,1.0,8.65,8.04,111.66,0.88,0.0,0.0,0.0,115.0
2026-09-15T22:21:15.871505293Z,555.0,104.603,122.0,7.0,1808.0,2048.0,128.0,256.0,1.0,16.9,12.97,99.28,0.78,0.0,0.0,0.0,114.0
2026-09-15T22:21:16.001594521Z,556.0,104.733,121.0,8.0,1808.0,2048.0,128.0,256.0,1.0,22.68,11.46,93.56,0.64,0.0,0.0,0.0,114.0
2026-09-15T22:21:16.131518338Z,557.0,104.863,121.0,7.0,1808.0,2048.0,128.0,256.0,1.0,9.65,8.19,110.97,0.81,0.0,0.0,0.0,114.0
2026-09-15T22:21:16.261532375Z,558.0,104.993,121.0,7.0,1694.0,2048.0,128.0,256.0,1.0,10.12,11.3,107.0,0.85,0.0,0.0,0.0,116.0
2026-09-15T22:21:16.391125652Z,559.0,105.123,121.0,5.0,1294.0,2048.0,128.0,256.0,1.0,13.82,12.38,102.21,0.69,0.0,0.0,0.0,116.0
2026-09-15T22:21:16.520608879Z,560.0,105.252,120.0,4.0,798.0,2048.0,128.0,256.0,1.0,9.23,9.46,109.51,1.08,0.0,0.0,0.0,118.0
2026-09-15T22:21:16.649635146Z,561.0,105.381,120.0,2.0,522.0,2048.0,128.0,256.0,1.0,8.14,7.93,111.59,0.85,0.0,0.0,0.0,119.0
2026-09-15T22:21:16.778029853Z,562.0,105.509,120.0,1.0,360.0,2048.0,128.0,256.0,1.0,8.87,8.75,110.05,0.55,0.0,0.0,0.0,119.0
2026-09-15T22:21:16.907719290Z,563.0,105.639,120.0,1.0,358.0,2048.0,128.0,256.0,1.0,16.32,15.34,95.44,0.71,0.0,0.0,0.0,117.0
2026-09-15T22:21:17.036787167Z,564.0,105.768,118.0,1.0,315.0,2048.0,128.0,256.0,1.0,9.75,7.73,110.95,1.03,0.0,0.0,0.0,118.0
2026-09-15T22:21:17.165358854Z,565.0,105.897,118.0,1.0,358.0,2048.0,128.0,256.0,1.0,22.01,11.1,94.43,1.45,0.0,0.0,0.0,117.0
2026-09-15T22:21:17.295770691Z,566.0,106.027,118.0,6.0,1568.0,2048.0,128.0,256.0,1.0,92.17,9.2,24.95,1.42,0.0,0.0,0.0,117.0
2026-09-15T22:21:17.425452028Z,567.0,106.157,123.0,6.0,1568.0,2048.0,128.0,256.0,1.0,8.84,7.83,111.8,0.82,0.0,0.0,0.0,117.0
2026-09-15T22:21:17.555335985Z,568.0,106.287,123.0,6.0,1568.0,2048.0,128.0,256.0,1.0,8.53,9.49,109.9,1.82,0.0,0.0,0.0,117.0
2026-09-15T22:21:17.684864902Z,569.0,106.416,123.0,6.0,1568.0,2048.0,128.0,256.0,1.0,14.57,11.22,101.65,1.04,0.0,0.0,0.0,116.0
2026-09-15T22:21:17.815372719Z,570.0,106.547,122.0,7.0,1808.0,2048.0,128.0,256.0,1.0,22.89,12.18,92.81,2.25,0.0,0.0,0.0,115.0
2026-09-15T22:21:17.944870826Z,571.0,106.676,122.0,7.0,1808.0,2048.0,128.0,256.0,1.0,17.51,10.65,99.59,1.7,0.0,0.0,0.0,114.0
2026-09-15T22:21:18.074645603Z,572.0,106.806,121.0,7.0,1808.0,2048.0,128.0,256.0,1.0,8.98,8.02,110.04,0.61,0.0,0.0,0.0,114.0
2026-09-15T22:21:18.204584620Z,573.0,106.936,121.0,7.0,1754.0,2048.0,128.0,256.0,1.0,8.93,8.02,111.63,0.63,0.0,0.0,0.0,115.0
2026-09-15T22:21:18.335398817Z,574.0,107.067,121.0,6.0,1311.0,2048.0,128.0,256.0,1.0,20.5,22.79,85.33,1.23,0.0,0.0,0.0,116.0
2026-09-15T22:21:18.463917825Z,575.0,107.195,118.0,3.0,780.0,2048.0,128.0,256.0,1.0,28.82,16.1,84.07,1.83,0.0,0.0,0.0,115.0
2026-09-15T22:21:18.592847362Z,576.0,107.324,117.0,2.0,598.0,2048.0,128.0,256.0,1.0,9.07,8.28,108.82,1.16,0.0,0.0,0.0,115.0
2026-09-15T22:21:18.721896189Z,577.0,107.453,117.0,2.0,598.0,2048.0,128.0,256.0,1.0,10.18,7.52,109.46,1.73,0.0,0.0,0.0,115.0
2026-09-15T22:21:18.852280646Z,578.0,107.584,117.0,7.0,1808.0,2048.0,128.0,256.0,1.0,93.44,16.42,16.68,1.49,0.0,0.0,0.0,114.0
2026-09-15T22:21:18.982042453Z,579.0,107.713,121.0,8.0,1808.0,2048.0,128.0,256.0,1.0,18.17,9.29,100.63,1.53,0.0,0.0,0.0,115.0
2026-09-15T22:21:19.112452410Z,580.0,107.844,122.0,7.0,1808.0,2048.0,128.0,256.0,1.0,9.23,7.57,110.84,0.96,0.0,0.0,0.0,115.0
2026-09-15T22:21:19.242450307Z,581.0,107.974,122.0,7.0,1808.0,2048.0,128.0,256.0,1.0,8.13,7.73,113.03,1.57,0.0,0.0,0.0,115.0
2026-09-15T22:21:19.372382304Z,582.0,108.104,122.0,7.0,1808.0,2048.0,128.0,256.0,1.0,8.8,7.82,111.14,1.89,0.0,0.0,0.0,115.0
2026-09-15T22:21:19.502408521Z,583.0,108.234,122.0,7.0,1808.0,2048.0,128.0,256.0,1.0,8.91,8.43,110.01,0.71,0.0,0.0,0.0,115.0
2026-09-15T22:21:19.632765018Z,584.0,108.364,122.0,7.0,1808.0,2048.0,128.0,256.0,1.0,12.95,10.79,104.87,0.55,0.0,0.0,0.0,114.0
2026-09-15T22:21:19.762692405Z,585.0,108.494,121.0,8.0,1808.0,2048.0,128.0,256.0,1.0,16.56,8.31,104.21,0.38,0.0,0.0,0.0,115.0
2026-09-15T22:21:19.892845912Z,586.0,108.624,122.0,8.0,1655.0,2048.0,128.0,256.0,1.0,15.47,8.11,105.34,0.63,0.0,0.0,0.0,120.0
2026-09-15T22:21:20.022556379Z,587.0,108.754,123.0,3.0,845.0,2048.0,128.0,256.0,1.0,10.31,13.27,105.35,0.58,0.0,0.0,0.0,119.0
2026-09-15T22:21:20.152138536Z,588.0,108.884,122.0,4.0,1084.0,2048.0,128.0,256.0,1.0,27.26,18.05,82.89,1.42,0.0,0.0,0.0,116.0
2026-09-15T22:21:20.281894404Z,589.0,109.013,120.0,4.0,1047.0,2048.0,128.0,256.0,1.0,15.03,11.76,100.84,1.18,0.0,0.0,0.0,116.0
2026-09-15T22:21:20.410709610Z,590.0,109.142,119.0,3.0,839.0,2048.0,128.0,256.0,1.0,18.23,13.6,95.89,2.36,0.0,0.0,0.0,114.0
2026-09-15T22:21:20.540807487Z,591.0,109.272,117.0,8.0,2048.0,2048.0,128.0,256.0,0.0,103.82,14.09,8.02,1.22,0.0,0.0,0.0,112.0
2026-09-15T22:21:20.670776615Z,592.0,109.402,120.0,8.0,2048.0,2048.0,128.0,256.0,0.0,8.14,8.41,111.59,0.42,0.0,0.0,0.0,112.0
2026-09-15T22:21:20.800983332Z,593.0,109.532,120.0,8.0,2048.0,2048.0,128.0,256.0,0.0,14.35,15.02,99.47,0.7,0.0,0.0,0.0,110.0
2026-09-15T22:21:20.931630538Z,594.0,109.663,118.0,10.0,2048.0,2048.0,128.0,256.0,0.0,20.9,13.71,94.31,1.26,0.0,0.0,0.0,111.0
2026-09-15T22:21:21.061508326Z,595.0,109.793,119.0,8.0,2048.0,2048.0,128.0,256.0,0.0,8.03,8.0,112.78,1.74,0.0,0.0,0.0,111.0
2026-09-15T22:21:21.191565733Z,596.0,109.923,119.0,8.0,2048.0,2048.0,128.0,256.0,0.0,8.76,7.61,111.1,1.35,0.0,0.0,0.0,111.0
2026-09-15T22:21:21.321217940Z,597.0,110.053,119.0,8.0,2048.0,2048.0,128.0,256.0,0.0,9.61,8.23,110.23,1.42,0.0,0.0,0.0,111.0
2026-09-15T22:21:21.451455897Z,598.0,110.183,119.0,9.0,2048.0,2048.0,128.0,256.0,0.0,91.89,8.79,27.07,0.63,0.0,0.0,0.0,112.0
2026-09-15T22:21:21.581909964Z,599.0,110.313,120.0,8.0,1968.0,2048.0,128.0,256.0,0.0,7.43,8.97,112.56,0.89,0.0,0.0,0.0,113.0
2026-09-15T22:21:21.712310241Z,600.0,110.444,120.0,9.0,1794.0,2048.0,128.0,256.0,1.0,16.62,8.39,103.81,1.69,0.0,0.0,0.0,116.0
2026-09-15T22:21:22.093658832Z,601.0,110.825,122.0,7.0,1568.0,2048.0,128.0,256.0,1.0,19.43,8.87,99.69,0.35,0.0,0.0,0.0,117.0
2026-09-15T22:21:22.229059989Z,602.0,110.96,123.0,7.0,1568.0,2048.0,128.0,256.0,1.0,363.06,10.59,6.83,1.03,0.0,0.0,0.0,117.0
2026-09-15T22:21:22.358633736Z,603.0,111.09,123.0,6.0,1499.0,2048.0,128.0,256.0,1.0,8.26,8.44,117.04,0.76,0.0,0.0,0.0,118.0
2026-09-15T22:21:22.489083123Z,604.0,111.22,123.0,5.0,1328.0,2048.0,128.0,256.0,1.0,10.14,13.16,104.86,2.31,0.0,0.0,0.0,117.0
2026-09-15T22:21:22.618442090Z,605.0,111.35,122.0,5.0,1328.0,2048.0,128.0,256.0,1.0,10.41,9.05,107.95,0.99,0.0,0.0,0.0,117.0
2026-09-15T22:21:22.747529977Z,606.0,111.479,122.0,5.0,1328.0,2048.0,128.0,256.0,1.0,9.21,8.0,110.42,0.57,0.0,0.0,0.0,117.0
2026-09-15T22:21:22.877874644Z,607.0,111.609,122.0,6.0,1358.0,2048.0,128.0,256.0,1.0,17.81,11.24,98.82,1.45,0.0,0.0,0.0,117.0
2026-09-15T22:21:23.007557921Z,608.0,111.739,122.0,5.0,1328.0,2048.0,128.0,256.0,1.0,9.4,8.01,110.87,0.77,0.0,0.0,0.0,117.0
2026-09-15T22:21:23.137650099Z,609.0,111.869,122.0,5.0,1328.0,2048.0,128.0,256.0,1.0,9.13,8.02,111.04,2.02,0.0,0.0,0.0,117.0
2026-09-15T22:21:23.267288865Z,610.0,111.999,122.0,5.0,1123.0,2048.0,128.0,256.0,1.0,8.33,8.61,110.37,1.41,0.0,0.0,0.0,119.0
2026-09-15T22:21:23.396077453Z,611.0,112.128,122.0,3.0,843.0,2048.0,128.0,256.0,1.0,9.05,9.69,108.89,0.82,0.0,0.0,0.0,120.0
2026-09-15T22:21:23.525424319Z,612.0,112.257,122.0,2.0,449.0,2048.0,128.0,256.0,1.0,8.02,8.41,111.03,0.88,0.0,0.0,0.0,121.0
2026-09-15T22:21:23.654836997Z,613.0,112.386,122.0,1.0,362.0,2048.0,128.0,256.0,1.0,7.97,8.21,111.46,1.7,0.0,0.0,0.0,121.0
2026-09-15T22:21:23.783404954Z,614.0,112.515,122.0,1.0,362.0,2048.0,128.0,256.0,1.0,9.92,7.93,109.41,0.61,0.0,0.0,0.0,121.0
2026-09-15T22:21:23.912252901Z,615.0,112.644,122.0,1.0,352.0,2048.0,128.0,256.0,1.0,13.21,10.1,104.01,0.99,0.0,0.0,0.0,121.0
2026-09-15T22:21:24.041939688Z,616.0,112.773,121.0,1.0,361.0,2048.0,128.0,256.0,1.0,18.65,10.34,98.22,1.92,0.0,0.0,0.0,120.0
2026-09-15T22:21:24.170437275Z,617.0,112.902,121.0,1.0,360.0,2048.0,128.0,256.0,1.0,13.5,10.64,103.07,1.63,0.0,0.0,0.0,119.0
2026-09-15T22:21:24.299081042Z,618.0,113.03,120.0,1.0,359.0,2048.0,128.0,256.0,1.0,14.03,11.22,100.92,1.13,0.0,0.0,0.0,118.0
2026-09-15T22:21:24.428735359Z,619.0,113.16,119.0,1.0,359.0,2048.0,128.0,256.0,1.0,8.09,8.31,110.62,2.72,0.0,0.0,0.0,118.0
2026-09-15T22:21:24.557263076Z,620.0,113.289,119.0,1.0,358.0,2048.0,128.0,256.0,1.0,14.2,16.08,96.15,0.71,0.0,0.0,0.0,117.0
2026-09-15T22:21:24.686414153Z,621.0,113.418,118.0,1.0,357.0,2048.0,128.0,256.0,1.0,14.43,11.65,100.9,1.0,0.0,0.0,0.0,116.0
2026-09-15T22:21:24.815070490Z,622.0,113.547,117.0,1.0,356.0,2048.0,128.0,256.0,1.0,14.16,17.32,95.79,2.27,0.0,0.0,0.0,115.0
2026-09-15T22:21:24.945312007Z,623.0,113.677,116.0,6.0,1568.0,2048.0,128.0,256.0,1.0,101.46,13.68,10.83,0.99,0.0,0.0,0.0,113.0
2026-09-15T22:21:25.074997575Z,624.0,113.806,119.0,8.0,1808.0,2048.0,128.0,256.0,1.0,26.43,10.75,91.33,0.52,0.0,0.0,0.0,113.0
2026-09-15T22:21:25.205142392Z,625.0,113.937,120.0,7.0,1808.0,2048.0,128.0,256.0,1.0,14.47,10.97,103.01,0.74,0.0,0.0,0.0,112.0
2026-09-15T22:21:25.334900629Z,626.0,114.066,119.0,7.0,1808.0,2048.0,128.0,256.0,1.0,9.92,8.5,110.38,0.43,0.0,0.0,0.0,112.0
2026-09-15T22:21:25.465643495Z,627.0,114.197,119.0,7.0,1808.0,2048.0,128.0,256.0,1.0,13.46,10.68,104.52,1.37,0.0,0.0,0.0,111.0
2026-09-15T22:21:25.595604583Z,628.0,114.327,118.0,7.0,1808.0,2048.0,128.0,256.0,1.0,15.46,15.09,98.13,2.02,0.0,0.0,0.0,110.0
2026-09-15T22:21:25.725172709Z,629.0,114.457,117.0,7.0,1808.0,2048.0,128.0,256.0,1.0,9.37,7.96,109.99,1.08,0.0,0.0,0.0,110.0
2026-09-15T22:21:25.855214897Z,630.0,114.587,117.0,8.0,2048.0,2048.0,128.0,256.0,0.0,23.58,11.3,93.04,1.76,0.0,0.0,0.0,110.0
2026-09-15T22:21:25.985931234Z,631.0,114.717,118.0,9.0,2048.0,2048.0,128.0,256.0,0.0,101.88,16.58,9.04,1.32,0.0,0.0,0.0,108.0
2026-09-15T22:21:26.116380621Z,632.0,114.848,116.0,9.0,2048.0,2048.0,128.0,256.0,0.0,18.85,11.93,96.08,1.84,0.0,0.0,0.0,110.0
2026-09-15T22:21:26.246175738Z,633.0,114.978,118.0,9.0,2048.0,2048.0,128.0,256.0,0.0,19.72,10.99,97.17,0.52,0.0,0.0,0.0,110.0
2026-09-15T22:21:26.376668265Z,634.0,115.108,118.0,9.0,1911.0,2048.0,128.0,256.0,0.0,18.73,10.97,98.94,0.75,0.0,0.0,0.0,111.0
2026-09-15T22:21:26.507379742Z,635.0,115.239,118.0,7.0,1808.0,2048.0,128.0,256.0,1.0,17.19,13.56,98.44,1.8,0.0,0.0,0.0,109.0
2026-09-15T22:21:26.637135489Z,636.0,115.368,116.0,7.0,1808.0,2048.0,128.0,256.0,1.0,15.9,17.34,94.97,1.55,0.0,0.0,0.0,107.0
2026-09-15T22:21:26.767361456Z,637.0,115.499,114.0,7.0,1808.0,2048.0,128.0,256.0,1.0,11.0,9.82,106.59,0.83,0.0,0.0,0.0,107.0
2026-09-15T22:21:26.907504943Z,638.0,115.639,114.0,8.0,1808.0,2048.0,128.0,256.0,1.0,17.93,8.5,102.39,0.29,0.0,0.0,0.0,108.0
2026-09-15T22:21:27.032767740Z,639.0,115.764,115.0,8.0,1808.0,2048.0,128.0,256.0,1.0,116.84,14.78,7.35,0.95,0.0,0.0,0.0,107.0
2026-09-15T22:21:27.163435117Z,640.0,115.895,114.0,7.0,1808.0,2048.0,128.0,256.0,1.0,9.09,8.5,106.29,1.47,0.0,0.0,0.0,107.0
2026-09-15T22:21:27.294336504Z,641.0,116.025,114.0,10.0,1808.0,2048.0,128.0,256.0,1.0,18.83,9.01,100.28,0.52,0.0,0.0,0.0,110.0
2026-09-15T22:21:27.423348781Z,642.0,116.155,117.0,9.0,1808.0,2048.0,128.0,256.0,1.0,20.55,10.25,97.96,0.87,0.0,0.0,0.0,112.0
2026-09-15T22:21:27.553662658Z,643.0,116.285,119.0,7.0,1808.0,2048.0,128.0,256.0,1.0,20.53,12.2,95.29,1.49,0.0,0.0,0.0,111.0
2026-09-15T22:21:27.683630375Z,644.0,116.415,118.0,7.0,1808.0,2048.0,128.0,256.0,1.0,13.18,11.08,103.88,0.89,0.0,0.0,0.0,110.0
2026-09-15T22:21:27.814077352Z,645.0,116.545,117.0,7.0,1808.0,2048.0,128.0,256.0,1.0,8.22,8.54,111.69,0.52,0.0,0.0,0.0,110.0
2026-09-15T22:21:27.944306659Z,646.0,116.676,117.0,7.0,1808.0,2048.0,128.0,256.0,1.0,12.05,16.52,100.51,1.18,0.0,0.0,0.0,109.0
2026-09-15T22:21:28.074408816Z,647.0,116.806,116.0,7.0,1808.0,2048.0,128.0,256.0,1.0,10.49,8.35,109.62,1.65,0.0,0.0,0.0,109.0
2026-09-15T22:21:28.204422663Z,648.0,116.936,116.0,8.0,1808.0,2048.0,128.0,256.0,1.0,20.64,11.8,95.04,0.58,0.0,0.0,0.0,109.0
2026-09-15T22:21:28.335743410Z,649.0,117.067,116.0,8.0,1808.0,2048.0,128.0,256.0,1.0,19.0,8.92,100.73,1.05,0.0,0.0,0.0,110.0
2026-09-15T22:21:28.467850117Z,650.0,117.199,117.0,8.0,1808.0,2048.0,128.0,256.0,1.0,15.95,9.4,103.97,0.4,0.0,0.0,0.0,111.0
2026-09-15T22:21:28.595244015Z,651.0,117.327,118.0,8.0,1808.0,2048.0,128.0,256.0,1.0,112.22,10.38,8.55,0.48,0.0,0.0,0.0,112.0
2026-09-15T22:21:28.725135412Z,652.0,117.457,119.0,10.0,1808.0,2048.0,128.0,256.0,1.0,28.8,13.74,83.59,0.5,0.0,0.0,0.0,114.0
2026-09-15T22:21:28.855453558Z,653.0,117.587,121.0,7.0,1808.0,2048.0,128.0,256.0,1.0,13.79,11.61,103.31,1.13,0.0,0.0,0.0,113.0
2026-09-15T22:21:28.986080666Z,654.0,117.717,120.0,7.0,1808.0,2048.0,128.0,256.0,1.0,8.79,8.43,111.31,1.91,0.0,0.0,0.0,113.0
2026-09-15T22:21:29.115525112Z,655.0,117.847,120.0,7.0,1808.0,2048.0,128.0,256.0,1.0,14.39,17.18,96.34,0.76,0.0,0.0,0.0,111.0
2026-09-15T22:21:29.246438180Z,656.0,117.978,118.0,7.0,1808.0,2048.0,128.0,256.0,1.0,10.38,8.11,109.51,1.16,0.0,0.0,0.0,111.0
2026-09-15T22:21:29.376154926Z,657.0,118.107,118.0,7.0,1787.0,2048.0,128.0,256.0,1.0,11.81,12.45,104.62,0.64,0.0,0.0,0.0,111.0
2026-09-15T22:21:29.506127834Z,658.0,118.238,117.0,7.0,1733.0,2048.0,128.0,256.0,1.0,21.98,10.8,95.57,1.53,0.0,0.0,0.0,111.0
2026-09-15T22:21:29.636376501Z,659.0,118.368,117.0,7.0,1568.0,2048.0,128.0,256.0,1.0,19.45,10.92,97.4,0.78,0.0,0.0,0.0,112.0
2026-09-15T22:21:29.766586358Z,660.0,118.498,118.0,6.0,1568.0,2048.0,128.0,256.0,1.0,14.26,10.86,103.6,0.77,0.0,0.0,0.0,111.0
2026-09-15T22:21:29.896253405Z,661.0,118.628,117.0,7.0,1568.0,2048.0,128.0,256.0,1.0,23.95,13.69,91.0,1.52,0.0,0.0,0.0,110.0
2026-09-15T22:21:30.026005652Z,662.0,118.757,116.0,6.0,1375.0,2048.0,128.0,256.0,1.0,9.22,8.74,109.49,1.26,0.0,0.0,0.0,111.0
2026-09-15T22:21:30.155593599Z,663.0,118.887,116.0,5.0,1324.0,2048.0,128.0,256.0,1.0,8.02,8.79,110.9,1.58,0.0,0.0,0.0,111.0
2026-09-15T22:21:30.285922056Z,664.0,119.017,116.0,7.0,1568.0,2048.0,128.0,256.0,1.0,97.43,13.37,16.3,1.05,0.0,0.0,0.0,111.0
2026-09-15T22:21:30.416376673Z,665.0,119.148,117.0,6.0,1568.0,2048.0,128.0,256.0,1.0,9.12,8.21,111.43,1.11,0.0,0.0,0.0,111.0
2026-09-15T22:21:30.545722800Z,666.0,119.277,117.0,6.0,1568.0,2048.0,128.0,256.0,1.0,8.07,8.75,111.82,0.5,0.0,0.0,0.0,111.0
2026-09-15T22:21:30.676161357Z,667.0,119.408,117.0,7.0,1568.0,2048.0,128.0,256.0,1.0,18.19,9.37,100.65,0.77,0.0,0.0,0.0,112.0
2026-09-15T22:21:30.806718784Z,668.0,119.538,118.0,7.0,1568.0,2048.0,128.0,256.0,1.0,17.99,9.0,102.02,1.29,0.0,0.0,0.0,113.0
2026-09-15T22:21:30.936843181Z,669.0,119.668,119.0,6.0,1568.0,2048.0,128.0,256.0,1.0,8.12,8.9,111.44,0.92,0.0,0.0,0.0,113.0
2026-09-15T22:21:31.067502808Z,670.0,119.799,119.0,7.0,1568.0,2048.0,128.0,256.0,1.0,20.53,11.78,96.25,2.24,0.0,0.0,0.0,113.0
2026-09-15T22:21:31.196940255Z,671.0,119.928,119.0,6.0,1568.0,2048.0,128.0,256.0,1.0,8.6,8.67,110.51,1.01,0.0,0.0,0.0,113.0
2026-09-15T22:21:31.327282872Z,672.0,120.059,119.0,6.0,1461.0,2048.0,128.0,256.0,1.0,9.15,8.32,110.1,0.5,0.0,0.0,0.0,114.0
2026-09-15T22:21:31.457262579Z,673.0,120.189,119.0,6.0,1328.0,2048.0,128.0,256.0,1.0,20.89,8.36,99.86,1.0,0.0,0.0,0.0,115.0
2026-09-15T22:21:31.587641756Z,674.0,120.319,120.0,5.0,1260.0,2048.0,128.0,256.0,1.0,8.59,9.27,110.39,0.47,0.0,0.0,0.0,116.0
2026-09-15T22:21:31.717455263Z,675.0,120.449,120.0,4.0,1086.0,2048.0,128.0,256.0,1.0,9.16,9.0,111.07,0.99,0.0,0.0,0.0,116.0
2026-09-15T22:21:31.846771390Z,676.0,120.578,120.0,4.0,1053.0,2048.0,128.0,256.0,1.0,9.26,9.04,109.82,0.75,0.0,0.0,0.0,117.0
2026-09-15T22:21:31.977227207Z,677.0,120.708,120.0,3.0,702.0,2048.0,128.0,256.0,1.0,12.23,10.5,105.26,1.42,0.0,0.0,0.0,117.0
2026-09-15T22:21:32.105731395Z,678.0,120.837,119.0,2.0,603.0,2048.0,128.0,256.0,1.0,8.94,7.9,111.38,1.8,0.0,0.0,0.0,117.0
2026-09-15T22:21:32.235148312Z,679.0,120.966,119.0,2.0,444.0,2048.0,128.0,256.0,1.0,10.01,18.52,97.5,1.25,0.0,0.0,0.0,118.0
2026-09-15T22:21:32.364542919Z,680.0,121.096,119.0,1.0,361.0,2048.0,128.0,256.0,1.0,8.8,9.9,108.56,1.48,0.0,0.0,0.0,118.0
2026-09-15T22:21:32.492563356Z,681.0,121.224,119.0,2.0,601.0,2048.0,128.0,256.0,1.0,21.86,10.71,94.8,0.85,0.0,0.0,0.0,117.0
2026-09-15T22:21:32.624215533Z,682.0,121.356,119.0,2.0,601.0,2048.0,128.0,256.0,1.0,8.75,7.74,110.16,0.96,0.0,0.0,0.0,117.0
2026-09-15T22:21:32.751914640Z,683.0,121.483,119.0,2.0,506.0,2048.0,128.0,256.0,1.0,20.15,16.7,91.68,1.82,0.0,0.0,0.0,115.0
2026-09-15T22:21:32.880114747Z,684.0,121.611,116.0,2.0,596.0,2048.0,128.0,256.0,1.0,36.93,13.6,74.54,0.38,0.0,0.0,0.0,113.0
2026-09-15T22:21:33.010141834Z,685.0,121.742,115.0,2.0,596.0,2048.0,128.0,256.0,1.0,11.56,8.0,107.68,1.69,0.0,0.0,0.0,113.0
2026-09-15T22:21:33.138852291Z,686.0,121.87,115.0,2.0,596.0,2048.0,128.0,256.0,1.0,14.73,8.48,104.5,2.29,0.0,0.0,0.0,113.0
2026-09-15T22:21:33.268820038Z,687.0,122.0,115.0,7.0,1808.0,2048.0,128.0,256.0,1.0,103.83,8.59,13.3,0.41,0.0,0.0,0.0,113.0
2026-09-15T22:21:33.399169385Z,688.0,122.13,120.0,7.0,1808.0,2048.0,128.0,256.0,1.0,8.54,8.25,111.98,0.39,0.0,0.0,0.0,113.0
2026-09-15T22:21:33.529024532Z,689.0,122.26,120.0,7.0,1808.0,2048.0,128.0,256.0,1.0,17.35,13.58,98.23,0.98,0.0,0.0,0.0,111.0
2026-09-15T22:21:33.659137799Z,690.0,122.391,118.0,8.0,1808.0,2048.0,128.0,256.0,1.0,17.18,8.11,102.96,0.68,0.0,0.0,0.0,112.0
2026-09-15T22:21:33.790305536Z,691.0,122.522,119.0,7.0,1808.0,2048.0,128.0,256.0,1.0,8.2,9.2,111.39,0.5,0.0,0.0,0.0,112.0
2026-09-15T22:21:33.919864213Z,692.0,122.651,119.0,7.0,1808.0,2048.0,128.0,256.0,1.0,13.09,11.29,104.8,1.39,0.0,0.0,0.0,111.0
2026-09-15T22:21:34.050394540Z,693.0,122.782,118.0,7.0,1808.0,2048.0,128.0,256.0,1.0,10.96,9.74,106.52,1.63,0.0,0.0,0.0,111.0
2026-09-15T22:21:34.180372237Z,694.0,122.912,118.0,8.0,1808.0,2048.0,128.0,256.0,1.0,17.47,9.87,100.7,0.57,0.0,0.0,0.0,112.0
2026-09-15T22:21:34.310624024Z,695.0,123.042,119.0,8.0,1808.0,2048.0,128.0,256.0,1.0,19.61,12.03,97.07,0.99,0.0,0.0,0.0,112.0
2026-09-15T22:21:34.441475182Z,696.0,123.173,119.0,8.0,1695.0,2048.0,128.0,256.0,1.0,19.28,9.95,99.21,0.54,0.0,0.0,0.0,114.0
2026-09-15T22:21:34.570718199Z,697.0,123.302,120.0,7.0,1601.0,2048.0,128.0,256.0,1.0,19.03,12.21,98.19,1.34,0.0,0.0,0.0,114.0
2026-09-15T22:21:34.700826816Z,698.0,123.432,120.0,6.0,1347.0,2048.0,128.0,256.0,1.0,9.03,8.82,109.43,0.44,0.0,0.0,0.0,115.0
2026-09-15T22:21:34.831226122Z,699.0,123.563,120.0,5.0,1322.0,2048.0,128.0,256.0,1.0,19.48,21.04,88.37,0.9,0.0,0.0,0.0,113.0
2026-09-15T22:21:34.960608440Z,700.0,123.692,118.0,5.0,1127.0,2048.0,128.0,256.0,1.0,14.33,10.95,103.61,0.85,0.0,0.0,0.0,113.0
2026-09-15T22:21:35.090719227Z,701.0,123.822,117.0,7.0,1808.0,2048.0,128.0,256.0,1.0,99.69,9.49,18.58,0.94,0.0,0.0,0.0,113.0
2026-09-15T22:21:35.221771754Z,702.0,123.953,120.0,7.0,1808.0,2048.0,128.0,256.0,1.0,13.72,11.19,103.76,1.48,0.0,0.0,0.0,112.0
2026-09-15T22:21:35.351154651Z,703.0,124.083,119.0,7.0,1808.0,2048.0,128.0,256.0,1.0,12.16,12.26,104.34,0.98,0.0,0.0,0.0,111.0
2026-09-15T22:21:35.482181248Z,704.0,124.214,118.0,9.0,1808.0,2048.0,128.0,256.0,1.0,20.84,10.64,96.31,1.43,0.0,0.0,0.0,112.0
2026-09-15T22:21:35.612467035Z,705.0,124.344,119.0,7.0,1808.0,2048.0,128.0,256.0,1.0,16.86,11.04,100.92,1.44,0.0,0.0,0.0,111.0
2026-09-15T22:21:35.742781562Z,706.0,124.474,118.0,8.0,1808.0,2048.0,128.0,256.0,1.0,18.83,8.83,100.38,1.49,0.0,0.0,0.0,112.0
2026-09-15T22:21:35.873081189Z,707.0,124.604,119.0,8.0,2048.0,2048.0,128.0,256.0,0.0,21.91,11.02,95.17,0.64,0.0,0.0,0.0,111.0
2026-09-15T22:21:36.003816486Z,708.0,124.735,119.0,9.0,2048.0,2048.0,128.0,256.0,0.0,27.65,13.46,87.98,0.96,0.0,0.0,0.0,110.0
2026-09-15T22:21:36.134472553Z,709.0,124.866,118.0,8.0,2048.0,2048.0,128.0,256.0,0.0,9.12,8.63,111.21,1.98,0.0,0.0,0.0,111.0
2026-09-15T22:21:36.264373030Z,710.0,124.996,118.0,8.0,2048.0,2048.0,128.0,256.0,0.0,22.97,11.12,93.96,0.61,0.0,0.0,0.0,110.0
2026-09-15T22:21:36.397457757Z,711.0,125.129,118.0,8.0,1840.0,2048.0,128.0,256.0,0.0,9.55,8.69,110.51,3.83,0.0,0.0,0.0,112.0
2026-09-15T22:21:36.524593664Z,712.0,125.256,118.0,6.0,1563.0,2048.0,128.0,256.0,1.0,12.42,17.42,98.59,1.32,0.0,0.0,0.0,111.0
2026-09-15T22:21:36.656398201Z,713.0,125.388,117.0,9.0,2048.0,2048.0,128.0,256.0,0.0,100.72,10.7,13.68,1.38,0.0,0.0,0.0,111.0
2026-09-15T22:21:36.786508928Z,714.0,125.518,119.0,8.0,2048.0,2048.0,128.0,256.0,0.0,9.24,9.05,111.39,1.38,0.0,0.0,0.0,111.0
2026-09-15T22:21:36.916803005Z,715.0,125.648,119.0,9.0,2048.0,2048.0,128.0,256.0,0.0,21.08,11.15,95.74,2.25,0.0,0.0,0.0,111.0
2026-09-15T22:21:37.046953402Z,716.0,125.778,119.0,10.0,2048.0,2048.0,128.0,256.0,0.0,20.67,10.59,96.23,0.71,0.0,0.0,0.0,112.0
2026-09-15T22:21:37.177495779Z,717.0,125.909,120.0,8.0,2048.0,2048.0,128.0,256.0,0.0,14.76,8.34,105.63,1.02,0.0,0.0,0.0,112.0
2026-09-15T22:21:37.308424246Z,718.0,126.04,120.0,8.0,2048.0,2048.0,128.0,256.0,0.0,12.8,11.59,104.16,1.87,0.0,0.0,0.0,111.0
2026-09-15T22:21:37.438229453Z,719.0,126.17,119.0,8.0,2048.0,2048.0,128.0,256.0,0.0,10.37,8.03,110.24,0.96,0.0,0.0,0.0,111.0
2026-09-15T22:21:37.569682950Z,720.0,126.301,119.0,9.0,2048.0,2048.0,128.0,256.0,0.0,17.94,8.36,101.87,1.12,0.0,0.0,0.0,112.0
2026-09-15T22:21:37.699531428Z,721.0,126.431,120.0,9.0,2048.0,2048.0,128.0,256.0,0.0,19.79,12.55,96.97,0.65,0.0,0.0,0.0,111.0
2026-09-15T22:21:37.829727405Z,722.0,126.561,119.0,8.0,1870.0,2048.0,128.0,256.0,0.0,19.29,11.17,98.04,1.56,0.0,0.0,0.0,111.0
2026-09-15T22:21:37.959991731Z,723.0,126.691,118.0,9.0,2048.0,2048.0,128.0,256.0,0.0,92.04,9.01,26.92,0.56,0.0,0.0,0.0,112.0
2026-09-15T22:21:38.090066979Z,724.0,126.821,120.0,8.0,2048.0,2048.0,128.0,256.0,0.0,17.35,11.14,100.46,0.93,0.0,0.0,0.0,113.0
2026-09-15T22:21:38.220795596Z,725.0,126.952,121.0,8.0,1845.0,2048.0,128.0,256.0,0.0,16.33,14.68,97.45,0.74,0.0,0.0,0.0,112.0
2026-09-15T22:21:38.351274353Z,726.0,127.083,119.0,8.0,1808.0,2048.0,128.0,256.0,1.0,25.62,16.54,87.17,0.93,0.0,0.0,0.0,111.0
2026-09-15T22:21:38.481449559Z,727.0,127.213,118.0,8.0,1808.0,2048.0,128.0,256.0,1.0,16.97,8.94,103.01,0.81,0.0,0.0,0.0,112.0
2026-09-15T22:21:38.612326077Z,728.0,127.344,119.0,7.0,1808.0,2048.0,128.0,256.0,1.0,9.87,10.89,107.88,0.47,0.0,0.0,0.0,112.0
2026-09-15T22:21:38.742975344Z,729.0,127.474,119.0,7.0,1709.0,2048.0,128.0,256.0,1.0,17.2,21.59,90.72,1.05,0.0,0.0,0.0,110.0
2026-09-15T22:21:38.872299601Z,730.0,127.604,116.0,7.0,1568.0,2048.0,128.0,256.0,1.0,18.28,9.17,101.49,0.35,0.0,0.0,0.0,111.0
2026-09-15T22:21:39.016820727Z,731.0,127.748,117.0,6.0,1510.0,2048.0,128.0,256.0,1.0,15.5,18.47,94.28,0.51,0.0,0.0,0.0,110.0
2026-09-15T22:21:39.164889154Z,732.0,127.896,115.0,7.0,1596.0,2048.0,128.0,256.0,1.0,44.95,20.75,75.2,0.41,0.0,0.0,0.0,108.0
2026-09-15T22:21:39.291404621Z,733.0,128.023,114.0,8.0,2048.0,2048.0,128.0,256.0,0.0,121.99,16.69,8.31,1.0,0.0,0.0,0.0,105.0
2026-09-15T22:21:39.421527108Z,734.0,128.153,113.0,8.0,2048.0,2048.0,128.0,256.0,0.0,14.4,11.39,99.12,1.24,0.0,0.0,0.0,104.0
2026-09-15T22:21:39.580017735Z,735.0,128.311,112.0,9.0,2048.0,2048.0,128.0,256.0,0.0,26.04,18.27,83.8,0.35,0.0,0.0,0.0,104.0
2026-09-15T22:21:39.705366622Z,736.0,128.437,112.0,10.0,2048.0,2048.0,128.0,256.0,0.0,139.92,9.72,7.82,0.66,0.0,0.0,0.0,106.0
2026-09-15T22:21:39.835620969Z,737.0,128.567,114.0,8.0,2048.0,2048.0,128.0,256.0,0.0,16.3,13.13,94.41,0.91,0.0,0.0,0.0,105.0
2026-09-15T22:21:39.965978486Z,738.0,128.697,113.0,8.0,2048.0,2048.0,128.0,256.0,0.0,19.45,16.38,92.79,1.63,0.0,0.0,0.0,103.0
2026-09-15T22:21:40.096930223Z,739.0,128.828,111.0,9.0,2048.0,2048.0,128.0,256.0,0.0,19.04,10.14,98.98,1.33,0.0,0.0,0.0,104.0
2026-09-15T22:21:40.226804350Z,740.0,128.958,112.0,8.0,2048.0,2048.0,128.0,256.0,0.0,15.49,13.46,99.72,0.65,0.0,0.0,0.0,103.0
2026-09-15T22:21:40.357537547Z,741.0,129.089,111.0,10.0,2048.0,2048.0,128.0,256.0,0.0,24.25,10.96,93.45,1.72,0.0,0.0,0.0,104.0
2026-09-15T22:21:40.488057244Z,742.0,129.219,112.0,9.0,2018.0,2048.0,128.0,256.0,0.0,28.24,22.67,76.58,0.38,0.0,0.0,0.0,104.0
2026-09-15T22:21:40.617909321Z,743.0,129.349,111.0,7.0,1808.0,2048.0,128.0,256.0,1.0,9.25,8.88,111.1,0.46,0.0,0.0,0.0,104.0
2026-09-15T22:21:40.748042698Z,744.0,129.479,111.0,7.0,1808.0,2048.0,128.0,256.0,1.0,19.66,15.55,93.5,1.29,0.0,0.0,0.0,102.0
2026-09-15T22:21:40.877702285Z,745.0,129.609,109.0,8.0,1808.0,2048.0,128.0,256.0,1.0,102.72,16.21,8.99,1.2,0.0,0.0,0.0,102.0
2026-09-15T22:21:41.008731242Z,746.0,129.74,109.0,9.0,1808.0,2048.0,128.0,256.0,1.0,18.95,8.26,100.92,1.44,0.0,0.0,0.0,104.0
2026-09-15T22:21:41.138762139Z,747.0,129.87,111.0,7.0,1808.0,2048.0,128.0,256.0,1.0,14.13,18.6,95.86,0.41,0.0,0.0,0.0,103.0
2026-09-15T22:21:41.268482956Z,748.0,130.0,110.0,7.0,1808.0,2048.0,128.0,256.0,1.0,14.16,11.11,103.54,1.09,0.0,0.0,0.0,102.0
2026-09-15T22:21:41.398877663Z,749.0,130.13,109.0,8.0,1808.0,2048.0,128.0,256.0,1.0,22.8,8.64,96.69,1.1,0.0,0.0,0.0,103.0
2026-09-15T22:21:41.529684030Z,750.0,130.261,110.0,8.0,1808.0,2048.0,128.0,256.0,1.0,26.29,12.23,90.08,1.42,0.0,0.0,0.0,103.0
2026-09-15T22:21:41.659530567Z,751.0,130.391,110.0,7.0,1808.0,2048.0,128.0,256.0,1.0,11.1,13.17,104.37,0.71,0.0,0.0,0.0,102.0
2026-09-15T22:21:41.789591664Z,752.0,130.521,109.0,8.0,1808.0,2048.0,128.0,256.0,1.0,16.65,8.94,102.85,1.85,0.0,0.0,0.0,103.0
2026-09-15T22:21:41.919963221Z,753.0,130.651,110.0,9.0,2048.0,2048.0,128.0,256.0,0.0,104.23,12.34,10.98,0.94,0.0,0.0,0.0,103.0
2026-09-15T22:21:42.050769169Z,754.0,130.782,111.0,8.0,2048.0,2048.0,128.0,256.0,0.0,7.94,8.5,112.47,2.18,0.0,0.0,0.0,103.0
2026-09-15T22:21:42.180735786Z,755.0,130.912,111.0,9.0,2048.0,2048.0,128.0,256.0,0.0,17.95,9.86,100.04,0.7,0.0,0.0,0.0,104.0
2026-09-15T22:21:42.311865643Z,756.0,131.043,112.0,10.0,2048.0,2048.0,128.0,256.0,0.0,18.0,9.91,100.46,1.05,0.0,0.0,0.0,106.0
2026-09-15T22:21:42.441296660Z,757.0,131.173,114.0,8.0,2048.0,2048.0,128.0,256.0,0.0,19.62,23.73,85.76,1.29,0.0,0.0,0.0,104.0
2026-09-15T22:21:42.572718607Z,758.0,131.304,112.0,9.0,2048.0,2048.0,128.0,256.0,0.0,25.66,12.58,89.26,2.28,0.0,0.0,0.0,104.0
2026-09-15T22:21:42.703045834Z,759.0,131.435,112.0,8.0,2048.0,2048.0,128.0,256.0,0.0,16.01,11.64,100.68,1.36,0.0,0.0,0.0,103.0
2026-09-15T22:21:42.843464320Z,760.0,131.575,111.0,8.0,2048.0,2048.0,128.0,256.0,0.0,11.73,11.7,104.8,10.84,0.0,0.0,0.0,102.0
2026-09-15T22:21:42.963157448Z,761.0,131.695,110.0,10.0,2048.0,2048.0,128.0,256.0,0.0,27.18,11.02,90.42,0.73,0.0,0.0,0.0,103.0
2026-09-15T22:21:43.093597685Z,762.0,131.825,111.0,8.0,1936.0,2048.0,128.0,256.0,0.0,10.04,9.51,98.81,1.7,0.0,0.0,0.0,104.0
2026-09-15T22:21:43.223944492Z,763.0,131.955,111.0,7.0,1743.0,2048.0,128.0,256.0,1.0,12.66,19.37,94.69,1.27,0.0,0.0,0.0,103.0
2026-09-15T22:21:43.357256389Z,764.0,132.089,109.0,6.0,1568.0,2048.0,128.0,256.0,1.0,9.06,9.55,109.59,4.64,0.0,0.0,0.0,103.0
2026-09-15T22:21:43.486311426Z,765.0,132.218,109.0,7.0,1568.0,2048.0,128.0,256.0,1.0,25.14,14.53,87.51,0.38,0.0,0.0,0.0,103.0
2026-09-15T22:21:43.613899833Z,766.0,132.345,109.0,7.0,1568.0,2048.0,128.0,256.0,1.0,111.02,8.96,8.12,0.79,0.0,0.0,0.0,104.0
2026-09-15T22:21:43.744037990Z,767.0,132.475,110.0,7.0,1568.0,2048.0,128.0,256.0,1.0,22.93,9.11,94.02,0.67,0.0,0.0,0.0,105.0
2026-09-15T22:21:43.874181127Z,768.0,132.605,111.0,6.0,1568.0,2048.0,128.0,256.0,1.0,8.21,8.66,112.03,0.69,0.0,0.0,0.0,105.0
2026-09-15T22:21:44.004564844Z,769.0,132.736,111.0,8.0,1808.0,2048.0,128.0,256.0,1.0,21.89,11.56,95.12,1.12,0.0,0.0,0.0,105.0
2026-09-15T22:21:44.134373321Z,770.0,132.866,112.0,7.0,1808.0,2048.0,128.0,256.0,1.0,8.96,7.78,111.96,1.23,0.0,0.0,0.0,105.0
2026-09-15T22:21:44.264625718Z,771.0,132.996,112.0,7.0,1808.0,2048.0,128.0,256.0,1.0,14.56,13.22,100.05,0.44,0.0,0.0,0.0,104.0
2026-09-15T22:21:44.394715125Z,772.0,133.126,111.0,8.0,1808.0,2048.0,128.0,256.0,1.0,16.89,7.98,104.19,0.92,0.0,0.0,0.0,105.0
2026-09-15T22:21:44.524640842Z,773.0,133.256,112.0,8.0,1808.0,2048.0,128.0,256.0,1.0,22.89,12.28,93.36,0.6,0.0,0.0,0.0,105.0
2026-09-15T22:21:44.655788729Z,774.0,133.387,112.0,8.0,2048.0,2048.0,128.0,256.0,0.0,25.01,13.42,89.96,1.01,0.0,0.0,0.0,104.0
2026-09-15T22:21:44.785561346Z,775.0,133.517,112.0,8.0,2048.0,2048.0,128.0,256.0,0.0,9.81,10.68,108.93,0.51,0.0,0.0,0.0,104.0
2026-09-15T22:21:44.916143373Z,776.0,133.648,112.0,8.0,2048.0,2048.0,128.0,256.0,0.0,13.31,11.03,104.37,0.98,0.0,0.0,0.0,103.0
2026-09-15T22:21:45.046706030Z,777.0,133.778,111.0,9.0,2048.0,2048.0,128.0,256.0,0.0,22.46,11.52,94.94,1.03,0.0,0.0,0.0,103.0
2026-09-15T22:21:45.177185057Z,778.0,133.909,111.0,11.0,2048.0,2048.0,128.0,256.0,0.0,110.32,11.55,7.05,1.3,0.0,0.0,0.0,105.0
2026-09-15T22:21:45.307607655Z,779.0,134.039,113.0,9.0,2048.0,2048.0,128.0,256.0,0.0,15.38,7.63,105.56,1.46,0.0,0.0,0.0,106.0
2026-09-15T22:21:45.437813932Z,780.0,134.169,114.0,8.0,2048.0,2048.0,128.0,256.0,0.0,12.26,10.22,105.88,1.34,0.0,0.0,0.0,105.0
2026-09-15T22:21:45.568768729Z,781.0,134.3,113.0,8.0,2048.0,2048.0,128.0,256.0,0.0,12.66,11.33,104.16,1.81,0.0,0.0,0.0,104.0
2026-09-15T22:21:45.698746535Z,782.0,134.43,112.0,9.0,2048.0,2048.0,128.0,256.0,0.0,33.84,17.06,77.76,0.83,0.0,0.0,0.0,104.0
2026-09-15T22:21:45.828559873Z,783.0,134.56,112.0,9.0,2048.0,2048.0,128.0,256.0,0.0,23.46,13.6,90.59,0.63,0.0,0.0,0.0,104.0
2026-09-15T22:21:45.959340729Z,784.0,134.691,112.0,8.0,2048.0,2048.0,128.0,256.0,0.0,13.9,10.79,103.97,0.95,0.0,0.0,0.0,103.0
2026-09-15T22:21:46.089262246Z,785.0,134.821,111.0,8.0,1911.0,2048.0,128.0,256.0,0.0,15.24,8.49,105.36,0.59,0.0,0.0,0.0,104.0
2026-09-15T22:21:46.220352064Z,786.0,134.952,111.0,8.0,1808.0,2048.0,128.0,256.0,1.0,20.94,7.76,99.92,1.28,0.0,0.0,0.0,105.0
2026-09-15T22:21:46.350421441Z,787.0,135.082,112.0,8.0,1808.0,2048.0,128.0,256.0,1.0,25.78,12.11,91.19,1.1,0.0,0.0,0.0,104.0
2026-09-15T22:21:46.480329228Z,788.0,135.212,111.0,9.0,1808.0,2048.0,128.0,256.0,1.0,19.29,9.22,99.72,1.11,0.0,0.0,0.0,106.0
2026-09-15T22:21:46.610012355Z,789.0,135.341,113.0,9.0,2048.0,2048.0,128.0,256.0,0.0,39.9,14.68,73.42,2.04,0.0,0.0,0.0,105.0
2026-09-15T22:21:46.741087602Z,790.0,135.472,113.0,8.0,2048.0,2048.0,128.0,256.0,0.0,105.73,10.88,10.56,0.82,0.0,0.0,0.0,104.0
2026-09-15T22:21:46.871908029Z,791.0,135.603,112.0,8.0,2048.0,2048.0,128.0,256.0,0.0,8.77,7.93,112.72,1.44,0.0,0.0,0.0,104.0
2026-09-15T22:21:47.002068486Z,792.0,135.733,112.0,8.0,2048.0,2048.0,128.0,256.0,0.0,13.04,11.76,104.07,1.13,0.0,0.0,0.0,103.0
2026-09-15T22:21:47.131879453Z,793.0,135.863,111.0,8.0,1966.0,2048.0,128.0,256.0,0.0,9.94,8.24,110.15,0.49,0.0,0.0,0.0,104.0
2026-09-15T22:21:47.262056940Z,794.0,135.993,111.0,7.0,1808.0,2048.0,128.0,256.0,1.0,17.15,13.54,97.88,1.25,0.0,0.0,0.0,102.0
2026-09-15T22:21:47.392522917Z,795.0,136.124,109.0,7.0,1808.0,2048.0,128.0,256.0,1.0,9.34,12.91,106.05,1.58,0.0,0.0,0.0,102.0
2026-09-15T22:21:47.522978934Z,796.0,136.254,109.0,7.0,1808.0,2048.0,128.0,256.0,1.0,8.06,10.63,109.48,0.5,0.0,0.0,0.0,102.0
2026-09-15T22:21:47.652932631Z,797.0,136.384,109.0,9.0,1808.0,2048.0,128.0,256.0,1.0,23.62,12.48,92.83,0.44,0.0,0.0,0.0,104.0
2026-09-15T22:21:47.782821698Z,798.0,136.514,111.0,9.0,1808.0,2048.0,128.0,256.0,1.0,26.24,15.39,87.15,0.62,0.0,0.0,0.0,105.0
2026-09-15T22:21:47.912906795Z,799.0,136.644,112.0,8.0,2048.0,2048.0,128.0,256.0,0.0,26.48,16.08,86.05,0.94,0.0,0.0,0.0,102.0
2026-09-15T22:21:48.043511592Z,800.0,136.775,110.0,8.0,2048.0,2048.0,128.0,256.0,0.0,9.05,8.5,111.09,1.35,0.0,0.0,0.0,102.0
2026-09-15T22:21:48.174081769Z,801.0,136.905,110.0,9.0,2048.0,2048.0,128.0,256.0,0.0,108.59,11.0,8.44,1.99,0.0,0.0,0.0,102.0
2026-09-15T22:21:48.303911306Z,802.0,137.035,110.0,9.0,2048.0,2048.0,128.0,256.0,0.0,24.03,11.1,93.0,0.6,0.0,0.0,0.0,103.0
2026-09-15T22:21:48.434341903Z,803.0,137.166,111.0,9.0,2048.0,2048.0,128.0,256.0,0.0,22.47,10.38,95.77,0.67,0.0,0.0,0.0,104.0
2026-09-15T22:21:48.564539890Z,804.0,137.296,112.0,8.0,2048.0,2048.0,128.0,256.0,0.0,18.66,16.22,94.08,0.91,0.0,0.0,0.0,102.0
2026-09-15T22:21:48.695084537Z,805.0,137.427,110.0,8.0,2048.0,2048.0,128.0,256.0,0.0,15.51,12.65,100.33,0.97,0.0,0.0,0.0,101.0
2026-09-15T22:21:48.824992384Z,806.0,137.556,109.0,8.0,2048.0,2048.0,128.0,256.0,0.0,12.71,16.04,100.39,0.64,0.0,0.0,0.0,100.0
2026-09-15T22:21:48.956098132Z,807.0,137.687,108.0,9.0,2048.0,2048.0,128.0,256.0,0.0,17.36,7.9,103.27,1.14,0.0,0.0,0.0,101.0
2026-09-15T22:21:49.085953358Z,808.0,137.817,109.0,10.0,2048.0,2048.0,128.0,256.0,0.0,17.62,8.31,103.43,1.73,0.0,0.0,0.0,103.0
2026-09-15T22:21:49.216620435Z,809.0,137.948,111.0,10.0,2048.0,2048.0,128.0,256.0,0.0,101.03,12.37,13.88,0.91,0.0,0.0,0.0,104.0
2026-09-15T22:21:49.347462243Z,810.0,138.079,112.0,9.0,2048.0,2048.0,128.0,256.0,0.0,18.47,8.38,102.19,1.56,0.0,0.0,0.0,105.0
2026-09-15T22:21:49.477462940Z,811.0,138.209,113.0,8.0,2048.0,2048.0,128.0,256.0,0.0,14.43,16.4,97.34,0.69,0.0,0.0,0.0,103.0
2026-09-15T22:21:49.607281787Z,812.0,138.339,111.0,8.0,2048.0,2048.0,128.0,256.0,0.0,17.22,13.56,97.93,0.43,0.0,0.0,0.0,101.0
2026-09-15T22:21:49.737801434Z,813.0,138.469,109.0,8.0,2048.0,2048.0,128.0,256.0,0.0,8.8,9.11,110.39,0.55,0.0,0.0,0.0,101.0
2026-09-15T22:21:49.867718351Z,814.0,138.599,109.0,10.0,2048.0,2048.0,128.0,256.0,0.0,21.51,12.57,95.2,0.48,0.0,0.0,0.0,102.0
2026-09-15T22:21:49.998138338Z,815.0,138.73,110.0,8.0,2048.0,2048.0,128.0,256.0,0.0,9.03,14.37,105.42,0.83,0.0,0.0,0.0,102.0
2026-09-15T22:21:50.128068815Z,816.0,138.859,110.0,8.0,2048.0,2048.0,128.0,256.0,0.0,8.2,9.78,111.13,0.67,0.0,0.0,0.0,102.0
2026-09-15T22:21:50.259151102Z,817.0,138.991,110.0,9.0,2048.0,2048.0,128.0,256.0,0.0,23.27,12.86,92.25,1.32,0.0,0.0,0.0,102.0
2026-09-15T22:21:50.389502979Z,818.0,139.121,110.0,9.0,2048.0,2048.0,128.0,256.0,0.0,17.25,8.85,102.97,0.41,0.0,0.0,0.0,104.0
2026-09-15T22:21:50.519316476Z,819.0,139.251,112.0,8.0,2048.0,2048.0,128.0,256.0,0.0,11.87,11.38,105.89,0.58,0.0,0.0,0.0,103.0
2026-09-15T22:21:50.650090803Z,820.0,139.381,111.0,10.0,2048.0,2048.0,128.0,256.0,0.0,23.78,15.08,89.62,1.97,0.0,0.0,0.0,105.0
2026-09-15T22:21:50.780977500Z,821.0,139.512,113.0,8.0,2048.0,2048.0,128.0,256.0,0.0,84.88,9.72,33.54,1.49,0.0,0.0,0.0,105.0
2026-09-15T22:21:50.910534507Z,822.0,139.642,113.0,8.0,2048.0,2048.0,128.0,256.0,0.0,16.19,13.39,99.23,0.68,0.0,0.0,0.0,103.0
2026-09-15T22:21:51.041417584Z,823.0,139.773,111.0,10.0,2048.0,2048.0,128.0,256.0,0.0,17.42,8.9,101.71,0.4,0.0,0.0,0.0,105.0
2026-09-15T22:21:51.171141821Z,824.0,139.902,113.0,8.0,2048.0,2048.0,128.0,256.0,0.0,8.91,8.79,111.98,0.71,0.0,0.0,0.0,105.0
2026-09-15T22:21:51.301655368Z,825.0,140.033,113.0,9.0,2048.0,2048.0,128.0,256.0,0.0,23.46,12.09,92.74,1.44,0.0,0.0,0.0,105.0
2026-09-15T22:21:51.431668375Z,826.0,140.163,113.0,8.0,2048.0,2048.0,128.0,256.0,0.0,20.29,18.75,89.15,0.69,0.0,0.0,0.0,103.0
2026-09-15T22:21:51.562430912Z,827.0,140.294,111.0,10.0,2048.0,2048.0,128.0,256.0,0.0,18.32,8.67,101.71,0.59,0.0,0.0,0.0,105.0
2026-09-15T22:21:51.693378929Z,828.0,140.425,113.0,9.0,2048.0,2048.0,128.0,256.0,0.0,19.48,11.11,98.87,0.36,0.0,0.0,0.0,105.0
2026-09-15T22:21:51.825049556Z,829.0,140.556,113.0,8.0,2048.0,2048.0,128.0,256.0,0.0,17.0,14.54,98.19,2.14,0.0,0.0,0.0,103.0
2026-09-15T22:21:51.954592713Z,830.0,140.686,111.0,9.0,2048.0,2048.0,128.0,256.0,0.0,22.29,11.64,95.0,1.52,0.0,0.0,0.0,103.0
2026-09-15T22:21:52.083789080Z,831.0,140.815,111.0,8.0,2048.0,2048.0,128.0,256.0,0.0,19.29,11.92,96.06,0.54,0.0,0.0,0.0,102.0
2026-09-15T22:21:52.214244007Z,832.0,140.946,110.0,10.0,2048.0,2048.0,128.0,256.0,0.0,111.35,9.8,6.84,1.5,0.0,0.0,0.0,104.0
2026-09-15T22:21:52.345029444Z,833.0,141.076,112.0,9.0,2048.0,2048.0,128.0,256.0,0.0,18.5,8.17,101.57,1.74,0.0,0.0,0.0,105.0
2026-09-15T22:21:52.475456951Z,834.0,141.207,113.0,9.0,2048.0,2048.0,128.0,256.0,0.0,21.99,11.69,94.58,0.91,0.0,0.0,0.0,105.0
2026-09-15T22:21:52.606021989Z,835.0,141.338,113.0,8.0,2048.0,2048.0,128.0,256.0,0.0,9.58,8.49,110.7,2.36,0.0,0.0,0.0,105.0
2026-09-15T22:21:52.736221126Z,836.0,141.468,113.0,8.0,2048.0,2048.0,128.0,256.0,0.0,8.5,9.26,109.9,0.71,0.0,0.0,0.0,105.0
2026-09-15T22:21:52.867003983Z,837.0,141.598,113.0,9.0,2048.0,2048.0,128.0,256.0,0.0,16.93,8.22,103.4,0.57,0.0,0.0,0.0,106.0
2026-09-15T22:21:52.997333840Z,838.0,141.729,114.0,9.0,1927.0,2048.0,128.0,256.0,0.0,21.53,10.91,97.22,1.3,0.0,0.0,0.0,107.0
2026-09-15T22:21:53.127818206Z,839.0,141.859,114.0,7.0,1808.0,2048.0,128.0,256.0,1.0,12.88,11.55,103.78,0.77,0.0,0.0,0.0,106.0
2026-09-15T22:21:53.257750544Z,840.0,141.989,113.0,8.0,1808.0,2048.0,128.0,256.0,1.0,18.72,8.35,102.07,1.51,0.0,0.0,0.0,107.0
2026-09-15T22:21:53.388231231Z,841.0,142.12,114.0,7.0,1808.0,2048.0,128.0,256.0,1.0,9.24,8.07,110.38,0.91,0.0,0.0,0.0,107.0
2026-09-15T22:21:53.518523958Z,842.0,142.25,114.0,9.0,1808.0,2048.0,128.0,256.0,1.0,19.28,9.56,99.89,0.97,0.0,0.0,0.0,109.0
2026-09-15T22:21:53.649348735Z,843.0,142.381,116.0,8.0,1808.0,2048.0,128.0,256.0,1.0,23.41,8.26,96.93,2.0,0.0,0.0,0.0,110.0
2026-09-15T22:21:53.779697252Z,844.0,142.511,117.0,7.0,1808.0,2048.0,128.0,256.0,1.0,8.11,8.42,111.71,1.94,0.0,0.0,0.0,110.0
2026-09-15T22:21:53.910012359Z,845.0,142.641,117.0,8.0,1808.0,2048.0,128.0,256.0,1.0,18.28,8.12,101.24,0.38,0.0,0.0,0.0,111.0
2026-09-15T22:21:54.040934196Z,846.0,142.772,118.0,7.0,1793.0,2048.0,128.0,256.0,1.0,12.26,11.14,105.81,1.42,0.0,0.0,0.0,111.0
2026-09-15T22:21:54.170567853Z,847.0,142.902,117.0,6.0,1568.0,2048.0,128.0,256.0,1.0,8.63,7.66,112.54,0.7,0.0,0.0,0.0,111.0
2026-09-15T22:21:54.301215040Z,848.0,143.033,117.0,7.0,1808.0,2048.0,128.0,256.0,1.0,25.4,12.58,90.24,1.99,0.0,0.0,0.0,109.0
2026-09-15T22:21:54.432074577Z,849.0,143.163,116.0,8.0,1817.0,2048.0,128.0,256.0,0.0,26.66,13.21,88.07,1.66,0.0,0.0,0.0,108.0
2026-09-15T22:21:54.561826714Z,850.0,143.293,115.0,7.0,1808.0,2048.0,128.0,256.0,1.0,8.35,8.58,111.52,0.94,0.0,0.0,0.0,108.0
2026-09-15T22:21:54.696626701Z,851.0,143.428,115.0,8.0,1808.0,2048.0,128.0,256.0,1.0,23.39,8.0,95.76,0.29,0.0,0.0,0.0,109.0
2026-09-15T22:21:54.823965118Z,852.0,143.555,116.0,8.0,1808.0,2048.0,128.0,256.0,1.0,116.41,10.55,7.08,0.37,0.0,0.0,0.0,109.0
2026-09-15T22:21:54.954424115Z,853.0,143.686,116.0,8.0,1808.0,2048.0,128.0,256.0,1.0,22.96,10.84,92.52,0.62,0.0,0.0,0.0,109.0
2026-09-15T22:21:55.085075542Z,854.0,143.816,116.0,8.0,1808.0,2048.0,128.0,256.0,1.0,20.56,10.91,97.59,0.44,0.0,0.0,0.0,109.0
2026-09-15T22:21:55.215353199Z,855.0,143.947,116.0,7.0,1808.0,2048.0,128.0,256.0,1.0,10.06,8.43,111.06,0.87,0.0,0.0,0.0,109.0
2026-09-15T22:21:55.346219716Z,856.0,144.078,116.0,7.0,1800.0,2048.0,128.0,256.0,1.0,13.19,10.54,105.11,1.95,0.0,0.0,0.0,109.0
2026-09-15T22:21:55.476777063Z,857.0,144.208,115.0,8.0,1808.0,2048.0,128.0,256.0,1.0,25.63,12.71,89.83,0.56,0.0,0.0,0.0,109.0
2026-09-15T22:21:55.606565850Z,858.0,144.338,116.0,7.0,1753.0,2048.0,128.0,256.0,1.0,13.57,11.42,104.32,0.43,0.0,0.0,0.0,109.0
2026-09-15T22:21:55.737330057Z,859.0,144.468,115.0,6.0,1568.0,2048.0,128.0,256.0,1.0,9.34,7.77,111.4,0.53,0.0,0.0,0.0,109.0
2026-09-15T22:21:55.867692444Z,860.0,144.599,115.0,7.0,1808.0,2048.0,128.0,256.0,1.0,30.96,16.58,81.55,1.68,0.0,0.0,0.0,106.0
2026-09-15T22:21:55.998411311Z,861.0,144.73,113.0,7.0,1808.0,2048.0,128.0,256.0,1.0,13.38,12.79,101.97,1.78,0.0,0.0,0.0,106.0
2026-09-15T22:21:56.127562109Z,862.0,144.859,113.0,9.0,1808.0,2048.0,128.0,256.0,1.0,103.28,13.31,8.41,0.9,0.0,0.0,0.0,108.0
2026-09-15T22:21:56.258368146Z,863.0,144.99,115.0,7.0,1808.0,2048.0,128.0,256.0,1.0,20.28,18.3,89.06,1.15,0.0,0.0,0.0,107.0
2026-09-15T22:21:56.388324863Z,864.0,145.12,114.0,9.0,1808.0,2048.0,128.0,256.0,1.0,27.49,11.6,89.68,0.82,0.0,0.0,0.0,108.0
2026-09-15T22:21:56.518395329Z,865.0,145.25,115.0,7.0,1808.0,2048.0,128.0,256.0,1.0,9.83,8.34,110.41,0.39,0.0,0.0,0.0,108.0
2026-09-15T22:21:56.648711677Z,866.0,145.38,115.0,8.0,1808.0,2048.0,128.0,256.0,1.0,20.82,13.08,95.08,1.27,0.0,0.0,0.0,107.0
2026-09-15T22:21:56.778584243Z,867.0,145.51,114.0,7.0,1808.0,2048.0,128.0,256.0,1.0,15.26,16.1,96.88,0.41,0.0,0.0,0.0,106.0
2026-09-15T22:21:56.909269111Z,868.0,145.641,113.0,7.0,1727.0,2048.0,128.0,256.0,1.0,14.46,12.19,102.11,0.87,0.0,0.0,0.0,106.0
2026-09-15T22:21:57.038446738Z,869.0,145.77,112.0,6.0,1568.0,2048.0,128.0,256.0,1.0,8.97,14.64,105.39,1.36,0.0,0.0,0.0,106.0
2026-09-15T22:21:57.168708235Z,870.0,145.9,112.0,6.0,1568.0,2048.0,128.0,256.0,1.0,97.13,9.26,20.79,1.28,0.0,0.0,0.0,106.0
2026-09-15T22:21:57.298814012Z,871.0,146.03,112.0,8.0,2048.0,2048.0,128.0,256.0,0.0,35.75,18.88,73.23,0.82,0.0,0.0,0.0,103.0
2026-09-15T22:21:57.429866019Z,872.0,146.161,111.0,8.0,2048.0,2048.0,128.0,256.0,0.0,13.95,10.53,104.12,1.68,0.0,0.0,0.0,102.0
2026-09-15T22:21:57.559785986Z,873.0,146.291,110.0,9.0,2048.0,2048.0,128.0,256.0,0.0,16.85,8.75,102.87,0.82,0.0,0.0,0.0,103.0
2026-09-15T22:21:57.690116743Z,874.0,146.421,111.0,11.0,2048.0,2048.0,128.0,256.0,0.0,29.97,18.75,79.91,1.09,0.0,0.0,0.0,104.0
2026-09-15T22:21:57.820405960Z,875.0,146.552,112.0,8.0,2048.0,2048.0,128.0,256.0,0.0,9.46,18.92,100.16,1.52,0.0,0.0,0.0,104.0
2026-09-15T22:21:57.951101717Z,876.0,146.682,112.0,9.0,2048.0,2048.0,128.0,256.0,0.0,24.39,10.61,93.06,0.36,0.0,0.0,0.0,104.0
2026-09-15T22:21:58.081702314Z,877.0,146.813,112.0,9.0,2048.0,2048.0,128.0,256.0,0.0,19.88,9.98,99.71,0.86,0.0,0.0,0.0,104.0
2026-09-15T22:21:58.211612621Z,878.0,146.943,112.0,8.0,2048.0,2048.0,128.0,256.0,0.0,9.95,10.15,106.68,1.35,0.0,0.0,0.0,104.0
2026-09-15T22:21:58.342271038Z,879.0,147.074,112.0,8.0,2048.0,2048.0,128.0,256.0,0.0,95.47,11.25,21.11,1.21,0.0,0.0,0.0,103.0
2026-09-15T22:21:58.473032495Z,880.0,147.204,111.0,8.0,2048.0,2048.0,128.0,256.0,0.0,8.88,7.68,112.19,1.52,0.0,0.0,0.0,103.0
2026-09-15T22:21:58.603030972Z,881.0,147.334,111.0,8.0,2048.0,2048.0,128.0,256.0,0.0,11.94,11.48,103.29,0.49,0.0,0.0,0.0,102.0
2026-09-15T22:21:58.733582969Z,882.0,147.465,110.0,9.0,1866.0,2048.0,128.0,256.0,0.0,19.13,10.54,99.13,1.53,0.0,0.0,0.0,103.0
2026-09-15T22:21:58.863844476Z,883.0,147.595,110.0,7.0,1808.0,2048.0,128.0,256.0,1.0,7.89,8.4,111.97,0.54,0.0,0.0,0.0,103.0
2026-09-15T22:21:58.994744263Z,884.0,147.726,110.0,11.0,1808.0,2048.0,128.0,256.0,1.0,23.22,11.55,94.12,1.35,0.0,0.0,0.0,107.0
2026-09-15T22:21:59.125141020Z,885.0,147.856,114.0,7.0,1808.0,2048.0,128.0,256.0,1.0,17.4,14.38,96.97,1.02,0.0,0.0,0.0,105.0
2026-09-15T22:21:59.254687877Z,886.0,147.986,112.0,7.0,1808.0,2048.0,128.0,256.0,1.0,13.63,11.62,103.25,1.11,0.0,0.0,0.0,104.0
2026-09-15T22:21:59.384656754Z,887.0,148.116,111.0,8.0,1808.0,2048.0,128.0,256.0,1.0,22.44,11.68,93.66,0.97,0.0,0.0,0.0,104.0
2026-09-15T22:21:59.515108971Z,888.0,148.246,111.0,8.0,1808.0,2048.0,128.0,256.0,1.0,17.94,11.57,98.76,0.74,0.0,0.0,0.0,105.0
2026-09-15T22:21:59.655817268Z,889.0,148.387,112.0,7.0,1808.0,2048.0,128.0,256.0,1.0,13.1,11.26,104.53,0.34,0.0,0.0,0.0,104.0
2026-09-15T22:21:59.780237615Z,890.0,148.512,111.0,7.0,1808.0,2048.0,128.0,256.0,1.0,113.64,17.44,8.6,0.44,0.0,0.0,0.0,100.0
2026-09-15T22:21:59.910434602Z,891.0,148.642,107.0,7.0,1808.0,2048.0,128.0,256.0,1.0,11.61,7.89,103.73,0.88,0.0,0.0,0.0,100.0
2026-09-15T22:22:00.040884609Z,892.0,148.772,107.0,8.0,1808.0,2048.0,128.0,256.0,1.0,22.27,13.86,92.29,1.54,0.0,0.0,0.0,100.0
2026-09-15T22:22:00.171720357Z,893.0,148.902,107.0,7.0,1808.0,2048.0,128.0,256.0,1.0,9.71,8.06,110.49,1.09,0.0,0.0,0.0,100.0
2026-09-15T22:22:00.301585523Z,894.0,149.033,107.0,10.0,1808.0,2048.0,128.0,256.0,1.0,23.97,15.23,86.66,1.29,0.0,0.0,0.0,102.0
2026-09-15T22:22:00.431147220Z,895.0,149.163,109.0,8.0,1808.0,2048.0,128.0,256.0,1.0,17.02,8.55,102.97,1.8,0.0,0.0,0.0,103.0
2026-09-15T22:22:00.561325828Z,896.0,149.293,110.0,7.0,1808.0,2048.0,128.0,256.0,1.0,12.73,10.22,104.15,0.36,0.0,0.0,0.0,102.0
2026-09-15T22:22:00.691684585Z,897.0,149.423,109.0,7.0,1808.0,2048.0,128.0,256.0,1.0,13.49,10.94,104.64,1.7,0.0,0.0,0.0,101.0
2026-09-15T22:22:00.822320602Z,898.0,149.554,108.0,9.0,1808.0,2048.0,128.0,256.0,1.0,18.25,8.68,101.07,0.36,0.0,0.0,0.0,103.0
2026-09-15T22:22:00.952056789Z,899.0,149.684,110.0,8.0,2048.0,2048.0,128.0,256.0,0.0,111.32,10.9,7.21,0.62,0.0,0.0,0.0,102.0
2026-09-15T22:22:01.082548786Z,900.0,149.814,110.0,8.0,2048.0,2048.0,128.0,256.0,0.0,8.68,8.35,111.62,1.41,0.0,0.0,0.0,102.0
2026-09-15T22:22:01.212586223Z,901.0,149.944,110.0,8.0,2048.0,2048.0,128.0,256.0,0.0,8.19,8.35,111.82,0.88,0.0,0.0,0.0,102.0
2026-09-15T22:22:01.344347770Z,902.0,150.076,110.0,9.0,2048.0,2048.0,128.0,256.0,0.0,21.17,12.21,95.16,1.71,0.0,0.0,0.0,102.0
2026-09-15T22:22:01.473706417Z,903.0,150.205,110.0,9.0,2048.0,2048.0,128.0,256.0,0.0,20.09,10.3,98.7,0.88,0.0,0.0,0.0,103.0
2026-09-15T22:22:01.604680594Z,904.0,150.336,111.0,8.0,2048.0,2048.0,128.0,256.0,0.0,13.89,12.01,101.89,1.33,0.0,0.0,0.0,102.0
2026-09-15T22:22:01.735184871Z,905.0,150.467,110.0,9.0,2048.0,2048.0,128.0,256.0,0.0,19.71,9.03,100.21,1.01,0.0,0.0,0.0,103.0
2026-09-15T22:22:01.865576978Z,906.0,150.597,111.0,10.0,2048.0,2048.0,128.0,256.0,0.0,22.38,16.57,89.83,1.67,0.0,0.0,0.0,105.0
2026-09-15T22:22:01.996608975Z,907.0,150.728,113.0,8.0,2048.0,2048.0,128.0,256.0,0.0,9.07,8.14,110.77,1.77,0.0,0.0,0.0,105.0
2026-09-15T22:22:02.126557562Z,908.0,150.858,113.0,9.0,2048.0,2048.0,128.0,256.0,0.0,23.06,10.57,94.74,1.0,0.0,0.0,0.0,105.0
2026-09-15T22:22:02.256749189Z,909.0,150.988,113.0,9.0,2048.0,2048.0,128.0,256.0,0.0,17.89,13.58,96.9,0.72,0.0,0.0,0.0,106.0
2026-09-15T22:22:02.387164656Z,910.0,151.118,114.0,9.0,2048.0,2048.0,128.0,256.0,0.0,22.41,10.55,96.0,0.79,0.0,0.0,0.0,106.0
2026-09-15T22:22:02.517423593Z,911.0,151.249,114.0,8.0,2048.0,2048.0,128.0,256.0,0.0,8.12,8.48,112.37,0.82,0.0,0.0,0.0,106.0
2026-09-15T22:22:02.648673380Z,912.0,151.38,114.0,9.0,2048.0,2048.0,128.0,256.0,0.0,23.72,11.26,93.82,1.95,0.0,0.0,0.0,106.0
2026-09-15T22:22:02.778739217Z,913.0,151.51,114.0,8.0,2048.0,2048.0,128.0,256.0,0.0,13.7,11.65,103.21,0.6,0.0,0.0,0.0,105.0
2026-09-15T22:22:02.908870524Z,914.0,151.64,113.0,8.0,2048.0,2048.0,128.0,256.0,0.0,16.94,20.74,91.02,0.8,0.0,0.0,0.0,103.0
2026-09-15T22:22:03.060823531Z,915.0,151.792,111.0,8.0,2048.0,2048.0,128.0,256.0,0.0,15.46,14.6,98.59,0.3,0.0,0.0,0.0,102.0
2026-09-15T22:22:03.187403618Z,916.0,151.919,110.0,10.0,1830.0,2048.0,128.0,256.0,0.0,132.7,10.91,7.24,0.44,0.0,0.0,0.0,105.0
2026-09-15T22:22:03.317912525Z,917.0,152.049,112.0,7.0,1808.0,2048.0,128.0,256.0,1.0,9.34,8.11,107.93,1.42,0.0,0.0,0.0,105.0
2026-09-15T22:22:03.448874452Z,918.0,152.18,112.0,8.0,1808.0,2048.0,128.0,256.0,1.0,24.64,12.1,91.71,1.14,0.0,0.0,0.0,105.0
2026-09-15T22:22:03.579043939Z,919.0,152.31,112.0,8.0,1808.0,2048.0,128.0,256.0,1.0,23.53,11.52,94.04,0.69,0.0,0.0,0.0,105.0
2026-09-15T22:22:03.709596466Z,920.0,152.441,112.0,8.0,1808.0,2048.0,128.0,256.0,1.0,25.56,8.83,94.16,2.2,0.0,0.0,0.0,106.0
2026-09-15T22:22:03.839787273Z,921.0,152.571,113.0,8.0,1808.0,2048.0,128.0,256.0,1.0,17.91,9.3,100.38,1.61,0.0,0.0,0.0,107.0
2026-09-15T22:22:03.969825420Z,922.0,152.701,114.0,7.0,1808.0,2048.0,128.0,256.0,1.0,8.24,9.89,109.69,0.75,0.0,0.0,0.0,107.0
2026-09-15T22:22:04.100328447Z,923.0,152.832,114.0,8.0,1808.0,2048.0,128.0,256.0,1.0,25.11,14.01,89.47,0.95,0.0,0.0,0.0,107.0
2026-09-15T22:22:04.230695604Z,924.0,152.962,114.0,8.0,2048.0,2048.0,128.0,256.0,0.0,29.58,11.41,87.88,0.53,0.0,0.0,0.0,106.0
2026-09-15T22:22:04.361571281Z,925.0,153.093,114.0,8.0,2048.0,2048.0,128.0,256.0,0.0,10.21,8.47,110.44,1.07,0.0,0.0,0.0,106.0
2026-09-15T22:22:04.491785378Z,926.0,153.223,114.0,8.0,2048.0,2048.0,128.0,256.0,0.0,8.79,7.92,112.43,1.89,0.0,0.0,0.0,106.0
2026-09-15T22:22:04.622306555Z,927.0,153.354,114.0,9.0,2048.0,2048.0,128.0,256.0,0.0,19.66,9.15,98.83,0.95,0.0,0.0,0.0,107.0
2026-09-15T22:22:04.753001932Z,928.0,153.484,115.0,9.0,2048.0,2048.0,128.0,256.0,0.0,25.08,11.61,92.34,0.87,0.0,0.0,0.0,107.0
2026-09-15T22:22:04.883504769Z,929.0,153.615,115.0,9.0,1814.0,2048.0,128.0,256.0,0.0,19.12,9.3,100.7,0.93,0.0,0.0,0.0,109.0
2026-09-15T22:22:05.014133776Z,930.0,153.745,116.0,7.0,1808.0,2048.0,128.0,256.0,1.0,12.59,11.13,105.02,1.44,0.0,0.0,0.0,108.0
2026-09-15T22:22:05.145400263Z,931.0,153.877,115.0,8.0,1808.0,2048.0,128.0,256.0,1.0,109.25,11.05,8.34,0.59,0.0,0.0,0.0,108.0
2026-09-15T22:22:05.275830280Z,932.0,154.007,115.0,7.0,1679.0,2048.0,128.0,256.0,1.0,13.04,11.71,105.26,1.14,0.0,0.0,0.0,108.0
2026-09-15T22:22:05.405467507Z,933.0,154.137,114.0,6.0,1568.0,2048.0,128.0,256.0,1.0,9.49,8.57,110.35,0.98,0.0,0.0,0.0,108.0
2026-09-15T22:22:05.535938875Z,934.0,154.267,114.0,8.0,1568.0,2048.0,128.0,256.0,1.0,22.99,14.5,88.43,0.62,0.0,0.0,0.0,109.0
2026-09-15T22:22:05.666324272Z,935.0,154.398,115.0,6.0,1568.0,2048.0,128.0,256.0,1.0,15.91,17.8,95.47,0.86,0.0,0.0,0.0,108.0
2026-09-15T22:22:05.796707109Z,936.0,154.528,114.0,6.0,1568.0,2048.0,128.0,256.0,1.0,9.17,15.31,104.29,1.53,0.0,0.0,0.0,108.0
2026-09-15T22:22:05.927575886Z,937.0,154.659,114.0,7.0,1808.0,2048.0,128.0,256.0,1.0,26.48,11.44,90.25,0.67,0.0,0.0,0.0,107.0
2026-09-15T22:22:06.057516703Z,938.0,154.789,114.0,7.0,1808.0,2048.0,128.0,256.0,1.0,14.18,12.6,102.33,0.73,0.0,0.0,0.0,106.0
2026-09-15T22:22:06.188411680Z,939.0,154.92,113.0,9.0,1808.0,2048.0,128.0,256.0,1.0,23.87,12.6,92.0,0.73,0.0,0.0,0.0,107.0
2026-09-15T22:22:06.318554237Z,940.0,155.05,114.0,7.0,1808.0,2048.0,128.0,256.0,1.0,8.44,8.19,112.65,0.72,0.0,0.0,0.0,107.0
2026-09-15T22:22:06.449578894Z,941.0,155.181,114.0,8.0,1577.0,2048.0,128.0,256.0,1.0,25.44,11.16,92.17,0.52,0.0,0.0,0.0,108.0
2026-09-15T22:22:06.581563551Z,942.0,155.313,114.0,6.0,1568.0,2048.0,128.0,256.0,1.0,13.47,14.28,101.61,2.16,0.0,0.0,0.0,107.0
2026-09-15T22:22:06.732734027Z,943.0,155.464,113.0,6.0,1568.0,2048.0,128.0,256.0,1.0,20.38,10.66,98.26,0.32,0.0,0.0,0.0,106.0
2026-09-15T22:22:06.858752025Z,944.0,155.59,112.0,7.0,1808.0,2048.0,128.0,256.0,1.0,129.75,12.97,7.63,1.92,0.0,0.0,0.0,104.0
2026-09-15T22:22:06.989020382Z,945.0,155.72,111.0,8.0,1808.0,2048.0,128.0,256.0,1.0,24.29,12.93,86.17,0.54,0.0,0.0,0.0,104.0
2026-09-15T22:22:07.118987748Z,946.0,155.85,111.0,8.0,1808.0,2048.0,128.0,256.0,1.0,16.83,10.7,98.71,0.35,0.0,0.0,0.0,105.0
2026-09-15T22:22:07.249617436Z,947.0,155.981,112.0,7.0,1808.0,2048.0,128.0,256.0,1.0,9.88,7.66,111.2,1.64,0.0,0.0,0.0,105.0
2026-09-15T22:22:07.380434142Z,948.0,156.112,112.0,8.0,1808.0,2048.0,128.0,256.0,1.0,27.37,11.85,88.97,0.82,0.0,0.0,0.0,105.0
2026-09-15T22:22:07.510591030Z,949.0,156.242,112.0,9.0,2048.0,2048.0,128.0,256.0,0.0,21.88,15.46,91.71,0.84,0.0,0.0,0.0,104.0
2026-09-15T22:22:07.640824387Z,950.0,156.372,112.0,9.0,2048.0,2048.0,128.0,256.0,0.0,23.3,8.69,96.47,1.74,0.0,0.0,0.0,105.0
2026-09-15T22:22:07.774772484Z,951.0,156.506,113.0,8.0,2048.0,2048.0,128.0,256.0,0.0,15.71,26.6,85.59,0.35,0.0,0.0,0.0,104.0
2026-09-15T22:22:07.901997761Z,952.0,156.633,112.0,8.0,2048.0,2048.0,128.0,256.0,0.0,115.38,10.39,7.02,0.38,0.0,0.0,0.0,103.0
2026-09-15T22:22:08.032511498Z,953.0,156.764,111.0,9.0,2048.0,2048.0,128.0,256.0,0.0,18.83,9.8,97.23,1.15,0.0,0.0,0.0,104.0
2026-09-15T22:22:08.163415685Z,954.0,156.895,112.0,9.0,2048.0,2048.0,128.0,256.0,0.0,21.77,11.29,95.74,1.9,0.0,0.0,0.0,104.0
2026-09-15T22:22:08.293669972Z,955.0,157.025,112.0,8.0,2048.0,2048.0,128.0,256.0,0.0,9.94,12.68,105.52,0.88,0.0,0.0,0.0,104.0
2026-09-15T22:22:08.424407219Z,956.0,157.156,112.0,9.0,2048.0,2048.0,128.0,256.0,0.0,28.61,16.34,83.78,0.89,0.0,0.0,0.0,103.0
2026-09-15T22:22:08.555343216Z,957.0,157.287,111.0,9.0,2048.0,2048.0,128.0,256.0,0.0,18.75,10.89,99.32,1.91,0.0,0.0,0.0,104.0
2026-09-15T22:22:08.686587673Z,958.0,157.418,112.0,9.0,2048.0,2048.0,128.0,256.0,0.0,26.29,17.44,84.71,1.87,0.0,0.0,0.0,104.0
2026-09-15T22:22:08.816225450Z,959.0,157.548,112.0,9.0,2048.0,2048.0,128.0,256.0,0.0,20.31,11.9,96.24,0.82,0.0,0.0,0.0,104.0
2026-09-15T22:22:08.946835397Z,960.0,157.678,112.0,10.0,2048.0,2048.0,128.0,256.0,0.0,19.78,9.07,99.23,0.48,0.0,0.0,0.0,106.0
2026-09-15T22:22:09.077647964Z,961.0,157.809,114.0,8.0,2048.0,2048.0,128.0,256.0,0.0,16.52,14.11,98.6,0.94,0.0,0.0,0.0,104.0
2026-09-15T22:22:09.208643351Z,962.0,157.94,112.0,8.0,2048.0,2048.0,128.0,256.0,0.0,96.4,8.9,23.82,0.45,0.0,0.0,0.0,104.0
2026-09-15T22:22:09.338944568Z,963.0,158.07,112.0,8.0,2048.0,2048.0,128.0,256.0,0.0,8.15,11.17,110.03,1.63,0.0,0.0,0.0,104.0
2026-09-15T22:22:09.469343815Z,964.0,158.201,112.0,9.0,2048.0,2048.0,128.0,256.0,0.0,22.0,7.6,98.61,1.58,0.0,0.0,0.0,105.0
2026-09-15T22:22:09.599977952Z,965.0,158.331,113.0,9.0,2048.0,2048.0,128.0,256.0,0.0,19.14,7.88,101.03,1.03,0.0,0.0,0.0,106.0
2026-09-15T22:22:09.730715599Z,966.0,158.462,114.0,9.0,2048.0,2048.0,128.0,256.0,0.0,22.65,10.74,95.57,0.88,0.0,0.0,0.0,106.0
2026-09-15T22:22:09.861541066Z,967.0,158.593,114.0,8.0,2048.0,2048.0,128.0,256.0,0.0,9.42,8.86,110.85,0.65,0.0,0.0,0.0,106.0
2026-09-15T22:22:09.993117803Z,968.0,158.724,114.0,8.0,2032.0,2048.0,128.0,256.0,0.0,12.78,10.73,105.86,1.27,0.0,0.0,0.0,106.0
2026-09-15T22:22:10.122680420Z,969.0,158.854,113.0,8.0,1808.0,2048.0,128.0,256.0,1.0,33.28,11.26,84.95,1.25,0.0,0.0,0.0,106.0
2026-09-15T22:22:10.253265307Z,970.0,158.985,113.0,7.0,1584.0,2048.0,128.0,256.0,1.0,9.49,9.64,108.53,0.74,0.0,0.0,0.0,107.0
2026-09-15T22:22:10.383368384Z,971.0,159.115,113.0,6.0,1568.0,2048.0,128.0,256.0,1.0,12.77,18.03,98.21,1.22,0.0,0.0,0.0,106.0
2026-09-15T22:22:10.513907701Z,972.0,159.245,112.0,8.0,1568.0,2048.0,128.0,256.0,1.0,22.27,9.59,96.33,0.76,0.0,0.0,0.0,108.0
2026-09-15T22:22:10.644072358Z,973.0,159.375,114.0,6.0,1568.0,2048.0,128.0,256.0,1.0,8.2,8.54,112.46,1.45,0.0,0.0,0.0,108.0
2026-09-15T22:22:10.774353115Z,974.0,159.506,114.0,6.0,1568.0,2048.0,128.0,256.0,1.0,14.05,18.01,95.82,0.96,0.0,0.0,0.0,107.0
2026-09-15T22:22:10.904151492Z,975.0,159.635,113.0,6.0,1568.0,2048.0,128.0,256.0,1.0,9.79,8.48,110.15,0.99,0.0,0.0,0.0,107.0
2026-09-15T22:22:11.034238539Z,976.0,159.765,113.0,9.0,1568.0,2048.0,128.0,256.0,1.0,17.78,9.0,101.52,0.76,0.0,0.0,0.0,110.0
2026-09-15T22:22:11.164685887Z,977.0,159.896,116.0,6.0,1568.0,2048.0,128.0,256.0,1.0,15.31,13.87,99.2,1.86,0.0,0.0,0.0,108.0
2026-09-15T22:22:11.294235333Z,978.0,160.026,114.0,6.0,1568.0,2048.0,128.0,256.0,1.0,9.37,8.85,109.86,0.37,0.0,0.0,0.0,108.0
2026-09-15T22:22:11.763889323Z,979.0,160.495,114.0,6.0,1568.0,2048.0,128.0,256.0,1.0,13.1,12.47,102.85,0.27,0.0,0.0,0.0,107.0
2026-09-15T22:22:11.892185170Z,980.0,160.624,113.0,6.0,1568.0,2048.0,128.0,256.0,1.0,454.05,8.39,6.56,0.81,0.0,0.0,0.0,107.0
2026-09-15T22:22:12.022650467Z,981.0,160.754,113.0,7.0,1808.0,2048.0,128.0,256.0,1.0,21.41,10.68,94.69,0.89,0.0,0.0,0.0,106.0
2026-09-15T22:22:12.153172794Z,982.0,160.884,113.0,7.0,1808.0,2048.0,128.0,256.0,1.0,8.67,8.45,111.87,1.42,0.0,0.0,0.0,106.0
2026-09-15T22:22:12.282982951Z,983.0,161.014,113.0,7.0,1808.0,2048.0,128.0,256.0,1.0,17.97,12.99,96.71,0.61,0.0,0.0,0.0,104.0
2026-09-15T22:22:12.413320588Z,984.0,161.145,111.0,8.0,1808.0,2048.0,128.0,256.0,1.0,26.87,12.99,89.43,1.18,0.0,0.0,0.0,103.0
2026-09-15T22:22:12.544348825Z,985.0,161.276,110.0,8.0,1808.0,2048.0,128.0,256.0,1.0,21.65,12.18,94.74,1.54,0.0,0.0,0.0,103.0
2026-09-15T22:22:12.674726522Z,986.0,161.406,110.0,8.0,1808.0,2048.0,128.0,256.0,1.0,24.52,11.5,92.54,1.99,0.0,0.0,0.0,103.0
2026-09-15T22:22:12.815456469Z,987.0,161.547,110.0,8.0,1808.0,2048.0,128.0,256.0,1.0,20.17,9.1,98.33,0.28,0.0,0.0,0.0,104.0
2026-09-15T22:22:12.943413736Z,988.0,161.675,111.0,8.0,1808.0,2048.0,128.0,256.0,1.0,121.84,11.56,6.47,1.51,0.0,0.0,0.0,104.0
2026-09-15T22:22:13.073461693Z,989.0,161.805,111.0,7.0,1808.0,2048.0,128.0,256.0,1.0,9.33,12.88,103.68,0.76,0.0,0.0,0.0,104.0
2026-09-15T22:22:13.204037920Z,990.0,161.935,111.0,7.0,1808.0,2048.0,128.0,256.0,1.0,12.89,10.89,104.77,1.85,0.0,0.0,0.0,103.0
2026-09-15T22:22:13.334739907Z,991.0,162.066,110.0,10.0,2048.0,2048.0,128.0,256.0,0.0,28.21,11.09,88.89,1.07,0.0,0.0,0.0,104.0
2026-09-15T22:22:13.464822644Z,992.0,162.196,112.0,8.0,2048.0,2048.0,128.0,256.0,0.0,8.06,13.89,107.11,0.56,0.0,0.0,0.0,104.0
2026-09-15T22:22:13.595763751Z,993.0,162.327,112.0,8.0,2048.0,2048.0,128.0,256.0,0.0,9.4,9.45,109.95,1.68,0.0,0.0,0.0,104.0
2026-09-15T22:22:13.726042928Z,994.0,162.457,112.0,8.0,2048.0,2048.0,128.0,256.0,0.0,12.32,11.42,104.77,0.39,0.0,0.0,0.0,103.0
2026-09-15T22:22:13.856443325Z,995.0,162.588,111.0,9.0,2048.0,2048.0,128.0,256.0,0.0,28.65,14.02,86.43,0.72,0.0,0.0,0.0,102.0
2026-09-15T22:22:13.987970492Z,996.0,162.719,110.0,9.0,2048.0,2048.0,128.0,256.0,0.0,18.07,10.07,100.81,0.79,0.0,0.0,0.0,103.0
2026-09-15T22:22:14.118155809Z,997.0,162.849,111.0,8.0,2048.0,2048.0,128.0,256.0,0.0,8.46,12.55,106.68,1.78,0.0,0.0,0.0,103.0
2026-09-15T22:22:14.248242217Z,998.0,162.98,111.0,10.0,2048.0,2048.0,128.0,256.0,0.0,25.49,8.54,94.27,0.39,0.0,0.0,0.0,105.0
2026-09-15T22:22:14.379027613Z,999.0,163.11,113.0,8.0,2048.0,2048.0,128.0,256.0,0.0,9.99,9.17,109.86,1.1,0.0,0.0,0.0,105.0
2026-09-15T22:22:14.509845960Z,1000.0,163.241,113.0,8.0,2048.0,2048.0,128.0,256.0,0.0,7.61,8.85,112.6,1.04,0.0,0.0,0.0,105.0
2026-09-15T22:22:14.641060768Z,1001.0,163.372,113.0,9.0,2048.0,2048.0,128.0,256.0,0.0,20.3,10.79,97.93,1.72,0.0,0.0,0.0,105.0
2026-09-15T22:22:14.771236205Z,1002.0,163.503,113.0,9.0,2048.0,2048.0,128.0,256.0,0.0,17.55,8.59,102.79,1.06,0.0,0.0,0.0,106.0
2026-09-15T22:22:14.901565131Z,1003.0,163.633,114.0,8.0,1948.0,2048.0,128.0,256.0,0.0,8.23,8.45,111.98,0.66,0.0,0.0,0.0,107.0
2026-09-15T22:22:15.045357088Z,1004.0,163.777,114.0,7.0,1808.0,2048.0,128.0,256.0,1.0,13.74,11.32,103.72,0.29,0.0,0.0,0.0,106.0
2026-09-15T22:22:15.172799215Z,1005.0,163.904,113.0,8.0,2048.0,2048.0,128.0,256.0,0.0,124.24,12.3,6.49,0.6,0.0,0.0,0.0,105.0
2026-09-15T22:22:15.304011682Z,1006.0,164.035,113.0,8.0,2048.0,2048.0,128.0,256.0,0.0,10.53,11.86,103.79,1.83,0.0,0.0,0.0,105.0
2026-09-15T22:22:15.433973919Z,1007.0,164.165,113.0,9.0,2048.0,2048.0,128.0,256.0,0.0,21.13,10.06,97.44,0.57,0.0,0.0,0.0,106.0
2026-09-15T22:22:15.564905487Z,1008.0,164.296,114.0,10.0,2048.0,2048.0,128.0,256.0,0.0,22.61,8.59,97.52,1.35,0.0,0.0,0.0,108.0
2026-09-15T22:22:15.695289553Z,1009.0,164.427,116.0,10.0,2048.0,2048.0,128.0,256.0,0.0,25.5,14.7,88.59,0.91,0.0,0.0,0.0,108.0
2026-09-15T22:22:15.826469750Z,1010.0,164.558,116.0,8.0,2048.0,2048.0,128.0,256.0,0.0,8.55,8.35,111.88,0.36,0.0,0.0,0.0,108.0
2026-09-15T22:22:15.957361578Z,1011.0,164.689,116.0,8.0,2048.0,2048.0,128.0,256.0,0.0,22.1,17.05,90.99,0.65,0.0,0.0,0.0,105.0
2026-09-15T22:22:16.088996564Z,1012.0,164.82,113.0,9.0,1827.0,2048.0,128.0,256.0,0.0,23.2,8.18,98.16,1.55,0.0,0.0,0.0,107.0
2026-09-15T22:22:16.218031682Z,1013.0,164.949,114.0,7.0,1808.0,2048.0,128.0,256.0,1.0,13.82,11.34,104.33,0.59,0.0,0.0,0.0,106.0
2026-09-15T22:22:16.348668649Z,1014.0,165.08,113.0,7.0,1808.0,2048.0,128.0,256.0,1.0,8.6,8.68,110.59,1.44,0.0,0.0,0.0,106.0
2026-09-15T22:22:16.479754886Z,1015.0,165.211,113.0,7.0,1808.0,2048.0,128.0,256.0,1.0,14.55,16.51,97.5,2.81,0.0,0.0,0.0,105.0
2026-09-15T22:22:16.609709633Z,1016.0,165.341,112.0,7.0,1808.0,2048.0,128.0,256.0,1.0,103.62,9.24,14.52,0.36,0.0,0.0,0.0,105.0
2026-09-15T22:22:16.739882540Z,1017.0,165.471,112.0,9.0,2048.0,2048.0,128.0,256.0,0.0,33.18,16.52,78.81,0.59,0.0,0.0,0.0,103.0
2026-09-15T22:22:16.871642107Z,1018.0,165.603,111.0,9.0,2048.0,2048.0,128.0,256.0,0.0,29.38,13.07,86.43,1.34,0.0,0.0,0.0,102.0
2026-09-15T22:22:17.001715164Z,1019.0,165.733,110.0,8.0,2048.0,2048.0,128.0,256.0,0.0,14.63,14.89,100.28,1.37,0.0,0.0,0.0,101.0
2026-09-15T22:22:17.131960791Z,1020.0,165.863,109.0,9.0,2048.0,2048.0,128.0,256.0,0.0,19.83,8.11,100.09,1.64,0.0,0.0,0.0,102.0
2026-09-15T22:22:17.262938668Z,1021.0,165.994,110.0,9.0,2048.0,2048.0,128.0,256.0,0.0,22.27,10.17,95.54,0.39,0.0,0.0,0.0,102.0
2026-09-15T22:22:17.392844055Z,1022.0,166.124,110.0,9.0,2048.0,2048.0,128.0,256.0,0.0,24.53,11.31,94.13,0.46,0.0,0.0,0.0,102.0
2026-09-15T22:22:17.534661812Z,1023.0,166.266,110.0,8.0,2048.0,2048.0,128.0,256.0,0.0,9.97,8.62,110.15,0.34,0.0,0.0,0.0,102.0
2026-09-15T22:22:17.663495829Z,1024.0,166.395,110.0,10.0,2048.0,2048.0,128.0,256.0,0.0,123.16,10.85,6.72,0.93,0.0,0.0,0.0,103.0
2026-09-15T22:22:17.794258076Z,1025.0,166.526,111.0,8.0,2048.0,2048.0,128.0,256.0,0.0,14.31,13.04,99.92,1.22,0.0,0.0,0.0,102.0
2026-09-15T22:22:17.925174273Z,1026.0,166.657,110.0,8.0,2048.0,2048.0,128.0,256.0,0.0,9.87,9.73,109.13,1.34,0.0,0.0,0.0,102.0
2026-09-15T22:22:18.055680800Z,1027.0,166.787,110.0,8.0,2048.0,2048.0,128.0,256.0,0.0,9.36,9.17,110.06,0.71,0.0,0.0,0.0,102.0
2026-09-15T22:22:18.186478247Z,1028.0,166.918,110.0,9.0,2048.0,2048.0,128.0,256.0,0.0,27.22,20.09,81.78,0.48,0.0,0.0,0.0,100.0
2026-09-15T22:22:18.318229384Z,1029.0,167.05,108.0,8.0,2048.0,2048.0,128.0,256.0,0.0,9.44,8.72,111.23,2.82,0.0,0.0,0.0,100.0
2026-09-15T22:22:18.447627031Z,1030.0,167.179,108.0,9.0,2048.0,2048.0,128.0,256.0,0.0,18.44,8.91,101.09,1.34,0.0,0.0,0.0,101.0
2026-09-15T22:22:18.577692538Z,1031.0,167.309,109.0,9.0,2048.0,2048.0,128.0,256.0,0.0,21.84,11.33,94.24,1.02,0.0,0.0,0.0,101.0
2026-09-15T22:22:18.709057275Z,1032.0,167.44,109.0,10.0,2048.0,2048.0,128.0,256.0,0.0,21.94,9.29,97.08,0.82,0.0,0.0,0.0,103.0
2026-09-15T22:22:18.839490432Z,1033.0,167.571,111.0,8.0,2048.0,2048.0,128.0,256.0,0.0,7.46,7.87,114.57,1.06,0.0,0.0,0.0,103.0
2026-09-15T22:22:18.969989719Z,1034.0,167.701,111.0,8.0,2048.0,2048.0,128.0,256.0,0.0,13.01,12.08,103.29,1.44,0.0,0.0,0.0,102.0
2026-09-15T22:22:19.115563786Z,1035.0,167.847,110.0,9.0,2048.0,2048.0,128.0,256.0,0.0,19.54,8.18,100.81,0.34,0.0,0.0,0.0,103.0
2026-09-15T22:22:19.241228343Z,1036.0,167.973,111.0,10.0,2048.0,2048.0,128.0,256.0,0.0,123.89,12.18,8.3,1.05,0.0,0.0,0.0,104.0
2026-09-15T22:22:19.371355490Z,1037.0,168.103,112.0,8.0,2048.0,2048.0,128.0,256.0,0.0,8.48,8.09,107.43,0.34,0.0,0.0,0.0,104.0
2026-09-15T22:22:19.501962627Z,1038.0,168.233,112.0,8.0,2048.0,2048.0,128.0,256.0,0.0,13.29,11.15,104.36,1.28,0.0,0.0,0.0,103.0
2026-09-15T22:22:19.632984494Z,1039.0,168.364,111.0,9.0,2048.0,2048.0,128.0,256.0,0.0,24.27,12.31,91.89,0.48,0.0,0.0,0.0,103.0
2026-09-15T22:22:19.763535341Z,1040.0,168.495,111.0,8.0,2048.0,2048.0,128.0,256.0,0.0,15.44,16.01,98.32,0.65,0.0,0.0,0.0,102.0
2026-09-15T22:22:19.895369088Z,1041.0,168.627,110.0,9.0,2048.0,2048.0,128.0,256.0,0.0,20.32,9.34,99.58,1.44,0.0,0.0,0.0,103.0
2026-09-15T22:22:20.025237555Z,1042.0,168.757,111.0,8.0,2048.0,2048.0,128.0,256.0,0.0,7.97,8.07,113.5,0.95,0.0,0.0,0.0,103.0
2026-09-15T22:22:20.155858562Z,1043.0,168.887,111.0,9.0,2048.0,2048.0,128.0,256.0,0.0,28.6,10.76,88.8,1.09,0.0,0.0,0.0,103.0
2026-09-15T22:22:20.286676339Z,1044.0,169.018,111.0,8.0,2048.0,2048.0,128.0,256.0,0.0,20.51,9.4,99.12,0.77,0.0,0.0,0.0,104.0
2026-09-15T22:22:20.416852626Z,1045.0,169.148,112.0,8.0,1895.0,2048.0,128.0,256.0,0.0,18.07,13.99,97.26,0.35,0.0,0.0,0.0,104.0
2026-09-15T22:22:20.547999143Z,1046.0,169.279,111.0,8.0,1808.0,2048.0,128.0,256.0,1.0,25.47,11.43,92.18,1.42,0.0,0.0,0.0,104.0
2026-09-15T22:22:20.681541100Z,1047.0,169.413,111.0,8.0,1808.0,2048.0,128.0,256.0,1.0,24.04,13.39,91.46,1.4,0.0,0.0,0.0,104.0
2026-09-15T22:22:20.808812307Z,1048.0,169.54,111.0,8.0,1808.0,2048.0,128.0,256.0,1.0,20.21,10.12,100.45,0.45,0.0,0.0,0.0,105.0
2026-09-15T22:22:20.939498774Z,1049.0,169.671,112.0,7.0,1808.0,2048.0,128.0,256.0,1.0,10.38,8.39,107.69,0.38,0.0,0.0,0.0,105.0
2026-09-15T22:22:21.070182631Z,1050.0,169.802,112.0,8.0,1808.0,2048.0,128.0,256.0,1.0,25.57,8.86,95.05,0.54,0.0,0.0,0.0,106.0
2026-09-15T22:22:21.200998628Z,1051.0,169.932,113.0,7.0,1808.0,2048.0,128.0,256.0,1.0,13.53,10.99,105.01,0.58,0.0,0.0,0.0,105.0
2026-09-15T22:22:21.332043275Z,1052.0,170.063,112.0,7.0,1808.0,2048.0,128.0,256.0,1.0,10.61,11.53,107.34,1.9,0.0,0.0,0.0,105.0
2026-09-15T22:22:21.462342582Z,1053.0,170.194,112.0,7.0,1606.0,2048.0,128.0,256.0,1.0,104.23,9.12,15.18,0.83,0.0,0.0,0.0,106.0
2026-09-15T22:22:21.593095419Z,1054.0,170.325,112.0,7.0,1568.0,2048.0,128.0,256.0,1.0,17.94,9.12,101.56,1.08,0.0,0.0,0.0,107.0
2026-09-15T22:22:21.723055706Z,1055.0,170.454,113.0,6.0,1568.0,2048.0,128.0,256.0,1.0,8.05,9.09,112.03,0.44,0.0,0.0,0.0,107.0
2026-09-15T22:22:21.853073983Z,1056.0,170.584,113.0,7.0,1568.0,2048.0,128.0,256.0,1.0,17.12,8.65,102.99,0.79,0.0,0.0,0.0,108.0
2026-09-15T22:22:21.983980321Z,1057.0,170.715,114.0,7.0,1568.0,2048.0,128.0,256.0,1.0,19.82,8.56,100.2,0.45,0.0,0.0,0.0,109.0
2026-09-15T22:22:22.114890798Z,1058.0,170.846,115.0,8.0,1808.0,2048.0,128.0,256.0,1.0,24.37,11.4,93.96,0.39,0.0,0.0,0.0,109.0
2026-09-15T22:22:22.244473575Z,1059.0,170.976,116.0,7.0,1808.0,2048.0,128.0,256.0,1.0,15.91,12.66,101.0,1.48,0.0,0.0,0.0,108.0
2026-09-15T22:22:22.374673522Z,1060.0,171.106,115.0,8.0,1808.0,2048.0,128.0,256.0,1.0,21.29,11.4,94.62,0.38,0.0,0.0,0.0,109.0
2026-09-15T22:22:22.505494049Z,1061.0,171.237,116.0,7.0,1808.0,2048.0,128.0,256.0,1.0,9.21,8.95,110.8,0.61,0.0,0.0,0.0,109.0
2026-09-15T22:22:22.635925096Z,1062.0,171.367,116.0,8.0,2048.0,2048.0,128.0,256.0,0.0,24.47,14.06,89.37,1.19,0.0,0.0,0.0,108.0
2026-09-15T22:22:22.766357603Z,1063.0,171.498,116.0,8.0,2048.0,2048.0,128.0,256.0,0.0,14.72,13.11,100.8,0.86,0.0,0.0,0.0,106.0
2026-09-15T22:22:22.897098340Z,1064.0,171.629,114.0,8.0,2048.0,2048.0,128.0,256.0,0.0,14.38,14.11,100.25,1.36,0.0,0.0,0.0,106.0
2026-09-15T22:22:23.027870327Z,1065.0,171.759,114.0,8.0,2048.0,2048.0,128.0,256.0,0.0,12.36,11.57,104.99,0.37,0.0,0.0,0.0,106.0
2026-09-15T22:22:23.158521544Z,1066.0,171.89,114.0,10.0,2048.0,2048.0,128.0,256.0,0.0,29.66,20.17,79.63,0.53,0.0,0.0,0.0,106.0
2026-09-15T22:22:23.299805091Z,1067.0,172.031,114.0,8.0,2048.0,2048.0,128.0,256.0,0.0,25.2,16.8,87.34,0.3,0.0,0.0,0.0,104.0
2026-09-15T22:22:23.426115278Z,1068.0,172.158,112.0,8.0,2048.0,2048.0,128.0,256.0,0.0,121.47,11.39,7.43,1.29,0.0,0.0,0.0,103.0
2026-09-15T22:22:23.556400195Z,1069.0,172.288,111.0,9.0,2048.0,2048.0,128.0,256.0,0.0,23.17,12.72,88.66,0.72,0.0,0.0,0.0,103.0
2026-09-15T22:22:23.689379352Z,1070.0,172.421,111.0,8.0,1889.0,2048.0,128.0,256.0,0.0,13.31,12.02,103.33,1.39,0.0,0.0,0.0,103.0
2026-09-15T22:22:23.817392799Z,1071.0,172.549,110.0,9.0,1808.0,2048.0,128.0,256.0,1.0,26.52,18.87,83.58,0.65,0.0,0.0,0.0,103.0
2026-09-15T22:22:23.947934636Z,1072.0,172.679,110.0,8.0,1808.0,2048.0,128.0,256.0,1.0,18.59,8.86,98.95,0.97,0.0,0.0,0.0,104.0
2026-09-15T22:22:24.078231293Z,1073.0,172.81,111.0,7.0,1808.0,2048.0,128.0,256.0,1.0,13.92,11.22,103.76,1.06,0.0,0.0,0.0,103.0
2026-09-15T22:22:24.208477170Z,1074.0,172.94,110.0,8.0,1808.0,2048.0,128.0,256.0,1.0,23.2,11.66,93.6,0.46,0.0,0.0,0.0,103.0
2026-09-15T22:22:24.339916847Z,1075.0,173.071,110.0,8.0,2048.0,2048.0,128.0,256.0,0.0,22.26,10.81,96.03,0.35,0.0,0.0,0.0,102.0
2026-09-15T22:22:24.478383474Z,1076.0,173.21,110.0,8.0,2048.0,2048.0,128.0,256.0,0.0,19.1,18.68,92.07,0.33,0.0,0.0,0.0,100.0
2026-09-15T22:22:24.604183821Z,1077.0,173.336,108.0,8.0,2048.0,2048.0,128.0,256.0,0.0,118.38,11.1,7.88,1.15,0.0,0.0,0.0,99.0
2026-09-15T22:22:24.734638668Z,1078.0,173.466,107.0,8.0,2048.0,2048.0,128.0,256.0,0.0,8.61,8.24,107.22,1.22,0.0,0.0,0.0,99.0
2026-09-15T22:22:24.865277145Z,1079.0,173.597,107.0,9.0,2048.0,2048.0,128.0,256.0,0.0,19.88,14.4,94.12,0.7,0.0,0.0,0.0,100.0
2026-09-15T22:22:24.996499402Z,1080.0,173.728,108.0,9.0,2048.0,2048.0,128.0,256.0,0.0,29.69,13.21,86.32,0.72,0.0,0.0,0.0,99.0
2026-09-15T22:22:25.126718979Z,1081.0,173.858,107.0,9.0,2048.0,2048.0,128.0,256.0,0.0,21.0,11.72,97.03,1.98,0.0,0.0,0.0,99.0
2026-09-15T22:22:25.257246006Z,1082.0,173.989,107.0,10.0,2048.0,2048.0,128.0,256.0,0.0,35.02,23.66,68.61,1.64,0.0,0.0,0.0,100.0
2026-09-15T22:22:25.387689603Z,1083.0,174.119,108.0,9.0,2048.0,2048.0,128.0,256.0,0.0,106.53,10.61,10.83,0.91,0.0,0.0,0.0,101.0
2026-09-15T22:22:25.517628680Z,1084.0,174.249,109.0,8.0,2048.0,2048.0,128.0,256.0,0.0,16.98,16.33,95.47,0.6,0.0,0.0,0.0,99.0
2026-09-15T22:22:25.648734607Z,1085.0,174.38,107.0,8.0,2048.0,2048.0,128.0,256.0,0.0,17.41,16.85,94.37,1.76,0.0,0.0,0.0,98.0
2026-09-15T22:22:25.778823754Z,1086.0,174.51,106.0,10.0,2048.0,2048.0,128.0,256.0,0.0,26.19,12.98,89.51,0.9,0.0,0.0,0.0,99.0
2026-09-15T22:22:25.909107451Z,1087.0,174.64,107.0,8.0,2048.0,2048.0,128.0,256.0,0.0,10.0,9.57,109.0,1.1,0.0,0.0,0.0,99.0
2026-09-15T22:22:26.039909708Z,1088.0,174.771,107.0,8.0,2048.0,2048.0,128.0,256.0,0.0,9.96,8.94,109.57,1.75,0.0,0.0,0.0,99.0
2026-09-15T22:22:26.169877205Z,1089.0,174.901,107.0,8.0,2048.0,2048.0,128.0,256.0,0.0,8.4,8.9,111.07,1.03,0.0,0.0,0.0,99.0
2026-09-15T22:22:26.300785102Z,1090.0,175.032,107.0,8.0,2048.0,2048.0,128.0,256.0,0.0,8.0,7.48,112.77,0.73,0.0,0.0,0.0,99.0
2026-09-15T22:22:26.431907579Z,1091.0,175.163,107.0,9.0,2048.0,2048.0,128.0,256.0,0.0,18.18,7.9,103.48,1.38,0.0,0.0,0.0,100.0
2026-09-15T22:22:26.562180477Z,1092.0,175.294,108.0,9.0,2048.0,2048.0,128.0,256.0,0.0,21.91,9.63,97.45,1.29,0.0,0.0,0.0,101.0
2026-09-15T22:22:26.692696463Z,1093.0,175.424,109.0,9.0,2048.0,2048.0,128.0,256.0,0.0,21.65,8.43,98.34,0.66,0.0,0.0,0.0,102.0
2026-09-15T22:22:26.824293240Z,1094.0,175.555,110.0,8.0,2048.0,2048.0,128.0,256.0,0.0,7.51,8.3,113.1,1.44,0.0,0.0,0.0,102.0
2026-09-15T22:22:26.954769977Z,1095.0,175.686,110.0,9.0,2048.0,2048.0,128.0,256.0,0.0,17.92,11.42,99.82,2.44,0.0,0.0,0.0,102.0
2026-09-15T22:22:27.085509794Z,1096.0,175.817,110.0,9.0,2048.0,2048.0,128.0,256.0,0.0,29.88,10.86,87.02,1.31,0.0,0.0,0.0,102.0
2026-09-15T22:22:27.215692411Z,1097.0,175.947,110.0,9.0,2048.0,2048.0,128.0,256.0,0.0,19.78,8.56,100.25,1.1,0.0,0.0,0.0,103.0
2026-09-15T22:22:27.345984249Z,1098.0,176.077,111.0,9.0,2048.0,2048.0,128.0,256.0,0.0,22.86,13.59,92.2,0.95,0.0,0.0,0.0,102.0
2026-09-15T22:22:27.481669516Z,1099.0,176.213,110.0,8.0,2048.0,2048.0,128.0,256.0,0.0,13.87,18.86,95.74,0.33,0.0,0.0,0.0,101.0
2026-09-15T22:22:27.615548482Z,1100.0,176.347,109.0,8.0,2048.0,2048.0,128.0,256.0,0.0,112.43,13.39,8.62,0.97,0.0,0.0,0.0,99.0
2026-09-15T22:22:27.746508630Z,1101.0,176.478,107.0,8.0,2048.0,2048.0,128.0,256.0,0.0,18.89,11.73,101.6,1.83,0.0,0.0,0.0,98.0
2026-09-15T22:22:27.877170087Z,1102.0,176.609,106.0,8.0,2048.0,2048.0,128.0,256.0,0.0,9.38,8.26,110.87,0.93,0.0,0.0,0.0,98.0
2026-09-15T22:22:28.007811733Z,1103.0,176.739,106.0,8.0,2048.0,2048.0,128.0,256.0,0.0,9.38,7.8,112.07,0.41,0.0,0.0,0.0,98.0
2026-09-15T22:22:28.138170901Z,1104.0,176.87,106.0,10.0,2048.0,2048.0,128.0,256.0,0.0,24.69,10.41,93.72,1.65,0.0,0.0,0.0,99.0
2026-09-15T22:22:28.269084898Z,1105.0,177.0,107.0,10.0,2048.0,2048.0,128.0,256.0,0.0,24.24,8.51,95.8,1.21,0.0,0.0,0.0,101.0
2026-09-15T22:22:28.399600435Z,1106.0,177.131,109.0,8.0,2048.0,2048.0,128.0,256.0,0.0,14.12,10.13,104.82,1.11,0.0,0.0,0.0,100.0
2026-09-15T22:22:28.530697261Z,1107.0,177.262,108.0,8.0,2048.0,2048.0,128.0,256.0,0.0,8.93,8.42,111.31,1.66,0.0,0.0,0.0,100.0
2026-09-15T22:22:28.660848269Z,1108.0,177.392,108.0,10.0,2048.0,2048.0,128.0,256.0,0.0,20.21,16.1,92.36,0.66,0.0,0.0,0.0,102.0
2026-09-15T22:22:28.791234926Z,1109.0,177.523,110.0,9.0,2048.0,2048.0,128.0,256.0,0.0,29.09,13.93,85.96,1.32,0.0,0.0,0.0,101.0
2026-09-15T22:22:28.926252613Z,1110.0,177.658,109.0,8.0,2048.0,2048.0,128.0,256.0,0.0,8.03,10.91,107.53,0.29,0.0,0.0,0.0,101.0
2026-09-15T22:22:29.053364480Z,1111.0,177.785,109.0,9.0,2048.0,2048.0,128.0,256.0,0.0,117.6,9.4,7.13,1.08,0.0,0.0,0.0,102.0
2026-09-15T22:22:29.183730927Z,1112.0,177.915,110.0,8.0,2048.0,2048.0,128.0,256.0,0.0,7.46,7.76,110.16,0.97,0.0,0.0,0.0,102.0
2026-09-15T22:22:29.314405114Z,1113.0,178.046,110.0,8.0,2048.0,2048.0,128.0,256.0,0.0,12.06,10.68,105.93,1.37,0.0,0.0,0.0,101.0
2026-09-15T22:22:29.444790171Z,1114.0,178.176,109.0,9.0,2048.0,2048.0,128.0,256.0,0.0,17.62,8.66,102.37,0.72,0.0,0.0,0.0,102.0
2026-09-15T22:22:29.576006648Z,1115.0,178.307,110.0,8.0,2048.0,2048.0,128.0,256.0,0.0,8.41,9.29,110.98,1.31,0.0,0.0,0.0,102.0
2026-09-15T22:22:29.706479755Z,1116.0,178.438,110.0,8.0,2042.0,2048.0,128.0,256.0,0.0,8.95,7.95,112.35,1.23,0.0,0.0,0.0,103.0
2026-09-15T22:22:29.838950932Z,1117.0,178.57,110.0,9.0,2048.0,2048.0,128.0,256.0,0.0,27.93,11.88,88.78,1.76,0.0,0.0,0.0,103.0
2026-09-15T22:22:29.968468409Z,1118.0,178.7,111.0,9.0,2048.0,2048.0,128.0,256.0,0.0,22.11,11.34,96.23,0.94,0.0,0.0,0.0,103.0
2026-09-15T22:22:30.098931766Z,1119.0,178.83,111.0,9.0,2048.0,2048.0,128.0,256.0,0.0,27.34,10.89,90.1,1.13,0.0,0.0,0.0,103.0
2026-09-15T22:22:30.229651583Z,1120.0,178.961,111.0,10.0,2048.0,2048.0,128.0,256.0,0.0,22.58,10.93,95.24,0.45,0.0,0.0,0.0,104.0
2026-09-15T22:22:30.360642480Z,1121.0,179.092,112.0,8.0,2048.0,2048.0,128.0,256.0,0.0,20.99,11.61,97.01,0.46,0.0,0.0,0.0,103.0
2026-09-15T22:22:30.491331437Z,1122.0,179.223,111.0,9.0,2048.0,2048.0,128.0,256.0,0.0,25.09,14.42,90.18,1.09,0.0,0.0,0.0,103.0
2026-09-15T22:22:30.621466914Z,1123.0,179.353,111.0,8.0,2048.0,2048.0,128.0,256.0,0.0,10.42,8.35,110.23,0.9,0.0,0.0,0.0,103.0
2026-09-15T22:22:30.758665011Z,1124.0,179.49,111.0,8.0,2048.0,2048.0,128.0,256.0,0.0,20.42,26.79,81.13,0.28,0.0,0.0,0.0,100.0
2026-09-15T22:22:30.887155538Z,1125.0,179.619,108.0,9.0,2048.0,2048.0,128.0,256.0,0.0,121.77,8.43,6.3,0.97,0.0,0.0,0.0,101.0
2026-09-15T22:22:31.017959185Z,1126.0,179.749,109.0,8.0,2048.0,2048.0,128.0,256.0,0.0,8.31,7.96,110.53,0.34,0.0,0.0,0.0,101.0
2026-09-15T22:22:31.148636442Z,1127.0,179.88,109.0,8.0,2048.0,2048.0,128.0,256.0,0.0,18.88,13.16,97.57,0.94,0.0,0.0,0.0,99.0
2026-09-15T22:22:31.278822409Z,1128.0,180.01,107.0,9.0,2048.0,2048.0,128.0,256.0,0.0,18.57,9.4,100.96,0.68,0.0,0.0,0.0,100.0
2026-09-15T22:22:31.410211866Z,1129.0,180.142,108.0,9.0,2048.0,2048.0,128.0,256.0,0.0,18.83,8.75,101.28,1.72,0.0,0.0,0.0,101.0
2026-09-15T22:22:31.540870813Z,1130.0,180.272,109.0,10.0,2048.0,2048.0,128.0,256.0,0.0,18.72,15.49,94.71,0.39,0.0,0.0,0.0,103.0
2026-09-15T22:22:31.671983130Z,1131.0,180.403,111.0,10.0,2048.0,2048.0,128.0,256.0,0.0,29.82,12.46,87.16,0.79,0.0,0.0,0.0,104.0
2026-09-15T22:22:31.802397357Z,1132.0,180.534,112.0,8.0,2048.0,2048.0,128.0,256.0,0.0,8.14,7.7,113.97,0.64,0.0,0.0,0.0,104.0
2026-09-15T22:22:31.932598284Z,1133.0,180.664,112.0,8.0,2048.0,2048.0,128.0,256.0,0.0,12.71,11.27,104.89,0.68,0.0,0.0,0.0,103.0
2026-09-15T22:22:32.063433531Z,1134.0,180.795,111.0,8.0,2048.0,2048.0,128.0,256.0,0.0,12.64,11.56,104.47,0.7,0.0,0.0,0.0,102.0
2026-09-15T22:22:32.194175488Z,1135.0,180.926,110.0,8.0,2048.0,2048.0,128.0,256.0,0.0,12.19,11.25,105.91,0.35,0.0,0.0,0.0,101.0
2026-09-15T22:22:32.329762365Z,1136.0,181.061,109.0,10.0,2048.0,2048.0,128.0,256.0,0.0,26.15,15.54,87.98,0.39,0.0,0.0,0.0,101.0
2026-09-15T22:22:32.456385523Z,1137.0,181.188,109.0,8.0,2048.0,2048.0,128.0,256.0,0.0,117.37,9.46,7.61,0.36,0.0,0.0,0.0,101.0
2026-09-15T22:22:32.587844199Z,1138.0,181.319,109.0,8.0,2048.0,2048.0,128.0,256.0,0.0,13.43,10.97,101.11,1.33,0.0,0.0,0.0,100.0
2026-09-15T22:22:32.717883976Z,1139.0,181.449,108.0,9.0,2048.0,2048.0,128.0,256.0,0.0,22.49,10.97,95.93,0.42,0.0,0.0,0.0,101.0
2026-09-15T22:22:32.849243694Z,1140.0,181.581,109.0,10.0,2048.0,2048.0,128.0,256.0,0.0,20.0,10.05,99.04,0.44,0.0,0.0,0.0,103.0
2026-09-15T22:22:32.980540200Z,1141.0,181.712,111.0,8.0,2048.0,2048.0,128.0,256.0,0.0,8.11,8.88,113.18,0.97,0.0,0.0,0.0,103.0
2026-09-15T22:22:33.111538017Z,1142.0,181.843,111.0,9.0,1969.0,2048.0,128.0,256.0,0.0,17.86,10.2,101.3,1.15,0.0,0.0,0.0,105.0
2026-09-15T22:22:33.242236885Z,1143.0,181.974,112.0,7.0,1808.0,2048.0,128.0,256.0,1.0,8.02,8.64,112.52,1.12,0.0,0.0,0.0,105.0
2026-09-15T22:22:33.372678122Z,1144.0,182.104,112.0,8.0,1808.0,2048.0,128.0,256.0,1.0,22.3,9.27,97.22,0.45,0.0,0.0,0.0,106.0
2026-09-15T22:22:33.502915659Z,1145.0,182.234,113.0,8.0,2048.0,2048.0,128.0,256.0,0.0,27.47,14.47,87.04,1.28,0.0,0.0,0.0,104.0
2026-09-15T22:22:33.634769656Z,1146.0,182.366,112.0,8.0,2048.0,2048.0,128.0,256.0,0.0,9.9,9.9,108.47,1.43,0.0,0.0,0.0,104.0
2026-09-15T22:22:33.765072593Z,1147.0,182.496,112.0,9.0,2048.0,2048.0,128.0,256.0,0.0,26.57,13.21,89.84,0.61,0.0,0.0,0.0,104.0
2026-09-15T22:22:33.895887479Z,1148.0,182.627,112.0,8.0,2048.0,2048.0,128.0,256.0,0.0,9.88,11.21,107.7,0.75,0.0,0.0,0.0,104.0
2026-09-15T22:22:34.026783957Z,1149.0,182.758,112.0,8.0,2048.0,2048.0,128.0,256.0,0.0,8.74,11.69,104.47,1.38,0.0,0.0,0.0,104.0
2026-09-15T22:22:34.157791854Z,1150.0,182.889,112.0,8.0,2048.0,2048.0,128.0,256.0,0.0,10.03,9.11,109.69,1.06,0.0,0.0,0.0,104.0
2026-09-15T22:22:34.288392811Z,1151.0,183.02,112.0,9.0,2048.0,2048.0,128.0,256.0,0.0,23.2,13.16,92.88,0.51,0.0,0.0,0.0,104.0
2026-09-15T22:22:34.419755198Z,1152.0,183.151,112.0,9.0,1815.0,2048.0,128.0,256.0,0.0,19.85,8.77,100.68,0.95,0.0,0.0,0.0,106.0
2026-09-15T22:22:34.550054385Z,1153.0,183.281,113.0,7.0,1808.0,2048.0,128.0,256.0,1.0,9.93,9.68,110.01,0.69,0.0,0.0,0.0,106.0
2026-09-15T22:22:34.680771392Z,1154.0,183.412,113.0,9.0,1808.0,2048.0,128.0,256.0,1.0,24.65,11.53,92.75,1.23,0.0,0.0,0.0,107.0
2026-09-15T22:22:34.828671218Z,1155.0,183.56,114.0,7.0,1808.0,2048.0,128.0,256.0,1.0,10.59,13.74,104.4,0.3,0.0,0.0,0.0,106.0
2026-09-15T22:22:34.957622906Z,1156.0,183.689,113.0,8.0,1808.0,2048.0,128.0,256.0,1.0,130.5,9.43,7.12,0.71,0.0,0.0,0.0,107.0
2026-09-15T22:22:35.088644732Z,1157.0,183.82,114.0,8.0,2048.0,2048.0,128.0,256.0,0.0,22.15,13.16,92.22,1.14,0.0,0.0,0.0,105.0
2026-09-15T22:22:35.219510160Z,1158.0,183.951,113.0,9.0,2048.0,2048.0,128.0,256.0,0.0,23.7,12.74,92.73,1.85,0.0,0.0,0.0,104.0
2026-09-15T22:22:35.350180657Z,1159.0,184.082,112.0,8.0,2048.0,2048.0,128.0,256.0,0.0,27.49,24.04,75.67,0.56,0.0,0.0,0.0,102.0
2026-09-15T22:22:35.480733043Z,1160.0,184.212,110.0,8.0,2048.0,2048.0,128.0,256.0,0.0,15.14,10.63,103.6,0.76,0.0,0.0,0.0,101.0
2026-09-15T22:22:35.612788021Z,1161.0,184.344,109.0,8.0,2048.0,2048.0,128.0,256.0,0.0,21.32,10.65,97.13,0.35,0.0,0.0,0.0,101.0
2026-09-15T22:22:35.742275258Z,1162.0,184.474,109.0,8.0,2048.0,2048.0,128.0,256.0,0.0,114.02,10.16,7.05,1.31,0.0,0.0,0.0,100.0
2026-09-15T22:22:35.873116515Z,1163.0,184.604,108.0,9.0,2048.0,2048.0,128.0,256.0,0.0,24.07,10.63,92.8,1.45,0.0,0.0,0.0,100.0
2026-09-15T22:22:36.003891372Z,1164.0,184.735,108.0,9.0,2048.0,2048.0,128.0,256.0,0.0,22.71,8.41,97.39,0.75,0.0,0.0,0.0,101.0
2026-09-15T22:22:36.134540709Z,1165.0,184.866,109.0,10.0,2048.0,2048.0,128.0,256.0,0.0,33.59,13.52,82.13,0.46,0.0,0.0,0.0,102.0
2026-09-15T22:22:36.265902196Z,1166.0,184.997,110.0,8.0,2048.0,2048.0,128.0,256.0,0.0,9.86,9.3,110.35,0.45,0.0,0.0,0.0,102.0
2026-09-15T22:22:36.396408143Z,1167.0,185.128,110.0,8.0,2048.0,2048.0,128.0,256.0,0.0,10.21,9.68,110.32,0.71,0.0,0.0,0.0,102.0
2026-09-15T22:22:36.527176270Z,1168.0,185.259,110.0,9.0,2048.0,2048.0,128.0,256.0,0.0,21.88,10.29,96.56,0.66,0.0,0.0,0.0,103.0
2026-09-15T22:22:36.658103017Z,1169.0,185.39,111.0,8.0,2048.0,2048.0,128.0,256.0,0.0,9.8,10.67,108.99,0.48,0.0,0.0,0.0,103.0
2026-09-15T22:22:36.788990864Z,1170.0,185.52,111.0,8.0,2048.0,2048.0,128.0,256.0,0.0,12.68,10.73,106.43,1.1,0.0,0.0,0.0,102.0
2026-09-15T22:22:36.919520281Z,1171.0,185.651,110.0,9.0,2048.0,2048.0,128.0,256.0,0.0,18.45,8.38,101.84,1.55,0.0,0.0,0.0,103.0
2026-09-15T22:22:37.050511518Z,1172.0,185.782,111.0,8.0,2048.0,2048.0,128.0,256.0,0.0,7.66,8.03,112.62,0.42,0.0,0.0,0.0,103.0
2026-09-15T22:22:37.181770295Z,1173.0,185.913,111.0,9.0,2048.0,2048.0,128.0,256.0,0.0,28.15,13.59,88.19,1.29,0.0,0.0,0.0,102.0
2026-09-15T22:22:37.311665622Z,1174.0,186.043,110.0,8.0,2048.0,2048.0,128.0,256.0,0.0,16.87,13.94,98.39,0.65,0.0,0.0,0.0,100.0
2026-09-15T22:22:37.481510708Z,1175.0,186.213,108.0,9.0,2048.0,2048.0,128.0,256.0,0.0,20.8,17.88,85.53,0.27,0.0,0.0,0.0,100.0
2026-09-15T22:22:37.608557675Z,1176.0,186.34,108.0,9.0,2048.0,2048.0,128.0,256.0,0.0,139.44,22.25,7.32,1.71,0.0,0.0,0.0,98.0
2026-09-15T22:22:37.739791872Z,1177.0,186.471,106.0,9.0,2048.0,2048.0,128.0,256.0,0.0,22.19,10.6,91.8,1.59,0.0,0.0,0.0,98.0
2026-09-15T22:22:37.869241619Z,1178.0,186.601,106.0,9.0,2048.0,2048.0,128.0,256.0,0.0,35.92,11.89,80.9,0.45,0.0,0.0,0.0,98.0
2026-09-15T22:22:38.000846856Z,1179.0,186.732,106.0,8.0,2048.0,2048.0,128.0,256.0,0.0,8.71,8.57,111.15,0.75,0.0,0.0,0.0,98.0
2026-09-15T22:22:38.130306863Z,1180.0,186.862,106.0,9.0,2048.0,2048.0,128.0,256.0,0.0,21.7,12.94,95.55,1.5,0.0,0.0,0.0,98.0
2026-09-15T22:22:38.261706260Z,1181.0,186.993,106.0,8.0,2048.0,2048.0,128.0,256.0,0.0,112.29,8.13,7.04,0.93,0.0,0.0,0.0,98.0
2026-09-15T22:22:38.392380297Z,1182.0,187.124,106.0,8.0,2048.0,2048.0,128.0,256.0,0.0,6.94,7.29,115.62,0.55,0.0,0.0,0.0,98.0
2026-09-15T22:22:38.523634585Z,1183.0,187.255,106.0,9.0,2048.0,2048.0,128.0,256.0,0.0,20.84,8.6,99.79,1.89,0.0,0.0,0.0,99.0
2026-09-15T22:22:38.653899651Z,1184.0,187.385,107.0,9.0,2048.0,2048.0,128.0,256.0,0.0,18.1,7.71,103.01,1.56,0.0,0.0,0.0,100.0
2026-09-15T22:22:38.784170508Z,1185.0,187.516,108.0,8.0,2048.0,2048.0,128.0,256.0,0.0,12.92,11.99,103.19,0.35,0.0,0.0,0.0,99.0
2026-09-15T22:22:38.915894896Z,1186.0,187.647,107.0,9.0,2048.0,2048.0,128.0,256.0,0.0,19.65,10.64,99.02,1.73,0.0,0.0,0.0,99.0
2026-09-15T22:22:39.045893113Z,1187.0,187.777,107.0,10.0,2048.0,2048.0,128.0,256.0,0.0,24.88,11.14,93.28,0.5,0.0,0.0,0.0,100.0
2026-09-15T22:22:39.176660679Z,1188.0,187.908,108.0,9.0,2048.0,2048.0,128.0,256.0,0.0,36.11,11.19,81.5,0.48,0.0,0.0,0.0,100.0
2026-09-15T22:22:39.306838817Z,1189.0,188.038,108.0,8.0,2048.0,2048.0,128.0,256.0,0.0,14.47,15.71,99.12,0.91,0.0,0.0,0.0,99.0
2026-09-15T22:22:39.438052244Z,1190.0,188.169,107.0,8.0,2048.0,2048.0,128.0,256.0,0.0,17.72,7.81,103.42,0.49,0.0,0.0,0.0,99.0
2026-09-15T22:22:39.568709841Z,1191.0,188.3,107.0,10.0,2048.0,2048.0,128.0,256.0,0.0,22.38,12.22,94.99,1.09,0.0,0.0,0.0,101.0
2026-09-15T22:22:39.700616118Z,1192.0,188.432,109.0,8.0,2048.0,2048.0,128.0,256.0,0.0,9.1,9.62,110.24,2.13,0.0,0.0,0.0,101.0
2026-09-15T22:22:39.830269325Z,1193.0,188.562,109.0,8.0,2048.0,2048.0,128.0,256.0,0.0,7.28,8.74,112.99,1.29,0.0,0.0,0.0,101.0
2026-09-15T22:22:39.961047012Z,1194.0,188.692,109.0,8.0,2048.0,2048.0,128.0,256.0,0.0,9.35,7.92,110.55,0.71,0.0,0.0,0.0,101.0
2026-09-15T22:22:40.091729389Z,1195.0,188.823,109.0,8.0,2048.0,2048.0,128.0,256.0,0.0,14.54,15.93,98.99,0.38,0.0,0.0,0.0,99.0
2026-09-15T22:22:40.222897766Z,1196.0,188.954,107.0,9.0,2048.0,2048.0,128.0,256.0,0.0,18.78,11.63,99.18,1.22,0.0,0.0,0.0,100.0
2026-09-15T22:22:40.385168812Z,1197.0,189.117,108.0,9.0,2048.0,2048.0,128.0,256.0,0.0,24.94,11.74,92.47,0.28,0.0,0.0,0.0,100.0
2026-09-15T22:22:40.506100469Z,1198.0,189.237,108.0,10.0,2048.0,2048.0,128.0,256.0,0.0,131.45,20.05,7.15,0.63,0.0,0.0,0.0,101.0
2026-09-15T22:22:40.636699926Z,1199.0,189.368,109.0,9.0,2048.0,2048.0,128.0,256.0,0.0,20.37,9.23,90.03,0.58,0.0,0.0,0.0,102.0
2026-09-15T22:22:40.767629223Z,1200.0,189.499,110.0,9.0,2048.0,2048.0,128.0,256.0,0.0,17.99,8.36,103.03,1.74,0.0,0.0,0.0,103.0
2026-09-15T22:22:40.897900851Z,1201.0,189.629,111.0,8.0,2048.0,2048.0,128.0,256.0,0.0,7.97,9.24,110.06,0.41,0.0,0.0,0.0,103.0
2026-09-15T22:22:41.028873237Z,1202.0,189.76,111.0,8.0,2048.0,2048.0,128.0,256.0,0.0,13.54,12.1,103.11,0.46,0.0,0.0,0.0,102.0
2026-09-15T22:22:41.161383605Z,1203.0,189.893,110.0,10.0,2048.0,2048.0,128.0,256.0,0.0,25.34,11.65,92.67,2.48,0.0,0.0,0.0,103.0
2026-09-15T22:22:41.290434242Z,1204.0,190.022,111.0,8.0,2048.0,2048.0,128.0,256.0,0.0,16.37,8.57,104.25,0.51,0.0,0.0,0.0,103.0
2026-09-15T22:22:41.421087379Z,1205.0,190.152,111.0,8.0,2048.0,2048.0,128.0,256.0,0.0,16.95,15.63,95.37,0.97,0.0,0.0,0.0,101.0
2026-09-15T22:22:41.551648596Z,1206.0,190.283,109.0,8.0,2048.0,2048.0,128.0,256.0,0.0,12.31,17.47,99.28,1.25,0.0,0.0,0.0,100.0
2026-09-15T22:22:41.682409343Z,1207.0,190.414,108.0,9.0,2048.0,2048.0,128.0,256.0,0.0,30.12,11.05,87.53,0.47,0.0,0.0,0.0,100.0
2026-09-15T22:22:41.814316970Z,1208.0,190.546,108.0,9.0,2048.0,2048.0,128.0,256.0,0.0,25.61,18.26,85.49,2.56,0.0,0.0,0.0,100.0
2026-09-15T22:22:41.961957126Z,1209.0,190.693,108.0,8.0,2048.0,2048.0,128.0,256.0,0.0,19.75,13.75,95.5,0.28,0.0,0.0,0.0,99.0
2026-09-15T22:22:42.089372883Z,1210.0,190.821,107.0,8.0,2048.0,2048.0,128.0,256.0,0.0,128.4,11.56,6.78,0.98,0.0,0.0,0.0,98.0
2026-09-15T22:22:42.219618701Z,1211.0,190.951,106.0,10.0,2048.0,2048.0,128.0,256.0,0.0,19.92,8.75,97.05,0.47,0.0,0.0,0.0,100.0
2026-09-15T22:22:42.350891077Z,1212.0,191.082,108.0,9.0,2048.0,2048.0,128.0,256.0,0.0,19.34,9.5,100.11,0.51,0.0,0.0,0.0,101.0
2026-09-15T22:22:42.481261894Z,1213.0,191.213,109.0,8.0,2048.0,2048.0,128.0,256.0,0.0,12.34,12.75,104.91,0.84,0.0,0.0,0.0,100.0
2026-09-15T22:22:42.612490221Z,1214.0,191.344,108.0,9.0,2048.0,2048.0,128.0,256.0,0.0,20.45,7.71,100.73,1.3,0.0,0.0,0.0,101.0
2026-09-15T22:22:42.743113069Z,1215.0,191.474,109.0,8.0,2048.0,2048.0,128.0,256.0,0.0,12.63,10.37,106.29,1.38,0.0,0.0,0.0,100.0
2026-09-15T22:22:42.873810215Z,1216.0,191.605,108.0,9.0,2048.0,2048.0,128.0,256.0,0.0,19.72,7.86,101.14,0.83,0.0,0.0,0.0,101.0
2026-09-15T22:22:43.004490743Z,1217.0,191.736,109.0,9.0,2048.0,2048.0,128.0,256.0,0.0,17.25,7.84,104.18,0.95,0.0,0.0,0.0,102.0
2026-09-15T22:22:43.134850809Z,1218.0,191.866,110.0,8.0,2048.0,2048.0,128.0,256.0,0.0,14.91,11.08,103.14,1.07,0.0,0.0,0.0,101.0
2026-09-15T22:22:43.265775426Z,1219.0,191.997,109.0,8.0,2048.0,2048.0,128.0,256.0,0.0,10.02,12.0,106.64,0.77,0.0,0.0,0.0,100.0
2026-09-15T22:22:43.396720874Z,1220.0,192.128,108.0,8.0,2048.0,2048.0,128.0,256.0,0.0,12.61,17.04,99.91,0.98,0.0,0.0,0.0,98.0
2026-09-15T22:22:43.527693861Z,1221.0,192.259,106.0,8.0,2048.0,2048.0,128.0,256.0,0.0,25.32,10.78,93.19,0.44,0.0,0.0,0.0,98.0
2026-09-15T22:22:43.660105858Z,1222.0,192.391,106.0,9.0,2048.0,2048.0,128.0,256.0,0.0,20.27,8.99,100.45,0.27,0.0,0.0,0.0,99.0
2026-09-15T22:22:43.788796815Z,1223.0,192.52,107.0,8.0,2048.0,2048.0,128.0,256.0,0.0,116.43,8.11,7.09,1.22,0.0,0.0,0.0,99.0
2026-09-15T22:22:43.920772962Z,1224.0,192.652,107.0,8.0,2048.0,2048.0,128.0,256.0,0.0,9.01,9.22,108.47,2.41,0.0,0.0,0.0,99.0
2026-09-15T22:22:44.050500869Z,1225.0,192.782,107.0,11.0,2048.0,2048.0,128.0,256.0,0.0,30.01,16.23,82.59,1.8,0.0,0.0,0.0,99.0
2026-09-15T22:22:44.180734816Z,1226.0,192.912,107.0,8.0,2033.0,2048.0,128.0,256.0,0.0,15.05,9.97,102.42,0.84,0.0,0.0,0.0,99.0
2026-09-15T22:22:44.314319523Z,1227.0,193.046,106.0,8.0,1808.0,2048.0,128.0,256.0,1.0,29.38,8.63,90.8,0.35,0.0,0.0,0.0,100.0
2026-09-15T22:22:44.441835130Z,1228.0,193.173,107.0,8.0,1808.0,2048.0,128.0,256.0,1.0,21.05,12.69,95.94,1.34,0.0,0.0,0.0,100.0
2026-09-15T22:22:44.572867487Z,1229.0,193.304,107.0,7.0,1808.0,2048.0,128.0,256.0,1.0,13.18,8.26,104.01,0.58,0.0,0.0,0.0,100.0
2026-09-15T22:22:44.703261564Z,1230.0,193.435,107.0,8.0,2048.0,2048.0,128.0,256.0,0.0,22.0,11.48,95.77,0.82,0.0,0.0,0.0,99.0
2026-09-15T22:22:44.851391990Z,1231.0,193.583,107.0,8.0,2048.0,2048.0,128.0,256.0,0.0,13.85,11.49,103.86,0.26,0.0,0.0,0.0,99.0
2026-09-15T22:22:44.981512218Z,1232.0,193.713,107.0,8.0,2048.0,2048.0,128.0,256.0,0.0,127.5,13.06,6.68,1.3,0.0,0.0,0.0,97.0
2026-09-15T22:22:45.111749555Z,1233.0,193.843,105.0,9.0,2048.0,2048.0,128.0,256.0,0.0,21.34,10.43,96.24,0.57,0.0,0.0,0.0,97.0
2026-09-15T22:22:45.241685422Z,1234.0,193.973,105.0,9.0,2048.0,2048.0,128.0,256.0,0.0,32.15,14.18,82.46,0.54,0.0,0.0,0.0,96.0
2026-09-15T22:22:45.372044939Z,1235.0,194.103,104.0,8.0,2048.0,2048.0,128.0,256.0,0.0,10.63,14.77,103.28,0.66,0.0,0.0,0.0,96.0
2026-09-15T22:22:45.502683796Z,1236.0,194.234,104.0,9.0,2048.0,2048.0,128.0,256.0,0.0,22.72,9.5,96.47,0.56,0.0,0.0,0.0,97.0
2026-09-15T22:22:45.633496103Z,1237.0,194.365,105.0,9.0,2048.0,2048.0,128.0,256.0,0.0,25.57,10.79,93.01,0.61,0.0,0.0,0.0,97.0
2026-09-15T22:22:45.763806300Z,1238.0,194.495,105.0,9.0,2048.0,2048.0,128.0,256.0,0.0,18.85,11.16,99.46,1.03,0.0,0.0,0.0,97.0
2026-09-15T22:22:45.896236977Z,1239.0,194.628,105.0,8.0,2048.0,2048.0,128.0,256.0,0.0,12.87,10.97,104.73,3.18,0.0,0.0,0.0,96.0
2026-09-15T22:22:46.024858524Z,1240.0,194.756,104.0,9.0,2048.0,2048.0,128.0,256.0,0.0,27.56,11.06,89.72,0.49,0.0,0.0,0.0,96.0
2026-09-15T22:22:46.169359011Z,1241.0,194.901,104.0,8.0,2001.0,2048.0,128.0,256.0,0.0,18.1,13.48,95.87,0.39,0.0,0.0,0.0,96.0
2026-09-15T22:22:46.292939278Z,1242.0,195.024,103.0,7.0,1808.0,2048.0,128.0,256.0,1.0,118.85,10.45,13.12,0.86,0.0,0.0,0.0,96.0
2026-09-15T22:22:46.423495945Z,1243.0,195.155,103.0,8.0,2048.0,2048.0,128.0,256.0,0.0,29.95,14.53,77.63,0.45,0.0,0.0,0.0,94.0
2026-09-15T22:22:46.554296282Z,1244.0,195.286,102.0,8.0,2048.0,2048.0,128.0,256.0,0.0,7.49,14.21,107.66,0.44,0.0,0.0,0.0,94.0
2026-09-15T22:22:46.684759079Z,1245.0,195.416,102.0,8.0,2048.0,2048.0,128.0,256.0,0.0,8.21,8.25,113.08,1.04,0.0,0.0,0.0,94.0
2026-09-15T22:22:46.815614176Z,1246.0,195.547,102.0,8.0,2048.0,2048.0,128.0,256.0,0.0,8.86,8.82,111.19,0.9,0.0,0.0,0.0,94.0
2026-09-15T22:22:46.945721013Z,1247.0,195.677,102.0,9.0,2048.0,2048.0,128.0,256.0,0.0,22.31,11.3,95.44,1.34,0.0,0.0,0.0,94.0
2026-09-15T22:22:47.076259170Z,1248.0,195.808,102.0,8.0,2048.0,2048.0,128.0,256.0,0.0,8.04,8.57,111.76,1.45,0.0,0.0,0.0,94.0
2026-09-15T22:22:47.207033097Z,1249.0,195.938,102.0,10.0,2048.0,2048.0,128.0,256.0,0.0,20.23,8.42,99.74,0.65,0.0,0.0,0.0,96.0
2026-09-15T22:22:47.337391664Z,1250.0,196.069,104.0,10.0,2048.0,2048.0,128.0,256.0,0.0,20.09,8.28,101.07,0.51,0.0,0.0,0.0,98.0
2026-09-15T22:22:47.468432601Z,1251.0,196.2,106.0,9.0,2048.0,2048.0,128.0,256.0,0.0,19.77,9.82,99.52,1.48,0.0,0.0,0.0,99.0
2026-09-15T22:22:47.599484758Z,1252.0,196.331,107.0,8.0,2048.0,2048.0,128.0,256.0,0.0,12.43,10.54,105.91,2.1,0.0,0.0,0.0,98.0
2026-09-15T22:22:47.728832605Z,1253.0,196.46,106.0,9.0,2048.0,2048.0,128.0,256.0,0.0,25.52,9.13,93.45,1.01,0.0,0.0,0.0,99.0
2026-09-15T22:22:47.859537142Z,1254.0,196.591,107.0,8.0,2048.0,2048.0,128.0,256.0,0.0,15.81,19.52,92.46,1.73,0.0,0.0,0.0,98.0
2026-09-15T22:22:47.989167749Z,1255.0,196.721,106.0,8.0,2048.0,2048.0,128.0,256.0,0.0,8.6,7.92,111.83,0.71,0.0,0.0,0.0,98.0
2026-09-15T22:22:48.120041486Z,1256.0,196.851,106.0,9.0,2048.0,2048.0,128.0,256.0,0.0,18.94,7.76,101.67,1.11,0.0,0.0,0.0,99.0
2026-09-15T22:22:48.250868233Z,1257.0,196.982,107.0,8.0,2048.0,2048.0,128.0,256.0,0.0,13.62,10.59,104.51,1.73,0.0,0.0,0.0,98.0
2026-09-15T22:22:48.380928980Z,1258.0,197.112,106.0,8.0,2048.0,2048.0,128.0,256.0,0.0,9.65,8.7,109.76,1.57,0.0,0.0,0.0,98.0
2026-09-15T22:22:48.511172187Z,1259.0,197.243,106.0,9.0,2048.0,2048.0,128.0,256.0,0.0,22.98,11.55,93.18,1.1,0.0,0.0,0.0,98.0
2026-09-15T22:22:48.641782134Z,1260.0,197.373,106.0,8.0,2048.0,2048.0,128.0,256.0,0.0,12.51,10.44,105.5,1.4,0.0,0.0,0.0,97.0
2026-09-15T22:22:48.783314251Z,1261.0,197.515,105.0,9.0,2048.0,2048.0,128.0,256.0,0.0,19.84,8.53,100.1,0.32,0.0,0.0,0.0,98.0
2026-09-15T22:22:48.909868198Z,1262.0,197.641,106.0,8.0,2048.0,2048.0,128.0,256.0,0.0,124.89,8.59,7.01,0.47,0.0,0.0,0.0,98.0
2026-09-15T22:22:49.041384125Z,1263.0,197.773,106.0,10.0,2048.0,2048.0,128.0,256.0,0.0,20.67,8.89,95.84,1.31,0.0,0.0,0.0,100.0
2026-09-15T22:22:49.171373002Z,1264.0,197.903,108.0,9.0,2048.0,2048.0,128.0,256.0,0.0,30.95,10.59,87.51,1.49,0.0,0.0,0.0,100.0
2026-09-15T22:22:49.301991679Z,1265.0,198.033,108.0,9.0,2048.0,2048.0,128.0,256.0,0.0,18.68,8.92,100.19,0.47,0.0,0.0,0.0,101.0
2026-09-15T22:22:49.432174216Z,1266.0,198.164,109.0,8.0,2048.0,2048.0,128.0,256.0,0.0,12.43,11.49,105.55,0.74,0.0,0.0,0.0,100.0
2026-09-15T22:22:49.562834843Z,1267.0,198.294,108.0,8.0,2048.0,2048.0,128.0,256.0,0.0,9.08,8.25,111.47,0.44,0.0,0.0,0.0,100.0
2026-09-15T22:22:49.693339151Z,1268.0,198.425,108.0,8.0,2048.0,2048.0,128.0,256.0,0.0,12.26,12.37,104.92,1.65,0.0,0.0,0.0,99.0
2026-09-15T22:22:49.824078447Z,1269.0,198.555,107.0,10.0,2048.0,2048.0,128.0,256.0,0.0,21.45,8.93,97.79,0.6,0.0,0.0,0.0,101.0
2026-09-15T22:22:49.954821805Z,1270.0,198.686,109.0,8.0,2048.0,2048.0,128.0,256.0,0.0,7.16,8.2,114.1,0.52,0.0,0.0,0.0,101.0
2026-09-15T22:22:50.085713242Z,1271.0,198.817,109.0,9.0,2048.0,2048.0,128.0,256.0,0.0,28.32,14.6,86.54,0.6,0.0,0.0,0.0,101.0
2026-09-15T22:22:50.215825008Z,1272.0,198.947,109.0,8.0,2048.0,2048.0,128.0,256.0,0.0,13.25,10.36,106.07,0.68,0.0,0.0,0.0,100.0
2026-09-15T22:22:50.346435346Z,1273.0,199.078,108.0,8.0,2048.0,2048.0,128.0,256.0,0.0,13.12,22.94,90.55,0.7,0.0,0.0,0.0,98.0
2026-09-15T22:22:50.477143703Z,1274.0,199.209,106.0,9.0,2048.0,2048.0,128.0,256.0,0.0,26.59,20.17,82.42,0.82,0.0,0.0,0.0,98.0
2026-09-15T22:22:50.627485359Z,1275.0,199.359,106.0,10.0,2048.0,2048.0,128.0,256.0,0.0,20.58,9.33,99.41,0.29,0.0,0.0,0.0,100.0
2026-09-15T22:22:50.753631106Z,1276.0,199.485,108.0,9.0,2048.0,2048.0,128.0,256.0,0.0,129.79,11.96,7.6,0.39,0.0,0.0,0.0,100.0
2026-09-15T22:22:50.883638373Z,1277.0,199.615,108.0,8.0,2048.0,2048.0,128.0,256.0,0.0,15.39,13.11,96.5,0.46,0.0,0.0,0.0,99.0
2026-09-15T22:22:51.013790841Z,1278.0,199.745,107.0,8.0,2048.0,2048.0,128.0,256.0,0.0,23.35,22.94,82.6,1.29,0.0,0.0,0.0,96.0
2026-09-15T22:22:51.144847467Z,1279.0,199.876,104.0,8.0,2048.0,2048.0,128.0,256.0,0.0,9.57,8.59,107.69,1.49,0.0,0.0,0.0,96.0
2026-09-15T22:22:51.274920124Z,1280.0,200.006,104.0,9.0,2048.0,2048.0,128.0,256.0,0.0,18.5,8.5,101.98,1.04,0.0,0.0,0.0,97.0
2026-09-15T22:22:51.429622971Z,1281.0,200.161,105.0,8.0,2048.0,2048.0,128.0,256.0,0.0,14.06,12.07,102.26,0.3,0.0,0.0,0.0,96.0
2026-09-15T22:22:51.557176508Z,1282.0,200.289,104.0,9.0,2048.0,2048.0,128.0,256.0,0.0,136.37,10.86,6.5,1.39,0.0,0.0,0.0,96.0
2026-09-15T22:22:51.687636935Z,1283.0,200.419,104.0,8.0,2048.0,2048.0,128.0,256.0,0.0,7.52,7.98,110.04,2.31,0.0,0.0,0.0,96.0
2026-09-15T22:22:51.818342842Z,1284.0,200.55,104.0,8.0,2048.0,2048.0,128.0,256.0,0.0,13.75,15.54,98.24,0.79,0.0,0.0,0.0,95.0
2026-09-15T22:22:51.948739289Z,1285.0,200.68,103.0,8.0,2048.0,2048.0,128.0,256.0,0.0,8.61,14.19,106.39,1.89,0.0,0.0,0.0,95.0
2026-09-15T22:22:52.079776036Z,1286.0,200.811,103.0,10.0,2048.0,2048.0,128.0,256.0,0.0,26.78,8.72,92.47,1.72,0.0,0.0,0.0,97.0
2026-09-15T22:22:52.210619073Z,1287.0,200.942,105.0,11.0,2048.0,2048.0,128.0,256.0,0.0,24.13,11.1,93.22,0.73,0.0,0.0,0.0,99.0
2026-09-15T22:22:52.340929630Z,1288.0,201.072,107.0,8.0,2048.0,2048.0,128.0,256.0,0.0,8.54,8.51,112.46,1.46,0.0,0.0,0.0,99.0
2026-09-15T22:22:52.471348477Z,1289.0,201.203,107.0,9.0,2048.0,2048.0,128.0,256.0,0.0,19.21,8.28,100.79,0.41,0.0,0.0,0.0,100.0
2026-09-15T22:22:52.602063404Z,1290.0,201.333,108.0,8.0,2048.0,2048.0,128.0,256.0,0.0,13.8,8.03,107.32,0.42,0.0,0.0,0.0,100.0
2026-09-15T22:22:52.732957451Z,1291.0,201.464,108.0,8.0,2048.0,2048.0,128.0,256.0,0.0,14.25,10.78,104.57,1.55,0.0,0.0,0.0,99.0
2026-09-15T22:22:52.863760018Z,1292.0,201.595,107.0,9.0,2048.0,2048.0,128.0,256.0,0.0,18.07,8.77,101.88,0.83,0.0,0.0,0.0,100.0
2026-09-15T22:22:52.993621116Z,1293.0,201.725,108.0,8.0,2048.0,2048.0,128.0,256.0,0.0,8.45,10.08,110.67,0.63,0.0,0.0,0.0,99.0
2026-09-15T22:22:53.124676572Z,1294.0,201.856,107.0,8.0,2048.0,2048.0,128.0,256.0,0.0,18.37,10.87,99.47,1.52,0.0,0.0,0.0,98.0
2026-09-15T22:22:53.255222089Z,1295.0,201.987,106.0,8.0,2048.0,2048.0,128.0,256.0,0.0,12.58,10.11,106.27,0.99,0.0,0.0,0.0,97.0
2026-09-15T22:22:53.385925427Z,1296.0,202.117,105.0,8.0,2048.0,2048.0,128.0,256.0,0.0,7.69,8.93,111.87,1.42,0.0,0.0,0.0,97.0
2026-09-15T22:22:53.516367313Z,1297.0,202.248,105.0,10.0,2048.0,2048.0,128.0,256.0,0.0,25.57,10.89,92.06,1.12,0.0,0.0,0.0,98.0
2026-09-15T22:22:53.646611050Z,1298.0,202.378,106.0,8.0,2048.0,2048.0,128.0,256.0,0.0,14.06,10.87,103.84,1.39,0.0,0.0,0.0,97.0
2026-09-15T22:22:53.808806447Z,1299.0,202.54,105.0,9.0,2048.0,2048.0,128.0,256.0,0.0,18.95,8.31,101.04,0.32,0.0,0.0,0.0,98.0
2026-09-15T22:22:53.936729904Z,1300.0,202.668,106.0,9.0,2048.0,2048.0,128.0,256.0,0.0,145.01,8.85,7.33,2.26,0.0,0.0,0.0,99.0
2026-09-15T22:22:54.067295871Z,1301.0,202.799,107.0,10.0,2048.0,2048.0,128.0,256.0,0.0,23.7,10.63,90.61,1.15,0.0,0.0,0.0,100.0
2026-09-15T22:22:54.197140158Z,1302.0,202.929,108.0,8.0,2048.0,2048.0,128.0,256.0,0.0,19.11,17.55,91.84,0.77,0.0,0.0,0.0,98.0
2026-09-15T22:22:54.327393095Z,1303.0,203.059,106.0,8.0,2048.0,2048.0,128.0,256.0,0.0,13.13,13.41,101.91,0.89,0.0,0.0,0.0,97.0
2026-09-15T22:22:54.457840512Z,1304.0,203.189,105.0,9.0,2048.0,2048.0,128.0,256.0,0.0,20.27,12.6,95.58,0.98,0.0,0.0,0.0,98.0
2026-09-15T22:22:54.588497269Z,1305.0,203.32,106.0,8.0,2048.0,2048.0,128.0,256.0,0.0,9.67,8.72,110.53,1.9,0.0,0.0,0.0,98.0
2026-09-15T22:22:54.719243166Z,1306.0,203.451,106.0,8.0,2048.0,2048.0,128.0,256.0,0.0,8.59,9.35,110.02,1.55,0.0,0.0,0.0,98.0
2026-09-15T22:22:54.849432503Z,1307.0,203.581,106.0,8.0,2048.0,2048.0,128.0,256.0,0.0,7.86,8.6,112.15,1.15,0.0,0.0,0.0,98.0
2026-09-15T22:22:54.980800530Z,1308.0,203.712,106.0,9.0,2048.0,2048.0,128.0,256.0,0.0,19.52,9.37,99.36,1.72,0.0,0.0,0.0,99.0
2026-09-15T22:22:55.111185167Z,1309.0,203.842,107.0,9.0,2048.0,2048.0,128.0,256.0,0.0,24.32,10.79,93.7,0.54,0.0,0.0,0.0,99.0
2026-09-15T22:22:55.241257344Z,1310.0,203.973,107.0,8.0,2048.0,2048.0,128.0,256.0,0.0,17.09,14.94,97.17,0.72,0.0,0.0,0.0,98.0
2026-09-15T22:22:55.372008991Z,1311.0,204.103,106.0,9.0,2048.0,2048.0,128.0,256.0,0.0,24.45,16.42,87.98,0.94,0.0,0.0,0.0,97.0
2026-09-15T22:22:55.502579608Z,1312.0,204.234,105.0,10.0,2048.0,2048.0,128.0,256.0,0.0,21.66,8.51,98.88,1.12,0.0,0.0,0.0,99.0
2026-09-15T22:22:55.667956285Z,1313.0,204.399,107.0,9.0,2048.0,2048.0,128.0,256.0,0.0,20.27,9.18,99.27,0.27,0.0,0.0,0.0,100.0
2026-09-15T22:22:55.795150832Z,1314.0,204.527,108.0,9.0,2048.0,2048.0,128.0,256.0,0.0,149.48,8.52,6.63,1.17,0.0,0.0,0.0,101.0
2026-09-15T22:22:55.926082789Z,1315.0,204.657,109.0,8.0,2048.0,2048.0,128.0,256.0,0.0,7.33,8.13,110.03,1.81,0.0,0.0,0.0,101.0
2026-09-15T22:22:56.055986206Z,1316.0,204.787,109.0,9.0,2048.0,2048.0,128.0,256.0,0.0,19.57,8.62,100.15,1.65,0.0,0.0,0.0,102.0
2026-09-15T22:22:56.186457263Z,1317.0,204.918,110.0,8.0,2048.0,2048.0,128.0,256.0,0.0,12.62,11.24,103.76,0.78,0.0,0.0,0.0,101.0
2026-09-15T22:22:56.316767430Z,1318.0,205.048,109.0,8.0,2048.0,2048.0,128.0,256.0,0.0,8.03,7.49,113.48,1.3,0.0,0.0,0.0,101.0
2026-09-15T22:22:56.447187067Z,1319.0,205.179,109.0,8.0,2048.0,2048.0,128.0,256.0,0.0,7.32,7.12,113.95,0.9,0.0,0.0,0.0,101.0
2026-09-15T22:22:56.577469764Z,1320.0,205.309,109.0,8.0,2048.0,2048.0,128.0,256.0,0.0,12.95,11.36,104.42,1.45,0.0,0.0,0.0,100.0
2026-09-15T22:22:56.707714061Z,1321.0,205.439,108.0,9.0,2048.0,2048.0,128.0,256.0,0.0,18.83,8.19,101.17,0.98,0.0,0.0,0.0,101.0
2026-09-15T22:22:56.839999498Z,1322.0,205.571,109.0,8.0,2048.0,2048.0,128.0,256.0,0.0,12.46,10.78,105.64,2.36,0.0,0.0,0.0,100.0
2026-09-15T22:22:56.968934335Z,1323.0,205.7,108.0,9.0,2048.0,2048.0,128.0,256.0,0.0,35.98,17.63,74.81,1.11,0.0,0.0,0.0,98.0
2026-09-15T22:22:57.099848322Z,1324.0,205.831,106.0,9.0,2048.0,2048.0,128.0,256.0,0.0,30.26,13.8,83.29,1.1,0.0,0.0,0.0,97.0
2026-09-15T22:22:57.230235959Z,1325.0,205.962,105.0,9.0,2048.0,2048.0,128.0,256.0,0.0,19.25,12.99,90.48,0.69,0.0,0.0,0.0,98.0
2026-09-15T22:22:57.378652856Z,1326.0,206.11,106.0,10.0,2048.0,2048.0,128.0,256.0,0.0,29.98,15.99,82.99,0.32,0.0,0.0,0.0,100.0
2026-09-15T22:22:57.504491253Z,1327.0,206.236,108.0,8.0,2048.0,2048.0,128.0,256.0,0.0,126.3,13.33,7.79,1.02,0.0,0.0,0.0,98.0
2026-09-15T22:22:57.634466300Z,1328.0,206.366,106.0,9.0,2048.0,2048.0,128.0,256.0,0.0,24.04,8.24,91.85,1.76,0.0,0.0,0.0,99.0
2026-09-15T22:22:57.765236187Z,1329.0,206.497,107.0,8.0,2048.0,2048.0,128.0,256.0,0.0,8.28,8.47,110.73,0.84,0.0,0.0,0.0,99.0
2026-09-15T22:22:57.895298414Z,1330.0,206.627,107.0,9.0,2048.0,2048.0,128.0,256.0,0.0,20.58,9.11,99.45,0.86,0.0,0.0,0.0,100.0
2026-09-15T22:22:58.025796791Z,1331.0,206.757,108.0,8.0,2048.0,2048.0,128.0,256.0,0.0,12.72,12.11,103.53,1.78,0.0,0.0,0.0,99.0
2026-09-15T22:22:58.155746138Z,1332.0,206.887,107.0,8.0,2048.0,2048.0,128.0,256.0,0.0,11.34,9.57,107.27,0.66,0.0,0.0,0.0,99.0
2026-09-15T22:22:58.286581095Z,1333.0,207.018,107.0,8.0,2048.0,2048.0,128.0,256.0,0.0,7.49,8.19,112.72,0.72,0.0,0.0,0.0,99.0
2026-09-15T22:22:58.416871482Z,1334.0,207.148,107.0,9.0,2048.0,2048.0,128.0,256.0,0.0,20.02,9.08,100.37,0.57,0.0,0.0,0.0,100.0
2026-09-15T22:22:58.547800249Z,1335.0,207.279,108.0,8.0,2048.0,2048.0,128.0,256.0,0.0,13.33,10.43,105.3,1.54,0.0,0.0,0.0,99.0
2026-09-15T22:22:58.678789766Z,1336.0,207.41,107.0,8.0,2048.0,2048.0,128.0,256.0,0.0,8.79,8.18,111.63,0.39,0.0,0.0,0.0,99.0
2026-09-15T22:22:58.809660543Z,1337.0,207.541,107.0,9.0,2048.0,2048.0,128.0,256.0,0.0,19.26,8.11,101.59,1.92,0.0,0.0,0.0,100.0
2026-09-15T22:22:58.939631170Z,1338.0,207.671,108.0,10.0,2048.0,2048.0,128.0,256.0,0.0,38.28,11.84,78.11,1.37,0.0,0.0,0.0,101.0
2026-09-15T22:22:59.070659777Z,1339.0,207.802,109.0,9.0,2048.0,2048.0,128.0,256.0,0.0,23.21,8.55,96.22,0.91,0.0,0.0,0.0,102.0
2026-09-15T22:22:59.201138464Z,1340.0,207.933,110.0,8.0,2048.0,2048.0,128.0,256.0,0.0,7.81,8.2,113.35,1.23,0.0,0.0,0.0,102.0
2026-09-15T22:22:59.331764671Z,1341.0,208.063,110.0,8.0,2048.0,2048.0,128.0,256.0,0.0,18.83,13.32,96.48,0.72,0.0,0.0,0.0,100.0
2026-09-15T22:22:59.462872888Z,1342.0,208.194,108.0,8.0,2048.0,2048.0,128.0,256.0,0.0,8.11,9.73,108.79,0.84,0.0,0.0,0.0,100.0
2026-09-15T22:22:59.613313295Z,1343.0,208.345,108.0,8.0,2048.0,2048.0,128.0,256.0,0.0,8.26,7.73,113.7,0.27,0.0,0.0,0.0,100.0
2026-09-15T22:22:59.741235262Z,1344.0,208.473,108.0,9.0,2048.0,2048.0,128.0,256.0,0.0,133.74,8.69,6.89,1.05,0.0,0.0,0.0,101.0
2026-09-15T22:22:59.873665579Z,1345.0,208.605,109.0,8.0,2037.0,2048.0,128.0,256.0,0.0,7.52,7.93,110.85,2.76,0.0,0.0,0.0,102.0
2026-09-15T22:23:00.003215606Z,1346.0,208.735,109.0,7.0,1808.0,2048.0,128.0,256.0,1.0,9.41,9.01,110.39,1.02,0.0,0.0,0.0,102.0
2026-09-15T22:23:00.134924773Z,1347.0,208.866,109.0,7.0,1808.0,2048.0,128.0,256.0,1.0,15.26,13.51,99.09,2.33,0.0,0.0,0.0,101.0
2026-09-15T22:23:00.264344730Z,1348.0,208.996,108.0,8.0,1808.0,2048.0,128.0,256.0,1.0,34.72,13.76,80.2,0.39,0.0,0.0,0.0,101.0
2026-09-15T22:23:00.395009717Z,1349.0,209.126,108.0,8.0,1808.0,2048.0,128.0,256.0,1.0,24.25,10.98,93.1,0.58,0.0,0.0,0.0,101.0
2026-09-15T22:23:00.526382074Z,1350.0,209.258,108.0,9.0,1808.0,2048.0,128.0,256.0,1.0,24.93,9.18,95.23,1.25,0.0,0.0,0.0,103.0
2026-09-15T22:23:00.656590981Z,1351.0,209.388,110.0,8.0,2048.0,2048.0,128.0,256.0,0.0,27.76,12.64,88.92,0.8,0.0,0.0,0.0,102.0
2026-09-15T22:23:00.786627698Z,1352.0,209.518,110.0,8.0,2048.0,2048.0,128.0,256.0,0.0,13.59,10.98,104.16,1.41,0.0,0.0,0.0,101.0
2026-09-15T22:23:00.917406635Z,1353.0,209.649,109.0,9.0,2048.0,2048.0,128.0,256.0,0.0,23.32,19.17,85.35,1.04,0.0,0.0,0.0,101.0
2026-09-15T22:23:01.047453332Z,1354.0,209.779,109.0,8.0,2048.0,2048.0,128.0,256.0,0.0,9.6,8.08,111.28,0.65,0.0,0.0,0.0,101.0
2026-09-15T22:23:01.178131649Z,1355.0,209.91,109.0,8.0,2048.0,2048.0,128.0,256.0,0.0,14.82,10.54,103.37,2.01,0.0,0.0,0.0,100.0
2026-09-15T22:23:01.308468206Z,1356.0,210.04,108.0,8.0,2048.0,2048.0,128.0,256.0,0.0,11.11,8.31,108.88,2.06,0.0,0.0,0.0,100.0
2026-09-15T22:23:01.438993703Z,1357.0,210.17,108.0,8.0,2048.0,2048.0,128.0,256.0,0.0,7.98,8.29,111.12,1.1,0.0,0.0,0.0,100.0
2026-09-15T22:23:01.569552261Z,1358.0,210.301,108.0,8.0,2048.0,2048.0,128.0,256.0,0.0,8.65,7.96,112.29,0.43,0.0,0.0,0.0,100.0
2026-09-15T22:23:01.700093307Z,1359.0,210.431,108.0,9.0,2048.0,2048.0,128.0,256.0,0.0,27.06,13.67,88.45,1.17,0.0,0.0,0.0,99.0
2026-09-15T22:23:01.860039164Z,1360.0,210.591,107.0,8.0,2048.0,2048.0,128.0,256.0,0.0,19.2,10.36,99.08,0.36,0.0,0.0,0.0,99.0
2026-09-15T22:23:01.985705381Z,1361.0,210.717,107.0,8.0,2048.0,2048.0,128.0,256.0,0.0,139.31,10.91,8.48,1.18,0.0,0.0,0.0,98.0
2026-09-15T22:23:02.116005918Z,1362.0,210.847,106.0,8.0,2048.0,2048.0,128.0,256.0,0.0,7.78,8.51,107.49,0.68,0.0,0.0,0.0,98.0
2026-09-15T22:23:02.246987585Z,1363.0,210.978,106.0,10.0,2035.0,2048.0,128.0,256.0,0.0,22.57,9.65,96.72,1.0,0.0,0.0,0.0,101.0
2026-09-15T22:23:02.377671122Z,1364.0,211.109,108.0,9.0,1808.0,2048.0,128.0,256.0,1.0,18.8,9.2,101.13,0.45,0.0,0.0,0.0,103.0
2026-09-15T22:23:02.507587859Z,1365.0,211.239,110.0,8.0,1808.0,2048.0,128.0,256.0,1.0,27.67,13.87,87.9,0.57,0.0,0.0,0.0,102.0
2026-09-15T22:23:02.638570596Z,1366.0,211.37,109.0,8.0,2048.0,2048.0,128.0,256.0,0.0,25.2,13.32,90.17,1.1,0.0,0.0,0.0,101.0
2026-09-15T22:23:02.769364363Z,1367.0,211.501,109.0,8.0,2048.0,2048.0,128.0,256.0,0.0,8.87,7.81,112.52,0.72,0.0,0.0,0.0,101.0
2026-09-15T22:23:02.900070760Z,1368.0,211.631,109.0,8.0,2048.0,2048.0,128.0,256.0,0.0,18.08,21.99,89.26,1.78,0.0,0.0,0.0,99.0
2026-09-15T22:23:03.030334107Z,1369.0,211.762,107.0,8.0,2048.0,2048.0,128.0,256.0,0.0,9.59,9.29,109.42,1.67,0.0,0.0,0.0,99.0
2026-09-15T22:23:03.160500444Z,1370.0,211.892,107.0,8.0,2048.0,2048.0,128.0,256.0,0.0,7.86,8.95,111.0,0.72,0.0,0.0,0.0,99.0
2026-09-15T22:23:03.291608441Z,1371.0,212.023,107.0,8.0,2048.0,2048.0,128.0,256.0,0.0,15.43,14.35,98.96,1.28,0.0,0.0,0.0,97.0
2026-09-15T22:23:03.422075528Z,1372.0,212.153,105.0,9.0,2048.0,2048.0,128.0,256.0,0.0,24.81,16.5,87.7,0.43,0.0,0.0,0.0,95.0
2026-09-15T22:23:03.574175535Z,1373.0,212.306,103.0,8.0,2048.0,2048.0,128.0,256.0,0.0,8.2,8.94,112.14,0.29,0.0,0.0,0.0,95.0
2026-09-15T22:23:03.702141432Z,1374.0,212.434,103.0,8.0,2048.0,2048.0,128.0,256.0,0.0,136.26,8.18,6.77,0.48,0.0,0.0,0.0,95.0
2026-09-15T22:23:03.833086229Z,1375.0,212.564,103.0,10.0,2048.0,2048.0,128.0,256.0,0.0,29.84,9.88,86.95,0.48,0.0,0.0,0.0,97.0
2026-09-15T22:23:03.963633886Z,1376.0,212.695,105.0,11.0,2048.0,2048.0,128.0,256.0,0.0,27.14,19.07,83.46,0.82,0.0,0.0,0.0,99.0
2026-09-15T22:23:04.094379623Z,1377.0,212.826,107.0,8.0,2048.0,2048.0,128.0,256.0,0.0,19.74,14.37,94.8,0.94,0.0,0.0,0.0,98.0
2026-09-15T22:23:04.223807610Z,1378.0,212.955,105.0,7.0,1808.0,2048.0,128.0,256.0,1.0,13.05,10.41,105.62,1.01,0.0,0.0,0.0,97.0
2026-09-15T22:23:04.355364237Z,1379.0,213.087,104.0,7.0,1808.0,2048.0,128.0,256.0,1.0,10.47,10.07,107.24,1.56,0.0,0.0,0.0,97.0
2026-09-15T22:23:04.547472723Z,1380.0,213.279,104.0,8.0,1808.0,2048.0,128.0,256.0,1.0,33.37,13.68,82.2,0.39,0.0,0.0,0.0,98.0
2026-09-15T22:23:04.672465470Z,1381.0,213.404,105.0,7.0,1808.0,2048.0,128.0,256.0,1.0,169.11,13.61,8.26,0.44,0.0,0.0,0.0,97.0
2026-09-15T22:23:04.802895887Z,1382.0,213.534,104.0,7.0,1808.0,2048.0,128.0,256.0,1.0,13.52,13.8,96.46,1.15,0.0,0.0,0.0,96.0
2026-09-15T22:23:04.933706254Z,1383.0,213.665,103.0,7.0,1808.0,2048.0,128.0,256.0,1.0,18.38,13.71,96.49,1.89,0.0,0.0,0.0,95.0
2026-09-15T22:23:05.063800371Z,1384.0,213.795,102.0,8.0,1808.0,2048.0,128.0,256.0,1.0,21.8,12.15,94.25,1.73,0.0,0.0,0.0,96.0
2026-09-15T22:23:05.194044748Z,1385.0,213.925,103.0,7.0,1808.0,2048.0,128.0,256.0,1.0,8.61,7.23,111.94,0.81,0.0,0.0,0.0,96.0
2026-09-15T22:23:05.562364670Z,1386.0,214.294,103.0,7.0,1808.0,2048.0,128.0,256.0,1.0,9.02,7.35,112.2,0.28,0.0,0.0,0.0,96.0
2026-09-15T22:23:05.689899857Z,1387.0,214.421,103.0,7.0,1808.0,2048.0,128.0,256.0,1.0,352.26,7.64,7.47,0.63,0.0,0.0,0.0,96.0
2026-09-15T22:23:05.820777614Z,1388.0,214.552,103.0,7.0,1808.0,2048.0,128.0,256.0,1.0,8.21,9.11,108.87,1.43,0.0,0.0,0.0,96.0
2026-09-15T22:23:05.951356881Z,1389.0,214.683,103.0,9.0,1808.0,2048.0,128.0,256.0,1.0,20.8,8.97,99.01,1.27,0.0,0.0,0.0,98.0
2026-09-15T22:23:06.082043328Z,1390.0,214.813,105.0,9.0,2048.0,2048.0,128.0,256.0,0.0,25.48,12.99,90.13,0.54,0.0,0.0,0.0,98.0
2026-09-15T22:23:06.213179645Z,1391.0,214.945,106.0,9.0,2048.0,2048.0,128.0,256.0,0.0,20.43,9.05,99.89,0.78,0.0,0.0,0.0,99.0
2026-09-15T22:23:06.344107502Z,1392.0,215.076,107.0,8.0,2048.0,2048.0,128.0,256.0,0.0,9.6,8.5,111.6,0.87,0.0,0.0,0.0,99.0
2026-09-15T22:23:06.474492019Z,1393.0,215.206,107.0,8.0,2048.0,2048.0,128.0,256.0,0.0,9.68,7.97,111.76,0.5,0.0,0.0,0.0,99.0
2026-09-15T22:23:06.606851446Z,1394.0,215.338,107.0,8.0,2048.0,2048.0,128.0,256.0,0.0,8.27,8.87,112.08,1.77,0.0,0.0,0.0,99.0
2026-09-15T22:23:06.736969373Z,1395.0,215.468,107.0,8.0,2048.0,2048.0,128.0,256.0,0.0,12.7,11.39,105.8,0.91,0.0,0.0,0.0,98.0
2026-09-15T22:23:06.867853770Z,1396.0,215.599,106.0,8.0,2048.0,2048.0,128.0,256.0,0.0,10.39,7.69,110.52,0.87,0.0,0.0,0.0,98.0
2026-09-15T22:23:06.998788827Z,1397.0,215.73,106.0,9.0,2048.0,2048.0,128.0,256.0,0.0,24.09,11.08,94.2,0.64,0.0,0.0,0.0,98.0
2026-09-15T22:23:07.130495014Z,1398.0,215.862,106.0,9.0,2048.0,2048.0,128.0,256.0,0.0,26.11,13.55,89.93,1.46,0.0,0.0,0.0,98.0
2026-09-15T22:23:07.260616941Z,1399.0,215.992,106.0,8.0,2048.0,2048.0,128.0,256.0,0.0,13.8,11.31,104.25,0.84,0.0,0.0,0.0,97.0
2026-09-15T22:23:07.409510348Z,1400.0,216.141,105.0,8.0,2048.0,2048.0,128.0,256.0,0.0,11.45,15.95,101.06,0.3,0.0,0.0,0.0,97.0
2026-09-15T22:23:07.537114245Z,1401.0,216.269,105.0,9.0,2048.0,2048.0,128.0,256.0,0.0,132.68,8.62,6.81,1.0,0.0,0.0,0.0,98.0
2026-09-15T22:23:07.668185502Z,1402.0,216.4,106.0,9.0,2048.0,2048.0,128.0,256.0,0.0,18.82,8.67,98.36,1.12,0.0,0.0,0.0,99.0
2026-09-15T22:23:07.798500279Z,1403.0,216.53,107.0,11.0,2048.0,2048.0,128.0,256.0,0.0,21.31,9.17,98.63,0.95,0.0,0.0,0.0,102.0
2026-09-15T22:23:07.929896936Z,1404.0,216.661,110.0,8.0,2048.0,2048.0,128.0,256.0,0.0,15.14,12.86,100.66,0.38,0.0,0.0,0.0,101.0
2026-09-15T22:23:08.060068023Z,1405.0,216.791,109.0,9.0,2048.0,2048.0,128.0,256.0,0.0,27.06,11.62,91.47,0.69,0.0,0.0,0.0,101.0
2026-09-15T22:23:08.191170510Z,1406.0,216.923,109.0,8.0,2048.0,2048.0,128.0,256.0,0.0,16.88,12.82,99.02,0.99,0.0,0.0,0.0,100.0
2026-09-15T22:23:08.324145777Z,1407.0,217.055,108.0,8.0,2048.0,2048.0,128.0,256.0,0.0,10.77,8.12,110.42,0.52,0.0,0.0,0.0,100.0
2026-09-15T22:23:08.452869544Z,1408.0,217.184,108.0,8.0,2048.0,2048.0,128.0,256.0,0.0,8.6,11.87,108.91,1.6,0.0,0.0,0.0,100.0
2026-09-15T22:23:08.583565101Z,1409.0,217.315,108.0,8.0,2048.0,2048.0,128.0,256.0,0.0,15.16,11.71,99.61,1.4,0.0,0.0,0.0,99.0
2026-09-15T22:23:08.714377858Z,1410.0,217.446,107.0,9.0,2048.0,2048.0,128.0,256.0,0.0,19.89,10.6,97.27,0.45,0.0,0.0,0.0,100.0
2026-09-15T22:23:08.845261255Z,1411.0,217.577,108.0,9.0,2048.0,2048.0,128.0,256.0,0.0,24.44,10.1,95.17,1.31,0.0,0.0,0.0,101.0
2026-09-15T22:23:08.975997912Z,1412.0,217.707,109.0,8.0,2048.0,2048.0,128.0,256.0,0.0,15.87,13.71,99.24,0.8,0.0,0.0,0.0,100.0
2026-09-15T22:23:09.106226769Z,1413.0,217.838,108.0,8.0,2048.0,2048.0,128.0,256.0,0.0,13.86,12.98,102.51,1.69,0.0,0.0,0.0,99.0
2026-09-15T22:23:09.237395886Z,1414.0,217.969,107.0,9.0,2048.0,2048.0,128.0,256.0,0.0,19.05,8.49,100.25,0.53,0.0,0.0,0.0,100.0
2026-09-15T22:23:09.367493863Z,1415.0,218.099,108.0,9.0,2048.0,2048.0,128.0,256.0,0.0,21.1,10.21,98.24,0.43,0.0,0.0,0.0,101.0
2026-09-15T22:23:09.498010810Z,1416.0,218.229,109.0,9.0,2048.0,2048.0,128.0,256.0,0.0,21.79,9.93,97.36,0.79,0.0,0.0,0.0,102.0
2026-09-15T22:23:09.629450867Z,1417.0,218.361,110.0,10.0,2048.0,2048.0,128.0,256.0,0.0,28.02,8.66,92.4,0.89,0.0,0.0,0.0,104.0
2026-09-15T22:23:09.760120334Z,1418.0,218.491,112.0,8.0,2048.0,2048.0,128.0,256.0,0.0,14.95,10.92,103.89,1.44,0.0,0.0,0.0,103.0
2026-09-15T22:23:09.890422271Z,1419.0,218.622,111.0,8.0,2048.0,2048.0,128.0,256.0,0.0,17.93,13.58,97.11,0.51,0.0,0.0,0.0,101.0
2026-09-15T22:23:10.020850948Z,1420.0,218.752,109.0,9.0,2048.0,2048.0,128.0,256.0,0.0,25.85,11.73,91.25,0.49,0.0,0.0,0.0,101.0
2026-09-15T22:23:10.214808254Z,1421.0,218.946,109.0,8.0,2048.0,2048.0,128.0,256.0,0.0,11.17,9.82,108.21,0.36,0.0,0.0,0.0,101.0
2026-09-15T22:23:10.342440271Z,1422.0,219.074,109.0,8.0,2048.0,2048.0,128.0,256.0,0.0,176.32,10.07,6.74,0.87,0.0,0.0,0.0,101.0
2026-09-15T22:23:10.472542948Z,1423.0,219.204,109.0,9.0,2048.0,2048.0,128.0,256.0,0.0,19.12,8.13,98.74,0.58,0.0,0.0,0.0,102.0
2026-09-15T22:23:10.606721085Z,1424.0,219.338,110.0,8.0,2048.0,2048.0,128.0,256.0,0.0,13.14,11.82,103.68,0.42,0.0,0.0,0.0,101.0
2026-09-15T22:23:10.733935542Z,1425.0,219.465,109.0,8.0,2048.0,2048.0,128.0,256.0,0.0,9.17,10.74,109.39,0.75,0.0,0.0,0.0,100.0
2026-09-15T22:23:10.864840269Z,1426.0,219.596,108.0,10.0,2048.0,2048.0,128.0,256.0,0.0,30.28,14.59,80.7,1.41,0.0,0.0,0.0,101.0
2026-09-15T22:23:10.995119906Z,1427.0,219.726,109.0,8.0,2004.0,2048.0,128.0,256.0,0.0,19.89,13.14,95.85,1.03,0.0,0.0,0.0,101.0
2026-09-15T22:23:11.125447293Z,1428.0,219.857,108.0,7.0,1808.0,2048.0,128.0,256.0,1.0,21.24,20.4,86.83,0.42,0.0,0.0,0.0,100.0
2026-09-15T22:23:11.255847970Z,1429.0,219.987,107.0,7.0,1808.0,2048.0,128.0,256.0,1.0,9.95,7.91,111.3,0.65,0.0,0.0,0.0,100.0
2026-09-15T22:23:11.386176637Z,1430.0,220.118,107.0,8.0,1808.0,2048.0,128.0,256.0,1.0,25.09,10.15,93.96,1.02,0.0,0.0,0.0,101.0
2026-09-15T22:23:11.517024384Z,1431.0,220.248,108.0,9.0,1808.0,2048.0,128.0,256.0,1.0,20.64,8.69,99.17,1.83,0.0,0.0,0.0,103.0
2026-09-15T22:23:11.647386151Z,1432.0,220.379,110.0,7.0,1808.0,2048.0,128.0,256.0,1.0,7.98,9.17,110.88,0.85,0.0,0.0,0.0,103.0
2026-09-15T22:23:11.777646938Z,1433.0,220.509,110.0,7.0,1808.0,2048.0,128.0,256.0,1.0,8.46,9.82,110.56,0.92,0.0,0.0,0.0,103.0
2026-09-15T22:23:11.907831405Z,1434.0,220.639,110.0,8.0,2048.0,2048.0,128.0,256.0,0.0,29.25,14.22,85.23,0.72,0.0,0.0,0.0,101.0
2026-09-15T22:23:12.038972592Z,1435.0,220.77,109.0,9.0,2048.0,2048.0,128.0,256.0,0.0,24.41,12.11,92.18,1.3,0.0,0.0,0.0,101.0
2026-09-15T22:23:12.201919459Z,1436.0,220.933,109.0,8.0,2048.0,2048.0,128.0,256.0,0.0,8.24,8.22,112.56,0.31,0.0,0.0,0.0,101.0
2026-09-15T22:23:12.329526566Z,1437.0,221.061,109.0,9.0,2048.0,2048.0,128.0,256.0,0.0,147.15,8.32,6.55,1.18,0.0,0.0,0.0,102.0
2026-09-15T22:23:12.460755733Z,1438.0,221.192,110.0,9.0,2048.0,2048.0,128.0,256.0,0.0,27.43,13.65,84.58,1.43,0.0,0.0,0.0,101.0
2026-09-15T22:23:12.590658120Z,1439.0,221.322,109.0,8.0,2048.0,2048.0,128.0,256.0,0.0,8.4,11.71,107.56,0.65,0.0,0.0,0.0,101.0
2026-09-15T22:23:12.721531037Z,1440.0,221.453,109.0,9.0,2048.0,2048.0,128.0,256.0,0.0,19.95,8.24,100.45,0.99,0.0,0.0,0.0,102.0
2026-09-15T22:23:12.851853134Z,1441.0,221.583,110.0,8.0,2048.0,2048.0,128.0,256.0,0.0,8.7,8.43,112.09,0.38,0.0,0.0,0.0,102.0
2026-09-15T22:23:12.997431561Z,1442.0,221.714,110.0,8.0,2048.0,2048.0,128.0,256.0,0.0,11.87,10.29,107.21,0.6,0.0,0.0,0.0,101.0
2026-09-15T22:23:13.113055848Z,1443.0,221.845,109.0,8.0,1868.0,2048.0,128.0,256.0,0.0,7.93,8.22,113.77,0.99,0.0,0.0,0.0,102.0
2026-09-15T22:23:13.243651115Z,1444.0,221.975,109.0,8.0,2048.0,2048.0,128.0,256.0,0.0,37.87,10.6,79.97,1.42,0.0,0.0,0.0,101.0
2026-09-15T22:23:13.374540142Z,1445.0,222.106,109.0,9.0,2048.0,2048.0,128.0,256.0,0.0,26.11,11.01,91.29,0.4,0.0,0.0,0.0,101.0
2026-09-15T22:23:13.505341419Z,1446.0,222.237,109.0,8.0,2048.0,2048.0,128.0,256.0,0.0,7.96,7.77,113.97,0.63,0.0,0.0,0.0,101.0
2026-09-15T22:23:13.635800046Z,1447.0,222.367,109.0,8.0,1985.0,2048.0,128.0,256.0,0.0,10.81,8.32,110.4,0.61,0.0,0.0,0.0,102.0
2026-09-15T22:23:13.767663783Z,1448.0,222.499,109.0,8.0,1808.0,2048.0,128.0,256.0,1.0,27.88,11.04,90.28,0.77,0.0,0.0,0.0,102.0
2026-09-15T22:23:13.897262450Z,1449.0,222.629,109.0,8.0,1808.0,2048.0,128.0,256.0,1.0,22.83,8.88,98.38,0.74,0.0,0.0,0.0,103.0
2026-09-15T22:23:14.051986457Z,1450.0,222.783,110.0,7.0,1808.0,2048.0,128.0,256.0,1.0,8.27,9.02,111.17,0.29,0.0,0.0,0.0,103.0
2026-09-15T22:23:14.178163154Z,1451.0,222.91,110.0,9.0,1808.0,2048.0,128.0,256.0,1.0,136.49,9.73,7.61,0.81,0.0,0.0,0.0,105.0
2026-09-15T22:23:14.309223791Z,1452.0,223.04,112.0,7.0,1808.0,2048.0,128.0,256.0,1.0,10.02,9.52,105.18,1.23,0.0,0.0,0.0,105.0
2026-09-15T22:23:14.439591528Z,1453.0,223.171,112.0,8.0,1808.0,2048.0,128.0,256.0,1.0,28.06,16.02,84.77,0.53,0.0,0.0,0.0,104.0
2026-09-15T22:23:14.570265365Z,1454.0,223.302,111.0,7.0,1808.0,2048.0,128.0,256.0,1.0,16.24,23.67,89.23,1.81,0.0,0.0,0.0,103.0
2026-09-15T22:23:14.700892132Z,1455.0,223.432,110.0,8.0,1808.0,2048.0,128.0,256.0,1.0,25.56,13.17,89.38,0.53,0.0,0.0,0.0,103.0
2026-09-15T22:23:14.831106419Z,1456.0,223.562,110.0,8.0,2048.0,2048.0,128.0,256.0,0.0,36.35,16.88,76.15,0.58,0.0,0.0,0.0,100.0
2026-09-15T22:23:14.961943866Z,1457.0,223.693,108.0,8.0,2048.0,2048.0,128.0,256.0,0.0,18.22,12.87,97.81,0.59,0.0,0.0,0.0,99.0
2026-09-15T22:23:15.092667083Z,1458.0,223.824,107.0,8.0,2048.0,2048.0,128.0,256.0,0.0,9.34,9.85,110.39,0.75,0.0,0.0,0.0,99.0
2026-09-15T22:23:15.224520890Z,1459.0,223.956,107.0,8.0,2048.0,2048.0,128.0,256.0,0.0,11.3,9.31,108.64,1.41,0.0,0.0,0.0,99.0
2026-09-15T22:23:15.364933697Z,1460.0,224.096,107.0,9.0,2048.0,2048.0,128.0,256.0,0.0,19.72,9.85,99.97,0.31,0.0,0.0,0.0,100.0
2026-09-15T22:23:15.493967134Z,1461.0,224.225,108.0,8.0,2048.0,2048.0,128.0,256.0,0.0,122.77,9.73,7.15,0.75,0.0,0.0,0.0,99.0
2026-09-15T22:23:15.624993071Z,1462.0,224.356,107.0,8.0,2048.0,2048.0,128.0,256.0,0.0,7.36,8.14,112.09,0.9,0.0,0.0,0.0,99.0
2026-09-15T22:23:15.755910618Z,1463.0,224.487,107.0,9.0,2048.0,2048.0,128.0,256.0,0.0,21.77,10.62,97.18,1.71,0.0,0.0,0.0,99.0
2026-09-15T22:23:15.887515205Z,1464.0,224.619,107.0,10.0,2048.0,2048.0,128.0,256.0,0.0,28.07,9.85,90.41,2.03,0.0,0.0,0.0,101.0
2026-09-15T22:23:16.017753792Z,1465.0,224.749,109.0,9.0,2048.0,2048.0,128.0,256.0,0.0,19.72,9.44,99.59,0.64,0.0,0.0,0.0,102.0
2026-09-15T22:23:16.148978559Z,1466.0,224.88,110.0,9.0,2048.0,2048.0,128.0,256.0,0.0,22.72,11.9,94.34,0.85,0.0,0.0,0.0,102.0
2026-09-15T22:23:16.279798506Z,1467.0,225.011,110.0,8.0,2048.0,2048.0,128.0,256.0,0.0,9.24,12.84,107.57,0.91,0.0,0.0,0.0,102.0
2026-09-15T22:23:16.410681793Z,1468.0,225.142,110.0,8.0,2048.0,2048.0,128.0,256.0,0.0,13.1,11.42,104.69,0.76,0.0,0.0,0.0,101.0
2026-09-15T22:23:16.541313230Z,1469.0,225.273,109.0,9.0,2048.0,2048.0,128.0,256.0,0.0,24.84,11.31,93.38,0.54,0.0,0.0,0.0,101.0
2026-09-15T22:23:16.672063327Z,1470.0,225.403,109.0,8.0,2048.0,2048.0,128.0,256.0,0.0,8.15,7.33,113.87,1.05,0.0,0.0,0.0,101.0
2026-09-15T22:23:16.803590554Z,1471.0,225.535,109.0,8.0,2048.0,2048.0,128.0,256.0,0.0,7.6,7.57,113.96,2.04,0.0,0.0,0.0,101.0
2026-09-15T22:23:16.934242261Z,1472.0,225.666,109.0,9.0,2048.0,2048.0,128.0,256.0,0.0,26.87,9.46,92.38,0.42,0.0,0.0,0.0,102.0
2026-09-15T22:23:17.064848728Z,1473.0,225.796,110.0,8.0,1985.0,2048.0,128.0,256.0,0.0,13.86,10.89,104.56,0.44,0.0,0.0,0.0,102.0
2026-09-15T22:23:17.196302615Z,1474.0,225.928,109.0,8.0,2048.0,2048.0,128.0,256.0,0.0,26.54,14.0,88.96,1.19,0.0,0.0,0.0,100.0
2026-09-15T22:23:17.326823792Z,1475.0,226.058,108.0,8.0,2048.0,2048.0,128.0,256.0,0.0,8.55,9.36,111.71,1.86,0.0,0.0,0.0,100.0
2026-09-15T22:23:17.457753809Z,1476.0,226.189,108.0,9.0,2048.0,2048.0,128.0,256.0,0.0,23.03,8.89,96.09,0.51,0.0,0.0,0.0,101.0
2026-09-15T22:23:17.625859676Z,1477.0,226.357,109.0,8.0,2048.0,2048.0,128.0,256.0,0.0,16.84,13.4,99.38,0.43,0.0,0.0,0.0,99.0
2026-09-15T22:23:17.745294533Z,1478.0,226.477,107.0,11.0,2048.0,2048.0,128.0,256.0,0.0,143.21,9.63,14.19,1.02,0.0,0.0,0.0,102.0
2026-09-15T22:23:17.876296270Z,1479.0,226.608,110.0,8.0,2048.0,2048.0,128.0,256.0,0.0,14.05,8.44,95.11,1.72,0.0,0.0,0.0,102.0
2026-09-15T22:23:18.007011457Z,1480.0,226.738,110.0,8.0,2048.0,2048.0,128.0,256.0,0.0,9.91,9.0,109.71,0.57,0.0,0.0,0.0,102.0
2026-09-15T22:23:18.138468694Z,1481.0,226.87,110.0,9.0,2048.0,2048.0,128.0,256.0,0.0,19.62,9.06,100.84,1.09,0.0,0.0,0.0,103.0
2026-09-15T22:23:18.269466571Z,1482.0,227.001,111.0,8.0,2048.0,2048.0,128.0,256.0,0.0,13.05,11.57,104.92,1.24,0.0,0.0,0.0,102.0
2026-09-15T22:23:18.400590828Z,1483.0,227.132,110.0,8.0,2048.0,2048.0,128.0,256.0,0.0,8.21,9.61,111.08,1.61,0.0,0.0,0.0,102.0
2026-09-15T22:23:18.531671645Z,1484.0,227.263,110.0,8.0,2048.0,2048.0,128.0,256.0,0.0,8.16,8.01,112.64,0.83,0.0,0.0,0.0,102.0
2026-09-15T22:23:18.662641142Z,1485.0,227.394,110.0,8.0,2048.0,2048.0,128.0,256.0,0.0,8.54,8.7,112.52,1.36,0.0,0.0,0.0,102.0
2026-09-15T22:23:18.793845919Z,1486.0,227.525,110.0,9.0,2048.0,2048.0,128.0,256.0,0.0,33.56,17.52,77.78,0.53,0.0,0.0,0.0,100.0
2026-09-15T22:23:18.924866666Z,1487.0,227.656,108.0,8.0,2048.0,2048.0,128.0,256.0,0.0,16.76,12.64,100.53,0.92,0.0,0.0,0.0,99.0
2026-09-15T22:23:19.056116443Z,1488.0,227.787,107.0,8.0,2048.0,2048.0,128.0,256.0,0.0,15.22,12.77,98.98,1.5,0.0,0.0,0.0,98.0
2026-09-15T22:23:19.189057470Z,1489.0,227.92,106.0,8.0,2048.0,2048.0,128.0,256.0,0.0,15.2,13.14,100.58,0.7,0.0,0.0,0.0,97.0
2026-09-15T22:23:19.386632405Z,1490.0,228.118,105.0,10.0,2048.0,2048.0,128.0,256.0,0.0,27.29,17.57,85.11,0.39,0.0,0.0,0.0,97.0
2026-09-15T22:23:19.513890582Z,1491.0,228.245,105.0,9.0,2048.0,2048.0,128.0,256.0,0.0,178.14,10.27,7.87,1.97,0.0,0.0,0.0,98.0
2026-09-15T22:23:19.643858790Z,1492.0,228.375,106.0,9.0,2048.0,2048.0,128.0,256.0,0.0,26.46,9.05,89.0,0.7,0.0,0.0,0.0,99.0
2026-09-15T22:23:19.775805567Z,1493.0,228.507,107.0,9.0,2048.0,2048.0,128.0,256.0,0.0,25.82,10.28,92.56,0.52,0.0,0.0,0.0,100.0
2026-09-15T22:23:19.906433053Z,1494.0,228.638,108.0,9.0,1821.0,2048.0,128.0,256.0,0.0,22.02,11.67,96.95,1.55,0.0,0.0,0.0,101.0
2026-09-15T22:23:20.036801250Z,1495.0,228.768,108.0,7.0,1808.0,2048.0,128.0,256.0,1.0,8.48,9.13,110.59,0.58,0.0,0.0,0.0,101.0
2026-09-15T22:23:20.167616727Z,1496.0,228.899,108.0,7.0,1808.0,2048.0,128.0,256.0,1.0,12.9,13.67,102.51,1.63,0.0,0.0,0.0,100.0
2026-09-15T22:23:20.297714104Z,1497.0,229.029,107.0,7.0,1808.0,2048.0,128.0,256.0,1.0,9.72,8.25,110.61,0.71,0.0,0.0,0.0,100.0
2026-09-15T22:23:20.428593722Z,1498.0,229.16,107.0,8.0,2048.0,2048.0,128.0,256.0,0.0,21.2,11.19,96.21,1.28,0.0,0.0,0.0,99.0
2026-09-15T22:23:20.559910469Z,1499.0,229.291,107.0,8.0,2048.0,2048.0,128.0,256.0,0.0,7.96,7.96,112.98,1.18,0.0,0.0,0.0,99.0
2026-09-15T22:23:20.690307676Z,1500.0,229.422,107.0,8.0,2048.0,2048.0,128.0,256.0,0.0,8.21,14.38,106.85,1.49,0.0,0.0,0.0,99.0
2026-09-15T22:23:20.820428843Z,1501.0,229.552,107.0,8.0,2048.0,2048.0,128.0,256.0,0.0,9.0,8.55,110.63,0.37,0.0,0.0,0.0,99.0
2026-09-15T22:23:20.951613060Z,1502.0,229.683,107.0,8.0,2048.0,2048.0,128.0,256.0,0.0,17.52,13.93,97.59,0.34,0.0,0.0,0.0,97.0
2026-09-15T22:23:21.082599447Z,1503.0,229.814,105.0,10.0,1838.0,2048.0,128.0,256.0,0.0,27.1,10.29,92.72,1.0,0.0,0.0,0.0,99.0
2026-09-15T22:23:21.264332813Z,1504.0,229.996,106.0,7.0,1808.0,2048.0,128.0,256.0,1.0,12.15,10.19,107.12,0.27,0.0,0.0,0.0,98.0
2026-09-15T22:23:21.390671430Z,1505.0,230.122,105.0,8.0,1808.0,2048.0,128.0,256.0,1.0,159.03,14.62,7.06,0.82,0.0,0.0,0.0,99.0
2026-09-15T22:23:21.521484717Z,1506.0,230.253,106.0,8.0,1808.0,2048.0,128.0,256.0,1.0,22.01,8.38,94.48,1.07,0.0,0.0,0.0,100.0
2026-09-15T22:23:21.651674284Z,1507.0,230.383,107.0,8.0,1808.0,2048.0,128.0,256.0,1.0,20.24,8.22,100.53,0.62,0.0,0.0,0.0,101.0
2026-09-15T22:23:21.782590461Z,1508.0,230.514,108.0,7.0,1808.0,2048.0,128.0,256.0,1.0,14.9,13.83,99.89,1.53,0.0,0.0,0.0,99.0
2026-09-15T22:23:21.913219018Z,1509.0,230.645,106.0,7.0,1808.0,2048.0,128.0,256.0,1.0,13.32,8.4,107.09,1.17,0.0,0.0,0.0,99.0
2026-09-15T22:23:22.044140865Z,1510.0,230.776,106.0,8.0,1808.0,2048.0,128.0,256.0,1.0,22.63,8.2,97.88,1.49,0.0,0.0,0.0,100.0
2026-09-15T22:23:22.174685112Z,1511.0,230.906,107.0,8.0,1808.0,2048.0,128.0,256.0,1.0,26.84,15.18,86.71,0.93,0.0,0.0,0.0,101.0
2026-09-15T22:23:22.305086769Z,1512.0,231.037,108.0,7.0,1808.0,2048.0,128.0,256.0,1.0,9.9,8.18,110.91,1.38,0.0,0.0,0.0,101.0
2026-09-15T22:23:22.435813786Z,1513.0,231.167,108.0,7.0,1808.0,2048.0,128.0,256.0,1.0,7.34,8.35,112.72,0.53,0.0,0.0,0.0,101.0
2026-09-15T22:23:22.565966233Z,1514.0,231.297,108.0,7.0,1808.0,2048.0,128.0,256.0,1.0,7.05,8.35,114.08,1.06,0.0,0.0,0.0,101.0
2026-09-15T22:23:22.697068320Z,1515.0,231.428,108.0,7.0,1808.0,2048.0,128.0,256.0,1.0,7.23,7.71,113.57,2.13,0.0,0.0,0.0,101.0
2026-09-15T22:23:22.827366667Z,1516.0,231.559,108.0,7.0,1808.0,2048.0,128.0,256.0,1.0,7.04,7.38,113.94,1.09,0.0,0.0,0.0,101.0
2026-09-15T22:23:22.958628534Z,1517.0,231.69,108.0,8.0,1808.0,2048.0,128.0,256.0,1.0,23.95,10.78,93.77,1.18,0.0,0.0,0.0,101.0
2026-09-15T22:23:23.088647081Z,1518.0,231.82,108.0,7.0,1808.0,2048.0,128.0,256.0,1.0,12.78,10.28,106.3,1.09,0.0,0.0,0.0,100.0
2026-09-15T22:23:23.219355078Z,1519.0,231.951,107.0,8.0,1808.0,2048.0,128.0,256.0,1.0,25.71,14.99,87.48,1.83,0.0,0.0,0.0,100.0
2026-09-15T22:23:23.349938475Z,1520.0,232.081,107.0,8.0,1808.0,2048.0,128.0,256.0,1.0,20.5,11.6,92.97,1.41,0.0,0.0,0.0,102.0
2026-09-15T22:23:23.480178982Z,1521.0,232.212,109.0,7.0,1635.0,2048.0,128.0,256.0,1.0,8.89,8.43,111.29,0.78,0.0,0.0,0.0,103.0
2026-09-15T22:23:23.611037979Z,1522.0,232.342,109.0,6.0,1568.0,2048.0,128.0,256.0,1.0,8.47,8.64,111.77,1.38,0.0,0.0,0.0,103.0
2026-09-15T22:23:23.741520056Z,1523.0,232.473,109.0,6.0,1568.0,2048.0,128.0,256.0,1.0,7.81,8.85,112.16,0.89,0.0,0.0,0.0,103.0
2026-09-15T22:23:23.872134303Z,1524.0,232.603,109.0,6.0,1568.0,2048.0,128.0,256.0,1.0,9.32,8.07,111.49,0.63,0.0,0.0,0.0,103.0
2026-09-15T22:23:24.003545840Z,1525.0,232.735,109.0,7.0,1808.0,2048.0,128.0,256.0,1.0,27.27,13.51,88.47,0.4,0.0,0.0,0.0,101.0
2026-09-15T22:23:24.133483347Z,1526.0,232.865,108.0,8.0,1808.0,2048.0,128.0,256.0,1.0,24.01,11.02,94.62,0.73,0.0,0.0,0.0,101.0
2026-09-15T22:23:24.293709484Z,1527.0,233.025,108.0,9.0,2048.0,2048.0,128.0,256.0,0.0,29.21,11.87,87.34,0.32,0.0,0.0,0.0,101.0
2026-09-15T22:23:24.420417631Z,1528.0,233.152,109.0,8.0,2048.0,2048.0,128.0,256.0,0.0,141.34,10.63,7.44,0.96,0.0,0.0,0.0,100.0
2026-09-15T22:23:24.550820548Z,1529.0,233.282,108.0,8.0,2048.0,2048.0,128.0,256.0,0.0,9.26,14.38,101.18,0.85,0.0,0.0,0.0,100.0
2026-09-15T22:23:24.681087715Z,1530.0,233.413,108.0,8.0,2048.0,2048.0,128.0,256.0,0.0,9.45,9.23,110.46,0.79,0.0,0.0,0.0,100.0
2026-09-15T22:23:24.812134112Z,1531.0,233.544,108.0,9.0,2048.0,2048.0,128.0,256.0,0.0,21.71,8.05,99.1,0.35,0.0,0.0,0.0,101.0
2026-09-15T22:23:24.942871129Z,1532.0,233.674,109.0,8.0,2048.0,2048.0,128.0,256.0,0.0,8.1,7.74,114.17,1.16,0.0,0.0,0.0,101.0
2026-09-15T22:23:25.073926986Z,1533.0,233.805,109.0,10.0,2048.0,2048.0,128.0,256.0,0.0,29.6,8.14,91.25,1.21,0.0,0.0,0.0,103.0
2026-09-15T22:23:25.204371173Z,1534.0,233.936,111.0,9.0,2048.0,2048.0,128.0,256.0,0.0,22.14,9.66,97.33,0.74,0.0,0.0,0.0,104.0
2026-09-15T22:23:25.336178360Z,1535.0,234.068,112.0,8.0,2048.0,2048.0,128.0,256.0,0.0,8.14,8.06,112.69,1.64,0.0,0.0,0.0,104.0
2026-09-15T22:23:25.466601367Z,1536.0,234.198,112.0,8.0,2048.0,2048.0,128.0,256.0,0.0,7.5,8.33,113.69,0.87,0.0,0.0,0.0,104.0
2026-09-15T22:23:25.597737104Z,1537.0,234.329,112.0,8.0,2035.0,2048.0,128.0,256.0,0.0,8.14,7.85,113.02,1.02,0.0,0.0,0.0,105.0
2026-09-15T22:23:25.728500611Z,1538.0,234.46,112.0,7.0,1808.0,2048.0,128.0,256.0,1.0,7.86,8.33,113.27,1.62,0.0,0.0,0.0,105.0
2026-09-15T22:23:25.859358958Z,1539.0,234.591,112.0,7.0,1808.0,2048.0,128.0,256.0,1.0,8.36,8.94,111.05,0.44,0.0,0.0,0.0,105.0
2026-09-15T22:23:25.989633415Z,1540.0,234.721,112.0,8.0,1785.0,2048.0,128.0,256.0,1.0,21.49,9.7,98.31,0.6,0.0,0.0,0.0,107.0
2026-09-15T22:23:26.120488502Z,1541.0,234.852,113.0,6.0,1568.0,2048.0,128.0,256.0,1.0,9.57,9.41,110.12,1.52,0.0,0.0,0.0,107.0
2026-09-15T22:23:26.251151719Z,1542.0,234.982,113.0,8.0,1808.0,2048.0,128.0,256.0,1.0,25.87,11.94,90.79,0.45,0.0,0.0,0.0,107.0
2026-09-15T22:23:26.382973716Z,1543.0,235.114,114.0,7.0,1808.0,2048.0,128.0,256.0,1.0,15.94,13.04,100.52,2.55,0.0,0.0,0.0,106.0
2026-09-15T22:23:26.513223323Z,1544.0,235.245,113.0,7.0,1808.0,2048.0,128.0,256.0,1.0,15.04,9.67,104.03,1.31,0.0,0.0,0.0,106.0
2026-09-15T22:23:26.643251130Z,1545.0,235.375,113.0,8.0,1808.0,2048.0,128.0,256.0,1.0,26.26,9.43,92.38,0.87,0.0,0.0,0.0,107.0
2026-09-15T22:23:26.774049397Z,1546.0,235.505,114.0,8.0,1808.0,2048.0,128.0,256.0,1.0,28.82,11.94,87.77,1.43,0.0,0.0,0.0,107.0
2026-09-15T22:23:26.904640165Z,1547.0,235.636,114.0,7.0,1808.0,2048.0,128.0,256.0,1.0,10.1,15.86,102.77,0.41,0.0,0.0,0.0,106.0
2026-09-15T22:23:27.075801890Z,1548.0,235.807,113.0,7.0,1808.0,2048.0,128.0,256.0,1.0,8.85,7.97,112.74,0.44,0.0,0.0,0.0,106.0
2026-09-15T22:23:27.200765778Z,1549.0,235.932,113.0,7.0,1808.0,2048.0,128.0,256.0,1.0,146.38,15.87,7.9,0.78,0.0,0.0,0.0,105.0
2026-09-15T22:23:27.332443155Z,1550.0,236.064,112.0,8.0,2048.0,2048.0,128.0,256.0,0.0,29.61,15.75,77.99,1.15,0.0,0.0,0.0,103.0
2026-09-15T22:23:27.463065902Z,1551.0,236.194,111.0,9.0,2048.0,2048.0,128.0,256.0,0.0,35.81,11.47,82.32,0.63,0.0,0.0,0.0,103.0
2026-09-15T22:23:27.593751909Z,1552.0,236.325,111.0,8.0,2048.0,2048.0,128.0,256.0,0.0,10.4,8.02,111.05,0.51,0.0,0.0,0.0,103.0
2026-09-15T22:23:27.724916356Z,1553.0,236.456,111.0,8.0,2048.0,2048.0,128.0,256.0,0.0,14.53,10.83,104.13,1.38,0.0,0.0,0.0,102.0
2026-09-15T22:23:27.855608683Z,1554.0,236.587,110.0,8.0,2048.0,2048.0,128.0,256.0,0.0,8.16,14.16,104.87,1.37,0.0,0.0,0.0,102.0
2026-09-15T22:23:27.987134350Z,1555.0,236.718,110.0,8.0,2022.0,2048.0,128.0,256.0,0.0,9.3,8.18,111.13,1.35,0.0,0.0,0.0,103.0
2026-09-15T22:23:28.117716987Z,1556.0,236.849,110.0,8.0,1808.0,2048.0,128.0,256.0,1.0,18.71,9.49,101.33,0.76,0.0,0.0,0.0,104.0
2026-09-15T22:23:28.248156704Z,1557.0,236.98,111.0,7.0,1808.0,2048.0,128.0,256.0,1.0,8.22,7.93,113.14,1.31,0.0,0.0,0.0,104.0
2026-09-15T22:23:28.379626041Z,1558.0,237.111,111.0,8.0,1808.0,2048.0,128.0,256.0,1.0,21.25,8.97,98.34,1.95,0.0,0.0,0.0,105.0
2026-09-15T22:23:28.510454398Z,1559.0,237.242,112.0,7.0,1808.0,2048.0,128.0,256.0,1.0,12.03,10.45,106.28,0.99,0.0,0.0,0.0,104.0
2026-09-15T22:23:28.640994085Z,1560.0,237.372,111.0,8.0,1808.0,2048.0,128.0,256.0,1.0,20.09,10.59,98.44,0.66,0.0,0.0,0.0,104.0
2026-09-15T22:23:28.772220442Z,1561.0,237.504,111.0,8.0,1808.0,2048.0,128.0,256.0,1.0,25.7,7.88,95.76,1.37,0.0,0.0,0.0,105.0
2026-09-15T22:23:28.902903149Z,1562.0,237.634,112.0,8.0,1808.0,2048.0,128.0,256.0,1.0,21.68,11.17,96.31,0.82,0.0,0.0,0.0,105.0
2026-09-15T22:23:29.033851796Z,1563.0,237.765,112.0,7.0,1808.0,2048.0,128.0,256.0,1.0,9.74,9.27,109.93,1.64,0.0,0.0,0.0,105.0
2026-09-15T22:23:29.164018113Z,1564.0,237.895,112.0,7.0,1808.0,2048.0,128.0,256.0,1.0,10.94,10.18,107.46,1.34,0.0,0.0,0.0,105.0
2026-09-15T22:23:29.295188010Z,1565.0,238.027,112.0,7.0,1808.0,2048.0,128.0,256.0,1.0,8.87,8.76,110.54,0.9,0.0,0.0,0.0,105.0
2026-09-15T22:23:29.459115076Z,1566.0,238.191,112.0,8.0,1808.0,2048.0,128.0,256.0,1.0,19.68,7.25,102.67,0.28,0.0,0.0,0.0,106.0
2026-09-15T22:23:29.588507313Z,1567.0,238.32,113.0,8.0,2048.0,2048.0,128.0,256.0,0.0,142.98,12.87,7.03,1.23,0.0,0.0,0.0,104.0
2026-09-15T22:23:29.719139790Z,1568.0,238.451,112.0,8.0,2048.0,2048.0,128.0,256.0,0.0,9.48,8.57,109.07,1.44,0.0,0.0,0.0,104.0
2026-09-15T22:23:29.850696078Z,1569.0,238.582,112.0,9.0,2048.0,2048.0,128.0,256.0,0.0,26.03,8.57,94.01,0.45,0.0,0.0,0.0,105.0
2026-09-15T22:23:29.982716824Z,1570.0,238.714,113.0,8.0,2048.0,2048.0,128.0,256.0,0.0,14.88,12.18,103.03,1.7,0.0,0.0,0.0,104.0
2026-09-15T22:23:30.112664101Z,1571.0,238.844,112.0,9.0,2048.0,2048.0,128.0,256.0,0.0,23.95,14.88,90.78,1.19,0.0,0.0,0.0,103.0
2026-09-15T22:23:30.243327718Z,1572.0,238.975,111.0,8.0,2048.0,2048.0,128.0,256.0,0.0,11.27,8.15,108.61,1.24,0.0,0.0,0.0,103.0
2026-09-15T22:23:30.374689495Z,1573.0,239.106,111.0,8.0,1936.0,2048.0,128.0,256.0,0.0,13.64,11.89,103.08,0.46,0.0,0.0,0.0,103.0
2026-09-15T22:23:30.505692363Z,1574.0,239.237,110.0,8.0,1808.0,2048.0,128.0,256.0,1.0,21.73,9.06,99.32,0.75,0.0,0.0,0.0,104.0
2026-09-15T22:23:30.636361960Z,1575.0,239.368,111.0,7.0,1808.0,2048.0,128.0,256.0,1.0,14.82,13.6,101.12,2.05,0.0,0.0,0.0,103.0
2026-09-15T22:23:30.767013857Z,1576.0,239.498,110.0,8.0,1808.0,2048.0,128.0,256.0,1.0,22.26,8.33,97.33,0.94,0.0,0.0,0.0,104.0
2026-09-15T22:23:30.897656663Z,1577.0,239.629,111.0,8.0,1808.0,2048.0,128.0,256.0,1.0,20.39,17.07,91.53,0.41,0.0,0.0,0.0,105.0
2026-09-15T22:23:31.028764531Z,1578.0,239.76,112.0,7.0,1808.0,2048.0,128.0,256.0,1.0,8.93,7.99,112.77,0.97,0.0,0.0,0.0,105.0
2026-09-15T22:23:31.159948388Z,1579.0,239.891,112.0,8.0,1808.0,2048.0,128.0,256.0,1.0,20.12,7.72,101.62,0.78,0.0,0.0,0.0,106.0
2026-09-15T22:23:31.290063705Z,1580.0,240.021,113.0,7.0,1808.0,2048.0,128.0,256.0,1.0,12.56,10.12,106.95,1.0,0.0,0.0,0.0,105.0
2026-09-15T22:23:31.421248872Z,1581.0,240.153,112.0,7.0,1689.0,2048.0,128.0,256.0,1.0,14.09,11.15,103.22,1.06,0.0,0.0,0.0,105.0
2026-09-15T22:23:31.551920009Z,1582.0,240.283,111.0,6.0,1568.0,2048.0,128.0,256.0,1.0,7.82,8.31,113.3,1.08,0.0,0.0,0.0,105.0
2026-09-15T22:23:31.718350775Z,1583.0,240.45,111.0,6.0,1568.0,2048.0,128.0,256.0,1.0,7.82,11.17,107.89,0.31,0.0,0.0,0.0,105.0
2026-09-15T22:23:31.845057572Z,1584.0,240.576,111.0,7.0,1568.0,2048.0,128.0,256.0,1.0,147.46,11.06,6.99,0.71,0.0,0.0,0.0,105.0
2026-09-15T22:23:31.976383079Z,1585.0,240.708,111.0,6.0,1568.0,2048.0,128.0,256.0,1.0,9.44,8.15,107.8,1.56,0.0,0.0,0.0,105.0
2026-09-15T22:23:32.106922616Z,1586.0,240.838,111.0,6.0,1568.0,2048.0,128.0,256.0,1.0,7.99,8.6,112.56,1.39,0.0,0.0,0.0,105.0
2026-09-15T22:23:32.238066323Z,1587.0,240.969,111.0,8.0,1808.0,2048.0,128.0,256.0,1.0,41.53,15.53,71.44,0.42,0.0,0.0,0.0,104.0
2026-09-15T22:23:32.368563220Z,1588.0,241.1,111.0,8.0,1808.0,2048.0,128.0,256.0,1.0,27.91,11.06,91.03,0.47,0.0,0.0,0.0,104.0
2026-09-15T22:23:32.499321417Z,1589.0,241.231,111.0,7.0,1808.0,2048.0,128.0,256.0,1.0,12.84,12.85,103.6,1.38,0.0,0.0,0.0,103.0
2026-09-15T22:23:32.629908254Z,1590.0,241.361,110.0,8.0,1808.0,2048.0,128.0,256.0,1.0,35.66,15.29,77.7,1.26,0.0,0.0,0.0,103.0
2026-09-15T22:23:32.791179460Z,1591.0,241.523,110.0,8.0,1808.0,2048.0,128.0,256.0,1.0,24.81,14.41,89.34,0.27,0.0,0.0,0.0,103.0
2026-09-15T22:23:32.918714728Z,1592.0,241.65,110.0,8.0,2048.0,2048.0,128.0,256.0,0.0,142.98,10.72,6.68,0.89,0.0,0.0,0.0,102.0
2026-09-15T22:23:33.049713655Z,1593.0,241.781,110.0,9.0,2048.0,2048.0,128.0,256.0,0.0,20.33,8.27,97.36,1.64,0.0,0.0,0.0,103.0
2026-09-15T22:23:33.180732102Z,1594.0,241.912,111.0,8.0,2048.0,2048.0,128.0,256.0,0.0,8.43,14.31,105.92,0.83,0.0,0.0,0.0,103.0
2026-09-15T22:23:33.311501919Z,1595.0,242.043,111.0,8.0,2048.0,2048.0,128.0,256.0,0.0,8.67,7.92,112.91,0.98,0.0,0.0,0.0,103.0
2026-09-15T22:23:33.442794026Z,1596.0,242.174,111.0,8.0,2048.0,2048.0,128.0,256.0,0.0,13.08,11.25,104.66,1.76,0.0,0.0,0.0,102.0
2026-09-15T22:23:33.573761653Z,1597.0,242.305,110.0,9.0,2048.0,2048.0,128.0,256.0,0.0,29.88,8.65,90.26,0.41,0.0,0.0,0.0,103.0
2026-09-15T22:23:33.704646960Z,1598.0,242.436,111.0,8.0,2048.0,2048.0,128.0,256.0,0.0,12.91,16.42,100.47,0.72,0.0,0.0,0.0,101.0
2026-09-15T22:23:33.835660397Z,1599.0,242.567,109.0,8.0,2048.0,2048.0,128.0,256.0,0.0,16.48,15.73,97.31,1.54,0.0,0.0,0.0,100.0
2026-09-15T22:23:33.966937454Z,1600.0,242.698,108.0,8.0,2048.0,2048.0,128.0,256.0,0.0,9.26,16.11,103.36,1.32,0.0,0.0,0.0,100.0
2026-09-15T22:23:34.098178341Z,1601.0,242.83,108.0,8.0,2048.0,2048.0,128.0,256.0,0.0,9.16,7.35,112.83,0.75,0.0,0.0,0.0,100.0
2026-09-15T22:23:34.229408098Z,1602.0,242.961,108.0,9.0,2048.0,2048.0,128.0,256.0,0.0,19.78,9.11,100.94,1.06,0.0,0.0,0.0,101.0
2026-09-15T22:23:34.360310325Z,1603.0,243.092,109.0,10.0,2048.0,2048.0,128.0,256.0,0.0,27.6,13.97,87.82,1.68,0.0,0.0,0.0,101.0
2026-09-15T22:23:34.491091192Z,1604.0,243.222,109.0,8.0,2048.0,2048.0,128.0,256.0,0.0,8.76,7.64,112.29,0.6,0.0,0.0,0.0,101.0
2026-09-15T22:23:34.621747129Z,1605.0,243.353,109.0,9.0,2048.0,2048.0,128.0,256.0,0.0,20.35,13.73,95.29,0.98,0.0,0.0,0.0,102.0
2026-09-15T22:23:34.752421086Z,1606.0,243.484,110.0,8.0,2048.0,2048.0,128.0,256.0,0.0,13.37,8.96,106.72,1.57,0.0,0.0,0.0,102.0
2026-09-15T22:23:34.883326923Z,1607.0,243.615,110.0,9.0,2048.0,2048.0,128.0,256.0,0.0,24.19,9.27,95.04,1.16,0.0,0.0,0.0,103.0
2026-09-15T22:23:35.014486700Z,1608.0,243.746,111.0,8.0,2048.0,2048.0,128.0,256.0,0.0,7.61,8.75,112.75,0.6,0.0,0.0,0.0,103.0
2026-09-15T22:23:35.145572297Z,1609.0,243.877,111.0,8.0,2048.0,2048.0,128.0,256.0,0.0,7.78,8.01,114.19,0.83,0.0,0.0,0.0,103.0
2026-09-15T22:23:35.276151444Z,1610.0,244.008,111.0,8.0,2048.0,2048.0,128.0,256.0,0.0,15.1,11.58,102.82,0.85,0.0,0.0,0.0,102.0
2026-09-15T22:23:35.407016111Z,1611.0,244.139,110.0,9.0,2048.0,2048.0,128.0,256.0,0.0,26.22,12.37,90.34,1.68,0.0,0.0,0.0,102.0
2026-09-15T22:23:35.556862758Z,1612.0,244.288,110.0,8.0,2048.0,2048.0,128.0,256.0,0.0,8.79,7.91,112.05,0.36,0.0,0.0,0.0,102.0
2026-09-15T22:23:35.683453665Z,1613.0,244.415,110.0,8.0,2048.0,2048.0,128.0,256.0,0.0,133.24,7.87,7.65,0.41,0.0,0.0,0.0,102.0
2026-09-15T22:23:35.814798762Z,1614.0,244.546,110.0,8.0,2048.0,2048.0,128.0,256.0,0.0,12.67,11.37,101.24,0.95,0.0,0.0,0.0,101.0
2026-09-15T22:23:35.945670799Z,1615.0,244.677,109.0,8.0,2048.0,2048.0,128.0,256.0,0.0,8.05,9.42,112.35,1.28,0.0,0.0,0.0,101.0
2026-09-15T22:23:36.076668466Z,1616.0,244.808,109.0,9.0,2048.0,2048.0,128.0,256.0,0.0,22.86,11.28,94.74,1.68,0.0,0.0,0.0,101.0
2026-09-15T22:23:36.207463313Z,1617.0,244.939,109.0,9.0,2048.0,2048.0,128.0,256.0,0.0,26.46,8.98,93.08,0.59,0.0,0.0,0.0,102.0
2026-09-15T22:23:36.338560260Z,1618.0,245.07,110.0,9.0,2048.0,2048.0,128.0,256.0,0.0,19.76,8.82,100.86,0.98,0.0,0.0,0.0,103.0
2026-09-15T22:23:36.469612177Z,1619.0,245.201,111.0,9.0,2039.0,2048.0,128.0,256.0,0.0,27.55,11.02,90.84,1.6,0.0,0.0,0.0,104.0
2026-09-15T22:23:36.600287704Z,1620.0,245.332,111.0,7.0,1808.0,2048.0,128.0,256.0,1.0,8.19,8.13,112.55,0.34,0.0,0.0,0.0,104.0
2026-09-15T22:23:36.730674541Z,1621.0,245.462,111.0,8.0,1808.0,2048.0,128.0,256.0,1.0,24.7,11.95,92.31,0.49,0.0,0.0,0.0,104.0
2026-09-15T22:23:36.861428618Z,1622.0,245.593,111.0,7.0,1808.0,2048.0,128.0,256.0,1.0,18.65,11.72,98.99,1.37,0.0,0.0,0.0,103.0
2026-09-15T22:23:36.993617155Z,1623.0,245.725,110.0,7.0,1808.0,2048.0,128.0,256.0,1.0,10.09,11.98,106.43,0.36,0.0,0.0,0.0,103.0
2026-09-15T22:23:37.122834652Z,1624.0,245.854,110.0,7.0,1808.0,2048.0,128.0,256.0,1.0,12.47,17.1,100.05,0.44,0.0,0.0,0.0,101.0
2026-09-15T22:23:37.253212279Z,1625.0,245.985,108.0,8.0,1808.0,2048.0,128.0,256.0,1.0,25.24,9.96,92.77,0.88,0.0,0.0,0.0,101.0
2026-09-15T22:23:37.384421696Z,1626.0,246.116,108.0,8.0,1808.0,2048.0,128.0,256.0,1.0,22.21,12.09,90.59,1.33,0.0,0.0,0.0,102.0
2026-09-15T22:23:37.550987442Z,1627.0,246.282,109.0,7.0,1808.0,2048.0,128.0,256.0,1.0,8.79,10.01,108.25,0.31,0.0,0.0,0.0,102.0
2026-09-15T22:23:37.677396279Z,1628.0,246.409,109.0,8.0,2048.0,2048.0,128.0,256.0,0.0,146.7,11.25,7.75,0.37,0.0,0.0,0.0,101.0
2026-09-15T22:23:37.808296477Z,1629.0,246.54,109.0,9.0,2048.0,2048.0,128.0,256.0,0.0,24.38,12.11,88.79,0.91,0.0,0.0,0.0,101.0
2026-09-15T22:23:37.938553774Z,1630.0,246.67,109.0,9.0,2048.0,2048.0,128.0,256.0,0.0,24.53,11.35,93.42,0.74,0.0,0.0,0.0,101.0
2026-09-15T22:23:38.069729400Z,1631.0,246.801,109.0,8.0,2048.0,2048.0,128.0,256.0,0.0,11.27,8.54,108.98,0.72,0.0,0.0,0.0,101.0
2026-09-15T22:23:38.200717608Z,1632.0,246.932,109.0,8.0,2048.0,2048.0,128.0,256.0,0.0,9.87,7.35,112.74,1.24,0.0,0.0,0.0,101.0
2026-09-15T22:23:38.331338134Z,1633.0,247.063,109.0,8.0,2048.0,2048.0,128.0,256.0,0.0,8.53,8.72,111.71,1.03,0.0,0.0,0.0,101.0
2026-09-15T22:23:38.463085122Z,1634.0,247.194,109.0,9.0,2048.0,2048.0,128.0,256.0,0.0,27.95,11.69,89.19,0.35,0.0,0.0,0.0,101.0
2026-09-15T22:23:38.593583799Z,1635.0,247.325,109.0,8.0,2048.0,2048.0,128.0,256.0,0.0,8.55,10.47,111.1,1.34,0.0,0.0,0.0,100.0
2026-09-15T22:23:38.724376445Z,1636.0,247.456,108.0,9.0,2048.0,2048.0,128.0,256.0,0.0,31.96,8.09,88.96,1.12,0.0,0.0,0.0,101.0
2026-09-15T22:23:38.855576693Z,1637.0,247.587,109.0,8.0,2048.0,2048.0,128.0,256.0,0.0,8.81,7.62,112.69,1.82,0.0,0.0,0.0,101.0
2026-09-15T22:23:38.986533350Z,1638.0,247.718,109.0,9.0,2048.0,2048.0,128.0,256.0,0.0,22.94,9.6,96.17,0.64,0.0,0.0,0.0,102.0
2026-09-15T22:23:39.117555637Z,1639.0,247.849,110.0,8.0,2048.0,2048.0,128.0,256.0,0.0,8.69,8.49,112.48,0.89,0.0,0.0,0.0,102.0
2026-09-15T22:23:39.248665564Z,1640.0,247.98,110.0,9.0,2048.0,2048.0,128.0,256.0,0.0,20.32,8.3,100.8,1.98,0.0,0.0,0.0,103.0
2026-09-15T22:23:39.379896811Z,1641.0,248.111,111.0,9.0,2048.0,2048.0,128.0,256.0,0.0,21.33,8.64,98.48,0.86,0.0,0.0,0.0,104.0
2026-09-15T22:23:39.511084398Z,1642.0,248.242,112.0,8.0,1845.0,2048.0,128.0,256.0,0.0,7.68,7.78,114.22,1.06,0.0,0.0,0.0,105.0
2026-09-15T22:23:39.642013015Z,1643.0,248.373,112.0,7.0,1808.0,2048.0,128.0,256.0,1.0,9.83,7.54,112.23,1.21,0.0,0.0,0.0,105.0
2026-09-15T22:23:39.772399882Z,1644.0,248.504,112.0,8.0,1808.0,2048.0,128.0,256.0,1.0,27.75,10.69,90.56,0.47,0.0,0.0,0.0,105.0
2026-09-15T22:23:39.902951009Z,1645.0,248.634,112.0,8.0,1808.0,2048.0,128.0,256.0,1.0,25.39,10.8,92.88,0.57,0.0,0.0,0.0,105.0
2026-09-15T22:23:40.034951496Z,1646.0,248.766,112.0,7.0,1808.0,2048.0,128.0,256.0,1.0,8.71,7.64,113.02,1.04,0.0,0.0,0.0,105.0
2026-09-15T22:23:40.180761483Z,1647.0,248.912,112.0,7.0,1808.0,2048.0,128.0,256.0,1.0,9.03,7.89,113.3,0.33,0.0,0.0,0.0,105.0
2026-09-15T22:23:40.308142760Z,1648.0,249.039,112.0,7.0,1808.0,2048.0,128.0,256.0,1.0,127.97,8.83,7.54,0.45,0.0,0.0,0.0,105.0
2026-09-15T22:23:40.438910937Z,1649.0,249.17,112.0,7.0,1808.0,2048.0,128.0,256.0,1.0,13.73,13.43,98.89,0.74,0.0,0.0,0.0,103.0
2026-09-15T22:23:40.569564294Z,1650.0,249.301,110.0,7.0,1808.0,2048.0,128.0,256.0,1.0,17.96,10.61,101.11,1.69,0.0,0.0,0.0,102.0
2026-09-15T22:23:40.700431791Z,1651.0,249.432,109.0,8.0,1808.0,2048.0,128.0,256.0,1.0,21.79,8.34,98.28,1.33,0.0,0.0,0.0,103.0
2026-09-15T22:23:40.831604868Z,1652.0,249.563,110.0,8.0,1808.0,2048.0,128.0,256.0,1.0,27.53,18.58,82.69,0.8,0.0,0.0,0.0,104.0
2026-09-15T22:23:40.962719695Z,1653.0,249.694,111.0,7.0,1808.0,2048.0,128.0,256.0,1.0,8.73,9.12,111.73,1.37,0.0,0.0,0.0,104.0
2026-09-15T22:23:41.093588482Z,1654.0,249.825,111.0,8.0,1808.0,2048.0,128.0,256.0,1.0,18.53,8.64,101.93,0.66,0.0,0.0,0.0,105.0
2026-09-15T22:23:41.224550409Z,1655.0,249.956,112.0,8.0,1808.0,2048.0,128.0,256.0,1.0,21.34,8.57,99.63,0.49,0.0,0.0,0.0,106.0
2026-09-15T22:23:41.356313576Z,1656.0,250.088,113.0,7.0,1808.0,2048.0,128.0,256.0,1.0,8.28,8.89,112.68,1.94,0.0,0.0,0.0,106.0
2026-09-15T22:23:41.487291163Z,1657.0,250.219,113.0,8.0,1808.0,2048.0,128.0,256.0,1.0,21.68,9.07,98.3,0.48,0.0,0.0,0.0,107.0
2026-09-15T22:23:41.618517060Z,1658.0,250.35,114.0,7.0,1808.0,2048.0,128.0,256.0,1.0,7.6,8.03,114.07,0.71,0.0,0.0,0.0,107.0
2026-09-15T22:23:41.750179577Z,1659.0,250.481,114.0,8.0,2048.0,2048.0,128.0,256.0,0.0,21.17,11.89,96.75,1.04,0.0,0.0,0.0,106.0
2026-09-15T22:23:41.880848334Z,1660.0,250.612,114.0,8.0,1827.0,2048.0,128.0,256.0,0.0,13.1,8.12,108.54,1.27,0.0,0.0,0.0,107.0
2026-09-15T22:23:42.011816441Z,1661.0,250.743,114.0,8.0,1808.0,2048.0,128.0,256.0,1.0,32.04,11.67,85.23,0.94,0.0,0.0,0.0,107.0
2026-09-15T22:23:42.142162308Z,1662.0,250.874,114.0,7.0,1808.0,2048.0,128.0,256.0,1.0,8.51,7.89,112.94,0.37,0.0,0.0,0.0,107.0
2026-09-15T22:23:42.273275085Z,1663.0,251.005,114.0,8.0,2048.0,2048.0,128.0,256.0,0.0,26.44,16.85,85.93,0.32,0.0,0.0,0.0,106.0
2026-09-15T22:23:42.404412712Z,1664.0,251.136,114.0,8.0,2048.0,2048.0,128.0,256.0,0.0,17.11,14.88,98.03,0.8,0.0,0.0,0.0,104.0
2026-09-15T22:23:42.535791039Z,1665.0,251.267,112.0,8.0,2048.0,2048.0,128.0,256.0,0.0,15.8,13.56,100.21,1.31,0.0,0.0,0.0,102.0
2026-09-15T22:23:42.667072346Z,1666.0,251.398,110.0,9.0,2048.0,2048.0,128.0,256.0,0.0,19.77,9.55,99.82,0.57,0.0,0.0,0.0,103.0
2026-09-15T22:23:42.839947322Z,1667.0,251.571,111.0,10.0,2048.0,2048.0,128.0,256.0,0.0,23.17,9.13,96.67,0.3,0.0,0.0,0.0,105.0
2026-09-15T22:23:42.963533459Z,1668.0,251.695,113.0,8.0,2048.0,2048.0,128.0,256.0,0.0,147.96,17.29,7.61,0.34,0.0,0.0,0.0,104.0
2026-09-15T22:23:43.094521246Z,1669.0,251.826,112.0,8.0,2048.0,2048.0,128.0,256.0,0.0,13.98,10.28,98.32,0.36,0.0,0.0,0.0,103.0
2026-09-15T22:23:43.226145643Z,1670.0,251.957,111.0,8.0,2048.0,2048.0,128.0,256.0,0.0,14.0,11.02,104.97,0.98,0.0,0.0,0.0,102.0
2026-09-15T22:23:43.357227850Z,1671.0,252.089,110.0,10.0,2048.0,2048.0,128.0,256.0,0.0,25.31,9.01,95.58,1.37,0.0,0.0,0.0,104.0
2026-09-15T22:23:43.488485817Z,1672.0,252.22,112.0,9.0,2048.0,2048.0,128.0,256.0,0.0,25.06,9.41,94.55,1.47,0.0,0.0,0.0,105.0
2026-09-15T22:23:43.619224024Z,1673.0,252.351,113.0,8.0,2048.0,2048.0,128.0,256.0,0.0,7.96,7.81,113.34,0.85,0.0,0.0,0.0,105.0
2026-09-15T22:23:43.749936731Z,1674.0,252.481,113.0,8.0,2048.0,2048.0,128.0,256.0,0.0,8.74,8.5,111.96,0.38,0.0,0.0,0.0,105.0
2026-09-15T22:23:43.881379368Z,1675.0,252.613,113.0,8.0,2048.0,2048.0,128.0,256.0,0.0,12.66,12.4,104.62,1.99,0.0,0.0,0.0,104.0
2026-09-15T22:23:44.012117965Z,1676.0,252.744,112.0,9.0,2048.0,2048.0,128.0,256.0,0.0,23.83,8.62,96.28,1.14,0.0,0.0,0.0,105.0
2026-09-15T22:23:44.142973522Z,1677.0,252.874,113.0,8.0,2048.0,2048.0,128.0,256.0,0.0,7.52,8.12,113.41,1.16,0.0,0.0,0.0,105.0
2026-09-15T22:23:44.274466299Z,1678.0,253.006,113.0,9.0,2048.0,2048.0,128.0,256.0,0.0,20.81,8.1,100.18,1.16,0.0,0.0,0.0,106.0
2026-09-15T22:23:44.407495376Z,1679.0,253.139,114.0,9.0,2048.0,2048.0,128.0,256.0,0.0,18.99,8.27,102.3,3.6,0.0,0.0,0.0,107.0
2026-09-15T22:23:44.536362713Z,1680.0,253.268,115.0,9.0,2048.0,2048.0,128.0,256.0,0.0,24.85,12.55,91.45,1.42,0.0,0.0,0.0,107.0
2026-09-15T22:23:44.667499910Z,1681.0,253.399,115.0,8.0,2048.0,2048.0,128.0,256.0,0.0,9.86,8.99,107.8,0.89,0.0,0.0,0.0,107.0
2026-09-15T22:23:44.799524827Z,1682.0,253.531,115.0,8.0,2048.0,2048.0,128.0,256.0,0.0,13.64,17.13,98.53,1.09,0.0,0.0,0.0,106.0
2026-09-15T22:23:44.953910674Z,1683.0,253.685,114.0,8.0,1838.0,2048.0,128.0,256.0,0.0,16.78,13.85,99.73,0.32,0.0,0.0,0.0,106.0
2026-09-15T22:23:45.080701091Z,1684.0,253.812,113.0,7.0,1808.0,2048.0,128.0,256.0,1.0,134.87,11.26,7.33,0.38,0.0,0.0,0.0,105.0
2026-09-15T22:23:45.211856678Z,1685.0,253.943,112.0,7.0,1731.0,2048.0,128.0,256.0,1.0,13.99,7.93,103.65,0.47,0.0,0.0,0.0,106.0
2026-09-15T22:23:45.342725815Z,1686.0,254.074,112.0,6.0,1568.0,2048.0,128.0,256.0,1.0,10.9,7.95,111.47,0.8,0.0,0.0,0.0,106.0
2026-09-15T22:23:45.473929982Z,1687.0,254.205,112.0,7.0,1808.0,2048.0,128.0,256.0,1.0,32.32,13.44,83.45,0.48,0.0,0.0,0.0,104.0
2026-09-15T22:23:45.605040779Z,1688.0,254.336,111.0,7.0,1808.0,2048.0,128.0,256.0,1.0,8.8,9.3,111.84,0.97,0.0,0.0,0.0,104.0
2026-09-15T22:23:45.736705166Z,1689.0,254.468,111.0,7.0,1808.0,2048.0,128.0,256.0,1.0,7.98,8.8,112.57,2.04,0.0,0.0,0.0,104.0
2026-09-15T22:23:45.867635323Z,1690.0,254.599,111.0,8.0,1808.0,2048.0,128.0,256.0,1.0,22.94,11.28,94.75,0.86,0.0,0.0,0.0,104.0
2026-09-15T22:23:45.998291220Z,1691.0,254.73,111.0,7.0,1808.0,2048.0,128.0,256.0,1.0,11.28,7.92,110.2,0.9,0.0,0.0,0.0,104.0
2026-09-15T22:23:46.129256747Z,1692.0,254.861,111.0,8.0,1808.0,2048.0,128.0,256.0,1.0,26.67,11.24,91.1,0.8,0.0,0.0,0.0,104.0
2026-09-15T22:23:46.260473014Z,1693.0,254.992,111.0,9.0,1808.0,2048.0,128.0,256.0,1.0,22.59,8.53,98.34,1.69,0.0,0.0,0.0,106.0
2026-09-15T22:23:46.390932851Z,1694.0,255.122,113.0,8.0,1808.0,2048.0,128.0,256.0,1.0,21.66,14.99,92.21,1.42,0.0,0.0,0.0,107.0
2026-09-15T22:23:46.521687838Z,1695.0,255.253,114.0,8.0,1808.0,2048.0,128.0,256.0,1.0,21.12,8.39,99.06,1.21,0.0,0.0,0.0,108.0
2026-09-15T22:23:46.652884325Z,1696.0,255.384,115.0,8.0,2048.0,2048.0,128.0,256.0,0.0,27.55,10.38,91.07,2.03,0.0,0.0,0.0,107.0
2026-09-15T22:23:46.783819102Z,1697.0,255.515,115.0,8.0,2048.0,2048.0,128.0,256.0,0.0,9.38,8.38,110.75,0.54,0.0,0.0,0.0,107.0
2026-09-15T22:23:46.914812889Z,1698.0,255.646,115.0,8.0,2048.0,2048.0,128.0,256.0,0.0,7.31,8.21,114.09,0.77,0.0,0.0,0.0,107.0
2026-09-15T22:23:47.046060896Z,1699.0,255.777,115.0,8.0,2048.0,2048.0,128.0,256.0,0.0,8.02,8.06,113.62,1.58,0.0,0.0,0.0,107.0
2026-09-15T22:23:47.176937804Z,1700.0,255.908,115.0,8.0,2048.0,2048.0,128.0,256.0,0.0,14.67,9.27,104.93,1.18,0.0,0.0,0.0,107.0
2026-09-15T22:23:47.308555180Z,1701.0,256.04,115.0,8.0,2048.0,2048.0,128.0,256.0,0.0,12.69,12.04,104.39,0.76,0.0,0.0,0.0,106.0
2026-09-15T22:23:47.439884178Z,1702.0,256.171,114.0,8.0,2048.0,2048.0,128.0,256.0,0.0,8.05,8.39,113.61,1.18,0.0,0.0,0.0,106.0
2026-09-15T22:23:47.602774984Z,1703.0,256.334,114.0,8.0,2048.0,2048.0,128.0,256.0,0.0,8.29,7.86,113.3,0.41,0.0,0.0,0.0,106.0
2026-09-15T22:23:47.729330971Z,1704.0,256.461,114.0,9.0,2048.0,2048.0,128.0,256.0,0.0,143.81,10.09,7.91,0.5,0.0,0.0,0.0,107.0
2026-09-15T22:23:47.861051118Z,1705.0,256.592,115.0,8.0,2048.0,2048.0,128.0,256.0,0.0,9.08,12.18,104.0,1.75,0.0,0.0,0.0,106.0
2026-09-15T22:23:47.992093785Z,1706.0,256.723,114.0,8.0,2048.0,2048.0,128.0,256.0,0.0,17.0,11.45,100.77,0.69,0.0,0.0,0.0,105.0
2026-09-15T22:23:48.124082722Z,1707.0,256.855,113.0,9.0,2048.0,2048.0,128.0,256.0,0.0,31.78,11.1,86.77,1.11,0.0,0.0,0.0,105.0
2026-09-15T22:23:48.254150549Z,1708.0,256.985,113.0,10.0,2014.0,2048.0,128.0,256.0,0.0,31.85,11.61,86.21,0.52,0.0,0.0,0.0,108.0
2026-09-15T22:23:48.385221736Z,1709.0,257.117,115.0,10.0,2048.0,2048.0,128.0,256.0,0.0,31.06,12.28,85.44,1.27,0.0,0.0,0.0,109.0
2026-09-15T22:23:48.516097703Z,1710.0,257.247,117.0,8.0,2048.0,2048.0,128.0,256.0,0.0,8.88,8.57,111.72,0.37,0.0,0.0,0.0,109.0
2026-09-15T22:23:48.647182090Z,1711.0,257.379,117.0,8.0,2048.0,2048.0,128.0,256.0,0.0,14.82,10.8,103.96,0.38,0.0,0.0,0.0,108.0
2026-09-15T22:23:48.778976897Z,1712.0,257.51,116.0,8.0,2048.0,2048.0,128.0,256.0,0.0,8.32,8.88,112.82,0.9,0.0,0.0,0.0,108.0
2026-09-15T22:23:48.909943784Z,1713.0,257.641,116.0,9.0,2048.0,2048.0,128.0,256.0,0.0,20.8,8.56,100.83,1.47,0.0,0.0,0.0,109.0
2026-09-15T22:23:49.041315111Z,1714.0,257.773,117.0,8.0,2048.0,2048.0,128.0,256.0,0.0,9.17,7.96,111.63,0.99,0.0,0.0,0.0,109.0
2026-09-15T22:23:49.172469788Z,1715.0,257.904,117.0,8.0,2048.0,2048.0,128.0,256.0,0.0,9.52,9.55,110.6,0.5,0.0,0.0,0.0,109.0
2026-09-15T22:23:49.303517075Z,1716.0,258.035,117.0,8.0,2048.0,2048.0,128.0,256.0,0.0,10.4,8.21,111.19,0.64,0.0,0.0,0.0,109.0
2026-09-15T22:23:49.435530512Z,1717.0,258.167,117.0,8.0,2048.0,2048.0,128.0,256.0,0.0,9.66,8.76,111.35,2.52,0.0,0.0,0.0,109.0
2026-09-15T22:23:49.565962749Z,1718.0,258.297,117.0,8.0,2048.0,2048.0,128.0,256.0,0.0,7.42,8.78,112.66,0.38,0.0,0.0,0.0,109.0
2026-09-15T22:23:49.697544586Z,1719.0,258.429,117.0,8.0,2048.0,2048.0,128.0,256.0,0.0,8.14,8.1,113.39,0.79,0.0,0.0,0.0,109.0
2026-09-15T22:23:49.828713393Z,1720.0,258.56,117.0,9.0,2048.0,2048.0,128.0,256.0,0.0,20.3,8.19,101.55,0.96,0.0,0.0,0.0,110.0
2026-09-15T22:23:49.959466430Z,1721.0,258.691,118.0,9.0,1984.0,2048.0,128.0,256.0,0.0,25.33,9.4,94.83,0.74,0.0,0.0,0.0,112.0
2026-09-15T22:23:50.090961057Z,1722.0,258.822,119.0,8.0,1808.0,2048.0,128.0,256.0,1.0,21.25,8.46,99.61,0.53,0.0,0.0,0.0,113.0
2026-09-15T22:23:50.223664334Z,1723.0,258.955,120.0,8.0,1808.0,2048.0,128.0,256.0,1.0,19.71,8.68,101.89,0.49,0.0,0.0,0.0,114.0
2026-09-15T22:23:50.352863681Z,1724.0,259.084,121.0,8.0,1808.0,2048.0,128.0,256.0,1.0,24.09,13.77,92.02,1.38,0.0,0.0,0.0,114.0
2026-09-15T22:23:50.483443838Z,1725.0,259.215,121.0,7.0,1808.0,2048.0,128.0,256.0,1.0,14.13,9.34,103.66,0.45,0.0,0.0,0.0,114.0
2026-09-15T22:23:50.615366975Z,1726.0,259.347,121.0,7.0,1808.0,2048.0,128.0,256.0,1.0,12.41,11.42,105.58,1.35,0.0,0.0,0.0,113.0
2026-09-15T22:23:50.745778712Z,1727.0,259.477,120.0,7.0,1808.0,2048.0,128.0,256.0,1.0,8.57,8.35,113.01,0.7,0.0,0.0,0.0,113.0
2026-09-15T22:23:50.876983849Z,1728.0,259.608,120.0,7.0,1638.0,2048.0,128.0,256.0,1.0,9.3,8.33,111.49,1.39,0.0,0.0,0.0,114.0
2026-09-15T22:23:51.008333766Z,1729.0,259.74,120.0,6.0,1568.0,2048.0,128.0,256.0,1.0,10.87,9.62,108.5,0.72,0.0,0.0,0.0,114.0
2026-09-15T22:23:51.138577133Z,1730.0,259.87,120.0,6.0,1568.0,2048.0,128.0,256.0,1.0,8.77,9.12,112.07,0.78,0.0,0.0,0.0,114.0
2026-09-15T22:23:51.269808910Z,1731.0,260.001,120.0,6.0,1568.0,2048.0,128.0,256.0,1.0,8.37,8.43,111.95,1.02,0.0,0.0,0.0,114.0
2026-09-15T22:23:51.401009228Z,1732.0,260.132,120.0,6.0,1568.0,2048.0,128.0,256.0,1.0,8.15,8.77,112.66,1.37,0.0,0.0,0.0,114.0
2026-09-15T22:23:51.531850824Z,1733.0,260.263,120.0,6.0,1567.0,2048.0,128.0,256.0,1.0,25.29,11.0,92.77,0.46,0.0,0.0,0.0,113.0
2026-09-15T22:23:51.663614641Z,1734.0,260.395,119.0,6.0,1567.0,2048.0,128.0,256.0,1.0,8.87,8.14,112.78,1.09,0.0,0.0,0.0,113.0
2026-09-15T22:23:51.845236117Z,1735.0,260.577,119.0,6.0,1321.0,2048.0,128.0,256.0,1.0,8.37,8.47,112.91,0.31,0.0,0.0,0.0,115.0
2026-09-15T22:23:51.973017664Z,1736.0,260.704,119.0,7.0,1808.0,2048.0,128.0,256.0,1.0,162.75,11.21,6.73,0.44,0.0,0.0,0.0,114.0
2026-09-15T22:23:52.104282152Z,1737.0,260.836,121.0,8.0,1808.0,2048.0,128.0,256.0,1.0,22.5,9.53,94.54,0.82,0.0,0.0,0.0,115.0
2026-09-15T22:23:52.234993509Z,1738.0,260.966,122.0,7.0,1578.0,2048.0,128.0,256.0,1.0,8.46,8.76,112.47,0.95,0.0,0.0,0.0,116.0
2026-09-15T22:23:52.366024555Z,1739.0,261.097,122.0,6.0,1568.0,2048.0,128.0,256.0,1.0,8.26,7.78,113.01,1.66,0.0,0.0,0.0,116.0
2026-09-15T22:23:52.496354292Z,1740.0,261.228,122.0,6.0,1568.0,2048.0,128.0,256.0,1.0,13.74,11.57,103.47,0.63,0.0,0.0,0.0,115.0
2026-09-15T22:23:52.627485389Z,1741.0,261.359,121.0,7.0,1568.0,2048.0,128.0,256.0,1.0,26.36,8.72,93.9,0.76,0.0,0.0,0.0,116.0
2026-09-15T22:23:52.758609197Z,1742.0,261.49,122.0,7.0,1568.0,2048.0,128.0,256.0,1.0,22.29,11.4,96.05,0.51,0.0,0.0,0.0,116.0
2026-09-15T22:23:52.889931863Z,1743.0,261.621,122.0,6.0,1568.0,2048.0,128.0,256.0,1.0,12.73,11.64,105.23,1.83,0.0,0.0,0.0,115.0
2026-09-15T22:23:53.020288380Z,1744.0,261.752,121.0,6.0,1568.0,2048.0,128.0,256.0,1.0,10.99,9.35,108.77,0.86,0.0,0.0,0.0,115.0
2026-09-15T22:23:53.151469018Z,1745.0,261.883,121.0,6.0,1568.0,2048.0,128.0,256.0,1.0,9.54,8.33,111.01,0.86,0.0,0.0,0.0,115.0
2026-09-15T22:23:53.282605575Z,1746.0,262.014,121.0,6.0,1568.0,2048.0,128.0,256.0,1.0,8.46,8.12,113.08,1.33,0.0,0.0,0.0,115.0
2026-09-15T22:23:53.413361462Z,1747.0,262.145,121.0,6.0,1568.0,2048.0,128.0,256.0,1.0,8.08,7.73,113.28,1.56,0.0,0.0,0.0,115.0
2026-09-15T22:23:53.544505129Z,1748.0,262.276,121.0,6.0,1568.0,2048.0,128.0,256.0,1.0,9.75,7.78,111.16,1.14,0.0,0.0,0.0,115.0
2026-09-15T22:23:53.675293796Z,1749.0,262.407,121.0,6.0,1568.0,2048.0,128.0,256.0,1.0,14.32,10.43,104.56,1.42,0.0,0.0,0.0,114.0
2026-09-15T22:23:53.805908863Z,1750.0,262.537,120.0,7.0,1457.0,2048.0,128.0,256.0,1.0,21.25,7.98,99.62,0.75,0.0,0.0,0.0,116.0
2026-09-15T22:23:53.936705520Z,1751.0,262.668,121.0,5.0,1327.0,2048.0,128.0,256.0,1.0,8.11,8.45,112.57,1.09,0.0,0.0,0.0,116.0
2026-09-15T22:23:54.067728627Z,1752.0,262.799,121.0,5.0,1327.0,2048.0,128.0,256.0,1.0,11.26,8.7,109.07,0.74,0.0,0.0,0.0,116.0
2026-09-15T22:23:54.198516814Z,1753.0,262.93,121.0,5.0,1327.0,2048.0,128.0,256.0,1.0,7.95,9.14,112.54,0.53,0.0,0.0,0.0,116.0
2026-09-15T22:23:54.329020851Z,1754.0,263.061,121.0,5.0,1163.0,2048.0,128.0,256.0,1.0,8.61,8.43,112.43,1.28,0.0,0.0,0.0,117.0
2026-09-15T22:23:54.459640798Z,1755.0,263.191,121.0,4.0,1066.0,2048.0,128.0,256.0,1.0,9.56,12.45,106.75,0.46,0.0,0.0,0.0,117.0
2026-09-15T22:23:54.590616455Z,1756.0,263.322,120.0,4.0,1084.0,2048.0,128.0,256.0,1.0,33.83,11.73,83.68,0.81,0.0,0.0,0.0,116.0
2026-09-15T22:23:54.721648062Z,1757.0,263.453,120.0,4.0,999.0,2048.0,128.0,256.0,1.0,14.54,10.78,104.19,1.08,0.0,0.0,0.0,116.0
2026-09-15T22:23:54.851921589Z,1758.0,263.583,119.0,3.0,840.0,2048.0,128.0,256.0,1.0,10.93,18.46,99.96,1.48,0.0,0.0,0.0,115.0
2026-09-15T22:23:55.033965025Z,1759.0,263.765,118.0,3.0,840.0,2048.0,128.0,256.0,1.0,13.45,8.02,106.45,0.29,0.0,0.0,0.0,115.0
2026-09-15T22:23:55.162292582Z,1760.0,263.894,118.0,7.0,1808.0,2048.0,128.0,256.0,1.0,163.56,10.2,7.27,0.56,0.0,0.0,0.0,115.0
2026-09-15T22:23:55.293683389Z,1761.0,264.025,122.0,7.0,1808.0,2048.0,128.0,256.0,1.0,8.66,8.62,109.67,0.55,0.0,0.0,0.0,115.0
2026-09-15T22:23:55.424779906Z,1762.0,264.156,122.0,7.0,1808.0,2048.0,128.0,256.0,1.0,9.25,8.0,112.95,1.3,0.0,0.0,0.0,115.0
2026-09-15T22:23:55.556543993Z,1763.0,264.288,122.0,7.0,1663.0,2048.0,128.0,256.0,1.0,8.21,7.79,113.17,0.74,0.0,0.0,0.0,116.0
2026-09-15T22:23:55.687566160Z,1764.0,264.419,122.0,6.0,1568.0,2048.0,128.0,256.0,1.0,12.99,11.28,105.94,0.63,0.0,0.0,0.0,115.0
2026-09-15T22:23:55.818697867Z,1765.0,264.55,121.0,6.0,1568.0,2048.0,128.0,256.0,1.0,8.73,8.15,112.77,0.57,0.0,0.0,0.0,115.0
2026-09-15T22:23:55.949717914Z,1766.0,264.681,121.0,7.0,1568.0,2048.0,128.0,256.0,1.0,28.32,11.86,89.64,1.15,0.0,0.0,0.0,115.0
2026-09-15T22:23:56.081289471Z,1767.0,264.812,121.0,6.0,1568.0,2048.0,128.0,256.0,1.0,9.8,7.78,111.6,0.72,0.0,0.0,0.0,115.0
2026-09-15T22:23:56.212438138Z,1768.0,264.944,121.0,6.0,1568.0,2048.0,128.0,256.0,1.0,16.73,12.47,100.25,0.39,0.0,0.0,0.0,114.0
2026-09-15T22:23:56.343241825Z,1769.0,265.075,120.0,7.0,1808.0,2048.0,128.0,256.0,1.0,29.24,13.62,87.14,1.19,0.0,0.0,0.0,113.0
2026-09-15T22:23:56.473732012Z,1770.0,265.205,120.0,7.0,1808.0,2048.0,128.0,256.0,1.0,8.67,8.38,111.86,0.91,0.0,0.0,0.0,113.0
2026-09-15T22:23:56.605729099Z,1771.0,265.337,120.0,8.0,1808.0,2048.0,128.0,256.0,1.0,26.0,14.33,88.58,1.35,0.0,0.0,0.0,114.0
2026-09-15T22:23:56.736365536Z,1772.0,265.468,121.0,7.0,1808.0,2048.0,128.0,256.0,1.0,9.72,8.71,111.46,0.57,0.0,0.0,0.0,114.0
2026-09-15T22:23:56.867942063Z,1773.0,265.599,121.0,8.0,1808.0,2048.0,128.0,256.0,1.0,25.26,11.79,92.37,1.47,0.0,0.0,0.0,114.0
2026-09-15T22:23:56.998977340Z,1774.0,265.73,121.0,7.0,1808.0,2048.0,128.0,256.0,1.0,13.53,10.52,105.38,0.47,0.0,0.0,0.0,113.0
2026-09-15T22:23:57.130555527Z,1775.0,265.862,120.0,8.0,2048.0,2048.0,128.0,256.0,0.0,29.45,10.46,90.01,0.49,0.0,0.0,0.0,112.0
2026-09-15T22:23:57.319885693Z,1776.0,266.051,120.0,8.0,2048.0,2048.0,128.0,256.0,0.0,21.25,11.31,97.82,0.28,0.0,0.0,0.0,111.0
2026-09-15T22:23:57.447793660Z,1777.0,266.179,119.0,10.0,2048.0,2048.0,128.0,256.0,0.0,172.54,8.68,7.18,0.58,0.0,0.0,0.0,113.0
2026-09-15T22:23:57.579651757Z,1778.0,266.311,121.0,9.0,2048.0,2048.0,128.0,256.0,0.0,23.32,10.92,92.34,0.64,0.0,0.0,0.0,113.0
2026-09-15T22:23:57.713649274Z,1779.0,266.445,121.0,8.0,2048.0,2048.0,128.0,256.0,0.0,8.47,7.29,114.8,0.38,0.0,0.0,0.0,113.0
2026-09-15T22:23:57.842540631Z,1780.0,266.574,121.0,8.0,2048.0,2048.0,128.0,256.0,0.0,15.37,13.5,103.68,0.71,0.0,0.0,0.0,111.0
2026-09-15T22:23:57.974766178Z,1781.0,266.706,119.0,8.0,2048.0,2048.0,128.0,256.0,0.0,14.75,8.63,104.29,1.19,0.0,0.0,0.0,111.0
2026-09-15T22:23:58.106055785Z,1782.0,266.838,119.0,8.0,2048.0,2048.0,128.0,256.0,0.0,8.06,8.21,114.11,0.7,0.0,0.0,0.0,111.0
2026-09-15T22:23:58.237868562Z,1783.0,266.969,119.0,8.0,2048.0,2048.0,128.0,256.0,0.0,8.55,9.79,111.59,0.87,0.0,0.0,0.0,111.0
2026-09-15T22:23:58.369139159Z,1784.0,267.101,119.0,9.0,2048.0,2048.0,128.0,256.0,0.0,33.75,11.27,85.16,1.1,0.0,0.0,0.0,111.0
2026-09-15T22:23:58.500357666Z,1785.0,267.232,119.0,9.0,2048.0,2048.0,128.0,256.0,0.0,22.2,7.88,99.42,0.36,0.0,0.0,0.0,112.0
2026-09-15T22:23:58.632253853Z,1786.0,267.364,120.0,8.0,2048.0,2048.0,128.0,256.0,0.0,8.36,8.03,113.75,1.16,0.0,0.0,0.0,112.0
2026-09-15T22:23:58.763367120Z,1787.0,267.495,120.0,8.0,2048.0,2048.0,128.0,256.0,0.0,8.86,7.95,113.37,0.94,0.0,0.0,0.0,112.0
2026-09-15T22:23:58.895499867Z,1788.0,267.627,120.0,9.0,2048.0,2048.0,128.0,256.0,0.0,20.06,8.63,100.93,2.08,0.0,0.0,0.0,113.0
2026-09-15T22:23:59.026381494Z,1789.0,267.758,121.0,8.0,2048.0,2048.0,128.0,256.0,0.0,7.86,7.92,113.54,0.45,0.0,0.0,0.0,113.0
2026-09-15T22:23:59.158156351Z,1790.0,267.89,121.0,8.0,2048.0,2048.0,128.0,256.0,0.0,15.01,10.49,104.28,1.01,0.0,0.0,0.0,112.0
2026-09-15T22:23:59.289396668Z,1791.0,268.021,120.0,9.0,2048.0,2048.0,128.0,256.0,0.0,23.17,8.54,98.45,0.51,0.0,0.0,0.0,113.0
2026-09-15T22:23:59.421155675Z,1792.0,268.153,121.0,9.0,1903.0,2048.0,128.0,256.0,0.0,20.54,8.43,100.99,1.16,0.0,0.0,0.0,115.0
2026-09-15T22:23:59.552842062Z,1793.0,268.284,122.0,7.0,1758.0,2048.0,128.0,256.0,1.0,8.38,8.56,113.06,0.39,0.0,0.0,0.0,116.0
2026-09-15T22:23:59.683957309Z,1794.0,268.415,122.0,6.0,1563.0,2048.0,128.0,256.0,1.0,13.71,15.55,101.25,0.54,0.0,0.0,0.0,114.0
2026-09-15T22:23:59.814677096Z,1795.0,268.546,120.0,6.0,1562.0,2048.0,128.0,256.0,1.0,21.33,21.22,87.35,1.15,0.0,0.0,0.0,111.0
2026-09-15T22:23:59.995529112Z,1796.0,268.727,117.0,6.0,1562.0,2048.0,128.0,256.0,1.0,9.33,8.37,111.23,0.29,0.0,0.0,0.0,111.0
2026-09-15T22:24:00.123095149Z,1797.0,268.854,117.0,8.0,2048.0,2048.0,128.0,256.0,0.0,162.33,10.34,7.1,0.82,0.0,0.0,0.0,111.0
2026-09-15T22:24:00.255222056Z,1798.0,268.987,119.0,8.0,2048.0,2048.0,128.0,256.0,0.0,10.71,8.7,106.84,0.75,0.0,0.0,0.0,111.0
2026-09-15T22:24:00.386650073Z,1799.0,269.118,119.0,9.0,2048.0,2048.0,128.0,256.0,0.0,22.27,8.68,99.62,0.99,0.0,0.0,0.0,112.0
2026-09-15T22:24:00.518092770Z,1800.0,269.249,120.0,9.0,2048.0,2048.0,128.0,256.0,0.0,32.13,9.56,88.0,0.53,0.0,0.0,0.0,113.0
2026-09-15T22:24:00.650179357Z,1801.0,269.382,121.0,8.0,2048.0,2048.0,128.0,256.0,0.0,15.25,11.06,104.02,0.42,0.0,0.0,0.0,112.0
2026-09-15T22:24:00.781730854Z,1802.0,269.513,120.0,8.0,2048.0,2048.0,128.0,256.0,0.0,14.11,10.88,105.99,0.78,0.0,0.0,0.0,111.0
2026-09-15T22:24:00.913611791Z,1803.0,269.645,119.0,9.0,2048.0,2048.0,128.0,256.0,0.0,25.61,16.09,85.07,0.65,0.0,0.0,0.0,110.0
2026-09-15T22:24:01.046695628Z,1804.0,269.778,118.0,8.0,2048.0,2048.0,128.0,256.0,0.0,9.74,8.37,112.48,2.04,0.0,0.0,0.0,110.0
2026-09-15T22:24:01.177119045Z,1805.0,269.909,118.0,9.0,2048.0,2048.0,128.0,256.0,0.0,20.46,21.63,88.32,0.47,0.0,0.0,0.0,111.0
2026-09-15T22:24:01.309147082Z,1806.0,270.041,119.0,8.0,2048.0,2048.0,128.0,256.0,0.0,13.59,10.06,105.57,1.16,0.0,0.0,0.0,110.0
2026-09-15T22:24:01.441271379Z,1807.0,270.173,118.0,8.0,2048.0,2048.0,128.0,256.0,0.0,8.11,8.84,113.08,1.88,0.0,0.0,0.0,110.0
2026-09-15T22:24:01.572688996Z,1808.0,270.304,118.0,10.0,2048.0,2048.0,128.0,256.0,0.0,24.48,8.63,96.42,1.23,0.0,0.0,0.0,112.0
2026-09-15T22:24:01.718027753Z,1809.0,270.449,120.0,8.0,2048.0,2048.0,128.0,256.0,0.0,17.62,13.74,98.13,0.29,0.0,0.0,0.0,111.0
2026-09-15T22:24:01.847002960Z,1810.0,270.578,119.0,8.0,2048.0,2048.0,128.0,256.0,0.0,129.37,8.66,6.61,0.68,0.0,0.0,0.0,111.0
2026-09-15T22:24:01.978150297Z,1811.0,270.71,119.0,8.0,2048.0,2048.0,128.0,256.0,0.0,7.54,8.45,110.89,1.16,0.0,0.0,0.0,111.0
2026-09-15T22:24:02.109842784Z,1812.0,270.841,119.0,10.0,2048.0,2048.0,128.0,256.0,0.0,22.53,8.92,97.99,0.73,0.0,0.0,0.0,113.0
2026-09-15T22:24:02.241612131Z,1813.0,270.973,121.0,8.0,2048.0,2048.0,128.0,256.0,0.0,12.46,10.28,107.67,0.69,0.0,0.0,0.0,112.0
2026-09-15T22:24:02.373589848Z,1814.0,271.105,120.0,8.0,2048.0,2048.0,128.0,256.0,0.0,8.98,8.19,113.11,0.69,0.0,0.0,0.0,112.0
2026-09-15T22:24:02.505046615Z,1815.0,271.236,120.0,8.0,2048.0,2048.0,128.0,256.0,0.0,8.03,7.99,114.57,1.31,0.0,0.0,0.0,112.0
2026-09-15T22:24:02.636756732Z,1816.0,271.368,120.0,8.0,1956.0,2048.0,128.0,256.0,0.0,11.45,8.78,109.47,1.01,0.0,0.0,0.0,113.0
2026-09-15T22:24:02.768665199Z,1817.0,271.5,120.0,8.0,1808.0,2048.0,128.0,256.0,1.0,23.9,9.18,96.59,1.92,0.0,0.0,0.0,114.0
2026-09-15T22:24:02.899151916Z,1818.0,271.63,121.0,8.0,2048.0,2048.0,128.0,256.0,0.0,30.45,14.01,84.85,0.39,0.0,0.0,0.0,112.0
2026-09-15T22:24:03.030276343Z,1819.0,271.762,120.0,8.0,1902.0,2048.0,128.0,256.0,0.0,13.22,13.26,102.89,1.39,0.0,0.0,0.0,113.0
2026-09-15T22:24:03.161583810Z,1820.0,271.893,120.0,7.0,1808.0,2048.0,128.0,256.0,1.0,13.34,10.67,104.88,1.58,0.0,0.0,0.0,112.0
2026-09-15T22:24:03.570043771Z,1821.0,272.301,119.0,7.0,1808.0,2048.0,128.0,256.0,1.0,8.33,8.4,112.38,0.26,0.0,0.0,0.0,112.0
2026-09-15T22:24:03.697516588Z,1822.0,272.429,119.0,8.0,1671.0,2048.0,128.0,256.0,1.0,391.14,9.61,6.81,0.35,0.0,0.0,0.0,114.0
2026-09-15T22:24:03.829001585Z,1823.0,272.56,120.0,6.0,1568.0,2048.0,128.0,256.0,1.0,12.79,11.72,101.89,1.06,0.0,0.0,0.0,113.0
2026-09-15T22:24:03.960934262Z,1824.0,272.692,119.0,7.0,1808.0,2048.0,128.0,256.0,1.0,28.85,14.7,86.08,0.84,0.0,0.0,0.0,111.0
2026-09-15T22:24:04.092102369Z,1825.0,272.823,118.0,7.0,1808.0,2048.0,128.0,256.0,1.0,14.7,10.93,104.66,1.48,0.0,0.0,0.0,110.0
2026-09-15T22:24:04.310149094Z,1826.0,273.042,117.0,8.0,1808.0,2048.0,128.0,256.0,1.0,24.17,8.8,96.1,0.29,0.0,0.0,0.0,111.0
2026-09-15T22:24:04.437850241Z,1827.0,273.169,118.0,8.0,1808.0,2048.0,128.0,256.0,1.0,194.62,15.4,7.09,0.66,0.0,0.0,0.0,110.0
2026-09-15T22:24:04.569525098Z,1828.0,273.301,117.0,9.0,2048.0,2048.0,128.0,256.0,0.0,27.03,12.51,86.81,1.13,0.0,0.0,0.0,110.0
2026-09-15T22:24:04.701770615Z,1829.0,273.433,118.0,8.0,2048.0,2048.0,128.0,256.0,0.0,13.29,8.58,107.82,1.84,0.0,0.0,0.0,110.0
2026-09-15T22:24:04.833315532Z,1830.0,273.564,118.0,8.0,2048.0,2048.0,128.0,256.0,0.0,17.99,16.91,94.82,0.35,0.0,0.0,0.0,107.0
2026-09-15T22:24:04.964408509Z,1831.0,273.696,115.0,8.0,2048.0,2048.0,128.0,256.0,0.0,20.44,14.53,95.07,0.81,0.0,0.0,0.0,105.0
2026-09-15T22:24:05.095943676Z,1832.0,273.827,113.0,8.0,2048.0,2048.0,128.0,256.0,0.0,17.58,11.89,100.45,0.78,0.0,0.0,0.0,104.0
2026-09-15T22:24:05.228476743Z,1833.0,273.96,112.0,8.0,2048.0,2048.0,128.0,256.0,0.0,9.45,8.49,112.18,1.89,0.0,0.0,0.0,104.0
2026-09-15T22:24:05.391233339Z,1834.0,274.123,112.0,9.0,2048.0,2048.0,128.0,256.0,0.0,26.06,11.41,92.59,0.27,0.0,0.0,0.0,104.0
2026-09-15T22:24:05.520022356Z,1835.0,274.252,112.0,8.0,2048.0,2048.0,128.0,256.0,0.0,146.21,8.82,6.68,0.34,0.0,0.0,0.0,104.0
2026-09-15T22:24:05.650853824Z,1836.0,274.382,112.0,8.0,1947.0,2048.0,128.0,256.0,0.0,7.55,7.58,112.07,0.82,0.0,0.0,0.0,105.0
2026-09-15T22:24:05.782258730Z,1837.0,274.514,112.0,7.0,1808.0,2048.0,128.0,256.0,1.0,9.15,8.54,111.53,1.07,0.0,0.0,0.0,105.0
2026-09-15T22:24:05.913413338Z,1838.0,274.645,112.0,8.0,1808.0,2048.0,128.0,256.0,1.0,29.72,13.73,86.33,0.8,0.0,0.0,0.0,104.0
2026-09-15T22:24:06.045274395Z,1839.0,274.776,111.0,8.0,1808.0,2048.0,128.0,256.0,1.0,24.54,9.26,95.64,0.84,0.0,0.0,0.0,105.0
2026-09-15T22:24:06.175773892Z,1840.0,274.907,112.0,7.0,1808.0,2048.0,128.0,256.0,1.0,10.8,11.77,107.14,1.17,0.0,0.0,0.0,105.0
2026-09-15T22:24:06.306925479Z,1841.0,275.038,112.0,8.0,1808.0,2048.0,128.0,256.0,1.0,21.87,8.93,98.66,0.87,0.0,0.0,0.0,106.0
2026-09-15T22:24:06.437989836Z,1842.0,275.169,113.0,7.0,1808.0,2048.0,128.0,256.0,1.0,8.25,8.09,113.3,1.67,0.0,0.0,0.0,106.0
2026-09-15T22:24:06.569415292Z,1843.0,275.301,113.0,8.0,1808.0,2048.0,128.0,256.0,1.0,19.45,8.16,101.14,1.37,0.0,0.0,0.0,107.0
2026-09-15T22:24:06.700266000Z,1844.0,275.431,114.0,9.0,2048.0,2048.0,128.0,256.0,0.0,41.76,13.56,74.02,0.71,0.0,0.0,0.0,106.0
2026-09-15T22:24:06.833881906Z,1845.0,275.565,114.0,8.0,2048.0,2048.0,128.0,256.0,0.0,20.87,11.38,97.2,0.42,0.0,0.0,0.0,105.0
2026-09-15T22:24:06.963957154Z,1846.0,275.695,113.0,8.0,2048.0,2048.0,128.0,256.0,0.0,12.55,9.04,108.81,2.05,0.0,0.0,0.0,105.0
2026-09-15T22:24:07.196938368Z,1847.0,275.928,113.0,8.0,2048.0,2048.0,128.0,256.0,0.0,9.1,7.78,111.03,0.31,0.0,0.0,0.0,105.0
2026-09-15T22:24:07.324044295Z,1848.0,276.055,113.0,8.0,2048.0,2048.0,128.0,256.0,0.0,214.01,10.92,7.19,1.07,0.0,0.0,0.0,104.0
2026-09-15T22:24:07.455048463Z,1849.0,276.186,112.0,9.0,2048.0,2048.0,128.0,256.0,0.0,22.08,8.15,95.21,0.61,0.0,0.0,0.0,105.0
2026-09-15T22:24:07.587084780Z,1850.0,276.318,113.0,8.0,2048.0,2048.0,128.0,256.0,0.0,7.89,8.14,113.6,1.54,0.0,0.0,0.0,105.0
2026-09-15T22:24:07.718682757Z,1851.0,276.45,113.0,9.0,2048.0,2048.0,128.0,256.0,0.0,24.38,10.47,95.0,1.62,0.0,0.0,0.0,105.0
2026-09-15T22:24:07.849882114Z,1852.0,276.581,113.0,8.0,2048.0,2048.0,128.0,256.0,0.0,13.22,9.82,105.24,1.61,0.0,0.0,0.0,105.0
2026-09-15T22:24:07.982253340Z,1853.0,276.714,113.0,9.0,2048.0,2048.0,128.0,256.0,0.0,24.99,9.23,94.79,1.79,0.0,0.0,0.0,106.0
2026-09-15T22:24:08.112778297Z,1854.0,276.844,114.0,9.0,2048.0,2048.0,128.0,256.0,0.0,21.87,8.92,99.12,1.44,0.0,0.0,0.0,107.0
2026-09-15T22:24:08.244741965Z,1855.0,276.976,115.0,9.0,2048.0,2048.0,128.0,256.0,0.0,29.27,11.52,87.61,1.5,0.0,0.0,0.0,107.0
2026-09-15T22:24:08.376058482Z,1856.0,277.107,115.0,9.0,2048.0,2048.0,128.0,256.0,0.0,27.44,11.65,90.64,0.76,0.0,0.0,0.0,107.0
2026-09-15T22:24:08.507761428Z,1857.0,277.239,115.0,8.0,2048.0,2048.0,128.0,256.0,0.0,8.12,13.37,108.47,1.46,0.0,0.0,0.0,107.0
2026-09-15T22:24:08.640604016Z,1858.0,277.372,115.0,8.0,2048.0,2048.0,128.0,256.0,0.0,15.03,10.96,103.28,1.57,0.0,0.0,0.0,106.0
2026-09-15T22:24:08.770398173Z,1859.0,277.502,114.0,8.0,2048.0,2048.0,128.0,256.0,0.0,9.39,7.94,113.6,0.77,0.0,0.0,0.0,106.0
2026-09-15T22:24:08.903273550Z,1860.0,277.635,114.0,8.0,2048.0,2048.0,128.0,256.0,0.0,9.42,8.78,110.16,2.35,0.0,0.0,0.0,106.0
2026-09-15T22:24:09.034895587Z,1861.0,277.766,114.0,8.0,2048.0,2048.0,128.0,256.0,0.0,8.83,8.08,112.92,2.61,0.0,0.0,0.0,106.0
2026-09-15T22:24:09.167782784Z,1862.0,277.899,114.0,8.0,2048.0,2048.0,128.0,256.0,0.0,13.35,10.42,104.71,2.92,0.0,0.0,0.0,105.0
2026-09-15T22:24:09.299041810Z,1863.0,278.03,113.0,9.0,2048.0,2048.0,128.0,256.0,0.0,22.02,9.52,97.74,2.87,0.0,0.0,0.0,106.0
2026-09-15T22:24:09.430012387Z,1864.0,278.161,114.0,9.0,2048.0,2048.0,128.0,256.0,0.0,44.74,8.75,74.21,0.33,0.0,0.0,0.0,107.0
2026-09-15T22:24:09.560407764Z,1865.0,278.292,115.0,9.0,2048.0,2048.0,128.0,256.0,0.0,32.67,8.99,88.3,1.79,0.0,0.0,0.0,108.0
2026-09-15T22:24:09.691317352Z,1866.0,278.423,116.0,8.0,2048.0,2048.0,128.0,256.0,0.0,8.43,8.87,110.35,1.75,0.0,0.0,0.0,108.0
2026-09-15T22:24:09.822688179Z,1867.0,278.554,116.0,8.0,2048.0,2048.0,128.0,256.0,0.0,9.48,8.04,111.14,0.79,0.0,0.0,0.0,108.0
2026-09-15T22:24:09.954068015Z,1868.0,278.685,116.0,8.0,2048.0,2048.0,128.0,256.0,0.0,8.05,7.96,114.06,0.55,0.0,0.0,0.0,108.0
2026-09-15T22:24:10.085643323Z,1869.0,278.817,116.0,8.0,2048.0,2048.0,128.0,256.0,0.0,8.74,7.77,113.62,0.64,0.0,0.0,0.0,108.0
2026-09-15T22:24:10.217619770Z,1870.0,278.949,116.0,10.0,2048.0,2048.0,128.0,256.0,0.0,32.58,12.32,85.21,1.49,0.0,0.0,0.0,109.0
2026-09-15T22:24:10.348523437Z,1871.0,279.08,117.0,9.0,2048.0,2048.0,128.0,256.0,0.0,27.09,10.9,91.78,0.43,0.0,0.0,0.0,109.0
2026-09-15T22:24:10.480752524Z,1872.0,279.212,117.0,8.0,2048.0,2048.0,128.0,256.0,0.0,14.26,10.67,104.96,1.11,0.0,0.0,0.0,108.0
2026-09-15T22:24:10.643932180Z,1873.0,279.375,116.0,8.0,2048.0,2048.0,128.0,256.0,0.0,9.57,8.23,112.76,0.29,0.0,0.0,0.0,108.0
2026-09-15T22:24:10.771906947Z,1874.0,279.503,116.0,9.0,2048.0,2048.0,128.0,256.0,0.0,146.02,9.23,6.76,1.64,0.0,0.0,0.0,109.0
2026-09-15T22:24:10.903403994Z,1875.0,279.635,117.0,8.0,2048.0,2048.0,128.0,256.0,0.0,7.86,8.01,109.87,0.91,0.0,0.0,0.0,109.0
2026-09-15T22:24:11.035290311Z,1876.0,279.767,117.0,8.0,2048.0,2048.0,128.0,256.0,0.0,7.85,8.99,112.95,1.42,0.0,0.0,0.0,109.0
2026-09-15T22:24:11.167182518Z,1877.0,279.899,117.0,9.0,2048.0,2048.0,128.0,256.0,0.0,29.07,9.05,91.64,0.46,0.0,0.0,0.0,110.0
2026-09-15T22:24:11.299207065Z,1878.0,280.031,118.0,8.0,2048.0,2048.0,128.0,256.0,0.0,8.89,9.7,112.13,0.91,0.0,0.0,0.0,110.0
2026-09-15T22:24:11.430383062Z,1879.0,280.162,118.0,8.0,1829.0,2048.0,128.0,256.0,0.0,8.63,9.4,112.32,0.42,0.0,0.0,0.0,111.0
2026-09-15T22:24:11.562132109Z,1880.0,280.293,118.0,8.0,2048.0,2048.0,128.0,256.0,0.0,33.55,10.97,85.6,1.01,0.0,0.0,0.0,110.0
2026-09-15T22:24:11.693826106Z,1881.0,280.425,118.0,8.0,2048.0,2048.0,128.0,256.0,0.0,10.78,10.51,108.75,1.86,0.0,0.0,0.0,109.0
2026-09-15T22:24:11.825043753Z,1882.0,280.556,117.0,8.0,2048.0,2048.0,128.0,256.0,0.0,14.35,17.63,97.01,1.12,0.0,0.0,0.0,108.0
2026-09-15T22:24:11.956576140Z,1883.0,280.688,116.0,8.0,2048.0,2048.0,128.0,256.0,0.0,10.22,15.86,103.42,1.01,0.0,0.0,0.0,108.0
2026-09-15T22:24:12.087922817Z,1884.0,280.819,116.0,8.0,2048.0,2048.0,128.0,256.0,0.0,10.23,8.35,111.08,0.96,0.0,0.0,0.0,108.0
2026-09-15T22:24:12.219391874Z,1885.0,280.951,116.0,8.0,2048.0,2048.0,128.0,256.0,0.0,16.9,12.13,100.64,0.81,0.0,0.0,0.0,107.0
2026-09-15T22:24:12.350584471Z,1886.0,281.082,115.0,8.0,2048.0,2048.0,128.0,256.0,0.0,10.04,10.27,109.45,1.28,0.0,0.0,0.0,107.0
2026-09-15T22:24:12.482254388Z,1887.0,281.214,115.0,9.0,2048.0,2048.0,128.0,256.0,0.0,20.19,8.95,100.27,0.75,0.0,0.0,0.0,108.0
2026-09-15T22:24:12.614394545Z,1888.0,281.346,116.0,8.0,2048.0,2048.0,128.0,256.0,0.0,9.31,8.49,112.29,1.17,0.0,0.0,0.0,108.0
2026-09-15T22:24:12.745295302Z,1889.0,281.477,116.0,8.0,2048.0,2048.0,128.0,256.0,0.0,13.15,12.85,104.28,1.46,0.0,0.0,0.0,107.0
2026-09-15T22:24:12.877041669Z,1890.0,281.608,115.0,8.0,2048.0,2048.0,128.0,256.0,0.0,12.58,12.41,103.88,0.74,0.0,0.0,0.0,106.0
2026-09-15T22:24:13.008665786Z,1891.0,281.74,114.0,9.0,1947.0,2048.0,128.0,256.0,0.0,24.8,9.3,95.99,0.45,0.0,0.0,0.0,108.0
2026-09-15T22:24:13.140482443Z,1892.0,281.872,115.0,7.0,1808.0,2048.0,128.0,256.0,1.0,8.89,8.59,112.98,0.76,0.0,0.0,0.0,108.0
2026-09-15T22:24:13.271936250Z,1893.0,282.003,115.0,8.0,2048.0,2048.0,128.0,256.0,0.0,26.88,10.86,92.29,0.9,0.0,0.0,0.0,107.0
2026-09-15T22:24:13.421010447Z,1894.0,282.152,115.0,9.0,2048.0,2048.0,128.0,256.0,0.0,32.23,9.2,88.64,0.29,0.0,0.0,0.0,108.0
2026-09-15T22:24:13.550125984Z,1895.0,282.281,116.0,8.0,2048.0,2048.0,128.0,256.0,0.0,132.93,8.43,6.84,1.67,0.0,0.0,0.0,108.0
2026-09-15T22:24:13.681726291Z,1896.0,282.413,116.0,9.0,2048.0,2048.0,128.0,256.0,0.0,20.92,8.56,97.07,1.39,0.0,0.0,0.0,109.0
2026-09-15T22:24:13.813362998Z,1897.0,282.545,117.0,8.0,2048.0,2048.0,128.0,256.0,0.0,13.39,10.82,105.4,0.57,0.0,0.0,0.0,108.0
2026-09-15T22:24:13.945646505Z,1898.0,282.677,116.0,8.0,2048.0,2048.0,128.0,256.0,0.0,8.49,7.69,114.29,1.51,0.0,0.0,0.0,108.0
2026-09-15T22:24:14.077430652Z,1899.0,282.809,116.0,8.0,2048.0,2048.0,128.0,256.0,0.0,13.83,10.33,106.02,1.16,0.0,0.0,0.0,107.0
2026-09-15T22:24:14.209820119Z,1900.0,282.941,115.0,9.0,2048.0,2048.0,128.0,256.0,0.0,30.2,11.35,88.5,0.78,0.0,0.0,0.0,107.0
2026-09-15T22:24:14.342041846Z,1901.0,283.073,115.0,8.0,2048.0,2048.0,128.0,256.0,0.0,9.58,9.69,111.55,1.3,0.0,0.0,0.0,106.0
2026-09-15T22:24:14.474940443Z,1902.0,283.206,114.0,9.0,2048.0,2048.0,128.0,256.0,0.0,28.12,10.26,91.66,2.13,0.0,0.0,0.0,107.0
2026-09-15T22:24:14.606118590Z,1903.0,283.338,115.0,9.0,2026.0,2048.0,128.0,256.0,0.0,25.55,9.36,95.23,2.05,0.0,0.0,0.0,109.0
2026-09-15T22:24:14.737526007Z,1904.0,283.469,116.0,7.0,1808.0,2048.0,128.0,256.0,1.0,8.82,7.91,111.86,0.38,0.0,0.0,0.0,109.0
2026-09-15T22:24:14.868800024Z,1905.0,283.6,116.0,7.0,1808.0,2048.0,128.0,256.0,1.0,16.36,13.49,100.13,1.27,0.0,0.0,0.0,107.0
2026-09-15T22:24:15.000033511Z,1906.0,283.731,114.0,9.0,1808.0,2048.0,128.0,256.0,1.0,27.97,8.91,92.71,1.61,0.0,0.0,0.0,109.0
2026-09-15T22:24:15.131649248Z,1907.0,283.863,116.0,7.0,1808.0,2048.0,128.0,256.0,1.0,15.23,11.61,102.1,0.75,0.0,0.0,0.0,108.0
2026-09-15T22:24:15.262412345Z,1908.0,283.994,115.0,8.0,2048.0,2048.0,128.0,256.0,0.0,28.48,11.26,90.46,0.42,0.0,0.0,0.0,108.0
2026-09-15T22:24:15.394900242Z,1909.0,284.126,116.0,8.0,2048.0,2048.0,128.0,256.0,0.0,18.26,12.78,98.54,0.81,0.0,0.0,0.0,108.0
2026-09-15T22:24:15.525177259Z,1910.0,284.257,116.0,8.0,2048.0,2048.0,128.0,256.0,0.0,10.92,11.62,108.25,0.81,0.0,0.0,0.0,107.0
2026-09-15T22:24:15.746316744Z,1911.0,284.478,115.0,8.0,2048.0,2048.0,128.0,256.0,0.0,18.77,9.0,101.16,0.28,0.0,0.0,0.0,107.0
2026-09-15T22:24:15.874779991Z,1912.0,284.606,115.0,9.0,2048.0,2048.0,128.0,256.0,0.0,201.8,11.37,7.1,0.34,0.0,0.0,0.0,107.0
2026-09-15T22:24:16.005738018Z,1913.0,284.737,115.0,8.0,2048.0,2048.0,128.0,256.0,0.0,9.46,8.02,110.14,0.41,0.0,0.0,0.0,107.0
2026-09-15T22:24:16.137052155Z,1914.0,284.868,115.0,8.0,2048.0,2048.0,128.0,256.0,0.0,9.07,7.49,112.26,0.61,0.0,0.0,0.0,107.0
2026-09-15T22:24:16.269403302Z,1915.0,285.001,115.0,8.0,2048.0,2048.0,128.0,256.0,0.0,7.61,8.13,114.37,0.44,0.0,0.0,0.0,107.0
2026-09-15T22:24:16.400691999Z,1916.0,285.132,115.0,8.0,2048.0,2048.0,128.0,256.0,0.0,10.48,10.28,110.52,1.16,0.0,0.0,0.0,106.0
2026-09-15T22:24:16.532584056Z,1917.0,285.264,114.0,10.0,2048.0,2048.0,128.0,256.0,0.0,28.82,8.76,91.95,1.79,0.0,0.0,0.0,108.0
2026-09-15T22:24:16.663773843Z,1918.0,285.395,116.0,8.0,2048.0,2048.0,128.0,256.0,0.0,8.62,8.38,112.43,0.46,0.0,0.0,0.0,108.0
2026-09-15T22:24:16.796038010Z,1919.0,285.527,116.0,9.0,2048.0,2048.0,128.0,256.0,0.0,27.5,17.49,85.04,0.6,0.0,0.0,0.0,108.0
2026-09-15T22:24:16.927253007Z,1920.0,285.659,116.0,8.0,2048.0,2048.0,128.0,256.0,0.0,14.07,11.09,105.81,0.4,0.0,0.0,0.0,107.0
2026-09-15T22:24:17.058844804Z,1921.0,285.79,115.0,9.0,2048.0,2048.0,128.0,256.0,0.0,29.88,10.5,89.82,1.26,0.0,0.0,0.0,107.0
2026-09-15T22:24:17.190120181Z,1922.0,285.922,115.0,8.0,2048.0,2048.0,128.0,256.0,0.0,14.5,10.17,105.12,0.92,0.0,0.0,0.0,106.0
2026-09-15T22:24:17.321692508Z,1923.0,286.053,114.0,10.0,2048.0,2048.0,128.0,256.0,0.0,38.16,11.23,80.39,1.28,0.0,0.0,0.0,107.0
2026-09-15T22:24:17.453179705Z,1924.0,286.185,115.0,9.0,2048.0,2048.0,128.0,256.0,0.0,22.41,8.22,99.04,1.7,0.0,0.0,0.0,108.0
2026-09-15T22:24:17.585026612Z,1925.0,286.316,116.0,8.0,2048.0,2048.0,128.0,256.0,0.0,9.61,7.76,111.92,1.32,0.0,0.0,0.0,108.0
2026-09-15T22:24:17.742259869Z,1926.0,286.474,116.0,8.0,2048.0,2048.0,128.0,256.0,0.0,10.9,10.09,108.68,0.3,0.0,0.0,0.0,108.0
2026-09-15T22:24:17.869737876Z,1927.0,286.601,116.0,8.0,2048.0,2048.0,128.0,256.0,0.0,141.22,8.01,7.11,0.5,0.0,0.0,0.0,108.0
2026-09-15T22:24:18.001646192Z,1928.0,286.733,116.0,8.0,2048.0,2048.0,128.0,256.0,0.0,8.36,7.87,110.09,1.28,0.0,0.0,0.0,108.0
2026-09-15T22:24:18.132741400Z,1929.0,286.864,116.0,9.0,2048.0,2048.0,128.0,256.0,0.0,22.21,8.8,98.79,1.31,0.0,0.0,0.0,109.0
2026-09-15T22:24:18.264523587Z,1930.0,286.996,117.0,8.0,2048.0,2048.0,128.0,256.0,0.0,8.68,9.17,111.34,0.71,0.0,0.0,0.0,109.0
2026-09-15T22:24:18.396172104Z,1931.0,287.128,117.0,8.0,2048.0,2048.0,128.0,256.0,0.0,12.74,12.5,105.05,0.48,0.0,0.0,0.0,108.0
2026-09-15T22:24:18.527224751Z,1932.0,287.259,116.0,8.0,2048.0,2048.0,128.0,256.0,0.0,13.91,10.1,106.47,0.63,0.0,0.0,0.0,107.0
2026-09-15T22:24:18.658920378Z,1933.0,287.39,115.0,9.0,2048.0,2048.0,128.0,256.0,0.0,43.78,13.95,71.94,1.67,0.0,0.0,0.0,108.0
2026-09-15T22:24:18.790604565Z,1934.0,287.522,116.0,9.0,2048.0,2048.0,128.0,256.0,0.0,22.88,9.57,96.96,0.91,0.0,0.0,0.0,109.0
2026-09-15T22:24:18.921966022Z,1935.0,287.653,117.0,8.0,2048.0,2048.0,128.0,256.0,0.0,17.46,13.19,99.4,0.79,0.0,0.0,0.0,107.0
2026-09-15T22:24:19.053627259Z,1936.0,287.785,115.0,9.0,2048.0,2048.0,128.0,256.0,0.0,25.2,8.7,95.92,1.12,0.0,0.0,0.0,108.0
2026-09-15T22:24:19.185493896Z,1937.0,287.917,116.0,9.0,2048.0,2048.0,128.0,256.0,0.0,25.36,8.11,96.37,0.69,0.0,0.0,0.0,109.0
2026-09-15T22:24:19.321181623Z,1938.0,288.053,117.0,9.0,2022.0,2048.0,128.0,256.0,0.0,24.29,8.1,98.06,0.56,0.0,0.0,0.0,111.0
2026-09-15T22:24:19.448228120Z,1939.0,288.18,118.0,7.0,1808.0,2048.0,128.0,256.0,1.0,10.33,12.0,108.03,1.06,0.0,0.0,0.0,110.0
2026-09-15T22:24:19.579365277Z,1940.0,288.311,117.0,7.0,1808.0,2048.0,128.0,256.0,1.0,16.12,11.7,97.46,1.08,0.0,0.0,0.0,109.0
2026-09-15T22:24:19.710499454Z,1941.0,288.442,116.0,7.0,1808.0,2048.0,128.0,256.0,1.0,8.87,8.17,112.19,0.4,0.0,0.0,0.0,109.0
2026-09-15T22:24:19.842910381Z,1942.0,288.574,116.0,7.0,1808.0,2048.0,128.0,256.0,1.0,15.03,11.94,103.29,1.55,0.0,0.0,0.0,108.0
2026-09-15T22:24:19.973650208Z,1943.0,288.705,115.0,7.0,1808.0,2048.0,128.0,256.0,1.0,10.49,14.91,104.52,1.37,0.0,0.0,0.0,108.0
2026-09-15T22:24:20.104764725Z,1944.0,288.836,115.0,7.0,1808.0,2048.0,128.0,256.0,1.0,15.64,11.37,101.76,1.26,0.0,0.0,0.0,107.0
2026-09-15T22:24:20.237387862Z,1945.0,288.969,114.0,8.0,1808.0,2048.0,128.0,256.0,1.0,30.56,13.29,85.25,1.92,0.0,0.0,0.0,106.0
2026-09-15T22:24:20.398779068Z,1946.0,289.13,113.0,7.0,1808.0,2048.0,128.0,256.0,1.0,13.55,10.13,106.34,0.35,0.0,0.0,0.0,105.0
2026-09-15T22:24:20.525551805Z,1947.0,289.257,112.0,7.0,1808.0,2048.0,128.0,256.0,1.0,143.5,7.58,9.37,1.38,0.0,0.0,0.0,105.0
2026-09-15T22:24:20.656982992Z,1948.0,289.388,112.0,7.0,1808.0,2048.0,128.0,256.0,1.0,16.14,9.61,98.95,0.86,0.0,0.0,0.0,105.0
2026-09-15T22:24:20.788492399Z,1949.0,289.52,112.0,7.0,1808.0,2048.0,128.0,256.0,1.0,8.29,7.8,113.74,1.43,0.0,0.0,0.0,105.0
2026-09-15T22:24:20.920161786Z,1950.0,289.651,112.0,9.0,1808.0,2048.0,128.0,256.0,1.0,23.17,8.44,97.73,1.05,0.0,0.0,0.0,107.0
2026-09-15T22:24:21.051431313Z,1951.0,289.783,114.0,7.0,1808.0,2048.0,128.0,256.0,1.0,14.17,11.38,104.39,1.11,0.0,0.0,0.0,106.0
2026-09-15T22:24:21.183171880Z,1952.0,289.915,113.0,7.0,1808.0,2048.0,128.0,256.0,1.0,9.4,7.92,112.18,1.49,0.0,0.0,0.0,106.0
2026-09-15T22:24:21.314595537Z,1953.0,290.046,113.0,7.0,1808.0,2048.0,128.0,256.0,1.0,8.64,7.92,112.97,1.0,0.0,0.0,0.0,106.0
2026-09-15T22:24:21.446369534Z,1954.0,290.178,113.0,7.0,1808.0,2048.0,128.0,256.0,1.0,9.19,7.74,112.94,1.22,0.0,0.0,0.0,106.0
2026-09-15T22:24:21.578518461Z,1955.0,290.31,113.0,9.0,2048.0,2048.0,128.0,256.0,0.0,34.19,11.26,84.29,1.71,0.0,0.0,0.0,106.0
2026-09-15T22:24:21.709827558Z,1956.0,290.441,114.0,9.0,2048.0,2048.0,128.0,256.0,0.0,24.83,8.26,96.62,1.7,0.0,0.0,0.0,107.0
2026-09-15T22:24:21.841397785Z,1957.0,290.573,115.0,8.0,2048.0,2048.0,128.0,256.0,0.0,8.47,9.6,110.75,0.51,0.0,0.0,0.0,107.0
2026-09-15T22:24:21.972440513Z,1958.0,290.704,115.0,9.0,2048.0,2048.0,128.0,256.0,0.0,28.44,11.25,90.46,1.05,0.0,0.0,0.0,107.0
2026-09-15T22:24:22.104219369Z,1959.0,290.835,115.0,8.0,2048.0,2048.0,128.0,256.0,0.0,15.28,11.03,103.08,0.63,0.0,0.0,0.0,106.0
2026-09-15T22:24:22.235723896Z,1960.0,290.967,114.0,8.0,2048.0,2048.0,128.0,256.0,0.0,10.48,18.14,101.78,1.02,0.0,0.0,0.0,105.0
2026-09-15T22:24:22.367187883Z,1961.0,291.098,113.0,8.0,1925.0,2048.0,128.0,256.0,0.0,18.21,14.07,97.6,0.8,0.0,0.0,0.0,105.0
2026-09-15T22:24:22.498485640Z,1962.0,291.23,112.0,8.0,2048.0,2048.0,128.0,256.0,0.0,35.61,11.79,82.5,0.47,0.0,0.0,0.0,104.0
2026-09-15T22:24:22.698623446Z,1963.0,291.43,112.0,8.0,2048.0,2048.0,128.0,256.0,0.0,17.28,11.63,101.28,0.31,0.0,0.0,0.0,103.0
2026-09-15T22:24:22.824990433Z,1964.0,291.556,111.0,9.0,2048.0,2048.0,128.0,256.0,0.0,179.43,12.09,7.75,0.82,0.0,0.0,0.0,103.0
2026-09-15T22:24:22.956738780Z,1965.0,291.688,111.0,8.0,2048.0,2048.0,128.0,256.0,0.0,12.0,8.03,104.83,0.75,0.0,0.0,0.0,103.0
2026-09-15T22:24:23.088751917Z,1966.0,291.82,111.0,9.0,2048.0,2048.0,128.0,256.0,0.0,27.28,11.63,91.49,0.33,0.0,0.0,0.0,103.0
2026-09-15T22:24:23.219780394Z,1967.0,291.951,111.0,8.0,2048.0,2048.0,128.0,256.0,0.0,14.23,14.44,101.96,1.26,0.0,0.0,0.0,100.0
2026-09-15T22:24:23.351134141Z,1968.0,292.083,108.0,8.0,2048.0,2048.0,128.0,256.0,0.0,16.23,8.65,104.51,1.94,0.0,0.0,0.0,100.0
2026-09-15T22:24:23.483169088Z,1969.0,292.214,108.0,9.0,2048.0,2048.0,128.0,256.0,0.0,24.72,9.2,93.92,1.43,0.0,0.0,0.0,101.0
2026-09-15T22:24:23.613727085Z,1970.0,292.345,109.0,9.0,2048.0,2048.0,128.0,256.0,0.0,22.82,10.43,96.59,1.62,0.0,0.0,0.0,101.0
2026-09-15T22:24:23.745757872Z,1971.0,292.477,109.0,9.0,2048.0,2048.0,128.0,256.0,0.0,28.18,8.18,92.18,0.48,0.0,0.0,0.0,102.0
2026-09-15T22:24:23.876713669Z,1972.0,292.608,110.0,9.0,2048.0,2048.0,128.0,256.0,0.0,33.58,10.69,86.53,1.2,0.0,0.0,0.0,102.0
2026-09-15T22:24:24.007786226Z,1973.0,292.739,110.0,9.0,2048.0,2048.0,128.0,256.0,0.0,22.74,8.14,98.33,0.87,0.0,0.0,0.0,103.0
2026-09-15T22:24:24.201065992Z,1974.0,292.933,111.0,8.0,2048.0,2048.0,128.0,256.0,0.0,8.18,14.14,107.29,0.35,0.0,0.0,0.0,103.0
2026-09-15T22:24:24.328513799Z,1975.0,293.06,111.0,8.0,2048.0,2048.0,128.0,256.0,0.0,175.53,9.43,7.27,1.55,0.0,0.0,0.0,103.0
2026-09-15T22:24:24.460046006Z,1976.0,293.191,111.0,8.0,2048.0,2048.0,128.0,256.0,0.0,7.82,8.9,108.29,1.03,0.0,0.0,0.0,103.0
2026-09-15T22:24:24.590973813Z,1977.0,293.322,111.0,8.0,2048.0,2048.0,128.0,256.0,0.0,12.61,10.46,106.73,0.64,0.0,0.0,0.0,102.0
2026-09-15T22:24:24.724879880Z,1978.0,293.455,110.0,9.0,2048.0,2048.0,128.0,256.0,0.0,25.52,8.49,95.6,0.44,0.0,0.0,0.0,103.0
2026-09-15T22:24:24.853770337Z,1979.0,293.585,111.0,9.0,2048.0,2048.0,128.0,256.0,0.0,23.11,11.09,96.31,0.94,0.0,0.0,0.0,103.0
2026-09-15T22:24:24.985030684Z,1980.0,293.716,111.0,9.0,2048.0,2048.0,128.0,256.0,0.0,27.24,10.15,89.81,1.73,0.0,0.0,0.0,104.0
2026-09-15T22:24:25.115970871Z,1981.0,293.847,112.0,8.0,2048.0,2048.0,128.0,256.0,0.0,8.45,8.77,111.73,0.64,0.0,0.0,0.0,104.0
2026-09-15T22:24:25.247975588Z,1982.0,293.979,112.0,8.0,2048.0,2048.0,128.0,256.0,0.0,9.45,16.53,103.61,0.81,0.0,0.0,0.0,104.0
2026-09-15T22:24:25.378987305Z,1983.0,294.11,112.0,8.0,2048.0,2048.0,128.0,256.0,0.0,13.81,12.85,103.81,0.96,0.0,0.0,0.0,103.0
2026-09-15T22:24:25.510815952Z,1984.0,294.242,111.0,8.0,2048.0,2048.0,128.0,256.0,0.0,19.23,13.45,96.75,1.8,0.0,0.0,0.0,101.0
2026-09-15T22:24:25.642393989Z,1985.0,294.374,109.0,9.0,2048.0,2048.0,128.0,256.0,0.0,25.4,8.25,95.61,0.79,0.0,0.0,0.0,102.0
2026-09-15T22:24:25.774059776Z,1986.0,294.505,110.0,8.0,2048.0,2048.0,128.0,256.0,0.0,8.13,9.54,112.33,0.51,0.0,0.0,0.0,102.0
2026-09-15T22:24:25.905324453Z,1987.0,294.636,110.0,11.0,2048.0,2048.0,128.0,256.0,0.0,38.56,13.58,78.05,0.9,0.0,0.0,0.0,103.0
2026-09-15T22:24:26.037894890Z,1988.0,294.768,111.0,8.0,2048.0,2048.0,128.0,256.0,0.0,17.7,12.84,98.84,1.69,0.0,0.0,0.0,102.0
2026-09-15T22:24:26.238094425Z,1989.0,294.97,110.0,8.0,2048.0,2048.0,128.0,256.0,0.0,12.15,24.46,92.4,0.33,0.0,0.0,0.0,102.0
2026-09-15T22:24:26.366449193Z,1990.0,295.098,110.0,9.0,2048.0,2048.0,128.0,256.0,0.0,180.58,12.46,7.56,0.5,0.0,0.0,0.0,102.0
2026-09-15T22:24:26.496145579Z,1991.0,295.228,110.0,8.0,2048.0,2048.0,128.0,256.0,0.0,13.98,16.33,95.3,1.64,0.0,0.0,0.0,100.0
2026-09-15T22:24:26.627515467Z,1992.0,295.359,108.0,8.0,2048.0,2048.0,128.0,256.0,0.0,12.88,8.92,105.58,1.35,0.0,0.0,0.0,100.0
2026-09-15T22:24:26.758480724Z,1993.0,295.49,108.0,8.0,2048.0,2048.0,128.0,256.0,0.0,8.8,15.38,105.09,0.71,0.0,0.0,0.0,100.0
2026-09-15T22:24:26.889981701Z,1994.0,295.621,108.0,9.0,2048.0,2048.0,128.0,256.0,0.0,28.75,9.76,90.97,0.77,0.0,0.0,0.0,101.0
2026-09-15T22:24:27.020972207Z,1995.0,295.752,109.0,8.0,2048.0,2048.0,128.0,256.0,0.0,8.44,8.92,112.72,0.76,0.0,0.0,0.0,101.0
2026-09-15T22:24:27.152515775Z,1996.0,295.884,109.0,10.0,2048.0,2048.0,128.0,256.0,0.0,22.84,9.14,97.31,1.04,0.0,0.0,0.0,103.0
2026-09-15T22:24:27.283959852Z,1997.0,296.015,111.0,8.0,2048.0,2048.0,128.0,256.0,0.0,8.94,9.21,111.64,1.11,0.0,0.0,0.0,103.0
2026-09-15T22:24:27.415455469Z,1998.0,296.147,111.0,8.0,2048.0,2048.0,128.0,256.0,0.0,13.56,11.85,104.09,0.93,0.0,0.0,0.0,102.0
2026-09-15T22:24:27.546881896Z,1999.0,296.278,110.0,8.0,2048.0,2048.0,128.0,256.0,0.0,8.95,8.42,112.54,0.65,0.0,0.0,0.0,102.0
2026-09-15T22:24:27.678173583Z,2000.0,296.41,110.0,8.0,2048.0,2048.0,128.0,256.0,0.0,8.39,8.39,113.34,1.09,0.0,0.0,0.0,102.0
2026-09-15T22:24:27.809491080Z,2001.0,296.541,110.0,9.0,2048.0,2048.0,128.0,256.0,0.0,26.42,8.01,94.93,0.97,0.0,0.0,0.0,103.0
2026-09-15T22:24:27.941426037Z,2002.0,296.673,111.0,8.0,2048.0,2048.0,128.0,256.0,0.0,10.35,10.52,108.44,0.45,0.0,0.0,0.0,103.0
2026-09-15T22:24:28.072734544Z,2003.0,296.804,111.0,8.0,2048.0,2048.0,128.0,256.0,0.0,13.77,10.59,105.78,1.11,0.0,0.0,0.0,102.0
2026-09-15T22:24:28.204022291Z,2004.0,296.935,110.0,8.0,2048.0,2048.0,128.0,256.0,0.0,11.89,18.07,99.44,0.8,0.0,0.0,0.0,102.0
2026-09-15T22:24:28.335229868Z,2005.0,297.067,110.0,10.0,2048.0,2048.0,128.0,256.0,0.0,33.03,9.06,87.34,0.83,0.0,0.0,0.0,104.0
2026-09-15T22:24:28.467498375Z,2006.0,297.199,112.0,9.0,2048.0,2048.0,128.0,256.0,0.0,31.59,11.4,86.65,0.78,0.0,0.0,0.0,104.0
2026-09-15T22:24:28.598033512Z,2007.0,297.329,112.0,8.0,2048.0,2048.0,128.0,256.0,0.0,15.68,8.42,106.55,0.59,0.0,0.0,0.0,104.0
2026-09-15T22:24:28.729813329Z,2008.0,297.461,112.0,8.0,2048.0,2048.0,128.0,256.0,0.0,8.38,8.37,112.71,1.01,0.0,0.0,0.0,104.0
2026-09-15T22:24:28.861392126Z,2009.0,297.593,112.0,8.0,2048.0,2048.0,128.0,256.0,0.0,7.87,7.76,114.31,1.31,0.0,0.0,0.0,104.0
2026-09-15T22:24:28.993068803Z,2010.0,297.724,112.0,8.0,2048.0,2048.0,128.0,256.0,0.0,8.08,8.7,112.64,1.98,0.0,0.0,0.0,104.0
2026-09-15T22:24:29.124996710Z,2011.0,297.856,112.0,9.0,2048.0,2048.0,128.0,256.0,0.0,25.73,8.29,95.14,0.38,0.0,0.0,0.0,105.0
2026-09-15T22:24:29.255877547Z,2012.0,297.987,113.0,8.0,2048.0,2048.0,128.0,256.0,0.0,9.44,10.79,110.02,1.35,0.0,0.0,0.0,104.0
2026-09-15T22:24:29.387667224Z,2013.0,298.119,112.0,10.0,2048.0,2048.0,128.0,256.0,0.0,46.94,11.76,70.61,1.52,0.0,0.0,0.0,105.0
2026-09-15T22:24:29.519475151Z,2014.0,298.251,113.0,8.0,2048.0,2048.0,128.0,256.0,0.0,18.74,11.25,99.64,0.53,0.0,0.0,0.0,104.0
2026-09-15T22:24:29.651704178Z,2015.0,298.383,112.0,8.0,2048.0,2048.0,128.0,256.0,0.0,13.96,15.4,98.78,1.0,0.0,0.0,0.0,103.0
2026-09-15T22:24:29.865921433Z,2016.0,298.597,111.0,8.0,2048.0,2048.0,128.0,256.0,0.0,11.1,17.26,101.95,0.28,0.0,0.0,0.0,102.0
2026-09-15T22:24:29.993073870Z,2017.0,298.724,110.0,9.0,2048.0,2048.0,128.0,256.0,0.0,193.87,12.04,7.72,1.5,0.0,0.0,0.0,102.0
2026-09-15T22:24:30.123815637Z,2018.0,298.855,110.0,8.0,2048.0,2048.0,128.0,256.0,0.0,7.86,8.03,108.94,1.12,0.0,0.0,0.0,102.0
2026-09-15T22:24:30.258385514Z,2019.0,298.988,110.0,9.0,2048.0,2048.0,128.0,256.0,0.0,23.55,8.64,96.74,1.65,0.0,0.0,0.0,103.0
2026-09-15T22:24:30.401617191Z,2020.0,299.119,111.0,8.0,2048.0,2048.0,128.0,256.0,0.0,12.93,12.99,104.3,1.77,0.0,0.0,0.0,102.0
2026-09-15T22:24:30.518141788Z,2021.0,299.25,110.0,8.0,2048.0,2048.0,128.0,256.0,0.0,11.58,8.76,108.1,1.12,0.0,0.0,0.0,102.0
2026-09-15T22:24:30.649765455Z,2022.0,299.381,110.0,8.0,2048.0,2048.0,128.0,256.0,0.0,22.56,8.87,97.63,0.45,0.0,0.0,0.0,102.0
2026-09-15T22:24:30.782281022Z,2023.0,299.514,110.0,8.0,2048.0,2048.0,128.0,256.0,0.0,12.9,10.14,107.5,2.42,0.0,0.0,0.0,101.0
2026-09-15T22:24:30.913827939Z,2024.0,299.645,109.0,8.0,2048.0,2048.0,128.0,256.0,0.0,9.16,8.92,111.23,1.89,0.0,0.0,0.0,101.0
2026-09-15T22:24:31.044561666Z,2025.0,299.776,109.0,8.0,2048.0,2048.0,128.0,256.0,0.0,13.62,7.96,107.43,0.45,0.0,0.0,0.0,101.0
2026-09-15T22:24:31.176442963Z,2026.0,299.908,109.0,8.0,2048.0,2048.0,128.0,256.0,0.0,8.58,8.11,112.89,1.49,0.0,0.0,0.0,101.0
2026-09-15T22:24:31.307746490Z,2027.0,300.039,109.0,9.0,2048.0,2048.0,128.0,256.0,0.0,23.85,10.36,95.43,1.15,0.0,0.0,0.0,102.0
2026-09-15T22:24:31.439479677Z,2028.0,300.171,110.0,8.0,2048.0,2048.0,128.0,256.0,0.0,9.02,9.75,110.75,0.97,0.0,0.0,0.0,102.0
2026-09-15T22:24:31.571179754Z,2029.0,300.303,110.0,8.0,2048.0,2048.0,128.0,256.0,0.0,7.91,7.93,114.09,1.71,0.0,0.0,0.0,102.0
2026-09-15T22:24:31.703342201Z,2030.0,300.434,110.0,9.0,2048.0,2048.0,128.0,256.0,0.0,29.51,11.88,87.96,0.8,0.0,0.0,0.0,102.0
2026-09-15T22:24:31.834599748Z,2031.0,300.566,110.0,10.0,2048.0,2048.0,128.0,256.0,0.0,31.91,12.76,85.36,0.74,0.0,0.0,0.0,103.0
2026-09-15T22:24:31.966501135Z,2032.0,300.698,111.0,9.0,2048.0,2048.0,128.0,256.0,0.0,35.24,8.9,86.3,1.41,0.0,0.0,0.0,104.0
2026-09-15T22:24:32.098000592Z,2033.0,300.829,112.0,9.0,2048.0,2048.0,128.0,256.0,0.0,27.56,11.81,90.49,0.89,0.0,0.0,0.0,104.0
2026-09-15T22:24:32.229087989Z,2034.0,300.96,112.0,8.0,2048.0,2048.0,128.0,256.0,0.0,10.17,8.97,110.75,1.18,0.0,0.0,0.0,104.0
2026-09-15T22:24:32.407389615Z,2035.0,301.139,112.0,9.0,2048.0,2048.0,128.0,256.0,0.0,26.69,12.05,89.12,0.3,0.0,0.0,0.0,104.0
2026-09-15T22:24:32.540543722Z,2036.0,301.272,112.0,8.0,2048.0,2048.0,128.0,256.0,0.0,158.38,11.23,7.57,0.79,0.0,0.0,0.0,104.0
2026-09-15T22:24:32.672862159Z,2037.0,301.404,112.0,8.0,2048.0,2048.0,128.0,256.0,0.0,13.98,10.66,107.09,1.88,0.0,0.0,0.0,104.0
2026-09-15T22:24:32.803412216Z,2038.0,301.535,112.0,8.0,2048.0,2048.0,128.0,256.0,0.0,13.95,12.98,103.02,1.25,0.0,0.0,0.0,102.0
2026-09-15T22:24:32.934405593Z,2039.0,301.666,110.0,8.0,2048.0,2048.0,128.0,256.0,0.0,11.46,8.45,108.51,0.7,0.0,0.0,0.0,102.0
2026-09-15T22:24:33.066155560Z,2040.0,301.798,110.0,8.0,2048.0,2048.0,128.0,256.0,0.0,8.23,8.93,112.4,0.36,0.0,0.0,0.0,102.0
2026-09-15T22:24:33.198075107Z,2041.0,301.929,110.0,8.0,2048.0,2048.0,128.0,256.0,0.0,8.45,7.61,114.56,1.24,0.0,0.0,0.0,102.0
2026-09-15T22:24:33.329036984Z,2042.0,302.06,110.0,8.0,2048.0,2048.0,128.0,256.0,0.0,12.01,10.78,107.06,1.03,0.0,0.0,0.0,101.0
2026-09-15T22:24:33.461008361Z,2043.0,302.192,109.0,8.0,2048.0,2048.0,128.0,256.0,0.0,12.9,9.04,107.62,1.02,0.0,0.0,0.0,101.0
2026-09-15T22:24:33.592687008Z,2044.0,302.324,109.0,8.0,1844.0,2048.0,128.0,256.0,0.0,8.0,7.63,114.7,1.51,0.0,0.0,0.0,102.0
2026-09-15T22:24:33.724378485Z,2045.0,302.456,109.0,8.0,1808.0,2048.0,128.0,256.0,1.0,26.6,18.31,84.41,2.04,0.0,0.0,0.0,103.0
2026-09-15T22:24:33.855761642Z,2046.0,302.587,110.0,7.0,1808.0,2048.0,128.0,256.0,1.0,13.61,10.19,105.21,2.02,0.0,0.0,0.0,102.0
2026-09-15T22:24:33.986746979Z,2047.0,302.718,109.0,7.0,1808.0,2048.0,128.0,256.0,1.0,16.75,8.6,103.63,0.69,0.0,0.0,0.0,102.0
2026-09-15T22:24:34.118848756Z,2048.0,302.85,109.0,8.0,1808.0,2048.0,128.0,256.0,1.0,27.34,11.1,91.05,1.81,0.0,0.0,0.0,102.0
2026-09-15T22:24:34.250094453Z,2049.0,302.982,109.0,8.0,1808.0,2048.0,128.0,256.0,1.0,26.92,8.37,94.23,0.81,0.0,0.0,0.0,103.0
2026-09-15T22:24:34.382864410Z,2050.0,303.114,110.0,9.0,1808.0,2048.0,128.0,256.0,1.0,33.55,16.64,79.65,1.36,0.0,0.0,0.0,104.0
2026-09-15T22:24:34.513596337Z,2051.0,303.245,111.0,8.0,1808.0,2048.0,128.0,256.0,1.0,32.32,14.32,83.88,0.56,0.0,0.0,0.0,103.0
2026-09-15T22:24:34.706402663Z,2052.0,303.438,110.0,8.0,2048.0,2048.0,128.0,256.0,0.0,44.6,15.21,69.57,0.34,0.0,0.0,0.0,101.0
2026-09-15T22:24:34.826647960Z,2053.0,303.558,109.0,8.0,2048.0,2048.0,128.0,256.0,0.0,161.5,17.62,12.27,0.48,0.0,0.0,0.0,99.0
2026-09-15T22:24:34.958103157Z,2054.0,303.689,107.0,8.0,2048.0,2048.0,128.0,256.0,0.0,10.91,9.36,98.85,0.38,0.0,0.0,0.0,99.0
2026-09-15T22:24:35.089589244Z,2055.0,303.821,107.0,8.0,2048.0,2048.0,128.0,256.0,0.0,13.73,13.99,99.15,0.5,0.0,0.0,0.0,98.0
2026-09-15T22:24:35.222110381Z,2056.0,303.954,106.0,8.0,2048.0,2048.0,128.0,256.0,0.0,9.63,8.44,112.14,1.36,0.0,0.0,0.0,98.0
2026-09-15T22:24:35.352913058Z,2057.0,304.084,106.0,8.0,2048.0,2048.0,128.0,256.0,0.0,10.41,9.04,111.03,0.96,0.0,0.0,0.0,98.0
2026-09-15T22:24:35.484857485Z,2058.0,304.216,106.0,9.0,2048.0,2048.0,128.0,256.0,0.0,24.56,8.11,96.56,0.71,0.0,0.0,0.0,99.0
2026-09-15T22:24:35.616076432Z,2059.0,304.347,107.0,8.0,2048.0,2048.0,128.0,256.0,0.0,14.62,11.29,104.7,0.34,0.0,0.0,0.0,98.0
2026-09-15T22:24:35.747520369Z,2060.0,304.479,106.0,8.0,2048.0,2048.0,128.0,256.0,0.0,13.24,10.52,106.51,0.73,0.0,0.0,0.0,97.0
2026-09-15T22:24:35.878729986Z,2061.0,304.61,105.0,8.0,2048.0,2048.0,128.0,256.0,0.0,10.03,9.71,110.35,1.58,0.0,0.0,0.0,96.0
2026-09-15T22:24:36.061492332Z,2062.0,304.793,104.0,8.0,2048.0,2048.0,128.0,256.0,0.0,12.49,8.89,107.34,0.31,0.0,0.0,0.0,96.0
2026-09-15T22:24:36.188294359Z,2063.0,304.92,104.0,8.0,2048.0,2048.0,128.0,256.0,0.0,163.22,11.4,7.14,0.45,0.0,0.0,0.0,95.0
2026-09-15T22:24:36.320102166Z,2064.0,305.051,103.0,8.0,2048.0,2048.0,128.0,256.0,0.0,8.91,7.86,108.92,1.12,0.0,0.0,0.0,95.0
2026-09-15T22:24:36.453245553Z,2065.0,305.185,103.0,9.0,2048.0,2048.0,128.0,256.0,0.0,22.37,8.28,99.37,2.58,0.0,0.0,0.0,96.0
2026-09-15T22:24:36.582842800Z,2066.0,305.314,104.0,9.0,2048.0,2048.0,128.0,256.0,0.0,31.5,12.14,86.16,0.36,0.0,0.0,0.0,96.0
2026-09-15T22:24:36.715186017Z,2067.0,305.447,104.0,11.0,2048.0,2048.0,128.0,256.0,0.0,49.47,9.76,69.27,0.4,0.0,0.0,0.0,99.0
2026-09-15T22:24:36.846230834Z,2068.0,305.578,107.0,8.0,2048.0,2048.0,128.0,256.0,0.0,12.1,14.94,103.92,1.11,0.0,0.0,0.0,98.0
2026-09-15T22:24:36.977313341Z,2069.0,305.709,106.0,8.0,2048.0,2048.0,128.0,256.0,0.0,14.11,8.54,106.69,0.73,0.0,0.0,0.0,98.0
2026-09-15T22:24:37.108728978Z,2070.0,305.84,106.0,8.0,2048.0,2048.0,128.0,256.0,0.0,12.08,10.2,107.43,1.69,0.0,0.0,0.0,97.0
2026-09-15T22:24:37.240735485Z,2071.0,305.972,105.0,8.0,2048.0,2048.0,128.0,256.0,0.0,8.08,7.69,113.56,1.75,0.0,0.0,0.0,97.0
2026-09-15T22:24:37.372349772Z,2072.0,306.104,105.0,9.0,2048.0,2048.0,128.0,256.0,0.0,20.83,15.4,93.15,0.8,0.0,0.0,0.0,98.0
2026-09-15T22:24:37.502881829Z,2073.0,306.234,106.0,8.0,2048.0,2048.0,128.0,256.0,0.0,16.83,11.38,101.78,0.62,0.0,0.0,0.0,97.0
2026-09-15T22:24:37.634501406Z,2074.0,306.366,105.0,9.0,2048.0,2048.0,128.0,256.0,0.0,27.97,9.97,91.35,1.07,0.0,0.0,0.0,98.0
2026-09-15T22:24:37.766158093Z,2075.0,306.498,106.0,8.0,2048.0,2048.0,128.0,256.0,0.0,7.78,15.05,106.89,1.46,0.0,0.0,0.0,98.0
2026-09-15T22:24:37.897231810Z,2076.0,306.629,106.0,8.0,2048.0,2048.0,128.0,256.0,0.0,8.85,7.96,112.77,1.53,0.0,0.0,0.0,98.0
2026-09-15T22:24:38.028800448Z,2077.0,306.76,106.0,8.0,2048.0,2048.0,128.0,256.0,0.0,7.63,7.44,113.65,1.01,0.0,0.0,0.0,98.0
2026-09-15T22:24:38.159893964Z,2078.0,306.891,106.0,8.0,2048.0,2048.0,128.0,256.0,0.0,7.62,8.42,113.85,1.66,0.0,0.0,0.0,98.0
2026-09-15T22:24:38.291681501Z,2079.0,307.023,106.0,9.0,2048.0,2048.0,128.0,256.0,0.0,23.81,8.79,96.18,0.47,0.0,0.0,0.0,99.0
2026-09-15T22:24:38.422904408Z,2080.0,307.154,107.0,8.0,2048.0,2048.0,128.0,256.0,0.0,7.57,8.39,114.64,1.17,0.0,0.0,0.0,99.0
2026-09-15T22:24:38.555031965Z,2081.0,307.286,107.0,9.0,2048.0,2048.0,128.0,256.0,0.0,22.02,8.21,99.24,1.56,0.0,0.0,0.0,100.0
2026-09-15T22:24:38.686345142Z,2082.0,307.418,108.0,8.0,2048.0,2048.0,128.0,256.0,0.0,13.33,12.45,104.04,1.81,0.0,0.0,0.0,99.0
2026-09-15T22:24:38.817976079Z,2083.0,307.549,107.0,10.0,2048.0,2048.0,128.0,256.0,0.0,25.53,11.22,92.17,0.9,0.0,0.0,0.0,100.0
2026-09-15T22:24:38.949489356Z,2084.0,307.681,108.0,8.0,2048.0,2048.0,128.0,256.0,0.0,8.57,8.22,113.31,1.63,0.0,0.0,0.0,100.0
2026-09-15T22:24:39.145073352Z,2085.0,307.877,108.0,8.0,2048.0,2048.0,128.0,256.0,0.0,9.76,8.71,110.7,0.31,0.0,0.0,0.0,100.0
2026-09-15T22:24:39.271415059Z,2086.0,308.003,108.0,8.0,2048.0,2048.0,128.0,256.0,0.0,173.34,13.3,8.03,0.86,0.0,0.0,0.0,98.0
2026-09-15T22:24:39.402625546Z,2087.0,308.134,106.0,9.0,2048.0,2048.0,128.0,256.0,0.0,19.81,8.42,96.53,0.96,0.0,0.0,0.0,99.0
2026-09-15T22:24:39.534744233Z,2088.0,308.266,107.0,9.0,2048.0,2048.0,128.0,256.0,0.0,28.11,11.77,89.92,1.99,0.0,0.0,0.0,99.0
2026-09-15T22:24:39.666251840Z,2089.0,308.398,107.0,8.0,2048.0,2048.0,128.0,256.0,0.0,9.13,8.0,112.23,0.72,0.0,0.0,0.0,99.0
2026-09-15T22:24:39.797453447Z,2090.0,308.529,107.0,8.0,2048.0,2048.0,128.0,256.0,0.0,9.43,15.84,104.67,0.52,0.0,0.0,0.0,99.0
2026-09-15T22:24:39.929137594Z,2091.0,308.661,107.0,8.0,2048.0,2048.0,128.0,256.0,0.0,8.83,7.71,113.65,0.65,0.0,0.0,0.0,99.0
2026-09-15T22:24:40.061137061Z,2092.0,308.793,107.0,8.0,2048.0,2048.0,128.0,256.0,0.0,15.17,15.31,99.89,0.75,0.0,0.0,0.0,97.0
2026-09-15T22:24:40.192613148Z,2093.0,308.924,105.0,8.0,2048.0,2048.0,128.0,256.0,0.0,7.86,7.99,114.82,0.82,0.0,0.0,0.0,97.0
2026-09-15T22:24:40.324526515Z,2094.0,309.056,105.0,9.0,2048.0,2048.0,128.0,256.0,0.0,21.96,14.62,93.2,1.42,0.0,0.0,0.0,98.0
2026-09-15T22:24:40.456430412Z,2095.0,309.188,106.0,8.0,2048.0,2048.0,128.0,256.0,0.0,8.77,8.57,112.57,0.83,0.0,0.0,0.0,98.0
2026-09-15T22:24:40.588169769Z,2096.0,309.32,106.0,8.0,2048.0,2048.0,128.0,256.0,0.0,17.67,12.94,99.88,1.31,0.0,0.0,0.0,96.0
2026-09-15T22:24:40.721516126Z,2097.0,309.453,104.0,9.0,2048.0,2048.0,128.0,256.0,0.0,25.89,8.47,95.56,2.26,0.0,0.0,0.0,97.0
2026-09-15T22:24:40.851858963Z,2098.0,309.583,105.0,9.0,2048.0,2048.0,128.0,256.0,0.0,25.78,11.43,93.09,1.16,0.0,0.0,0.0,97.0
2026-09-15T22:24:40.983586690Z,2099.0,309.715,105.0,9.0,2048.0,2048.0,128.0,256.0,0.0,33.61,11.25,83.63,1.77,0.0,0.0,0.0,97.0
2026-09-15T22:24:41.115034027Z,2100.0,309.846,105.0,9.0,2048.0,2048.0,128.0,256.0,0.0,47.74,8.96,72.34,0.45,0.0,0.0,0.0,98.0
2026-09-15T22:24:41.285404703Z,2101.0,310.017,106.0,9.0,2048.0,2048.0,128.0,256.0,0.0,24.74,18.81,86.53,0.26,0.0,0.0,0.0,98.0
2026-09-15T22:24:41.413450151Z,2102.0,310.145,106.0,9.0,2048.0,2048.0,128.0,256.0,0.0,154.42,8.81,6.56,1.04,0.0,0.0,0.0,99.0
2026-09-15T22:24:41.544685677Z,2103.0,310.276,107.0,8.0,2048.0,2048.0,128.0,256.0,0.0,7.19,9.27,109.89,0.74,0.0,0.0,0.0,99.0
2026-09-15T22:24:41.677356524Z,2104.0,310.409,107.0,8.0,2048.0,2048.0,128.0,256.0,0.0,7.67,8.29,113.84,1.97,0.0,0.0,0.0,99.0
2026-09-15T22:24:41.808356931Z,2105.0,310.54,107.0,9.0,2048.0,2048.0,128.0,256.0,0.0,22.46,11.18,96.32,1.63,0.0,0.0,0.0,99.0
2026-09-15T22:24:41.939629508Z,2106.0,310.671,107.0,8.0,2048.0,2048.0,128.0,256.0,0.0,11.64,7.92,109.34,1.08,0.0,0.0,0.0,99.0
2026-09-15T22:24:42.071374745Z,2107.0,310.803,107.0,8.0,2048.0,2048.0,128.0,256.0,0.0,7.62,7.55,114.34,0.83,0.0,0.0,0.0,99.0
2026-09-15T22:24:42.203559933Z,2108.0,310.935,107.0,8.0,2048.0,2048.0,128.0,256.0,0.0,7.77,8.72,113.65,1.49,0.0,0.0,0.0,99.0
2026-09-15T22:24:42.335059770Z,2109.0,311.066,107.0,8.0,2048.0,2048.0,128.0,256.0,0.0,10.55,10.4,109.43,1.69,0.0,0.0,0.0,98.0
2026-09-15T22:24:42.466839407Z,2110.0,311.198,106.0,9.0,2048.0,2048.0,128.0,256.0,0.0,53.53,12.4,62.95,0.82,0.0,0.0,0.0,98.0
2026-09-15T22:24:42.599046724Z,2111.0,311.33,106.0,8.0,2048.0,2048.0,128.0,256.0,0.0,9.0,10.13,111.28,1.67,0.0,0.0,0.0,97.0
2026-09-15T22:24:42.731175501Z,2112.0,311.463,105.0,8.0,2048.0,2048.0,128.0,256.0,0.0,13.62,7.75,108.24,1.98,0.0,0.0,0.0,97.0
2026-09-15T22:24:42.862475898Z,2113.0,311.594,105.0,8.0,2048.0,2048.0,128.0,256.0,0.0,18.14,10.25,101.21,0.41,0.0,0.0,0.0,96.0
2026-09-15T22:24:42.994580284Z,2114.0,311.726,104.0,8.0,2048.0,2048.0,128.0,256.0,0.0,23.05,13.22,93.89,1.75,0.0,0.0,0.0,94.0
2026-09-15T22:24:43.126901512Z,2115.0,311.858,102.0,10.0,2048.0,2048.0,128.0,256.0,0.0,28.73,14.31,86.84,1.36,0.0,0.0,0.0,95.0
2026-09-15T22:24:43.343380316Z,2116.0,312.075,103.0,9.0,2048.0,2048.0,128.0,256.0,0.0,25.6,25.45,78.62,0.29,0.0,0.0,0.0,95.0
2026-09-15T22:24:43.469845214Z,2117.0,312.201,103.0,9.0,2048.0,2048.0,128.0,256.0,0.0,186.64,20.98,8.01,1.13,0.0,0.0,0.0,94.0
2026-09-15T22:24:43.603041081Z,2118.0,312.334,102.0,9.0,2048.0,2048.0,128.0,256.0,0.0,22.22,8.67,93.72,2.43,0.0,0.0,0.0,95.0
2026-09-15T22:24:43.733138018Z,2119.0,312.465,103.0,9.0,2048.0,2048.0,128.0,256.0,0.0,21.08,13.81,95.16,1.64,0.0,0.0,0.0,96.0
2026-09-15T22:24:43.864945305Z,2120.0,312.596,104.0,8.0,2048.0,2048.0,128.0,256.0,0.0,9.2,7.69,110.87,2.28,0.0,0.0,0.0,96.0
2026-09-15T22:24:43.996905202Z,2121.0,312.728,104.0,8.0,2048.0,2048.0,128.0,256.0,0.0,8.52,8.35,112.12,2.01,0.0,0.0,0.0,96.0
2026-09-15T22:24:44.127905769Z,2122.0,312.859,104.0,8.0,2048.0,2048.0,128.0,256.0,0.0,7.14,9.91,112.04,1.72,0.0,0.0,0.0,96.0
2026-09-15T22:24:44.259628676Z,2123.0,312.991,104.0,8.0,2048.0,2048.0,128.0,256.0,0.0,8.36,8.48,112.02,1.37,0.0,0.0,0.0,96.0
2026-09-15T22:24:44.391719733Z,2124.0,313.123,104.0,8.0,2048.0,2048.0,128.0,256.0,0.0,7.79,7.76,113.96,1.23,0.0,0.0,0.0,96.0
2026-09-15T22:24:44.522802380Z,2125.0,313.254,104.0,8.0,2048.0,2048.0,128.0,256.0,0.0,19.59,14.3,96.24,0.63,0.0,0.0,0.0,94.0
2026-09-15T22:24:44.654896257Z,2126.0,313.386,102.0,8.0,2048.0,2048.0,128.0,256.0,0.0,10.27,8.6,111.02,1.08,0.0,0.0,0.0,94.0
2026-09-15T22:24:44.786949114Z,2127.0,313.518,102.0,8.0,2048.0,2048.0,128.0,256.0,0.0,12.59,10.09,107.63,1.6,0.0,0.0,0.0,93.0
2026-09-15T22:24:44.918411551Z,2128.0,313.65,101.0,8.0,2048.0,2048.0,128.0,256.0,0.0,12.33,10.25,107.07,1.33,0.0,0.0,0.0,92.0
2026-09-15T22:24:45.051610888Z,2129.0,313.783,100.0,8.0,2048.0,2048.0,128.0,256.0,0.0,14.73,10.65,104.05,2.26,0.0,0.0,0.0,91.0
2026-09-15T22:24:45.241731903Z,2130.0,313.973,99.0,8.0,2048.0,2048.0,128.0,256.0,0.0,11.6,19.38,99.41,0.34,0.0,0.0,0.0,89.0
2026-09-15T22:24:45.375519810Z,2131.0,314.107,97.0,8.0,2048.0,2048.0,128.0,256.0,0.0,172.37,8.4,8.16,1.47,0.0,0.0,0.0,89.0
2026-09-15T22:24:45.507302187Z,2132.0,314.239,97.0,8.0,2048.0,2048.0,128.0,256.0,0.0,8.37,8.39,114.89,1.83,0.0,0.0,0.0,89.0
2026-09-15T22:24:45.639074454Z,2133.0,314.37,97.0,9.0,2048.0,2048.0,128.0,256.0,0.0,20.52,7.83,100.89,1.71,0.0,0.0,0.0,90.0
2026-09-15T22:24:45.771343271Z,2134.0,314.503,98.0,10.0,2048.0,2048.0,128.0,256.0,0.0,30.52,8.59,90.26,0.67,0.0,0.0,0.0,92.0
2026-09-15T22:24:45.902762618Z,2135.0,314.634,100.0,11.0,2048.0,2048.0,128.0,256.0,0.0,25.06,11.09,94.71,1.46,0.0,0.0,0.0,94.0
2026-09-15T22:24:46.034103555Z,2136.0,314.766,102.0,9.0,2048.0,2048.0,128.0,256.0,0.0,25.43,8.54,95.46,1.25,0.0,0.0,0.0,95.0
2026-09-15T22:24:46.165666802Z,2137.0,314.897,103.0,8.0,2048.0,2048.0,128.0,256.0,0.0,7.72,8.39,113.4,1.72,0.0,0.0,0.0,95.0
2026-09-15T22:24:46.297100849Z,2138.0,315.028,103.0,8.0,2048.0,2048.0,128.0,256.0,0.0,7.23,8.16,113.69,0.38,0.0,0.0,0.0,95.0
2026-09-15T22:24:46.429042556Z,2139.0,315.16,103.0,8.0,2048.0,2048.0,128.0,256.0,0.0,8.25,16.28,105.81,0.78,0.0,0.0,0.0,95.0
2026-09-15T22:24:46.560601094Z,2140.0,315.292,103.0,8.0,2048.0,2048.0,128.0,256.0,0.0,11.79,10.64,107.91,0.98,0.0,0.0,0.0,94.0
2026-09-15T22:24:46.691673290Z,2141.0,315.423,102.0,8.0,2048.0,2048.0,128.0,256.0,0.0,14.78,10.51,104.9,0.8,0.0,0.0,0.0,93.0
2026-09-15T22:24:46.822879768Z,2142.0,315.554,101.0,8.0,2048.0,2048.0,128.0,256.0,0.0,19.43,14.35,95.43,0.44,0.0,0.0,0.0,91.0
2026-09-15T22:24:46.954904285Z,2143.0,315.686,99.0,8.0,2048.0,2048.0,128.0,256.0,0.0,17.09,11.61,101.08,0.81,0.0,0.0,0.0,91.0
2026-09-15T22:24:47.086338081Z,2144.0,315.818,99.0,8.0,2048.0,2048.0,128.0,256.0,0.0,15.3,15.4,99.45,1.44,0.0,0.0,0.0,88.0
2026-09-15T22:24:47.218173708Z,2145.0,315.95,96.0,8.0,2048.0,2048.0,128.0,256.0,0.0,20.43,10.75,98.61,1.36,0.0,0.0,0.0,87.0
2026-09-15T22:24:47.424887434Z,2146.0,316.156,95.0,8.0,2048.0,2048.0,128.0,256.0,0.0,16.52,20.1,93.34,0.35,0.0,0.0,0.0,86.0
2026-09-15T22:24:47.551040011Z,2147.0,316.282,94.0,8.0,2048.0,2048.0,128.0,256.0,0.0,189.3,8.15,8.33,0.33,0.0,0.0,0.0,86.0
2026-09-15T22:24:47.683718568Z,2148.0,316.415,94.0,9.0,2048.0,2048.0,128.0,256.0,0.0,33.16,12.54,79.42,2.25,0.0,0.0,0.0,86.0
2026-09-15T22:24:47.815368185Z,2149.0,316.547,94.0,10.0,2048.0,2048.0,128.0,256.0,0.0,28.11,9.58,92.0,2.33,0.0,0.0,0.0,88.0
2026-09-15T22:24:47.947212822Z,2150.0,316.679,96.0,9.0,2048.0,2048.0,128.0,256.0,0.0,24.73,9.02,94.84,1.53,0.0,0.0,0.0,89.0
2026-09-15T22:24:48.078566099Z,2151.0,316.81,97.0,10.0,2048.0,2048.0,128.0,256.0,0.0,25.58,10.2,93.86,1.11,0.0,0.0,0.0,91.0
2026-09-15T22:24:48.210447526Z,2152.0,316.942,99.0,8.0,2048.0,2048.0,128.0,256.0,0.0,14.47,10.27,104.95,0.44,0.0,0.0,0.0,90.0
2026-09-15T22:24:48.341978083Z,2153.0,317.073,98.0,9.0,2048.0,2048.0,128.0,256.0,0.0,29.59,11.07,89.95,0.67,0.0,0.0,0.0,91.0
2026-09-15T22:24:48.474991300Z,2154.0,317.206,99.0,9.0,2048.0,2048.0,128.0,256.0,0.0,27.57,9.19,93.51,1.09,0.0,0.0,0.0,92.0
2026-09-15T22:24:48.605277847Z,2155.0,317.337,100.0,8.0,2048.0,2048.0,128.0,256.0,0.0,7.33,7.84,115.85,0.71,0.0,0.0,0.0,92.0
2026-09-15T22:24:48.736526124Z,2156.0,317.468,100.0,8.0,2048.0,2048.0,128.0,256.0,0.0,13.38,10.91,104.33,0.88,0.0,0.0,0.0,91.0
2026-09-15T22:24:48.867504221Z,2157.0,317.599,99.0,8.0,2048.0,2048.0,128.0,256.0,0.0,9.09,13.88,106.56,1.54,0.0,0.0,0.0,90.0
2026-09-15T22:24:48.999154658Z,2158.0,317.731,98.0,8.0,2048.0,2048.0,128.0,256.0,0.0,13.6,14.15,101.22,1.31,0.0,0.0,0.0,90.0
2026-09-15T22:24:49.130686455Z,2159.0,317.862,98.0,8.0,2048.0,2048.0,128.0,256.0,0.0,10.92,8.8,110.05,2.12,0.0,0.0,0.0,90.0
2026-09-15T22:24:49.261738902Z,2160.0,317.993,98.0,8.0,2048.0,2048.0,128.0,256.0,0.0,7.62,8.07,112.94,1.27,0.0,0.0,0.0,90.0
2026-09-15T22:24:49.392731169Z,2161.0,318.124,98.0,8.0,2048.0,2048.0,128.0,256.0,0.0,9.83,9.93,109.47,0.49,0.0,0.0,0.0,89.0
2026-09-15T22:24:49.524139696Z,2162.0,318.256,97.0,8.0,2048.0,2048.0,128.0,256.0,0.0,14.58,12.87,102.37,1.67,0.0,0.0,0.0,88.0
2026-09-15T22:24:49.655984063Z,2163.0,318.387,96.0,8.0,2048.0,2048.0,128.0,256.0,0.0,19.69,8.45,100.84,0.7,0.0,0.0,0.0,88.0
2026-09-15T22:24:49.865581578Z,2164.0,318.597,96.0,8.0,2048.0,2048.0,128.0,256.0,0.0,8.85,10.16,111.16,0.27,0.0,0.0,0.0,88.0
2026-09-15T22:24:49.993367305Z,2165.0,318.725,96.0,9.0,2048.0,2048.0,128.0,256.0,0.0,184.14,17.06,7.4,1.07,0.0,0.0,0.0,86.0
2026-09-15T22:24:50.126079532Z,2166.0,318.857,94.0,8.0,2048.0,2048.0,128.0,256.0,0.0,9.58,9.92,106.43,3.24,0.0,0.0,0.0,85.0
2026-09-15T22:24:50.255868439Z,2167.0,318.987,93.0,8.0,2048.0,2048.0,128.0,256.0,0.0,12.59,7.84,108.56,0.42,0.0,0.0,0.0,85.0
2026-09-15T22:24:50.387252586Z,2168.0,319.119,93.0,10.0,2048.0,2048.0,128.0,256.0,0.0,36.98,14.72,76.85,1.38,0.0,0.0,0.0,85.0
2026-09-15T22:24:50.518563813Z,2169.0,319.25,93.0,10.0,2048.0,2048.0,128.0,256.0,0.0,33.22,12.66,83.17,0.78,0.0,0.0,0.0,87.0
2026-09-15T22:24:50.650012880Z,2170.0,319.381,95.0,8.0,2048.0,2048.0,128.0,256.0,0.0,9.14,8.31,112.4,0.8,0.0,0.0,0.0,87.0
2026-09-15T22:24:50.781821227Z,2171.0,319.513,95.0,8.0,2048.0,2048.0,128.0,256.0,0.0,15.76,8.15,106.12,1.59,0.0,0.0,0.0,87.0
2026-09-15T22:24:50.912504995Z,2172.0,319.644,95.0,8.0,2048.0,2048.0,128.0,256.0,0.0,13.39,10.78,105.22,0.64,0.0,0.0,0.0,87.0
2026-09-15T22:24:51.044697061Z,2173.0,319.776,95.0,8.0,2048.0,2048.0,128.0,256.0,0.0,7.89,8.46,112.82,1.94,0.0,0.0,0.0,87.0
2026-09-15T22:24:51.175055969Z,2174.0,319.906,95.0,10.0,2048.0,2048.0,128.0,256.0,0.0,31.77,13.0,84.94,1.56,0.0,0.0,0.0,87.0
2026-09-15T22:24:51.306630306Z,2175.0,320.038,95.0,8.0,2048.0,2048.0,128.0,256.0,0.0,17.0,7.5,103.65,1.25,0.0,0.0,0.0,87.0
2026-09-15T22:24:51.437680092Z,2176.0,320.169,95.0,9.0,2048.0,2048.0,128.0,256.0,0.0,22.76,8.46,98.33,0.58,0.0,0.0,0.0,88.0
2026-09-15T22:24:51.629590298Z,2177.0,320.361,96.0,8.0,2048.0,2048.0,128.0,256.0,0.0,8.12,12.88,106.7,0.28,0.0,0.0,0.0,88.0
2026-09-15T22:24:51.760318745Z,2178.0,320.492,96.0,8.0,2048.0,2048.0,128.0,256.0,0.0,176.22,8.49,6.42,0.67,0.0,0.0,0.0,88.0
2026-09-15T22:24:51.891811452Z,2179.0,320.623,96.0,8.0,2048.0,2048.0,128.0,256.0,0.0,8.18,11.84,109.19,1.04,0.0,0.0,0.0,87.0
2026-09-15T22:24:52.023298449Z,2180.0,320.755,95.0,8.0,2048.0,2048.0,128.0,256.0,0.0,14.3,10.45,104.93,1.9,0.0,0.0,0.0,86.0
2026-09-15T22:24:52.155756626Z,2181.0,320.887,94.0,8.0,2048.0,2048.0,128.0,256.0,0.0,12.64,9.1,107.05,0.84,0.0,0.0,0.0,86.0
2026-09-15T22:24:52.286652293Z,2182.0,321.018,94.0,8.0,2048.0,2048.0,128.0,256.0,0.0,15.62,13.11,101.81,0.73,0.0,0.0,0.0,84.0
2026-09-15T22:24:52.418135240Z,2183.0,321.15,92.0,8.0,2048.0,2048.0,128.0,256.0,0.0,13.92,13.81,102.24,0.66,0.0,0.0,0.0,84.0
2026-09-15T22:24:52.550022037Z,2184.0,321.281,92.0,9.0,2048.0,2048.0,128.0,256.0,0.0,22.44,12.32,94.87,0.93,0.0,0.0,0.0,85.0
2026-09-15T22:24:52.681937124Z,2185.0,321.413,93.0,8.0,2048.0,2048.0,128.0,256.0,0.0,7.29,8.01,115.15,1.19,0.0,0.0,0.0,85.0
2026-09-15T22:24:52.813944741Z,2186.0,321.545,93.0,10.0,2048.0,2048.0,128.0,256.0,0.0,30.75,8.97,90.38,0.37,0.0,0.0,0.0,87.0
2026-09-15T22:24:52.945450968Z,2187.0,321.677,95.0,8.0,2048.0,2048.0,128.0,256.0,0.0,10.0,10.1,110.82,0.69,0.0,0.0,0.0,86.0
2026-09-15T22:24:53.077806695Z,2188.0,321.809,94.0,8.0,2048.0,2048.0,128.0,256.0,0.0,12.11,8.19,109.97,1.59,0.0,0.0,0.0,86.0
2026-09-15T22:24:53.210157592Z,2189.0,321.941,94.0,9.0,2048.0,2048.0,128.0,256.0,0.0,24.08,8.32,97.81,1.43,0.0,0.0,0.0,87.0
2026-09-15T22:24:53.341310739Z,2190.0,322.073,95.0,8.0,2048.0,2048.0,128.0,256.0,0.0,12.78,10.51,106.93,1.31,0.0,0.0,0.0,86.0
2026-09-15T22:24:53.473020146Z,2191.0,322.204,94.0,9.0,2048.0,2048.0,128.0,256.0,0.0,32.64,8.52,88.1,1.66,0.0,0.0,0.0,87.0
2026-09-15T22:24:53.604250753Z,2192.0,322.336,95.0,10.0,2048.0,2048.0,128.0,256.0,0.0,31.91,11.77,85.86,1.73,0.0,0.0,0.0,89.0
2026-09-15T22:24:53.735921950Z,2193.0,322.467,97.0,8.0,2048.0,2048.0,128.0,256.0,0.0,8.55,8.24,112.11,1.26,0.0,0.0,0.0,89.0
2026-09-15T22:24:53.866998367Z,2194.0,322.598,97.0,8.0,2048.0,2048.0,128.0,256.0,0.0,7.68,8.05,114.13,0.73,0.0,0.0,0.0,89.0
2026-09-15T22:24:53.998035404Z,2195.0,322.729,97.0,9.0,2048.0,2048.0,128.0,256.0,0.0,28.19,9.87,91.44,0.45,0.0,0.0,0.0,90.0
2026-09-15T22:24:54.130181931Z,2196.0,322.862,98.0,8.0,2048.0,2048.0,128.0,256.0,0.0,8.48,8.09,113.35,0.76,0.0,0.0,0.0,90.0
2026-09-15T22:24:54.261295748Z,2197.0,322.993,98.0,8.0,2048.0,2048.0,128.0,256.0,0.0,16.41,14.05,100.33,2.06,0.0,0.0,0.0,88.0
2026-09-15T22:24:54.393486455Z,2198.0,323.125,96.0,8.0,2048.0,2048.0,128.0,256.0,0.0,14.64,7.6,106.14,1.94,0.0,0.0,0.0,88.0
2026-09-15T22:24:54.567830001Z,2199.0,323.299,96.0,8.0,2048.0,2048.0,128.0,256.0,0.0,17.88,17.11,94.72,0.28,0.0,0.0,0.0,87.0
2026-09-15T22:24:54.696398918Z,2200.0,323.428,95.0,8.0,2048.0,2048.0,128.0,256.0,0.0,159.25,7.87,6.36,0.33,0.0,0.0,0.0,87.0
2026-09-15T22:24:54.827946765Z,2201.0,323.559,95.0,9.0,2048.0,2048.0,128.0,256.0,0.0,26.26,10.26,91.0,0.93,0.0,0.0,0.0,87.0
2026-09-15T22:24:54.960464422Z,2202.0,323.692,95.0,8.0,2048.0,2048.0,128.0,256.0,0.0,8.85,8.16,113.01,1.96,0.0,0.0,0.0,87.0
2026-09-15T22:24:55.091476059Z,2203.0,323.823,95.0,8.0,2048.0,2048.0,128.0,256.0,0.0,10.25,12.15,107.42,0.81,0.0,0.0,0.0,86.0
2026-09-15T22:24:55.222656836Z,2204.0,323.954,94.0,8.0,2048.0,2048.0,128.0,256.0,0.0,9.11,7.93,112.49,1.02,0.0,0.0,0.0,86.0
2026-09-15T22:24:55.354490263Z,2205.0,324.086,94.0,9.0,2048.0,2048.0,128.0,256.0,0.0,22.78,10.3,96.34,1.53,0.0,0.0,0.0,87.0
2026-09-15T22:24:55.485401211Z,2206.0,324.217,95.0,8.0,2048.0,2048.0,128.0,256.0,0.0,14.46,7.99,107.28,0.72,0.0,0.0,0.0,87.0
2026-09-15T22:24:55.617284317Z,2207.0,324.349,95.0,8.0,2048.0,2048.0,128.0,256.0,0.0,8.22,7.97,113.34,0.76,0.0,0.0,0.0,87.0
2026-09-15T22:24:55.749094434Z,2208.0,324.48,95.0,9.0,2048.0,2048.0,128.0,256.0,0.0,23.34,8.42,98.81,0.85,0.0,0.0,0.0,88.0
2026-09-15T22:24:55.881262301Z,2209.0,324.613,96.0,8.0,2048.0,2048.0,128.0,256.0,0.0,8.86,10.37,111.07,1.82,0.0,0.0,0.0,87.0
2026-09-15T22:24:56.012816488Z,2210.0,324.744,95.0,8.0,2048.0,2048.0,128.0,256.0,0.0,12.68,8.41,108.6,1.33,0.0,0.0,0.0,87.0
2026-09-15T22:24:56.143951025Z,2211.0,324.875,95.0,9.0,2048.0,2048.0,128.0,256.0,0.0,22.65,10.78,96.15,1.23,0.0,0.0,0.0,87.0
2026-09-15T22:24:56.275382422Z,2212.0,325.007,95.0,8.0,2048.0,2048.0,128.0,256.0,0.0,15.43,18.83,95.02,1.5,0.0,0.0,0.0,86.0
2026-09-15T22:24:56.406151090Z,2213.0,325.138,94.0,9.0,2048.0,2048.0,128.0,256.0,0.0,23.71,9.12,96.42,1.19,0.0,0.0,0.0,87.0
2026-09-15T22:24:56.537417276Z,2214.0,325.269,95.0,9.0,2048.0,2048.0,128.0,256.0,0.0,27.8,8.33,92.91,0.92,0.0,0.0,0.0,88.0
2026-09-15T22:24:56.669409693Z,2215.0,325.401,96.0,8.0,2048.0,2048.0,128.0,256.0,0.0,8.06,7.7,113.96,2.04,0.0,0.0,0.0,88.0
2026-09-15T22:24:56.800228030Z,2216.0,325.532,96.0,8.0,2048.0,2048.0,128.0,256.0,0.0,9.58,7.93,111.71,1.52,0.0,0.0,0.0,88.0
2026-09-15T22:24:56.930901258Z,2217.0,325.662,96.0,8.0,2048.0,2048.0,128.0,256.0,0.0,11.46,11.22,106.0,0.41,0.0,0.0,0.0,87.0
2026-09-15T22:24:57.062710864Z,2218.0,325.794,95.0,9.0,2048.0,2048.0,128.0,256.0,0.0,35.82,8.57,85.23,1.57,0.0,0.0,0.0,88.0
2026-09-15T22:24:57.194020892Z,2219.0,325.925,96.0,9.0,2048.0,2048.0,128.0,256.0,0.0,21.1,8.44,100.08,0.95,0.0,0.0,0.0,89.0
2026-09-15T22:24:57.325248769Z,2220.0,326.057,97.0,9.0,2048.0,2048.0,128.0,256.0,0.0,24.01,10.13,95.6,1.53,0.0,0.0,0.0,90.0
2026-09-15T22:24:57.456516286Z,2221.0,326.188,98.0,8.0,2048.0,2048.0,128.0,256.0,0.0,7.37,7.98,113.6,0.34,0.0,0.0,0.0,90.0
2026-09-15T22:24:57.587938343Z,2222.0,326.319,98.0,9.0,2048.0,2048.0,128.0,256.0,0.0,27.23,8.49,94.62,0.43,0.0,0.0,0.0,91.0
2026-09-15T22:24:57.719646370Z,2223.0,326.451,99.0,8.0,2048.0,2048.0,128.0,256.0,0.0,7.94,8.13,114.31,0.9,0.0,0.0,0.0,91.0
2026-09-15T22:24:57.851333726Z,2224.0,326.583,99.0,8.0,2048.0,2048.0,128.0,256.0,0.0,8.85,9.03,112.17,1.91,0.0,0.0,0.0,91.0
2026-09-15T22:24:57.982686094Z,2225.0,326.714,99.0,8.0,2048.0,2048.0,128.0,256.0,0.0,6.96,7.75,114.31,0.48,0.0,0.0,0.0,91.0
2026-09-15T22:24:58.114703440Z,2226.0,326.846,99.0,8.0,2048.0,2048.0,128.0,256.0,0.0,7.63,7.86,114.82,1.51,0.0,0.0,0.0,91.0
2026-09-15T22:24:58.245527238Z,2227.0,326.977,99.0,10.0,2048.0,2048.0,128.0,256.0,0.0,40.14,13.34,76.29,0.7,0.0,0.0,0.0,91.0
2026-09-15T22:24:58.377077255Z,2228.0,327.108,99.0,9.0,2048.0,2048.0,128.0,256.0,0.0,33.17,9.25,87.04,0.6,0.0,0.0,0.0,92.0
2026-09-15T22:24:58.507961142Z,2229.0,327.239,100.0,8.0,2048.0,2048.0,128.0,256.0,0.0,6.9,7.73,115.59,0.73,0.0,0.0,0.0,92.0
2026-09-15T22:24:58.638922119Z,2230.0,327.37,100.0,8.0,2048.0,2048.0,128.0,256.0,0.0,7.45,7.72,114.33,0.8,0.0,0.0,0.0,92.0
2026-09-15T22:24:58.807916375Z,2231.0,327.539,100.0,9.0,2048.0,2048.0,128.0,256.0,0.0,26.8,8.43,94.31,0.28,0.0,0.0,0.0,93.0
2026-09-15T22:24:58.935765852Z,2232.0,327.667,101.0,8.0,2048.0,2048.0,128.0,256.0,0.0,150.95,9.89,7.35,1.4,0.0,0.0,0.0,92.0
2026-09-15T22:24:59.066794519Z,2233.0,327.798,100.0,8.0,2048.0,2048.0,128.0,256.0,0.0,8.28,7.54,109.99,0.62,0.0,0.0,0.0,92.0
2026-09-15T22:24:59.198181966Z,2234.0,327.93,100.0,8.0,2048.0,2048.0,128.0,256.0,0.0,7.32,7.87,114.69,0.91,0.0,0.0,0.0,92.0
2026-09-15T22:24:59.329638153Z,2235.0,328.061,100.0,9.0,2048.0,2048.0,128.0,256.0,0.0,24.34,10.91,94.37,1.63,0.0,0.0,0.0,92.0
2026-09-15T22:24:59.460604180Z,2236.0,328.192,100.0,8.0,2048.0,2048.0,128.0,256.0,0.0,14.08,8.05,107.06,0.58,0.0,0.0,0.0,92.0
2026-09-15T22:24:59.592310927Z,2237.0,328.324,100.0,8.0,2048.0,2048.0,128.0,256.0,0.0,8.31,8.69,112.69,1.15,0.0,0.0,0.0,92.0
2026-09-15T22:24:59.723580624Z,2238.0,328.455,100.0,9.0,2048.0,2048.0,128.0,256.0,0.0,21.19,8.24,100.52,1.11,0.0,0.0,0.0,93.0
2026-09-15T22:24:59.854793711Z,2239.0,328.586,101.0,8.0,2048.0,2048.0,128.0,256.0,0.0,8.24,8.68,112.57,0.89,0.0,0.0,0.0,93.0
2026-09-15T22:24:59.986809528Z,2240.0,328.718,101.0,8.0,2048.0,2048.0,128.0,256.0,0.0,8.81,7.62,113.28,1.34,0.0,0.0,0.0,93.0
2026-09-15T22:25:00.117760575Z,2241.0,328.849,101.0,8.0,2048.0,2048.0,128.0,256.0,0.0,11.94,10.42,107.81,1.4,0.0,0.0,0.0,92.0
2026-09-15T22:25:00.249882342Z,2242.0,328.981,100.0,8.0,2048.0,2048.0,128.0,256.0,0.0,7.82,8.41,112.57,1.65,0.0,0.0,0.0,92.0
2026-09-15T22:25:00.380843819Z,2243.0,329.112,100.0,8.0,2048.0,2048.0,128.0,256.0,0.0,7.88,8.18,113.71,1.63,0.0,0.0,0.0,92.0
2026-09-15T22:25:00.512641936Z,2244.0,329.244,100.0,10.0,2048.0,2048.0,128.0,256.0,0.0,36.1,8.84,83.77,0.39,0.0,0.0,0.0,94.0
2026-09-15T22:25:00.643843833Z,2245.0,329.375,102.0,8.0,2048.0,2048.0,128.0,256.0,0.0,8.96,11.15,110.52,0.63,0.0,0.0,0.0,93.0
2026-09-15T22:25:00.775497630Z,2246.0,329.507,101.0,8.0,2048.0,2048.0,128.0,256.0,0.0,12.71,7.96,109.41,0.4,0.0,0.0,0.0,93.0
2026-09-15T22:25:00.907238217Z,2247.0,329.639,101.0,8.0,2048.0,2048.0,128.0,256.0,0.0,9.47,11.1,109.85,1.1,0.0,0.0,0.0,92.0
2026-09-15T22:25:01.038169314Z,2248.0,329.77,100.0,10.0,2048.0,2048.0,128.0,256.0,0.0,35.36,9.26,85.22,0.99,0.0,0.0,0.0,94.0
2026-09-15T22:25:01.169955431Z,2249.0,329.901,102.0,9.0,2048.0,2048.0,128.0,256.0,0.0,26.84,11.89,90.69,1.53,0.0,0.0,0.0,94.0
2026-09-15T22:25:01.300817468Z,2250.0,330.032,102.0,8.0,2048.0,2048.0,128.0,256.0,0.0,13.03,9.56,107.21,0.79,0.0,0.0,0.0,94.0
2026-09-15T22:25:01.432397275Z,2251.0,330.164,102.0,8.0,2048.0,2048.0,128.0,256.0,0.0,8.85,8.25,112.18,0.87,0.0,0.0,0.0,94.0
2026-09-15T22:25:01.563923432Z,2252.0,330.295,102.0,9.0,2048.0,2048.0,128.0,256.0,0.0,23.36,8.66,97.97,1.84,0.0,0.0,0.0,95.0
2026-09-15T22:25:01.695362319Z,2253.0,330.427,103.0,8.0,2048.0,2048.0,128.0,256.0,0.0,7.33,7.54,114.18,1.65,0.0,0.0,0.0,95.0
2026-09-15T22:25:01.827705026Z,2254.0,330.559,103.0,9.0,2048.0,2048.0,128.0,256.0,0.0,30.99,8.14,89.87,0.61,0.0,0.0,0.0,96.0
2026-09-15T22:25:01.959249653Z,2255.0,330.691,104.0,8.0,2048.0,2048.0,128.0,256.0,0.0,14.39,13.19,103.01,1.36,0.0,0.0,0.0,94.0
2026-09-15T22:25:02.090263040Z,2256.0,330.822,102.0,8.0,2048.0,2048.0,128.0,256.0,0.0,18.02,11.03,100.81,1.34,0.0,0.0,0.0,93.0
2026-09-15T22:25:02.222831467Z,2257.0,330.953,101.0,8.0,2048.0,2048.0,128.0,256.0,0.0,13.66,11.09,104.1,0.73,0.0,0.0,0.0,92.0
2026-09-15T22:25:02.402212333Z,2258.0,331.134,100.0,8.0,2048.0,2048.0,128.0,256.0,0.0,11.4,12.16,106.68,0.27,0.0,0.0,0.0,92.0
2026-09-15T22:25:02.529443140Z,2259.0,331.261,100.0,8.0,2048.0,2048.0,128.0,256.0,0.0,159.99,11.38,7.93,1.18,0.0,0.0,0.0,91.0
2026-09-15T22:25:02.661343607Z,2260.0,331.393,99.0,8.0,2048.0,2048.0,128.0,256.0,0.0,7.6,8.53,109.21,1.74,0.0,0.0,0.0,91.0
2026-09-15T22:25:02.793037134Z,2261.0,331.524,99.0,8.0,2048.0,2048.0,128.0,256.0,0.0,9.09,9.52,111.0,0.98,0.0,0.0,0.0,91.0
2026-09-15T22:25:02.924719241Z,2262.0,331.656,99.0,8.0,2048.0,2048.0,128.0,256.0,0.0,7.77,7.98,114.27,0.49,0.0,0.0,0.0,91.0
2026-09-15T22:25:03.056995098Z,2263.0,331.788,99.0,8.0,2048.0,2048.0,128.0,256.0,0.0,8.78,7.81,113.63,1.17,0.0,0.0,0.0,91.0
2026-09-15T22:25:03.188601295Z,2264.0,331.92,99.0,9.0,2048.0,2048.0,128.0,256.0,0.0,24.9,9.7,95.8,1.24,0.0,0.0,0.0,92.0
2026-09-15T22:25:03.320051972Z,2265.0,332.051,100.0,8.0,2048.0,2048.0,128.0,256.0,0.0,7.97,8.0,113.8,1.75,0.0,0.0,0.0,92.0
2026-09-15T22:25:03.452623489Z,2266.0,332.184,100.0,9.0,2048.0,2048.0,128.0,256.0,0.0,28.58,8.47,91.99,0.67,0.0,0.0,0.0,93.0
2026-09-15T22:25:03.584111156Z,2267.0,332.315,101.0,8.0,2048.0,2048.0,128.0,256.0,0.0,9.74,10.3,110.68,0.96,0.0,0.0,0.0,92.0
2026-09-15T22:25:03.716066233Z,2268.0,332.447,100.0,12.0,2048.0,2048.0,128.0,256.0,0.0,31.55,9.82,88.61,1.37,0.0,0.0,0.0,96.0
2026-09-15T22:25:03.847955950Z,2269.0,332.579,104.0,8.0,2048.0,2048.0,128.0,256.0,0.0,7.82,7.39,114.88,1.51,0.0,0.0,0.0,96.0
2026-09-15T22:25:03.979367767Z,2270.0,332.711,104.0,8.0,2048.0,2048.0,128.0,256.0,0.0,7.82,7.37,114.49,1.28,0.0,0.0,0.0,96.0
2026-09-15T22:25:04.110253054Z,2271.0,332.842,104.0,8.0,2048.0,2048.0,128.0,256.0,0.0,8.63,7.45,113.41,0.79,0.0,0.0,0.0,96.0
2026-09-15T22:25:04.241963411Z,2272.0,332.973,104.0,8.0,2048.0,2048.0,128.0,256.0,0.0,10.14,10.35,109.25,1.03,0.0,0.0,0.0,95.0
2026-09-15T22:25:04.373753778Z,2273.0,333.105,103.0,8.0,2048.0,2048.0,128.0,256.0,0.0,16.69,10.51,102.69,2.39,0.0,0.0,0.0,94.0
2026-09-15T22:25:04.776844279Z,2274.0,333.508,102.0,9.0,2048.0,2048.0,128.0,256.0,0.0,28.59,8.41,91.92,0.28,0.0,0.0,0.0,95.0
2026-09-15T22:25:04.901551796Z,2275.0,333.633,103.0,8.0,2048.0,2048.0,128.0,256.0,0.0,384.38,7.8,10.19,0.62,0.0,0.0,0.0,95.0
2026-09-15T22:25:05.033407693Z,2276.0,333.765,103.0,8.0,2048.0,2048.0,128.0,256.0,0.0,7.26,10.22,105.92,0.52,0.0,0.0,0.0,95.0
2026-09-15T22:25:05.165653300Z,2277.0,333.897,103.0,8.0,2048.0,2048.0,128.0,256.0,0.0,7.61,7.63,115.48,1.08,0.0,0.0,0.0,95.0
2026-09-15T22:25:05.297463007Z,2278.0,334.029,103.0,8.0,2048.0,2048.0,128.0,256.0,0.0,8.66,10.69,111.03,0.58,0.0,0.0,0.0,94.0
2026-09-15T22:25:05.428869954Z,2279.0,334.16,102.0,9.0,2048.0,2048.0,128.0,256.0,0.0,28.42,8.47,93.55,2.13,0.0,0.0,0.0,95.0
2026-09-15T22:25:05.560225801Z,2280.0,334.292,103.0,9.0,2048.0,2048.0,128.0,256.0,0.0,24.07,8.56,95.96,1.9,0.0,0.0,0.0,96.0
2026-09-15T22:25:05.691725359Z,2281.0,334.423,104.0,8.0,2048.0,2048.0,128.0,256.0,0.0,9.02,9.97,109.86,0.77,0.0,0.0,0.0,95.0
2026-09-15T22:25:05.823556875Z,2282.0,334.555,103.0,8.0,2048.0,2048.0,128.0,256.0,0.0,12.74,8.46,108.83,0.63,0.0,0.0,0.0,95.0
2026-09-15T22:25:05.954782302Z,2283.0,334.686,103.0,10.0,2048.0,2048.0,128.0,256.0,0.0,23.5,10.13,96.46,0.68,0.0,0.0,0.0,97.0
2026-09-15T22:25:06.087316159Z,2284.0,334.818,105.0,9.0,2048.0,2048.0,128.0,256.0,0.0,23.31,16.97,89.95,0.4,0.0,0.0,0.0,98.0
2026-09-15T22:25:06.218031516Z,2285.0,334.949,106.0,8.0,2048.0,2048.0,128.0,256.0,0.0,15.15,14.32,101.56,0.6,0.0,0.0,0.0,96.0
2026-09-15T22:25:06.408659302Z,2286.0,335.14,104.0,9.0,2048.0,2048.0,128.0,256.0,0.0,30.57,16.57,82.39,0.34,0.0,0.0,0.0,96.0
2026-09-15T22:25:06.536591349Z,2287.0,335.268,104.0,8.0,2048.0,2048.0,128.0,256.0,0.0,173.1,9.25,7.25,0.98,0.0,0.0,0.0,96.0
2026-09-15T22:25:06.667745186Z,2288.0,335.399,104.0,8.0,2048.0,2048.0,128.0,256.0,0.0,8.59,7.57,110.09,1.37,0.0,0.0,0.0,96.0
2026-09-15T22:25:06.798561473Z,2289.0,335.53,104.0,9.0,2048.0,2048.0,128.0,256.0,0.0,32.27,8.28,88.67,1.46,0.0,0.0,0.0,97.0
2026-09-15T22:25:06.930382660Z,2290.0,335.662,105.0,8.0,2048.0,2048.0,128.0,256.0,0.0,8.07,8.18,112.46,0.46,0.0,0.0,0.0,97.0
2026-09-15T22:25:07.061025217Z,2291.0,335.792,105.0,8.0,2048.0,2048.0,128.0,256.0,0.0,11.72,8.64,110.28,0.87,0.0,0.0,0.0,97.0
2026-09-15T22:25:07.192544084Z,2292.0,335.924,105.0,8.0,2048.0,2048.0,128.0,256.0,0.0,8.08,8.29,112.72,0.36,0.0,0.0,0.0,97.0
2026-09-15T22:25:07.324153281Z,2293.0,336.056,105.0,8.0,2048.0,2048.0,128.0,256.0,0.0,7.59,8.18,114.79,1.41,0.0,0.0,0.0,97.0
2026-09-15T22:25:07.455844138Z,2294.0,336.187,105.0,8.0,2048.0,2048.0,128.0,256.0,0.0,7.69,7.53,114.46,1.04,0.0,0.0,0.0,97.0
2026-09-15T22:25:07.587481335Z,2295.0,336.319,105.0,10.0,2048.0,2048.0,128.0,256.0,0.0,25.26,9.38,95.37,1.1,0.0,0.0,0.0,99.0
2026-09-15T22:25:07.719537342Z,2296.0,336.451,107.0,8.0,2048.0,2048.0,128.0,256.0,0.0,7.54,8.04,114.26,0.74,0.0,0.0,0.0,99.0
2026-09-15T22:25:07.850638329Z,2297.0,336.582,107.0,8.0,2048.0,2048.0,128.0,256.0,0.0,10.11,10.48,109.95,0.82,0.0,0.0,0.0,98.0
2026-09-15T22:25:07.982255336Z,2298.0,336.714,106.0,9.0,2048.0,2048.0,128.0,256.0,0.0,29.02,10.26,89.86,0.77,0.0,0.0,0.0,99.0
2026-09-15T22:25:08.114096503Z,2299.0,336.845,107.0,9.0,2048.0,2048.0,128.0,256.0,0.0,27.01,9.5,93.62,0.7,0.0,0.0,0.0,100.0
2026-09-15T22:25:08.245913930Z,2300.0,336.977,108.0,9.0,2048.0,2048.0,128.0,256.0,0.0,28.42,10.79,91.12,1.96,0.0,0.0,0.0,100.0
2026-09-15T22:25:08.377012757Z,2301.0,337.108,108.0,9.0,2048.0,2048.0,128.0,256.0,0.0,39.83,9.0,80.5,1.29,0.0,0.0,0.0,101.0
2026-09-15T22:25:08.508686574Z,2302.0,337.24,109.0,9.0,2048.0,2048.0,128.0,256.0,0.0,45.06,8.38,75.61,0.39,0.0,0.0,0.0,102.0
2026-09-15T22:25:08.640895421Z,2303.0,337.372,110.0,8.0,2048.0,2048.0,128.0,256.0,0.0,11.3,11.19,108.18,2.05,0.0,0.0,0.0,101.0
2026-09-15T22:25:08.771533728Z,2304.0,337.503,109.0,8.0,2048.0,2048.0,128.0,256.0,0.0,7.72,8.25,113.44,0.56,0.0,0.0,0.0,101.0
2026-09-15T22:25:08.903118015Z,2305.0,337.634,109.0,8.0,2048.0,2048.0,128.0,256.0,0.0,9.27,9.2,110.96,0.89,0.0,0.0,0.0,101.0
2026-09-15T22:25:09.034427532Z,2306.0,337.766,109.0,8.0,2048.0,2048.0,128.0,256.0,0.0,8.16,8.35,113.57,0.56,0.0,0.0,0.0,101.0
2026-09-15T22:25:09.166392969Z,2307.0,337.898,109.0,8.0,2048.0,2048.0,128.0,256.0,0.0,7.8,9.62,112.64,0.79,0.0,0.0,0.0,101.0
2026-09-15T22:25:09.297382797Z,2308.0,338.029,109.0,8.0,2048.0,2048.0,128.0,256.0,0.0,7.88,8.79,113.8,1.61,0.0,0.0,0.0,101.0
2026-09-15T22:25:09.429405243Z,2309.0,338.161,109.0,8.0,2048.0,2048.0,128.0,256.0,0.0,14.65,12.59,101.55,0.74,0.0,0.0,0.0,100.0
2026-09-15T22:25:09.560801800Z,2310.0,338.292,108.0,8.0,2048.0,2048.0,128.0,256.0,0.0,12.38,14.86,103.13,0.76,0.0,0.0,0.0,99.0
2026-09-15T22:25:09.692187317Z,2311.0,338.424,107.0,8.0,2048.0,2048.0,128.0,256.0,0.0,14.17,9.82,106.14,1.22,0.0,0.0,0.0,99.0
2026-09-15T22:25:09.824279445Z,2312.0,338.556,107.0,8.0,2048.0,2048.0,128.0,256.0,0.0,13.21,11.31,104.83,1.03,0.0,0.0,0.0,98.0
2026-09-15T22:25:09.955598131Z,2313.0,338.687,106.0,8.0,2048.0,2048.0,128.0,256.0,0.0,12.7,8.06,109.64,1.31,0.0,0.0,0.0,98.0
2026-09-15T22:25:10.087327848Z,2314.0,338.819,106.0,8.0,2048.0,2048.0,128.0,256.0,0.0,8.94,8.14,112.14,1.0,0.0,0.0,0.0,98.0
2026-09-15T22:25:10.265211984Z,2315.0,338.997,106.0,11.0,2048.0,2048.0,128.0,256.0,0.0,29.33,12.3,88.36,0.3,0.0,0.0,0.0,100.0
2026-09-15T22:25:10.393734241Z,2316.0,339.125,108.0,8.0,2048.0,2048.0,128.0,256.0,0.0,159.93,10.33,6.89,1.48,0.0,0.0,0.0,99.0
2026-09-15T22:25:10.525674818Z,2317.0,339.257,107.0,9.0,2048.0,2048.0,128.0,256.0,0.0,23.7,9.71,92.93,1.41,0.0,0.0,0.0,100.0
2026-09-15T22:25:10.657093266Z,2318.0,339.388,108.0,9.0,2048.0,2048.0,128.0,256.0,0.0,25.83,13.14,90.81,0.96,0.0,0.0,0.0,100.0
2026-09-15T22:25:10.789364132Z,2319.0,339.521,108.0,9.0,2048.0,2048.0,128.0,256.0,0.0,25.71,9.66,94.56,0.64,0.0,0.0,0.0,101.0
2026-09-15T22:25:10.920818640Z,2320.0,339.652,109.0,8.0,2048.0,2048.0,128.0,256.0,0.0,13.58,12.66,104.64,0.73,0.0,0.0,0.0,100.0
2026-09-15T22:25:11.052363197Z,2321.0,339.784,108.0,8.0,2048.0,2048.0,128.0,256.0,0.0,13.1,12.31,104.74,1.71,0.0,0.0,0.0,99.0
2026-09-15T22:25:11.183854544Z,2322.0,339.915,107.0,8.0,2048.0,2048.0,128.0,256.0,0.0,13.28,8.24,107.65,0.48,0.0,0.0,0.0,99.0
2026-09-15T22:25:11.315084291Z,2323.0,340.047,107.0,8.0,2048.0,2048.0,128.0,256.0,0.0,7.97,8.33,113.91,1.15,0.0,0.0,0.0,99.0
2026-09-15T22:25:11.463552737Z,2324.0,340.178,107.0,8.0,2048.0,2048.0,128.0,256.0,0.0,9.35,9.34,110.8,2.13,0.0,0.0,0.0,99.0
2026-09-15T22:25:11.578184025Z,2325.0,340.31,107.0,8.0,2048.0,2048.0,128.0,256.0,0.0,8.53,7.73,112.65,0.68,0.0,0.0,0.0,99.0
2026-09-15T22:25:11.710294642Z,2326.0,340.442,107.0,8.0,2048.0,2048.0,128.0,256.0,0.0,25.0,9.09,96.05,0.6,0.0,0.0,0.0,99.0
2026-09-15T22:25:11.841394949Z,2327.0,340.573,107.0,9.0,2048.0,2048.0,128.0,256.0,0.0,33.84,13.44,83.47,0.82,0.0,0.0,0.0,98.0
2026-09-15T22:25:11.973161716Z,2328.0,340.705,106.0,8.0,2048.0,2048.0,128.0,256.0,0.0,13.14,8.35,108.26,1.62,0.0,0.0,0.0,98.0
2026-09-15T22:25:12.105481423Z,2329.0,340.837,106.0,8.0,2048.0,2048.0,128.0,256.0,0.0,7.63,7.83,114.09,1.96,0.0,0.0,0.0,98.0
2026-09-15T22:25:12.236813020Z,2330.0,340.968,106.0,8.0,2048.0,2048.0,128.0,256.0,0.0,13.57,11.86,104.36,1.16,0.0,0.0,0.0,96.0
2026-09-15T22:25:12.368344037Z,2331.0,341.1,104.0,10.0,2048.0,2048.0,128.0,256.0,0.0,31.01,8.65,89.81,1.28,0.0,0.0,0.0,98.0
2026-09-15T22:25:12.561180412Z,2332.0,341.293,106.0,8.0,2048.0,2048.0,128.0,256.0,0.0,14.19,10.95,104.54,0.28,0.0,0.0,0.0,97.0
2026-09-15T22:25:12.689114419Z,2333.0,341.421,105.0,9.0,2048.0,2048.0,128.0,256.0,0.0,176.87,8.67,6.39,1.33,0.0,0.0,0.0,98.0
2026-09-15T22:25:12.821098916Z,2334.0,341.552,106.0,8.0,2048.0,2048.0,128.0,256.0,0.0,7.66,8.95,109.32,1.53,0.0,0.0,0.0,98.0
2026-09-15T22:25:12.952670274Z,2335.0,341.684,106.0,10.0,2048.0,2048.0,128.0,256.0,0.0,23.88,14.65,91.04,0.79,0.0,0.0,0.0,100.0
2026-09-15T22:25:13.083656070Z,2336.0,341.815,108.0,9.0,2048.0,2048.0,128.0,256.0,0.0,29.37,14.46,86.19,0.73,0.0,0.0,0.0,100.0
2026-09-15T22:25:13.214651657Z,2337.0,341.946,108.0,8.0,2048.0,2048.0,128.0,256.0,0.0,14.68,10.77,103.95,1.17,0.0,0.0,0.0,100.0
2026-09-15T22:25:13.346751734Z,2338.0,342.078,108.0,9.0,2048.0,2048.0,128.0,256.0,0.0,26.23,9.39,93.71,1.49,0.0,0.0,0.0,101.0
2026-09-15T22:25:13.477752191Z,2339.0,342.209,109.0,8.0,2048.0,2048.0,128.0,256.0,0.0,12.99,20.26,96.61,0.81,0.0,0.0,0.0,99.0
2026-09-15T22:25:13.609133908Z,2340.0,342.341,107.0,8.0,2048.0,2048.0,128.0,256.0,0.0,19.27,10.2,100.15,0.74,0.0,0.0,0.0,98.0
2026-09-15T22:25:13.740318705Z,2341.0,342.472,106.0,8.0,2048.0,2048.0,128.0,256.0,0.0,10.0,13.9,105.93,0.59,0.0,0.0,0.0,98.0
2026-09-15T22:25:13.872057573Z,2342.0,342.603,106.0,8.0,2048.0,2048.0,128.0,256.0,0.0,8.82,8.04,113.05,1.77,0.0,0.0,0.0,98.0
2026-09-15T22:25:14.003574730Z,2343.0,342.735,106.0,8.0,2048.0,2048.0,128.0,256.0,0.0,8.6,7.97,112.92,1.34,0.0,0.0,0.0,98.0
2026-09-15T22:25:14.135835836Z,2344.0,342.867,106.0,8.0,2048.0,2048.0,128.0,256.0,0.0,7.9,8.46,113.08,0.48,0.0,0.0,0.0,98.0
2026-09-15T22:25:14.267354024Z,2345.0,342.999,106.0,8.0,2048.0,2048.0,128.0,256.0,0.0,13.65,13.43,103.6,0.75,0.0,0.0,0.0,96.0
2026-09-15T22:25:14.398367850Z,2346.0,343.13,104.0,8.0,2048.0,2048.0,128.0,256.0,0.0,15.09,9.17,105.82,1.58,0.0,0.0,0.0,96.0
2026-09-15T22:25:14.530333018Z,2347.0,343.262,104.0,8.0,2048.0,2048.0,128.0,256.0,0.0,9.26,9.68,109.83,0.61,0.0,0.0,0.0,96.0
2026-09-15T22:25:14.662116384Z,2348.0,343.394,104.0,9.0,2048.0,2048.0,128.0,256.0,0.0,24.21,9.29,97.22,1.38,0.0,0.0,0.0,97.0
2026-09-15T22:25:14.793833841Z,2349.0,343.525,105.0,8.0,2048.0,2048.0,128.0,256.0,0.0,8.5,8.28,113.08,1.88,0.0,0.0,0.0,97.0
2026-09-15T22:25:14.925321909Z,2350.0,343.657,105.0,9.0,2048.0,2048.0,128.0,256.0,0.0,20.83,8.36,100.05,0.69,0.0,0.0,0.0,98.0
2026-09-15T22:25:15.057010546Z,2351.0,343.788,106.0,11.0,2048.0,2048.0,128.0,256.0,0.0,45.54,14.69,69.72,0.78,0.0,0.0,0.0,99.0
2026-09-15T22:25:15.188472063Z,2352.0,343.92,107.0,8.0,2048.0,2048.0,128.0,256.0,0.0,15.3,16.19,98.75,1.33,0.0,0.0,0.0,98.0
2026-09-15T22:25:15.410685687Z,2353.0,344.142,106.0,9.0,2048.0,2048.0,128.0,256.0,0.0,28.09,8.28,93.05,0.32,0.0,0.0,0.0,99.0
2026-09-15T22:25:15.536258075Z,2354.0,344.268,107.0,9.0,2048.0,2048.0,128.0,256.0,0.0,198.81,13.98,8.41,1.1,0.0,0.0,0.0,98.0
2026-09-15T22:25:15.667627241Z,2355.0,344.399,106.0,8.0,2048.0,2048.0,128.0,256.0,0.0,9.67,7.91,106.16,0.91,0.0,0.0,0.0,98.0
2026-09-15T22:25:15.798912289Z,2356.0,344.53,106.0,8.0,2048.0,2048.0,128.0,256.0,0.0,8.16,8.13,113.45,1.17,0.0,0.0,0.0,98.0
2026-09-15T22:25:15.930635496Z,2357.0,344.662,106.0,9.0,2048.0,2048.0,128.0,256.0,0.0,40.1,12.75,76.39,0.57,0.0,0.0,0.0,98.0
2026-09-15T22:25:16.062185983Z,2358.0,344.794,106.0,8.0,2048.0,2048.0,128.0,256.0,0.0,13.68,12.68,103.98,1.56,0.0,0.0,0.0,97.0
2026-09-15T22:25:16.193463620Z,2359.0,344.925,105.0,8.0,2048.0,2048.0,128.0,256.0,0.0,9.6,8.11,111.73,1.27,0.0,0.0,0.0,97.0
2026-09-15T22:25:16.324898887Z,2360.0,345.056,105.0,8.0,2048.0,2048.0,128.0,256.0,0.0,8.79,8.38,112.17,1.21,0.0,0.0,0.0,97.0
2026-09-15T22:25:16.456580394Z,2361.0,345.188,105.0,8.0,2048.0,2048.0,128.0,256.0,0.0,9.23,8.57,111.88,0.7,0.0,0.0,0.0,97.0
2026-09-15T22:25:16.588636711Z,2362.0,345.32,105.0,8.0,2048.0,2048.0,128.0,256.0,0.0,8.45,8.59,113.32,1.0,0.0,0.0,0.0,97.0
2026-09-15T22:25:16.720147108Z,2363.0,345.452,105.0,8.0,2048.0,2048.0,128.0,256.0,0.0,7.99,9.27,112.98,0.6,0.0,0.0,0.0,97.0
2026-09-15T22:25:16.851494075Z,2364.0,345.583,105.0,8.0,2048.0,2048.0,128.0,256.0,0.0,15.67,12.66,101.89,1.22,0.0,0.0,0.0,95.0
2026-09-15T22:25:16.983737802Z,2365.0,345.715,103.0,9.0,2048.0,2048.0,128.0,256.0,0.0,23.16,13.89,92.32,1.72,0.0,0.0,0.0,96.0
2026-09-15T22:25:17.115003629Z,2366.0,345.846,104.0,9.0,2048.0,2048.0,128.0,256.0,0.0,28.27,15.92,85.66,0.94,0.0,0.0,0.0,97.0
2026-09-15T22:25:17.246788656Z,2367.0,345.978,105.0,8.0,2048.0,2048.0,128.0,256.0,0.0,8.61,7.85,113.31,1.7,0.0,0.0,0.0,97.0
2026-09-15T22:25:17.378254673Z,2368.0,346.11,105.0,10.0,2048.0,2048.0,128.0,256.0,0.0,25.48,8.64,95.26,0.68,0.0,0.0,0.0,99.0
2026-09-15T22:25:17.509425440Z,2369.0,346.241,107.0,8.0,2048.0,2048.0,128.0,256.0,0.0,7.29,7.61,115.28,1.33,0.0,0.0,0.0,99.0
2026-09-15T22:25:17.641535237Z,2370.0,346.373,107.0,8.0,2048.0,2048.0,128.0,256.0,0.0,7.89,8.41,112.84,0.98,0.0,0.0,0.0,99.0
2026-09-15T22:25:17.772376094Z,2371.0,346.504,107.0,9.0,2048.0,2048.0,128.0,256.0,0.0,25.62,8.01,96.82,1.38,0.0,0.0,0.0,100.0
2026-09-15T22:25:17.903871481Z,2372.0,346.635,108.0,8.0,2048.0,2048.0,128.0,256.0,0.0,9.78,9.67,109.35,0.87,0.0,0.0,0.0,100.0
2026-09-15T22:25:18.035513928Z,2373.0,346.767,108.0,9.0,2048.0,2048.0,128.0,256.0,0.0,22.71,8.2,99.02,0.81,0.0,0.0,0.0,101.0
2026-09-15T22:25:18.166849185Z,2374.0,346.898,109.0,8.0,2048.0,2048.0,128.0,256.0,0.0,13.92,12.46,103.75,0.59,0.0,0.0,0.0,99.0
2026-09-15T22:25:18.298829142Z,2375.0,347.03,107.0,8.0,2048.0,2048.0,128.0,256.0,0.0,13.12,9.02,107.86,0.87,0.0,0.0,0.0,99.0
2026-09-15T22:25:18.489240348Z,2376.0,347.221,107.0,8.0,2048.0,2048.0,128.0,256.0,0.0,15.17,21.46,93.8,0.29,0.0,0.0,0.0,98.0
2026-09-15T22:25:18.620160545Z,2377.0,347.352,106.0,8.0,2048.0,2048.0,128.0,256.0,0.0,172.21,9.09,8.31,2.42,0.0,0.0,0.0,98.0
2026-09-15T22:25:18.748644542Z,2378.0,347.48,106.0,8.0,2048.0,2048.0,128.0,256.0,0.0,10.79,13.88,101.59,2.04,0.0,0.0,0.0,96.0
2026-09-15T22:25:18.879738199Z,2379.0,347.611,104.0,8.0,2048.0,2048.0,128.0,256.0,0.0,13.03,8.67,103.95,0.96,0.0,0.0,0.0,96.0
2026-09-15T22:25:19.012863765Z,2380.0,347.744,104.0,8.0,2048.0,2048.0,128.0,256.0,0.0,14.42,15.29,99.67,2.51,0.0,0.0,0.0,94.0
2026-09-15T22:25:19.143638253Z,2381.0,347.875,102.0,9.0,2048.0,2048.0,128.0,256.0,0.0,33.13,10.14,86.82,0.83,0.0,0.0,0.0,94.0
2026-09-15T22:25:19.275386960Z,2382.0,348.007,102.0,8.0,2048.0,2048.0,128.0,256.0,0.0,22.05,17.81,88.96,1.99,0.0,0.0,0.0,93.0
2026-09-15T22:25:19.407491296Z,2383.0,348.139,101.0,8.0,2048.0,2048.0,128.0,256.0,0.0,23.39,9.14,96.85,1.43,0.0,0.0,0.0,93.0
2026-09-15T22:25:19.539129934Z,2384.0,348.27,101.0,8.0,2048.0,2048.0,128.0,256.0,0.0,15.67,12.17,102.14,1.64,0.0,0.0,0.0,92.0
2026-09-15T22:25:19.671491161Z,2385.0,348.403,100.0,10.0,2048.0,2048.0,128.0,256.0,0.0,31.01,10.43,87.77,1.76,0.0,0.0,0.0,94.0
2026-09-15T22:25:19.871086296Z,2386.0,348.602,102.0,8.0,2048.0,2048.0,128.0,256.0,0.0,11.06,11.29,107.78,0.4,0.0,0.0,0.0,93.0
2026-09-15T22:25:19.997439823Z,2387.0,348.729,101.0,8.0,2048.0,2048.0,128.0,256.0,0.0,181.56,8.97,7.86,1.08,0.0,0.0,0.0,93.0
2026-09-15T22:25:20.130860150Z,2388.0,348.862,101.0,9.0,2048.0,2048.0,128.0,256.0,0.0,26.72,8.93,88.91,2.58,0.0,0.0,0.0,94.0
2026-09-15T22:25:20.260896507Z,2389.0,348.992,102.0,10.0,2048.0,2048.0,128.0,256.0,0.0,37.94,15.45,76.88,1.77,0.0,0.0,0.0,93.0
2026-09-15T22:25:20.392306644Z,2390.0,349.124,101.0,10.0,2048.0,2048.0,128.0,256.0,0.0,37.89,11.5,77.92,0.47,0.0,0.0,0.0,94.0
2026-09-15T22:25:20.523687331Z,2391.0,349.255,102.0,8.0,2048.0,2048.0,128.0,256.0,0.0,12.41,9.95,107.93,0.66,0.0,0.0,0.0,94.0
2026-09-15T22:25:20.656154118Z,2392.0,349.388,102.0,8.0,2048.0,2048.0,128.0,256.0,0.0,10.61,10.31,109.23,1.25,0.0,0.0,0.0,94.0
2026-09-15T22:25:20.787285605Z,2393.0,349.519,102.0,8.0,2048.0,2048.0,128.0,256.0,0.0,7.61,7.9,115.0,1.54,0.0,0.0,0.0,94.0
2026-09-15T22:25:20.919265012Z,2394.0,349.651,102.0,8.0,2048.0,2048.0,128.0,256.0,0.0,8.6,7.91,112.39,0.55,0.0,0.0,0.0,94.0
2026-09-15T22:25:21.050701789Z,2395.0,349.782,102.0,8.0,2048.0,2048.0,128.0,256.0,0.0,10.97,13.33,106.37,0.57,0.0,0.0,0.0,92.0
2026-09-15T22:25:21.182505206Z,2396.0,349.914,100.0,8.0,2048.0,2048.0,128.0,256.0,0.0,17.05,8.54,104.71,0.66,0.0,0.0,0.0,92.0
2026-09-15T22:25:21.314623713Z,2397.0,350.046,100.0,9.0,2048.0,2048.0,128.0,256.0,0.0,32.27,8.53,89.61,1.39,0.0,0.0,0.0,93.0
2026-09-15T22:25:21.447044500Z,2398.0,350.178,101.0,8.0,2048.0,2048.0,128.0,256.0,0.0,7.72,15.74,106.59,1.39,0.0,0.0,0.0,93.0
2026-09-15T22:25:21.579063917Z,2399.0,350.31,101.0,8.0,2048.0,2048.0,128.0,256.0,0.0,11.63,7.48,111.26,0.45,0.0,0.0,0.0,93.0
2026-09-15T22:25:21.710865684Z,2400.0,350.442,101.0,8.0,2048.0,2048.0,128.0,256.0,0.0,7.64,8.05,115.18,0.7,0.0,0.0,0.0,93.0
2026-09-15T22:25:21.842555831Z,2401.0,350.574,101.0,8.0,2048.0,2048.0,128.0,256.0,0.0,10.77,10.45,109.19,0.83,0.0,0.0,0.0,93.0
2026-09-15T22:25:22.054535956Z,2402.0,350.786,101.0,8.0,2048.0,2048.0,128.0,256.0,0.0,8.24,8.77,113.15,0.32,0.0,0.0,0.0,93.0
2026-09-15T22:25:22.182989984Z,2403.0,350.914,101.0,8.0,2048.0,2048.0,128.0,256.0,0.0,196.25,7.45,7.21,0.78,0.0,0.0,0.0,93.0
2026-09-15T22:25:22.315426410Z,2404.0,351.047,101.0,8.0,2048.0,2048.0,128.0,256.0,0.0,7.52,7.31,112.23,0.93,0.0,0.0,0.0,93.0
2026-09-15T22:25:22.451806958Z,2405.0,351.183,101.0,10.0,2004.0,2048.0,128.0,256.0,0.0,24.37,8.88,97.63,4.71,0.0,0.0,0.0,96.0
2026-09-15T22:25:22.579147735Z,2406.0,351.31,103.0,9.0,2048.0,2048.0,128.0,256.0,0.0,32.39,11.58,86.91,1.64,0.0,0.0,0.0,96.0
2026-09-15T22:25:22.710179032Z,2407.0,351.442,104.0,8.0,2048.0,2048.0,128.0,256.0,0.0,8.69,7.49,108.83,1.03,0.0,0.0,0.0,96.0
2026-09-15T22:25:22.844844569Z,2408.0,351.576,104.0,9.0,2048.0,2048.0,128.0,256.0,0.0,23.31,9.93,95.67,0.47,0.0,0.0,0.0,97.0
2026-09-15T22:25:22.973357255Z,2409.0,351.705,105.0,9.0,2048.0,2048.0,128.0,256.0,0.0,46.23,12.12,72.38,0.68,0.0,0.0,0.0,97.0
2026-09-15T22:25:23.105295812Z,2410.0,351.837,105.0,8.0,2048.0,2048.0,128.0,256.0,0.0,10.9,8.86,107.39,1.51,0.0,0.0,0.0,97.0
2026-09-15T22:25:23.237005560Z,2411.0,351.968,105.0,8.0,2048.0,2048.0,128.0,256.0,0.0,8.68,10.71,110.46,0.85,0.0,0.0,0.0,96.0
2026-09-15T22:25:23.368163986Z,2412.0,352.1,104.0,8.0,2048.0,2048.0,128.0,256.0,0.0,13.51,9.95,106.75,0.39,0.0,0.0,0.0,95.0
2026-09-15T22:25:23.500506843Z,2413.0,352.231,103.0,8.0,2048.0,2048.0,128.0,256.0,0.0,14.48,10.95,104.56,1.19,0.0,0.0,0.0,95.0
2026-09-15T22:25:23.631737591Z,2414.0,352.363,103.0,8.0,2048.0,2048.0,128.0,256.0,0.0,9.1,11.18,108.51,0.63,0.0,0.0,0.0,94.0
2026-09-15T22:25:23.763382138Z,2415.0,352.495,102.0,8.0,2048.0,2048.0,128.0,256.0,0.0,14.77,8.35,107.19,0.78,0.0,0.0,0.0,94.0
2026-09-15T22:25:23.895870365Z,2416.0,352.627,102.0,9.0,2048.0,2048.0,128.0,256.0,0.0,31.78,11.0,87.31,0.61,0.0,0.0,0.0,94.0
2026-09-15T22:25:24.027235422Z,2417.0,352.759,102.0,8.0,2048.0,2048.0,128.0,256.0,0.0,12.39,14.79,104.02,0.34,0.0,0.0,0.0,92.0
2026-09-15T22:25:24.158829699Z,2418.0,352.89,100.0,8.0,2048.0,2048.0,128.0,256.0,0.0,16.79,10.3,102.97,0.99,0.0,0.0,0.0,91.0
2026-09-15T22:25:24.290965825Z,2419.0,353.022,99.0,8.0,2048.0,2048.0,128.0,256.0,0.0,17.38,18.98,93.59,2.27,0.0,0.0,0.0,90.0
2026-09-15T22:25:24.423044722Z,2420.0,353.153,98.0,8.0,2048.0,2048.0,128.0,256.0,0.0,8.6,7.91,112.57,0.81,0.0,0.0,0.0,90.0
2026-09-15T22:25:24.597958929Z,2421.0,353.329,98.0,9.0,2048.0,2048.0,128.0,256.0,0.0,24.43,20.32,84.81,0.27,0.0,0.0,0.0,91.0
2026-09-15T22:25:24.725695966Z,2422.0,353.457,99.0,8.0,2048.0,2048.0,128.0,256.0,0.0,159.96,8.58,6.55,1.54,0.0,0.0,0.0,91.0
2026-09-15T22:25:24.857526793Z,2423.0,353.589,99.0,9.0,2048.0,2048.0,128.0,256.0,0.0,47.19,8.51,69.71,1.17,0.0,0.0,0.0,92.0
2026-09-15T22:25:24.989954260Z,2424.0,353.721,100.0,9.0,2048.0,2048.0,128.0,256.0,0.0,26.03,11.04,92.75,0.53,0.0,0.0,0.0,92.0
2026-09-15T22:25:25.119952247Z,2425.0,353.851,100.0,8.0,2048.0,2048.0,128.0,256.0,0.0,18.43,10.53,102.2,0.88,0.0,0.0,0.0,91.0
2026-09-15T22:25:25.252146214Z,2426.0,353.984,99.0,10.0,2048.0,2048.0,128.0,256.0,0.0,36.44,11.3,80.33,0.66,0.0,0.0,0.0,92.0
2026-09-15T22:25:25.382354241Z,2427.0,354.114,100.0,8.0,2048.0,2048.0,128.0,256.0,0.0,14.1,9.39,107.59,0.35,0.0,0.0,0.0,92.0
2026-09-15T22:25:25.514737868Z,2428.0,354.246,100.0,8.0,2048.0,2048.0,128.0,256.0,0.0,8.7,8.6,111.88,1.53,0.0,0.0,0.0,92.0
2026-09-15T22:25:25.645860695Z,2429.0,354.377,100.0,8.0,2048.0,2048.0,128.0,256.0,0.0,7.67,7.86,114.67,1.61,0.0,0.0,0.0,92.0
2026-09-15T22:25:25.777698462Z,2430.0,354.509,100.0,8.0,2048.0,2048.0,128.0,256.0,0.0,7.98,8.56,112.36,0.92,0.0,0.0,0.0,92.0
2026-09-15T22:25:25.909226139Z,2431.0,354.641,100.0,8.0,2048.0,2048.0,128.0,256.0,0.0,7.84,8.12,114.38,0.72,0.0,0.0,0.0,92.0
2026-09-15T22:25:26.041059726Z,2432.0,354.773,100.0,8.0,2048.0,2048.0,128.0,256.0,0.0,12.42,10.61,107.15,1.93,0.0,0.0,0.0,91.0
2026-09-15T22:25:26.171858023Z,2433.0,354.903,99.0,9.0,2048.0,2048.0,128.0,256.0,0.0,27.14,10.85,91.47,1.45,0.0,0.0,0.0,91.0
2026-09-15T22:25:26.303445440Z,2434.0,355.035,99.0,8.0,2048.0,2048.0,128.0,256.0,0.0,10.35,8.74,109.47,0.48,0.0,0.0,0.0,91.0
2026-09-15T22:25:26.435340787Z,2435.0,355.167,99.0,8.0,2048.0,2048.0,128.0,256.0,0.0,9.48,8.92,111.81,1.77,0.0,0.0,0.0,91.0
2026-09-15T22:25:26.566887324Z,2436.0,355.298,99.0,8.0,2048.0,2048.0,128.0,256.0,0.0,8.96,8.87,111.71,0.73,0.0,0.0,0.0,91.0
2026-09-15T22:25:26.698119061Z,2437.0,355.429,99.0,8.0,2048.0,2048.0,128.0,256.0,0.0,10.6,10.29,109.06,0.67,0.0,0.0,0.0,90.0
2026-09-15T22:25:26.829560868Z,2438.0,355.561,98.0,8.0,2048.0,2048.0,128.0,256.0,0.0,14.28,7.97,107.94,0.82,0.0,0.0,0.0,90.0
2026-09-15T22:25:26.961096485Z,2439.0,355.692,98.0,10.0,2048.0,2048.0,128.0,256.0,0.0,33.05,11.12,85.81,1.31,0.0,0.0,0.0,91.0
2026-09-15T22:25:27.136787011Z,2440.0,355.868,99.0,9.0,2048.0,2048.0,128.0,256.0,0.0,29.35,9.04,91.08,0.39,0.0,0.0,0.0,92.0
2026-09-15T22:25:27.263491068Z,2441.0,355.995,100.0,8.0,2048.0,2048.0,128.0,256.0,0.0,154.78,12.26,7.53,0.72,0.0,0.0,0.0,92.0
2026-09-15T22:25:27.395947065Z,2442.0,356.127,100.0,8.0,2048.0,2048.0,128.0,256.0,0.0,30.14,9.33,85.71,1.36,0.0,0.0,0.0,93.0
2026-09-15T22:25:27.527048392Z,2443.0,356.258,101.0,8.0,2048.0,2048.0,128.0,256.0,0.0,8.43,11.38,110.72,0.41,0.0,0.0,0.0,92.0
2026-09-15T22:25:27.657779809Z,2444.0,356.389,100.0,8.0,2048.0,2048.0,128.0,256.0,0.0,12.37,11.06,106.14,0.68,0.0,0.0,0.0,91.0
2026-09-15T22:25:27.788818556Z,2445.0,356.52,99.0,9.0,2048.0,2048.0,128.0,256.0,0.0,29.84,9.11,90.3,1.05,0.0,0.0,0.0,92.0
2026-09-15T22:25:27.920119933Z,2446.0,356.651,100.0,8.0,2048.0,2048.0,128.0,256.0,0.0,8.07,10.09,111.13,1.96,0.0,0.0,0.0,92.0
2026-09-15T22:25:28.051492460Z,2447.0,356.783,100.0,9.0,2048.0,2048.0,128.0,256.0,0.0,31.01,8.23,89.37,0.34,0.0,0.0,0.0,93.0
2026-09-15T22:25:28.182862227Z,2448.0,356.914,101.0,8.0,2048.0,2048.0,128.0,256.0,0.0,8.57,7.84,114.01,1.18,0.0,0.0,0.0,93.0
2026-09-15T22:25:28.314902414Z,2449.0,357.046,101.0,8.0,2048.0,2048.0,128.0,256.0,0.0,7.74,9.52,112.26,1.79,0.0,0.0,0.0,93.0
2026-09-15T22:25:28.446222401Z,2450.0,357.178,101.0,8.0,2048.0,2048.0,128.0,256.0,0.0,7.42,8.43,113.7,1.77,0.0,0.0,0.0,93.0
2026-09-15T22:25:28.577256818Z,2451.0,357.309,101.0,8.0,2048.0,2048.0,128.0,256.0,0.0,7.61,8.72,112.5,1.03,0.0,0.0,0.0,93.0
2026-09-15T22:25:28.709522645Z,2452.0,357.44,101.0,8.0,2048.0,2048.0,128.0,256.0,0.0,7.47,7.51,114.47,0.51,0.0,0.0,0.0,93.0
2026-09-15T22:25:28.840309972Z,2453.0,357.572,101.0,8.0,2048.0,2048.0,128.0,256.0,0.0,10.13,12.87,107.54,0.65,0.0,0.0,0.0,91.0
2026-09-15T22:25:28.971902989Z,2454.0,357.703,99.0,9.0,2048.0,2048.0,128.0,256.0,0.0,33.64,8.34,87.93,0.68,0.0,0.0,0.0,92.0
2026-09-15T22:25:29.104622606Z,2455.0,357.836,100.0,8.0,2048.0,2048.0,128.0,256.0,0.0,12.3,10.44,107.56,1.95,0.0,0.0,0.0,92.0
2026-09-15T22:25:29.235271733Z,2456.0,357.967,100.0,8.0,2048.0,2048.0,128.0,256.0,0.0,15.74,13.3,101.03,2.14,0.0,0.0,0.0,90.0
2026-09-15T22:25:29.366087250Z,2457.0,358.098,98.0,8.0,2048.0,2048.0,128.0,256.0,0.0,14.71,8.22,104.94,0.51,0.0,0.0,0.0,90.0
2026-09-15T22:25:29.498234737Z,2458.0,358.23,98.0,8.0,2048.0,2048.0,128.0,256.0,0.0,12.91,10.65,106.24,0.87,0.0,0.0,0.0,89.0
2026-09-15T22:25:29.630706274Z,2459.0,358.362,97.0,8.0,2048.0,2048.0,128.0,256.0,0.0,8.49,7.77,114.15,0.9,0.0,0.0,0.0,89.0
2026-09-15T22:25:29.826987020Z,2460.0,358.558,97.0,9.0,2048.0,2048.0,128.0,256.0,0.0,29.22,13.07,88.56,0.28,0.0,0.0,0.0,88.0
2026-09-15T22:25:29.954980487Z,2461.0,358.686,96.0,8.0,2048.0,2048.0,128.0,256.0,0.0,176.24,11.38,7.61,0.62,0.0,0.0,0.0,87.0
2026-09-15T22:25:30.086678324Z,2462.0,358.818,95.0,8.0,2048.0,2048.0,128.0,256.0,0.0,8.91,7.85,109.98,1.57,0.0,0.0,0.0,87.0
2026-09-15T22:25:30.218403221Z,2463.0,358.95,95.0,9.0,2048.0,2048.0,128.0,256.0,0.0,29.05,8.21,92.14,0.79,0.0,0.0,0.0,88.0
2026-09-15T22:25:30.350269648Z,2464.0,359.082,96.0,8.0,2048.0,2048.0,128.0,256.0,0.0,7.44,7.35,115.48,1.46,0.0,0.0,0.0,88.0
2026-09-15T22:25:30.481738165Z,2465.0,359.213,96.0,9.0,2048.0,2048.0,128.0,256.0,0.0,25.98,10.57,93.23,0.5,0.0,0.0,0.0,88.0
2026-09-15T22:25:30.613897682Z,2466.0,359.345,96.0,8.0,2048.0,2048.0,128.0,256.0,0.0,12.47,7.58,110.31,0.39,0.0,0.0,0.0,88.0
2026-09-15T22:25:30.745669129Z,2467.0,359.477,96.0,10.0,2048.0,2048.0,128.0,256.0,0.0,24.01,8.25,98.82,1.4,0.0,0.0,0.0,90.0
2026-09-15T22:25:30.876787806Z,2468.0,359.608,98.0,9.0,2048.0,2048.0,128.0,256.0,0.0,26.58,19.02,84.13,1.11,0.0,0.0,0.0,90.0
2026-09-15T22:25:31.007719783Z,2469.0,359.739,98.0,8.0,2048.0,2048.0,128.0,256.0,0.0,11.4,9.55,108.1,0.58,0.0,0.0,0.0,90.0
2026-09-15T22:25:31.139370420Z,2470.0,359.871,98.0,8.0,2048.0,2048.0,128.0,256.0,0.0,9.47,11.03,109.05,0.95,0.0,0.0,0.0,90.0
2026-09-15T22:25:31.270893887Z,2471.0,360.002,98.0,8.0,2048.0,2048.0,128.0,256.0,0.0,15.71,9.31,104.94,0.76,0.0,0.0,0.0,90.0
2026-09-15T22:25:31.402758164Z,2472.0,360.134,98.0,9.0,2048.0,2048.0,128.0,256.0,0.0,23.51,9.71,96.89,0.85,0.0,0.0,0.0,91.0
2026-09-15T22:25:31.534399951Z,2473.0,360.266,99.0,8.0,2048.0,2048.0,128.0,256.0,0.0,9.17,9.35,111.81,0.64,0.0,0.0,0.0,91.0
2026-09-15T22:25:31.665767348Z,2474.0,360.397,99.0,9.0,2048.0,2048.0,128.0,256.0,0.0,26.92,15.38,87.94,0.58,0.0,0.0,0.0,90.0
2026-09-15T22:25:31.797728635Z,2475.0,360.529,98.0,8.0,2048.0,2048.0,128.0,256.0,0.0,16.18,8.47,105.29,0.76,0.0,0.0,0.0,90.0
2026-09-15T22:25:31.929027852Z,2476.0,360.66,98.0,8.0,2048.0,2048.0,128.0,256.0,0.0,10.57,12.08,107.41,1.71,0.0,0.0,0.0,89.0
2026-09-15T22:25:32.061079289Z,2477.0,360.792,97.0,8.0,2048.0,2048.0,128.0,256.0,0.0,13.64,8.33,107.28,1.69,0.0,0.0,0.0,89.0
2026-09-15T22:25:32.191549786Z,2478.0,360.923,97.0,8.0,2048.0,2048.0,128.0,256.0,0.0,8.49,10.48,110.81,0.47,0.0,0.0,0.0,88.0
2026-09-15T22:25:32.394174531Z,2479.0,361.126,96.0,9.0,2048.0,2048.0,128.0,256.0,0.0,28.73,8.22,92.1,0.33,0.0,0.0,0.0,89.0
2026-09-15T22:25:32.522769618Z,2480.0,361.254,97.0,9.0,2048.0,2048.0,128.0,256.0,0.0,185.07,9.21,7.42,0.64,0.0,0.0,0.0,90.0
2026-09-15T22:25:32.653820555Z,2481.0,361.385,98.0,8.0,2048.0,2048.0,128.0,256.0,0.0,9.02,12.96,105.3,0.56,0.0,0.0,0.0,90.0
2026-09-15T22:25:32.785846772Z,2482.0,361.517,98.0,9.0,2048.0,2048.0,128.0,256.0,0.0,25.69,8.92,95.26,1.52,0.0,0.0,0.0,91.0
2026-09-15T22:25:32.917683469Z,2483.0,361.649,99.0,9.0,2048.0,2048.0,128.0,256.0,0.0,27.84,8.24,93.79,1.35,0.0,0.0,0.0,92.0
2026-09-15T22:25:33.050969506Z,2484.0,361.782,100.0,8.0,2048.0,2048.0,128.0,256.0,0.0,7.72,8.42,113.66,2.13,0.0,0.0,0.0,92.0
2026-09-15T22:25:33.181296894Z,2485.0,361.913,100.0,8.0,2048.0,2048.0,128.0,256.0,0.0,14.53,12.76,102.57,1.25,0.0,0.0,0.0,90.0
2026-09-15T22:25:33.312187480Z,2486.0,362.044,98.0,8.0,2048.0,2048.0,128.0,256.0,0.0,16.71,18.93,92.57,1.6,0.0,0.0,0.0,89.0
2026-09-15T22:25:33.443691628Z,2487.0,362.175,97.0,10.0,2048.0,2048.0,128.0,256.0,0.0,28.91,8.97,90.8,0.5,0.0,0.0,0.0,91.0
2026-09-15T22:25:33.575954425Z,2488.0,362.307,99.0,8.0,2048.0,2048.0,128.0,256.0,0.0,24.78,8.44,96.93,1.22,0.0,0.0,0.0,92.0
2026-09-15T22:25:33.707845151Z,2489.0,362.439,100.0,8.0,2048.0,2048.0,128.0,256.0,0.0,10.01,8.15,112.3,1.83,0.0,0.0,0.0,92.0
2026-09-15T22:25:33.838999399Z,2490.0,362.57,100.0,9.0,2048.0,2048.0,128.0,256.0,0.0,26.35,8.63,94.35,0.49,0.0,0.0,0.0,93.0
2026-09-15T22:25:33.970577005Z,2491.0,362.702,101.0,8.0,2048.0,2048.0,128.0,256.0,0.0,8.19,8.37,113.42,0.91,0.0,0.0,0.0,93.0
2026-09-15T22:25:34.102414913Z,2492.0,362.834,101.0,8.0,2048.0,2048.0,128.0,256.0,0.0,9.16,9.82,110.82,1.89,0.0,0.0,0.0,92.0
2026-09-15T22:25:34.233809479Z,2493.0,362.965,100.0,8.0,2048.0,2048.0,128.0,256.0,0.0,13.22,8.63,107.57,0.58,0.0,0.0,0.0,92.0
2026-09-15T22:25:34.365471087Z,2494.0,363.097,100.0,8.0,2048.0,2048.0,128.0,256.0,0.0,7.69,9.33,112.98,2.12,0.0,0.0,0.0,92.0
2026-09-15T22:25:34.496782233Z,2495.0,363.228,100.0,8.0,2048.0,2048.0,128.0,256.0,0.0,7.33,8.92,112.62,1.13,0.0,0.0,0.0,92.0
2026-09-15T22:25:34.628916921Z,2496.0,363.36,100.0,9.0,2048.0,2048.0,128.0,256.0,0.0,28.08,10.92,90.48,0.44,0.0,0.0,0.0,93.0
2026-09-15T22:25:34.759665438Z,2497.0,363.491,101.0,8.0,2048.0,2048.0,128.0,256.0,0.0,14.31,17.04,99.55,0.63,0.0,0.0,0.0,91.0
2026-09-15T22:25:34.891244495Z,2498.0,363.623,99.0,9.0,2048.0,2048.0,128.0,256.0,0.0,24.21,15.98,89.16,0.95,0.0,0.0,0.0,92.0
2026-09-15T22:25:35.024144952Z,2499.0,363.755,100.0,8.0,2048.0,2048.0,128.0,256.0,0.0,10.06,7.98,112.05,2.08,0.0,0.0,0.0,92.0
2026-09-15T22:25:35.154998458Z,2500.0,363.886,100.0,8.0,2048.0,2048.0,128.0,256.0,0.0,9.17,7.54,113.39,1.04,0.0,0.0,0.0,92.0
2026-09-15T22:25:35.286960386Z,2501.0,364.018,100.0,9.0,2048.0,2048.0,128.0,256.0,0.0,31.98,17.43,79.72,0.44,0.0,0.0,0.0,92.0
2026-09-15T22:25:35.418995412Z,2502.0,364.15,100.0,8.0,2048.0,2048.0,128.0,256.0,0.0,15.71,11.46,103.7,0.52,0.0,0.0,0.0,91.0
2026-09-15T22:25:35.610588618Z,2503.0,364.342,99.0,8.0,2048.0,2048.0,128.0,256.0,0.0,8.65,7.7,114.48,0.39,0.0,0.0,0.0,91.0
2026-09-15T22:25:35.738643945Z,2504.0,364.47,99.0,8.0,2048.0,2048.0,128.0,256.0,0.0,174.99,8.51,7.12,1.37,0.0,0.0,0.0,91.0
2026-09-15T22:25:35.870279672Z,2505.0,364.602,99.0,8.0,2048.0,2048.0,128.0,256.0,0.0,8.24,8.4,109.29,0.51,0.0,0.0,0.0,91.0
2026-09-15T22:25:36.001803169Z,2506.0,364.733,99.0,9.0,2048.0,2048.0,128.0,256.0,0.0,30.35,12.58,87.16,1.43,0.0,0.0,0.0,91.0
2026-09-15T22:25:36.133738906Z,2507.0,364.865,99.0,9.0,2048.0,2048.0,128.0,256.0,0.0,29.29,8.14,92.21,1.71,0.0,0.0,0.0,92.0
2026-09-15T22:25:36.266024893Z,2508.0,364.997,100.0,9.0,2048.0,2048.0,128.0,256.0,0.0,26.18,8.3,95.07,0.81,0.0,0.0,0.0,93.0
2026-09-15T22:25:36.398823760Z,2509.0,365.13,101.0,9.0,2048.0,2048.0,128.0,256.0,0.0,44.59,8.41,77.89,1.02,0.0,0.0,0.0,94.0
2026-09-15T22:25:36.530842357Z,2510.0,365.262,102.0,8.0,2048.0,2048.0,128.0,256.0,0.0,13.73,12.65,104.71,1.5,0.0,0.0,0.0,92.0
2026-09-15T22:25:36.662461254Z,2511.0,365.394,100.0,9.0,2048.0,2048.0,128.0,256.0,0.0,29.55,8.21,92.05,2.28,0.0,0.0,0.0,93.0
2026-09-15T22:25:36.793817641Z,2512.0,365.525,101.0,8.0,2048.0,2048.0,128.0,256.0,0.0,8.58,8.22,111.99,0.79,0.0,0.0,0.0,93.0
2026-09-15T22:25:36.925604488Z,2513.0,365.657,101.0,8.0,2048.0,2048.0,128.0,256.0,0.0,7.53,8.01,114.34,0.5,0.0,0.0,0.0,93.0
2026-09-15T22:25:37.057585635Z,2514.0,365.789,101.0,8.0,2048.0,2048.0,128.0,256.0,0.0,9.04,7.35,114.31,1.89,0.0,0.0,0.0,93.0
2026-09-15T22:25:37.189366882Z,2515.0,365.921,101.0,8.0,2048.0,2048.0,128.0,256.0,0.0,7.24,7.64,114.49,0.98,0.0,0.0,0.0,93.0
2026-09-15T22:25:37.321073899Z,2516.0,366.052,101.0,9.0,2048.0,2048.0,128.0,256.0,0.0,24.12,8.15,97.91,1.76,0.0,0.0,0.0,94.0
2026-09-15T22:25:37.452991256Z,2517.0,366.184,102.0,8.0,2048.0,2048.0,128.0,256.0,0.0,7.67,9.11,112.46,2.07,0.0,0.0,0.0,94.0
2026-09-15T22:25:37.584408223Z,2518.0,366.316,102.0,9.0,2048.0,2048.0,128.0,256.0,0.0,25.27,9.06,94.77,0.77,0.0,0.0,0.0,95.0
2026-09-15T22:25:37.716635440Z,2519.0,366.448,103.0,8.0,2048.0,2048.0,128.0,256.0,0.0,7.73,9.15,113.09,0.94,0.0,0.0,0.0,95.0
2026-09-15T22:25:37.848574387Z,2520.0,366.58,103.0,8.0,2048.0,2048.0,128.0,256.0,0.0,8.55,10.76,111.26,2.18,0.0,0.0,0.0,95.0
2026-09-15T22:25:37.979578334Z,2521.0,366.711,103.0,8.0,2048.0,2048.0,128.0,256.0,0.0,7.26,7.4,114.41,0.48,0.0,0.0,0.0,95.0
2026-09-15T22:25:38.112686971Z,2522.0,366.844,103.0,9.0,2048.0,2048.0,128.0,256.0,0.0,24.02,8.16,97.78,1.37,0.0,0.0,0.0,96.0
2026-09-15T22:25:38.245259068Z,2523.0,366.977,104.0,8.0,2048.0,2048.0,128.0,256.0,0.0,7.07,7.61,116.39,2.3,0.0,0.0,0.0,96.0
2026-09-15T22:25:38.376263045Z,2524.0,367.108,104.0,9.0,2048.0,2048.0,128.0,256.0,0.0,26.31,10.95,92.39,1.28,0.0,0.0,0.0,96.0
2026-09-15T22:25:38.508108742Z,2525.0,367.24,104.0,8.0,2048.0,2048.0,128.0,256.0,0.0,11.45,8.33,109.25,1.32,0.0,0.0,0.0,96.0
2026-09-15T22:25:38.640665529Z,2526.0,367.372,104.0,8.0,2048.0,2048.0,128.0,256.0,0.0,7.88,8.36,113.65,0.73,0.0,0.0,0.0,96.0
2026-09-15T22:25:38.772984266Z,2527.0,367.504,104.0,8.0,2048.0,2048.0,128.0,256.0,0.0,11.47,11.05,108.61,0.93,0.0,0.0,0.0,95.0
2026-09-15T22:25:38.905851443Z,2528.0,367.637,103.0,8.0,2048.0,2048.0,128.0,256.0,0.0,10.83,8.53,111.57,2.08,0.0,0.0,0.0,95.0
2026-09-15T22:25:39.037725180Z,2529.0,367.769,103.0,9.0,1973.0,2048.0,128.0,256.0,0.0,25.84,11.23,93.0,1.73,0.0,0.0,0.0,96.0
2026-09-15T22:25:39.168675817Z,2530.0,367.9,103.0,7.0,1808.0,2048.0,128.0,256.0,1.0,12.08,8.83,108.48,1.45,0.0,0.0,0.0,96.0
2026-09-15T22:25:39.303794914Z,2531.0,368.035,103.0,8.0,1808.0,2048.0,128.0,256.0,1.0,28.16,8.68,92.12,1.22,0.0,0.0,0.0,97.0
2026-09-15T22:25:39.432451371Z,2532.0,368.164,104.0,7.0,1808.0,2048.0,128.0,256.0,1.0,10.84,11.94,108.21,0.95,0.0,0.0,0.0,96.0
2026-09-15T22:25:39.563789838Z,2533.0,368.295,103.0,7.0,1808.0,2048.0,128.0,256.0,1.0,11.85,9.79,105.19,0.85,0.0,0.0,0.0,96.0
2026-09-15T22:25:39.695774695Z,2534.0,368.427,103.0,7.0,1808.0,2048.0,128.0,256.0,1.0,13.08,13.24,103.54,2.01,0.0,0.0,0.0,95.0
2026-09-15T22:25:39.827483982Z,2535.0,368.559,102.0,8.0,1808.0,2048.0,128.0,256.0,1.0,26.87,14.7,87.82,1.56,0.0,0.0,0.0,96.0
2026-09-15T22:25:39.959286889Z,2536.0,368.69,103.0,8.0,1808.0,2048.0,128.0,256.0,1.0,26.89,9.2,93.25,1.18,0.0,0.0,0.0,97.0
2026-09-15T22:25:40.090644496Z,2537.0,368.822,104.0,7.0,1808.0,2048.0,128.0,256.0,1.0,10.91,10.15,108.67,0.36,0.0,0.0,0.0,96.0
2026-09-15T22:25:40.221747173Z,2538.0,368.953,103.0,7.0,1808.0,2048.0,128.0,256.0,1.0,14.34,13.15,102.7,0.4,0.0,0.0,0.0,95.0
2026-09-15T22:25:40.353058430Z,2539.0,369.084,102.0,7.0,1808.0,2048.0,128.0,256.0,1.0,14.6,8.35,107.54,1.14,0.0,0.0,0.0,95.0
2026-09-15T22:25:40.581634705Z,2540.0,369.313,102.0,8.0,1808.0,2048.0,128.0,256.0,1.0,27.34,10.57,91.57,0.31,0.0,0.0,0.0,96.0
2026-09-15T22:25:40.709566712Z,2541.0,369.441,103.0,7.0,1808.0,2048.0,128.0,256.0,1.0,210.39,10.2,7.18,1.07,0.0,0.0,0.0,96.0
2026-09-15T22:25:40.841142769Z,2542.0,369.573,103.0,8.0,1808.0,2048.0,128.0,256.0,1.0,24.63,8.66,92.94,0.9,0.0,0.0,0.0,97.0
2026-09-15T22:25:40.972553356Z,2543.0,369.704,104.0,7.0,1808.0,2048.0,128.0,256.0,1.0,7.78,8.55,113.79,1.07,0.0,0.0,0.0,97.0
2026-09-15T22:25:41.104375763Z,2544.0,369.836,104.0,7.0,1808.0,2048.0,128.0,256.0,1.0,9.82,11.08,108.67,1.17,0.0,0.0,0.0,96.0
2026-09-15T22:25:41.235779980Z,2545.0,369.967,103.0,8.0,1808.0,2048.0,128.0,256.0,1.0,27.31,9.55,93.04,0.97,0.0,0.0,0.0,97.0
2026-09-15T22:25:41.367084437Z,2546.0,370.098,104.0,7.0,1808.0,2048.0,128.0,256.0,1.0,8.18,9.45,112.13,0.82,0.0,0.0,0.0,97.0
2026-09-15T22:25:41.501137774Z,2547.0,370.232,104.0,8.0,1808.0,2048.0,128.0,256.0,1.0,29.06,12.03,88.68,0.5,0.0,0.0,0.0,97.0
2026-09-15T22:25:41.639227181Z,2548.0,370.371,104.0,7.0,1808.0,2048.0,128.0,256.0,1.0,10.46,17.62,102.94,9.42,0.0,0.0,0.0,96.0
2026-09-15T22:25:41.762537978Z,2549.0,370.494,103.0,7.0,1808.0,2048.0,128.0,256.0,1.0,19.68,16.38,92.65,1.0,0.0,0.0,0.0,93.0
2026-09-15T22:25:41.894297695Z,2550.0,370.626,100.0,8.0,2048.0,2048.0,128.0,256.0,0.0,49.57,15.91,56.14,0.88,0.0,0.0,0.0,92.0
2026-09-15T22:25:42.026959252Z,2551.0,370.758,100.0,10.0,2048.0,2048.0,128.0,256.0,0.0,25.82,10.48,93.86,0.95,0.0,0.0,0.0,94.0
2026-09-15T22:25:42.158414269Z,2552.0,370.89,102.0,8.0,2048.0,2048.0,128.0,256.0,0.0,10.41,7.76,112.4,1.61,0.0,0.0,0.0,94.0
2026-09-15T22:25:42.347503155Z,2553.0,371.079,102.0,8.0,2048.0,2048.0,128.0,256.0,0.0,12.75,12.15,104.58,0.3,0.0,0.0,0.0,94.0
2026-09-15T22:25:42.476830732Z,2554.0,371.208,102.0,8.0,2048.0,2048.0,128.0,256.0,0.0,173.8,8.01,6.56,0.54,0.0,0.0,0.0,94.0
2026-09-15T22:25:42.609567009Z,2555.0,371.341,102.0,8.0,2048.0,2048.0,128.0,256.0,0.0,6.59,7.83,113.76,1.57,0.0,0.0,0.0,94.0
2026-09-15T22:25:42.741403416Z,2556.0,371.473,102.0,9.0,2048.0,2048.0,128.0,256.0,0.0,31.18,10.43,88.78,2.01,0.0,0.0,0.0,95.0
2026-09-15T22:25:42.872892163Z,2557.0,371.604,103.0,8.0,2048.0,2048.0,128.0,256.0,0.0,9.39,9.12,110.81,1.07,0.0,0.0,0.0,95.0
2026-09-15T22:25:43.004523880Z,2558.0,371.736,103.0,10.0,2048.0,2048.0,128.0,256.0,0.0,29.32,9.23,91.26,0.82,0.0,0.0,0.0,97.0
2026-09-15T22:25:43.136844107Z,2559.0,371.868,105.0,8.0,2048.0,2048.0,128.0,256.0,0.0,7.24,7.93,115.04,1.26,0.0,0.0,0.0,97.0
2026-09-15T22:25:43.268397164Z,2560.0,372.0,105.0,8.0,2048.0,2048.0,128.0,256.0,0.0,7.54,8.66,114.2,0.77,0.0,0.0,0.0,97.0
2026-09-15T22:25:43.400732781Z,2561.0,372.132,105.0,9.0,2048.0,2048.0,128.0,256.0,0.0,26.12,8.67,95.36,0.81,0.0,0.0,0.0,98.0
2026-09-15T22:25:43.533409818Z,2562.0,372.265,106.0,8.0,2048.0,2048.0,128.0,256.0,0.0,7.63,7.9,115.31,1.57,0.0,0.0,0.0,98.0
2026-09-15T22:25:43.665552695Z,2563.0,372.397,106.0,8.0,2048.0,2048.0,128.0,256.0,0.0,7.91,8.49,113.71,0.48,0.0,0.0,0.0,98.0
2026-09-15T22:25:43.797717292Z,2564.0,372.529,106.0,8.0,2048.0,2048.0,128.0,256.0,0.0,8.46,9.05,113.34,1.33,0.0,0.0,0.0,98.0
2026-09-15T22:25:43.929595729Z,2565.0,372.661,106.0,9.0,2048.0,2048.0,128.0,256.0,0.0,37.64,12.81,80.02,1.09,0.0,0.0,0.0,97.0
2026-09-15T22:25:44.061562526Z,2566.0,372.793,105.0,8.0,2048.0,2048.0,128.0,256.0,0.0,17.97,7.83,104.28,0.73,0.0,0.0,0.0,97.0
2026-09-15T22:25:44.194057063Z,2567.0,372.925,105.0,9.0,2048.0,2048.0,128.0,256.0,0.0,26.1,13.23,91.03,0.78,0.0,0.0,0.0,98.0
2026-09-15T22:25:44.326523250Z,2568.0,373.058,106.0,8.0,2048.0,2048.0,128.0,256.0,0.0,9.76,10.01,111.31,1.14,0.0,0.0,0.0,98.0
2026-09-15T22:25:44.458936427Z,2569.0,373.19,106.0,8.0,2048.0,2048.0,128.0,256.0,0.0,8.92,7.79,113.93,1.36,0.0,0.0,0.0,98.0
2026-09-15T22:25:44.591157324Z,2570.0,373.323,106.0,8.0,2048.0,2048.0,128.0,256.0,0.0,8.28,7.57,114.51,1.25,0.0,0.0,0.0,98.0
2026-09-15T22:25:44.723987261Z,2571.0,373.455,106.0,9.0,2048.0,2048.0,128.0,256.0,0.0,25.85,8.65,95.76,1.06,0.0,0.0,0.0,99.0
2026-09-15T22:25:44.856112578Z,2572.0,373.588,107.0,8.0,2048.0,2048.0,128.0,256.0,0.0,7.86,7.59,115.64,0.75,0.0,0.0,0.0,99.0
2026-09-15T22:25:44.988438145Z,2573.0,373.72,107.0,8.0,2048.0,2048.0,128.0,256.0,0.0,8.07,7.64,115.11,0.81,0.0,0.0,0.0,99.0
2026-09-15T22:25:45.121301852Z,2574.0,373.853,107.0,8.0,2048.0,2048.0,128.0,256.0,0.0,7.73,9.25,113.75,1.56,0.0,0.0,0.0,99.0
2026-09-15T22:25:45.253595169Z,2575.0,373.985,107.0,8.0,2048.0,2048.0,128.0,256.0,0.0,8.92,11.04,110.76,0.79,0.0,0.0,0.0,98.0
2026-09-15T22:25:45.386480126Z,2576.0,374.118,106.0,9.0,2048.0,2048.0,128.0,256.0,0.0,26.5,8.2,95.83,1.01,0.0,0.0,0.0,99.0
2026-09-15T22:25:45.519655023Z,2577.0,374.251,107.0,8.0,2048.0,2048.0,128.0,256.0,0.0,9.74,8.91,112.4,1.75,0.0,0.0,0.0,99.0
2026-09-15T22:25:45.652816200Z,2578.0,374.384,107.0,8.0,2048.0,2048.0,128.0,256.0,0.0,7.83,7.97,114.98,0.49,0.0,0.0,0.0,99.0
2026-09-15T22:25:45.784470157Z,2579.0,374.516,107.0,8.0,2048.0,2048.0,128.0,256.0,0.0,11.4,13.34,106.44,0.89,0.0,0.0,0.0,97.0
2026-09-15T22:25:45.917216124Z,2580.0,374.649,105.0,9.0,2048.0,2048.0,128.0,256.0,0.0,43.05,10.81,76.72,2.22,0.0,0.0,0.0,98.0
2026-09-15T22:25:46.049868401Z,2581.0,374.781,106.0,9.0,2048.0,2048.0,128.0,256.0,0.0,24.82,15.72,89.27,0.4,0.0,0.0,0.0,99.0
2026-09-15T22:25:46.182099698Z,2582.0,374.914,107.0,8.0,2048.0,2048.0,128.0,256.0,0.0,9.66,7.82,114.12,1.66,0.0,0.0,0.0,99.0
2026-09-15T22:25:46.315139645Z,2583.0,375.047,107.0,9.0,2048.0,2048.0,128.0,256.0,0.0,37.32,8.14,84.26,1.63,0.0,0.0,0.0,100.0
2026-09-15T22:25:46.447979752Z,2584.0,375.179,108.0,8.0,2048.0,2048.0,128.0,256.0,0.0,8.98,8.28,113.52,1.32,0.0,0.0,0.0,100.0
2026-09-15T22:25:46.580059349Z,2585.0,375.311,108.0,8.0,2048.0,2048.0,128.0,256.0,0.0,13.16,10.13,107.64,1.78,0.0,0.0,0.0,99.0
2026-09-15T22:25:46.713255296Z,2586.0,375.445,107.0,9.0,2048.0,2048.0,128.0,256.0,0.0,26.52,8.83,94.3,2.18,0.0,0.0,0.0,100.0
2026-09-15T22:25:46.845798533Z,2587.0,375.577,108.0,9.0,1956.0,2048.0,128.0,256.0,0.0,29.45,10.31,90.54,0.52,0.0,0.0,0.0,101.0
2026-09-15T22:25:46.977072300Z,2588.0,375.708,108.0,7.0,1805.0,2048.0,128.0,256.0,1.0,14.98,10.73,105.31,0.8,0.0,0.0,0.0,100.0
2026-09-15T22:25:47.110000887Z,2589.0,375.84,107.0,7.0,1805.0,2048.0,128.0,256.0,1.0,19.41,10.93,99.47,2.37,0.0,0.0,0.0,99.0
2026-09-15T22:25:47.333930212Z,2590.0,376.065,106.0,7.0,1805.0,2048.0,128.0,256.0,1.0,11.19,24.8,92.58,0.27,0.0,0.0,0.0,99.0
2026-09-15T22:25:47.462681819Z,2591.0,376.194,106.0,9.0,2048.0,2048.0,128.0,256.0,0.0,208.16,9.06,7.17,1.0,0.0,0.0,0.0,100.0
2026-09-15T22:25:47.594657386Z,2592.0,376.326,108.0,8.0,2048.0,2048.0,128.0,256.0,0.0,9.44,14.75,102.59,1.73,0.0,0.0,0.0,98.0
2026-09-15T22:25:47.725547333Z,2593.0,376.457,106.0,9.0,2048.0,2048.0,128.0,256.0,0.0,41.83,11.22,76.23,0.74,0.0,0.0,0.0,98.0
2026-09-15T22:25:47.859223740Z,2594.0,376.591,106.0,8.0,2048.0,2048.0,128.0,256.0,0.0,15.71,9.99,104.19,2.24,0.0,0.0,0.0,98.0
2026-09-15T22:25:47.989560757Z,2595.0,376.721,106.0,8.0,2048.0,2048.0,128.0,256.0,0.0,12.34,11.89,106.48,0.41,0.0,0.0,0.0,98.0
2026-09-15T22:25:48.121077434Z,2596.0,376.853,106.0,8.0,2048.0,2048.0,128.0,256.0,0.0,18.55,11.28,99.51,0.57,0.0,0.0,0.0,97.0
2026-09-15T22:25:48.253351921Z,2597.0,376.985,105.0,8.0,2048.0,2048.0,128.0,256.0,0.0,8.96,8.52,112.77,1.76,0.0,0.0,0.0,97.0
2026-09-15T22:25:48.386074237Z,2598.0,377.117,105.0,8.0,2048.0,2048.0,128.0,256.0,0.0,8.08,8.1,113.58,1.8,0.0,0.0,0.0,97.0
2026-09-15T22:25:48.517982675Z,2599.0,377.249,105.0,9.0,2048.0,2048.0,128.0,256.0,0.0,40.84,16.87,72.55,0.46,0.0,0.0,0.0,96.0
2026-09-15T22:25:48.649083262Z,2600.0,377.38,104.0,8.0,2048.0,2048.0,128.0,256.0,0.0,14.94,12.73,102.88,0.59,0.0,0.0,0.0,94.0
2026-09-15T22:25:48.781605749Z,2601.0,377.513,102.0,8.0,2048.0,2048.0,128.0,256.0,0.0,19.62,8.82,101.43,1.2,0.0,0.0,0.0,94.0
2026-09-15T22:25:48.913212696Z,2602.0,377.645,102.0,8.0,2048.0,2048.0,128.0,256.0,0.0,8.39,8.36,113.71,1.11,0.0,0.0,0.0,94.0
2026-09-15T22:25:49.045710943Z,2603.0,377.777,102.0,8.0,2048.0,2048.0,128.0,256.0,0.0,9.43,9.66,110.91,1.19,0.0,0.0,0.0,93.0
2026-09-15T22:25:49.177449470Z,2604.0,377.909,101.0,8.0,2048.0,2048.0,128.0,256.0,0.0,12.86,7.74,110.11,1.03,0.0,0.0,0.0,93.0
2026-09-15T22:25:49.310289587Z,2605.0,378.041,101.0,8.0,2048.0,2048.0,128.0,256.0,0.0,8.28,7.95,113.99,1.13,0.0,0.0,0.0,93.0
2026-09-15T22:25:49.551906471Z,2606.0,378.283,101.0,10.0,2048.0,2048.0,128.0,256.0,0.0,28.06,13.44,89.12,0.31,0.0,0.0,0.0,94.0
2026-09-15T22:25:49.679023098Z,2607.0,378.41,102.0,9.0,2048.0,2048.0,128.0,256.0,0.0,218.28,14.97,7.58,0.84,0.0,0.0,0.0,93.0
2026-09-15T22:25:49.811680795Z,2608.0,378.543,101.0,8.0,2048.0,2048.0,128.0,256.0,0.0,9.81,8.43,104.43,1.44,0.0,0.0,0.0,93.0
2026-09-15T22:25:49.946712712Z,2609.0,378.678,101.0,8.0,2048.0,2048.0,128.0,256.0,0.0,9.69,8.48,112.54,0.48,0.0,0.0,0.0,93.0
2026-09-15T22:25:50.077625759Z,2610.0,378.809,101.0,8.0,2048.0,2048.0,128.0,256.0,0.0,9.89,10.11,111.3,2.18,0.0,0.0,0.0,92.0
2026-09-15T22:25:50.208601496Z,2611.0,378.94,100.0,9.0,2048.0,2048.0,128.0,256.0,0.0,29.08,11.59,87.18,1.21,0.0,0.0,0.0,92.0
2026-09-15T22:25:50.341121533Z,2612.0,379.073,100.0,8.0,2048.0,2048.0,128.0,256.0,0.0,10.59,8.66,109.85,1.44,0.0,0.0,0.0,92.0
2026-09-15T22:25:50.473008010Z,2613.0,379.204,100.0,9.0,2048.0,2048.0,128.0,256.0,0.0,25.73,8.99,95.61,1.23,0.0,0.0,0.0,93.0
2026-09-15T22:25:50.605042187Z,2614.0,379.336,101.0,8.0,2048.0,2048.0,128.0,256.0,0.0,8.19,9.0,112.71,1.0,0.0,0.0,0.0,93.0
2026-09-15T22:25:50.737434734Z,2615.0,379.469,101.0,8.0,2048.0,2048.0,128.0,256.0,0.0,9.92,7.87,112.67,0.68,0.0,0.0,0.0,93.0
2026-09-15T22:25:50.869682561Z,2616.0,379.601,101.0,8.0,2048.0,2048.0,128.0,256.0,0.0,7.95,7.68,115.18,1.5,0.0,0.0,0.0,93.0
2026-09-15T22:25:51.002143258Z,2617.0,379.733,101.0,8.0,2048.0,2048.0,128.0,256.0,0.0,9.32,8.62,112.26,0.77,0.0,0.0,0.0,93.0
2026-09-15T22:25:51.135127085Z,2618.0,379.866,101.0,9.0,2048.0,2048.0,128.0,256.0,0.0,25.98,9.7,95.18,1.31,0.0,0.0,0.0,94.0
2026-09-15T22:25:51.267019402Z,2619.0,379.998,102.0,8.0,2048.0,2048.0,128.0,256.0,0.0,8.35,11.08,111.33,0.8,0.0,0.0,0.0,94.0
2026-09-15T22:25:51.398867429Z,2620.0,380.13,102.0,9.0,2048.0,2048.0,128.0,256.0,0.0,30.95,10.53,88.93,1.01,0.0,0.0,0.0,95.0
2026-09-15T22:25:51.530819626Z,2621.0,380.262,103.0,8.0,2048.0,2048.0,128.0,256.0,0.0,9.1,10.12,110.65,0.46,0.0,0.0,0.0,95.0
2026-09-15T22:25:51.663340633Z,2622.0,380.395,103.0,8.0,2048.0,2048.0,128.0,256.0,0.0,9.25,19.52,102.05,1.78,0.0,0.0,0.0,94.0
2026-09-15T22:25:51.795940900Z,2623.0,380.527,102.0,9.0,2048.0,2048.0,128.0,256.0,0.0,37.0,8.83,84.17,1.52,0.0,0.0,0.0,95.0
2026-09-15T22:25:51.927277847Z,2624.0,380.659,103.0,8.0,2048.0,2048.0,128.0,256.0,0.0,8.71,10.37,110.98,1.11,0.0,0.0,0.0,95.0
2026-09-15T22:25:52.059004184Z,2625.0,380.79,103.0,9.0,2048.0,2048.0,128.0,256.0,0.0,34.33,12.08,83.19,0.67,0.0,0.0,0.0,95.0
2026-09-15T22:25:52.191061851Z,2626.0,380.922,103.0,8.0,2048.0,2048.0,128.0,256.0,0.0,11.79,12.05,106.1,0.56,0.0,0.0,0.0,95.0
2026-09-15T22:25:52.323054888Z,2627.0,381.054,103.0,8.0,2048.0,2048.0,128.0,256.0,0.0,15.64,13.42,101.59,0.83,0.0,0.0,0.0,94.0
2026-09-15T22:25:52.455432965Z,2628.0,381.187,102.0,8.0,2048.0,2048.0,128.0,256.0,0.0,8.61,10.31,111.41,0.59,0.0,0.0,0.0,94.0
2026-09-15T22:25:52.587556102Z,2629.0,381.319,102.0,9.0,2048.0,2048.0,128.0,256.0,0.0,28.36,11.34,91.35,1.38,0.0,0.0,0.0,94.0
2026-09-15T22:25:52.720170499Z,2630.0,381.451,102.0,9.0,2048.0,2048.0,128.0,256.0,0.0,41.42,11.19,77.44,0.36,0.0,0.0,0.0,94.0
2026-09-15T22:25:52.852824636Z,2631.0,381.584,102.0,8.0,2048.0,2048.0,128.0,256.0,0.0,17.03,12.87,101.14,2.51,0.0,0.0,0.0,92.0
2026-09-15T22:25:53.110971030Z,2632.0,381.842,100.0,9.0,2048.0,2048.0,128.0,256.0,0.0,44.11,10.63,74.8,0.33,0.0,0.0,0.0,92.0
2026-09-15T22:25:53.233652107Z,2633.0,381.965,100.0,8.0,2048.0,2048.0,128.0,256.0,0.0,233.52,11.39,11.32,2.29,0.0,0.0,0.0,92.0
2026-09-15T22:25:53.365483164Z,2634.0,382.097,100.0,9.0,2048.0,2048.0,128.0,256.0,0.0,39.32,8.62,71.63,0.36,0.0,0.0,0.0,93.0
2026-09-15T22:25:53.497358801Z,2635.0,382.229,101.0,8.0,2048.0,2048.0,128.0,256.0,0.0,9.5,10.37,110.72,0.66,0.0,0.0,0.0,92.0
2026-09-15T22:25:53.629642868Z,2636.0,382.361,100.0,8.0,2048.0,2048.0,128.0,256.0,0.0,27.4,10.38,92.53,1.95,0.0,0.0,0.0,92.0
2026-09-15T22:25:53.761532826Z,2637.0,382.493,100.0,9.0,2048.0,2048.0,128.0,256.0,0.0,27.23,8.09,94.33,1.54,0.0,0.0,0.0,93.0
2026-09-15T22:25:53.894505642Z,2638.0,382.626,101.0,8.0,2048.0,2048.0,128.0,256.0,0.0,7.29,8.47,113.89,0.68,0.0,0.0,0.0,93.0
2026-09-15T22:25:54.026595829Z,2639.0,382.758,101.0,8.0,2048.0,2048.0,128.0,256.0,0.0,10.58,8.28,112.64,0.53,0.0,0.0,0.0,93.0
2026-09-15T22:25:54.159358336Z,2640.0,382.891,101.0,8.0,2048.0,2048.0,128.0,256.0,0.0,7.66,8.11,115.2,1.15,0.0,0.0,0.0,93.0
2026-09-15T22:25:54.291484763Z,2641.0,383.023,101.0,8.0,2048.0,2048.0,128.0,256.0,0.0,7.7,9.69,113.54,1.45,0.0,0.0,0.0,93.0
2026-09-15T22:25:54.424171390Z,2642.0,383.155,101.0,9.0,2017.0,2048.0,128.0,256.0,0.0,32.59,8.45,88.94,1.6,0.0,0.0,0.0,95.0
2026-09-15T22:25:54.556357457Z,2643.0,383.288,102.0,7.0,1808.0,2048.0,128.0,256.0,1.0,7.97,8.29,114.15,1.37,0.0,0.0,0.0,95.0
2026-09-15T22:25:54.687851584Z,2644.0,383.419,102.0,9.0,2048.0,2048.0,128.0,256.0,0.0,42.7,11.91,75.44,0.47,0.0,0.0,0.0,95.0
2026-09-15T22:25:54.819637371Z,2645.0,383.551,103.0,8.0,2048.0,2048.0,128.0,256.0,0.0,16.19,10.19,103.79,1.26,0.0,0.0,0.0,94.0
2026-09-15T22:25:54.951302968Z,2646.0,383.683,102.0,8.0,2048.0,2048.0,128.0,256.0,0.0,13.95,7.69,108.45,1.28,0.0,0.0,0.0,94.0
2026-09-15T22:25:55.083294185Z,2647.0,383.815,102.0,8.0,2048.0,2048.0,128.0,256.0,0.0,8.35,8.19,113.28,0.45,0.0,0.0,0.0,94.0
2026-09-15T22:25:55.215144922Z,2648.0,383.947,102.0,8.0,2048.0,2048.0,128.0,256.0,0.0,7.76,7.55,115.6,0.45,0.0,0.0,0.0,94.0
2026-09-15T22:25:55.347008849Z,2649.0,384.078,102.0,9.0,2048.0,2048.0,128.0,256.0,0.0,27.88,15.9,86.85,0.78,0.0,0.0,0.0,93.0
2026-09-15T22:25:55.479471316Z,2650.0,384.211,101.0,8.0,2048.0,2048.0,128.0,256.0,0.0,18.41,10.37,101.58,1.35,0.0,0.0,0.0,93.0
2026-09-15T22:25:55.610965093Z,2651.0,384.342,101.0,8.0,2048.0,2048.0,128.0,256.0,0.0,9.54,9.63,111.2,0.96,0.0,0.0,0.0,93.0
2026-09-15T22:25:55.827734099Z,2652.0,384.559,101.0,8.0,2048.0,2048.0,128.0,256.0,0.0,9.28,21.65,98.98,0.29,0.0,0.0,0.0,93.0
2026-09-15T22:25:55.956993276Z,2653.0,384.688,101.0,8.0,2048.0,2048.0,128.0,256.0,0.0,196.96,11.31,7.6,2.08,0.0,0.0,0.0,92.0
2026-09-15T22:25:56.087459233Z,2654.0,384.819,100.0,8.0,2048.0,2048.0,128.0,256.0,0.0,9.1,9.51,107.82,0.86,0.0,0.0,0.0,91.0
2026-09-15T22:25:56.219494630Z,2655.0,384.951,99.0,8.0,2048.0,2048.0,128.0,256.0,0.0,11.31,7.64,110.2,0.51,0.0,0.0,0.0,91.0
2026-09-15T22:25:56.351822156Z,2656.0,385.083,99.0,8.0,2048.0,2048.0,128.0,256.0,0.0,10.03,9.78,110.98,0.9,0.0,0.0,0.0,91.0
2026-09-15T22:25:56.484081033Z,2657.0,385.215,99.0,8.0,2048.0,2048.0,128.0,256.0,0.0,7.5,8.03,115.37,0.65,0.0,0.0,0.0,91.0
2026-09-15T22:25:56.616001050Z,2658.0,385.347,99.0,8.0,2048.0,2048.0,128.0,256.0,0.0,8.81,7.52,114.64,0.45,0.0,0.0,0.0,91.0
2026-09-15T22:25:56.749061418Z,2659.0,385.48,99.0,10.0,2048.0,2048.0,128.0,256.0,0.0,40.25,9.74,80.72,0.74,0.0,0.0,0.0,93.0
2026-09-15T22:25:56.881958395Z,2660.0,385.613,101.0,8.0,2048.0,2048.0,128.0,256.0,0.0,7.87,7.52,116.31,1.24,0.0,0.0,0.0,93.0
2026-09-15T22:25:57.015259611Z,2661.0,385.747,101.0,9.0,2048.0,2048.0,128.0,256.0,0.0,34.39,8.33,88.2,1.73,0.0,0.0,0.0,94.0
2026-09-15T22:25:57.146179658Z,2662.0,385.878,102.0,8.0,2048.0,2048.0,128.0,256.0,0.0,11.01,12.3,107.46,0.56,0.0,0.0,0.0,92.0
2026-09-15T22:25:57.279106385Z,2663.0,386.01,100.0,8.0,2048.0,2048.0,128.0,256.0,0.0,19.99,11.93,97.84,1.75,0.0,0.0,0.0,92.0
2026-09-15T22:25:57.410335483Z,2664.0,386.142,99.0,8.0,2048.0,2048.0,128.0,256.0,0.0,49.55,9.86,70.92,1.66,0.0,0.0,0.0,92.0
2026-09-15T22:25:57.542692780Z,2665.0,386.274,100.0,8.0,2048.0,2048.0,128.0,256.0,0.0,8.71,8.44,111.75,1.42,0.0,0.0,0.0,92.0
2026-09-15T22:25:57.674834766Z,2666.0,386.406,100.0,9.0,2048.0,2048.0,128.0,256.0,0.0,30.62,20.92,78.48,0.77,0.0,0.0,0.0,91.0
2026-09-15T22:25:57.806820023Z,2667.0,386.538,99.0,9.0,2048.0,2048.0,128.0,256.0,0.0,36.0,9.94,84.99,0.72,0.0,0.0,0.0,92.0
2026-09-15T22:25:58.000644549Z,2668.0,386.732,100.0,8.0,2048.0,2048.0,128.0,256.0,0.0,23.0,15.0,92.56,0.41,0.0,0.0,0.0,91.0
2026-09-15T22:25:58.128861916Z,2669.0,386.86,99.0,8.0,2048.0,2048.0,128.0,256.0,0.0,177.29,8.9,6.8,1.41,0.0,0.0,0.0,91.0
2026-09-15T22:25:58.260993563Z,2670.0,386.992,99.0,9.0,2048.0,2048.0,128.0,256.0,0.0,27.57,8.52,90.09,1.2,0.0,0.0,0.0,92.0
2026-09-15T22:25:58.393499800Z,2671.0,387.125,100.0,8.0,2048.0,2048.0,128.0,256.0,0.0,7.69,8.62,113.88,1.1,0.0,0.0,0.0,92.0
2026-09-15T22:25:58.525961107Z,2672.0,387.257,100.0,8.0,2048.0,2048.0,128.0,256.0,0.0,7.86,8.48,114.41,1.36,0.0,0.0,0.0,92.0
2026-09-15T22:25:58.658141404Z,2673.0,387.389,100.0,8.0,2048.0,2048.0,128.0,256.0,0.0,7.87,8.28,114.4,0.68,0.0,0.0,0.0,92.0
2026-09-15T22:25:58.790142451Z,2674.0,387.522,100.0,8.0,2048.0,2048.0,128.0,256.0,0.0,9.38,10.66,110.15,1.07,0.0,0.0,0.0,91.0
2026-09-15T22:25:58.922297158Z,2675.0,387.654,99.0,8.0,2048.0,2048.0,128.0,256.0,0.0,16.07,11.48,103.36,1.62,0.0,0.0,0.0,90.0
2026-09-15T22:25:59.054274755Z,2676.0,387.786,98.0,9.0,2048.0,2048.0,128.0,256.0,0.0,26.55,8.17,95.15,0.58,0.0,0.0,0.0,91.0
2026-09-15T22:25:59.186565142Z,2677.0,387.918,99.0,8.0,2048.0,2048.0,128.0,256.0,0.0,13.12,12.13,105.61,1.48,0.0,0.0,0.0,90.0
2026-09-15T22:25:59.318799949Z,2678.0,388.05,98.0,8.0,2048.0,2048.0,128.0,256.0,0.0,14.46,20.54,95.18,1.57,0.0,0.0,0.0,89.0
2026-09-15T22:25:59.451118596Z,2679.0,388.183,97.0,9.0,2048.0,2048.0,128.0,256.0,0.0,30.71,8.39,91.0,1.14,0.0,0.0,0.0,90.0
2026-09-15T22:25:59.584490963Z,2680.0,388.316,98.0,8.0,2048.0,2048.0,128.0,256.0,0.0,7.36,8.2,114.91,2.69,0.0,0.0,0.0,90.0
2026-09-15T22:25:59.715846810Z,2681.0,388.447,98.0,8.0,2048.0,2048.0,128.0,256.0,0.0,16.53,10.74,102.71,0.93,0.0,0.0,0.0,89.0
2026-09-15T22:25:59.850566757Z,2682.0,388.582,97.0,8.0,2048.0,2048.0,128.0,256.0,0.0,14.8,8.8,106.16,0.53,0.0,0.0,0.0,89.0
2026-09-15T22:25:59.980686284Z,2683.0,388.712,97.0,9.0,2048.0,2048.0,128.0,256.0,0.0,24.0,12.36,95.66,1.72,0.0,0.0,0.0,89.0
2026-09-15T22:26:00.112496461Z,2684.0,388.844,97.0,9.0,2048.0,2048.0,128.0,256.0,0.0,39.68,10.6,77.07,0.41,0.0,0.0,0.0,90.0
2026-09-15T22:26:00.245739178Z,2685.0,388.977,98.0,8.0,2048.0,2048.0,128.0,256.0,0.0,14.03,10.49,106.2,1.15,0.0,0.0,0.0,89.0
2026-09-15T22:26:00.377587705Z,2686.0,389.109,97.0,8.0,2048.0,2048.0,128.0,256.0,0.0,7.98,15.34,108.08,2.06,0.0,0.0,0.0,89.0
2026-09-15T22:26:00.510088052Z,2687.0,389.241,97.0,8.0,2048.0,2048.0,128.0,256.0,0.0,8.3,8.05,112.87,0.88,0.0,0.0,0.0,89.0
2026-09-15T22:26:00.643068049Z,2688.0,389.374,97.0,9.0,2048.0,2048.0,128.0,256.0,0.0,24.65,9.58,96.74,0.74,0.0,0.0,0.0,90.0
2026-09-15T22:26:00.775092246Z,2689.0,389.507,98.0,8.0,2048.0,2048.0,128.0,256.0,0.0,13.7,11.65,105.73,0.36,0.0,0.0,0.0,89.0
2026-09-15T22:26:00.968371442Z,2690.0,389.7,97.0,8.0,2048.0,2048.0,128.0,256.0,0.0,13.3,8.99,107.83,0.33,0.0,0.0,0.0,89.0
2026-09-15T22:26:01.096549429Z,2691.0,389.828,97.0,8.0,2048.0,2048.0,128.0,256.0,0.0,174.66,9.31,8.01,0.65,0.0,0.0,0.0,89.0
2026-09-15T22:26:01.229056985Z,2692.0,389.96,97.0,8.0,2048.0,2048.0,128.0,256.0,0.0,6.63,8.61,111.61,0.51,0.0,0.0,0.0,89.0
2026-09-15T22:26:01.361241143Z,2693.0,390.093,97.0,10.0,2048.0,2048.0,128.0,256.0,0.0,35.07,12.0,84.31,1.15,0.0,0.0,0.0,90.0
2026-09-15T22:26:01.493519630Z,2694.0,390.225,98.0,8.0,2048.0,2048.0,128.0,256.0,0.0,9.35,16.65,104.21,0.52,0.0,0.0,0.0,90.0
2026-09-15T22:26:01.626851296Z,2695.0,390.358,98.0,8.0,2048.0,2048.0,128.0,256.0,0.0,9.24,7.74,114.16,0.85,0.0,0.0,0.0,90.0
2026-09-15T22:26:01.760053553Z,2696.0,390.491,98.0,8.0,2048.0,2048.0,128.0,256.0,0.0,7.81,8.68,115.35,0.59,0.0,0.0,0.0,90.0
2026-09-15T22:26:01.892312241Z,2697.0,390.624,98.0,8.0,2048.0,2048.0,128.0,256.0,0.0,8.9,10.27,112.8,1.14,0.0,0.0,0.0,89.0
2026-09-15T22:26:02.025107027Z,2698.0,390.756,97.0,10.0,2048.0,2048.0,128.0,256.0,0.0,32.4,9.8,88.22,1.13,0.0,0.0,0.0,91.0
2026-09-15T22:26:02.158182195Z,2699.0,390.89,99.0,8.0,2048.0,2048.0,128.0,256.0,0.0,7.96,8.24,114.79,0.33,0.0,0.0,0.0,91.0
2026-09-15T22:26:02.291680032Z,2700.0,391.023,99.0,8.0,2048.0,2048.0,128.0,256.0,0.0,13.83,11.52,106.77,1.76,0.0,0.0,0.0,90.0
2026-09-15T22:26:02.425382928Z,2701.0,391.157,98.0,9.0,2048.0,2048.0,128.0,256.0,0.0,25.5,7.91,97.71,2.34,0.0,0.0,0.0,91.0
2026-09-15T22:26:02.557234346Z,2702.0,391.289,99.0,8.0,2048.0,2048.0,128.0,256.0,0.0,7.64,7.76,115.11,0.63,0.0,0.0,0.0,91.0
2026-09-15T22:26:02.690293222Z,2703.0,391.422,99.0,8.0,2048.0,2048.0,128.0,256.0,0.0,8.52,7.5,114.62,0.72,0.0,0.0,0.0,91.0
2026-09-15T22:26:02.823728309Z,2704.0,391.555,99.0,8.0,2048.0,2048.0,128.0,256.0,0.0,8.75,8.17,114.73,0.73,0.0,0.0,0.0,91.0
2026-09-15T22:26:02.956375546Z,2705.0,391.688,99.0,8.0,2048.0,2048.0,128.0,256.0,0.0,7.9,7.47,116.6,0.88,0.0,0.0,0.0,91.0
2026-09-15T22:26:03.089936413Z,2706.0,391.821,99.0,8.0,2048.0,2048.0,128.0,256.0,0.0,15.16,12.2,103.68,1.25,0.0,0.0,0.0,90.0
2026-09-15T22:26:03.224563250Z,2707.0,391.956,98.0,8.0,2048.0,2048.0,128.0,256.0,0.0,7.95,8.28,115.38,1.98,0.0,0.0,0.0,90.0
2026-09-15T22:26:03.356061267Z,2708.0,392.087,98.0,9.0,2048.0,2048.0,128.0,256.0,0.0,26.89,12.57,92.24,0.58,0.0,0.0,0.0,90.0
2026-09-15T22:26:03.489510184Z,2709.0,392.221,98.0,9.0,2048.0,2048.0,128.0,256.0,0.0,30.6,9.15,90.59,1.87,0.0,0.0,0.0,91.0
2026-09-15T22:26:03.622340271Z,2710.0,392.354,99.0,9.0,2048.0,2048.0,128.0,256.0,0.0,22.32,9.12,99.4,0.61,0.0,0.0,0.0,92.0
2026-09-15T22:26:03.755328028Z,2711.0,392.487,100.0,9.0,2048.0,2048.0,128.0,256.0,0.0,25.5,9.51,96.66,0.85,0.0,0.0,0.0,93.0
2026-09-15T22:26:03.887367265Z,2712.0,392.619,101.0,8.0,2048.0,2048.0,128.0,256.0,0.0,9.36,9.48,112.5,0.62,0.0,0.0,0.0,93.0
2026-09-15T22:26:04.019441422Z,2713.0,392.751,101.0,8.0,2048.0,2048.0,128.0,256.0,0.0,12.11,12.88,105.55,1.36,0.0,0.0,0.0,92.0
2026-09-15T22:26:04.151782949Z,2714.0,392.883,100.0,8.0,2048.0,2048.0,128.0,256.0,0.0,7.58,8.93,113.66,1.38,0.0,0.0,0.0,92.0
2026-09-15T22:26:04.284308266Z,2715.0,393.016,100.0,8.0,2048.0,2048.0,128.0,256.0,0.0,8.93,9.39,111.97,0.99,0.0,0.0,0.0,92.0
2026-09-15T22:26:04.416310513Z,2716.0,393.147,100.0,8.0,2048.0,2048.0,128.0,256.0,0.0,10.77,9.93,110.16,1.72,0.0,0.0,0.0,91.0
2026-09-15T22:26:04.550869440Z,2717.0,393.282,99.0,8.0,2048.0,2048.0,128.0,256.0,0.0,14.42,10.34,104.68,0.56,0.0,0.0,0.0,90.0
2026-09-15T22:26:04.680251687Z,2718.0,393.412,98.0,8.0,2048.0,2048.0,128.0,256.0,0.0,22.46,8.52,100.21,0.57,0.0,0.0,0.0,90.0
2026-09-15T22:26:04.812559634Z,2719.0,393.544,98.0,10.0,2048.0,2048.0,128.0,256.0,0.0,27.6,9.83,90.56,0.83,0.0,0.0,0.0,92.0
2026-09-15T22:26:04.945005211Z,2720.0,393.676,100.0,10.0,2048.0,2048.0,128.0,256.0,0.0,24.36,8.77,97.7,0.8,0.0,0.0,0.0,94.0
2026-09-15T22:26:05.077472618Z,2721.0,393.809,102.0,8.0,2048.0,2048.0,128.0,256.0,0.0,8.74,8.19,114.09,1.16,0.0,0.0,0.0,94.0
2026-09-15T22:26:05.210027325Z,2722.0,393.941,102.0,8.0,2048.0,2048.0,128.0,256.0,0.0,8.02,8.12,114.63,0.63,0.0,0.0,0.0,94.0
2026-09-15T22:26:05.342521692Z,2723.0,394.074,102.0,8.0,2048.0,2048.0,128.0,256.0,0.0,8.17,9.0,114.16,0.84,0.0,0.0,0.0,94.0
2026-09-15T22:26:05.475371779Z,2724.0,394.207,102.0,8.0,2048.0,2048.0,128.0,256.0,0.0,7.67,8.33,115.0,1.83,0.0,0.0,0.0,94.0
2026-09-15T22:26:05.607862426Z,2725.0,394.339,102.0,8.0,2048.0,2048.0,128.0,256.0,0.0,7.38,8.24,114.76,0.84,0.0,0.0,0.0,94.0
2026-09-15T22:26:05.739952973Z,2726.0,394.471,102.0,8.0,2048.0,2048.0,128.0,256.0,0.0,8.04,8.06,114.8,0.84,0.0,0.0,0.0,94.0
2026-09-15T22:26:05.873989720Z,2727.0,394.605,102.0,9.0,2048.0,2048.0,128.0,256.0,0.0,33.62,12.46,84.34,1.99,0.0,0.0,0.0,95.0
2026-09-15T22:26:06.005259387Z,2728.0,394.737,103.0,8.0,1992.0,2048.0,128.0,256.0,0.0,9.02,10.39,111.88,0.47,0.0,0.0,0.0,95.0
2026-09-15T22:26:06.138571164Z,2729.0,394.87,102.0,7.0,1635.0,2048.0,128.0,256.0,1.0,11.89,7.68,110.65,1.72,0.0,0.0,0.0,96.0
2026-09-15T22:26:06.270484961Z,2730.0,395.002,102.0,6.0,1552.0,2048.0,128.0,256.0,1.0,9.54,9.49,111.87,1.48,0.0,0.0,0.0,97.0
2026-09-15T22:26:06.488524766Z,2731.0,395.22,102.0,5.0,1323.0,2048.0,128.0,256.0,1.0,11.11,13.09,105.62,0.27,0.0,0.0,0.0,95.0
2026-09-15T22:26:06.615690973Z,2732.0,395.347,100.0,7.0,1808.0,2048.0,128.0,256.0,1.0,197.7,12.22,7.21,0.84,0.0,0.0,0.0,94.0
2026-09-15T22:26:06.748092810Z,2733.0,395.479,101.0,7.0,1808.0,2048.0,128.0,256.0,1.0,7.98,7.93,109.98,0.96,0.0,0.0,0.0,94.0
2026-09-15T22:26:06.880271857Z,2734.0,395.612,101.0,7.0,1808.0,2048.0,128.0,256.0,1.0,9.05,8.55,112.96,1.0,0.0,0.0,0.0,94.0
2026-09-15T22:26:07.011649684Z,2735.0,395.743,101.0,7.0,1808.0,2048.0,128.0,256.0,1.0,7.93,8.5,113.64,0.91,0.0,0.0,0.0,94.0
2026-09-15T22:26:07.145255511Z,2736.0,395.877,101.0,8.0,1808.0,2048.0,128.0,256.0,1.0,28.33,11.89,88.88,1.78,0.0,0.0,0.0,94.0
2026-09-15T22:26:07.276453398Z,2737.0,396.008,101.0,7.0,1808.0,2048.0,128.0,256.0,1.0,12.75,9.78,108.63,0.37,0.0,0.0,0.0,94.0
2026-09-15T22:26:07.407572035Z,2738.0,396.139,101.0,7.0,1808.0,2048.0,128.0,256.0,1.0,7.94,8.65,113.13,1.48,0.0,0.0,0.0,94.0
2026-09-15T22:26:07.539744432Z,2739.0,396.271,101.0,10.0,1808.0,2048.0,128.0,256.0,1.0,32.57,10.92,85.48,0.71,0.0,0.0,0.0,97.0
2026-09-15T22:26:07.671803269Z,2740.0,396.403,104.0,7.0,1808.0,2048.0,128.0,256.0,1.0,9.12,8.86,112.89,1.0,0.0,0.0,0.0,97.0
2026-09-15T22:26:07.803849556Z,2741.0,396.535,104.0,7.0,1808.0,2048.0,128.0,256.0,1.0,7.41,7.73,115.28,1.41,0.0,0.0,0.0,97.0
2026-09-15T22:26:07.935436653Z,2742.0,396.667,104.0,7.0,1808.0,2048.0,128.0,256.0,1.0,7.57,7.93,114.57,0.63,0.0,0.0,0.0,97.0
2026-09-15T22:26:08.068136530Z,2743.0,396.8,104.0,7.0,1808.0,2048.0,128.0,256.0,1.0,7.21,7.61,115.53,1.4,0.0,0.0,0.0,97.0
2026-09-15T22:26:08.199492657Z,2744.0,396.931,104.0,7.0,1808.0,2048.0,128.0,256.0,1.0,10.03,10.64,110.07,0.83,0.0,0.0,0.0,96.0
2026-09-15T22:26:08.332221934Z,2745.0,397.064,103.0,7.0,1808.0,2048.0,128.0,256.0,1.0,12.93,8.68,108.22,1.97,0.0,0.0,0.0,96.0
2026-09-15T22:26:08.464225811Z,2746.0,397.196,103.0,7.0,1808.0,2048.0,128.0,256.0,1.0,7.89,8.73,113.46,1.34,0.0,0.0,0.0,96.0
2026-09-15T22:26:08.596241378Z,2747.0,397.328,103.0,7.0,1808.0,2048.0,128.0,256.0,1.0,9.28,10.49,110.35,0.99,0.0,0.0,0.0,95.0
2026-09-15T22:26:08.727916775Z,2748.0,397.459,102.0,7.0,1808.0,2048.0,128.0,256.0,1.0,15.02,8.34,106.93,0.45,0.0,0.0,0.0,95.0
2026-09-15T22:26:08.859635352Z,2749.0,397.591,102.0,8.0,2048.0,2048.0,128.0,256.0,0.0,28.36,15.85,86.08,0.78,0.0,0.0,0.0,93.0
2026-09-15T22:26:08.992015289Z,2750.0,397.723,101.0,8.0,2048.0,2048.0,128.0,256.0,0.0,21.83,10.27,98.41,1.79,0.0,0.0,0.0,93.0
2026-09-15T22:26:09.124603636Z,2751.0,397.856,101.0,9.0,2048.0,2048.0,128.0,256.0,0.0,27.14,13.11,89.77,1.19,0.0,0.0,0.0,94.0
2026-09-15T22:26:09.260914463Z,2752.0,397.992,102.0,8.0,2048.0,2048.0,128.0,256.0,0.0,7.72,7.86,115.04,0.42,0.0,0.0,0.0,94.0
2026-09-15T22:26:09.388600660Z,2753.0,398.12,102.0,8.0,2035.0,2048.0,128.0,256.0,0.0,13.01,12.34,105.7,1.43,0.0,0.0,0.0,93.0
2026-09-15T22:26:09.520522457Z,2754.0,398.252,100.0,7.0,1805.0,2048.0,128.0,256.0,1.0,13.61,9.47,102.38,1.61,0.0,0.0,0.0,93.0
2026-09-15T22:26:09.767422162Z,2755.0,398.499,100.0,7.0,1805.0,2048.0,128.0,256.0,1.0,8.7,17.14,103.8,0.3,0.0,0.0,0.0,93.0
2026-09-15T22:26:09.895881459Z,2756.0,398.627,100.0,9.0,2048.0,2048.0,128.0,256.0,0.0,228.79,9.86,7.26,0.85,0.0,0.0,0.0,94.0
2026-09-15T22:26:10.027742616Z,2757.0,398.759,102.0,10.0,2048.0,2048.0,128.0,256.0,0.0,40.76,11.73,74.39,0.83,0.0,0.0,0.0,95.0
2026-09-15T22:26:10.159788062Z,2758.0,398.891,103.0,9.0,2048.0,2048.0,128.0,256.0,0.0,28.14,8.25,93.95,1.5,0.0,0.0,0.0,96.0
2026-09-15T22:26:10.292598090Z,2759.0,399.024,104.0,8.0,2048.0,2048.0,128.0,256.0,0.0,8.47,7.72,113.62,1.1,0.0,0.0,0.0,96.0
2026-09-15T22:26:10.425033296Z,2760.0,399.156,104.0,8.0,2048.0,2048.0,128.0,256.0,0.0,9.3,9.73,111.86,1.14,0.0,0.0,0.0,96.0
2026-09-15T22:26:10.556812294Z,2761.0,399.288,104.0,8.0,2048.0,2048.0,128.0,256.0,0.0,9.36,10.27,110.82,0.99,0.0,0.0,0.0,96.0
2026-09-15T22:26:10.690083481Z,2762.0,399.421,104.0,8.0,2048.0,2048.0,128.0,256.0,0.0,9.06,12.86,108.15,1.13,0.0,0.0,0.0,96.0
2026-09-15T22:26:10.822100907Z,2763.0,399.553,104.0,8.0,2048.0,2048.0,128.0,256.0,0.0,9.59,9.86,112.03,1.67,0.0,0.0,0.0,96.0
2026-09-15T22:26:10.955483404Z,2764.0,399.687,104.0,8.0,2048.0,2048.0,128.0,256.0,0.0,14.28,10.81,104.58,2.21,0.0,0.0,0.0,95.0
2026-09-15T22:26:11.086551421Z,2765.0,399.818,103.0,8.0,2048.0,2048.0,128.0,256.0,0.0,16.2,10.53,103.75,0.92,0.0,0.0,0.0,94.0
2026-09-15T22:26:11.218968929Z,2766.0,399.95,102.0,9.0,2048.0,2048.0,128.0,256.0,0.0,30.68,8.55,90.28,0.6,0.0,0.0,0.0,95.0
2026-09-15T22:26:11.351484746Z,2767.0,400.083,103.0,8.0,2048.0,2048.0,128.0,256.0,0.0,7.34,7.48,116.44,0.97,0.0,0.0,0.0,95.0
2026-09-15T22:26:11.484738743Z,2768.0,400.216,103.0,9.0,2048.0,2048.0,128.0,256.0,0.0,34.75,8.1,87.88,1.23,0.0,0.0,0.0,96.0
2026-09-15T22:26:11.616371220Z,2769.0,400.348,104.0,8.0,2048.0,2048.0,128.0,256.0,0.0,10.02,10.48,110.72,1.45,0.0,0.0,0.0,95.0
2026-09-15T22:26:11.748311606Z,2770.0,400.48,103.0,8.0,2048.0,2048.0,128.0,256.0,0.0,12.27,8.23,109.12,0.67,0.0,0.0,0.0,95.0
2026-09-15T22:26:11.880526374Z,2771.0,400.612,103.0,8.0,2048.0,2048.0,128.0,256.0,0.0,7.53,15.65,107.37,0.69,0.0,0.0,0.0,95.0
2026-09-15T22:26:12.013020600Z,2772.0,400.744,103.0,9.0,2048.0,2048.0,128.0,256.0,0.0,33.75,11.67,85.3,1.98,0.0,0.0,0.0,95.0
2026-09-15T22:26:12.145010497Z,2773.0,400.876,103.0,8.0,2048.0,2048.0,128.0,256.0,0.0,12.33,8.39,109.38,1.2,0.0,0.0,0.0,95.0
2026-09-15T22:26:12.277554474Z,2774.0,401.009,103.0,8.0,2048.0,2048.0,128.0,256.0,0.0,12.28,10.83,107.05,0.86,0.0,0.0,0.0,94.0
2026-09-15T22:26:12.409813262Z,2775.0,401.141,102.0,8.0,2048.0,2048.0,128.0,256.0,0.0,14.37,8.04,108.49,0.36,0.0,0.0,0.0,94.0
2026-09-15T22:26:12.796756122Z,2776.0,401.528,102.0,8.0,1895.0,2048.0,128.0,256.0,0.0,12.37,10.72,107.72,0.36,0.0,0.0,0.0,94.0
2026-09-15T22:26:12.923802650Z,2777.0,401.655,101.0,7.0,1773.0,2048.0,128.0,256.0,1.0,367.55,10.44,7.6,0.77,0.0,0.0,0.0,95.0
2026-09-15T22:26:13.056557347Z,2778.0,401.787,101.0,6.0,1517.0,2048.0,128.0,256.0,1.0,8.47,8.63,108.43,0.97,0.0,0.0,0.0,96.0
2026-09-15T22:26:13.187973574Z,2779.0,401.919,101.0,5.0,1316.0,2048.0,128.0,256.0,1.0,8.02,8.44,114.16,1.19,0.0,0.0,0.0,96.0
2026-09-15T22:26:13.320261741Z,2780.0,402.052,101.0,5.0,1227.0,2048.0,128.0,256.0,1.0,14.74,8.96,106.34,1.25,0.0,0.0,0.0,97.0
2026-09-15T22:26:13.452601958Z,2781.0,402.184,101.0,4.0,1069.0,2048.0,128.0,256.0,1.0,8.76,8.05,113.72,1.48,0.0,0.0,0.0,97.0
2026-09-15T22:26:13.584498745Z,2782.0,402.316,101.0,4.0,1069.0,2048.0,128.0,256.0,1.0,12.01,10.91,107.25,1.64,0.0,0.0,0.0,96.0
2026-09-15T22:26:13.716260892Z,2783.0,402.448,100.0,4.0,1069.0,2048.0,128.0,256.0,1.0,8.15,8.28,113.15,0.65,0.0,0.0,0.0,96.0
2026-09-15T22:26:13.848496589Z,2784.0,402.58,100.0,4.0,1069.0,2048.0,128.0,256.0,1.0,8.07,8.17,114.33,1.36,0.0,0.0,0.0,96.0
2026-09-15T22:26:13.979630136Z,2785.0,402.711,100.0,4.0,1069.0,2048.0,128.0,256.0,1.0,9.92,10.18,110.16,0.84,0.0,0.0,0.0,95.0
2026-09-15T22:26:14.112304633Z,2786.0,402.844,99.0,4.0,1069.0,2048.0,128.0,256.0,1.0,12.28,7.72,109.58,1.34,0.0,0.0,0.0,95.0
2026-09-15T22:26:14.243825870Z,2787.0,402.975,99.0,4.0,1025.0,2048.0,128.0,256.0,1.0,7.71,8.29,114.7,0.58,0.0,0.0,0.0,96.0
2026-09-15T22:26:14.466140935Z,2788.0,403.198,99.0,3.0,824.0,2048.0,128.0,256.0,1.0,7.84,9.15,113.29,0.25,0.0,0.0,0.0,97.0
2026-09-15T22:26:14.594524242Z,2789.0,403.326,99.0,8.0,2048.0,2048.0,128.0,256.0,0.0,202.25,11.77,7.4,1.34,0.0,0.0,0.0,97.0
2026-09-15T22:26:14.727225139Z,2790.0,403.459,105.0,8.0,2048.0,2048.0,128.0,256.0,0.0,8.38,8.09,110.01,0.65,0.0,0.0,0.0,97.0
2026-09-15T22:26:14.860221076Z,2791.0,403.592,105.0,8.0,2048.0,2048.0,128.0,256.0,0.0,7.82,8.06,115.51,1.72,0.0,0.0,0.0,97.0
2026-09-15T22:26:14.994136433Z,2792.0,403.726,105.0,8.0,2048.0,2048.0,128.0,256.0,0.0,7.56,7.24,115.84,2.48,0.0,0.0,0.0,97.0
2026-09-15T22:26:15.126088689Z,2793.0,403.857,105.0,8.0,2048.0,2048.0,128.0,256.0,0.0,9.96,12.31,108.46,0.84,0.0,0.0,0.0,95.0
2026-09-15T22:26:15.258231217Z,2794.0,403.99,103.0,8.0,2048.0,2048.0,128.0,256.0,0.0,19.1,11.6,99.21,1.12,0.0,0.0,0.0,94.0
2026-09-15T22:26:15.390786603Z,2795.0,404.122,102.0,8.0,2048.0,2048.0,128.0,256.0,0.0,14.74,10.46,105.61,1.48,0.0,0.0,0.0,93.0
2026-09-15T22:26:15.525392031Z,2796.0,404.257,101.0,8.0,2048.0,2048.0,128.0,256.0,0.0,17.5,13.24,99.89,3.44,0.0,0.0,0.0,93.0
2026-09-15T22:26:15.655942078Z,2797.0,404.387,101.0,8.0,2048.0,2048.0,128.0,256.0,0.0,10.69,10.56,109.12,0.74,0.0,0.0,0.0,92.0
2026-09-15T22:26:15.788887185Z,2798.0,404.52,100.0,8.0,2048.0,2048.0,128.0,256.0,0.0,17.6,13.61,97.84,1.18,0.0,0.0,0.0,91.0
2026-09-15T22:26:15.921761562Z,2799.0,404.653,99.0,8.0,2048.0,2048.0,128.0,256.0,0.0,14.73,8.54,107.79,1.95,0.0,0.0,0.0,91.0
2026-09-15T22:26:16.053760159Z,2800.0,404.785,99.0,9.0,2048.0,2048.0,128.0,256.0,0.0,24.15,8.78,97.27,0.97,0.0,0.0,0.0,92.0
2026-09-15T22:26:16.185925716Z,2801.0,404.917,100.0,9.0,2048.0,2048.0,128.0,256.0,0.0,26.99,9.39,93.91,1.0,0.0,0.0,0.0,93.0
2026-09-15T22:26:16.317948353Z,2802.0,405.049,101.0,8.0,2048.0,2048.0,128.0,256.0,0.0,13.54,8.79,108.23,0.68,0.0,0.0,0.0,93.0
2026-09-15T22:26:16.449563739Z,2803.0,405.181,101.0,8.0,2048.0,2048.0,128.0,256.0,0.0,10.04,12.18,107.99,1.11,0.0,0.0,0.0,91.0
2026-09-15T22:26:16.581421807Z,2804.0,405.313,99.0,8.0,2048.0,2048.0,128.0,256.0,0.0,17.91,8.42,104.0,0.55,0.0,0.0,0.0,91.0
2026-09-15T22:26:16.713249213Z,2805.0,405.445,99.0,8.0,2048.0,2048.0,128.0,256.0,0.0,8.64,10.59,111.38,0.91,0.0,0.0,0.0,90.0
2026-09-15T22:26:16.959654618Z,2806.0,405.691,98.0,8.0,1809.0,2048.0,128.0,256.0,0.0,12.08,7.98,110.21,0.29,0.0,0.0,0.0,92.0
2026-09-15T22:26:17.083177225Z,2807.0,405.815,98.0,8.0,2048.0,2048.0,128.0,256.0,0.0,221.68,16.09,7.65,1.43,0.0,0.0,0.0,92.0
2026-09-15T22:26:17.215169262Z,2808.0,405.947,100.0,9.0,2048.0,2048.0,128.0,256.0,0.0,39.68,8.33,73.42,0.72,0.0,0.0,0.0,93.0
2026-09-15T22:26:17.346978329Z,2809.0,406.078,101.0,9.0,2048.0,2048.0,128.0,256.0,0.0,28.8,8.88,92.92,1.03,0.0,0.0,0.0,94.0
2026-09-15T22:26:17.479465686Z,2810.0,406.211,102.0,8.0,2048.0,2048.0,128.0,256.0,0.0,8.9,10.07,111.17,1.02,0.0,0.0,0.0,93.0
2026-09-15T22:26:17.611693983Z,2811.0,406.343,101.0,8.0,2048.0,2048.0,128.0,256.0,0.0,12.47,8.45,109.88,1.26,0.0,0.0,0.0,93.0
2026-09-15T22:26:17.744181250Z,2812.0,406.475,101.0,8.0,2048.0,2048.0,128.0,256.0,0.0,8.46,8.1,113.81,1.69,0.0,0.0,0.0,93.0
2026-09-15T22:26:17.876054957Z,2813.0,406.607,101.0,9.0,2048.0,2048.0,128.0,256.0,0.0,28.19,9.8,91.91,1.24,0.0,0.0,0.0,94.0
2026-09-15T22:26:18.008754944Z,2814.0,406.74,102.0,8.0,2048.0,2048.0,128.0,256.0,0.0,10.17,9.01,110.93,1.1,0.0,0.0,0.0,94.0
2026-09-15T22:26:18.141163801Z,2815.0,406.873,102.0,8.0,2048.0,2048.0,128.0,256.0,0.0,7.75,7.35,115.87,1.93,0.0,0.0,0.0,94.0
2026-09-15T22:26:18.272932308Z,2816.0,407.004,102.0,8.0,2048.0,2048.0,128.0,256.0,0.0,8.42,11.19,110.07,1.27,0.0,0.0,0.0,93.0
2026-09-15T22:26:18.405909575Z,2817.0,407.137,101.0,9.0,2048.0,2048.0,128.0,256.0,0.0,35.18,8.39,86.35,1.49,0.0,0.0,0.0,94.0
2026-09-15T22:26:18.537869812Z,2818.0,407.269,102.0,9.0,2048.0,2048.0,128.0,256.0,0.0,30.71,7.79,92.22,1.12,0.0,0.0,0.0,95.0
2026-09-15T22:26:18.670865139Z,2819.0,407.402,103.0,8.0,2048.0,2048.0,128.0,256.0,0.0,14.05,11.17,104.95,2.13,0.0,0.0,0.0,94.0
2026-09-15T22:26:18.801706266Z,2820.0,407.533,102.0,8.0,2048.0,2048.0,128.0,256.0,0.0,9.98,10.97,109.11,0.61,0.0,0.0,0.0,93.0
2026-09-15T22:26:18.933637043Z,2821.0,407.665,101.0,8.0,2048.0,2048.0,128.0,256.0,0.0,13.11,8.14,108.37,0.78,0.0,0.0,0.0,93.0
2026-09-15T22:26:19.065719800Z,2822.0,407.797,101.0,9.0,2048.0,2048.0,128.0,256.0,0.0,26.26,9.15,95.16,1.22,0.0,0.0,0.0,94.0
2026-09-15T22:26:19.197557687Z,2823.0,407.929,102.0,8.0,2048.0,2048.0,128.0,256.0,0.0,10.62,13.15,106.29,1.09,0.0,0.0,0.0,94.0
2026-09-15T22:26:19.330636034Z,2824.0,408.062,102.0,8.0,2048.0,2048.0,128.0,256.0,0.0,10.13,10.64,109.35,2.72,0.0,0.0,0.0,93.0
2026-09-15T22:26:19.461497601Z,2825.0,408.193,101.0,8.0,2048.0,2048.0,128.0,256.0,0.0,14.16,10.42,104.95,1.33,0.0,0.0,0.0,92.0
2026-09-15T22:26:19.593372398Z,2826.0,408.325,100.0,8.0,2048.0,2048.0,128.0,256.0,0.0,10.6,8.26,109.94,1.73,0.0,0.0,0.0,92.0
2026-09-15T22:26:19.725924415Z,2827.0,408.457,100.0,8.0,2048.0,2048.0,128.0,256.0,0.0,8.48,8.43,112.41,2.5,0.0,0.0,0.0,92.0
2026-09-15T22:26:19.857449162Z,2828.0,408.589,100.0,8.0,2048.0,2048.0,128.0,256.0,0.0,10.01,9.99,109.38,1.82,0.0,0.0,0.0,91.0
2026-09-15T22:26:19.989407949Z,2829.0,408.721,99.0,8.0,1973.0,2048.0,128.0,256.0,0.0,15.4,8.62,104.77,1.3,0.0,0.0,0.0,92.0
2026-09-15T22:26:20.121600186Z,2830.0,408.853,99.0,7.0,1804.0,2048.0,128.0,256.0,1.0,8.15,8.46,113.34,0.83,0.0,0.0,0.0,92.0
2026-09-15T22:26:20.364460401Z,2831.0,409.096,99.0,7.0,1804.0,2048.0,128.0,256.0,1.0,10.12,14.1,106.31,0.38,0.0,0.0,0.0,92.0
2026-09-15T22:26:20.491689598Z,2832.0,409.223,99.0,8.0,2048.0,2048.0,128.0,256.0,0.0,222.9,10.99,7.96,0.89,0.0,0.0,0.0,92.0
2026-09-15T22:26:20.623488755Z,2833.0,409.355,100.0,9.0,2048.0,2048.0,128.0,256.0,0.0,32.63,16.57,76.72,0.55,0.0,0.0,0.0,90.0
2026-09-15T22:26:20.755972872Z,2834.0,409.487,98.0,8.0,2048.0,2048.0,128.0,256.0,0.0,16.23,8.94,104.93,1.32,0.0,0.0,0.0,90.0
2026-09-15T22:26:20.888325899Z,2835.0,409.62,98.0,10.0,2048.0,2048.0,128.0,256.0,0.0,31.82,9.59,89.1,1.14,0.0,0.0,0.0,92.0
2026-09-15T22:26:21.022011696Z,2836.0,409.753,100.0,8.0,2048.0,2048.0,128.0,256.0,0.0,9.45,9.29,111.82,2.4,0.0,0.0,0.0,92.0
2026-09-15T22:26:21.154053912Z,2837.0,409.885,100.0,8.0,2048.0,2048.0,128.0,256.0,0.0,9.0,10.16,111.29,2.28,0.0,0.0,0.0,91.0
2026-09-15T22:26:21.286251550Z,2838.0,410.018,99.0,9.0,2048.0,2048.0,128.0,256.0,0.0,46.39,11.9,70.94,0.51,0.0,0.0,0.0,91.0
2026-09-15T22:26:21.422443866Z,2839.0,410.154,99.0,8.0,2048.0,2048.0,128.0,256.0,0.0,12.61,7.83,110.56,4.67,0.0,0.0,0.0,91.0
2026-09-15T22:26:21.550886304Z,2840.0,410.282,99.0,8.0,2048.0,2048.0,128.0,256.0,0.0,12.51,13.95,104.32,0.52,0.0,0.0,0.0,90.0
2026-09-15T22:26:21.683971551Z,2841.0,410.415,98.0,8.0,2048.0,2048.0,128.0,256.0,0.0,9.03,8.54,109.92,0.96,0.0,0.0,0.0,90.0
2026-09-15T22:26:21.816492688Z,2842.0,410.548,98.0,8.0,2048.0,2048.0,128.0,256.0,0.0,8.31,8.23,114.96,0.36,0.0,0.0,0.0,90.0
2026-09-15T22:26:21.950798674Z,2843.0,410.682,98.0,10.0,2048.0,2048.0,128.0,256.0,0.0,25.46,8.63,97.28,3.69,0.0,0.0,0.0,92.0
2026-09-15T22:26:22.081789862Z,2844.0,410.813,100.0,9.0,2048.0,2048.0,128.0,256.0,0.0,37.93,10.83,81.36,1.72,0.0,0.0,0.0,92.0
2026-09-15T22:26:22.212944168Z,2845.0,410.944,100.0,8.0,2048.0,2048.0,128.0,256.0,0.0,12.12,8.03,108.3,1.48,0.0,0.0,0.0,92.0
2026-09-15T22:26:22.345882136Z,2846.0,411.077,100.0,8.0,2048.0,2048.0,128.0,256.0,0.0,12.79,7.88,108.51,0.94,0.0,0.0,0.0,92.0
2026-09-15T22:26:22.477365793Z,2847.0,411.209,100.0,8.0,2048.0,2048.0,128.0,256.0,0.0,11.54,12.61,106.99,0.92,0.0,0.0,0.0,90.0
2026-09-15T22:26:22.609497710Z,2848.0,411.341,98.0,8.0,2048.0,2048.0,128.0,256.0,0.0,18.72,8.65,102.46,0.85,0.0,0.0,0.0,90.0
2026-09-15T22:26:22.741677936Z,2849.0,411.473,98.0,8.0,2048.0,2048.0,128.0,256.0,0.0,9.12,11.93,109.42,0.7,0.0,0.0,0.0,89.0
2026-09-15T22:26:22.924295332Z,2850.0,411.656,97.0,8.0,2048.0,2048.0,128.0,256.0,0.0,12.95,14.56,103.35,0.28,0.0,0.0,0.0,89.0
2026-09-15T22:26:23.052979889Z,2851.0,411.784,97.0,8.0,2048.0,2048.0,128.0,256.0,0.0,165.12,9.69,6.83,0.84,0.0,0.0,0.0,89.0
2026-09-15T22:26:23.185918717Z,2852.0,411.917,97.0,8.0,2048.0,2048.0,128.0,256.0,0.0,7.02,7.98,112.14,1.39,0.0,0.0,0.0,89.0
2026-09-15T22:26:23.317543013Z,2853.0,412.049,97.0,9.0,2048.0,2048.0,128.0,256.0,0.0,27.87,8.59,94.23,1.42,0.0,0.0,0.0,90.0
2026-09-15T22:26:23.450031260Z,2854.0,412.181,98.0,8.0,2048.0,2048.0,128.0,256.0,0.0,7.33,7.98,114.23,0.74,0.0,0.0,0.0,90.0
2026-09-15T22:26:23.582222007Z,2855.0,412.314,98.0,9.0,2048.0,2048.0,128.0,256.0,0.0,25.16,11.24,94.86,1.73,0.0,0.0,0.0,90.0
2026-09-15T22:26:23.715221414Z,2856.0,412.447,98.0,9.0,2048.0,2048.0,128.0,256.0,0.0,27.29,8.69,93.92,1.46,0.0,0.0,0.0,91.0
2026-09-15T22:26:23.846483471Z,2857.0,412.578,99.0,8.0,2048.0,2048.0,128.0,256.0,0.0,8.01,10.23,112.78,0.51,0.0,0.0,0.0,90.0
2026-09-15T22:26:23.979042848Z,2858.0,412.71,98.0,8.0,2048.0,2048.0,128.0,256.0,0.0,13.49,13.17,103.38,0.9,0.0,0.0,0.0,90.0
2026-09-15T22:26:24.111679805Z,2859.0,412.843,98.0,8.0,2048.0,2048.0,128.0,256.0,0.0,8.5,8.5,114.03,1.21,0.0,0.0,0.0,90.0
2026-09-15T22:26:24.243452582Z,2860.0,412.975,98.0,8.0,2048.0,2048.0,128.0,256.0,0.0,7.4,7.83,115.51,0.64,0.0,0.0,0.0,90.0
2026-09-15T22:26:24.376753199Z,2861.0,413.108,98.0,8.0,2048.0,2048.0,128.0,256.0,0.0,9.07,10.06,111.43,0.67,0.0,0.0,0.0,89.0
2026-09-15T22:26:24.509588406Z,2862.0,413.24,97.0,11.0,2048.0,2048.0,128.0,256.0,0.0,33.7,9.82,88.43,0.46,0.0,0.0,0.0,92.0
2026-09-15T22:26:24.640613323Z,2863.0,413.372,100.0,8.0,2048.0,2048.0,128.0,256.0,0.0,9.42,10.84,110.87,0.44,0.0,0.0,0.0,91.0
2026-09-15T22:26:24.773529120Z,2864.0,413.505,99.0,8.0,2048.0,2048.0,128.0,256.0,0.0,13.41,10.91,105.98,1.7,0.0,0.0,0.0,91.0
2026-09-15T22:26:24.905276917Z,2865.0,413.637,99.0,8.0,2048.0,2048.0,128.0,256.0,0.0,8.83,8.4,113.39,1.4,0.0,0.0,0.0,91.0
2026-09-15T22:26:25.037495064Z,2866.0,413.769,99.0,8.0,2048.0,2048.0,128.0,256.0,0.0,8.11,7.88,113.76,0.56,0.0,0.0,0.0,91.0
2026-09-15T22:26:25.169454821Z,2867.0,413.901,99.0,8.0,2048.0,2048.0,128.0,256.0,0.0,8.12,8.32,114.57,0.73,0.0,0.0,0.0,91.0
2026-09-15T22:26:25.302490998Z,2868.0,414.034,99.0,8.0,2048.0,2048.0,128.0,256.0,0.0,7.66,8.44,114.5,1.24,0.0,0.0,0.0,91.0
2026-09-15T22:26:25.435005805Z,2869.0,414.166,99.0,8.0,2048.0,2048.0,128.0,256.0,0.0,9.35,9.59,112.19,1.12,0.0,0.0,0.0,90.0
2026-09-15T22:26:25.566912912Z,2870.0,414.298,98.0,8.0,2048.0,2048.0,128.0,256.0,0.0,12.27,8.41,110.08,1.72,0.0,0.0,0.0,90.0
2026-09-15T22:26:25.698683399Z,2871.0,414.43,98.0,8.0,2048.0,2048.0,128.0,256.0,0.0,8.23,9.11,111.97,0.47,0.0,0.0,0.0,90.0
2026-09-15T22:26:25.830899236Z,2872.0,414.562,98.0,9.0,2048.0,2048.0,128.0,256.0,0.0,28.99,9.07,92.64,1.27,0.0,0.0,0.0,91.0
2026-09-15T22:26:25.968285733Z,2873.0,414.7,99.0,8.0,2048.0,2048.0,128.0,256.0,0.0,8.87,7.74,113.78,4.95,0.0,0.0,0.0,91.0
2026-09-15T22:26:26.097244050Z,2874.0,414.828,99.0,9.0,2048.0,2048.0,128.0,256.0,0.0,28.33,10.71,92.67,1.75,0.0,0.0,0.0,91.0
2026-09-15T22:26:26.228745997Z,2875.0,414.96,99.0,8.0,1983.0,2048.0,128.0,256.0,0.0,9.98,9.99,106.45,0.62,0.0,0.0,0.0,91.0
2026-09-15T22:26:26.361229794Z,2876.0,415.093,98.0,7.0,1765.0,2048.0,128.0,256.0,1.0,17.17,12.81,100.45,1.21,0.0,0.0,0.0,91.0
2026-09-15T22:26:26.494093331Z,2877.0,415.225,97.0,6.0,1556.0,2048.0,128.0,256.0,1.0,8.92,15.46,106.12,0.54,0.0,0.0,0.0,91.0
2026-09-15T22:26:26.625800958Z,2878.0,415.357,97.0,6.0,1479.0,2048.0,128.0,256.0,1.0,15.55,12.45,103.44,0.95,0.0,0.0,0.0,90.0
2026-09-15T22:26:26.856493773Z,2879.0,415.588,95.0,5.0,1312.0,2048.0,128.0,256.0,1.0,17.71,11.16,99.85,0.27,0.0,0.0,0.0,90.0
2026-09-15T22:26:26.986620980Z,2880.0,415.718,95.0,9.0,2048.0,2048.0,128.0,256.0,0.0,214.34,8.87,6.57,0.38,0.0,0.0,0.0,91.0
2026-09-15T22:26:27.119028437Z,2881.0,415.85,99.0,8.0,2048.0,2048.0,128.0,256.0,0.0,8.91,9.88,110.06,1.33,0.0,0.0,0.0,90.0
2026-09-15T22:26:27.251878144Z,2882.0,415.983,98.0,9.0,2048.0,2048.0,128.0,256.0,0.0,33.77,10.13,86.43,0.68,0.0,0.0,0.0,91.0
2026-09-15T22:26:27.384903101Z,2883.0,416.116,99.0,9.0,2048.0,2048.0,128.0,256.0,0.0,34.71,16.01,80.78,1.6,0.0,0.0,0.0,91.0
2026-09-15T22:26:27.516677398Z,2884.0,416.248,99.0,8.0,2048.0,2048.0,128.0,256.0,0.0,25.4,8.99,96.13,0.79,0.0,0.0,0.0,91.0
2026-09-15T22:26:27.651054675Z,2885.0,416.381,99.0,8.0,2048.0,2048.0,128.0,256.0,0.0,9.32,8.44,112.69,1.05,0.0,0.0,0.0,91.0
2026-09-15T22:26:27.781529582Z,2886.0,416.513,99.0,8.0,2048.0,2048.0,128.0,256.0,0.0,7.45,8.28,115.3,1.78,0.0,0.0,0.0,91.0
2026-09-15T22:26:27.913350069Z,2887.0,416.645,99.0,8.0,2048.0,2048.0,128.0,256.0,0.0,16.74,9.77,102.36,1.49,0.0,0.0,0.0,91.0
2026-09-15T22:26:28.045587006Z,2888.0,416.777,99.0,8.0,2048.0,2048.0,128.0,256.0,0.0,8.5,7.76,113.38,1.86,0.0,0.0,0.0,91.0
2026-09-15T22:26:28.179597963Z,2889.0,416.911,99.0,8.0,2048.0,2048.0,128.0,256.0,0.0,7.46,7.58,114.67,2.88,0.0,0.0,0.0,91.0
2026-09-15T22:26:28.309758360Z,2890.0,417.041,99.0,8.0,2048.0,2048.0,128.0,256.0,0.0,9.15,10.41,110.72,0.72,0.0,0.0,0.0,90.0
2026-09-15T22:26:28.442122147Z,2891.0,417.174,98.0,8.0,2048.0,2048.0,128.0,256.0,0.0,12.55,8.67,107.75,1.38,0.0,0.0,0.0,90.0
2026-09-15T22:26:28.574238384Z,2892.0,417.306,98.0,8.0,2048.0,2048.0,128.0,256.0,0.0,9.39,10.59,110.43,0.45,0.0,0.0,0.0,89.0
2026-09-15T22:26:28.710062681Z,2893.0,417.441,97.0,8.0,2048.0,2048.0,128.0,256.0,0.0,13.0,14.95,102.74,0.79,0.0,0.0,0.0,89.0
2026-09-15T22:26:28.839949938Z,2894.0,417.571,97.0,9.0,2048.0,2048.0,128.0,256.0,0.0,33.27,14.05,84.8,1.05,0.0,0.0,0.0,88.0
2026-09-15T22:26:28.972955195Z,2895.0,417.704,96.0,8.0,2048.0,2048.0,128.0,256.0,0.0,19.93,14.41,93.58,1.99,0.0,0.0,0.0,87.0
2026-09-15T22:26:29.105162432Z,2896.0,417.837,95.0,8.0,2048.0,2048.0,128.0,256.0,0.0,15.18,7.83,107.48,2.08,0.0,0.0,0.0,87.0
2026-09-15T22:26:29.237390209Z,2897.0,417.969,95.0,8.0,2048.0,2048.0,128.0,256.0,0.0,24.03,17.72,87.84,1.75,0.0,0.0,0.0,85.0
2026-09-15T22:26:29.446860014Z,2898.0,418.178,93.0,9.0,2048.0,2048.0,128.0,256.0,0.0,34.16,9.25,86.28,0.29,0.0,0.0,0.0,86.0
2026-09-15T22:26:29.576835731Z,2899.0,418.308,94.0,9.0,2048.0,2048.0,128.0,256.0,0.0,193.04,8.5,7.1,1.11,0.0,0.0,0.0,87.0
2026-09-15T22:26:29.709661228Z,2900.0,418.441,95.0,9.0,2048.0,2048.0,128.0,256.0,0.0,26.24,8.11,93.79,0.93,0.0,0.0,0.0,88.0
2026-09-15T22:26:29.841531045Z,2901.0,418.573,96.0,9.0,2048.0,2048.0,128.0,256.0,0.0,29.09,10.36,91.77,0.51,0.0,0.0,0.0,89.0
2026-09-15T22:26:29.974410382Z,2902.0,418.706,97.0,8.0,2048.0,2048.0,128.0,256.0,0.0,9.24,10.25,111.22,2.02,0.0,0.0,0.0,88.0
2026-09-15T22:26:30.107289899Z,2903.0,418.839,96.0,8.0,2048.0,2048.0,128.0,256.0,0.0,13.41,7.84,108.97,0.76,0.0,0.0,0.0,88.0
2026-09-15T22:26:30.239725446Z,2904.0,418.971,96.0,9.0,2048.0,2048.0,128.0,256.0,0.0,30.33,11.39,89.62,1.67,0.0,0.0,0.0,88.0
2026-09-15T22:26:30.372447683Z,2905.0,419.104,96.0,9.0,2048.0,2048.0,128.0,256.0,0.0,32.75,8.69,88.77,0.87,0.0,0.0,0.0,89.0
2026-09-15T22:26:30.506091030Z,2906.0,419.237,97.0,8.0,2048.0,2048.0,128.0,256.0,0.0,9.61,11.31,110.2,2.43,0.0,0.0,0.0,88.0
2026-09-15T22:26:30.637789627Z,2907.0,419.369,96.0,8.0,2048.0,2048.0,128.0,256.0,0.0,12.04,8.89,109.38,1.88,0.0,0.0,0.0,88.0
2026-09-15T22:26:30.770596394Z,2908.0,419.502,96.0,8.0,2048.0,2048.0,128.0,256.0,0.0,15.33,9.24,104.59,0.75,0.0,0.0,0.0,88.0
2026-09-15T22:26:30.903856821Z,2909.0,419.635,96.0,8.0,2048.0,2048.0,128.0,256.0,0.0,8.38,8.41,114.57,0.56,0.0,0.0,0.0,88.0
2026-09-15T22:26:31.036534338Z,2910.0,419.768,96.0,8.0,2048.0,2048.0,128.0,256.0,0.0,7.46,9.03,115.49,0.51,0.0,0.0,0.0,88.0
2026-09-15T22:26:31.169704045Z,2911.0,419.901,96.0,8.0,2048.0,2048.0,128.0,256.0,0.0,10.73,9.3,111.35,1.28,0.0,0.0,0.0,88.0
2026-09-15T22:26:31.303222782Z,2912.0,420.035,96.0,8.0,2048.0,2048.0,128.0,256.0,0.0,7.71,7.67,115.89,1.33,0.0,0.0,0.0,88.0
2026-09-15T22:26:31.435067589Z,2913.0,420.166,96.0,9.0,2048.0,2048.0,128.0,256.0,0.0,25.43,9.17,96.72,1.03,0.0,0.0,0.0,89.0
2026-09-15T22:26:31.567300486Z,2914.0,420.299,97.0,8.0,2048.0,2048.0,128.0,256.0,0.0,8.61,8.55,113.07,1.38,0.0,0.0,0.0,89.0
2026-09-15T22:26:31.699752213Z,2915.0,420.431,97.0,8.0,2048.0,2048.0,128.0,256.0,0.0,7.45,7.71,114.76,1.48,0.0,0.0,0.0,89.0
2026-09-15T22:26:31.833247340Z,2916.0,420.565,97.0,8.0,2048.0,2048.0,128.0,256.0,0.0,13.4,11.14,105.8,1.73,0.0,0.0,0.0,88.0
2026-09-15T22:26:31.963812877Z,2917.0,420.695,96.0,9.0,2048.0,2048.0,128.0,256.0,0.0,29.62,10.86,90.51,0.88,0.0,0.0,0.0,88.0
2026-09-15T22:26:32.096361204Z,2918.0,420.828,96.0,9.0,2048.0,2048.0,128.0,256.0,0.0,29.23,9.94,89.66,1.04,0.0,0.0,0.0,89.0
2026-09-15T22:26:32.228958901Z,2919.0,420.96,97.0,8.0,2048.0,2048.0,128.0,256.0,0.0,7.45,8.18,115.26,1.6,0.0,0.0,0.0,89.0
2026-09-15T22:26:32.361224678Z,2920.0,421.093,97.0,8.0,1989.0,2048.0,128.0,256.0,0.0,10.04,20.1,100.25,1.44,0.0,0.0,0.0,89.0
2026-09-15T22:26:32.493455185Z,2921.0,421.225,96.0,7.0,1619.0,2048.0,128.0,256.0,1.0,12.1,8.14,109.78,0.86,0.0,0.0,0.0,90.0
2026-09-15T22:26:32.625482802Z,2922.0,421.357,96.0,6.0,1560.0,2048.0,128.0,256.0,1.0,7.88,10.1,112.42,1.43,0.0,0.0,0.0,90.0
2026-09-15T22:26:32.757848339Z,2923.0,421.489,96.0,6.0,1560.0,2048.0,128.0,256.0,1.0,11.12,9.6,109.24,1.49,0.0,0.0,0.0,90.0
2026-09-15T22:26:32.890692666Z,2924.0,421.622,96.0,6.0,1379.0,2048.0,128.0,256.0,1.0,8.4,9.22,112.61,0.63,0.0,0.0,0.0,91.0
2026-09-15T22:26:33.022488633Z,2925.0,421.754,96.0,5.0,1315.0,2048.0,128.0,256.0,1.0,9.24,11.16,110.93,0.95,0.0,0.0,0.0,90.0
2026-09-15T22:26:33.154664730Z,2926.0,421.886,95.0,5.0,1089.0,2048.0,128.0,256.0,1.0,12.6,7.45,110.26,0.95,0.0,0.0,0.0,91.0
2026-09-15T22:26:33.287392967Z,2927.0,422.018,95.0,4.0,1073.0,2048.0,128.0,256.0,1.0,7.7,7.9,115.08,0.55,0.0,0.0,0.0,91.0
2026-09-15T22:26:33.419702184Z,2928.0,422.151,95.0,4.0,831.0,2048.0,128.0,256.0,1.0,9.35,11.3,110.25,2.0,0.0,0.0,0.0,91.0
2026-09-15T22:26:33.551249561Z,2929.0,422.283,94.0,3.0,826.0,2048.0,128.0,256.0,1.0,13.77,9.66,106.66,1.95,0.0,0.0,0.0,91.0
2026-09-15T22:26:33.803730755Z,2930.0,422.535,94.0,3.0,826.0,2048.0,128.0,256.0,1.0,12.13,10.3,106.47,0.4,0.0,0.0,0.0,91.0
2026-09-15T22:26:33.930411332Z,2931.0,422.662,94.0,9.0,2048.0,2048.0,128.0,256.0,0.0,230.09,12.57,8.65,0.48,0.0,0.0,0.0,91.0
2026-09-15T22:26:34.063469459Z,2932.0,422.795,99.0,8.0,2048.0,2048.0,128.0,256.0,0.0,9.42,8.73,107.48,0.47,0.0,0.0,0.0,91.0
2026-09-15T22:26:34.195753546Z,2933.0,422.927,99.0,8.0,2048.0,2048.0,128.0,256.0,0.0,10.4,12.73,108.29,0.59,0.0,0.0,0.0,90.0
2026-09-15T22:26:34.327149213Z,2934.0,423.058,98.0,8.0,2048.0,2048.0,128.0,256.0,0.0,16.16,14.36,100.1,0.65,0.0,0.0,0.0,90.0
2026-09-15T22:26:34.459889390Z,2935.0,423.191,98.0,8.0,2048.0,2048.0,128.0,256.0,0.0,7.95,8.74,113.12,0.67,0.0,0.0,0.0,90.0
2026-09-15T22:26:34.591644927Z,2936.0,423.323,98.0,9.0,2048.0,2048.0,128.0,256.0,0.0,31.2,23.39,76.81,0.55,0.0,0.0,0.0,91.0
2026-09-15T22:26:34.725166044Z,2937.0,423.456,99.0,8.0,2048.0,2048.0,128.0,256.0,0.0,9.22,8.05,113.32,0.74,0.0,0.0,0.0,91.0
2026-09-15T22:26:34.856693481Z,2938.0,423.588,99.0,8.0,2048.0,2048.0,128.0,256.0,0.0,8.83,9.91,113.22,0.45,0.0,0.0,0.0,90.0
2026-09-15T22:26:34.989414168Z,2939.0,423.721,98.0,9.0,2048.0,2048.0,128.0,256.0,0.0,33.36,12.04,85.15,1.16,0.0,0.0,0.0,90.0
2026-09-15T22:26:35.121708715Z,2940.0,423.853,98.0,8.0,2048.0,2048.0,128.0,256.0,0.0,15.76,14.31,100.93,1.55,0.0,0.0,0.0,89.0
2026-09-15T22:26:35.254495382Z,2941.0,423.986,97.0,8.0,2048.0,2048.0,128.0,256.0,0.0,14.23,7.95,107.8,0.73,0.0,0.0,0.0,89.0
2026-09-15T22:26:35.388032849Z,2942.0,424.119,97.0,8.0,2048.0,2048.0,128.0,256.0,0.0,14.77,11.28,105.28,2.46,0.0,0.0,0.0,89.0
2026-09-15T22:26:35.519094296Z,2943.0,424.251,97.0,8.0,2048.0,2048.0,128.0,256.0,0.0,10.66,10.97,108.92,0.57,0.0,0.0,0.0,88.0
2026-09-15T22:26:35.652109553Z,2944.0,424.384,96.0,8.0,2048.0,2048.0,128.0,256.0,0.0,12.11,7.89,109.6,1.34,0.0,0.0,0.0,88.0
2026-09-15T22:26:35.785344780Z,2945.0,424.517,96.0,8.0,2048.0,2048.0,128.0,256.0,0.0,7.41,7.96,115.69,2.26,0.0,0.0,0.0,88.0
2026-09-15T22:26:35.918489167Z,2946.0,424.65,96.0,8.0,2048.0,2048.0,128.0,256.0,0.0,8.77,10.29,111.14,1.06,0.0,0.0,0.0,87.0
2026-09-15T22:26:36.050718154Z,2947.0,424.782,95.0,8.0,2048.0,2048.0,128.0,256.0,0.0,14.66,11.21,105.19,1.43,0.0,0.0,0.0,86.0
2026-09-15T22:26:36.184083321Z,2948.0,424.916,94.0,8.0,2048.0,2048.0,128.0,256.0,0.0,13.81,7.65,108.69,2.56,0.0,0.0,0.0,86.0
2026-09-15T22:26:36.315827228Z,2949.0,425.047,94.0,8.0,2000.0,2048.0,128.0,256.0,0.0,14.06,10.3,105.93,2.29,0.0,0.0,0.0,86.0
2026-09-15T22:26:36.446699795Z,2950.0,425.178,93.0,7.0,1663.0,2048.0,128.0,256.0,1.0,13.39,10.03,104.99,0.51,0.0,0.0,0.0,86.0
2026-09-15T22:26:36.578697552Z,2951.0,425.31,92.0,6.0,1381.0,2048.0,128.0,256.0,1.0,11.39,7.88,110.87,1.15,0.0,0.0,0.0,88.0
2026-09-15T22:26:36.895329435Z,2952.0,425.627,92.0,4.0,1068.0,2048.0,128.0,256.0,1.0,8.24,8.13,113.74,0.33,0.0,0.0,0.0,88.0
2026-09-15T22:26:37.019724752Z,2953.0,425.751,92.0,8.0,2048.0,2048.0,128.0,256.0,0.0,292.57,12.25,10.67,0.52,0.0,0.0,0.0,88.0
2026-09-15T22:26:37.151068419Z,2954.0,425.882,96.0,8.0,2048.0,2048.0,128.0,256.0,0.0,11.7,10.99,100.36,0.35,0.0,0.0,0.0,88.0
2026-09-15T22:26:37.284265116Z,2955.0,426.016,96.0,8.0,2048.0,2048.0,128.0,256.0,0.0,8.28,9.48,112.47,0.37,0.0,0.0,0.0,88.0
2026-09-15T22:26:37.415735063Z,2956.0,426.147,96.0,8.0,2048.0,2048.0,128.0,256.0,0.0,8.9,10.66,112.14,1.23,0.0,0.0,0.0,87.0
2026-09-15T22:26:37.548409400Z,2957.0,426.28,95.0,8.0,2048.0,2048.0,128.0,256.0,0.0,11.82,9.18,108.59,1.79,0.0,0.0,0.0,87.0
2026-09-15T22:26:37.679487007Z,2958.0,426.411,95.0,8.0,2048.0,2048.0,128.0,256.0,0.0,8.03,9.13,112.9,1.37,0.0,0.0,0.0,87.0
2026-09-15T22:26:37.812302734Z,2959.0,426.544,95.0,8.0,2048.0,2048.0,128.0,256.0,0.0,9.66,9.75,109.53,1.29,0.0,0.0,0.0,87.0
2026-09-15T22:26:37.944238811Z,2960.0,426.676,95.0,10.0,2048.0,2048.0,128.0,256.0,0.0,35.26,9.22,86.28,0.51,0.0,0.0,0.0,89.0
2026-09-15T22:26:38.076829558Z,2961.0,426.808,97.0,8.0,2048.0,2048.0,128.0,256.0,0.0,9.31,10.46,110.79,0.96,0.0,0.0,0.0,89.0
2026-09-15T22:26:38.209009435Z,2962.0,426.94,97.0,9.0,2048.0,2048.0,128.0,256.0,0.0,29.43,8.63,92.94,1.04,0.0,0.0,0.0,90.0
2026-09-15T22:26:38.340977342Z,2963.0,427.072,98.0,9.0,2048.0,2048.0,128.0,256.0,0.0,27.73,11.64,91.02,1.07,0.0,0.0,0.0,90.0
2026-09-15T22:26:38.472966969Z,2964.0,427.204,98.0,8.0,2048.0,2048.0,128.0,256.0,0.0,13.6,9.75,106.58,0.86,0.0,0.0,0.0,89.0
2026-09-15T22:26:38.605650216Z,2965.0,427.337,97.0,8.0,2048.0,2048.0,128.0,256.0,0.0,13.56,9.09,107.82,0.7,0.0,0.0,0.0,89.0
2026-09-15T22:26:38.738351933Z,2966.0,427.47,97.0,8.0,2048.0,2048.0,128.0,256.0,0.0,7.63,9.14,114.42,0.95,0.0,0.0,0.0,89.0
2026-09-15T22:26:38.870855480Z,2967.0,427.602,97.0,8.0,2048.0,2048.0,128.0,256.0,0.0,8.7,9.14,113.19,1.8,0.0,0.0,0.0,89.0
2026-09-15T22:26:39.003132347Z,2968.0,427.735,97.0,8.0,2048.0,2048.0,128.0,256.0,0.0,9.58,8.85,111.6,0.6,0.0,0.0,0.0,89.0
2026-09-15T22:26:39.135619334Z,2969.0,427.867,97.0,8.0,2048.0,2048.0,128.0,256.0,0.0,7.74,8.48,114.89,0.99,0.0,0.0,0.0,89.0
2026-09-15T22:26:39.268446351Z,2970.0,428.0,97.0,8.0,2048.0,2048.0,128.0,256.0,0.0,7.51,8.37,114.86,0.88,0.0,0.0,0.0,89.0
2026-09-15T22:26:39.400786108Z,2971.0,428.132,97.0,8.0,2048.0,2048.0,128.0,256.0,0.0,9.52,8.91,112.69,1.11,0.0,0.0,0.0,89.0
2026-09-15T22:26:39.533166615Z,2972.0,428.265,97.0,8.0,2048.0,2048.0,128.0,256.0,0.0,8.99,9.58,111.96,0.94,0.0,0.0,0.0,89.0
2026-09-15T22:26:39.667608842Z,2973.0,428.399,97.0,8.0,2048.0,2048.0,128.0,256.0,0.0,7.92,8.28,114.5,2.42,0.0,0.0,0.0,89.0
2026-09-15T22:26:39.798430149Z,2974.0,428.53,97.0,8.0,1934.0,2048.0,128.0,256.0,0.0,8.95,10.02,112.3,0.64,0.0,0.0,0.0,89.0
2026-09-15T22:26:39.931371016Z,2975.0,428.663,96.0,7.0,1805.0,2048.0,128.0,256.0,1.0,12.52,8.4,108.61,1.2,0.0,0.0,0.0,89.0
2026-09-15T22:26:40.068569393Z,2976.0,428.8,96.0,7.0,1805.0,2048.0,128.0,256.0,1.0,12.27,11.94,106.91,5.61,0.0,0.0,0.0,89.0
2026-09-15T22:26:40.197437780Z,2977.0,428.929,96.0,7.0,1805.0,2048.0,128.0,256.0,1.0,11.61,10.56,108.65,1.32,0.0,0.0,0.0,88.0
2026-09-15T22:26:40.329731907Z,2978.0,429.061,95.0,7.0,1743.0,2048.0,128.0,256.0,1.0,9.35,11.92,105.8,1.1,0.0,0.0,0.0,88.0
2026-09-15T22:26:40.461400504Z,2979.0,429.193,94.0,6.0,1563.0,2048.0,128.0,256.0,1.0,11.66,8.2,110.52,0.77,0.0,0.0,0.0,88.0
2026-09-15T22:26:40.592572741Z,2980.0,429.324,94.0,6.0,1486.0,2048.0,128.0,256.0,1.0,11.14,10.33,108.67,1.13,0.0,0.0,0.0,88.0
2026-09-15T22:26:40.725177668Z,2981.0,429.457,93.0,5.0,1317.0,2048.0,128.0,256.0,1.0,13.23,8.97,107.29,0.39,0.0,0.0,0.0,88.0
2026-09-15T22:26:40.856100545Z,2982.0,429.587,93.0,5.0,915.0,2048.0,128.0,256.0,1.0,8.55,8.2,114.17,1.19,0.0,0.0,0.0,90.0
2026-09-15T22:26:41.144355398Z,2983.0,429.876,93.0,3.0,826.0,2048.0,128.0,256.0,1.0,15.33,10.13,103.64,0.27,0.0,0.0,0.0,89.0
2026-09-15T22:26:41.271611035Z,2984.0,430.003,92.0,9.0,2048.0,2048.0,128.0,256.0,0.0,265.21,14.76,7.05,0.52,0.0,0.0,0.0,89.0
2026-09-15T22:26:41.405064172Z,2985.0,430.136,97.0,8.0,2048.0,2048.0,128.0,256.0,0.0,8.84,8.24,109.22,0.51,0.0,0.0,0.0,89.0
2026-09-15T22:26:41.536757749Z,2986.0,430.268,97.0,8.0,2048.0,2048.0,128.0,256.0,0.0,9.31,11.71,109.12,1.34,0.0,0.0,0.0,88.0
2026-09-15T22:26:41.668828126Z,2987.0,430.4,96.0,9.0,2048.0,2048.0,128.0,256.0,0.0,32.09,8.11,89.43,1.14,0.0,0.0,0.0,89.0
2026-09-15T22:26:41.800415703Z,2988.0,430.532,97.0,8.0,2048.0,2048.0,128.0,256.0,0.0,7.96,8.25,114.08,1.21,0.0,0.0,0.0,89.0
2026-09-15T22:26:41.932437940Z,2989.0,430.664,97.0,8.0,2048.0,2048.0,128.0,256.0,0.0,7.93,10.09,110.99,0.98,0.0,0.0,0.0,89.0
2026-09-15T22:26:42.064902437Z,2990.0,430.796,97.0,8.0,2048.0,2048.0,128.0,256.0,0.0,8.04,8.51,113.86,1.71,0.0,0.0,0.0,89.0
2026-09-15T22:26:42.196522894Z,2991.0,430.928,97.0,8.0,2048.0,2048.0,128.0,256.0,0.0,8.23,10.28,111.56,0.99,0.0,0.0,0.0,88.0
2026-09-15T22:26:42.328716191Z,2992.0,431.06,96.0,8.0,2048.0,2048.0,128.0,256.0,0.0,12.09,8.15,109.7,1.51,0.0,0.0,0.0,88.0
2026-09-15T22:26:42.460677808Z,2993.0,431.192,96.0,8.0,2048.0,2048.0,128.0,256.0,0.0,9.14,11.53,109.32,2.08,0.0,0.0,0.0,87.0
2026-09-15T22:26:42.592288135Z,2994.0,431.324,95.0,8.0,2048.0,2048.0,128.0,256.0,0.0,12.81,8.99,103.92,0.65,0.0,0.0,0.0,87.0
2026-09-15T22:26:42.724809892Z,2995.0,431.456,95.0,8.0,2048.0,2048.0,128.0,256.0,0.0,10.36,9.82,109.93,1.41,0.0,0.0,0.0,87.0
2026-09-15T22:26:42.856444159Z,2996.0,431.588,95.0,8.0,2048.0,2048.0,128.0,256.0,0.0,7.65,9.08,113.76,1.19,0.0,0.0,0.0,87.0
2026-09-15T22:26:42.988924046Z,2997.0,431.72,95.0,8.0,2048.0,2048.0,128.0,256.0,0.0,8.15,7.71,114.12,1.08,0.0,0.0,0.0,87.0
2026-09-15T22:26:43.121078193Z,2998.0,431.852,95.0,8.0,2048.0,2048.0,128.0,256.0,0.0,10.76,11.16,108.65,1.06,0.0,0.0,0.0,86.0
2026-09-15T22:26:43.252799600Z,2999.0,431.984,94.0,8.0,2048.0,2048.0,128.0,256.0,0.0,11.79,7.61,111.09,0.78,0.0,0.0,0.0,86.0
2026-09-15T22:26:43.385530507Z,3000.0,432.117,94.0,8.0,2048.0,2048.0,128.0,256.0,0.0,7.4,8.58,114.22,1.57,0.0,0.0,0.0,86.0
2026-09-15T22:26:43.517583404Z,3001.0,432.249,94.0,8.0,2048.0,2048.0,128.0,256.0,0.0,7.15,7.68,115.47,0.95,0.0,0.0,0.0,86.0
2026-09-15T22:26:43.649296111Z,3002.0,432.38,94.0,8.0,2048.0,2048.0,128.0,256.0,0.0,13.41,12.44,104.57,1.1,0.0,0.0,0.0,84.0
2026-09-15T22:26:43.780772668Z,3003.0,432.512,92.0,8.0,2048.0,2048.0,128.0,256.0,0.0,18.36,10.65,100.61,1.2,0.0,0.0,0.0,83.0
2026-09-15T22:26:43.912650665Z,3004.0,432.644,91.0,8.0,2048.0,2048.0,128.0,256.0,0.0,11.68,7.76,110.52,1.26,0.0,0.0,0.0,83.0
2026-09-15T22:26:44.046015792Z,3005.0,432.777,91.0,8.0,2048.0,2048.0,128.0,256.0,0.0,7.55,8.03,114.48,1.1,0.0,0.0,0.0,83.0
2026-09-15T22:26:44.315118776Z,3006.0,433.047,91.0,9.0,1983.0,2048.0,128.0,256.0,0.0,31.92,11.5,87.64,0.27,0.0,0.0,0.0,84.0
2026-09-15T22:26:44.444805513Z,3007.0,433.176,91.0,10.0,2048.0,2048.0,128.0,256.0,0.0,251.02,10.24,7.32,1.16,0.0,0.0,0.0,86.0
2026-09-15T22:26:44.577314620Z,3008.0,433.309,94.0,8.0,2048.0,2048.0,128.0,256.0,0.0,7.22,8.9,111.85,1.17,0.0,0.0,0.0,86.0
2026-09-15T22:26:44.708598247Z,3009.0,433.44,94.0,9.0,2048.0,2048.0,128.0,256.0,0.0,24.58,8.35,97.49,1.44,0.0,0.0,0.0,87.0
2026-09-15T22:26:44.840208774Z,3010.0,433.572,95.0,8.0,2048.0,2048.0,128.0,256.0,0.0,7.73,8.2,113.18,1.4,0.0,0.0,0.0,87.0
2026-09-15T22:26:44.972018821Z,3011.0,433.703,95.0,9.0,2048.0,2048.0,128.0,256.0,0.0,25.5,8.11,95.86,0.81,0.0,0.0,0.0,88.0
2026-09-15T22:26:45.103557758Z,3012.0,433.835,96.0,8.0,2048.0,2048.0,128.0,256.0,0.0,8.05,7.72,114.65,0.36,0.0,0.0,0.0,88.0
2026-09-15T22:26:45.235668455Z,3013.0,433.967,96.0,8.0,2048.0,2048.0,128.0,256.0,0.0,7.4,9.67,113.35,0.9,0.0,0.0,0.0,88.0
2026-09-15T22:26:45.367610912Z,3014.0,434.099,96.0,8.0,2048.0,2048.0,128.0,256.0,0.0,7.23,9.32,113.96,1.35,0.0,0.0,0.0,88.0
2026-09-15T22:26:45.499869509Z,3015.0,434.231,96.0,8.0,2048.0,2048.0,128.0,256.0,0.0,7.19,8.66,114.06,1.4,0.0,0.0,0.0,88.0
2026-09-15T22:26:45.632178806Z,3016.0,434.363,96.0,8.0,2048.0,2048.0,128.0,256.0,0.0,7.48,9.57,113.01,0.44,0.0,0.0,0.0,88.0
2026-09-15T22:26:45.764076123Z,3017.0,434.495,96.0,8.0,2048.0,2048.0,128.0,256.0,0.0,10.04,12.46,107.98,1.77,0.0,0.0,0.0,87.0
2026-09-15T22:26:45.894698800Z,3018.0,434.626,95.0,8.0,2048.0,2048.0,128.0,256.0,0.0,13.28,9.68,106.39,1.65,0.0,0.0,0.0,87.0
2026-09-15T22:26:46.027960267Z,3019.0,434.759,95.0,9.0,2048.0,2048.0,128.0,256.0,0.0,37.99,10.18,80.23,1.74,0.0,0.0,0.0,88.0
2026-09-15T22:26:46.162534174Z,3020.0,434.894,96.0,8.0,2048.0,2048.0,128.0,256.0,0.0,9.27,10.54,111.11,0.47,0.0,0.0,0.0,87.0
2026-09-15T22:26:46.291536041Z,3021.0,435.023,95.0,8.0,2048.0,2048.0,128.0,256.0,0.0,13.29,9.54,106.4,1.4,0.0,0.0,0.0,87.0
2026-09-15T22:26:46.423652098Z,3022.0,435.155,95.0,8.0,2048.0,2048.0,128.0,256.0,0.0,8.44,7.74,110.85,0.75,0.0,0.0,0.0,87.0
2026-09-15T22:26:46.555809635Z,3023.0,435.287,95.0,8.0,2048.0,2048.0,128.0,256.0,0.0,8.91,10.97,110.88,0.85,0.0,0.0,0.0,86.0
2026-09-15T22:26:46.687726222Z,3024.0,435.419,94.0,9.0,2048.0,2048.0,128.0,256.0,0.0,41.29,11.55,77.6,1.22,0.0,0.0,0.0,87.0
2026-09-15T22:26:46.820429289Z,3025.0,435.552,95.0,8.0,2048.0,2048.0,128.0,256.0,0.0,8.0,8.57,113.54,0.53,0.0,0.0,0.0,87.0
2026-09-15T22:26:46.952304556Z,3026.0,435.684,95.0,8.0,2048.0,2048.0,128.0,256.0,0.0,11.15,18.49,101.75,1.92,0.0,0.0,0.0,85.0
2026-09-15T22:26:47.083598863Z,3027.0,435.815,93.0,8.0,2048.0,2048.0,128.0,256.0,0.0,18.51,9.1,101.72,0.46,0.0,0.0,0.0,85.0
2026-09-15T22:26:47.217259890Z,3028.0,435.949,93.0,9.0,2048.0,2048.0,128.0,256.0,0.0,27.98,8.96,93.27,2.04,0.0,0.0,0.0,86.0
2026-09-15T22:26:47.348013097Z,3029.0,436.079,94.0,8.0,1823.0,2048.0,128.0,256.0,0.0,9.07,11.59,108.87,1.0,0.0,0.0,0.0,87.0
2026-09-15T22:26:47.479842874Z,3030.0,436.211,93.0,6.0,1560.0,2048.0,128.0,256.0,1.0,13.8,8.93,106.39,0.88,0.0,0.0,0.0,87.0
2026-09-15T22:26:47.611734841Z,3031.0,436.343,93.0,6.0,1489.0,2048.0,128.0,256.0,1.0,7.83,9.0,113.43,0.64,0.0,0.0,0.0,88.0
2026-09-15T22:26:47.743738628Z,3032.0,436.475,93.0,5.0,1319.0,2048.0,128.0,256.0,1.0,7.46,8.68,114.3,1.82,0.0,0.0,0.0,88.0
2026-09-15T22:26:47.874972735Z,3033.0,436.606,93.0,5.0,1319.0,2048.0,128.0,256.0,1.0,10.92,7.91,110.79,0.56,0.0,0.0,0.0,88.0
2026-09-15T22:26:48.006929222Z,3034.0,436.738,93.0,5.0,1319.0,2048.0,128.0,256.0,1.0,7.33,8.99,113.56,0.87,0.0,0.0,0.0,88.0
2026-09-15T22:26:48.139225039Z,3035.0,436.871,93.0,5.0,1319.0,2048.0,128.0,256.0,1.0,7.61,8.43,114.44,1.41,0.0,0.0,0.0,88.0
2026-09-15T22:26:48.270816656Z,3036.0,437.002,93.0,5.0,1319.0,2048.0,128.0,256.0,1.0,7.77,8.37,114.07,1.4,0.0,0.0,0.0,88.0
2026-09-15T22:26:48.402676563Z,3037.0,437.134,93.0,5.0,1148.0,2048.0,128.0,256.0,1.0,9.84,10.22,109.58,0.44,0.0,0.0,0.0,88.0
2026-09-15T22:26:48.532747240Z,3038.0,437.264,92.0,4.0,1073.0,2048.0,128.0,256.0,1.0,13.4,13.43,103.65,0.73,0.0,0.0,0.0,86.0
2026-09-15T22:26:48.664035347Z,3039.0,437.395,90.0,4.0,1073.0,2048.0,128.0,256.0,1.0,17.46,13.43,97.64,1.25,0.0,0.0,0.0,86.0
2026-09-15T22:26:48.915263921Z,3040.0,437.647,90.0,4.0,1073.0,2048.0,128.0,256.0,1.0,8.1,16.45,104.65,0.33,0.0,0.0,0.0,86.0
2026-09-15T22:26:49.041130198Z,3041.0,437.773,90.0,8.0,2048.0,2048.0,128.0,256.0,0.0,228.75,12.74,8.59,0.86,0.0,0.0,0.0,86.0
2026-09-15T22:26:49.172389346Z,3042.0,437.904,94.0,8.0,2048.0,2048.0,128.0,256.0,0.0,11.05,10.58,103.0,0.96,0.0,0.0,0.0,85.0
2026-09-15T22:26:49.304599672Z,3043.0,438.036,93.0,9.0,2048.0,2048.0,128.0,256.0,0.0,31.67,9.32,88.62,1.78,0.0,0.0,0.0,86.0
2026-09-15T22:26:49.435567829Z,3044.0,438.167,94.0,8.0,2048.0,2048.0,128.0,256.0,0.0,7.58,11.25,106.15,0.77,0.0,0.0,0.0,86.0
2026-09-15T22:26:49.567765377Z,3045.0,438.299,94.0,8.0,2048.0,2048.0,128.0,256.0,0.0,8.76,8.16,112.79,0.32,0.0,0.0,0.0,86.0
2026-09-15T22:26:49.699560723Z,3046.0,438.431,94.0,8.0,2048.0,2048.0,128.0,256.0,0.0,10.75,14.84,105.04,1.64,0.0,0.0,0.0,83.0
2026-09-15T22:26:49.831127520Z,3047.0,438.562,91.0,8.0,2048.0,2048.0,128.0,256.0,0.0,21.22,11.22,97.26,1.08,0.0,0.0,0.0,82.0
2026-09-15T22:26:49.963046537Z,3048.0,438.694,90.0,8.0,2048.0,2048.0,128.0,256.0,0.0,13.54,10.45,106.01,1.23,0.0,0.0,0.0,81.0
2026-09-15T22:26:50.093867074Z,3049.0,438.825,89.0,8.0,2048.0,2048.0,128.0,256.0,0.0,11.99,8.6,109.34,0.64,0.0,0.0,0.0,81.0
2026-09-15T22:26:50.225612162Z,3050.0,438.957,89.0,9.0,2048.0,2048.0,128.0,256.0,0.0,41.12,10.02,78.39,0.47,0.0,0.0,0.0,82.0
2026-09-15T22:26:50.358027768Z,3051.0,439.089,90.0,9.0,2048.0,2048.0,128.0,256.0,0.0,25.67,8.55,96.54,1.3,0.0,0.0,0.0,83.0
2026-09-15T22:26:50.490007736Z,3052.0,439.221,91.0,8.0,2048.0,2048.0,128.0,256.0,0.0,7.96,7.92,114.53,1.78,0.0,0.0,0.0,83.0
2026-09-15T22:26:50.621952242Z,3053.0,439.353,91.0,9.0,2048.0,2048.0,128.0,256.0,0.0,31.87,9.34,88.18,0.41,0.0,0.0,0.0,84.0
2026-09-15T22:26:50.753562239Z,3054.0,439.485,92.0,8.0,2048.0,2048.0,128.0,256.0,0.0,9.35,8.43,112.84,0.88,0.0,0.0,0.0,84.0
2026-09-15T22:26:50.885504807Z,3055.0,439.617,92.0,8.0,2048.0,2048.0,128.0,256.0,0.0,7.36,9.84,112.94,1.37,0.0,0.0,0.0,84.0
2026-09-15T22:26:51.018400484Z,3056.0,439.749,92.0,8.0,2048.0,2048.0,128.0,256.0,0.0,6.89,8.42,114.57,0.99,0.0,0.0,0.0,84.0
2026-09-15T22:26:51.149838990Z,3057.0,439.881,92.0,8.0,2048.0,2048.0,128.0,256.0,0.0,15.75,15.45,99.64,0.88,0.0,0.0,0.0,82.0
2026-09-15T22:26:51.389184035Z,3058.0,440.121,90.0,8.0,2048.0,2048.0,128.0,256.0,0.0,19.66,13.58,96.92,0.34,0.0,0.0,0.0,82.0
2026-09-15T22:26:51.516714172Z,3059.0,440.248,90.0,8.0,2048.0,2048.0,128.0,256.0,0.0,220.06,10.51,7.73,1.4,0.0,0.0,0.0,82.0
2026-09-15T22:26:51.648266229Z,3060.0,440.38,90.0,10.0,2048.0,2048.0,128.0,256.0,0.0,43.66,10.3,71.34,0.3,0.0,0.0,0.0,84.0
2026-09-15T22:26:51.780795346Z,3061.0,440.512,92.0,8.0,2048.0,2048.0,128.0,256.0,0.0,7.37,8.5,114.66,1.01,0.0,0.0,0.0,84.0
2026-09-15T22:26:51.913611463Z,3062.0,440.645,92.0,9.0,2048.0,2048.0,128.0,256.0,0.0,30.43,10.61,89.84,1.67,0.0,0.0,0.0,85.0
2026-09-15T22:26:52.045134270Z,3063.0,440.777,93.0,8.0,2048.0,2048.0,128.0,256.0,0.0,7.11,9.45,113.67,1.99,0.0,0.0,0.0,85.0
2026-09-15T22:26:52.176463297Z,3064.0,440.908,93.0,9.0,2048.0,2048.0,128.0,256.0,0.0,39.96,9.74,79.18,0.59,0.0,0.0,0.0,86.0
2026-09-15T22:26:52.308887004Z,3065.0,441.04,94.0,8.0,2048.0,2048.0,128.0,256.0,0.0,7.18,8.02,114.89,0.7,0.0,0.0,0.0,86.0
2026-09-15T22:26:52.441345501Z,3066.0,441.172,94.0,8.0,2048.0,2048.0,128.0,256.0,0.0,7.49,8.06,115.6,1.69,0.0,0.0,0.0,86.0
2026-09-15T22:26:52.573405608Z,3067.0,441.305,94.0,8.0,2048.0,2048.0,128.0,256.0,0.0,9.24,10.54,109.85,1.78,0.0,0.0,0.0,85.0
2026-09-15T22:26:52.711092265Z,3068.0,441.443,93.0,8.0,2048.0,2048.0,128.0,256.0,0.0,11.92,9.16,108.94,3.92,0.0,0.0,0.0,85.0
2026-09-15T22:26:52.836616952Z,3069.0,441.568,93.0,8.0,2048.0,2048.0,128.0,256.0,0.0,10.84,16.62,103.86,0.33,0.0,0.0,0.0,83.0
2026-09-15T22:26:52.969164919Z,3070.0,441.7,91.0,8.0,2048.0,2048.0,128.0,256.0,0.0,11.16,8.7,104.44,1.01,0.0,0.0,0.0,83.0
2026-09-15T22:26:53.101155796Z,3071.0,441.833,91.0,9.0,2048.0,2048.0,128.0,256.0,0.0,28.58,8.38,93.85,1.31,0.0,0.0,0.0,84.0
2026-09-15T22:26:53.233774093Z,3072.0,441.965,92.0,9.0,2048.0,2048.0,128.0,256.0,0.0,25.4,8.62,96.1,0.74,0.0,0.0,0.0,85.0
2026-09-15T22:26:53.365882320Z,3073.0,442.097,93.0,8.0,2048.0,2048.0,128.0,256.0,0.0,9.46,10.58,111.01,1.24,0.0,0.0,0.0,85.0
2026-09-15T22:26:53.499241787Z,3074.0,442.23,93.0,8.0,2048.0,2048.0,128.0,256.0,0.0,9.7,10.18,110.53,1.96,0.0,0.0,0.0,84.0
2026-09-15T22:26:53.630588314Z,3075.0,442.362,92.0,9.0,2048.0,2048.0,128.0,256.0,0.0,38.44,11.11,80.25,0.46,0.0,0.0,0.0,84.0
2026-09-15T22:26:53.764403161Z,3076.0,442.496,92.0,8.0,2048.0,2048.0,128.0,256.0,0.0,14.26,10.81,105.3,0.36,0.0,0.0,0.0,83.0
2026-09-15T22:26:53.894367428Z,3077.0,442.626,91.0,8.0,2048.0,2048.0,128.0,256.0,0.0,15.08,11.23,104.38,0.42,0.0,0.0,0.0,82.0
2026-09-15T22:26:54.026829665Z,3078.0,442.758,90.0,8.0,2048.0,2048.0,128.0,256.0,0.0,14.59,12.43,101.73,1.15,0.0,0.0,0.0,81.0
2026-09-15T22:26:54.159610762Z,3079.0,442.891,89.0,8.0,2048.0,2048.0,128.0,256.0,0.0,12.46,8.05,110.06,1.41,0.0,0.0,0.0,81.0
2026-09-15T22:26:54.291132029Z,3080.0,443.023,89.0,8.0,2048.0,2048.0,128.0,256.0,0.0,17.22,16.15,96.63,0.6,0.0,0.0,0.0,80.0
2026-09-15T22:26:54.424002166Z,3081.0,443.155,88.0,8.0,2048.0,2048.0,128.0,256.0,0.0,19.97,9.68,100.83,1.79,0.0,0.0,0.0,80.0
2026-09-15T22:26:54.556885173Z,3082.0,443.288,88.0,9.0,2048.0,2048.0,128.0,256.0,0.0,23.33,8.03,99.07,0.35,0.0,0.0,0.0,81.0
2026-09-15T22:26:54.865804326Z,3083.0,443.597,89.0,8.0,1973.0,2048.0,128.0,256.0,0.0,9.69,13.43,108.21,0.29,0.0,0.0,0.0,81.0
2026-09-15T22:26:54.994870733Z,3084.0,443.725,88.0,8.0,2048.0,2048.0,128.0,256.0,0.0,288.22,12.26,7.41,0.45,0.0,0.0,0.0,81.0
2026-09-15T22:26:55.126807720Z,3085.0,443.858,89.0,8.0,2048.0,2048.0,128.0,256.0,0.0,8.54,12.53,105.97,0.59,0.0,0.0,0.0,80.0
2026-09-15T22:26:55.258606177Z,3086.0,443.99,88.0,8.0,2048.0,2048.0,128.0,256.0,0.0,15.59,8.84,106.59,0.76,0.0,0.0,0.0,80.0
2026-09-15T22:26:55.391811884Z,3087.0,444.122,88.0,8.0,2048.0,2048.0,128.0,256.0,0.0,7.91,9.33,112.94,0.92,0.0,0.0,0.0,80.0
2026-09-15T22:26:55.523383291Z,3088.0,444.255,88.0,9.0,2048.0,2048.0,128.0,256.0,0.0,33.76,16.54,80.42,1.72,0.0,0.0,0.0,79.0
2026-09-15T22:26:55.656988818Z,3089.0,444.388,87.0,8.0,2048.0,2048.0,128.0,256.0,0.0,19.97,11.25,98.57,0.88,0.0,0.0,0.0,79.0
2026-09-15T22:26:55.788068305Z,3090.0,444.519,87.0,8.0,2048.0,2048.0,128.0,256.0,0.0,22.98,10.46,98.55,1.35,0.0,0.0,0.0,78.0
2026-09-15T22:26:55.918927822Z,3091.0,444.65,86.0,8.0,2048.0,2048.0,128.0,256.0,0.0,14.0,8.43,106.49,1.41,0.0,0.0,0.0,78.0
2026-09-15T22:26:56.050888949Z,3092.0,444.782,86.0,9.0,2048.0,2048.0,128.0,256.0,0.0,29.59,13.16,86.26,1.6,0.0,0.0,0.0,79.0
2026-09-15T22:26:56.182995956Z,3093.0,444.914,87.0,8.0,2048.0,2048.0,128.0,256.0,0.0,7.51,9.55,112.61,0.84,0.0,0.0,0.0,79.0
2026-09-15T22:26:56.314861733Z,3094.0,445.046,87.0,9.0,2048.0,2048.0,128.0,256.0,0.0,27.06,9.28,94.15,0.36,0.0,0.0,0.0,80.0
2026-09-15T22:26:56.446816800Z,3095.0,445.178,88.0,8.0,2048.0,2048.0,128.0,256.0,0.0,7.7,8.2,114.82,0.79,0.0,0.0,0.0,80.0
2026-09-15T22:26:56.578771317Z,3096.0,445.31,88.0,8.0,2048.0,2048.0,128.0,256.0,0.0,6.72,8.27,115.47,0.8,0.0,0.0,0.0,80.0
2026-09-15T22:26:56.711095884Z,3097.0,445.442,88.0,8.0,2048.0,2048.0,128.0,256.0,0.0,13.36,11.9,105.15,0.74,0.0,0.0,0.0,79.0
2026-09-15T22:26:56.844183781Z,3098.0,445.575,87.0,9.0,2048.0,2048.0,128.0,256.0,0.0,47.47,9.36,73.96,0.84,0.0,0.0,0.0,80.0
2026-09-15T22:26:56.975158078Z,3099.0,445.707,88.0,8.0,2048.0,2048.0,128.0,256.0,0.0,11.08,11.7,108.07,1.2,0.0,0.0,0.0,79.0
2026-09-15T22:26:57.107450575Z,3100.0,445.839,87.0,9.0,2048.0,2048.0,128.0,256.0,0.0,29.85,9.56,90.12,0.53,0.0,0.0,0.0,80.0
2026-09-15T22:26:57.239357782Z,3101.0,445.971,88.0,9.0,2048.0,2048.0,128.0,256.0,0.0,31.16,10.1,89.54,1.14,0.0,0.0,0.0,81.0
2026-09-15T22:26:57.371239489Z,3102.0,446.103,89.0,8.0,2048.0,2048.0,128.0,256.0,0.0,7.97,7.62,114.54,0.46,0.0,0.0,0.0,81.0
2026-09-15T22:26:57.506476916Z,3103.0,446.237,89.0,8.0,2048.0,2048.0,128.0,256.0,0.0,9.66,10.95,110.19,0.71,0.0,0.0,0.0,80.0
2026-09-15T22:26:57.636226533Z,3104.0,446.368,88.0,8.0,2048.0,2048.0,128.0,256.0,0.0,15.32,13.59,103.71,1.38,0.0,0.0,0.0,79.0
2026-09-15T22:26:57.768501530Z,3105.0,446.5,87.0,9.0,2048.0,2048.0,128.0,256.0,0.0,42.12,13.37,72.81,1.56,0.0,0.0,0.0,80.0
2026-09-15T22:26:57.900271467Z,3106.0,446.632,88.0,8.0,2048.0,2048.0,128.0,256.0,0.0,11.35,10.91,107.75,1.25,0.0,0.0,0.0,80.0
2026-09-15T22:26:58.032349734Z,3107.0,446.764,88.0,8.0,1992.0,2048.0,128.0,256.0,0.0,9.86,10.01,109.76,0.41,0.0,0.0,0.0,81.0
2026-09-15T22:26:58.164572241Z,3108.0,446.896,88.0,7.0,1805.0,2048.0,128.0,256.0,1.0,10.34,9.49,111.14,1.19,0.0,0.0,0.0,81.0
2026-09-15T22:26:58.296988018Z,3109.0,447.028,88.0,7.0,1805.0,2048.0,128.0,256.0,1.0,9.24,9.28,111.83,0.51,0.0,0.0,0.0,81.0
2026-09-15T22:26:58.428761025Z,3110.0,447.16,88.0,7.0,1805.0,2048.0,128.0,256.0,1.0,9.82,12.75,108.3,1.04,0.0,0.0,0.0,80.0
2026-09-15T22:26:58.562551182Z,3111.0,447.294,87.0,7.0,1805.0,2048.0,128.0,256.0,1.0,12.9,9.07,108.12,2.28,0.0,0.0,0.0,80.0
2026-09-15T22:26:58.693816479Z,3112.0,447.425,87.0,7.0,1804.0,2048.0,128.0,256.0,1.0,10.0,12.94,107.72,1.07,0.0,0.0,0.0,79.0
2026-09-15T22:26:58.920487864Z,3113.0,447.652,86.0,7.0,1394.0,2048.0,128.0,256.0,1.0,13.98,16.93,98.44,0.3,0.0,0.0,0.0,81.0
2026-09-15T22:26:59.049865001Z,3114.0,447.781,86.0,8.0,2048.0,2048.0,128.0,256.0,0.0,210.5,8.91,6.4,1.75,0.0,0.0,0.0,81.0
2026-09-15T22:26:59.181452028Z,3115.0,447.913,89.0,8.0,2048.0,2048.0,128.0,256.0,0.0,7.19,8.96,110.59,1.06,0.0,0.0,0.0,81.0
2026-09-15T22:26:59.313085875Z,3116.0,448.044,89.0,9.0,2048.0,2048.0,128.0,256.0,0.0,25.28,8.38,96.1,1.16,0.0,0.0,0.0,82.0
2026-09-15T22:26:59.445291802Z,3117.0,448.177,90.0,8.0,2048.0,2048.0,128.0,256.0,0.0,10.02,12.12,107.71,0.52,0.0,0.0,0.0,81.0
2026-09-15T22:26:59.577446339Z,3118.0,448.309,89.0,8.0,2048.0,2048.0,128.0,256.0,0.0,13.58,12.93,104.47,0.81,0.0,0.0,0.0,80.0
2026-09-15T22:26:59.709547106Z,3119.0,448.441,88.0,8.0,2048.0,2048.0,128.0,256.0,0.0,12.9,8.75,107.3,1.14,0.0,0.0,0.0,80.0
2026-09-15T22:26:59.841453483Z,3120.0,448.573,88.0,9.0,2048.0,2048.0,128.0,256.0,0.0,24.33,8.76,97.25,1.56,0.0,0.0,0.0,81.0
2026-09-15T22:26:59.973308720Z,3121.0,448.705,89.0,8.0,2048.0,2048.0,128.0,256.0,0.0,7.51,8.22,113.86,1.05,0.0,0.0,0.0,81.0
2026-09-15T22:27:00.105854797Z,3122.0,448.837,89.0,8.0,2048.0,2048.0,128.0,256.0,0.0,8.58,8.03,113.53,1.59,0.0,0.0,0.0,81.0
2026-09-15T22:27:00.237548734Z,3123.0,448.969,89.0,8.0,2048.0,2048.0,128.0,256.0,0.0,7.69,10.49,112.04,1.49,0.0,0.0,0.0,81.0
2026-09-15T22:27:00.370548431Z,3124.0,449.102,89.0,9.0,2048.0,2048.0,128.0,256.0,0.0,34.68,9.0,85.93,0.79,0.0,0.0,0.0,82.0
2026-09-15T22:27:00.512606678Z,3125.0,449.243,90.0,8.0,2048.0,2048.0,128.0,256.0,0.0,9.32,15.22,106.54,0.58,0.0,0.0,0.0,81.0
2026-09-15T22:27:00.633520355Z,3126.0,449.365,89.0,8.0,2048.0,2048.0,128.0,256.0,0.0,17.52,15.0,98.16,0.85,0.0,0.0,0.0,79.0
2026-09-15T22:27:00.765748972Z,3127.0,449.497,87.0,8.0,2048.0,2048.0,128.0,256.0,0.0,15.09,13.25,91.65,1.23,0.0,0.0,0.0,79.0
2026-09-15T22:27:00.897781719Z,3128.0,449.629,87.0,8.0,2048.0,2048.0,128.0,256.0,0.0,8.73,8.04,113.56,1.01,0.0,0.0,0.0,79.0
2026-09-15T22:27:01.029598236Z,3129.0,449.761,87.0,8.0,2048.0,2048.0,128.0,256.0,0.0,12.73,13.1,104.37,0.88,0.0,0.0,0.0,78.0
2026-09-15T22:27:01.161885833Z,3130.0,449.893,86.0,8.0,2048.0,2048.0,128.0,256.0,0.0,15.09,9.72,105.39,1.2,0.0,0.0,0.0,78.0
2026-09-15T22:27:01.294683130Z,3131.0,450.026,86.0,8.0,2048.0,2048.0,128.0,256.0,0.0,7.15,16.13,107.17,1.7,0.0,0.0,0.0,78.0
2026-09-15T22:27:01.426235717Z,3132.0,450.158,86.0,10.0,2048.0,2048.0,128.0,256.0,0.0,29.44,14.55,85.96,1.09,0.0,0.0,0.0,79.0
2026-09-15T22:27:01.558287634Z,3133.0,450.29,87.0,8.0,2048.0,2048.0,128.0,256.0,0.0,14.56,10.01,105.45,1.05,0.0,0.0,0.0,79.0
2026-09-15T22:27:01.691602091Z,3134.0,450.423,87.0,8.0,2048.0,2048.0,128.0,256.0,0.0,14.11,11.69,104.43,0.47,0.0,0.0,0.0,79.0
2026-09-15T22:27:01.822377678Z,3135.0,450.554,87.0,8.0,1999.0,2048.0,128.0,256.0,0.0,11.86,11.52,107.78,1.76,0.0,0.0,0.0,79.0
2026-09-15T22:27:01.955000455Z,3136.0,450.686,86.0,7.0,1784.0,2048.0,128.0,256.0,1.0,11.07,9.67,107.36,1.79,0.0,0.0,0.0,80.0
2026-09-15T22:27:02.085958412Z,3137.0,450.817,86.0,6.0,1449.0,2048.0,128.0,256.0,1.0,9.12,10.63,110.53,1.22,0.0,0.0,0.0,80.0
2026-09-15T22:27:02.217577899Z,3138.0,450.949,85.0,5.0,1282.0,2048.0,128.0,256.0,1.0,12.69,11.74,104.29,1.15,0.0,0.0,0.0,80.0
2026-09-15T22:27:02.348736546Z,3139.0,451.08,84.0,4.0,860.0,2048.0,128.0,256.0,1.0,12.58,8.3,108.94,0.36,0.0,0.0,0.0,81.0
2026-09-15T22:27:02.479412433Z,3140.0,451.211,84.0,3.0,817.0,2048.0,128.0,256.0,1.0,11.35,13.07,105.38,1.07,0.0,0.0,0.0,80.0
2026-09-15T22:27:02.611315940Z,3141.0,451.343,83.0,3.0,817.0,2048.0,128.0,256.0,1.0,17.89,8.8,102.7,1.33,0.0,0.0,0.0,80.0
2026-09-15T22:27:02.742077297Z,3142.0,451.473,83.0,3.0,817.0,2048.0,128.0,256.0,1.0,7.91,8.53,113.37,0.81,0.0,0.0,0.0,80.0
2026-09-15T22:27:02.873608274Z,3143.0,451.605,83.0,3.0,817.0,2048.0,128.0,256.0,1.0,8.68,8.69,111.89,1.4,0.0,0.0,0.0,80.0
2026-09-15T22:27:03.004817921Z,3144.0,451.736,83.0,3.0,817.0,2048.0,128.0,256.0,1.0,7.81,8.41,113.18,0.86,0.0,0.0,0.0,80.0
2026-09-15T22:27:03.136553558Z,3145.0,451.868,83.0,3.0,817.0,2048.0,128.0,256.0,1.0,7.43,8.8,113.49,0.8,0.0,0.0,0.0,80.0
2026-09-15T22:27:03.267587105Z,3146.0,451.999,83.0,3.0,816.0,2048.0,128.0,256.0,1.0,8.82,11.53,109.86,1.78,0.0,0.0,0.0,79.0
2026-09-15T22:27:03.399163852Z,3147.0,452.131,82.0,3.0,816.0,2048.0,128.0,256.0,1.0,11.15,9.41,108.06,1.35,0.0,0.0,0.0,79.0
2026-09-15T22:27:03.530584889Z,3148.0,452.262,82.0,3.0,816.0,2048.0,128.0,256.0,1.0,7.88,10.23,111.16,0.64,0.0,0.0,0.0,79.0
2026-09-15T22:27:03.889860771Z,3149.0,452.621,82.0,3.0,816.0,2048.0,128.0,256.0,1.0,9.5,14.78,105.57,0.36,0.0,0.0,0.0,79.0
2026-09-15T22:27:04.017257308Z,3150.0,452.749,82.0,8.0,2048.0,2048.0,128.0,256.0,0.0,337.13,13.1,8.03,1.15,0.0,0.0,0.0,79.0
2026-09-15T22:27:04.149177405Z,3151.0,452.881,87.0,8.0,2048.0,2048.0,128.0,256.0,0.0,11.92,12.36,101.65,1.5,0.0,0.0,0.0,78.0
2026-09-15T22:27:04.281668022Z,3152.0,453.013,86.0,9.0,2048.0,2048.0,128.0,256.0,0.0,32.94,8.43,87.72,1.11,0.0,0.0,0.0,79.0
2026-09-15T22:27:04.414312359Z,3153.0,453.146,87.0,8.0,2048.0,2048.0,128.0,256.0,0.0,7.61,9.41,113.65,0.73,0.0,0.0,0.0,79.0
2026-09-15T22:27:04.547111476Z,3154.0,453.279,87.0,8.0,2048.0,2048.0,128.0,256.0,0.0,7.02,8.07,116.0,1.29,0.0,0.0,0.0,79.0
2026-09-15T22:27:04.679856713Z,3155.0,453.411,87.0,9.0,2048.0,2048.0,128.0,256.0,0.0,35.78,8.35,86.79,1.48,0.0,0.0,0.0,80.0
2026-09-15T22:27:04.811993640Z,3156.0,453.543,88.0,9.0,2048.0,2048.0,128.0,256.0,0.0,42.5,9.03,78.9,1.23,0.0,0.0,0.0,81.0
2026-09-15T22:27:04.946675357Z,3157.0,453.678,89.0,8.0,2048.0,2048.0,128.0,256.0,0.0,9.49,8.48,112.36,0.4,0.0,0.0,0.0,81.0
2026-09-15T22:27:05.076041964Z,3158.0,453.807,89.0,8.0,2048.0,2048.0,128.0,256.0,0.0,10.76,12.46,108.29,1.02,0.0,0.0,0.0,79.0
2026-09-15T22:27:05.207685571Z,3159.0,453.939,87.0,8.0,2048.0,2048.0,128.0,256.0,0.0,15.08,8.66,104.04,0.47,0.0,0.0,0.0,79.0
2026-09-15T22:27:05.340557968Z,3160.0,454.072,87.0,8.0,2048.0,2048.0,128.0,256.0,0.0,13.82,18.62,98.05,1.21,0.0,0.0,0.0,79.0
2026-09-15T22:27:05.472871925Z,3161.0,454.204,87.0,8.0,2048.0,2048.0,128.0,256.0,0.0,10.71,10.12,109.77,0.82,0.0,0.0,0.0,78.0
2026-09-15T22:27:05.604272092Z,3162.0,454.336,86.0,8.0,2048.0,2048.0,128.0,256.0,0.0,12.74,9.72,108.52,1.15,0.0,0.0,0.0,78.0
2026-09-15T22:27:05.737817449Z,3163.0,454.469,86.0,8.0,2048.0,2048.0,128.0,256.0,0.0,7.62,7.61,113.85,1.59,0.0,0.0,0.0,78.0
2026-09-15T22:27:05.869215066Z,3164.0,454.601,86.0,8.0,2048.0,2048.0,128.0,256.0,0.0,7.62,7.38,115.8,0.99,0.0,0.0,0.0,78.0
2026-09-15T22:27:06.001688303Z,3165.0,454.733,86.0,8.0,2048.0,2048.0,128.0,256.0,0.0,9.97,16.08,103.84,0.67,0.0,0.0,0.0,77.0
2026-09-15T22:27:06.133668290Z,3166.0,454.865,85.0,8.0,2048.0,2048.0,128.0,256.0,0.0,13.44,9.24,108.32,1.72,0.0,0.0,0.0,77.0
2026-09-15T22:27:06.266096797Z,3167.0,454.997,85.0,8.0,2048.0,2048.0,128.0,256.0,0.0,7.15,8.55,113.97,0.87,0.0,0.0,0.0,77.0
2026-09-15T22:27:06.398417194Z,3168.0,455.13,85.0,8.0,2048.0,2048.0,128.0,256.0,0.0,9.52,15.91,105.06,2.16,0.0,0.0,0.0,77.0
2026-09-15T22:27:06.531075351Z,3169.0,455.262,85.0,8.0,2048.0,2048.0,128.0,256.0,0.0,9.13,8.16,112.13,0.58,0.0,0.0,0.0,77.0
2026-09-15T22:27:06.663693018Z,3170.0,455.395,85.0,8.0,1867.0,2048.0,128.0,256.0,0.0,7.47,8.47,115.39,1.41,0.0,0.0,0.0,78.0
2026-09-15T22:27:06.795772715Z,3171.0,455.527,85.0,7.0,1802.0,2048.0,128.0,256.0,1.0,7.1,8.22,115.07,1.74,0.0,0.0,0.0,78.0
2026-09-15T22:27:06.927923932Z,3172.0,455.659,85.0,7.0,1802.0,2048.0,128.0,256.0,1.0,7.6,8.2,113.86,0.79,0.0,0.0,0.0,78.0
2026-09-15T22:27:07.060830569Z,3173.0,455.792,85.0,7.0,1741.0,2048.0,128.0,256.0,1.0,8.91,8.99,112.83,0.55,0.0,0.0,0.0,79.0
2026-09-15T22:27:07.192927326Z,3174.0,455.924,85.0,6.0,1557.0,2048.0,128.0,256.0,1.0,6.93,8.33,116.35,0.93,0.0,0.0,0.0,79.0
2026-09-15T22:27:07.325500023Z,3175.0,456.056,85.0,6.0,1557.0,2048.0,128.0,256.0,1.0,7.93,8.77,113.7,0.73,0.0,0.0,0.0,79.0
2026-09-15T22:27:07.457790990Z,3176.0,456.189,85.0,6.0,1341.0,2048.0,128.0,256.0,1.0,8.38,10.03,112.11,1.2,0.0,0.0,0.0,79.0
2026-09-15T22:27:07.589218567Z,3177.0,456.321,84.0,5.0,979.0,2048.0,128.0,256.0,1.0,12.76,9.25,108.82,0.43,0.0,0.0,0.0,81.0
2026-09-15T22:27:07.721174654Z,3178.0,456.453,84.0,3.0,818.0,2048.0,128.0,256.0,1.0,7.19,9.28,113.89,0.62,0.0,0.0,0.0,81.0
2026-09-15T22:27:07.853542801Z,3179.0,456.585,84.0,3.0,811.0,2048.0,128.0,256.0,1.0,6.96,7.72,116.01,1.81,0.0,0.0,0.0,82.0
2026-09-15T22:27:07.985787848Z,3180.0,456.717,84.0,2.0,447.0,2048.0,128.0,256.0,1.0,8.05,8.07,113.81,0.68,0.0,0.0,0.0,83.0
2026-09-15T22:27:08.117748145Z,3181.0,456.849,84.0,1.0,323.0,2048.0,128.0,256.0,1.0,11.74,10.87,108.21,0.66,0.0,0.0,0.0,82.0
2026-09-15T22:27:08.249279202Z,3182.0,456.98,83.0,1.0,322.0,2048.0,128.0,256.0,1.0,13.6,10.05,106.98,0.36,0.0,0.0,0.0,81.0
2026-09-15T22:27:08.381005859Z,3183.0,457.112,82.0,1.0,321.0,2048.0,128.0,256.0,1.0,18.6,14.93,96.65,1.66,0.0,0.0,0.0,80.0
2026-09-15T22:27:08.667964812Z,3184.0,457.399,81.0,1.0,321.0,2048.0,128.0,256.0,1.0,15.52,12.65,101.49,0.25,0.0,0.0,0.0,80.0
2026-09-15T22:27:08.798157599Z,3185.0,457.529,81.0,8.0,2048.0,2048.0,128.0,256.0,0.0,267.85,11.51,6.79,0.41,0.0,0.0,0.0,80.0
2026-09-15T22:27:08.933434806Z,3186.0,457.664,88.0,8.0,2048.0,2048.0,128.0,256.0,0.0,10.18,10.81,107.61,0.46,0.0,0.0,0.0,79.0
2026-09-15T22:27:09.063753173Z,3187.0,457.795,87.0,8.0,1961.0,2048.0,128.0,256.0,0.0,13.14,10.04,107.35,1.73,0.0,0.0,0.0,80.0
2026-09-15T22:27:09.195738810Z,3188.0,457.927,87.0,7.0,1808.0,2048.0,128.0,256.0,1.0,13.38,9.06,106.35,0.98,0.0,0.0,0.0,80.0
2026-09-15T22:27:09.328969317Z,3189.0,458.06,87.0,7.0,1808.0,2048.0,128.0,256.0,1.0,8.05,7.81,114.47,0.38,0.0,0.0,0.0,80.0
2026-09-15T22:27:09.460218114Z,3190.0,458.192,87.0,7.0,1808.0,2048.0,128.0,256.0,1.0,10.07,12.71,109.19,1.45,0.0,0.0,0.0,78.0
2026-09-15T22:27:09.591601131Z,3191.0,458.323,85.0,7.0,1808.0,2048.0,128.0,256.0,1.0,18.69,10.53,100.05,0.56,0.0,0.0,0.0,77.0
2026-09-15T22:27:09.723342328Z,3192.0,458.455,84.0,7.0,1808.0,2048.0,128.0,256.0,1.0,12.44,8.58,108.85,1.08,0.0,0.0,0.0,77.0
2026-09-15T22:27:09.857597305Z,3193.0,458.589,84.0,7.0,1808.0,2048.0,128.0,256.0,1.0,7.03,9.97,112.97,1.78,0.0,0.0,0.0,77.0
2026-09-15T22:27:09.988143512Z,3194.0,458.719,84.0,7.0,1808.0,2048.0,128.0,256.0,1.0,11.1,17.81,102.42,1.14,0.0,0.0,0.0,76.0
2026-09-15T22:27:10.119846189Z,3195.0,458.851,83.0,7.0,1808.0,2048.0,128.0,256.0,1.0,12.65,8.51,107.71,1.95,0.0,0.0,0.0,76.0
2026-09-15T22:27:10.251247956Z,3196.0,458.983,83.0,7.0,1808.0,2048.0,128.0,256.0,1.0,8.26,9.45,111.22,0.58,0.0,0.0,0.0,76.0
2026-09-15T22:27:10.383834983Z,3197.0,459.115,83.0,7.0,1808.0,2048.0,128.0,256.0,1.0,8.96,16.06,105.09,1.84,0.0,0.0,0.0,76.0
2026-09-15T22:27:10.522065850Z,3198.0,459.253,83.0,7.0,1808.0,2048.0,128.0,256.0,1.0,8.44,7.94,113.73,0.34,0.0,0.0,0.0,76.0
2026-09-15T22:27:10.648758757Z,3199.0,459.38,83.0,7.0,1808.0,2048.0,128.0,256.0,1.0,7.41,8.66,121.17,2.05,0.0,0.0,0.0,76.0
2026-09-15T22:27:10.780396784Z,3200.0,459.512,83.0,7.0,1808.0,2048.0,128.0,256.0,1.0,8.58,10.66,104.75,2.06,0.0,0.0,0.0,75.0
2026-09-15T22:27:10.911440891Z,3201.0,459.643,82.0,7.0,1808.0,2048.0,128.0,256.0,1.0,13.93,8.62,106.22,0.98,0.0,0.0,0.0,75.0
2026-09-15T22:27:11.045079248Z,3202.0,459.776,82.0,7.0,1808.0,2048.0,128.0,256.0,1.0,7.56,9.36,112.37,1.81,0.0,0.0,0.0,75.0
2026-09-15T22:27:11.175902075Z,3203.0,459.907,82.0,7.0,1604.0,2048.0,128.0,256.0,1.0,9.59,17.3,103.52,1.99,0.0,0.0,0.0,75.0
2026-09-15T22:27:11.307543902Z,3204.0,460.039,81.0,6.0,1560.0,2048.0,128.0,256.0,1.0,15.06,9.75,103.9,0.42,0.0,0.0,0.0,75.0
2026-09-15T22:27:11.439774059Z,3205.0,460.171,81.0,6.0,1559.0,2048.0,128.0,256.0,1.0,9.31,11.58,109.54,0.99,0.0,0.0,0.0,74.0
2026-09-15T22:27:11.571150666Z,3206.0,460.303,80.0,6.0,1482.0,2048.0,128.0,256.0,1.0,12.86,9.37,108.3,1.99,0.0,0.0,0.0,75.0
2026-09-15T22:27:11.704297843Z,3207.0,460.436,80.0,5.0,1312.0,2048.0,128.0,256.0,1.0,8.64,7.97,112.11,3.52,0.0,0.0,0.0,75.0
2026-09-15T22:27:11.984555507Z,3208.0,460.716,80.0,5.0,1218.0,2048.0,128.0,256.0,1.0,7.14,8.66,113.03,0.31,0.0,0.0,0.0,76.0
2026-09-15T22:27:12.113833954Z,3209.0,460.845,80.0,8.0,1808.0,2048.0,128.0,256.0,1.0,261.5,10.28,7.63,1.32,0.0,0.0,0.0,77.0
2026-09-15T22:27:12.245869151Z,3210.0,460.977,84.0,8.0,1808.0,2048.0,128.0,256.0,1.0,38.47,8.29,80.42,2.06,0.0,0.0,0.0,78.0
2026-09-15T22:27:12.377920228Z,3211.0,461.109,85.0,7.0,1808.0,2048.0,128.0,256.0,1.0,7.58,9.19,112.45,0.69,0.0,0.0,0.0,78.0
2026-09-15T22:27:12.509980165Z,3212.0,461.241,85.0,7.0,1808.0,2048.0,128.0,256.0,1.0,8.07,8.21,114.4,0.89,0.0,0.0,0.0,78.0
2026-09-15T22:27:12.641562272Z,3213.0,461.373,85.0,7.0,1808.0,2048.0,128.0,256.0,1.0,8.22,10.12,112.04,1.0,0.0,0.0,0.0,77.0
2026-09-15T22:27:12.773420299Z,3214.0,461.505,84.0,7.0,1808.0,2048.0,128.0,256.0,1.0,11.87,9.25,108.79,1.48,0.0,0.0,0.0,77.0
2026-09-15T22:27:12.905867906Z,3215.0,461.637,84.0,7.0,1808.0,2048.0,128.0,256.0,1.0,6.62,8.65,114.42,1.21,0.0,0.0,0.0,77.0
2026-09-15T22:27:13.037883553Z,3216.0,461.769,84.0,7.0,1808.0,2048.0,128.0,256.0,1.0,7.3,10.64,112.08,2.18,0.0,0.0,0.0,77.0
2026-09-15T22:27:13.169393030Z,3217.0,461.901,84.0,7.0,1808.0,2048.0,128.0,256.0,1.0,9.76,11.03,108.34,1.39,0.0,0.0,0.0,76.0
2026-09-15T22:27:13.301715377Z,3218.0,462.033,83.0,7.0,1808.0,2048.0,128.0,256.0,1.0,11.92,8.46,109.09,1.25,0.0,0.0,0.0,76.0
2026-09-15T22:27:13.433608964Z,3219.0,462.165,83.0,7.0,1808.0,2048.0,128.0,256.0,1.0,7.5,8.26,114.66,1.51,0.0,0.0,0.0,76.0
2026-09-15T22:27:13.565430831Z,3220.0,462.297,83.0,7.0,1808.0,2048.0,128.0,256.0,1.0,7.84,7.82,113.9,1.81,0.0,0.0,0.0,76.0
2026-09-15T22:27:13.697497138Z,3221.0,462.429,83.0,8.0,1808.0,2048.0,128.0,256.0,1.0,28.1,8.37,92.73,1.02,0.0,0.0,0.0,77.0
2026-09-15T22:27:13.829375645Z,3222.0,462.561,84.0,7.0,1808.0,2048.0,128.0,256.0,1.0,6.9,9.32,114.11,0.51,0.0,0.0,0.0,77.0
2026-09-15T22:27:13.961569942Z,3223.0,462.693,84.0,7.0,1808.0,2048.0,128.0,256.0,1.0,7.86,7.78,114.94,0.81,0.0,0.0,0.0,77.0
2026-09-15T22:27:14.095162269Z,3224.0,462.826,84.0,7.0,1808.0,2048.0,128.0,256.0,1.0,8.59,7.62,114.41,2.24,0.0,0.0,0.0,77.0
2026-09-15T22:27:14.225807836Z,3225.0,462.957,84.0,8.0,2048.0,2048.0,128.0,256.0,0.0,35.67,13.59,80.78,1.52,0.0,0.0,0.0,75.0
2026-09-15T22:27:14.357530803Z,3226.0,463.089,83.0,8.0,2048.0,2048.0,128.0,256.0,0.0,17.18,10.73,101.12,1.19,0.0,0.0,0.0,75.0
2026-09-15T22:27:14.489668150Z,3227.0,463.221,83.0,8.0,2048.0,2048.0,128.0,256.0,0.0,8.48,9.54,111.82,0.78,0.0,0.0,0.0,75.0
2026-09-15T22:27:14.622441617Z,3228.0,463.354,83.0,8.0,2048.0,2048.0,128.0,256.0,0.0,6.85,8.17,115.52,0.73,0.0,0.0,0.0,75.0
2026-09-15T22:27:14.753857414Z,3229.0,463.485,83.0,8.0,2048.0,2048.0,128.0,256.0,0.0,9.33,9.13,112.94,0.91,0.0,0.0,0.0,75.0
2026-09-15T22:27:14.886448321Z,3230.0,463.618,83.0,9.0,2048.0,2048.0,128.0,256.0,0.0,38.13,8.64,83.08,0.35,0.0,0.0,0.0,76.0
2026-09-15T22:27:15.018814868Z,3231.0,463.75,84.0,8.0,2048.0,2048.0,128.0,256.0,0.0,9.0,7.69,114.92,1.03,0.0,0.0,0.0,76.0
2026-09-15T22:27:15.151633875Z,3232.0,463.883,84.0,9.0,2048.0,2048.0,128.0,256.0,0.0,28.32,10.14,92.31,2.18,0.0,0.0,0.0,77.0
2026-09-15T22:27:15.283880322Z,3233.0,464.015,85.0,8.0,1829.0,2048.0,128.0,256.0,0.0,7.43,8.35,114.17,0.44,0.0,0.0,0.0,78.0
2026-09-15T22:27:15.415856869Z,3234.0,464.147,85.0,7.0,1582.0,2048.0,128.0,256.0,1.0,8.65,9.92,112.37,0.42,0.0,0.0,0.0,78.0
2026-09-15T22:27:15.547786916Z,3235.0,464.279,84.0,6.0,1557.0,2048.0,128.0,256.0,1.0,12.03,8.12,110.91,0.84,0.0,0.0,0.0,78.0
2026-09-15T22:27:15.680023933Z,3236.0,464.411,84.0,6.0,1557.0,2048.0,128.0,256.0,1.0,10.25,8.31,111.87,1.15,0.0,0.0,0.0,78.0
2026-09-15T22:27:15.812524580Z,3237.0,464.544,84.0,6.0,1557.0,2048.0,128.0,256.0,1.0,7.68,9.78,112.86,1.22,0.0,0.0,0.0,78.0
2026-09-15T22:27:15.944938917Z,3238.0,464.676,84.0,6.0,1557.0,2048.0,128.0,256.0,1.0,10.39,7.8,112.38,2.04,0.0,0.0,0.0,78.0
2026-09-15T22:27:16.076973094Z,3239.0,464.808,84.0,6.0,1557.0,2048.0,128.0,256.0,1.0,8.24,8.57,112.87,1.49,0.0,0.0,0.0,78.0
2026-09-15T22:27:16.209233071Z,3240.0,464.941,84.0,6.0,1498.0,2048.0,128.0,256.0,1.0,7.92,7.99,114.04,1.46,0.0,0.0,0.0,79.0
2026-09-15T22:27:16.341164238Z,3241.0,465.073,84.0,5.0,1310.0,2048.0,128.0,256.0,1.0,7.8,7.9,114.27,0.65,0.0,0.0,0.0,79.0
2026-09-15T22:27:16.474595665Z,3242.0,465.206,84.0,5.0,1310.0,2048.0,128.0,256.0,1.0,7.19,7.72,115.85,1.56,0.0,0.0,0.0,79.0
2026-09-15T22:27:16.605125682Z,3243.0,465.337,84.0,5.0,1310.0,2048.0,128.0,256.0,1.0,8.88,10.16,112.14,1.29,0.0,0.0,0.0,78.0
2026-09-15T22:27:16.737533199Z,3244.0,465.469,83.0,5.0,1310.0,2048.0,128.0,256.0,1.0,11.31,8.61,108.69,0.81,0.0,0.0,0.0,78.0
2026-09-15T22:27:16.869741136Z,3245.0,465.601,83.0,5.0,962.0,2048.0,128.0,256.0,1.0,7.04,9.49,114.16,1.56,0.0,0.0,0.0,80.0
2026-09-15T22:27:17.005916313Z,3246.0,465.737,83.0,3.0,817.0,2048.0,128.0,256.0,1.0,7.64,8.49,113.92,0.48,0.0,0.0,0.0,80.0
2026-09-15T22:27:17.133319350Z,3247.0,465.865,83.0,3.0,816.0,2048.0,128.0,256.0,1.0,10.84,12.52,107.66,0.93,0.0,0.0,0.0,78.0
2026-09-15T22:27:17.265614297Z,3248.0,465.997,81.0,3.0,816.0,2048.0,128.0,256.0,1.0,14.44,8.73,102.6,1.39,0.0,0.0,0.0,78.0
2026-09-15T22:27:17.397525624Z,3249.0,466.129,81.0,3.0,816.0,2048.0,128.0,256.0,1.0,7.63,9.28,113.11,2.13,0.0,0.0,0.0,78.0
2026-09-15T22:27:17.638757678Z,3250.0,466.37,81.0,3.0,797.0,2048.0,128.0,256.0,1.0,7.86,8.13,113.4,0.26,0.0,0.0,0.0,79.0
2026-09-15T22:27:17.768248085Z,3251.0,466.5,81.0,8.0,2048.0,2048.0,128.0,256.0,0.0,224.07,10.21,6.12,0.72,0.0,0.0,0.0,79.0
2026-09-15T22:27:17.900221272Z,3252.0,466.632,87.0,8.0,2048.0,2048.0,128.0,256.0,0.0,6.87,7.39,113.87,0.54,0.0,0.0,0.0,79.0
2026-09-15T22:27:18.032775429Z,3253.0,466.764,87.0,8.0,2048.0,2048.0,128.0,256.0,0.0,7.3,7.83,115.74,0.94,0.0,0.0,0.0,79.0
2026-09-15T22:27:18.169861146Z,3254.0,466.901,87.0,8.0,2048.0,2048.0,128.0,256.0,0.0,6.91,8.06,116.06,5.59,0.0,0.0,0.0,79.0
2026-09-15T22:27:18.297715733Z,3255.0,467.029,87.0,8.0,2048.0,2048.0,128.0,256.0,0.0,12.08,12.72,106.04,1.94,0.0,0.0,0.0,77.0
2026-09-15T22:27:18.429626320Z,3256.0,467.161,85.0,9.0,2048.0,2048.0,128.0,256.0,0.0,32.14,7.9,85.42,0.65,0.0,0.0,0.0,78.0
2026-09-15T22:27:18.561977387Z,3257.0,467.293,86.0,8.0,2048.0,2048.0,128.0,256.0,0.0,7.9,7.8,114.75,1.43,0.0,0.0,0.0,78.0
2026-09-15T22:27:18.694379644Z,3258.0,467.426,86.0,8.0,2048.0,2048.0,128.0,256.0,0.0,7.17,7.72,115.6,1.21,0.0,0.0,0.0,78.0
2026-09-15T22:27:18.826180331Z,3259.0,467.558,86.0,8.0,2048.0,2048.0,128.0,256.0,0.0,7.9,8.09,114.56,0.49,0.0,0.0,0.0,78.0
2026-09-15T22:27:18.959021638Z,3260.0,467.69,86.0,8.0,2048.0,2048.0,128.0,256.0,0.0,8.45,7.74,114.49,1.32,0.0,0.0,0.0,78.0
2026-09-15T22:27:19.092031825Z,3261.0,467.823,86.0,8.0,2048.0,2048.0,128.0,256.0,0.0,7.36,7.68,115.8,1.0,0.0,0.0,0.0,78.0
2026-09-15T22:27:19.224467862Z,3262.0,467.956,86.0,8.0,2048.0,2048.0,128.0,256.0,0.0,7.59,8.2,115.65,1.33,0.0,0.0,0.0,78.0
2026-09-15T22:27:19.356849179Z,3263.0,468.088,86.0,8.0,2048.0,2048.0,128.0,256.0,0.0,7.83,7.97,114.58,1.76,0.0,0.0,0.0,78.0
2026-09-15T22:27:19.489219976Z,3264.0,468.221,86.0,8.0,2048.0,2048.0,128.0,256.0,0.0,8.21,7.99,113.84,0.63,0.0,0.0,0.0,78.0
2026-09-15T22:27:19.621910963Z,3265.0,468.353,86.0,8.0,2048.0,2048.0,128.0,256.0,0.0,7.3,7.98,115.7,0.87,0.0,0.0,0.0,78.0
2026-09-15T22:27:19.754809080Z,3266.0,468.486,86.0,9.0,2048.0,2048.0,128.0,256.0,0.0,35.08,10.94,85.07,1.17,0.0,0.0,0.0,78.0
2026-09-15T22:27:19.886643357Z,3267.0,468.618,86.0,8.0,2048.0,2048.0,128.0,256.0,0.0,12.11,8.35,110.55,1.22,0.0,0.0,0.0,78.0
2026-09-15T22:27:20.020967624Z,3268.0,468.752,86.0,8.0,2048.0,2048.0,128.0,256.0,0.0,9.66,11.45,108.8,2.99,0.0,0.0,0.0,77.0
2026-09-15T22:27:20.151799091Z,3269.0,468.883,85.0,8.0,2048.0,2048.0,128.0,256.0,0.0,17.94,15.97,96.53,0.78,0.0,0.0,0.0,76.0
2026-09-15T22:27:20.283645598Z,3270.0,469.015,84.0,8.0,2048.0,2048.0,128.0,256.0,0.0,17.13,12.53,99.59,1.13,0.0,0.0,0.0,76.0
2026-09-15T22:27:20.416484825Z,3271.0,469.148,84.0,8.0,1881.0,2048.0,128.0,256.0,0.0,7.87,8.11,114.16,2.22,0.0,0.0,0.0,77.0
2026-09-15T22:27:20.548044942Z,3272.0,469.279,84.0,7.0,1780.0,2048.0,128.0,256.0,1.0,7.49,8.51,113.95,1.05,0.0,0.0,0.0,78.0
2026-09-15T22:27:20.681156669Z,3273.0,469.412,84.0,6.0,1378.0,2048.0,128.0,256.0,1.0,7.71,7.91,114.27,0.89,0.0,0.0,0.0,79.0
2026-09-15T22:27:20.812018136Z,3274.0,469.543,84.0,5.0,1135.0,2048.0,128.0,256.0,1.0,8.8,12.73,109.85,1.27,0.0,0.0,0.0,79.0
2026-09-15T22:27:20.943112273Z,3275.0,469.674,83.0,4.0,884.0,2048.0,128.0,256.0,1.0,15.59,10.49,102.72,1.67,0.0,0.0,0.0,79.0
2026-09-15T22:27:21.074405750Z,3276.0,469.805,82.0,3.0,819.0,2048.0,128.0,256.0,1.0,13.39,7.85,107.54,0.83,0.0,0.0,0.0,79.0
2026-09-15T22:27:21.205408847Z,3277.0,469.937,82.0,3.0,818.0,2048.0,128.0,256.0,1.0,9.16,10.32,109.94,1.03,0.0,0.0,0.0,78.0
2026-09-15T22:27:21.336446104Z,3278.0,470.068,81.0,3.0,818.0,2048.0,128.0,256.0,1.0,15.92,13.68,99.7,1.39,0.0,0.0,0.0,78.0
2026-09-15T22:27:21.467410221Z,3279.0,470.199,81.0,3.0,818.0,2048.0,128.0,256.0,1.0,14.03,11.09,103.94,1.38,0.0,0.0,0.0,77.0
2026-09-15T22:27:21.598581948Z,3280.0,470.33,80.0,3.0,798.0,2048.0,128.0,256.0,1.0,8.97,8.3,111.5,0.51,0.0,0.0,0.0,78.0
2026-09-15T22:27:21.730035085Z,3281.0,470.461,80.0,2.0,571.0,2048.0,128.0,256.0,1.0,8.99,7.97,113.02,0.41,0.0,0.0,0.0,78.0
2026-09-15T22:27:21.861045032Z,3282.0,470.592,80.0,2.0,571.0,2048.0,128.0,256.0,1.0,7.32,7.44,115.36,1.51,0.0,0.0,0.0,78.0
2026-09-15T22:27:21.992233509Z,3283.0,470.724,80.0,2.0,571.0,2048.0,128.0,256.0,1.0,8.48,8.18,112.13,0.99,0.0,0.0,0.0,78.0
2026-09-15T22:27:22.123906376Z,3284.0,470.855,80.0,2.0,571.0,2048.0,128.0,256.0,1.0,7.34,7.46,114.87,1.36,0.0,0.0,0.0,78.0
2026-09-15T22:27:22.254803833Z,3285.0,470.986,80.0,2.0,551.0,2048.0,128.0,256.0,1.0,9.36,9.52,110.77,0.69,0.0,0.0,0.0,78.0
2026-09-15T22:27:22.385556700Z,3286.0,471.117,79.0,1.0,326.0,2048.0,128.0,256.0,1.0,12.23,9.31,107.93,1.77,0.0,0.0,0.0,78.0
2026-09-15T22:27:22.515509737Z,3287.0,471.247,79.0,1.0,326.0,2048.0,128.0,256.0,1.0,7.2,8.4,112.66,0.41,0.0,0.0,0.0,78.0
2026-09-15T22:27:22.645676364Z,3288.0,471.377,79.0,1.0,324.0,2048.0,128.0,256.0,1.0,11.96,13.09,103.62,1.21,0.0,0.0,0.0,76.0
2026-09-15T22:27:22.775818371Z,3289.0,471.507,77.0,1.0,324.0,2048.0,128.0,256.0,1.0,15.29,8.06,104.99,0.71,0.0,0.0,0.0,76.0
2026-09-15T22:27:22.906380128Z,3290.0,471.638,77.0,1.0,324.0,2048.0,128.0,256.0,1.0,10.1,12.3,106.33,1.23,0.0,0.0,0.0,76.0
2026-09-15T22:27:23.192998152Z,3291.0,471.924,77.0,1.0,324.0,2048.0,128.0,256.0,1.0,8.48,7.46,112.55,0.25,0.0,0.0,0.0,76.0
2026-09-15T22:27:23.320849079Z,3292.0,472.052,77.0,8.0,2048.0,2048.0,128.0,256.0,0.0,264.08,14.49,7.12,0.97,0.0,0.0,0.0,75.0
2026-09-15T22:27:23.452261986Z,3293.0,472.184,83.0,8.0,2048.0,2048.0,128.0,256.0,0.0,8.79,8.45,108.92,0.9,0.0,0.0,0.0,75.0
2026-09-15T22:27:23.583844823Z,3294.0,472.315,83.0,9.0,2048.0,2048.0,128.0,256.0,0.0,27.93,8.91,92.87,1.03,0.0,0.0,0.0,76.0
2026-09-15T22:27:23.715418740Z,3295.0,472.447,84.0,8.0,2048.0,2048.0,128.0,256.0,0.0,8.74,8.29,112.76,1.08,0.0,0.0,0.0,76.0
2026-09-15T22:27:23.848320827Z,3296.0,472.579,84.0,8.0,2048.0,2048.0,128.0,256.0,0.0,7.94,9.06,112.67,2.07,0.0,0.0,0.0,76.0
2026-09-15T22:27:23.978227784Z,3297.0,472.71,84.0,8.0,2048.0,2048.0,128.0,256.0,0.0,9.89,12.41,106.98,0.86,0.0,0.0,0.0,75.0
2026-09-15T22:27:24.111032741Z,3298.0,472.843,83.0,8.0,2048.0,2048.0,128.0,256.0,0.0,19.73,14.77,94.44,2.03,0.0,0.0,0.0,75.0
2026-09-15T22:27:24.241630118Z,3299.0,472.973,83.0,8.0,2048.0,2048.0,128.0,256.0,0.0,8.32,9.9,112.0,0.89,0.0,0.0,0.0,74.0
2026-09-15T22:27:24.373288505Z,3300.0,473.105,82.0,8.0,2048.0,2048.0,128.0,256.0,0.0,13.38,7.84,107.71,1.16,0.0,0.0,0.0,74.0
2026-09-15T22:27:24.505501302Z,3301.0,473.237,82.0,8.0,2048.0,2048.0,128.0,256.0,0.0,8.07,7.38,114.22,1.79,0.0,0.0,0.0,74.0
2026-09-15T22:27:24.636797409Z,3302.0,473.368,82.0,8.0,2048.0,2048.0,128.0,256.0,0.0,8.02,8.31,113.4,0.72,0.0,0.0,0.0,74.0
2026-09-15T22:27:24.768898796Z,3303.0,473.5,82.0,8.0,2048.0,2048.0,128.0,256.0,0.0,8.39,8.32,113.13,1.69,0.0,0.0,0.0,74.0
2026-09-15T22:27:24.900735563Z,3304.0,473.632,82.0,8.0,2048.0,2048.0,128.0,256.0,0.0,7.29,8.33,113.94,1.74,0.0,0.0,0.0,74.0
2026-09-15T22:27:25.032553920Z,3305.0,473.764,82.0,8.0,2048.0,2048.0,128.0,256.0,0.0,7.28,7.95,114.25,1.03,0.0,0.0,0.0,74.0
2026-09-15T22:27:25.164364277Z,3306.0,473.896,82.0,8.0,2048.0,2048.0,128.0,256.0,0.0,7.39,9.22,113.53,0.89,0.0,0.0,0.0,74.0
2026-09-15T22:27:25.297238454Z,3307.0,474.029,82.0,8.0,2048.0,2048.0,128.0,256.0,0.0,7.3,8.92,114.0,1.46,0.0,0.0,0.0,74.0
2026-09-15T22:27:25.427896141Z,3308.0,474.159,82.0,8.0,2048.0,2048.0,128.0,256.0,0.0,8.37,9.56,112.79,0.43,0.0,0.0,0.0,73.0
2026-09-15T22:27:25.560066808Z,3309.0,474.292,81.0,8.0,2048.0,2048.0,128.0,256.0,0.0,13.5,11.04,105.15,1.72,0.0,0.0,0.0,72.0
2026-09-15T22:27:25.692689195Z,3310.0,474.424,80.0,8.0,2048.0,2048.0,128.0,256.0,0.0,11.49,8.9,109.49,0.58,0.0,0.0,0.0,72.0
2026-09-15T22:27:25.823865562Z,3311.0,474.555,80.0,8.0,2048.0,2048.0,128.0,256.0,0.0,8.59,10.16,112.19,0.45,0.0,0.0,0.0,71.0
2026-09-15T22:27:25.955710499Z,3312.0,474.687,79.0,8.0,1833.0,2048.0,128.0,256.0,0.0,14.73,9.93,105.27,0.88,0.0,0.0,0.0,72.0
2026-09-15T22:27:26.087590196Z,3313.0,474.819,79.0,7.0,1803.0,2048.0,128.0,256.0,1.0,8.42,8.62,113.43,0.78,0.0,0.0,0.0,72.0
2026-09-15T22:27:26.219940603Z,3314.0,474.951,79.0,7.0,1621.0,2048.0,128.0,256.0,1.0,6.87,8.86,114.74,1.59,0.0,0.0,0.0,73.0
2026-09-15T22:27:26.351421980Z,3315.0,475.083,79.0,6.0,1315.0,2048.0,128.0,256.0,1.0,10.07,9.86,109.92,1.33,0.0,0.0,0.0,73.0
2026-09-15T22:27:26.484762977Z,3316.0,475.216,78.0,5.0,1171.0,2048.0,128.0,256.0,1.0,13.58,10.21,105.89,3.05,0.0,0.0,0.0,73.0
2026-09-15T22:27:26.613656824Z,3317.0,475.345,77.0,4.0,959.0,2048.0,128.0,256.0,1.0,16.34,13.99,99.29,0.75,0.0,0.0,0.0,73.0
2026-09-15T22:27:26.744838641Z,3318.0,475.476,76.0,3.0,812.0,2048.0,128.0,256.0,1.0,11.09,8.34,108.07,0.7,0.0,0.0,0.0,74.0
2026-09-15T22:27:26.968247516Z,3319.0,475.7,76.0,2.0,570.0,2048.0,128.0,256.0,1.0,8.4,8.99,112.47,0.24,0.0,0.0,0.0,74.0
2026-09-15T22:27:27.096508463Z,3320.0,475.828,76.0,8.0,2048.0,2048.0,128.0,256.0,0.0,205.49,9.64,7.46,1.28,0.0,0.0,0.0,74.0
2026-09-15T22:27:27.227974450Z,3321.0,475.959,82.0,8.0,2048.0,2048.0,128.0,256.0,0.0,6.88,8.83,110.55,1.65,0.0,0.0,0.0,74.0
2026-09-15T22:27:27.362993307Z,3322.0,476.094,82.0,8.0,2048.0,2048.0,128.0,256.0,0.0,7.04,8.02,114.21,0.5,0.0,0.0,0.0,74.0
2026-09-15T22:27:27.492337174Z,3323.0,476.224,82.0,8.0,2048.0,2048.0,128.0,256.0,0.0,10.14,13.27,107.92,1.27,0.0,0.0,0.0,72.0
2026-09-15T22:27:27.624312571Z,3324.0,476.356,80.0,8.0,2048.0,2048.0,128.0,256.0,0.0,14.52,8.32,105.07,1.36,0.0,0.0,0.0,72.0
2026-09-15T22:27:27.756386278Z,3325.0,476.488,80.0,9.0,2048.0,2048.0,128.0,256.0,0.0,32.07,9.82,87.89,0.67,0.0,0.0,0.0,73.0
2026-09-15T22:27:27.887483305Z,3326.0,476.619,81.0,8.0,2048.0,2048.0,128.0,256.0,0.0,8.44,8.66,113.59,1.09,0.0,0.0,0.0,73.0
2026-09-15T22:27:28.271343577Z,3327.0,477.003,81.0,8.0,2048.0,2048.0,128.0,256.0,0.0,10.94,9.67,108.72,0.26,0.0,0.0,0.0,73.0
2026-09-15T22:27:28.398854024Z,3328.0,477.13,81.0,9.0,2048.0,2048.0,128.0,256.0,0.0,362.45,13.0,7.47,0.69,0.0,0.0,0.0,72.0
2026-09-15T22:27:28.530036171Z,3329.0,477.261,80.0,8.0,2048.0,2048.0,128.0,256.0,0.0,8.28,8.02,109.97,0.99,0.0,0.0,0.0,72.0
2026-09-15T22:27:28.662376778Z,3330.0,477.394,80.0,8.0,2048.0,2048.0,128.0,256.0,0.0,7.16,7.97,114.45,1.26,0.0,0.0,0.0,72.0
2026-09-15T22:27:28.793826625Z,3331.0,477.525,80.0,8.0,2048.0,2048.0,128.0,256.0,0.0,8.04,7.67,114.7,1.95,0.0,0.0,0.0,72.0
2026-09-15T22:27:28.926732312Z,3332.0,477.658,80.0,8.0,2048.0,2048.0,128.0,256.0,0.0,8.9,8.82,111.13,1.89,0.0,0.0,0.0,72.0
2026-09-15T22:27:29.058364719Z,3333.0,477.789,80.0,8.0,2048.0,2048.0,128.0,256.0,0.0,9.67,11.56,109.07,2.18,0.0,0.0,0.0,71.0
2026-09-15T22:27:29.188914625Z,3334.0,477.92,79.0,8.0,2048.0,2048.0,128.0,256.0,0.0,10.57,7.81,110.07,1.17,0.0,0.0,0.0,71.0
2026-09-15T22:27:29.320858143Z,3335.0,478.052,79.0,8.0,2048.0,2048.0,128.0,256.0,0.0,9.34,8.4,111.35,1.04,0.0,0.0,0.0,71.0
2026-09-15T22:27:29.452369059Z,3336.0,478.184,79.0,8.0,2048.0,2048.0,128.0,256.0,0.0,11.36,14.71,104.21,0.83,0.0,0.0,0.0,71.0
2026-09-15T22:27:29.584858947Z,3337.0,478.316,79.0,8.0,2048.0,2048.0,128.0,256.0,0.0,7.98,8.9,113.07,1.39,0.0,0.0,0.0,71.0
2026-09-15T22:27:29.716503964Z,3338.0,478.448,79.0,8.0,2048.0,2048.0,128.0,256.0,0.0,9.19,11.04,110.01,0.39,0.0,0.0,0.0,70.0
2026-09-15T22:27:29.848563531Z,3339.0,478.58,78.0,8.0,2048.0,2048.0,128.0,256.0,0.0,35.45,11.16,83.91,1.02,0.0,0.0,0.0,69.0
2026-09-15T22:27:29.980257118Z,3340.0,478.712,77.0,8.0,1766.0,2048.0,128.0,256.0,0.0,13.03,9.84,107.92,0.81,0.0,0.0,0.0,70.0
2026-09-15T22:27:30.112003165Z,3341.0,478.843,76.0,6.0,1525.0,2048.0,128.0,256.0,1.0,9.98,8.01,112.1,0.76,0.0,0.0,0.0,71.0
2026-09-15T22:27:30.244800352Z,3342.0,478.976,76.0,5.0,1239.0,2048.0,128.0,256.0,1.0,10.42,12.61,107.29,2.12,0.0,0.0,0.0,72.0
2026-09-15T22:27:30.519074185Z,3343.0,479.251,76.0,4.0,1067.0,2048.0,128.0,256.0,1.0,16.81,10.23,102.91,0.25,0.0,0.0,0.0,71.0
2026-09-15T22:27:30.648613012Z,3344.0,479.38,75.0,10.0,2048.0,2048.0,128.0,256.0,0.0,256.88,10.37,6.22,0.9,0.0,0.0,0.0,73.0
2026-09-15T22:27:30.781020469Z,3345.0,479.512,81.0,9.0,2048.0,2048.0,128.0,256.0,0.0,27.08,8.64,92.14,0.93,0.0,0.0,0.0,74.0
2026-09-15T22:27:30.912757976Z,3346.0,479.644,82.0,8.0,2048.0,2048.0,128.0,256.0,0.0,7.75,7.95,115.08,1.23,0.0,0.0,0.0,74.0
2026-09-15T22:27:31.043464883Z,3347.0,479.775,82.0,8.0,2048.0,2048.0,128.0,256.0,0.0,8.97,10.32,110.7,0.62,0.0,0.0,0.0,73.0
2026-09-15T22:27:31.175717780Z,3348.0,479.907,81.0,8.0,2048.0,2048.0,128.0,256.0,0.0,11.57,8.69,108.96,2.08,0.0,0.0,0.0,73.0
2026-09-15T22:27:31.306944728Z,3349.0,480.038,81.0,8.0,2048.0,2048.0,128.0,256.0,0.0,8.62,8.29,112.59,0.97,0.0,0.0,0.0,73.0
2026-09-15T22:27:31.439630634Z,3350.0,480.171,81.0,9.0,2048.0,2048.0,128.0,256.0,0.0,28.35,12.49,88.72,1.71,0.0,0.0,0.0,74.0
2026-09-15T22:27:31.570679742Z,3351.0,480.302,82.0,8.0,2048.0,2048.0,128.0,256.0,0.0,7.86,8.01,114.43,1.67,0.0,0.0,0.0,74.0
2026-09-15T22:27:31.701894599Z,3352.0,480.433,82.0,8.0,2048.0,2048.0,128.0,256.0,0.0,7.46,7.91,113.33,1.02,0.0,0.0,0.0,74.0
2026-09-15T22:27:31.833917225Z,3353.0,480.565,82.0,8.0,2048.0,2048.0,128.0,256.0,0.0,7.46,8.7,113.31,1.19,0.0,0.0,0.0,74.0
2026-09-15T22:27:31.964933533Z,3354.0,480.696,82.0,8.0,2048.0,2048.0,128.0,256.0,0.0,7.13,8.03,114.97,1.16,0.0,0.0,0.0,74.0
2026-09-15T22:27:32.097733470Z,3355.0,480.829,82.0,8.0,2048.0,2048.0,128.0,256.0,0.0,6.8,8.76,113.53,1.69,0.0,0.0,0.0,74.0
2026-09-15T22:27:32.229125027Z,3356.0,480.961,82.0,8.0,2048.0,2048.0,128.0,256.0,0.0,7.11,9.24,114.05,1.82,0.0,0.0,0.0,74.0
2026-09-15T22:27:32.360842224Z,3357.0,481.092,82.0,8.0,2048.0,2048.0,128.0,256.0,0.0,6.55,7.75,114.78,0.43,0.0,0.0,0.0,74.0
2026-09-15T22:27:32.492663450Z,3358.0,481.224,82.0,8.0,2048.0,2048.0,128.0,256.0,0.0,7.48,10.26,112.99,0.37,0.0,0.0,0.0,73.0
2026-09-15T22:27:32.625000607Z,3359.0,481.356,81.0,8.0,2048.0,2048.0,128.0,256.0,0.0,11.96,11.16,107.65,1.84,0.0,0.0,0.0,73.0
2026-09-15T22:27:32.756911075Z,3360.0,481.488,81.0,8.0,2048.0,2048.0,128.0,256.0,0.0,7.41,7.35,115.23,0.99,0.0,0.0,0.0,73.0
2026-09-15T22:27:32.888931181Z,3361.0,481.62,81.0,8.0,2048.0,2048.0,128.0,256.0,0.0,6.9,7.63,115.78,0.93,0.0,0.0,0.0,73.0
2026-09-15T22:27:33.020827109Z,3362.0,481.752,81.0,8.0,2048.0,2048.0,128.0,256.0,0.0,9.76,10.08,110.57,0.48,0.0,0.0,0.0,72.0
2026-09-15T22:27:33.153627026Z,3363.0,481.885,80.0,8.0,2048.0,2048.0,128.0,256.0,0.0,15.6,11.45,103.36,2.36,0.0,0.0,0.0,71.0
2026-09-15T22:27:33.285770723Z,3364.0,482.017,79.0,8.0,2048.0,2048.0,128.0,256.0,0.0,12.45,7.85,109.52,2.18,0.0,0.0,0.0,71.0
2026-09-15T22:27:33.417994480Z,3365.0,482.149,79.0,8.0,2048.0,2048.0,128.0,256.0,0.0,6.95,8.53,113.96,1.23,0.0,0.0,0.0,71.0
2026-09-15T22:27:33.549847997Z,3366.0,482.281,79.0,8.0,2044.0,2048.0,128.0,256.0,0.0,6.33,8.0,116.07,1.03,0.0,0.0,0.0,72.0
2026-09-15T22:27:33.681520874Z,3367.0,482.413,79.0,7.0,1744.0,2048.0,128.0,256.0,1.0,8.74,10.99,110.24,1.5,0.0,0.0,0.0,72.0
2026-09-15T22:27:33.813137580Z,3368.0,482.545,78.0,6.0,1342.0,2048.0,128.0,256.0,1.0,12.36,8.93,108.41,1.63,0.0,0.0,0.0,75.0
2026-09-15T22:27:33.943490748Z,3369.0,482.675,78.0,3.0,818.0,2048.0,128.0,256.0,1.0,6.76,7.96,114.54,0.34,0.0,0.0,0.0,75.0
2026-09-15T22:27:34.074205774Z,3370.0,482.806,78.0,3.0,818.0,2048.0,128.0,256.0,1.0,7.57,8.4,113.31,0.44,0.0,0.0,0.0,75.0
2026-09-15T22:27:34.205715831Z,3371.0,482.937,78.0,3.0,818.0,2048.0,128.0,256.0,1.0,8.68,8.94,111.89,1.19,0.0,0.0,0.0,75.0
2026-09-15T22:27:34.336795659Z,3372.0,483.068,78.0,3.0,818.0,2048.0,128.0,256.0,1.0,7.71,8.94,113.08,1.37,0.0,0.0,0.0,75.0
2026-09-15T22:27:34.468049285Z,3373.0,483.199,78.0,3.0,818.0,2048.0,128.0,256.0,1.0,6.46,7.87,114.76,1.84,0.0,0.0,0.0,75.0
2026-09-15T22:27:34.599297713Z,3374.0,483.331,78.0,3.0,603.0,2048.0,128.0,256.0,1.0,8.4,8.01,112.36,1.79,0.0,0.0,0.0,76.0
2026-09-15T22:27:34.730437430Z,3375.0,483.462,78.0,2.0,569.0,2048.0,128.0,256.0,1.0,7.42,9.18,112.0,1.23,0.0,0.0,0.0,76.0
2026-09-15T22:27:34.861523467Z,3376.0,483.593,78.0,2.0,569.0,2048.0,128.0,256.0,1.0,8.78,10.08,110.17,0.49,0.0,0.0,0.0,76.0
2026-09-15T22:27:34.992526694Z,3377.0,483.724,78.0,2.0,569.0,2048.0,128.0,256.0,1.0,7.43,7.97,114.63,1.12,0.0,0.0,0.0,76.0
2026-09-15T22:27:35.124160031Z,3378.0,483.855,78.0,2.0,569.0,2048.0,128.0,256.0,1.0,10.68,11.32,107.32,2.02,0.0,0.0,0.0,75.0
2026-09-15T22:27:35.254855108Z,3379.0,483.986,77.0,2.0,569.0,2048.0,128.0,256.0,1.0,11.63,7.99,108.9,0.82,0.0,0.0,0.0,75.0
2026-09-15T22:27:35.386184715Z,3380.0,484.118,77.0,2.0,569.0,2048.0,128.0,256.0,1.0,14.86,8.77,105.92,1.04,0.0,0.0,0.0,75.0
2026-09-15T22:27:35.517452892Z,3381.0,484.249,77.0,2.0,535.0,2048.0,128.0,256.0,1.0,7.47,7.64,114.56,1.11,0.0,0.0,0.0,76.0
2026-09-15T22:27:35.648087539Z,3382.0,484.379,77.0,1.0,147.0,2048.0,128.0,256.0,1.0,6.76,7.28,115.37,1.4,0.0,0.0,0.0,77.0
2026-09-15T22:27:35.781344976Z,3383.0,484.513,77.0,0.0,77.0,2048.0,128.0,256.0,0.0,7.85,8.11,112.71,2.86,0.0,0.0,0.0,77.0
2026-09-15T22:27:35.908859563Z,3384.0,484.64,77.0,0.0,76.0,2048.0,128.0,256.0,0.0,8.72,9.91,111.14,1.17,0.0,0.0,0.0,76.0
2026-09-15T22:27:36.039457310Z,3385.0,484.771,76.0,0.0,76.0,2048.0,128.0,256.0,0.0,10.37,8.02,107.27,1.62,0.0,0.0,0.0,76.0
2026-09-15T22:27:36.170364637Z,3386.0,484.902,76.0,0.0,76.0,2048.0,128.0,256.0,0.0,7.55,8.53,112.08,2.2,0.0,0.0,0.0,76.0
2026-09-15T22:27:36.471629190Z,3387.0,485.203,76.0,0.0,75.0,2048.0,128.0,256.0,0.0,8.96,11.55,107.7,0.28,0.0,0.0,0.0,75.0
2026-09-15T22:27:36.598792727Z,3388.0,485.33,75.0,8.0,2048.0,2048.0,128.0,256.0,0.0,279.87,12.57,7.69,1.17,0.0,0.0,0.0,75.0
2026-09-15T22:27:36.730007344Z,3389.0,485.461,83.0,8.0,2048.0,2048.0,128.0,256.0,0.0,7.96,9.5,107.72,0.36,0.0,0.0,0.0,75.0
2026-09-15T22:27:36.861613061Z,3390.0,485.593,83.0,8.0,2048.0,2048.0,128.0,256.0,0.0,8.64,10.87,110.66,0.72,0.0,0.0,0.0,74.0
2026-09-15T22:27:36.993920658Z,3391.0,485.725,82.0,8.0,2048.0,2048.0,128.0,256.0,0.0,13.25,8.17,108.84,2.35,0.0,0.0,0.0,74.0
2026-09-15T22:27:37.124795505Z,3392.0,485.856,82.0,8.0,2048.0,2048.0,128.0,256.0,0.0,7.88,10.37,110.86,1.8,0.0,0.0,0.0,73.0
2026-09-15T22:27:37.256181442Z,3393.0,485.987,81.0,8.0,2048.0,2048.0,128.0,256.0,0.0,13.16,11.04,104.11,1.0,0.0,0.0,0.0,72.0
2026-09-15T22:27:37.387511759Z,3394.0,486.119,80.0,8.0,2048.0,2048.0,128.0,256.0,0.0,12.94,8.4,108.75,1.27,0.0,0.0,0.0,72.0
2026-09-15T22:27:37.519418456Z,3395.0,486.251,80.0,8.0,2048.0,2048.0,128.0,256.0,0.0,8.78,20.59,100.15,1.48,0.0,0.0,0.0,72.0
2026-09-15T22:27:37.650579613Z,3396.0,486.382,80.0,8.0,2048.0,2048.0,128.0,256.0,0.0,8.05,9.77,111.91,1.44,0.0,0.0,0.0,72.0
2026-09-15T22:27:37.781512800Z,3397.0,486.513,80.0,8.0,2048.0,2048.0,128.0,256.0,0.0,8.35,8.16,112.61,0.66,0.0,0.0,0.0,72.0
2026-09-15T22:27:37.913336387Z,3398.0,486.645,80.0,8.0,2048.0,2048.0,128.0,256.0,0.0,6.71,7.61,115.4,1.74,0.0,0.0,0.0,72.0
2026-09-15T22:27:38.045015104Z,3399.0,486.776,80.0,8.0,2048.0,2048.0,128.0,256.0,0.0,6.88,7.76,114.76,0.7,0.0,0.0,0.0,72.0
2026-09-15T22:27:38.176797461Z,3400.0,486.908,80.0,8.0,2048.0,2048.0,128.0,256.0,0.0,6.87,9.07,114.25,1.65,0.0,0.0,0.0,72.0
2026-09-15T22:27:38.307959958Z,3401.0,487.039,80.0,8.0,2048.0,2048.0,128.0,256.0,0.0,7.32,7.44,114.78,1.13,0.0,0.0,0.0,72.0
2026-09-15T22:27:38.440395735Z,3402.0,487.172,80.0,8.0,2048.0,2048.0,128.0,256.0,0.0,8.3,9.15,111.81,0.45,0.0,0.0,0.0,72.0
2026-09-15T22:27:38.571881352Z,3403.0,487.303,80.0,8.0,2048.0,2048.0,128.0,256.0,0.0,11.39,11.72,107.71,1.59,0.0,0.0,0.0,71.0
2026-09-15T22:27:38.702870299Z,3404.0,487.434,79.0,8.0,2048.0,2048.0,128.0,256.0,0.0,13.14,9.43,106.73,0.46,0.0,0.0,0.0,71.0
2026-09-15T22:27:38.835270706Z,3405.0,487.567,79.0,8.0,2048.0,2048.0,128.0,256.0,0.0,14.1,8.05,107.71,0.94,0.0,0.0,0.0,71.0
2026-09-15T22:27:38.967170763Z,3406.0,487.699,79.0,8.0,2048.0,2048.0,128.0,256.0,0.0,7.84,8.7,114.14,1.72,0.0,0.0,0.0,71.0
2026-09-15T22:27:39.098952890Z,3407.0,487.83,79.0,8.0,2048.0,2048.0,128.0,256.0,0.0,8.7,10.68,110.15,0.73,0.0,0.0,0.0,70.0
2026-09-15T22:27:39.230746337Z,3408.0,487.962,78.0,8.0,1815.0,2048.0,128.0,256.0,0.0,12.18,8.54,109.65,0.98,0.0,0.0,0.0,71.0
2026-09-15T22:27:39.362631084Z,3409.0,488.094,78.0,7.0,1800.0,2048.0,128.0,256.0,1.0,6.7,8.46,114.97,0.92,0.0,0.0,0.0,71.0
2026-09-15T22:27:39.494582141Z,3410.0,488.226,78.0,7.0,1800.0,2048.0,128.0,256.0,1.0,7.18,8.02,115.11,1.03,0.0,0.0,0.0,71.0
2026-09-15T22:27:39.626098948Z,3411.0,488.357,78.0,7.0,1800.0,2048.0,128.0,256.0,1.0,7.01,8.28,114.95,1.17,0.0,0.0,0.0,71.0
2026-09-15T22:27:39.757790265Z,3412.0,488.489,78.0,7.0,1324.0,2048.0,128.0,256.0,1.0,7.12,8.64,113.94,0.56,0.0,0.0,0.0,74.0
2026-09-15T22:27:39.888838722Z,3413.0,488.62,78.0,4.0,1060.0,2048.0,128.0,256.0,1.0,9.46,12.38,108.28,1.37,0.0,0.0,0.0,73.0
2026-09-15T22:27:40.020249350Z,3414.0,488.752,77.0,4.0,1060.0,2048.0,128.0,256.0,1.0,12.19,9.87,107.25,1.01,0.0,0.0,0.0,73.0
2026-09-15T22:27:40.151696056Z,3415.0,488.883,77.0,4.0,1060.0,2048.0,128.0,256.0,1.0,13.64,9.74,106.2,1.99,0.0,0.0,0.0,73.0
2026-09-15T22:27:40.282380093Z,3416.0,489.014,77.0,4.0,1060.0,2048.0,128.0,256.0,1.0,8.62,7.98,112.2,0.4,0.0,0.0,0.0,73.0
2026-09-15T22:27:40.413925050Z,3417.0,489.145,77.0,4.0,1060.0,2048.0,128.0,256.0,1.0,7.27,9.83,112.43,0.43,0.0,0.0,0.0,73.0
2026-09-15T22:27:40.545186647Z,3418.0,489.276,77.0,4.0,1060.0,2048.0,128.0,256.0,1.0,8.06,9.07,113.41,0.33,0.0,0.0,0.0,73.0
2026-09-15T22:27:40.676185935Z,3419.0,489.408,77.0,4.0,853.0,2048.0,128.0,256.0,1.0,8.71,11.41,109.67,1.39,0.0,0.0,0.0,73.0
2026-09-15T22:27:40.807641901Z,3420.0,489.539,76.0,3.0,737.0,2048.0,128.0,256.0,1.0,12.03,7.74,109.29,0.84,0.0,0.0,0.0,74.0
2026-09-15T22:27:40.938657189Z,3421.0,489.67,76.0,2.0,567.0,2048.0,128.0,256.0,1.0,6.62,8.1,115.26,1.35,0.0,0.0,0.0,74.0
2026-09-15T22:27:41.069752846Z,3422.0,489.801,76.0,2.0,567.0,2048.0,128.0,256.0,1.0,6.63,7.9,114.55,1.13,0.0,0.0,0.0,74.0
2026-09-15T22:27:41.200952812Z,3423.0,489.932,76.0,2.0,333.0,2048.0,128.0,256.0,1.0,6.42,8.14,114.74,1.57,0.0,0.0,0.0,75.0
2026-09-15T22:27:41.331758120Z,3424.0,490.063,76.0,1.0,320.0,2048.0,128.0,256.0,1.0,7.29,8.79,112.93,0.58,0.0,0.0,0.0,75.0
2026-09-15T22:27:41.463451166Z,3425.0,490.195,76.0,1.0,320.0,2048.0,128.0,256.0,1.0,7.94,8.49,113.06,0.42,0.0,0.0,0.0,75.0
2026-09-15T22:27:41.594163483Z,3426.0,490.326,76.0,1.0,320.0,2048.0,128.0,256.0,1.0,9.06,10.48,110.91,0.85,0.0,0.0,0.0,74.0
2026-09-15T22:27:41.725071101Z,3427.0,490.456,75.0,1.0,320.0,2048.0,128.0,256.0,1.0,12.42,8.25,108.62,1.29,0.0,0.0,0.0,74.0
2026-09-15T22:27:41.856085298Z,3428.0,490.587,75.0,1.0,320.0,2048.0,128.0,256.0,1.0,6.88,11.31,110.8,1.11,0.0,0.0,0.0,74.0
2026-09-15T22:27:41.987524185Z,3429.0,490.719,75.0,1.0,320.0,2048.0,128.0,256.0,1.0,6.9,8.05,114.25,1.49,0.0,0.0,0.0,74.0
2026-09-15T22:27:42.117479892Z,3430.0,490.849,75.0,1.0,132.0,2048.0,128.0,256.0,1.0,7.01,7.95,114.33,0.43,0.0,0.0,0.0,75.0
2026-09-15T22:27:42.247858679Z,3431.0,490.979,75.0,0.0,75.0,2048.0,128.0,256.0,0.0,6.95,7.71,114.06,1.02,0.0,0.0,0.0,75.0
2026-09-15T22:27:42.378348656Z,3432.0,491.11,75.0,0.0,75.0,2048.0,128.0,256.0,0.0,8.55,9.0,111.23,1.24,0.0,0.0,0.0,75.0
2026-09-15T22:27:42.508546983Z,3433.0,491.24,75.0,0.0,75.0,2048.0,128.0,256.0,0.0,7.18,9.75,111.42,1.12,0.0,0.0,0.0,75.0
2026-09-15T22:27:42.638446530Z,3434.0,491.37,75.0,0.0,75.0,2048.0,128.0,256.0,0.0,7.99,9.27,111.15,0.74,0.0,0.0,0.0,75.0
2026-09-15T22:27:42.768780267Z,3435.0,491.5,75.0,0.0,75.0,2048.0,128.0,256.0,0.0,7.02,8.38,113.09,0.75,0.0,0.0,0.0,75.0
2026-09-15T22:27:42.899815034Z,3436.0,491.631,75.0,0.0,75.0,2048.0,128.0,256.0,0.0,7.32,8.77,112.65,2.08,0.0,0.0,0.0,75.0
2026-09-15T22:27:43.029370111Z,3437.0,491.761,75.0,0.0,75.0,2048.0,128.0,256.0,0.0,6.72,8.13,113.37,1.77,0.0,0.0,0.0,75.0
2026-09-15T22:27:43.159507248Z,3438.0,491.891,75.0,0.0,75.0,2048.0,128.0,256.0,0.0,6.96,8.01,111.94,1.01,0.0,0.0,0.0,75.0
2026-09-15T22:27:43.290800075Z,3439.0,492.022,75.0,0.0,75.0,2048.0,128.0,256.0,0.0,8.43,7.49,112.59,2.23,0.0,0.0,0.0,75.0
2026-09-15T22:27:43.420975182Z,3440.0,492.152,75.0,0.0,75.0,2048.0,128.0,256.0,0.0,7.05,9.3,111.98,1.52,0.0,0.0,0.0,75.0
2026-09-15T22:27:43.552843919Z,3441.0,492.284,75.0,0.0,74.0,2048.0,128.0,256.0,0.0,8.91,11.37,107.2,0.36,0.0,0.0,0.0,74.0
2026-09-15T22:27:43.680366826Z,3442.0,492.412,74.0,0.0,73.0,2048.0,128.0,256.0,0.0,13.55,10.85,104.34,0.73,0.0,0.0,0.0,73.0
2026-09-15T22:27:43.930630570Z,3443.0,492.662,73.0,0.0,73.0,2048.0,128.0,256.0,0.0,12.82,9.7,103.55,0.3,0.0,0.0,0.0,73.0
2026-09-15T22:27:44.057759347Z,3444.0,492.789,73.0,8.0,2048.0,2048.0,128.0,256.0,0.0,230.85,11.15,7.3,1.0,0.0,0.0,0.0,73.0
2026-09-15T22:27:44.189813605Z,3445.0,492.921,81.0,8.0,2048.0,2048.0,128.0,256.0,0.0,8.39,7.65,109.48,1.54,0.0,0.0,0.0,73.0
2026-09-15T22:27:44.320666501Z,3446.0,493.052,81.0,8.0,2048.0,2048.0,128.0,256.0,0.0,6.9,8.87,113.84,0.62,0.0,0.0,0.0,73.0
2026-09-15T22:27:44.452132809Z,3447.0,493.184,81.0,8.0,2048.0,2048.0,128.0,256.0,0.0,7.84,9.63,112.26,0.85,0.0,0.0,0.0,73.0
2026-09-15T22:27:44.583970866Z,3448.0,493.315,81.0,8.0,2048.0,2048.0,128.0,256.0,0.0,6.51,8.0,115.48,1.1,0.0,0.0,0.0,73.0
2026-09-15T22:27:44.715300152Z,3449.0,493.447,81.0,8.0,2048.0,2048.0,128.0,256.0,0.0,7.99,10.35,111.87,1.0,0.0,0.0,0.0,72.0
2026-09-15T22:27:44.847125900Z,3450.0,493.579,80.0,8.0,2048.0,2048.0,128.0,256.0,0.0,10.37,8.36,110.82,0.73,0.0,0.0,0.0,72.0
2026-09-15T22:27:44.979112886Z,3451.0,493.711,80.0,8.0,2048.0,2048.0,128.0,256.0,0.0,7.43,7.91,115.14,2.12,0.0,0.0,0.0,72.0
2026-09-15T22:27:45.111043364Z,3452.0,493.842,80.0,8.0,2048.0,2048.0,128.0,256.0,0.0,10.22,12.77,106.15,0.32,0.0,0.0,0.0,72.0
2026-09-15T22:27:45.242263101Z,3453.0,493.974,80.0,8.0,2048.0,2048.0,128.0,256.0,0.0,9.42,10.05,111.1,0.5,0.0,0.0,0.0,71.0
2026-09-15T22:27:45.374115348Z,3454.0,494.106,79.0,8.0,2048.0,2048.0,128.0,256.0,0.0,11.81,9.2,108.96,1.26,0.0,0.0,0.0,71.0
2026-09-15T22:27:45.505941845Z,3455.0,494.237,79.0,8.0,2048.0,2048.0,128.0,256.0,0.0,6.99,8.47,114.46,0.34,0.0,0.0,0.0,71.0
2026-09-15T22:27:45.642423482Z,3456.0,494.374,79.0,8.0,2048.0,2048.0,128.0,256.0,0.0,6.89,15.02,107.83,5.61,0.0,0.0,0.0,71.0
2026-09-15T22:27:45.770140469Z,3457.0,494.502,79.0,8.0,2048.0,2048.0,128.0,256.0,0.0,13.03,12.6,104.46,0.37,0.0,0.0,0.0,69.0
2026-09-15T22:27:45.902731365Z,3458.0,494.634,77.0,8.0,2048.0,2048.0,128.0,256.0,0.0,13.78,10.41,102.28,1.76,0.0,0.0,0.0,68.0
2026-09-15T22:27:46.033651573Z,3459.0,494.765,76.0,8.0,2048.0,2048.0,128.0,256.0,0.0,22.85,10.23,97.04,1.02,0.0,0.0,0.0,67.0
2026-09-15T22:27:46.165425970Z,3460.0,494.897,75.0,8.0,2048.0,2048.0,128.0,256.0,0.0,23.02,8.19,97.97,2.04,0.0,0.0,0.0,67.0
2026-09-15T22:27:46.296880547Z,3461.0,495.028,75.0,8.0,2048.0,2048.0,128.0,256.0,0.0,8.38,9.3,111.34,0.46,0.0,0.0,0.0,67.0
2026-09-15T22:27:46.430218973Z,3462.0,495.162,75.0,8.0,2048.0,2048.0,128.0,256.0,0.0,9.52,8.92,112.05,0.35,0.0,0.0,0.0,67.0
2026-09-15T22:27:46.561099161Z,3463.0,495.292,75.0,8.0,1989.0,2048.0,128.0,256.0,0.0,6.61,7.97,116.1,0.88,0.0,0.0,0.0,69.0
2026-09-15T22:27:46.696367967Z,3464.0,495.428,75.0,6.0,1319.0,2048.0,128.0,256.0,1.0,11.61,8.84,108.99,0.35,0.0,0.0,0.0,70.0
2026-09-15T22:27:46.823524105Z,3465.0,495.555,75.0,5.0,1308.0,2048.0,128.0,256.0,1.0,8.75,11.27,109.92,1.15,0.0,0.0,0.0,69.0
2026-09-15T22:27:46.955075762Z,3466.0,495.686,74.0,5.0,1272.0,2048.0,128.0,256.0,1.0,8.14,7.79,109.42,1.59,0.0,0.0,0.0,70.0
2026-09-15T22:27:47.085566329Z,3467.0,495.817,74.0,4.0,1057.0,2048.0,128.0,256.0,1.0,6.75,8.24,114.19,0.9,0.0,0.0,0.0,71.0
2026-09-15T22:27:47.216522186Z,3468.0,495.948,74.0,3.0,819.0,2048.0,128.0,256.0,1.0,6.63,8.19,114.13,1.05,0.0,0.0,0.0,71.0
2026-09-15T22:27:47.548404148Z,3469.0,496.28,74.0,3.0,819.0,2048.0,128.0,256.0,1.0,12.06,10.25,107.17,0.47,0.0,0.0,0.0,70.0
2026-09-15T22:27:47.675765745Z,3470.0,496.407,73.0,8.0,2048.0,2048.0,128.0,256.0,0.0,308.46,14.48,7.34,1.03,0.0,0.0,0.0,70.0
2026-09-15T22:27:47.806380042Z,3471.0,496.538,77.0,8.0,2048.0,2048.0,128.0,256.0,0.0,34.68,10.83,79.65,0.43,0.0,0.0,0.0,69.0
2026-09-15T22:27:47.938147369Z,3472.0,496.669,77.0,8.0,2048.0,2048.0,128.0,256.0,0.0,13.07,8.41,108.61,1.19,0.0,0.0,0.0,69.0
2026-09-15T22:27:48.069645316Z,3473.0,496.801,77.0,8.0,2048.0,2048.0,128.0,256.0,0.0,7.16,8.15,114.61,1.68,0.0,0.0,0.0,69.0
2026-09-15T22:27:48.201369113Z,3474.0,496.933,77.0,8.0,2048.0,2048.0,128.0,256.0,0.0,7.84,7.98,113.46,1.2,0.0,0.0,0.0,69.0
2026-09-15T22:27:48.332489250Z,3475.0,497.064,77.0,9.0,2048.0,2048.0,128.0,256.0,0.0,28.81,8.77,92.15,0.38,0.0,0.0,0.0,70.0
2026-09-15T22:27:48.464338177Z,3476.0,497.196,78.0,9.0,2048.0,2048.0,128.0,256.0,0.0,28.82,10.94,90.32,1.25,0.0,0.0,0.0,71.0
2026-09-15T22:27:48.596658134Z,3477.0,497.328,79.0,8.0,2048.0,2048.0,128.0,256.0,0.0,6.89,7.65,115.35,1.97,0.0,0.0,0.0,71.0
2026-09-15T22:27:48.727833291Z,3478.0,497.459,79.0,8.0,2048.0,2048.0,128.0,256.0,0.0,6.33,8.84,114.49,1.67,0.0,0.0,0.0,71.0
2026-09-15T22:27:48.859366168Z,3479.0,497.591,79.0,8.0,2048.0,2048.0,128.0,256.0,0.0,7.61,8.86,112.3,0.7,0.0,0.0,0.0,71.0
2026-09-15T22:27:48.991785065Z,3480.0,497.723,79.0,8.0,2048.0,2048.0,128.0,256.0,0.0,6.69,7.21,116.29,1.65,0.0,0.0,0.0,71.0
2026-09-15T22:27:49.128426632Z,3481.0,497.86,79.0,8.0,2048.0,2048.0,128.0,256.0,0.0,6.77,7.91,115.46,6.33,0.0,0.0,0.0,71.0
2026-09-15T22:27:49.254713240Z,3482.0,497.986,79.0,8.0,2048.0,2048.0,128.0,256.0,0.0,9.85,12.57,107.22,0.47,0.0,0.0,0.0,69.0
2026-09-15T22:27:49.386816886Z,3483.0,498.118,77.0,8.0,2048.0,2048.0,128.0,256.0,0.0,11.62,7.67,106.01,0.86,0.0,0.0,0.0,69.0
2026-09-15T22:27:49.518778003Z,3484.0,498.25,77.0,8.0,2048.0,2048.0,128.0,256.0,0.0,6.5,7.33,116.65,1.84,0.0,0.0,0.0,69.0
2026-09-15T22:27:49.650622610Z,3485.0,498.382,77.0,8.0,2048.0,2048.0,128.0,256.0,0.0,8.53,14.81,106.1,0.69,0.0,0.0,0.0,69.0
2026-09-15T22:27:49.782502328Z,3486.0,498.514,77.0,8.0,2048.0,2048.0,128.0,256.0,0.0,7.36,7.62,115.62,0.6,0.0,0.0,0.0,69.0
2026-09-15T22:27:49.914163044Z,3487.0,498.646,77.0,8.0,2048.0,2048.0,128.0,256.0,0.0,9.62,18.66,102.28,1.05,0.0,0.0,0.0,68.0
2026-09-15T22:27:50.046156271Z,3488.0,498.778,76.0,8.0,2048.0,2048.0,128.0,256.0,0.0,12.91,7.87,109.28,1.37,0.0,0.0,0.0,68.0
2026-09-15T22:27:50.179463498Z,3489.0,498.911,76.0,8.0,2048.0,2048.0,128.0,256.0,0.0,7.08,14.37,108.53,2.61,0.0,0.0,0.0,68.0
2026-09-15T22:27:50.310231945Z,3490.0,499.042,76.0,8.0,2048.0,2048.0,128.0,256.0,0.0,9.53,9.83,110.72,1.14,0.0,0.0,0.0,67.0
2026-09-15T22:27:50.442321622Z,3491.0,499.174,75.0,8.0,2048.0,2048.0,128.0,256.0,0.0,10.09,7.86,110.96,1.21,0.0,0.0,0.0,67.0
2026-09-15T22:27:50.574318259Z,3492.0,499.306,75.0,8.0,2048.0,2048.0,128.0,256.0,0.0,8.33,11.4,110.38,1.27,0.0,0.0,0.0,66.0
2026-09-15T22:27:50.706255996Z,3493.0,499.438,74.0,8.0,2021.0,2048.0,128.0,256.0,0.0,10.9,8.32,110.7,1.26,0.0,0.0,0.0,67.0
2026-09-15T22:27:50.838802253Z,3494.0,499.57,74.0,7.0,1799.0,2048.0,128.0,256.0,1.0,7.75,8.54,113.78,1.4,0.0,0.0,0.0,67.0
2026-09-15T22:27:50.969966261Z,3495.0,499.701,74.0,7.0,1799.0,2048.0,128.0,256.0,1.0,7.18,8.81,114.53,0.56,0.0,0.0,0.0,67.0
2026-09-15T22:27:51.101660797Z,3496.0,499.833,74.0,7.0,1799.0,2048.0,128.0,256.0,1.0,7.74,11.25,110.84,1.77,0.0,0.0,0.0,66.0
2026-09-15T22:27:51.334475492Z,3497.0,500.066,73.0,7.0,1799.0,2048.0,128.0,256.0,1.0,11.66,13.78,104.14,0.28,0.0,0.0,0.0,66.0
2026-09-15T22:27:51.463898259Z,3498.0,500.195,73.0,8.0,2048.0,2048.0,128.0,256.0,0.0,217.12,8.35,6.41,0.82,0.0,0.0,0.0,66.0
2026-09-15T22:27:51.596650196Z,3499.0,500.328,74.0,8.0,2048.0,2048.0,128.0,256.0,0.0,8.74,9.99,109.19,1.92,0.0,0.0,0.0,65.0
2026-09-15T22:27:51.728406813Z,3500.0,500.46,73.0,9.0,2048.0,2048.0,128.0,256.0,0.0,30.37,8.69,91.08,1.26,0.0,0.0,0.0,66.0
2026-09-15T22:27:51.860459100Z,3501.0,500.592,74.0,10.0,2048.0,2048.0,128.0,256.0,0.0,33.03,8.92,88.0,1.35,0.0,0.0,0.0,68.0
2026-09-15T22:27:51.992877607Z,3502.0,500.724,76.0,9.0,2048.0,2048.0,128.0,256.0,0.0,39.55,9.21,81.01,0.98,0.0,0.0,0.0,69.0
2026-09-15T22:27:52.124369364Z,3503.0,500.856,77.0,8.0,2048.0,2048.0,128.0,256.0,0.0,7.55,8.48,114.8,1.14,0.0,0.0,0.0,69.0
2026-09-15T22:27:52.256357601Z,3504.0,500.988,77.0,8.0,2048.0,2048.0,128.0,256.0,0.0,6.77,8.39,114.43,1.06,0.0,0.0,0.0,69.0
2026-09-15T22:27:52.389533428Z,3505.0,501.121,77.0,8.0,2048.0,2048.0,128.0,256.0,0.0,6.53,8.04,115.77,2.31,0.0,0.0,0.0,69.0
2026-09-15T22:27:52.520621775Z,3506.0,501.252,77.0,8.0,2048.0,2048.0,128.0,256.0,0.0,8.2,11.32,110.86,1.31,0.0,0.0,0.0,68.0
2026-09-15T22:27:52.652478902Z,3507.0,501.384,76.0,9.0,2048.0,2048.0,128.0,256.0,0.0,30.39,9.35,89.2,1.35,0.0,0.0,0.0,69.0
2026-09-15T22:27:52.784484589Z,3508.0,501.516,77.0,9.0,2048.0,2048.0,128.0,256.0,0.0,25.84,9.2,94.95,1.77,0.0,0.0,0.0,70.0
2026-09-15T22:27:52.916651656Z,3509.0,501.648,78.0,8.0,2048.0,2048.0,128.0,256.0,0.0,6.6,9.14,113.7,0.77,0.0,0.0,0.0,70.0
2026-09-15T22:27:53.049080883Z,3510.0,501.78,78.0,8.0,2048.0,2048.0,128.0,256.0,0.0,8.36,11.08,111.13,1.13,0.0,0.0,0.0,69.0
2026-09-15T22:27:53.180426690Z,3511.0,501.912,77.0,8.0,2048.0,2048.0,128.0,256.0,0.0,13.25,10.13,107.29,0.92,0.0,0.0,0.0,68.0
2026-09-15T22:27:53.312153357Z,3512.0,502.044,76.0,8.0,2048.0,2048.0,128.0,256.0,0.0,10.16,11.03,108.58,1.41,0.0,0.0,0.0,68.0
2026-09-15T22:27:53.444432304Z,3513.0,502.176,76.0,8.0,2048.0,2048.0,128.0,256.0,0.0,6.82,16.29,106.55,0.92,0.0,0.0,0.0,68.0
2026-09-15T22:27:53.575847751Z,3514.0,502.307,76.0,8.0,2048.0,2048.0,128.0,256.0,0.0,10.7,10.77,109.14,0.98,0.0,0.0,0.0,67.0
2026-09-15T22:27:53.707940988Z,3515.0,502.439,75.0,8.0,2048.0,2048.0,128.0,256.0,0.0,13.66,8.43,107.86,1.21,0.0,0.0,0.0,67.0
2026-09-15T22:27:53.840112015Z,3516.0,502.572,75.0,8.0,2048.0,2048.0,128.0,256.0,0.0,6.33,7.6,116.32,1.86,0.0,0.0,0.0,67.0
2026-09-15T22:27:53.972169932Z,3517.0,502.704,75.0,8.0,2048.0,2048.0,128.0,256.0,0.0,6.97,7.28,115.43,1.36,0.0,0.0,0.0,67.0
2026-09-15T22:27:54.103861949Z,3518.0,502.835,75.0,8.0,2048.0,2048.0,128.0,256.0,0.0,6.83,7.98,115.24,1.0,0.0,0.0,0.0,67.0
2026-09-15T22:27:54.235923696Z,3519.0,502.967,75.0,9.0,2048.0,2048.0,128.0,256.0,0.0,30.97,8.24,90.78,0.82,0.0,0.0,0.0,68.0
2026-09-15T22:27:54.368006913Z,3520.0,503.099,76.0,8.0,1832.0,2048.0,128.0,256.0,0.0,7.16,9.87,113.66,1.03,0.0,0.0,0.0,69.0
2026-09-15T22:27:54.500036190Z,3521.0,503.231,76.0,7.0,1647.0,2048.0,128.0,256.0,1.0,6.21,8.03,116.15,1.85,0.0,0.0,0.0,70.0
2026-09-15T22:27:54.631430897Z,3522.0,503.363,76.0,6.0,1551.0,2048.0,128.0,256.0,1.0,6.79,7.69,114.82,0.52,0.0,0.0,0.0,70.0
2026-09-15T22:27:54.763038064Z,3523.0,503.494,76.0,6.0,1551.0,2048.0,128.0,256.0,1.0,9.3,10.17,110.64,0.34,0.0,0.0,0.0,69.0
2026-09-15T22:27:54.894691591Z,3524.0,503.626,75.0,6.0,1453.0,2048.0,128.0,256.0,1.0,14.42,11.08,105.1,0.51,0.0,0.0,0.0,69.0
2026-09-15T22:27:55.026414018Z,3525.0,503.758,74.0,5.0,1305.0,2048.0,128.0,256.0,1.0,16.62,13.46,100.33,0.6,0.0,0.0,0.0,69.0
2026-09-15T22:27:55.157774395Z,3526.0,503.889,74.0,5.0,1305.0,2048.0,128.0,256.0,1.0,7.45,10.91,111.84,0.6,0.0,0.0,0.0,69.0
2026-09-15T22:27:55.292143592Z,3527.0,504.023,74.0,5.0,1078.0,2048.0,128.0,256.0,1.0,9.74,8.32,111.98,3.77,0.0,0.0,0.0,70.0
2026-09-15T22:27:55.422493209Z,3528.0,504.154,74.0,4.0,1057.0,2048.0,128.0,256.0,1.0,9.64,11.22,108.94,0.84,0.0,0.0,0.0,69.0
2026-09-15T22:27:55.557072896Z,3529.0,504.289,73.0,4.0,912.0,2048.0,128.0,256.0,1.0,8.94,8.43,110.38,0.4,0.0,0.0,0.0,71.0
2026-09-15T22:27:55.867517369Z,3530.0,504.599,73.0,2.0,565.0,2048.0,128.0,256.0,1.0,15.03,13.08,101.38,0.24,0.0,0.0,0.0,69.0
2026-09-15T22:27:55.996335646Z,3531.0,504.728,71.0,8.0,2048.0,2048.0,128.0,256.0,0.0,291.8,11.18,6.58,0.96,0.0,0.0,0.0,69.0
2026-09-15T22:27:56.129089893Z,3532.0,504.86,77.0,8.0,2048.0,2048.0,128.0,256.0,0.0,7.25,7.24,112.75,0.95,0.0,0.0,0.0,69.0
2026-09-15T22:27:56.261464170Z,3533.0,504.993,77.0,8.0,2048.0,2048.0,128.0,256.0,0.0,8.05,10.45,112.61,2.01,0.0,0.0,0.0,68.0
2026-09-15T22:27:56.393431717Z,3534.0,505.125,76.0,8.0,2048.0,2048.0,128.0,256.0,0.0,11.42,8.88,109.35,1.27,0.0,0.0,0.0,68.0
2026-09-15T22:27:56.526602184Z,3535.0,505.258,76.0,8.0,2048.0,2048.0,128.0,256.0,0.0,6.43,7.95,115.84,0.73,0.0,0.0,0.0,68.0
2026-09-15T22:27:56.658801311Z,3536.0,505.39,76.0,8.0,2048.0,2048.0,128.0,256.0,0.0,9.52,12.88,109.38,1.28,0.0,0.0,0.0,66.0
2026-09-15T22:27:56.790762868Z,3537.0,505.522,74.0,8.0,2048.0,2048.0,128.0,256.0,0.0,19.12,7.86,103.09,1.6,0.0,0.0,0.0,66.0
2026-09-15T22:27:56.922945025Z,3538.0,505.654,74.0,9.0,2048.0,2048.0,128.0,256.0,0.0,37.08,9.02,83.84,2.15,0.0,0.0,0.0,67.0
2026-09-15T22:27:57.054403222Z,3539.0,505.786,75.0,8.0,2048.0,2048.0,128.0,256.0,0.0,6.93,7.66,114.82,1.3,0.0,0.0,0.0,67.0
2026-09-15T22:27:57.185441719Z,3540.0,505.917,75.0,8.0,2048.0,2048.0,128.0,256.0,0.0,9.16,7.5,112.86,0.45,0.0,0.0,0.0,67.0
2026-09-15T22:27:57.317694106Z,3541.0,506.049,75.0,8.0,2048.0,2048.0,128.0,256.0,0.0,8.59,9.14,112.04,2.16,0.0,0.0,0.0,67.0
2026-09-15T22:27:57.449716273Z,3542.0,506.181,75.0,8.0,2048.0,2048.0,128.0,256.0,0.0,6.74,7.67,114.87,1.12,0.0,0.0,0.0,67.0
2026-09-15T22:27:57.580902370Z,3543.0,506.312,75.0,8.0,2048.0,2048.0,128.0,256.0,0.0,6.77,8.18,115.29,1.1,0.0,0.0,0.0,67.0
2026-09-15T22:27:57.712079827Z,3544.0,506.443,75.0,8.0,2048.0,2048.0,128.0,256.0,0.0,7.04,8.63,113.79,0.94,0.0,0.0,0.0,67.0
2026-09-15T22:27:57.844569134Z,3545.0,506.576,75.0,8.0,2048.0,2048.0,128.0,256.0,0.0,6.66,9.08,113.91,0.89,0.0,0.0,0.0,67.0
2026-09-15T22:27:57.976500351Z,3546.0,506.708,75.0,9.0,2048.0,2048.0,128.0,256.0,0.0,39.57,9.69,81.38,1.3,0.0,0.0,0.0,68.0
2026-09-15T22:27:58.108429808Z,3547.0,506.84,76.0,8.0,2048.0,2048.0,128.0,256.0,0.0,7.56,8.3,114.26,1.17,0.0,0.0,0.0,68.0
2026-09-15T22:27:58.239801525Z,3548.0,506.971,76.0,8.0,2048.0,2048.0,128.0,256.0,0.0,6.6,8.41,115.04,1.64,0.0,0.0,0.0,68.0
2026-09-15T22:27:58.371868102Z,3549.0,507.103,76.0,8.0,2048.0,2048.0,128.0,256.0,0.0,7.12,8.7,113.28,0.75,0.0,0.0,0.0,68.0
2026-09-15T22:27:58.503787509Z,3550.0,507.235,76.0,8.0,2048.0,2048.0,128.0,256.0,0.0,6.9,7.94,115.87,1.17,0.0,0.0,0.0,68.0
2026-09-15T22:27:58.635873376Z,3551.0,507.367,76.0,8.0,2048.0,2048.0,128.0,256.0,0.0,6.67,9.46,113.86,2.01,0.0,0.0,0.0,68.0
2026-09-15T22:27:58.767803913Z,3552.0,507.499,76.0,8.0,2048.0,2048.0,128.0,256.0,0.0,7.0,7.98,114.4,0.86,0.0,0.0,0.0,68.0
2026-09-15T22:27:58.899783630Z,3553.0,507.631,76.0,8.0,2048.0,2048.0,128.0,256.0,0.0,7.57,8.11,114.68,1.17,0.0,0.0,0.0,68.0
2026-09-15T22:27:59.031606047Z,3554.0,507.763,76.0,8.0,2004.0,2048.0,128.0,256.0,0.0,7.16,7.39,115.83,0.67,0.0,0.0,0.0,69.0
2026-09-15T22:27:59.164062654Z,3555.0,507.895,76.0,7.0,1774.0,2048.0,128.0,256.0,1.0,7.61,7.62,115.15,0.6,0.0,0.0,0.0,70.0
2026-09-15T22:27:59.295376651Z,3556.0,508.027,76.0,6.0,1257.0,2048.0,128.0,256.0,1.0,7.03,7.42,116.74,0.75,0.0,0.0,0.0,72.0
2026-09-15T22:27:59.427186848Z,3557.0,508.159,76.0,4.0,1060.0,2048.0,128.0,256.0,1.0,8.72,9.85,111.22,1.19,0.0,0.0,0.0,72.0
2026-09-15T22:27:59.559724255Z,3558.0,508.291,76.0,4.0,822.0,2048.0,128.0,256.0,1.0,8.15,9.04,112.74,0.59,0.0,0.0,0.0,73.0
2026-09-15T22:27:59.689798122Z,3559.0,508.421,76.0,3.0,816.0,2048.0,128.0,256.0,1.0,9.59,13.16,107.78,0.66,0.0,0.0,0.0,72.0
2026-09-15T22:27:59.821586889Z,3560.0,508.553,75.0,3.0,815.0,2048.0,128.0,256.0,1.0,14.8,12.77,100.91,1.07,0.0,0.0,0.0,71.0
2026-09-15T22:27:59.953032556Z,3561.0,508.684,74.0,3.0,815.0,2048.0,128.0,256.0,1.0,14.35,9.82,105.75,1.83,0.0,0.0,0.0,71.0
2026-09-15T22:28:00.084457683Z,3562.0,508.816,74.0,3.0,814.0,2048.0,128.0,256.0,1.0,9.68,11.85,107.58,1.84,0.0,0.0,0.0,70.0
2026-09-15T22:28:00.216495180Z,3563.0,508.948,73.0,3.0,814.0,2048.0,128.0,256.0,1.0,13.01,8.2,107.6,0.32,0.0,0.0,0.0,70.0
2026-09-15T22:28:00.347811567Z,3564.0,509.079,73.0,3.0,814.0,2048.0,128.0,256.0,1.0,8.94,8.08,112.72,1.65,0.0,0.0,0.0,70.0
2026-09-15T22:28:00.585223462Z,3565.0,509.317,73.0,3.0,814.0,2048.0,128.0,256.0,1.0,13.04,9.37,106.48,0.27,0.0,0.0,0.0,70.0
2026-09-15T22:28:00.713998009Z,3566.0,509.445,73.0,8.0,2048.0,2048.0,128.0,256.0,0.0,219.36,9.83,7.35,0.32,0.0,0.0,0.0,70.0
2026-09-15T22:28:00.846240476Z,3567.0,509.578,78.0,8.0,2048.0,2048.0,128.0,256.0,0.0,8.63,11.01,108.12,0.55,0.0,0.0,0.0,69.0
2026-09-15T22:28:00.978955893Z,3568.0,509.71,77.0,8.0,2048.0,2048.0,128.0,256.0,0.0,13.44,10.95,106.49,1.93,0.0,0.0,0.0,68.0
2026-09-15T22:28:01.110982070Z,3569.0,509.842,76.0,8.0,2048.0,2048.0,128.0,256.0,0.0,12.76,13.12,104.13,1.03,0.0,0.0,0.0,68.0
2026-09-15T22:28:01.242980247Z,3570.0,509.974,76.0,8.0,2048.0,2048.0,128.0,256.0,0.0,6.79,7.82,115.76,0.67,0.0,0.0,0.0,68.0
2026-09-15T22:28:01.376132114Z,3571.0,510.107,76.0,9.0,2048.0,2048.0,128.0,256.0,0.0,29.68,8.61,92.47,0.94,0.0,0.0,0.0,69.0
2026-09-15T22:28:01.507669581Z,3572.0,510.239,77.0,9.0,2048.0,2048.0,128.0,256.0,0.0,28.69,8.69,93.93,1.22,0.0,0.0,0.0,70.0
2026-09-15T22:28:01.639499978Z,3573.0,510.371,78.0,8.0,2048.0,2048.0,128.0,256.0,0.0,10.11,11.52,108.06,0.33,0.0,0.0,0.0,70.0
2026-09-15T22:28:01.771519905Z,3574.0,510.503,78.0,8.0,2048.0,2048.0,128.0,256.0,0.0,11.17,13.2,106.29,1.34,0.0,0.0,0.0,68.0
2026-09-15T22:28:01.902704162Z,3575.0,510.634,76.0,8.0,2048.0,2048.0,128.0,256.0,0.0,17.23,9.31,103.41,0.89,0.0,0.0,0.0,68.0
2026-09-15T22:28:02.034065459Z,3576.0,510.765,76.0,8.0,2048.0,2048.0,128.0,256.0,0.0,7.87,8.4,113.43,1.02,0.0,0.0,0.0,68.0
2026-09-15T22:28:02.165395376Z,3577.0,510.897,76.0,8.0,2048.0,2048.0,128.0,256.0,0.0,7.16,13.53,108.89,2.03,0.0,0.0,0.0,68.0
2026-09-15T22:28:02.297662703Z,3578.0,511.029,76.0,8.0,2048.0,2048.0,128.0,256.0,0.0,8.59,8.51,111.48,1.53,0.0,0.0,0.0,68.0
2026-09-15T22:28:02.429479630Z,3579.0,511.161,76.0,8.0,2048.0,2048.0,128.0,256.0,0.0,7.96,8.49,113.53,0.7,0.0,0.0,0.0,68.0
2026-09-15T22:28:02.561798467Z,3580.0,511.293,76.0,8.0,2048.0,2048.0,128.0,256.0,0.0,8.7,10.98,110.82,1.18,0.0,0.0,0.0,67.0
2026-09-15T22:28:02.692773004Z,3581.0,511.424,75.0,8.0,2048.0,2048.0,128.0,256.0,0.0,13.6,9.9,106.43,1.69,0.0,0.0,0.0,66.0
2026-09-15T22:28:02.824844341Z,3582.0,511.556,74.0,8.0,2048.0,2048.0,128.0,256.0,0.0,12.98,8.36,107.9,1.17,0.0,0.0,0.0,66.0
2026-09-15T22:28:02.956600328Z,3583.0,511.688,74.0,8.0,2048.0,2048.0,128.0,256.0,0.0,10.44,14.15,105.43,1.29,0.0,0.0,0.0,66.0
2026-09-15T22:28:03.088379955Z,3584.0,511.82,74.0,9.0,2048.0,2048.0,128.0,256.0,0.0,32.68,11.77,85.13,1.55,0.0,0.0,0.0,66.0
2026-09-15T22:28:03.220136472Z,3585.0,511.951,74.0,8.0,2048.0,2048.0,128.0,256.0,0.0,16.67,12.83,100.3,0.76,0.0,0.0,0.0,65.0
2026-09-15T22:28:03.352147549Z,3586.0,512.084,73.0,8.0,2048.0,2048.0,128.0,256.0,0.0,11.8,9.85,108.41,0.82,0.0,0.0,0.0,65.0
2026-09-15T22:28:03.484249096Z,3587.0,512.216,73.0,8.0,2048.0,2048.0,128.0,256.0,0.0,6.81,8.26,115.47,1.32,0.0,0.0,0.0,65.0
2026-09-15T22:28:03.616140013Z,3588.0,512.348,73.0,8.0,1748.0,2048.0,128.0,256.0,0.0,6.87,7.53,115.74,1.07,0.0,0.0,0.0,67.0
2026-09-15T22:28:03.748027720Z,3589.0,512.479,73.0,6.0,1549.0,2048.0,128.0,256.0,1.0,9.56,10.27,110.27,2.05,0.0,0.0,0.0,66.0
2026-09-15T22:28:03.879124277Z,3590.0,512.611,72.0,6.0,1338.0,2048.0,128.0,256.0,1.0,14.78,7.87,106.5,0.7,0.0,0.0,0.0,68.0
2026-09-15T22:28:04.011642814Z,3591.0,512.743,72.0,4.0,1056.0,2048.0,128.0,256.0,1.0,7.82,8.09,113.8,1.12,0.0,0.0,0.0,68.0
2026-09-15T22:28:04.142586071Z,3592.0,512.874,72.0,4.0,1056.0,2048.0,128.0,256.0,1.0,7.58,8.72,114.27,0.72,0.0,0.0,0.0,68.0
2026-09-15T22:28:04.274515008Z,3593.0,513.006,72.0,4.0,1008.0,2048.0,128.0,256.0,1.0,8.69,7.33,113.58,1.87,0.0,0.0,0.0,69.0
2026-09-15T22:28:04.405422275Z,3594.0,513.137,72.0,3.0,608.0,2048.0,128.0,256.0,1.0,6.77,8.97,113.41,0.73,0.0,0.0,0.0,70.0
2026-09-15T22:28:04.536528002Z,3595.0,513.268,72.0,2.0,564.0,2048.0,128.0,256.0,1.0,7.53,8.81,113.16,0.71,0.0,0.0,0.0,70.0
2026-09-15T22:28:04.668816359Z,3596.0,513.4,72.0,2.0,564.0,2048.0,128.0,256.0,1.0,7.37,7.64,114.8,1.82,0.0,0.0,0.0,70.0
2026-09-15T22:28:04.799690486Z,3597.0,513.531,72.0,2.0,563.0,2048.0,128.0,256.0,1.0,10.51,12.2,107.03,1.87,0.0,0.0,0.0,69.0
2026-09-15T22:28:04.930712993Z,3598.0,513.662,71.0,2.0,435.0,2048.0,128.0,256.0,1.0,12.0,9.03,107.27,1.7,0.0,0.0,0.0,70.0
2026-09-15T22:28:05.060745450Z,3599.0,513.792,71.0,1.0,318.0,2048.0,128.0,256.0,1.0,8.85,9.83,108.26,0.81,0.0,0.0,0.0,69.0
2026-09-15T22:28:05.190985607Z,3600.0,513.922,70.0,1.0,318.0,2048.0,128.0,256.0,1.0,10.64,8.24,109.66,0.57,0.0,0.0,0.0,69.0
2026-09-15T22:28:05.322540374Z,3601.0,514.054,70.0,1.0,318.0,2048.0,128.0,256.0,1.0,6.91,8.28,113.7,1.76,0.0,0.0,0.0,69.0
2026-09-15T22:28:05.600860438Z,3602.0,514.332,70.0,1.0,317.0,2048.0,128.0,256.0,1.0,9.41,10.61,108.91,0.24,0.0,0.0,0.0,68.0
2026-09-15T22:28:05.728541285Z,3603.0,514.46,69.0,8.0,2048.0,2048.0,128.0,256.0,0.0,255.89,14.4,7.16,0.65,0.0,0.0,0.0,67.0
2026-09-15T22:28:05.860606732Z,3604.0,514.592,75.0,8.0,2048.0,2048.0,128.0,256.0,0.0,7.89,11.59,106.9,1.07,0.0,0.0,0.0,67.0
2026-09-15T22:28:05.991428359Z,3605.0,514.723,75.0,8.0,2048.0,2048.0,128.0,256.0,0.0,8.41,8.29,113.47,0.79,0.0,0.0,0.0,67.0
2026-09-15T22:28:06.123546036Z,3606.0,514.855,75.0,9.0,2048.0,2048.0,128.0,256.0,0.0,27.76,8.7,92.9,1.2,0.0,0.0,0.0,68.0
2026-09-15T22:28:06.255592123Z,3607.0,514.987,76.0,8.0,2048.0,2048.0,128.0,256.0,0.0,7.91,8.21,114.24,1.53,0.0,0.0,0.0,68.0
2026-09-15T22:28:06.386902120Z,3608.0,515.118,76.0,8.0,2048.0,2048.0,128.0,256.0,0.0,6.66,7.63,115.37,1.63,0.0,0.0,0.0,68.0
2026-09-15T22:28:06.518090087Z,3609.0,515.249,76.0,8.0,2048.0,2048.0,128.0,256.0,0.0,6.7,7.47,115.04,0.48,0.0,0.0,0.0,68.0
2026-09-15T22:28:06.651246164Z,3610.0,515.383,76.0,8.0,2048.0,2048.0,128.0,256.0,0.0,7.98,10.12,111.76,0.38,0.0,0.0,0.0,67.0
2026-09-15T22:28:06.782182251Z,3611.0,515.514,75.0,8.0,2048.0,2048.0,128.0,256.0,0.0,13.09,7.39,109.89,1.6,0.0,0.0,0.0,67.0
2026-09-15T22:28:06.916226078Z,3612.0,515.648,75.0,8.0,2048.0,2048.0,128.0,256.0,0.0,12.78,9.7,106.05,4.57,0.0,0.0,0.0,66.0
2026-09-15T22:28:07.044572255Z,3613.0,515.776,74.0,8.0,2048.0,2048.0,128.0,256.0,0.0,17.12,12.3,99.36,0.79,0.0,0.0,0.0,64.0
2026-09-15T22:28:07.176147362Z,3614.0,515.908,72.0,8.0,2048.0,2048.0,128.0,256.0,0.0,15.72,8.11,102.87,1.11,0.0,0.0,0.0,64.0
2026-09-15T22:28:07.307915369Z,3615.0,516.039,72.0,8.0,2048.0,2048.0,128.0,256.0,0.0,15.68,19.79,94.52,1.27,0.0,0.0,0.0,63.0
2026-09-15T22:28:07.440207056Z,3616.0,516.172,71.0,8.0,2048.0,2048.0,128.0,256.0,0.0,16.69,20.68,91.67,2.44,0.0,0.0,0.0,62.0
2026-09-15T22:28:07.576609223Z,3617.0,516.308,70.0,8.0,2048.0,2048.0,128.0,256.0,0.0,14.89,10.49,103.47,0.4,0.0,0.0,0.0,62.0
2026-09-15T22:28:07.702151800Z,3618.0,516.433,70.0,8.0,2048.0,2048.0,128.0,256.0,0.0,9.36,11.44,110.11,1.05,0.0,0.0,0.0,61.0
2026-09-15T22:28:07.833760757Z,3619.0,516.565,69.0,8.0,2048.0,2048.0,128.0,256.0,0.0,9.12,16.28,98.41,1.28,0.0,0.0,0.0,61.0
2026-09-15T22:28:07.966011704Z,3620.0,516.697,69.0,8.0,2048.0,2048.0,128.0,256.0,0.0,7.47,7.5,114.85,1.89,0.0,0.0,0.0,61.0
2026-09-15T22:28:08.203031018Z,3621.0,516.934,69.0,8.0,2048.0,2048.0,128.0,256.0,0.0,6.27,7.7,115.7,0.36,0.0,0.0,0.0,61.0
2026-09-15T22:28:08.330127226Z,3622.0,517.061,69.0,8.0,2048.0,2048.0,128.0,256.0,0.0,218.78,7.77,9.28,1.52,0.0,0.0,0.0,61.0
2026-09-15T22:28:08.461409913Z,3623.0,517.193,69.0,10.0,2048.0,2048.0,128.0,256.0,0.0,33.77,9.97,80.9,1.87,0.0,0.0,0.0,63.0
2026-09-15T22:28:08.593160760Z,3624.0,517.325,71.0,9.0,2048.0,2048.0,128.0,256.0,0.0,27.81,10.03,90.87,1.8,0.0,0.0,0.0,64.0
2026-09-15T22:28:08.724957987Z,3625.0,517.456,72.0,8.0,2048.0,2048.0,128.0,256.0,0.0,7.17,9.16,112.87,0.61,0.0,0.0,0.0,64.0
2026-09-15T22:28:08.857298414Z,3626.0,517.589,72.0,9.0,2048.0,2048.0,128.0,256.0,0.0,27.87,9.3,93.17,0.88,0.0,0.0,0.0,65.0
2026-09-15T22:28:08.988863321Z,3627.0,517.72,73.0,9.0,2048.0,2048.0,128.0,256.0,0.0,30.41,8.9,91.38,1.41,0.0,0.0,0.0,66.0
2026-09-15T22:28:09.120700888Z,3628.0,517.852,74.0,8.0,2048.0,2048.0,128.0,256.0,0.0,8.35,10.21,110.94,1.42,0.0,0.0,0.0,65.0
2026-09-15T22:28:09.251656845Z,3629.0,517.983,73.0,8.0,2048.0,2048.0,128.0,256.0,0.0,15.35,12.32,101.98,0.74,0.0,0.0,0.0,64.0
2026-09-15T22:28:09.383698422Z,3630.0,518.115,72.0,9.0,2048.0,2048.0,128.0,256.0,0.0,38.73,9.02,81.75,1.27,0.0,0.0,0.0,65.0
2026-09-15T22:28:09.514992119Z,3631.0,518.246,73.0,8.0,2048.0,2048.0,128.0,256.0,0.0,7.87,7.58,114.43,2.17,0.0,0.0,0.0,65.0
2026-09-15T22:28:09.645909656Z,3632.0,518.377,73.0,9.0,2048.0,2048.0,128.0,256.0,0.0,37.56,8.4,82.64,0.52,0.0,0.0,0.0,66.0
2026-09-15T22:28:09.777929583Z,3633.0,518.509,74.0,8.0,2048.0,2048.0,128.0,256.0,0.0,10.09,10.43,108.66,0.62,0.0,0.0,0.0,65.0
2026-09-15T22:28:09.911035920Z,3634.0,518.643,73.0,8.0,2048.0,2048.0,128.0,256.0,0.0,13.67,10.02,107.46,2.99,0.0,0.0,0.0,64.0
2026-09-15T22:28:10.041633427Z,3635.0,518.773,72.0,8.0,2048.0,2048.0,128.0,256.0,0.0,15.15,18.05,96.12,1.55,0.0,0.0,0.0,64.0
2026-09-15T22:28:10.172091434Z,3636.0,518.903,72.0,9.0,2048.0,2048.0,128.0,256.0,0.0,30.2,8.85,89.01,2.41,0.0,0.0,0.0,65.0
2026-09-15T22:28:10.302855041Z,3637.0,519.034,73.0,8.0,2048.0,2048.0,128.0,256.0,0.0,7.61,9.64,109.99,1.14,0.0,0.0,0.0,65.0
2026-09-15T22:28:10.434681228Z,3638.0,519.166,73.0,8.0,2048.0,2048.0,128.0,256.0,0.0,8.3,8.28,112.45,1.31,0.0,0.0,0.0,65.0
2026-09-15T22:28:10.566026885Z,3639.0,519.297,73.0,8.0,2048.0,2048.0,128.0,256.0,0.0,7.22,8.14,114.1,0.91,0.0,0.0,0.0,65.0
2026-09-15T22:28:10.697733982Z,3640.0,519.429,73.0,8.0,2048.0,2048.0,128.0,256.0,0.0,6.8,8.06,114.9,1.84,0.0,0.0,0.0,65.0
2026-09-15T22:28:10.829574819Z,3641.0,519.561,73.0,8.0,2048.0,2048.0,128.0,256.0,0.0,6.41,9.67,112.9,0.81,0.0,0.0,0.0,65.0
2026-09-15T22:28:10.960654576Z,3642.0,519.692,73.0,8.0,2048.0,2048.0,128.0,256.0,0.0,9.25,9.7,111.3,0.97,0.0,0.0,0.0,64.0
2026-09-15T22:28:11.092289803Z,3643.0,519.824,72.0,8.0,2048.0,2048.0,128.0,256.0,0.0,12.84,10.08,106.46,1.05,0.0,0.0,0.0,64.0
2026-09-15T22:28:11.223978750Z,3644.0,519.955,72.0,8.0,2048.0,2048.0,128.0,256.0,0.0,9.37,7.75,112.69,1.23,0.0,0.0,0.0,64.0
2026-09-15T22:28:11.355131717Z,3645.0,520.087,72.0,8.0,1840.0,2048.0,128.0,256.0,0.0,6.92,9.4,111.67,0.74,0.0,0.0,0.0,65.0
2026-09-15T22:28:11.487954494Z,3646.0,520.219,72.0,7.0,1655.0,2048.0,128.0,256.0,1.0,7.22,8.27,114.3,1.7,0.0,0.0,0.0,66.0
2026-09-15T22:28:11.617856911Z,3647.0,520.349,72.0,6.0,1554.0,2048.0,128.0,256.0,1.0,6.94,8.9,114.42,0.98,0.0,0.0,0.0,66.0
2026-09-15T22:28:11.749624288Z,3648.0,520.481,72.0,6.0,1554.0,2048.0,128.0,256.0,1.0,7.85,9.37,111.0,0.49,0.0,0.0,0.0,66.0
2026-09-15T22:28:11.881251935Z,3649.0,520.613,72.0,6.0,1527.0,2048.0,128.0,256.0,1.0,7.89,8.56,114.08,1.08,0.0,0.0,0.0,67.0
2026-09-15T22:28:12.012947512Z,3650.0,520.744,72.0,5.0,1305.0,2048.0,128.0,256.0,1.0,8.14,9.39,112.28,1.26,0.0,0.0,0.0,67.0
2026-09-15T22:28:12.144355839Z,3651.0,520.876,72.0,5.0,1305.0,2048.0,128.0,256.0,1.0,9.36,12.89,107.61,1.9,0.0,0.0,0.0,66.0
2026-09-15T22:28:12.275886196Z,3652.0,521.007,71.0,5.0,1244.0,2048.0,128.0,256.0,1.0,12.14,10.06,106.38,1.36,0.0,0.0,0.0,67.0
2026-09-15T22:28:12.407105033Z,3653.0,521.138,71.0,4.0,1060.0,2048.0,128.0,256.0,1.0,7.02,8.31,114.08,0.93,0.0,0.0,0.0,67.0
2026-09-15T22:28:12.538905670Z,3654.0,521.27,71.0,4.0,1060.0,2048.0,128.0,256.0,1.0,7.44,9.63,112.56,1.87,0.0,0.0,0.0,67.0
2026-09-15T22:28:12.669905457Z,3655.0,521.401,71.0,4.0,1060.0,2048.0,128.0,256.0,1.0,8.72,8.68,111.84,1.02,0.0,0.0,0.0,67.0
2026-09-15T22:28:12.801304934Z,3656.0,521.533,71.0,4.0,950.0,2048.0,128.0,256.0,1.0,7.27,9.09,112.87,0.77,0.0,0.0,0.0,68.0
2026-09-15T22:28:12.932122231Z,3657.0,521.664,71.0,3.0,693.0,2048.0,128.0,256.0,1.0,7.25,9.28,113.38,0.62,0.0,0.0,0.0,69.0
2026-09-15T22:28:13.062601428Z,3658.0,521.794,71.0,2.0,568.0,2048.0,128.0,256.0,1.0,9.63,8.05,111.98,0.9,0.0,0.0,0.0,69.0
2026-09-15T22:28:13.192857095Z,3659.0,521.924,71.0,2.0,568.0,2048.0,128.0,256.0,1.0,7.4,8.45,112.92,0.64,0.0,0.0,0.0,69.0
2026-09-15T22:28:13.323058032Z,3660.0,522.054,71.0,2.0,344.0,2048.0,128.0,256.0,1.0,7.41,9.14,112.53,0.68,0.0,0.0,0.0,70.0
2026-09-15T22:28:13.453458929Z,3661.0,522.185,71.0,1.0,220.0,2048.0,128.0,256.0,1.0,7.57,8.46,112.83,1.0,0.0,0.0,0.0,71.0
2026-09-15T22:28:13.583617696Z,3662.0,522.315,71.0,0.0,71.0,2048.0,128.0,256.0,0.0,7.14,7.62,113.99,1.28,0.0,0.0,0.0,71.0
2026-09-15T22:28:13.713922943Z,3663.0,522.445,71.0,0.0,71.0,2048.0,128.0,256.0,0.0,7.49,8.15,112.59,1.53,0.0,0.0,0.0,71.0
2026-09-15T22:28:13.843897400Z,3664.0,522.575,71.0,0.0,71.0,2048.0,128.0,256.0,0.0,6.59,7.35,114.23,1.66,0.0,0.0,0.0,71.0
2026-09-15T22:28:13.973977157Z,3665.0,522.705,71.0,0.0,71.0,2048.0,128.0,256.0,0.0,6.9,8.28,112.57,0.89,0.0,0.0,0.0,71.0
2026-09-15T22:28:14.104464744Z,3666.0,522.836,71.0,0.0,71.0,2048.0,128.0,256.0,0.0,6.62,8.32,113.68,0.81,0.0,0.0,0.0,71.0
2026-09-15T22:28:14.235086192Z,3667.0,522.966,71.0,0.0,71.0,2048.0,128.0,256.0,0.0,7.08,7.73,114.14,0.6,0.0,0.0,0.0,71.0
2026-09-15T22:28:14.364174489Z,3668.0,523.096,71.0,0.0,70.0,2048.0,128.0,256.0,0.0,8.76,12.8,107.21,1.39,0.0,0.0,0.0,70.0
2026-09-15T22:28:14.494819775Z,3669.0,523.226,70.0,0.0,70.0,2048.0,128.0,256.0,0.0,11.97,9.18,106.26,2.31,0.0,0.0,0.0,70.0
2026-09-15T22:28:14.624594823Z,3670.0,523.356,70.0,0.0,70.0,2048.0,128.0,256.0,0.0,6.42,8.71,112.47,1.34,0.0,0.0,0.0,70.0
2026-09-15T22:28:14.754919880Z,3671.0,523.486,70.0,0.0,70.0,2048.0,128.0,256.0,0.0,6.93,8.57,112.27,1.48,0.0,0.0,0.0,70.0
2026-09-15T22:28:14.885075437Z,3672.0,523.616,70.0,0.0,70.0,2048.0,128.0,256.0,0.0,8.83,9.68,109.63,1.42,0.0,0.0,0.0,70.0
2026-09-15T22:28:15.014705394Z,3673.0,523.746,70.0,0.0,69.0,2048.0,128.0,256.0,0.0,8.43,11.95,107.23,0.43,0.0,0.0,0.0,69.0
2026-09-15T22:28:15.145293441Z,3674.0,523.877,69.0,0.0,69.0,2048.0,128.0,256.0,0.0,11.37,8.72,108.74,1.79,0.0,0.0,0.0,69.0
2026-09-15T22:28:15.274805768Z,3675.0,524.006,69.0,0.0,69.0,2048.0,128.0,256.0,0.0,6.94,9.02,112.16,0.98,0.0,0.0,0.0,69.0
2026-09-15T22:28:15.405955795Z,3676.0,524.137,69.0,0.0,69.0,2048.0,128.0,256.0,0.0,6.46,7.68,113.88,1.18,0.0,0.0,0.0,69.0
2026-09-15T22:28:15.534768392Z,3677.0,524.266,69.0,0.0,68.0,2048.0,128.0,256.0,0.0,7.66,9.99,111.08,1.03,0.0,0.0,0.0,68.0
2026-09-15T22:28:15.665952159Z,3678.0,524.397,68.0,0.0,68.0,2048.0,128.0,256.0,0.0,13.15,8.6,106.01,2.12,0.0,0.0,0.0,68.0
2026-09-15T22:28:15.794927646Z,3679.0,524.526,68.0,0.0,67.0,2048.0,128.0,256.0,0.0,9.05,12.22,107.16,1.12,0.0,0.0,0.0,67.0
2026-09-15T22:28:15.925250593Z,3680.0,524.657,67.0,0.0,67.0,2048.0,128.0,256.0,0.0,11.09,9.72,106.23,0.79,0.0,0.0,0.0,67.0
2026-09-15T22:28:16.054931340Z,3681.0,524.786,67.0,0.0,67.0,2048.0,128.0,256.0,0.0,9.94,9.88,108.68,1.38,0.0,0.0,0.0,67.0
2026-09-15T22:28:16.184798797Z,3682.0,524.916,67.0,0.0,67.0,2048.0,128.0,256.0,0.0,7.12,7.93,112.62,0.69,0.0,0.0,0.0,67.0
2026-09-15T22:28:16.315176794Z,3683.0,525.047,67.0,0.0,67.0,2048.0,128.0,256.0,0.0,7.53,7.79,113.14,1.02,0.0,0.0,0.0,67.0
2026-09-15T22:28:16.444836481Z,3684.0,525.176,67.0,0.0,67.0,2048.0,128.0,256.0,0.0,8.55,9.56,110.45,1.14,0.0,0.0,0.0,67.0
2026-09-15T22:28:16.574815798Z,3685.0,525.306,67.0,0.0,67.0,2048.0,128.0,256.0,0.0,8.45,7.75,111.63,0.61,0.0,0.0,0.0,67.0
2026-09-15T22:28:16.704975025Z,3686.0,525.436,67.0,0.0,67.0,2048.0,128.0,256.0,0.0,6.89,7.93,113.72,0.52,0.0,0.0,0.0,67.0
2026-09-15T22:28:16.835340452Z,3687.0,525.567,67.0,0.0,67.0,2048.0,128.0,256.0,0.0,6.46,8.07,114.09,1.89,0.0,0.0,0.0,67.0
2026-09-15T22:28:16.964997689Z,3688.0,525.696,67.0,0.0,67.0,2048.0,128.0,256.0,0.0,6.76,9.29,111.64,1.37,0.0,0.0,0.0,67.0
2026-09-15T22:28:17.094945836Z,3689.0,525.826,67.0,0.0,67.0,2048.0,128.0,256.0,0.0,7.28,9.24,111.13,0.95,0.0,0.0,0.0,67.0
2026-09-15T22:28:17.225364964Z,3690.0,525.957,67.0,0.0,67.0,2048.0,128.0,256.0,0.0,6.67,8.51,113.12,1.04,0.0,0.0,0.0,67.0
2026-09-15T22:28:17.355840950Z,3691.0,526.087,67.0,0.0,67.0,2048.0,128.0,256.0,0.0,6.36,8.08,114.21,0.45,0.0,0.0,0.0,67.0
2026-09-15T22:28:17.484733758Z,3692.0,526.216,67.0,0.0,66.0,2048.0,128.0,256.0,0.0,8.36,9.71,110.91,1.32,0.0,0.0,0.0,66.0
2026-09-15T22:28:17.615063484Z,3693.0,526.346,66.0,0.0,66.0,2048.0,128.0,256.0,0.0,12.67,8.64,105.83,1.69,0.0,0.0,0.0,66.0
2026-09-15T22:28:17.744855152Z,3694.0,526.476,66.0,0.0,66.0,2048.0,128.0,256.0,0.0,6.9,8.17,112.94,1.83,0.0,0.0,0.0,66.0
2026-09-15T22:28:17.874518779Z,3695.0,526.606,66.0,0.0,66.0,2048.0,128.0,256.0,0.0,6.2,7.74,113.48,0.38,0.0,0.0,0.0,66.0
2026-09-15T22:28:18.004948486Z,3696.0,526.736,66.0,0.0,65.0,2048.0,128.0,256.0,0.0,9.08,12.27,107.33,0.88,0.0,0.0,0.0,65.0
2026-09-15T22:28:18.135525233Z,3697.0,526.867,65.0,0.0,64.0,2048.0,128.0,256.0,0.0,14.7,10.7,103.3,2.13,0.0,0.0,0.0,64.0
2026-09-15T22:28:18.428514346Z,3698.0,527.16,64.0,0.0,64.0,2048.0,128.0,256.0,0.0,15.09,12.87,100.1,0.27,0.0,0.0,0.0,64.0
2026-09-15T22:28:18.556417043Z,3699.0,527.288,64.0,8.0,2048.0,2048.0,128.0,256.0,0.0,272.21,12.48,7.34,0.3,0.0,0.0,0.0,64.0
2026-09-15T22:28:18.687147120Z,3700.0,527.419,72.0,8.0,2048.0,2048.0,128.0,256.0,0.0,8.53,7.57,110.96,1.47,0.0,0.0,0.0,64.0
2026-09-15T22:28:18.817894127Z,3701.0,527.549,72.0,8.0,2048.0,2048.0,128.0,256.0,0.0,6.42,7.73,114.45,0.34,0.0,0.0,0.0,64.0
2026-09-15T22:28:18.950939794Z,3702.0,527.682,72.0,8.0,2048.0,2048.0,128.0,256.0,0.0,6.66,7.61,115.48,1.79,0.0,0.0,0.0,64.0
2026-09-15T22:28:19.081248241Z,3703.0,527.813,72.0,8.0,2048.0,2048.0,128.0,256.0,0.0,7.53,9.9,113.38,1.15,0.0,0.0,0.0,63.0
2026-09-15T22:28:19.213224898Z,3704.0,527.945,71.0,8.0,2048.0,2048.0,128.0,256.0,0.0,9.51,8.66,110.09,2.17,0.0,0.0,0.0,63.0
2026-09-15T22:28:19.343856615Z,3705.0,528.075,71.0,8.0,2048.0,2048.0,128.0,256.0,0.0,14.98,11.75,102.38,0.6,0.0,0.0,0.0,63.0
2026-09-15T22:28:19.474993612Z,3706.0,528.206,71.0,8.0,2048.0,2048.0,128.0,256.0,0.0,9.25,10.83,109.3,1.7,0.0,0.0,0.0,62.0
2026-09-15T22:28:19.606230009Z,3707.0,528.338,70.0,8.0,2048.0,2048.0,128.0,256.0,0.0,11.85,8.64,108.28,1.41,0.0,0.0,0.0,62.0
2026-09-15T22:28:19.737817606Z,3708.0,528.469,70.0,8.0,2048.0,2048.0,128.0,256.0,0.0,6.24,8.35,114.56,0.55,0.0,0.0,0.0,62.0
2026-09-15T22:28:19.869220583Z,3709.0,528.601,70.0,8.0,2048.0,2048.0,128.0,256.0,0.0,8.73,18.04,103.7,0.84,0.0,0.0,0.0,61.0
2026-09-15T22:28:20.000652540Z,3710.0,528.732,69.0,8.0,2048.0,2048.0,128.0,256.0,0.0,12.73,8.59,108.64,1.53,0.0,0.0,0.0,61.0
2026-09-15T22:28:20.131972847Z,3711.0,528.863,69.0,8.0,2048.0,2048.0,128.0,256.0,0.0,7.07,8.56,113.66,1.68,0.0,0.0,0.0,61.0
2026-09-15T22:28:20.264695294Z,3712.0,528.996,69.0,8.0,2048.0,2048.0,128.0,256.0,0.0,7.06,17.38,104.44,2.14,0.0,0.0,0.0,61.0
2026-09-15T22:28:20.395679671Z,3713.0,529.127,69.0,8.0,2048.0,2048.0,128.0,256.0,0.0,10.37,10.91,108.71,1.38,0.0,0.0,0.0,60.0
2026-09-15T22:28:20.527503958Z,3714.0,529.259,68.0,8.0,2048.0,2048.0,128.0,256.0,0.0,10.71,9.23,108.66,1.74,0.0,0.0,0.0,60.0
2026-09-15T22:28:20.659163795Z,3715.0,529.391,68.0,8.0,2048.0,2048.0,128.0,256.0,0.0,9.87,11.26,108.24,1.23,0.0,0.0,0.0,60.0
2026-09-15T22:28:20.790765032Z,3716.0,529.522,68.0,8.0,2048.0,2048.0,128.0,256.0,0.0,6.34,8.26,115.21,0.58,0.0,0.0,0.0,60.0
2026-09-15T22:28:20.921932039Z,3717.0,529.653,68.0,8.0,2048.0,2048.0,128.0,256.0,0.0,8.7,11.04,110.64,0.68,0.0,0.0,0.0,59.0
2026-09-15T22:28:21.054061366Z,3718.0,529.785,67.0,8.0,2048.0,2048.0,128.0,256.0,0.0,11.69,8.3,109.95,0.94,0.0,0.0,0.0,59.0
2026-09-15T22:28:21.185571573Z,3719.0,529.917,67.0,8.0,2048.0,2048.0,128.0,256.0,0.0,5.81,8.1,116.56,1.62,0.0,0.0,0.0,59.0
2026-09-15T22:28:21.318099200Z,3720.0,530.049,67.0,8.0,2048.0,2048.0,128.0,256.0,0.0,9.48,10.51,105.14,1.7,0.0,0.0,0.0,59.0
2026-09-15T22:28:21.449722987Z,3721.0,530.181,67.0,8.0,1743.0,2048.0,128.0,256.0,0.0,7.31,7.2,115.7,0.89,0.0,0.0,0.0,61.0
2026-09-15T22:28:21.581076714Z,3722.0,530.312,67.0,6.0,1529.0,2048.0,128.0,256.0,1.0,6.46,10.03,113.56,0.85,0.0,0.0,0.0,62.0
2026-09-15T22:28:21.712880141Z,3723.0,530.444,67.0,5.0,1286.0,2048.0,128.0,256.0,1.0,6.86,8.38,114.58,1.11,0.0,0.0,0.0,63.0
2026-09-15T22:28:21.844285858Z,3724.0,530.576,67.0,4.0,1002.0,2048.0,128.0,256.0,1.0,6.78,7.63,115.59,0.97,0.0,0.0,0.0,64.0
2026-09-15T22:28:21.976297885Z,3725.0,530.708,67.0,3.0,810.0,2048.0,128.0,256.0,1.0,6.82,8.16,114.8,2.06,0.0,0.0,0.0,64.0
2026-09-15T22:28:22.107875272Z,3726.0,530.839,67.0,3.0,810.0,2048.0,128.0,256.0,1.0,7.05,9.73,112.37,0.65,0.0,0.0,0.0,64.0
2026-09-15T22:28:22.239533699Z,3727.0,530.971,67.0,3.0,810.0,2048.0,128.0,256.0,1.0,6.5,9.01,114.8,1.03,0.0,0.0,0.0,64.0
2026-09-15T22:28:22.370555307Z,3728.0,531.102,67.0,3.0,810.0,2048.0,128.0,256.0,1.0,6.96,8.98,113.59,1.17,0.0,0.0,0.0,64.0
2026-09-15T22:28:22.502070613Z,3729.0,531.233,67.0,3.0,810.0,2048.0,128.0,256.0,1.0,7.16,8.14,113.9,1.75,0.0,0.0,0.0,64.0
2026-09-15T22:28:22.632817460Z,3730.0,531.364,67.0,3.0,681.0,2048.0,128.0,256.0,1.0,8.63,9.87,110.63,0.67,0.0,0.0,0.0,65.0
2026-09-15T22:28:22.763778327Z,3731.0,531.495,67.0,2.0,468.0,2048.0,128.0,256.0,1.0,6.3,8.52,114.59,0.75,0.0,0.0,0.0,66.0
2026-09-15T22:28:22.893591384Z,3732.0,531.625,67.0,1.0,157.0,2048.0,128.0,256.0,1.0,8.68,11.02,109.73,0.31,0.0,0.0,0.0,66.0
2026-09-15T22:28:23.024247421Z,3733.0,531.756,66.0,0.0,66.0,2048.0,128.0,256.0,0.0,10.93,7.99,108.99,1.63,0.0,0.0,0.0,66.0
2026-09-15T22:28:23.154038299Z,3734.0,531.885,66.0,0.0,66.0,2048.0,128.0,256.0,0.0,12.18,8.04,108.28,0.48,0.0,0.0,0.0,66.0
2026-09-15T22:28:23.284487686Z,3735.0,532.016,66.0,0.0,66.0,2048.0,128.0,256.0,0.0,7.68,8.29,112.67,1.13,0.0,0.0,0.0,66.0
2026-09-15T22:28:23.414982313Z,3736.0,532.146,66.0,0.0,66.0,2048.0,128.0,256.0,0.0,6.57,9.22,112.95,1.46,0.0,0.0,0.0,66.0
2026-09-15T22:28:23.544849580Z,3737.0,532.276,66.0,0.0,66.0,2048.0,128.0,256.0,0.0,6.55,7.44,114.33,0.4,0.0,0.0,0.0,66.0
2026-09-15T22:28:23.675178107Z,3738.0,532.407,66.0,0.0,65.0,2048.0,128.0,256.0,0.0,9.54,12.11,106.91,1.26,0.0,0.0,0.0,65.0
2026-09-15T22:28:23.805609104Z,3739.0,532.537,65.0,0.0,65.0,2048.0,128.0,256.0,0.0,12.22,8.59,107.73,0.8,0.0,0.0,0.0,65.0
2026-09-15T22:28:23.950463220Z,3740.0,532.667,65.0,0.0,65.0,2048.0,128.0,256.0,0.0,6.67,7.82,114.58,0.67,0.0,0.0,0.0,65.0
2026-09-15T22:28:24.256947853Z,3741.0,532.988,65.0,0.0,65.0,2048.0,128.0,256.0,0.0,6.03,7.83,114.7,0.25,0.0,0.0,0.0,65.0
2026-09-15T22:28:24.385728801Z,3742.0,533.117,65.0,8.0,2048.0,2048.0,128.0,256.0,0.0,301.71,12.69,6.3,1.17,0.0,0.0,0.0,65.0
2026-09-15T22:28:24.516722568Z,3743.0,533.248,73.0,8.0,2048.0,2048.0,128.0,256.0,0.0,8.19,11.74,106.82,0.72,0.0,0.0,0.0,64.0
2026-09-15T22:28:24.647837015Z,3744.0,533.379,72.0,8.0,2048.0,2048.0,128.0,256.0,0.0,15.15,9.91,104.38,1.26,0.0,0.0,0.0,64.0
2026-09-15T22:28:24.778890382Z,3745.0,533.51,72.0,8.0,2048.0,2048.0,128.0,256.0,0.0,15.14,9.33,104.88,0.34,0.0,0.0,0.0,64.0
2026-09-15T22:28:24.910450699Z,3746.0,533.642,72.0,8.0,2048.0,2048.0,128.0,256.0,0.0,7.54,8.83,113.48,0.45,0.0,0.0,0.0,64.0
2026-09-15T22:28:25.042640296Z,3747.0,533.774,72.0,8.0,2048.0,2048.0,128.0,256.0,0.0,6.4,8.64,115.26,1.24,0.0,0.0,0.0,64.0
2026-09-15T22:28:25.173553013Z,3748.0,533.905,72.0,8.0,2048.0,2048.0,128.0,256.0,0.0,7.15,8.43,114.66,0.41,0.0,0.0,0.0,64.0
2026-09-15T22:28:25.304878000Z,3749.0,534.036,72.0,8.0,2048.0,2048.0,128.0,256.0,0.0,9.34,15.28,104.93,1.82,0.0,0.0,0.0,63.0
2026-09-15T22:28:25.436082537Z,3750.0,534.167,71.0,8.0,2048.0,2048.0,128.0,256.0,0.0,13.37,8.32,107.28,1.46,0.0,0.0,0.0,63.0
2026-09-15T22:28:25.567985644Z,3751.0,534.299,71.0,8.0,2048.0,2048.0,128.0,256.0,0.0,11.14,13.85,104.03,1.14,0.0,0.0,0.0,63.0
2026-09-15T22:28:25.699142061Z,3752.0,534.431,71.0,8.0,2048.0,2048.0,128.0,256.0,0.0,9.29,7.92,112.95,0.99,0.0,0.0,0.0,63.0
2026-09-15T22:28:25.831132548Z,3753.0,534.563,71.0,8.0,2048.0,2048.0,128.0,256.0,0.0,6.51,7.58,115.22,1.04,0.0,0.0,0.0,63.0
2026-09-15T22:28:25.962459815Z,3754.0,534.694,71.0,8.0,2048.0,2048.0,128.0,256.0,0.0,6.76,7.87,115.6,1.77,0.0,0.0,0.0,63.0
2026-09-15T22:28:26.095548572Z,3755.0,534.827,71.0,8.0,2048.0,2048.0,128.0,256.0,0.0,6.77,7.47,114.62,0.64,0.0,0.0,0.0,63.0
2026-09-15T22:28:26.226142479Z,3756.0,534.958,71.0,8.0,2048.0,2048.0,128.0,256.0,0.0,9.25,10.25,111.58,1.0,0.0,0.0,0.0,62.0
2026-09-15T22:28:26.357674246Z,3757.0,535.089,70.0,8.0,2048.0,2048.0,128.0,256.0,0.0,13.17,7.63,108.65,0.89,0.0,0.0,0.0,62.0
2026-09-15T22:28:26.489551743Z,3758.0,535.221,70.0,8.0,2048.0,2048.0,128.0,256.0,0.0,6.26,7.52,116.15,1.92,0.0,0.0,0.0,62.0
2026-09-15T22:28:26.621395620Z,3759.0,535.353,70.0,8.0,2048.0,2048.0,128.0,256.0,0.0,6.73,8.37,114.21,1.06,0.0,0.0,0.0,62.0
2026-09-15T22:28:26.753260617Z,3760.0,535.485,70.0,8.0,2048.0,2048.0,128.0,256.0,0.0,6.56,9.08,114.31,1.21,0.0,0.0,0.0,62.0
2026-09-15T22:28:26.885103684Z,3761.0,535.616,70.0,8.0,2048.0,2048.0,128.0,256.0,0.0,6.56,7.29,116.08,1.8,0.0,0.0,0.0,62.0
2026-09-15T22:28:27.017306251Z,3762.0,535.749,70.0,8.0,2048.0,2048.0,128.0,256.0,0.0,6.78,7.34,115.28,0.54,0.0,0.0,0.0,62.0
2026-09-15T22:28:27.148311718Z,3763.0,535.88,70.0,8.0,1892.0,2048.0,128.0,256.0,0.0,7.95,9.89,113.15,1.09,0.0,0.0,0.0,62.0
2026-09-15T22:28:27.280129685Z,3764.0,536.011,69.0,7.0,1629.0,2048.0,128.0,256.0,1.0,11.39,9.05,108.86,1.65,0.0,0.0,0.0,64.0
2026-09-15T22:28:27.411283912Z,3765.0,536.143,69.0,5.0,1229.0,2048.0,128.0,256.0,1.0,6.25,10.77,112.12,1.97,0.0,0.0,0.0,65.0
2026-09-15T22:28:27.541785909Z,3766.0,536.273,69.0,4.0,1062.0,2048.0,128.0,256.0,1.0,13.82,7.38,107.47,0.42,0.0,0.0,0.0,65.0
2026-09-15T22:28:27.672969316Z,3767.0,536.404,69.0,4.0,1061.0,2048.0,128.0,256.0,1.0,8.93,9.99,110.56,0.41,0.0,0.0,0.0,64.0
2026-09-15T22:28:27.803496473Z,3768.0,536.535,68.0,4.0,1060.0,2048.0,128.0,256.0,1.0,13.01,12.06,104.48,1.0,0.0,0.0,0.0,63.0
2026-09-15T22:28:27.934939650Z,3769.0,536.666,67.0,4.0,1060.0,2048.0,128.0,256.0,1.0,11.46,10.14,107.31,1.71,0.0,0.0,0.0,63.0
2026-09-15T22:28:28.066061247Z,3770.0,536.797,67.0,4.0,1052.0,2048.0,128.0,256.0,1.0,5.95,9.3,113.5,0.9,0.0,0.0,0.0,64.0
2026-09-15T22:28:28.197821864Z,3771.0,536.928,67.0,3.0,812.0,2048.0,128.0,256.0,1.0,20.56,10.82,98.16,1.96,0.0,0.0,0.0,63.0
2026-09-15T22:28:28.327437531Z,3772.0,537.059,66.0,3.0,812.0,2048.0,128.0,256.0,1.0,13.29,7.88,107.21,0.46,0.0,0.0,0.0,63.0
2026-09-15T22:28:28.458324368Z,3773.0,537.19,66.0,3.0,811.0,2048.0,128.0,256.0,1.0,14.21,12.95,102.21,0.91,0.0,0.0,0.0,62.0
2026-09-15T22:28:28.589870545Z,3774.0,537.321,65.0,3.0,811.0,2048.0,128.0,256.0,1.0,13.46,7.63,108.14,1.42,0.0,0.0,0.0,62.0
2026-09-15T22:28:28.720798502Z,3775.0,537.452,65.0,3.0,811.0,2048.0,128.0,256.0,1.0,7.93,8.93,112.64,1.22,0.0,0.0,0.0,62.0
2026-09-15T22:28:28.851508829Z,3776.0,537.583,65.0,3.0,811.0,2048.0,128.0,256.0,1.0,7.65,10.7,110.55,0.97,0.0,0.0,0.0,62.0
2026-09-15T22:28:28.982421876Z,3777.0,537.714,65.0,3.0,811.0,2048.0,128.0,256.0,1.0,8.43,10.53,110.06,0.63,0.0,0.0,0.0,62.0
2026-09-15T22:28:29.113711293Z,3778.0,537.845,65.0,3.0,811.0,2048.0,128.0,256.0,1.0,7.69,9.51,112.29,0.91,0.0,0.0,0.0,62.0
2026-09-15T22:28:29.244837120Z,3779.0,537.976,65.0,3.0,811.0,2048.0,128.0,256.0,1.0,7.17,7.53,115.11,0.77,0.0,0.0,0.0,62.0
2026-09-15T22:28:29.375815197Z,3780.0,538.107,65.0,3.0,699.0,2048.0,128.0,256.0,1.0,5.91,8.53,115.15,0.54,0.0,0.0,0.0,63.0
2026-09-15T22:28:29.507690904Z,3781.0,538.239,65.0,2.0,498.0,2048.0,128.0,256.0,1.0,7.45,10.99,111.11,1.79,0.0,0.0,0.0,63.0
2026-09-15T22:28:29.638137441Z,3782.0,538.369,64.0,1.0,311.0,2048.0,128.0,256.0,1.0,12.25,11.07,106.11,0.83,0.0,0.0,0.0,62.0
2026-09-15T22:28:29.769578308Z,3783.0,538.501,63.0,1.0,311.0,2048.0,128.0,256.0,1.0,14.09,8.56,106.27,0.89,0.0,0.0,0.0,62.0
2026-09-15T22:28:29.899333225Z,3784.0,538.631,63.0,1.0,88.0,2048.0,128.0,256.0,1.0,7.3,9.4,113.13,1.87,0.0,0.0,0.0,62.0
2026-09-15T22:28:30.200293378Z,3785.0,538.932,62.0,0.0,62.0,2048.0,128.0,256.0,0.0,12.42,7.37,107.57,0.34,0.0,0.0,0.0,62.0
2026-09-15T22:28:30.327603846Z,3786.0,539.059,62.0,8.0,2048.0,2048.0,128.0,256.0,0.0,278.67,13.91,7.27,0.88,0.0,0.0,0.0,62.0
2026-09-15T22:28:30.459516063Z,3787.0,539.191,70.0,8.0,2048.0,2048.0,128.0,256.0,0.0,8.79,8.19,108.9,1.65,0.0,0.0,0.0,62.0
2026-09-15T22:28:30.590031709Z,3788.0,539.321,70.0,8.0,2048.0,2048.0,128.0,256.0,0.0,9.28,10.02,110.14,1.64,0.0,0.0,0.0,61.0
2026-09-15T22:28:30.721537226Z,3789.0,539.453,69.0,8.0,2048.0,2048.0,128.0,256.0,0.0,11.96,7.65,108.88,1.71,0.0,0.0,0.0,61.0
2026-09-15T22:28:30.852772274Z,3790.0,539.584,69.0,8.0,2048.0,2048.0,128.0,256.0,0.0,10.16,12.02,106.87,1.26,0.0,0.0,0.0,61.0
2026-09-15T22:28:30.983391531Z,3791.0,539.715,69.0,8.0,2048.0,2048.0,128.0,256.0,0.0,7.59,8.31,113.44,0.91,0.0,0.0,0.0,61.0
2026-09-15T22:28:31.115850437Z,3792.0,539.847,69.0,8.0,2048.0,2048.0,128.0,256.0,0.0,7.14,7.4,114.48,1.38,0.0,0.0,0.0,61.0
2026-09-15T22:28:31.246391115Z,3793.0,539.978,69.0,8.0,2048.0,2048.0,128.0,256.0,0.0,7.83,10.19,112.36,1.45,0.0,0.0,0.0,60.0
2026-09-15T22:28:31.377482052Z,3794.0,540.109,68.0,8.0,2048.0,2048.0,128.0,256.0,0.0,11.4,8.71,108.42,1.04,0.0,0.0,0.0,60.0
2026-09-15T22:28:31.508933039Z,3795.0,540.24,68.0,8.0,2048.0,2048.0,128.0,256.0,0.0,10.29,12.2,106.66,1.06,0.0,0.0,0.0,60.0
2026-09-15T22:28:31.640518566Z,3796.0,540.372,68.0,8.0,2048.0,2048.0,128.0,256.0,0.0,7.3,7.44,115.05,1.29,0.0,0.0,0.0,60.0
2026-09-15T22:28:31.771901673Z,3797.0,540.503,68.0,8.0,2048.0,2048.0,128.0,256.0,0.0,6.62,7.89,114.98,1.08,0.0,0.0,0.0,60.0
2026-09-15T22:28:31.903318990Z,3798.0,540.635,68.0,8.0,2048.0,2048.0,128.0,256.0,0.0,6.72,7.3,115.78,1.4,0.0,0.0,0.0,60.0
2026-09-15T22:28:32.035185507Z,3799.0,540.767,68.0,8.0,2048.0,2048.0,128.0,256.0,0.0,9.0,7.63,112.69,2.38,0.0,0.0,0.0,60.0
2026-09-15T22:28:32.166776874Z,3800.0,540.898,68.0,8.0,2048.0,2048.0,128.0,256.0,0.0,6.37,7.18,115.41,0.91,0.0,0.0,0.0,60.0
2026-09-15T22:28:32.298676211Z,3801.0,541.029,68.0,8.0,2048.0,2048.0,128.0,256.0,0.0,9.23,12.05,108.72,1.29,0.0,0.0,0.0,59.0
2026-09-15T22:28:32.430087418Z,3802.0,541.161,67.0,8.0,2048.0,2048.0,128.0,256.0,0.0,17.1,10.04,102.2,2.07,0.0,0.0,0.0,58.0
2026-09-15T22:28:32.561363555Z,3803.0,541.293,66.0,8.0,2048.0,2048.0,128.0,256.0,0.0,12.81,7.6,108.88,1.17,0.0,0.0,0.0,58.0
2026-09-15T22:28:32.694043512Z,3804.0,541.425,66.0,8.0,2048.0,2048.0,128.0,256.0,0.0,6.81,7.56,115.14,0.39,0.0,0.0,0.0,58.0
2026-09-15T22:28:32.825328939Z,3805.0,541.557,66.0,8.0,2048.0,2048.0,128.0,256.0,0.0,6.87,7.18,116.16,1.4,0.0,0.0,0.0,58.0
2026-09-15T22:28:32.956957396Z,3806.0,541.688,66.0,8.0,2032.0,2048.0,128.0,256.0,0.0,10.81,8.51,109.9,1.95,0.0,0.0,0.0,59.0
2026-09-15T22:28:33.088787653Z,3807.0,541.82,66.0,7.0,1801.0,2048.0,128.0,256.0,1.0,7.0,7.7,114.52,0.37,0.0,0.0,0.0,59.0
2026-09-15T22:28:33.221329280Z,3808.0,541.953,66.0,7.0,1801.0,2048.0,128.0,256.0,1.0,8.17,10.71,111.53,1.64,0.0,0.0,0.0,58.0
2026-09-15T22:28:33.352179657Z,3809.0,542.084,65.0,7.0,1801.0,2048.0,128.0,256.0,1.0,11.19,8.0,110.8,1.29,0.0,0.0,0.0,58.0
2026-09-15T22:28:33.483753914Z,3810.0,542.215,65.0,7.0,1570.0,2048.0,128.0,256.0,1.0,9.57,7.32,111.89,0.82,0.0,0.0,0.0,59.0
2026-09-15T22:28:33.615173911Z,3811.0,542.346,65.0,6.0,1138.0,2048.0,128.0,256.0,1.0,6.45,7.9,115.83,0.68,0.0,0.0,0.0,61.0
2026-09-15T22:28:33.747354658Z,3812.0,542.479,65.0,4.0,1046.0,2048.0,128.0,256.0,1.0,7.71,7.8,114.45,2.25,0.0,0.0,0.0,62.0
2026-09-15T22:28:33.878562075Z,3813.0,542.61,65.0,3.0,810.0,2048.0,128.0,256.0,1.0,7.1,8.74,113.4,1.0,0.0,0.0,0.0,62.0
2026-09-15T22:28:34.009673502Z,3814.0,542.741,65.0,3.0,810.0,2048.0,128.0,256.0,1.0,6.54,9.45,113.55,0.71,0.0,0.0,0.0,62.0
2026-09-15T22:28:34.140967469Z,3815.0,542.872,65.0,3.0,810.0,2048.0,128.0,256.0,1.0,6.31,7.94,115.56,1.49,0.0,0.0,0.0,62.0
2026-09-15T22:28:34.273334806Z,3816.0,543.005,65.0,3.0,810.0,2048.0,128.0,256.0,1.0,6.15,8.24,114.6,0.37,0.0,0.0,0.0,62.0
2026-09-15T22:28:34.404513753Z,3817.0,543.136,65.0,3.0,809.0,2048.0,128.0,256.0,1.0,7.92,10.72,112.15,0.35,0.0,0.0,0.0,61.0
2026-09-15T22:28:34.536505150Z,3818.0,543.268,64.0,3.0,809.0,2048.0,128.0,256.0,1.0,11.57,8.27,110.4,1.0,0.0,0.0,0.0,61.0
2026-09-15T22:28:34.667843187Z,3819.0,543.399,64.0,2.0,561.0,2048.0,128.0,256.0,1.0,7.26,10.86,112.05,1.57,0.0,0.0,0.0,61.0
2026-09-15T22:28:35.004067719Z,3820.0,543.735,63.0,2.0,560.0,2048.0,128.0,256.0,1.0,13.02,9.94,106.46,0.26,0.0,0.0,0.0,60.0
2026-09-15T22:28:35.132616196Z,3821.0,543.864,62.0,8.0,2048.0,2048.0,128.0,256.0,0.0,315.3,13.32,6.71,0.6,0.0,0.0,0.0,59.0
2026-09-15T22:28:35.265056003Z,3822.0,543.996,67.0,8.0,2048.0,2048.0,128.0,256.0,0.0,8.91,7.5,110.82,0.85,0.0,0.0,0.0,59.0
2026-09-15T22:28:35.396792560Z,3823.0,544.128,67.0,8.0,2048.0,2048.0,128.0,256.0,0.0,6.2,7.68,117.0,0.66,0.0,0.0,0.0,59.0
2026-09-15T22:28:35.529677337Z,3824.0,544.261,67.0,8.0,2048.0,2048.0,128.0,256.0,0.0,7.03,8.32,115.12,1.82,0.0,0.0,0.0,59.0
2026-09-15T22:28:35.661427434Z,3825.0,544.393,67.0,9.0,2048.0,2048.0,128.0,256.0,0.0,35.42,8.72,86.27,1.16,0.0,0.0,0.0,60.0
2026-09-15T22:28:35.792419441Z,3826.0,544.524,68.0,8.0,2048.0,2048.0,128.0,256.0,0.0,6.38,7.8,115.86,1.85,0.0,0.0,0.0,60.0
2026-09-15T22:28:35.923661638Z,3827.0,544.655,68.0,8.0,2048.0,2048.0,128.0,256.0,0.0,6.94,8.16,113.37,0.86,0.0,0.0,0.0,60.0
2026-09-15T22:28:36.055074245Z,3828.0,544.786,68.0,8.0,2048.0,2048.0,128.0,256.0,0.0,6.52,7.46,115.73,1.05,0.0,0.0,0.0,60.0
2026-09-15T22:28:36.186499192Z,3829.0,544.918,68.0,9.0,2048.0,2048.0,128.0,256.0,0.0,43.25,8.99,77.43,0.6,0.0,0.0,0.0,61.0
2026-09-15T22:28:36.317664279Z,3830.0,545.049,69.0,8.0,2048.0,2048.0,128.0,256.0,0.0,6.11,7.93,116.07,0.75,0.0,0.0,0.0,61.0
2026-09-15T22:28:36.449556456Z,3831.0,545.181,69.0,8.0,2048.0,2048.0,128.0,256.0,0.0,6.43,7.36,115.99,1.55,0.0,0.0,0.0,61.0
2026-09-15T22:28:36.580491903Z,3832.0,545.312,69.0,8.0,2048.0,2048.0,128.0,256.0,0.0,6.24,7.3,116.22,0.83,0.0,0.0,0.0,61.0
2026-09-15T22:28:36.712173141Z,3833.0,545.444,69.0,8.0,2048.0,2048.0,128.0,256.0,0.0,6.3,7.51,115.49,1.56,0.0,0.0,0.0,61.0
2026-09-15T22:28:36.843838797Z,3834.0,545.575,69.0,8.0,2048.0,2048.0,128.0,256.0,0.0,12.35,11.08,106.3,1.86,0.0,0.0,0.0,60.0
2026-09-15T22:28:36.975049894Z,3835.0,545.706,68.0,8.0,2048.0,2048.0,128.0,256.0,0.0,10.02,8.3,110.74,1.0,0.0,0.0,0.0,60.0
2026-09-15T22:28:37.107863961Z,3836.0,545.839,68.0,8.0,2048.0,2048.0,128.0,256.0,0.0,5.87,7.56,116.11,1.54,0.0,0.0,0.0,60.0
2026-09-15T22:28:37.238847558Z,3837.0,545.97,68.0,8.0,2048.0,2048.0,128.0,256.0,0.0,8.17,10.22,112.21,1.33,0.0,0.0,0.0,59.0
2026-09-15T22:28:37.370331846Z,3838.0,546.102,67.0,8.0,2048.0,2048.0,128.0,256.0,0.0,10.99,7.88,110.07,0.8,0.0,0.0,0.0,59.0
2026-09-15T22:28:37.502309372Z,3839.0,546.234,67.0,8.0,2048.0,2048.0,128.0,256.0,0.0,5.98,8.15,115.9,0.54,0.0,0.0,0.0,59.0
2026-09-15T22:28:37.633893029Z,3840.0,546.365,67.0,8.0,2048.0,2048.0,128.0,256.0,0.0,6.51,17.08,107.04,0.81,0.0,0.0,0.0,59.0
2026-09-15T22:28:37.765896406Z,3841.0,546.497,67.0,8.0,1976.0,2048.0,128.0,256.0,0.0,11.03,11.73,107.46,0.67,0.0,0.0,0.0,59.0
2026-09-15T22:28:37.897544383Z,3842.0,546.629,66.0,7.0,1800.0,2048.0,128.0,256.0,1.0,11.92,9.4,109.2,1.02,0.0,0.0,0.0,59.0
2026-09-15T22:28:38.029712571Z,3843.0,546.761,66.0,7.0,1800.0,2048.0,128.0,256.0,1.0,6.33,7.78,115.94,1.58,0.0,0.0,0.0,59.0
2026-09-15T22:28:38.161557917Z,3844.0,546.893,66.0,7.0,1800.0,2048.0,128.0,256.0,1.0,6.93,7.61,115.53,1.03,0.0,0.0,0.0,59.0
2026-09-15T22:28:38.293450634Z,3845.0,547.025,66.0,7.0,1686.0,2048.0,128.0,256.0,1.0,5.97,8.28,115.74,1.51,0.0,0.0,0.0,60.0
2026-09-15T22:28:38.424593041Z,3846.0,547.156,66.0,6.0,1539.0,2048.0,128.0,256.0,1.0,7.04,8.22,114.58,1.53,0.0,0.0,0.0,61.0
2026-09-15T22:28:38.556753268Z,3847.0,547.288,66.0,5.0,1309.0,2048.0,128.0,256.0,1.0,6.38,8.27,114.47,0.82,0.0,0.0,0.0,61.0
2026-09-15T22:28:38.688509175Z,3848.0,547.42,66.0,5.0,1309.0,2048.0,128.0,256.0,1.0,6.22,8.18,116.23,0.82,0.0,0.0,0.0,61.0
2026-09-15T22:28:38.820252422Z,3849.0,547.552,66.0,5.0,1309.0,2048.0,128.0,256.0,1.0,7.36,8.16,114.71,1.39,0.0,0.0,0.0,61.0
2026-09-15T22:28:38.951967130Z,3850.0,547.683,66.0,5.0,1309.0,2048.0,128.0,256.0,1.0,6.27,7.85,115.51,1.22,0.0,0.0,0.0,61.0
2026-09-15T22:28:39.084102896Z,3851.0,547.815,66.0,5.0,1175.0,2048.0,128.0,256.0,1.0,7.22,7.9,114.79,1.94,0.0,0.0,0.0,62.0
2026-09-15T22:28:39.215692553Z,3852.0,547.947,66.0,4.0,1060.0,2048.0,128.0,256.0,1.0,6.29,7.88,115.42,1.47,0.0,0.0,0.0,62.0
2026-09-15T22:28:39.347537981Z,3853.0,548.079,66.0,4.0,1060.0,2048.0,128.0,256.0,1.0,5.98,8.7,114.61,1.31,0.0,0.0,0.0,62.0
2026-09-15T22:28:39.479431338Z,3854.0,548.211,66.0,4.0,1060.0,2048.0,128.0,256.0,1.0,6.44,8.07,115.21,1.21,0.0,0.0,0.0,62.0
2026-09-15T22:28:39.610895664Z,3855.0,548.342,66.0,4.0,1060.0,2048.0,128.0,256.0,1.0,7.79,9.83,112.72,1.21,0.0,0.0,0.0,61.0
2026-09-15T22:28:39.742684912Z,3856.0,548.474,65.0,4.0,988.0,2048.0,128.0,256.0,1.0,10.79,8.37,110.26,2.03,0.0,0.0,0.0,62.0
2026-09-15T22:28:39.873384518Z,3857.0,548.605,65.0,3.0,644.0,2048.0,128.0,256.0,1.0,6.78,7.84,114.41,0.33,0.0,0.0,0.0,63.0
2026-09-15T22:28:40.004893535Z,3858.0,548.736,65.0,2.0,404.0,2048.0,128.0,256.0,1.0,6.36,11.87,107.65,0.9,0.0,0.0,0.0,64.0
2026-09-15T22:28:40.134715832Z,3859.0,548.866,65.0,1.0,315.0,2048.0,128.0,256.0,1.0,7.78,7.61,114.61,1.41,0.0,0.0,0.0,64.0
2026-09-15T22:28:40.266127340Z,3860.0,548.998,65.0,1.0,315.0,2048.0,128.0,256.0,1.0,6.68,7.86,113.11,0.34,0.0,0.0,0.0,64.0
2026-09-15T22:28:40.395048477Z,3861.0,549.126,65.0,1.0,313.0,2048.0,128.0,256.0,1.0,8.55,12.54,108.41,0.74,0.0,0.0,0.0,62.0
2026-09-15T22:28:40.525611794Z,3862.0,549.257,63.0,1.0,313.0,2048.0,128.0,256.0,1.0,16.27,8.23,102.87,1.07,0.0,0.0,0.0,62.0
2026-09-15T22:28:40.656955981Z,3863.0,549.388,63.0,1.0,313.0,2048.0,128.0,256.0,1.0,8.03,7.68,113.09,1.09,0.0,0.0,0.0,62.0
2026-09-15T22:28:40.787065548Z,3864.0,549.518,63.0,1.0,312.0,2048.0,128.0,256.0,1.0,12.9,14.68,99.51,1.24,0.0,0.0,0.0,61.0
2026-09-15T22:28:40.916753955Z,3865.0,549.648,62.0,1.0,312.0,2048.0,128.0,256.0,1.0,14.04,8.09,105.79,1.29,0.0,0.0,0.0,61.0
2026-09-15T22:28:41.046988392Z,3866.0,549.778,62.0,1.0,312.0,2048.0,128.0,256.0,1.0,7.42,8.56,111.92,1.16,0.0,0.0,0.0,61.0
2026-09-15T22:28:41.177484969Z,3867.0,549.909,62.0,1.0,312.0,2048.0,128.0,256.0,1.0,7.47,7.89,113.16,1.92,0.0,0.0,0.0,61.0
2026-09-15T22:28:41.307734766Z,3868.0,550.039,62.0,1.0,312.0,2048.0,128.0,256.0,1.0,6.86,8.25,112.78,1.1,0.0,0.0,0.0,61.0
2026-09-15T22:28:41.437767883Z,3869.0,550.169,62.0,1.0,312.0,2048.0,128.0,256.0,1.0,6.13,8.93,113.47,1.46,0.0,0.0,0.0,61.0
2026-09-15T22:28:41.568094410Z,3870.0,550.299,62.0,1.0,312.0,2048.0,128.0,256.0,1.0,7.65,8.49,111.73,1.71,0.0,0.0,0.0,61.0
2026-09-15T22:28:41.698456657Z,3871.0,550.43,62.0,1.0,312.0,2048.0,128.0,256.0,1.0,5.95,8.0,113.88,1.55,0.0,0.0,0.0,61.0
2026-09-15T22:28:41.829359314Z,3872.0,550.561,62.0,1.0,223.0,2048.0,128.0,256.0,1.0,6.57,8.01,113.61,1.56,0.0,0.0,0.0,62.0
2026-09-15T22:28:41.959407951Z,3873.0,550.691,62.0,0.0,62.0,2048.0,128.0,256.0,0.0,6.34,8.13,114.06,1.82,0.0,0.0,0.0,62.0
2026-09-15T22:28:42.089548108Z,3874.0,550.821,62.0,0.0,62.0,2048.0,128.0,256.0,0.0,6.33,7.81,113.51,0.89,0.0,0.0,0.0,62.0
2026-09-15T22:28:42.219749305Z,3875.0,550.951,62.0,0.0,62.0,2048.0,128.0,256.0,0.0,7.46,8.03,112.99,1.26,0.0,0.0,0.0,62.0
2026-09-15T22:28:42.350026782Z,3876.0,551.081,62.0,0.0,62.0,2048.0,128.0,256.0,0.0,6.32,7.83,114.22,1.23,0.0,0.0,0.0,62.0
2026-09-15T22:28:42.480103339Z,3877.0,551.212,62.0,0.0,62.0,2048.0,128.0,256.0,0.0,6.02,7.75,114.37,1.94,0.0,0.0,0.0,62.0
2026-09-15T22:28:42.610227076Z,3878.0,551.342,62.0,0.0,62.0,2048.0,128.0,256.0,0.0,6.98,7.76,112.76,1.16,0.0,0.0,0.0,62.0
2026-09-15T22:28:42.740485523Z,3879.0,551.472,62.0,0.0,62.0,2048.0,128.0,256.0,0.0,6.63,8.12,113.49,2.0,0.0,0.0,0.0,62.0
2026-09-15T22:28:42.870912960Z,3880.0,551.602,62.0,0.0,62.0,2048.0,128.0,256.0,0.0,6.31,7.88,113.55,1.91,0.0,0.0,0.0,62.0
2026-09-15T22:28:43.000938117Z,3881.0,551.732,62.0,0.0,62.0,2048.0,128.0,256.0,0.0,6.43,8.05,113.25,0.61,0.0,0.0,0.0,62.0
2026-09-15T22:28:43.131303004Z,3882.0,551.863,62.0,0.0,62.0,2048.0,128.0,256.0,0.0,6.14,7.4,115.26,1.6,0.0,0.0,0.0,62.0
2026-09-15T22:28:43.261891332Z,3883.0,551.993,62.0,0.0,62.0,2048.0,128.0,256.0,0.0,6.12,7.79,114.31,2.38,0.0,0.0,0.0,62.0
2026-09-15T22:28:43.392040998Z,3884.0,552.123,62.0,0.0,62.0,2048.0,128.0,256.0,0.0,6.19,7.83,113.68,1.93,0.0,0.0,0.0,62.0
2026-09-15T22:28:43.522086726Z,3885.0,552.253,62.0,0.0,62.0,2048.0,128.0,256.0,0.0,6.19,8.1,113.18,2.11,0.0,0.0,0.0,62.0
2026-09-15T22:28:43.652410663Z,3886.0,552.384,62.0,0.0,62.0,2048.0,128.0,256.0,0.0,7.55,8.54,111.24,1.03,0.0,0.0,0.0,62.0
2026-09-15T22:28:43.782375430Z,3887.0,552.514,62.0,0.0,61.0,2048.0,128.0,256.0,0.0,9.17,12.3,106.88,0.87,0.0,0.0,0.0,61.0
2026-09-15T22:28:43.912999117Z,3888.0,552.644,61.0,0.0,61.0,2048.0,128.0,256.0,0.0,11.62,8.4,108.52,1.76,0.0,0.0,0.0,61.0
2026-09-15T22:28:44.043063874Z,3889.0,552.774,61.0,0.0,61.0,2048.0,128.0,256.0,0.0,5.87,7.65,114.72,1.99,0.0,0.0,0.0,61.0
2026-09-15T22:28:44.172595591Z,3890.0,552.904,61.0,0.0,61.0,2048.0,128.0,256.0,0.0,6.75,9.14,111.53,0.71,0.0,0.0,0.0,61.0
2026-09-15T22:28:44.303006868Z,3891.0,553.034,61.0,0.0,61.0,2048.0,128.0,256.0,0.0,6.5,8.55,113.07,0.82,0.0,0.0,0.0,61.0
2026-09-15T22:28:44.627468670Z,3892.0,553.359,61.0,0.0,60.0,2048.0,128.0,256.0,0.0,8.73,10.48,108.95,0.27,0.0,0.0,0.0,60.0
2026-09-15T22:28:44.755453398Z,3893.0,553.487,60.0,8.0,2048.0,2048.0,128.0,256.0,0.0,303.77,13.17,6.55,0.89,0.0,0.0,0.0,60.0
2026-09-15T22:28:44.886183055Z,3894.0,553.618,68.0,8.0,2048.0,2048.0,128.0,256.0,0.0,9.06,10.83,106.29,1.24,0.0,0.0,0.0,59.0
2026-09-15T22:28:45.017745592Z,3895.0,553.749,67.0,8.0,2048.0,2048.0,128.0,256.0,0.0,12.06,9.16,107.9,2.02,0.0,0.0,0.0,59.0
2026-09-15T22:28:45.149854949Z,3896.0,553.881,67.0,8.0,2048.0,2048.0,128.0,256.0,0.0,5.95,7.79,115.08,0.37,0.0,0.0,0.0,59.0
2026-09-15T22:28:45.280210126Z,3897.0,554.012,67.0,8.0,2048.0,2048.0,128.0,256.0,0.0,9.67,12.39,107.97,1.83,0.0,0.0,0.0,57.0
2026-09-15T22:28:45.411185123Z,3898.0,554.143,65.0,8.0,2048.0,2048.0,128.0,256.0,0.0,13.33,8.39,105.88,1.98,0.0,0.0,0.0,57.0
2026-09-15T22:28:45.542397989Z,3899.0,554.274,65.0,8.0,2048.0,2048.0,128.0,256.0,0.0,8.41,9.68,110.13,1.09,0.0,0.0,0.0,57.0
2026-09-15T22:28:45.673916697Z,3900.0,554.405,65.0,8.0,2048.0,2048.0,128.0,256.0,0.0,6.36,7.99,115.06,0.9,0.0,0.0,0.0,57.0
2026-09-15T22:28:45.805284754Z,3901.0,554.537,65.0,8.0,2048.0,2048.0,128.0,256.0,0.0,7.27,7.26,115.55,0.91,0.0,0.0,0.0,57.0
2026-09-15T22:28:45.936848661Z,3902.0,554.668,65.0,8.0,2048.0,2048.0,128.0,256.0,0.0,6.27,8.01,115.51,1.62,0.0,0.0,0.0,57.0
2026-09-15T22:28:46.068924977Z,3903.0,554.8,65.0,8.0,2048.0,2048.0,128.0,256.0,0.0,6.3,8.12,114.94,2.37,0.0,0.0,0.0,57.0
2026-09-15T22:28:46.199420935Z,3904.0,554.931,65.0,8.0,2048.0,2048.0,128.0,256.0,0.0,8.39,10.81,109.93,1.14,0.0,0.0,0.0,56.0
2026-09-15T22:28:46.331995982Z,3905.0,555.063,64.0,8.0,2048.0,2048.0,128.0,256.0,0.0,10.05,10.73,107.78,1.85,0.0,0.0,0.0,56.0
2026-09-15T22:28:46.463271408Z,3906.0,555.195,64.0,8.0,2048.0,2048.0,128.0,256.0,0.0,7.34,8.39,114.24,1.53,0.0,0.0,0.0,56.0
2026-09-15T22:28:46.595148586Z,3907.0,555.326,64.0,8.0,2048.0,2048.0,128.0,256.0,0.0,7.79,10.04,111.49,2.34,0.0,0.0,0.0,55.0
2026-09-15T22:28:46.726230503Z,3908.0,555.458,63.0,8.0,2048.0,2048.0,128.0,256.0,0.0,10.96,10.0,107.57,1.93,0.0,0.0,0.0,54.0
2026-09-15T22:28:46.857701560Z,3909.0,555.589,62.0,8.0,2048.0,2048.0,128.0,256.0,0.0,9.99,8.12,110.56,1.5,0.0,0.0,0.0,54.0
2026-09-15T22:28:46.989209287Z,3910.0,555.721,62.0,8.0,2048.0,2048.0,128.0,256.0,0.0,6.45,7.25,115.73,1.52,0.0,0.0,0.0,54.0
2026-09-15T22:28:47.120969604Z,3911.0,555.852,62.0,8.0,2048.0,2048.0,128.0,256.0,0.0,8.01,14.72,106.29,1.0,0.0,0.0,0.0,54.0
2026-09-15T22:28:47.252165371Z,3912.0,555.984,62.0,8.0,2048.0,2048.0,128.0,256.0,0.0,7.3,7.51,115.34,1.41,0.0,0.0,0.0,54.0
2026-09-15T22:28:47.384412308Z,3913.0,556.116,62.0,8.0,2048.0,2048.0,128.0,256.0,0.0,5.45,8.5,115.25,1.63,0.0,0.0,0.0,54.0
2026-09-15T22:28:47.515774665Z,3914.0,556.247,62.0,8.0,1858.0,2048.0,128.0,256.0,0.0,7.79,7.88,114.36,0.83,0.0,0.0,0.0,55.0
2026-09-15T22:28:47.647174502Z,3915.0,556.379,62.0,7.0,1799.0,2048.0,128.0,256.0,1.0,6.54,8.13,115.36,1.66,0.0,0.0,0.0,55.0
2026-09-15T22:28:47.779159039Z,3916.0,556.511,62.0,7.0,1635.0,2048.0,128.0,256.0,1.0,6.44,8.12,114.64,0.99,0.0,0.0,0.0,56.0
2026-09-15T22:28:47.910650226Z,3917.0,556.642,62.0,6.0,1551.0,2048.0,128.0,256.0,1.0,5.29,7.82,117.14,1.53,0.0,0.0,0.0,56.0
2026-09-15T22:28:48.041615573Z,3918.0,556.773,62.0,6.0,1551.0,2048.0,128.0,256.0,1.0,7.51,9.57,112.2,1.84,0.0,0.0,0.0,55.0
2026-09-15T22:28:48.172761680Z,3919.0,556.904,61.0,6.0,1423.0,2048.0,128.0,256.0,1.0,13.0,9.15,106.32,1.14,0.0,0.0,0.0,56.0
2026-09-15T22:28:48.303791687Z,3920.0,557.035,61.0,5.0,1303.0,2048.0,128.0,256.0,1.0,10.19,15.96,103.31,1.39,0.0,0.0,0.0,54.0
2026-09-15T22:28:48.434897004Z,3921.0,557.165,59.0,5.0,1112.0,2048.0,128.0,256.0,1.0,15.66,8.69,104.32,0.78,0.0,0.0,0.0,55.0
2026-09-15T22:28:48.564326911Z,3922.0,557.296,59.0,4.0,1052.0,2048.0,64.0,256.0,1.0,11.24,12.74,104.82,1.74,0.0,0.0,0.0,53.0
2026-09-15T22:28:48.866418974Z,3923.0,557.598,57.0,4.0,1052.0,2048.0,64.0,256.0,1.0,25.07,13.34,89.32,0.3,0.0,0.0,0.0,53.0
2026-09-15T22:28:48.993345931Z,3924.0,557.725,57.0,8.0,2048.0,2048.0,128.0,256.0,0.0,281.5,12.15,7.51,0.66,0.0,0.0,0.0,53.0
2026-09-15T22:28:49.125283678Z,3925.0,557.857,61.0,8.0,2048.0,2048.0,128.0,256.0,0.0,8.7,8.67,108.18,0.94,0.0,0.0,0.0,53.0
2026-09-15T22:28:49.256515385Z,3926.0,557.988,61.0,8.0,2048.0,2048.0,128.0,256.0,0.0,7.16,8.97,114.14,1.02,0.0,0.0,0.0,53.0
2026-09-15T22:28:49.387866502Z,3927.0,558.119,61.0,9.0,2048.0,2048.0,128.0,256.0,0.0,28.23,10.25,91.1,0.92,0.0,0.0,0.0,53.0
2026-09-15T22:28:49.519039229Z,3928.0,558.251,61.0,9.0,2048.0,2048.0,128.0,256.0,0.0,32.71,8.74,88.39,0.74,0.0,0.0,0.0,54.0
2026-09-15T22:28:49.651175456Z,3929.0,558.383,62.0,8.0,2048.0,2048.0,128.0,256.0,0.0,5.84,8.21,115.92,2.2,0.0,0.0,0.0,54.0
2026-09-15T22:28:49.782371893Z,3930.0,558.514,62.0,8.0,2048.0,2048.0,128.0,256.0,0.0,7.13,7.91,114.09,1.1,0.0,0.0,0.0,54.0
2026-09-15T22:28:49.914285660Z,3931.0,558.646,62.0,8.0,2048.0,2048.0,128.0,256.0,0.0,6.34,7.75,115.41,2.08,0.0,0.0,0.0,54.0
2026-09-15T22:28:50.045372507Z,3932.0,558.777,62.0,9.0,2048.0,2048.0,128.0,256.0,0.0,29.48,8.26,91.34,0.85,0.0,0.0,0.0,55.0
2026-09-15T22:28:50.177062684Z,3933.0,558.908,63.0,8.0,2048.0,2048.0,128.0,256.0,0.0,7.19,7.86,114.28,1.09,0.0,0.0,0.0,55.0
2026-09-15T22:28:50.308859581Z,3934.0,559.04,63.0,8.0,2048.0,2048.0,128.0,256.0,0.0,6.55,8.19,115.1,1.87,0.0,0.0,0.0,55.0
2026-09-15T22:28:50.441618478Z,3935.0,559.173,63.0,9.0,2048.0,2048.0,128.0,256.0,0.0,40.22,8.61,80.33,2.96,0.0,0.0,0.0,56.0
2026-09-15T22:28:50.571667515Z,3936.0,559.303,64.0,8.0,2048.0,2048.0,128.0,256.0,0.0,9.19,15.08,104.9,0.86,0.0,0.0,0.0,55.0
2026-09-15T22:28:50.703463702Z,3937.0,559.435,63.0,8.0,2048.0,2048.0,128.0,256.0,0.0,9.07,7.77,111.49,1.51,0.0,0.0,0.0,55.0
2026-09-15T22:28:50.834931479Z,3938.0,559.566,63.0,8.0,2048.0,2048.0,128.0,256.0,0.0,6.23,8.26,115.14,0.85,0.0,0.0,0.0,55.0
2026-09-15T22:28:50.967012586Z,3939.0,559.698,63.0,8.0,2048.0,2048.0,128.0,256.0,0.0,6.31,8.74,114.94,1.34,0.0,0.0,0.0,55.0
2026-09-15T22:28:51.098758283Z,3940.0,559.83,63.0,8.0,2048.0,2048.0,128.0,256.0,0.0,7.33,7.42,115.24,1.97,0.0,0.0,0.0,55.0
2026-09-15T22:28:51.230281050Z,3941.0,559.962,63.0,8.0,2048.0,2048.0,128.0,256.0,0.0,7.25,8.67,113.3,0.59,0.0,0.0,0.0,55.0
2026-09-15T22:28:51.363099547Z,3942.0,560.095,63.0,8.0,2048.0,2048.0,128.0,256.0,0.0,6.13,8.08,115.99,1.88,0.0,0.0,0.0,55.0
2026-09-15T22:28:51.494327464Z,3943.0,560.226,63.0,8.0,2048.0,2048.0,128.0,256.0,0.0,8.92,11.22,110.22,1.14,0.0,0.0,0.0,54.0
2026-09-15T22:28:51.627221191Z,3944.0,560.358,62.0,8.0,2048.0,2048.0,128.0,256.0,0.0,10.68,8.94,109.68,1.61,0.0,0.0,0.0,54.0
2026-09-15T22:28:51.758844038Z,3945.0,560.49,62.0,8.0,2048.0,2048.0,128.0,256.0,0.0,7.45,10.87,111.79,1.91,0.0,0.0,0.0,53.0
2026-09-15T22:28:51.890759965Z,3946.0,560.622,61.0,8.0,2048.0,2048.0,128.0,256.0,0.0,12.41,12.57,104.62,1.72,0.0,0.0,0.0,52.0
2026-09-15T22:28:52.022765842Z,3947.0,560.754,60.0,8.0,2048.0,2048.0,128.0,256.0,0.0,11.7,8.82,108.82,1.82,0.0,0.0,0.0,52.0
2026-09-15T22:28:52.154396519Z,3948.0,560.886,60.0,8.0,1912.0,2048.0,128.0,256.0,0.0,6.41,9.74,110.96,1.17,0.0,0.0,0.0,54.0
2026-09-15T22:28:52.286527316Z,3949.0,561.018,60.0,6.0,1548.0,2048.0,128.0,256.0,1.0,10.04,9.08,110.63,1.22,0.0,0.0,0.0,54.0
2026-09-15T22:28:52.420550123Z,3950.0,561.151,60.0,6.0,1409.0,2048.0,128.0,256.0,1.0,7.56,8.98,113.66,2.0,0.0,0.0,0.0,55.0
2026-09-15T22:28:52.549644370Z,3951.0,561.281,60.0,5.0,1224.0,2048.0,128.0,256.0,1.0,10.75,13.46,106.35,1.89,0.0,0.0,0.0,54.0
2026-09-15T22:28:52.680893857Z,3952.0,561.412,58.0,4.0,1048.0,2048.0,128.0,256.0,1.0,16.3,8.11,103.0,0.66,0.0,0.0,0.0,54.0
2026-09-15T22:28:53.012108280Z,3953.0,561.743,58.0,4.0,1048.0,2048.0,128.0,256.0,1.0,7.79,15.88,106.18,0.21,0.0,0.0,0.0,54.0
2026-09-15T22:28:53.141089107Z,3954.0,561.872,58.0,9.0,2048.0,2048.0,128.0,256.0,0.0,313.47,10.43,6.32,1.33,0.0,0.0,0.0,55.0
2026-09-15T22:28:53.272610354Z,3955.0,562.004,63.0,8.0,2048.0,2048.0,128.0,256.0,0.0,7.26,7.8,111.71,1.09,0.0,0.0,0.0,55.0
2026-09-15T22:28:53.404854901Z,3956.0,562.136,63.0,8.0,2048.0,2048.0,128.0,256.0,0.0,7.72,8.86,113.36,1.3,0.0,0.0,0.0,55.0
2026-09-15T22:28:53.537021338Z,3957.0,562.268,63.0,8.0,2048.0,2048.0,128.0,256.0,0.0,5.71,8.12,116.31,1.08,0.0,0.0,0.0,55.0
2026-09-15T22:28:53.668730985Z,3958.0,562.4,63.0,10.0,2048.0,2048.0,128.0,256.0,0.0,33.87,12.96,83.45,1.64,0.0,0.0,0.0,55.0
2026-09-15T22:28:53.799896112Z,3959.0,562.531,63.0,8.0,2048.0,2048.0,128.0,256.0,0.0,15.86,7.58,106.26,1.65,0.0,0.0,0.0,55.0
2026-09-15T22:28:53.932449909Z,3960.0,562.664,63.0,8.0,2048.0,2048.0,128.0,256.0,0.0,17.62,23.41,87.7,1.81,0.0,0.0,0.0,55.0
2026-09-15T22:28:54.062388436Z,3961.0,562.794,63.0,8.0,2048.0,2048.0,128.0,256.0,0.0,11.03,11.79,107.19,2.11,0.0,0.0,0.0,54.0
2026-09-15T22:28:54.194376153Z,3962.0,562.926,62.0,8.0,2048.0,2048.0,128.0,256.0,0.0,10.95,8.48,107.77,1.13,0.0,0.0,0.0,54.0
2026-09-15T22:28:54.325785550Z,3963.0,563.057,62.0,9.0,2048.0,2048.0,128.0,256.0,0.0,50.38,8.67,70.95,1.23,0.0,0.0,0.0,55.0
2026-09-15T22:28:54.456913467Z,3964.0,563.188,63.0,8.0,2048.0,2048.0,128.0,256.0,0.0,10.45,11.86,107.37,1.61,0.0,0.0,0.0,53.0
2026-09-15T22:28:54.588270604Z,3965.0,563.32,61.0,8.0,2048.0,2048.0,128.0,256.0,0.0,20.56,9.17,99.05,1.54,0.0,0.0,0.0,53.0
2026-09-15T22:28:54.719761161Z,3966.0,563.451,61.0,8.0,2048.0,2048.0,128.0,256.0,0.0,6.36,7.6,115.31,1.3,0.0,0.0,0.0,53.0
2026-09-15T22:28:54.851588978Z,3967.0,563.583,61.0,8.0,2048.0,2048.0,128.0,256.0,0.0,5.83,7.44,116.25,1.24,0.0,0.0,0.0,53.0
2026-09-15T22:28:54.983339865Z,3968.0,563.715,61.0,8.0,2048.0,2048.0,128.0,256.0,0.0,8.01,7.68,114.19,0.93,0.0,0.0,0.0,53.0
2026-09-15T22:28:55.114641342Z,3969.0,563.846,61.0,8.0,2048.0,2048.0,128.0,256.0,0.0,6.44,8.21,115.48,0.7,0.0,0.0,0.0,53.0
2026-09-15T22:28:55.246834609Z,3970.0,563.978,61.0,8.0,2048.0,2048.0,128.0,256.0,0.0,6.25,7.74,116.15,1.64,0.0,0.0,0.0,53.0
2026-09-15T22:28:55.377843256Z,3971.0,564.109,61.0,8.0,2048.0,2048.0,128.0,256.0,0.0,9.34,7.86,112.78,1.04,0.0,0.0,0.0,53.0
2026-09-15T22:28:55.509922373Z,3972.0,564.241,61.0,8.0,2048.0,2048.0,128.0,256.0,0.0,8.23,10.51,110.58,0.93,0.0,0.0,0.0,52.0
2026-09-15T22:28:55.642445350Z,3973.0,564.374,60.0,8.0,2048.0,2048.0,128.0,256.0,0.0,12.48,7.7,110.38,1.6,0.0,0.0,0.0,52.0
2026-09-15T22:28:55.774153297Z,3974.0,564.506,60.0,8.0,2048.0,2048.0,128.0,256.0,0.0,7.85,12.07,106.75,1.92,0.0,0.0,0.0,51.0
2026-09-15T22:28:55.904443704Z,3975.0,564.636,59.0,8.0,2048.0,2048.0,128.0,256.0,0.0,11.99,7.8,109.63,1.72,0.0,0.0,0.0,51.0
2026-09-15T22:28:56.036497671Z,3976.0,564.768,59.0,8.0,2048.0,2048.0,128.0,256.0,0.0,6.73,7.92,113.37,2.21,0.0,0.0,0.0,51.0
2026-09-15T22:28:56.168374828Z,3977.0,564.9,59.0,8.0,2048.0,2048.0,128.0,256.0,0.0,5.95,7.5,115.86,1.66,0.0,0.0,0.0,51.0
2026-09-15T22:28:56.299924205Z,3978.0,565.031,59.0,8.0,2048.0,2048.0,128.0,256.0,0.0,6.13,7.78,115.5,1.47,0.0,0.0,0.0,51.0
2026-09-15T22:28:56.431887862Z,3979.0,565.163,59.0,8.0,2035.0,2048.0,128.0,256.0,0.0,6.01,7.89,115.51,1.06,0.0,0.0,0.0,52.0
2026-09-15T22:28:56.562896929Z,3980.0,565.294,59.0,7.0,1801.0,2048.0,128.0,256.0,1.0,8.76,9.23,112.32,1.37,0.0,0.0,0.0,52.0
2026-09-15T22:28:56.693990856Z,3981.0,565.425,59.0,7.0,1801.0,2048.0,128.0,256.0,1.0,7.07,10.43,111.45,0.94,0.0,0.0,0.0,52.0
2026-09-15T22:28:56.825981733Z,3982.0,565.557,59.0,7.0,1801.0,2048.0,128.0,256.0,1.0,6.41,11.76,111.36,1.57,0.0,0.0,0.0,52.0
2026-09-15T22:28:56.956728610Z,3983.0,565.688,59.0,7.0,1355.0,2048.0,128.0,256.0,1.0,6.02,8.83,114.82,1.84,0.0,0.0,0.0,54.0
2026-09-15T22:28:57.087357097Z,3984.0,565.819,59.0,5.0,1238.0,2048.0,128.0,256.0,1.0,5.91,7.98,114.46,1.34,0.0,0.0,0.0,55.0
2026-09-15T22:28:57.218158324Z,3985.0,565.95,59.0,4.0,1054.0,2048.0,128.0,256.0,1.0,5.74,7.99,114.82,0.77,0.0,0.0,0.0,55.0
2026-09-15T22:28:57.349606461Z,3986.0,566.081,59.0,4.0,1053.0,2048.0,128.0,256.0,1.0,7.91,9.96,111.55,2.03,0.0,0.0,0.0,54.0
2026-09-15T22:28:57.480662928Z,3987.0,566.212,58.0,4.0,920.0,2048.0,128.0,256.0,1.0,9.85,10.07,108.76,1.74,0.0,0.0,0.0,55.0
2026-09-15T22:28:57.610980885Z,3988.0,566.342,58.0,3.0,802.0,2048.0,128.0,256.0,1.0,6.29,7.74,114.68,1.33,0.0,0.0,0.0,55.0
2026-09-15T22:28:57.741896392Z,3989.0,566.473,58.0,3.0,763.0,2048.0,128.0,256.0,1.0,5.88,7.92,114.46,1.74,0.0,0.0,0.0,56.0
2026-09-15T22:28:57.872987899Z,3990.0,566.604,58.0,2.0,552.0,2048.0,128.0,256.0,1.0,7.69,8.11,112.74,0.74,0.0,0.0,0.0,56.0
2026-09-15T22:28:58.003680936Z,3991.0,566.735,58.0,2.0,551.0,2048.0,128.0,256.0,1.0,8.25,10.29,111.08,1.24,0.0,0.0,0.0,55.0
2026-09-15T22:28:58.134673643Z,3992.0,566.866,57.0,2.0,551.0,2048.0,128.0,256.0,1.0,11.91,8.45,108.48,1.07,0.0,0.0,0.0,55.0
2026-09-15T22:28:58.265589970Z,3993.0,566.997,57.0,2.0,511.0,2048.0,128.0,256.0,1.0,6.0,9.46,113.76,0.59,0.0,0.0,0.0,56.0
2026-09-15T22:28:58.396866237Z,3994.0,567.128,57.0,1.0,303.0,2048.0,128.0,256.0,1.0,5.55,8.12,115.83,1.71,0.0,0.0,0.0,56.0
2026-09-15T22:28:58.527910054Z,3995.0,567.259,57.0,1.0,303.0,2048.0,128.0,256.0,1.0,9.61,7.76,111.69,1.71,0.0,0.0,0.0,56.0
2026-09-15T22:28:58.659495721Z,3996.0,567.391,57.0,1.0,303.0,2048.0,128.0,256.0,1.0,6.15,7.66,114.84,0.97,0.0,0.0,0.0,56.0
2026-09-15T22:28:58.790577168Z,3997.0,567.522,57.0,1.0,303.0,2048.0,128.0,256.0,1.0,6.07,8.03,115.88,0.58,0.0,0.0,0.0,56.0
2026-09-15T22:28:58.921709135Z,3998.0,567.653,57.0,1.0,302.0,2048.0,128.0,256.0,1.0,7.66,11.83,110.04,1.45,0.0,0.0,0.0,55.0
2026-09-15T22:28:59.052975702Z,3999.0,567.784,56.0,1.0,302.0,2048.0,128.0,256.0,1.0,10.56,8.6,110.24,1.35,0.0,0.0,0.0,55.0
2026-09-15T22:28:59.183572510Z,4000.0,567.915,56.0,1.0,302.0,2048.0,128.0,256.0,1.0,5.32,8.22,115.7,0.83,0.0,0.0,0.0,55.0
2026-09-15T22:28:59.507749022Z,4001.0,568.239,56.0,1.0,302.0,2048.0,128.0,256.0,1.0,6.15,7.53,115.51,0.24,0.0,0.0,0.0,55.0
2026-09-15T22:28:59.637543309Z,4002.0,568.369,56.0,8.0,2048.0,2048.0,128.0,256.0,0.0,306.01,11.18,6.18,1.5,0.0,0.0,0.0,55.0
2026-09-15T22:28:59.769253306Z,4003.0,568.501,63.0,8.0,2048.0,2048.0,128.0,256.0,0.0,7.95,9.35,110.54,1.11,0.0,0.0,0.0,54.0
2026-09-15T22:28:59.901530803Z,4004.0,568.633,62.0,8.0,2048.0,2048.0,128.0,256.0,0.0,10.32,7.32,112.21,1.22,0.0,0.0,0.0,54.0
2026-09-15T22:29:00.033738370Z,4005.0,568.765,62.0,8.0,2048.0,2048.0,128.0,256.0,0.0,5.57,7.08,117.9,1.43,0.0,0.0,0.0,54.0
2026-09-15T22:29:00.166453187Z,4006.0,568.898,62.0,8.0,2048.0,2048.0,128.0,256.0,0.0,5.72,7.18,117.3,1.4,0.0,0.0,0.0,54.0
2026-09-15T22:29:00.298220264Z,4007.0,569.03,62.0,8.0,2048.0,2048.0,128.0,256.0,0.0,7.24,9.7,113.71,1.18,0.0,0.0,0.0,53.0
2026-09-15T22:29:00.430735601Z,4008.0,569.162,61.0,8.0,2048.0,2048.0,128.0,256.0,0.0,13.42,10.55,105.81,1.58,0.0,0.0,0.0,53.0
2026-09-15T22:29:00.563272668Z,4009.0,569.295,61.0,8.0,2048.0,2048.0,128.0,256.0,0.0,7.13,9.62,113.5,1.89,0.0,0.0,0.0,53.0
2026-09-15T22:29:00.695390095Z,4010.0,569.427,61.0,8.0,2048.0,2048.0,128.0,256.0,0.0,6.53,8.44,114.96,0.89,0.0,0.0,0.0,53.0
2026-09-15T22:29:00.828173702Z,4011.0,569.56,61.0,8.0,2048.0,2048.0,128.0,256.0,0.0,7.26,9.31,114.03,0.74,0.0,0.0,0.0,53.0
2026-09-15T22:29:00.960411729Z,4012.0,569.692,61.0,8.0,2048.0,2048.0,128.0,256.0,0.0,8.57,12.96,109.62,0.56,0.0,0.0,0.0,52.0
2026-09-15T22:29:01.092407356Z,4013.0,569.824,60.0,8.0,2048.0,2048.0,128.0,256.0,0.0,14.26,11.7,104.96,1.21,0.0,0.0,0.0,51.0
2026-09-15T22:29:01.224254993Z,4014.0,569.956,59.0,9.0,2048.0,2048.0,128.0,256.0,0.0,47.77,8.78,73.58,1.74,0.0,0.0,0.0,52.0
2026-09-15T22:29:01.354984380Z,4015.0,570.086,60.0,8.0,2048.0,2048.0,128.0,256.0,0.0,7.45,7.91,114.18,1.47,0.0,0.0,0.0,52.0
2026-09-15T22:29:01.486571127Z,4016.0,570.218,60.0,8.0,2048.0,2048.0,128.0,256.0,0.0,7.87,7.42,113.37,0.45,0.0,0.0,0.0,52.0
2026-09-15T22:29:01.617804014Z,4017.0,570.349,60.0,8.0,2048.0,2048.0,128.0,256.0,0.0,10.04,8.04,112.46,1.8,0.0,0.0,0.0,52.0
2026-09-15T22:29:01.749228611Z,4018.0,570.481,60.0,8.0,2048.0,2048.0,128.0,256.0,0.0,7.83,9.55,111.6,2.16,0.0,0.0,0.0,51.0
2026-09-15T22:29:01.880701088Z,4019.0,570.612,59.0,8.0,2048.0,2048.0,128.0,256.0,0.0,10.15,7.44,110.87,0.75,0.0,0.0,0.0,51.0
2026-09-15T22:29:02.012066955Z,4020.0,570.743,59.0,8.0,2048.0,2048.0,128.0,256.0,0.0,6.42,7.58,116.16,1.05,0.0,0.0,0.0,51.0
2026-09-15T22:29:02.144414592Z,4021.0,570.876,59.0,8.0,2048.0,2048.0,128.0,256.0,0.0,5.77,7.29,116.66,2.22,0.0,0.0,0.0,51.0
2026-09-15T22:29:02.274834019Z,4022.0,571.006,59.0,8.0,2048.0,2048.0,128.0,256.0,0.0,9.93,10.92,108.61,0.91,0.0,0.0,0.0,50.0
2026-09-15T22:29:02.406425916Z,4023.0,571.138,58.0,8.0,2048.0,2048.0,128.0,256.0,0.0,11.5,7.97,109.6,1.07,0.0,0.0,0.0,50.0
2026-09-15T22:29:02.537845493Z,4024.0,571.269,58.0,8.0,2048.0,2048.0,128.0,256.0,0.0,5.57,8.86,115.33,1.77,0.0,0.0,0.0,50.0
2026-09-15T22:29:02.669813510Z,4025.0,571.401,58.0,8.0,2048.0,2048.0,128.0,256.0,0.0,5.94,8.34,114.69,1.64,0.0,0.0,0.0,50.0
2026-09-15T22:29:02.801183097Z,4026.0,571.533,58.0,8.0,2048.0,2048.0,128.0,256.0,0.0,7.3,9.88,112.52,1.3,0.0,0.0,0.0,50.0
2026-09-15T22:29:02.932973184Z,4027.0,571.664,58.0,8.0,1887.0,2048.0,128.0,256.0,0.0,7.1,8.51,113.86,1.77,0.0,0.0,0.0,51.0
2026-09-15T22:29:03.064402141Z,4028.0,571.796,58.0,7.0,1799.0,2048.0,128.0,256.0,1.0,6.03,7.99,115.33,1.0,0.0,0.0,0.0,51.0
2026-09-15T22:29:03.196164368Z,4029.0,571.927,58.0,7.0,1799.0,2048.0,128.0,256.0,1.0,6.14,8.19,115.37,1.67,0.0,0.0,0.0,51.0
2026-09-15T22:29:03.327650405Z,4030.0,572.059,58.0,7.0,1724.0,2048.0,128.0,256.0,1.0,7.28,9.01,113.05,1.69,0.0,0.0,0.0,52.0
2026-09-15T22:29:03.459954692Z,4031.0,572.191,58.0,6.0,1481.0,2048.0,128.0,256.0,1.0,7.04,9.07,113.09,1.68,0.0,0.0,0.0,53.0
2026-09-15T22:29:03.590768409Z,4032.0,572.322,58.0,5.0,1299.0,2048.0,128.0,256.0,1.0,7.8,9.43,112.5,0.88,0.0,0.0,0.0,53.0
2026-09-15T22:29:03.722376566Z,4033.0,572.454,58.0,5.0,1299.0,2048.0,128.0,256.0,1.0,9.41,10.55,109.19,1.76,0.0,0.0,0.0,53.0
2026-09-15T22:29:03.853981813Z,4034.0,572.585,58.0,5.0,1227.0,2048.0,128.0,256.0,1.0,6.74,7.76,114.63,0.92,0.0,0.0,0.0,54.0
2026-09-15T22:29:03.985075190Z,4035.0,572.716,58.0,4.0,1051.0,2048.0,128.0,256.0,1.0,6.21,8.02,115.82,0.6,0.0,0.0,0.0,54.0
2026-09-15T22:29:04.116425407Z,4036.0,572.848,58.0,4.0,1050.0,2048.0,128.0,256.0,1.0,8.03,9.7,112.05,2.04,0.0,0.0,0.0,53.0
2026-09-15T22:29:04.247744624Z,4037.0,572.979,57.0,4.0,836.0,2048.0,128.0,256.0,1.0,11.19,9.39,107.89,0.9,0.0,0.0,0.0,54.0
2026-09-15T22:29:04.378163141Z,4038.0,573.11,57.0,3.0,802.0,2048.0,128.0,256.0,1.0,7.47,10.33,112.05,0.43,0.0,0.0,0.0,54.0
2026-09-15T22:29:04.509851368Z,4039.0,573.241,57.0,3.0,624.0,2048.0,128.0,256.0,1.0,7.42,8.88,113.1,1.35,0.0,0.0,0.0,55.0
2026-09-15T22:29:04.641119205Z,4040.0,573.372,57.0,2.0,554.0,2048.0,128.0,256.0,1.0,7.19,8.72,113.69,1.93,0.0,0.0,0.0,55.0
2026-09-15T22:29:04.772026002Z,4041.0,573.503,57.0,2.0,554.0,2048.0,128.0,256.0,1.0,8.89,8.75,110.82,0.81,0.0,0.0,0.0,55.0
2026-09-15T22:29:05.126302864Z,4042.0,573.858,57.0,2.0,554.0,2048.0,128.0,256.0,1.0,6.29,8.5,114.65,0.23,0.0,0.0,0.0,55.0
2026-09-15T22:29:05.255133671Z,4043.0,573.986,57.0,2.0,554.0,2048.0,128.0,256.0,1.0,339.69,8.03,6.01,0.78,0.0,0.0,0.0,55.0
2026-09-15T22:29:05.386565769Z,4044.0,574.118,57.0,2.0,554.0,2048.0,128.0,256.0,1.0,6.67,7.02,113.72,0.62,0.0,0.0,0.0,55.0
2026-09-15T22:29:05.517694455Z,4045.0,574.249,57.0,2.0,554.0,2048.0,128.0,256.0,1.0,7.13,7.61,115.29,1.57,0.0,0.0,0.0,55.0
2026-09-15T22:29:05.650343383Z,4046.0,574.382,57.0,2.0,315.0,2048.0,128.0,256.0,1.0,7.3,9.06,112.54,2.07,0.0,0.0,0.0,56.0
2026-09-15T22:29:05.780156469Z,4047.0,574.512,57.0,1.0,303.0,2048.0,128.0,256.0,1.0,6.97,8.67,114.05,0.68,0.0,0.0,0.0,56.0
2026-09-15T22:29:05.911689237Z,4048.0,574.643,57.0,1.0,303.0,2048.0,128.0,256.0,1.0,7.28,19.22,102.08,0.65,0.0,0.0,0.0,56.0
2026-09-15T22:29:06.043387583Z,4049.0,574.775,57.0,1.0,303.0,2048.0,128.0,256.0,1.0,6.55,7.98,115.81,1.5,0.0,0.0,0.0,56.0
2026-09-15T22:29:06.174499140Z,4050.0,574.906,57.0,1.0,303.0,2048.0,128.0,256.0,1.0,5.65,7.68,116.23,1.74,0.0,0.0,0.0,56.0
2026-09-15T22:29:06.306600897Z,4051.0,575.038,57.0,1.0,303.0,2048.0,128.0,256.0,1.0,6.13,7.89,114.66,1.23,0.0,0.0,0.0,56.0
2026-09-15T22:29:06.437684105Z,4052.0,575.169,57.0,1.0,303.0,2048.0,128.0,256.0,1.0,8.16,10.37,111.96,0.9,0.0,0.0,0.0,55.0
2026-09-15T22:29:06.568603491Z,4053.0,575.3,56.0,1.0,302.0,2048.0,128.0,256.0,1.0,12.39,10.78,106.05,1.69,0.0,0.0,0.0,54.0
2026-09-15T22:29:06.700391139Z,4054.0,575.432,55.0,1.0,302.0,2048.0,128.0,256.0,1.0,11.48,11.73,103.1,1.13,0.0,0.0,0.0,54.0
2026-09-15T22:29:06.831472496Z,4055.0,575.563,55.0,1.0,302.0,2048.0,128.0,256.0,1.0,7.48,16.47,105.89,0.79,0.0,0.0,0.0,54.0
2026-09-15T22:29:06.962880073Z,4056.0,575.694,55.0,1.0,302.0,2048.0,128.0,256.0,1.0,7.6,7.43,114.75,1.45,0.0,0.0,0.0,54.0
2026-09-15T22:29:07.094321890Z,4057.0,575.826,55.0,1.0,302.0,2048.0,128.0,256.0,1.0,6.33,7.39,115.64,0.96,0.0,0.0,0.0,54.0
2026-09-15T22:29:07.226308267Z,4058.0,575.958,55.0,1.0,301.0,2048.0,128.0,256.0,1.0,6.4,7.56,115.96,0.61,0.0,0.0,0.0,55.0
2026-09-15T22:29:07.355932744Z,4059.0,576.087,55.0,0.0,55.0,2048.0,128.0,256.0,0.0,6.01,7.07,117.58,0.72,0.0,0.0,0.0,55.0
2026-09-15T22:29:07.486278621Z,4060.0,576.218,55.0,0.0,55.0,2048.0,128.0,256.0,0.0,5.81,8.82,113.67,2.07,0.0,0.0,0.0,55.0
2026-09-15T22:29:07.616847798Z,4061.0,576.348,55.0,0.0,55.0,2048.0,128.0,256.0,0.0,6.16,7.52,113.86,1.28,0.0,0.0,0.0,55.0
2026-09-15T22:29:07.746338605Z,4062.0,576.478,55.0,0.0,55.0,2048.0,128.0,256.0,0.0,5.96,7.51,115.25,0.69,0.0,0.0,0.0,55.0
2026-09-15T22:29:07.877081362Z,4063.0,576.608,55.0,0.0,55.0,2048.0,128.0,256.0,0.0,5.89,7.66,114.46,1.44,0.0,0.0,0.0,55.0
2026-09-15T22:29:08.007061199Z,4064.0,576.738,55.0,0.0,55.0,2048.0,128.0,256.0,0.0,6.08,7.2,115.17,1.59,0.0,0.0,0.0,55.0
2026-09-15T22:29:08.136967786Z,4065.0,576.868,55.0,0.0,55.0,2048.0,128.0,256.0,0.0,6.94,7.72,113.08,1.43,0.0,0.0,0.0,55.0
2026-09-15T22:29:08.266683903Z,4066.0,576.998,55.0,0.0,55.0,2048.0,128.0,256.0,0.0,5.88,7.3,114.61,1.65,0.0,0.0,0.0,55.0
2026-09-15T22:29:08.397070550Z,4067.0,577.128,55.0,0.0,55.0,2048.0,128.0,256.0,0.0,5.99,7.16,114.43,1.29,0.0,0.0,0.0,55.0
2026-09-15T22:29:08.527123527Z,4068.0,577.258,55.0,0.0,54.0,2048.0,128.0,256.0,0.0,7.93,9.37,111.1,1.61,0.0,0.0,0.0,54.0
2026-09-15T22:29:08.657097194Z,4069.0,577.389,54.0,0.0,54.0,2048.0,128.0,256.0,0.0,11.71,7.58,108.41,1.83,0.0,0.0,0.0,54.0
2026-09-15T22:29:08.786840631Z,4070.0,577.518,54.0,0.0,54.0,2048.0,128.0,256.0,0.0,8.42,7.44,111.77,0.46,0.0,0.0,0.0,54.0
2026-09-15T22:29:08.917766158Z,4071.0,577.649,54.0,0.0,54.0,2048.0,128.0,256.0,0.0,6.38,8.11,114.22,1.26,0.0,0.0,0.0,54.0
2026-09-15T22:29:09.047026665Z,4072.0,577.778,54.0,0.0,53.0,2048.0,64.0,256.0,0.0,7.3,9.44,111.94,1.06,0.0,0.0,0.0,53.0
2026-09-15T22:29:09.176552232Z,4073.0,577.908,53.0,0.0,53.0,2048.0,64.0,256.0,0.0,11.19,8.09,108.48,1.52,0.0,0.0,0.0,53.0
2026-09-15T22:29:09.306431669Z,4074.0,578.038,53.0,0.0,53.0,2048.0,64.0,256.0,0.0,6.3,8.9,112.09,2.05,0.0,0.0,0.0,53.0
2026-09-15T22:29:09.435537866Z,4075.0,578.167,53.0,0.0,53.0,2048.0,64.0,256.0,0.0,7.97,11.73,104.81,0.69,0.0,0.0,0.0,53.0
2026-09-15T22:29:09.564734174Z,4076.0,578.296,53.0,0.0,53.0,2048.0,64.0,256.0,0.0,6.82,8.87,111.78,1.44,0.0,0.0,0.0,53.0
2026-09-15T22:29:09.694501860Z,4077.0,578.426,53.0,0.0,53.0,2048.0,64.0,256.0,0.0,7.21,8.81,111.21,0.41,0.0,0.0,0.0,53.0
2026-09-15T22:29:09.824110697Z,4078.0,578.555,53.0,0.0,52.0,2048.0,64.0,256.0,0.0,7.13,10.15,111.32,1.71,0.0,0.0,0.0,52.0
2026-09-15T22:29:09.953448314Z,4079.0,578.685,52.0,0.0,52.0,2048.0,64.0,256.0,0.0,11.75,9.44,106.0,1.28,0.0,0.0,0.0,52.0
2026-09-15T22:29:10.255430178Z,4080.0,578.987,52.0,0.0,52.0,2048.0,64.0,256.0,0.0,12.47,10.62,104.37,0.23,0.0,0.0,0.0,52.0
2026-09-15T22:29:10.381423625Z,4081.0,579.113,52.0,8.0,2048.0,2048.0,128.0,256.0,0.0,278.11,14.81,8.09,1.16,0.0,0.0,0.0,52.0
2026-09-15T22:29:10.512117262Z,4082.0,579.244,60.0,8.0,2048.0,2048.0,128.0,256.0,0.0,6.58,7.44,110.29,1.46,0.0,0.0,0.0,52.0
2026-09-15T22:29:10.643152779Z,4083.0,579.375,60.0,8.0,2048.0,2048.0,128.0,256.0,0.0,6.07,7.85,114.59,1.55,0.0,0.0,0.0,52.0
2026-09-15T22:29:10.774133036Z,4084.0,579.505,60.0,8.0,2048.0,2048.0,128.0,256.0,0.0,6.12,7.77,114.93,1.08,0.0,0.0,0.0,52.0
2026-09-15T22:29:10.905102643Z,4085.0,579.636,60.0,8.0,2048.0,2048.0,128.0,256.0,0.0,5.88,7.61,115.76,1.07,0.0,0.0,0.0,52.0
2026-09-15T22:29:11.035932610Z,4086.0,579.767,60.0,8.0,2048.0,2048.0,128.0,256.0,0.0,6.43,7.46,115.51,0.81,0.0,0.0,0.0,52.0
2026-09-15T22:29:11.166994507Z,4087.0,579.898,60.0,8.0,2048.0,2048.0,128.0,256.0,0.0,6.04,8.21,115.07,0.78,0.0,0.0,0.0,52.0
2026-09-15T22:29:11.298431014Z,4088.0,580.03,60.0,8.0,2048.0,2048.0,128.0,256.0,0.0,6.37,8.46,114.79,1.73,0.0,0.0,0.0,52.0
2026-09-15T22:29:11.429396541Z,4089.0,580.161,60.0,8.0,2048.0,2048.0,128.0,256.0,0.0,6.69,7.98,114.49,1.17,0.0,0.0,0.0,52.0
2026-09-15T22:29:11.560474378Z,4090.0,580.292,60.0,8.0,2048.0,2048.0,128.0,256.0,0.0,6.38,8.21,114.55,0.73,0.0,0.0,0.0,52.0
2026-09-15T22:29:11.692689075Z,4091.0,580.424,60.0,8.0,2048.0,2048.0,128.0,256.0,0.0,6.04,8.15,115.43,0.41,0.0,0.0,0.0,52.0
2026-09-15T22:29:11.825883892Z,4092.0,580.557,60.0,8.0,2048.0,2048.0,128.0,256.0,0.0,8.76,10.53,110.84,3.76,0.0,0.0,0.0,51.0
2026-09-15T22:29:11.954673199Z,4093.0,580.686,59.0,8.0,2048.0,2048.0,128.0,256.0,0.0,14.11,10.88,103.68,1.84,0.0,0.0,0.0,50.0
2026-09-15T22:29:12.085676836Z,4094.0,580.817,58.0,8.0,2048.0,2048.0,128.0,256.0,0.0,8.84,8.32,109.08,0.86,0.0,0.0,0.0,50.0
2026-09-15T22:29:12.217026853Z,4095.0,580.948,58.0,8.0,2048.0,2048.0,128.0,256.0,0.0,12.66,8.15,108.77,1.22,0.0,0.0,0.0,50.0
2026-09-15T22:29:12.348412350Z,4096.0,581.08,58.0,8.0,2048.0,2048.0,128.0,256.0,0.0,9.8,9.18,110.48,1.45,0.0,0.0,0.0,50.0
2026-09-15T22:29:12.479786747Z,4097.0,581.211,58.0,8.0,2048.0,2048.0,128.0,256.0,0.0,6.95,9.37,112.82,0.77,0.0,0.0,0.0,50.0
2026-09-15T22:29:12.613939904Z,4098.0,581.345,58.0,8.0,2048.0,2048.0,128.0,256.0,0.0,6.76,7.6,115.74,0.46,0.0,0.0,0.0,50.0
2026-09-15T22:29:12.742555891Z,4099.0,581.474,58.0,8.0,2048.0,2048.0,128.0,256.0,0.0,8.25,12.02,110.61,0.58,0.0,0.0,0.0,48.0
2026-09-15T22:29:12.874316748Z,4100.0,581.606,56.0,8.0,2048.0,2048.0,128.0,256.0,0.0,12.46,8.34,106.49,1.61,0.0,0.0,0.0,48.0
2026-09-15T22:29:13.006061955Z,4101.0,581.737,56.0,8.0,2048.0,2048.0,128.0,256.0,0.0,6.27,8.54,114.77,1.59,0.0,0.0,0.0,48.0
2026-09-15T22:29:13.137140832Z,4102.0,581.869,56.0,8.0,1866.0,2048.0,128.0,256.0,0.0,5.67,7.51,116.31,1.07,0.0,0.0,0.0,49.0
2026-09-15T22:29:13.268587389Z,4103.0,582.0,56.0,7.0,1797.0,2048.0,128.0,256.0,1.0,7.11,7.61,114.74,1.53,0.0,0.0,0.0,49.0
2026-09-15T22:29:13.400410536Z,4104.0,582.132,56.0,7.0,1797.0,2048.0,128.0,256.0,1.0,5.9,7.62,115.8,2.23,0.0,0.0,0.0,49.0
2026-09-15T22:29:13.532178713Z,4105.0,582.264,56.0,7.0,1797.0,2048.0,128.0,256.0,1.0,7.23,7.58,114.05,1.43,0.0,0.0,0.0,49.0
2026-09-15T22:29:13.663253380Z,4106.0,582.395,56.0,7.0,1398.0,2048.0,128.0,256.0,1.0,5.76,8.13,115.77,1.22,0.0,0.0,0.0,51.0
2026-09-15T22:29:13.794376407Z,4107.0,582.526,56.0,5.0,1291.0,2048.0,128.0,256.0,1.0,6.48,9.45,113.27,1.86,0.0,0.0,0.0,52.0
2026-09-15T22:29:13.924921864Z,4108.0,582.656,56.0,4.0,874.0,2048.0,128.0,256.0,1.0,6.03,8.65,113.87,1.64,0.0,0.0,0.0,53.0
2026-09-15T22:29:14.055001481Z,4109.0,582.786,56.0,3.0,803.0,2048.0,128.0,256.0,1.0,6.93,9.25,111.99,0.76,0.0,0.0,0.0,53.0
2026-09-15T22:29:14.185964158Z,4110.0,582.917,56.0,3.0,790.0,2048.0,128.0,256.0,1.0,5.95,8.31,114.32,1.19,0.0,0.0,0.0,54.0
2026-09-15T22:29:14.316323385Z,4111.0,583.048,56.0,2.0,554.0,2048.0,128.0,256.0,1.0,5.86,8.19,114.81,1.18,0.0,0.0,0.0,54.0
2026-09-15T22:29:14.446791083Z,4112.0,583.178,56.0,2.0,308.0,2048.0,128.0,256.0,1.0,8.48,11.01,108.95,1.66,0.0,0.0,0.0,54.0
2026-09-15T22:29:14.576183860Z,4113.0,583.308,55.0,1.0,302.0,2048.0,128.0,256.0,1.0,13.92,10.85,103.49,0.73,0.0,0.0,0.0,53.0
2026-09-15T22:29:14.707793746Z,4114.0,583.439,54.0,1.0,302.0,2048.0,128.0,256.0,1.0,13.74,12.92,101.26,1.79,0.0,0.0,0.0,53.0
2026-09-15T22:29:14.838146723Z,4115.0,583.569,54.0,1.0,302.0,2048.0,128.0,256.0,1.0,6.91,7.67,114.52,1.97,0.0,0.0,0.0,53.0
2026-09-15T22:29:14.967411471Z,4116.0,583.699,54.0,1.0,302.0,2048.0,128.0,256.0,1.0,6.33,8.3,113.08,1.62,0.0,0.0,0.0,53.0
2026-09-15T22:29:15.097504837Z,4117.0,583.829,54.0,1.0,302.0,2048.0,128.0,256.0,1.0,7.82,8.73,110.35,0.98,0.0,0.0,0.0,53.0
2026-09-15T22:29:15.227859765Z,4118.0,583.959,54.0,1.0,302.0,2048.0,128.0,256.0,1.0,9.43,7.62,111.51,1.1,0.0,0.0,0.0,53.0
2026-09-15T22:29:15.358957032Z,4119.0,584.09,54.0,1.0,302.0,2048.0,128.0,256.0,1.0,6.23,8.1,114.41,1.54,0.0,0.0,0.0,53.0
2026-09-15T22:29:15.488982789Z,4120.0,584.22,54.0,1.0,291.0,2048.0,128.0,256.0,1.0,8.81,9.8,109.86,1.11,0.0,0.0,0.0,53.0
2026-09-15T22:29:15.619268236Z,4121.0,584.351,53.0,0.0,53.0,2048.0,128.0,256.0,0.0,10.32,8.27,110.06,0.32,0.0,0.0,0.0,53.0
2026-09-15T22:29:15.748984163Z,4122.0,584.48,53.0,0.0,52.0,2048.0,128.0,256.0,0.0,7.53,9.98,111.05,1.12,0.0,0.0,0.0,52.0
2026-09-15T22:29:15.878998480Z,4123.0,584.61,52.0,0.0,52.0,2048.0,128.0,256.0,0.0,9.68,7.75,110.52,1.8,0.0,0.0,0.0,52.0
2026-09-15T22:29:16.009288587Z,4124.0,584.741,52.0,0.0,52.0,2048.0,128.0,256.0,0.0,7.23,7.72,112.68,1.6,0.0,0.0,0.0,52.0
2026-09-15T22:29:16.308806590Z,4125.0,585.04,52.0,0.0,52.0,2048.0,128.0,256.0,0.0,7.26,7.59,113.06,0.22,0.0,0.0,0.0,52.0
2026-09-15T22:29:16.438515097Z,4126.0,585.17,52.0,8.0,2048.0,2048.0,128.0,256.0,0.0,280.98,11.33,6.47,1.36,0.0,0.0,0.0,52.0
2026-09-15T22:29:16.568901394Z,4127.0,585.3,60.0,8.0,2048.0,2048.0,128.0,256.0,0.0,6.46,8.15,112.91,1.05,0.0,0.0,0.0,52.0
2026-09-15T22:29:16.700345811Z,4128.0,585.432,60.0,8.0,2048.0,2048.0,128.0,256.0,0.0,6.71,8.35,113.62,1.79,0.0,0.0,0.0,52.0
2026-09-15T22:29:16.831868158Z,4129.0,585.563,60.0,8.0,2048.0,2048.0,128.0,256.0,0.0,6.59,8.65,113.85,0.5,0.0,0.0,0.0,52.0
2026-09-15T22:29:16.962394255Z,4130.0,585.694,60.0,8.0,2048.0,2048.0,128.0,256.0,0.0,8.91,12.17,108.88,0.67,0.0,0.0,0.0,51.0
2026-09-15T22:29:17.094451752Z,4131.0,585.826,59.0,8.0,2048.0,2048.0,128.0,256.0,0.0,13.15,9.86,106.43,2.02,0.0,0.0,0.0,51.0
2026-09-15T22:29:17.224743669Z,4132.0,585.956,59.0,8.0,2048.0,2048.0,128.0,256.0,0.0,7.18,15.93,106.15,0.73,0.0,0.0,0.0,51.0
2026-09-15T22:29:17.356648676Z,4133.0,586.088,59.0,8.0,2048.0,2048.0,128.0,256.0,0.0,7.08,8.8,113.12,1.81,0.0,0.0,0.0,51.0
2026-09-15T22:29:17.487693773Z,4134.0,586.219,59.0,8.0,2048.0,2048.0,128.0,256.0,0.0,6.15,7.74,115.41,0.62,0.0,0.0,0.0,51.0
2026-09-15T22:29:17.618468530Z,4135.0,586.35,59.0,8.0,2048.0,2048.0,128.0,256.0,0.0,6.53,8.05,115.31,0.42,0.0,0.0,0.0,51.0
2026-09-15T22:29:17.750114657Z,4136.0,586.482,59.0,8.0,2048.0,2048.0,128.0,256.0,0.0,7.76,9.99,111.97,1.4,0.0,0.0,0.0,51.0
2026-09-15T22:29:17.882946304Z,4137.0,586.614,59.0,8.0,2048.0,2048.0,128.0,256.0,0.0,6.2,7.49,115.99,0.31,0.0,0.0,0.0,51.0
2026-09-15T22:29:18.013232801Z,4138.0,586.745,59.0,8.0,2048.0,2048.0,128.0,256.0,0.0,6.86,9.58,113.74,1.75,0.0,0.0,0.0,50.0
2026-09-15T22:29:18.145354448Z,4139.0,586.877,58.0,8.0,2048.0,2048.0,128.0,256.0,0.0,9.63,9.21,108.85,2.08,0.0,0.0,0.0,50.0
2026-09-15T22:29:18.276339615Z,4140.0,587.008,58.0,8.0,2048.0,2048.0,128.0,256.0,0.0,5.84,8.2,115.21,0.92,0.0,0.0,0.0,50.0
2026-09-15T22:29:18.408136282Z,4141.0,587.14,58.0,8.0,2048.0,2048.0,128.0,256.0,0.0,8.97,13.85,106.5,1.13,0.0,0.0,0.0,50.0
2026-09-15T22:29:18.540568539Z,4142.0,587.272,58.0,8.0,2048.0,2048.0,128.0,256.0,0.0,7.2,8.45,114.34,1.78,0.0,0.0,0.0,50.0
2026-09-15T22:29:18.672240166Z,4143.0,587.403,58.0,8.0,2048.0,2048.0,128.0,256.0,0.0,7.61,10.33,111.85,2.16,0.0,0.0,0.0,49.0
2026-09-15T22:29:18.802984543Z,4144.0,587.534,57.0,8.0,2048.0,2048.0,128.0,256.0,0.0,10.69,10.58,107.29,1.41,0.0,0.0,0.0,48.0
2026-09-15T22:29:18.935015250Z,4145.0,587.666,56.0,8.0,2048.0,2048.0,128.0,256.0,0.0,11.46,8.88,108.8,0.35,0.0,0.0,0.0,48.0
2026-09-15T22:29:19.066057867Z,4146.0,587.797,56.0,8.0,2048.0,2048.0,128.0,256.0,0.0,7.39,11.9,111.22,0.72,0.0,0.0,0.0,47.0
2026-09-15T22:29:19.197835724Z,4147.0,587.929,55.0,8.0,2048.0,2048.0,128.0,256.0,0.0,15.46,8.4,106.28,1.16,0.0,0.0,0.0,47.0
2026-09-15T22:29:19.330242311Z,4148.0,588.062,55.0,8.0,2013.0,2048.0,128.0,256.0,0.0,5.83,7.81,116.45,1.8,0.0,0.0,0.0,48.0
2026-09-15T22:29:19.461906178Z,4149.0,588.193,55.0,7.0,1798.0,2048.0,128.0,256.0,1.0,16.25,8.9,104.63,1.54,0.0,0.0,0.0,48.0
2026-09-15T22:29:19.593487495Z,4150.0,588.325,55.0,7.0,1679.0,2048.0,128.0,256.0,1.0,7.81,8.8,112.87,0.55,0.0,0.0,0.0,49.0
2026-09-15T22:29:19.725373632Z,4151.0,588.457,55.0,6.0,1549.0,2048.0,128.0,256.0,1.0,5.83,8.44,116.0,1.81,0.0,0.0,0.0,49.0
2026-09-15T22:29:19.856678789Z,4152.0,588.588,55.0,6.0,1335.0,2048.0,128.0,256.0,1.0,6.34,8.47,114.44,1.07,0.0,0.0,0.0,50.0
2026-09-15T22:29:19.987400156Z,4153.0,588.719,55.0,5.0,1116.0,2048.0,128.0,256.0,1.0,7.06,10.24,112.62,1.03,0.0,0.0,0.0,50.0
2026-09-15T22:29:20.118662113Z,4154.0,588.85,54.0,4.0,1052.0,2048.0,128.0,256.0,1.0,9.94,8.34,110.58,1.11,0.0,0.0,0.0,50.0
2026-09-15T22:29:20.249929220Z,4155.0,588.981,54.0,4.0,1051.0,2048.0,128.0,256.0,1.0,8.47,10.9,110.22,1.87,0.0,0.0,0.0,49.0
2026-09-15T22:29:20.380621948Z,4156.0,589.112,53.0,4.0,1051.0,2048.0,128.0,256.0,1.0,12.77,8.2,107.71,1.11,0.0,0.0,0.0,49.0
2026-09-15T22:29:20.511916445Z,4157.0,589.243,53.0,4.0,1051.0,2048.0,128.0,256.0,1.0,7.16,12.63,109.14,1.51,0.0,0.0,0.0,49.0
2026-09-15T22:29:20.643454571Z,4158.0,589.375,53.0,4.0,1051.0,2048.0,128.0,256.0,1.0,7.02,8.3,113.86,1.89,0.0,0.0,0.0,49.0
2026-09-15T22:29:20.774600468Z,4159.0,589.506,53.0,4.0,954.0,2048.0,128.0,256.0,1.0,5.7,8.74,114.38,1.75,0.0,0.0,0.0,50.0
2026-09-15T22:29:20.905445576Z,4160.0,589.637,53.0,3.0,584.0,2048.0,128.0,256.0,1.0,6.0,8.22,114.64,0.76,0.0,0.0,0.0,51.0
2026-09-15T22:29:21.035790642Z,4161.0,589.767,53.0,2.0,353.0,2048.0,128.0,256.0,1.0,5.96,8.25,115.19,0.74,0.0,0.0,0.0,52.0
2026-09-15T22:29:21.166127899Z,4162.0,589.898,53.0,1.0,305.0,2048.0,128.0,256.0,1.0,6.65,7.27,115.03,1.34,0.0,0.0,0.0,52.0
2026-09-15T22:29:21.296879927Z,4163.0,590.028,53.0,1.0,111.0,2048.0,128.0,256.0,1.0,5.66,7.75,114.94,1.12,0.0,0.0,0.0,53.0
2026-09-15T22:29:21.427171734Z,4164.0,590.159,53.0,0.0,53.0,2048.0,128.0,256.0,0.0,5.53,7.57,115.73,1.12,0.0,0.0,0.0,53.0
2026-09-15T22:29:21.557620661Z,4165.0,590.289,53.0,0.0,53.0,2048.0,128.0,256.0,0.0,7.2,8.59,112.8,1.3,0.0,0.0,0.0,53.0
2026-09-15T22:29:21.688373978Z,4166.0,590.42,53.0,0.0,53.0,2048.0,128.0,256.0,0.0,5.97,7.4,115.2,1.08,0.0,0.0,0.0,53.0
2026-09-15T22:29:21.818617235Z,4167.0,590.55,53.0,0.0,53.0,2048.0,128.0,256.0,0.0,6.46,9.44,113.04,1.46,0.0,0.0,0.0,53.0
2026-09-15T22:29:21.949107872Z,4168.0,590.681,53.0,0.0,53.0,2048.0,128.0,256.0,0.0,6.28,7.27,114.38,1.61,0.0,0.0,0.0,53.0
2026-09-15T22:29:22.079559859Z,4169.0,590.811,53.0,0.0,53.0,2048.0,128.0,256.0,0.0,6.61,8.32,113.23,1.43,0.0,0.0,0.0,53.0
2026-09-15T22:29:22.209535236Z,4170.0,590.941,53.0,0.0,53.0,2048.0,128.0,256.0,0.0,5.81,7.47,114.94,1.65,0.0,0.0,0.0,53.0
2026-09-15T22:29:22.340665093Z,4171.0,591.072,53.0,0.0,53.0,2048.0,128.0,256.0,0.0,8.21,7.44,112.12,0.32,0.0,0.0,0.0,53.0
2026-09-15T22:29:22.470105980Z,4172.0,591.201,53.0,0.0,51.0,2048.0,128.0,256.0,0.0,9.43,12.47,107.44,1.8,0.0,0.0,0.0,51.0
2026-09-15T22:29:22.601859617Z,4173.0,591.333,51.0,0.0,51.0,2048.0,128.0,256.0,0.0,15.91,8.76,102.78,1.5,0.0,0.0,0.0,51.0
2026-09-15T22:29:22.730911404Z,4174.0,591.462,51.0,0.0,50.0,2048.0,128.0,256.0,0.0,7.26,9.94,112.1,1.01,0.0,0.0,0.0,50.0
2026-09-15T22:29:22.861869211Z,4175.0,591.593,50.0,0.0,50.0,2048.0,128.0,256.0,0.0,31.03,8.0,88.52,0.93,0.0,0.0,0.0,50.0
2026-09-15T22:29:22.992133608Z,4176.0,591.723,50.0,0.0,49.0,2048.0,128.0,256.0,0.0,6.45,10.34,112.44,0.84,0.0,0.0,0.0,49.0
2026-09-15T22:29:23.121407255Z,4177.0,591.853,49.0,0.0,49.0,2048.0,128.0,256.0,0.0,10.86,8.84,109.05,0.64,0.0,0.0,0.0,49.0
2026-09-15T22:29:23.251759492Z,4178.0,591.983,49.0,0.0,49.0,2048.0,128.0,256.0,0.0,7.32,9.48,111.14,0.99,0.0,0.0,0.0,49.0
2026-09-15T22:29:23.552015676Z,4179.0,592.283,49.0,0.0,49.0,2048.0,128.0,256.0,0.0,6.55,9.48,110.44,0.22,0.0,0.0,0.0,49.0
2026-09-15T22:29:23.679895862Z,4180.0,592.411,49.0,8.0,2048.0,2048.0,128.0,256.0,0.0,277.56,14.89,6.85,1.99,0.0,0.0,0.0,48.0
2026-09-15T22:29:23.810905550Z,4181.0,592.542,56.0,8.0,2048.0,2048.0,128.0,256.0,0.0,5.84,7.78,111.49,0.87,0.0,0.0,0.0,48.0
2026-09-15T22:29:23.941822227Z,4182.0,592.673,56.0,8.0,2048.0,2048.0,128.0,256.0,0.0,5.99,14.93,108.52,0.85,0.0,0.0,0.0,48.0
2026-09-15T22:29:24.073151753Z,4183.0,592.805,56.0,8.0,2048.0,2048.0,128.0,256.0,0.0,8.56,9.24,111.32,1.01,0.0,0.0,0.0,48.0
2026-09-15T22:29:24.204469521Z,4184.0,592.936,56.0,8.0,2048.0,2048.0,128.0,256.0,0.0,5.97,8.08,115.62,1.14,0.0,0.0,0.0,48.0
2026-09-15T22:29:24.335629438Z,4185.0,593.067,56.0,8.0,2048.0,2048.0,128.0,256.0,0.0,7.54,9.44,112.37,1.46,0.0,0.0,0.0,48.0
2026-09-15T22:29:24.466989744Z,4186.0,593.198,56.0,8.0,2048.0,2048.0,128.0,256.0,0.0,7.47,9.05,112.51,1.1,0.0,0.0,0.0,48.0
2026-09-15T22:29:24.598302472Z,4187.0,593.33,56.0,8.0,2048.0,2048.0,128.0,256.0,0.0,6.17,8.54,114.91,1.59,0.0,0.0,0.0,48.0
2026-09-15T22:29:24.729699739Z,4188.0,593.461,56.0,8.0,2048.0,2048.0,128.0,256.0,0.0,6.12,8.28,114.53,1.98,0.0,0.0,0.0,48.0
2026-09-15T22:29:24.861506906Z,4189.0,593.593,56.0,8.0,2048.0,2048.0,128.0,256.0,0.0,6.02,7.49,115.38,1.33,0.0,0.0,0.0,48.0
2026-09-15T22:29:24.992765693Z,4190.0,593.724,56.0,8.0,2048.0,2048.0,128.0,256.0,0.0,6.04,8.9,114.68,1.11,0.0,0.0,0.0,48.0
2026-09-15T22:29:25.124120810Z,4191.0,593.855,56.0,8.0,2048.0,2048.0,128.0,256.0,0.0,6.1,8.08,115.29,1.27,0.0,0.0,0.0,48.0
2026-09-15T22:29:25.255715527Z,4192.0,593.987,56.0,8.0,2048.0,2048.0,128.0,256.0,0.0,5.5,8.16,115.73,1.19,0.0,0.0,0.0,48.0
2026-09-15T22:29:25.387308954Z,4193.0,594.119,56.0,8.0,2048.0,2048.0,128.0,256.0,0.0,7.43,10.32,112.11,1.37,0.0,0.0,0.0,47.0
2026-09-15T22:29:25.519423660Z,4194.0,594.251,55.0,8.0,2048.0,2048.0,128.0,256.0,0.0,13.0,9.5,106.85,0.85,0.0,0.0,0.0,47.0
2026-09-15T22:29:25.650844388Z,4195.0,594.382,55.0,8.0,2048.0,2048.0,128.0,256.0,0.0,10.05,18.08,102.05,1.2,0.0,0.0,0.0,46.0
2026-09-15T22:29:25.782219295Z,4196.0,594.514,54.0,8.0,2048.0,2048.0,128.0,256.0,0.0,14.52,11.76,103.39,1.64,0.0,0.0,0.0,45.0
2026-09-15T22:29:25.915046642Z,4197.0,594.646,53.0,8.0,2048.0,2048.0,128.0,256.0,0.0,10.03,9.32,109.6,1.7,0.0,0.0,0.0,45.0
2026-09-15T22:29:26.045469189Z,4198.0,594.777,53.0,8.0,2048.0,2048.0,128.0,256.0,0.0,9.81,13.17,107.45,1.06,0.0,0.0,0.0,43.0
2026-09-15T22:29:26.176813366Z,4199.0,594.908,51.0,8.0,2048.0,2048.0,128.0,256.0,0.0,16.59,8.91,103.13,1.44,0.0,0.0,0.0,43.0
2026-09-15T22:29:26.310013993Z,4200.0,595.041,51.0,8.0,2048.0,2048.0,128.0,256.0,0.0,6.76,21.83,100.63,0.31,0.0,0.0,0.0,43.0
2026-09-15T22:29:26.440383680Z,4201.0,595.172,51.0,8.0,2048.0,2048.0,128.0,256.0,0.0,6.77,8.54,114.74,0.3,0.0,0.0,0.0,43.0
2026-09-15T22:29:26.571785987Z,4202.0,595.303,51.0,8.0,2048.0,2048.0,128.0,256.0,0.0,8.82,14.99,104.96,1.41,0.0,0.0,0.0,41.0
2026-09-15T22:29:26.703424554Z,4203.0,595.435,49.0,8.0,2020.0,2048.0,128.0,256.0,0.0,16.03,8.65,104.85,1.42,0.0,0.0,0.0,42.0
2026-09-15T22:29:26.835045041Z,4204.0,595.566,49.0,7.0,1795.0,2048.0,128.0,256.0,1.0,13.9,8.4,107.02,2.01,0.0,0.0,0.0,42.0
2026-09-15T22:29:27.142216074Z,4205.0,595.874,49.0,7.0,1691.0,2048.0,128.0,256.0,1.0,8.93,7.83,112.44,0.21,0.0,0.0,0.0,43.0
2026-09-15T22:29:27.270703821Z,4206.0,596.002,49.0,8.0,2048.0,2048.0,128.0,256.0,0.0,290.6,8.94,6.76,1.08,0.0,0.0,0.0,43.0
2026-09-15T22:29:27.402913298Z,4207.0,596.134,51.0,8.0,2048.0,2048.0,128.0,256.0,0.0,6.09,8.26,112.39,1.81,0.0,0.0,0.0,43.0
2026-09-15T22:29:27.534585555Z,4208.0,596.266,51.0,8.0,2048.0,2048.0,128.0,256.0,0.0,5.59,8.53,115.5,1.03,0.0,0.0,0.0,43.0
2026-09-15T22:29:27.666530522Z,4209.0,596.398,51.0,11.0,2048.0,2048.0,128.0,256.0,0.0,37.59,10.06,82.03,1.73,0.0,0.0,0.0,46.0
2026-09-15T22:29:27.798364369Z,4210.0,596.53,54.0,8.0,2048.0,2048.0,128.0,256.0,0.0,5.92,8.49,115.14,1.59,0.0,0.0,0.0,46.0
2026-09-15T22:29:27.930397496Z,4211.0,596.662,54.0,9.0,2048.0,2048.0,128.0,256.0,0.0,31.24,7.98,90.5,1.46,0.0,0.0,0.0,47.0
2026-09-15T22:29:28.061466343Z,4212.0,596.793,55.0,9.0,2048.0,2048.0,128.0,256.0,0.0,43.17,9.95,76.68,2.07,0.0,0.0,0.0,48.0
2026-09-15T22:29:28.192482770Z,4213.0,596.924,56.0,8.0,2048.0,2048.0,128.0,256.0,0.0,5.8,8.08,114.57,1.16,0.0,0.0,0.0,48.0
2026-09-15T22:29:28.323741557Z,4214.0,597.055,56.0,8.0,2048.0,2048.0,128.0,256.0,0.0,6.19,7.63,115.34,0.85,0.0,0.0,0.0,48.0
2026-09-15T22:29:28.454878614Z,4215.0,597.186,56.0,8.0,2048.0,2048.0,128.0,256.0,0.0,5.6,8.97,115.13,1.97,0.0,0.0,0.0,48.0
2026-09-15T22:29:28.586016421Z,4216.0,597.317,56.0,9.0,2048.0,2048.0,128.0,256.0,0.0,41.99,10.11,76.31,0.76,0.0,0.0,0.0,49.0
2026-09-15T22:29:28.717488878Z,4217.0,597.449,57.0,8.0,2048.0,2048.0,128.0,256.0,0.0,6.78,9.57,113.21,0.99,0.0,0.0,0.0,49.0
2026-09-15T22:29:28.848981715Z,4218.0,597.58,57.0,8.0,2048.0,2048.0,128.0,256.0,0.0,9.12,9.1,111.48,1.29,0.0,0.0,0.0,49.0
2026-09-15T22:29:28.980378402Z,4219.0,597.712,57.0,8.0,2048.0,2048.0,128.0,256.0,0.0,8.31,11.58,109.75,0.9,0.0,0.0,0.0,47.0
2026-09-15T22:29:29.111861719Z,4220.0,597.843,55.0,8.0,2048.0,2048.0,128.0,256.0,0.0,12.97,7.26,109.45,1.7,0.0,0.0,0.0,47.0
2026-09-15T22:29:29.243125896Z,4221.0,597.974,55.0,8.0,2048.0,2048.0,128.0,256.0,0.0,7.55,9.91,111.67,0.78,0.0,0.0,0.0,46.0
2026-09-15T22:29:29.374621903Z,4222.0,598.106,54.0,8.0,2048.0,2048.0,128.0,256.0,0.0,10.65,7.57,111.7,1.59,0.0,0.0,0.0,46.0
2026-09-15T22:29:29.506956620Z,4223.0,598.238,54.0,8.0,2048.0,2048.0,128.0,256.0,0.0,5.73,9.09,114.49,2.16,0.0,0.0,0.0,46.0
2026-09-15T22:29:29.637710047Z,4224.0,598.369,54.0,8.0,2048.0,2048.0,128.0,256.0,0.0,9.51,11.74,108.23,0.83,0.0,0.0,0.0,45.0
2026-09-15T22:29:29.769793874Z,4225.0,598.501,53.0,8.0,2048.0,2048.0,128.0,256.0,0.0,10.85,8.42,109.86,0.96,0.0,0.0,0.0,45.0
2026-09-15T22:29:29.901316521Z,4226.0,598.633,53.0,8.0,2048.0,2048.0,128.0,256.0,0.0,8.83,12.97,108.52,2.16,0.0,0.0,0.0,43.0
2026-09-15T22:29:30.033053578Z,4227.0,598.764,51.0,8.0,2048.0,2048.0,128.0,256.0,0.0,20.93,9.22,98.56,1.88,0.0,0.0,0.0,43.0
2026-09-15T22:29:30.164374175Z,4228.0,598.896,51.0,8.0,2048.0,2048.0,128.0,256.0,0.0,5.42,9.18,114.71,0.31,0.0,0.0,0.0,43.0
2026-09-15T22:29:30.297839092Z,4229.0,599.029,51.0,8.0,2048.0,2048.0,128.0,256.0,0.0,13.68,10.69,105.85,2.57,0.0,0.0,0.0,42.0
2026-09-15T22:29:30.428094149Z,4230.0,599.159,50.0,8.0,2048.0,2048.0,128.0,256.0,0.0,14.06,7.95,108.23,2.09,0.0,0.0,0.0,42.0
2026-09-15T22:29:30.560306086Z,4231.0,599.292,50.0,8.0,1951.0,2048.0,128.0,256.0,0.0,9.78,10.93,106.95,1.07,0.0,0.0,0.0,43.0
2026-09-15T22:29:30.691779613Z,4232.0,599.423,50.0,7.0,1619.0,2048.0,128.0,256.0,1.0,6.62,7.27,116.72,1.07,0.0,0.0,0.0,44.0
2026-09-15T22:29:30.823382450Z,4233.0,599.555,50.0,6.0,1549.0,2048.0,128.0,256.0,1.0,6.44,7.9,115.39,1.26,0.0,0.0,0.0,44.0
2026-09-15T22:29:30.955087357Z,4234.0,599.686,50.0,6.0,1509.0,2048.0,128.0,256.0,1.0,6.39,7.02,116.24,1.4,0.0,0.0,0.0,45.0
2026-09-15T22:29:31.086030164Z,4235.0,599.817,50.0,5.0,1300.0,2048.0,128.0,256.0,1.0,6.06,9.02,114.52,0.82,0.0,0.0,0.0,45.0
2026-09-15T22:29:31.218353021Z,4236.0,599.95,50.0,5.0,1300.0,2048.0,128.0,256.0,1.0,5.56,8.62,115.04,1.31,0.0,0.0,0.0,45.0
2026-09-15T22:29:31.349886378Z,4237.0,600.081,50.0,5.0,1300.0,2048.0,128.0,256.0,1.0,6.79,8.3,115.21,1.35,0.0,0.0,0.0,45.0
2026-09-15T22:29:31.481404375Z,4238.0,600.213,50.0,5.0,1055.0,2048.0,128.0,256.0,1.0,6.03,8.2,115.33,0.91,0.0,0.0,0.0,46.0
2026-09-15T22:29:31.612233062Z,4239.0,600.344,50.0,4.0,1054.0,2048.0,128.0,256.0,1.0,6.26,8.39,115.16,1.11,0.0,0.0,0.0,46.0
2026-09-15T22:29:31.743173599Z,4240.0,600.475,50.0,4.0,1054.0,2048.0,128.0,256.0,1.0,6.6,8.66,113.78,0.69,0.0,0.0,0.0,46.0
2026-09-15T22:29:31.873573116Z,4241.0,600.605,50.0,4.0,1054.0,2048.0,128.0,256.0,1.0,6.09,8.08,115.48,1.38,0.0,0.0,0.0,46.0
2026-09-15T22:29:32.004924743Z,4242.0,600.736,50.0,4.0,965.0,2048.0,128.0,256.0,1.0,6.49,8.6,113.25,2.12,0.0,0.0,0.0,47.0
2026-09-15T22:29:32.135380950Z,4243.0,600.867,50.0,3.0,802.0,2048.0,128.0,256.0,1.0,5.87,7.54,115.13,2.1,0.0,0.0,0.0,47.0
2026-09-15T22:29:32.265716027Z,4244.0,600.997,50.0,3.0,802.0,2048.0,128.0,256.0,1.0,6.66,7.96,113.14,1.01,0.0,0.0,0.0,47.0
2026-09-15T22:29:32.396176494Z,4245.0,601.128,50.0,3.0,724.0,2048.0,128.0,256.0,1.0,5.5,7.63,115.52,1.6,0.0,0.0,0.0,48.0
2026-09-15T22:29:32.526920201Z,4246.0,601.258,50.0,2.0,552.0,2048.0,128.0,256.0,1.0,10.21,9.54,108.48,1.47,0.0,0.0,0.0,48.0
2026-09-15T22:29:32.658057788Z,4247.0,601.389,50.0,2.0,552.0,2048.0,128.0,256.0,1.0,5.66,7.18,115.91,1.02,0.0,0.0,0.0,48.0
2026-09-15T22:29:32.788737895Z,4248.0,601.52,50.0,2.0,552.0,2048.0,128.0,256.0,1.0,6.92,7.72,114.81,1.07,0.0,0.0,0.0,48.0
2026-09-15T22:29:32.919619112Z,4249.0,601.651,50.0,2.0,552.0,2048.0,128.0,256.0,1.0,6.19,7.19,115.51,0.87,0.0,0.0,0.0,48.0
2026-09-15T22:29:33.049675069Z,4250.0,601.781,50.0,2.0,551.0,2048.0,128.0,256.0,1.0,7.73,9.74,111.65,2.34,0.0,0.0,0.0,47.0
2026-09-15T22:29:33.180363597Z,4251.0,601.912,49.0,2.0,551.0,2048.0,128.0,256.0,1.0,11.43,7.54,108.38,1.77,0.0,0.0,0.0,47.0
2026-09-15T22:29:33.310435343Z,4252.0,602.042,49.0,2.0,551.0,2048.0,128.0,256.0,1.0,5.77,7.69,114.8,1.05,0.0,0.0,0.0,47.0
2026-09-15T22:29:33.441801520Z,4253.0,602.173,49.0,2.0,551.0,2048.0,128.0,256.0,1.0,5.47,7.63,113.3,1.81,0.0,0.0,0.0,47.0
2026-09-15T22:29:33.572728437Z,4254.0,602.304,49.0,2.0,551.0,2048.0,128.0,256.0,1.0,7.61,8.26,113.1,1.63,0.0,0.0,0.0,47.0
2026-09-15T22:29:33.702448225Z,4255.0,602.434,49.0,2.0,422.0,2048.0,128.0,256.0,1.0,6.08,8.63,113.87,0.7,0.0,0.0,0.0,48.0
2026-09-15T22:29:33.832840312Z,4256.0,602.564,49.0,1.0,286.0,2048.0,128.0,256.0,1.0,5.9,8.04,114.38,1.12,0.0,0.0,0.0,49.0
2026-09-15T22:29:33.964564268Z,4257.0,602.696,49.0,0.0,49.0,2048.0,128.0,256.0,0.0,6.12,7.34,115.31,1.49,0.0,0.0,0.0,49.0
2026-09-15T22:29:34.093884866Z,4258.0,602.825,49.0,0.0,49.0,2048.0,128.0,256.0,0.0,6.43,8.04,114.97,0.82,0.0,0.0,0.0,49.0
2026-09-15T22:29:34.224540113Z,4259.0,602.956,49.0,0.0,49.0,2048.0,128.0,256.0,0.0,6.48,9.66,111.76,1.35,0.0,0.0,0.0,49.0
2026-09-15T22:29:34.354963590Z,4260.0,603.086,49.0,0.0,49.0,2048.0,128.0,256.0,0.0,5.51,7.97,114.99,2.05,0.0,0.0,0.0,49.0
2026-09-15T22:29:34.485402377Z,4261.0,603.217,49.0,0.0,49.0,2048.0,128.0,256.0,0.0,5.86,7.77,114.24,0.76,0.0,0.0,0.0,49.0
2026-09-15T22:29:34.616008274Z,4262.0,603.347,49.0,0.0,49.0,2048.0,128.0,256.0,0.0,6.43,7.43,115.16,1.49,0.0,0.0,0.0,49.0
2026-09-15T22:29:34.747425581Z,4263.0,603.478,49.0,0.0,48.0,2048.0,128.0,256.0,0.0,8.15,9.78,110.59,2.84,0.0,0.0,0.0,48.0
2026-09-15T22:29:34.878803598Z,4264.0,603.61,48.0,0.0,47.0,2048.0,128.0,256.0,0.0,11.83,10.42,105.28,3.2,0.0,0.0,0.0,47.0
2026-09-15T22:29:35.007694755Z,4265.0,603.739,47.0,0.0,47.0,2048.0,128.0,256.0,0.0,10.3,7.79,109.45,1.06,0.0,0.0,0.0,47.0
2026-09-15T22:29:35.138234972Z,4266.0,603.87,47.0,0.0,47.0,2048.0,128.0,256.0,0.0,7.28,7.04,113.1,2.49,0.0,0.0,0.0,47.0
2026-09-15T22:29:35.268562059Z,4267.0,604.0,47.0,0.0,47.0,2048.0,128.0,256.0,0.0,6.17,7.98,113.31,1.08,0.0,0.0,0.0,47.0
2026-09-15T22:29:35.398576076Z,4268.0,604.13,47.0,0.0,47.0,2048.0,128.0,256.0,0.0,5.73,8.02,114.91,1.08,0.0,0.0,0.0,47.0
2026-09-15T22:29:35.529579983Z,4269.0,604.261,47.0,0.0,47.0,2048.0,128.0,256.0,0.0,6.43,7.48,114.4,1.57,0.0,0.0,0.0,47.0
2026-09-15T22:29:35.660395340Z,4270.0,604.392,47.0,0.0,47.0,2048.0,128.0,256.0,0.0,5.54,8.97,114.15,1.52,0.0,0.0,0.0,47.0
2026-09-15T22:29:35.790646677Z,4271.0,604.522,47.0,0.0,47.0,2048.0,128.0,256.0,0.0,5.57,8.47,114.52,1.49,0.0,0.0,0.0,47.0
2026-09-15T22:29:35.921449524Z,4272.0,604.653,47.0,0.0,47.0,2048.0,128.0,256.0,0.0,6.39,7.66,114.19,2.32,0.0,0.0,0.0,47.0
2026-09-15T22:29:36.051669961Z,4273.0,604.783,47.0,0.0,47.0,2048.0,128.0,256.0,0.0,5.61,7.97,114.05,0.99,0.0,0.0,0.0,47.0
2026-09-15T22:29:36.182146338Z,4274.0,604.914,47.0,0.0,45.0,2048.0,128.0,256.0,0.0,10.79,13.97,103.88,1.53,0.0,0.0,0.0,45.0
2026-09-15T22:29:36.311685925Z,4275.0,605.043,45.0,0.0,45.0,2048.0,128.0,256.0,0.0,15.11,11.65,99.17,0.67,0.0,0.0,0.0,45.0
2026-09-15T22:29:36.442125152Z,4276.0,605.174,45.0,0.0,45.0,2048.0,128.0,256.0,0.0,6.07,8.87,113.19,1.4,0.0,0.0,0.0,45.0
2026-09-15T22:29:36.776350665Z,4277.0,605.508,45.0,0.0,45.0,2048.0,128.0,256.0,0.0,5.53,8.29,114.49,0.21,0.0,0.0,0.0,45.0
2026-09-15T22:29:36.905543012Z,4278.0,605.637,45.0,8.0,2048.0,2048.0,128.0,256.0,0.0,312.33,13.74,7.07,2.66,0.0,0.0,0.0,45.0
2026-09-15T22:29:37.035328469Z,4279.0,605.767,53.0,8.0,2048.0,2048.0,128.0,256.0,0.0,7.97,9.77,108.05,1.42,0.0,0.0,0.0,44.0
2026-09-15T22:29:37.166414376Z,4280.0,605.898,52.0,8.0,2048.0,2048.0,128.0,256.0,0.0,10.36,7.82,109.43,2.15,0.0,0.0,0.0,44.0
2026-09-15T22:29:37.297545883Z,4281.0,606.029,52.0,8.0,2048.0,2048.0,128.0,256.0,0.0,6.0,8.19,114.08,0.8,0.0,0.0,0.0,44.0
2026-09-15T22:29:37.428988030Z,4282.0,606.16,52.0,8.0,2048.0,2048.0,128.0,256.0,0.0,5.51,7.93,116.26,2.07,0.0,0.0,0.0,44.0
2026-09-15T22:29:37.560144247Z,4283.0,606.292,52.0,8.0,2048.0,2048.0,128.0,256.0,0.0,8.33,8.25,112.16,1.99,0.0,0.0,0.0,44.0
2026-09-15T22:29:37.691483834Z,4284.0,606.423,52.0,8.0,2048.0,2048.0,128.0,256.0,0.0,6.75,10.06,111.99,0.93,0.0,0.0,0.0,43.0
2026-09-15T22:29:37.823040981Z,4285.0,606.554,51.0,8.0,2048.0,2048.0,128.0,256.0,0.0,9.59,7.77,112.15,1.27,0.0,0.0,0.0,43.0
2026-09-15T22:29:37.954776628Z,4286.0,606.686,51.0,8.0,2048.0,2048.0,128.0,256.0,0.0,5.58,7.27,116.83,1.77,0.0,0.0,0.0,43.0
2026-09-15T22:29:38.085904975Z,4287.0,606.817,51.0,8.0,2048.0,2048.0,128.0,256.0,0.0,8.12,9.92,111.23,2.11,0.0,0.0,0.0,42.0
2026-09-15T22:29:38.216622712Z,4288.0,606.948,50.0,8.0,2048.0,2048.0,128.0,256.0,0.0,13.97,9.12,105.33,1.4,0.0,0.0,0.0,42.0
2026-09-15T22:29:38.348255799Z,4289.0,607.08,50.0,8.0,2048.0,2048.0,128.0,256.0,0.0,7.61,8.89,112.18,1.48,0.0,0.0,0.0,42.0
2026-09-15T22:29:38.479180386Z,4290.0,607.211,50.0,8.0,2048.0,2048.0,128.0,256.0,0.0,5.57,8.62,115.22,1.72,0.0,0.0,0.0,42.0
2026-09-15T22:29:38.610697333Z,4291.0,607.342,50.0,8.0,2048.0,2048.0,128.0,256.0,0.0,6.68,8.56,113.29,1.01,0.0,0.0,0.0,42.0
2026-09-15T22:29:38.742103900Z,4292.0,607.473,50.0,8.0,2048.0,2048.0,128.0,256.0,0.0,5.25,8.37,116.19,0.37,0.0,0.0,0.0,42.0
2026-09-15T22:29:38.873649527Z,4293.0,607.605,50.0,8.0,2048.0,2048.0,128.0,256.0,0.0,5.51,8.74,115.46,2.06,0.0,0.0,0.0,42.0
2026-09-15T22:29:39.005705974Z,4294.0,607.737,50.0,8.0,2048.0,2048.0,128.0,256.0,0.0,6.73,9.01,113.52,1.68,0.0,0.0,0.0,42.0
2026-09-15T22:29:39.138300261Z,4295.0,607.87,50.0,8.0,2048.0,2048.0,128.0,256.0,0.0,7.45,10.83,111.52,2.41,0.0,0.0,0.0,41.0
2026-09-15T22:29:39.267651018Z,4296.0,607.999,49.0,8.0,2048.0,2048.0,128.0,256.0,0.0,9.98,10.37,108.69,1.21,0.0,0.0,0.0,41.0
2026-09-15T22:29:39.400601875Z,4297.0,608.132,49.0,8.0,2048.0,2048.0,128.0,256.0,0.0,11.05,8.16,108.27,1.52,0.0,0.0,0.0,41.0
2026-09-15T22:29:39.530938212Z,4298.0,608.262,49.0,8.0,2048.0,2048.0,128.0,256.0,0.0,10.79,12.64,107.32,1.27,0.0,0.0,0.0,39.0
2026-09-15T22:29:39.662762159Z,4299.0,608.394,47.0,8.0,2010.0,2048.0,128.0,256.0,0.0,14.31,8.43,105.55,1.53,0.0,0.0,0.0,40.0
2026-09-15T22:29:39.795274436Z,4300.0,608.527,47.0,7.0,1797.0,2048.0,128.0,256.0,1.0,5.53,8.4,115.64,1.14,0.0,0.0,0.0,40.0
2026-09-15T22:29:39.925073433Z,4301.0,608.656,47.0,7.0,1797.0,2048.0,64.0,256.0,1.0,7.12,15.34,104.21,0.78,0.0,0.0,0.0,39.0
2026-09-15T22:29:40.056065770Z,4302.0,608.787,46.0,7.0,1797.0,2048.0,64.0,256.0,1.0,10.56,7.69,110.23,1.49,0.0,0.0,0.0,39.0
2026-09-15T22:29:40.186776567Z,4303.0,608.918,46.0,7.0,1797.0,2048.0,64.0,256.0,1.0,5.68,8.69,111.14,1.2,0.0,0.0,0.0,39.0
2026-09-15T22:29:40.317951364Z,4304.0,609.049,46.0,7.0,1797.0,2048.0,64.0,256.0,1.0,5.8,7.59,115.54,1.73,0.0,0.0,0.0,39.0
2026-09-15T22:29:40.449296771Z,4305.0,609.181,46.0,7.0,1682.0,2048.0,64.0,256.0,1.0,8.42,11.17,109.17,1.69,0.0,0.0,0.0,39.0
2026-09-15T22:29:40.578808518Z,4306.0,609.31,45.0,6.0,1545.0,2048.0,64.0,256.0,1.0,14.55,9.64,104.73,0.36,0.0,0.0,0.0,38.0
2026-09-15T22:29:40.710546365Z,4307.0,609.442,44.0,6.0,1463.0,2048.0,64.0,256.0,1.0,10.54,11.82,106.14,1.47,0.0,0.0,0.0,39.0
2026-09-15T22:29:40.840841402Z,4308.0,609.572,44.0,5.0,1295.0,2048.0,64.0,256.0,1.0,5.35,7.2,116.79,1.39,0.0,0.0,0.0,39.0
2026-09-15T22:29:40.972047209Z,4309.0,609.703,44.0,5.0,1295.0,2048.0,64.0,256.0,1.0,6.7,8.74,112.96,2.04,0.0,0.0,0.0,39.0
2026-09-15T22:29:41.102910016Z,4310.0,609.834,44.0,5.0,1295.0,2048.0,64.0,256.0,1.0,5.87,8.78,113.88,0.79,0.0,0.0,0.0,39.0
2026-09-15T22:29:41.233184013Z,4311.0,609.965,44.0,5.0,1239.0,2048.0,64.0,256.0,1.0,5.23,8.6,115.58,0.54,0.0,0.0,0.0,40.0
2026-09-15T22:29:41.364411930Z,4312.0,610.096,44.0,4.0,823.0,2048.0,64.0,256.0,1.0,5.54,9.08,114.13,0.47,0.0,0.0,0.0,41.0
2026-09-15T22:29:41.495093287Z,4313.0,610.226,44.0,3.0,792.0,2048.0,64.0,256.0,1.0,5.77,9.53,114.1,1.86,0.0,0.0,0.0,41.0
2026-09-15T22:29:41.627241234Z,4314.0,610.359,44.0,3.0,792.0,2048.0,64.0,256.0,1.0,6.86,8.49,112.9,0.36,0.0,0.0,0.0,41.0
2026-09-15T22:29:41.756158742Z,4315.0,610.487,44.0,3.0,707.0,2048.0,64.0,256.0,1.0,7.4,11.51,110.42,1.6,0.0,0.0,0.0,41.0
2026-09-15T22:29:41.886569359Z,4316.0,610.618,43.0,2.0,541.0,2048.0,64.0,256.0,1.0,13.25,8.24,105.17,1.84,0.0,0.0,0.0,41.0
2026-09-15T22:29:42.016648116Z,4317.0,610.748,43.0,2.0,541.0,2048.0,64.0,256.0,1.0,7.01,8.54,112.25,0.38,0.0,0.0,0.0,41.0
2026-09-15T22:29:42.147703702Z,4318.0,610.879,43.0,2.0,465.0,2048.0,64.0,256.0,1.0,6.42,9.06,113.57,1.55,0.0,0.0,0.0,42.0
2026-09-15T22:29:42.277844879Z,4319.0,611.009,43.0,1.0,292.0,2048.0,64.0,256.0,1.0,5.47,7.66,115.82,0.38,0.0,0.0,0.0,42.0
2026-09-15T22:29:42.407842397Z,4320.0,611.139,43.0,1.0,107.0,2048.0,64.0,256.0,1.0,5.31,11.49,111.96,1.04,0.0,0.0,0.0,43.0
2026-09-15T22:29:42.536785454Z,4321.0,611.268,43.0,0.0,43.0,2048.0,64.0,256.0,0.0,5.75,7.86,114.7,0.56,0.0,0.0,0.0,43.0
2026-09-15T22:29:42.666703491Z,4322.0,611.398,43.0,0.0,43.0,2048.0,64.0,256.0,0.0,6.3,7.98,113.37,2.38,0.0,0.0,0.0,43.0
2026-09-15T22:29:42.795376848Z,4323.0,611.527,43.0,0.0,43.0,2048.0,64.0,256.0,0.0,7.48,7.49,111.9,1.43,0.0,0.0,0.0,43.0
2026-09-15T22:29:42.924323455Z,4324.0,611.656,43.0,0.0,43.0,2048.0,64.0,256.0,0.0,5.58,7.49,113.22,1.01,0.0,0.0,0.0,43.0
2026-09-15T22:29:43.053358332Z,4325.0,611.785,43.0,0.0,43.0,2048.0,64.0,256.0,0.0,7.4,9.02,111.01,0.57,0.0,0.0,0.0,43.0
2026-09-15T22:29:43.183527699Z,4326.0,611.915,43.0,0.0,43.0,2048.0,64.0,256.0,0.0,6.2,8.79,112.78,2.11,0.0,0.0,0.0,43.0
2026-09-15T22:29:43.312279966Z,4327.0,612.044,43.0,0.0,43.0,2048.0,64.0,256.0,0.0,5.93,8.15,113.15,1.09,0.0,0.0,0.0,43.0
2026-09-15T22:29:43.440921563Z,4328.0,612.172,43.0,0.0,43.0,2048.0,64.0,256.0,0.0,6.87,8.78,111.44,0.52,0.0,0.0,0.0,43.0
2026-09-15T22:29:43.570829900Z,4329.0,612.302,43.0,0.0,43.0,2048.0,64.0,256.0,0.0,6.02,8.5,113.11,1.78,0.0,0.0,0.0,43.0
2026-09-15T22:29:43.699625107Z,4330.0,612.431,43.0,0.0,43.0,2048.0,64.0,256.0,0.0,6.53,9.33,111.51,1.59,0.0,0.0,0.0,43.0
2026-09-15T22:29:43.828891014Z,4331.0,612.56,43.0,0.0,43.0,2048.0,64.0,256.0,0.0,6.27,8.45,111.75,1.06,0.0,0.0,0.0,43.0
2026-09-15T22:29:43.958101701Z,4332.0,612.689,43.0,0.0,43.0,2048.0,64.0,256.0,0.0,5.4,7.2,115.02,1.18,0.0,0.0,0.0,43.0
2026-09-15T22:29:44.086804778Z,4333.0,612.818,43.0,0.0,42.0,2048.0,64.0,256.0,0.0,12.57,10.48,104.36,1.63,0.0,0.0,0.0,42.0
2026-09-15T22:29:44.216138835Z,4334.0,612.948,42.0,0.0,42.0,2048.0,64.0,256.0,0.0,10.81,7.72,107.91,0.77,0.0,0.0,0.0,42.0
2026-09-15T22:29:44.345149223Z,4335.0,613.076,42.0,0.0,41.0,2048.0,64.0,256.0,0.0,16.57,12.06,99.19,1.19,0.0,0.0,0.0,41.0
2026-09-15T22:29:44.474575070Z,4336.0,613.206,41.0,0.0,41.0,2048.0,64.0,256.0,0.0,14.13,10.63,102.29,1.36,0.0,0.0,0.0,41.0
2026-09-15T22:29:44.604586667Z,4337.0,613.336,41.0,0.0,41.0,2048.0,64.0,256.0,0.0,5.37,7.63,114.41,0.98,0.0,0.0,0.0,41.0
2026-09-15T22:29:44.945342219Z,4338.0,613.677,41.0,0.0,40.0,2048.0,64.0,256.0,0.0,7.32,9.99,110.76,0.24,0.0,0.0,0.0,40.0
2026-09-15T22:29:45.070799166Z,4339.0,613.802,40.0,8.0,2048.0,2048.0,64.0,256.0,0.0,319.38,13.03,7.64,1.1,0.0,0.0,0.0,40.0
2026-09-15T22:29:45.201254443Z,4340.0,613.933,48.0,8.0,2048.0,2048.0,64.0,256.0,0.0,5.51,7.45,110.87,2.13,0.0,0.0,0.0,40.0
2026-09-15T22:29:45.331231610Z,4341.0,614.063,48.0,8.0,2048.0,2048.0,64.0,256.0,0.0,5.42,8.56,113.7,0.28,0.0,0.0,0.0,40.0
2026-09-15T22:29:45.461755237Z,4342.0,614.193,48.0,8.0,2048.0,2048.0,64.0,256.0,0.0,8.25,9.75,110.64,0.76,0.0,0.0,0.0,39.0
2026-09-15T22:29:45.591321014Z,4343.0,614.323,47.0,8.0,2048.0,2048.0,64.0,256.0,0.0,11.35,8.39,109.32,0.43,0.0,0.0,0.0,39.0
2026-09-15T22:29:45.722085351Z,4344.0,614.453,47.0,8.0,2048.0,2048.0,64.0,256.0,0.0,5.78,15.18,107.51,0.28,0.0,0.0,0.0,39.0
2026-09-15T22:29:45.853175858Z,4345.0,614.585,47.0,8.0,2048.0,2048.0,64.0,256.0,0.0,8.23,10.0,111.62,1.13,0.0,0.0,0.0,38.0
2026-09-15T22:29:45.982545885Z,4346.0,614.714,46.0,8.0,2048.0,2048.0,64.0,256.0,0.0,13.06,10.52,105.72,1.58,0.0,0.0,0.0,37.0
2026-09-15T22:29:46.112878383Z,4347.0,614.844,45.0,8.0,2048.0,2048.0,64.0,256.0,0.0,10.39,13.23,103.45,2.18,0.0,0.0,0.0,37.0
2026-09-15T22:29:46.242545740Z,4348.0,614.974,45.0,8.0,2048.0,2048.0,64.0,256.0,0.0,7.36,10.61,109.67,0.7,0.0,0.0,0.0,36.0
2026-09-15T22:29:46.373024746Z,4349.0,615.104,44.0,8.0,2048.0,2048.0,64.0,256.0,0.0,11.21,8.41,108.29,1.87,0.0,0.0,0.0,36.0
2026-09-15T22:29:46.502107134Z,4350.0,615.234,44.0,8.0,2048.0,2048.0,64.0,256.0,0.0,7.31,8.74,111.8,1.97,0.0,0.0,0.0,36.0
2026-09-15T22:29:46.633453111Z,4351.0,615.365,44.0,8.0,2048.0,2048.0,64.0,256.0,0.0,7.46,8.06,111.07,1.92,0.0,0.0,0.0,36.0
2026-09-15T22:29:46.762369838Z,4352.0,615.494,44.0,8.0,2048.0,2048.0,64.0,256.0,0.0,6.22,8.19,114.12,0.91,0.0,0.0,0.0,36.0
2026-09-15T22:29:46.892894245Z,4353.0,615.624,44.0,8.0,2048.0,2048.0,64.0,256.0,0.0,9.36,8.06,109.93,0.84,0.0,0.0,0.0,36.0
2026-09-15T22:29:47.022984662Z,4354.0,615.754,44.0,8.0,2048.0,2048.0,64.0,256.0,0.0,6.18,7.89,115.03,0.84,0.0,0.0,0.0,36.0
2026-09-15T22:29:47.153593239Z,4355.0,615.885,44.0,8.0,2048.0,2048.0,64.0,256.0,0.0,5.67,7.62,115.24,0.76,0.0,0.0,0.0,36.0
2026-09-15T22:29:47.284316426Z,4356.0,616.016,44.0,8.0,2048.0,2048.0,64.0,256.0,0.0,6.39,8.77,113.97,1.73,0.0,0.0,0.0,36.0
2026-09-15T22:29:47.414283783Z,4357.0,616.146,44.0,8.0,2048.0,2048.0,64.0,256.0,0.0,5.42,9.08,113.59,0.61,0.0,0.0,0.0,36.0
2026-09-15T22:29:47.544698450Z,4358.0,616.276,44.0,8.0,2048.0,2048.0,64.0,256.0,0.0,6.3,8.34,114.11,0.82,0.0,0.0,0.0,36.0
2026-09-15T22:29:47.675468747Z,4359.0,616.407,44.0,8.0,2048.0,2048.0,64.0,256.0,0.0,5.88,8.43,114.63,0.58,0.0,0.0,0.0,36.0
2026-09-15T22:29:47.806115784Z,4360.0,616.537,44.0,8.0,2048.0,2048.0,64.0,256.0,0.0,6.55,8.9,113.88,1.02,0.0,0.0,0.0,36.0
2026-09-15T22:29:47.936257741Z,4361.0,616.668,44.0,8.0,1979.0,2048.0,64.0,256.0,0.0,5.95,10.57,112.13,0.83,0.0,0.0,0.0,37.0
2026-09-15T22:29:48.066860178Z,4362.0,616.798,44.0,7.0,1797.0,2048.0,64.0,256.0,1.0,5.88,7.9,115.26,0.6,0.0,0.0,0.0,37.0
2026-09-15T22:29:48.197566745Z,4363.0,616.929,44.0,7.0,1795.0,2048.0,64.0,256.0,1.0,5.4,7.87,116.03,0.84,0.0,0.0,0.0,38.0
2026-09-15T22:29:48.328030762Z,4364.0,617.059,44.0,6.0,1546.0,2048.0,64.0,256.0,1.0,7.36,10.47,111.22,0.84,0.0,0.0,0.0,37.0
2026-09-15T22:29:48.458307249Z,4365.0,617.19,43.0,6.0,1396.0,2048.0,64.0,256.0,1.0,11.02,7.32,110.72,1.19,0.0,0.0,0.0,38.0
2026-09-15T22:29:48.588396006Z,4366.0,617.32,43.0,5.0,1294.0,2048.0,64.0,256.0,1.0,5.35,7.82,115.01,1.52,0.0,0.0,0.0,38.0
2026-09-15T22:29:48.718417673Z,4367.0,617.45,43.0,5.0,1294.0,2048.0,64.0,256.0,1.0,6.71,8.52,112.69,0.82,0.0,0.0,0.0,38.0
2026-09-15T22:29:48.848741150Z,4368.0,617.58,43.0,5.0,1294.0,2048.0,64.0,256.0,1.0,8.9,12.84,106.83,0.53,0.0,0.0,0.0,37.0
2026-09-15T22:29:48.979698907Z,4369.0,617.711,42.0,5.0,1294.0,2048.0,64.0,256.0,1.0,10.31,9.0,109.69,1.74,0.0,0.0,0.0,37.0
2026-09-15T22:29:49.109948884Z,4370.0,617.841,42.0,5.0,1282.0,2048.0,64.0,256.0,1.0,5.63,8.85,113.92,1.84,0.0,0.0,0.0,38.0
2026-09-15T22:29:49.240638451Z,4371.0,617.972,42.0,4.0,1043.0,2048.0,64.0,256.0,1.0,6.16,9.76,111.8,1.3,0.0,0.0,0.0,38.0
2026-09-15T22:29:49.370923128Z,4372.0,618.102,42.0,4.0,1043.0,2048.0,64.0,256.0,1.0,6.4,8.3,113.89,1.47,0.0,0.0,0.0,38.0
2026-09-15T22:29:49.505267325Z,4373.0,618.237,42.0,4.0,1043.0,2048.0,64.0,256.0,1.0,5.98,9.24,112.65,4.87,0.0,0.0,0.0,38.0
2026-09-15T22:29:49.632115562Z,4374.0,618.364,42.0,4.0,831.0,2048.0,64.0,256.0,1.0,8.5,9.84,110.34,0.35,0.0,0.0,0.0,38.0
2026-09-15T22:29:49.761446649Z,4375.0,618.493,41.0,3.0,407.0,2048.0,64.0,256.0,1.0,7.01,7.9,110.17,1.07,0.0,0.0,0.0,40.0
2026-09-15T22:29:49.891669297Z,4376.0,618.623,41.0,1.0,291.0,2048.0,64.0,256.0,1.0,11.78,7.76,108.08,1.71,0.0,0.0,0.0,40.0
2026-09-15T22:29:50.021054103Z,4377.0,618.752,41.0,1.0,291.0,2048.0,64.0,256.0,1.0,14.74,8.86,104.14,0.51,0.0,0.0,0.0,40.0
2026-09-15T22:29:50.151564640Z,4378.0,618.883,41.0,1.0,291.0,2048.0,64.0,256.0,1.0,6.1,7.2,115.1,1.37,0.0,0.0,0.0,40.0
2026-09-15T22:29:50.281016978Z,4379.0,619.012,41.0,1.0,291.0,2048.0,64.0,256.0,1.0,5.19,12.08,111.12,1.6,0.0,0.0,0.0,40.0
2026-09-15T22:29:50.411495215Z,4380.0,619.143,41.0,1.0,291.0,2048.0,64.0,256.0,1.0,6.56,7.7,112.99,0.87,0.0,0.0,0.0,40.0
2026-09-15T22:29:50.541255512Z,4381.0,619.273,41.0,1.0,291.0,2048.0,64.0,256.0,1.0,6.27,8.52,114.05,1.05,0.0,0.0,0.0,40.0
2026-09-15T22:29:50.671870369Z,4382.0,619.403,41.0,1.0,291.0,2048.0,64.0,256.0,1.0,5.41,8.06,114.61,1.61,0.0,0.0,0.0,40.0
2026-09-15T22:29:50.801657246Z,4383.0,619.533,41.0,1.0,291.0,2048.0,64.0,256.0,1.0,5.78,8.51,114.03,0.79,0.0,0.0,0.0,40.0
2026-09-15T22:29:50.932085063Z,4384.0,619.663,41.0,1.0,211.0,2048.0,64.0,256.0,1.0,5.97,8.02,114.31,0.91,0.0,0.0,0.0,41.0
2026-09-15T22:29:51.061081070Z,4385.0,619.792,41.0,0.0,41.0,2048.0,64.0,256.0,0.0,5.84,7.8,115.17,1.67,0.0,0.0,0.0,41.0
2026-09-15T22:29:51.189735517Z,4386.0,619.921,41.0,0.0,41.0,2048.0,64.0,256.0,0.0,5.7,7.48,113.54,0.96,0.0,0.0,0.0,41.0
2026-09-15T22:29:51.319536744Z,4387.0,620.051,41.0,0.0,40.0,2048.0,64.0,256.0,0.0,8.22,10.59,108.11,0.34,0.0,0.0,0.0,40.0
2026-09-15T22:29:51.446809181Z,4388.0,620.178,40.0,0.0,40.0,2048.0,64.0,256.0,0.0,10.33,8.23,108.93,1.0,0.0,0.0,0.0,40.0
2026-09-15T22:29:51.575758128Z,4389.0,620.307,40.0,0.0,40.0,2048.0,64.0,256.0,0.0,10.38,7.71,107.56,0.75,0.0,0.0,0.0,40.0
2026-09-15T22:29:51.704851045Z,4390.0,620.436,40.0,0.0,40.0,2048.0,64.0,256.0,0.0,7.16,9.18,111.13,1.47,0.0,0.0,0.0,40.0
2026-09-15T22:29:51.832453033Z,4391.0,620.564,40.0,0.0,40.0,2048.0,64.0,256.0,0.0,9.0,8.49,109.38,0.64,0.0,0.0,0.0,40.0
2026-09-15T22:29:51.961763519Z,4392.0,620.693,40.0,0.0,40.0,2048.0,64.0,256.0,0.0,6.6,9.13,110.4,0.75,0.0,0.0,0.0,40.0
2026-09-15T22:29:52.090585096Z,4393.0,620.822,40.0,0.0,40.0,2048.0,64.0,256.0,0.0,8.82,9.67,109.38,0.69,0.0,0.0,0.0,40.0
2026-09-15T22:29:52.219347493Z,4394.0,620.951,40.0,0.0,40.0,2048.0,64.0,256.0,0.0,5.37,9.96,111.88,1.33,0.0,0.0,0.0,40.0
2026-09-15T22:29:52.348277791Z,4395.0,621.08,40.0,0.0,40.0,2048.0,64.0,256.0,0.0,5.86,8.09,112.76,1.3,0.0,0.0,0.0,40.0
2026-09-15T22:29:52.477346088Z,4396.0,621.209,40.0,0.0,39.0,2048.0,64.0,256.0,0.0,8.99,10.53,107.3,1.52,0.0,0.0,0.0,39.0
2026-09-15T22:29:52.605961885Z,4397.0,621.337,39.0,0.0,39.0,2048.0,64.0,256.0,0.0,12.23,7.74,106.73,1.67,0.0,0.0,0.0,39.0
2026-09-15T22:29:52.734497152Z,4398.0,621.466,39.0,0.0,39.0,2048.0,64.0,256.0,0.0,5.45,7.82,112.92,1.13,0.0,0.0,0.0,39.0
2026-09-15T22:29:52.863787049Z,4399.0,621.595,39.0,0.0,38.0,2048.0,64.0,256.0,0.0,6.97,11.26,108.08,0.29,0.0,0.0,0.0,38.0
2026-09-15T22:29:52.991224886Z,4400.0,621.723,38.0,0.0,37.0,2048.0,64.0,256.0,0.0,15.55,10.18,102.52,1.02,0.0,0.0,0.0,37.0
2026-09-15T22:29:53.119710873Z,4401.0,621.851,37.0,0.0,37.0,2048.0,64.0,256.0,0.0,11.51,8.2,106.66,1.29,0.0,0.0,0.0,37.0
2026-09-15T22:29:53.456702216Z,4402.0,622.188,37.0,0.0,37.0,2048.0,64.0,256.0,0.0,5.5,8.2,112.8,0.27,0.0,0.0,0.0,37.0
2026-09-15T22:29:53.583232653Z,4403.0,622.315,37.0,8.0,2048.0,2048.0,64.0,256.0,0.0,317.46,11.62,7.1,2.35,0.0,0.0,0.0,37.0
2026-09-15T22:29:53.712943170Z,4404.0,622.444,45.0,8.0,2048.0,2048.0,64.0,256.0,0.0,6.35,8.77,108.42,2.0,0.0,0.0,0.0,37.0
2026-09-15T22:29:53.842845157Z,4405.0,622.574,45.0,8.0,2048.0,2048.0,64.0,256.0,0.0,6.21,11.47,109.34,1.14,0.0,0.0,0.0,37.0
2026-09-15T22:29:53.972227054Z,4406.0,622.704,45.0,8.0,2048.0,2048.0,64.0,256.0,0.0,5.54,7.66,115.02,0.68,0.0,0.0,0.0,37.0
2026-09-15T22:29:54.102408111Z,4407.0,622.834,45.0,8.0,2048.0,2048.0,64.0,256.0,0.0,5.23,8.03,114.76,0.9,0.0,0.0,0.0,37.0
2026-09-15T22:29:54.232152588Z,4408.0,622.964,45.0,8.0,2048.0,2048.0,64.0,256.0,0.0,5.45,8.25,114.93,0.93,0.0,0.0,0.0,37.0
2026-09-15T22:29:54.362714635Z,4409.0,623.094,45.0,8.0,2048.0,2048.0,64.0,256.0,0.0,5.49,7.3,115.55,1.45,0.0,0.0,0.0,37.0
2026-09-15T22:29:54.492213632Z,4410.0,623.224,45.0,8.0,2048.0,2048.0,64.0,256.0,0.0,5.52,7.45,115.45,0.72,0.0,0.0,0.0,37.0
2026-09-15T22:29:54.622872949Z,4411.0,623.354,45.0,8.0,2048.0,2048.0,64.0,256.0,0.0,6.45,10.66,110.96,1.02,0.0,0.0,0.0,36.0
2026-09-15T22:29:54.752656766Z,4412.0,623.484,44.0,8.0,2048.0,2048.0,64.0,256.0,0.0,12.84,10.29,105.7,0.64,0.0,0.0,0.0,36.0
2026-09-15T22:29:54.882727673Z,4413.0,623.614,44.0,8.0,2048.0,2048.0,64.0,256.0,0.0,8.28,8.16,112.05,0.45,0.0,0.0,0.0,36.0
2026-09-15T22:29:55.013398390Z,4414.0,623.745,44.0,8.0,2048.0,2048.0,64.0,256.0,0.0,6.13,7.58,115.23,0.87,0.0,0.0,0.0,36.0
2026-09-15T22:29:55.143531037Z,4415.0,623.875,44.0,8.0,2048.0,2048.0,64.0,256.0,0.0,5.45,8.07,115.54,1.59,0.0,0.0,0.0,36.0
2026-09-15T22:29:55.273464944Z,4416.0,624.005,44.0,8.0,2048.0,2048.0,64.0,256.0,0.0,5.49,7.5,114.82,1.5,0.0,0.0,0.0,36.0
2026-09-15T22:29:55.403993591Z,4417.0,624.135,44.0,8.0,2048.0,2048.0,64.0,256.0,0.0,5.5,10.76,111.59,1.19,0.0,0.0,0.0,36.0
2026-09-15T22:29:55.534517118Z,4418.0,624.266,44.0,8.0,2048.0,2048.0,64.0,256.0,0.0,5.16,8.01,115.35,0.94,0.0,0.0,0.0,36.0
2026-09-15T22:29:55.664834875Z,4419.0,624.396,44.0,8.0,2048.0,2048.0,64.0,256.0,0.0,6.82,10.42,111.68,1.71,0.0,0.0,0.0,35.0
2026-09-15T22:29:55.795242792Z,4420.0,624.527,43.0,8.0,2048.0,2048.0,64.0,256.0,0.0,10.12,8.99,108.88,1.89,0.0,0.0,0.0,35.0
2026-09-15T22:29:55.925449249Z,4421.0,624.657,43.0,8.0,2048.0,2048.0,64.0,256.0,0.0,4.64,8.04,115.15,0.79,0.0,0.0,0.0,35.0
2026-09-15T22:29:56.056073377Z,4422.0,624.787,43.0,8.0,2048.0,2048.0,64.0,256.0,0.0,6.02,9.07,113.63,1.31,0.0,0.0,0.0,35.0
2026-09-15T22:29:56.186914543Z,4423.0,624.918,43.0,8.0,2048.0,2048.0,64.0,256.0,0.0,7.21,10.51,110.85,1.33,0.0,0.0,0.0,35.0
2026-09-15T22:29:56.316970320Z,4424.0,625.048,43.0,8.0,2048.0,2048.0,64.0,256.0,0.0,6.13,9.32,113.29,0.93,0.0,0.0,0.0,35.0
2026-09-15T22:29:56.447659897Z,4425.0,625.179,43.0,8.0,2048.0,2048.0,64.0,256.0,0.0,6.29,8.97,113.18,0.89,0.0,0.0,0.0,35.0
2026-09-15T22:29:56.578714614Z,4426.0,625.31,43.0,8.0,1833.0,2048.0,64.0,256.0,0.0,5.79,9.02,114.23,1.45,0.0,0.0,0.0,36.0
2026-09-15T22:29:56.708761822Z,4427.0,625.44,43.0,7.0,1798.0,2048.0,64.0,256.0,1.0,5.98,11.26,111.56,0.7,0.0,0.0,0.0,36.0
2026-09-15T22:29:56.839372608Z,4428.0,625.571,43.0,7.0,1798.0,2048.0,64.0,256.0,1.0,6.46,9.0,113.23,0.81,0.0,0.0,0.0,36.0
2026-09-15T22:29:56.969938136Z,4429.0,625.701,43.0,7.0,1764.0,2048.0,64.0,256.0,1.0,6.07,9.1,113.95,1.66,0.0,0.0,0.0,37.0
2026-09-15T22:29:57.100357243Z,4430.0,625.832,43.0,6.0,1443.0,2048.0,64.0,256.0,1.0,6.01,8.84,113.38,0.8,0.0,0.0,0.0,38.0
2026-09-15T22:29:57.231004640Z,4431.0,625.962,43.0,5.0,1237.0,2048.0,64.0,256.0,1.0,5.35,8.14,115.34,0.64,0.0,0.0,0.0,39.0
2026-09-15T22:29:57.361004997Z,4432.0,626.092,43.0,4.0,1021.0,2048.0,64.0,256.0,1.0,9.52,9.83,109.88,1.34,0.0,0.0,0.0,40.0
2026-09-15T22:29:57.490548004Z,4433.0,626.222,43.0,3.0,665.0,2048.0,64.0,256.0,1.0,6.6,9.39,111.99,0.68,0.0,0.0,0.0,41.0
2026-09-15T22:29:57.619701971Z,4434.0,626.351,43.0,2.0,544.0,2048.0,64.0,256.0,1.0,6.58,12.7,108.65,0.5,0.0,0.0,0.0,41.0
2026-09-15T22:29:57.749462918Z,4435.0,626.481,43.0,2.0,544.0,2048.0,64.0,256.0,1.0,5.79,10.05,112.09,1.87,0.0,0.0,0.0,41.0
2026-09-15T22:29:57.879486885Z,4436.0,626.611,43.0,2.0,544.0,2048.0,64.0,256.0,1.0,6.19,7.28,113.76,1.63,0.0,0.0,0.0,41.0
2026-09-15T22:29:58.008388312Z,4437.0,626.74,43.0,2.0,543.0,2048.0,64.0,256.0,1.0,7.51,10.54,109.45,0.61,0.0,0.0,0.0,40.0
2026-09-15T22:29:58.138455849Z,4438.0,626.87,42.0,2.0,543.0,2048.0,64.0,256.0,1.0,10.9,8.63,108.2,1.43,0.0,0.0,0.0,40.0
2026-09-15T22:29:58.268642006Z,4439.0,627.0,42.0,2.0,542.0,2048.0,64.0,256.0,1.0,6.82,9.84,111.2,1.48,0.0,0.0,0.0,39.0
2026-09-15T22:29:58.397816843Z,4440.0,627.129,41.0,2.0,542.0,2048.0,64.0,256.0,1.0,11.22,10.53,106.3,2.11,0.0,0.0,0.0,38.0
2026-09-15T22:29:58.527358560Z,4441.0,627.259,40.0,2.0,542.0,2048.0,64.0,256.0,1.0,10.07,8.1,108.4,0.69,0.0,0.0,0.0,38.0
2026-09-15T22:29:58.657354397Z,4442.0,627.389,40.0,2.0,542.0,2048.0,64.0,256.0,1.0,11.72,11.59,104.66,0.99,0.0,0.0,0.0,38.0
2026-09-15T22:29:58.786734094Z,4443.0,627.518,40.0,2.0,542.0,2048.0,64.0,256.0,1.0,8.96,8.75,110.43,0.81,0.0,0.0,0.0,38.0
2026-09-15T22:29:58.917315391Z,4444.0,627.649,40.0,2.0,542.0,2048.0,64.0,256.0,1.0,6.06,8.47,113.46,1.8,0.0,0.0,0.0,38.0
2026-09-15T22:29:59.046898828Z,4445.0,627.778,40.0,2.0,542.0,2048.0,64.0,256.0,1.0,5.58,8.44,114.02,1.35,0.0,0.0,0.0,38.0
2026-09-15T22:29:59.176451615Z,4446.0,627.908,40.0,2.0,364.0,2048.0,64.0,256.0,1.0,7.35,7.98,112.28,1.36,0.0,0.0,0.0,39.0
2026-09-15T22:29:59.306065983Z,4447.0,628.037,40.0,1.0,292.0,2048.0,64.0,256.0,1.0,5.09,8.88,113.56,0.88,0.0,0.0,0.0,39.0
2026-09-15T22:29:59.435153009Z,4448.0,628.166,40.0,1.0,145.0,2048.0,64.0,256.0,1.0,7.54,10.83,109.55,0.39,0.0,0.0,0.0,39.0
2026-09-15T22:29:59.563134547Z,4449.0,628.294,39.0,0.0,38.0,2048.0,64.0,256.0,0.0,11.22,11.09,105.34,0.37,0.0,0.0,0.0,38.0
2026-09-15T22:29:59.691837514Z,4450.0,628.423,38.0,0.0,37.0,2048.0,64.0,256.0,0.0,11.34,10.14,105.28,1.34,0.0,0.0,0.0,37.0
2026-09-15T22:29:59.819893481Z,4451.0,628.551,37.0,0.0,37.0,2048.0,64.0,256.0,0.0,11.98,7.83,106.96,0.38,0.0,0.0,0.0,37.0
2026-09-15T22:30:00.222440372Z,4452.0,628.954,37.0,0.0,37.0,2048.0,64.0,256.0,0.0,13.94,17.44,95.57,0.18,0.0,0.0,0.0,37.0
2026-09-15T22:30:00.351160849Z,4453.0,629.082,37.0,8.0,2048.0,2048.0,64.0,256.0,0.0,382.43,13.28,6.12,0.86,0.0,0.0,0.0,37.0
2026-09-15T22:30:00.480828036Z,4454.0,629.212,45.0,8.0,2048.0,2048.0,64.0,256.0,0.0,5.2,7.1,114.79,1.12,0.0,0.0,0.0,37.0
2026-09-15T22:30:00.611156933Z,4455.0,629.343,45.0,8.0,2048.0,2048.0,64.0,256.0,0.0,5.52,9.16,113.35,1.2,0.0,0.0,0.0,37.0
2026-09-15T22:30:00.741275650Z,4456.0,629.472,45.0,8.0,2048.0,2048.0,64.0,256.0,0.0,5.16,7.34,115.94,0.83,0.0,0.0,0.0,37.0
2026-09-15T22:30:00.870925777Z,4457.0,629.602,45.0,8.0,2048.0,2048.0,64.0,256.0,0.0,5.3,7.58,115.72,0.79,0.0,0.0,0.0,37.0
2026-09-15T22:30:01.001118704Z,4458.0,629.733,45.0,8.0,2048.0,2048.0,64.0,256.0,0.0,5.42,7.98,114.89,1.63,0.0,0.0,0.0,37.0
2026-09-15T22:30:01.131550711Z,4459.0,629.863,45.0,8.0,2048.0,2048.0,64.0,256.0,0.0,5.4,7.66,114.91,1.56,0.0,0.0,0.0,37.0
2026-09-15T22:30:01.261825398Z,4460.0,629.993,45.0,8.0,2048.0,2048.0,64.0,256.0,0.0,5.69,7.51,114.75,2.08,0.0,0.0,0.0,37.0
2026-09-15T22:30:01.392096305Z,4461.0,630.123,45.0,8.0,2048.0,2048.0,64.0,256.0,0.0,5.27,7.63,114.88,0.86,0.0,0.0,0.0,37.0
2026-09-15T22:30:01.522072192Z,4462.0,630.253,45.0,8.0,2048.0,2048.0,64.0,256.0,0.0,5.27,8.1,115.27,1.25,0.0,0.0,0.0,37.0
2026-09-15T22:30:01.652363549Z,4463.0,630.384,45.0,8.0,2048.0,2048.0,64.0,256.0,0.0,5.32,8.56,114.35,1.34,0.0,0.0,0.0,37.0
2026-09-15T22:30:01.783069826Z,4464.0,630.514,45.0,8.0,2048.0,2048.0,64.0,256.0,0.0,5.93,7.44,115.05,0.31,0.0,0.0,0.0,37.0
2026-09-15T22:30:01.913835993Z,4465.0,630.645,45.0,8.0,2048.0,2048.0,64.0,256.0,0.0,7.01,10.38,112.03,1.44,0.0,0.0,0.0,36.0
2026-09-15T22:30:02.043798020Z,4466.0,630.775,44.0,8.0,2048.0,2048.0,64.0,256.0,0.0,11.86,9.94,107.07,1.13,0.0,0.0,0.0,35.0
2026-09-15T22:30:02.174237957Z,4467.0,630.906,43.0,8.0,2048.0,2048.0,64.0,256.0,0.0,10.16,7.59,110.5,2.14,0.0,0.0,0.0,35.0
2026-09-15T22:30:02.304076214Z,4468.0,631.035,43.0,8.0,2048.0,2048.0,64.0,256.0,0.0,7.27,13.87,106.53,0.68,0.0,0.0,0.0,35.0
2026-09-15T22:30:02.434742121Z,4469.0,631.166,43.0,8.0,2048.0,2048.0,64.0,256.0,0.0,6.19,7.63,114.74,1.19,0.0,0.0,0.0,35.0
2026-09-15T22:30:02.564937729Z,4470.0,631.296,43.0,8.0,2048.0,2048.0,64.0,256.0,0.0,6.33,7.25,115.26,0.57,0.0,0.0,0.0,35.0
2026-09-15T22:30:02.696229355Z,4471.0,631.428,43.0,8.0,2048.0,2048.0,64.0,256.0,0.0,5.17,7.57,116.19,1.03,0.0,0.0,0.0,35.0
2026-09-15T22:30:02.826567783Z,4472.0,631.558,43.0,8.0,2048.0,2048.0,64.0,256.0,0.0,7.28,11.7,110.41,0.36,0.0,0.0,0.0,34.0
2026-09-15T22:30:02.956746040Z,4473.0,631.688,42.0,8.0,2048.0,2048.0,64.0,256.0,0.0,11.15,11.28,106.6,0.76,0.0,0.0,0.0,33.0
2026-09-15T22:30:03.087630506Z,4474.0,631.819,41.0,8.0,2048.0,2048.0,64.0,256.0,0.0,9.99,9.07,109.99,1.97,0.0,0.0,0.0,33.0
2026-09-15T22:30:03.218016443Z,4475.0,631.949,41.0,8.0,2048.0,2048.0,64.0,256.0,0.0,5.43,8.45,114.33,1.3,0.0,0.0,0.0,33.0
2026-09-15T22:30:03.348944571Z,4476.0,632.08,41.0,8.0,2048.0,2048.0,64.0,256.0,0.0,5.15,9.26,113.82,1.32,0.0,0.0,0.0,33.0
2026-09-15T22:30:03.479646008Z,4477.0,632.211,41.0,8.0,2048.0,2048.0,64.0,256.0,0.0,7.07,11.58,110.35,0.83,0.0,0.0,0.0,33.0
2026-09-15T22:30:03.609857345Z,4478.0,632.341,41.0,8.0,2048.0,2048.0,64.0,256.0,0.0,5.53,8.33,115.37,0.93,0.0,0.0,0.0,33.0
2026-09-15T22:30:03.740937752Z,4479.0,632.472,41.0,8.0,1995.0,2048.0,64.0,256.0,0.0,5.3,8.19,115.2,1.09,0.0,0.0,0.0,34.0
2026-09-15T22:30:03.871788829Z,4480.0,632.603,41.0,7.0,1799.0,2048.0,64.0,256.0,1.0,4.7,7.05,117.63,0.6,0.0,0.0,0.0,34.0
2026-09-15T22:30:04.002332356Z,4481.0,632.734,41.0,7.0,1799.0,2048.0,64.0,256.0,1.0,5.16,10.09,114.2,1.11,0.0,0.0,0.0,34.0
2026-09-15T22:30:04.132823633Z,4482.0,632.864,41.0,7.0,1799.0,2048.0,64.0,256.0,1.0,4.93,8.36,115.51,1.54,0.0,0.0,0.0,34.0
2026-09-15T22:30:04.264081120Z,4483.0,632.995,41.0,7.0,1799.0,2048.0,64.0,256.0,1.0,5.81,7.98,114.54,0.9,0.0,0.0,0.0,34.0
2026-09-15T22:30:04.394917367Z,4484.0,633.126,41.0,7.0,1799.0,2048.0,64.0,256.0,1.0,6.16,8.91,114.45,1.39,0.0,0.0,0.0,34.0
2026-09-15T22:30:04.525096184Z,4485.0,633.256,41.0,7.0,1559.0,2048.0,64.0,256.0,1.0,5.88,8.56,114.28,0.7,0.0,0.0,0.0,35.0
2026-09-15T22:30:04.656421331Z,4486.0,633.388,41.0,6.0,1548.0,2048.0,64.0,256.0,1.0,5.85,8.67,114.19,1.52,0.0,0.0,0.0,35.0
2026-09-15T22:30:04.787185608Z,4487.0,633.518,41.0,6.0,1469.0,2048.0,64.0,256.0,1.0,7.63,9.72,111.88,1.01,0.0,0.0,0.0,35.0
2026-09-15T22:30:04.918005005Z,4488.0,633.649,40.0,5.0,1233.0,2048.0,64.0,256.0,1.0,8.78,8.15,111.95,1.22,0.0,0.0,0.0,36.0
2026-09-15T22:30:05.047719732Z,4489.0,633.779,40.0,4.0,859.0,2048.0,64.0,256.0,1.0,5.63,7.95,115.43,1.37,0.0,0.0,0.0,38.0
2026-09-15T22:30:05.177593049Z,4490.0,633.909,40.0,2.0,543.0,2048.0,64.0,256.0,1.0,5.87,7.81,113.93,0.63,0.0,0.0,0.0,38.0
2026-09-15T22:30:05.307166066Z,4491.0,634.038,40.0,2.0,340.0,2048.0,64.0,256.0,1.0,5.91,8.25,114.52,0.31,0.0,0.0,0.0,39.0
2026-09-15T22:30:05.436166523Z,4492.0,634.168,40.0,1.0,291.0,2048.0,64.0,256.0,1.0,7.26,10.34,110.78,0.76,0.0,0.0,0.0,38.0
2026-09-15T22:30:05.564687590Z,4493.0,634.296,39.0,1.0,291.0,2048.0,64.0,256.0,1.0,10.52,8.85,108.3,1.25,0.0,0.0,0.0,38.0
2026-09-15T22:30:05.694008827Z,4494.0,634.425,39.0,1.0,291.0,2048.0,64.0,256.0,1.0,5.88,7.92,112.68,1.29,0.0,0.0,0.0,38.0
2026-09-15T22:30:05.823008054Z,4495.0,634.554,39.0,1.0,291.0,2048.0,64.0,256.0,1.0,5.13,7.64,114.47,0.56,0.0,0.0,0.0,38.0
2026-09-15T22:30:05.952603431Z,4496.0,634.684,39.0,1.0,291.0,2048.0,64.0,256.0,1.0,6.62,7.38,113.88,0.72,0.0,0.0,0.0,38.0
2026-09-15T22:30:06.081762138Z,4497.0,634.813,39.0,1.0,291.0,2048.0,64.0,256.0,1.0,5.68,8.49,114.01,0.88,0.0,0.0,0.0,38.0
2026-09-15T22:30:06.211446635Z,4498.0,634.943,39.0,1.0,291.0,2048.0,64.0,256.0,1.0,5.27,8.39,113.97,2.25,0.0,0.0,0.0,38.0
2026-09-15T22:30:06.340630112Z,4499.0,635.072,39.0,1.0,291.0,2048.0,64.0,256.0,1.0,5.54,8.04,113.3,0.91,0.0,0.0,0.0,38.0
2026-09-15T22:30:06.469777270Z,4500.0,635.201,39.0,1.0,291.0,2048.0,64.0,256.0,1.0,5.27,7.81,114.5,1.17,0.0,0.0,0.0,38.0
2026-09-15T22:30:06.598933117Z,4501.0,635.33,39.0,1.0,291.0,2048.0,64.0,256.0,1.0,5.12,7.67,114.51,1.53,0.0,0.0,0.0,38.0
2026-09-15T22:30:06.729156864Z,4502.0,635.461,39.0,1.0,291.0,2048.0,64.0,256.0,1.0,7.05,11.09,108.89,1.69,0.0,0.0,0.0,38.0
2026-09-15T22:30:06.857828081Z,4503.0,635.589,39.0,1.0,291.0,2048.0,64.0,256.0,1.0,5.1,7.94,114.84,1.46,0.0,0.0,0.0,38.0
2026-09-15T22:30:06.988384818Z,4504.0,635.72,39.0,1.0,291.0,2048.0,64.0,256.0,1.0,5.11,7.88,113.6,1.73,0.0,0.0,0.0,38.0
2026-09-15T22:30:07.116677745Z,4505.0,635.848,39.0,1.0,291.0,2048.0,64.0,256.0,1.0,6.14,8.67,113.08,0.34,0.0,0.0,0.0,38.0
2026-09-15T22:30:07.246332282Z,4506.0,635.978,39.0,1.0,291.0,2048.0,64.0,256.0,1.0,7.6,8.93,110.86,0.99,0.0,0.0,0.0,38.0
2026-09-15T22:30:07.376318509Z,4507.0,636.108,39.0,1.0,291.0,2048.0,64.0,256.0,1.0,6.19,7.69,113.91,1.43,0.0,0.0,0.0,38.0
2026-09-15T22:30:07.505857736Z,4508.0,636.237,39.0,1.0,291.0,2048.0,64.0,256.0,1.0,5.19,6.94,115.81,0.69,0.0,0.0,0.0,38.0
2026-09-15T22:30:07.636637353Z,4509.0,636.367,39.0,1.0,291.0,2048.0,64.0,256.0,1.0,5.57,14.65,107.82,0.44,0.0,0.0,0.0,38.0
2026-09-15T22:30:07.765176570Z,4510.0,636.497,39.0,1.0,290.0,2048.0,64.0,256.0,1.0,6.5,10.63,111.5,1.12,0.0,0.0,0.0,37.0
2026-09-15T22:30:07.895096727Z,4511.0,636.627,38.0,1.0,290.0,2048.0,64.0,256.0,1.0,10.71,8.42,108.55,1.43,0.0,0.0,0.0,37.0
2026-09-15T22:30:08.024920224Z,4512.0,636.756,38.0,1.0,290.0,2048.0,64.0,256.0,1.0,5.34,8.09,114.44,0.78,0.0,0.0,0.0,37.0
2026-09-15T22:30:08.155537851Z,4513.0,636.887,38.0,1.0,290.0,2048.0,64.0,256.0,1.0,5.5,8.26,114.65,2.08,0.0,0.0,0.0,37.0
2026-09-15T22:30:08.285769168Z,4514.0,637.017,38.0,1.0,290.0,2048.0,64.0,256.0,1.0,5.66,8.22,113.89,1.64,0.0,0.0,0.0,37.0
2026-09-15T22:30:08.415504355Z,4515.0,637.147,38.0,1.0,290.0,2048.0,64.0,256.0,1.0,5.68,8.84,113.25,1.49,0.0,0.0,0.0,37.0
2026-09-15T22:30:08.544981312Z,4516.0,637.276,38.0,1.0,290.0,2048.0,64.0,256.0,1.0,6.57,11.18,109.72,0.5,0.0,0.0,0.0,37.0
2026-09-15T22:30:08.674783559Z,4517.0,637.406,38.0,1.0,290.0,2048.0,64.0,256.0,1.0,5.77,8.52,114.04,0.33,0.0,0.0,0.0,37.0
2026-09-15T22:30:08.805404676Z,4518.0,637.537,38.0,1.0,290.0,2048.0,64.0,256.0,1.0,5.94,7.93,114.97,0.81,0.0,0.0,0.0,37.0
2026-09-15T22:30:08.935117044Z,4519.0,637.666,38.0,1.0,290.0,2048.0,64.0,256.0,1.0,5.49,7.6,116.01,0.68,0.0,0.0,0.0,37.0
2026-09-15T22:30:09.065570341Z,4520.0,637.797,38.0,1.0,290.0,2048.0,64.0,256.0,1.0,6.96,8.28,113.1,1.65,0.0,0.0,0.0,37.0
2026-09-15T22:30:09.195830128Z,4521.0,637.927,38.0,1.0,290.0,2048.0,64.0,256.0,1.0,5.79,10.14,112.23,0.46,0.0,0.0,0.0,37.0
2026-09-15T22:30:09.325888105Z,4522.0,638.057,38.0,1.0,289.0,2048.0,64.0,256.0,1.0,11.08,12.55,105.09,0.66,0.0,0.0,0.0,36.0
2026-09-15T22:30:09.456162772Z,4523.0,638.188,37.0,1.0,256.0,2048.0,64.0,256.0,1.0,9.81,7.84,111.36,1.34,0.0,0.0,0.0,37.0
2026-09-15T22:30:09.585182269Z,4524.0,638.317,37.0,0.0,37.0,2048.0,64.0,256.0,0.0,5.31,7.35,115.71,1.19,0.0,0.0,0.0,37.0
2026-09-15T22:30:09.713444586Z,4525.0,638.445,37.0,0.0,37.0,2048.0,64.0,256.0,0.0,5.97,7.67,113.47,0.52,0.0,0.0,0.0,37.0
2026-09-15T22:30:09.842275383Z,4526.0,638.574,37.0,0.0,37.0,2048.0,64.0,256.0,0.0,5.23,8.33,113.52,1.57,0.0,0.0,0.0,37.0
2026-09-15T22:30:09.971150780Z,4527.0,638.702,37.0,0.0,37.0,2048.0,64.0,256.0,0.0,5.12,7.36,114.19,1.57,0.0,0.0,0.0,37.0
2026-09-15T22:30:10.100001177Z,4528.0,638.831,37.0,0.0,37.0,2048.0,64.0,256.0,0.0,5.52,10.78,110.08,0.35,0.0,0.0,0.0,37.0
2026-09-15T22:30:10.228875074Z,4529.0,638.96,37.0,0.0,36.0,2048.0,64.0,256.0,0.0,7.48,14.2,105.73,1.71,0.0,0.0,0.0,36.0
2026-09-15T22:30:10.356709631Z,4530.0,639.088,36.0,0.0,36.0,2048.0,64.0,256.0,0.0,11.62,7.97,107.22,0.61,0.0,0.0,0.0,36.0
2026-09-15T22:30:10.485430218Z,4531.0,639.217,36.0,0.0,36.0,2048.0,64.0,256.0,0.0,5.22,8.42,112.67,0.71,0.0,0.0,0.0,36.0
2026-09-15T22:30:10.614101555Z,4532.0,639.345,36.0,0.0,36.0,2048.0,64.0,256.0,0.0,6.22,15.36,105.67,0.53,0.0,0.0,0.0,36.0
2026-09-15T22:30:10.743355083Z,4533.0,639.475,36.0,0.0,36.0,2048.0,64.0,256.0,0.0,6.65,9.58,111.17,1.28,0.0,0.0,0.0,36.0
2026-09-15T22:30:10.871121989Z,4534.0,639.603,36.0,0.0,36.0,2048.0,64.0,256.0,0.0,5.37,7.53,114.4,0.68,0.0,0.0,0.0,36.0
2026-09-15T22:30:11.000392777Z,4535.0,639.732,36.0,0.0,36.0,2048.0,64.0,256.0,0.0,5.19,7.67,113.67,2.25,0.0,0.0,0.0,36.0
2026-09-15T22:30:11.128512404Z,4536.0,639.86,36.0,0.0,36.0,2048.0,64.0,256.0,0.0,5.65,7.45,113.22,0.3,0.0,0.0,0.0,36.0
2026-09-15T22:30:11.258706051Z,4537.0,639.99,36.0,0.0,36.0,2048.0,64.0,256.0,0.0,5.47,7.39,114.18,0.34,0.0,0.0,0.0,36.0
2026-09-15T22:30:11.386217168Z,4538.0,640.118,36.0,0.0,35.0,2048.0,64.0,256.0,0.0,6.89,10.03,111.19,1.72,0.0,0.0,0.0,35.0
2026-09-15T22:30:11.515062995Z,4539.0,640.246,35.0,0.0,35.0,2048.0,64.0,256.0,0.0,8.44,8.59,107.93,0.8,0.0,0.0,0.0,35.0
2026-09-15T22:30:11.643878752Z,4540.0,640.375,35.0,0.0,35.0,2048.0,64.0,256.0,0.0,5.57,8.02,113.95,1.57,0.0,0.0,0.0,35.0
2026-09-15T22:30:11.772658719Z,4541.0,640.504,35.0,0.0,35.0,2048.0,64.0,256.0,0.0,5.52,8.23,112.84,1.26,0.0,0.0,0.0,35.0
2026-09-15T22:30:11.901036536Z,4542.0,640.632,35.0,0.0,35.0,2048.0,64.0,256.0,0.0,5.6,7.38,113.95,0.85,0.0,0.0,0.0,35.0
2026-09-15T22:30:12.029690263Z,4543.0,640.761,35.0,0.0,35.0,2048.0,64.0,256.0,0.0,12.75,12.12,102.04,0.8,0.0,0.0,0.0,35.0
2026-09-15T22:30:12.157909600Z,4544.0,640.889,35.0,0.0,35.0,2048.0,64.0,256.0,0.0,6.1,7.02,114.1,0.6,0.0,0.0,0.0,35.0
2026-09-15T22:30:12.287071097Z,4545.0,641.019,35.0,0.0,35.0,2048.0,64.0,256.0,0.0,4.9,7.7,114.37,0.82,0.0,0.0,0.0,35.0
2026-09-15T22:30:12.415822585Z,4546.0,641.147,35.0,0.0,35.0,2048.0,64.0,256.0,0.0,5.51,7.19,115.02,0.66,0.0,0.0,0.0,35.0
2026-09-15T22:30:12.544517831Z,4547.0,641.276,35.0,0.0,35.0,2048.0,64.0,256.0,0.0,5.09,7.09,115.24,1.14,0.0,0.0,0.0,35.0
2026-09-15T22:30:12.673571479Z,4548.0,641.405,35.0,0.0,35.0,2048.0,64.0,256.0,0.0,5.21,7.02,114.6,1.61,0.0,0.0,0.0,35.0
2026-09-15T22:30:12.801591446Z,4549.0,641.533,35.0,0.0,34.0,2048.0,64.0,256.0,0.0,6.23,9.69,110.82,0.6,0.0,0.0,0.0,34.0
2026-09-15T22:30:12.930262583Z,4550.0,641.662,34.0,0.0,34.0,2048.0,64.0,256.0,0.0,10.08,8.26,108.42,1.85,0.0,0.0,0.0,34.0
2026-09-15T22:30:13.058548770Z,4551.0,641.79,34.0,0.0,34.0,2048.0,64.0,256.0,0.0,4.96,7.56,113.64,1.8,0.0,0.0,0.0,34.0
2026-09-15T22:30:13.186692847Z,4552.0,641.918,34.0,0.0,34.0,2048.0,64.0,256.0,0.0,5.61,7.09,113.12,0.37,0.0,0.0,0.0,34.0
2026-09-15T22:30:13.315875044Z,4553.0,642.047,34.0,0.0,33.0,2048.0,64.0,256.0,0.0,7.49,12.08,107.63,0.28,0.0,0.0,0.0,33.0
2026-09-15T22:30:13.445152661Z,4554.0,642.177,33.0,0.0,32.0,2048.0,64.0,256.0,0.0,13.4,11.74,102.83,0.26,0.0,0.0,0.0,32.0
2026-09-15T22:30:13.770096134Z,4555.0,642.501,32.0,0.0,32.0,2048.0,64.0,256.0,0.0,9.62,7.21,110.55,0.2,0.0,0.0,0.0,32.0
2026-09-15T22:30:13.896837821Z,4556.0,642.628,32.0,8.0,2048.0,2048.0,64.0,256.0,0.0,305.48,11.73,6.78,0.81,0.0,0.0,0.0,32.0
2026-09-15T22:30:14.026442268Z,4557.0,642.758,40.0,8.0,2048.0,2048.0,64.0,256.0,0.0,7.87,9.68,107.91,0.72,0.0,0.0,0.0,31.0
2026-09-15T22:30:14.156679945Z,4558.0,642.888,39.0,8.0,2048.0,2048.0,64.0,256.0,0.0,10.64,7.72,109.8,1.24,0.0,0.0,0.0,31.0
2026-09-15T22:30:14.285727912Z,4559.0,643.017,39.0,8.0,2048.0,2048.0,64.0,256.0,0.0,5.16,7.43,115.81,0.6,0.0,0.0,0.0,31.0
2026-09-15T22:30:14.415510689Z,4560.0,643.147,39.0,8.0,2048.0,2048.0,64.0,256.0,0.0,5.13,7.54,115.09,0.72,0.0,0.0,0.0,31.0
2026-09-15T22:30:14.545599476Z,4561.0,643.277,39.0,8.0,2048.0,2048.0,64.0,256.0,0.0,5.06,7.22,116.14,1.48,0.0,0.0,0.0,31.0
2026-09-15T22:30:14.675163403Z,4562.0,643.407,39.0,8.0,2048.0,2048.0,64.0,256.0,0.0,4.98,7.46,115.52,1.36,0.0,0.0,0.0,31.0
2026-09-15T22:30:14.804904860Z,4563.0,643.536,39.0,8.0,2048.0,2048.0,64.0,256.0,0.0,5.95,7.49,114.21,1.67,0.0,0.0,0.0,31.0
2026-09-15T22:30:14.935054137Z,4564.0,643.666,39.0,8.0,2048.0,2048.0,64.0,256.0,0.0,5.09,7.63,114.81,2.05,0.0,0.0,0.0,31.0
2026-09-15T22:30:15.064452204Z,4565.0,643.796,39.0,8.0,2048.0,2048.0,64.0,256.0,0.0,5.56,7.7,114.2,0.41,0.0,0.0,0.0,31.0
2026-09-15T22:30:15.194950361Z,4566.0,643.926,39.0,8.0,2048.0,2048.0,64.0,256.0,0.0,4.91,8.18,115.19,1.77,0.0,0.0,0.0,31.0
2026-09-15T22:30:15.324664248Z,4567.0,644.056,39.0,8.0,2048.0,2048.0,64.0,256.0,0.0,4.88,7.7,115.7,1.38,0.0,0.0,0.0,31.0
2026-09-15T22:30:15.454739965Z,4568.0,644.186,39.0,8.0,2048.0,2048.0,64.0,256.0,0.0,5.68,7.96,114.11,1.12,0.0,0.0,0.0,31.0
2026-09-15T22:30:15.584652173Z,4569.0,644.316,39.0,8.0,2048.0,2048.0,64.0,256.0,0.0,4.85,7.47,116.07,0.5,0.0,0.0,0.0,31.0
2026-09-15T22:30:15.714937119Z,4570.0,644.446,39.0,8.0,2048.0,2048.0,64.0,256.0,0.0,6.15,9.56,113.04,1.7,0.0,0.0,0.0,30.0
2026-09-15T22:30:15.845933576Z,4571.0,644.577,38.0,8.0,2048.0,2048.0,64.0,256.0,0.0,10.53,8.87,108.33,2.38,0.0,0.0,0.0,30.0
2026-09-15T22:30:15.975323764Z,4572.0,644.707,38.0,8.0,2048.0,2048.0,64.0,256.0,0.0,5.37,8.21,114.15,0.6,0.0,0.0,0.0,30.0
2026-09-15T22:30:16.105469150Z,4573.0,644.837,38.0,8.0,2048.0,2048.0,64.0,256.0,0.0,5.27,7.82,115.06,0.67,0.0,0.0,0.0,30.0
2026-09-15T22:30:16.236224627Z,4574.0,644.968,38.0,8.0,2048.0,2048.0,64.0,256.0,0.0,6.65,8.34,113.73,0.98,0.0,0.0,0.0,30.0
2026-09-15T22:30:16.366272395Z,4575.0,645.098,38.0,8.0,2048.0,2048.0,64.0,256.0,0.0,6.55,13.1,109.09,0.73,0.0,0.0,0.0,29.0
2026-09-15T22:30:16.496838082Z,4576.0,645.228,37.0,8.0,2048.0,2048.0,64.0,256.0,0.0,10.06,8.92,109.63,0.31,0.0,0.0,0.0,29.0
2026-09-15T22:30:16.627573789Z,4577.0,645.359,37.0,8.0,2048.0,2048.0,64.0,256.0,0.0,6.67,10.31,112.47,1.3,0.0,0.0,0.0,28.0
2026-09-15T22:30:16.757053296Z,4578.0,645.488,36.0,8.0,2048.0,2048.0,64.0,256.0,0.0,12.9,11.2,103.99,0.57,0.0,0.0,0.0,27.0
2026-09-15T22:30:16.887174673Z,4579.0,645.618,35.0,8.0,2048.0,2048.0,64.0,256.0,0.0,11.84,9.37,106.68,1.59,0.0,0.0,0.0,27.0
2026-09-15T22:30:17.017159980Z,4580.0,645.748,35.0,8.0,1804.0,2048.0,64.0,256.0,0.0,17.85,15.88,93.9,0.85,0.0,0.0,0.0,28.0
2026-09-15T22:30:17.147184317Z,4581.0,645.879,35.0,7.0,1795.0,2048.0,64.0,256.0,1.0,8.12,10.29,109.95,1.07,0.0,0.0,0.0,29.0
2026-09-15T22:30:17.277487724Z,4582.0,646.009,35.0,6.0,1355.0,2048.0,64.0,256.0,1.0,5.39,7.32,115.74,0.95,0.0,0.0,0.0,30.0
2026-09-15T22:30:17.406521461Z,4583.0,646.138,35.0,5.0,1150.0,2048.0,64.0,256.0,1.0,5.03,8.08,115.35,0.75,0.0,0.0,0.0,31.0
2026-09-15T22:30:17.536579528Z,4584.0,646.268,35.0,4.0,1043.0,2048.0,64.0,256.0,1.0,5.56,7.47,114.68,0.89,0.0,0.0,0.0,31.0
2026-09-15T22:30:17.666204095Z,4585.0,646.398,35.0,4.0,1043.0,2048.0,64.0,256.0,1.0,6.43,10.02,112.03,0.97,0.0,0.0,0.0,31.0
2026-09-15T22:30:17.796025892Z,4586.0,646.527,35.0,4.0,1043.0,2048.0,64.0,256.0,1.0,4.92,7.14,116.02,1.07,0.0,0.0,0.0,31.0
2026-09-15T22:30:17.926074629Z,4587.0,646.657,35.0,4.0,1043.0,2048.0,64.0,256.0,1.0,6.54,10.37,110.84,2.08,0.0,0.0,0.0,31.0
2026-09-15T22:30:18.055809386Z,4588.0,646.787,35.0,4.0,925.0,2048.0,64.0,256.0,1.0,5.12,7.97,114.29,1.08,0.0,0.0,0.0,32.0
2026-09-15T22:30:18.185592903Z,4589.0,646.917,35.0,3.0,792.0,2048.0,64.0,256.0,1.0,5.7,8.14,114.26,1.88,0.0,0.0,0.0,32.0
2026-09-15T22:30:18.315531690Z,4590.0,647.047,35.0,3.0,792.0,2048.0,64.0,256.0,1.0,6.69,9.48,110.89,1.72,0.0,0.0,0.0,32.0
2026-09-15T22:30:18.445433608Z,4591.0,647.177,35.0,3.0,792.0,2048.0,64.0,256.0,1.0,6.13,8.87,112.53,0.65,0.0,0.0,0.0,32.0
2026-09-15T22:30:18.574862245Z,4592.0,647.306,35.0,3.0,791.0,2048.0,64.0,256.0,1.0,8.51,10.85,109.06,0.88,0.0,0.0,0.0,31.0
2026-09-15T22:30:18.705223211Z,4593.0,647.437,34.0,3.0,791.0,2048.0,64.0,256.0,1.0,10.26,7.84,109.73,0.58,0.0,0.0,0.0,31.0
2026-09-15T22:30:18.834497748Z,4594.0,647.566,34.0,3.0,790.0,2048.0,64.0,256.0,1.0,7.39,10.66,110.61,0.86,0.0,0.0,0.0,30.0
2026-09-15T22:30:18.965759776Z,4595.0,647.697,33.0,3.0,790.0,2048.0,64.0,256.0,1.0,10.7,7.98,109.21,1.55,0.0,0.0,0.0,30.0
2026-09-15T22:30:19.094418083Z,4596.0,647.826,33.0,3.0,790.0,2048.0,64.0,256.0,1.0,5.65,7.29,115.78,0.61,0.0,0.0,0.0,30.0
2026-09-15T22:30:19.224530310Z,4597.0,647.956,33.0,3.0,633.0,2048.0,64.0,256.0,1.0,11.81,9.04,106.69,0.52,0.0,0.0,0.0,31.0
2026-09-15T22:30:19.354440737Z,4598.0,648.086,33.0,2.0,369.0,2048.0,64.0,256.0,1.0,4.66,8.15,116.07,0.63,0.0,0.0,0.0,32.0
2026-09-15T22:30:19.484246674Z,4599.0,648.216,33.0,1.0,285.0,2048.0,64.0,256.0,1.0,5.3,10.12,113.01,0.95,0.0,0.0,0.0,32.0
2026-09-15T22:30:19.614593141Z,4600.0,648.346,33.0,1.0,196.0,2048.0,64.0,256.0,1.0,5.25,8.54,114.42,1.71,0.0,0.0,0.0,33.0
2026-09-15T22:30:19.742892978Z,4601.0,648.474,33.0,0.0,33.0,2048.0,64.0,256.0,0.0,4.76,7.43,115.73,1.07,0.0,0.0,0.0,33.0
2026-09-15T22:30:19.871414245Z,4602.0,648.603,33.0,0.0,33.0,2048.0,64.0,256.0,0.0,5.17,8.01,113.44,0.88,0.0,0.0,0.0,33.0
2026-09-15T22:30:19.999756732Z,4603.0,648.731,33.0,0.0,33.0,2048.0,64.0,256.0,0.0,6.54,8.48,111.96,1.49,0.0,0.0,0.0,33.0
2026-09-15T22:30:20.127603899Z,4604.0,648.859,33.0,0.0,33.0,2048.0,64.0,256.0,0.0,5.66,7.38,113.18,1.51,0.0,0.0,0.0,33.0
2026-09-15T22:30:20.256664876Z,4605.0,648.988,33.0,0.0,33.0,2048.0,64.0,256.0,0.0,5.05,7.6,113.13,0.62,0.0,0.0,0.0,33.0
2026-09-15T22:30:20.385516883Z,4606.0,649.117,33.0,0.0,32.0,2048.0,64.0,256.0,0.0,6.28,10.54,110.64,0.97,0.0,0.0,0.0,32.0
2026-09-15T22:30:20.512854580Z,4607.0,649.244,32.0,0.0,32.0,2048.0,64.0,256.0,0.0,11.09,7.75,108.29,1.43,0.0,0.0,0.0,32.0
2026-09-15T22:30:20.642110007Z,4608.0,649.373,32.0,0.0,32.0,2048.0,64.0,256.0,0.0,5.7,7.7,112.05,1.33,0.0,0.0,0.0,32.0
2026-09-15T22:30:20.770176675Z,4609.0,649.502,32.0,0.0,31.0,2048.0,64.0,256.0,0.0,6.54,11.23,109.22,0.97,0.0,0.0,0.0,31.0
2026-09-15T22:30:20.898570161Z,4610.0,649.63,31.0,0.0,31.0,2048.0,64.0,256.0,0.0,14.71,10.94,100.76,0.65,0.0,0.0,0.0,31.0
2026-09-15T22:30:21.026650419Z,4611.0,649.758,31.0,0.0,30.0,2048.0,64.0,256.0,0.0,8.89,9.84,108.12,1.2,0.0,0.0,0.0,30.0
2026-09-15T22:30:21.155163276Z,4612.0,649.887,30.0,0.0,30.0,2048.0,64.0,256.0,0.0,11.34,8.58,106.56,1.88,0.0,0.0,0.0,30.0
2026-09-15T22:30:21.283921443Z,4613.0,650.015,30.0,0.0,30.0,2048.0,64.0,256.0,0.0,5.2,7.57,113.19,0.84,0.0,0.0,0.0,30.0
2026-09-15T22:30:21.411624830Z,4614.0,650.143,30.0,0.0,30.0,2048.0,64.0,256.0,0.0,5.06,8.54,113.65,0.88,0.0,0.0,0.0,30.0
2026-09-15T22:30:21.540224437Z,4615.0,650.272,30.0,0.0,30.0,2048.0,64.0,256.0,0.0,5.11,7.96,113.2,1.24,0.0,0.0,0.0,30.0
2026-09-15T22:30:21.669299384Z,4616.0,650.401,30.0,0.0,30.0,2048.0,64.0,256.0,0.0,4.68,7.51,114.67,2.01,0.0,0.0,0.0,30.0
2026-09-15T22:30:21.797384521Z,4617.0,650.529,30.0,0.0,30.0,2048.0,64.0,256.0,0.0,4.65,7.27,114.61,0.86,0.0,0.0,0.0,30.0
2026-09-15T22:30:21.925936738Z,4618.0,650.657,30.0,0.0,30.0,2048.0,64.0,256.0,0.0,5.3,7.67,113.39,1.24,0.0,0.0,0.0,30.0
2026-09-15T22:30:22.053731725Z,4619.0,650.785,30.0,0.0,30.0,2048.0,64.0,256.0,0.0,5.14,10.4,111.16,1.15,0.0,0.0,0.0,30.0
2026-09-15T22:30:22.182274762Z,4620.0,650.914,30.0,0.0,30.0,2048.0,64.0,256.0,0.0,5.95,8.06,112.05,0.77,0.0,0.0,0.0,30.0
2026-09-15T22:30:22.310536980Z,4621.0,651.042,30.0,0.0,30.0,2048.0,64.0,256.0,0.0,4.74,8.7,113.62,0.92,0.0,0.0,0.0,30.0
2026-09-15T22:30:22.439553646Z,4622.0,651.171,30.0,0.0,30.0,2048.0,64.0,256.0,0.0,5.31,8.21,113.2,1.75,0.0,0.0,0.0,30.0
2026-09-15T22:30:22.567688594Z,4623.0,651.299,30.0,0.0,30.0,2048.0,64.0,256.0,0.0,4.82,6.97,114.85,0.82,0.0,0.0,0.0,30.0
2026-09-15T22:30:22.695653821Z,4624.0,651.427,30.0,0.0,30.0,2048.0,64.0,256.0,0.0,5.85,8.26,112.39,0.32,0.0,0.0,0.0,30.0
2026-09-15T22:30:22.824081538Z,4625.0,651.555,30.0,0.0,30.0,2048.0,64.0,256.0,0.0,7.22,9.22,110.65,1.4,0.0,0.0,0.0,30.0
2026-09-15T22:30:22.953462715Z,4626.0,651.685,30.0,0.0,30.0,2048.0,64.0,256.0,0.0,10.39,8.15,107.84,1.64,0.0,0.0,0.0,30.0
2026-09-15T22:30:23.081549902Z,4627.0,651.813,30.0,0.0,30.0,2048.0,64.0,256.0,0.0,5.21,7.61,114.23,1.81,0.0,0.0,0.0,30.0
2026-09-15T22:30:23.209633749Z,4628.0,651.941,30.0,0.0,30.0,2048.0,64.0,256.0,0.0,5.83,8.01,111.69,0.83,0.0,0.0,0.0,30.0
2026-09-15T22:30:23.339130656Z,4629.0,652.071,30.0,0.0,30.0,2048.0,64.0,256.0,0.0,21.18,8.18,97.09,2.16,0.0,0.0,0.0,30.0
2026-09-15T22:30:23.467570693Z,4630.0,652.199,30.0,0.0,29.0,2048.0,64.0,256.0,0.0,6.47,9.42,110.92,2.23,0.0,0.0,0.0,29.0
2026-09-15T22:30:23.595557820Z,4631.0,652.327,29.0,0.0,29.0,2048.0,64.0,256.0,0.0,7.87,7.38,110.22,1.73,0.0,0.0,0.0,29.0
2026-09-15T22:30:23.723400337Z,4632.0,652.455,29.0,0.0,29.0,2048.0,64.0,256.0,0.0,5.23,7.87,112.4,1.2,0.0,0.0,0.0,29.0
2026-09-15T22:30:24.065544330Z,4633.0,652.797,29.0,0.0,29.0,2048.0,64.0,256.0,0.0,5.28,7.74,112.97,0.18,0.0,0.0,0.0,29.0
2026-09-15T22:30:24.191429267Z,4634.0,652.923,29.0,8.0,2048.0,2048.0,64.0,256.0,0.0,321.12,13.53,6.78,0.38,0.0,0.0,0.0,29.0
2026-09-15T22:30:24.321368834Z,4635.0,653.053,37.0,8.0,2048.0,2048.0,64.0,256.0,0.0,4.95,7.44,112.48,1.0,0.0,0.0,0.0,29.0
2026-09-15T22:30:24.451355121Z,4636.0,653.183,37.0,8.0,2048.0,2048.0,64.0,256.0,0.0,4.97,7.84,115.33,1.9,0.0,0.0,0.0,29.0
2026-09-15T22:30:24.580417778Z,4637.0,653.312,37.0,8.0,2048.0,2048.0,64.0,256.0,0.0,5.46,8.24,113.82,1.55,0.0,0.0,0.0,29.0
2026-09-15T22:30:24.710571635Z,4638.0,653.442,37.0,8.0,2048.0,2048.0,64.0,256.0,0.0,6.05,6.99,113.71,1.13,0.0,0.0,0.0,29.0
2026-09-15T22:30:24.839854742Z,4639.0,653.571,37.0,8.0,2048.0,2048.0,64.0,256.0,0.0,5.89,9.3,113.2,1.75,0.0,0.0,0.0,28.0
2026-09-15T22:30:24.970359629Z,4640.0,653.702,36.0,8.0,2048.0,2048.0,64.0,256.0,0.0,9.77,7.15,110.01,1.72,0.0,0.0,0.0,28.0
2026-09-15T22:30:25.099081796Z,4641.0,653.83,36.0,8.0,2048.0,2048.0,64.0,256.0,0.0,5.23,7.92,114.81,1.56,0.0,0.0,0.0,28.0
2026-09-15T22:30:25.228824503Z,4642.0,653.96,36.0,8.0,2048.0,2048.0,64.0,256.0,0.0,6.42,8.47,111.64,0.78,0.0,0.0,0.0,28.0
2026-09-15T22:30:25.358824390Z,4643.0,654.09,36.0,8.0,2048.0,2048.0,64.0,256.0,0.0,6.35,12.08,109.74,1.48,0.0,0.0,0.0,28.0
2026-09-15T22:30:25.489082417Z,4644.0,654.22,36.0,8.0,2048.0,2048.0,64.0,256.0,0.0,4.94,9.2,113.71,2.45,0.0,0.0,0.0,28.0
2026-09-15T22:30:25.618555034Z,4645.0,654.35,36.0,8.0,2048.0,2048.0,64.0,256.0,0.0,5.47,8.34,113.35,1.17,0.0,0.0,0.0,28.0
2026-09-15T22:30:25.749041471Z,4646.0,654.48,36.0,8.0,2048.0,2048.0,64.0,256.0,0.0,5.31,8.09,114.13,1.04,0.0,0.0,0.0,28.0
2026-09-15T22:30:25.878251998Z,4647.0,654.61,36.0,8.0,2048.0,2048.0,64.0,256.0,0.0,5.19,7.75,115.86,1.32,0.0,0.0,0.0,28.0
2026-09-15T22:30:26.008384785Z,4648.0,654.74,36.0,8.0,2048.0,2048.0,64.0,256.0,0.0,5.35,8.78,112.91,0.92,0.0,0.0,0.0,28.0
2026-09-15T22:30:26.138665173Z,4649.0,654.87,36.0,8.0,2048.0,2048.0,64.0,256.0,0.0,5.24,8.7,114.45,0.95,0.0,0.0,0.0,28.0
2026-09-15T22:30:26.268473839Z,4650.0,655.0,36.0,8.0,2048.0,2048.0,64.0,256.0,0.0,5.64,7.65,115.32,0.47,0.0,0.0,0.0,28.0
2026-09-15T22:30:26.398790387Z,4651.0,655.13,36.0,8.0,2048.0,2048.0,64.0,256.0,0.0,5.34,8.27,114.86,1.1,0.0,0.0,0.0,28.0
2026-09-15T22:30:26.528987974Z,4652.0,655.26,36.0,8.0,2048.0,2048.0,64.0,256.0,0.0,5.53,7.34,115.65,1.71,0.0,0.0,0.0,28.0
2026-09-15T22:30:26.659476410Z,4653.0,655.391,36.0,8.0,2048.0,2048.0,64.0,256.0,0.0,5.1,7.57,115.09,1.07,0.0,0.0,0.0,28.0
2026-09-15T22:30:26.789312448Z,4654.0,655.521,36.0,8.0,2048.0,2048.0,64.0,256.0,0.0,5.35,7.73,115.56,1.14,0.0,0.0,0.0,28.0
2026-09-15T22:30:26.919500865Z,4655.0,655.651,36.0,8.0,2048.0,2048.0,64.0,256.0,0.0,5.55,11.07,111.34,1.02,0.0,0.0,0.0,28.0
2026-09-15T22:30:27.049899952Z,4656.0,655.781,36.0,8.0,2048.0,2048.0,64.0,256.0,0.0,5.31,9.36,113.67,0.93,0.0,0.0,0.0,28.0
2026-09-15T22:30:27.180128669Z,4657.0,655.911,36.0,8.0,1815.0,2048.0,64.0,256.0,0.0,4.9,7.66,116.44,0.84,0.0,0.0,0.0,29.0
2026-09-15T22:30:27.310470846Z,4658.0,656.042,36.0,7.0,1797.0,2048.0,64.0,256.0,1.0,5.31,7.75,115.62,1.36,0.0,0.0,0.0,29.0
2026-09-15T22:30:27.440596293Z,4659.0,656.172,36.0,7.0,1797.0,2048.0,64.0,256.0,1.0,5.2,8.1,114.75,0.48,0.0,0.0,0.0,29.0
2026-09-15T22:30:27.570932270Z,4660.0,656.302,36.0,7.0,1797.0,2048.0,64.0,256.0,1.0,5.2,7.16,116.58,1.03,0.0,0.0,0.0,29.0
2026-09-15T22:30:27.701583607Z,4661.0,656.433,36.0,7.0,1797.0,2048.0,64.0,256.0,1.0,6.43,9.72,112.6,1.24,0.0,0.0,0.0,29.0
2026-09-15T22:30:27.831489484Z,4662.0,656.563,36.0,7.0,1605.0,2048.0,64.0,256.0,1.0,4.48,9.76,114.39,0.82,0.0,0.0,0.0,30.0
2026-09-15T22:30:27.962250251Z,4663.0,656.694,36.0,6.0,1486.0,2048.0,64.0,256.0,1.0,4.87,8.72,114.79,1.19,0.0,0.0,0.0,31.0
2026-09-15T22:30:28.092257098Z,4664.0,656.824,36.0,5.0,1295.0,2048.0,64.0,256.0,1.0,4.92,9.85,114.01,0.35,0.0,0.0,0.0,31.0
2026-09-15T22:30:28.222483195Z,4665.0,656.954,36.0,5.0,1157.0,2048.0,64.0,256.0,1.0,5.51,8.27,115.36,1.59,0.0,0.0,0.0,32.0
2026-09-15T22:30:28.352185802Z,4666.0,657.084,36.0,4.0,1045.0,2048.0,64.0,256.0,1.0,5.91,7.84,114.13,1.31,0.0,0.0,0.0,32.0
2026-09-15T22:30:28.482372039Z,4667.0,657.214,36.0,4.0,1045.0,2048.0,64.0,256.0,1.0,5.52,8.0,114.19,0.96,0.0,0.0,0.0,32.0
2026-09-15T22:30:28.612293126Z,4668.0,657.344,36.0,4.0,1045.0,2048.0,64.0,256.0,1.0,5.7,8.27,114.42,0.57,0.0,0.0,0.0,32.0
2026-09-15T22:30:28.742244353Z,4669.0,657.474,36.0,4.0,1044.0,2048.0,64.0,256.0,1.0,7.38,11.19,110.24,1.27,0.0,0.0,0.0,31.0
2026-09-15T22:30:28.872440780Z,4670.0,657.604,35.0,4.0,942.0,2048.0,64.0,256.0,1.0,10.51,8.39,108.94,1.52,0.0,0.0,0.0,33.0
2026-09-15T22:30:29.001726477Z,4671.0,657.733,35.0,2.0,539.0,2048.0,64.0,256.0,1.0,4.94,7.47,115.54,1.32,0.0,0.0,0.0,33.0
2026-09-15T22:30:29.132079044Z,4672.0,657.863,35.0,2.0,539.0,2048.0,64.0,256.0,1.0,5.36,8.11,114.13,0.75,0.0,0.0,0.0,33.0
2026-09-15T22:30:29.261831971Z,4673.0,657.993,35.0,2.0,482.0,2048.0,64.0,256.0,1.0,6.41,7.75,114.74,0.67,0.0,0.0,0.0,34.0
2026-09-15T22:30:29.391630528Z,4674.0,658.123,35.0,1.0,286.0,2048.0,64.0,256.0,1.0,5.37,7.28,115.79,1.41,0.0,0.0,0.0,34.0
2026-09-15T22:30:29.521817816Z,4675.0,658.253,35.0,1.0,286.0,2048.0,64.0,256.0,1.0,4.96,7.62,115.04,1.64,0.0,0.0,0.0,34.0
2026-09-15T22:30:29.652113413Z,4676.0,658.384,35.0,1.0,126.0,2048.0,64.0,256.0,1.0,5.44,8.4,114.08,0.32,0.0,0.0,0.0,35.0
2026-09-15T22:30:29.779541120Z,4677.0,658.511,35.0,0.0,34.0,2048.0,64.0,256.0,0.0,9.65,11.95,106.05,0.69,0.0,0.0,0.0,34.0
2026-09-15T22:30:29.907276567Z,4678.0,658.639,34.0,0.0,34.0,2048.0,64.0,256.0,0.0,10.38,8.88,106.59,0.3,0.0,0.0,0.0,34.0
2026-09-15T22:30:30.036214454Z,4679.0,658.768,34.0,0.0,33.0,2048.0,64.0,256.0,0.0,8.61,11.75,106.46,1.62,0.0,0.0,0.0,33.0
2026-09-15T22:30:30.164106051Z,4680.0,658.896,33.0,0.0,33.0,2048.0,64.0,256.0,0.0,10.67,7.68,108.21,1.03,0.0,0.0,0.0,33.0
2026-09-15T22:30:30.292141788Z,4681.0,659.024,33.0,0.0,33.0,2048.0,64.0,256.0,0.0,6.48,8.58,111.28,0.66,0.0,0.0,0.0,33.0
2026-09-15T22:30:30.420643585Z,4682.0,659.152,33.0,0.0,33.0,2048.0,64.0,256.0,0.0,5.41,8.25,113.01,1.32,0.0,0.0,0.0,33.0
2026-09-15T22:30:30.549119162Z,4683.0,659.281,33.0,0.0,33.0,2048.0,64.0,256.0,0.0,6.85,7.39,112.27,1.53,0.0,0.0,0.0,33.0
2026-09-15T22:30:30.676961399Z,4684.0,659.408,33.0,0.0,33.0,2048.0,64.0,256.0,0.0,5.77,7.84,112.83,0.95,0.0,0.0,0.0,33.0
2026-09-15T22:30:30.805496016Z,4685.0,659.537,33.0,0.0,33.0,2048.0,64.0,256.0,0.0,4.93,8.94,112.35,1.64,0.0,0.0,0.0,33.0
2026-09-15T22:30:30.934009773Z,4686.0,659.665,33.0,0.0,33.0,2048.0,64.0,256.0,0.0,5.34,8.21,112.68,1.17,0.0,0.0,0.0,33.0
2026-09-15T22:30:31.061864830Z,4687.0,659.793,33.0,0.0,33.0,2048.0,64.0,256.0,0.0,4.88,7.96,113.96,1.13,0.0,0.0,0.0,33.0
2026-09-15T22:30:31.190680138Z,4688.0,659.922,33.0,0.0,33.0,2048.0,64.0,256.0,0.0,5.88,8.24,111.93,1.51,0.0,0.0,0.0,33.0
2026-09-15T22:30:31.318179835Z,4689.0,660.05,33.0,0.0,33.0,2048.0,64.0,256.0,0.0,6.94,9.22,110.45,0.93,0.0,0.0,0.0,33.0
2026-09-15T22:30:31.446858072Z,4690.0,660.178,33.0,0.0,33.0,2048.0,64.0,256.0,0.0,5.8,8.67,111.37,0.43,0.0,0.0,0.0,33.0
2026-09-15T22:30:31.574863859Z,4691.0,660.306,33.0,0.0,33.0,2048.0,64.0,256.0,0.0,4.97,7.46,115.07,0.48,0.0,0.0,0.0,33.0
2026-09-15T22:30:31.703282066Z,4692.0,660.435,33.0,0.0,33.0,2048.0,64.0,256.0,0.0,5.26,9.27,112.29,1.22,0.0,0.0,0.0,33.0
2026-09-15T22:30:31.831782173Z,4693.0,660.563,33.0,0.0,33.0,2048.0,64.0,256.0,0.0,5.48,8.52,112.52,1.84,0.0,0.0,0.0,33.0
2026-09-15T22:30:31.959925100Z,4694.0,660.691,33.0,0.0,33.0,2048.0,64.0,256.0,0.0,5.9,7.58,112.65,0.92,0.0,0.0,0.0,33.0
2026-09-15T22:30:32.088259447Z,4695.0,660.82,33.0,0.0,33.0,2048.0,64.0,256.0,0.0,5.03,7.4,114.13,0.67,0.0,0.0,0.0,33.0
2026-09-15T22:30:32.216702244Z,4696.0,660.948,33.0,0.0,32.0,2048.0,64.0,256.0,0.0,6.92,9.89,110.2,1.37,0.0,0.0,0.0,32.0
2026-09-15T22:30:32.344941411Z,4697.0,661.076,32.0,0.0,32.0,2048.0,64.0,256.0,0.0,10.93,8.27,107.25,1.27,0.0,0.0,0.0,32.0
2026-09-15T22:30:32.473275458Z,4698.0,661.205,32.0,0.0,32.0,2048.0,64.0,256.0,0.0,5.48,15.55,105.19,1.25,0.0,0.0,0.0,32.0
2026-09-15T22:30:32.601974135Z,4699.0,661.333,32.0,0.0,32.0,2048.0,64.0,256.0,0.0,6.52,8.39,111.26,1.62,0.0,0.0,0.0,32.0
2026-09-15T22:30:32.729904032Z,4700.0,661.461,32.0,0.0,32.0,2048.0,64.0,256.0,0.0,5.83,8.13,112.42,0.35,0.0,0.0,0.0,32.0
2026-09-15T22:30:32.857752560Z,4701.0,661.589,32.0,0.0,31.0,2048.0,64.0,256.0,0.0,6.56,9.64,110.4,1.15,0.0,0.0,0.0,31.0
2026-09-15T22:30:32.986430467Z,4702.0,661.718,31.0,0.0,31.0,2048.0,64.0,256.0,0.0,10.53,8.32,107.51,1.4,0.0,0.0,0.0,31.0
2026-09-15T22:30:33.114598194Z,4703.0,661.846,31.0,0.0,31.0,2048.0,64.0,256.0,0.0,5.11,8.6,112.74,0.55,0.0,0.0,0.0,31.0
2026-09-15T22:30:33.242617871Z,4704.0,661.974,31.0,0.0,31.0,2048.0,64.0,256.0,0.0,5.04,9.87,111.51,1.08,0.0,0.0,0.0,31.0
2026-09-15T22:30:33.370710938Z,4705.0,662.102,31.0,0.0,31.0,2048.0,64.0,256.0,0.0,6.82,7.77,111.84,0.57,0.0,0.0,0.0,31.0
2026-09-15T22:30:33.499307395Z,4706.0,662.231,31.0,0.0,31.0,2048.0,64.0,256.0,0.0,5.03,8.75,113.02,1.96,0.0,0.0,0.0,31.0
2026-09-15T22:30:33.627857102Z,4707.0,662.359,31.0,0.0,31.0,2048.0,64.0,256.0,0.0,5.16,7.31,113.47,1.81,0.0,0.0,0.0,31.0
2026-09-15T22:30:33.756342729Z,4708.0,662.488,31.0,0.0,30.0,2048.0,64.0,256.0,0.0,7.54,10.55,108.05,1.32,0.0,0.0,0.0,30.0
2026-09-15T22:30:33.884970326Z,4709.0,662.616,30.0,0.0,30.0,2048.0,64.0,256.0,0.0,10.98,9.02,106.37,2.25,0.0,0.0,0.0,30.0
2026-09-15T22:30:34.012226674Z,4710.0,662.744,30.0,0.0,30.0,2048.0,64.0,256.0,0.0,5.65,9.3,110.66,0.69,0.0,0.0,0.0,30.0
2026-09-15T22:30:34.140473580Z,4711.0,662.872,30.0,0.0,30.0,2048.0,64.0,256.0,0.0,5.29,9.64,110.94,1.11,0.0,0.0,0.0,30.0
2026-09-15T22:30:34.268780708Z,4712.0,663.0,30.0,0.0,30.0,2048.0,64.0,256.0,0.0,5.09,7.24,114.14,0.99,0.0,0.0,0.0,30.0
2026-09-15T22:30:34.397222795Z,4713.0,663.129,30.0,0.0,30.0,2048.0,64.0,256.0,0.0,5.0,7.63,114.16,0.99,0.0,0.0,0.0,30.0
2026-09-15T22:30:34.525041442Z,4714.0,663.256,30.0,0.0,30.0,2048.0,64.0,256.0,0.0,4.95,10.47,111.32,0.53,0.0,0.0,0.0,30.0
2026-09-15T22:30:34.653714579Z,4715.0,663.385,30.0,0.0,30.0,2048.0,64.0,256.0,0.0,5.07,8.17,113.28,0.3,0.0,0.0,0.0,30.0
2026-09-15T22:30:34.782017386Z,4716.0,663.513,30.0,0.0,29.0,2048.0,64.0,256.0,0.0,5.9,9.34,111.93,1.62,0.0,0.0,0.0,29.0
2026-09-15T22:30:34.909797303Z,4717.0,663.641,29.0,0.0,29.0,2048.0,64.0,256.0,0.0,10.83,11.06,104.08,1.33,0.0,0.0,0.0,29.0
2026-09-15T22:30:35.038607140Z,4718.0,663.77,29.0,0.0,29.0,2048.0,64.0,256.0,0.0,5.62,7.7,112.55,0.84,0.0,0.0,0.0,29.0
2026-09-15T22:30:35.166694317Z,4719.0,663.898,29.0,0.0,29.0,2048.0,64.0,256.0,0.0,5.18,12.01,109.74,1.58,0.0,0.0,0.0,29.0
2026-09-15T22:30:35.294933354Z,4720.0,664.026,29.0,0.0,29.0,2048.0,64.0,256.0,0.0,6.41,7.42,112.18,1.57,0.0,0.0,0.0,29.0
2026-09-15T22:30:35.422748262Z,4721.0,664.154,29.0,0.0,29.0,2048.0,64.0,256.0,0.0,4.67,8.19,113.12,1.35,0.0,0.0,0.0,29.0
2026-09-15T22:30:35.551601428Z,4722.0,664.283,29.0,0.0,29.0,2048.0,64.0,256.0,0.0,4.85,8.27,112.67,0.95,0.0,0.0,0.0,29.0
2026-09-15T22:30:35.679608916Z,4723.0,664.411,29.0,0.0,29.0,2048.0,64.0,256.0,0.0,5.26,8.31,113.57,2.3,0.0,0.0,0.0,29.0
2026-09-15T22:30:35.808005313Z,4724.0,664.539,29.0,0.0,29.0,2048.0,64.0,256.0,0.0,5.05,7.72,112.27,0.64,0.0,0.0,0.0,29.0
2026-09-15T22:30:35.935930800Z,4725.0,664.667,29.0,0.0,29.0,2048.0,64.0,256.0,0.0,5.13,7.76,114.16,0.87,0.0,0.0,0.0,29.0
2026-09-15T22:30:36.064319157Z,4726.0,664.796,29.0,0.0,29.0,2048.0,64.0,256.0,0.0,4.92,7.25,114.28,1.06,0.0,0.0,0.0,29.0
2026-09-15T22:30:36.192934654Z,4727.0,664.924,29.0,0.0,29.0,2048.0,64.0,256.0,0.0,4.54,8.66,113.34,2.07,0.0,0.0,0.0,29.0
2026-09-15T22:30:36.320617481Z,4728.0,665.052,29.0,0.0,29.0,2048.0,64.0,256.0,0.0,5.73,8.74,111.43,1.14,0.0,0.0,0.0,29.0
2026-09-15T22:30:36.449180548Z,4729.0,665.18,29.0,0.0,29.0,2048.0,64.0,256.0,0.0,5.49,8.48,111.75,0.76,0.0,0.0,0.0,29.0
2026-09-15T22:30:36.578122765Z,4730.0,665.309,29.0,0.0,29.0,2048.0,64.0,256.0,0.0,6.51,11.06,109.3,1.2,0.0,0.0,0.0,29.0
2026-09-15T22:30:36.705341972Z,4731.0,665.437,29.0,0.0,29.0,2048.0,64.0,256.0,0.0,5.58,9.85,111.51,0.38,0.0,0.0,0.0,29.0
2026-09-15T22:30:36.834801439Z,4732.0,665.566,29.0,0.0,29.0,2048.0,64.0,256.0,0.0,5.99,8.77,111.45,2.11,0.0,0.0,0.0,29.0
2026-09-15T22:30:36.961880016Z,4733.0,665.693,29.0,0.0,28.0,2048.0,64.0,256.0,0.0,6.99,11.88,107.78,0.52,0.0,0.0,0.0,28.0
2026-09-15T22:30:37.090933744Z,4734.0,665.822,28.0,0.0,27.0,2048.0,64.0,256.0,0.0,11.57,10.88,103.39,1.87,0.0,0.0,0.0,27.0
2026-09-15T22:30:37.218369641Z,4735.0,665.95,27.0,0.0,27.0,2048.0,64.0,256.0,0.0,9.47,8.9,108.13,0.98,0.0,0.0,0.0,27.0
2026-09-15T22:30:37.585768512Z,4736.0,666.317,27.0,0.0,27.0,2048.0,64.0,256.0,0.0,5.19,8.57,112.01,0.3,0.0,0.0,0.0,27.0
2026-09-15T22:30:37.711755569Z,4737.0,666.443,27.0,8.0,2048.0,2048.0,64.0,256.0,0.0,343.97,14.98,7.39,1.14,0.0,0.0,0.0,27.0
2026-09-15T22:30:37.840839747Z,4738.0,666.572,35.0,8.0,2048.0,2048.0,64.0,256.0,0.0,6.11,10.14,107.86,0.67,0.0,0.0,0.0,27.0
2026-09-15T22:30:37.970221844Z,4739.0,666.702,35.0,8.0,2048.0,2048.0,64.0,256.0,0.0,4.98,8.79,114.08,1.85,0.0,0.0,0.0,27.0
2026-09-15T22:30:38.099605121Z,4740.0,666.831,35.0,8.0,2048.0,2048.0,64.0,256.0,0.0,4.48,7.43,115.03,0.76,0.0,0.0,0.0,27.0
2026-09-15T22:30:38.228709118Z,4741.0,666.96,35.0,8.0,2048.0,2048.0,64.0,256.0,0.0,4.87,9.53,113.26,0.74,0.0,0.0,0.0,27.0
2026-09-15T22:30:38.358166565Z,4742.0,667.09,35.0,8.0,2048.0,2048.0,64.0,256.0,0.0,5.79,7.67,114.49,0.68,0.0,0.0,0.0,27.0
2026-09-15T22:30:38.487852142Z,4743.0,667.219,35.0,8.0,2048.0,2048.0,64.0,256.0,0.0,4.77,7.69,115.77,0.97,0.0,0.0,0.0,27.0
2026-09-15T22:30:38.617407849Z,4744.0,667.349,35.0,8.0,2048.0,2048.0,64.0,256.0,0.0,4.44,8.83,114.63,1.01,0.0,0.0,0.0,27.0
2026-09-15T22:30:38.747375556Z,4745.0,667.479,35.0,8.0,2048.0,2048.0,64.0,256.0,0.0,5.56,9.23,113.08,0.73,0.0,0.0,0.0,27.0
2026-09-15T22:30:38.876946373Z,4746.0,667.608,35.0,8.0,2048.0,2048.0,64.0,256.0,0.0,5.54,8.48,114.58,0.97,0.0,0.0,0.0,27.0
2026-09-15T22:30:39.006576240Z,4747.0,667.738,35.0,8.0,2048.0,2048.0,64.0,256.0,0.0,5.55,10.18,112.17,0.69,0.0,0.0,0.0,27.0
2026-09-15T22:30:39.136558527Z,4748.0,667.868,35.0,8.0,2048.0,2048.0,64.0,256.0,0.0,5.79,7.65,114.76,0.81,0.0,0.0,0.0,27.0
2026-09-15T22:30:39.266824174Z,4749.0,667.998,35.0,8.0,2048.0,2048.0,64.0,256.0,0.0,5.03,7.64,115.81,1.69,0.0,0.0,0.0,27.0
2026-09-15T22:30:39.396011291Z,4750.0,668.127,35.0,8.0,2048.0,2048.0,64.0,256.0,0.0,6.44,9.92,111.18,1.04,0.0,0.0,0.0,26.0
2026-09-15T22:30:39.525743698Z,4751.0,668.257,34.0,8.0,2048.0,2048.0,64.0,256.0,0.0,14.67,9.14,104.05,1.12,0.0,0.0,0.0,26.0
2026-09-15T22:30:39.655424845Z,4752.0,668.387,34.0,8.0,2048.0,2048.0,64.0,256.0,0.0,6.08,7.52,114.26,1.52,0.0,0.0,0.0,26.0
2026-09-15T22:30:39.785747982Z,4753.0,668.517,34.0,8.0,2048.0,2048.0,64.0,256.0,0.0,4.85,9.14,113.35,1.09,0.0,0.0,0.0,26.0
2026-09-15T22:30:39.915816359Z,4754.0,668.647,34.0,8.0,2048.0,2048.0,64.0,256.0,0.0,5.2,7.47,115.76,1.15,0.0,0.0,0.0,26.0
2026-09-15T22:30:40.045933176Z,4755.0,668.777,34.0,8.0,2048.0,2048.0,64.0,256.0,0.0,6.3,7.9,114.35,0.71,0.0,0.0,0.0,26.0
2026-09-15T22:30:40.175664333Z,4756.0,668.907,34.0,8.0,2048.0,2048.0,64.0,256.0,0.0,4.94,7.74,115.79,1.69,0.0,0.0,0.0,26.0
2026-09-15T22:30:40.305647740Z,4757.0,669.037,34.0,8.0,2048.0,2048.0,64.0,256.0,0.0,5.95,8.99,112.61,1.21,0.0,0.0,0.0,26.0
2026-09-15T22:30:40.435590028Z,4758.0,669.167,34.0,8.0,2048.0,2048.0,64.0,256.0,0.0,5.62,9.18,113.26,0.68,0.0,0.0,0.0,26.0
2026-09-15T22:30:40.566023194Z,4759.0,669.297,34.0,8.0,2048.0,2048.0,64.0,256.0,0.0,5.39,8.89,114.37,1.13,0.0,0.0,0.0,26.0
2026-09-15T22:30:40.696752142Z,4760.0,669.428,34.0,8.0,2048.0,2048.0,64.0,256.0,0.0,6.09,9.59,112.81,1.92,0.0,0.0,0.0,26.0
2026-09-15T22:30:40.827029919Z,4761.0,669.558,34.0,8.0,2048.0,2048.0,64.0,256.0,0.0,4.62,8.39,115.19,0.39,0.0,0.0,0.0,26.0
2026-09-15T22:30:40.957566845Z,4762.0,669.689,34.0,8.0,2048.0,2048.0,64.0,256.0,0.0,7.73,10.6,110.83,0.95,0.0,0.0,0.0,25.0
2026-09-15T22:30:41.087566782Z,4763.0,669.819,33.0,8.0,2048.0,2048.0,64.0,256.0,0.0,10.94,9.18,108.63,1.56,0.0,0.0,0.0,25.0
2026-09-15T22:30:41.217775100Z,4764.0,669.949,33.0,8.0,1884.0,2048.0,64.0,256.0,0.0,6.47,10.41,110.9,1.49,0.0,0.0,0.0,26.0
2026-09-15T22:30:41.348607707Z,4765.0,670.08,33.0,7.0,1796.0,2048.0,64.0,256.0,1.0,5.97,9.49,112.49,0.37,0.0,0.0,0.0,27.0
2026-09-15T22:30:41.478410894Z,4766.0,670.21,33.0,6.0,1546.0,2048.0,64.0,256.0,1.0,12.32,13.64,102.75,1.28,0.0,0.0,0.0,26.0
2026-09-15T22:30:41.607920381Z,4767.0,670.339,32.0,6.0,1540.0,2048.0,64.0,256.0,1.0,10.24,8.24,109.27,1.75,0.0,0.0,0.0,27.0
2026-09-15T22:30:41.737887568Z,4768.0,670.469,32.0,5.0,1079.0,2048.0,64.0,256.0,1.0,6.07,11.44,109.63,1.01,0.0,0.0,0.0,29.0
2026-09-15T22:30:41.867707305Z,4769.0,670.599,32.0,3.0,787.0,2048.0,64.0,256.0,1.0,5.79,7.38,115.19,1.83,0.0,0.0,0.0,29.0
2026-09-15T22:30:41.997567082Z,4770.0,670.729,32.0,3.0,787.0,2048.0,64.0,256.0,1.0,8.33,9.01,109.97,1.35,0.0,0.0,0.0,29.0
2026-09-15T22:30:42.127720489Z,4771.0,670.859,32.0,3.0,787.0,2048.0,64.0,256.0,1.0,5.64,8.96,113.06,0.4,0.0,0.0,0.0,29.0
2026-09-15T22:30:42.257697566Z,4772.0,670.989,32.0,3.0,787.0,2048.0,64.0,256.0,1.0,7.91,12.23,108.85,1.24,0.0,0.0,0.0,28.0
2026-09-15T22:30:42.387005113Z,4773.0,671.118,31.0,3.0,787.0,2048.0,64.0,256.0,1.0,11.23,9.55,107.23,1.0,0.0,0.0,0.0,28.0
2026-09-15T22:30:42.517535320Z,4774.0,671.249,31.0,3.0,565.0,2048.0,64.0,256.0,1.0,4.8,7.55,115.31,1.67,0.0,0.0,0.0,30.0
2026-09-15T22:30:42.647224057Z,4775.0,671.379,31.0,1.0,282.0,2048.0,64.0,256.0,1.0,4.9,7.14,116.21,0.84,0.0,0.0,0.0,30.0
2026-09-15T22:30:42.777451814Z,4776.0,671.509,31.0,1.0,282.0,2048.0,64.0,256.0,1.0,5.04,7.18,116.05,1.53,0.0,0.0,0.0,30.0
2026-09-15T22:30:42.908478681Z,4777.0,671.64,31.0,1.0,282.0,2048.0,64.0,256.0,1.0,4.76,8.0,115.42,2.28,0.0,0.0,0.0,30.0
2026-09-15T22:30:43.037435788Z,4778.0,671.769,31.0,1.0,281.0,2048.0,64.0,256.0,1.0,6.72,9.68,111.76,0.81,0.0,0.0,0.0,29.0
2026-09-15T22:30:43.166373435Z,4779.0,671.898,30.0,1.0,72.0,2048.0,64.0,256.0,1.0,8.36,7.76,111.08,1.6,0.0,0.0,0.0,30.0
2026-09-15T22:30:43.295089972Z,4780.0,672.026,30.0,0.0,30.0,2048.0,64.0,256.0,0.0,5.15,9.39,112.11,1.08,0.0,0.0,0.0,30.0
2026-09-15T22:30:43.423976400Z,4781.0,672.155,30.0,0.0,30.0,2048.0,64.0,256.0,0.0,5.2,8.5,113.23,1.58,0.0,0.0,0.0,30.0
2026-09-15T22:30:43.552643847Z,4782.0,672.284,30.0,0.0,30.0,2048.0,64.0,256.0,0.0,5.72,7.97,112.99,1.05,0.0,0.0,0.0,30.0
2026-09-15T22:30:43.681153994Z,4783.0,672.412,30.0,0.0,30.0,2048.0,64.0,256.0,0.0,4.69,9.71,112.38,0.62,0.0,0.0,0.0,30.0
2026-09-15T22:30:43.809912641Z,4784.0,672.541,30.0,0.0,30.0,2048.0,64.0,256.0,0.0,4.97,9.12,113.02,0.83,0.0,0.0,0.0,30.0
2026-09-15T22:30:43.938393618Z,4785.0,672.67,30.0,0.0,30.0,2048.0,64.0,256.0,0.0,5.22,9.31,112.69,1.82,0.0,0.0,0.0,30.0
2026-09-15T22:30:44.067123955Z,4786.0,672.799,30.0,0.0,30.0,2048.0,64.0,256.0,0.0,4.84,9.46,111.56,1.1,0.0,0.0,0.0,30.0
2026-09-15T22:30:44.195442782Z,4787.0,672.927,30.0,0.0,30.0,2048.0,64.0,256.0,0.0,5.26,9.54,112.07,0.76,0.0,0.0,0.0,30.0
2026-09-15T22:30:44.324155569Z,4788.0,673.055,30.0,0.0,29.0,2048.0,64.0,256.0,0.0,6.1,10.25,110.37,1.19,0.0,0.0,0.0,29.0
2026-09-15T22:30:44.452544196Z,4789.0,673.184,29.0,0.0,29.0,2048.0,64.0,256.0,0.0,6.2,11.51,108.96,2.24,0.0,0.0,0.0,29.0
2026-09-15T22:30:44.580260593Z,4790.0,673.312,29.0,0.0,29.0,2048.0,64.0,256.0,0.0,9.84,8.81,106.97,0.8,0.0,0.0,0.0,29.0
2026-09-15T22:30:44.708358650Z,4791.0,673.44,29.0,0.0,29.0,2048.0,64.0,256.0,0.0,5.96,9.56,110.61,0.77,0.0,0.0,0.0,29.0
2026-09-15T22:30:44.836416417Z,4792.0,673.568,29.0,0.0,29.0,2048.0,64.0,256.0,0.0,4.94,8.26,113.43,0.53,0.0,0.0,0.0,29.0
2026-09-15T22:30:44.964990854Z,4793.0,673.696,29.0,0.0,29.0,2048.0,64.0,256.0,0.0,4.77,8.22,113.84,1.78,0.0,0.0,0.0,29.0
2026-09-15T22:30:45.093176291Z,4794.0,673.825,29.0,0.0,29.0,2048.0,64.0,256.0,0.0,4.93,8.03,113.25,0.72,0.0,0.0,0.0,29.0
2026-09-15T22:30:45.221749759Z,4795.0,673.953,29.0,0.0,29.0,2048.0,64.0,256.0,0.0,4.76,8.35,113.73,0.79,0.0,0.0,0.0,29.0
2026-09-15T22:30:45.349600896Z,4796.0,674.081,29.0,0.0,29.0,2048.0,64.0,256.0,0.0,4.63,9.67,112.63,0.63,0.0,0.0,0.0,29.0
2026-09-15T22:30:45.478391623Z,4797.0,674.21,29.0,0.0,29.0,2048.0,64.0,256.0,0.0,4.71,8.74,113.12,1.08,0.0,0.0,0.0,29.0
2026-09-15T22:30:45.606872380Z,4798.0,674.338,29.0,0.0,28.0,2048.0,64.0,256.0,0.0,6.08,10.75,109.97,1.21,0.0,0.0,0.0,28.0
2026-09-15T22:30:45.734983017Z,4799.0,674.466,28.0,0.0,28.0,2048.0,64.0,256.0,0.0,10.51,8.5,107.63,1.35,0.0,0.0,0.0,28.0
2026-09-15T22:30:45.862687844Z,4800.0,674.594,28.0,0.0,28.0,2048.0,64.0,256.0,0.0,5.34,8.45,112.18,1.35,0.0,0.0,0.0,28.0
2026-09-15T22:30:45.991556531Z,4801.0,674.723,28.0,0.0,28.0,2048.0,64.0,256.0,0.0,5.53,7.64,112.46,1.19,0.0,0.0,0.0,28.0
2026-09-15T22:30:46.119005868Z,4802.0,674.85,28.0,0.0,28.0,2048.0,64.0,256.0,0.0,6.25,8.22,112.53,1.01,0.0,0.0,0.0,28.0
2026-09-15T22:30:46.247713685Z,4803.0,674.979,28.0,0.0,28.0,2048.0,64.0,256.0,0.0,5.05,8.53,112.4,1.0,0.0,0.0,0.0,28.0
2026-09-15T22:30:46.375828342Z,4804.0,675.107,28.0,0.0,28.0,2048.0,64.0,256.0,0.0,5.09,8.1,113.86,1.4,0.0,0.0,0.0,28.0
2026-09-15T22:30:46.503610750Z,4805.0,675.235,28.0,0.0,28.0,2048.0,64.0,256.0,0.0,5.12,9.6,111.23,0.35,0.0,0.0,0.0,28.0
2026-09-15T22:30:46.632649567Z,4806.0,675.364,28.0,0.0,28.0,2048.0,64.0,256.0,0.0,5.28,8.66,112.79,1.66,0.0,0.0,0.0,28.0
2026-09-15T22:30:46.761827864Z,4807.0,675.493,28.0,0.0,28.0,2048.0,64.0,256.0,0.0,5.0,8.28,113.5,2.19,0.0,0.0,0.0,28.0
2026-09-15T22:30:46.888616971Z,4808.0,675.62,28.0,0.0,27.0,2048.0,64.0,256.0,0.0,7.61,10.0,108.62,2.0,0.0,0.0,0.0,27.0
2026-09-15T22:30:47.016864548Z,4809.0,675.748,27.0,0.0,27.0,2048.0,64.0,256.0,0.0,9.29,7.94,107.25,2.34,0.0,0.0,0.0,27.0
2026-09-15T22:30:47.145347995Z,4810.0,675.877,27.0,0.0,27.0,2048.0,64.0,256.0,0.0,4.46,9.48,109.97,1.13,0.0,0.0,0.0,27.0
2026-09-15T22:30:47.272869302Z,4811.0,676.004,27.0,0.0,27.0,2048.0,64.0,256.0,0.0,6.45,7.91,112.3,1.02,0.0,0.0,0.0,27.0
2026-09-15T22:30:47.400945579Z,4812.0,676.132,27.0,0.0,27.0,2048.0,64.0,256.0,0.0,5.22,7.71,113.07,0.98,0.0,0.0,0.0,27.0
2026-09-15T22:30:47.528934636Z,4813.0,676.26,27.0,0.0,27.0,2048.0,64.0,256.0,0.0,5.0,12.81,108.36,1.43,0.0,0.0,0.0,27.0
2026-09-15T22:30:47.656948633Z,4814.0,676.388,27.0,0.0,27.0,2048.0,64.0,256.0,0.0,5.16,7.29,113.42,0.78,0.0,0.0,0.0,27.0
2026-09-15T22:30:47.785250741Z,4815.0,676.517,27.0,0.0,27.0,2048.0,64.0,256.0,0.0,5.04,7.76,113.78,0.7,0.0,0.0,0.0,27.0
2026-09-15T22:30:47.912961178Z,4816.0,676.644,27.0,0.0,27.0,2048.0,64.0,256.0,0.0,5.29,7.8,113.76,0.91,0.0,0.0,0.0,27.0
2026-09-15T22:30:48.041268095Z,4817.0,676.773,27.0,0.0,27.0,2048.0,64.0,256.0,0.0,5.22,8.0,113.0,1.17,0.0,0.0,0.0,27.0
2026-09-15T22:30:48.169562402Z,4818.0,676.901,27.0,0.0,27.0,2048.0,64.0,256.0,0.0,4.65,7.37,114.5,0.66,0.0,0.0,0.0,27.0
2026-09-15T22:30:48.297678379Z,4819.0,677.029,27.0,0.0,27.0,2048.0,64.0,256.0,0.0,5.01,8.22,113.79,0.95,0.0,0.0,0.0,27.0
2026-09-15T22:30:48.425878856Z,4820.0,677.157,27.0,0.0,27.0,2048.0,64.0,256.0,0.0,5.15,8.28,113.13,1.21,0.0,0.0,0.0,27.0
2026-09-15T22:30:48.553727993Z,4821.0,677.285,27.0,0.0,27.0,2048.0,64.0,256.0,0.0,5.08,7.46,113.82,0.62,0.0,0.0,0.0,27.0
2026-09-15T22:30:48.682183670Z,4822.0,677.414,27.0,0.0,27.0,2048.0,64.0,256.0,0.0,4.89,7.18,114.51,1.28,0.0,0.0,0.0,27.0
2026-09-15T22:30:48.810373387Z,4823.0,677.542,27.0,0.0,26.0,2048.0,64.0,256.0,0.0,6.93,9.95,109.75,1.29,0.0,0.0,0.0,26.0
2026-09-15T22:30:48.939289664Z,4824.0,677.671,26.0,0.0,26.0,2048.0,64.0,256.0,0.0,9.1,7.41,109.5,1.8,0.0,0.0,0.0,26.0
2026-09-15T22:30:49.066627131Z,4825.0,677.798,26.0,0.0,25.0,2048.0,64.0,256.0,0.0,6.48,12.0,108.01,1.44,0.0,0.0,0.0,25.0
2026-09-15T22:30:49.399569654Z,4826.0,678.131,25.0,0.0,25.0,2048.0,64.0,256.0,0.0,11.07,12.94,101.11,0.21,0.0,0.0,0.0,25.0
2026-09-15T22:30:49.525962731Z,4827.0,678.257,25.0,8.0,2048.0,2048.0,64.0,256.0,0.0,310.35,15.78,6.04,0.58,0.0,0.0,0.0,25.0
2026-09-15T22:30:49.655637298Z,4828.0,678.387,33.0,8.0,2048.0,2048.0,64.0,256.0,0.0,8.1,9.21,107.78,1.24,0.0,0.0,0.0,25.0
2026-09-15T22:30:49.785137765Z,4829.0,678.517,33.0,8.0,2048.0,2048.0,64.0,256.0,0.0,5.72,8.75,113.15,1.71,0.0,0.0,0.0,25.0
2026-09-15T22:30:49.914903372Z,4830.0,678.646,33.0,8.0,2048.0,2048.0,64.0,256.0,0.0,6.05,9.32,111.99,1.41,0.0,0.0,0.0,25.0
2026-09-15T22:30:50.043988019Z,4831.0,678.775,33.0,8.0,2048.0,2048.0,64.0,256.0,0.0,4.64,7.28,115.78,1.02,0.0,0.0,0.0,25.0
2026-09-15T22:30:50.173666266Z,4832.0,678.905,33.0,8.0,2048.0,2048.0,64.0,256.0,0.0,6.06,10.38,110.8,1.25,0.0,0.0,0.0,25.0
2026-09-15T22:30:50.302842323Z,4833.0,679.034,33.0,8.0,2048.0,2048.0,64.0,256.0,0.0,5.76,8.48,113.46,1.4,0.0,0.0,0.0,25.0
2026-09-15T22:30:50.433290560Z,4834.0,679.165,33.0,8.0,2048.0,2048.0,64.0,256.0,0.0,4.93,7.13,115.19,0.46,0.0,0.0,0.0,25.0
2026-09-15T22:30:50.562565107Z,4835.0,679.294,33.0,8.0,2048.0,2048.0,64.0,256.0,0.0,4.62,9.33,115.35,1.14,0.0,0.0,0.0,25.0
2026-09-15T22:30:50.692320274Z,4836.0,679.424,33.0,8.0,2048.0,2048.0,64.0,256.0,0.0,4.95,7.88,114.63,0.91,0.0,0.0,0.0,25.0
2026-09-15T22:30:50.821946231Z,4837.0,679.553,33.0,8.0,2048.0,2048.0,64.0,256.0,0.0,5.48,8.32,114.43,1.61,0.0,0.0,0.0,25.0
2026-09-15T22:30:50.951630429Z,4838.0,679.683,33.0,8.0,2048.0,2048.0,64.0,256.0,0.0,5.09,7.65,114.74,1.59,0.0,0.0,0.0,25.0
2026-09-15T22:30:51.081721035Z,4839.0,679.813,33.0,8.0,2048.0,2048.0,64.0,256.0,0.0,5.14,7.21,115.03,0.76,0.0,0.0,0.0,25.0
2026-09-15T22:30:51.211472172Z,4840.0,679.943,33.0,8.0,2048.0,2048.0,64.0,256.0,0.0,5.09,8.67,114.45,1.02,0.0,0.0,0.0,25.0
2026-09-15T22:30:51.341488749Z,4841.0,680.073,33.0,8.0,2048.0,2048.0,64.0,256.0,0.0,5.37,7.69,115.02,1.68,0.0,0.0,0.0,25.0
2026-09-15T22:30:51.471674937Z,4842.0,680.203,33.0,8.0,2048.0,2048.0,64.0,256.0,0.0,5.57,8.08,113.86,0.41,0.0,0.0,0.0,25.0
2026-09-15T22:30:51.601496054Z,4843.0,680.333,33.0,8.0,2048.0,2048.0,64.0,256.0,0.0,4.98,8.11,115.89,0.74,0.0,0.0,0.0,25.0
2026-09-15T22:30:51.731496611Z,4844.0,680.463,33.0,8.0,2048.0,2048.0,64.0,256.0,0.0,5.94,9.29,113.13,0.71,0.0,0.0,0.0,25.0
2026-09-15T22:30:51.861321728Z,4845.0,680.593,33.0,8.0,2048.0,2048.0,64.0,256.0,0.0,5.2,8.73,114.52,1.0,0.0,0.0,0.0,25.0
2026-09-15T22:30:51.991345935Z,4846.0,680.723,33.0,8.0,2048.0,2048.0,64.0,256.0,0.0,5.53,8.07,114.69,1.09,0.0,0.0,0.0,25.0
2026-09-15T22:30:52.121349462Z,4847.0,680.853,33.0,8.0,2048.0,2048.0,64.0,256.0,0.0,5.2,7.63,115.46,0.99,0.0,0.0,0.0,25.0
2026-09-15T22:30:52.252154969Z,4848.0,680.984,33.0,8.0,2048.0,2048.0,64.0,256.0,0.0,4.76,8.74,114.87,0.96,0.0,0.0,0.0,25.0
2026-09-15T22:30:52.384812446Z,4849.0,681.116,33.0,8.0,2048.0,2048.0,64.0,256.0,0.0,6.37,10.59,112.21,0.34,0.0,0.0,0.0,24.0
2026-09-15T22:30:52.513186233Z,4850.0,681.245,32.0,8.0,2048.0,2048.0,64.0,256.0,0.0,10.02,8.0,111.65,2.0,0.0,0.0,0.0,24.0
2026-09-15T22:30:52.643078670Z,4851.0,681.374,32.0,8.0,2021.0,2048.0,64.0,256.0,0.0,6.42,7.51,111.83,1.17,0.0,0.0,0.0,25.0
2026-09-15T22:30:52.773079817Z,4852.0,681.504,32.0,7.0,1798.0,2048.0,64.0,256.0,1.0,5.15,7.23,115.8,0.66,0.0,0.0,0.0,25.0
2026-09-15T22:30:52.903622304Z,4853.0,681.635,32.0,7.0,1798.0,2048.0,64.0,256.0,1.0,5.18,6.97,116.54,0.89,0.0,0.0,0.0,25.0
2026-09-15T22:30:53.033224151Z,4854.0,681.765,32.0,7.0,1688.0,2048.0,64.0,256.0,1.0,5.32,8.08,115.45,0.97,0.0,0.0,0.0,26.0
2026-09-15T22:30:53.163620208Z,4855.0,681.895,32.0,6.0,1437.0,2048.0,64.0,256.0,1.0,5.27,8.26,114.47,1.23,0.0,0.0,0.0,27.0
2026-09-15T22:30:53.293602975Z,4856.0,682.025,32.0,5.0,1056.0,2048.0,64.0,256.0,1.0,4.73,8.41,115.32,1.55,0.0,0.0,0.0,28.0
2026-09-15T22:30:53.424188252Z,4857.0,682.155,32.0,4.0,1041.0,2048.0,64.0,256.0,1.0,4.99,8.2,114.48,1.27,0.0,0.0,0.0,28.0
2026-09-15T22:30:53.553374309Z,4858.0,682.285,32.0,4.0,1041.0,2048.0,64.0,256.0,1.0,7.75,13.92,106.76,0.91,0.0,0.0,0.0,26.0
2026-09-15T22:30:53.682652336Z,4859.0,682.414,30.0,4.0,1033.0,2048.0,64.0,256.0,1.0,14.02,9.79,103.8,1.27,0.0,0.0,0.0,27.0
2026-09-15T22:30:53.812460973Z,4860.0,682.544,30.0,3.0,788.0,2048.0,64.0,256.0,1.0,5.44,16.46,105.29,0.86,0.0,0.0,0.0,27.0
2026-09-15T22:30:53.941675020Z,4861.0,682.673,30.0,3.0,788.0,2048.0,64.0,256.0,1.0,6.17,8.24,113.67,0.82,0.0,0.0,0.0,27.0
2026-09-15T22:30:54.071140007Z,4862.0,682.803,30.0,3.0,788.0,2048.0,64.0,256.0,1.0,7.18,8.53,112.05,1.38,0.0,0.0,0.0,27.0
2026-09-15T22:30:54.201381504Z,4863.0,682.933,30.0,3.0,606.0,2048.0,64.0,256.0,1.0,4.59,7.68,115.12,1.44,0.0,0.0,0.0,28.0
2026-09-15T22:30:54.330565052Z,4864.0,683.062,30.0,2.0,312.0,2048.0,64.0,256.0,1.0,6.56,10.28,111.37,0.42,0.0,0.0,0.0,28.0
2026-09-15T22:30:54.458652989Z,4865.0,683.19,29.0,1.0,282.0,2048.0,64.0,256.0,1.0,13.82,11.83,101.92,1.48,0.0,0.0,0.0,27.0
2026-09-15T22:30:54.587236926Z,4866.0,683.319,28.0,1.0,282.0,2048.0,64.0,256.0,1.0,10.65,8.1,107.62,2.08,0.0,0.0,0.0,27.0
2026-09-15T22:30:54.715557993Z,4867.0,683.447,28.0,1.0,282.0,2048.0,64.0,256.0,1.0,4.54,7.9,113.39,1.17,0.0,0.0,0.0,27.0
2026-09-15T22:30:54.844815480Z,4868.0,683.576,28.0,1.0,282.0,2048.0,64.0,256.0,1.0,5.83,7.92,112.7,1.77,0.0,0.0,0.0,27.0
2026-09-15T22:30:54.972709577Z,4869.0,683.704,28.0,1.0,282.0,2048.0,64.0,256.0,1.0,5.42,8.53,112.85,1.01,0.0,0.0,0.0,27.0
2026-09-15T22:30:55.100921494Z,4870.0,683.832,28.0,1.0,282.0,2048.0,64.0,256.0,1.0,5.66,8.28,112.3,1.16,0.0,0.0,0.0,27.0
2026-09-15T22:30:55.230171871Z,4871.0,683.962,28.0,1.0,282.0,2048.0,64.0,256.0,1.0,4.97,8.04,113.29,1.95,0.0,0.0,0.0,27.0
2026-09-15T22:30:55.357927938Z,4872.0,684.089,28.0,1.0,282.0,2048.0,64.0,256.0,1.0,5.57,9.22,111.79,0.59,0.0,0.0,0.0,27.0
2026-09-15T22:30:55.486911305Z,4873.0,684.218,28.0,1.0,169.0,2048.0,64.0,256.0,1.0,5.75,8.26,112.53,1.14,0.0,0.0,0.0,28.0
2026-09-15T22:30:55.615251912Z,4874.0,684.347,28.0,0.0,28.0,2048.0,64.0,256.0,0.0,4.85,7.74,114.58,0.82,0.0,0.0,0.0,28.0
2026-09-15T22:30:55.743622969Z,4875.0,684.475,28.0,0.0,28.0,2048.0,64.0,256.0,0.0,4.86,8.77,113.08,1.13,0.0,0.0,0.0,28.0
2026-09-15T22:30:55.872084146Z,4876.0,684.603,28.0,0.0,28.0,2048.0,64.0,256.0,0.0,4.91,8.45,113.31,1.91,0.0,0.0,0.0,28.0
2026-09-15T22:30:56.000477843Z,4877.0,684.732,28.0,0.0,28.0,2048.0,64.0,256.0,0.0,5.22,7.64,113.0,0.82,0.0,0.0,0.0,28.0
2026-09-15T22:30:56.129323101Z,4878.0,684.861,28.0,0.0,28.0,2048.0,64.0,256.0,0.0,5.92,7.79,113.05,2.25,0.0,0.0,0.0,28.0
2026-09-15T22:30:56.257826948Z,4879.0,684.989,28.0,0.0,28.0,2048.0,64.0,256.0,0.0,4.91,7.73,113.24,1.71,0.0,0.0,0.0,28.0
2026-09-15T22:30:56.385866855Z,4880.0,685.117,28.0,0.0,28.0,2048.0,64.0,256.0,0.0,4.74,7.53,113.83,1.65,0.0,0.0,0.0,28.0
2026-09-15T22:30:56.514739102Z,4881.0,685.246,28.0,0.0,28.0,2048.0,64.0,256.0,0.0,4.86,9.38,111.53,1.68,0.0,0.0,0.0,28.0
2026-09-15T22:30:56.643730559Z,4882.0,685.375,28.0,0.0,28.0,2048.0,64.0,256.0,0.0,5.16,7.87,113.48,2.06,0.0,0.0,0.0,28.0
2026-09-15T22:30:56.771476686Z,4883.0,685.503,28.0,0.0,28.0,2048.0,64.0,256.0,0.0,5.57,8.5,112.08,1.37,0.0,0.0,0.0,28.0
2026-09-15T22:30:56.899235643Z,4884.0,685.631,28.0,0.0,28.0,2048.0,64.0,256.0,0.0,5.02,7.61,113.02,0.76,0.0,0.0,0.0,28.0
2026-09-15T22:30:57.027806970Z,4885.0,685.759,28.0,0.0,28.0,2048.0,64.0,256.0,0.0,5.3,7.37,113.6,0.89,0.0,0.0,0.0,28.0
2026-09-15T22:30:57.156695817Z,4886.0,685.888,28.0,0.0,28.0,2048.0,64.0,256.0,0.0,4.88,8.09,113.97,1.82,0.0,0.0,0.0,28.0
2026-09-15T22:30:57.284802384Z,4887.0,686.016,28.0,0.0,28.0,2048.0,64.0,256.0,0.0,5.04,7.71,113.7,0.89,0.0,0.0,0.0,28.0
2026-09-15T22:30:57.413305731Z,4888.0,686.145,28.0,0.0,28.0,2048.0,64.0,256.0,0.0,4.86,7.93,113.84,0.99,0.0,0.0,0.0,28.0
2026-09-15T22:30:57.541852339Z,4889.0,686.273,28.0,0.0,28.0,2048.0,64.0,256.0,0.0,4.87,7.21,114.86,1.45,0.0,0.0,0.0,28.0
2026-09-15T22:30:57.670039286Z,4890.0,686.401,28.0,0.0,28.0,2048.0,64.0,256.0,0.0,5.01,7.21,114.21,0.56,0.0,0.0,0.0,28.0
2026-09-15T22:30:57.798995193Z,4891.0,686.53,28.0,0.0,28.0,2048.0,64.0,256.0,0.0,4.92,9.11,112.82,1.92,0.0,0.0,0.0,28.0
2026-09-15T22:30:57.926845420Z,4892.0,686.658,28.0,0.0,28.0,2048.0,64.0,256.0,0.0,5.26,8.14,112.78,0.26,0.0,0.0,0.0,28.0
2026-09-15T22:30:58.055266127Z,4893.0,686.787,28.0,0.0,27.0,2048.0,64.0,256.0,0.0,7.85,15.74,103.42,0.94,0.0,0.0,0.0,27.0
2026-09-15T22:30:58.183469594Z,4894.0,686.915,27.0,0.0,27.0,2048.0,64.0,256.0,0.0,10.63,9.92,106.25,1.05,0.0,0.0,0.0,27.0
2026-09-15T22:30:58.311823071Z,4895.0,687.043,27.0,0.0,27.0,2048.0,64.0,256.0,0.0,5.07,7.17,112.22,1.34,0.0,0.0,0.0,27.0
2026-09-15T22:30:58.440179838Z,4896.0,687.172,27.0,0.0,27.0,2048.0,64.0,256.0,0.0,6.41,7.6,112.48,1.08,0.0,0.0,0.0,27.0
2026-09-15T22:30:58.568331075Z,4897.0,687.3,27.0,0.0,27.0,2048.0,64.0,256.0,0.0,4.8,7.82,113.92,0.53,0.0,0.0,0.0,27.0
2026-09-15T22:30:58.696922302Z,4898.0,687.428,27.0,0.0,27.0,2048.0,64.0,256.0,0.0,4.88,7.73,114.42,1.55,0.0,0.0,0.0,27.0
2026-09-15T22:30:58.825080050Z,4899.0,687.556,27.0,0.0,27.0,2048.0,64.0,256.0,0.0,4.59,7.3,114.69,1.55,0.0,0.0,0.0,27.0
2026-09-15T22:30:58.953156987Z,4900.0,687.685,27.0,0.0,27.0,2048.0,64.0,256.0,0.0,4.73,7.15,114.04,1.35,0.0,0.0,0.0,27.0
2026-09-15T22:30:59.081933864Z,4901.0,687.813,27.0,0.0,27.0,2048.0,64.0,256.0,0.0,5.11,7.61,113.48,1.81,0.0,0.0,0.0,27.0
2026-09-15T22:30:59.209906341Z,4902.0,687.941,27.0,0.0,27.0,2048.0,64.0,256.0,0.0,4.77,7.89,113.66,0.84,0.0,0.0,0.0,27.0
2026-09-15T22:30:59.338218778Z,4903.0,688.07,27.0,0.0,27.0,2048.0,64.0,256.0,0.0,5.03,8.22,112.88,1.02,0.0,0.0,0.0,27.0
2026-09-15T22:30:59.466397745Z,4904.0,688.198,27.0,0.0,27.0,2048.0,64.0,256.0,0.0,5.21,8.79,112.6,0.92,0.0,0.0,0.0,27.0
2026-09-15T22:30:59.594839842Z,4905.0,688.326,27.0,0.0,27.0,2048.0,64.0,256.0,0.0,5.05,8.84,112.79,0.69,0.0,0.0,0.0,27.0
2026-09-15T22:30:59.722876309Z,4906.0,688.454,27.0,0.0,27.0,2048.0,64.0,256.0,0.0,5.31,7.41,114.3,1.13,0.0,0.0,0.0,27.0
2026-09-15T22:30:59.850896956Z,4907.0,688.582,27.0,0.0,27.0,2048.0,64.0,256.0,0.0,6.44,8.09,111.76,0.3,0.0,0.0,0.0,27.0
2026-09-15T22:30:59.980260833Z,4908.0,688.712,27.0,0.0,26.0,2048.0,64.0,256.0,0.0,5.76,11.6,109.4,1.37,0.0,0.0,0.0,26.0
2026-09-15T22:31:00.108387570Z,4909.0,688.84,26.0,0.0,26.0,2048.0,64.0,256.0,0.0,9.81,7.89,109.68,1.42,0.0,0.0,0.0,26.0
2026-09-15T22:31:00.235958737Z,4910.0,688.967,26.0,0.0,26.0,2048.0,64.0,256.0,0.0,4.82,7.46,113.83,0.54,0.0,0.0,0.0,26.0
2026-09-15T22:31:00.585012139Z,4911.0,689.316,26.0,0.0,26.0,2048.0,64.0,256.0,0.0,5.23,9.98,111.13,0.24,0.0,0.0,0.0,26.0
2026-09-15T22:31:00.711251587Z,4912.0,689.443,26.0,8.0,2048.0,2048.0,64.0,256.0,0.0,329.43,11.78,6.9,0.58,0.0,0.0,0.0,26.0
2026-09-15T22:31:00.840034313Z,4913.0,689.571,34.0,8.0,2048.0,2048.0,64.0,256.0,0.0,5.31,7.84,111.77,1.15,0.0,0.0,0.0,26.0
2026-09-15T22:31:00.969738731Z,4914.0,689.701,34.0,8.0,2048.0,2048.0,64.0,256.0,0.0,4.86,6.95,115.26,0.86,0.0,0.0,0.0,26.0
2026-09-15T22:31:01.099396358Z,4915.0,689.831,34.0,8.0,2048.0,2048.0,64.0,256.0,0.0,5.64,9.25,113.0,0.77,0.0,0.0,0.0,26.0
2026-09-15T22:31:01.228866835Z,4916.0,689.96,34.0,8.0,2048.0,2048.0,64.0,256.0,0.0,5.51,10.49,112.09,0.77,0.0,0.0,0.0,26.0
2026-09-15T22:31:01.358618162Z,4917.0,690.09,34.0,8.0,2048.0,2048.0,64.0,256.0,0.0,5.1,7.93,115.11,1.71,0.0,0.0,0.0,26.0
2026-09-15T22:31:01.488401309Z,4918.0,690.22,34.0,8.0,2048.0,2048.0,64.0,256.0,0.0,5.19,8.15,113.93,1.53,0.0,0.0,0.0,26.0
2026-09-15T22:31:01.617812006Z,4919.0,690.349,34.0,8.0,2048.0,2048.0,64.0,256.0,0.0,4.75,8.58,113.84,0.55,0.0,0.0,0.0,26.0
2026-09-15T22:31:01.746998723Z,4920.0,690.478,34.0,8.0,2048.0,2048.0,64.0,256.0,0.0,5.39,7.94,114.95,0.81,0.0,0.0,0.0,26.0
2026-09-15T22:31:01.877166710Z,4921.0,690.609,34.0,8.0,2048.0,2048.0,64.0,256.0,0.0,5.2,7.27,115.25,2.02,0.0,0.0,0.0,26.0
2026-09-15T22:31:02.006717517Z,4922.0,690.738,34.0,8.0,2048.0,2048.0,64.0,256.0,0.0,4.91,8.28,114.21,0.53,0.0,0.0,0.0,26.0
2026-09-15T22:31:02.136342084Z,4923.0,690.868,34.0,8.0,2048.0,2048.0,64.0,256.0,0.0,5.44,8.33,114.46,0.87,0.0,0.0,0.0,26.0
2026-09-15T22:31:02.266325091Z,4924.0,690.998,34.0,8.0,2048.0,2048.0,64.0,256.0,0.0,4.58,7.65,115.86,1.01,0.0,0.0,0.0,26.0
2026-09-15T22:31:02.396381238Z,4925.0,691.128,34.0,8.0,2048.0,2048.0,64.0,256.0,0.0,5.53,9.56,113.04,1.26,0.0,0.0,0.0,26.0
2026-09-15T22:31:02.525775185Z,4926.0,691.257,34.0,8.0,2048.0,2048.0,64.0,256.0,0.0,5.69,10.04,112.43,0.59,0.0,0.0,0.0,26.0
2026-09-15T22:31:02.656816892Z,4927.0,691.388,34.0,8.0,2048.0,2048.0,64.0,256.0,0.0,5.9,8.97,113.24,2.59,0.0,0.0,0.0,26.0
2026-09-15T22:31:02.786075219Z,4928.0,691.517,34.0,8.0,2048.0,2048.0,64.0,256.0,0.0,5.71,8.49,113.57,0.83,0.0,0.0,0.0,26.0
2026-09-15T22:31:02.916336016Z,4929.0,691.648,34.0,8.0,2048.0,2048.0,64.0,256.0,0.0,5.25,8.62,113.8,1.01,0.0,0.0,0.0,26.0
2026-09-15T22:31:03.046036913Z,4930.0,691.777,34.0,8.0,2048.0,2048.0,64.0,256.0,0.0,5.82,9.38,113.33,0.32,0.0,0.0,0.0,26.0
2026-09-15T22:31:03.176991431Z,4931.0,691.908,34.0,8.0,2048.0,2048.0,64.0,256.0,0.0,5.67,8.42,114.48,1.09,0.0,0.0,0.0,26.0
2026-09-15T22:31:03.307091237Z,4932.0,692.038,34.0,8.0,2048.0,2048.0,64.0,256.0,0.0,7.9,9.76,111.61,2.03,0.0,0.0,0.0,25.0
2026-09-15T22:31:03.437071494Z,4933.0,692.168,33.0,8.0,2048.0,2048.0,64.0,256.0,0.0,9.42,7.73,110.2,1.47,0.0,0.0,0.0,25.0
2026-09-15T22:31:03.566838102Z,4934.0,692.298,33.0,8.0,2048.0,2048.0,64.0,256.0,0.0,5.04,7.95,114.75,1.11,0.0,0.0,0.0,25.0
2026-09-15T22:31:03.697442228Z,4935.0,692.429,33.0,8.0,1995.0,2048.0,64.0,256.0,0.0,5.65,9.19,113.13,0.96,0.0,0.0,0.0,26.0
2026-09-15T22:31:03.827388976Z,4936.0,692.559,33.0,7.0,1795.0,2048.0,64.0,256.0,1.0,7.26,12.43,109.12,1.73,0.0,0.0,0.0,25.0
2026-09-15T22:31:03.957503513Z,4937.0,692.689,32.0,7.0,1795.0,2048.0,64.0,256.0,1.0,9.23,7.57,110.69,0.64,0.0,0.0,0.0,25.0
2026-09-15T22:31:04.087485180Z,4938.0,692.819,32.0,7.0,1795.0,2048.0,64.0,256.0,1.0,5.18,7.85,115.71,0.95,0.0,0.0,0.0,25.0
2026-09-15T22:31:04.217654037Z,4939.0,692.949,32.0,7.0,1795.0,2048.0,64.0,256.0,1.0,4.61,7.48,116.35,0.56,0.0,0.0,0.0,25.0
2026-09-15T22:31:04.348003304Z,4940.0,693.079,32.0,7.0,1623.0,2048.0,64.0,256.0,1.0,4.64,8.93,115.23,0.95,0.0,0.0,0.0,26.0
2026-09-15T22:31:04.478124011Z,4941.0,693.209,32.0,6.0,1543.0,2048.0,64.0,256.0,1.0,5.02,7.87,115.8,0.61,0.0,0.0,0.0,26.0
2026-09-15T22:31:04.607846958Z,4942.0,693.339,32.0,6.0,1333.0,2048.0,64.0,256.0,1.0,7.46,11.06,110.2,1.19,0.0,0.0,0.0,26.0
2026-09-15T22:31:04.737609485Z,4943.0,693.469,31.0,5.0,1291.0,2048.0,64.0,256.0,1.0,11.06,7.95,108.83,1.78,0.0,0.0,0.0,26.0
2026-09-15T22:31:04.867284442Z,4944.0,693.599,31.0,5.0,1291.0,2048.0,64.0,256.0,1.0,4.93,11.77,110.57,1.71,0.0,0.0,0.0,26.0
2026-09-15T22:31:04.997010629Z,4945.0,693.728,31.0,5.0,1291.0,2048.0,64.0,256.0,1.0,4.94,8.85,113.48,0.64,0.0,0.0,0.0,26.0
2026-09-15T22:31:05.126826046Z,4946.0,693.858,31.0,5.0,1216.0,2048.0,64.0,256.0,1.0,5.88,8.82,113.64,0.57,0.0,0.0,0.0,27.0
2026-09-15T22:31:05.256810803Z,4947.0,693.988,31.0,4.0,1038.0,2048.0,64.0,256.0,1.0,4.78,8.11,115.73,0.76,0.0,0.0,0.0,27.0
2026-09-15T22:31:05.386260680Z,4948.0,694.118,31.0,4.0,1038.0,2048.0,64.0,256.0,1.0,4.8,9.02,114.72,1.16,0.0,0.0,0.0,27.0
2026-09-15T22:31:05.516492437Z,4949.0,694.248,31.0,4.0,960.0,2048.0,64.0,256.0,1.0,4.54,7.76,115.29,0.97,0.0,0.0,0.0,28.0
2026-09-15T22:31:05.647380344Z,4950.0,694.379,31.0,3.0,535.0,2048.0,64.0,256.0,1.0,4.71,7.36,116.62,2.88,0.0,0.0,0.0,29.0
2026-09-15T22:31:05.775082441Z,4951.0,694.506,31.0,2.0,293.0,2048.0,64.0,256.0,1.0,4.62,7.88,114.92,0.7,0.0,0.0,0.0,30.0
2026-09-15T22:31:05.904899738Z,4952.0,694.636,31.0,1.0,284.0,2048.0,64.0,256.0,1.0,4.81,7.37,114.25,1.24,0.0,0.0,0.0,30.0
2026-09-15T22:31:06.034728966Z,4953.0,694.766,31.0,1.0,284.0,2048.0,64.0,256.0,1.0,4.65,7.63,115.72,2.22,0.0,0.0,0.0,30.0
2026-09-15T22:31:06.163265383Z,4954.0,694.895,31.0,1.0,284.0,2048.0,64.0,256.0,1.0,4.59,8.89,113.43,1.21,0.0,0.0,0.0,30.0
2026-09-15T22:31:06.293297609Z,4955.0,695.025,31.0,1.0,246.0,2048.0,64.0,256.0,1.0,4.99,7.89,113.85,0.93,0.0,0.0,0.0,31.0
2026-09-15T22:31:06.421728957Z,4956.0,695.153,31.0,0.0,31.0,2048.0,64.0,256.0,0.0,4.71,10.56,112.62,1.42,0.0,0.0,0.0,31.0
2026-09-15T22:31:06.550028004Z,4957.0,695.281,31.0,0.0,31.0,2048.0,64.0,256.0,0.0,4.82,9.29,112.26,0.93,0.0,0.0,0.0,31.0
2026-09-15T22:31:06.678108691Z,4958.0,695.409,31.0,0.0,31.0,2048.0,64.0,256.0,0.0,5.18,8.73,112.85,0.37,0.0,0.0,0.0,31.0
2026-09-15T22:31:06.806727318Z,4959.0,695.538,31.0,0.0,30.0,2048.0,64.0,256.0,0.0,6.78,10.87,109.39,1.89,0.0,0.0,0.0,30.0
2026-09-15T22:31:06.935360065Z,4960.0,695.667,30.0,0.0,30.0,2048.0,64.0,256.0,0.0,11.88,9.22,104.91,0.88,0.0,0.0,0.0,30.0
2026-09-15T22:31:07.063036992Z,4961.0,695.794,30.0,0.0,30.0,2048.0,64.0,256.0,0.0,5.49,16.55,104.9,0.7,0.0,0.0,0.0,30.0
2026-09-15T22:31:07.191758539Z,4962.0,695.923,30.0,0.0,30.0,2048.0,64.0,256.0,0.0,7.05,7.51,111.94,1.37,0.0,0.0,0.0,30.0
2026-09-15T22:31:07.319951886Z,4963.0,696.051,30.0,0.0,30.0,2048.0,64.0,256.0,0.0,5.15,7.9,113.63,0.55,0.0,0.0,0.0,30.0
2026-09-15T22:31:07.448829183Z,4964.0,696.18,30.0,0.0,30.0,2048.0,64.0,256.0,0.0,5.59,7.84,113.59,0.91,0.0,0.0,0.0,30.0
2026-09-15T22:31:07.577027110Z,4965.0,696.308,30.0,0.0,30.0,2048.0,64.0,256.0,0.0,5.09,7.21,115.01,1.55,0.0,0.0,0.0,30.0
2026-09-15T22:31:07.705583988Z,4966.0,696.437,30.0,0.0,30.0,2048.0,64.0,256.0,0.0,5.09,7.92,112.91,1.77,0.0,0.0,0.0,30.0
2026-09-15T22:31:07.833404845Z,4967.0,696.565,30.0,0.0,30.0,2048.0,64.0,256.0,0.0,5.53,8.49,112.07,0.73,0.0,0.0,0.0,30.0
2026-09-15T22:31:07.962077002Z,4968.0,696.693,30.0,0.0,30.0,2048.0,64.0,256.0,0.0,6.62,9.28,110.44,1.23,0.0,0.0,0.0,30.0
2026-09-15T22:31:08.090968899Z,4969.0,696.822,30.0,0.0,30.0,2048.0,64.0,256.0,0.0,5.27,7.8,113.7,2.2,0.0,0.0,0.0,30.0
2026-09-15T22:31:08.219329666Z,4970.0,696.951,30.0,0.0,30.0,2048.0,64.0,256.0,0.0,5.15,8.77,112.21,1.98,0.0,0.0,0.0,30.0
2026-09-15T22:31:08.347374033Z,4971.0,697.079,30.0,0.0,30.0,2048.0,64.0,256.0,0.0,5.48,9.8,110.24,0.78,0.0,0.0,0.0,30.0
2026-09-15T22:31:08.475946770Z,4972.0,697.207,30.0,0.0,30.0,2048.0,64.0,256.0,0.0,5.95,8.74,111.9,0.86,0.0,0.0,0.0,30.0
2026-09-15T22:31:08.604088407Z,4973.0,697.335,30.0,0.0,30.0,2048.0,64.0,256.0,0.0,5.04,7.71,114.18,0.29,0.0,0.0,0.0,30.0
2026-09-15T22:31:08.732248714Z,4974.0,697.464,30.0,0.0,29.0,2048.0,64.0,256.0,0.0,6.69,9.88,110.54,1.36,0.0,0.0,0.0,29.0
2026-09-15T22:31:08.860958771Z,4975.0,697.592,29.0,0.0,29.0,2048.0,64.0,256.0,0.0,10.18,8.09,107.99,0.98,0.0,0.0,0.0,29.0
2026-09-15T22:31:08.989462128Z,4976.0,697.721,29.0,0.0,29.0,2048.0,64.0,256.0,0.0,5.46,8.39,113.09,0.56,0.0,0.0,0.0,29.0
2026-09-15T22:31:09.118073725Z,4977.0,697.849,29.0,0.0,29.0,2048.0,64.0,256.0,0.0,5.24,10.04,111.82,0.94,0.0,0.0,0.0,29.0
2026-09-15T22:31:09.245956382Z,4978.0,697.977,29.0,0.0,29.0,2048.0,64.0,256.0,0.0,5.85,7.04,114.27,0.75,0.0,0.0,0.0,29.0
2026-09-15T22:31:09.374311019Z,4979.0,698.106,29.0,0.0,29.0,2048.0,64.0,256.0,0.0,5.09,11.54,109.8,1.38,0.0,0.0,0.0,29.0
2026-09-15T22:31:09.502491076Z,4980.0,698.234,29.0,0.0,29.0,2048.0,64.0,256.0,0.0,4.98,7.43,113.84,0.32,0.0,0.0,0.0,29.0
2026-09-15T22:31:09.630649654Z,4981.0,698.362,29.0,0.0,29.0,2048.0,64.0,256.0,0.0,5.24,7.72,114.37,0.6,0.0,0.0,0.0,29.0
2026-09-15T22:31:09.761054241Z,4982.0,698.492,29.0,0.0,29.0,2048.0,64.0,256.0,0.0,4.59,7.31,115.06,2.85,0.0,0.0,0.0,29.0
2026-09-15T22:31:09.888117798Z,4983.0,698.62,29.0,0.0,29.0,2048.0,64.0,256.0,0.0,4.81,7.77,114.37,1.68,0.0,0.0,0.0,29.0
2026-09-15T22:31:10.016904055Z,4984.0,698.748,29.0,0.0,28.0,2048.0,64.0,256.0,0.0,5.83,9.46,109.46,1.55,0.0,0.0,0.0,28.0
2026-09-15T22:31:10.145036092Z,4985.0,698.876,28.0,0.0,28.0,2048.0,64.0,256.0,0.0,11.08,8.89,106.47,1.86,0.0,0.0,0.0,28.0
2026-09-15T22:31:10.273433769Z,4986.0,699.005,28.0,0.0,28.0,2048.0,64.0,256.0,0.0,5.52,9.48,110.56,2.1,0.0,0.0,0.0,28.0
2026-09-15T22:31:10.401471756Z,4987.0,699.133,28.0,0.0,28.0,2048.0,64.0,256.0,0.0,5.01,8.26,112.35,0.97,0.0,0.0,0.0,28.0
2026-09-15T22:31:10.529899843Z,4988.0,699.261,28.0,0.0,28.0,2048.0,64.0,256.0,0.0,5.91,7.82,112.63,0.88,0.0,0.0,0.0,28.0
2026-09-15T22:31:10.658186920Z,4989.0,699.39,28.0,0.0,28.0,2048.0,64.0,256.0,0.0,5.23,8.08,113.57,1.52,0.0,0.0,0.0,28.0
2026-09-15T22:31:10.786654547Z,4990.0,699.518,28.0,0.0,28.0,2048.0,64.0,256.0,0.0,4.68,7.89,113.5,0.77,0.0,0.0,0.0,28.0
2026-09-15T22:31:10.914762215Z,4991.0,699.646,28.0,0.0,28.0,2048.0,64.0,256.0,0.0,5.41,8.02,113.47,0.6,0.0,0.0,0.0,28.0
2026-09-15T22:31:11.042805201Z,4992.0,699.774,28.0,0.0,28.0,2048.0,64.0,256.0,0.0,5.16,7.16,114.6,0.94,0.0,0.0,0.0,28.0
2026-09-15T22:31:11.171832398Z,4993.0,699.903,28.0,0.0,28.0,2048.0,64.0,256.0,0.0,5.05,7.38,114.13,1.93,0.0,0.0,0.0,28.0
2026-09-15T22:31:11.299896966Z,4994.0,700.031,28.0,0.0,28.0,2048.0,64.0,256.0,0.0,4.25,7.91,114.44,0.66,0.0,0.0,0.0,28.0
2026-09-15T22:31:11.428050903Z,4995.0,700.159,28.0,0.0,28.0,2048.0,64.0,256.0,0.0,5.0,7.27,114.35,0.82,0.0,0.0,0.0,28.0
2026-09-15T22:31:11.556707190Z,4996.0,700.288,28.0,0.0,28.0,2048.0,64.0,256.0,0.0,4.85,9.27,112.46,1.03,0.0,0.0,0.0,28.0
2026-09-15T22:31:11.685257167Z,4997.0,700.417,28.0,0.0,27.0,2048.0,64.0,256.0,0.0,7.03,10.61,108.99,0.82,0.0,0.0,0.0,27.0
2026-09-15T22:31:11.813323184Z,4998.0,700.545,27.0,0.0,27.0,2048.0,64.0,256.0,0.0,9.61,8.68,108.99,1.13,0.0,0.0,0.0,27.0
2026-09-15T22:31:11.942096781Z,4999.0,700.673,27.0,0.0,27.0,2048.0,64.0,256.0,0.0,5.04,7.89,113.3,1.96,0.0,0.0,0.0,27.0
2026-09-15T22:31:12.070018488Z,5000.0,700.801,27.0,0.0,27.0,2048.0,64.0,256.0,0.0,5.08,8.57,112.54,1.84,0.0,0.0,0.0,27.0
2026-09-15T22:31:14.638138760Z,5020.0,703.369,26.0,0.0,26.0,2048.0,64.0,256.0,0.0,4.91,10.45,110.49,1.4,0.0,0.0,0.0,26.0
2026-09-15T22:31:17.206451641Z,5040.0,705.938,24.0,0.0,24.0,2048.0,64.0,256.0,0.0,4.93,7.91,113.39,0.98,0.0,0.0,0.0,24.0
2026-09-15T22:31:20.026801547Z,5060.0,708.758,30.0,8.0,2048.0,2048.0,64.0,256.0,0.0,4.39,8.71,114.5,1.69,0.0,0.0,0.0,22.0
2026-09-15T22:31:22.629805508Z,5080.0,711.361,28.0,8.0,2048.0,2048.0,64.0,256.0,0.0,8.33,7.51,110.24,1.64,0.0,0.0,0.0,20.0
2026-09-15T22:31:25.224296169Z,5100.0,713.956,27.0,1.0,281.0,2048.0,64.0,256.0,1.0,4.71,8.92,112.54,0.57,0.0,0.0,0.0,26.0
2026-09-15T22:31:27.793272751Z,5120.0,716.525,27.0,0.0,27.0,2048.0,64.0,256.0,0.0,4.57,7.73,114.13,2.14,0.0,0.0,0.0,27.0
2026-09-15T22:31:30.360864322Z,5140.0,719.092,25.0,0.0,25.0,2048.0,64.0,256.0,0.0,5.1,8.21,112.93,1.09,0.0,0.0,0.0,25.0
2026-09-15T22:31:32.927899244Z,5160.0,721.659,22.0,0.0,22.0,2048.0,64.0,256.0,0.0,6.27,13.06,106.79,1.62,0.0,0.0,0.0,22.0
2026-09-15T22:31:35.494298605Z,5180.0,724.225,22.0,0.0,22.0,2048.0,64.0,256.0,0.0,3.59,7.73,114.89,0.29,0.0,0.0,0.0,22.0
2026-09-15T22:31:38.062115727Z,5200.0,726.793,19.0,0.0,19.0,2048.0,64.0,256.0,0.0,9.41,7.99,109.03,1.51,0.0,0.0,0.0,19.0
2026-09-15T22:31:40.961244741Z,5220.0,729.693,25.0,8.0,2048.0,2048.0,64.0,256.0,0.0,5.3,10.33,113.62,2.06,0.0,0.0,0.0,16.0
2026-09-15T22:31:43.558005682Z,5240.0,732.289,24.0,3.0,783.0,2048.0,64.0,256.0,1.0,4.55,8.09,115.04,1.3,0.0,0.0,0.0,21.0
2026-09-15T22:31:46.133456194Z,5260.0,734.865,22.0,0.0,22.0,2048.0,64.0,256.0,0.0,3.86,7.49,115.28,0.75,0.0,0.0,0.0,22.0
2026-09-15T22:31:48.700248495Z,5280.0,737.432,21.0,0.0,21.0,2048.0,64.0,256.0,0.0,3.62,7.96,114.65,1.84,0.0,0.0,0.0,21.0
2026-09-15T22:31:51.259780427Z,5300.0,739.991,19.0,0.0,19.0,2048.0,32.0,256.0,0.0,3.72,7.78,114.66,1.87,0.0,0.0,0.0,19.0
2026-09-15T22:31:53.816894269Z,5320.0,742.548,19.0,0.0,19.0,2048.0,32.0,256.0,0.0,3.97,9.1,113.49,1.15,0.0,0.0,0.0,19.0
2026-09-15T22:31:56.374310621Z,5340.0,745.106,19.0,0.0,19.0,2048.0,32.0,256.0,0.0,4.22,8.53,113.3,0.96,0.0,0.0,0.0,19.0
2026-09-15T22:31:58.931749503Z,5360.0,747.663,19.0,0.0,19.0,2048.0,32.0,256.0,0.0,3.46,7.36,115.5,1.46,0.0,0.0,0.0,19.0
2026-09-15T22:32:01.488517125Z,5380.0,750.22,18.0,0.0,18.0,2048.0,32.0,256.0,0.0,3.95,8.27,113.51,1.04,0.0,0.0,0.0,18.0
2026-09-15T22:32:04.043760167Z,5400.0,752.775,18.0,0.0,18.0,2048.0,32.0,256.0,0.0,4.1,7.91,113.9,1.48,0.0,0.0,0.0,18.0
2026-09-15T22:32:06.824827023Z,5420.0,755.556,24.0,8.0,2048.0,2048.0,64.0,256.0,0.0,3.7,8.25,115.46,1.73,0.0,0.0,0.0,16.0
2026-09-15T22:32:09.420685464Z,5440.0,758.152,24.0,3.0,781.0,2048.0,64.0,256.0,1.0,4.16,7.79,114.64,0.26,0.0,0.0,0.0,21.0
2026-09-15T22:32:11.987280296Z,5460.0,760.719,23.0,0.0,23.0,2048.0,64.0,256.0,0.0,3.81,7.55,114.68,1.09,0.0,0.0,0.0,23.0
2026-09-15T22:32:14.549231538Z,5480.0,763.281,22.0,0.0,22.0,2048.0,64.0,256.0,0.0,3.72,9.21,112.79,0.84,0.0,0.0,0.0,22.0
2026-09-15T22:32:17.108730539Z,5500.0,765.84,19.0,0.0,19.0,2048.0,32.0,256.0,0.0,3.75,9.06,113.28,0.67,0.0,0.0,0.0,19.0
2026-09-15T22:32:19.666265141Z,5520.0,768.398,18.0,0.0,18.0,2048.0,32.0,256.0,0.0,4.81,7.82,113.53,1.48,0.0,0.0,0.0,18.0
2026-09-15T22:32:22.223617993Z,5540.0,770.955,18.0,0.0,18.0,2048.0,32.0,256.0,0.0,3.99,8.04,113.49,1.32,0.0,0.0,0.0,18.0
2026-09-15T22:32:24.781080085Z,5560.0,773.512,17.0,0.0,17.0,2048.0,32.0,256.0,0.0,3.76,9.42,112.23,0.78,0.0,0.0,0.0,17.0
2026-09-15T22:32:27.335483367Z,5580.0,776.067,14.0,0.0,14.0,2048.0,32.0,256.0,0.0,4.67,7.66,113.68,1.62,0.0,0.0,0.0,14.0
2026-09-15T22:32:30.128839553Z,5600.0,778.86,18.0,8.0,2048.0,2048.0,32.0,256.0,0.0,8.48,7.53,110.71,0.6,0.0,0.0,0.0,10.0
2026-09-15T22:32:32.713712475Z,5620.0,781.445,17.0,7.0,1738.0,2048.0,32.0,256.0,1.0,3.46,7.95,116.23,1.96,0.0,0.0,0.0,11.0
2026-09-15T22:32:35.290476196Z,5640.0,784.022,16.0,0.0,16.0,2048.0,32.0,256.0,0.0,8.96,7.5,108.98,1.2,0.0,0.0,0.0,16.0
2026-09-15T22:32:37.842858728Z,5660.0,786.574,16.0,0.0,16.0,2048.0,32.0,256.0,0.0,3.68,7.87,114.32,1.09,0.0,0.0,0.0,16.0
2026-09-15T22:32:40.395133100Z,5680.0,789.127,15.0,0.0,15.0,2048.0,32.0,256.0,0.0,6.25,7.43,109.47,1.29,0.0,0.0,0.0,15.0
2026-09-15T22:32:42.946360262Z,5700.0,791.678,14.0,0.0,14.0,2048.0,16.0,256.0,0.0,4.5,8.84,112.17,1.33,0.0,0.0,0.0,14.0
2026-09-15T22:32:45.496627384Z,5720.0,794.228,12.0,0.0,12.0,2048.0,16.0,256.0,0.0,3.68,7.68,114.8,1.72,0.0,0.0,0.0,12.0
2026-09-15T22:32:48.045692626Z,5740.0,796.777,12.0,0.0,12.0,2048.0,16.0,256.0,0.0,3.37,7.74,114.78,0.53,0.0,0.0,0.0,12.0
2026-09-15T22:32:50.596592649Z,5760.0,799.328,12.0,0.0,12.0,2048.0,16.0,256.0,0.0,3.38,7.53,115.25,0.56,0.0,0.0,0.0,12.0
2026-09-15T22:32:53.146440461Z,5780.0,801.878,11.0,0.0,11.0,2048.0,16.0,256.0,0.0,3.71,7.17,115.46,1.59,0.0,0.0,0.0,11.0
2026-09-15T22:32:55.916416179Z,5800.0,804.648,17.0,8.0,2048.0,2048.0,32.0,256.0,0.0,8.32,8.48,111.3,0.86,0.0,0.0,0.0,9.0
2026-09-15T22:32:58.505264771Z,5820.0,807.237,16.0,5.0,942.0,2048.0,32.0,256.0,1.0,4.34,8.31,114.71,1.37,0.0,0.0,0.0,13.0
2026-09-15T22:33:01.067300043Z,5840.0,809.799,15.0,0.0,15.0,2048.0,32.0,256.0,0.0,3.34,7.58,114.98,1.61,0.0,0.0,0.0,15.0
2026-09-15T22:33:03.623350986Z,5860.0,812.355,15.0,0.0,15.0,2048.0,32.0,256.0,0.0,3.81,7.84,114.02,1.29,0.0,0.0,0.0,15.0
2026-09-15T22:33:06.179731938Z,5880.0,814.911,14.0,0.0,14.0,2048.0,32.0,256.0,0.0,3.67,8.79,113.52,0.59,0.0,0.0,0.0,14.0
2026-09-15T22:33:08.736298721Z,5900.0,817.468,14.0,0.0,13.0,2048.0,32.0,256.0,0.0,5.22,10.26,110.77,0.44,0.0,0.0,0.0,13.0
2026-09-15T22:33:11.294414443Z,5920.0,820.026,13.0,0.0,13.0,2048.0,32.0,256.0,0.0,3.63,7.73,114.16,2.12,0.0,0.0,0.0,13.0
2026-09-15T22:33:13.850311326Z,5940.0,822.582,13.0,0.0,13.0,2048.0,32.0,256.0,0.0,3.66,7.32,114.26,1.27,0.0,0.0,0.0,13.0
2026-09-15T22:33:16.406591338Z,5960.0,825.138,11.0,0.0,11.0,2048.0,16.0,256.0,0.0,3.75,7.55,115.02,0.67,0.0,0.0,0.0,11.0
2026-09-15T22:33:18.961665791Z,5980.0,827.693,10.0,0.0,10.0,2048.0,16.0,256.0,0.0,3.36,7.54,115.58,0.68,0.0,0.0,0.0,10.0
2026-09-15T22:33:21.517107513Z,6000.0,830.248,9.0,0.0,9.0,2048.0,16.0,256.0,0.0,4.47,8.54,112.98,1.87,0.0,0.0,0.0,9.0
2026-09-15T22:33:24.272987521Z,6020.0,833.004,9.0,0.0,9.0,2048.0,16.0,256.0,0.0,3.9,12.16,109.1,0.17,0.0,0.0,0.0,9.0
2026-09-15T22:33:26.838158514Z,6040.0,835.57,14.0,5.0,1285.0,2048.0,16.0,256.0,1.0,3.8,7.97,115.1,0.81,0.0,0.0,0.0,9.0
2026-09-15T22:33:29.409238506Z,6060.0,838.14,14.0,3.0,730.0,2048.0,16.0,256.0,1.0,3.66,7.42,115.98,0.38,0.0,0.0,0.0,12.0
2026-09-15T22:33:31.965998118Z,6080.0,840.697,12.0,0.0,12.0,2048.0,16.0,256.0,0.0,4.28,8.72,112.9,1.74,0.0,0.0,0.0,12.0
2026-09-15T22:33:34.512274991Z,6100.0,843.244,12.0,0.0,12.0,2048.0,16.0,256.0,0.0,3.66,7.38,114.43,1.15,0.0,0.0,0.0,12.0
2026-09-15T22:33:37.059026464Z,6120.0,845.79,12.0,0.0,12.0,2048.0,16.0,256.0,0.0,3.67,7.71,113.13,0.76,0.0,0.0,0.0,12.0
2026-09-15T22:33:39.605431436Z,6140.0,848.337,11.0,0.0,11.0,2048.0,16.0,256.0,0.0,3.64,8.23,113.99,0.5,0.0,0.0,0.0,11.0
2026-09-15T22:33:42.155373559Z,6160.0,850.887,11.0,2.0,521.0,2048.0,16.0,256.0,1.0,3.85,7.41,113.86,1.54,0.0,0.0,0.0,9.0
2026-09-15T22:33:44.717474051Z,6180.0,853.449,11.0,2.0,521.0,2048.0,16.0,256.0,1.0,3.69,9.92,112.86,1.35,0.0,0.0,0.0,9.0
2026-09-15T22:33:47.270479114Z,6200.0,856.002,10.0,0.0,10.0,2048.0,16.0,256.0,0.0,3.4,7.63,115.0,1.5,0.0,0.0,0.0,10.0
2026-09-15T22:33:49.816525557Z,6220.0,858.548,9.0,0.0,9.0,2048.0,16.0,256.0,0.0,3.46,7.61,115.04,1.83,0.0,0.0,0.0,9.0
2026-09-15T22:33:52.362034999Z,6240.0,861.093,8.0,0.0,8.0,2048.0,16.0,256.0,0.0,3.38,7.37,115.01,1.33,0.0,0.0,0.0,8.0
2026-09-15T22:33:54.908600562Z,6260.0,863.64,6.0,0.0,6.0,2048.0,8.0,256.0,0.0,2.99,9.58,112.92,0.88,0.0,0.0,0.0,6.0
2026-09-15T22:33:57.454284105Z,6280.0,866.186,6.0,0.0,6.0,2048.0,8.0,256.0,0.0,3.24,7.85,115.0,0.9,0.0,0.0,0.0,6.0
2026-09-15T22:34:00.002467377Z,6300.0,868.734,6.0,0.0,6.0,2048.0,8.0,256.0,0.0,3.02,8.22,114.48,3.01,0.0,0.0,0.0,6.0
2026-09-15T22:34:02.546224430Z,6320.0,871.278,4.0,0.0,4.0,2048.0,8.0,256.0,0.0,2.85,7.77,115.14,1.57,0.0,0.0,0.0,4.0
2026-09-15T22:34:05.084859033Z,6340.0,873.816,3.0,0.0,3.0,2048.0,8.0,256.0,0.0,2.66,7.81,114.45,0.66,0.0,0.0,0.0,3.0
2026-09-15T22:34:07.623082166Z,6360.0,876.355,3.0,0.0,3.0,2048.0,8.0,256.0,0.0,3.27,7.88,113.31,1.38,0.0,0.0,0.0,3.0
2026-09-15T22:34:10.161837769Z,6380.0,878.893,3.0,0.0,3.0,2048.0,8.0,256.0,0.0,2.97,7.31,114.51,1.11,0.0,0.0,0.0,3.0
2026-09-15T22:34:12.901468998Z,6400.0,881.633,10.0,7.0,1793.0,2048.0,16.0,256.0,1.0,3.13,7.97,115.85,1.6,0.0,0.0,0.0,3.0
2026-09-15T22:34:15.478609519Z,6420.0,884.21,9.0,3.0,633.0,2048.0,16.0,256.0,1.0,3.28,7.93,114.81,2.18,0.0,0.0,0.0,7.0
2026-09-15T22:34:18.027755252Z,6440.0,886.759,9.0,0.0,9.0,2048.0,16.0,256.0,0.0,3.64,8.03,114.28,1.68,0.0,0.0,0.0,9.0
2026-09-15T22:34:20.572984145Z,6460.0,889.304,9.0,0.0,9.0,2048.0,16.0,256.0,0.0,3.15,8.02,114.27,1.18,0.0,0.0,0.0,9.0
2026-09-15T22:34:23.117185848Z,6480.0,891.849,9.0,0.0,9.0,2048.0,16.0,256.0,0.0,3.16,6.8,114.69,0.67,0.0,0.0,0.0,9.0
2026-09-15T22:34:25.662511390Z,6500.0,894.394,8.0,0.0,8.0,2048.0,8.0,256.0,0.0,3.04,6.96,116.03,0.93,0.0,0.0,0.0,8.0
2026-09-15T22:34:28.208218703Z,6520.0,896.94,8.0,0.0,8.0,2048.0,8.0,256.0,0.0,3.23,7.67,114.27,1.26,0.0,0.0,0.0,8.0
2026-09-15T22:34:30.753608246Z,6540.0,899.485,8.0,0.0,8.0,2048.0,8.0,256.0,0.0,3.47,8.19,113.97,0.75,0.0,0.0,0.0,8.0
2026-09-15T22:34:33.299913179Z,6560.0,902.031,8.0,0.0,8.0,2048.0,8.0,256.0,0.0,4.13,8.66,112.67,0.66,0.0,0.0,0.0,8.0
2026-09-15T22:34:35.845279441Z,6580.0,904.577,7.0,0.0,7.0,2048.0,8.0,256.0,0.0,3.1,6.8,115.92,0.41,0.0,0.0,0.0,7.0
2026-09-15T22:34:38.401222024Z,6600.0,907.133,8.0,3.0,773.0,2048.0,8.0,256.0,1.0,3.84,8.79,113.48,0.78,0.0,0.0,0.0,5.0
2026-09-15T22:34:40.967460636Z,6620.0,909.699,8.0,4.0,1028.0,2048.0,8.0,256.0,1.0,2.89,7.94,115.92,1.25,0.0,0.0,0.0,4.0
2026-09-15T22:34:43.535777928Z,6640.0,912.267,8.0,1.0,263.0,2048.0,8.0,256.0,1.0,3.35,7.95,115.65,1.99,0.0,0.0,0.0,7.0
2026-09-15T22:34:46.081929011Z,6660.0,914.813,8.0,0.0,8.0,2048.0,8.0,256.0,0.0,3.32,7.23,114.45,1.04,0.0,0.0,0.0,8.0
2026-09-15T22:34:48.628375203Z,6680.0,917.36,8.0,0.0,8.0,2048.0,8.0,256.0,0.0,3.23,7.34,114.05,2.27,0.0,0.0,0.0,8.0
2026-09-15T22:34:51.173980286Z,6700.0,919.905,8.0,0.0,8.0,2048.0,8.0,256.0,0.0,3.34,7.56,113.79,1.02,0.0,0.0,0.0,8.0
2026-09-15T22:34:53.719145919Z,6720.0,922.451,8.0,0.0,8.0,2048.0,8.0,256.0,0.0,3.09,8.18,113.99,0.48,0.0,0.0,0.0,8.0
2026-09-15T22:34:56.265647222Z,6740.0,924.997,8.0,0.0,8.0,2048.0,8.0,256.0,0.0,3.39,6.95,115.52,0.91,0.0,0.0,0.0,8.0
2026-09-15T22:34:58.811603734Z,6760.0,927.543,8.0,1.0,263.0,2048.0,8.0,256.0,1.0,3.25,7.59,115.67,0.39,0.0,0.0,0.0,7.0
2026-09-15T22:35:01.361302827Z,6780.0,930.093,8.0,1.0,263.0,2048.0,8.0,256.0,1.0,3.29,7.17,115.96,0.63,0.0,0.0,0.0,7.0
2026-09-15T22:35:03.913679440Z,6800.0,932.645,7.0,0.0,7.0,2048.0,8.0,256.0,0.0,3.2,6.95,114.93,1.01,0.0,0.0,0.0,7.0
2026-09-15T22:35:06.460172523Z,6820.0,935.192,7.0,1.0,262.0,2048.0,8.0,256.0,1.0,3.15,7.83,113.87,1.66,0.0,0.0,0.0,6.0
2026-09-15T22:35:09.009569005Z,6840.0,937.741,7.0,1.0,262.0,2048.0,8.0,256.0,1.0,3.5,8.46,113.08,0.34,0.0,0.0,0.0,6.0
2026-09-15T22:35:11.556759748Z,6860.0,940.288,6.0,1.0,262.0,2048.0,8.0,256.0,1.0,69.48,8.16,46.31,0.29,0.0,0.0,0.0,6.0
2026-09-15T22:35:14.100607851Z,6880.0,942.832,7.0,1.0,262.0,2048.0,8.0,256.0,1.0,3.96,6.91,114.54,1.13,0.0,0.0,0.0,6.0
2026-09-15T22:35:16.648406904Z,6900.0,945.38,7.0,0.0,7.0,2048.0,8.0,256.0,0.0,3.18,8.24,114.24,1.24,0.0,0.0,0.0,7.0
2026-09-15T22:35:19.189095726Z,6920.0,947.921,6.0,0.0,6.0,2048.0,8.0,256.0,0.0,3.19,8.04,113.27,1.05,0.0,0.0,0.0,6.0
2026-09-15T22:35:21.729774009Z,6940.0,950.461,6.0,0.0,6.0,2048.0,8.0,256.0,0.0,2.86,7.13,115.15,1.5,0.0,0.0,0.0,6.0
2026-09-15T22:35:24.271033972Z,6960.0,953.002,6.0,0.0,6.0,2048.0,8.0,256.0,0.0,3.08,7.38,115.43,1.79,0.0,0.0,0.0,6.0
2026-09-15T22:35:26.811366695Z,6980.0,955.543,6.0,0.0,6.0,2048.0,8.0,256.0,0.0,3.21,7.01,114.48,0.84,0.0,0.0,0.0,6.0
2026-09-15T22:35:29.352073868Z,7000.0,958.083,6.0,0.0,6.0,2048.0,8.0,256.0,0.0,3.24,8.04,114.97,0.8,0.0,0.0,0.0,6.0
2026-09-15T22:35:31.895558290Z,7020.0,960.627,6.0,2.0,516.0,2048.0,8.0,256.0,1.0,3.62,8.23,113.95,1.08,0.0,0.0,0.0,4.0
2026-09-15T22:35:34.443595953Z,7040.0,963.175,6.0,2.0,516.0,2048.0,8.0,256.0,1.0,2.83,7.48,115.13,0.68,0.0,0.0,0.0,4.0
2026-09-15T22:35:36.992336756Z,7060.0,965.724,6.0,0.0,6.0,2048.0,8.0,256.0,0.0,3.18,7.27,115.68,0.82,0.0,0.0,0.0,6.0
2026-09-15T22:35:39.534787479Z,7080.0,968.266,6.0,1.0,261.0,2048.0,8.0,256.0,1.0,3.08,7.5,114.77,1.18,0.0,0.0,0.0,5.0
2026-09-15T22:35:42.081153601Z,7100.0,970.813,6.0,1.0,261.0,2048.0,8.0,256.0,1.0,3.16,7.67,114.48,1.08,0.0,0.0,0.0,5.0
2026-09-15T22:35:44.631591694Z,7120.0,973.363,6.0,0.0,6.0,2048.0,8.0,256.0,0.0,3.2,7.75,113.51,0.31,0.0,0.0,0.0,6.0
2026-09-15T22:35:47.173078017Z,7140.0,975.904,6.0,0.0,6.0,2048.0,8.0,256.0,0.0,2.79,8.49,114.49,0.69,0.0,0.0,0.0,6.0
2026-09-15T22:35:49.714735050Z,7160.0,978.446,6.0,0.0,6.0,2048.0,8.0,256.0,0.0,3.61,8.38,112.76,1.67,0.0,0.0,0.0,6.0
2026-09-15T22:35:52.256114883Z,7180.0,980.987,6.0,0.0,6.0,2048.0,8.0,256.0,0.0,3.61,7.36,114.08,0.74,0.0,0.0,0.0,6.0
2026-09-15T22:35:54.797519706Z,7200.0,983.529,6.0,0.0,6.0,2048.0,8.0,256.0,0.0,3.15,7.26,115.76,0.94,0.0,0.0,0.0,6.0
2026-09-15T22:35:57.339268598Z,7220.0,986.071,6.0,0.0,6.0,2048.0,8.0,256.0,0.0,3.65,10.05,110.83,1.27,0.0,0.0,0.0,6.0
2026-09-15T22:35:59.884008401Z,7240.0,988.615,6.0,2.0,516.0,2048.0,8.0,256.0,1.0,3.27,7.87,114.22,0.29,0.0,0.0,0.0,4.0
2026-09-15T22:36:02.443985254Z,7260.0,991.175,6.0,2.0,516.0,2048.0,8.0,256.0,1.0,2.89,7.63,116.01,0.57,0.0,0.0,0.0,4.0
2026-09-15T22:36:05.004697916Z,7280.0,993.736,6.0,1.0,234.0,2048.0,8.0,256.0,1.0,3.41,8.06,114.45,0.42,0.0,0.0,0.0,6.0
2026-09-15T22:36:07.548617099Z,7300.0,996.28,6.0,1.0,261.0,2048.0,8.0,256.0,1.0,2.83,7.44,116.26,0.75,0.0,0.0,0.0,5.0
2026-09-15T22:36:10.094381741Z,7320.0,998.826,6.0,1.0,261.0,2048.0,8.0,256.0,1.0,3.28,7.83,112.84,0.59,0.0,0.0,0.0,5.0
2026-09-15T22:36:12.643144564Z,7340.0,1001.375,6.0,0.0,6.0,2048.0,8.0,256.0,0.0,3.44,7.88,114.45,0.93,0.0,0.0,0.0,6.0
2026-09-15T22:36:15.186333077Z,7360.0,1003.918,6.0,0.0,6.0,2048.0,8.0,256.0,0.0,3.27,8.13,113.65,1.7,0.0,0.0,0.0,6.0
2026-09-15T22:36:17.729652870Z,7380.0,1006.461,6.0,0.0,6.0,2048.0,8.0,256.0,0.0,3.2,7.84,114.02,1.41,0.0,0.0,0.0,6.0
2026-09-15T22:36:20.274355062Z,7400.0,1009.006,6.0,1.0,261.0,2048.0,8.0,256.0,1.0,2.86,7.63,114.99,1.75,0.0,0.0,0.0,5.0
2026-09-15T22:36:22.825016995Z,7420.0,1011.556,6.0,1.0,261.0,2048.0,8.0,256.0,1.0,2.81,7.75,115.45,0.64,0.0,0.0,0.0,5.0
2026-09-15T22:36:25.374772198Z,7440.0,1014.106,6.0,0.0,6.0,2048.0,8.0,256.0,0.0,3.2,6.99,115.27,1.3,0.0,0.0,0.0,6.0
2026-09-15T22:36:27.917445921Z,7460.0,1016.649,6.0,0.0,6.0,2048.0,8.0,256.0,0.0,3.1,8.2,114.63,0.41,0.0,0.0,0.0,6.0
2026-09-15T22:36:30.461112343Z,7480.0,1019.192,5.0,1.0,261.0,2048.0,8.0,256.0,1.0,81.25,8.12,36.15,0.58,0.0,0.0,0.0,5.0
2026-09-15T22:36:33.007756236Z,7500.0,1021.739,6.0,1.0,261.0,2048.0,8.0,256.0,1.0,2.68,7.8,114.82,0.5,0.0,0.0,0.0,5.0
2026-09-15T22:36:35.562807829Z,7520.0,1024.294,6.0,1.0,261.0,2048.0,8.0,256.0,1.0,3.48,7.21,116.01,1.03,0.0,0.0,0.0,5.0
2026-09-15T22:36:38.302803967Z,7540.0,1027.034,6.0,0.0,6.0,2048.0,8.0,256.0,0.0,3.27,8.79,112.71,1.43,0.0,0.0,0.0,6.0
2026-09-15T22:36:40.845843670Z,7560.0,1029.577,6.0,0.0,6.0,2048.0,8.0,256.0,0.0,2.97,7.28,115.39,1.35,0.0,0.0,0.0,6.0
2026-09-15T22:36:43.389355582Z,7580.0,1032.121,6.0,0.0,6.0,2048.0,8.0,256.0,0.0,3.14,7.89,114.58,1.02,0.0,0.0,0.0,6.0
2026-09-15T22:36:45.931970135Z,7600.0,1034.663,5.0,0.0,5.0,2048.0,8.0,256.0,0.0,3.13,8.78,112.87,0.63,0.0,0.0,0.0,5.0
2026-09-15T22:36:48.475267078Z,7620.0,1037.207,5.0,0.0,5.0,2048.0,8.0,256.0,0.0,2.99,7.63,114.05,0.87,0.0,0.0,0.0,5.0
2026-09-15T22:36:51.020187111Z,7640.0,1039.751,5.0,1.0,260.0,2048.0,8.0,256.0,1.0,3.42,10.13,112.02,1.14,0.0,0.0,0.0,4.0
2026-09-15T22:36:53.566613614Z,7660.0,1042.298,5.0,1.0,260.0,2048.0,8.0,256.0,1.0,2.84,8.38,114.9,0.9,0.0,0.0,0.0,4.0
2026-09-15T22:36:56.113330966Z,7680.0,1044.845,5.0,0.0,5.0,2048.0,8.0,256.0,0.0,2.98,7.57,115.36,1.39,0.0,0.0,0.0,5.0
2026-09-15T22:36:58.656418989Z,7700.0,1047.388,5.0,0.0,5.0,2048.0,8.0,256.0,0.0,3.28,7.37,114.98,1.46,0.0,0.0,0.0,5.0
2026-09-15T22:37:01.199737602Z,7720.0,1049.931,5.0,0.0,5.0,2048.0,8.0,256.0,0.0,3.06,7.66,114.7,1.19,0.0,0.0,0.0,5.0
2026-09-15T22:37:03.742781105Z,7740.0,1052.474,5.0,1.0,260.0,2048.0,8.0,256.0,1.0,3.1,8.64,114.21,0.84,0.0,0.0,0.0,4.0
2026-09-15T22:37:06.300228107Z,7760.0,1055.032,5.0,1.0,260.0,2048.0,8.0,256.0,1.0,2.89,7.11,116.66,1.57,0.0,0.0,0.0,4.0
2026-09-15T22:37:08.857694840Z,7780.0,1057.589,5.0,1.0,260.0,2048.0,8.0,256.0,1.0,2.85,7.4,115.33,1.66,0.0,0.0,0.0,4.0
2026-09-15T22:37:11.404457323Z,7800.0,1060.136,5.0,1.0,260.0,2048.0,8.0,256.0,1.0,2.83,7.2,115.96,0.56,0.0,0.0,0.0,4.0
2026-09-15T22:37:13.960969365Z,7820.0,1062.692,5.0,1.0,260.0,2048.0,8.0,256.0,1.0,2.9,7.16,115.02,1.44,0.0,0.0,0.0,4.0
2026-09-15T22:37:16.506876618Z,7840.0,1065.238,5.0,1.0,260.0,2048.0,8.0,256.0,1.0,3.02,7.76,114.89,0.54,0.0,0.0,0.0,4.0
2026-09-15T22:37:19.055721500Z,7860.0,1067.787,5.0,0.0,5.0,2048.0,8.0,256.0,0.0,3.15,6.93,115.41,1.63,0.0,0.0,0.0,5.0
2026-09-15T22:37:21.597958693Z,7880.0,1070.329,5.0,0.0,5.0,2048.0,8.0,256.0,0.0,3.12,8.7,112.96,0.32,0.0,0.0,0.0,5.0
2026-09-15T22:37:24.141162906Z,7900.0,1072.873,5.0,0.0,5.0,2048.0,8.0,256.0,0.0,3.03,7.15,116.06,1.42,0.0,0.0,0.0,5.0
2026-09-15T22:37:26.683705959Z,7920.0,1075.415,5.0,0.0,5.0,2048.0,8.0,256.0,0.0,3.07,7.04,115.53,1.46,0.0,0.0,0.0,5.0
2026-09-15T22:37:29.226749051Z,7940.0,1077.958,5.0,0.0,5.0,2048.0,8.0,256.0,0.0,3.2,7.34,114.56,1.36,0.0,0.0,0.0,5.0
2026-09-15T22:37:31.768955845Z,7960.0,1080.5,4.0,1.0,260.0,2048.0,8.0,256.0,1.0,83.32,8.76,32.97,0.59,0.0,0.0,0.0,4.0
2026-09-15T22:37:34.314022017Z,7980.0,1083.045,5.0,1.0,260.0,2048.0,8.0,256.0,1.0,3.26,7.57,115.27,0.97,0.0,0.0,0.0,4.0
2026-09-15T22:37:36.866473300Z,8000.0,1085.598,5.0,1.0,260.0,2048.0,8.0,256.0,1.0,2.71,7.05,116.1,0.99,0.0,0.0,0.0,4.0
2026-09-15T22:37:39.411331062Z,8020.0,1088.143,5.0,0.0,5.0,2048.0,8.0,256.0,0.0,3.21,8.26,114.27,0.73,0.0,0.0,0.0,5.0
2026-09-15T22:37:41.954217545Z,8040.0,1090.686,5.0,0.0,5.0,2048.0,8.0,256.0,0.0,2.79,7.26,115.49,1.07,0.0,0.0,0.0,5.0
2026-09-15T22:37:44.498363068Z,8060.0,1093.23,5.0,1.0,260.0,2048.0,8.0,256.0,1.0,3.09,7.01,115.05,0.94,0.0,0.0,0.0,4.0
2026-09-15T22:37:47.044941671Z,8080.0,1095.776,5.0,2.0,515.0,2048.0,8.0,256.0,1.0,2.64,7.35,116.01,1.4,0.0,0.0,0.0,3.0
2026-09-15T22:37:49.596511273Z,8100.0,1098.328,5.0,1.0,260.0,2048.0,8.0,256.0,1.0,3.2,7.52,114.6,1.35,0.0,0.0,0.0,4.0
2026-09-15T22:37:52.144424736Z,8120.0,1100.876,5.0,0.0,5.0,2048.0,8.0,256.0,0.0,3.22,7.7,114.07,0.73,0.0,0.0,0.0,5.0
2026-09-15T22:37:54.689046079Z,8140.0,1103.42,5.0,1.0,260.0,2048.0,8.0,256.0,1.0,2.75,8.05,114.66,1.37,0.0,0.0,0.0,4.0
2026-09-15T22:37:57.238772241Z,8160.0,1105.97,5.0,1.0,260.0,2048.0,8.0,256.0,1.0,2.95,6.89,116.06,0.76,0.0,0.0,0.0,4.0
2026-09-15T22:37:59.792476604Z,8180.0,1108.524,5.0,0.0,5.0,2048.0,8.0,256.0,0.0,3.17,7.88,113.69,0.74,0.0,0.0,0.0,5.0
2026-09-15T22:38:02.334764657Z,8200.0,1111.066,5.0,0.0,5.0,2048.0,8.0,256.0,0.0,3.06,7.64,114.64,1.48,0.0,0.0,0.0,5.0
2026-09-15T22:38:04.878469020Z,8220.0,1113.61,5.0,0.0,5.0,2048.0,8.0,256.0,0.0,2.84,8.03,114.86,2.02,0.0,0.0,0.0,5.0
2026-09-15T22:38:07.421118103Z,8240.0,1116.153,5.0,0.0,5.0,2048.0,8.0,256.0,0.0,2.81,7.34,114.76,0.89,0.0,0.0,0.0,5.0
2026-09-15T22:38:09.964040165Z,8260.0,1118.695,5.0,0.0,5.0,2048.0,8.0,256.0,0.0,2.76,7.13,115.85,0.53,0.0,0.0,0.0,5.0
2026-09-15T22:38:12.506990768Z,8280.0,1121.238,5.0,0.0,5.0,2048.0,8.0,256.0,0.0,3.19,7.14,115.36,1.48,0.0,0.0,0.0,5.0
2026-09-15T22:38:15.049677641Z,8300.0,1123.781,5.0,0.0,5.0,2048.0,8.0,256.0,0.0,2.67,7.19,115.33,1.39,0.0,0.0,0.0,5.0
2026-09-15T22:38:17.592764363Z,8320.0,1126.324,5.0,0.0,5.0,2048.0,8.0,256.0,0.0,2.82,7.53,114.2,0.91,0.0,0.0,0.0,5.0
2026-09-15T22:38:20.135609486Z,8340.0,1128.867,5.0,0.0,5.0,2048.0,8.0,256.0,0.0,2.81,7.44,114.81,0.9,0.0,0.0,0.0,5.0
2026-09-15T22:38:22.678229999Z,8360.0,1131.41,5.0,0.0,5.0,2048.0,8.0,256.0,0.0,2.99,8.56,113.53,1.36,0.0,0.0,0.0,5.0
2026-09-15T22:38:25.221238832Z,8380.0,1133.953,5.0,1.0,260.0,2048.0,8.0,256.0,1.0,4.26,8.2,112.59,1.79,0.0,0.0,0.0,4.0
2026-09-15T22:38:27.771257825Z,8400.0,1136.502,5.0,1.0,260.0,2048.0,8.0,256.0,1.0,3.37,7.95,114.41,1.23,0.0,0.0,0.0,4.0
2026-09-15T22:38:30.337868577Z,8420.0,1139.069,5.0,1.0,260.0,2048.0,8.0,256.0,1.0,3.23,7.74,116.05,1.27,0.0,0.0,0.0,4.0
2026-09-15T22:38:32.882253000Z,8440.0,1141.614,5.0,0.0,5.0,2048.0,8.0,256.0,0.0,3.08,8.5,113.45,0.98,0.0,0.0,0.0,5.0
2026-09-15T22:38:35.425126802Z,8460.0,1144.157,5.0,0.0,5.0,2048.0,8.0,256.0,0.0,2.9,8.05,113.53,0.61,0.0,0.0,0.0,5.0
2026-09-15T22:38:37.968025925Z,8480.0,1146.699,5.0,0.0,5.0,2048.0,8.0,256.0,0.0,2.85,7.22,115.79,0.93,0.0,0.0,0.0,5.0
2026-09-15T22:38:40.529506418Z,8500.0,1149.261,5.0,2.0,515.0,2048.0,8.0,256.0,1.0,2.92,6.67,115.62,0.58,0.0,0.0,0.0,3.0
2026-09-15T22:38:43.079280600Z,8520.0,1151.811,5.0,3.0,770.0,2048.0,8.0,256.0,1.0,2.76,8.19,114.93,0.85,0.0,0.0,0.0,2.0
2026-09-15T22:38:45.642464473Z,8540.0,1154.374,5.0,2.0,341.0,2048.0,8.0,256.0,1.0,3.06,7.98,115.52,0.68,0.0,0.0,0.0,4.0
2026-09-15T22:38:48.192523895Z,8560.0,1156.924,5.0,0.0,5.0,2048.0,8.0,256.0,0.0,2.71,7.25,115.63,0.76,0.0,0.0,0.0,5.0
2026-09-15T22:38:50.735962688Z,8580.0,1159.467,5.0,0.0,5.0,2048.0,8.0,256.0,0.0,2.97,6.93,115.29,1.31,0.0,0.0,0.0,5.0
2026-09-15T22:38:53.278458441Z,8600.0,1162.01,5.0,0.0,5.0,2048.0,8.0,256.0,0.0,3.16,7.6,114.86,0.91,0.0,0.0,0.0,5.0
2026-09-15T22:38:55.821781904Z,8620.0,1164.553,5.0,0.0,5.0,2048.0,8.0,256.0,0.0,2.72,7.69,115.18,1.95,0.0,0.0,0.0,5.0
2026-09-15T22:38:58.365117366Z,8640.0,1167.096,5.0,0.0,5.0,2048.0,8.0,256.0,0.0,2.93,6.87,115.52,2.47,0.0,0.0,0.0,5.0
2026-09-15T22:39:00.908323299Z,8660.0,1169.64,5.0,0.0,5.0,2048.0,8.0,256.0,0.0,2.77,7.53,115.17,1.13,0.0,0.0,0.0,5.0
2026-09-15T22:39:03.447688742Z,8680.0,1172.179,5.0,1.0,260.0,2048.0,8.0,256.0,1.0,3.3,7.26,114.29,1.38,0.0,0.0,0.0,4.0
2026-09-15T22:39:05.996821235Z,8700.0,1174.728,5.0,3.0,770.0,2048.0,8.0,256.0,1.0,2.88,6.67,117.11,0.93,0.0,0.0,0.0,2.0
2026-09-15T22:39:08.567846617Z,8720.0,1177.299,5.0,3.0,770.0,2048.0,8.0,256.0,1.0,3.61,7.77,116.11,1.04,0.0,0.0,0.0,2.0
2026-09-15T22:39:11.135665939Z,8740.0,1179.867,5.0,2.0,342.0,2048.0,8.0,256.0,1.0,3.03,7.04,116.19,1.2,0.0,0.0,0.0,4.0
2026-09-15T22:39:13.679343492Z,8760.0,1182.411,5.0,0.0,5.0,2048.0,8.0,256.0,0.0,3.11,8.46,113.74,0.72,0.0,0.0,0.0,5.0
2026-09-15T22:39:16.222270635Z,8780.0,1184.954,5.0,0.0,5.0,2048.0,8.0,256.0,0.0,3.03,7.31,115.23,0.48,0.0,0.0,0.0,5.0
2026-09-15T22:39:18.765729868Z,8800.0,1187.497,5.0,0.0,5.0,2048.0,8.0,256.0,0.0,2.81,7.6,114.61,1.77,0.0,0.0,0.0,5.0
2026-09-15T22:39:21.308890381Z,8820.0,1190.04,5.0,0.0,5.0,2048.0,8.0,256.0,0.0,3.24,7.94,113.18,1.43,0.0,0.0,0.0,5.0
2026-09-15T22:39:23.852070183Z,8840.0,1192.584,5.0,0.0,5.0,2048.0,8.0,256.0,0.0,3.17,7.67,114.25,1.05,0.0,0.0,0.0,5.0
2026-09-15T22:39:26.395584216Z,8860.0,1195.127,5.0,0.0,5.0,2048.0,8.0,256.0,0.0,3.45,8.2,113.07,1.82,0.0,0.0,0.0,5.0
2026-09-15T22:39:28.937880099Z,8880.0,1197.669,5.0,0.0,5.0,2048.0,8.0,256.0,0.0,2.95,8.18,114.47,1.04,0.0,0.0,0.0,5.0
2026-09-15T22:39:31.483514872Z,8900.0,1200.215,4.0,2.0,515.0,2048.0,8.0,256.0,1.0,87.98,11.1,25.55,1.07,0.0,0.0,0.0,3.0
2026-09-15T22:39:34.037459324Z,8920.0,1202.769,5.0,2.0,515.0,2048.0,8.0,256.0,1.0,3.13,8.71,113.58,0.5,0.0,0.0,0.0,3.0
2026-09-15T22:39:36.599949657Z,8940.0,1205.331,5.0,1.0,260.0,2048.0,8.0,256.0,1.0,2.93,7.21,115.61,0.67,0.0,0.0,0.0,4.0
2026-09-15T22:39:39.150880459Z,8960.0,1207.882,5.0,1.0,260.0,2048.0,8.0,256.0,1.0,2.92,7.62,114.69,0.86,0.0,0.0,0.0,4.0
2026-09-15T22:39:41.697548952Z,8980.0,1210.429,5.0,1.0,260.0,2048.0,8.0,256.0,1.0,2.65,7.54,115.78,1.2,0.0,0.0,0.0,4.0
2026-09-15T22:39:44.245878094Z,9000.0,1212.977,5.0,0.0,5.0,2048.0,8.0,256.0,0.0,3.2,7.94,113.61,0.53,0.0,0.0,0.0,5.0
2026-09-15T22:39:46.789051197Z,9020.0,1215.52,5.0,0.0,5.0,2048.0,8.0,256.0,0.0,2.91,7.6,115.26,2.15,0.0,0.0,0.0,5.0
2026-09-15T22:39:49.330606050Z,9040.0,1218.062,5.0,1.0,260.0,2048.0,8.0,256.0,1.0,2.95,8.02,114.23,0.87,0.0,0.0,0.0,4.0
2026-09-15T22:39:51.882581313Z,9060.0,1220.614,5.0,1.0,260.0,2048.0,8.0,256.0,1.0,2.86,8.04,115.06,1.46,0.0,0.0,0.0,4.0
2026-09-15T22:39:54.450519305Z,9080.0,1223.182,5.0,1.0,260.0,2048.0,8.0,256.0,1.0,2.74,7.27,117.61,1.08,0.0,0.0,0.0,4.0
2026-09-15T22:39:56.995584658Z,9100.0,1225.727,5.0,0.0,5.0,2048.0,8.0,256.0,0.0,2.97,7.52,114.86,1.75,0.0,0.0,0.0,5.0
2026-09-15T22:39:59.540663570Z,9120.0,1228.272,5.0,1.0,260.0,2048.0,8.0,256.0,1.0,2.96,7.97,114.05,1.47,0.0,0.0,0.0,4.0
2026-09-15T22:40:02.092601723Z,9140.0,1230.824,4.0,1.0,259.0,2048.0,8.0,256.0,1.0,2.63,7.81,115.53,2.31,0.0,0.0,0.0,3.0
2026-09-15T22:40:04.653454435Z,9160.0,1233.385,5.0,2.0,515.0,2048.0,8.0,256.0,1.0,2.91,8.37,114.83,1.62,0.0,0.0,0.0,3.0
2026-09-15T22:40:07.217995718Z,9180.0,1235.949,4.0,2.0,514.0,2048.0,8.0,256.0,1.0,8.43,7.3,111.08,1.02,0.0,0.0,0.0,2.0
2026-09-15T22:40:09.784368510Z,9200.0,1238.516,5.0,1.0,260.0,2048.0,8.0,256.0,1.0,2.74,7.73,114.3,1.17,0.0,0.0,0.0,4.0
2026-09-15T22:40:12.332508263Z,9220.0,1241.064,5.0,1.0,260.0,2048.0,8.0,256.0,1.0,3.55,8.26,113.53,0.68,0.0,0.0,0.0,4.0
2026-09-15T22:40:14.890056455Z,9240.0,1243.621,5.0,0.0,5.0,2048.0,8.0,256.0,0.0,3.08,7.04,115.5,1.28,0.0,0.0,0.0,5.0
2026-09-15T22:40:17.433345668Z,9260.0,1246.165,5.0,0.0,5.0,2048.0,8.0,256.0,0.0,2.67,8.56,114.98,1.55,0.0,0.0,0.0,5.0
2026-09-15T22:40:19.975729341Z,9280.0,1248.707,5.0,0.0,5.0,2048.0,8.0,256.0,0.0,3.0,7.89,114.51,1.18,0.0,0.0,0.0,5.0
2026-09-15T22:40:22.527807064Z,9300.0,1251.259,5.0,1.0,260.0,2048.0,8.0,256.0,1.0,3.25,7.51,114.89,1.1,0.0,0.0,0.0,4.0
2026-09-15T22:40:25.088721286Z,9320.0,1253.82,5.0,2.0,515.0,2048.0,8.0,256.0,1.0,3.16,8.87,114.67,0.99,0.0,0.0,0.0,3.0
2026-09-15T22:40:27.658881988Z,9340.0,1256.39,5.0,1.0,260.0,2048.0,8.0,256.0,1.0,2.79,7.47,116.5,1.14,0.0,0.0,0.0,4.0
2026-09-15T22:40:30.214002611Z,9360.0,1258.945,4.0,0.0,4.0,2048.0,8.0,256.0,0.0,8.17,7.55,109.24,0.49,0.0,0.0,0.0,4.0
2026-09-15T22:40:32.758540174Z,9380.0,1261.49,5.0,1.0,260.0,2048.0,8.0,256.0,1.0,2.88,7.44,115.41,0.66,0.0,0.0,0.0,4.0
2026-09-15T22:40:35.306498626Z,9400.0,1264.038,5.0,2.0,515.0,2048.0,8.0,256.0,1.0,3.16,6.94,116.31,0.68,0.0,0.0,0.0,3.0
2026-09-15T22:40:37.858963059Z,9420.0,1266.59,5.0,2.0,515.0,2048.0,8.0,256.0,1.0,3.15,8.02,114.38,0.64,0.0,0.0,0.0,3.0
2026-09-15T22:40:40.415622961Z,9440.0,1269.147,5.0,1.0,260.0,2048.0,8.0,256.0,1.0,2.81,7.13,116.03,0.66,0.0,0.0,0.0,4.0
2026-09-15T22:40:42.979222213Z,9460.0,1271.711,5.0,1.0,260.0,2048.0,8.0,256.0,1.0,2.96,7.26,116.31,0.88,0.0,0.0,0.0,4.0
2026-09-15T22:40:45.534524556Z,9480.0,1274.266,5.0,0.0,5.0,2048.0,8.0,256.0,0.0,2.68,7.32,115.86,1.21,0.0,0.0,0.0,5.0
2026-09-15T22:40:48.077644159Z,9500.0,1276.809,5.0,0.0,5.0,2048.0,8.0,256.0,0.0,2.92,7.71,114.5,1.71,0.0,0.0,0.0,5.0
2026-09-15T22:40:50.620638201Z,9520.0,1279.352,5.0,0.0,4.0,2048.0,8.0,256.0,0.0,4.38,9.74,110.81,1.14,0.0,0.0,0.0,4.0
2026-09-15T22:40:53.166877264Z,9540.0,1281.898,5.0,1.0,260.0,2048.0,8.0,256.0,1.0,2.94,6.9,115.68,1.59,0.0,0.0,0.0,4.0
2026-09-15T22:40:55.721720647Z,9560.0,1284.453,5.0,2.0,515.0,2048.0,8.0,256.0,1.0,3.44,7.59,115.32,0.99,0.0,0.0,0.0,3.0
2026-09-15T22:40:58.284386639Z,9580.0,1287.016,5.0,1.0,260.0,2048.0,8.0,256.0,1.0,3.03,7.77,114.87,0.7,0.0,0.0,0.0,4.0
2026-09-15T22:41:00.851798151Z,9600.0,1289.583,4.0,1.0,259.0,2048.0,8.0,256.0,1.0,3.16,8.8,115.17,2.08,0.0,0.0,0.0,3.0
2026-09-15T22:41:03.409586404Z,9620.0,1292.141,4.0,0.0,4.0,2048.0,8.0,256.0,0.0,2.7,7.54,115.46,1.54,0.0,0.0,0.0,4.0
2026-09-15T22:41:05.954658767Z,9640.0,1294.686,4.0,0.0,4.0,2048.0,8.0,256.0,0.0,3.18,7.63,115.03,2.01,0.0,0.0,0.0,4.0
2026-09-15T22:41:08.498369639Z,9660.0,1297.23,4.0,0.0,4.0,2048.0,8.0,256.0,0.0,3.21,7.28,114.77,0.95,0.0,0.0,0.0,4.0
2026-09-15T22:41:11.042394492Z,9680.0,1299.774,4.0,0.0,4.0,2048.0,8.0,256.0,0.0,2.99,7.85,114.33,1.01,0.0,0.0,0.0,4.0
2026-09-15T22:41:13.586775855Z,9700.0,1302.318,4.0,0.0,4.0,2048.0,8.0,256.0,0.0,3.08,7.64,113.79,0.68,0.0,0.0,0.0,4.0
2026-09-15T22:41:16.130665938Z,9720.0,1304.862,4.0,0.0,4.0,2048.0,8.0,256.0,0.0,2.85,7.28,115.01,1.27,0.0,0.0,0.0,4.0
2026-09-15T22:41:18.675483490Z,9740.0,1307.407,4.0,0.0,4.0,2048.0,8.0,256.0,0.0,3.24,8.41,113.85,1.44,0.0,0.0,0.0,4.0
2026-09-15T22:41:21.221576073Z,9760.0,1309.953,4.0,1.0,259.0,2048.0,8.0,256.0,1.0,2.65,7.28,115.68,1.49,0.0,0.0,0.0,3.0
2026-09-15T22:41:23.773692546Z,9780.0,1312.505,4.0,1.0,259.0,2048.0,8.0,256.0,1.0,3.12,7.76,115.14,1.63,0.0,0.0,0.0,3.0
2026-09-15T22:41:26.336119248Z,9800.0,1315.068,3.0,0.0,3.0,2048.0,8.0,256.0,0.0,7.84,9.25,106.94,0.67,0.0,0.0,0.0,3.0
2026-09-15T22:41:28.882465311Z,9820.0,1317.614,4.0,1.0,259.0,2048.0,8.0,256.0,1.0,2.86,7.74,115.14,0.67,0.0,0.0,0.0,3.0
2026-09-15T22:41:31.432401214Z,9840.0,1320.164,4.0,2.0,514.0,2048.0,8.0,256.0,1.0,2.99,6.92,116.17,0.9,0.0,0.0,0.0,2.0
2026-09-15T22:41:33.987429506Z,9860.0,1322.719,4.0,1.0,259.0,2048.0,8.0,256.0,1.0,3.13,8.12,115.01,2.15,0.0,0.0,0.0,3.0
2026-09-15T22:41:36.537846099Z,9880.0,1325.269,4.0,0.0,4.0,2048.0,8.0,256.0,0.0,3.23,7.26,115.14,1.42,0.0,0.0,0.0,4.0
2026-09-15T22:41:39.080739902Z,9900.0,1327.812,4.0,0.0,4.0,2048.0,8.0,256.0,0.0,3.14,7.92,113.93,1.07,0.0,0.0,0.0,4.0
2026-09-15T22:41:41.623842364Z,9920.0,1330.355,4.0,0.0,4.0,2048.0,8.0,256.0,0.0,2.96,7.39,114.58,1.35,0.0,0.0,0.0,4.0
2026-09-15T22:41:44.166575137Z,9940.0,1332.898,4.0,0.0,4.0,2048.0,8.0,256.0,0.0,3.2,6.95,116.01,0.93,0.0,0.0,0.0,4.0
2026-09-15T22:41:46.709541240Z,9960.0,1335.441,4.0,0.0,4.0,2048.0,8.0,256.0,0.0,3.76,7.25,114.94,0.93,0.0,0.0,0.0,4.0
2026-09-15T22:41:49.252276523Z,9980.0,1337.984,3.0,0.0,3.0,2048.0,8.0,256.0,0.0,2.83,11.26,107.57,2.49,0.0,0.0,0.0,3.0
2026-09-15T22:41:51.797230556Z,10000.0,1340.529,4.0,1.0,259.0,2048.0,8.0,256.0,1.0,2.76,7.45,115.96,0.54,0.0,0.0,0.0,3.0
2026-09-15T22:41:54.357383208Z,10020.0,1343.089,4.0,1.0,259.0,2048.0,8.0,256.0,1.0,3.12,7.19,116.79,1.33,0.0,0.0,0.0,3.0
2026-09-15T22:41:56.925897700Z,10040.0,1345.657,4.0,0.0,4.0,2048.0,8.0,256.0,0.0,3.04,7.69,115.36,1.66,0.0,0.0,0.0,4.0
2026-09-15T22:41:59.469788923Z,10060.0,1348.201,4.0,1.0,259.0,2048.0,8.0,256.0,1.0,2.83,7.37,114.8,0.56,0.0,0.0,0.0,3.0
2026-09-15T22:42:02.018547655Z,10080.0,1350.75,4.0,1.0,259.0,2048.0,8.0,256.0,1.0,3.18,7.58,115.46,0.65,0.0,0.0,0.0,3.0
2026-09-15T22:42:04.580111858Z,10100.0,1353.312,4.0,1.0,259.0,2048.0,8.0,256.0,1.0,3.08,7.46,116.01,1.65,0.0,0.0,0.0,3.0
2026-09-15T22:42:07.129360631Z,10120.0,1355.861,4.0,0.0,4.0,2048.0,8.0,256.0,0.0,2.9,7.74,115.28,0.73,0.0,0.0,0.0,4.0
2026-09-15T22:42:09.672173393Z,10140.0,1358.404,4.0,0.0,4.0,2048.0,8.0,256.0,0.0,2.84,7.01,114.58,1.2,0.0,0.0,0.0,4.0
2026-09-15T22:42:12.215759426Z,10160.0,1360.947,4.0,0.0,4.0,2048.0,8.0,256.0,0.0,2.97,7.26,115.68,1.3,0.0,0.0,0.0,4.0
2026-09-15T22:42:14.758931179Z,10180.0,1363.49,4.0,0.0,4.0,2048.0,8.0,256.0,0.0,2.97,7.62,114.49,1.57,0.0,0.0,0.0,4.0
2026-09-15T22:42:17.302713252Z,10200.0,1366.034,4.0,0.0,4.0,2048.0,8.0,256.0,0.0,2.75,8.7,113.73,1.1,0.0,0.0,0.0,4.0
2026-09-15T22:42:19.845968114Z,10220.0,1368.577,4.0,0.0,4.0,2048.0,8.0,256.0,0.0,2.59,7.36,115.27,2.87,0.0,0.0,0.0,4.0
2026-09-15T22:42:22.387716117Z,10240.0,1371.119,4.0,0.0,4.0,2048.0,8.0,256.0,0.0,2.81,7.54,114.87,0.74,0.0,0.0,0.0,4.0
2026-09-15T22:42:24.930875870Z,10260.0,1373.662,4.0,0.0,4.0,2048.0,8.0,256.0,0.0,3.28,8.16,113.08,0.99,0.0,0.0,0.0,4.0
2026-09-15T22:42:27.475017283Z,10280.0,1376.206,3.0,2.0,514.0,2048.0,8.0,256.0,1.0,84.68,9.11,30.06,0.85,0.0,0.0,0.0,2.0
2026-09-15T22:42:30.024258096Z,10300.0,1378.756,4.0,2.0,514.0,2048.0,8.0,256.0,1.0,2.91,8.47,114.32,0.41,0.0,0.0,0.0,2.0
2026-09-15T22:42:32.583139428Z,10320.0,1381.314,4.0,2.0,514.0,2048.0,8.0,256.0,1.0,2.89,8.51,114.63,0.52,0.0,0.0,0.0,2.0
2026-09-15T22:42:35.137465110Z,10340.0,1383.869,4.0,0.0,4.0,2048.0,8.0,256.0,0.0,2.8,7.47,116.23,1.11,0.0,0.0,0.0,4.0
2026-09-15T22:42:37.681034963Z,10360.0,1386.412,4.0,0.0,4.0,2048.0,8.0,256.0,0.0,2.81,7.47,115.15,1.2,0.0,0.0,0.0,4.0
2026-09-15T22:42:40.225709506Z,10380.0,1388.957,4.0,0.0,4.0,2048.0,8.0,256.0,0.0,3.17,10.63,111.05,1.46,0.0,0.0,0.0,4.0
2026-09-15T22:42:42.766661299Z,10400.0,1391.498,3.0,0.0,3.0,2048.0,8.0,256.0,0.0,2.71,9.54,113.67,0.96,0.0,0.0,0.0,3.0
2026-09-15T22:42:45.307708452Z,10420.0,1394.039,3.0,1.0,258.0,2048.0,8.0,256.0,1.0,2.58,8.41,114.36,0.75,0.0,0.0,0.0,2.0
2026-09-15T22:42:47.852345475Z,10440.0,1396.584,3.0,1.0,258.0,2048.0,8.0,256.0,1.0,2.72,6.71,115.61,1.48,0.0,0.0,0.0,2.0
2026-09-15T22:42:50.409102437Z,10460.0,1399.14,3.0,0.0,3.0,2048.0,8.0,256.0,0.0,2.88,8.45,114.51,1.13,0.0,0.0,0.0,3.0
2026-09-15T22:42:52.948703120Z,10480.0,1401.68,3.0,0.0,3.0,2048.0,8.0,256.0,0.0,2.98,9.0,113.22,1.28,0.0,0.0,0.0,3.0
2026-09-15T22:42:55.491218433Z,10500.0,1404.223,3.0,1.0,258.0,2048.0,8.0,256.0,1.0,2.95,8.08,114.5,1.64,0.0,0.0,0.0,2.0
2026-09-15T22:42:58.033051935Z,10520.0,1406.764,3.0,1.0,258.0,2048.0,8.0,256.0,1.0,3.01,8.47,113.06,0.7,0.0,0.0,0.0,2.0
2026-09-15T22:43:00.586666898Z,10540.0,1409.318,3.0,1.0,258.0,2048.0,8.0,256.0,1.0,2.64,7.35,116.12,0.93,0.0,0.0,0.0,2.0
2026-09-15T22:43:03.140939081Z,10560.0,1411.872,3.0,0.0,3.0,2048.0,8.0,256.0,0.0,3.06,7.33,114.8,1.94,0.0,0.0,0.0,3.0
2026-09-15T22:43:05.680814794Z,10580.0,1414.412,3.0,0.0,3.0,2048.0,8.0,256.0,0.0,2.94,7.54,114.8,1.74,0.0,0.0,0.0,3.0
2026-09-15T22:43:08.221364866Z,10600.0,1416.953,3.0,0.0,3.0,2048.0,8.0,256.0,0.0,2.78,7.83,114.93,2.95,0.0,0.0,0.0,3.0
2026-09-15T22:43:10.759416049Z,10620.0,1419.491,3.0,0.0,3.0,2048.0,8.0,256.0,0.0,2.83,7.76,115.92,0.81,0.0,0.0,0.0,3.0
2026-09-15T22:43:13.299058212Z,10640.0,1422.03,3.0,0.0,3.0,2048.0,8.0,256.0,0.0,2.77,7.57,115.9,1.06,0.0,0.0,0.0,3.0
2026-09-15T22:43:15.838617415Z,10660.0,1424.57,3.0,0.0,3.0,2048.0,8.0,256.0,0.0,2.92,7.58,114.52,0.61,0.0,0.0,0.0,3.0
2026-09-15T22:43:18.378181868Z,10680.0,1427.11,3.0,0.0,3.0,2048.0,8.0,256.0,0.0,2.79,7.08,114.98,1.55,0.0,0.0,0.0,3.0
2026-09-15T22:43:20.919155591Z,10700.0,1429.65,2.0,1.0,258.0,2048.0,8.0,256.0,1.0,102.09,10.14,12.19,1.35,0.0,0.0,0.0,2.0
2026-09-15T22:43:23.460423974Z,10720.0,1432.192,3.0,2.0,513.0,2048.0,8.0,256.0,1.0,2.53,7.12,115.83,1.52,0.0,0.0,0.0,1.0
2026-09-15T22:43:26.014441526Z,10740.0,1434.746,3.0,2.0,513.0,2048.0,8.0,256.0,1.0,2.74,7.27,116.03,0.88,0.0,0.0,0.0,1.0
2026-09-15T22:43:28.580963808Z,10760.0,1437.312,3.0,1.0,258.0,2048.0,8.0,256.0,1.0,2.88,7.44,116.98,0.89,0.0,0.0,0.0,2.0
2026-09-15T22:43:31.126043861Z,10780.0,1439.857,3.0,0.0,3.0,2048.0,8.0,256.0,0.0,2.79,9.11,113.12,0.66,0.0,0.0,0.0,3.0
2026-09-15T22:43:33.665527354Z,10800.0,1442.397,3.0,0.0,3.0,2048.0,8.0,256.0,0.0,2.97,7.97,113.36,0.67,0.0,0.0,0.0,3.0
2026-09-15T22:43:36.205078507Z,10820.0,1444.936,3.0,0.0,3.0,2048.0,8.0,256.0,0.0,2.8,6.51,115.22,0.74,0.0,0.0,0.0,3.0
2026-09-15T22:43:38.744640400Z,10840.0,1447.476,3.0,0.0,3.0,2048.0,8.0,256.0,0.0,2.68,8.11,114.24,1.38,0.0,0.0,0.0,3.0
2026-09-15T22:43:41.284691423Z,10860.0,1450.016,3.0,0.0,3.0,2048.0,8.0,256.0,0.0,2.53,7.38,116.12,1.44,0.0,0.0,0.0,3.0
2026-09-15T22:43:43.823909446Z,10880.0,1452.555,3.0,0.0,3.0,2048.0,8.0,256.0,0.0,3.2,9.05,112.66,1.28,0.0,0.0,0.0,3.0
2026-09-15T22:43:46.363538448Z,10900.0,1455.095,3.0,0.0,3.0,2048.0,8.0,256.0,0.0,2.59,7.57,115.23,1.17,0.0,0.0,0.0,3.0
2026-09-15T22:43:48.904526651Z,10920.0,1457.636,2.0,1.0,257.0,2048.0,8.0,256.0,1.0,7.1,9.27,108.57,0.93,0.0,0.0,0.0,1.0
2026-09-15T22:43:51.450958704Z,10940.0,1460.182,2.0,1.0,257.0,2048.0,8.0,256.0,1.0,2.61,6.59,116.81,0.76,0.0,0.0,0.0,1.0
2026-09-15T22:43:54.014009586Z,10960.0,1462.745,2.0,1.0,257.0,2048.0,8.0,256.0,1.0,2.71,7.24,116.21,1.42,0.0,0.0,0.0,1.0
2026-09-15T22:43:56.556348899Z,10980.0,1465.288,2.0,0.0,2.0,2048.0,8.0,256.0,0.0,2.67,7.95,114.68,1.27,0.0,0.0,0.0,2.0
2026-09-15T22:43:59.096245812Z,11000.0,1467.828,2.0,0.0,2.0,2048.0,8.0,256.0,0.0,3.02,7.72,114.78,0.47,0.0,0.0,0.0,2.0
2026-09-15T22:44:01.635714345Z,11020.0,1470.367,2.0,0.0,2.0,2048.0,8.0,256.0,0.0,2.66,7.73,115.41,1.62,0.0,0.0,0.0,2.0
2026-09-15T22:44:04.175623388Z,11040.0,1472.907,2.0,0.0,2.0,2048.0,8.0,256.0,0.0,3.02,8.74,112.68,0.93,0.0,0.0,0.0,2.0
2026-09-15T22:44:06.714821041Z,11060.0,1475.446,2.0,0.0,2.0,2048.0,8.0,256.0,0.0,2.7,7.64,115.61,1.7,0.0,0.0,0.0,2.0
2026-09-15T22:44:09.254447144Z,11080.0,1477.986,2.0,0.0,2.0,2048.0,8.0,256.0,0.0,2.79,8.16,114.79,1.05,0.0,0.0,0.0,2.0
2026-09-15T22:44:11.793239927Z,11100.0,1480.525,2.0,0.0,2.0,2048.0,8.0,256.0,0.0,2.73,8.04,114.34,0.5,0.0,0.0,0.0,2.0
2026-09-15T22:44:14.333281639Z,11120.0,1483.065,2.0,1.0,257.0,2048.0,8.0,256.0,1.0,2.66,8.08,115.1,0.98,0.0,0.0,0.0,1.0
2026-09-15T22:44:16.875784582Z,11140.0,1485.607,2.0,1.0,257.0,2048.0,8.0,256.0,1.0,2.47,8.22,114.89,0.96,0.0,0.0,0.0,1.0
2026-09-15T22:44:19.429672115Z,11160.0,1488.161,2.0,2.0,512.0,2048.0,8.0,256.0,0.0,7.4,5.57,113.63,0.86,0.0,0.0,0.0,0.0
2026-09-15T22:44:21.991158507Z,11180.0,1490.723,2.0,1.0,257.0,2048.0,8.0,256.0,1.0,2.57,7.63,115.45,1.48,0.0,0.0,0.0,1.0
2026-09-15T22:44:24.549514610Z,11200.0,1493.281,2.0,1.0,257.0,2048.0,8.0,256.0,1.0,2.66,6.96,117.64,1.18,0.0,0.0,0.0,1.0
2026-09-15T22:44:27.097246522Z,11220.0,1495.829,2.0,0.0,2.0,2048.0,8.0,256.0,0.0,2.65,7.12,115.04,1.34,0.0,0.0,0.0,2.0
2026-09-15T22:44:29.635735075Z,11240.0,1498.367,2.0,0.0,2.0,2048.0,8.0,256.0,0.0,2.63,6.86,114.94,1.0,0.0,0.0,0.0,2.0
2026-09-15T22:44:32.174604898Z,11260.0,1500.906,2.0,0.0,2.0,2048.0,8.0,256.0,0.0,2.57,7.68,115.29,0.72,0.0,0.0,0.0,2.0
2026-09-15T22:44:34.713507291Z,11280.0,1503.445,2.0,0.0,2.0,2048.0,8.0,256.0,0.0,2.74,7.52,115.37,0.29,0.0,0.0,0.0,2.0
2026-09-15T22:44:37.252683734Z,11300.0,1505.984,2.0,0.0,2.0,2048.0,8.0,256.0,0.0,2.53,7.29,115.22,1.42,0.0,0.0,0.0,2.0
2026-09-15T22:44:39.791602747Z,11320.0,1508.523,2.0,0.0,2.0,2048.0,8.0,256.0,0.0,2.71,7.82,114.04,0.66,0.0,0.0,0.0,2.0
2026-09-15T22:44:42.331390240Z,11340.0,1511.063,2.0,0.0,2.0,2048.0,8.0,256.0,0.0,2.49,7.13,115.06,2.14,0.0,0.0,0.0,2.0
2026-09-15T22:44:44.870431972Z,11360.0,1513.602,2.0,1.0,257.0,2048.0,8.0,256.0,1.0,3.18,8.12,114.32,1.46,0.0,0.0,0.0,1.0
2026-09-15T22:44:47.413271775Z,11380.0,1516.145,2.0,1.0,257.0,2048.0,8.0,256.0,1.0,2.89,7.93,114.0,0.59,0.0,0.0,0.0,1.0
2026-09-15T22:44:49.968816378Z,11400.0,1518.7,2.0,1.0,257.0,2048.0,8.0,256.0,1.0,2.39,6.59,117.3,1.79,0.0,0.0,0.0,1.0
2026-09-15T22:44:52.526509580Z,11420.0,1521.258,2.0,0.0,2.0,2048.0,8.0,256.0,0.0,2.58,7.86,114.61,1.92,0.0,0.0,0.0,2.0
2026-09-15T22:44:55.066071123Z,11440.0,1523.797,2.0,0.0,2.0,2048.0,8.0,256.0,0.0,2.65,7.54,115.62,1.34,0.0,0.0,0.0,2.0
2026-09-15T22:44:57.604889766Z,11460.0,1526.336,2.0,0.0,2.0,2048.0,8.0,256.0,0.0,3.01,8.49,113.66,1.78,0.0,0.0,0.0,2.0
2026-09-15T22:45:00.143680989Z,11480.0,1528.875,2.0,0.0,2.0,2048.0,8.0,256.0,0.0,2.78,7.18,114.93,1.22,0.0,0.0,0.0,2.0
2026-09-15T22:45:02.682425642Z,11500.0,1531.414,2.0,0.0,2.0,2048.0,8.0,256.0,0.0,2.69,6.98,115.85,0.98,0.0,0.0,0.0,2.0
2026-09-15T22:45:05.221471085Z,11520.0,1533.953,2.0,0.0,2.0,2048.0,8.0,256.0,0.0,2.43,7.75,114.89,1.35,0.0,0.0,0.0,2.0
2026-09-15T22:45:07.761032168Z,11540.0,1536.492,2.0,0.0,2.0,2048.0,8.0,256.0,0.0,3.5,8.09,112.08,1.15,0.0,0.0,0.0,2.0
2026-09-15T22:45:10.299873011Z,11560.0,1539.031,2.0,0.0,2.0,2048.0,8.0,256.0,0.0,2.81,7.92,114.44,1.39,0.0,0.0,0.0,2.0
2026-09-15T22:45:12.840210274Z,11580.0,1541.572,2.0,1.0,257.0,2048.0,8.0,256.0,1.0,2.84,9.33,112.66,1.17,0.0,0.0,0.0,1.0
2026-09-15T22:45:15.389009456Z,11600.0,1544.12,2.0,1.0,257.0,2048.0,8.0,256.0,1.0,2.65,7.0,115.77,0.76,0.0,0.0,0.0,1.0
2026-09-15T22:45:17.954004858Z,11620.0,1546.685,2.0,2.0,512.0,2048.0,8.0,256.0,0.0,7.61,6.16,112.29,0.96,0.0,0.0,0.0,0.0
2026-09-15T22:45:20.505713721Z,11640.0,1549.237,2.0,1.0,257.0,2048.0,8.0,256.0,1.0,2.84,7.88,114.74,0.64,0.0,0.0,0.0,1.0
2026-09-15T22:45:23.067915923Z,11660.0,1551.799,2.0,1.0,257.0,2048.0,8.0,256.0,1.0,2.5,7.4,117.27,1.24,0.0,0.0,0.0,1.0
2026-09-15T22:45:25.610126966Z,11680.0,1554.342,2.0,0.0,2.0,2048.0,8.0,256.0,0.0,2.75,7.76,114.08,1.56,0.0,0.0,0.0,2.0
2026-09-15T22:45:28.148958449Z,11700.0,1556.88,2.0,0.0,2.0,2048.0,8.0,256.0,0.0,2.73,7.41,114.41,0.77,0.0,0.0,0.0,2.0
2026-09-15T22:45:30.687555212Z,11720.0,1559.419,2.0,0.0,2.0,2048.0,8.0,256.0,0.0,2.73,7.11,115.4,1.51,0.0,0.0,0.0,2.0
2026-09-15T22:45:33.225550645Z,11740.0,1561.957,2.0,0.0,2.0,2048.0,8.0,256.0,0.0,2.63,7.16,114.68,0.79,0.0,0.0,0.0,2.0
2026-09-15T22:45:35.764617428Z,11760.0,1564.496,2.0,0.0,2.0,2048.0,8.0,256.0,0.0,3.0,9.36,112.24,0.93,0.0,0.0,0.0,2.0
2026-09-15T22:45:38.303791681Z,11780.0,1567.035,2.0,1.0,257.0,2048.0,8.0,256.0,1.0,2.64,7.45,115.65,0.8,0.0,0.0,0.0,1.0
2026-09-15T22:45:40.846037404Z,11800.0,1569.577,2.0,1.0,257.0,2048.0,8.0,256.0,1.0,2.37,7.39,116.04,1.04,0.0,0.0,0.0,1.0
2026-09-15T22:45:43.400051386Z,11820.0,1572.131,2.0,1.0,257.0,2048.0,8.0,256.0,1.0,2.46,6.94,116.31,1.62,0.0,0.0,0.0,1.0
2026-09-15T22:45:45.962034578Z,11840.0,1574.693,2.0,0.0,2.0,2048.0,8.0,256.0,0.0,2.65,8.01,114.75,0.91,0.0,0.0,0.0,2.0
2026-09-15T22:45:48.501569961Z,11860.0,1577.233,2.0,0.0,2.0,2048.0,8.0,256.0,0.0,2.83,7.44,114.41,1.21,0.0,0.0,0.0,2.0
2026-09-15T22:45:51.041414004Z,11880.0,1579.773,2.0,0.0,2.0,2048.0,8.0,256.0,0.0,2.72,7.3,115.1,2.01,0.0,0.0,0.0,2.0
2026-09-15T22:45:53.580110577Z,11900.0,1582.311,2.0,0.0,2.0,2048.0,8.0,256.0,0.0,3.08,7.84,114.41,0.7,0.0,0.0,0.0,2.0
2026-09-15T22:45:56.119274010Z,11920.0,1584.851,2.0,0.0,2.0,2048.0,8.0,256.0,0.0,2.64,7.31,114.57,0.7,0.0,0.0,0.0,2.0
2026-09-15T22:45:58.658751263Z,11940.0,1587.39,2.0,0.0,2.0,2048.0,8.0,256.0,0.0,2.58,7.35,115.63,1.33,0.0,0.0,0.0,2.0
2026-09-15T22:46:01.197338926Z,11960.0,1589.929,2.0,0.0,2.0,2048.0,8.0,256.0,0.0,2.76,8.31,113.86,0.74,0.0,0.0,0.0,2.0
2026-09-15T22:46:03.737454878Z,11980.0,1592.469,2.0,0.0,2.0,2048.0,8.0,256.0,0.0,2.59,7.31,115.55,1.04,0.0,0.0,0.0,2.0
2026-09-15T22:46:06.276477181Z,12000.0,1595.008,2.0,0.0,2.0,2048.0,8.0,256.0,0.0,2.55,7.16,115.82,1.32,0.0,0.0,0.0,2.0
2026-09-15T22:46:08.815683454Z,12020.0,1597.547,2.0,0.0,2.0,2048.0,8.0,256.0,0.0,2.53,7.21,115.3,0.84,0.0,0.0,0.0,2.0
2026-09-15T22:46:11.354615507Z,12040.0,1600.086,2.0,0.0,2.0,2048.0,8.0,256.0,0.0,2.7,6.63,116.3,0.68,0.0,0.0,0.0,2.0
2026-09-15T22:46:13.894538100Z,12060.0,1602.626,2.0,1.0,257.0,2048.0,8.0,256.0,1.0,2.61,9.23,112.49,1.01,0.0,0.0,0.0,1.0
2026-09-15T22:46:16.439212643Z,12080.0,1605.171,2.0,1.0,256.0,2048.0,8.0,256.0,0.0,4.46,8.5,113.49,0.67,0.0,0.0,0.0,0.0
2026-09-15T22:46:18.998493795Z,12100.0,1607.73,2.0,2.0,512.0,2048.0,8.0,256.0,0.0,8.06,6.73,112.1,0.56,0.0,0.0,0.0,0.0
2026-09-15T22:46:21.559233928Z,12120.0,1610.291,2.0,1.0,257.0,2048.0,8.0,256.0,1.0,2.6,7.42,115.72,2.17,0.0,0.0,0.0,1.0
2026-09-15T22:46:24.124775620Z,12140.0,1612.856,2.0,1.0,257.0,2048.0,8.0,256.0,1.0,2.54,7.49,116.74,1.53,0.0,0.0,0.0,1.0
2026-09-15T22:46:26.670528893Z,12160.0,1615.402,2.0,0.0,2.0,2048.0,8.0,256.0,0.0,3.0,8.64,113.14,1.59,0.0,0.0,0.0,2.0
2026-09-15T22:46:29.210668436Z,12180.0,1617.942,2.0,0.0,2.0,2048.0,8.0,256.0,0.0,2.75,9.04,113.63,2.21,0.0,0.0,0.0,2.0
2026-09-15T22:46:31.750415879Z,12200.0,1620.482,2.0,0.0,2.0,2048.0,8.0,256.0,0.0,2.62,7.05,115.86,1.88,0.0,0.0,0.0,2.0
2026-09-15T22:46:34.289654531Z,12220.0,1623.021,2.0,0.0,2.0,2048.0,8.0,256.0,0.0,2.7,7.35,115.11,0.79,0.0,0.0,0.0,2.0
2026-09-15T22:46:36.829573834Z,12240.0,1625.561,2.0,0.0,2.0,2048.0,8.0,256.0,0.0,2.35,7.12,115.54,0.88,0.0,0.0,0.0,2.0
2026-09-15T22:46:39.369167387Z,12260.0,1628.101,2.0,0.0,2.0,2048.0,8.0,256.0,0.0,2.7,7.52,115.55,1.23,0.0,0.0,0.0,2.0
2026-09-15T22:46:41.908751460Z,12280.0,1630.64,2.0,0.0,2.0,2048.0,8.0,256.0,0.0,2.61,7.5,115.25,1.14,0.0,0.0,0.0,2.0
2026-09-15T22:46:44.449478763Z,12300.0,1633.181,2.0,1.0,257.0,2048.0,8.0,256.0,1.0,2.54,8.1,114.75,1.87,0.0,0.0,0.0,1.0
2026-09-15T22:46:46.993718316Z,12320.0,1635.725,2.0,1.0,257.0,2048.0,8.0,256.0,1.0,2.43,6.98,116.11,1.9,0.0,0.0,0.0,1.0
2026-09-15T22:46:49.551373868Z,12340.0,1638.283,2.0,1.0,257.0,2048.0,8.0,256.0,1.0,2.66,7.02,116.42,0.85,0.0,0.0,0.0,1.0
2026-09-15T22:46:52.113820970Z,12360.0,1640.845,2.0,0.0,2.0,2048.0,8.0,256.0,0.0,2.65,7.06,115.02,0.79,0.0,0.0,0.0,2.0
2026-09-15T22:46:54.653750763Z,12380.0,1643.385,2.0,0.0,2.0,2048.0,8.0,256.0,0.0,2.86,6.93,115.68,1.93,0.0,0.0,0.0,2.0
2026-09-15T22:46:57.192787416Z,12400.0,1645.924,2.0,0.0,2.0,2048.0,8.0,256.0,0.0,2.64,8.06,114.07,0.88,0.0,0.0,0.0,2.0
2026-09-15T22:46:59.732959489Z,12420.0,1648.464,2.0,0.0,2.0,2048.0,8.0,256.0,0.0,2.58,7.55,114.42,0.88,0.0,0.0,0.0,2.0
2026-09-15T22:47:02.273327582Z,12440.0,1651.005,2.0,0.0,2.0,2048.0,8.0,256.0,0.0,2.63,7.04,116.18,1.79,0.0,0.0,0.0,2.0
2026-09-15T22:47:04.813478735Z,12460.0,1653.545,2.0,0.0,2.0,2048.0,8.0,256.0,0.0,2.82,7.31,115.35,0.79,0.0,0.0,0.0,2.0
2026-09-15T22:47:07.353548588Z,12480.0,1656.085,2.0,0.0,2.0,2048.0,8.0,256.0,0.0,2.42,7.44,115.01,0.64,0.0,0.0,0.0,2.0
2026-09-15T22:47:10.145765925Z,12500.0,1658.877,1.0,1.0,256.0,2048.0,8.0,256.0,0.0,7.12,5.54,111.34,0.19,0.0,0.0,0.0,0.0
2026-09-15T22:47:12.687786138Z,12520.0,1661.419,2.0,2.0,512.0,2048.0,8.0,256.0,0.0,7.92,5.43,111.92,0.63,0.0,0.0,0.0,0.0
2026-09-15T22:47:15.245009840Z,12540.0,1663.976,2.0,2.0,512.0,2048.0,8.0,256.0,0.0,7.51,5.25,114.49,1.27,0.0,0.0,0.0,0.0
2026-09-15T22:47:17.818102882Z,12560.0,1666.549,2.0,1.0,257.0,2048.0,8.0,256.0,1.0,2.44,7.72,116.66,0.66,0.0,0.0,0.0,1.0
2026-09-15T22:47:20.364020465Z,12580.0,1669.095,2.0,0.0,2.0,2048.0,8.0,256.0,0.0,2.34,6.99,116.23,1.56,0.0,0.0,0.0,2.0
2026-09-15T22:47:22.904638628Z,12600.0,1671.636,2.0,0.0,2.0,2048.0,8.0,256.0,0.0,2.83,7.84,115.11,1.36,0.0,0.0,0.0,2.0
2026-09-15T22:47:25.445797001Z,12620.0,1674.177,2.0,0.0,2.0,2048.0,8.0,256.0,0.0,2.55,7.49,115.84,0.75,0.0,0.0,0.0,2.0
2026-09-15T22:47:27.986490823Z,12640.0,1676.718,2.0,0.0,2.0,2048.0,8.0,256.0,0.0,2.58,7.37,115.38,1.56,0.0,0.0,0.0,2.0
2026-09-15T22:47:30.527127217Z,12660.0,1679.258,2.0,0.0,2.0,2048.0,8.0,256.0,0.0,2.51,7.43,116.04,0.46,0.0,0.0,0.0,2.0
2026-09-15T22:47:33.068988639Z,12680.0,1681.8,2.0,0.0,2.0,2048.0,8.0,256.0,0.0,2.29,7.08,115.45,1.53,0.0,0.0,0.0,2.0
2026-09-15T22:47:35.608179242Z,12700.0,1684.34,2.0,0.0,2.0,2048.0,8.0,256.0,0.0,2.68,8.21,113.94,0.77,0.0,0.0,0.0,2.0
2026-09-15T22:47:38.149270995Z,12720.0,1686.881,2.0,1.0,257.0,2048.0,8.0,256.0,1.0,3.32,8.61,112.75,2.07,0.0,0.0,0.0,1.0
2026-09-15T22:47:40.695122308Z,12740.0,1689.426,2.0,1.0,257.0,2048.0,8.0,256.0,1.0,2.49,7.01,117.15,0.78,0.0,0.0,0.0,1.0
2026-09-15T22:47:43.258855100Z,12760.0,1691.99,2.0,1.0,257.0,2048.0,8.0,256.0,1.0,2.7,7.41,117.06,2.27,0.0,0.0,0.0,1.0
2026-09-15T22:47:45.827438532Z,12780.0,1694.559,2.0,0.0,2.0,2048.0,8.0,256.0,0.0,2.63,8.13,114.95,1.99,0.0,0.0,0.0,2.0
2026-09-15T22:47:48.368262985Z,12800.0,1697.1,2.0,0.0,2.0,2048.0,8.0,256.0,0.0,2.37,7.0,116.07,1.68,0.0,0.0,0.0,2.0
2026-09-15T22:47:50.908877038Z,12820.0,1699.64,2.0,0.0,2.0,2048.0,8.0,256.0,0.0,2.41,7.84,114.46,0.78,0.0,0.0,0.0,2.0
2026-09-15T22:47:53.449752921Z,12840.0,1702.181,2.0,0.0,2.0,2048.0,8.0,256.0,0.0,2.71,8.28,114.07,1.27,0.0,0.0,0.0,2.0
2026-09-15T22:47:55.991297834Z,12860.0,1704.723,2.0,0.0,2.0,2048.0,8.0,256.0,0.0,2.51,7.0,115.75,2.0,0.0,0.0,0.0,2.0
2026-09-15T22:47:58.531995367Z,12880.0,1707.263,2.0,0.0,2.0,2048.0,8.0,256.0,0.0,2.64,7.22,115.2,1.51,0.0,0.0,0.0,2.0
2026-09-15T22:48:01.072880250Z,12900.0,1709.804,2.0,0.0,2.0,2048.0,8.0,256.0,0.0,2.49,7.38,114.78,2.23,0.0,0.0,0.0,2.0
2026-09-15T22:48:03.623303902Z,12920.0,1712.355,1.0,0.0,1.0,2048.0,8.0,256.0,0.0,2.57,7.7,115.66,0.15,0.0,0.0,0.0,1.0
2026-09-15T22:48:06.162529335Z,12940.0,1714.894,2.0,1.0,257.0,2048.0,8.0,256.0,1.0,2.51,6.55,115.94,0.77,0.0,0.0,0.0,1.0
2026-09-15T22:48:08.718258258Z,12960.0,1717.45,2.0,2.0,512.0,2048.0,8.0,256.0,0.0,7.97,6.08,112.15,0.83,0.0,0.0,0.0,0.0
2026-09-15T22:48:11.291526840Z,12980.0,1720.023,2.0,2.0,512.0,2048.0,8.0,256.0,0.0,7.26,4.96,115.63,2.07,0.0,0.0,0.0,0.0
2026-09-15T22:48:13.851887522Z,13000.0,1722.583,2.0,1.0,257.0,2048.0,8.0,256.0,1.0,2.63,8.26,115.44,1.03,0.0,0.0,0.0,1.0
2026-09-15T22:48:16.410130194Z,13020.0,1725.141,2.0,0.0,2.0,2048.0,8.0,256.0,0.0,2.9,7.92,114.27,2.01,0.0,0.0,0.0,2.0
2026-09-15T22:48:18.950743277Z,13040.0,1727.682,2.0,0.0,2.0,2048.0,8.0,256.0,0.0,2.72,7.46,114.58,1.08,0.0,0.0,0.0,2.0
2026-09-15T22:48:21.491520800Z,13060.0,1730.223,2.0,0.0,2.0,2048.0,8.0,256.0,0.0,2.62,7.22,115.34,0.41,0.0,0.0,0.0,2.0
2026-09-15T22:48:24.031980973Z,13080.0,1732.763,2.0,0.0,2.0,2048.0,8.0,256.0,0.0,2.62,7.16,115.96,1.27,0.0,0.0,0.0,2.0
2026-09-15T22:48:26.573034446Z,13100.0,1735.304,2.0,0.0,2.0,2048.0,8.0,256.0,0.0,2.51,6.72,115.92,1.81,0.0,0.0,0.0,2.0
2026-09-15T22:48:29.113541099Z,13120.0,1737.845,2.0,0.0,2.0,2048.0,8.0,256.0,0.0,2.63,7.19,115.68,1.6,0.0,0.0,0.0,2.0
2026-09-15T22:48:31.661383082Z,13140.0,1740.393,2.0,1.0,257.0,2048.0,8.0,256.0,1.0,2.61,7.57,116.04,0.89,0.0,0.0,0.0,1.0
2026-09-15T22:48:34.210476374Z,13160.0,1742.942,2.0,1.0,257.0,2048.0,8.0,256.0,1.0,2.67,6.84,116.08,0.63,0.0,0.0,0.0,1.0
2026-09-15T22:48:36.775280916Z,13180.0,1745.507,2.0,1.0,257.0,2048.0,8.0,256.0,1.0,2.5,6.88,118.12,1.05,0.0,0.0,0.0,1.0
2026-09-15T22:48:39.343419149Z,13200.0,1748.075,2.0,0.0,2.0,2048.0,8.0,256.0,0.0,2.67,8.09,114.2,1.23,0.0,0.0,0.0,2.0
2026-09-15T22:48:41.884902701Z,13220.0,1750.616,2.0,0.0,2.0,2048.0,8.0,256.0,0.0,2.54,7.87,114.64,1.42,0.0,0.0,0.0,2.0
2026-09-15T22:48:44.425644844Z,13240.0,1753.157,2.0,0.0,2.0,2048.0,8.0,256.0,0.0,2.67,7.55,115.08,0.39,0.0,0.0,0.0,2.0
2026-09-15T22:48:46.967566177Z,13260.0,1755.699,2.0,0.0,2.0,2048.0,8.0,256.0,0.0,2.81,7.03,115.58,1.24,0.0,0.0,0.0,2.0
2026-09-15T22:48:49.508036580Z,13280.0,1758.239,2.0,0.0,2.0,2048.0,8.0,256.0,0.0,2.68,7.51,113.95,1.11,0.0,0.0,0.0,2.0
2026-09-15T22:48:52.049126943Z,13300.0,1760.78,2.0,0.0,2.0,2048.0,8.0,256.0,0.0,2.38,7.1,116.18,1.61,0.0,0.0,0.0,2.0
2026-09-15T22:48:54.590155376Z,13320.0,1763.322,2.0,0.0,2.0,2048.0,8.0,256.0,0.0,3.06,8.61,113.81,0.52,0.0,0.0,0.0,2.0
2026-09-15T22:48:57.131452949Z,13340.0,1765.863,2.0,0.0,2.0,2048.0,8.0,256.0,0.0,2.65,7.58,115.58,0.7,0.0,0.0,0.0,2.0
2026-09-15T22:48:59.680499151Z,13360.0,1768.412,2.0,1.0,257.0,2048.0,8.0,256.0,1.0,2.87,7.6,114.86,0.67,0.0,0.0,0.0,1.0
2026-09-15T22:49:02.229506794Z,13380.0,1770.961,2.0,1.0,257.0,2048.0,8.0,256.0,1.0,2.55,6.88,117.3,0.75,0.0,0.0,0.0,1.0
2026-09-15T22:49:04.794843866Z,13400.0,1773.526,2.0,1.0,257.0,2048.0,8.0,256.0,1.0,2.92,8.67,115.01,1.71,0.0,0.0,0.0,1.0
2026-09-15T22:49:07.375979078Z,13420.0,1776.107,1.0,0.0,1.0,2048.0,8.0,256.0,0.0,2.19,7.37,116.25,0.19,0.0,0.0,0.0,1.0
2026-09-15T22:49:09.917289751Z,13440.0,1778.649,2.0,1.0,257.0,2048.0,8.0,256.0,1.0,2.58,7.49,115.59,1.13,0.0,0.0,0.0,1.0
2026-09-15T22:49:12.468933304Z,13460.0,1781.2,2.0,1.0,257.0,2048.0,8.0,256.0,1.0,3.07,7.75,115.53,1.49,0.0,0.0,0.0,1.0
2026-09-15T22:49:15.031861496Z,13480.0,1783.763,2.0,0.0,2.0,2048.0,8.0,256.0,0.0,2.89,8.07,114.19,0.6,0.0,0.0,0.0,2.0
2026-09-15T22:49:17.573272729Z,13500.0,1786.305,2.0,0.0,2.0,2048.0,8.0,256.0,0.0,2.43,7.02,115.3,0.69,0.0,0.0,0.0,2.0
2026-09-15T22:49:20.114253962Z,13520.0,1788.846,2.0,0.0,2.0,2048.0,8.0,256.0,0.0,2.34,8.08,114.8,0.74,0.0,0.0,0.0,2.0
2026-09-15T22:49:22.654966215Z,13540.0,1791.386,2.0,0.0,2.0,2048.0,8.0,256.0,0.0,2.65,7.07,115.77,0.62,0.0,0.0,0.0,2.0
2026-09-15T22:49:25.196832227Z,13560.0,1793.928,2.0,0.0,2.0,2048.0,8.0,256.0,0.0,2.78,7.44,115.06,0.56,0.0,0.0,0.0,2.0
2026-09-15T22:49:27.749929690Z,13580.0,1796.481,2.0,1.0,257.0,2048.0,8.0,256.0,1.0,2.63,7.96,111.97,0.8,0.0,0.0,0.0,1.0
2026-09-15T22:49:30.302598072Z,13600.0,1799.034,2.0,1.0,257.0,2048.0,8.0,256.0,1.0,2.94,8.47,115.26,1.24,0.0,0.0,0.0,1.0
2026-09-15T22:49:32.872118155Z,13620.0,1801.603,2.0,1.0,257.0,2048.0,8.0,256.0,1.0,2.35,7.08,117.58,0.95,0.0,0.0,0.0,1.0
2026-09-15T22:49:35.435928457Z,13640.0,1804.167,2.0,0.0,2.0,2048.0,8.0,256.0,0.0,3.15,7.15,115.46,0.66,0.0,0.0,0.0,2.0
2026-09-15T22:49:37.978121600Z,13660.0,1806.709,2.0,0.0,2.0,2048.0,8.0,256.0,0.0,3.34,7.42,113.95,1.15,0.0,0.0,0.0,2.0
2026-09-15T22:49:40.519055663Z,13680.0,1809.25,2.0,0.0,2.0,2048.0,8.0,256.0,0.0,3.12,7.73,115.16,1.27,0.0,0.0,0.0,2.0
2026-09-15T22:49:43.060664165Z,13700.0,1811.792,2.0,0.0,2.0,2048.0,8.0,256.0,0.0,2.69,6.82,116.04,1.54,0.0,0.0,0.0,2.0
2026-09-15T22:49:45.601866219Z,13720.0,1814.333,2.0,0.0,2.0,2048.0,8.0,256.0,0.0,3.37,8.05,113.69,0.65,0.0,0.0,0.0,2.0
2026-09-15T22:49:48.143600521Z,13740.0,1816.875,2.0,0.0,2.0,2048.0,8.0,256.0,0.0,3.17,8.18,114.43,0.98,0.0,0.0,0.0,2.0
2026-09-15T22:49:50.685238644Z,13760.0,1819.417,2.0,0.0,2.0,2048.0,8.0,256.0,0.0,2.89,7.52,114.3,1.37,0.0,0.0,0.0,2.0
2026-09-15T22:49:53.235430447Z,13780.0,1821.967,2.0,1.0,257.0,2048.0,8.0,256.0,1.0,2.58,7.27,115.37,1.3,0.0,0.0,0.0,1.0
2026-09-15T22:49:55.780374790Z,13800.0,1824.512,2.0,1.0,257.0,2048.0,8.0,256.0,1.0,2.86,8.29,113.93,0.45,0.0,0.0,0.0,1.0
2026-09-15T22:49:58.340493372Z,13820.0,1827.072,2.0,1.0,257.0,2048.0,8.0,256.0,1.0,2.71,6.7,117.6,0.69,0.0,0.0,0.0,1.0
2026-09-15T22:50:00.917468074Z,13840.0,1829.649,2.0,1.0,257.0,2048.0,8.0,256.0,1.0,2.6,8.88,115.35,1.57,0.0,0.0,0.0,1.0
2026-09-15T22:50:03.466164886Z,13860.0,1832.198,2.0,0.0,2.0,2048.0,8.0,256.0,0.0,2.99,7.98,114.2,0.67,0.0,0.0,0.0,2.0
2026-09-15T22:50:06.008425619Z,13880.0,1834.74,2.0,0.0,2.0,2048.0,8.0,256.0,0.0,2.45,6.99,115.6,1.53,0.0,0.0,0.0,2.0
2026-09-15T22:50:08.551863991Z,13900.0,1837.283,2.0,1.0,257.0,2048.0,8.0,256.0,1.0,2.57,6.59,116.69,0.49,0.0,0.0,0.0,1.0
2026-09-15T22:50:11.100113553Z,13920.0,1839.832,2.0,1.0,257.0,2048.0,8.0,256.0,1.0,2.44,7.65,115.51,1.19,0.0,0.0,0.0,1.0
2026-09-15T22:50:13.663856875Z,13940.0,1842.395,2.0,1.0,257.0,2048.0,8.0,256.0,1.0,2.39,7.14,117.61,1.55,0.0,0.0,0.0,1.0
2026-09-15T22:50:16.212688298Z,13960.0,1844.944,2.0,0.0,2.0,2048.0,8.0,256.0,0.0,2.73,7.97,114.33,1.65,0.0,0.0,0.0,2.0
2026-09-15T22:50:18.754768400Z,13980.0,1847.486,2.0,0.0,2.0,2048.0,8.0,256.0,0.0,2.82,7.93,115.33,0.8,0.0,0.0,0.0,2.0
2026-09-15T22:50:21.337497981Z,14000.0,1850.069,2.0,1.0,257.0,2048.0,8.0,256.0,1.0,2.9,8.22,113.78,0.48,0.0,0.0,0.0,1.0
2026-09-15T22:50:23.888935404Z,14020.0,1852.62,2.0,1.0,257.0,2048.0,8.0,256.0,1.0,2.61,6.87,116.49,1.28,0.0,0.0,0.0,1.0
2026-09-15T22:50:26.457132445Z,14040.0,1855.188,2.0,1.0,257.0,2048.0,8.0,256.0,1.0,3.22,8.7,114.86,1.3,0.0,0.0,0.0,1.0
2026-09-15T22:50:29.029988097Z,14060.0,1857.761,2.0,0.0,2.0,2048.0,8.0,256.0,0.0,2.57,7.75,115.02,0.83,0.0,0.0,0.0,2.0
2026-09-15T22:50:31.571250660Z,14080.0,1860.303,2.0,0.0,2.0,2048.0,8.0,256.0,0.0,2.58,7.45,115.28,1.19,0.0,0.0,0.0,2.0
2026-09-15T22:50:34.113001022Z,14100.0,1862.844,2.0,0.0,2.0,2048.0,8.0,256.0,0.0,3.01,8.06,114.5,1.91,0.0,0.0,0.0,2.0
2026-09-15T22:50:36.654527854Z,14120.0,1865.386,2.0,0.0,2.0,2048.0,8.0,256.0,0.0,3.26,8.45,114.22,0.55,0.0,0.0,0.0,2.0
2026-09-15T22:50:39.196617597Z,14140.0,1867.928,2.0,0.0,2.0,2048.0,8.0,256.0,0.0,2.82,10.19,111.63,1.34,0.0,0.0,0.0,2.0
2026-09-15T22:50:41.738624629Z,14160.0,1870.47,2.0,0.0,2.0,2048.0,8.0,256.0,0.0,2.62,6.79,117.05,1.09,0.0,0.0,0.0,2.0
2026-09-15T22:50:44.280311382Z,14180.0,1873.012,2.0,0.0,2.0,2048.0,8.0,256.0,0.0,2.74,7.41,115.04,1.36,0.0,0.0,0.0,2.0
2026-09-15T22:50:46.847165114Z,14200.0,1875.579,2.0,1.0,257.0,2048.0,8.0,256.0,1.0,2.42,6.71,116.4,0.69,0.0,0.0,0.0,1.0
2026-09-15T22:50:49.391368646Z,14220.0,1878.123,2.0,1.0,257.0,2048.0,8.0,256.0,1.0,2.61,8.4,115.06,0.56,0.0,0.0,0.0,1.0
2026-09-15T22:50:51.949067448Z,14240.0,1880.68,2.0,1.0,257.0,2048.0,8.0,256.0,1.0,2.61,7.37,116.55,0.98,0.0,0.0,0.0,1.0
2026-09-15T22:50:54.523935809Z,14260.0,1883.255,2.0,1.0,257.0,2048.0,8.0,256.0,1.0,2.72,7.24,117.04,1.85,0.0,0.0,0.0,1.0
2026-09-15T22:50:57.083707142Z,14280.0,1885.815,2.0,0.0,2.0,2048.0,8.0,256.0,0.0,2.61,7.64,115.68,1.15,0.0,0.0,0.0,2.0
2026-09-15T22:50:59.626106504Z,14300.0,1888.357,2.0,0.0,2.0,2048.0,8.0,256.0,0.0,2.49,7.55,115.31,0.85,0.0,0.0,0.0,2.0
2026-09-15T22:51:02.168549306Z,14320.0,1890.9,2.0,0.0,2.0,2048.0,8.0,256.0,0.0,3.47,7.99,113.61,1.04,0.0,0.0,0.0,2.0
2026-09-15T22:51:04.711001969Z,14340.0,1893.442,2.0,0.0,2.0,2048.0,8.0,256.0,0.0,2.59,7.93,115.46,1.22,0.0,0.0,0.0,2.0
2026-09-15T22:51:07.253939391Z,14360.0,1895.985,2.0,1.0,257.0,2048.0,8.0,256.0,1.0,2.45,7.17,115.85,0.69,0.0,0.0,0.0,1.0
2026-09-15T22:51:09.799898854Z,14380.0,1898.531,2.0,1.0,257.0,2048.0,8.0,256.0,1.0,2.41,7.48,116.27,0.36,0.0,0.0,0.0,1.0
2026-09-15T22:51:12.358583956Z,14400.0,1901.09,2.0,1.0,257.0,2048.0,8.0,256.0,1.0,2.51,8.05,115.09,0.75,0.0,0.0,0.0,1.0
2026-09-15T22:51:14.940119187Z,14420.0,1903.672,1.0,0.0,1.0,2048.0,8.0,256.0,0.0,2.32,6.51,116.79,0.17,0.0,0.0,0.0,1.0
2026-09-15T22:51:17.480001769Z,14440.0,1906.211,2.0,1.0,257.0,2048.0,8.0,256.0,1.0,2.92,7.98,114.14,1.16,0.0,0.0,0.0,1.0
2026-09-15T22:51:20.035450302Z,14460.0,1908.767,2.0,1.0,257.0,2048.0,8.0,256.0,1.0,2.79,6.87,116.79,1.42,0.0,0.0,0.0,1.0
2026-09-15T22:51:22.607983783Z,14480.0,1911.339,2.0,1.0,257.0,2048.0,8.0,256.0,1.0,2.39,7.99,116.11,1.51,0.0,0.0,0.0,1.0
2026-09-15T22:51:25.174645775Z,14500.0,1913.906,2.0,0.0,2.0,2048.0,8.0,256.0,0.0,2.46,6.43,116.77,1.23,0.0,0.0,0.0,2.0
2026-09-15T22:51:27.716106817Z,14520.0,1916.447,2.0,0.0,2.0,2048.0,8.0,256.0,0.0,2.79,7.36,115.0,0.99,0.0,0.0,0.0,2.0
2026-09-15T22:51:30.256349710Z,14540.0,1918.988,1.0,0.0,1.0,2048.0,8.0,256.0,0.0,2.49,7.09,116.19,1.07,0.0,0.0,0.0,1.0
2026-09-15T22:51:32.795752673Z,14560.0,1921.527,1.0,0.0,1.0,2048.0,8.0,256.0,0.0,2.45,7.97,115.14,1.51,0.0,0.0,0.0,1.0
2026-09-15T22:51:35.334762825Z,14580.0,1924.066,1.0,0.0,1.0,2048.0,8.0,256.0,0.0,2.74,7.25,114.95,1.56,0.0,0.0,0.0,1.0
2026-09-15T22:51:37.873656527Z,14600.0,1926.605,1.0,0.0,1.0,2048.0,8.0,256.0,0.0,2.96,9.04,113.32,1.04,0.0,0.0,0.0,1.0
2026-09-15T22:51:40.412319410Z,14620.0,1929.144,1.0,0.0,1.0,2048.0,8.0,256.0,0.0,2.94,7.48,114.84,1.02,0.0,0.0,0.0,1.0
2026-09-15T22:51:42.951436932Z,14640.0,1931.683,1.0,0.0,1.0,2048.0,8.0,256.0,0.0,2.55,7.32,115.61,0.95,0.0,0.0,0.0,1.0
2026-09-15T22:51:45.490580085Z,14660.0,1934.222,1.0,0.0,1.0,2048.0,8.0,256.0,0.0,2.58,8.7,113.95,1.75,0.0,0.0,0.0,1.0
2026-09-15T22:51:48.029765077Z,14680.0,1936.761,1.0,0.0,1.0,2048.0,8.0,256.0,0.0,2.57,7.95,115.36,1.21,0.0,0.0,0.0,1.0
2026-09-15T22:51:50.568216580Z,14700.0,1939.3,1.0,0.0,1.0,2048.0,8.0,256.0,0.0,2.63,6.99,115.17,0.5,0.0,0.0,0.0,1.0
2026-09-15T22:51:53.107395412Z,14720.0,1941.839,1.0,0.0,1.0,2048.0,8.0,256.0,0.0,2.55,7.34,115.48,0.87,0.0,0.0,0.0,1.0
2026-09-15T22:51:55.646469225Z,14740.0,1944.378,1.0,0.0,1.0,2048.0,8.0,256.0,0.0,2.65,8.92,113.89,1.61,0.0,0.0,0.0,1.0
2026-09-15T22:51:58.185320547Z,14760.0,1946.917,1.0,0.0,1.0,2048.0,8.0,256.0,0.0,2.53,7.47,115.46,1.14,0.0,0.0,0.0,1.0
2026-09-15T22:52:00.723616000Z,14780.0,1949.455,1.0,0.0,1.0,2048.0,8.0,256.0,0.0,2.42,7.96,114.86,0.75,0.0,0.0,0.0,1.0
2026-09-15T22:52:03.263006902Z,14800.0,1951.994,1.0,0.0,1.0,2048.0,8.0,256.0,0.0,2.67,7.03,114.84,1.52,0.0,0.0,0.0,1.0
2026-09-15T22:52:06.196951316Z,14820.0,1954.928,1.0,1.0,256.0,2048.0,8.0,256.0,0.0,7.51,5.3,112.46,0.69,0.0,0.0,0.0,0.0
2026-09-15T22:52:08.738747938Z,14840.0,1957.47,1.0,1.0,256.0,2048.0,8.0,256.0,0.0,7.72,6.42,111.71,1.45,0.0,0.0,0.0,0.0
2026-09-15T22:52:11.293031380Z,14860.0,1960.024,1.0,1.0,256.0,2048.0,8.0,256.0,0.0,7.37,5.67,112.9,0.77,0.0,0.0,0.0,0.0
2026-09-15T22:52:13.860065582Z,14880.0,1962.591,1.0,0.0,1.0,2048.0,8.0,256.0,0.0,4.15,7.35,113.25,0.9,0.0,0.0,0.0,1.0
2026-09-15T22:52:16.399391854Z,14900.0,1965.131,1.0,0.0,1.0,2048.0,8.0,256.0,0.0,2.48,7.62,114.34,1.52,0.0,0.0,0.0,1.0
2026-09-15T22:52:18.939847417Z,14920.0,1967.671,1.0,0.0,1.0,2048.0,8.0,256.0,0.0,3.04,7.41,113.92,1.42,0.0,0.0,0.0,1.0
2026-09-15T22:52:21.478278749Z,14940.0,1970.21,1.0,0.0,1.0,2048.0,8.0,256.0,0.0,2.39,8.24,114.46,1.12,0.0,0.0,0.0,1.0
2026-09-15T22:52:24.017296852Z,14960.0,1972.749,1.0,0.0,1.0,2048.0,8.0,256.0,0.0,2.58,6.99,115.46,1.16,0.0,0.0,0.0,1.0
2026-09-15T22:52:26.556034314Z,14980.0,1975.287,1.0,0.0,1.0,2048.0,8.0,256.0,0.0,2.33,7.14,116.25,0.21,0.0,0.0,0.0,1.0
2026-09-15T22:52:29.096034967Z,15000.0,1977.827,1.0,0.0,1.0,2048.0,8.0,256.0,0.0,2.45,9.0,114.34,1.33,0.0,0.0,0.0,1.0
2026-09-15T22:52:31.634557149Z,15020.0,1980.366,1.0,0.0,1.0,2048.0,8.0,256.0,0.0,2.43,7.94,114.44,0.81,0.0,0.0,0.0,1.0
2026-09-15T22:52:34.173637951Z,15040.0,1982.905,1.0,0.0,1.0,2048.0,8.0,256.0,0.0,2.28,7.81,114.6,0.39,0.0,0.0,0.0,1.0
2026-09-15T22:52:36.713415674Z,15060.0,1985.445,1.0,0.0,1.0,2048.0,8.0,256.0,0.0,2.59,8.4,114.02,2.02,0.0,0.0,0.0,1.0
2026-09-15T22:52:39.252417216Z,15080.0,1987.984,1.0,0.0,1.0,2048.0,8.0,256.0,0.0,2.45,7.2,115.15,1.04,0.0,0.0,0.0,1.0
2026-09-15T22:52:41.791777569Z,15100.0,1990.523,1.0,0.0,1.0,2048.0,8.0,256.0,0.0,2.38,7.48,114.99,1.68,0.0,0.0,0.0,1.0
2026-09-15T22:52:44.331249821Z,15120.0,1993.063,1.0,0.0,1.0,2048.0,8.0,256.0,0.0,2.18,6.93,115.73,1.18,0.0,0.0,0.0,1.0
2026-09-15T22:52:46.871260694Z,15140.0,1995.603,1.0,0.0,1.0,2048.0,8.0,256.0,0.0,2.97,8.06,114.05,2.55,0.0,0.0,0.0,1.0
2026-09-15T22:52:49.409143826Z,15160.0,1998.141,1.0,0.0,1.0,2048.0,8.0,256.0,0.0,2.79,7.71,114.83,0.99,0.0,0.0,0.0,1.0
2026-09-15T22:52:51.949172088Z,15180.0,2000.681,1.0,0.0,1.0,2048.0,8.0,256.0,0.0,2.93,8.67,113.42,0.91,0.0,0.0,0.0,1.0
2026-09-15T22:52:54.487930911Z,15200.0,2003.219,1.0,0.0,1.0,2048.0,8.0,256.0,0.0,2.93,8.1,114.4,0.43,0.0,0.0,0.0,1.0
2026-09-15T22:52:57.027681874Z,15220.0,2005.759,1.0,0.0,1.0,2048.0,8.0,256.0,0.0,2.56,6.71,115.76,0.73,0.0,0.0,0.0,1.0
2026-09-15T22:52:59.567858866Z,15240.0,2008.299,1.0,0.0,1.0,2048.0,8.0,256.0,0.0,2.57,7.45,115.43,1.35,0.0,0.0,0.0,1.0
2026-09-15T22:53:02.106904418Z,15260.0,2010.838,1.0,0.0,1.0,2048.0,8.0,256.0,0.0,2.32,7.47,114.86,0.62,0.0,0.0,0.0,1.0
2026-09-15T22:53:05.034359882Z,15280.0,2013.766,1.0,0.0,1.0,2048.0,8.0,256.0,0.0,2.68,7.33,115.76,0.18,0.0,0.0,0.0,1.0
2026-09-15T22:53:07.569920355Z,15300.0,2016.301,1.0,1.0,256.0,2048.0,8.0,256.0,0.0,7.62,5.65,111.76,1.7,0.0,0.0,0.0,0.0
2026-09-15T22:53:10.120455447Z,15320.0,2018.852,1.0,1.0,256.0,2048.0,8.0,256.0,0.0,7.47,5.04,113.89,1.11,0.0,0.0,0.0,0.0
2026-09-15T22:53:12.687799349Z,15340.0,2021.419,1.0,1.0,256.0,2048.0,8.0,256.0,0.0,7.45,5.37,114.42,1.6,0.0,0.0,0.0,0.0
2026-09-15T22:53:15.236256311Z,15360.0,2023.968,1.0,0.0,1.0,2048.0,8.0,256.0,0.0,2.55,6.75,115.65,1.47,0.0,0.0,0.0,1.0
2026-09-15T22:53:17.775810294Z,15380.0,2026.507,1.0,0.0,1.0,2048.0,8.0,256.0,0.0,2.57,8.46,114.54,1.09,0.0,0.0,0.0,1.0
2026-09-15T22:53:20.314454086Z,15400.0,2029.046,1.0,0.0,1.0,2048.0,8.0,256.0,0.0,2.57,7.96,115.34,0.67,0.0,0.0,0.0,1.0
2026-09-15T22:53:22.854129388Z,15420.0,2031.585,1.0,0.0,1.0,2048.0,8.0,256.0,0.0,2.32,7.25,116.26,0.9,0.0,0.0,0.0,1.0
2026-09-15T22:53:25.393549571Z,15440.0,2034.125,1.0,0.0,1.0,2048.0,8.0,256.0,0.0,2.59,7.87,114.2,0.74,0.0,0.0,0.0,1.0
2026-09-15T22:53:27.933122073Z,15460.0,2036.664,1.0,0.0,1.0,2048.0,8.0,256.0,0.0,3.39,8.3,112.22,1.2,0.0,0.0,0.0,1.0
2026-09-15T22:53:30.472407536Z,15480.0,2039.204,1.0,0.0,1.0,2048.0,8.0,256.0,0.0,2.61,7.7,114.91,1.02,0.0,0.0,0.0,1.0
2026-09-15T22:53:33.010919488Z,15500.0,2041.742,1.0,0.0,1.0,2048.0,8.0,256.0,0.0,2.48,8.66,113.55,0.7,0.0,0.0,0.0,1.0
2026-09-15T22:53:35.550809920Z,15520.0,2044.282,1.0,0.0,1.0,2048.0,8.0,256.0,0.0,2.41,7.44,115.24,1.38,0.0,0.0,0.0,1.0
2026-09-15T22:53:38.089772513Z,15540.0,2046.821,1.0,0.0,1.0,2048.0,8.0,256.0,0.0,2.89,8.0,113.78,0.77,0.0,0.0,0.0,1.0
2026-09-15T22:53:40.628808485Z,15560.0,2049.36,1.0,0.0,1.0,2048.0,8.0,256.0,0.0,2.43,6.91,116.06,1.25,0.0,0.0,0.0,1.0
2026-09-15T22:53:43.167685238Z,15580.0,2051.899,1.0,0.0,1.0,2048.0,8.0,256.0,0.0,2.57,8.04,114.37,1.3,0.0,0.0,0.0,1.0
2026-09-15T22:53:45.707004410Z,15600.0,2054.438,1.0,0.0,1.0,2048.0,8.0,256.0,0.0,2.56,7.32,114.72,1.17,0.0,0.0,0.0,1.0
2026-09-15T22:53:48.245770723Z,15620.0,2056.977,1.0,0.0,1.0,2048.0,8.0,256.0,0.0,2.6,6.6,115.78,0.48,0.0,0.0,0.0,1.0
2026-09-15T22:53:50.784760075Z,15640.0,2059.516,1.0,0.0,1.0,2048.0,8.0,256.0,0.0,2.57,7.17,115.81,1.04,0.0,0.0,0.0,1.0
2026-09-15T22:53:53.323815348Z,15660.0,2062.055,1.0,0.0,1.0,2048.0,8.0,256.0,0.0,2.46,8.73,113.23,1.08,0.0,0.0,0.0,1.0
2026-09-15T22:53:55.863097870Z,15680.0,2064.594,1.0,0.0,1.0,2048.0,8.0,256.0,0.0,2.92,7.96,113.97,0.78,0.0,0.0,0.0,1.0
2026-09-15T22:53:58.402823013Z,15700.0,2067.134,1.0,0.0,1.0,2048.0,8.0,256.0,0.0,2.52,7.79,114.33,1.44,0.0,0.0,0.0,1.0
2026-09-15T22:54:00.941635125Z,15720.0,2069.673,1.0,0.0,1.0,2048.0,8.0,256.0,0.0,2.68,8.22,113.7,0.62,0.0,0.0,0.0,1.0
2026-09-15T22:54:03.480994018Z,15740.0,2072.212,1.0,0.0,1.0,2048.0,8.0,256.0,0.0,2.51,7.76,114.97,1.31,0.0,0.0,0.0,1.0
2026-09-15T22:54:06.441644491Z,15760.0,2075.173,1.0,1.0,256.0,2048.0,8.0,256.0,0.0,7.57,5.81,112.26,0.41,0.0,0.0,0.0,0.0
2026-09-15T22:54:08.987280343Z,15780.0,2077.719,1.0,1.0,256.0,2048.0,8.0,256.0,0.0,7.49,5.98,112.18,1.77,0.0,0.0,0.0,0.0
2026-09-15T22:54:11.547537495Z,15800.0,2080.279,1.0,1.0,256.0,2048.0,8.0,256.0,0.0,7.75,5.62,114.22,1.0,0.0,0.0,0.0,0.0
2026-09-15T22:54:14.112672277Z,15820.0,2082.844,1.0,0.0,1.0,2048.0,8.0,256.0,0.0,2.78,8.71,114.46,2.07,0.0,0.0,0.0,1.0
2026-09-15T22:54:16.652390529Z,15840.0,2085.384,1.0,0.0,1.0,2048.0,8.0,256.0,0.0,2.72,7.21,114.96,1.48,0.0,0.0,0.0,1.0
2026-09-15T22:54:19.191551222Z,15860.0,2087.923,1.0,0.0,1.0,2048.0,8.0,256.0,0.0,2.61,7.89,114.84,0.63,0.0,0.0,0.0,1.0
2026-09-15T22:54:21.731453384Z,15880.0,2090.463,1.0,0.0,1.0,2048.0,8.0,256.0,0.0,2.65,7.11,115.01,1.65,0.0,0.0,0.0,1.0
2026-09-15T22:54:24.271268607Z,15900.0,2093.003,1.0,0.0,1.0,2048.0,8.0,256.0,0.0,2.67,6.94,115.14,0.33,0.0,0.0,0.0,1.0
2026-09-15T22:54:26.811072069Z,15920.0,2095.542,1.0,0.0,1.0,2048.0,8.0,256.0,0.0,2.81,8.0,113.95,0.98,0.0,0.0,0.0,1.0
2026-09-15T22:54:29.351420881Z,15940.0,2098.083,1.0,0.0,1.0,2048.0,8.0,256.0,0.0,2.92,8.84,113.13,2.0,0.0,0.0,0.0,1.0
2026-09-15T22:54:31.891160214Z,15960.0,2100.622,1.0,0.0,1.0,2048.0,8.0,256.0,0.0,2.68,7.1,114.38,1.66,0.0,0.0,0.0,1.0
2026-09-15T22:54:34.430446176Z,15980.0,2103.162,1.0,0.0,1.0,2048.0,8.0,256.0,0.0,2.95,7.63,115.01,1.31,0.0,0.0,0.0,1.0
2026-09-15T22:54:36.969732099Z,16000.0,2105.701,1.0,0.0,1.0,2048.0,8.0,256.0,0.0,2.41,7.86,114.6,0.74,0.0,0.0,0.0,1.0
2026-09-15T22:54:39.509961961Z,16020.0,2108.241,1.0,0.0,1.0,2048.0,8.0,256.0,0.0,2.58,7.18,115.38,0.72,0.0,0.0,0.0,1.0
2026-09-15T22:54:42.049821974Z,16040.0,2110.781,1.0,0.0,1.0,2048.0,8.0,256.0,0.0,2.51,7.71,114.14,1.51,0.0,0.0,0.0,1.0
2026-09-15T22:54:44.589350716Z,16060.0,2113.321,1.0,0.0,1.0,2048.0,8.0,256.0,0.0,2.85,6.94,115.62,0.63,0.0,0.0,0.0,1.0
2026-09-15T22:54:47.128554698Z,16080.0,2115.86,1.0,0.0,1.0,2048.0,8.0,256.0,0.0,2.76,7.75,115.28,0.71,0.0,0.0,0.0,1.0
2026-09-15T22:54:49.668757721Z,16100.0,2118.4,1.0,0.0,1.0,2048.0,8.0,256.0,0.0,2.46,8.57,113.73,0.83,0.0,0.0,0.0,1.0
2026-09-15T22:54:52.208327354Z,16120.0,2120.94,1.0,0.0,1.0,2048.0,8.0,256.0,0.0,3.02,8.29,114.0,1.5,0.0,0.0,0.0,1.0
2026-09-15T22:54:54.747998746Z,16140.0,2123.479,1.0,0.0,1.0,2048.0,8.0,256.0,0.0,2.44,6.59,116.61,0.74,0.0,0.0,0.0,1.0
2026-09-15T22:54:57.287851038Z,16160.0,2126.019,1.0,0.0,1.0,2048.0,8.0,256.0,0.0,2.52,7.31,114.91,0.99,0.0,0.0,0.0,1.0
2026-09-15T22:54:59.827073281Z,16180.0,2128.558,1.0,0.0,1.0,2048.0,8.0,256.0,0.0,2.6,8.01,114.5,1.6,0.0,0.0,0.0,1.0
2026-09-15T22:55:02.366575413Z,16200.0,2131.098,1.0,0.0,1.0,2048.0,8.0,256.0,0.0,2.8,7.42,115.16,1.17,0.0,0.0,0.0,1.0
2026-09-15T22:55:05.314832866Z,16220.0,2134.046,1.0,1.0,256.0,2048.0,8.0,256.0,0.0,7.14,4.74,113.55,1.2,0.0,0.0,0.0,0.0
2026-09-15T22:55:07.856375929Z,16240.0,2136.588,1.0,1.0,256.0,2048.0,8.0,256.0,0.0,7.35,5.33,112.08,1.65,0.0,0.0,0.0,0.0
2026-09-15T22:55:10.408242111Z,16260.0,2139.14,1.0,1.0,256.0,2048.0,8.0,256.0,0.0,7.29,5.04,113.46,1.32,0.0,0.0,0.0,0.0
2026-09-15T22:55:12.976380063Z,16280.0,2141.708,1.0,1.0,256.0,2048.0,8.0,256.0,0.0,7.42,5.73,113.77,1.78,0.0,0.0,0.0,0.0
2026-09-15T22:55:15.528904745Z,16300.0,2144.26,1.0,0.0,1.0,2048.0,8.0,256.0,0.0,2.57,7.89,114.31,0.9,0.0,0.0,0.0,1.0
2026-09-15T22:55:18.068474188Z,16320.0,2146.8,1.0,0.0,1.0,2048.0,8.0,256.0,0.0,2.77,7.85,114.63,0.62,0.0,0.0,0.0,1.0
2026-09-15T22:55:20.608651000Z,16340.0,2149.34,1.0,0.0,1.0,2048.0,8.0,256.0,0.0,2.75,9.66,112.72,1.26,0.0,0.0,0.0,1.0
2026-09-15T22:55:23.149033212Z,16360.0,2151.88,1.0,0.0,1.0,2048.0,8.0,256.0,0.0,2.54,6.33,116.02,1.56,0.0,0.0,0.0,1.0
2026-09-15T22:55:25.689066605Z,16380.0,2154.42,1.0,0.0,1.0,2048.0,8.0,256.0,0.0,2.4,8.37,114.01,1.68,0.0,0.0,0.0,1.0
2026-09-15T22:55:28.229372317Z,16400.0,2156.961,1.0,0.0,1.0,2048.0,8.0,256.0,0.0,2.63,8.28,114.4,0.71,0.0,0.0,0.0,1.0
2026-09-15T22:55:30.769356980Z,16420.0,2159.501,1.0,0.0,1.0,2048.0,8.0,256.0,0.0,2.69,7.32,115.57,0.69,0.0,0.0,0.0,1.0
2026-09-15T22:55:33.309695862Z,16440.0,2162.041,1.0,0.0,1.0,2048.0,8.0,256.0,0.0,2.44,7.64,115.59,1.45,0.0,0.0,0.0,1.0
2026-09-15T22:55:35.849962074Z,16460.0,2164.581,1.0,0.0,1.0,2048.0,8.0,256.0,0.0,2.49,7.49,115.36,0.63,0.0,0.0,0.0,1.0
2026-09-15T22:55:38.389874277Z,16480.0,2167.121,1.0,0.0,1.0,2048.0,8.0,256.0,0.0,2.61,7.56,114.6,1.38,0.0,0.0,0.0,1.0
2026-09-15T22:55:40.929831959Z,16500.0,2169.661,1.0,0.0,1.0,2048.0,8.0,256.0,0.0,2.68,7.67,114.56,1.06,0.0,0.0,0.0,1.0
2026-09-15T22:55:43.469949292Z,16520.0,2172.201,1.0,0.0,1.0,2048.0,8.0,256.0,0.0,2.6,7.82,115.25,0.89,0.0,0.0,0.0,1.0
2026-09-15T22:55:46.009964744Z,16540.0,2174.741,1.0,0.0,1.0,2048.0,8.0,256.0,0.0,2.39,7.62,115.29,1.56,0.0,0.0,0.0,1.0
2026-09-15T22:55:48.549594947Z,16560.0,2177.281,1.0,0.0,1.0,2048.0,8.0,256.0,0.0,2.23,7.5,116.42,0.84,0.0,0.0,0.0,1.0
2026-09-15T22:55:51.090313629Z,16580.0,2179.822,1.0,0.0,1.0,2048.0,8.0,256.0,0.0,2.54,6.6,115.5,1.84,0.0,0.0,0.0,1.0
2026-09-15T22:55:53.629897442Z,16600.0,2182.361,1.0,0.0,1.0,2048.0,8.0,256.0,0.0,2.46,7.51,115.79,1.0,0.0,0.0,0.0,1.0
2026-09-15T22:55:56.170702054Z,16620.0,2184.902,1.0,0.0,1.0,2048.0,8.0,256.0,0.0,2.61,7.91,115.25,2.57,0.0,0.0,0.0,1.0
2026-09-15T22:55:58.710060547Z,16640.0,2187.441,1.0,0.0,1.0,2048.0,8.0,256.0,0.0,2.46,7.74,115.69,1.06,0.0,0.0,0.0,1.0
2026-09-15T22:56:01.250173809Z,16660.0,2189.982,1.0,0.0,1.0,2048.0,8.0,256.0,0.0,2.72,7.48,114.47,1.73,0.0,0.0,0.0,1.0
2026-09-15T22:56:03.790132321Z,16680.0,2192.521,1.0,0.0,1.0,2048.0,8.0,256.0,0.0,2.4,7.07,115.68,1.66,0.0,0.0,0.0,1.0
2026-09-15T22:56:06.731021525Z,16700.0,2195.462,1.0,1.0,256.0,2048.0,8.0,256.0,0.0,7.76,5.72,112.15,1.59,0.0,0.0,0.0,0.0
2026-09-15T22:56:09.274400347Z,16720.0,2198.006,1.0,1.0,256.0,2048.0,8.0,256.0,0.0,7.55,6.31,112.23,0.56,0.0,0.0,0.0,0.0
2026-09-15T22:56:11.833141549Z,16740.0,2200.564,1.0,1.0,256.0,2048.0,8.0,256.0,0.0,7.55,6.65,112.07,1.06,0.0,0.0,0.0,0.0
2026-09-15T22:56:14.408051391Z,16760.0,2203.139,1.0,1.0,238.0,2048.0,8.0,256.0,0.0,7.8,5.51,113.45,1.63,0.0,0.0,0.0,1.0
2026-09-15T22:56:16.947570393Z,16780.0,2205.679,1.0,0.0,1.0,2048.0,8.0,256.0,0.0,2.61,7.66,114.74,1.23,0.0,0.0,0.0,1.0
2026-09-15T22:56:19.487687565Z,16800.0,2208.219,1.0,0.0,1.0,2048.0,8.0,256.0,0.0,2.47,7.53,115.07,0.85,0.0,0.0,0.0,1.0
2026-09-15T22:56:22.028047528Z,16820.0,2210.759,1.0,0.0,1.0,2048.0,8.0,256.0,0.0,2.62,6.95,115.83,1.4,0.0,0.0,0.0,1.0
2026-09-15T22:56:24.567523141Z,16840.0,2213.299,1.0,0.0,1.0,2048.0,8.0,256.0,0.0,2.56,8.2,113.87,0.7,0.0,0.0,0.0,1.0
2026-09-15T22:56:27.107565133Z,16860.0,2215.839,1.0,0.0,1.0,2048.0,8.0,256.0,0.0,2.52,7.0,115.93,1.29,0.0,0.0,0.0,1.0
2026-09-15T22:56:29.648593785Z,16880.0,2218.38,1.0,0.0,1.0,2048.0,8.0,256.0,0.0,2.55,7.7,115.33,1.99,0.0,0.0,0.0,1.0
2026-09-15T22:56:32.187483198Z,16900.0,2220.919,1.0,0.0,1.0,2048.0,8.0,256.0,0.0,2.71,8.18,114.21,0.59,0.0,0.0,0.0,1.0
2026-09-15T22:56:34.728025070Z,16920.0,2223.459,1.0,0.0,1.0,2048.0,8.0,256.0,0.0,2.82,8.82,114.06,1.5,0.0,0.0,0.0,1.0
2026-09-15T22:56:37.267912423Z,16940.0,2225.999,1.0,0.0,1.0,2048.0,8.0,256.0,0.0,2.46,7.19,115.81,0.85,0.0,0.0,0.0,1.0
2026-09-15T22:56:39.807951315Z,16960.0,2228.539,1.0,0.0,1.0,2048.0,8.0,256.0,0.0,2.4,6.45,116.91,1.0,0.0,0.0,0.0,1.0
2026-09-15T22:56:42.347795498Z,16980.0,2231.079,1.0,0.0,1.0,2048.0,8.0,256.0,0.0,2.5,7.48,115.27,1.51,0.0,0.0,0.0,1.0
2026-09-15T22:56:44.887586510Z,17000.0,2233.619,1.0,0.0,1.0,2048.0,8.0,256.0,0.0,2.65,6.97,115.83,1.32,0.0,0.0,0.0,1.0
2026-09-15T22:56:47.427664972Z,17020.0,2236.159,1.0,0.0,1.0,2048.0,8.0,256.0,0.0,2.75,7.63,114.53,0.66,0.0,0.0,0.0,1.0
2026-09-15T22:56:49.967128195Z,17040.0,2238.699,1.0,0.0,1.0,2048.0,8.0,256.0,0.0,2.82,7.67,115.21,0.5,0.0,0.0,0.0,1.0
2026-09-15T23:01:17.957905852Z,17060.0,2506.689,8.0,8.0,2048.0,2048.0,8.0,256.0,0.0,8.21,5.5,113.25,0.36,0.0,0.0,0.0,0.0
2026-09-15T23:01:20.753863559Z,17080.0,2509.485,8.0,8.0,2048.0,2048.0,8.0,256.0,0.0,8.11,5.9,113.29,17.87,0.0,0.0,0.0,0.0
2026-09-15T23:01:23.997450885Z,17100.0,2512.729,9.0,8.0,2048.0,2048.0,8.0,256.0,0.0,8.02,5.88,114.04,18.5,0.0,0.0,0.0,0.0
2026-09-15T23:01:26.915686349Z,17120.0,2515.647,8.0,9.0,2048.0,2048.0,16.0,256.0,0.0,24.39,9.52,93.08,18.61,0.0,0.0,0.0,1.0
2026-09-15T23:01:29.846787493Z,17140.0,2518.578,9.0,8.0,2048.0,2048.0,8.0,256.0,0.0,7.9,5.87,114.09,18.01,0.0,0.0,0.0,0.0
2026-09-15T23:01:33.128920749Z,17160.0,2521.86,8.0,8.0,2048.0,2048.0,8.0,256.0,0.0,7.87,6.08,114.43,17.78,0.0,0.0,0.0,0.0
2026-09-15T23:01:36.428824254Z,17180.0,2525.16,8.0,8.0,2048.0,2048.0,8.0,256.0,0.0,7.91,5.19,113.82,19.08,0.0,0.0,0.0,0.0
2026-09-15T23:01:39.346733577Z,17200.0,2528.078,9.0,8.0,2048.0,2048.0,8.0,256.0,0.0,8.53,6.7,109.75,18.04,0.0,0.0,0.0,0.0
2026-09-15T23:01:42.275852691Z,17220.0,2531.007,8.0,8.0,2048.0,2048.0,8.0,256.0,0.0,8.25,5.72,112.38,18.02,0.0,0.0,0.0,0.0
2026-09-15T23:01:45.470855579Z,17240.0,2534.202,8.0,8.0,2048.0,2048.0,8.0,256.0,0.0,22.8,8.31,94.85,18.4,0.0,0.0,0.0,0.0
2026-09-15T23:01:48.392772872Z,17260.0,2537.124,8.0,8.0,2048.0,2048.0,8.0,256.0,0.0,24.29,8.53,93.02,20.09,0.0,0.0,0.0,0.0
2026-09-15T23:01:51.320550336Z,17280.0,2540.052,8.0,8.0,2048.0,2048.0,8.0,256.0,0.0,8.29,6.69,112.46,17.98,0.0,0.0,0.0,0.0
2026-09-15T23:01:54.710620140Z,17300.0,2543.442,9.0,8.0,2048.0,2048.0,8.0,256.0,0.0,9.09,7.09,109.03,20.39,0.0,0.0,0.0,0.0
2026-09-15T23:01:57.630183163Z,17320.0,2546.361,8.0,8.0,2048.0,2048.0,8.0,256.0,0.0,7.75,7.44,110.34,18.57,0.0,0.0,0.0,0.0
2026-09-15T23:02:00.958550948Z,17340.0,2549.69,9.0,8.0,2048.0,2048.0,8.0,256.0,0.0,17.4,7.89,101.33,18.17,0.0,0.0,0.0,0.0
2026-09-15T23:02:03.883466801Z,17360.0,2552.615,9.0,9.0,2048.0,2048.0,16.0,256.0,0.0,37.86,8.05,80.41,17.81,0.0,0.0,0.0,1.0
2026-09-15T23:02:06.810935575Z,17380.0,2555.542,8.0,9.0,2048.0,2048.0,16.0,256.0,0.0,8.11,6.04,113.35,18.5,0.0,0.0,0.0,1.0
2026-09-15T23:02:09.747639669Z,17400.0,2558.479,8.0,9.0,2048.0,2048.0,16.0,256.0,0.0,21.32,8.41,98.12,18.56,0.0,0.0,0.0,1.0
2026-09-15T23:02:13.140814382Z,17420.0,2561.872,8.0,10.0,2048.0,2048.0,16.0,256.0,0.0,8.49,6.7,111.89,18.81,0.0,0.0,0.0,2.0
2026-09-15T23:02:16.058587996Z,17440.0,2564.79,8.0,8.0,2048.0,2048.0,8.0,256.0,0.0,8.05,6.3,111.32,18.0,0.0,0.0,0.0,0.0
2026-09-15T23:02:18.984010419Z,17460.0,2567.715,8.0,8.0,2048.0,2048.0,8.0,256.0,0.0,8.62,7.09,111.38,18.05,0.0,0.0,0.0,0.0
2026-09-15T23:02:21.919374063Z,17480.0,2570.651,6.0,5.0,1159.0,2048.0,8.0,256.0,0.0,68.63,10.0,49.06,19.46,0.0,0.0,0.0,1.0
2026-09-15T23:02:25.319701566Z,17500.0,2574.051,3.0,3.0,768.0,2048.0,8.0,256.0,0.0,8.79,7.75,109.72,17.6,0.0,0.0,0.0,0.0
2026-09-15T23:02:28.258574279Z,17520.0,2576.99,2.0,1.0,256.0,2048.0,8.0,256.0,0.0,7.99,6.12,114.47,18.61,0.0,0.0,0.0,0.0
2026-09-15T23:15:51.383961839Z,17540.0,3380.115,1.0,2.0,512.0,2048.0,8.0,256.0,0.0,800383.56,9.24,95.75,0.95,0.0,0.0,0.0,0.0
2026-09-15T23:15:53.934347441Z,17560.0,3382.666,4.0,0.0,4.0,2048.0,8.0,256.0,0.0,2.98,7.99,113.57,0.83,0.0,0.0,0.0,4.0
2026-09-15T23:15:56.480041924Z,17580.0,3385.211,4.0,1.0,260.0,2048.0,8.0,256.0,1.0,4.89,8.01,113.03,0.9,0.0,0.0,0.0,4.0
2026-09-15T23:15:59.029187696Z,17600.0,3387.761,12.0,0.0,12.0,2048.0,16.0,256.0,0.0,3.52,7.86,113.54,1.07,0.0,0.0,0.0,12.0
2026-09-15T23:16:01.570050418Z,17620.0,3390.301,12.0,0.0,12.0,2048.0,16.0,256.0,0.0,6.37,10.93,106.13,0.37,0.0,0.0,0.0,12.0
2026-09-15T23:16:04.106177581Z,17640.0,3392.838,12.0,0.0,12.0,2048.0,16.0,256.0,0.0,4.22,9.86,111.8,0.88,0.0,0.0,0.0,12.0
2026-09-15T23:16:06.645546584Z,17660.0,3395.377,12.0,0.0,12.0,2048.0,16.0,256.0,0.0,6.97,7.95,105.51,1.95,0.0,0.0,0.0,12.0
2026-09-15T23:16:09.196594946Z,17680.0,3397.928,20.0,0.0,20.0,2048.0,32.0,256.0,0.0,3.69,8.32,113.45,0.51,0.0,0.0,0.0,20.0
2026-09-15T23:16:11.737657309Z,17700.0,3400.469,20.0,0.0,20.0,2048.0,32.0,256.0,0.0,4.02,10.88,110.35,0.56,0.0,0.0,0.0,20.0
2026-09-15T23:16:14.318390481Z,17720.0,3403.05,19.0,0.0,19.0,2048.0,32.0,256.0,0.0,3.45,8.28,113.74,1.16,0.0,0.0,0.0,19.0
2026-09-15T23:16:16.860769413Z,17740.0,3405.592,18.0,0.0,18.0,2048.0,32.0,256.0,0.0,13.11,26.0,81.11,0.43,0.0,0.0,0.0,18.0
2026-09-15T23:16:19.427293695Z,17760.0,3408.159,34.0,0.0,33.0,2048.0,64.0,256.0,0.0,8.6,11.46,105.54,1.26,0.0,0.0,0.0,33.0
2026-09-15T23:16:21.975221108Z,17780.0,3410.706,32.0,0.0,32.0,2048.0,64.0,256.0,0.0,4.39,8.5,112.44,1.14,0.0,0.0,0.0,32.0
2026-09-15T23:16:24.758231305Z,17800.0,3413.49,32.0,0.0,32.0,2048.0,64.0,256.0,0.0,4.19,8.15,113.03,1.21,0.0,0.0,0.0,32.0
2026-09-15T23:16:28.444465772Z,17820.0,3417.176,39.0,8.0,2048.0,2048.0,64.0,256.0,0.0,37.09,132.09,45.59,0.25,0.0,0.0,0.0,31.0
2026-09-15T23:16:31.174020070Z,17840.0,3419.905,52.0,8.0,2048.0,2048.0,64.0,256.0,0.0,8.92,16.69,98.04,0.94,0.0,0.0,0.0,44.0
2026-09-15T23:16:33.760235612Z,17860.0,3422.492,72.0,8.0,2048.0,2048.0,128.0,256.0,0.0,5.9,21.88,98.31,1.35,0.0,0.0,0.0,64.0
2026-09-15T23:16:36.351179603Z,17880.0,3425.083,84.0,3.0,657.0,2048.0,128.0,256.0,1.0,6.93,8.47,112.25,1.25,0.0,0.0,0.0,82.0
2026-09-15T23:16:38.937904895Z,17900.0,3427.669,97.0,8.0,2048.0,2048.0,128.0,256.0,0.0,12.76,10.76,104.53,0.93,0.0,0.0,0.0,89.0
2026-09-15T23:16:41.524380236Z,17920.0,3430.256,102.0,0.0,102.0,2048.0,128.0,256.0,0.0,6.84,8.5,112.18,0.82,0.0,0.0,0.0,102.0
2026-09-15T23:16:44.104172688Z,17940.0,3432.836,106.0,8.0,2048.0,2048.0,128.0,256.0,0.0,14.41,10.4,104.36,1.69,0.0,0.0,0.0,97.0
2026-09-15T23:16:46.687476730Z,17960.0,3435.419,99.0,8.0,2048.0,2048.0,128.0,256.0,0.0,113.75,15.6,8.22,0.46,0.0,0.0,0.0,98.0
2026-09-15T23:16:49.273478851Z,17980.0,3438.005,105.0,0.0,105.0,2048.0,128.0,256.0,0.0,7.02,8.12,112.27,0.68,0.0,0.0,0.0,105.0
2026-09-15T23:16:51.848178483Z,18000.0,3440.58,102.0,0.0,102.0,2048.0,128.0,256.0,0.0,7.51,8.04,112.26,1.45,0.0,0.0,0.0,102.0
2026-09-15T23:16:54.438661355Z,18020.0,3443.17,107.0,8.0,2048.0,2048.0,128.0,256.0,0.0,7.12,9.62,111.94,0.4,0.0,0.0,0.0,99.0
2026-09-15T23:16:57.021237826Z,18040.0,3445.753,102.0,0.0,101.0,2048.0,128.0,256.0,0.0,12.38,13.02,102.01,0.96,0.0,0.0,0.0,101.0
2026-09-15T23:16:59.611970088Z,18060.0,3448.343,105.0,8.0,2048.0,2048.0,128.0,256.0,0.0,9.45,13.65,104.98,1.58,0.0,0.0,0.0,96.0
2026-09-15T23:17:02.208181009Z,18080.0,3450.94,104.0,9.0,2048.0,2048.0,128.0,256.0,0.0,20.04,9.26,99.23,1.95,0.0,0.0,0.0,97.0
2026-09-15T23:17:04.791171471Z,18100.0,3453.523,99.0,8.0,2048.0,2048.0,128.0,256.0,0.0,91.88,9.7,23.84,0.42,0.0,0.0,0.0,99.0
2026-09-15T23:17:07.391349372Z,18120.0,3456.123,103.0,8.0,1915.0,2048.0,128.0,256.0,0.0,11.63,10.83,105.87,2.3,0.0,0.0,0.0,95.0
2026-09-15T23:17:09.983031524Z,18140.0,3458.714,102.0,0.0,102.0,2048.0,128.0,256.0,0.0,7.46,8.12,111.61,1.11,0.0,0.0,0.0,102.0
2026-09-15T23:17:12.577463805Z,18160.0,3461.309,103.0,0.0,101.0,2048.0,128.0,256.0,0.0,14.99,15.8,93.64,0.78,0.0,0.0,0.0,101.0
2026-09-15T23:17:15.355909412Z,18180.0,3464.087,104.0,9.0,2048.0,2048.0,128.0,256.0,0.0,15.13,8.25,104.99,0.92,0.0,0.0,0.0,97.0
2026-09-15T23:17:17.960779373Z,18200.0,3466.692,113.0,8.0,1808.0,2048.0,128.0,256.0,1.0,19.41,12.39,96.66,1.59,0.0,0.0,0.0,106.0
2026-09-15T23:17:20.576758444Z,18220.0,3469.308,110.0,9.0,2048.0,2048.0,128.0,256.0,0.0,21.28,11.06,95.35,0.64,0.0,0.0,0.0,102.0
2026-09-15T23:17:23.181043266Z,18240.0,3471.912,114.0,8.0,2048.0,2048.0,128.0,256.0,0.0,7.7,15.56,105.07,0.39,0.0,0.0,0.0,107.0
2026-09-15T23:17:25.787287807Z,18260.0,3474.519,119.0,7.0,1677.0,2048.0,128.0,256.0,1.0,7.63,8.26,111.92,1.54,0.0,0.0,0.0,113.0
2026-09-15T23:17:28.406141857Z,18280.0,3477.138,119.0,3.0,772.0,2048.0,128.0,256.0,1.0,10.95,9.33,107.74,0.79,0.0,0.0,0.0,117.0
2026-09-15T23:17:31.036793848Z,18300.0,3479.768,117.0,8.0,2036.0,2048.0,128.0,256.0,0.0,9.69,10.89,104.17,0.43,0.0,0.0,0.0,110.0
2026-09-15T23:17:33.636919919Z,18320.0,3482.368,116.0,8.0,1808.0,2048.0,128.0,256.0,1.0,114.03,9.25,7.25,0.84,0.0,0.0,0.0,114.0
2026-09-15T23:17:36.248388080Z,18340.0,3484.98,119.0,9.0,2048.0,2048.0,128.0,256.0,0.0,24.5,26.53,77.13,1.03,0.0,0.0,0.0,110.0
2026-09-15T23:17:38.860497021Z,18360.0,3487.592,119.0,5.0,1323.0,2048.0,128.0,256.0,1.0,17.43,18.85,92.39,1.37,0.0,0.0,0.0,111.0
2026-09-15T23:17:41.479864752Z,18380.0,3490.211,117.0,7.0,1808.0,2048.0,128.0,256.0,1.0,9.89,8.41,110.3,0.68,0.0,0.0,0.0,110.0
2026-09-15T23:17:44.116857953Z,18400.0,3492.848,115.0,7.0,1808.0,2048.0,128.0,256.0,1.0,14.5,21.46,88.0,0.6,0.0,0.0,0.0,107.0
2026-09-15T23:17:46.737493334Z,18420.0,3495.469,110.0,9.0,2048.0,2048.0,128.0,256.0,0.0,16.46,8.42,103.81,1.94,0.0,0.0,0.0,103.0
2026-09-15T23:17:49.351474895Z,18440.0,3498.083,113.0,10.0,2048.0,2048.0,128.0,256.0,0.0,25.89,12.31,88.97,0.42,0.0,0.0,0.0,107.0
2026-09-15T23:17:51.959790105Z,18460.0,3500.691,110.0,9.0,2048.0,2048.0,128.0,256.0,0.0,23.07,11.42,93.63,0.74,0.0,0.0,0.0,102.0
2026-09-15T23:17:54.577442936Z,18480.0,3503.309,109.0,9.0,2048.0,2048.0,128.0,256.0,0.0,24.16,12.98,91.92,1.56,0.0,0.0,0.0,100.0
2026-09-15T23:17:57.198519167Z,18500.0,3505.93,111.0,8.0,2048.0,2048.0,128.0,256.0,0.0,13.01,11.98,104.62,0.45,0.0,0.0,0.0,102.0
2026-09-15T23:17:59.838284267Z,18520.0,3508.57,113.0,8.0,2048.0,2048.0,128.0,256.0,0.0,7.0,8.65,112.59,1.51,0.0,0.0,0.0,105.0
2026-09-15T23:18:02.454848088Z,18540.0,3511.186,114.0,9.0,1808.0,2048.0,128.0,256.0,1.0,19.2,8.63,100.67,0.87,0.0,0.0,0.0,109.0
2026-09-15T23:18:05.069767869Z,18560.0,3513.801,113.0,8.0,2048.0,2048.0,128.0,256.0,0.0,7.93,15.58,105.2,0.51,0.0,0.0,0.0,105.0
2026-09-15T23:18:07.714228770Z,18580.0,3516.445,103.0,9.0,2048.0,2048.0,128.0,256.0,0.0,19.28,9.03,100.21,0.37,0.0,0.0,0.0,96.0
2026-09-15T23:18:10.324105350Z,18600.0,3519.056,104.0,9.0,2048.0,2048.0,128.0,256.0,0.0,37.36,8.56,81.66,0.72,0.0,0.0,0.0,97.0
2026-09-15T23:18:12.934405122Z,18620.0,3521.666,109.0,7.0,1808.0,2048.0,128.0,256.0,1.0,13.83,12.22,101.96,0.71,0.0,0.0,0.0,102.0
2026-09-15T23:18:15.590631652Z,18640.0,3524.322,108.0,10.0,2048.0,2048.0,128.0,256.0,0.0,19.28,10.13,99.05,1.2,0.0,0.0,0.0,102.0
2026-09-15T23:18:18.215035252Z,18660.0,3526.946,109.0,9.0,2048.0,2048.0,128.0,256.0,0.0,20.16,12.52,95.64,0.73,0.0,0.0,0.0,102.0
2026-09-15T23:18:20.828834204Z,18680.0,3529.56,113.0,7.0,1808.0,2048.0,128.0,256.0,1.0,7.49,8.08,113.95,0.49,0.0,0.0,0.0,106.0
2026-09-15T23:18:23.459957114Z,18700.0,3532.191,117.0,7.0,1808.0,2048.0,128.0,256.0,1.0,107.64,11.61,7.99,0.36,0.0,0.0,0.0,109.0
2026-09-15T23:18:26.070697235Z,18720.0,3534.802,110.0,8.0,2048.0,2048.0,128.0,256.0,0.0,19.98,17.67,90.98,1.6,0.0,0.0,0.0,100.0
2026-09-15T23:18:28.736801055Z,18740.0,3537.468,107.0,7.0,1808.0,2048.0,128.0,256.0,1.0,8.13,7.82,112.65,1.24,0.0,0.0,0.0,100.0
2026-09-15T23:18:31.399821195Z,18760.0,3540.131,105.0,8.0,2048.0,2048.0,128.0,256.0,0.0,12.8,9.72,106.04,0.97,0.0,0.0,0.0,97.0
2026-09-15T23:18:34.024708686Z,18780.0,3542.756,107.0,8.0,2048.0,2048.0,128.0,256.0,0.0,11.89,11.84,106.18,0.44,0.0,0.0,0.0,98.0
2026-09-15T23:18:36.652866006Z,18800.0,3545.384,109.0,8.0,1808.0,2048.0,128.0,256.0,1.0,19.06,9.72,100.31,1.59,0.0,0.0,0.0,103.0
2026-09-15T23:18:39.343271855Z,18820.0,3548.075,104.0,10.0,2048.0,2048.0,128.0,256.0,0.0,19.42,8.85,100.54,1.95,0.0,0.0,0.0,98.0
2026-09-15T23:18:42.000333366Z,18840.0,3550.732,100.0,9.0,2048.0,2048.0,128.0,256.0,0.0,17.2,7.8,101.75,1.6,0.0,0.0,0.0,93.0
2026-09-15T23:18:44.624321106Z,18860.0,3553.356,100.0,8.0,2048.0,2048.0,128.0,256.0,0.0,6.85,8.66,112.8,1.65,0.0,0.0,0.0,92.0
2026-09-15T23:18:47.241549907Z,18880.0,3555.973,102.0,9.0,2048.0,2048.0,128.0,256.0,0.0,23.94,11.3,93.5,0.78,0.0,0.0,0.0,94.0
2026-09-15T23:18:49.869708358Z,18900.0,3558.601,106.0,8.0,2048.0,2048.0,128.0,256.0,0.0,7.99,9.58,111.58,0.7,0.0,0.0,0.0,98.0
2026-09-15T23:18:52.491714138Z,18920.0,3561.223,110.0,10.0,2048.0,2048.0,128.0,256.0,0.0,22.25,9.82,97.8,1.94,0.0,0.0,0.0,104.0
2026-09-15T23:18:55.189300537Z,18940.0,3563.921,112.0,7.0,1808.0,2048.0,128.0,256.0,1.0,126.57,9.45,7.55,0.42,0.0,0.0,0.0,105.0
2026-09-15T23:18:57.941587455Z,18960.0,3566.673,103.0,9.0,2048.0,2048.0,128.0,256.0,0.0,23.89,10.77,93.98,1.13,0.0,0.0,0.0,95.0
2026-09-15T23:19:00.603350185Z,18980.0,3569.335,99.0,8.0,2048.0,2048.0,128.0,256.0,0.0,6.42,8.01,112.84,0.43,0.0,0.0,0.0,91.0
2026-09-15T23:19:03.321777714Z,19000.0,3572.053,99.0,8.0,2048.0,2048.0,128.0,256.0,0.0,6.53,8.27,114.49,1.6,0.0,0.0,0.0,91.0
2026-09-15T23:19:05.964491164Z,19020.0,3574.696,104.0,8.0,2048.0,2048.0,128.0,256.0,0.0,13.45,13.75,102.41,1.35,0.0,0.0,0.0,95.0
2026-09-15T23:19:08.587989445Z,19040.0,3577.319,108.0,8.0,2048.0,2048.0,128.0,256.0,0.0,7.24,8.61,113.08,0.72,0.0,0.0,0.0,100.0
2026-09-15T23:19:11.220073575Z,19060.0,3579.951,106.0,9.0,2031.0,2048.0,128.0,256.0,0.0,26.02,10.55,91.93,0.99,0.0,0.0,0.0,99.0
2026-09-15T23:19:13.842144706Z,19080.0,3582.574,114.0,8.0,1818.0,2048.0,128.0,256.0,0.0,8.4,8.61,112.75,0.52,0.0,0.0,0.0,108.0
2026-09-15T23:19:16.468256617Z,19100.0,3585.2,112.0,7.0,1808.0,2048.0,128.0,256.0,1.0,26.46,11.64,91.35,0.7,0.0,0.0,0.0,105.0
2026-09-15T23:19:19.130466147Z,19120.0,3587.862,111.0,9.0,2048.0,2048.0,128.0,256.0,0.0,31.49,9.24,88.13,1.16,0.0,0.0,0.0,104.0
2026-09-15T23:19:21.780344577Z,19140.0,3590.512,110.0,8.0,2048.0,2048.0,128.0,256.0,0.0,8.57,8.77,112.26,1.68,0.0,0.0,0.0,102.0
2026-09-15T23:19:26.062324100Z,19160.0,3594.794,110.0,7.0,1716.0,2048.0,128.0,256.0,1.0,6.78,7.53,115.83,0.28,0.0,0.0,0.0,104.0
2026-09-15T23:19:28.728851850Z,19180.0,3597.46,110.0,9.0,1859.0,2048.0,128.0,256.0,0.0,26.64,10.35,92.42,1.63,0.0,0.0,0.0,103.0
2026-09-15T23:19:31.370637860Z,19200.0,3600.102,112.0,7.0,1808.0,2048.0,128.0,256.0,1.0,12.79,11.34,104.5,2.17,0.0,0.0,0.0,104.0
2026-09-15T23:19:34.012029441Z,19220.0,3602.743,108.0,8.0,1808.0,2048.0,128.0,256.0,1.0,29.25,11.19,85.93,2.05,0.0,0.0,0.0,102.0
2026-09-15T23:19:36.664171801Z,19240.0,3605.396,108.0,8.0,2048.0,2048.0,128.0,256.0,0.0,14.3,10.01,106.58,1.51,0.0,0.0,0.0,99.0
2026-09-15T23:19:39.373981660Z,19260.0,3608.105,106.0,10.0,2048.0,2048.0,128.0,256.0,0.0,30.1,9.04,90.53,1.3,0.0,0.0,0.0,100.0
2026-09-15T23:19:42.018840380Z,19280.0,3610.75,105.0,9.0,2048.0,2048.0,128.0,256.0,0.0,23.82,8.77,96.64,1.51,0.0,0.0,0.0,98.0
2026-09-15T23:19:44.658415460Z,19300.0,3613.39,105.0,9.0,2048.0,2048.0,128.0,256.0,0.0,24.85,9.6,94.05,1.05,0.0,0.0,0.0,98.0
2026-09-15T23:19:47.355454129Z,19320.0,3616.087,102.0,10.0,2048.0,2048.0,128.0,256.0,0.0,23.11,8.25,98.14,1.54,0.0,0.0,0.0,96.0
2026-09-15T23:19:50.025604639Z,19340.0,3618.757,102.0,9.0,2048.0,2048.0,128.0,256.0,0.0,25.63,13.24,90.8,1.08,0.0,0.0,0.0,94.0
2026-09-15T23:19:52.710458058Z,19360.0,3621.442,106.0,7.0,1808.0,2048.0,128.0,256.0,1.0,7.32,8.5,113.59,1.29,0.0,0.0,0.0,99.0
2026-09-15T23:19:55.393026398Z,19380.0,3624.124,107.0,7.0,1808.0,2048.0,128.0,256.0,1.0,7.77,9.82,112.57,0.96,0.0,0.0,0.0,100.0
2026-09-15T23:19:58.017299069Z,19400.0,3626.749,112.0,7.0,1808.0,2048.0,128.0,256.0,1.0,21.68,22.36,86.87,0.91,0.0,0.0,0.0,100.0
2026-09-15T23:20:00.736707267Z,19420.0,3629.468,104.0,8.0,2048.0,2048.0,128.0,256.0,0.0,8.71,10.46,110.48,0.91,0.0,0.0,0.0,95.0
2026-09-15T23:20:03.418846027Z,19440.0,3632.15,109.0,9.0,2048.0,2048.0,128.0,256.0,0.0,29.87,9.28,89.42,1.49,0.0,0.0,0.0,102.0
2026-09-15T23:20:06.082637816Z,19460.0,3634.814,112.0,8.0,2048.0,2048.0,128.0,256.0,0.0,10.81,15.67,101.37,1.51,0.0,0.0,0.0,104.0
2026-09-15T23:20:08.747552046Z,19480.0,3637.479,112.0,8.0,2048.0,2048.0,128.0,256.0,0.0,8.75,9.52,107.15,4.03,0.0,0.0,0.0,104.0
2026-09-15T23:20:11.511483304Z,19500.0,3640.243,104.0,9.0,2048.0,2048.0,128.0,256.0,0.0,27.22,10.43,87.74,1.66,0.0,0.0,0.0,96.0
2026-09-15T23:20:14.202246683Z,19520.0,3642.934,105.0,10.0,2048.0,2048.0,128.0,256.0,0.0,30.12,13.57,86.59,2.02,0.0,0.0,0.0,97.0
2026-09-15T23:20:16.924808951Z,19540.0,3645.656,104.0,8.0,2048.0,2048.0,128.0,256.0,0.0,11.76,12.58,105.26,0.95,0.0,0.0,0.0,95.0
2026-09-15T23:20:19.639095500Z,19560.0,3648.37,98.0,8.0,2048.0,2048.0,128.0,256.0,0.0,181.83,11.3,7.78,0.65,0.0,0.0,0.0,89.0
2026-09-15T23:20:22.352966449Z,19580.0,3651.084,100.0,8.0,2048.0,2048.0,128.0,256.0,0.0,9.4,11.01,108.62,1.77,0.0,0.0,0.0,91.0
2026-09-15T23:20:25.015830829Z,19600.0,3653.747,99.0,8.0,2048.0,2048.0,128.0,256.0,0.0,7.35,8.55,113.62,1.86,0.0,0.0,0.0,91.0
2026-09-15T23:20:27.726623678Z,19620.0,3656.458,99.0,8.0,2048.0,2048.0,128.0,256.0,0.0,6.98,7.9,114.26,1.29,0.0,0.0,0.0,91.0
2026-09-15T23:20:30.390859147Z,19640.0,3659.122,99.0,8.0,2048.0,2048.0,128.0,256.0,0.0,7.23,8.0,114.31,0.82,0.0,0.0,0.0,91.0
2026-09-15T23:20:33.087353106Z,19660.0,3661.819,98.0,8.0,2048.0,2048.0,128.0,256.0,0.0,16.84,13.9,99.42,1.52,0.0,0.0,0.0,90.0
2026-09-15T23:20:35.769265016Z,19680.0,3664.501,102.0,9.0,2048.0,2048.0,128.0,256.0,0.0,40.5,10.68,78.25,0.81,0.0,0.0,0.0,94.0
2026-09-15T23:20:38.457821375Z,19700.0,3667.189,101.0,8.0,2048.0,2048.0,128.0,256.0,0.0,17.34,15.29,96.87,1.72,0.0,0.0,0.0,90.0
2026-09-15T23:20:41.146901614Z,19720.0,3669.878,98.0,7.0,1808.0,2048.0,128.0,256.0,1.0,9.7,10.59,109.92,1.82,0.0,0.0,0.0,91.0
2026-09-15T23:20:43.813072944Z,19740.0,3672.544,105.0,8.0,2048.0,2048.0,128.0,256.0,0.0,6.26,7.75,112.47,0.46,0.0,0.0,0.0,97.0
2026-09-15T23:20:46.509418913Z,19760.0,3675.241,102.0,9.0,2048.0,2048.0,128.0,256.0,0.0,38.4,11.66,80.08,0.37,0.0,0.0,0.0,94.0
2026-09-15T23:20:49.143375784Z,19780.0,3677.875,105.0,8.0,2048.0,2048.0,128.0,256.0,0.0,7.27,9.19,114.24,0.9,0.0,0.0,0.0,97.0
2026-09-15T23:20:51.847245613Z,19800.0,3680.579,107.0,8.0,2048.0,2048.0,128.0,256.0,0.0,12.3,10.29,107.56,1.42,0.0,0.0,0.0,98.0
2026-09-15T23:20:54.526407792Z,19820.0,3683.257,109.0,8.0,1808.0,2048.0,128.0,256.0,1.0,44.11,9.73,71.77,0.95,0.0,0.0,0.0,103.0
2026-09-15T23:20:57.279004970Z,19840.0,3686.01,99.0,8.0,2048.0,2048.0,128.0,256.0,0.0,164.18,18.58,7.32,0.76,0.0,0.0,0.0,91.0
2026-09-15T23:20:59.980467049Z,19860.0,3688.712,95.0,8.0,2048.0,2048.0,128.0,256.0,0.0,8.06,10.21,106.5,2.31,0.0,0.0,0.0,87.0
2026-09-15T23:21:02.681479048Z,19880.0,3691.413,96.0,9.0,2048.0,2048.0,128.0,256.0,0.0,25.97,7.82,95.65,1.31,0.0,0.0,0.0,89.0
2026-09-15T23:21:05.347764698Z,19900.0,3694.079,95.0,8.0,2048.0,2048.0,128.0,256.0,0.0,8.45,8.9,110.03,0.67,0.0,0.0,0.0,87.0
2026-09-15T23:21:08.051729477Z,19920.0,3696.783,95.0,8.0,2048.0,2048.0,128.0,256.0,0.0,8.07,8.28,112.49,1.35,0.0,0.0,0.0,87.0
2026-09-15T23:21:10.759325146Z,19940.0,3699.49,98.0,8.0,2048.0,2048.0,128.0,256.0,0.0,7.28,7.24,115.08,1.54,0.0,0.0,0.0,90.0
2026-09-15T23:21:13.481896124Z,19960.0,3702.213,95.0,8.0,2048.0,2048.0,128.0,256.0,0.0,8.45,8.79,112.57,0.99,0.0,0.0,0.0,87.0
2026-09-15T23:21:16.193024173Z,19980.0,3704.924,95.0,9.0,1808.0,2048.0,128.0,256.0,1.0,36.14,13.63,79.6,0.58,0.0,0.0,0.0,89.0
2026-09-15T23:21:18.865552932Z,20000.0,3707.597,97.0,9.0,2048.0,2048.0,128.0,256.0,0.0,25.72,11.79,92.62,0.4,0.0,0.0,0.0,90.0
2026-09-15T23:21:21.575552391Z,20020.0,3710.307,94.0,8.0,1808.0,2048.0,128.0,256.0,1.0,28.06,8.4,93.57,1.44,0.0,0.0,0.0,88.0
2026-09-15T23:21:24.297582480Z,20040.0,3713.029,89.0,8.0,2048.0,2048.0,128.0,256.0,0.0,8.42,8.03,114.17,0.76,0.0,0.0,0.0,81.0
2026-09-15T23:21:26.980760809Z,20060.0,3715.712,88.0,10.0,2048.0,2048.0,128.0,256.0,0.0,27.4,11.07,92.04,0.66,0.0,0.0,0.0,81.0
2026-09-15T23:21:29.652864689Z,20080.0,3718.384,93.0,9.0,2048.0,2048.0,128.0,256.0,0.0,22.82,11.75,92.91,0.88,0.0,0.0,0.0,86.0
2026-09-15T23:21:32.290066769Z,20100.0,3721.021,98.0,8.0,2048.0,2048.0,128.0,256.0,0.0,7.92,7.81,113.52,1.62,0.0,0.0,0.0,90.0
2026-09-15T23:21:34.972334859Z,20120.0,3723.703,99.0,8.0,2048.0,2048.0,128.0,256.0,0.0,9.17,9.09,111.73,1.89,0.0,0.0,0.0,91.0
2026-09-15T23:21:37.682799187Z,20140.0,3726.414,96.0,8.0,2048.0,2048.0,128.0,256.0,0.0,13.58,15.79,99.74,0.81,0.0,0.0,0.0,88.0
2026-09-15T23:21:40.442464535Z,20160.0,3729.174,98.0,9.0,2048.0,2048.0,128.0,256.0,0.0,238.99,10.04,6.95,1.89,0.0,0.0,0.0,91.0
2026-09-15T23:21:43.084735176Z,20180.0,3731.816,100.0,9.0,2048.0,2048.0,128.0,256.0,0.0,31.38,9.05,89.0,1.28,0.0,0.0,0.0,93.0
2026-09-15T23:21:45.848012883Z,20200.0,3734.579,105.0,8.0,2048.0,2048.0,128.0,256.0,0.0,6.96,7.58,115.38,5.25,0.0,0.0,0.0,97.0
2026-09-15T23:21:48.547593962Z,20220.0,3737.279,106.0,9.0,2048.0,2048.0,128.0,256.0,0.0,26.56,8.72,93.69,0.6,0.0,0.0,0.0,99.0
2026-09-15T23:21:51.187516833Z,20240.0,3739.919,105.0,8.0,2048.0,2048.0,128.0,256.0,0.0,11.24,8.44,109.84,3.02,0.0,0.0,0.0,97.0
2026-09-15T23:21:53.899782431Z,20260.0,3742.631,106.0,9.0,2048.0,2048.0,128.0,256.0,0.0,31.75,8.79,88.02,0.67,0.0,0.0,0.0,99.0
2026-09-15T23:21:56.601842690Z,20280.0,3745.333,106.0,8.0,2048.0,2048.0,128.0,256.0,0.0,11.42,11.8,107.08,0.82,0.0,0.0,0.0,97.0
2026-09-15T23:21:59.321401049Z,20300.0,3748.053,105.0,8.0,2048.0,2048.0,128.0,256.0,0.0,15.58,13.22,101.95,1.26,0.0,0.0,0.0,96.0
2026-09-15T23:22:02.048776997Z,20320.0,3750.78,107.0,8.0,2048.0,2048.0,128.0,256.0,0.0,9.02,8.74,113.19,1.72,0.0,0.0,0.0,99.0
2026-09-15T23:22:04.746388006Z,20340.0,3753.478,109.0,8.0,2048.0,2048.0,128.0,256.0,0.0,12.2,12.07,103.69,1.81,0.0,0.0,0.0,101.0
2026-09-15T23:22:07.396040616Z,20360.0,3756.127,107.0,7.0,1712.0,2048.0,128.0,256.0,1.0,22.69,10.76,95.83,1.07,0.0,0.0,0.0,101.0
2026-09-15T23:22:10.219268923Z,20380.0,3758.951,105.0,8.0,2048.0,2048.0,128.0,256.0,0.0,12.65,16.11,102.62,0.32,0.0,0.0,0.0,97.0
2026-09-15T23:22:12.923336962Z,20400.0,3761.655,102.0,8.0,2048.0,2048.0,128.0,256.0,0.0,7.23,9.0,114.74,1.18,0.0,0.0,0.0,94.0
2026-09-15T23:22:15.569594232Z,20420.0,3764.301,103.0,9.0,2048.0,2048.0,128.0,256.0,0.0,23.63,8.17,99.6,1.24,0.0,0.0,0.0,96.0
2026-09-15T23:22:18.310714710Z,20440.0,3767.042,104.0,9.0,2048.0,2048.0,128.0,256.0,0.0,41.78,9.55,79.45,1.48,0.0,0.0,0.0,97.0
2026-09-15T23:22:21.020778889Z,20460.0,3769.752,102.0,9.0,2048.0,2048.0,128.0,256.0,0.0,29.9,10.39,90.89,0.93,0.0,0.0,0.0,95.0
2026-09-15T23:22:23.776900106Z,20480.0,3772.508,102.0,9.0,2048.0,2048.0,128.0,256.0,0.0,27.95,10.6,93.07,0.72,0.0,0.0,0.0,94.0
2026-09-15T23:22:26.523849604Z,20500.0,3775.255,94.0,8.0,2048.0,2048.0,128.0,256.0,0.0,10.43,8.17,110.75,0.91,0.0,0.0,0.0,86.0
2026-09-15T23:22:29.297806742Z,20520.0,3778.029,93.0,9.0,2048.0,2048.0,128.0,256.0,0.0,27.35,14.55,88.28,1.29,0.0,0.0,0.0,86.0
2026-09-15T23:22:32.054228310Z,20540.0,3780.786,97.0,8.0,2048.0,2048.0,128.0,256.0,0.0,8.12,9.73,112.67,1.03,0.0,0.0,0.0,89.0
2026-09-15T23:22:34.775066378Z,20560.0,3783.506,99.0,7.0,1808.0,2048.0,128.0,256.0,1.0,7.19,7.84,114.28,0.82,0.0,0.0,0.0,92.0
2026-09-15T23:22:37.416982118Z,20580.0,3786.148,96.0,8.0,2048.0,2048.0,128.0,256.0,0.0,37.81,10.82,81.92,1.4,0.0,0.0,0.0,88.0
2026-09-15T23:22:40.156775707Z,20600.0,3788.888,97.0,8.0,2048.0,2048.0,128.0,256.0,0.0,6.84,7.94,115.62,0.39,0.0,0.0,0.0,89.0
2026-09-15T23:22:42.800045307Z,20620.0,3791.531,102.0,7.0,1808.0,2048.0,128.0,256.0,1.0,7.28,7.81,115.19,1.39,0.0,0.0,0.0,95.0
2026-09-15T23:22:45.553549345Z,20640.0,3794.285,99.0,8.0,2048.0,2048.0,128.0,256.0,0.0,14.14,10.92,104.93,0.89,0.0,0.0,0.0,91.0
2026-09-15T23:22:48.287898093Z,20660.0,3797.019,96.0,9.0,2048.0,2048.0,128.0,256.0,0.0,28.77,9.15,92.83,0.86,0.0,0.0,0.0,89.0
2026-09-15T23:22:51.058362510Z,20680.0,3799.79,98.0,8.0,2048.0,2048.0,128.0,256.0,0.0,6.37,8.53,111.61,1.84,0.0,0.0,0.0,90.0
2026-09-15T23:22:53.702130571Z,20700.0,3802.433,99.0,8.0,2048.0,2048.0,128.0,256.0,0.0,13.75,12.02,104.0,3.39,0.0,0.0,0.0,90.0
2026-09-15T23:22:56.422613469Z,20720.0,3805.154,98.0,8.0,1808.0,2048.0,128.0,256.0,1.0,28.9,10.64,89.36,0.9,0.0,0.0,0.0,92.0
2026-09-15T23:22:59.150766658Z,20740.0,3807.882,95.0,8.0,2048.0,2048.0,128.0,256.0,0.0,11.34,9.03,110.5,1.55,0.0,0.0,0.0,87.0
2026-09-15T23:23:01.909365125Z,20760.0,3810.641,93.0,8.0,2048.0,2048.0,128.0,256.0,0.0,7.49,8.62,114.4,2.17,0.0,0.0,0.0,85.0
2026-09-15T23:23:04.642284754Z,20780.0,3813.374,97.0,8.0,2048.0,2048.0,128.0,256.0,0.0,8.25,10.71,111.79,1.53,0.0,0.0,0.0,88.0
2026-09-15T23:23:07.286095804Z,20800.0,3816.017,99.0,8.0,2048.0,2048.0,128.0,256.0,0.0,7.42,9.82,114.3,1.94,0.0,0.0,0.0,90.0
2026-09-15T23:23:10.050862141Z,20820.0,3818.782,98.0,8.0,2048.0,2048.0,128.0,256.0,0.0,12.7,8.44,108.77,1.11,0.0,0.0,0.0,90.0
2026-09-15T23:23:12.915617877Z,20840.0,3821.647,95.0,9.0,2048.0,2048.0,128.0,256.0,0.0,43.76,10.67,75.32,0.79,0.0,0.0,0.0,88.0
2026-09-15T23:23:15.656120765Z,20860.0,3824.388,95.0,8.0,2048.0,2048.0,128.0,256.0,0.0,8.69,9.15,111.75,0.3,0.0,0.0,0.0,87.0
2026-09-15T23:23:18.292242745Z,20880.0,3827.024,95.0,8.0,2048.0,2048.0,128.0,256.0,0.0,6.41,8.11,115.77,0.82,0.0,0.0,0.0,87.0
2026-09-15T23:23:21.022811794Z,20900.0,3829.754,92.0,8.0,2048.0,2048.0,128.0,256.0,0.0,14.95,9.67,105.27,0.42,0.0,0.0,0.0,84.0
2026-09-15T23:23:23.754808602Z,20920.0,3832.486,92.0,8.0,2048.0,2048.0,128.0,256.0,0.0,7.38,7.92,114.06,0.81,0.0,0.0,0.0,84.0
2026-09-15T23:23:26.499728840Z,20940.0,3835.231,93.0,7.0,1805.0,2048.0,128.0,256.0,1.0,7.14,9.77,112.45,0.3,0.0,0.0,0.0,86.0
2026-09-15T23:23:29.135724561Z,20960.0,3837.867,93.0,8.0,2048.0,2048.0,128.0,256.0,0.0,15.58,9.18,104.77,1.04,0.0,0.0,0.0,85.0
2026-09-15T23:23:31.855490269Z,20980.0,3840.587,98.0,9.0,2048.0,2048.0,128.0,256.0,0.0,28.09,9.43,92.75,1.37,0.0,0.0,0.0,91.0
2026-09-15T23:23:34.495103649Z,21000.0,3843.226,93.0,3.0,828.0,2048.0,128.0,256.0,1.0,13.39,8.74,107.25,1.04,0.0,0.0,0.0,90.0
2026-09-15T23:23:37.291095286Z,21020.0,3846.022,95.0,8.0,2048.0,2048.0,128.0,256.0,0.0,7.12,10.77,112.18,0.63,0.0,0.0,0.0,87.0
2026-09-15T23:23:39.935244966Z,21040.0,3848.667,92.0,2.0,413.0,2048.0,128.0,256.0,1.0,10.67,13.42,106.91,0.31,0.0,0.0,0.0,89.0
2026-09-15T23:23:42.712811724Z,21060.0,3851.444,95.0,8.0,2048.0,2048.0,128.0,256.0,0.0,6.87,7.77,115.81,1.3,0.0,0.0,0.0,87.0
2026-09-15T23:23:45.345644434Z,21080.0,3854.077,93.0,0.0,93.0,2048.0,128.0,256.0,0.0,8.08,9.0,112.29,0.98,0.0,0.0,0.0,93.0
2026-09-15T23:23:48.159049021Z,21100.0,3856.89,94.0,8.0,2048.0,2048.0,128.0,256.0,0.0,6.56,8.3,114.44,1.82,0.0,0.0,0.0,86.0
2026-09-15T23:23:50.804138861Z,21120.0,3859.535,89.0,4.0,919.0,2048.0,128.0,256.0,1.0,6.99,8.29,116.33,1.01,0.0,0.0,0.0,86.0
2026-09-15T23:23:53.560028809Z,21140.0,3862.291,94.0,8.0,2048.0,2048.0,128.0,256.0,0.0,14.03,10.72,105.33,1.3,0.0,0.0,0.0,86.0
2026-09-15T23:23:56.199737739Z,21160.0,3864.931,89.0,0.0,88.0,2048.0,128.0,256.0,0.0,12.85,10.22,105.8,1.5,0.0,0.0,0.0,88.0
2026-09-15T23:23:58.997705476Z,21180.0,3867.729,90.0,8.0,2048.0,2048.0,128.0,256.0,0.0,9.61,7.88,112.69,1.31,0.0,0.0,0.0,82.0
2026-09-15T23:24:01.795446353Z,21200.0,3870.527,90.0,8.0,2048.0,2048.0,128.0,256.0,0.0,6.84,8.58,114.26,2.08,0.0,0.0,0.0,82.0
2026-09-15T23:24:04.559425121Z,21220.0,3873.291,81.0,9.0,2048.0,2048.0,128.0,256.0,0.0,237.04,9.5,7.71,1.07,0.0,0.0,0.0,74.0
2026-09-15T23:24:07.201100181Z,21240.0,3875.932,85.0,8.0,2048.0,2048.0,128.0,256.0,0.0,17.21,10.67,102.84,1.2,0.0,0.0,0.0,76.0
2026-09-15T23:24:10.012755787Z,21260.0,3878.744,81.0,8.0,2048.0,2048.0,128.0,256.0,0.0,11.13,12.08,104.9,1.62,0.0,0.0,0.0,73.0
2026-09-15T23:24:12.788408385Z,21280.0,3881.52,79.0,8.0,2048.0,2048.0,128.0,256.0,0.0,8.17,8.01,112.86,2.19,0.0,0.0,0.0,71.0
2026-09-15T23:24:15.519363083Z,21300.0,3884.251,79.0,8.0,2048.0,2048.0,128.0,256.0,0.0,6.05,9.47,114.84,1.04,0.0,0.0,0.0,71.0
2026-09-15T23:24:18.159851663Z,21320.0,3886.891,82.0,9.0,2048.0,2048.0,128.0,256.0,0.0,36.88,9.39,83.6,0.61,0.0,0.0,0.0,75.0
2026-09-15T23:24:20.797730184Z,21340.0,3889.529,80.0,5.0,1311.0,2048.0,128.0,256.0,1.0,6.29,8.0,114.92,1.44,0.0,0.0,0.0,75.0
2026-09-15T23:24:23.534519172Z,21360.0,3892.266,83.0,8.0,2048.0,2048.0,128.0,256.0,0.0,7.5,8.82,112.76,0.5,0.0,0.0,0.0,75.0
2026-09-15T23:24:27.863907764Z,21380.0,3896.595,85.0,8.0,2048.0,2048.0,128.0,256.0,0.0,7.21,7.55,112.54,1.0,0.0,0.0,0.0,77.0
2026-09-15T23:24:30.499985225Z,21400.0,3899.229,80.0,8.0,1992.0,2048.0,128.0,256.0,0.0,7.62,7.31,114.8,2.34,0.0,0.0,0.0,73.0
2026-09-15T23:24:33.340146551Z,21420.0,3902.072,79.0,8.0,2048.0,2048.0,128.0,256.0,0.0,7.94,9.03,112.95,1.94,0.0,0.0,0.0,71.0
2026-09-15T23:24:36.137829767Z,21440.0,3904.869,80.0,8.0,2048.0,2048.0,128.0,256.0,0.0,7.99,7.65,114.09,0.73,0.0,0.0,0.0,72.0
2026-09-15T23:24:38.773532348Z,21460.0,3907.505,79.0,8.0,2048.0,2048.0,128.0,256.0,0.0,11.39,8.5,110.06,1.25,0.0,0.0,0.0,71.0
2026-09-15T23:24:41.526341796Z,21480.0,3910.258,77.0,2.0,472.0,2048.0,128.0,256.0,1.0,6.01,15.96,107.49,0.27,0.0,0.0,0.0,76.0
2026-09-15T23:24:44.160129076Z,21500.0,3912.891,82.0,8.0,2048.0,2048.0,128.0,256.0,0.0,6.11,8.45,115.58,1.06,0.0,0.0,0.0,74.0
2026-09-15T23:24:46.781514027Z,21520.0,3915.513,79.0,0.0,79.0,2048.0,128.0,256.0,0.0,7.02,7.63,114.53,1.03,0.0,0.0,0.0,79.0
2026-09-15T23:24:49.583597573Z,21540.0,3918.315,80.0,8.0,2048.0,2048.0,128.0,256.0,0.0,11.12,10.16,107.88,0.97,0.0,0.0,0.0,71.0
2026-09-15T23:24:52.216230874Z,21560.0,3920.948,75.0,2.0,572.0,2048.0,128.0,256.0,1.0,6.3,7.74,115.8,1.21,0.0,0.0,0.0,73.0
2026-09-15T23:24:55.031744700Z,21580.0,3923.763,72.0,8.0,2048.0,2048.0,128.0,256.0,0.0,302.06,17.13,6.95,0.87,0.0,0.0,0.0,72.0
2026-09-15T23:24:57.665632310Z,21600.0,3926.397,79.0,8.0,1914.0,2048.0,128.0,256.0,0.0,5.83,9.0,114.78,0.7,0.0,0.0,0.0,72.0
2026-09-15T23:25:00.431161497Z,21620.0,3929.163,80.0,8.0,2048.0,2048.0,128.0,256.0,0.0,6.67,7.87,111.65,1.47,0.0,0.0,0.0,72.0
2026-09-15T23:25:03.076922397Z,21640.0,3931.808,77.0,8.0,2048.0,2048.0,128.0,256.0,0.0,5.89,8.62,116.35,1.54,0.0,0.0,0.0,69.0
2026-09-15T23:25:05.702348087Z,21660.0,3934.434,70.0,1.0,316.0,2048.0,128.0,256.0,1.0,21.23,9.21,96.98,1.59,0.0,0.0,0.0,69.0
2026-09-15T23:25:08.522516184Z,21680.0,3937.254,72.0,8.0,2048.0,2048.0,128.0,256.0,0.0,6.82,7.94,114.14,0.29,0.0,0.0,0.0,64.0
2026-09-15T23:25:11.146566884Z,21700.0,3939.877,67.0,1.0,314.0,2048.0,128.0,256.0,1.0,8.55,13.99,107.71,0.69,0.0,0.0,0.0,65.0
2026-09-15T23:25:13.959342850Z,21720.0,3942.691,69.0,8.0,2048.0,2048.0,128.0,256.0,0.0,8.03,10.68,111.32,1.18,0.0,0.0,0.0,60.0
2026-09-15T23:25:16.593251531Z,21740.0,3945.325,68.0,1.0,315.0,2048.0,128.0,256.0,1.0,6.12,8.49,114.75,2.22,0.0,0.0,0.0,67.0
2026-09-15T23:25:19.201640721Z,21760.0,3947.933,67.0,0.0,67.0,2048.0,128.0,256.0,0.0,7.75,8.79,112.39,1.27,0.0,0.0,0.0,67.0
2026-09-15T23:25:22.017161928Z,21780.0,3950.749,68.0,8.0,2048.0,2048.0,128.0,256.0,0.0,8.62,8.11,111.69,1.49,0.0,0.0,0.0,60.0
2026-09-15T23:25:24.805114454Z,21800.0,3953.537,62.0,6.0,1446.0,2048.0,128.0,256.0,1.0,17.32,10.35,102.3,0.27,0.0,0.0,0.0,58.0
2026-09-15T23:25:27.441624505Z,21820.0,3956.173,63.0,8.0,2048.0,2048.0,128.0,256.0,0.0,4.89,7.57,118.32,0.79,0.0,0.0,0.0,55.0
2026-09-15T23:25:30.068492935Z,21840.0,3958.8,58.0,1.0,307.0,2048.0,128.0,256.0,1.0,11.06,8.44,107.82,2.55,0.0,0.0,0.0,57.0
2026-09-15T23:25:32.843630162Z,21860.0,3961.575,62.0,8.0,2048.0,2048.0,128.0,256.0,0.0,5.65,8.91,113.96,0.53,0.0,0.0,0.0,54.0
2026-09-15T23:25:35.462074162Z,21880.0,3964.193,57.0,1.0,75.0,2048.0,128.0,256.0,1.0,5.44,7.99,114.88,2.11,0.0,0.0,0.0,57.0
2026-09-15T23:25:38.267248109Z,21900.0,3966.999,63.0,8.0,2048.0,2048.0,128.0,256.0,0.0,5.5,8.45,114.47,0.94,0.0,0.0,0.0,55.0
2026-09-15T23:25:40.898834819Z,21920.0,3969.63,58.0,3.0,706.0,2048.0,128.0,256.0,1.0,7.6,7.85,112.58,1.06,0.0,0.0,0.0,56.0
2026-09-15T23:25:43.505368740Z,21940.0,3972.237,56.0,0.0,55.0,2048.0,128.0,256.0,0.0,6.82,11.11,109.55,2.08,0.0,0.0,0.0,55.0
2026-09-15T23:25:46.313160336Z,21960.0,3975.044,61.0,8.0,2048.0,2048.0,128.0,256.0,0.0,6.64,7.98,115.93,1.41,0.0,0.0,0.0,53.0
2026-09-15T23:25:48.941452906Z,21980.0,3977.673,59.0,2.0,556.0,2048.0,128.0,256.0,1.0,5.78,7.71,116.81,0.88,0.0,0.0,0.0,57.0
2026-09-15T23:25:51.543505178Z,22000.0,3980.275,54.0,0.0,54.0,2048.0,128.0,256.0,0.0,5.53,8.64,114.28,1.8,0.0,0.0,0.0,54.0
2026-09-15T23:25:54.340074504Z,22020.0,3983.071,60.0,8.0,2048.0,2048.0,128.0,256.0,0.0,6.97,7.56,111.4,1.23,0.0,0.0,0.0,52.0
2026-09-15T23:25:56.964636404Z,22040.0,3985.696,58.0,4.0,1053.0,2048.0,128.0,256.0,1.0,6.03,9.09,113.17,1.99,0.0,0.0,0.0,54.0
2026-09-15T23:25:59.575786915Z,22060.0,3988.306,56.0,1.0,305.0,2048.0,128.0,256.0,1.0,6.09,8.97,113.2,0.37,0.0,0.0,0.0,55.0
2026-09-15T23:26:02.171746886Z,22080.0,3990.903,50.0,0.0,50.0,2048.0,64.0,256.0,0.0,11.0,8.36,106.71,0.55,0.0,0.0,0.0,50.0
2026-09-15T23:26:04.972397563Z,22100.0,3993.704,53.0,8.0,2048.0,2048.0,64.0,256.0,0.0,13.02,12.79,102.36,2.6,0.0,0.0,0.0,44.0
2026-09-15T23:26:07.587598433Z,22120.0,3996.319,48.0,4.0,1050.0,2048.0,64.0,256.0,1.0,4.85,8.55,114.45,0.79,0.0,0.0,0.0,44.0
2026-09-15T23:26:10.366657960Z,22140.0,3999.098,53.0,8.0,2048.0,2048.0,128.0,256.0,0.0,4.77,7.2,117.27,2.37,0.0,0.0,0.0,45.0
2026-09-15T23:26:12.992935051Z,22160.0,4001.724,51.0,4.0,1049.0,2048.0,64.0,256.0,1.0,9.86,8.92,109.58,2.02,0.0,0.0,0.0,47.0
2026-09-15T23:26:15.589031462Z,22180.0,4004.32,48.0,0.0,48.0,2048.0,64.0,256.0,0.0,5.03,8.09,113.58,1.81,0.0,0.0,0.0,48.0
2026-09-15T23:26:18.167993433Z,22200.0,4006.899,44.0,0.0,44.0,2048.0,64.0,256.0,0.0,5.51,7.47,114.51,0.76,0.0,0.0,0.0,44.0
2026-09-15T23:26:20.964054510Z,22220.0,4009.695,48.0,8.0,2048.0,2048.0,64.0,256.0,0.0,9.93,8.23,108.65,0.83,0.0,0.0,0.0,40.0
2026-09-15T23:26:23.576488120Z,22240.0,4012.308,46.0,8.0,2048.0,2048.0,64.0,256.0,0.0,4.59,7.88,115.99,1.98,0.0,0.0,0.0,38.0
2026-09-15T23:26:26.189152551Z,22260.0,4014.921,44.0,1.0,293.0,2048.0,64.0,256.0,1.0,4.85,8.0,115.75,1.11,0.0,0.0,0.0,43.0
2026-09-15T23:26:28.782124032Z,22280.0,4017.514,42.0,0.0,42.0,2048.0,64.0,256.0,0.0,4.65,8.02,114.89,2.06,0.0,0.0,0.0,42.0
2026-09-15T23:26:31.548913100Z,22300.0,4020.28,46.0,8.0,2048.0,2048.0,64.0,256.0,0.0,4.43,7.8,116.02,0.42,0.0,0.0,0.0,38.0
2026-09-15T23:26:34.161740600Z,22320.0,4022.893,43.0,4.0,908.0,2048.0,64.0,256.0,1.0,6.29,10.34,110.83,0.85,0.0,0.0,0.0,40.0
2026-09-15T23:26:36.747465432Z,22340.0,4025.479,41.0,0.0,41.0,2048.0,64.0,256.0,0.0,4.66,7.45,115.39,1.28,0.0,0.0,0.0,41.0
2026-09-15T23:26:39.569156528Z,22360.0,4028.3,43.0,8.0,2048.0,2048.0,64.0,256.0,0.0,4.74,7.13,117.15,0.51,0.0,0.0,0.0,35.0
2026-09-15T23:26:42.188840528Z,22380.0,4030.92,39.0,8.0,2048.0,2048.0,64.0,256.0,0.0,4.74,8.08,115.73,0.67,0.0,0.0,0.0,31.0
2026-09-15T23:26:44.803945949Z,22400.0,4033.535,36.0,1.0,286.0,2048.0,64.0,256.0,1.0,4.52,8.99,113.93,0.7,0.0,0.0,0.0,35.0
2026-09-15T23:26:47.609398305Z,22420.0,4036.341,42.0,8.0,2048.0,2048.0,64.0,256.0,0.0,4.67,7.19,116.49,1.18,0.0,0.0,0.0,34.0
2026-09-15T23:26:50.231121926Z,22440.0,4038.962,39.0,8.0,2048.0,2048.0,64.0,256.0,0.0,9.61,7.23,112.71,1.75,0.0,0.0,0.0,31.0
2026-09-15T23:26:52.846722236Z,22460.0,4041.578,37.0,1.0,286.0,2048.0,64.0,256.0,1.0,5.97,10.4,113.73,0.56,0.0,0.0,0.0,35.0
2026-09-15T23:26:55.468376377Z,22480.0,4044.2,35.0,0.0,35.0,2048.0,64.0,256.0,0.0,4.75,8.06,115.34,1.21,0.0,0.0,0.0,35.0
2026-09-15T23:26:58.058300998Z,22500.0,4046.79,35.0,0.0,35.0,2048.0,64.0,256.0,0.0,4.58,7.73,115.41,1.29,0.0,0.0,0.0,35.0
2026-09-15T23:27:00.648233549Z,22520.0,4049.38,33.0,0.0,32.0,2048.0,64.0,256.0,0.0,6.34,9.7,111.86,1.07,0.0,0.0,0.0,32.0
2026-09-15T23:27:03.442060346Z,22540.0,4052.173,38.0,8.0,2048.0,2048.0,64.0,256.0,0.0,5.06,8.96,114.33,0.87,0.0,0.0,0.0,30.0
2026-09-15T23:27:06.060983596Z,22560.0,4054.792,36.0,5.0,1295.0,2048.0,64.0,256.0,1.0,4.39,7.86,117.16,1.99,0.0,0.0,0.0,31.0
2026-09-15T23:27:08.669315117Z,22580.0,4057.401,35.0,0.0,35.0,2048.0,64.0,256.0,0.0,4.17,8.05,115.96,1.72,0.0,0.0,0.0,35.0
2026-09-15T23:27:11.259169309Z,22600.0,4059.991,34.0,0.0,34.0,2048.0,64.0,256.0,0.0,5.25,8.94,113.34,0.99,0.0,0.0,0.0,34.0
2026-09-15T23:27:13.850161590Z,22620.0,4062.582,33.0,0.0,33.0,2048.0,64.0,256.0,0.0,5.1,9.4,113.1,1.58,0.0,0.0,0.0,33.0
2026-09-15T23:27:16.441256871Z,22640.0,4065.173,32.0,0.0,32.0,2048.0,64.0,256.0,0.0,3.96,7.94,115.29,2.01,0.0,0.0,0.0,32.0
2026-09-15T23:27:19.025175442Z,22660.0,4067.757,29.0,0.0,29.0,2048.0,64.0,256.0,0.0,3.91,7.64,115.96,1.2,0.0,0.0,0.0,29.0
2026-09-15T23:27:21.814624779Z,22680.0,4070.546,24.0,0.0,24.0,2048.0,64.0,256.0,0.0,9.39,7.62,109.08,0.21,0.0,0.0,0.0,24.0
2026-09-15T23:27:24.421088140Z,22700.0,4073.152,30.0,8.0,2048.0,2048.0,64.0,256.0,0.0,5.45,9.17,114.39,1.45,0.0,0.0,0.0,22.0
2026-09-15T23:27:27.023319351Z,22720.0,4075.755,28.0,1.0,282.0,2048.0,64.0,256.0,1.0,4.33,8.29,117.86,1.63,0.0,0.0,0.0,27.0
2026-09-15T23:27:29.608016972Z,22740.0,4078.339,26.0,0.0,26.0,2048.0,64.0,256.0,0.0,3.88,8.06,114.55,0.28,0.0,0.0,0.0,26.0
2026-09-15T23:27:32.183530834Z,22760.0,4080.915,26.0,0.0,26.0,2048.0,64.0,256.0,0.0,3.74,7.73,115.33,1.46,0.0,0.0,0.0,26.0
2026-09-15T23:27:34.759896875Z,22780.0,4083.491,25.0,0.0,25.0,2048.0,64.0,256.0,0.0,4.0,7.95,115.02,1.61,0.0,0.0,0.0,25.0
2026-09-15T23:27:37.571792561Z,22800.0,4086.303,31.0,8.0,2048.0,2048.0,64.0,256.0,0.0,3.7,7.98,116.22,1.96,0.0,0.0,0.0,23.0
2026-09-15T23:27:40.177733352Z,22820.0,4088.909,28.0,8.0,2048.0,2048.0,64.0,256.0,0.0,4.87,9.38,114.18,1.25,0.0,0.0,0.0,20.0
2026-09-15T23:27:42.775290894Z,22840.0,4091.507,27.0,0.0,27.0,2048.0,64.0,256.0,0.0,4.18,7.29,115.81,1.99,0.0,0.0,0.0,27.0
2026-09-15T23:27:45.347566575Z,22860.0,4094.079,26.0,0.0,25.0,2048.0,64.0,256.0,0.0,5.4,10.73,111.45,0.98,0.0,0.0,0.0,25.0
2026-09-15T23:27:47.919813857Z,22880.0,4096.651,25.0,0.0,25.0,2048.0,64.0,256.0,0.0,4.0,13.14,110.14,1.56,0.0,0.0,0.0,25.0
2026-09-15T23:27:50.490962328Z,22900.0,4099.222,22.0,0.0,22.0,2048.0,32.0,256.0,0.0,9.83,8.01,109.16,1.05,0.0,0.0,0.0,22.0
2026-09-15T23:27:53.326090524Z,22920.0,4102.057,27.0,8.0,2048.0,2048.0,64.0,256.0,0.0,9.08,8.06,110.97,1.29,0.0,0.0,0.0,19.0
2026-09-15T23:27:55.923490085Z,22940.0,4104.655,27.0,2.0,532.0,2048.0,64.0,256.0,1.0,4.54,7.94,115.77,1.65,0.0,0.0,0.0,25.0
2026-09-15T23:27:58.512630036Z,22960.0,4107.244,24.0,0.0,24.0,2048.0,64.0,256.0,0.0,4.24,7.49,114.38,0.73,0.0,0.0,0.0,24.0
2026-09-15T23:28:01.078741808Z,22980.0,4109.81,22.0,0.0,22.0,2048.0,32.0,256.0,0.0,4.72,8.78,112.77,1.37,0.0,0.0,0.0,22.0
2026-09-15T23:28:03.863813855Z,23000.0,4112.595,29.0,8.0,2048.0,2048.0,64.0,256.0,0.0,3.93,7.57,116.92,0.62,0.0,0.0,0.0,21.0
2026-09-15T23:28:06.455071926Z,23020.0,4115.186,22.0,8.0,2048.0,2048.0,32.0,256.0,0.0,3.87,8.95,114.76,1.29,0.0,0.0,0.0,14.0
2026-09-15T23:28:09.044461298Z,23040.0,4117.776,21.0,1.0,274.0,2048.0,32.0,256.0,1.0,4.76,9.84,112.06,0.79,0.0,0.0,0.0,20.0
2026-09-15T23:28:11.604443299Z,23060.0,4120.336,19.0,0.0,19.0,2048.0,32.0,256.0,0.0,3.76,8.12,113.32,0.8,0.0,0.0,0.0,19.0
2026-09-15T23:28:14.159940801Z,23080.0,4122.891,18.0,0.0,18.0,2048.0,32.0,256.0,0.0,4.77,9.02,111.84,1.65,0.0,0.0,0.0,18.0
2026-09-15T23:28:16.714762733Z,23100.0,4125.446,16.0,0.0,16.0,2048.0,32.0,256.0,0.0,8.59,8.12,108.19,0.71,0.0,0.0,0.0,16.0
2026-09-15T23:28:19.550376149Z,23120.0,4128.282,23.0,8.0,2048.0,2048.0,32.0,256.0,0.0,3.71,9.57,113.58,1.86,0.0,0.0,0.0,15.0
2026-09-15T23:28:22.147188180Z,23140.0,4130.879,23.0,3.0,653.0,2048.0,32.0,256.0,1.0,4.42,8.62,114.28,0.68,0.0,0.0,0.0,22.0
2026-09-15T23:28:24.723399751Z,23160.0,4133.455,21.0,0.0,21.0,2048.0,32.0,256.0,0.0,9.06,8.3,108.8,0.75,0.0,0.0,0.0,21.0
2026-09-15T23:28:27.285974373Z,23180.0,4136.017,21.0,0.0,21.0,2048.0,32.0,256.0,0.0,4.06,9.33,113.18,0.58,0.0,0.0,0.0,21.0
2026-09-15T23:28:29.845742925Z,23200.0,4138.577,20.0,0.0,19.0,2048.0,32.0,256.0,0.0,6.1,10.61,108.88,0.61,0.0,0.0,0.0,19.0
2026-09-15T23:28:32.403989207Z,23220.0,4141.135,17.0,0.0,17.0,2048.0,32.0,256.0,0.0,3.91,7.06,114.79,1.8,0.0,0.0,0.0,17.0
2026-09-15T23:28:34.961237139Z,23240.0,4143.693,16.0,0.0,16.0,2048.0,32.0,256.0,0.0,5.92,8.38,112.14,0.6,0.0,0.0,0.0,16.0
2026-09-15T23:28:37.519103841Z,23260.0,4146.251,16.0,0.0,16.0,2048.0,32.0,256.0,0.0,3.62,7.9,113.99,1.58,0.0,0.0,0.0,16.0
2026-09-15T23:28:40.077120423Z,23280.0,4148.808,15.0,0.0,15.0,2048.0,32.0,256.0,0.0,3.95,7.5,114.26,0.6,0.0,0.0,0.0,15.0
2026-09-15T23:28:42.635045305Z,23300.0,4151.366,15.0,0.0,15.0,2048.0,32.0,256.0,0.0,3.5,7.25,115.93,1.45,0.0,0.0,0.0,15.0
2026-09-15T23:28:45.192951797Z,23320.0,4153.924,15.0,0.0,15.0,2048.0,32.0,256.0,0.0,3.67,7.63,114.34,0.5,0.0,0.0,0.0,15.0
2026-09-15T23:28:48.026395643Z,23340.0,4156.758,21.0,8.0,2048.0,2048.0,64.0,256.0,0.0,3.48,7.31,118.16,0.96,0.0,0.0,0.0,13.0
2026-09-15T23:28:50.627482584Z,23360.0,4159.359,20.0,6.0,1467.0,2048.0,64.0,256.0,1.0,3.48,8.26,115.69,1.79,0.0,0.0,0.0,15.0
2026-09-15T23:28:53.222719645Z,23380.0,4161.954,18.0,1.0,128.0,2048.0,32.0,256.0,1.0,3.45,7.21,117.8,1.22,0.0,0.0,0.0,18.0
2026-09-15T23:28:55.784183577Z,23400.0,4164.516,17.0,0.0,17.0,2048.0,32.0,256.0,0.0,3.86,7.37,115.18,0.32,0.0,0.0,0.0,17.0
2026-09-15T23:28:58.345609449Z,23420.0,4167.077,16.0,0.0,16.0,2048.0,32.0,256.0,0.0,4.48,9.71,112.09,0.73,0.0,0.0,0.0,16.0
2026-09-15T23:29:00.907321370Z,23440.0,4169.639,15.0,0.0,15.0,2048.0,32.0,256.0,0.0,3.72,7.75,114.52,1.23,0.0,0.0,0.0,15.0
2026-09-15T23:29:03.688481638Z,23460.0,4172.42,20.0,8.0,2048.0,2048.0,32.0,256.0,0.0,3.61,7.8,116.26,1.18,0.0,0.0,0.0,12.0
2026-09-15T23:29:06.289177628Z,23480.0,4175.021,19.0,8.0,2048.0,2048.0,32.0,256.0,0.0,3.55,7.83,117.13,0.81,0.0,0.0,0.0,11.0
2026-09-15T23:29:08.883146309Z,23500.0,4177.614,18.0,0.0,17.0,2048.0,32.0,256.0,0.0,5.3,9.69,112.77,0.76,0.0,0.0,0.0,17.0
2026-09-15T23:29:11.451739531Z,23520.0,4180.183,16.0,0.0,16.0,2048.0,32.0,256.0,0.0,7.22,7.58,110.7,0.65,0.0,0.0,0.0,16.0
2026-09-15T23:29:14.013595613Z,23540.0,4182.745,14.0,0.0,14.0,2048.0,32.0,256.0,0.0,9.41,8.09,107.43,0.59,0.0,0.0,0.0,14.0
2026-09-15T23:29:16.864082708Z,23560.0,4185.595,20.0,8.0,2048.0,2048.0,32.0,256.0,0.0,4.3,7.31,116.06,1.43,0.0,0.0,0.0,12.0
2026-09-15T23:29:19.457845390Z,23580.0,4188.189,20.0,6.0,1540.0,2048.0,32.0,256.0,1.0,3.82,8.28,114.6,1.35,0.0,0.0,0.0,14.0
2026-09-15T23:29:22.046769951Z,23600.0,4190.778,19.0,1.0,273.0,2048.0,32.0,256.0,1.0,3.95,8.46,114.21,1.02,0.0,0.0,0.0,18.0
2026-09-15T23:29:24.608443143Z,23620.0,4193.34,18.0,0.0,18.0,2048.0,32.0,256.0,0.0,3.95,7.99,113.81,1.37,0.0,0.0,0.0,18.0
2026-09-15T23:29:27.168430945Z,23640.0,4195.9,18.0,0.0,18.0,2048.0,32.0,256.0,0.0,4.25,8.0,113.9,0.93,0.0,0.0,0.0,18.0
2026-09-15T23:29:29.728281977Z,23660.0,4198.46,18.0,0.0,18.0,2048.0,32.0,256.0,0.0,3.78,8.55,114.14,0.78,0.0,0.0,0.0,18.0
2026-09-15T23:29:32.288919358Z,23680.0,4201.02,18.0,0.0,18.0,2048.0,32.0,256.0,0.0,3.25,7.76,115.06,1.58,0.0,0.0,0.0,18.0
2026-09-15T23:29:34.849341160Z,23700.0,4203.581,18.0,0.0,18.0,2048.0,32.0,256.0,0.0,3.77,7.75,114.52,1.76,0.0,0.0,0.0,18.0
2026-09-15T23:29:37.407656202Z,23720.0,4206.139,16.0,0.0,16.0,2048.0,32.0,256.0,0.0,4.71,10.54,110.96,0.6,0.0,0.0,0.0,16.0
2026-09-15T23:29:39.963947604Z,23740.0,4208.695,16.0,0.0,16.0,2048.0,32.0,256.0,0.0,3.75,7.8,115.21,0.24,0.0,0.0,0.0,16.0
2026-09-15T23:29:42.521073377Z,23760.0,4211.252,13.0,0.0,13.0,2048.0,32.0,256.0,0.0,3.87,8.42,113.4,1.25,0.0,0.0,0.0,13.0
2026-09-15T23:29:45.250966395Z,23780.0,4213.982,13.0,7.0,1796.0,2048.0,32.0,256.0,1.0,284.63,11.76,7.26,0.34,0.0,0.0,0.0,13.0
2026-09-15T23:29:47.833855326Z,23800.0,4216.565,18.0,7.0,1795.0,2048.0,32.0,256.0,1.0,4.69,8.5,114.13,1.57,0.0,0.0,0.0,11.0
2026-09-15T23:29:50.424052777Z,23820.0,4219.155,18.0,1.0,271.0,2048.0,32.0,256.0,1.0,6.3,11.98,108.31,0.87,0.0,0.0,0.0,16.0
2026-09-15T23:29:52.983150299Z,23840.0,4221.715,17.0,0.0,17.0,2048.0,32.0,256.0,0.0,4.28,9.26,112.84,0.81,0.0,0.0,0.0,17.0
2026-09-15T23:29:55.542556441Z,23860.0,4224.274,16.0,0.0,16.0,2048.0,32.0,256.0,0.0,3.74,7.62,114.92,1.34,0.0,0.0,0.0,16.0
2026-09-15T23:29:58.101776543Z,23880.0,4226.833,16.0,0.0,16.0,2048.0,32.0,256.0,0.0,3.47,8.85,113.56,0.3,0.0,0.0,0.0,16.0
2026-09-15T23:30:00.661402935Z,23900.0,4229.393,15.0,0.0,15.0,2048.0,32.0,256.0,0.0,3.92,7.53,114.94,1.71,0.0,0.0,0.0,15.0
2026-09-15T23:30:03.220853327Z,23920.0,4231.952,15.0,0.0,15.0,2048.0,32.0,256.0,0.0,3.81,7.41,115.23,1.75,0.0,0.0,0.0,15.0
2026-09-15T23:30:05.777883709Z,23940.0,4234.509,13.0,0.0,13.0,2048.0,16.0,256.0,0.0,3.89,7.07,115.72,0.69,0.0,0.0,0.0,13.0
2026-09-15T23:30:08.334771600Z,23960.0,4237.066,11.0,0.0,11.0,2048.0,16.0,256.0,0.0,3.6,7.39,115.91,0.78,0.0,0.0,0.0,11.0
2026-09-15T23:30:11.174955726Z,23980.0,4239.906,17.0,8.0,2048.0,2048.0,32.0,256.0,0.0,3.0,6.72,115.44,1.26,0.0,0.0,0.0,9.0
2026-09-15T23:30:13.762867717Z,24000.0,4242.494,15.0,8.0,2048.0,2048.0,16.0,256.0,0.0,5.82,7.6,114.01,2.18,0.0,0.0,0.0,7.0
2026-09-15T23:30:16.354535269Z,24020.0,4245.086,15.0,4.0,715.0,2048.0,16.0,256.0,1.0,3.23,7.96,116.69,0.55,0.0,0.0,0.0,13.0
2026-09-15T23:30:18.921712210Z,24040.0,4247.653,15.0,0.0,15.0,2048.0,16.0,256.0,0.0,3.29,7.61,115.48,0.84,0.0,0.0,0.0,15.0
2026-09-15T23:30:21.478587422Z,24060.0,4250.21,15.0,0.0,15.0,2048.0,16.0,256.0,0.0,3.53,7.98,114.09,1.53,0.0,0.0,0.0,15.0
2026-09-15T23:30:24.034823144Z,24080.0,4252.766,14.0,0.0,14.0,2048.0,16.0,256.0,0.0,3.72,7.43,114.97,1.14,0.0,0.0,0.0,14.0
2026-09-15T23:30:26.589502917Z,24100.0,4255.321,10.0,0.0,10.0,2048.0,16.0,256.0,0.0,5.42,7.03,113.75,0.79,0.0,0.0,0.0,10.0
2026-09-15T23:30:29.138839639Z,24120.0,4257.87,10.0,0.0,10.0,2048.0,16.0,256.0,0.0,3.2,7.64,115.94,1.57,0.0,0.0,0.0,10.0
2026-09-15T23:30:31.687119101Z,24140.0,4260.418,10.0,0.0,10.0,2048.0,16.0,256.0,0.0,3.52,8.53,114.05,0.8,0.0,0.0,0.0,10.0
2026-09-15T23:30:34.541554806Z,24160.0,4263.273,15.0,8.0,2048.0,2048.0,32.0,256.0,0.0,3.41,7.36,114.87,1.85,0.0,0.0,0.0,7.0
2026-09-15T23:30:37.124002077Z,24180.0,4265.855,15.0,8.0,2048.0,2048.0,32.0,256.0,0.0,3.39,9.19,114.89,1.62,0.0,0.0,0.0,7.0
2026-09-15T23:30:39.711142419Z,24200.0,4268.443,12.0,4.0,789.0,2048.0,16.0,256.0,1.0,5.34,7.85,114.65,1.44,0.0,0.0,0.0,9.0
2026-09-15T23:30:42.279545030Z,24220.0,4271.011,12.0,0.0,12.0,2048.0,16.0,256.0,0.0,3.52,8.02,114.54,1.36,0.0,0.0,0.0,12.0
2026-09-15T23:30:44.832921532Z,24240.0,4273.564,12.0,0.0,12.0,2048.0,16.0,256.0,0.0,3.55,7.64,114.91,0.66,0.0,0.0,0.0,12.0
2026-09-15T23:30:47.384078974Z,24260.0,4276.115,11.0,0.0,11.0,2048.0,16.0,256.0,0.0,3.13,8.08,114.98,1.69,0.0,0.0,0.0,11.0
2026-09-15T23:30:49.931317077Z,24280.0,4278.663,11.0,0.0,11.0,2048.0,16.0,256.0,0.0,3.19,7.09,115.4,0.89,0.0,0.0,0.0,11.0
2026-09-15T23:30:52.478527169Z,24300.0,4281.21,11.0,0.0,11.0,2048.0,16.0,256.0,0.0,3.66,8.02,114.08,0.72,0.0,0.0,0.0,11.0
2026-09-15T23:30:55.025792831Z,24320.0,4283.757,9.0,0.0,9.0,2048.0,16.0,256.0,0.0,8.77,9.01,107.62,0.33,0.0,0.0,0.0,9.0
2026-09-15T23:30:57.573474993Z,24340.0,4286.305,8.0,0.0,8.0,2048.0,16.0,256.0,0.0,3.57,7.84,115.0,0.69,0.0,0.0,0.0,8.0
2026-09-15T23:31:00.427711538Z,24360.0,4289.159,14.0,8.0,2048.0,2048.0,32.0,256.0,0.0,4.02,8.29,114.97,1.6,0.0,0.0,0.0,6.0
2026-09-15T23:31:03.019767710Z,24380.0,4291.751,13.0,8.0,1968.0,2048.0,32.0,256.0,0.0,3.6,7.41,116.76,1.64,0.0,0.0,0.0,6.0
2026-09-15T23:31:05.615052131Z,24400.0,4294.346,13.0,1.0,267.0,2048.0,32.0,256.0,1.0,3.56,8.37,116.73,1.14,0.0,0.0,0.0,12.0
2026-09-15T23:31:08.185658062Z,24420.0,4296.917,13.0,0.0,13.0,2048.0,32.0,256.0,0.0,3.7,8.52,113.86,1.81,0.0,0.0,0.0,13.0
2026-09-15T23:31:10.746496604Z,24440.0,4299.478,13.0,0.0,13.0,2048.0,32.0,256.0,0.0,3.89,7.29,115.1,0.99,0.0,0.0,0.0,13.0
2026-09-15T23:31:13.306814376Z,24460.0,4302.038,13.0,0.0,13.0,2048.0,32.0,256.0,0.0,4.26,8.87,113.21,0.57,0.0,0.0,0.0,13.0
2026-09-15T23:31:15.868396978Z,24480.0,4304.6,12.0,0.0,12.0,2048.0,32.0,256.0,0.0,3.52,8.24,114.08,0.58,0.0,0.0,0.0,12.0
2026-09-15T23:31:18.428727880Z,24500.0,4307.16,12.0,0.0,12.0,2048.0,32.0,256.0,0.0,3.54,8.1,114.32,1.02,0.0,0.0,0.0,12.0
2026-09-15T23:31:20.990225152Z,24520.0,4309.722,11.0,0.0,11.0,2048.0,32.0,256.0,0.0,3.49,8.57,114.41,0.94,0.0,0.0,0.0,11.0
2026-09-15T23:31:23.550801044Z,24540.0,4312.282,9.0,0.0,9.0,2048.0,16.0,256.0,0.0,4.07,8.38,113.45,1.54,0.0,0.0,0.0,9.0
2026-09-15T23:31:26.110379066Z,24560.0,4314.842,7.0,0.0,7.0,2048.0,16.0,256.0,0.0,3.28,7.37,116.21,0.88,0.0,0.0,0.0,7.0
2026-09-15T23:31:28.978670341Z,24580.0,4317.71,14.0,8.0,2048.0,2048.0,32.0,256.0,0.0,3.03,8.27,115.91,1.79,0.0,0.0,0.0,6.0
2026-09-15T23:31:31.569473152Z,24600.0,4320.301,14.0,8.0,2048.0,2048.0,32.0,256.0,0.0,3.31,7.78,117.26,1.1,0.0,0.0,0.0,6.0
2026-09-15T23:31:34.167211333Z,24620.0,4322.899,13.0,1.0,266.0,2048.0,32.0,256.0,1.0,3.31,8.1,115.79,1.69,0.0,0.0,0.0,12.0
2026-09-15T23:31:36.739384105Z,24640.0,4325.471,13.0,0.0,13.0,2048.0,32.0,256.0,0.0,3.26,7.47,116.18,0.98,0.0,0.0,0.0,13.0
2026-09-15T23:31:39.300132936Z,24660.0,4328.031,12.0,0.0,12.0,2048.0,16.0,256.0,0.0,3.81,6.98,115.3,1.57,0.0,0.0,0.0,12.0
2026-09-15T23:31:41.859969429Z,24680.0,4330.591,12.0,0.0,12.0,2048.0,16.0,256.0,0.0,3.39,8.34,114.82,0.64,0.0,0.0,0.0,12.0
2026-09-15T23:31:44.420027540Z,24700.0,4333.151,12.0,0.0,12.0,2048.0,16.0,256.0,0.0,3.31,7.35,116.16,0.94,0.0,0.0,0.0,12.0
2026-09-15T23:31:46.980184942Z,24720.0,4335.712,11.0,0.0,11.0,2048.0,16.0,256.0,0.0,3.41,7.87,114.9,1.12,0.0,0.0,0.0,11.0
2026-09-15T23:31:49.533177374Z,24740.0,4338.265,9.0,0.0,9.0,2048.0,16.0,256.0,0.0,4.45,6.91,114.13,1.66,0.0,0.0,0.0,9.0
2026-09-15T23:31:52.082598446Z,24760.0,4340.814,8.0,0.0,8.0,2048.0,16.0,256.0,0.0,3.73,8.66,113.14,0.87,0.0,0.0,0.0,8.0
2026-09-15T23:31:54.630911929Z,24780.0,4343.362,7.0,0.0,7.0,2048.0,16.0,256.0,0.0,2.97,8.14,114.21,1.5,0.0,0.0,0.0,7.0
2026-09-15T23:31:57.403741866Z,24800.0,4346.135,7.0,7.0,1794.0,2048.0,32.0,256.0,1.0,334.39,12.04,6.61,1.42,0.0,0.0,0.0,7.0
2026-09-15T23:31:59.983506977Z,24820.0,4348.715,14.0,7.0,1794.0,2048.0,32.0,256.0,1.0,3.7,8.17,115.66,1.21,0.0,0.0,0.0,7.0
2026-09-15T23:32:02.578629508Z,24840.0,4351.31,14.0,4.0,1030.0,2048.0,32.0,256.0,1.0,3.28,8.21,115.67,1.95,0.0,0.0,0.0,10.0
2026-09-15T23:32:05.148047660Z,24860.0,4353.879,13.0,0.0,13.0,2048.0,32.0,256.0,0.0,3.53,7.58,114.21,1.24,0.0,0.0,0.0,13.0
2026-09-15T23:32:07.707901302Z,24880.0,4356.439,13.0,0.0,13.0,2048.0,32.0,256.0,0.0,3.54,8.3,114.69,0.32,0.0,0.0,0.0,13.0
2026-09-15T23:32:10.264526774Z,24900.0,4358.996,10.0,0.0,10.0,2048.0,16.0,256.0,0.0,5.11,9.79,111.18,1.53,0.0,0.0,0.0,10.0
2026-09-15T23:32:12.816051096Z,24920.0,4361.547,9.0,0.0,9.0,2048.0,16.0,256.0,0.0,3.47,8.43,113.16,1.56,0.0,0.0,0.0,9.0
2026-09-15T23:32:15.368289158Z,24940.0,4364.1,8.0,0.0,7.0,2048.0,16.0,256.0,0.0,4.39,9.51,112.57,0.96,0.0,0.0,0.0,7.0
2026-09-15T23:32:17.920090130Z,24960.0,4366.652,7.0,0.0,7.0,2048.0,16.0,256.0,0.0,3.81,8.65,113.16,1.7,0.0,0.0,0.0,7.0
2026-09-15T23:32:20.472067902Z,24980.0,4369.203,7.0,0.0,7.0,2048.0,16.0,256.0,0.0,2.91,7.33,115.79,0.75,0.0,0.0,0.0,7.0
2026-09-15T23:32:23.023418484Z,25000.0,4371.755,7.0,0.0,7.0,2048.0,16.0,256.0,0.0,4.0,8.16,114.09,1.01,0.0,0.0,0.0,7.0
2026-09-15T23:32:25.575723166Z,25020.0,4374.307,5.0,0.0,5.0,2048.0,16.0,256.0,0.0,2.94,7.79,115.26,1.51,0.0,0.0,0.0,5.0
2026-09-15T23:32:28.416397042Z,25040.0,4377.148,12.0,8.0,2048.0,2048.0,16.0,256.0,0.0,3.05,7.34,116.79,1.51,0.0,0.0,0.0,4.0
2026-09-15T23:32:30.999938163Z,25060.0,4379.731,11.0,8.0,2048.0,2048.0,16.0,256.0,0.0,3.22,8.51,115.75,0.61,0.0,0.0,0.0,3.0
2026-09-15T23:32:33.582667285Z,25080.0,4382.314,11.0,2.0,520.0,2048.0,16.0,256.0,1.0,3.12,7.15,116.72,1.54,0.0,0.0,0.0,9.0
2026-09-15T23:32:36.136654367Z,25100.0,4384.868,11.0,0.0,11.0,2048.0,16.0,256.0,0.0,3.71,8.88,113.23,1.39,0.0,0.0,0.0,11.0
2026-09-15T23:32:38.687468249Z,25120.0,4387.419,11.0,0.0,11.0,2048.0,16.0,256.0,0.0,3.13,7.81,114.7,1.5,0.0,0.0,0.0,11.0
2026-09-15T23:32:41.238433751Z,25140.0,4389.97,11.0,0.0,11.0,2048.0,16.0,256.0,0.0,3.13,8.18,113.92,1.08,0.0,0.0,0.0,11.0
2026-09-15T23:32:43.790715413Z,25160.0,4392.522,11.0,0.0,11.0,2048.0,16.0,256.0,0.0,3.21,7.54,115.59,1.21,0.0,0.0,0.0,11.0
2026-09-15T23:32:46.340929645Z,25180.0,4395.072,9.0,0.0,9.0,2048.0,16.0,256.0,0.0,3.91,7.7,114.02,0.54,0.0,0.0,0.0,9.0
2026-09-15T23:32:48.891633448Z,25200.0,4397.623,8.0,0.0,8.0,2048.0,16.0,256.0,0.0,3.37,8.52,114.07,0.82,0.0,0.0,0.0,8.0
2026-09-15T23:32:51.442996360Z,25220.0,4400.174,8.0,0.0,8.0,2048.0,16.0,256.0,0.0,3.27,7.28,115.47,0.52,0.0,0.0,0.0,8.0
2026-09-15T23:32:53.993690562Z,25240.0,4402.725,8.0,0.0,8.0,2048.0,16.0,256.0,0.0,3.49,7.77,113.87,1.06,0.0,0.0,0.0,8.0
2026-09-15T23:32:56.544674914Z,25260.0,4405.276,7.0,0.0,7.0,2048.0,16.0,256.0,0.0,3.15,8.21,114.63,0.49,0.0,0.0,0.0,7.0
2026-09-15T23:32:59.378542010Z,25280.0,4408.11,12.0,5.0,1284.0,2048.0,16.0,256.0,1.0,3.09,7.14,116.21,1.61,0.0,0.0,0.0,7.0
2026-09-15T23:33:01.945467801Z,25300.0,4410.677,10.0,5.0,1284.0,2048.0,16.0,256.0,1.0,3.35,8.16,115.73,0.92,0.0,0.0,0.0,5.0
2026-09-15T23:33:04.515798403Z,25320.0,4413.247,10.0,0.0,10.0,2048.0,16.0,256.0,0.0,3.4,8.88,113.53,0.81,0.0,0.0,0.0,10.0
2026-09-15T23:33:07.067395545Z,25340.0,4415.799,10.0,0.0,10.0,2048.0,16.0,256.0,0.0,3.3,7.24,114.63,0.62,0.0,0.0,0.0,10.0
2026-09-15T23:33:09.618050507Z,25360.0,4418.349,10.0,0.0,10.0,2048.0,16.0,256.0,0.0,3.1,7.49,114.58,0.57,0.0,0.0,0.0,10.0
2026-09-15T23:33:12.167823039Z,25380.0,4420.899,9.0,0.0,9.0,2048.0,16.0,256.0,0.0,3.11,8.22,113.65,1.84,0.0,0.0,0.0,9.0
2026-09-15T23:33:14.716011231Z,25400.0,4423.447,8.0,0.0,8.0,2048.0,16.0,256.0,0.0,4.7,7.84,113.13,1.96,0.0,0.0,0.0,8.0
2026-09-15T23:33:17.263765384Z,25420.0,4425.995,8.0,0.0,8.0,2048.0,16.0,256.0,0.0,3.13,8.25,113.68,0.72,0.0,0.0,0.0,8.0
2026-09-15T23:33:19.810170646Z,25440.0,4428.542,7.0,0.0,7.0,2048.0,16.0,256.0,0.0,3.43,9.02,112.57,1.39,0.0,0.0,0.0,7.0
2026-09-15T23:33:22.354844138Z,25460.0,4431.086,7.0,0.0,7.0,2048.0,16.0,256.0,0.0,3.72,8.81,112.64,0.98,0.0,0.0,0.0,7.0
2026-09-15T23:33:24.898526051Z,25480.0,4433.63,6.0,0.0,5.0,2048.0,16.0,256.0,0.0,5.34,20.13,100.26,1.32,0.0,0.0,0.0,5.0
2026-09-15T23:33:27.704855337Z,25500.0,4436.436,12.0,7.0,1794.0,2048.0,16.0,256.0,1.0,3.27,9.42,113.75,1.34,0.0,0.0,0.0,5.0
2026-09-15T23:33:30.274664629Z,25520.0,4439.006,12.0,7.0,1794.0,2048.0,16.0,256.0,1.0,4.47,9.38,112.62,0.64,0.0,0.0,0.0,5.0
2026-09-15T23:33:32.858999650Z,25540.0,4441.59,11.0,3.0,774.0,2048.0,16.0,256.0,1.0,7.83,8.48,110.65,0.39,0.0,0.0,0.0,8.0
2026-09-15T23:33:35.419264042Z,25560.0,4444.151,11.0,0.0,11.0,2048.0,16.0,256.0,0.0,3.32,7.21,115.27,0.91,0.0,0.0,0.0,11.0
2026-09-15T23:33:37.968821334Z,25580.0,4446.7,11.0,0.0,11.0,2048.0,16.0,256.0,0.0,3.54,7.74,113.93,1.86,0.0,0.0,0.0,11.0
2026-09-15T23:33:40.517964086Z,25600.0,4449.249,11.0,0.0,11.0,2048.0,16.0,256.0,0.0,3.5,7.46,114.92,1.36,0.0,0.0,0.0,11.0
2026-09-15T23:33:43.066586398Z,25620.0,4451.798,11.0,0.0,11.0,2048.0,16.0,256.0,0.0,3.7,7.79,113.96,0.77,0.0,0.0,0.0,11.0
2026-09-15T23:33:45.617232370Z,25640.0,4454.349,11.0,1.0,266.0,2048.0,16.0,256.0,1.0,4.22,7.91,113.6,1.03,0.0,0.0,0.0,10.0
2026-09-15T23:33:48.169438252Z,25660.0,4456.901,9.0,1.0,264.0,2048.0,16.0,256.0,1.0,4.07,7.72,114.58,2.03,0.0,0.0,0.0,8.0
2026-09-15T23:33:50.726990385Z,25680.0,4459.458,8.0,1.0,263.0,2048.0,16.0,256.0,1.0,3.68,7.7,114.42,1.83,0.0,0.0,0.0,7.0
2026-09-15T23:33:53.280883967Z,25700.0,4462.012,8.0,0.0,8.0,2048.0,16.0,256.0,0.0,2.93,7.54,115.37,1.89,0.0,0.0,0.0,8.0
2026-09-15T23:33:55.827072739Z,25720.0,4464.558,8.0,0.0,8.0,2048.0,16.0,256.0,0.0,3.12,7.47,114.94,0.77,0.0,0.0,0.0,8.0
2026-09-15T23:33:58.373140051Z,25740.0,4467.105,8.0,0.0,8.0,2048.0,16.0,256.0,0.0,3.24,7.19,114.82,1.86,0.0,0.0,0.0,8.0
2026-09-15T23:34:00.919398333Z,25760.0,4469.651,8.0,0.0,8.0,2048.0,16.0,256.0,0.0,3.41,7.59,113.62,0.86,0.0,0.0,0.0,8.0
2026-09-15T23:34:03.465605976Z,25780.0,4472.197,7.0,0.0,7.0,2048.0,16.0,256.0,0.0,3.92,6.9,115.11,0.84,0.0,0.0,0.0,7.0
2026-09-15T23:34:06.012613778Z,25800.0,4474.744,6.0,0.0,6.0,2048.0,16.0,256.0,0.0,3.65,8.75,111.9,0.81,0.0,0.0,0.0,6.0
2026-09-15T23:34:08.558511720Z,25820.0,4477.29,6.0,0.0,6.0,2048.0,16.0,256.0,0.0,3.14,8.36,114.34,1.24,0.0,0.0,0.0,6.0
2026-09-15T23:34:11.104967562Z,25840.0,4479.836,6.0,0.0,6.0,2048.0,16.0,256.0,0.0,2.97,7.16,115.06,0.89,0.0,0.0,0.0,6.0
2026-09-15T23:34:13.651486174Z,25860.0,4482.383,6.0,0.0,6.0,2048.0,16.0,256.0,0.0,3.21,8.02,114.2,0.98,0.0,0.0,0.0,6.0
2026-09-15T23:34:16.399924862Z,25880.0,4485.131,10.0,7.0,1793.0,2048.0,16.0,256.0,1.0,3.13,7.9,116.01,1.11,0.0,0.0,0.0,3.0
2026-09-15T23:34:18.976432633Z,25900.0,4487.708,10.0,7.0,1793.0,2048.0,16.0,256.0,1.0,3.4,7.15,116.82,0.35,0.0,0.0,0.0,3.0
2026-09-15T23:34:21.557511595Z,25920.0,4490.289,10.0,2.0,520.0,2048.0,16.0,256.0,1.0,3.59,8.26,115.11,1.64,0.0,0.0,0.0,8.0
2026-09-15T23:34:24.118862477Z,25940.0,4492.85,9.0,0.0,9.0,2048.0,16.0,256.0,0.0,4.63,7.61,112.74,0.61,0.0,0.0,0.0,9.0
2026-09-15T23:34:26.668996189Z,25960.0,4495.4,9.0,0.0,9.0,2048.0,16.0,256.0,0.0,3.26,7.69,115.95,1.48,0.0,0.0,0.0,9.0
2026-09-15T23:34:29.218613831Z,25980.0,4497.95,9.0,0.0,9.0,2048.0,16.0,256.0,0.0,4.0,8.28,113.03,0.72,0.0,0.0,0.0,9.0
2026-09-15T23:34:31.768821313Z,26000.0,4500.5,9.0,0.0,9.0,2048.0,16.0,256.0,0.0,3.28,7.58,114.29,0.75,0.0,0.0,0.0,9.0
2026-09-15T23:34:34.318709245Z,26020.0,4503.05,9.0,0.0,9.0,2048.0,16.0,256.0,0.0,3.48,6.62,115.8,0.94,0.0,0.0,0.0,9.0
2026-09-15T23:34:36.868499127Z,26040.0,4505.6,9.0,0.0,9.0,2048.0,16.0,256.0,0.0,3.29,7.81,114.66,0.83,0.0,0.0,0.0,9.0
2026-09-15T23:34:39.418322000Z,26060.0,4508.15,9.0,0.0,9.0,2048.0,16.0,256.0,0.0,3.5,8.56,114.72,0.62,0.0,0.0,0.0,9.0
2026-09-15T23:34:41.968578952Z,26080.0,4510.699,8.0,0.0,8.0,2048.0,16.0,256.0,0.0,3.24,8.85,113.55,1.38,0.0,0.0,0.0,8.0
2026-09-15T23:34:44.517674294Z,26100.0,4513.249,8.0,0.0,8.0,2048.0,16.0,256.0,0.0,3.98,7.94,113.96,0.63,0.0,0.0,0.0,8.0
2026-09-15T23:34:47.158107544Z,26120.0,4515.89,10.0,3.0,773.0,2048.0,16.0,256.0,1.0,3.42,7.86,115.23,1.37,0.0,0.0,0.0,7.0
2026-09-15T23:34:49.723759336Z,26140.0,4518.455,10.0,3.0,773.0,2048.0,16.0,256.0,1.0,3.62,8.38,114.59,0.7,0.0,0.0,0.0,7.0
2026-09-15T23:34:52.300868697Z,26160.0,4521.032,10.0,0.0,10.0,2048.0,16.0,256.0,0.0,3.36,8.16,114.54,0.78,0.0,0.0,0.0,10.0
2026-09-15T23:34:54.852046890Z,26180.0,4523.583,10.0,0.0,9.0,2048.0,16.0,256.0,0.0,5.42,9.49,110.55,1.67,0.0,0.0,0.0,9.0
2026-09-15T23:34:57.402787342Z,26200.0,4526.134,9.0,0.0,9.0,2048.0,16.0,256.0,0.0,3.23,7.96,114.49,1.14,0.0,0.0,0.0,9.0
2026-09-15T23:34:59.953568844Z,26220.0,4528.685,9.0,0.0,9.0,2048.0,16.0,256.0,0.0,3.47,7.27,115.45,1.33,0.0,0.0,0.0,9.0
2026-09-15T23:35:02.504109626Z,26240.0,4531.235,8.0,1.0,264.0,2048.0,16.0,256.0,1.0,110.4,8.15,6.79,0.93,0.0,0.0,0.0,8.0
2026-09-15T23:35:05.058960468Z,26260.0,4533.79,9.0,1.0,264.0,2048.0,16.0,256.0,1.0,3.1,7.29,115.61,0.77,0.0,0.0,0.0,8.0
2026-09-15T23:35:07.628821409Z,26280.0,4536.36,9.0,1.0,264.0,2048.0,16.0,256.0,1.0,3.44,7.97,115.52,1.64,0.0,0.0,0.0,8.0
2026-09-15T23:35:10.207852531Z,26300.0,4538.939,9.0,1.0,264.0,2048.0,16.0,256.0,1.0,3.53,7.26,114.68,0.98,0.0,0.0,0.0,8.0
2026-09-15T23:35:12.762125683Z,26320.0,4541.494,9.0,1.0,264.0,2048.0,16.0,256.0,1.0,3.43,7.78,114.13,1.26,0.0,0.0,0.0,8.0
2026-09-15T23:35:15.319817335Z,26340.0,4544.051,9.0,1.0,264.0,2048.0,16.0,256.0,1.0,3.65,7.89,115.59,1.91,0.0,0.0,0.0,8.0
2026-09-15T23:35:17.875274037Z,26360.0,4546.607,9.0,0.0,9.0,2048.0,16.0,256.0,0.0,3.4,7.46,114.92,1.15,0.0,0.0,0.0,9.0
2026-09-15T23:35:20.426596729Z,26380.0,4549.158,8.0,0.0,8.0,2048.0,8.0,256.0,0.0,3.43,8.2,114.74,0.64,0.0,0.0,0.0,8.0
2026-09-15T23:35:22.978112971Z,26400.0,4551.709,8.0,0.0,8.0,2048.0,8.0,256.0,0.0,3.25,7.79,114.77,1.07,0.0,0.0,0.0,8.0
2026-09-15T23:35:25.530548863Z,26420.0,4554.262,8.0,1.0,263.0,2048.0,8.0,256.0,1.0,3.4,7.76,114.44,0.94,0.0,0.0,0.0,7.0
2026-09-15T23:35:28.085045755Z,26440.0,4556.816,7.0,1.0,262.0,2048.0,8.0,256.0,1.0,3.07,8.03,115.67,1.02,0.0,0.0,0.0,6.0
2026-09-15T23:35:30.649617107Z,26460.0,4559.381,7.0,1.0,262.0,2048.0,8.0,256.0,1.0,3.17,7.48,115.89,1.82,0.0,0.0,0.0,6.0
2026-09-15T23:35:33.204811469Z,26480.0,4561.936,7.0,0.0,7.0,2048.0,8.0,256.0,0.0,3.08,8.03,113.76,1.46,0.0,0.0,0.0,7.0
2026-09-15T23:35:35.755402151Z,26500.0,4564.487,7.0,0.0,7.0,2048.0,8.0,256.0,0.0,3.76,8.73,112.58,1.61,0.0,0.0,0.0,7.0
2026-09-15T23:35:38.305249344Z,26520.0,4567.037,7.0,0.0,7.0,2048.0,8.0,256.0,0.0,3.09,8.68,114.26,0.51,0.0,0.0,0.0,7.0
2026-09-15T23:35:40.855866696Z,26540.0,4569.587,6.0,0.0,6.0,2048.0,8.0,256.0,0.0,3.17,7.48,115.58,0.52,0.0,0.0,0.0,6.0
2026-09-15T23:35:43.405899268Z,26560.0,4572.137,6.0,0.0,6.0,2048.0,8.0,256.0,0.0,3.31,7.75,115.04,1.62,0.0,0.0,0.0,6.0
2026-09-15T23:35:45.957309030Z,26580.0,4574.689,6.0,1.0,261.0,2048.0,8.0,256.0,1.0,3.21,7.13,115.78,0.52,0.0,0.0,0.0,5.0
2026-09-15T23:35:48.511073312Z,26600.0,4577.242,6.0,1.0,261.0,2048.0,8.0,256.0,1.0,3.19,7.59,114.28,1.72,0.0,0.0,0.0,5.0
2026-09-15T23:35:51.069312884Z,26620.0,4579.801,6.0,1.0,261.0,2048.0,8.0,256.0,1.0,3.06,8.03,115.67,0.48,0.0,0.0,0.0,5.0
2026-09-15T23:35:53.623527026Z,26640.0,4582.355,6.0,0.0,6.0,2048.0,8.0,256.0,0.0,3.07,7.72,115.53,1.09,0.0,0.0,0.0,6.0
2026-09-15T23:35:56.175080538Z,26660.0,4584.906,6.0,0.0,6.0,2048.0,8.0,256.0,0.0,3.09,8.25,114.84,1.4,0.0,0.0,0.0,6.0
2026-09-15T23:35:58.725882850Z,26680.0,4587.457,6.0,1.0,261.0,2048.0,8.0,256.0,1.0,3.09,8.69,114.65,1.36,0.0,0.0,0.0,5.0
2026-09-15T23:36:01.281675222Z,26700.0,4590.013,6.0,2.0,516.0,2048.0,8.0,256.0,1.0,3.14,7.75,114.89,1.14,0.0,0.0,0.0,4.0
2026-09-15T23:36:03.842998244Z,26720.0,4592.574,6.0,2.0,516.0,2048.0,8.0,256.0,1.0,3.02,7.19,116.79,1.19,0.0,0.0,0.0,4.0
2026-09-15T23:36:06.406141596Z,26740.0,4595.138,6.0,1.0,261.0,2048.0,8.0,256.0,1.0,3.09,7.5,115.37,0.34,0.0,0.0,0.0,5.0
2026-09-15T23:36:08.961520678Z,26760.0,4597.693,6.0,1.0,257.0,2048.0,8.0,256.0,1.0,3.12,7.49,116.43,1.23,0.0,0.0,0.0,6.0
2026-09-15T23:36:11.512443830Z,26780.0,4600.244,6.0,0.0,6.0,2048.0,8.0,256.0,0.0,3.94,7.75,114.39,0.33,0.0,0.0,0.0,6.0
2026-09-15T23:36:14.064448312Z,26800.0,4602.796,6.0,0.0,6.0,2048.0,8.0,256.0,0.0,3.45,7.54,114.14,0.59,0.0,0.0,0.0,6.0
2026-09-15T23:36:16.615565884Z,26820.0,4605.347,6.0,0.0,6.0,2048.0,8.0,256.0,0.0,3.24,7.81,114.98,0.6,0.0,0.0,0.0,6.0
2026-09-15T23:36:19.167087326Z,26840.0,4607.898,5.0,0.0,5.0,2048.0,8.0,256.0,0.0,3.09,7.03,115.57,1.45,0.0,0.0,0.0,5.0
2026-09-15T23:36:21.721313958Z,26860.0,4610.453,5.0,0.0,5.0,2048.0,8.0,256.0,0.0,3.02,11.22,111.12,3.36,0.0,0.0,0.0,5.0
2026-09-15T23:36:24.272369490Z,26880.0,4613.004,5.0,1.0,260.0,2048.0,8.0,256.0,1.0,3.01,7.4,115.21,2.14,0.0,0.0,0.0,4.0
2026-09-15T23:36:26.828169023Z,26900.0,4615.559,5.0,1.0,260.0,2048.0,8.0,256.0,1.0,3.31,7.25,115.62,1.39,0.0,0.0,0.0,4.0
2026-09-15T23:36:29.383523494Z,26920.0,4618.115,5.0,0.0,5.0,2048.0,8.0,256.0,0.0,2.79,6.77,115.51,1.29,0.0,0.0,0.0,5.0
2026-09-15T23:36:31.935618456Z,26940.0,4620.667,5.0,0.0,5.0,2048.0,8.0,256.0,0.0,3.14,7.5,116.12,0.94,0.0,0.0,0.0,5.0
2026-09-15T23:36:34.487919079Z,26960.0,4623.219,5.0,1.0,260.0,2048.0,8.0,256.0,1.0,3.0,7.24,116.1,0.88,0.0,0.0,0.0,4.0
2026-09-15T23:36:37.042121611Z,26980.0,4625.773,5.0,1.0,260.0,2048.0,8.0,256.0,1.0,3.09,7.87,114.8,0.71,0.0,0.0,0.0,4.0
2026-09-15T23:36:39.602684913Z,27000.0,4628.334,5.0,1.0,260.0,2048.0,8.0,256.0,1.0,3.1,7.71,116.09,1.75,0.0,0.0,0.0,4.0
2026-09-15T23:36:42.163883024Z,27020.0,4630.895,4.0,0.0,4.0,2048.0,8.0,256.0,0.0,2.76,6.85,116.09,0.18,0.0,0.0,0.0,4.0
2026-09-15T23:36:44.706402127Z,27040.0,4633.438,5.0,1.0,260.0,2048.0,8.0,256.0,1.0,3.69,8.43,113.27,1.25,0.0,0.0,0.0,4.0
2026-09-15T23:36:47.267566239Z,27060.0,4635.999,4.0,2.0,515.0,2048.0,8.0,256.0,1.0,87.15,8.94,30.1,1.34,0.0,0.0,0.0,3.0
2026-09-15T23:36:49.849432290Z,27080.0,4638.581,5.0,3.0,770.0,2048.0,8.0,256.0,1.0,3.0,7.49,117.04,0.66,0.0,0.0,0.0,2.0
2026-09-15T23:36:52.414334572Z,27100.0,4641.146,5.0,2.0,515.0,2048.0,8.0,256.0,1.0,3.01,7.32,116.9,1.02,0.0,0.0,0.0,3.0
2026-09-15T23:36:54.977177064Z,27120.0,4643.709,5.0,1.0,260.0,2048.0,8.0,256.0,1.0,3.15,7.11,115.89,0.52,0.0,0.0,0.0,4.0
2026-09-15T23:36:57.526916196Z,27140.0,4646.258,5.0,0.0,5.0,2048.0,8.0,256.0,0.0,2.9,7.99,114.41,1.69,0.0,0.0,0.0,5.0
2026-09-15T23:37:00.072691178Z,27160.0,4648.804,5.0,0.0,5.0,2048.0,8.0,256.0,0.0,3.2,8.05,114.74,0.7,0.0,0.0,0.0,5.0
2026-09-15T23:37:02.618424960Z,27180.0,4651.35,5.0,0.0,5.0,2048.0,8.0,256.0,0.0,2.81,7.82,115.45,0.8,0.0,0.0,0.0,5.0
2026-09-15T23:37:05.164077943Z,27200.0,4653.895,5.0,0.0,5.0,2048.0,8.0,256.0,0.0,3.26,7.71,114.66,0.83,0.0,0.0,0.0,5.0
2026-09-15T23:37:07.710181925Z,27220.0,4656.442,5.0,0.0,5.0,2048.0,8.0,256.0,0.0,2.83,8.34,114.22,1.02,0.0,0.0,0.0,5.0
2026-09-15T23:37:10.256620877Z,27240.0,4658.988,5.0,0.0,5.0,2048.0,8.0,256.0,0.0,3.56,8.53,113.51,0.64,0.0,0.0,0.0,5.0
2026-09-15T23:37:12.802018429Z,27260.0,4661.533,5.0,0.0,5.0,2048.0,8.0,256.0,0.0,3.0,7.46,113.96,1.77,0.0,0.0,0.0,5.0
2026-09-15T23:37:15.347662471Z,27280.0,4664.079,5.0,0.0,5.0,2048.0,8.0,256.0,0.0,2.94,7.11,116.0,0.89,0.0,0.0,0.0,5.0
2026-09-15T23:37:17.893300354Z,27300.0,4666.625,5.0,0.0,5.0,2048.0,8.0,256.0,0.0,3.35,7.88,113.31,0.63,0.0,0.0,0.0,5.0
2026-09-15T23:37:20.439233476Z,27320.0,4669.171,5.0,0.0,5.0,2048.0,8.0,256.0,0.0,3.27,7.84,114.34,1.42,0.0,0.0,0.0,5.0
2026-09-15T23:37:22.985038338Z,27340.0,4671.716,5.0,0.0,5.0,2048.0,8.0,256.0,0.0,3.57,8.62,113.67,0.86,0.0,0.0,0.0,5.0
2026-09-15T23:37:25.531144300Z,27360.0,4674.263,5.0,0.0,5.0,2048.0,8.0,256.0,0.0,3.19,8.82,112.42,0.88,0.0,0.0,0.0,5.0
2026-09-15T23:37:28.076787813Z,27380.0,4676.808,5.0,0.0,5.0,2048.0,8.0,256.0,0.0,2.93,7.49,114.67,0.38,0.0,0.0,0.0,5.0
2026-09-15T23:37:30.622744085Z,27400.0,4679.354,4.0,0.0,4.0,2048.0,8.0,256.0,0.0,3.26,8.96,112.93,0.98,0.0,0.0,0.0,4.0
2026-09-15T23:37:33.168943387Z,27420.0,4681.9,4.0,0.0,4.0,2048.0,8.0,256.0,0.0,2.64,6.89,116.0,1.79,0.0,0.0,0.0,4.0
2026-09-15T23:37:35.714904669Z,27440.0,4684.446,4.0,0.0,4.0,2048.0,8.0,256.0,0.0,2.61,7.72,114.56,1.46,0.0,0.0,0.0,4.0
2026-09-15T23:37:38.260775172Z,27460.0,4686.992,4.0,0.0,4.0,2048.0,8.0,256.0,0.0,3.18,10.3,111.21,0.69,0.0,0.0,0.0,4.0
2026-09-15T23:37:40.807517324Z,27480.0,4689.539,4.0,0.0,4.0,2048.0,8.0,256.0,0.0,3.03,8.69,114.06,1.97,0.0,0.0,0.0,4.0
2026-09-15T23:37:43.351155916Z,27500.0,4692.083,3.0,0.0,3.0,2048.0,8.0,256.0,0.0,2.56,7.12,115.91,1.63,0.0,0.0,0.0,3.0
2026-09-15T23:37:45.890948828Z,27520.0,4694.622,3.0,0.0,3.0,2048.0,8.0,256.0,0.0,3.15,7.54,114.66,1.09,0.0,0.0,0.0,3.0
2026-09-15T23:37:48.430605541Z,27540.0,4697.162,3.0,0.0,3.0,2048.0,8.0,256.0,0.0,2.89,7.31,115.44,1.25,0.0,0.0,0.0,3.0
2026-09-15T23:37:50.970686793Z,27560.0,4699.702,3.0,0.0,3.0,2048.0,8.0,256.0,0.0,2.54,7.63,115.57,1.02,0.0,0.0,0.0,3.0
2026-09-15T23:37:53.511788616Z,27580.0,4702.243,3.0,1.0,258.0,2048.0,8.0,256.0,1.0,2.82,6.71,115.91,2.19,0.0,0.0,0.0,2.0
2026-09-15T23:37:56.055366128Z,27600.0,4704.787,3.0,1.0,258.0,2048.0,8.0,256.0,1.0,2.86,7.89,115.31,0.84,0.0,0.0,0.0,2.0
2026-09-15T23:37:58.611675000Z,27620.0,4707.343,3.0,0.0,3.0,2048.0,8.0,256.0,0.0,2.77,6.85,116.36,0.85,0.0,0.0,0.0,3.0
2026-09-15T23:38:01.151488472Z,27640.0,4709.883,3.0,0.0,3.0,2048.0,8.0,256.0,0.0,2.57,6.92,115.88,0.34,0.0,0.0,0.0,3.0
2026-09-15T23:38:03.691714394Z,27660.0,4712.423,2.0,0.0,2.0,2048.0,8.0,256.0,0.0,2.38,6.81,116.19,2.41,0.0,0.0,0.0,2.0
2026-09-15T23:38:06.231135317Z,27680.0,4714.963,2.0,0.0,2.0,2048.0,8.0,256.0,0.0,3.26,8.43,113.85,0.61,0.0,0.0,0.0,2.0
2026-09-15T23:38:08.770127529Z,27700.0,4717.502,2.0,0.0,2.0,2048.0,8.0,256.0,0.0,2.57,7.53,115.44,1.37,0.0,0.0,0.0,2.0
2026-09-15T23:38:11.309914402Z,27720.0,4720.041,2.0,0.0,2.0,2048.0,8.0,256.0,0.0,2.72,7.14,115.4,1.53,0.0,0.0,0.0,2.0
2026-09-15T23:38:13.849597944Z,27740.0,4722.581,2.0,0.0,2.0,2048.0,8.0,256.0,0.0,2.6,6.86,115.44,1.79,0.0,0.0,0.0,2.0
2026-09-15T23:38:16.388744716Z,27760.0,4725.12,2.0,0.0,2.0,2048.0,8.0,256.0,0.0,2.84,7.78,114.15,0.69,0.0,0.0,0.0,2.0
2026-09-15T23:38:18.928428239Z,27780.0,4727.66,2.0,0.0,2.0,2048.0,8.0,256.0,0.0,2.58,7.03,115.01,1.06,0.0,0.0,0.0,2.0
2026-09-15T23:38:21.468060681Z,27800.0,4730.199,2.0,0.0,2.0,2048.0,8.0,256.0,0.0,2.51,7.08,115.35,2.09,0.0,0.0,0.0,2.0
2026-09-15T23:38:24.006808733Z,27820.0,4732.738,2.0,0.0,2.0,2048.0,8.0,256.0,0.0,2.61,7.4,115.58,0.93,0.0,0.0,0.0,2.0
2026-09-15T23:38:26.546387036Z,27840.0,4735.278,2.0,0.0,2.0,2048.0,8.0,256.0,0.0,2.46,7.75,114.65,0.64,0.0,0.0,0.0,2.0
2026-09-15T23:38:29.085725558Z,27860.0,4737.817,2.0,0.0,2.0,2048.0,8.0,256.0,0.0,2.35,8.15,114.41,1.17,0.0,0.0,0.0,2.0
2026-09-15T23:38:31.625287601Z,27880.0,4740.357,2.0,0.0,2.0,2048.0,8.0,256.0,0.0,3.14,8.3,113.53,1.62,0.0,0.0,0.0,2.0
2026-09-15T23:38:34.164691093Z,27900.0,4742.896,2.0,0.0,2.0,2048.0,8.0,256.0,0.0,2.82,7.25,115.06,0.97,0.0,0.0,0.0,2.0
2026-09-15T23:38:36.703546445Z,27920.0,4745.435,2.0,0.0,2.0,2048.0,8.0,256.0,0.0,2.56,7.25,115.49,0.48,0.0,0.0,0.0,2.0
2026-09-15T23:38:39.242841008Z,27940.0,4747.974,2.0,0.0,2.0,2048.0,8.0,256.0,0.0,2.71,7.41,115.14,1.15,0.0,0.0,0.0,2.0
2026-09-15T23:38:41.781969340Z,27960.0,4750.513,2.0,0.0,2.0,2048.0,8.0,256.0,0.0,2.95,7.99,113.89,1.02,0.0,0.0,0.0,2.0
2026-09-15T23:38:44.320858952Z,27980.0,4753.052,2.0,0.0,2.0,2048.0,8.0,256.0,0.0,2.62,8.34,113.9,1.4,0.0,0.0,0.0,2.0
2026-09-15T23:38:46.860539805Z,28000.0,4755.592,1.0,0.0,1.0,2048.0,8.0,256.0,0.0,2.65,7.59,114.19,1.4,0.0,0.0,0.0,1.0
2026-09-15T23:38:49.399319027Z,28020.0,4758.131,1.0,0.0,1.0,2048.0,8.0,256.0,0.0,2.39,7.29,114.81,1.18,0.0,0.0,0.0,1.0
2026-09-15T23:38:51.938393790Z,28040.0,4760.67,1.0,0.0,1.0,2048.0,8.0,256.0,0.0,2.93,8.1,114.6,0.71,0.0,0.0,0.0,1.0
2026-09-15T23:38:54.477135552Z,28060.0,4763.209,1.0,0.0,1.0,2048.0,8.0,256.0,0.0,2.27,7.48,115.03,0.63,0.0,0.0,0.0,1.0
2026-09-15T23:38:57.016267944Z,28080.0,4765.748,1.0,0.0,1.0,2048.0,8.0,256.0,0.0,2.46,6.95,115.62,1.63,0.0,0.0,0.0,1.0
2026-09-15T23:38:59.555589617Z,28100.0,4768.287,1.0,0.0,1.0,2048.0,8.0,256.0,0.0,2.86,8.46,113.89,1.22,0.0,0.0,0.0,1.0
2026-09-15T23:39:02.094074299Z,28120.0,4770.825,1.0,0.0,1.0,2048.0,8.0,256.0,0.0,2.36,7.07,116.03,1.27,0.0,0.0,0.0,1.0
2026-09-15T23:39:04.633172872Z,28140.0,4773.364,1.0,0.0,1.0,2048.0,8.0,256.0,0.0,2.52,7.24,115.95,1.46,0.0,0.0,0.0,1.0
2026-09-15T23:39:07.171849484Z,28160.0,4775.903,1.0,0.0,1.0,2048.0,8.0,256.0,0.0,2.58,8.92,113.54,0.45,0.0,0.0,0.0,1.0
2026-09-15T23:39:09.710849967Z,28180.0,4778.442,1.0,0.0,1.0,2048.0,8.0,256.0,0.0,2.56,7.63,114.77,1.77,0.0,0.0,0.0,1.0
2026-09-15T23:39:12.249676109Z,28200.0,4780.981,1.0,0.0,1.0,2048.0,8.0,256.0,0.0,2.52,8.69,114.5,0.8,0.0,0.0,0.0,1.0
2026-09-15T23:39:14.788705701Z,28220.0,4783.52,1.0,0.0,1.0,2048.0,8.0,256.0,0.0,2.46,7.29,115.6,1.02,0.0,0.0,0.0,1.0
2026-09-15T23:39:17.327565244Z,28240.0,4786.059,1.0,0.0,1.0,2048.0,8.0,256.0,0.0,2.46,7.41,114.94,1.71,0.0,0.0,0.0,1.0
2026-09-15T23:39:19.866346436Z,28260.0,4788.598,1.0,0.0,1.0,2048.0,8.0,256.0,0.0,2.67,7.13,115.61,0.71,0.0,0.0,0.0,1.0
2026-09-15T23:39:22.405431548Z,28280.0,4791.137,1.0,0.0,1.0,2048.0,8.0,256.0,0.0,2.38,6.84,115.41,1.06,0.0,0.0,0.0,1.0
2026-09-15T23:39:24.944304591Z,28300.0,4793.676,1.0,0.0,1.0,2048.0,8.0,256.0,0.0,2.71,7.12,115.93,1.26,0.0,0.0,0.0,1.0
2026-09-15T23:39:27.483939403Z,28320.0,4796.215,1.0,0.0,1.0,2048.0,8.0,256.0,0.0,2.46,7.76,114.35,1.02,0.0,0.0,0.0,1.0
2026-09-15T23:39:30.022529776Z,28340.0,4798.754,1.0,0.0,1.0,2048.0,8.0,256.0,0.0,2.42,9.65,111.96,0.67,0.0,0.0,0.0,1.0
2026-09-15T23:39:32.561238108Z,28360.0,4801.293,1.0,0.0,1.0,2048.0,8.0,256.0,0.0,3.69,8.14,112.92,1.44,0.0,0.0,0.0,1.0
2026-09-15T23:39:35.100553360Z,28380.0,4803.832,1.0,0.0,1.0,2048.0,8.0,256.0,0.0,2.38,6.8,115.56,1.8,0.0,0.0,0.0,1.0
2026-09-15T23:39:37.639822623Z,28400.0,4806.371,1.0,0.0,1.0,2048.0,8.0,256.0,0.0,2.5,6.92,116.27,1.96,0.0,0.0,0.0,1.0
2026-09-15T23:39:40.178468355Z,28420.0,4808.91,1.0,0.0,1.0,2048.0,8.0,256.0,0.0,2.88,7.87,114.75,0.76,0.0,0.0,0.0,1.0
2026-09-15T23:39:42.717838487Z,28440.0,4811.449,1.0,0.0,1.0,2048.0,8.0,256.0,0.0,2.66,8.41,114.08,1.42,0.0,0.0,0.0,1.0
2026-09-15T23:39:45.258136970Z,28460.0,4813.989,1.0,0.0,1.0,2048.0,8.0,256.0,0.0,3.54,8.24,112.49,1.76,0.0,0.0,0.0,1.0
2026-09-15T23:39:48.271372042Z,28480.0,4817.003,1.0,1.0,256.0,2048.0,8.0,256.0,0.0,7.4,5.85,111.73,1.58,0.0,0.0,0.0,0.0
2026-09-15T23:39:50.815658544Z,28500.0,4819.547,1.0,1.0,256.0,2048.0,8.0,256.0,0.0,7.53,5.71,112.76,0.91,0.0,0.0,0.0,0.0
2026-09-15T23:39:53.373381336Z,28520.0,4822.105,1.0,1.0,73.0,2048.0,8.0,256.0,0.0,7.82,7.25,111.75,1.63,0.0,0.0,0.0,1.0
2026-09-15T23:39:55.911983818Z,28540.0,4824.643,1.0,0.0,1.0,2048.0,8.0,256.0,0.0,2.8,7.08,115.2,1.11,0.0,0.0,0.0,1.0
2026-09-15T23:39:58.450727421Z,28560.0,4827.182,1.0,0.0,1.0,2048.0,8.0,256.0,0.0,2.45,6.57,115.81,0.54,0.0,0.0,0.0,1.0
2026-09-15T23:40:00.989905203Z,28580.0,4829.721,1.0,0.0,1.0,2048.0,8.0,256.0,0.0,2.49,7.62,115.66,0.85,0.0,0.0,0.0,1.0
2026-09-15T23:40:03.528822825Z,28600.0,4832.26,1.0,0.0,1.0,2048.0,8.0,256.0,0.0,2.25,8.94,113.26,1.74,0.0,0.0,0.0,1.0
2026-09-15T23:40:06.067464248Z,28620.0,4834.799,1.0,0.0,1.0,2048.0,8.0,256.0,0.0,2.84,8.3,113.56,1.17,0.0,0.0,0.0,1.0
2026-09-15T23:40:08.607706200Z,28640.0,4837.339,1.0,0.0,1.0,2048.0,8.0,256.0,0.0,2.63,6.74,116.04,3.31,0.0,0.0,0.0,1.0
2026-09-15T23:40:11.145126842Z,28660.0,4839.876,1.0,0.0,1.0,2048.0,8.0,256.0,0.0,2.56,7.17,116.03,0.82,0.0,0.0,0.0,1.0
2026-09-15T23:40:13.684134025Z,28680.0,4842.416,1.0,0.0,1.0,2048.0,8.0,256.0,0.0,3.43,8.45,113.02,1.44,0.0,0.0,0.0,1.0
2026-09-15T23:40:16.223019837Z,28700.0,4844.954,1.0,0.0,1.0,2048.0,8.0,256.0,0.0,2.63,7.16,115.83,1.52,0.0,0.0,0.0,1.0
2026-09-15T23:40:18.761969430Z,28720.0,4847.493,1.0,0.0,1.0,2048.0,8.0,256.0,0.0,2.64,6.7,115.27,1.2,0.0,0.0,0.0,1.0
2026-09-15T23:40:21.300763522Z,28740.0,4850.032,1.0,0.0,1.0,2048.0,8.0,256.0,0.0,2.49,7.84,115.26,0.67,0.0,0.0,0.0,1.0
2026-09-15T23:40:23.840062825Z,28760.0,4852.571,1.0,0.0,1.0,2048.0,8.0,256.0,0.0,2.36,7.71,114.19,1.85,0.0,0.0,0.0,1.0
2026-09-15T23:40:26.379093147Z,28780.0,4855.11,1.0,0.0,1.0,2048.0,8.0,256.0,0.0,2.55,6.77,115.19,0.78,0.0,0.0,0.0,1.0
2026-09-15T23:40:28.918379899Z,28800.0,4857.65,1.0,0.0,1.0,2048.0,8.0,256.0,0.0,2.5,6.99,115.35,1.77,0.0,0.0,0.0,1.0
2026-09-15T23:40:31.456476392Z,28820.0,4860.188,1.0,0.0,1.0,2048.0,8.0,256.0,0.0,2.6,7.23,114.95,1.15,0.0,0.0,0.0,1.0
2026-09-15T23:40:33.995536824Z,28840.0,4862.727,1.0,0.0,1.0,2048.0,8.0,256.0,0.0,2.82,8.48,113.08,1.35,0.0,0.0,0.0,1.0
2026-09-15T23:40:36.534710017Z,28860.0,4865.266,1.0,0.0,1.0,2048.0,8.0,256.0,0.0,2.63,7.42,114.73,0.97,0.0,0.0,0.0,1.0
2026-09-15T23:40:39.074535789Z,28880.0,4867.806,1.0,0.0,1.0,2048.0,8.0,256.0,0.0,2.61,7.64,114.6,2.39,0.0,0.0,0.0,1.0
2026-09-15T23:40:41.613245321Z,28900.0,4870.345,1.0,0.0,1.0,2048.0,8.0,256.0,0.0,2.61,8.28,113.95,1.88,0.0,0.0,0.0,1.0
2026-09-15T23:40:44.151883153Z,28920.0,4872.883,1.0,0.0,1.0,2048.0,8.0,256.0,0.0,2.36,7.13,115.74,1.5,0.0,0.0,0.0,1.0
2026-09-15T23:40:46.690498576Z,28940.0,4875.422,1.0,0.0,1.0,2048.0,8.0,256.0,0.0,2.33,7.43,114.64,0.65,0.0,0.0,0.0,1.0
2026-09-15T23:40:49.229457758Z,28960.0,4877.961,1.0,0.0,1.0,2048.0,8.0,256.0,0.0,2.79,7.18,112.71,0.61,0.0,0.0,0.0,1.0
2026-09-15T23:40:51.768400361Z,28980.0,4880.5,1.0,0.0,1.0,2048.0,8.0,256.0,0.0,2.4,7.12,115.11,0.56,0.0,0.0,0.0,1.0
2026-09-15T23:40:54.307607573Z,29000.0,4883.039,1.0,0.0,1.0,2048.0,8.0,256.0,0.0,2.48,7.77,115.01,1.58,0.0,0.0,0.0,1.0
2026-09-15T23:40:56.846752676Z,29020.0,4885.578,1.0,0.0,1.0,2048.0,8.0,256.0,0.0,2.68,7.47,115.35,1.66,0.0,0.0,0.0,1.0
2026-09-15T23:40:59.385376358Z,29040.0,4888.117,1.0,0.0,1.0,2048.0,8.0,256.0,0.0,2.26,7.19,115.68,0.71,0.0,0.0,0.0,1.0
2026-09-15T23:41:01.924735870Z,29060.0,4890.656,1.0,0.0,1.0,2048.0,8.0,256.0,0.0,2.4,7.3,115.12,2.0,0.0,0.0,0.0,1.0
2026-09-15T23:41:04.464444683Z,29080.0,4893.196,1.0,0.0,1.0,2048.0,8.0,256.0,0.0,2.72,7.86,114.82,2.15,0.0,0.0,0.0,1.0
2026-09-15T23:41:07.002311915Z,29100.0,4895.734,1.0,0.0,1.0,2048.0,8.0,256.0,0.0,2.32,7.46,115.98,0.36,0.0,0.0,0.0,1.0
2026-09-15T23:41:09.541861357Z,29120.0,4898.273,1.0,0.0,1.0,2048.0,8.0,256.0,0.0,2.45,7.38,115.06,1.17,0.0,0.0,0.0,1.0
2026-09-15T23:41:12.080476770Z,29140.0,4900.812,1.0,0.0,1.0,2048.0,8.0,256.0,0.0,2.46,7.32,114.66,1.51,0.0,0.0,0.0,1.0
2026-09-15T23:41:14.619981662Z,29160.0,4903.351,1.0,0.0,1.0,2048.0,8.0,256.0,0.0,2.75,7.27,116.21,1.09,0.0,0.0,0.0,1.0
2026-09-15T23:41:17.158673155Z,29180.0,4905.89,1.0,0.0,1.0,2048.0,8.0,256.0,0.0,2.44,7.07,115.7,0.63,0.0,0.0,0.0,1.0
2026-09-15T23:41:19.697696577Z,29200.0,4908.429,1.0,0.0,1.0,2048.0,8.0,256.0,0.0,2.79,6.99,114.84,1.57,0.0,0.0,0.0,1.0
2026-09-15T23:41:22.236497780Z,29220.0,4910.968,1.0,0.0,1.0,2048.0,8.0,256.0,0.0,3.0,8.04,113.98,0.69,0.0,0.0,0.0,1.0
2026-09-15T23:41:24.776127752Z,29240.0,4913.508,1.0,0.0,1.0,2048.0,8.0,256.0,0.0,2.61,7.74,115.12,1.37,0.0,0.0,0.0,1.0
2026-09-15T23:41:27.314713254Z,29260.0,4916.046,1.0,0.0,1.0,2048.0,8.0,256.0,0.0,2.76,7.65,114.83,1.9,0.0,0.0,0.0,1.0
2026-09-15T23:41:29.852847897Z,29280.0,4918.584,1.0,0.0,1.0,2048.0,8.0,256.0,0.0,2.68,6.95,115.73,0.99,0.0,0.0,0.0,1.0
2026-09-15T23:41:32.391811159Z,29300.0,4921.123,1.0,0.0,1.0,2048.0,8.0,256.0,0.0,2.33,7.69,115.55,0.91,0.0,0.0,0.0,1.0
2026-09-15T23:41:35.424882840Z,29320.0,4924.156,1.0,1.0,256.0,2048.0,8.0,256.0,0.0,7.7,5.6,112.33,1.62,0.0,0.0,0.0,0.0
2026-09-15T23:41:37.973389352Z,29340.0,4926.705,1.0,1.0,256.0,2048.0,8.0,256.0,0.0,7.43,5.18,113.54,1.43,0.0,0.0,0.0,0.0
2026-09-15T23:41:40.532424424Z,29360.0,4929.264,1.0,0.0,1.0,2048.0,8.0,256.0,0.0,2.78,7.86,114.45,2.13,0.0,0.0,0.0,1.0
2026-09-15T23:41:43.070938047Z,29380.0,4931.802,1.0,0.0,1.0,2048.0,8.0,256.0,0.0,2.47,7.38,115.49,1.76,0.0,0.0,0.0,1.0
2026-09-15T23:41:45.609517659Z,29400.0,4934.341,1.0,0.0,1.0,2048.0,8.0,256.0,0.0,2.69,7.97,113.66,1.34,0.0,0.0,0.0,1.0
2026-09-15T23:41:48.149391212Z,29420.0,4936.881,1.0,0.0,1.0,2048.0,8.0,256.0,0.0,2.54,6.93,115.04,0.58,0.0,0.0,0.0,1.0
2026-09-15T23:41:50.689149804Z,29440.0,4939.421,1.0,0.0,1.0,2048.0,8.0,256.0,0.0,2.46,7.88,114.33,1.32,0.0,0.0,0.0,1.0
2026-09-15T23:41:53.229180416Z,29460.0,4941.961,1.0,0.0,1.0,2048.0,8.0,256.0,0.0,2.89,7.35,115.33,2.02,0.0,0.0,0.0,1.0
2026-09-15T23:41:55.767866049Z,29480.0,4944.499,1.0,0.0,1.0,2048.0,8.0,256.0,0.0,2.45,6.88,115.39,1.37,0.0,0.0,0.0,1.0
2026-09-15T23:41:58.307081931Z,29500.0,4947.038,1.0,0.0,1.0,2048.0,8.0,256.0,0.0,2.65,7.77,114.73,0.65,0.0,0.0,0.0,1.0
2026-09-15T23:42:00.846672452Z,29520.0,4949.578,1.0,0.0,1.0,2048.0,8.0,256.0,0.0,2.42,7.52,115.72,0.97,0.0,0.0,0.0,1.0
2026-09-15T23:42:03.386878114Z,29540.0,4952.118,1.0,0.0,1.0,2048.0,8.0,256.0,0.0,2.64,8.02,114.99,1.5,0.0,0.0,0.0,1.0
2026-09-15T23:42:05.925671445Z,29560.0,4954.657,1.0,0.0,1.0,2048.0,8.0,256.0,0.0,2.62,8.59,113.62,1.19,0.0,0.0,0.0,1.0
2026-09-15T23:42:08.465550417Z,29580.0,4957.197,1.0,0.0,1.0,2048.0,8.0,256.0,0.0,2.53,6.95,115.64,0.86,0.0,0.0,0.0,1.0
2026-09-15T23:42:11.004287068Z,29600.0,4959.736,1.0,0.0,1.0,2048.0,8.0,256.0,0.0,2.95,8.35,114.26,1.31,0.0,0.0,0.0,1.0
2026-09-15T23:42:13.544463200Z,29620.0,4962.276,1.0,0.0,1.0,2048.0,8.0,256.0,0.0,3.12,11.22,110.0,0.63,0.0,0.0,0.0,1.0
2026-09-15T23:42:16.083539071Z,29640.0,4964.815,1.0,0.0,1.0,2048.0,8.0,256.0,0.0,2.37,7.82,115.4,1.43,0.0,0.0,0.0,1.0
2026-09-15T23:42:18.622576893Z,29660.0,4967.354,1.0,0.0,1.0,2048.0,8.0,256.0,0.0,2.53,7.54,114.6,1.07,0.0,0.0,0.0,1.0
2026-09-15T23:42:21.162010694Z,29680.0,4969.893,1.0,0.0,1.0,2048.0,8.0,256.0,0.0,2.75,9.81,111.61,0.68,0.0,0.0,0.0,1.0
2026-09-15T23:42:23.702118006Z,29700.0,4972.434,1.0,0.0,1.0,2048.0,8.0,256.0,0.0,2.38,7.67,115.33,1.68,0.0,0.0,0.0,1.0
2026-09-15T23:42:26.241647387Z,29720.0,4974.973,1.0,0.0,1.0,2048.0,8.0,256.0,0.0,2.43,7.05,116.71,1.35,0.0,0.0,0.0,1.0
2026-09-15T23:42:28.781456119Z,29740.0,4977.513,1.0,0.0,1.0,2048.0,8.0,256.0,0.0,2.63,7.41,115.37,1.27,0.0,0.0,0.0,1.0
2026-09-15T23:42:31.320529600Z,29760.0,4980.052,1.0,0.0,1.0,2048.0,8.0,256.0,0.0,2.8,7.21,114.83,0.54,0.0,0.0,0.0,1.0
2026-09-15T23:42:33.860153062Z,29780.0,4982.592,1.0,0.0,1.0,2048.0,8.0,256.0,0.0,2.53,7.15,115.54,0.29,0.0,0.0,0.0,1.0
2026-09-15T23:42:36.400064053Z,29800.0,4985.131,1.0,0.0,1.0,2048.0,8.0,256.0,0.0,2.55,6.62,116.2,1.84,0.0,0.0,0.0,1.0
2026-09-15T23:42:38.939256274Z,29820.0,4987.671,1.0,0.0,1.0,2048.0,8.0,256.0,0.0,2.35,7.2,115.68,1.05,0.0,0.0,0.0,1.0
2026-09-15T23:42:41.478896866Z,29840.0,4990.21,1.0,0.0,1.0,2048.0,8.0,256.0,0.0,2.23,6.97,116.46,0.63,0.0,0.0,0.0,1.0
2026-09-15T23:42:44.018078248Z,29860.0,4992.749,1.0,0.0,1.0,2048.0,8.0,256.0,0.0,3.05,8.2,114.03,0.69,0.0,0.0,0.0,1.0
2026-09-15T23:42:46.557289989Z,29880.0,4995.289,1.0,0.0,1.0,2048.0,8.0,256.0,0.0,2.49,7.1,116.11,0.85,0.0,0.0,0.0,1.0
2026-09-15T23:42:49.097261891Z,29900.0,4997.829,1.0,0.0,1.0,2048.0,8.0,256.0,0.0,2.87,7.47,114.19,1.25,0.0,0.0,0.0,1.0
2026-09-15T23:42:51.635661412Z,29920.0,5000.367,1.0,0.0,1.0,2048.0,8.0,256.0,0.0,2.74,8.1,112.99,0.9,0.0,0.0,0.0,1.0
2026-09-15T23:42:54.175996294Z,29940.0,5002.907,1.0,0.0,1.0,2048.0,8.0,256.0,0.0,2.3,7.49,115.35,0.99,0.0,0.0,0.0,1.0
2026-09-15T23:42:56.714944115Z,29960.0,5005.446,1.0,0.0,1.0,2048.0,8.0,256.0,0.0,2.84,8.06,114.18,1.31,0.0,0.0,0.0,1.0
2026-09-15T23:42:59.254351557Z,29980.0,5007.986,1.0,0.0,1.0,2048.0,8.0,256.0,0.0,2.52,7.36,115.13,0.85,0.0,0.0,0.0,1.0
2026-09-15T23:43:01.794001928Z,30000.0,5010.525,1.0,0.0,1.0,2048.0,8.0,256.0,0.0,2.54,7.48,115.86,1.81,0.0,0.0,0.0,1.0
2026-09-15T23:43:04.333064889Z,30020.0,5013.064,1.0,0.0,1.0,2048.0,8.0,256.0,0.0,2.66,7.95,114.74,0.46,0.0,0.0,0.0,1.0
2026-09-15T23:43:06.872591371Z,30040.0,5015.604,1.0,0.0,1.0,2048.0,8.0,256.0,0.0,2.55,7.55,115.53,0.83,0.0,0.0,0.0,1.0
2026-09-15T23:43:09.412297152Z,30060.0,5018.144,1.0,0.0,1.0,2048.0,8.0,256.0,0.0,2.65,8.47,113.64,1.3,0.0,0.0,0.0,1.0
2026-09-15T23:43:11.951376904Z,30080.0,5020.683,1.0,0.0,1.0,2048.0,8.0,256.0,0.0,2.76,8.99,113.73,1.5,0.0,0.0,0.0,1.0
2026-09-15T23:43:14.490868926Z,30100.0,5023.222,1.0,0.0,1.0,2048.0,8.0,256.0,0.0,2.51,7.58,114.35,0.61,0.0,0.0,0.0,1.0
2026-09-15T23:43:17.030148867Z,30120.0,5025.762,1.0,0.0,1.0,2048.0,8.0,256.0,0.0,2.59,7.77,115.0,1.46,0.0,0.0,0.0,1.0
2026-09-15T23:43:19.570119248Z,30140.0,5028.301,1.0,0.0,1.0,2048.0,8.0,256.0,0.0,2.86,7.87,114.96,1.68,0.0,0.0,0.0,1.0
2026-09-15T23:43:22.591868479Z,30160.0,5031.323,1.0,1.0,256.0,2048.0,8.0,256.0,0.0,7.84,6.65,110.72,1.21,0.0,0.0,0.0,0.0
2026-09-15T23:43:25.133572890Z,30180.0,5033.865,1.0,1.0,256.0,2048.0,8.0,256.0,0.0,7.69,5.68,112.21,0.64,0.0,0.0,0.0,0.0
2026-09-15T23:43:27.687961241Z,30200.0,5036.419,1.0,1.0,256.0,2048.0,8.0,256.0,0.0,7.43,5.42,114.22,1.46,0.0,0.0,0.0,0.0
2026-09-15T23:43:30.243642382Z,30220.0,5038.975,1.0,0.0,1.0,2048.0,8.0,256.0,0.0,2.86,8.02,114.95,0.73,0.0,0.0,0.0,1.0
2026-09-15T23:43:32.783434964Z,30240.0,5041.515,1.0,0.0,1.0,2048.0,8.0,256.0,0.0,2.74,8.36,114.1,1.55,0.0,0.0,0.0,1.0
2026-09-15T23:43:35.322733795Z,30260.0,5044.054,1.0,0.0,1.0,2048.0,8.0,256.0,0.0,2.35,8.83,114.16,1.57,0.0,0.0,0.0,1.0
2026-09-15T23:43:37.862603557Z,30280.0,5046.594,1.0,0.0,1.0,2048.0,8.0,256.0,0.0,2.28,8.08,113.86,1.36,0.0,0.0,0.0,1.0
2026-09-15T23:43:40.402162988Z,30300.0,5049.134,1.0,0.0,1.0,2048.0,8.0,256.0,0.0,2.65,7.5,114.98,0.74,0.0,0.0,0.0,1.0
2026-09-15T23:43:42.941443860Z,30320.0,5051.673,1.0,0.0,1.0,2048.0,8.0,256.0,0.0,2.6,7.13,115.63,1.1,0.0,0.0,0.0,1.0
2026-09-15T23:43:45.480921811Z,30340.0,5054.212,1.0,0.0,1.0,2048.0,8.0,256.0,0.0,2.74,7.19,115.81,0.83,0.0,0.0,0.0,1.0
2026-09-15T23:43:48.021434523Z,30360.0,5056.753,1.0,0.0,1.0,2048.0,8.0,256.0,0.0,2.56,6.81,116.29,1.71,0.0,0.0,0.0,1.0
2026-09-15T23:43:50.561232124Z,30380.0,5059.293,1.0,0.0,1.0,2048.0,8.0,256.0,0.0,2.27,7.8,115.62,1.18,0.0,0.0,0.0,1.0
2026-09-15T23:43:53.100040776Z,30400.0,5061.831,1.0,0.0,1.0,2048.0,8.0,256.0,0.0,2.45,7.84,115.07,0.62,0.0,0.0,0.0,1.0
2026-09-15T23:43:55.640283987Z,30420.0,5064.372,1.0,0.0,1.0,2048.0,8.0,256.0,0.0,2.76,7.59,113.83,1.23,0.0,0.0,0.0,1.0
2026-09-15T23:43:58.179866048Z,30440.0,5066.911,1.0,0.0,1.0,2048.0,8.0,256.0,0.0,2.46,7.56,116.02,0.94,0.0,0.0,0.0,1.0
2026-09-15T23:44:00.719699330Z,30460.0,5069.451,1.0,0.0,1.0,2048.0,8.0,256.0,0.0,3.39,7.65,113.38,0.65,0.0,0.0,0.0,1.0
2026-09-15T23:44:03.259285771Z,30480.0,5071.991,1.0,0.0,1.0,2048.0,8.0,256.0,0.0,2.35,7.3,115.99,1.33,0.0,0.0,0.0,1.0
2026-09-15T23:44:05.798988623Z,30500.0,5074.53,1.0,0.0,1.0,2048.0,8.0,256.0,0.0,2.5,8.1,115.24,1.44,0.0,0.0,0.0,1.0
2026-09-15T23:44:08.338612674Z,30520.0,5077.07,1.0,0.0,1.0,2048.0,8.0,256.0,0.0,2.5,6.98,116.06,1.58,0.0,0.0,0.0,1.0
2026-09-15T23:44:10.878160606Z,30540.0,5079.609,1.0,0.0,1.0,2048.0,8.0,256.0,0.0,2.48,7.43,115.38,0.67,0.0,0.0,0.0,1.0
2026-09-15T23:44:13.417893517Z,30560.0,5082.149,1.0,0.0,1.0,2048.0,8.0,256.0,0.0,2.62,7.31,115.71,1.53,0.0,0.0,0.0,1.0
2026-09-15T23:44:15.957560859Z,30580.0,5084.689,1.0,0.0,1.0,2048.0,8.0,256.0,0.0,2.39,6.99,115.34,0.59,0.0,0.0,0.0,1.0
2026-09-15T23:44:18.497163580Z,30600.0,5087.229,1.0,0.0,1.0,2048.0,8.0,256.0,0.0,2.84,7.55,114.84,0.66,0.0,0.0,0.0,1.0
2026-09-15T23:44:21.036833452Z,30620.0,5089.768,1.0,0.0,1.0,2048.0,8.0,256.0,0.0,2.49,7.23,115.25,1.55,0.0,0.0,0.0,1.0
2026-09-15T23:44:23.577515473Z,30640.0,5092.309,1.0,0.0,1.0,2048.0,8.0,256.0,0.0,3.08,7.94,114.3,1.08,0.0,0.0,0.0,1.0
2026-09-15T23:44:26.115937665Z,30660.0,5094.847,1.0,0.0,1.0,2048.0,8.0,256.0,0.0,2.78,8.14,113.94,1.08,0.0,0.0,0.0,1.0
2026-09-15T23:44:28.656054886Z,30680.0,5097.387,1.0,0.0,1.0,2048.0,8.0,256.0,0.0,2.88,7.69,115.31,0.68,0.0,0.0,0.0,1.0
2026-09-15T23:44:31.196218748Z,30700.0,5099.928,1.0,0.0,1.0,2048.0,8.0,256.0,0.0,2.37,7.75,115.57,1.24,0.0,0.0,0.0,1.0
2026-09-15T23:44:33.735950439Z,30720.0,5102.467,1.0,0.0,1.0,2048.0,8.0,256.0,0.0,2.72,8.3,113.3,0.5,0.0,0.0,0.0,1.0
2026-09-15T23:44:36.275754091Z,30740.0,5105.007,1.0,0.0,1.0,2048.0,8.0,256.0,0.0,2.69,7.26,115.73,0.4,0.0,0.0,0.0,1.0
2026-09-15T23:44:38.815693202Z,30760.0,5107.547,1.0,0.0,1.0,2048.0,8.0,256.0,0.0,2.56,7.57,116.0,1.62,0.0,0.0,0.0,1.0
2026-09-15T23:44:41.355422694Z,30780.0,5110.087,1.0,0.0,1.0,2048.0,8.0,256.0,0.0,2.43,7.38,116.04,0.76,0.0,0.0,0.0,1.0
2026-09-15T23:44:43.894579395Z,30800.0,5112.626,1.0,0.0,1.0,2048.0,8.0,256.0,0.0,2.61,7.28,114.88,0.91,0.0,0.0,0.0,1.0
2026-09-15T23:44:46.434881447Z,30820.0,5115.166,1.0,0.0,1.0,2048.0,8.0,256.0,0.0,3.13,7.89,114.08,1.47,0.0,0.0,0.0,1.0
2026-09-15T23:44:48.974645718Z,30840.0,5117.706,1.0,0.0,1.0,2048.0,8.0,256.0,0.0,2.63,8.47,114.32,1.05,0.0,0.0,0.0,1.0
2026-09-15T23:44:51.515419820Z,30860.0,5120.247,1.0,0.0,1.0,2048.0,8.0,256.0,0.0,2.26,7.66,114.61,1.48,0.0,0.0,0.0,1.0
2026-09-15T23:44:54.054520191Z,30880.0,5122.786,1.0,0.0,1.0,2048.0,8.0,256.0,0.0,2.52,7.58,114.61,0.46,0.0,0.0,0.0,1.0
2026-09-15T23:44:56.593880013Z,30900.0,5125.325,1.0,0.0,1.0,2048.0,8.0,256.0,0.0,3.38,7.25,114.61,0.84,0.0,0.0,0.0,1.0
2026-09-15T23:44:59.134097084Z,30920.0,5127.865,1.0,0.0,1.0,2048.0,8.0,256.0,0.0,2.56,7.22,115.06,1.15,0.0,0.0,0.0,1.0
2026-09-15T23:45:01.673547065Z,30940.0,5130.405,1.0,0.0,1.0,2048.0,8.0,256.0,0.0,2.81,7.82,114.99,0.71,0.0,0.0,0.0,1.0
2026-09-15T23:45:04.213502087Z,30960.0,5132.945,1.0,0.0,1.0,2048.0,8.0,256.0,0.0,3.03,9.15,112.94,1.53,0.0,0.0,0.0,1.0
2026-09-15T23:45:06.754830219Z,30980.0,5135.486,1.0,0.0,1.0,2048.0,8.0,256.0,0.0,2.39,7.26,115.41,2.04,0.0,0.0,0.0,1.0
2026-09-15T23:45:09.294519340Z,31000.0,5138.026,1.0,0.0,1.0,2048.0,8.0,256.0,0.0,2.91,8.41,114.32,1.52,0.0,0.0,0.0,1.0
2026-09-15T23:45:12.313679740Z,31020.0,5141.045,1.0,1.0,256.0,2048.0,8.0,256.0,0.0,7.74,8.7,108.27,1.32,0.0,0.0,0.0,0.0
2026-09-15T23:45:14.856716872Z,31040.0,5143.588,1.0,1.0,256.0,2048.0,8.0,256.0,0.0,7.67,5.46,111.79,0.48,0.0,0.0,0.0,0.0
2026-09-15T23:45:17.412891803Z,31060.0,5146.144,1.0,1.0,256.0,2048.0,8.0,256.0,0.0,7.43,5.13,114.56,0.55,0.0,0.0,0.0,0.0
2026-09-15T23:45:19.973411264Z,31080.0,5148.705,1.0,0.0,1.0,2048.0,8.0,256.0,0.0,2.7,7.73,115.47,1.65,0.0,0.0,0.0,1.0
2026-09-15T23:45:22.511820025Z,31100.0,5151.243,1.0,0.0,1.0,2048.0,8.0,256.0,0.0,2.33,7.29,116.1,0.47,0.0,0.0,0.0,1.0
2026-09-15T23:45:25.052085507Z,31120.0,5153.783,1.0,0.0,1.0,2048.0,8.0,256.0,0.0,2.54,7.33,114.83,0.39,0.0,0.0,0.0,1.0
2026-09-15T23:45:27.591372008Z,31140.0,5156.323,1.0,0.0,1.0,2048.0,8.0,256.0,0.0,2.47,8.3,113.93,1.68,0.0,0.0,0.0,1.0
2026-09-15T23:45:30.131239440Z,31160.0,5158.863,1.0,0.0,1.0,2048.0,8.0,256.0,0.0,2.77,8.1,114.24,1.39,0.0,0.0,0.0,1.0
2026-09-15T23:45:32.670148411Z,31180.0,5161.402,1.0,0.0,1.0,2048.0,8.0,256.0,0.0,2.95,7.96,114.44,0.57,0.0,0.0,0.0,1.0
2026-09-15T23:45:35.210295293Z,31200.0,5163.942,1.0,0.0,1.0,2048.0,8.0,256.0,0.0,2.58,6.71,115.87,1.29,0.0,0.0,0.0,1.0
2026-09-15T23:45:37.750271794Z,31220.0,5166.482,1.0,0.0,1.0,2048.0,8.0,256.0,0.0,2.58,7.15,115.07,1.87,0.0,0.0,0.0,1.0
2026-09-15T23:45:40.290121506Z,31240.0,5169.022,1.0,0.0,1.0,2048.0,8.0,256.0,0.0,2.46,6.78,116.17,1.36,0.0,0.0,0.0,1.0
2026-09-15T23:45:42.829802607Z,31260.0,5171.561,1.0,0.0,1.0,2048.0,8.0,256.0,0.0,2.24,6.87,116.62,1.44,0.0,0.0,0.0,1.0
2026-09-15T23:45:45.369428299Z,31280.0,5174.101,1.0,0.0,1.0,2048.0,8.0,256.0,0.0,2.73,8.01,114.56,0.66,0.0,0.0,0.0,1.0
2026-09-15T23:45:47.908897910Z,31300.0,5176.64,1.0,0.0,1.0,2048.0,8.0,256.0,0.0,2.36,7.45,114.76,1.33,0.0,0.0,0.0,1.0
2026-09-15T23:45:50.449124092Z,31320.0,5179.18,1.0,0.0,1.0,2048.0,8.0,256.0,0.0,3.0,7.22,114.15,0.41,0.0,0.0,0.0,1.0
2026-09-15T23:45:52.989564513Z,31340.0,5181.721,1.0,0.0,1.0,2048.0,8.0,256.0,0.0,2.76,7.63,114.74,0.92,0.0,0.0,0.0,1.0
2026-09-15T23:45:55.529437915Z,31360.0,5184.261,1.0,0.0,1.0,2048.0,8.0,256.0,0.0,2.37,7.36,115.87,0.45,0.0,0.0,0.0,1.0
2026-09-15T23:45:58.069541226Z,31380.0,5186.801,1.0,0.0,1.0,2048.0,8.0,256.0,0.0,2.58,6.86,116.16,1.64,0.0,0.0,0.0,1.0
2026-09-15T23:46:00.609894407Z,31400.0,5189.341,1.0,0.0,1.0,2048.0,8.0,256.0,0.0,2.98,6.89,115.02,1.92,0.0,0.0,0.0,1.0
2026-09-15T23:46:03.149341169Z,31420.0,5191.881,1.0,0.0,1.0,2048.0,8.0,256.0,0.0,2.31,7.12,115.85,1.28,0.0,0.0,0.0,1.0
2026-09-15T23:46:05.689402070Z,31440.0,5194.421,1.0,0.0,1.0,2048.0,8.0,256.0,0.0,2.67,8.29,114.46,0.68,0.0,0.0,0.0,1.0
2026-09-15T23:46:08.229425562Z,31460.0,5196.961,1.0,0.0,1.0,2048.0,8.0,256.0,0.0,2.72,7.36,115.73,1.36,0.0,0.0,0.0,1.0
2026-09-15T23:46:10.769413293Z,31480.0,5199.501,1.0,0.0,1.0,2048.0,8.0,256.0,0.0,2.58,7.89,114.77,0.87,0.0,0.0,0.0,1.0
2026-09-15T23:46:13.309261735Z,31500.0,5202.041,1.0,0.0,1.0,2048.0,8.0,256.0,0.0,2.76,7.31,115.2,0.99,0.0,0.0,0.0,1.0
2026-09-15T23:46:15.849578306Z,31520.0,5204.581,1.0,0.0,1.0,2048.0,8.0,256.0,0.0,2.94,8.43,114.08,1.75,0.0,0.0,0.0,1.0
2026-09-15T23:46:18.389539128Z,31540.0,5207.121,1.0,0.0,1.0,2048.0,8.0,256.0,0.0,2.39,6.67,116.64,1.2,0.0,0.0,0.0,1.0
2026-09-15T23:46:20.930062089Z,31560.0,5209.661,1.0,0.0,1.0,2048.0,8.0,256.0,0.0,2.7,7.47,115.21,2.25,0.0,0.0,0.0,1.0
2026-09-15T23:46:23.468543951Z,31580.0,5212.2,1.0,0.0,1.0,2048.0,8.0,256.0,0.0,2.34,6.73,117.13,1.05,0.0,0.0,0.0,1.0
2026-09-15T23:46:26.008499232Z,31600.0,5214.74,1.0,0.0,1.0,2048.0,8.0,256.0,0.0,2.64,7.66,115.06,1.34,0.0,0.0,0.0,1.0
2026-09-15T23:46:28.548334174Z,31620.0,5217.28,1.0,0.0,1.0,2048.0,8.0,256.0,0.0,2.46,6.49,116.79,0.8,0.0,0.0,0.0,1.0
2026-09-15T23:46:31.088774335Z,31640.0,5219.82,1.0,0.0,1.0,2048.0,8.0,256.0,0.0,2.63,7.35,115.55,0.67,0.0,0.0,0.0,1.0
2026-09-15T23:46:33.628878837Z,31660.0,5222.36,1.0,0.0,1.0,2048.0,8.0,256.0,0.0,2.44,7.1,115.54,1.9,0.0,0.0,0.0,1.0
2026-09-15T23:46:36.169326998Z,31680.0,5224.901,1.0,0.0,1.0,2048.0,8.0,256.0,0.0,2.48,6.87,115.23,1.44,0.0,0.0,0.0,1.0
2026-09-15T23:46:38.709018030Z,31700.0,5227.44,1.0,0.0,1.0,2048.0,8.0,256.0,0.0,2.71,7.58,115.07,1.82,0.0,0.0,0.0,1.0
2026-09-15T23:46:41.248126181Z,31720.0,5229.98,1.0,0.0,1.0,2048.0,8.0,256.0,0.0,3.43,7.6,114.44,0.98,0.0,0.0,0.0,1.0
2026-09-15T23:46:43.788457613Z,31740.0,5232.52,1.0,0.0,1.0,2048.0,8.0,256.0,0.0,2.57,7.86,115.05,0.71,0.0,0.0,0.0,1.0
2026-09-15T23:46:46.328413884Z,31760.0,5235.06,1.0,0.0,1.0,2048.0,8.0,256.0,0.0,2.7,6.71,115.89,0.7,0.0,0.0,0.0,1.0
2026-09-15T23:46:48.869271816Z,31780.0,5237.601,1.0,0.0,1.0,2048.0,8.0,256.0,0.0,2.55,7.71,114.48,1.74,0.0,0.0,0.0,1.0
2026-09-15T23:46:51.407603467Z,31800.0,5240.139,1.0,0.0,1.0,2048.0,8.0,256.0,0.0,2.26,6.78,116.85,1.17,0.0,0.0,0.0,1.0
2026-09-15T23:46:53.948384018Z,31820.0,5242.68,1.0,0.0,1.0,2048.0,8.0,256.0,0.0,2.4,7.4,115.3,1.5,0.0,0.0,0.0,1.0
2026-09-15T23:46:56.488081090Z,31840.0,5245.219,1.0,0.0,1.0,2048.0,8.0,256.0,0.0,2.44,7.35,115.5,0.66,0.0,0.0,0.0,1.0
2026-09-15T23:46:59.524809050Z,31860.0,5248.256,1.0,1.0,256.0,2048.0,8.0,256.0,0.0,7.27,5.14,113.03,1.04,0.0,0.0,0.0,0.0
2026-09-15T23:47:02.067065651Z,31880.0,5250.798,1.0,1.0,256.0,2048.0,8.0,256.0,0.0,7.16,5.39,112.9,1.42,0.0,0.0,0.0,0.0
2026-09-15T23:47:04.622251183Z,31900.0,5253.354,1.0,1.0,256.0,2048.0,8.0,256.0,0.0,7.63,5.58,113.59,0.99,0.0,0.0,0.0,0.0
2026-09-15T23:47:07.189475133Z,31920.0,5255.921,1.0,0.0,1.0,2048.0,8.0,256.0,0.0,4.03,7.15,114.62,1.27,0.0,0.0,0.0,1.0
2026-09-15T23:47:09.729372895Z,31940.0,5258.461,1.0,0.0,1.0,2048.0,8.0,256.0,0.0,2.66,6.85,115.13,1.2,0.0,0.0,0.0,1.0
2026-09-15T23:47:12.269638736Z,31960.0,5261.001,1.0,0.0,1.0,2048.0,8.0,256.0,0.0,2.64,6.89,116.29,1.22,0.0,0.0,0.0,1.0
2026-09-15T23:47:14.809228208Z,31980.0,5263.541,1.0,0.0,1.0,2048.0,8.0,256.0,0.0,2.51,7.32,115.6,1.48,0.0,0.0,0.0,1.0
2026-09-15T23:47:17.348673319Z,32000.0,5266.08,1.0,0.0,1.0,2048.0,8.0,256.0,0.0,2.67,8.71,114.3,1.07,0.0,0.0,0.0,1.0
2026-09-15T23:47:19.888627341Z,32020.0,5268.62,1.0,0.0,1.0,2048.0,8.0,256.0,0.0,2.33,6.8,116.67,1.1,0.0,0.0,0.0,1.0
2026-09-15T23:47:22.429184942Z,32040.0,5271.161,1.0,0.0,1.0,2048.0,8.0,256.0,0.0,2.6,8.27,113.74,0.93,0.0,0.0,0.0,1.0
2026-09-15T23:47:24.969437394Z,32060.0,5273.701,1.0,0.0,1.0,2048.0,8.0,256.0,0.0,2.91,7.95,114.12,0.83,0.0,0.0,0.0,1.0
2026-09-15T23:47:27.509521825Z,32080.0,5276.241,1.0,0.0,1.0,2048.0,8.0,256.0,0.0,3.21,7.85,114.08,1.04,0.0,0.0,0.0,1.0
2026-09-15T23:47:30.048917247Z,32100.0,5278.78,1.0,0.0,1.0,2048.0,8.0,256.0,0.0,2.76,7.6,114.71,0.45,0.0,0.0,0.0,1.0
2026-09-15T23:47:32.588969638Z,32120.0,5281.32,1.0,0.0,1.0,2048.0,8.0,256.0,0.0,2.49,7.23,115.26,0.61,0.0,0.0,0.0,1.0
2026-09-15T23:47:35.129438709Z,32140.0,5283.861,1.0,0.0,1.0,2048.0,8.0,256.0,0.0,2.57,7.14,115.54,1.64,0.0,0.0,0.0,1.0
2026-09-15T23:47:37.669651061Z,32160.0,5286.401,1.0,0.0,1.0,2048.0,8.0,256.0,0.0,2.8,9.03,113.12,0.63,0.0,0.0,0.0,1.0
2026-09-15T23:47:40.209660833Z,32180.0,5288.941,1.0,0.0,1.0,2048.0,8.0,256.0,0.0,2.58,7.3,116.14,1.19,0.0,0.0,0.0,1.0
2026-09-15T23:47:42.750061794Z,32200.0,5291.481,1.0,0.0,1.0,2048.0,8.0,256.0,0.0,2.76,6.75,115.07,1.82,0.0,0.0,0.0,1.0
2026-09-15T23:47:45.289567275Z,32220.0,5294.021,1.0,0.0,1.0,2048.0,8.0,256.0,0.0,2.48,7.5,115.04,1.21,0.0,0.0,0.0,1.0
2026-09-15T23:47:47.829764387Z,32240.0,5296.561,1.0,0.0,1.0,2048.0,8.0,256.0,0.0,2.56,7.27,115.53,1.62,0.0,0.0,0.0,1.0
2026-09-15T23:47:50.369551458Z,32260.0,5299.101,1.0,0.0,1.0,2048.0,8.0,256.0,0.0,2.57,7.06,116.42,0.58,0.0,0.0,0.0,1.0
2026-09-15T23:47:52.909650630Z,32280.0,5301.641,1.0,0.0,1.0,2048.0,8.0,256.0,0.0,2.42,6.96,116.31,0.48,0.0,0.0,0.0,1.0
2026-09-15T23:47:55.449496041Z,32300.0,5304.181,1.0,0.0,1.0,2048.0,8.0,256.0,0.0,2.66,7.82,115.27,1.19,0.0,0.0,0.0,1.0
2026-09-15T23:47:57.989774433Z,32320.0,5306.721,1.0,0.0,1.0,2048.0,8.0,256.0,0.0,3.2,7.73,114.58,0.53,0.0,0.0,0.0,1.0
2026-09-15T23:48:00.529954974Z,32340.0,5309.261,1.0,0.0,1.0,2048.0,8.0,256.0,0.0,2.6,7.24,115.68,0.89,0.0,0.0,0.0,1.0
2026-09-15T23:48:03.069941986Z,32360.0,5311.801,1.0,0.0,1.0,2048.0,8.0,256.0,0.0,2.67,8.06,114.81,1.96,0.0,0.0,0.0,1.0
2026-09-15T23:48:05.609492077Z,32380.0,5314.341,1.0,0.0,1.0,2048.0,8.0,256.0,0.0,2.53,6.79,115.99,0.34,0.0,0.0,0.0,1.0
2026-09-15T23:48:08.150347479Z,32400.0,5316.882,1.0,0.0,1.0,2048.0,8.0,256.0,0.0,2.33,7.32,115.94,2.11,0.0,0.0,0.0,1.0
2026-09-15T23:48:10.689956360Z,32420.0,5319.421,1.0,0.0,1.0,2048.0,8.0,256.0,0.0,2.71,7.02,115.72,0.83,0.0,0.0,0.0,1.0
2026-09-15T23:48:13.230009382Z,32440.0,5321.961,1.0,0.0,1.0,2048.0,8.0,256.0,0.0,2.32,7.34,115.94,0.95,0.0,0.0,0.0,1.0
2026-09-15T23:48:15.769903623Z,32460.0,5324.501,1.0,0.0,1.0,2048.0,8.0,256.0,0.0,2.59,7.16,116.06,1.09,0.0,0.0,0.0,1.0
2026-09-15T23:48:18.309600315Z,32480.0,5327.041,1.0,0.0,1.0,2048.0,8.0,256.0,0.0,2.83,7.79,114.76,0.69,0.0,0.0,0.0,1.0
2026-09-15T23:48:20.849418136Z,32500.0,5329.581,1.0,0.0,1.0,2048.0,8.0,256.0,0.0,2.24,7.15,116.07,0.62,0.0,0.0,0.0,1.0
2026-09-15T23:48:23.389912477Z,32520.0,5332.121,1.0,0.0,1.0,2048.0,8.0,256.0,0.0,2.7,7.16,115.81,0.65,0.0,0.0,0.0,1.0
2026-09-15T23:48:25.929736249Z,32540.0,5334.661,1.0,0.0,1.0,2048.0,8.0,256.0,0.0,2.58,7.72,115.57,0.94,0.0,0.0,0.0,1.0
2026-09-15T23:48:28.469947911Z,32560.0,5337.201,1.0,0.0,1.0,2048.0,8.0,256.0,0.0,2.37,8.43,114.27,1.22,0.0,0.0,0.0,1.0
2026-09-15T23:48:31.009568412Z,32580.0,5339.741,1.0,0.0,1.0,2048.0,8.0,256.0,0.0,2.72,8.76,113.76,1.61,0.0,0.0,0.0,1.0
2026-09-15T23:48:33.549270794Z,32600.0,5342.281,1.0,0.0,1.0,2048.0,8.0,256.0,0.0,2.78,9.73,113.44,0.52,0.0,0.0,0.0,1.0
2026-09-15T23:48:36.090003315Z,32620.0,5344.821,1.0,0.0,1.0,2048.0,8.0,256.0,0.0,2.75,8.05,114.59,1.57,0.0,0.0,0.0,1.0
2026-09-15T23:48:38.630038986Z,32640.0,5347.361,1.0,0.0,1.0,2048.0,8.0,256.0,0.0,2.48,6.86,115.71,1.98,0.0,0.0,0.0,1.0
2026-09-15T23:48:41.170186578Z,32660.0,5349.902,1.0,0.0,1.0,2048.0,8.0,256.0,0.0,2.49,7.51,115.34,1.42,0.0,0.0,0.0,1.0
2026-09-15T23:48:43.710883969Z,32680.0,5352.442,1.0,0.0,1.0,2048.0,8.0,256.0,0.0,2.55,8.11,114.57,1.27,0.0,0.0,0.0,1.0
2026-09-15T23:48:46.250509641Z,32700.0,5354.982,1.0,0.0,1.0,2048.0,8.0,256.0,0.0,2.99,7.66,114.01,0.6,0.0,0.0,0.0,1.0
2026-09-15T23:48:49.311031950Z,32720.0,5358.042,1.0,1.0,256.0,2048.0,8.0,256.0,0.0,7.5,5.48,112.83,1.62,0.0,0.0,0.0,0.0
2026-09-15T23:48:51.852769052Z,32740.0,5360.584,1.0,1.0,256.0,2048.0,8.0,256.0,0.0,7.42,6.36,112.23,0.97,0.0,0.0,0.0,0.0
2026-09-15T23:48:54.405562753Z,32760.0,5363.137,1.0,1.0,256.0,2048.0,8.0,256.0,0.0,7.52,5.91,112.74,1.19,0.0,0.0,0.0,0.0
2026-09-15T23:48:56.975089744Z,32780.0,5365.706,1.0,1.0,256.0,2048.0,8.0,256.0,0.0,7.36,6.38,113.3,1.72,0.0,0.0,0.0,0.0
2026-09-15T23:48:59.523545535Z,32800.0,5368.255,1.0,0.0,1.0,2048.0,8.0,256.0,0.0,2.78,7.68,114.56,1.09,0.0,0.0,0.0,1.0
2026-09-15T23:49:02.063575477Z,32820.0,5370.795,1.0,0.0,1.0,2048.0,8.0,256.0,0.0,2.76,7.45,114.84,0.61,0.0,0.0,0.0,1.0
2026-09-15T23:49:04.604086578Z,32840.0,5373.335,1.0,0.0,1.0,2048.0,8.0,256.0,0.0,2.32,7.56,115.88,1.18,0.0,0.0,0.0,1.0
2026-09-15T23:49:07.144909549Z,32860.0,5375.876,1.0,0.0,1.0,2048.0,8.0,256.0,0.0,2.54,6.95,116.53,0.8,0.0,0.0,0.0,1.0
2026-09-15T23:49:09.685698471Z,32880.0,5378.417,1.0,0.0,1.0,2048.0,8.0,256.0,0.0,2.65,9.84,112.85,1.34,0.0,0.0,0.0,1.0
2026-09-15T23:49:12.226479392Z,32900.0,5380.958,1.0,0.0,1.0,2048.0,8.0,256.0,0.0,2.43,7.73,115.25,1.26,0.0,0.0,0.0,1.0
2026-09-15T23:49:14.766758024Z,32920.0,5383.498,1.0,0.0,1.0,2048.0,8.0,256.0,0.0,2.3,8.22,113.82,0.79,0.0,0.0,0.0,1.0
2026-09-15T23:49:17.307233365Z,32940.0,5386.039,1.0,0.0,1.0,2048.0,8.0,256.0,0.0,2.43,7.29,115.83,0.99,0.0,0.0,0.0,1.0
2026-09-15T23:49:19.847568637Z,32960.0,5388.579,1.0,0.0,1.0,2048.0,8.0,256.0,0.0,2.55,7.55,116.0,1.27,0.0,0.0,0.0,1.0
2026-09-15T23:49:22.387983938Z,32980.0,5391.119,1.0,0.0,1.0,2048.0,8.0,256.0,0.0,2.8,7.91,114.72,0.45,0.0,0.0,0.0,1.0
2026-09-15T23:49:24.928823770Z,33000.0,5393.66,1.0,0.0,1.0,2048.0,8.0,256.0,0.0,2.35,7.51,115.73,1.64,0.0,0.0,0.0,1.0
2026-09-15T23:49:27.469172491Z,33020.0,5396.201,1.0,0.0,1.0,2048.0,8.0,256.0,0.0,2.68,7.3,115.7,0.65,0.0,0.0,0.0,1.0
2026-09-15T23:49:30.009956762Z,33040.0,5398.741,1.0,0.0,1.0,2048.0,8.0,256.0,0.0,2.73,7.74,114.21,1.15,0.0,0.0,0.0,1.0
2026-09-15T23:49:32.551003104Z,33060.0,5401.282,1.0,0.0,1.0,2048.0,8.0,256.0,0.0,2.99,7.38,115.61,1.31,0.0,0.0,0.0,1.0
2026-09-15T23:49:35.092047525Z,33080.0,5403.823,1.0,0.0,1.0,2048.0,8.0,256.0,0.0,2.82,7.46,115.35,0.89,0.0,0.0,0.0,1.0
2026-09-15T23:49:37.632558777Z,33100.0,5406.364,1.0,0.0,1.0,2048.0,8.0,256.0,0.0,2.52,6.86,116.08,1.72,0.0,0.0,0.0,1.0
2026-09-15T23:49:40.173230988Z,33120.0,5408.905,1.0,0.0,1.0,2048.0,8.0,256.0,0.0,2.82,6.85,115.43,0.94,0.0,0.0,0.0,1.0
2026-09-15T23:49:42.713678490Z,33140.0,5411.445,1.0,0.0,1.0,2048.0,8.0,256.0,0.0,2.65,6.93,116.28,1.35,0.0,0.0,0.0,1.0
2026-09-15T23:49:45.254511911Z,33160.0,5413.986,1.0,0.0,1.0,2048.0,8.0,256.0,0.0,2.96,8.92,112.29,0.97,0.0,0.0,0.0,1.0
2026-09-15T23:49:47.794676733Z,33180.0,5416.526,1.0,0.0,1.0,2048.0,8.0,256.0,0.0,3.02,8.59,113.62,0.71,0.0,0.0,0.0,1.0
2026-09-15T23:49:50.335082174Z,33200.0,5419.066,1.0,0.0,1.0,2048.0,8.0,256.0,0.0,2.97,7.81,114.71,0.63,0.0,0.0,0.0,1.0
2026-09-15T23:49:52.876002926Z,33220.0,5421.607,1.0,0.0,1.0,2048.0,8.0,256.0,0.0,2.41,7.63,115.03,1.75,0.0,0.0,0.0,1.0
2026-09-15T23:49:55.416743197Z,33240.0,5424.148,1.0,0.0,1.0,2048.0,8.0,256.0,0.0,2.6,7.51,115.43,1.15,0.0,0.0,0.0,1.0
2026-09-15T23:49:57.957031009Z,33260.0,5426.688,1.0,0.0,1.0,2048.0,8.0,256.0,0.0,3.26,7.88,113.68,1.53,0.0,0.0,0.0,1.0
2026-09-15T23:50:00.497449720Z,33280.0,5429.229,1.0,0.0,1.0,2048.0,8.0,256.0,0.0,2.3,7.33,115.96,0.38,0.0,0.0,0.0,1.0
2026-09-15T23:50:03.038001992Z,33300.0,5431.769,1.0,0.0,1.0,2048.0,8.0,256.0,0.0,2.65,7.32,115.05,0.5,0.0,0.0,0.0,1.0
2026-09-15T23:50:05.578613733Z,33320.0,5434.31,1.0,0.0,1.0,2048.0,8.0,256.0,0.0,2.53,7.75,114.95,0.73,0.0,0.0,0.0,1.0
2026-09-15T23:50:08.119768005Z,33340.0,5436.851,1.0,0.0,1.0,2048.0,8.0,256.0,0.0,2.48,6.54,116.75,1.49,0.0,0.0,0.0,1.0
2026-09-15T23:50:10.660140046Z,33360.0,5439.391,1.0,0.0,1.0,2048.0,8.0,256.0,0.0,2.26,7.26,115.55,1.03,0.0,0.0,0.0,1.0
2026-09-15T23:50:13.200653087Z,33380.0,5441.932,1.0,0.0,1.0,2048.0,8.0,256.0,0.0,2.52,8.25,114.52,2.25,0.0,0.0,0.0,1.0
2026-09-15T23:50:15.741314329Z,33400.0,5444.473,1.0,0.0,1.0,2048.0,8.0,256.0,0.0,2.83,7.87,114.52,1.38,0.0,0.0,0.0,1.0
2026-09-15T23:50:18.281937310Z,33420.0,5447.013,1.0,0.0,1.0,2048.0,8.0,256.0,0.0,2.73,7.82,115.13,1.57,0.0,0.0,0.0,1.0
2026-09-15T23:50:20.822916372Z,33440.0,5449.554,1.0,0.0,1.0,2048.0,8.0,256.0,0.0,2.36,6.49,116.86,1.31,0.0,0.0,0.0,1.0
2026-09-15T23:50:23.363248704Z,33460.0,5452.095,1.0,0.0,1.0,2048.0,8.0,256.0,0.0,2.44,8.04,114.97,1.47,0.0,0.0,0.0,1.0
2026-09-15T23:50:25.903819765Z,33480.0,5454.635,1.0,0.0,1.0,2048.0,8.0,256.0,0.0,2.66,7.69,114.83,0.36,0.0,0.0,0.0,1.0
2026-09-15T23:50:28.445168256Z,33500.0,5457.176,1.0,0.0,1.0,2048.0,8.0,256.0,0.0,3.0,7.82,113.7,0.72,0.0,0.0,0.0,1.0
2026-09-15T23:50:30.985520938Z,33520.0,5459.717,1.0,0.0,1.0,2048.0,8.0,256.0,0.0,2.56,7.58,115.48,0.49,0.0,0.0,0.0,1.0
2026-09-15T23:50:33.526589749Z,33540.0,5462.258,1.0,0.0,1.0,2048.0,8.0,256.0,0.0,2.8,7.85,114.62,0.81,0.0,0.0,0.0,1.0
2026-09-15T23:50:36.067421861Z,33560.0,5464.799,1.0,0.0,1.0,2048.0,8.0,256.0,0.0,2.47,7.59,114.95,0.84,0.0,0.0,0.0,1.0
2026-09-15T23:50:38.608284692Z,33580.0,5467.34,1.0,0.0,1.0,2048.0,8.0,256.0,0.0,2.42,7.32,115.56,1.4,0.0,0.0,0.0,1.0
2026-09-15T23:50:41.649067702Z,33600.0,5470.38,1.0,1.0,256.0,2048.0,8.0,256.0,0.0,7.36,5.83,111.72,0.64,0.0,0.0,0.0,0.0
2026-09-15T23:50:44.194589464Z,33620.0,5472.926,1.0,1.0,256.0,2048.0,8.0,256.0,0.0,7.5,5.24,113.07,0.76,0.0,0.0,0.0,0.0
2026-09-15T23:50:46.756981404Z,33640.0,5475.488,1.0,1.0,256.0,2048.0,8.0,256.0,0.0,7.4,5.71,113.5,1.42,0.0,0.0,0.0,0.0
2026-09-15T23:50:49.327925625Z,33660.0,5478.059,1.0,0.0,1.0,2048.0,8.0,256.0,0.0,3.91,7.63,114.31,0.83,0.0,0.0,0.0,1.0
2026-09-15T23:50:51.868230607Z,33680.0,5480.6,1.0,0.0,1.0,2048.0,8.0,256.0,0.0,2.74,7.49,114.81,1.23,0.0,0.0,0.0,1.0
2026-09-15T23:50:54.409495308Z,33700.0,5483.141,1.0,0.0,1.0,2048.0,8.0,256.0,0.0,2.51,7.43,115.51,0.96,0.0,0.0,0.0,1.0
2026-09-15T23:50:56.950830459Z,33720.0,5485.682,1.0,0.0,1.0,2048.0,8.0,256.0,0.0,2.62,7.54,115.33,1.59,0.0,0.0,0.0,1.0
2026-09-15T23:50:59.491700371Z,33740.0,5488.223,1.0,0.0,1.0,2048.0,8.0,256.0,0.0,2.55,7.14,114.77,0.6,0.0,0.0,0.0,1.0
2026-09-15T23:51:02.032690753Z,33760.0,5490.764,1.0,0.0,1.0,2048.0,8.0,256.0,0.0,2.45,7.7,114.48,1.28,0.0,0.0,0.0,1.0
2026-09-15T23:51:04.573517384Z,33780.0,5493.305,1.0,0.0,1.0,2048.0,8.0,256.0,0.0,2.69,7.73,114.94,0.68,0.0,0.0,0.0,1.0
2026-09-15T23:53:24.839548332Z,33800.0,5633.571,8.0,8.0,2048.0,2048.0,8.0,256.0,0.0,8.86,7.31,111.42,18.9,0.0,0.0,0.0,0.0
2026-09-15T23:53:27.758034735Z,33820.0,5636.489,8.0,8.0,2048.0,2048.0,8.0,256.0,0.0,8.95,7.72,110.68,17.84,0.0,0.0,0.0,0.0
2026-09-15T23:53:30.678264177Z,33840.0,5639.41,8.0,8.0,2048.0,2048.0,8.0,256.0,0.0,8.92,6.65,111.59,17.87,0.0,0.0,0.0,0.0
2026-09-15T23:53:33.605670780Z,33860.0,5642.337,9.0,8.0,2048.0,2048.0,8.0,256.0,0.0,54.82,10.56,60.84,18.79,0.0,0.0,0.0,0.0
2026-09-15T23:53:36.524541302Z,33880.0,5645.256,8.0,8.0,2048.0,2048.0,8.0,256.0,0.0,8.19,6.75,111.91,18.28,0.0,0.0,0.0,0.0
2026-09-15T23:53:39.445670995Z,33900.0,5648.177,8.0,8.0,2048.0,2048.0,8.0,256.0,0.0,7.89,6.29,113.5,17.82,0.0,0.0,0.0,0.0
2026-09-15T23:53:43.797738165Z,33920.0,5652.529,8.0,9.0,2048.0,2048.0,16.0,256.0,0.0,26.75,9.07,91.26,18.42,0.0,0.0,0.0,1.0
2026-09-15T23:53:46.715304538Z,33940.0,5655.447,8.0,8.0,2048.0,2048.0,8.0,256.0,0.0,8.32,6.52,112.73,17.38,0.0,0.0,0.0,0.0
2026-09-15T23:53:49.640359430Z,33960.0,5658.372,9.0,8.0,2048.0,2048.0,8.0,256.0,0.0,8.1,6.58,111.79,18.92,0.0,0.0,0.0,0.0
2026-09-15T23:53:52.557297693Z,33980.0,5661.289,9.0,8.0,2048.0,2048.0,8.0,256.0,0.0,8.76,6.41,111.69,18.1,0.0,0.0,0.0,0.0
2026-09-15T23:53:55.478479746Z,34000.0,5664.21,8.0,9.0,2048.0,2048.0,16.0,256.0,0.0,8.37,6.27,112.36,17.67,0.0,0.0,0.0,1.0
2026-09-15T23:53:58.403946388Z,34020.0,5667.135,8.0,8.0,2048.0,2048.0,8.0,256.0,0.0,8.34,6.75,114.0,17.7,0.0,0.0,0.0,0.0
2026-09-15T23:54:02.823732016Z,34040.0,5671.555,8.0,8.0,2048.0,2048.0,8.0,256.0,0.0,8.03,5.52,114.62,17.57,0.0,0.0,0.0,0.0
2026-09-15T23:54:05.751951229Z,34060.0,5674.483,8.0,9.0,2048.0,2048.0,16.0,256.0,0.0,8.98,6.73,110.73,17.54,0.0,0.0,0.0,1.0
2026-09-15T23:54:08.677314142Z,34080.0,5677.409,8.0,9.0,2048.0,2048.0,16.0,256.0,0.0,8.48,6.56,112.54,18.17,0.0,0.0,0.0,1.0
2026-09-15T23:54:11.611639374Z,34100.0,5680.343,8.0,9.0,2048.0,2048.0,16.0,256.0,0.0,9.33,6.36,111.22,17.7,0.0,0.0,0.0,1.0
2026-09-15T23:54:14.540640317Z,34120.0,5683.272,8.0,8.0,2048.0,2048.0,8.0,256.0,0.0,8.0,6.11,113.96,17.71,0.0,0.0,0.0,0.0
2026-09-15T23:54:17.466805139Z,34140.0,5686.198,8.0,8.0,2048.0,2048.0,8.0,256.0,0.0,7.92,5.93,113.34,18.16,0.0,0.0,0.0,0.0
2026-09-15T23:54:20.393763982Z,34160.0,5689.125,8.0,8.0,2048.0,2048.0,8.0,256.0,0.0,8.24,6.6,112.29,17.82,0.0,0.0,0.0,0.0
2026-09-15T23:54:24.844921519Z,34180.0,5693.576,8.0,8.0,2048.0,2048.0,8.0,256.0,0.0,8.59,6.06,112.44,17.74,0.0,0.0,0.0,0.0
2026-09-15T23:54:27.767218262Z,34200.0,5696.499,8.0,8.0,2048.0,2048.0,8.0,256.0,0.0,8.39,6.39,111.59,18.51,0.0,0.0,0.0,0.0
2026-09-15T23:54:30.694721414Z,34220.0,5699.426,8.0,9.0,2048.0,2048.0,16.0,256.0,0.0,8.93,6.33,112.65,17.59,0.0,0.0,0.0,1.0
2026-09-15T23:54:33.628473027Z,34240.0,5702.36,7.0,7.0,1792.0,2048.0,8.0,256.0,0.0,8.0,6.26,113.34,17.75,0.0,0.0,0.0,0.0
2026-09-15T23:54:36.543983790Z,34260.0,5705.275,4.0,4.0,1024.0,2048.0,8.0,256.0,0.0,8.16,6.41,112.67,17.55,0.0,0.0,0.0,0.0
2026-09-15T23:54:39.472260382Z,34280.0,5708.204,3.0,3.0,593.0,2048.0,8.0,256.0,0.0,8.05,5.65,115.55,17.73,0.0,0.0,0.0,1.0
2026-09-15T23:54:42.400474715Z,34300.0,5711.132,1.0,1.0,256.0,2048.0,8.0,256.0,0.0,7.84,5.13,114.8,17.55,0.0,0.0,0.0,0.0
2026-09-15T23:57:29.334047988Z,34320.0,5878.065,11.0,10.0,1394.0,2048.0,16.0,256.0,0.0,3.45,8.09,115.0,0.71,0.0,0.0,0.0,8.0
2026-09-15T23:57:31.874234750Z,34340.0,5880.606,13.0,0.0,13.0,2048.0,16.0,256.0,0.0,3.3,15.23,104.38,1.06,0.0,0.0,0.0,13.0
2026-09-15T23:57:34.422021251Z,34360.0,5883.153,21.0,8.0,2048.0,2048.0,32.0,256.0,0.0,16.68,26.37,81.21,1.61,0.0,0.0,0.0,13.0
2026-09-15T23:57:36.974496702Z,34380.0,5885.706,29.0,0.0,29.0,2048.0,32.0,256.0,0.0,4.27,8.11,113.08,0.95,0.0,0.0,0.0,29.0
2026-09-15T23:57:39.519008234Z,34400.0,5888.25,29.0,0.0,29.0,2048.0,32.0,256.0,0.0,3.76,7.13,114.4,0.33,0.0,0.0,0.0,29.0
2026-09-15T23:57:42.073625755Z,34420.0,5890.805,37.0,0.0,37.0,2048.0,64.0,256.0,0.0,4.52,7.25,113.9,1.85,0.0,0.0,0.0,37.0
2026-09-15T23:57:44.620929596Z,34440.0,5893.352,37.0,0.0,37.0,2048.0,64.0,256.0,0.0,8.8,10.01,106.88,1.21,0.0,0.0,0.0,37.0
2026-09-15T23:57:47.169336917Z,34460.0,5895.901,37.0,0.0,37.0,2048.0,64.0,256.0,0.0,4.73,8.33,111.81,1.23,0.0,0.0,0.0,37.0
2026-09-15T23:57:49.717713388Z,34480.0,5898.449,37.0,0.0,37.0,2048.0,64.0,256.0,0.0,4.4,7.19,113.71,2.63,0.0,0.0,0.0,37.0
2026-09-15T23:57:52.264852070Z,34500.0,5900.996,37.0,0.0,37.0,2048.0,64.0,256.0,0.0,5.26,8.19,111.6,0.8,0.0,0.0,0.0,37.0
2026-09-15T23:57:54.813056871Z,34520.0,5903.544,36.0,0.0,35.0,2048.0,64.0,256.0,0.0,14.85,25.43,83.8,0.75,0.0,0.0,0.0,35.0
2026-09-15T23:57:57.359364783Z,34540.0,5906.091,35.0,0.0,35.0,2048.0,64.0,256.0,0.0,4.03,7.22,114.97,1.34,0.0,0.0,0.0,35.0
2026-09-15T23:57:59.906571934Z,34560.0,5908.638,35.0,0.0,35.0,2048.0,64.0,256.0,0.0,4.02,8.57,115.05,1.17,0.0,0.0,0.0,35.0
2026-09-15T23:58:02.463967585Z,34580.0,5911.195,39.0,0.0,39.0,2048.0,64.0,256.0,0.0,4.69,7.69,113.03,1.2,0.0,0.0,0.0,39.0
2026-09-15T23:58:05.014925896Z,34600.0,5913.746,36.0,0.0,36.0,2048.0,64.0,256.0,0.0,12.47,9.13,102.35,3.63,0.0,0.0,0.0,36.0
2026-09-15T23:58:07.572310777Z,34620.0,5916.304,40.0,0.0,39.0,2048.0,64.0,256.0,0.0,10.09,10.35,105.68,0.6,0.0,0.0,0.0,39.0
2026-09-15T23:58:10.121441129Z,34640.0,5918.853,37.0,0.0,37.0,2048.0,64.0,256.0,0.0,5.34,9.64,114.11,1.41,0.0,0.0,0.0,37.0
2026-09-15T23:58:12.682026149Z,34660.0,5921.413,42.0,3.0,155.0,2048.0,64.0,256.0,1.0,5.07,8.19,113.69,1.05,0.0,0.0,0.0,42.0
2026-09-15T23:58:15.232332691Z,34680.0,5923.964,40.0,0.0,40.0,2048.0,64.0,256.0,0.0,14.52,78.49,61.56,1.69,0.0,0.0,0.0,40.0
2026-09-15T23:58:17.781288552Z,34700.0,5926.513,39.0,0.0,39.0,2048.0,64.0,256.0,0.0,5.64,12.42,106.18,0.79,0.0,0.0,0.0,39.0
2026-09-15T23:58:20.764644003Z,34720.0,5929.496,50.0,8.0,2048.0,2048.0,64.0,256.0,0.0,5.54,7.42,113.77,1.8,0.0,0.0,0.0,42.0
2026-09-15T23:58:23.340625944Z,34740.0,5932.072,57.0,0.0,57.0,2048.0,128.0,256.0,0.0,12.63,11.8,99.72,0.32,0.0,0.0,0.0,57.0
2026-09-15T23:58:25.919485224Z,34760.0,5934.651,68.0,8.0,2048.0,2048.0,128.0,256.0,0.0,6.11,8.97,113.54,1.98,0.0,0.0,0.0,60.0
2026-09-15T23:58:28.498857275Z,34780.0,5937.23,71.0,0.0,71.0,2048.0,128.0,256.0,0.0,6.19,8.16,111.33,2.61,0.0,0.0,0.0,71.0
2026-09-15T23:58:31.074485915Z,34800.0,5939.806,74.0,0.0,74.0,2048.0,128.0,256.0,0.0,6.2,7.58,111.99,0.75,0.0,0.0,0.0,74.0
2026-09-15T23:58:33.649502336Z,34820.0,5942.381,77.0,2.0,144.0,2048.0,128.0,256.0,1.0,7.18,11.16,109.33,0.35,0.0,0.0,0.0,77.0
2026-09-15T23:58:36.343865774Z,34840.0,5945.075,82.0,0.0,82.0,2048.0,128.0,256.0,0.0,10.06,16.23,100.58,1.27,0.0,0.0,0.0,82.0
2026-09-15T23:58:40.666312685Z,34860.0,5949.398,84.0,8.0,2048.0,2048.0,128.0,256.0,0.0,63.21,9.4,46.92,2.03,0.0,0.0,0.0,76.0
2026-09-15T23:58:43.261922035Z,34880.0,5951.993,102.0,10.0,2048.0,2048.0,128.0,256.0,0.0,11.18,11.34,104.95,0.57,0.0,0.0,0.0,95.0
2026-09-15T23:58:45.857082545Z,34900.0,5954.588,108.0,7.0,1808.0,2048.0,128.0,256.0,1.0,88.48,9.15,30.91,1.08,0.0,0.0,0.0,101.0
2026-09-15T23:58:48.456316515Z,34920.0,5957.188,118.0,7.0,1617.0,2048.0,128.0,256.0,1.0,7.21,8.54,112.58,1.78,0.0,0.0,0.0,114.0
2026-09-15T23:58:51.050371025Z,34940.0,5959.782,119.0,1.0,359.0,2048.0,128.0,256.0,1.0,9.62,12.09,105.59,1.23,0.0,0.0,0.0,118.0
2026-09-15T23:58:53.641661395Z,34960.0,5962.373,121.0,2.0,601.0,2048.0,128.0,256.0,1.0,8.42,8.1,111.85,0.85,0.0,0.0,0.0,119.0
2026-09-15T23:58:56.236490236Z,34980.0,5964.968,121.0,8.0,2048.0,2048.0,128.0,256.0,0.0,25.0,12.42,90.36,0.44,0.0,0.0,0.0,112.0
2026-09-15T23:58:58.830770996Z,35000.0,5967.562,119.0,5.0,1328.0,2048.0,128.0,256.0,1.0,102.71,13.2,10.38,0.51,0.0,0.0,0.0,115.0
2026-09-15T23:59:01.431955426Z,35020.0,5970.163,121.0,8.0,2022.0,2048.0,128.0,256.0,0.0,12.61,14.0,102.07,0.7,0.0,0.0,0.0,113.0
2026-09-15T23:59:04.027446396Z,35040.0,5972.759,119.0,1.0,359.0,2048.0,128.0,256.0,1.0,8.31,13.82,105.86,0.61,0.0,0.0,0.0,118.0
2026-09-15T23:59:06.619778547Z,35060.0,5975.351,120.0,2.0,601.0,2048.0,128.0,256.0,1.0,7.96,8.5,111.25,0.91,0.0,0.0,0.0,118.0
2026-09-15T23:59:09.227238906Z,35080.0,5977.959,116.0,9.0,1808.0,2048.0,128.0,256.0,1.0,127.1,8.75,7.31,0.88,0.0,0.0,0.0,112.0
2026-09-15T23:59:11.829564316Z,35100.0,5980.561,122.0,8.0,2048.0,2048.0,128.0,256.0,0.0,7.49,8.04,112.94,1.42,0.0,0.0,0.0,114.0
2026-09-15T23:59:14.431518496Z,35120.0,5983.163,120.0,7.0,1808.0,2048.0,128.0,256.0,1.0,13.36,10.22,105.24,0.55,0.0,0.0,0.0,112.0
2026-09-15T23:59:17.079484975Z,35140.0,5985.811,113.0,6.0,1568.0,2048.0,128.0,256.0,1.0,92.99,11.05,23.45,0.73,0.0,0.0,0.0,106.0
2026-09-15T23:59:19.724048223Z,35160.0,5988.455,111.0,6.0,1568.0,2048.0,128.0,256.0,1.0,20.51,13.45,93.74,0.44,0.0,0.0,0.0,104.0
2026-09-15T23:59:22.319528343Z,35180.0,5991.051,107.0,8.0,2048.0,2048.0,128.0,256.0,0.0,37.87,10.0,80.94,1.68,0.0,0.0,0.0,98.0
2026-09-15T23:59:24.919414753Z,35200.0,5993.651,110.0,8.0,2048.0,2048.0,128.0,256.0,0.0,9.11,7.75,111.73,2.31,0.0,0.0,0.0,102.0
2026-09-15T23:59:27.527663253Z,35220.0,5996.259,113.0,7.0,1673.0,2048.0,128.0,256.0,1.0,14.09,11.57,102.55,0.5,0.0,0.0,0.0,106.0
2026-09-15T23:59:30.133083023Z,35240.0,5998.864,119.0,9.0,2048.0,2048.0,128.0,256.0,0.0,20.36,11.34,97.67,0.91,0.0,0.0,0.0,111.0
2026-09-15T23:59:32.734694672Z,35260.0,6001.466,118.0,9.0,1808.0,2048.0,128.0,256.0,1.0,27.74,10.8,89.88,0.68,0.0,0.0,0.0,112.0
2026-09-15T23:59:35.387235691Z,35280.0,6004.119,116.0,9.0,2048.0,2048.0,128.0,256.0,0.0,22.94,10.74,94.33,0.97,0.0,0.0,0.0,108.0
2026-09-15T23:59:37.997175191Z,35300.0,6006.729,116.0,10.0,2048.0,2048.0,128.0,256.0,0.0,25.48,9.47,93.45,0.87,0.0,0.0,0.0,110.0
2026-09-15T23:59:40.612879870Z,35320.0,6009.344,111.0,9.0,2048.0,2048.0,128.0,256.0,0.0,27.0,11.39,90.71,0.77,0.0,0.0,0.0,104.0
2026-09-15T23:59:43.244100219Z,35340.0,6011.975,114.0,8.0,2048.0,2048.0,128.0,256.0,0.0,21.24,10.88,95.26,0.4,0.0,0.0,0.0,106.0
2026-09-15T23:59:45.853481879Z,35360.0,6014.585,107.0,9.0,2048.0,2048.0,128.0,256.0,0.0,22.51,12.68,94.01,0.4,0.0,0.0,0.0,98.0
2026-09-15T23:59:48.468661799Z,35380.0,6017.2,107.0,10.0,2048.0,2048.0,128.0,256.0,0.0,20.45,8.75,99.31,0.34,0.0,0.0,0.0,101.0
2026-09-15T23:59:51.130654687Z,35400.0,6019.862,110.0,7.0,1808.0,2048.0,128.0,256.0,1.0,8.61,8.66,111.93,1.32,0.0,0.0,0.0,103.0
2026-09-15T23:59:53.741469466Z,35420.0,6022.473,115.0,7.0,1808.0,2048.0,128.0,256.0,1.0,101.18,8.83,18.18,1.64,0.0,0.0,0.0,108.0
2026-09-15T23:59:56.357982516Z,35440.0,6025.089,116.0,8.0,2048.0,2048.0,128.0,256.0,0.0,9.29,9.37,111.07,1.02,0.0,0.0,0.0,108.0
2026-09-15T23:59:58.977162455Z,35460.0,6027.708,116.0,6.0,1568.0,2048.0,128.0,256.0,1.0,22.26,12.44,93.48,0.57,0.0,0.0,0.0,110.0
2026-09-16T00:00:01.609697744Z,35480.0,6030.341,117.0,7.0,1808.0,2048.0,128.0,256.0,1.0,130.1,13.72,7.24,0.47,0.0,0.0,0.0,111.0
2026-09-16T00:00:04.240502824Z,35500.0,6032.972,114.0,8.0,2048.0,2048.0,128.0,256.0,0.0,121.45,11.93,7.9,1.05,0.0,0.0,0.0,105.0
2026-09-16T00:00:06.858365393Z,35520.0,6035.59,113.0,9.0,2048.0,2048.0,128.0,256.0,0.0,24.71,12.0,93.48,0.46,0.0,0.0,0.0,106.0
2026-09-16T00:00:09.523018691Z,35540.0,6038.254,111.0,8.0,2048.0,2048.0,128.0,256.0,0.0,15.42,13.67,96.84,0.37,0.0,0.0,0.0,102.0
2026-09-16T00:00:12.172898360Z,35560.0,6040.904,112.0,9.0,2048.0,2048.0,128.0,256.0,0.0,24.51,13.53,91.49,0.28,0.0,0.0,0.0,103.0
2026-09-16T00:00:14.803463299Z,35580.0,6043.535,108.0,8.0,2048.0,2048.0,128.0,256.0,0.0,6.75,7.98,113.4,0.33,0.0,0.0,0.0,100.0
2026-09-16T00:00:17.416737179Z,35600.0,6046.148,113.0,8.0,2048.0,2048.0,128.0,256.0,0.0,13.04,11.4,105.04,2.07,0.0,0.0,0.0,104.0
2026-09-16T00:00:20.035145538Z,35620.0,6048.767,116.0,9.0,2048.0,2048.0,128.0,256.0,0.0,23.46,10.34,95.13,1.43,0.0,0.0,0.0,108.0
2026-09-16T00:00:22.663657537Z,35640.0,6051.395,115.0,8.0,1808.0,2048.0,128.0,256.0,1.0,20.31,8.61,100.56,1.09,0.0,0.0,0.0,109.0
2026-09-16T00:00:25.282322697Z,35660.0,6054.014,119.0,4.0,868.0,2048.0,128.0,256.0,1.0,12.22,11.02,106.16,1.3,0.0,0.0,0.0,115.0
2026-09-16T00:00:28.042828233Z,35680.0,6056.774,113.0,7.0,1808.0,2048.0,128.0,256.0,1.0,116.19,10.88,7.09,0.46,0.0,0.0,0.0,105.0
2026-09-16T00:00:30.671146732Z,35700.0,6059.403,111.0,9.0,2048.0,2048.0,128.0,256.0,0.0,30.65,11.08,87.56,0.86,0.0,0.0,0.0,103.0
2026-09-16T00:00:33.381287989Z,35720.0,6062.113,105.0,8.0,2048.0,2048.0,128.0,256.0,0.0,8.41,8.2,112.42,0.61,0.0,0.0,0.0,97.0
2026-09-16T00:00:36.019461868Z,35740.0,6064.751,109.0,8.0,1808.0,2048.0,128.0,256.0,1.0,23.96,11.9,92.94,1.04,0.0,0.0,0.0,102.0
2026-09-16T00:00:38.634484938Z,35760.0,6067.366,109.0,9.0,2048.0,2048.0,128.0,256.0,0.0,27.51,16.7,85.32,0.39,0.0,0.0,0.0,100.0
2026-09-16T00:00:41.325614986Z,35780.0,6070.057,103.0,8.0,2048.0,2048.0,128.0,256.0,0.0,12.0,12.22,104.99,0.57,0.0,0.0,0.0,94.0
2026-09-16T00:00:43.965789424Z,35800.0,6072.697,103.0,9.0,2048.0,2048.0,128.0,256.0,0.0,24.0,10.98,94.57,1.62,0.0,0.0,0.0,95.0
2026-09-16T00:00:46.614446323Z,35820.0,6075.346,103.0,7.0,1808.0,2048.0,128.0,256.0,1.0,8.47,8.3,112.44,1.64,0.0,0.0,0.0,96.0
2026-09-16T00:00:49.233939823Z,35840.0,6077.965,102.0,8.0,2048.0,2048.0,128.0,256.0,0.0,7.9,7.84,113.62,0.67,0.0,0.0,0.0,94.0
2026-09-16T00:00:51.892459581Z,35860.0,6080.624,103.0,9.0,2048.0,2048.0,128.0,256.0,0.0,29.44,11.08,89.18,0.62,0.0,0.0,0.0,95.0
2026-09-16T00:00:54.511269160Z,35880.0,6083.243,102.0,8.0,2048.0,2048.0,128.0,256.0,0.0,6.83,9.06,113.24,1.34,0.0,0.0,0.0,94.0
2026-09-16T00:00:57.143343520Z,35900.0,6085.875,107.0,9.0,2048.0,2048.0,128.0,256.0,0.0,21.92,8.21,98.42,1.75,0.0,0.0,0.0,100.0
2026-09-16T00:00:59.788647949Z,35920.0,6088.52,105.0,9.0,2048.0,2048.0,128.0,256.0,0.0,25.31,11.46,91.13,0.75,0.0,0.0,0.0,98.0
2026-09-16T00:01:02.485531516Z,35940.0,6091.217,108.0,9.0,2048.0,2048.0,128.0,256.0,0.0,161.77,11.14,7.21,0.9,0.0,0.0,0.0,100.0
2026-09-16T00:01:05.142358885Z,35960.0,6093.874,108.0,9.0,2048.0,2048.0,128.0,256.0,0.0,19.45,9.49,100.51,1.29,0.0,0.0,0.0,101.0
2026-09-16T00:01:07.803083003Z,35980.0,6096.534,110.0,7.0,1808.0,2048.0,128.0,256.0,1.0,9.05,9.51,110.9,1.21,0.0,0.0,0.0,103.0
2026-09-16T00:01:12.074618914Z,36000.0,6100.806,112.0,7.0,1808.0,2048.0,128.0,256.0,1.0,7.79,8.45,113.6,0.76,0.0,0.0,0.0,105.0
2026-09-16T00:01:14.715968483Z,36020.0,6103.447,113.0,7.0,1808.0,2048.0,128.0,256.0,1.0,8.71,9.36,111.19,1.47,0.0,0.0,0.0,106.0
2026-09-16T00:01:17.407304671Z,36040.0,6106.139,110.0,8.0,2048.0,2048.0,128.0,256.0,0.0,8.43,8.84,108.08,0.64,0.0,0.0,0.0,102.0
2026-09-16T00:01:20.059666320Z,36060.0,6108.791,106.0,8.0,2048.0,2048.0,128.0,256.0,0.0,8.02,8.32,111.81,1.46,0.0,0.0,0.0,98.0
2026-09-16T00:01:22.708647168Z,36080.0,6111.44,112.0,8.0,2048.0,2048.0,128.0,256.0,0.0,8.8,9.92,111.18,0.89,0.0,0.0,0.0,104.0
2026-09-16T00:01:25.399312306Z,36100.0,6114.131,110.0,7.0,1808.0,2048.0,128.0,256.0,1.0,7.37,8.41,113.46,0.42,0.0,0.0,0.0,103.0
2026-09-16T00:01:28.054141345Z,36120.0,6116.785,106.0,9.0,2048.0,2048.0,128.0,256.0,0.0,25.49,10.34,85.54,1.69,0.0,0.0,0.0,99.0
2026-09-16T00:01:30.732507293Z,36140.0,6119.464,104.0,8.0,2048.0,2048.0,128.0,256.0,0.0,11.04,9.17,107.29,0.45,0.0,0.0,0.0,96.0
2026-09-16T00:01:33.441894430Z,36160.0,6122.173,101.0,8.0,2048.0,2048.0,128.0,256.0,0.0,7.09,9.08,113.35,1.54,0.0,0.0,0.0,93.0
2026-09-16T00:01:36.133756088Z,36180.0,6124.865,106.0,8.0,2048.0,2048.0,128.0,256.0,0.0,8.13,9.19,111.56,2.1,0.0,0.0,0.0,98.0
2026-09-16T00:01:38.786065816Z,36200.0,6127.517,107.0,8.0,2048.0,2048.0,128.0,256.0,0.0,29.18,11.0,89.48,1.38,0.0,0.0,0.0,99.0
2026-09-16T00:01:41.452033755Z,36220.0,6130.183,108.0,8.0,2048.0,2048.0,128.0,256.0,0.0,12.25,11.25,106.0,0.83,0.0,0.0,0.0,99.0
2026-09-16T00:01:44.121989793Z,36240.0,6132.853,108.0,8.0,1808.0,2048.0,128.0,256.0,1.0,28.51,8.75,92.29,2.02,0.0,0.0,0.0,102.0
2026-09-16T00:01:46.748782052Z,36260.0,6135.48,112.0,6.0,1568.0,2048.0,128.0,256.0,1.0,14.84,13.07,102.19,1.07,0.0,0.0,0.0,105.0
2026-09-16T00:01:49.465736139Z,36280.0,6138.197,111.0,8.0,2048.0,2048.0,128.0,256.0,0.0,166.28,9.0,7.22,1.0,0.0,0.0,0.0,103.0
2026-09-16T00:01:52.121080548Z,36300.0,6140.852,107.0,8.0,2048.0,2048.0,128.0,256.0,0.0,9.28,8.7,110.8,0.43,0.0,0.0,0.0,99.0
2026-09-16T00:01:54.794062886Z,36320.0,6143.525,103.0,9.0,2048.0,2048.0,128.0,256.0,0.0,28.41,13.25,89.17,0.78,0.0,0.0,0.0,94.0
2026-09-16T00:01:57.442868525Z,36340.0,6146.174,106.0,9.0,2048.0,2048.0,128.0,256.0,0.0,28.11,14.78,86.61,1.3,0.0,0.0,0.0,98.0
2026-09-16T00:02:00.141717022Z,36360.0,6148.873,107.0,8.0,2048.0,2048.0,128.0,256.0,0.0,7.24,7.98,115.1,0.68,0.0,0.0,0.0,99.0
2026-09-16T00:02:02.808432681Z,36380.0,6151.54,110.0,8.0,2048.0,2048.0,128.0,256.0,0.0,7.16,8.1,114.42,1.63,0.0,0.0,0.0,102.0
2026-09-16T00:02:05.487011089Z,36400.0,6154.218,108.0,8.0,2048.0,2048.0,128.0,256.0,0.0,12.35,11.18,106.7,0.92,0.0,0.0,0.0,99.0
2026-09-16T00:02:08.184102226Z,36420.0,6156.916,107.0,8.0,2048.0,2048.0,128.0,256.0,0.0,8.43,9.94,111.54,1.65,0.0,0.0,0.0,98.0
2026-09-16T00:02:10.874891384Z,36440.0,6159.606,106.0,8.0,2048.0,2048.0,128.0,256.0,0.0,11.8,11.47,107.59,1.68,0.0,0.0,0.0,97.0
2026-09-16T00:02:13.565113762Z,36460.0,6162.296,105.0,8.0,2048.0,2048.0,128.0,256.0,0.0,12.82,7.51,108.83,0.76,0.0,0.0,0.0,97.0
2026-09-16T00:02:16.262683889Z,36480.0,6164.994,106.0,9.0,2048.0,2048.0,128.0,256.0,0.0,21.38,9.07,99.41,0.76,0.0,0.0,0.0,99.0
2026-09-16T00:02:18.929332388Z,36500.0,6167.661,108.0,8.0,2048.0,2048.0,128.0,256.0,0.0,7.21,8.92,114.33,1.04,0.0,0.0,0.0,100.0
2026-09-16T00:02:21.585530576Z,36520.0,6170.317,110.0,8.0,2048.0,2048.0,128.0,256.0,0.0,11.01,9.69,109.64,2.03,0.0,0.0,0.0,102.0
2026-09-16T00:02:24.265324224Z,36540.0,6172.997,110.0,8.0,2048.0,2048.0,128.0,256.0,0.0,7.33,8.67,114.21,0.43,0.0,0.0,0.0,102.0
2026-09-16T00:02:26.908561913Z,36560.0,6175.64,116.0,9.0,2048.0,2048.0,128.0,256.0,0.0,35.69,9.09,85.55,1.06,0.0,0.0,0.0,109.0
2026-09-16T00:02:29.717728138Z,36580.0,6178.449,112.0,7.0,1808.0,2048.0,128.0,256.0,1.0,7.9,13.97,104.91,0.31,0.0,0.0,0.0,105.0
2026-09-16T00:02:32.371348447Z,36600.0,6181.103,110.0,9.0,2048.0,2048.0,128.0,256.0,0.0,20.42,8.71,101.01,1.2,0.0,0.0,0.0,103.0
2026-09-16T00:02:35.070290364Z,36620.0,6183.802,111.0,8.0,1808.0,2048.0,128.0,256.0,1.0,29.92,16.09,84.18,0.47,0.0,0.0,0.0,103.0
2026-09-16T00:02:37.761502422Z,36640.0,6186.493,106.0,8.0,2048.0,2048.0,128.0,256.0,0.0,7.36,7.85,113.83,1.0,0.0,0.0,0.0,98.0
2026-09-16T00:02:40.504277668Z,36660.0,6189.236,104.0,8.0,2048.0,2048.0,128.0,256.0,0.0,153.48,8.26,6.43,1.46,0.0,0.0,0.0,96.0
2026-09-16T00:02:43.211076186Z,36680.0,6191.942,99.0,10.0,2048.0,2048.0,128.0,256.0,0.0,189.8,9.62,6.41,1.27,0.0,0.0,0.0,93.0
2026-09-16T00:02:45.842890155Z,36700.0,6194.574,103.0,7.0,1808.0,2048.0,128.0,256.0,1.0,6.71,8.2,114.09,0.42,0.0,0.0,0.0,96.0
2026-09-16T00:02:48.524228473Z,36720.0,6197.256,100.0,8.0,2048.0,2048.0,128.0,256.0,0.0,14.04,9.51,106.75,0.47,0.0,0.0,0.0,92.0
2026-09-16T00:02:51.261895740Z,36740.0,6199.993,100.0,8.0,2048.0,2048.0,128.0,256.0,0.0,8.54,10.43,111.26,0.74,0.0,0.0,0.0,91.0
2026-09-16T00:02:54.092680645Z,36760.0,6202.824,98.0,9.0,2048.0,2048.0,128.0,256.0,0.0,195.27,16.43,8.13,1.33,0.0,0.0,0.0,88.0
2026-09-16T00:02:56.807106692Z,36780.0,6205.538,95.0,9.0,2048.0,2048.0,128.0,256.0,0.0,25.34,9.52,95.62,2.12,0.0,0.0,0.0,88.0
2026-09-16T00:02:59.517340599Z,36800.0,6208.249,97.0,9.0,2048.0,2048.0,128.0,256.0,0.0,189.25,8.31,8.31,0.93,0.0,0.0,0.0,90.0
2026-09-16T00:03:02.156161388Z,36820.0,6210.887,95.0,9.0,2048.0,2048.0,128.0,256.0,0.0,24.01,8.78,97.65,1.48,0.0,0.0,0.0,88.0
2026-09-16T00:03:04.879253355Z,36840.0,6213.611,100.0,9.0,2048.0,2048.0,128.0,256.0,0.0,26.41,10.88,94.02,0.96,0.0,0.0,0.0,92.0
2026-09-16T00:03:07.601304962Z,36860.0,6216.333,103.0,8.0,2048.0,2048.0,128.0,256.0,0.0,10.42,11.2,108.31,0.32,0.0,0.0,0.0,95.0
2026-09-16T00:03:10.243937081Z,36880.0,6218.975,102.0,9.0,2048.0,2048.0,128.0,256.0,0.0,29.63,9.81,90.97,0.36,0.0,0.0,0.0,95.0
2026-09-16T00:03:12.947810058Z,36900.0,6221.679,100.0,9.0,2048.0,2048.0,128.0,256.0,0.0,29.61,10.57,90.13,1.01,0.0,0.0,0.0,92.0
2026-09-16T00:03:15.641235546Z,36920.0,6224.373,103.0,8.0,2048.0,2048.0,128.0,256.0,0.0,9.15,10.12,111.66,0.97,0.0,0.0,0.0,94.0
2026-09-16T00:03:18.354625083Z,36940.0,6227.086,105.0,8.0,2048.0,2048.0,128.0,256.0,0.0,7.22,8.89,114.96,1.24,0.0,0.0,0.0,97.0
2026-09-16T00:03:21.152069588Z,36960.0,6229.883,104.0,8.0,2048.0,2048.0,128.0,256.0,0.0,8.07,7.82,110.57,0.9,0.0,0.0,0.0,96.0
2026-09-16T00:03:23.891244175Z,36980.0,6232.623,98.0,8.0,1808.0,2048.0,128.0,256.0,1.0,31.65,8.8,88.38,1.57,0.0,0.0,0.0,92.0
2026-09-16T00:03:26.633134102Z,37000.0,6235.364,97.0,8.0,2048.0,2048.0,128.0,256.0,0.0,7.96,9.49,113.34,0.92,0.0,0.0,0.0,89.0
2026-09-16T00:03:29.342633529Z,37020.0,6238.074,96.0,8.0,2048.0,2048.0,128.0,256.0,0.0,7.67,8.11,114.48,1.17,0.0,0.0,0.0,88.0
2026-09-16T00:03:32.049675067Z,37040.0,6240.781,99.0,8.0,2048.0,2048.0,128.0,256.0,0.0,6.92,7.53,114.91,0.99,0.0,0.0,0.0,91.0
2026-09-16T00:03:34.687655285Z,37060.0,6243.419,102.0,8.0,2048.0,2048.0,128.0,256.0,0.0,10.63,9.73,109.81,0.77,0.0,0.0,0.0,94.0
2026-09-16T00:03:37.426275612Z,37080.0,6246.158,97.0,9.0,2048.0,2048.0,128.0,256.0,0.0,25.08,8.5,96.11,2.03,0.0,0.0,0.0,90.0
2026-09-16T00:03:40.117907560Z,37100.0,6248.849,99.0,9.0,2048.0,2048.0,128.0,256.0,0.0,23.61,11.24,95.24,0.48,0.0,0.0,0.0,92.0
2026-09-16T00:03:42.886894436Z,37120.0,6251.618,98.0,5.0,1168.0,2048.0,128.0,256.0,1.0,13.06,10.21,105.68,0.4,0.0,0.0,0.0,93.0
2026-09-16T00:03:45.523690375Z,37140.0,6254.255,101.0,7.0,1808.0,2048.0,128.0,256.0,1.0,8.27,8.09,113.2,1.05,0.0,0.0,0.0,94.0
2026-09-16T00:03:48.272069341Z,37160.0,6257.003,101.0,8.0,2048.0,2048.0,128.0,256.0,0.0,8.71,10.73,110.58,1.63,0.0,0.0,0.0,92.0
2026-09-16T00:03:50.903928120Z,37180.0,6259.635,100.0,2.0,584.0,2048.0,128.0,256.0,1.0,8.4,7.67,113.8,1.74,0.0,0.0,0.0,98.0
2026-09-16T00:03:53.692103096Z,37200.0,6262.423,99.0,8.0,2048.0,2048.0,128.0,256.0,0.0,6.91,7.92,114.45,1.93,0.0,0.0,0.0,91.0
2026-09-16T00:03:56.417153513Z,37220.0,6265.148,100.0,8.0,2048.0,2048.0,128.0,256.0,0.0,13.79,10.47,104.9,0.94,0.0,0.0,0.0,91.0
2026-09-16T00:03:59.184760629Z,37240.0,6267.916,99.0,9.0,2048.0,2048.0,128.0,256.0,0.0,30.03,10.98,90.96,1.01,0.0,0.0,0.0,91.0
2026-09-16T00:04:01.820755858Z,37260.0,6270.552,97.0,4.0,1076.0,2048.0,128.0,256.0,1.0,6.7,8.35,114.08,0.86,0.0,0.0,0.0,93.0
2026-09-16T00:04:04.575475824Z,37280.0,6273.307,97.0,7.0,1808.0,2048.0,128.0,256.0,1.0,18.86,15.75,94.56,0.93,0.0,0.0,0.0,89.0
2026-09-16T00:04:07.348909430Z,37300.0,6276.08,97.0,9.0,2048.0,2048.0,128.0,256.0,0.0,27.0,8.73,84.58,4.02,0.0,0.0,0.0,90.0
2026-09-16T00:04:10.067675897Z,37320.0,6278.799,95.0,9.0,2048.0,2048.0,128.0,256.0,0.0,26.3,11.58,91.34,0.85,0.0,0.0,0.0,87.0
2026-09-16T00:04:12.698966166Z,37340.0,6281.43,92.0,8.0,2048.0,2048.0,128.0,256.0,0.0,12.59,8.43,108.82,0.76,0.0,0.0,0.0,84.0
2026-09-16T00:04:15.432626053Z,37360.0,6284.164,97.0,8.0,2048.0,2048.0,128.0,256.0,0.0,9.98,13.39,108.3,1.4,0.0,0.0,0.0,87.0
2026-09-16T00:04:18.191840109Z,37380.0,6286.923,88.0,2.0,579.0,2048.0,128.0,256.0,1.0,21.88,9.99,93.92,0.37,0.0,0.0,0.0,86.0
2026-09-16T00:04:20.918665776Z,37400.0,6289.65,89.0,10.0,2048.0,2048.0,128.0,256.0,0.0,30.77,12.03,87.86,1.85,0.0,0.0,0.0,82.0
2026-09-16T00:04:23.639703293Z,37420.0,6292.371,84.0,8.0,2048.0,2048.0,128.0,256.0,0.0,10.34,8.94,109.92,1.24,0.0,0.0,0.0,76.0
2026-09-16T00:04:26.349470710Z,37440.0,6295.081,89.0,8.0,2048.0,2048.0,128.0,256.0,0.0,6.79,9.62,113.8,1.59,0.0,0.0,0.0,81.0
2026-09-16T00:04:28.983767949Z,37460.0,6297.715,87.0,10.0,2048.0,2048.0,128.0,256.0,0.0,37.8,9.41,82.44,1.22,0.0,0.0,0.0,81.0
2026-09-16T00:04:31.785180965Z,37480.0,6300.516,89.0,8.0,2048.0,2048.0,128.0,256.0,0.0,6.11,8.85,114.56,1.65,0.0,0.0,0.0,81.0
2026-09-16T00:04:34.419892024Z,37500.0,6303.151,87.0,5.0,900.0,2048.0,128.0,256.0,1.0,8.19,8.55,113.08,2.1,0.0,0.0,0.0,84.0
2026-09-16T00:04:37.299232347Z,37520.0,6306.031,90.0,8.0,2048.0,2048.0,128.0,256.0,0.0,6.06,10.49,112.75,1.74,0.0,0.0,0.0,82.0
2026-09-16T00:04:39.924430346Z,37540.0,6308.656,83.0,2.0,572.0,2048.0,128.0,256.0,1.0,7.44,9.35,111.91,0.71,0.0,0.0,0.0,81.0
2026-09-16T00:04:42.723685582Z,37560.0,6311.455,84.0,8.0,2048.0,2048.0,128.0,256.0,0.0,15.9,10.13,101.34,2.05,0.0,0.0,0.0,76.0
2026-09-16T00:04:45.484833758Z,37580.0,6314.216,84.0,8.0,2048.0,2048.0,128.0,256.0,0.0,6.95,7.59,114.88,0.35,0.0,0.0,0.0,76.0
2026-09-16T00:04:48.118061697Z,37600.0,6316.849,83.0,6.0,1325.0,2048.0,128.0,256.0,1.0,14.22,8.33,106.71,1.87,0.0,0.0,0.0,79.0
2026-09-16T00:04:50.856818973Z,37620.0,6319.588,85.0,8.0,2048.0,2048.0,128.0,256.0,0.0,6.41,8.92,115.11,1.22,0.0,0.0,0.0,77.0
2026-09-16T00:04:53.605109830Z,37640.0,6322.337,84.0,9.0,2048.0,2048.0,128.0,256.0,0.0,32.51,10.74,83.52,0.95,0.0,0.0,0.0,76.0
2026-09-16T00:04:56.327992977Z,37660.0,6325.059,80.0,8.0,2048.0,2048.0,128.0,256.0,0.0,8.82,10.88,111.94,1.02,0.0,0.0,0.0,71.0
2026-09-16T00:04:58.971240266Z,37680.0,6327.703,79.0,8.0,2048.0,2048.0,128.0,256.0,0.0,11.04,7.98,110.92,1.5,0.0,0.0,0.0,71.0
2026-09-16T00:05:01.784836971Z,37700.0,6330.516,83.0,8.0,2048.0,2048.0,128.0,256.0,0.0,11.43,8.68,109.37,0.74,0.0,0.0,0.0,75.0
2026-09-16T00:05:04.577557606Z,37720.0,6333.309,76.0,11.0,2048.0,2048.0,128.0,256.0,0.0,273.28,10.87,6.52,0.75,0.0,0.0,0.0,73.0
2026-09-16T00:05:07.215595735Z,37740.0,6335.947,77.0,9.0,2048.0,2048.0,128.0,256.0,0.0,30.88,10.09,85.04,0.81,0.0,0.0,0.0,70.0
2026-09-16T00:05:09.959502831Z,37760.0,6338.691,78.0,8.0,2048.0,2048.0,128.0,256.0,0.0,6.48,8.41,115.15,2.4,0.0,0.0,0.0,70.0
2026-09-16T00:05:12.719342448Z,37780.0,6341.451,78.0,8.0,2048.0,2048.0,128.0,256.0,0.0,5.8,8.61,114.87,1.96,0.0,0.0,0.0,70.0
2026-09-16T00:05:15.357381967Z,37800.0,6344.089,77.0,8.0,2048.0,2048.0,128.0,256.0,0.0,6.34,8.46,115.11,0.57,0.0,0.0,0.0,69.0
2026-09-16T00:05:17.978816296Z,37820.0,6346.71,75.0,0.0,75.0,2048.0,128.0,256.0,0.0,7.54,8.4,112.52,1.14,0.0,0.0,0.0,75.0
2026-09-16T00:05:20.730117232Z,37840.0,6349.461,76.0,8.0,2048.0,2048.0,128.0,256.0,0.0,12.11,10.7,106.52,0.55,0.0,0.0,0.0,67.0
2026-09-16T00:05:23.498497298Z,37860.0,6352.23,70.0,8.0,2048.0,2048.0,128.0,256.0,0.0,258.73,13.22,6.97,1.79,0.0,0.0,0.0,70.0
2026-09-16T00:05:26.132736657Z,37880.0,6354.864,72.0,8.0,2048.0,2048.0,128.0,256.0,0.0,6.05,8.04,115.98,1.52,0.0,0.0,0.0,64.0
2026-09-16T00:05:28.899400313Z,37900.0,6357.631,74.0,8.0,2048.0,2048.0,128.0,256.0,0.0,13.93,9.0,103.16,1.48,0.0,0.0,0.0,66.0
2026-09-16T00:05:31.530493992Z,37920.0,6360.262,69.0,2.0,564.0,2048.0,128.0,256.0,1.0,6.21,8.79,114.41,1.45,0.0,0.0,0.0,67.0
2026-09-16T00:05:34.372254467Z,37940.0,6363.104,75.0,8.0,2048.0,2048.0,128.0,256.0,0.0,7.26,10.32,112.49,0.87,0.0,0.0,0.0,66.0
2026-09-16T00:05:37.012051516Z,37960.0,6365.743,70.0,3.0,809.0,2048.0,128.0,256.0,1.0,6.24,9.08,114.99,1.02,0.0,0.0,0.0,67.0
2026-09-16T00:05:39.772781892Z,37980.0,6368.504,72.0,8.0,2048.0,2048.0,128.0,256.0,0.0,6.23,7.66,116.17,0.46,0.0,0.0,0.0,64.0
2026-09-16T00:05:42.411817101Z,38000.0,6371.143,71.0,4.0,680.0,2048.0,128.0,256.0,1.0,7.16,7.97,115.18,1.23,0.0,0.0,0.0,69.0
2026-09-16T00:05:45.178264007Z,38020.0,6373.91,74.0,8.0,2048.0,2048.0,128.0,256.0,0.0,6.51,8.37,115.28,2.44,0.0,0.0,0.0,66.0
2026-09-16T00:05:47.819973876Z,38040.0,6376.551,68.0,8.0,2003.0,2048.0,128.0,256.0,0.0,7.05,8.4,115.28,1.87,0.0,0.0,0.0,61.0
2026-09-16T00:05:50.664807930Z,38060.0,6379.396,71.0,8.0,2048.0,2048.0,128.0,256.0,0.0,8.82,14.79,106.69,0.98,0.0,0.0,0.0,61.0
2026-09-16T00:05:53.305325049Z,38080.0,6382.037,66.0,3.0,648.0,2048.0,128.0,256.0,1.0,6.03,8.12,115.9,0.56,0.0,0.0,0.0,64.0
2026-09-16T00:05:56.110560764Z,38100.0,6384.842,67.0,8.0,2048.0,2048.0,128.0,256.0,0.0,5.57,8.12,116.41,1.95,0.0,0.0,0.0,59.0
2026-09-16T00:05:58.932481419Z,38120.0,6387.664,63.0,8.0,2048.0,2048.0,128.0,256.0,0.0,303.59,11.95,6.22,1.0,0.0,0.0,0.0,62.0
2026-09-16T00:06:01.579740677Z,38140.0,6390.311,66.0,8.0,2048.0,2048.0,128.0,256.0,0.0,29.38,9.03,92.54,1.75,0.0,0.0,0.0,59.0
2026-09-16T00:06:04.206896967Z,38160.0,6392.938,62.0,2.0,561.0,2048.0,128.0,256.0,1.0,5.85,8.18,114.51,1.19,0.0,0.0,0.0,60.0
2026-09-16T00:06:06.966983833Z,38180.0,6395.698,67.0,8.0,2048.0,2048.0,128.0,256.0,0.0,11.43,9.03,108.29,1.79,0.0,0.0,0.0,59.0
2026-09-16T00:06:09.606646232Z,38200.0,6398.338,66.0,2.0,388.0,2048.0,128.0,256.0,1.0,6.2,9.06,113.52,1.93,0.0,0.0,0.0,65.0
2026-09-16T00:06:12.219240281Z,38220.0,6400.951,62.0,0.0,62.0,2048.0,128.0,256.0,0.0,5.86,8.15,115.17,1.04,0.0,0.0,0.0,62.0
2026-09-16T00:06:15.017098266Z,38240.0,6403.748,66.0,8.0,2048.0,2048.0,128.0,256.0,0.0,6.92,10.24,113.66,1.33,0.0,0.0,0.0,57.0
2026-09-16T00:06:17.666770375Z,38260.0,6406.398,61.0,4.0,1053.0,2048.0,128.0,256.0,1.0,13.83,9.24,105.65,1.73,0.0,0.0,0.0,57.0
2026-09-16T00:06:20.471895060Z,38280.0,6409.203,64.0,8.0,2048.0,2048.0,128.0,256.0,0.0,8.67,9.3,112.98,0.86,0.0,0.0,0.0,56.0
2026-09-16T00:06:23.124892279Z,38300.0,6411.856,61.0,0.0,61.0,2048.0,128.0,256.0,0.0,5.79,8.13,116.04,1.27,0.0,0.0,0.0,61.0
2026-09-16T00:06:25.750833388Z,38320.0,6414.482,59.0,0.0,58.0,2048.0,128.0,256.0,0.0,7.59,9.66,111.6,0.35,0.0,0.0,0.0,58.0
2026-09-16T00:06:28.544607853Z,38340.0,6417.276,60.0,8.0,2048.0,2048.0,128.0,256.0,0.0,5.84,11.9,112.71,0.74,0.0,0.0,0.0,52.0
2026-09-16T00:06:31.359154128Z,38360.0,6420.091,65.0,8.0,2048.0,2048.0,128.0,256.0,0.0,6.37,9.94,111.59,1.37,0.0,0.0,0.0,57.0
2026-09-16T00:06:34.006627957Z,38380.0,6422.738,63.0,8.0,2048.0,2048.0,128.0,256.0,0.0,6.55,8.77,115.67,1.52,0.0,0.0,0.0,55.0
2026-09-16T00:06:36.632137566Z,38400.0,6425.364,58.0,0.0,58.0,2048.0,128.0,256.0,0.0,6.27,17.39,105.41,1.17,0.0,0.0,0.0,58.0
2026-09-16T00:06:39.487474311Z,38420.0,6428.219,58.0,8.0,2048.0,2048.0,128.0,256.0,0.0,6.67,10.96,113.26,1.0,0.0,0.0,0.0,49.0
2026-09-16T00:06:42.128629599Z,38440.0,6430.86,55.0,4.0,1050.0,2048.0,128.0,256.0,1.0,7.93,13.12,108.79,1.71,0.0,0.0,0.0,50.0
2026-09-16T00:06:44.931322905Z,38460.0,6433.663,56.0,8.0,2048.0,2048.0,128.0,256.0,0.0,9.76,10.91,109.3,1.12,0.0,0.0,0.0,48.0
2026-09-16T00:06:47.571011444Z,38480.0,6436.302,55.0,1.0,305.0,2048.0,128.0,256.0,1.0,7.0,8.6,113.36,1.17,0.0,0.0,0.0,54.0
2026-09-16T00:06:50.178497673Z,38500.0,6438.91,54.0,0.0,52.0,2048.0,128.0,256.0,0.0,9.17,12.46,107.39,1.79,0.0,0.0,0.0,52.0
2026-09-16T00:06:52.962230159Z,38520.0,6441.694,58.0,8.0,2048.0,2048.0,128.0,256.0,0.0,6.26,8.6,114.82,1.64,0.0,0.0,0.0,50.0
2026-09-16T00:06:55.592785788Z,38540.0,6444.324,54.0,0.0,54.0,2048.0,128.0,256.0,0.0,5.54,7.72,114.07,1.05,0.0,0.0,0.0,54.0
2026-09-16T00:06:58.187678528Z,38560.0,6446.919,49.0,0.0,47.0,2048.0,64.0,256.0,0.0,9.67,11.63,107.25,1.44,0.0,0.0,0.0,47.0
2026-09-16T00:07:00.998789863Z,38580.0,6449.73,52.0,8.0,2048.0,2048.0,128.0,256.0,0.0,5.02,8.51,116.61,1.73,0.0,0.0,0.0,44.0
2026-09-16T00:07:03.624033962Z,38600.0,6452.355,50.0,0.0,50.0,2048.0,128.0,256.0,0.0,5.03,7.74,115.95,0.78,0.0,0.0,0.0,50.0
2026-09-16T00:07:06.424785207Z,38620.0,6455.156,55.0,8.0,2048.0,2048.0,64.0,256.0,0.0,5.31,8.21,116.09,1.54,0.0,0.0,0.0,47.0
2026-09-16T00:07:09.047960496Z,38640.0,6457.779,52.0,4.0,976.0,2048.0,64.0,256.0,1.0,5.12,8.19,113.78,0.82,0.0,0.0,0.0,49.0
2026-09-16T00:07:11.641576167Z,38660.0,6460.373,48.0,0.0,48.0,2048.0,64.0,256.0,0.0,8.9,8.34,109.57,1.28,0.0,0.0,0.0,48.0
2026-09-16T00:07:14.426181482Z,38680.0,6463.158,53.0,8.0,2048.0,2048.0,64.0,256.0,0.0,7.68,11.12,109.82,1.6,0.0,0.0,0.0,44.0
2026-09-16T00:07:17.041604031Z,38700.0,6465.773,46.0,2.0,546.0,2048.0,64.0,256.0,1.0,10.24,8.06,109.48,1.36,0.0,0.0,0.0,44.0
2026-09-16T00:07:21.754101993Z,38720.0,6470.485,52.0,8.0,2048.0,2048.0,64.0,256.0,0.0,6.92,11.23,111.18,0.94,0.0,0.0,0.0,43.0
2026-09-16T00:07:24.372668802Z,38740.0,6473.104,51.0,3.0,747.0,2048.0,64.0,256.0,1.0,5.39,7.67,116.6,0.96,0.0,0.0,0.0,49.0
2026-09-16T00:07:26.961544112Z,38760.0,6475.693,46.0,0.0,46.0,2048.0,64.0,256.0,0.0,4.87,7.37,113.77,0.56,0.0,0.0,0.0,46.0
2026-09-16T00:07:29.759068948Z,38780.0,6478.49,52.0,8.0,2048.0,2048.0,64.0,256.0,0.0,4.87,7.5,116.59,0.78,0.0,0.0,0.0,44.0
2026-09-16T00:07:32.377175087Z,38800.0,6481.109,50.0,2.0,382.0,2048.0,64.0,256.0,1.0,9.39,7.73,111.54,0.29,0.0,0.0,0.0,49.0
2026-09-16T00:07:34.959795957Z,38820.0,6483.691,44.0,0.0,44.0,2048.0,64.0,256.0,0.0,6.83,8.79,111.85,1.46,0.0,0.0,0.0,44.0
2026-09-16T00:07:37.867437200Z,38840.0,6486.599,47.0,8.0,2048.0,2048.0,64.0,256.0,0.0,6.89,15.67,105.61,0.57,0.0,0.0,0.0,39.0
2026-09-16T00:07:40.487323549Z,38860.0,6489.219,45.0,1.0,163.0,2048.0,64.0,256.0,1.0,4.76,8.05,115.98,2.26,0.0,0.0,0.0,45.0
2026-09-16T00:07:43.231983646Z,38880.0,6491.963,50.0,8.0,2048.0,2048.0,64.0,256.0,0.0,4.06,7.19,114.44,0.71,0.0,0.0,0.0,42.0
2026-09-16T00:07:45.846973635Z,38900.0,6494.578,48.0,8.0,2048.0,2048.0,64.0,256.0,0.0,4.48,7.9,117.23,0.95,0.0,0.0,0.0,40.0
2026-09-16T00:07:48.450737175Z,38920.0,6497.182,44.0,0.0,44.0,2048.0,64.0,256.0,0.0,5.0,10.08,112.09,0.83,0.0,0.0,0.0,44.0
2026-09-16T00:07:51.027035355Z,38940.0,6499.758,43.0,0.0,43.0,2048.0,64.0,256.0,0.0,5.09,7.86,113.98,1.14,0.0,0.0,0.0,43.0
2026-09-16T00:07:53.785356241Z,38960.0,6502.517,50.0,8.0,2048.0,2048.0,64.0,256.0,0.0,4.62,8.53,114.91,1.58,0.0,0.0,0.0,42.0
2026-09-16T00:07:56.400746991Z,38980.0,6505.132,47.0,6.0,1548.0,2048.0,64.0,256.0,1.0,6.55,10.0,113.07,0.37,0.0,0.0,0.0,40.0
2026-09-16T00:07:58.991562551Z,39000.0,6507.723,44.0,0.0,44.0,2048.0,64.0,256.0,0.0,7.97,7.75,111.35,1.22,0.0,0.0,0.0,44.0
2026-09-16T00:08:01.777896136Z,39020.0,6510.509,48.0,8.0,2048.0,2048.0,64.0,256.0,0.0,4.53,8.2,115.89,0.86,0.0,0.0,0.0,40.0
2026-09-16T00:08:04.399232856Z,39040.0,6513.131,43.0,8.0,1866.0,2048.0,64.0,256.0,0.0,5.99,8.14,115.77,2.11,0.0,0.0,0.0,36.0
2026-09-16T00:08:07.198843731Z,39060.0,6515.93,45.0,8.0,2048.0,2048.0,64.0,256.0,0.0,4.8,10.24,112.93,1.14,0.0,0.0,0.0,37.0
2026-09-16T00:08:09.809112141Z,39080.0,6518.54,41.0,4.0,1044.0,2048.0,64.0,256.0,1.0,14.99,8.05,104.48,1.35,0.0,0.0,0.0,37.0
2026-09-16T00:08:12.398138141Z,39100.0,6521.13,40.0,0.0,40.0,2048.0,64.0,256.0,0.0,4.11,7.78,115.06,1.67,0.0,0.0,0.0,40.0
2026-09-16T00:08:15.218855566Z,39120.0,6523.95,46.0,8.0,2048.0,2048.0,128.0,256.0,0.0,4.37,8.19,115.96,1.53,0.0,0.0,0.0,38.0
2026-09-16T00:08:17.833238565Z,39140.0,6526.565,43.0,8.0,2048.0,2048.0,64.0,256.0,0.0,4.82,8.07,115.79,1.0,0.0,0.0,0.0,35.0
2026-09-16T00:08:20.437661125Z,39160.0,6529.169,39.0,1.0,289.0,2048.0,64.0,256.0,1.0,4.7,7.92,115.05,2.02,0.0,0.0,0.0,38.0
2026-09-16T00:08:23.259748300Z,39180.0,6531.991,45.0,8.0,2048.0,2048.0,64.0,256.0,0.0,8.91,8.03,111.43,2.11,0.0,0.0,0.0,37.0
2026-09-16T00:08:25.868549229Z,39200.0,6534.6,44.0,2.0,542.0,2048.0,64.0,256.0,1.0,4.45,10.38,113.69,0.84,0.0,0.0,0.0,42.0
2026-09-16T00:08:28.462698539Z,39220.0,6537.194,42.0,0.0,42.0,2048.0,64.0,256.0,0.0,5.29,8.67,114.1,0.9,0.0,0.0,0.0,42.0
2026-09-16T00:08:31.043585050Z,39240.0,6539.775,40.0,0.0,40.0,2048.0,64.0,256.0,0.0,4.62,8.47,114.29,1.4,0.0,0.0,0.0,40.0
2026-09-16T00:08:33.622589280Z,39260.0,6542.354,37.0,0.0,37.0,2048.0,64.0,256.0,0.0,4.86,7.57,114.6,0.57,0.0,0.0,0.0,37.0
2026-09-16T00:08:36.422910045Z,39280.0,6545.154,42.0,8.0,2048.0,2048.0,64.0,256.0,0.0,12.07,8.14,108.15,1.62,0.0,0.0,0.0,34.0
2026-09-16T00:08:39.032676485Z,39300.0,6547.764,40.0,1.0,292.0,2048.0,64.0,256.0,1.0,10.28,8.35,108.61,1.82,0.0,0.0,0.0,39.0
2026-09-16T00:08:41.607800615Z,39320.0,6550.339,38.0,0.0,38.0,2048.0,64.0,256.0,0.0,5.39,7.27,114.15,0.5,0.0,0.0,0.0,38.0
2026-09-16T00:08:44.183673846Z,39340.0,6552.915,36.0,0.0,36.0,2048.0,64.0,256.0,0.0,6.22,9.39,111.71,0.93,0.0,0.0,0.0,36.0
2026-09-16T00:08:46.986700801Z,39360.0,6555.718,41.0,8.0,2048.0,2048.0,64.0,256.0,0.0,4.59,7.95,115.88,1.32,0.0,0.0,0.0,33.0
2026-09-16T00:08:49.596974070Z,39380.0,6558.328,37.0,8.0,2048.0,2048.0,64.0,256.0,0.0,4.09,7.56,117.67,1.19,0.0,0.0,0.0,29.0
2026-09-16T00:08:52.198445480Z,39400.0,6560.93,37.0,0.0,37.0,2048.0,64.0,256.0,0.0,4.68,7.11,115.44,0.72,0.0,0.0,0.0,37.0
2026-09-16T00:08:54.781571041Z,39420.0,6563.513,36.0,0.0,35.0,2048.0,64.0,256.0,0.0,6.74,10.21,110.33,1.18,0.0,0.0,0.0,35.0
2026-09-16T00:08:57.575601396Z,39440.0,6566.307,40.0,8.0,2048.0,2048.0,64.0,256.0,0.0,6.79,8.03,113.83,1.03,0.0,0.0,0.0,32.0
2026-09-16T00:09:00.185162225Z,39460.0,6568.917,39.0,8.0,2048.0,2048.0,64.0,256.0,0.0,4.31,7.67,117.25,0.93,0.0,0.0,0.0,31.0
2026-09-16T00:09:02.781415135Z,39480.0,6571.513,37.0,0.0,36.0,2048.0,64.0,256.0,0.0,10.46,11.48,105.08,1.08,0.0,0.0,0.0,36.0
2026-09-16T00:09:05.361847506Z,39500.0,6574.093,35.0,0.0,35.0,2048.0,64.0,256.0,0.0,4.33,8.85,113.81,1.2,0.0,0.0,0.0,35.0
2026-09-16T00:09:08.173470991Z,39520.0,6576.905,41.0,8.0,2048.0,2048.0,64.0,256.0,0.0,4.35,8.51,115.18,1.14,0.0,0.0,0.0,33.0
2026-09-16T00:09:10.795432900Z,39540.0,6579.527,36.0,8.0,1867.0,2048.0,64.0,256.0,0.0,4.32,8.19,116.66,0.33,0.0,0.0,0.0,29.0
2026-09-16T00:09:13.403993850Z,39560.0,6582.135,35.0,0.0,35.0,2048.0,64.0,256.0,0.0,4.47,8.13,114.57,0.42,0.0,0.0,0.0,35.0
2026-09-16T00:09:16.341211142Z,39580.0,6585.073,40.0,8.0,2048.0,2048.0,64.0,256.0,0.0,6.14,9.77,108.58,0.98,0.0,0.0,0.0,32.0
2026-09-16T00:09:18.950229441Z,39600.0,6587.682,37.0,8.0,2048.0,2048.0,64.0,256.0,0.0,5.8,9.96,113.23,1.03,0.0,0.0,0.0,28.0
2026-09-16T00:09:21.560757631Z,39620.0,6590.292,33.0,2.0,281.0,2048.0,64.0,256.0,1.0,4.23,7.76,117.34,0.97,0.0,0.0,0.0,33.0
2026-09-16T00:09:24.360995336Z,39640.0,6593.092,40.0,8.0,2048.0,2048.0,64.0,256.0,0.0,4.16,8.6,115.65,1.9,0.0,0.0,0.0,32.0
2026-09-16T00:09:26.972864736Z,39660.0,6595.704,37.0,8.0,1954.0,2048.0,64.0,256.0,0.0,4.13,8.2,117.41,1.98,0.0,0.0,0.0,30.0
2026-09-16T00:09:29.566092176Z,39680.0,6598.297,34.0,0.0,33.0,2048.0,64.0,256.0,0.0,6.46,9.94,110.58,0.81,0.0,0.0,0.0,33.0
2026-09-16T00:09:32.143977596Z,39700.0,6600.875,33.0,0.0,33.0,2048.0,64.0,256.0,0.0,3.96,7.9,114.4,1.53,0.0,0.0,0.0,33.0
2026-09-16T00:09:34.977118471Z,39720.0,6603.708,37.0,8.0,2048.0,2048.0,64.0,256.0,0.0,4.02,8.0,116.34,2.46,0.0,0.0,0.0,29.0
2026-09-16T00:09:37.575741700Z,39740.0,6606.307,35.0,8.0,2048.0,2048.0,64.0,256.0,0.0,4.32,8.07,117.11,1.39,0.0,0.0,0.0,27.0
2026-09-16T00:09:40.176268600Z,39760.0,6608.908,32.0,2.0,319.0,2048.0,64.0,256.0,1.0,4.11,7.8,116.27,1.58,0.0,0.0,0.0,31.0
2026-09-16T00:09:42.749127241Z,39780.0,6611.48,31.0,0.0,31.0,2048.0,64.0,256.0,0.0,4.09,7.93,114.65,1.6,0.0,0.0,0.0,31.0
2026-09-16T00:09:45.603467425Z,39800.0,6614.335,27.0,0.0,27.0,2048.0,64.0,256.0,0.0,3.9,8.43,114.44,0.21,0.0,0.0,0.0,27.0
2026-09-16T00:09:48.197659425Z,39820.0,6616.929,33.0,8.0,2048.0,2048.0,64.0,256.0,0.0,10.58,8.52,108.81,1.68,0.0,0.0,0.0,25.0
2026-09-16T00:09:50.805618645Z,39840.0,6619.537,32.0,2.0,536.0,2048.0,64.0,256.0,1.0,4.33,8.07,115.88,1.74,0.0,0.0,0.0,30.0
2026-09-16T00:09:53.394525305Z,39860.0,6622.126,30.0,1.0,283.0,2048.0,64.0,256.0,1.0,4.57,8.09,115.78,1.57,0.0,0.0,0.0,29.0
2026-09-16T00:09:55.964772595Z,39880.0,6624.696,28.0,0.0,28.0,2048.0,64.0,256.0,0.0,10.09,8.4,108.04,1.72,0.0,0.0,0.0,28.0
2026-09-16T00:09:58.532827716Z,39900.0,6627.264,27.0,0.0,27.0,2048.0,64.0,256.0,0.0,4.17,7.74,114.02,0.4,0.0,0.0,0.0,27.0
2026-09-16T00:10:01.099713836Z,39920.0,6629.831,26.0,0.0,26.0,2048.0,64.0,256.0,0.0,4.18,9.45,113.02,1.73,0.0,0.0,0.0,26.0
2026-09-16T00:10:03.900244682Z,39940.0,6632.632,33.0,8.0,2048.0,2048.0,64.0,256.0,0.0,6.06,11.52,110.91,2.45,0.0,0.0,0.0,24.0
2026-09-16T00:10:06.502288991Z,39960.0,6635.234,29.0,8.0,2048.0,2048.0,64.0,256.0,0.0,3.75,7.57,116.41,0.77,0.0,0.0,0.0,21.0
2026-09-16T00:10:09.097864221Z,39980.0,6637.829,26.0,0.0,26.0,2048.0,64.0,256.0,0.0,3.89,8.43,115.24,1.51,0.0,0.0,0.0,26.0
2026-09-16T00:10:11.671479362Z,40000.0,6640.403,26.0,0.0,26.0,2048.0,64.0,256.0,0.0,3.82,8.39,114.25,0.55,0.0,0.0,0.0,26.0
2026-09-16T00:10:14.482182317Z,40020.0,6643.214,23.0,8.0,2048.0,2048.0,64.0,256.0,0.0,347.46,13.4,6.43,0.92,0.0,0.0,0.0,23.0
2026-09-16T00:10:17.081627627Z,40040.0,6645.813,29.0,8.0,2048.0,2048.0,64.0,256.0,0.0,3.99,8.16,116.73,1.17,0.0,0.0,0.0,21.0
2026-09-16T00:10:19.688574456Z,40060.0,6648.42,28.0,1.0,282.0,2048.0,64.0,256.0,1.0,4.26,7.04,116.2,1.45,0.0,0.0,0.0,27.0
2026-09-16T00:10:22.269255047Z,40080.0,6651.001,27.0,0.0,27.0,2048.0,64.0,256.0,0.0,4.4,8.44,114.61,1.36,0.0,0.0,0.0,27.0
2026-09-16T00:10:24.845981737Z,40100.0,6653.577,25.0,0.0,25.0,2048.0,64.0,256.0,0.0,3.89,6.84,115.31,1.05,0.0,0.0,0.0,25.0
2026-09-16T00:10:27.415477828Z,40120.0,6656.147,25.0,0.0,25.0,2048.0,64.0,256.0,0.0,3.94,7.16,115.54,0.72,0.0,0.0,0.0,25.0
2026-09-16T00:10:29.985991528Z,40140.0,6658.717,25.0,0.0,24.0,2048.0,64.0,256.0,0.0,5.5,10.34,111.05,2.68,0.0,0.0,0.0,24.0
2026-09-16T00:10:32.833363262Z,40160.0,6661.565,31.0,8.0,2048.0,2048.0,64.0,256.0,0.0,3.78,8.04,116.53,1.25,0.0,0.0,0.0,23.0
2026-09-16T00:10:35.442400172Z,40180.0,6664.174,28.0,6.0,1533.0,2048.0,64.0,256.0,1.0,14.21,8.6,105.41,1.59,0.0,0.0,0.0,23.0
2026-09-16T00:10:38.027628222Z,40200.0,6666.759,28.0,0.0,28.0,2048.0,64.0,256.0,0.0,4.74,8.73,113.74,1.31,0.0,0.0,0.0,28.0
2026-09-16T00:10:40.606458613Z,40220.0,6669.338,26.0,0.0,26.0,2048.0,64.0,256.0,0.0,3.85,8.29,114.75,1.73,0.0,0.0,0.0,26.0
2026-09-16T00:10:43.185329843Z,40240.0,6671.917,26.0,0.0,26.0,2048.0,64.0,256.0,0.0,4.06,8.2,114.82,1.36,0.0,0.0,0.0,26.0
2026-09-16T00:10:45.764474473Z,40260.0,6674.496,24.0,0.0,24.0,2048.0,64.0,256.0,0.0,4.0,8.43,114.1,1.43,0.0,0.0,0.0,24.0
2026-09-16T00:10:48.343206563Z,40280.0,6677.075,23.0,0.0,23.0,2048.0,64.0,256.0,0.0,4.06,8.5,114.64,1.58,0.0,0.0,0.0,23.0
2026-09-16T00:10:50.922765524Z,40300.0,6679.654,23.0,0.0,23.0,2048.0,64.0,256.0,0.0,4.31,8.33,113.79,0.73,0.0,0.0,0.0,23.0
2026-09-16T00:10:53.774435798Z,40320.0,6682.506,29.0,8.0,2048.0,2048.0,64.0,256.0,0.0,4.39,8.24,115.19,1.2,0.0,0.0,0.0,21.0
2026-09-16T00:10:56.379127168Z,40340.0,6685.111,25.0,7.0,1752.0,2048.0,64.0,256.0,1.0,3.71,8.0,116.23,0.43,0.0,0.0,0.0,19.0
2026-09-16T00:10:58.966867108Z,40360.0,6687.698,24.0,0.0,24.0,2048.0,64.0,256.0,0.0,4.15,11.53,111.34,0.7,0.0,0.0,0.0,24.0
2026-09-16T00:11:01.540016238Z,40380.0,6690.271,23.0,0.0,23.0,2048.0,64.0,256.0,0.0,4.2,8.27,113.73,1.85,0.0,0.0,0.0,23.0
2026-09-16T00:11:04.399242812Z,40400.0,6693.13,30.0,8.0,2048.0,2048.0,64.0,256.0,0.0,3.87,7.27,116.69,0.3,0.0,0.0,0.0,22.0
2026-09-16T00:11:06.998472242Z,40420.0,6695.73,28.0,8.0,2048.0,2048.0,32.0,256.0,0.0,4.05,7.65,117.11,1.6,0.0,0.0,0.0,20.0
2026-09-16T00:11:09.599308732Z,40440.0,6698.331,27.0,1.0,279.0,2048.0,32.0,256.0,1.0,9.85,7.51,110.2,1.24,0.0,0.0,0.0,26.0
2026-09-16T00:11:12.198352472Z,40460.0,6700.93,26.0,0.0,26.0,2048.0,32.0,256.0,0.0,3.8,7.22,115.92,0.91,0.0,0.0,0.0,26.0
2026-09-16T00:11:14.767171512Z,40480.0,6703.499,24.0,0.0,24.0,2048.0,32.0,256.0,0.0,3.83,8.02,113.76,0.66,0.0,0.0,0.0,24.0
2026-09-16T00:11:17.336688403Z,40500.0,6706.068,23.0,0.0,23.0,2048.0,32.0,256.0,0.0,3.74,7.4,115.37,0.67,0.0,0.0,0.0,23.0
2026-09-16T00:11:19.905913083Z,40520.0,6708.637,20.0,0.0,20.0,2048.0,32.0,256.0,0.0,3.93,8.12,114.83,2.11,0.0,0.0,0.0,20.0
2026-09-16T00:11:22.732116738Z,40540.0,6711.463,25.0,8.0,2048.0,2048.0,64.0,256.0,0.0,4.61,9.51,112.65,2.05,0.0,0.0,0.0,17.0
2026-09-16T00:11:25.329131338Z,40560.0,6714.061,23.0,8.0,2048.0,2048.0,32.0,256.0,0.0,3.63,7.9,116.64,1.06,0.0,0.0,0.0,15.0
2026-09-16T00:11:27.921274998Z,40580.0,6716.653,21.0,0.0,21.0,2048.0,32.0,256.0,0.0,3.63,8.55,114.58,1.62,0.0,0.0,0.0,21.0
2026-09-16T00:11:30.490948859Z,40600.0,6719.222,19.0,0.0,19.0,2048.0,32.0,256.0,0.0,3.98,8.06,114.96,1.53,0.0,0.0,0.0,19.0
2026-09-16T00:11:33.060229809Z,40620.0,6721.792,17.0,0.0,17.0,2048.0,32.0,256.0,0.0,3.56,7.7,115.69,1.43,0.0,0.0,0.0,17.0
2026-09-16T00:11:35.896527614Z,40640.0,6724.628,23.0,8.0,2048.0,2048.0,32.0,256.0,0.0,5.57,7.74,114.56,0.43,0.0,0.0,0.0,15.0
2026-09-16T00:11:38.489363114Z,40660.0,6727.221,22.0,8.0,2048.0,2048.0,32.0,256.0,0.0,4.13,8.41,115.73,1.43,0.0,0.0,0.0,14.0
2026-09-16T00:11:41.094802363Z,40680.0,6729.826,22.0,3.0,762.0,2048.0,32.0,256.0,1.0,4.62,7.93,115.17,1.23,0.0,0.0,0.0,20.0
2026-09-16T00:11:43.667762004Z,40700.0,6732.399,21.0,0.0,21.0,2048.0,32.0,256.0,0.0,3.96,8.32,115.12,0.95,0.0,0.0,0.0,21.0
2026-09-16T00:11:46.236660464Z,40720.0,6734.968,20.0,0.0,20.0,2048.0,32.0,256.0,0.0,3.78,8.07,114.67,1.38,0.0,0.0,0.0,20.0
2026-09-16T00:11:48.804028105Z,40740.0,6737.535,20.0,0.0,20.0,2048.0,32.0,256.0,0.0,3.92,7.44,115.08,1.14,0.0,0.0,0.0,20.0
2026-09-16T00:11:51.371976436Z,40760.0,6740.103,19.0,0.0,19.0,2048.0,32.0,256.0,0.0,4.62,8.53,113.62,1.2,0.0,0.0,0.0,19.0
2026-09-16T00:11:53.940391286Z,40780.0,6742.672,18.0,0.0,18.0,2048.0,32.0,256.0,0.0,3.78,8.46,114.06,1.05,0.0,0.0,0.0,18.0
2026-09-16T00:11:56.507912967Z,40800.0,6745.239,18.0,0.0,18.0,2048.0,32.0,256.0,0.0,3.95,7.77,115.35,0.57,0.0,0.0,0.0,18.0
2026-09-16T00:11:59.076112287Z,40820.0,6747.807,17.0,0.0,17.0,2048.0,32.0,256.0,0.0,4.02,7.79,114.79,0.61,0.0,0.0,0.0,17.0
2026-09-16T00:12:01.643629008Z,40840.0,6750.375,17.0,0.0,17.0,2048.0,32.0,256.0,0.0,3.71,7.75,115.3,0.63,0.0,0.0,0.0,17.0
2026-09-16T00:12:04.504835362Z,40860.0,6753.236,16.0,0.0,16.0,2048.0,32.0,256.0,0.0,3.56,7.52,115.85,0.19,0.0,0.0,0.0,16.0
2026-09-16T00:12:07.099487022Z,40880.0,6755.831,24.0,8.0,2048.0,2048.0,32.0,256.0,0.0,4.56,8.45,116.07,1.3,0.0,0.0,0.0,16.0
2026-09-16T00:12:09.712225072Z,40900.0,6758.444,22.0,5.0,1288.0,2048.0,32.0,256.0,1.0,6.58,11.62,110.0,1.46,0.0,0.0,0.0,17.0
2026-09-16T00:12:12.312486341Z,40920.0,6761.044,20.0,1.0,273.0,2048.0,32.0,256.0,1.0,4.29,8.98,115.15,0.79,0.0,0.0,0.0,19.0
2026-09-16T00:12:14.894331081Z,40940.0,6763.626,18.0,0.0,18.0,2048.0,32.0,256.0,0.0,3.92,7.34,116.11,0.93,0.0,0.0,0.0,18.0
2026-09-16T00:12:17.473407972Z,40960.0,6766.205,18.0,0.0,18.0,2048.0,32.0,256.0,0.0,4.3,8.54,114.71,1.15,0.0,0.0,0.0,18.0
2026-09-16T00:12:20.036348273Z,40980.0,6768.768,16.0,0.0,16.0,2048.0,32.0,256.0,0.0,3.88,7.52,113.84,1.0,0.0,0.0,0.0,16.0
2026-09-16T00:12:22.597684563Z,41000.0,6771.328,16.0,0.0,16.0,2048.0,32.0,256.0,0.0,4.0,7.83,114.65,0.97,0.0,0.0,0.0,16.0
2026-09-16T00:12:25.450079537Z,41020.0,6774.181,21.0,8.0,2048.0,2048.0,32.0,256.0,0.0,9.29,8.59,109.72,0.74,0.0,0.0,0.0,13.0
2026-09-16T00:12:28.042414027Z,41040.0,6776.774,19.0,8.0,2048.0,2048.0,32.0,256.0,0.0,3.51,8.54,116.19,1.04,0.0,0.0,0.0,11.0
2026-09-16T00:12:30.631217208Z,41060.0,6779.363,17.0,0.0,17.0,2048.0,32.0,256.0,0.0,4.06,7.53,114.32,1.19,0.0,0.0,0.0,17.0
2026-09-16T00:12:33.192440598Z,41080.0,6781.924,16.0,0.0,16.0,2048.0,32.0,256.0,0.0,3.77,8.35,113.45,1.07,0.0,0.0,0.0,16.0
2026-09-16T00:12:35.754132429Z,41100.0,6784.485,16.0,0.0,16.0,2048.0,32.0,256.0,0.0,3.85,8.09,114.09,0.82,0.0,0.0,0.0,16.0
2026-09-16T00:12:38.316153479Z,41120.0,6787.047,15.0,0.0,15.0,2048.0,32.0,256.0,0.0,3.75,8.06,114.98,1.28,0.0,0.0,0.0,15.0
2026-09-16T00:12:40.877566080Z,41140.0,6789.609,15.0,0.0,15.0,2048.0,32.0,256.0,0.0,3.72,8.22,114.92,1.86,0.0,0.0,0.0,15.0
2026-09-16T00:12:43.438456471Z,41160.0,6792.17,13.0,0.0,13.0,2048.0,16.0,256.0,0.0,15.75,8.06,101.17,0.84,0.0,0.0,0.0,13.0
2026-09-16T00:12:45.997903592Z,41180.0,6794.729,12.0,0.0,12.0,2048.0,16.0,256.0,0.0,9.47,7.64,109.47,0.24,0.0,0.0,0.0,12.0
2026-09-16T00:12:48.922020694Z,41200.0,6797.653,20.0,8.0,2048.0,2048.0,32.0,256.0,0.0,3.31,7.75,117.82,0.62,0.0,0.0,0.0,12.0
2026-09-16T00:12:51.526481374Z,41220.0,6800.258,18.0,6.0,1540.0,2048.0,32.0,256.0,1.0,3.62,8.0,117.26,1.42,0.0,0.0,0.0,12.0
2026-09-16T00:12:54.117290814Z,41240.0,6802.849,17.0,1.0,271.0,2048.0,32.0,256.0,1.0,3.43,8.21,115.5,0.85,0.0,0.0,0.0,16.0
2026-09-16T00:12:56.688664585Z,41260.0,6805.42,15.0,0.0,15.0,2048.0,32.0,256.0,0.0,3.8,8.37,113.13,1.44,0.0,0.0,0.0,15.0
2026-09-16T00:12:59.242455795Z,41280.0,6807.974,13.0,0.0,13.0,2048.0,32.0,256.0,0.0,3.98,8.07,113.5,1.12,0.0,0.0,0.0,13.0
2026-09-16T00:13:01.796690587Z,41300.0,6810.528,13.0,0.0,13.0,2048.0,32.0,256.0,0.0,3.8,8.33,114.34,1.59,0.0,0.0,0.0,13.0
2026-09-16T00:13:04.351662527Z,41320.0,6813.083,12.0,0.0,12.0,2048.0,32.0,256.0,0.0,3.68,7.45,114.78,1.51,0.0,0.0,0.0,12.0
2026-09-16T00:13:07.242608281Z,41340.0,6815.974,19.0,8.0,2048.0,2048.0,32.0,256.0,0.0,4.32,10.63,111.99,1.14,0.0,0.0,0.0,11.0
2026-09-16T00:13:09.834776781Z,41360.0,6818.566,19.0,8.0,2048.0,2048.0,32.0,256.0,0.0,3.88,7.98,116.53,1.02,0.0,0.0,0.0,11.0
2026-09-16T00:13:12.435758520Z,41380.0,6821.167,17.0,1.0,270.0,2048.0,32.0,256.0,1.0,3.71,8.16,116.58,2.15,0.0,0.0,0.0,16.0
2026-09-16T00:13:15.025122760Z,41400.0,6823.756,17.0,0.0,17.0,2048.0,32.0,256.0,0.0,4.09,7.87,114.79,1.76,0.0,0.0,0.0,17.0
2026-09-16T00:13:17.585699031Z,41420.0,6826.317,17.0,0.0,17.0,2048.0,32.0,256.0,0.0,3.71,7.55,115.13,1.23,0.0,0.0,0.0,17.0
2026-09-16T00:13:20.145807982Z,41440.0,6828.877,16.0,0.0,16.0,2048.0,32.0,256.0,0.0,4.47,8.57,113.99,0.39,0.0,0.0,0.0,16.0
2026-09-16T00:13:22.706478583Z,41460.0,6831.438,16.0,0.0,16.0,2048.0,32.0,256.0,0.0,4.1,8.15,113.42,1.57,0.0,0.0,0.0,16.0
2026-09-16T00:13:25.267260393Z,41480.0,6833.999,16.0,0.0,16.0,2048.0,32.0,256.0,0.0,3.74,7.37,115.37,1.31,0.0,0.0,0.0,16.0
2026-09-16T00:13:27.827399084Z,41500.0,6836.559,14.0,0.0,14.0,2048.0,32.0,256.0,0.0,3.82,7.88,114.97,0.62,0.0,0.0,0.0,14.0
2026-09-16T00:13:30.387334445Z,41520.0,6839.119,11.0,0.0,11.0,2048.0,32.0,256.0,0.0,3.2,7.39,116.15,1.17,0.0,0.0,0.0,11.0
2026-09-16T00:13:33.281255128Z,41540.0,6842.013,19.0,8.0,2048.0,2048.0,32.0,256.0,0.0,4.64,9.16,114.26,1.96,0.0,0.0,0.0,11.0
2026-09-16T00:13:35.886434188Z,41560.0,6844.618,19.0,7.0,1602.0,2048.0,32.0,256.0,1.0,3.77,8.28,116.37,0.39,0.0,0.0,0.0,13.0
2026-09-16T00:13:38.488120928Z,41580.0,6847.22,17.0,0.0,17.0,2048.0,32.0,256.0,0.0,3.6,8.9,114.21,1.48,0.0,0.0,0.0,17.0
2026-09-16T00:13:41.058181098Z,41600.0,6849.79,16.0,0.0,16.0,2048.0,32.0,256.0,0.0,4.18,8.22,114.74,1.5,0.0,0.0,0.0,16.0
2026-09-16T00:13:43.627455849Z,41620.0,6852.359,14.0,0.0,14.0,2048.0,32.0,256.0,0.0,3.8,7.91,114.14,0.9,0.0,0.0,0.0,14.0
2026-09-16T00:13:46.187105290Z,41640.0,6854.919,13.0,0.0,13.0,2048.0,16.0,256.0,0.0,3.54,7.58,114.87,1.14,0.0,0.0,0.0,13.0
2026-09-16T00:13:48.747018270Z,41660.0,6857.478,12.0,0.0,12.0,2048.0,16.0,256.0,0.0,3.32,7.76,115.53,1.49,0.0,0.0,0.0,12.0
2026-09-16T00:13:51.306474861Z,41680.0,6860.038,12.0,0.0,12.0,2048.0,16.0,256.0,0.0,3.62,8.53,113.82,0.62,0.0,0.0,0.0,12.0
2026-09-16T00:13:53.865613342Z,41700.0,6862.597,12.0,0.0,12.0,2048.0,16.0,256.0,0.0,4.02,8.41,112.94,0.94,0.0,0.0,0.0,12.0
2026-09-16T00:13:56.425449173Z,41720.0,6865.157,11.0,0.0,11.0,2048.0,16.0,256.0,0.0,3.2,7.66,116.31,0.37,0.0,0.0,0.0,11.0
