ts,stage,seconds
2026-09-15T22:20:10.122224348Z,rollout_generate,38.741
2026-09-15T22:20:12.920602465Z,rollout_generate,41.535
2026-09-15T22:20:13.300843336Z,rollout_generate,35.974
2026-09-15T22:20:14.448280080Z,rollout_generate,43.192
2026-09-15T22:20:15.081399296Z,rollout_generate,33.026
2026-09-15T22:20:15.335977720Z,rollout_generate,36.812
2026-09-15T22:20:16.732551028Z,rollout_generate,35.002
2026-09-15T22:20:17.241878587Z,rollout_generate,38.73
2026-09-15T22:20:19.169953523Z,rollout_generate,36.972
2026-09-15T22:20:19.294996390Z,rollout_generate,41.963
2026-09-15T22:20:19.425725327Z,rollout_generate,37.486
2026-09-15T22:20:20.578088291Z,rollout_generate,38.855
2026-09-15T22:20:21.719672605Z,rollout_generate,39.171
2026-09-15T22:20:26.039458397Z,rollout_generate,41.679
2026-09-15T22:20:26.674411362Z,rollout_generate,44.929
2026-09-15T22:20:27.436217015Z,rollout_generate,45.672
2026-09-15T22:20:27.817022696Z,rollout_generate,45.851
2026-09-15T22:20:28.841534263Z,rollout_generate,11.175
2026-09-15T22:20:29.608282896Z,rollout_generate,47.309
2026-09-15T22:20:31.768949856Z,rollout_generate,15.947
2026-09-15T22:20:32.277239075Z,rollout_generate,16.749
2026-09-15T22:20:32.658466246Z,rollout_generate,50.717
2026-09-15T22:20:33.678886093Z,rollout_generate,51.113
2026-09-15T22:20:34.444730146Z,rollout_generate,50.268
2026-09-15T22:20:38.965843353Z,rollout_generate,12.514
2026-09-15T22:20:42.669597659Z,rollout_generate,23.218
2026-09-15T22:20:44.075153296Z,rollout_generate,24.486
2026-09-15T22:20:44.591309685Z,rollout_generate,60.422
2026-09-15T22:20:51.426838460Z,rollout_generate,29.303
2026-09-15T22:20:51.551514997Z,rollout_generate,22.297
2026-09-15T22:20:51.676608464Z,rollout_generate,18.985
2026-09-15T22:20:54.786959633Z,rollout_generate,70.614
2026-09-15T22:20:54.916407420Z,rollout_generate,35.091
2026-09-15T22:20:55.048131387Z,rollout_generate,70.922
2026-09-15T22:20:56.345016057Z,rollout_generate,72.183
2026-09-15T22:20:57.255751827Z,rollout_generate,29.42
2026-09-15T22:20:59.717380581Z,rollout_generate,26.659
2026-09-15T22:21:02.431703999Z,rollout_generate,48.977
2026-09-15T22:21:02.559455606Z,rollout_generate,28.483
2026-09-15T22:21:03.204286972Z,rollout_generate,33.136
2026-09-15T22:21:03.460815376Z,rollout_generate,28.593
2026-09-15T22:21:03.848674457Z,rollout_generate,21.537
2026-09-15T22:21:04.623733339Z,rollout_generate,23.38
2026-09-15T22:21:04.880302914Z,rollout_generate,12.907
2026-09-15T22:21:04.882156534Z,rollout_generate,37.806
2026-09-15T22:21:05.010988591Z,rollout_generate,87.714
2026-09-15T22:21:05.785722233Z,rollout_generate,50.931
2026-09-15T22:21:05.915517120Z,rollout_generate,48.768
2026-09-15T22:21:06.176519894Z,rollout_generate,55.593
2026-09-15T22:21:06.306346751Z,rollout_generate,24.009
2026-09-15T22:21:06.824654099Z,rollout_generate,22.421
2026-09-15T22:21:07.470825355Z,rollout_generate,39.247
2026-09-15T22:21:08.241067467Z,rollout_generate,16.653
2026-09-15T22:21:08.369954284Z,rollout_generate,16.585
2026-09-15T22:21:08.758700845Z,rollout_generate,26.176
2026-09-15T22:21:09.536498848Z,rollout_generate,30.051
2026-09-15T22:21:09.537725858Z,rollout_generate,27.22
2026-09-15T22:21:09.666024465Z,rollout_generate,37.546
2026-09-15T22:21:10.443954707Z,rollout_generate,49.465
2026-09-15T22:21:10.444506767Z,rollout_generate,28.494
2026-09-15T22:21:11.087098772Z,rollout_generate,28.369
2026-09-15T22:21:11.344392776Z,rollout_generate,29.124
2026-09-15T22:21:11.473979504Z,rollout_generate,16.408
2026-09-15T22:21:11.988172172Z,rollout_generate,30.961
2026-09-15T22:21:12.245854526Z,rollout_generate,58.907
2026-09-15T22:21:12.764709834Z,rollout_generate,22.64
2026-09-15T22:21:12.894968341Z,rollout_generate,21.606
2026-09-15T22:21:12.895495111Z,rollout_generate,30.026
2026-09-15T22:21:13.283609522Z,rollout_generate,31.019
2026-09-15T22:21:13.413923949Z,rollout_generate,31.201
2026-09-15T22:21:13.672631494Z,rollout_generate,32.238
2026-09-15T22:21:13.800250181Z,rollout_generate,91.692
2026-09-15T22:21:14.060382495Z,rollout_generate,31.416
2026-09-15T22:21:14.190541772Z,rollout_generate,31.831
2026-09-15T22:21:14.196221632Z,rollout_generate,32.734
2026-09-15T22:21:14.583788873Z,rollout_generate,24.53
2026-09-15T22:21:14.584815883Z,rollout_generate,33.5
2026-09-15T22:21:14.842068557Z,rollout_generate,23.029
2026-09-15T22:21:14.971028144Z,rollout_generate,23.802
2026-09-15T22:21:15.230758068Z,rollout_generate,34.025
2026-09-15T22:21:15.623236749Z,rollout_generate,32.942
2026-09-15T22:21:15.751500756Z,rollout_generate,24.421
2026-09-15T22:21:16.140154987Z,rollout_generate,24.318
2026-09-15T22:21:16.657434836Z,rollout_generate,24.709
2026-09-15T22:21:16.658962236Z,rollout_generate,33.935
2026-09-15T22:21:16.917154900Z,rollout_generate,34.551
2026-09-15T22:21:17.435656488Z,rollout_generate,36.52
2026-09-15T22:21:17.564509015Z,rollout_generate,12.545
2026-09-15T22:21:17.694457282Z,rollout_generate,27.701
2026-09-15T22:21:18.084887513Z,rollout_generate,26.845
2026-09-15T22:21:18.085238923Z,rollout_generate,35.499
2026-09-15T22:21:18.215903880Z,rollout_generate,28.004
2026-09-15T22:21:18.216572760Z,rollout_generate,33.139
2026-09-15T22:21:18.601916282Z,rollout_generate,24.218
2026-09-15T22:21:19.380835954Z,rollout_generate,28.176
2026-09-15T22:21:19.770762535Z,rollout_generate,38.475
2026-09-15T22:21:19.903615892Z,rollout_generate,38.751
2026-09-15T22:21:19.904492482Z,rollout_generate,28.138
2026-09-15T22:21:20.031716609Z,rollout_generate,28.896
2026-09-15T22:21:20.161739946Z,rollout_generate,25.688
2026-09-15T22:21:20.163553286Z,rollout_generate,16.957
2026-09-15T22:21:20.291889003Z,rollout_generate,28.748
2026-09-15T22:21:20.293250443Z,rollout_generate,28.021
2026-09-15T22:21:20.549855787Z,rollout_generate,10.702
2026-09-15T22:21:20.681130144Z,rollout_generate,38.015
2026-09-15T22:21:22.064118413Z,rollout_generate,27.822
2026-09-15T22:21:22.236462479Z,rollout_generate,15.587
2026-09-15T22:21:22.627652010Z,rollout_generate,39.454
2026-09-15T22:21:23.663264867Z,rollout_generate,31.374
2026-09-15T22:21:23.791684984Z,rollout_generate,32.544
2026-09-15T22:21:23.920820031Z,rollout_generate,32.624
2026-09-15T22:21:24.050789018Z,rollout_generate,28.828
2026-09-15T22:21:24.308924552Z,rollout_generate,33.235
2026-09-15T22:21:24.438161959Z,rollout_generate,41.789
2026-09-15T22:21:24.566493566Z,rollout_generate,33.571
2026-09-15T22:21:24.696677853Z,rollout_generate,30.242
2026-09-15T22:21:24.698586613Z,rollout_generate,27.949
2026-09-15T22:21:24.822891910Z,rollout_generate,16.102
2026-09-15T22:21:24.955281817Z,rollout_generate,13.34
2026-09-15T22:21:25.214166781Z,rollout_generate,21.009
2026-09-15T22:21:25.344313738Z,rollout_generate,35.371
2026-09-15T22:21:25.605024732Z,rollout_generate,15.528
2026-09-15T22:21:25.736148719Z,rollout_generate,19.085
2026-09-15T22:21:25.737829149Z,rollout_generate,12.152
2026-09-15T22:21:25.741263549Z,rollout_generate,25.613
2026-09-15T22:21:25.995137254Z,rollout_generate,35.767
2026-09-15T22:21:26.125135831Z,rollout_generate,33.717
2026-09-15T22:21:26.255738697Z,rollout_generate,17.871
2026-09-15T22:21:26.256449608Z,rollout_generate,18.778
2026-09-15T22:21:26.387480954Z,rollout_generate,35.175
2026-09-15T22:21:26.388604305Z,rollout_generate,35.353
2026-09-15T22:21:26.775532876Z,rollout_generate,19.522
2026-09-15T22:21:26.777054856Z,rollout_generate,15.831
2026-09-15T22:21:27.306695934Z,rollout_generate,44.613
2026-09-15T22:21:27.431815471Z,rollout_generate,15.752
2026-09-15T22:21:27.691592215Z,rollout_generate,15.797
2026-09-15T22:21:27.952003069Z,rollout_generate,13.037
2026-09-15T22:21:28.476010317Z,rollout_generate,45.821
2026-09-15T22:21:28.603926604Z,rollout_generate,15.22
2026-09-15T22:21:28.864457208Z,rollout_generate,19.702
2026-09-15T22:21:28.866525158Z,rollout_generate,36.574
2026-09-15T22:21:29.124339042Z,rollout_generate,11.33
2026-09-15T22:21:29.254997199Z,rollout_generate,13.59
2026-09-15T22:21:29.515599774Z,rollout_generate,35.322
2026-09-15T22:21:29.646313271Z,rollout_generate,15.131
2026-09-15T22:21:30.036657342Z,rollout_generate,38.728
2026-09-15T22:21:30.814505074Z,rollout_generate,24.488
2026-09-15T22:21:31.725060893Z,rollout_generate,18.093
2026-09-15T22:21:32.243173301Z,rollout_generate,12.0
2026-09-15T22:21:32.502365675Z,rollout_generate,22.311
2026-09-15T22:21:32.636241103Z,rollout_generate,42.442
2026-09-15T22:21:32.638807903Z,rollout_generate,41.181
2026-09-15T22:21:33.277247498Z,rollout_generate,16.612
2026-09-15T22:21:33.667693489Z,rollout_generate,21.806
2026-09-15T22:21:34.059086880Z,rollout_generate,14.205
2026-09-15T22:21:34.318024614Z,rollout_generate,16.091
2026-09-15T22:21:34.581478148Z,rollout_generate,30.719
2026-09-15T22:21:34.581951588Z,rollout_generate,51.919
2026-09-15T22:21:34.710081745Z,rollout_generate,13.86
2026-09-15T22:21:34.969540750Z,rollout_generate,21.222
2026-09-15T22:21:35.099610467Z,rollout_generate,18.077
2026-09-15T22:21:35.230236364Z,rollout_generate,44.308
2026-09-15T22:21:35.363443081Z,rollout_generate,44.143
2026-09-15T22:21:35.622014345Z,rollout_generate,43.317
2026-09-15T22:21:35.751899952Z,rollout_generate,13.3
2026-09-15T22:21:35.753539122Z,rollout_generate,14.611
2026-09-15T22:21:36.012579706Z,rollout_generate,21.457
2026-09-15T22:21:36.272463290Z,rollout_generate,31.112
2026-09-15T22:21:36.406758827Z,rollout_generate,40.949
2026-09-15T22:21:36.665726131Z,rollout_generate,15.796
2026-09-15T22:21:36.795747618Z,rollout_generate,21.627
2026-09-15T22:21:37.054976402Z,rollout_generate,12.729
2026-09-15T22:21:37.446237493Z,rollout_generate,21.431
2026-09-15T22:21:37.581478900Z,rollout_generate,20.339
2026-09-15T22:21:37.968299681Z,rollout_generate,23.759
2026-09-15T22:21:37.970986141Z,rollout_generate,126.668
2026-09-15T22:21:38.099780118Z,rollout_generate,15.549
2026-09-15T22:21:38.100746668Z,rollout_generate,23.159
2026-09-15T22:21:38.491919930Z,rollout_generate,22.304
2026-09-15T22:21:38.492857730Z,rollout_generate,57.231
2026-09-15T22:21:38.493537549Z,rollout_generate,8.995
2026-09-15T22:21:38.751570484Z,rollout_generate,18.279
2026-09-15T22:21:38.752745444Z,rollout_generate,23.285
2026-09-15T22:21:38.888366900Z,rollout_generate,20.435
2026-09-15T22:21:39.029649247Z,rollout_generate,20.443
2026-09-15T22:21:39.030564457Z,rollout_generate,33.724
2026-09-15T22:21:39.032954997Z,rollout_generate,47.262
2026-09-15T22:21:39.174365934Z,rollout_generate,33.123
2026-09-15T22:21:39.302732511Z,rollout_generate,20.269
2026-09-15T22:21:39.590864554Z,rollout_generate,14.76
2026-09-15T22:21:39.716186682Z,rollout_generate,37.136
2026-09-15T22:21:39.717348362Z,rollout_generate,14.359
2026-09-15T22:21:39.975050996Z,rollout_generate,13.429
2026-09-15T22:21:40.107778303Z,rollout_generate,15.524
2026-09-15T22:21:40.237605280Z,rollout_generate,19.552
2026-09-15T22:21:40.238234780Z,rollout_generate,19.638
2026-09-15T22:21:40.499325874Z,rollout_generate,14.545
2026-09-15T22:21:40.503701074Z,rollout_generate,11.309
2026-09-15T22:21:40.626812821Z,rollout_generate,13.893
2026-09-15T22:21:40.886549495Z,rollout_generate,20.661
2026-09-15T22:21:41.017657742Z,rollout_generate,14.711
2026-09-15T22:21:41.278652536Z,rollout_generate,13.031
2026-09-15T22:21:41.406184843Z,rollout_generate,20.953
2026-09-15T22:21:41.667959777Z,rollout_generate,17.294
2026-09-15T22:21:42.190872175Z,rollout_generate,25.135
2026-09-15T22:21:42.196857105Z,rollout_generate,24.086
2026-09-15T22:21:42.319954622Z,rollout_generate,23.623
2026-09-15T22:21:42.579747617Z,rollout_generate,21.53
2026-09-15T22:21:42.703045834Z,rollout_generate,15.623
2026-09-15T22:21:42.716532623Z,rollout_generate,59.854
2026-09-15T22:21:42.971729228Z,rollout_generate,32.109
2026-09-15T22:21:42.974610148Z,rollout_generate,10.346
2026-09-15T22:21:43.231861502Z,rollout_generate,18.972
2026-09-15T22:21:43.752228340Z,rollout_generate,14.646
2026-09-15T22:21:44.014077234Z,rollout_generate,52.954
2026-09-15T22:21:44.272700288Z,rollout_generate,14.712
2026-09-15T22:21:44.403344165Z,rollout_generate,31.688
2026-09-15T22:21:44.664159009Z,rollout_generate,18.778
2026-09-15T22:21:44.794721716Z,rollout_generate,14.333
2026-09-15T22:21:44.924887383Z,rollout_generate,30.911
2026-09-15T22:21:45.184667847Z,rollout_generate,10.18
2026-09-15T22:21:45.315354184Z,rollout_generate,12.665
2026-09-15T22:21:45.448425011Z,rollout_generate,62.734
2026-09-15T22:21:45.577718138Z,rollout_generate,19.527
2026-09-15T22:21:45.707750555Z,rollout_generate,32.579
2026-09-15T22:21:46.097364206Z,rollout_generate,20.974
2026-09-15T22:21:46.097790817Z,rollout_generate,18.789
2026-09-15T22:21:46.360957811Z,rollout_generate,19.532
2026-09-15T22:21:46.362043260Z,rollout_generate,26.088
2026-09-15T22:21:46.489282317Z,rollout_generate,54.648
2026-09-15T22:21:46.749385712Z,rollout_generate,9.825
2026-09-15T22:21:47.011883256Z,rollout_generate,9.426
2026-09-15T22:21:47.533121654Z,rollout_generate,12.993
2026-09-15T22:21:47.661809411Z,rollout_generate,52.709
2026-09-15T22:21:47.663845811Z,rollout_generate,19.961
2026-09-15T22:21:47.665888351Z,rollout_generate,18.277
2026-09-15T22:21:47.921102195Z,rollout_generate,12.356
2026-09-15T22:21:48.314592156Z,rollout_generate,56.539
2026-09-15T22:21:48.315136256Z,rollout_generate,14.335
2026-09-15T22:21:48.444571883Z,rollout_generate,17.939
2026-09-15T22:21:48.572518270Z,rollout_generate,16.573
2026-09-15T22:21:48.964491531Z,rollout_generate,36.607
2026-09-15T22:21:49.225681095Z,rollout_generate,23.709
2026-09-15T22:21:49.356432662Z,rollout_generate,13.069
2026-09-15T22:21:49.357961872Z,rollout_generate,13.047
2026-09-15T22:21:49.615664857Z,rollout_generate,22.783
2026-09-15T22:21:50.006718788Z,rollout_generate,21.177
2026-09-15T22:21:50.266536591Z,rollout_generate,15.503
2026-09-15T22:21:50.658284103Z,rollout_generate,15.378
2026-09-15T22:21:50.659184693Z,rollout_generate,16.867
2026-09-15T22:21:51.051570404Z,rollout_generate,12.929
2026-09-15T22:21:51.182729851Z,rollout_generate,12.127
2026-09-15T22:21:51.185017301Z,rollout_generate,18.181
2026-09-15T22:21:51.440346165Z,rollout_generate,14.69
2026-09-15T22:21:51.570556162Z,rollout_generate,26.398
2026-09-15T22:21:51.574934362Z,rollout_generate,31.457
2026-09-15T22:21:51.701387889Z,rollout_generate,12.794
2026-09-15T22:21:51.834986516Z,rollout_generate,18.999
2026-09-15T22:21:52.221822047Z,rollout_generate,19.182
2026-09-15T22:21:52.743809635Z,rollout_generate,13.834
2026-09-15T22:21:52.874711712Z,rollout_generate,15.773
2026-09-15T22:21:53.786777291Z,rollout_generate,14.239
2026-09-15T22:21:54.050703425Z,rollout_generate,24.066
2026-09-15T22:21:54.051445785Z,rollout_generate,26.309
2026-09-15T22:21:54.179860063Z,rollout_generate,29.299
2026-09-15T22:21:54.180804322Z,rollout_generate,21.288
2026-09-15T22:21:54.571567514Z,rollout_generate,16.951
2026-09-15T22:21:54.705835671Z,rollout_generate,18.152
2026-09-15T22:21:54.832691718Z,rollout_generate,16.926
2026-09-15T22:21:55.093259222Z,rollout_generate,25.14
2026-09-15T22:21:55.224684619Z,rollout_generate,28.91
2026-09-15T22:21:55.354983346Z,rollout_generate,29.664
2026-09-15T22:21:55.617811200Z,rollout_generate,66.021
2026-09-15T22:21:55.619814930Z,rollout_generate,17.207
2026-09-15T22:21:55.622694890Z,rollout_generate,16.611
2026-09-15T22:21:56.012785001Z,rollout_generate,64.956
2026-09-15T22:21:56.139104428Z,rollout_generate,74.816
2026-09-15T22:21:56.397064722Z,rollout_generate,17.026
2026-09-15T22:21:56.398002002Z,rollout_generate,16.962
2026-09-15T22:21:56.526934439Z,rollout_generate,11.097
2026-09-15T22:21:56.657860856Z,rollout_generate,30.088
2026-09-15T22:21:57.046689708Z,rollout_generate,16.978
2026-09-15T22:21:57.048079468Z,rollout_generate,9.998
2026-09-15T22:21:57.048849088Z,rollout_generate,20.987
2026-09-15T22:21:57.178005434Z,rollout_generate,32.523
2026-09-15T22:21:57.440374488Z,rollout_generate,76.095
2026-09-15T22:21:57.442137428Z,rollout_generate,17.33
2026-09-15T22:21:57.699064703Z,rollout_generate,17.431
2026-09-15T22:21:57.828288830Z,rollout_generate,15.975
2026-09-15T22:21:58.089432084Z,rollout_generate,16.937
2026-09-15T22:21:58.349519228Z,rollout_generate,12.865
2026-09-15T22:21:58.481623285Z,rollout_generate,15.214
2026-09-15T22:21:58.872552396Z,rollout_generate,18.14
2026-09-15T22:21:58.875837676Z,rollout_generate,17.973
2026-09-15T22:21:59.002789643Z,rollout_generate,10.72
2026-09-15T22:21:59.132821070Z,rollout_generate,9.598
2026-09-15T22:21:59.392464164Z,rollout_generate,20.114
2026-09-15T22:21:59.526145201Z,rollout_generate,26.242
2026-09-15T22:21:59.526852111Z,rollout_generate,28.35
2026-09-15T22:21:59.527459051Z,rollout_generate,14.148
2026-09-15T22:21:59.529775621Z,rollout_generate,16.698
2026-09-15T22:21:59.788509315Z,rollout_generate,21.248
2026-09-15T22:22:00.048894189Z,rollout_generate,15.949
2026-09-15T22:22:00.309884863Z,rollout_generate,13.943
2026-09-15T22:22:00.440063020Z,rollout_generate,24.645
2026-09-15T22:22:00.700982054Z,rollout_generate,58.138
2026-09-15T22:22:01.089859096Z,rollout_generate,20.595
2026-09-15T22:22:01.352996070Z,rollout_generate,20.067
2026-09-15T22:22:01.874974218Z,rollout_generate,21.705
2026-09-15T22:22:02.134824972Z,rollout_generate,10.948
2026-09-15T22:22:02.395534306Z,rollout_generate,14.436
2026-09-15T22:22:02.526226013Z,rollout_generate,18.802
2026-09-15T22:22:02.657447040Z,rollout_generate,14.516
2026-09-15T22:22:02.788822797Z,rollout_generate,12.367
2026-09-15T22:22:03.196134708Z,rollout_generate,17.587
2026-09-15T22:22:03.325569935Z,rollout_generate,20.274
2026-09-15T22:22:03.847626883Z,rollout_generate,15.26
2026-09-15T22:22:03.984123100Z,rollout_generate,71.661
2026-09-15T22:22:04.499692498Z,rollout_generate,17.644
2026-09-15T22:22:04.761177092Z,rollout_generate,36.502
2026-09-15T22:22:04.893240029Z,rollout_generate,14.568
2026-09-15T22:22:05.022269356Z,rollout_generate,18.214
2026-09-15T22:22:05.284717890Z,rollout_generate,15.529
2026-09-15T22:22:05.413936077Z,rollout_generate,13.447
2026-09-15T22:22:05.675812301Z,rollout_generate,40.627
2026-09-15T22:22:05.805476298Z,rollout_generate,14.811
2026-09-15T22:22:05.937111135Z,rollout_generate,17.552
2026-09-15T22:22:06.197930389Z,rollout_generate,23.542
2026-09-15T22:22:06.326645137Z,rollout_generate,19.786
2026-09-15T22:22:06.463146363Z,rollout_generate,43.692
2026-09-15T22:22:06.590971240Z,rollout_generate,16.966
2026-09-15T22:22:06.741306147Z,rollout_generate,25.115
2026-09-15T22:22:07.129409548Z,rollout_generate,31.677
2026-09-15T22:22:07.259280485Z,rollout_generate,24.653
2026-09-15T22:22:07.389239072Z,rollout_generate,24.389
2026-09-15T22:22:07.520407459Z,rollout_generate,13.076
2026-09-15T22:22:07.651495716Z,rollout_generate,15.893
2026-09-15T22:22:07.910901190Z,rollout_generate,12.784
2026-09-15T22:22:08.173054764Z,rollout_generate,26.763
2026-09-15T22:22:08.174709764Z,rollout_generate,28.898
2026-09-15T22:22:08.432903729Z,rollout_generate,18.453
2026-09-15T22:22:08.564229506Z,rollout_generate,22.697
2026-09-15T22:22:08.825360300Z,rollout_generate,13.984
2026-09-15T22:22:09.477569545Z,rollout_generate,17.636
2026-09-15T22:22:09.739073189Z,rollout_generate,20.846
2026-09-15T22:22:09.870270246Z,rollout_generate,12.51
2026-09-15T22:22:10.130286510Z,rollout_generate,25.325
2026-09-15T22:22:10.522817951Z,rollout_generate,23.729
2026-09-15T22:22:10.912311642Z,rollout_generate,18.314
2026-09-15T22:22:10.913144382Z,rollout_generate,23.568
2026-09-15T22:22:11.172163426Z,rollout_generate,12.804
2026-09-15T22:22:11.772159843Z,rollout_generate,29.563
2026-09-15T22:22:12.030241677Z,rollout_generate,22.047
2026-09-15T22:22:12.032250327Z,rollout_generate,20.121
2026-09-15T22:22:12.162532794Z,rollout_generate,24.267
2026-09-15T22:22:12.163650764Z,rollout_generate,34.711
2026-09-15T22:22:12.292530301Z,rollout_generate,16.33
2026-09-15T22:22:12.422500438Z,rollout_generate,20.874
2026-09-15T22:22:12.683720692Z,rollout_generate,19.608
2026-09-15T22:22:12.951763636Z,rollout_generate,27.144
2026-09-15T22:22:13.081837413Z,rollout_generate,27.241
2026-09-15T22:22:13.472569424Z,rollout_generate,19.354
2026-09-15T22:22:13.606715021Z,rollout_generate,14.97
2026-09-15T22:22:13.610043301Z,rollout_generate,30.268
2026-09-15T22:22:14.386499733Z,rollout_generate,17.845
2026-09-15T22:22:14.779922984Z,rollout_generate,35.872
2026-09-15T22:22:14.911051271Z,rollout_generate,35.597
2026-09-15T22:22:15.441845519Z,rollout_generate,18.063
2026-09-15T22:22:15.442876199Z,rollout_generate,17.866
2026-09-15T22:22:15.703842783Z,rollout_generate,17.079
2026-09-15T22:22:15.704782963Z,rollout_generate,20.568
2026-09-15T22:22:15.707595113Z,rollout_generate,18.909
2026-09-15T22:22:15.965772617Z,rollout_generate,21.427
2026-09-15T22:22:16.227589291Z,rollout_generate,19.515
2026-09-15T22:22:16.489787495Z,rollout_generate,27.087
2026-09-15T22:22:16.490249346Z,rollout_generate,24.78
2026-09-15T22:22:16.491321755Z,rollout_generate,37.159
2026-09-15T22:22:16.618798123Z,rollout_generate,20.588
2026-09-15T22:22:16.621884172Z,rollout_generate,17.08
2026-09-15T22:22:16.748134840Z,rollout_generate,28.095
2026-09-15T22:22:17.010586974Z,rollout_generate,17.181
2026-09-15T22:22:17.140405321Z,rollout_generate,25.36
2026-09-15T22:22:17.401676915Z,rollout_generate,26.416
2026-09-15T22:22:17.543756651Z,rollout_generate,22.141
2026-09-15T22:22:17.935090502Z,rollout_generate,19.183
2026-09-15T22:22:17.941649253Z,rollout_generate,17.574
2026-09-15T22:22:18.326771474Z,rollout_generate,18.246
2026-09-15T22:22:18.717320995Z,rollout_generate,16.213
2026-09-15T22:22:18.978684609Z,rollout_generate,19.542
2026-09-15T22:22:19.249099063Z,rollout_generate,16.388
2026-09-15T22:22:19.383493760Z,rollout_generate,15.395
2026-09-15T22:22:19.511081567Z,rollout_generate,24.958
2026-09-15T22:22:19.908133718Z,rollout_generate,16.914
2026-09-15T22:22:20.167881812Z,rollout_generate,20.973
2026-09-15T22:22:20.296323459Z,rollout_generate,23.158
2026-09-15T22:22:20.425698756Z,rollout_generate,41.565
2026-09-15T22:22:20.948051384Z,rollout_generate,17.975
2026-09-15T22:22:21.861494813Z,rollout_generate,22.62
2026-09-15T22:22:21.994761690Z,rollout_generate,21.865
2026-09-15T22:22:22.383412881Z,rollout_generate,15.492
2026-09-15T22:22:22.515177069Z,rollout_generate,26.883
2026-09-15T22:22:22.640099675Z,rollout_generate,15.097
2026-09-15T22:22:22.906819049Z,rollout_generate,20.224
2026-09-15T22:22:22.908501669Z,rollout_generate,24.935
2026-09-15T22:22:23.040116097Z,rollout_generate,18.218
2026-09-15T22:22:23.040960646Z,rollout_generate,16.546
2026-09-15T22:22:23.167888414Z,rollout_generate,38.405
2026-09-15T22:22:23.307116131Z,rollout_generate,15.261
2026-09-15T22:22:23.434631337Z,rollout_generate,27.682
2026-09-15T22:22:23.565563725Z,rollout_generate,15.737
2026-09-15T22:22:23.567037254Z,rollout_generate,22.633
2026-09-15T22:22:23.825894199Z,rollout_generate,26.242
2026-09-15T22:22:23.958265276Z,rollout_generate,27.973
2026-09-15T22:22:24.088871623Z,rollout_generate,43.338
2026-09-15T22:22:24.218584230Z,rollout_generate,18.79
2026-09-15T22:22:24.219818590Z,rollout_generate,18.072
2026-09-15T22:22:24.350813197Z,rollout_generate,21.015
2026-09-15T22:22:24.744655628Z,rollout_generate,17.837
2026-09-15T22:22:24.745475578Z,rollout_generate,23.108
2026-09-15T22:22:24.872471335Z,rollout_generate,28.403
2026-09-15T22:22:25.006598902Z,rollout_generate,31.821
2026-09-15T22:22:25.266833776Z,rollout_generate,24.647
2026-09-15T22:22:25.397507423Z,rollout_generate,19.842
2026-09-15T22:22:25.527610730Z,rollout_generate,17.024
2026-09-15T22:22:26.700835033Z,rollout_generate,30.347
2026-09-15T22:22:26.836447180Z,rollout_generate,25.396
2026-09-15T22:22:27.093541984Z,rollout_generate,12.311
2026-09-15T22:22:27.224852171Z,rollout_generate,18.763
2026-09-15T22:22:27.355986288Z,rollout_generate,23.702
2026-09-15T22:22:27.356119138Z,rollout_generate,43.027
2026-09-15T22:22:27.493709565Z,rollout_generate,44.208
2026-09-15T22:22:27.885754096Z,rollout_generate,19.081
2026-09-15T22:22:28.147067040Z,rollout_generate,19.03
2026-09-15T22:22:28.541866021Z,rollout_generate,14.643
2026-09-15T22:22:28.543615231Z,rollout_generate,18.396
2026-09-15T22:22:29.060760500Z,rollout_generate,15.184
2026-09-15T22:22:29.584246728Z,rollout_generate,24.369
2026-09-15T22:22:29.714267795Z,rollout_generate,17.283
2026-09-15T22:22:29.851273971Z,rollout_generate,17.352
2026-09-15T22:22:29.975780369Z,rollout_generate,20.16
2026-09-15T22:22:30.112028696Z,rollout_generate,17.496
2026-09-15T22:22:30.237159043Z,rollout_generate,15.178
2026-09-15T22:22:30.501900857Z,rollout_generate,18.793
2026-09-15T22:22:30.503130877Z,rollout_generate,19.305
2026-09-15T22:22:30.507906257Z,rollout_generate,13.954
2026-09-15T22:22:30.897840228Z,rollout_generate,12.047
2026-09-15T22:22:31.418693846Z,rollout_generate,18.588
2026-09-15T22:22:31.680170080Z,rollout_generate,18.786
2026-09-15T22:22:31.810283177Z,rollout_generate,31.92
2026-09-15T22:22:31.939793384Z,rollout_generate,18.14
2026-09-15T22:22:32.073208731Z,rollout_generate,21.862
2026-09-15T22:22:32.073898531Z,rollout_generate,57.118
2026-09-15T22:22:32.338171335Z,rollout_generate,23.179
2026-09-15T22:22:33.250106004Z,rollout_generate,56.925
2026-09-15T22:22:33.252490404Z,rollout_generate,33.71
2026-09-15T22:22:33.510727908Z,rollout_generate,28.37
2026-09-15T22:22:34.034449067Z,rollout_generate,17.792
2026-09-15T22:22:34.428526558Z,rollout_generate,23.196
2026-09-15T22:22:34.558094504Z,rollout_generate,17.457
2026-09-15T22:22:34.837076568Z,rollout_generate,17.635
2026-09-15T22:22:34.838347068Z,rollout_generate,27.296
2026-09-15T22:22:34.966947675Z,rollout_generate,24.429
2026-09-15T22:22:34.968096665Z,rollout_generate,29.652
2026-09-15T22:22:35.101020362Z,rollout_generate,16.875
2026-09-15T22:22:35.101674812Z,rollout_generate,29.004
2026-09-15T22:22:35.229808599Z,rollout_generate,17.933
2026-09-15T22:22:35.358154957Z,rollout_generate,19.583
2026-09-15T22:22:35.489696743Z,rollout_generate,30.884
2026-09-15T22:22:35.620800760Z,rollout_generate,20.804
2026-09-15T22:22:35.882686954Z,rollout_generate,19.855
2026-09-15T22:22:36.534864980Z,rollout_generate,55.705
2026-09-15T22:22:36.929027081Z,rollout_generate,14.639
2026-09-15T22:22:37.061067488Z,rollout_generate,19.581
2026-09-15T22:22:37.189627935Z,rollout_generate,24.811
2026-09-15T22:22:37.321373202Z,rollout_generate,13.722
2026-09-15T22:22:37.322701502Z,rollout_generate,19.373
2026-09-15T22:22:37.490625348Z,rollout_generate,21.651
2026-09-15T22:22:37.621439415Z,rollout_generate,18.243
2026-09-15T22:22:37.878830289Z,rollout_generate,27.064
2026-09-15T22:22:38.532794534Z,rollout_generate,53.975
2026-09-15T22:22:38.661028841Z,rollout_generate,14.329
2026-09-15T22:22:38.791527578Z,rollout_generate,32.259
2026-09-15T22:22:38.938692885Z,rollout_generate,18.702
2026-09-15T22:22:39.053559362Z,rollout_generate,16.639
2026-09-15T22:22:39.837742495Z,rollout_generate,33.226
2026-09-15T22:22:39.839377395Z,rollout_generate,21.555
2026-09-15T22:22:40.100241849Z,rollout_generate,15.751
2026-09-15T22:22:40.359712383Z,rollout_generate,17.578
2026-09-15T22:22:40.776128923Z,rollout_generate,33.164
2026-09-15T22:22:40.906483460Z,rollout_generate,27.687
2026-09-15T22:22:41.171427684Z,rollout_generate,24.87
2026-09-15T22:22:41.172145484Z,rollout_generate,12.49
2026-09-15T22:22:41.298609741Z,rollout_generate,32.436
2026-09-15T22:22:41.429519108Z,rollout_generate,21.852
2026-09-15T22:22:41.561341736Z,rollout_generate,16.55
2026-09-15T22:22:41.692960562Z,rollout_generate,28.387
2026-09-15T22:22:41.821991749Z,rollout_generate,39.8
2026-09-15T22:22:42.228825920Z,rollout_generate,26.221
2026-09-15T22:22:42.489386114Z,rollout_generate,16.913
2026-09-15T22:22:42.882991275Z,rollout_generate,24.264
2026-09-15T22:22:43.012005063Z,rollout_generate,11.706
2026-09-15T22:22:43.142491449Z,rollout_generate,15.902
2026-09-15T22:22:43.144224349Z,rollout_generate,19.251
2026-09-15T22:22:43.274186886Z,rollout_generate,14.438
2026-09-15T22:22:43.797213054Z,rollout_generate,19.238
2026-09-15T22:22:43.799345445Z,rollout_generate,20.75
2026-09-15T22:22:43.919130952Z,rollout_generate,26.215
2026-09-15T22:22:43.930779791Z,rollout_generate,14.501
2026-09-15T22:22:44.189130326Z,rollout_generate,43.485
2026-09-15T22:22:44.449744460Z,rollout_generate,19.741
2026-09-15T22:22:44.712028064Z,rollout_generate,11.453
2026-09-15T22:22:44.713897564Z,rollout_generate,17.146
2026-09-15T22:22:44.858536450Z,rollout_generate,20.224
2026-09-15T22:22:44.989890967Z,rollout_generate,20.755
2026-09-15T22:22:44.990888567Z,rollout_generate,28.202
2026-09-15T22:22:45.380911878Z,rollout_generate,19.532
2026-09-15T22:22:45.511182215Z,rollout_generate,48.037
2026-09-15T22:22:45.641492683Z,rollout_generate,19.912
2026-09-15T22:22:45.772872829Z,rollout_generate,22.377
2026-09-15T22:22:45.909873377Z,rollout_generate,71.307
2026-09-15T22:22:46.178435800Z,rollout_generate,19.346
2026-09-15T22:22:46.180111820Z,rollout_generate,23.522
2026-09-15T22:22:46.692017519Z,rollout_generate,28.403
2026-09-15T22:22:47.344804104Z,rollout_generate,18.914
2026-09-15T22:22:47.608975088Z,rollout_generate,27.113
2026-09-15T22:22:47.996983089Z,rollout_generate,20.504
2026-09-15T22:22:48.260317163Z,rollout_generate,17.167
2026-09-15T22:22:48.388980850Z,rollout_generate,20.692
2026-09-15T22:22:48.918254768Z,rollout_generate,23.876
2026-09-15T22:22:49.179162822Z,rollout_generate,18.74
2026-09-15T22:22:49.440075746Z,rollout_generate,18.609
2026-09-15T22:22:49.833599967Z,rollout_generate,19.991
2026-09-15T22:22:49.963232004Z,rollout_generate,26.112
2026-09-15T22:22:50.094362501Z,rollout_generate,14.34
2026-09-15T22:22:50.096080841Z,rollout_generate,30.19
2026-09-15T22:22:50.225708038Z,rollout_generate,22.207
2026-09-15T22:22:50.488169772Z,rollout_generate,20.437
2026-09-15T22:22:50.637523889Z,rollout_generate,193.579
2026-09-15T22:22:50.764009416Z,rollout_generate,18.754
2026-09-15T22:22:50.765027046Z,rollout_generate,15.625
2026-09-15T22:22:50.768345246Z,rollout_generate,44.306
2026-09-15T22:22:51.154797757Z,rollout_generate,42.974
2026-09-15T22:22:51.283675774Z,rollout_generate,25.871
2026-09-15T22:22:51.564719698Z,rollout_generate,21.579
2026-09-15T22:22:51.956429659Z,rollout_generate,26.904
2026-09-15T22:22:52.480067807Z,rollout_generate,31.626
2026-09-15T22:22:52.866214528Z,rollout_generate,15.245
2026-09-15T22:22:52.877016898Z,rollout_generate,22.081
2026-09-15T22:22:53.001231325Z,rollout_generate,17.311
2026-09-15T22:22:53.264412599Z,rollout_generate,23.151
2026-09-15T22:22:53.394688106Z,rollout_generate,30.589
2026-09-15T22:22:53.816607587Z,rollout_generate,22.523
2026-09-15T22:22:53.945138354Z,rollout_generate,21.665
2026-09-15T22:22:53.948300974Z,rollout_generate,56.453
2026-09-15T22:22:54.075731531Z,rollout_generate,31.855
2026-09-15T22:22:54.983446720Z,rollout_generate,22.555
2026-09-15T22:22:54.990731740Z,rollout_generate,35.465
2026-09-15T22:22:55.120503647Z,rollout_generate,38.328
2026-09-15T22:22:55.933498018Z,rollout_generate,12.57
2026-09-15T22:22:56.324789090Z,rollout_generate,20.135
2026-09-15T22:22:56.584783814Z,rollout_generate,39.823
2026-09-15T22:22:56.719094821Z,rollout_generate,19.094
2026-09-15T22:22:56.719950551Z,rollout_generate,32.996
2026-09-15T22:22:56.838363738Z,rollout_generate,19.626
2026-09-15T22:22:56.851723748Z,rollout_generate,15.537
2026-09-15T22:22:56.853862608Z,rollout_generate,16.478
2026-09-15T22:22:57.239187259Z,rollout_generate,19.356
2026-09-15T22:22:57.241180059Z,rollout_generate,19.773
2026-09-15T22:22:57.772935167Z,rollout_generate,30.103
2026-09-15T22:22:58.295065235Z,rollout_generate,23.603
2026-09-15T22:22:58.688999836Z,rollout_generate,23.158
2026-09-15T22:22:59.080579067Z,rollout_generate,21.303
2026-09-15T22:22:59.084371507Z,rollout_generate,14.889
2026-09-15T22:22:59.883180449Z,rollout_generate,21.951
2026-09-15T22:23:00.133627373Z,rollout_generate,19.475
2026-09-15T22:23:00.144112213Z,rollout_generate,24.756
2026-09-15T22:23:00.403970007Z,rollout_generate,16.84
2026-09-15T22:23:00.534751894Z,rollout_generate,21.266
2026-09-15T22:23:00.664135991Z,rollout_generate,18.499
2026-09-15T22:23:00.926943145Z,rollout_generate,28.766
2026-09-15T22:23:01.446263073Z,rollout_generate,40.364
2026-09-15T22:23:01.447027053Z,rollout_generate,18.009
2026-09-15T22:23:01.708415767Z,rollout_generate,27.065
2026-09-15T22:23:02.256633265Z,rollout_generate,28.569
2026-09-15T22:23:02.258686585Z,rollout_generate,36.688
2026-09-15T22:23:02.385995772Z,rollout_generate,34.59
2026-09-15T22:23:02.647700006Z,rollout_generate,17.387
2026-09-15T22:23:03.039694027Z,rollout_generate,35.847
2026-09-15T22:23:03.167955464Z,rollout_generate,18.949
2026-09-15T22:23:03.169812974Z,rollout_generate,14.335
2026-09-15T22:23:03.710156412Z,rollout_generate,27.67
2026-09-15T22:23:03.843095469Z,rollout_generate,22.145
2026-09-15T22:23:03.844892159Z,rollout_generate,26.325
2026-09-15T22:23:03.971799656Z,rollout_generate,23.863
2026-09-15T22:23:04.365448537Z,rollout_generate,28.958
2026-09-15T22:23:04.556239782Z,rollout_generate,21.759
2026-09-15T22:23:04.680977360Z,rollout_generate,61.737
2026-09-15T22:23:05.828009484Z,rollout_generate,26.986
2026-09-15T22:23:06.482157689Z,rollout_generate,24.716
2026-09-15T22:23:06.744718383Z,rollout_generate,20.889
2026-09-15T22:23:06.876996400Z,rollout_generate,23.404
2026-09-15T22:23:07.006828547Z,rollout_generate,36.476
2026-09-15T22:23:07.677331951Z,rollout_generate,33.889
2026-09-15T22:23:07.806534928Z,rollout_generate,23.218
2026-09-15T22:23:07.939980885Z,rollout_generate,25.341
2026-09-15T22:23:08.333964716Z,rollout_generate,33.233
2026-09-15T22:23:08.724149018Z,rollout_generate,45.201
2026-09-15T22:23:08.853528755Z,rollout_generate,21.85
2026-09-15T22:23:09.507827110Z,rollout_generate,20.006
2026-09-15T22:23:09.637376667Z,rollout_generate,18.557
2026-09-15T22:23:09.639573577Z,rollout_generate,30.511
2026-09-15T22:23:09.768646164Z,rollout_generate,20.564
2026-09-15T22:23:10.350130251Z,rollout_generate,19.274
2026-09-15T22:23:10.602825035Z,rollout_generate,26.284
2026-09-15T22:23:10.616219295Z,rollout_generate,20.495
2026-09-15T22:23:10.744749682Z,rollout_generate,20.305
2026-09-15T22:23:10.875124639Z,rollout_generate,23.247
2026-09-15T22:23:11.655812401Z,rollout_generate,25.2
2026-09-15T22:23:11.659168731Z,rollout_generate,33.478
2026-09-15T22:23:11.787426328Z,rollout_generate,34.427
2026-09-15T22:23:12.210368088Z,rollout_generate,33.144
2026-09-15T22:23:12.212277748Z,rollout_generate,18.263
2026-09-15T22:23:12.728420197Z,rollout_generate,16.419
2026-09-15T22:23:13.005735210Z,rollout_generate,22.748
2026-09-15T22:23:13.121474408Z,rollout_generate,18.845
2026-09-15T22:23:13.514305369Z,rollout_generate,36.291
2026-09-15T22:23:14.187139034Z,rollout_generate,17.062
2026-09-15T22:23:14.188977574Z,rollout_generate,33.148
2026-09-15T22:23:14.318534840Z,rollout_generate,26.374
2026-09-15T22:23:14.450337477Z,rollout_generate,29.393
2026-09-15T22:23:14.582456154Z,rollout_generate,22.233
2026-09-15T22:23:14.583950945Z,rollout_generate,14.386
2026-09-15T22:23:14.713245762Z,rollout_generate,29.58
2026-09-15T22:23:15.233603140Z,rollout_generate,19.747
2026-09-15T22:23:15.501446224Z,rollout_generate,12.845
2026-09-15T22:23:15.894893165Z,rollout_generate,22.321
2026-09-15T22:23:16.157402989Z,rollout_generate,53.243
2026-09-15T22:23:16.288794356Z,rollout_generate,35.173
2026-09-15T22:23:16.811649684Z,rollout_generate,35.306
2026-09-15T22:23:16.943347621Z,rollout_generate,19.938
2026-09-15T22:23:16.944380281Z,rollout_generate,27.2
2026-09-15T22:23:17.335061382Z,rollout_generate,16.641
2026-09-15T22:23:17.336059312Z,rollout_generate,25.757
2026-09-15T22:23:18.014667636Z,rollout_generate,18.657
2026-09-15T22:23:18.542494835Z,rollout_generate,34.409
2026-09-15T22:23:18.543225075Z,rollout_generate,45.981
2026-09-15T22:23:18.543874084Z,rollout_generate,24.855
2026-09-15T22:23:18.674306272Z,rollout_generate,30.108
2026-09-15T22:23:18.803663229Z,rollout_generate,21.665
2026-09-15T22:23:18.934923026Z,rollout_generate,27.829
2026-09-15T22:23:19.067034263Z,rollout_generate,28.244
2026-09-15T22:23:19.187042770Z,rollout_generate,26.033
2026-09-15T22:23:19.651512339Z,rollout_generate,34.364
2026-09-15T22:23:19.913946493Z,rollout_generate,28.756
2026-09-15T22:23:20.174952127Z,rollout_generate,27.001
2026-09-15T22:23:20.709360305Z,rollout_generate,34.791
2026-09-15T22:23:20.709364145Z,rollout_generate,30.169
2026-09-15T22:23:20.828572643Z,rollout_generate,26.383
2026-09-15T22:23:20.958967360Z,rollout_generate,19.371
2026-09-15T22:23:21.529444756Z,rollout_generate,28.19
2026-09-15T22:23:21.656057744Z,rollout_generate,21.376
2026-09-15T22:23:22.704043080Z,rollout_generate,22.292
2026-09-15T22:23:22.835284347Z,rollout_generate,20.73
2026-09-15T22:23:22.966788554Z,rollout_generate,19.518
2026-09-15T22:23:23.749821626Z,rollout_generate,46.739
2026-09-15T22:23:23.750822176Z,rollout_generate,25.902
2026-09-15T22:23:23.880168103Z,rollout_generate,39.811
2026-09-15T22:23:24.013497800Z,rollout_generate,24.791
2026-09-15T22:23:24.268491084Z,rollout_generate,28.921
2026-09-15T22:23:25.997149905Z,rollout_generate,29.356
2026-09-15T22:23:26.131282132Z,rollout_generate,40.349
2026-09-15T22:23:26.522536543Z,rollout_generate,27.545
2026-09-15T22:23:26.651059120Z,rollout_generate,22.451
2026-09-15T22:23:26.913260024Z,rollout_generate,28.303
2026-09-15T22:23:27.084211540Z,rollout_generate,42.082
2026-09-15T22:23:27.085987930Z,rollout_generate,12.631
2026-09-15T22:23:27.209103467Z,rollout_generate,16.548
2026-09-15T22:23:27.472701181Z,rollout_generate,54.991
2026-09-15T22:23:28.255630164Z,rollout_generate,25.583
2026-09-15T22:23:28.512958388Z,rollout_generate,24.303
2026-09-15T22:23:28.649305635Z,rollout_generate,24.905
2026-09-15T22:23:29.305127360Z,rollout_generate,22.234
2026-09-15T22:23:29.426145687Z,rollout_generate,30.739
2026-09-15T22:23:29.728852670Z,rollout_generate,19.656
2026-09-15T22:23:29.859861807Z,rollout_generate,37.081
2026-09-15T22:23:29.981697515Z,rollout_generate,23.165
2026-09-15T22:23:30.121058121Z,rollout_generate,17.015
2026-09-15T22:23:30.384594305Z,rollout_generate,17.1
2026-09-15T22:23:31.036428600Z,rollout_generate,27.565
2026-09-15T22:23:31.169109528Z,rollout_generate,23.194
2026-09-15T22:23:31.682273256Z,rollout_generate,17.342
2026-09-15T22:23:31.985745649Z,rollout_generate,22.042
2026-09-15T22:23:32.115633056Z,rollout_generate,36.697
2026-09-15T22:23:32.247619883Z,rollout_generate,29.852
2026-09-15T22:23:32.380673570Z,rollout_generate,52.401
2026-09-15T22:23:32.508314697Z,rollout_generate,16.476
2026-09-15T22:23:32.639568704Z,rollout_generate,29.295
2026-09-15T22:23:33.189306331Z,rollout_generate,28.912
2026-09-15T22:23:33.451160956Z,rollout_generate,26.247
2026-09-15T22:23:33.453143725Z,rollout_generate,47.391
2026-09-15T22:23:33.583061973Z,rollout_generate,41.876
2026-09-15T22:23:34.106727731Z,rollout_generate,24.265
2026-09-15T22:23:34.107415771Z,rollout_generate,37.102
2026-09-15T22:23:35.023609000Z,rollout_generate,31.554
2026-09-15T22:23:35.153938967Z,rollout_generate,25.177
2026-09-15T22:23:35.564963248Z,rollout_generate,26.374
2026-09-15T22:23:35.821814132Z,rollout_generate,28.671
2026-09-15T22:23:36.215162993Z,rollout_generate,15.14
2026-09-15T22:23:36.477719577Z,rollout_generate,50.17
2026-09-15T22:23:36.612008314Z,rollout_generate,14.738
2026-09-15T22:23:36.878817018Z,rollout_generate,17.823
2026-09-15T22:23:36.991836375Z,rollout_generate,21.396
2026-09-15T22:23:37.004897305Z,rollout_generate,22.137
2026-09-15T22:23:37.393919966Z,rollout_generate,39.298
2026-09-15T22:23:37.558857502Z,rollout_generate,36.295
2026-09-15T22:23:37.685882169Z,rollout_generate,32.991
2026-09-15T22:23:38.208642707Z,rollout_generate,19.909
2026-09-15T22:23:38.465292611Z,rollout_generate,30.146
2026-09-15T22:23:39.518922047Z,rollout_generate,21.898
2026-09-15T22:23:39.650542615Z,rollout_generate,22.434
2026-09-15T22:23:40.188064512Z,rollout_generate,37.634
2026-09-15T22:23:40.312263149Z,rollout_generate,22.675
2026-09-15T22:23:40.320717109Z,rollout_generate,29.142
2026-09-15T22:23:41.621279210Z,rollout_generate,69.884
2026-09-15T22:23:41.760829196Z,rollout_generate,18.516
2026-09-15T22:23:42.020467941Z,rollout_generate,28.581
2026-09-15T22:23:42.151353128Z,rollout_generate,25.026
2026-09-15T22:23:42.280814735Z,rollout_generate,27.373
2026-09-15T22:23:42.281793935Z,rollout_generate,24.892
2026-09-15T22:23:42.675636856Z,rollout_generate,31.785
2026-09-15T22:23:42.848783972Z,rollout_generate,33.792
2026-09-15T22:23:42.972180539Z,rollout_generate,67.859
2026-09-15T22:23:43.627912954Z,rollout_generate,39.365
2026-09-15T22:23:44.405172716Z,rollout_generate,24.933
2026-09-15T22:23:44.544058573Z,rollout_generate,17.485
2026-09-15T22:23:44.677607950Z,rollout_generate,14.417
2026-09-15T22:23:44.808783997Z,rollout_generate,20.618
2026-09-15T22:23:45.219997428Z,rollout_generate,33.248
2026-09-15T22:23:45.222440578Z,rollout_generate,30.555
2026-09-15T22:23:45.735776596Z,rollout_generate,33.22
2026-09-15T22:23:45.875223693Z,rollout_generate,27.048
2026-09-15T22:23:46.398342271Z,rollout_generate,13.885
2026-09-15T22:23:47.055023386Z,rollout_generate,35.117
2026-09-15T22:23:47.734145861Z,rollout_generate,18.891
2026-09-15T22:23:47.739099300Z,rollout_generate,26.487
2026-09-15T22:23:47.869420958Z,rollout_generate,28.791
2026-09-15T22:23:48.133115432Z,rollout_generate,21.746
2026-09-15T22:23:48.395521956Z,rollout_generate,20.741
2026-09-15T22:23:50.221926484Z,rollout_generate,18.265
2026-09-15T22:23:50.360497421Z,rollout_generate,27.238
2026-09-15T22:23:51.278038630Z,rollout_generate,62.552
2026-09-15T22:23:51.797553068Z,rollout_generate,21.51
2026-09-15T22:23:52.243706788Z,rollout_generate,15.297
2026-09-15T22:23:52.503918702Z,rollout_generate,31.324
2026-09-15T22:23:52.636289259Z,rollout_generate,20.945
2026-09-15T22:23:53.422769342Z,rollout_generate,36.815
2026-09-15T22:23:54.329020851Z,rollout_generate,16.978
2026-09-15T22:23:54.340620761Z,rollout_generate,23.674
2026-09-15T22:23:54.469089428Z,rollout_generate,35.071
2026-09-15T22:23:54.721648062Z,rollout_generate,25.029
2026-09-15T22:23:55.432769756Z,rollout_generate,25.786
2026-09-15T22:23:55.695658800Z,rollout_generate,28.89
2026-09-15T22:23:55.959634364Z,rollout_generate,28.544
2026-09-15T22:23:56.090288841Z,rollout_generate,36.145
2026-09-15T22:23:56.613303329Z,rollout_generate,21.107
2026-09-15T22:23:56.744799656Z,rollout_generate,48.799
2026-09-15T22:23:56.876386033Z,rollout_generate,41.743
2026-09-15T22:23:57.009608890Z,rollout_generate,40.423
2026-09-15T22:23:57.328072733Z,rollout_generate,12.259
2026-09-15T22:23:57.588100737Z,rollout_generate,19.691
2026-09-15T22:23:57.714818804Z,rollout_generate,35.765
2026-09-15T22:23:58.120006205Z,rollout_generate,38.201
2026-09-15T22:23:58.905486447Z,rollout_generate,62.173
2026-09-15T22:23:59.430210175Z,rollout_generate,47.349
2026-09-15T22:23:59.557307262Z,rollout_generate,18.947
2026-09-15T22:23:59.564753622Z,rollout_generate,54.707
2026-09-15T22:23:59.566363822Z,rollout_generate,17.516
2026-09-15T22:23:59.567082502Z,rollout_generate,48.814
2026-09-15T22:24:00.396540383Z,rollout_generate,78.807
2026-09-15T22:24:00.527289460Z,rollout_generate,24.635
2026-09-15T22:24:00.659389737Z,rollout_generate,30.645
2026-09-15T22:24:00.660686377Z,rollout_generate,39.679
2026-09-15T22:24:01.055653468Z,rollout_generate,33.44
2026-09-15T22:24:01.449584269Z,rollout_generate,16.76
2026-09-15T22:24:01.985730397Z,rollout_generate,19.377
2026-09-15T22:24:02.647742362Z,rollout_generate,61.634
2026-09-15T22:24:02.767415249Z,rollout_generate,23.923
2026-09-15T22:24:02.907539516Z,rollout_generate,14.6
2026-09-15T22:24:03.577555440Z,rollout_generate,31.191
2026-09-15T22:24:03.706661728Z,rollout_generate,19.461
2026-09-15T22:24:03.837891015Z,rollout_generate,30.342
2026-09-15T22:24:04.109233929Z,rollout_generate,57.999
2026-09-15T22:24:04.110873088Z,rollout_generate,202.716
2026-09-15T22:24:04.439707611Z,rollout_generate,22.672
2026-09-15T22:24:04.580400988Z,rollout_generate,30.152
2026-09-15T22:24:04.703647415Z,rollout_generate,28.061
2026-09-15T22:24:04.716032485Z,rollout_generate,24.12
2026-09-15T22:24:04.833315532Z,rollout_generate,40.226
2026-09-15T22:24:04.845559982Z,rollout_generate,24.907
2026-09-15T22:24:05.228476743Z,rollout_generate,20.668
2026-09-15T22:24:05.661997003Z,rollout_generate,46.783
2026-09-15T22:24:05.782258730Z,rollout_generate,113.663
2026-09-15T22:24:06.572552493Z,rollout_generate,55.674
2026-09-15T22:24:06.576575532Z,rollout_generate,11.887
2026-09-15T22:24:06.704536700Z,rollout_generate,16.166
2026-09-15T22:24:06.974961294Z,rollout_generate,204.229
2026-09-15T22:24:07.462074782Z,rollout_generate,22.497
2026-09-15T22:24:07.989425380Z,rollout_generate,17.335
2026-09-15T22:24:08.121534927Z,rollout_generate,19.838
2026-09-15T22:24:08.386286651Z,rollout_generate,10.677
2026-09-15T22:24:08.911299179Z,rollout_generate,35.185
2026-09-15T22:24:09.961615506Z,rollout_generate,27.642
2026-09-15T22:24:10.094416763Z,rollout_generate,35.709
2026-09-15T22:24:10.226586429Z,rollout_generate,27.464
2026-09-15T22:24:11.307891885Z,rollout_generate,41.158
2026-09-15T22:24:11.566847629Z,rollout_generate,37.968
2026-09-15T22:24:11.572679299Z,rollout_generate,33.596
2026-09-15T22:24:11.968163250Z,rollout_generate,36.579
2026-09-15T22:24:12.490096988Z,rollout_generate,25.563
2026-09-15T22:24:12.745295302Z,rollout_generate,25.41
2026-09-15T22:24:13.018127556Z,rollout_generate,64.553
2026-09-15T22:24:13.558674504Z,rollout_generate,54.681
2026-09-15T22:24:13.822112368Z,rollout_generate,20.619
2026-09-15T22:24:13.954865845Z,rollout_generate,30.764
2026-09-15T22:24:14.209820119Z,rollout_generate,79.95
2026-09-15T22:24:14.616490449Z,rollout_generate,14.761
2026-09-15T22:24:14.740250927Z,rollout_generate,26.667
2026-09-15T22:24:14.877983884Z,rollout_generate,70.05
2026-09-15T22:24:15.133905608Z,rollout_generate,20.519
2026-09-15T22:24:15.394900242Z,rollout_generate,35.594
2026-09-15T22:24:15.534978939Z,rollout_generate,20.724
2026-09-15T22:24:16.272280792Z,rollout_generate,16.395
2026-09-15T22:24:16.541447766Z,rollout_generate,45.099
2026-09-15T22:24:16.673322503Z,rollout_generate,64.322
2026-09-15T22:24:16.805438940Z,rollout_generate,30.647
2026-09-15T22:24:16.936931857Z,rollout_generate,28.216
2026-09-15T22:24:17.070465784Z,rollout_generate,207.322
2026-09-15T22:24:18.140524280Z,rollout_generate,20.013
2026-09-15T22:24:18.273002686Z,rollout_generate,64.433
2026-09-15T22:24:18.669073637Z,rollout_generate,21.652
2026-09-15T22:24:19.316829763Z,rollout_generate,26.741
2026-09-15T22:24:19.331999492Z,rollout_generate,19.759
2026-09-15T22:24:19.590533196Z,rollout_generate,53.327
2026-09-15T22:24:19.852932830Z,rollout_generate,34.337
2026-09-15T22:24:19.981991858Z,rollout_generate,18.985
2026-09-15T22:24:19.983404068Z,rollout_generate,15.873
2026-09-15T22:24:20.113416135Z,rollout_generate,31.964
2026-09-15T22:24:20.797561539Z,rollout_generate,56.716
2026-09-15T22:24:21.446369534Z,rollout_generate,29.308
2026-09-15T22:24:21.718610818Z,rollout_generate,18.003
2026-09-15T22:24:21.851509405Z,rollout_generate,67.521
2026-09-15T22:24:22.106347859Z,rollout_generate,18.589
2026-09-15T22:24:22.116685829Z,rollout_generate,18.143
2026-09-15T22:24:22.370410903Z,rollout_generate,15.54
2026-09-15T22:24:22.379050583Z,rollout_generate,21.427
2026-09-15T22:24:22.509007240Z,rollout_generate,53.953
2026-09-15T22:24:22.833673483Z,rollout_generate,17.797
2026-09-15T22:24:22.966836070Z,rollout_generate,50.559
2026-09-15T22:24:23.088751917Z,rollout_generate,18.003
2026-09-15T22:24:23.089956107Z,rollout_generate,24.968
2026-09-15T22:24:23.486155658Z,rollout_generate,16.566
2026-09-15T22:24:23.624910275Z,rollout_generate,64.345
2026-09-15T22:24:24.336408389Z,rollout_generate,27.385
2026-09-15T22:24:24.722469110Z,rollout_generate,29.62
2026-09-15T22:24:25.124151321Z,rollout_generate,12.629
2026-09-15T22:24:25.257793498Z,rollout_generate,22.965
2026-09-15T22:24:25.258872218Z,rollout_generate,46.778
2026-09-15T22:24:25.655144889Z,rollout_generate,82.715
2026-09-15T22:24:25.775656426Z,rollout_generate,39.891
2026-09-15T22:24:25.786216136Z,rollout_generate,20.832
2026-09-15T22:24:26.047632420Z,rollout_generate,27.952
2026-09-15T22:24:26.248532225Z,rollout_generate,84.666
2026-09-15T22:24:26.364830793Z,rollout_generate,24.621
2026-09-15T22:24:27.160487774Z,rollout_generate,33.403
2026-09-15T22:24:27.817964869Z,rollout_generate,19.557
2026-09-15T22:24:28.340666478Z,rollout_generate,22.824
2026-09-15T22:24:29.127558610Z,rollout_generate,24.01
2026-09-15T22:24:29.259478047Z,rollout_generate,24.378
2026-09-15T22:24:29.265588716Z,rollout_generate,88.398
2026-09-15T22:24:29.396499144Z,rollout_generate,20.635
2026-09-15T22:24:29.652096648Z,rollout_generate,26.505
2026-09-15T22:24:29.666506147Z,rollout_generate,14.514
2026-09-15T22:24:30.132616887Z,rollout_generate,63.471
2026-09-15T22:24:30.525835278Z,rollout_generate,20.05
2026-09-15T22:24:31.574725964Z,rollout_generate,27.511
2026-09-15T22:24:31.705248631Z,rollout_generate,25.778
2026-09-15T22:24:31.842420308Z,rollout_generate,35.466
2026-09-15T22:24:32.105633172Z,rollout_generate,13.659
2026-09-15T22:24:32.549813402Z,rollout_generate,24.956
2026-09-15T22:24:32.671585989Z,rollout_generate,16.101
2026-09-15T22:24:33.200529197Z,rollout_generate,60.903
2026-09-15T22:24:33.601363808Z,rollout_generate,56.442
2026-09-15T22:24:33.864602102Z,rollout_generate,53.384
2026-09-15T22:24:34.128297776Z,rollout_generate,38.137
2026-09-15T22:24:34.260718563Z,rollout_generate,103.355
2026-09-15T22:24:34.262780763Z,rollout_generate,97.016
2026-09-15T22:24:34.392756430Z,rollout_generate,33.699
2026-09-15T22:24:34.395535490Z,rollout_generate,25.039
2026-09-15T22:24:34.524806727Z,rollout_generate,51.696
2026-09-15T22:24:34.647938844Z,rollout_generate,19.551
2026-09-15T22:24:34.835314470Z,rollout_generate,62.307
2026-09-15T22:24:35.362146308Z,rollout_generate,72.373
2026-09-15T22:24:35.493345825Z,rollout_generate,35.757
2026-09-15T22:24:35.747520369Z,rollout_generate,30.565
2026-09-15T22:24:35.887257596Z,rollout_generate,59.276
2026-09-15T22:24:36.451269153Z,rollout_generate,72.14
2026-09-15T22:24:36.717174217Z,rollout_generate,25.002
2026-09-15T22:24:36.853513004Z,rollout_generate,14.198
2026-09-15T22:24:37.252482665Z,rollout_generate,40.082
2026-09-15T22:24:38.431073658Z,rollout_generate,13.303
2026-09-15T22:24:38.563100245Z,rollout_generate,61.286
2026-09-15T22:24:38.958621566Z,rollout_generate,34.473
2026-09-15T22:24:38.960591816Z,rollout_generate,24.558
2026-09-15T22:24:39.279284569Z,rollout_generate,19.014
2026-09-15T22:24:39.804484827Z,rollout_generate,31.513
2026-09-15T22:24:39.805031827Z,rollout_generate,24.782
2026-09-15T22:24:40.334127815Z,rollout_generate,57.849
2026-09-15T22:24:40.719834036Z,rollout_generate,27.691
2026-09-15T22:24:40.734243176Z,rollout_generate,28.855
2026-09-15T22:24:41.115531117Z,rollout_generate,17.22
2026-09-15T22:24:41.679395694Z,rollout_generate,26.27
2026-09-15T22:24:42.203559933Z,rollout_generate,49.348
2026-09-15T22:24:42.213741172Z,rollout_generate,22.049
2026-09-15T22:24:42.470991027Z,rollout_generate,19.813
2026-09-15T22:24:42.732708481Z,rollout_generate,20.49
2026-09-15T22:24:42.744527690Z,rollout_generate,59.631
2026-09-15T22:24:42.746422450Z,rollout_generate,22.337
2026-09-15T22:24:42.994580284Z,rollout_generate,19.547
2026-09-15T22:24:43.126901512Z,rollout_generate,28.828
2026-09-15T22:24:43.140778671Z,rollout_generate,25.834
2026-09-15T22:24:43.257844869Z,rollout_generate,117.096
2026-09-15T22:24:44.269171035Z,rollout_generate,48.305
2026-09-15T22:24:44.530500020Z,rollout_generate,27.065
2026-09-15T22:24:44.662318057Z,rollout_generate,33.056
2026-09-15T22:24:44.795968543Z,rollout_generate,42.008
2026-09-15T22:24:45.050121598Z,rollout_generate,30.695
2026-09-15T22:24:45.058533137Z,rollout_generate,26.252
2026-09-15T22:24:45.779020751Z,rollout_generate,12.714
2026-09-15T22:24:46.431132426Z,rollout_generate,30.743
2026-09-15T22:24:46.560601094Z,rollout_generate,23.164
2026-09-15T22:24:46.574692943Z,rollout_generate,82.561
2026-09-15T22:24:46.696037710Z,rollout_generate,20.767
2026-09-15T22:24:46.831550987Z,rollout_generate,30.01
2026-09-15T22:24:46.954904285Z,rollout_generate,34.638
2026-09-15T22:24:46.958307234Z,rollout_generate,24.546
2026-09-15T22:24:46.969903484Z,rollout_generate,21.429
2026-09-15T22:24:47.095796291Z,rollout_generate,14.675
2026-09-15T22:24:47.434569783Z,rollout_generate,75.312
2026-09-15T22:24:47.957148802Z,rollout_generate,235.554
2026-09-15T22:24:48.483498770Z,rollout_generate,31.404
2026-09-15T22:24:48.743871944Z,rollout_generate,19.887
2026-09-15T22:24:49.264043242Z,rollout_generate,38.984
2026-09-15T22:24:49.273931422Z,rollout_generate,27.279
2026-09-15T22:24:49.666372913Z,rollout_generate,43.672
2026-09-15T22:24:49.797139870Z,rollout_generate,17.946
2026-09-15T22:24:49.797536770Z,rollout_generate,24.792
2026-09-15T22:24:49.995452835Z,rollout_generate,27.182
2026-09-15T22:24:50.135113222Z,rollout_generate,72.44
2026-09-15T22:24:50.136865672Z,rollout_generate,16.399
2026-09-15T22:24:50.923289634Z,rollout_generate,22.959
2026-09-15T22:24:51.043571621Z,rollout_generate,21.627
2026-09-15T22:24:51.762852565Z,rollout_generate,18.265
2026-09-15T22:24:51.899829172Z,rollout_generate,45.042
2026-09-15T22:24:52.033386399Z,rollout_generate,116.9
2026-09-15T22:24:52.157704526Z,rollout_generate,32.511
2026-09-15T22:24:52.816387141Z,rollout_generate,28.165
2026-09-15T22:24:53.085972805Z,rollout_generate,42.708
2026-09-15T22:24:54.008073714Z,rollout_generate,49.579
2026-09-15T22:24:54.134037751Z,rollout_generate,27.617
2026-09-15T22:24:54.274461798Z,rollout_generate,15.339
2026-09-15T22:24:54.576861321Z,rollout_generate,251.848
2026-09-15T22:24:54.835529085Z,rollout_generate,63.21
2026-09-15T22:24:55.756548004Z,rollout_generate,95.31
2026-09-15T22:24:56.015352618Z,rollout_generate,34.234
2026-09-15T22:24:56.024779078Z,rollout_generate,23.186
2026-09-15T22:24:56.676029233Z,rollout_generate,37.445
2026-09-15T22:24:58.116947291Z,rollout_generate,23.261
2026-09-15T22:24:58.120892831Z,rollout_generate,30.635
2026-09-15T22:24:58.647271019Z,rollout_generate,45.491
2026-09-15T22:24:59.074871369Z,rollout_generate,91.845
2026-09-15T22:24:59.862229661Z,rollout_generate,20.47
2026-09-15T22:25:00.516750316Z,rollout_generate,30.571
2026-09-15T22:25:00.777920360Z,rollout_generate,14.573
2026-09-15T22:25:01.041644954Z,rollout_generate,34.622
2026-09-15T22:25:01.704907449Z,rollout_generate,62.661
2026-09-15T22:25:01.830065916Z,rollout_generate,41.512
2026-09-15T22:25:01.838790476Z,rollout_generate,76.289
2026-09-15T22:25:01.968103103Z,rollout_generate,107.108
2026-09-15T22:25:02.358092104Z,rollout_generate,20.848
2026-09-15T22:25:03.455323629Z,rollout_generate,16.757
2026-09-15T22:25:04.112463594Z,rollout_generate,21.5
2026-09-15T22:25:04.121750824Z,rollout_generate,24.566
2026-09-15T22:25:05.170736020Z,rollout_generate,22.661
2026-09-15T22:25:05.562639071Z,rollout_generate,20.688
2026-09-15T22:25:05.966067612Z,rollout_generate,64.512
2026-09-15T22:25:06.089879159Z,rollout_generate,22.763
2026-09-15T22:25:06.100240519Z,rollout_generate,35.311
2026-09-15T22:25:07.722271402Z,rollout_generate,43.759
2026-09-15T22:25:07.990433156Z,rollout_generate,71.104
2026-09-15T22:25:08.383749237Z,rollout_generate,33.393
2026-09-15T22:25:09.175113279Z,rollout_generate,29.793
2026-09-15T22:25:09.429405243Z,rollout_generate,46.172
2026-09-15T22:25:09.694871317Z,rollout_generate,26.153
2026-09-15T22:25:10.092339948Z,rollout_generate,40.502
2026-09-15T22:25:10.097895448Z,rollout_generate,46.976
2026-09-15T22:25:10.401380721Z,rollout_generate,56.508
2026-09-15T22:25:10.665245145Z,rollout_generate,36.256
2026-09-15T22:25:10.922984069Z,rollout_generate,38.998
2026-09-15T22:25:11.586564094Z,rollout_generate,26.627
2026-09-15T22:25:11.714840822Z,rollout_generate,55.842
2026-09-15T22:25:11.981942095Z,rollout_generate,24.595
2026-09-15T22:25:12.107333673Z,rollout_generate,22.806
2026-09-15T22:25:12.245735730Z,rollout_generate,27.969
2026-09-15T22:25:12.955139433Z,rollout_generate,22.53
2026-09-15T22:25:13.222033807Z,rollout_generate,34.379
2026-09-15T22:25:13.346751734Z,rollout_generate,30.309
2026-09-15T22:25:13.361566144Z,rollout_generate,53.723
2026-09-15T22:25:14.011659319Z,rollout_generate,19.723
2026-09-15T22:25:14.145088056Z,rollout_generate,31.102
2026-09-15T22:25:14.929146518Z,rollout_generate,13.769
2026-09-15T22:25:14.934846188Z,rollout_generate,25.525
2026-09-15T22:25:14.935558278Z,rollout_generate,22.874
2026-09-15T22:25:15.325024060Z,rollout_generate,28.068
2026-09-15T22:25:15.676700041Z,rollout_generate,34.643
2026-09-15T22:25:15.807621198Z,rollout_generate,54.676
2026-09-15T22:25:16.597233051Z,rollout_generate,25.537
2026-09-15T22:25:17.913000170Z,rollout_generate,40.774
2026-09-15T22:25:18.038112388Z,rollout_generate,32.839
2026-09-15T22:25:18.176450415Z,rollout_generate,22.941
2026-09-15T22:25:18.616474545Z,rollout_generate,35.021
2026-09-15T22:25:18.622221234Z,rollout_generate,41.101
2026-09-15T22:25:18.757098842Z,rollout_generate,31.641
2026-09-15T22:25:18.881614068Z,rollout_generate,15.134
2026-09-15T22:25:19.011694306Z,rollout_generate,31.955
2026-09-15T22:25:19.143638253Z,rollout_generate,38.476
2026-09-15T22:25:19.285729609Z,rollout_generate,48.675
2026-09-15T22:25:19.671491161Z,rollout_generate,43.578
2026-09-15T22:25:20.007501423Z,rollout_generate,107.071
2026-09-15T22:25:20.128921260Z,rollout_generate,36.63
2026-09-15T22:25:20.141527760Z,rollout_generate,18.65
2026-09-15T22:25:20.264010187Z,rollout_generate,38.3
2026-09-15T22:25:20.923085622Z,rollout_generate,18.216
2026-09-15T22:25:20.924022422Z,rollout_generate,33.818
2026-09-15T22:25:22.447904598Z,rollout_generate,31.121
2026-09-15T22:25:22.841937749Z,rollout_generate,28.53
2026-09-15T22:25:23.105295812Z,rollout_generate,18.38
2026-09-15T22:25:23.237005560Z,rollout_generate,13.512
2026-09-15T22:25:23.501705863Z,rollout_generate,17.965
2026-09-15T22:25:23.639815290Z,rollout_generate,23.47
2026-09-15T22:25:23.771704617Z,rollout_generate,43.679
2026-09-15T22:25:23.896420705Z,rollout_generate,25.324
2026-09-15T22:25:24.027235422Z,rollout_generate,58.091
2026-09-15T22:25:24.039506711Z,rollout_generate,33.508
2026-09-15T22:25:24.732295566Z,rollout_generate,28.569
2026-09-15T22:25:24.868306832Z,rollout_generate,18.62
2026-09-15T22:25:25.125479727Z,rollout_generate,19.268
2026-09-15T22:25:25.785018202Z,rollout_generate,28.972
2026-09-15T22:25:26.040237306Z,rollout_generate,56.436
2026-09-15T22:25:26.569027814Z,rollout_generate,20.107
2026-09-15T22:25:26.833391458Z,rollout_generate,45.813
2026-09-15T22:25:27.395947065Z,rollout_generate,12.063
2026-09-15T22:25:27.528953432Z,rollout_generate,17.078
2026-09-15T22:25:28.711845815Z,rollout_generate,32.366
2026-09-15T22:25:28.715221235Z,rollout_generate,51.698
2026-09-15T22:25:28.981771759Z,rollout_generate,44.039
2026-09-15T22:25:29.103354796Z,rollout_generate,19.041
2026-09-15T22:25:29.243174593Z,rollout_generate,35.865
2026-09-15T22:25:29.631102754Z,rollout_generate,16.389
2026-09-15T22:25:29.631524524Z,rollout_generate,16.973
2026-09-15T22:25:29.763365601Z,rollout_generate,15.252
2026-09-15T22:25:30.354140818Z,rollout_generate,41.596
2026-09-15T22:25:30.745669129Z,rollout_generate,16.355
2026-09-15T22:25:31.411569994Z,rollout_generate,19.138
2026-09-15T22:25:31.537693661Z,rollout_generate,18.043
2026-09-15T22:25:31.799975265Z,rollout_generate,39.299
2026-09-15T22:25:32.061641789Z,rollout_generate,20.853
2026-09-15T22:25:32.926873259Z,rollout_generate,67.0
2026-09-15T22:25:33.049581086Z,rollout_generate,30.879
2026-09-15T22:25:33.063216646Z,rollout_generate,14.346
2026-09-15T22:25:33.974243985Z,rollout_generate,31.813
2026-09-15T22:25:34.506898833Z,rollout_generate,54.27
2026-09-15T22:25:35.032311921Z,rollout_generate,36.245
2026-09-15T22:25:35.165711538Z,rollout_generate,94.221
2026-09-15T22:25:35.747355535Z,rollout_generate,47.097
2026-09-15T22:25:36.273845033Z,rollout_generate,100.512
2026-09-15T22:25:36.403658820Z,rollout_generate,37.972
2026-09-15T22:25:38.243795138Z,rollout_generate,52.057
2026-09-15T22:25:38.514629762Z,rollout_generate,297.237
2026-09-15T22:25:38.904634703Z,rollout_generate,62.303
2026-09-15T22:25:39.300895384Z,rollout_generate,43.26
2026-09-15T22:25:39.440819451Z,rollout_generate,297.209
2026-09-15T22:25:39.967254289Z,rollout_generate,24.307
2026-09-15T22:25:40.092692126Z,rollout_generate,29.65
2026-09-15T22:25:40.974739666Z,rollout_generate,28.924
2026-09-15T22:25:41.244234720Z,rollout_generate,26.168
2026-09-15T22:25:41.499097254Z,rollout_generate,20.203
2026-09-15T22:25:41.630808141Z,rollout_generate,26.019
2026-09-15T22:25:41.634159871Z,rollout_generate,13.867
2026-09-15T22:25:41.635678671Z,rollout_generate,24.743
2026-09-15T22:25:41.652209631Z,rollout_generate,66.978
2026-09-15T22:25:43.797717292Z,rollout_generate,85.186
2026-09-15T22:25:43.801313002Z,rollout_generate,51.621
2026-09-15T22:25:45.121301852Z,rollout_generate,29.875
2026-09-15T22:25:45.655015350Z,rollout_generate,26.615
2026-09-15T22:25:45.659348660Z,rollout_generate,51.385
2026-09-15T22:25:46.323446035Z,rollout_generate,70.676
2026-09-15T22:25:46.714825386Z,rollout_generate,21.306
2026-09-15T22:25:46.847700783Z,rollout_generate,27.685
2026-09-15T22:25:46.858829303Z,rollout_generate,21.851
2026-09-15T22:25:47.462681819Z,rollout_generate,31.481
2026-09-15T22:25:47.466639059Z,rollout_generate,17.303
2026-09-15T22:25:47.600044686Z,rollout_generate,73.191
2026-09-15T22:25:47.871411919Z,rollout_generate,75.729
2026-09-15T22:25:48.262293740Z,rollout_generate,297.296
2026-09-15T22:25:48.384938738Z,rollout_generate,25.235
2026-09-15T22:25:48.520581205Z,rollout_generate,18.328
2026-09-15T22:25:48.521757354Z,rollout_generate,55.364
2026-09-15T22:25:48.917231616Z,rollout_generate,26.194
2026-09-15T22:25:49.318270036Z,rollout_generate,28.115
2026-09-15T22:25:49.327312106Z,rollout_generate,297.018
2026-09-15T22:25:49.445696114Z,rollout_generate,20.431
2026-09-15T22:25:49.944009582Z,rollout_generate,23.582
2026-09-15T22:25:50.076311219Z,rollout_generate,26.683
2026-09-15T22:25:51.539646986Z,rollout_generate,33.339
2026-09-15T22:25:51.927277847Z,rollout_generate,27.993
2026-09-15T22:25:52.069153844Z,rollout_generate,47.341
2026-09-15T22:25:52.458155635Z,rollout_generate,77.466
2026-09-15T22:25:52.588255062Z,rollout_generate,32.039
2026-09-15T22:25:52.721764629Z,rollout_generate,32.892
2026-09-15T22:25:52.726683179Z,rollout_generate,65.412
2026-09-15T22:25:52.851275536Z,rollout_generate,44.319
2026-09-15T22:25:53.366663094Z,rollout_generate,23.925
2026-09-15T22:25:54.431605300Z,rollout_generate,45.116
2026-09-15T22:25:54.692152224Z,rollout_generate,35.649
2026-09-15T22:25:55.220003002Z,rollout_generate,43.332
2026-09-15T22:25:55.221864112Z,rollout_generate,41.584
2026-09-15T22:25:55.743306340Z,rollout_generate,36.844
2026-09-15T22:25:55.955371665Z,rollout_generate,29.02
2026-09-15T22:25:57.014345732Z,rollout_generate,74.442
2026-09-15T22:25:57.021202971Z,rollout_generate,35.188
2026-09-15T22:25:57.025249841Z,rollout_generate,21.699
2026-09-15T22:25:57.544873779Z,rollout_generate,51.42
2026-09-15T22:25:57.546038089Z,rollout_generate,33.198
2026-09-15T22:25:57.684392166Z,rollout_generate,100.685
2026-09-15T22:25:58.661111594Z,rollout_generate,63.488
2026-09-15T22:25:58.790142451Z,rollout_generate,38.484
2026-09-15T22:25:58.931811148Z,rollout_generate,22.63
2026-09-15T22:25:59.191219812Z,rollout_generate,35.657
2026-09-15T22:25:59.585973883Z,rollout_generate,35.782
2026-09-15T22:25:59.850566757Z,rollout_generate,30.327
2026-09-15T22:25:59.990104004Z,rollout_generate,26.369
2026-09-15T22:26:00.643068049Z,rollout_generate,42.456
2026-09-15T22:26:01.105148619Z,rollout_generate,91.564
2026-09-15T22:26:01.763462784Z,rollout_generate,19.722
2026-09-15T22:26:02.033599507Z,rollout_generate,87.612
2026-09-15T22:26:02.833262429Z,rollout_generate,52.163
2026-09-15T22:26:03.223250300Z,rollout_generate,55.178
2026-09-15T22:26:03.762732018Z,rollout_generate,39.44
2026-09-15T22:26:04.286570236Z,rollout_generate,31.213
2026-09-15T22:26:04.416526833Z,rollout_generate,22.638
2026-09-15T22:26:05.872634490Z,rollout_generate,32.458
2026-09-15T22:26:06.273343051Z,rollout_generate,24.344
2026-09-15T22:26:06.274294781Z,rollout_generate,26.007
2026-09-15T22:26:06.423231187Z,rollout_generate,17.286
2026-09-15T22:26:07.011649684Z,rollout_generate,42.954
2026-09-15T22:26:08.071339360Z,rollout_generate,77.779
2026-09-15T22:26:08.463522711Z,rollout_generate,21.46
2026-09-15T22:26:08.734113835Z,rollout_generate,22.678
2026-09-15T22:26:08.734844025Z,rollout_generate,78.715
2026-09-15T22:26:09.256587103Z,rollout_generate,53.116
2026-09-15T22:26:09.259004713Z,rollout_generate,18.863
2026-09-15T22:26:09.775866221Z,rollout_generate,95.615
2026-09-15T22:26:10.698903450Z,rollout_generate,62.57
2026-09-15T22:26:10.954518935Z,rollout_generate,52.006
2026-09-15T22:26:11.486717383Z,rollout_generate,39.377
2026-09-15T22:26:11.884457963Z,rollout_generate,23.196
2026-09-15T22:26:12.020848280Z,rollout_generate,47.151
2026-09-15T22:26:12.409220411Z,rollout_generate,31.234
2026-09-15T22:26:13.327625401Z,rollout_generate,62.591
2026-09-15T22:26:13.848726979Z,rollout_generate,32.559
2026-09-15T22:26:14.992691223Z,rollout_generate,27.17
2026-09-15T22:26:14.997061143Z,rollout_generate,22.125
2026-09-15T22:26:15.128087920Z,rollout_generate,74.243
2026-09-15T22:26:15.260425217Z,rollout_generate,23.269
2026-09-15T22:26:15.523517171Z,rollout_generate,16.531
2026-09-15T22:26:15.661002177Z,rollout_generate,43.512
2026-09-15T22:26:16.317948353Z,rollout_generate,22.605
2026-09-15T22:26:16.325390052Z,rollout_generate,56.698
2026-09-15T22:26:16.585931466Z,rollout_generate,20.257
2026-09-15T22:26:17.349474079Z,rollout_generate,27.558
2026-09-15T22:26:18.140579981Z,rollout_generate,16.893
2026-09-15T22:26:18.414566085Z,rollout_generate,37.026
2026-09-15T22:26:18.670181239Z,rollout_generate,46.261
2026-09-15T22:26:19.199812587Z,rollout_generate,23.697
2026-09-15T22:26:19.329283394Z,rollout_generate,27.098
2026-09-15T22:26:19.725924415Z,rollout_generate,30.105
2026-09-15T22:26:20.372511650Z,rollout_generate,21.297
2026-09-15T22:26:20.491689598Z,rollout_generate,51.639
2026-09-15T22:26:20.494519478Z,rollout_generate,27.859
2026-09-15T22:26:21.022011696Z,rollout_generate,12.279
2026-09-15T22:26:21.153113532Z,rollout_generate,20.783
2026-09-15T22:26:21.418469366Z,rollout_generate,21.288
2026-09-15T22:26:21.948186625Z,rollout_generate,52.039
2026-09-15T22:26:22.345882136Z,rollout_generate,46.878
2026-09-15T22:26:22.355241385Z,rollout_generate,34.586
2026-09-15T22:26:22.614163929Z,rollout_generate,45.868
2026-09-15T22:26:23.454959310Z,rollout_generate,59.125
2026-09-15T22:26:23.714608225Z,rollout_generate,16.442
2026-09-15T22:26:24.246548152Z,rollout_generate,29.268
2026-09-15T22:26:24.514341336Z,rollout_generate,27.06
2026-09-15T22:26:25.301769178Z,rollout_generate,95.359
2026-09-15T22:26:25.964599893Z,rollout_generate,16.554
2026-09-15T22:26:26.101886110Z,rollout_generate,40.631
2026-09-15T22:26:26.110734580Z,rollout_generate,86.901
2026-09-15T22:26:26.370624304Z,rollout_generate,110.588
2026-09-15T22:26:26.494321011Z,rollout_generate,11.484
2026-09-15T22:26:26.987156540Z,rollout_generate,56.377
2026-09-15T22:26:27.258910844Z,rollout_generate,25.187
2026-09-15T22:26:28.177549933Z,rollout_generate,48.58
2026-09-15T22:26:28.446488067Z,rollout_generate,60.645
2026-09-15T22:26:28.707564941Z,rollout_generate,57.007
2026-09-15T22:26:28.712129391Z,rollout_generate,22.134
2026-09-15T22:26:28.842178938Z,rollout_generate,31.511
2026-09-15T22:26:28.986242805Z,rollout_generate,112.948
2026-09-15T22:26:29.105162432Z,rollout_generate,59.778
2026-09-15T22:26:29.845010035Z,rollout_generate,55.18
2026-09-15T22:26:30.110123969Z,rollout_generate,69.819
2026-09-15T22:26:30.376298713Z,rollout_generate,23.434
2026-09-15T22:26:31.575706656Z,rollout_generate,78.855
2026-09-15T22:26:31.832416740Z,rollout_generate,27.286
2026-09-15T22:26:32.228958901Z,rollout_generate,13.944
2026-09-15T22:26:32.890692666Z,rollout_generate,24.525
2026-09-15T22:26:33.289637637Z,rollout_generate,37.399
2026-09-15T22:26:33.694393918Z,rollout_generate,44.492
2026-09-15T22:26:34.066507829Z,rollout_generate,12.762
2026-09-15T22:26:34.731881574Z,rollout_generate,35.264
2026-09-15T22:26:34.861534941Z,rollout_generate,120.166
2026-09-15T22:26:34.989414168Z,rollout_generate,149.435
2026-09-15T22:26:35.387074989Z,rollout_generate,23.209
2026-09-15T22:26:35.787144200Z,rollout_generate,19.155
2026-09-15T22:26:35.918489167Z,rollout_generate,93.812
2026-09-15T22:26:36.182862611Z,rollout_generate,45.755
2026-09-15T22:26:36.315827228Z,rollout_generate,29.711
2026-09-15T22:26:37.284265116Z,rollout_generate,18.335
2026-09-15T22:26:38.208513615Z,rollout_generate,10.546
2026-09-15T22:26:38.345479042Z,rollout_generate,45.243
2026-09-15T22:26:39.665932792Z,rollout_generate,60.615
2026-09-15T22:26:40.064472273Z,rollout_generate,22.381
2026-09-15T22:26:40.197437780Z,rollout_generate,13.689
2026-09-15T22:26:40.461400504Z,rollout_generate,79.766
2026-09-15T22:26:40.735525847Z,rollout_generate,53.745
2026-09-15T22:26:41.000751161Z,rollout_generate,69.98
2026-09-15T22:26:41.405064172Z,rollout_generate,25.862
2026-09-15T22:26:42.063720677Z,rollout_generate,15.818
2026-09-15T22:26:42.333314741Z,rollout_generate,23.563
2026-09-15T22:26:42.991236886Z,rollout_generate,10.388
2026-09-15T22:26:43.520844334Z,rollout_generate,61.665
2026-09-15T22:26:43.521551394Z,rollout_generate,34.48
2026-09-15T22:26:43.651650141Z,rollout_generate,18.789
2026-09-15T22:26:44.048727582Z,rollout_generate,27.101
2026-09-15T22:26:45.632178806Z,rollout_generate,24.584
2026-09-15T22:26:46.027268197Z,rollout_generate,36.423
2026-09-15T22:26:46.424109098Z,rollout_generate,24.977
2026-09-15T22:26:46.820760889Z,rollout_generate,49.119
2026-09-15T22:26:46.822441699Z,rollout_generate,79.703
2026-09-15T22:26:47.216706450Z,rollout_generate,27.589
2026-09-15T22:26:48.272816196Z,rollout_generate,32.271
2026-09-15T22:26:48.407945723Z,rollout_generate,62.588
2026-09-15T22:26:49.041130198Z,rollout_generate,118.814
2026-09-15T22:26:49.567765377Z,rollout_generate,19.052
2026-09-15T22:26:49.570811606Z,rollout_generate,10.97
2026-09-15T22:26:49.574300436Z,rollout_generate,25.035
2026-09-15T22:26:49.700757854Z,rollout_generate,28.001
2026-09-15T22:26:49.831127520Z,rollout_generate,38.539
2026-09-15T22:26:50.892503187Z,rollout_generate,75.826
2026-09-15T22:26:51.022445693Z,rollout_generate,197.238
2026-09-15T22:26:52.441345501Z,rollout_generate,63.569
2026-09-15T22:26:52.705716735Z,rollout_generate,11.985
2026-09-15T22:26:52.709625225Z,rollout_generate,68.618
2026-09-15T22:26:53.365882320Z,rollout_generate,9.994
2026-09-15T22:26:53.497521607Z,rollout_generate,30.864
2026-09-15T22:26:53.632818124Z,rollout_generate,60.834
2026-09-15T22:26:53.764403161Z,rollout_generate,39.596
2026-09-15T22:26:53.901508308Z,rollout_generate,43.066
2026-09-15T22:26:54.161924272Z,rollout_generate,18.006
2026-09-15T22:26:54.556885173Z,rollout_generate,51.004
2026-09-15T22:26:54.995095993Z,rollout_generate,32.048
2026-09-15T22:26:55.394545724Z,rollout_generate,32.743
2026-09-15T22:26:55.394819724Z,rollout_generate,60.825
2026-09-15T22:26:55.657690928Z,rollout_generate,81.233
2026-09-15T22:26:56.454379230Z,rollout_generate,135.987
2026-09-15T22:26:56.844183781Z,rollout_generate,59.462
2026-09-15T22:26:57.381582239Z,rollout_generate,56.603
2026-09-15T22:26:57.509784426Z,rollout_generate,28.507
2026-09-15T22:26:58.297686348Z,rollout_generate,31.136
2026-09-15T22:26:58.565162082Z,rollout_generate,65.554
2026-09-15T22:26:59.316582015Z,rollout_generate,53.112
2026-09-15T22:26:59.449033152Z,rollout_generate,17.092
2026-09-15T22:27:00.373547871Z,rollout_generate,45.093
2026-09-15T22:27:00.502480118Z,rollout_generate,16.493
2026-09-15T22:27:00.507527918Z,rollout_generate,38.416
2026-09-15T22:27:00.900569879Z,rollout_generate,65.4
2026-09-15T22:27:01.297202670Z,rollout_generate,56.863
2026-09-15T22:27:01.690310191Z,rollout_generate,84.962
2026-09-15T22:27:01.953749955Z,rollout_generate,35.554
2026-09-15T22:27:02.092973702Z,rollout_generate,25.558
2026-09-15T22:27:02.356431496Z,rollout_generate,46.781
2026-09-15T22:27:03.138108638Z,rollout_generate,29.152
2026-09-15T22:27:04.017257308Z,rollout_generate,43.1
2026-09-15T22:27:04.944943057Z,rollout_generate,25.131
2026-09-15T22:27:04.946675357Z,rollout_generate,72.044
2026-09-15T22:27:05.340557968Z,rollout_generate,77.15
2026-09-15T22:27:05.872533416Z,rollout_generate,24.181
2026-09-15T22:27:07.325500023Z,rollout_generate,17.349
2026-09-15T22:27:07.987701638Z,rollout_generate,34.557
2026-09-15T22:27:08.119106505Z,rollout_generate,81.114
2026-09-15T22:27:08.251810192Z,rollout_generate,51.593
2026-09-15T22:27:08.800511309Z,rollout_generate,81.061
2026-09-15T22:27:09.331606117Z,rollout_generate,25.453
2026-09-15T22:27:09.460218114Z,rollout_generate,40.996
2026-09-15T22:27:09.856916095Z,rollout_generate,37.736
2026-09-15T22:27:10.647419377Z,rollout_generate,29.35
2026-09-15T22:27:11.050303428Z,rollout_generate,51.044
2026-09-15T22:27:11.315041312Z,rollout_generate,34.696
2026-09-15T22:27:12.516735215Z,rollout_generate,36.825
2026-09-15T22:27:13.040117413Z,rollout_generate,59.388
2026-09-15T22:27:14.093248139Z,rollout_generate,24.225
2026-09-15T22:27:14.105622048Z,rollout_generate,33.299
2026-09-15T22:27:15.285768292Z,rollout_generate,76.202
2026-09-15T22:27:16.475734525Z,rollout_generate,41.443
2026-09-15T22:27:17.001856023Z,rollout_generate,22.497
2026-09-15T22:27:17.012076053Z,rollout_generate,28.264
2026-09-15T22:27:18.165147486Z,rollout_generate,30.648
2026-09-15T22:27:18.166701826Z,rollout_generate,80.473
2026-09-15T22:27:19.626211533Z,rollout_generate,29.762
2026-09-15T22:27:19.888915957Z,rollout_generate,98.104
2026-09-15T22:27:20.018697914Z,rollout_generate,26.947
2026-09-15T22:27:20.681156669Z,rollout_generate,34.521
2026-09-15T22:27:20.813708886Z,rollout_generate,52.08
2026-09-15T22:27:21.077807240Z,rollout_generate,34.706
2026-09-15T22:27:21.214312807Z,rollout_generate,114.858
2026-09-15T22:27:22.125783196Z,rollout_generate,95.522
2026-09-15T22:27:22.516543937Z,rollout_generate,28.416
2026-09-15T22:27:22.518538127Z,rollout_generate,38.675
2026-09-15T22:27:23.038375655Z,rollout_generate,24.45
2026-09-15T22:27:23.852158787Z,rollout_generate,28.944
2026-09-15T22:27:24.109511011Z,rollout_generate,37.0
2026-09-15T22:27:25.296620644Z,rollout_generate,54.848
2026-09-15T22:27:25.429991871Z,rollout_generate,65.935
2026-09-15T22:27:25.692689195Z,rollout_generate,81.647
2026-09-15T22:27:26.222124963Z,rollout_generate,74.065
2026-09-15T22:27:26.351421980Z,rollout_generate,30.659
2026-09-15T22:27:26.482956897Z,rollout_generate,35.117
2026-09-15T22:27:27.360513867Z,rollout_generate,24.933
2026-09-15T22:27:27.366032097Z,rollout_generate,60.092
2026-09-15T22:27:28.233024918Z,rollout_generate,27.385
2026-09-15T22:27:28.235532837Z,rollout_generate,22.083
2026-09-15T22:27:28.925616272Z,rollout_generate,18.784
2026-09-15T22:27:29.606915106Z,rollout_generate,50.886
2026-09-15T22:27:29.718324693Z,rollout_generate,89.86
2026-09-15T22:27:29.848563531Z,rollout_generate,32.051
2026-09-15T22:27:30.243405612Z,rollout_generate,29.714
2026-09-15T22:27:30.912757976Z,rollout_generate,44.201
2026-09-15T22:27:32.367438143Z,rollout_generate,17.719
2026-09-15T22:27:32.890674441Z,rollout_generate,12.864
2026-09-15T22:27:33.024548109Z,rollout_generate,22.093
2026-09-15T22:27:33.552909517Z,rollout_generate,39.584
2026-09-15T22:27:34.994901894Z,rollout_generate,74.361
2026-09-15T22:27:35.779298316Z,rollout_generate,26.069
2026-09-15T22:27:36.168883487Z,rollout_generate,18.787
2026-09-15T22:27:36.732611734Z,rollout_generate,14.072
2026-09-15T22:27:36.995720448Z,rollout_generate,35.949
2026-09-15T22:27:37.126593715Z,rollout_generate,68.141
2026-09-15T22:27:38.443855145Z,rollout_generate,55.785
2026-09-15T22:27:38.967170763Z,rollout_generate,68.975
2026-09-15T22:27:39.759789535Z,rollout_generate,31.624
2026-09-15T22:27:40.546569277Z,rollout_generate,17.696
2026-09-15T22:27:41.463825486Z,rollout_generate,72.339
2026-09-15T22:27:43.420975182Z,rollout_generate,52.38
2026-09-15T22:27:43.550310099Z,rollout_generate,53.377
2026-09-15T22:27:44.583539046Z,rollout_generate,25.963
2026-09-15T22:27:45.113186614Z,rollout_generate,33.744
2026-09-15T22:27:45.637589582Z,rollout_generate,40.54
2026-09-15T22:27:45.645321951Z,rollout_generate,50.314
2026-09-15T22:27:45.772840468Z,rollout_generate,46.036
2026-09-15T22:27:45.901605336Z,rollout_generate,31.431
2026-09-15T22:27:46.692091498Z,rollout_generate,13.792
2026-09-15T22:27:47.216522186Z,rollout_generate,177.62
2026-09-15T22:27:47.367863452Z,rollout_generate,20.992
2026-09-15T22:27:47.675765745Z,rollout_generate,19.096
2026-09-15T22:27:49.123071692Z,rollout_generate,16.177
2026-09-15T22:27:49.127564712Z,rollout_generate,59.143
2026-09-15T22:27:49.787482727Z,rollout_generate,48.348
2026-09-15T22:27:50.178066179Z,rollout_generate,75.042
2026-09-15T22:27:50.444674492Z,rollout_generate,29.172
2026-09-15T22:27:50.976114910Z,rollout_generate,39.338
2026-09-15T22:27:51.465899329Z,rollout_generate,73.83
2026-09-15T22:27:52.389533428Z,rollout_generate,28.198
2026-09-15T22:27:52.919080186Z,rollout_generate,25.079
2026-09-15T22:27:53.056480073Z,rollout_generate,45.42
2026-09-15T22:27:53.449903224Z,rollout_generate,64.901
2026-09-15T22:27:54.635817307Z,rollout_generate,136.066
2026-09-15T22:27:54.767813624Z,rollout_generate,70.339
2026-09-15T22:27:55.289219182Z,rollout_generate,26.081
2026-09-15T22:27:55.552688996Z,rollout_generate,18.283
2026-09-15T22:27:55.559548606Z,rollout_generate,61.799
2026-09-15T22:27:56.131091323Z,rollout_generate,29.484
2026-09-15T22:27:56.529079064Z,rollout_generate,35.111
2026-09-15T22:27:59.559724255Z,rollout_generate,49.815
2026-09-15T22:27:59.698911232Z,rollout_generate,46.314
2026-09-15T22:27:59.959890566Z,rollout_generate,36.626
2026-09-15T22:28:00.715882649Z,rollout_generate,63.19
2026-09-15T22:28:00.853549346Z,rollout_generate,91.603
2026-09-15T22:28:01.642488438Z,rollout_generate,30.436
2026-09-15T22:28:01.647012508Z,rollout_generate,67.721
2026-09-15T22:28:02.429962820Z,rollout_generate,15.236
2026-09-15T22:28:02.561798467Z,rollout_generate,25.536
2026-09-15T22:28:02.961910548Z,rollout_generate,58.406
2026-09-15T22:28:03.088379955Z,rollout_generate,24.505
2026-09-15T22:28:03.621530863Z,rollout_generate,46.84
2026-09-15T22:28:04.671264899Z,rollout_generate,69.131
2026-09-15T22:28:04.930712993Z,rollout_generate,56.325
2026-09-15T22:28:05.332046154Z,rollout_generate,49.752
2026-09-15T22:28:05.465272611Z,rollout_generate,78.5
2026-09-15T22:28:06.518973577Z,rollout_generate,20.6
2026-09-15T22:28:06.782182251Z,rollout_generate,45.69
2026-09-15T22:28:06.913345378Z,rollout_generate,72.871
2026-09-15T22:28:06.914478138Z,rollout_generate,103.18
2026-09-15T22:28:07.176147362Z,rollout_generate,114.109
2026-09-15T22:28:07.310139039Z,rollout_generate,42.91
2026-09-15T22:28:07.571933743Z,rollout_generate,14.318
2026-09-15T22:28:08.993358100Z,rollout_generate,60.053
2026-09-15T22:28:09.124046728Z,rollout_generate,66.87
2026-09-15T22:28:09.650391845Z,rollout_generate,52.309
2026-09-15T22:28:09.778275923Z,rollout_generate,33.641
2026-09-15T22:28:10.833719369Z,rollout_generate,56.929
2026-09-15T22:28:12.012560772Z,rollout_generate,16.283
2026-09-15T22:28:14.235497212Z,rollout_generate,44.243
2026-09-15T22:28:14.885075437Z,rollout_generate,14.664
2026-09-15T22:28:15.407330405Z,rollout_generate,27.375
2026-09-15T22:28:15.665952159Z,rollout_generate,72.251
2026-09-15T22:28:17.359447650Z,rollout_generate,44.049
2026-09-15T22:28:17.879584989Z,rollout_generate,37.978
2026-09-15T22:28:18.007875126Z,rollout_generate,33.145
2026-09-15T22:28:18.949820284Z,rollout_generate,27.341
2026-09-15T22:28:19.348231235Z,rollout_generate,50.832
2026-09-15T22:28:19.740407006Z,rollout_generate,59.827
2026-09-15T22:28:20.263496804Z,rollout_generate,20.228
2026-09-15T22:28:20.792573912Z,rollout_generate,29.809
2026-09-15T22:28:22.763778327Z,rollout_generate,19.35
2026-09-15T22:28:23.549287620Z,rollout_generate,34.143
2026-09-15T22:28:24.387786621Z,rollout_generate,49.253
2026-09-15T22:28:25.177462572Z,rollout_generate,95.983
2026-09-15T22:28:26.095826672Z,rollout_generate,44.947
2026-09-15T22:28:27.019865491Z,rollout_generate,31.587
2026-09-15T22:28:27.544483599Z,rollout_generate,30.679
2026-09-15T22:28:27.672969316Z,rollout_generate,21.022
2026-09-15T22:28:28.067872797Z,rollout_generate,40.321
2026-09-15T22:28:28.330716531Z,rollout_generate,26.408
2026-09-15T22:28:29.378548337Z,rollout_generate,32.949
2026-09-15T22:28:29.510913194Z,rollout_generate,43.073
2026-09-15T22:28:29.773649058Z,rollout_generate,40.102
2026-09-15T22:28:30.462636663Z,rollout_generate,37.266
2026-09-15T22:28:31.115850437Z,rollout_generate,27.547
2026-09-15T22:28:32.169998154Z,rollout_generate,29.368
2026-09-15T22:28:32.299103741Z,rollout_generate,26.597
2026-09-15T22:28:33.088787653Z,rollout_generate,62.55
2026-09-15T22:28:34.273865826Z,rollout_generate,60.379
2026-09-15T22:28:34.538288440Z,rollout_generate,31.83
2026-09-15T22:28:34.671368617Z,rollout_generate,64.649
2026-09-15T22:28:34.814825293Z,rollout_generate,51.25
2026-09-15T22:28:36.711588641Z,rollout_generate,70.983
2026-09-15T22:28:37.106861972Z,rollout_generate,51.714
2026-09-15T22:28:37.637787219Z,rollout_generate,92.547
2026-09-15T22:28:39.479048478Z,rollout_generate,18.403
2026-09-15T22:28:40.266127340Z,rollout_generate,32.671
2026-09-15T22:28:40.270507280Z,rollout_generate,22.627
2026-09-15T22:28:40.656955981Z,rollout_generate,12.705
2026-09-15T22:28:43.656550103Z,rollout_generate,16.367
2026-09-15T22:28:44.303006868Z,rollout_generate,128.242
2026-09-15T22:28:44.755855907Z,rollout_generate,42.823
2026-09-15T22:28:45.149854949Z,rollout_generate,61.265
2026-09-15T22:28:46.067739268Z,rollout_generate,13.889
2026-09-15T22:28:46.463271408Z,rollout_generate,25.837
2026-09-15T22:28:46.596693596Z,rollout_generate,29.776
2026-09-15T22:28:47.912945656Z,rollout_generate,44.004
2026-09-15T22:28:48.172761680Z,rollout_generate,48.321
2026-09-15T22:28:48.179901050Z,rollout_generate,49.322
2026-09-15T22:28:48.434897004Z,rollout_generate,32.485
2026-09-15T22:28:48.442002874Z,rollout_generate,58.512
2026-09-15T22:28:49.261475405Z,rollout_generate,18.027
2026-09-15T22:28:50.440330588Z,rollout_generate,32.108
2026-09-15T22:28:51.364638427Z,rollout_generate,21.682
2026-09-15T22:28:51.627555061Z,rollout_generate,54.756
2026-09-15T22:28:51.758844038Z,rollout_generate,33.735
2026-09-15T22:28:52.419086663Z,rollout_generate,32.402
2026-09-15T22:28:52.420550123Z,rollout_generate,66.631
2026-09-15T22:28:53.539294158Z,rollout_generate,109.852
2026-09-15T22:28:53.541779868Z,rollout_generate,28.22
2026-09-15T22:28:53.931323699Z,rollout_generate,48.65
2026-09-15T22:28:54.328261360Z,rollout_generate,117.737
2026-09-15T22:28:54.329603470Z,rollout_generate,38.555
2026-09-15T22:28:55.381176856Z,rollout_generate,107.112
2026-09-15T22:28:55.646497740Z,rollout_generate,25.348
2026-09-15T22:28:57.221729144Z,rollout_generate,62.08
2026-09-15T22:28:57.875092289Z,rollout_generate,137.475
2026-09-15T22:28:58.790577168Z,rollout_generate,24.159
2026-09-15T22:28:59.637543309Z,rollout_generate,73.524
2026-09-15T22:29:00.169575947Z,rollout_generate,28.912
2026-09-15T22:29:00.831537602Z,rollout_generate,14.751
2026-09-15T22:29:00.964070349Z,rollout_generate,53.757
2026-09-15T22:29:01.617804014Z,rollout_generate,68.762
2026-09-15T22:29:02.144880212Z,rollout_generate,54.245
2026-09-15T22:29:03.987515000Z,rollout_generate,72.903
2026-09-15T22:29:06.306600897Z,rollout_generate,89.028
2026-09-15T22:29:06.439771874Z,rollout_generate,29.051
2026-09-15T22:29:08.399999290Z,rollout_generate,102.77
2026-09-15T22:29:08.920432198Z,rollout_generate,36.225
2026-09-15T22:29:09.698685980Z,rollout_generate,39.097
2026-09-15T22:29:11.692689075Z,rollout_generate,95.177
2026-09-15T22:29:11.823263592Z,rollout_generate,64.766
2026-09-15T22:29:12.612149604Z,rollout_generate,32.057
2026-09-15T22:29:12.619410574Z,rollout_generate,16.401
2026-09-15T22:29:14.319445385Z,rollout_generate,39.465
2026-09-15T22:29:14.446791083Z,rollout_generate,27.65
2026-09-15T22:29:15.358957032Z,rollout_generate,20.677
2026-09-15T22:29:15.618529336Z,rollout_generate,23.959
2026-09-15T22:29:16.832905068Z,rollout_generate,64.53
2026-09-15T22:29:17.881388604Z,rollout_generate,29.422
2026-09-15T22:29:18.539176159Z,rollout_generate,37.314
2026-09-15T22:29:18.673713586Z,rollout_generate,33.453
2026-09-15T22:29:18.935015250Z,rollout_generate,38.397
2026-09-15T22:29:19.856678789Z,rollout_generate,21.655
2026-09-15T22:29:20.121586983Z,rollout_generate,73.044
2026-09-15T22:29:22.340665093Z,rollout_generate,94.779
2026-09-15T22:29:22.349162543Z,rollout_generate,30.439
2026-09-15T22:29:22.600640967Z,rollout_generate,21.426
2026-09-15T22:29:22.865234271Z,rollout_generate,13.663
2026-09-15T22:29:23.396072539Z,rollout_generate,33.882
2026-09-15T22:29:25.259880417Z,rollout_generate,62.36
2026-09-15T22:29:25.528145700Z,rollout_generate,61.6
2026-09-15T22:29:25.650844388Z,rollout_generate,28.066
2026-09-15T22:29:25.914303432Z,rollout_generate,91.131
2026-09-15T22:29:25.919077511Z,rollout_generate,33.867
2026-09-15T22:29:26.442371120Z,rollout_generate,67.347
2026-09-15T22:29:26.445360759Z,rollout_generate,35.696
2026-09-15T22:29:28.848606645Z,rollout_generate,26.883
2026-09-15T22:29:28.858032735Z,rollout_generate,28.123
2026-09-15T22:29:29.111861719Z,rollout_generate,61.228
2026-09-15T22:29:29.505802160Z,rollout_generate,16.285
2026-09-15T22:29:29.772528674Z,rollout_generate,14.066
2026-09-15T22:29:29.776985504Z,rollout_generate,75.186
2026-09-15T22:29:30.168621305Z,rollout_generate,56.948
2026-09-15T22:29:32.922013622Z,rollout_generate,26.333
2026-09-15T22:29:34.619283904Z,rollout_generate,103.323
2026-09-15T22:29:34.746524001Z,rollout_generate,14.588
2026-09-15T22:29:36.051669961Z,rollout_generate,76.426
2026-09-15T22:29:36.055751071Z,rollout_generate,20.137
2026-09-15T22:29:36.903798542Z,rollout_generate,72.375
2026-09-15T22:29:37.560144247Z,rollout_generate,18.695
2026-09-15T22:29:37.955080478Z,rollout_generate,68.085
2026-09-15T22:29:39.005705974Z,rollout_generate,64.042
2026-09-15T22:29:39.400601875Z,rollout_generate,59.638
2026-09-15T22:29:39.402650555Z,rollout_generate,53.907
2026-09-15T22:29:39.794474666Z,rollout_generate,47.23
2026-09-15T22:29:40.320148144Z,rollout_generate,134.336
2026-09-15T22:29:40.452293331Z,rollout_generate,51.71
2026-09-15T22:29:41.625365774Z,rollout_generate,18.483
2026-09-15T22:29:43.958101701Z,rollout_generate,50.266
2026-09-15T22:29:44.216138835Z,rollout_generate,29.751
2026-09-15T22:29:44.604034767Z,rollout_generate,56.39
2026-09-15T22:29:45.335355450Z,rollout_generate,35.499
2026-09-15T22:29:45.724924661Z,rollout_generate,61.27
2026-09-15T22:29:45.852552748Z,rollout_generate,46.729
2026-09-15T22:29:46.112878383Z,rollout_generate,51.843
2026-09-15T22:29:48.197566745Z,rollout_generate,28.987
2026-09-15T22:29:48.719741693Z,rollout_generate,48.607
2026-09-15T22:29:49.501010505Z,rollout_generate,65.301
2026-09-15T22:29:51.189735517Z,rollout_generate,82.986
2026-09-15T22:29:52.348277791Z,rollout_generate,199.164
2026-09-15T22:29:52.736766902Z,rollout_generate,39.752
2026-09-15T22:29:52.865408149Z,rollout_generate,198.498
2026-09-15T22:29:54.496040512Z,rollout_generate,12.859
2026-09-15T22:29:55.536972908Z,rollout_generate,17.671
2026-09-15T22:29:57.880589235Z,rollout_generate,65.161
2026-09-15T22:29:58.139600599Z,rollout_generate,28.01
2026-09-15T22:29:58.267881336Z,rollout_generate,28.226
2026-09-15T22:29:59.306065983Z,rollout_generate,29.0
2026-09-15T22:29:59.435153009Z,rollout_generate,14.928
2026-09-15T22:29:59.567328897Z,rollout_generate,33.503
2026-09-15T22:30:01.785039146Z,rollout_generate,49.748
2026-09-15T22:30:01.916516113Z,rollout_generate,49.952
2026-09-15T22:30:02.702333195Z,rollout_generate,74.242
2026-09-15T22:30:02.828438592Z,rollout_generate,26.483
2026-09-15T22:30:04.655527611Z,rollout_generate,49.852
2026-09-15T22:30:05.309636956Z,rollout_generate,28.946
2026-09-15T22:30:07.636962643Z,rollout_generate,42.23
2026-09-15T22:30:09.195830128Z,rollout_generate,45.006
2026-09-15T22:30:10.100536577Z,rollout_generate,36.901
2026-09-15T22:30:11.257665071Z,rollout_generate,16.755
2026-09-15T22:30:12.675846248Z,rollout_generate,32.987
2026-09-15T22:30:13.188358317Z,rollout_generate,17.349
2026-09-15T22:30:13.317745404Z,rollout_generate,46.736
2026-09-15T22:30:13.898581201Z,rollout_generate,56.919
2026-09-15T22:30:15.590514332Z,rollout_generate,17.181
2026-09-15T22:30:16.236224627Z,rollout_generate,46.828
2026-09-15T22:30:16.503187021Z,rollout_generate,16.783
2026-09-15T22:30:16.630428629Z,rollout_generate,31.153
2026-09-15T22:30:18.447721877Z,rollout_generate,51.691
2026-09-15T22:30:18.707688181Z,rollout_generate,29.068
2026-09-15T22:30:20.260067176Z,rollout_generate,27.609
2026-09-15T22:30:20.642506277Z,rollout_generate,56.947
2026-09-15T22:30:20.899967242Z,rollout_generate,94.025
2026-09-15T22:30:23.337637006Z,rollout_generate,30.299
2026-09-15T22:30:24.713017125Z,rollout_generate,36.146
2026-09-15T22:30:28.613102946Z,rollout_generate,62.596
2026-09-15T22:30:29.650569843Z,rollout_generate,142.105
2026-09-15T22:30:29.909900907Z,rollout_generate,64.093
2026-09-15T22:30:32.091113647Z,rollout_generate,87.008
2026-09-15T22:30:32.732612383Z,rollout_generate,22.359
2026-09-15T22:30:33.630983882Z,rollout_generate,70.725
2026-09-15T22:30:34.654830109Z,rollout_generate,21.138
2026-09-15T22:30:36.833539709Z,rollout_generate,31.224
2026-09-15T22:30:36.964740386Z,rollout_generate,37.262
2026-09-15T22:30:39.272049024Z,rollout_generate,27.489
2026-09-15T22:30:40.830777908Z,rollout_generate,54.611
2026-09-15T22:30:41.347553477Z,rollout_generate,24.581
2026-09-15T22:30:42.131470829Z,rollout_generate,58.031
2026-09-15T22:30:42.907266761Z,rollout_generate,56.444
2026-09-15T22:30:44.327430679Z,rollout_generate,51.168
2026-09-15T22:30:45.480949933Z,rollout_generate,46.983
2026-09-15T22:30:46.761827864Z,rollout_generate,47.158
2026-09-15T22:30:48.682183670Z,rollout_generate,69.536
2026-09-15T22:30:48.938692644Z,rollout_generate,13.952
2026-09-15T22:30:52.254799809Z,rollout_generate,35.387
2026-09-15T22:30:53.427589802Z,rollout_generate,95.268
2026-09-15T22:30:53.433631582Z,rollout_generate,50.311
2026-09-15T22:30:54.201057715Z,rollout_generate,84.88
2026-09-15T22:30:54.331755692Z,rollout_generate,95.205
2026-09-15T22:30:57.929374840Z,rollout_generate,41.148
2026-09-15T22:30:59.855602626Z,rollout_generate,30.875
2026-09-15T22:31:03.176543260Z,rollout_generate,49.732
2026-09-15T22:31:03.697442228Z,rollout_generate,72.371
2026-09-15T22:31:04.480790551Z,rollout_generate,45.736
2026-09-15T22:31:06.684692980Z,rollout_generate,50.815
2026-09-15T22:31:08.605568047Z,rollout_generate,27.377
2026-09-15T22:31:09.893299098Z,rollout_generate,24.062
2026-09-15T22:31:11.558493870Z,rollout_generate,34.371
2026-09-15T22:31:12.970221428Z,rollout_generate,49.354
2026-09-15T22:31:15.540419139Z,rollout_generate,54.884
2026-09-15T22:31:16.440667779Z,rollout_generate,27.174
2026-09-15T22:31:18.107034121Z,rollout_generate,38.829
2026-09-15T22:31:18.491753402Z,rollout_generate,36.85
2026-09-15T22:31:20.808464830Z,rollout_generate,43.548
2026-09-15T22:31:22.368869964Z,rollout_generate,77.381
2026-09-15T22:31:23.542839787Z,rollout_generate,53.353
2026-09-15T22:31:28.180004202Z,rollout_generate,63.182
2026-09-15T22:31:29.849464114Z,rollout_generate,87.792
2026-09-15T22:31:31.772534140Z,rollout_generate,38.061
2026-09-15T22:31:32.416760215Z,rollout_generate,15.838
2026-09-15T22:31:32.543324043Z,rollout_generate,60.311
2026-09-15T22:31:35.498067896Z,rollout_generate,46.542
2026-09-15T22:31:36.394627665Z,rollout_generate,27.438
2026-09-15T22:31:37.806145383Z,rollout_generate,54.534
2026-09-15T22:31:38.322923951Z,rollout_generate,19.695
2026-09-15T22:31:40.445423553Z,rollout_generate,30.208
2026-09-15T22:31:40.834003234Z,rollout_generate,28.981
2026-09-15T22:31:43.816411036Z,rollout_generate,49.202
2026-09-15T22:31:45.748170623Z,rollout_generate,258.161
2026-09-15T22:31:46.777818359Z,rollout_generate,76.788
2026-09-15T22:31:49.215815893Z,rollout_generate,62.309
2026-09-15T22:31:50.621571161Z,rollout_generate,58.239
2026-09-15T22:32:00.851515349Z,rollout_generate,62.777
2026-09-15T22:32:04.427946998Z,rollout_generate,46.314
2026-09-15T22:32:04.431672858Z,rollout_generate,59.633
2026-09-15T22:32:10.322843134Z,rollout_generate,63.497
2026-09-15T22:32:13.142957180Z,rollout_generate,40.439
2026-09-15T22:32:14.933556159Z,rollout_generate,80.385
2026-09-15T22:32:15.189744953Z,rollout_generate,81.618
2026-09-15T22:32:15.575542784Z,rollout_generate,122.615
2026-09-15T22:32:19.028510796Z,rollout_generate,28.283
2026-09-15T22:32:23.502059154Z,rollout_generate,62.687
2026-09-15T22:32:25.933538819Z,rollout_generate,112.919
2026-09-15T22:32:26.701238581Z,rollout_generate,45.867
2026-09-15T22:32:26.701372081Z,rollout_generate,86.497
2026-09-15T22:32:28.355830454Z,rollout_generate,23.917
2026-09-15T22:32:29.100414677Z,rollout_generate,53.467
2026-09-15T22:32:29.486823868Z,rollout_generate,56.804
2026-09-15T22:32:29.872335449Z,rollout_generate,59.885
2026-09-15T22:32:31.034564913Z,rollout_generate,52.893
2026-09-15T22:32:35.036162412Z,rollout_generate,56.393
2026-09-15T22:32:40.139861996Z,rollout_generate,56.055
2026-09-15T22:32:40.651831744Z,rollout_generate,184.774
2026-09-15T22:32:43.968278589Z,rollout_generate,30.495
2026-09-15T22:32:44.478491367Z,rollout_generate,67.757
2026-09-15T22:32:50.599221449Z,rollout_generate,69.457
2026-09-15T22:32:53.655708590Z,rollout_generate,38.323
2026-09-15T22:32:55.659700535Z,rollout_generate,54.664
2026-09-15T22:32:56.177307083Z,rollout_generate,27.814
2026-09-15T22:33:00.557772215Z,rollout_generate,88.504
2026-09-15T22:33:04.391595468Z,rollout_generate,37.32
2026-09-15T22:33:08.610103224Z,rollout_generate,24.508
2026-09-15T22:33:15.258559254Z,rollout_generate,49.195
2026-09-15T22:33:15.769706112Z,rollout_generate,56.395
2026-09-15T22:33:17.429025745Z,rollout_generate,53.919
2026-09-15T22:33:20.878261548Z,rollout_generate,29.978
2026-09-15T22:33:29.409238506Z,rollout_generate,54.232
2026-09-15T22:33:31.459001090Z,rollout_generate,86.714
2026-09-15T22:33:39.099757668Z,rollout_generate,58.113
2026-09-15T22:33:40.498711686Z,rollout_generate,71.134
2026-09-15T22:33:40.626025293Z,rollout_generate,69.256
2026-09-15T22:33:45.998531832Z,rollout_generate,119.906
2026-09-15T22:33:47.526971708Z,rollout_generate,26.35
2026-09-15T22:33:50.455168522Z,rollout_generate,35.064
2026-09-15T22:33:52.745284951Z,rollout_generate,43.857
2026-09-15T22:33:53.764704818Z,rollout_generate,73.358
2026-09-15T22:34:00.001029068Z,rollout_generate,30.455
2026-09-15T22:34:02.165864259Z,rollout_generate,22.747
2026-09-15T22:34:03.944118419Z,rollout_generate,59.21
2026-09-15T22:34:14.317819895Z,rollout_generate,80.527
2026-09-15T22:34:25.282922809Z,rollout_generate,22.783
2026-09-15T22:34:34.573972610Z,rollout_generate,78.665
2026-09-15T22:34:36.227810073Z,rollout_generate,42.164
2026-09-15T22:34:37.893564945Z,rollout_generate,297.159
2026-09-15T22:34:38.786564245Z,rollout_generate,38.487
2026-09-15T22:34:57.922419915Z,rollout_generate,76.927
2026-09-15T22:35:03.279034994Z,rollout_generate,58.973
2026-09-15T22:35:05.569729313Z,rollout_generate,84.933
2026-09-15T22:35:11.050034459Z,rollout_generate,32.118
2026-09-15T22:35:17.283180299Z,rollout_generate,89.46
2026-09-15T22:35:29.862176246Z,rollout_generate,53.191
2026-09-15T22:35:31.132269618Z,rollout_generate,19.939
2026-09-15T22:35:38.392019824Z,rollout_generate,40.125
2026-09-15T22:35:57.467755545Z,rollout_generate,51.631
2026-09-15T22:35:57.849796297Z,rollout_generate,103.398
2026-09-15T22:35:59.886673181Z,rollout_generate,28.454
2026-09-15T22:36:06.786566096Z,rollout_generate,36.658
2026-09-15T22:36:18.367272495Z,rollout_generate,39.646
2026-09-15T22:36:29.825775278Z,rollout_generate,124.226
2026-09-15T22:36:44.789981311Z,rollout_generate,44.765
2026-09-15T22:36:49.749163359Z,rollout_generate,52.011
2026-09-15T22:37:01.455062666Z,rollout_generate,63.454
2026-09-15T22:37:07.841283203Z,rollout_generate,49.131
2026-09-15T22:37:12.812657511Z,rollout_generate,65.745
2026-09-15T22:37:31.134596799Z,rollout_generate,60.983
2026-09-15T22:37:42.591510201Z,rollout_generate,29.478
2026-09-15T22:37:45.771535749Z,rollout_generate,55.755
2026-09-15T22:37:52.907607709Z,rollout_generate,44.721
2026-09-15T22:38:24.078625458Z,rollout_generate,82.35
2026-09-15T22:38:39.496166231Z,rollout_generate,56.445
2026-09-15T22:38:39.498108861Z,rollout_generate,46.236
2026-09-15T22:38:42.060864803Z,rollout_generate,56.03
2026-09-15T22:39:00.908323299Z,rollout_generate,36.686
2026-09-15T22:39:04.848923661Z,rollout_generate,25.016
2026-09-15T22:39:04.975973888Z,rollout_generate,25.177
2026-09-15T22:39:29.194221863Z,rollout_generate,24.002
2026-09-15T22:39:30.848737466Z,rollout_generate,119.386
2026-09-15T22:39:37.371352189Z,rollout_generate,55.051
2026-09-15T22:39:47.551262620Z,rollout_generate,44.729
2026-09-15T22:39:57.123476795Z,rollout_generate,27.594
2026-09-15T22:40:01.327630520Z,rollout_generate,13.227
2026-09-15T22:40:03.121105620Z,rollout_generate,57.702
2026-09-15T22:40:06.962511094Z,rollout_generate,35.778
2026-09-15T22:40:20.103245028Z,rollout_generate,18.228
2026-09-15T22:40:22.529494093Z,rollout_generate,25.064
2026-09-15T22:40:29.961316126Z,rollout_generate,26.554
2026-09-15T22:40:33.776358611Z,rollout_generate,56.144
2026-09-15T22:40:36.839665642Z,rollout_generate,16.596
2026-09-15T22:40:50.493109824Z,rollout_generate,27.629
2026-09-15T22:40:54.316184489Z,rollout_generate,17.199
2026-09-15T22:40:59.695447657Z,rollout_generate,51.769
2026-09-15T22:41:19.058145572Z,rollout_generate,28.23
2026-09-15T22:41:26.083122904Z,rollout_generate,55.681
2026-09-15T22:41:29.519026177Z,rollout_generate,55.497
2026-09-15T22:41:48.873499521Z,rollout_generate,54.277
2026-09-15T22:41:58.071256444Z,rollout_generate,38.676
2026-09-15T22:42:26.456620416Z,rollout_generate,28.047
2026-09-15T22:42:26.837810767Z,rollout_generate,57.069
2026-09-15T22:42:40.989873469Z,rollout_generate,51.975
2026-09-15T22:42:43.274667487Z,rollout_generate,76.906
2026-09-15T22:42:54.727304610Z,rollout_generate,27.935
2026-09-15T22:43:20.282528415Z,rollout_generate,25.231
2026-09-15T22:43:22.570557594Z,rollout_generate,55.464
2026-09-15T22:43:46.746908870Z,rollout_generate,26.123
2026-09-15T22:43:48.143370738Z,rollout_generate,64.585
2026-09-15T22:44:13.445278289Z,rollout_generate,26.364
2026-09-15T22:44:18.535761815Z,rollout_generate,55.705
2026-09-15T22:44:43.728690978Z,rollout_generate,29.958
2026-09-15T22:45:10.427973008Z,rollout_generate,26.354
2026-09-15T22:45:16.541761560Z,rollout_generate,57.744
2026-09-15T22:45:37.288841664Z,rollout_generate,26.53
2026-09-15T22:46:12.880135503Z,rollout_generate,56.087
2026-09-15T22:46:16.312155486Z,rollout_generate,38.685
2026-09-15T22:46:43.053853704Z,rollout_generate,26.396
2026-09-15T22:47:09.513750749Z,rollout_generate,56.375
2026-09-15T22:47:09.639438516Z,rollout_generate,26.26
2026-09-15T22:47:36.753584576Z,rollout_generate,26.775
2026-09-15T22:48:03.107147664Z,rollout_generate,26.014
2026-09-15T22:48:08.078414972Z,rollout_generate,58.308
2026-09-15T22:48:29.750524734Z,rollout_generate,26.306
2026-09-15T22:48:57.768134734Z,rollout_generate,27.686
2026-09-15T22:49:06.984677837Z,rollout_generate,58.646
2026-09-15T22:49:25.198535407Z,rollout_generate,27.084
2026-09-15T22:49:52.083920853Z,rollout_generate,26.552
2026-09-15T22:50:06.136541566Z,rollout_generate,58.9
2026-09-15T22:50:19.010540904Z,rollout_generate,26.59
2026-09-15T22:50:46.059913911Z,rollout_generate,26.707
2026-09-15T22:51:05.602418069Z,rollout_generate,59.205
2026-09-15T22:51:14.412148549Z,rollout_generate,28.021
2026-09-15T22:51:28.480716580Z,rollout_generate,13.732
2026-09-15T22:52:05.167599729Z,rollout_generate,59.301
2026-09-15T22:53:04.646279211Z,rollout_generate,59.217
2026-09-15T22:54:04.496680535Z,rollout_generate,59.599
2026-09-15T22:55:04.653562841Z,rollout_generate,59.878
2026-09-15T22:56:05.060506843Z,rollout_generate,60.144
2026-09-15T22:56:51.497788240Z,rollout_generate,46.181
2026-09-15T23:00:44.424217682Z,trainer_old,226.962
2026-09-15T23:02:31.039434096Z,rescore_b,91.671
2026-09-15T23:14:23.035784654Z,grad_accumulate,5.891
2026-09-15T23:14:24.166822618Z,segmented_value_and_grad,712.543
2026-09-15T23:15:33.390544055Z,adam_commit_detail,52.188
2026-09-15T23:15:33.711651748Z,optimizer_transaction,52.251
2026-09-15T23:15:40.026370995Z,weight_sync_engine,6.091
2026-09-15T23:15:41.505876312Z,weight_sync_gc,1.479
2026-09-15T23:15:41.597568880Z,weight_sync,7.683
2026-09-15T23:16:11.614247772Z,rollout_generate,20.51
2026-09-15T23:16:15.338990168Z,rollout_generate,18.337
2026-09-15T23:16:19.176513281Z,rollout_generate,23.002
2026-09-15T23:16:20.960494021Z,rollout_generate,29.798
2026-09-15T23:16:26.595974813Z,rollout_generate,19.592
2026-09-15T23:16:28.483404841Z,rollout_generate,37.106
2026-09-15T23:16:30.405533158Z,rollout_generate,39.274
2026-09-15T23:16:30.662781682Z,rollout_generate,33.567
2026-09-15T23:16:31.696744488Z,rollout_generate,4.499
2026-09-15T23:16:31.697953448Z,rollout_generate,30.22
2026-09-15T23:16:33.256368093Z,rollout_generate,26.259
2026-09-15T23:16:33.259925783Z,rollout_generate,21.438
2026-09-15T23:16:33.767709522Z,rollout_generate,26.755
2026-09-15T23:16:34.414641017Z,rollout_generate,37.386
2026-09-15T23:16:34.806661898Z,rollout_generate,38.35
2026-09-15T23:16:35.583409481Z,rollout_generate,28.575
2026-09-15T23:16:36.744708104Z,rollout_generate,5.041
2026-09-15T23:16:37.519524687Z,rollout_generate,25.543
2026-09-15T23:16:37.914084408Z,rollout_generate,40.814
2026-09-15T23:16:39.465150163Z,rollout_generate,19.923
2026-09-15T23:16:41.016579138Z,rollout_generate,24.206
2026-09-15T23:16:42.945809474Z,rollout_generate,21.637
2026-09-15T23:16:43.462828963Z,rollout_generate,11.419
2026-09-15T23:16:43.722612867Z,rollout_generate,15.944
2026-09-15T23:16:43.724054757Z,rollout_generate,26.171
2026-09-15T23:16:43.852521914Z,rollout_generate,27.059
2026-09-15T23:16:44.370526592Z,rollout_generate,13.616
2026-09-15T23:16:44.632387836Z,rollout_generate,27.679
2026-09-15T23:16:45.659326653Z,rollout_generate,44.193
2026-09-15T23:16:45.788270180Z,rollout_generate,17.203
2026-09-15T23:16:46.046353514Z,rollout_generate,29.344
2026-09-15T23:16:46.046897524Z,rollout_generate,17.172
2026-09-15T23:16:46.433544876Z,rollout_generate,29.582
2026-09-15T23:16:47.735849616Z,rollout_generate,12.561
2026-09-15T23:16:49.795019500Z,rollout_generate,32.459
2026-09-15T23:16:51.082611840Z,rollout_generate,22.899
2026-09-15T23:16:51.340185185Z,rollout_generate,49.879
2026-09-15T23:16:51.983970830Z,rollout_generate,17.797
2026-09-15T23:16:52.241039294Z,rollout_generate,23.915
2026-09-15T23:16:52.369253561Z,rollout_generate,23.732
2026-09-15T23:16:52.499534668Z,rollout_generate,16.494
2026-09-15T23:16:52.499981328Z,rollout_generate,55.578
2026-09-15T23:16:52.890000800Z,rollout_generate,25.153
2026-09-15T23:16:52.891412190Z,rollout_generate,24.089
2026-09-15T23:16:53.021427427Z,rollout_generate,21.995
2026-09-15T23:16:53.022809277Z,rollout_generate,35.751
2026-09-15T23:16:53.276360731Z,rollout_generate,25.017
2026-09-15T23:16:53.926504916Z,rollout_generate,15.618
2026-09-15T23:16:54.965888443Z,rollout_generate,27.198
2026-09-15T23:16:55.225485617Z,rollout_generate,26.889
2026-09-15T23:16:55.999674979Z,rollout_generate,27.684
2026-09-15T23:16:56.257284694Z,rollout_generate,38.79
2026-09-15T23:16:56.385702111Z,rollout_generate,27.995
2026-09-15T23:16:56.771526412Z,rollout_generate,28.969
2026-09-15T23:16:56.902591499Z,rollout_generate,28.572
2026-09-15T23:16:57.285718570Z,rollout_generate,28.964
2026-09-15T23:16:57.416670337Z,rollout_generate,17.625
2026-09-15T23:16:57.417679507Z,rollout_generate,18.948
2026-09-15T23:16:57.421021587Z,rollout_generate,24.743
2026-09-15T23:16:57.421898267Z,rollout_generate,29.145
2026-09-15T23:16:58.323163437Z,rollout_generate,14.541
2026-09-15T23:16:58.455038134Z,rollout_generate,30.069
2026-09-15T23:16:58.715073188Z,rollout_generate,20.916
2026-09-15T23:16:58.716076398Z,rollout_generate,56.538
2026-09-15T23:16:58.843395745Z,rollout_generate,30.926
2026-09-15T23:16:58.971587662Z,rollout_generate,30.964
2026-09-15T23:16:59.358485633Z,rollout_generate,16.082
2026-09-15T23:16:59.619628388Z,rollout_generate,42.104
2026-09-15T23:16:59.751759064Z,rollout_generate,21.393
2026-09-15T23:16:59.878826172Z,rollout_generate,27.556
2026-09-15T23:17:00.008333279Z,rollout_generate,23.34
2026-09-15T23:17:00.138813536Z,rollout_generate,25.358
2026-09-15T23:17:00.269471013Z,rollout_generate,43.216
2026-09-15T23:17:00.527319227Z,rollout_generate,32.317
2026-09-15T23:17:00.784473481Z,rollout_generate,28.183
2026-09-15T23:17:00.914430078Z,rollout_generate,16.218
2026-09-15T23:17:01.046908646Z,rollout_generate,27.342
2026-09-15T23:17:01.052043945Z,rollout_generate,28.257
2026-09-15T23:17:01.435367967Z,rollout_generate,29.146
2026-09-15T23:17:01.694116921Z,rollout_generate,34.003
2026-09-15T23:17:01.825680068Z,rollout_generate,33.627
2026-09-15T23:17:02.735606907Z,rollout_generate,24.381
2026-09-15T23:17:02.865274234Z,rollout_generate,26.116
2026-09-15T23:17:02.996232841Z,rollout_generate,34.394
2026-09-15T23:17:03.896402641Z,rollout_generate,31.204
2026-09-15T23:17:04.025904098Z,rollout_generate,30.894
2026-09-15T23:17:04.154389185Z,rollout_generate,12.502
2026-09-15T23:17:04.283552862Z,rollout_generate,11.498
2026-09-15T23:17:04.930700927Z,rollout_generate,35.931
2026-09-15T23:17:05.188524552Z,rollout_generate,19.208
2026-09-15T23:17:05.319278229Z,rollout_generate,37.395
2026-09-15T23:17:05.580368273Z,rollout_generate,12.967
2026-09-15T23:17:05.583977593Z,rollout_generate,48.339
2026-09-15T23:17:05.711041740Z,rollout_generate,17.564
2026-09-15T23:17:05.839781637Z,rollout_generate,24.474
2026-09-15T23:17:05.840082967Z,rollout_generate,20.847
2026-09-15T23:17:06.098098221Z,rollout_generate,13.654
2026-09-15T23:17:06.488181083Z,rollout_generate,37.986
2026-09-15T23:17:06.617280260Z,rollout_generate,49.077
2026-09-15T23:17:07.136521178Z,rollout_generate,16.955
2026-09-15T23:17:07.528018359Z,rollout_generate,29.364
2026-09-15T23:17:07.658915496Z,rollout_generate,29.684
2026-09-15T23:17:07.786302183Z,rollout_generate,21.482
2026-09-15T23:17:08.043233167Z,rollout_generate,21.671
2026-09-15T23:17:08.301693511Z,rollout_generate,4.897
2026-09-15T23:17:08.561104036Z,rollout_generate,35.464
2026-09-15T23:17:08.706532202Z,rollout_generate,35.657
2026-09-15T23:17:08.824750050Z,rollout_generate,51.406
2026-09-15T23:17:09.861564586Z,rollout_generate,10.443
2026-09-15T23:17:09.864680536Z,rollout_generate,36.156
2026-09-15T23:17:11.025873060Z,rollout_generate,32.6
2026-09-15T23:17:11.027802520Z,rollout_generate,17.724
2026-09-15T23:17:11.677475645Z,rollout_generate,31.899
2026-09-15T23:17:12.068294166Z,rollout_generate,19.205
2026-09-15T23:17:12.070088666Z,rollout_generate,35.231
2026-09-15T23:17:12.321322531Z,rollout_generate,25.51
2026-09-15T23:17:12.323651831Z,rollout_generate,43.513
2026-09-15T23:17:12.453121658Z,rollout_generate,19.082
2026-09-15T23:17:12.591600774Z,rollout_generate,14.822
2026-09-15T23:17:12.751713431Z,rollout_generate,12.503
2026-09-15T23:17:12.755590251Z,rollout_generate,19.511
2026-09-15T23:17:13.184299051Z,rollout_generate,36.357
2026-09-15T23:17:13.429215956Z,rollout_generate,14.495
2026-09-15T23:17:13.432441315Z,rollout_generate,44.385
2026-09-15T23:17:13.542965493Z,rollout_generate,35.166
2026-09-15T23:17:13.675588420Z,rollout_generate,9.434
2026-09-15T23:17:13.936529484Z,rollout_generate,36.792
2026-09-15T23:17:14.321849135Z,rollout_generate,15.153
2026-09-15T23:17:14.713300557Z,rollout_generate,36.141
2026-09-15T23:17:14.973627071Z,rollout_generate,42.258
2026-09-15T23:17:15.233902285Z,rollout_generate,13.743
2026-09-15T23:17:15.495588229Z,rollout_generate,42.606
2026-09-15T23:17:15.887204480Z,rollout_generate,43.015
2026-09-15T23:17:16.014603037Z,rollout_generate,24.596
2026-09-15T23:17:16.144270644Z,rollout_generate,19.752
2026-09-15T23:17:16.280619621Z,rollout_generate,38.241
2026-09-15T23:17:16.405463219Z,rollout_generate,16.71
2026-09-15T23:17:17.055417614Z,rollout_generate,20.408
2026-09-15T23:17:17.187953841Z,rollout_generate,22.92
2026-09-15T23:17:17.709741229Z,rollout_generate,19.934
2026-09-15T23:17:18.358479404Z,rollout_generate,40.357
2026-09-15T23:17:18.489383752Z,rollout_generate,61.074
2026-09-15T23:17:18.495941201Z,rollout_generate,41.886
2026-09-15T23:17:18.620258638Z,rollout_generate,12.767
2026-09-15T23:17:18.621002138Z,rollout_generate,20.013
2026-09-15T23:17:18.750037106Z,rollout_generate,12.769
2026-09-15T23:17:19.012121690Z,rollout_generate,14.369
2026-09-15T23:17:19.282259823Z,rollout_generate,18.087
2026-09-15T23:17:19.413955511Z,rollout_generate,13.739
2026-09-15T23:17:19.544017497Z,rollout_generate,18.608
2026-09-15T23:17:19.673236795Z,rollout_generate,25.995
2026-09-15T23:17:19.934649799Z,rollout_generate,33.576
2026-09-15T23:17:20.065892976Z,rollout_generate,20.942
2026-09-15T23:17:20.193215063Z,rollout_generate,16.953
2026-09-15T23:17:20.194413953Z,rollout_generate,14.709
2026-09-15T23:17:20.323629460Z,rollout_generate,15.907
2026-09-15T23:17:20.715148171Z,rollout_generate,36.538
2026-09-15T23:17:21.106988242Z,rollout_generate,19.204
2026-09-15T23:17:21.108839102Z,rollout_generate,15.207
2026-09-15T23:17:21.237956349Z,rollout_generate,25.559
2026-09-15T23:17:21.496991213Z,rollout_generate,11.232
2026-09-15T23:17:21.497794464Z,rollout_generate,20.22
2026-09-15T23:17:22.147928649Z,rollout_generate,15.216
2026-09-15T23:17:22.151428209Z,rollout_generate,24.175
2026-09-15T23:17:22.667625797Z,rollout_generate,16.398
2026-09-15T23:17:22.799683504Z,rollout_generate,27.529
2026-09-15T23:17:23.188779635Z,rollout_generate,22.848
2026-09-15T23:17:23.578788177Z,rollout_generate,17.151
2026-09-15T23:17:23.580709616Z,rollout_generate,20.317
2026-09-15T23:17:23.710014823Z,rollout_generate,30.798
2026-09-15T23:17:24.622495003Z,rollout_generate,11.905
2026-09-15T23:17:24.624166223Z,rollout_generate,56.019
2026-09-15T23:17:25.404387275Z,rollout_generate,23.407
2026-09-15T23:17:26.596243158Z,rollout_generate,48.6
2026-09-15T23:17:26.596857918Z,rollout_generate,42.482
2026-09-15T23:17:26.598716808Z,rollout_generate,29.807
2026-09-15T23:17:26.599813828Z,rollout_generate,27.586
2026-09-15T23:17:26.856517623Z,rollout_generate,21.497
2026-09-15T23:17:27.506775348Z,rollout_generate,20.658
2026-09-15T23:17:28.028402496Z,rollout_generate,14.497
2026-09-15T23:17:28.029450386Z,rollout_generate,18.891
2026-09-15T23:17:28.415619797Z,rollout_generate,27.983
2026-09-15T23:17:28.562248094Z,rollout_generate,11.825
2026-09-15T23:17:28.692783891Z,rollout_generate,17.247
2026-09-15T23:17:28.950268765Z,rollout_generate,20.645
2026-09-15T23:17:28.954124855Z,rollout_generate,16.819
2026-09-15T23:17:29.082754752Z,rollout_generate,16.294
2026-09-15T23:17:29.212272569Z,rollout_generate,28.621
2026-09-15T23:17:29.474213973Z,rollout_generate,10.041
2026-09-15T23:17:29.864036195Z,rollout_generate,16.839
2026-09-15T23:17:30.124349058Z,rollout_generate,17.032
2026-09-15T23:17:30.386302783Z,rollout_generate,18.012
2026-09-15T23:17:30.646548197Z,rollout_generate,24.636
2026-09-15T23:17:30.648154017Z,rollout_generate,15.328
2026-09-15T23:17:31.045487908Z,rollout_generate,17.036
2026-09-15T23:17:31.431935369Z,rollout_generate,18.27
2026-09-15T23:17:31.562789896Z,rollout_generate,12.624
2026-09-15T23:17:32.214382871Z,rollout_generate,34.554
2026-09-15T23:17:32.344950699Z,rollout_generate,24.019
2026-09-15T23:17:32.867327867Z,rollout_generate,23.862
2026-09-15T23:17:32.995946094Z,rollout_generate,13.949
2026-09-15T23:17:32.996295314Z,rollout_generate,15.528
2026-09-15T23:17:33.516802802Z,rollout_generate,60.65
2026-09-15T23:17:33.645803289Z,rollout_generate,36.387
2026-09-15T23:17:33.773956576Z,rollout_generate,16.125
2026-09-15T23:17:34.296462804Z,rollout_generate,19.668
2026-09-15T23:17:34.687933315Z,rollout_generate,34.37
2026-09-15T23:17:35.338849671Z,rollout_generate,67.388
2026-09-15T23:17:35.595114775Z,rollout_generate,19.178
2026-09-15T23:17:35.726501222Z,rollout_generate,28.282
2026-09-15T23:17:35.726999792Z,rollout_generate,15.905
2026-09-15T23:17:35.870902689Z,rollout_generate,14.629
2026-09-15T23:17:35.997440196Z,rollout_generate,22.783
2026-09-15T23:17:35.998268876Z,rollout_generate,15.641
2026-09-15T23:17:36.517155734Z,rollout_generate,22.536
2026-09-15T23:17:36.649755991Z,rollout_generate,15.997
2026-09-15T23:17:36.777366358Z,rollout_generate,20.017
2026-09-15T23:17:37.170220779Z,rollout_generate,58.77
2026-09-15T23:17:37.431716094Z,rollout_generate,23.426
2026-09-15T23:17:38.085596179Z,rollout_generate,27.763
2026-09-15T23:17:38.362098893Z,rollout_generate,17.717
2026-09-15T23:17:38.477044340Z,rollout_generate,54.394
2026-09-15T23:17:38.478500480Z,rollout_generate,19.717
2026-09-15T23:17:38.608128907Z,rollout_generate,16.742
2026-09-15T23:17:38.609213377Z,rollout_generate,16.964
2026-09-15T23:17:38.610387577Z,rollout_generate,16.933
2026-09-15T23:17:38.999643528Z,rollout_generate,22.428
2026-09-15T23:17:39.264040092Z,rollout_generate,16.312
2026-09-15T23:17:39.395414539Z,rollout_generate,25.216
2026-09-15T23:17:39.656338163Z,rollout_generate,25.85
2026-09-15T23:17:39.785538591Z,rollout_generate,10.01
2026-09-15T23:17:39.916099588Z,rollout_generate,11.213
2026-09-15T23:17:40.046924825Z,rollout_generate,21.146
2026-09-15T23:17:40.177329322Z,rollout_generate,18.755
2026-09-15T23:17:40.574579673Z,rollout_generate,26.754
2026-09-15T23:17:40.705653800Z,rollout_generate,26.751
2026-09-15T23:17:40.707269480Z,rollout_generate,24.436
2026-09-15T23:17:40.965151404Z,rollout_generate,13.973
2026-09-15T23:17:41.098287001Z,rollout_generate,20.681
2026-09-15T23:17:41.357264785Z,rollout_generate,21.732
2026-09-15T23:17:41.361543285Z,rollout_generate,21.278
2026-09-15T23:17:41.749480246Z,rollout_generate,14.859
2026-09-15T23:17:42.529890118Z,rollout_generate,18.371
2026-09-15T23:17:42.661689535Z,rollout_generate,69.845
2026-09-15T23:17:42.794233892Z,rollout_generate,27.157
2026-09-15T23:17:42.798168703Z,rollout_generate,18.895
2026-09-15T23:17:42.922586620Z,rollout_generate,31.348
2026-09-15T23:17:43.313274211Z,rollout_generate,23.564
2026-09-15T23:17:43.314478921Z,rollout_generate,19.291
2026-09-15T23:17:43.736246471Z,rollout_generate,16.983
2026-09-15T23:17:43.857404139Z,rollout_generate,15.028
2026-09-15T23:17:43.872921898Z,rollout_generate,28.045
2026-09-15T23:17:44.255963790Z,rollout_generate,36.18
2026-09-15T23:17:44.388686447Z,rollout_generate,14.697
2026-09-15T23:17:44.516791624Z,rollout_generate,26.494
2026-09-15T23:17:44.521033453Z,rollout_generate,16.087
2026-09-15T23:17:44.645747981Z,rollout_generate,30.6
2026-09-15T23:17:44.922248364Z,rollout_generate,76.566
2026-09-15T23:17:44.926363394Z,rollout_generate,30.827
2026-09-15T23:17:45.048708992Z,rollout_generate,13.152
2026-09-15T23:17:45.050161752Z,rollout_generate,20.072
2026-09-15T23:17:45.179405009Z,rollout_generate,17.242
2026-09-15T23:17:45.180005669Z,rollout_generate,15.915
2026-09-15T23:17:45.308892746Z,rollout_generate,20.274
2026-09-15T23:17:45.570600830Z,rollout_generate,31.625
2026-09-15T23:17:45.706184197Z,rollout_generate,16.301
2026-09-15T23:17:46.222798485Z,rollout_generate,25.196
2026-09-15T23:17:46.224011965Z,rollout_generate,31.967
2026-09-15T23:17:46.353835012Z,rollout_generate,15.378
2026-09-15T23:17:46.737493334Z,rollout_generate,16.568
2026-09-15T23:17:47.138892454Z,rollout_generate,19.973
2026-09-15T23:17:47.787932360Z,rollout_generate,18.092
2026-09-15T23:17:47.918380047Z,rollout_generate,19.598
2026-09-15T23:17:48.050939134Z,rollout_generate,45.869
2026-09-15T23:17:48.052524224Z,rollout_generate,28.976
2026-09-15T23:17:48.173815181Z,rollout_generate,21.096
2026-09-15T23:17:48.440216785Z,rollout_generate,13.821
2026-09-15T23:17:48.832330596Z,rollout_generate,18.107
2026-09-15T23:17:49.223723647Z,rollout_generate,12.336
2026-09-15T23:17:49.360667244Z,rollout_generate,14.529
2026-09-15T23:17:49.484754541Z,rollout_generate,30.199
2026-09-15T23:17:49.616905809Z,rollout_generate,20.625
2026-09-15T23:17:49.744500666Z,rollout_generate,20.381
2026-09-15T23:17:50.006355210Z,rollout_generate,36.014
2026-09-15T23:17:50.135345177Z,rollout_generate,13.977
2026-09-15T23:17:50.267302484Z,rollout_generate,32.727
2026-09-15T23:17:50.528033888Z,rollout_generate,18.81
2026-09-15T23:17:50.659239045Z,rollout_generate,35.438
2026-09-15T23:17:50.927741979Z,rollout_generate,30.43
2026-09-15T23:17:51.184218653Z,rollout_generate,12.775
2026-09-15T23:17:51.186027253Z,rollout_generate,13.316
2026-09-15T23:17:51.313728710Z,rollout_generate,11.223
2026-09-15T23:17:51.314963500Z,rollout_generate,18.029
2026-09-15T23:17:51.445720087Z,rollout_generate,28.751
2026-09-15T23:17:51.706614621Z,rollout_generate,26.651
2026-09-15T23:17:51.838674398Z,rollout_generate,14.858
2026-09-15T23:17:52.107983432Z,rollout_generate,18.812
2026-09-15T23:17:52.109591762Z,rollout_generate,20.625
2026-09-15T23:17:52.236289599Z,rollout_generate,18.299
2026-09-15T23:17:52.365268446Z,rollout_generate,21.427
2026-09-15T23:17:52.625735121Z,rollout_generate,15.432
2026-09-15T23:17:53.280250986Z,rollout_generate,30.832
2026-09-15T23:17:53.281747706Z,rollout_generate,56.135
2026-09-15T23:17:53.282139606Z,rollout_generate,19.928
2026-09-15T23:17:53.673779907Z,rollout_generate,13.466
2026-09-15T23:17:53.930886451Z,rollout_generate,17.776
2026-09-15T23:17:54.063365048Z,rollout_generate,96.574
2026-09-15T23:17:54.324835572Z,rollout_generate,40.291
2026-09-15T23:17:54.448336699Z,rollout_generate,21.61
2026-09-15T23:17:54.459570709Z,rollout_generate,20.38
2026-09-15T23:17:54.978948177Z,rollout_generate,15.097
2026-09-15T23:17:55.236930522Z,rollout_generate,29.547
2026-09-15T23:17:55.371995028Z,rollout_generate,16.617
2026-09-15T23:17:55.373647118Z,rollout_generate,36.561
2026-09-15T23:17:55.629687973Z,rollout_generate,35.657
2026-09-15T23:17:55.760839250Z,rollout_generate,16.702
2026-09-15T23:17:55.893013467Z,rollout_generate,14.745
2026-09-15T23:17:56.814321776Z,rollout_generate,17.895
2026-09-15T23:17:56.944758653Z,rollout_generate,15.841
2026-09-15T23:17:57.075677010Z,rollout_generate,42.986
2026-09-15T23:17:57.597864358Z,rollout_generate,21.564
2026-09-15T23:17:58.248954293Z,rollout_generate,16.221
2026-09-15T23:17:58.381069851Z,rollout_generate,14.197
2026-09-15T23:17:58.382653960Z,rollout_generate,22.498
2026-09-15T23:17:58.509782688Z,rollout_generate,13.559
2026-09-15T23:17:58.771171802Z,rollout_generate,22.329
2026-09-15T23:17:59.063855095Z,rollout_generate,20.146
2026-09-15T23:17:59.323445479Z,rollout_generate,30.553
2026-09-15T23:17:59.715636830Z,rollout_generate,16.496
2026-09-15T23:18:00.108243752Z,rollout_generate,20.788
2026-09-15T23:18:00.367327935Z,rollout_generate,19.329
2026-09-15T23:18:00.762043246Z,rollout_generate,21.208
2026-09-15T23:18:01.023690641Z,rollout_generate,16.634
2026-09-15T23:18:01.286510205Z,rollout_generate,16.613
2026-09-15T23:18:01.808675873Z,rollout_generate,34.777
2026-09-15T23:18:01.940685280Z,rollout_generate,31.445
2026-09-15T23:18:02.332735451Z,rollout_generate,10.73
2026-09-15T23:18:02.592119835Z,rollout_generate,22.249
2026-09-15T23:18:02.724124302Z,rollout_generate,17.672
2026-09-15T23:18:02.854624649Z,rollout_generate,49.794
2026-09-15T23:18:03.121421143Z,rollout_generate,14.857
2026-09-15T23:18:03.122056393Z,rollout_generate,20.174
2026-09-15T23:18:03.123455323Z,rollout_generate,30.475
2026-09-15T23:18:03.250496270Z,rollout_generate,17.229
2026-09-15T23:18:03.382457867Z,rollout_generate,20.317
2026-09-15T23:18:03.512209504Z,rollout_generate,49.399
2026-09-15T23:18:04.031405033Z,rollout_generate,20.599
2026-09-15T23:18:04.032819953Z,rollout_generate,20.907
2026-09-15T23:18:04.426005454Z,rollout_generate,20.788
2026-09-15T23:18:04.428096894Z,rollout_generate,23.484
2026-09-15T23:18:04.554934121Z,rollout_generate,28.891
2026-09-15T23:18:04.948889992Z,rollout_generate,19.337
2026-09-15T23:18:05.077994039Z,rollout_generate,17.469
2026-09-15T23:18:05.209254396Z,rollout_generate,22.354
2026-09-15T23:18:05.215079616Z,rollout_generate,18.562
2026-09-15T23:18:05.216337706Z,rollout_generate,14.839
2026-09-15T23:18:05.339044623Z,rollout_generate,21.45
2026-09-15T23:18:05.470185900Z,rollout_generate,15.976
2026-09-15T23:18:05.728523465Z,rollout_generate,21.457
2026-09-15T23:18:05.737128504Z,rollout_generate,27.072
2026-09-15T23:18:05.739666594Z,rollout_generate,20.241
2026-09-15T23:18:05.861119371Z,rollout_generate,19.631
2026-09-15T23:18:05.863118671Z,rollout_generate,20.393
2026-09-15T23:18:05.866485291Z,rollout_generate,29.338
2026-09-15T23:18:06.253887273Z,rollout_generate,19.475
2026-09-15T23:18:06.409072859Z,rollout_generate,25.925
2026-09-15T23:18:06.534325876Z,rollout_generate,16.357
2026-09-15T23:18:06.538607356Z,rollout_generate,15.047
2026-09-15T23:18:07.197737271Z,rollout_generate,21.2
2026-09-15T23:18:07.198651011Z,rollout_generate,33.146
2026-09-15T23:18:07.329888668Z,rollout_generate,21.873
2026-09-15T23:18:07.591481122Z,rollout_generate,16.93
2026-09-15T23:18:07.714228770Z,rollout_generate,20.826
2026-09-15T23:18:07.850697566Z,rollout_generate,24.207
2026-09-15T23:18:07.852493857Z,rollout_generate,22.483
2026-09-15T23:18:08.504851082Z,rollout_generate,14.956
2026-09-15T23:18:08.635469279Z,rollout_generate,19.146
2026-09-15T23:18:08.896780523Z,rollout_generate,18.48
2026-09-15T23:18:09.157784617Z,rollout_generate,31.515
2026-09-15T23:18:09.288576704Z,rollout_generate,15.87
2026-09-15T23:18:09.290239994Z,rollout_generate,16.89
2026-09-15T23:18:09.939920109Z,rollout_generate,18.335
2026-09-15T23:18:10.332346200Z,rollout_generate,21.993
2026-09-15T23:18:10.594691235Z,rollout_generate,21.043
2026-09-15T23:18:11.376717187Z,rollout_generate,40.585
2026-09-15T23:18:11.637661691Z,rollout_generate,22.513
2026-09-15T23:18:11.898797565Z,rollout_generate,17.883
2026-09-15T23:18:12.419645823Z,rollout_generate,19.977
2026-09-15T23:18:12.550321940Z,rollout_generate,17.043
2026-09-15T23:18:12.941122662Z,rollout_generate,20.773
2026-09-15T23:18:13.464641560Z,rollout_generate,66.522
2026-09-15T23:18:13.465304520Z,rollout_generate,22.659
2026-09-15T23:18:13.594175937Z,rollout_generate,21.447
2026-09-15T23:18:13.850952021Z,rollout_generate,22.468
2026-09-15T23:18:14.246551912Z,rollout_generate,28.965
2026-09-15T23:18:14.376521109Z,rollout_generate,13.745
2026-09-15T23:18:14.634893913Z,rollout_generate,19.858
2026-09-15T23:18:14.637978363Z,rollout_generate,20.414
2026-09-15T23:18:14.770532880Z,rollout_generate,17.527
2026-09-15T23:18:15.211839390Z,rollout_generate,11.906
2026-09-15T23:18:15.599792111Z,rollout_generate,16.781
2026-09-15T23:18:15.600817662Z,rollout_generate,12.963
2026-09-15T23:18:15.993280443Z,rollout_generate,20.546
2026-09-15T23:18:16.121144470Z,rollout_generate,14.955
2026-09-15T23:18:16.124625299Z,rollout_generate,62.039
2026-09-15T23:18:16.513291761Z,rollout_generate,24.534
2026-09-15T23:18:16.642551928Z,rollout_generate,47.573
2026-09-15T23:18:16.773986975Z,rollout_generate,15.203
2026-09-15T23:18:16.903760312Z,rollout_generate,28.46
2026-09-15T23:18:17.034580339Z,rollout_generate,19.908
2026-09-15T23:18:17.167440676Z,rollout_generate,21.34
2026-09-15T23:18:17.700742674Z,rollout_generate,63.55
2026-09-15T23:18:17.701273914Z,rollout_generate,19.158
2026-09-15T23:18:18.998791275Z,rollout_generate,18.992
2026-09-15T23:18:19.140388771Z,rollout_generate,26.543
2026-09-15T23:18:19.271807908Z,rollout_generate,25.664
2026-09-15T23:18:19.391227666Z,rollout_generate,16.331
2026-09-15T23:18:19.660748290Z,rollout_generate,14.11
2026-09-15T23:18:19.920715804Z,rollout_generate,16.652
2026-09-15T23:18:20.444116642Z,rollout_generate,27.523
2026-09-15T23:18:20.966883280Z,rollout_generate,25.726
2026-09-15T23:18:21.098548617Z,rollout_generate,24.9
2026-09-15T23:18:21.353081921Z,rollout_generate,15.229
2026-09-15T23:18:21.492438908Z,rollout_generate,31.586
2026-09-15T23:18:21.621758815Z,rollout_generate,18.167
2026-09-15T23:18:21.751979552Z,rollout_generate,24.233
2026-09-15T23:18:22.032646076Z,rollout_generate,27.624
2026-09-15T23:18:22.163059313Z,rollout_generate,21.099
2026-09-15T23:18:22.555492785Z,rollout_generate,24.675
2026-09-15T23:18:22.814586629Z,rollout_generate,23.716
2026-09-15T23:18:23.077165223Z,rollout_generate,59.883
2026-09-15T23:18:23.208228770Z,rollout_generate,18.464
2026-09-15T23:18:23.336707147Z,rollout_generate,24.659
2026-09-15T23:18:23.599541451Z,rollout_generate,146.567
2026-09-15T23:18:23.729504508Z,rollout_generate,18.905
2026-09-15T23:18:23.989987452Z,rollout_generate,20.139
2026-09-15T23:18:23.991353922Z,rollout_generate,19.039
2026-09-15T23:18:24.119884689Z,rollout_generate,18.718
2026-09-15T23:18:24.383051433Z,rollout_generate,20.039
2026-09-15T23:18:24.384625773Z,rollout_generate,18.247
2026-09-15T23:18:24.386116163Z,rollout_generate,39.564
2026-09-15T23:18:24.908574481Z,rollout_generate,18.875
2026-09-15T23:18:25.164863915Z,rollout_generate,18.799
2026-09-15T23:18:25.296881903Z,rollout_generate,25.921
2026-09-15T23:18:25.556946807Z,rollout_generate,20.305
2026-09-15T23:18:25.688098984Z,rollout_generate,66.83
2026-09-15T23:18:25.817893481Z,rollout_generate,81.309
2026-09-15T23:18:25.820570911Z,rollout_generate,20.317
2026-09-15T23:18:26.773443999Z,rollout_generate,38.29
2026-09-15T23:18:27.033541453Z,rollout_generate,20.197
2026-09-15T23:18:27.299079717Z,rollout_generate,25.015
2026-09-15T23:18:27.426052975Z,rollout_generate,34.748
2026-09-15T23:18:27.427834675Z,rollout_generate,28.053
2026-09-15T23:18:27.688040379Z,rollout_generate,19.689
2026-09-15T23:18:27.952329883Z,rollout_generate,17.486
2026-09-15T23:18:27.952924852Z,rollout_generate,15.757
2026-09-15T23:18:27.954622592Z,rollout_generate,36.091
2026-09-15T23:18:27.956302703Z,rollout_generate,75.481
2026-09-15T23:18:28.081278020Z,rollout_generate,22.544
2026-09-15T23:18:28.613173388Z,rollout_generate,28.206
2026-09-15T23:18:28.745837895Z,rollout_generate,16.055
2026-09-15T23:18:28.747167675Z,rollout_generate,22.6
2026-09-15T23:18:28.749508254Z,rollout_generate,49.871
2026-09-15T23:18:28.868980442Z,rollout_generate,20.853
2026-09-15T23:18:28.881510482Z,rollout_generate,20.108
2026-09-15T23:18:29.416288410Z,rollout_generate,19.993
2026-09-15T23:18:29.420551699Z,rollout_generate,13.534
2026-09-15T23:18:29.681744104Z,rollout_generate,22.851
2026-09-15T23:18:29.810131921Z,rollout_generate,17.835
2026-09-15T23:18:30.362636798Z,rollout_generate,17.084
2026-09-15T23:18:30.753021399Z,rollout_generate,24.592
2026-09-15T23:18:30.885118277Z,rollout_generate,23.266
2026-09-15T23:18:30.886232926Z,rollout_generate,25.265
2026-09-15T23:18:31.015808334Z,rollout_generate,21.83
2026-09-15T23:18:31.018395053Z,rollout_generate,15.379
2026-09-15T23:18:31.930245993Z,rollout_generate,15.475
2026-09-15T23:18:32.062216170Z,rollout_generate,26.268
2026-09-15T23:18:32.324552064Z,rollout_generate,15.977
2026-09-15T23:18:32.466022991Z,rollout_generate,74.977
2026-09-15T23:18:32.470727950Z,rollout_generate,32.856
2026-09-15T23:18:32.855009192Z,rollout_generate,24.668
2026-09-15T23:18:32.859082742Z,rollout_generate,26.287
2026-09-15T23:18:33.769088431Z,rollout_generate,38.0
2026-09-15T23:18:33.900326548Z,rollout_generate,18.008
2026-09-15T23:18:34.163418622Z,rollout_generate,19.256
2026-09-15T23:18:34.823478337Z,rollout_generate,20.641
2026-09-15T23:18:36.005215401Z,rollout_generate,32.243
2026-09-15T23:18:36.138801018Z,rollout_generate,23.382
2026-09-15T23:18:36.267566785Z,rollout_generate,19.203
2026-09-15T23:18:36.655510456Z,rollout_generate,21.681
2026-09-15T23:18:37.316047921Z,rollout_generate,23.41
2026-09-15T23:18:37.449882648Z,rollout_generate,27.845
2026-09-15T23:18:37.451675198Z,rollout_generate,22.515
2026-09-15T23:18:37.576526225Z,rollout_generate,34.147
2026-09-15T23:18:37.709480072Z,rollout_generate,18.434
2026-09-15T23:18:37.715792082Z,rollout_generate,13.408
2026-09-15T23:18:37.834629840Z,rollout_generate,18.524
2026-09-15T23:18:38.024172695Z,rollout_generate,30.0
2026-09-15T23:18:38.025633445Z,rollout_generate,29.247
2026-09-15T23:18:38.028523595Z,rollout_generate,15.793
2026-09-15T23:18:38.152392012Z,rollout_generate,15.071
2026-09-15T23:18:38.274993119Z,rollout_generate,18.607
2026-09-15T23:18:38.287566819Z,rollout_generate,20.31
2026-09-15T23:18:38.821697467Z,rollout_generate,56.974
2026-09-15T23:18:39.479650572Z,rollout_generate,16.641
2026-09-15T23:18:39.875608583Z,rollout_generate,33.028
2026-09-15T23:18:40.136050557Z,rollout_generate,20.075
2026-09-15T23:18:40.136403367Z,rollout_generate,91.024
2026-09-15T23:18:40.415789531Z,rollout_generate,26.812
2026-09-15T23:18:40.417518501Z,rollout_generate,23.958
2026-09-15T23:18:41.064699476Z,rollout_generate,44.977
2026-09-15T23:18:41.197609204Z,rollout_generate,31.624
2026-09-15T23:18:41.198605384Z,rollout_generate,16.914
2026-09-15T23:18:41.327249710Z,rollout_generate,15.492
2026-09-15T23:18:41.328844110Z,rollout_generate,26.648
2026-09-15T23:18:41.591862195Z,rollout_generate,20.854
2026-09-15T23:18:42.139388882Z,rollout_generate,17.46
2026-09-15T23:18:42.662817860Z,rollout_generate,18.638
2026-09-15T23:18:42.918310335Z,rollout_generate,54.459
2026-09-15T23:18:42.926658745Z,rollout_generate,24.748
2026-09-15T23:18:43.055660831Z,rollout_generate,25.813
2026-09-15T23:18:43.184952669Z,rollout_generate,14.881
2026-09-15T23:18:43.324147076Z,rollout_generate,21.94
2026-09-15T23:18:43.582694060Z,rollout_generate,15.756
2026-09-15T23:18:43.714671777Z,rollout_generate,40.117
2026-09-15T23:18:44.501688709Z,rollout_generate,32.987
2026-09-15T23:18:44.502662969Z,rollout_generate,45.841
2026-09-15T23:18:44.632770106Z,rollout_generate,22.169
2026-09-15T23:18:44.892590320Z,rollout_generate,22.93
2026-09-15T23:18:45.284695171Z,rollout_generate,40.904
2026-09-15T23:18:45.931699927Z,rollout_generate,18.752
2026-09-15T23:18:46.330468458Z,rollout_generate,20.372
2026-09-15T23:18:46.859245986Z,rollout_generate,25.07
2026-09-15T23:18:47.110272520Z,rollout_generate,25.418
2026-09-15T23:18:47.379714184Z,rollout_generate,21.237
2026-09-15T23:18:47.902216422Z,rollout_generate,22.305
2026-09-15T23:18:48.295858873Z,rollout_generate,18.511
2026-09-15T23:18:48.427653240Z,rollout_generate,28.447
2026-09-15T23:18:48.559002257Z,rollout_generate,23.062
2026-09-15T23:18:49.080895715Z,rollout_generate,19.355
2026-09-15T23:18:49.083045166Z,rollout_generate,47.135
2026-09-15T23:18:49.745774911Z,rollout_generate,21.628
2026-09-15T23:18:50.398929386Z,rollout_generate,19.693
2026-09-15T23:18:51.318015145Z,rollout_generate,49.222
2026-09-15T23:18:51.973571820Z,rollout_generate,26.777
2026-09-15T23:18:52.105403407Z,rollout_generate,41.873
2026-09-15T23:18:52.632704415Z,rollout_generate,23.614
2026-09-15T23:18:52.893467260Z,rollout_generate,21.717
2026-09-15T23:18:53.277496051Z,rollout_generate,24.048
2026-09-15T23:18:53.292315560Z,rollout_generate,20.628
2026-09-15T23:18:53.489283206Z,rollout_generate,24.447
2026-09-15T23:18:53.490368896Z,rollout_generate,30.345
2026-09-15T23:18:53.877102687Z,rollout_generate,26.815
2026-09-15T23:18:54.137145591Z,rollout_generate,46.639
2026-09-15T23:18:54.141963221Z,rollout_generate,25.224
2026-09-15T23:18:54.530235923Z,rollout_generate,23.379
2026-09-15T23:18:55.067412110Z,rollout_generate,26.039
2026-09-15T23:18:55.069149080Z,rollout_generate,26.661
2026-09-15T23:18:55.197579857Z,rollout_generate,29.339
2026-09-15T23:18:55.459713442Z,rollout_generate,21.419
2026-09-15T23:18:55.460919791Z,rollout_generate,60.812
2026-09-15T23:18:55.464488091Z,rollout_generate,22.273
2026-09-15T23:18:55.595852788Z,rollout_generate,17.544
2026-09-15T23:18:55.714782326Z,rollout_generate,19.568
2026-09-15T23:18:55.725257135Z,rollout_generate,25.562
2026-09-15T23:18:55.855275282Z,rollout_generate,32.3
2026-09-15T23:18:55.985772999Z,rollout_generate,17.824
2026-09-15T23:18:56.238294974Z,rollout_generate,27.848
2026-09-15T23:18:56.491696098Z,rollout_generate,25.444
2026-09-15T23:18:56.753973692Z,rollout_generate,18.316
2026-09-15T23:18:56.756077942Z,rollout_generate,32.305
2026-09-15T23:18:57.017690976Z,rollout_generate,33.052
2026-09-15T23:18:57.018328176Z,rollout_generate,29.389
2026-09-15T23:18:57.687104161Z,rollout_generate,29.305
2026-09-15T23:18:57.817947168Z,rollout_generate,34.159
2026-09-15T23:18:57.951590195Z,rollout_generate,16.352
2026-09-15T23:18:58.078995912Z,rollout_generate,67.253
2026-09-15T23:18:58.342334056Z,rollout_generate,30.622
2026-09-15T23:18:58.471699873Z,rollout_generate,26.271
2026-09-15T23:18:58.734839917Z,rollout_generate,51.242
2026-09-15T23:18:59.026479761Z,rollout_generate,18.584
2026-09-15T23:18:59.287451025Z,rollout_generate,20.712
2026-09-15T23:18:59.289739595Z,rollout_generate,21.122
2026-09-15T23:18:59.549578469Z,rollout_generate,16.045
2026-09-15T23:18:59.811417843Z,rollout_generate,21.622
2026-09-15T23:18:59.945121040Z,rollout_generate,68.132
2026-09-15T23:19:00.068642647Z,rollout_generate,21.929
2026-09-15T23:19:00.197407474Z,rollout_generate,25.03
2026-09-15T23:19:00.483586218Z,rollout_generate,57.755
2026-09-15T23:19:00.872497449Z,rollout_generate,22.493
2026-09-15T23:19:01.005010836Z,rollout_generate,20.808
2026-09-15T23:19:01.130596773Z,rollout_generate,22.502
2026-09-15T23:19:01.398892197Z,rollout_generate,26.792
2026-09-15T23:19:01.921692516Z,rollout_generate,21.356
2026-09-15T23:19:01.923265695Z,rollout_generate,40.952
2026-09-15T23:19:02.287057637Z,rollout_generate,47.63
2026-09-15T23:19:02.542118811Z,rollout_generate,24.775
2026-09-15T23:19:02.804456785Z,rollout_generate,24.881
2026-09-15T23:19:03.330158124Z,rollout_generate,25.691
2026-09-15T23:19:03.591710728Z,rollout_generate,27.023
2026-09-15T23:19:03.984517529Z,rollout_generate,31.219
2026-09-15T23:19:04.500367227Z,rollout_generate,22.086
2026-09-15T23:19:05.057302575Z,rollout_generate,23.552
2026-09-15T23:19:05.579229823Z,rollout_generate,33.331
2026-09-15T23:19:05.711073280Z,rollout_generate,25.151
2026-09-15T23:19:06.233472498Z,rollout_generate,28.437
2026-09-15T23:19:06.494736692Z,rollout_generate,25.893
2026-09-15T23:19:07.019672910Z,rollout_generate,33.874
2026-09-15T23:19:07.412910181Z,rollout_generate,23.417
2026-09-15T23:19:07.547430718Z,rollout_generate,29.189
2026-09-15T23:19:08.464813318Z,rollout_generate,17.74
2026-09-15T23:19:08.595578105Z,rollout_generate,23.379
2026-09-15T23:19:09.112727723Z,rollout_generate,23.035
2026-09-15T23:19:09.125458133Z,rollout_generate,26.064
2026-09-15T23:19:09.247059800Z,rollout_generate,19.753
2026-09-15T23:19:09.645819401Z,rollout_generate,24.684
2026-09-15T23:19:09.908871915Z,rollout_generate,26.838
2026-09-15T23:19:10.041942792Z,rollout_generate,56.173
2026-09-15T23:19:10.570957260Z,rollout_generate,30.802
2026-09-15T23:19:10.966505811Z,rollout_generate,24.351
2026-09-15T23:19:12.799159890Z,rollout_generate,23.945
2026-09-15T23:19:12.801374270Z,rollout_generate,31.269
2026-09-15T23:19:13.719057339Z,rollout_generate,32.073
2026-09-15T23:19:14.634833238Z,rollout_generate,30.74
2026-09-15T23:19:14.766058225Z,rollout_generate,27.611
2026-09-15T23:19:15.169983936Z,rollout_generate,33.267
2026-09-15T23:19:15.561737217Z,rollout_generate,22.376
2026-09-15T23:19:15.684264965Z,rollout_generate,22.248
2026-09-15T23:19:15.696859654Z,rollout_generate,19.394
2026-09-15T23:19:15.824321311Z,rollout_generate,19.768
2026-09-15T23:19:15.954266879Z,rollout_generate,20.361
2026-09-15T23:19:16.216727313Z,rollout_generate,42.303
2026-09-15T23:19:16.632770803Z,rollout_generate,45.15
2026-09-15T23:19:16.760541930Z,rollout_generate,31.825
2026-09-15T23:19:16.762600290Z,rollout_generate,18.651
2026-09-15T23:19:16.890452757Z,rollout_generate,18.666
2026-09-15T23:19:17.155290021Z,rollout_generate,24.332
2026-09-15T23:19:17.157205241Z,rollout_generate,33.095
2026-09-15T23:19:17.676528800Z,rollout_generate,20.518
2026-09-15T23:19:18.070921761Z,rollout_generate,23.264
2026-09-15T23:19:18.221112568Z,rollout_generate,35.269
2026-09-15T23:19:18.222097737Z,rollout_generate,45.622
2026-09-15T23:19:18.343808905Z,rollout_generate,48.334
2026-09-15T23:19:18.738325446Z,rollout_generate,35.669
2026-09-15T23:19:19.007647780Z,rollout_generate,19.129
2026-09-15T23:19:19.009148379Z,rollout_generate,21.182
2026-09-15T23:19:19.012433299Z,rollout_generate,21.968
2026-09-15T23:19:19.138706897Z,rollout_generate,24.963
2026-09-15T23:19:19.558166277Z,rollout_generate,33.939
2026-09-15T23:19:19.685627664Z,rollout_generate,23.146
2026-09-15T23:19:19.947537318Z,rollout_generate,30.945
2026-09-15T23:19:20.471684857Z,rollout_generate,21.846
2026-09-15T23:19:21.391942906Z,rollout_generate,27.585
2026-09-15T23:19:21.779276477Z,rollout_generate,34.095
2026-09-15T23:19:23.444690259Z,rollout_generate,27.574
2026-09-15T23:19:23.481988738Z,rollout_generate,54.426
2026-09-15T23:19:23.743712113Z,rollout_generate,24.122
2026-09-15T23:19:23.964834808Z,rollout_generate,28.89
2026-09-15T23:19:24.091482855Z,rollout_generate,24.764
2026-09-15T23:19:24.352652339Z,rollout_generate,30.72
2026-09-15T23:19:25.272099038Z,rollout_generate,29.484
2026-09-15T23:19:25.536274632Z,rollout_generate,25.905
2026-09-15T23:19:25.537887642Z,rollout_generate,24.333
2026-09-15T23:19:26.202276947Z,rollout_generate,58.09
2026-09-15T23:19:26.591516318Z,rollout_generate,41.947
2026-09-15T23:19:26.731468735Z,rollout_generate,36.682
2026-09-15T23:19:26.856257402Z,rollout_generate,34.396
2026-09-15T23:19:27.120860006Z,rollout_generate,26.633
2026-09-15T23:19:27.122573146Z,rollout_generate,31.234
2026-09-15T23:19:27.513621098Z,rollout_generate,35.891
2026-09-15T23:19:27.514025227Z,rollout_generate,45.07
2026-09-15T23:19:28.036510056Z,rollout_generate,26.627
2026-09-15T23:19:28.083017945Z,rollout_generate,59.324
2026-09-15T23:19:28.473618036Z,rollout_generate,22.615
2026-09-15T23:19:29.128434271Z,rollout_generate,48.672
2026-09-15T23:19:29.394335295Z,rollout_generate,47.874
2026-09-15T23:19:29.395013775Z,rollout_generate,23.394
2026-09-15T23:19:29.522775272Z,rollout_generate,29.388
2026-09-15T23:19:30.717439815Z,rollout_generate,34.66
2026-09-15T23:19:30.984477069Z,rollout_generate,28.144
2026-09-15T23:19:31.116993406Z,rollout_generate,172.618
2026-09-15T23:19:31.507664407Z,rollout_generate,28.402
2026-09-15T23:19:31.901679528Z,rollout_generate,36.405
2026-09-15T23:19:32.031488745Z,rollout_generate,21.835
2026-09-15T23:19:32.421370687Z,rollout_generate,33.488
2026-09-15T23:19:32.428332296Z,rollout_generate,35.059
2026-09-15T23:19:32.681798801Z,rollout_generate,23.396
2026-09-15T23:19:32.695997550Z,rollout_generate,58.231
2026-09-15T23:19:33.234129868Z,rollout_generate,37.049
2026-09-15T23:19:33.358462056Z,rollout_generate,32.051
2026-09-15T23:19:33.367005046Z,rollout_generate,44.278
2026-09-15T23:19:33.750354077Z,rollout_generate,33.377
2026-09-15T23:19:33.887889574Z,rollout_generate,25.095
2026-09-15T23:19:34.153107128Z,rollout_generate,19.245
2026-09-15T23:19:34.411857452Z,rollout_generate,57.942
2026-09-15T23:19:34.702949185Z,rollout_generate,50.975
2026-09-15T23:19:35.618960564Z,rollout_generate,19.469
2026-09-15T23:19:36.144163773Z,rollout_generate,19.081
2026-09-15T23:19:36.270606990Z,rollout_generate,20.289
2026-09-15T23:19:36.283516149Z,rollout_generate,19.117
2026-09-15T23:19:36.408288517Z,rollout_generate,20.265
2026-09-15T23:19:36.858948347Z,rollout_generate,31.487
2026-09-15T23:19:37.118844411Z,rollout_generate,34.696
2026-09-15T23:19:37.373575415Z,rollout_generate,37.288
2026-09-15T23:19:37.387391924Z,rollout_generate,29.551
2026-09-15T23:19:37.388289025Z,rollout_generate,33.503
2026-09-15T23:19:37.389423384Z,rollout_generate,24.296
2026-09-15T23:19:37.511845052Z,rollout_generate,27.571
2026-09-15T23:19:37.512785392Z,rollout_generate,28.567
2026-09-15T23:19:37.642785729Z,rollout_generate,20.164
2026-09-15T23:19:38.074521229Z,rollout_generate,27.228
2026-09-15T23:19:39.250870842Z,rollout_generate,44.818
2026-09-15T23:19:39.375862090Z,rollout_generate,28.127
2026-09-15T23:19:39.387594499Z,rollout_generate,20.882
2026-09-15T23:19:39.389744749Z,rollout_generate,24.455
2026-09-15T23:19:39.514139887Z,rollout_generate,23.64
2026-09-15T23:19:40.063755284Z,rollout_generate,23.966
2026-09-15T23:19:40.321780738Z,rollout_generate,27.196
2026-09-15T23:19:40.323008788Z,rollout_generate,33.447
2026-09-15T23:19:40.715607549Z,rollout_generate,24.366
2026-09-15T23:19:40.978641854Z,rollout_generate,203.429
2026-09-15T23:19:41.238968078Z,rollout_generate,42.865
2026-09-15T23:19:41.501253022Z,rollout_generate,76.779
2026-09-15T23:19:41.895747293Z,rollout_generate,26.058
2026-09-15T23:19:42.288316644Z,rollout_generate,32.232
2026-09-15T23:19:42.441703521Z,rollout_generate,35.89
2026-09-15T23:19:42.961819779Z,rollout_generate,23.634
2026-09-15T23:19:43.224858963Z,rollout_generate,26.294
2026-09-15T23:19:43.355009030Z,rollout_generate,24.195
2026-09-15T23:19:43.486154647Z,rollout_generate,39.831
2026-09-15T23:19:43.751536851Z,rollout_generate,28.264
2026-09-15T23:19:44.397962266Z,rollout_generate,18.201
2026-09-15T23:19:44.791222147Z,rollout_generate,47.335
2026-09-15T23:19:44.962115753Z,rollout_generate,25.528
2026-09-15T23:19:45.354878524Z,rollout_generate,27.36
2026-09-15T23:19:45.617901229Z,rollout_generate,25.712
2026-09-15T23:19:45.619872069Z,rollout_generate,21.169
2026-09-15T23:19:45.740566436Z,rollout_generate,34.909
2026-09-15T23:19:45.751164166Z,rollout_generate,19.909
2026-09-15T23:19:46.009974120Z,rollout_generate,20.387
2026-09-15T23:19:46.395906741Z,rollout_generate,50.751
2026-09-15T23:19:46.708882884Z,rollout_generate,22.661
2026-09-15T23:19:46.840484901Z,rollout_generate,26.849
2026-09-15T23:19:46.970505638Z,rollout_generate,37.84
2026-09-15T23:19:47.493119836Z,rollout_generate,43.216
2026-09-15T23:19:48.149061781Z,rollout_generate,27.862
2026-09-15T23:19:48.279716598Z,rollout_generate,49.228
2026-09-15T23:19:48.671829020Z,rollout_generate,15.884
2026-09-15T23:19:48.804638507Z,rollout_generate,18.952
2026-09-15T23:19:49.189480808Z,rollout_generate,30.802
2026-09-15T23:19:49.253281947Z,rollout_generate,19.564
2026-09-15T23:19:49.371934134Z,rollout_generate,48.899
2026-09-15T23:19:49.504344401Z,rollout_generate,25.632
2026-09-15T23:19:49.771288475Z,rollout_generate,25.666
2026-09-15T23:19:49.893960212Z,rollout_generate,20.626
2026-09-15T23:19:50.025604639Z,rollout_generate,31.144
2026-09-15T23:19:50.032277419Z,rollout_generate,18.758
2026-09-15T23:19:50.163479146Z,rollout_generate,15.966
2026-09-15T23:19:50.618713346Z,rollout_generate,31.977
2026-09-15T23:19:50.749868233Z,rollout_generate,31.458
2026-09-15T23:19:52.980140972Z,rollout_generate,25.588
2026-09-15T23:19:53.113405939Z,rollout_generate,32.187
2026-09-15T23:19:53.764854885Z,rollout_generate,33.78
2026-09-15T23:19:54.291585333Z,rollout_generate,72.811
2026-09-15T23:19:54.302074562Z,rollout_generate,17.757
2026-09-15T23:19:54.563703627Z,rollout_generate,32.84
2026-09-15T23:19:54.750373302Z,rollout_generate,37.61
2026-09-15T23:19:56.181155470Z,rollout_generate,22.39
2026-09-15T23:19:56.713636188Z,rollout_generate,19.457
2026-09-15T23:19:56.840118875Z,rollout_generate,47.301
2026-09-15T23:19:57.762120994Z,rollout_generate,21.888
2026-09-15T23:19:57.764694994Z,rollout_generate,25.953
2026-09-15T23:19:57.767504024Z,rollout_generate,24.395
2026-09-15T23:19:57.886736101Z,rollout_generate,23.832
2026-09-15T23:19:57.889401861Z,rollout_generate,30.829
2026-09-15T23:19:57.904563181Z,rollout_generate,60.532
2026-09-15T23:19:58.158163565Z,rollout_generate,24.605
2026-09-15T23:19:58.471061078Z,rollout_generate,22.022
2026-09-15T23:19:59.519172884Z,rollout_generate,28.245
2026-09-15T23:19:59.644367562Z,rollout_generate,29.948
2026-09-15T23:19:59.654545701Z,rollout_generate,28.03
2026-09-15T23:19:59.782383289Z,rollout_generate,33.06
2026-09-15T23:19:59.918764276Z,rollout_generate,22.222
2026-09-15T23:20:00.089853422Z,rollout_generate,16.99
2026-09-15T23:20:00.609304730Z,rollout_generate,36.989
2026-09-15T23:20:01.141761668Z,rollout_generate,59.212
2026-09-15T23:20:01.531095789Z,rollout_generate,17.899
2026-09-15T23:20:02.767580871Z,rollout_generate,35.641
2026-09-15T23:20:03.157145053Z,rollout_generate,27.215
2026-09-15T23:20:03.687969190Z,rollout_generate,16.713
2026-09-15T23:20:04.215060449Z,rollout_generate,32.015
2026-09-15T23:20:04.346436616Z,rollout_generate,23.987
2026-09-15T23:20:04.611543349Z,rollout_generate,21.881
2026-09-15T23:20:05.135819248Z,rollout_generate,16.575
2026-09-15T23:20:05.137855338Z,rollout_generate,46.774
2026-09-15T23:20:05.531127969Z,rollout_generate,27.164
2026-09-15T23:20:05.819829282Z,rollout_generate,31.396
2026-09-15T23:20:06.352805970Z,rollout_generate,28.534
2026-09-15T23:20:06.354081740Z,rollout_generate,31.625
2026-09-15T23:20:06.613713434Z,rollout_generate,49.555
2026-09-15T23:20:07.008861885Z,rollout_generate,29.129
2026-09-15T23:20:07.140527283Z,rollout_generate,26.509
2026-09-15T23:20:07.931439085Z,rollout_generate,73.467
2026-09-15T23:20:08.054433512Z,rollout_generate,88.855
2026-09-15T23:20:08.185107489Z,rollout_generate,22.301
2026-09-15T23:20:08.622976979Z,rollout_generate,25.096
2026-09-15T23:20:08.745987556Z,rollout_generate,19.416
2026-09-15T23:20:08.748483096Z,rollout_generate,18.488
2026-09-15T23:20:08.763889246Z,rollout_generate,28.946
2026-09-15T23:20:09.277332484Z,rollout_generate,27.952
2026-09-15T23:20:09.403530661Z,rollout_generate,36.567
2026-09-15T23:20:09.671151365Z,rollout_generate,32.939
2026-09-15T23:20:09.671917995Z,rollout_generate,42.492
2026-09-15T23:20:09.804270042Z,rollout_generate,41.995
2026-09-15T23:20:09.926514660Z,rollout_generate,37.595
2026-09-15T23:20:10.158984274Z,rollout_generate,24.913
2026-09-15T23:20:10.288821021Z,rollout_generate,113.18
2026-09-15T23:20:10.420826688Z,rollout_generate,24.535
2026-09-15T23:20:10.681794692Z,rollout_generate,20.213
2026-09-15T23:20:10.937588337Z,rollout_generate,33.403
2026-09-15T23:20:10.950913146Z,rollout_generate,53.653
2026-09-15T23:20:11.260227719Z,rollout_generate,24.92
2026-09-15T23:20:11.650046201Z,rollout_generate,43.113
2026-09-15T23:20:12.039568512Z,rollout_generate,32.334
2026-09-15T23:20:12.050377681Z,rollout_generate,70.511
2026-09-15T23:20:12.170917669Z,rollout_generate,32.497
2026-09-15T23:20:12.300139296Z,rollout_generate,32.583
2026-09-15T23:20:12.569738520Z,rollout_generate,28.513
2026-09-15T23:20:12.898498913Z,rollout_generate,76.073
2026-09-15T23:20:13.285123834Z,rollout_generate,24.123
2026-09-15T23:20:13.946490289Z,rollout_generate,16.967
2026-09-15T23:20:14.071726716Z,rollout_generate,23.751
2026-09-15T23:20:14.727160181Z,rollout_generate,27.871
2026-09-15T23:20:15.392164986Z,rollout_generate,68.237
2026-09-15T23:20:15.517935013Z,rollout_generate,17.47
2026-09-15T23:20:15.649310350Z,rollout_generate,39.076
2026-09-15T23:20:15.659965150Z,rollout_generate,37.707
2026-09-15T23:20:16.276819256Z,rollout_generate,41.834
2026-09-15T23:20:16.407918953Z,rollout_generate,30.497
2026-09-15T23:20:16.411807823Z,rollout_generate,182.304
2026-09-15T23:20:16.533812480Z,rollout_generate,23.12
2026-09-15T23:20:16.671441617Z,rollout_generate,30.988
2026-09-15T23:20:16.934836301Z,rollout_generate,53.152
2026-09-15T23:20:17.606734136Z,rollout_generate,28.087
2026-09-15T23:20:18.006665027Z,rollout_generate,24.587
2026-09-15T23:20:18.400113528Z,rollout_generate,35.629
2026-09-15T23:20:18.663010512Z,rollout_generate,40.982
2026-09-15T23:20:18.785709589Z,rollout_generate,18.559
2026-09-15T23:20:18.919242457Z,rollout_generate,22.446
2026-09-15T23:20:18.928881466Z,rollout_generate,39.37
2026-09-15T23:20:19.052070043Z,rollout_generate,34.344
2026-09-15T23:20:19.187676710Z,rollout_generate,33.234
2026-09-15T23:20:19.321803667Z,rollout_generate,37.804
2026-09-15T23:20:20.565787189Z,rollout_generate,19.42
2026-09-15T23:20:20.567264699Z,rollout_generate,31.026
2026-09-15T23:20:20.821982294Z,rollout_generate,52.447
2026-09-15T23:20:20.963511220Z,rollout_generate,43.287
2026-09-15T23:20:21.315290932Z,rollout_generate,92.688
2026-09-15T23:20:22.223556412Z,rollout_generate,24.19
2026-09-15T23:20:22.623325783Z,rollout_generate,27.7
2026-09-15T23:20:22.752878900Z,rollout_generate,35.738
2026-09-15T23:20:23.149563851Z,rollout_generate,69.142
2026-09-15T23:20:23.271900158Z,rollout_generate,36.133
2026-09-15T23:20:23.667988859Z,rollout_generate,16.981
2026-09-15T23:20:23.673484669Z,rollout_generate,91.371
2026-09-15T23:20:23.803585726Z,rollout_generate,19.744
2026-09-15T23:20:24.060708750Z,rollout_generate,26.933
2026-09-15T23:20:25.014739329Z,rollout_generate,47.847
2026-09-15T23:20:25.152706286Z,rollout_generate,22.38
2026-09-15T23:20:25.678495584Z,rollout_generate,35.903
2026-09-15T23:20:25.812401371Z,rollout_generate,237.187
2026-09-15T23:20:26.203476332Z,rollout_generate,32.121
2026-09-15T23:20:26.593961263Z,rollout_generate,151.761
2026-09-15T23:20:26.863007397Z,rollout_generate,38.843
2026-09-15T23:20:26.864531357Z,rollout_generate,45.846
2026-09-15T23:20:28.522928349Z,rollout_generate,28.403
2026-09-15T23:20:28.780363604Z,rollout_generate,111.817
2026-09-15T23:20:28.790898174Z,rollout_generate,23.779
2026-09-15T23:20:29.042645638Z,rollout_generate,25.55
2026-09-15T23:20:29.172014495Z,rollout_generate,56.605
2026-09-15T23:20:29.435087699Z,rollout_generate,21.074
2026-09-15T23:20:29.995373226Z,rollout_generate,31.227
2026-09-15T23:20:30.265143550Z,rollout_generate,18.611
2026-09-15T23:20:30.530404984Z,rollout_generate,88.262
2026-09-15T23:20:31.181712940Z,rollout_generate,22.287
2026-09-15T23:20:31.445466534Z,rollout_generate,22.981
2026-09-15T23:20:31.707857297Z,rollout_generate,31.729
2026-09-15T23:20:31.844935485Z,rollout_generate,20.859
2026-09-15T23:20:31.977151131Z,rollout_generate,24.659
2026-09-15T23:20:32.439439881Z,rollout_generate,22.329
2026-09-15T23:20:32.695435215Z,rollout_generate,105.182
2026-09-15T23:20:32.827430062Z,rollout_generate,59.844
2026-09-15T23:20:33.094940936Z,rollout_generate,23.94
2026-09-15T23:20:33.746833382Z,rollout_generate,42.84
2026-09-15T23:20:33.878595799Z,rollout_generate,43.706
2026-09-15T23:20:34.147924202Z,rollout_generate,43.112
2026-09-15T23:20:34.591344912Z,rollout_generate,46.114
2026-09-15T23:20:35.639885539Z,rollout_generate,26.589
2026-09-15T23:20:35.649739159Z,rollout_generate,37.47
2026-09-15T23:20:35.779820616Z,rollout_generate,28.88
2026-09-15T23:20:36.297476194Z,rollout_generate,38.098
2026-09-15T23:20:36.427828541Z,rollout_generate,22.208
2026-09-15T23:20:36.430373241Z,rollout_generate,23.827
2026-09-15T23:20:36.830018592Z,rollout_generate,41.744
2026-09-15T23:20:36.954355389Z,rollout_generate,24.313
2026-09-15T23:20:37.089622746Z,rollout_generate,27.128
2026-09-15T23:20:37.543283286Z,rollout_generate,37.63
2026-09-15T23:20:38.204239271Z,rollout_generate,31.538
2026-09-15T23:20:38.330467158Z,rollout_generate,27.61
2026-09-15T23:20:38.721625349Z,rollout_generate,29.78
2026-09-15T23:20:38.739070599Z,rollout_generate,34.255
2026-09-15T23:20:38.855480136Z,rollout_generate,49.21
2026-09-15T23:20:39.696711477Z,rollout_generate,39.885
2026-09-15T23:20:40.225749875Z,rollout_generate,30.147
2026-09-15T23:20:40.489936189Z,rollout_generate,26.877
2026-09-15T23:20:41.412953608Z,rollout_generate,29.834
2026-09-15T23:20:42.866004065Z,rollout_generate,26.112
2026-09-15T23:20:42.990472473Z,rollout_generate,23.88
2026-09-15T23:20:44.083487308Z,rollout_generate,23.127
2026-09-15T23:20:44.480869119Z,rollout_generate,25.542
2026-09-15T23:20:45.002422297Z,rollout_generate,39.564
2026-09-15T23:20:45.266655871Z,rollout_generate,25.868
2026-09-15T23:20:45.267653071Z,rollout_generate,21.831
2026-09-15T23:20:45.278880091Z,rollout_generate,40.779
2026-09-15T23:20:45.279916531Z,rollout_generate,30.148
2026-09-15T23:20:45.666612012Z,rollout_generate,20.111
2026-09-15T23:20:46.379590666Z,rollout_generate,29.081
2026-09-15T23:20:47.172045648Z,rollout_generate,37.478
2026-09-15T23:20:47.176985278Z,rollout_generate,29.426
2026-09-15T23:20:47.299464005Z,rollout_generate,31.495
2026-09-15T23:20:48.359469821Z,rollout_generate,49.967
2026-09-15T23:20:49.545643395Z,rollout_generate,23.725
2026-09-15T23:20:49.809922589Z,rollout_generate,33.018
2026-09-15T23:20:50.074265073Z,rollout_generate,44.786
2026-09-15T23:20:50.199094680Z,rollout_generate,30.672
2026-09-15T23:20:50.536584552Z,rollout_generate,86.047
2026-09-15T23:20:51.191807548Z,rollout_generate,31.746
2026-09-15T23:20:51.591025768Z,rollout_generate,30.315
2026-09-15T23:20:51.846870993Z,rollout_generate,27.482
2026-09-15T23:20:53.436622187Z,rollout_generate,52.516
2026-09-15T23:20:53.703519321Z,rollout_generate,24.836
2026-09-15T23:20:54.095939002Z,rollout_generate,45.853
2026-09-15T23:20:54.526407792Z,rollout_generate,37.487
2026-09-15T23:20:54.656432679Z,rollout_generate,31.08
2026-09-15T23:20:54.668655409Z,rollout_generate,19.009
2026-09-15T23:20:54.920727103Z,rollout_generate,22.894
2026-09-15T23:20:54.927110423Z,rollout_generate,32.428
2026-09-15T23:20:54.928650423Z,rollout_generate,31.974
2026-09-15T23:20:55.314811484Z,rollout_generate,35.698
2026-09-15T23:20:55.585641778Z,rollout_generate,34.134
2026-09-15T23:20:55.587571388Z,rollout_generate,34.74
2026-09-15T23:20:55.591839228Z,rollout_generate,57.087
2026-09-15T23:20:55.709786415Z,rollout_generate,19.621
2026-09-15T23:20:56.045569468Z,rollout_generate,48.582
2026-09-15T23:20:56.175889965Z,rollout_generate,37.444
2026-09-15T23:20:56.300040342Z,rollout_generate,37.082
2026-09-15T23:20:56.563955126Z,rollout_generate,72.763
2026-09-15T23:20:56.828979060Z,rollout_generate,26.523
2026-09-15T23:20:56.961704547Z,rollout_generate,30.448
2026-09-15T23:20:56.963351527Z,rollout_generate,56.689
2026-09-15T23:20:57.288397340Z,rollout_generate,38.33
2026-09-15T23:20:57.549923474Z,rollout_generate,41.574
2026-09-15T23:20:57.814909078Z,rollout_generate,38.561
2026-09-15T23:20:58.072577032Z,rollout_generate,72.969
2026-09-15T23:20:58.469233103Z,rollout_generate,33.146
2026-09-15T23:20:58.599876390Z,rollout_generate,45.411
2026-09-15T23:20:58.610993260Z,rollout_generate,60.555
2026-09-15T23:20:59.075407630Z,rollout_generate,225.14
2026-09-15T23:20:59.194501467Z,rollout_generate,64.76
2026-09-15T23:20:59.717371525Z,rollout_generate,30.345
2026-09-15T23:20:59.855594942Z,rollout_generate,27.534
2026-09-15T23:21:00.639470554Z,rollout_generate,46.287
2026-09-15T23:21:00.650044914Z,rollout_generate,36.843
2026-09-15T23:21:00.772778841Z,rollout_generate,21.526
2026-09-15T23:21:01.107734724Z,rollout_generate,28.367
2026-09-15T23:21:01.496462065Z,rollout_generate,28.102
2026-09-15T23:21:01.890870766Z,rollout_generate,56.048
2026-09-15T23:21:02.156152260Z,rollout_generate,30.433
2026-09-15T23:21:02.685076428Z,rollout_generate,50.361
2026-09-15T23:21:02.817218235Z,rollout_generate,47.003
2026-09-15T23:21:02.951465222Z,rollout_generate,96.611
2026-09-15T23:21:03.215889786Z,rollout_generate,31.063
2026-09-15T23:21:03.778616643Z,rollout_generate,19.409
2026-09-15T23:21:03.902581281Z,rollout_generate,27.168
2026-09-15T23:21:03.911256250Z,rollout_generate,47.331
2026-09-15T23:21:04.296116052Z,rollout_generate,43.325
2026-09-15T23:21:04.956743866Z,rollout_generate,37.908
2026-09-15T23:21:05.481371875Z,rollout_generate,34.812
2026-09-15T23:21:05.744535799Z,rollout_generate,59.632
2026-09-15T23:21:06.275419797Z,rollout_generate,20.308
2026-09-15T23:21:06.543428271Z,rollout_generate,29.955
2026-09-15T23:21:06.737537136Z,rollout_generate,33.634
2026-09-15T23:21:06.741065496Z,rollout_generate,28.129
2026-09-15T23:21:06.999514431Z,rollout_generate,34.155
2026-09-15T23:21:07.271549094Z,rollout_generate,24.14
2026-09-15T23:21:07.395829182Z,rollout_generate,69.12
2026-09-15T23:21:08.315718251Z,rollout_generate,55.452
2026-09-15T23:21:09.234982350Z,rollout_generate,37.626
2026-09-15T23:21:09.716162089Z,rollout_generate,51.436
2026-09-15T23:21:10.234596817Z,rollout_generate,29.656
2026-09-15T23:21:10.370903504Z,rollout_generate,60.248
2026-09-15T23:21:10.759325146Z,rollout_generate,29.925
2026-09-15T23:21:10.892055743Z,rollout_generate,34.319
2026-09-15T23:21:11.286939064Z,rollout_generate,19.077
2026-09-15T23:21:11.416990921Z,rollout_generate,35.48
2026-09-15T23:21:11.810889062Z,rollout_generate,24.23
2026-09-15T23:21:11.823829951Z,rollout_generate,45.667
2026-09-15T23:21:11.951092879Z,rollout_generate,36.918
2026-09-15T23:21:11.952746999Z,rollout_generate,33.435
2026-09-15T23:21:12.214717273Z,rollout_generate,42.997
2026-09-15T23:21:12.338789860Z,rollout_generate,27.021
2026-09-15T23:21:12.481064587Z,rollout_generate,42.594
2026-09-15T23:21:13.086215333Z,rollout_generate,27.386
2026-09-15T23:21:13.753755808Z,rollout_generate,61.559
2026-09-15T23:21:13.884499035Z,rollout_generate,29.124
2026-09-15T23:21:14.273812796Z,rollout_generate,27.428
2026-09-15T23:21:15.011426239Z,rollout_generate,31.697
2026-09-15T23:21:15.931934899Z,rollout_generate,46.831
2026-09-15T23:21:15.935276059Z,rollout_generate,30.388
2026-09-15T23:21:15.943356989Z,rollout_generate,20.901
2026-09-15T23:21:16.193520183Z,rollout_generate,38.821
2026-09-15T23:21:16.595731934Z,rollout_generate,101.751
2026-09-15T23:21:16.858131608Z,rollout_generate,37.851
2026-09-15T23:21:16.980162765Z,rollout_generate,31.419
2026-09-15T23:21:18.339064054Z,rollout_generate,39.845
2026-09-15T23:21:18.479835021Z,rollout_generate,280.075
2026-09-15T23:21:18.997587820Z,rollout_generate,22.382
2026-09-15T23:21:19.138373677Z,rollout_generate,98.518
2026-09-15T23:21:19.396707740Z,rollout_generate,29.275
2026-09-15T23:21:19.658147654Z,rollout_generate,25.251
2026-09-15T23:21:19.931766079Z,rollout_generate,49.256
2026-09-15T23:21:20.059026796Z,rollout_generate,57.009
2026-09-15T23:21:20.585530324Z,rollout_generate,25.549
2026-09-15T23:21:21.187519030Z,rollout_generate,31.638
2026-09-15T23:21:21.709615238Z,rollout_generate,70.619
2026-09-15T23:21:21.719529868Z,rollout_generate,29.835
2026-09-15T23:21:22.365222553Z,rollout_generate,34.91
2026-09-15T23:21:22.366801153Z,rollout_generate,48.324
2026-09-15T23:21:22.761439845Z,rollout_generate,27.915
2026-09-15T23:21:22.762377575Z,rollout_generate,25.498
2026-09-15T23:21:22.775245564Z,rollout_generate,22.119
2026-09-15T23:21:23.157056815Z,rollout_generate,59.18
2026-09-15T23:21:23.509375678Z,rollout_generate,26.371
2026-09-15T23:21:23.646095444Z,rollout_generate,46.471
2026-09-15T23:21:23.909418999Z,rollout_generate,66.671
2026-09-15T23:21:24.563336064Z,rollout_generate,50.531
2026-09-15T23:21:25.228280359Z,rollout_generate,18.948
2026-09-15T23:21:25.750368177Z,rollout_generate,28.858
2026-09-15T23:21:25.750953207Z,rollout_generate,25.561
2026-09-15T23:21:26.066145730Z,rollout_generate,32.02
2026-09-15T23:21:26.201794887Z,rollout_generate,52.049
2026-09-15T23:21:26.324819674Z,rollout_generate,34.836
2026-09-15T23:21:26.589366488Z,rollout_generate,26.558
2026-09-15T23:21:26.724041765Z,rollout_generate,38.228
2026-09-15T23:21:28.041738845Z,rollout_generate,28.629
2026-09-15T23:21:28.435065966Z,rollout_generate,26.642
2026-09-15T23:21:29.125480331Z,rollout_generate,26.003
2026-09-15T23:21:29.922516853Z,rollout_generate,297.123
2026-09-15T23:21:30.709363275Z,rollout_generate,32.499
2026-09-15T23:21:31.506348227Z,rollout_generate,46.586
2026-09-15T23:21:32.293474539Z,rollout_generate,34.991
2026-09-15T23:21:32.303209359Z,rollout_generate,81.217
2026-09-15T23:21:32.425575006Z,rollout_generate,22.441
2026-09-15T23:21:33.129235960Z,rollout_generate,28.687
2026-09-15T23:21:33.390646124Z,rollout_generate,54.519
2026-09-15T23:21:33.656602538Z,rollout_generate,51.919
2026-09-15T23:21:34.972334859Z,rollout_generate,23.273
2026-09-15T23:21:35.104855366Z,rollout_generate,41.374
2026-09-15T23:21:35.235778853Z,rollout_generate,40.018
2026-09-15T23:21:36.155605402Z,rollout_generate,38.037
2026-09-15T23:21:36.554177933Z,rollout_generate,56.597
2026-09-15T23:21:36.684582320Z,rollout_generate,41.434
2026-09-15T23:21:37.084245181Z,rollout_generate,67.461
2026-09-15T23:21:37.091629241Z,rollout_generate,21.753
2026-09-15T23:21:37.422725533Z,rollout_generate,30.538
2026-09-15T23:21:38.606974667Z,rollout_generate,42.097
2026-09-15T23:21:38.613610657Z,rollout_generate,30.922
2026-09-15T23:21:39.003550948Z,rollout_generate,88.549
2026-09-15T23:21:39.663254183Z,rollout_generate,35.442
2026-09-15T23:21:40.058850874Z,rollout_generate,32.506
2026-09-15T23:21:40.576075642Z,rollout_generate,73.833
2026-09-15T23:21:41.369541484Z,rollout_generate,27.215
2026-09-15T23:21:41.501290291Z,rollout_generate,37.427
2026-09-15T23:21:42.035066689Z,rollout_generate,64.355
2026-09-15T23:21:42.169914406Z,rollout_generate,120.346
2026-09-15T23:21:42.426684330Z,rollout_generate,40.24
2026-09-15T23:21:42.564038607Z,rollout_generate,41.166
2026-09-15T23:21:43.349437510Z,rollout_generate,45.737
2026-09-15T23:21:43.486131847Z,rollout_generate,23.545
2026-09-15T23:21:44.655133540Z,rollout_generate,49.051
2026-09-15T23:21:45.843460893Z,rollout_generate,34.115
2026-09-15T23:21:46.507181598Z,rollout_generate,43.532
2026-09-15T23:21:46.510626698Z,rollout_generate,39.366
2026-09-15T23:21:46.898535199Z,rollout_generate,41.791
2026-09-15T23:21:47.701477871Z,rollout_generate,60.237
2026-09-15T23:21:47.825712629Z,rollout_generate,22.185
2026-09-15T23:21:48.162305631Z,rollout_generate,25.031
2026-09-15T23:21:48.944697013Z,rollout_generate,34.33
2026-09-15T23:21:49.076470910Z,rollout_generate,36.824
2026-09-15T23:21:49.088377250Z,rollout_generate,107.279
2026-09-15T23:21:49.208816287Z,rollout_generate,51.522
2026-09-15T23:21:49.999904609Z,rollout_generate,37.356
2026-09-15T23:21:50.002435429Z,rollout_generate,39.445
2026-09-15T23:21:50.921857619Z,rollout_generate,39.73
2026-09-15T23:21:51.185783153Z,rollout_generate,52.296
2026-09-15T23:21:51.320491959Z,rollout_generate,30.428
2026-09-15T23:21:51.656643292Z,rollout_generate,94.821
2026-09-15T23:21:52.317536047Z,rollout_generate,25.859
2026-09-15T23:21:53.247463886Z,rollout_generate,31.221
2026-09-15T23:21:53.637164957Z,rollout_generate,27.554
2026-09-15T23:21:53.639699157Z,rollout_generate,18.301
2026-09-15T23:21:54.034448848Z,rollout_generate,35.381
2026-09-15T23:21:54.426757029Z,rollout_generate,37.946
2026-09-15T23:21:54.752780992Z,rollout_generate,32.085
2026-09-15T23:21:55.022205926Z,rollout_generate,50.828
2026-09-15T23:21:55.545143184Z,rollout_generate,46.923
2026-09-15T23:21:55.545820674Z,rollout_generate,35.835
2026-09-15T23:21:55.809900858Z,rollout_generate,32.016
2026-09-15T23:21:56.074568522Z,rollout_generate,22.796
2026-09-15T23:21:56.211385079Z,rollout_generate,27.745
2026-09-15T23:21:56.471942193Z,rollout_generate,55.703
2026-09-15T23:21:56.604262010Z,rollout_generate,37.31
2026-09-15T23:21:56.739649177Z,rollout_generate,30.326
2026-09-15T23:21:57.347377434Z,rollout_generate,61.495
2026-09-15T23:21:57.739453074Z,rollout_generate,30.835
2026-09-15T23:21:57.751045544Z,rollout_generate,41.8
2026-09-15T23:21:57.868643331Z,rollout_generate,45.603
2026-09-15T23:21:59.059376995Z,rollout_generate,39.606
2026-09-15T23:21:59.190520432Z,rollout_generate,60.444
2026-09-15T23:21:59.461450556Z,rollout_generate,68.784
2026-09-15T23:21:59.933826875Z,rollout_generate,22.527
2026-09-15T23:22:01.123181538Z,rollout_generate,35.007
2026-09-15T23:22:01.661979436Z,rollout_generate,288.626
2026-09-15T23:22:02.183133834Z,rollout_generate,29.443
2026-09-15T23:22:02.313560891Z,rollout_generate,39.206
2026-09-15T23:22:02.711868972Z,rollout_generate,56.015
2026-09-15T23:22:03.423703216Z,rollout_generate,34.697
2026-09-15T23:22:04.219453678Z,rollout_generate,31.486
2026-09-15T23:22:04.483563442Z,rollout_generate,50.973
2026-09-15T23:22:05.806640352Z,rollout_generate,66.882
2026-09-15T23:22:05.938379509Z,rollout_generate,35.088
2026-09-15T23:22:06.071035006Z,rollout_generate,70.138
2026-09-15T23:22:06.734187721Z,rollout_generate,50.436
2026-09-15T23:22:07.002453335Z,rollout_generate,21.014
2026-09-15T23:22:07.131658562Z,rollout_generate,54.835
2026-09-15T23:22:07.141792642Z,rollout_generate,45.95
2026-09-15T23:22:08.155268809Z,rollout_generate,43.944
2026-09-15T23:22:08.288964566Z,rollout_generate,47.933
2026-09-15T23:22:08.417324913Z,rollout_generate,89.377
2026-09-15T23:22:08.551911890Z,rollout_generate,73.348
2026-09-15T23:22:08.816647824Z,rollout_generate,32.376
2026-09-15T23:22:08.950680792Z,rollout_generate,78.717
2026-09-15T23:22:09.214129946Z,rollout_generate,49.249
2026-09-15T23:22:09.344548492Z,rollout_generate,70.006
2026-09-15T23:22:09.742050203Z,rollout_generate,60.365
2026-09-15T23:22:09.879989990Z,rollout_generate,28.23
2026-09-15T23:22:10.018920627Z,rollout_generate,31.136
2026-09-15T23:22:10.228652412Z,rollout_generate,46.234
2026-09-15T23:22:10.482050457Z,rollout_generate,26.861
2026-09-15T23:22:10.876985278Z,rollout_generate,74.867
2026-09-15T23:22:11.010139455Z,rollout_generate,27.11
2026-09-15T23:22:11.274920059Z,rollout_generate,30.551
2026-09-15T23:22:11.802419627Z,rollout_generate,66.176
2026-09-15T23:22:12.394645823Z,rollout_generate,18.38
2026-09-15T23:22:12.401560213Z,rollout_generate,95.157
2026-09-15T23:22:13.188840556Z,rollout_generate,76.81
2026-09-15T23:22:13.190747096Z,rollout_generate,21.469
2026-09-15T23:22:13.586447527Z,rollout_generate,23.262
2026-09-15T23:22:13.586873927Z,rollout_generate,51.079
2026-09-15T23:22:13.715272074Z,rollout_generate,33.497
2026-09-15T23:22:14.644021353Z,rollout_generate,29.58
2026-09-15T23:22:15.174767261Z,rollout_generate,25.644
2026-09-15T23:22:15.578445162Z,rollout_generate,17.822
2026-09-15T23:22:16.725728986Z,rollout_generate,47.3
2026-09-15T23:22:16.860677833Z,rollout_generate,52.147
2026-09-15T23:22:17.124388727Z,rollout_generate,34.415
2026-09-15T23:22:17.384122881Z,rollout_generate,29.533
2026-09-15T23:22:17.782525392Z,rollout_generate,40.758
2026-09-15T23:22:18.318750340Z,rollout_generate,46.382
2026-09-15T23:22:18.575488474Z,rollout_generate,57.827
2026-09-15T23:22:18.709077741Z,rollout_generate,24.749
2026-09-15T23:22:18.718061321Z,rollout_generate,22.219
2026-09-15T23:22:19.433451755Z,rollout_generate,78.286
2026-09-15T23:22:19.442361464Z,rollout_generate,36.563
2026-09-15T23:22:19.698369769Z,rollout_generate,57.842
2026-09-15T23:22:20.231596746Z,rollout_generate,43.371
2026-09-15T23:22:20.631514688Z,rollout_generate,113.618
2026-09-15T23:22:21.554238587Z,rollout_generate,70.323
2026-09-15T23:22:21.685335044Z,rollout_generate,32.437
2026-09-15T23:22:22.463524956Z,rollout_generate,70.11
2026-09-15T23:22:22.579807213Z,rollout_generate,27.531
2026-09-15T23:22:22.978267655Z,rollout_generate,15.633
2026-09-15T23:22:23.645915380Z,rollout_generate,30.119
2026-09-15T23:22:24.045250140Z,rollout_generate,45.104
2026-09-15T23:22:24.573236668Z,rollout_generate,30.236
2026-09-15T23:22:24.705136056Z,rollout_generate,35.309
2026-09-15T23:22:24.834695762Z,rollout_generate,37.622
2026-09-15T23:22:24.841375753Z,rollout_generate,21.067
2026-09-15T23:22:24.969357219Z,rollout_generate,26.902
2026-09-15T23:22:25.102769947Z,rollout_generate,71.198
2026-09-15T23:22:25.231568013Z,rollout_generate,62.157
2026-09-15T23:22:25.238140673Z,rollout_generate,51.256
2026-09-15T23:22:25.345878991Z,rollout_generate,36.894
2026-09-15T23:22:25.997468376Z,rollout_generate,35.667
2026-09-15T23:22:26.126989293Z,rollout_generate,29.194
2026-09-15T23:22:26.258725870Z,rollout_generate,48.814
2026-09-15T23:22:26.657897521Z,rollout_generate,54.041
2026-09-15T23:22:26.788721318Z,rollout_generate,24.292
2026-09-15T23:22:26.797144228Z,rollout_generate,21.99
2026-09-15T23:22:27.844037054Z,rollout_generate,26.238
2026-09-15T23:22:28.636807897Z,rollout_generate,75.853
2026-09-15T23:22:28.642650487Z,rollout_generate,17.622
2026-09-15T23:22:28.770011574Z,rollout_generate,31.652
2026-09-15T23:22:28.901149331Z,rollout_generate,65.443
2026-09-15T23:22:29.946037527Z,rollout_generate,31.925
2026-09-15T23:22:30.077927574Z,rollout_generate,79.404
2026-09-15T23:22:30.480010975Z,rollout_generate,94.742
2026-09-15T23:22:30.743222799Z,rollout_generate,63.877
2026-09-15T23:22:32.186297636Z,rollout_generate,31.932
2026-09-15T23:22:32.188123636Z,rollout_generate,19.483
2026-09-15T23:22:32.319801693Z,rollout_generate,36.336
2026-09-15T23:22:33.512158686Z,rollout_generate,91.213
2026-09-15T23:22:33.909079377Z,rollout_generate,37.286
2026-09-15T23:22:34.782558978Z,rollout_generate,19.2
2026-09-15T23:22:35.040774762Z,rollout_generate,89.003
2026-09-15T23:22:35.569545880Z,rollout_generate,109.832
2026-09-15T23:22:35.839620114Z,rollout_generate,69.626
2026-09-15T23:22:36.361490812Z,rollout_generate,33.716
2026-09-15T23:22:36.625741616Z,rollout_generate,25.884
2026-09-15T23:22:37.289416331Z,rollout_generate,26.963
2026-09-15T23:22:37.557944235Z,rollout_generate,55.378
2026-09-15T23:22:37.946807986Z,rollout_generate,30.879
2026-09-15T23:22:38.342549937Z,rollout_generate,81.347
2026-09-15T23:22:39.757792566Z,rollout_generate,48.246
2026-09-15T23:22:40.285405054Z,rollout_generate,51.018
2026-09-15T23:22:43.063794481Z,rollout_generate,38.558
2026-09-15T23:22:43.066029561Z,rollout_generate,31.121
2026-09-15T23:22:43.076694421Z,rollout_generate,35.489
2026-09-15T23:22:43.859602893Z,rollout_generate,35.121
2026-09-15T23:22:44.121172637Z,rollout_generate,22.238
2026-09-15T23:22:44.664716325Z,rollout_generate,36.197
2026-09-15T23:22:44.893464840Z,rollout_generate,22.01
2026-09-15T23:22:45.026058197Z,rollout_generate,45.206
2026-09-15T23:22:45.288732401Z,rollout_generate,27.881
2026-09-15T23:22:45.950462516Z,rollout_generate,26.935
2026-09-15T23:22:45.952671786Z,rollout_generate,53.347
2026-09-15T23:22:45.957927376Z,rollout_generate,37.261
2026-09-15T23:22:46.216935510Z,rollout_generate,36.042
2026-09-15T23:22:46.495542113Z,rollout_generate,23.354
2026-09-15T23:22:47.231457277Z,rollout_generate,50.857
2026-09-15T23:22:47.760992055Z,rollout_generate,52.436
2026-09-15T23:22:47.890126052Z,rollout_generate,23.508
2026-09-15T23:22:49.084653555Z,rollout_generate,22.636
2026-09-15T23:22:49.216869912Z,rollout_generate,35.275
2026-09-15T23:22:49.349519269Z,rollout_generate,73.812
2026-09-15T23:22:49.744054060Z,rollout_generate,57.769
2026-09-15T23:22:50.273162578Z,rollout_generate,44.183
2026-09-15T23:22:50.535742682Z,rollout_generate,62.701
2026-09-15T23:22:51.189554318Z,rollout_generate,25.936
2026-09-15T23:22:52.115949886Z,rollout_generate,65.297
2026-09-15T23:22:52.380187531Z,rollout_generate,73.056
2026-09-15T23:22:52.382268291Z,rollout_generate,22.135
2026-09-15T23:22:53.439421696Z,rollout_generate,35.358
2026-09-15T23:22:53.567467244Z,rollout_generate,21.04
2026-09-15T23:22:53.700167971Z,rollout_generate,27.113
2026-09-15T23:22:53.705346291Z,rollout_generate,75.963
2026-09-15T23:22:53.834131788Z,rollout_generate,78.417
2026-09-15T23:22:54.308608987Z,rollout_generate,39.362
2026-09-15T23:22:55.764168734Z,rollout_generate,56.276
2026-09-15T23:22:56.425956209Z,rollout_generate,99.162
2026-09-15T23:22:56.685429343Z,rollout_generate,31.112
2026-09-15T23:22:56.827656620Z,rollout_generate,21.677
2026-09-15T23:22:57.084394234Z,rollout_generate,54.223
2026-09-15T23:22:57.611643882Z,rollout_generate,37.862
2026-09-15T23:22:58.006827224Z,rollout_generate,19.759
2026-09-15T23:22:58.137339901Z,rollout_generate,29.068
2026-09-15T23:22:58.625090510Z,rollout_generate,62.517
2026-09-15T23:22:58.631793989Z,rollout_generate,30.444
2026-09-15T23:22:59.285419815Z,rollout_generate,48.729
2026-09-15T23:22:59.680069486Z,rollout_generate,16.456
2026-09-15T23:22:59.947091960Z,rollout_generate,32.8
2026-09-15T23:23:00.345252691Z,rollout_generate,31.15
2026-09-15T23:23:00.476807148Z,rollout_generate,43.601
2026-09-15T23:23:00.749624991Z,rollout_generate,23.835
2026-09-15T23:23:01.116578103Z,rollout_generate,45.623
2026-09-15T23:23:01.250758910Z,rollout_generate,70.027
2026-09-15T23:23:02.837264664Z,rollout_generate,25.268
2026-09-15T23:23:03.497649789Z,rollout_generate,37.73
2026-09-15T23:23:03.501582339Z,rollout_generate,64.067
2026-09-15T23:23:04.511686357Z,rollout_generate,53.087
2026-09-15T23:23:05.304993529Z,rollout_generate,69.448
2026-09-15T23:23:05.702134950Z,rollout_generate,48.173
2026-09-15T23:23:05.831882427Z,rollout_generate,40.841
2026-09-15T23:23:05.832889267Z,rollout_generate,25.243
2026-09-15T23:23:06.228432308Z,rollout_generate,29.525
2026-09-15T23:23:07.153507677Z,rollout_generate,20.839
2026-09-15T23:23:07.417694461Z,rollout_generate,57.9
2026-09-15T23:23:07.681899455Z,rollout_generate,42.095
2026-09-15T23:23:09.001651615Z,rollout_generate,33.101
2026-09-15T23:23:09.261316189Z,rollout_generate,36.719
2026-09-15T23:23:09.789004018Z,rollout_generate,22.428
2026-09-15T23:23:10.053044132Z,rollout_generate,23.799
2026-09-15T23:23:10.055780531Z,rollout_generate,34.704
2026-09-15T23:23:10.316921246Z,rollout_generate,34.589
2026-09-15T23:23:10.581177409Z,rollout_generate,30.531
2026-09-15T23:23:10.714277846Z,rollout_generate,36.663
2026-09-15T23:23:10.845758414Z,rollout_generate,50.315
2026-09-15T23:23:12.122028565Z,rollout_generate,59.434
2026-09-15T23:23:13.315975688Z,rollout_generate,16.542
2026-09-15T23:23:13.327356858Z,rollout_generate,100.884
2026-09-15T23:23:13.449335215Z,rollout_generate,54.713
2026-09-15T23:23:13.581766022Z,rollout_generate,27.197
2026-09-15T23:23:13.843729286Z,rollout_generate,64.715
2026-09-15T23:23:13.981034643Z,rollout_generate,20.032
2026-09-15T23:23:14.765810145Z,rollout_generate,49.456
2026-09-15T23:23:15.031614969Z,rollout_generate,25.667
2026-09-15T23:23:16.181584953Z,rollout_generate,28.109
2026-09-15T23:23:16.710683801Z,rollout_generate,81.987
2026-09-15T23:23:17.237518859Z,rollout_generate,58.771
2026-09-15T23:23:17.767663807Z,rollout_generate,52.737
2026-09-15T23:23:18.294567095Z,rollout_generate,67.109
2026-09-15T23:23:18.426753952Z,rollout_generate,104.891
2026-09-15T23:23:19.618395595Z,rollout_generate,57.01
2026-09-15T23:23:19.876582530Z,rollout_generate,16.37
2026-09-15T23:23:20.020980526Z,rollout_generate,27.311
2026-09-15T23:23:20.231623682Z,rollout_generate,70.593
2026-09-15T23:23:20.361966389Z,rollout_generate,51.256
2026-09-15T23:23:20.496038556Z,rollout_generate,35.326
2026-09-15T23:23:20.501902656Z,rollout_generate,30.466
2026-09-15T23:23:20.760452610Z,rollout_generate,21.525
2026-09-15T23:23:21.154990761Z,rollout_generate,64.147
2026-09-15T23:23:21.421847635Z,rollout_generate,38.026
2026-09-15T23:23:21.684917819Z,rollout_generate,22.076
2026-09-15T23:23:21.817637896Z,rollout_generate,20.787
2026-09-15T23:23:23.227080694Z,rollout_generate,36.985
2026-09-15T23:23:23.238735914Z,rollout_generate,25.271
2026-09-15T23:23:24.018871976Z,rollout_generate,38.434
2026-09-15T23:23:24.546679614Z,rollout_generate,26.115
2026-09-15T23:23:25.606579870Z,rollout_generate,71.872
2026-09-15T23:23:25.871229354Z,rollout_generate,32.08
2026-09-15T23:23:26.001870951Z,rollout_generate,29.944
2026-09-15T23:23:26.004651901Z,rollout_generate,41.866
2026-09-15T23:23:26.893687511Z,rollout_generate,32.293
2026-09-15T23:23:27.158021675Z,rollout_generate,42.19
2026-09-15T23:23:27.289304852Z,rollout_generate,60.301
2026-09-15T23:23:27.421853399Z,rollout_generate,21.445
2026-09-15T23:23:28.217780911Z,rollout_generate,297.19
2026-09-15T23:23:28.477872545Z,rollout_generate,21.922
2026-09-15T23:23:28.743484159Z,rollout_generate,64.786
2026-09-15T23:23:28.874333156Z,rollout_generate,18.398
2026-09-15T23:23:31.194448284Z,rollout_generate,20.812
2026-09-15T23:23:32.254763660Z,rollout_generate,94.612
2026-09-15T23:23:32.519306134Z,rollout_generate,42.102
2026-09-15T23:23:32.912347685Z,rollout_generate,83.017
2026-09-15T23:23:33.440238053Z,rollout_generate,19.161
2026-09-15T23:23:33.574249290Z,rollout_generate,36.433
2026-09-15T23:23:33.972557281Z,rollout_generate,163.386
2026-09-15T23:23:34.231951465Z,rollout_generate,33.401
2026-09-15T23:23:35.153711694Z,rollout_generate,108.497
2026-09-15T23:23:35.282932512Z,rollout_generate,61.632
2026-09-15T23:23:35.698595742Z,rollout_generate,50.5
2026-09-15T23:23:36.234945500Z,rollout_generate,19.211
2026-09-15T23:23:36.765480198Z,rollout_generate,89.278
2026-09-15T23:23:37.425916373Z,rollout_generate,35.872
2026-09-15T23:23:38.747449863Z,rollout_generate,25.023
2026-09-15T23:23:39.014445618Z,rollout_generate,28.552
2026-09-15T23:23:39.807052920Z,rollout_generate,21.747
2026-09-15T23:23:39.809997829Z,rollout_generate,36.69
2026-09-15T23:23:39.937735737Z,rollout_generate,30.614
2026-09-15T23:23:40.069579954Z,rollout_generate,24.953
2026-09-15T23:23:40.858400796Z,rollout_generate,56.419
2026-09-15T23:23:43.506872626Z,rollout_generate,52.026
2026-09-15T23:23:43.902794537Z,rollout_generate,77.153
2026-09-15T23:23:45.345644434Z,rollout_generate,55.955
2026-09-15T23:23:45.355925704Z,rollout_generate,85.769
2026-09-15T23:23:46.389953231Z,rollout_generate,45.613
2026-09-15T23:23:46.521348838Z,rollout_generate,53.364
2026-09-15T23:23:46.780903382Z,rollout_generate,38.655
2026-09-15T23:23:47.103718305Z,rollout_generate,74.469
2026-09-15T23:23:47.371606409Z,rollout_generate,87.525
2026-09-15T23:23:48.819250766Z,rollout_generate,63.639
2026-09-15T23:23:49.882556562Z,rollout_generate,23.68
2026-09-15T23:23:50.012709949Z,rollout_generate,51.051
2026-09-15T23:23:50.279403403Z,rollout_generate,79.897
2026-09-15T23:23:50.411324560Z,rollout_generate,39.255
2026-09-15T23:23:51.201036012Z,rollout_generate,29.633
2026-09-15T23:23:51.465128046Z,rollout_generate,84.472
2026-09-15T23:23:53.297396705Z,rollout_generate,54.807
2026-09-15T23:23:53.562958889Z,rollout_generate,42.677
2026-09-15T23:23:53.566014379Z,rollout_generate,33.404
2026-09-15T23:23:54.885510369Z,rollout_generate,27.184
2026-09-15T23:23:55.552819594Z,rollout_generate,156.537
2026-09-15T23:23:55.938791865Z,rollout_generate,35.301
2026-09-15T23:23:56.071566602Z,rollout_generate,39.587
2026-09-15T23:23:56.199957779Z,rollout_generate,55.65
2026-09-15T23:23:56.462827853Z,rollout_generate,24.971
2026-09-15T23:23:56.720726167Z,rollout_generate,35.615
2026-09-15T23:23:56.853786315Z,rollout_generate,30.695
2026-09-15T23:23:58.338486071Z,rollout_generate,52.197
2026-09-15T23:23:58.469484238Z,rollout_generate,71.667
2026-09-15T23:23:59.132103013Z,rollout_generate,18.749
2026-09-15T23:23:59.660820471Z,rollout_generate,81.154
2026-09-15T23:23:59.922653185Z,rollout_generate,39.191
2026-09-15T23:24:00.452116993Z,rollout_generate,50.876
2026-09-15T23:24:00.713734007Z,rollout_generate,52.969
2026-09-15T23:24:00.844544104Z,rollout_generate,36.525
2026-09-15T23:24:01.106453548Z,rollout_generate,22.063
2026-09-15T23:24:01.795446353Z,rollout_generate,63.475
2026-09-15T23:24:01.932995690Z,rollout_generate,297.134
2026-09-15T23:24:02.326506541Z,rollout_generate,40.183
2026-09-15T23:24:02.719255112Z,rollout_generate,38.166
2026-09-15T23:24:02.723762682Z,rollout_generate,120.692
2026-09-15T23:24:02.985353266Z,rollout_generate,29.221
2026-09-15T23:24:03.779859398Z,rollout_generate,66.748
2026-09-15T23:24:03.788519888Z,rollout_generate,48.464
2026-09-15T23:24:03.912389235Z,rollout_generate,40.387
2026-09-15T23:24:04.561691090Z,rollout_generate,40.939
2026-09-15T23:24:05.090610558Z,rollout_generate,23.888
2026-09-15T23:24:06.542723646Z,rollout_generate,43.543
2026-09-15T23:24:06.938914527Z,rollout_generate,96.309
2026-09-15T23:24:07.070879264Z,rollout_generate,108.039
2026-09-15T23:24:07.730111329Z,rollout_generate,70.856
2026-09-15T23:24:08.126254780Z,rollout_generate,73.965
2026-09-15T23:24:08.389534814Z,rollout_generate,33.055
2026-09-15T23:24:08.395315884Z,rollout_generate,57.534
2026-09-15T23:24:08.397047474Z,rollout_generate,55.986
2026-09-15T23:24:08.520967841Z,rollout_generate,58.444
2026-09-15T23:24:08.650025678Z,rollout_generate,34.308
2026-09-15T23:24:09.098847928Z,rollout_generate,51.727
2026-09-15T23:24:09.225598015Z,rollout_generate,28.817
2026-09-15T23:24:09.748836473Z,rollout_generate,49.984
2026-09-15T23:24:10.681411532Z,rollout_generate,34.587
2026-09-15T23:24:11.206139951Z,rollout_generate,70.477
2026-09-15T23:24:12.132155919Z,rollout_generate,34.373
2026-09-15T23:24:12.263737227Z,rollout_generate,22.049
2026-09-15T23:24:12.265597876Z,rollout_generate,15.499
2026-09-15T23:24:12.920546232Z,rollout_generate,33.613
2026-09-15T23:24:13.052402059Z,rollout_generate,43.993
2026-09-15T23:24:13.183680056Z,rollout_generate,40.525
2026-09-15T23:24:14.070152376Z,rollout_generate,39.85
2026-09-15T23:24:15.918039504Z,rollout_generate,108.738
2026-09-15T23:24:17.897640099Z,rollout_generate,72.284
2026-09-15T23:24:18.159851663Z,rollout_generate,26.681
2026-09-15T23:24:18.555973925Z,rollout_generate,84.649
2026-09-15T23:24:19.085351382Z,rollout_generate,17.807
2026-09-15T23:24:19.621878670Z,rollout_generate,291.801
2026-09-15T23:24:19.747031947Z,rollout_generate,32.333
2026-09-15T23:24:19.877078984Z,rollout_generate,16.879
2026-09-15T23:24:20.799820514Z,rollout_generate,13.96
2026-09-15T23:24:20.801843054Z,rollout_generate,35.151
2026-09-15T23:24:21.061692518Z,rollout_generate,24.426
2026-09-15T23:24:22.483634046Z,rollout_generate,19.339
2026-09-15T23:24:23.009357114Z,rollout_generate,29.433
2026-09-15T23:24:25.456476689Z,rollout_generate,28.38
2026-09-15T23:24:25.458597198Z,rollout_generate,49.432
2026-09-15T23:24:25.721018513Z,rollout_generate,29.345
2026-09-15T23:24:26.895251966Z,rollout_generate,66.361
2026-09-15T23:24:26.899080686Z,rollout_generate,86.876
2026-09-15T23:24:27.996857881Z,rollout_generate,95.578
2026-09-15T23:24:28.520712789Z,rollout_generate,25.786
2026-09-15T23:24:28.916503320Z,rollout_generate,60.11
2026-09-15T23:24:29.576572245Z,rollout_generate,61.997
2026-09-15T23:24:29.838072690Z,rollout_generate,24.421
2026-09-15T23:24:30.100674984Z,rollout_generate,69.774
2026-09-15T23:24:30.495547795Z,rollout_generate,35.46
2026-09-15T23:24:30.499985225Z,rollout_generate,43.229
2026-09-15T23:24:30.626897372Z,rollout_generate,34.54
2026-09-15T23:24:30.891668806Z,rollout_generate,62.823
2026-09-15T23:24:32.286531524Z,rollout_generate,75.293
2026-09-15T23:24:32.287721834Z,rollout_generate,22.712
2026-09-15T23:24:32.682272315Z,rollout_generate,30.042
2026-09-15T23:24:33.339523271Z,rollout_generate,24.911
2026-09-15T23:24:33.473486717Z,rollout_generate,46.925
2026-09-15T23:24:34.525866384Z,rollout_generate,35.878
2026-09-15T23:24:34.659718491Z,rollout_generate,47.788
2026-09-15T23:24:34.922443555Z,rollout_generate,16.448
2026-09-15T23:24:35.611542659Z,rollout_generate,34.871
2026-09-15T23:24:37.326929821Z,rollout_generate,91.194
2026-09-15T23:24:37.854790549Z,rollout_generate,57.736
2026-09-15T23:24:38.118357633Z,rollout_generate,96.678
2026-09-15T23:24:38.511952534Z,rollout_generate,18.358
2026-09-15T23:24:40.089661448Z,rollout_generate,27.507
2026-09-15T23:24:41.010775797Z,rollout_generate,43.964
2026-09-15T23:24:42.443567405Z,rollout_generate,37.582
2026-09-15T23:24:43.104217460Z,rollout_generate,20.242
2026-09-15T23:24:43.763381505Z,rollout_generate,24.326
2026-09-15T23:24:44.558622837Z,rollout_generate,31.944
2026-09-15T23:24:44.821163401Z,rollout_generate,36.094
2026-09-15T23:24:45.478593836Z,rollout_generate,45.194
2026-09-15T23:24:46.913599314Z,rollout_generate,85.959
2026-09-15T23:24:47.303485845Z,rollout_generate,70.759
2026-09-15T23:24:47.436636822Z,rollout_generate,18.588
2026-09-15T23:24:47.694514866Z,rollout_generate,57.024
2026-09-15T23:24:47.839994353Z,rollout_generate,22.031
2026-09-15T23:24:47.843601183Z,rollout_generate,39.123
2026-09-15T23:24:48.401089750Z,rollout_generate,20.981
2026-09-15T23:24:49.453916586Z,rollout_generate,26.437
2026-09-15T23:24:49.849762347Z,rollout_generate,59.533
2026-09-15T23:24:49.851789887Z,rollout_generate,28.372
2026-09-15T23:24:50.246215238Z,rollout_generate,41.454
2026-09-15T23:24:50.769525106Z,rollout_generate,56.917
2026-09-15T23:24:53.531767114Z,rollout_generate,43.634
2026-09-15T23:24:54.186148639Z,rollout_generate,34.128
2026-09-15T23:24:54.447788303Z,rollout_generate,53.301
2026-09-15T23:24:55.430376731Z,rollout_generate,56.816
2026-09-15T23:24:58.063597711Z,rollout_generate,45.634
2026-09-15T23:24:58.193518868Z,rollout_generate,37.045
2026-09-15T23:24:58.195996148Z,rollout_generate,89.166
2026-09-15T23:24:58.588626239Z,rollout_generate,32.551
2026-09-15T23:24:58.851909143Z,rollout_generate,28.405
2026-09-15T23:24:59.505934338Z,rollout_generate,47.98
2026-09-15T23:25:01.355873486Z,rollout_generate,32.105
2026-09-15T23:25:01.361522516Z,rollout_generate,47.002
2026-09-15T23:25:01.622339810Z,rollout_generate,57.69
2026-09-15T23:25:02.420854342Z,rollout_generate,85.339
2026-09-15T23:25:03.738168352Z,rollout_generate,24.889
2026-09-15T23:25:03.868168609Z,rollout_generate,30.879
2026-09-15T23:25:03.871666829Z,rollout_generate,31.094
2026-09-15T23:25:05.182166850Z,rollout_generate,56.186
2026-09-15T23:25:05.440965273Z,rollout_generate,52.099
2026-09-15T23:25:05.446023753Z,rollout_generate,15.66
2026-09-15T23:25:05.453497913Z,rollout_generate,56.215
2026-09-15T23:25:05.975064421Z,rollout_generate,85.834
2026-09-15T23:25:06.679873505Z,rollout_generate,22.594
2026-09-15T23:25:06.811770742Z,rollout_generate,108.243
2026-09-15T23:25:06.942687119Z,rollout_generate,39.738
2026-09-15T23:25:07.600329555Z,rollout_generate,66.578
2026-09-15T23:25:07.995948046Z,rollout_generate,27.574
2026-09-15T23:25:09.047959462Z,rollout_generate,36.402
2026-09-15T23:25:09.052933831Z,rollout_generate,78.47
2026-09-15T23:25:10.101954998Z,rollout_generate,102.664
2026-09-15T23:25:10.362553642Z,rollout_generate,61.697
2026-09-15T23:25:10.368908492Z,rollout_generate,26.94
2026-09-15T23:25:11.017648607Z,rollout_generate,63.611
2026-09-15T23:25:11.144603604Z,rollout_generate,85.651
2026-09-15T23:25:11.276367961Z,rollout_generate,35.516
2026-09-15T23:25:12.120405072Z,rollout_generate,71.829
2026-09-15T23:25:12.381651936Z,rollout_generate,24.761
2026-09-15T23:25:12.512927713Z,rollout_generate,46.702
2026-09-15T23:25:13.829410863Z,rollout_generate,37.923
2026-09-15T23:25:18.419121219Z,rollout_generate,28.15
2026-09-15T23:25:19.333796368Z,rollout_generate,44.34
2026-09-15T23:25:20.244430098Z,rollout_generate,39.085
2026-09-15T23:25:20.645593999Z,rollout_generate,50.004
2026-09-15T23:25:20.967778241Z,rollout_generate,22.59
2026-09-15T23:25:21.230706135Z,rollout_generate,47.19
2026-09-15T23:25:21.232747585Z,rollout_generate,19.503
2026-09-15T23:25:21.235998265Z,rollout_generate,148.398
2026-09-15T23:25:23.334182907Z,rollout_generate,74.714
2026-09-15T23:25:23.341991347Z,rollout_generate,24.741
2026-09-15T23:25:23.598688221Z,rollout_generate,24.71
2026-09-15T23:25:24.125843990Z,rollout_generate,36.681
2026-09-15T23:25:24.258059667Z,rollout_generate,136.798
2026-09-15T23:25:24.389914004Z,rollout_generate,46.13
2026-09-15T23:25:25.197344635Z,rollout_generate,47.043
2026-09-15T23:25:25.858323620Z,rollout_generate,21.574
2026-09-15T23:25:26.253268521Z,rollout_generate,132.1
2026-09-15T23:25:26.924629586Z,rollout_generate,24.96
2026-09-15T23:25:27.047715493Z,rollout_generate,73.624
2026-09-15T23:25:27.050098793Z,rollout_generate,19.961
2026-09-15T23:25:27.704977408Z,rollout_generate,41.875
2026-09-15T23:25:27.969021422Z,rollout_generate,83.847
2026-09-15T23:25:29.024110398Z,rollout_generate,40.864
2026-09-15T23:25:29.153002086Z,rollout_generate,40.611
2026-09-15T23:25:29.284977223Z,rollout_generate,58.474
2026-09-15T23:25:29.808463051Z,rollout_generate,34.23
2026-09-15T23:25:30.066751985Z,rollout_generate,24.288
2026-09-15T23:25:30.199874332Z,rollout_generate,55.347
2026-09-15T23:25:30.747509319Z,rollout_generate,25.163
2026-09-15T23:25:31.667172358Z,rollout_generate,27.438
2026-09-15T23:25:32.846186242Z,rollout_generate,62.963
2026-09-15T23:25:33.767002821Z,rollout_generate,22.346
2026-09-15T23:25:34.681685860Z,rollout_generate,39.922
2026-09-15T23:25:34.813557207Z,rollout_generate,74.887
2026-09-15T23:25:35.072752031Z,rollout_generate,63.464
2026-09-15T23:25:35.984621951Z,rollout_generate,27.635
2026-09-15T23:25:36.956022129Z,rollout_generate,92.725
2026-09-15T23:25:38.400867156Z,rollout_generate,91.313
2026-09-15T23:25:38.668339860Z,rollout_generate,27.309
2026-09-15T23:25:39.058704091Z,rollout_generate,26.381
2026-09-15T23:25:39.321817995Z,rollout_generate,123.895
2026-09-15T23:25:40.374359821Z,rollout_generate,19.554
2026-09-15T23:25:41.683234231Z,rollout_generate,71.269
2026-09-15T23:25:42.463997253Z,rollout_generate,42.669
2026-09-15T23:25:43.378021013Z,rollout_generate,22.124
2026-09-15T23:25:45.657058481Z,rollout_generate,33.189
2026-09-15T23:25:45.788701558Z,rollout_generate,55.631
2026-09-15T23:25:47.105091988Z,rollout_generate,62.231
2026-09-15T23:25:47.499741179Z,rollout_generate,86.378
2026-09-15T23:25:49.075287074Z,rollout_generate,30.229
2026-09-15T23:25:49.725753209Z,rollout_generate,54.908
2026-09-15T23:25:49.727519708Z,rollout_generate,25.597
2026-09-15T23:25:49.985812133Z,rollout_generate,126.167
2026-09-15T23:25:50.503222821Z,rollout_generate,24.319
2026-09-15T23:25:52.582544044Z,rollout_generate,69.845
2026-09-15T23:25:54.077917450Z,rollout_generate,59.59
2026-09-15T23:25:55.784321751Z,rollout_generate,23.659
2026-09-15T23:25:55.915974878Z,rollout_generate,82.302
2026-09-15T23:25:58.137999118Z,rollout_generate,33.734
2026-09-15T23:25:58.790915403Z,rollout_generate,59.631
2026-09-15T23:25:59.573427325Z,rollout_generate,39.183
2026-09-15T23:25:59.834800949Z,rollout_generate,82.314
2026-09-15T23:26:00.486580784Z,rollout_generate,38.919
2026-09-15T23:26:00.880675766Z,rollout_generate,50.181
2026-09-15T23:26:01.657533698Z,rollout_generate,108.431
2026-09-15T23:26:01.915878762Z,rollout_generate,68.245
2026-09-15T23:26:02.558833337Z,rollout_generate,18.898
2026-09-15T23:26:02.562915657Z,rollout_generate,42.893
2026-09-15T23:26:03.536310425Z,rollout_generate,42.136
2026-09-15T23:26:04.319508087Z,rollout_generate,51.498
2026-09-15T23:26:04.711479928Z,rollout_generate,76.694
2026-09-15T23:26:04.841374836Z,rollout_generate,28.517
2026-09-15T23:26:04.970384963Z,rollout_generate,37.713
2026-09-15T23:26:06.151679086Z,rollout_generate,130.113
2026-09-15T23:26:06.937662648Z,rollout_generate,65.213
2026-09-15T23:26:07.196378392Z,rollout_generate,39.827
2026-09-15T23:26:07.981246084Z,rollout_generate,63.776
2026-09-15T23:26:07.983756974Z,rollout_generate,33.895
2026-09-15T23:26:09.319468864Z,rollout_generate,30.329
2026-09-15T23:26:12.337458826Z,rollout_generate,121.352
2026-09-15T23:26:12.733453426Z,rollout_generate,21.916
2026-09-15T23:26:13.389947651Z,rollout_generate,297.158
2026-09-15T23:26:14.553972095Z,rollout_generate,67.72
2026-09-15T23:26:14.814327219Z,rollout_generate,24.746
2026-09-15T23:26:15.850724776Z,rollout_generate,90.723
2026-09-15T23:26:16.106108070Z,rollout_generate,52.381
2026-09-15T23:26:16.236175667Z,rollout_generate,30.25
2026-09-15T23:26:17.656820775Z,rollout_generate,35.636
2026-09-15T23:26:19.587429431Z,rollout_generate,23.464
2026-09-15T23:26:20.103856589Z,rollout_generate,21.801
2026-09-15T23:26:20.575228059Z,rollout_generate,50.495
2026-09-15T23:26:20.706795576Z,rollout_generate,74.78
2026-09-15T23:26:21.487282758Z,rollout_generate,56.18
2026-09-15T23:26:22.400867537Z,rollout_generate,53.066
2026-09-15T23:26:24.492675080Z,rollout_generate,34.461
2026-09-15T23:26:24.622970977Z,rollout_generate,49.649
2026-09-15T23:26:26.844043996Z,rollout_generate,44.082
2026-09-15T23:26:26.974529214Z,rollout_generate,134.533
2026-09-15T23:26:29.557937915Z,rollout_generate,21.934
2026-09-15T23:26:30.245821569Z,rollout_generate,27.39
2026-09-15T23:26:30.635242540Z,rollout_generate,29.617
2026-09-15T23:26:31.026834171Z,rollout_generate,76.89
2026-09-15T23:26:31.548093730Z,rollout_generate,27.706
2026-09-15T23:26:31.807997474Z,rollout_generate,32.092
2026-09-15T23:26:33.380489858Z,rollout_generate,63.276
2026-09-15T23:26:34.554006062Z,rollout_generate,61.562
2026-09-15T23:26:35.587312098Z,rollout_generate,47.948
2026-09-15T23:26:37.006647526Z,rollout_generate,29.011
2026-09-15T23:26:37.134292063Z,rollout_generate,56.619
2026-09-15T23:26:37.265904790Z,rollout_generate,67.838
2026-09-15T23:26:37.780647118Z,rollout_generate,59.56
2026-09-15T23:26:38.299145246Z,rollout_generate,88.969
2026-09-15T23:26:38.555106381Z,rollout_generate,60.001
2026-09-15T23:26:40.092984686Z,rollout_generate,25.395
2026-09-15T23:26:41.269752089Z,rollout_generate,28.226
2026-09-15T23:26:41.665781390Z,rollout_generate,24.435
2026-09-15T23:26:41.796678297Z,rollout_generate,36.637
2026-09-15T23:26:42.977979060Z,rollout_generate,53.58
2026-09-15T23:26:43.635579275Z,rollout_generate,13.933
2026-09-15T23:26:44.027723687Z,rollout_generate,80.16
2026-09-15T23:26:45.062635883Z,rollout_generate,69.638
2026-09-15T23:26:46.356357214Z,rollout_generate,43.463
2026-09-15T23:26:47.872647059Z,rollout_generate,20.718
2026-09-15T23:26:48.922160465Z,rollout_generate,40.642
2026-09-15T23:26:49.969399412Z,rollout_generate,79.441
2026-09-15T23:26:50.493812500Z,rollout_generate,25.683
2026-09-15T23:26:51.672100903Z,rollout_generate,85.102
2026-09-15T23:26:52.719454829Z,rollout_generate,65.303
2026-09-15T23:26:53.763500115Z,rollout_generate,35.769
2026-09-15T23:26:58.448757369Z,rollout_generate,48.797
2026-09-15T23:26:59.484139126Z,rollout_generate,80.136
2026-09-15T23:27:00.520673722Z,rollout_generate,67.646
2026-09-15T23:27:01.297950004Z,rollout_generate,38.594
2026-09-15T23:27:01.941704290Z,rollout_generate,41.064
2026-09-15T23:27:03.444935276Z,rollout_generate,23.002
2026-09-15T23:27:04.227791758Z,rollout_generate,44.193
2026-09-15T23:27:06.979846106Z,rollout_generate,36.207
2026-09-15T23:27:10.483921046Z,rollout_generate,33.471
2026-09-15T23:27:12.944231930Z,rollout_generate,40.85
2026-09-15T23:27:14.886343656Z,rollout_generate,33.306
2026-09-15T23:27:16.702819265Z,rollout_generate,82.328
2026-09-15T23:27:16.831896132Z,rollout_generate,14.882
2026-09-15T23:27:18.511071974Z,rollout_generate,63.344
2026-09-15T23:27:19.155906490Z,rollout_generate,77.184
2026-09-15T23:27:19.286674536Z,rollout_generate,297.153
2026-09-15T23:27:19.671776088Z,rollout_generate,49.139
2026-09-15T23:27:21.088528975Z,rollout_generate,32.923
2026-09-15T23:27:21.348064320Z,rollout_generate,45.617
2026-09-15T23:27:22.203707030Z,rollout_generate,35.507
2026-09-15T23:27:23.507079801Z,rollout_generate,39.565
2026-09-15T23:27:24.814723791Z,rollout_generate,42.671
2026-09-15T23:27:26.118120352Z,rollout_generate,58.839
2026-09-15T23:27:28.059619707Z,rollout_generate,56.056
2026-09-15T23:27:29.222957171Z,rollout_generate,30.435
2026-09-15T23:27:34.376031904Z,rollout_generate,55.771
2026-09-15T23:27:35.532552938Z,rollout_generate,53.53
2026-09-15T23:27:36.661525122Z,rollout_generate,42.575
2026-09-15T23:27:37.833614836Z,rollout_generate,92.577
2026-09-15T23:27:38.093726550Z,rollout_generate,81.643
2026-09-15T23:27:39.657269894Z,rollout_generate,49.155
2026-09-15T23:27:41.615318420Z,rollout_generate,31.123
2026-09-15T23:27:43.423629599Z,rollout_generate,28.231
2026-09-15T23:27:45.220216588Z,rollout_generate,41.43
2026-09-15T23:27:49.336403614Z,rollout_generate,44.775
2026-09-15T23:27:50.106581737Z,rollout_generate,36.836
2026-09-15T23:27:50.235733254Z,rollout_generate,111.155
2026-09-15T23:27:50.497601058Z,rollout_generate,43.208
2026-09-15T23:27:50.987994147Z,rollout_generate,24.576
2026-09-15T23:27:53.067808470Z,rollout_generate,23.427
2026-09-15T23:27:56.571828861Z,rollout_generate,109.89
2026-09-15T23:27:56.961476132Z,rollout_generate,35.286
2026-09-15T23:27:57.222159156Z,rollout_generate,35.807
2026-09-15T23:28:00.183995019Z,rollout_generate,98.382
2026-09-15T23:28:00.441363822Z,rollout_generate,77.118
2026-09-15T23:28:02.744407200Z,rollout_generate,26.734
2026-09-15T23:28:03.863813855Z,rollout_generate,39.814
2026-09-15T23:28:04.382744773Z,rollout_generate,78.987
2026-09-15T23:28:05.157934775Z,rollout_generate,19.595
2026-09-15T23:28:05.288936583Z,rollout_generate,48.03
2026-09-15T23:28:05.679108994Z,rollout_generate,40.387
2026-09-15T23:28:06.067398685Z,rollout_generate,76.845
2026-09-15T23:28:06.717499020Z,rollout_generate,91.882
2026-09-15T23:28:10.199366071Z,rollout_generate,20.389
2026-09-15T23:28:10.712181220Z,rollout_generate,69.075
2026-09-15T23:28:13.522970826Z,rollout_generate,38.808
2026-09-15T23:28:16.333226862Z,rollout_generate,25.916
2026-09-15T23:28:16.461626279Z,rollout_generate,32.711
2026-09-15T23:28:17.225261022Z,rollout_generate,116.793
2026-09-15T23:28:23.569827618Z,rollout_generate,297.248
2026-09-15T23:28:24.469555507Z,rollout_generate,21.366
2026-09-15T23:28:27.800596122Z,rollout_generate,45.574
2026-09-15T23:28:29.719648928Z,rollout_generate,35.43
2026-09-15T23:28:31.764117352Z,rollout_generate,54.626
2026-09-15T23:28:32.022920496Z,rollout_generate,41.129
2026-09-15T23:28:34.194076327Z,rollout_generate,23.646
2026-09-15T23:28:38.160145217Z,rollout_generate,47.606
2026-09-15T23:28:45.449218181Z,rollout_generate,41.224
2026-09-15T23:28:47.249886600Z,rollout_generate,41.753
2026-09-15T23:28:49.457682240Z,rollout_generate,58.068
2026-09-15T23:28:51.927630144Z,rollout_generate,35.286
2026-09-15T23:28:52.187897588Z,rollout_generate,54.667
2026-09-15T23:28:54.761346660Z,rollout_generate,92.206
2026-09-15T23:28:56.554390919Z,rollout_generate,76.562
2026-09-15T23:29:00.012823271Z,rollout_generate,53.645
2026-09-15T23:29:01.550138976Z,rollout_generate,29.183
2026-09-15T23:29:01.936321757Z,rollout_generate,16.337
2026-09-15T23:29:02.061066624Z,rollout_generate,47.862
2026-09-15T23:29:04.467984280Z,rollout_generate,36.521
2026-09-15T23:29:07.593939299Z,rollout_generate,50.806
2026-09-15T23:29:08.757287122Z,rollout_generate,38.708
2026-09-15T23:29:11.195134107Z,rollout_generate,64.331
2026-09-15T23:29:12.224784594Z,rollout_generate,66.229
2026-09-15T23:29:13.761811079Z,rollout_generate,39.111
2026-09-15T23:29:14.397921594Z,rollout_generate,96.416
2026-09-15T23:29:14.526129701Z,rollout_generate,77.159
2026-09-15T23:29:19.590049166Z,rollout_generate,62.21
2026-09-15T23:29:22.944781161Z,rollout_generate,22.623
2026-09-15T23:29:36.642516390Z,rollout_generate,34.286
2026-09-15T23:29:36.770110607Z,rollout_generate,47.008
2026-09-15T23:29:39.967543824Z,rollout_generate,35.194
2026-09-15T23:29:39.968721444Z,rollout_generate,47.754
2026-09-15T23:29:41.628053877Z,rollout_generate,33.722
2026-09-15T23:29:46.929325406Z,rollout_generate,32.803
2026-09-15T23:29:47.186754500Z,rollout_generate,110.246
2026-09-15T23:29:50.296746650Z,rollout_generate,62.899
2026-09-15T23:29:54.775594498Z,rollout_generate,62.293
2026-09-15T23:29:58.106657783Z,rollout_generate,43.439
2026-09-15T23:30:03.479011431Z,rollout_generate,297.183
2026-09-15T23:30:04.501509988Z,rollout_generate,57.936
2026-09-15T23:30:06.930271892Z,rollout_generate,47.203
2026-09-15T23:30:07.313784534Z,rollout_generate,72.203
2026-09-15T23:30:09.743162999Z,rollout_generate,58.407
2026-09-15T23:30:10.128071370Z,rollout_generate,57.606
2026-09-15T23:30:11.176668746Z,rollout_generate,105.762
2026-09-15T23:30:13.118160702Z,rollout_generate,64.035
2026-09-15T23:30:22.374494592Z,rollout_generate,45.257
2026-09-15T23:30:24.292772118Z,rollout_generate,44.032
2026-09-15T23:30:24.547843233Z,rollout_generate,47.609
2026-09-15T23:30:25.442793772Z,rollout_generate,27.04
2026-09-15T23:30:25.957050571Z,rollout_generate,62.27
2026-09-15T23:30:32.069992642Z,rollout_generate,52.092
2026-09-15T23:30:32.708416878Z,rollout_generate,42.264
2026-09-15T23:30:33.217126086Z,rollout_generate,45.819
2026-09-15T23:30:37.903243480Z,rollout_generate,95.67
2026-09-15T23:30:38.808614459Z,rollout_generate,34.163
2026-09-15T23:30:39.066427623Z,rollout_generate,57.121
2026-09-15T23:30:45.985315176Z,rollout_generate,23.312
2026-09-15T23:30:53.373303529Z,rollout_generate,19.812
2026-09-15T23:30:54.773957787Z,rollout_generate,21.707
2026-09-15T23:30:55.664697557Z,rollout_generate,42.213
2026-09-15T23:30:57.956678675Z,rollout_generate,47.516
2026-09-15T23:30:58.483582683Z,rollout_generate,46.97
2026-09-15T23:31:00.947808537Z,rollout_generate,36.372
2026-09-15T23:31:14.589853397Z,rollout_generate,35.461
2026-09-15T23:31:19.837507668Z,rollout_generate,23.188
2026-09-15T23:31:21.121069599Z,rollout_generate,56.265
2026-09-15T23:31:21.376883613Z,rollout_generate,26.283
2026-09-15T23:31:24.446052984Z,rollout_generate,89.367
2026-09-15T23:31:25.599634507Z,rollout_generate,47.55
2026-09-15T23:31:26.496009197Z,rollout_generate,32.658
2026-09-15T23:31:32.739853825Z,rollout_generate,34.45
2026-09-15T23:31:38.789585598Z,rollout_generate,52.42
2026-09-15T23:31:45.830230188Z,rollout_generate,24.144
2026-09-15T23:31:47.493593261Z,rollout_generate,100.265
2026-09-15T23:31:47.747177545Z,rollout_generate,48.917
2026-09-15T23:31:50.682911848Z,rollout_generate,30.508
2026-09-15T23:31:53.231355791Z,rollout_generate,31.818
2026-09-15T23:32:02.969709879Z,rollout_generate,135.415
2026-09-15T23:32:08.475750534Z,rollout_generate,67.212
2026-09-15T23:32:09.243575527Z,rollout_generate,89.875
2026-09-15T23:32:09.755273476Z,rollout_generate,103.461
2026-09-15T23:32:11.159228024Z,rollout_generate,32.082
2026-09-15T23:32:14.859850180Z,rollout_generate,48.028
2026-09-15T23:32:15.241757431Z,rollout_generate,24.233
2026-09-15T23:32:23.661495850Z,rollout_generate,29.937
2026-09-15T23:32:23.664686130Z,rollout_generate,37.45
2026-09-15T23:32:26.470126546Z,rollout_generate,38.828
2026-09-15T23:32:29.191322935Z,rollout_generate,56.112
2026-09-15T23:32:43.795149933Z,rollout_generate,77.893
2026-09-15T23:32:44.427437899Z,rollout_generate,55.714
2026-09-15T23:32:47.108484758Z,rollout_generate,23.13
2026-09-15T23:32:55.142234246Z,rollout_generate,38.976
2026-09-15T23:32:59.893130848Z,rollout_generate,49.994
2026-09-15T23:33:00.919351444Z,rollout_generate,52.147
2026-09-15T23:33:10.513416977Z,rollout_generate,46.698
2026-09-15T23:33:14.079866466Z,rollout_generate,29.316
2026-09-15T23:33:19.048362183Z,rollout_generate,67.503
2026-09-15T23:33:24.516810409Z,rollout_generate,126.927
2026-09-15T23:33:24.772736483Z,rollout_generate,55.252
2026-09-15T23:33:32.600671456Z,rollout_generate,37.131
2026-09-15T23:33:44.598080504Z,rollout_generate,25.271
2026-09-15T23:33:47.532582247Z,rollout_generate,63.595
2026-09-15T23:33:47.787621411Z,rollout_generate,60.396
2026-09-15T23:33:48.935981595Z,rollout_generate,34.525
2026-09-15T23:34:01.302879805Z,rollout_generate,94.527
2026-09-15T23:34:04.484230282Z,rollout_generate,53.822
2026-09-15T23:34:14.160711153Z,rollout_generate,130.826
2026-09-15T23:34:15.248006228Z,rollout_generate,42.318
2026-09-15T23:34:15.503289452Z,rollout_generate,50.371
2026-09-15T23:34:23.482877301Z,rollout_generate,58.819
2026-09-15T23:34:39.928037998Z,rollout_generate,98.721
2026-09-15T23:34:45.284623477Z,rollout_generate,40.659
2026-09-15T23:34:54.725138312Z,rollout_generate,114.532
2026-09-15T23:35:02.249420691Z,rollout_generate,72.324
2026-09-15T23:35:09.439620819Z,rollout_generate,67.998
2026-09-15T23:35:19.280786655Z,rollout_generate,63.694
2026-09-15T23:35:24.511045497Z,rollout_generate,68.671
2026-09-15T23:35:25.913596995Z,rollout_generate,62.112
2026-09-15T23:35:40.218902740Z,rollout_generate,54.8
2026-09-15T23:35:44.556090562Z,rollout_generate,34.975
2026-09-15T23:35:57.452030259Z,rollout_generate,132.195
2026-09-15T23:35:58.983257494Z,rollout_generate,14.135
2026-09-15T23:36:03.076697791Z,rollout_generate,108.549
2026-09-15T23:36:18.530533841Z,rollout_generate,53.673
2026-09-15T23:36:21.718461868Z,rollout_generate,23.946
2026-09-15T23:36:32.830361196Z,rollout_generate,33.552
2026-09-15T23:36:41.649677466Z,rollout_generate,106.634
2026-09-15T23:36:46.499252416Z,rollout_generate,24.484
2026-09-15T23:36:47.655029170Z,rollout_generate,14.524
2026-09-15T23:37:28.206299360Z,rollout_generate,39.862
2026-09-15T23:37:42.590949433Z,rollout_generate,60.638
2026-09-15T23:37:51.990988850Z,rollout_generate,108.553
2026-09-15T23:38:02.422858753Z,rollout_generate,75.446
2026-09-15T23:38:45.212582882Z,rollout_generate,297.137
2026-09-15T23:39:46.526854731Z,rollout_generate,114.152
2026-09-15T23:41:32.772399690Z,rollout_generate,105.883
2026-09-15T23:43:21.474823274Z,rollout_generate,108.341
2026-09-15T23:45:10.945391222Z,rollout_generate,109.111
2026-09-15T23:46:58.265897379Z,rollout_generate,106.971
2026-09-15T23:48:48.410444631Z,rollout_generate,109.781
2026-09-15T23:50:39.497491782Z,rollout_generate,110.712
2026-09-15T23:51:06.104990599Z,rollout_generate,26.252
2026-09-15T23:53:13.095601202Z,trainer_old,121.736
2026-09-15T23:54:43.599412567Z,rescore_b,80.397
2026-09-15T23:56:42.001455659Z,grad_accumulate,0.009
2026-09-15T23:56:42.035707858Z,segmented_value_and_grad,117.978
2026-09-15T23:56:43.481336265Z,adam_commit_detail,1.04
2026-09-15T23:56:43.540494013Z,optimizer_transaction,1.108
2026-09-15T23:56:51.694792865Z,weight_sync_engine,7.909
2026-09-15T23:56:53.221186390Z,weight_sync_gc,1.526
2026-09-15T23:56:53.312293308Z,weight_sync,9.556
2026-09-15T23:57:52.142804193Z,rollout_generate,23.961
2026-09-15T23:57:54.566277907Z,rollout_generate,21.09
2026-09-15T23:58:00.042970021Z,rollout_generate,31.916
2026-09-15T23:58:00.420170812Z,rollout_generate,20.787
2026-09-15T23:58:00.933732220Z,rollout_generate,32.789
2026-09-15T23:58:01.058523167Z,rollout_generate,27.66
2026-09-15T23:58:02.851007006Z,rollout_generate,29.39
2026-09-15T23:58:03.741796945Z,rollout_generate,34.933
2026-09-15T23:58:03.996578710Z,rollout_generate,24.37
2026-09-15T23:58:05.028943616Z,rollout_generate,25.408
2026-09-15T23:58:05.029889096Z,rollout_generate,25.427
2026-09-15T23:58:05.780458338Z,rollout_generate,37.858
2026-09-15T23:58:06.553493060Z,rollout_generate,33.096
2026-09-15T23:58:07.322324043Z,rollout_generate,34.05
2026-09-15T23:58:08.852186398Z,rollout_generate,35.418
2026-09-15T23:58:08.980505185Z,rollout_generate,29.408
2026-09-15T23:58:10.252167646Z,rollout_generate,30.952
2026-09-15T23:58:10.889919761Z,rollout_generate,37.44
2026-09-15T23:58:12.302047128Z,rollout_generate,44.17
2026-09-15T23:58:12.687393019Z,rollout_generate,20.174
2026-09-15T23:58:14.862645559Z,rollout_generate,46.623
2026-09-15T23:58:15.619483062Z,rollout_generate,47.987
2026-09-15T23:58:18.170697143Z,rollout_generate,49.918
2026-09-15T23:58:18.296906310Z,rollout_generate,44.851
2026-09-15T23:58:18.708443660Z,rollout_generate,50.568
2026-09-15T23:58:20.219315286Z,rollout_generate,19.648
2026-09-15T23:58:20.406118921Z,rollout_generate,46.966
2026-09-15T23:58:21.543967195Z,rollout_generate,26.587
2026-09-15T23:58:23.349724833Z,rollout_generate,18.877
2026-09-15T23:58:23.860321622Z,rollout_generate,14.391
2026-09-15T23:58:24.630619364Z,rollout_generate,20.406
2026-09-15T23:58:25.405871446Z,rollout_generate,18.543
2026-09-15T23:58:25.796386137Z,rollout_generate,24.361
2026-09-15T23:58:26.184647498Z,rollout_generate,58.126
2026-09-15T23:58:26.445237552Z,rollout_generate,46.808
2026-09-15T23:58:26.446045982Z,rollout_generate,20.937
2026-09-15T23:58:26.832351743Z,rollout_generate,21.304
2026-09-15T23:58:27.608291946Z,rollout_generate,47.968
2026-09-15T23:58:28.509080265Z,rollout_generate,55.146
2026-09-15T23:58:29.541350971Z,rollout_generate,28.644
2026-09-15T23:58:29.927135272Z,rollout_generate,11.291
2026-09-15T23:58:30.061163019Z,rollout_generate,11.566
2026-09-15T23:58:30.194075116Z,rollout_generate,17.425
2026-09-15T23:58:31.849368998Z,rollout_generate,21.101
2026-09-15T23:58:32.233829129Z,rollout_generate,52.582
2026-09-15T23:58:32.365087836Z,rollout_generate,52.719
2026-09-15T23:58:32.623852990Z,rollout_generate,16.471
2026-09-15T23:58:32.887982084Z,rollout_generate,29.717
2026-09-15T23:58:33.528540659Z,rollout_generate,18.328
2026-09-15T23:58:34.169527104Z,rollout_generate,27.905
2026-09-15T23:58:34.687735682Z,rollout_generate,25.527
2026-09-15T23:58:36.865629922Z,rollout_generate,68.062
2026-09-15T23:58:36.992133289Z,rollout_generate,17.765
2026-09-15T23:58:37.399794320Z,rollout_generate,17.146
2026-09-15T23:58:38.076733884Z,rollout_generate,30.432
2026-09-15T23:58:39.860328593Z,rollout_generate,15.128
2026-09-15T23:58:40.077681048Z,rollout_generate,16.24
2026-09-15T23:58:40.932637288Z,rollout_generate,27.926
2026-09-15T23:58:41.063770196Z,rollout_generate,72.916
2026-09-15T23:58:41.322249879Z,rollout_generate,20.64
2026-09-15T23:58:41.970363244Z,rollout_generate,15.003
2026-09-15T23:58:43.008437560Z,rollout_generate,31.801
2026-09-15T23:58:43.139068128Z,rollout_generate,18.454
2026-09-15T23:58:43.270889725Z,rollout_generate,16.585
2026-09-15T23:58:43.272727545Z,rollout_generate,18.187
2026-09-15T23:58:43.399399891Z,rollout_generate,16.466
2026-09-15T23:58:43.400937482Z,rollout_generate,24.769
2026-09-15T23:58:43.789705153Z,rollout_generate,19.783
2026-09-15T23:58:44.954780656Z,rollout_generate,24.642
2026-09-15T23:58:45.085293063Z,rollout_generate,43.687
2026-09-15T23:58:45.346069947Z,rollout_generate,76.575
2026-09-15T23:58:45.477711423Z,rollout_generate,24.761
2026-09-15T23:58:45.735718438Z,rollout_generate,18.841
2026-09-15T23:58:45.866844585Z,rollout_generate,25.54
2026-09-15T23:58:46.123972959Z,rollout_generate,31.853
2026-09-15T23:58:47.553508186Z,rollout_generate,28.698
2026-09-15T23:58:48.333154118Z,rollout_generate,20.296
2026-09-15T23:58:48.853459376Z,rollout_generate,15.57
2026-09-15T23:58:48.983559233Z,rollout_generate,23.277
2026-09-15T23:58:49.113158080Z,rollout_generate,30.698
2026-09-15T23:58:49.373760614Z,rollout_generate,29.324
2026-09-15T23:58:49.507021151Z,rollout_generate,29.295
2026-09-15T23:58:50.156114396Z,rollout_generate,82.005
2026-09-15T23:58:51.445426626Z,rollout_generate,21.423
2026-09-15T23:58:51.702257430Z,rollout_generate,25.45
2026-09-15T23:58:51.832468527Z,rollout_generate,19.843
2026-09-15T23:58:52.090762821Z,rollout_generate,28.05
2026-09-15T23:58:52.220480088Z,rollout_generate,21.83
2026-09-15T23:58:53.003064490Z,rollout_generate,24.689
2026-09-15T23:58:54.037814606Z,rollout_generate,20.201
2026-09-15T23:58:54.557360265Z,rollout_generate,30.57
2026-09-15T23:58:54.683833942Z,rollout_generate,14.426
2026-09-15T23:58:54.942658356Z,rollout_generate,30.254
2026-09-15T23:58:55.201021300Z,rollout_generate,16.004
2026-09-15T23:58:55.721552718Z,rollout_generate,22.927
2026-09-15T23:58:55.850382975Z,rollout_generate,31.649
2026-09-15T23:58:55.982119942Z,rollout_generate,27.625
2026-09-15T23:58:55.983517852Z,rollout_generate,31.256
2026-09-15T23:58:56.111355629Z,rollout_generate,23.441
2026-09-15T23:58:56.633164907Z,rollout_generate,32.564
2026-09-15T23:58:56.633987657Z,rollout_generate,17.108
2026-09-15T23:58:56.890228751Z,rollout_generate,22.065
2026-09-15T23:58:57.152390875Z,rollout_generate,38.562
2026-09-15T23:58:57.671514233Z,rollout_generate,14.075
2026-09-15T23:58:57.931387287Z,rollout_generate,21.113
2026-09-15T23:58:58.190116151Z,rollout_generate,14.093
2026-09-15T23:58:58.191703821Z,rollout_generate,18.046
2026-09-15T23:58:58.582221172Z,rollout_generate,24.987
2026-09-15T23:58:58.583904792Z,rollout_generate,38.261
2026-09-15T23:58:58.709934259Z,rollout_generate,34.519
2026-09-15T23:58:58.710552679Z,rollout_generate,17.354
2026-09-15T23:58:59.231405647Z,rollout_generate,36.006
2026-09-15T23:58:59.361307654Z,rollout_generate,19.066
2026-09-15T23:58:59.362523554Z,rollout_generate,34.758
2026-09-15T23:58:59.750785365Z,rollout_generate,90.937
2026-09-15T23:58:59.752886645Z,rollout_generate,21.22
2026-09-15T23:59:00.009732969Z,rollout_generate,41.415
2026-09-15T23:59:00.141270586Z,rollout_generate,11.673
2026-09-15T23:59:00.528813907Z,rollout_generate,14.316
2026-09-15T23:59:00.920263588Z,rollout_generate,20.779
2026-09-15T23:59:00.921627748Z,rollout_generate,21.817
2026-09-15T23:59:01.178291622Z,rollout_generate,17.433
2026-09-15T23:59:01.441218896Z,rollout_generate,24.105
2026-09-15T23:59:01.830000177Z,rollout_generate,15.395
2026-09-15T23:59:03.129028197Z,rollout_generate,15.084
2026-09-15T23:59:03.388186671Z,rollout_generate,43.048
2026-09-15T23:59:03.647830255Z,rollout_generate,23.028
2026-09-15T23:59:03.648422655Z,rollout_generate,23.179
2026-09-15T23:59:04.294534760Z,rollout_generate,34.051
2026-09-15T23:59:04.552687704Z,rollout_generate,22.447
2026-09-15T23:59:04.941669725Z,rollout_generate,15.493
2026-09-15T23:59:05.331039756Z,rollout_generate,27.256
2026-09-15T23:59:05.460998233Z,rollout_generate,46.943
2026-09-15T23:59:06.756681143Z,rollout_generate,20.402
2026-09-15T23:59:06.887275630Z,rollout_generate,15.11
2026-09-15T23:59:07.275541672Z,rollout_generate,26.973
2026-09-15T23:59:07.277148951Z,rollout_generate,36.634
2026-09-15T23:59:07.534602325Z,rollout_generate,12.518
2026-09-15T23:59:07.920129697Z,rollout_generate,22.441
2026-09-15T23:59:08.052552263Z,rollout_generate,26.042
2026-09-15T23:59:08.181057420Z,rollout_generate,29.131
2026-09-15T23:59:08.312049577Z,rollout_generate,43.716
2026-09-15T23:59:08.448113774Z,rollout_generate,35.315
2026-09-15T23:59:08.574522061Z,rollout_generate,48.396
2026-09-15T23:59:08.575126031Z,rollout_generate,16.407
2026-09-15T23:59:08.702307658Z,rollout_generate,27.047
2026-09-15T23:59:08.703657078Z,rollout_generate,15.381
2026-09-15T23:59:09.364289113Z,rollout_generate,19.337
2026-09-15T23:59:10.145578575Z,rollout_generate,20.864
2026-09-15T23:59:10.404937959Z,rollout_generate,26.985
2026-09-15T23:59:10.536591556Z,rollout_generate,28.53
2026-09-15T23:59:10.666119223Z,rollout_generate,29.175
2026-09-15T23:59:11.054246614Z,rollout_generate,12.528
2026-09-15T23:59:11.314633178Z,rollout_generate,30.842
2026-09-15T23:59:11.705968839Z,rollout_generate,17.318
2026-09-15T23:59:12.096998680Z,rollout_generate,32.968
2026-09-15T23:59:12.618970248Z,rollout_generate,32.038
2026-09-15T23:59:12.749426525Z,rollout_generate,30.747
2026-09-15T23:59:13.138588896Z,rollout_generate,22.513
2026-09-15T23:59:13.270085423Z,rollout_generate,36.428
2026-09-15T23:59:13.403488900Z,rollout_generate,34.771
2026-09-15T23:59:13.664896674Z,rollout_generate,13.37
2026-09-15T23:59:13.788230581Z,rollout_generate,21.169
2026-09-15T23:59:14.178965292Z,rollout_generate,34.15
2026-09-15T23:59:14.309236669Z,rollout_generate,15.824
2026-09-15T23:59:14.962070914Z,rollout_generate,52.936
2026-09-15T23:59:14.963155054Z,rollout_generate,14.615
2026-09-15T23:59:15.091844491Z,rollout_generate,40.577
2026-09-15T23:59:15.222129957Z,rollout_generate,34.758
2026-09-15T23:59:15.742381945Z,rollout_generate,16.738
2026-09-15T23:59:15.874653722Z,rollout_generate,19.293
2026-09-15T23:59:15.879001632Z,rollout_generate,23.864
2026-09-15T23:59:16.002656619Z,rollout_generate,35.398
2026-09-15T23:59:16.132297496Z,rollout_generate,20.522
2026-09-15T23:59:16.270999703Z,rollout_generate,37.086
2026-09-15T23:59:16.273597713Z,rollout_generate,15.004
2026-09-15T23:59:16.565965717Z,rollout_generate,21.226
2026-09-15T23:59:16.697489603Z,rollout_generate,15.814
2026-09-15T23:59:16.826835240Z,rollout_generate,16.639
2026-09-15T23:59:16.958001448Z,rollout_generate,36.434
2026-09-15T23:59:17.088223914Z,rollout_generate,20.743
2026-09-15T23:59:17.348503228Z,rollout_generate,53.129
2026-09-15T23:59:17.478958435Z,rollout_generate,19.995
2026-09-15T23:59:17.479927165Z,rollout_generate,20.894
2026-09-15T23:59:17.869285446Z,rollout_generate,37.897
2026-09-15T23:59:17.870434316Z,rollout_generate,22.313
2026-09-15T23:59:17.999549523Z,rollout_generate,53.944
2026-09-15T23:59:18.414239774Z,rollout_generate,16.911
2026-09-15T23:59:18.546091120Z,rollout_generate,32.778
2026-09-15T23:59:18.550332931Z,rollout_generate,15.106
2026-09-15T23:59:18.807141874Z,rollout_generate,22.238
2026-09-15T23:59:19.326813953Z,rollout_generate,15.542
2026-09-15T23:59:19.328807422Z,rollout_generate,58.978
2026-09-15T23:59:19.456820690Z,rollout_generate,50.611
2026-09-15T23:59:19.733420453Z,rollout_generate,14.373
2026-09-15T23:59:19.866891200Z,rollout_generate,20.207
2026-09-15T23:59:19.867793850Z,rollout_generate,39.868
2026-09-15T23:59:19.868970920Z,rollout_generate,18.573
2026-09-15T23:59:19.985380967Z,rollout_generate,38.44
2026-09-15T23:59:20.115602424Z,rollout_generate,23.042
2026-09-15T23:59:20.377158738Z,rollout_generate,30.516
2026-09-15T23:59:20.505499055Z,rollout_generate,16.068
2026-09-15T23:59:20.895876816Z,rollout_generate,13.187
2026-09-15T23:59:20.899902516Z,rollout_generate,27.324
2026-09-15T23:59:21.026992713Z,rollout_generate,40.577
2026-09-15T23:59:21.287359097Z,rollout_generate,17.163
2026-09-15T23:59:21.291144847Z,rollout_generate,35.804
2026-09-15T23:59:21.417147934Z,rollout_generate,42.301
2026-09-15T23:59:21.676656238Z,rollout_generate,20.09
2026-09-15T23:59:21.809897665Z,rollout_generate,41.407
2026-09-15T23:59:21.935869902Z,rollout_generate,24.582
2026-09-15T23:59:22.066360429Z,rollout_generate,23.727
2026-09-15T23:59:22.196211316Z,rollout_generate,14.97
2026-09-15T23:59:22.457998100Z,rollout_generate,13.935
2026-09-15T23:59:22.847215941Z,rollout_generate,39.082
2026-09-15T23:59:23.235329122Z,rollout_generate,21.073
2026-09-15T23:59:23.236026992Z,rollout_generate,18.226
2026-09-15T23:59:23.498340426Z,rollout_generate,39.747
2026-09-15T23:59:23.626934973Z,rollout_generate,21.85
2026-09-15T23:59:23.889729177Z,rollout_generate,18.114
2026-09-15T23:59:24.148549401Z,rollout_generate,24.109
2026-09-15T23:59:24.407344145Z,rollout_generate,19.175
2026-09-15T23:59:24.797286046Z,rollout_generate,44.285
2026-09-15T23:59:25.186860247Z,rollout_generate,23.371
2026-09-15T23:59:25.318302544Z,rollout_generate,45.068
2026-09-15T23:59:25.578656508Z,rollout_generate,46.411
2026-09-15T23:59:25.579978018Z,rollout_generate,17.135
2026-09-15T23:59:25.588373018Z,rollout_generate,45.222
2026-09-15T23:59:25.709606105Z,rollout_generate,16.204
2026-09-15T23:59:25.969654129Z,rollout_generate,11.366
2026-09-15T23:59:27.013464735Z,rollout_generate,21.244
2026-09-15T23:59:27.143981732Z,rollout_generate,18.115
2026-09-15T23:59:27.274965169Z,rollout_generate,50.451
2026-09-15T23:59:27.536870603Z,rollout_generate,20.324
2026-09-15T23:59:28.054499341Z,rollout_generate,14.133
2026-09-15T23:59:28.188615928Z,rollout_generate,15.189
2026-09-15T23:59:28.446463582Z,rollout_generate,20.057
2026-09-15T23:59:28.706256705Z,rollout_generate,17.307
2026-09-15T23:59:29.487673458Z,rollout_generate,15.718
2026-09-15T23:59:29.618619195Z,rollout_generate,15.92
2026-09-15T23:59:29.879466629Z,rollout_generate,18.097
2026-09-15T23:59:30.011806906Z,rollout_generate,19.089
2026-09-15T23:59:30.142671532Z,rollout_generate,16.48
2026-09-15T23:59:30.271316920Z,rollout_generate,49.931
2026-09-15T23:59:30.662518620Z,rollout_generate,18.641
2026-09-15T23:59:31.312040355Z,rollout_generate,22.424
2026-09-15T23:59:31.312954645Z,rollout_generate,15.256
2026-09-15T23:59:31.441062392Z,rollout_generate,22.394
2026-09-15T23:59:31.704523216Z,rollout_generate,24.283
2026-09-15T23:59:32.092074407Z,rollout_generate,15.825
2026-09-15T23:59:32.351512551Z,rollout_generate,16.079
2026-09-15T23:59:32.486645828Z,rollout_generate,18.408
2026-09-15T23:59:33.003311846Z,rollout_generate,24.045
2026-09-15T23:59:33.133652443Z,rollout_generate,11.785
2026-09-15T23:59:33.262526980Z,rollout_generate,24.546
2026-09-15T23:59:33.526856124Z,rollout_generate,59.836
2026-09-15T23:59:33.528384534Z,rollout_generate,23.084
2026-09-15T23:59:33.834826027Z,rollout_generate,17.104
2026-09-15T23:59:33.962290854Z,rollout_generate,24.935
2026-09-15T23:59:33.963022784Z,rollout_generate,22.943
2026-09-15T23:59:34.091558381Z,rollout_generate,34.99
2026-09-15T23:59:34.224491208Z,rollout_generate,21.108
2026-09-15T23:59:34.225451468Z,rollout_generate,17.859
2026-09-15T23:59:34.481803062Z,rollout_generate,52.907
2026-09-15T23:59:34.742719446Z,rollout_generate,16.853
2026-09-15T23:59:34.743755466Z,rollout_generate,17.808
2026-09-15T23:59:34.875496713Z,rollout_generate,14.823
2026-09-15T23:59:35.003498170Z,rollout_generate,35.845
2026-09-15T23:59:35.136747037Z,rollout_generate,70.493
2026-09-15T23:59:35.264909614Z,rollout_generate,21.826
2026-09-15T23:59:35.655812405Z,rollout_generate,17.873
2026-09-15T23:59:35.916526089Z,rollout_generate,15.912
2026-09-15T23:59:35.919020009Z,rollout_generate,18.691
2026-09-15T23:59:36.178779123Z,rollout_generate,19.807
2026-09-15T23:59:36.182363593Z,rollout_generate,36.336
2026-09-15T23:59:36.438419497Z,rollout_generate,21.144
2026-09-15T23:59:36.830208948Z,rollout_generate,18.096
2026-09-15T23:59:36.962923425Z,rollout_generate,17.498
2026-09-15T23:59:37.351877176Z,rollout_generate,18.342
2026-09-15T23:59:37.874306684Z,rollout_generate,18.682
2026-09-15T23:59:37.877990704Z,rollout_generate,24.95
2026-09-15T23:59:38.134544587Z,rollout_generate,17.28
2026-09-15T23:59:38.266373195Z,rollout_generate,25.801
2026-09-15T23:59:38.396691832Z,rollout_generate,22.858
2026-09-15T23:59:38.656597066Z,rollout_generate,22.46
2026-09-15T23:59:38.658116285Z,rollout_generate,15.678
2026-09-15T23:59:38.923944839Z,rollout_generate,11.595
2026-09-15T23:59:39.051186966Z,rollout_generate,22.838
2026-09-15T23:59:39.053728536Z,rollout_generate,16.511
2026-09-15T23:59:39.180934683Z,rollout_generate,21.377
2026-09-15T23:59:39.313726060Z,rollout_generate,58.793
2026-09-15T23:59:39.837048268Z,rollout_generate,17.316
2026-09-15T23:59:39.967834595Z,rollout_generate,13.702
2026-09-15T23:59:39.972834275Z,rollout_generate,18.265
2026-09-15T23:59:39.974488565Z,rollout_generate,21.002
2026-09-15T23:59:40.230472689Z,rollout_generate,15.95
2026-09-15T23:59:40.482479413Z,rollout_generate,25.374
2026-09-15T23:59:40.498785163Z,rollout_generate,24.291
2026-09-15T23:59:40.621334490Z,rollout_generate,22.414
2026-09-15T23:59:41.143252378Z,rollout_generate,11.082
2026-09-15T23:59:41.282262835Z,rollout_generate,19.824
2026-09-15T23:59:41.411871632Z,rollout_generate,30.86
2026-09-15T23:59:42.326730430Z,rollout_generate,19.991
2026-09-15T23:59:42.587285764Z,rollout_generate,16.552
2026-09-15T23:59:42.588587915Z,rollout_generate,22.372
2026-09-15T23:59:42.719487312Z,rollout_generate,22.203
2026-09-15T23:59:42.980654255Z,rollout_generate,39.106
2026-09-15T23:59:43.113679172Z,rollout_generate,14.919
2026-09-15T23:59:43.115411962Z,rollout_generate,29.51
2026-09-15T23:59:43.638445250Z,rollout_generate,35.957
2026-09-15T23:59:43.902055584Z,rollout_generate,13.987
2026-09-15T23:59:44.161137798Z,rollout_generate,13.85
2026-09-15T23:59:44.293450885Z,rollout_generate,63.913
2026-09-15T23:59:44.293930665Z,rollout_generate,22.495
2026-09-15T23:59:44.554144909Z,rollout_generate,30.009
2026-09-15T23:59:44.555822979Z,rollout_generate,22.546
2026-09-15T23:59:44.686110676Z,rollout_generate,12.319
2026-09-15T23:59:44.688082276Z,rollout_generate,28.062
2026-09-15T23:59:44.689278736Z,rollout_generate,19.097
2026-09-15T23:59:45.078868297Z,rollout_generate,14.627
2026-09-15T23:59:45.207842784Z,rollout_generate,11.764
2026-09-15T23:59:45.210030834Z,rollout_generate,21.185
2026-09-15T23:59:45.212999474Z,rollout_generate,48.186
2026-09-15T23:59:45.471610868Z,rollout_generate,24.808
2026-09-15T23:59:45.601089245Z,rollout_generate,15.025
2026-09-15T23:59:45.602348325Z,rollout_generate,22.84
2026-09-15T23:59:45.729892652Z,rollout_generate,13.243
2026-09-15T23:59:46.123351583Z,rollout_generate,14.43
2026-09-15T23:59:46.253396660Z,rollout_generate,23.987
2026-09-15T23:59:46.646482701Z,rollout_generate,72.77
2026-09-15T23:59:46.775239658Z,rollout_generate,20.932
2026-09-15T23:59:47.038042632Z,rollout_generate,33.863
2026-09-15T23:59:47.300455406Z,rollout_generate,22.6
2026-09-15T23:59:47.561619180Z,rollout_generate,21.826
2026-09-15T23:59:47.692928486Z,rollout_generate,28.875
2026-09-15T23:59:47.822724003Z,rollout_generate,19.229
2026-09-15T23:59:47.825093673Z,rollout_generate,22.573
2026-09-15T23:59:48.085550967Z,rollout_generate,20.219
2026-09-15T23:59:48.739114372Z,rollout_generate,24.299
2026-09-15T23:59:48.868186549Z,rollout_generate,16.982
2026-09-15T23:59:48.999624206Z,rollout_generate,25.438
2026-09-15T23:59:49.260434110Z,rollout_generate,23.23
2026-09-15T23:59:49.776272208Z,rollout_generate,20.975
2026-09-15T23:59:49.789283558Z,rollout_generate,13.829
2026-09-15T23:59:49.790424608Z,rollout_generate,14.601
2026-09-15T23:59:50.484689222Z,rollout_generate,16.073
2026-09-15T23:59:51.138687187Z,rollout_generate,17.319
2026-09-15T23:59:51.269043794Z,rollout_generate,16.586
2026-09-15T23:59:51.403319901Z,rollout_generate,18.503
2026-09-15T23:59:51.530284328Z,rollout_generate,30.7
2026-09-15T23:59:52.312303470Z,rollout_generate,13.608
2026-09-15T23:59:52.964739295Z,rollout_generate,14.77
2026-09-15T23:59:53.099607671Z,rollout_generate,14.642
2026-09-15T23:59:53.225959648Z,rollout_generate,11.767
2026-09-15T23:59:53.357397715Z,rollout_generate,33.493
2026-09-15T23:59:53.878512893Z,rollout_generate,19.23
2026-09-15T23:59:53.882591013Z,rollout_generate,12.158
2026-09-15T23:59:54.796268442Z,rollout_generate,16.644
2026-09-15T23:59:54.925602889Z,rollout_generate,18.873
2026-09-15T23:59:55.057278826Z,rollout_generate,18.476
2026-09-15T23:59:55.188743493Z,rollout_generate,31.818
2026-09-15T23:59:55.322079840Z,rollout_generate,15.153
2026-09-15T23:59:55.451020497Z,rollout_generate,21.238
2026-09-15T23:59:55.972960395Z,rollout_generate,38.922
2026-09-15T23:59:56.368520306Z,rollout_generate,17.596
2026-09-15T23:59:56.761109307Z,rollout_generate,29.284
2026-09-15T23:59:56.761588536Z,rollout_generate,16.49
2026-09-15T23:59:56.762363087Z,rollout_generate,21.698
2026-09-15T23:59:56.888923624Z,rollout_generate,19.22
2026-09-15T23:59:57.683118575Z,rollout_generate,33.801
2026-09-15T23:59:58.074607726Z,rollout_generate,17.71
2026-09-15T23:59:58.332660420Z,rollout_generate,15.554
2026-09-15T23:59:58.593574544Z,rollout_generate,13.628
2026-09-15T23:59:58.724503461Z,rollout_generate,23.862
2026-09-15T23:59:58.853992588Z,rollout_generate,23.82
2026-09-15T23:59:59.249597689Z,rollout_generate,15.022
2026-09-16T00:00:00.034488581Z,rollout_generate,24.545
2026-09-16T00:00:00.556096749Z,rollout_generate,15.159
2026-09-16T00:00:00.687757986Z,rollout_generate,28.836
2026-09-16T00:00:00.816885553Z,rollout_generate,14.422
2026-09-16T00:00:00.820988033Z,rollout_generate,39.245
2026-09-16T00:00:00.949647130Z,rollout_generate,17.939
2026-09-16T00:00:01.209658294Z,rollout_generate,23.975
2026-09-16T00:00:01.340856351Z,rollout_generate,24.183
2026-09-16T00:00:01.491249177Z,rollout_generate,18.057
2026-09-16T00:00:01.617997884Z,rollout_generate,16.082
2026-09-16T00:00:01.749042081Z,rollout_generate,23.072
2026-09-16T00:00:01.878499668Z,rollout_generate,27.569
2026-09-16T00:00:02.010435695Z,rollout_generate,16.227
2026-09-16T00:00:02.270212199Z,rollout_generate,27.747
2026-09-16T00:00:02.532636493Z,rollout_generate,16.61
2026-09-16T00:00:03.063770891Z,rollout_generate,18.341
2026-09-16T00:00:03.065611311Z,rollout_generate,27.332
2026-09-16T00:00:03.192878408Z,rollout_generate,24.39
2026-09-16T00:00:03.324902835Z,rollout_generate,18.315
2026-09-16T00:00:03.455577232Z,rollout_generate,23.161
2026-09-16T00:00:03.585244759Z,rollout_generate,31.967
2026-09-16T00:00:03.846619263Z,rollout_generate,19.196
2026-09-16T00:00:03.849769653Z,rollout_generate,43.993
2026-09-16T00:00:03.981528509Z,rollout_generate,21.384
2026-09-16T00:00:04.509478137Z,rollout_generate,31.162
2026-09-16T00:00:04.642892304Z,rollout_generate,28.027
2026-09-16T00:00:04.772889931Z,rollout_generate,21.85
2026-09-16T00:00:05.295000379Z,rollout_generate,11.093
2026-09-16T00:00:05.426409636Z,rollout_generate,11.872
2026-09-16T00:00:05.688509280Z,rollout_generate,17.682
2026-09-16T00:00:05.948848384Z,rollout_generate,15.152
2026-09-16T00:00:06.212753968Z,rollout_generate,21.241
2026-09-16T00:00:06.467909062Z,rollout_generate,23.428
2026-09-16T00:00:06.479771832Z,rollout_generate,45.575
2026-09-16T00:00:06.605419699Z,rollout_generate,25.054
2026-09-16T00:00:06.867473733Z,rollout_generate,40.921
2026-09-16T00:00:07.001779830Z,rollout_generate,11.622
2026-09-16T00:00:07.131075457Z,rollout_generate,24.012
2026-09-16T00:00:07.392163461Z,rollout_generate,23.715
2026-09-16T00:00:07.439343830Z,rollout_generate,17.358
2026-09-16T00:00:07.695396754Z,rollout_generate,22.352
2026-09-16T00:00:08.089874925Z,rollout_generate,27.264
2026-09-16T00:00:08.220902851Z,rollout_generate,14.944
2026-09-16T00:00:08.350990539Z,rollout_generate,20.102
2026-09-16T00:00:08.876325486Z,rollout_generate,22.831
2026-09-16T00:00:08.877013086Z,rollout_generate,22.876
2026-09-16T00:00:09.137089130Z,rollout_generate,33.077
2026-09-16T00:00:09.274135697Z,rollout_generate,20.261
2026-09-16T00:00:09.790837685Z,rollout_generate,25.326
2026-09-16T00:00:09.921739622Z,rollout_generate,23.364
2026-09-16T00:00:10.054547869Z,rollout_generate,22.79
2026-09-16T00:00:10.575684707Z,rollout_generate,29.938
2026-09-16T00:00:10.706718264Z,rollout_generate,22.573
2026-09-16T00:00:11.100639525Z,rollout_generate,43.473
2026-09-16T00:00:11.356099939Z,rollout_generate,21.222
2026-09-16T00:00:11.493864926Z,rollout_generate,13.291
2026-09-16T00:00:11.494975796Z,rollout_generate,24.264
2026-09-16T00:00:11.623740403Z,rollout_generate,12.979
2026-09-16T00:00:11.884842927Z,rollout_generate,26.474
2026-09-16T00:00:11.886652897Z,rollout_generate,16.812
2026-09-16T00:00:12.016563504Z,rollout_generate,32.793
2026-09-16T00:00:12.303670657Z,rollout_generate,22.891
2026-09-16T00:00:12.304929117Z,rollout_generate,16.544
2026-09-16T00:00:12.434168284Z,rollout_generate,18.238
2026-09-16T00:00:12.830771015Z,rollout_generate,10.909
2026-09-16T00:00:13.350862073Z,rollout_generate,21.764
2026-09-16T00:00:13.355221543Z,rollout_generate,13.76
2026-09-16T00:00:13.481927820Z,rollout_generate,20.06
2026-09-16T00:00:13.482936810Z,rollout_generate,16.409
2026-09-16T00:00:13.744562454Z,rollout_generate,28.742
2026-09-16T00:00:14.267731732Z,rollout_generate,22.859
2026-09-16T00:00:14.269373742Z,rollout_generate,24.573
2026-09-16T00:00:14.812328949Z,rollout_generate,19.223
2026-09-16T00:00:15.198229180Z,rollout_generate,26.781
2026-09-16T00:00:15.329458627Z,rollout_generate,19.576
2026-09-16T00:00:15.984523582Z,rollout_generate,20.741
2026-09-16T00:00:16.116545449Z,rollout_generate,26.012
2026-09-16T00:00:16.247633206Z,rollout_generate,15.156
2026-09-16T00:00:16.372014363Z,rollout_generate,36.976
2026-09-16T00:00:16.382981153Z,rollout_generate,17.258
2026-09-16T00:00:17.161810275Z,rollout_generate,25.354
2026-09-16T00:00:17.553681516Z,rollout_generate,16.664
2026-09-16T00:00:18.602627941Z,rollout_generate,22.95
2026-09-16T00:00:18.863345035Z,rollout_generate,15.97
2026-09-16T00:00:18.995794502Z,rollout_generate,23.668
2026-09-16T00:00:19.127495629Z,rollout_generate,35.355
2026-09-16T00:00:19.259698816Z,rollout_generate,13.638
2026-09-16T00:00:19.651518347Z,rollout_generate,13.9
2026-09-16T00:00:19.781492534Z,rollout_generate,50.665
2026-09-16T00:00:20.186480925Z,rollout_generate,22.986
2026-09-16T00:00:20.315216252Z,rollout_generate,32.734
2026-09-16T00:00:20.579622365Z,rollout_generate,33.104
2026-09-16T00:00:20.708718853Z,rollout_generate,16.454
2026-09-16T00:00:21.100666764Z,rollout_generate,22.184
2026-09-16T00:00:21.230577910Z,rollout_generate,24.587
2026-09-16T00:00:21.494737354Z,rollout_generate,173.378
2026-09-16T00:00:22.016857052Z,rollout_generate,19.989
2026-09-16T00:00:22.147045679Z,rollout_generate,22.986
2026-09-16T00:00:22.279567546Z,rollout_generate,18.619
2026-09-16T00:00:23.455949729Z,rollout_generate,34.433
2026-09-16T00:00:23.850920620Z,rollout_generate,66.472
2026-09-16T00:00:24.112115014Z,rollout_generate,27.811
2026-09-16T00:00:25.028757963Z,rollout_generate,17.75
2026-09-16T00:00:25.293134967Z,rollout_generate,54.289
2026-09-16T00:00:25.295075876Z,rollout_generate,22.966
2026-09-16T00:00:25.412550984Z,rollout_generate,22.965
2026-09-16T00:00:25.479497162Z,rollout_generate,22.625
2026-09-16T00:00:25.604257309Z,rollout_generate,13.678
2026-09-16T00:00:25.865699753Z,rollout_generate,17.332
2026-09-16T00:00:26.259212494Z,rollout_generate,22.346
2026-09-16T00:00:26.264580604Z,rollout_generate,24.986
2026-09-16T00:00:26.380044451Z,rollout_generate,24.677
2026-09-16T00:00:26.517820908Z,rollout_generate,16.331
2026-09-16T00:00:26.653022385Z,rollout_generate,34.803
2026-09-16T00:00:26.881549010Z,rollout_generate,21.134
2026-09-16T00:00:26.882916720Z,rollout_generate,21.773
2026-09-16T00:00:27.135100324Z,rollout_generate,22.852
2026-09-16T00:00:27.395486198Z,rollout_generate,18.713
2026-09-16T00:00:27.400091948Z,rollout_generate,19.676
2026-09-16T00:00:27.656528612Z,rollout_generate,14.509
2026-09-16T00:00:27.789150149Z,rollout_generate,15.852
2026-09-16T00:00:28.573596571Z,rollout_generate,24.797
2026-09-16T00:00:28.575246691Z,rollout_generate,19.561
2026-09-16T00:00:28.835420775Z,rollout_generate,16.252
2026-09-16T00:00:29.099656339Z,rollout_generate,25.71
2026-09-16T00:00:29.229225096Z,rollout_generate,17.283
2026-09-16T00:00:29.490887239Z,rollout_generate,32.4
2026-09-16T00:00:29.622986916Z,rollout_generate,20.458
2026-09-16T00:00:29.626565606Z,rollout_generate,22.476
2026-09-16T00:00:29.767279623Z,rollout_generate,16.089
2026-09-16T00:00:29.888111840Z,rollout_generate,23.09
2026-09-16T00:00:30.285658101Z,rollout_generate,26.284
2026-09-16T00:00:30.421024788Z,rollout_generate,30.057
2026-09-16T00:00:30.810031539Z,rollout_generate,19.273
2026-09-16T00:00:30.940645746Z,rollout_generate,20.695
2026-09-16T00:00:31.071739933Z,rollout_generate,18.453
2026-09-16T00:00:31.073580593Z,rollout_generate,30.243
2026-09-16T00:00:31.202726040Z,rollout_generate,20.192
2026-09-16T00:00:31.327458667Z,rollout_generate,19.659
2026-09-16T00:00:31.550348482Z,rollout_generate,25.539
2026-09-16T00:00:31.799097206Z,rollout_generate,12.246
2026-09-16T00:00:31.929919743Z,rollout_generate,25.657
2026-09-16T00:00:32.061350480Z,rollout_generate,22.628
2026-09-16T00:00:32.184676157Z,rollout_generate,24.361
2026-09-16T00:00:32.199798957Z,rollout_generate,28.722
2026-09-16T00:00:32.476942350Z,rollout_generate,77.057
2026-09-16T00:00:32.867402071Z,rollout_generate,22.504
2026-09-16T00:00:32.996542909Z,rollout_generate,20.843
2026-09-16T00:00:33.518604096Z,rollout_generate,13.551
2026-09-16T00:00:34.199546461Z,rollout_generate,21.448
2026-09-16T00:00:34.591746752Z,rollout_generate,36.632
2026-09-16T00:00:34.593597501Z,rollout_generate,18.96
2026-09-16T00:00:34.722234878Z,rollout_generate,32.129
2026-09-16T00:00:35.372582663Z,rollout_generate,17.493
2026-09-16T00:00:35.504225390Z,rollout_generate,23.34
2026-09-16T00:00:35.766990554Z,rollout_generate,19.1
2026-09-16T00:00:36.027691058Z,rollout_generate,23.798
2026-09-16T00:00:36.159728765Z,rollout_generate,28.876
2026-09-16T00:00:36.282629752Z,rollout_generate,55.997
2026-09-16T00:00:36.680113043Z,rollout_generate,28.261
2026-09-16T00:00:37.463274205Z,rollout_generate,22.91
2026-09-16T00:00:37.595165722Z,rollout_generate,22.644
2026-09-16T00:00:38.248215197Z,rollout_generate,33.389
2026-09-16T00:00:38.380461644Z,rollout_generate,17.344
2026-09-16T00:00:38.385286694Z,rollout_generate,24.505
2026-09-16T00:00:38.511689701Z,rollout_generate,37.408
2026-09-16T00:00:38.517160191Z,rollout_generate,24.698
2026-09-16T00:00:38.644275368Z,rollout_generate,37.019
2026-09-16T00:00:38.898164472Z,rollout_generate,28.176
2026-09-16T00:00:39.073134348Z,rollout_generate,75.137
2026-09-16T00:00:39.077408128Z,rollout_generate,34.106
2026-09-16T00:00:39.334876242Z,rollout_generate,32.032
2026-09-16T00:00:39.335443402Z,rollout_generate,20.161
2026-09-16T00:00:39.729569693Z,rollout_generate,24.208
2026-09-16T00:00:39.730515113Z,rollout_generate,42.666
2026-09-16T00:00:39.852602170Z,rollout_generate,27.211
2026-09-16T00:00:39.897041499Z,rollout_generate,26.097
2026-09-16T00:00:40.151063023Z,rollout_generate,23.632
2026-09-16T00:00:40.809379688Z,rollout_generate,13.094
2026-09-16T00:00:41.070608102Z,rollout_generate,18.459
2026-09-16T00:00:41.333028096Z,rollout_generate,25.041
2026-09-16T00:00:41.464718802Z,rollout_generate,27.792
2026-09-16T00:00:42.006918860Z,rollout_generate,16.552
2026-09-16T00:00:42.530017298Z,rollout_generate,20.061
2026-09-16T00:00:42.660873025Z,rollout_generate,28.076
2026-09-16T00:00:42.792113122Z,rollout_generate,21.357
2026-09-16T00:00:43.058223276Z,rollout_generate,16.465
2026-09-16T00:00:43.059671485Z,rollout_generate,189.751
2026-09-16T00:00:43.187932873Z,rollout_generate,39.857
2026-09-16T00:00:43.711737670Z,rollout_generate,15.743
2026-09-16T00:00:43.843467657Z,rollout_generate,36.958
2026-09-16T00:00:44.489919443Z,rollout_generate,18.862
2026-09-16T00:00:44.759454856Z,rollout_generate,18.689
2026-09-16T00:00:44.889995373Z,rollout_generate,144.479
2026-09-16T00:00:45.282807644Z,rollout_generate,24.772
2026-09-16T00:00:45.414953491Z,rollout_generate,20.245
2026-09-16T00:00:45.545123188Z,rollout_generate,21.56
2026-09-16T00:00:45.676446265Z,rollout_generate,17.982
2026-09-16T00:00:46.224737202Z,rollout_generate,70.641
2026-09-16T00:00:46.234222382Z,rollout_generate,19.028
2026-09-16T00:00:46.752052360Z,rollout_generate,14.627
2026-09-16T00:00:46.753383670Z,rollout_generate,27.841
2026-09-16T00:00:47.013436124Z,rollout_generate,45.655
2026-09-16T00:00:47.275507498Z,rollout_generate,20.614
2026-09-16T00:00:47.535185342Z,rollout_generate,17.988
2026-09-16T00:00:47.806254406Z,rollout_generate,20.605
2026-09-16T00:00:47.809891256Z,rollout_generate,17.718
2026-09-16T00:00:47.934272783Z,rollout_generate,18.772
2026-09-16T00:00:48.067106940Z,rollout_generate,25.783
2026-09-16T00:00:48.199398517Z,rollout_generate,200.554
2026-09-16T00:00:48.851540051Z,rollout_generate,22.298
2026-09-16T00:00:49.522781346Z,rollout_generate,23.349
2026-09-16T00:00:49.654840493Z,rollout_generate,28.152
2026-09-16T00:00:49.655472193Z,rollout_generate,20.764
2026-09-16T00:00:49.785323430Z,rollout_generate,23.986
2026-09-16T00:00:49.787212910Z,rollout_generate,21.575
2026-09-16T00:00:49.916898887Z,rollout_generate,56.274
2026-09-16T00:00:50.178536591Z,rollout_generate,64.827
2026-09-16T00:00:50.438124315Z,rollout_generate,17.237
2026-09-16T00:00:50.700001629Z,rollout_generate,131.677
2026-09-16T00:00:50.704780429Z,rollout_generate,30.092
2026-09-16T00:00:51.245833366Z,rollout_generate,33.643
2026-09-16T00:00:51.637385687Z,rollout_generate,22.218
2026-09-16T00:00:51.770149204Z,rollout_generate,94.631
2026-09-16T00:00:51.902412771Z,rollout_generate,21.474
2026-09-16T00:00:52.032039828Z,rollout_generate,20.162
2026-09-16T00:00:52.161293335Z,rollout_generate,16.472
2026-09-16T00:00:52.818684090Z,rollout_generate,21.418
2026-09-16T00:00:53.211617911Z,rollout_generate,20.026
2026-09-16T00:00:53.472985455Z,rollout_generate,33.556
2026-09-16T00:00:53.477811295Z,rollout_generate,45.485
2026-09-16T00:00:53.598409892Z,rollout_generate,26.87
2026-09-16T00:00:53.604072392Z,rollout_generate,17.029
2026-09-16T00:00:53.735825118Z,rollout_generate,76.889
2026-09-16T00:00:54.780111334Z,rollout_generate,23.511
2026-09-16T00:00:55.043557488Z,rollout_generate,18.054
2026-09-16T00:00:55.443765089Z,rollout_generate,22.812
2026-09-16T00:00:56.103605174Z,rollout_generate,29.12
2026-09-16T00:00:56.498438195Z,rollout_generate,34.513
2026-09-16T00:00:57.152615759Z,rollout_generate,23.319
2026-09-16T00:00:57.544238170Z,rollout_generate,25.795
2026-09-16T00:00:57.676253657Z,rollout_generate,79.202
2026-09-16T00:00:57.806227084Z,rollout_generate,26.577
2026-09-16T00:00:58.227169835Z,rollout_generate,23.312
2026-09-16T00:00:58.488172109Z,rollout_generate,41.974
2026-09-16T00:00:58.749405562Z,rollout_generate,37.853
2026-09-16T00:00:59.136728193Z,rollout_generate,34.699
2026-09-16T00:00:59.403930007Z,rollout_generate,30.507
2026-09-16T00:00:59.405589947Z,rollout_generate,31.996
2026-09-16T00:00:59.406599387Z,rollout_generate,26.122
2026-09-16T00:00:59.530379784Z,rollout_generate,27.84
2026-09-16T00:00:59.667349501Z,rollout_generate,23.311
2026-09-16T00:00:59.798256898Z,rollout_generate,27.595
2026-09-16T00:01:00.095084131Z,rollout_generate,21.504
2026-09-16T00:01:00.356144815Z,rollout_generate,29.624
2026-09-16T00:01:00.486701372Z,rollout_generate,28.243
2026-09-16T00:01:01.530819538Z,rollout_generate,21.882
2026-09-16T00:01:01.792851412Z,rollout_generate,20.659
2026-09-16T00:01:02.185226133Z,rollout_generate,23.35
2026-09-16T00:01:02.365298879Z,rollout_generate,29.738
2026-09-16T00:01:02.493558716Z,rollout_generate,18.463
2026-09-16T00:01:02.494799686Z,rollout_generate,37.043
2026-09-16T00:01:03.017705554Z,rollout_generate,42.293
2026-09-16T00:01:03.275903418Z,rollout_generate,21.621
2026-09-16T00:01:03.670637839Z,rollout_generate,28.026
2026-09-16T00:01:04.192673956Z,rollout_generate,25.338
2026-09-16T00:01:04.586957987Z,rollout_generate,76.49
2026-09-16T00:01:04.762758023Z,rollout_generate,21.654
2026-09-16T00:01:05.018147757Z,rollout_generate,30.503
2026-09-16T00:01:06.068029273Z,rollout_generate,27.277
2026-09-16T00:01:06.329150777Z,rollout_generate,26.18
2026-09-16T00:01:06.723499778Z,rollout_generate,21.531
2026-09-16T00:01:06.727170748Z,rollout_generate,30.691
2026-09-16T00:01:06.855230375Z,rollout_generate,19.778
2026-09-16T00:01:07.247071846Z,rollout_generate,23.857
2026-09-16T00:01:08.196487514Z,rollout_generate,23.246
2026-09-16T00:01:08.210556974Z,rollout_generate,44.465
2026-09-16T00:01:08.731163782Z,rollout_generate,20.382
2026-09-16T00:01:10.900180291Z,rollout_generate,22.123
2026-09-16T00:01:11.686364093Z,rollout_generate,28.302
2026-09-16T00:01:11.951927127Z,rollout_generate,32.731
2026-09-16T00:01:12.345228348Z,rollout_generate,29.362
2026-09-16T00:01:12.606460252Z,rollout_generate,34.083
2026-09-16T00:01:13.022319152Z,rollout_generate,30.177
2026-09-16T00:01:13.284126396Z,rollout_generate,31.151
2026-09-16T00:01:13.408908873Z,rollout_generate,19.522
2026-09-16T00:01:13.540607810Z,rollout_generate,33.356
2026-09-16T00:01:14.067398828Z,rollout_generate,25.783
2026-09-16T00:01:14.592281386Z,rollout_generate,36.849
2026-09-16T00:01:15.117022674Z,rollout_generate,17.649
2026-09-16T00:01:15.246772041Z,rollout_generate,27.174
2026-09-16T00:01:15.509173875Z,rollout_generate,29.519
2026-09-16T00:01:15.795009978Z,rollout_generate,25.766
2026-09-16T00:01:16.058738002Z,rollout_generate,29.51
2026-09-16T00:01:16.062035372Z,rollout_generate,20.969
2026-09-16T00:01:16.318039216Z,rollout_generate,25.231
2026-09-16T00:01:16.706907957Z,rollout_generate,18.865
2026-09-16T00:01:16.716433417Z,rollout_generate,41.671
2026-09-16T00:01:16.974113611Z,rollout_generate,24.479
2026-09-16T00:01:16.976394711Z,rollout_generate,23.356
2026-09-16T00:01:17.545067188Z,rollout_generate,42.674
2026-09-16T00:01:17.808549922Z,rollout_generate,30.726
2026-09-16T00:01:17.809751532Z,rollout_generate,34.48
2026-09-16T00:01:17.940108189Z,rollout_generate,26.024
2026-09-16T00:01:18.075206466Z,rollout_generate,36.68
2026-09-16T00:01:18.333046920Z,rollout_generate,26.381
2026-09-16T00:01:18.334098600Z,rollout_generate,30.485
2026-09-16T00:01:18.336510849Z,rollout_generate,69.072
2026-09-16T00:01:18.465918737Z,rollout_generate,28.537
2026-09-16T00:01:19.017708254Z,rollout_generate,28.273
2026-09-16T00:01:19.542996872Z,rollout_generate,73.052
2026-09-16T00:01:19.543865092Z,rollout_generate,21.856
2026-09-16T00:01:19.678890458Z,rollout_generate,31.557
2026-09-16T00:01:20.067641859Z,rollout_generate,60.791
2026-09-16T00:01:20.197573856Z,rollout_generate,33.05
2026-09-16T00:01:20.620630616Z,rollout_generate,27.097
2026-09-16T00:01:21.274531781Z,rollout_generate,18.447
2026-09-16T00:01:21.531262915Z,rollout_generate,22.065
2026-09-16T00:01:21.795528749Z,rollout_generate,31.667
2026-09-16T00:01:22.060491453Z,rollout_generate,22.968
2026-09-16T00:01:22.717332188Z,rollout_generate,30.369
2026-09-16T00:01:22.978824172Z,rollout_generate,103.453
2026-09-16T00:01:23.366007763Z,rollout_generate,27.488
2026-09-16T00:01:23.789141773Z,rollout_generate,24.731
2026-09-16T00:01:23.918483970Z,rollout_generate,30.79
2026-09-16T00:01:23.920029680Z,rollout_generate,30.051
2026-09-16T00:01:24.574370895Z,rollout_generate,16.908
2026-09-16T00:01:24.580809225Z,rollout_generate,23.779
2026-09-16T00:01:24.835383719Z,rollout_generate,45.176
2026-09-16T00:01:25.408611056Z,rollout_generate,196.98
2026-09-16T00:01:26.059366461Z,rollout_generate,33.847
2026-09-16T00:01:26.181368428Z,rollout_generate,45.888
2026-09-16T00:01:26.713294756Z,rollout_generate,26.45
2026-09-16T00:01:26.970222020Z,rollout_generate,13.28
2026-09-16T00:01:26.980955619Z,rollout_generate,14.084
2026-09-16T00:01:27.237179574Z,rollout_generate,29.243
2026-09-16T00:01:27.370423491Z,rollout_generate,30.946
2026-09-16T00:01:27.371602870Z,rollout_generate,41.399
2026-09-16T00:01:27.372687840Z,rollout_generate,27.349
2026-09-16T00:01:27.501079208Z,rollout_generate,48.825
2026-09-16T00:01:27.503272687Z,rollout_generate,20.992
2026-09-16T00:01:27.630880885Z,rollout_generate,27.904
2026-09-16T00:01:27.930063807Z,rollout_generate,14.31
2026-09-16T00:01:28.325705258Z,rollout_generate,42.727
2026-09-16T00:01:28.329569118Z,rollout_generate,42.958
2026-09-16T00:01:28.455355675Z,rollout_generate,28.017
2026-09-16T00:01:28.461547265Z,rollout_generate,30.205
2026-09-16T00:01:28.719417219Z,rollout_generate,29.029
2026-09-16T00:01:29.159529829Z,rollout_generate,35.205
2026-09-16T00:01:29.561447930Z,rollout_generate,22.413
2026-09-16T00:01:29.684559047Z,rollout_generate,24.345
2026-09-16T00:01:29.693946247Z,rollout_generate,31.335
2026-09-16T00:01:30.469919299Z,rollout_generate,21.853
2026-09-16T00:01:30.607940696Z,rollout_generate,51.216
2026-09-16T00:01:30.612862075Z,rollout_generate,26.807
2026-09-16T00:01:30.871290350Z,rollout_generate,23.695
2026-09-16T00:01:31.174859463Z,rollout_generate,20.124
2026-09-16T00:01:31.304890259Z,rollout_generate,14.183
2026-09-16T00:01:31.437579756Z,rollout_generate,34.63
2026-09-16T00:01:31.572157423Z,rollout_generate,243.338
2026-09-16T00:01:31.693250211Z,rollout_generate,47.714
2026-09-16T00:01:31.956895914Z,rollout_generate,29.313
2026-09-16T00:01:32.276285387Z,rollout_generate,16.844
2026-09-16T00:01:32.532136771Z,rollout_generate,53.717
2026-09-16T00:01:32.664560428Z,rollout_generate,18.28
2026-09-16T00:01:33.579600097Z,rollout_generate,17.351
2026-09-16T00:01:33.711898534Z,rollout_generate,21.056
2026-09-16T00:01:34.369481949Z,rollout_generate,173.971
2026-09-16T00:01:34.630985423Z,rollout_generate,80.818
2026-09-16T00:01:34.754480589Z,rollout_generate,30.026
2026-09-16T00:01:34.895069466Z,rollout_generate,43.51
2026-09-16T00:01:35.227906159Z,rollout_generate,30.133
2026-09-16T00:01:35.483828103Z,rollout_generate,65.684
2026-09-16T00:01:36.136135958Z,rollout_generate,29.495
2026-09-16T00:01:36.666039355Z,rollout_generate,21.676
2026-09-16T00:01:36.794771233Z,rollout_generate,46.593
2026-09-16T00:01:37.320566770Z,rollout_generate,15.727
2026-09-16T00:01:38.004880685Z,rollout_generate,68.034
2026-09-16T00:01:38.135871191Z,rollout_generate,21.379
2026-09-16T00:01:38.522535053Z,rollout_generate,51.979
2026-09-16T00:01:38.536031182Z,rollout_generate,43.178
2026-09-16T00:01:39.317701814Z,rollout_generate,34.81
2026-09-16T00:01:39.575084758Z,rollout_generate,22.72
2026-09-16T00:01:40.106124116Z,rollout_generate,22.785
2026-09-16T00:01:40.107316596Z,rollout_generate,39.428
2026-09-16T00:01:40.803854330Z,rollout_generate,81.669
2026-09-16T00:01:40.934756987Z,rollout_generate,25.278
2026-09-16T00:01:41.066179444Z,rollout_generate,21.066
2026-09-16T00:01:41.197174301Z,rollout_generate,16.319
2026-09-16T00:01:41.591444402Z,rollout_generate,21.917
2026-09-16T00:01:41.716808108Z,rollout_generate,19.143
2026-09-16T00:01:41.988415932Z,rollout_generate,25.593
2026-09-16T00:01:42.108418710Z,rollout_generate,42.187
2026-09-16T00:01:42.510578950Z,rollout_generate,26.578
2026-09-16T00:01:43.033704928Z,rollout_generate,40.527
2026-09-16T00:01:43.080703197Z,rollout_generate,26.709
2026-09-16T00:01:43.343364381Z,rollout_generate,255.248
2026-09-16T00:01:44.129323553Z,rollout_generate,23.422
2026-09-16T00:01:45.048992082Z,rollout_generate,68.745
2026-09-16T00:01:45.827980353Z,rollout_generate,23.716
2026-09-16T00:01:46.100101227Z,rollout_generate,27.445
2026-09-16T00:01:46.495024008Z,rollout_generate,44.39
2026-09-16T00:01:46.748782052Z,rollout_generate,81.024
2026-09-16T00:01:46.761277842Z,rollout_generate,23.752
2026-09-16T00:01:47.185625282Z,rollout_generate,33.32
2026-09-16T00:01:47.196574002Z,rollout_generate,16.179
2026-09-16T00:01:47.322705829Z,rollout_generate,18.858
2026-09-16T00:01:47.846901477Z,rollout_generate,29.421
2026-09-16T00:01:47.978150304Z,rollout_generate,20.035
2026-09-16T00:01:48.768387536Z,rollout_generate,30.114
2026-09-16T00:01:48.899560002Z,rollout_generate,21.625
2026-09-16T00:01:49.999975777Z,rollout_generate,36.663
2026-09-16T00:01:50.001711107Z,rollout_generate,18.377
2026-09-16T00:01:50.518126355Z,rollout_generate,26.465
2026-09-16T00:01:50.532236415Z,rollout_generate,19.205
2026-09-16T00:01:51.051739023Z,rollout_generate,20.301
2026-09-16T00:01:51.182572840Z,rollout_generate,25.304
2026-09-16T00:01:51.306175767Z,rollout_generate,24.05
2026-09-16T00:01:51.318519146Z,rollout_generate,73.439
2026-09-16T00:01:51.448925803Z,rollout_generate,18.857
2026-09-16T00:01:51.449438063Z,rollout_generate,23.914
2026-09-16T00:01:51.452778323Z,rollout_generate,19.542
2026-09-16T00:01:51.458456023Z,rollout_generate,27.364
2026-09-16T00:01:51.998500991Z,rollout_generate,24.817
2026-09-16T00:01:52.123112628Z,rollout_generate,20.143
2026-09-16T00:01:52.259965125Z,rollout_generate,23.256
2026-09-16T00:01:52.517112369Z,rollout_generate,43.517
2026-09-16T00:01:52.655650935Z,rollout_generate,65.103
2026-09-16T00:01:52.832483142Z,rollout_generate,31.902
2026-09-16T00:01:53.089919945Z,rollout_generate,27.928
2026-09-16T00:01:53.616074523Z,rollout_generate,29.386
2026-09-16T00:01:53.617931153Z,rollout_generate,20.645
2026-09-16T00:01:53.749217180Z,rollout_generate,73.873
2026-09-16T00:01:54.275505998Z,rollout_generate,74.063
2026-09-16T00:01:54.537740022Z,rollout_generate,26.586
2026-09-16T00:01:55.218313206Z,rollout_generate,48.251
2026-09-16T00:01:56.007293538Z,rollout_generate,38.943
2026-09-16T00:01:56.795163570Z,rollout_generate,19.163
2026-09-16T00:01:57.055800084Z,rollout_generate,23.032
2026-09-16T00:01:57.190540670Z,rollout_generate,15.705
2026-09-16T00:01:57.312753988Z,rollout_generate,27.823
2026-09-16T00:01:57.323361398Z,rollout_generate,29.791
2026-09-16T00:01:57.582296092Z,rollout_generate,17.16
2026-09-16T00:01:57.746290158Z,rollout_generate,39.917
2026-09-16T00:01:57.999433992Z,rollout_generate,31.672
2026-09-16T00:01:58.268651866Z,rollout_generate,64.655
2026-09-16T00:01:59.054916878Z,rollout_generate,19.417
2026-09-16T00:01:59.317475361Z,rollout_generate,31.612
2026-09-16T00:01:59.450000838Z,rollout_generate,112.966
2026-09-16T00:01:59.757924311Z,rollout_generate,18.389
2026-09-16T00:02:00.017893225Z,rollout_generate,60.337
2026-09-16T00:02:00.150702572Z,rollout_generate,72.016
2026-09-16T00:02:00.800002617Z,rollout_generate,33.055
2026-09-16T00:02:01.202315898Z,rollout_generate,31.193
2026-09-16T00:02:01.858836883Z,rollout_generate,41.649
2026-09-16T00:02:01.991657020Z,rollout_generate,31.992
2026-09-16T00:02:02.816251911Z,rollout_generate,44.693
2026-09-16T00:02:02.938924108Z,rollout_generate,23.016
2026-09-16T00:02:03.211124162Z,rollout_generate,29.228
2026-09-16T00:02:03.334924588Z,rollout_generate,32.422
2026-09-16T00:02:03.349583558Z,rollout_generate,223.006
2026-09-16T00:02:03.475934455Z,rollout_generate,45.392
2026-09-16T00:02:03.993235383Z,rollout_generate,73.015
2026-09-16T00:02:04.007843153Z,rollout_generate,27.034
2026-09-16T00:02:04.261656027Z,rollout_generate,16.804
2026-09-16T00:02:04.394681184Z,rollout_generate,52.306
2026-09-16T00:02:05.230685865Z,rollout_generate,18.428
2026-09-16T00:02:06.019977876Z,rollout_generate,24.77
2026-09-16T00:02:06.412016857Z,rollout_generate,18.893
2026-09-16T00:02:06.540972534Z,rollout_generate,96.223
2026-09-16T00:02:06.551525364Z,rollout_generate,24.639
2026-09-16T00:02:07.073121182Z,rollout_generate,24.236
2026-09-16T00:02:07.331608856Z,rollout_generate,42.442
2026-09-16T00:02:07.332729856Z,rollout_generate,35.215
2026-09-16T00:02:07.790473225Z,rollout_generate,49.025
2026-09-16T00:02:08.053555649Z,rollout_generate,25.731
2026-09-16T00:02:08.455231050Z,rollout_generate,25.067
2026-09-16T00:02:08.718285674Z,rollout_generate,18.584
2026-09-16T00:02:08.720071784Z,rollout_generate,40.487
2026-09-16T00:02:08.721248584Z,rollout_generate,86.912
2026-09-16T00:02:08.982474398Z,rollout_generate,65.838
2026-09-16T00:02:09.120281345Z,rollout_generate,20.034
2026-09-16T00:02:09.436174977Z,rollout_generate,34.636
2026-09-16T00:02:09.568493604Z,rollout_generate,20.379
2026-09-16T00:02:10.089288452Z,rollout_generate,27.866
2026-09-16T00:02:10.487637503Z,rollout_generate,32.017
2026-09-16T00:02:10.619470320Z,rollout_generate,39.685
2026-09-16T00:02:10.877497644Z,rollout_generate,58.868
2026-09-16T00:02:11.006112851Z,rollout_generate,34.534
2026-09-16T00:02:11.140502998Z,rollout_generate,32.988
2026-09-16T00:02:11.730077264Z,rollout_generate,20.699
2026-09-16T00:02:11.987829388Z,rollout_generate,29.562
2026-09-16T00:02:12.124027675Z,rollout_generate,21.262
2026-09-16T00:02:12.519747626Z,rollout_generate,54.571
2026-09-16T00:02:13.303803818Z,rollout_generate,15.821
2026-09-16T00:02:13.707408728Z,rollout_generate,22.029
2026-09-16T00:02:13.835583656Z,rollout_generate,22.383
2026-09-16T00:02:14.418611252Z,rollout_generate,22.743
2026-09-16T00:02:14.682255856Z,rollout_generate,44.675
2026-09-16T00:02:15.214019384Z,rollout_generate,30.577
2026-09-16T00:02:15.735586772Z,rollout_generate,67.24
2026-09-16T00:02:15.874137098Z,rollout_generate,23.96
2026-09-16T00:02:16.266967099Z,rollout_generate,72.673
2026-09-16T00:02:16.703519709Z,rollout_generate,43.882
2026-09-16T00:02:16.830986066Z,rollout_generate,14.704
2026-09-16T00:02:17.220184517Z,rollout_generate,36.79
2026-09-16T00:02:17.228414987Z,rollout_generate,86.914
2026-09-16T00:02:17.483615231Z,rollout_generate,31.059
2026-09-16T00:02:17.885244062Z,rollout_generate,40.799
2026-09-16T00:02:18.016365469Z,rollout_generate,29.623
2026-09-16T00:02:18.937539707Z,rollout_generate,18.872
2026-09-16T00:02:19.199800092Z,rollout_generate,24.36
2026-09-16T00:02:20.141242420Z,rollout_generate,28.755
2026-09-16T00:02:20.926540981Z,rollout_generate,33.855
2026-09-16T00:02:21.058664889Z,rollout_generate,19.951
2026-09-16T00:02:21.594595176Z,rollout_generate,52.78
2026-09-16T00:02:21.595324696Z,rollout_generate,29.064
2026-09-16T00:02:21.725829883Z,rollout_generate,29.953
2026-09-16T00:02:21.851852510Z,rollout_generate,24.196
2026-09-16T00:02:22.807779718Z,rollout_generate,60.945
2026-09-16T00:02:23.210965649Z,rollout_generate,32.893
2026-09-16T00:02:23.873240853Z,rollout_generate,26.496
2026-09-16T00:02:24.272661474Z,rollout_generate,37.181
2026-09-16T00:02:24.275392084Z,rollout_generate,24.895
2026-09-16T00:02:24.537710328Z,rollout_generate,32.757
2026-09-16T00:02:26.912853973Z,rollout_generate,23.235
2026-09-16T00:02:27.046532680Z,rollout_generate,38.891
2026-09-16T00:02:27.434060211Z,rollout_generate,20.705
2026-09-16T00:02:27.437834361Z,rollout_generate,26.955
2026-09-16T00:02:28.446971498Z,rollout_generate,69.111
2026-09-16T00:02:28.453787967Z,rollout_generate,30.997
2026-09-16T00:02:28.709816512Z,rollout_generate,45.522
2026-09-16T00:02:28.721261521Z,rollout_generate,35.31
2026-09-16T00:02:28.978114345Z,rollout_generate,22.649
2026-09-16T00:02:29.233271729Z,rollout_generate,50.408
2026-09-16T00:02:29.246084439Z,rollout_generate,21.846
2026-09-16T00:02:29.505601333Z,rollout_generate,20.715
2026-09-16T00:02:29.726655458Z,rollout_generate,36.571
2026-09-16T00:02:29.985147242Z,rollout_generate,46.173
2026-09-16T00:02:30.250508646Z,rollout_generate,26.379
2026-09-16T00:02:30.374316373Z,rollout_generate,16.777
2026-09-16T00:02:30.385510803Z,rollout_generate,30.732
2026-09-16T00:02:30.514100339Z,rollout_generate,32.098
2026-09-16T00:02:31.189788774Z,rollout_generate,21.735
2026-09-16T00:02:31.325598411Z,rollout_generate,19.156
2026-09-16T00:02:32.503148794Z,rollout_generate,24.435
2026-09-16T00:02:32.505171884Z,rollout_generate,27.949
2026-09-16T00:02:32.899389384Z,rollout_generate,18.872
2026-09-16T00:02:32.913093714Z,rollout_generate,36.586
2026-09-16T00:02:33.032943221Z,rollout_generate,113.985
2026-09-16T00:02:33.564588289Z,rollout_generate,39.639
2026-09-16T00:02:33.830149673Z,rollout_generate,91.972
2026-09-16T00:02:33.955957850Z,rollout_generate,78.364
2026-09-16T00:02:34.815327010Z,rollout_generate,28.134
2026-09-16T00:02:34.938767117Z,rollout_generate,45.839
2026-09-16T00:02:35.082758054Z,rollout_generate,31.724
2026-09-16T00:02:35.204186801Z,rollout_generate,23.762
2026-09-16T00:02:35.211443671Z,rollout_generate,27.43
2026-09-16T00:02:35.339359088Z,rollout_generate,24.97
2026-09-16T00:02:35.605230592Z,rollout_generate,28.215
2026-09-16T00:02:35.730605159Z,rollout_generate,19.529
2026-09-16T00:02:35.995104473Z,rollout_generate,31.704
2026-09-16T00:02:36.126063530Z,rollout_generate,32.728
2026-09-16T00:02:36.448763882Z,rollout_generate,30.78
2026-09-16T00:02:36.846884633Z,rollout_generate,297.189
2026-09-16T00:02:36.852282593Z,rollout_generate,44.689
2026-09-16T00:02:37.242294344Z,rollout_generate,28.382
2026-09-16T00:02:37.640011465Z,rollout_generate,253.118
2026-09-16T00:02:38.033064776Z,rollout_generate,112.338
2026-09-16T00:02:39.027634483Z,rollout_generate,19.769
2026-09-16T00:02:39.029328383Z,rollout_generate,24.993
2026-09-16T00:02:39.033610523Z,rollout_generate,109.196
2026-09-16T00:02:39.160869430Z,rollout_generate,28.359
2026-09-16T00:02:39.286998777Z,rollout_generate,75.961
2026-09-16T00:02:39.682977718Z,rollout_generate,32.033
2026-09-16T00:02:39.816422404Z,rollout_generate,36.667
2026-09-16T00:02:39.825696154Z,rollout_generate,38.489
2026-09-16T00:02:40.643465915Z,rollout_generate,42.608
2026-09-16T00:02:40.906971259Z,rollout_generate,23.951
2026-09-16T00:02:41.170211773Z,rollout_generate,43.144
2026-09-16T00:02:41.428251637Z,rollout_generate,49.669
2026-09-16T00:02:41.557668194Z,rollout_generate,55.404
2026-09-16T00:02:41.570310314Z,rollout_generate,33.201
2026-09-16T00:02:42.218762089Z,rollout_generate,27.488
2026-09-16T00:02:42.479839523Z,rollout_generate,26.467
2026-09-16T00:02:42.482754853Z,rollout_generate,14.715
2026-09-16T00:02:42.619495670Z,rollout_generate,32.747
2026-09-16T00:02:42.876594724Z,rollout_generate,33.83
2026-09-16T00:02:43.481067960Z,rollout_generate,33.617
2026-09-16T00:02:43.744312124Z,rollout_generate,21.876
2026-09-16T00:02:44.659957892Z,rollout_generate,23.295
2026-09-16T00:02:45.317846207Z,rollout_generate,14.649
2026-09-16T00:02:46.371815293Z,rollout_generate,71.463
2026-09-16T00:02:46.372365423Z,rollout_generate,25.13
2026-09-16T00:02:46.641754586Z,rollout_generate,61.45
2026-09-16T00:02:46.941836110Z,rollout_generate,29.153
2026-09-16T00:02:47.073659497Z,rollout_generate,22.456
2026-09-16T00:02:47.207646334Z,rollout_generate,36.005
2026-09-16T00:02:47.217301313Z,rollout_generate,25.043
2026-09-16T00:02:47.470792158Z,rollout_generate,43.177
2026-09-16T00:02:47.473673418Z,rollout_generate,59.968
2026-09-16T00:02:48.136206412Z,rollout_generate,51.042
2026-09-16T00:02:48.262756259Z,rollout_generate,23.95
2026-09-16T00:02:48.400943056Z,rollout_generate,105.767
2026-09-16T00:02:48.535270863Z,rollout_generate,73.582
2026-09-16T00:02:48.667708470Z,rollout_generate,53.861
2026-09-16T00:02:49.415120313Z,rollout_generate,54.003
2026-09-16T00:02:49.678958156Z,rollout_generate,16.477
2026-09-16T00:02:49.812028353Z,rollout_generate,27.766
2026-09-16T00:02:50.205775474Z,rollout_generate,57.394
2026-09-16T00:02:50.343432481Z,rollout_generate,20.952
2026-09-16T00:02:51.129708183Z,rollout_generate,34.728
2026-09-16T00:02:51.401513227Z,rollout_generate,22.357
2026-09-16T00:02:51.528857954Z,rollout_generate,44.841
2026-09-16T00:02:52.038734092Z,rollout_generate,21.643
2026-09-16T00:02:52.953064011Z,rollout_generate,29.816
2026-09-16T00:02:53.092361128Z,rollout_generate,42.148
2026-09-16T00:02:53.094958817Z,rollout_generate,84.478
2026-09-16T00:02:53.358276521Z,rollout_generate,53.904
2026-09-16T00:02:53.359594831Z,rollout_generate,32.868
2026-09-16T00:02:53.754235452Z,rollout_generate,30.236
2026-09-16T00:02:53.876992319Z,rollout_generate,35.71
2026-09-16T00:02:53.877687819Z,rollout_generate,75.024
2026-09-16T00:02:54.094072684Z,rollout_generate,24.714
2026-09-16T00:02:54.495508605Z,rollout_generate,35.001
2026-09-16T00:02:55.284483387Z,rollout_generate,30.445
2026-09-16T00:02:55.548982381Z,rollout_generate,25.516
2026-09-16T00:02:55.806603055Z,rollout_generate,25.383
2026-09-16T00:02:56.085525968Z,rollout_generate,25.354
2026-09-16T00:02:56.940310239Z,rollout_generate,25.277
2026-09-16T00:02:57.735386480Z,rollout_generate,21.643
2026-09-16T00:02:58.127968871Z,rollout_generate,35.931
2026-09-16T00:02:58.130889461Z,rollout_generate,21.374
2026-09-16T00:02:58.398744985Z,rollout_generate,54.786
2026-09-16T00:02:58.919956223Z,rollout_generate,50.064
2026-09-16T00:02:58.925517653Z,rollout_generate,56.923
2026-09-16T00:02:59.913138890Z,rollout_generate,47.648
2026-09-16T00:02:59.926252470Z,rollout_generate,24.809
2026-09-16T00:03:00.311523731Z,rollout_generate,35.705
2026-09-16T00:03:00.572739264Z,rollout_generate,21.239
2026-09-16T00:03:00.705848852Z,rollout_generate,84.892
2026-09-16T00:03:01.102911882Z,rollout_generate,46.103
2026-09-16T00:03:01.363764396Z,rollout_generate,25.069
2026-09-16T00:03:01.376775446Z,rollout_generate,86.323
2026-09-16T00:03:01.500962073Z,rollout_generate,50.152
2026-09-16T00:03:01.629959020Z,rollout_generate,18.831
2026-09-16T00:03:02.815458043Z,rollout_generate,17.208
2026-09-16T00:03:03.211250474Z,rollout_generate,29.328
2026-09-16T00:03:03.349437520Z,rollout_generate,29.249
2026-09-16T00:03:03.692297612Z,rollout_generate,36.361
2026-09-16T00:03:04.485003004Z,rollout_generate,29.119
2026-09-16T00:03:04.748648058Z,rollout_generate,101.051
2026-09-16T00:03:06.073064907Z,rollout_generate,47.933
2026-09-16T00:03:06.595648275Z,rollout_generate,21.621
2026-09-16T00:03:07.125612223Z,rollout_generate,74.323
2026-09-16T00:03:08.125292260Z,rollout_generate,32.447
2026-09-16T00:03:08.390432494Z,rollout_generate,28.427
2026-09-16T00:03:08.523747720Z,rollout_generate,19.569
2026-09-16T00:03:08.927465221Z,rollout_generate,25.969
2026-09-16T00:03:09.050497739Z,rollout_generate,40.281
2026-09-16T00:03:09.051354119Z,rollout_generate,20.449
2026-09-16T00:03:09.846132240Z,rollout_generate,32.272
2026-09-16T00:03:10.241421341Z,rollout_generate,30.735
2026-09-16T00:03:10.770852999Z,rollout_generate,20.63
2026-09-16T00:03:11.302419686Z,rollout_generate,31.939
2026-09-16T00:03:11.494232522Z,rollout_generate,20.039
2026-09-16T00:03:11.891060403Z,rollout_generate,27.869
2026-09-16T00:03:12.029024839Z,rollout_generate,104.191
2026-09-16T00:03:12.420502361Z,rollout_generate,25.736
2026-09-16T00:03:12.682724624Z,rollout_generate,55.684
2026-09-16T00:03:12.817153311Z,rollout_generate,19.368
2026-09-16T00:03:13.526434135Z,rollout_generate,73.233
2026-09-16T00:03:13.659756432Z,rollout_generate,29.843
2026-09-16T00:03:14.191907819Z,rollout_generate,24.627
2026-09-16T00:03:14.196795829Z,rollout_generate,20.822
2026-09-16T00:03:14.980735281Z,rollout_generate,39.064
2026-09-16T00:03:15.508804369Z,rollout_generate,28.114
2026-09-16T00:03:16.038609957Z,rollout_generate,47.181
2026-09-16T00:03:16.436808217Z,rollout_generate,62.318
2026-09-16T00:03:16.845219098Z,rollout_generate,13.689
2026-09-16T00:03:17.037403614Z,rollout_generate,64.695
2026-09-16T00:03:18.489162710Z,rollout_generate,80.349
2026-09-16T00:03:18.752578904Z,rollout_generate,22.498
2026-09-16T00:03:19.420748388Z,rollout_generate,27.666
2026-09-16T00:03:19.545449856Z,rollout_generate,21.086
2026-09-16T00:03:20.069673444Z,rollout_generate,46.889
2026-09-16T00:03:20.077921593Z,rollout_generate,23.642
2026-09-16T00:03:20.335385797Z,rollout_generate,28.647
2026-09-16T00:03:20.465051454Z,rollout_generate,26.227
2026-09-16T00:03:20.596523011Z,rollout_generate,22.131
2026-09-16T00:03:22.076614587Z,rollout_generate,52.538
2026-09-16T00:03:22.080912307Z,rollout_generate,40.194
2026-09-16T00:03:22.210406714Z,rollout_generate,34.413
2026-09-16T00:03:22.347364161Z,rollout_generate,66.997
2026-09-16T00:03:22.473358408Z,rollout_generate,24.385
2026-09-16T00:03:22.601582085Z,rollout_generate,46.316
2026-09-16T00:03:22.867227849Z,rollout_generate,28.758
2026-09-16T00:03:22.996179296Z,rollout_generate,21.047
2026-09-16T00:03:23.129525303Z,rollout_generate,27.535
2026-09-16T00:03:23.501150544Z,rollout_generate,26.41
2026-09-16T00:03:23.506035634Z,rollout_generate,33.524
2026-09-16T00:03:23.510801884Z,rollout_generate,15.07
2026-09-16T00:03:24.285369306Z,rollout_generate,41.773
2026-09-16T00:03:24.300668626Z,rollout_generate,71.644
2026-09-16T00:03:24.419934793Z,rollout_generate,41.225
2026-09-16T00:03:25.847356920Z,rollout_generate,55.034
2026-09-16T00:03:26.239352441Z,rollout_generate,31.416
2026-09-16T00:03:26.900260795Z,rollout_generate,39.378
2026-09-16T00:03:26.900523566Z,rollout_generate,39.571
2026-09-16T00:03:27.296598366Z,rollout_generate,33.595
2026-09-16T00:03:27.698326527Z,rollout_generate,35.202
2026-09-16T00:03:27.959239741Z,rollout_generate,16.866
2026-09-16T00:03:28.090509728Z,rollout_generate,17.521
2026-09-16T00:03:28.353209242Z,rollout_generate,34.113
2026-09-16T00:03:28.622640726Z,rollout_generate,47.699
2026-09-16T00:03:28.956241028Z,rollout_generate,11.747
2026-09-16T00:03:29.476949956Z,rollout_generate,33.616
2026-09-16T00:03:29.738956100Z,rollout_generate,20.359
2026-09-16T00:03:30.135230631Z,rollout_generate,29.222
2026-09-16T00:03:30.792739036Z,rollout_generate,63.427
2026-09-16T00:03:30.793747505Z,rollout_generate,49.085
2026-09-16T00:03:32.184181843Z,rollout_generate,28.666
2026-09-16T00:03:32.447063457Z,rollout_generate,27.55
2026-09-16T00:03:32.718029291Z,rollout_generate,124.056
2026-09-16T00:03:33.110715092Z,rollout_generate,23.863
2026-09-16T00:03:33.503326693Z,rollout_generate,59.349
2026-09-16T00:03:34.688829345Z,rollout_generate,15.596
2026-09-16T00:03:34.819244012Z,rollout_generate,33.14
2026-09-16T00:03:34.825500252Z,rollout_generate,41.538
2026-09-16T00:03:34.954597899Z,rollout_generate,67.18
2026-09-16T00:03:35.087116996Z,rollout_generate,25.692
2026-09-16T00:03:35.355376490Z,rollout_generate,77.82
2026-09-16T00:03:36.238874359Z,rollout_generate,23.504
2026-09-16T00:03:36.509671193Z,rollout_generate,21.962
2026-09-16T00:03:36.636856190Z,rollout_generate,20.055
2026-09-16T00:03:36.897661164Z,rollout_generate,55.412
2026-09-16T00:03:38.219462284Z,rollout_generate,104.258
2026-09-16T00:03:38.480859268Z,rollout_generate,22.653
2026-09-16T00:03:38.484932067Z,rollout_generate,56.601
2026-09-16T00:03:38.613126145Z,rollout_generate,25.48
2026-09-16T00:03:38.933848377Z,rollout_generate,25.119
2026-09-16T00:03:39.994069083Z,rollout_generate,52.631
2026-09-16T00:03:40.382432894Z,rollout_generate,16.962
2026-09-16T00:03:40.777615714Z,rollout_generate,33.807
2026-09-16T00:03:41.707630523Z,rollout_generate,66.477
2026-09-16T00:03:42.236396971Z,rollout_generate,41.591
2026-09-16T00:03:42.493339675Z,rollout_generate,13.221
2026-09-16T00:03:42.625083252Z,rollout_generate,22.197
2026-09-16T00:03:43.015758793Z,rollout_generate,54.558
2026-09-16T00:03:43.543743410Z,rollout_generate,22.742
2026-09-16T00:03:44.072044648Z,rollout_generate,21.133
2026-09-16T00:03:44.862715310Z,rollout_generate,25.0
2026-09-16T00:03:45.922255375Z,rollout_generate,26.146
2026-09-16T00:03:46.059333983Z,rollout_generate,45.998
2026-09-16T00:03:46.580693260Z,rollout_generate,66.95
2026-09-16T00:03:46.720098957Z,rollout_generate,65.677
2026-09-16T00:03:46.844478854Z,rollout_generate,42.817
2026-09-16T00:03:47.112791438Z,rollout_generate,26.06
2026-09-16T00:03:47.352639802Z,rollout_generate,30.17
2026-09-16T00:03:48.141988814Z,rollout_generate,23.476
2026-09-16T00:03:49.721384898Z,rollout_generate,19.943
2026-09-16T00:03:51.298930611Z,rollout_generate,56.485
2026-09-16T00:03:51.430241348Z,rollout_generate,16.385
2026-09-16T00:03:51.560660645Z,rollout_generate,39.921
2026-09-16T00:03:51.692119332Z,rollout_generate,27.871
2026-09-16T00:03:52.255229679Z,rollout_generate,116.76
2026-09-16T00:03:52.511655983Z,rollout_generate,50.681
2026-09-16T00:03:52.640077490Z,rollout_generate,24.802
2026-09-16T00:03:52.647461010Z,rollout_generate,22.184
2026-09-16T00:03:52.648899200Z,rollout_generate,29.436
2026-09-16T00:03:54.086925137Z,rollout_generate,31.664
2026-09-16T00:03:54.221298903Z,rollout_generate,24.039
2026-09-16T00:03:54.482219457Z,rollout_generate,82.936
2026-09-16T00:03:55.495384114Z,rollout_generate,76.148
2026-09-16T00:03:56.152732459Z,rollout_generate,43.164
2026-09-16T00:03:56.286644816Z,rollout_generate,33.743
2026-09-16T00:03:56.417153513Z,rollout_generate,15.714
2026-09-16T00:03:56.548614900Z,rollout_generate,28.271
2026-09-16T00:03:56.947516240Z,rollout_generate,74.176
2026-09-16T00:03:57.488853738Z,rollout_generate,26.42
2026-09-16T00:03:57.858683130Z,rollout_generate,21.344
2026-09-16T00:03:58.787983568Z,rollout_generate,32.223
2026-09-16T00:03:59.055055092Z,rollout_generate,30.646
2026-09-16T00:03:59.318185606Z,rollout_generate,26.815
2026-09-16T00:03:59.715369076Z,rollout_generate,27.118
2026-09-16T00:04:00.505824308Z,rollout_generate,21.683
2026-09-16T00:04:01.824654958Z,rollout_generate,35.839
2026-09-16T00:04:02.866347554Z,rollout_generate,35.635
2026-09-16T00:04:03.917654379Z,rollout_generate,20.989
2026-09-16T00:04:03.918900669Z,rollout_generate,51.242
2026-09-16T00:04:03.926077069Z,rollout_generate,65.377
2026-09-16T00:04:04.052500616Z,rollout_generate,64.987
2026-09-16T00:04:04.190121713Z,rollout_generate,87.206
2026-09-16T00:04:04.322598890Z,rollout_generate,95.734
2026-09-16T00:04:04.579236144Z,rollout_generate,17.357
2026-09-16T00:04:06.547925018Z,rollout_generate,21.354
2026-09-16T00:04:06.549084829Z,rollout_generate,19.047
2026-09-16T00:04:06.808772423Z,rollout_generate,14.791
2026-09-16T00:04:06.939145400Z,rollout_generate,53.152
2026-09-16T00:04:07.344405960Z,rollout_generate,30.803
2026-09-16T00:04:07.345913230Z,rollout_generate,17.317
2026-09-16T00:04:07.609317824Z,rollout_generate,23.184
2026-09-16T00:04:07.741527351Z,rollout_generate,15.969
2026-09-16T00:04:07.872762968Z,rollout_generate,67.82
2026-09-16T00:04:08.926795553Z,rollout_generate,24.967
2026-09-16T00:04:09.330926724Z,rollout_generate,64.378
2026-09-16T00:04:09.340457924Z,rollout_generate,59.347
2026-09-16T00:04:09.939430480Z,rollout_generate,36.121
2026-09-16T00:04:10.464242238Z,rollout_generate,82.7
2026-09-16T00:04:10.733673892Z,rollout_generate,90.776
2026-09-16T00:04:10.988708096Z,rollout_generate,32.44
2026-09-16T00:04:11.120366253Z,rollout_generate,37.694
2026-09-16T00:04:11.515887654Z,rollout_generate,51.007
2026-09-16T00:04:11.520413043Z,rollout_generate,49.135
2026-09-16T00:04:12.306326775Z,rollout_generate,16.405
2026-09-16T00:04:12.440443452Z,rollout_generate,81.777
2026-09-16T00:04:14.639227791Z,rollout_generate,33.539
2026-09-16T00:04:15.301104116Z,rollout_generate,35.603
2026-09-16T00:04:15.307960546Z,rollout_generate,47.867
2026-09-16T00:04:15.828921614Z,rollout_generate,68.559
2026-09-16T00:04:16.358170411Z,rollout_generate,19.632
2026-09-16T00:04:16.887547879Z,rollout_generate,30.633
2026-09-16T00:04:16.891924029Z,rollout_generate,18.683
2026-09-16T00:04:17.542862074Z,rollout_generate,65.043
2026-09-16T00:04:17.807242518Z,rollout_generate,24.8
2026-09-16T00:04:17.808291998Z,rollout_generate,91.293
2026-09-16T00:04:17.809918188Z,rollout_generate,69.017
2026-09-16T00:04:17.812670368Z,rollout_generate,23.285
2026-09-16T00:04:18.076996142Z,rollout_generate,42.643
2026-09-16T00:04:18.844412484Z,rollout_generate,21.066
2026-09-16T00:04:18.847687624Z,rollout_generate,75.351
2026-09-16T00:04:18.977173041Z,rollout_generate,39.779
2026-09-16T00:04:19.504605389Z,rollout_generate,44.381
2026-09-16T00:04:20.127172874Z,rollout_generate,51.179
2026-09-16T00:04:20.392161078Z,rollout_generate,105.308
2026-09-16T00:04:20.788552959Z,rollout_generate,21.047
2026-09-16T00:04:21.579288071Z,rollout_generate,89.22
2026-09-16T00:04:21.710438548Z,rollout_generate,44.486
2026-09-16T00:04:21.839499855Z,rollout_generate,24.601
2026-09-16T00:04:21.970837352Z,rollout_generate,35.052
2026-09-16T00:04:22.103309159Z,rollout_generate,28.967
2026-09-16T00:04:22.234926595Z,rollout_generate,23.13
2026-09-16T00:04:22.236278895Z,rollout_generate,46.543
2026-09-16T00:04:22.628980826Z,rollout_generate,109.823
2026-09-16T00:04:22.632352246Z,rollout_generate,47.474
2026-09-16T00:04:22.760819583Z,rollout_generate,55.54
2026-09-16T00:04:23.376690219Z,rollout_generate,68.88
2026-09-16T00:04:24.301715388Z,rollout_generate,61.808
2026-09-16T00:04:24.826893366Z,rollout_generate,37.374
2026-09-16T00:04:25.822650383Z,rollout_generate,73.637
2026-09-16T00:04:26.613307544Z,rollout_generate,70.426
2026-09-16T00:04:26.618241194Z,rollout_generate,50.894
2026-09-16T00:04:26.629772134Z,rollout_generate,80.407
2026-09-16T00:04:26.878835648Z,rollout_generate,111.262
2026-09-16T00:04:27.669600590Z,rollout_generate,15.045
2026-09-16T00:04:28.194550708Z,rollout_generate,67.704
2026-09-16T00:04:28.458351242Z,rollout_generate,36.555
2026-09-16T00:04:29.250319263Z,rollout_generate,24.988
2026-09-16T00:04:30.172544372Z,rollout_generate,53.259
2026-09-16T00:04:30.300770059Z,rollout_generate,22.217
2026-09-16T00:04:30.307705149Z,rollout_generate,61.614
2026-09-16T00:04:31.390601694Z,rollout_generate,23.739
2026-09-16T00:04:32.050472019Z,rollout_generate,80.239
2026-09-16T00:04:32.179173116Z,rollout_generate,25.306
2026-09-16T00:04:33.763049899Z,rollout_generate,38.951
2026-09-16T00:04:33.766981759Z,rollout_generate,103.275
2026-09-16T00:04:33.892036446Z,rollout_generate,22.449
2026-09-16T00:04:34.418540554Z,rollout_generate,17.744
2026-09-16T00:04:35.332044923Z,rollout_generate,34.5
2026-09-16T00:04:35.462906529Z,rollout_generate,39.641
2026-09-16T00:04:35.857988031Z,rollout_generate,64.711
2026-09-16T00:04:36.773564319Z,rollout_generate,18.65
2026-09-16T00:04:37.431303564Z,rollout_generate,30.741
2026-09-16T00:04:37.826142915Z,rollout_generate,73.76
2026-09-16T00:04:37.830789185Z,rollout_generate,74.378
2026-09-16T00:04:37.954961942Z,rollout_generate,75.203
2026-09-16T00:04:38.482568370Z,rollout_generate,23.503
2026-09-16T00:04:38.614597976Z,rollout_generate,83.309
2026-09-16T00:04:39.137909084Z,rollout_generate,35.074
2026-09-16T00:04:40.059069673Z,rollout_generate,57.485
2026-09-16T00:04:40.318817867Z,rollout_generate,32.375
2026-09-16T00:04:40.580554561Z,rollout_generate,22.406
2026-09-16T00:04:40.843248095Z,rollout_generate,18.273
2026-09-16T00:04:42.327139541Z,rollout_generate,26.726
2026-09-16T00:04:42.459061068Z,rollout_generate,20.427
2026-09-16T00:04:42.721967112Z,rollout_generate,14.731
2026-09-16T00:04:43.646178800Z,rollout_generate,47.184
2026-09-16T00:04:44.040872571Z,rollout_generate,25.896
2026-09-16T00:04:44.302929215Z,rollout_generate,27.011
2026-09-16T00:04:44.825622753Z,rollout_generate,35.757
2026-09-16T00:04:44.826452283Z,rollout_generate,22.265
2026-09-16T00:04:45.091673297Z,rollout_generate,53.473
2026-09-16T00:04:45.617459425Z,rollout_generate,80.86
2026-09-16T00:04:47.857499773Z,rollout_generate,21.742
2026-09-16T00:04:47.859248173Z,rollout_generate,17.224
2026-09-16T00:04:48.250918804Z,rollout_generate,69.434
2026-09-16T00:04:48.643989805Z,rollout_generate,28.234
2026-09-16T00:04:48.773237921Z,rollout_generate,14.033
2026-09-16T00:04:49.432591437Z,rollout_generate,52.558
2026-09-16T00:04:49.961538594Z,rollout_generate,42.295
2026-09-16T00:04:50.199768089Z,rollout_generate,64.002
2026-09-16T00:04:51.121943567Z,rollout_generate,87.469
2026-09-16T00:04:51.252649914Z,rollout_generate,34.044
2026-09-16T00:04:51.516006388Z,rollout_generate,28.582
2026-09-16T00:04:51.649904615Z,rollout_generate,26.487
2026-09-16T00:04:52.573948824Z,rollout_generate,39.97
2026-09-16T00:04:52.705292921Z,rollout_generate,23.129
2026-09-16T00:04:53.475601553Z,rollout_generate,26.453
2026-09-16T00:04:53.608440020Z,rollout_generate,47.341
2026-09-16T00:04:53.739478767Z,rollout_generate,60.753
2026-09-16T00:04:53.750485626Z,rollout_generate,201.849
2026-09-16T00:04:54.135296618Z,rollout_generate,18.476
2026-09-16T00:04:54.796575722Z,rollout_generate,18.999
2026-09-16T00:04:54.798435212Z,rollout_generate,47.659
2026-09-16T00:04:55.060314686Z,rollout_generate,35.227
2026-09-16T00:04:56.197682040Z,rollout_generate,122.013
2026-09-16T00:04:56.991227502Z,rollout_generate,33.891
2026-09-16T00:04:57.122709408Z,rollout_generate,26.677
2026-09-16T00:04:57.398460842Z,rollout_generate,57.524
2026-09-16T00:04:58.047046507Z,rollout_generate,20.465
2026-09-16T00:04:58.180877494Z,rollout_generate,47.917
2026-09-16T00:04:58.443906638Z,rollout_generate,26.743
2026-09-16T00:04:58.708819722Z,rollout_generate,24.499
2026-09-16T00:04:59.635879761Z,rollout_generate,55.564
2026-09-16T00:04:59.900763914Z,rollout_generate,15.942
2026-09-16T00:05:00.427271912Z,rollout_generate,49.113
2026-09-16T00:05:01.523498417Z,rollout_generate,20.219
2026-09-16T00:05:02.184061891Z,rollout_generate,29.547
2026-09-16T00:05:02.448001475Z,rollout_generate,23.001
2026-09-16T00:05:02.970845353Z,rollout_generate,13.843
2026-09-16T00:05:03.236607357Z,rollout_generate,47.768
2026-09-16T00:05:03.763105165Z,rollout_generate,67.147
2026-09-16T00:05:04.027960289Z,rollout_generate,20.985
2026-09-16T00:05:04.841925880Z,rollout_generate,46.991
2026-09-16T00:05:04.974827287Z,rollout_generate,55.484
2026-09-16T00:05:06.425033463Z,rollout_generate,23.78
2026-09-16T00:05:06.951466411Z,rollout_generate,22.301
2026-09-16T00:05:07.347642892Z,rollout_generate,19.137
2026-09-16T00:05:08.134886254Z,rollout_generate,16.874
2026-09-16T00:05:08.136972274Z,rollout_generate,30.162
2026-09-16T00:05:08.545679104Z,rollout_generate,50.109
2026-09-16T00:05:09.168779280Z,rollout_generate,30.341
2026-09-16T00:05:09.432909114Z,rollout_generate,35.357
2026-09-16T00:05:09.958151182Z,rollout_generate,66.783
2026-09-16T00:05:10.090376308Z,rollout_generate,46.554
2026-09-16T00:05:10.486054189Z,rollout_generate,16.294
2026-09-16T00:05:10.617584966Z,rollout_generate,77.77
2026-09-16T00:05:10.884145130Z,rollout_generate,51.628
2026-09-16T00:05:11.015644067Z,rollout_generate,15.623
2026-09-16T00:05:11.411864538Z,rollout_generate,50.308
2026-09-16T00:05:11.414300338Z,rollout_generate,16.239
2026-09-16T00:05:13.116723558Z,rollout_generate,40.738
2026-09-16T00:05:13.118652098Z,rollout_generate,27.824
2026-09-16T00:05:14.304282911Z,rollout_generate,19.215
2026-09-16T00:05:14.830102669Z,rollout_generate,72.861
2026-09-16T00:05:15.491708523Z,rollout_generate,45.168
2026-09-16T00:05:17.328066501Z,rollout_generate,36.528
2026-09-16T00:05:18.111368683Z,rollout_generate,35.334
2026-09-16T00:05:18.371936617Z,rollout_generate,27.094
2026-09-16T00:05:18.501119594Z,rollout_generate,74.166
2026-09-16T00:05:19.152568169Z,rollout_generate,92.294
2026-09-16T00:05:19.678974997Z,rollout_generate,75.471
2026-09-16T00:05:19.942186571Z,rollout_generate,16.639
2026-09-16T00:05:20.467795879Z,rollout_generate,26.507
2026-09-16T00:05:20.601556885Z,rollout_generate,16.272
2026-09-16T00:05:20.734087232Z,rollout_generate,86.325
2026-09-16T00:05:21.390444187Z,rollout_generate,22.366
2026-09-16T00:05:21.522660434Z,rollout_generate,52.72
2026-09-16T00:05:22.442160133Z,rollout_generate,70.585
2026-09-16T00:05:22.701414477Z,rollout_generate,59.693
2026-09-16T00:05:23.498497298Z,rollout_generate,64.504
2026-09-16T00:05:23.892478029Z,rollout_generate,32.038
2026-09-16T00:05:24.155484903Z,rollout_generate,29.707
2026-09-16T00:05:25.078859452Z,rollout_generate,27.692
2026-09-16T00:05:25.208551039Z,rollout_generate,23.21
2026-09-16T00:05:25.212538049Z,rollout_generate,96.764
2026-09-16T00:05:26.264614234Z,rollout_generate,20.951
2026-09-16T00:05:26.398028661Z,rollout_generate,18.255
2026-09-16T00:05:26.662478185Z,rollout_generate,33.641
2026-09-16T00:05:27.455704557Z,rollout_generate,24.966
2026-09-16T00:05:28.637298979Z,rollout_generate,20.949
2026-09-16T00:05:29.034057210Z,rollout_generate,18.027
2026-09-16T00:05:29.163695327Z,rollout_generate,78.373
2026-09-16T00:05:29.694678835Z,rollout_generate,297.208
2026-09-16T00:05:30.084151696Z,rollout_generate,44.926
2026-09-16T00:05:31.136760072Z,rollout_generate,33.828
2026-09-16T00:05:32.445885831Z,rollout_generate,93.055
2026-09-16T00:05:33.582334745Z,rollout_generate,26.837
2026-09-16T00:05:34.240213960Z,rollout_generate,23.867
2026-09-16T00:05:34.907758025Z,rollout_generate,176.609
2026-09-16T00:05:36.090630737Z,rollout_generate,27.812
2026-09-16T00:05:36.224345674Z,rollout_generate,35.474
2026-09-16T00:05:36.619430975Z,rollout_generate,33.217
2026-09-16T00:05:37.275458420Z,rollout_generate,79.309
2026-09-16T00:05:37.797077998Z,rollout_generate,24.365
2026-09-16T00:05:38.058187241Z,rollout_generate,78.936
2026-09-16T00:05:38.318242746Z,rollout_generate,34.24
2026-09-16T00:05:38.982731730Z,rollout_generate,18.146
2026-09-16T00:05:40.170322813Z,rollout_generate,21.614
2026-09-16T00:05:41.755698736Z,rollout_generate,32.257
2026-09-16T00:05:42.411817101Z,rollout_generate,21.47
2026-09-16T00:05:43.196003203Z,rollout_generate,50.302
2026-09-16T00:05:43.852959367Z,rollout_generate,30.417
2026-09-16T00:05:44.119118731Z,rollout_generate,54.341
2026-09-16T00:05:44.243600789Z,rollout_generate,19.768
2026-09-16T00:05:45.309774314Z,rollout_generate,82.743
2026-09-16T00:05:46.104537626Z,rollout_generate,42.855
2026-09-16T00:05:46.630905243Z,rollout_generate,19.869
2026-09-16T00:05:46.635607083Z,rollout_generate,25.55
2026-09-16T00:05:47.026411394Z,rollout_generate,24.28
2026-09-16T00:05:47.292518908Z,rollout_generate,21.934
2026-09-16T00:05:48.347861894Z,rollout_generate,26.631
2026-09-16T00:05:49.346061360Z,rollout_generate,50.587
2026-09-16T00:05:49.480245707Z,rollout_generate,99.98
2026-09-16T00:05:50.271555459Z,rollout_generate,39.087
2026-09-16T00:05:50.532688093Z,rollout_generate,40.778
2026-09-16T00:05:50.534742703Z,rollout_generate,21.434
2026-09-16T00:05:51.986272269Z,rollout_generate,21.583
2026-09-16T00:05:52.250027273Z,rollout_generate,66.308
2026-09-16T00:05:52.911874828Z,rollout_generate,25.141
2026-09-16T00:05:53.313109579Z,rollout_generate,62.992
2026-09-16T00:05:53.731871519Z,rollout_generate,36.071
2026-09-16T00:05:53.736570909Z,rollout_generate,28.389
2026-09-16T00:05:53.863614946Z,rollout_generate,50.49
2026-09-16T00:05:54.920233991Z,rollout_generate,92.492
2026-09-16T00:05:54.930242581Z,rollout_generate,56.73
2026-09-16T00:05:55.712766193Z,rollout_generate,35.45
2026-09-16T00:05:56.641668502Z,rollout_generate,31.269
2026-09-16T00:05:56.773343839Z,rollout_generate,198.594
2026-09-16T00:05:57.692987147Z,rollout_generate,30.276
2026-09-16T00:05:58.087400088Z,rollout_generate,15.387
2026-09-16T00:05:59.064397986Z,rollout_generate,67.079
2026-09-16T00:06:00.655547939Z,rollout_generate,96.227
2026-09-16T00:06:00.786898316Z,rollout_generate,25.478
2026-09-16T00:06:01.050241149Z,rollout_generate,24.511
2026-09-16T00:06:01.978559148Z,rollout_generate,50.252
2026-09-16T00:06:02.109916805Z,rollout_generate,27.447
2026-09-16T00:06:02.504919216Z,rollout_generate,35.514
2026-09-16T00:06:03.161943211Z,rollout_generate,41.308
2026-09-16T00:06:03.683829149Z,rollout_generate,89.625
2026-09-16T00:06:04.990678769Z,rollout_generate,74.698
2026-09-16T00:06:06.441553075Z,rollout_generate,50.805
2026-09-16T00:06:06.704528259Z,rollout_generate,68.202
2026-09-16T00:06:07.760789125Z,rollout_generate,29.101
2026-09-16T00:06:10.391520673Z,rollout_generate,22.659
2026-09-16T00:06:10.520943690Z,rollout_generate,24.09
2026-09-16T00:06:11.567639806Z,rollout_generate,34.628
2026-09-16T00:06:11.827873770Z,rollout_generate,20.774
2026-09-16T00:06:12.873245866Z,rollout_generate,30.781
2026-09-16T00:06:13.135311360Z,rollout_generate,25.809
2026-09-16T00:06:13.397410944Z,rollout_generate,40.593
2026-09-16T00:06:14.491188119Z,rollout_generate,112.301
2026-09-16T00:06:14.885419740Z,rollout_generate,26.227
2026-09-16T00:06:15.548141184Z,rollout_generate,24.99
2026-09-16T00:06:16.075138852Z,rollout_generate,17.688
2026-09-16T00:06:16.340558306Z,rollout_generate,69.076
2026-09-16T00:06:17.403222771Z,rollout_generate,53.223
2026-09-16T00:06:17.801513262Z,rollout_generate,39.375
2026-09-16T00:06:18.324521860Z,rollout_generate,28.529
2026-09-16T00:06:18.751922690Z,rollout_generate,22.731
2026-09-16T00:06:19.015698824Z,rollout_generate,26.674
2026-09-16T00:06:19.942893823Z,rollout_generate,65.332
2026-09-16T00:06:21.669071752Z,rollout_generate,92.733
2026-09-16T00:06:22.333936907Z,rollout_generate,68.081
2026-09-16T00:06:22.731401638Z,rollout_generate,98.366
2026-09-16T00:06:24.306034191Z,rollout_generate,23.234
2026-09-16T00:06:25.353121807Z,rollout_generate,62.313
2026-09-16T00:06:25.614853961Z,rollout_generate,83.299
2026-09-16T00:06:25.746880308Z,rollout_generate,80.619
2026-09-16T00:06:25.747526288Z,rollout_generate,46.436
2026-09-16T00:06:25.878942765Z,rollout_generate,27.844
2026-09-16T00:06:25.881160505Z,rollout_generate,49.458
2026-09-16T00:06:26.958500690Z,rollout_generate,48.697
2026-09-16T00:06:27.223582534Z,rollout_generate,42.965
2026-09-16T00:06:29.474805262Z,rollout_generate,38.615
2026-09-16T00:06:30.400834611Z,rollout_generate,71.879
2026-09-16T00:06:30.530826098Z,rollout_generate,36.541
2026-09-16T00:06:32.289583767Z,rollout_generate,94.744
2026-09-16T00:06:33.346825882Z,rollout_generate,46.438
2026-09-16T00:06:34.272026951Z,rollout_generate,23.431
2026-09-16T00:06:34.671763442Z,rollout_generate,47.712
2026-09-16T00:06:35.196851930Z,rollout_generate,28.176
2026-09-16T00:06:35.851005235Z,rollout_generate,19.472
2026-09-16T00:06:36.111344538Z,rollout_generate,31.089
2026-09-16T00:06:36.899071720Z,rollout_generate,41.83
2026-09-16T00:06:36.900333210Z,rollout_generate,28.572
2026-09-16T00:06:37.022936637Z,rollout_generate,18.375
2026-09-16T00:06:37.286878011Z,rollout_generate,68.317
2026-09-16T00:06:37.545330705Z,rollout_generate,25.238
2026-09-16T00:06:37.676004762Z,rollout_generate,54.158
2026-09-16T00:06:38.565768662Z,rollout_generate,74.926
2026-09-16T00:06:38.828933556Z,rollout_generate,64.931
2026-09-16T00:06:39.357952394Z,rollout_generate,27.337
2026-09-16T00:06:40.412130069Z,rollout_generate,29.603
2026-09-16T00:06:40.815854530Z,rollout_generate,38.516
2026-09-16T00:06:42.000328902Z,rollout_generate,22.661
2026-09-16T00:06:42.537249950Z,rollout_generate,27.333
2026-09-16T00:06:42.542791220Z,rollout_generate,124.386
2026-09-16T00:06:43.746322092Z,rollout_generate,74.431
2026-09-16T00:06:44.140408523Z,rollout_generate,19.552
2026-09-16T00:06:44.272971690Z,rollout_generate,63.759
2026-09-16T00:06:46.520246948Z,rollout_generate,24.505
2026-09-16T00:06:46.916745739Z,rollout_generate,129.861
2026-09-16T00:06:49.789844272Z,rollout_generate,22.114
2026-09-16T00:06:50.050737776Z,rollout_generate,30.981
2026-09-16T00:06:50.060602546Z,rollout_generate,98.324
2026-09-16T00:06:51.648408259Z,rollout_generate,25.629
2026-09-16T00:06:52.570117398Z,rollout_generate,58.495
2026-09-16T00:06:53.226968883Z,rollout_generate,17.085
2026-09-16T00:06:53.491309256Z,rollout_generate,60.913
2026-09-16T00:06:53.885258287Z,rollout_generate,51.056
2026-09-16T00:06:54.545881292Z,rollout_generate,28.309
2026-09-16T00:06:55.592785788Z,rollout_generate,32.951
2026-09-16T00:06:55.723466895Z,rollout_generate,19.334
2026-09-16T00:06:55.983448229Z,rollout_generate,71.547
2026-09-16T00:06:57.540679293Z,rollout_generate,129.4
2026-09-16T00:06:57.801380357Z,rollout_generate,19.891
2026-09-16T00:06:58.058207461Z,rollout_generate,31.952
2026-09-16T00:06:58.061061171Z,rollout_generate,16.93
2026-09-16T00:06:58.893955022Z,rollout_generate,57.368
2026-09-16T00:06:58.900536031Z,rollout_generate,74.326
2026-09-16T00:06:59.813629690Z,rollout_generate,25.089
2026-09-16T00:07:01.924045781Z,rollout_generate,43.61
2026-09-16T00:07:02.971748287Z,rollout_generate,73.309
2026-09-16T00:07:04.147790670Z,rollout_generate,24.455
2026-09-16T00:07:04.408279264Z,rollout_generate,13.999
2026-09-16T00:07:04.665691038Z,rollout_generate,49.861
2026-09-16T00:07:08.000485711Z,rollout_generate,54.79
2026-09-16T00:07:08.263613745Z,rollout_generate,64.805
2026-09-16T00:07:08.392543462Z,rollout_generate,82.748
2026-09-16T00:07:09.833578569Z,rollout_generate,34.168
2026-09-16T00:07:10.092221402Z,rollout_generate,27.725
2026-09-16T00:07:10.478163794Z,rollout_generate,26.013
2026-09-16T00:07:11.382282233Z,rollout_generate,30.681
2026-09-16T00:07:11.901386021Z,rollout_generate,25.083
2026-09-16T00:07:12.417944669Z,rollout_generate,34.602
2026-09-16T00:07:13.120591612Z,rollout_generate,19.589
2026-09-16T00:07:14.296707415Z,rollout_generate,68.986
2026-09-16T00:07:14.949850770Z,rollout_generate,32.081
2026-09-16T00:07:15.083838107Z,rollout_generate,61.316
2026-09-16T00:07:15.739978612Z,rollout_generate,57.652
2026-09-16T00:07:15.747587621Z,rollout_generate,23.722
2026-09-16T00:07:15.748338381Z,rollout_generate,17.587
2026-09-16T00:07:16.783939548Z,rollout_generate,59.066
2026-09-16T00:07:17.561295170Z,rollout_generate,40.341
2026-09-16T00:07:17.947309261Z,rollout_generate,39.977
2026-09-16T00:07:21.626785785Z,rollout_generate,51.835
2026-09-16T00:07:24.504796579Z,rollout_generate,26.095
2026-09-16T00:07:24.897092350Z,rollout_generate,85.504
2026-09-16T00:07:25.283842821Z,rollout_generate,25.051
2026-09-16T00:07:26.059474293Z,rollout_generate,47.09
2026-09-16T00:07:26.446081454Z,rollout_generate,27.217
2026-09-16T00:07:27.090572759Z,rollout_generate,90.297
2026-09-16T00:07:29.368220486Z,rollout_generate,75.926
2026-09-16T00:07:31.855898009Z,rollout_generate,21.439
2026-09-16T00:07:32.118707913Z,rollout_generate,29.906
2026-09-16T00:07:32.380713417Z,rollout_generate,57.38
2026-09-16T00:07:32.766956158Z,rollout_generate,33.53
2026-09-16T00:07:33.410551433Z,rollout_generate,70.36
2026-09-16T00:07:34.315425512Z,rollout_generate,63.69
2026-09-16T00:07:34.316716402Z,rollout_generate,38.292
2026-09-16T00:07:34.572061516Z,rollout_generate,22.382
2026-09-16T00:07:35.519980454Z,rollout_generate,58.47
2026-09-16T00:07:35.909186265Z,rollout_generate,25.144
2026-09-16T00:07:35.911730375Z,rollout_generate,48.708
2026-09-16T00:07:36.953814801Z,rollout_generate,38.556
2026-09-16T00:07:37.213245005Z,rollout_generate,21.124
2026-09-16T00:07:38.132609344Z,rollout_generate,33.536
2026-09-16T00:07:40.098004248Z,rollout_generate,14.335
2026-09-16T00:07:41.005734647Z,rollout_generate,30.687
2026-09-16T00:07:42.296307947Z,rollout_generate,28.867
2026-09-16T00:07:44.800020719Z,rollout_generate,74.126
2026-09-16T00:07:45.455476744Z,rollout_generate,78.192
2026-09-16T00:07:46.635512387Z,rollout_generate,31.365
2026-09-16T00:07:47.678930473Z,rollout_generate,136.2
2026-09-16T00:07:47.680789863Z,rollout_generate,68.989
2026-09-16T00:07:47.682064563Z,rollout_generate,57.417
2026-09-16T00:07:48.967697053Z,rollout_generate,28.843
2026-09-16T00:07:51.932128904Z,rollout_generate,177.745
2026-09-16T00:07:54.045742146Z,rollout_generate,38.595
2026-09-16T00:07:54.698916551Z,rollout_generate,37.548
2026-09-16T00:07:54.961871174Z,rollout_generate,98.271
2026-09-16T00:07:56.272884804Z,rollout_generate,24.03
2026-09-16T00:07:56.533338408Z,rollout_generate,71.913
2026-09-16T00:07:57.571425844Z,rollout_generate,30.651
2026-09-16T00:07:58.991562551Z,rollout_generate,32.797
2026-09-16T00:07:59.121959508Z,rollout_generate,24.229
2026-09-16T00:07:59.637439346Z,rollout_generate,65.419
2026-09-16T00:08:00.026309907Z,rollout_generate,34.458
2026-09-16T00:08:02.040656830Z,rollout_generate,68.213
2026-09-16T00:08:02.301690095Z,rollout_generate,29.572
2026-09-16T00:08:02.957602509Z,rollout_generate,125.609
2026-09-16T00:08:03.218819573Z,rollout_generate,25.601
2026-09-16T00:08:03.350250410Z,rollout_generate,30.26
2026-09-16T00:08:04.793018607Z,rollout_generate,32.336
2026-09-16T00:08:04.924455904Z,rollout_generate,28.662
2026-09-16T00:08:05.316677105Z,rollout_generate,45.613
2026-09-16T00:08:05.447032872Z,rollout_generate,52.684
2026-09-16T00:08:06.027504938Z,rollout_generate,67.623
2026-09-16T00:08:06.289362552Z,rollout_generate,27.644
2026-09-16T00:08:07.721706379Z,rollout_generate,51.659
2026-09-16T00:08:07.983591653Z,rollout_generate,84.091
2026-09-16T00:08:08.505944411Z,rollout_generate,135.288
2026-09-16T00:08:09.550965057Z,rollout_generate,61.058
2026-09-16T00:08:10.460381626Z,rollout_generate,27.869
2026-09-16T00:08:13.817508198Z,rollout_generate,19.343
2026-09-16T00:08:14.205890879Z,rollout_generate,28.436
2026-09-16T00:08:16.658910472Z,rollout_generate,20.068
2026-09-16T00:08:16.789631649Z,rollout_generate,40.479
2026-09-16T00:08:16.920936806Z,rollout_generate,82.031
2026-09-16T00:08:18.355840093Z,rollout_generate,31.398
2026-09-16T00:08:18.360813213Z,rollout_generate,20.456
2026-09-16T00:08:19.141289025Z,rollout_generate,15.483
2026-09-16T00:08:20.050908264Z,rollout_generate,19.692
2026-09-16T00:08:22.213912374Z,rollout_generate,77.19
2026-09-16T00:08:22.607541705Z,rollout_generate,116.528
2026-09-16T00:08:23.653288381Z,rollout_generate,53.98
2026-09-16T00:08:27.167299329Z,rollout_generate,65.226
2026-09-16T00:08:27.429946983Z,rollout_generate,53.681
2026-09-16T00:08:29.494829426Z,rollout_generate,62.261
2026-09-16T00:08:29.624070843Z,rollout_generate,27.229
2026-09-16T00:08:31.432149130Z,rollout_generate,54.169
2026-09-16T00:08:32.464167747Z,rollout_generate,27.355
2026-09-16T00:08:32.850618288Z,rollout_generate,27.567
2026-09-16T00:08:33.760714577Z,rollout_generate,52.409
2026-09-16T00:08:35.121079515Z,rollout_generate,28.508
2026-09-16T00:08:36.164179471Z,rollout_generate,91.367
2026-09-16T00:08:37.730658235Z,rollout_generate,29.861
2026-09-16T00:08:38.773733561Z,rollout_generate,50.734
2026-09-16T00:08:39.291056059Z,rollout_generate,33.713
2026-09-16T00:08:40.708728836Z,rollout_generate,34.995
2026-09-16T00:08:42.511475044Z,rollout_generate,31.75
2026-09-16T00:08:43.283818406Z,rollout_generate,78.048
2026-09-16T00:08:45.342978399Z,rollout_generate,62.746
2026-09-16T00:08:45.599871173Z,rollout_generate,46.295
2026-09-16T00:08:45.729735130Z,rollout_generate,27.051
2026-09-16T00:08:47.378647852Z,rollout_generate,59.536
2026-09-16T00:08:47.770170603Z,rollout_generate,43.666
2026-09-16T00:08:48.290751720Z,rollout_generate,67.74
2026-09-16T00:08:48.682680702Z,rollout_generate,49.189
2026-09-16T00:08:52.716914758Z,rollout_generate,114.876
2026-09-16T00:08:54.654279553Z,rollout_generate,34.309
2026-09-16T00:08:56.203007848Z,rollout_generate,68.193
2026-09-16T00:08:56.334554285Z,rollout_generate,53.645
2026-09-16T00:08:56.926956921Z,rollout_generate,23.792
2026-09-16T00:08:57.575601396Z,rollout_generate,57.598
2026-09-16T00:09:02.007507603Z,rollout_generate,72.676
2026-09-16T00:09:02.525696171Z,rollout_generate,30.804
2026-09-16T00:09:02.654938148Z,rollout_generate,43.967
2026-09-16T00:09:04.203417872Z,rollout_generate,43.84
2026-09-16T00:09:06.008962591Z,rollout_generate,30.562
2026-09-16T00:09:06.395954012Z,rollout_generate,58.27
2026-09-16T00:09:08.304551017Z,rollout_generate,34.769
2026-09-16T00:09:08.567249232Z,rollout_generate,22.935
2026-09-16T00:09:08.959321382Z,rollout_generate,94.35
2026-09-16T00:09:09.747539024Z,rollout_generate,59.799
2026-09-16T00:09:10.007827038Z,rollout_generate,27.172
2026-09-16T00:09:10.793261690Z,rollout_generate,29.496
2026-09-16T00:09:13.921690848Z,rollout_generate,18.952
2026-09-16T00:09:15.216290998Z,rollout_generate,27.077
2026-09-16T00:09:15.603885879Z,rollout_generate,26.661
2026-09-16T00:09:16.602539086Z,rollout_generate,52.644
2026-09-16T00:09:17.253620830Z,rollout_generate,60.218
2026-09-16T00:09:17.906023215Z,rollout_generate,31.837
2026-09-16T00:09:18.818741274Z,rollout_generate,64.134
2026-09-16T00:09:18.950229441Z,rollout_generate,83.964
2026-09-16T00:09:19.602468506Z,rollout_generate,41.547
2026-09-16T00:09:21.172231050Z,rollout_generate,63.92
2026-09-16T00:09:22.205458876Z,rollout_generate,43.072
2026-09-16T00:09:24.360995336Z,rollout_generate,27.143
2026-09-16T00:09:24.622978600Z,rollout_generate,21.644
2026-09-16T00:09:25.533303229Z,rollout_generate,82.429
2026-09-16T00:09:27.103819803Z,rollout_generate,59.361
2026-09-16T00:09:28.665124027Z,rollout_generate,58.504
2026-09-16T00:09:29.182009535Z,rollout_generate,69.191
2026-09-16T00:09:29.439316919Z,rollout_generate,23.101
2026-09-16T00:09:32.530647447Z,rollout_generate,26.829
2026-09-16T00:09:32.659947554Z,rollout_generate,291.706
2026-09-16T00:09:33.563224113Z,rollout_generate,29.02
2026-09-16T00:09:33.566414033Z,rollout_generate,27.034
2026-09-16T00:09:34.975003171Z,rollout_generate,86.148
2026-09-16T00:09:35.627658436Z,rollout_generate,73.115
2026-09-16T00:09:38.360146852Z,rollout_generate,36.025
2026-09-16T00:09:39.010329627Z,rollout_generate,30.119
2026-09-16T00:09:39.011385087Z,rollout_generate,28.698
2026-09-16T00:09:41.594690118Z,rollout_generate,78.673
2026-09-16T00:09:43.392240926Z,rollout_generate,25.157
2026-09-16T00:09:43.778571787Z,rollout_generate,67.297
2026-09-16T00:09:44.034729201Z,rollout_generate,35.456
2026-09-16T00:09:44.163282668Z,rollout_generate,47.818
2026-09-16T00:09:47.287544976Z,rollout_generate,13.396
2026-09-16T00:09:47.938742501Z,rollout_generate,93.608
2026-09-16T00:09:50.286323457Z,rollout_generate,32.716
2026-09-16T00:09:52.098976225Z,rollout_generate,27.461
2026-09-16T00:09:52.747011240Z,rollout_generate,33.001
2026-09-16T00:09:54.426870921Z,rollout_generate,65.998
2026-09-16T00:09:55.709658021Z,rollout_generate,40.124
2026-09-16T00:09:56.734564787Z,rollout_generate,70.814
2026-09-16T00:10:00.200633127Z,rollout_generate,49.075
2026-09-16T00:10:02.255761360Z,rollout_generate,53.151
2026-09-16T00:10:03.770180294Z,rollout_generate,76.192
2026-09-16T00:10:03.898879342Z,rollout_generate,30.058
2026-09-16T00:10:03.902783902Z,rollout_generate,67.214
2026-09-16T00:10:05.198062701Z,rollout_generate,42.529
2026-09-16T00:10:06.763174705Z,rollout_generate,23.058
2026-09-16T00:10:07.806132031Z,rollout_generate,38.053
2026-09-16T00:10:08.585711543Z,rollout_generate,29.288
2026-09-16T00:10:11.673562602Z,rollout_generate,61.527
2026-09-16T00:10:13.600560447Z,rollout_generate,44.127
2026-09-16T00:10:13.729448194Z,rollout_generate,57.832
2026-09-16T00:10:15.130245902Z,rollout_generate,39.205
2026-09-16T00:10:15.523937083Z,rollout_generate,36.813
2026-09-16T00:10:18.650499870Z,rollout_generate,26.271
2026-09-16T00:10:21.239662201Z,rollout_generate,64.342
2026-09-16T00:10:24.461488966Z,rollout_generate,39.318
2026-09-16T00:10:24.466589296Z,rollout_generate,62.959
2026-09-16T00:10:29.859965541Z,rollout_generate,64.916
2026-09-16T00:10:30.115652955Z,rollout_generate,57.286
2026-09-16T00:10:34.397324626Z,rollout_generate,27.31
2026-09-16T00:10:35.184525368Z,rollout_generate,46.821
2026-09-16T00:10:35.188574688Z,rollout_generate,44.583
2026-09-16T00:10:38.415610093Z,rollout_generate,29.531
2026-09-16T00:10:39.962833107Z,rollout_generate,80.809
2026-09-16T00:10:43.703814291Z,rollout_generate,59.604
2026-09-16T00:10:45.120946418Z,rollout_generate,112.113
2026-09-16T00:10:46.798341899Z,rollout_generate,30.958
2026-09-16T00:10:50.925486074Z,rollout_generate,20.743
2026-09-16T00:10:52.735743442Z,rollout_generate,38.705
2026-09-16T00:10:54.295474286Z,rollout_generate,35.371
2026-09-16T00:10:54.561287150Z,rollout_generate,100.308
2026-09-16T00:10:54.817953454Z,rollout_generate,182.581
2026-09-16T00:10:57.423925293Z,rollout_generate,61.382
2026-09-16T00:10:58.972126928Z,rollout_generate,34.224
2026-09-16T00:11:02.699128891Z,rollout_generate,87.385
2026-09-16T00:11:04.400583902Z,rollout_generate,50.512
2026-09-16T00:11:05.308483611Z,rollout_generate,86.005
2026-09-16T00:11:09.341753178Z,rollout_generate,65.419
2026-09-16T00:11:10.379720224Z,rollout_generate,75.812
2026-09-16T00:11:12.456667496Z,rollout_generate,60.437
2026-09-16T00:11:14.254509524Z,rollout_generate,38.716
2026-09-16T00:11:15.925212396Z,rollout_generate,45.502
2026-09-16T00:11:17.853116171Z,rollout_generate,62.358
2026-09-16T00:11:17.854681741Z,rollout_generate,73.673
2026-09-16T00:11:19.265374338Z,rollout_generate,78.694
2026-09-16T00:11:20.292107655Z,rollout_generate,25.708
2026-09-16T00:11:20.548077049Z,rollout_generate,72.421
2026-09-16T00:11:21.569487315Z,rollout_generate,46.856
2026-09-16T00:11:23.250521766Z,rollout_generate,47.751
2026-09-16T00:11:23.772046234Z,rollout_generate,25.968
2026-09-16T00:11:26.241811097Z,rollout_generate,26.162
2026-09-16T00:11:26.761532695Z,rollout_generate,39.306
2026-09-16T00:11:28.562942643Z,rollout_generate,67.014
2026-09-16T00:11:30.107478447Z,rollout_generate,35.21
2026-09-16T00:11:31.261571901Z,rollout_generate,36.374
2026-09-16T00:11:31.268304730Z,rollout_generate,88.748
2026-09-16T00:11:34.731810400Z,rollout_generate,69.905
2026-09-16T00:11:35.269335918Z,rollout_generate,43.872
2026-09-16T00:11:36.674669205Z,rollout_generate,43.659
2026-09-16T00:11:41.741791068Z,rollout_generate,21.171
2026-09-16T00:11:45.080856991Z,rollout_generate,42.07
2026-09-16T00:11:50.604111613Z,rollout_generate,66.601
2026-09-16T00:11:51.631892059Z,rollout_generate,21.206
2026-09-16T00:11:57.408355876Z,rollout_generate,36.712
2026-09-16T00:12:03.700817790Z,rollout_generate,41.819
2026-09-16T00:12:08.405767722Z,rollout_generate,36.822
2026-09-16T00:12:09.059179747Z,rollout_generate,54.44
2026-09-16T00:12:10.758793887Z,rollout_generate,61.284
2026-09-16T00:12:10.763749817Z,rollout_generate,35.69
2026-09-16T00:12:12.444474858Z,rollout_generate,66.837
2026-09-16T00:12:14.509265580Z,rollout_generate,50.399
2026-09-16T00:12:17.476238362Z,rollout_generate,50.952
2026-09-16T00:12:18.628382065Z,rollout_generate,73.953
2026-09-16T00:12:22.597684563Z,rollout_generate,69.79
2026-09-16T00:12:23.236624999Z,rollout_generate,41.209
2026-09-16T00:12:25.192836063Z,rollout_generate,66.484
2026-09-16T00:12:25.710711741Z,rollout_generate,27.989
2026-09-16T00:12:26.357807246Z,rollout_generate,50.751
2026-09-16T00:12:29.344727477Z,rollout_generate,176.365
2026-09-16T00:12:30.249833956Z,rollout_generate,26.18
2026-09-16T00:12:32.297685169Z,rollout_generate,60.88
2026-09-16T00:12:37.293654623Z,rollout_generate,18.381
2026-09-16T00:12:43.184907677Z,rollout_generate,57.783
2026-09-16T00:12:43.189719737Z,rollout_generate,170.307
2026-09-16T00:12:45.742445298Z,rollout_generate,65.923
2026-09-16T00:12:49.183247198Z,rollout_generate,37.436
2026-09-16T00:12:49.311828315Z,rollout_generate,25.797
2026-09-16T00:12:53.084978638Z,rollout_generate,43.678
2026-09-16T00:12:54.766480559Z,rollout_generate,37.013
2026-09-16T00:12:55.922402982Z,rollout_generate,137.171
2026-09-16T00:12:57.074483886Z,rollout_generate,48.33
2026-09-16T00:12:57.080457956Z,rollout_generate,66.153
2026-09-16T00:13:02.182149878Z,rollout_generate,98.614
2026-09-16T00:13:04.351662527Z,rollout_generate,20.852
2026-09-16T00:13:10.094815955Z,rollout_generate,39.533
2026-09-16T00:13:10.227747421Z,rollout_generate,77.699
2026-09-16T00:13:17.843502805Z,rollout_generate,31.847
2026-09-16T00:13:26.036886596Z,rollout_generate,32.624
2026-09-16T00:13:26.805393898Z,rollout_generate,29.418
2026-09-16T00:13:28.213986885Z,rollout_generate,58.55
2026-09-16T00:13:29.621500173Z,rollout_generate,40.083
2026-09-16T00:13:30.004015524Z,rollout_generate,40.417
2026-09-16T00:13:35.889377858Z,rollout_generate,56.626
2026-09-16T00:13:36.801754197Z,rollout_generate,70.085
2026-09-16T00:13:38.874901459Z,rollout_generate,86.115
2026-09-16T00:13:42.346107009Z,rollout_generate,79.4
2026-09-16T00:13:43.245850168Z,rollout_generate,47.427
2026-09-16T00:13:44.267810264Z,rollout_generate,46.866
2026-09-16T00:13:46.704399358Z,rollout_generate,80.016
2026-09-16T00:13:55.403022226Z,rollout_generate,25.447
