{"jax/core/compile/jaxpr_trace_duration":1.774369570454902e+09,"_timestamp":1.7743695704594975e+09,"jax/core/compile/jaxpr_to_mlir_module_duration":1.7743695704557366e+09,"_runtime":264.264193185,"_wandb":{"runtime":264},"jax/core/compile/backend_compile_duration":1.774369570459425e+09,"_step":0}