_step,_runtime,_timestamp,rewards/train/solve_ratio,rewards/train/advantage/mean,perf/train/global_step_time,canonical/train/active_microbatches,canonical/train/alignment_max_differing_bytes,canonical/train/commit_gradient_norm,canonical/train/effective_learning_rate,canonical/train/max_abs_parameter_delta,canonical/train/parameter_changed_elements,canonical/train/segmented_loss,generation/train/completions/clip_ratio,generation/train/completions/max_length,generation/train/completions/max_raw_length,generation/train/completions/mean_length,generation/train/completions/mean_raw_length,generation/train/completions/min_length,generation/train/completions/min_raw_length,generation/train/prompts/max_length,generation/train/prompts/mean_length,generation/train/prompts/min_length,perf/train/opt_adam_commit_seconds,perf/train/opt_optimizer_d2h_seconds,perf/train/opt_optimizer_h2d_seconds,perf/train/opt_optimizer_logical_bytes,perf/train/opt_optimizer_transaction_seconds,perf/train/rescore_b_seconds,perf/train/weight_sync_seconds,rewards/train/advantage/max,rewards/train/advantage/min,rewards/train/advantage/std,rewards/train/solve_all,rewards/train/solve_none,rewards/train/solve_partial,sampler_trainer/train/logp_diff_max,sampler_trainer/train/logp_diff_mean,sampler_trainer/train/prob_diff_max,sampler_trainer/train/prob_diff_mean,sampler_trainer/train/probs_pearson_corr,trajectory/train/env_time/close_latency/max,trajectory/train/env_time/close_latency/mean,trajectory/train/env_time/close_latency/min,trajectory/train/env_time/reset_latency/max,trajectory/train/env_time/reset_latency/mean,trajectory/train/env_time/reset_latency/min,trajectory/train/env_time/step_latency/max,trajectory/train/env_time/step_latency/mean,trajectory/train/env_time/step_latency/min,trajectory/train/reward_time/reward_latency/max,trajectory/train/reward_time/reward_latency/mean,trajectory/train/reward_time/reward_latency/min,trajectory_rewards/train/max,trajectory_rewards/train/mean,trajectory_rewards/train/min,trajectory_rewards/train/sum
0,2833.307003356,1789268572.247832,0.17578125,1.214306433183765e-17,1927.8371245861053,31,0,0.16697174310684204,1e-06,1.9073486328125e-06,6950953152.0,2.0954757928848267e-09,0,1636,5886,464.1953125,1628.53515625,48,48,4096,4096,4096,71.05829903797712,0,0,65525882888.0,71.11623635701835,77.2540376560064,,1,-0.7142857142857143,0.3144074439581966,0,0,1,0,0,0,0,0.9999998211860657,0.013734590029343963,0.0024885292859835317,0.00018871098291128874,0.28493843402247876,0.05073860636775862,0.0038689710199832916,0.08478022797498852,0.024184585131934,0.0007447600364685059,0,0,0,1,0.17578125,0,45
1,3364.640329173,1789269122.8750992,0.2265625,6.938893903907228e-18,539.056631565094,29,0,0.19569674134254456,1e-06,1.9073486328125e-06,6947654139.0,3.259629011154175e-09,0,2040,5920,474.54296875,1575.18359375,46,46,4096,4096,4096,1.0639121979475021,0,0,65525882888.0,1.1244308860041201,,7.8941293290117756,1,-0.42857142857142855,0.31134992453861954,0,0,1,,,,,,0.0233479889575392,0.0024487760128977243,0.0002018599770963192,0.1495384069858119,0.04722073932816784,0.007617288967594504,0.08006088715046644,0.023668303816521075,0.000937500037252903,0,0,0,1,0.2265625,0,58
2,3900.3644598,1789269654.553915,0.17578125,7.37257477290143e-18,512.5471594333649,29,0,0.25629186630249023,1e-06,1.9073486328125e-06,6946461824.0,-8.149072527885437e-10,0,2491,6338,452.328125,1471.30078125,45,45,4096,4096,4096,0.9066860810853541,0,0,65525882888.0,0.9671186190098524,,8.734873431036249,1,-0.8571428571428571,0.3243911093675884,0,0,1,,,,,,0.020954758976586163,0.002410562413842854,0.00016506994143128395,0.13897282700054348,0.047918910395765124,0.006300310022197664,0.09529636683873832,0.022998316720077128,0.0004658699035644531,0,0,0,1,0.17578125,0,45
3,4468.71118418,1789270190.4742963,0.265625,7.806255641895632e-18,523.6718485355377,32,0,0.3156660795211792,1e-06,1.0132789611816406e-06,6946164912.0,2.7939677238464355e-09,0,1833,6096,471.37890625,1554.64453125,50,50,4096,4096,4096,0.8919826010242105,0,0,65525882888.0,0.9540203489596024,,8.749770427006297,1,-1,0.3606966049415028,0,0,1,,,,,,0.012736949953250587,0.002710276431571401,0.00018363003619015217,0.14232921705115587,0.044792591545956384,0.006507350015453994,0.0774043679703027,0.023080705493612186,0.0005986799951642752,0,0,0,1,0.265625,0,68
4,5098.61701766,1789270758.7109733,0.26171875,1.474514954580286e-17,555.5703959465027,32,0,0.29251110553741455,1e-06,1.0132789611816406e-06,6945481153.0,-1.862645149230957e-09,0,2172,6251,484.14453125,1633.5859375,50,50,4096,4096,4096,0.8925528120016679,0,0,65525882888.0,0.9522940700408071,,8.59717590897344,1,-1,0.38713363194069284,0,0,1,,,,,,0.026000529062002897,0.00265042835553686,0.00018602993804961443,0.1395361670292914,0.045089338304933335,0.00775236904155463,0.07012019597459584,0.023601925422099157,0.0007423000643029809,0,0,0,1,0.26171875,0,67
5,5684.666699987,1789271388.431058,0.22265625,1.3877787807814457e-17,617.3066303730011,30,0,0.24596329033374786,1e-06,1.0132789611816406e-06,6945508525.0,1.9208528101444244e-09,0,2745,6651,536.60546875,1863.859375,58,58,4096,4096,4096,0.9070526019204408,0,0,65525882888.0,0.9675974700367078,,9.047352305962704,1,-1,0.36683283186025245,0,0,1,,,,,,0.014656970044597983,0.0024466854388265347,0.00020377105101943016,0.13661685690749437,0.04188902461601174,0.007423980045132339,0.06618194933980703,0.024038853608089994,0.0007428399985656142,0,0,0,1,0.22265625,0,57
6,6273.320726529,1789271974.4635797,0.375,1.214306433183765e-17,573.0985987186432,32,0,0.3242706060409546,1e-06,1.0132789611816406e-06,6945274810.0,3.725290298461914e-09,0,2133,6299,570.20703125,1787.76171875,69,69,4096,4096,4096,0.9163346210261807,0,0,65525882888.0,0.9754121899604797,,8.884265969041735,1,-1,0.44607128559988557,0,0,1,,,,,,0.022459059953689575,0.0026513900338613894,0.000207910081371665,0.1443207070697099,0.04293580637613559,0.0071452000411227345,0.08414928684942424,0.02648882707399025,0.001163260079920292,0,0,0,1,0.375,0,96
7,6921.556590554,1789272563.3097198,0.29296875,1.1275702593849246e-17,575.544487953186,31,0,0.17541533708572388,1e-06,1.0030344128608704e-06,6944282910.0,0,0,2791,6431,564.89453125,1706.15625,74,74,4096,4096,4096,0.9300256039714441,0,0,65525882888.0,0.9914804429281503,,9.57097557396628,1,-1,0.3359801378969068,0,0,1,,,,,,0.023725989973172545,0.002490748659511155,0.0001893599983304739,0.16642261703964323,0.0545324477302529,0.006186329061165452,0.07826884696260095,0.024275825649510807,0.0005908800521865487,0,0,0,1,0.29296875,0,75
8,7523.20921465,1789273211.5437381,0.23046875,1.431146867680866e-17,634.0430421829224,32,0,0.2596857249736786,1e-06,1.0039657354354858e-06,6944147270.0,2.3283064365386963e-09,0,2913,6261,633.99609375,1828.79296875,79,79,4096,4096,4096,0.9367831939598545,0,0,65525882888.0,1.0139724020846188,,9.513011233066209,1,-1,0.3771198586061228,0,0,1,,,,,,0.018611170002259314,0.0025701802824187325,0.0001746700145304203,0.10475475795101374,0.042202288239877817,0.008925030007958412,0.08228595706168562,0.02599620560749827,0.0008463099366053939,0,0,0,1,0.23046875,0,59
9,8303.495522165,1789273813.2096689,0.296875,8.673617379884035e-18,588.150541305542,30,0,0.21404659748077393,1e-06,1.0021030902862549e-06,6943177521.0,1.862645149230957e-09,0,2519,6893,612.765625,1801.51953125,63,63,4096,4096,4096,0.9328790520085022,0,0,65525882888.0,0.9937540700193495,,10.357297059032135,1,-1,0.38299304624155744,0,0,1,,,,,,0.01617245003581047,0.0021273253319122887,0.00015559990424662828,0.1419904570793733,0.040926865219717,0.011245690053328872,0.0786680409219116,0.02570291665097102,0.0004976099589839578,0,0,0,1,0.296875,0,76
10,8957.245980479,1789274593.399612,0.32421875,1.214306433183765e-17,766.592512845993,31,0,0.24531330168247223,1e-06,1.0021030902862549e-06,6943028085.0,0,0,2906,6091,633.1171875,1780.3203125,81,81,4096,4096,4096,0.9279536720132455,0,0,65525882888.0,0.9883140320889652,71.00527077203151,9.808684685966,1,-0.8571428571428571,0.44103889411530245,0,0,1,0,0,0,0,1,0.017271540011279285,0.002278514029512735,0.00016830000095069408,0.1327994380844757,0.045101230921773094,0.00602104002609849,0.09197898721322417,0.024685060666797654,0.0005735000595450401,0,0,0,1,0.32421875,0,83
11,9565.43249595,1789275247.3201954,0.23046875,1.0408340855860843e-17,640.6361618041992,30,0,0.20023122429847717,1e-06,9.96515154838562e-07,6941794606.0,1.862645149230957e-09,0,3039,6357,684.93359375,1904.3671875,71,71,4096,4096,4096,0.918860682984814,0,0,65525882888.0,0.9803062420105562,,9.79723969695624,1,-0.8571428571428571,0.39041448409063295,0,0,1,,,,,,0.019422788987867534,0.0025141421042462753,0.00019304000306874514,0.20376605598721653,0.04540545051759182,0.007658608956262469,0.08550006605219096,0.026451787900896306,0.0007772700628265738,0,0,0,1,0.23046875,0,59
12,10200.6282608,1789275855.4633763,0.26171875,1.1275702593849246e-17,594.5236778259277,32,0,0.15907730162143707,1e-06,9.98377799987793e-07,6941189962.0,2.7939677238464355e-09,0,2680,6748,664.7265625,1820.26953125,83,83,4096,4096,4096,0.9430701609235257,0,0,65525882888.0,1.0031339699635282,,9.506203572964296,1,-1,0.3040961851058286,0,0,1,,,,,,0.022345368983224034,0.002727197705553408,0.00018843996804207563,0.22929769603069872,0.049803769038135215,0.00838667992502451,0.08260503027122468,0.023110054703010974,0.0007416399894282222,0,0,0,1,0.26171875,0,67
13,10825.328282914,1789276490.645738,0.3671875,2.6020852139652106e-18,621.6685335636139,30,0,0.2097877860069275,1e-06,9.958675946108997e-07,6940961391.0,-2.3283064365386963e-09,0,3952,7858,669.703125,1663.46484375,68,68,4096,4096,4096,0.9316112810047343,0,0,65525882888.0,0.9930798501009122,,9.857428104965948,1,-1,0.35892412932574613,0,0,1,,,,,,0.012667340110056102,0.002240381244519085,0.00017011002637445927,0.17854488699231297,0.044729166893375805,0.006200619973242283,0.08127859805244952,0.023446180450264364,0.000555919948965311,0,0,0,1,0.3671875,0,94
14,11609.858430134,1789277115.078655,0.24609375,1.691355389077387e-17,610.3350532054901,32,0,0.27909234166145325,1e-06,9.993091225624084e-07,6941033054.0,2.6775524020195007e-09,0,2434,6180,670.46875,1864.30859375,79,79,4096,4096,4096,0.9343924010172486,0,0,65525882888.0,1.0038132999325171,,9.701825377997011,1,-0.8571428571428571,0.4000956518287157,0,0,1,,,,,,0.012826179969124496,0.0023450330186278734,0.00020030001178383827,0.17914431588724256,0.044983462530581164,0.0033391600009053946,0.08321704890113324,0.023940368264902645,0.0007404100615531206,0,0,0,1,0.24609375,0,63
15,12237.928262486,1789277899.927849,0.26171875,2.42861286636753e-17,770.9892377853394,32,0,0.19513730704784393,1e-06,9.94652509689331e-07,6940986821.0,9.313225746154785e-09,0,3339,7491,829.07421875,2362.56640625,87,87,4096,4096,4096,0.9721222120570019,0,0,65525882888.0,1.0387935700127855,,10.42346835299395,1,-0.8571428571428571,0.3887775188763793,0,0,1,,,,,,0.018640139023773372,0.0025602690907362557,0.0001849000109359622,0.1265743679832667,0.04527352828063158,0.004377439967356622,0.09874534618575126,0.02801151332914742,0.0007138500222936273,0,0,0,1,0.26171875,0,67
16,12931.750161867,1789278527.8724906,0.21484375,1.214306433183765e-17,614.5974836349487,25,0,0.19254201650619507,1e-06,9.96515154838562e-07,6941659244.0,5.122274160385132e-09,0,3681,7717,638.65625,1579.15234375,78,78,4096,4096,4096,0.9446437020087615,0,0,65525882888.0,1.0049697409849614,,9.689009513007477,1,-1,0.3224191086654962,0,0,1,,,,,,0.01615868997760117,0.002490892555215396,0.00017726002261042595,0.14411489700432867,0.04637026830232571,0.0037683999398723245,0.07834811974316835,0.020015482352846448,0.00047923997044563293,0,0,0,1,0.21484375,0,55
17,13593.36444494,1789279221.8328874,0.390625,1.9949319973733282e-17,680.1398022174835,32,0,0.22592711448669434,1e-06,1.0021030902862549e-06,6942532394.0,-3.725290298461914e-09,0,3872,6791,767.06640625,1889.59375,91,91,4096,4096,4096,0.9648141500074416,0,0,65525882888.0,1.0279122299980372,,9.514326456002891,1,-1,0.4225771273642583,0,0,1,,,,,,0.01579801004845649,0.0023213409940581187,0.00015855999663472176,0.12097747705411166,0.04694988028040825,0.002669979934580624,0.07825589785352349,0.02511922720259463,0.0006384700536727905,0,0,0,1,0.390625,0,100
18,14359.240470498,1789279883.1951048,0.29296875,7.806255641895632e-18,647.5779979228973,32,0,0.24141447246074677,1e-06,1.0076910257339478e-06,6943589457.0,-2.3283064365386963e-09,0,2653,6943,766.8125,1982.90234375,71,71,4096,4096,4096,0.9549810910830274,0,0,65525882888.0,1.0179435599129647,,9.870245643076487,1,-1,0.3968948351945155,0,0,1,,,,,,0.023526428965851665,0.002568375973169168,0.00018952996470034122,0.14640005701221526,0.04276754273814731,0.005438289954327047,0.07998219004366547,0.02457028700337105,0.0006603499641641974,0,0,0,1,0.29296875,0,75
19,15358.848872758,1789280649.351138,0.28125,1.5178830414797062e-17,751.5606899261475,32,0,0.1410452276468277,1e-06,1.0151416063308716e-06,6943484337.0,-6.984919309616089e-10,0.0078125,3967,8192,883.8828125,2008.98046875,83,83,4096,4096,4096,0.9805906910914928,0,0,65525882888.0,1.044692198978737,,10.040667811990716,1,-0.8571428571428571,0.37286808960394824,0,0,1,,,,,,0.01609656005166471,0.002336375283448433,0.00016822002362459898,0.14094405807554722,0.03961872248964937,0.006322760018520057,0.058335109148174524,0.021211052886883408,0.0006598099134862423,0,0,0,1,0.28125,0,72
20,16037.446327282,1789281648.7828236,0.29296875,1.0408340855860843e-17,984.7047157287598,32,0,0.17274291813373566,1e-06,9.872019290924072e-07,6943206671.0,-1.862645149230957e-09,0.0078125,6770,8192,914.4609375,2103.70703125,91,91,4096,4096,4096,0.9947812199825421,0,0,65525882888.0,1.0580377689329907,84.13858842500485,10.449298953055404,1,-1,0.4000956518287157,0,0,1,0,0,0,0,0.9999998807907104,0.015997370006516576,0.0023351807139988523,0.00019255001097917557,0.20384720608126372,0.057786583295637683,0.00936452008318156,0.0760248590959236,0.023788309247265715,0.0006730500608682632,0,0,0,1,0.29296875,0,75
21,16857.999414548,1789282327.4539158,0.2890625,1.474514954580286e-17,664.8716652393341,32,0,0.18713924288749695,1e-06,9.797513484954834e-07,6943336475.0,4.6566128730773926e-09,0,2675,6444,881.30859375,2104.24609375,124,124,4096,4096,4096,0.9367553909542039,0,0,65525882888.0,0.9972473499365151,,10.567446920089424,1,-1,0.4008918628686366,0,0,1,,,,,,0.019508659024722874,0.002249545822451182,0.0001986300339922309,0.2153503759764135,0.050432411808287725,0.006301560089923441,0.08351469913031906,0.026113621510376106,0.0008061109110713005,0,0,0,1,0.2890625,0,74
22,17647.271225029,1789283147.8874,0.21484375,1.3877787807814457e-17,806.6162354946136,32,0,0.16132615506649017,1e-06,9.648501873016357e-07,6941856667.0,8.381903171539307e-09,0.00390625,4000,8192,993.89453125,2427.74609375,124,124,4096,4096,4096,0.9716143299592659,0,0,65525882888.0,1.034575268975459,,9.633354959078133,1,-1,0.37880720420707903,0,0,1,,,,,,0.014114700024947524,0.0023302928716475435,0.00016286992467939854,0.16119797702413052,0.04517346500642816,0.007463439949788153,0.08119110914412886,0.024587752596744394,0.0006246600532904267,0,0,0,1,0.21484375,0,55
23,18307.68506118,1789283937.1272917,0.28515625,1.474514954580286e-17,774.4625041484833,31,0,0.16374611854553223,1e-06,9.718351066112518e-07,6941909042.0,4.6566128730773926e-09,0,4351,7369,989.7421875,2241.91796875,79,79,4096,4096,4096,0.9511934609618038,0,0,65525882888.0,1.0112996600801125,,9.967552589951083,1,-1,0.35981145856446217,0,0,1,,,,,,0.016906650038436055,0.0023055328256305074,0.00019699998665601015,0.14736446796450764,0.04430064754478735,0.008110060007311404,0.0770701781148091,0.023280397007056308,0.0009202000219374895,0,0,0,1,0.28515625,0,73
24,19096.340777706,1789284597.3733754,0.40234375,1.0408340855860843e-17,646.0373547077179,32,0,0.1870388686656952,1e-06,9.648501873016357e-07,6942876306.0,5.587935447692871e-09,0,3540,7929,918.90234375,1912.2890625,95,95,4096,4096,4096,0.9736951710656285,0,0,65525882888.0,1.0373207300435752,,10.808177357073873,1,-1,0.4048494303126655,0,0,1,,,,,,0.01634605904109776,0.002384646574682847,0.00017857993952929974,0.11190974793862551,0.03879761431062434,0.007151740021072328,0.09575876803137362,0.024729343722356134,0.0006225199904292822,0,0,0,1,0.40234375,0,103
25,19810.614238373,1789285386.3365772,0.44140625,6.938893903907228e-18,774.1113049983978,32,0,0.21397653222084045,1e-06,9.55536961555481e-07,6944274718.0,9.313225746154785e-10,0.0078125,8018,8192,948.38671875,1855.40625,142,142,4096,4096,4096,0.9463308920385316,0,0,65525882888.0,1.0070453599328175,,10.099374810000882,1,-1,0.39528470752104744,0,0,1,,,,,,0.016596268978901207,0.002517368590361002,0.000165530014783144,0.1435644970042631,0.046823617125483,0.006576769985258579,0.090327866259031,0.021337195756132132,0.0005854599876329303,0,0,0,1,0.44140625,0,113
26,20621.698013939,1789286100.2790024,0.3671875,1.5612511283791264e-17,698.7414333820343,31,0,0.17553862929344177,1e-06,9.57399606704712e-07,6944533659.0,-5.587935447692871e-09,0.0078125,8192,8192,940.37109375,1863.51953125,92,92,4096,4096,4096,0.9559788720216602,0,0,65525882888.0,1.016788371023722,,10.799088428961113,1,-1,0.3895968612369898,0,0,1,,,,,,0.020720320055261254,0.0021418194119178224,0.00017493998166173697,0.13936034694779664,0.043453549781133916,0.009152850019745529,0.05527145997621119,0.01995335963783873,0,0,0,0,1,0.3671875,0,94
27,21419.572342551,1789286911.6637852,0.421875,1.734723475976807e-17,796.2830080986023,32,0,0.1767127811908722,1e-06,9.760260581970215e-07,6945805149.0,8.381903171539307e-09,0.0078125,8083,8192,1096.46484375,2153.203125,108,108,4096,4096,4096,0.9800472329370677,0,0,65525882888.0,1.0401210410054773,,10.932538100983948,1,-1,0.41649656391752143,0,0,1,,,,,,0.0611638689879328,0.0027859942265422433,0.00020921009127050638,0.13091962807811797,0.04420179168027971,0.0030273000011220574,0.09046016761567444,0.022257261664435646,0.0005923890275880694,0,0,0,1,0.421875,0,108
28,22190.891668087,1789287709.5102785,0.33203125,1.214306433183765e-17,782.2756338119507,32,0,0.18824560940265656,1e-06,9.76957380771637e-07,6946312306.0,-5.587935447692871e-09,0.00390625,4048,8192,1145.24609375,2236.1015625,162,162,4096,4096,4096,0.9730477310949937,0,0,65525882888.0,1.036343969986774,,10.66143653600011,1,-1,0.446785571542743,0,0,1,,,,,,0.01715808000881225,0.0022852595375297824,0.0001472090370953083,0.16549032705370337,0.04580696631910541,0.007668820093385875,3.2048482459504157,0.03513414217331956,0.0007544299587607384,0,0,0,1,0.33203125,0,85
29,23140.954695138,1789288480.852278,0.38671875,1.1275702593849246e-17,755.7188594341278,32,0,0.17984658479690552,1e-06,9.685754776000977e-07,6947890536.0,-2.3283064365386963e-09,0,4154,6714,1192.8828125,2374.69140625,176,176,4096,4096,4096,0.9607596610439941,0,0,65525882888.0,1.0235117709962651,,11.222212429973297,1,-1,0.43667925930848156,0,0,1,,,,,,0.015080180019140244,0.0020937177837367926,0.00016941095236688852,0.13506993802729994,0.04552686340502987,0.0070754700573161244,0.08014373097103089,0.02319794630193428,0.000628329929895699,0,0,0,1,0.38671875,0,99
30,23961.489686008,1789289430.9210415,0.3984375,9.540979117872439e-18,935.0423018932343,32,0,0.1362375169992447,1e-06,9.723007678985596e-07,6947494478.0,9.313225746154785e-10,0.00390625,5267,8192,1176.328125,2217.21875,167,167,4096,4096,4096,1.0074368810746819,0,0,65525882888.0,1.0741088290233165,84.88080710999202,11.095154533046298,1,-1,0.384654629081036,0,0,1,0,0,0,0,1.000000238418579,0.015760738984681666,0.002051170717095374,0.0001811700640246272,0.11949434701818973,0.048348600310873735,0.0052005399484187365,0.0742919483454898,0.020731584855639085,0.000925770029425621,0,0,0,1,0.3984375,0,102
31,24806.043977218,1789290251.2544258,0.38671875,1.5612511283791264e-17,805.2366425991058,32,0,0.13579139113426208,1e-06,9.620562195777893e-07,6948565910.0,6.05359673500061e-09,0.015625,8192,8192,1334.671875,2513.54296875,220,220,4096,4096,4096,1.0221222799737006,0,0,65525882888.0,1.0918198180152103,,10.832831858075224,1,-1,0.4172614801981401,0,0,1,,,,,,0.02083880000282079,0.002453727614010859,0.00017500005196779966,0.1268057479755953,0.04764657896839708,0.007027990068309009,0.06193907605484128,0.020642046877583198,0,0,0,0,1,0.38671875,0,99
32,25813.910640482,1789291095.8070185,0.375,3.469446951953614e-18,828.6330378055573,32,0,0.14410991966724396,1e-06,9.5367431640625e-07,6948562201.0,1.30385160446167e-08,0.0078125,8192,8192,1246.11328125,2174.328125,164,164,4096,4096,4096,0.9814559610094875,0,0,65525882888.0,1.0473762799520046,,10.833128448924981,1,-1,0.3813242232868326,0,0,1,,,,,,0.014247050043195486,0.0021728161459577677,0.00019077991601079702,0.21388855599798262,0.04702036667276843,0.008516120025888085,0.07941369025502354,0.020359680529054458,0,0,0,0,1,0.375,0,96
33,26577.285082179,1789292103.849836,0.34375,1.0842021724855044e-17,989.9229915142059,32,0,0.1209135353565216,1e-06,9.55536961555481e-07,6948348511.0,6.51925802230835e-09,0.01953125,7931,8192,1552.04296875,2899.71484375,221,221,4096,4096,4096,0.9749726119916886,0,0,65525882888.0,1.0367808699375018,,11.738430959056132,1,-1,0.384654629081036,0,0,1,,,,,,0.017066400032490492,0.002057569452063035,0.00018855009693652391,0.12242263799998909,0.050806774363081786,0.007818390033207834,0.05961309920530766,0.02139501006286082,0.0007530900184065104,0,0,0,1,0.34375,0,88
34,27480.717588596,1789292867.069377,0.49609375,9.107298248878237e-18,748.7667870521545,31,0,0.16832317411899567,1e-06,9.5367431640625e-07,6950017177.0,-3.725290298461914e-09,0.0078125,6302,8192,1283.76171875,2181.6328125,219,219,4096,4096,4096,0.974786221049726,0,0,65525882888.0,1.0361660789931193,,13.528149095014669,1,-1,0.343489001101274,0,0,1,,,,,,0.022815719014033675,0.0022369554030774452,0.0001856399467214942,0.15900253597646952,0.043307961831033026,0.0040183099918067455,2.999117973027751,0.03212158339783855,0.0009361589327454567,0,0,0,1,0.49609375,0,127
35,28422.453114448,1789293770.7796552,0.359375,2.3418766925686896e-17,888.1373889446259,32,0,0.18536297976970673,1e-06,9.601935744285583e-07,6952163474.0,-7.450580596923828e-09,0.01171875,7532,8192,1470.171875,2542.28125,147,147,4096,4096,4096,0.9727217510808259,0,0,65525882888.0,1.034513878985308,,10.274964721058495,1,-1,0.4285714285714286,0,0,1,,,,,,0.014840309042483568,0.0020566324892570265,0.0001979799708351493,0.12401886796578765,0.04347542504137891,0.006478430004790425,0.07194590801373124,0.021467938885507465,0.0007162399124354124,0,0,0,1,0.359375,0,92
36,29476.455495268,1789294712.3674905,0.37890625,1.9081958235744878e-17,926.9010887145996,32,0,0.1292973905801773,1e-06,9.55536961555481e-07,6951874365.0,3.725290298461914e-09,0,4723,8022,1676.9453125,3108.34765625,312,312,4096,4096,4096,0.9691290110349655,0,0,65525882888.0,1.0306474990211427,,11.282084256992675,1,-1,0.38048706701183066,0,0,1,,,,,,0.028929959051311016,0.002269972496378614,0.00017144996672868729,0.16288192698266357,0.04439847527555685,0.006113569950684905,0.06314920028671622,0.021789276282106584,0.0007354100234806538,0,0,0,1,0.37890625,0,97
37,30561.100010573,1789295766.442315,0.5390625,1.5612511283791264e-17,1038.1549265384674,32,0,0.12816597521305084,1e-06,9.645591489970684e-07,6952781783.0,-3.259629011154175e-09,0.02734375,8192,8192,1793.08203125,3099.2734375,296,296,4096,4096,4096,1.0435051789972931,0,0,65525882888.0,1.114850947051309,,10.420781731023453,1,-1,0.38795644611429336,0,0,1,,,,,,0.023430719040334225,0.002199601135089324,0.000162170035764575,0.11189287703018636,0.042173398256636574,0.0077091900166124105,0.07139973982702941,0.0213315377127401,0,0,0,0,1,0.5390625,0,138
38,31510.449921578,1789296851.1198766,0.453125,1.0408340855860843e-17,1068.65811085701,32,0,0.14612752199172974,1e-06,9.718351066112518e-07,6953971944.0,1.210719347000122e-08,0.04296875,8192,8192,1872.38671875,3095.02734375,229,229,4096,4096,4096,1.0223438909742981,0,0,65525882888.0,4.33812852401752,,11.685656726942398,1,-1,0.4255848317076066,0,0,1,,,,,,0.01673312997445464,0.0022606168677157257,0.00018086994532495737,0.23054024507291615,0.051208343942107604,0.009878149954602122,0.058057080139406025,0.020652559557674977,0,0,0,0,1,0.453125,0,116
39,32863.846987635,1789297800.4279904,0.4609375,1.2576745200831851e-17,933.708949804306,32,0,0.09867178648710251,1e-06,9.5367431640625e-07,6953551712.0,8.847564458847046e-09,0.015625,6123,8192,1711.515625,2774.390625,320,320,4096,4096,4096,1.033663559006527,0,0,65525882888.0,1.096210227929987,,11.304628077079542,1,-1,0.3779644730092272,0,0,1,,,,,,0.02319775999058038,0.0024931426414696034,0.00019412999972701073,0.12649187806528062,0.04211201352927674,0.003350700018927455,0.0743695191340521,0.019562455804134515,0.0005988109624013305,0,0,0,1,0.4609375,0,118
40,34008.652253723,1789299153.8182638,0.50390625,1.734723475976807e-17,1337.1269512176514,32,0,0.1504681259393692,1e-06,9.5367431640625e-07,6953788264.0,8.847564458847046e-09,0.04296875,6047,8192,1989.45703125,3302.4140625,392,392,4096,4096,4096,1.1515741259790957,0,0,65525882888.0,1.2152117349905893,115.0039791339077,10.926928682019934,1,-1,0.40168649568578546,0,0,1,0,0,0,0,0.9999998211860657,0.016071288962848485,0.0024968754109977453,0.0002080509439110756,0.11037502798717469,0.04618433259292942,0.006237869965843856,0.08382740686647594,0.021993035668401717,0.0007264289306476712,0,0,0,1,0.50390625,0,129
41,35159.45155742,1789300298.5512831,0.5546875,1.3010426069826053e-17,1129.5496335029602,31,0,0.11846639961004257,1e-06,9.5367431640625e-07,6953624495.0,1.4435499906539917e-08,0.05078125,8192,8192,2052.8984375,3266.19140625,386,386,4096,4096,4096,0.9892335609765723,0,0,65525882888.0,1.051292579039,,11.681587086990476,1,-1,0.40720550896397784,0,0,1,,,,,,0.014857308939099312,0.002008629473948531,0.0001622200943529606,0.1297891269205138,0.04641869339366167,0.006852640071883798,0.0590157900005579,0.02297553781500028,0,0,0,0,1,0.5546875,0,142
42,36305.18924145,1789301449.3478038,0.43359375,8.673617379884035e-18,1134.7324752807617,32,0,0.09422781318426132,1e-06,9.723007678985596e-07,6953352637.0,4.6566128730773926e-09,0.04296875,8192,8192,2234.53515625,3564.14453125,413,413,4096,4096,4096,0.9806829199660569,0,0,65525882888.0,1.044449458946474,,10.596432909020223,1,-1,0.41419333945511433,0,0,1,,,,,,0.020494240103289485,0.00168612363813736,0.0001949000870808959,0.180933426017873,0.049003337044268847,0.005411840043962002,0.05585070210509002,0.020480965850310895,0,0,0,0,1,0.43359375,0,111
43,37486.660002654,1789302595.1382542,0.49609375,9.540979117872439e-18,1130.5610494613647,32,0,0.10410994291305542,1e-06,9.802170097827911e-07,6953676275.0,7.450580596923828e-09,0.05078125,8192,8192,2286.01953125,3518.28125,290,290,4096,4096,4096,0.9783723910804838,0,0,65525882888.0,1.0410782989347354,,11.829156095045619,1,-1,0.4482107285003976,0,0,1,,,,,,0.014464349951595068,0.001642733035623678,0.00020005996339023113,0.11157432792242616,0.04257820024531611,0.0069157700054347515,0.05834762810263783,0.019663689784010785,0,0,0,0,1,0.49609375,0,127
44,38757.511957675,1789303776.591242,0.44140625,1.0408340855860843e-17,1166.5339560508728,32,0,0.07089787721633911,1e-06,9.685754776000977e-07,6952643252.0,7.450580596923828e-09,0.078125,6770,8192,2388.48828125,3622.02734375,441,441,4096,4096,4096,0.9706247409339994,0,0,65525882888.0,1.0323429099516943,,10.491416592965834,1,-1,0.40642166702646576,0,0,1,,,,,,0.0133157690288499,0.0018751985535345739,0.00022116000764071941,0.15612606704235077,0.0473923258891773,0.006494299974292517,0.06364948744885623,0.01981672693409564,0.0008243200136348605,0,0,0,1,0.44140625,0,113
45,39986.097273022,1789305047.482495,0.484375,1.0408340855860843e-17,1255.7924909591675,32,0,0.1020459532737732,1e-06,9.834766387939453e-07,6952438562.0,-3.4924596548080444e-09,0.1015625,6977,8192,2693.34375,3996.421875,307,307,4096,4096,4096,0.9906994209159166,0,0,65525882888.0,1.052433539996855,,10.617781641893089,1,-1,0.4225771273642583,0,0,1,,,,,,0.019769088947214186,0.0017720135342642607,0.00020462996326386929,0.12399007799103856,0.04135161645626795,0.009377659996971488,0.06821974774356931,0.021763821548574924,0.0009225710527971387,0,0,0,1,0.484375,0,124
46,41207.54813833,1789306276.075195,0.484375,1.0408340855860843e-17,1212.978798866272,31,0,0.06188315153121948,1e-06,9.5367431640625e-07,6950902026.0,-4.6566128730773926e-09,0.1015625,7993,8192,2553.76953125,3836.265625,450,544,4096,4096,4096,1.0602108890889212,0,0,65525882888.0,1.1239666779292747,,10.78516569104977,1,-1,0.33881546358946923,0,0,1,,,,,,0.018848440027795732,0.001710961061235139,0.00021007005125284195,0.15740975691005588,0.05873014186909131,0.009482369991019368,0.053440579213202,0.018092470430019603,0.0007155999774113297,0,0,0,1,0.484375,0,124
47,42570.305948785,1789307497.5889726,0.55859375,8.673617379884035e-18,1206.1837103366852,31,0,0.08259938657283783,1e-06,9.424984455108643e-07,6951060828.0,-2.7939677238464355e-09,0.0546875,6707,8192,2708.21484375,3874.39453125,430,430,4096,4096,4096,0.984738633967936,0,0,65525882888.0,1.044875783030875,,11.33899900096003,1,-1,0.3968948351945155,0,0,1,,,,,,0.015651719993911684,0.0019414290645727306,0.00015211000572890043,0.11928626708686352,0.0433371101312332,0.008054400095716119,0.07232442765962332,0.018959060328597843,0.0005823089741170406,0,0,0,1,0.55859375,0,143
48,43769.6488451,1789308860.343748,0.390625,6.938893903907228e-18,1347.6944274902344,31,0,0.05717837065458298,1e-06,9.285286068916321e-07,6949846644.0,0,0.12109375,7246,8192,3082.59375,4557.20703125,441,441,4096,4096,4096,0.9668678019661456,0,0,65525882888.0,1.0288886200869456,,10.604836568934843,1,-1,0.331200660553418,0,0,1,,,,,,0.020696429070085287,0.0015792022859386634,0.00016652001067996025,0.13623006804846227,0.04897626180536463,0.004325560061261058,0.0618630611570552,0.021297161201800918,0.001248750020749867,0,0,0,1,0.390625,0,100
49,45350.626367312,1789310059.6298447,0.61328125,1.214306433183765e-17,1184.404221534729,32,0,0.06674795597791672,1e-06,9.5367431640625e-07,6948525029.0,-2.3283064365386963e-10,0.078125,7355,8192,2681.16796875,3708.3203125,295,295,4096,4096,4096,0.9589674239978194,0,0,65525882888.0,1.0203259129775688,,10.625215101055801,1,-1,0.3302364644447666,0,0,1,,,,,,0.015611990005709231,0.0017918827302310092,0.00019298994448035955,0.21936623589135706,0.050565015976644645,0.0054936090018600225,0.05605025903787464,0.018116760672455712,0.000757839996367693,0,0,0,1,0.61328125,0,157
50,46677.725838034,1789311640.6452336,0.52734375,1.1275702593849246e-17,1565.187206029892,32,0,0.10089711099863052,1e-06,9.5367431640625e-07,6948938923.0,8.381903171539307e-09,0.09375,7235,8192,2945.10546875,4112.2265625,419,419,4096,4096,4096,0.9813962370390072,0,0,65525882888.0,1.0435065160272643,133.42546459205914,10.506202787044458,1,-1,0.40168649568578546,0,0,1,0,0,0,0,1.0000007152557373,0.01394839002750814,0.0016939528022703598,0.00018062896560877562,0.1516914680832997,0.04412754420491183,0.003923309966921806,0.05508406029548496,0.01837922832419281,0.0007310298969969153,0,0,0,1,0.52734375,0,135
51,47997.623004201,1789312967.70314,0.5546875,3.903127820947816e-18,1311.8138387203217,32,0,0.07395805418491364,1e-06,9.601935744285583e-07,6948837783.0,9.313225746154785e-09,0.11328125,8192,8192,3004.296875,4275.47265625,363,363,4096,4096,4096,0.9805118100484833,0,0,65525882888.0,1.0438860389403999,,11.490835573989898,1,-1,0.384654629081036,0,0,1,,,,,,0.01586132904049009,0.0016092369514808524,0.0001737900311127305,0.16154868598096073,0.05096787513230083,0.007199569023214281,0.04836358595639467,0.017878417732845264,0,0,0,0,1,0.5546875,0,142
52,49252.441442445,1789314287.637045,0.515625,1.474514954580286e-17,1304.8874609470367,32,0,0.09123819321393967,1e-06,9.667128324508667e-07,6950227642.0,5.587935447692871e-09,0.09765625,8192,8192,2998.8671875,4278.20703125,311,311,4096,4096,4096,0.978520889999345,0,0,65525882888.0,1.040171158965677,,10.897874029935338,1,-1,0.3879564461142934,0,0,1,,,,,,0.012455099960789084,0.0016239478704846988,0.00018700899090617895,0.11079455795697868,0.045481100009510556,0.004171889973804355,0.0581380178919062,0.018381500651230454,0,0,0,0,1,0.515625,0,132
53,50624.106749685,1789315542.3611014,0.58203125,9.974659986866641e-18,1239.2334039211273,31,0,0.08528255671262741,1e-06,9.890645742416382e-07,6950850692.0,0,0.078125,7235,8192,2744.1640625,3820.85546875,463,463,4096,4096,4096,0.9999849189771339,0,0,65525882888.0,1.0644359879661351,,10.702042343909852,0.8571428571428572,-1,0.40327106395129336,0,0,1,,,,,,0.0180866289883852,0.0016497390674885537,0.00017454999033361673,0.10708213807083666,0.04344000240553214,0.0053028600523248315,0.04756790993269533,0.017464170181483496,0.00047551002353429794,0,0,0,1,0.58203125,0,149
54,52003.333901637,1789316914.0300124,0.47265625,7.806255641895632e-18,1355.8062088489532,32,0,0.07453566789627075,1e-06,9.853392839431763e-07,6950588358.0,-1.3969838619232178e-09,0.1484375,7145,8192,3138.47265625,4370.80859375,469,469,4096,4096,4096,0.9896898110164329,0,0,65525882888.0,1.0530420889845118,,11.18336917704437,1,-1,0.38713363194069284,0,0,1,,,,,,0.02747330896090716,0.0017585061082172615,0.0001900199567899108,0.19090537598822266,0.05313789986257689,0.005324639962054789,0.06433354690670967,0.016846931733653037,0.0005602400051429868,0,0,0,1,0.47265625,0,121
55,53341.378878689,1789318293.3275,0.390625,1.214306433183765e-17,1363.876144170761,31,0,0.0731784999370575,1e-06,9.816139936447144e-07,6951162325.0,6.984919309616089e-09,0.2109375,7595,8192,3399.69140625,4894.8671875,531,531,4096,4096,4096,0.9809665409848094,0,0,65525882888.0,1.0412896390771493,,11.444219131954014,1,-1,0.41496250137936613,0,0,1,,,,,,0.020217039971612394,0.0015593197499583766,0.00017721997573971748,0.15753398602828383,0.051426385434751865,0.009945850004442036,0.052584779798053205,0.018737767513812287,0.0005519300466403365,0,0,0,1,0.390625,0,100
56,54711.280100142,1789319631.0386274,0.42578125,5.204170427930421e-18,1321.9977662563324,30,0,0.05682592839002609,1e-06,9.830109775066376e-07,6949741896.0,-3.725290298461914e-09,0.1640625,6991,8192,3147.02734375,4376.38671875,433,433,4096,4096,4096,0.9820302920415998,0,0,65525882888.0,1.0426555910380557,,10.816577055957168,1,-1,0.36856727572411235,0,0,1,,,,,,0.014139279955998063,0.0016472250290462398,0.00018882006406784058,0.2132881759898737,0.053043890281514905,0.007120360038243234,0.05790578736923635,0.01658498708411571,0.0006248400313779712,0,0,0,1,0.42578125,0,109
57,56134.366333064,1789321001.222223,0.60546875,6.938893903907228e-18,1353.8149557113647,32,0,0.06161972135305405,1e-06,9.611248970031738e-07,6949118409.0,0,0.109375,7202,8192,3344.5390625,4814.1328125,826,1087,4096,4096,4096,1.0128774798940867,0,0,65525882888.0,1.0742891000118107,,11.595678357989527,1,-1,0.36683283186025245,0,0,1,,,,,,0.0255564299877733,0.0017545710575177509,0.00018531002569943666,0.18052103696390986,0.0499608373306728,0.008208420011214912,0.06794247659854591,0.020984409486572986,0.0028803308960050344,0,0,0,1,0.60546875,0,155
58,57537.117756854,1789322424.3343728,0.51171875,1.214306433183765e-17,1406.5106337070465,32,0,0.07034947723150253,1e-06,9.785762813407928e-07,6948484464.0,4.6566128730773926e-09,0.1484375,7652,8192,3326.109375,4629.1640625,438,438,4096,4096,4096,1.055790239945054,0,0,65525882888.0,1.119476648978889,,11.617569279042073,1,-1,0.415730240243672,0,0,1,,,,,,0.03327658900525421,0.0018521472047723364,0.0001957000931724906,0.18355737696401775,0.050732163578686595,0.009350129985250533,0.07716930797323585,0.021180362633003824,0.0007167510921135545,0,0,0,1,0.51171875,0,131
59,59148.708598501,1789323827.0951993,0.52734375,1.1275702593849246e-17,1386.184532880783,32,0,0.06654249876737595,1e-06,9.98377799987793e-07,6949169697.0,9.313225746154785e-10,0.125,6977,8192,3299.73046875,4490.41015625,518,518,4096,4096,4096,1.0386792100034654,0,0,65525882888.0,1.1037632699590176,,11.991648407070898,1,-1,0.41419333945511433,0,0,1,,,,,,0.024461050052195787,0.001569947112329828,0.00017788901459425688,0.16530492703896016,0.048489304464510496,0.0068050900008529425,0.06005484994966537,0.01940155113607034,0.0006500700255855918,0,0,0,1,0.52734375,0,135
60,60550.958621752,1789325438.5533206,0.51953125,1.691355389077387e-17,1594.737612247467,32,0,0.06666785478591919,1e-06,9.764917194843292e-07,6949135053.0,-4.190951585769653e-09,0.13671875,8192,8192,3073.0078125,4299.9765625,320,320,4096,4096,4096,1.0246212310157716,0,0,65525882888.0,1.0873186090029776,143.21074981300626,11.935176815022714,1,-1,0.3887775188763793,0,0,1,0,0,0,0,0.9999997615814209,0.019773189909756184,0.0020676233702943136,0.00018046004697680473,0.13855357700958848,0.04430386693138644,0.007985030068084598,0.06066143896896392,0.017240825957287598,0,0,0,0,1,0.51953125,0,133
61,61936.934109236,1789326840.9107583,0.5,1.1275702593849246e-17,1386.2261099815369,30,0,0.05757838487625122,1e-06,9.96515154838562e-07,6948358904.0,1.862645149230957e-09,0.20703125,8192,8192,3541.59375,5057.6328125,581,581,4096,4096,4096,1.0233507209923118,0,0,65525882888.0,1.0864869899814948,,12.029532373999245,1,-1,0.36596252735569995,0,0,1,,,,,,0.018712398945353925,0.001895825109386351,0.00017960998229682446,0.17362926597706974,0.05018708507077463,0.00977438990958035,0.06417125684674829,0.02018621695560796,0,0,0,0,1,0.5,0,128
62,63277.062734436,1789328226.7884934,0.53515625,4.336808689942018e-18,1369.8975520133972,31,0,0.06699734926223755,1e-06,9.723007678985596e-07,6948700501.0,5.471520125865936e-09,0.2109375,7858,8192,3389.921875,4744.01171875,379,379,4096,4096,4096,1.0139685299945995,0,0,65525882888.0,1.0759767200797796,,11.380585308070295,1,-1,0.38048706701183066,0,0,1,,,,,,0.0204359790077433,0.0020366996932352777,0.00019782001618295908,0.15543193696066737,0.045345205745434214,0.007316199946217239,0.06819787691347301,0.01840792008488279,0.0008071690099313855,0,0,0,1,0.53515625,0,137
63,64661.592683479,1789329566.9190812,0.4609375,9.540979117872439e-18,1323.9184849262238,32,0,0.07366660982370377,1e-06,9.993091225624084e-07,6949965096.0,-1.862645149230957e-09,0.14453125,7367,8192,3255.41796875,4658.1015625,574,574,4096,4096,4096,1.018184780026786,0,0,65525882888.0,1.0812277990626171,,11.420297760982066,1,-1,0.40089186286863654,0,0,1,,,,,,0.02214436000213027,0.0018849383577617118,0.0001976999919861555,0.12217102700378746,0.04468365698448906,0.006366629037074745,0.06888950907159597,0.019643935808744573,0.0006522800540551543,0,0,0,1,0.4609375,0,118
64,66046.151609153,1789330951.5678523,0.484375,6.938893903907228e-18,1367.987318277359,32,0,0.08218544721603394,1e-06,9.592622518539429e-07,6951466541.0,3.725290298461914e-09,0.1640625,8192,8192,3519.16015625,4772.62109375,895,1025,4096,4096,4096,1.026650259969756,0,0,65525882888.0,1.091373558039777,,11.600252924021333,1,-1,0.3912303982179758,0,0,1,,,,,,0.020261608995497227,0.0018249224190185487,0.00019847997464239597,0.15292171691544354,0.049397780901927035,0.004759520059451461,0.056626370060257614,0.0175003497643047,0,0,0,0,1,0.484375,0,124
65,67502.074801136,1789332336.0804539,0.5546875,6.071532165918825e-18,1367.8891816139221,32,0,0.08719975501298904,1e-06,9.741634130477905e-07,6953778965.0,-2.7939677238464355e-09,0.16015625,7061,8192,3333,4617.4609375,380,380,4096,4096,4096,1.0637843570439145,0,0,65525882888.0,1.1430468159960583,,12.001759795937687,1,-1,0.40876868365212843,0,0,1,,,,,,0.015109959989786148,0.0018303993588233425,0.0001890599960461259,0.18620140699204057,0.04697799793621016,0.006854949984699488,0.05982254899572581,0.017890961061766575,0.0007202699780464172,0,0,0,1,0.5546875,0,142
66,68904.219815808,1789333791.9896524,0.44140625,0,1439.6675481796265,32,0,0.05690963566303253,1e-06,9.55536961555481e-07,6952865686.0,-2.7939677238464355e-09,0.23046875,8192,8192,3683.5546875,5116.97265625,557,557,4096,4096,4096,1.032601619954221,0,0,65525882888.0,1.0995247989194468,,11.646312486031093,1,-1,0.3854827347307661,0,0,1,,,,,,0.017423179931938648,0.0017027333401529177,0.00020747992675751448,0.17076452705077827,0.04282850690424311,0.00764297996647656,0.055882436921820045,0.01878628004124039,0,0,0,0,1,0.44140625,0,113
67,70341.901142607,1789335194.0621078,0.6171875,8.673617379884035e-18,1385.2754862308502,32,0,0.0665140300989151,1e-06,9.723007678985596e-07,6952626094.0,1.862645149230957e-09,0.15234375,7481,8192,3537.8671875,4753.07421875,837,946,4096,4096,4096,1.0099719199351966,0,0,65525882888.0,1.0723872190574184,,11.584459934034385,1,-1,0.3944771791852593,0,0,1,,,,,,0.018611098988913,0.0016186129482775868,0.00016208004672080278,0.22840895596891642,0.045969799001795764,0.0047674799570813775,0.06033996108453721,0.019998256660983316,0.0013884700601920485,0,0,0,1,0.6171875,0,158
68,71695.13659546,1789336631.7690017,0.4453125,1.474514954580286e-17,1421.3099751472473,31,0,0.07001574337482452,1e-06,9.611248970031738e-07,6953481953.0,-1.3969838619232178e-09,0.19921875,7225,8192,3671.61328125,5035.63671875,677,677,4096,4096,4096,1.0554118999280035,0,0,65525882888.0,1.1261777780018747,,11.985736155998893,1,-1,0.3829930462415574,0,0,1,,,,,,0.022777950041927397,0.0019273847728982219,0.0001892199506983161,0.15097977698314935,0.04612414953817279,0.006023709895089269,0.0568591991905123,0.01907656461798979,0.001019180053845048,0,0,0,1,0.4453125,0,114
69,73488.084238727,1789337985.046737,0.640625,8.673617379884035e-18,1336.8748598098755,32,0,0.06253848969936371,1e-06,9.5367431640625e-07,6953615120.0,9.313225746154785e-09,0.12890625,8192,8192,3385.2421875,4573.8046875,847,847,4096,4096,4096,1.0278830110328272,0,0,65525882888.0,1.0935949990525842,,11.825355150969699,1,-1,0.38630906522828456,0,0,1,,,,,,0.018965029972605407,0.0015841999297663278,0.00015770900063216686,0.17390819697175175,0.04453532463094234,0.00756033998914063,0.06086366926319897,0.017424879526060977,0,0,0,0,1,0.640625,0,164
70,74943.756117127,1789339777.7812974,0.546875,5.204170427930421e-18,1776.7961678504944,32,0,0.05377363786101341,1e-06,9.648501873016357e-07,6953239379.0,7.916241884231567e-09,0.203125,8192,8192,3723.70703125,5220.1015625,893,893,4096,4096,4096,1.0271432099398226,0,0,65525882888.0,1.091455538989976,165.93964428303298,11.785364822018892,1,-1,0.3813242232868325,0,0,1,0,0,0,0,0.9999985098838806,0.01841488992795348,0.0016376595490328327,0.00018838897813111544,0.1788840969093144,0.04710343777333037,0.007836219971068203,0.06121124804485589,0.019678100742112292,0,0,0,0,1,0.546875,0,140
71,76380.61170686,1789341233.742794,0.49609375,5.204170427930421e-18,1439.5631458759308,31,0,0.07811190187931061,1e-06,9.760260581970215e-07,6955683832.0,6.51925802230835e-09,0.203125,8192,8192,3713.44140625,5144.4921875,587,587,4096,4096,4096,1.099906258052215,0,0,65525882888.0,1.1637334959814325,,11.50370430899784,1,-1,0.42333105682606065,0,0,1,,,,,,0.019797590095549822,0.0017792415933399752,0.00020708900410681963,0.11421202798373997,0.04401083133643624,0.0079875000519678,0.06658846698701382,0.01938563977682861,0,0,0,0,1,0.49609375,0,127
72,77798.430940184,1789342670.5909975,0.55859375,9.107298248878237e-18,1420.127540588379,30,0,0.0685606300830841,1e-06,9.94652509689331e-07,6954523658.0,-3.259629011154175e-09,0.20703125,8192,8192,3791.37109375,5086.515625,500,500,4096,4096,4096,1.0473946989513934,0,0,65525882888.0,1.108949027955532,,11.754429924068972,1,-1,0.38382473678936924,0,0,1,,,,,,0.012602959992364049,0.0016240001286860206,0.00017522997222840786,0.1171957979677245,0.048677627955385105,0.006963249994441867,0.041242209961637855,0.018290252565293486,0,0,0,0,1,0.55859375,0,143
73,79228.989504678,1789344088.3474522,0.66796875,6.071532165918825e-18,1401.5784678459167,30,0,0.051707230508327484,1e-06,9.760260581970215e-07,6953703474.0,-6.752088665962219e-09,0.15234375,7355,8192,3629.4140625,4917.2578125,561,561,4096,4096,4096,1.031873210100457,0,0,65525882888.0,1.1421301279915497,,11.943537955987267,1,-1,0.33023646444476656,0,0,1,,,,,,0.0219792400021106,0.0016604003662905598,0.0001899399794638157,0.10091292799916118,0.0460976768040382,0.004403219907544553,0.05261251772753894,0.01950764710227304,0.0009501599706709385,0,0,0,1,0.66796875,0,171
74,80669.565092446,1789345518.8674905,0.59765625,6.938893903907228e-18,1413.7842209339142,32,0,0.08936335146427155,1e-06,9.052455425262451e-07,6955364961.0,-9.313225746154785e-10,0.15234375,8192,8192,3815.52734375,5144.1484375,536,536,4096,4096,4096,1.0070763599360362,0,0,65525882888.0,1.070316468947567,,11.54021523508709,1,-1,0.3838247367893692,0,0,1,,,,,,0.02049915899988264,0.001490051206019416,0.00017870997544378042,0.11533378809690475,0.04527888932307178,0.008602369925938547,0.045826280023902655,0.018390363242360763,0,0,0,0,1,0.59765625,0,153
75,82100.388340283,1789346959.5380034,0.578125,5.204170427930421e-18,1424.5507154464722,31,0,0.07173308730125427,1e-06,9.5367431640625e-07,6957771228.0,2.3283064365386963e-09,0.16796875,7867,8192,3805.7890625,5187.36328125,523,523,4096,4096,4096,1.0291436690604314,0,0,65525882888.0,1.091610698029399,,11.702347743092105,1,-1,0.39609058951462206,0,0,1,,,,,,0.02055106998886913,0.001494768653628853,0.00017112004570662975,0.15243539691437036,0.041678421635424456,0.008067679940722883,0.051513839047402143,0.019123050785310625,0.0007787198992446065,0,0,0,1,0.578125,0,148
76,83501.045817308,1789348390.3307197,0.5546875,6.938893903907228e-18,1414.3474595546722,31,0,0.057987648993730545,1e-06,9.5367431640625e-07,6957655050.0,2.3283064365386963e-09,0.203125,8192,8192,3578.0546875,4924.9765625,692,692,4096,4096,4096,1.0346897600684315,0,0,65525882888.0,1.0971935880370438,,11.395742425927892,1,-1,0.3642156795423418,0,0,1,,,,,,0.012727280030958354,0.0014545622761943378,0.0001756900455802679,0.21619853505399078,0.05498321649565696,0.009079038980416954,0.057360128965228796,0.01924893443720066,0,0,0,0,1,0.5546875,0,142
77,84882.764104453,1789349791.111192,0.55859375,6.938893903907228e-18,1383.7097570896149,32,0,0.063435398042202,1e-06,9.5367431640625e-07,6958264583.0,2.7939677238464355e-09,0.15625,7697,8192,3447.48046875,4724.55859375,464,464,4096,4096,4096,1.0288862789748237,0,0,65525882888.0,1.094166837981902,,11.768801884027198,1,-1,0.39528470752104744,0,0,1,,,,,,0.01070503902155906,0.001445525028884731,0.00017421995289623737,0.20402353501413018,0.04609631131461356,0.006877770065329969,0.05702476925216615,0.01854210685405633,0.0007154400227591395,0,0,0,1,0.55859375,0,143
78,86280.6381157,1789351172.7624705,0.58203125,1.3010426069826053e-17,1365.0968534946442,32,0,0.07371639460325241,1e-06,9.350478649139404e-07,6959635039.0,1.3969838619232178e-09,0.1953125,7076,8192,3421.16015625,4699.4765625,399,399,4096,4096,4096,1.0297763590933755,0,0,65525882888.0,1.091875028098002,,12.290670023998246,1,-1,0.37372231315100624,0,0,1,,,,,,0.019530929974280298,0.0015420045133396343,0.0002142000012099743,0.1325140680419281,0.04716416613200636,0.006784070050343871,0.06023195688612759,0.01885338622287236,0.0008820400107651949,0,0,0,1,0.58203125,0,149
79,88007.420150858,1789352570.589055,0.578125,1.3877787807814457e-17,1381.4499070644379,31,0,0.06773902475833893,1e-06,9.620562195777893e-07,6960466469.0,-4.656612873077393e-10,0.19921875,7204,8192,3394.4375,4678.57421875,426,426,4096,4096,4096,1.0128182199550793,0,0,65525882888.0,1.0754266679286957,,11.79170500091277,1,-1,0.402479559628023,0,0,1,,,,,,0.02176582906395197,0.0018251868900733825,0.00021909002680331469,0.11828899790998548,0.046817628507596964,0.0031637699576094747,0.0622274779016152,0.021394399907421757,0.0007420500041916966,0,0,0,1,0.578125,0,148
80,89449.646748745,1789354297.4318728,0.58203125,1.734723475976807e-18,1710.527961730957,31,0,0.06001347303390503,1e-06,9.5367431640625e-07,6959798229.0,-3.725290298461914e-09,0.17578125,7517,8192,3481.9765625,4727.41015625,596,596,4096,4096,4096,1.012624209979549,0,0,65525882888.0,1.0778039389988407,151.5841126079904,11.794944902998395,1,-1,0.40327106395129336,0,0,1,0,0,0,0,1.0000007152557373,0.011138289934024215,0.0015679339298912964,0.00014403997920453548,0.1454341469798237,0.04705222558231981,0.004951230017468333,0.05948758090380579,0.019101324714029033,0.0013487800024449825,0,0,0,1,0.58203125,0,149
81,90868.695155774,1789355739.5267024,0.60546875,1.214306433183765e-17,1425.633339881897,32,0,0.055261168628931046,1e-06,9.5367431640625e-07,6959237498.0,-1.862645149230957e-09,0.19140625,8192,8192,3567.7421875,4858.8359375,502,502,4096,4096,4096,1.0229526599869132,0,0,65525882888.0,1.0838778789620847,,11.465006554033607,1,-1,0.3633391062388537,0,0,1,,,,,,0.0176894289907068,0.0017283918577959412,0.00023089000023901463,0.16344109596684575,0.04665627082840729,0.003107449971139431,0.07195635919924825,0.01913579210986427,0,0,0,0,1,0.60546875,0,155
82,92214.60033567,1789357158.7678442,0.625,2.6020852139652106e-18,1403.0692579746246,32,0,0.06820391863584518,1e-06,9.5367431640625e-07,6960044348.0,2.7939677238464355e-09,0.19921875,7202,8192,3495.890625,5036.0546875,678,678,4096,4096,4096,0.989608549978584,0,0,65525882888.0,1.0517622489714995,,11.905527465976775,0.8571428571428572,-1,0.40406101782088427,0,0,1,,,,,,0.012643040041439235,0.0015323295224334288,0.0001645899610593915,0.18039809598121792,0.05009517549387965,0.0032727590296417475,0.052729239920154214,0.020211819135511178,0.0008852699538692832,0,0,0,1,0.625,0,160
83,93510.400724499,1789358504.3143356,0.6328125,9.540979117872439e-18,1329.7693011760712,29,0,0.04470449313521385,1e-06,9.5367431640625e-07,6958401930.0,3.259629011154175e-09,0.16796875,7076,8192,3242.6640625,4731.15625,560,560,4096,4096,4096,0.9844908610684797,0,0,65525882888.0,1.0472753590438515,,11.328854609047994,1,-1,0.31943828249996997,0,0,1,,,,,,0.022445270093157887,0.001883573303985031,0.00016417994629591703,0.12559666798915714,0.04266270647985948,0.0032076200004667044,0.06861177866812795,0.01983789334053654,0.0007960399379953742,0,0,0,1,0.6328125,0,162
84,94847.588107842,1789359800.3995502,0.671875,5.204170427930421e-18,1279.7047908306122,31,0,0.06185140833258629,1e-06,9.5367431640625e-07,6959063898.0,3.259629011154175e-09,0.12109375,7517,8192,2959.78125,4049.55859375,480,480,4096,4096,4096,0.9908295610221103,0,0,65525882888.0,1.0517566700000316,,11.435449784970842,1,-1,0.3711537444790451,0,0,1,,,,,,0.01703905896283686,0.0017904046644616756,0.00019115000031888485,0.12014008697587997,0.044345763064484345,0.0054903499549254775,0.045826337998732924,0.01635054870212116,0.000842659967020154,0,0,0,1,0.671875,0,172
85,96292.102457051,1789361137.5458832,0.6015625,1.214306433183765e-17,1320.8548471927643,30,0,0.051925063133239746,1e-06,9.5367431640625e-07,6958704656.0,6.51925802230835e-09,0.1640625,8192,8192,3211.2578125,4479.87109375,387,387,4096,4096,4096,0.9818685119971633,0,0,65525882888.0,1.0458777400199324,,11.723120133043267,1,-1,0.331200660553418,0,0,1,,,,,,0.018196659977547824,0.0016203146656152967,0.000172110041603446,0.13300997694022954,0.04568177275587004,0.006365790031850338,0.052834329777397215,0.01917966169094143,0,0,0,0,1,0.6015625,0,154
86,97627.940451425,1789362581.8403,0.57421875,3.903127820947816e-18,1428.731432914734,29,0,0.04387197270989418,1e-06,9.5367431640625e-07,6956988289.0,3.725290298461914e-09,0.1953125,7583,8192,3420.828125,4823.234375,612,612,4096,4096,4096,0.987709530047141,0,0,65525882888.0,1.0528590379981324,,11.666810935013928,1,-1,0.3526503153237768,0,0,1,,,,,,0.014432188938371837,0.001376507912937086,0.00019640999380499125,0.14968259702436626,0.048828458576281264,0.005311288987286389,0.0670113991945982,0.01830867506487266,0.000811869977042079,0,0,0,1,0.57421875,0,147
87,99085.525857509,1789363917.8268561,0.7265625,8.673617379884035e-18,1320.099570274353,32,0,0.06853185594081879,1e-06,9.5367431640625e-07,6958162236.0,2.3283064365386963e-09,0.09375,7202,8192,3158.99609375,4381.984375,547,547,4096,4096,4096,0.9742156709544361,0,0,65525882888.0,1.036062108934857,,11.126799265039153,1,-1,0.39285714285714285,0,0,1,,,,,,0.018477739999070764,0.001701386852801079,0.0001642100978642702,0.13516876695211977,0.048561615641119715,0.008877360029146075,0.06895112001802772,0.02146304170446456,0.0012594900326803327,0,0,0,1,0.7265625,0,186
88,100454.15447733,1789365375.5049028,0.578125,6.071532165918825e-18,1441.4642508029938,31,0,0.10640845447778702,1e-06,9.5367431640625e-07,6962604007.0,-1.0943040251731873e-08,0.16796875,8192,8192,3493.97265625,5136.01171875,384,384,4096,4096,4096,1.007629010011442,0,0,65525882888.0,1.0691123879514635,,11.406736601958983,1,-1,0.41032590332414487,0,0,1,,,,,,0.021774790016934276,0.0015497084127673588,0.00019336002878844738,0.19298706599511206,0.0491176112791436,0.004089349997229874,0.07782758714165539,0.021366940438383608,0,0,0,0,1,0.578125,0,148
89,102214.487497611,1789366744.1168885,0.62890625,1.0408340855860843e-17,1352.167335987091,29,0,0.04956721514463425,1e-06,9.061768651008606e-07,6961768499.0,3.958120942115784e-09,0.1484375,7652,8192,3222.71484375,4606.12890625,490,490,4096,4096,4096,0.9683046910213307,0,0,65525882888.0,1.0359875099966303,,11.430135975009762,1,-1,0.3526503153237768,0,0,1,,,,,,0.016928240074776113,0.0015004011606833956,0.00016383000183850527,0.1605850870255381,0.04264334743038489,0.0074119799537584186,0.05762529489584267,0.021554415897753643,0.0007313200039789081,0,0,0,1,0.62890625,0,161
90,103462.609112874,1789368504.5206034,0.66015625,6.938893903907228e-18,1743.2190363407135,32,0,0.08669992536306381,1e-06,9.5367431640625e-07,6962754125.0,-7.450580596923828e-09,0.16796875,8057,8192,3457.40625,4859.140625,548,548,4096,4096,4096,0.9802188409958035,0,0,65525882888.0,1.0436955000041053,154.22520711598918,11.764172722003423,1,-1,0.40168649568578546,0,0,1,0,0,0,0,1.0000004768371582,0.015490400022827089,0.001572977138494025,0.00016515003517270088,0.217512006056495,0.0481395718843487,0.005018180003389716,0.053910689894109964,0.020940062942827353,0.0007141600362956524,0,0,0,1,0.66015625,0,169
91,104882.443165735,1789369752.5868394,0.75,5.204170427930421e-18,1230.5287172794342,30,0,0.054900430142879486,1e-06,9.5367431640625e-07,6961861175.0,5.762558430433273e-09,0.1015625,7197,8192,2732.875,3993.86328125,678,996,4096,4096,4096,0.9966980509925634,0,0,65525882888.0,1.0647897699382156,,12.125279925996438,1,-1,0.2923340275668732,0,0,1,,,,,,0.020355799002572894,0.001749894699514698,0.00015686010010540485,0.1625627459725365,0.048364285393745376,0.005056789959780872,0.07086259697098285,0.020752148606788978,0.0021690799621865153,0,0,0,1,0.75,0,192
92,106383.748958032,1789371172.392271,0.66015625,6.5052130349130266e-18,1402.8577437400818,31,0,0.05287652090191841,1e-06,9.5367431640625e-07,6961668055.0,1.6298145055770874e-09,0.14453125,8192,8192,3273.0703125,4832.66796875,940,1308,4096,4096,4096,1.003934791078791,0,0,65525882888.0,1.0663066200213507,,12.366592410951853,1,-1,0.38048706701183066,0,0,1,,,,,,0.012721779057756066,0.0016090237177195377,0.00019569008145481348,0.1714038170175627,0.04903011188162054,0.006373370997607708,0.0641698488034308,0.023914721768505842,0,0,0,0,1,0.66015625,0,169
93,107705.288918747,1789372673.7268965,0.56640625,5.204170427930421e-18,1484.5918605327606,31,0,0.054375726729631424,1e-06,9.5367431640625e-07,6961422436.0,1.862645149230957e-09,0.22265625,7007,8192,3414.859375,5284.0859375,445,445,4096,4096,4096,0.9853744220454246,0,0,65525882888.0,1.0504992799833417,,11.869923955062404,1,-1,0.3526503153237768,0,0,1,,,,,,0.025605089031159878,0.0015058459380270506,0.00016098003834486008,0.15613875689450651,0.045509837303143286,0.0048316699685528874,0.0686563610797748,0.023445936778443865,0.0009171599522233009,0,0,0,1,0.56640625,0,145
94,109006.022071707,1789373995.3054316,0.65234375,3.469446951953614e-18,1305.0801730155945,32,0,0.06473342329263687,1e-06,9.5367431640625e-07,6961626335.0,5.587935447692871e-09,0.1171875,7037,8192,2908.2890625,4382.34375,756,819,4096,4096,4096,0.9931449439609423,0,0,65525882888.0,1.0566670030821115,,12.003481013001874,1,-1,0.36157958448779615,0,0,1,,,,,,0.025913679972290993,0.002016482479575643,0.0001949298894032836,0.12241431791335344,0.04938734745974216,0.005223199957981706,0.06902598822489381,0.020925024250573188,0.0022704401053488255,0,0,0,1,0.65234375,0,167
95,110299.200376594,1789375295.9778242,0.671875,9.107298248878237e-18,1283.2988250255585,32,0,0.053220123052597046,1e-06,9.5367431640625e-07,6961157352.0,-6.984919309616089e-10,0.11328125,7560,8192,2880.40625,4442.52734375,703,1025,4096,4096,4096,0.988522241008468,0,0,65525882888.0,1.0533553790301085,,11.712745320983231,1,-1,0.31943828249996997,0,0,1,,,,,,0.01222092006355524,0.0015918134768071468,0.00019803992472589016,0.10824508802033961,0.041150729315631907,0.0035954799968749285,0.06614234007429332,0.02212751495972043,0.0015661200741305947,0,0,0,1,0.671875,0,172
96,111705.692148707,1789376589.1306398,0.83203125,3.0357660829594124e-18,1276.8214135169983,29,0,0.04689142107963562,1e-06,9.5367431640625e-07,6959920942.0,-2.561137080192566e-09,0.0859375,6707,8192,2823.984375,4222.4375,653,653,4096,4096,4096,0.9938440299592912,0,0,65525882888.0,1.055459219031036,,12.372523937025107,1,-1,0.28682818578944663,0,0,1,,,,,,0.01951611996628344,0.0018100970578416309,0.00017558003310114145,0.18234593700617552,0.05331883108738111,0.008802150026895106,0.05473027005791664,0.021965428672956477,0.0007307700579985976,0,0,0,1,0.83203125,0,213
97,113117.625411397,1789377995.555557,0.671875,1.0408340855860843e-17,1389.8623292446136,32,0,0.051864489912986755,1e-06,9.5367431640625e-07,6959507130.0,1.862645149230957e-09,0.12109375,6977,8192,3225.2890625,4679.875,476,476,4096,4096,4096,1.000818739994429,0,0,65525882888.0,1.0661594789708033,,11.40097305609379,1,-1,0.3499271061118826,0,0,1,,,,,,0.02720370900351554,0.0014670999871668755,0.00017046998254954815,0.12235491699539125,0.04678489719890422,0.006449449923820794,0.0843487090896815,0.023015206290438073,0.0007060900097712874,0,0,0,1,0.671875,0,172
98,114421.14057996,1789379407.5184398,0.73828125,8.673617379884035e-18,1395.517056465149,31,0,0.0567709244787693,1e-06,9.5367431640625e-07,6959534249.0,-2.3283064365386963e-09,0.09375,8192,8192,3255.1015625,4864.49609375,895,1293,4096,4096,4096,0.9850401399889961,0,0,65525882888.0,1.0455710790120065,,11.916022351011634,1,-1,0.3754249293147971,0,0,1,,,,,,0.01589224999770522,0.0016347478381248948,0.0001639199908822775,0.12708250700961798,0.04308920846915498,0.007761260028928518,0.07330426899716258,0.024259115795302932,0,0,0,0,1,0.73828125,0,189
99,116243.636865709,1789380711.142553,0.7890625,1.0408340855860843e-17,1286.346179008484,27,0,0.05253211781382561,1e-06,9.5367431640625e-07,6958892632.0,3.259629011154175e-09,0.11328125,8192,8192,2983.30859375,4343.0625,592,592,4096,4096,4096,0.9968687490327284,0,0,65525882888.0,1.063279319088906,,11.471910814987496,1,-1,0.331200660553418,0,0,1,,,,,,0.019106370047666132,0.0016201889216063137,0.0001689799828454852,0.16412519698496908,0.04731752379666432,0.004369140020571649,0.05877180793322623,0.02103430344232038,0,0,0,0,1,0.7890625,0,202
100,117717.071641627,1789382533.5796757,0.66796875,8.673617379884035e-18,1805.2926042079926,30,0,0.057532843202352524,1e-06,9.5367431640625e-07,6958396624.0,9.313225746154785e-10,0.18359375,7634,8192,3549.13671875,5216.921875,573,573,4096,4096,4096,1.0559395489981398,0,0,65525882888.0,1.1310667269863188,164.56135562201962,12.486928240046836,1,-1,0.3580346009957754,0,0,1,0,0,0,0,0.9999990463256836,0.024327509105205536,0.0019086862489530176,0.00017186999320983887,0.154543146956712,0.04801880220338717,0.005397839937359095,0.06640638818498701,0.023336598538662656,0.0017209610668942332,0,0,0,1,0.66796875,0,171
101,119132.573318655,1789384007.0812843,0.6796875,1.235990476633475e-17,1456.9207201004028,30,0,0.05760021507740021,1e-06,9.5367431640625e-07,6958409087.0,-1.862645149230957e-09,0.15625,7647,8192,3425.76953125,5038.15234375,524,524,4096,4096,4096,1.1569661579560488,0,0,65525882888.0,1.2308216269593686,,12.087446377030574,1,-1,0.396090589514622,0,0,1,,,,,,0.015723229036666453,0.001454774997455388,0.00019523000810295343,0.13081648701336235,0.05028465337500165,0.006447900086641312,0.0707182977348566,0.021043406699845946,0.002271750010550022,0,0,0,1,0.6796875,0,174
102,120559.9496646,1789385422.5112395,0.7265625,5.204170427930421e-18,1398.4595019817352,32,0,0.05864512175321579,1e-06,9.5367431640625e-07,6957985615.0,0,0.09375,7931,8192,3211.15234375,4642.1171875,646,646,4096,4096,4096,0.9761416910914704,0,0,65525882888.0,1.0371414499823004,,11.469402284012176,1,-1,0.39929785312496247,0,0,1,,,,,,0.010627330048009753,0.0014154583386698505,0.00015874998643994331,0.14615874795708805,0.04383863952898537,0.007012659916654229,0.056398140732198954,0.02248417427927052,0.0006013800157234073,0,0,0,1,0.7265625,0,186
103,122020.578612924,1789386849.9854372,0.7265625,1.3877787807814457e-17,1410.1230807304382,32,0,0.0602344311773777,1e-06,9.5367431640625e-07,6958146063.0,-9.313225746154785e-10,0.125,6939,8192,3252.828125,4772.18359375,854,1124,4096,4096,4096,1.0132772299693897,0,0,65525882888.0,1.0740542990388349,,12.011357733048499,1,-1,0.36246041303900783,0,0,1,,,,,,0.013977090013213456,0.0015695675879214832,0.00019399996381253004,0.17392696591559798,0.048416281223126134,0.008421740029007196,0.06389259709976614,0.02241701112006922,0.0020517000230029225,0,0,0,1,0.7265625,0,186
104,123688.267028604,1789388310.443714,0.6640625,8.673617379884035e-18,1442.9306056499481,32,0,0.07034147530794144,1e-06,9.5367431640625e-07,6959169664.0,4.6566128730773926e-09,0.13671875,8192,8192,3356.328125,5101.109375,563,563,4096,4096,4096,4.5695872290525585,0,0,65525882888.0,4.63649646693375,,12.320857740007341,1,-1,0.421065218662557,0,0,1,,,,,,0.022623230004683137,0.0015026124633550353,0.00017179001588374376,0.1487268980126828,0.04515962798950568,0.007914629997685552,0.0660832280991599,0.0214131132388502,0,0,0,0,1,0.6640625,0,170
105,125135.964335165,1789389978.0969284,0.52734375,1.0408340855860843e-17,1650.5218324661255,32,0,0.05182389169931412,1e-06,9.5367431640625e-07,6958704177.0,-4.6566128730773926e-09,0.2734375,8192,8192,3915.921875,5993.17578125,791,791,4096,4096,4096,1.0224569499259815,0,0,65525882888.0,1.0835560980485752,,12.48152161296457,1,-1,0.41726148019814013,0,0,1,,,,,,0.012513910070993006,0.0015433742732966493,0.0001892709406092763,0.18520478706341237,0.04684860322595341,0.00721089995931834,0.08732460823375732,0.02574995624854637,0,0,0,0,1,0.52734375,0,135
106,126659.611686486,1789391425.90558,0.66796875,6.938893903907228e-18,1430.5619504451752,28,0,0.05538364499807358,1e-06,9.834766387939453e-07,6958470205.0,2.3283064365386963e-10,0.1875,8192,8192,3444.34765625,5027.34375,772,772,4096,4096,4096,1.0335343109909445,0,0,65525882888.0,1.1008111389819533,,12.211071429075673,1,-1,0.37201190457142247,0,0,1,,,,,,0.015810478944331408,0.0017941612386493944,0.00018531992100179195,0.15418712596874684,0.04690344981145245,0.0030240999767556787,0.08187570923473686,0.0227575655731016,0,0,0,0,1,0.66796875,0,171
107,128089.710222914,1789392949.6491444,0.703125,3.469446951953614e-18,1506.3810184001923,30,0,0.053699664771556854,1e-06,9.909272193908691e-07,6958154520.0,-5.587935447692871e-09,0.17578125,8192,8192,3542.203125,5318.27734375,657,657,4096,4096,4096,1.0076685610692948,0,0,65525882888.0,1.0735404699807987,,12.283993582939729,1,-1,0.3694314440281643,0,0,1,,,,,,0.030111990054138005,0.0018540195501373091,0.00017381994985044003,0.21960012603085488,0.0563759274568838,0.009028429980389774,0.06706545013003051,0.024088454285902117,0,0,0,0,1,0.703125,0,180
108,129580.206340835,1789394379.7427971,0.73046875,6.938893903907228e-18,1408.9861226081848,30,0,0.05741673335433006,1e-06,9.5367431640625e-07,6958189787.0,3.259629011154175e-09,0.140625,8192,8192,3192.328125,4761.4921875,955,1092,4096,4096,4096,1.0270408409414813,0,0,65525882888.0,1.0899041700176895,,12.247143985005096,1,-1,0.34162725838766056,0,0,1,,,,,,0.01438236003741622,0.0017435838935853099,0.00017946003936231136,0.16911300702486187,0.048419341418139084,0.00947769999038428,0.06441943102981895,0.0223100488565251,0,0,0,0,1,0.73046875,0,187
109,131382.01765679,1789395870.1814604,0.76171875,1.8214596497756474e-17,1473.1821248531342,32,0,0.056630998849868774,1e-06,9.5367431640625e-07,6958434205.0,1.1641532182693481e-09,0.10546875,6892,8192,3241.4296875,5004.8515625,441,441,4096,4096,4096,0.9833460209192708,0,0,65525882888.0,1.0439041199861094,,16.000248634954914,0.8571428571428572,-1,0.37201190457142247,0,0,1,,,,,,0.01718054001685232,0.0015740156386527815,0.00018020998686552048,0.21843817504122853,0.04677773171079025,0.004929619957692921,0.08183197898324579,0.025767797847947804,0.0010010600090026855,0,0,0,1,0.76171875,0,195
110,132833.382525605,1789397672.0419168,0.6640625,6.938893903907228e-18,1784.8920075893402,31,0,0.04635610803961754,1e-06,9.5367431640625e-07,6957750348.0,1.3969838619232178e-09,0.17578125,7037,8192,3384.34375,4965.671875,662,1098,4096,4096,4096,0.9929851610213518,0,0,65525882888.0,1.0593383399536833,157.35363625292666,12.102630269015208,1,-1,0.3571428571428571,0,0,1,0,0,0,0,0.9999991655349731,0.017835150007158518,0.00179901228102608,0.00019277003593742847,0.20612685603555292,0.04930980176686717,0.005190219962969422,0.0833362890407443,0.02399295404802615,0.0036557798739522696,0,0,0,1,0.6640625,0,170
111,134276.506118963,1789399123.1336675,0.71875,8.673617379884035e-18,1434.291214466095,32,0,0.05557062849402428,1e-06,9.759096428751945e-07,6957489108.0,3.725290298461914e-09,0.16796875,7756,8192,3323.37890625,4864.25,835,1160,4096,4096,4096,1.0662902389885858,0,0,65525882888.0,1.129165227059275,,11.651456461055204,1,-1,0.374574588632197,0,0,1,,,,,,0.011587189976125956,0.0014581555105905863,0.0001785400090739131,0.13879061699844897,0.04195665273709892,0.008014350081793964,0.07270546210929751,0.023324845798924798,0.0014948799507692456,0,0,0,1,0.71875,0,184
112,135776.25082835,1789400566.3198671,0.71875,1.734723475976807e-18,1425.9162514209747,27,0,0.052248403429985046,1e-06,9.5367431640625e-07,6957170343.0,-1.6298145055770874e-09,0.1796875,8192,8192,3231.09375,4796.00390625,592,592,4096,4096,4096,1.0148865201044828,0,0,65525882888.0,1.080170809989795,,12.214780003996566,1,-1,0.31743551490412814,0,0,1,,,,,,0.01534807006828487,0.0019858816017404024,0.0001873100409284234,0.15136604697909206,0.04439401223362438,0.005317179951816797,0.0664568489883095,0.02392014109500451,0,0,0,0,1,0.71875,0,184
113,137121.569159622,1789402066.2001388,0.6796875,6.071532165918825e-18,1482.0139739513397,30,0,0.05922304838895798,1e-06,9.5367431640625e-07,6958057054.0,-1.862645149230957e-09,0.14453125,8192,8192,3402.96484375,5045.4921875,741,741,4096,4096,4096,4.841490978025831,0,0,65525882888.0,4.9027017269982025,,12.506536946981214,1,-1,0.39609058951462206,0,0,1,,,,,,0.022573449998162687,0.0016510854761691007,0.00015934999100863934,0.14649400697089732,0.043003213294923626,0.0074891699478030205,0.07142417912837118,0.022945853163491847,0,0,0,0,1,0.6796875,0,174
114,138645.007909738,1789403411.407188,0.78515625,5.204170427930421e-18,1326.846451997757,28,0,0.051480866968631744,1e-06,9.5367431640625e-07,6957915007.0,-9.313225746154785e-10,0.1015625,7517,8192,2932.87890625,4234.30078125,667,1015,4096,4096,4096,1.074688640073873,0,0,65525882888.0,1.1390537089901045,,12.83242119604256,0.8571428571428572,-1,0.36157958448779615,0,0,1,,,,,,0.016651579993776977,0.0017082677654798317,0.00018211000133305788,0.16379157698247582,0.04529406554866,0.005880809971131384,0.0658748981077224,0.020352066524083057,0.0005924399010837078,0,0,0,1,0.78515625,0,201
115,140140.836577669,1789404934.9039345,0.671875,1.3877787807814457e-17,1504.8413317203522,32,0,0.05492189899086952,1e-06,9.5367431640625e-07,6958281874.0,4.656612873077393e-10,0.1953125,8192,8192,3386.9921875,5239.51953125,900,987,4096,4096,4096,1.0363858890486881,0,0,65525882888.0,4.73117345594801,,13.474675245932303,1,-1,0.384654629081036,0,0,1,,,,,,0.028598120086826384,0.0016201189969251573,0.00017885991837829351,0.09009801899082959,0.03817064468375975,0.00543675001244992,0.07069590874016285,0.024438501941858704,0,0,0,0,1,0.671875,0,172
116,141348.523763392,1789406430.6481295,0.6875,1.3010426069826053e-17,1477.280993461609,27,0,0.06147827208042145,1e-06,9.5367431640625e-07,6957960492.0,-8.149072527885437e-09,0.19921875,8192,8192,3252.54296875,5170.51953125,758,1083,4096,4096,4096,1.0527551890118048,0,0,65525882888.0,1.1186843770556152,,13.304753605974838,1,-1,0.40089186286863654,0,0,1,,,,,,0.020656618988141418,0.001924924559716601,0.00020204007159918547,0.15314252697862685,0.05360159276006016,0.005217069992795587,0.06543125887401402,0.02374432751457789,0,0,0,0,1,0.6875,0,176
117,142846.556354047,1789407638.357907,0.86328125,-1.734723475976807e-18,1189.7209105491638,27,0,0.05203281715512276,1e-06,9.5367431640625e-07,6957913029.0,9.313225746154785e-10,0.05078125,8192,8192,2557.9375,3715.375,641,1007,4096,4096,4096,1.065305448952131,0,0,65525882888.0,1.128423677990213,,13.304427457973361,1,-1,0.310324057088978,0,0,1,,,,,,0.02079610002692789,0.002023055681547703,0.00016036001034080982,0.1652977269841358,0.0478317065394549,0.00413810892496258,0.06499818910378963,0.022279619584878674,0,0,0,0,1,0.86328125,0,221
118,144078.693822651,1789409136.500391,0.73046875,5.637851296924623e-18,1480.376252412796,32,0,0.047899745404720306,1e-06,9.5367431640625e-07,6957734874.0,-2.3283064365386963e-09,0.12890625,8192,8192,3171.375,4977.765625,1054,1315,4096,4096,4096,1.046562999021262,0,0,65525882888.0,1.110115896910429,,12.950751008000225,1,-1,0.35981145856446217,0,0,1,,,,,,0.01835160900373012,0.0017072479108719563,0.00019302999135106802,0.21508399595040828,0.044761911942714505,0.007035069982521236,0.06654929893556982,0.0253640970881861,0,0,0,0,1,0.73046875,0,187
119,145710.49302045,1789410368.5673203,0.8828125,9.107298248878237e-18,1214.1280682086945,25,0,0.03539714589715004,1e-06,9.5367431640625e-07,6956422852.0,-2.5029294192790985e-09,0.0625,6533,8192,2539.49609375,3976.59375,842,1247,4096,4096,4096,1.1006365079665557,0,0,65525882888.0,1.1708615960087627,,12.601847992045805,1,-1,0.24743582965269675,0,0,1,,,,,,0.017317970050498843,0.0018160406566494203,0.00016769010107964277,0.13016666704788804,0.050064837250374694,0.007839449914172292,0.06751548976171762,0.02533643625474724,0.004535690997727215,0,0,0,1,0.8828125,0,226
120,147121.185240033,1789412000.5253618,0.80078125,3.469446951953614e-18,1613.9481508731842,31,0,0.06745294481515884,1e-06,9.5367431640625e-07,6958971388.0,-4.6566128730773926e-09,0.07421875,6533,8192,2719.16015625,4289.82421875,590,590,4096,4096,4096,1.015239753993228,0,0,65525882888.0,1.0813050830038264,139.5368270210456,12.925741772982292,1,-1,0.34162725838766056,0,0,1,0,0,0,0,0.9999992251396179,0.013378608971834183,0.0017394915989825677,0.00021482002921402454,0.23338506498839706,0.05013580474405899,0.006418080069124699,0.0733516690088436,0.025458928392254165,0.0008533298969268799,0,0,0,1,0.80078125,0,205
121,148430.803733947,1789413411.1299264,0.75390625,5.637851296924623e-18,1392.8400387763977,30,0,0.05503609776496887,1e-06,9.5367431640625e-07,6959503538.0,8.381903171539307e-09,0.09765625,6707,8192,2972.9375,4645.7734375,507,507,4096,4096,4096,1.0436272589722648,0,0,65525882888.0,1.1095464780228212,,12.54076741100289,1,-1,0.36157958448779615,0,0,1,,,,,,0.019009039038792253,0.0017954706672753673,0.0002147100167348981,0.15618647600058466,0.05186742412706735,0.008044879999943078,0.0901450872188434,0.024612304177935584,0.001004830002784729,0,0,0,1,0.75390625,0,193
122,149910.050266794,1789414720.8395367,0.80078125,3.469446951953614e-18,1292.0080058574677,30,0,0.0610518679022789,1e-06,9.5367431640625e-07,6959999749.0,4.656612873077393e-10,0.0625,8192,8192,2708.01171875,4111.34765625,620,620,4096,4096,4096,1.0331404990283772,0,0,65525882888.0,1.100320408004336,,12.521823541028425,0.8571428571428572,-1,0.3321620578167549,0,0,1,,,,,,0.02518632891587913,0.001914860488341219,0.00017344998195767403,0.16208788705989718,0.05056056369448925,0.008785720099695027,0.06368592823855579,0.022773243459141668,0,0,0,0,1,0.80078125,0,205
123,151189.448125121,1789416200.0572772,0.76171875,3.469446951953614e-18,1460.905865907669,32,0,0.06663274765014648,1e-06,9.5367431640625e-07,6960414750.0,1.862645149230957e-09,0.1328125,6518,8192,2953.421875,4931.46484375,489,489,4096,4096,4096,1.0374054190469906,0,0,65525882888.0,1.1012693590018898,,12.451926172943786,1,-1,0.3754249293147971,0,0,1,,,,,,0.013728369027376175,0.0013426291225187015,0.00017354998271912336,0.18098731606733054,0.05017956897336262,0.0031021799659356475,0.07133000821340829,0.026483912788989983,0.0010848899837583303,0,0,0,1,0.76171875,0,195
124,152584.970309798,1789417479.4612088,0.77734375,1.734723475976807e-18,1261.6105463504791,26,0,0.06436551362276077,1e-06,9.5367431640625e-07,6961216276.0,4.656612873077393e-10,0.0546875,6192,8192,2466.91796875,4060.12890625,708,708,4096,4096,4096,1.0375017089536414,0,0,65525882888.0,1.0989413090283051,,13.228699231054634,1,-1,0.3144074439581966,0,0,1,,,,,,0.015185590018518269,0.0018293168877789867,0.00016767007764428854,0.11936056800186634,0.046969295370672626,0.004916979931294918,0.07303912879433483,0.024829362526361365,0.0007176198996603489,0,0,0,1,0.77734375,0,199
125,153945.369260119,1789418874.9931252,0.71484375,1.3877787807814457e-17,1377.3002564907074,31,0,0.06139281019568443,1e-06,9.5367431640625e-07,6960763627.0,-3.725290298461914e-09,0.09375,6745,8192,2687.765625,4615.08203125,848,1085,4096,4096,4096,1.0219220500439405,0,0,65525882888.0,1.0899740579770878,,12.516419162042439,1,-1,0.3508371911497946,0,0,1,,,,,,0.015666509978473186,0.0014735244258190505,0.00018763996195048094,0.1574574070982635,0.045339189573951444,0.007360819028690457,0.07864368904847652,0.026935750430766348,0.001976409927010536,0,0,0,1,0.71484375,0,183
126,155358.291666203,1789420235.2542858,0.73046875,6.938893903907228e-18,1342.2850728034973,30,0,0.055339522659778595,1e-06,9.618233889341354e-07,6959991563.0,-7.916241884231567e-09,0.0859375,7955,8192,2570.1484375,4266.62109375,700,987,4096,4096,4096,1.1733435170026496,0,0,65525882888.0,1.2475814949721098,,12.894146724021994,1,-1,0.3224191086654962,0,0,1,,,,,,0.018009169958531857,0.0018078244856951642,0.0001639900729060173,0.16221420594956726,0.04815490547935042,0.005363680073060095,0.06768029893282801,0.026910435076842987,0.0010972399031743407,0,0,0,1,0.73046875,0,187
127,156646.586464084,1789421648.2329357,0.76171875,6.071532165918825e-18,1395.2365264892578,32,0,0.07119794934988022,1e-06,9.5367431640625e-07,6960893213.0,-7.450580596923828e-09,0.06640625,6998,8192,2581.234375,4503.6015625,605,605,4096,4096,4096,1.0073462100699544,0,0,65525882888.0,1.0685404289979488,,12.786572965909727,1,-1,0.36509014821894414,0,0,1,,,,,,0.016178200021386147,0.0016676113236826495,0.00019146001432090998,0.14491303800605237,0.046752046337132924,0.007500459905713797,0.07096676772926003,0.027472083686006954,0.002279408974573016,0,0,0,1,0.76171875,0,195
128,157891.156757082,1789422936.455483,0.796875,7.806255641895632e-18,1270.370914697647,30,0,0.05923660099506378,1e-06,9.723007678985596e-07,6960373911.0,-1.0360963642597198e-08,0.07421875,8192,8192,2428.37109375,4026.6328125,555,774,4096,4096,4096,1.0043771190103143,0,0,65525882888.0,1.0673853990156204,,12.687225658097304,1,-1,0.31943828249996997,0,0,1,,,,,,0.01888276997487992,0.0019073805392508802,0.00018050905782729387,0.14732870704028755,0.05375423360783316,0.004941609920933843,0.0933132991194725,0.026979893551470013,0,0,0,0,1,0.796875,0,204
129,159344.308980594,1789424181.043126,0.79296875,1.3010426069826053e-18,1226.0060093402863,30,0,0.07300632447004318,1e-06,9.913928806781769e-07,6960315143.0,9.313225746154785e-10,0.05078125,7197,8192,2291.34765625,3778.36328125,646,1000,4096,4096,4096,1.0436853490537032,0,0,65525882888.0,1.1100991370622069,,12.687658037990332,1,-1,0.37201190457142247,0,0,1,,,,,,0.013310419977642596,0.0019521025665198977,0.00019921001512557268,0.1385540070477873,0.041415568269258074,0.0067335800267755985,0.08142528787720948,0.023659968272113474,0.0037623299285769463,0,0,0,1,0.79296875,0,203
130,160592.086353374,1789425634.2074723,0.8125,5.204170427930421e-18,1434.7406282424927,30,0,0.06751350313425064,1e-06,9.5367431640625e-07,6960440538.0,1.280568540096283e-09,0.03125,8192,8192,2127.21484375,3617.27734375,665,665,4096,4096,4096,1.0170953769702464,0,0,65525882888.0,1.0860519559355453,122.71152547793463,13.426482822978869,0.8571428571428572,-1,0.3462628469583092,0,0,1,0,0,0,0,1.0000008344650269,0.017059128964319825,0.002224627964096726,0.0001472289441153407,0.197056365897879,0.05090193475507476,0.005872069974429905,4.149673627805896,0.05653666376656474,0,0,0,0,1,0.8125,0,208
131,161835.236830415,1789426882.1161606,0.87109375,6.071532165918825e-18,1229.8778500556946,32,0,0.05994035676121712,1e-06,9.57399606704712e-07,6959417271.0,-2.3283064365386963e-09,0.02734375,6797,8192,2197.84375,3917.87109375,660,921,4096,4096,4096,1.0553252489771694,0,0,65525882888.0,1.1179462369764224,,13.153315159026533,1,-1,0.29987242185261903,0,0,1,,,,,,0.012901340029202402,0.0017869944786070846,0.00017336895689368248,0.11602850700728595,0.04694201502843498,0.005715431063435972,0.0819486288819462,0.027064907753356238,0.0019948009867221117,0,0,0,1,0.87109375,0,223
132,163208.903110608,1789428124.8974032,0.83984375,5.204170427930421e-18,1224.677226781845,29,0,0.0492825023829937,1e-06,9.578652679920197e-07,6958762067.0,-7.450580596923828e-09,0.0546875,8192,8192,2248.5859375,3733.01953125,828,1264,4096,4096,4096,1.0475678889779374,0,0,65525882888.0,1.1089899570215493,,12.635229513980448,0.7142857142857143,-1,0.2731617596567563,0,0,1,,,,,,0.019836679915897548,0.0019024561261176132,0.00015104003250598907,0.14076594705693424,0.047698336377379746,0.0042791200103238225,0.08623330795671791,0.025993146703967795,0,0,0,0,1,0.83984375,0,215
133,164406.524814633,1789429498.7127185,0.765625,5.204170427930421e-18,1355.9793863296509,28,0,0.06838130205869675,1e-06,9.5367431640625e-07,6958668388.0,-3.725290298461914e-09,0.0703125,8192,8192,2441.0390625,4292.67578125,811,1072,4096,4096,4096,1.0325322690187022,0,0,65525882888.0,1.0969069780549034,,13.16788948501926,0.8571428571428572,-1,0.351744921492718,0,0,1,,,,,,0.012618509936146438,0.0015232683576869022,0.00017055089119821787,0.12907110690139234,0.04729495747415058,0.008889999939128757,0.06666114006657153,0.027312252296724182,0,0,0,0,1,0.765625,0,196
134,165803.204984082,1789430696.3633046,0.921875,6.938893903907228e-18,1179.8407654762268,27,0,0.06014532223343849,1e-06,9.834766387939453e-07,6958897160.0,1.862645149230957e-09,0.02734375,7647,8192,2059.64453125,3631.13671875,651,940,4096,4096,4096,1.0370009900070727,0,0,65525882888.0,1.0993730280315503,,12.547682418022305,0.5714285714285714,-1,0.2696369441168125,0,0,1,,,,,,0.016382180037908256,0.0022525969375237764,0.00015883997548371553,0.11624534800648689,0.04714339429892789,0.006446970044635236,0.07787695887964219,0.02739442692609373,0.0012485799379646778,0,0,0,1,0.921875,0,236
135,167069.910524995,1789432093.214356,0.76953125,4.7704895589362195e-18,1378.4855148792267,31,0,0.07678087055683136,1e-06,9.723007678985596e-07,6959821068.0,1.0011717677116394e-08,0.03515625,7114,8192,2419.53125,4319.94140625,600,1036,4096,4096,4096,1.0665537080494687,0,0,65525882888.0,1.1316683270270005,,12.691546885995194,0.5714285714285714,-1,0.3771198586061228,0,0,1,,,,,,0.016497898963280022,0.0017602426928533532,0.00017527001909911633,0.14131553703919053,0.050691702877429634,0.007019330048933625,0.0909440399846062,0.02847187644965743,0.001515910029411316,0,0,0,1,0.76953125,0,197
136,168426.713058823,1789433359.7920544,0.8828125,6.938893903907228e-18,1248.165528535843,32,0,0.06566505134105682,1e-06,9.6810981631279e-07,6959222622.0,4.6566128730773926e-09,0.0234375,8192,8192,2251.875,3904.8046875,786,1151,4096,4096,4096,1.0520171279786155,0,0,65525882888.0,1.1167471469379961,,12.964179099886678,0.5714285714285714,-1,0.31542003094028026,0,0,1,,,,,,0.02335206000134349,0.0018978234202222666,0.0001538499491289258,0.16546817705966532,0.04750659528463075,0.003343840013258159,0.06821012881118804,0.0268720726171523,0,0,0,0,1,0.8828125,0,226
137,169711.781353384,1789434716.6585395,0.703125,4.336808689942018e-19,1337.868787765503,32,0,0.0872039869427681,1e-06,9.890645742416382e-07,6961147149.0,-6.51925802230835e-09,0.0625,7931,8192,2423.08984375,4328.58984375,870,1213,4096,4096,4096,1.028627039049752,0,0,65525882888.0,1.0936503170523793,,13.104911722010002,1,-1,0.39609058951462206,0,0,1,,,,,,0.020503879990428686,0.001654245705140056,0.0001868800027295947,0.21724543499294668,0.04889169520629366,0.0067478090059012175,0.07044155010953546,0.028389429987328185,0.0018694199388846755,0,0,0,1,0.703125,0,180
138,171045.947952289,1789436001.6761541,0.7890625,6.071532165918825e-18,1266.94278049469,28,0,0.06985582411289215,1e-06,9.911309462040663e-07,6961186648.0,-8.847564458847046e-09,0.0703125,7993,8192,2340.15234375,3904.14453125,726,987,4096,4096,4096,1.025715269963257,0,0,65525882888.0,1.0894308879505843,,13.706813952885568,1,-1,0.3606966049415028,0,0,1,,,,,,0.027395250042900443,0.0023630412565580627,0.00016739999409765005,0.2220603550085798,0.047912731835367595,0.007607080042362213,0.08126999682281166,0.02526254491203872,0.0008611599914729595,0,0,0,1,0.7890625,0,202
139,172622.811981905,1789437335.9221282,0.78125,8.673617379884035e-19,1315.3714644908905,29,0,0.06278814375400543,1e-06,9.890645742416382e-07,6960381525.0,-1.3969838619232178e-09,0.03125,6202,8192,2374.30078125,4183.95703125,516,643,4096,4096,4096,1.0466398380231112,0,0,65525882888.0,1.1627885260386392,,12.84883334103506,1,-1,0.351744921492718,0,0,1,,,,,,0.015945599996484816,0.0018132632976630703,0.00019559997599571943,0.1375614069402218,0.0459100016037155,0.00554567005019635,0.09040998097043484,0.02724036257541229,0.001080240006558597,0,0,0,1,0.78125,0,200
140,173972.924027294,1789438912.7037427,0.7890625,0,1558.3400883674622,24,0,0.058688078075647354,1e-06,9.797513484954834e-07,6959277279.0,-2.0954757928848267e-09,0.0546875,7634,8192,2307.77734375,3701.03515625,765,1026,4096,4096,4096,1.0419243889627978,0,0,65525882888.0,1.1049411779968068,124.412257176009,13.612494283006527,1,-1,0.3072259023943795,0,0,1,0,0,0,0,0.9999997615814209,0.017245679046027362,0.002105527031744714,0.00019078003242611885,0.14526277699042112,0.04845908353036066,0.0032082999823614955,0.07459957606624812,0.024247325618034665,0.0019857200095430017,0,0,0,1,0.7890625,0,202
141,175137.204468012,1789440262.690526,0.8046875,8.673617379884035e-18,1332.011147260666,25,0,0.06243941932916641,1e-06,9.834766387939453e-07,6959228900.0,3.725290298461914e-09,0.05078125,8192,8192,2367.94921875,4270.3359375,618,618,4096,4096,4096,1.047541078994982,0,0,65525882888.0,1.1101360969478264,,12.935135797015391,1,-1,0.34441609860689126,0,0,1,,,,,,0.02008131903130561,0.002168308919408446,0.00014924898277968168,0.11949181708041579,0.04789665894531936,0.006782350013963878,0.07223546702880412,0.026328206575271906,0,0,0,0,1,0.8046875,0,206
142,176486.873337723,1789441427.1788874,0.82421875,6.071532165918825e-18,1146.3173260688782,24,0,0.05174516513943672,1e-06,9.853392839431763e-07,6958317871.0,-3.259629011154175e-09,0.046875,6095,8192,2022.2421875,3566.5390625,472,733,4096,4096,4096,1.0115052699111402,0,0,65525882888.0,1.0733790079830214,,12.82612295995932,1,-1,0.2731617596567563,0,0,1,,,,,,0.025352569995447993,0.002272318825362163,0.0001802300103008747,0.11843457701615989,0.050855012267220445,0.004404079983942211,0.07885812898166478,0.02616928574434496,0.0013708799378946424,0,0,0,1,0.82421875,0,211
143,177758.014208755,1789442776.7664573,0.8125,4.336808689942018e-18,1331.1319708824158,24,0,0.05959077179431915,1e-06,9.760260581970215e-07,6957632510.0,0,0.078125,8192,8192,2421.2265625,4178.69921875,606,672,4096,4096,4096,1.0250487090088427,0,0,65525882888.0,1.0873940089950338,,12.721510452101938,1,-1,0.3072259023943795,0,0,1,,,,,,0.01185150002129376,0.0019199453531655308,0.0001673699589446187,0.11855305801145732,0.04920549481812486,0.006986008957028389,0.07155423797667027,0.024227548936778476,0,0,0,0,1,0.8125,0,208
144,179140.389720348,1789444047.869472,0.83984375,5.204170427930421e-18,1252.325739145279,31,0,0.0631035715341568,1e-06,9.741634130477905e-07,6957332792.0,6.51925802230835e-09,0.06640625,7037,8192,2256.22265625,3784.0703125,641,658,4096,4096,4096,1.0044448279077187,0,0,65525882888.0,1.0670713370200247,,13.0772856969852,0.8571428571428572,-1,0.3144074439581966,0,0,1,,,,,,0.016255649970844388,0.001812568642435508,0.0001618099631741643,0.17119287594687194,0.05130967363902528,0.005447259987704456,0.07108309911563993,0.02595243322866736,0.0006982100894674659,0,0,0,1,0.83984375,0,215
145,180439.277952519,1789445430.3480394,0.7734375,6.071532165918825e-18,1363.0138647556305,31,0,0.05640753358602524,1e-06,9.760260581970215e-07,6956275784.0,-3.725290298461914e-09,0.06640625,8192,8192,2514.8515625,4363.4296875,651,912,4096,4096,4096,3.435419957037084,0,0,65525882888.0,3.4999679760076106,,13.42111510806717,1,-1,0.3292694449033174,0,0,1,,,,,,0.017129460000433028,0.0019084811992797768,0.00019429007079452276,0.13567789702210575,0.04527712892149793,0.007768039940856397,0.08032581966836005,0.02747607317951406,0,0,0,0,1,0.7734375,0,198
146,181779.464406892,1789446729.1757333,0.765625,1.734723475976807e-18,1279.8393247127533,26,0,0.07797732204198837,1e-06,9.872019290924072e-07,6956454373.0,-6.51925802230835e-09,0.05078125,5960,8192,2204.4296875,3989.578125,668,929,4096,4096,4096,1.0699930969858542,0,0,65525882888.0,5.244592580012977,,14.00813511305023,1,-1,0.3779644730092272,0,0,1,,,,,,0.01559009007178247,0.0017548136233926925,0.00016565003897994757,0.1274164270143956,0.04455301699317715,0.005728899966925383,0.08588955854065716,0.02655026176626052,0.0017794399755075574,0,0,0,1,0.765625,0,196
147,183070.510401015,1789448069.4765794,0.8203125,3.0357660829594124e-18,1322.0104887485504,24,0,0.0497434101998806,1e-06,9.75094735622406e-07,6955663801.0,4.423782229423523e-09,0.05859375,8192,8192,2379.1953125,4118.4296875,793,1054,4096,4096,4096,1.0373108480125666,0,0,65525882888.0,1.1044456970412284,,13.34728686104063,0.8571428571428572,-1,0.28571428571428575,0,0,1,,,,,,0.022751829936169088,0.0020808503877560725,0.00018625997472554445,0.12796655797865242,0.04598025357336155,0.008256439003162086,0.07061193906702101,0.026848741479170712,0,0,0,0,1,0.8203125,0,210
148,184307.039877531,1789449360.5473483,0.83984375,4.336808689942018e-18,1272.678326368332,24,0,0.0665418803691864,1e-06,9.909272193908691e-07,6955357558.0,-1.6298145055770874e-09,0.02734375,6998,8192,2217.84765625,4075.2578125,607,607,4096,4096,4096,1.012460428988561,0,0,65525882888.0,1.0798883169190958,,12.901274248957634,1,-1,0.32635119433030474,0,0,1,,,,,,0.017555189901031554,0.0016314256627083523,0.0001901600044220686,0.1739713759161532,0.049039719091069855,0.005280089913867414,0.07197848870418966,0.029226040454432223,0.0011218999279662967,0,0,0,1,0.83984375,0,215
149,185933.654974861,1789450596.9960022,0.85546875,1.3010426069826053e-17,1217.8754546642303,28,0,0.06227625906467438,1e-06,9.709037840366364e-07,6954931390.0,-7.450580596923828e-09,0.03515625,6260,8192,2184.0859375,3827.3984375,528,528,4096,4096,4096,1.0226062380243093,0,0,65525882888.0,1.0847624669549987,,12.961082864901982,0.7142857142857143,-1,0.30618621784789724,0,0,1,,,,,,0.01557808998040855,0.0023550690566480625,0.0001588999293744564,0.14478683599736542,0.052977443635427335,0.006162059959024191,0.08046226808801293,0.02710868461372229,0.002158949035219848,0,0,0,1,0.85546875,0,219
150,187158.475029555,1789452223.5358658,0.84375,-4.336808689942018e-18,1607.700788974762,31,0,0.06330171227455139,1e-06,9.760260581970215e-07,6954630382.0,-6.51925802230835e-09,0.03125,7993,8192,2310.4140625,3988.1875,676,937,4096,4096,4096,1.0433117729844525,0,0,65525882888.0,1.1092356209410354,131.5448189820163,13.107843530015089,0.8571428571428572,-1,0.3606966049415028,0,0,1,0,0,0,0,0.9999995827674866,0.015183679992333055,0.001835292398936872,0.0001805200008675456,0.14316716708708555,0.04964045833912678,0.008984019979834557,0.11071480810642242,0.02919390742408723,0.000803199945949018,0,0,0,1,0.84375,0,216
151,188489.30794617,1789453448.4903505,0.88671875,3.469446951953614e-18,1206.2447981834412,26,0,0.05150095745921135,1e-06,9.57399606704712e-07,6953689333.0,-1.1059455573558807e-09,0.03515625,8192,8192,2108.609375,3737.35546875,582,843,4096,4096,4096,1.034767318982631,0,0,65525882888.0,1.0964405980193987,,13.194571054074913,1,-1,0.2800783418099665,0,0,1,,,,,,0.01601131004281342,0.001698405649221968,0.00020410004071891308,0.13637503702193499,0.0433240950783329,0.007490318967029452,0.09103207918815315,0.02728265974246824,0,0,0,0,1,0.88671875,0,227
152,189757.713639514,1789454779.1834397,0.796875,-3.469446951953614e-18,1311.7237889766693,26,0,0.06082157418131828,1e-06,9.806826710700989e-07,6953555996.0,-7.916241884231567e-09,0.0390625,7697,8192,2241.1015625,4114.55078125,685,946,4096,4096,4096,4.884486000053585,0,0,65525882888.0,4.945678589050658,,13.340605646022595,1,-1,0.36421567954234174,0,0,1,,,,,,0.021880410029552877,0.0017931182783286204,0.00019400008022785187,0.19638315599877387,0.050952882895217044,0.005752900033257902,0.10691638709977269,0.029111795546668873,0.0022193299373611808,0,0,0,1,0.796875,0,204
153,191125.111672372,1789456047.388187,0.8515625,1.0842021724855044e-17,1249.4892497062683,28,0,0.062165968120098114,1e-06,9.5367431640625e-07,6952929975.0,0,0.03125,5585,8192,2105.09375,4003.78125,728,989,4096,4096,4096,1.0321781290695071,0,0,65525882888.0,1.100218438077718,,13.556727401912212,1,-1,0.2901442287369986,0,0,1,,,,,,0.018408830044791102,0.001688000528702105,0.00017851998563855886,0.1245439569465816,0.04725408167041678,0.009170640027150512,0.07279930100776255,0.02812992586996188,0.0036935399984940886,0,0,0,1,0.8515625,0,218
154,192383.923141678,1789457415.1370227,0.8359375,5.204170427930421e-18,1348.5776221752167,28,0,0.05893435701727867,1e-06,9.592622518539429e-07,6952711189.0,1.0710209608078003e-08,0.03515625,6794,8192,2314.109375,4346.57421875,723,792,4096,4096,4096,1.084498278098181,0,0,65525882888.0,1.151359915966168,,13.321597956935875,1,-1,0.31743551490412814,0,0,1,,,,,,0.02401169005315751,0.0022053221041460347,0.0001388400560244918,0.13877623795997351,0.04819456075119888,0.005298209958709776,0.1180809868965298,0.02996909147759652,0.0032555890502408147,0,0,0,1,0.8359375,0,214
155,193688.377711309,1789458673.6672344,0.8828125,6.071532165918825e-18,1239.7026751041412,26,0,0.045677829533815384,1e-06,9.5367431640625e-07,6951474979.0,-4.6566128730773926e-09,0.015625,5500,8192,2107.48046875,3823.4140625,746,834,4096,4096,4096,1.0760716350050643,0,0,65525882888.0,1.1434473929693922,,13.603855550987646,1,-1,0.24484480715718013,0,0,1,,,,,,4.338506915024482,0.018780036689804547,0.00018398999236524105,0.13917749689426273,0.05407757707416749,0.0030968700302764773,0.07986667903605849,0.031760013400798925,0.0023782800417393446,0,0,0,1,0.8828125,0,226
156,194935.674347973,1789459978.3909414,0.8671875,8.239936510889834e-18,1285.6897854804993,31,0,0.06324634701013565,1e-06,9.817304089665413e-07,6952013252.0,-3.725290298461914e-09,0.03125,8192,8192,2091.953125,4072.8046875,725,986,4096,4096,4096,1.0832795980386436,0,0,65525882888.0,1.146536765852943,,13.470845878939144,0.8571428571428572,-1,0.30929478706587094,0,0,1,,,,,,0.019018069957382977,0.0022012637659827305,0.00017740903422236443,0.14174941706005484,0.04723264970971286,0.002992879948578775,0.08391886902973056,0.030596721493111545,0,0,0,0,1,0.8671875,0,222
157,196334.253153315,1789461225.6086657,0.87890625,9.107298248878237e-18,1227.7900676727295,22,0,0.05022537335753441,1e-06,9.5367431640625e-07,6951657193.0,0,0.03515625,7955,8192,2085.55859375,3806.51171875,569,830,4096,4096,4096,1.0827349480241537,0,0,65525882888.0,1.149777056882158,,13.402377082034945,0.7142857142857143,-1,0.30199168795156717,0,0,1,,,,,,0.017150599975138903,0.0017921114094860968,0.00021364004351198673,0.11501292698085308,0.04204492843837215,0.012357860105112195,0.07869270839728415,0.029116697907738853,0.001289089908823371,0,0,0,1,0.87890625,0,225
158,197515.480988966,1789462624.2299044,0.82421875,1.0408340855860843e-17,1379.6019020080566,27,0,0.053321436047554016,1e-06,9.547220543026924e-07,6950944205.0,9.313225746154785e-10,0.0546875,7634,8192,2457.5078125,4346.5078125,538,799,4096,4096,4096,1.0139976181089878,0,0,65525882888.0,1.085249827010557,,13.65300105791539,1,-1,0.34162725838766056,0,0,1,,,,,,0.024794688913971186,0.001863357424554124,0.00018371990881860256,0.11233936809003353,0.046061469786764064,0.008775060065090656,0.07139323791489005,0.030933512932278973,0.002563270041719079,0,0,0,1,0.82421875,0,211
159,199053.816519005,1789463805.5450397,0.87109375,2.168404344971009e-18,1156.3289911746979,18,0,0.0365571565926075,1e-06,9.5367431640625e-07,6949256021.0,8.149072527885437e-10,0.02734375,6239,8192,1908.484375,3499.7421875,442,703,4096,4096,4096,1.0297616380266845,0,0,65525882888.0,1.0999213971663266,,13.322107258951291,1,-1,0.1939782230571467,0,0,1,,,,,,0.01936085894703865,0.0021081936683913227,0.0001814600545912981,0.13713827705942094,0.052099454946983315,0.002928619971498847,0.07932205754332244,0.027418493564255186,0.003236199961975217,0,0,0,1,0.87109375,0,223
160,200358.972149375,1789465343.8101,0.84765625,4.7704895589362195e-18,1518.7019441127777,26,0,0.051811736077070236,1e-06,9.5367431640625e-07,6948944802.0,0,0.02734375,7382,8192,2050.1328125,3893.89453125,677,1039,4096,4096,4096,1.0549852000549436,0,0,65525882888.0,1.1190511179156601,129.99025703594089,19.2363903389778,0.8571428571428572,-1,0.30199168795156717,0,0,1,0,0,0,0,1.0000001192092896,0.018253999995067716,0.002185590234148549,0.00018409988842904568,0.14493134594522417,0.047427527448235196,0.0049137999303638935,0.07321720011532307,0.028062244659849966,0.005293108988553286,0,0,0,1,0.84765625,0,217
161,201554.63079199,1789466648.9250097,0.83203125,7.806255641895632e-18,1285.5504837036133,27,0,0.05327172204852104,1e-06,9.5367431640625e-07,6948770575.0,-7.2177499532699585e-09,0.01953125,5802,8192,2119.265625,3970.33203125,495,495,4096,4096,4096,1.1613826851826161,0,0,65525882888.0,1.2317145140841603,,13.569677657913417,1,-1,0.30199168795156717,0,0,1,,,,,,0.014484740095213056,0.0020151966737103066,0.00018338998779654503,0.14227249496616423,0.056301510292541934,0.006206309888511896,0.08543910714797676,0.02796579433561419,0.0008443591650575399,0,0,0,1,0.83203125,0,213
162,203012.880400981,1789467844.6176698,0.91015625,1.0408340855860843e-17,1176.5342590808868,31,0,0.06064099818468094,1e-06,9.5367431640625e-07,6949655244.0,-2.7939677238464355e-09,0.01171875,4997,8192,2005.16015625,3767.8515625,695,976,4096,4096,4096,1.0295933191664517,0,0,65525882888.0,1.0934883169829845,,13.77771182009019,0.7142857142857143,-1,0.27548658250966984,0,0,1,,,,,,0.02942826901562512,0.0018313618438696722,0.00015331106260418892,0.15608301712200046,0.05239855283161887,0.006335070123896003,0.06724101980216801,0.028415638023943757,0.002334809862077236,0,0,0,1,0.91015625,0,233
163,204090.120389284,1789469302.9687474,0.8359375,9.540979117872439e-18,1438.9426872730255,28,0,0.0579666942358017,1e-06,9.5367431640625e-07,6949941492.0,1.862645149230957e-09,0.015625,7002,8192,2304.87890625,4651.96875,677,1113,4096,4096,4096,1.0193876381963491,0,0,65525882888.0,1.082831857027486,,13.479339028010145,1,-1,0.32732683535398854,0,0,1,,,,,,0.01354129915125668,0.0015117442380869761,0.00017369003035128117,0.13656982709653676,0.0465642659473815,0.003440889995545149,4.445759914815426,0.04797492520629021,0.0015088999643921852,0,0,0,1,0.8359375,0,214
164,205352.050645154,1789470380.2474427,0.94921875,7.806255641895632e-18,1058.01220369339,19,0,0.043103381991386414,1e-06,9.5367431640625e-07,6948961696.0,-1.7462298274040222e-09,0.0078125,5435,8192,1816.21875,3241.046875,760,1075,4096,4096,4096,1.072142967954278,0,0,65525882888.0,1.141609184909612,,13.565103734144941,0.4285714285714286,-1,0.22160131510697959,0,0,1,,,,,,0.025721948826685548,0.0020446276812435826,0.00018734997138381004,0.18985459604300559,0.05101799214935454,0.003299551084637642,0.09497510804794729,0.027720131918613333,0.0035630001220852137,0,0,0,1,0.94921875,0,243
165,206703.775401074,1789471641.9805706,0.86328125,3.469446951953614e-18,1240.4179747104645,27,0,0.07121912389993668,1e-06,9.5367431640625e-07,6950910114.0,-6.28642737865448e-09,0.0234375,8014,8192,2068.859375,3859.12109375,717,849,4096,4096,4096,1.0631942369509488,0,0,65525882888.0,1.1319061059039086,,13.465870425105095,0.8571428571428572,-1,0.30826208038628694,0,0,1,,,,,,0.014933080179616809,0.00199734586658451,0.00019787997007369995,0.1944477860815823,0.045255716886458686,0.005271348869428039,0.0725636703427881,0.026504166386075667,0.0009364900179207325,0,0,0,1,0.86328125,0,221
166,208052.720365227,1789472993.7937613,0.78125,9.540979117872439e-18,1332.7664499282837,30,0,0.0749550387263298,1e-06,9.5367431640625e-07,6952156164.0,9.313225746154785e-10,0.0546875,6567,8192,2179.90234375,4307.4765625,628,889,4096,4096,4096,1.0195331471040845,0,0,65525882888.0,5.183310732943937,,15.585683552082628,1,-1,0.3388154635894692,0,0,1,,,,,,0.018645538948476315,0.0021205748553256853,0.00017365999519824982,0.10914256703108549,0.045052674828184536,0.00687448913231492,0.08831018931232393,0.02848211732271011,0.0027789203450083733,0,0,0,1,0.78125,0,200
167,209300.341774684,1789474342.4977305,0.875,9.540979117872439e-18,1329.5753710269928,31,0,0.05615495890378952,1e-06,9.5367431640625e-07,6951874715.0,-5.587935447692871e-09,0.03515625,7440,8192,2123.2421875,4000.90234375,672,933,4096,4096,4096,1.0376434389036149,0,0,65525882888.0,1.1027097159530967,,13.376323439879343,0.7142857142857143,-1,0.30093392047058426,0,0,1,,,,,,0.01806870917789638,0.001769452194821497,0.00018258998170495033,0.1500206058844924,0.0484412741725464,0.0060157200787216425,0.07788095809519291,0.028573708063959202,0.004300420172512531,0,0,0,1,0.875,0,224
168,210466.520415419,1789475590.1568396,0.8828125,-4.336808689942018e-19,1228.4421842098236,22,0,0.04599853605031967,1e-06,9.5367431640625e-07,6950812569.0,-9.313225746154785e-10,0.03515625,8192,8192,2035.16015625,3743.5859375,721,982,4096,4096,4096,1.0419050469063222,0,0,65525882888.0,1.1112095559947193,,13.24319793889299,1,-1,0.23957871187497748,0,0,1,,,,,,0.01746374904178083,0.0020426703722478123,0.0001727601047605276,0.1945429020561278,0.048717888348619454,0.0037114492151886225,0.08547379798255861,0.028606387710169656,0,0,0,0,1,0.8828125,0,226
169,211904.24209739,1789476756.4098675,0.9296875,7.37257477290143e-18,1145.4284391403198,18,0,0.04870288819074631,1e-06,9.5367431640625e-07,6950005797.0,4.656612873077393e-10,0.0078125,5025,8192,1870.8984375,3625.16015625,592,853,4096,4096,4096,1.018290748121217,0,0,65525882888.0,1.0827266860287637,,13.71736748307012,1,-1,0.22015764296317772,0,0,1,,,,,,0.018703429028391838,0.0019389710014365846,0.0001806509681046009,0.17986910603940487,0.046964104259132,0.0073487600311636925,0.07312378846108913,0.02990679105187155,0.003104019910097122,0,0,0,1,0.9296875,0,238
170,213072.412086564,1789478194.2693472,0.94140625,6.938893903907228e-18,1417.2012066841125,21,0,0.04237653687596321,1e-06,9.5367431640625e-07,6948634066.0,-3.4924596548080444e-09,0.0234375,8192,8192,1956.109375,3468.6171875,484,745,4096,4096,4096,1.1515953748021275,0,0,65525882888.0,1.2152754440903664,119.7440683231689,14.890721486182883,0.5714285714285714,-1,0.24090602791485788,0,0,1,0,0,0,0,1.0000007152557373,0.018389748875051737,0.002103980884385237,0.00017947005107998848,0.10969124711118639,0.04224696933852101,0.004721200093626976,0.08527874876745045,0.0299103658844615,0,0,0,0,1,0.94140625,0,241
171,214409.754027234,1789479362.3807943,0.91015625,1.3010426069826053e-18,1148.6103374958038,23,0,0.05036336928606033,1e-06,9.5367431640625e-07,6948189392.0,-9.546056389808655e-09,0.0234375,6239,8192,1791.98046875,3269.0703125,581,842,4096,4096,4096,1.0622126481030136,0,0,65525882888.0,1.126923535950482,,14.845325157046318,0.7142857142857143,-1,0.25877458475338283,0,0,1,,,,,,0.015556429978460073,0.0022512328814627836,0.0001869599800556898,0.21196611505001783,0.05208445964854036,0.008731300011277199,0.08321266202256083,0.027053983533733117,0.0013396099675446749,0,0,0,1,0.91015625,0,233
172,215700.749413926,1789480699.6720777,0.84765625,3.469446951953614e-18,1317.9537613391876,26,0,0.054303839802742004,1e-06,9.5367431640625e-07,6948854326.0,-6.984919309616089e-10,0.04296875,6385,8192,2091.8828125,4157.8203125,676,956,4096,4096,4096,1.0436433381401002,0,0,65525882888.0,1.1080557580571622,,13.727594553958625,1,-1,0.3144074439581966,0,0,1,,,,,,0.019464279990643263,0.0021448419574880973,0.0001720308791846037,0.13999341684393585,0.050090778209778364,0.009438459994271398,0.07827303628437221,0.030504742153425468,0.0021630499977618456,0,0,0,1,0.84765625,0,217
173,216706.240385541,1789481990.729618,0.91015625,3.469446951953614e-18,1271.3456242084503,24,0,0.05187173932790756,1e-06,9.5367431640625e-07,6948119522.0,-9.313225746154785e-10,0.02734375,8192,8192,2102.44140625,3875.46875,783,1258,4096,4096,4096,1.0671966769732535,0,0,65525882888.0,1.1313080561812967,,13.657144388882443,0.7142857142857143,-1,0.263657554647025,0,0,1,,,,,,0.01553951995447278,0.002212674622569466,0.00020751007832586765,0.19387201592326164,0.055571173230418935,0.006440380122512579,0.07292969827540219,0.028373339016980026,0,0,0,0,1,0.91015625,0,233
174,218007.85944124,1789482996.2198937,0.94140625,1.734723475976807e-18,986.0674974918365,23,0,0.04882402345538139,1e-06,9.5367431640625e-07,6947949176.0,-8.381903171539307e-09,0.0078125,4969,8192,1631.21875,3034.44921875,546,807,4096,4096,4096,1.0594514079857618,0,0,65525882888.0,1.1266860461328179,,13.930032515199855,0.7142857142857143,-1,0.2244608051781524,0,0,1,,,,,,0.0197350790258497,0.002227028884590254,0.00015271990559995174,0.18929272703826427,0.05336453802374308,0.003341810079291463,0.06912467605434358,0.02751801086742489,0.00109764002263546,0,0,0,1,0.94140625,0,241
175,219248.217700968,1789484297.7810342,0.9296875,4.7704895589362195e-18,1282.063487291336,18,0,0.054356932640075684,1e-06,9.5367431640625e-07,6947789130.0,-3.725290298461914e-09,0.03515625,8192,8192,2077.265625,3707.30859375,507,855,4096,4096,4096,1.0447941368911415,0,0,65525882888.0,1.1095116059295833,,13.693046311847866,0.8571428571428572,-1,0.23690177073967142,0,0,1,,,,,,0.017868129070848227,0.0023375651717287838,0.00018574995920062065,0.14988386607728899,0.04495226947528863,0.007910389918833971,0.08469467028044164,0.0289559927132359,0,0,0,0,1,0.9296875,0,238
176,220374.376666389,1789485538.18562,0.87890625,8.673617379884035e-19,1220.9908134937286,22,0,0.05630962923169136,1e-06,9.5367431640625e-07,6948178699.0,-5.587935447692871e-09,0.0390625,8192,8192,2082.25390625,3796.51171875,660,921,4096,4096,4096,1.0548187871463597,0,0,65525882888.0,1.119230685988441,,13.742431822000071,0.7142857142857143,-1,0.29558830995083657,0,0,1,,,,,,0.015716040041297674,0.0017584738498044317,0.00017222994938492775,0.13949336600489914,0.047822018237638986,0.0031160691287368536,0.08635628875344992,0.027722796697162266,0,0,0,0,1,0.87890625,0,225
177,221630.858380606,1789486664.3264694,0.9453125,5.204170427930421e-18,1106.6983771324158,18,0,0.03240136057138443,1e-06,9.5367431640625e-07,6946086728.0,-2.3283064365386963e-10,0.015625,6242,8192,1831.62109375,3197.62109375,699,825,4096,4096,4096,1.0559533359482884,0,0,65525882888.0,1.1207174451556057,,13.773875819984823,0.2857142857142857,-1,0.15971914124998499,0,0,1,,,,,,0.016144468914717436,0.002086206973217486,0.00019962014630436897,0.22181738214567304,0.05263809110601869,0.0058470298536121845,0.10310404561460018,0.028707452512207965,0.001986208837479353,0,0,0,1,0.9453125,0,242
178,222732.502882001,1789487920.842313,0.86328125,3.0357660829594124e-18,1232.8174917697906,21,0,0.045251622796058655,1e-06,9.5367431640625e-07,6945449423.0,-2.3283064365386963e-09,0.03515625,7405,8192,1982.59765625,3667.69140625,587,848,4096,4096,4096,1.0252520211506635,0,0,65525882888.0,1.0878380101639777,,13.663733962923288,1,-1,0.2731617596567563,0,0,1,,,,,,0.01586803002282977,0.0021004923910368234,0.00017435988411307335,0.16672834707424045,0.05029388768252829,0.006760559976100922,0.09159467881545424,0.028341001467197202,0.0028348490595817566,0,0,0,1,0.86328125,0,221
179,224255.489324862,1789489022.5659587,0.91015625,6.938893903907228e-18,1081.492960691452,19,0,0.05664098635315895,1e-06,9.094364941120148e-07,6946408797.0,-2.444721758365631e-09,0.02734375,6686,8192,1774.74609375,3131.76953125,587,935,4096,4096,4096,1.0670015050563961,0,0,65525882888.0,1.1325373840518296,,17.82680343813263,1,-1,0.23282865732866603,0,0,1,,,,,,0.0290898191742599,0.0024252280172731844,0.00017652986571192741,0.15236744610592723,0.04452676129494648,0.008461239980533719,0.08053918764926493,0.02577421862133633,0.00455979909747839,0,0,0,1,0.91015625,0,233
180,225483.659472758,1789490545.4412959,0.8984375,6.071532165918825e-18,1502.6971533298492,29,0,0.06521664559841156,1e-06,9.5367431640625e-07,6947685921.0,-5.122274160385132e-09,0.0078125,7078,8192,1904.6953125,3757.49609375,601,601,4096,4096,4096,1.0561633959878236,0,0,65525882888.0,1.122612054925412,127.58902673912235,14.337401838973165,1,-1,0.2834733547569204,0,0,1,0,0,0,0,1.000000238418579,0.01821947912685573,0.0021128014450368937,0.0001667398028075695,0.15730205597355962,0.057780480871770123,0.0073691499419510365,0.08424781751818955,0.028900487965984212,0.0007608300074934959,0,0,0,1,0.8984375,0,230
181,226759.016979002,1789491773.5998032,0.89453125,4.7704895589362195e-18,1204.03368973732,24,0,0.0821133628487587,1e-06,9.5367431640625e-07,6950516904.0,0,0.01953125,7197,8192,1966.1015625,3681.125,602,863,4096,4096,4096,1.01147160702385,0,0,65525882888.0,1.0757000050507486,,13.616994763957337,0.7142857142857143,-1,0.30618621784789724,0,0,1,,,,,,0.018376549007371068,0.0022304858612187672,0.00021790992468595505,0.1267522070556879,0.045258438914061117,0.00715550989843905,0.08353981678374112,0.028687471211924276,0.003254119772464037,0,0,0,1,0.89453125,0,229
182,228126.080620597,1789493048.9780185,0.93359375,1.0842021724855044e-17,1256.1926865577698,25,0,0.0450485460460186,1e-06,9.5367431640625e-07,6949260872.0,-2.3283064365386963e-10,0.01171875,7173,8192,2051.953125,3744.51171875,515,951,4096,4096,4096,1.0201628571376204,0,0,65525882888.0,1.081153396051377,,18.14325151895173,0.5714285714285714,-1,0.2512722728476837,0,0,1,,,,,,0.016785799991339445,0.002154650727788976,0.00017548003233969212,0.12273259786888957,0.04629912526070257,0.006180739961564541,0.08908524690195918,0.02973427745837398,0.0036607689689844847,0,0,0,1,0.93359375,0,239
183,229464.82333442,1789494416.061235,0.84765625,4.336808689942018e-18,1346.9265077114105,31,0,0.05961811542510986,1e-06,9.5367431640625e-07,6948954965.0,-2.3283064365386963e-10,0.05078125,6977,8192,2177.140625,4123.37109375,717,872,4096,4096,4096,1.0151214180514216,0,0,65525882888.0,1.077521158149466,,13.385288989171386,0.8571428571428572,-1,0.32043497223082784,0,0,1,,,,,,0.015754778869450092,0.00200508428770263,0.00020516011863946915,0.16082507697865367,0.05614934727327636,0.0033493998926132917,0.09130550897680223,0.028131367572314048,0.003280879929661751,0,0,0,1,0.84765625,0,217
