{"_step":6,"jax/core/compile/jaxpr_to_mlir_module_duration":1.7739390304098754e+09,"actor/train/pg_clipfrac":0,"rewards/train/score/min":0,"rewards/train/reward_fn":0.21875,"actor/train/learning_rate":8.987262845039368e-08,"rewards/train/max":1,"jax/core/compile/backend_compile_duration":1.7739390304134796e+09,"rewards/train/min":0,"actor/train/steps_per_sec":24.05486100863614,"actor/train/loss":6.17362093180418e-05,"jax/core/compile/jaxpr_trace_duration":1.7739390304090796e+09,"completions/train/mean_length":677.21875,"_wandb":{"runtime":1275},"_runtime":1275.207716586,"actor/train/perplexity":1.0000617504119873,"completions/train/min_length":390,"rewards/train/score/max":1,"actor/train/step_time_sec":0.04157163808122277,"_timestamp":1.773939713398319e+09,"actor/train/grad_norm":1.4576416015625,"completions/train/max_length":1024,"actor/train/kl":0.000687223975546658,"rewards/train/score/mean":0.21875,"rewards/train/sum":0.21875,"rewards/train/mean":0.21875}