_step,_runtime,_timestamp,rewards/train/solve_ratio,rewards/train/advantage/mean,perf/train/global_step_time,actor/train/advantage/abs_mean,actor/train/advantage/max,actor/train/advantage/min,actor/train/advantage/nonzero_frac,actor/train/entropy,actor/train/grad_norm,actor/train/is_ratio/max,actor/train/is_ratio/mean,actor/train/is_ratio/min,actor/train/kl,actor/train/kl_loss,actor/train/log_ratio/abs_mean,actor/train/loss,actor/train/perplexity,actor/train/pg_clipfrac,actor/train/pg_loss/clipped_mean,actor/train/pg_loss/unclipped_mean,actor/train/ppo_kl,actor/train/reduced_pg_loss,actor/train/sampler_is/weight_mean,actor/train/sampler_is/weight_min,actor/train/unreduced_pg_loss,actor/train/zero_tim/alignment_warning,actor/train/zero_tim/alignment_warning_count,actor/train/zero_tim/clip_hits,actor/train/zero_tim/first_order_kl,actor/train/zero_tim/gradient_nonzero,actor/train/zero_tim/hard_gate_pass,actor/train/zero_tim/n_action,actor/train/zero_tim/r_exact,actor/train/zero_tim/r_max,actor/train/zero_tim/r_min,actor/train/zero_tim/s_decode_vs_s_prefill_byte_fraction,actor/train/zero_tim/s_decode_vs_s_prefill_bytes,actor/train/zero_tim/s_decode_vs_s_prefill_element_fraction,actor/train/zero_tim/s_decode_vs_s_prefill_elements,actor/train/zero_tim/s_decode_vs_s_prefill_max_abs,actor/train/zero_tim/s_prefill_vs_t_old_byte_fraction,actor/train/zero_tim/s_prefill_vs_t_old_bytes,actor/train/zero_tim/s_prefill_vs_t_old_element_fraction,actor/train/zero_tim/s_prefill_vs_t_old_elements,actor/train/zero_tim/s_prefill_vs_t_old_max_abs,actor/train/zero_tim/second_order_kl,actor/train/zero_tim/t_old_vs_t_current_byte_fraction,actor/train/zero_tim/t_old_vs_t_current_bytes,actor/train/zero_tim/t_old_vs_t_current_element_fraction,actor/train/zero_tim/t_old_vs_t_current_elements,actor/train/zero_tim/t_old_vs_t_current_max_abs,actor/train/zero_tim/tis_hits,actor/train/zero_tim/w_exact,actor/train/zero_tim/w_max,actor/train/zero_tim/w_min,actor/train/zero_tim/wr_exact,actor/train/zero_tim/wr_max,actor/train/zero_tim/wr_min,frozenlake_eval/eval/n,frozenlake_eval/eval/policy_step,frozenlake_eval/eval/reward,frozenlake_eval/eval/solve,frozenlake_eval/eval/wall_seconds,generation/eval/completions/clip_ratio,generation/eval/completions/max_length,generation/eval/completions/max_raw_length,generation/eval/completions/mean_length,generation/eval/completions/mean_raw_length,generation/eval/completions/min_length,generation/eval/completions/min_raw_length,generation/eval/prompts/max_length,generation/eval/prompts/mean_length,generation/eval/prompts/min_length,generation/train/completions/clip_ratio,generation/train/completions/max_length,generation/train/completions/max_raw_length,generation/train/completions/mean_length,generation/train/completions/mean_raw_length,generation/train/completions/min_length,generation/train/completions/min_raw_length,generation/train/prompts/max_length,generation/train/prompts/mean_length,generation/train/prompts/min_length,perf/train/rescore_b_seconds,perf/train/weight_sync_seconds,rewards/eval/advantage/max,rewards/eval/advantage/mean,rewards/eval/advantage/min,rewards/eval/advantage/std,rewards/eval/solve_all,rewards/eval/solve_none,rewards/eval/solve_partial,rewards/eval/solve_ratio,rewards/train/advantage/max,rewards/train/advantage/min,rewards/train/advantage/std,rewards/train/solve_all,rewards/train/solve_none,rewards/train/solve_partial,sampler_trainer/eval/logp_diff_max,sampler_trainer/eval/logp_diff_mean,sampler_trainer/eval/prob_diff_max,sampler_trainer/eval/prob_diff_mean,sampler_trainer/eval/probs_pearson_corr,sampler_trainer/train/logp_diff_max,sampler_trainer/train/logp_diff_mean,sampler_trainer/train/prob_diff_max,sampler_trainer/train/prob_diff_mean,sampler_trainer/train/probs_pearson_corr,trajectory/eval/env_time/close_latency/max,trajectory/eval/env_time/close_latency/mean,trajectory/eval/env_time/close_latency/min,trajectory/eval/env_time/reset_latency/max,trajectory/eval/env_time/reset_latency/mean,trajectory/eval/env_time/reset_latency/min,trajectory/eval/env_time/step_latency/max,trajectory/eval/env_time/step_latency/mean,trajectory/eval/env_time/step_latency/min,trajectory/eval/reward_time/reward_latency/max,trajectory/eval/reward_time/reward_latency/mean,trajectory/eval/reward_time/reward_latency/min,trajectory/train/env_time/close_latency/max,trajectory/train/env_time/close_latency/mean,trajectory/train/env_time/close_latency/min,trajectory/train/env_time/reset_latency/max,trajectory/train/env_time/reset_latency/mean,trajectory/train/env_time/reset_latency/min,trajectory/train/env_time/step_latency/max,trajectory/train/env_time/step_latency/mean,trajectory/train/env_time/step_latency/min,trajectory/train/reward_time/reward_latency/max,trajectory/train/reward_time/reward_latency/mean,trajectory/train/reward_time/reward_latency/min,trajectory_rewards/eval/max,trajectory_rewards/eval/mean,trajectory_rewards/eval/min,trajectory_rewards/eval/sum,trajectory_rewards/train/max,trajectory_rewards/train/mean,trajectory_rewards/train/min,trajectory_rewards/train/sum
0,1110.523667052,1788893750.2218356,0.5859375,0,738.6638700962067,,,,,,,,,,,,,,,,,,,,,,,,,,,,,,,,,,,,,,,,,,,,,,,,,,,,,,,,800,0,0.39375001192092896,0.39375,299.7717890329659,0,811,1320,192.8662567138672,422.57,29,29,4096,4096,4096,0,621,1201,179.66015625,356.2578125,42,42,4096,4096,4096,1.896972376445774,,1,8.743006318923108e-18,-1,0.26522011087394604,0.14,0.29,0.57,0.39375,1,-1,0.34069257193462343,0,0,1,2.4277679920196533,0.015494637340307236,0.6710753440856934,0.006874842587858438,0.990542261004448,1.6310553550720215,0.014904297888278961,0.3980746269226074,0.0067181964404881,0.9921115636825562,19.936814048036467,1.8608250809317541,0.0001756100100465119,13.691296260047238,1.524148118858866,0.00055748998420313,3.108658499957528,0.5475586447637761,0.0005149799981154501,0,0,0,0.007466538983862847,0.001658113025541752,0.0001934500178322196,0.2701224740012549,0.04991302127473318,0.005128739983774722,0.20387110608862713,0.0059758574545867305,0.0005537800025194883,0,0,0,1,0.39375,0,3.15,1,0.5859375,0,150
1,1196.257821197,1788893861.0885575,0.4375,8.673617379884035e-18,100.4249382019043,0.2270015925168991,1,-1,0.5,0.14517605304718018,0.036425087600946426,1.017247200012207,0.7979660630226135,0.32189154624938965,0,0,0.246011883020401,0.02264327183365822,1.0229015350341797,0.22002974152565002,0.036859314888715744,0.029156461358070374,0.2545135021209717,0.02264327183365822,1,1,0.02264326997101307,1,7.125,121.15625,0.2562047000278137,0.03125,0,1437.28125,0,18.667231595347857,0.05816859523398737,0.3362999541091588,1889.40625,0.4885831981518928,688.65625,0.7225074376910925,0.4541667932160044,2560.71875,0.5828720939647188,820.625,0.7910267640836537,1.5232412792528387,0.2920246111300837,1704.90625,0.5047959016833661,725.15625,23.87731170654297,0.15625,0,1.7588506747652295,0.5144253979706043,0,16.52493466888763,0.04832416094901862,,,,,,,,,,,,,,,,0,708,1380,174.5703125,364.26171875,41,41,4096,4096,4096,8.159683085978031,8.136451245984063,,,,,,,,,1,-1,0.3273268353539886,0,0,1,,,,,,2.304654598236084,0.014405710622668266,0.6012566089630127,0.006368814967572689,0.992064356803894,,,,,,,,,,,,,0.005671680031809956,0.001598402940771848,0.0001869499683380127,0.13780963700264692,0.04746988803253771,0.0022169300355017185,0.02560435002669692,0.005464648654196935,0.0006441489676944911,0,0,0,,,,,1,0.4375,0,112
2,1284.68631622,1788893946.7018337,0.3515625,8.673617379884035e-18,74.92010641098022,0.1951998919248581,1,-1,0.4375,0.14732626080513,0.03784511983394623,1.0227470397949219,0.7994443774223328,0.4268150329589844,0,0,0.24541231989860535,0.022029612213373184,1.022274136543274,0.1994970440864563,0.00891227275133133,0.007810091599822044,0.25892940163612366,0.022029612213373184,1,1,0.022029613610357046,1,7.28125,110.625,0.26083976838640704,0.03125,0,1396.5625,0,9.748390397454546,0.0848153815285149,0.340832910492334,1802.75,0.4938076694306798,655,0.7131515414512251,0.4567835259109957,2439.625,0.5839741876182223,778.375,0.8433215217664838,1.7125486645964254,0.2881618645396864,1617.84375,0.5058814779159304,694.5,25.282587110996246,0.28125,0,1.799995838181027,0.5331777648621088,0,8.55245372408838,0.07956588988442519,,,,,,,,,,,,,,,,0,608,1293,199.50390625,416.109375,51,51,4096,4096,4096,8.279755741998088,7.585259287036024,,,,,,,,,1,-1,0.3589241293257461,0,0,1,,,,,,3.1956069469451904,0.01674697734415531,0.48973584175109863,0.0072820158675313,0.9934300184249878,,,,,,,,,,,,,0.0068401790340431035,0.001654049010539893,0.00019789999350905418,0.4575518690398894,0.056463895858541946,0.005739999993238598,0.047002708015497774,0.005670364753086687,0.0004181999829597771,0,0,0,,,,,1,0.3515625,0,90
3,1379.381273481,1788894035.0554187,0.4375,1.0408340855860843e-17,77.71758913993835,0.24248842895030975,1,-1,0.59375,0.1838635504245758,0.037492867559194565,1.0210657119750977,0.8092751502990723,0.35790324211120605,0,0,0.2257605493068695,0.026165878400206566,1.026511311531067,0.2833089232444763,0.011394042521715164,0.009806618094444275,0.22944730520248413,0.026165878400206566,1,1,0.02616587746888399,1,7.09375,144.59375,0.2318456602012301,0.03125,0,1596.03125,0,12.580195192564412,0.021945666156980525,0.3701214023537826,2318.96875,0.5378836305481097,845.0625,0.6319291619583964,0.48314744928702424,3043.65625,0.6262720428439694,985.875,0.8009918015450239,1.221518847177186,0.327989952986592,2124.625,0.5560475394564071,891.90625,22.299132108688354,0.125,0,1.7428822413262086,0.48164459928745035,0,11.940335022330892,0.02055621348086598,,,,,,,,,,,,,,,,0,729,1261,179.1015625,389.3125,43,43,4096,4096,4096,8.08430169703206,7.791824511950836,,,,,,,,,1,-1,0.3388154635894692,0,0,1,,,,,,2.142857551574707,0.015299755148589611,0.789998471736908,0.006690242327749729,0.9929299354553223,,,,,,,,,,,,,0.0076314599718898535,0.0016224748869717587,0.0001976899802684784,0.46927326900186017,0.04803544555807093,0.0026843000086955726,0.0171389399911277,0.005612684097968668,0.0005594110116362572,0,0,0,,,,,1,0.4375,0,112
4,1470.388469475,1788894129.540221,0.5859375,9.540979117872439e-18,84.14525032043457,0.20679329335689545,1,-1,0.53125,0.16484178602695465,0.030629049986600876,1.0205097198486328,0.825950026512146,0.3442368507385254,0,0,0.2117481380701065,0.020558398216962814,1.0207712650299072,0.23794475197792053,0.007960442453622818,0.005367637611925602,0.21412956714630127,0.020558398216962814,1,1,0.020558396819978952,1,7.28125,115.5625,0.21628660395311294,0.03125,0,1432.8125,0,7.391342997063291,0.11756163079782986,0.3535760815694424,1963.40625,0.5118639716075999,713.1875,0.7303347422275692,0.4679459978278047,2613.1875,0.6050415415989918,842.6875,0.8155786357820034,1.1683446190215319,0.29933220883433376,1769.96875,0.5256978434441535,757.6875,19.162751495838165,0.3125,0,2.025446814535256,0.5047988792546255,0,7.153330556975524,0.12875991349724134,,,,,,,,,,,,,,,,0,1034,1470,208.140625,409.76953125,27,27,4096,4096,4096,8.178826413990464,7.678740295988973,,,,,,,,,1,-1,0.40089186286863654,0,0,1,,,,,,2.0455799102783203,0.016663363203406334,0.6630785465240479,0.007017252501100302,0.9949110746383667,,,,,,,,,,,,,0.007351920008659363,0.0018001329365233687,0.0002102599828504026,0.449482630006969,0.03890691546598646,0.004346589965280145,0.04019458999391645,0.005973804479936007,0.0006550099933519959,0,0,0,,,,,1,0.5859375,0,150
5,1558.841229817,1788894221.8365386,0.515625,5.204170427930421e-18,80.6142852306366,0.31733831763267517,1,-1,0.6875,0.21790596842765808,0.02897149883210659,1.0172748565673828,0.846717119216919,0.5311684608459473,0,0,0.17684128880500793,0.024869363754987717,1.0251811742782593,0.336397647857666,0.02963905967772007,0.024292711168527603,0.1772441267967224,0.024869363754987717,1,1,0.02486936515197158,1,7.15625,149.59375,0.17932529796001317,0.03125,0,1665.125,0,22.95806485763441,0.06749862117976387,0.3872340526164182,2520.78125,0.562557966755215,916,0.6897909296676517,0.4956442926349676,3234.0625,0.647723729556313,1053.84375,0.7679258324205875,0.7817880046569309,0.34390250828396013,2338.15625,0.586737132472872,979.4375,18.72700470685959,0.21875,0,1.9304078828082898,0.519757151256059,0,20.362753667943416,0.07157772302962484,,,,,,,,,,,,,,,,0,739,1399,208.734375,415.53125,40,40,4096,4096,4096,8.264714981953148,7.565045878000092,,,,,,,,,1,-1,0.4134227465282223,0,0,1,,,,,,1.542264699935913,0.01701708883047104,0.5277391672134399,0.007254960015416145,0.9951606392860413,,,,,,,,,,,,,0.009314459981396794,0.0016624737663732958,0.0002047800226137042,0.48179620900191367,0.04994555995108385,0.0066898889490403235,0.021201590017881244,0.006232675596720583,0.0007010999834164977,0,0,0,,,,,1,0.515625,0,132
6,1653.163348096,1788894309.089152,0.47265625,9.540979117872439e-18,76.74714040756226,0.3074405789375305,1,-1,0.6875,0.2414441853761673,0.028105169534683228,1.021017074584961,0.8425158858299255,0.4665534496307373,0,0,0.18234574794769287,0.02484746277332306,1.0251586437225342,0.3105044662952423,0.006900390610098839,0.003740232903510332,0.18233072757720947,0.02484746277332306,1,1,0.02484746288973838,1,7.1875,150.21875,0.18362967865589547,0.03125,0,1669.875,0,14.15024997729385,0.034136035268390236,0.4043583549629063,2636.59375,0.5889007479945809,961.03125,0.5608896999619901,0.5104816782623248,3357.59375,0.6695597686514198,1098.0625,0.7228365410119295,0.7635586702156134,0.3677410918533609,2463.34375,0.6223766779461866,1032.59375,17.735843658447266,0.1875,0,1.7266392285714378,0.5457692766708875,0,12.689374763778236,0.03441093414028849,,,,,,,,,,,,,,,,0,713,1552,219.8125,427.421875,37,37,4096,4096,4096,8.407707837992348,8.79706360999262,,,,,,,,,1,-1,0.38382473678936924,0,0,1,,,,,,1.6913111209869385,0.01654074527323246,0.6133555173873901,0.007116539403796196,0.9956321716308594,,,,,,,,,,,,,0.007354599016252905,0.0016839057745983155,0.00023887999122962356,0.4722503789816983,0.057883138031911585,0.0057430199813097715,0.020942568953614682,0.0057947548079937405,0.0006199699710123241,0,0,0,,,,,1,0.47265625,0,121
7,1750.76206963,1788894403.7854998,0.453125,1.5612511283791264e-17,83.83559703826904,0.26495903730392456,1,-1,0.5625,0.2473350614309311,0.024329757317900658,1.0354681015014648,0.8607146739959717,0.567162036895752,0,0,0.15918877720832825,0.02081512287259102,1.0210332870483398,0.25160467624664307,-0.004176437854766846,-0.002780071459710598,0.15860354900360107,0.02081512287259102,1,1,0.020815121359191835,1,7.125,166.53125,0.16051877574236065,0.03125,0,1758.5,0,18.677261107977895,0.10584565772337781,0.4206512963324798,2889.6875,0.611248202263287,1052.1875,0.7055291337892413,0.5234162828617678,3623.78125,0.6891057361118864,1187.5,0.7700659481342882,0.6343241962624773,0.3718556786036117,2673.40625,0.6339021274237945,1116.96875,16.25225919485092,0.125,0,1.701583941887349,0.4920521903105626,0,15.738704001397714,0.09565256551226457,,,,,,,,,,,,,,,,0,943,1483,220.36328125,444.57421875,46,46,4096,4096,4096,8.554022596043069,7.71167917503044,,,,,,,,,1,-1,0.4344830378784442,0,0,1,,,,,,1.3654907941818237,0.01737726479768753,0.36815714836120605,0.007269960828125477,0.9961279630661011,,,,,,,,,,,,,0.008242929994594306,0.0015803557446361083,0.00018569000530987978,0.5106184579781257,0.06057068462678217,0.0073023909935727715,0.040587258990854025,0.005866861511321986,0.0005755399470217526,0,0,0,,,,,1,0.453125,0,116
8,1856.495424459,1788894501.3465848,0.4296875,1.734723475976807e-18,86.70063829421997,0.34983882308006287,1,-1,0.71875,0.26761123538017273,0.028608916327357292,1.0199394226074219,0.8764514923095703,0.5733599662780762,0,0,0.13939647376537323,0.026027347892522812,1.0263689756393433,0.3759831488132477,0.052456628531217575,0.04665273055434227,0.13912996649742126,0.026027347892522812,1,1,0.02602734958054498,1,7.15625,163.3125,0.1404748891730933,0.03125,0,1762.90625,0,25.46917170280228,0.09520620444798666,0.43149363941973157,2996.21875,0.626912858371204,1090.53125,0.535292558488436,0.5365130493987139,3749.96875,0.7038612130760377,1225.8125,0.6463571712374687,0.5086360530735926,0.3766634582316739,2726.0625,0.6413868016625446,1139,15.843647718429565,0.15625,0,1.710606989750107,0.5582000941735197,0,24.2221710164441,0.10473092644391725,,,,,,,,,,,,,,,,0,1030,1466,249.6015625,447.1953125,44,44,4096,4096,4096,8.67795171297621,7.9452589499996975,,,,,,,,,1,-0.8571428571428571,0.35892412932574613,0,0,1,,,,,,2.3661046028137207,0.018942557275295258,0.37301889061927795,0.007418882567435503,0.9975245594978333,,,,,,,,,,,,,0.012369709031190723,0.0014730713769495196,0.0002045599976554513,0.4920463089947589,0.05136925476290344,0.007058769988361746,0.015454142005182803,0.005006521947279907,0.0005547599866986275,0,0,0,,,,,1,0.4296875,0,110
9,1955.006083258,1788894606.9348972,0.40625,1.3010426069826053e-17,94.87143063545227,0.24357753992080688,1,-0.8571428656578064,0.53125,0.33981555700302124,0.012722240760922432,1.024336814880371,0.9090162515640259,0.631805419921875,0,0,0.09978975355625153,0.011596648022532463,1.0116641521453857,0.2779368758201599,-0.01350186113268137,-0.010380687192082405,0.09848563373088837,0.011596648022532463,1,1,0.011596648953855038,1,7.0625,183.71875,0.10027236379517217,0.03125,0,1996.8125,0,13.316695656441997,0.10935181920381917,0.4878827026273398,3816.84375,0.7109403731236439,1392.6875,0.5471788858994842,0.5881678736871602,4632.9375,0.7759758572096646,1522.5625,0.6355510875582695,0.27549523952748983,0.41870233123090794,3366.71875,0.7104671744991038,1410.75,12.599447429180145,0.0625,0,1.5983999844346455,0.5525113308265015,0,12.556127982170121,0.09309093720567636,,,,,,,,,,,,,,,,0,1302,1815,275.51953125,478.5078125,60,60,4096,4096,4096,8.671431633003522,7.894741031050216,,,,,,,,,1,-0.8571428571428571,0.40089186286863654,0,0,1,,,,,,0.7325626611709595,0.02026406303048134,0.4447493553161621,0.007860559038817883,0.9977626800537109,,,,,,,,,,,,,0.007860609970521182,0.0015817205528492195,0.00018769002053886652,0.498759098991286,0.05653030149278493,0.0021767899743281305,0.018216539989225566,0.00560954501111155,0.0006090999813750386,0,0,0,,,,,1,0.40625,0,104
10,2058.024365129,1788894704.996589,0.5390625,5.204170427930421e-18,87.77417302131653,0.29355311393737793,1,-0.8571428656578064,0.59375,0.3929784893989563,0.014104501344263554,1.018167495727539,0.9227925539016724,0.6859493255615234,0,0,0.08471348881721497,0.012088874354958534,1.012162208557129,0.3183528780937195,0.016822468489408493,0.014248925261199474,0.0831507071852684,0.012088874354958534,1,1,0.012088875053450465,1,7,197.375,0.08458834424444009,0.03125,0,2204.15625,0,11.251528617230953,0.11237604835409537,0.5084632937378951,4390.28125,0.7418727362880266,1602.9375,0.5098387431353331,0.6060989664636853,5269.8125,0.8025338185237515,1739.9375,0.5728380801156163,0.21350081729467982,0.43324101808977333,3852.84375,0.7353128847561388,1612.40625,11.770614117383957,0,0,1.532899135097818,0.6190141184873436,0,10.561073030989528,0.11227793119024532,,,,,,,,,,,,,,,,0,948,1713,275.05859375,536.45703125,60,60,4096,4096,4096,9.63792625197675,7.790744573052507,,,,,,,,,1,-1,0.36596252735569995,0,0,1,,,,,,1.0670175552368164,0.020272912457585335,0.4160585403442383,0.007700972259044647,0.9979070425033569,,,,,,,,,,,,,0.007655469991732389,0.0015722465245744388,0.00022665999131277204,0.4907901490223594,0.051375654308913,0.00540164002450183,0.021817239932715893,0.005857861735648839,0.00040921999607235193,0,0,0,,,,,1,0.5390625,0,138
11,2156.463505834,1788894808.563144,0.515625,7.806255641895632e-18,92.6835515499115,0.25047755241394043,1,-1,0.625,0.3891277313232422,0.01272251084446907,1.0126075744628906,0.9158266186714172,0.7668752670288086,0,0,0.09105804562568665,0.01156566385179758,1.0116328001022339,0.2729012370109558,0.03811873495578766,0.034790150821208954,0.0900428295135498,0.01156566385179758,1,1,0.011565663968212903,1,7.09375,219.34375,0.09146244735694882,0.03125,0,2200.46875,0,23.345873342125415,0.06681454210262097,0.5108466552951413,4447.90625,0.743713853502819,1621.75,0.42793356254696846,0.6059927699010309,5312.3125,0.8032803828241047,1756.59375,0.5610274188220501,0.2311923492145792,0.44249107432477464,3954.8125,0.7456579887625855,1645.34375,11.579301744699478,0.09375,0,1.6360071306874193,0.6257946075099229,0,19.624657428995558,0.07071639292562934,,,,,,,,,,,,,,,,0,1244,1592,277.59765625,484.09375,47,47,4096,4096,4096,8.910783817991614,7.46923730999697,,,,,,,,,1,-1,0.40406101782088427,0,0,1,,,,,,2.6559805870056152,0.020457252860069275,0.33321547508239746,0.007907809689640999,0.9979391694068909,,,,,,,,,,,,,0.010515119996853173,0.001594260052570462,0.00020480999955907464,0.13730723701883107,0.04485419757179443,0.003435220045503229,0.043925258971285075,0.006020218411777023,0.0006632999866269529,0,0,0,,,,,1,0.515625,0,132
12,2258.622757113,1788894907.0658545,0.4765625,1.0408340855860843e-17,87.62879776954651,0.30208122730255127,1,-1,0.6875,0.40369632840156555,0.01232953555881977,1.0104913711547852,0.9220661520957947,0.727358341217041,0,0,0.08432523906230927,0.010600168257951736,1.010656476020813,0.29924532771110535,0.04338604584336281,0.03674272447824478,0.083394356071949,0.010600168257951736,1,1,0.010600167326629162,1,7,205.15625,0.08502417360221663,0.03125,0,2220.78125,0,17.594814709198467,0.10230794901293953,0.5195436193363334,4573.9375,0.7590001007213104,1671.53125,0.43334260769188404,0.6158508410866771,5435.25,0.8160555335145416,1799.25,0.6108567351475358,0.21319544758866366,0.4471945149482202,4017.6875,0.7561497205524376,1680.625,11.23748528957367,0,0,1.4987457972036047,0.6045864367533309,0,14.361218841911159,0.11149559068528064,,,,,,,,,,,,,,,,0,1045,1841,283.578125,459.57421875,46,46,4096,4096,4096,8.757565120002255,7.892698480980471,,,,,,,,,1,-1,0.34441609860689126,0,0,1,,,,,,1.2475838661193848,0.019597725942730904,0.3564012050628662,0.007496179547160864,0.9980334043502808,,,,,,,,,,,,,0.009208599978592247,0.0015539923022060975,0.00018375000217929482,0.5118598690023646,0.047680483185104094,0.0071843499899841845,0.023800030001439154,0.004979732285391947,0.0004714400274679065,0,0,0,,,,,1,0.4765625,0,122
13,2361.927959451,1788895009.5693142,0.46484375,6.938893903907228e-18,91.31206607818604,0.24883684515953064,1,-1,0.5,0.3940953016281128,0.00788512546569109,1.0135698318481445,0.9269259572029114,0.7592196464538574,0,0,0.07840688526630402,0.006251760758459568,1.0062713623046875,0.27383333444595337,0.08116766810417175,0.07252676784992218,0.07753338664770126,0.006251760758459568,1,1,0.006251760292798281,1,7,195.21875,0.07901766046530309,0.03125,0,2268.625,0,14.07875409967788,0.04821566346568331,0.5099440010311067,4583.375,0.7450616430559565,1674.3125,0.4345789272338152,0.609627000022855,5490.9375,0.805998212486305,1812.28125,0.5329543445259333,0.1947079639009927,0.4378798894233746,3995.875,0.7463282330821954,1688.6875,12.428315132856369,0,0,1.4769270671187358,0.6134420123770785,0,12.869344278492019,0.05217129713985761,,,,,,,,,,,,,,,,0,1094,1730,317.46484375,521.140625,61,61,4096,4096,4096,8.823232481023297,7.905394983012229,,,,,,,,,1,-1,0.4048494303126655,0,0,1,,,,,,0.909914493560791,0.02023378387093544,0.399583101272583,0.007644382305443287,0.998058021068573,,,,,,,,,,,,,0.011642800993286073,0.0015660716267120733,0.00018279999494552612,0.4903739009751007,0.05248373488143443,0.0067854400258511305,0.022634241031482816,0.0059756262878636335,0.00046362000284716487,0,0,0,,,,,1,0.46484375,0,119
14,2466.854311431,1788895112.6801493,0.57421875,1.0408340855860843e-17,92.07826519012451,0.31471842527389526,1,-1,0.6875,0.4121935963630676,0.011965244077146053,1.019972801208496,0.9233940839767456,0.7628421783447266,0,0,0.08260179311037064,0.011461555026471615,1.0115275382995605,0.3082159757614136,0.017519183456897736,0.014303453266620636,0.08148309588432312,0.011461555026471615,1,1,0.011461554560810328,1,7,243.78125,0.08335918630341657,0.03125,0,2539.71875,0,16.90705526394518,0.045196788045657556,0.5202554377013437,5195.53125,0.7608001880279291,1901.625,0.4299505716189742,0.6167905638495943,6207.09375,0.8184738619496912,2054.1875,0.5110045669134706,0.19417022759325064,0.45744699673949296,4623.6875,0.7665664267919001,1929,11.4757861495018,0.03125,0,1.5042050108610097,0.6253454527093951,0,16.79746248226021,0.050391593921763185,,,,,,,,,,,,,,,,0,1125,1907,310.8203125,513.26953125,60,60,4096,4096,4096,9.037011725013144,8.416581414989196,,,,,,,,,1,-1,0.4172614801981401,0,0,1,,,,,,1.369161605834961,0.020964980125427246,0.48973584175109863,0.007879641838371754,0.9981278777122498,,,,,,,,,,,,,0.006382899999152869,0.001400641155669291,0.00018313998589292169,0.5160137130296789,0.05849820935168282,0.006938510981854051,0.05463684297865257,0.005994154611926206,0.0005090699996799231,0,0,0,,,,,1,0.57421875,0,147
15,2584.699934156,1788895217.5612602,0.4765625,1.1275702593849246e-17,93.94419693946838,0.32165244221687317,1,-1,0.71875,0.42859405279159546,0.014202927239239216,1.0126705169677734,0.9351611137390137,0.7711281776428223,0,0,0.06940995156764984,0.011434261687099934,1.0114998817443848,0.2935756742954254,0.024938661605119705,0.023772064596414566,0.06836843490600586,0.011434261687099934,1,1,0.011434262385591865,1,7,225.625,0.06997500209095353,0.03125,0,2486.5625,0,18.867402527151327,0.08788771404051494,0.529255421442594,5202.71875,0.7733412956032318,1902.8125,0.44946370646357536,0.624234555090843,6183.375,0.8294097558405268,2048,0.4912151098251343,0.16647133219026505,0.45294315731579343,4558.875,0.7684678564536682,1910.96875,11.257528364658356,0.03125,0,1.5165317678501953,0.6022697478751027,0,18.46510693825903,0.09920523856593721,,,,,,,,,,,,,,,,0,1136,1746,342.45703125,594.97265625,56,56,4096,4096,4096,9.802814432012383,8.173575880005956,,,,,,,,,1,-1,0.4573660169594892,0,0,1,,,,,,1.3129467964172363,0.01997317187488079,0.30667543411254883,0.007570259273052216,0.9981579184532166,,,,,,,,,,,,,0.007955920009408146,0.0015906669343621616,0.00020642002345994115,0.51548158202786,0.05519748640085709,0.0075562510173767805,0.022908851911779493,0.006727226651037199,0.000586259993724525,0,0,0,,,,,1,0.4765625,0,122
16,2690.949922169,1788895335.269387,0.4921875,5.204170427930421e-18,106.87827229499817,0.3962553143501282,1,-1,0.84375,0.41590672731399536,0.015431237407028675,1.009817123413086,0.9176830053329468,0.6434478759765625,0,0,0.08822529017925262,0.015364030376076698,1.0154826641082764,0.3830224573612213,0.05214669927954674,0.04957839474081993,0.0877707451581955,0.015364030376076698,1,1,0.015364030608907342,1,7,271.4375,0.08906916194952297,0.03125,0,2739.65625,0,26.332600218281335,0.022994159285082326,0.5166096542826948,5618.0625,0.7549437963115082,2054.6875,0.448759235907346,0.613029141367287,6703.0625,0.8134089573197082,2219.84375,0.48305442463606596,0.21469881913888147,0.4593353714075641,5044.875,0.7654442785218019,2091.59375,12.001349091529846,0,0,1.5006237754776817,0.6306150528632548,0,25.038704958858133,0.022388806438741294,,,,,,,,,,,,,,,,0.01171875,1700,2048,352.62109375,582.203125,50,50,4096,4096,4096,9.922109453997109,8.101069454976823,,,,,,,,,1,-1,0.3499271061118826,0,0,1,,,,,,1.7788829803466797,0.020957740023732185,0.3426177501678467,0.007767027243971825,0.9981955885887146,,,,,,,,,,,,,0.008025339979212731,0.0014740625417744013,0.00018624996300786734,0.5066855420009233,0.056145436898077605,0.005502420011907816,0.025020482076797634,0.005857160026835118,0.00045565003529191017,0,0,0,,,,,1,0.4921875,0,126
17,2806.792266303,1788895441.3572495,0.5078125,1.3877787807814457e-17,95.4255940914154,0.23236854374408722,1,-1,0.53125,0.43517687916755676,0.008868440054357052,1.0186042785644531,0.9350579380989075,0.7574572563171387,0,0,0.06989336013793945,0.008950340561568737,1.0089905261993408,0.24003800749778748,0.03259297460317612,0.03059495985507965,0.06856407225131989,0.008950340561568737,1,1,0.008950340561568737,1,7.03125,257.71875,0.07044376724348318,0.03125,0,2820.96875,0,23.73039984779659,0.06366712775221253,0.531989062220763,5893.4375,0.7781960814702544,2158.96875,0.4469713345170021,0.6289122245347903,7022.75,0.8354669163942698,2325.75,0.5351291056722403,0.16591116080652846,0.456466795767001,5166.40625,0.7739951229455531,2168.15625,11.142682313919067,0.03125,0,1.5294967249327518,0.6015023998050233,0,23.908369160356457,0.05707618453260469,,,,,,,,,,,,,,,,0,1236,1622,358.515625,566.26953125,60,60,4096,4096,4096,9.929842473997269,7.918499140010681,,,,,,,,,1,-1,0.4587583063808975,0,0,1,,,,,,1.0586600303649902,0.02065657451748848,0.46036577224731445,0.007805777247995138,0.9982021450996399,,,,,,,,,,,,,0.00815255002817139,0.0013684922766969976,0.0001667899778112769,0.49558614898705855,0.055550552414615595,0.007136249972973019,0.04173809906933457,0.006246801874340235,0.0004558810032904148,0,0,0,,,,,1,0.5078125,0,130
18,2926.912248421,1788895557.328264,0.45703125,1.0408340855860843e-17,105.13611483573914,0.388965904712677,1,-1,0.84375,0.4386788606643677,0.011538445018231869,1.0149221420288086,0.9317122101783752,0.7811794281005859,0,0,0.07255396246910095,0.010851532220840454,1.0109106302261353,0.42781925201416016,0.06629745662212372,0.05788010358810425,0.07190799713134766,0.010851532220840454,1,1,0.010851532337255776,1,7.0625,249.71875,0.07321022873685269,0.03125,0,2868.125,0,13.857799928507472,0.0005068700869460056,0.5279961701374064,5972.0625,0.7726990149777813,2188,0.42290281131863594,0.6253574050539217,7120.8125,0.8304607414675393,2359.75,0.4601428247988224,0.1766295287604019,0.46173495926915,5253.5625,0.7767300233147209,2208.03125,12.787085384130478,0.0625,0,1.5448818493848977,0.6582556703051381,0,13.010000468880783,0.0005032955926247591,,,,,,,,,,,,,,,,0.00390625,1466,2048,452.83984375,706.4921875,56,56,4096,4096,4096,10.652202897006646,7.950590429012664,,,,,,,,,1,-1,0.4410388941153025,0,0,1,,,,,,0.6741325855255127,0.020642651244997978,0.24578475952148438,0.007525279652327299,0.9984476566314697,,,,,,,,,,,,,0.008819109993055463,0.0014730433115346386,0.0001926500117406249,0.5515229669981636,0.0639666576671516,0.002539060020353645,0.01922488899435848,0.005725969274863019,0.0005448000156320632,0,0,0,,,,,1,0.45703125,0,117
19,3047.567521227,1788895677.8499005,0.51953125,1.0408340855860843e-17,109.18477845191956,0.36342793703079224,1,-1,0.78125,0.45650938153266907,0.010429630056023598,1.0106239318847656,0.9487118721008301,0.8342900276184082,0,0,0.054135311394929886,0.009490453638136387,1.0095356702804565,0.3235073685646057,0.011206750757992268,0.009132979437708855,0.05330649018287659,0.009490453638136387,1,1,0.009490453521721065,1,7,269.625,0.05495942789140332,0.03125,0,3622.71875,0,22.06641415233883,0.023359980723915718,0.5412676605890285,7702.5625,0.7954631306476103,2833.9375,0.3817624859511852,0.646912536414231,9284.53125,0.8583237462116975,3071.46875,0.43760621920228004,0.12154596261356722,0.46311754883320777,6637.75,0.7909671409083787,2831.46875,9.370904207229614,0,0,1.468901386239784,0.6581529018599581,0,22.136740513709682,0.0254983739001121,,,,,,,,,,,,,,,,0.00390625,1721,2048,429.91015625,622.77734375,61,61,4096,4096,4096,10.337329116009641,7.969379288959317,,,,,,,,,1,-1,0.4322756584610787,0,0,1,,,,,,0.8170652389526367,0.023138077929615974,0.2158679962158203,0.008279452100396156,0.9984363913536072,,,,,,,,,,,,,0.009203430032357574,0.0013339303316115547,0.0002097400138154626,0.5790124859777279,0.050246424943907186,0.005126130010467023,0.018846379010938108,0.004762848052450863,0.0004688300541602075,0,0,0,,,,,1,0.51953125,0,133
20,3162.519343717,1788895798.1969993,0.546875,7.806255641895632e-18,109.43681120872498,0.3363470733165741,1,-1,0.75,0.5008771419525146,0.009396920911967754,1.0117502212524414,0.9501191973686218,0.818183422088623,0,0,0.052644480019807816,0.009307700209319592,1.009351134300232,0.3369242250919342,-0.011055983603000641,-0.011328953318297863,0.05190453305840492,0.009307700209319592,1,1,0.00930770009290427,1,7,266.28125,0.05318383957072643,0.03125,0,3439.28125,0,21.574089489754847,0.06778746329725319,0.5575613632725277,7597.28125,0.8204594211875962,2798.9375,0.3795743538066745,0.6610778342785423,9043.40625,0.8806684203498307,3011.40625,0.43311922810971737,0.11967039072049598,0.47834172575077766,6572.375,0.8106471649186651,2778.65625,9.332947015762329,0,0,1.4656067691543888,0.6505249836829552,0,22.189863907722682,0.07365951028213868,,,,,,,,,,,,,,,,0.015625,1573,2048,496.49609375,698.99609375,39,39,4096,4096,4096,10.507610970991664,8.2290833320003,,,,,,,,,1,-1,0.39609058951462206,0,0,1,,,,,,1.053149938583374,0.021888718008995056,0.26816225051879883,0.007920941337943077,0.9984759092330933,,,,,,,,,,,,,0.00645892001921311,0.0012599660742580454,0.00019665004219859838,0.5221953369909897,0.045889501599731375,0.010010638972744346,0.01381450897315517,0.004511653995677989,0.00047595996875315905,0,0,0,,,,,1,0.546875,0,140
21,3288.802279972,1788895913.1538646,0.55078125,3.469446951953614e-18,103.99799704551697,0.3019920587539673,1,-1,0.71875,0.4906312823295593,0.0066987257450819016,1.0179710388183594,0.9557368755340576,0.7657999992370605,0,0,0.046470172703266144,0.0058220867067575455,1.0058389902114868,0.29769468307495117,0.04094342887401581,0.03715525195002556,0.045878682285547256,0.0058220867067575455,1,1,0.005822086823172867,1,7.03125,274.0625,0.047306893894432565,0.03125,0,3971.96875,0,14.695596040495879,0.017487064702698285,0.5499818993000942,8615.28125,0.8125314706871989,3186.125,0.37928122095763683,0.6565809034961665,10352.15625,0.8748689020932134,3443,0.4532170034945011,0.10659886163313995,0.4658317932959055,7321.15625,0.7950664309459461,3127.9375,9.987243890762329,0.03125,0,1.4660672558881287,0.6570277594213227,0,14.44410511618368,0.019901201017441857,,,,,,,,,,,,,,,,0.015625,1471,2048,468.59375,630.03125,67,67,4096,4096,4096,10.04517781198956,7.938528008991852,,,,,,,,,1,-1,0.39849845722181065,0,0,1,,,,,,1.349350929260254,0.022169461473822594,0.32485854625701904,0.008011545985937119,0.9984556436538696,,,,,,,,,,,,,0.009332580026239157,0.0012720698064185854,0.00018661003559827805,0.525581007997971,0.05651995489915862,0.004352558986283839,0.014522099925670773,0.0038693500496265187,0.0006126689841039479,0,0,0,,,,,1,0.55078125,0,141
22,3411.358308836,1788896039.2708108,0.56640625,1.474514954580286e-17,115.33779287338257,0.2983798384666443,1,-1,0.71875,0.49621647596359253,0.006873557344079018,1.0136737823486328,0.9622912406921387,0.8378043174743652,0,0,0.04015839099884033,0.004986266139894724,1.0049986839294434,0.26386308670043945,0.002950207330286503,0.00020504649728536606,0.03896993398666382,0.004986266139894724,1,1,0.004986266256310046,1,7.03125,239.625,0.0400537615193048,0.03125,0,3748.75,0,14.146619588628988,0.04979093533964528,0.5557686692298042,8191.40625,0.8208502277083711,3027.53125,0.35976045951247215,0.6655253151913643,9869.65625,0.8850017671568612,3277.59375,0.47755191288888454,0.09076666838797598,0.46293583717742853,6938,0.7991387262943072,2981.6875,9.641708731651306,0.03125,0,1.5003218607262432,0.665866714109199,0,14.3672025931367,0.05097741087554936,,,,,,,,,,,,,,,,0.0703125,1612,2048,606.0859375,866.12109375,82,82,4096,4096,4096,11.449028224044014,7.964439648028929,,,,,,,,,1,-1,0.41878712141280616,0,0,1,,,,,,1.7393863201141357,0.021776637062430382,0.21585536003112793,0.007872986607253551,0.9985114336013794,,,,,,,,,,,,,0.04334649903466925,0.0014426516072489903,0.00020033097825944424,0.5288662560051307,0.05635863930706364,0.0038124299608170986,0.017048349080141634,0.004569173499930912,0.00045886001316830516,0,0,0,,,,,1,0.56640625,0,145
23,3542.16642774,1788896162.192243,0.5859375,8.673617379884035e-19,111.88703322410583,0.336256742477417,1,-1,0.71875,0.4909588098526001,0.006862526759505272,1.0123977661132812,0.9647207856178284,0.8894510269165039,0,0,0.03687185049057007,0.0055114757269620895,1.0055267810821533,0.26090067625045776,0.0030565140768885612,0.0018764538690447807,0.03623140603303909,0.0055114757269620895,1,1,0.005511475959792733,1,7,321.46875,0.03748790499678881,0.03125,0,4848.6875,0,24.24474146139483,0.024492977239819996,0.5509543449970984,10522.71875,0.8147705641738432,3897.625,0.36494298838078976,0.6590292286248756,12654.75,0.8785691245742582,4213.15625,0.4314407240599394,0.08229401750330399,0.4603676186259882,8911.6875,0.7923600895508318,3822.21875,9.028101623058319,0,0,1.4528398442865056,0.6628230382911202,0,22.769741210797402,0.025844839045320072,,,,,,,,,,,,,,,,0.01953125,1650,2048,524.69921875,698.484375,84,84,4096,4096,4096,10.450610250001773,8.113795562996529,,,,,,,,,1,-1,0.3879564461142934,0,0,1,,,,,,1.4941685199737549,0.022525295615196228,0.7660391330718994,0.008175328373908997,0.9984367489814758,,,,,,,,,,,,,0.006281520007178187,0.001161681944722659,0.00021553097758442163,0.5226540560252033,0.0492254782816417,0.004981790028978139,0.018022888980340213,0.003978639727392874,0.0005082300049252808,0,0,0,,,,,1,0.5859375,0,150
24,3665.903790272,1788896293.2764688,0.4765625,1.734723475976807e-18,120.02213835716248,0.28368014097213745,1,-1,0.625,0.49809521436691284,0.0066734557040035725,1.011880874633789,0.9669373035430908,0.8965883255004883,0,0,0.03494057059288025,0.00410467479377985,1.0041130781173706,0.18553823232650757,0.011804834008216858,0.01045700442045927,0.033958397805690765,0.00410467479377985,1,1,0.00410467479377985,1,7,260.53125,0.035347149790689314,0.03125,0,4197.59375,0,12.211830101929312,0.06774170716062483,0.5605025272161286,9278.15625,0.8279581701724711,3431.75,0.39247607786091976,0.6673899330468387,11121.4375,0.8908837806066313,3706.4375,0.4364721952006221,0.07731494330626029,0.46462131767035353,7781.5,0.8032051536057297,3354,8.905114591121674,0,0,1.4705890192228086,0.6621411322345215,0,12.392115388851746,0.0682754108452283,,,,,,,,,,,,,,,,0.0390625,1828,2048,644.42578125,846.328125,92,92,4096,4096,4096,11.30299755797023,8.085076424002182,,,,,,,,,1,-1,0.37457458863219695,0,0,1,,,,,,0.8844014406204224,0.021361880004405975,0.2571732997894287,0.007719786372035742,0.998527467250824,,,,,,,,,,,,,0.00557705998653546,0.0011376751922398398,0.00021118001313880086,0.5390387559891678,0.06109625758858783,0.006061799998860806,0.012708949972875416,0.003999854835001315,0.0005461290129460394,0,0,0,,,,,1,0.4765625,0,122
25,3791.864041165,1788896416.7331047,0.66015625,2.6020852139652106e-18,112.32349061965942,0.2670057415962219,1,-1,0.59375,0.4873848557472229,0.005379372276365757,1.0114002227783203,0.9651444554328918,0.8706378936767578,0,0,0.036497797816991806,0.0037674959748983383,1.003774642944336,0.3279777765274048,0.03787633031606674,0.03531373292207718,0.035781245678663254,0.0037674959748983383,1,1,0.0037674958584830165,1,7.03125,310.6875,0.03717391523492469,0.03125,0,5155.40625,0,29.698058239389102,0.02418177429919274,0.5464283755377641,11052.46875,0.8091415252181658,4095.78125,0.3393289786763489,0.6586814631845751,13407,0.8765469687309757,4452.46875,0.43650092417374253,0.08220223350614934,0.45635042371245954,9296.09375,0.788925524048201,4018.375,10.442706823348999,0.03125,0,1.4953851646633076,0.6687961931606023,0,28.402407248898587,0.02366065186171022,,,,,,,,,,,,,,,,0.03125,1787,2048,496.96875,615.890625,90,90,4096,4096,4096,10.138292858959176,8.106457173009403,,,,,,,,,1,-1,0.3633391062388537,0,0,1,,,,,,1.0177078247070312,0.022338801994919777,0.3100557327270508,0.00807161908596754,0.9984781742095947,,,,,,,,,,,,,0.007587569998577237,0.0011357909627349727,0.000182939984370023,0.1452054259716533,0.04726701361823871,0.005207851005252451,0.009924909973051399,0.0030732416801129148,0.0004098799545317888,0,0,0,,,,,1,0.66015625,0,169
26,3922.142082923,1788896543.0740273,0.6328125,4.336808689942018e-18,115.19331645965576,0.2563256025314331,1,-1,0.625,0.5072941780090332,0.0062645720317959785,1.0218753814697266,0.9747140407562256,0.8945016860961914,0,0,0.027342230081558228,0.002602505963295698,1.00260591506958,0.19988685846328735,0.021310657262802124,0.019814345985651016,0.025933239609003067,0.002602505963295698,1,1,0.002602505963295698,1,7,202.46875,0.026906171296330515,0.03125,0,3975.75,0,17.68976473554305,0.17814836477251994,0.5538145802860297,8561.53125,0.8185524809521008,3170.875,0.3665311485528946,0.660391203571319,10314.84375,0.8817932680571452,3434.1875,0.4654218815267086,0.06273845441246892,0.45073953069788375,7148.25,0.7866775916285613,3100.59375,7.991606712341309,0,0,1.467903884344999,0.6598121724958397,0,18.394735720932545,0.1834749560670073,,,,,,,,,,,,,,,,0.0390625,1757,2048,582.5546875,776.26171875,97,97,4096,4096,4096,10.908704859029967,8.174396561051253,,,,,,,,,1,-1,0.4149625013793661,0,0,1,,,,,,0.8279750347137451,0.022226063534617424,0.21914958953857422,0.00805640034377575,0.9984951019287109,,,,,,,,,,,,,0.00523398001678288,0.001240618894371437,0.00021432002540677786,0.5338556859642267,0.056772345764784404,0.006706400017719716,0.012511297885794193,0.004098883161077538,0.0006390499765984714,0,0,0,,,,,1,0.6328125,0,162
27,4044.326643497,1788896672.9573076,0.51953125,6.938893903907228e-18,118.77010607719421,0.3291301727294922,1,-1,0.6875,0.49540621042251587,0.006615872960537672,1.0078306198120117,0.9699482321739197,0.9084630012512207,0,0,0.03142089024186134,0.004688890650868416,1.0046998262405396,0.27606093883514404,0.026098351925611496,0.024757541716098785,0.030770989134907722,0.004688890650868416,1,1,0.0046888908836990595,1,7.03125,287.46875,0.03214117086123872,0.03125,0,4660.4375,0,18.027168236011846,0.06977593801217469,0.5582683503371962,10267.5625,0.8260858256508218,3804.8125,0.3680119961500168,0.6680409209752588,12338.6875,0.8920034751125101,4114.96875,0.4423700273036957,0.06618910744388068,0.464019497571304,8671.9375,0.8032835750648767,3734.65625,8.46483302116394,0.03125,0,1.5067132821909022,0.687866479173205,0,18.282373501644656,0.07365650902640768,,,,,,,,,,,,,,,,0.0859375,1830,2048,627.90234375,833.10546875,71,71,4096,4096,4096,11.406119774968829,8.10735886299517,,,,,,,,,1,-1,0.4079878449569951,0,0,1,,,,,,1.1169710159301758,0.021701380610466003,0.3950248956680298,0.00779779301956296,0.9985319375991821,,,,,,,,,,,,,0.006995789997745305,0.001239431738440544,0.0002087710308842361,0.5223907559993677,0.044110117548143535,0.0027654400328174233,0.012103769986424595,0.0037999506016603846,0.0005702199996449053,0,0,0,,,,,1,0.51953125,0,133
28,4161.764524278,1788896795.033316,0.6015625,1.5612511283791264e-17,111.07475662231445,0.31797540187835693,1,-1,0.6875,0.5005255341529846,0.006660040467977524,1.0091171264648438,0.9705873727798462,0.9134249687194824,0,0,0.03092498704791069,0.004333733581006527,1.0043431520462036,0.237552672624588,0.01937112584710121,0.018938355147838593,0.030104665085673332,0.004333733581006527,1,1,0.004333733464591205,1,7.03125,280.71875,0.03163987896429722,0.03125,0,5023.21875,0,10.963540723378674,0.09184729035666093,0.5473136831316779,10779.09375,0.8103785714636034,3998.1875,0.38001914136111736,0.6574486775281626,13050.65625,0.8768780428215868,4344,0.48096965067088604,0.07314961085930607,0.4548550768363757,9043.15625,0.7896321500584542,3918.1875,10.465333044528961,0.03125,0,1.517887976682668,0.6544432336970325,0,10.626836554995313,0.09178546795741428,,,,,,,,,,,,,,,,0.046875,1721,2048,585.2265625,773.3203125,75,75,4096,4096,4096,10.154469828994479,8.189760270994157,,,,,,,,,1,-1,0.3976974544878587,0,0,1,,,,,,0.6924655437469482,0.02209385856986046,0.18507146835327148,0.00801818072795868,0.998506486415863,,,,,,,,,,,,,0.004853460006415844,0.001194052757909958,0.00019006995717063546,0.5863247740198858,0.06427748145279111,0.004326989990659058,0.012757398944813758,0.0037772776672682085,0.000424769998062402,0,0,0,,,,,1,0.6015625,0,154
29,4283.104639645,1788896912.3369937,0.5546875,6.071532165918825e-18,106.79335594177246,0.3159419894218445,1,-1,0.78125,0.49611973762512207,0.006058309227228165,1.0171232223510742,0.9673263430595398,0.8938326835632324,0,0,0.034286826848983765,0.004829038865864277,1.004840612411499,0.2864515483379364,0.024846864864230156,0.023282933980226517,0.03351770341396332,0.004829038865864277,1,1,0.004829038982279599,1,7,261.5625,0.034863338332491424,0.03125,0,4681.8125,0,10.057910308846282,0.06693161741487035,0.5512012759125673,10191.4375,0.8181852499479076,3783.5625,0.33440144546329975,0.6629147638151567,12290.78125,0.8842312219294852,4094.09375,0.4046741221100092,0.07878616808306413,0.45782469590961994,8534.40625,0.7939532678789828,3693.8125,9.259633243083954,0,0,1.4476319321992448,0.6694708049093554,0,10.291635197300423,0.07138490838892689,,,,,,,,,,,,,,,,0.0546875,1721,2048,598.00390625,810.58984375,99,99,4096,4096,4096,10.195595666998997,8.09232787397923,,,,,,,,,0.8571428571428572,-1,0.4240836459656399,0,0,1,,,,,,0.793353796005249,0.022881628945469856,0.2851719856262207,0.008265653625130653,0.9984742999076843,,,,,,,,,,,,,0.011360859964042902,0.0011806527641056164,0.00018477003322914243,0.5041911859880202,0.04991530659640375,0.007236349978484213,0.012686790025327355,0.0038266777089575044,0.00047835998702794313,0,0,0,,,,,1,0.5546875,0,142
30,4401.844997124,1788897034.0453033,0.515625,5.204170427930421e-18,110.8237714767456,0.333038866519928,0.8571428656578064,-1,0.6875,0.5082340240478516,0.006756879389286041,1.009415626525879,0.968286395072937,0.899665355682373,0,0,0.033194392919540405,0.004696962423622608,1.0047080516815186,0.2973511815071106,0.022312544286251068,0.020053960382938385,0.03249041736125946,0.004696962423622608,1,1,0.0046969621907919645,1,7,309.03125,0.033768405193700994,0.03125,0,4784.03125,0,23.066439733428258,0.04787595692974178,0.560367735987336,10629.40625,0.8306702957435883,3940,0.3433893035980873,0.6693248930959559,12733.375,0.8954152332724975,4253.75,0.45249197725206614,0.07228935813964285,0.4677430550637769,9028.15625,0.8079971933875381,3874,9.803161472082138,0,0,1.484155049287263,0.6698566622348177,0,21.80371519912982,0.0479236780311103,,,,,,,,,,,,,,,,0.07421875,1787,2048,589.0390625,794.98828125,88,88,4096,4096,4096,10.332825838006102,7.671008275006898,,,,,,,,,1,-1,0.3976974544878587,0,0,1,,,,,,0.6703610420227051,0.02278590016067028,0.24849295616149902,0.008227743208408356,0.9984688758850098,,,,,,,,,,,,,0.005181749991606921,0.001067173699993873,0.00022025004727765918,0.5089240169618279,0.056380645145054586,0.0026677200221456587,0.01829925802303478,0.0037835146592897217,0.0004337399732321501,0,0,0,,,,,1,0.515625,0,132
31,4518.552555477,1788897152.3795602,0.6015625,6.071532165918825e-18,107.79069542884827,0.31085723638534546,1,-1,0.71875,0.5124049782752991,0.006959040183573961,1.0133857727050781,0.9716891050338745,0.8922648429870605,0,0,0.030036302283406258,0.004093088675290346,1.0041015148162842,0.2585739493370056,-0.004488581791520119,-0.004974625073373318,0.029000764712691307,0.004093088675290346,1,1,0.004093088675290346,1,7,285.4375,0.03026034096392606,0.03125,0,4712.3125,0,10.84201369656909,0.06755019541253064,0.5630165025796467,10448.0625,0.8335145972835836,3871.09375,0.35486637614667416,0.6711865942578551,12531.40625,0.8967728226867897,4180.28125,0.4255751892924309,0.060010926285787115,0.46704124394737595,8771.21875,0.8085997397543317,3786.0625,7.642281651496887,0,0,1.448910366063655,0.6686735477899661,0,10.829811689956044,0.07293087163650816,,,,,,,,,,,,,,,,0.03125,1721,2048,608.01953125,804.1171875,85,85,4096,4096,4096,10.154285261989571,8.082180086988956,,,,,,,,,0.8571428571428572,-1,0.3796480647405232,0,0,1,,,,,,0.8594527244567871,0.022721795365214348,0.28528785705566406,0.008196495473384857,0.9984651803970337,,,,,,,,,,,,,0.004901089996565133,0.0011265094881309778,0.000191910017747432,0.5778543279739097,0.07405769283127484,0.0037686499999836087,0.01236687891650945,0.003822251705742019,0.00048260000767186284,0,0,0,,,,,1,0.6015625,0,154
32,4639.211511745,1788897268.8661478,0.59375,6.938893903907228e-18,105.95381665229797,0.2799937129020691,0.8571428656578064,-1,0.59375,0.49957168102264404,0.0056647006422281265,1.015040397644043,0.9704110026359558,0.8808512687683105,0,0,0.030724719166755676,0.003538020420819521,1.0035442113876343,0.22477830946445465,0.007508069276809692,0.006819162517786026,0.03023432195186615,0.003538020420819521,1,1,0.003538020304404199,1,7.03125,285.78125,0.03144460864597634,0.03125,0,4864.15625,0,65.47113311831038,0.04660381934459905,0.5509370891794045,10626.3125,0.8167296616464168,3940.625,0.3727850839495659,0.6598588348207974,12760.375,0.8816166372543819,4259.71875,0.4283322487026453,0.06583453847363346,0.4619086774808716,8965.59375,0.7963036174457878,3861.59375,9.66481339931488,0.03125,0,1.497419761845117,0.6734066454649743,0,60.00334274479841,0.04495727330177332,,,,,,,,,,,,,,,,0.05859375,1787,2048,562.4609375,716.92578125,108,108,4096,4096,4096,9.707527890976053,7.755026553000789,,,,,,,,,1,-1,0.37627334831616926,0,0,1,,,,,,0.6169259548187256,0.02317875251173973,0.1713118553161621,0.00845084898173809,0.998429536819458,,,,,,,,,,,,,0.005028290033806115,0.001193758345380047,0.00018521997844800353,0.5001585389836691,0.05251872382291367,0.0063775600283406675,0.010744349914602935,0.00339471181200679,0.0004705199971795082,0,0,0,,,,,1,0.59375,0,152
33,4765.263528317,1788897389.8886256,0.53515625,1.734723475976807e-17,109.98219609260559,0.2647843658924103,1,-1,0.625,0.5138068795204163,0.0066618467681109905,1.0084028244018555,0.9719345569610596,0.8949103355407715,0,0,0.029544897377490997,0.002840824890881777,1.0028448104858398,0.19676238298416138,0.01905844546854496,0.017210502177476883,0.028700556606054306,0.002840824890881777,1,1,0.0028408250072970986,1,7,260.625,0.02998617576746982,0.03125,0,4499.6875,0,11.384229670130185,0.02323391635884638,0.5627659399621912,9976.125,0.8334219623936753,3698.84375,0.3377102017402649,0.6715464558168617,11965.3125,0.8984530406664004,3998.4375,0.422204727306962,0.058419851224542255,0.4660222886554386,8371.65625,0.8079228717305931,3618.125,8.755920112133026,0,0,1.4852445803758818,0.6848859876959302,0,11.383680529847837,0.024769770821467765,,,,,,,,,,,,,,,,0.06640625,1721,2048,747.71484375,992.34375,96,96,4096,4096,4096,10.874703587032855,7.717457544000354,,,,,,,,,1,-1,0.4172614801981401,0,0,1,,,,,,0.6591930389404297,0.022263582795858383,0.17513442039489746,0.008082314394414425,0.9984703063964844,,,,,,,,,,,,,0.005895369977224618,0.0011555009489256918,0.00015680002979934216,0.5354127089958638,0.05306437698368427,0.005669199978001416,0.014928147953469306,0.004165901380474679,0.0005178399733267725,0,0,0,,,,,1,0.53515625,0,137
34,4892.285514169,1788897515.9843767,0.56640625,1.9081958235744878e-17,115.06149172782898,0.3303353786468506,1,-1,0.78125,0.4853825569152832,0.005647983867675066,1.0067377090454102,0.9720630049705505,0.9054594039916992,0,0,0.02890668623149395,0.0041305008344352245,1.0041390657424927,0.2792178988456726,-0.022211089730262756,-0.022383442148566246,0.02848920039832592,0.0041305008344352245,1,1,0.004130500950850546,1,7,350.125,0.029795254037970793,0.03125,0,5981.71875,0,14.894588851929116,0.0012666783717964441,0.5459721677024053,12945.90625,0.8105138354934962,4808.96875,0.4091754239052534,0.6581352939576388,15647.90625,0.8784366716130063,5218.375,0.47387866117060184,0.058359576787872874,0.45926658781561835,10954.65625,0.7930534237740957,4728.875,9.668549835681915,0,0,1.4858389294315644,0.6612630804805703,0,15.23360346665313,0.0012591026304272011,,,,,,,,,,,,,,,,0.05859375,1772,2048,680.49609375,880.76953125,68,68,4096,4096,4096,11.356012095988262,8.171218484989367,,,,,,,,,1,-1,0.39204461428750265,0,0,1,,,,,,2.7470805644989014,0.02216334454715252,0.9357147216796875,0.008057340048253536,0.9984505772590637,,,,,,,,,,,,,0.00631309999153018,0.001061146278743763,0.00021145003847777843,0.5467077779467218,0.05757500908748625,0.0055454300018027425,0.01458758901571855,0.003992239834587963,0.0006092109833844006,0,0,0,,,,,1,0.56640625,0,145
35,5020.262525956,1788897643.3351078,0.5234375,1.0408340855860843e-17,115.97947001457214,0.3032790422439575,1,-1,0.6875,0.5008144378662109,0.0051690055988729,1.0087709426879883,0.9726492166519165,0.912940502166748,0,0,0.02856186218559742,0.003697823267430067,1.0037046670913696,0.2508104145526886,-0.004697712138295174,-0.006594587117433548,0.027938371524214745,0.003697823267430067,1,1,0.003697823267430067,1,7.03125,313.75,0.029112587844646355,0.03125,0,5443.96875,0,20.55262586694426,0.05260181527222281,0.5558244482738721,11833.6875,0.8232137025728703,4388.78125,0.4631329053590889,0.6647139816112027,14264.78125,0.8874896030908477,4752.9375,0.506494021450635,0.05493428798576945,0.46446620932366034,9996.65625,0.8030231370686457,4315.5625,8.105106174945831,0.03125,0,1.4805595512032643,0.6202039290866492,0,22.03776499366722,0.05116512528518929,,,,,,,,,,,,,,,,0.05078125,1705,2048,623.8515625,806.03515625,75,75,4096,4096,4096,11.580683460982982,8.016874077962711,,,,,,,,,0.8571428571428572,-1,0.4103259033241449,0,0,1,,,,,,0.6849989891052246,0.022880977019667625,0.1758708953857422,0.008226817473769188,0.9984869956970215,,,,,,,,,,,,,0.008459639037027955,0.0011467614524462988,0.00020056997891515493,0.5493089290102944,0.054904059891214274,0.004734329006168991,0.014244769990909845,0.0036325287289855623,0.0004911100259050727,0,0,0,,,,,1,0.5234375,0,134
36,5149.380053312,1788897771.870336,0.62890625,3.469446951953614e-18,116.69067621231079,0.3221549391746521,0.8571428656578064,-1,0.65625,0.5080667734146118,0.006155795883387327,1.011042594909668,0.979536235332489,0.9353213310241699,0,0,0.021634185686707497,0.0033927117474377155,1.0033984184265137,0.2137952744960785,-0.0215001180768013,-0.021798480302095413,0.0208413265645504,0.0033927117474377155,1,1,0.0033927118638530374,1,7,247.4375,0.022204171077993988,0.03125,0,4990.8125,0,7.806299251709269,0.09362748585802304,0.5534927549380827,10848.71875,0.819745789132527,4019.78125,0.37232599779963493,0.6607717105665243,13015.0625,0.8836718317162946,4345.78125,0.4171213526278734,0.045354626806453156,0.4512059914900096,9020.71875,0.7884025087622297,3917.5625,8.649975597858429,0,0,1.5027723286550692,0.6611374966185246,0,7.825539598669173,0.10111825834920606,,,,,,,,,,,,,,,,0.046875,1721,2048,630.7890625,810.1171875,116,116,4096,4096,4096,11.30860482598655,8.472153107984923,,,,,,,,,1,-1,0.3920446142875027,0,0,1,,,,,,0.5377713441848755,0.022766832262277603,0.2288360595703125,0.00833344366401434,0.9984264373779297,,,,,,,,,,,,,0.008505299978423864,0.0013643201139075245,0.00018925999756902456,0.5663324280176312,0.056416832233253444,0.007584520033560693,0.014374449965544045,0.00409022759004074,0.000664469029288739,0,0,0,,,,,1,0.62890625,0,161
37,5281.938056473,1788897900.1378665,0.6015625,3.469446951953614e-18,117.14134240150452,0.28835025429725647,1,-1,0.65625,0.5010426044464111,0.005700838752090931,1.0077018737792969,0.9718504548072815,0.8810200691223145,0,0,0.029206721112132072,0.002903738059103489,1.0029079914093018,0.2324032187461853,0.014918176457285881,0.012381898239254951,0.028761180117726326,0.002903738059103489,1,1,0.002903738059103489,1,7,291.75,0.030299133304523922,0.03125,0,5046.3125,0,16.40774200977024,0.02472808302542822,0.5553843777421202,11058.9375,0.8234030854365839,4101.28125,0.3688885592855513,0.6631082496213097,13259.71875,0.8874430226540908,4430.3125,0.43839957658201456,0.058693663203816714,0.4663569653612629,9302.90625,0.8035257074964801,4010.96875,8.702600657939911,0,0,1.440536954696062,0.6667171255239475,0,16.439981425829608,0.023758018288143938,,,,,,,,,,,,,,,,0.06640625,1718,2048,675.00390625,899.32421875,91,91,4096,4096,4096,11.626448510040063,9.018711126002017,,,,,,,,,1,-1,0.3976974544878587,0,0,1,,,,,,1.790215015411377,0.02242041938006878,0.18895137310028076,0.00819311197847128,0.9984427690505981,,,,,,,,,,,,,0.006718939985148609,0.0012508718550634512,0.0002226800424978137,0.5718573479680344,0.0558094480093132,0.006905100017320365,0.012709039903711528,0.004468802658720961,0.0006809799815528095,0,0,0,,,,,1,0.6015625,0,154
38,5407.936876348,1788898032.7420905,0.46875,1.214306433183765e-17,121.48405981063843,0.3055881857872009,1,-1,0.65625,0.4968959093093872,0.005252073518931866,1.0121088027954102,0.9738508462905884,0.8991708755493164,0,0,0.027491029351949692,0.0036989771761000156,1.0037058591842651,0.2728830575942993,0.049585744738578796,0.046648792922496796,0.02669088914990425,0.0036989771761000156,1,1,0.0036989771761000156,1,7,314.34375,0.028127257435995888,0.03125,0,5400.03125,0,11.973103335617957,0.04837411953845034,0.5549296019273424,11766.59375,0.8212184544231349,4357.65625,0.3911395538598299,0.6625567135212225,14129.875,0.8855805012714555,4714.125,0.4474805947393179,0.05096273923495759,0.46566036847094183,9931.875,0.8022982522202655,4276.8125,8.01977950334549,0,0,1.4598366590776346,0.6617609300757074,0,11.022672310582546,0.04911169954722091,,,,,,,,,,,,,,,,0.13671875,1828,2048,743.87109375,956.99609375,90,90,4096,4096,4096,11.771680147969164,8.110799915972166,,,,,,,,,1,-1,0.40563631041430526,0,0,1,,,,,,0.9442662596702576,0.02179151214659214,0.48064684867858887,0.007919843308627605,0.9984849691390991,,,,,,,,,,,,,0.007398920017294586,0.0011464413566955045,0.0002181499730795622,0.2196651650010608,0.04675824423020458,0.008915590005926788,0.014265530044212937,0.0038944264038036636,0.0004510099533945322,0,0,0,,,,,1,0.46875,0,120
39,5536.185464311,1788898159.4566562,0.640625,1.734723475976807e-17,114.8542149066925,0.31395792961120605,1,-1,0.6875,0.48864054679870605,0.00577038899064064,1.0123977661132812,0.9793516993522644,0.8967680931091309,0,0,0.021922297775745392,0.002422851976007223,1.0024257898330688,0.28684934973716736,-0.008393218740820885,-0.009683228097856045,0.021021688356995583,0.002422851976007223,1,1,0.0024228518595919013,1,7.03125,305.34375,0.022557027350963932,0.03125,0,5950.96875,0,22.659091337940684,0.04836116811781614,0.5433531436640924,12673.46875,0.8051997185452036,4704.84375,0.38138689659535885,0.6527426186606008,15342.375,0.8710471510110782,5110.375,0.457040261477232,0.041072517946398004,0.44712484763099347,10566.875,0.7781229264420821,4589.03125,7.909575432538986,0.03125,0,1.4846955063645009,0.6647858208889481,0,23.139914252830128,0.05070328656978634,,,,,,,,,,,,,,,,0.0625,1721,2048,618.7109375,800.640625,119,119,4096,4096,4096,10.960261895961594,8.132624678022694,,,,,,,,,0.8571428571428572,-1,0.41032590332414487,0,0,1,,,,,,0.7890262603759766,0.022298814728856087,0.2250041961669922,0.00813907478004694,0.9984435439109802,,,,,,,,,,,,,0.007963689975440502,0.0012969116660315194,0.00017681997269392014,0.5747339889639989,0.054846399642201504,0.007865130028221756,0.01105699100298807,0.0035712076200979936,0.0004932499723508954,0,0,0,,,,,1,0.640625,0,164
40,5670.105330053,1788898287.4105713,0.4765625,2.6020852139652106e-17,116.33973407745361,0.30738186836242676,0.8571428656578064,-1,0.65625,0.4880719780921936,0.00554273696616292,1.016336441040039,0.9782088994979858,0.9161128997802734,0,0,0.022982671856880188,0.003490322269499302,1.0034964084625244,0.2656750977039337,0.0014619072899222374,0.00047938432544469833,0.02222113311290741,0.003490322269499302,1,1,0.003490322269499302,1,7.0625,249.4375,0.023524099298933787,0.03125,0,4949.6875,0,9.888135880954918,0.09196771724002671,0.5511641770279918,10729.78125,0.8179653732158092,3984.03125,0.3593171164393425,0.6635124310220952,12971.71875,0.8860291049955876,4326.125,0.43822293914854527,0.04066587692978014,0.4522304414762687,8920.625,0.7894101142912875,3882.875,7.311127126216888,0.0625,0,1.4839811582661304,0.688301348302808,0,9.811720661703708,0.09574366475492654,,,,,,,,,,,,,,,,0.11328125,1721,2048,679.60546875,872.60546875,106,106,4096,4096,4096,11.282192084996495,8.842984082002658,,,,,,,,,1,-1,0.3553526561095071,0,0,1,,,,,,0.6928234100341797,0.0220179446041584,0.2011551856994629,0.008028428070247173,0.9984651803970337,,,,,,,,,,,,,0.006114989053457975,0.0010904046991981886,0.00023077998775988817,0.628262258018367,0.0803804636550467,0.0064448899938724935,0.013675868918653578,0.0038144248094340583,0.00044028996489942074,0,0,0,,,,,1,0.4765625,0,122
41,5796.264300812,1788898421.0562284,0.5390625,1.3877787807814457e-17,122.39342665672302,0.242844358086586,1,-1,0.53125,0.4980583190917969,0.005848487839102745,1.014246940612793,0.9810066223144531,0.9263978004455566,0,0,0.02029784582555294,0.002431403147056699,1.0024343729019165,0.19713768362998962,-0.057916320860385895,-0.056910865008831024,0.01930421218276024,0.002431403147056699,1,1,0.002431403147056699,1,6.96875,269.3125,0.020827346042272758,0.03125,0,5436.84375,0,19.006701742513144,0.09065390845205168,0.548112843588966,11627.03125,0.8136223511791,4321.28125,0.3910813741385937,0.6596198583851434,14106,0.8806842888764529,4699.71875,0.47569265216588974,0.03561166608540613,0.4511797376634219,9721.15625,0.7884354524351935,4236.21875,7.324037492275238,0,0,1.4759332061278168,0.6566394891358287,0,16.67019274997974,0.09888567217798104,,,,,,,,,,,,,,,,0.12890625,1787,2048,781.5390625,1026.96875,125,125,4096,4096,4096,12.75676984200254,8.440075456979685,,,,,,,,,1,-1,0.3879564461142934,0,0,1,,,,,,0.6059480905532837,0.02222910337150097,0.2448863983154297,0.008090334013104439,0.9984564781188965,,,,,,,,,,,,,0.0050534000038169324,0.0011130871928344277,0.00019896001322194934,0.5358875510282815,0.04994199334714722,0.007078159018419683,0.013879198988433927,0.003955445536576008,0.0004981200327165425,0,0,0,,,,,1,0.5390625,0,138
42,5917.855421675,1788898547.0742507,0.70703125,3.469446951953614e-18,114.93812155723572,0.26746153831481934,1,-1,0.625,0.486985445022583,0.004558295011520386,1.012533187866211,0.9802221059799194,0.9128661155700684,0,0,0.02102413773536682,0.002722999546676874,1.002726674079895,0.22061927616596222,-0.005336232949048281,-0.005646980833262205,0.02009318396449089,0.002722999546676874,1,1,0.002722999546676874,1,7,328.78125,0.021372594589892296,0.03125,0,6252.3125,0,18.7804578144695,0.05474746242266172,0.5489048163138195,13442.71875,0.814474756748403,4992.53125,0.38145992206409574,0.6587817332399939,16244.40625,0.8807499792388498,5419.34375,0.5082251084968448,0.036465670127457134,0.4547030846744839,11288.15625,0.7901793464035818,4891.53125,7.765449047088623,0,0,1.4917628889709336,0.6494993031348646,0,18.94506823433441,0.05587726793324675,,,,,,,,,,,,,,,,0.03515625,1841,2048,635.3828125,762.390625,140,140,4096,4096,4096,10.411617846984882,8.309501321986318,,,,,,,,,1,-1,0.36683283186025245,0,0,1,,,,,,0.7017183303833008,0.02212308533489704,0.244858980178833,0.008074835874140263,0.9984621405601501,,,,,,,,,,,,,0.005747370014432818,0.0010723860175403388,0.0001846899976953864,0.5436196000082418,0.06292455963284738,0.007936629990581423,0.011762830021325499,0.0031903587553188117,0.0005149199860170484,0,0,0,,,,,1,0.70703125,0,181
43,6043.956784856,1788898668.2032256,0.65234375,1.1275702593849246e-17,110.38524460792542,0.2558017075061798,1,-1,0.625,0.4877118468284607,0.004692349582910538,1.009490966796875,0.9837618470191956,0.9052972793579102,0,0,0.017796015366911888,0.0022291038185358047,1.002231478691101,0.1486055999994278,-0.010100994259119034,-0.011074269190430641,0.016531305387616158,0.0022291038185358047,1,1,0.0022291038185358047,1,7,227.25,0.018006298424824155,0.03125,0,5083.0625,0,7.608286436326318,0.15611634217169318,0.5442497645367507,10833.9375,0.806743210845744,4018.90625,0.3517139833420515,0.6569968051434025,13156.0625,0.8755778868566358,4376.125,0.4399064490571618,0.029628941637260563,0.44167543338105975,8957.375,0.7740917741108256,3907.625,6.124603092670441,0,0,1.4490030327339336,0.6721919855785035,0,7.569642576921491,0.15868996084565512,,,,,,,,,,,,,,,,0.11328125,1721,2048,747.32421875,928.19921875,106,106,4096,4096,4096,10.703859494999051,8.241525853984058,,,,,,,,,1,-1,0.3754249293147971,0,0,1,,,,,,0.7005667686462402,0.022302264347672462,0.1766798496246338,0.008105695247650146,0.9984676241874695,,,,,,,,,,,,,0.0055802600109018385,0.0010008106007717288,0.00018297001952305436,0.563154770003166,0.05873952901197299,0.00809754995862022,0.010985259956214577,0.0033778970953335374,0.0004261400317773223,0,0,0,,,,,1,0.65234375,0,167
44,6172.906955909,1788898794.725885,0.62109375,1.3010426069826053e-17,115.54215145111084,0.2773226797580719,1,-1,0.6875,0.486672967672348,0.00435918802395463,1.0092010498046875,0.9833569526672363,0.9118103981018066,0,0,0.017857838422060013,0.0017742450581863523,1.0017757415771484,0.27907657623291016,0.040949080139398575,0.03789147734642029,0.016928520053625107,0.0017742450581863523,1,1,0.0017742450581863523,1,7,284.03125,0.01810481707275328,0.03125,0,5978.59375,0,8.363274779944014,0.09524694154795134,0.5447399616303417,12715.8125,0.8079952127424759,4718.53125,0.3763265311717987,0.6565108414442424,15419.46875,0.8759952524839121,5133.96875,0.46630448661744595,0.02867713579931409,0.4459761103233808,10615,0.7782616733254433,4613.03125,6.818584740161896,0,0,1.4682198057677684,0.6765877290560445,0,7.974004383270595,0.09939889913711283,,,,,,,,,,,,,,,,0.140625,1830,2048,810.7421875,994.4453125,121,121,4096,4096,4096,11.003981275018305,7.785248400003184,,,,,,,,,1,-1,0.38215954569701244,0,0,1,,,,,,0.9610960483551025,0.021397549659013748,0.32182741165161133,0.007848952896893024,0.9984769821166992,,,,,,,,,,,,,0.006744919985067099,0.0010368495081820583,0.00020169001072645187,0.5171816120273434,0.05677011308307556,0.007387059973552823,0.010444080049637705,0.003371486192008888,0.0004637510282918811,0,0,0,,,,,1,0.62109375,0,159
45,6297.26844979,1788898923.1933775,0.62890625,5.204170427930421e-18,117.89651393890381,0.2676841616630554,1,-1,0.59375,0.46972572803497314,0.005001293495297432,1.0103473663330078,0.983601450920105,0.917691707611084,0,0,0.017490610480308533,0.0017387368716299534,1.0017402172088623,0.23158742487430573,0.02961401268839836,0.027767324820160866,0.016638047993183136,0.0017387368716299534,1,1,0.0017387368716299534,1,7,305.65625,0.01785789002403798,0.03125,0,6485.9375,0,19.118235565338722,0.08245305712648043,0.5367971970959641,13544.6875,0.7969866296102711,5030.875,0.36370996851474047,0.6489608825014436,16510.625,0.8651831470486636,5488.15625,0.4584641344845295,0.02962705019900526,0.4425934625114858,11337.96875,0.7732552044709845,4938.75,7.042916893959045,0,0,1.480975211764198,0.6601838961201429,0,17.126617743789616,0.08672855456149228,,,,,,,,,,,,,,,,0.14453125,1841,2048,862.09765625,1077.109375,125,125,4096,4096,4096,12.096945522003807,8.216774064989295,,,,,,,,,0.8571428571428572,-1,0.35445416502284294,0,0,1,,,,,,1.2166166305541992,0.021283304318785667,0.2540016174316406,0.007842878811061382,0.9984604120254517,,,,,,,,,,,,,0.03865790896816179,0.0011644279693427961,0.00022476998856291175,0.5196580310002901,0.051097935617917756,0.006467369967140257,0.010841821087524295,0.0035947544072314486,0.00047977996291592717,0,0,0,,,,,1,0.62890625,0,161
46,6426.466609991,1788899048.0088909,0.66015625,1.9949319973733282e-17,113.76663088798523,0.24294021725654602,0.8571428656578064,-1,0.5,0.46160587668418884,0.0038908561691641808,1.0088186264038086,0.9844768047332764,0.9321961402893066,0,0,0.01647030934691429,0.001785283093340695,1.0017869472503662,0.17127342522144318,0.01368506345897913,0.01335071213543415,0.015718795359134674,0.001785283093340695,1,1,0.001785283093340695,1,7.03125,311.4375,0.017142495240101006,0.03125,0,6896.78125,0,9.14711577391115,0.08950169579648651,0.5312351340492172,14448.9375,0.78878777035534,5365.75,0.37186594773083925,0.6480281366705384,17694.34375,0.8615982109602015,5873.15625,0.45326527766883373,0.026238260008534298,0.4339867915662824,11967.125,0.7608102399730859,5224.28125,7.563123643398285,0.03125,0,1.5510398549784323,0.6625169094527708,0,9.732287282587844,0.09324327262446833,,,,,,,,,,,,,,,,0.15234375,1841,2048,761.0546875,916.92578125,143,143,4096,4096,4096,10.606212790007703,7.765421307994984,,,,,,,,,1,-1,0.3282995769794685,0,0,1,,,,,,0.6591973304748535,0.021039793267846107,0.18895387649536133,0.007678747642785311,0.9984970688819885,,,,,,,,,,,,,0.006729679997079074,0.0010599523611745099,0.00016865995712578297,0.5270165489637293,0.05850797284210785,0.004740039992611855,0.009885740000754595,0.0029319809591470403,0.0004714000388048589,0,0,0,,,,,1,0.66015625,0,169
47,6554.868410889,1788899176.6513648,0.64453125,1.5612511283791264e-17,118.15478444099426,0.21143838763237,1,-1,0.5625,0.47128432989120483,0.0034753908403217793,1.0114402770996094,0.9858598113059998,0.9359045028686523,0,0,0.01532466895878315,0.0012181580532342196,1.0012187957763672,0.20073366165161133,0.029152384027838707,0.027157865464687347,0.014342053793370724,0.0012181580532342196,1,1,0.0012181580532342196,1,7,247.25,0.015772267012060557,0.03125,0,6088.4375,0,8.8990514753242,0.07543977090916287,0.533929149700096,12537.4375,0.7929490558242465,4661.25,0.3671606555581093,0.6484436752014,15410.375,0.8630168604541302,5109.96875,0.44498690590262413,0.025805611398806452,0.43459237862652034,10399.40625,0.7644074066149789,4562.09375,6.729823350906372,0,0,1.486679811934236,0.6633727422188616,0,9.162900294517268,0.0761337409482615,,,,,,,,,,,,,,,,0.1796875,1874,2048,907.83203125,1132.79296875,144,144,4096,4096,4096,12.346669499995187,8.143452976015396,,,,,,,,,0.8571428571428572,-1,0.33407655239053047,0,0,1,,,,,,0.8878145217895508,0.0212089940905571,0.3066539764404297,0.007788816466927528,0.9984691143035889,,,,,,,,,,,,,0.007789830036927015,0.0010057391154987272,0.00021748000290244818,0.5236755780060776,0.04363173252090746,0.007599149947054684,0.04974739899626002,0.003726670121295683,0.0004505699616856873,0,0,0,,,,,1,0.64453125,0,165
48,6676.726806287,1788899305.1539898,0.515625,6.938893903907228e-18,117.93098187446594,0.22456277906894684,0.8571428656578064,-1,0.5625,0.46251624822616577,0.00303904851898551,1.0081100463867188,0.984847903251648,0.9449925422668457,0,0,0.01587541401386261,0.0010222533019259572,1.0010228157043457,0.16131561994552612,0.029418976977467537,0.02829820290207863,0.01533327903598547,0.0010222533019259572,1,1,0.0010222533019259572,1,7,314.03125,0.016597104843472307,0.03125,0,7262.65625,0,7.411215620009642,0.045968576150569415,0.5286553914228254,15091.46875,0.7854245969750318,5608.46875,0.3736679404973984,0.6437918090348274,18488.8125,0.8563953901754233,6135.84375,0.5092085041105747,0.02501956434451269,0.43487010752969507,12537.8125,0.7625713554318456,5488.9375,7.422924101352692,0,0,1.474546079173451,0.6495437952528058,0,7.40388203063479,0.05212996423773753,,,,,,,,,,,,,,,,0.171875,1883,2048,932.64453125,1142.234375,173,173,4096,4096,4096,12.251026331970934,7.802789744047914,,,,,,,,,1,-1,0.3895968612369898,0,0,1,,,,,,0.8569645881652832,0.020985519513487816,0.26213538646698,0.007682305760681629,0.9984824657440186,,,,,,,,,,,,,0.003980059991590679,0.0009889752470826352,0.00018441997235640883,0.5225466180127114,0.05022006528088241,0.007088500016834587,0.010764289007056504,0.003375066400394644,0.0005530999624170363,0,0,0,,,,,1,0.515625,0,132
49,7434.904967311,1788899426.7928286,0.734375,1.0408340855860843e-17,111.28176426887512,0.2676171064376831,1,-1,0.625,0.45018935203552246,0.00462589506059885,1.0073251724243164,0.9871625900268555,0.9080376625061035,0,0,0.013479318469762802,0.0017543534049764276,1.0017558336257935,0.20187178254127502,0.004225484561175108,0.004369378089904785,0.012973262928426266,0.0017543534049764276,1,1,0.0017543534049764276,1,7.03125,309.28125,0.014322511962962121,0.03125,0,7461.15625,0,9.094925745162392,0.07099260780257491,0.5262984604116683,15518.6875,0.7819265087261487,5766.1875,0.37458026967942715,0.6463625898703785,19141.03125,0.8567238870476588,6333.0625,0.4912593476474285,0.02125757647456741,0.4278241046550846,12742.96875,0.7527031850388339,5592.71875,6.7549949288368225,0.03125,0,1.5090357366958895,0.6643947673278189,0,9.174433815458443,0.07305548689618091,,,,,,,,,,,,,,,,0.0859375,1772,2048,812.92578125,981.6484375,114,114,4096,4096,4096,10.704265428008512,7.822910851973575,,,,,,,,,0.7142857142857143,-1,0.4240836459656399,0,0,1,,,,,,0.6245923042297363,0.02151559665799141,0.17620635032653809,0.007856518030166626,0.9984821677207947,,,,,,,,,,,,,0.0061848299810662866,0.0010339462023694068,0.00018627999816089869,0.5245169369736686,0.050126205766900966,0.005541130027268082,0.009837519959546626,0.0030456050062639406,0.0005235400167293847,0,0,0,,,,,1,0.734375,0,188
50,7575.322273367,1788900187.9452288,0.6328125,5.637851296924623e-18,747.8329689502716,0.3346852660179138,0.7142857313156128,-1,0.71875,0.4674103856086731,0.004789223428815603,1.0082082748413086,0.9864183664321899,0.9042339324951172,0,0,0.014597377739846706,0.0017821082146838307,1.0017836093902588,0.2214428037405014,0.016988404095172882,0.015142339281737804,0.01377565972507,0.0017821082146838307,1,1,0.0017821082146838307,1,7,267.53125,0.01514558996073944,0.03125,0,6503.40625,0,52.77603801286924,0.052721653894353133,0.5312890571878759,13586.3125,0.7894951951546465,5049.5,0.35658571776002645,0.6494200944741377,16674.9375,0.8631792559117774,5532.65625,0.4409732110798359,0.02293430689290398,0.4350125560745805,11267.15625,0.7636949754571307,4933.34375,6.565795123577118,0,0,1.4706228890119857,0.6800688970511355,0,33.6151607827794,0.05520833574869003,800,50,0.5575000047683716,0.5575,635.9169924249873,0.2025,1938,2048,909.8499755859375,1118.6625,106,106,4096,4096,4096,0.1171875,1841,2048,779.76953125,945.8515625,153,153,4096,4096,4096,4.406367051413416,7.498042080027517,1,8.187894806610529e-18,-1,0.24122762336164727,0.28,0.23,0.49,0.5575,1,-1,0.3234066120763363,0,0,1,1.7517518997192383,0.021880802009254696,0.33321666717529297,0.007959571592509746,0.9984532290697098,0.7073307037353516,0.021263696253299713,0.20220041275024414,0.0077923135831952095,0.9984899163246155,38.005455837992486,10.119888682396267,0.00016813998809084296,33.1678966479958,2.4823275466759513,0.0005396310007199645,73.79274586692918,5.611940491275891,0.0003872800152748823,0,0,0,0.006421579979360104,0.0009950402227332233,0.00015655998140573502,0.5243589880410582,0.06342291830242175,0.005965491000097245,0.010854800988454372,0.0028532612293474813,0.00048421998508274555,0,0,0,1,0.5575,0,4.46,1,0.6328125,0,162
51,7711.432958552,1788900326.3720598,0.578125,5.637851296924623e-18,127.10938096046448,0.20903827250003815,1,-1,0.46875,0.4626125693321228,0.0028558592312037945,1.0095405578613281,0.9905328154563904,0.9456686973571777,0,0,0.010735353454947472,0.0008115342352539301,1.0008119344711304,0.18781092762947083,0.020445534959435463,0.019547807052731514,0.009566918015480042,0.0008115342352539301,1,1,0.0008115342352539301,1,7,220.84375,0.011041546955195467,0.03125,0,6238.15625,0,10.085934048426722,0.12202772231013159,0.5274943850843923,12949.1875,0.7826580554527318,4806.25,0.41199884191155434,0.6459096416894324,15924.09375,0.8565027720651148,5271.90625,0.4576804656535387,0.01729552494317553,0.42301668375850165,10597.40625,0.7485032392212636,4663.75,6.09178227186203,0,0,1.4539132799061294,0.6565607036650779,0,9.303206055241052,0.12530991110000314,,,,,,,,,,,,,,,,0.1953125,1835,2048,958.8359375,1168.23046875,224,224,4096,4096,4096,13.313447718974203,9.44915644399589,,,,,,,,,1,-1,0.4087686836521285,0,0,1,,,,,,0.5356721878051758,0.020278772339224815,0.24485445022583008,0.007428351789712906,0.9985153079032898,,,,,,,,,,,,,0.006918989995028824,0.0011243427875342604,0.00022031000116840005,0.13425174495205283,0.051698350439664864,0.009120669041294605,0.015290989074856043,0.003617909860849977,0.00048442999832332134,0,0,0,,,,,1,0.578125,0,148
52,7847.575849006,1788900462.5715241,0.63671875,1.3877787807814457e-17,124.68339896202087,0.3271258771419525,1,-1,0.75,0.4429017901420593,0.0038630610797554255,1.0072822570800781,0.9881903529167175,0.9570837020874023,0,0,0.01262081228196621,0.0013002859195694327,1.0013011693954468,0.30465584993362427,0.021398792043328285,0.020561283454298973,0.01193174161016941,0.0013002859195694327,1,1,0.0013002859195694327,1,7,293.25,0.01321613769239874,0.03125,0,7670.6875,0,8.733834896451462,0.07118786570880545,0.517530500029683,15527.28125,0.7688523660358756,5772.09375,0.34700825810432434,0.6407012206830662,19370.65625,0.8471890272347651,6386.21875,0.43842531368136406,0.021967217260198894,0.4196993180664567,12797.53125,0.7412457114003399,5634.46875,7.072167456150055,0,0,1.4652574868715944,0.6689192623969071,0,8.372744411228389,0.07431053516914553,,,,,,,,,,,,,,,,0.2265625,1849,2048,941.85546875,1173.76953125,232,232,4096,4096,4096,13.187874802970327,8.414158088038675,,,,,,,,,1,-1,0.3359801378969068,0,0,1,,,,,,1.2925419807434082,0.020751075819134712,0.21084928512573242,0.007525342516601086,0.9985269904136658,,,,,,,,,,,,,0.005414299026597291,0.001049848824095534,0.000225390016566962,0.5961705410154536,0.05940186891712074,0.006195949041284621,0.011209939024411142,0.003556709739314101,0.0005392900202423334,0,0,0,,,,,1,0.63671875,0,163
53,7982.32574289,1788900598.0309696,0.625,1.214306433183765e-17,124.63915705680847,0.21682420372962952,1,-1,0.5625,0.4356496334075928,0.0024991983082145452,1.008575439453125,0.987307071685791,0.9565677642822266,0,0,0.013142142444849014,0.0010687164030969143,1.0010693073272705,0.19964106380939484,0.03070121258497238,0.0300564244389534,0.012814613059163094,0.0010687164030969143,1,1,0.0010687164030969143,1,7.03125,298.4375,0.013904987542913616,0.03125,0,7534.84375,0,7.6140183652954105,0.032132795425101654,0.5141328991995228,15367.5625,0.7637577702508205,5710.40625,0.3908275365829468,0.6368061892109913,19098.46875,0.8416057531044787,6303.96875,0.47530716098845005,0.02177623279209096,0.4188091760414012,12648.1875,0.736206997926428,5547.875,7.158962070941925,0.03125,0,1.493090061973328,0.6426349614105598,0,7.107515364285253,0.03417179710957207,,,,,,,,,,,,,,,,0.2421875,1910,2048,921.1328125,1112.9375,135,135,4096,4096,4096,12.914205903012771,8.423538027040195,,,,,,,,,1,-1,0.3779644730092272,0,0,1,,,,,,0.854175329208374,0.020250927656888962,0.2678184509277344,0.007362652570009232,0.9985252618789673,,,,,,,,,,,,,0.005384118994697928,0.001031858345868386,0.00017549999756738544,0.5938451499678195,0.042979789877563235,0.0076096500270068645,0.05344806902576238,0.0034668026480630942,0.0004959290381520987,0,0,0,,,,,1,0.625,0,160
54,8117.260729643,1788900733.1562812,0.68359375,1.734723475976807e-18,123.93600702285767,0.28930264711380005,1,-1,0.6875,0.4421091079711914,0.004225410521030426,1.0102806091308594,0.9896988868713379,0.9384727478027344,0,0,0.011496936902403831,0.001042012358084321,1.0010424852371216,0.2800557613372803,0.04818444699048996,0.04657846689224243,0.010420581325888634,0.001042012358084321,1,1,0.001042012358084321,1,7,263.625,0.011773599183234241,0.03125,0,7369.0625,0,83.73814664959329,0.08178899191679154,0.5132847827258427,14621.90625,0.7625813856887105,5435.75,0.38443714566528797,0.6367951213716727,18341.03125,0.8407517817058341,6029.625,0.4253460019826889,0.021663243774322376,0.4146996827892173,12086.5,0.7326362527349712,5317.3125,6.739683508872986,0,0,1.4724477474056155,0.6672446463817172,0,80.18065012641611,0.0835304963133332,,,,,,,,,,,,,,,,0.171875,1883,2048,938.05859375,1121.68359375,192,192,4096,4096,4096,13.092138607986271,7.817760547040962,,,,,,,,,1,-1,0.29987242185261903,0,0,1,,,,,,0.8060019016265869,0.020683884620666504,0.17536401748657227,0.007525460794568062,0.9985142946243286,,,,,,,,,,,,,0.0057043799897655845,0.001131047939452401,0.0002125999890267849,0.569713392003905,0.04338402171765665,0.0066116200177930295,0.012390360003337264,0.0032761859658876347,0.0004784800112247467,0,0,0,,,,,1,0.68359375,0,175
55,8254.466933063,1788900868.17641,0.6015625,1.214306433183765e-17,123.83289980888367,0.18507197499275208,1,-1,0.4375,0.4408949613571167,0.0023993561044335365,1.007364273071289,0.9895667433738708,0.9472980499267578,0,0,0.011191727593541145,0.0007523334352299571,1.0007526874542236,0.14930063486099243,0.017154758796095848,0.016344178467988968,0.010533200576901436,0.0007523334352299571,1,1,0.0007523334352299571,1,7.03125,271.71875,0.01163054812028637,0.03125,0,7504.46875,0,7.753873156773086,0.07263713673862213,0.5150448975815936,15215.53125,0.7651112511922319,5653.09375,0.38125329092144966,0.6393150145053129,19002.65625,0.8440078478836482,6258.71875,0.4493611603975296,0.016994923061657723,0.41586398158733917,12446.96875,0.7348090477979654,5486.84375,6.282224535942078,0.03125,0,1.483106776658036,0.6556568671545387,0,8.232513184368473,0.07534596467939517,,,,,,,,,,,,,,,,0.22265625,1778,2048,987.5546875,1189.375,174,174,4096,4096,4096,13.380287287000101,8.1465939959744,,,,,,,,,1,-1,0.30929478706587094,0,0,1,,,,,,0.8019951581954956,0.0201676357537508,0.26215553283691406,0.007411496713757515,0.9985204339027405,,,,,,,,,,,,,0.005157590028829873,0.0011669661446376267,0.0002344090025871992,0.5691612919908948,0.05539831498276726,0.006381499988492578,0.013801098975818604,0.0036053278795407095,0.00048303999938070774,0,0,0,,,,,1,0.6015625,0,154
56,8384.914732734,1788901005.1304514,0.53515625,1.214306433183765e-17,125.8683111667633,0.16908866167068481,1,-1,0.4375,0.4299814701080322,0.002984861144796014,1.006424903869629,0.9878058433532715,0.9390549659729004,0,0,0.012826398946344852,0.0010208485182374716,1.0010212659835815,0.18196189403533936,0.012090030126273632,0.01174541749060154,0.012327712029218674,0.0010208485182374716,1,1,0.0010208485182374716,1,7,298.6875,0.013628242056367321,0.03125,0,7900.4375,0,7.7131063584660176,0.047561896319174006,0.514955857036678,16045.78125,0.7654896760581305,5966.84375,0.4134710431098938,0.6410935902393757,20081.96875,0.8452907122178851,6607.625,0.5000352002680302,0.02133473034244619,0.4184844813284051,13213.09375,0.7382098347581754,5811.125,7.298830211162567,0,0,1.4969840618670882,0.6486025468238084,0,7.503744493303218,0.05134763619272265,,,,,,,,,,,,,,,,0.2734375,1883,2048,993.13671875,1159.0234375,178,178,4096,4096,4096,13.01949242898263,8.303176941990387,,,,,,,,,1,-1,0.3123724229381411,0,0,1,,,,,,1.5194511413574219,0.019577929750084877,0.253995418548584,0.007169554941356182,0.998534619808197,,,,,,,,,,,,,0.0431215189746581,0.0012722161604870053,0.00019755103858187795,0.6287424599868245,0.06113951527913741,0.002927879977505654,0.008437459997367114,0.003119127925401699,0.000497399945743382,0,0,0,,,,,1,0.53515625,0,137
57,8519.745380253,1788901135.026531,0.66015625,7.806255641895632e-18,119.41518187522888,0.17475146055221558,1,-1,0.40625,0.4275646507740021,0.0038194938097149134,1.007181167602539,0.9900816082954407,0.9657721519470215,0,0,0.010701170191168785,0.0007846278604120016,1.0007848739624023,0.11406617611646652,-0.021264776587486267,-0.021232839673757553,0.010001067072153091,0.0007846278604120016,1,1,0.0007846278604120016,1,7.03125,258.84375,0.011347633727207124,0.03125,0,7945.09375,0,12.296881062181045,0.14867355740641308,0.507730102936661,15675.1875,0.7547347350004848,5836.15625,0.43475208058953285,0.6359186313458184,19864.8125,0.8366790254681552,6510.1875,0.46963341534137726,0.018062206112886538,0.4047791843068135,12784.34375,0.7214041558288342,5668.46875,5.763267278671265,0.03125,0,1.4882322857807966,0.6485526073881545,0,11.019142084790165,0.15206773576232202,,,,,,,,,,,,,,,,0.16015625,1841,2048,926.29296875,1081.76953125,228,228,4096,4096,4096,12.353070639015641,8.044264549971558,,,,,,,,,1,-1,0.33023646444476656,0,0,1,,,,,,0.6882014274597168,0.02047472633421421,0.19193601608276367,0.007440338842570782,0.9985169172286987,,,,,,,,,,,,,0.005531369999516755,0.0010109550735251105,0.00020608899649232626,0.592264311038889,0.05546703152572263,0.0023620499996468425,0.05349942803150043,0.0031865624978308915,0.0005617100396193564,0,0,0,,,,,1,0.66015625,0,169
58,8657.255582664,1788901270.687498,0.51171875,5.637851296924623e-18,124.3414089679718,0.20316565036773682,1,-1,0.46875,0.43435075879096985,0.0032115918584167957,1.0086688995361328,0.9904899597167969,0.9321455955505371,0,0,0.010485016740858555,0.0010421567130833864,1.0010426044464111,0.14559905230998993,-0.005100397393107414,-0.005018484313040972,0.009606052190065384,0.0010421567130833864,1,1,0.0010421567130833864,1,7,247.0625,0.010938583117707214,0.03125,0,7410.34375,0,5.395441196690522,0.09654457475615277,0.5141865047077274,14916.875,0.7633238165701771,5541.90625,0.3758493419736624,0.6405431061264286,18736.78125,0.8439718900938694,6155.5,0.46001269668340683,0.01728936731079121,0.41088355604478544,12151.9375,0.7272715127212857,5355.125,6.07669073343277,0,0,1.4977942988328343,0.6615405078889395,0,5.428633585034181,0.09773865841740635,,,,,,,,,,,,,,,,0.3203125,1874,2048,1080.36328125,1290.1171875,230,230,4096,4096,4096,13.307369610993192,7.585085752012674,,,,,,,,,1,-0.7142857142857143,0.26122747925585343,0,0,1,,,,,,0.6534026265144348,0.019207099452614784,0.3402562141418457,0.007021219003945589,0.9985699653625488,,,,,,,,,,,,,0.005125249968841672,0.001112663979483841,0.00021173997083678842,0.5849348289775662,0.062009024091594256,0.00263732997700572,0.052890149992890656,0.0033766638575798424,0.0005055299843661487,0,0,0,,,,,1,0.51171875,0,131
59,8794.999279716,1788901408.3617554,0.6328125,1.734723475976807e-18,126.21906089782715,0.11724010109901428,1,-0.7142857313156128,0.25,0.4130058288574219,0.003083606483414769,1.0082521438598633,0.9888283014297485,0.947113037109375,0,0,0.01192220114171505,0.0006252576131373644,1.0006253719329834,0.0849822461605072,-0.01878105103969574,-0.018438786268234253,0.011294715106487274,0.0006252576131373644,1,1,0.0006252576131373644,1,7,291.625,0.012686099236182682,0.03125,0,8642.90625,0,6.526213357834308,0.04536973554994931,0.5022833773524567,16995.25,0.7474211059116562,6331.34375,0.3858120460063219,0.6350450644931749,21652.40625,0.8328512749602928,7083.375,0.46431494131684303,0.021674694753162978,0.4050514326815095,13938.875,0.7178386717973486,6161.34375,7.1430783867836,0,0,1.5130447648788632,0.6353318093479797,0,6.368987946612272,0.04957067711854323,,,,,,,,,,,,,,,,0.25390625,1883,2048,1069.62890625,1275.08984375,178,178,4096,4096,4096,13.284128801024053,8.460042034974322,,,,,,,,,1,-1,0.351744921492718,0,0,1,,,,,,0.789093017578125,0.01983642764389515,0.29782891273498535,0.0072258831933140755,0.9985328912734985,,,,,,,,,,,,,0.004655299999285489,0.0010207028931290552,0.00017938000382855535,0.5723988579702564,0.05751151332106019,0.005109199963044375,0.008351259923074394,0.0028860277707281057,0.0004992999602109194,0,0,0,,,,,1,0.6328125,0,162
60,8927.073535279,1788901545.7611673,0.515625,1.1275702593849246e-17,126.25909900665283,0.24237588047981262,1,-1,0.5,0.422075092792511,0.0032310783863067627,1.0089855194091797,0.9874628782272339,0.9180598258972168,0,0,0.013236355036497116,0.0009109801612794399,1.0009113550186157,0.20599329471588135,0.04181154444813728,0.03954363614320755,0.012695236131548882,0.0009109801612794399,1,1,0.0009109801612794399,1,7.0625,310.0625,0.013762190081737487,0.03125,0,8557.03125,0,9.575108638106505,0.05001718019711919,0.5060181361644372,16990.34375,0.7514923904290554,6318.6875,0.37977741938084364,0.6341713209540638,21502.75,0.8336439688756583,7044.3125,0.45572568103671074,0.024342690284586927,0.4077030422159,13868.71875,0.7207312736475204,6120.59375,7.513256013393402,0.0625,0,1.543908854055775,0.6459960279874787,0,8.683241778940495,0.051578193286910184,,,,,,,,,,,,,,,,0.328125,1910,2048,1117.98828125,1337.57421875,265,265,4096,4096,4096,13.48258201702265,8.533937592990696,,,,,,,,,0.8571428571428572,-1,0.331200660553418,0,0,1,,,,,,1.4013338088989258,0.019737539812922478,0.4189577102661133,0.007151850499212742,0.9985580444335938,,,,,,,,,,,,,0.007374999986495823,0.0011542349366209237,0.00021190900588408113,0.5832704789936543,0.06139696760578772,0.0027265999815426767,0.0466869689989835,0.0031349708426660072,0.0005078499671071768,0,0,0,,,,,1,0.515625,0,132
61,9054.967217263,1788901677.769167,0.65234375,2.0816681711721685e-17,120.93867921829224,0.191603422164917,0.8571428656578064,-1,0.46875,0.41755396127700806,0.0032133711501955986,1.007615089416504,0.9890221357345581,0.9185714721679688,0,0,0.01148226484656334,0.0009886606130748987,1.0009890794754028,0.18845704197883606,0.0025527803227305412,0.0023967146407812834,0.011078676208853722,0.0009886606130748987,1,1,0.0009886606130748987,1,7.0625,304.65625,0.01223212266178281,0.03125,0,8943.90625,0,7.156925916194675,0.07908061417751121,0.5022700543727736,17691.78125,0.7465200024522822,6582.4375,0.4223061865195632,0.6341339030390349,22469.15625,0.8313468266662933,7353.65625,0.4654843434691429,0.02252960141927285,0.4025350602882477,14374.96875,0.7135704305326867,6355.5,7.410716414451599,0.0625,0,1.572688987241962,0.6587152636640431,0,7.2263140823787335,0.08187777522949533,,,,,,,,,,,,,,,,0.25390625,1913,2048,1027.328125,1204.31640625,195,195,4096,4096,4096,12.627672753005754,8.241200149001088,,,,,,,,,1,-1,0.3123724229381411,0,0,1,,,,,,0.7194342613220215,0.019565077498555183,0.2185525894165039,0.007062188349664211,0.9985697865486145,,,,,,,,,,,,,0.050756048993207514,0.0011313180798424582,0.0001830799737945199,0.5728072089841589,0.05077526421951006,0.0029073799960315228,0.007460359949618578,0.002659435505847796,0.00048364000394940376,0,0,0,,,,,1,0.65234375,0,167
62,9188.167153403,1788901805.5919883,0.62109375,9.974659986866641e-18,116.87337684631348,0.19139200448989868,1,-1,0.5,0.4133322238922119,0.002629294525831938,1.0074396133422852,0.9899028539657593,0.9611024856567383,0,0,0.01092235092073679,0.0008058941457420588,1.000806212425232,0.18238422274589539,0.030575992539525032,0.029964718967676163,0.010195421054959297,0.0008058941457420588,1,1,0.0008058941457420588,1,7.03125,260.9375,0.011367323900907523,0.03125,0,8218.625,0,12.908058429626259,0.09001763371203739,0.5001768477498794,16066.75,0.7436188827434647,5978.71875,0.3599623888731003,0.6320155978849722,20495.34375,0.8286116914580328,6699.15625,0.44235625118017197,0.020203827695220243,0.3973268859155533,13012.4375,0.7068481452782629,5766.375,6.770534038543701,0.03125,0,1.5111575542822924,0.6596217416764085,0,12.874994166822667,0.0962238489774786,,,,,,,,,,,,,,,,0.25,1874,2048,980.09375,1143.4765625,237,237,4096,4096,4096,12.401150227990001,8.138981131021865,,,,,,,,,1,-1,0.2890431081471187,0,0,1,,,,,,1.1221837997436523,0.0196915864944458,0.2191615104675293,0.0072044194675982,0.9985337257385254,,,,,,,,,,,,,0.004904509987682104,0.000993456818832783,0.00019196997163817286,0.5557991290115751,0.051403253676426175,0.0045820100349374115,0.009386129037011415,0.002402464375791169,0.0004469600389711559,0,0,0,,,,,1,0.62109375,0,159
63,9327.304332778,1788901938.907068,0.52734375,6.938893903907228e-18,122.30388689041138,0.1590319275856018,1,-1,0.46875,0.4105033278465271,0.0024973764084279537,1.006739616394043,0.9907567501068115,0.9119324684143066,0,0,0.010382181033492088,0.0006635872414335608,1.0006638765335083,0.2114274650812149,0.013568359427154064,0.013271462172269821,0.009348412975668907,0.0006635872414335608,1,1,0.0006635872414335608,1,7.03125,232.40625,0.01065899945635717,0.03125,0,7840.75,0,6.724031844219008,0.15953135733065305,0.501733596137119,15566.9375,0.7462235751390928,5790.875,0.3888718895614147,0.6366574863988765,19841.125,0.8331200220702916,6482.6875,0.46434191800653934,0.019582011052508036,0.39090023399476503,12402,0.699501706432046,5514.5,6.181903660297394,0.03125,0,1.552767768206018,0.6545475673879712,0,6.203609778884363,0.1661373797557093,,,,,,,,,,,,,,,,0.3125,1913,2048,1052.890625,1235.83203125,211,211,4096,4096,4096,12.715739301987924,7.986009564017877,,,,,,,,,1,-1,0.2934227986634818,0,0,1,,,,,,1.0572562217712402,0.019718950614333153,0.19952774047851562,0.00721043860539794,0.9985422492027283,,,,,,,,,,,,,0.004895149962976575,0.0009950182663942542,0.00018040998838841915,0.6012730480288155,0.0716712746407211,0.007072389998938888,0.053636847995221615,0.0028352278404781828,0.0004632299533113837,0,0,0,,,,,1,0.52734375,0,135
64,9460.441307793,1788902077.762923,0.42578125,4.336808689942018e-18,127.91587018966675,0.14320731163024902,1,-1,0.34375,0.4248776435852051,0.002999568823724985,1.0070180892944336,0.9898552894592285,0.9522948265075684,0,0,0.011038897559046745,0.0010003747884184122,1.0010008811950684,0.15716052055358887,-0.016175175085663795,-0.015842724591493607,0.010245954617857933,0.0010003747884184122,1,1,0.0010003747884184122,1,7,274.125,0.011437797328367603,0.03125,0,8423.125,0,6.883905488375392,0.11208345942264591,0.5102018234297715,16753.6875,0.757448830998039,6231.28125,0.3814411908388138,0.6397440335625866,21280.03125,0.8405757079048478,6964.3125,0.4931328259408474,0.02004890677780377,0.4068636494488401,13628.71875,0.7232777241145716,6035.125,6.9685879945755005,0,0,1.4978814298002936,0.6369575356187929,0,6.93859772545027,0.11872144676961097,,,,,,,,,,,,,,,,0.38671875,1939,2048,1257.12890625,1479.08984375,302,302,4096,4096,4096,13.846328729996458,8.224239579983987,,,,,,,,,1,-1,0.3282995769794685,0,0,1,,,,,,1.3303802013397217,0.019409900531172752,0.4934227466583252,0.007056973874568939,0.998555600643158,,,,,,,,,,,,,0.006049910036381334,0.001082132112742329,0.0001860699849203229,0.6519232869613916,0.06561809767481463,0.00246992998290807,0.010994549025781453,0.0032220283553670015,0.0005478700040839612,0,0,0,,,,,1,0.42578125,0,109
65,9589.84890772,1788902210.8164797,0.44140625,1.214306433183765e-17,122.33464455604553,0.19264903664588928,1,-1,0.46875,0.40319377183914185,0.0030465933959931135,1.004532814025879,0.9893227815628052,0.949772834777832,0,0,0.010992918163537979,0.0009364961879327893,1.0009368658065796,0.22253012657165527,0.010338693857192993,0.010163946077227592,0.010761477053165436,0.0009364961879327893,1,1,0.0009364961879327893,1,7.0625,333.71875,0.011805725401897733,0.03125,0,10057.03125,0,13.250827947635337,0.044517045163013934,0.49759509735340623,19816.75,0.7406994810769539,7378.75,0.4433421827852726,0.6328614148113375,25308.1875,0.8280726193202437,8265.65625,0.4518856666982174,0.021755380512887168,0.3994045248174162,16032.59375,0.7095131168033362,7107.875,8.24006175994873,0.0625,0,1.5606686389342699,0.6363253368548558,0,14.105620286524317,0.04856535581368612,,,,,,,,,,,,,,,,0.38671875,1910,2048,1099.984375,1294.64453125,174,174,4096,4096,4096,12.93817100400338,7.878324905992486,,,,,,,,,1,-1,0.29558830995083657,0,0,1,,,,,,0.7324416637420654,0.019811274483799934,0.20947265625,0.007184172049164772,0.9985467195510864,,,,,,,,,,,,,0.006867579999379814,0.001082962972986934,0.0001968299620784819,0.559170869004447,0.058094305601798624,0.0022785699693486094,0.009259429993107915,0.0028213618177233,0.000397859956137836,0,0,0,,,,,1,0.44140625,0,113
66,9727.548960057,1788902340.3123913,0.7109375,8.673617379884035e-18,118.6774046421051,0.16753269731998444,1,-1,0.4375,0.4181618094444275,0.003760676831007004,1.007004737854004,0.9899584054946899,0.9640898704528809,0,0,0.010766848921775818,0.0007076433394104242,1.0007078647613525,0.17716315388679504,0.009828860871493816,0.009146308526396751,0.010135918855667114,0.0007076433394104242,1,1,0.0007076433394104242,1,7,294.21875,0.011485611220516664,0.03125,0,8799.875,0,6.160175522662395,0.0945169874033186,0.5125351479907867,17680.34375,0.7620170613726696,6581.59375,0.38067423086613417,0.6438101206335751,22450.09375,0.8451577498125429,7342.84375,0.47143543511629105,0.017397180057326492,0.40499580807532176,14198.3125,0.7221501150667816,6302.75,6.45581978559494,0,0,1.49844890628287,0.6184793614256268,0,6.052310879552671,0.09786535594373061,,,,,,,,,,,,,,,,0.1796875,1874,2048,994.28125,1130.30078125,244,244,4096,4096,4096,12.313865509000607,7.8215767099754885,,,,,,,,,1,-1,0.31743551490412814,0,0,1,,,,,,2.38061785697937,0.020086510106921196,0.4690711498260498,0.007289879024028778,0.9985224604606628,,,,,,,,,,,,,0.004875150043517351,0.0008711572074844298,0.00018546002684161067,0.5654308570083231,0.06505067285661426,0.004257029970176518,0.008568530029151589,0.0024393275195961905,0.000444119970779866,0,0,0,,,,,1,0.7109375,0,182
67,9864.04470849,1788902478.5263536,0.48046875,1.3877787807814457e-17,126.85584592819214,0.17640027403831482,1,-1,0.46875,0.41901886463165283,0.0032950688619166613,1.0061140060424805,0.9927023649215698,0.9590592384338379,0,0,0.008454786613583565,0.0006458136485889554,1.0006459951400757,0.13403084874153137,-0.003033054992556572,-0.0030782008543610573,0.007362062111496925,0.0006458136485889554,1,1,0.0006458136485889554,1,7,244.4375,0.00879998390040631,0.03125,0,7954.25,0,7.326529814789266,0.18508969731773817,0.5140272571887181,16081.0625,0.7635634736912118,5979.15625,0.42417364567518234,0.6467000612242744,20372.96875,0.8480560895246971,6666.25,0.441290482878685,0.01403124421461861,0.39697075483746097,12758.53125,0.712182341968248,5682.625,5.599112451076508,0,0,1.5008854089107322,0.64046803652689,0,7.9355334375533735,0.18922259121286816,,,,,,,,,,,,,,,,0.38671875,1910,2048,1202.0078125,1392.25,253,253,4096,4096,4096,13.298616165993735,7.927759978978429,,,,,,,,,0.8571428571428572,-1,0.30826208038628694,0,0,1,,,,,,0.9034969806671143,0.019544731825590134,0.28940868377685547,0.007140289526432753,0.9985370635986328,,,,,,,,,,,,,0.007254010008182377,0.001123493185332336,0.00016723002772778273,0.5740409370046109,0.05050202431698381,0.0024012300418689847,0.05792648997157812,0.0030774110318816383,0.0005518100224435329,0,0,0,,,,,1,0.48046875,0,123
68,9999.87557006,1788902614.84357,0.45703125,3.469446951953614e-18,125.53572940826416,0.16981378197669983,0.8571428656578064,-1,0.375,0.40842047333717346,0.002508928067982197,1.0067167282104492,0.991534411907196,0.9701476097106934,0,0,0.009094041772186756,0.0006926781497895718,1.0006929636001587,0.15362626314163208,0.0023034177720546722,0.002270460594445467,0.008525798097252846,0.0006926781497895718,1,1,0.0006926781497895718,1,7,316.90625,0.009671594121624098,0.03125,0,9616.0625,0,25.81438871001289,0.11684458348860871,0.5116666448572005,19372.25,0.7602758748994469,7205.46875,0.396824287250638,0.6444480026349956,24612.03125,0.8448683678230705,8045.03125,0.45290712360292673,0.013808991663562854,0.4020844392295298,15484.71875,0.718726676851168,6893.5625,5.948166906833649,0,0,1.4707060593353418,0.6264578013829077,0,19.984241625749533,0.11441018475099786,,,,,,,,,,,,,,,,0.3671875,1910,2048,1168.6640625,1343.296875,290,290,4096,4096,4096,13.325659324997105,8.453955027041957,,,,,,,,,1,-1,0.3224191086654962,0,0,1,,,,,,0.846977710723877,0.019591478630900383,0.419605016708374,0.007158039603382349,0.9985538721084595,,,,,,,,,,,,,0.005093840009067208,0.001069616132781448,0.00019121996592730284,0.5795238069840707,0.05935237498283641,0.003320200019516051,0.0079826699802652,0.0028417436444669875,0.0004321500309742987,0,0,0,,,,,1,0.45703125,0,117
69,10131.528131915,1788902750.783031,0.53515625,5.204170427930421e-18,124.66644883155823,0.19167011976242065,1,-1,0.5,0.4108198583126068,0.0027514242101460695,1.0061836242675781,0.9912992715835571,0.9627418518066406,0,0,0.009229579009115696,0.000607156427577138,1.0006072521209717,0.1856423020362854,0.0019211038015782833,0.001580793410539627,0.008766956627368927,0.000607156427577138,1,1,0.000607156427577138,1,7,292.53125,0.009949058409407659,0.03125,0,9349.3125,0,6.9965041118366615,0.07439532798482415,0.511716127529779,18925.78125,0.7612013230752376,7044.125,0.3913298926781863,0.6461074272016581,24051.25,0.8466414015858108,7865.21875,0.46080805733799934,0.015175701911519977,0.4007117147120204,14997.875,0.7168561399792288,6692.21875,6.3925763964653015,0,0,1.495641940087424,0.6274742957780304,0,7.021421874158426,0.08051303390376326,,,,,,,,,,,,,,,,0.37109375,1939,2048,1168.82421875,1331.4140625,253,253,4096,4096,4096,13.293083945987746,7.944282518001273,,,,,,,,,1,-1,0.2731617596567563,0,0,1,,,,,,0.6942675113677979,0.019401615485548973,0.26218605041503906,0.007086457684636116,0.998550534248352,,,,,,,,,,,,,0.005808430025354028,0.0011383546432170988,0.00020994001533836126,0.6083812460419722,0.0724740044211103,0.003931079991161823,0.05456229904666543,0.002865774290285117,0.00048346898984164,0,0,0,,,,,1,0.53515625,0,137
70,10265.755658871,1788902882.0976837,0.5546875,6.938893903907228e-18,120.39238238334656,0.14769567549228668,1,-1,0.375,0.405330628156662,0.0022229873575270176,1.0099878311157227,0.9907845258712769,0.9519214630126953,0,0,0.009930236265063286,0.00042480439879000187,1.000424861907959,0.13768772780895233,0.03007371351122856,0.02948867902159691,0.009289704263210297,0.00042480439879000187,1,1,0.00042480439879000187,1,7,282.6875,0.010485772026780627,0.03125,0,9350.59375,0,34.26397118779197,0.09048976034941567,0.5097901617311111,18874.375,0.7579462536337913,7025.65625,0.3945015259087086,0.645729333123137,24051.65625,0.8451646732486362,7858.78125,0.49158016964793205,0.01643398408934091,0.39741436900749344,14948.4375,0.71319761204909,6684.84375,6.543522000312805,0,0,1.5338071767402952,0.6415457256588238,0,29.84117582490118,0.0976776069837196,,,,,,,,,,,,,,,,0.27734375,2048,2048,1034.92578125,1165.8125,241,241,4096,4096,4096,12.831204866000917,8.32910625898512,,,,,,,,,1,-1,0.23957871187497748,0,0,1,,,,,,0.8354905843734741,0.01979195885360241,0.33317089080810547,0.0071770865470170975,0.99854975938797,,,,,,,,,,,,,0.00468104996252805,0.0010851517376977426,0.00017367000691592693,0.12225357705028728,0.03934192442534368,0.006840729969553649,0.010243730037473142,0.002152397060626754,0,0,0,0,,,,,1,0.5546875,0,142
71,10398.814341368,1788903016.1108088,0.515625,6.938893903907228e-18,123.30157995223999,0.10345657914876938,1,-1,0.25,0.4174765348434448,0.0021330357994884253,1.0064506530761719,0.9937542676925659,0.9700956344604492,0,0,0.007312905043363571,0.00047810119576752186,1.0004782676696777,0.08151014894247055,-0.009302999824285507,-0.00921560823917389,0.006292521022260189,0.00047810119576752186,1,1,0.00047810119576752186,1,7.0625,216.25,0.0076294670715534064,0.03125,0,8279.40625,0,7.629275526635036,0.14474156393018967,0.5167974078857458,16841.09375,0.7687558404713781,6274.0625,0.3724933182820678,0.6515593891567786,21456.625,0.8543343554644086,7011.125,0.5134663116186857,0.01246641305898791,0.39307272547391436,13042.09375,0.7104259615117597,5865.21875,5.465662479400635,0.0625,0,1.5582103461544097,0.6260271701644532,0,7.512189194851311,0.14822744109471536,,,,,,,,,,,,,,,,0.359375,1938,2048,1098.26171875,1251.90234375,208,208,4096,4096,4096,12.879566364979837,8.065534466004465,,,,,,,,,1,-1,0.2672612419124244,0,0,1,,,,,,1.0532736778259277,0.019677547737956047,0.36239075660705566,0.007142460905015469,0.9985616207122803,,,,,,,,,,,,,0.007873769965954125,0.0010279801269916788,0.00017552002100273967,0.5682341070496477,0.05148166854905867,0.0025239299866370857,0.05609986901981756,0.0026953798499107506,0.00041566998697817326,0,0,0,,,,,1,0.515625,0,132
72,10534.098367427,1788903149.4837432,0.625,3.469446951953614e-18,122.32414746284485,0.1293836086988449,1,-1,0.34375,0.4087076187133789,0.0021294797770678997,1.0061302185058594,0.9930155277252197,0.9676389694213867,0,0,0.007817238569259644,0.0005482512060552835,1.0005483627319336,0.14358356595039368,0.014279366470873356,0.01419852115213871,0.007035604678094387,0.0005482512060552835,1,1,0.0005482512060552835,1,6.96875,256.5,0.008399322075018782,0.03125,0,8786.09375,0,6.166872632612018,0.19808585346758972,0.5188084640988192,18011.34375,0.7714591520564466,6703.1875,0.40146664902567863,0.6528110274173746,22833.90625,0.8563443519759866,7472.46875,0.5122067928314209,0.01234081890680325,0.39543269060525327,14047.65625,0.7147430987772629,6305.125,5.070548057556152,0,0,1.4875703834355218,0.6155408783866265,0,6.044009890555572,0.2038310792262591,,,,,,,,,,,,,,,,0.25,1939,2048,1096.22265625,1228.96484375,265,265,4096,4096,4096,12.559267012984492,7.984939447022043,,,,,,,,,0.8571428571428572,-1,0.30514299090419755,0,0,1,,,,,,0.837337851524353,0.01992153376340866,0.37993621826171875,0.007256736047565937,0.9985490441322327,,,,,,,,,,,,,0.005019309988711029,0.0009750027577410947,0.00017761997878551483,0.5920422959607095,0.06471525655092591,0.004999400000087917,0.007059618015773594,0.002412346226265072,0.00049076002324,0,0,0,,,,,1,0.625,0,160
73,10667.911642691,1788903284.3432744,0.51953125,0,124.27220439910889,0.1710442751646042,0.8571428656578064,-1,0.40625,0.4165068566799164,0.00257450295612216,1.0063915252685547,0.9923449754714966,0.9684414863586426,0,0,0.008289472199976444,0.0006041813176125288,1.0006043910980225,0.11275868117809296,0.005720611661672592,0.00549740856513381,0.007709132507443428,0.0006041813176125288,1,1,0.0006041813176125288,1,7.03125,255.21875,0.008910606508434525,0.03125,0,8769.78125,0,7.8336946052598515,0.09750296575654196,0.5200370495954849,17972.46875,0.7738236889872325,6695.6875,0.38188228383660316,0.6513256408002744,22691.40625,0.8557934804174121,7436.40625,0.4520333334803581,0.013778411627733692,0.400305745593312,14043.6875,0.7209523461514866,6302.4375,6.336390018463135,0.03125,0,1.4981048296308572,0.6582468860304349,0,7.6569618764228995,0.0975213022707461,,,,,,,,,,,,,,,,0.3203125,2048,2048,1133.5703125,1285.1875,293,293,4096,4096,4096,12.882242452993523,8.097539672977291,,,,,,,,,0.8571428571428572,-1,0.3123724229381411,0,0,1,,,,,,0.889052152633667,0.01977764628827572,0.2707085609436035,0.007190611679106951,0.9985476136207581,,,,,,,,,,,,,0.041515019023790956,0.0010319842936041823,0.00018421997083351016,0.5684671369963326,0.04529139173837393,0.004658550024032593,0.007347280043177307,0.0023183500820778136,0,0,0,0,,,,,1,0.51953125,0,133
74,10801.073891329,1788903418.1261988,0.63671875,6.938893903907228e-18,123.23856520652771,0.17991642653942108,0.8571428656578064,-1,0.4375,0.41231846809387207,0.002637965837493539,1.0073051452636719,0.9923639893531799,0.9718823432922363,0,0,0.008285063318908215,0.0006493915570899844,1.0006495714187622,0.1072809249162674,0.012249520979821682,0.012140356004238129,0.007687825709581375,0.0006493915570899844,1,1,0.0006493915570899844,1,7,261.40625,0.00892692240138019,0.03125,0,9068.5625,0,7.59809047944686,0.09447681534170294,0.5185253402334857,18586.625,0.7709925785966966,6915.3125,0.3814805271103978,0.6511245248038106,23491.96875,0.8548771085253873,7694.15625,0.48797671403735876,0.012850057398200884,0.3989879905807455,14515.40625,0.7188944587793773,6516.1875,5.84222012758255,0,0,1.5077772060561738,0.625419645960757,0,7.70455973297465,0.10005153988460011,,,,,,,,,,,,,,,,0.29296875,2048,2048,1110.9609375,1280.5234375,232,232,4096,4096,4096,12.963762572035193,7.780004400003236,,,,,,,,,1,-1,0.2977380714380905,0,0,1,,,,,,1.0565276145935059,0.019489094614982605,0.26162290573120117,0.00711375568062067,0.9985557794570923,,,,,,,,,,,,,0.04832397901918739,0.0011386653893623588,0.0001874599838629365,0.5668704570271075,0.04445835412434462,0.003957709996029735,0.011760391003917903,0.002590595861647671,0,0,0,0,,,,,1,0.63671875,0,163
75,10934.849614223,1788903551.5692635,0.57421875,0,122.61631774902344,0.18137836456298828,1,-1,0.4375,0.40828031301498413,0.002075781114399433,1.0077037811279297,0.991888165473938,0.9362802505493164,0,0,0.008905835449695587,0.00031723908614367247,1.0003173351287842,0.12692536413669586,0.042581718415021896,0.04184846207499504,0.008181281387805939,0.00031723908614367247,1,1,0.00031723908614367247,1,7,268.09375,0.009502806944642277,0.03125,0,8887.6875,0,8.6532769394777,0.10424173589811274,0.5185850167662052,18184.90625,0.7711649698531565,6769.5,0.40928552858531475,0.6523342058467294,23071.625,0.8556107933958296,7544.5,0.5112420357763767,0.013524425540792803,0.39951771102696143,14226.90625,0.7194445564186736,6382.6875,5.524944365024567,0,0,1.5096048192358613,0.6290642533304986,0,8.823423904472683,0.10676353285876308,,,,,,,,,,,,,,,,0.265625,1961,2048,1113.15625,1254.9296875,187,187,4096,4096,4096,12.727197046973743,7.758152111025993,,,,,,,,,0.8571428571428572,-1,0.26845172104237336,0,0,1,,,,,,3.4432830810546875,0.02010839432477951,0.9455713033676147,0.007284349296241999,0.998504102230072,,,,,,,,,,,,,0.0040043689659796655,0.0010028454496477934,0.00018517998978495598,0.5655482970178127,0.04016554638883463,0.00256609998177737,0.009746559022460133,0.0024543304293729307,0.0004841699847020209,0,0,0,,,,,1,0.57421875,0,147
76,11066.160310141,1788903685.3163023,0.66796875,1.734723475976807e-18,122.8835518360138,0.13565583527088165,0.8571428656578064,-1,0.3125,0.42031943798065186,0.0026507789734750986,1.008993148803711,0.9926619529724121,0.9732489585876465,0,0,0.00808088667690754,0.0005919798277318478,1.0005921125411987,0.09157416969537735,-0.00014662090688943863,-7.42967240512371e-05,0.007387475110590458,0.0005919798277318478,1,1,0.0005919798277318478,1,7.09375,264.65625,0.008722798349520475,0.03125,0,8905.25,0,43.98948486026108,0.11719828007568116,0.5258023438656697,18475.34375,0.7799713132276298,6865.875,0.5457935663871467,0.6560088371207273,23298.1875,0.8624746230764162,7632.78125,0.45010031573474407,0.013257115582844845,0.4048210875953688,14383,0.72892491117674,6457.09375,5.714955687522888,0.125,0,1.628984037119694,0.6152821787042007,0,36.01798863051104,0.1198550535674317,,,,,,,,,,,,,,,,0.2421875,1911,2048,1082.70703125,1218.2421875,238,238,4096,4096,4096,12.714125696977135,7.870335737999994,,,,,,,,,1,-1,0.27548658250966984,0,0,1,,,,,,3.766348123550415,0.01956767961382866,0.9389950037002563,0.007115262560546398,0.9984780550003052,,,,,,,,,,,,,0.004343150008935481,0.0008557907046906621,0.0001833600108511746,0.6093813460320234,0.046622126506463246,0.0031351999496109784,0.054850758984684944,0.002657899295400057,0.0004156299983151257,0,0,0,,,,,1,0.66796875,0,171
77,11205.826787859,1788903816.793994,0.59375,1.214306433183765e-17,120.5719199180603,0.14292405545711517,1,-1,0.34375,0.40360063314437866,0.002040847670286894,1.0062055587768555,0.9933351278305054,0.9705944061279297,0,0,0.007475835271179676,0.00039716530591249466,1.0003972053527832,0.10177940130233765,0.0075655607506632805,0.007124781142920256,0.006709224544465542,0.00039716530591249466,1,1,0.00039716530591249466,1,7.09375,246.5625,0.007831493305772156,0.03125,0,8661.65625,0,6.558059108455354,0.13916920633590824,0.518953483082037,17671.125,0.7715694357735912,6582.40625,0.7045833139563911,0.6543382725046976,22516.5,0.8578838425581672,7358.96875,0.514570577070117,0.010849109773804839,0.39608551144452897,13720.8125,0.7158518252547733,6174.96875,4.808116912841797,0.125,0,1.5902231502406163,0.5876444798500636,0,6.8897631744249725,0.13735673124653214,,,,,,,,,,,,,,,,0.296875,1913,2048,1068.984375,1204.05078125,219,219,4096,4096,4096,12.675434767035767,7.933670965954661,,,,,,,,,0.8571428571428572,-1,0.24222607082590245,0,0,1,,,,,,1.2441928386688232,0.019417645409703255,0.44861602783203125,0.007090342231094837,0.9985426664352417,,,,,,,,,,,,,0.0052055990090593696,0.0008901455321392859,0.00020656001288443804,0.12335142696974799,0.049421535871715605,0.005374700005631894,0.006738710042554885,0.0021836698781498853,0.0005406200070865452,0,0,0,,,,,1,0.59375,0,152
78,11339.417337288,1788903956.2991128,0.5625,0,128.6848955154419,0.110435351729393,0.8571428656578064,-1,0.28125,0.403582364320755,0.0025814000982791185,1.006342887878418,0.9932848215103149,0.9706459045410156,0,0,0.007534591946750879,0.0003146255621686578,1.000314712524414,0.0809602290391922,0.0037986459210515022,0.0035608485341072083,0.006762702018022537,0.0003146255621686578,1,1,0.0003146255621686578,1,7.09375,240.0625,0.007895890923006235,0.03125,0,8551.875,0,6.802261327838613,0.1802219044259023,0.521937340172108,17594.625,0.7761518934217162,6555.1875,0.3829886205494404,0.6564784163643063,22323.875,0.8609156029678873,7306.21875,0.5077374838292599,0.010671801583266693,0.39591258826778586,13600.5625,0.7181283678173773,6136.90625,4.688494145870209,0.09375,0,1.6174917202361763,0.6301568989532782,0,6.225534502481519,0.18466147769288793,,,,,,,,,,,,,,,,0.35546875,1939,2048,1280.5390625,1454.27734375,276,276,4096,4096,4096,13.698568494000938,7.999173305986915,,,,,,,,,1,-1,0.2600039246171614,0,0,1,,,,,,3.5059432983398438,0.01885475590825081,0.8811076879501343,0.006901247426867485,0.9985228180885315,,,,,,,,,,,,,0.0418456889456138,0.0011118789493593795,0.00018641998758539557,0.600651896034833,0.07063808806515226,0.00353460997575894,0.013029610039666295,0.002748862081034531,0.0005328499828465283,0,0,0,,,,,1,0.5625,0,144
79,11477.334649945,1788904089.714766,0.74609375,0,122.75168991088867,0.12013886123895645,1,-1,0.28125,0.39279964566230774,0.0022019478492438793,1.0058908462524414,0.9920194149017334,0.9698896408081055,0,0,0.008405028842389584,0.0004074987955391407,1.0004075765609741,0.11496616899967194,0.0009396120440214872,0.0009140092879533768,0.008030137978494167,0.0004074987955391407,1,1,0.0004074987955391407,1,7.03125,297.78125,0.009082110169677932,0.03125,0,10244.3125,0,14.88131739423142,0.06708811489814386,0.5173943666674257,20899.3125,0.7701701623758828,7791.625,0.6487763019977137,0.6546555606452458,26711.15625,0.8570967013562348,8717.84375,0.5363991744816303,0.012834252573297292,0.3970955222765742,16175.25,0.7188946632664416,7312.875,5.766975104808807,0.03125,0,1.614890640334556,0.5722613166106509,0,15.132916333018635,0.07562647718526372,,,,,,,,,,,,,,,,0.1875,1938,2048,1007.8984375,1118.64453125,274,274,4096,4096,4096,12.211704847984947,7.919017527019605,,,,,,,,,0.5714285714285714,-1,0.24090602791485788,0,0,1,,,,,,1.503600835800171,0.019474290311336517,0.30216264724731445,0.007130124606192112,0.9985169768333435,,,,,,,,,,,,,0.005637330003082752,0.0009534386947507301,0.0001757699646987021,0.592559707001783,0.05716577348584906,0.005073190026450902,0.008528859994839877,0.002455206012882627,0.0004122100071981549,0,0,0,,,,,1,0.74609375,0,191
80,11613.309016006,1788904227.8594944,0.44140625,5.204170427930421e-18,127.23424124717712,0.10449597239494324,0.5714285969734192,-1,0.25,0.4010731279850006,0.0019043863285332918,1.0054149627685547,0.9933854937553406,0.9625334739685059,0,0,0.007412806153297424,0.0003871076041832566,1.000387191772461,0.0527438186109066,0.002402310958132148,0.0023855394683778286,0.006665794178843498,0.0003871076041832566,1,1,0.0003871076041832566,1,7.03125,208.9375,0.007731187794327291,0.03125,0,8063.1875,0,6.123049605495261,0.18609112038606698,0.5209130153699866,16636.71875,0.774811130798994,6195.5,0.4591261895839125,0.6562946548200208,21122.625,0.8611643265150037,6914.25,0.46359076350927353,0.012229883017745543,0.38948549713539604,12648.84375,0.7110533576574719,5748.40625,5.3349562883377075,0.0625,0,1.5462968785889384,0.6121323184184408,0,5.425423919702162,0.19356842834705365,,,,,,,,,,,,,,,,0.43359375,1961,2048,1219.29296875,1383.6171875,303,303,4096,4096,4096,13.580343017994892,7.703773322980851,,,,,,,,,1,-1,0.21279241585380332,0,0,1,,,,,,2.971863269805908,0.018741583451628685,0.6544358730316162,0.0068480283953249454,0.9985343813896179,,,,,,,,,,,,,0.006978318968322128,0.001005190524210775,0.0002176400157622993,0.5998070770292543,0.0545438671795182,0.004720120050478727,0.009403599018696696,0.0023825697189749917,0.00040936999721452594,0,0,0,,,,,1,0.44140625,0,113
81,11752.463608867,1788904364.207897,0.60546875,1.734723475976807e-18,125.08488440513611,0.08208274841308594,1,-1,0.21875,0.38836145401000977,0.0014960679691284895,1.0053224563598633,0.9934520721435547,0.9707860946655273,0,0,0.007288591004908085,0.0002534112427383661,1.000253438949585,0.11618272215127945,0.006040186621248722,0.005951558239758015,0.00659228814765811,0.0002534112427383661,1,1,0.0002534112427383661,1,7.0625,257.03125,0.0076697460327081095,0.03125,0,9754.34375,0,5.585499621102777,0.10378723820229523,0.514882262029486,19878.9375,0.7666017723864684,7411.125,0.5538145746104419,0.655941687364172,25521.40625,0.8568024096243244,8317.03125,0.513840489089489,0.012448146206849238,0.38668017774401386,15167.5625,0.7057174929394814,6895.15625,6.878447353839874,0.0625,0,2.1454094576996736,0.6269287082473363,0,5.647204721529828,0.110023594695067,,,,,,,,,,,,,,,,0.2578125,1961,2048,1185.7578125,1324.72265625,291,291,4096,4096,4096,13.243858628033195,7.914876144030131,,,,,,,,,1,-1,0.29558830995083657,0,0,1,,,,,,2.5341386795043945,0.019132304936647415,0.8781777024269104,0.007052167318761349,0.9984793663024902,,,,,,,,,,,,,0.004511879989877343,0.0010277023789058148,0.00018353003542870283,0.576676597003825,0.05553673149393035,0.005363870004657656,0.008988368033897132,0.002427398275131054,0.0004954999894835055,0,0,0,,,,,1,0.60546875,0,155
82,11887.520997639,1788904503.1676495,0.421875,1.734723475976807e-18,127.97337579727173,0.15696266293525696,1,-1,0.375,0.3917640745639801,0.0018794989446178079,1.0066041946411133,0.9937634468078613,0.9722533226013184,0,0,0.006924069952219725,0.0005517471581697464,1.0005519390106201,0.12769556045532227,0.017065539956092834,0.01695353537797928,0.006288288161158562,0.0005517471581697464,1,1,0.0005517471581697464,1,7.125,253.21875,0.007458033506365837,0.03125,0,9486.0625,0,11.78685980150172,0.1494099914695393,0.5181540020119866,19477.84375,0.7710246871314719,7256.625,0.5784992092521861,0.6574534154655626,24853.375,0.8596773116700764,8114.09375,0.5567611362785101,0.011777025191032187,0.3909139366669838,14886.09375,0.7115900704821086,6751.75,6.27898108959198,0.125,0,1.7241250903430922,0.5621900511015364,0,11.150934352501373,0.14762090847303636,,,,,,,,,,,,,,,,0.3984375,1939,2048,1273.6484375,1446.3046875,298,298,4096,4096,4096,13.840982941968832,8.401566833024845,,,,,,,,,1,-1,0.2901442287369986,0,0,1,,,,,,1.173302173614502,0.01897154562175274,0.3891329765319824,0.00696092052385211,0.9985376000404358,,,,,,,,,,,,,0.006589819968212396,0.0010821736993875675,0.00021408003522083163,0.09774628799641505,0.03861636577721583,0.006086409965064377,0.009405740012880415,0.00279328221608921,0.0004686799948103726,0,0,0,,,,,1,0.421875,0,108
83,12016.502822855,1788904638.0807266,0.5078125,3.469446951953614e-18,124.02176308631897,0.14828267693519592,1,-1,0.34375,0.39083242416381836,0.002263199770823121,1.0058050155639648,0.9924877882003784,0.9661149978637695,0,0,0.008065206930041313,0.0005510800983756781,1.0005512237548828,0.19464096426963806,0.00222680252045393,0.002132877241820097,0.0075597865507006645,0.0005510800983756781,1,1,0.0005510800983756781,1,7.0625,286.5625,0.008635990523457666,0.03125,0,10189.1875,0,48.56380765042506,0.07906920278309698,0.5201402685009733,21005.625,0.7743296971533346,7825.75,0.4957013186067343,0.6585489932038364,26754.84375,0.8616643572365704,8736.78125,0.516764435917139,0.012502249252923654,0.39560961137178885,16145.75,0.7182110459452659,7313.5625,5.574928045272827,0.0625,0,1.6027186923513856,0.5895747077110446,0,56.82573597741498,0.08167439697105562,,,,,,,,,,,,,,,,0.30859375,1961,2048,1178.79296875,1313.24609375,301,301,4096,4096,4096,13.089568458963186,7.989187672035769,,,,,,,,,0.8571428571428572,-1,0.24743582965269675,0,0,1,,,,,,6.539646625518799,0.01977243460714817,0.5699245929718018,0.007235484663397074,0.9984703660011292,,,,,,,,,,,,,0.004851379024330527,0.0009230868663507863,0.00020927999867126346,0.5579933180124499,0.051402571857352086,0.006187999970279634,0.00875167001504451,0.00231036328477785,0.0005215900018811226,0,0,0,,,,,1,0.5078125,0,130
84,12148.319781729,1788904766.9768243,0.671875,6.938893903907228e-18,118.06933569908142,0.12492068111896515,0.8571428656578064,-1,0.28125,0.4017196297645569,0.0023901828099042177,1.0067405700683594,0.9931580424308777,0.9694619178771973,0,0,0.007384569384157658,0.00026980892289429903,1.000269889831543,0.07429520785808563,0.016665788367390633,0.01656506583094597,0.0068843127228319645,0.00026980892289429903,1,1,0.00026980892289429903,1,7.09375,261.625,0.008148063388059696,0.03125,0,9430.34375,0,8.547363717964608,0.06909042470127091,0.5225617796532472,19580.25,0.7768202382561582,7287.875,0.880789265036583,0.6567320717925587,24723.28125,0.8614814233491525,8099.84375,0.47935062646865845,0.01160807768508227,0.3968176088238523,15015.1875,0.7193960134394783,6788.1875,5.736778676509857,0.09375,0,2.099626802722743,0.5612723827394124,0,9.046370966457744,0.0765161262750138,,,,,,,,,,,,,,,,0.19140625,1938,2048,978.1875,1075.2421875,275,275,4096,4096,4096,11.302685028000269,7.961180503014475,,,,,,,,,1,-1,0.29450754468697576,0,0,1,,,,,,4.121173858642578,0.019858306273818016,0.7216353416442871,0.007298084441572428,0.998424768447876,,,,,,,,,,,,,0.005747160001192242,0.0009687006572676182,0.0001934499596245587,0.14841805602191016,0.04961185497495535,0.007701800030190498,0.0068711909698322415,0.00217602530460681,0.0005073400097899139,0,0,0,,,,,1,0.671875,0,172
85,12282.41401423,1788904898.7381814,0.62890625,1.3010426069826053e-18,120.94935488700867,0.15457826852798462,1,-1,0.40625,0.40138450264930725,0.0023181040305644274,1.0073108673095703,0.9955981373786926,0.9719648361206055,0,0,0.005711755715310574,0.00048480124678462744,1.0004849433898926,0.11992533504962921,-0.004276454448699951,-0.004204107914119959,0.004430731758475304,0.00048480124678462744,1,1,0.00048480124678462744,1,7.09375,185.65625,0.005911525263342631,0.03125,0,7825.5,0,4.611497948775644,0.21104948008007796,0.524935438823013,16308.5,0.778723789414573,6063.625,0.68990099709481,0.658057526711654,20587.5625,0.8634300703868532,6743.15625,0.5287934821099043,0.00783326833426142,0.38754048453460643,12277.0625,0.7096032511419756,5589.6875,4.31167197227478,0.125,0,1.6663356213969684,0.5597570328131629,0,4.409041740081437,0.21944925013689262,,,,,,,,,,,,,,,,0.2578125,1939,2048,1059.45703125,1179.05078125,279,279,4096,4096,4096,12.659479558002204,8.13554721896071,,,,,,,,,1,-1,0.16170330603816815,0,0,1,,,,,,1.7000222206115723,0.019132860004901886,0.6041638851165771,0.007050456013530493,0.9984259605407715,,,,,,,,,,,,,0.006134378956630826,0.0009153820185474615,0.00020231999224051833,0.6009879870107397,0.059462276308750006,0.008058129053097218,0.0071171390591189265,0.0020029653580877493,0.0005187999922782183,0,0,0,,,,,1,0.62890625,0,161
86,12419.120357565,1788905033.1722178,0.60546875,6.071532165918825e-18,123.25725030899048,0.046375174075365067,1,-1,0.125,0.3850955665111542,0.0016254476504400373,1.0061912536621094,0.9954161643981934,0.9726705551147461,0,0,0.005300536751747131,0.00013893027789890766,1.0001389980316162,0.03267848491668701,-4.1681574657559395e-05,-3.660679794847965e-05,0.004608054179698229,0.00013893027789890766,1,1,0.00013893027789890766,1,7.09375,196.6875,0.005580353295288703,0.03125,0,8475.65625,0,16.456573852691502,0.19324053968852228,0.5177949435800973,17356.125,0.7703720237239922,6465.59375,0.5476321317255497,0.6585356522458463,22239.6875,0.8603745369090019,7248.96875,0.4849651949480176,0.00828667614729636,0.38085834934992346,12953.78125,0.6991748998920235,5917.375,4.644797146320343,0.09375,0,1.7162369919909288,0.583602219930506,0,17.39073949523179,0.1970956436745072,,,,,,,,,,,,,,,,0.2265625,1979,2048,1113.171875,1243.16015625,280,280,4096,4096,4096,12.83280970499618,7.9081692939507775,,,,,,,,,1,-1,0.3184384732165537,0,0,1,,,,,,1.454854965209961,0.019421204924583435,0.48551154136657715,0.007141496054828167,0.998476505279541,,,,,,,,,,,,,0.005669900041539222,0.0009440873850508069,0.00018385000294074416,0.6234009659965523,0.05567342541303333,0.0033274400047957897,0.0068213389022275805,0.0024336076191957545,0.0004257999826222658,0,0,0,,,,,1,0.60546875,0,155
87,12550.425513905,1788905170.0666223,0.5234375,9.540979117872439e-18,125.97803211212158,0.1866348385810852,1,-1,0.4375,0.3954455852508545,0.0024565118364989758,1.006556510925293,0.9936600923538208,0.974339485168457,0,0,0.007001135032624006,0.00048575480468571186,1.000485897064209,0.1409677267074585,-0.0028447862714529037,-0.0029720624443143606,0.0063777221366763115,0.00048575480468571186,1,1,0.00048575480468571186,1,7.03125,239.46875,0.007616565549901268,0.03125,0,8905.375,0,6.535070493560427,0.13866814589942877,0.5246097789249426,18488.5625,0.7789271184669477,6875.4375,0.5523438234813511,0.6588575450482287,23393.5625,0.8645766402083819,7659.375,0.5047578923404217,0.010911941054694198,0.39550076033973913,14118.6875,0.7194459034859645,6401.3125,5.808483839035034,0.03125,0,1.6363804188201185,0.5966355388009866,0,7.697942820595938,0.14205997375323393,,,,,,,,,,,,,,,,0.3046875,1913,2048,1207.7578125,1378.28515625,307,307,4096,4096,4096,13.509510939009488,8.129394438990857,,,,,,,,,0.8571428571428572,-1,0.25505101530510177,0,0,1,,,,,,2.4314160346984863,0.018561389297246933,0.7790679335594177,0.006883746944367886,0.9984188675880432,,,,,,,,,,,,,0.006910850002896041,0.0010458443373408954,0.00019633001647889614,0.58620579802664,0.0552467728953161,0.0032323900377377868,0.010522289958316833,0.0027034635947984498,0.0004867999814450741,0,0,0,,,,,1,0.5234375,0,134
88,12685.301316746,1788905300.9379742,0.5390625,6.938893903907228e-18,120.00117206573486,0.12614546716213226,0.8571428656578064,-1,0.28125,0.37689313292503357,0.0018842999124899507,1.0069446563720703,0.9930676221847534,0.9645428657531738,0,0,0.007454250939190388,0.00024759932421147823,1.0002477169036865,0.09050634503364563,0.012868216261267662,0.012561343610286713,0.006976538337767124,0.00024759932421147823,1,1,0.00024759932421147823,1,7.1875,257.84375,0.00805122096299237,0.03125,0,9662.0625,0,7.874006570889832,0.05446652149462199,0.5182815376741978,19794.40625,0.7713964821023975,7379.53125,0.7257220349274576,0.6590045220362537,25380.46875,0.860873732545481,8270.46875,0.5541670341044664,0.01262714677972368,0.38931274588323583,15020.6875,0.7102375366666377,6843.28125,6.917461156845093,0.21875,0,1.8373378887527971,0.54901732506781,0,7.451520118052562,0.060946796831162525,,,,,,,,,,,,,,,,0.24609375,1883,2048,1075.8046875,1212.1015625,300,300,4096,4096,4096,12.649802270985674,8.081602749996819,,,,,,,,,1,-1,0.23957871187497745,0,0,1,,,,,,3.0046839714050293,0.018810193985700607,0.8323246240615845,0.006961265113204718,0.9984148144721985,,,,,,,,,,,,,0.004682460043113679,0.0009197010424486507,0.00021016999380663037,0.581518666993361,0.044000334599786584,0.007344640034716576,0.0077931201085448265,0.002059150471495741,0.00042771996231749654,0,0,0,,,,,1,0.5390625,0,138
89,12815.89268603,1788905436.1803522,0.62890625,3.469446951953614e-18,124.01319217681885,0.10729856044054031,1,-1,0.25,0.3859720826148987,0.001824924605898559,1.0066890716552734,0.9942891597747803,0.9740204811096191,0,0,0.006585945375263691,0.0002593949902802706,1.0002593994140625,0.10677660256624222,0.010074258781969547,0.00978010892868042,0.005749044008553028,0.0002593949902802706,1,1,0.0002593949902802706,1,7.375,206.65625,0.006841176346562092,0.03125,0,8606.4375,0,7.608512263791717,0.10302362179615183,0.5237944415248328,17817.1875,0.7784329124585689,6634.34375,0.7901919195428491,0.6652637821713185,22869.3125,0.8691978204325974,7446,0.5692519508302212,0.011153119591619853,0.38915298328488235,13366.6875,0.7136573322241748,6118.34375,6.486368477344513,0.375,0,2.5566119346240748,0.5488899437872574,0,7.81644276160571,0.10356263541833124,,,,,,,,,,,,,,,,0.26953125,1938,2048,1157.7109375,1288.74609375,294,294,4096,4096,4096,13.007176842016634,8.004380996979307,,,,,,,,,1,-0.8571428571428571,0.22728432252424743,0,0,1,,,,,,2.0791499614715576,0.0189498458057642,0.7209831476211548,0.0070426445454359055,0.9983106851577759,,,,,,,,,,,,,0.009424888994544744,0.0009719599788695632,0.0001919299829751253,0.6247585850069299,0.06029206706989498,0.004769578983541578,0.009238830010872334,0.0025420358397241216,0.0005209299852140248,0,0,0,,,,,1,0.62890625,0,161
90,12951.460949145,1788905566.8829436,0.65625,6.938893903907228e-18,119.31962561607361,0.09309069812297821,1,-0.8571428656578064,0.25,0.37591537833213806,0.0014766780659556389,1.004561424255371,0.9945125579833984,0.9758267402648926,0,0,0.006038676481693983,0.00022013741545379162,1.0002201795578003,0.13236424326896667,0.005925083067268133,0.0058968402445316315,0.0055182743817567825,0.00022013741545379162,1,1,0.00022013741545379162,1,7.15625,234,0.006780374361956533,0.03125,0,9261.6875,0,7.448263794547294,0.13444556214812997,0.5216690807444171,19173.90625,0.7754283451510073,7131.03125,0.7800716247875243,0.6624585025171329,24462.25,0.8653820778691927,7978.28125,0.5395294800400734,0.009688578214915441,0.38646292486449796,14435.0625,0.7094158865788164,6592.71875,5.865524470806122,0.25,0,1.9893635922530237,0.5178989328720888,0,6.775849503434641,0.1314181835298377,,,,,,,,,,,,,,,,0.1640625,1910,2048,1050.80078125,1170.37109375,269,269,4096,4096,4096,12.506142705038656,8.219221142004244,,,,,,,,,1,-1,0.2672612419124244,0,0,1,,,,,,2.0981905460357666,0.01946863904595375,0.8065848350524902,0.0072188107296824455,0.9983260631561279,,,,,,,,,,,,,0.0045385099947452545,0.0008666041810556635,0.00018864998128265142,0.6081209770054556,0.062605900371409,0.005530398979317397,0.008637579041533172,0.0023054810467328934,0.0004919599741697311,0,0,0,,,,,1,0.65625,0,168
91,13089.090260183,1788905701.966707,0.6640625,5.204170427930421e-18,124.21858978271484,0.12704384326934814,1,-1,0.3125,0.38963955640792847,0.0024109198711812496,1.0064678192138672,0.9944988489151001,0.9658203125,0,0,0.0061684902757406235,0.00038847653195261955,1.000388503074646,0.09268523752689362,-0.004185991827398539,-0.004223549272865057,0.005533330142498016,0.00038847653195261955,1,1,0.00038847653195261955,1,7.15625,207.90625,0.0069133743247947,0.03125,0,8406.40625,0,6.948477303388419,0.10659185129955834,0.5317717237494646,17742.78125,0.7883559675881326,6588.90625,0.7652862432250913,0.6699671648051202,22490.59375,0.8772285248154369,7350.34375,0.5002483371645212,0.010173940426612599,0.3938023617325278,13282.625,0.7220501430350115,6073.75,6.170231759548187,0.15625,0,2.064187749721171,0.5057261283482248,0,7.459392282969276,0.1078159115413823,,,,,,,,,,,,,,,,0.2421875,1939,2048,1169.65234375,1314.5703125,334,334,4096,4096,4096,13.192250178020913,8.516613315034192,,,,,,,,,0.8571428571428572,-1,0.2696369441168125,0,0,1,,,,,,6.37717342376709,0.019538257271051407,0.8996021747589111,0.007275153882801533,0.9981443285942078,,,,,,,,,,,,,0.04427962901536375,0.0011615350115334877,0.00018167000962421298,0.5780040870304219,0.04750009683607459,0.006870230019558221,0.0075724300113506615,0.0025539052878684743,0.00046880904119461775,0,0,0,,,,,1,0.6640625,0,170
92,13224.685147768,1788905839.9752982,0.50390625,1.734723475976807e-18,127.19005680084229,0.13242600858211517,0.8571428656578064,-1,0.3125,0.38347190618515015,0.0022481579799205065,1.007084846496582,0.9944523572921753,0.9737911224365234,0,0,0.006150371860712767,0.0002785990945994854,1.0002785921096802,0.09126365184783936,0.0006234394386410713,0.0005536382086575031,0.00557795912027359,0.0002785990945994854,1,1,0.0002785990945994854,1,7.3125,247.5625,0.007032519878349132,0.03125,0,9357.21875,0,36.56878327387042,0.09880611138401557,0.5295551072005971,19715.3125,0.7856161286121383,7317.15625,1.0883425336921277,0.6686157221623069,24997.03125,0.8747311408178111,8164.46875,0.485333648044616,0.010795073754499528,0.3942149714337244,14818.84375,0.7205750830586536,6756.1875,6.199676871299744,0.34375,0,2.3787783744681708,0.46564339812583644,0,42.15092907906546,0.09568736357590865,,,,,,,,,,,,,,,,0.3359375,1939,2048,1251.6875,1401.14453125,282,282,4096,4096,4096,13.58047158899717,7.910374499042518,,,,,,,,,1,-1,0.2244608051781524,0,0,1,,,,,,7.053712844848633,0.01903669722378254,0.9436005353927612,0.007005834486335516,0.9982753396034241,,,,,,,,,,,,,0.0048961800057441,0.0010131642948181252,0.00018260895740240812,0.578005815972574,0.04538711076952495,0.00564960902556777,0.051963679026812315,0.003086236318495139,0.0004075000179000199,0,0,0,,,,,1,0.50390625,0,129
93,13356.237604836,1788905975.5177429,0.5234375,1.3010426069826053e-18,124.32558560371399,0.08386772871017456,1,-1,0.25,0.37682685256004333,0.001815763651393354,1.0072202682495117,0.9940223097801208,0.9750275611877441,0,0,0.006738105323165655,0.0002771357540041208,1.0002771615982056,0.07899440824985504,-0.0035905472468584776,-0.0035909810103476048,0.0060134949162602425,0.0002771357540041208,1,1,0.0002771357540041208,1,7.1875,273.65625,0.007544113582766144,0.03125,0,10013.5,0,8.888586652022262,0.11943554890355598,0.524511947303457,20864.625,0.7793646971789425,7756.375,1.531437668367289,0.6646833411082843,26573.03125,0.8696138100206461,8677.5625,0.5393512770533562,0.010604873867989459,0.3914644403714373,15804.21875,0.7171900536437351,7209.96875,5.465668141841888,0.28125,0,1.8329981406025142,0.42627770078041105,0,6.644217117717902,0.1136788884626587,,,,,,,,,,,,,,,,0.33203125,1939,2048,1162.6484375,1296.703125,255,255,4096,4096,4096,13.05464586103335,7.962908376997802,,,,,,,,,1,-1,0.24484480715718013,0,0,1,,,,,,10.323742866516113,0.019133076071739197,0.8897047638893127,0.007086292374879122,0.9982094764709473,,,,,,,,,,,,,0.003401980036869645,0.0008717492419236805,0.00018938002176582813,0.5995713460142724,0.04522001664304298,0.00270591996377334,0.008529049984645098,0.0023119377267448726,0.0004032899742014706,0,0,0,,,,,1,0.5234375,0,134
94,13493.188772351,1788906106.7191474,0.546875,1.734723475976807e-18,120.33054614067078,0.11857561767101288,1,-1,0.3125,0.37933802604675293,0.0015461924485862255,1.009049415588379,0.9951328039169312,0.9755029678344727,0,0,0.005807580426335335,0.0002203651238232851,1.0002204179763794,0.1233718991279602,0.02077574096620083,0.020658398047089577,0.004896592348814011,0.0002203651238232851,1,1,0.0002203651238232851,1,7.3125,235.75,0.006420945862388063,0.03125,0,9301.1875,0,37.845425888701264,0.1384229549552191,0.525201223456671,19387.71875,0.7793188592621281,7201.75,1.2730142660439014,0.6652430399664466,24710.25,0.8696313349956607,8060.78125,0.5126721151173115,0.009193673488166472,0.3875358222943178,14516.15625,0.7117392482394008,6641.84375,5.474269509315491,0.53125,0,2.7223796524637036,0.4659993933761244,0,35.652171084252174,0.14142890520052065,,,,,,,,,,,,,,,,0.2421875,1939,2048,1070.56640625,1195.75390625,308,308,4096,4096,4096,12.674586989975069,8.332107809023,,,,,,,,,1,-1,0.2575393768188564,0,0,1,,,,,,8.059361457824707,0.019526982679963112,0.790224552154541,0.00723639689385891,0.9982109665870667,,,,,,,,,,,,,0.004483759985305369,0.0009566448040914111,0.00018130999524146318,0.6115285260020755,0.054977313235440306,0.005205769033636898,0.010741359961684793,0.0023898680281035922,0.00040388997877016664,0,0,0,,,,,1,0.546875,0,140
95,13628.149624422,1788906243.946561,0.41015625,5.204170427930421e-18,126.15806818008423,0.11675997078418732,1,-1,0.28125,0.39101672172546387,0.0027430718764662743,1.0053415298461914,0.9944192171096802,0.9791607856750488,0,0,0.0061981286853551865,0.00038340967148542404,1.0003834962844849,0.08842650055885315,-0.012316646054387093,-0.012248966842889786,0.0056115491315722466,0.00038340967148542404,1,1,0.00038340967148542404,1,7.21875,214.625,0.006999093880783751,0.03125,0,8564.53125,0,12.383179308316715,0.13709976686209194,0.5340629920675581,18043.5625,0.7909001470987338,6695.5625,1.28676864085719,0.6707089048413324,22881.96875,0.8781448959738412,7469.6875,0.5273437257856131,0.009767801060139056,0.39468454575944467,13492.875,0.7223637388184376,6161.03125,5.312490105628967,0.375,0,2.1304240718793306,0.40524850717469507,0,12.137911514171746,0.1434710828919536,,,,,,,,,,,,,,,,0.35546875,1938,2048,1209.1796875,1347.94140625,281,281,4096,4096,4096,13.211220427008811,7.98050957696978,,,,,,,,,1,-1,0.28234621965789103,0,0,1,,,,,,9.341197967529297,0.019605711102485657,0.8217366933822632,0.007233378943055868,0.9981525540351868,,,,,,,,,,,,,0.005359619972296059,0.0009760008517787355,0.0001895800232887268,0.5992291959701106,0.05824561104645909,0.0033499699784442782,0.0069005300174467266,0.002376266441842745,0.00047566997818648815,0,0,0,,,,,1,0.41015625,0,105
96,13756.58841924,1788906378.7574353,0.58203125,7.37257477290143e-18,123.8449501991272,0.14404639601707458,1,-1,0.375,0.38785773515701294,0.0027263914234936237,1.0057859420776367,0.9948930740356445,0.9761033058166504,0,0,0.005652640946209431,0.00039937160909175873,1.0003994703292847,0.12953147292137146,-0.019533967599272728,-0.019410885870456696,0.0051315645687282085,0.00039937160909175873,1,1,0.00039937160909175873,1,7.53125,245,0.00649287961531284,0.03125,0,9673.4375,0,21.403025617999173,0.11767754403411207,0.5347316927193462,20441.28125,0.7912358577623344,7575.84375,1.4638109221705236,0.6704026076958385,25832.40625,0.8780247899820758,8439.71875,0.516587583348155,0.009452355769538222,0.39768313902629493,15350.78125,0.7276705803975414,7008.125,5.628371179103851,0.8125,0,2.4178053518053186,0.405587985011319,0,19.174146892284064,0.11873538155244266,,,,,,,,,,,,,,,,0.2109375,1961,2048,1138.36328125,1267.09765625,299,299,4096,4096,4096,12.955202667973936,8.09184725797968,,,,,,,,,1,-1,0.25877458475338283,0,0,1,,,,,,9.83057689666748,0.01995066925883293,0.907032310962677,0.007419640198349953,0.997970461845398,,,,,,,,,,,,,0.005243019957561046,0.0009503229484835174,0.00021103996550664306,0.11528844700660557,0.037586178627179834,0.006445549021009356,0.009894120041280985,0.002447807932867363,0.0004953799652867019,0,0,0,,,,,1,0.58203125,0,149
97,13891.495532742,1788906507.8078797,0.58984375,2.6020852139652106e-18,117.45928835868835,0.12697142362594604,1,-1,0.3125,0.3805259168148041,0.002339858328923583,1.0056772232055664,0.9943873882293701,0.976593017578125,0,0,0.006099574733525515,0.00025010458193719387,1.000250220298767,0.12715023756027222,0.00816735066473484,0.008063865825533867,0.005641716532409191,0.00025010458193719387,1,1,0.00025010458193719387,1,7.46875,234.46875,0.007271719893427583,0.03125,0,9106.90625,0,7.5061000126870985,0.07892646166394891,0.5328863918936732,19288.75,0.7901063427425308,7155.6875,2.0591612714342773,0.6709092759443276,24375.84375,0.8779502572881743,7966.125,0.506000367924571,0.009618323716514467,0.39514912648965406,14428,0.7230491246484149,6589.375,5.423722743988037,0.6875,0,2.4781971012917205,0.2873418063734156,0,6.015457684020893,0.06430245498621955,,,,,,,,,,,,,,,,0.21484375,1938,2048,995.6953125,1095.72265625,260,260,4096,4096,4096,12.149983575043734,8.091775787004735,,,,,,,,,1,-1,0.28007834180996644,0,0,1,,,,,,6.510473251342773,0.020540617406368256,0.8803823590278625,0.007653496693819761,0.9979243874549866,,,,,,,,,,,,,0.0043493700213730335,0.0009096984213101678,0.00020256004063412547,0.21581257495563477,0.04598300290786028,0.004709650005679578,0.04764267697464675,0.002435011138459231,0.0004620400140993297,0,0,0,,,,,1,0.58984375,0,151
98,14027.247655302,1788906641.973237,0.484375,7.806255641895632e-18,123.31527161598206,0.14896678924560547,1,-1,0.34375,0.39829108119010925,0.0024859816767275333,1.0084295272827148,0.995857298374176,0.9735584259033203,0,0,0.005285252351313829,0.0003941124305129051,1.0003942251205444,0.10134434700012207,0.0003455581609159708,0.00035108381416648626,0.004167085513472557,0.0003941124305129051,1,1,0.0003941124305129051,1,7.3125,192.6875,0.00586231189036656,0.03125,0,7965.5625,0,4.9503064084397685,0.1570249295215056,0.5438591345178743,17134.875,0.8039674804033836,6337.96875,1.5347730524954386,0.6768196882478921,21465.75,0.888552138971785,7029.90625,0.5424928870052099,0.007556826930021305,0.40064721698489225,12783.0625,0.7347853618773672,5841.09375,4.599973917007446,0.59375,0,2.653206983764471,0.392889766683729,0,5.150103412868962,0.16028261503423613,,,,,,,,,,,,,,,,0.2734375,1938,2048,1125.453125,1299.37109375,299,299,4096,4096,4096,13.255057091009803,8.668803704029415,,,,,,,,,0.7142857142857143,-1,0.2966651379613598,0,0,1,,,,,,8.793633460998535,0.02004796825349331,0.8154946565628052,0.007442269008606672,0.9978678822517395,,,,,,,,,,,,,0.006558139983098954,0.0009637596510856383,0.00019331998191773891,0.1652175359777175,0.05156387713168442,0.003961750015150756,0.05161387799307704,0.0028305921512128407,0.0004230099730193615,0,0,0,,,,,1,0.484375,0,124
99,14985.099751974,1788906778.003157,0.4921875,1.3877787807814457e-17,124.92242312431335,0.1619417518377304,0.7142857313156128,-1,0.375,0.37452763319015503,0.0027617758605629206,1.007847785949707,0.9935473203659058,0.9741611480712891,0,0,0.007167377509176731,0.000510272802785039,1.0005104541778564,0.0667002722620964,-0.002467385958880186,-0.0024421541020274162,0.006492157466709614,0.000510272802785039,1,1,0.000510272802785039,1,7.46875,247,0.007964548026459923,0.03125,0,9003.625,0,6.286966916909829,0.10339335667363514,0.5412261025945948,19391,0.8016735608964223,7182.90625,1.8598801764892414,0.681201768262909,24496.3125,0.8907565600195361,7998.625,0.5210752990096807,0.012349521994985013,0.3981178856261222,14418.65625,0.7323443780926955,6610.59375,6.621282577514648,0.96875,0,2.705695442524719,0.3342706733256514,0,6.38419170023122,0.10871704304424484,,,,,,,,,,,,,,,,0.3125,1910,2048,1160.66796875,1326.16796875,248,248,4096,4096,4096,13.318751149985474,8.092782947001979,,,,,,,,,1,-1,0.34441609860689126,0,0,1,,,,,,11.32635498046875,0.019714144989848137,0.9081514477729797,0.007364652119576931,0.9978984594345093,,,,,,,,,,,,,0.04936120903585106,0.0011723591740064876,0.00019736000103875995,0.20982189499773085,0.0533607764170938,0.003029050014447421,0.00824436906259507,0.002581736068805185,0.0005983599694445729,0,0,0,,,,,1,0.4921875,0,126
100,15114.827890913,1788907736.869448,0.51953125,5.204170427930421e-18,946.7575311660767,0.22236767411231995,1,-1,0.53125,0.37842053174972534,0.003166936570778489,1.006108283996582,0.9941191077232361,0.9767017364501953,0,0,0.006320362910628319,0.0005433312617242336,1.0005435943603516,0.147954523563385,-0.007364379707723856,-0.007344014942646027,0.005911799147725105,0.0005433312617242336,1,1,0.0005433312617242336,1,7.5,253.59375,0.00732346566406638,0.03125,0,9285.34375,0,4.95027470931274,0.08375102800948603,0.5417637477280854,19917.65625,0.8024534341917204,7388.6875,1.916283436352387,0.6813776095360606,25258.375,0.8913581514685978,8240.625,0.5358460824936628,0.009947519222336543,0.40323325544115896,14958.375,0.7384258360004918,6840.90625,5.431407451629639,1.125,0,2.8040022908468405,0.3042606853882412,0,5.178213447344971,0.08270622670803399,800,100,0.5062500238418579,0.50625,825.7325053410023,0.28125,1938,2048,1090.8387451171875,1254.155,199,199,4096,4096,4096,0.2421875,1910,2048,1082.98828125,1209.05078125,269,269,4096,4096,4096,6.401806158179044,8.287834613001905,1,8.049116928532384e-18,-1,0.1934991773211912,0.28,0.31,0.41,0.50625,1,-1,0.29342279866348187,0,0,1,10.973691940307617,0.020927693862468004,0.9730952382087708,0.007803727127611637,0.9978276693820953,10.573450088500977,0.020283125340938568,0.7943823337554932,0.007613219786435366,0.9977412223815918,48.04764736397192,13.228263040314705,0.00024297996424138546,33.079352503002156,3.0699635873975786,0.0006083910120651126,82.22325377102243,11.970437318822514,0.0004164499696344137,0,0,0,0.006138289987575263,0.0010192077454576065,0.000195720000192523,0.12203074700664729,0.0464618096839331,0.002957699995022267,0.007542218954768032,0.0022891438509304862,0.000470360042527318,0,0,0,1,0.50625,0,4.05,1,0.51953125,0,133
101,15249.051536364,1788907865.6151452,0.52734375,2.168404344971009e-18,117.61903285980225,0.16586938500404358,1,-1,0.40625,0.37962067127227783,0.0025323585141450167,1.0057039260864258,0.994349479675293,0.9633431434631348,0,0,0.0066330451518297195,0.00043687806464731693,1.0004369020462036,0.1804218888282776,0.008327635936439037,0.008180370554327965,0.00568750873208046,0.00043687806464731693,1,1,0.00043687806464731693,1,7.5625,229.6875,0.007224252653931185,0.03125,0,8663.90625,0,21.05506357200413,0.08411037345068317,0.5454250902741313,18792.4375,0.8066384623275866,6948.65625,1.6815986438887194,0.6838064212625004,23607.875,0.8948188501572916,7718.46875,0.47287908708676696,0.010563411155631095,0.3990258315852131,13958.9375,0.7343593938120967,6393.1875,5.534384191036224,1.46875,0,2.7060192714064293,0.35711883895424623,0,16.702958739707015,0.06861297568870385,,,,,,,,,,,,,,,,0.296875,1939,2048,1010.140625,1139.27734375,243,243,4096,4096,4096,12.399509923008736,8.462809240969364,,,,,,,,,1,-1,0.1939782230571467,0,0,1,,,,,,10.92332649230957,0.02075590193271637,0.9551398754119873,0.007713642902672291,0.9977571368217468,,,,,,,,,,,,,0.005013119021896273,0.0010116641253716807,0.00019844999769702554,0.6013189870282076,0.04573286758954964,0.006295300030615181,0.007872229907661676,0.002252414692520688,0.0004459699848666787,0,0,0,,,,,1,0.52734375,0,135
102,15378.476858539,1788907999.9687455,0.4765625,1.9081958235744878e-17,123.07278728485107,0.07295069098472595,1,-1,0.1875,0.39360541105270386,0.0016530127031728625,1.010396957397461,0.9952609539031982,0.9657740592956543,0,0,0.005836268421262503,0.0001276989933103323,1.0001276731491089,0.08439544588327408,0.006090737413614988,0.006052687764167786,0.0047706663608551025,0.0001276989933103323,1,1,0.0001276989933103323,1,7.375,206.4375,0.006446550423283242,0.03125,0,8081.125,0,7.7658802913287674,0.18376028817044734,0.5546882533615021,17767.625,0.8197663596903202,6567.53125,1.946088443044573,0.6909561829179193,22270.75,0.9063674552579758,7284.625,0.5557674802839756,0.010062571570506218,0.4015652120511536,13066.96875,0.7413488962157468,6002.03125,4.971248984336853,0.875,0,2.250463140188921,0.36637051508388907,0,8.010688934901978,0.1867864980997816,,,,,,,,,,,,,,,,0.3125,1938,2048,1091.73828125,1257.51953125,264,264,4096,4096,4096,13.051006481051445,8.186697436962277,,,,,,,,,1,-1,0.34441609860689126,0,0,1,,,,,,7.4326863288879395,0.02074432745575905,0.9341859221458435,0.007786876522004604,0.9975636601448059,,,,,,,,,,,,,0.0046689900336787105,0.0009404044722032268,0.00018304900731891394,0.20432502502808347,0.04730334153896365,0.0023306889925152063,0.00927873799810186,0.002574768886461243,0.00040441896999254823,0,0,0,,,,,1,0.4765625,0,122
103,15513.649021416,1788908128.831663,0.53125,8.673617379884035e-18,118.15329599380493,0.2325584888458252,1,-1,0.53125,0.38443586230278015,0.0026234150864183903,1.0070600509643555,0.9940934181213379,0.969855785369873,0,0,0.006776624359190464,0.0005803594831377268,1.0005805492401123,0.22330251336097717,0.017308179289102554,0.016986969858407974,0.0059435926377773285,0.0005803594831377268,1,1,0.0005803594831377268,1,7.5625,247.6875,0.0077838403102602986,0.03125,0,8733.90625,0,7.008808550788775,0.0912929229320384,0.5537688241288812,19168.03125,0.8178870720844948,7084.75,1.9833036018535495,0.6885104570370397,23990.9375,0.9032599177834213,7850.6875,0.5488102696835995,0.011199374359815533,0.40806726945848276,14223.8125,0.7491056539022309,6522,5.998446226119995,1.4375,0,3.3224070414034763,0.2584789032986004,0,7.364260784259825,0.08950354518751952,,,,,,,,,,,,,,,,0.1953125,1913,2048,946.796875,1061.59375,247,247,4096,4096,4096,12.324662575032562,8.412214371026494,,,,,,,,,1,-1,0.29880715233359845,0,0,1,,,,,,10.22668743133545,0.0209348201751709,0.8922627568244934,0.007868332788348198,0.9976391792297363,,,,,,,,,,,,,0.0057125299936160445,0.000972654573388354,0.00019047997193410993,0.6022151869838126,0.04773408505707266,0.006268458964768797,0.00750807102303952,0.002265811164761544,0.0004759909934364259,0,0,0,,,,,1,0.53125,0,136
104,15638.161871623,1788908264.1071012,0.5,1.734723475976807e-18,124.41122698783875,0.17202626168727875,1,-1,0.4375,0.3865383267402649,0.002970602596178651,1.0064001083374023,0.9951724410057068,0.976686954498291,0,0,0.00568997859954834,0.0003663147799670696,1.0003663301467896,0.14946135878562927,0.006267643067985773,0.006088200956583023,0.004855277948081493,0.0003663147799670696,1,1,0.0003663147799670696,1,7.46875,196.6875,0.006450576329321986,0.03125,0,7574.375,0,4.942369189753412,0.1759768202489883,0.5541993767123479,16682.53125,0.8177844901479012,6152.15625,1.598400127943023,0.6860582724898309,20713.25,0.9012341823869559,6791.3125,0.4810139387845993,0.008664255224794516,0.403313598100526,12266.40625,0.7443246886428605,5639.8125,4.781800985336304,0.78125,0,2.123248654973173,0.36895416890457605,0,4.66491364626335,0.17056072823382804,,,,,,,,,,,,,,,,0.3203125,1938,2048,1140.49609375,1301.12109375,276,276,4096,4096,4096,13.147505615022965,7.703400848025922,,,,,,,,,1,-1,0.3214285714285714,0,0,1,,,,,,11.964324951171875,0.021358061581850052,0.9620878100395203,0.007964420132339,0.9974195957183838,,,,,,,,,,,,,0.005365349992644042,0.0009785965864921309,0.0001836890005506575,0.6083649260108359,0.04949964075694879,0.004897270002402365,0.05414233898045495,0.0029011174033257703,0.0005371799925342202,0,0,0,,,,,1,0.5,0,128
105,15765.208501647,1788908388.533675,0.546875,6.938893903907228e-18,113.64376378059387,0.19621869921684265,1,-1,0.46875,0.37352532148361206,0.003664972959086299,1.0078763961791992,0.9948492050170898,0.9789266586303711,0,0,0.0058442531153559685,0.000499277375638485,1.0004993677139282,0.14643314480781555,0.02720041200518608,0.027273206040263176,0.005176423583179712,0.000499277375638485,1,1,0.000499277375638485,1,7.59375,261.59375,0.007376345403402915,0.03125,0,9123.96875,0,23.980790071989805,0.07709935527902845,0.5548396427424073,20198.75,0.8194877590688912,7450.15625,3.1727217440493405,0.6899649504110503,25105.125,0.9047211074385175,8226.34375,0.5522095430642366,0.011422323012119897,0.40478216839912434,14897.59375,0.7459541183684257,6834.25,6.101511597633362,1.46875,0,2.5651895907118942,0.2581384030022833,0,29.044575506989972,0.07577451019314589,,,,,,,,,,,,,,,,0.19140625,1859,2048,889.04296875,1000.73046875,253,253,4096,4096,4096,11.00636023801053,8.105073138023727,,,,,,,,,1,-1,0.331200660553418,0,0,1,,,,,,9.007182121276855,0.021520687267184258,0.6395021677017212,0.008139926940202713,0.9975217580795288,,,,,,,,,,,,,0.003564060025382787,0.0009926526556682802,0.00021023000590503216,0.6177036259905435,0.05199852658643067,0.0068176499917171896,0.01011800899868831,0.002359359715910614,0.0004710000357590616,0,0,0,,,,,1,0.546875,0,140
106,15892.625172374,1788908514.9887447,0.59375,1.3877787807814457e-17,116.33162260055542,0.2310442328453064,1,-1,0.53125,0.38921961188316345,0.0035904627293348312,1.0055503845214844,0.9957910776138306,0.9801316261291504,0,0,0.005288689397275448,0.00024203048087656498,1.0002421140670776,0.15163272619247437,0.020709099248051643,0.020488332957029343,0.004233063664287329,0.00024203048087656498,1,1,0.00024203048087656498,1,7.5625,193.6875,0.006008284049338676,0.03125,0,7112.34375,0,6.251318964518065,0.16937713353736653,0.5626025185398285,15924.15625,0.8290988512849182,5866.0625,1.660595478489995,0.6930913174747344,19647.0625,0.9114244426340894,6454.34375,0.6104813190177083,0.007841059944107203,0.40919114711489757,11759.40625,0.75423175356078,5390.21875,4.13224720954895,1.09375,0,2.5899040035560983,0.34478721010370456,0,4.446416718560925,0.16637106478814295,,,,,,,,,,,,,,,,0.1640625,1874,2048,906.08203125,1031.01953125,242,242,4096,4096,4096,12.029015357024036,7.845181774988305,,,,,,,,,1,-1,0.2743266338524503,0,0,1,,,,,,10.006093978881836,0.021329842507839203,0.9845970869064331,0.00806227046996355,0.9974234104156494,,,,,,,,,,,,,0.006248258985579014,0.0010400659600691142,0.00018937001004815102,0.5837725879973732,0.052656290517916204,0.003113870043307543,0.008758809941355139,0.0024586739102687716,0.0004532000166364014,0,0,0,,,,,1,0.59375,0,152
107,16026.500498286,1788908642.6688595,0.6484375,1.3877787807814457e-17,117.17784380912781,0.1525777280330658,1,-1,0.40625,0.3816297948360443,0.0021185351070016623,1.0055265426635742,0.9947934150695801,0.9770536422729492,0,0,0.005918409209698439,0.0003110802499577403,1.0003111362457275,0.1256105601787567,-0.006585829891264439,-0.006549835205078125,0.005236741155385971,0.0003110802499577403,1,1,0.0003110802499577403,1,7.53125,198.65625,0.006926283739906825,0.03125,0,7248.65625,0,26.803066743824978,0.15256460512026948,0.5624699241810653,16192,0.8297053230953636,5967.15625,2.2150539997965097,0.6956369821902924,20081.40625,0.9133591162570587,6581.75,0.5859456341713667,0.01186743684941529,0.40601394341884833,11859.84375,0.7502789693227541,5451.125,6.115324378013611,1.125,0,2.672262751290959,0.371030225825235,0,26.009139803517307,0.15599158507111938,,,,,,,,,,,,,,,,0.140625,1883,2048,912.30859375,1066.640625,245,245,4096,4096,4096,12.14658615499502,7.603366891038604,,,,,,,,,0.8571428571428572,-1,0.33120066055341796,0,0,1,,,,,,11.264751434326172,0.021628260612487793,0.9917569160461426,0.008128561079502106,0.9973269104957581,,,,,,,,,,,,,0.005078749964013696,0.0010529359567499341,0.00022712000645697117,0.6545765660121106,0.06034105218577679,0.006723919010255486,0.008979628037195653,0.0026351187050295266,0.00046281004324555397,0,0,0,,,,,1,0.6484375,0,166
108,16153.763977276,1788908776.9109523,0.44140625,8.673617379884035e-19,123.55068254470825,0.21447376906871796,0.8571428656578064,-1,0.5,0.37840503454208374,0.003002710873261094,1.0091056823730469,0.994672417640686,0.9712905883789062,0,0,0.0062424540519714355,0.0005176325794309378,1.000517725944519,0.14242130517959595,0.01025357935577631,0.010265743359923363,0.005360058508813381,0.0005176325794309378,1,1,0.0005176325794309378,1,7.6875,207,0.007165456727161752,0.03125,0,7298.46875,0,5.230162392739727,0.1157690332264445,0.5603449978824038,16346.0625,0.8256927273193634,6016.125,2.874489475507289,0.6920393712313457,20162.71875,0.9084977208206649,6617.625,0.5231375470757484,0.010721391915075866,0.4063544694800401,11988.53125,0.7491911636190354,5502.65625,4.95669823884964,1.53125,0,2.7852880209794106,0.3291519317178942,0,6.469183860190408,0.10454803631433451,,,,,,,,,,,,,,,,0.28515625,1938,2048,1080.640625,1246.04296875,223,223,4096,4096,4096,12.919582809030544,7.5398786820005625,,,,,,,,,1,-1,0.3282995769794685,0,0,1,,,,,,13.817049026489258,0.022507447749376297,0.9229733347892761,0.008291526697576046,0.9972874522209167,,,,,,,,,,,,,0.003992079000454396,0.0008869721807513997,0.0001901600044220686,0.5858216769993305,0.05701017187175239,0.006218288966920227,0.007805030036251992,0.0026869355256167182,0.0005103200091980398,0,0,0,,,,,1,0.44140625,0,113
109,16281.954913927,1788908904.2789395,0.56640625,1.214306433183765e-17,116.45197105407715,0.2018100917339325,1,-1,0.46875,0.38925832509994507,0.0025112973526120186,1.0063934326171875,0.9942682385444641,0.9690585136413574,0,0,0.006493204738944769,0.0003991865087300539,1.0003993511199951,0.16887080669403076,0.0031506684608757496,0.003073648549616337,0.005765868350863457,0.0003991865087300539,1,1,0.0003991865087300539,1,7.65625,263.875,0.00789190507858386,0.03125,0,8645.125,0,33.42073666264295,0.11723380497561613,0.5715883217228845,19657.46875,0.8395499047894281,7215.625,4.788545987103134,0.6958607346132047,24001.71875,0.917102618834909,7898.34375,0.5271631181240082,0.012615222676239938,0.4205005964010925,14586.8125,0.7711110348079724,6667.90625,5.341876149177551,1.53125,0,3.230556049891378,0.2247271246072281,0,30.31982798113136,0.11270354394734793,,,,,,,,,,,,,,,,0.23828125,1910,2048,941.234375,1107.55859375,215,215,4096,4096,4096,12.296762701997068,8.031787681975402,,,,,,,,,1,-1,0.28234621965789103,0,0,1,,,,,,10.655921936035156,0.02185666747391224,0.9883769750595093,0.008010289631783962,0.9972720146179199,,,,,,,,,,,,,0.005964159965515137,0.0009372072186124569,0.00021148996893316507,0.607398048043251,0.05917124153165787,0.0028768699849024415,0.006777229078579694,0.002406372869245388,0.00040208001155406237,0,0,0,,,,,1,0.56640625,0,145
110,16413.024193228,1788909031.8832774,0.60546875,-1.734723475976807e-18,117.33375430107117,0.14691521227359772,1,-1,0.40625,0.3827506899833679,0.002329121110960841,1.0064449310302734,0.9945549964904785,0.9747943878173828,0,0,0.006436999887228012,0.0002963457955047488,1.0002963542938232,0.14481475949287415,0.007339279167354107,0.00712459534406662,0.005479542072862387,0.0002963457955047488,1,1,0.0002963457955047488,1,7.5625,221.4375,0.00781161555849337,0.03125,0,7529.875,0,8.380209955933166,0.15005812143955177,0.5671328970443477,16988.15625,0.8346879693155463,6251,4.105121182277799,0.696818792761641,20955.75,0.9154476957955764,6869.8125,0.599111117888242,0.013365744751183638,0.4115871872602007,12472.84375,0.7594759912862237,5727.9375,5.454104959964752,1.1875,0,2.546514068773786,0.22213193773178988,0,8.644254216753684,0.12040421138487303,,,,,,,,,,,,,,,,0.14453125,1910,2048,947.90234375,1083.59375,209,209,4096,4096,4096,12.16612760501448,7.963080252986401,,,,,,,,,1,-1,0.32043497223082784,0,0,1,,,,,,12.501702308654785,0.022216830402612686,0.976692259311676,0.00828834529966116,0.9973974227905273,,,,,,,,,,,,,0.0037033510161563754,0.0008133128505960485,0.0002119300188496709,0.5726470079971477,0.04509767299032319,0.0026593999937176704,0.010379157960414886,0.002566910418408952,0.0004471300053410232,0,0,0,,,,,1,0.60546875,0,155
111,16542.030381476,1788909163.8110044,0.5,1.214306433183765e-17,120.76978826522827,0.19895678758621216,1,-1,0.4375,0.3886087238788605,0.003030540654435754,1.0047826766967773,0.9940524101257324,0.9767370223999023,0,0,0.006551229860633612,0.00040111318230628967,1.0004011392593384,0.11453661322593689,0.006439149845391512,0.0060683186165988445,0.005982706323266029,0.00040111318230628967,1,1,0.00040111318230628967,1,7.5625,215.75,0.007844951145364917,0.03125,0,7583.21875,0,9.208722951500562,0.059479282023439654,0.5720393909373397,17244.3125,0.8395490313381575,6326.96875,3.2808817140758038,0.6946602005819462,21005.34375,0.9159172901621111,6914.4375,0.547505565918982,0.013153284555501615,0.4196229608529726,12719.03125,0.7691905409658476,5818.03125,6.352548658847809,1.09375,0,2.507501278156387,0.2530407759904892,0,7.948840802934852,0.061189206064377874,,,,,,,,,,,,,,,,0.25390625,1939,2048,954.73046875,1146.18359375,252,252,4096,4096,4096,12.759673681983259,7.470661122992169,,,,,,,,,1,-1,0.3133915852640044,0,0,1,,,,,,11.615955352783203,0.02231874316930771,0.9882210493087769,0.008296476677060127,0.9973150491714478,,,,,,,,,,,,,0.004551069985609502,0.000973932128999877,0.00022402999456971884,0.13436080800602213,0.04109877639007209,0.004770589992403984,0.009407530014868826,0.002805019476909365,0.00039886997547000647,0,0,0,,,,,1,0.5,0,128
112,16667.563245832,1788909292.2504354,0.58203125,5.637851296924623e-18,117.77451801300049,0.20871245861053467,1,-1,0.46875,0.38497379422187805,0.0024312911555171013,1.006911277770996,0.993922770023346,0.9683403968811035,0,0,0.007010129280388355,0.00042414257768541574,1.0004242658615112,0.18305325508117676,0.03294020891189575,0.032567545771598816,0.006118057295680046,0.00042414257768541574,1,1,0.00042414257768541574,1,7.53125,242.75,0.008317581300101035,0.03125,0,7637.84375,0,8.193533559767335,0.10754352576375631,0.571541385118695,17441.71875,0.839484956947113,6398.40625,4.129660714970669,0.6955349427683872,21229.5625,0.916206451545667,6984.8125,0.5204119458794594,0.013914249728196422,0.41758859779867175,12868.5625,0.7671791804535344,5884.40625,5.623278260231018,1.21875,0,2.744519021711101,0.2346525512530323,0,8.242893835965305,0.10766367157235536,,,,,,,,,,,,,,,,0.16796875,1883,2048,935.76953125,1082.8125,230,230,4096,4096,4096,12.442009609017987,8.254550157987978,,,,,,,,,1,-1,0.2435389588747474,0,0,1,,,,,,12.643999099731445,0.02225322276353836,0.9580863118171692,0.00814832840114832,0.997463583946228,,,,,,,,,,,,,0.004346930014435202,0.000895142577974184,0.00018898001872003078,0.6499765260377899,0.06102481592483855,0.005590509972535074,0.010006170079577714,0.002769149560435835,0.0005179799627512693,0,0,0,,,,,1,0.58203125,0,149
113,16787.803504544,1788909417.8575096,0.5,6.938893903907228e-18,114.97796058654785,0.11343100666999817,1,-1,0.28125,0.38351303339004517,0.00160471280105412,1.0107402801513672,0.9946398138999939,0.9732332229614258,0,0,0.0061961328610777855,0.00028474442660808563,1.0002847909927368,0.07994683086872101,-0.007182018831372261,-0.0071502383798360825,0.005393131170421839,0.00028474442660808563,1,1,0.00028474442660808563,1,7.53125,224.96875,0.0074573467753334885,0.03125,0,7486.15625,0,6.345540791829935,0.15004911336630675,0.5635192580031981,16839.5625,0.8270208022519194,6172.53125,3.66543292615097,0.6876484040149118,20558.09375,0.9055834347964453,6761.78125,0.539686850272119,0.011573634386297908,0.41199836581222304,12442.6875,0.7571224672198498,5690.8125,5.125094413757324,1.21875,0,2.6095365561063155,0.2732817919474516,0,6.984028248520158,0.1441145020965791,,,,,,,,,,,,,,,,0.0859375,1841,2048,879.23828125,1004.40625,225,225,4096,4096,4096,11.070834101003129,7.99292837199755,,,,,,,,,1,-1,0.30093392047058426,0,0,1,,,,,,9.35023021697998,0.02189917117357254,0.8406456708908081,0.008107172325253487,0.9975998401641846,,,,,,,,,,,,,0.005123749957419932,0.0009373654854698543,0.00017916900105774403,0.5810369080281816,0.05319241839379174,0.006409669003915042,0.05029111896874383,0.0028210520515585813,0.00045854999916628003,0,0,0,,,,,1,0.5,0,128
114,16908.431410327,1788909538.3026285,0.6328125,3.469446951953614e-18,109.59585428237915,0.16917148232460022,1,-1,0.375,0.37936174869537354,0.002787497127428651,1.0062427520751953,0.99449622631073,0.9744524955749512,0,0,0.006242926232516766,0.0005015756469219923,1.0005017518997192,0.0862252339720726,-0.025630351155996323,-0.025587860494852066,0.00553693063557148,0.0005015756469219923,1,1,0.0005015756469219923,1,7.5,197.6875,0.007419762142546968,0.03125,0,7033.90625,0,5.033985631573287,0.10488981082728151,0.5668842891207215,15947.625,0.8320872928541697,5843.28125,3.4869867647066712,0.692646612236904,19460.6875,0.9113105254541424,6398.96875,0.5342396143823862,0.01106247483176865,0.4117050903212346,11698.78125,0.758915633852211,5369,5.357424199581146,0.84375,0,2.1070548097001383,0.24224738657173522,0,4.627346359369432,0.08087302252237806,,,,,,,,,,,,,,,,0.1640625,1841,2048,765.38671875,903.09765625,190,190,4096,4096,4096,10.938944294000976,7.786155972047709,,,,,,,,,1,-1,0.25,0,0,1,,,,,,10.579004287719727,0.022750066593289375,0.9787032008171082,0.008246156387031078,0.997298538684845,,,,,,,,,,,,,0.05178278899984434,0.0012026926990529319,0.00020552001660689712,0.5784347870503552,0.040947955521460244,0.006917869963217527,0.05188815901055932,0.0025527182756377442,0.0004146990249864757,0,0,0,,,,,1,0.6328125,0,162
115,17033.971503892,1788909659.332493,0.7578125,3.0357660829594124e-18,109.8723475933075,0.1214664876461029,1,-1,0.28125,0.3830178678035736,0.0022824578918516636,1.0094108581542969,0.9951663017272949,0.9644308090209961,0,0,0.006199031602591276,0.0002729916013777256,1.0002729892730713,0.09632901102304459,0.013635702431201935,0.0135277658700943,0.004872680641710758,0.0002729916013777256,1,1,0.0002729916013777256,1,7.375,179,0.007086863630701432,0.03125,0,6123.09375,0,5.4845382618356044,0.24516207731437914,0.5707557716715848,13970.09375,0.8385770892630267,5121.59375,2.95732285361737,0.6940761477285335,16963.15625,0.915480233114554,5590.75,0.5479638017714024,0.011671890180989158,0.41087825371626097,10266.3125,0.7599877375169165,4704.84375,4.51155549287796,0.625,0,2.138567658270975,0.3541693775886312,0,5.009907786625912,0.2372150775201397,,,,,,,,,,,,,,,,0.0625,1809,2048,766.16015625,869.22265625,187,187,4096,4096,4096,10.468425425002351,7.95421748800436,,,,,,,,,0.8571428571428572,-1,0.3273268353539886,0,0,1,,,,,,12.09483528137207,0.02257004752755165,0.9754296541213989,0.008392184972763062,0.9972105026245117,,,,,,,,,,,,,0.00668688997393474,0.0009842643250976835,0.00019957998301833868,0.5861834969837219,0.04985204199124382,0.006515150016639382,0.007140998961403966,0.0025722835898704943,0.0004572700127027929,0,0,0,,,,,1,0.7578125,0,194
116,17164.455078402,1788909784.144483,0.640625,7.806255641895632e-18,114.29002046585083,0.21859736740589142,0.8571428656578064,-1,0.46875,0.3836769759654999,0.003026465652510524,1.0064315795898438,0.9949665069580078,0.9736490249633789,0,0,0.006247994489967823,0.00040656886994838715,1.0004067420959473,0.12948253750801086,0.018720313906669617,0.018220948055386543,0.005067271646112204,0.00040656886994838715,1,1,0.00040656886994838715,1,7.4375,182.40625,0.0073081842937198155,0.03125,0,6129.28125,0,24.225388572460904,0.12494804720751639,0.5713762015326058,13934.03125,0.835480040985848,5089,3.2628419273532927,0.6890841799595585,16839.8125,0.9094396142902157,5548.34375,0.4710291661322117,0.012208251191699462,0.41790355750715485,10289.9375,0.7682281583895646,4706.6875,4.955176472663879,1,0,2.263422500561601,0.3266865262509955,0,23.277910531444306,0.11227150164830574,,,,,,,,,,,,,,,,0.1796875,1845,2048,843.9765625,1022.25390625,211,211,4096,4096,4096,11.26903427700745,8.187760973989498,,,,,,,,,0.8571428571428572,-1,0.2624453295839119,0,0,1,,,,,,12.023605346679688,0.02326095849275589,0.9726649522781372,0.008401415310800076,0.9969820976257324,,,,,,,,,,,,,0.004691149981226772,0.0010644997562394565,0.00018784002168104053,0.5764144179993309,0.04734045804730158,0.008065659960266203,0.009757330000866205,0.002905261330852227,0.0004943599924445152,0,0,0,,,,,1,0.640625,0,164
117,17288.933420233,1788909915.1501827,0.55078125,8.673617379884035e-18,119.96450400352478,0.13291263580322266,0.8571428656578064,-1,0.3125,0.38104408979415894,0.0023079903330653906,1.0101585388183594,0.9936504364013672,0.9464473724365234,0,0,0.007133546285331249,0.0003035299014300108,1.0003035068511963,0.10404933989048004,0.01242544874548912,0.01211787760257721,0.006402065511792898,0.0003035299014300108,1,1,0.0003035299014300108,1,7.40625,234.8125,0.009130661097672172,0.03125,0,6751.8125,0,10.28009915396766,0.16555389092147643,0.5752183894116165,15531.1875,0.8411035332948815,5664.71875,4.672640687203966,0.6924583562185358,18677.34375,0.9138576196109722,6158,0.5792109407484531,0.015291262820438132,0.41873950948406713,11475.65625,0.769677264313952,5234.21875,4.512767255306244,0.9375,0,2.387365081751391,0.2696240903470149,0,8.144249885395585,0.15546837612078973,,,,,,,,,,,,,,,,0.171875,1892,2048,983.54296875,1180.31640625,228,228,4096,4096,4096,12.781056374020409,7.92458071897272,,,,,,,,,1,-1,0.39528470752104744,0,0,1,,,,,,13.627059936523438,0.022269560024142265,0.9016234874725342,0.008190328255295753,0.9971510171890259,,,,,,,,,,,,,0.005383229989092797,0.001024464734882713,0.0001877089962363243,0.5804519280209206,0.045533034114669135,0.008649190014693886,0.010504060017410666,0.003328075031276967,0.0006110299727879465,0,0,0,,,,,1,0.55078125,0,141
118,17416.181120174,1788910039.418055,0.6796875,8.673617379884035e-18,113.44085121154785,0.28312158584594727,1,-1,0.59375,0.3669053316116333,0.004366391804069281,1.0090303421020508,0.9922530651092529,0.9596714973449707,0,0,0.008169391192495823,0.0008178296266123652,1.000818133354187,0.1899796575307846,-0.015211574733257294,-0.015195060521364212,0.007798762526363134,0.0008178296266123652,1,1,0.0008178296266123652,1,7.625,279.8125,0.010228205451769765,0.03125,0,7868.34375,0,12.545368947648607,0.018302023436811903,0.569900788625742,17838.0625,0.8320013868702127,6508.9375,5.261283966246992,0.6892389500535511,21623.6875,0.9071281106644713,7107.90625,0.5536091737449169,0.01592416216713691,0.42411643001642696,13298.34375,0.7725023969354361,6055.15625,5.633038341999054,1.15625,0,2.866876000074563,0.14569475830620254,0,11.119040461585858,0.0099422354920023,,,,,,,,,,,,,,,,0.140625,1787,2048,823.796875,992.265625,190,190,4096,4096,4096,11.156339609995484,8.25184762297431,,,,,,,,,0.8571428571428572,-1,0.34441609860689126,0,0,1,,,,,,10.757120132446289,0.022812606766819954,0.957275390625,0.008464479818940163,0.9969843626022339,,,,,,,,,,,,,0.005910840001888573,0.0010011186691372131,0.00019256002269685268,0.5867891369853169,0.0505659289376581,0.0037022100295871496,0.011713360028807074,0.0029044831212559075,0.00042618997395038605,0,0,0,,,,,1,0.6796875,0,174
119,17545.705438315,1788910166.885297,0.6640625,1.734723475976807e-18,116.40637612342834,0.2279110550880432,0.8571428656578064,-1,0.53125,0.3758387565612793,0.0031628066208213568,1.0057430267333984,0.9936619400978088,0.9654831886291504,0,0,0.007157823536545038,0.0005113480146974325,1.0005115270614624,0.18495523929595947,-0.003308613784611225,-0.0034922268241643906,0.006382869556546211,0.0005113480146974325,1,1,0.0005113480146974325,1,7.53125,217.8125,0.00868517725070413,0.03125,0,6590.375,0,7.09443646442782,0.14281849947873868,0.5740424753900866,15083.5625,0.8383138570902533,5502.96875,3.7310698232031427,0.6911354833377714,18195.21875,0.9115486178484133,5992.625,0.5267459563910961,0.013376158648233749,0.41903401043693433,11150.0625,0.7709201040864909,5094.59375,4.661705791950226,0.8125,0,2.393681303900922,0.2611231354910557,0,7.2026417259686015,0.12853809749857212,,,,,,,,,,,,,,,,0.15234375,1787,2048,950.0234375,1141.9921875,183,183,4096,4096,4096,12.384428673016373,8.052885467011947,,,,,,,,,0.8571428571428572,-1,0.335029697130245,0,0,1,,,,,,11.883604049682617,0.02254115790128708,0.9926369190216064,0.008312582038342953,0.9967941641807556,,,,,,,,,,,,,0.005475040001329035,0.0010014983261044108,0.00018130999524146318,0.16577266599051654,0.0451771384884978,0.004689290013629943,0.06661654799245298,0.0036047893258910335,0.0006485999911092222,0,0,0,,,,,1,0.6640625,0,170
120,17673.874696485,1788910295.8182507,0.609375,6.938893903907228e-18,118.50467991828918,0.2021842896938324,0.8571428656578064,-1,0.46875,0.36093080043792725,0.0035892059095203876,1.0071601867675781,0.9932647943496704,0.9570894241333008,0,0,0.007430401165038347,0.0006050954107195139,1.0006053447723389,0.13607574999332428,-0.014772698283195496,-0.014807038009166718,0.006782540585845709,0.0006050954107195139,1,1,0.0006050954107195139,1,7.5625,263.84375,0.009372459802723618,0.03125,0,7600.1875,0,18.729357378710056,0.05263051684989484,0.5686702936846799,17266.46875,0.8300789634104642,6293.09375,4.566480631008744,0.6893232787090486,20935.875,0.9069206402213443,6881.1875,0.4791702665388584,0.01528265412527851,0.4161817224336855,12749.5625,0.7652962958402795,5837.0625,6.206423282623291,1.125,0,2.72579930470909,0.22063147305951242,0,19.038049506660695,0.055934678991258695,,,,,,,,,,,,,,,,0.14453125,1938,2048,926.48828125,1053.7578125,206,206,4096,4096,4096,12.000888580980245,8.113649725040887,,,,,,,,,0.7142857142857143,-1,0.33502969713024494,0,0,1,,,,,,13.349364280700684,0.022409453988075256,0.9814305901527405,0.008260734379291534,0.9971904754638672,,,,,,,,,,,,,0.006650010007433593,0.0010761496016584715,0.00018133001867681742,0.6379672060138546,0.08181587071271679,0.0024624699726700783,0.00864675105549395,0.0027143460647494067,0.0004317999701015651,0,0,0,,,,,1,0.609375,0,156
121,17804.696253938,1788910424.198223,0.6484375,6.938893903907228e-18,117.68162989616394,0.19532863795757294,0.7142857313156128,-1,0.4375,0.37211087346076965,0.004077071789652109,1.0077524185180664,0.9942532777786255,0.9753189086914062,0,0,0.00647370982915163,0.0004272658843547106,1.0004273653030396,0.0955614447593689,-0.010523763485252857,-0.010583373717963696,0.005780361592769623,0.0004272658843547106,1,1,0.0004272658843547106,1,7.4375,237.40625,0.008230560741574178,0.03125,0,7411.90625,0,15.238454040164218,0.1456949494043086,0.5675019932828214,16757.15625,0.82996194879416,6118.125,4.10953471949324,0.68598001447146,20301.28125,0.9039720484554836,6675.5,0.49710799008607864,0.012494631194652696,0.4142976587735019,12384.4375,0.7627334272112174,5667.0625,4.655197262763977,0.875,0,2.258307744543616,0.2763627566295884,0,15.89799861262398,0.1472340135319915,,,,,,,,,,,,,,,,0.171875,1910,2048,938.67578125,1082.8046875,201,201,4096,4096,4096,12.137822879012674,7.835070251021534,,,,,,,,,1,-1,0.34069257193462343,0,0,1,,,,,,11.436986923217773,0.02218703366816044,0.9051041603088379,0.008155914023518562,0.9972655177116394,,,,,,,,,,,,,0.004554339975584298,0.000936173447598776,0.00020136998500674963,0.6000979869859293,0.06584459477517157,0.0066971900523640215,0.010279030015226454,0.002633034380778554,0.0004938700003549457,0,0,0,,,,,1,0.6484375,0,166
122,17934.540007982,1788910555.3419173,0.53515625,9.540979117872439e-18,120.1669659614563,0.22723913192749023,1,-1,0.53125,0.3618428409099579,0.0035246650222688913,1.0113239288330078,0.9943583607673645,0.9722833633422852,0,0,0.0064338333904743195,0.0004723892780020833,1.0004724264144897,0.17396444082260132,0.012195932678878307,0.012030390091240406,0.005674345418810844,0.0004723892780020833,1,1,0.0004723892780020833,1,7.5625,235.8125,0.008057400337004767,0.03125,0,7509.40625,0,7.578942454216539,0.10669761116566273,0.5677805604334905,17008.40625,0.8292524824148099,6207.25,4.396424304926768,0.6877516308577278,20642.25,0.9051970868710661,6784.75,0.5268878825008869,0.011755795630885583,0.4083834274093394,12372.625,0.7563279307942782,5697.84375,4.571648955345154,0.96875,0,2.7972005987855657,0.22366416731794725,0,6.094400443085845,0.10697654683984906,,,,,,,,,,,,,,,,0.23828125,1939,2048,984.6015625,1139.37109375,267,267,4096,4096,4096,12.407567337038927,7.716380383004434,,,,,,,,,1,-1,0.3321620578167549,0,0,1,,,,,,11.973684310913086,0.022430527955293655,0.9896758794784546,0.008205629885196686,0.9968997836112976,,,,,,,,,,,,,0.006017200008500367,0.001029408721933578,0.0001652910141274333,0.5999604479875416,0.04949620906495511,0.00800812995294109,0.009547769965138286,0.0026053915937609418,0.0004836000152863562,0,0,0,,,,,1,0.53515625,0,137
123,18066.569131011,1788910685.1251323,0.546875,3.903127820947816e-18,118.81976294517517,0.22055724263191223,1,-1,0.5,0.3567890524864197,0.003222137223929167,1.0071773529052734,0.9946519732475281,0.9719023704528809,0,0,0.006096901837736368,0.0001711980439722538,1.000171184539795,0.19523869454860687,0.02960144355893135,0.029109375551342964,0.005380850285291672,0.0001711980439722538,1,1,0.0001711980439722538,1,7.53125,241.5625,0.007820488921212563,0.03125,0,7876.8125,0,8.375969749719781,0.08858226022048032,0.5643061635658015,17743.3125,0.8250428518321983,6478,4.6480993600562215,0.6872817500004725,21622.03125,0.9031686069800904,7098.46875,0.6228511957451701,0.012930151681542391,0.4025286782355376,12809.09375,0.7481279310234104,5920.59375,5.061205327510834,1.40625,0,2.755774336194306,0.20907359598423242,0,8.10259590329872,0.07434509991194618,,,,,,,,,,,,,,,,0.23828125,1910,2048,979.5390625,1139.7265625,249,249,4096,4096,4096,12.493791036016773,8.218524642987177,,,,,,,,,0.8571428571428572,-1,0.24743582965269675,0,0,1,,,,,,12.026045799255371,0.021800102666020393,0.9942706823348999,0.008049488067626953,0.9970184564590454,,,,,,,,,,,,,0.0516669389908202,0.0012877858537194697,0.0001710799988359213,0.580764448037371,0.06052701768294355,0.006168059015180916,0.009269939095247537,0.0026128290101041785,0.0005153989768587053,0,0,0,,,,,1,0.546875,0,140
124,18198.160995618,1788910817.4231296,0.48046875,8.673617379884035e-19,121.04580211639404,0.11944504827260971,0.8571428656578064,-1,0.3125,0.3562285304069519,0.002172407926991582,1.0086345672607422,0.9946718811988831,0.9702229499816895,0,0,0.006061001680791378,0.00015771167818456888,1.0001577138900757,0.07715350389480591,0.01659594103693962,0.016364581882953644,0.005360138602554798,0.00015771167818456888,1,1,0.00015771167818456888,1,7.4375,228.53125,0.007481578332759085,0.03125,0,7836.3125,0,10.719308341893228,0.13675095757309708,0.5682481405579689,17691.28125,0.8306153807623371,6465.5625,4.363432987374836,0.6896047251405217,21588.3125,0.9069404036757174,7081.78125,0.5974109778180718,0.011573402101104188,0.40396280610460483,12667.6875,0.7523150699364833,5877.59375,4.453920245170593,0.78125,0,3.6014711341218235,0.19324004785279436,0,7.592525815195451,0.12524351847588178,,,,,,,,,,,,,,,,0.3203125,1894,2048,1090.4375,1280.51171875,268,268,4096,4096,4096,13.080864403978921,8.021477386995684,,,,,,,,,1,-1,0.2660654361741311,0,0,1,,,,,,11.108318328857422,0.021683843806385994,0.9721079468727112,0.007996492087841034,0.9966663122177124,,,,,,,,,,,,,0.00621387897990644,0.0009882904910227808,0.0001873099827207625,0.5990927569800988,0.06543183799840335,0.0038389000110328197,0.05402523902012035,0.002751215951775521,0.00043531000846996903,0,0,0,,,,,1,0.48046875,0,123
125,18333.064592794,1788910948.8433914,0.52734375,1.734723475976807e-18,120.48610329627991,0.1339516043663025,1,-1,0.34375,0.34253036975860596,0.001883458811789751,1.00714111328125,0.9944479465484619,0.9739298820495605,0,0,0.006285020150244236,0.00021875801030546427,1.0002187490463257,0.1495533436536789,0.009845101274549961,0.00971332285553217,0.005584808066487312,0.00021875801030546427,1,1,0.00021875801030546427,1,7.6875,260.9375,0.007951215402078823,0.03125,0,8723.5,0,6.646299948165931,0.09415038914129124,0.560415280337234,19511.8125,0.8209494759144642,7138.46875,4.629663578700274,0.6893040544115145,24004.65625,0.9028208176687997,7852.03125,0.5626042326912284,0.013481684021701641,0.3960483791663272,13948.40625,0.7406325622939505,6486.09375,5.612819314002991,1.875,0,2.985038931742606,0.20240341596296613,0,5.863952287606605,0.08588012131883764,,,,,,,,,,,,,,,,0.3125,1913,2048,1092.25390625,1258.6875,219,219,4096,4096,4096,12.823515397962183,8.298612551006954,,,,,,,,,1,-1,0.28682818578944663,0,0,1,,,,,,10.89555835723877,0.0215956661850214,0.9771320223808289,0.00794596504420042,0.996703028678894,,,,,,,,,,,,,0.004258728993590921,0.0009534569217066746,0.00017954001668840647,0.5742478180327453,0.04963082579843103,0.005208149028476328,0.00631007004994899,0.002483180870740398,0.0005460099782794714,0,0,0,,,,,1,0.52734375,0,135
126,18471.447200494,1788911083.5623503,0.5234375,6.938893903907228e-18,123.82321691513062,0.1655394285917282,1,-1,0.34375,0.3416605591773987,0.0022069308906793594,1.0054616928100586,0.9946155548095703,0.9718799591064453,0,0,0.006053381599485874,0.00011792662553489208,1.0001180171966553,0.14647921919822693,0.04106710106134415,0.04069104790687561,0.005413833074271679,0.00011792662553489208,1,1,0.00011792662553489208,1,7.53125,262,0.008078030733659852,0.03125,0,8738.03125,0,11.121832544805153,0.09070620585623237,0.5617764551770664,19546.53125,0.8225473981187993,7151,5.275381698738784,0.6880530531778812,23980.59375,0.9023038181404368,7854.28125,0.583380464464426,0.012511828777232812,0.3960423698965162,13925.625,0.7415008512316281,6484.71875,4.6392263770103455,1.09375,0,2.823882017693763,0.10310669965512151,0,10.907505211571163,0.06084087461306412,,,,,,,,,,,,,,,,0.37890625,2048,2048,1132.80078125,1286.65234375,269,269,4096,4096,4096,12.964905825967435,8.055511976010166,,,,,,,,,1,-1,0.28121456692899327,0,0,1,,,,,,12.910237312316895,0.022103769704699516,0.9440671801567078,0.007950551807880402,0.9965375661849976,,,,,,,,,,,,,0.0036917499965056777,0.0010134907606698107,0.00021334999473765492,0.631674598029349,0.05697179485059678,0.004882899986114353,0.00786181993316859,0.0025454365559198777,0,0,0,0,,,,,1,0.5234375,0,134
127,18603.906295474,1788911221.9711037,0.48828125,0,127.50535368919373,0.16154448688030243,1,-1,0.40625,0.33732011914253235,0.002272780053317547,1.006749153137207,0.9949164390563965,0.9749727249145508,0,0,0.005770327523350716,0.00014049559831619263,1.0001404285430908,0.1668301820755005,0.04432898759841919,0.04383006691932678,0.005111231002956629,0.00014049559831619263,1,1,0.00014049559831619263,1,7.5,265.59375,0.008086735716335006,0.03125,0,9062.40625,0,17.35928988104814,0.12041525468379707,0.56164437032371,20252.5625,0.8226764808935912,7405.8125,5.372741542872973,0.6895518428090186,24894.4375,0.9032773150834381,8142.125,0.5519413072615862,0.01258281870221827,0.39282966243335615,14330.375,0.7360127995922154,6682.40625,4.754320502281189,1.4375,0,2.978773479073017,0.1750761201449288,0,18.316115651009525,0.11352895816763409,,,,,,,,,,,,,,,,0.43359375,1892,2048,1281.55859375,1489.2734375,254,254,4096,4096,4096,13.848287208005786,7.969263417995535,,,,,,,,,1,-1,0.34901464795878684,0,0,1,,,,,,11.13414478302002,0.02106158435344696,0.9619287252426147,0.0076435636729002,0.9966379404067993,,,,,,,,,,,,,0.0061136099975556135,0.0010288854673490277,0.0002163999597541988,0.5947576180333272,0.05795347727348599,0.0050837090238928795,0.008694549032952636,0.0027972015043360443,0.0005164900212548673,0,0,0,,,,,1,0.48828125,0,125
128,18735.843841011,1788911353.9835784,0.55859375,0,121.56033515930176,0.24033325910568237,1,-1,0.59375,0.32504409551620483,0.0029336020816117525,1.00445556640625,0.9941706657409668,0.9738783836364746,0,0,0.006254431791603565,0.00043409201316535473,1.000434160232544,0.2441920042037964,0.049238912761211395,0.048779167234897614,0.0058596134185791016,0.00043409201316535473,1,1,0.00043409201316535473,1,7.6875,315.625,0.008493454399096479,0.03125,0,10252.46875,0,9.426849680879995,0.09215009438606725,0.5574706335503554,22764.84375,0.8171523536727248,8341.6875,5.743947037961334,0.6900165507791849,28256.0625,0.9012277299614566,9215.15625,0.6028240490704775,0.013731593306616448,0.3920620171646185,16112,0.7353186463552017,7539.28125,5.426412642002106,1.78125,0,3.414634189477235,0.09512999387553425,0,9.409737480886097,0.07008126402951659,,,,,,,,,,,,,,,,0.33984375,1938,2048,1104.41015625,1249.46484375,251,251,4096,4096,4096,12.752298609993886,8.041907866019756,,,,,,,,,0.7142857142857143,-1,0.35445416502284305,0,0,1,,,,,,10.886139869689941,0.02063518390059471,0.9669547080993652,0.007609679829329252,0.9969866871833801,,,,,,,,,,,,,0.005220990045927465,0.0009242910352895706,0.00019767001504078507,0.5973345979582518,0.058641700513362593,0.004867111041676253,0.010311949939932674,0.0022414424233829777,0.00045264000073075294,0,0,0,,,,,1,0.55859375,0,143
129,18869.456361003,1788911486.3525617,0.625,1.0408340855860843e-17,121.50406265258789,0.2713143229484558,0.7142857313156128,-1,0.5625,0.33518898487091064,0.0028668148443102837,1.0064096450805664,0.9951032996177673,0.9746332168579102,0,0,0.005521221552044153,9.190081618726254e-05,1.0000920295715332,0.21613988280296326,0.08387809991836548,0.08299937844276428,0.004921857267618179,9.190081618726254e-05,1,1,9.190081618726254e-05,1,7.625,250.75,0.00729254058305681,0.03125,0,8835.28125,0,7.1759392565757345,0.11314892745302299,0.5544415722456418,19458.34375,0.8136100172264138,7136.625,4.939936318536638,0.6844123562684812,24150.53125,0.8956851797141101,7884.46875,0.5493023779708892,0.010531141372492756,0.38937403173760365,13763.53125,0.7312361451932834,6445.84375,4.372408509254456,1.375,0,2.8501596819505726,0.11806582019402644,0,7.6357645194850186,0.08289257048119861,,,,,,,,,,,,,,,,0.23046875,1939,2048,1104.95703125,1255.23046875,268,268,4096,4096,4096,12.764523414021824,7.76475712104002,,,,,,,,,1,-1,0.36246041303900783,0,0,1,,,,,,9.100643157958984,0.020606352016329765,0.9711650609970093,0.007683073170483112,0.9969315528869629,,,,,,,,,,,,,0.055472469015512615,0.001102393063092677,0.00018069002544507384,0.5706117179943249,0.05239996575164696,0.004937838995829225,0.009118809830397367,0.0024285000231429876,0.0004294599639251828,0,0,0,,,,,1,0.625,0,160
130,19007.337860793,1788911619.9397655,0.59765625,2.0816681711721685e-17,122.73948979377747,0.26194560527801514,1,-1,0.625,0.3349876403808594,0.0030636468436568975,1.005178451538086,0.994714617729187,0.9734597206115723,0,0,0.0057365307584404945,0.000250835670158267,1.0002508163452148,0.18891169130802155,0.046735044568777084,0.045903537422418594,0.005312574096024036,0.000250835670158267,1,1,0.000250835670158267,1,7.59375,256.28125,0.0074531045186253045,0.03125,0,8839.65625,0,6.831619462022307,0.08899844512912518,0.5575985909310586,19647.59375,0.8179824213190636,7198.15625,4.114849086618051,0.6867346765949338,24221,0.899340628106706,7924.625,0.530458765104413,0.010346796301912303,0.3914050439921981,13878.21875,0.7345432710520939,6493.96875,4.653577744960785,0.90625,0,2.895236117241015,0.170038025265259,0,6.513701009611567,0.0735716814365653,,,,,,,,,,,,,,,,0.296875,1938,2048,1144.03125,1283.44921875,260,260,4096,4096,4096,12.901825045992155,7.936678632977419,,,,,,,,,1,-1,0.39204461428750265,0,0,1,,,,,,9.359702110290527,0.020074764266610146,0.9691045880317688,0.007301843725144863,0.9970793128013611,,,,,,,,,,,,,0.004273518978152424,0.0008781406327216246,0.00019178004004061222,0.6037998159881681,0.05237967228435991,0.007091109990142286,0.006889260024763644,0.0023502228643792478,0.0004017399623990059,0,0,0,,,,,1,0.59765625,0,153
131,19143.839504774,1788911757.71691,0.4453125,6.938893903907228e-18,126.96746945381165,0.31968754529953003,1,-1,0.6875,0.32222801446914673,0.0026805982924997807,1.0056781768798828,0.9949126243591309,0.9725837707519531,0,0,0.005614756606519222,0.0002455266658216715,1.0002455711364746,0.25053709745407104,0.08481119573116302,0.08377307653427124,0.005114568397402763,0.0002455266658216715,1,1,0.0002455266658216715,1,7.46875,255.5,0.0076666560177799875,0.03125,0,9152.25,0,7.023139231482153,0.09551072808120159,0.5489565037034357,19948.15625,0.8060238924251966,7322.5625,4.833289953647181,0.6807875109521686,24830.59375,0.8897777872376482,8100.78125,0.5353413526900113,0.01146174168016664,0.3831256944503362,14006.4375,0.7215149663788943,6578.1875,4.769001007080078,1.03125,0,2.5021795994515976,0.09006631411856497,0,6.6744500764551,0.07144855822914364,,,,,,,,,,,,,,,,0.3828125,1939,2048,1241.01171875,1394.953125,260,260,4096,4096,4096,14.55900049500633,8.100144649972208,,,,,,,,,1,-1,0.24222607082590242,0,0,1,,,,,,9.43610668182373,0.02018085867166519,0.9718963503837585,0.007384643889963627,0.9967214465141296,,,,,,,,,,,,,0.006909860006999224,0.0010063562494906364,0.00017303996719419956,0.6518065450363792,0.06228533790203983,0.0027590690297074616,0.04752059897873551,0.002639798154405071,0.0004699300043284893,0,0,0,,,,,1,0.4453125,0,114
132,19280.804437755,1788911894.5202188,0.6015625,1.3010426069826053e-18,125.795654296875,0.10497687011957169,1,-1,0.3125,0.3249650299549103,0.0023524898570030928,1.0083189010620117,0.9953290820121765,0.9784145355224609,0,0,0.005312926601618528,0.00017831241711974144,1.000178337097168,0.08965528011322021,-0.0015587066300213337,-0.0017099773976951838,0.004691964481025934,0.00017831241711974144,1,1,0.00017831241711974144,1,7.6875,278.5,0.007133473582966178,0.03125,0,9928.09375,0,12.04052248660664,0.10682159926943315,0.5524558578277401,21731.84375,0.8118641794627259,7988.8125,4.69875311589567,0.6824988274185828,26996.9375,0.8939117904854015,8823.25,0.5727691389620304,0.010686525139830975,0.38792694414604856,15339.21875,0.7314081088664843,7219.78125,4.535372376441956,1.40625,0,2.8781638959409355,0.1279515059982595,0,11.895852758624482,0.09276864062020006,,,,,,,,,,,,,,,,0.33984375,1961,2048,1209.56640625,1361.96875,255,255,4096,4096,4096,13.600977387046441,8.080179198994301,,,,,,,,,0.8571428571428572,-1,0.24743582965269675,0,0,1,,,,,,8.138928413391113,0.020227942615747452,0.938481330871582,0.007435655687004328,0.9965268969535828,,,,,,,,,,,,,0.0041812999988906085,0.0010316391965261573,0.00019869999960064888,0.12397101701935753,0.03733478740036844,0.004460500029381365,0.06427596800494939,0.002755611870497887,0.0004363800399005413,0,0,0,,,,,1,0.6015625,0,154
133,19415.289560131,1788912031.4834363,0.6015625,7.806255641895632e-18,125.90499973297119,0.11574706435203552,0.8571428656578064,-1,0.28125,0.32255545258522034,0.001461243606172502,1.0062637329101562,0.995202898979187,0.9774470329284668,0,0,0.005360154900699854,0.00018640013877302408,1.0001864433288574,0.08034878969192505,0.01734878495335579,0.01723661459982395,0.0048203920014202595,0.00018640013877302408,1,1,0.00018640013877302408,1,7.625,268.21875,0.007086687642225819,0.03125,0,9676.53125,0,11.586402228109216,0.13966225703215918,0.5505013901225111,21192.71875,0.810665723561384,7802.34375,4.160268741892651,0.686060580545943,26478.625,0.8961735664173858,8635.28125,0.5435201530344784,0.010539153756668794,0.38177711910667433,14882.84375,0.7233643797090732,7011.9375,4.763648808002472,1.59375,0,4.162308172159732,0.15753001927541255,0,13.482683910917459,0.140091587762622,,,,,,,,,,,,,,,,0.30078125,1961,2048,1237.2265625,1375.83984375,258,258,4096,4096,4096,13.377000740962103,8.101792528992519,,,,,,,,,1,-1,0.32732683535398854,0,0,1,,,,,,8.931777954101562,0.020771075040102005,0.9882792830467224,0.00760462274774909,0.9965035915374756,,,,,,,,,,,,,0.004750409978441894,0.0009290241048347525,0.00020102004054933786,0.5954076669877395,0.055992231590153096,0.00855017895810306,0.011589669971726835,0.0026139685987800476,0.00048620899906381965,0,0,0,,,,,1,0.6015625,0,154
134,19549.943000131,1788912166.4868238,0.5546875,8.673617379884035e-18,123.9288330078125,0.18496350944042206,1,-1,0.4375,0.3241427540779114,0.003021431155502796,1.0046863555908203,0.9949822425842285,0.9754838943481445,0,0,0.005544241983443499,0.00040216546040028334,1.0004022121429443,0.13499154150485992,-0.004449913278222084,-0.004510042257606983,0.005044070538133383,0.00040216546040028334,1,1,0.00040216546040028334,1,7.65625,283.46875,0.0076707607061992835,0.03125,0,9897.8125,0,7.456081476791833,0.1013354162380306,0.5516994636525736,21753.78125,0.8110272285294664,7987.375,4.7877640623482876,0.6834650827076196,26974.5625,0.8947599251553081,8820.6875,0.5168131031095982,0.011579303165905826,0.38646415476661244,15362.125,0.7280421187140022,7208.09375,4.607631981372833,1.28125,0,2.9629753120579556,0.13234062744705824,0,7.194478073723667,0.09307957402825631,,,,,,,,,,,,,,,,0.3671875,1938,2048,1191.265625,1344.21484375,269,269,4096,4096,4096,13.301491792022716,8.265745645039715,,,,,,,,,1,-1,0.21128856368212914,0,0,1,,,,,,9.541400909423828,0.020476622506976128,0.9624476432800293,0.007548518478870392,0.9967764616012573,,,,,,,,,,,,,0.00540992000605911,0.0010355712897762714,0.00019560998771339655,0.6015840169857256,0.04334642574735881,0.0027255999739281833,0.008325610077008605,0.0023946220806010388,0.00047902000369504094,0,0,0,,,,,1,0.5546875,0,142
135,19685.533071042,1788912301.0168512,0.48046875,3.469446951953614e-18,123.10523176193237,0.09199307858943939,1,-1,0.25,0.32955658435821533,0.0014487236039713025,1.0056285858154297,0.9954456090927124,0.9779090881347656,0,0,0.005051400046795607,5.05989883095026e-05,1.000050663948059,0.07276012748479843,0.022944452241063118,0.022833025082945824,0.004575979895889759,5.05989883095026e-05,1,1,5.05989883095026e-05,1,7.625,261.21875,0.006655230486931328,0.03125,0,9530.125,0,13.56458305361485,0.1509276697472701,0.5561877845677992,21099.15625,0.8183663434777206,7756.5,4.203415581025183,0.6866383785688002,26120.65625,0.8999075337666332,8546.03125,0.557731868699193,0.010351114366958826,0.3878443836067804,14872.15625,0.7337363948792841,7004.125,4.519472122192383,1.65625,0,3.504857157940628,0.15962652172373132,0,13.914910252037656,0.12760146705880204,,,,,,,,,,,,,,,,0.37890625,1961,2048,1155.09375,1289.76171875,221,221,4096,4096,4096,13.128377396962605,8.20989144698251,,,,,,,,,1,-1,0.23555189211201644,0,0,1,,,,,,8.643852233886719,0.01990305818617344,0.9427238702774048,0.007373039145022631,0.9966176748275757,,,,,,,,,,,,,0.006269638950470835,0.0010110054188317008,0.0001990000018849969,0.590728566981852,0.048206453679085826,0.004937549994792789,0.007849359069950879,0.0021100125463817676,0.0004896500031463802,0,0,0,,,,,1,0.48046875,0,123
136,19818.191653336,1788912435.9646068,0.578125,8.673617379884035e-18,124.12975406646729,0.10944307595491409,1,-1,0.25,0.3220847249031067,0.0016205222345888615,1.0120506286621094,0.9963728189468384,0.964360237121582,0,0,0.004471814259886742,0.00013828394003212452,1.000138282775879,0.07653471827507019,0.01858244463801384,0.018473641946911812,0.0036467639729380608,0.00013828394003212452,1,1,0.00013828394003212452,1,7.59375,233.96875,0.005675577928057984,0.03125,0,9240.75,0,19.105070344028096,0.2401576782555795,0.5519857919453492,20284.40625,0.8146355418066573,7476.5625,3.5520981145091355,0.6880240991959035,25353.875,0.899202211152891,8273.59375,0.5255578979849815,0.009083305523379149,0.3771902417176949,14127.9375,0.7199497815035727,6689.625,4.360324203968048,1.34375,0,3.0234088699854578,0.2350244317947014,0,19.28906066605331,0.2343367934953428,,,,,,,,,,,,,,,,0.28125,1939,2048,1152.296875,1285.3359375,285,285,4096,4096,4096,13.069970128999557,8.571351669030264,,,,,,,,,1,-1,0.3030457633656632,0,0,1,,,,,,8.046431541442871,0.02075055241584778,0.8718808889389038,0.007611540146172047,0.9965351223945618,,,,,,,,,,,,,0.00800845999037847,0.0010496749339381495,0.0001959499786607921,0.6058620059629902,0.05484945786611206,0.002440439013298601,0.008165300008840859,0.0024137423879437847,0.00045301002683117986,0,0,0,,,,,1,0.578125,0,148
137,19951.575542436,1788912569.3041909,0.609375,3.0357660829594124e-18,121.79741048812866,0.16471776366233826,1,-1,0.375,0.33146435022354126,0.002543471520766616,1.006169319152832,0.996122419834137,0.9789109230041504,0,0,0.004529162310063839,0.0003604763187468052,1.0003604888916016,0.10692602396011353,0.00279145035892725,0.0028656506910920143,0.003894622903317213,0.0003604763187468052,1,1,0.0003604763187468052,1,7.59375,238.6875,0.006328169964154707,0.03125,0,9218.375,0,15.565422510250068,0.18784291988920843,0.5557834001934914,20384.65625,0.8179296264863078,7499.875,3.9283359348773956,0.6860695909799986,25238,0.8996153937456218,8263.15625,0.5142298638820648,0.009115152742780465,0.3863754517789846,14350.1875,0.7324945577958883,6762,4.480182409286499,1.1875,0,3.064598932332231,0.18962066511385872,0,13.33693974348326,0.1813480476340264,,,,,,,,,,,,,,,,0.27734375,1961,2048,1075.0703125,1215.94921875,302,302,4096,4096,4096,12.744366743019782,7.928411455999594,,,,,,,,,1,-1,0.15152288168283162,0,0,1,,,,,,8.753015518188477,0.020767854526638985,0.87012779712677,0.0076243202202022076,0.9966195821762085,,,,,,,,,,,,,0.0050981700187548995,0.0009214627784785989,0.00022031000116840005,0.6358776169945486,0.05624065005486045,0.006494080007541925,0.05449884902918711,0.0023709429551672656,0.00048460898688063025,0,0,0,,,,,1,0.609375,0,156
138,20087.104085378,1788912702.7088153,0.578125,2.6020852139652106e-18,121.8924241065979,0.04405172914266586,1,-1,0.125,0.3348686695098877,0.001056322013027966,1.0069751739501953,0.9960821866989136,0.9639754295349121,0,0,0.004849971272051334,6.645591929554939e-05,1.0000665187835693,0.03678686171770096,0.006513805128633976,0.00641159201040864,0.003939790651202202,6.645591929554939e-05,1,1,6.645591929554939e-05,1,7.53125,226.59375,0.006350609818832961,0.03125,0,8600.5625,0,11.641755788932244,0.22516486803483618,0.5625351221883281,19264.125,0.8288464728870754,7094.34375,3.879184855148196,0.6927236551478559,23792.90625,0.9094430555343719,7798.625,0.6349942432716489,0.009803706198057649,0.386959427475762,13481.375,0.7366446584881277,6369.90625,4.391850233078003,1.25,0,2.8480894762078233,0.21149442648415645,0,8.076399515335778,0.2271030381677112,,,,,,,,,,,,,,,,0.3125,1939,2048,1135.7734375,1291.3515625,310,310,4096,4096,4096,13.119263535016216,8.681290370994247,,,,,,,,,1,-1,0.2230356427999428,0,0,1,,,,,,6.34833288192749,0.02078111469745636,0.9695825576782227,0.0077226534485816956,0.9964742064476013,,,,,,,,,,,,,0.005505749955773354,0.0010261226630063902,0.00018722994718700647,0.6010835460037924,0.05871438190956724,0.0024397799861617386,0.009307930013164878,0.002456514780078578,0.00043115997686982155,0,0,0,,,,,1,0.578125,0,148
139,20218.791529555,1788912838.3993776,0.66796875,-2.6020852139652106e-18,124.02127313613892,0.09451279044151306,1,-1,0.25,0.3373209238052368,0.001346563221886754,1.0064926147460938,0.9951009154319763,0.9643244743347168,0,0,0.0055042169988155365,9.47713851928711e-05,1.0000947713851929,0.08718428015708923,0.009402424097061157,0.009201986715197563,0.004926907364279032,9.47713851928711e-05,1,1,9.47713851928711e-05,1,7.65625,251.46875,0.0073865707791519915,0.03125,0,9086.1875,0,5.461878160215841,0.17498772193794535,0.5625833718020783,20342.46875,0.8282753552242252,7489.53125,3.61002607550472,0.6898126724846028,25042.25,0.9069075738492562,8221.4375,0.5228082165122032,0.011187789865661744,0.39440007625574613,14418.84375,0.7449546986259605,6777.71875,4.7703551054000854,1.75,0,3.8787617705648767,0.15797107569621274,0,6.571119842224906,0.15585296678768223,,,,,,,,,,,,,,,,0.25,1913,2048,1084.34375,1237.19140625,239,239,4096,4096,4096,13.381072364980355,8.552411755023059,,,,,,,,,0.8571428571428572,-1,0.24090602791485788,0,0,1,,,,,,7.640865325927734,0.021197782829403877,0.9059245586395264,0.007864932529628277,0.9964802265167236,,,,,,,,,,,,,0.004995089024305344,0.0009475318395288923,0.00018089998047798872,0.6015764269977808,0.06058046949965501,0.005381110007874668,0.00852243002736941,0.0025687508700684702,0.0005526400054804981,0,0,0,,,,,1,0.66796875,0,171
140,20348.002859516,1788912969.4735355,0.64453125,3.469446951953614e-18,119.95263004302979,0.10721048712730408,0.8571428656578064,-1,0.28125,0.3415940999984741,0.00204143556766212,1.0081043243408203,0.995428204536438,0.9774737358093262,0,0,0.0052026440389454365,0.00016661291010677814,1.000166654586792,0.06223118305206299,0.007517742924392223,0.007374248467385769,0.0045942021533846855,0.00016661291010677814,1,1,0.00016661291010677814,1,7.8125,241.59375,0.0069946265115788595,0.03125,0,8674.75,0,17.247402695476055,0.1568276737458304,0.5644566664593478,19487.96875,0.8308764697188767,7175,4.0755733081605285,0.6903313950948162,23939.71875,0.9084955971837994,7865.84375,0.5673702247440815,0.010184201936019838,0.3989686349431992,13906.15625,0.750242313120989,6513.5,3.992622435092926,2,0,3.4398305740292843,0.1398856644948795,0,19.288615629481836,0.1404034429787234,,,,,,,,,,,,,,,,0.1953125,1910,2048,991.3125,1129.8125,230,230,4096,4096,4096,12.542860747023951,8.705862191040069,,,,,,,,,1,-1,0.29558830995083657,0,0,1,,,,,,7.524813652038574,0.021371735259890556,0.9122458696365356,0.007966761477291584,0.9968656301498413,,,,,,,,,,,,,0.0048980689607560635,0.000927589108414395,0.00018277100753039122,0.6697551459656097,0.056104878276528325,0.0025523199583403766,0.007136149914003909,0.0023104030449303536,0.000521250010933727,0,0,0,,,,,1,0.64453125,0,165
141,20492.125464193,1788913099.5179622,0.77734375,0,118.19453382492065,0.1666160523891449,1,-1,0.40625,0.3515773117542267,0.0021209195256233215,1.008894920349121,0.9953628778457642,0.969841480255127,0,0,0.005354032851755619,0.0003332521300762892,1.000333309173584,0.11958306282758713,0.014982839114964008,0.014803575351834297,0.004663232248276472,0.0003332521300762892,1,1,0.0003332521300762892,1,7.5625,224.375,0.006592612203726023,0.03125,0,7930.5,0,11.924341832528,0.1924100625190756,0.5707955244409111,18146.125,0.8381549793041825,6657.40625,3.282631702721119,0.6922535332622672,21991.25,0.9128230957960204,7249.15625,0.5317393820732832,0.009769422926515706,0.4018523309622962,12960,0.7563057978228103,6060.4375,4.612371027469635,0.9375,0,2.6790878511015457,0.21271795595412674,0,10.544839292686177,0.16165721856689869,,,,,,,,,,,,,,,,0.15625,1874,2048,932.8671875,1056.05078125,271,271,4096,4096,4096,11.585880967963021,8.209107272035908,,,,,,,,,1,-1,0.25379768577771245,0,0,1,,,,,,7.687846660614014,0.021376274526119232,0.9293190240859985,0.007936942391097546,0.9968886375427246,,,,,,,,,,,,,0.004882170003838837,0.0010161389366203366,0.0002157499548047781,0.6305281160166487,0.055245772208991184,0.004038990009576082,0.009216438978910446,0.0024987081278595724,0.0004015800077468157,0,0,0,,,,,1,0.77734375,0,199
142,20634.996536887,1788913243.3110147,0.55078125,1.734723475976807e-18,132.16614747047424,0.12331606447696686,1,-1,0.3125,0.35379713773727417,0.0016586282290518284,1.0083656311035156,0.9965372681617737,0.971282958984375,0,0,0.004872155375778675,0.00024202745407819748,1.0002421140670776,0.09530743211507797,0.016865801066160202,0.01674146205186844,0.0034835245460271835,0.00024202745407819748,1,1,0.00024202745407819748,1,7.46875,201,0.005589139104999894,0.03125,0,7462.9375,0,5.609724753310587,0.27260611841274923,0.5693540464292277,17018.40625,0.8367656111116881,6251.90625,3.0073867731262,0.6925614549123666,20727.25,0.9126246975471995,6822.53125,0.47709402814507484,0.007420262755990237,0.39789472238323453,12109.96875,0.7518358143296154,5676.9375,3.2046786546707153,1.25,0,2.5477218038002984,0.25491601827425686,0,5.851434299743027,0.2610011696356236,,,,,,,,,,,,,,,,0.33203125,1910,2048,1245.8984375,1412.3203125,276,276,4096,4096,4096,14.244524500973057,8.737401039979886,,,,,,,,,0.5714285714285714,-1,0.2934227986634818,0,0,1,,,,,,5.914585113525391,0.021152453497052193,0.9410987496376038,0.007933919318020344,0.9963587522506714,,,,,,,,,,,,,0.047411788953468204,0.0013358429225718282,0.00017235998529940844,0.6851786450133659,0.07906187647540719,0.002396051015239209,0.009096370020415634,0.002950904728095338,0.0005890500033274293,0,0,0,,,,,1,0.55078125,0,141
143,20764.180970452,1788913385.7627835,0.5703125,0,131.2978641986847,0.1525421440601349,0.5714285969734192,-1,0.3125,0.3432849049568176,0.002148096915334463,1.0060834884643555,0.9949582815170288,0.9789257049560547,0,0,0.005561775993555784,0.0003495776327326894,1.0003496408462524,0.07821391522884369,0.0044715628027915955,0.004521511495113373,0.005065693520009518,0.0003495776327326894,1,1,0.0003495776327326894,1,7.65625,308.1875,0.007352039679482609,0.03125,0,9967.1875,0,6.820716812006976,0.10688147812276938,0.5690984376586907,22661.6875,0.8354964777484325,8316.3125,3.3614711612462997,0.69141155082497,27600.25,0.9109814785522856,9082.875,0.5701138473814353,0.009740535972799145,0.4066560623918984,16378.46875,0.7623939618384992,7637.1875,4.535381197929382,2.375,0,3.064514648398746,0.12884170393601965,0,6.805744876490024,0.10222695528220477,,,,,,,,,,,,,,,,0.34375,1939,2048,1180.87890625,1360.73046875,245,245,4096,4096,4096,13.841306839021854,8.643831102002878,,,,,,,,,1,-1,0.27893748842523763,0,0,1,,,,,,6.2065911293029785,0.020535560324788094,0.9307689070701599,0.007760215550661087,0.9967995285987854,,,,,,,,,,,,,0.004362209001556039,0.0009563157611864881,0.00019735004752874374,0.6247183359810151,0.047174118532439024,0.006141010031569749,0.009937910072039813,0.0028804977771414997,0.0004940999788232148,0,0,0,,,,,1,0.5703125,0,146
144,20901.108525277,1788913514.5591567,0.6171875,8.673617379884035e-19,118.06449365615845,0.13487334549427032,1,-1,0.34375,0.3441585302352905,0.0019411927787587047,1.0068750381469727,0.9955112934112549,0.9719405174255371,0,0,0.005273511633276939,0.00031545362435281277,1.000315546989441,0.09901436418294907,0.003397894324734807,0.0034468211233615875,0.004511450417339802,0.00031545362435281277,1,1,0.00031545362435281277,1,7.6875,296.53125,0.0063528844735161825,0.03125,0,9447.03125,0,8.907602462352909,0.16926237915936906,0.5682034311311162,21410.1875,0.835641200130947,7876.9375,2.908617343811784,0.6909013255339456,26121.1875,0.9112181039963062,8605.28125,0.5655917003750801,0.008571518997745864,0.40452863961651714,15481.875,0.7596056541191663,7224.53125,4.375789999961853,2,0,2.892997587456737,0.2041926971796108,0,9.286888707931782,0.1691983419846676,,,,,,,,,,,,,,,,0.265625,1939,2048,941.34765625,1063.515625,259,259,4096,4096,4096,12.275518777023535,8.13822203403106,,,,,,,,,0.7142857142857143,-1,0.23145502494313785,0,0,1,,,,,,5.3515167236328125,0.020354539155960083,0.8770995140075684,0.0077731553465127945,0.9968630075454712,,,,,,,,,,,,,0.006555810978170484,0.0011492996761717222,0.00019839999731630087,0.589377477997914,0.04878921442423234,0.00785474997246638,0.008087189984507859,0.002361515455049812,0.0004724900354631245,0,0,0,,,,,1,0.6171875,0,158
145,21035.532138402,1788913651.7194374,0.5390625,1.3010426069826053e-17,126.15968132019043,0.09798376262187958,0.7142857313156128,-1,0.21875,0.3480423092842102,0.0025234415661543608,1.0089569091796875,0.9962038397789001,0.9609518051147461,0,0,0.005012481007725,9.183771908283234e-05,1.0000919103622437,0.050227973610162735,0.006143468432128429,0.005934465676546097,0.0038210528437048197,9.183771908283234e-05,1,1,9.183771908283234e-05,1,7.5,202.125,0.00569185525689144,0.03125,0,7530.78125,0,5.17980447343609,0.2590121414977082,0.5707367250119177,17194.9375,0.8412710857702539,6336.53125,1.9728774189716205,0.6949130748559494,20975.09375,0.9166236520247716,6911.96875,0.4949480574578047,0.007426700254349701,0.3991761471613142,12316.875,0.7563099828740196,5779.59375,3.6799092888832092,1.03125,0,2.8777239332944164,0.32322231820753344,0,5.545849805062772,0.26148158797308535,,,,,,,,,,,,,,,,0.26171875,1979,2048,1146.4375,1295.10546875,263,263,4096,4096,4096,13.021832208964042,8.003943796036765,,,,,,,,,1,-1,0.30929478706587094,0,0,1,,,,,,5.067218780517578,0.020451415330171585,0.9202980995178223,0.007802451960742474,0.996893584728241,,,,,,,,,,,,,0.006408409972209483,0.0010909556187925773,0.0002073399955406785,0.6238199580111541,0.04632319296456444,0.006139229983091354,0.05428927001776174,0.0030913414207134338,0.0004884299705736339,0,0,0,,,,,1,0.5390625,0,138
146,21164.795093444,1788913785.99032,0.55859375,3.469446951953614e-18,123.4353539943695,0.17162692546844482,1,-1,0.40625,0.3510420620441437,0.0026790054980665445,1.0081682205200195,0.9948955178260803,0.9762330055236816,0,0,0.005739375948905945,0.00040947762317955494,1.000409483909607,0.1610618531703949,-0.0007489281706511974,-0.0008295061998069286,0.0051317233592271805,0.00040947762317955494,1,1,0.00040947762317955494,1,7.5625,281.65625,0.006952649666160336,0.03125,0,9171.5,0,44.94547161718045,0.113656675201106,0.5685420893679054,20806.3125,0.8371513031448978,7667.09375,2.6242777059669606,0.6924841709236936,25428.5625,0.914212753174352,8383.46875,0.4844430908560753,0.009746308718837403,0.4111842190180643,15215.09375,0.76838692698165,7082.1875,5.071895360946655,1.34375,0,3.1715759482766908,0.16816132731293376,0,48.92442317253445,0.10856709625487332,,,,,,,,,,,,,,,,0.2734375,1910,2048,1085.58203125,1259.0703125,244,244,4096,4096,4096,13.005142879963387,8.045888455992099,,,,,,,,,1,-1,0.28234621965789103,0,0,1,,,,,,4.218620777130127,0.02047905884683132,0.9034611582756042,0.007778606377542019,0.997122049331665,,,,,,,,,,,,,0.0049810599884949625,0.000981341202987096,0.00019258999964222312,0.6036975879687816,0.0561166688778485,0.004794429987668991,0.00873534003039822,0.0028684179760603,0.00046498002484440804,0,0,0,,,,,1,0.55859375,0,143
147,21295.715618304,1788913915.0660431,0.7109375,4.336808689942018e-19,118.40405631065369,0.14152377843856812,1,-1,0.3125,0.3489299714565277,0.0022351467050611973,1.0075292587280273,0.9948718547821045,0.9746870994567871,0,0,0.00596265634521842,0.0003785388544201851,1.0003786087036133,0.1339787244796753,-0.0006279516965150833,-0.00059558916836977,0.005156520754098892,0.0003785388544201851,1,1,0.0003785388544201851,1,7.59375,285.03125,0.007227965379037423,0.03125,0,8684.65625,0,6.801592402965,0.1542896777459622,0.5736804234130481,19851.6875,0.8456387817821422,7323.78125,2.2530156489810906,0.6947871125935503,24145.5625,0.9187825661034161,7976.375,0.5071665849536657,0.00906851271546065,0.4139685068011849,14564.1875,0.7753219210583339,6777.0625,4.637173354625702,1.15625,0,3.0802803841681374,0.2133324797129985,0,6.792987674254949,0.15830131063675107,,,,,,,,,,,,,,,,0.1875,1872,2048,963.23046875,1114.234375,245,245,4096,4096,4096,12.40878978103865,8.061036554980092,,,,,,,,,0.8571428571428572,-1,0.262445329583912,0,0,1,,,,,,4.428429126739502,0.020218558609485626,0.9203474521636963,0.007771532982587814,0.9972516298294067,,,,,,,,,,,,,0.007972399005666375,0.0011472406706616312,0.0001837399904616177,0.6188388679875061,0.05418409781918854,0.0023307499941438437,0.010858260036911815,0.002937878938155336,0.0005449900054372847,0,0,0,,,,,1,0.7109375,0,182
148,21430.207266377,1788914045.8616142,0.65234375,5.204170427930421e-18,120.17570495605469,0.11449848115444183,0.8571428656578064,-1,0.28125,0.34876906871795654,0.0028137322515249252,1.0098438262939453,0.9950599670410156,0.9682126045227051,0,0,0.005736754275858402,0.0002884254790842533,1.000288486480713,0.07667563855648041,-0.010126453824341297,-0.010199295356869698,0.004969015717506409,0.0002884254790842533,1,1,0.0002884254790842533,1,7.46875,244.46875,0.006644950340875709,0.03125,0,7705.84375,0,30.084970895998584,0.18859904766310126,0.574417409836794,17706.15625,0.8464258523961595,6527.6875,1.8445694922702387,0.6958003962625512,21484.4375,0.9199530643504681,7101.4375,0.4936694819480181,0.009416451913724384,0.4132917118846394,12992.59375,0.7738568605402758,6036.125,4.693536639213562,0.9375,0,3.115671679214764,0.2643155143053366,0,35.03432537878206,0.17414711135336947,,,,,,,,,,,,,,,,0.17578125,1910,2048,945.484375,1077.2578125,174,174,4096,4096,4096,12.412480578001123,7.9530795269529335,,,,,,,,,1,-1,0.2487212192354307,0,0,1,,,,,,4.398329734802246,0.020156990736722946,0.8121365904808044,0.007728078868240118,0.9976632595062256,,,,,,,,,,,,,0.006343360000755638,0.0009455989375055651,0.0001851800479926169,0.6984353170264512,0.07689870858416725,0.0027156799915246665,0.010167119966354221,0.0025696354105093633,0.0004400499747134745,0,0,0,,,,,1,0.65234375,0,167
149,22338.884493048,1788914181.269424,0.66015625,1.214306433183765e-17,123.97006416320801,0.108936607837677,1,-1,0.28125,0.3551212549209595,0.0023693342227488756,1.0080928802490234,0.9947633147239685,0.9651064872741699,0,0,0.006137464195489883,0.0003107241354882717,1.0003107786178589,0.10805979371070862,-0.000741924624890089,-0.0008261553011834621,0.005268487147986889,0.0003107241354882717,1,1,0.0003107241354882717,1,7.40625,240.96875,0.006802203138482849,0.03125,0,7563.875,0,12.370075202787891,0.15681751436277022,0.5787048699379591,17464.8125,0.8512413134936305,6434.4375,1.6723663420416415,0.6945712181868208,21053.46875,0.9214016331405599,6978.0625,0.4972720108926296,0.008547447201021813,0.4172080388679633,12841.1875,0.7812153288838675,5967.28125,4.119352400302887,0.53125,0,4.227240314942282,0.2902052233163441,0,13.514482015692245,0.1626463659269327,,,,,,,,,,,,,,,,0.20703125,1874,2048,991.60546875,1155.7109375,205,205,4096,4096,4096,13.029097490012646,7.653730083024129,,,,,,,,,0.5714285714285714,-1,0.28682818578944663,0,0,1,,,,,,4.179900169372559,0.020537126809358597,0.856316328048706,0.007908942177891731,0.9974784255027771,,,,,,,,,,,,,0.05371276900405064,0.0012479452850584494,0.00021262001246213913,0.6074025880079716,0.04698124975493556,0.006311019998975098,0.057578649022616446,0.0033129048936189065,0.0005116300308145583,0,0,0,,,,,1,0.66015625,0,169
150,22466.314755025,1788915091.200422,0.6484375,8.673617379884035e-18,897.6289691925049,0.1425681710243225,0.5714285969734192,-1,0.40625,0.35726821422576904,0.0034645115956664085,1.0066184997558594,0.9942389726638794,0.9736356735229492,0,0,0.00642828643321991,0.0003450983203947544,1.0003451108932495,0.059682682156562805,-0.00898294523358345,-0.00917159952223301,0.005793500225991011,0.0003450983203947544,1,1,0.0003450983203947544,1,7.53125,285.8125,0.007507047746317349,0.03125,0,7932.84375,0,9.866684906992965,0.084710322317191,0.5800843965856557,18401.1875,0.8542240330592452,6783.21875,1.6875695624621585,0.6988532433365854,22212.53125,0.9252385094047303,7352.9375,0.5214944388717413,0.009152310401200112,0.4245603694869634,13651.28125,0.7879456837184498,6304.90625,4.430137515068054,0.78125,0,2.6401127161148055,0.255021597450717,0,9.902051505870151,0.0833456136510991,800,150,0.5762500166893005,0.57625,777.432559798006,0.22,2048,2048,962.9437255859375,1147.38375,219,219,4096,4096,4096,0.16796875,1910,2048,894.23046875,1034.80078125,200,200,4096,4096,4096,5.691359669487637,8.386197988991626,1,9.020562075079397e-18,-1,0.20883679038913797,0.35,0.22,0.43,0.57625,0.8571428571428572,-1,0.2696369441168125,0,0,1,6.219182014465332,0.02040370700880885,0.8609824776649475,0.00790869685355574,0.9977193820476532,7.642913341522217,0.020536057651042938,0.9408305287361145,0.00788961723446846,0.9978164434432983,55.212825967988465,6.33052571649132,0.00020678003784269094,55.125267411000095,3.4157582337813075,0.0005436610081233084,72.2208892920753,6.607011155180881,0,0,0,0,0.005327710998244584,0.001053315446142733,0.0002138399868272245,0.6489389169728383,0.05043652088215822,0.005994999024551362,0.00944077002350241,0.002843245305484743,0.0004592500044964254,0,0,0,1,0.57625,0,4.61,1,0.6484375,0,166
151,22591.737898245,1788915216.9823472,0.66015625,3.469446951953614e-18,114.03474760055542,0.12376473844051361,0.8571428656578064,-1,0.34375,0.3652881979942322,0.005123504903167486,1.005838394165039,0.9947042465209961,0.9619026184082031,0,0,0.006029707379639149,0.0005264156498014927,1.0005265474319458,0.09512050449848175,-0.0026751146651804447,-0.0025495169684290886,0.0053275045938789845,0.0005264156498014927,1,1,0.0005264156498014927,1,7.21875,245.03125,0.007048187869566028,0.03125,0,7153.84375,0,51.63874657040099,0.14371446590463643,0.5865887310967971,16785.125,0.8639388675954047,6184.21875,1.291644777636975,0.7009022468677328,20085.5625,0.9312702793183578,6670.90625,0.5039390362799168,0.00871637508570211,0.4272121901295186,12445.3125,0.7948930749907911,5749.34375,4.009970963001251,0.25,0,1.7534271732014282,0.396601756318835,0,51.33173768256246,0.1453099688353438,,,,,,,,,,,,,,,,0.171875,1883,2048,855.859375,1005.33203125,251,251,4096,4096,4096,11.291985808988102,8.545523778011557,,,,,,,,,1,-1,0.2660654361741311,0,0,1,,,,,,3.114114761352539,0.02042367309331894,0.8490850329399109,0.007889305241405964,0.9978879690170288,,,,,,,,,,,,,0.005658799025695771,0.0009549036619773688,0.0002142100129276514,0.6861054850160144,0.05012696560083896,0.002483240037690848,0.0585778679815121,0.002806332203817874,0.0004480800125747919,0,0,0,,,,,1,0.66015625,0,169
152,22715.86778878,1788915342.4601815,0.5859375,0,114.4022958278656,0.1438545137643814,1,-1,0.3125,0.37212735414505005,0.0021796454675495625,1.0079145431518555,0.9952220916748047,0.9603805541992188,0,0,0.005803409963846207,0.0002359338104724884,1.0002360343933105,0.10031827539205551,0.013914333656430244,0.013385147787630558,0.004812843166291714,0.0002359338104724884,1,1,0.0002359338104724884,1,7.1875,221.6875,0.006113213548537881,0.03125,0,6846.875,0,9.778314066019528,0.22520318038558068,0.5875174671275634,16071,0.8654860145815974,5923.25,1.0412946269498207,0.7005226387546867,19210.3125,0.9314135858347607,6383.625,0.4738820120692253,0.006922967402845893,0.4282970590853944,11971.0625,0.7976268983341387,5531.96875,3.2329614758491516,0.25,0,2.0189055895432615,0.42089589273713196,0,9.54507008636315,0.2330884690017072,,,,,,,,,,,,,,,,0.10546875,1841,2048,877.7890625,1039.76953125,227,227,4096,4096,4096,11.270446948998142,8.177177376986947,,,,,,,,,1,-1,0.3535533905932738,0,0,1,,,,,,7.054097652435303,0.020728114992380142,0.9983753561973572,0.0079650292173028,0.997752845287323,,,,,,,,,,,,,0.005666979996021837,0.0009621010808587016,0.0001699199783615768,0.619845766981598,0.04164497131228018,0.003473860037047416,0.006835778942331672,0.0027889075120128837,0.0004056799807585776,0,0,0,,,,,1,0.5859375,0,150
153,22847.22036135,1788915466.4272215,0.80078125,6.938893903907228e-18,113.05945444107056,0.22280634939670563,1,-1,0.53125,0.3689907193183899,0.004619336221367121,1.0094995498657227,0.9947230815887451,0.9742588996887207,0,0,0.006088779307901859,0.0004663491854444146,1.0004665851593018,0.10129610449075699,-0.03596266359090805,-0.03590726479887962,0.005307402461767197,0.0004663491854444146,1,1,0.0004663491854444146,1,7.34375,246.1875,0.0069231166887796115,0.03125,0,7022.3125,0,6.808582796311738,0.13692819586486613,0.5912994102017297,16616.71875,0.8698466527466524,6115.28125,1.4451063244805482,0.702457414388926,19748.8125,0.9351769849582308,6575.34375,0.49537743255496025,0.007838362374707437,0.43584152853708147,12425.875,0.8069682507329187,5723.4375,3.3213852047920227,0.5,0,2.630725498924803,0.4095164985589071,0,6.965689255867099,0.13383760461684702,,,,,,,,,,,,,,,,0.12109375,1787,2048,848.23828125,999.72265625,235,235,4096,4096,4096,11.138077021983918,8.137928056006785,,,,,,,,,1,-1,0.28007834180996644,0,0,1,,,,,,10.103327751159668,0.0203920379281044,0.9637821316719055,0.007942382246255875,0.9976952075958252,,,,,,,,,,,,,0.00417256000218913,0.0009766210619090998,0.00018405995797365904,0.5859264670289122,0.0464883182239646,0.002717848983593285,0.008271820901427418,0.0029070589530419966,0.00039759004721418023,0,0,0,,,,,1,0.80078125,0,205
154,22974.366029956,1788915598.1410425,0.609375,9.540979117872439e-18,120.3964614868164,0.1516011357307434,1,-1,0.375,0.36675354838371277,0.00243120058439672,1.0066766738891602,0.9946106672286987,0.974818229675293,0,0,0.006166012957692146,0.0003214196767657995,1.0003215074539185,0.1114482432603836,0.0026558362878859043,0.0025253728963434696,0.005419392604380846,0.0003214196767657995,1,1,0.0003214196767657995,1,7.28125,227.53125,0.007005412967394152,0.03125,0,6785.90625,0,4.48886981752754,0.15977666946643926,0.588314009227434,15974.6875,0.8674800247963423,5890.375,1.360756651032716,0.7031499309866007,19097.28125,0.9346336638124659,6348.1875,0.4786587730050087,0.007810538145679781,0.43209609200640525,11928.6875,0.8022651329364914,5505.96875,3.8039966225624084,0.40625,0,2.580163962114507,0.4196300654551016,0,4.850362294684725,0.16430428119459567,,,,,,,,,,,,,,,,0.21875,2048,2048,940.27734375,1117.515625,248,248,4096,4096,4096,12.398934618977364,7.969380359980278,,,,,,,,,1,-1,0.2525381361380527,0,0,1,,,,,,4.0126142501831055,0.01983461156487465,0.6478926539421082,0.0076943677850067616,0.9980088472366333,,,,,,,,,,,,,0.004107479995582253,0.0009715268306536018,0.00019744003657251596,0.6024777170387097,0.056409676492194194,0.00481405999744311,0.010348308947868645,0.0030772476218317024,0,0,0,0,,,,,1,0.609375,0,156
155,23097.582173084,1788915724.946158,0.61328125,1.6046192152785466e-17,115.85408878326416,0.135109081864357,1,-1,0.34375,0.3656812906265259,0.0023871257435530424,1.0076379776000977,0.9941536784172058,0.9662160873413086,0,0,0.0065279770642519,0.00022250553593039513,1.0002225637435913,0.09657949954271317,0.027303621172904968,0.027180276811122894,0.005883772857487202,0.00022250553593039513,1,1,0.00022250553593039513,1,7.34375,264.34375,0.007090471999474931,0.03125,0,7522.21875,0,8.063998782133527,0.15439108264355444,0.5863161456604749,17627.15625,0.8668968010729168,6519.375,0.85095902136527,0.7052880012950435,21203.03125,0.9361455688128357,7041.90625,0.524300716817379,0.008541861522867828,0.4306880059352286,13196.25,0.8002967556757671,6094.6875,3.783608853816986,0.40625,0,1.9512721600215959,0.5036672140496485,0,7.807400819561619,0.15950791774255535,,,,,,,,,,,,,,,,0.1796875,1874,2048,878.84765625,1023.82421875,234,234,4096,4096,4096,11.202087646001019,8.322660246049054,,,,,,,,,1,-1,0.2845960259019505,0,0,1,,,,,,2.3045148849487305,0.019722849130630493,0.7114652395248413,0.007695934735238552,0.9980562329292297,,,,,,,,,,,,,0.004963840008713305,0.0009809204352677625,0.00020973000209778547,0.6122075170278549,0.04430464429719905,0.004157860006671399,0.051752507977653295,0.00306292312984624,0.00041464995592832565,0,0,0,,,,,1,0.61328125,0,157
156,23225.006327995,1788915848.3130007,0.69140625,3.469446951953614e-18,112.2273359298706,0.1472359448671341,1,-1,0.40625,0.36831480264663696,0.0029748985543847084,1.008173942565918,0.9946719408035278,0.961397647857666,0,0,0.006149843335151672,0.00042222184129059315,1.0004223585128784,0.1378769874572754,-0.020918184891343117,-0.02082935906946659,0.005361707881093025,0.00042222184129059315,1,1,0.00042222184129059315,1,7.15625,227.71875,0.006655808044964321,0.03125,0,7030.78125,0,6.478701166548218,0.14001259952195844,0.5853577037368716,16421.5625,0.8645101960469976,6072.59375,0.8143004176672548,0.700912405886511,19724.25,0.9322429182884728,6557.53125,0.5053205043077469,0.007424786038905738,0.431658089327694,12334.34375,0.8017435680792233,5698.40625,3.845714032649994,0.1875,0,1.8783130406243709,0.4992993125470895,0,6.65056789713599,0.14869567032979786,,,,,,,,,,,,,,,,0.09375,1844,2048,808.23046875,933.359375,235,235,4096,4096,4096,10.879111137008294,7.999386582989246,,,,,,,,,0.8571428571428572,-1,0.3580346009957754,0,0,1,,,,,,4.169502258300781,0.020200882107019424,0.7765026092529297,0.007812737487256527,0.9980658888816833,,,,,,,,,,,,,0.006522159033920616,0.0009355113891160727,0.00019054999575018883,0.6202651169733144,0.06129513122937169,0.004705130006186664,0.009666019002906978,0.0026840131429253233,0.00043223996181041,0,0,0,,,,,1,0.69140625,0,177
157,23361.717302871,1788915975.2814806,0.625,4.7704895589362195e-18,116.40661859512329,0.2313169538974762,0.8571428656578064,-1,0.5,0.37083497643470764,0.004292392637580633,1.0067853927612305,0.995232105255127,0.9745621681213379,0,0,0.0057868328876793385,0.0005494931247085333,1.0005496740341187,0.1163778156042099,-0.015329722315073013,-0.01529497466981411,0.004797270987182856,0.0005494931247085333,1,1,0.0005494931247085333,1,7.1875,207.90625,0.00629995523307191,0.03125,0,6465.84375,0,15.214287644174641,0.15910162287550417,0.58642235385125,15115.40625,0.8649874819533716,5583.1875,0.8624194597286987,0.6980067552710052,18067.65625,0.9305084008666875,6018.5625,0.47706154361367226,0.007151606200654739,0.43219461304493473,11327.03125,0.8016181181408935,5226.375,3.428185999393463,0.21875,0,1.8549774018191778,0.5195827814589781,0,15.048302501450811,0.1555012131704484,,,,,,,,,,,,,,,,0.203125,1844,2048,904.01171875,1092.1796875,202,202,4096,4096,4096,12.323581592994742,8.333888985973317,,,,,,,,,1,-1,0.2696369441168125,0,0,1,,,,,,2.335432291030884,0.019393714144825935,0.5091897249221802,0.007545930799096823,0.9981281161308289,,,,,,,,,,,,,0.009553720010444522,0.0010253498587644572,0.00020877999486401677,0.6023692570161074,0.050261609929748374,0.004577120009344071,0.010137840057723224,0.0028349362380595267,0.0004934400203637779,0,0,0,,,,,1,0.625,0,160
158,23496.569932077,1788916112.6098886,0.50390625,3.469446951953614e-18,126.01334810256958,0.1344912052154541,1,-1,0.3125,0.36098480224609375,0.0029529815074056387,1.0096931457519531,0.994782567024231,0.977104663848877,0,0,0.006316466256976128,0.0003898718860000372,1.0003899335861206,0.07536289840936661,-0.0047563170082867146,-0.004801337141543627,0.005248665809631348,0.0003898718860000372,1,1,0.0003898718860000372,1,7.125,241.78125,0.006575705469912115,0.03125,0,7232.09375,0,9.613543925215879,0.15685986843494856,0.5828980139688215,16859.3125,0.8611808812471353,6235.125,0.7379654598189518,0.6976465631708665,20217.625,0.9285379451670492,6727.5,0.5127961747348309,0.007110777377279918,0.428888016179047,12643.0625,0.7979068813123167,5846.28125,3.579586684703827,0.125,0,1.7203769052899862,0.5073900482812483,0,9.442749026657019,0.16209125241679334,,,,,,,,,,,,,,,,0.30859375,2048,2048,1042.5546875,1262.890625,260,260,4096,4096,4096,13.282333361974452,7.81531402701512,,,,,,,,,1,-1,0.2382440011451131,0,0,1,,,,,,11.298735618591309,0.01914430782198906,0.6125531196594238,0.007418901193886995,0.9981684684753418,,,,,,,,,,,,,0.006479599978774786,0.0011082257965426834,0.00020374997984617949,0.6447115669725463,0.06257105028225851,0.002856359991710633,0.010933408979326487,0.0033159822535253625,0,0,0,0,,,,,1,0.50390625,0,129
159,23633.107044437,1788916247.335813,0.69140625,1.734723475976807e-18,123.56006956100464,0.10787663608789444,1,-1,0.28125,0.36021098494529724,0.00250639277510345,1.0069150924682617,0.9948130249977112,0.9785575866699219,0,0,0.005772204138338566,0.00010519265197217464,1.0001051425933838,0.12159810960292816,0.006951212417334318,0.006707577966153622,0.005213314667344093,0.00010519265197217464,1,1,0.00010519265197217464,1,7.125,265.3125,0.006373990519062903,0.03125,0,8340.4375,0,8.352613699670531,0.11965602832257587,0.5793441211400656,19281.90625,0.8592903368469402,7156.3125,0.9710587791632861,0.6999041922602327,23336.5,0.9296919655320872,7749.875,0.473019614815712,0.007906931301914295,0.42931930428152487,14453.0625,0.7970324168325572,6692.3125,4.3452168405056,0.15625,0,1.7528346122460423,0.5430102943168955,0,7.67346731112533,0.11487354156622935,,,,,,,,,,,,,,,,0.1484375,2048,2048,899.49609375,1064.76953125,239,239,4096,4096,4096,11.841327252972405,8.277080986998044,,,,,,,,,1,-1,0.28234621965789103,0,0,1,,,,,,1.7309355735778809,0.019846122711896896,0.5026028156280518,0.007720564026385546,0.9981281757354736,,,,,,,,,,,,,0.00567667098948732,0.0010381311458331766,0.00018798001110553741,0.11281921801855788,0.04753370129583345,0.008420340018346906,0.010439008998218924,0.003174561923970032,0,0,0,0,,,,,1,0.69140625,0,177
160,23772.694465245,1788916383.708288,0.671875,8.673617379884035e-18,125.31234765052795,0.1335553228855133,1,-1,0.375,0.36687904596328735,0.002964953426271677,1.0065507888793945,0.9958895444869995,0.9762163162231445,0,0,0.004884181544184685,0.0002718681935220957,1.0002719163894653,0.09922683238983154,-0.011076330207288265,-0.011163756251335144,0.004130751360207796,0.0002718681935220957,1,1,0.0002718681935220957,1,7.1875,221.1875,0.005393268944621828,0.03125,0,7195.96875,0,16.71251236140415,0.2033250148452913,0.5781916935865921,16618.8125,0.8570335852583015,6166.25,0.6152620883658528,0.6961052481126819,20069.34375,0.9264295132707276,6676.15625,0.45358975417912006,0.006096301410393599,0.4257073549110203,12471.09375,0.7907866744392636,5754.3125,3.0713298320770264,0.21875,0,1.8180201476566888,0.5776732792148789,0,17.142736510917786,0.20379110499220732,,,,,,,,,,,,,,,,0.15234375,1898,2048,923.69921875,1060.04296875,255,255,4096,4096,4096,13.250193863001186,8.282731557032093,,,,,,,,,0.7142857142857143,-1,0.2923340275668732,0,0,1,,,,,,3.5419228076934814,0.019451506435871124,0.88394695520401,0.007531142793595791,0.9981508255004883,,,,,,,,,,,,,0.005367679987102747,0.0011133587254334998,0.00020929996389895678,0.6753006560029462,0.07356376130428544,0.0024323899997398257,0.06338530796347186,0.0034442726530414802,0.0005846800049766898,0,0,0,,,,,1,0.671875,0,172
161,23911.947830969,1788916523.6959155,0.5546875,2.6020852139652106e-18,128.58296823501587,0.1538703888654709,0.7142857313156128,-1,0.34375,0.3650107681751251,0.0026514448691159487,1.0073785781860352,0.9960306882858276,0.9717221260070801,0,0,0.004923629574477673,0.00020952930208295584,1.0002095699310303,0.08428747951984406,-0.0005638310685753822,-0.0005989372730255127,0.003990201745182276,0.00020952930208295584,1,1,0.00020952930208295584,1,7.09375,213.71875,0.00546287038642573,0.03125,0,7389.59375,0,8.346715501445516,0.1713160619678003,0.5761723943733432,16995.3125,0.8528243414471957,6299.125,0.7810028083622456,0.6941345909940944,20538.375,0.9238137909677516,6831.3125,0.4880965333431959,0.006132621007151018,0.42325508197841966,12694.90625,0.7882534666483239,5881.1875,3.449611186981201,0.125,0,1.668094514977648,0.5343916805679632,0,7.262513595924064,0.18406200765229502,,,,,,,,,,,,,,,,0.30859375,1938,2048,1022.1015625,1228.74609375,240,240,4096,4096,4096,13.742344703001436,8.329547875968274,,,,,,,,,1,-1,0.2857142857142857,0,0,1,,,,,,2.200662612915039,0.019384941086173058,0.7543288469314575,0.007554321549832821,0.9982233047485352,,,,,,,,,,,,,0.0070223299553617835,0.0011618963781074854,0.0002272800193168223,0.6268674570019357,0.04957043674335182,0.004403279977850616,0.011538049962837249,0.0032062465497801895,0.00047392002306878567,0,0,0,,,,,1,0.5546875,0,142
162,24048.765382143,1788916663.1048563,0.4765625,3.469446951953614e-18,127.89209866523743,0.1583806425333023,1,-1,0.40625,0.3700049817562103,0.00247921422123909,1.0074653625488281,0.9947618246078491,0.9652214050292969,0,0,0.006051930598914623,0.0003583589568734169,1.0003584623336792,0.13985559344291687,0.025372646749019623,0.0252070315182209,0.005270833615213633,0.0003583589568734169,1,1,0.0003583589568734169,1,7.125,262.25,0.006415734720430421,0.03125,0,8176.8125,0,10.620961215357372,0.11489371778536953,0.5796839926830532,18893.125,0.8579052572607894,7005.4375,0.6600707685574889,0.6953917811888797,22757.78125,0.926492402786474,7578.375,0.511745497584343,0.0077201020660169015,0.4347902356664513,14335.84375,0.8036294133426725,6607.125,3.943574368953705,0.15625,0,1.6298306481906242,0.5581512154570141,0,10.192543738536298,0.11688593215440897,,,,,,,,,,,,,,,,0.34375,1910,2048,1049.78125,1241.3984375,250,250,4096,4096,4096,13.537557896983344,8.55734543100698,,,,,,,,,1,-1,0.26486423168198797,0,0,1,,,,,,1.145358681678772,0.019356481730937958,0.54435133934021,0.007511601783335209,0.9982604384422302,,,,,,,,,,,,,0.005413359962403774,0.0010761877749700943,0.0002058800309896469,0.6070170780294575,0.05262069614718712,0.003973860002588481,0.00927301007322967,0.0030314885227653576,0.00050481001380831,0,0,0,,,,,1,0.4765625,0,122
163,24184.826484304,1788916800.1904683,0.58203125,6.938893903907228e-18,125.24176931381226,0.12215007841587067,1,-1,0.28125,0.37573522329330444,0.002742755925282836,1.0082645416259766,0.9951105117797852,0.9790210723876953,0,0,0.005829068832099438,0.0002797837369143963,1.0002799034118652,0.08881436288356781,-0.024048255756497383,-0.024013478308916092,0.00491576362401247,0.0002797837369143963,1,1,0.0002797837369143963,1,7.09375,260.3125,0.006249952078363737,0.03125,0,8398.25,0,13.826681984041576,0.17596112837844574,0.5795916530559664,19385.875,0.8563598082706224,7178.40625,0.48618617793545127,0.6942005032605421,23350.4375,0.9249920622213823,7773.40625,0.4923414634540677,0.007520537831297881,0.43157712338890664,14673.03125,0.7988404959186809,6764.84375,4.170038878917694,0.09375,0,1.643811403417874,0.6117514982336162,0,13.105404161765101,0.1780309049953685,,,,,,,,,,,,,,,,0.2265625,1910,2048,982.12109375,1128.546875,247,247,4096,4096,4096,13.234707893047016,8.576470520987641,,,,,,,,,1,-1,0.2890431081471187,0,0,1,,,,,,6.097579002380371,0.019496504217386246,0.7936903238296509,0.007528390269726515,0.9982657432556152,,,,,,,,,,,,,0.0430512489983812,0.0012695671136953024,0.00021887000184506178,0.6472573559731245,0.0482666981474722,0.007242000021506101,0.011571720999199897,0.0029909445308931026,0.0005527400062419474,0,0,0,,,,,1,0.58203125,0,149
164,24319.7074751,1788916935.8712327,0.73046875,1.6479873021779667e-17,124.26023387908936,0.14979344606399536,1,-1,0.34375,0.3727608919143677,0.003320794552564621,1.0082321166992188,0.9956891536712646,0.9743337631225586,0,0,0.005343452095985413,0.00039384374395012856,1.0003938674926758,0.12620970606803894,-0.02036825194954872,-0.020198717713356018,0.004337298683822155,0.00039384374395012856,1,1,0.00039384374395012856,1,7.0625,234.625,0.005660931679390795,0.03125,0,7856.96875,0,13.66692975481341,0.2128288140432707,0.57613246454842,18034.34375,0.8523604797116965,6688.875,0.6467540904413909,0.6917590939527474,21756.21875,0.9216633947276794,7245.5,0.49188967049121857,0.0076487713376095,0.42715081805836097,13677.1875,0.7925399400518007,6301.375,4.108808219432831,0.0625,0,1.6061596925639632,0.5978047819195085,0,12.704171744735373,0.21667096731393626,,,,,,,,,,,,,,,,0.15234375,2048,2048,870.80078125,984.33203125,241,241,4096,4096,4096,11.610989937966224,8.898484064033255,,,,,,,,,1,-1,0.28234621965789103,0,0,1,,,,,,1.4950270652770996,0.020041609182953835,0.4307520389556885,0.007758426014333963,0.9982362985610962,,,,,,,,,,,,,0.00575969903729856,0.0011404478364056558,0.00019197002984583378,0.6114137169788592,0.056066075215312594,0.005108959972858429,0.008564388961531222,0.0028582147972429084,0,0,0,0,,,,,1,0.73046875,0,187
165,24454.122241715,1788917070.668564,0.55859375,1.214306433183765e-17,123.46851348876953,0.1518506407737732,1,-1,0.375,0.38410037755966187,0.0024175767321139574,1.0074739456176758,0.9961065649986267,0.9698448181152344,0,0,0.004941127263009548,0.00020878377836197615,1.000208854675293,0.15240484476089478,-0.005336968693882227,-0.0054339258931577206,0.003915039822459221,0.00020878377836197615,1,1,0.00020878377836197615,1,7.03125,199.3125,0.005084447668408466,0.03125,0,6966.40625,0,6.517071928804368,0.2576559929469595,0.5753669516240412,15996.40625,0.8509372075482353,5930.125,0.46323788445442915,0.6902183865500034,19297,0.9198780102979726,6424.3125,0.4951323792338371,0.006303876794626672,0.42552585316040303,12075.4375,0.7873510674295461,5555.53125,3.3139997720718384,0.03125,0,1.5896716361367378,0.6245447984283856,0,6.498421541307491,0.252137912945635,,,,,,,,,,,,,,,,0.25390625,1850,2048,941.73046875,1097.546875,236,236,4096,4096,4096,12.941577345016412,8.451331083022524,,,,,,,,,1,-1,0.26122747925585343,0,0,1,,,,,,4.937069416046143,0.020138638094067574,0.7723121643066406,0.007728196680545807,0.9982828497886658,,,,,,,,,,,,,0.007987899996805936,0.0011618295116022637,0.00019077002070844173,0.6001897779642604,0.06436314331085669,0.005239959980826825,0.01084199093747884,0.003069369144668599,0.0005406290292739868,0,0,0,,,,,1,0.55859375,0,143
166,24580.520321027,1788917205.3200138,0.59765625,9.540979117872439e-18,123.05925107002258,0.1308685839176178,1,-1,0.34375,0.3882821202278137,0.0027874261140823364,1.0058927536010742,0.9949445724487305,0.9740910530090332,0,0,0.0059071993455290794,0.00020345684606581926,1.0002034902572632,0.12876635789871216,0.016730014234781265,0.016525672748684883,0.005086621269583702,0.00020345684606581926,1,1,0.00020345684606581926,1,7.03125,230.15625,0.006298426128640783,0.03125,0,7533.84375,0,6.025470058460101,0.12553908570924588,0.5783151625396359,17376.40625,0.854908067847373,6434.3125,0.55512719694525,0.6908659057526965,20830.96875,0.9220933674482722,6949.625,0.4850299712270498,0.007698872728312212,0.4335572987295947,13234.65625,0.7986197157977439,6067.625,4.265904247760773,0.03125,0,1.5753540837062534,0.6169111859271041,0,5.7961060278801675,0.12228924773571498,,,,,,,,,,,,,,,,0.234375,1883,2048,965.34765625,1153.26171875,240,240,4096,4096,4096,13.222306173993275,8.469937152985949,,,,,,,,,0.5714285714285714,-1,0.2537976857777124,0,0,1,,,,,,2.874648332595825,0.02016650326550007,0.5252306461334229,0.007762917783111334,0.9982477426528931,,,,,,,,,,,,,0.007206750044133514,0.0011352004223681433,0.00017363997176289558,0.6347834769985639,0.052422276766264986,0.003901609976310283,0.009060269978363067,0.002988410305988509,0.0005370699800550938,0,0,0,,,,,1,0.59765625,0,153
167,24714.467582301,1788917331.3872101,0.74609375,5.204170427930421e-18,114.81039071083069,0.1180865615606308,0.5714285969734192,-1,0.25,0.38290685415267944,0.001734204706735909,1.008439064025879,0.9953668713569641,0.9778542518615723,0,0,0.005496693775057793,0.0002439578529447317,1.000243902206421,0.083702951669693,0.0092137036845088,0.009092037566006184,0.004657389130443335,0.0002439578529447317,1,1,0.0002439578529447317,1,7.0625,242.15625,0.005801650234285128,0.03125,0,7722.78125,0,15.925627997411086,0.1771312345167711,0.5755031605722145,17716.71875,0.8515330709198111,6565.75,0.5581402769312263,0.688988601508656,21295.0625,0.9192666349445966,7101.9375,0.4545769449323416,0.006771609310420045,0.4306975618476719,13532.90625,0.7942051492994044,6201.03125,3.8470269441604614,0.0625,0,2.119431788027155,0.605545365734725,0,16.335668714688218,0.19129096089868558,,,,,,,,,,,,,,,,0.12109375,1830,2048,782.51953125,888.3515625,228,228,4096,4096,4096,10.87608654302312,8.564836370991543,,,,,,,,,1,-1,0.23824400114511313,0,0,1,,,,,,1.437791109085083,0.020381027832627296,0.5842612981796265,0.00786682590842247,0.9982505440711975,,,,,,,,,,,,,0.0052016699919477105,0.0010759207816590788,0.00020166998729109764,0.6290539670153521,0.053607764125672475,0.008233510015998036,0.060266708955168724,0.0026769143048568367,0.0004426800296641886,0,0,0,,,,,1,0.74609375,0,191
168,24847.479879095,1788917465.0226731,0.6328125,1.214306433183765e-17,122.78351950645447,0.09955035150051117,1,-1,0.28125,0.3941922187805176,0.0027857900131493807,1.008378028869629,0.9972143769264221,0.9804096221923828,0,0,0.00427298853173852,0.0001401666086167097,1.0001401901245117,0.08547428250312805,-0.002457248978316784,-0.002430293010547757,0.0028019677847623825,0.0001401666086167097,1,1,0.0001401666086167097,1,7.0625,163.75,0.004174154239292602,0.03125,0,6260.15625,0,6.5888950182036385,0.2882744561228962,0.5756020832322573,14376.5625,0.8495458315987956,5317.3125,0.44965959154069424,0.6878128623889146,17259.28125,0.9166832069725944,5748.8125,0.45570776984095573,0.004905764085586305,0.4252577055416503,10846.03125,0.7870313886135704,4987.6875,2.7740120887756348,0.0625,0,1.5633140256103502,0.6247130710734563,0,6.023856158439037,0.30067076737693443,,,,,,,,,,,,,,,,0.2109375,1883,2048,979.92578125,1161.8359375,235,235,4096,4096,4096,13.011607208987698,8.389752743998542,,,,,,,,,1,-1,0.2857142857142857,0,0,1,,,,,,2.5678536891937256,0.02011069282889366,0.4774751663208008,0.007757200859487057,0.9982399940490723,,,,,,,,,,,,,0.004662289982661605,0.0009299994105731457,0.00019066996173933148,0.6654698560014367,0.06715868965784466,0.002548368996940553,0.009669769904576242,0.0028974748940981954,0.0004727200139313936,0,0,0,,,,,1,0.6328125,0,162
169,24972.192824307,1788917598.3112478,0.58984375,8.673617379884035e-19,122.07884788513184,0.14248475432395935,1,-1,0.375,0.385419636964798,0.0025743742007762194,1.0071983337402344,0.9954246282577515,0.969733715057373,0,0,0.005584741476923227,0.0002521325368434191,1.0002521276474,0.10232903063297272,0.0005671586841344833,0.0004139188677072525,0.004602022469043732,0.0002521325368434191,1,1,0.0002521325368434191,1,7.09375,238.21875,0.0058418266560708995,0.03125,0,7839.40625,0,7.963622521437551,0.18243895966407087,0.5757355271513365,17967.25,0.8503379528795223,6648.4375,0.6206129691563547,0.6897804006714015,21635.375,0.918458064906427,7196.71875,0.45455188676714897,0.007969971157295242,0.4305603386043302,13671.6875,0.792192426901763,6261.09375,4.315678894519806,0.125,0,1.6215514388199126,0.5800613727954734,0,7.373523233705995,0.17877950536849022,,,,,,,,,,,,,,,,0.23828125,1910,2048,982.06640625,1148.70703125,201,201,4096,4096,4096,12.926727559999563,7.914673823979683,,,,,,,,,0.8571428571428572,-1,0.26122747925585343,0,0,1,,,,,,0.7512683868408203,0.020174182951450348,0.40697193145751953,0.0077733988873660564,0.9982711672782898,,,,,,,,,,,,,0.005816739983856678,0.0010794101638111897,0.00021689996356144547,0.6117700379691087,0.049402629488668026,0.005798838974442333,0.00956682994728908,0.003063763610271053,0.00047119002556428313,0,0,0,,,,,1,0.58984375,0,151
170,25098.573877863,1788917723.1105487,0.7421875,-5.204170427930421e-18,113.52216124534607,0.12033003568649292,0.8571428656578064,-1,0.3125,0.38554733991622925,0.003056649584323168,1.0060720443725586,0.9950401186943054,0.9781103134155273,0,0,0.005585113540291786,0.0002481515984982252,1.0002481937408447,0.06782212853431702,-0.008198708295822144,-0.008219333365559578,0.004984274506568909,0.0002481515984982252,1,1,0.0002481515984982252,1,7.0625,239.71875,0.006129417911600302,0.03125,0,7856.53125,0,5.93642354735373,0.11594320662883403,0.5716833443151695,17930.28125,0.8463006799507299,6646.375,0.4721230696886778,0.6867550615390523,21620.53125,0.9159240003481728,7204.8125,0.5181796234101057,0.007399047770103584,0.43354222603216575,13753.59375,0.7952708332131209,6293.8125,4.281650483608246,0.0625,0,1.5921340839203604,0.632945826197946,0,5.836804967312242,0.1117095070261829,,,,,,,,,,,,,,,,0.140625,1913,2048,774.640625,873.01171875,259,259,4096,4096,4096,10.755081351962872,8.275938986975234,,,,,,,,,1,-1,0.24222607082590245,0,0,1,,,,,,3.070488929748535,0.02080870419740677,0.37328577041625977,0.007975389249622822,0.9982388019561768,,,,,,,,,,,,,0.005910779989790171,0.0009157889001016883,0.00020896003115922213,0.5935561680234969,0.04639012267330145,0.0038812190177850425,0.009935920068528503,0.002374633391809766,0.00043270998867228627,0,0,0,,,,,1,0.7421875,0,190
171,25231.486336337,1788917850.2418065,0.74609375,6.938893903907228e-18,115.09312295913696,0.10510595142841339,1,-1,0.25,0.3973601162433624,0.0028872708790004253,1.0061731338500977,0.9967525601387024,0.9809842109680176,0,0,0.004486941732466221,0.0001604943536221981,1.0001604557037354,0.07065901160240173,-0.007516097743064165,-0.007623393554240465,0.0032657012343406677,0.0001604943536221981,1,1,0.0001604943536221981,1,7.09375,162.71875,0.004642513342604727,0.03125,0,6197.125,0,3.322204319370808,0.2738325837277338,0.5744118034531884,14216.25,0.8478904310824572,5256.34375,0.5524031259119511,0.6861969089114033,17034.21875,0.9149670735776546,5678.40625,0.4539674799889326,0.005157190902357242,0.4248764714423037,10738.0625,0.7842134963519315,4925.84375,3.0136011838912964,0.09375,0,1.642621570890603,0.6222051720930584,0,3.2789778301247092,0.2678191012360427,,,,,,,,,,,,,,,,0.1484375,1883,2048,824.3828125,936.40234375,222,222,4096,4096,4096,11.109676497988403,8.300063628994394,,,,,,,,,1,-1,0.2097739307941202,0,0,1,,,,,,1.5855073928833008,0.020283488556742668,0.4139137268066406,0.007802643813192844,0.9982451796531677,,,,,,,,,,,,,0.006327309994958341,0.0012295006561089394,0.00018395105144008994,0.5953620329964906,0.045397253713645114,0.0030226900125853717,0.00828085996909067,0.00271032453611042,0.00041815999429672956,0,0,0,,,,,1,0.74609375,0,191
172,25359.561001924,1788917982.2670274,0.56640625,6.938893903907228e-18,120.87633657455444,0.09044119715690613,1,-1,0.25,0.38143062591552734,0.0017360842321068048,1.0077104568481445,0.996080756187439,0.9758810997009277,0,0,0.0050951289013028145,0.0001386837102472782,1.0001386404037476,0.06483455747365952,0.018041210249066353,0.017978869378566742,0.003941182047128677,0.0001386837102472782,1,1,0.0001386837102472782,1,7.03125,182.71875,0.0050028855456873515,0.03125,0,6595.0625,0,26.855012225436834,0.17904786165855224,0.5716071466903444,15036.59375,0.8444383667751224,5566.34375,0.4861340280622244,0.6851357488751368,18103.3125,0.91312393754862,6030.75,0.4490715730935335,0.005793128928263211,0.4256681214654956,11364.15625,0.7860328576825358,5228.3125,3.3119980096817017,0.03125,0,1.5316129749489085,0.6238908500785371,0,20.91763023526482,0.18954941307388196,,,,,,,,,,,,,,,,0.25,1883,2048,1048.7109375,1234.1796875,271,271,4096,4096,4096,12.821747439040337,9.052380981040187,,,,,,,,,1,-1,0.2731617596567563,0,0,1,,,,,,3.0621893405914307,0.01958191581070423,0.34128379821777344,0.007554402109235525,0.9982772469520569,,,,,,,,,,,,,0.008865309995599091,0.0010142865826310299,0.0001875300076790154,0.6199313930119388,0.05614098789715172,0.006049869989510626,0.055796998960431665,0.0033786280316689954,0.0004661300336010754,0,0,0,,,,,1,0.56640625,0,145
173,25491.420028933,1788918110.0225341,0.52734375,6.938893903907228e-18,116.92371129989624,0.13036160171031952,1,-1,0.34375,0.37475866079330444,0.0023438206408172846,1.0044832229614258,0.9946547746658325,0.9771394729614258,0,0,0.005978434346616268,0.00025113753508776426,1.0002511739730835,0.12191414088010788,-0.00798715092241764,-0.008031606674194336,0.005370871163904667,0.00025113753508776426,1,1,0.00025113753508776426,1,7.0625,269.4375,0.006474930950373122,0.03125,0,8389.6875,0,13.98800744834745,0.10417314130684052,0.5685620967979952,18989.46875,0.8428654941276147,7047.28125,0.5931558832526207,0.6869578496802174,23048.96875,0.9141496839686674,7659.625,0.47014918737113476,0.007775468768216677,0.4313329850650133,14561.0625,0.7925620864592257,6671,4.529468536376953,0.0625,0,1.6138720793724015,0.6007475470530812,0,12.819158715473176,0.10931817970111957,,,,,,,,,,,,,,,,0.2421875,1828,2048,946.9140625,1104.70703125,289,289,4096,4096,4096,12.78999861999182,8.158703789988067,,,,,,,,,0.8571428571428572,-1,0.27081698014469824,0,0,1,,,,,,1.1195839643478394,0.01938265934586525,0.37853944301605225,0.007480179890990257,0.9982966780662537,,,,,,,,,,,,,0.006047580041922629,0.0010474386795067403,0.00021423998987302184,0.1106336290249601,0.042232084762872546,0.002701450022868812,0.05525787902297452,0.0031688307074091426,0.0004688299959525466,0,0,0,,,,,1,0.52734375,0,135
174,25629.17422714,1788918242.095816,0.66796875,1.214306433183765e-17,121.04865145683289,0.13255734741687775,0.8571428656578064,-1,0.28125,0.38081714510917664,0.0034283087588846684,1.0058107376098633,0.9953975677490234,0.9781875610351562,0,0,0.00535172875970602,0.0002130403881892562,1.0002130270004272,0.061199698597192764,-0.012248348444700241,-0.012216984294354916,0.004625747911632061,0.0002130403881892562,1,1,0.0002130403881892562,1,7,227.25,0.005715226195157448,0.03125,0,7575.3125,0,7.111086496396515,0.15105384234148564,0.5714301012721361,17217.875,0.8450728643217853,6381.1875,0.4521298501640558,0.6867604942941956,20825.46875,0.9141191863162713,6923.78125,0.47584113851189613,0.006602907653099354,0.4279169689024749,13077.21875,0.7887556632353102,6010.84375,3.64378821849823,0,0,1.5234314144248233,0.6198346049169698,0,6.860152977064674,0.1594501963505298,,,,,,,,,,,,,,,,0.1484375,1841,2048,935.33203125,1081.0703125,258,258,4096,4096,4096,12.398111135000363,7.730392544995993,,,,,,,,,1,-1,0.3321620578167549,0,0,1,,,,,,1.063462257385254,0.01961955800652504,0.33524489402770996,0.007594184018671513,0.9982966780662537,,,,,,,,,,,,,0.006303040019702166,0.0011011281085302471,0.0002043910208158195,0.6317230929853395,0.046528253825044885,0.0044521199888549745,0.009251540002878755,0.0030828518097223423,0.0005019999807700515,0,0,0,,,,,1,0.66796875,0,171
175,25765.179720421,1788918380.4384117,0.69140625,1.734723475976807e-18,126.66239643096924,0.19371961057186127,1,-1,0.46875,0.3804861903190613,0.003958224784582853,1.006791114807129,0.99528968334198,0.9757814407348633,0,0,0.005468770861625671,0.000509133911691606,1.000509262084961,0.1291082203388214,-0.027774877846240997,-0.027703624218702316,0.004733153618872166,0.000509133911691606,1,1,0.000509133911691606,1,7.09375,213.4375,0.006012514816539995,0.03125,0,7482.65625,0,5.256796012238695,0.14468293998884627,0.5734917655834738,17117.84375,0.8487722693405342,6344.125,0.46585221495479345,0.6892920371435891,20653.96875,0.9180975869283887,6873.34375,0.44976851530373096,0.006985030246594723,0.43033913047667827,13001.03125,0.7940465036101849,5980.34375,4.120312213897705,0.125,0,1.5864841539493242,0.626152176411674,0,4.955524141942571,0.15304735385114132,,,,,,,,,,,,,,,,0.23828125,1883,2048,1033.2890625,1203.3203125,299,299,4096,4096,4096,13.35098340298282,8.017150275001768,,,,,,,,,1,-1,0.3040961851058286,0,0,1,,,,,,1.358675479888916,0.01945120468735695,0.41223955154418945,0.007549492176622152,0.9982931017875671,,,,,,,,,,,,,0.004751019994728267,0.0010258310712742968,0.00020013999892398715,0.6395309430081397,0.05382083135077664,0.0026381199713796377,0.009881110046990216,0.0031031702387736004,0.000557039980776608,0,0,0,,,,,1,0.69140625,0,177
176,25911.341513294,1788918516.1733572,0.70703125,0,124.35992383956909,0.17151957750320435,1,-1,0.46875,0.377632737159729,0.0027136504650115967,1.006387710571289,0.9957866668701172,0.9800887107849121,0,0,0.005043297074735165,0.0002447871956974268,1.0002447366714478,0.10477195680141449,0.005774029064923525,0.005666895303875208,0.004232978448271751,0.0002447871956974268,1,1,0.0002447871956974268,1,7.03125,251.3125,0.0055660509176557425,0.03125,0,8266.3125,0,9.526019936796956,0.21307321266326515,0.5750811939148406,18964.03125,0.8527734554327506,7042.59375,0.4802117198705673,0.6922238427618103,22924.53125,0.9227135801714836,7634.625,0.479367945343256,0.006398172588855156,0.4321679720205671,14503.4375,0.7980070210531169,6667.65625,3.5527844429016113,0.03125,0,1.5567785307045583,0.5921272065597551,0,8.619170073945137,0.21487739742992437,,,,,,,,,,,,,,,,0.1796875,1910,2048,1011.015625,1146.046875,290,290,4096,4096,4096,12.873326818982605,8.71560189500451,,,,,,,,,0.5714285714285714,-1,0.28904310814711864,0,0,1,,,,,,1.4432902336120605,0.01918206736445427,0.4804553985595703,0.007437541149556637,0.9982964396476746,,,,,,,,,,,,,0.005320179974660277,0.000975091652435367,0.0002097400138154626,0.6010078830295242,0.052048411017267426,0.00535739999031648,0.010350558965001255,0.003205891650623016,0.0006931490497663617,0,0,0,,,,,1,0.70703125,0,181
177,26051.689443225,1788918662.6147492,0.5078125,3.469446951953614e-18,134.75083708763123,0.1492457091808319,0.5714285969734192,-1,0.3125,0.3760223984718323,0.003042489755898714,1.0057191848754883,0.9954936504364014,0.9785375595092773,0,0,0.005220454186201096,0.0002853129990398884,1.0002853870391846,0.06453510373830795,-0.006628912407904863,-0.006644184701144695,0.0045274607837200165,0.0002853129990398884,1,1,0.0002853129990398884,1,7.0625,233,0.005746719212655214,0.03125,0,8088.125,0,7.313632263281461,0.14518299482135855,0.57898981430289,18625.90625,0.8574671442259778,6907.46875,0.4789902800694108,0.6953238174017511,22487.4375,0.9271268094212364,7488.40625,0.47821423038840294,0.006930450569958618,0.4344263476562101,14124.71875,0.8046623269884052,6525.125,4.040212690830231,0.0625,0,1.55339673615522,0.61536423335694,0,6.564491466209457,0.15164366053085382,,,,,,,,,,,,,,,,0.33984375,2048,2048,1162.06640625,1359.85546875,315,315,4096,4096,4096,14.277105882996693,8.371954368019942,,,,,,,,,1,-1,0.24222607082590242,0,0,1,,,,,,3.745941638946533,0.01827990449965,0.35816526412963867,0.007116171531379223,0.9983216524124146,,,,,,,,,,,,,0.005554999981541187,0.0011645407748801517,0.00018835999071598053,0.1614436679519713,0.04483886320463171,0.004857640014961362,0.05494655895745382,0.003507917983824882,0,0,0,0,,,,,1,0.5078125,0,130
178,26193.068659834,1788918803.1469471,0.67578125,8.673617379884035e-18,128.67576956748962,0.12068617343902588,1,-1,0.3125,0.3571614623069763,0.001904546981677413,1.007955551147461,0.9948964715003967,0.9768462181091309,0,0,0.005819331854581833,0.00011881766840815544,1.0001188516616821,0.1104043647646904,0.018338028341531754,0.018105704337358475,0.005130346864461899,0.00011881766840815544,1,1,0.00011881766840815544,1,7.0625,273.0625,0.006226837091834794,0.03125,0,9296.53125,0,7.475816811471753,0.06564286751543909,0.5796386626820749,21510.40625,0.8586207011551489,7972.4375,0.5903611220419407,0.6990648041310126,26022.84375,0.9296602210521112,8645.3125,0.48997923359274864,0.007621193261554275,0.43335542088187495,16185.9375,0.8077708670289598,7538.5,4.797973215579987,0.09375,0,1.5903197506360538,0.6184398616736941,0,6.35522395477991,0.06696762370382636,,,,,,,,,,,,,,,,0.203125,1910,2048,1086.22265625,1255.609375,290,290,4096,4096,4096,13.530585197964683,8.579082217998803,,,,,,,,,0.7142857142857143,-1,0.3685672757241124,0,0,1,,,,,,2.5948660373687744,0.018455173820257187,0.58512282371521,0.007198427803814411,0.9982861876487732,,,,,,,,,,,,,0.007912109955213964,0.0010266222532209213,0.00018610997358337045,0.6488826309796423,0.04602390842546811,0.002606760011985898,0.012803091027308255,0.003183461018352318,0.0004422100028023124,0,0,0,,,,,1,0.67578125,0,173
179,26341.762712367,1788918944.9498868,0.6328125,7.806255641895632e-18,129.450945854187,0.24374911189079285,0.7142857313156128,-1,0.59375,0.35883772373199463,0.003478193422779441,1.0052146911621094,0.994527280330658,0.9722752571105957,0,0,0.006034280173480511,0.0005249340320006013,1.0005249977111816,0.11056463420391083,-0.004822474904358387,-0.00484668742865324,0.0055020758882164955,0.0005249340320006013,1,1,0.0005249340320006013,1,7.03125,249.1875,0.006498695476203373,0.03125,0,8689.78125,0,8.975776784523756,0.11438952974782249,0.5838296055197467,20233,0.8645856409562043,7497.625,0.5830412303330377,0.7013164237949479,24375.8125,0.9337956186908111,8108.84375,0.49481619894504547,0.007696946068476011,0.43443493818974444,15166.375,0.811234017876832,7072.03125,4.314042866230011,0.03125,0,1.960135418032741,0.5991773773686734,0,9.161960462100565,0.12369220034498737,,,,,,,,,,,,,,,,0.26953125,1913,2048,1083.9375,1242.83203125,287,287,4096,4096,4096,13.53898928797571,8.706067177001387,,,,,,,,,1,-1,0.2923340275668732,0,0,1,,,,,,1.786799669265747,0.01861817203462124,0.5088355541229248,0.007209558971226215,0.9983037710189819,,,,,,,,,,,,,0.00748311000643298,0.0011599762942751113,0.00016463996144011617,0.7023087900015526,0.06132432937511112,0.003430359996855259,0.011459559958893806,0.0029565533245659026,0.0004624599823728204,0,0,0,,,,,1,0.6328125,0,162
180,26487.999702354,1788919092.6990416,0.484375,6.938893903907228e-18,136.28502464294434,0.15918345749378204,1,-1,0.4375,0.359442800283432,0.003089359262958169,1.0055017471313477,0.9952868223190308,0.9744257926940918,0,0,0.005453776568174362,0.00024412455968558788,1.000244140625,0.10171204805374146,0.013104908168315887,0.012940095737576485,0.004738437011837959,0.00024412455968558788,1,1,0.00024412455968558788,1,7.0625,250.625,0.005861745304519684,0.03125,0,8671.5,0,5.2250447606472346,0.17482996632078818,0.5878627334006719,20321.25,0.8680205526009919,7510.5625,0.5691525097936392,0.7011305224320338,24330.34375,0.9353146620135676,8107.75,0.47623705118894577,0.007230123256915046,0.4316755384456037,15123.5,0.8101407887539547,7076.03125,4.060023844242096,0.09375,0,1.623270199099165,0.5866015087491827,0,5.081294143971358,0.16926469131390037,,,,,,,,,,,,,,,,0.359375,1981,2048,1214.13671875,1424.23046875,312,312,4096,4096,4096,14.713958892039955,9.213206939981319,,,,,,,,,1,-1,0.22303564279994278,0,0,1,,,,,,1.6333295106887817,0.018299119547009468,0.467327356338501,0.0070708142593503,0.9983356595039368,,,,,,,,,,,,,0.005696189997252077,0.0011211980179268721,0.0002336599864065647,0.7162080100388266,0.0648844983327308,0.0028159909998066723,0.010542819974943995,0.0032769396896128455,0.0004946999833919108,0,0,0,,,,,1,0.484375,0,124
181,26627.947661691,1788919239.0093122,0.59375,5.204170427930421e-18,134.82122325897217,0.09271115064620972,1,-1,0.25,0.35589316487312317,0.0017116370145231485,1.0059633255004883,0.9951235055923462,0.9743413925170898,0,0,0.00568581884726882,9.979936294257641e-05,1.0000998973846436,0.06181997060775757,0.008375680074095726,0.008340064436197281,0.004902255721390247,9.979936294257641e-05,1,1,9.979936294257641e-05,1,7.125,288.6875,0.006234241240783508,0.03125,0,9713.09375,0,8.752516160790652,0.1328264740344887,0.5900750685027862,22872.375,0.8722911230732296,8459.65625,0.5916487853974104,0.7048473724203335,27385.1875,0.9403090379879959,9130.5,0.5014322106726468,0.0075359343133578885,0.437294693820396,17117.03125,0.8194516882184191,8001.71875,4.626176416873932,0.15625,0,1.7813957483043763,0.5965910860200707,0,7.884708391071541,0.1270383797998243,,,,,,,,,,,,,,,,0.3203125,1938,2048,1215.52734375,1404.94140625,368,368,4096,4096,4096,14.551980312971864,8.394069211033639,,,,,,,,,1,-1,0.2719918966379967,0,0,1,,,,,,1.4856536388397217,0.018219400197267532,0.34128522872924805,0.0070750173181295395,0.9983351230621338,,,,,,,,,,,,,0.004324830020777881,0.0010307750544598093,0.0002370899892412126,0.6476188609958626,0.051834931879511714,0.003532080037984997,0.009094661916606128,0.003145990369603169,0.0005882299738004804,0,0,0,,,,,1,0.59375,0,152
182,26774.242358623,1788919379.2135572,0.71484375,9.540979117872439e-18,128.59742403030396,0.1385572850704193,1,-1,0.375,0.3514842092990875,0.0022662500850856304,1.0060901641845703,0.9949184060096741,0.9754409790039062,0,0,0.005704659968614578,0.00026913173496723175,1.0002691745758057,0.10843002796173096,0.01440634299069643,0.014322972856462002,0.005107440520077944,0.00026913173496723175,1,1,0.00026913173496723175,1,7.1875,292.09375,0.006374759570003065,0.03125,0,9724.21875,0,5.76291864512933,0.10991096635726548,0.588435063240599,22840.46875,0.8706267185783606,8452.0625,0.5787700107321143,0.7044071786221269,27395.96875,0.938842741910068,9123.78125,0.4871858172118664,0.007822344629795686,0.43515746470340677,17036.375,0.8160965492177537,7974.21875,4.390484094619751,0.21875,0,1.8027339703332421,0.6060512500827487,0,5.608970766630305,0.1080689404307275,,,,,,,,,,,,,,,,0.2421875,1938,2048,1060.35546875,1210.59765625,332,332,4096,4096,4096,13.55261876800796,8.413163630990312,,,,,,,,,1,-1,0.24872121923543072,0,0,1,,,,,,1.9057466983795166,0.01839984394609928,0.23862910270690918,0.007106315344572067,0.9983158707618713,,,,,,,,,,,,,0.00397597998380661,0.0009332684076071018,0.00020692998077720404,0.6397525109932758,0.06372408530887697,0.005212338990531862,0.05943186895456165,0.003166791908824962,0.0005401299567893147,0,0,0,,,,,1,0.71484375,0,183
183,26919.164560999,1788919525.4535458,0.51171875,3.469446951953614e-18,134.63983178138733,0.1309332698583603,1,-1,0.375,0.3528129458427429,0.0013880095211789012,1.004746437072754,0.9960554838180542,0.9829845428466797,0,0,0.004669183865189552,6.745336577296257e-05,1.0000674724578857,0.13388627767562866,0.03326311334967613,0.03296445310115814,0.003962078131735325,6.745336577296257e-05,1,1,6.745336577296257e-05,1,7.09375,228.15625,0.005170244429953163,0.03125,0,8482.84375,0,5.7859522568372785,0.17035629747493042,0.5871891098451917,19890.0625,0.8673310389876657,7350.15625,0.5988921541720629,0.7042747039870978,23905.5625,0.9369353676405798,7948.5625,0.47061865124851465,0.0063085762972130005,0.43014766073986765,14745.65625,0.8092010714180791,6920.1875,3.9346372485160828,0.125,0,1.6358562830442704,0.5674103593963455,0,6.418101837454325,0.17455748043447158,,,,,,,,,,,,,,,,0.40234375,2048,2048,1158.4375,1346.8515625,268,268,4096,4096,4096,14.110075049975421,8.587148428021464,,,,,,,,,1,-1,0.2512722728476837,0,0,1,,,,,,1.604583740234375,0.018163416534662247,0.42183995246887207,0.007038343232125044,0.9983024001121521,,,,,,,,,,,,,0.006087949965149164,0.0011516859456150996,0.00022094999440014362,0.6374221610021777,0.0524507348525276,0.005480679974425584,0.009463669965043664,0.002871107934652173,0,0,0,0,,,,,1,0.51171875,0,131
184,27064.097136898,1788919670.6867702,0.61328125,1.1709383462843448e-17,133.29245924949646,0.11690039187669754,1,-1,0.28125,0.3533088266849518,0.002816291991621256,1.0070629119873047,0.9955474138259888,0.9802532196044922,0,0,0.005287005566060543,0.00024669384583830833,1.0002467632293701,0.0987786203622818,-0.0018930863589048386,-0.001899844966828823,0.00447439681738615,0.00024669384583830833,1,1,0.00024669384583830833,1,7.21875,253.59375,0.005816986556821216,0.03125,0,9267.5,0,9.231865935579348,0.18804525878508363,0.5861130155434089,21659.875,0.8665232101527813,8016.3125,0.615826384164393,0.7026016984287633,26084.8125,0.9353171561482678,8672.28125,0.4902966581285,0.006751748687311861,0.42801724948995795,16016.5625,0.8057481414562941,7520.09375,3.776204824447632,0.21875,0,1.7325950806498533,0.6037965794711615,0,8.401766699639648,0.19568262705587666,,,,,,,,,,,,,,,,0.3203125,1938,2048,1208.015625,1363.82421875,340,340,4096,4096,4096,14.176304958993569,8.69275780703174,,,,,,,,,0.7142857142857143,-1,0.26122747925585343,0,0,1,,,,,,1.6333022117614746,0.018480610102415085,0.3352482318878174,0.007172719109803438,0.9983234405517578,,,,,,,,,,,,,0.006079719983972609,0.001088864627718067,0.00020583998411893845,0.6375498109846376,0.05912495548159313,0.003885699959937483,0.008964148990344256,0.003113540326239672,0.0006285900017246604,0,0,0,,,,,1,0.61328125,0,157
185,27206.494342159,1788919814.987982,0.69140625,1.0408340855860843e-17,133.0079641342163,0.14046885073184967,0.7142857313156128,-1,0.375,0.35553571581840515,0.0020080143585801125,1.0062942504882812,0.9951366186141968,0.9774494171142578,0,0,0.005353327840566635,0.0001487787812948227,1.000148892402649,0.0813654363155365,0.02727195993065834,0.026953699067234993,0.0048872618936002254,0.0001487787812948227,1,1,0.0001487787812948227,1,7.09375,273.375,0.00620236385055205,0.03125,0,9664.125,0,6.618858737889978,0.05311920118388065,0.5852168175204078,22567.75,0.8652417578100272,8345.5,0.6043457929044962,0.7009546330551494,27094.1875,0.9343001275544578,9023.375,0.5029604341834784,0.0074800488641604546,0.4352267281586213,16858.65625,0.8129841704774399,7873.71875,4.8093225955963135,0.09375,0,1.7141935831500579,0.5861196700877482,0,6.550707380950646,0.056979000082720194,,,,,,,,,,,,,,,,0.234375,1910,2048,1175.703125,1315.83984375,355,355,4096,4096,4096,14.114821001014207,9.004842323018238,,,,,,,,,0.8571428571428572,-1,0.28234621965789103,0,0,1,,,,,,1.2108216285705566,0.018832748755812645,0.4374077320098877,0.0073210145346820354,0.9982572793960571,,,,,,,,,,,,,0.004772079992108047,0.0009071281156138866,0.00018817000091075897,0.6407163509866223,0.04958933071816318,0.006272059981711209,0.05295833898708224,0.0031729409197396308,0.0004941300139762461,0,0,0,,,,,1,0.69140625,0,177
186,27347.361604626,1788919957.480385,0.67578125,1.3010426069826053e-18,131.0489981174469,0.1466180980205536,0.8571428656578064,-1,0.34375,0.35699835419654846,0.0020520624238997698,1.0054550170898438,0.9953452944755554,0.9766912460327148,0,0,0.005258954130113125,0.00024620559997856617,1.000246286392212,0.09567984193563461,0.010571863502264023,0.010460790246725082,0.0046781799755990505,0.00024620559997856617,1,1,0.00024620559997856617,1,7.03125,255.65625,0.005849528481163376,0.03125,0,9405.625,0,9.028400195546142,0.09939171026656404,0.5828766431561835,21874.65625,0.8617367490001258,8086.53125,0.5813230965286493,0.6998565540070797,26314.03125,0.9317425376399759,8754.21875,0.4858584627509117,0.007529230224477794,0.42980015477370703,16281.71875,0.8043990919961594,7601.78125,5.197094559669495,0.0625,0,1.6203566785684076,0.5745526696317235,0,9.310132452911333,0.10947194339657093,,,,,,,,,,,,,,,,0.26171875,1910,2048,1168.765625,1312.08984375,306,306,4096,4096,4096,14.276990547019523,8.507201326021459,,,,,,,,,0.2857142857142857,-1,0.21279241585380332,0,0,1,,,,,,1.7375030517578125,0.018909815698862076,0.6049238443374634,0.007329043932259083,0.9982729554176331,,,,,,,,,,,,,0.005120089976117015,0.0011347716977070377,0.00018362002447247505,0.6655253160279244,0.06035519549027413,0.0060655190027318895,0.00861588993575424,0.003014784176230023,0.0003963499912060797,0,0,0,,,,,1,0.67578125,0,173
187,27497.657513104,1788920098.5714827,0.61328125,1.1275702593849246e-17,129.5113925933838,0.09511293470859528,0.2857142984867096,-1,0.25,0.3628682494163513,0.0014090542681515217,1.0060625076293945,0.9962031841278076,0.9804182052612305,0,0,0.004478744231164455,6.0456572100520134e-05,1.0000604391098022,0.058032311499118805,0.023543275892734528,0.023440344259142876,0.0038127123843878508,6.0456572100520134e-05,1,1,6.0456572100520134e-05,1,7.21875,240.46875,0.005070162351730559,0.03125,0,9350.125,0,6.001123010425275,0.16651678154711852,0.5842528479562545,21757.96875,0.8628577759208014,8041.875,0.6023877263069153,0.697240231143497,26058.46875,0.9307317482471544,8691.40625,0.48046981915831566,0.006207968579457384,0.43029450382579526,16188.1875,0.806254482634932,7569.25,4.007138013839722,0.25,0,1.7955284167499732,0.5944375327532759,0,6.24426383913997,0.17022657683098377,,,,,,,,,,,,,,,,0.31640625,1883,2048,1147.51171875,1288.609375,369,369,4096,4096,4096,14.142757588997483,8.50733339501312,,,,,,,,,1,-1,0.23824400114511313,0,0,1,,,,,,2.4291787147521973,0.018896518275141716,0.5347044467926025,0.007398637011647224,0.9982485175132751,,,,,,,,,,,,,0.003949880017898977,0.0009826147529565787,0.00020008004503324628,0.603813688037917,0.04291520769857016,0.005584179947618395,0.00789617997361347,0.002556033400878732,0.0005229200469329953,0,0,0,,,,,1,0.61328125,0,157
188,27647.758526697,1788920248.5265534,0.5390625,1.734723475976807e-18,138.65755772590637,0.12152232229709625,1,-1,0.375,0.369089275598526,0.0011231793323531747,1.006277084350586,0.9958264827728271,0.9775395393371582,0,0,0.004877316299825907,4.3819891288876534e-05,1.0000438690185547,0.08644605427980423,0.02928806096315384,0.029019415378570557,0.004193958826363087,4.3819891288876534e-05,1,1,4.3819891288876534e-05,1,7.125,228.75,0.005288983724720491,0.03125,0,9180.09375,0,6.83237568816706,0.14800119798789113,0.5845142856331468,21394.28125,0.8634084659066317,7905.3125,0.5511609180830419,0.6976651089500892,25612.875,0.9310229235287704,8538.28125,0.4741973243653774,0.006892665511313056,0.4294886859659703,15871.875,0.8033928276283233,7412.5,4.112010955810547,0.125,0,1.618332906152335,0.5890452979645127,0,7.467005427071507,0.15503659635182565,,,,,,,,,,,,,,,,0.40625,2048,2048,1327.0234375,1491.62109375,342,342,4096,4096,4096,14.924584513995796,8.657803323003463,,,,,,,,,0.4285714285714286,-1,0.2923340275668732,0,0,1,,,,,,1.054826021194458,0.01867206208407879,0.36315441131591797,0.007264438550919294,0.9982882738113403,,,,,,,,,,,,,0.006596868974156678,0.0011188809371560637,0.00017194001702591777,0.6346106969867833,0.05394971558621364,0.0028919699834659696,0.009706358949188143,0.003174542829128768,0,0,0,0,,,,,1,0.5390625,0,138
189,27797.338765519,1788920398.9016817,0.55078125,3.903127820947816e-18,138.83189702033997,0.17147479951381683,0.4285714328289032,-1,0.4375,0.3540996313095093,0.002592890290543437,1.0069036483764648,0.9956735372543335,0.9785938262939453,0,0,0.0048895287327468395,0.00011471286416053772,1.0001146793365479,0.06730939447879791,0.03835061937570572,0.03832712769508362,0.0043452102690935135,0.00011471286416053772,1,1,0.00011471286416053772,1,7.0625,279.4375,0.005499114094745305,0.03125,0,10616.1875,0,13.00551226628794,0.07720918588090751,0.5753034678607325,24376.375,0.8519439457041675,9030.59375,0.4990815226919949,0.6955462999806126,29530.78125,0.9252527048584824,9818.375,0.5130400275811553,0.006792041009472837,0.42652460022677385,18208.625,0.7968143479283545,8488.8125,4.833941698074341,0.0625,0,1.5929677402112556,0.5918094826747508,0,12.484317043200086,0.08810354850505765,,,,,,,,,,,,,,,,0.421875,1938,2048,1319.2734375,1495.87109375,365,365,4096,4096,4096,14.900080864026677,8.38560730800964,,,,,,,,,0.5714285714285714,-1,0.2537976857777124,0,0,1,,,,,,1.5580297708511353,0.01908574439585209,0.7314316034317017,0.0074133859016001225,0.9982653260231018,,,,,,,,,,,,,0.005471379961818457,0.0010080685788125265,0.00023015000624582171,0.6142396979848854,0.04936283385495699,0.004988450033124536,0.008235129003878683,0.0028459294881031383,0.000538140011485666,0,0,0,,,,,1,0.55078125,0,141
190,27948.298287391,1788920548.5810196,0.52734375,0,137.99459266662598,0.12120259553194046,0.5714285969734192,-1,0.3125,0.3652699589729309,0.0018316857749596238,1.0066204071044922,0.9955827593803406,0.9788107872009277,0,0,0.005036034621298313,0.00013189553283154964,1.0001319646835327,0.04591476172208786,0.02222093567252159,0.022282354533672333,0.004437652882188559,0.00013189553283154964,1,1,0.00013189553283154964,1,7.09375,286.3125,0.005744431451925769,0.03125,0,10554.1875,0,8.880307386297709,0.10062132998350078,0.5800398943279401,24390.46875,0.8572921775422648,9020.21875,0.5261033962015063,0.6952196135975208,29339.21875,0.9273248766656734,9775.09375,0.5188730377703905,0.006693987990496174,0.4326632485188128,18311.90625,0.8046367280371112,8506.125,4.177397191524506,0.09375,0,1.6236981372963029,0.5814105720380459,0,8.113191146295975,0.1025922025201371,,,,,,,,,,,,,,,,0.40234375,2048,2048,1290.9921875,1439.44921875,368,368,4096,4096,4096,14.701392868999392,8.467177206010092,,,,,,,,,1,-1,0.26845172104237336,0,0,1,,,,,,5.784689903259277,0.019041191786527634,0.8922380805015564,0.007428016513586044,0.9982396364212036,,,,,,,,,,,,,0.004446359991561621,0.0010990059454343282,0.00018552999245002866,0.6673977969912812,0.05960626878277253,0.006416390009690076,0.008195949019864202,0.0025454033736878046,0,0,0,0,,,,,1,0.52734375,0,135
191,28097.219393369,1788920700.0537934,0.4609375,3.469446951953614e-18,139.3401322364807,0.13473406434059143,1,-1,0.28125,0.3655281066894531,0.001642269897274673,1.0055131912231445,0.9958612322807312,0.9786043167114258,0,0,0.0047941370867192745,0.0001559820957481861,1.000156044960022,0.12028123438358307,0.021631835028529167,0.02164197713136673,0.004157462157309055,0.0001559820957481861,1,1,0.0001559820957481861,1,7.09375,266.34375,0.005271784920448724,0.03125,0,10327.9375,0,19.978585110976205,0.13836036121306988,0.5783758420817813,23799.65625,0.8544147425705401,8797.8125,0.739117628778331,0.6942512923682849,28651.65625,0.9248871384374389,9537.90625,0.4930453784763813,0.006850459744432806,0.42567440919875144,17689.40625,0.793362533823958,8231.0625,4.597746789455414,0.125,0,1.7108777012763636,0.5648907985588987,0,19.622725598814096,0.131411021304832,,,,,,,,,,,,,,,,0.48046875,1910,2048,1336.32421875,1531.01953125,341,341,4096,4096,4096,15.029681119020097,8.521990134962834,,,,,,,,,1,-1,0.18210783977117087,0,0,1,,,,,,1.8647453784942627,0.018488822504878044,0.5254666805267334,0.007189416326582432,0.9982848167419434,,,,,,,,,,,,,0.006048729992471635,0.0011718203891177836,0.00017647998174652457,0.627379976969678,0.05409357280746008,0.006487989972811192,0.008182320045307279,0.0031120597918743442,0.0005716510349884629,0,0,0,,,,,1,0.4609375,0,118
192,28244.944078536,1788920848.729714,0.61328125,1.3877787807814457e-17,136.78168106079102,0.06502372026443481,1,-1,0.1875,0.35118088126182556,0.0010517127811908722,1.003972053527832,0.995466947555542,0.9793362617492676,0,0,0.0049579995684325695,4.766928032040596e-05,1.0000476837158203,0.08312800526618958,0.014576570130884647,0.014438571408390999,0.004552669823169708,4.766928032040596e-05,1,1,4.766928032040596e-05,1,7.09375,284.1875,0.00563454135206761,0.03125,0,10690.59375,0,5.016739786564414,0.11302379288903386,0.5719380084607606,24386.5,0.8474592723605312,9040.8125,0.581459469627589,0.6918502321777444,29567.53125,0.9198937768827862,9825.6875,0.5083221839740872,0.0066860261685396105,0.4245659565194859,18212.6875,0.791519366676794,8484.15625,4.0548694133758545,0.125,0,1.7756171540917776,0.5799130723037484,0,4.76891534877306,0.1162893851438641,,,,,,,,,,,,,,,,0.3359375,1958,2048,1287.73046875,1454.2734375,388,388,4096,4096,4096,14.79859238100471,9.026705905038398,,,,,,,,,1,-1,0.27081698014469824,0,0,1,,,,,,1.871056079864502,0.018924305215477943,0.6412996053695679,0.007388956379145384,0.9982259273529053,,,,,,,,,,,,,0.005607369996141642,0.0009749331838975195,0.0001835100119933486,0.626008256978821,0.05911481277985331,0.005287209991365671,0.008832789026200771,0.0030404433607600367,0.0005490899784490466,0,0,0,,,,,1,0.61328125,0,157
193,28389.641746949,1788920996.1128936,0.640625,6.938893903907228e-18,135.75690484046936,0.13858968019485474,1,-1,0.40625,0.3546725809574127,0.001911320723593235,1.0053586959838867,0.995819091796875,0.9734616279602051,0,0,0.004849344026297331,0.00015377462841570377,1.0001537799835205,0.13006296753883362,0.015516789630055428,0.01536533422768116,0.004198600072413683,0.00015377462841570377,1,1,0.00015377462841570377,1,7.21875,269.75,0.00541016217218411,0.03125,0,10301.84375,0,8.267543044894776,0.11503309618428968,0.5754081301021636,23615.78125,0.8507698873074838,8734.8125,0.6012643695576116,0.6919647721329452,28478.90625,0.9212850599688372,9473.28125,0.5075954869389534,0.00643809278583625,0.42594076180312335,17593.375,0.7938789086901128,8191.375,4.244693279266357,0.21875,0,2.0585800420664806,0.5974216341908312,0,7.936852189194162,0.12415203604739894,,,,,,,,,,,,,,,,0.296875,2048,2048,1244.8203125,1409.80859375,385,385,4096,4096,4096,14.39872146799462,8.74046396499034,,,,,,,,,0.7142857142857143,-1,0.3072259023943795,0,0,1,,,,,,1.5271210670471191,0.018668584525585175,0.41118550300598145,0.007305423263460398,0.9982120394706726,,,,,,,,,,,,,0.004257470020093024,0.000995691705156787,0.00018062000162899494,0.6653654479887336,0.05286625999679018,0.004769600054714829,0.007598189928103238,0.0029031219251010043,0,0,0,0,,,,,1,0.640625,0,164
194,28535.509659638,1788921141.5335782,0.66796875,-1.734723475976807e-18,133.17179799079895,0.18931536376476288,0.7142857313156128,-1,0.40625,0.34734416007995605,0.00516542000696063,1.0067243576049805,0.9954606890678406,0.9653887748718262,0,0,0.00513014942407608,0.00011031469330191612,1.000110387802124,0.10217788815498352,0.04356706887483597,0.043469056487083435,0.0045701381750404835,0.00011031469330191612,1,1,0.00011031469330191612,1,7.09375,264.5625,0.005871822204255164,0.03125,0,9958.5625,0,7.732467845705685,0.08006454208782429,0.5693424537953324,22617.5625,0.8425334971325003,8375.25,0.5386404423043132,0.6895619774306823,27474.46875,0.9163503666052797,9122.15625,0.5286930818110704,0.007957774223647757,0.4217704921462935,16840.96875,0.7865012864851904,7849.25,5.234560072422028,0.09375,0,1.7631627774547958,0.5722858295030835,0,7.533779972746732,0.08141715303654419,,,,,,,,,,,,,,,,0.3125,1957,2048,1190.82421875,1363.9609375,329,329,4096,4096,4096,14.339789749996271,8.49615438998444,,,,,,,,,0.5714285714285714,-1,0.28234621965789103,0,0,1,,,,,,1.7548713684082031,0.01914677955210209,0.6370311975479126,0.007504418957978487,0.9981408715248108,,,,,,,,,,,,,0.0036441399715840816,0.0010350852708143066,0.00022077001631259918,0.6442295780288987,0.0620652131613042,0.002980549994390458,0.007847950037103146,0.002799821525513835,0.0006072400137782097,0,0,0,,,,,1,0.66796875,0,171
195,28682.160152515,1788921287.0637279,0.62890625,5.204170427930421e-18,133.53233289718628,0.1606331765651703,0.5714285969734192,-1,0.40625,0.357147753238678,0.0017162560252472758,1.0059728622436523,0.9957561492919922,0.9750552177429199,0,0,0.004981315694749355,7.496203761547804e-05,1.0000749826431274,0.09108159691095352,0.03393000364303589,0.03374897688627243,0.004264453426003456,7.496203761547804e-05,1,1,7.496203761547804e-05,1,7.15625,252.875,0.0056761171178231155,0.03125,0,9526.59375,0,5.208781597045181,0.14975097530522738,0.5759686124653196,21837.59375,0.85029434905263,8070.1875,0.6852450128644705,0.6909347603594844,26314.3125,0.9201249178769834,8752.5,0.535841153934598,0.006086969730456644,0.42710344079202434,16316.8125,0.794659425947113,7583.125,3.3230777382850647,0.15625,0,1.8017319955167401,0.537210475796352,0,5.070910681122644,0.15324698396591874,,,,,,,,,,,,,,,,0.31640625,1913,2048,1212.390625,1360.46875,364,364,4096,4096,4096,14.269996291026473,9.092426347953733,,,,,,,,,0.8571428571428572,-1,0.2409060279148579,0,0,1,,,,,,2.044239044189453,0.01864708587527275,0.34766626358032227,0.007358658127486706,0.9981591701507568,,,,,,,,,,,,,0.005460660031531006,0.0010171444189381873,0.00018999999156221747,0.6392424980294891,0.050301708628921915,0.0025764400488696992,0.008611299912445247,0.0031436404181022226,0.0004268100019544363,0,0,0,,,,,1,0.62890625,0,161
196,28819.091172285,1788921433.4136589,0.59765625,1.5612511283791264e-17,134.68031787872314,0.11085515469312668,0.8571428656578064,-1,0.28125,0.3471461534500122,0.001702948589809239,1.0060205459594727,0.9954448938369751,0.9719724655151367,0,0,0.005120410118252039,0.00016676285304129124,1.0001667737960815,0.07631145417690277,0.01681678369641304,0.016756976023316383,0.004575639497488737,0.00016676285304129124,1,1,0.00016676285304129124,1,7.1875,275.59375,0.005798099949566286,0.03125,0,9699.125,0,6.248395414373067,0.12670229808207684,0.5704717570477303,22007.34375,0.8425318922069496,8135.8125,0.6285773823037744,0.6863578264192127,26597.21875,0.9139488047183277,8846.625,0.5153425000607967,0.006672421941869982,0.4235057750079145,16487.75,0.7889097693596795,7664.5625,4.161607027053833,0.1875,0,1.866132191322766,0.5745271500309879,0,6.232081571324153,0.12644806656679064,,,,,,,,,,,,,,,,0.38671875,1913,2048,1174.33984375,1396.4609375,304,304,4096,4096,4096,14.563011265010573,8.933668172045145,,,,,,,,,1,-1,0.2512722728476837,0,0,1,,,,,,9.282999992370605,0.01879716105759144,0.749643087387085,0.007357747294008732,0.9981123208999634,,,,,,,,,,,,,0.005962470022495836,0.001237083873775191,0.00018615997396409512,0.6613341880147345,0.060541576819787224,0.006640548992436379,0.011093190056271851,0.003505520032831555,0.0006363500142470002,0,0,0,,,,,1,0.59765625,0,153
197,28966.454374718,1788921571.1178286,0.75390625,1.3877787807814457e-17,125.26919722557068,0.12630438804626465,1,-1,0.375,0.34293031692504883,0.001395596656948328,1.0084800720214844,0.9947472810745239,0.9720344543457031,0,0,0.005746887531131506,0.0001380236353725195,1.0001380443572998,0.1589929759502411,0.021058781072497368,0.02082758955657482,0.005278225988149643,0.0001380236353725195,1,1,0.0001380236353725195,1,7.28125,280.40625,0.006456636634710057,0.03125,0,9394.71875,0,229.26107951053245,0.08360497012718601,0.5690270931412914,21304.71875,0.840784627578716,7877.0625,1.018355181440711,0.6853233371480472,25748.59375,0.9122310103204707,8562.84375,0.5200681984424591,0.007680744787437667,0.4241221421305553,16009.5,0.7878572720236631,7426.46875,4.263852477073669,0.28125,0,2.7733675857798374,0.5324384041577379,0,12.508202818692947,0.06919895092801644,,,,,,,,,,,,,,,,0.22265625,1938,2048,958.83984375,1075.10546875,286,286,4096,4096,4096,12.079321152006742,8.752157394948881,,,,,,,,,1,-1,0.28007834180996644,0,0,1,,,,,,6.326107978820801,0.018969619646668434,0.7392957210540771,0.007449875585734844,0.998113214969635,,,,,,,,,,,,,0.006285319977905601,0.0010142518872271467,0.0002006900031119585,0.6374090680037625,0.05119518360152142,0.006866968993563205,0.007683038944378495,0.0027192628567718202,0.000464230019133538,0,0,0,,,,,1,0.75390625,0,193
198,29109.990816831,1788921718.2866602,0.6328125,2.6020852139652106e-18,134.996422290802,0.15899771451950073,1,-1,0.375,0.35072606801986694,0.001766171888448298,1.006953239440918,0.996340274810791,0.9677300453186035,0,0,0.004823294933885336,0.00017918087542057037,1.0001791715621948,0.15062373876571655,0.03440422564744949,0.034167349338531494,0.003681269707158208,0.00017918087542057037,1,1,0.00017918087542057037,1,7.09375,194.5,0.005121131203032573,0.03125,0,7670.71875,0,6.5878583430000335,0.20025610077562045,0.5668038150195043,17262.59375,0.8377333191342922,6393.75,0.7474114752840251,0.6842076343094797,20986.78125,0.9094707128911667,6966,0.48079849034547806,0.006211272866042802,0.412820009390599,12784.03125,0.7731107323445866,5968.40625,3.766485571861267,0.09375,0,1.627432047167698,0.5763650777980575,0,5.943993771999845,0.20634961093032703,,,,,,,,,,,,,,,,0.3203125,1938,2048,1194.4609375,1384.390625,289,289,4096,4096,4096,14.44916680798633,9.319729804992676,,,,,,,,,1,-1,0.24484480715718016,0,0,1,,,,,,2.078894853591919,0.018133869394659996,0.6610591411590576,0.007136863190680742,0.9981644749641418,,,,,,,,,,,,,0.004278429958503693,0.0010027314885974192,0.00019624002743512392,0.6507004279992543,0.04973595219576055,0.0027737400378100574,0.010013160936068743,0.0034955951925894624,0.0005522199789993465,0,0,0,,,,,1,0.6328125,0,162
199,30249.098079131,1788921861.3671477,0.7421875,8.239936510889834e-18,131.22990560531616,0.10881232470273972,1,-1,0.3125,0.33149048686027527,0.0017280419124290347,1.0061416625976562,0.9950494170188904,0.9761943817138672,0,0,0.0054623158648610115,0.00016767741180956364,1.000167727470398,0.10024208575487137,0.0104955043643713,0.01042205560952425,0.004974124021828175,0.00016767741180956364,1,1,0.00016767741180956364,1,7.0625,290.78125,0.006156821847759929,0.03125,0,9555.6875,0,6.75692749331173,0.11964067290314757,0.5604826702650124,21341.90625,0.8292936256979111,7907.5625,0.5419919192790985,0.6818356515313947,26077.1875,0.9049222178620351,8646.6875,0.5009153541177511,0.0072409581802383785,0.416750699391748,16022.84375,0.7772458853495121,7456.5,4.064789056777954,0.09375,0,1.6167208035741318,0.581202147116644,0,6.797110843956907,0.12491614567081608,,,,,,,,,,,,,,,,0.22265625,1889,2048,1070.40234375,1232.24609375,300,300,4096,4096,4096,13.656331492995378,9.101362077984959,,,,,,,,,0.8571428571428572,-1,0.28571428571428575,0,0,1,,,,,,1.389305591583252,0.01838080585002899,0.3297288417816162,0.007285927888005972,0.9981356263160706,,,,,,,,,,,,,0.007892250025179237,0.0012838976545026526,0.00018706003902480006,0.6713850770029239,0.050341544917955616,0.004635999968741089,0.010592788981739432,0.003412190613516941,0.0004359600134193897,0,0,0,,,,,1,0.7421875,0,190
200,30393.474700582,1788923002.1580265,0.54296875,1.3010426069826053e-18,1127.8345243930817,0.15871120989322662,0.8571428656578064,-1,0.40625,0.3384023904800415,0.0019385869381949306,1.007676124572754,0.9952917098999023,0.9643325805664062,0,0,0.005625068675726652,0.00023275928106158972,1.0002328157424927,0.1033530905842781,0.023638548329472542,0.023533975705504417,0.004736343398690224,0.00023275928106158972,1,1,0.00023275928106158972,1,7.1875,255.78125,0.0059875338605118265,0.03125,0,8563.21875,0,7.237556368942647,0.14023013192327902,0.5642996845473958,19190.28125,0.8339380594909416,7102.15625,0.5797489248216152,0.681493355349664,23322.46875,0.9059937218461145,7740.375,0.48475744761526585,0.008297080354086106,0.4173177952864746,14399.625,0.7777788971444344,6686.25,4.864476323127747,0.25,0,1.747739437680928,0.5980468959827886,0,7.266540296552565,0.14226409620223704,800,200,0.6575000286102295,0.6575,994.1601191749796,0.28625,2048,2048,1113.947509765625,1337.07625,218,218,4096,4096,4096,0.390625,1788,2048,1166.8671875,1409.92578125,285,285,4096,4096,4096,7.502853089487088,8.786372433009092,1,1.2351231148954867e-17,-1,0.2005277450163344,0.33,0.21,0.46,0.6575,1,-0.8571428571428571,0.24614372771589682,0,0,1,5.228058815002441,0.01891407829709351,0.6891257762908936,0.007442146111279726,0.9980923837423324,8.467957496643066,0.017875531688332558,0.6306763291358948,0.007030991837382317,0.9981430768966675,47.12442563602235,10.953280750268531,0.00020453095203265548,47.14617747499142,5.06076627657676,0.0006378500256687403,95.23195170098916,11.316343152194603,0,0,0,0,0.007432770042214543,0.0012233693441885407,0.00019918999169021845,0.6131967570399866,0.049937974261411,0.006848460005130619,0.05921080900589004,0.004097829477132109,0.0006451000226661563,0,0,0,1,0.6575,0,5.26,1,0.54296875,0,139
201,30533.30824167,1788923144.5995572,0.7421875,4.336808689942018e-18,130.83969712257385,0.10686065256595612,1,-0.8571428656578064,0.25,0.32793834805488586,0.0020756663288921118,1.0052833557128906,0.9944077730178833,0.9774622917175293,0,0,0.00624754698947072,0.00033647846430540085,1.0003365278244019,0.12331844121217728,0.0015572973061352968,0.0015597864985466003,0.0056215012446045876,0.00033647846430540085,1,1,0.00033647846430540085,1,7.125,292.5625,0.00691593025212165,0.03125,0,9334.9375,0,13.0228245864524,0.11718774837791007,0.563165256183665,20896.09375,0.8339497887055198,7749.34375,0.8957810397259891,0.6828219726233351,25480.625,0.9076792073614659,8457.59375,0.5417339820414782,0.008270792444584627,0.4218971716865476,15800.15625,0.7852649116783875,7341.90625,4.283369064331055,0.125,0,1.7573260742996832,0.5508900789580156,0,13.37458919792124,0.11829028747445774,,,,,,,,,,,,,,,,0.20703125,1877,2048,1067.4765625,1230.0234375,293,293,4096,4096,4096,14.154244479024783,9.012149834015872,,,,,,,,,1,-1,0.2525381361380527,0,0,1,,,,,,2.6401753425598145,0.018942629918456078,0.3765890598297119,0.007434742990881205,0.9981200695037842,,,,,,,,,,,,,0.050843926961533725,0.0014339323599870113,0.00021973997354507446,0.6976520360331051,0.05843328097034828,0.007734810002148151,0.01732471800642088,0.003811047609360685,0.0005103999865241349,0,0,0,,,,,1,0.7421875,0,190
202,30670.239112728,1788923284.5325532,0.71875,6.071532165918825e-18,128.2900950908661,0.12736430764198303,1,-1,0.34375,0.34566730260849,0.0015608317917212844,1.0064849853515625,0.9947100877761841,0.9782686233520508,0,0,0.005952144507318735,9.639107156544924e-05,1.0000964403152466,0.10910654067993164,0.02344665303826332,0.023240571841597557,0.005317244213074446,9.639107156544924e-05,1,1,9.639107156544924e-05,1,7.21875,269.125,0.006499663193955079,0.03125,0,8539.8125,0,19.720588263278174,0.09837664008155617,0.5688385635367353,19310.84375,0.8412394753053039,7147.09375,0.6499033914878964,0.6842785047699111,23337.71875,0.9117269362498847,7763.625,0.5168579295277596,0.007725081204389979,0.42562101131846214,14616.8125,0.7900714053950861,6761.625,4.526226222515106,0.25,0,2.119936513886498,0.5613703814213079,0,20.074907129903274,0.10320968237487335,,,,,,,,,,,,,,,,0.25,1913,2048,1030.86328125,1193.8359375,247,247,4096,4096,4096,13.616997954959515,8.89886389899766,,,,,,,,,0.8571428571428572,-1,0.23957871187497748,0,0,1,,,,,,3.84852933883667,0.01885250210762024,0.5406643152236938,0.00740019790828228,0.9981630444526672,,,,,,,,,,,,,0.0070967290084809065,0.0011803903373674984,0.00022695999359712005,0.6495636579929851,0.04643621083459948,0.006675118987914175,0.05714109796099365,0.0036938101632131293,0.0005452100303955376,0,0,0,,,,,1,0.71875,0,184
203,30808.308783291,1788923421.8006096,0.76953125,1.734723475976807e-18,125.29355025291443,0.10370999574661255,0.8571428656578064,-1,0.28125,0.35160961747169495,0.002059533493593335,1.0063104629516602,0.9946932792663574,0.981356143951416,0,0,0.0059670619666576385,0.00025565130636096,1.0002557039260864,0.08634510636329651,0.006767088081687689,0.0068070413544774055,0.005333263427019119,0.00025565130636096,1,1,0.00025565130636096,1,7.0625,257.25,0.006290372052540378,0.03125,0,8246.90625,0,7.131938955768869,0.10857269707540429,0.5720083377196177,18729.46875,0.8442158824334847,6920.9375,0.6355232615023851,0.6862459819739732,22599.75,0.9142302170824128,7519.65625,0.5088387299329042,0.007704789905999935,0.4266983975419275,14162.125,0.7919299487973264,6552,4.761022210121155,0.0625,0,1.697787936555083,0.5632216529318959,0,7.820610061223306,0.11489362113016936,,,,,,,,,,,,,,,,0.1796875,1787,2048,973.20703125,1167.328125,256,256,4096,4096,4096,13.591870016010944,8.613602872996125,,,,,,,,,0.5714285714285714,-1,0.3040961851058286,0,0,1,,,,,,2.483391284942627,0.01930415816605091,0.5525022745132446,0.007607211358845234,0.9980951547622681,,,,,,,,,,,,,0.006954498996492475,0.001139239083386201,0.00017552002100273967,0.7153391840402037,0.04890800218231561,0.010239389026537538,0.009599058015737683,0.0031456345006972697,0.0004444200312718749,0,0,0,,,,,1,0.76953125,0,197
204,30948.755172801,1788923559.6631176,0.75390625,0,126.05562973022461,0.1750454306602478,0.5714285969734192,-1,0.375,0.35659581422805786,0.0017261571483686566,1.0085229873657227,0.9945167303085327,0.9745378494262695,0,0,0.006296370178461075,0.0003204937092959881,1.000320553779602,0.1235751286149025,0.025232849642634392,0.02487454190850258,0.005514770746231079,0.0003204937092959881,1,1,0.0003204937092959881,1,7.09375,239.28125,0.006646755256689473,0.03125,0,7785.65625,0,8.409555296953645,0.09801499711084345,0.574669288368996,17735.5,0.8479381118654588,6555.9375,0.6316879836376756,0.6867341594056042,21336.9375,0.9156378533393539,7104.46875,0.5179509669542313,0.00909663934238266,0.4299195393290344,13439.96875,0.7964937665446928,6206.3125,4.867543160915375,0.09375,0,1.9595620107393517,0.5760113328465319,0,8.024525824400072,0.09835569970276498,,,,,,,,,,,,,,,,0.19921875,1830,2048,986.05078125,1177.3671875,268,268,4096,4096,4096,13.51891278999392,8.722102613013703,,,,,,,,,1,-1,0.25629821597155933,0,0,1,,,,,,1.1185014247894287,0.018833842128515244,0.5543522834777832,0.007452525198459625,0.9981058239936829,,,,,,,,,,,,,0.004646510002203286,0.0011141621903334453,0.00022257998352870345,0.6840754349832423,0.06439794788389008,0.002479898976162076,0.010930360003840178,0.003296946678119639,0.0005369299906305969,0,0,0,,,,,1,0.75390625,0,193
205,31097.505761868,1788923700.0084429,0.7578125,-1.3877787807814457e-17,128.67282581329346,0.11941869556903839,1,-1,0.3125,0.3495784103870392,0.002242694143205881,1.0064582824707031,0.9950374364852905,0.9775576591491699,0,0,0.005790861323475838,0.0002628704532980919,1.000262975692749,0.11162930727005005,0.0073841530829668045,0.007307782303541899,0.004989677108824253,0.0002628704532980919,1,1,0.0002628704532980919,1,7.125,234.40625,0.0061704437732619,0.03125,0,7888.40625,0,5.156733346711983,0.19691794244721583,0.5712536432020769,17941.40625,0.8428385468306859,6628.40625,0.5370345832780004,0.6851775834514026,21634.5,0.9123845396330513,7194.4375,0.4785939920693636,0.007704004366819599,0.4239192163708837,13567.6875,0.789474138234898,6284.65625,4.431894481182098,0.125,0,1.6735333236674574,0.5864428459393868,0,4.977939224160762,0.19564378942364696,,,,,,,,,,,,,,,,0.2109375,1883,2048,1023.28125,1175.04296875,244,244,4096,4096,4096,14.034539369982667,8.758445223036688,,,,,,,,,0.5714285714285714,-1,0.27432663385245026,0,0,1,,,,,,2.5386579036712646,0.019029119983315468,0.5927088260650635,0.007475190330296755,0.9981422424316406,,,,,,,,,,,,,0.005538680008612573,0.0010621360111144895,0.00022347999038174748,0.6630793850054033,0.05128469160172244,0.006044400040991604,0.008955069992225617,0.003298943702930046,0.0004905200330540538,0,0,0,,,,,1,0.7578125,0,194
206,31245.329741328,1788923849.1212087,0.5703125,1.214306433183765e-17,137.10676097869873,0.13960207998752594,0.5714285969734192,-1,0.3125,0.3504136800765991,0.0019810672383755445,1.0052213668823242,0.9956762790679932,0.9773397445678711,0,0,0.005001326557248831,0.00018858816474676132,1.0001885890960693,0.08449337631464005,0.017281098291277885,0.017147526144981384,0.004345257766544819,0.00018858816474676132,1,1,0.00018858816474676132,1,7.0625,239.15625,0.005372193013362569,0.03125,0,8186.25,0,5.220899053982165,0.16929541121354477,0.5658449894885872,18421.125,0.836097990613665,6814.84375,0.5395663361996412,0.6823093712432854,22313.1875,0.9078247826130633,7418.15625,0.48667092248797417,0.006306813213859504,0.42164332836584767,13927.125,0.783118485895469,6444.21875,3.7188751697540283,0.0625,0,1.6253440922581053,0.5898918134638342,0,5.275521235847678,0.17729362664705783,,,,,,,,,,,,,,,,0.3828125,1913,2048,1174.7734375,1436.546875,325,325,4096,4096,4096,14.643772745970637,8.686216433998197,,,,,,,,,1,-1,0.24743582965269675,0,0,1,,,,,,1.2210693359375,0.018702000379562378,0.3347334861755371,0.007347152568399906,0.9981798529624939,,,,,,,,,,,,,0.05247149901697412,0.001329041930830499,0.00019034900469705462,0.6318002860061824,0.058429259340528006,0.006626198999583721,0.05312759900698438,0.004052777641618377,0.00047654000809416175,0,0,0,,,,,1,0.5703125,0,146
207,31389.146286642,1788923996.3423173,0.54296875,1.3877787807814457e-17,135.7996804714203,0.1199178695678711,1,-1,0.3125,0.34703975915908813,0.0013931036228314042,1.0045366287231445,0.9936796426773071,0.9726982116699219,0,0,0.006637214682996273,0.00019461731426417828,1.0001946687698364,0.09082044661045074,0.020892545580863953,0.02074877917766571,0.006352229975163937,0.00019461731426417828,1,1,0.00019461731426417828,1,7.03125,324.15625,0.007476155830098835,0.03125,0,9398.1875,0,10.340954210743174,0.06651969071929933,0.5680796263684347,21264.375,0.8408400886749563,7877.53125,0.4633409900125116,0.6850275132503989,25734.4375,0.9118877794782982,8557.8125,0.5144344381988049,0.008936969564145199,0.4323504064182553,16282.8125,0.7970834344936915,7501.75,4.790431499481201,0.03125,0,1.628332794905588,0.5835245985014709,0,9.433307593683914,0.06832578149539076,,,,,,,,,,,,,,,,0.4140625,1856,2048,1208.9453125,1464.0078125,323,323,4096,4096,4096,14.947564936010167,8.818517013976816,,,,,,,,,1,-1,0.2512722728476837,0,0,1,,,,,,1.081719160079956,0.018593454733490944,0.41579532623291016,0.007296668831259012,0.9981825351715088,,,,,,,,,,,,,0.005370651022531092,0.001141597088690105,0.00019158999202772975,0.6446222260128707,0.04914723080742078,0.005224669992458075,0.010015159845352173,0.003977175169211478,0.0006276799831539392,0,0,0,,,,,1,0.54296875,0,139
208,31528.043301563,1788924140.957331,0.64453125,8.456776945386935e-18,132.36918687820435,0.11387795209884644,1,-1,0.3125,0.34670865535736084,0.0018948569195345044,1.0062294006347656,0.9942750930786133,0.9786114692687988,0,0,0.006305149756371975,0.00012408732436597347,1.0001240968704224,0.10212036967277527,0.005880346056073904,0.005728708580136299,0.005754436366260052,0.00012408732436597347,1,1,0.00012408732436597347,1,7.09375,318.3125,0.007083127643351133,0.03125,0,9671.5625,0,7.530174935685592,0.05439260218448924,0.5662533224782542,21785.15625,0.8390000326266656,8080.03125,0.5203977208584547,0.68518764294453,26484.03125,0.9118055579884092,8801.28125,0.5189604461193085,0.008346357967341688,0.43032987178512383,16658.53125,0.7949299128728846,7692.9375,4.3323230147361755,0.15625,0,1.6203042015840061,0.5742126490988284,0,7.211936499812054,0.05446383580568509,,,,,,,,,,,,,,,,0.30859375,1845,2048,1138.60546875,1341.48828125,236,236,4096,4096,4096,14.287425420014188,8.429070643032901,,,,,,,,,1,-1,0.2187044413199266,0,0,1,,,,,,1.9074735641479492,0.018774930387735367,0.4183042049407959,0.0073672509752213955,0.9981876015663147,,,,,,,,,,,,,0.005033520050346851,0.001190570704466154,0.0002052800264209509,0.6562811660114676,0.06298253355362249,0.0029415700118988752,0.06052703905152157,0.00412219642907985,0.00044934003381058574,0,0,0,,,,,1,0.64453125,0,165
209,31674.507501068,1788924279.6940794,0.71484375,0,126.68487524986267,0.08278700709342957,1,-1,0.25,0.34803301095962524,0.0020880696829408407,1.005997657775879,0.9949914216995239,0.9711556434631348,0,0,0.005568898282945156,0.00018503423780202866,1.0001851320266724,0.1231117770075798,0.003079648595303297,0.002979292068630457,0.005033405032008886,0.00018503423780202866,1,1,0.00018503423780202866,1,7.0625,285.25,0.006300912793822472,0.03125,0,9108.84375,0,7.550943269099293,0.11181081878318633,0.5664538585400276,20560.71875,0.8393438397394092,7626.09375,0.5653139436617494,0.6854836260224161,24963.25,0.9121300694760426,8300.03125,0.5671007670462132,0.007413352047303906,0.4270496799914702,15654.09375,0.7925277023930204,7247.6875,4.31473708152771,0.0625,0,1.5727867929466686,0.5612238300882921,0,7.148628679252541,0.11063842208566024,,,,,,,,,,,,,,,,0.2734375,1910,2048,986.88671875,1138.1015625,267,267,4096,4096,4096,13.428710597974714,9.115671458013821,,,,,,,,,0.8571428571428572,-1,0.21279241585380332,0,0,1,,,,,,0.9022634029388428,0.019301069900393486,0.333204984664917,0.00753073301166296,0.9981845021247864,,,,,,,,,,,,,0.005210959992837161,0.0011903028459983034,0.00018692901358008385,0.6391120859771036,0.04983452639544339,0.004778159025590867,0.011682940064929426,0.0030158307008605334,0.00045161001617088914,0,0,0,,,,,1,0.71484375,0,183
210,31818.737229824,1788924425.9973848,0.640625,1.474514954580286e-17,134.40895462036133,0.09508112072944641,0.8571428656578064,-1,0.21875,0.36122041940689087,0.0012489159125834703,1.0062589645385742,0.9960984587669373,0.980095386505127,0,0,0.00461867218837142,0.0001128010917454958,1.0001128911972046,0.0720604956150055,0.02431458607316017,0.02423044666647911,0.003919095266610384,0.0001128010917454958,1,1,0.0001128010917454958,1,7.03125,216.84375,0.004867830592230282,0.03125,0,7895.09375,0,16.89703557129625,0.20741861408852186,0.5733668985207898,17989.125,0.8481743532110877,6661.125,0.4479222912341356,0.6872960646619318,21685.34375,0.9168986958879852,7221.5625,0.5118574276566505,0.006259362130823916,0.4232888822999757,13488.875,0.7905208582703203,6273.375,3.591554641723633,0.0625,0,1.591578319663474,0.6050079419470247,0,16.77667308492325,0.20572213446782106,,,,,,,,,,,,,,,,0.33203125,1913,2048,1161.29296875,1376.32421875,294,294,4096,4096,4096,14.702942800009623,8.950700432993472,,,,,,,,,1,-1,0.2988071523335984,0,0,1,,,,,,1.3759028911590576,0.018490327522158623,0.5714274644851685,0.007250641938298941,0.9981884956359863,,,,,,,,,,,,,0.0059555600164458156,0.001169569613693966,0.00021962897153571248,0.6447420070180669,0.05096710709358376,0.0038756299763917923,0.012585660035256296,0.0035791841510217637,0.0006655000033788383,0,0,0,,,,,1,0.640625,0,164
211,31968.435367685,1788924570.63847,0.60546875,1.0842021724855044e-17,132.36312580108643,0.1671208292245865,1,-1,0.40625,0.34239497780799866,0.001975914230570197,1.0082807540893555,0.9953792095184326,0.9761199951171875,0,0,0.005234066396951675,0.00033084675669670105,1.0003308057785034,0.18330661952495575,0.022212080657482147,0.022210892289876938,0.004642622545361519,0.00033084675669670105,1,1,0.00033084675669670105,1,7.1875,269.28125,0.005774995826737605,0.03125,0,9290.34375,0,7.474956936095294,0.14674992190981423,0.5677342116856514,20996.40625,0.8405087741012702,7781.75,0.6261523021385074,0.6861551029637909,25464,0.9129235831327476,8465.96875,0.5287397056818008,0.007117301679401123,0.4223861743298496,15801.46875,0.787930096150601,7352.8125,4.282170057296753,0.21875,0,1.7617057266000855,0.6028727679624037,0,7.426683172954105,0.15009212402551725,,,,,,,,,,,,,,,,0.34765625,1913,2048,1150.59765625,1344.10546875,271,271,4096,4096,4096,14.171375952020753,8.736497625999618,,,,,,,,,1,-1,0.2382440011451131,0,0,1,,,,,,1.489243984222412,0.018623897805809975,0.5379035472869873,0.007300429046154022,0.9981727600097656,,,,,,,,,,,,,0.0071047599776647985,0.0010712617918215983,0.00020027003483846784,0.6207737069926225,0.05912710933216658,0.004689139954280108,0.05345849896548316,0.0038862156454797514,0.000546199968084693,0,0,0,,,,,1,0.60546875,0,155
212,32123.337771496,1788924719.8196344,0.625,0,137.35092759132385,0.10593768209218979,1,-1,0.28125,0.3454285264015198,0.007086490280926228,1.0075979232788086,0.9951071739196777,0.9718680381774902,0,0,0.005648057442158461,0.00016236561350524426,1.0001624822616577,0.14163054525852203,0.014395053498446941,0.01428932137787342,0.004918544087558985,0.00016236561350524426,1,1,0.00016236561350524426,1,7.0625,262.65625,0.006130156380097347,0.03125,0,9204.78125,0,31.128867670663784,0.11402839540369425,0.5691223301662474,20849.375,0.8422501340007363,7723.40625,0.622832540422678,0.688218148391613,25312.8125,0.914937789167438,8405.03125,0.4726709686219692,0.008070997933440847,0.4227536902581365,15612.3125,0.7897509500696182,7285.03125,4.9872727394104,0.0625,0,1.6309761925056776,0.5514487410900042,0,30.071770251594867,0.1151207161589249,,,,,,,,,,,,,,,,0.34765625,2048,2048,1139.74609375,1318.734375,305,305,4096,4096,4096,14.413138337025885,9.281040095025674,,,,,,,,,1,-0.8571428571428571,0.2857142857142857,0,0,1,,,,,,1.4375287294387817,0.018128331750631332,0.390749454498291,0.007092389278113842,0.9982261061668396,,,,,,,,,,,,,0.010549410013481975,0.0012259843854280916,0.00021129997912794352,0.695183486037422,0.08054706556299607,0.006731980014592409,0.010359560023061931,0.0032175891456063255,0,0,0,0,,,,,1,0.625,0,160
213,32272.734441963,1788924874.7264743,0.48828125,1.734723475976807e-18,143.0438220500946,0.1443922221660614,1,-0.8571428656578064,0.3125,0.3445432782173157,0.002394516719505191,1.007411003112793,0.9959636330604553,0.9671521186828613,0,0,0.004794753156602383,0.0003123629139736295,1.0003124475479126,0.1134587824344635,0.010833801701664925,0.010831382125616074,0.004056548699736595,0.0003123629139736295,1,1,0.0003123629139736295,1,7.0625,246.15625,0.005083329738700626,0.03125,0,9117.96875,0,5.861646186252607,0.21085683064019373,0.5646275551273044,20448.65625,0.8377753903240736,7596.65625,0.9207167327404022,0.6856122526754111,24981.96875,0.911209805563412,8289.375,0.8775172624737024,0.006315408324059259,0.41442036682806727,15258.65625,0.779244587585946,7157.1875,3.8325762152671814,0.09375,0,1.673132839963415,0.593363243711422,0,5.945522788925625,0.22781826525050286,,,,,,,,,,,,,,,,0.48828125,1938,2048,1413.25390625,1641.87890625,337,337,4096,4096,4096,16.43666668399237,8.916334162000567,,,,,,,,,1,-1,0.23282865732866603,0,0,1,,,,,,1.0439221858978271,0.017971470952033997,0.33244919776916504,0.007016004528850317,0.9982680678367615,,,,,,,,,,,,,0.005282610014546663,0.001116861644504752,0.00020547996973618865,0.7016320950351655,0.05287073883619087,0.0025846099597401917,0.04438514891080558,0.0041051740201965,0.0005069499602541327,0,0,0,,,,,1,0.48828125,0,125
214,32411.482955963,1788925023.7543242,0.6171875,4.336808689942018e-18,137.57184195518494,0.10033942013978958,1,-1,0.3125,0.33296167850494385,0.0014134671073406935,1.0065412521362305,0.994842529296875,0.9817366600036621,0,0,0.005610274150967598,0.00018075760453939438,1.0001808404922485,0.10939230024814606,0.01177392527461052,0.011832470074295998,0.005179958418011665,0.00018075760453939438,1,1,0.00018075760453939438,1,7.0625,329.375,0.006289484790898256,0.03125,0,11306.03125,0,7.06309509926227,0.0806895772065597,0.5636324632009982,25424.65625,0.8365730092551795,9439.75,0.5338506358675659,0.6867612609874431,31031.3125,0.9121323675378006,10300.6875,0.5092480387538671,0.007580736076205258,0.4209424692827589,19107.71875,0.7878003383344505,8929.3125,5.110900461673737,0.0625,0,1.684578922922964,0.5980125409164212,0,6.954565116809434,0.08600186993063216,,,,,,,,,,,,,,,,0.3515625,1939,2048,1222.8828125,1419.19140625,361,361,4096,4096,4096,14.65240968001308,8.64591359498445,,,,,,,,,1,-1,0.3214285714285714,0,0,1,,,,,,1.0202593803405762,0.01804118975996971,0.41089391708374023,0.0070450762286782265,0.9982426762580872,,,,,,,,,,,,,0.005949140002485365,0.001131737067225913,0.00020905997371301055,0.654348137031775,0.047830730369469165,0.0065560799557715654,0.011231919983401895,0.003481896826542652,0.00045972998486831784,0,0,0,,,,,1,0.6171875,0,158
215,32552.707557155,1788925163.056952,0.61328125,1.734723475976807e-18,127.42100048065186,0.20067523419857025,1,-1,0.5,0.3369259834289551,0.0020280457101762295,1.0058956146240234,0.9959067106246948,0.9835286140441895,0,0,0.004712226334959269,0.0001441407948732376,1.0001442432403564,0.17669260501861572,0.03689142316579819,0.0367744117975235,0.004110259935259819,0.0001441407948732376,1,1,0.0001441407948732376,1,7.03125,257.28125,0.00512068648258487,0.03125,0,9783.0625,0,10.91661932014275,0.11971075095412437,0.5660140999222687,22006.34375,0.8392903386394909,8169.5625,0.48577719926834106,0.6884371082315801,26896.65625,0.9145587661302663,8924.25,0.5048565417528152,0.007078884382864532,0.4162483375007793,16334.75,0.7837442664299119,7677.5,4.4905354380607605,0.0625,0,1.5970870891278457,0.5950104453842411,0,11.432051198290328,0.12522263491659924,,,,,,,,,,,,,,,,0.3515625,1913,2048,1158.00390625,1348.1796875,319,319,4096,4096,4096,13.770500327053014,8.421296268992592,,,,,,,,,1,-1,0.2187044413199266,0,0,1,,,,,,2.6442818641662598,0.017684001475572586,0.5227789878845215,0.006925217807292938,0.9982386827468872,,,,,,,,,,,,,0.006402429949957877,0.0012021819229630637,0.00021964003099128604,0.6135742490296252,0.04522599464689847,0.005061939998995513,0.058698848937638104,0.003281614840943803,0.000558868981897831,0,0,0,,,,,1,0.61328125,0,157
216,32694.580058286,1788925304.1668522,0.609375,6.938893903907228e-18,129.1605043411255,0.09054046124219894,1,-1,0.21875,0.33287349343299866,0.0014397341292351484,1.0056476593017578,0.9961596131324768,0.9782729148864746,0,0,0.004652317613363266,8.680787868797779e-05,1.0000869035720825,0.05700617656111717,0.011611551977694035,0.01158134825527668,0.0038578039966523647,8.680787868797779e-05,1,1,8.680787868797779e-05,1,7.0625,236.78125,0.005066482417103236,0.03125,0,9264.03125,0,28.374768218808917,0.1964912022441932,0.5646601881988681,20783.5625,0.8379620745549534,7722.75,0.5645566552411765,0.6876049035203982,25430.21875,0.9132031313613491,8435.875,0.5225096950307488,0.006389756221534714,0.4101787842145951,15306.3125,0.7767038393134479,7229.5625,3.9508944749832153,0.0625,0,1.9536710451092603,0.5987394591086188,0,32.3490571021935,0.19789977801266656,,,,,,,,,,,,,,,,0.37109375,1910,2048,1199.60546875,1356,294,294,4096,4096,4096,13.656104328983929,8.947211039019749,,,,,,,,,1,-1,0.24222607082590245,0,0,1,,,,,,2.0888895988464355,0.017881425097584724,0.5441501140594482,0.006995013449341059,0.9982770085334778,,,,,,,,,,,,,0.04526306001935154,0.0012674716538185749,0.00020198000129312277,0.6757871169829741,0.0612770952172923,0.0027558189467526972,0.008294569910503924,0.002854737004099661,0.0005837099743075669,0,0,0,,,,,1,0.609375,0,156
217,32836.904666638,1788925445.5217328,0.625,3.469446951953614e-18,129.99187922477722,0.10472051799297333,1,-1,0.28125,0.34232205152511597,0.00211515324190259,1.005478858947754,0.9957979321479797,0.9795031547546387,0,0,0.0048361727967858315,0.00015639630146324635,1.0001564025878906,0.11884458363056183,0.008943071588873863,0.008900705724954605,0.004221825860440731,0.00015639630146324635,1,1,0.00015639630146324635,1,7.0625,255.375,0.005334581291308423,0.03125,0,9596.84375,0,15.434580641248184,0.16914244333020687,0.5687009024455272,21645.34375,0.8439538017611518,8041.21875,0.5736062019132078,0.6890648184008793,26387.65625,0.916991348779754,8765.71875,0.5038450304418802,0.00604808804792557,0.41598443348812525,16042.71875,0.7847550562889337,7549.75,4.137473165988922,0.0625,0,1.5715782778048646,0.5731450479401974,0,13.571346707491003,0.1800452146521645,,,,,,,,,,,,,,,,0.3359375,2048,2048,1184.953125,1384.90234375,319,319,4096,4096,4096,14.134869820962194,8.787487302033696,,,,,,,,,0.7142857142857143,-1,0.2624453295839119,0,0,1,,,,,,1.464139461517334,0.017907695844769478,0.29410552978515625,0.00704685365781188,0.9982467889785767,,,,,,,,,,,,,0.004404528997838497,0.001007819648975783,0.00021153996931388974,0.6388774770312011,0.06516492246305461,0.0021282199886627495,0.008433580049313605,0.0029410897654997825,0,0,0,0,,,,,1,0.625,0,160
218,32974.798592205,1788925587.634722,0.66015625,1.734723475976807e-18,130.88210582733154,0.1418076902627945,0.7142857313156128,-1,0.3125,0.33659642934799194,0.0018926922930404544,1.0064163208007812,0.9954928755760193,0.9802675247192383,0,0,0.005094289779663086,9.689992293715477e-05,1.0000969171524048,0.07378249615430832,0.030740665271878242,0.03046981245279312,0.004528893157839775,9.689992293715477e-05,1,1,9.689992293715477e-05,1,7.0625,248.46875,0.005883158920808604,0.03125,0,9479.625,0,15.826503118255637,0.1272163065990022,0.5715817400114749,21578.78125,0.8475689291817574,8009.15625,0.5227655144408345,0.6921728612179329,26241.03125,0.9204973825063513,8714.46875,0.47062473371624947,0.006918299474493336,0.42043696088739624,15987.78125,0.7922474163745596,7527.9375,4.289818346500397,0.0625,0,1.5781508597628089,0.6125807897409592,0,15.902072049482118,0.12763958800006311,,,,,,,,,,,,,,,,0.3203125,1958,2048,1232.75,1426.90625,317,317,4096,4096,4096,14.14314016897697,8.408408408984542,,,,,,,,,0.8571428571428572,-1,0.25877458475338283,0,0,1,,,,,,4.243405342102051,0.017520368099212646,0.931889533996582,0.006862028501927853,0.9982156157493591,,,,,,,,,,,,,0.005561208992730826,0.0011572675387014897,0.00020746001973748207,0.6692788769723848,0.05680557491700711,0.006429560016840696,0.00859860994387418,0.003271992375402988,0.00045241997577250004,0,0,0,,,,,1,0.66015625,0,169
219,33112.70841158,1788925725.8219495,0.6484375,-3.469446951953614e-18,126.77026391029358,0.1290169358253479,0.8571428656578064,-1,0.3125,0.32620832324028015,0.0015140455216169357,1.0063056945800781,0.9955064058303833,0.9604101181030273,0,0,0.0049985554069280624,0.0001236798707395792,1.0001237392425537,0.0754770040512085,0.01819833740592003,0.018131578341126442,0.004516195971518755,0.0001236798707395792,1,1,0.0001236798707395792,1,7.09375,262.625,0.005695913483305936,0.03125,0,9862,0,9.515703875570075,0.10643563053745103,0.5675637364635776,22275.65625,0.8421495867903146,8272.90625,0.6592979249544442,0.6897987272989033,27179.84375,0.9165095008452675,9020.90625,0.4940161779522896,0.007007761890713907,0.414880991931043,16462.46875,0.7855789479799038,7776.28125,4.532535493373871,0.09375,0,1.629574602970725,0.5496369036908586,0,9.222383410501806,0.10825548472275369,,,,,,,,,,,,,,,,0.34375,1914,2048,1223.21875,1413.328125,278,278,4096,4096,4096,13.663825078983791,8.23119613295421,,,,,,,,,1,-1,0.2624453295839119,0,0,1,,,,,,1.8429670333862305,0.01728574000298977,0.5525612831115723,0.006800373084843159,0.9982351660728455,,,,,,,,,,,,,0.005567160027567297,0.0010444298284255638,0.0001773799885995686,0.6228941080044024,0.04833881594868217,0.006454340007621795,0.009652410924900323,0.0029801245377711894,0.0006030100048519671,0,0,0,,,,,1,0.6484375,0,166
220,33245.727745487,1788925863.6216655,0.625,9.540979117872439e-18,126.45903611183167,0.12775713205337524,1,-1,0.3125,0.31988298892974854,0.0016138434875756502,1.0053091049194336,0.9955965280532837,0.9801745414733887,0,0,0.00486943032592535,3.061071038246155e-05,1.0000306367874146,0.11185389757156372,0.023533690720796585,0.023346921429038048,0.004422281868755817,3.061071038246155e-05,1,1,3.061071038246155e-05,1,7.1875,258.84375,0.005515556534349375,0.03125,0,9785.75,0,6.227126635819873,0.07490952275894386,0.5650295906792429,22006.5625,0.8391042646488287,8181.3125,0.6155121000483632,0.6909315430275718,27013.71875,0.916181765190941,8949.40625,0.486275814473629,0.006814539252583897,0.41358513783932327,16194.75,0.7838693462188466,7673.8125,4.607745885848999,0.21875,0,1.955604131294562,0.5796201804937614,0,6.169491472950458,0.06948308723542901,,,,,,,,,,,,,,,,0.36328125,1939,2048,1196.53515625,1391.01953125,280,280,4096,4096,4096,13.790826537006069,8.456500689033419,,,,,,,,,1,-1,0.22015764296317775,0,0,1,,,,,,1.7098994255065918,0.017254328355193138,0.5059630870819092,0.006790316663682461,0.9982298016548157,,,,,,,,,,,,,0.004846338997595012,0.0010443670064432808,0.00015342998085543513,0.6436410570167936,0.054300111885368096,0.0028851309907622635,0.044708368950523436,0.002962005237577614,0.0004026900278404355,0,0,0,,,,,1,0.625,0,160
221,33384.245498653,1788925996.3926342,0.76171875,4.336808689942018e-18,121.71847319602966,0.09518273919820786,1,-1,0.28125,0.32087093591690063,0.001158541883341968,1.0054559707641602,0.9959976673126221,0.9833502769470215,0,0,0.004662008956074715,2.8410926461219788e-05,1.0000284910202026,0.07910124957561493,0.01751616783440113,0.017282770946621895,0.004019809886813164,2.8410926461219788e-05,1,1,2.8410926461219788e-05,1,7.125,246.96875,0.00497842785924525,0.03125,0,9572.28125,0,11.245115058895305,0.14084418313355052,0.5660791538486848,21588.5,0.8413064230539783,8029.78125,0.5778214372694492,0.6909747624369362,26438.78125,0.9165768105110046,8762.0625,0.5165345490677282,0.006430716505676051,0.411007388943912,15872.6875,0.7825392449426208,7541.5625,4.158932209014893,0.15625,0,1.8210675635902007,0.6083726442523185,0,10.810664099803212,0.14823807391448796,,,,,,,,,,,,,,,,0.21875,1958,2048,1077.08203125,1207.296875,329,329,4096,4096,4096,12.70142538897926,8.302756970981136,,,,,,,,,1,-1,0.2731617596567563,0,0,1,,,,,,1.8916773796081543,0.01724318414926529,0.39496588706970215,0.006789579056203365,0.9982302188873291,,,,,,,,,,,,,0.004610760021023452,0.0010100426463850454,0.00022478000028058887,0.6173088090145029,0.04548999850067048,0.003121549030765891,0.008740259916521609,0.002757759096311929,0.00040669000009074807,0,0,0,,,,,1,0.76171875,0,195
222,33520.185094621,1788926135.9086602,0.67578125,1.734723475976807e-18,127.48570036888123,0.1519618034362793,1,-1,0.40625,0.3222205638885498,0.0017274387646466494,1.0065498352050781,0.9968163967132568,0.9839177131652832,0,0,0.004080119542777538,9.049149230122566e-05,1.000090479850769,0.11870644986629486,0.031181178987026215,0.03103981725871563,0.0031968243420124054,9.049149230122566e-05,1,1,9.049149230122566e-05,1,7.125,203.75,0.004305121600636503,0.03125,0,8616.65625,0,10.794183846244067,0.17811970988704945,0.5672345885191918,19392.875,0.8422210370995931,7210.3125,0.5229260008782148,0.691860999638403,23804.34375,0.9177717379113121,7883.125,0.5096187999006361,0.0049757563768983385,0.4071244453921478,14115.25,0.7777125668468406,6731.53125,3.371718466281891,0.125,0,1.6475333512283015,0.6074880977284123,0,10.910566970695879,0.18106858201777318,,,,,,,,,,,,,,,,0.3203125,1938,2048,1111.5234375,1293.9375,294,294,4096,4096,4096,13.57451167597901,8.158313792024273,,,,,,,,,1,-1,0.263657554647025,0,0,1,,,,,,1.5789270401000977,0.01667686738073826,0.4579811692237854,0.0065453676506876945,0.9982697367668152,,,,,,,,,,,,,0.005793490039650351,0.001050054266670486,0.0002009000163525343,0.646127226005774,0.06368541540814476,0.005782379012089223,0.0590960590634495,0.003511873232127982,0.0005703800125047565,0,0,0,,,,,1,0.67578125,0,173
223,33653.001653054,1788926271.0403984,0.6875,2.168404344971009e-18,123.83982062339783,0.13642890751361847,1,-1,0.34375,0.3091679513454437,0.0018280743388459086,1.0046606063842773,0.9962323904037476,0.9822611808776855,0,0,0.004559463821351528,0.000116487848572433,1.0001164674758911,0.11713080108165741,0.02503397688269615,0.02498553693294525,0.003784450003877282,0.000116487848572433,1,1,0.000116487848572433,1,7.0625,234.25,0.004981546776681809,0.03125,0,8892.1875,0,6.309115775494364,0.12496349578493555,0.5627355247802814,19886.3125,0.8363651089585874,7398.3125,0.4995699627324939,0.6893302058107187,24483.0625,0.9133827762600579,8100.5,0.5007829237729311,0.005844465807177153,0.40526797552913957,14523.59375,0.7743983161069115,6924.375,3.7923601269721985,0.0625,0,1.642433624895184,0.6124554653086507,0,6.260867918743351,0.13170646697954735,,,,,,,,,,,,,,,,0.29296875,1913,2048,1061.5859375,1231.20703125,284,284,4096,4096,4096,12.912497464974876,9.011284964042716,,,,,,,,,0.8571428571428572,-1,0.24222607082590242,0,0,1,,,,,,6.807328224182129,0.0168150644749403,0.499393105506897,0.0066587417386472225,0.9982038736343384,,,,,,,,,,,,,0.044713918992783874,0.0012590437506787566,0.00023965997388586402,0.678852705983445,0.07456141338411726,0.005224619992077351,0.00959021900780499,0.0030328042732890026,0.0004768000217154622,0,0,0,,,,,1,0.6875,0,176
224,33790.452286112,1788926403.8179054,0.71484375,1.5178830414797062e-17,121.55602264404297,0.11177796125411987,0.8571428656578064,-1,0.25,0.31265026330947876,0.0014942435082048178,1.0058879852294922,0.9963228702545166,0.9771757125854492,0,0,0.00461824843659997,7.635122165083885e-05,1.000076413154602,0.08458032459020615,0.014995215460658073,0.014775975607335567,0.0036969163920730352,7.635122165083885e-05,1,1,7.635122165083885e-05,1,7.0625,212.34375,0.0047983345094639975,0.03125,0,8492.6875,0,19.838256280105433,0.19841235780877903,0.5634603315478994,19009.71875,0.8365193118088446,7065.40625,0.7294470639899373,0.6895437034969116,23399.21875,0.91300018279262,7734.15625,0.5190838724374771,0.006914291054504924,0.4031770952743329,13821.25,0.7721584110906863,6603.34375,4.500956594944,0.0625,0,1.6038787798763166,0.5568634015498324,0,20.184367445332377,0.19614481931862243,,,,,,,,,,,,,,,,0.265625,2048,2048,1008.453125,1167.59375,273,273,4096,4096,4096,12.83941939700162,8.298247179016471,,,,,,,,,1,-1,0.26845172104237336,0,0,1,,,,,,1.2186737060546875,0.017029885202646255,0.5301508903503418,0.006736139766871929,0.998204231262207,,,,,,,,,,,,,0.004480408970266581,0.00104141806809821,0.00019355997210368514,0.6153887480031699,0.05382545944189587,0.0035694899852387607,0.007345810066908598,0.0028116151393078326,0,0,0,0,,,,,1,0.71484375,0,183
225,33922.554378909,1788926541.5507438,0.60546875,1.3010426069826053e-18,126.20907664299011,0.1521310955286026,1,-1,0.40625,0.31495875120162964,0.001974698156118393,1.0059394836425781,0.9963697791099548,0.9854631423950195,0,0,0.004351545125246048,7.913191802799702e-05,1.0000791549682617,0.1346864104270935,0.03752288222312927,0.03717295080423355,0.0036457825917750597,7.913191802799702e-05,1,1,7.913191802799702e-05,1,7.0625,191,0.004429558183987228,0.03125,0,8067.625,0,49.667112397131575,0.18791917733365215,0.566962926629232,18191.25,0.8416290694108983,6759.96875,0.5591350756585598,0.6913021286663881,22292.15625,0.916358419373702,7377.1875,0.5332519430667162,0.005717263727732336,0.40505167899001926,13161.75,0.775353288253168,6290.625,3.5907878279685974,0.0625,0,1.5812488645177645,0.5997187843363367,0,36.757971729065396,0.1863239180202204,,,,,,,,,,,,,,,,0.375,2003,2048,1148.83984375,1333.00390625,332,332,4096,4096,4096,13.402805424993858,8.317764438979793,,,,,,,,,1,-1,0.24090602791485788,0,0,1,,,,,,2.573089122772217,0.016375627368688583,0.654597282409668,0.006520847789943218,0.9981694221496582,,,,,,,,,,,,,0.005215929995756596,0.0010511460609450296,0.0001974699553102255,0.6450416360166855,0.0582790705007028,0.0032383499783463776,0.010092890006490052,0.0030347234073815343,0.0005409300210885704,0,0,0,,,,,1,0.60546875,0,155
226,34060.991459953,1788926673.148928,0.68359375,7.37257477290143e-18,120.71191191673279,0.1141800805926323,1,-1,0.25,0.30106544494628906,0.0014860142255201936,1.0082368850708008,0.996050238609314,0.9764752388000488,0,0,0.004573410842567682,2.8307083994150162e-05,1.0000282526016235,0.11195835471153259,0.028953563421964645,0.02873276174068451,0.003968148957937956,2.8307083994150162e-05,1,1,2.8307083994150162e-05,1,7.09375,238.3125,0.00496339610797152,0.03125,0,9190.71875,0,11.873834495145132,0.14996558848298483,0.5607165256885455,20486.71875,0.834470720090613,7629.4375,0.5934281381778419,0.6900989673529678,25322.1875,0.9124607058704127,8363.71875,0.4840369429439306,0.005836846444111926,0.4033266767412512,14899.375,0.7736668454084072,7135.71875,3.799750566482544,0.09375,0,1.9843858625335828,0.5772176263866574,0,11.380794531264739,0.15179618263240383,,,,,,,,,,,,,,,,0.30078125,1939,2048,1026.515625,1221.46875,283,283,4096,4096,4096,12.935183473979123,8.487973095965572,,,,,,,,,1,-1,0.22728432252424743,0,0,1,,,,,,2.1159539222717285,0.016633177176117897,0.6978176832199097,0.006603012792766094,0.9981536865234375,,,,,,,,,,,,,0.004661089973524213,0.0011368104871962714,0.00020612997468560934,0.6212503470014781,0.048913355028616934,0.004724620026536286,0.008259478956460953,0.0028971461194942094,0.0004393899580463767,0,0,0,,,,,1,0.68359375,0,175
227,34196.03300671,1788926812.1098843,0.59375,4.7704895589362195e-18,127.4660439491272,0.10061459988355637,1,-1,0.28125,0.3058967590332031,0.0015673624584451318,1.0055065155029297,0.9956532120704651,0.9792437553405762,0,0,0.005017174873501062,0.00014572660438716412,1.000145673751831,0.1203615814447403,0.01651744917035103,0.016516411677002907,0.004367821384221315,0.00014572660438716412,1,1,0.00014572660438716412,1,7.0625,219.8125,0.005308215719488089,0.03125,0,8212.125,0,6.216448128690104,0.18843968220939827,0.5632648281830338,18352.4375,0.8360947818534965,6824.1875,0.5692036740947515,0.6891442050482808,22611.5,0.9125333000734052,7473.875,0.5055532138794661,0.006425377223309372,0.40372890298908815,13377.4375,0.7731965109776526,6391.40625,3.586217999458313,0.0625,0,1.6672955901361444,0.5714180830019511,0,5.762531828866657,0.19826146643004525,,,,,,,,,,,,,,,,0.35546875,1910,2048,1141.51171875,1374.1640625,290,290,4096,4096,4096,14.213355987973046,8.25594085099874,,,,,,,,,0.7142857142857143,-1,0.22015764296317772,0,0,1,,,,,,2.0895605087280273,0.01654297485947609,0.47683262825012207,0.006550131365656853,0.9981401562690735,,,,,,,,,,,,,0.006372959993313998,0.0010777220238651353,0.00020278000738471746,0.6176060480065644,0.04786442384465772,0.00531926000257954,0.01605502999154851,0.003479437672012864,0.0004896509926766157,0,0,0,,,,,1,0.59375,0,152
228,34327.267294951,1788926947.4707453,0.765625,0,123.4990222454071,0.09726152569055557,0.7142857313156128,-1,0.21875,0.2963314652442932,0.0015107039362192154,1.0057249069213867,0.9948031306266785,0.9808073043823242,0,0,0.005689037963747978,8.249934762716293e-05,1.0000824928283691,0.06778401881456375,0.02181633934378624,0.02158970944583416,0.0052214814350008965,8.249934762716293e-05,1,1,8.249934762716293e-05,1,7.03125,264.125,0.006314479407551329,0.03125,0,9132.09375,0,6.623198487236387,0.09984379620893025,0.5588782929298587,20334.03125,0.8307431283699205,7563.3125,0.6558458970393986,0.6877418023346233,25095.78125,0.9082352386882063,8281.21875,0.5033553671091795,0.007705212019516005,0.40559238550347493,14907.65625,0.7738507206842802,7103.625,4.387035667896271,0.03125,0,1.6026745972602796,0.5355857744946929,0,7.380479372504709,0.10382358454578194,,,,,,,,,,,,,,,,0.19140625,1883,2048,1006.88671875,1171.50390625,257,257,4096,4096,4096,13.120575701002963,8.39746601798106,,,,,,,,,1,-1,0.30514299090419755,0,0,1,,,,,,6.29940128326416,0.016678016632795334,0.8307982683181763,0.006628166884183884,0.9980963468551636,,,,,,,,,,,,,0.007863609993364662,0.001088897152158097,0.00021353998454287648,0.662635846005287,0.07343350132850901,0.00257926998892799,0.06006959901424125,0.0036206767936164397,0.0005119400448165834,0,0,0,,,,,1,0.765625,0,196
229,34467.933204167,1788927078.9686751,0.796875,6.938893903907228e-18,119.38489031791687,0.16763457655906677,1,-1,0.4375,0.29935938119888306,0.0019914896693080664,1.006871223449707,0.9954569339752197,0.9735579490661621,0,0,0.005341041833162308,0.00025343243032693863,1.000253438949585,0.16336315870285034,0.014295593835413456,0.014204481616616249,0.0045663961209356785,0.00025343243032693863,1,1,0.00025343243032693863,1,7.0625,230.46875,0.005690566148389093,0.03125,0,8055.09375,0,4.656110061070631,0.17062200854090878,0.5544699676683824,17730.9375,0.8234333574309269,6596.84375,0.7390146287216339,0.6820613149964078,21971.71875,0.9013106707493991,7246.0625,0.5060538463294506,0.0070132918127867585,0.39792192202183513,12947.59375,0.75925987383399,6162,4.149963319301605,0.0625,0,1.89641233653813,0.5371265407719751,0,4.746025357914535,0.18278991204779535,,,,,,,,,,,,,,,,0.19140625,1830,2048,889.15234375,1052.87890625,284,284,4096,4096,4096,12.030063081008848,8.77244024904212,,,,,,,,,0.8571428571428572,-1,0.19884872724392935,0,0,1,,,,,,1.175208568572998,0.016352195292711258,0.4567716121673584,0.006555537227541208,0.9981403946876526,,,,,,,,,,,,,0.006702990038320422,0.0011950232224080537,0.00020451098680496216,0.6475176370004192,0.05574043423439434,0.0058191000134684145,0.01043324003694579,0.003111266582436656,0.0005475099897012115,0,0,0,,,,,1,0.796875,0,204
230,34609.342349872,1788927219.5565307,0.859375,3.469446951953614e-18,128.49140429496765,0.07120365649461746,0.8571428656578064,-1,0.15625,0.29530948400497437,0.0013548152055591345,1.0061664581298828,0.9963605403900146,0.9808063507080078,0,0,0.004621291533112526,6.512529216706753e-05,1.0000652074813843,0.08134259283542633,0.008196703158318996,0.008100520819425583,0.0036562622990459204,6.512529216706753e-05,1,1,6.512529216706753e-05,1,7.09375,179.3125,0.00495034706278399,0.03125,0,7113.21875,0,3.729295155887426,0.17754644163712674,0.554219293094214,15627.40625,0.82337827732746,5818.25,0.5210593501105905,0.6831354608216517,19418.28125,0.9029296262516198,6403.46875,0.5123266223818064,0.006309496295842982,0.39481891367431154,11319.4375,0.7558510349466159,5402.59375,4.277145504951477,0.09375,0,1.6813016089237305,0.6050957214638693,0,3.6903734939358084,0.18125848773205613,,,,,,,,,,,,,,,,0.10546875,1787,2048,959.4375,1152.30078125,241,241,4096,4096,4096,13.57107539003482,9.051219503046013,,,,,,,,,0.8571428571428572,-1,0.2766416675862441,0,0,1,,,,,,2.06148099899292,0.01660296879708767,0.6892615556716919,0.006629161071032286,0.9980109333992004,,,,,,,,,,,,,0.005054929992184043,0.0011142068970002583,0.00018608896061778069,0.6837738960166462,0.06151104360469617,0.003651720006018877,0.058455559017602354,0.004085737853984028,0.0005102200084365904,0,0,0,,,,,1,0.859375,0,220
231,34747.03142865,1788927360.9751854,0.76171875,2.6020852139652106e-18,129.3415551185608,0.13777384161949158,0.8571428656578064,-1,0.375,0.2889847457408905,0.002319247694686055,1.004903793334961,0.9957406520843506,0.9732913970947266,0,0,0.005157368257641792,0.0002462369157001376,1.000246286392212,0.08804625272750854,0.00705932080745697,0.006922179367393255,0.004282205831259489,0.0002462369157001376,1,1,0.0002462369157001376,1,7.125,226.5,0.005574214125509668,0.03125,0,7675.5,0,6.474236770959011,0.16452588066356644,0.5516186368775606,16822.875,0.8198573453624503,6256.59375,0.723667272599414,0.6801316471281991,20854,0.8989826056072202,6880.9375,0.5044982535764575,0.007401273111024466,0.39727680876957233,12313.21875,0.758818484792165,5851.34375,4.224617004394531,0.1875,0,1.7974555541114432,0.5109095254530623,0,6.50096047061073,0.16658730120272136,,,,,,,,,,,,,,,,0.20703125,1841,2048,974.65234375,1188.73828125,246,246,4096,4096,4096,13.847916649945546,8.935323966026772,,,,,,,,,1,-1,0.2660654361741311,0,0,1,,,,,,1.7807854413986206,0.01638893038034439,0.8151935338973999,0.006594413425773382,0.997992217540741,,,,,,,,,,,,,0.04613609903026372,0.0012742065994189034,0.0002268690150231123,0.6664819460129365,0.04819021805224111,0.004391409980598837,0.050279669056180865,0.004261225449454287,0.0006042100139893591,0,0,0,,,,,1,0.76171875,0,195
232,34880.839099028,1788927498.3605595,0.8203125,1.3010426069826053e-18,125.6191611289978,0.12904377281665802,1,-1,0.375,0.28657418489456177,0.0021450414787977934,1.007044792175293,0.9947211146354675,0.9704489707946777,0,0,0.005958570167422295,0.00020360236521810293,1.0002037286758423,0.1347455531358719,0.011081079952418804,0.010877911001443863,0.00530743133276701,0.00020360236521810293,1,1,0.00020360236521810293,1,7.15625,243.15625,0.006405207105214828,0.03125,0,7797.21875,0,6.208451041509886,0.09258155106313788,0.5481057846571359,16986.875,0.8142082607397695,6318.03125,0.5674728438607417,0.679252490963863,21165.75,0.8953383440517556,6968.25,0.4982740096747875,0.007678558735372409,0.40133507820865055,12545.21875,0.7613268619468059,5952.25,4.234976530075073,0.15625,0,1.7229961054041025,0.5673908673990744,0,5.786607270256827,0.09110093153842061,,,,,,,,,,,,,,,,0.1484375,1799,2048,961.25,1154.52734375,233,233,4096,4096,4096,13.403681343013886,8.999119504005648,,,,,,,,,1,-1,0.2696369441168125,0,0,1,,,,,,1.5829744338989258,0.016132190823554993,0.4545170068740845,0.006512803491204977,0.9980164170265198,,,,,,,,,,,,,0.005730330012738705,0.001109180955154443,0.00018676003674045205,0.650061046006158,0.06413827563960695,0.005986339005175978,0.014001961040776223,0.00443758715664444,0.0006300100358203053,0,0,0,,,,,1,0.8203125,0,210
233,35016.583833156,1788927632.7500253,0.81640625,0,122.0887770652771,0.128541499376297,1,-1,0.3125,0.28268909454345703,0.002234110841527581,1.0062313079833984,0.9945002794265747,0.9782233238220215,0,0,0.006141044199466705,0.0002007712610065937,1.0002007484436035,0.10771318525075912,0.009146607480943203,0.009039412252604961,0.005529491230845451,0.0002007712610065937,1,1,0.0002007712610065937,1,7.125,254.34375,0.00667978855962293,0.03125,0,7690,0,13.073459073726173,0.11168414212675201,0.5452613197247119,16659.34375,0.8088159447400153,6190.71875,0.548927528783679,0.6749666548395808,20778.96875,0.8893190460565792,6831.53125,0.4986861441284418,0.008534128764196734,0.399672791471363,12368.09375,0.7564964432313057,5843.53125,4.086047053337097,0.15625,0,1.7496048905252068,0.58836396342156,0,12.14226785506202,0.10951995716294188,,,,,,,,,,,,,,,,0.109375,1772,2048,865.28125,1059.05078125,220,220,4096,4096,4096,12.255130886973348,8.713834640046116,,,,,,,,,0.4285714285714286,-1,0.24090602791485785,0,0,1,,,,,,1.8482275009155273,0.016569260507822037,0.4891037940979004,0.006656687241047621,0.9979766011238098,,,,,,,,,,,,,0.006714439019560814,0.0012465805993997492,0.00017628900241106749,0.693700045987498,0.07486906723966058,0.004856500017922372,0.05666506802663207,0.004535070508154604,0.0005972100188955665,0,0,0,,,,,1,0.81640625,0,209
234,35140.899240679,1788927767.2866657,0.76171875,9.540979117872439e-18,123.45030164718628,0.10486362874507904,0.4285714328289032,-1,0.28125,0.2859218120574951,0.0021567372605204582,1.0076837539672852,0.994207501411438,0.9757814407348633,0,0,0.006596400402486324,0.0002715142909437418,1.0002715587615967,0.0445462167263031,0.003845925908535719,0.003816496580839157,0.0058266036212444305,0.0002715142909437418,1,1,0.0002715142909437418,1,7.09375,236.03125,0.00685500786291137,0.03125,0,6922.25,0,6.218748430535549,0.08009828033852394,0.5478562456518987,15134.40625,0.8116759853178589,5615.71875,0.6318187196739018,0.6767896681536769,18762.0625,0.8907392058618167,6171,0.5357465967535973,0.008857399807940092,0.4005450173633852,11243.15625,0.7568441442650937,5300.21875,4.367093145847321,0.15625,0,1.6866812473475252,0.5646892979159425,0,5.870463412654253,0.08226412021935212,,,,,,,,,,,,,,,,0.125,1772,2048,867.56640625,1073.45703125,197,197,4096,4096,4096,13.137826099002268,9.233520439011045,,,,,,,,,1,-1,0.2934227986634818,0,0,1,,,,,,1.5961676836013794,0.01614723540842533,0.7366541624069214,0.006531759165227413,0.9979286193847656,,,,,,,,,,,,,0.005661219998728484,0.0011994778965345176,0.0002476310473866761,0.6605486859916709,0.047387529747766166,0.006168249994516373,0.049643730046227574,0.004588000756712063,0.0004286300390958786,0,0,0,,,,,1,0.76171875,0,195
235,35270.820982279,1788927892.3678048,0.78125,3.903127820947816e-18,113.20132040977478,0.1640879213809967,1,-1,0.40625,0.28412097692489624,0.0023522458504885435,1.007181167602539,0.993998646736145,0.9641332626342773,0,0,0.006964149884879589,0.0003119424218311906,1.0003119707107544,0.16340272128582,0.020141780376434326,0.019818641245365143,0.006039069965481758,0.0003119424218311906,1,1,0.0003119424218311906,1,7.09375,240.71875,0.007195239905603786,0.03125,0,6940.53125,0,7.252343995666827,0.17300556790289567,0.5483190402330955,15085.46875,0.8117374740238648,5597.15625,0.7087851647520438,0.6764503406088536,18775.09375,0.8904236438129445,6165.625,0.5219254568219185,0.008406253365362017,0.3984043863142125,11217.1875,0.7544735458304896,5282.65625,3.5737560987472534,0.1875,0,1.7433991585394877,0.5487541846917418,0,6.925739281296405,0.17016098301191204,,,,,,,,,,,,,,,,0.08203125,1700,2048,693.5703125,845.44140625,185,185,4096,4096,4096,11.23379876796389,8.071996212995145,,,,,,,,,0.8571428571428572,-1,0.1956151991089879,0,0,1,,,,,,2.8077878952026367,0.016610968858003616,0.6281387805938721,0.006655891891568899,0.9978728890419006,,,,,,,,,,,,,0.006216989015229046,0.0011315966783058684,0.00021262001246213913,0.6508112369920127,0.046713914257452416,0.00968672998715192,0.009346809994895011,0.003349135616190324,0.0006947299698367715,0,0,0,,,,,1,0.78125,0,200
236,35397.103361339,1788928022.25349,0.8046875,0,118.01937985420227,0.07311119884252548,0.8571428656578064,-1,0.1875,0.2824432849884033,0.0016842455370351672,1.009455680847168,0.9950994253158569,0.9746723175048828,0,0,0.005940272007137537,9.974371641874313e-05,1.000099778175354,0.07177272439002991,0.008851072750985622,0.008730392903089523,0.004930279217660427,9.974371641874313e-05,1,1,9.974371641874313e-05,1,7.15625,181.59375,0.0059573016818041755,0.03125,0,5548.5625,0,4.309278359240761,0.20777764579386265,0.5490230690302568,12116.875,0.8112916046144256,4485.8125,0.7121877111494541,0.675908012010967,15028.6875,0.8885923278595785,4930.875,0.5704721882939339,0.0064561276822681325,0.38855565216657206,8810.34375,0.7405889725201351,4168.84375,2.917750656604767,0.21875,0,2.1589039554293588,0.5618660786827911,0,4.3922684540968255,0.20816532281003436,,,,,,,,,,,,,,,,0.11328125,1699,2048,760.21484375,977.63671875,183,183,4096,4096,4096,11.966629464994185,8.83518264797749,,,,,,,,,0.8571428571428572,-1,0.2743266338524503,0,0,1,,,,,,2.936284303665161,0.016483629122376442,0.7849944233894348,0.006655859295278788,0.997787594795227,,,,,,,,,,,,,0.005470759002491832,0.00112946820831894,0.00016734999371692538,0.6578324460424483,0.06323866471052497,0.0029544400167651474,0.010524999001063406,0.0038624178459940595,0.0005410999874584377,0,0,0,,,,,1,0.8046875,0,206
237,35533.372787217,1788928148.6894305,0.8046875,3.0357660829594124e-18,114.40400242805481,0.14023855328559875,0.8571428656578064,-1,0.34375,0.2814543843269348,0.003395630745217204,1.0061330795288086,0.994222104549408,0.9735031127929688,0,0,0.006551211234182119,0.00037873885594308376,1.0003787279129028,0.07972048223018646,0.000597681850194931,0.0006249621510505676,0.005810862872749567,0.00037873885594308376,1,1,0.00037873885594308376,1,7.3125,217.40625,0.006894056810135758,0.03125,0,6081.71875,0,6.037740545745574,0.1666556124528772,0.5479123459045162,13233.125,0.8106471758945022,4907.5,0.899023924022913,0.677515295684886,16499.375,0.8903048323580047,5411.6875,0.5345764346420765,0.007970082757030877,0.39523336012385113,9788.28125,0.7501959760008743,4612.53125,3.4755890369415283,0.40625,0,2.468973239822848,0.5313089904948767,0,6.233778169751929,0.17219240490465576,,,,,,,,,,,,,,,,0.12109375,1643,2048,745.83984375,904.76171875,201,201,4096,4096,4096,11.470896565995645,8.717660234018695,,,,,,,,,0.8571428571428572,-1,0.2575393768188564,0,0,1,,,,,,6.7142252922058105,0.017144976183772087,0.7333921194076538,0.006912364158779383,0.9977999329566956,,,,,,,,,,,,,0.005110769008751959,0.0011992013626240805,0.00021536002168431878,0.7325537439901382,0.06418829174504026,0.004122390004340559,0.05607869802042842,0.003725913656353441,0.0004839400062337518,0,0,0,,,,,1,0.8046875,0,206
238,35674.881737804,1788928284.0893269,0.78125,1.0408340855860843e-17,124.27683329582214,0.14003902673721313,0.8571428656578064,-1,0.3125,0.29836636781692505,0.0026000533252954483,1.0109987258911133,0.9949359893798828,0.974785327911377,0,0,0.006053495220839977,0.00025903619825839996,1.0002590417861938,0.08120930194854736,0.006493541412055492,0.006452623754739761,0.0050956616178154945,0.00025903619825839996,1,1,0.00025903619825839996,1,7.125,197,0.006433195315144095,0.03125,0,5966.71875,0,5.255627102845214,0.15994802232952904,0.5576313407241358,13240.84375,0.8227137974464283,4894.25,0.9488408016040921,0.6799006760835595,16248.125,0.8962684747078202,5346.8125,0.5132873114198446,0.008071419257434766,0.4018491230340497,9741.8125,0.7605543523769834,4584.53125,3.8062918186187744,0.1875,0,1.6936463649605549,0.5101371683723563,0,5.353341578287235,0.16269479590412947,,,,,,,,,,,,,,,,0.12109375,1883,2048,881.87890625,1060.765625,210,210,4096,4096,4096,12.771316328027751,8.761863063031342,,,,,,,,,1,-1,0.24743582965269675,0,0,1,,,,,,4.400254249572754,0.016938749700784683,0.7673842310905457,0.006743446458131075,0.997840940952301,,,,,,,,,,,,,0.046448979002889246,0.0012856170342274709,0.00019033998250961304,0.6359353759908117,0.057786380438528795,0.00693579000653699,0.012742970022372901,0.004029894915674959,0.0004531299928203225,0,0,0,,,,,1,0.78125,0,200
239,35807.978321493,1788928426.572856,0.6640625,3.469446951953614e-18,130.39167141914368,0.10903651267290115,1,-1,0.28125,0.2968507707118988,0.0016415397403761744,1.0075855255126953,0.9957733154296875,0.9840054512023926,0,0,0.005227209068834782,0.00013610976748168468,1.000136137008667,0.08396045863628387,0.004956166259944439,0.004826460964977741,0.00424753874540329,0.00013610976748168468,1,1,0.00013610976748168468,1,7.28125,232.9375,0.005752257334386255,0.03125,0,7055.03125,0,7.963107540502139,0.23940347761612019,0.5551343549225689,15535.4375,0.8204585051902366,5751.5,0.9334246306680143,0.6797148586822477,19199.96875,0.8966287533864199,6311.84375,0.5138145387172699,0.006280847833148784,0.40119206297464116,11492.03125,0.7613991556960427,5423.90625,3.0146469473838806,0.3125,0,1.8575936640015351,0.48752457346604516,0,4.99302859532294,0.24192690494752117,,,,,,,,,,,,,,,,0.20703125,2048,2048,976.65625,1175.91015625,218,218,4096,4096,4096,13.848620374978054,8.113994017010555,,,,,,,,,1,-1,0.2600039246171614,0,0,1,,,,,,3.487393379211426,0.017026126384735107,0.6882118582725525,0.00676135765388608,0.9979075789451599,,,,,,,,,,,,,0.0067538499715738,0.0011606728933202248,0.00021159998141229153,0.6546304560033605,0.05852543429500656,0.006786999991163611,0.011729557998478413,0.003962634916433672,0,0,0,0,,,,,1,0.6640625,0,170
240,35942.939750689,1788928558.7487445,0.7421875,2.6020852139652106e-18,120.98452925682068,0.1346990019083023,1,-1,0.34375,0.3027328848838806,0.0021290690638124943,1.0088977813720703,0.9955803751945496,0.9830598831176758,0,0,0.005334670189768076,0.00020193064119666815,1.000201940536499,0.09895843267440796,0.026659846305847168,0.026526041328907013,0.004441199824213982,0.00020193064119666815,1,1,0.00020193064119666815,1,7.25,252.5625,0.005779224383163575,0.03125,0,7813.25,0,10.435159805217218,0.17907225399191676,0.560003116551777,17406.9375,0.8277146012425494,6437.15625,0.9667151956818998,0.6872305745498699,21423.6875,0.9048759202109865,7047.625,0.510431781411171,0.0064756304059408794,0.40222871102098845,12743.65625,0.7640159237166897,6030.4375,3.7145254611968994,0.28125,0,1.8192601124393755,0.45055203188346993,0,8.951339231968651,0.19067889134006477,,,,,,,,,,,,,,,,0.1953125,1787,2048,876.9140625,1081.78515625,232,232,4096,4096,4096,13.318958714953624,8.964904128981289,,,,,,,,,0.7142857142857143,-1,0.2719918966379967,0,0,1,,,,,,2.736543893814087,0.017509188503026962,0.6208080053329468,0.006949482951313257,0.9978455305099487,,,,,,,,,,,,,0.05315941898152232,0.0013609827281015896,0.00018120999448001385,0.6611737259663641,0.05526490516967897,0.0047431589919142425,0.011474811006337404,0.003437166378944312,0.00046486000064760447,0,0,0,,,,,1,0.7421875,0,190
241,36089.82863126,1788928693.7758496,0.8046875,8.239936510889834e-18,123.75051379203796,0.1363053023815155,0.7142857313156128,-1,0.34375,0.30867549777030945,0.002458002418279648,1.0065126419067383,0.995758593082428,0.9787564277648926,0,0,0.004948248155415058,0.00021778198424726725,1.0002177953720093,0.1010207086801529,0.01277117058634758,0.012677178718149662,0.0042615425772964954,0.00021778198424726725,1,1,0.00021778198424726725,1,7.3125,215.875,0.005477299380519629,0.03125,0,7015.3125,0,9.03813244161227,0.2237368344141742,0.5630426998792326,15717.4375,0.8319230323168785,5819.28125,0.9421532656997442,0.6830910659480645,19213.4375,0.9040744554927023,6345.25,0.48671551514416933,0.006143220986872606,0.40608703569053506,11570,0.7698259781844683,5462.4375,3.2870195508003235,0.53125,0,2.4546629791088224,0.4612184123271684,0,8.211007061383617,0.22980934784813228,,,,,,,,,,,,,,,,0.1640625,1828,2048,938.38671875,1100.20703125,238,238,4096,4096,4096,13.132803830027115,8.107486187014729,,,,,,,,,1,-1,0.23690177073967142,0,0,1,,,,,,1.760453462600708,0.018214497715234756,0.5297403335571289,0.007139294408261776,0.9979177713394165,,,,,,,,,,,,,0.010148620000109076,0.001241150635678423,0.00023852998856455088,0.15328904701163992,0.051686414744608555,0.005480660009197891,0.011126819998025894,0.0035985184179025964,0.0006094900309108198,0,0,0,,,,,1,0.8046875,0,206
242,36223.982051143,1788928841.0832748,0.515625,3.469446951953614e-18,135.6349275112152,0.10479884594678879,1,-1,0.3125,0.31756865978240967,0.0011439807713031769,1.006216049194336,0.99593186378479,0.9707446098327637,0,0,0.004662514664232731,0.00013437436427921057,1.0001343488693237,0.0964113399386406,0.010889708995819092,0.010773831978440285,0.004088286310434341,0.00013437436427921057,1,1,0.00013437436427921057,1,7.28125,236.8125,0.0054942836807137735,0.03125,0,7507.09375,0,8.112448511609117,0.20341874158398482,0.5670630101747594,16978.03125,0.8360620599936741,6264.34375,0.8364525707438588,0.6853555782361266,20609.0625,0.9065271543838689,6804.5,0.5118316654115915,0.006148725827146985,0.41100871267546657,12522.34375,0.7763129668246032,5892.90625,3.439292073249817,0.53125,0,2.048375573973222,0.4797401557986287,0,8.82307339084257,0.2106246336383297,,,,,,,,,,,,,,,,0.3671875,1874,2048,1179.3203125,1452.2578125,275,275,4096,4096,4096,14.741541016031988,8.148031516990159,,,,,,,,,1,-1,0.331200660553418,0,0,1,,,,,,2.7339465618133545,0.017873821780085564,0.568943977355957,0.00696951150894165,0.9979957938194275,,,,,,,,,,,,,0.005841429985594004,0.001054783359677458,0.00023577100364491343,0.6530631060013548,0.053452868768999906,0.005895929993130267,0.014837029972113669,0.004083447157427145,0.0004779599839821458,0,0,0,,,,,1,0.515625,0,132
243,36365.192332299,1788928975.1628056,0.8359375,6.938893903907228e-18,122.46005344390869,0.20453648269176483,1,-1,0.46875,0.3170125484466553,0.002460069488734007,1.0039730072021484,0.9947301149368286,0.9737000465393066,0,0,0.005565156228840351,0.0002245018258690834,1.0002245903015137,0.20077577233314514,0.03173723444342613,0.03145981952548027,0.00529401283711195,0.0002245018258690834,1,1,0.0002245018258690834,1,7.40625,323.6875,0.006500841393736305,0.03125,0,9434.5625,0,8.518250627530584,0.11552036882603707,0.5671258770297017,21329.875,0.8387977619609992,7891.09375,0.9072409546934068,0.688444025627024,25973.65625,0.9112433715345427,8588.1875,0.5211130287498236,0.007122309893479601,0.4198572887466629,15934.65625,0.7904477920892595,7486.21875,3.687199592590332,0.625,0,2.171262789103284,0.4892112782633544,0,8.023063529769296,0.11425511574150493,,,,,,,,,,,,,,,,0.125,1913,2048,820.75390625,929.546875,258,258,4096,4096,4096,11.71992002998013,8.59360858699074,,,,,,,,,0.8571428571428572,-1,0.2286830084797446,0,0,1,,,,,,2.507892608642578,0.018994968384504318,0.6358753442764282,0.007491638418287039,0.9979727268218994,,,,,,,,,,,,,0.006030049989931285,0.0011348743296366592,0.00019081000937148929,0.6494223959743977,0.049202674324760665,0.005909250001423061,0.008170579967554659,0.0028848386598383513,0.0004435500013642013,0,0,0,,,,,1,0.8359375,0,214
244,36502.879076433,1788929116.336212,0.71484375,6.938893903907228e-18,129.66994333267212,0.10061439126729965,0.8571428656578064,-1,0.25,0.34483855962753296,0.002858537482097745,1.006643295288086,0.9966517686843872,0.9831008911132812,0,0,0.00432611396536231,7.826823275536299e-05,1.0000783205032349,0.06391645967960358,0.008778824470937252,0.008763020858168602,0.0033633247949182987,7.826823275536299e-05,1,1,7.826823275536299e-05,1,7.28125,174.1875,0.004506375622294028,0.03125,0,6566.03125,0,6.584317121644444,0.224809022566506,0.5748247560639843,15028.6875,0.8479424061833363,5547.84375,0.8134993854910135,0.690358860816651,18121.03125,0.916156708341112,6004.59375,0.48527897149324417,0.005248972527758382,0.41614618350275806,11034.71875,0.7851552526871303,5194.40625,3.0452880859375,0.28125,0,1.9794588723165194,0.5366235172436105,0,7.242419657353992,0.22911262551470885,,,,,,,,,,,,,,,,0.2265625,1874,2048,1042.83984375,1243.81640625,272,272,4096,4096,4096,13.918485362955835,8.56683696701657,,,,,,,,,1,-0.8571428571428571,0.3378729987218661,0,0,1,,,,,,2.5620336532592773,0.018869660794734955,0.5473740100860596,0.007363109849393368,0.9979898929595947,,,,,,,,,,,,,0.005775469995569438,0.001059415357076432,0.0001900800270959735,0.667916095990222,0.05088857241116784,0.007701450027525425,0.013355808972846717,0.003433457887467739,0.0006471099914051592,0,0,0,,,,,1,0.71484375,0,183
245,36640.950028194,1788929254.5714014,0.80078125,-3.0357660829594124e-18,126.09194159507751,0.19624178111553192,1,-0.8571428656578064,0.40625,0.3404952585697174,0.0028929992113262415,1.0056533813476562,0.9961011409759521,0.9807214736938477,0,0,0.0046884287148714066,0.0003244808176532388,1.0003246068954468,0.13394075632095337,-0.005507557652890682,-0.00557085033506155,0.003915811888873577,0.0003244808176532388,1,1,0.0003244808176532388,1,7.34375,258.5625,0.004970401871609847,0.03125,0,8342.71875,0,11.778465199024597,0.1899175153056903,0.5723786986532611,19018.75,0.8457555447842029,7028.0625,0.9270109098870307,0.6891681203784051,22968.09375,0.9144175968772527,7611.09375,0.4918106310069561,0.005595810520963206,0.4202176461503975,14177.40625,0.7892526055186009,6632.21875,3.3641287088394165,0.59375,0,2.181685175979756,0.4794611519597982,0,7.10228865326644,0.1969472691654921,,,,,,,,,,,,,,,,0.171875,1874,2048,959.0703125,1095.55078125,297,297,4096,4096,4096,12.994342843012419,8.548528127023019,,,,,,,,,0.7142857142857143,-1,0.25629821597155933,0,0,1,,,,,,2.683375358581543,0.0195795688778162,0.6208629608154297,0.007644605822861195,0.9980219006538391,,,,,,,,,,,,,0.007170678989496082,0.001046616673193057,0.0002201900351792574,0.6694874159875326,0.06273099435338736,0.004230749967973679,0.01000615902012214,0.0030246883084146248,0.0006196299800649285,0,0,0,,,,,1,0.80078125,0,205
246,36788.63874512,1788929392.6087205,0.7109375,1.3010426069826053e-18,125.9316873550415,0.12830287218093872,0.7142857313156128,-1,0.34375,0.3558725416660309,0.0018373531056568027,1.0079708099365234,0.9965178370475769,0.9787578582763672,0,0,0.004462276119738817,1.247297041118145e-05,1.0000125169754028,0.07269418239593506,0.021454088389873505,0.021291306242346764,0.0034983991645276546,1.247297041118145e-05,1,1,1.247297041118145e-05,1,7.3125,224.34375,0.004779515486204514,0.03125,0,7672.5625,0,5.607020699089782,0.19407158521565981,0.5761739575002739,17578.1875,0.8504521158436615,6495.1875,0.854043829953298,0.6895980995935922,21148.59375,0.9170663778030463,7023.65625,0.4924877919256687,0.005720964531768315,0.4253546898076873,13132.9375,0.794293377831791,6118.71875,2.904180347919464,0.375,0,2.2993513192754413,0.5111811533163261,0,5.660075395566312,0.20023830751076327,,,,,,,,,,,,,,,,0.2421875,1910,2048,979.09765625,1148.81640625,260,260,4096,4096,4096,13.42681375297252,8.825552991998848,,,,,,,,,0.8571428571428572,-1,0.2834733547569204,0,0,1,,,,,,2.8799829483032227,0.01938723586499691,0.6139980554580688,0.007540451362729073,0.9981033205986023,,,,,,,,,,,,,0.0072002599481493235,0.0010733090384746902,0.00018483999883756042,0.6626554949907586,0.06413368078960957,0.006785039964597672,0.009083818935323507,0.0031232643077601097,0.0004947800189256668,0,0,0,,,,,1,0.7109375,0,182
247,36925.79006473,1788929541.1716619,0.6875,1.3010426069826053e-18,135.60821342468262,0.1556723713874817,0.8571428656578064,-1,0.34375,0.36024442315101624,0.002512879204005003,1.0079164505004883,0.9970918893814087,0.9850687980651855,0,0,0.004213138483464718,0.0001702532172203064,1.000170350074768,0.09901753813028336,0.024431049823760986,0.024345029145479202,0.0029223370365798473,0.0001702532172203064,1,1,0.0001702532172203064,1,7.3125,229.21875,0.004138863991552844,0.03125,0,7832.78125,0,5.669657059588298,0.23958882231362072,0.5727504774292218,17805.03125,0.8452521727921959,6581.875,0.7669636709615588,0.6858271895125734,21458.5,0.9121720033861549,7126.4375,0.5154410228133202,0.0053625231925816695,0.42141252158864784,13361.15625,0.7865596981171301,6213.59375,3.303090989589691,0.34375,0,2.4180489529264153,0.541949562219868,0,5.462090665629082,0.23544530827537846,,,,,,,,,,,,,,,,0.28125,2048,2048,1125.90234375,1314.53125,285,285,4096,4096,4096,14.330520553980023,9.110091826005373,,,,,,,,,0.5714285714285714,-1,0.23957871187497748,0,0,1,,,,,,1.8743425607681274,0.019211415201425552,0.7919844388961792,0.007461121771484613,0.9980663061141968,,,,,,,,,,,,,0.006243700045160949,0.0010357602996009518,0.00020526000298559666,0.6603155260090716,0.055893088500397425,0.007573559007141739,0.011206808965653181,0.0036269267147872597,0,0,0,0,,,,,1,0.6875,0,176
248,37066.541304499,1788929677.4073265,0.703125,5.204170427930421e-18,124.28304076194763,0.11080671846866608,0.5714285969734192,-1,0.28125,0.34728315472602844,0.0019610316958278418,1.0057811737060547,0.9956403970718384,0.97564697265625,0,0,0.00497844535857439,8.743186481297016e-05,1.0000873804092407,0.0628136470913887,0.013023779727518559,0.012984959408640862,0.0043783229775726795,8.743186481297016e-05,1,1,8.743186481297016e-05,1,7.1875,294.8125,0.0056909398807583386,0.03125,0,9007.21875,0,6.2240914672014345,0.10489477540673176,0.5663159249091616,20318.40625,0.8380262974983608,7523.71875,0.7225278317928314,0.6848956969953077,24668.875,0.9088244403350092,8176.03125,0.4747815914452076,0.006372579359962346,0.42388567478842626,15323.71875,0.7880807294608235,7112.28125,3.6915904879570007,0.1875,0,1.826640396156635,0.499562413930487,0,5.835123899227675,0.1061173708074114,,,,,,,,,,,,,,,,0.203125,1883,2048,955.16796875,1147.54296875,257,257,4096,4096,4096,13.452415732026566,9.995008547033649,,,,,,,,,0.7142857142857143,-1,0.25,0,0,1,,,,,,1.9593894481658936,0.01946411468088627,0.6993463039398193,0.007560292724519968,0.9980471730232239,,,,,,,,,,,,,0.0528242290019989,0.0013028361026954371,0.00018011999782174826,0.6567847160040401,0.06116901364293881,0.006946240027900785,0.009557689016219229,0.003370513335084979,0.0005649699596688151,0,0,0,,,,,1,0.703125,0,180
249,38059.278141468,1788929817.7295752,0.70703125,-6.938893903907228e-18,128.6837718486786,0.11549364030361176,0.7142857313156128,-1,0.28125,0.3553100824356079,0.001922166207805276,1.0068187713623047,0.9966491460800171,0.9703593254089355,0,0,0.004485460463911295,4.2028375901281834e-05,1.0000420808792114,0.07648631930351257,0.008491487242281437,0.008383051492273808,0.0033682803623378277,4.2028375901281834e-05,1,1,4.2028375901281834e-05,1,7.125,237.65625,0.004846868222614632,0.03125,0,7641.34375,0,4.322867276411447,0.20374750282074697,0.564597455117692,17154.8125,0.8351442652648086,6353.8125,0.7198840262135491,0.6830927377465372,20861.53125,0.9061279966411631,6912.0625,0.531486451625824,0.005935824942108965,0.419407444233694,12930.375,0.7793770988852908,5989.25,2.9764839708805084,0.21875,0,1.877781671274393,0.5265228353381448,0,4.53936612169829,0.2141121572096366,,,,,,,,,,,,,,,,0.27734375,1841,2048,1064.91015625,1281.08984375,244,244,4096,4096,4096,13.928573222015984,8.928338989033364,,,,,,,,,1,-1,0.27548658250966984,0,0,1,,,,,,1.7394332885742188,0.0192515030503273,0.45180511474609375,0.00745902955532074,0.9981063008308411,,,,,,,,,,,,,0.04411385901039466,0.0012610138405761973,0.00018815998919308186,0.1581775770173408,0.0490546120174713,0.003079349990002811,0.01425493904389441,0.003821214684876395,0.00045844900887459517,0,0,0,,,,,1,0.70703125,0,181
250,38201.461111048,1788930811.9431195,0.796875,1.3010426069826053e-18,981.1694629192352,0.13914094865322113,1,-1,0.3125,0.35252779722213745,0.001979971304535866,1.0066041946411133,0.996173083782196,0.981574535369873,0,0,0.0047219605185091496,0.00015124143101274967,1.00015127658844,0.11587750166654587,0.01673119142651558,0.01659505069255829,0.0038436725735664368,0.00015124143101274967,1,1,0.00015124143101274967,1,7.0625,287.3125,0.005316087321914685,0.03125,0,8519.28125,0,6.715361474230432,0.13559420647002612,0.5628103688434666,19049.34375,0.8316499312912168,7051.46875,0.739257825538516,0.6811507780643424,23208.4375,0.9033147673798154,7683.1875,0.5122500136494637,0.006214300054160579,0.42346795771046286,14492.15625,0.7842670036275494,6698.15625,3.906158745288849,0.0625,0,1.7022098530765675,0.5125484741246541,0,7.007358974808219,0.13804656964662154,800,250,0.668749988079071,0.66875,859.9000868590083,0.27875,1924,2048,1054.09375,1284.1875,217,217,4096,4096,4096,0.15234375,1841,2048,875.74609375,1034.38671875,251,251,4096,4096,4096,6.111069210681668,8.582895567000378,1,8.049116928532384e-18,-1,0.18478227343471454,0.39,0.21,0.4,0.66875,0.4285714285714286,-1,0.21724151893922214,0,0,1,2.0549447536468506,0.019869207572191953,0.6557565927505493,0.007751346067525446,0.9980728387832641,1.772390604019165,0.019446514546871185,0.5934847593307495,0.0076251705177128315,0.9980779886245728,64.12952845200198,6.504920060196018,0.00021182995988056064,42.85185775201535,4.305486779775529,0.0005938599933870137,68.17135610099649,8.232840055636553,0.0005563100567087531,0,0,0,0.004628789960406721,0.0009860436505277903,0.00019648997113108635,0.637620487017557,0.05128132495929094,0.0034171000006608665,0.058992408972699195,0.003487051798401808,0.00046703999396413565,0,0,0,1,0.66875,0,5.35,1,0.796875,0,204
251,38336.593285581,1788930952.6475463,0.671875,0,129.083110332489,0.094879150390625,0.4285714328289032,-1,0.25,0.3571555018424988,0.0017888930160552263,1.008676528930664,0.9969962239265442,0.9786100387573242,0,0,0.0041796863079071045,0.0001274565001949668,1.0001274347305298,0.05467607453465462,0.018658749759197235,0.018544591963291168,0.0030185566283762455,0.0001274565001949668,1,1,0.0001274565001949668,1,7.125,208.15625,0.004314531427731682,0.03125,0,7005.96875,0,7.002678879507298,0.26557894767179424,0.565359586427993,15719.5,0.8329240018884834,5801.59375,0.5939279142767191,0.6790577726039045,19022.78125,0.9015658801518566,6303.15625,0.49127432703971863,0.006194390259430939,0.41714477905560005,11817.75,0.7772282478521053,5478.375,3.201721727848053,0.15625,0,1.815759592809822,0.5654583156732758,0,6.870126686106239,0.2689859333879809,,,,,,,,,,,,,,,,0.28125,1841,2048,1071.609375,1290.00390625,277,277,4096,4096,4096,14.145815986965317,9.184818826965056,,,,,,,,,0.7142857142857143,-1,0.25505101530510177,0,0,1,,,,,,2.664976119995117,0.01907896250486374,0.8557036519050598,0.007477220147848129,0.9980436563491821,,,,,,,,,,,,,0.004442600009497255,0.0009916760780015466,0.00019495002925395966,0.6712510850047693,0.05751199222481773,0.00828621000982821,0.011893909948412329,0.003995191686499311,0.00047003995859995484,0,0,0,,,,,1,0.671875,0,172
252,38470.562556062,1788931088.0165064,0.6640625,0,123.53821921348572,0.12389402091503143,0.7142857313156128,-1,0.28125,0.3440547585487366,0.0015581613406538963,1.0069570541381836,0.9948809146881104,0.9703755378723145,0,0,0.005728554911911488,0.00020018918439745903,1.0002002716064453,0.08069756627082825,0.0211914274841547,0.02099923975765705,0.0051443371921777725,0.00020018918439745903,1,1,0.00020018918439745903,1,7.1875,303.1875,0.00655222369468339,0.03125,0,8572.875,0,4.551544347443548,0.1302204195375945,0.5579033965793849,19041.75,0.8242086103606203,7041.125,0.6813628188101575,0.676542649370154,23194.8125,0.8966196553518345,7677.9375,0.5496699158102274,0.007249190980034362,0.4210113059490591,14516.25,0.7774614705613532,6689.875,3.907458245754242,0.21875,0,1.828154607153949,0.5121995000366257,0,4.582751788643559,0.1316478919962378,,,,,,,,,,,,,,,,0.2890625,1841,2048,974.625,1189.81640625,224,224,4096,4096,4096,13.21427280799253,8.419404082989786,,,,,,,,,1,-0.8571428571428571,0.25,0,0,1,,,,,,2.0460619926452637,0.018994858488440514,0.5944905281066895,0.007400166243314743,0.9980754256248474,,,,,,,,,,,,,0.006148969987407327,0.0012439494905720494,0.00020732998382300138,0.6352515850448981,0.05439967131906087,0.0026272599934600294,0.008720870944671333,0.003586702822985899,0.0004998889635317028,0,0,0,,,,,1,0.6640625,0,170
253,38604.555405122,1788931221.92552,0.71484375,3.903127820947816e-18,122.1459150314331,0.10958735644817352,1,-0.8571428656578064,0.25,0.3407701253890991,0.001999877393245697,1.0087709426879883,0.9951184391975403,0.977942943572998,0,0,0.005715997889637947,0.0003222632221877575,1.0003223419189453,0.11998247355222702,-0.0007260807324200869,-0.0006749173044227064,0.004906182177364826,0.0003222632221877575,1,1,0.0003222632221877575,1,7.21875,277.5625,0.006165925312814852,0.03125,0,7797,0,7.425227776692843,0.15229800176405997,0.5546033141504181,17156.40625,0.8186738657376067,6347.1875,0.7288283196976408,0.6725672681224004,20982.96875,0.8916034713719004,6943.1875,0.5006772615015507,0.007168670937513125,0.41630028422072346,13050.25,0.7695419097003646,6017.6875,3.758715510368347,0.21875,0,1.9751976080141833,0.5433557562209088,0,6.6494566359982645,0.1651747111985058,,,,,,,,,,,,,,,,0.17578125,1828,2048,921.97265625,1120.52734375,221,221,4096,4096,4096,13.036054160038475,8.829847146000247,,,,,,,,,1,-1,0.29987242185261903,0,0,1,,,,,,1.9188041687011719,0.019062800332903862,0.5068767070770264,0.00747003173455596,0.9980598092079163,,,,,,,,,,,,,0.005920599971432239,0.001100636493674756,0.00021475995890796185,0.6386171740014106,0.046425833287003115,0.004799660004209727,0.012536839989479631,0.0037286558720097673,0.0006395000382326543,0,0,0,,,,,1,0.71484375,0,183
254,38741.124406907,1788931355.330737,0.66796875,0,122.21425032615662,0.1696477085351944,1,-1,0.40625,0.34350764751434326,0.0029611820355057716,1.0083446502685547,0.9951648712158203,0.9681539535522461,0,0,0.005739456973969936,0.00023929786402732134,1.000239372253418,0.11413483321666718,0.02312704548239708,0.022796891629695892,0.004861125722527504,0.00023929786402732134,1,1,0.00023929786402732134,1,7.1875,263.46875,0.006316591702945178,0.03125,0,7375.78125,0,5.565826982749827,0.11902928890259301,0.5548010666027474,16270.09375,0.8174151919421984,6003.65625,0.6490297964774072,0.6721744345895388,19824.15625,0.889837814672792,6553.625,0.48136176727712154,0.007614595449975196,0.4165262728830105,12321.1875,0.7683384459426019,5672.9375,3.413241922855377,0.1875,0,1.855123895741261,0.5581053262320919,0,5.601502095899442,0.12247906562108841,,,,,,,,,,,,,,,,0.203125,1787,2048,913.0625,1099.33203125,257,257,4096,4096,4096,12.754830776015297,8.674660159973428,,,,,,,,,1,-1,0.2800783418099665,0,0,1,,,,,,1.6479973793029785,0.01913941279053688,0.73154616355896,0.007497270591557026,0.9980437159538269,,,,,,,,,,,,,0.007297609990928322,0.0010855674038339203,0.00017017999198287725,0.6437303730053827,0.04484096996520748,0.0077630699961446226,0.012026019976474345,0.0035907785650124424,0.0005126199685037136,0,0,0,,,,,1,0.66796875,0,171
255,38871.848299631,1788931492.3279488,0.6640625,1.734723475976807e-18,125.3995430469513,0.13598915934562683,1,-1,0.34375,0.34712082147598267,0.0028012224938720465,1.0069589614868164,0.9954001903533936,0.9746174812316895,0,0,0.0053892601281404495,0.0002898129168897867,1.0002899169921875,0.11926327645778656,-0.014235817827284336,-0.01419861800968647,0.0046228645369410515,0.0002898129168897867,1,1,0.0002898129168897867,1,7.15625,273.625,0.005791432734527917,0.03125,0,7304.5,0,5.7171090603746535,0.17503450958431865,0.5544632417773543,16050.71875,0.8162068148109776,5918.53125,0.6756858548615128,0.6708612060631319,19572.90625,0.8882100088015312,6467.46875,0.5129639469087124,0.006604728644755448,0.41832194002955636,12279.6875,0.7699204727391981,5626.5625,2.67663836479187,0.15625,0,1.7332471423845863,0.5328993871587845,0,5.962859208461421,0.1790545852260455,,,,,,,,,,,,,,,,0.2421875,1868,2048,962.8046875,1193.4609375,216,216,4096,4096,4096,13.482460068014916,8.245741771010216,,,,,,,,,0.8571428571428572,-1,0.30093392047058426,0,0,1,,,,,,1.915006399154663,0.018861226737499237,0.5662801265716553,0.007387240882962942,0.9980538487434387,,,,,,,,,,,,,0.005606368998996913,0.001025111330591244,0.00018802995327860117,0.636714813997969,0.05214624916516186,0.009028829983435571,0.04751834995113313,0.004281594563053659,0.0004770900122821331,0,0,0,,,,,1,0.6640625,0,170
256,39010.851608514,1788931622.9145267,0.7578125,-6.938893903907228e-18,119.1186044216156,0.1679581105709076,0.8571428656578064,-1,0.375,0.3423650860786438,0.003526525106281042,1.0072221755981445,0.9942694902420044,0.9694557189941406,0,0,0.0063642337918281555,0.0002795995678752661,1.0002795457839966,0.10545620322227478,0.013739939779043198,0.013477951288223267,0.005764382891356945,0.0002795995678752661,1,1,0.0002795995678752661,1,7.1875,297.46875,0.006767916753540286,0.03125,0,7702.4375,0,31.752557801465596,0.10423673252697743,0.5526172036804236,16911.84375,0.8140571068114637,6239.125,0.6987403137609363,0.6707523291203512,20669.15625,0.8872110938807359,6823.96875,0.5058811567723751,0.008833044146106268,0.4179042547556435,12926.75,0.7681151708549032,5927.90625,4.0388200879096985,0.21875,0,2.07952265352632,0.5692062951862596,0,31.48881528735982,0.10401915108013793,,,,,,,,,,,,,,,,0.16015625,1787,2048,842.42578125,1041.484375,211,211,4096,4096,4096,11.892682967998553,8.522281983983703,,,,,,,,,0.7142857142857143,-1,0.2600039246171614,0,0,1,,,,,,2.1221842765808105,0.01892130635678768,0.809158205986023,0.007458388339728117,0.9980735778808594,,,,,,,,,,,,,0.005126599979121238,0.0010980181045852078,0.0002218199661001563,0.6365190540091135,0.048614967493676886,0.006387859990354627,0.012146148947067559,0.0035663850510445627,0.00041822000639513135,0,0,0,,,,,1,0.7578125,0,194
257,39152.660868356,1788931762.6944816,0.6484375,-2.168404344971009e-18,127.53755354881287,0.12900201976299286,0.7142857313156128,-1,0.28125,0.34920838475227356,0.002175889676436782,1.0069618225097656,0.995877742767334,0.979496955871582,0,0,0.005138210952281952,0.0002110267523676157,1.0002111196517944,0.09198281913995743,0.02271198108792305,0.022586341947317123,0.004142099991440773,0.0002110267523676157,1,1,0.0002110267523676157,1,7.0625,247.5,0.005252341968155449,0.03125,0,6739.40625,0,6.005752649873885,0.2476955684283002,0.556345413943663,14814.71875,0.8185252025983522,5464.40625,0.6051238978980109,0.6679393684979413,17998.53125,0.8864947370066576,5954.59375,0.47537555918097496,0.005964880862487202,0.41533248656038413,11303.90625,0.7675204099010116,5188.125,3.0068833231925964,0.0625,0,1.7140904431600785,0.5918652543959912,0,6.293050071748581,0.2566322892961062,,,,,,,,,,,,,,,,0.26171875,1802,2048,1044.85546875,1296.546875,235,235,4096,4096,4096,14.24792117899051,8.466636634955648,,,,,,,,,1,-1,0.27432663385245026,0,0,1,,,,,,3.058382034301758,0.018987296149134636,0.6566967964172363,0.007387696299701929,0.9981311559677124,,,,,,,,,,,,,0.006227290024980903,0.0011139385117076017,0.0002317500184290111,0.6375490140053444,0.04697693475804954,0.007435460051055998,0.010938680032268167,0.004335309547968791,0.0005727100069634616,0,0,0,,,,,1,0.6484375,0,166
258,39289.100876334,1788931904.114369,0.62890625,0,129.530428647995,0.1384197473526001,1,-1,0.34375,0.3451845049858093,0.0026924244593828917,1.008143424987793,0.9938638210296631,0.9697589874267578,0,0,0.006685908883810043,0.0002570697106420994,1.000257134437561,0.12632423639297485,0.013236070051789284,0.013096465729176998,0.006170269101858139,0.0002570697106420994,1,1,0.0002570697106420994,1,7.1875,350.15625,0.007479116517845316,0.03125,0,8358.84375,0,10.862837838348135,0.11266608421374799,0.5529977110872338,18432.375,0.8150493336272183,6795.75,0.7098607965745032,0.6689264933343453,22377.84375,0.8868289146611077,7408.375,0.5151403695344925,0.008507446136157906,0.4233554301662844,14241.71875,0.7734789705826244,6485.5,3.978366196155548,0.21875,0,1.7761719197081907,0.5098503366675109,0,10.318360656211475,0.11603810774042292,,,,,,,,,,,,,,,,0.28125,1828,2048,1057.7890625,1354.875,224,224,4096,4096,4096,13.986149074975401,9.151214397046715,,,,,,,,,1,-1,0.33787299872186605,0,0,1,,,,,,3.534470319747925,0.019023621454834938,0.8286092877388,0.007393388543277979,0.9980814456939697,,,,,,,,,,,,,0.0057995099923573434,0.0011316732795876305,0.0001948490389622748,0.6640653829672374,0.06301482117396517,0.006858218985144049,0.01369404891738668,0.004789664701092988,0.0006374999647960067,0,0,0,,,,,1,0.62890625,0,161
259,39428.06300201,1788932040.4750671,0.6640625,2.6020852139652106e-18,124.58548831939697,0.21830417215824127,1,-1,0.5,0.34671396017074585,0.003065653145313263,1.0093460083007812,0.9934453964233398,0.9661550521850586,0,0,0.007057949900627136,0.0003523902269080281,1.0003525018692017,0.18736770749092102,0.033626750111579895,0.03346055746078491,0.006590682081878185,0.0003523902269080281,1,1,0.0003523902269080281,1,7.09375,347.71875,0.007830468208079476,0.03125,0,8462.3125,0,12.25355027347084,0.08525053117460865,0.5565185824769137,18733.21875,0.8191549911601637,6902.0625,0.8566130688413978,0.6715844385001222,22705.5625,0.8900837324921397,7517.625,0.48267392441630363,0.009402765352619549,0.4261000645764026,14443.1875,0.7794334364178064,6593.84375,4.20391708612442,0.125,0,1.951704330247459,0.4985587336474539,0,11.601021467552602,0.07702268741280605,,,,,,,,,,,,,,,,0.18359375,1772,2048,978.34765625,1208.86328125,212,212,4096,4096,4096,13.466658578021452,8.910305453988258,,,,,,,,,1,-1,0.2834733547569204,0,0,1,,,,,,2.235851287841797,0.01951068826019764,0.464003324508667,0.0075715831480920315,0.9981322288513184,,,,,,,,,,,,,0.009081120020709932,0.0010098736402142094,0.00019291997887194157,0.6490404439973645,0.05229861260659163,0.0055547700030729175,0.06286613910924643,0.004777371175578082,0.00046637997729703784,0,0,0,,,,,1,0.6640625,0,170
260,39555.260346885,1788932179.2862782,0.671875,0,127.14513087272644,0.15813949704170227,1,-1,0.4375,0.3615032136440277,0.0034192847087979317,1.0045928955078125,0.9933415651321411,0.971980094909668,0,0,0.007111226208508015,0.00026288721710443497,1.000262975692749,0.1453177034854889,0.029261309653520584,0.028855569660663605,0.0066974270157516,0.00026288721710443497,1,1,0.00026288721710443497,1,7.25,331.53125,0.007840222506357627,0.03125,0,7826.78125,0,6.268243810459172,0.10033998242689217,0.5597722658259678,17389.46875,0.8235332987836841,6406.75,0.6916686492040753,0.6713607758435571,20989.15625,0.8916139617929356,6959.25,0.4840938728302717,0.008833692168634267,0.4297299510103922,13502.96875,0.7833458529741568,6133.46875,4.078800618648529,0.28125,0,1.9361433373616495,0.5689845360626447,0,5.686677056498895,0.10188306335009685,,,,,,,,,,,,,,,,0.15625,1828,2048,993.62109375,1235.96875,230,230,4096,4096,4096,13.714983559970278,8.636945240956265,,,,,,,,,1,-1,0.351744921492718,0,0,1,,,,,,1.7422146797180176,0.019323531538248062,0.4540259838104248,0.007493022363632917,0.9982046484947205,,,,,,,,,,,,,0.0054452899494208395,0.0012514658942563983,0.00020165997557342052,0.671981182997115,0.04996786409424203,0.006331919983495027,0.010925360023975372,0.0042226912044043274,0.00046872999519109726,0,0,0,,,,,1,0.671875,0,172
261,39691.908425684,1788932307.0373604,0.65234375,-6.5052130349130266e-18,115.58395171165466,0.21768596768379211,1,-1,0.5,0.3610059916973114,0.004257136024534702,1.0101757049560547,0.9937267303466797,0.9790759086608887,0,0,0.006710713729262352,0.0005061503034085035,1.0005062818527222,0.1522248089313507,-0.011227930895984173,-0.011160163208842278,0.006304015405476093,0.0005061503034085035,1,1,0.0005061503034085035,1,7.125,325.8125,0.007229345893546509,0.03125,0,7948.96875,0,11.634136284543034,0.08257930973889466,0.5609146363952614,17734.25,0.826194095238813,6538.59375,0.5474088138435036,0.6744815028600394,21430.3125,0.89557788422334,7105.75,0.496196623891592,0.008342100006828723,0.43230626961163227,13732.5625,0.7868372720720964,6247.15625,3.705378532409668,0.125,0,1.8129105581238683,0.6134013389098417,0,10.12317882234716,0.08298648090403082,,,,,,,,,,,,,,,,0.15625,1651,2048,810.54296875,1015.85546875,215,215,4096,4096,4096,11.836563838005532,8.60450767900329,,,,,,,,,1,-0.8571428571428571,0.2382440011451131,0,0,1,,,,,,1.8061480522155762,0.020225243642926216,0.5218961238861084,0.007826088927686214,0.9981072545051575,,,,,,,,,,,,,0.008680530008859932,0.001154440210939356,0.0002019300009123981,0.6369320719968528,0.046930487703775725,0.005710670026019216,0.012985751032829285,0.003567426813333441,0.0004949299618601799,0,0,0,,,,,1,0.65234375,0,167
262,39827.679899159,1788932443.2043898,0.703125,1.431146867680866e-17,124.38609385490417,0.11079223453998566,1,-0.8571428656578064,0.21875,0.3747987449169159,0.00188092899043113,1.0075254440307617,0.9943647980690002,0.9793639183044434,0,0,0.006502283271402121,0.0001539143268018961,1.00015389919281,0.11658116430044174,0.027627844363451004,0.027269208803772926,0.005668154451996088,0.0001539143268018961,1,1,0.0001539143268018961,1,7.125,251.53125,0.006983499788053058,0.03125,0,6484.34375,0,6.164578647698358,0.13660512884302006,0.567177096211983,14638.5,0.8331506161830982,5380.84375,0.6336797145195305,0.674690985172582,17485.53125,0.8969878034076735,5806.21875,0.4908982962369919,0.009057459283090295,0.4315504382845275,11264.09375,0.7867517579161117,5114.1875,4.088057219982147,0.125,0,1.8524173227959706,0.5785001670063414,0,6.243913440606766,0.13453056003176062,,,,,,,,,,,,,,,,0.14453125,1765,2048,927.8046875,1174.53515625,230,230,4096,4096,4096,13.483501492009964,9.138381984026637,,,,,,,,,0.7142857142857143,-1,0.30304576336566325,0,0,1,,,,,,1.4986939430236816,0.01995621621608734,0.41170167922973633,0.007686602883040905,0.9981410503387451,,,,,,,,,,,,,0.007366158999502659,0.0012187717386495933,0.000189220008905977,0.6631032120203599,0.05707716448841893,0.0028162500238977373,0.011857250006869435,0.004422913259077177,0.00047389999963343143,0,0,0,,,,,1,0.703125,0,180
263,39961.698568004,1788932578.6635017,0.76953125,3.0357660829594124e-18,124.02012658119202,0.17254075407981873,0.7142857313156128,-1,0.4375,0.36766085028648376,0.003133705584332347,1.008152961730957,0.9942358732223511,0.9759082794189453,0,0,0.006480686366558075,0.0004151351749897003,1.0004152059555054,0.09999573230743408,0.010715797543525696,0.01056661270558834,0.00579554308205843,0.0004151351749897003,1,1,0.0004151351749897003,1,7.15625,302.625,0.007136526803660388,0.03125,0,7422.4375,0,7.626526209900749,0.1216930584764776,0.5652420886360794,16690.875,0.8314723186455795,6143.625,0.6203683179337531,0.6766627729772214,20070.59375,0.8992990538553527,6660,0.49565064162015915,0.007970110435397302,0.43423773850424785,12954.59375,0.7909376788339827,5877.78125,3.3963717818260193,0.21875,0,1.732571830046799,0.5457699912345209,0,7.469900148732957,0.12684857857860565,,,,,,,,,,,,,,,,0.09375,2048,2048,831.4609375,999.9296875,222,222,4096,4096,4096,11.791397290013265,8.58241736900527,,,,,,,,,1,-1,0.28234621965789103,0,0,1,,,,,,2.0104360580444336,0.02072496898472309,0.8390630483627319,0.007969752885401249,0.9981358051300049,,,,,,,,,,,,,0.008947180001996458,0.0011199139355539955,0.000182939984370023,0.6793962719966657,0.049529755535104414,0.003970790014136583,0.011659610026981682,0.0035701562392205233,0,0,0,0,,,,,1,0.76953125,0,197
264,40102.406090467,1788932713.0130336,0.76171875,1.734723475976807e-18,122.63918018341064,0.16274499893188477,1,-1,0.40625,0.3853640556335449,0.0026319639291614294,1.008042335510254,0.9950257539749146,0.9743189811706543,0,0,0.0060050152242183685,0.00018710142467170954,1.0001871585845947,0.11590255796909332,0.03865139186382294,0.038428883999586105,0.005002419929951429,0.00018710142467170954,1,1,0.00018710142467170954,1,7.15625,249.46875,0.0064361827441245375,0.03125,0,6651.6875,0,5.824398832739604,0.12354878540226058,0.576154636778444,15207.15625,0.8447985124123972,5583.71875,0.6308922249590978,0.6788208863623988,18031.53125,0.9057992781195743,6005.78125,0.4593256525695324,0.006881629599841714,0.438658411182152,11744.53125,0.7985010770955656,5318,3.1139790415763855,0.15625,0,1.8164268255060478,0.5629010128995844,0,5.127266789626378,0.1224685493208326,,,,,,,,,,,,,,,,0.09375,2048,2048,827.44140625,976.640625,180,180,4096,4096,4096,11.721931720967405,8.373309094982687,,,,,,,,,1,-1,0.3144074439581966,0,0,1,,,,,,1.4291481971740723,0.02083650231361389,0.3807666301727295,0.008008420467376709,0.9981985688209534,,,,,,,,,,,,,0.008157459029462188,0.0010298526469796343,0.0002080510021187365,0.6270084920106456,0.0448024009058372,0.002627090027090162,0.01263916800962761,0.0034615055599260813,0,0,0,0,,,,,1,0.76171875,0,195
265,40249.013566648,1788932853.8196273,0.640625,-3.903127820947816e-18,128.9959077835083,0.17764657735824585,1,-1,0.40625,0.3902144432067871,0.003042474389076233,1.007767677307129,0.9959883689880371,0.9570760726928711,0,0,0.005293697118759155,0.0003465206827968359,1.0003465414047241,0.12890098989009857,0.0033665949013084173,0.00342369731515646,0.004039889667183161,0.0003465206827968359,1,1,0.0003465206827968359,1,7.1875,238.8125,0.005467299093865544,0.03125,0,6619.53125,0,16.149290003189897,0.24889898205746885,0.5792968718156971,15238.9375,0.8482520705573102,5588.375,0.5258700086269528,0.6806070403613595,18019.21875,0.9080783821176123,6000,0.4776894114911556,0.00682001257516428,0.43870274651160546,11711.5,0.8002482336769422,5314.125,2.8728197813034058,0.25,0,1.696859271159323,0.6354737725818741,0,14.03673627113967,0.2566116082394299,,,,,,,,,,,,,,,,0.17578125,2048,2048,965.72265625,1140.21875,244,244,4096,4096,4096,13.206744540017098,8.745818815019447,,,,,,,,,1,-1,0.35535265610950717,0,0,1,,,,,,3.3982279300689697,0.02077448181807995,0.7094520330429077,0.007976897992193699,0.9981558918952942,,,,,,,,,,,,,0.006527449993882328,0.001170129257843655,0.00018480001017451286,0.6369653120054863,0.050888794101410895,0.005919429997447878,0.011403649870771915,0.0036855651273981493,0,0,0,0,,,,,1,0.640625,0,164
266,40389.791536313,1788933000.0663257,0.5,3.469446951953614e-18,134.80210638046265,0.23471683263778687,1,-1,0.53125,0.3900076150894165,0.0038604876026511192,1.006500244140625,0.9954408407211304,0.9759807586669922,0,0,0.005431200843304396,0.0004064157838001847,1.0004065036773682,0.18081983923912048,0.034947484731674194,0.034832246601581573,0.004581798333674669,0.0004064157838001847,1,1,0.0004064157838001847,1,7.125,290.8125,0.0058409307945940375,0.03125,0,7725.78125,0,5.992109224461808,0.15060932471131824,0.5810948554959514,17881.8125,0.8511209548570571,6552.34375,0.7390948962420225,0.6807252068217254,21033.03125,0.9088748966679392,7011.90625,0.5194109231233597,0.006673853587949436,0.4430468588769856,13803.5,0.8070555406784423,6255.46875,3.184492766857147,0.15625,0,2.0331846503064113,0.5641752220129503,0,5.788437259294946,0.153564713372804,,,,,,,,,,,,,,,,0.29296875,2048,2048,1073.87109375,1318.65625,260,260,4096,4096,4096,14.078903095040005,8.670537946978584,,,,,,,,,0.8571428571428572,-1,0.3253726278265821,0,0,1,,,,,,2.0094008445739746,0.02083985134959221,0.681044340133667,0.007909382693469524,0.9981855750083923,,,,,,,,,,,,,0.005687620025128126,0.0010851660827029264,0.00017107004532590508,0.6198135219747201,0.05206502906617061,0.005714519997127354,0.011547318135853857,0.004074863998539513,0,0,0,0,,,,,1,0.5,0,128
267,40538.665089133,1788933141.0437768,0.60546875,-1.3010426069826053e-18,129.3109164237976,0.2009056657552719,0.8571428656578064,-1,0.4375,0.38882458209991455,0.0028096979949623346,1.0074071884155273,0.9940340518951416,0.9697904586791992,0,0,0.006769463419914246,0.000337816309183836,1.000337839126587,0.1389980912208557,0.02664601057767868,0.02636520378291607,0.006002346985042095,0.000337816309183836,1,1,0.000337816309183836,1,7.21875,348.1875,0.007326479255122564,0.03125,0,8590.96875,0,16.24532703329048,0.13323145782173912,0.5793281715226353,19804.03125,0.8495342589562673,7269.375,0.7339560803957283,0.6826603143011922,23427.59375,0.9102411992695445,7803.5,0.507655231282115,0.009454187130488715,0.44529755053760195,15347.3125,0.8079966400130032,6946.96875,4.302761733531952,0.34375,0,2.03430385594789,0.5727658664192543,0,16.5535404008851,0.13468933395128183,,,,,,,,,,,,,,,,0.22265625,2048,2048,998.2734375,1176.4296875,254,254,4096,4096,4096,13.30932997702621,8.335929866007064,,,,,,,,,1,-1,0.37880720420707903,0,0,1,,,,,,2.059731960296631,0.022053323686122894,0.5164390802383423,0.008384929969906807,0.9981787204742432,,,,,,,,,,,,,0.005502399988472462,0.0010746672512595978,0.0001855500158853829,0.6499194509815425,0.06295472047577277,0.0041486790287308395,0.012276119960006326,0.003123328060382846,0,0,0,0,,,,,1,0.60546875,0,155
268,40691.086035566,1788933290.356828,0.58984375,0,137.12218594551086,0.27402257919311523,1,-1,0.625,0.4146574139595032,0.004366893786936998,1.0055198669433594,0.9954981803894043,0.977294921875,0,0,0.00528359180316329,0.00030078389681875706,1.0003007650375366,0.17059171199798584,0.03042667731642723,0.03026244044303894,0.0045246463268995285,0.00030078389681875706,1,1,0.00030078389681875706,1,7.09375,285.15625,0.005905735289495347,0.03125,0,7986.1875,0,5.369868508734661,0.16345824694834615,0.5938804102878348,18884.0625,0.8666963717011036,6896.78125,0.5881668133661151,0.6855776003076187,21898.625,0.9186594163533939,7328.90625,0.4980401434004307,0.006916415109874609,0.45189694478563863,14539.3125,0.8194745638786973,6569.4375,3.5270233750343323,0.09375,0,1.6300967775496966,0.554217502535405,0,5.265397006578705,0.16206675970244838,,,,,,,,,,,,,,,,0.26953125,2048,2048,1165.16015625,1319.12890625,302,302,4096,4096,4096,14.089546250004787,8.568613225012086,,,,,,,,,1,-1,0.38048706701183066,0,0,1,,,,,,1.7028942108154297,0.021764613687992096,0.6384773254394531,0.008273263461887836,0.9982540607452393,,,,,,,,,,,,,0.006347868999000639,0.000978105763806525,0.00019458000315353274,0.7017496639746241,0.06515939975474794,0.004333999997470528,0.008766998944338411,0.002928783243532962,0,0,0,0,,,,,1,0.58984375,0,151
269,40836.947354206,1788933442.3770552,0.359375,1.0408340855860843e-17,140.37007236480713,0.27782461047172546,1,-1,0.59375,0.41528087854385376,0.0033844909630715847,1.0062074661254883,0.9960031509399414,0.9718780517578125,0,0,0.00503405649214983,0.00048432673793286085,1.0004844665527344,0.138327956199646,0.07219131290912628,0.07212658226490021,0.004020811058580875,0.00048432673793286085,1,1,0.00048432673793286085,1,7.0625,301.8125,0.005553600364395856,0.03125,0,9321.28125,0,6.916041243517903,0.17515052494202854,0.6036749158601362,22489.0625,0.8793267762687402,8194.71875,0.56912712007761,0.691972248050578,25822.96875,0.9286974220864678,8660.4375,0.4886628948152065,0.0070870474823899144,0.4549527173820568,17031.5,0.8317447327775187,7775.21875,3.7825796604156494,0.0625,0,1.697532120601033,0.5672653981721163,0,6.428897993235038,0.1739866958833337,,,,,,,,,,,,,,,,0.42578125,2048,2048,1275.7734375,1442.06640625,282,282,4096,4096,4096,14.516477951023262,8.9730532229878,,,,,,,,,1,-1,0.37286808960394824,0,0,1,,,,,,1.005533218383789,0.021060163155198097,0.44507360458374023,0.007961302064359188,0.9983465075492859,,,,,,,,,,,,,0.007507930044084787,0.0011871745987264148,0.0002364299725741148,0.6306582060060464,0.05786036910353687,0.0032503000111319125,0.05546435998985544,0.002690704314090908,0,0,0,0,,,,,1,0.359375,0,92
270,40979.104037298,1788933588.778846,0.4453125,0,134.5879373550415,0.27888429164886475,1,-1,0.5625,0.41503995656967163,0.004481535870581865,1.008559226989746,0.9964711666107178,0.9817872047424316,0,0,0.004390320740640163,0.0005296072922646999,1.0005297660827637,0.08751194179058075,0.09375011175870895,0.09394760429859161,0.0035477778874337673,0.0005296072922646999,1,1,0.0005296072922646999,1,7.03125,282.40625,0.004939202401910569,0.03125,0,10206.1875,0,14.398829372264318,0.1811773610392151,0.6099615391953834,24841.0625,0.8907687954066845,9074.78125,0.512266231700778,0.6988002932818529,28517,0.9381544472975099,9568.25,0.4546516016125679,0.0057274033365758295,0.44976599855609045,18427.15625,0.8356350624203888,8535.65625,3.3694902062416077,0.03125,0,1.6392099238257751,0.6118090774469964,0,12.683926517383712,0.18799704934403827,,,,,,,,,,,,,,,,0.4140625,2048,2048,1231.9375,1354.53125,277,277,4096,4096,4096,14.037224831990898,8.565347902011126,,,,,,,,,1,-1,0.40089186286863654,0,0,1,,,,,,1.1363177299499512,0.021247688680887222,0.39750444889068604,0.008070258423686028,0.9983230829238892,,,,,,,,,,,,,0.0093399400357157,0.0010601324790968647,0.0002058709505945444,0.6498785250005312,0.05895869213031801,0.004094300034921616,0.009487638948485255,0.001984161457812661,0,0,0,0,,,,,1,0.4453125,0,114
271,41119.39921402,1788933730.5064592,0.51171875,-2.6020852139652106e-18,129.94210934638977,0.32005757093429565,1,-1,0.6875,0.4197736382484436,0.005181771237403154,1.0057811737060547,0.9971921443939209,0.9741382598876953,0,0,0.003933873027563095,0.00035333260893821716,1.0003533363342285,0.1116260439157486,0.13468869030475616,0.1347159892320633,0.0028248936869204044,0.00035333260893821716,1,1,0.00035333260893821716,1,7.03125,221.875,0.0042771397705522116,0.03125,0,9855.5,0,5.411792490742876,0.24509811210610735,0.6174916177730756,24323.78125,0.8995966258181799,8861.59375,0.4845478665083647,0.702619748807978,27702.125,0.9453103175640192,9315.9375,0.4823803622275591,0.005590268848293122,0.44797768149694006,17732.5625,0.8394957929757755,8289.125,3.3996028304100037,0.03125,0,1.610539574420974,0.5997262806095788,0,5.10330674854335,0.24582537240613622,,,,,,,,,,,,,,,,0.2578125,2048,2048,1040.78125,1192.8828125,233,233,4096,4096,4096,13.508626453985926,8.737134527997114,,,,,,,,,1,-1,0.3164293776190955,0,0,1,,,,,,1.0603532791137695,0.021889958530664444,0.4490394592285156,0.00836054515093565,0.9981856346130371,,,,,,,,,,,,,0.007707279990427196,0.001054029659144362,0.0002053799689747393,0.6528860550024547,0.05785635172105685,0.004824529984034598,0.014212318055797368,0.0026974083291406714,0,0,0,0,,,,,1,0.51171875,0,131
272,41254.975969886,1788933870.4328725,0.45703125,6.938893903907228e-18,128.46163845062256,0.21022887527942657,1,-1,0.5,0.41107842326164246,0.0033935389947146177,1.0093755722045898,0.9966335296630859,0.9687061309814453,0,0,0.004386157263070345,0.00019876251462846994,1.0001987218856812,0.09887339174747467,0.06773945689201355,0.06778920441865921,0.0033864793367683887,0.00019876251462846994,1,1,0.00019876251462846994,1,7.09375,239.75,0.0047432823676241895,0.03125,0,8326.25,0,3.7622134795056588,0.24573761865773208,0.6025390126180907,20057.1875,0.8779667889549152,7315.1875,0.5495241703465581,0.6937947195070882,23154.1875,0.9297884111702629,7756.25,0.5117442160844803,0.005261754307738705,0.4463356726467458,14993.0625,0.8245728115705553,6903.9375,2.5992038249969482,0.125,0,1.6839214526741306,0.5915293694513764,0,3.5271200983499917,0.24343969364977838,,,,,,,,,,,,,,,,0.2265625,2048,2048,983.09765625,1155.5625,174,174,4096,4096,4096,13.194192550028674,8.624397700943518,,,,,,,,,1,-1,0.29773807143809045,0,0,1,,,,,,1.3688045740127563,0.021735547110438347,0.4755563735961914,0.008286598138511181,0.9981852173805237,,,,,,,,,,,,,0.004291220044251531,0.000961081163268318,0.00021845102310180664,0.6632868860033341,0.05131885072046316,0.006941748957615346,0.010634958976879716,0.0030248724765442603,0,0,0,0,,,,,1,0.45703125,0,117
273,41390.16552101,1788934006.1925447,0.63671875,0,124.14703059196472,0.17817486822605133,1,-1,0.46875,0.40590810775756836,0.0032470303121954203,1.006678581237793,0.9959319233894348,0.969670295715332,0,0,0.005090474616736174,0.0003071415703743696,1.0003072023391724,0.08763515204191208,0.01299560721963644,0.013042435981333256,0.004091307055205107,0.0003071415703743696,1,1,0.0003071415703743696,1,7.09375,263.96875,0.00552896568014344,0.03125,0,7864.78125,0,4.242899457267965,0.1787909956239585,0.593680982924675,18674.4375,0.8665371737645058,6819.65625,0.5669637396931648,0.6882749852682164,21702.9375,0.9209668379395722,7255.75,0.5003967676311731,0.006351661426136817,0.446725948298786,14160.71875,0.8173862282383169,6455.46875,3.122237205505371,0.125,0,1.7081791486648394,0.5675880857835546,0,4.200766386338367,0.19238157645745604,,,,,,,,,,,,,,,,0.17578125,2048,2048,870.6796875,1016.12890625,249,249,4096,4096,4096,11.800941711000632,8.535309312981553,,,,,,,,,1,-1,0.2731617596567563,0,0,1,,,,,,1.434147596359253,0.02226058393716812,0.6102477312088013,0.008579087443649769,0.9980400204658508,,,,,,,,,,,,,0.005782810039818287,0.0011038157010716532,0.0002105599851347506,0.627949437010102,0.05239645929464132,0.006820110022090375,0.05670818797079846,0.003214092662119583,0,0,0,0,,,,,1,0.63671875,0,163
274,41522.223697826,1788934141.9311357,0.671875,7.806255641895632e-18,123.57433462142944,0.15791556239128113,1,-1,0.34375,0.4069874882698059,0.002758701564744115,1.0094795227050781,0.9957075715065002,0.9735379219055176,0,0,0.005230586975812912,0.00024695706088095903,1.0002470016479492,0.08270791918039322,0.037584856152534485,0.03750849887728691,0.004317477345466614,0.00024695706088095903,1,1,0.00024695706088095903,1,7.15625,225.90625,0.005840081070460363,0.03125,0,6965.4375,0,5.123687334169504,0.13887183630133915,0.5932196953356612,16516.75,0.8650108151494346,6026.65625,0.6069404110312462,0.6860528253701488,19153.8125,0.9188963874468093,6408.90625,0.5514643751084805,0.0075162048228564595,0.4462464011682696,12547.25,0.815664081839756,5713.6875,3.6117154955863953,0.25,0,1.7824618423039889,0.5740102099342443,0,5.204174223792071,0.14789478303244413,,,,,,,,,,,,,,,,0.1015625,2048,2048,879.19140625,1034,185,185,4096,4096,4096,11.846655421017203,8.399709785007872,,,,,,,,,1,-1,0.2901442287369986,0,0,1,,,,,,1.9939773082733154,0.02249494194984436,0.439581036567688,0.008664054796099663,0.998026430606842,,,,,,,,,,,,,0.007025990053080022,0.00106777318683271,0.0001965999836102128,0.6427812550100498,0.05632709605106356,0.006015450053382665,0.009498849045485258,0.0031622970002445072,0,0,0,0,,,,,1,0.671875,0,172
275,41655.161967802,1788934273.4036334,0.60546875,8.673617379884035e-18,119.88252186775208,0.1628662347793579,1,-1,0.375,0.401554673910141,0.004152126610279083,1.0093650817871094,0.9943637251853943,0.9708404541015625,0,0,0.006679069250822067,0.0003659701906144619,1.000365972518921,0.0855913758277893,-0.0009515238925814629,-0.0007737693376839161,0.005676728673279285,0.0003659701906144619,1,1,0.0003659701906144619,1,7.25,263.15625,0.007308837050714873,0.03125,0,7033.53125,0,7.595899759696254,0.14379154248098167,0.5881681591612289,16518.21875,0.8604897109727068,6045.6875,0.6534354910254478,0.6858461843253112,19320.40625,0.917804199502543,6459.90625,0.574075024574995,0.011094183959595924,0.44689030718763767,12742.6875,0.8121535168055802,5748.53125,4.114544987678528,0.25,0,1.6791549115843545,0.5367656179214582,0,7.735200288095763,0.14522128844451504,,,,,,,,,,,,,,,,0.12109375,1883,2048,839.44140625,972.5078125,281,281,4096,4096,4096,11.5582033090177,9.116481140023097,,,,,,,,,1,-1,0.3224191086654962,0,0,1,,,,,,2.65010929107666,0.023194970563054085,0.6682958602905273,0.00895976647734642,0.9979273080825806,,,,,,,,,,,,,0.005217708996497095,0.0011090075076936046,0.0002232799888588488,0.6354767960147001,0.05081892055204662,0.003753170953132212,0.010998961050063372,0.0030161991835484514,0.0004954999894835055,0,0,0,,,,,1,0.60546875,0,155
276,41791.149345732,1788934405.760518,0.55078125,1.0408340855860843e-17,121.35212588310242,0.18737849593162537,1,-1,0.46875,0.4110700190067291,0.005209208466112614,1.0060768127441406,0.9932330846786499,0.965144157409668,0,0,0.007799115963280201,0.0008841578382998705,1.0008846521377563,0.14332878589630127,-0.023027269169688225,-0.022724637761712074,0.006822741124778986,0.0008841578382998705,1,1,0.0008841578382998705,1,7.125,260.03125,0.008360416914587354,0.03125,0,6715.53125,0,8.477210946742428,0.1373434856711978,0.592142304435705,15889.4375,0.8634917693643618,5799.28125,0.6547352664638311,0.686972026169131,18480.4375,0.9197486652161843,6185.09375,0.5096574872732162,0.011579376752071071,0.45022419290091475,12300.09375,0.8166078239833632,5533.90625,4.056136727333069,0.125,0,1.6991139529143218,0.5329880091427611,0,7.468681785396119,0.134728745908189,,,,,,,,,,,,,,,,0.19921875,1787,2048,922.2265625,1084.38671875,266,266,4096,4096,4096,12.975912038004026,8.438572307000868,,,,,,,,,1,-1,0.29987242185261903,0,0,1,,,,,,2.7146823406219482,0.023220205679535866,0.44504594802856445,0.008880363777279854,0.9980356693267822,,,,,,,,,,,,,0.004778109956532717,0.001011030330118956,0.00019852002151310444,0.6352097560302354,0.055007787602335156,0.002785209973808378,0.008624819980468601,0.0029043773720331956,0.00048750999849289656,0,0,0,,,,,1,0.55078125,0,141
277,41924.245003317,1788934541.767439,0.55859375,-1.734723475976807e-18,125.00407481193542,0.158349871635437,1,-1,0.4375,0.41123121976852417,0.0038177871610969305,1.0057458877563477,0.993574857711792,0.9685583114624023,0,0,0.007341408170759678,0.00039424258284270763,1.000394344329834,0.18464089930057526,0.0029668807983398438,0.0027065910398960114,0.0064725736156105995,0.00039424258284270763,1,1,0.00039424258284270763,1,7.09375,296.9375,0.007939658022216915,0.03125,0,7377.8125,0,7.295288873865105,0.17688187351064427,0.5922273569491188,17498.21875,0.8645730859129843,6391.53125,0.6410840200260282,0.6877743653700766,20374.90625,0.921202512269676,6817.375,0.5167371705174446,0.010085797816254405,0.4508601809565666,13620.5,0.8166183092300475,6109.03125,3.695461630821228,0.09375,0,1.6699387060700281,0.5457831297408708,0,7.8510119082820164,0.19297345769830754,,,,,,,,,,,,,,,,0.2109375,2048,2048,942.9453125,1102.89453125,246,246,4096,4096,4096,13.051901786995586,7.999463937012479,,,,,,,,,0.7142857142857143,-1,0.2244608051781524,0,0,1,,,,,,1.5075416564941406,0.023029036819934845,0.5999033451080322,0.008861895650625229,0.9980401992797852,,,,,,,,,,,,,0.006927270034793764,0.0011845320200336573,0.00021224998636171222,0.6277054870151915,0.06249827185683898,0.007782039989251643,0.010528838960453868,0.0032251702089070022,0,0,0,0,,,,,1,0.55859375,0,143
278,42052.133950123,1788934674.9963048,0.671875,0,122.08066916465759,0.1077946200966835,0.7142857313156128,-1,0.21875,0.4188419580459595,0.002407052321359515,1.0076532363891602,0.9940608739852905,0.9742889404296875,0,0,0.006808803882449865,0.00022448133677244186,1.0002245903015137,0.038017600774765015,0.01698378100991249,0.016771141439676285,0.005976393818855286,0.00022448133677244186,1,1,0.00022448133677244186,1,7.15625,296.59375,0.007412876731320433,0.03125,0,7543.5625,0,11.190711026695123,0.19962529584235345,0.5933306389370168,17860.59375,0.8671731441997687,6531.3125,0.5973918557865545,0.6890562994128975,20810.9375,0.9248724727995083,6977.75,0.5462175440043211,0.008879128326085135,0.45447333282918195,13942.3125,0.8236412949632586,6259.78125,3.235378324985504,0.21875,0,1.834309390342626,0.5551029634486662,0,10.111374472008222,0.21143289791502615,,,,,,,,,,,,,,,,0.1171875,1841,2048,933.1953125,1080.33984375,202,202,4096,4096,4096,13.13241249503335,8.004022096050903,,,,,,,,,1,-1,0.2879377767249482,0,0,1,,,,,,2.636181354522705,0.023387622088193893,0.5898250341415405,0.008929455652832985,0.9980519413948059,,,,,,,,,,,,,0.005374689993914217,0.001010930959637335,0.00019619998056441545,0.6292678160243668,0.05711618898840243,0.00554259994532913,0.009999999951105565,0.003192221059180156,0.0005131689831614494,0,0,0,,,,,1,0.671875,0,172
279,42182.499642064,1788934803.2280507,0.578125,9.107298248878237e-18,116.70433712005615,0.1567610204219818,1,-1,0.375,0.41846024990081787,0.00305120088160038,1.007573127746582,0.9938559532165527,0.9753885269165039,0,0,0.006933221127837896,0.00041903136298060417,1.000419020652771,0.11263520270586014,-0.0018721013329923153,-0.002092115581035614,0.006181525066494942,0.00041903136298060417,1,1,0.00041903136298060417,1,7.09375,292.40625,0.00764727931923514,0.03125,0,7465.5625,0,7.305590029653228,0.1479548332036394,0.5944737305229262,17719.15625,0.8672468506732475,6470.9375,0.6794941993430257,0.6883126463859081,20591,0.9232743102769501,6901.4375,0.5159907154738903,0.008860853603428434,0.4574232458213997,13850.40625,0.8260361895815829,6211,3.810643792152405,0.09375,0,1.6693059979798273,0.5610427547149053,0,6.937597443497067,0.1523081290809991,,,,,,,,,,,,,,,,0.08984375,1841,2048,793.33984375,903.58984375,229,229,4096,4096,4096,11.477357611001935,8.143743443011772,,,,,,,,,1,-1,0.2696369441168125,0,0,1,,,,,,1.2443153858184814,0.023430030792951584,0.5899988412857056,0.009022056125104427,0.9980345964431763,,,,,,,,,,,,,0.0049575300072319806,0.0009671613208865892,0.00019737996626645327,0.6347347859991714,0.048449929592379704,0.005857340001966804,0.014571619976777583,0.0026486124809252942,0.0004738600109703839,0,0,0,,,,,1,0.578125,0,148
280,42308.407819833,1788934933.7317555,0.62109375,-8.673617379884035e-19,118.85446643829346,0.1462060511112213,1,-1,0.3125,0.4175969362258911,0.003143858630210161,1.009110450744629,0.9965630769729614,0.9804229736328125,0,0,0.0051842983812093735,0.0002676451113075018,1.000267744064331,0.07996010035276413,0.00998713355511427,0.0098744360730052,0.0034597180783748627,0.0002676451113075018,1,1,0.0002676451113075018,1,7.0625,210.3125,0.005158817937662015,0.03125,0,6346.71875,0,7.575736193413907,0.29770931052093824,0.5924427887305214,15062.40625,0.8648002672393149,5501.21875,0.4738667644560337,0.6859067557477606,17464.9375,0.9205480460941831,5860.875,0.4924119058996439,0.005865122535542104,0.4457323846771412,11616.21875,0.8128870914019519,5235.46875,2.588257133960724,0.0625,0,1.6473402480141088,0.6211566340007115,0,6.687917238601642,0.31045663995475503,,,,,,,,,,,,,,,,0.11328125,1841,2048,853.33984375,987.5390625,156,156,4096,4096,4096,11.868537922971882,8.472272415994667,,,,,,,,,1,-1,0.3321620578167549,0,0,1,,,,,,1.619441270828247,0.02303355187177658,0.6332399845123291,0.008851427584886551,0.9980008006095886,,,,,,,,,,,,,0.006033289944753051,0.0011076417729327659,0.00018864998128265142,0.6519786259741522,0.05390414360795148,0.0052543909987434745,0.054971069970633835,0.0029837002696240233,0.0005607399507425725,0,0,0,,,,,1,0.62109375,0,159
281,42445.715503204,1788935059.5541828,0.52734375,4.336808689942018e-18,114.27453017234802,0.20047543942928314,1,-1,0.46875,0.40624579787254333,0.005350535269826651,1.0080385208129883,0.9951143264770508,0.9754338264465332,0,0,0.005960372742265463,0.0006045785266906023,1.0006047487258911,0.14527420699596405,-0.027616403996944427,-0.02748526632785797,0.0049146441742777824,0.0006045785266906023,1,1,0.0006045785266906023,1,7.15625,260,0.006510154410328022,0.03125,0,6826.71875,0,5.2219937224061415,0.24907767071529116,0.5871406077131235,16059.375,0.8587612454006711,5874.8125,0.6003975812345743,0.6839464469887565,18737.65625,0.9171455730178806,6278.96875,0.4731833189725876,0.007714956968332274,0.4454745150734565,12500.3125,0.8102178925370389,5614.25,3.1153539419174194,0.25,0,1.681050816254804,0.5431623062438287,0,5.3108966791501775,0.25543234381428664,,,,,,,,,,,,,,,,0.13671875,1779,2048,790.03515625,930.75,203,203,4096,4096,4096,11.339402534009423,8.53003569500288,,,,,,,,,1,-1,0.23282865732866603,0,0,1,,,,,,1.468226432800293,0.02310309372842312,0.369309663772583,0.008859365247189999,0.9980289936065674,,,,,,,,,,,,,0.007747700030449778,0.0010157466381315317,0.00018318003276363015,0.6309108370332979,0.05103696831201887,0.007874000002630055,0.0077452799887396395,0.0026945003073706175,0.0004965300322510302,0,0,0,,,,,1,0.52734375,0,135
282,42565.064651353,1788935196.2539303,0.51171875,8.673617379884035e-19,125.77878379821777,0.10548283159732819,1,-1,0.28125,0.40310072898864746,0.002410908928140998,1.0074567794799805,0.9958444237709045,0.9816718101501465,0,0,0.005539471749216318,0.00025409157387912273,1.0002541542053223,0.07276657223701477,0.0014226756757125258,0.0013788009528070688,0.00417983578518033,0.00025409157387912273,1,1,0.00025409157387912273,1,7.09375,227.5625,0.005764326303109628,0.03125,0,6320.28125,0,5.182494266381738,0.26111756577764106,0.5868272088864018,14886.34375,0.8570395091365048,5437.0625,0.5294478302821517,0.6830385828177488,17358.90625,0.9152125265129838,5811.09375,0.5113023091107607,0.005982995891612945,0.4417418420261564,11471.3125,0.8069138980171047,5177.03125,2.885174512863159,0.125,0,1.6305157440461349,0.5732087226939289,0,5.925215836235859,0.2736639586375238,,,,,,,,,,,,,,,,0.171875,2048,2048,913.88671875,1091.953125,222,222,4096,4096,4096,13.016190611990169,8.533445315028075,,,,,,,,,0.7142857142857143,-0.8571428571428571,0.23282865732866603,0,0,1,,,,,,1.7831363677978516,0.022801391780376434,0.4596623182296753,0.008781509473919868,0.9980112314224243,,,,,,,,,,,,,0.007925428973976523,0.001184502804562726,0.00021183997159823775,0.6296521459589712,0.049034044815471134,0.004466280050110072,0.010275568987708539,0.003466730112222649,0,0,0,0,,,,,1,0.51171875,0,131
283,42697.404973148,1788935316.3406458,0.81640625,9.540979117872439e-18,108.41673135757446,0.09262783825397491,0.7142857313156128,-0.8571428656578064,0.1875,0.40158939361572266,0.002722338540479541,1.0093841552734375,0.9952598214149475,0.9821815490722656,0,0,0.00560859264805913,0.00025693560019135475,1.000256896018982,0.05426270514726639,-0.011547266505658627,-0.011455169878900051,0.004764290526509285,0.00025693560019135475,1,1,0.00025693560019135475,1,7.15625,284.34375,0.006375560668493244,0.03125,0,7311.09375,0,5.839008058472161,0.20363558287064698,0.5845525400985198,17130.8125,0.8539007962492725,6260.625,0.7115298984572291,0.6833955119681783,20052.90625,0.9151253381939651,6709.625,0.5295796599239111,0.006537526963343563,0.44497210932961895,13313.65625,0.8079495553339726,5983.46875,3.1304351687431335,0.15625,0,1.7613355657120109,0.5328061304707234,0,5.5046822038331396,0.20183150477672815,,,,,,,,,,,,,,,,0.03125,1828,2048,602.4375,667.57421875,165,165,4096,4096,4096,10.165686328953598,7.914247667999007,,,,,,,,,1,-1,0.23282865732866603,0,0,1,,,,,,1.9633469581604004,0.02271864004433155,0.43366706371307373,0.00890482310205698,0.9979085922241211,,,,,,,,,,,,,0.005122720031067729,0.0010099965600147698,0.00018807995365932584,0.6359827559790574,0.058670861240216254,0.005932510015554726,0.007951089995913208,0.0021800293022806727,0.0004245300078764558,0,0,0,,,,,1,0.81640625,0,209
284,42824.559188916,1788935448.3175974,0.4140625,5.204170427930421e-18,120.59052205085754,0.11251094937324524,1,-1,0.28125,0.3884255588054657,0.0024640115443617105,1.008845329284668,0.9969165325164795,0.9806861877441406,0,0,0.00472370907664299,0.0002653850242495537,1.0002654790878296,0.0722293108701706,-0.0001268393825739622,-0.00024142838083207607,0.0031039516907185316,0.0002653850242495537,1,1,0.0002653850242495537,1,7.0625,151.625,0.004682594522021208,0.03125,0,4819.5,0,3.1340761802252795,0.3714717729975595,0.5827462968327766,11287.15625,0.8499781463088008,4119.84375,0.5382263530045748,0.6766391629140044,13130.71875,0.906972559074325,4398.625,0.4533236026763916,0.0048488945586007415,0.4281953943046537,8560.90625,0.7907427208904281,3892.90625,2.0172563791275024,0.0625,0,1.5574584441756718,0.5932863263699675,0,3.0487047275528907,0.388501411842806,,,,,,,,,,,,,,,,0.19140625,1841,2048,910.34375,1095.359375,170,170,4096,4096,4096,13.016777205979452,8.658316270972136,,,,,,,,,1,-1,0.22015764296317772,0,0,1,,,,,,1.7771977186203003,0.022608593106269836,0.3228926658630371,0.008742667734622955,0.9980456233024597,,,,,,,,,,,,,0.007832199975382537,0.001378583685209378,0.00017638900317251682,0.6626512560178526,0.06571982943023613,0.005912489956244826,0.013044540013652295,0.003968108946082793,0.0005255499854683876,0,0,0,,,,,1,0.4140625,0,106
285,42942.388995677,1788935575.7000158,0.63671875,3.469446951953614e-18,115.81647276878357,0.09025144577026367,1,-1,0.25,0.4003370702266693,0.0022235200740396976,1.0069656372070312,0.9943397641181946,0.9775776863098145,0,0,0.00668096449226141,0.00021800643298774958,1.0002180337905884,0.11653469502925873,0.001920008915476501,0.001768711255863309,0.005693107843399048,0.00021800643298774958,1,1,0.00021800643298774958,1,7.125,297.625,0.007042327760155636,0.03125,0,7282.75,0,13.093127248525366,0.2185412241473106,0.5858514704743824,17076.59375,0.8553462876282569,6240.5,0.6044474979862571,0.6813953612642005,19916.53125,0.9126442365620833,6664.90625,0.49085498601198196,0.0078093003230190776,0.4488837376916031,13379.0625,0.8119031834946406,5989.59375,3.193631410598755,0.125,0,1.6324931782419192,0.5765764484196195,0,11.993492415454337,0.22129385030574225,,,,,,,,,,,,,,,,0.14453125,1772,2048,788.96484375,947.33984375,160,160,4096,4096,4096,11.35484201204963,8.31387266900856,,,,,,,,,1,-1,0.23282865732866603,0,0,1,,,,,,1.6358530521392822,0.022187944501638412,0.5318433046340942,0.008663872256875038,0.9979571104049683,,,,,,,,,,,,,0.0072686399798840284,0.0011709758532560954,0.00017841998487710953,0.6517459159949794,0.0506532010031151,0.002745310077443719,0.014515489106997848,0.003365067383128917,0.0005857999203726649,0,0,0,,,,,1,0.63671875,0,163
286,43075.759398517,1788935693.557516,0.796875,5.637851296924623e-18,106.28227686882019,0.108642578125,1,-1,0.25,0.3815499246120453,0.002442500554025173,1.0081853866577148,0.9948635101318359,0.9821329116821289,0,0,0.0059892283752560616,0.00019568251445889473,1.0001956224441528,0.08089454472064972,-0.0030101051088422537,-0.0030369702726602554,0.005163260735571384,0.00019568251445889473,1,1,0.00019568251445889473,1,7.09375,239.09375,0.0067257691040619304,0.03125,0,6311.71875,0,5.820537356391711,0.18574343317549843,0.5794434530467721,14670.46875,0.8472305307932891,5365.8125,0.554489141330123,0.6767055637035227,17170.96875,0.9064023835782712,5745.71875,0.516814824193716,0.007346380490753715,0.4384712276340462,11361.46875,0.7999383386478354,5125.0625,3.10164076089859,0.09375,0,1.6602097729275251,0.5743058959012193,0,5.661281735230203,0.19421931436046394,,,,,,,,,,,,,,,,0.05078125,1643,2048,639.171875,741.8203125,157,157,4096,4096,4096,10.544819700066,8.481781195034273,,,,,,,,,1,-1,0.2719918966379967,0,0,1,,,,,,2.071589231491089,0.022150931879878044,0.38929128646850586,0.00869231391698122,0.9979121088981628,,,,,,,,,,,,,0.008316489984281361,0.00125539622240467,0.0001914000604301691,0.6436627160292119,0.050847827918914845,0.008992249961011112,0.009289440233260393,0.002866205107238784,0.0004794900305569172,0,0,0,,,,,1,0.796875,0,204
287,43193.356664094,1788935826.758956,0.69140625,1.3010426069826053e-17,121.69056868553162,0.14255395531654358,1,-1,0.375,0.37666183710098267,0.0028030364774167538,1.0078125,0.996161937713623,0.9796490669250488,0,0,0.0050443122163414955,0.00024445424787700176,1.0002444982528687,0.11819753050804138,-0.0014708442613482475,-0.0014747651293873787,0.0038599171675741673,0.00024445424787700176,1,1,0.00024445424787700176,1,7.09375,165.9375,0.005176625372142185,0.03125,0,5113.375,0,3.2227575288819894,0.27941750203506255,0.5768879870097778,11828.84375,0.8430089434083772,4324.875,0.563756225630641,0.6733646236786288,13839.9375,0.9029488935688368,4635.4375,0.4859708994626999,0.006339572713547178,0.4279828591137528,8999.8125,0.7884595694620984,4095.25,3.1777934432029724,0.125,0,1.5831168809656517,0.5996537458658342,0,3.1168102169948693,0.2822662765989635,,,,,,,,,,,,,,,,0.06640625,1993,2048,794.37109375,950.3046875,176,176,4096,4096,4096,11.589185467921197,8.572507172939368,,,,,,,,,1,-1,0.30618621784789724,0,0,1,,,,,,2.1742124557495117,0.022036071866750717,0.361187219619751,0.008609609678387642,0.9979335069656372,,,,,,,,,,,,,0.005886030034162104,0.001224599602210219,0.00018612004350870848,0.7154135240707546,0.06098301803285722,0.004028970026411116,0.05637807690072805,0.0038172230138115992,0.0006354899378493428,0,0,0,,,,,1,0.69140625,0,177
288,43322.438409019,1788935944.4993677,0.5859375,0,106.18529987335205,0.1764427125453949,1,-1,0.5,0.3748047947883606,0.003272474743425846,1.0090274810791016,0.995309591293335,0.9818358421325684,0,0,0.005954144988209009,0.00032570050098001957,1.0003256797790527,0.14296680688858032,0.0170742254704237,0.016831552609801292,0.004716512281447649,0.00032570050098001957,1,1,0.00032570050098001957,1,7.09375,253.15625,0.006109360223619049,0.03125,0,6354.96875,0,4.302652570459499,0.2522531938296084,0.5753586810067817,14719.34375,0.8417002480978893,5383.375,0.6061178212985396,0.6747332156355239,17264.65625,0.9030283035981548,5773.125,0.5060156807303429,0.006835571657418594,0.43659366915424536,11454.0625,0.7957811765625713,5154.90625,2.8656469583511353,0.09375,0,1.7106107542650062,0.6023543286988104,0,4.265053082585263,0.26265547455249083,,,,,,,,,,,,,,,,0.11328125,1721,2048,641.98828125,761.05078125,149,149,4096,4096,4096,10.569940650020726,8.458860406070016,,,,,,,,,1,-1,0.20824828195876072,0,0,1,,,,,,1.4770333766937256,0.021536080166697502,0.47664880752563477,0.008508195169270039,0.9979387521743774,,,,,,,,,,,,,0.007811638992279768,0.0011663439127005404,0.00020147999748587608,0.6437555849552155,0.04907670398824848,0.0077931799460202456,0.012721810955554247,0.0028722200167976553,0.00045696902088820934,0,0,0,,,,,1,0.5859375,0,150
289,43449.772066363,1788936073.3396618,0.4453125,4.336808689942018e-18,117.55993795394897,0.07982759922742844,1,-1,0.1875,0.3640086054801941,0.0027278312481939793,1.0165433883666992,0.9965815544128418,0.9348516464233398,0,0,0.005002139136195183,0.00013582035899162292,1.000135898590088,0.09089244902133942,0.005322945304214954,0.005188817158341408,0.0034453016705811024,0.00013582035899162292,1,1,0.00013582035899162292,1,7.125,178.625,0.004820556182099083,0.03125,0,5135.90625,0,5.9934533529336065,0.37017286451960585,0.5701386608392772,11773.84375,0.8325131421590969,4304.5625,0.5147068155929446,0.6681121508864815,13832.75,0.8946179643524204,4629.40625,0.4662666991353035,0.0057621966637395,0.4207818833528234,9033.71875,0.7776858113464103,4098.5,2.833235263824463,0.15625,0,1.6449756453079152,0.6040880463083889,0,5.370264073336318,0.3841097904598303,,,,,,,,,,,,,,,,0.109375,1772,2048,819.00390625,987.27734375,167,167,4096,4096,4096,11.675583745003678,8.577552033006214,,,,,,,,,1,-1,0.31339158526400435,0,0,1,,,,,,1.7185935974121094,0.021753694862127304,0.5404033660888672,0.008569478988647461,0.99793541431427,,,,,,,,,,,,,0.006545610027387738,0.0011702732913363434,0.00020225998014211655,0.6253201270010322,0.05167539630974716,0.005068270023912191,0.012277330039069057,0.003826875734830537,0.00039806996937841177,0,0,0,,,,,1,0.4453125,0,114
290,43582.785807554,1788936200.852518,0.5625,-2.168404344971009e-18,115.96702265739441,0.17829665541648865,1,-1,0.40625,0.371671199798584,0.0038061162922531366,1.0061702728271484,0.9949592351913452,0.9740810394287109,0,0,0.005806595087051392,0.0002976807300001383,1.0002977848052979,0.1411677598953247,0.010441760532557964,0.010294636711478233,0.0050673708319664,0.0002976807300001383,1,1,0.0002976807300001383,1,7.15625,269.09375,0.006530848806859764,0.03125,0,6552.03125,0,6.502442477830067,0.20451412163328575,0.5765559890107501,15154.5,0.843560438456752,5545.65625,0.6545207621529698,0.6759524961451782,17773.125,0.9053141403364358,5951.78125,0.4929690919816494,0.006721178784036323,0.4401926227899937,11825.78125,0.8005041148396306,5326.75,3.117304503917694,0.21875,0,1.6933520891300362,0.5752288374766822,0,6.292028616645389,0.20584095204043898,,,,,,,,,,,,,,,,0.1328125,1687,2048,820.6171875,993.67578125,202,202,4096,4096,4096,11.693087025079876,8.360772158019245,,,,,,,,,1,-1,0.26486423168198797,0,0,1,,,,,,1.3691091537475586,0.021437572315335274,0.38580846786499023,0.00840530265122652,0.9979186654090881,,,,,,,,,,,,,0.005657689995132387,0.0010737401894402865,0.00021875998936593533,0.7033816049806774,0.07027665052601151,0.006077358964830637,0.009988069999963045,0.0036752363648702158,0.0005487999878823757,0,0,0,,,,,1,0.5625,0,144
291,43718.150415512,1788936334.0723047,0.61328125,1.431146867680866e-17,121.61292004585266,0.14059774577617645,1,-1,0.3125,0.36143580079078674,0.002855361206457019,1.0082426071166992,0.9945919513702393,0.9772610664367676,0,0,0.006339411251246929,0.00032973731867969036,1.000329852104187,0.11393839865922928,0.006447223946452141,0.006390518043190241,0.005439825356006622,0.00032973731867969036,1,1,0.00032973731867969036,1,7.15625,262.09375,0.0067517207580325405,0.03125,0,6564.9375,0,4.529141233235891,0.21752711133282907,0.569839680863097,15035.5625,0.8342173399910825,5505.15625,0.618210113607347,0.6714060658498805,17733.8125,0.898246453793273,5929.15625,0.4921160154044628,0.008564925705098593,0.4339549284072106,11758.4375,0.7919009353825587,5300.03125,4.079512596130371,0.1875,0,1.7218072595058511,0.5403612117527677,0,4.2094067523402625,0.21650769622894223,,,,,,,,,,,,,,,,0.17578125,2048,2048,780.58203125,964.1484375,209,209,4096,4096,4096,11.711083309026435,8.381673887022771,,,,,,,,,1,-1,0.29342279866348187,0,0,1,,,,,,3.289659261703491,0.02108752727508545,0.49361681938171387,0.008368082344532013,0.9979310631752014,,,,,,,,,,,,,0.006141189951449633,0.0012715352022496518,0.00021536997519433498,0.6482541759032756,0.05912577697654342,0.004101769998669624,0.013879408943466842,0.00355361566062129,0,0,0,0,,,,,1,0.61328125,0,157
292,43854.077133714,1788936469.3391948,0.56640625,6.938893903907228e-18,123.66743326187134,0.18797321617603302,1,-1,0.4375,0.36566412448883057,0.0029796757735311985,1.0092926025390625,0.9955751895904541,0.9804830551147461,0,0,0.005508236587047577,0.0002085864543914795,1.0002086162567139,0.19045008718967438,0.06199299544095993,0.06160718947649002,0.004449556116014719,0.0002085864543914795,1,1,0.0002085864543914795,1,7.125,231.25,0.005766573390698863,0.03125,0,6244.65625,0,7.848471043395505,0.26648288216167776,0.5751125404225126,14406.375,0.8424704512660139,5280.46875,0.7460850300267339,0.6736366532426046,16918.46875,0.9030522710205147,5665.5625,0.5023031011223793,0.006412211890760939,0.43231836861644135,11167.21875,0.7954420804596232,5061.65625,3.079483985900879,0.125,0,1.653290984499095,0.549592198769483,0,8.950467669884164,0.2686300671234289,,,,,,,,,,,,,,,,0.171875,2048,2048,833.515625,993.5078125,236,236,4096,4096,4096,11.7528784989845,8.431873920024373,,,,,,,,,0.8571428571428572,-1,0.22160131510697959,0,0,1,,,,,,1.157076358795166,0.021637186408042908,0.42104363441467285,0.008541601710021496,0.9979794025421143,,,,,,,,,,,,,0.008121329941786826,0.001157006199719035,0.0002212299732491374,0.6521218660054728,0.05389487009324512,0.003165230038575828,0.010403138934634626,0.0033251344452764897,0,0,0,0,,,,,1,0.56640625,0,145
293,43994.882803302,1788936605.2321186,0.51953125,4.336808689942018e-19,124.31547617912292,0.0940389633178711,0.8571428656578064,-1,0.21875,0.37407201528549194,0.0028348760679364204,1.006622314453125,0.9963083267211914,0.9801883697509766,0,0,0.004837610758841038,0.0001533005852252245,1.0001533031463623,0.09271366894245148,0.010922939516603947,0.01079532690346241,0.0037104589864611626,0.0001533005852252245,1,1,0.0001533005852252245,1,7.125,239.28125,0.005159568548279368,0.03125,0,6668.125,0,13.676543897548045,0.25395832974463556,0.5796192373047144,15537.90625,0.8491691771180878,5696.40625,0.5623974371701479,0.6776983443661234,18182.09375,0.9086877501494451,6096.53125,0.5005409121513367,0.006028044133152204,0.4398703751501782,12121.1875,0.8030114500450944,5470.125,3.2539018988609314,0.1875,0,1.6647087380656895,0.5871480908097899,0,10.975680693790853,0.26762674982107704,,,,,,,,,,,,,,,,0.2578125,2048,2048,884.1640625,1049.0078125,198,198,4096,4096,4096,12.01495275401976,8.492862517945468,,,,,,,,,1,-1,0.20044593143431827,0,0,1,,,,,,1.554196834564209,0.02183382399380207,0.4588841199874878,0.008524027653038502,0.9980672597885132,,,,,,,,,,,,,0.005641850060783327,0.00113345061072323,0.0002034599892795086,0.635336966952309,0.059966328262817115,0.005099500063806772,0.011679030023515224,0.0029141741401872423,0,0,0,0,,,,,1,0.51953125,0,133
294,44135.206603041,1788936746.1087437,0.4140625,6.938893903907228e-18,129.24024963378906,0.08242292702198029,1,-1,0.1875,0.3843011260032654,0.001431370503269136,1.0062255859375,0.9963138103485107,0.9806323051452637,0,0,0.004782866686582565,0.00011023017577826977,1.0001102685928345,0.05594353377819061,0.011744009330868721,0.011598411947488785,0.0037051907274872065,0.00011023017577826977,1,1,0.00011023017577826977,1,7.0625,247.5,0.005070212875529889,0.03125,0,7073.3125,0,4.933175214363194,0.27770083299957493,0.583390113087197,16680.65625,0.8552484958121402,6113.78125,0.5649965084157884,0.6788920270986346,19382.9375,0.9130678625207791,6519.0625,0.5089656822383404,0.005815324216367752,0.44108828180148474,12955.59375,0.8088689494334873,5866.96875,3.04460608959198,0.09375,0,1.7118412175037812,0.5977065622651723,0,4.826933240500161,0.28236435171267343,,,,,,,,,,,,,,,,0.296875,2048,2048,1053.2265625,1163.015625,214,214,4096,4096,4096,13.415057403035462,8.571273647015914,,,,,,,,,1,-1,0.402479559628023,0,0,1,,,,,,1.1775801181793213,0.021972374990582466,0.2895207405090332,0.008589238859713078,0.9981115460395813,,,,,,,,,,,,,0.005183950066566467,0.001039888723880722,0.00021653994917869568,0.6531203769845888,0.058253904541743395,0.005492930067703128,0.05522235913667828,0.0029697352492803475,0,0,0,0,,,,,1,0.4140625,0,106
295,44286.678588679,1788936886.4883578,0.41796875,3.469446951953614e-18,128.71403741836548,0.31354814767837524,1,-1,0.625,0.4044042229652405,0.0038874754682183266,1.0082435607910156,0.9972794055938721,0.9835996627807617,0,0,0.003930269740521908,0.0003540338948369026,1.0003541707992554,0.19723603129386902,0.07615572214126587,0.0760987251996994,0.002733084838837385,0.0003540338948369026,1,1,0.0003540338948369026,1,7.0625,251.34375,0.0042585949536237296,0.03125,0,8425.8125,0,5.756604471388522,0.25401303087389737,0.6017379368729461,20371.3125,0.8803161333374446,7454.1875,0.5258577447384596,0.6895400425976399,23341.46875,0.9317149102528629,7888.75,0.468371270224452,0.004592500552440488,0.45477129690834,15679.4375,0.836509650899988,7153.125,2.6366060376167297,0.0625,0,1.6571718175010508,0.6072224684793434,0,6.168691714108595,0.2590742160166919,,,,,,,,,,,,,,,,0.33984375,2048,2048,1065.46875,1155.32421875,239,239,4096,4096,4096,13.190907556912862,8.547624627011828,,,,,,,,,1,-1,0.3453407072466735,0,0,1,,,,,,1.3043251037597656,0.022277334704995155,0.27847838401794434,0.008612639270722866,0.9981995224952698,,,,,,,,,,,,,0.004536060034297407,0.0008938079286053835,0.0001739399740472436,0.6210083960322663,0.04877542918166,0.005909450934268534,0.009406129946000874,0.00189422531548189,0,0,0,0,,,,,1,0.41796875,0,107
296,44433.678902745,1788937037.674489,0.3125,1.3877787807814457e-17,139.7354633808136,0.25229355692863464,1,-1,0.53125,0.4190438985824585,0.0030730972066521645,1.0090551376342773,0.9982491731643677,0.9868507385253906,0,0,0.002910161390900612,0.00019655423238873482,1.0001965761184692,0.10967831313610077,0.10199731588363647,0.10201835632324219,0.001758718746714294,0.00019655423238873482,1,1,0.00019655423238873482,1,7.0625,190.8125,0.0031681433343357856,0.03125,0,8523.75,0,3.6538176967260956,0.32665793196435233,0.6093590875293391,20886.625,0.8916156379921404,7646.65625,0.4823863971978426,0.694850527276942,23794.46875,0.9412530151242018,8065.40625,0.48147109895944595,0.00350194714220745,0.454714412143022,15797.6875,0.8431359949209876,7284.9375,2.365434229373932,0.0625,0,1.6354734614267525,0.6248079372653482,0,3.630993568753582,0.34133744415795764,,,,,,,,,,,,,,,,0.5234375,2048,2048,1395.53515625,1496.52734375,304,304,4096,4096,4096,15.112115086987615,8.554849568055943,,,,,,,,,1,-1,0.3553526561095071,0,0,1,,,,,,2.3129196166992188,0.022425057366490364,0.30165982246398926,0.00861833430826664,0.9982491731643677,,,,,,,,,,,,,0.007831779075786471,0.0011055705631406454,0.00022800895385444164,0.6596140949986875,0.052851773565635085,0.0025312500074505806,0.008077140897512436,0.0014794553944739164,0,0,0,0,,,,,1,0.3125,0,80
297,44573.206183885,1788937184.9043744,0.40234375,-6.938893903907228e-18,135.5912537574768,0.2657979130744934,1,-1,0.5625,0.4317944645881653,0.0045243315398693085,1.005845069885254,0.9982061386108398,0.9838929176330566,0,0,0.0027752346359193325,0.0002330397255718708,1.0002330541610718,0.10598060488700867,0.11755679547786713,0.11752042174339294,0.0018018645932897925,0.0002330397255718708,1,1,0.0002330397255718708,1,7.125,206.25,0.003091956196480763,0.03125,0,11164.28125,0,3.679125382022803,0.25012978192190494,0.6241036469880714,27935.34375,0.914926176818937,10239.75,0.5291560953482985,0.7034237800572073,31466.53125,0.9587434231700027,10725.78125,0.4953532963991165,0.003283677002966579,0.46207552461106705,20802.5,0.864762974645201,9703.8125,2.7129191756248474,0.125,0,1.6633611467636418,0.6076818463873339,0,3.580311537313121,0.26030568852637664,,,,,,,,,,,,,,,,0.46484375,2048,2048,1323.35546875,1416.4375,268,268,4096,4096,4096,14.379942571977153,8.392885849927552,,,,,,,,,1,-1,0.41110230118647634,0,0,1,,,,,,1.4337146282196045,0.022373687475919724,0.4776170253753662,0.008703920058906078,0.9981852769851685,,,,,,,,,,,,,0.006368520087562501,0.0010057714275717444,0.00019481009803712368,0.6278142069932073,0.05147533991248565,0.0025736800162121654,0.006367621012032032,0.0016934877767198486,0,0,0,0,,,,,1,0.40234375,0,103
298,44710.774888007,1788937324.5016382,0.5625,1.734723475976807e-18,127.89031934738159,0.32502174377441406,1,-1,0.65625,0.42689013481140137,0.00424815621227026,1.0076303482055664,0.9981729388237,0.986053466796875,0,0,0.00275889178737998,0.00034986110404133797,1.0003498792648315,0.1198972687125206,0.10332103073596954,0.10330002754926682,0.00183416111394763,0.00034986110404133797,1,1,0.00034986110404133797,1,7.0625,212.15625,0.0029850786182950163,0.03125,0,10586.84375,0,4.1799131433541215,0.268830851375763,0.6149549830449756,26163.03125,0.9030209387418484,9615.96875,0.5319124413654208,0.6965999626787218,29625.8125,0.9495027399879609,10104.53125,0.49939117208123207,0.0032002083090900014,0.45852828549559765,19695.96875,0.8551496489635889,9153.75,2.27797931432724,0.09375,0,1.7026004852017167,0.6113123457703977,0,4.52782336392575,0.27553580663283567,,,,,,,,,,,,,,,,0.28515625,2048,2048,1050.68359375,1147.46484375,236,236,4096,4096,4096,13.210105609032325,8.669810615014285,,,,,,,,,1,-1,0.3253726278265821,0,0,1,,,,,,1.6333868503570557,0.023303193971514702,0.5053945183753967,0.009049182757735252,0.9981266260147095,,,,,,,,,,,,,0.05383186799008399,0.001235462473687221,0.00018689001444727182,0.6318967869738117,0.043294360462368786,0.005197120015509427,0.053858969011344016,0.0022526333277710364,0,0,0,0,,,,,1,0.5625,0,144
299,45546.458719205,1788937465.9617436,0.4921875,6.071532165918825e-18,128.98172092437744,0.199188694357872,1,-1,0.4375,0.42950406670570374,0.003102250164374709,1.0083885192871094,0.998034656047821,0.9894800186157227,0,0,0.003017890267074108,0.00014416128396987915,1.0001442432403564,0.10145445913076401,0.047662749886512756,0.04760824143886566,0.0019727726466953754,0.00014416128396987915,1,1,0.00014416128396987915,1,7,203.625,0.0033343159628480123,0.03125,0,8405.46875,0,3.6874932722058267,0.3219305781769496,0.5989665323451767,20434.03125,0.8805861444122276,7511.4375,0.47126791812479496,0.6865693334615085,23297.71875,0.9320799642798671,7923.90625,0.48483842983841896,0.0034197247137841757,0.45545091289901735,15805.5625,0.8352314845649925,7192.125,2.078758418560028,0,0,1.5548028720351894,0.6075660026206118,0,3.4986848915191695,0.3294377196900037,,,,,,,,,,,,,,,,0.24609375,2048,2048,968.8203125,1099.078125,253,253,4096,4096,4096,13.1292382319225,8.64291883003898,,,,,,,,,1,-1,0.3234066120763363,0,0,1,,,,,,1.5258970260620117,0.023269690573215485,0.4787430763244629,0.009122166782617569,0.9980630874633789,,,,,,,,,,,,,0.0049395899986848235,0.0010016080004788819,0.00021239998750388622,0.6335866270819679,0.047159414488760376,0.0049688100116327405,0.010963920038193464,0.002560908964369446,0,0,0,0,,,,,1,0.4921875,0,126
300,45549.163379282,1788938289.3295934,,,,0.21065790951251984,1,-1,0.46875,0.42783787846565247,0.002822643145918846,1.0063018798828125,0.9978065490722656,0.9849061965942383,0,0,0.003424663795158267,0.00022922339849174023,1.0002293586730957,0.1295398473739624,0.03726309910416603,0.037231869995594025,0.00220302096568048,0.00022922339849174023,1,1,0.00022922339849174023,1,7.03125,225.5,0.003718043457927208,0.03125,0,7750.5625,0,4.036715646075024,0.3192793643260313,0.5924115927214846,18414.3125,0.8705494880134785,6777.9375,0.49985059164464474,0.6827128892800958,21277.375,0.9239772831863631,7201.09375,0.495798634365201,0.0038895758270546437,0.45427809943899267,14540.5625,0.8259433660199738,6528,2.242182493209839,0.03125,0,1.627399165767581,0.5997826581928224,0,3.862981410168709,0.3298883047619807,800,300,0.5049999952316284,0.505,820.01744013594,0.205,2048,2048,906.6174926757812,1068.905,216,216,4096,4096,4096,,,,,,,,,,,5.551502658462851,9.445513284066692,1,7.216449660063518e-18,-1,0.15332532781808877,0.33,0.34,0.33,0.505,,,,,,,1.6586062908172607,0.02301043339073658,0.5062463283538818,0.00908674613572657,0.9979782181978226,,,,,,42.49459912395105,10.506487712721137,0.00021115003619343042,49.36300441797357,3.8533152399882966,0.0005913299974054098,76.44030951603781,8.424120742614468,0,0,0,0,,,,,,,,,,,,,1,0.505,0,4.04,,,,
