_step,_runtime,_timestamp,rewards/train/solve_ratio,rewards/train/advantage/mean,perf/train/global_step_time,actor/train/advantage/abs_mean,actor/train/advantage/max,actor/train/advantage/min,actor/train/advantage/nonzero_frac,actor/train/entropy,actor/train/grad_norm,actor/train/is_ratio/max,actor/train/is_ratio/mean,actor/train/is_ratio/min,actor/train/kl,actor/train/kl_loss,actor/train/log_ratio/abs_mean,actor/train/loss,actor/train/perplexity,actor/train/pg_clipfrac,actor/train/pg_loss/clipped_mean,actor/train/pg_loss/unclipped_mean,actor/train/ppo_kl,actor/train/reduced_pg_loss,actor/train/sampler_is/weight_mean,actor/train/sampler_is/weight_min,actor/train/unreduced_pg_loss,actor/train/zero_tim/alignment_warning,actor/train/zero_tim/alignment_warning_count,actor/train/zero_tim/clip_hits,actor/train/zero_tim/first_order_kl,actor/train/zero_tim/gradient_nonzero,actor/train/zero_tim/hard_gate_pass,actor/train/zero_tim/n_action,actor/train/zero_tim/r_exact,actor/train/zero_tim/r_max,actor/train/zero_tim/r_min,actor/train/zero_tim/s_decode_vs_s_prefill_byte_fraction,actor/train/zero_tim/s_decode_vs_s_prefill_bytes,actor/train/zero_tim/s_decode_vs_s_prefill_element_fraction,actor/train/zero_tim/s_decode_vs_s_prefill_elements,actor/train/zero_tim/s_decode_vs_s_prefill_max_abs,actor/train/zero_tim/s_prefill_vs_t_old_byte_fraction,actor/train/zero_tim/s_prefill_vs_t_old_bytes,actor/train/zero_tim/s_prefill_vs_t_old_element_fraction,actor/train/zero_tim/s_prefill_vs_t_old_elements,actor/train/zero_tim/s_prefill_vs_t_old_max_abs,actor/train/zero_tim/second_order_kl,actor/train/zero_tim/t_old_vs_t_current_byte_fraction,actor/train/zero_tim/t_old_vs_t_current_bytes,actor/train/zero_tim/t_old_vs_t_current_element_fraction,actor/train/zero_tim/t_old_vs_t_current_elements,actor/train/zero_tim/t_old_vs_t_current_max_abs,actor/train/zero_tim/tis_hits,actor/train/zero_tim/w_exact,actor/train/zero_tim/w_max,actor/train/zero_tim/w_min,actor/train/zero_tim/wr_exact,actor/train/zero_tim/wr_max,actor/train/zero_tim/wr_min,frozenlake_eval/eval/n,frozenlake_eval/eval/policy_step,frozenlake_eval/eval/reward,frozenlake_eval/eval/solve,frozenlake_eval/eval/wall_seconds,generation/eval/completions/clip_ratio,generation/eval/completions/max_length,generation/eval/completions/max_raw_length,generation/eval/completions/mean_length,generation/eval/completions/mean_raw_length,generation/eval/completions/min_length,generation/eval/completions/min_raw_length,generation/eval/prompts/max_length,generation/eval/prompts/mean_length,generation/eval/prompts/min_length,generation/train/completions/clip_ratio,generation/train/completions/max_length,generation/train/completions/max_raw_length,generation/train/completions/mean_length,generation/train/completions/mean_raw_length,generation/train/completions/min_length,generation/train/completions/min_raw_length,generation/train/prompts/max_length,generation/train/prompts/mean_length,generation/train/prompts/min_length,perf/train/rescore_b_seconds,perf/train/weight_sync_seconds,rewards/eval/advantage/max,rewards/eval/advantage/mean,rewards/eval/advantage/min,rewards/eval/advantage/std,rewards/eval/solve_all,rewards/eval/solve_none,rewards/eval/solve_partial,rewards/eval/solve_ratio,rewards/train/advantage/max,rewards/train/advantage/min,rewards/train/advantage/std,rewards/train/solve_all,rewards/train/solve_none,rewards/train/solve_partial,sampler_is/eval/frac_clipped_at_threshold,sampler_is/eval/weight_max,sampler_is/eval/weight_mean,sampler_is/train/frac_clipped_at_threshold,sampler_is/train/weight_max,sampler_is/train/weight_mean,sampler_trainer/eval/logp_diff_max,sampler_trainer/eval/logp_diff_mean,sampler_trainer/eval/prob_diff_max,sampler_trainer/eval/prob_diff_mean,sampler_trainer/eval/probs_pearson_corr,sampler_trainer/train/logp_diff_max,sampler_trainer/train/logp_diff_mean,sampler_trainer/train/prob_diff_max,sampler_trainer/train/prob_diff_mean,sampler_trainer/train/probs_pearson_corr,trajectory/eval/env_time/close_latency/max,trajectory/eval/env_time/close_latency/mean,trajectory/eval/env_time/close_latency/min,trajectory/eval/env_time/reset_latency/max,trajectory/eval/env_time/reset_latency/mean,trajectory/eval/env_time/reset_latency/min,trajectory/eval/env_time/step_latency/max,trajectory/eval/env_time/step_latency/mean,trajectory/eval/env_time/step_latency/min,trajectory/eval/reward_time/reward_latency/max,trajectory/eval/reward_time/reward_latency/mean,trajectory/eval/reward_time/reward_latency/min,trajectory/train/env_time/close_latency/max,trajectory/train/env_time/close_latency/mean,trajectory/train/env_time/close_latency/min,trajectory/train/env_time/reset_latency/max,trajectory/train/env_time/reset_latency/mean,trajectory/train/env_time/reset_latency/min,trajectory/train/env_time/step_latency/max,trajectory/train/env_time/step_latency/mean,trajectory/train/env_time/step_latency/min,trajectory/train/reward_time/reward_latency/max,trajectory/train/reward_time/reward_latency/mean,trajectory/train/reward_time/reward_latency/min,trajectory_rewards/eval/max,trajectory_rewards/eval/mean,trajectory_rewards/eval/min,trajectory_rewards/eval/sum,trajectory_rewards/train/max,trajectory_rewards/train/mean,trajectory_rewards/train/min,trajectory_rewards/train/sum
0,1253.919756437,1787515166.925142,0.6015625,-1.734723475976807e-18,832.063873052597,,,,,,,,,,,,,,,,,,,,,,,,,,,,,,,,,,,,,,,,,,,,,,,,,,,,,,,,800,0,0.38749998807907104,0.3875,317.6430545070034,0,1063,1603,202.16624450683594,437.86125,23,23,4096,4096,4096,0,877,1313,182.8515625,346.28515625,37,37,4096,4096,4096,1.7651555987419607,,1,1.2351231148954867e-17,-1,0.2706624686417566,0.1,0.31,0.59,0.3875,1,-1,0.3174355149041282,0,0,1,0.00013638615375384687,2,1.0000142127275466,0.00021362955158110708,2,0.9999011158943176,1.9592437744140625,0.015169142461381853,0.6697344779968262,0.006783054729457945,0.9911455947160721,2.9298253059387207,0.014885816723108292,0.8019264936447144,0.006534666754305363,0.9923621416091919,17.97538657899713,2.806737378955095,0.00021136899886187166,17.112080726001295,1.3385165307164244,0.0007062999939080328,4.296774709000601,1.0539295847725225,0.0007575199997518212,0,0,0,0.008768788989982568,0.0021098933283951737,0.0002194600092479959,0.44087416600086726,0.05975580890640231,0.005444590002298355,0.01835419899725821,0.0062031457425177905,0.000573519995668903,0,0,0,1,0.3875,0,3.1,1,0.6015625,0,154
1,1374.013477725,1787515286.5583932,0.40234375,8.673617379884035e-18,107.99147033691406,0.21028578281402588,1,-1,0.46875,0.1483668088912964,0.02777877263724804,1.0172805786132812,0.8079969882965088,0.33089232444763184,0,0,0.232401043176651,0.014813659712672234,1.0149239301681519,0.20455437898635864,0.05422506853938103,0.03664166480302811,0.2384713739156723,0.014813659712672234,0.9998443126678467,0.053406357765197754,0.014813660236541182,1,7.25,120.4375,0.24050895490104046,0.03125,0,1462.8125,0,11.123867574117176,0.06348289723214673,0.3386596097991478,1925.8125,0.4893438845867625,698.71875,0.6784294199896976,0.4566508015794572,2596.5,0.5864771005462548,832.65625,0.8212802223861217,1.3762690202088304,0.28625222133937167,1700.84375,0.4967691771631937,725.5,23.565522730350494,0.3125,0,1.8107960573760753,0.4993606871742204,0,10.394237469954888,0.06179288037347294,,,,,,,,,,,,,,,,0,722,1382,182.00390625,365.69921875,41,41,4096,4096,4096,8.298661380991689,10.15568418399198,,,,,,,,,0.8571428571428572,-1,0.34162725838766056,0,0,1,,,,0.00015023717423900962,2,1.0003191232681274,,,,,,2.3661038875579834,0.014748084358870983,0.5124907493591309,0.006582141853868961,0.9921399354934692,,,,,,,,,,,,,0.014628849996370263,0.0022688476327061835,0.0002130799985025078,0.6858336980076274,0.06665378771884889,0.005130699995788746,0.07867267198162153,0.007586615315574363,0.00065308999910485,0,0,0,,,,,1,0.40234375,0,103
2,1474.114871961,1787515406.791839,0.3359375,1.9081958235744878e-17,107.69432139396667,0.2414342314004898,0.8571428656578064,-1,0.5,0.1540689766407013,0.036845024675130844,1.028641700744629,0.806313157081604,0.3491346836090088,0,0,0.232681006193161,0.023361653089523315,1.0236366987228394,0.22365115582942963,0.06524229049682617,0.053857944905757904,0.2417336404323578,0.023361653089523315,1.0004770755767822,0.09384548664093018,0.023361653555184603,1,7.1875,119.125,0.24312450742472339,0.03125,0,1456.03125,0,9.46662915476792,0.0425661223691421,0.34099196776037966,1909.5625,0.4961504999916455,695.78125,0.6868858402594924,0.4576656000818574,2575.03125,0.5877956854263101,826.6875,0.7076560258865356,1.412021743699714,0.2953144671583742,1732.4375,0.5120663887672413,739.40625,24.255594730377197,0.21875,0,1.8070210239033173,0.5030081653343971,0,8.695198995132435,0.04406246225418864,,,,,,,,,,,,,,,,0.00390625,2048,2048,212.21875,421.85546875,49,49,4096,4096,4096,8.398893132005469,8.873984367994126,,,,,,,,,1,-1,0.39285714285714285,0,0,1,,,,0.00016566044359933585,2,1.0000958442687988,,,,,,1.86184561252594,0.015641912817955017,0.7805435657501221,0.006759729236364365,0.9932157397270203,,,,,,,,,,,,,0.016681321008945815,0.002124854238672924,0.000238560009165667,0.6124283870012732,0.05819778218699412,0.003915619992767461,0.038298150000628084,0.007315301539449592,0,0,0,0,,,,,1,0.3359375,0,86
3,1596.344577533,1787515507.0143251,0.42578125,4.336808689942018e-18,88.26402807235718,0.2747938632965088,1,-1,0.6875,0.17900803685188293,0.04447203502058983,1.015620231628418,0.8254563808441162,0.47887587547302246,0,0,0.2034502625465393,0.029633546248078346,1.0300769805908203,0.34490716457366943,0.04431048035621643,0.037587352097034454,0.20771048963069916,0.029633546248078346,1.0000393390655518,0.15538573265075684,0.029633546946570277,1,7.21875,143.09375,0.20952118613833062,0.03125,0,1697.75,0,20.356959571634974,2.744280009979322e-05,0.3529202545916548,2335.90625,0.5137166985233786,852.3125,0.7840728349983692,0.4624616890166636,3081.78125,0.599754131720555,997.8125,0.77522430755198,1.0820639316244112,0.30984290970538675,2103.96875,0.5306514231857593,891.90625,23.44665104150772,0.28125,0,1.9991955124924243,0.4603506664959963,0,18.923772498258543,3.6557457224283536e-05,,,,,,,,,,,,,,,,0,1040,1580,190.46875,394.34375,47,47,4096,4096,4096,9.440700574996299,8.785316875990247,,,,,,,,,1,-1,0.35981145856446217,0,0,1,,,,0.00016406890063080937,2,0.9998904466629028,,,,,,1.646183967590332,0.014520608820021152,0.6398670673370361,0.006370085757225752,0.9936105012893677,,,,,,,,,,,,,0.015628660010406747,0.0022837702040305885,0.00018171999545302242,0.6519638479949208,0.06260805733950292,0.007076989000779577,0.025933950004400685,0.007282535738454499,0.0006882199959363788,0,0,0,,,,,1,0.42578125,0,109
4,1687.372918674,1787515629.304401,0.578125,1.474514954580286e-17,110.30264902114868,0.2260138988494873,1,-1,0.59375,0.16108515858650208,0.032480888068675995,1.0216007232666016,0.842700183391571,0.44558072090148926,0,0,0.1860773265361786,0.02142827957868576,1.02165949344635,0.25025475025177,0.009229464456439018,0.005987950600683689,0.18745803833007812,0.02142827957868576,0.9998263120651245,0.2850639820098877,0.021428278763778508,1,7.1875,119.09375,0.1892962208140747,0.03125,0,1523.75,0,13.442623753519776,0.12288212158968459,0.35015590785138073,2085.09375,0.5073240418844384,758,0.678347053937614,0.46477393541884776,2766.09375,0.5979502565775492,888.90625,0.676281520863995,0.9728293257736309,0.2931977180854408,1853.875,0.5145992676985679,793.09375,19.75810408592224,0.25,0,1.8936440630285762,0.5383054010345286,0,13.69115141130515,0.12032675724576128,,,,,,,,,,,,,,,,0.00390625,2048,2048,206.48828125,415.859375,29,29,4096,4096,4096,9.186065540008713,9.205160851997789,,,,,,,,,1,-1,0.39609058951462206,0,0,1,,,,0.00011350522981956601,2,1.0000087022781372,,,,,,2.5820727348327637,0.016129475086927414,0.6133570671081543,0.006877136416733265,0.9947658181190491,,,,,,,,,,,,,0.011096489994088188,0.00239131677790283,0.00020788999972864985,0.6233137079980224,0.07249421177715476,0.003173320001224056,0.023184648001915775,0.007747597508398485,0,0,0,0,,,,,1,0.578125,0,148
5,1793.876715266,1787515720.2652457,0.5234375,1.3877787807814457e-17,79.05346655845642,0.310789555311203,1,-1,0.6875,0.21753531694412231,0.029058260843157768,1.022191047668457,0.8448194265365601,0.5510220527648926,0,0,0.17841842770576477,0.02473544329404831,1.0250439643859863,0.323294460773468,0.06878086924552917,0.06350302696228027,0.17870964109897614,0.02473544329404831,1.0001795291900635,0.11755180358886719,0.0247354427119717,1,7.1875,149.4375,0.18030965669719423,0.03125,0,1651.90625,0,14.783807881148476,0.03814021841743973,0.3862529578288374,2494.8125,0.5609666705315755,907.875,0.671948254108429,0.4941321843658355,3215.46875,0.6442030172491198,1045.125,0.7352056438103318,0.77673955915264,0.3484734294366585,2315.875,0.5888963102316207,965.75,19.06067556142807,0.1875,0,2.1671108352246673,0.4810734753713748,0,12.949441802330718,0.03559149162578924,,,,,,,,,,,,,,,,0,605,1401,207.0703125,416.6328125,50,50,4096,4096,4096,8.558941023002262,8.998850036994554,,,,,,,,,1,-1,0.3912303982179758,0,0,1,,,,9.432183287572116e-05,2,1.000461459159851,,,,,,2.180420160293579,0.015936506912112236,0.6133564710617065,0.006805007345974445,0.9951813817024231,,,,,,,,,,,,,0.015003020002041012,0.0023065419766226114,0.00021030899370089173,0.14182771499326918,0.0568236538202882,0.011738629007595591,0.026667958969483152,0.008543428054508695,0.0008330199925694615,0,0,0,,,,,1,0.5234375,0,134
6,1888.524853502,1787515826.9755304,0.4765625,1.3010426069826053e-18,94.45581984519958,0.29222771525382996,1,-1,0.71875,0.2330774962902069,0.026153648272156715,1.0156755447387695,0.8425045013427734,0.49333620071411133,0,0,0.17964789271354675,0.022769132629036903,1.0230302810668945,0.33520859479904175,0.032455917447805405,0.028392693027853966,0.18022353947162628,0.022769132629036903,1.0005720853805542,0.11299395561218262,0.022769133327528834,1,7.125,149.03125,0.18128048096563376,0.03125,0,1656.5625,0,12.629477870603196,0.03910909575799123,0.4048771595659957,2604.53125,0.5889809750518274,949.15625,0.655320810386911,0.5119053190679175,3320.65625,0.6688702619327694,1081.96875,0.6929690693505108,0.7533089157969695,0.3637910681458245,2402.5,0.6145906572631759,1005.5,18.331606090068817,0.15625,0,1.758894455699065,0.5502175165984037,0,12.60888948833987,0.040523846806711276,,,,,,,,,,,,,,,,0.0078125,1252,2048,215.09375,410.45703125,37,37,4096,4096,4096,9.638126602003467,8.994585527005256,,,,,,,,,1,-1,0.3462628469583092,0,0,1,,,,3.632137304521166e-05,2,0.9998378157615662,,,,,,2.5820770263671875,0.016703682020306587,0.657771110534668,0.007004145998507738,0.9956873655319214,,,,,,,,,,,,,0.008200199998100288,0.0022169235310798285,0.00018956999701913446,0.628996208004537,0.0493754513629483,0.0022122299997135997,0.023949168986291625,0.007374865064662117,0.000656489995890297,0,0,0,,,,,1,0.4765625,0,122
7,1985.389784689,1787515921.7999995,0.44921875,4.336808689942018e-18,82.53417086601257,0.247539684176445,1,-1,0.5625,0.2435768097639084,0.01812627539038658,1.0195512771606445,0.8628787994384766,0.5832343101501465,0,0,0.1557151824235916,0.014210142195224762,1.0143115520477295,0.25965946912765503,0.037095412611961365,0.029932616278529167,0.15491627156734467,0.014210142195224762,0.9997483491897583,0.07561677694320679,0.014210142544470727,1,7.0625,160.1875,0.1569110313668849,0.03125,0,1720.75,0,22.856645790679295,0.06346597367856141,0.41461375631238456,2799.125,0.6024598960454473,1019.0625,0.6045699203386903,0.519309529971151,3532.3125,0.68090894897524,1153.46875,0.8159895520657301,0.5734061919895469,0.36890911858302494,2563.15625,0.6223534106622686,1067.40625,15.917921662330627,0.0625,0,1.6571315551118855,0.5054591924114828,0,21.513135412538638,0.061253044783138325,,,,,,,,,,,,,,,,0,715,1649,193.50390625,393.94921875,48,48,4096,4096,4096,8.93955890100915,9.201579070999287,,,,,,,,,1,-1,0.4172614801981401,0,0,1,,,,0.0001009346597129479,2,1.0001804828643799,,,,,,3.047917127609253,0.017054453492164612,0.5663447380065918,0.007166407536715269,0.9959751963615417,,,,,,,,,,,,,0.00836067899945192,0.0020207325193268844,0.00022317899856716394,0.680485603006673,0.08553461794537043,0.006759430005331524,0.021063470005174167,0.006413361343447832,0.0008721500053070486,0,0,0,,,,,1,0.44921875,0,115
8,2077.020941246,1787516019.1760361,0.3671875,3.0357660829594124e-18,83.21411371231079,0.33394134044647217,1,-1,0.71875,0.2607923150062561,0.028198538348078728,1.0162744522094727,0.8670738935470581,0.5043730735778809,0,0,0.1504911631345749,0.02305179089307785,1.0233194828033447,0.372619092464447,0.053437672555446625,0.04249531775712967,0.15056073665618896,0.02305179089307785,1.0000542402267456,0.04745763540267944,0.023051789263263345,1,7.15625,136.46875,0.1521545897584481,0.03125,0,1548.03125,0,14.23815141755314,0.05288679248770658,0.43043069609796564,2610.875,0.622896973409179,946.3125,0.5909470682963729,0.5340383887559472,3261.53125,0.7004680212526342,1066.25,0.7402138506877236,0.623302754284424,0.3777101867540153,2367.5,0.6422959716024597,993.3125,16.962399423122406,0.15625,0,1.8367494804787121,0.5325085316768953,0,12.810897086514428,0.05508598429122328,,,,,,,,,,,,,,,,0,967,1507,195.75390625,380.19140625,30,30,4096,4096,4096,8.534412656998029,9.525760546996025,,,,,,,,,1,-1,0.30093392047058426,0,0,1,,,,1.995490129047539e-05,2,1.0000241994857788,,,,,,1.466123104095459,0.017320869490504265,0.3100857734680176,0.006986423395574093,0.997208833694458,,,,,,,,,,,,,0.009351760003482923,0.00224966095356649,0.00024164999194908887,0.8155556069978047,0.05903820016845884,0.008829879996483214,0.023306678995140828,0.00712586720624131,0.0008732400019653141,0,0,0,,,,,1,0.3671875,0,94
9,2170.918571792,1787516109.900578,0.42578125,8.673617379884035e-19,77.20701789855957,0.163592129945755,1,-1,0.34375,0.29529762268066406,0.011661816388368607,1.0148134231567383,0.8993079662322998,0.6076445579528809,0,0,0.11167308688163757,0.009753233753144741,1.009800910949707,0.15677769482135773,-0.002577883657068014,-0.0019027735106647015,0.11056111752986908,0.009753233753144741,0.9999133348464966,0.230818510055542,0.009753233985975385,1,7.03125,142.03125,0.11214519737252665,0.03125,0,1566.03125,0,10.014875606737697,0.10759516222144534,0.47159771592905375,2890.40625,0.6836038762906871,1052,0.5091172852553427,0.5746701260569875,3556.625,0.7543689695091824,1163.40625,0.6331632640212774,0.3328899835274889,0.39885724777784215,2534.625,0.6816001327298511,1067.1875,12.206083238124847,0.03125,0,1.6013843292557461,0.6027191549008064,0,10.436483571342706,0.11116934129153144,,,,,,,,,,,,,,,,0,669,1404,195.32421875,390.9140625,40,40,4096,4096,4096,8.489022448993637,9.511507917995914,,,,,,,,,1,-1,0.40168649568578546,0,0,1,,,,3.999760156148113e-05,2,1.0000414848327637,,,,,,1.3863976001739502,0.019843801856040955,0.3332173824310303,0.007596117444336414,0.9977759122848511,,,,,,,,,,,,,0.01350281000486575,0.0021794494140294773,0.00024126000062096864,0.817842507007299,0.09397692270709967,0.0036264299997128546,0.023713189992122352,0.007281235248797202,0.0007336400012718514,0,0,0,,,,,1,0.42578125,0,109
10,2262.79279435,1787516204.4054806,0.5078125,0,81.94301080703735,0.2978343665599823,1,-1,0.6875,0.3740709722042084,0.017135290428996086,1.015965461730957,0.9095205664634705,0.6314854621887207,0,0,0.10042621195316315,0.013798411004245281,1.0138940811157227,0.318767249584198,0.02559395134449005,0.02170512080192566,0.09879502654075623,0.013798411004245281,0.9999285936355591,0.24997377395629883,0.01379841030575335,1,7.0625,144.15625,0.10031269279160727,0.03125,0,1562.59375,0,18.208016778409593,0.06768540595777774,0.5071528677570506,3144.8125,0.739938267711892,1146.6875,0.4447168284095824,0.6041230052041406,3758.5,0.7971043708491399,1237.8125,0.5091528873890638,0.2687576504814999,0.4341892137292395,2754.46875,0.7347812626263074,1151.90625,11.05319207906723,0.0625,0,1.594362693085371,0.6258323166409243,0,15.163194769390534,0.06874022897383132,,,,,,,,,,,,,,,,0,728,1328,219.24609375,491.296875,47,47,4096,4096,4096,9.186879681001301,8.931111191006494,,,,,,,,,1,-1,0.4225771273642583,0,0,1,,,,1.781673745426815e-05,2,1.000104546546936,,,,,,0.8355398178100586,0.018243389204144478,0.39499902725219727,0.007029273081570864,0.9978306889533997,,,,,,,,,,,,,0.009771540004294366,0.001959021164338992,0.00019932999566663057,0.6818429230042966,0.06281259952731943,0.0029181290010455996,0.023650070012081414,0.007724109718594718,0.0005611899978248402,0,0,0,,,,,1,0.5078125,0,130
11,2357.908679347,1787516296.3553019,0.55078125,1.0408340855860843e-17,78.46379828453064,0.3417211174964905,1,-1,0.78125,0.3564971387386322,0.017968015745282173,1.016463279724121,0.8961295485496521,0.7035384178161621,0,0,0.11331307142972946,0.016010668128728867,1.0161395072937012,0.33245572447776794,0.05486781522631645,0.04753455892205238,0.11259457468986511,0.016010668128728867,1.0000308752059937,0.47072315216064453,0.0160106677794829,1,7.03125,171,0.11390823460627358,0.03125,0,1753.96875,0,11.314816380040295,0.022604469725395746,0.48864398766921474,3397.65625,0.7134330430468558,1242.21875,0.4589887885376811,0.5902002584232559,4122.375,0.7764201901554322,1352.78125,0.5033674323931336,0.28718203519391416,0.43484489870491566,3067.1875,0.7252508407497402,1274.4375,12.51396706700325,0.03125,0,1.5181348521142992,0.6255960478517476,0,10.25237368344866,0.026007507152430706,,,,,,,,,,,,,,,,0,809,1359,199.7109375,391.80859375,43,43,4096,4096,4096,8.335626064988901,9.507991777994903,,,,,,,,,1,-1,0.38382473678936924,0,0,1,,,,1.955951847776305e-05,2,1.0000487565994263,,,,,,1.4260663986206055,0.019136464223265648,0.30667662620544434,0.007350195199251175,0.9979357719421387,,,,,,,,,,,,,0.011051028996007517,0.002101675222945687,0.00017952000780496746,0.822090756992111,0.07423262139877806,0.002315329998964444,0.018656758998986334,0.006522735793168977,0.0006667799898423254,0,0,0,,,,,1,0.55078125,0,141
12,2454.211978077,1787516390.9490528,0.45703125,1.734723475976807e-18,81.42632842063904,0.2815183997154236,1,-1,0.65625,0.3800611197948456,0.015106657519936562,1.0205135345458984,0.9125391244888306,0.7556920051574707,0,0,0.0953618735074997,0.011795420199632645,1.011865258216858,0.266368567943573,0.03653862699866295,0.030429916456341743,0.09421606361865997,0.011795420199632645,1.0003083944320679,0.24025213718414307,0.011795419966802001,1,7.03125,143.6875,0.0952999402877235,0.03125,0,1597.6875,0,12.897198729258841,0.0825562774789644,0.51216170779535,3209.46875,0.7474819613307409,1171.875,0.43831765558570623,0.6097907729988441,3850.3125,0.8051405813282023,1268.25,0.5667846389114857,0.2323105606308565,0.44153128161092126,2828.3125,0.7464390782680088,1184.25,10.591801524162292,0.03125,0,1.5360075987292592,0.6311020223721722,0,12.537469055391101,0.09136117194268006,,,,,,,,,,,,,,,,0,814,1348,206.10546875,386.73828125,37,37,4096,4096,4096,8.779923477006378,9.6543320419878,,,,,,,,,1,-1,0.4079878449569951,0,0,1,,,,0,1.8603153228759766,0.9996359944343567,,,,,,1.0354936122894287,0.018991908058524132,0.3511005640029907,0.007300655357539654,0.9979896545410156,,,,,,,,,,,,,0.01104136899812147,0.0020961491250091058,0.00020913999469485134,0.7538314299890772,0.06895260178526996,0.004694820003351197,0.06064356800925452,0.007375479452889522,0.0008231999963754788,0,0,0,,,,,1,0.45703125,0,117
13,2545.669179991,1787516487.7344224,0.42578125,9.107298248878237e-18,82.7313334941864,0.35503506660461426,1,-1,0.6875,0.3779252767562866,0.01337145920842886,1.0159015655517578,0.9139267206192017,0.7280402183532715,0,0,0.09349323064088821,0.00815005786716938,1.0081833600997925,0.298382043838501,0.07958528399467468,0.06294326484203339,0.0925481989979744,0.00815005786716938,0.9996463060379028,0.35505104064941406,0.008150057401508093,1,7,152.0625,0.09420165310000599,0.03125,0,1648.84375,0,14.184291427796563,0.004725417971984205,0.5117299244875887,3335.34375,0.7465974867274996,1218.59375,0.413759077899158,0.6107661557595324,4001.84375,0.8054914629297965,1317.875,0.49949544947594404,0.22875749347019647,0.44382116839685853,2937.1875,0.7485045349528019,1232.59375,11.006547451019287,0,0,1.47596399737567,0.6435562759817854,0,13.60569849556344,0.004681663656237419,,,,,,,,,,,,,,,,0,740,1327,212.6875,405.08984375,41,41,4096,4096,4096,8.855731043993728,9.252305638001417,,,,,,,,,1,-1,0.3771198586061228,0,0,1,,,,3.6732297303387895e-05,2,1.0001808404922485,,,,,,1.1403610706329346,0.018950752913951874,0.3066072463989258,0.007268043700605631,0.9980016350746155,,,,,,,,,,,,,0.009976098997867666,0.0024385243866049677,0.00021675000607501715,0.7805599279963644,0.07941546707354519,0.008012749996851198,0.024395259009907022,0.008409606160967087,0.0009649400017224252,0,0,0,,,,,1,0.42578125,0,109
14,2639.908242724,1787516578.6500242,0.5546875,1.0408340855860843e-17,77.61463713645935,0.275564968585968,1,-1,0.59375,0.3879914879798889,0.013095172122120857,1.0260725021362305,0.9123678803443909,0.7286863327026367,0,0,0.09452760964632034,0.010765748098492622,1.0108239650726318,0.3390752077102661,0.006548821926116943,0.006021036766469479,0.09365583211183548,0.010765748098492622,1.0001106262207031,0.3197031021118164,0.010765748680569232,1,7.0625,163.96875,0.09482403487359024,0.03125,0,1701.5,0,37.60439930629596,0.00294751952566761,0.502975886326616,3413.0625,0.736928113901669,1250.59375,0.4554558899253607,0.6049943113840606,4107.125,0.7979749478053393,1354.21875,0.48527270182967186,0.2119171901602575,0.4477546944782213,3082.875,0.7502645381364947,1281.84375,10.387537717819214,0.0625,0,1.5490387039381046,0.6354377113945145,0,37.15139682809384,0.0031015797431474387,,,,,,,,,,,,,,,,0,661,1335,221.2109375,434.89453125,45,45,4096,4096,4096,8.549867786990944,9.480728809998254,,,,,,,,,1,-1,0.41954786158824037,0,0,1,,,,0,1.8411436080932617,1.000078558921814,,,,,,6.351293563842773,0.019496016204357147,0.9225288033485413,0.007411436643451452,0.9980431795120239,,,,,,,,,,,,,0.012866638993727975,0.0021930695593255223,0.00018041000294033438,0.7067121919972124,0.08848013560970003,0.0024206899979617447,0.054886677986360155,0.007244390934090461,0.000615330005530268,0,0,0,,,,,1,0.5546875,0,142
15,2734.308489639,1787516672.911874,0.48828125,1.3877787807814457e-17,82.07324743270874,0.3171207904815674,1,-1,0.6875,0.3959242105484009,0.015557690523564816,1.020237922668457,0.9225808382034302,0.7415251731872559,0,0,0.08387402445077896,0.014298118650913239,1.014400839805603,0.30286508798599243,0.006844743154942989,0.005963255651295185,0.08244277536869049,0.014298118650913239,0.9999353885650635,0.0017444882541894913,0.014298118418082595,1,7,172.75,0.08387980558929176,0.03125,0,1769.6875,0,37.75325537077178,0.08959931906110213,0.5175231317268143,3617.8125,0.7556423380885224,1323.21875,0.5893082330003381,0.6147020407509086,4329.40625,0.8133104020799841,1428.75,0.4795435555279255,0.19832980186649948,0.45058660004654283,3236.28125,0.7581718524567769,1344.875,10.639037430286407,0,0,1.4542995773441163,0.6214975378197316,0,42.951509422606115,0.08703727350075915,,,,,,,,,,,,,,,,0,748,1350,228.4375,453.7890625,40,40,4096,4096,4096,8.651146311996854,9.120784933998948,,,,,,,,,1,-1,0.42782673395396215,0,0,1,,,,0,1.7076520919799805,1.0000712871551514,,,,,,0.9502562880516052,0.018775129690766335,0.30667924880981445,0.007220079656690359,0.9980570673942566,,,,,,,,,,,,,0.05608740799652878,0.0025912641090712896,0.0002270400000270456,0.7120455519907409,0.05281231420269705,0.005907760001718998,0.06020643799274694,0.008697694230079378,0.0008323299989569932,0,0,0,,,,,1,0.48828125,0,125
16,2826.048345445,1787516767.992661,0.4609375,6.938893903907228e-18,80.83363604545593,0.34400516748428345,1,-1,0.78125,0.38980597257614136,0.01656932756304741,1.0139760971069336,0.9102970361709595,0.656731128692627,0,0,0.09757459163665771,0.016555439680814743,1.0166932344436646,0.4018019139766693,0.04434189200401306,0.0384969562292099,0.09659601002931595,0.016555439680814743,1.0001479387283325,0.3866422176361084,0.016555439215153456,1,7,187.03125,0.09773128975623067,0.03125,0,1827.5,0,25.068646106184094,0.007076016692730242,0.5074327606714844,3659.46875,0.7433498669665382,1341.21875,0.4099217401817441,0.6079718300009571,4410.34375,0.8032280598316539,1453.8125,0.47433513030409813,0.2427051777604013,0.45512852283485644,3354.5625,0.7589504336707135,1387.875,11.946588695049286,0,0,1.4523686467167851,0.6660720222713954,0,22.426223403862146,0.006916171366485108,,,,,,,,,,,,,,,,0,677,1352,223.078125,444.96484375,41,41,4096,4096,4096,9.306479125996702,9.001433558994904,,,,,,,,,0.8571428571428572,-1,0.37627334831616926,0,0,1,,,,0,1.8731050491333008,1.000081181526184,,,,,,0.887810230255127,0.021052097901701927,0.2680549621582031,0.007945765741169453,0.9981080293655396,,,,,,,,,,,,,0.01254583899572026,0.0021023538711233414,0.00025540900242049247,0.6986741519940551,0.05519527393357748,0.004969870002241805,0.05871426800149493,0.007876270406768526,0.0006545299984281883,0,0,0,,,,,1,0.4609375,0,118
17,2918.10378106,1787516858.999073,0.51171875,5.204170427930421e-18,78.92820310592651,0.26546943187713623,0.8571428656578064,-1,0.5,0.4264870882034302,0.010251816362142563,1.0149707794189453,0.917888879776001,0.7418255805969238,0,0,0.08868294954299927,0.0099838487803936,1.0100338459014893,0.230845108628273,0.04679371044039726,0.04069920629262924,0.08766654878854752,0.0099838487803936,0.9999993443489075,0.41155576705932617,0.009983849129639566,1,7,192.15625,0.08903831993173153,0.03125,0,1784.625,0,35.609688796188124,0.04886383123876785,0.5313379061721495,3770.09375,0.7755400986703451,1376.875,0.3790803626179695,0.6264591460596942,4452.84375,0.8301803883382517,1474.6875,0.4744971399195492,0.20581763547447693,0.467702883872014,3393.25,0.7778440908286339,1396.25,11.089942127466202,0,0,1.453546502225374,0.6638269953273749,0,31.192772292537853,0.04495294417430557,,,,,,,,,,,,,,,,0,704,1437,188.7421875,362.87109375,41,41,4096,4096,4096,8.249643175004167,9.619317253003828,,,,,,,,,1,-1,0.43667925930848156,0,0,1,,,,0,1.9597711563110352,1.0003528594970703,,,,,,1.0531507730484009,0.02094741351902485,0.27729809284210205,0.007982137612998486,0.9981068968772888,,,,,,,,,,,,,0.01161259000946302,0.0021774798238993753,0.00020820999634452164,0.7543787600006908,0.059058794210784527,0.0026265800115652382,0.02121096999326255,0.006513417153087175,0.0004865399969276041,0,0,0,,,,,1,0.51171875,0,131
18,3014.591530551,1787516951.2776637,0.38671875,1.5612511283791264e-17,79.95672106742859,0.35728615522384644,1,-1,0.71875,0.4364181160926819,0.013948112726211548,1.0181379318237305,0.9284526109695435,0.7802400588989258,0,0,0.0772608071565628,0.010893940925598145,1.0109535455703735,0.3474920094013214,0.03601742535829544,0.030373163521289825,0.07584568858146667,0.010893940925598145,1.0002026557922363,0.34883713722229004,0.010893941042013466,1,7,148.03125,0.0769869596839418,0.03125,0,1509.9375,0,20.089062515556204,0.04990710886329734,0.5367538593967041,3227.59375,0.7844888626178734,1179.25,0.3697045426815748,0.6304285355103623,3798.96875,0.8364705792612614,1259.34375,0.4666472803801298,0.16294381763125404,0.471163594137162,2878.3125,0.7862235635384881,1192.3125,9.278769820928574,0,0,1.46832329713766,0.6673819978067144,0,18.580373877194553,0.04726163617530104,,,,,,,,,,,,,,,,0,626,1537,228.3984375,470.96875,50,50,4096,4096,4096,9.435668120000628,9.136362575998646,,,,,,,,,1,-1,0.4496313682862204,0,0,1,,,,0,1.7451305389404297,0.99977046251297,,,,,,0.9131075143814087,0.022668296471238136,0.2328038215637207,0.00825387705117464,0.9983142614364624,,,,,,,,,,,,,0.009059520001756027,0.0021569911683059217,0.0001945200056070462,0.6816396829963196,0.06326374457842121,0.005539980003959499,0.027777659008279443,0.007489258860289283,0.0007156799983931705,0,0,0,,,,,1,0.38671875,0,99
19,3111.301652169,1787517047.4239147,0.390625,1.3877787807814457e-17,84.16779088973999,0.385861873626709,1,-1,0.78125,0.4850620627403259,0.014278687536716461,1.02142333984375,0.9348830580711365,0.7730240821838379,0,0,0.06935767829418182,0.0109963184222579,1.0110570192337036,0.36056777834892273,-0.002913166768848896,-0.0058319950476288795,0.0686275064945221,0.0109963184222579,0.9996461868286133,0.4012746810913086,0.010996318305842578,1,7,184.78125,0.0704110537707047,0.03125,0,1827.1875,0,29.099545691932285,0.02411864483096149,0.5540975183357364,4043.21875,0.8112594599318719,1479.59375,0.36171901412308216,0.6447063381798103,4712.875,0.8606320511738195,1571.71875,0.4522583819925785,0.15006379569097894,0.4913036436294937,3626.09375,0.8146573786468654,1495.375,9.534392774105072,0,0,1.412439205447837,0.6442440311285164,0,31.80861739574307,0.02576402782206437,,,,,,,,,,,,,,,,0,754,1513,221.98046875,449.65234375,41,41,4096,4096,4096,9.045114941996871,9.220894680998754,,,,,,,,,1,-1,0.4417613170304636,0,0,1,,,,0,1.9706144332885742,0.9998921751976013,,,,,,0.7310989499092102,0.022778743878006935,0.2559255361557007,0.008324048481881618,0.9983677864074707,,,,,,,,,,,,,0.02001525899686385,0.0021865814335910727,0.00020917999790981412,0.10590142400178593,0.045972278090118834,0.004506880010012537,0.03317073799553327,0.009107508429451627,0.0007539500074926764,0,0,0,,,,,1,0.390625,0,100
20,3213.044396601,1787517144.3031588,0.4453125,1.5612511283791264e-17,84.52202320098877,0.3454209566116333,1,-1,0.75,0.49999547004699707,0.012887366116046906,1.01983642578125,0.9396898746490479,0.6824946403503418,0,0,0.06481415033340454,0.010356309823691845,1.0104100704193115,0.43931102752685547,0.0478285476565361,0.043187208473682404,0.06370245665311813,0.010356309823691845,0.9998903274536133,0.48137950897216797,0.010356310056522489,1,7,186.3125,0.0652122236896834,0.03125,0,1775.84375,0,12.496431291050957,0.045464570800073684,0.5595304584706797,3961.28125,0.8194446927947638,1450.9375,0.32841235492378473,0.650559543387516,4619.15625,0.8695073325586397,1541.8125,0.4349042419344187,0.1348752188929872,0.49695334655910023,3559.96875,0.8227205937478921,1463.65625,8.592799037694931,0,0,1.4409811810092874,0.6887326890598895,0,11.345054307803874,0.04952883744000195,,,,,,,,,,,,,,,,0,927,1325,206.56640625,399.66015625,44,44,4096,4096,4096,8.528819790008129,8.95945215599204,,,,,,,,,1,-1,0.42558483170760664,0,0,1,,,,0,1.6949844360351562,1.0004316568374634,,,,,,0.8583124876022339,0.02401341311633587,0.2548515796661377,0.00876329280436039,0.9983409643173218,,,,,,,,,,,,,0.018716479011345655,0.002427739136010132,0.0002042400010395795,0.6703580030007288,0.0582581891013092,0.004321579006500542,0.06509776499297004,0.007782148002888789,0.0005395100015448406,0,0,0,,,,,1,0.4453125,0,114
21,3315.856522031,1787517246.651918,0.5625,3.469446951953614e-18,89.47744560241699,0.3489128053188324,1,-1,0.75,0.5194694995880127,0.01175785157829523,1.0183038711547852,0.9409379363059998,0.7727470397949219,0,0,0.06363765150308609,0.0076277288608253,1.0076569318771362,0.3219503164291382,0.03815879300236702,0.030329735949635506,0.06228511035442352,0.0076277288608253,1.000382423400879,0.4238770008087158,0.007627729093655944,1,7,168.375,0.06336633594776489,0.03125,0,1652.53125,0,17.63316635956866,0.026143750582816296,0.5722487110372699,3775.625,0.8379937441707199,1381.875,0.34193574637174606,0.6617771363479852,4371.90625,0.8866561247912913,1463.40625,0.3983682282269001,0.12333065399391288,0.5021569448106074,3351.5,0.8344418158089995,1382.90625,8.037577718496323,0,0,1.4082490921647721,0.6818958056774911,0,16.80144546628524,0.030249145476507172,,,,,,,,,,,,,,,,0,1359,1646,198.75390625,355.53515625,39,39,4096,4096,4096,8.235319614992477,8.971397014989634,,,,,,,,,1,-1,0.39285714285714285,0,0,1,,,,0,1.5695266723632812,1.0000931024551392,,,,,,0.5288281440734863,0.0241130031645298,0.14922833442687988,0.00872223824262619,0.9983717799186707,,,,,,,,,,,,,0.010523029995965771,0.0020768764415493024,0.0002284600050188601,0.658043313989765,0.06520199998817588,0.005034659989178181,0.017049040005076677,0.006061033605249122,0.0008509100007358938,0,0,0,,,,,1,0.5625,0,144
22,3400.726822871,1787517348.502971,0.41015625,1.0408340855860843e-17,89.19276213645935,0.30586814880371094,1,-1,0.625,0.5209622383117676,0.00963454507291317,1.0279407501220703,0.9546495079994202,0.7892980575561523,0,0,0.04956287145614624,0.005822473671287298,1.005839467048645,0.2783905267715454,0.026258889585733414,0.023051230236887932,0.04743584245443344,0.005822473671287298,0.9999862909317017,0.5892934799194336,0.00582247378770262,1,6.96875,145.59375,0.0489395478797684,0.03125,0,1590.03125,0,14.276891299345204,0.1007935066215791,0.5722645858313496,3610.71875,0.8396113326109718,1325.90625,0.34791301004588604,0.6651395375443223,4218.75,0.8905783466156725,1410.5,0.3992035426199436,0.09342996387292164,0.4913373517728524,3171.53125,0.8253185729564719,1318.78125,6.912658929824829,0,0,1.394880834981848,0.7010118402748238,0,14.422395690917424,0.10469733487494425,,,,,,,,,,,,,,,,0,866,1662,254.79296875,542.11328125,40,40,4096,4096,4096,10.031044457005919,9.662720537002315,,,,,,,,,1,-1,0.4079878449569951,0,0,1,,,,0,1.8318681716918945,1.0000128746032715,,,,,,0.6861319541931152,0.02363026700913906,0.2596876621246338,0.008550980128347874,0.9984090924263,,,,,,,,,,,,,0.012049488999764435,0.002260940405903966,0.0002284600050188601,0.7203028300136793,0.07550311412563815,0.005408299999544397,0.02471519002574496,0.00850944612142257,0.0006483799952547997,0,0,0,,,,,1,0.41015625,0,105
23,3493.525736725,1787517434.2404876,0.50390625,1.5612511283791264e-17,71.91522669792175,0.31303083896636963,1,-1,0.6875,0.5201514959335327,0.011412902735173702,1.0190486907958984,0.9564633369445801,0.8526725769042969,0,0,0.047061726450920105,0.006399529054760933,1.0064201354980469,0.3539380431175232,0.042182233184576035,0.03917231410741806,0.04528655856847763,0.006399529054760933,1.0000061988830566,0.5035195350646973,0.006399528821930289,1,6.9375,198.625,0.046749490472043825,0.03125,0,2038.34375,0,9.462077998640627,0.1052433667256153,0.5755543505773537,4648.34375,0.8414278660463675,1702.5,0.35176894068717957,0.6682076949034862,5431.5,0.8925628733395261,1811.4375,0.4048706889152527,0.08496255843523245,0.49378144463435925,4091.1875,0.8293024461603764,1697.34375,6.823538959026337,0,0,1.4622707267104447,0.6802186995742032,0,9.348889956826339,0.11134183392819562,,,,,,,,,,,,,,,,0,496,1282,196.3046875,375.95703125,37,37,4096,4096,4096,8.143740491010249,8.609354736006935,,,,,,,,,1,-1,0.41265071458183367,0,0,1,,,,1.9898914615623653e-05,2,0.9997754693031311,,,,,,2.058622360229492,0.025426872074604034,0.3055996894836426,0.009210574440658092,0.9982323050498962,,,,,,,,,,,,,0.010526450001634657,0.0021740810735195737,0.00026709999656304717,0.7805363269872032,0.06757965851187464,0.0031207599968183786,0.027589928009547293,0.007655524308006534,0.0008023709960980341,0,0,0,,,,,1,0.50390625,0,129
24,3587.997528017,1787517527.1901975,0.43359375,6.938893903907228e-18,79.84457755088806,0.33367300033569336,1,-1,0.71875,0.5231572389602661,0.010491836816072464,1.0173673629760742,0.9520227909088135,0.7628331184387207,0,0,0.05188782513141632,0.005277420859783888,1.00529146194458,0.30794811248779297,0.03180072456598282,0.02379174344241619,0.050402820110321045,0.005277420859783888,0.9998726844787598,0.12762939929962158,0.00527742097619921,1,7.03125,154.78125,0.05215373642521598,0.03125,0,1570.4375,0,10.340507252851879,0.09755211034435515,0.583052053975516,3661.09375,0.853046176620028,1339,0.34732927940785885,0.6709460663273827,4226.5,0.8990250125377597,1414.96875,0.44872839003801346,0.09617111402773981,0.5014197642135235,3208.625,0.8377202975617579,1327.375,6.278634339570999,0.03125,0,1.464583117989176,0.6643652820194677,0,9.096556549919192,0.09869008877174631,,,,,,,,,,,,,,,,0,626,1270,231.91796875,448.9921875,37,37,4096,4096,4096,8.727453138999408,9.655273156997282,,,,,,,,,1,-1,0.35445416502284305,0,0,1,,,,0,1.6415214538574219,0.9999995827674866,,,,,,0.9982552528381348,0.02475907653570175,0.2691154479980469,0.00898619182407856,0.9983482956886292,,,,,,,,,,,,,0.009445668998523615,0.0022523640358826924,0.00023474000045098364,0.91910351900151,0.07224831680866828,0.003280549994087778,0.062419517009402625,0.009131073491744246,0.0006660999933956191,0,0,0,,,,,1,0.43359375,0,111
25,3683.456368025,1787517621.9266262,0.484375,1.0408340855860843e-17,81.60728335380554,0.22791455686092377,1,-1,0.46875,0.5263485908508301,0.008784138597548008,1.017751693725586,0.957270622253418,0.829047679901123,0,0,0.04565803334116936,0.0043465811759233475,1.004356026649475,0.22270748019218445,0.03071652725338936,0.028459861874580383,0.04436314105987549,0.0043465811759233475,0.999951183795929,0.36852240562438965,0.004346581408753991,1,7,186.9375,0.04592504992037165,0.03125,0,1855.34375,0,10.86965403969409,0.050849204705982996,0.5785256790167976,4290.21875,0.8463513760027801,1569.5625,0.3630103562027216,0.6700553084824916,4977.5,0.89637821348247,1664.40625,0.4049462825059891,0.08381687407731411,0.5070441882855828,3811.3125,0.8382726092610842,1563.9375,7.236923158168793,0,0,1.3992895609182963,0.6941325796824519,0,9.9739732449782,0.05721868273935064,,,,,,,,,,,,,,,,0,760,1363,203.9765625,379.91796875,38,38,4096,4096,4096,8.530931928995415,9.728562333999434,,,,,,,,,1,-1,0.4503400076042319,0,0,1,,,,0,1.694401741027832,0.9995348453521729,,,,,,0.9827456474304199,0.02433202974498272,0.25400304794311523,0.008887968957424164,0.9983087778091431,,,,,,,,,,,,,0.015596698998706415,0.0023844262651664394,0.00020792000577785075,0.7980159860017011,0.06933510032848744,0.005338218994438648,0.02649894802016206,0.0072649607434414065,0.0006374799995683134,0,0,0,,,,,1,0.484375,0,124
26,3781.601222602,1787517716.5371752,0.5390625,6.938893903907228e-18,82.24359178543091,0.38112974166870117,1,-1,0.78125,0.5149189233779907,0.015517731197178364,1.0155391693115234,0.9560143947601318,0.7773013114929199,0,0,0.04851377010345459,0.005106617696583271,1.0051196813583374,0.4305868148803711,0.07305558025836945,0.06550520658493042,0.0461915098130703,0.005106617696583271,0.9994498491287231,0.3742814064025879,0.005106617580167949,1,7,150.125,0.04828668011436925,0.03125,0,1631.8125,0,11.637485632639464,0.06963014967696088,0.5787981930071867,3747.0625,0.8481681473133267,1374.375,0.35499643720686436,0.6711863711376536,4377.9375,0.8987529360887414,1461.8125,0.4193568807095289,0.094745936748903,0.49582031376590935,3278.9375,0.8302942669715545,1359.8125,7.014501661062241,0,0,1.4130544856824352,0.6768928129833951,0,10.863961876389627,0.0727495171963509,,,,,,,,,,,,,,,,0,753,1405,247.5234375,466.5703125,44,44,4096,4096,4096,8.949420626013307,9.905444534000708,,,,,,,,,1,-1,0.41032590332414487,0,0,1,,,,0,1.8471708297729492,0.999920666217804,,,,,,0.6136560440063477,0.02462289296090603,0.21832942962646484,0.008917829021811485,0.9983536601066589,,,,,,,,,,,,,0.01259900999139063,0.0024379344139333625,0.00022384000476449728,0.8133436249918304,0.06107120675380884,0.0055180589988594875,0.06721386701974552,0.008323422921193924,0.0006043510074960068,0,0,0,,,,,1,0.5390625,0,138
27,3888.061085997,1787517816.2439864,0.46484375,1.214306433183765e-17,85.03345966339111,0.3246613144874573,1,-1,0.65625,0.5086989402770996,0.008615306578576565,1.0164813995361328,0.9587303996086121,0.8265843391418457,0,0,0.0437532439827919,0.005278755445033312,1.0052927732467651,0.3394284248352051,0.060990892350673676,0.05619003251194954,0.04275597631931305,0.005278755445033312,0.9998700618743896,0.5861983299255371,0.005278755212202668,1,6.96875,193.625,0.04436775344305138,0.03125,0,1980.1875,0,9.969294155488564,0.05865897584743836,0.5757436713368407,4571.71875,0.8452491386100239,1679.0625,0.35255810618400574,0.668970000494164,5340.71875,0.896422565858457,1786.71875,0.39358023181557655,0.07602585249570282,0.49725533387065063,4028.15625,0.8315894454091068,1666.8125,6.6097221076488495,0,0,1.4171522905128824,0.6915558404754503,0,9.483887919270522,0.05950113833108165,,,,,,,,,,,,,,,,0,985,1919,261.0625,455.3125,48,48,4096,4096,4096,8.804095961997518,9.088927208998939,,,,,,,,,1,-1,0.36157958448779615,0,0,1,,,,1.4962892237235792e-05,2,0.9998750686645508,,,,,,0.7890303134918213,0.024016255512833595,0.21833229064941406,0.008755325339734554,0.9983692765235901,,,,,,,,,,,,,0.010172239009989426,0.0020031243437870216,0.00020683000911958516,0.6866819919960108,0.07221069204257446,0.004235030006384477,0.023321886983467266,0.005968396480852789,0.000671180008794181,0,0,0,,,,,1,0.46484375,0,119
28,3991.800437297,1787517921.610628,0.5078125,1.1275702593849246e-17,92.55161428451538,0.25783634185791016,1,-1,0.5625,0.5186352729797363,0.007282653357833624,1.0174341201782227,0.9647210836410522,0.8302536010742188,0,0,0.03820774704217911,0.004285295493900776,1.004294514656067,0.258430153131485,0.014718282036483288,0.013666115701198578,0.03650032356381416,0.004285295493900776,0.9997962713241577,0.5035357475280762,0.00428529514465481,1,7.03125,165.03125,0.038154586438564994,0.03125,0,2088.5,0,11.722057244586113,0.07985321390526155,0.5741331981711076,4775.59375,0.8438830758440983,1755.78125,0.36920224875211716,0.6748809046374353,5630.125,0.9011658342866983,1879,0.40726692602038383,0.06973590254699849,0.48565243806567315,4103.0625,0.8235489298857681,1726.9375,6.718886286020279,0.03125,0,1.4498222108321372,0.6866332759747317,0,10.26916830456582,0.0890425795975763,,,,,,,,,,,,,,,,0,1158,1818,273.48046875,464.85546875,42,42,4096,4096,4096,8.984871399996337,10.691700532988762,,,,,,,,,1,-1,0.421065218662557,0,0,1,,,,1.4283469681686256e-05,2,0.9999183416366577,,,,,,1.5422650575637817,0.02372668869793415,0.5277482271194458,0.008739548735320568,0.9983072876930237,,,,,,,,,,,,,0.010380178995546885,0.0019641274178638923,0.00022909999825060368,0.8471174579899525,0.061843294366781265,0.0031603499955963343,0.025334448990179226,0.006603616433892512,0.00060168000345584,0,0,0,,,,,1,0.5078125,0,130
29,4095.818387126,1787518025.5276144,0.55859375,6.938893903907228e-18,90.58418011665344,0.3404994010925293,1,-1,0.71875,0.4973488450050354,0.0106975007802248,1.0163612365722656,0.9641633629798889,0.8475642204284668,0,0,0.03874904662370682,0.005416939966380596,1.0054316520690918,0.31790342926979065,0.046555086970329285,0.043060772120952606,0.03702414035797119,0.005416939966380596,0.9997177124023438,0.5102639198303223,0.005416939849965274,1,7.03125,168.34375,0.03871654937707999,0.03125,0,2187.84375,0,9.329078252129467,0.03844616629072784,0.5715539893756711,4988.59375,0.8421683044172262,1840.4375,0.39285572804510593,0.6744150406981373,5900.375,0.9010981149588655,1970.625,0.4320518635213375,0.07590573065127058,0.4836541308450806,4272.28125,0.819265217429396,1799.65625,7.049465924501419,0.03125,0,1.5419267356543451,0.692065303289261,0,8.863763229361792,0.03826121685277544,,,,,,,,,,,,,,,,0,965,1828,300.46875,507.51171875,44,44,4096,4096,4096,9.50957306100463,9.556773907999741,,,,,,,,,1,-1,0.3968948351945155,0,0,1,,,,0,1.7013788223266602,0.9998444318771362,,,,,,0.5314388275146484,0.023422904312610626,0.22780561447143555,0.008607032708823681,0.9983581900596619,,,,,,,,,,,,,0.01660899000125937,0.0019895595656294063,0.00022525999520439655,0.9726551429921528,0.07551830803078019,0.004416219991981052,0.024235880016931333,0.007119762304739652,0.0005627899954561144,0,0,0,,,,,1,0.55859375,0,143
30,4200.625069405,1787518129.4067192,0.53125,1.214306433183765e-17,91.17513179779053,0.2875209152698517,1,-1,0.59375,0.4885997176170349,0.0070959944278001785,1.016693115234375,0.9636387825012207,0.8014287948608398,0,0,0.03946901112794876,0.00540359690785408,1.005418300628662,0.29356974363327026,0.019725382328033447,0.017138320952653885,0.03762376680970192,0.00540359690785408,0.9998651146888733,0.601262092590332,0.0054035966750234365,1,6.96875,198.8125,0.03919904169352153,0.03125,0,2403.75,0,16.460615517014777,0.1263010811349114,0.571578556461228,5459.59375,0.8427007517333567,2016.5,0.36700199265033007,0.6748580007881685,6493,0.9024581869109742,2168.96875,0.4047248549759388,0.07869497019057292,0.4837348569508245,4742.75,0.8228461669481865,1995.875,6.8063013553619385,0,0,1.4414984122885977,0.6997720784339597,0,16.535654059950872,0.13353846999251578,,,,,,,,,,,,,,,,0,1084,1813,324.859375,517.26953125,45,45,4096,4096,4096,9.114566844989895,9.733923292995314,,,,,,,,,1,-1,0.4255848317076066,0,0,1,,,,0,1.6971921920776367,0.9999041557312012,,,,,,0.5329980850219727,0.0234239362180233,0.25946974754333496,0.008521512150764465,0.9984056949615479,,,,,,,,,,,,,0.011506480004754849,0.0020001086027718884,0.00020090000180061907,0.7086045830073999,0.06168888490668678,0.006516199006000534,0.022736309008905664,0.006230467469606538,0.0006699700024910271,0,0,0,,,,,1,0.53125,0,136
31,4308.656091012,1787518233.792891,0.546875,6.938893903907228e-18,92.10123133659363,0.37426266074180603,1,-1,0.8125,0.49774593114852905,0.008876497857272625,1.0103178024291992,0.9604188203811646,0.8379549980163574,0,0,0.04225664958357811,0.006230449303984642,1.0062499046325684,0.3357120454311371,0.01769864559173584,0.0162398349493742,0.04098827391862869,0.006230449303984642,0.9999039173126221,0.5868415832519531,0.006230448838323355,1,7,195.8125,0.04248999001840283,0.03125,0,2598.875,0,11.378952809886236,0.05865183857920998,0.5674007173365364,5890.59375,0.8390743183271003,2178.40625,0.3351568216457963,0.6710915737905319,6995.09375,0.8980824308549138,2338.625,0.42326798290014267,0.08801700708087196,0.48165731412777746,5068.03125,0.8186835253169709,2144,7.3196223974227905,0,0,1.4237800074128342,0.6849331709985019,0,11.585530419960426,0.06016895233048391,,,,,,,,,,,,,,,,0,1022,1830,318.40234375,487.44140625,38,38,4096,4096,4096,9.379677736011217,9.738746981995064,,,,,,,,,1,-1,0.3711537444790451,0,0,1,,,,0,1.6812877655029297,0.999849259853363,,,,,,0.6808457374572754,0.02360743284225464,0.21905064582824707,0.008713419549167156,0.9983134865760803,,,,,,,,,,,,,0.008685089997015893,0.0021443327191832395,0.00027271998987998813,0.7169501930038678,0.06478297647282716,0.004398630000650883,0.01995672899647616,0.006067894933607931,0.0005078909889562055,0,0,0,,,,,1,0.546875,0,140
32,4427.196439292,1787518342.2775116,0.5703125,1.3010426069826053e-17,95.84517049789429,0.2641311585903168,1,-1,0.59375,0.5011634826660156,0.007204421795904636,1.0169706344604492,0.9606921672821045,0.8735547065734863,0,0,0.04132843762636185,0.00447425851598382,1.0044842958450317,0.23299553990364075,0.007205650210380554,0.0066950563341379166,0.04052452743053436,0.00447425851598382,0.9999840259552002,0.506187915802002,0.004474258632399142,1,6.96875,181.71875,0.04196577783082889,0.03125,0,2547.21875,0,15.407392948226885,0.06852428477816687,0.5677288588420693,5752.5625,0.8406454515858364,2129.90625,0.3375478498637676,0.6758658381470979,6872.4375,0.9039917033592676,2296.65625,0.4342947881668806,0.08649158906956354,0.47946165124204165,4907.375,0.8187250348271272,2088.25,7.275187432765961,0,0,1.427739054041214,0.6648228994407294,0,13.66143005446348,0.07691079920824001,,,,,,,,,,,,,,,,0,1294,1954,317.3671875,475.05078125,51,51,4096,4096,4096,8.757502218999434,9.257271249996847,,,,,,,,,1,-1,0.39609058951462206,0,0,1,,,,0,1.7996654510498047,0.999907374382019,,,,,,0.6186013221740723,0.023957394063472748,0.146484375,0.008858542889356613,0.9983237385749817,,,,,,,,,,,,,0.00862489000428468,0.0020882313277752473,0.0001991299941437319,0.6773058940016199,0.061118320402442805,0.005641609997837804,0.020845668972469866,0.006096366820713683,0.0007342099997913465,0,0,0,,,,,1,0.5703125,0,146
33,4542.196336696,1787518461.0741982,0.49609375,8.673617379884035e-18,105.00562238693237,0.31655991077423096,1,-1,0.65625,0.5012442469596863,0.008284122683107853,1.0235176086425781,0.9600369930267334,0.894904613494873,0,0,0.04267342761158943,0.004213528707623482,1.0042223930358887,0.2737841010093689,0.029505781829357147,0.027320409193634987,0.041286811232566833,0.004213528707623482,0.9997918605804443,0.5386967658996582,0.004213528474792838,1,7,196.9375,0.04294029890815465,0.03125,0,2538.9375,0,14.34146620261481,0.0738262017736448,0.5753572540528856,5805.59375,0.8517734298097499,2150.5,0.32642590068280697,0.682143355805436,6912.5,0.9124821205750546,2309.78125,0.42766374349594116,0.09360891427394805,0.4842027421975187,4994.1875,0.827109302029674,2114.6875,7.37503120303154,0,0,1.4403461943806526,0.6764114014476256,0,14.6550674438839,0.07787134882921747,,,,,,,,,,,,,,,,0.00390625,1438,2048,431.75390625,667.28125,48,48,4096,4096,4096,11.2027132469957,9.580973056989023,,,,,,,,,1,-1,0.42333105682606065,0,0,1,,,,0,1.6928691864013672,1.0002943277359009,,,,,,0.5795618295669556,0.02269730158150196,0.21311664581298828,0.00840285886079073,0.998369038105011,,,,,,,,,,,,,0.01010700999177061,0.0018416723627865395,0.00020263101032469422,0.8554536270094104,0.08055157337128094,0.003080000009504147,0.0592779860162409,0.007116218703743016,0.0005788690032204613,0,0,0,,,,,1,0.49609375,0,127
34,4656.183403717,1787518575.5932405,0.53125,6.938893903907228e-18,101.85958886146545,0.334972083568573,1,-1,0.78125,0.4873971939086914,0.008484779857099056,1.013702392578125,0.9537673592567444,0.8414640426635742,0,0,0.04824751615524292,0.00743147823959589,1.0074591636657715,0.3097788691520691,-0.017518965527415276,-0.0169734638184309,0.04770098626613617,0.00743147823959589,1.000252604484558,0.5601439476013184,0.00743147823959589,1,7,264.09375,0.048805068025144144,0.03125,0,3454.03125,0,14.537870415092373,0.00046334343105574455,0.562310720497188,7715.25,0.8344676732666622,2865.5,0.3563180295750499,0.6738719276039993,9280.9375,0.9006414499808837,3099.03125,0.44421857967972755,0.10457047019815799,0.48503129702431863,6684.8125,0.822983108318758,2835.375,8.822754919528961,0,0,1.4557034723644047,0.6771836900829475,0,14.287062962028386,0.00045617536613143633,,,,,,,,,,,,,,,,0.01171875,1366,2048,395.82421875,594.7578125,35,35,4096,4096,4096,10.159584164997796,9.782751899998402,,,,,,,,,1,-1,0.3779644730092272,0,0,1,,,,0,1.6844654083251953,1.0000988245010376,,,,,,0.8414489030838013,0.022511418908834457,0.48720645904541016,0.008338144980370998,0.9983693361282349,,,,,,,,,,,,,0.010024489994975738,0.0018449181330879583,0.00021594000281766057,0.8113338789989939,0.04997760741781576,0.00637027999619022,0.02379543900315184,0.006680614331457946,0.000748499995097518,0,0,0,,,,,1,0.53125,0,136
35,4771.418419382,1787518690.105001,0.484375,1.9081958235744878e-17,100.19706678390503,0.2852833867073059,1,-1,0.65625,0.4804738759994507,0.00755879282951355,1.0141448974609375,0.9599419236183167,0.8912835121154785,0,0,0.04225483164191246,0.00514557957649231,1.0051589012145996,0.30676424503326416,3.1832605600357056e-06,-0.0003140261396765709,0.04130767658352852,0.00514557957649231,1.0001018047332764,0.43108534812927246,0.00514557957649231,1,7,234.15625,0.042583280076679955,0.03125,0,3166.59375,0,18.494442661974894,0.06745953058410457,0.5641568518639031,7077.34375,0.8356789872653081,2624.90625,0.37680994207039475,0.6718491982617304,8488.90625,0.8994080945597924,2835.84375,0.435261856764555,0.08896137691782227,0.4769434899332876,6062.75,0.8163336793204654,2585.875,7.358508288860321,0,0,1.4291781308176617,0.6680858615618018,0,16.898767396897888,0.07122857593747696,,,,,,,,,,,,,,,,0.00390625,1388,2048,379.1875,582.3359375,49,49,4096,4096,4096,10.524142922993633,9.512470861009206,,,,,,,,,1,-1,0.40563631041430526,0,0,1,,,,0,1.8484487533569336,0.9998186826705933,,,,,,0.6469414234161377,0.0231662355363369,0.34626150131225586,0.008630027994513512,0.9983063340187073,,,,,,,,,,,,,0.00726786999439355,0.0016439036718907118,0.00019956000323873013,0.7992321490019094,0.08364494406305312,0.007349379011429846,0.018823939986759797,0.005539046765420608,0.0006863199960207567,0,0,0,,,,,1,0.484375,0,124
36,4887.442817161,1787518804.8406608,0.59765625,1.5612511283791264e-17,101.37895512580872,0.3184801936149597,1,-1,0.6875,0.4910202622413635,0.009521412663161755,1.0142488479614258,0.9593955278396606,0.8844156265258789,0,0,0.043243907392024994,0.005179594270884991,1.0051929950714111,0.3003584146499634,0.030674193054437637,0.027989685535430908,0.041917480528354645,0.005179594270884991,0.9998972415924072,0.523643970489502,0.005179594620130956,1,7,210.5,0.04343234003632164,0.03125,0,3033.5,0,8.16840853729144,0.025599753257634306,0.5709881445181361,6861.3125,0.8466902531023661,2546.5,0.3271908676251769,0.679523305218187,8213.21875,0.909582701441197,2746.09375,0.4337550066411495,0.09154546334858488,0.4799549546503219,5837.625,0.8238871010736266,2496.8125,7.6317750215530396,0,0,1.4866287433078924,0.6752269147581597,0,7.87853744332408,0.02552670332285827,,,,,,,,,,,,,,,,0.00390625,1388,2048,354.59375,526.27734375,55,55,4096,4096,4096,9.2022391819919,9.960969644002034,,,,,,,,,1,-1,0.3854827347307661,0,0,1,,,,0,1.688002586364746,0.9998478889465332,,,,,,0.7046358585357666,0.023555278778076172,0.17435050010681152,0.008781196549534798,0.9982967972755432,,,,,,,,,,,,,0.009370538988150656,0.0019463946046016645,0.0002562000008765608,0.8408963879919611,0.05192318520266781,0.009967368998331949,0.06763808698451612,0.006182882327550487,0.0005713800055673346,0,0,0,,,,,1,0.59765625,0,153
37,5001.215227562,1787518921.1905067,0.58984375,1.474514954580286e-17,102.8992702960968,0.29136979579925537,1,-1,0.6875,0.48686718940734863,0.007594631519168615,1.0156116485595703,0.9600001573562622,0.887178897857666,0,0,0.041933514177799225,0.00494303647428751,1.0049552917480469,0.24236290156841278,0.014624509029090405,0.013609124347567558,0.04118555039167404,0.00494303647428751,0.9999001026153564,0.49428892135620117,0.004943036823533475,1,7,206.75,0.042701971024070126,0.03125,0,2836.75,0,53.83137962382699,0.0243822464781785,0.5722227109635905,6445.4375,0.8461645310950425,2386.9375,0.3534708507359028,0.6792095053337335,7683.0625,0.9098873134333336,2571.59375,0.4243498109281063,0.08517365855720896,0.48352211921569427,5487.59375,0.8270375392142336,2342.65625,7.680217027664185,0,0,1.444209989901237,0.6686028237354626,0,57.22541805492126,0.02330763774168335,,,,,,,,,,,,,,,,0.0078125,1451,2048,406.0078125,614.63671875,47,47,4096,4096,4096,10.516559733005124,9.450465143003385,,,,,,,,,1,-1,0.415730240243672,0,0,1,,,,0,1.7766447067260742,1.0002199411392212,,,,,,0.6826026439666748,0.021782005205750465,0.3564004898071289,0.008253190666437149,0.9982923865318298,,,,,,,,,,,,,0.015294969998649321,0.0019220201638745493,0.00021229000412859023,0.16584189400600735,0.04860010422231653,0.007032309003989212,0.07519115701143164,0.007533673184070722,0.0007464999944204465,0,0,0,,,,,1,0.58984375,0,151
38,5120.194573271,1787519034.226044,0.46484375,1.3877787807814457e-17,100.92642784118652,0.3348785638809204,1,-1,0.75,0.45917949080467224,0.00885652657598257,1.0088891983032227,0.9593197703361511,0.8659782409667969,0,0,0.0423969030380249,0.005629011895507574,1.0056449174880981,0.28821760416030884,0.026450669392943382,0.024157008156180382,0.04189591854810715,0.005629011895507574,1.0002754926681519,0.5052990913391113,0.005629012011922896,1,7,226.40625,0.0429526587710443,0.03125,0,3248.0625,0,7.622987723529802,0.011908435686531688,0.5625794772773386,7241.0625,0.8328987084104129,2686.25,0.3415388222783804,0.6737747964600381,8729.21875,0.8993080576021738,2910.53125,0.42995309829711914,0.08298640094562663,0.47645275325729103,6189.5,0.8178616624572961,2653.96875,7.5251423716545105,0,0,1.4709940022490027,0.6833818771187798,0,7.304036434573541,0.012410312403747712,,,,,,,,,,,,,,,,0.015625,1305,2048,427.6640625,647.55078125,42,42,4096,4096,4096,10.851944538997486,9.67915095500939,,,,,,,,,1,-1,0.4203072248549936,0,0,1,,,,1.8267841369379312e-05,2,0.9995784163475037,,,,,,2.507434129714966,0.023131918162107468,0.297565221786499,0.008661334402859211,0.9982883334159851,,,,,,,,,,,,,0.0115571789938258,0.001857321526870237,0.00020073000632692128,0.6842396239953814,0.058217947269554315,0.0032465999975102022,0.0168932889791904,0.005905700590631113,0.0006383400032063946,0,0,0,,,,,1,0.46484375,0,119
39,5239.344331714,1787519153.7180698,0.66796875,8.239936510889834e-18,106.85055804252625,0.3511814475059509,1,-1,0.71875,0.48078733682632446,0.008243417367339134,1.0156784057617188,0.9671846628189087,0.8659839630126953,0,0,0.03492434322834015,0.004410235211253166,1.0044200420379639,0.3279516100883484,0.021178340539336205,0.01967833749949932,0.03371496871113777,0.004410235211253166,0.9996652603149414,0.08147704601287842,0.004410234862007201,1,7.0625,235.75,0.035478231550867705,0.03125,0,3421.3125,0,9.60179760776612,0.028562860488914307,0.5710365976052425,7736.71875,0.8454649463578374,2870.375,0.3775273887440562,0.6786743249773304,9252.375,0.9094680383575523,3095.4375,0.4664060901850462,0.06950630598310316,0.47653311517534636,6560,0.8234653378622651,2819.40625,7.4640074372291565,0.0625,0,1.486059264058483,0.6583217611060714,0,9.336627670982786,0.027857885200312158,,,,,,,,,,,,,,,,0.01171875,1583,2048,372.2421875,559.1171875,49,49,4096,4096,4096,9.956185693998123,9.254234521999024,,,,,,,,,1,-1,0.40327106395129336,0,0,1,,,,0,1.70587158203125,0.9998033046722412,,,,,,0.7056512832641602,0.022391902282834053,0.29782652854919434,0.00849622767418623,0.9982532858848572,,,,,,,,,,,,,0.011312799993902445,0.001908779581640374,0.00025163999816868454,0.7557376909971936,0.06590416463285464,0.005911029991693795,0.02335731797211338,0.0059276894058371,0.0005865200073458254,0,0,0,,,,,1,0.66796875,0,171
40,5356.706220075,1787519272.8959885,0.4609375,6.071532165918825e-18,105.36385345458984,0.313671350479126,1,-1,0.71875,0.45850151777267456,0.008481894619762897,1.014286994934082,0.9667508006095886,0.8717851638793945,0,0,0.03552306070923805,0.004472421482205391,1.004482388496399,0.23806951940059662,0.023231660947203636,0.022007618099451065,0.03423918038606644,0.004472421482205391,0.9996985197067261,0.4937872886657715,0.004472421365790069,1,6.96875,197.125,0.03589520444626431,0.03125,0,2977.9375,0,16.1218467835295,0.0925352823466769,0.5664296902887918,6662.75,0.8397688802515997,2473.4375,0.3399382457137108,0.6753441805978908,7991.75,0.904781773276212,2673.3125,0.41013769432902336,0.06881689964047057,0.469805303256585,5607.25,0.8121290369622589,2416.0625,6.745142698287964,0,0,1.417624439512061,0.6819473256571877,0,17.42725330491659,0.10221944324147797,,,,,,,,,,,,,,,,0.00390625,1541,2048,398.890625,594.39453125,49,49,4096,4096,4096,10.38522319799813,9.646384065999882,,,,,,,,,1,-1,0.37627334831616926,0,0,1,,,,0,1.694894790649414,0.9999910593032837,,,,,,0.5276203155517578,0.02241612784564495,0.26831626892089844,0.008513144217431545,0.9982813000679016,,,,,,,,,,,,,0.009406670011230744,0.0017482360316307677,0.00025293100043199956,0.19653440300317015,0.05478092534775669,0.004989109002053738,0.07371031798538752,0.006028712374870793,0.0005589000065810978,0,0,0,,,,,1,0.4609375,0,118
41,5474.214673661,1787519391.1098444,0.48828125,1.1275702593849246e-17,102.52658247947693,0.29361140727996826,1,-1,0.59375,0.4604090452194214,0.006877025589346886,1.0108757019042969,0.9692047834396362,0.8595409393310547,0,0,0.03292638063430786,0.003396834246814251,1.003402590751648,0.20828652381896973,0.003729688934981823,0.00249539315700531,0.031648900359869,0.003396834246814251,0.999973475933075,0.6094756126403809,0.0033968343632295728,1,7,202.625,0.03304929592858704,0.03125,0,3191.125,0,23.531276897466967,0.05133015467480067,0.5690211146764327,7177.03125,0.8430163947480347,2665.84375,0.35806988552212715,0.6780548215206577,8614.4375,0.9081679195000094,2881.25,0.40355249866843224,0.05617853057016588,0.47203740501138425,6067.25,0.820448645347184,2622.5625,6.2006595730781555,0,0,1.4728892453868188,0.6880031860892386,0,23.65893351225745,0.054552326705605725,,,,,,,,,,,,,,,,0.0078125,1265,2048,436.42578125,673.92578125,49,49,4096,4096,4096,11.758586044001277,9.681372874998488,,,,,,,,,1,-1,0.4079878449569951,0,0,1,,,,0,1.851130485534668,1.0001015663146973,,,,,,0.6381615400314331,0.022622738033533096,0.17517900466918945,0.008541329763829708,0.9982700943946838,,,,,,,,,,,,,0.00924467999720946,0.0017369242233371551,0.00022356999397743493,0.9507818029960617,0.06248662542964212,0.0034756310051307082,0.019124810001812875,0.0059294540657788275,0.0005766599933849648,0,0,0,,,,,1,0.48828125,0,125
42,5591.366910152,1787519507.7501023,0.63671875,1.3444106938820255e-17,103.84652614593506,0.3257559835910797,1,-1,0.6875,0.46141794323921204,0.008143836632370949,1.015456199645996,0.9689550995826721,0.8985557556152344,0,0,0.03297852724790573,0.004545914474874735,1.0045562982559204,0.2746518552303314,0.023189717903733253,0.021676985546946526,0.03180689364671707,0.004545914474874735,1.0000648498535156,0.5282611846923828,0.004545914474874735,1,7,238.25,0.03315999275870592,0.03125,0,3491.40625,0,30.882052670703537,0.05452249013807248,0.5649311075940207,7809.0625,0.8382374201446701,2903.875,0.36653255484998226,0.6751274485316637,9374.4375,0.9044338857941688,3138.96875,0.44712083786726,0.05700481900669737,0.4733978576790451,6642.40625,0.8185442026815535,2859.34375,6.363563358783722,0,0,1.4670770462010512,0.6637293947378204,0,27.000821316507352,0.054518617435378,,,,,,,,,,,,,,,,0.0078125,1508,2048,334.515625,472.984375,50,50,4096,4096,4096,9.14576240599854,10.471986734002712,,,,,,,,,1,-1,0.40327106395129336,0,0,1,,,,0,1.7851858139038086,1.0000650882720947,,,,,,0.6251951456069946,0.0221956055611372,0.3090324401855469,0.008531169965863228,0.9981887340545654,,,,,,,,,,,,,0.006983810002566315,0.0016942530422738855,0.00019642000552266836,0.837367637999705,0.07356071174183398,0.0036136599956080317,0.06507800600957125,0.005360598304150699,0.00046718999510630965,0,0,0,,,,,1,0.63671875,0,163
43,5701.941376686,1787519624.833672,0.65625,1.0408340855860843e-17,104.57449436187744,0.30840080976486206,1,-1,0.6875,0.45412740111351013,0.009874807670712471,1.0154800415039062,0.9745745062828064,0.9147739410400391,0,0,0.027765367180109024,0.003802293911576271,1.0038095712661743,0.20706811547279358,-0.02191755548119545,-0.020947717130184174,0.026039697229862213,0.003802293911576271,0.9999806880950928,0.5351557731628418,0.003802294027991593,1,6.96875,168.03125,0.027448954145331786,0.03125,0,2676.125,0,17.149423250455403,0.14737431398571987,0.5677284257362889,5979.3125,0.842252031155819,2222.5625,0.3448511762544513,0.6793113097592345,7204.375,0.9096033698692212,2408.09375,0.3998561790212989,0.04399878116643563,0.4667101852840225,5032.25,0.8151920827147241,2181.15625,5.034584403038025,0,0,1.4280036639035338,0.6839593506213543,0,14.833882585531349,0.15762293869874547,,,,,,,,,,,,,,,,0.00390625,1388,2048,383.1484375,582.109375,39,39,4096,4096,4096,10.905062186997384,9.481212543003494,,,,,,,,,0.8571428571428572,-1,0.41649656391752143,0,0,1,,,,1.0195134564128239e-05,2,1.0001181364059448,,,,,,1.3691625595092773,0.02206989750266075,0.24448680877685547,0.008473212830722332,0.9981931447982788,,,,,,,,,,,,,0.008997099997941405,0.0018821415662273466,0.00021273999300319701,0.7149867730040569,0.05297156744467202,0.00760041999456007,0.016587350008194335,0.0058035674531424775,0.0006867299962323159,0,0,0,,,,,1,0.65625,0,168
44,5819.974333902,1787519735.9728096,0.578125,1.3877787807814457e-17,97.30568981170654,0.3479273319244385,0.8571428656578064,-1,0.71875,0.43688535690307617,0.00761264655739069,1.0145130157470703,0.968995213508606,0.8895688056945801,0,0,0.03321174904704094,0.004062687046825886,1.0040709972381592,0.31572359800338745,0.05038046836853027,0.04587594419717789,0.031837064772844315,0.004062687046825886,0.9999794363975525,0.5894608497619629,0.004062687279656529,1,7,210.125,0.033203117562409123,0.03125,0,3065.1875,0,9.992074519270755,0.06620740931980071,0.5623425301288013,6808.875,0.832600756009214,2527.0625,0.3640700802206993,0.6723635059975229,8187.1875,0.8997932499613036,2737.21875,0.39660616870969534,0.05327208926287924,0.4664516627895003,5789.09375,0.8109650296010694,2492.84375,6.298946738243103,0.03125,0,1.5209252487346512,0.6801105551687161,0,9.565973876910597,0.0724583168256562,,,,,,,,,,,,,,,,0,1262,1882,356.3828125,540.37109375,44,44,4096,4096,4096,10.68955395600642,9.576511448991369,,,,,,,,,1,-1,0.44031528592635544,0,0,1,,,,1.0960825420625042e-05,2,1.000102162361145,,,,,,0.8541755676269531,0.022205140441656113,0.21581149101257324,0.008538421243429184,0.9981873631477356,,,,,,,,,,,,,0.007867079999414273,0.0018208836136750506,0.0002366800035815686,0.14792513400607277,0.0486124711601974,0.0025467800005571917,0.02411641998332925,0.006066294089805524,0.0006313800113275647,0,0,0,,,,,1,0.578125,0,148
45,5921.393527611,1787519853.8336618,0.55859375,6.938893903907228e-18,103.88573789596558,0.38051122426986694,1,-1,0.78125,0.4400520324707031,0.010543949902057648,1.014627456665039,0.9694806337356567,0.8741011619567871,0,0,0.03255216404795647,0.0046297768130898476,1.0046404600143433,0.36417004466056824,0.05650031194090843,0.05202905833721161,0.03131934255361557,0.0046297768130898476,1.0001959800720215,0.5885195732116699,0.004629776580259204,1,7.03125,200.65625,0.03250028377616562,0.03125,0,2851.0625,0,16.93579557169832,0.06393839729580865,0.564415542913267,6383.125,0.8355730417219889,2368.21875,0.33773530274629593,0.672622851064558,7664.5,0.9016149095406887,2565.25,0.4084292948246002,0.048835832025344285,0.4727378689335455,5436.0625,0.8160336914115686,2339.1875,5.933123350143433,0.03125,0,1.474017278483351,0.6843008707549014,0,17.147407623898516,0.06501141290730034,,,,,,,,,,,,,,,,0.00390625,1388,2048,371.875,586.0078125,43,43,4096,4096,4096,11.048983301996486,10.013374051995925,,,,,,,,,1,-1,0.354454165022843,0,0,1,,,,0,1.788437843322754,1.0001871585845947,,,,,,0.7557950019836426,0.022140255197882652,0.25812292098999023,0.008466260507702827,0.9982017874717712,,,,,,,,,,,,,0.007793960001436062,0.0015699310742434136,0.00021503999596461654,0.8800276760011911,0.0633644006245504,0.004661700004362501,0.020671310994657688,0.006128450272854025,0.0006748799933120608,0,0,0,,,,,1,0.55859375,0,143
46,6032.023423218,1787519955.5769684,0.6015625,0,86.9502112865448,0.2398911714553833,1,-1,0.59375,0.4380188584327698,0.005812753923237324,1.0231962203979492,0.9709656834602356,0.8763813972473145,0,0,0.031163008883595467,0.003427231451496482,1.003433108329773,0.22173312306404114,0.00872982107102871,0.008556904271245003,0.02976195514202118,0.003427231451496482,1.000145435333252,0.4696369171142578,0.003427231451496482,1,7,202.46875,0.03098670125242952,0.03125,0,2975,0,13.771902362028367,0.10325982206288363,0.5652713486482476,6648,0.836024844930423,2465.71875,0.3498297445476055,0.6752955485567169,8003.65625,0.9042361424951677,2674.84375,0.4156365804374218,0.04970368884876357,0.47031908852564036,5629.1875,0.8141115017158533,2425.53125,6.077802926301956,0,0,1.4562601844061662,0.6660046613132907,0,14.26937220808912,0.10526853880841867,,,,,,,,,,,,,,,,0,1063,1723,263.421875,413.4765625,37,37,4096,4096,4096,8.647519851001562,9.83320971899957,,,,,,,,,1,-1,0.331200660553418,0,0,1,,,,0,1.9850826263427734,1.0001472234725952,,,,,,0.8531348705291748,0.022088008001446724,0.17134523391723633,0.008638571947813034,0.9980988502502441,,,,,,,,,,,,,0.007799810002325103,0.001780689437680394,0.00020640000002458692,0.9488817030069185,0.07330089270305962,0.005434099002741277,0.015000160012277775,0.004683262054982151,0.0004501100047491491,0,0,0,,,,,1,0.6015625,0,154
47,6145.744237928,1787520065.1046197,0.5859375,4.336808689942018e-18,96.29296731948853,0.22856038808822632,1,-1,0.53125,0.4270544648170471,0.007405017036944628,1.0227909088134766,0.9764202833175659,0.8861174583435059,0,0,0.026990143582224846,0.0024216468445956707,1.002424716949463,0.23629045486450195,0.018575627356767654,0.01711614429950714,0.024195032194256783,0.0024216468445956707,0.9998962879180908,0.42607712745666504,0.002421646728180349,1,6.9375,139.34375,0.025705478810558534,0.03125,0,2107.375,0,8.951059449362605,0.20797026583373907,0.5615358279682721,4704.875,0.8288252512683165,1742.8125,0.3352689975872636,0.6619392967228817,5613.6875,0.8892001093433948,1881.5,0.41976706124842167,0.03569399055025698,0.4608109440101616,3975.03125,0.8009991780047975,1709.3125,4.660196006298065,0,0,1.4736239847249277,0.6716296584749081,0,8.532034240003064,0.21344345265108217,,,,,,,,,,,,,,,,0.00390625,1114,2048,341.34765625,585.3515625,33,33,4096,4096,4096,10.597002547001466,10.248682200006442,,,,,,,,,1,-1,0.38959686123698983,0,0,1,,,,0,1.9681520462036133,1.0001249313354492,,,,,,0.6770949363708496,0.021910447627305984,0.3775336742401123,0.008486299775540829,0.9981480240821838,,,,,,,,,,,,,0.009525369998300448,0.0017531202775558086,0.00018121000903192908,0.8431678479973925,0.052883543894381546,0.004988740009139292,0.06504673800372984,0.007243734152268644,0.0006490100058726966,0,0,0,,,,,1,0.5859375,0,150
48,6240.821075095,1787520179.990939,0.453125,1.474514954580286e-17,101.6399884223938,0.28373241424560547,1,-1,0.625,0.43117615580558777,0.00712880352512002,1.0165681838989258,0.9713147878646851,0.8743228912353516,0,0,0.030669327825307846,0.003632776904851198,1.0036393404006958,0.24426713585853577,0.008978012949228287,0.008171631954610348,0.029364101588726044,0.003632776904851198,1.000212550163269,0.5467805862426758,0.0036327767884358764,1,7,201.6875,0.030535758227398076,0.03125,0,2730.78125,0,10.082390097543714,0.09816049396253329,0.5625477683879088,6086.8125,0.8326848323775616,2258.21875,0.36346776224672794,0.6706469051753241,7319.5,0.897646490134584,2445.28125,0.4268410261720419,0.04448768257977832,0.4710664358767068,5187.25,0.812500677501376,2223,5.270467698574066,0,0,1.4696043342711818,0.6781943250632638,0,9.666352765141134,0.10555891238917267,,,,,,,,,,,,,,,,0,1362,2022,287.84765625,479.71484375,43,43,4096,4096,4096,9.106644253988634,9.205181009994703,,,,,,,,,1,-1,0.40720550896397784,0,0,1,,,,0,1.7767143249511719,1.0000457763671875,,,,,,0.5747654438018799,0.02134900912642479,0.2302539348602295,0.008316315710544586,0.9981483817100525,,,,,,,,,,,,,0.012192120004328899,0.0019713787149839845,0.00021145000937394798,0.7016924240015214,0.06405826214819399,0.003276199000538327,0.023826179021853022,0.0065512125546547395,0.0006902000022819266,0,0,0,,,,,1,0.453125,0,116
49,6743.741974909,1787520274.283548,0.640625,1.3877787807814457e-17,81.53579759597778,0.29151394963264465,1,-1,0.65625,0.41429662704467773,0.009863008745014668,1.0217313766479492,0.9721159934997559,0.8779182434082031,0,0,0.03008848801255226,0.0034921960905194283,1.0034983158111572,0.26040685176849365,-0.019383708015084267,-0.019913682714104652,0.028658229857683182,0.0034921960905194283,1.000159502029419,0.6089439392089844,0.00349219620693475,1,7,162.28125,0.029814402704819422,0.03125,0,2302.78125,0,7.002649052390677,0.1262860271173405,0.5573269927859005,5087.6875,0.824047599632695,1888.25,0.3439489984884858,0.6630568784192942,6121.71875,0.8901029211679572,2048.90625,0.4096595924347639,0.046018321118583366,0.46132968839611177,4307.0625,0.8011495566876876,1853.625,5.2286072969436646,0,0,1.4444995321234773,0.6846809605953699,0,6.634210079345996,0.12580912995936827,,,,,,,,,,,,,,,,0,815,1611,230.68359375,385.453125,38,38,4096,4096,4096,8.978911539001274,10.285179778991733,,,,,,,,,1,-1,0.4040610178208843,0,0,1,,,,1.6933367078308947e-05,2,1.000251054763794,,,,,,0.7295613288879395,0.02176632359623909,0.13250112533569336,0.008543587289750576,0.9980951547622681,,,,,,,,,,,,,0.009948620005161501,0.0019025418161504604,0.00021133999689482152,0.8554160180065082,0.05737745280833906,0.00727283900778275,0.02103534000343643,0.005553105261526525,0.0006653900054516271,0,0,0,,,,,1,0.640625,0,164
50,6847.038792314,1787520778.8905728,0.5625,7.37257477290143e-18,488.9613358974457,0.3253880739212036,1,-1,0.6875,0.4129760265350342,0.008528054691851139,1.01708984375,0.9758167862892151,0.8663148880004883,0,0,0.02620251290500164,0.003844847436994314,1.0038522481918335,0.24968266487121582,0.011026968248188496,0.010128965601325035,0.02475762739777565,0.003844847436994314,1.000327229499817,0.5862059593200684,0.003844847436994314,1,6.96875,128.4375,0.025726967855217567,0.03125,0,1845.46875,0,7.460797835257523,0.14095526865141805,0.5563091269040281,4106.25,0.8227841069320199,1521.1875,0.3394269235432148,0.6605856533651662,4916.21875,0.8870785476992381,1647.15625,0.3901379555463791,0.03141011485722601,0.45877844692365927,3450.53125,0.7987518227419061,1488.34375,3.838164746761322,0.03125,0,1.4292365081570075,0.6976744323148328,0,7.792949881316662,0.14713810468663657,800,50,0.45249998569488525,0.4525,404.68705472600413,0,1245,1803,277.0874938964844,484.67,35,35,4096,4096,4096,0,955,1731,234.578125,408.87890625,36,36,4096,4096,4096,2.040845514841938,9.545311687004869,1,9.436895709313831e-18,-1,0.257283443020379,0.17,0.31,0.52,0.4525,1,-1,0.30514299090419755,0,0,1,3.880936856148765e-06,2,0.9998566615581512,3.330446998006664e-05,2,1.000047206878662,1.2129170894622803,0.02185589972883463,0.3042628765106201,0.00864962538704276,0.998007880449295,0.8280515670776367,0.021356327459216118,0.43961334228515625,0.0084854019805789,0.9980184435844421,37.811628433002625,3.1783666658198855,0.00023683099425397813,41.36637792899273,1.444922252608667,0.0007141800015233457,4.132177412000601,0.5590331314804462,0.0006196399917826056,0,0,0,0.008620049004093744,0.0017908879254378007,0.00021742000535596162,0.7580544009979349,0.0729516876560865,0.004613850003806874,0.024659009985043667,0.005119167281065984,0.00046224000107031316,0,0,0,1,0.4525,0,3.62,1,0.5625,0,144
51,6947.596114499,1787520880.3735056,0.53125,1.0408340855860843e-17,88.92778301239014,0.18897444009780884,1,-1,0.5,0.40258586406707764,0.0057340203784406185,1.029484748840332,0.9793809652328491,0.893007755279541,0,0,0.023303523659706116,0.0024900243151932955,1.002493143081665,0.20393064618110657,0.010448153130710125,0.009987389668822289,0.02112017758190632,0.0024900243151932955,1.0005382299423218,0.49122071266174316,0.0024900243151932955,1,7,125.46875,0.02195348829824309,0.03125,0,1876.625,0,12.759773226759773,0.16765003437348341,0.5558665477179128,4152.8125,0.8197650791230185,1538.46875,0.3451194930821657,0.6627821331026906,5005.65625,0.8850236089414174,1670.1875,0.424165066331625,0.03305012668715334,0.4484519612956764,3487.9375,0.787067453188756,1505.3125,4.184812426567078,0.0625,0,1.47550492415357,0.6805401391670407,0,11.121561238350717,0.18106836527346057,,,,,,,,,,,,,,,,0,1058,1854,240.609375,436.28515625,33,33,4096,4096,4096,8.860215852997499,10.217287741004839,,,,,,,,,1,-1,0.3813242232868326,0,0,1,,,,0,1.9496784210205078,1.0001839399337769,,,,,,0.6676645278930664,0.02121061272919178,0.1766822338104248,0.008335740305483341,0.9980751872062683,,,,,,,,,,,,,0.008757499992498197,0.0018070203321371991,0.00018647999968379736,0.8378688779921504,0.07017110608654775,0.0071264889993472025,0.021233999999822117,0.006232289656963985,0.0005336100002750754,0,0,0,,,,,1,0.53125,0,136
52,7049.152575622,1787520982.3538992,0.546875,1.0408340855860843e-17,88.09124565124512,0.28960466384887695,1,-1,0.6875,0.396595299243927,0.00933486595749855,1.0182647705078125,0.9732363224029541,0.8807277679443359,0,0,0.029700681567192078,0.0037987292744219303,1.0038058757781982,0.2652401328086853,-0.023748215287923813,-0.02278650924563408,0.027485044673085213,0.0037987292744219303,1.000230073928833,0.5627999305725098,0.0037987292744219303,1,6.96875,143.6875,0.028584524788335234,0.03125,0,1924.875,0,8.262168692918616,0.16275162274713367,0.5563798747431717,4273.59375,0.8202759415514025,1580.15625,0.3719038888812065,0.6601143218122896,5123.34375,0.8835749787629328,1712.28125,0.45642237924039364,0.03945754091488447,0.45700770233237153,3606.03125,0.7950666550003387,1550.03125,4.130441129207611,0,0,1.434116072388282,0.6866036183124478,0,7.641227058223385,0.17482435830878648,,,,,,,,,,,,,,,,0,993,1789,250.1875,452.4609375,33,33,4096,4096,4096,9.319724606990349,9.387318213004619,,,,,,,,,1,-1,0.36246041303900783,0,0,1,,,,1.561329008836765e-05,2,0.9999676942825317,,,,,,0.9693360328674316,0.021459510549902916,0.19531118869781494,0.008456524461507797,0.9980807304382324,,,,,,,,,,,,,0.006738960000802763,0.0020606157041243023,0.00019964999228250235,0.7676393599977018,0.08624225328895818,0.0076723189995391294,0.017994960013311356,0.005697853231083627,0.0007153900078264996,0,0,0,,,,,1,0.546875,0,140
53,7149.934593011,1787521082.7864215,0.59765625,1.3877787807814457e-17,87.50588870048523,0.27375829219818115,1,-1,0.59375,0.40279436111450195,0.006875954102724791,1.0152921676635742,0.9738406538963318,0.848304271697998,0,0,0.02844594605267048,0.003135206876322627,1.0031400918960571,0.22100777924060822,0.021284447982907295,0.020423434674739838,0.026883432641625404,0.003135206876322627,0.9998575448989868,0.3793342113494873,0.003135206876322627,1,7.03125,138.375,0.028341057061117433,0.03125,0,2001.5,0,12.044844044638134,0.08417271233014958,0.5580113990002791,4466.59375,0.8227653338365712,1651.53125,0.35985177382826805,0.6631377108032261,5343.46875,0.8879837691945269,1787.15625,0.4284142255783081,0.04106881484102113,0.45953892127695994,3744.71875,0.7973271717350574,1611.25,5.273854315280914,0.03125,0,1.4523463723030272,0.6771029221694105,0,11.163388295048446,0.08043061140164529,,,,,,,,,,,,,,,,0,959,1726,224.26171875,419.75390625,32,32,4096,4096,4096,8.82922349400178,10.539997415005928,,,,,,,,,1,-1,0.4095480336135613,0,0,1,,,,0,1.697138786315918,1.0000900030136108,,,,,,0.663851261138916,0.02051452361047268,0.17585539817810059,0.008209848776459694,0.9980565905570984,,,,,,,,,,,,,0.013265569999930449,0.002076922827427552,0.0001923300005728379,0.933999657005188,0.08935116061701365,0.00628394000523258,0.023866000003181398,0.006611745421935211,0.0007026499952189624,0,0,0,,,,,1,0.59765625,0,153
54,7248.155100329,1787521183.469704,0.58984375,3.469446951953614e-18,88.0491988658905,0.3477175831794739,1,-1,0.71875,0.3818300664424896,0.009556562639772892,1.0147056579589844,0.9702692031860352,0.8433189392089844,0,0,0.0321817547082901,0.0036096195690333843,1.003616213798523,0.34234166145324707,0.06923261284828186,0.06366263329982758,0.030635986477136612,0.0036096195690333843,1.000220775604248,0.5148639678955078,0.003609619685448706,1,6.9375,132.1875,0.03165437839919661,0.03125,0,1794.09375,0,15.772273546343058,0.11120365133833726,0.5541141885146145,3980.21875,0.8171797609810983,1470.65625,0.3322388418018818,0.6571657917453333,4766.40625,0.8786175209886453,1591.03125,0.3990015760064125,0.04484371777378527,0.456824974762286,3345.75,0.7910171450741765,1437.625,4.626302182674408,0,0,1.4214319368129371,0.6932872597771649,0,17.14890163800779,0.11922917624502828,,,,,,,,,,,,,,,,0,1059,1855,205.66796875,419.87109375,30,30,4096,4096,4096,8.878676322012325,9.84229993900226,,,,,,,,,0.8571428571428572,-1,0.32829957697946854,0,0,1,,,,1.899299240903929e-05,2,1.0002435445785522,,,,,,0.8668484687805176,0.01928699016571045,0.17117524147033691,0.007705321069806814,0.9980548024177551,,,,,,,,,,,,,0.010346738999942318,0.0022250714257552318,0.00021178000315558165,0.7003552060050424,0.059013448660550694,0.003928940001060255,0.021973880007863045,0.007135366374882324,0.0007928690029075369,0,0,0,,,,,1,0.58984375,0,151
55,7337.818729884,1787521283.185317,0.50390625,3.469446951953614e-18,85.55642414093018,0.20198240876197815,0.8571428656578064,-1,0.46875,0.36269065737724304,0.010433820076286793,1.0175237655639648,0.9717572927474976,0.8532881736755371,0,0,0.030926190316677094,0.0029395981691777706,1.002943992614746,0.19255828857421875,0.020551234483718872,0.017890719696879387,0.029110386967658997,0.0029395981691777706,1.0002315044403076,0.420274019241333,0.0029395981691777706,1,6.96875,122.25,0.03014492554878242,0.03125,0,1645.34375,0,6.561563216847549,0.15411056973249612,0.5473184092661247,3590.5625,0.8061654153829899,1327.375,0.33974009938538074,0.6510071386227179,4322.1875,0.8714096158304181,1442.5,0.41758134961128235,0.044088799170038065,0.4477596451046104,3038.25,0.7827496576894885,1306.78125,4.822650253772736,0.03125,0,1.474194325857935,0.6793495899060147,0,6.806837383780753,0.16942677759057717,,,,,,,,,,,,,,,,0,849,1645,199.38671875,422.87890625,32,32,4096,4096,4096,8.947847110001021,9.571008298997185,,,,,,,,,1,-1,0.30826208038628694,0,0,1,,,,3.9182650652946904e-05,2,1.000166416168213,,,,,,0.8851544857025146,0.018879570066928864,0.1891651153564453,0.007652587257325649,0.9980465769767761,,,,,,,,,,,,,0.012075420003384352,0.0022574318716692687,0.00024123000912368298,0.7419605840113945,0.06920329434757377,0.0088595599954715,0.023564368006191216,0.008046669554460095,0.0005937099922448397,0,0,0,,,,,1,0.50390625,0,129
56,7419.422351187,1787521372.5363867,0.47265625,8.673617379884035e-18,74.19124865531921,0.17847344279289246,1,-1,0.40625,0.3431238532066345,0.013170547783374786,1.0164813995361328,0.9701178073883057,0.8655776977539062,0,0,0.03167827054858208,0.0024647710379213095,1.0024678707122803,0.15940417349338531,0.02099583111703396,0.019835449755191803,0.030679479241371155,0.0024647710379213095,1.0003798007965088,0.41265034675598145,0.0024647710379213095,1,7.0625,123.09375,0.031498136065625584,0.03125,0,1595.09375,0,6.201478776933259,0.11823681708264584,0.5424983393319697,3494.375,0.7990072325657105,1290.5625,0.324428787920624,0.6459128185317532,4177.71875,0.8628945994562844,1396.59375,0.41256173327565193,0.04016606656097818,0.448914218027471,2971.21875,0.7820445882951683,1274.90625,4.409911036491394,0.0625,0,1.4439312819853498,0.6728070567793232,0,6.187077546077379,0.12017844117952778,,,,,,,,,,,,,,,,0,613,1409,126.06640625,267.546875,33,33,4096,4096,4096,8.654547329992056,10.980648480006494,,,,,,,,,1,-1,0.2845960259019505,0,0,1,,,,0,1.4778060913085938,0.9996582865715027,,,,,,0.5347375869750977,0.01839577592909336,0.1524486541748047,0.007469284348189831,0.9980427622795105,,,,,,,,,,,,,0.014230810003937222,0.0020355165857495194,0.00022450998949352652,0.7601025129988557,0.07236703848838033,0.00426549999974668,0.01787653901556041,0.005680790699500449,0.0007518310012528673,0,0,0,,,,,1,0.47265625,0,121
57,7505.479803367,1787521453.4829726,0.5625,5.204170427930421e-18,66.5238835811615,0.15868473052978516,1,-1,0.375,0.3449956178665161,0.00993206538259983,1.0224618911743164,0.9745495319366455,0.8222918510437012,0,0,0.028541324660182,0.0025818226858973503,1.0025850534439087,0.13917885720729828,-0.001233191229403019,-0.0013760654255747795,0.026192495599389076,0.0025818226858973503,0.9996145963668823,0.5858216285705566,0.0025818226858973503,1,6.90625,67.21875,0.02775057084984799,0.03125,0,1008.53125,0,6.931052009605777,0.18529451839414662,0.5381997920119324,2177.78125,0.7897373685441222,801.46875,0.3108654711395502,0.6306558378799691,2571.09375,0.8456915822620692,860.53125,0.3763966206461191,0.03228817933496165,0.4331325317258169,1815.71875,0.7642132245226545,785.5,3.3205315470695496,0,0,1.3740501551960458,0.7003306007306669,0,6.451996727652684,0.19769831332997062,,,,,,,,,,,,,,,,0,505,1165,117.29296875,288,32,32,4096,4096,4096,8.298175633011851,10.636038131997338,,,,,,,,,1,-1,0.2966651379613598,0,0,1,,,,0,1.6808509826660156,0.9998546838760376,,,,,,0.5747557878494263,0.01653446815907955,0.13070058822631836,0.006737594027072191,0.9981387853622437,,,,,,,,,,,,,0.008612279998487793,0.0023068289099228423,0.00023947999579831958,0.8907400089956354,0.057105404554192774,0.002409349996014498,0.020342749965493567,0.006190546292543786,0.000846251001348719,0,0,0,,,,,1,0.5625,0,144
58,7589.331077283,1787521540.68809,0.43359375,5.204170427930421e-18,72.35358309745789,0.16998803615570068,1,-1,0.375,0.31462857127189636,0.009133785963058472,1.035757064819336,0.9786648750305176,0.8918590545654297,0,0,0.02448500320315361,0.0026483293622732162,1.0026518106460571,0.18815013766288757,0.01577547937631607,0.015692949295043945,0.021845445036888123,0.0026483293622732162,0.9997491240501404,0.5628418922424316,0.002648329478688538,1,6.75,59.375,0.023180697650986182,0.03125,0,938.34375,0,5.7279821710351015,0.32846782607904157,0.5362318458933939,2005.1875,0.7832940751431954,735.3125,0.28885711543262005,0.6281598741446118,2375.375,0.8374374337182674,789.84375,0.3728570770472288,0.020800909486064834,0.42178493869012723,1654.875,0.7516857995033144,720.09375,2.234247148036957,0,0,1.3960957830031753,0.7068537673819867,0,5.499707812205152,0.3431635420151734,,,,,,,,,,,,,,,,0,389,1209,135.296875,354.14453125,31,31,4096,4096,4096,8.659964370992384,10.218836945990915,,,,,,,,,1,-1,0.25877458475338283,0,0,1,,,,0,1.6292753219604492,1.0001369714736938,,,,,,0.6903917789459229,0.01607908308506012,0.12522077560424805,0.006630128715187311,0.9981691241264343,,,,,,,,,,,,,0.012184870007331483,0.002239271847145119,0.0002153999957954511,0.8682918700069422,0.062008889770197584,0.008773590001510456,0.02674610700341873,0.00784741481970741,0.0006266599957598373,0,0,0,,,,,1,0.43359375,0,111
59,7679.5181335,1787521624.4403408,0.51171875,2.168404344971009e-17,69.33005261421204,0.13439077138900757,1,-1,0.3125,0.3217155635356903,0.007339713629335165,1.0200634002685547,0.9725646376609802,0.8899354934692383,0,0,0.02969902753829956,0.0014936071820557117,1.0014947652816772,0.11192112416028976,0.026827238500118256,0.024613305926322937,0.028172567486763,0.0014936071820557117,0.9999978542327881,0.5013794898986816,0.0014936071820557117,1,6.90625,78.1875,0.029217080951569867,0.03125,0,1082.375,0,9.119050084696024,0.2238311470657512,0.5381667631440044,2322.78125,0.7901690588512584,854.40625,0.2815914284437895,0.6307564499057723,2747.71875,0.8444574621057686,917.03125,0.3679445367306471,0.029799234162992475,0.43550443432519237,1950.4375,0.7640354402801353,840.03125,2.9327210187911987,0,0,1.3733062573382642,0.698999074060854,0,9.282511970906235,0.22355430663077946,,,,,,,,,,,,,,,,0,327,1231,120.0703125,338.5078125,31,31,4096,4096,4096,8.370621629990637,11.223337081013597,,,,,,,,,1,-1,0.3243911093675884,0,0,1,,,,0,1.681288719177246,1.0000066757202148,,,,,,0.528551459312439,0.013948341831564903,0.13528966903686523,0.0057895430363714695,0.998252809047699,,,,,,,,,,,,,0.01160162899759598,0.002334916198890369,0.00021490000654011965,0.8503605910082115,0.051019164316244314,0.007571890004328452,0.05976367901894264,0.007215316906467706,0.00078806999954395,0,0,0,,,,,1,0.51171875,0,131
60,7759.062070985,1787521714.0308902,0.4375,5.204170427930421e-18,75.8564887046814,0.20862019062042236,1,-1,0.4375,0.2892548441886902,0.009758105501532555,1.0293407440185547,0.9735798239707947,0.8184499740600586,0,0,0.029198043048381805,0.002572547411546111,1.0025758743286133,0.19489070773124695,0.03753240406513214,0.03504358232021332,0.02716061845421791,0.002572547411546111,0.9999775886535645,0.5894570350646973,0.002572547411546111,1,7,58.125,0.0281319658803098,0.03125,0,960.5625,0,6.1451340124188985,0.20088865043000387,0.5250709659851969,2020.375,0.7688027215314062,741.375,0.30648064240813255,0.6240644376181266,2412.53125,0.8292797042893598,800.375,0.3956463970243931,0.027948759295068293,0.41650856958077775,1657.75,0.7442739911993306,727.21875,3.067085564136505,0,0,1.3756904967734715,0.7238564497069864,0,5.955102761016588,0.20092717474382954,,,,,,,,,,,,,,,,0,362,1227,136.1484375,424.78125,31,31,4096,4096,4096,9.864779557989095,11.03175038799236,,,,,,,,,1,-1,0.331200660553418,0,0,1,,,,0,1.747603416442871,0.9999745488166809,,,,,,0.5919599533081055,0.013547493144869804,0.18420040607452393,0.005579011514782906,0.9982951879501343,,,,,,,,,,,,,0.011442499991972,0.002228707683457287,0.00021915999241173267,0.8254739409894682,0.06629837421849061,0.004952720002620481,0.031182107006316073,0.008749542734392435,0.0007350499945459887,0,0,0,,,,,1,0.4375,0,112
61,7834.089414366,1787521792.8140073,0.58203125,2.0816681711721685e-17,65.71571159362793,0.20750200748443604,1,-1,0.5,0.2762935757637024,0.009713861159980297,1.0414438247680664,0.9745315909385681,0.9067568778991699,0,0,0.027882790192961693,0.002950423862785101,1.0029548406600952,0.24963325262069702,0.03962802141904831,0.038891568779945374,0.026040825992822647,0.002950423862785101,0.9999313354492188,0.5532417297363281,0.002950423862785101,1,6.9375,73.21875,0.02696766040715138,0.03125,0,1089.1875,0,4.968767499213543,0.18696675504813123,0.5254812970172535,2286.84375,0.7712458145861916,841.40625,0.2872012034058571,0.6204147136230953,2719.125,0.8268043976151529,904.4375,0.3676076717674732,0.02329908991003645,0.4215523615463864,1891.125,0.7488862638105718,825.6875,2.727780282497406,0,0,1.3395438215358677,0.7003275468024199,0,4.689679605492821,0.1914360695156883,,,,,,,,,,,,,,,,0,281,1045,103.93359375,272.1953125,31,31,4096,4096,4096,8.128245439002058,10.542735934999655,,,,,,,,,1,-1,0.34162725838766056,0,0,1,,,,0,1.6518983840942383,0.9996102452278137,,,,,,0.5223455429077148,0.013326448388397694,0.1353311538696289,0.005603762809187174,0.9982353448867798,,,,,,,,,,,,,0.012310849997447804,0.0023764149840417303,0.0002363399980822578,0.9003240689926315,0.06547135761360323,0.004360999999335036,0.019416406998061575,0.0062662903434898,0.000691930006723851,0,0,0,,,,,1,0.58203125,0,149
62,7915.97147868,1787521867.957445,0.484375,4.7704895589362195e-18,62.15322279930115,0.2236844301223755,1,-1,0.53125,0.2797229588031769,0.012088247574865818,1.0520124435424805,0.9771220088005066,0.9047718048095703,0,0,0.025589950382709503,0.002373141935095191,1.0023759603500366,0.17259663343429565,0.024092603474855423,0.0235365629196167,0.02339634671807289,0.002373141935095191,0.9996306300163269,0.5931258201599121,0.002373141935095191,1,6.9375,50.0625,0.02460120249579585,0.03125,0,831.46875,0,9.881531761586814,0.20606370550922606,0.5246734071899288,1731.375,0.7672028296570645,634.90625,0.30039827711880207,0.6192117632616265,2062,0.821788819855551,683.03125,0.3470293693244457,0.02198647798273677,0.41283820952835676,1404.34375,0.7390691336239237,618.5,2.659234941005707,0,0,1.3200284799363222,0.7279392275330105,0,10.20361153491699,0.2121446623926948,,,,,,,,,,,,,,,,0,272,1068,82.98046875,200.609375,32,32,4096,4096,4096,7.900721725993208,9.760123271000339,,,,,,,,,1,-1,0.24222607082590242,0,0,1,,,,0,1.601919174194336,1.0002102851867676,,,,,,0.5237946510314941,0.01404336467385292,0.13463497161865234,0.006009598728269339,0.998063862323761,,,,,,,,,,,,,0.010569969992502593,0.002080320930247126,0.00026508999872021377,0.7422881840029731,0.056276809507380676,0.006998989993007854,0.08375284798967186,0.0055619046556216745,0.0007853399874875322,0,0,0,,,,,1,0.484375,0,124
63,7995.336421721,1787521949.533778,0.57421875,5.204170427930421e-18,68.75750946998596,0.11079532653093338,1,-1,0.28125,0.2774731516838074,0.008624396286904812,1.0133953094482422,0.9845355749130249,0.8966288566589355,0,0,0.017803281545639038,0.000689174747094512,1.0006895065307617,0.1251419335603714,0.030435072258114815,0.029254209250211716,0.015779191628098488,0.000689174747094512,1.0004935264587402,0.5922675132751465,0.000689174747094512,1,6.8125,30.125,0.016197793079658553,0.03125,0,663.84375,0,6.605914001086193,0.3871438351740025,0.5291437843716056,1393.5,0.7711449636279386,509.6875,0.26153592206537724,0.6232804054087782,1654.15625,0.8261861739645131,547.875,0.3274338096380234,0.014444880224717536,0.39765619639375976,1086.15625,0.7319097010272714,488.78125,1.7974914908409119,0,0,1.3429128327067232,0.7519280947100278,0,5.730998501252932,0.38598224097767886,,,,,,,,,,,,,,,,0,273,1049,116.3203125,331.62109375,26,26,4096,4096,4096,9.121476383996196,9.752008262003073,,,,,,,,,1,-1,0.35981145856446217,0,0,1,,,,0,1.6364784240722656,1.0002774000167847,,,,,,0.5024662017822266,0.011395169422030449,0.12212657928466797,0.004862634930759668,0.9982832670211792,,,,,,,,,,,,,0.011801400003605522,0.0021399997032744977,0.0001873599976534024,0.20606946299085394,0.059041452730184574,0.007688650002819486,0.02238857900374569,0.007546708343397768,0.0005693599960068241,0,0,0,,,,,1,0.57421875,0,147
64,8072.59270224,1787522029.023193,0.44921875,9.540979117872439e-18,66.61889266967773,0.25914961099624634,1,-1,0.59375,0.24262525141239166,0.008808908984065056,1.0173845291137695,0.9763318300247192,0.8974332809448242,0,0,0.025891439989209175,0.002500708680599928,1.0025038719177246,0.24492469429969788,0.044853199273347855,0.04223182424902916,0.02419627085328102,0.002500708680599928,1.0003118515014648,0.6050362586975098,0.0025007087970152497,1,6.90625,52.96875,0.024596196677629998,0.03125,0,930.5625,0,5.482093308579146,0.20786416436393604,0.5156285942740805,1908.21875,0.7546902969948859,701.40625,0.27432144060730934,0.6156021252112664,2302.0625,0.8158182934147555,761.1875,0.3366030342876911,0.02206861537508987,0.4032764209028047,1556.90625,0.7271998693650672,688.71875,2.6220948100090027,0,0,1.3458101327534382,0.7316692253421384,0,4.772865335696157,0.2035319855469735,,,,,,,,,,,,,,,,0,295,1154,108.8515625,324.94140625,31,31,4096,4096,4096,8.596951479994459,9.61579587700544,,,,,,,,,1,-1,0.27548658250966984,0,0,1,,,,0,1.6740407943725586,1.000073790550232,,,,,,0.524254322052002,0.012013631872832775,0.12677574157714844,0.004986976273357868,0.9983323216438293,,,,,,,,,,,,,0.008757810006500222,0.0018923943474646876,0.00023941000108607113,0.8365928210114362,0.08707189206279509,0.0066621000005397946,0.07559071700961795,0.0066589472709210895,0.0006491600070148706,0,0,0,,,,,1,0.44921875,0,115
65,8147.213890974,1787522106.6879508,0.54296875,6.5052130349130266e-18,64.40855932235718,0.14268384873867035,1,-1,0.34375,0.24231670796871185,0.006642217747867107,1.0487804412841797,0.9792380332946777,0.8547120094299316,0,0,0.023675993084907532,0.0016026687808334827,1.0016039609909058,0.13041457533836365,0.02320633828639984,0.022772539407014847,0.02128719352185726,0.0016026687808334827,0.9998089075088501,0.5919952392578125,0.0016026687808334827,1,6.84375,51.3125,0.022282181553247273,0.03125,0,870.8125,0,5.885143511949616,0.28457137119971787,0.5187986689940839,1799.46875,0.7596255489029974,661.625,0.2837930526584387,0.6225148488140121,2176.9375,0.8214045927491895,717.4375,0.35331226140260696,0.0231941074325316,0.40615620125949214,1460.40625,0.7362035338061923,649.625,2.8080968260765076,0,0,1.3469888353364308,0.7163478874705954,0,5.286288300998935,0.28556181292678884,,,,,,,,,,,,,,,,0,263,1144,95.796875,269.64453125,30,30,4096,4096,4096,8.415190618005,9.645275527000194,,,,,,,,,1,-1,0.2435389588747474,0,0,1,,,,0,1.697540283203125,0.9997847676277161,,,,,,0.5291805267333984,0.011018681339919567,0.1268167495727539,0.004763674922287464,0.99826979637146,,,,,,,,,,,,,0.009944379999069497,0.002129681519818405,0.000225650001084432,0.18233711300126743,0.05538755414448815,0.0030408499878831208,0.025188499988871627,0.006278598472874819,0.0006784299912396818,0,0,0,,,,,1,0.54296875,0,139
66,8227.556703348,1787522181.3443744,0.640625,5.637851296924623e-18,61.47462296485901,0.11127959191799164,1,-1,0.28125,0.22884541749954224,0.006058142986148596,1.0326557159423828,0.9849646687507629,0.897824764251709,0,0,0.017787855118513107,0.0010375701822340488,1.0010380744934082,0.1202932819724083,0.016560819000005722,0.015717117115855217,0.015332676470279694,0.0010375701822340488,0.9999613761901855,0.601405143737793,0.0010375701822340488,1,6.875,40.9375,0.01610930077581712,0.03125,0,766.375,0,5.268358185855196,0.32579904171306534,0.5196291319061265,1576.75,0.7567094138980841,576.4375,0.2899354249238968,0.6150391213906495,1887.34375,0.8133530341435219,622.96875,0.3685694318264723,0.014248590679796258,0.3887434488699442,1240.71875,0.7210675854910331,559.03125,2.0857543349266052,0,0,1.3274938449528106,0.733557637766753,0,5.740100120619055,0.3316629831043374,,,,,,,,,,,,,,,,0,258,993,82.62890625,204.2578125,30,30,4096,4096,4096,7.804647652999847,10.10295997900539,,,,,,,,,1,-1,0.24743582965269675,0,0,1,,,,0,1.7000160217285156,1.0000888109207153,,,,,,0.5356197357177734,0.011170101352036,0.13004708290100098,0.00490282429382205,0.9980009198188782,,,,,,,,,,,,,0.011955998998018913,0.002424425839990363,0.00027057999977841973,0.7680148689978523,0.046563403155744254,0.005573789996560663,0.025847289012745023,0.005768171620729845,0.0007094799948390573,0,0,0,,,,,1,0.640625,0,164
67,8305.019872888,1787522262.3450067,0.51171875,8.673617379884035e-18,66.30560326576233,0.12119493633508682,1,-1,0.28125,0.22078046202659607,0.008822575211524963,1.0235872268676758,0.9858149886131287,0.8786659240722656,0,0,0.017307788133621216,0.0010818580631166697,1.001082420349121,0.11940467357635498,0.014549178071320057,0.013590998947620392,0.014484154060482979,0.0010818580631166697,1.0000770092010498,0.5853047370910645,0.0010818580631166697,1,6.84375,31.125,0.01521055633326898,0.03125,0,661.03125,0,3.215099477135254,0.3761566415761391,0.5220528390644299,1361.34375,0.7550920351874797,496.53125,0.2623234875500202,0.6150658235870877,1630.5,0.8110868838792562,536.5625,0.334359098225832,0.012727388063373448,0.3770952601699198,1050,0.7113002583762938,478.0625,1.9562056064605713,0,0,1.344146161129516,0.7252035128740519,0,3.1405040658971,0.37450593813043753,,,,,,,,,,,,,,,,0,264,1006,96.03125,268.62109375,25,25,4096,4096,4096,8.75375271399389,9.900886467992677,,,,,,,,,1,-1,0.21576867809990308,0,0,1,,,,0,1.502786636352539,1.0000981092453003,,,,,,0.4979407787322998,0.01046405453234911,0.1308133602142334,0.0045130508951842785,0.9981749057769775,,,,,,,,,,,,,0.009359488991321996,0.002137578152144215,0.00024382999981753528,0.8269042659958359,0.07433553157409278,0.004559490000247024,0.021047300018835813,0.006872345859562756,0.0006724600098095834,0,0,0,,,,,1,0.51171875,0,131
68,8381.961156009,1787522338.8046854,0.4765625,1.3010426069826053e-18,63.19567108154297,0.09279098361730576,1,-1,0.28125,0.20744456350803375,0.004923725035041571,1.0191402435302734,0.9870842695236206,0.8286170959472656,0,0,0.016109120100736618,0.0010261746356263757,1.0010267496109009,0.09017881751060486,0.012681792490184307,0.012378128245472908,0.013198941946029663,0.0010261746356263757,1.0000277757644653,0.607780933380127,0.0010261746356263757,1,6.8125,37.125,0.013892603876072466,0.03125,0,768.25,0,7.1663416150433745,0.37962962864461536,0.5190232383430206,1575.6875,0.75214023641512,575.09375,0.27795584872365,0.6116731495137975,1883.0625,0.8087328648360528,621.09375,0.33580553717911243,0.014703084347106793,0.3783239997158859,1238.15625,0.708898278726619,557.09375,2.1113121509552,0,0,1.3181464232730495,0.7401573153161747,0,7.007439649629987,0.3904648854090953,,,,,,,,,,,,,,,,0,243,1019,91.48828125,259.13671875,23,23,4096,4096,4096,8.196901076997165,10.764313431995106,,,,,,,,,0.4285714285714286,-1,0.2286830084797446,0,0,1,,,,0,1.4447336196899414,0.9999064803123474,,,,,,0.5323405265808105,0.011219796724617481,0.13048553466796875,0.004803465213626623,0.9982025027275085,,,,,,,,,,,,,0.010697260004235432,0.0020274229845540503,0.00020068899902980775,1.0460104969970416,0.0937890776328345,0.003938149005989544,0.02322544698836282,0.00601756987441604,0.0008419700025115162,0,0,0,,,,,1,0.4765625,0,122
69,8458.335967984,1787522416.0974648,0.66015625,3.469446951953614e-18,62.64908576011658,0.10348201543092728,0.4285714328289032,-1,0.25,0.21493974328041077,0.0055128042586147785,1.0242395401000977,0.9849914312362671,0.8777580261230469,0,0,0.017477113753557205,0.0008455337956547737,1.0008459091186523,0.05666594207286835,0.021190421655774117,0.020847894251346588,0.015347364358603954,0.0008455337956547737,1.0000792741775513,0.5872273445129395,0.0008455337956547737,1,6.90625,32.15625,0.016029620506097398,0.03125,0,731.90625,0,3.4861716981537976,0.34093529264549804,0.521116742269145,1511.5625,0.7561407491721298,550.53125,0.272533418610692,0.6117724587091935,1794.625,0.8089122447487935,592.53125,0.36642278730869293,0.01737015096229136,0.3844186151864606,1172.875,0.7138443843115768,530.46875,2.1391895413398743,0,0,1.3499018246266394,0.7479354883021148,0,3.372424417437462,0.3447207711749329,,,,,,,,,,,,,,,,0,239,929,88.00390625,228.30078125,30,30,4096,4096,4096,8.541616052010795,9.966602564993082,,,,,,,,,0.2857142857142857,-1,0.1731314234791546,0,0,1,,,,0,1.7038345336914062,0.999951183795929,,,,,,0.5328812599182129,0.009439686313271523,0.1334688663482666,0.0041672843508422375,0.9980111122131348,,,,,,,,,,,,,0.010606299998471513,0.002015974300718426,0.0002363399980822578,0.8104393169924151,0.06278187219095344,0.002408249012660235,0.024348040009499528,0.0061442346128046665,0.0005162300076335669,0,0,0,,,,,1,0.66015625,0,169
70,8535.674781289,1787522492.264696,0.546875,5.204170427930421e-18,62.98897337913513,0.05433554947376251,0.2857142984867096,-1,0.1875,0.18001605570316315,0.0016933873994275928,1.0321788787841797,0.9879544973373413,0.8803057670593262,0,0,0.015071384608745575,0.0005086534656584263,1.0005087852478027,0.030033066868782043,0.0030632491689175367,0.003100431989878416,0.01230294443666935,0.0005086534656584263,1.0000889301300049,0.5890984535217285,0.0005086534656584263,1,6.90625,22.6875,0.012916385346453983,0.03125,0,704.03125,0,4.446920676480172,0.3871870958219319,0.5135950563450556,1439.25,0.7423591236488642,521.53125,0.2718835361301899,0.6153820112679794,1732.75,0.8063125978181526,568.15625,0.3426892999559641,0.0116032788368238,0.36873726226668924,1095.75,0.7009285298644217,503.71875,1.8003814220428467,0,0,1.315601329513755,0.7324255692155127,0,4.6594416336141276,0.39231183584747187,,,,,,,,,,,,,,,,0,268,1149,75.45703125,199.83203125,27,27,4096,4096,4096,8.676731836996623,10.331511579992366,,,,,,,,,1,-1,0.21128856368212914,0,0,1,,,,0,1.6942882537841797,1.0000066757202148,,,,,,0.6103509664535522,0.010641781613230705,0.17133522033691406,0.004620853345841169,0.997897207736969,,,,,,,,,,,,,0.009551438997732475,0.0021676899564226915,0.00019546000112313777,0.9402358619990991,0.06928722770732065,0.0033579599985387176,0.018218650002381764,0.004889602390107939,0.000529930999618955,0,0,0,,,,,1,0.546875,0,140
71,8609.44198773,1787522570.153361,0.703125,6.071532165918825e-18,64.27763199806213,0.10504443943500519,1,-1,0.21875,0.18670707941055298,0.00708599342033267,1.023930549621582,0.9895524978637695,0.91943359375,0,0,0.013590310700237751,8.471077308058739e-06,1.0000085830688477,0.106192946434021,0.03939548879861832,0.038102198392152786,0.010632636956870556,8.471077308058739e-06,0.9999388456344604,0.5431594848632812,8.471077308058739e-06,1,6.8125,17.96875,0.011449780605356202,0.03125,0,603.65625,0,3.193820118378785,0.3693850032041006,0.5126586212417805,1235.625,0.7427860710479419,448,0.2757916431874037,0.6102209317899385,1480.71875,0.8057629650175449,487.28125,0.34901516139507294,0.011316240003834336,0.3652867774557642,922.21875,0.6942847540762175,427.09375,1.8489561080932617,0,0,1.357487485035812,0.7351070755261151,0,3.0578813084592533,0.37459649439818454,,,,,,,,,,,,,,,,0,231,1017,88.47265625,261.640625,31,31,4096,4096,4096,8.721952975000022,9.797467812008108,,,,,,,,,1,-1,0.17857142857142858,0,0,1,,,,0,1.7044334411621094,0.9999961256980896,,,,,,0.625124454498291,0.009053179062902927,0.13524675369262695,0.004019195679575205,0.9980061054229736,,,,,,,,,,,,,0.014542169010383077,0.002482533761281047,0.00024178900639526546,0.8125333670031978,0.08640571164420408,0.004321460000937805,0.024438267006189562,0.00687114143704548,0.0008518400136381388,0,0,0,,,,,1,0.703125,0,180
72,8687.591338792,1787522644.306321,0.5859375,8.673617379884035e-19,59.09470295906067,0.061060912907123566,1,-1,0.1875,0.16980838775634766,0.0031071275006979704,1.0174007415771484,0.9894371032714844,0.8898320198059082,0,0,0.0135461101308465,0.00026663835160434246,1.000266671180725,0.08843335509300232,0.0042189364321529865,0.003444093279540539,0.010752804577350616,0.00026663835160434246,1.0000526905059814,0.535193920135498,0.00026663835160434246,1,6.875,22.84375,0.011393361243602155,0.03125,0,707.78125,0,5.878442576714061,0.36891968141025416,0.5116681723416104,1442.34375,0.7452261436554817,526.1875,0.29103535786271095,0.6127815319770565,1737.25,0.8051424969481189,570.25,0.3602651469409466,0.010517696130903852,0.3622503830490853,1088.59375,0.695152865000203,503.90625,1.8495391607284546,0,0,1.3610080408211265,0.7368692302062816,0,6.5722790644900675,0.4021827181596995,,,,,,,,,,,,,,,,0,217,877,70.953125,163.9375,27,27,4096,4096,4096,7.890755649001221,10.462537704006536,,,,,,,,,1,-1,0.20203050891044216,0,0,1,,,,0,1.6569061279296875,0.9998937249183655,,,,,,0.8791935443878174,0.009212179109454155,0.131422758102417,0.004169858992099762,0.9977731108665466,,,,,,,,,,,,,0.0074236600048607215,0.0017338427970230441,0.0002330699935555458,0.959097571001621,0.056529120390507615,0.005839969991939142,0.021298829014995135,0.004634286952864386,0.0006935089913895354,0,0,0,,,,,1,0.5859375,0,150
73,8766.403814587,1787522722.1776972,0.66015625,5.204170427930421e-18,63.37526178359985,0.07452711462974548,1,-1,0.1875,0.15636715292930603,0.011281907558441162,1.0207586288452148,0.9890834093093872,0.7727570533752441,0,0,0.014543522149324417,0.000700279138982296,1.0007004737854004,0.047630663961172104,0.00517438305541873,0.003765385365113616,0.011321542784571648,0.000700279138982296,0.9998553991317749,0.4151175022125244,0.000700279138982296,1,6.84375,16.34375,0.012113510705460944,0.03125,0,567.625,0,3.8361024690597647,0.4643397863731486,0.5061896892980002,1140,0.7327901015633707,414.15625,0.2620943710207939,0.6050021705469979,1378.03125,0.7937254949090924,450.75,0.3367869406938553,0.014764563317025917,0.348477247978759,839.375,0.6768857910161472,393.96875,1.527036726474762,0,0,1.325625841069203,0.7547175685773306,0,3.875468402055643,0.4840354578308893,,,,,,,,,,,,,,,,0,230,979,86.25390625,252.1875,27,27,4096,4096,4096,8.044660813000519,10.681551606001449,,,,,,,,,1,-1,0.165600330276709,0,0,1,,,,0,1.6812334060668945,1.0002604722976685,,,,,,0.5195281505584717,0.008761117234826088,0.17131567001342773,0.003933553118258715,0.9977340698242188,,,,,,,,,,,,,0.008646000002045184,0.002208439848402577,0.00021711000590585172,0.9822945799969602,0.06933927108997295,0.002957139993668534,0.024895347974961624,0.006338883089938463,0.0006362690037349239,0,0,0,,,,,1,0.66015625,0,169
74,8838.852741271,1787522799.834114,0.75390625,5.204170427930421e-18,63.6886305809021,0.05934703350067139,1,-1,0.15625,0.14803485572338104,0.004005865193903446,1.017831802368164,0.9872679710388184,0.8191776275634766,0,0,0.01582597754895687,0.0003694244660437107,1.0003694295883179,0.03471347689628601,-0.001942325383424759,-0.0021403906866908073,0.012992744334042072,0.0003694244660437107,1.0001413822174072,0.6195211410522461,0.0003694244660437107,1,6.84375,23.53125,0.013496531616391248,0.03125,0,690.03125,0,3.16324426339811,0.36492922482384155,0.49676165897893415,1368.40625,0.7195860792205396,497.1875,0.26994947809726,0.6004527896056905,1655.03125,0.7869977647076993,542.28125,0.3287655748426914,0.011278677003914281,0.3546628255515995,1035.46875,0.6773407715593572,478.875,1.650367558002472,0,0,1.3441966584751142,0.7531507229779955,0,3.224121786051743,0.37224978031830597,,,,,,,,,,,,,,,,0,234,1030,90.2734375,285.74609375,27,27,4096,4096,4096,8.279271234001499,10.62499604698678,,,,,,,,,1,-1,0.21279241585380332,0,0,1,,,,0,1.7030105590820312,0.9997161030769348,,,,,,0.7369128465652466,0.008704356849193573,0.21982192993164062,0.003904494224116206,0.9974040985107422,,,,,,,,,,,,,0.00877298999694176,0.0023194349762434285,0.00025317000108771026,0.9747192009963328,0.05279821267987472,0.0032027200068114325,0.02062523899076041,0.007010539534633153,0.000685260005411692,0,0,0,,,,,1,0.75390625,0,193
75,8915.10686332,1787522872.4804597,0.6015625,8.673617379884035e-19,59.850581407547,0.08003600686788559,1,-1,0.21875,0.14465802907943726,0.013273227959871292,1.035675048828125,0.9874812960624695,0.9092955589294434,0,0,0.01539653167128563,0.00094979302957654,1.0009502172470093,0.07125906646251678,0.008971914649009705,0.009039291180670261,0.01275445707142353,0.00094979302957654,0.9995405077934265,0.4785885810852051,0.00094979302957654,1,6.9375,23.96875,0.013930768911417365,0.03125,0,722.1875,0,3.1907834820845826,0.37110884602730787,0.49036488588354366,1415.53125,0.716374787893793,518.28125,0.30921077914536,0.5991963194960236,1737.1875,0.7851760381499528,567.5625,0.36646307818591595,0.01301212010501683,0.35098668018035384,1080.78125,0.6727051696559381,499.84375,2.152282238006592,0,0,1.3191427758667753,0.7068994956073873,0,3.444594545204048,0.35319264859738464,,,,,,,,,,,,,,,,0,218,1124,74.6796875,219.7890625,27,27,4096,4096,4096,7.807883862988092,9.489052894001361,,,,,,,,,0.4285714285714286,-0.7142857142857143,0.13832083379312204,0,0,1,,,,0,1.9165239334106445,0.9999256134033203,,,,,,0.6505131721496582,0.008852575905621052,0.15052294731140137,0.003927388694137335,0.9974974989891052,,,,,,,,,,,,,0.009136578999459743,0.002158360996702413,0.00022048999380785972,0.7673585090087727,0.05254757987125913,0.007103540003299713,0.024066067999228835,0.005188237796971862,0.0005673599953297526,0,0,0,,,,,1,0.6015625,0,154
76,8993.332199511,1787522949.0263782,0.68359375,1.3010426069826053e-18,63.44971418380737,0.03247907757759094,0.4285714328289032,-0.7142857313156128,0.0625,0.13752467930316925,0.003856176044791937,1.0483283996582031,0.9906224012374878,0.922490119934082,0,0,0.013451747596263885,0.0005512544885277748,1.000551462173462,0.0141679672524333,-0.003978066612035036,-0.0038662611041218042,0.009567206725478172,0.0005512544885277748,0.9997586011886597,0.5959305763244629,0.0005512544885277748,1,6.96875,18.625,0.010506918734746844,0.03125,0,597.4375,0,2.872955334766083,0.456300164461573,0.4888449797145752,1165.71875,0.7085492357439884,424.0625,0.299429127946496,0.5882602004382183,1417.03125,0.7734051109464548,463.875,0.33776488713920116,0.008535844804926938,0.33583538759506204,856.65625,0.6572984187330604,405.4375,1.3538134098052979,0,0,1.333867000505304,0.7301864162796738,0,2.6903047865601346,0.4467547976508718,,,,,,,,,,,,,,,,0,222,986,76.4296875,209.8671875,26,26,4096,4096,4096,8.672940557997208,9.643019747993094,,,,,,,,,0.1428571428571429,-1,0.0668153104781061,0,0,1,,,,0,1.6342554092407227,0.9999075531959534,,,,,,0.49118828773498535,0.008053958415985107,0.1353316307067871,0.003767953487113118,0.9977163672447205,,,,,,,,,,,,,0.016456099998322316,0.002162604878606089,0.0002447400038363412,0.7534741390118143,0.07225516780891894,0.004922630003420636,0.02216371797840111,0.0061052082226069615,0.0009141299960901961,0,0,0,,,,,1,0.68359375,0,175
77,9074.755068811,1787523027.4261947,0.72265625,1.734723475976807e-18,64.3831422328949,0.017649270594120026,0.1428571492433548,-1,0.03125,0.13707371056079865,0.0007074553868733346,1.0216178894042969,0.9901279807090759,0.925593376159668,0,0,0.012611344456672668,-9.830808266997337e-06,0.9999901056289673,0.01759977824985981,0.013067858293652534,0.012636331841349602,0.010031551122665405,-9.830808266997337e-06,0.9998886585235596,0.619999885559082,-9.830808266997337e-06,1,6.875,17.53125,0.01069246255603624,0.03125,0,611.4375,0,2.9877455150105963,0.3796396292095621,0.4858407919915136,1183.84375,0.7036389426808104,430.0625,0.31335093080997467,0.588002649653077,1444.25,0.7716300510406475,472.1875,0.3409675918519497,0.008534341766797508,0.3449516773287056,882.1875,0.6659838475876578,415.59375,1.7845007181167603,0,0,1.298607532528338,0.7660561133330803,0,2.893305925042274,0.3779777159536746,,,,,,,,,,,,,,,,0,220,1059,85.578125,242.6484375,24,24,4096,4096,4096,8.761526393005624,9.841196919995127,,,,,,,,,0.7142857142857143,-1,0.13599594831899836,0,0,1,,,,0,1.9876184463500977,1.000441312789917,,,,,,0.6869373321533203,0.008596081286668777,0.1353306770324707,0.003882968332618475,0.997469425201416,,,,,,,,,,,,,0.012929208998684771,0.0024403134182193753,0.0002815400075633079,0.8706442449911265,0.09260347533495406,0.0045888599997852,0.06854114698944613,0.0073753149180220134,0.0007122899987734854,0,0,0,,,,,1,0.72265625,0,185
78,9147.969020967,1787523108.9792206,0.703125,0,68.1227867603302,0.030299510806798935,0.7142857313156128,-1,0.09375,0.13481147587299347,0.00756104476749897,1.0287599563598633,0.9873780012130737,0.9156866073608398,0,0,0.015843812376260757,0.0003519190941005945,1.0003520250320435,0.02800768055021763,-0.003358893794938922,-0.003687805263325572,0.01287679560482502,0.0003519190941005945,1.0002795457839966,0.6167201995849609,0.0003519190941005945,1,6.90625,23.1875,0.013298379805674616,0.03125,0,684.625,0,4.10841072257019,0.3797165551338313,0.48580735753129156,1329.59375,0.7057419845106823,486.21875,0.3129035569727421,0.5886901051573888,1623.25,0.7730717420621629,532.34375,0.3564254865050316,0.014269546766203903,0.3392521262969008,1005.3125,0.6571153382354694,467.71875,1.8939932584762573,0,0,1.3549566591623818,0.7418135575953416,0,3.6135286769837336,0.3940356873374933,,,,,,,,,,,,,,,,0,242,1038,104.8359375,332.26953125,31,31,4096,4096,4096,8.519717942996067,10.09935102199961,,,,,,,,,1,-1,0.15567496226930977,0,0,1,,,,0,1.706284523010254,0.9999419450759888,,,,,,0.8481061458587646,0.007914834655821323,0.17134618759155273,0.0035250976216048002,0.9976473450660706,,,,,,,,,,,,,0.012079938998795114,0.0021901681910208026,0.00020026999118272215,0.816234568002983,0.07782517401994937,0.005730429998948239,0.03128565898805391,0.007655203229603558,0.0007822699990356341,0,0,0,,,,,1,0.703125,0,180
79,9226.727146011,1787523182.1957834,0.828125,-1.734723475976807e-18,59.70576047897339,0.04530375450849533,1,-1,0.125,0.12831343710422516,0.0033561240416020155,1.0225915908813477,0.9839097857475281,0.8712100982666016,0,0,0.01780707761645317,0.000573028577491641,1.0005731582641602,0.053867314010858536,0.007967242039740086,0.007778560277074575,0.01641620695590973,0.000573028577491641,1.0001699924468994,0.428225040435791,0.000573028577491641,1,6.90625,28.65625,0.016868499742803605,0.03125,0,838.6875,0,3.275740947112826,0.3089078837044195,0.4790323502278517,1601.9375,0.6964653711640825,585.0625,0.31228459998965263,0.5851297034422278,1974.46875,0.7666313893767314,646.0625,0.3863054718822241,0.01697010765850026,0.3562787109866564,1255.59375,0.6722733271973447,577.46875,1.9331915378570557,0,0,1.3767347807586883,0.7204560123770836,0,3.428913052915718,0.3060173175333366,,,,,,,,,,,,,,,,0,211,1007,73.90625,193.2890625,30,30,4096,4096,4096,7.673489553999389,10.187577598000644,,,,,,,,,1,-0.8571428571428571,0.14725377234348788,0,0,1,,,,0,1.8411436080932617,0.9998297095298767,,,,,,0.6680488586425781,0.008183348923921585,0.13533258438110352,0.003769185859709978,0.9974514245986938,,,,,,,,,,,,,0.015017519006505609,0.0020326146869251716,0.00019934998999815434,0.8889181159902364,0.06840709739867634,0.007177569990744814,0.017339009005809203,0.005185003698557011,0.0006704490078845993,0,0,0,,,,,1,0.828125,0,212
80,9301.320312353,1787523260.316368,0.69140625,1.734723475976807e-18,64.2053165435791,0.03868166729807854,1,-0.8571428656578064,0.09375,0.12454113364219666,0.002100792247802019,1.0196037292480469,0.9923768043518066,0.94451904296875,0,0,0.010787876322865486,0.00023318978492170572,1.0002332925796509,0.035496436059474945,0.00213216757401824,0.0018370122415944934,0.007735772989690304,0.00023318978492170572,0.9998778700828552,0.5127072334289551,0.00023318978492170572,1,6.84375,13.96875,0.008475884838191311,0.03125,0,591.25,0,3.226184455673619,0.46701103264425753,0.4792807460589428,1132.90625,0.6968864460555277,412.90625,0.29015625081956387,0.5912727113505092,1403.75,0.7725789865981857,457.84375,0.3458132576197386,0.006858099272635593,0.3313345099883372,826.25,0.6512239585020843,395.15625,1.2302579283714294,0,0,1.3089400797519732,0.7390738972555624,0,3.022728081574683,0.48777954595763656,,,,,,,,,,,,,,,,0,239,1104,92.37109375,280.00390625,30,30,4096,4096,4096,9.073679891997017,10.331068291998236,,,,,,,,,1,-0.5714285714285714,0.16940773179473462,0,0,1,,,,4.2288662370992824e-05,2,1.0002772808074951,,,,,,0.7002286911010742,0.008990482427179813,0.12964630126953125,0.004091984126716852,0.9976007342338562,,,,,,,,,,,,,0.01764833899505902,0.0022434003323041907,0.0002530599886085838,0.966841661997023,0.0674362496519052,0.00986164998903405,0.06964988801337313,0.006840173767955093,0.0006254800100577995,0,0,0,,,,,1,0.69140625,0,177
81,9380.704096202,1787523335.9380012,0.7109375,0,59.75469899177551,0.052074044942855835,1,-0.5714285969734192,0.125,0.14434334635734558,0.002283537294715643,1.0270862579345703,0.9895321726799011,0.9138545989990234,0,0,0.013773614540696144,0.0003393529914319515,1.000339388847351,0.08253589272499084,0.00189004756975919,0.0013931248104199767,0.010668165981769562,0.0003393529914319515,1.0003724098205566,0.5870099067687988,0.0003393529914319515,1,6.90625,25,0.011008432530987107,0.03125,0,738.96875,0,3.569720046663634,0.3937776138950544,0.4920929617404089,1454.34375,0.7173965914523708,531.875,0.29589400440454483,0.5967328063254145,1775.875,0.7849639804698649,583.03125,0.35774682089686394,0.01168850470418871,0.35219710158468515,1122.5,0.6753543454249387,516.09375,1.855001151561737,0.03125,0,1.4058503526252561,0.7338491102926252,0,3.2217057800935422,0.4112518645719656,,,,,,,,,,,,,,,,0,202,998,72.5,184.4609375,30,30,4096,4096,4096,8.379691438007285,9.594377640998573,,,,,,,,,0.2857142857142857,-0.8571428571428571,0.08748177652797064,0,0,1,,,,5.387931378209032e-05,2,1.0001847743988037,,,,,,0.7140464782714844,0.009508352726697922,0.17134761810302734,0.004261532332748175,0.9975952506065369,,,,,,,,,,,,,0.008796088994131424,0.0020034791130001395,0.00022329100465867668,0.8612862970039714,0.08262645493772425,0.0026342299970565364,0.06395193700154778,0.005404340652432893,0.0008344300003955141,0,0,0,,,,,1,0.7109375,0,182
82,9454.488318937,1787523415.510311,0.640625,5.204170427930421e-18,64.46309018135071,0.014730979688465595,0.2857142984867096,-0.8571428656578064,0.03124999813735485,0.14417871832847595,0.0014779499033465981,1.0287809371948242,0.9887763261795044,0.8959894180297852,0,0,0.014321922324597836,9.66433435678482e-05,1.0000966787338257,0.01015421375632286,0.002668214961886406,0.002541507361456752,0.01145145483314991,9.66433435678482e-05,1.0002670288085938,0.49440932273864746,9.66433435678482e-05,1,6.8125,16.5,0.011896393241650741,0.03125,0,580,0,2.4303222662843527,0.4138348544619999,0.4933035127884422,1137.78125,0.7145539215203209,413.53125,0.31585801113396883,0.595378129133789,1383.9375,0.7792130219881044,453.5625,0.3314975034445524,0.012878289037912254,0.33899800569478455,833.15625,0.6581306547400289,391.625,1.7565510869026184,0.03125,0,1.3446290420715905,0.7344982313667958,0,2.484071928627615,0.4308589253184913,,,,,,,,,,,,,,,,0,241,1029,93.609375,276.88671875,30,30,4096,4096,4096,8.226951243006624,10.928575260011712,,,,,,,,,0.1428571428571429,-1,0.1336306209562122,0,0,1,,,,0,1.6893844604492188,1.0002468824386597,,,,,,0.6747910976409912,0.009401386603713036,0.17118620872497559,0.0042650033719837666,0.9976140856742859,,,,,,,,,,,,,0.009167990006972104,0.0019905964961139944,0.00023009999131318182,0.9705619429878425,0.06121391255413755,0.0056439299951307476,0.02149382996140048,0.006454635554291599,0.0007725299947196618,0,0,0,,,,,1,0.640625,0,164
83,9524.755634126,1787523488.0720606,0.5703125,0,58.403570890426636,0.034986015409231186,0.1428571492433548,-1,0.125,0.14761030673980713,0.000989872612990439,1.0143966674804688,0.9844306707382202,0.911989688873291,0,0,0.017985662445425987,0.00026036379858851433,1.000260353088379,0.01998368464410305,0.00495714507997036,0.0046288748271763325,0.015891510993242264,0.00026036379858851433,1.0001838207244873,0.5092620849609375,0.00026036379858851433,1,6.9375,30.375,0.016367779338702954,0.03125,0,748.875,0,4.640645154481637,0.26108248305742127,0.486443679824642,1461.03125,0.7114282891229903,536.9375,0.2790675014257431,0.5960356618221285,1789.75,0.7827336152467173,588.96875,0.3730290066450834,0.018922723320941873,0.3592916914440569,1143.71875,0.6765265198979934,521.8125,2.4149140119552612,0,0,1.3308156680310321,0.7290015402292864,0,4.531000420760961,0.27642033831164914,,,,,,,,,,,,,,,,0,238,937,73.74609375,176.828125,31,31,4096,4096,4096,7.72575567199965,10.739733497000998,,,,,,,,,0.5714285714285714,-0.8571428571428571,0.1336306209562122,0,0,1,,,,0,1.6879281997680664,0.9995909333229065,,,,,,0.686168909072876,0.009243488311767578,0.17134761810302734,0.004203281830996275,0.9974520802497864,,,,,,,,,,,,,0.007011449997662567,0.0019108019449163294,0.0002306099922861904,1.0108950910071144,0.07435762468327312,0.002410450004390441,0.016372528989450075,0.005088861910621745,0.0006354600045597181,0,0,0,,,,,1,0.5703125,0,146
84,9600.259554044,1787523558.7389052,0.66796875,4.336808689942018e-19,56.79340577125549,0.03132709115743637,0.5714285969734192,-0.8571428656578064,0.0625,0.13848859071731567,0.001874189474619925,1.0203771591186523,0.9887557029724121,0.9269247055053711,0,0,0.013768386095762253,0.00020403647795319557,1.000204086303711,0.025167306885123253,0.002932726638391614,0.002636260585859418,0.011448699980974197,0.00020403647795319557,0.9997463822364807,0.5035009384155273,0.00020403647795319557,1,6.9375,16.8125,0.012382186698521681,0.03125,0,589.96875,0,3.8175080252025833,0.415709761196329,0.4823347901934695,1138.1875,0.7025186291556444,416.09375,0.2677779272198677,0.5875576187949789,1393.09375,0.7756103422664519,459.46875,0.3353002183139324,0.010870505502318953,0.33574188823706513,845.25,0.6611728542653579,401.8125,1.5518075227737427,0,0,1.321149598589106,0.7410735865951673,0,3.686693698485356,0.42130910282095635,,,,,,,,,,,,,,,,0,209,1005,61.390625,138.765625,22,22,4096,4096,4096,7.887968847004231,9.656196288997307,,,,,,,,,0.4285714285714286,-0.8571428571428571,0.13122266479195596,0,0,1,,,,0,1.6207056045532227,1.0003389120101929,,,,,,0.4981045722961426,0.009309276938438416,0.17660260200500488,0.004410602618008852,0.9970070123672485,,,,,,,,,,,,,0.059924667002633214,0.0021633623833849924,0.00021880000713281333,0.944859034003457,0.06779599583632034,0.006815140004619025,0.059826725992024876,0.004537509515841975,0.0004039710038341582,0,0,0,,,,,1,0.66796875,0,171
85,9675.750691883,1787523634.6856923,0.7109375,1.734723475976807e-18,59.99457597732544,0.028426814824342728,0.4285714328289032,-0.8571428656578064,0.0625,0.13419067859649658,0.003299267729744315,1.0359373092651367,0.9932939410209656,0.8901267051696777,0,0,0.01064847968518734,0.0004020347259938717,1.0004020929336548,0.012733981013298035,-0.0028072192799299955,-0.0028529821429401636,0.00690121203660965,0.0004020347259938717,1.0004241466522217,0.6076812744140625,0.0004020347259938717,1,6.65625,10.8125,0.007151458226796575,0.03125,0,491.125,0,2.6725148673398804,0.5565556416687136,0.4814715358221343,941.46875,0.7004765942851328,344.03125,0.26729926746338606,0.5893051450249456,1162.125,0.7722192480178793,380.71875,0.3348380718380213,0.010146872133956257,0.31291453144612547,667.09375,0.6325972505067519,323.71875,1.4599262475967407,0,0,1.3153134835995801,0.758673923639076,0,2.6610424749607,0.5780744188770953,,,,,,,,,,,,,,,,0,224,1079,78.078125,215.734375,31,31,4096,4096,4096,8.143089746998157,10.070799842986162,,,,,,,,,0.8571428571428572,-1,0.192327314540518,0,0,1,,,,0,1.654815673828125,0.9996448159217834,,,,,,0.6972465515136719,0.009335983544588089,0.13267898559570312,0.004368379712104797,0.9973234534263611,,,,,,,,,,,,,0.00804535900533665,0.002179609291772522,0.00024260999634861946,0.948002824006835,0.06715783873420378,0.005206939997151494,0.023850459008826874,0.005734422430066388,0.0007656099915038794,0,0,0,,,,,1,0.7109375,0,182
86,9751.171264574,1787523709.8503113,0.66796875,1.734723475976807e-18,61.03132438659668,0.06300471723079681,0.8571428656578064,-1,0.15625,0.1386750340461731,0.005713678430765867,1.0120086669921875,0.9887604117393494,0.9136953353881836,0,0,0.01464762631803751,0.0004565166309475899,1.0004565715789795,0.06656412780284882,-0.008129499852657318,-0.008320335298776627,0.011503996327519417,0.0004565166309475899,0.9996533989906311,0.4979543685913086,0.0004565166309475899,1,6.875,19.34375,0.012476591731737926,0.03125,0,624.625,0,2.6290492136559207,0.4143291466737148,0.4871815491332806,1225.46875,0.7090885842965939,447.65625,0.289812077768147,0.5936795570100672,1493.53125,0.7805700340170146,491.78125,0.3274552561342716,0.01466761137653395,0.3330292610634914,900.875,0.6553268711583781,426.25,1.575592041015625,0,0,1.3378292330422414,0.7477481192188197,0,2.5531318181739664,0.42031681365346163,,,,,,,,,,,,,,,,0,217,1058,80.03125,210.34375,31,31,4096,4096,4096,8.411045626999112,10.470589806995122,,,,,,,,,0.2857142857142857,-1,0.1406072834644966,0,0,1,,,,0,1.921926498413086,0.9998669028282166,,,,,,0.6942498683929443,0.009775194339454174,0.17669677734375,0.004466112237423658,0.9973575472831726,,,,,,,,,,,,,0.055365797990816645,0.0023267290937383223,0.00022059999173507094,0.935361454001395,0.06602297369926191,0.004653009993489832,0.01721736001491081,0.005532829214416779,0.0005877999938093126,0,0,0,,,,,1,0.66796875,0,171
87,9823.635901909,1787523784.786677,0.62109375,2.6020852139652106e-18,61.85636377334595,0.041301146149635315,0.2857142984867096,-1,0.09375,0.14134937524795532,0.001789801404811442,1.0231828689575195,0.9858789443969727,0.896580696105957,0,0,0.017362892627716064,0.0002832263708114624,1.0002832412719727,0.03287666290998459,0.01124974898993969,0.009578653611242771,0.014468278735876083,0.0002832263708114624,0.9997354745864868,0.4994480609893799,0.0002832263708114624,1,6.84375,22.375,0.01543615808552433,0.03125,0,640.25,0,3.754297725305382,0.4059223193629713,0.4873588654131361,1253.53125,0.7091472919324926,458.3125,0.274642052128911,0.5878738981929995,1520.65625,0.7758292224077241,501.53125,0.32096975669264793,0.017862983644758794,0.3385586755692633,942.28125,0.6598427697441835,439.5625,2.025726795196533,0,0,1.3558227913219516,0.7430540095908925,0,3.7687699715656047,0.40432774196702204,,,,,,,,,,,,,,,,0,213,997,85.77734375,254.37109375,31,31,4096,4096,4096,8.680742276992532,10.000364235995221,,,,,,,,,0.7142857142857143,-1,0.15361295119718976,0,0,1,,,,4.5539414713857695e-05,2,1.0000046491622925,,,,,,0.7043838500976562,0.009753752499818802,0.1726973056793213,0.004523126874119043,0.9973271489143372,,,,,,,,,,,,,0.008859779001795687,0.001919041952646694,0.00019443099154159427,0.755297101000906,0.053235883952595486,0.0033202500053448603,0.02413951999915298,0.005578590152822471,0.0006452100060414523,0,0,0,,,,,1,0.62109375,0,159
88,9900.755736855,1787523858.1388597,0.65234375,1.3010426069826053e-18,59.64171385765076,0.041474319994449615,0.7142857313156128,-1,0.09375,0.1477772295475006,0.0018378051463514566,1.0505037307739258,0.9889609217643738,0.9171237945556641,0,0,0.014697033911943436,0.0005708169192075729,1.0005710124969482,0.0381169430911541,0.0019345877226442099,0.0012107710354030132,0.01127321645617485,0.0005708169192075729,0.9997609853744507,0.5634579658508301,0.0005708169192075729,1,6.84375,22.71875,0.012225195980785333,0.03125,0,686.21875,0,5.7893850078104725,0.3751576846271622,0.4905277972225405,1349.8125,0.7154854314384956,493.53125,0.29337005969136953,0.5943087031842952,1637.21875,0.7828066245515903,539.90625,0.36481376737356186,0.015223837080285168,0.34940976199060814,1020.5,0.6702348776568864,472.3125,1.8398343920707703,0.03125,0,1.3612521311003594,0.7304132818241273,0,6.373841548780948,0.3936158375084333,,,,,,,,,,,,,,,,0,203,999,71.25390625,193.52734375,27,27,4096,4096,4096,7.957568543992238,9.630255149997538,,,,,,,,,0.1428571428571429,-1,0.0668153104781061,0,0,1,,,,0,1.705352783203125,1.000305414199829,,,,,,0.5337724685668945,0.009707082994282246,0.13533258438110352,0.0045030429027974606,0.9974763989448547,,,,,,,,,,,,,0.009150600002612919,0.0020567690777966163,0.0002168709906982258,0.7958505799906561,0.06464235341815083,0.004928149995976128,0.01870530999440234,0.004960294238230745,0.0006010100041748956,0,0,0,,,,,1,0.65234375,0,167
89,9975.738438853,1787523934.2599125,0.69140625,1.734723475976807e-18,61.81521224975586,0.00957722868770361,0.1428571492433548,-1,0.03125,0.15072011947631836,0.00075812655268237,1.025385856628418,0.9886338710784912,0.9112210273742676,0,0,0.014496896415948868,0.00018327240832149982,1.000183343887329,0.005965100135654211,0.0023459112271666527,0.0022076701279729605,0.011614968068897724,0.00018327240832149982,1.000140905380249,0.5930070877075195,0.00018327240832149982,1,6.65625,16,0.012135230676238968,0.03125,0,570.03125,0,2.3243801932318795,0.4671264124649912,0.4953672011489727,1131.375,0.7206994500091065,413.0625,0.27557238936424255,0.5974918234055918,1368.6875,0.7893405692414129,451.78125,0.3382524885237217,0.013162876684229403,0.3346734164916929,824.03125,0.6643447794737216,392.65625,1.4761579036712646,0,0,1.339168738670812,0.741784618220374,0,2.239648898236973,0.47759200929016205,,,,,,,,,,,,,,,,0,232,1027,86.4375,223.5859375,31,31,4096,4096,4096,8.417383995998534,10.56574806298886,,,,,,,,,1,-1,0.11572751247156894,0,0,1,,,,0,1.8411493301391602,0.999962329864502,,,,,,0.6103906631469727,0.010671215131878853,0.1731264591217041,0.004859134554862976,0.9973297715187073,,,,,,,,,,,,,0.012462169004720636,0.002318070355670443,0.00026246999914292246,1.10456826799782,0.07100692880914039,0.0026116000080946833,0.020087669981876388,0.005811189953305984,0.0007090300059644505,0,0,0,,,,,1,0.69140625,0,177
90,10051.674987945,1787524010.5843666,0.73046875,4.336808689942018e-19,60.97614359855652,0.027225423604249954,1,-1,0.09375,0.15478378534317017,0.0015330590540543199,1.023324966430664,0.9855618476867676,0.902733325958252,0,0,0.017791755497455597,8.00425186753273e-05,1.0000799894332886,0.06405103206634521,-0.0006638410268351436,-0.000931217975448817,0.014776366762816906,8.00425186753273e-05,1.0000531673431396,0.5880904197692871,8.00425186753273e-05,1,6.96875,25.9375,0.015526423135413442,0.03125,0,691.5,0,4.1149067764015665,0.3357062324512481,0.4941172908553839,1370.875,0.7221964505717762,503.25,0.2954072989523411,0.6053046129518196,1681.8125,0.7932525007789266,552,0.33836117945611477,0.017639399352386932,0.3535031663999542,1042.5625,0.6740883596565406,482.8125,2.092417001724243,0,0,1.3306159583124664,0.7350060227055673,0,4.002898031433655,0.34500266327791124,,,,,,,,,,,,,,,,0,229,1025,84.546875,231.5078125,31,31,4096,4096,4096,8.005220502003795,9.713016477006022,,,,,,,,,0.7142857142857143,-0.42857142857142855,0.09780759955449395,0,0,1,,,,0,1.956329345703125,1.000274658203125,,,,,,0.6710696220397949,0.00949825905263424,0.15642309188842773,0.004305930808186531,0.9975368976593018,,,,,,,,,,,,,0.012037729989970103,0.002184731695137998,0.00018709000141825527,0.7969901489996118,0.05643783696046967,0.004616309990524314,0.022238570018089376,0.005566689585577933,0.000585868998314254,0,0,0,,,,,1,0.73046875,0,187
91,10129.182052352,1787524086.1223307,0.7109375,2.6020852139652106e-18,60.807607650756836,0.01683289185166359,0.7142857313156128,-0.4285714328289032,0.03125,0.14716210961341858,0.002225647447630763,1.020188331604004,0.9866766929626465,0.8862156867980957,0,0,0.01588965766131878,0.00018951925449073315,1.0001895427703857,0.015335312113165855,-0.0003633701999206096,-0.0005295276641845703,0.013629067689180374,0.00018951925449073315,1.00019371509552,0.5872898101806641,0.00018951925449073315,1,6.78125,22.84375,0.014095470568758758,0.03125,0,676.375,0,3.1816654805750586,0.4476223121361625,0.48941631613060166,1334.8125,0.7111820121883764,486.96875,0.3008189247921109,0.5965316660165956,1626.21875,0.7864356857769552,535.96875,0.3391116512939334,0.018581807692414243,0.34410606525984644,1016.96875,0.6668743959882244,470.90625,1.819966197013855,0,0,1.3342167084764647,0.745931617543645,0,3.2604873612512284,0.45196942345994134,,,,,,,,,,,,,,,,0,249,1183,81.9921875,213.015625,31,31,4096,4096,4096,8.134729573997902,10.92575199098792,,,,,,,,,0.1428571428571429,-1,0.09449111825230681,0,0,1,,,,0,1.6650381088256836,0.999954879283905,,,,,,0.5140504837036133,0.011152535676956177,0.15652036666870117,0.0050321114249527454,0.9974625706672668,,,,,,,,,,,,,0.009172980004223064,0.001996395605544876,0.00019143999088555574,1.045877559998189,0.06970584883947595,0.004999839991796762,0.02281314901483711,0.005285826953581818,0.0006106399960117415,0,0,0,,,,,1,0.7109375,0,182
92,10204.69437732,1787524162.8123624,0.6171875,2.6020852139652106e-18,62.97105288505554,0.02512388676404953,0.1428571492433548,-1,0.0625,0.1613110601902008,0.0016600113594904542,1.0301532745361328,0.9874226450920105,0.9071536064147949,0,0,0.015868384391069412,-2.952292561531067e-06,0.9999970197677612,0.025226011872291565,0.012605495750904083,0.012443317100405693,0.012838083319365978,-2.952292561531067e-06,1.0001447200775146,0.5980677604675293,-2.952292561531067e-06,1,6.84375,25.03125,0.013436043186006533,0.03125,0,655.9375,0,4.7993275387112595,0.3733805043469519,0.49608447533699374,1311.25,0.7239113229274214,478.78125,0.2967192903161049,0.5985776284065308,1584.9375,0.7926516505000455,523.78125,0.3623560443520546,0.016845236447306698,0.3563810007809463,995.4375,0.677773684883062,458.625,2.0208221673965454,0,0,1.3493097678017814,0.7399507789489306,0,4.80050846055689,0.3845993856450064,,,,,,,,,,,,,,,,0,267,1034,97.05078125,252.95703125,32,32,4096,4096,4096,8.184577873005765,10.428609745009453,,,,,,,,,0.1428571428571429,-1,0.09449111825230681,0,0,1,,,,4.024954614578746e-05,2,1.0001567602157593,,,,,,0.7239599227905273,0.010287693701684475,0.17134642601013184,0.004721717908978462,0.9974708557128906,,,,,,,,,,,,,0.008232489999500103,0.002095984640959614,0.00020259000302758068,0.7885037060041213,0.06404899562107857,0.0034935900039272383,0.020533938994049095,0.00648589533585664,0.0006194300076458603,0,0,0,,,,,1,0.6171875,0,158
93,10281.955641115,1787524239.367052,0.5625,1.5178830414797062e-18,62.717997312545776,0.015314538031816483,0.1428571492433548,-1,0.0625,0.16299653053283691,0.000921196595299989,1.0481157302856445,0.9884437918663025,0.9423918724060059,0,0,0.01524175051599741,8.702394552528858e-05,1.000087022781372,0.011147023178637028,-0.0004186835139989853,-0.000538182444870472,0.011757662519812584,8.702394552528858e-05,1.0003300905227661,0.5885248184204102,8.702394552528858e-05,1,7.03125,28.8125,0.01219310238310132,0.03125,0,776.40625,0,4.300748787634144,0.37245227659769453,0.5001731470385655,1557.96875,0.7308063510659452,569.78125,0.30040793493390083,0.6065512574239481,1886.3125,0.8001020384482223,623.03125,0.3614220768213272,0.010751825246497933,0.3731150437034182,1221.375,0.6975775065461463,557.03125,1.7116807103157043,0.03125,0,1.4192090349821846,0.7316586972161495,0,4.133094997473418,0.3784433934720608,,,,,,,,,,,,,,,,0,295,889,85.7421875,208.81640625,31,31,4096,4096,4096,8.242366711012437,9.614020830005757,,,,,,,,,1,-1,0.09449111825230681,0,0,1,,,,4.555808482109569e-05,2,0.9997552633285522,,,,,,0.7113051414489746,0.01015457883477211,0.17134547233581543,0.00479118712246418,0.9973390102386475,,,,,,,,,,,,,0.017721669006277807,0.002363623038604601,0.0002490499900886789,0.7665657670004293,0.06531518722243845,0.003615271009039134,0.05856145799043588,0.005997505086781985,0.0005710900004487485,0,0,0,,,,,1,0.5625,0,144
94,10357.20566875,1787524315.8021295,0.6328125,8.673617379884035e-19,63.28623557090759,0.026574216783046722,1,-1,0.0625,0.1585533618927002,0.001351354643702507,1.0194721221923828,0.9894967675209045,0.8633174896240234,0,0,0.013540711253881454,1.2851320207118988e-05,1.0000128746032715,0.031755901873111725,0.00321259256452322,0.00295979343354702,0.010723661631345749,1.2851320207118988e-05,0.9996235370635986,0.607780933380127,1.2851320207118988e-05,1,6.8125,25.09375,0.011802631842323837,0.03125,0,685.9375,0,2.689123421961928,0.41414017039908246,0.5026271146783859,1382.84375,0.7313505589568509,506.15625,0.2700990429148078,0.6089782951029741,1679.375,0.803046705352918,554.59375,0.3477766737341881,0.011344897636384393,0.3476977771722621,1050.65625,0.6815862034772621,489.3125,1.6799349784851074,0.03125,0,1.3521736159684745,0.7519419916435526,0,2.502271142868569,0.42130915466847607,,,,,,,,,,,,,,,,0,325,1007,81.51953125,192.53515625,27,27,4096,4096,4096,7.8008941339940066,10.854318922007224,,,,,,,,,1,-0.14285714285714285,0.09449111825230681,0,0,1,,,,0,1.7000350952148438,1.0001250505447388,,,,,,0.5936088562011719,0.011436782777309418,0.17134618759155273,0.0050995019264519215,0.9974221587181091,,,,,,,,,,,,,0.012215748996823095,0.0021013960938489618,0.00020703001064248383,0.9084199729986722,0.06982809712934568,0.005916948997764848,0.06865653800196014,0.005764914538190169,0.0007768899959046394,0,0,0,,,,,1,0.6328125,0,162
95,10432.884319363,1787524392.0227492,0.625,0,61.33531379699707,0.024514704942703247,1,-0.1428571492433548,0.0625,0.16717495024204254,0.0019428437808528543,1.0249319076538086,0.9919894337654114,0.9267368316650391,0,0,0.012151849456131458,5.551171489059925e-05,1.0000555515289307,0.02895365282893181,-0.01180732436478138,-0.011687375605106354,0.008149783127009869,5.551171489059925e-05,0.9999428987503052,0.552330493927002,5.551171489059925e-05,1,6.96875,22.65625,0.009052809903951601,0.03125,0,652.15625,0,4.8631357081215025,0.41652320491395467,0.5013633019866047,1309.53125,0.7292973564798177,477.6875,0.29425548762083054,0.6107951831444923,1597.75,0.8030448989201987,526.46875,0.3903009742498398,0.009108931031518544,0.35918712969525807,998.90625,0.6861772208681093,461.28125,1.6266807913780212,0,0,1.3861782080774712,0.7190815969217373,0,4.272019653079251,0.41448594700842856,,,,,,,,,,,,,,,,0,257,743,91.625,224.703125,32,32,4096,4096,4096,7.793645664001815,9.901245390996337,,,,,,,,,0,0,0,0,0,1,,,,0,1.6628446578979492,0.9998462200164795,,,,,,0.6747879981994629,0.010831853374838829,0.25969505310058594,0.004942869767546654,0.9974871277809143,,,,,,,,,,,,,0.008284390001790598,0.001886312269107293,0.00022669999452773482,0.8256637849990511,0.053713780726297955,0.005595848997472785,0.020664198993472382,0.00571649796603424,0.0008069899922702461,0,0,0,,,,,1,0.625,0,160
96,10503.727726804,1787524466.9903746,0.66796875,8.673617379884035e-19,60.87947130203247,0,0,0,0,0.17083454132080078,0,1.0337553024291992,0.9902447462081909,0.9159064292907715,0,0,0.012898926623165607,0,1,0,0,0,0.009921141900122166,0,0.999837338924408,0.5092635154724121,0,1,6.96875,25.84375,0.010856182214064347,0,0,733,0,4.257349049873051,0.3970056365508963,0.5106642841328763,1494.78125,0.7456819718275893,548.25,0.29898898489773273,0.6179932830382038,1816.96875,0.8154667988633764,600.78125,0.38461102917790413,0.008977504652833776,0.3639206490181766,1152.53125,0.6958227687261899,529.03125,1.6557915210723877,0,0,1.3881560955653915,0.7256243437279697,0,4.585245867857059,0.40169538773508556,,,,,,,,,,,,,,,,0,234,732,86.30859375,192.51953125,32,32,4096,4096,4096,7.755441735993372,10.805756672998541,,,,,,,,,0.7142857142857143,-0.42857142857142855,0.09780759955449395,0,0,1,,,,4.525910844677128e-05,2,1.0006537437438965,,,,,,0.869786262512207,0.011115741916000843,0.17669391632080078,0.0051492247730493546,0.9972699284553528,,,,,,,,,,,,,0.007228960006614216,0.0020282920432919127,0.0002198799920734018,1.0408185779961059,0.07582136865624989,0.0039525399915874004,0.07096291800553445,0.005404369585221502,0.0009220799984177575,0,0,0,,,,,1,0.66796875,0,171
97,10581.427839735,1787524536.7842038,0.625,0,56.17825436592102,0.018406830728054047,0.7142857313156128,-0.4285714328289032,0.03125,0.1761474907398224,0.0026625359896570444,1.0210037231445312,0.988474428653717,0.9035491943359375,0,0,0.014018101617693901,0.00022618798539042473,1.0002262592315674,0.0052143270149827,-0.006630207411944866,-0.00640431884676218,0.011721475049853325,0.00022618798539042473,1.0006592273712158,0.6396799087524414,0.00022618798539042473,1,7.03125,22.71875,0.011914876943365717,0.03125,0,690.46875,0,16.58489105951226,0.33443709873838395,0.5073017447993131,1398.9375,0.7426925988284715,513.34375,0.2873564437031746,0.617021760171912,1708.96875,0.8132186809412737,563.15625,0.4009554963558912,0.013264389460649421,0.3686657976509596,1063.84375,0.7000419991325452,493.875,1.917926847934723,0.03125,0,1.4670731869937055,0.7388364285530769,0,15.175390818547832,0.3340735711094566,,,,,,,,,,,,,,,,0,196,660,68.09765625,130.1953125,31,31,4096,4096,4096,8.067036025997368,10.095190294989152,,,,,,,,,1,-1,0.09449111825230681,0,0,1,,,,0,1.816061019897461,0.9998623132705688,,,,,,0.7114195823669434,0.011569450609385967,0.1353321075439453,0.00524331396445632,0.9974303245544434,,,,,,,,,,,,,0.06464734899054747,0.0020358851128321476,0.00021037999249529094,0.803398976000608,0.06754779361739338,0.004563009002595209,0.06466042700049002,0.004084121640858029,0.0005756600003223866,0,0,0,,,,,1,0.625,0,160
98,10659.237235194,1787524615.943453,0.59765625,4.336808689942018e-19,65.12954449653625,0.0164998359978199,1,-1,0.0625,0.16912347078323364,0.0021158161107450724,1.0238704681396484,0.9946039915084839,0.9477596282958984,0,0,0.00944500882178545,0.00015825731679797173,1.0001583099365234,0.03503383696079254,-0.001697699073702097,-0.0016065002419054508,0.005489199887961149,0.00015825731679797173,1.0001001358032227,0.49094724655151367,0.00015825731679797173,1,6.8125,16.09375,0.006243754431031185,0.03125,0,544.78125,0,4.168560608443085,0.5592970235522349,0.5040282678337754,1101.5,0.7387795694194113,404.84375,0.29258924536406994,0.6113436631244951,1338.28125,0.8046920218358857,441.34375,0.36230116710066795,0.005718044032927892,0.3353275561776412,795.28125,0.6704874981396518,378.90625,1.0968990325927734,0,0,1.3895886302759966,0.7372574403891274,0,4.12127952114953,0.5651981789489666,,,,,,,,,,,,,,,,0,300,1096,102.6328125,296.25390625,32,32,4096,4096,4096,8.239578761000303,9.06188508599007,,,,,,,,,1,-0.14285714285714285,0.0668153104781061,0,0,1,,,,0,1.4463348388671875,1.0000367164611816,,,,,,0.5276749134063721,0.011860046535730362,0.1713085174560547,0.005273382645100355,0.9976034164428711,,,,,,,,,,,,,0.0111310900101671,0.0022684753832322713,0.00021036999532952905,0.847723323997343,0.05844633692180423,0.0044258000125410035,0.027104807988507673,0.006567041406924545,0.0006715700001223013,0,0,0,,,,,1,0.59765625,0,153
99,11009.422566369,1787524693.5008183,0.62890625,4.7704895589362195e-18,63.91427659988403,0.007612510118633509,1,-0.1428571492433548,0.03125,0.18472230434417725,0.001708559226244688,1.0395374298095703,0.9836485385894775,0.9133872985839844,0,0,0.019132506102323532,0.00014363438822329044,1.0001437664031982,0.0264932569116354,0.00026709219673648477,0.0002749234263319522,0.01667875424027443,0.00014363438822329044,0.9999152421951294,0.5899734497070312,0.00014363438822329044,1,6.96875,35.5,0.017607092891459706,0.03125,0,821.0625,0,3.489367174608871,0.28331586166846423,0.5118786476532696,1681.90625,0.7493512531454827,617.96875,0.32231402583420277,0.618621301715539,2043.125,0.8183091723630607,675.71875,0.3648906946182251,0.01802644205455913,0.38349546593522066,1326.25,0.7133126212260896,600.6875,2.10983407497406,0,0,1.3387105515695383,0.7157580686376765,0,3.520093104944402,0.2862818535546481,,,,,,,,,,,,,,,,0,267,864,98.4453125,247.234375,32,32,4096,4096,4096,8.555491422011983,10.425425384004484,,,,,,,,,0.5714285714285714,-1,0.15361295119718976,0,0,1,,,,0,1.975931167602539,0.9998620748519897,,,,,,0.681039571762085,0.011895505711436272,0.15755987167358398,0.005263378378003836,0.9976046681404114,,,,,,,,,,,,,0.06726942799286917,0.002308932539108355,0.0002245799987576902,0.930070791990147,0.0647079216015527,0.008412859999225475,0.06941941799595952,0.006120291191678007,0.0006356999947456643,0,0,0,,,,,1,0.62890625,0,161
100,11085.478097864,1787525044.5409305,0.61328125,4.7704895589362195e-18,336.7055654525757,0.04179257154464722,0.5714285969734192,-1,0.125,0.1812923401594162,0.009423421695828438,1.0341711044311523,0.9859668016433716,0.8978514671325684,0,0,0.017552142962813377,0.0006957161240279675,1.000696063041687,0.0048487382009625435,-9.273650357499719e-05,0.0004202245036140084,0.014350125566124916,0.0006957161240279675,0.9996697902679443,0.5708394050598145,0.0006957161240279675,1,6.90625,34.5,0.01556301228522813,0.03125,0,787.5625,0,3.709481086489829,0.3712900922058214,0.515112022742596,1622.9375,0.7527897739041411,595.15625,0.33883909694850445,0.6221677789326453,1964.46875,0.8199885581940234,649.84375,0.41262237541377544,0.016742188858970213,0.37655459374118394,1277.5,0.7079056621731705,577.90625,2.0244564414024353,0,0,1.4389288118209795,0.701190749739908,0,3.6460750092110703,0.3813826783768126,800,100,0.6150000095367432,0.615,274.96388025900524,0,323,983,99.97250366210938,270.515,32,32,4096,4096,4096,0,254,893,90.8515625,197.68359375,32,32,4096,4096,4096,0.8540591704948761,10.292602378991432,0.2857142857142857,8.326672684688674e-19,-1,0.012508006053238478,0.59,0.38,0.03,0.615,1,-1,0.1494035761667992,0,0,1,0,1.6969890594482422,0.9996523600816727,0,1.776224136352539,0.9994779229164124,0.5345706939697266,0.013530966937541961,0.18911457061767578,0.00602847489528358,0.997374433875084,0.5744898319244385,0.012610313482582569,0.17536401748657227,0.005638095550239086,0.9976263642311096,27.683453803008888,2.9199759703788186,0.00025189999723806977,26.535418547995505,1.084824711827696,0.0007448899996234104,3.150483745019301,0.7941530531138961,0.0007309799984795973,0,0,0,0.009431550002773292,0.002257116042983398,0.00025368000206071883,0.9591550810000626,0.07665171274550175,0.0066781200002878904,0.02228708000620827,0.005643009542836808,0.0005344099918147549,0,0,0,1,0.615,0,4.92,1,0.61328125,0,157
101,11167.090150196,1787525120.6429265,0.63671875,4.336808689942018e-19,60.670467376708984,0.04685472697019577,1,-1,0.15625,0.2009432315826416,0.0036647373344749212,1.0549850463867188,0.9887453317642212,0.9188504219055176,0,0,0.014788194559514523,0.00048493710346519947,1.0004850625991821,0.044742874801158905,0.008721628226339817,0.008533380925655365,0.011490672826766968,0.00048493710346519947,0.9993274807929993,0.6172666549682617,0.00048493710346519947,1,6.90625,28.875,0.013045261726541618,0.03125,0,726.8125,0,3.560996755434449,0.36460517496657696,0.5205643935859493,1506.59375,0.7612369525676611,552.4375,0.2939367275685072,0.6253309514950041,1821,0.8292852439188662,604.0625,0.3683861680328846,0.016740375717778866,0.38251791734317947,1180.5625,0.7180069240311028,536.65625,1.8938930034637451,0,0,1.4089411071094315,0.7344123657769277,0,3.4294500596585893,0.3708641068994275,,,,,,,,,,,,,,,,0,302,842,85.78125,195.3515625,32,32,4096,4096,4096,8.003241166006774,10.090457744008745,,,,,,,,,0.4285714285714286,-0.8571428571428571,0.13122266479195596,0,0,1,,,,0,1.6812200546264648,0.9998738765716553,,,,,,0.5195212364196777,0.01380864530801773,0.16819143295288086,0.006001756992191076,0.9974659085273743,,,,,,,,,,,,,0.011381358999642543,0.0022324635543213844,0.00027751000015996397,0.8336011649953434,0.07193867776942398,0.005247070002951659,0.016633679013466462,0.005326271278022432,0.0006852900114608929,0,0,0,,,,,1,0.63671875,0,163
102,11243.178961847,1787525200.983746,0.671875,2.6020852139652106e-18,65.77067136764526,0.029270848259329796,0.4285714328289032,-0.8571428656578064,0.0625,0.19945326447486877,0.0021274874452501535,1.0546245574951172,0.9920326471328735,0.9236979484558105,0,0,0.011993552558124065,0.0003631110303103924,1.0003632307052612,0.012639041058719158,-0.002393514383584261,-0.002274600323289633,0.008122059516608715,0.0003631110303103924,1.0001146793365479,0.6448101997375488,0.0003631110303103924,1,6.84375,29.1875,0.009059309725180684,0.03125,0,686.25,0,7.770165744149216,0.4477208171256223,0.5190281123020658,1427.84375,0.7595039932679402,525.09375,0.3161917272955179,0.6280979848048756,1736.28125,0.8317690123968005,575.875,0.36869700998067856,0.009309337910809292,0.366385409227033,1101.90625,0.6996859596176315,502.09375,1.574472725391388,0,0,1.3829202761493076,0.7222891715481794,0,7.509341887316063,0.4748270648073854,,,,,,,,,,,,,,,,0,360,1273,103.64453125,279.80078125,31,31,4096,4096,4096,8.51645565799845,11.128705028997501,,,,,,,,,1,-1,0.1821078397711709,0,0,1,,,,0,1.7605676651000977,0.9996446371078491,,,,,,0.5656342506408691,0.014645209535956383,0.17669677734375,0.006300536449998617,0.9975335001945496,,,,,,,,,,,,,0.008658798993565142,0.00219775473772188,0.00026833999436348677,1.0145459750056034,0.060990461074084124,0.0050129199953516945,0.01920764999522362,0.0062904682654334465,0.0006836399988969788,0,0,0,,,,,1,0.671875,0,172
103,11319.919529766,1787525277.2279885,0.6796875,2.6020852139652106e-18,62.285529136657715,0.06493258476257324,1,-1,0.1875,0.20694851875305176,0.0031835376285016537,1.021768569946289,0.9873791933059692,0.9277310371398926,0,0,0.015275327488780022,0.0005643464392051101,1.000564455986023,0.0686793401837349,-0.00664224848151207,-0.006512612570077181,0.012848429381847382,0.0005643464392051101,0.9996427297592163,0.5932502746582031,0.0005643464392051101,1,6.9375,46.4375,0.014202216297534142,0.03125,0,829.15625,0,3.950687622256978,0.3401042811820152,0.5217551942475158,1743.40625,0.7660612189203965,640.9375,0.3296228926628828,0.6339755717950745,2121.15625,0.8375281362983285,701.25,0.381929250434041,0.014153358482758819,0.3856492101698212,1381.78125,0.7142281644959729,618.25,1.8178014159202576,0,0,1.4047120910169233,0.7125493752987138,0,3.863877376119704,0.3362279901919505,,,,,,,,,,,,,,,,0,361,901,82.3203125,172.6953125,30,30,4096,4096,4096,7.62014134900528,9.860029401999782,,,,,,,,,0.1428571428571429,-1,0.09449111825230681,0,0,1,,,,0,1.8887643814086914,1.0002871751785278,,,,,,0.635922908782959,0.013714510016143322,0.17661166191101074,0.006024868227541447,0.9974969029426575,,,,,,,,,,,,,0.009234339988324791,0.001901220234401535,0.00022585000260733068,0.8546728910005186,0.10357424637487611,0.008305789990117773,0.01658008899539709,0.004449330090551484,0.0005795200122520328,0,0,0,,,,,1,0.6796875,0,174
104,11396.425393913,1787525353.550588,0.6484375,0,62.67115831375122,0.01698383316397667,0.1428571492433548,-1,0.0625,0.1974385678768158,0.0013572790194302797,1.0231332778930664,0.9892705678939819,0.8893985748291016,0,0,0.014240112155675888,0.00037223915569484234,1.0003724098205566,0.009397806599736214,0.001806342275813222,0.0018760093953460455,0.010989202186465263,0.00037223915569484234,1.0004048347473145,0.5628418922424316,0.00037223915569484234,1,6.90625,27.1875,0.011577592284445926,0.03125,0,658.5625,0,2.9804314485740515,0.478349040501967,0.5196495121542501,1375.1875,0.7588641729493304,503,0.3063140343874693,0.626174195315004,1661.625,0.8260989576913805,549.34375,0.35965461656451225,0.012988809568756437,0.36735109391446674,1054.9375,0.693881170233493,478.75,1.4728901386260986,0,0,1.4042002883487243,0.7177645901338853,0,2.880926044144962,0.49335364319620856,,,,,,,,,,,,,,,,0,327,808,95.45703125,226.19921875,32,32,4096,4096,4096,7.998210416000802,9.880476411999553,,,,,,,,,0.2857142857142857,-0.8571428571428571,0.08748177652797064,0,0,1,,,,0,1.6315460205078125,0.9998584389686584,,,,,,0.4911806583404541,0.013807051815092564,0.15652132034301758,0.006041897926479578,0.9975425601005554,,,,,,,,,,,,,0.006615240010432899,0.0019429079541168903,0.00019239999528508633,0.8578135400020983,0.07078717981602267,0.005930478990194388,0.019745919984416105,0.005193063520323449,0.0006850499921711162,0,0,0,,,,,1,0.6484375,0,166
105,11471.607507426,1787525430.2751987,0.65625,0,62.2025842666626,0.012112532742321491,0.2857142984867096,-0.8571428656578064,0.03125,0.21400561928749084,0.002129758009687066,1.0302009582519531,0.987584114074707,0.8963069915771484,0,0,0.015624075196683407,0.0003350190818309784,1.0003350973129272,0.002771226456388831,-0.002533761551603675,-0.0022205619607120752,0.012646086513996124,0.0003350190818309784,1.0000337362289429,0.6119036674499512,0.0003350190818309784,1,6.8125,35.625,0.013569429056578791,0.03125,0,763.65625,0,4.463538231647116,0.36342807280221023,0.5209657085254664,1586,0.7655203183176298,583.59375,0.31475614942610264,0.6226277092514246,1915.15625,0.8271237103573422,634.96875,0.358135798946023,0.013357340098297442,0.39336521707402156,1259.71875,0.7280212880256695,567.40625,1.7942521572113037,0,0,1.3736518437205198,0.7196141598096675,0,4.260047483701455,0.3712481511319377,,,,,,,,,,,,,,,,0,343,952,80.84765625,179.79296875,31,31,4096,4096,4096,8.335191404999932,9.77361260500038,,,,,,,,,0,0,0,0,0,1,,,,0,1.9636316299438477,1.0003108978271484,,,,,,0.674795389175415,0.013709377497434616,0.1766948699951172,0.0060561345890164375,0.9974716901779175,,,,,,,,,,,,,0.011011219001375139,0.0022375522933089087,0.0002326300018467009,0.820424762001494,0.06821014158543903,0.004261470006895252,0.020882280005025677,0.004915960632786209,0.0005863800033694133,0,0,0,,,,,1,0.65625,0,168
106,11549.526713765,1787525506.4402509,0.5625,3.0357660829594124e-18,60.78893566131592,0,0,0,0,0.1994921714067459,0,1.0134515762329102,0.9910399913787842,0.9226069450378418,0,0,0.012018896639347076,0,1,0,0,0,0.009116758592426777,0,1.0002219676971436,0.5917768478393555,0,1,6.84375,26.8125,0.009850139088124878,0,0,646.78125,0,3.0299948597935336,0.4877439153854157,0.5152209066843728,1337.21875,0.752378114924033,490.25,0.3004701565951109,0.6188975915034687,1615.625,0.8166093849419849,534.1875,0.3770597241818905,0.009488489163136767,0.3629344384366241,1027.25,0.6975185107245705,469.5625,1.4092182517051697,0,0,1.4182646958000433,0.7386940476657324,0,3.2396163953444326,0.4987875293161312,,,,,,,,,,,,,,,,0,347,1086,75.625,163.51171875,29,29,4096,4096,4096,8.169902770008775,9.841717242990853,,,,,,,,,0.8571428571428572,-1,0.1287696884094282,0,0,1,,,,0,1.699049949645996,0.999768853187561,,,,,,0.5349879264831543,0.014473967254161835,0.17134785652160645,0.0064198169857263565,0.9974277019500732,,,,,,,,,,,,,0.011474430008092895,0.002123291706368491,0.00021846999879926443,1.0230813749949448,0.07741118509727585,0.0032606099994154647,0.018707338982494548,0.004487761960888292,0.0004940910002915189,0,0,0,,,,,1,0.5625,0,144
107,11627.687861115,1787525583.5434234,0.7421875,5.204170427930421e-18,63.241209506988525,0.02508803829550743,0.8571428656578064,-1,0.09375,0.21159204840660095,0.0066686756908893585,1.0273523330688477,0.9924341440200806,0.9272317886352539,0,0,0.011844327673316002,0.00028177304193377495,1.000281810760498,0.03481510281562805,0.0007097464986145496,0.0006341107655316591,0.007718278095126152,0.00028177304193377495,0.9994491338729858,0.5856747627258301,0.00028177304193377495,1,6.78125,24.15625,0.009226689613106399,0.03125,0,605,0,2.484973301865729,0.5008966615986137,0.5264332007964405,1281.3125,0.7675912475480223,467.75,0.2984084915369749,0.6243252757668567,1528.09375,0.8258524837603245,505.84375,0.34860875364392996,0.008506147120694998,0.36817762731306336,962.75,0.7022738239743458,440.65625,1.2158410549163818,0,0,1.3442654919453427,0.7115269980832393,0,2.322751409413754,0.5060176345173835,,,,,,,,,,,,,,,,0,298,1094,91.65234375,243.890625,32,32,4096,4096,4096,8.845998207005323,10.84596701800183,,,,,,,,,1,-1,0.1336306209562122,0,0,1,,,,0,1.8929939270019531,1.0002288818359375,,,,,,0.6381590366363525,0.01290357206016779,0.1451418399810791,0.005720287561416626,0.9977512955665588,,,,,,,,,,,,,0.01053681000485085,0.002000443382314643,0.00017841000226326287,1.0187262250110507,0.07736895403115795,0.007948769998620264,0.02522970800055191,0.00511713178161699,0.00046676000056322664,0,0,0,,,,,1,0.7421875,0,190
108,11705.282741217,1787525662.4236038,0.53125,3.469446951953614e-18,64.44726300239563,0.0341651476919651,1,-1,0.125,0.2067835032939911,0.0024996025022119284,1.022721290588379,0.9883769154548645,0.9207324981689453,0,0,0.015002714470028877,0.00036697532050311565,1.0003669261932373,0.013050025328993797,-0.014507011510431767,-0.014046605676412582,0.011854185722768307,0.00036697532050311565,1.000048041343689,0.6240644454956055,0.00036697532050311565,1,6.9375,32.625,0.012652888755191327,0.03125,0,733.21875,0,4.145478167105957,0.36029961376511127,0.5261441095735895,1539.21875,0.7682517067371353,563.96875,0.29372689314186573,0.6254035689972173,1846.09375,0.8287388283251933,612.0625,0.3443063721060753,0.011680015612043205,0.38130290335925077,1195.65625,0.7158032356757005,541.15625,1.7684988379478455,0,0,1.3745977263131053,0.7332147710031051,0,3.8674532042216097,0.36423899018046646,,,,,,,,,,,,,,,,0,304,925,105.09375,259.4375,29,29,4096,4096,4096,8.581212406003033,9.963707008995698,,,,,,,,,1,-1,0.192327314540518,0,0,1,,,,0,1.9856395721435547,1.000044584274292,,,,,,0.6859416961669922,0.013476760126650333,0.1698455810546875,0.00590428477153182,0.9977965950965881,,,,,,,,,,,,,0.010210060005192645,0.001985992464597075,0.00022456000442616642,0.8443262610089732,0.08861029598415371,0.003682700000354089,0.02100019900535699,0.006088880292850263,0.000494270003400743,0,0,0,,,,,1,0.53125,0,136
109,11784.489582921,1787525739.684641,0.67578125,3.903127820947816e-18,62.30340385437012,0.06467630714178085,1,-1,0.1875,0.21383845806121826,0.004222014453262091,1.029982566833496,0.9878408908843994,0.9310684204101562,0,0,0.0151268495246768,0.0009659549687057734,1.0009664297103882,0.04091069474816322,-0.0185069739818573,-0.01762978360056877,0.012383053079247475,0.0009659549687057734,0.9999403357505798,0.5987391471862793,0.0009659549687057734,1,6.9375,44.8125,0.013286958517424865,0.03125,0,840.75,0,4.275955216165566,0.3787043559741423,0.5248695388310599,1773.59375,0.7622044383299066,646.1875,0.3067171797156334,0.6239665288131226,2109.25,0.822950329723026,697.84375,0.34577113948762417,0.012237431141686737,0.39233562387470766,1412.09375,0.7183655937274063,625.75,1.806481122970581,0,0,1.3833635450311177,0.7316125771937506,0,3.939687917569584,0.3728713302836487,,,,,,,,,,,,,,,,0,256,855,87.48828125,217.80078125,32,32,4096,4096,4096,9.241342073000851,10.612434166003368,,,,,,,,,0.1428571428571429,-1,0.11572751247156894,0,0,1,,,,0,1.6622200012207031,0.9999399185180664,,,,,,0.5747513771057129,0.014570449478924274,0.1766512393951416,0.006236768793314695,0.9976443648338318,,,,,,,,,,,,,0.011667640006635338,0.002206792308925287,0.00023581000277772546,1.0470353940036148,0.09308170910588842,0.00263874999654945,0.019112789013888687,0.005037094684666954,0.0006528499943669885,0,0,0,,,,,1,0.67578125,0,173
110,11864.593048115,1787525818.2986526,0.67578125,1.3010426069826053e-18,64.4763252735138,0.02577802911400795,0.1428571492433548,-1,0.09375,0.21250072121620178,0.0016117999330163002,1.0220575332641602,0.9896068572998047,0.9312171936035156,0,0,0.014080941677093506,0.0002943358849734068,1.0002943277359009,0.014137646183371544,0.0031328003387898207,0.0031068013049662113,0.010586285963654518,0.0002943358849734068,1.0000362396240234,0.5628447532653809,0.0002943358849734068,1,6.8125,31.6875,0.011537205906353192,0.03125,0,699.90625,0,2.6760500470952078,0.45316360321387844,0.5258465418115664,1479.8125,0.7670538828167561,540.71875,0.2912299558520317,0.6218912897888478,1761.03125,0.8260804256670858,585.375,0.34890394285321236,0.009517701279653241,0.3732906141311717,1138.5,0.7136911892709978,518,1.459775984287262,0,0,1.3698352373033735,0.726524181223346,0,2.6833413168420295,0.4713492809548256,,,,,,,,,,,,,,,,0,288,1162,97.6015625,239.49609375,32,32,4096,4096,4096,8.289359466012684,10.649985184005345,,,,,,,,,0.2857142857142857,-1,0.11007882148158886,0,0,1,,,,0,1.5697765350341797,0.9999852180480957,,,,,,0.712864875793457,0.013746929354965687,0.17669677734375,0.0059365164488554,0.9978394508361816,,,,,,,,,,,,,0.011308229994028807,0.0022769446752022304,0.00021439000556711107,0.9968285859940806,0.08843968515964207,0.003729930002009496,0.016889560021809302,0.006157734152168359,0.000668220003717579,0,0,0,,,,,1,0.67578125,0,173
111,11944.08252217,1787525898.2095919,0.7578125,0,65.23366022109985,0.024342238903045654,0.2857142984867096,-1,0.0625,0.21171998977661133,0.0017788182012736797,1.0288496017456055,0.9880670309066772,0.9218273162841797,0,0,0.015305686742067337,0.0002778938505798578,1.0002779960632324,0.0173341017216444,0.0063982936553657055,0.006264164112508297,0.012139450758695602,0.0002778938505798578,1.0002470016479492,0.4902377128601074,0.0002778938505798578,1,6.8125,36.9375,0.012755139519469553,0.03125,0,780.8125,0,4.641508279711195,0.329180475640484,0.5264508095815098,1648.21875,0.7684691496834543,603.59375,0.28338808193802834,0.62142216460986,1961.28125,0.8259469569082925,651.625,0.36986108869314194,0.01225284131494259,0.3911053149162532,1296.25,0.7251050339876279,581.75,1.8344799280166626,0,0,1.3423086576072414,0.7356074287727294,0,4.136390677639696,0.344125039133777,,,,,,,,,,,,,,,,0,349,968,115.921875,321.48828125,32,32,4096,4096,4096,9.000998072006041,9.709553307009628,,,,,,,,,0.2857142857142857,-0.8571428571428571,0.1515228816828316,0,0,1,,,,0,1.7080059051513672,1.000824213027954,,,,,,0.5353264808654785,0.015323595143854618,0.1328723430633545,0.006525838281959295,0.9977352023124695,,,,,,,,,,,,,0.014444649001234211,0.0019684367659351665,0.00024198999744839966,0.8341768819955178,0.06830279482761625,0.003618860006099567,0.020785311004146934,0.006077721437463879,0.0006132300040917471,0,0,0,,,,,1,0.7578125,0,194
112,12022.328887487,1787525978.101052,0.578125,2.6020852139652106e-18,66.70358467102051,0.04246465861797333,0.2857142984867096,-0.8571428656578064,0.09375,0.22667470574378967,0.00174860586412251,1.0226287841796875,0.9861317276954651,0.9116864204406738,0,0,0.016643112525343895,0.00027963495813310146,1.0002797842025757,0.02743816003203392,0.004551167134195566,0.0039012213237583637,0.01412891037762165,0.00027963495813310146,1.000612735748291,0.5921244621276855,0.00027963495813310146,1,6.84375,55.1875,0.014475275240717215,0.03125,0,927.375,0,4.873511704382995,0.35320091206051984,0.5330355154527908,1996.6875,0.778085663967787,731.5625,0.2995250467211008,0.6346706983809378,2390.5625,0.8389217495220296,792.15625,0.35826763324439526,0.014404964996406954,0.3952938689969242,1601.28125,0.7288482850417769,705.5625,2.0251532793045044,0,0,1.3962448840759558,0.7344515704612922,0,4.888206485274062,0.37680424329081186,,,,,,,,,,,,,,,,0,390,1050,99.7890625,226.05078125,32,32,4096,4096,4096,8.055602663996979,9.626227540007676,,,,,,,,,1,-1,0.15971914124998499,0,0,1,,,,0,1.6342544555664062,0.9996863603591919,,,,,,0.5301446914672852,0.015311487019062042,0.17036223411560059,0.006532978732138872,0.9977388381958008,,,,,,,,,,,,,0.010266479992424138,0.0021218878594027046,0.0002565000031609088,0.7970693829993252,0.06720002178553841,0.004557499996735714,0.019074498006375507,0.0054330858664002335,0.0005075499939266592,0,0,0,,,,,1,0.578125,0,148
113,12102.638378038,1787526057.220146,0.51171875,3.469446951953614e-18,64.01478266716003,0.06424234807491302,1,-1,0.15625,0.23572935163974762,0.003065390046685934,1.0320844650268555,0.9866664409637451,0.9237303733825684,0,0,0.016662949696183205,0.0004446175880730152,1.0004446506500244,0.0729069784283638,0.019394386559724808,0.018525181338191032,0.013603506609797478,0.0004446175880730152,0.9998818635940552,0.5885186195373535,0.0004446175880730152,1,6.875,42.40625,0.014701362576054824,0.03125,0,798.3125,0,17.841955396991835,0.3398188935174704,0.5322321654426858,1708.125,0.776894685507816,624.375,0.2921639997512102,0.6255314199713441,2016.03125,0.8336725421787909,672.125,0.36922430992126465,0.015526068712982422,0.4023216300016492,1360.9375,0.739267905184991,606.21875,1.9951560497283936,0,0,1.3868419695673466,0.7261235112501518,0,17.726283341197437,0.35274843081570934,,,,,,,,,,,,,,,,0,347,1063,93.53515625,209.609375,32,32,4096,4096,4096,8.800230298002134,10.006577757012565,,,,,,,,,1,-1,0.165600330276709,0,0,1,,,,0,1.6870031356811523,1.0000550746917725,,,,,,0.5747394561767578,0.014199528843164444,0.17119336128234863,0.006146873347461224,0.9977483749389648,,,,,,,,,,,,,0.012107690010452643,0.002069298984395118,0.000278560008155182,0.8531315110012656,0.09635399129791722,0.003173279998009093,0.019098518998362124,0.004806312242180866,0.0006457310082623735,0,0,0,,,,,1,0.51171875,0,131
114,12178.869046378,1787526136.454186,0.73828125,2.6020852139652106e-18,63.65385556221008,0.060148686170578,1,-1,0.15625,0.22325876355171204,0.0025855277199298143,1.0163803100585938,0.9894160628318787,0.9053192138671875,0,0,0.01330864429473877,0.0005473399069160223,1.0005475282669067,0.06471004337072372,0.016072699800133705,0.01606077328324318,0.010770421475172043,0.0005473399069160223,1.0000745058059692,0.5628514289855957,0.0005473399069160223,1,6.875,30.1875,0.011629864822076737,0.03125,0,748.28125,0,5.58468111703996,0.39194786345516963,0.5353333425909796,1600.6875,0.7786265635866674,583.65625,0.2978826332837343,0.6252507869919992,1881.5625,0.8309186331896476,625.625,0.34422824904322624,0.013117979682357148,0.38835865732596375,1232.90625,0.729668645526073,559.28125,1.9317733645439148,0,0,1.381902741586755,0.7237155452332485,0,5.384117180365752,0.3973201304380075,,,,,,,,,,,,,,,,0,409,1222,92.12109375,217.06640625,36,36,4096,4096,4096,8.630371956998715,10.922189395991154,,,,,,,,,1,-1,0.1450721143684993,0,0,1,,,,0,1.5271711349487305,1.0002080202102661,,,,,,0.5323886871337891,0.014586376957595348,0.17121052742004395,0.006222447380423546,0.9979540705680847,,,,,,,,,,,,,0.007905139005742967,0.002084993390155887,0.0001752099924487993,0.23529161199985538,0.06336202460909135,0.0035732199903577566,0.021555830011493526,0.004778458421583309,0.0004999800003133714,0,0,0,,,,,1,0.73828125,0,189
115,12260.865988036,1787526213.602959,0.78125,2.6020852139652106e-18,62.41076731681824,0.04417673498392105,1,-1,0.125,0.22716277837753296,0.0019570232834666967,1.0181255340576172,0.9923200011253357,0.9266252517700195,0,0,0.011677353642880917,0.0002666113432496786,1.000266671180725,0.04065995290875435,0.010344697162508965,0.010023949667811394,0.00783227663487196,0.0002666113432496786,1.0001780986785889,0.5871992111206055,0.0002666113432496786,1,6.8125,34.28125,0.008568505909596753,0.03125,0,736.96875,0,7.295583751198364,0.4563701205742446,0.5326060056252515,1576.5625,0.7765995182217784,577.375,0.2705950476229191,0.625085683938731,1864.5625,0.830986126226456,621,0.3589921183884144,0.009338832456236514,0.37494660050332884,1210.5625,0.717662349510686,551.625,1.457596778869629,0,0,1.3366643404386305,0.7307356269582173,0,7.2704209684990655,0.48912227045965506,,,,,,,,,,,,,,,,0,396,1056,94.19140625,190.98046875,32,32,4096,4096,4096,8.10136145100114,9.721317846997408,,,,,,,,,1,-1,0.1889822365046136,0,0,1,,,,0,1.7084083557128906,1.0000016689300537,,,,,,0.5355625152587891,0.013137915171682835,0.1909794807434082,0.005572841968387365,0.9979445338249207,,,,,,,,,,,,,0.007791989992256276,0.0020629358789392427,0.00020212000526953489,0.8366664130007848,0.05947034756616176,0.00606645000516437,0.01640435997978784,0.004686911995463561,0.0005917300004512072,0,0,0,,,,,1,0.78125,0,200
116,12343.32930628,1787526294.8708704,0.7578125,3.0357660829594124e-18,67.47621560096741,0.05829941853880882,1,-1,0.15625,0.1984630972146988,0.004528411198407412,1.0223798751831055,0.9924127459526062,0.9369063377380371,0,0,0.0102773392572999,0.0006852759979665279,1.0006855726242065,0.04861292988061905,-0.0033166573848575354,-0.003046638797968626,0.007700597867369652,0.0006852759979665279,0.9998461604118347,0.5934338569641113,0.0006852759979665279,1,6.8125,30.875,0.008697772021238032,0.03125,0,753.53125,0,12.694043513161976,0.40904557654565044,0.5303808625685837,1604.34375,0.7718833997793906,585.625,0.26775067672133446,0.6237992528420133,1896.28125,0.8254666870957387,629.21875,0.352073990739882,0.008594379736166573,0.3703398569906826,1216.875,0.7120830566069882,556.5,1.6920421123504639,0,0,1.3693537079902018,0.7347966089138276,0,11.261246413018679,0.41218061171696674,,,,,,,,,,,,,,,,0,377,1133,113.03515625,286.21484375,37,37,4096,4096,4096,8.897492185002193,10.691554074990563,,,,,,,,,0.5714285714285714,-1,0.21428571428571427,0,0,1,,,,0,1.800811767578125,1.000124216079712,,,,,,0.7059950828552246,0.013880775310099125,0.1766965389251709,0.005807232577353716,0.9979331493377686,,,,,,,,,,,,,0.010294469000655226,0.002101854523232305,0.00023022000095807016,0.9316521690052468,0.06253174206682388,0.004910949995974079,0.01876219900441356,0.006343562359063526,0.0005743400106439367,0,0,0,,,,,1,0.7578125,0,194
117,12420.826830597,1787526377.3997564,0.61328125,1.3010426069826053e-18,69.27167177200317,0.08128960430622101,0.5714285969734192,-1,0.21875,0.21562306582927704,0.003843592246994376,1.0272884368896484,0.9885163903236389,0.9335875511169434,0,0,0.015354369767010212,0.0005786856636404991,1.0005788803100586,0.07153251022100449,0.01399189978837967,0.013397525064647198,0.011699166148900986,0.0005786856636404991,0.9999432563781738,0.49361753463745117,0.0005786856636404991,1,6.875,46.25,0.012661015422778041,0.03125,0,904.28125,0,4.510555380256385,0.35302153252144397,0.5292599066570833,1923.25,0.7739636232767151,704.09375,0.31741677038371563,0.6247350609642606,2275.125,0.8299606100597343,756.5625,0.3627927880734205,0.012904615328435615,0.39160673413326985,1511.6875,0.7288279683821897,677.59375,1.8281446695327759,0,0,1.342518385837196,0.7091155672195419,0,4.557124872774498,0.3471246325241232,,,,,,,,,,,,,,,,0,329,1255,115.5,288.7421875,32,32,4096,4096,4096,9.026374110006145,9.921369860006962,,,,,,,,,0.2857142857142857,-1,0.11007882148158886,0,0,1,,,,0,1.7074918746948242,1.00034761428833,,,,,,0.5350255966186523,0.012575844302773476,0.1564803123474121,0.00544437812641263,0.9980250597000122,,,,,,,,,,,,,0.01071632000093814,0.0021937850313520357,0.00025082999491132796,0.8035468429879984,0.06497049012875777,0.0041314289992442355,0.02000604999193456,0.0063080483711246416,0.0006087600049795583,0,0,0,,,,,1,0.61328125,0,157
118,12496.122246877,1787526455.091019,0.80078125,4.336808689942018e-18,63.985756635665894,0.021282333880662918,0.2857142984867096,-1,0.0625,0.20477162301540375,0.001523112296126783,1.0332698822021484,0.988235592842102,0.9300332069396973,0,0,0.014341997914016247,0.00025172322057187557,1.0002517700195312,0.009041921235620975,-0.00115972850471735,-0.001084385672584176,0.011944497004151344,0.00025172322057187557,1.0004558563232422,0.6167192459106445,0.00025172322057187557,1,6.96875,43.15625,0.012238310437724177,0.03125,0,924,0,3.583545746464477,0.3405330646990768,0.5211624348168049,1939.25,0.7616425164115059,709.5625,0.2693291809409857,0.6161070303930359,2295.71875,0.8201102747038498,765.09375,0.35277281887829304,0.010610741420452513,0.3921566333942926,1533.21875,0.7235518443607516,687.46875,1.6481162309646606,0,0,1.366447489482888,0.7490945745843496,0,3.3800657116623176,0.33925165303233856,,,,,,,,,,,,,,,,0,324,1059,106.46875,275.4140625,33,33,4096,4096,4096,8.29386831499869,10.235320821011555,,,,,,,,,0.1428571428571429,-1,0.11572751247156894,0,0,1,,,,0,1.6549062728881836,1.0001581907272339,,,,,,0.5037448406219482,0.012782836332917213,0.17657756805419922,0.0054791769944131374,0.997886061668396,,,,,,,,,,,,,0.008758780008065514,0.0018721355155548736,0.00018602900672703981,1.0072294160054298,0.07559844183140285,0.0040422999882139266,0.013717640016693622,0.0046836731057169345,0.00048693999997340143,0,0,0,,,,,1,0.80078125,0,205
119,12570.72151028,1787526529.9566226,0.78125,0,61.7580783367157,0.030214041471481323,0.1428571492433548,-1,0.09375,0.1990273892879486,0.0018470064969733357,1.0563240051269531,0.987966775894165,0.9357428550720215,0,0,0.014516577124595642,0.00016899826005101204,1.000169038772583,0.010784459300339222,0.009103708900511265,0.008958904072642326,0.01223200373351574,0.00016899826005101204,1.0004771947860718,0.6167230606079102,0.00016899826005101204,1,6.90625,39.34375,0.012574262802832874,0.03125,0,851.75,0,4.663236098157994,0.3719254397910239,0.5201359259863481,1775.75,0.76011126232684,650.71875,0.27268752083182335,0.6154888311608018,2107.96875,0.8191199146246222,702.34375,0.3606860116124153,0.011066664991611058,0.37814862612281025,1386.5,0.7157819182841965,630.625,1.6202242374420166,0,0,1.3769742991068747,0.7384482145599562,0,4.591288308244689,0.38126170520478675,,,,,,,,,,,,,,,,0,253,818,108.5703125,281.2265625,35,35,4096,4096,4096,8.377241262001917,10.381062975997338,,,,,,,,,0,0,0,0,0,1,,,,0,1.7037830352783203,0.9997217655181885,,,,,,0.5328512191772461,0.011400698684155941,0.13282322883605957,0.004913633223623037,0.9979423880577087,,,,,,,,,,,,,0.05033328900753986,0.0016813892743812175,0.0001804899948183447,0.878935440996429,0.06421685766451901,0.008139269004459493,0.05549233898636885,0.004925215518767345,0.0005148900090716779,0,0,0,,,,,1,0.78125,0,200
120,12643.773721015,1787526604.389303,0.62109375,1.3010426069826053e-18,60.946269273757935,0,0,0,0,0.179942324757576,0,1.0212411880493164,0.9910783171653748,0.9280204772949219,0,0,0.011659670621156693,0,1,0,0,0,0.009048077277839184,0,0.9997488856315613,0.5993776321411133,0,1,6.8125,35.3125,0.01000464968562913,0,0,868.5625,0,5.327038028772319,0.37957440429777256,0.5192307520618644,1807.46875,0.756141073425454,660.0625,0.264279430732131,0.6153997254557968,2147.78125,0.814662778731482,712.875,0.36145176365971565,0.009779645921899765,0.37749118214866006,1387.78125,0.7153504797272368,636.21875,1.7984607219696045,0,0,1.3580350818884914,0.7362520896521632,0,5.117129886577599,0.38981676478439176,,,,,,,,,,,,,,,,0,375,1035,95.2265625,204.62109375,34,34,4096,4096,4096,7.813242510994314,9.937045381011558,,,,,,,,,0.1428571428571429,-1,0.0668153104781061,0,0,1,,,,0,1.6517038345336914,1.00050950050354,,,,,,0.501807689666748,0.012451301328837872,0.1531991958618164,0.005178101826459169,0.997965395450592,,,,,,,,,,,,,0.007915210007922724,0.0016353035236988944,0.00019457998860161752,0.9374053890060168,0.06042450011761957,0.0030516200058627874,0.01501450000796467,0.004204144293282752,0.0004950500006088987,0,0,0,,,,,1,0.62109375,0,159
121,12716.449216592,1787526677.7184594,0.7734375,2.6020852139652106e-18,60.129085540771484,0.005939212627708912,0.1428571492433548,-1,0.03125,0.18443742394447327,0.0028997051995247602,1.015812873840332,0.9889001846313477,0.919710636138916,0,0,0.013709774240851402,7.671257480978966e-05,1.0000767707824707,0,-0.0024778442457318306,-0.002437242306768894,0.011292766779661179,7.671257480978966e-05,1.0006967782974243,0.6087799072265625,7.671257480978966e-05,1,6.84375,33.625,0.011427290840332279,0.03125,0,761.8125,0,5.672720022655604,0.45471745872737046,0.5167716064951122,1573.53125,0.7528681204138135,574.90625,0.2851501666009426,0.6094559802264312,1857.25,0.8082802372861768,617.9375,0.3677317015826702,0.010355474724362525,0.3600049046793401,1201.53125,0.69883795095445,552.71875,1.5680508613586426,0,0,1.3655234695141996,0.7428679753353626,0,6.580995484193997,0.4822334748287049,,,,,,,,,,,,,,,,0,298,798,96.94921875,222.83203125,35,35,4096,4096,4096,8.115587601001607,9.648625400004676,,,,,,,,,0.1428571428571429,-1,0.09449111825230681,0,0,1,,,,4.0291710320161656e-05,2,0.9998376369476318,,,,,,0.7059788703918457,0.011552327312529087,0.1564490795135498,0.004922379273921251,0.9980087876319885,,,,,,,,,,,,,0.006989030007389374,0.0016585203085810463,0.0001735499972710386,0.8080110529990634,0.05939139257793613,0.005500849991221912,0.01475969998864457,0.0040470307774285175,0.000457349990028888,0,0,0,,,,,1,0.7734375,0,198
122,12789.602743164,1787526750.096315,0.6796875,2.6020852139652106e-18,59.39359188079834,0.01899890974164009,0.1428571492433548,-1,0.0625,0.18395911157131195,0.0007061769138090312,1.0211257934570312,0.9889662265777588,0.9453849792480469,0,0,0.013413484208285809,8.434010669589043e-05,1.0000842809677124,0.011748729273676872,0.004482734017074108,0.004483996890485287,0.011202342808246613,8.434010669589043e-05,0.9998308420181274,0.6118998527526855,8.434010669589043e-05,1,6.90625,31.84375,0.012126796983749466,0.03125,0,775.59375,0,3.2802737468881658,0.4267568203099874,0.5152067871094244,1597.71875,0.7532223691437947,585.65625,0.29697656631469727,0.6072675751586634,1889.90625,0.8060504198869359,628.34375,0.3335216175764799,0.009175697413119945,0.3643840237167552,1216.34375,0.698093727613304,560.1875,1.3014472126960754,0.03125,0,1.3507928980566901,0.7356810999679443,0,3.1318503069119434,0.4216091317296836,,,,,,,,,,,,,,,,0,273,930,93.54296875,214.7890625,33,33,4096,4096,4096,7.706004293999285,9.986949818005087,,,,,,,,,0.1428571428571429,-1,0.09449111825230681,0,0,1,,,,0,1.6761360168457031,1.0000957250595093,,,,,,0.5979492664337158,0.011237314902245998,0.1565546989440918,0.004790197126567364,0.9978255033493042,,,,,,,,,,,,,0.010953639008221216,0.0015940530080342796,0.00018267000268679112,0.918689540005289,0.06419509874996265,0.003257579999626614,0.05684359800943639,0.004388905762255035,0.00048340098874177784,0,0,0,,,,,1,0.6796875,0,174
123,12864.023536793,1787526823.2498972,0.58203125,3.903127820947816e-18,60.30865693092346,0.016504177823662758,0.1428571492433548,-1,0.0625,0.1710388958454132,0.0008055252255871892,1.021738052368164,0.9916561841964722,0.9477896690368652,0,0,0.011399494484066963,0.00012508034706115723,1.0001251697540283,0.012721464037895203,0.0011642812751233578,0.0010434548603370786,0.008475292474031448,0.00012508034706115723,1.0001261234283447,0.5499382019042969,0.00012508034706115723,1,6.84375,27.46875,0.009149887359339134,0.03125,0,748.34375,0,2.699230860586234,0.4443798561241477,0.5170168704316664,1544.84375,0.7505739684058841,562.78125,0.2850536946207285,0.6044231673195768,1818.84375,0.8025319503367898,604.625,0.3573331702500582,0.008992079210757453,0.3549887756106575,1153.84375,0.6940999797347865,537.8125,1.328554630279541,0,0,1.3569281848992332,0.7229383442971233,0,2.6897553711423803,0.45356840330180254,,,,,,,,,,,,,,,,0,323,1119,88.55078125,213.44921875,35,35,4096,4096,4096,8.122189631001675,9.714316176992725,,,,,,,,,0.1428571428571429,-1,0.11572751247156894,0,0,1,,,,0,1.6869392395019531,1.0003963708877563,,,,,,0.5229158401489258,0.012101814150810242,0.1266040802001953,0.0052041709423065186,0.9979084730148315,,,,,,,,,,,,,0.007496119011193514,0.0015722219211511401,0.00020630999642889947,0.7636438949994044,0.06397651421480077,0.003409468990867026,0.06148589900112711,0.0037640908438447696,0.0006635099998675287,0,0,0,,,,,1,0.58203125,0,149
124,12938.217587143,1787526897.6984005,0.65625,1.3010426069826053e-18,61.50006079673767,0.028046440333127975,0.1428571492433548,-1,0.09375,0.18278300762176514,0.004601569846272469,1.0198993682861328,0.9910576343536377,0.9377346038818359,0,0,0.012765840627253056,0.00011100084520876408,1.0001111030578613,0.027099717408418655,0.006100786384195089,0.00576974218711257,0.00911116786301136,0.00011100084520876408,1.0002155303955078,0.597508430480957,0.00011100084520876408,1,6.8125,26.21875,0.009690154920010104,0.03125,0,708.40625,0,3.1631505079553293,0.4397266544914904,0.5196882646157289,1474.40625,0.753221658646388,536.1875,0.2567562274634838,0.6070192471463632,1729.71875,0.8057068129984459,575,0.3567945435643196,0.010556658915307209,0.3564976144979023,1092.59375,0.6931076273249048,509.09375,1.426649272441864,0,0,1.364614468549443,0.7372532793622042,0,3.086419734011803,0.44486817803376577,,,,,,,,,,,,,,,,0,293,1089,102.51171875,281.6171875,33,33,4096,4096,4096,8.214101588004269,9.775833265011897,,,,,,,,,1,-1,0.09449111825230681,0,0,1,,,,0,1.6828927993774414,0.9999646544456482,,,,,,0.5205140113830566,0.0114606823772192,0.13527154922485352,0.00502407643944025,0.9976350665092468,,,,,,,,,,,,,0.011178200002177618,0.0017457848557569378,0.00018634999287314713,0.8982417099905433,0.09107937663623034,0.005648129998007789,0.015874350006924942,0.004558401337305895,0.0005005800048820674,0,0,0,,,,,1,0.65625,0,168
125,13012.632337702,1787526971.812081,0.61328125,2.6020852139652106e-18,61.213874101638794,0.017291642725467682,1,-1,0.0625,0.17923814058303833,0.0010214154608547688,1.0233983993530273,0.9874759912490845,0.9222393035888672,0,0,0.01505958940833807,0.00015140604227781296,1.000151515007019,0.003443667897954583,-0.0010219670366495848,-0.000885282177478075,0.012730175629258156,0.00015140604227781296,0.9998500347137451,0.5987443923950195,0.00015140604227781296,1,6.90625,32.5625,0.01367844773444489,0.03125,0,820.09375,0,8.542847717572975,0.3879159112036216,0.5122667274711703,1674.84375,0.7502266178402219,615.0625,0.27802890725433826,0.6075277215533366,1999.90625,0.8072215323043278,664.71875,0.3490615151822567,0.013567593223100218,0.37006079141132964,1294.25,0.7118139889427335,598.65625,1.6685484051704407,0,0,1.370693612131463,0.7286672664527595,0,11.056716693654652,0.3787829052160483,,,,,,,,,,,,,,,,0,317,1169,84.04296875,202.0546875,31,31,4096,4096,4096,7.978958245003014,9.86034446299891,,,,,,,,,1,-1,0.1450721143684993,0,0,1,,,,0,1.697087287902832,0.9995965361595154,,,,,,0.6103895902633667,0.010746547020971775,0.20743370056152344,0.004727360792458057,0.9977827668190002,,,,,,,,,,,,,0.006555929998285137,0.001518421832201966,0.00019027000234927982,0.8803694210073445,0.06697895922269481,0.004645630004233681,0.05975787799980026,0.003887552605306155,0.00040128000546246767,0,0,0,,,,,1,0.61328125,0,157
126,13088.492365164,1787527046.5476694,0.73828125,1.734723475976807e-18,61.54915904998779,0.0410178005695343,1,-1,0.125,0.16212493181228638,0.0025913813151419163,1.0291061401367188,0.9907504320144653,0.916649341583252,0,0,0.013229998759925365,0.0003272776957601309,1.0003273487091064,0.03237582743167877,0.002174538094550371,0.002144287573173642,0.009433186613023281,0.0003272776957601309,0.9994000792503357,0.5431385040283203,0.0003272776957601309,1,6.875,23.0625,0.01072258745588968,0.03125,0,672.34375,0,6.7319606450100204,0.4019972540706255,0.5112757337308735,1377.21875,0.7465243417936801,503.3125,0.26390269584953785,0.6035727034006314,1629.90625,0.7994168192627134,540.59375,0.34807290881872177,0.012177340989122598,0.3520521124135251,1017.09375,0.6920236022803308,479.46875,1.6938428282737732,0,0,1.310301690078362,0.7594240853373484,0,6.4109915124194226,0.4210601327639303,,,,,,,,,,,,,,,,0,343,911,96.359375,224.05859375,35,35,4096,4096,4096,7.9087567269889405,9.698311529005878,,,,,,,,,0.2857142857142857,-1,0.11007882148158886,0,0,1,,,,0,1.5131416320800781,0.9999345541000366,,,,,,0.6381615400314331,0.009266404435038567,0.12103080749511719,0.003942443523555994,0.9980052709579468,,,,,,,,,,,,,0.008116960001643747,0.0018091758862510687,0.00023191999935079366,0.8918500610016054,0.06446671919974278,0.004947990004438907,0.06444604799617082,0.004898209690566091,0.0005859999946551397,0,0,0,,,,,1,0.73828125,0,189
127,13160.996291053,1787527121.855757,0.65234375,2.6020852139652106e-18,62.707467555999756,0.023312343284487724,0.2857142984867096,-1,0.0625,0.14766176044940948,0.0011927240993827581,1.0289087295532227,0.9915237426757812,0.9512085914611816,0,0,0.011244048364460468,0.00025666365399956703,1.0002567768096924,0.014807458035647869,0.0035188887268304825,0.003470596857368946,0.00859600119292736,0.00025666365399956703,0.9997188448905945,0.5282611846923828,0.00025666365399956703,1,6.65625,23.5,0.009511083164145628,0.03125,0,770.875,0,2.7899317748634562,0.44032261748987317,0.5090801660312553,1554.4375,0.7400007760144274,566.28125,0.268287118524313,0.6053561880190139,1862.4375,0.7995775287724836,616.0625,0.34923231415450573,0.008101527090508046,0.34718524736305933,1160.4375,0.6867065739362512,547.25,1.3610379099845886,0,0,1.2925952001894483,0.7154070223112898,0,2.6258855291208665,0.45793216871517023,,,,,,,,,,,,,,,,0,366,1100,107.9921875,297.58203125,35,35,4096,4096,4096,8.035335562992259,10.028384667006321,,,,,,,,,0.7142857142857143,-1,0.15361295119718976,0,0,1,,,,0,1.9075841903686523,0.9999123811721802,,,,,,0.645838737487793,0.009774499572813511,0.13279271125793457,0.0042914701625704765,0.9979555010795593,,,,,,,,,,,,,0.0062088699924061075,0.0018565036136806157,0.0002538799890317023,0.8550419219973264,0.0789732909884151,0.003970869991462678,0.06450837801094167,0.005256655586265424,0.0005533900111913681,0,0,0,,,,,1,0.65234375,0,167
128,13234.722799799,1787527194.98402,0.67578125,3.903127820947816e-18,59.97684669494629,0.04259318485856056,0.7142857313156128,-1,0.09375,0.15907007455825806,0.002761970041319728,1.0206279754638672,0.9897584915161133,0.9490861892700195,0,0,0.012636159546673298,0.0002627396024763584,1.0002628564834595,0.03418661281466484,-0.0011289031244814396,-0.0012863774318248034,0.010382771492004395,0.0002627396024763584,1.0001412630081177,0.6298117637634277,0.0002627396024763584,1,6.8125,32.6875,0.010873717460849017,0.03125,0,863.9375,0,4.035675184731936,0.36630636148794443,0.5088536365203895,1749.78125,0.7466428731479944,642.8125,0.2851561959832907,0.6065789666403454,2098.90625,0.8037026486063308,695.96875,0.36226082779467106,0.010641479660421277,0.3578120063270196,1327.5,0.6959828879638288,620.53125,1.4884315133094788,0,0,1.3561010521902452,0.7502297859384671,0,3.9477154963831422,0.3901931823392751,,,,,,,,,,,,,,,,0,289,1026,86.625,197.96484375,34,34,4096,4096,4096,7.935064829987823,9.390341138001531,,,,,,,,,0.8571428571428572,-1,0.16170330603816815,0,0,1,,,,0,1.6212282180786133,1.0001440048217773,,,,,,0.528601884841919,0.008623200468719006,0.1500835418701172,0.0038529427256435156,0.9978116750717163,,,,,,,,,,,,,0.0056174400087911636,0.001455773175791819,0.00021352000476326793,0.7688238150003599,0.06689092405099473,0.003622390009695664,0.015799109009094536,0.003985419498405918,0.0004466600075829774,0,0,0,,,,,1,0.67578125,0,173
129,13305.242819526,1787527268.287284,0.74609375,2.8189256484623115e-18,60.234346866607666,0.050526365637779236,0.8571428656578064,-1,0.125,0.13712142407894135,0.006422338541597128,1.0198898315429688,0.9917483329772949,0.9336576461791992,0,0,0.011530483141541481,0.0002974453382194042,1.0002974271774292,0.03450750932097435,0.0031998716294765472,0.0030144210904836655,0.008384938351809978,0.0002974453382194042,1.0001106262207031,0.5894269943237305,0.0002974453382194042,1,6.8125,18.90625,0.008855482501856709,0.03125,0,693,0,3.1606403599739834,0.4362981504123527,0.5052648254643153,1390.5,0.7383293731127256,508.6875,0.2624682616442442,0.6041439274329877,1673.3125,0.7978284302936043,553.1875,0.3276084717363119,0.008056902015271407,0.3372902962715173,1010.78125,0.6830077568238087,487.71875,1.4158037304878235,0,0,1.3133148252215845,0.7489034289359908,0,3.100792565327221,0.4508791589635859,,,,,,,,,,,,,,,,0,304,1100,83.95703125,203.5234375,31,31,4096,4096,4096,7.980420018007862,9.961173186005908,,,,,,,,,1,-1,0.11572751247156894,0,0,1,,,,0,1.6628265380859375,1.0001654624938965,,,,,,0.5085194110870361,0.008161977864801884,0.17669010162353516,0.003659991780295968,0.9980665445327759,,,,,,,,,,,,,0.007752079996862449,0.0015648823521132726,0.00020485100685618818,0.9061677510035224,0.07135532779727782,0.004944419997627847,0.017087258005631156,0.003681874448659528,0.0004960999940522015,0,0,0,,,,,1,0.74609375,0,191
130,13377.940244655,1787527339.405644,0.71484375,1.3010426069826053e-18,57.667046308517456,0.027744747698307037,1,-1,0.09375,0.135220468044281,0.0019078562036156654,1.025747299194336,0.9905864596366882,0.9391789436340332,0,0,0.012237693183124065,0.0001046457327902317,1.0001046657562256,0.04072226583957672,-0.003501585219055414,-0.00355819845572114,0.009553316049277782,0.0001046457327902317,1.0002832412719727,0.6042609214782715,0.0001046457327902317,1,6.78125,19.375,0.009784433973614639,0.03125,0,671.65625,0,3.083388205972782,0.41789887785905144,0.5013740412844587,1343.5,0.733798001856373,492.8125,0.25907379016280174,0.5998805895719379,1611.9375,0.793165409861845,534.0625,0.3229608815163374,0.008393012139270786,0.34129891052126604,971.59375,0.6846201673844037,470.65625,1.3293814063072205,0,0,1.3156676613617067,0.7661765781499876,0,2.9499830645834426,0.4389100104058847,,,,,,,,,,,,,,,,0,289,831,79.2890625,167.75390625,30,30,4096,4096,4096,7.753368464997038,9.586292947002221,,,,,,,,,0.1428571428571429,-1,0.0668153104781061,0,0,1,,,,0,1.6200227737426758,1.00007963180542,,,,,,0.5195560455322266,0.008497392758727074,0.12811565399169922,0.0037913478445261717,0.9979364275932312,,,,,,,,,,,,,0.010020039000664838,0.0015755651214135469,0.00020941901311744004,0.8575309529987862,0.04775300818408823,0.005568310007220134,0.018977049985551275,0.003529897265480031,0.00047281000297516584,0,0,0,,,,,1,0.71484375,0,183
131,13453.780759804,1787527411.7554936,0.4765625,2.6020852139652106e-18,59.30903339385986,0.008528663776814938,0.1428571492433548,-1,0.03125,0.1345524787902832,0.0005000330274924636,1.0444021224975586,0.9925430417060852,0.9345030784606934,0,0,0.010257484391331673,3.5304808989167213e-05,1.000035285949707,0.004741773474961519,0.0009518467704765499,0.0009549790993332863,0.00756573211401701,3.5304808989167213e-05,1.000007152557373,0.5947837829589844,3.5304808989167213e-05,1,6.78125,17.625,0.008133124463858003,0.03125,0,634.3125,0,25.601418555098324,0.4552723278359945,0.5034414092553312,1275.5625,0.7360804305924333,466.8125,0.2726813405752182,0.6023394988444333,1524.3125,0.7933707934014881,503.21875,0.3372808862477541,0.007765812280175071,0.3347578694126302,910.90625,0.6676139456145358,437.59375,1.4747285842895508,0,0,1.3076016683828955,0.7588834271707334,0,25.54461462783781,0.4609883947768823,,,,,,,,,,,,,,,,0,287,1030,95.33203125,231.82421875,32,32,4096,4096,4096,8.003742946995771,10.16170158899331,,,,,,,,,0.5714285714285714,-1,0.13832083379312204,0,0,1,,,,0,1.497593879699707,0.9998897314071655,,,,,,0.46394169330596924,0.008491801097989082,0.13274741172790527,0.003835186827927828,0.997869610786438,,,,,,,,,,,,,0.00915718000032939,0.0014192461362654285,0.00020895000488962978,0.8597143030056031,0.05660357331294108,0.0028292000060901046,0.014916730011464097,0.004048694772507133,0.0004933799937134609,0,0,0,,,,,1,0.4765625,0,122
132,13526.774644685,1787527487.684619,0.85546875,5.204170427930421e-18,62.88128209114075,0.03916246443986893,0.5714285969734192,-1,0.09375,0.1364651471376419,0.0015961172757670283,1.0244483947753906,0.9912827014923096,0.9290776252746582,0,0,0.011430918239057064,0.0004996093921363354,1.0004997253417969,0.030164912343025208,0.007665354758501053,0.00744263269007206,0.008849666453897953,0.0004996093921363354,1.0000241994857788,0.6287999153137207,0.0004996093921363354,1,6.78125,23.84375,0.009357548161278362,0.03125,0,762.65625,0,2.506267366850212,0.46708777433014564,0.5026609972158423,1528.125,0.7343219569137605,559.59375,0.2560804896056652,0.6023355087163834,1838.25,0.794771463931427,607.03125,0.3297632671892643,0.0069766602368366345,0.3443133890696294,1130.21875,0.6798898370148624,535.71875,1.137224793434143,0,0,1.3074016825181014,0.7584791098492507,0,2.346460739862704,0.4674888211726167,,,,,,,,,,,,,,,,0,304,952,111.296875,291.5703125,32,32,4096,4096,4096,7.991506487989682,9.822140960997785,,,,,,,,,0.2857142857142857,-1,0.1450721143684993,0,0,1,,,,0,1.6306648254394531,0.9995734095573425,,,,,,0.5331296920776367,0.009055322967469692,0.1353309154510498,0.0039021160919219255,0.9980729818344116,,,,,,,,,,,,,0.007783458990161307,0.001821896890987773,0.00015157999587245286,0.09911387700412888,0.04701244033964258,0.004202789001283236,0.019135639988235198,0.005354617283558127,0.0004898600018350407,0,0,0,,,,,1,0.85546875,0,219
133,13600.810625881,1787527560.5947704,0.6796875,2.6020852139652106e-18,58.968544721603394,0.03722785413265228,0.2857142984867096,-1,0.125,0.1469508409500122,0.0024590366519987583,1.024087905883789,0.9877777099609375,0.8931965827941895,0,0,0.014311006292700768,0.0003908919170498848,1.000390887260437,0.012841887772083282,0.0006976943695917726,0.00033272308064624667,0.012422503903508186,0.0003908919170498848,0.9996011257171631,0.5867643356323242,0.0003908919170498848,1,6.875,35.4375,0.013402256342690622,0.03125,0,890.375,0,4.845277799189245,0.3499940065074606,0.5053300599823474,1798.84375,0.7375392007674453,657,0.27503918297588825,0.6027817575369803,2149.9375,0.7980864813408945,712.09375,0.3349213693290949,0.011005074510824178,0.3583738011525559,1361.65625,0.6971369207234624,636.71875,1.7511981129646301,0,0,1.3083259085907977,0.721663315732729,0,3.7697781456899992,0.34677234325678463,,,,,,,,,,,,,,,,0,275,900,92.3125,204.30078125,30,30,4096,4096,4096,7.737572647005436,9.928861727006733,,,,,,,,,0.1428571428571429,-1,0.09449111825230681,0,0,1,,,,0,1.5707788467407227,1.00002121925354,,,,,,0.4977560043334961,0.008198440074920654,0.12752342224121094,0.0035314259584993124,0.9982703924179077,,,,,,,,,,,,,0.008567249999032356,0.001764708375162627,0.00018579099560156465,0.9205788109975401,0.047414017402672926,0.002008789000683464,0.012113059987314045,0.0042151396785357065,0.0007485399983124807,0,0,0,,,,,1,0.6796875,0,174
134,13671.453393875,1787527634.7705562,0.66796875,0,60.9415020942688,0.0185740664601326,0.1428571492433548,-1,0.0625,0.13832111656665802,0.000677607546094805,1.021224021911621,0.9924989938735962,0.9288544654846191,0,0,0.010898454114794731,0.00014568748883903027,1.000145673751831,0.01125307660549879,0.00391596183180809,0.003593763802200556,0.007618407718837261,0.00014568748883903027,0.999725341796875,0.6078934669494629,0.00014568748883903027,1,6.78125,24.09375,0.008408667470010156,0.03125,0,738.5,0,2.7787865171939012,0.44664622248805963,0.5009192527947611,1471.84375,0.7334838143794933,541.1875,0.27040423452854156,0.6033017916181995,1788.625,0.7973705454892461,591.09375,0.294756717979908,0.007124994419386464,0.3414048353892806,1084.90625,0.6787791293521264,518.90625,1.3138961791992188,0,0,1.286572722189137,0.7576972044563016,0,2.6214653111949353,0.4501327002492854,,,,,,,,,,,,,,,,0,281,1146,94.6875,263.3828125,32,32,4096,4096,4096,8.048839127004612,9.92345313700207,,,,,,,,,1,-0.7142857142857143,0.1694077317947346,0,0,1,,,,0,1.708578109741211,0.9998028874397278,,,,,,0.5356616973876953,0.008469201624393463,0.1567983627319336,0.003720272332429886,0.9980367422103882,,,,,,,,,,,,,0.0061096690042177215,0.0015808557186574035,0.00017778998881112784,0.8326186040067114,0.055561625558596006,0.006392380004399456,0.013612828974146396,0.004189148281398047,0.000541199988219887,0,0,0,,,,,1,0.66796875,0,171
135,13744.424774085,1787527705.3419504,0.609375,1.734723475976807e-18,57.03335094451904,0.05513564869761467,1,-0.7142857313156128,0.125,0.1358998417854309,0.002409533830359578,1.0278825759887695,0.9909034967422485,0.9300942420959473,0,0,0.011750263161957264,0.00028177560307085514,1.000281810760498,0.06347108632326126,-0.007616535760462284,-0.007556037977337837,0.009232768788933754,0.00028177560307085514,0.9995659589767456,0.6654505729675293,0.00028177560307085514,1,6.90625,27.1875,0.010204666974916716,0.03125,0,757.5,0,3.4030113834957754,0.40150976697284246,0.5027773293205509,1518,0.73451457629178,555.9375,0.26697091944515705,0.609007838701284,1841.6875,0.7983660488145947,605.25,0.33769856207072735,0.008707673414506952,0.33950853398998404,1114.75,0.6790068372705205,532.46875,1.4961273670196533,0,0,1.2959518955424394,0.745540300265545,0,3.404534758618325,0.39606802353335147,,,,,,,,,,,,,,,,0,232,767,84.89453125,202.89453125,33,33,4096,4096,4096,7.844067762998748,10.08538645200315,,,,,,,,,0.8571428571428572,-1,0.14725377234348788,0,0,1,,,,0,1.4061012268066406,0.9995096325874329,,,,,,0.5347585678100586,0.008419104851782322,0.13533449172973633,0.003660589223727584,0.9981853365898132,,,,,,,,,,,,,0.006238469999516383,0.0013946747813520233,0.0001963499962585047,0.9301983800105518,0.06507889647974707,0.0037765000015497208,0.015795550993061624,0.00375225600680551,0.00044970000453758985,0,0,0,,,,,1,0.609375,0,156
136,13818.425052122,1787527778.4730382,0.6484375,2.6020852139652106e-18,59.39875602722168,0.040124550461769104,0.8571428656578064,-1,0.09375,0.13135464489459991,0.004892152734100819,1.029688835144043,0.99271559715271,0.945807933807373,0,0,0.010502892546355724,0.00038409745320677757,1.0003842115402222,0.029779084026813507,-0.009980269707739353,-0.009666891768574715,0.007397660985589027,0.00038409745320677757,0.9993070363998413,0.5858092308044434,0.00038409745320677757,1,6.75,23.53125,0.008590643609686519,0.03125,0,679.15625,0,5.448415560857557,0.47374824314340586,0.5049443055883048,1364.75,0.7348538213218776,497.96875,0.2569566536694765,0.6036573852835804,1635.34375,0.7935654760678709,539.46875,0.30496643483638763,0.006788896581698669,0.32274751578756017,961.53125,0.6626199414779712,467.625,1.2319153547286987,0,0,1.2573871416226468,0.7566486933783676,0,5.362586170417335,0.46837470870459974,,,,,,,,,,,,,,,,0,276,1210,88.75,240.57421875,32,32,4096,4096,4096,8.016097526997328,9.89224940900749,,,,,,,,,0.1428571428571429,-1,0.09449111825230681,0,0,1,,,,0,1.4396228790283203,0.999956488609314,,,,,,0.5743730068206787,0.008134769275784492,0.1307206153869629,0.003524159314110875,0.9979172945022583,,,,,,,,,,,,,0.006952470008400269,0.0016015112616400984,0.00020514000789262354,0.9037608610087773,0.05659167919554875,0.002627800000482239,0.015045729000121355,0.004428220020372464,0.0005108799959998578,0,0,0,,,,,1,0.6484375,0,166
137,13891.990387913,1787527851.8055303,0.78125,0,60.623220920562744,0.014498590491712093,0.1428571492433548,-1,0.0625,0.12582184374332428,0.002259192056953907,1.018106460571289,0.9892960786819458,0.9327387809753418,0,0,0.013141182251274586,0.00016059773042798042,1.0001606941223145,0,-0.0014798727352172136,-0.0013274447992444038,0.010891931131482124,0.00016059773042798042,0.9997351765632629,0.5630574226379395,0.00016059773042798042,1,6.78125,25.625,0.011709515777547662,0.03125,0,710,0,2.9515895230005107,0.4609974245584497,0.4899945455334672,1389.78125,0.7180602845195169,510.59375,0.24521316215395927,0.6051910215417439,1713.5625,0.7884682109899468,560.90625,0.30016590654850006,0.010288474018255719,0.3200761792964447,1006.96875,0.6476787252495401,481.03125,1.3405503034591675,0,0,1.2760006132935562,0.7476955227451628,0,2.7281252654387047,0.4696768863421362,,,,,,,,,,,,,,,,0,296,984,90.53125,241.2734375,30,30,4096,4096,4096,7.852354012997239,10.08599624200724,,,,,,,,,0.5714285714285714,-1,0.1636634176769943,0,0,1,,,,0,1.6214933395385742,0.9999611377716064,,,,,,0.5343618392944336,0.007324069272726774,0.17134666442871094,0.003135938663035631,0.9981092214584351,,,,,,,,,,,,,0.010247439990052953,0.0016169102111120992,0.0001829089887905866,0.8935186410089955,0.05867570742645967,0.007791419004206546,0.057025938003789634,0.0045466828008216,0.0003830799978459254,0,0,0,,,,,1,0.78125,0,200
138,13964.911954755,1787527925.939193,0.76953125,3.903127820947816e-18,61.01245713233948,0.04760006442666054,0.5714285969734192,-1,0.125,0.12182559818029404,0.004796937573701143,1.0231246948242188,0.9872520565986633,0.9346537590026855,0,0,0.015189976431429386,0.0004911427386105061,1.0004913806915283,0.01209954172372818,-0.011687714606523514,-0.011420679278671741,0.012965252622961998,0.0004911427386105061,0.9999547004699707,0.5860414505004883,0.0004911427386105061,1,6.8125,22.90625,0.013487086845088377,0.03125,0,724.25,0,3.3204533918584134,0.3690121729601048,0.48255767615592937,1392.03125,0.706986333548973,511.15625,0.27271902188658714,0.6009645474799434,1739.09375,0.7815217315977983,567.125,0.34211461059749126,0.01123034270432094,0.3218273532787375,1012.78125,0.6426242334749386,485.6875,1.6051360964775085,0,0,1.2965462065518538,0.752526917242547,0,3.1867624845711444,0.38218114480882626,,,,,,,,,,,,,,,,0,264,1032,95.890625,263.50390625,30,30,4096,4096,4096,7.981865418012603,9.476054561004275,,,,,,,,,0.1428571428571429,-1,0.11572751247156894,0,0,1,,,,0,1.6812639236450195,1.0000693798065186,,,,,,0.526139497756958,0.0072994474321603775,0.13287138938903809,0.003105420619249344,0.9981427788734436,,,,,,,,,,,,,0.009094319000723772,0.0017309601565216326,0.0001609499886399135,0.7789905359968543,0.06828900603920829,0.004406670996104367,0.019126899976981804,0.004787286528255663,0.000603879991103895,0,0,0,,,,,1,0.76953125,0,197
139,14034.823008251,1787527998.6671133,0.79296875,8.673617379884035e-19,59.668803691864014,0.022531239315867424,0.1428571492433548,-1,0.09375,0.1157742291688919,0.001794298063032329,1.0406007766723633,0.9886562824249268,0.9412331581115723,0,0,0.01437370479106903,0.00024014641530811787,1.0002402067184448,0.007526750210672617,-0.001182511798106134,-0.0009865306783467531,0.011527135968208313,0.00024014641530811787,0.9999904632568359,0.5908799171447754,0.00024014641530811787,1,6.8125,27.5,0.012027032842578216,0.03125,0,767.125,0,5.726759352011887,0.3602480039573469,0.4776994055434646,1470.375,0.6996620289344346,539.96875,0.2508447151631117,0.6024990037923544,1849.25,0.7774100570429475,599.5,0.3355265110731125,0.010500273347040507,0.320304873217972,1068.34375,0.633693018333684,510.4375,1.637061357498169,0,0,1.3152449576389909,0.7604512299825557,0,5.714932721607836,0.3696499386260762,,,,,,,,,,,,,,,,0,238,875,88.8359375,245.6015625,30,30,4096,4096,4096,8.108658024997567,10.090270241998951,,,,,,,,,0.5714285714285714,-1,0.12111303541295121,0,0,1,,,,4.397150769364089e-05,2,0.9999896287918091,,,,,,0.7103562355041504,0.006505019962787628,0.13416552543640137,0.0029541230760514736,0.9977824687957764,,,,,,,,,,,,,0.007020119999651797,0.0015186356643539511,0.0002151100052287802,0.8544502830045531,0.05207563954672878,0.0026055799971800297,0.017277898994507268,0.004652147719127697,0.0006198000046424568,0,0,0,,,,,1,0.79296875,0,203
140,14104.301398821,1787528068.2620313,0.68359375,1.3010426069826053e-18,56.6016161441803,0.02695303037762642,0.5714285969734192,-1,0.0625,0.10283470898866653,0.001971718156710267,1.0272645950317383,0.9885778427124023,0.9402127265930176,0,0,0.014180272817611694,0.00027527171187102795,1.0002752542495728,0.018217341974377632,0.0021777485962957144,0.0021995145361870527,0.011612972244620323,0.00027527171187102795,0.9999159574508667,0.5498733520507812,0.00027527171187102795,1,6.78125,22.21875,0.012153060422675815,0.03125,0,710.6875,0,7.614447524946469,0.39856384453615357,0.46419242735367466,1323.625,0.6859112419676072,489.71875,0.2568495590239763,0.5953702856689005,1696.71875,0.7655216384596354,547.03125,0.33323483914136887,0.01159295321117456,0.29998037144719014,936.78125,0.6067003215585631,454.90625,1.7092013955116272,0.03125,0,1.2711247024048447,0.7519314113221891,0,12.459584516299302,0.4034828337262998,,,,,,,,,,,,,,,,0,244,1042,69.9296875,190.87109375,30,30,4096,4096,4096,7.7992077140079346,10.035604474003776,,,,,,,,,0.1428571428571429,-1,0.0668153104781061,0,0,1,,,,0,1.564188003540039,0.999853253364563,,,,,,0.49312591552734375,0.006493572145700455,0.12246894836425781,0.002795784967020154,0.9979838728904724,,,,,,,,,,,,,0.008404959997278638,0.0016112441639393182,0.00018447999900672585,0.9564824190019863,0.08041140516024825,0.004948169997078367,0.015412230000947602,0.0038372515855371603,0.000413820001995191,0,0,0,,,,,1,0.68359375,0,175
141,14179.437325391,1787528138.3002534,0.80859375,1.3010426069826053e-18,56.826332330703735,0.011252446100115776,0.1428571492433548,-1,0.03124999813735485,0.09491445124149323,0.0007623225101269782,1.027883529663086,0.9909324645996094,0.9359230995178223,0,0,0.012403946369886398,1.5848549082875252e-05,1.0000158548355103,0.011344177648425102,0.004567986819893122,0.004134598653763533,0.009249778464436531,1.5848549082875252e-05,0.9999258518218994,0.6107144355773926,1.5848549082875252e-05,1,6.625,15.59375,0.009761527157258566,0.03125,0,559.4375,0,2.1209963095500557,0.49680293860516866,0.4594495286372652,1028.40625,0.6773209718756473,380.34375,0.2611390631645918,0.594230384530105,1327.71875,0.7597572808998272,426.65625,0.32345416210591793,0.009158515438991734,0.2689197815088621,669.15625,0.561774447263102,333.5625,1.3163939118385315,0,0,1.2642386321019685,0.784730140034944,0,2.0865496311149676,0.5007396943874886,,,,,,,,,,,,,,,,0,207,1003,71.37109375,174.3984375,30,30,4096,4096,4096,7.783147405003547,9.48349668100127,,,,,,,,,0.1428571428571429,-1,0.0668153104781061,0,0,1,,,,0,1.6658391952514648,1.0000064373016357,,,,,,0.5103292465209961,0.006411007605493069,0.12793540954589844,0.0028146456461399794,0.9979110360145569,,,,,,,,,,,,,0.006603159999940544,0.001568284184145341,0.00020389999554026872,0.8045858450059313,0.06561805002792198,0.002971940004499629,0.018239309996715747,0.004185521261717895,0.0004479100025491789,0,0,0,,,,,1,0.80859375,0,207
142,14253.29777635,1787528212.9752834,0.61328125,1.734723475976807e-18,61.55601263046265,0.0071059963665902615,0.1428571492433548,-1,0.03124999813735485,0.09216625988483429,0.0011824979446828365,1.0255851745605469,0.9899321794509888,0.933009147644043,0,0,0.01334291696548462,0.0002248031087219715,1.0002248287200928,0,-0.0009145238436758518,-0.0007451053243130445,0.010265501216053963,0.0002248031087219715,0.999781608581543,0.6009206771850586,0.0002248031087219715,1,6.6875,18.1875,0.010890520450240353,0.03125,0,570.96875,0,3.8650139930897622,0.4731785574841051,0.457666779877437,1055.8125,0.6793958694771969,392.28125,0.23314108978956938,0.6017110736147052,1367.78125,0.7657835133993159,439.25,0.3009660132229328,0.010580609041640598,0.27219763384884654,697.3125,0.5649196854907194,345.0625,1.4848294258117676,0,0,1.2703302349270396,0.7846770385575218,0,4.20586059959874,0.4661290986652703,,,,,,,,,,,,,,,,0,284,1080,95.74609375,258.5546875,30,30,4096,4096,4096,8.086246391001623,10.172544319997542,,,,,,,,,0.2857142857142857,-1,0.11007882148158886,0,0,1,,,,0,1.7046880722045898,1.0001755952835083,,,,,,0.5333819389343262,0.005759199149906635,0.1531214714050293,0.002508581383153796,0.9981033802032471,,,,,,,,,,,,,0.007025280006928369,0.0016300440902341506,0.00020148999465163797,0.9094850419933209,0.0547500794178859,0.006294499995419756,0.06210137699963525,0.005513566105150858,0.00041557000076863915,0,0,0,,,,,1,0.61328125,0,157
143,14322.46729152,1787528286.737642,0.63671875,0,61.168492794036865,0.02072279527783394,0.2857142984867096,-1,0.0625,0.08656714856624603,0.001120436703786254,1.030583381652832,0.9878290891647339,0.9290533065795898,0,0,0.015152793377637863,0.00013916543684899807,1.0001391172409058,0.014779151417315006,-0.000850003503728658,-0.00078594870865345,0.012422885745763779,0.00013916543684899807,1.0002585649490356,0.5948605537414551,0.00013916543684899807,1,6.8125,28.1875,0.012529110883469434,0.03125,0,765.96875,0,4.4466834609547,0.3779644131504315,0.4480927006626291,1386.4375,0.6677187718935018,516.625,0.23460311972303316,0.591253537419717,1821.0625,0.7572729932336394,584.84375,0.3310389487305656,0.014158638101390968,0.2944697106434445,1001.25,0.5942212745485197,483.375,1.6997435688972473,0,0,1.3112282525388745,0.7772390691959965,0,4.748929542062996,0.39165557168269516,,,,,,,,,,,,,,,,0,231,1138,89.6640625,274.890625,27,27,4096,4096,4096,7.991008755998337,9.549055082999985,,,,,,,,,0.4285714285714286,-0.8571428571428571,0.13122266479195596,0,0,1,,,,0,1.6069059371948242,0.9999769926071167,,,,,,0.8550817966461182,0.005609577521681786,0.13286662101745605,0.002465399680659175,0.9978725910186768,,,,,,,,,,,,,0.06038832799822558,0.001851322386812626,0.00017226999625563622,0.7567124940105714,0.05101843702328779,0.007330169988563284,0.06390828799339943,0.005209376616789996,0.0004975200135959312,0,0,0,,,,,1,0.63671875,0,163
144,14393.790760686,1787528356.053775,0.76953125,1.3010426069826053e-18,56.49222707748413,0.03309771046042442,0.4285714328289032,-0.8571428656578064,0.0625,0.08064567297697067,0.0026230381336063147,1.0425825119018555,0.992331326007843,0.9339661598205566,0,0,0.010941961780190468,0.00033904542215168476,1.0003390312194824,0.02169586718082428,0.007955942302942276,0.007626596372574568,0.007800527848303318,0.00033904542215168476,0.9998728632926941,0.425248384475708,0.00033904542215168476,1,6.78125,22.9375,0.008360576084030229,0.03125,0,717.3125,0,3.886782210134355,0.4413285880691601,0.45549304969281157,1319.03125,0.6722769123523691,488.1875,0.2501211352646351,0.6081497219840593,1736.40625,0.7665548210747493,552.90625,0.37835980765521526,0.008995667353077014,0.28598257854204945,932.9375,0.585159449917276,454.34375,1.5023592114448547,0,0,1.288868016043924,0.7394798810298888,0,3.7525255231702412,0.43367960985586945,,,,,,,,,,,,,,,,0,253,1020,73.171875,190.09765625,32,32,4096,4096,4096,7.663352617993951,9.526494093006477,,,,,,,,,0.2857142857142857,-1,0.11007882148158886,0,0,1,,,,0,1.706094741821289,0.9996967315673828,,,,,,0.5342068672180176,0.0051154643297195435,0.12532758712768555,0.002285522874444723,0.9982782602310181,,,,,,,,,,,,,0.010776080001960509,0.0016092892577148632,0.0001906300021801144,0.7881956530036405,0.04585155032816601,0.005229540009167977,0.017490058991825208,0.0045550568440262396,0.0005208499933360144,0,0,0,,,,,1,0.76953125,0,197
145,14466.206651675,1787528427.7608883,0.5,0,58.023669719696045,0.021002095192670822,0.2857142984867096,-1,0.0624999962747097,0.07762165367603302,0.0013243622379377484,1.043020248413086,0.993340015411377,0.9492130279541016,0,0,0.009071077220141888,0.00019308365881443024,1.0001931190490723,0.005486641079187393,-0.0012792525812983513,-0.001177721656858921,0.006762827280908823,0.00019308365881443024,0.999823272228241,0.5941681861877441,0.00019308365881443024,1,6.6875,17.5,0.007264057513476875,0.03125,0,585.375,0,3.0552676315390954,0.5856054489925787,0.45235303479530253,1062.1875,0.674874704833657,395.46875,0.24598951172083616,0.6019533898990447,1396.96875,0.7645872895543879,448.15625,0.2753561111167073,0.006213910784064361,0.2567416346782355,712.46875,0.549829313195405,353.4375,0.9659749269485474,0,0,1.2411706422438076,0.7814976268938951,0,2.6846311536767775,0.5472929500323371,,,,,,,,,,,,,,,,0,235,885,79.77734375,193.62109375,30,30,4096,4096,4096,7.766106032999232,9.647707429001457,,,,,,,,,0,0,0,0,0,1,,,,0,1.692671775817871,1.0001049041748047,,,,,,0.526308536529541,0.004939635284245014,0.12001228332519531,0.0021792680490761995,0.9981436729431152,,,,,,,,,,,,,0.007735050006886013,0.00166122762550458,0.0002054799988400191,0.8130782119987998,0.056965844496403406,0.003192399992258288,0.01507085001503583,0.004091284809078388,0.0005362399970181286,0,0,0,,,,,1,0.5,0,128
146,14537.502697781,1787528499.608921,0.73828125,4.336808689942018e-18,59.2097065448761,0,0,0,0,0.07454842329025269,0,1.0249519348144531,0.9930627346038818,0.9456887245178223,0,0,0.0092063769698143,0,1,0,0,0,0.0070340679958462715,0,1.0001434087753296,0.6041717529296875,0,1,6.65625,18.1875,0.007213092886196893,0,0,638.21875,0,2.144558039831183,0.5130662934670962,0.4516221884180247,1165.65625,0.6702237997926388,432.75,0.22066188976168633,0.6059342169731611,1550.65625,0.768319949166327,495.09375,0.28006700321566314,0.005553687618387767,0.28014866260042937,814.625,0.5788556771511931,399.625,1.0083545446395874,0,0,1.2870017483982055,0.8022822126801763,0,2.1340372787310056,0.5216284192679126,,,,,,,,,,,,,,,,0,228,888,87.921875,236.4765625,27,27,4096,4096,4096,7.795099433002179,10.049889465008164,,,,,,,,,0.1428571428571429,-1,0.11572751247156894,0,0,1,,,,0,1.6526947021484375,1.0000072717666626,,,,,,0.7139945030212402,0.00518995663151145,0.1309061050415039,0.002377592260017991,0.9979397058486938,,,,,,,,,,,,,0.010372069998993538,0.00175162805430773,0.00023766999947838485,0.901477008999791,0.05483113873867751,0.008995680007501505,0.018086240015691146,0.005157410985077604,0.0005988800112390891,0,0,0,,,,,1,0.73828125,0,189
147,14606.603656593,1787528570.7486053,0.7421875,8.673617379884035e-19,58.73319101333618,0.025308998301625252,0.1428571492433548,-1,0.09375,0.07869920134544373,0.0009774755453690886,1.0237360000610352,0.9886865019798279,0.9389348030090332,0,0,0.012598266825079918,9.840168058872223e-05,1.000098466873169,0.017917882651090622,0.0024809197057038546,0.0022074347361922264,0.011491275392472744,9.840168058872223e-05,1.0000665187835693,0.4896843433380127,9.840168058872223e-05,1,6.6875,23.25,0.011710698431030769,0.03125,0,703.375,0,3.4066772907252076,0.47984438990554895,0.458649416472677,1294.125,0.6782447042909951,479.15625,0.21674745855852962,0.6031113356620177,1693.65625,0.7662704192823848,543.21875,0.2758544748649001,0.009851279244547963,0.2877833454556351,924.09375,0.5923484112456945,450.84375,1.4380869269371033,0,0,1.2385290407399943,0.81112795512209,0,3.2586993108558273,0.47611779775672575,,,,,,,,,,,,,,,,0,215,785,81.47265625,218.17578125,32,32,4096,4096,4096,7.670449636992998,9.520162383996649,,,,,,,,,1,-1,0.12876968840942818,0,0,1,,,,0,1.6759967803955078,0.9999304413795471,,,,,,0.5297961235046387,0.0053381589241325855,0.11719846725463867,0.002457580529153347,0.9979652166366577,,,,,,,,,,,,,0.006192179993377067,0.0016446306530610855,0.00020238000433892012,0.813331322002341,0.050105523569641264,0.004793189000338316,0.014789990003919229,0.00436775544574175,0.0005002399993827567,0,0,0,,,,,1,0.7421875,0,190
148,14676.884404365,1787528640.0947313,0.6875,1.5178830414797062e-18,56.8448691368103,0.03721446543931961,1,-1,0.09375,0.08142568171024323,0.0016243963036686182,1.0173578262329102,0.9888309836387634,0.9466943740844727,0,0,0.012851748615503311,0.0003438910935074091,1.000343918800354,0.030979039147496223,0.008437958545982838,0.008665340021252632,0.011333289556205273,0.0003438910935074091,0.9999744296073914,0.5887236595153809,0.0003438910935074091,1,6.75,21.875,0.01167369862851755,0.03125,0,651.78125,0,6.708418497595064,0.4441191486291818,0.45539881895057377,1190.0625,0.6773690141903674,442.28125,0.23562150390353054,0.6061314710767876,1562.53125,0.7676831792250186,499.125,0.3042868023039773,0.009960464897221662,0.2885730707081937,837.28125,0.5880492870860952,408.4375,1.431277871131897,0,0,1.2492614467321723,0.7823808232397576,0,5.559342535989323,0.43807415006952244,,,,,,,,,,,,,,,,0,215,1011,71.7265625,172.84375,31,31,4096,4096,4096,7.504163632998825,9.366077889004373,,,,,,,,,1,-1,0.09449111825230681,0,0,1,,,,0,1.427541732788086,1.0004929304122925,,,,,,0.49291467666625977,0.005892244167625904,0.1713416576385498,0.0026073509361594915,0.9979478716850281,,,,,,,,,,,,,0.010823119009728543,0.001717118558758557,0.0001915199973154813,0.7378567049890989,0.04166735210208117,0.005449360003694892,0.019290970012662,0.004335455140903832,0.0005336600006558001,0,0,0,,,,,1,0.6875,0,176
149,15015.943542699,1787528710.2208104,0.59375,0,57.761802434921265,0.020790915936231613,1,-1,0.0625,0.0795542299747467,0.0013836028520017862,1.0643491744995117,0.9930893182754517,0.9376726150512695,0,0,0.00973493792116642,0.00016998173668980598,1.0001699924468994,0.023552052676677704,-0.0017243814654648304,-0.0015862372238188982,0.007035914808511734,0.00016998173668980598,1.0004029273986816,0.6108431816101074,0.00016998173668980598,1,6.53125,18.8125,0.006972173103407833,0.03125,0,573.8125,0,6.11304061595487,0.5573888721035161,0.46248622487941216,1066.34375,0.6873310304811238,395.1875,0.21871352614834905,0.6046534374246841,1388.125,0.7732019991731269,446.3125,0.25729794171638787,0.00778797258521579,0.27304054950008155,722.5,0.5697186478841058,354.71875,1.239205539226532,0,0,1.2410357611355176,0.7967228012949672,0,5.990107835909468,0.5443996860718284,,,,,,,,,,,,,,,,0,223,1019,79.734375,208.234375,30,30,4096,4096,4096,7.546563101990614,9.497464514992316,,,,,,,,,0,0,0,0,0,1,,,,0,1.7048988342285156,0.9998445510864258,,,,,,0.533505916595459,0.0055521768517792225,0.1328737735748291,0.002520270412787795,0.997968316078186,,,,,,,,,,,,,0.0073539190052542835,0.0017038556405850613,0.00022489001275971532,0.7950735030026408,0.07033496458990385,0.0038362900086212903,0.013446079989080317,0.0047133221947319726,0.0006115599971963093,0,0,0,,,,,1,0.59375,0,152
150,15089.46744093,1787529051.1186697,0.74609375,1.3010426069826053e-18,326.5991005897522,0,0,0,0,0.07947836816310883,0,1.0246610641479492,0.9904162287712097,0.9301586151123047,0,0,0.011718345806002617,0,1,0,0,0,0.009737865068018436,0,0.9998641610145569,0.6012744903564453,0,1,6.78125,21.4375,0.010186236248005895,0,0,637.875,0,3.0984006146099903,0.4394897540834952,0.46244373832766933,1183.1875,0.6808235442780327,436.875,0.24372853874228895,0.5997736634281581,1541.125,0.7669422234559183,494.1875,0.3007734857965261,0.00953280670967424,0.28994569423624506,822.53125,0.5928930115105846,402.125,1.4681838750839233,0,0,1.235968392687656,0.7927198815567726,0,3.0271911568853174,0.4156254602281513,800,150,0.6137499809265137,0.61375,269.7241192969959,0,250,1013,87.04875183105469,258.68375,32,32,4096,4096,4096,0,224,675,75.4921875,183.99609375,32,32,4096,4096,4096,0.8452824976927449,9.359560668992344,0.1428571428571429,2.0816681711721684e-18,-1,0.01889822365046136,0.57,0.38,0.05,0.61375,0.1428571428571429,-1,0.0668153104781061,0,0,1,0,1.7074947357177734,1.0000081551074982,0,1.6040496826171875,0.9996365308761597,0.5350275039672852,0.005225417466135696,0.17669415473937988,0.0024072959896875544,0.9972087389230728,0.5165197849273682,0.0055869463831186295,0.1226346492767334,0.0024704209063202143,0.9978480935096741,25.969823419989552,2.296035536694926,0.00024303999089170247,18.64064363100624,1.2913015249699311,0.0006327599985525012,13.513402396987658,1.7677738498159852,0.0006552800041390583,0,0,0,0.0113402999995742,0.0018390221486015434,0.0002251699916087091,0.7659021339932224,0.0647062531015763,0.00965557899326086,0.01666942900919821,0.004213192636655094,0.0005256099975667894,0,0,0,1,0.61375,0,4.91,1,0.74609375,0,191
151,15161.051147277,1787529123.6493986,0.75,0,57.82677960395813,0.00715654669329524,0.1428571492433548,-1,0.03125,0.08260436356067657,0.0007904157973825932,1.0154504776000977,0.9899176359176636,0.9439959526062012,0,0,0.012180216610431671,0.00013705971650779247,1.0001370906829834,0.008198466151952744,-0.0008562228176742792,-0.0007626054575666785,0.010229535400867462,0.00013705971650779247,0.9996454119682312,0.5965919494628906,0.00013705971650779247,1,6.625,18.71875,0.010943647352595794,0.03125,0,603.9375,0,5.749961561129941,0.485584622449187,0.4576003616981874,1110,0.6785298736262244,411.84375,0.2185389120131731,0.6020338025493537,1457.125,0.7678210895194815,467.5,0.2769224736839533,0.007772105178713618,0.2885827598222722,771.21875,0.5922560463581485,380.03125,1.1780997514724731,0,0,1.2587121148741112,0.7740216853247963,0,5.176995545142749,0.47586278132366566,,,,,,,,,,,,,,,,0,226,766,82.015625,219.45703125,32,32,4096,4096,4096,7.852250871001161,10.294768467996619,,,,,,,,,0,0,0,0,0,1,,,,0,1.5716629028320312,1.000218152999878,,,,,,0.6379876136779785,0.005221298895776272,0.15651988983154297,0.0024028390180319548,0.9978972673416138,,,,,,,,,,,,,0.008911298995371908,0.0019625858084850734,0.000205489996005781,1.0241039249958703,0.08267611053895507,0.00378875999012962,0.07355484800064005,0.005277637270410196,0.0004582999972626567,0,0,0,,,,,1,0.75,0,192
152,15233.668699701,1787529195.1973426,0.578125,1.734723475976807e-18,57.510823249816895,0,0,0,0,0.08302275836467743,0,1.0412588119506836,0.9919303059577942,0.9492130279541016,0,0,0.009976226836442947,0,1,0,0,0,0.008179855532944202,0,1.000342607498169,0.5283536911010742,0,1,6.6875,20.03125,0.00817746517781687,0,0,656.125,0,2.991497387889317,0.5229164639364798,0.4647969787258861,1218.78125,0.6874256764364174,452.5625,0.26118899416178465,0.6027312045649228,1587.4375,0.7707810970427498,511.21875,0.2997993342578411,0.005445130231702769,0.28475010759143315,860,0.5955068273276445,423.40625,1.081091284751892,0,0,1.296051253481867,0.783651718190194,0,2.7599117593566302,0.5279500286000791,,,,,,,,,,,,,,,,0,237,1033,78.703125,205.328125,32,32,4096,4096,4096,7.9304955289990176,10.226981929998146,,,,,,,,,0.4285714285714286,-1,0.11845088536983571,0,0,1,,,,0,1.690302848815918,0.9999862909317017,,,,,,0.5249075889587402,0.005386533215641975,0.1766202449798584,0.002507208613678813,0.997779130935669,,,,,,,,,,,,,0.05604921899794135,0.0018108239608523036,0.00022100000933278352,0.9777524159871973,0.06120991034686085,0.004333809993113391,0.05951509800797794,0.004733117563375799,0.0004894699959550053,0,0,0,,,,,1,0.578125,0,148
153,15306.741490942,1787529267.1335657,0.8125,0,59.18310618400574,0.022766433656215668,0.4285714328289032,-1,0.0625,0.07800409197807312,0.000961104582529515,1.040989875793457,0.9930993318557739,0.9508743286132812,0,0,0.009549355134367943,0.0001871134154498577,1.0001871585845947,0.015848886221647263,-0.004554834682494402,-0.004502809606492519,0.006997121497988701,0.0001871134154498577,0.9999353289604187,0.6573042869567871,0.0001871134154498577,1,6.78125,18.15625,0.007371034417786167,0.03125,0,629.625,0,3.1103810688326994,0.5171818152215459,0.45424821566232276,1152.3125,0.6743172280956103,428.53125,0.2643737765029073,0.5958885580187309,1518.6875,0.7598461258825965,485.78125,0.291608352214098,0.005565882660680107,0.2832212281009462,811.4375,0.5905559719135498,399.46875,1.158651053905487,0,0,1.2647475619302613,0.7944945943927447,0,3.2256879385372073,0.5185174150247511,,,,,,,,,,,,,,,,0,251,911,79.9609375,211.3671875,30,30,4096,4096,4096,7.876300650998019,10.239601930006756,,,,,,,,,0,0,0,0,0,1,,,,0,1.6631288528442383,0.9999662637710571,,,,,,0.5087006092071533,0.00582993496209383,0.17134594917297363,0.0027425556909292936,0.9976857900619507,,,,,,,,,,,,,0.00942349000251852,0.0018231012614933206,0.0002211800019722432,0.8998477299901424,0.06439318244957803,0.006153120004455559,0.02166666901030112,0.004927416628333958,0.0005260000034468248,0,0,0,,,,,1,0.8125,0,208
154,15377.587011079,1787529340.9236577,0.7265625,3.469446951953614e-18,60.461687326431274,0,0,0,0,0.08798050880432129,0,1.0183753967285156,0.9906425476074219,0.9407763481140137,0,0,0.0115165114402771,0,1,0,0,0,0.009499593637883663,0,0.9999374747276306,0.6012768745422363,0,1,6.71875,19.53125,0.009915141588396976,0,0,639.6875,0,2.3897641407944623,0.4811066697970017,0.46075554349557557,1182.15625,0.6794259362567219,437.78125,0.24782035313546658,0.6029724948914972,1554.625,0.7696300551926738,498.625,0.30005321465432644,0.007880626693776574,0.2944184833128629,840.03125,0.6087628076221454,413.75,1.1758844256401062,0,0,1.275316084675174,0.7739799308289608,0,2.4451618711745,0.4731150653519608,,,,,,,,,,,,,,,,0,263,1028,91.49609375,260.5,32,32,4096,4096,4096,7.883316040999489,9.587205461997655,,,,,,,,,0.2857142857142857,-1,0.15567496226930977,0,0,1,,,,0,1.6214990615844727,1.0001140832901,,,,,,0.5221338272094727,0.00647498806938529,0.17126679420471191,0.002924358006566763,0.9975777864456177,,,,,,,,,,,,,0.008531920000677928,0.0017053986952646483,0.00018554000416770577,0.7570654040027875,0.05586988380491675,0.002708700005314313,0.056980558001669124,0.005241536625362642,0.0004557310021482408,0,0,0,,,,,1,0.7265625,0,186
155,15447.065750282,1787529411.5365415,0.70703125,4.336808689942018e-19,57.31609559059143,0.042130641639232635,0.2857142984867096,-1,0.125,0.0893886610865593,0.002274251775816083,1.027766227722168,0.992922306060791,0.947873592376709,0,0,0.009666696190834045,0.00044821505434811115,1.000448226928711,0.014437360689043999,-0.001193807926028967,-0.0010157347423955798,0.007176297716796398,0.00044821505434811115,1.000168800354004,0.5932517051696777,0.00044821505434811115,1,6.8125,24.84375,0.007462784371136793,0.03125,0,731.96875,0,7.587920308535743,0.5007772608990625,0.4584385384011812,1347.28125,0.6821422227546339,501.59375,0.3094863183796406,0.6046436488436746,1777.03125,0.7735727858958945,570.71875,0.36985047720372677,0.0064763716510787776,0.29650966070021684,988.78125,0.6100723616135246,479.9375,1.289322316646576,0,0,1.2907312434866154,0.7588909374903121,0,6.478451889036645,0.5130313542103704,,,,,,,,,,,,,,,,0,217,750,72.47265625,173.5625,32,32,4096,4096,4096,7.756232334999368,10.117065024009207,,,,,,,,,0.4285714285714286,-0.7142857142857143,0.09780759955449396,0,0,1,,,,0,1.6068964004516602,1.0002343654632568,,,,,,0.6918387413024902,0.006755268666893244,0.1766960620880127,0.0031548652332276106,0.9971626996994019,,,,,,,,,,,,,0.007076099995174445,0.0017255295471159116,0.00020540998957585543,0.9409411969973007,0.06652275338683467,0.0064149989921133965,0.013153630003216676,0.0037834761722592702,0.00048739000339992344,0,0,0,,,,,1,0.70703125,0,181
156,15518.528556858,1787529480.0442824,0.6953125,8.673617379884035e-19,56.263519525527954,0.016921963542699814,0.4285714328289032,-0.7142857313156128,0.03124999813735485,0.09503348916769028,0.0008690473041497171,1.0255050659179688,0.9930086135864258,0.9233560562133789,0,0,0.009564651176333427,0.00013245316222310066,1.000132441520691,0.012351872399449348,0.000715054280590266,0.0007608957239426672,0.007099234964698553,0.00013245316222310066,1.0003433227539062,0.5006546974182129,0.00013245316222310066,1,6.75,16.65625,0.007237172907278326,0.03125,0,579.78125,0,3.1132214126062925,0.5541591999674773,0.4599386306186115,1071.5625,0.6811693937186917,397.5625,0.24661094415932894,0.599649333597184,1404.4375,0.7689986505392041,451.28125,0.30768779292702675,0.0059480260737936165,0.2799164840134082,735.6875,0.595058935915217,367.65625,1.0612168312072754,0,0,1.2995628527438334,0.7725123248251927,0,2.599013392740801,0.5660189148562651,,,,,,,,,,,,,,,,0,201,663,70.453125,164.71875,32,32,4096,4096,4096,7.697063326995703,10.101078074992984,,,,,,,,,0.8571428571428572,-0.2857142857142857,0.08748177652797065,0,0,1,,,,0,1.6892738342285156,0.9997825026512146,,,,,,0.5242986679077148,0.007159138098359108,0.1596839427947998,0.0034371507354080677,0.9972506761550903,,,,,,,,,,,,,0.058120168003370054,0.0018306951481577016,0.00018214000738225877,0.8862835990003077,0.06441891106686626,0.005250910005997866,0.05887772799178492,0.004511730407216419,0.0005366900004446507,0,0,0,,,,,1,0.6953125,0,178
157,15593.556740291,1787529551.9148457,0.78125,0,59.30664038658142,0.014069506898522377,0.8571428656578064,-0.2857142984867096,0.03125,0.09871705621480942,0.001434375997632742,1.017263412475586,0.9924173951148987,0.9334964752197266,0,0,0.01036702748388052,7.288297638297081e-05,1.000072956085205,0.019002242013812065,-0.0013466916279867291,-0.0013705382589250803,0.007701491005718708,7.288297638297081e-05,0.9997826814651489,0.5947790145874023,7.288297638297081e-05,1,6.65625,16.84375,0.008379002474597013,0.03125,0,563.625,0,2.8602846542102336,0.5194421538133975,0.4649133326335412,1053.40625,0.6869226013941319,390.3125,0.2306759455241263,0.6023285691788276,1368.09375,0.7707597329327238,440,0.2878931649029255,0.007618219742583412,0.28984189013206,731.625,0.6068787582231109,360.8125,1.3102651834487915,0,0,1.2777397184529204,0.7814954521248496,0,2.9596794172662313,0.5208345662513556,,,,,,,,,,,,,,,,0,234,1021,87.40234375,259.35546875,32,32,4096,4096,4096,7.8462156820023665,9.08580261899624,,,,,,,,,0,0,0,0,0,1,,,,0,1.4749279022216797,0.9999449253082275,,,,,,0.45215535163879395,0.00677883718162775,0.12884306907653809,0.003396741347387433,0.9972026944160461,,,,,,,,,,,,,0.0061384190048556775,0.0016421299487774377,0.00019632000476121902,0.8213134719990194,0.07116501973848699,0.004275900006177835,0.015439630995388143,0.004704900044032456,0.0004746000049635768,0,0,0,,,,,1,0.78125,0,200
158,15665.891899457,1787529627.30618,0.59375,0,62.48248219490051,0,0,0,0,0.10639995336532593,0,1.0167245864868164,0.9901995658874512,0.9369664192199707,0,0,0.012139441445469856,0,1,0,0,0,0.009941237047314644,0,0.9999346137046814,0.6362547874450684,0,1,6.8125,24.3125,0.010449628953082706,0,0,699.21875,0,5.15260897538922,0.4917242995645409,0.47010958806181147,1317.75,0.6936516686889398,488.46875,0.2528367657214403,0.6095751036116017,1710.03125,0.7826373758809579,551.6875,0.3100367207080126,0.008148294917033548,0.3085966443886339,962.71875,0.6264352460177562,462.53125,1.3667110800743103,0,0,1.2662035275176602,0.7714956228170884,0,4.715953305444131,0.48018639839944655,,,,,,,,,,,,,,,,0,274,1059,98.34765625,301.4921875,32,32,4096,4096,4096,8.28033450699877,9.343839399996796,,,,,,,,,0,0,0,0,0,1,,,,0,1.7396793365478516,0.9994550943374634,,,,,,0.5537019968032837,0.007505910936743021,0.13286972045898438,0.003564568003639579,0.9974732398986816,,,,,,,,,,,,,0.010353289995691739,0.0017108337576132726,0.00021149999520275742,0.8107459530001506,0.05379837518802333,0.00730261999706272,0.014392850003787316,0.004845996437268241,0.0005760799976997077,0,0,0,,,,,1,0.59375,0,152
159,15738.558197021,1787529700.0013096,0.71875,0,59.246243715286255,0,0,0,0,0.11904043704271317,0,1.018667221069336,0.9883010387420654,0.9185762405395508,0,0,0.014280697330832481,0,1,0,0,0,0.011879997327923775,0,0.9995094537734985,0.586876392364502,0,1,6.875,31.3125,0.012896228001260241,0,0,786.78125,0,5.067605723245259,0.37416064523760767,0.47792425550062856,1504.6875,0.7052884583972041,557.75,0.26663459837436676,0.6080983495282066,1932.5625,0.7875772378858293,626.8125,0.3396047540009022,0.01047097836009209,0.3281193041102489,1126.5,0.6430282295247656,532.125,1.7630548477172852,0,0,1.3465286379740347,0.7523177121929896,0,4.075685231752113,0.382574915496822,,,,,,,,,,,,,,,,0,243,1039,83.36328125,225.14453125,32,32,4096,4096,4096,7.706044887003372,9.878591991990106,,,,,,,,,0,0,0,0,0,1,,,,0,1.6983470916748047,1.0001908540725708,,,,,,0.5317130088806152,0.007626811042428017,0.1503545045852661,0.0034815368708223104,0.9974098205566406,,,,,,,,,,,,,0.008750880006118678,0.0016169405662935787,0.0001820699981180951,0.9140717889968073,0.06215933194869194,0.0031096199963940307,0.015314160016714595,0.004356167593357441,0.0005029599997214973,0,0,0,,,,,1,0.71875,0,184
160,15812.100064205,1787529772.1357238,0.7421875,2.6020852139652106e-18,58.31761693954468,0,0,0,0,0.11240249872207642,0,1.0306062698364258,0.9904030561447144,0.928037166595459,0,0,0.012298844754695892,0,1,0,0,0,0.009742578491568565,0,1.0003535747528076,0.5875959396362305,0,1,6.875,22.09375,0.009993199869471173,0,0,666.90625,0,5.2314473111058515,0.441465790677681,0.4729354894132502,1263.0625,0.6985897405955881,468.1875,0.2684837933629751,0.610885324704184,1637.78125,0.785074459839722,528.5625,0.34366119280457497,0.00728556481289798,0.30562028150984394,906.5625,0.6186903821860918,436.625,1.2953383922576904,0,0,1.3577344264305289,0.745608634726095,0,5.615467746950625,0.4550240505278622,,,,,,,,,,,,,,,,0,237,1031,85.00390625,219.1796875,32,32,4096,4096,4096,8.00588165600493,10.20159637100005,,,,,,,,,1,-1,0.12876968840942818,0,0,1,,,,0,1.681452751159668,1.0003491640090942,,,,,,0.533968448638916,0.007819434627890587,0.15522384643554688,0.003584339516237378,0.9973381757736206,,,,,,,,,,,,,0.007259799996973015,0.001637386766049076,0.00018914999964181334,0.9524957079993328,0.0813692757187141,0.00358979900192935,0.019506659999024123,0.004360085250766588,0.0005089500045869499,0,0,0,,,,,1,0.7421875,0,190
161,15889.523926137,1787529845.9320338,0.6484375,6.071532165918825e-18,60.814104080200195,0.03225384280085564,1,-1,0.09375,0.11364458501338959,0.00271202577278018,1.0181894302368164,0.9897997379302979,0.9162783622741699,0,0,0.01325196586549282,0.00038817781023681164,1.000388264656067,0.025485798716545105,-0.0007259243866428733,-0.0008177277632057667,0.010381124913692474,0.00038817781023681164,1.0003337860107422,0.5862722396850586,0.00038817781023681164,1,6.8125,23.125,0.010633139606341154,0.03125,0,680.03125,0,4.1191690900411055,0.4641990320372633,0.4671836701312556,1270.84375,0.6844508557407066,468.84375,0.29380097799003124,0.5985807705349366,1649.125,0.7728316073370027,532.46875,0.36389909964054823,0.01090101540521084,0.3084753163816957,926.53125,0.619342221125714,444.375,1.5629335641860962,0,0,1.3439443734980403,0.7414440633681922,0,3.9507619424205043,0.46588951569396786,,,,,,,,,,,,,,,,0,268,1047,91.15234375,272.71875,32,32,4096,4096,4096,8.16388895099226,9.601672331991722,,,,,,,,,0.8571428571428572,-1,0.15971914124998499,0,0,1,,,,0,1.674208641052246,0.9998630285263062,,,,,,0.6675996780395508,0.008318373933434486,0.1353316307067871,0.0038108041044324636,0.9975759387016296,,,,,,,,,,,,,0.00989598898740951,0.0018196593122752347,0.0002095099916914478,0.10555656600627117,0.03809342067177113,0.0076396900112740695,0.024307578001753427,0.005131898746640218,0.00042016999213956296,0,0,0,,,,,1,0.6484375,0,166
162,15964.055983519,1787529923.182462,0.6796875,2.6020852139652106e-18,63.54576778411865,0.04332512617111206,0.8571428656578064,-1,0.15625,0.1182570531964302,0.004132682457566261,1.054429054260254,0.989173412322998,0.9162282943725586,0,0,0.01390097662806511,0.0007756093982607126,1.0007758140563965,0.029224980622529984,0.00039794505573809147,0.0006727876607328653,0.011012175120413303,0.0007756093982607126,0.9997594356536865,0.5129375457763672,0.0007756093982607126,1,6.84375,29.03125,0.011774695541405809,0.03125,0,729.21875,0,7.512272861341913,0.3957739727655307,0.474690663703463,1392.34375,0.6999362714158723,515.1875,0.2773632286116481,0.6088892485181021,1792.28125,0.7846142694655047,580.53125,0.3421632703393698,0.01201848132780469,0.32103059579156645,1034.6875,0.6346133610767746,488.25,1.745095670223236,0,0,1.3112379574787059,0.7387785794504277,0,6.689541458304866,0.38090215709007225,,,,,,,,,,,,,,,,0,265,1036,105.359375,305.79296875,32,32,4096,4096,4096,8.624055744992802,9.832234592991881,,,,,,,,,0.1428571428571429,-1,0.09449111825230681,0,0,1,,,,0,1.6928958892822266,1.0002368688583374,,,,,,0.5264406204223633,0.007852090522646904,0.1850566864013672,0.003578572766855359,0.9977262020111084,,,,,,,,,,,,,0.00840844000049401,0.0018809185428949604,0.00019104000239167362,0.8014420229883399,0.05513135210225073,0.004857339998125099,0.06623260799096897,0.006062392745889156,0.0004598099912982434,0,0,0,,,,,1,0.6796875,0,174
163,16035.535522894,1787529997.4967065,0.67578125,4.336808689942018e-18,61.65587759017944,0.016996316611766815,0.1428571492433548,-1,0.0625,0.10983505845069885,0.001388329896144569,1.0105466842651367,0.9886676669120789,0.9181103706359863,0,0,0.012891866266727448,0.00013577681966125965,1.000135898590088,0.00941237062215805,0.0018229365814477205,0.0016274972585961223,0.011528458446264267,0.00013577681966125965,1.000131368637085,0.6344380378723145,0.00013577681966125965,1,6.71875,37.5,0.011859639325399582,0.03125,0,842.875,0,2.7979141262175773,0.45513084009470317,0.4698867567914665,1593.46875,0.695014621975329,593.375,0.26443578815087676,0.6102847213196911,2071.46875,0.780738289682738,667.90625,0.32944586989469826,0.009571472630160172,0.3089126113609516,1210.78125,0.623855876660534,566.625,1.3244650959968567,0,0,1.3205661054997542,0.7711920892609614,0,2.886066369672387,0.4592028998154781,,,,,,,,,,,,,,,,0,272,1068,91.76953125,224.80078125,30,30,4096,4096,4096,8.067344973998843,9.725838917991496,,,,,,,,,0.1428571428571429,-1,0.11572751247156894,0,0,1,,,,0,1.6810178756713867,1.000093698501587,,,,,,0.6009547710418701,0.008240782655775547,0.155120849609375,0.00360158272087574,0.997660756111145,,,,,,,,,,,,,0.05784874799428508,0.002024515934124338,0.00019720000273082405,0.7863923029944999,0.06460692614871277,0.007617909999680705,0.07015441799012478,0.005200034210531612,0.00046859000576660037,0,0,0,,,,,1,0.67578125,0,173
164,16109.464832505,1787530068.7967556,0.80078125,3.903127820947816e-18,58.84972047805786,0.026012752205133438,0.1428571492433548,-1,0.09375,0.10689522325992584,0.0007706923061050475,1.0241498947143555,0.9893444776535034,0.9327969551086426,0,0,0.013404966332018375,0.00020729610696434975,1.0002073049545288,0.01845007948577404,0.0034166828263550997,0.0032684721518307924,0.010841946117579937,0.00020729610696434975,1.0002508163452148,0.5482878684997559,0.00020729610696434975,1,6.8125,31.28125,0.011134336885393847,0.03125,0,734.15625,0,3.7313699592562317,0.4457631877005417,0.46608268865632296,1379.53125,0.6877458239585451,512.09375,0.27270958945155144,0.607273685925136,1789.6875,0.7747410388454796,575.71875,0.328059408813715,0.009873479332395189,0.3018610241895755,1008.90625,0.611030895300499,477.78125,1.4317578673362732,0,0,1.3261722644596108,0.739195986767962,0,3.8699146408339615,0.45577380831248304,,,,,,,,,,,,,,,,0,266,926,78.5546875,171.92578125,31,31,4096,4096,4096,7.894067058994551,9.627177750997362,,,,,,,,,0.1428571428571429,-1,0.11572751247156894,0,0,1,,,,0,1.5532970428466797,1.000011682510376,,,,,,0.8271334171295166,0.007305419072508812,0.13287115097045898,0.0032706167548894882,0.9977056384086609,,,,,,,,,,,,,0.008997140001156367,0.0016364857298754032,0.0002334509918000549,0.7908902530034538,0.057864990874236355,0.0034535800077719614,0.014905438001733273,0.004004172253416982,0.000610420000157319,0,0,0,,,,,1,0.80078125,0,205
165,16189.025809953,1787530143.8836834,0.7578125,2.6020852139652106e-18,61.48282742500305,0.023883890360593796,0.1428571492433548,-1,0.09375,0.0963621735572815,0.0019525176612660289,1.0274658203125,0.989509105682373,0.9175186157226562,0,0,0.013081887736916542,0.0002851297613233328,1.0002851486206055,0.010451778769493103,0.0005972154322080314,0.0005169587093405426,0.010678569786250591,0.0002851297613233328,1.0001418590545654,0.4372999668121338,0.0002851297613233328,1,6.8125,23.3125,0.010974579697920154,0.03125,0,628.4375,0,3.5208587282935557,0.46758914712023053,0.4593348296044786,1163.40625,0.6730503910859313,429.375,0.26631065644323826,0.6013328515782905,1517.125,0.7642243353066368,485.125,0.3555796183645725,0.010746049410127159,0.2833922036988802,806.09375,0.576099084700562,387.96875,1.3598793745040894,0,0,1.3140029224049075,0.7777252207311695,0,2.9187930982138757,0.46013935845193077,,,,,,,,,,,,,,,,0,244,1040,89.796875,241.703125,32,32,4096,4096,4096,8.234722858003806,9.279476192998118,,,,,,,,,0.5714285714285714,-1,0.13832083379312204,0,0,1,,,,0,1.7084007263183594,0.9998447895050049,,,,,,0.535557746887207,0.006697566248476505,0.13083887100219727,0.0029657999984920025,0.9977349042892456,,,,,,,,,,,,,0.009861379992798902,0.0019755173827320505,0.0002175900008296594,0.8067635530023836,0.04930285111709054,0.0045447500015143305,0.06701847699878272,0.005648885149469152,0.0004420100012794137,0,0,0,,,,,1,0.7578125,0,194
166,16262.132078955,1787530223.1475072,0.75390625,1.0408340855860843e-17,64.81313800811768,0.03530953451991081,0.5714285969734192,-1,0.09375,0.09097589552402496,0.0019492637366056442,1.0178413391113281,0.9917011260986328,0.9361710548400879,0,0,0.010433360934257507,0.00028475536964833736,1.0002847909927368,0.01447523757815361,-0.004905850160866976,-0.00512164318934083,0.008421793580055237,0.00028475536964833736,0.9998811483383179,0.589240550994873,0.00028475536964833736,1,6.75,23.21875,0.009004091536943669,0.03125,0,718.375,0,2.6473822797573616,0.4884006482810478,0.4592979332762813,1332.53125,0.6741957537736669,493.1875,0.2575013469904661,0.602577867618057,1747,0.7664328969496507,559.09375,0.33343035355210304,0.007894535596746235,0.28230374031951955,949.03125,0.5812258351365667,455.625,1.3570409417152405,0,0,1.3052680153732101,0.7563080317295539,0,2.45731428106145,0.47417521225748926,,,,,,,,,,,,,,,,0,263,1059,96.91796875,284.13671875,31,31,4096,4096,4096,9.024911180997151,10.58044415799668,,,,,,,,,0.1428571428571429,-1,0.1767766952966369,0,0,1,,,,0,1.9074411392211914,1.0000513792037964,,,,,,0.9444193840026855,0.007050216197967529,0.17134714126586914,0.003179528284817934,0.9977142214775085,,,,,,,,,,,,,0.009987379991798662,0.0021778690471023765,0.00019493998843245208,1.0211165250075283,0.07414829515255406,0.0033234299917239696,0.06566161799128167,0.0069849292064532165,0.00048632000107318163,0,0,0,,,,,1,0.75390625,0,193
167,16340.249455951,1787530295.1766975,0.80078125,0,59.73878788948059,0.06490562111139297,0.1428571492433548,-1,0.21875,0.09833776950836182,0.0024446193128824234,1.0121383666992188,0.9892034530639648,0.9438180923461914,0,0,0.012953137047588825,0.0004299862775951624,1.0004299879074097,0.0284156184643507,0.0136643648147583,0.013414121232926846,0.010971318930387497,0.0004299862775951624,1.0000412464141846,0.38890528678894043,0.0004299862775951624,1,6.84375,29.84375,0.01135292221036816,0.03125,0,775.34375,0,4.181862085615393,0.4112056554493294,0.4586525645288809,1442.3125,0.6744901782089917,533.4375,0.2614221051335335,0.6002758158035503,1876.4375,0.7676071794391004,603.15625,0.36691050603985786,0.010550031003349423,0.2983819592393776,1044.1875,0.6054992380284683,498.65625,1.4850564002990723,0,0,1.2966400474359152,0.7418107006431934,0,4.691682692596241,0.4023939866010283,,,,,,,,,,,,,,,,0,260,1056,73.98828125,172.703125,30,30,4096,4096,4096,7.808895395995933,10.282368118001614,,,,,,,,,0.4285714285714286,-0.7142857142857143,0.09780759955449395,0,0,1,,,,5.279551987769082e-05,2,1.0001459121704102,,,,,,0.8288266658782959,0.006390585098415613,0.17134785652160645,0.0028461026959121227,0.9974265098571777,,,,,,,,,,,,,0.013523989997338504,0.002032503945144981,0.0002458399976603687,0.8338967309973668,0.07026967512894089,0.0034642100072233006,0.02022333999047987,0.004826232350694681,0.00045838000369258225,0,0,0,,,,,1,0.80078125,0,205
168,16414.90012507,1787530374.3822978,0.74609375,1.3010426069826053e-18,65.56294369697571,0.017094222828745842,0.4285714328289032,-0.7142857313156128,0.03125,0.07893736660480499,0.0012414343655109406,1.0163955688476562,0.9926953911781311,0.91595458984375,0,0,0.009502614848315716,0.00012325169518589973,1.0001232624053955,0.01677236333489418,0.0013952708104625344,0.0011959547409787774,0.007416163105517626,0.00012325169518589973,1.0001857280731201,0.6014523506164551,0.00012325169518589973,1,6.71875,15.71875,0.007676825112127095,0.03125,0,591.90625,0,2.3267344964253382,0.5469272413614736,0.4448574201484631,1065.875,0.6603538584608639,396.375,0.2199596269056201,0.5924291578385277,1416.75,0.7525948879829318,450.96875,0.323864403180778,0.0063429131472373355,0.25793969240512793,707.4375,0.5555741771975482,355.28125,1.0368641018867493,0.03125,0,1.3215339688653658,0.7760166839186542,0,2.4069473418018514,0.5422288017495349,,,,,,,,,,,,,,,,0,276,712,94.046875,263.66796875,33,33,4096,4096,4096,8.40454808800132,9.202987251992454,,,,,,,,,0.1428571428571429,-1,0.0668153104781061,0,0,1,,,,4.153513873461634e-05,2,0.9999752044677734,,,,,,0.7103381156921387,0.0054491604678332806,0.1508784294128418,0.00245456350967288,0.9978566765785217,,,,,,,,,,,,,0.013423569995211437,0.0022884390000399435,0.0002143299934687093,1.0810448050033301,0.09887554906612195,0.006953180010896176,0.020209399983286858,0.006836189671219017,0.0005102100112708285,0,0,0,,,,,1,0.74609375,0,191
169,16487.95069901,1787530448.81395,0.6171875,2.6020852139652106e-18,61.16859436035156,0.008577940054237843,0.1428571492433548,-1,0.03125,0.08557506650686264,0.0003705956623889506,1.0130176544189453,0.9873472452163696,0.9372067451477051,0,0,0.014338343404233456,6.670341826975346e-05,1.0000667572021484,0.004799263551831245,0.0010175240458920598,0.0008616108098067343,0.012842399999499321,6.670341826975346e-05,0.9999618530273438,0.5129389762878418,6.670341826975346e-05,1,6.8125,24.0625,0.013283403787733163,0.03125,0,752.375,0,2.8395947957540058,0.3910694409007892,0.4461121346629269,1346.84375,0.6618731632914159,500.40625,0.26788892410695553,0.5910304652522519,1784.65625,0.7519000992135432,569.375,0.3366773072630167,0.01113086730449969,0.28384132093882536,941.03125,0.578128240163218,459.71875,1.586807906627655,0.03125,0,1.3185638092957994,0.7489439433191829,0,2.6108339958803457,0.3925421683384275,,,,,,,,,,,,,,,,0,248,1042,76.05859375,185.3671875,26,26,4096,4096,4096,8.630986999996821,10.067016724002315,,,,,,,,,0.1428571428571429,-1,0.09449111825230681,0,0,1,,,,0,1.7075157165527344,0.9996386170387268,,,,,,0.5351777076721191,0.005735435523092747,0.1753215789794922,0.00262359157204628,0.997368335723877,,,,,,,,,,,,,0.010179279997828417,0.0019478008400142244,0.00027970000519417226,0.8471630919957533,0.07934420049934943,0.005422100002760999,0.06126935800421052,0.0054018318942326005,0.0007015699957264587,0,0,0,,,,,1,0.6171875,0,158
170,16560.637517863,1787530521.4004438,0.8046875,0,59.85939860343933,0.016176166012883186,0.1428571492433548,-1,0.0625,0.07684989273548126,0.000577314174734056,1.03155517578125,0.9910557866096497,0.8617110252380371,0,0,0.011148869059979916,0.00011453614570200443,1.0001145601272583,0.008455527015030384,0.0007326825871132314,0.00038111041067168117,0.009123100899159908,0.00011453614570200443,0.9996585845947266,0.5855636596679688,0.00011453614570200443,1,6.78125,15.875,0.009877878063396035,0.03125,0,608.46875,0,1.9977182274443601,0.5098756561771505,0.43624547366978095,1074.875,0.6506414902137075,400.875,0.26161483116447926,0.5801949710013685,1425.03125,0.7402647540267111,455.75,0.34436888713389635,0.010142437199014075,0.263835816757891,723.03125,0.5647983458194922,364.96875,1.5919666290283203,0,0,1.2782797410669393,0.7451435833443174,0,1.8341949327594378,0.5094496276475562,,,,,,,,,,,,,,,,0,249,909,70.30078125,155.69921875,28,28,4096,4096,4096,7.838820445002057,9.923590747988783,,,,,,,,,0.2857142857142857,-0.8571428571428571,0.08748177652797064,0,0,1,,,,0,1.6342620849609375,1.0000908374786377,,,,,,0.5127387046813965,0.005344490986317396,0.13521623611450195,0.0024626560043543577,0.997502326965332,,,,,,,,,,,,,0.008810510000330396,0.0021531528591367532,0.0001916899927891791,0.8793614820024231,0.06867343485492938,0.00343572000565473,0.01591915999597404,0.00451388074981196,0.0006724099948769435,0,0,0,,,,,1,0.8046875,0,206
171,16638.480979717,1787530594.839925,0.74609375,1.3010426069826053e-18,60.04521918296814,0.012640534900128841,0.2857142984867096,-0.8571428656578064,0.03124999813735485,0.0733771026134491,0.0010690882336348295,1.0246162414550781,0.991962194442749,0.9430327415466309,0,0,0.010411873459815979,9.606685489416122e-05,1.000096082687378,0.006495936308056116,-0.001500129816122353,-0.0014334721490740776,0.008175674825906754,9.606685489416122e-05,0.999908447265625,0.5988521575927734,9.606685489416122e-05,1,6.6875,14.40625,0.008615993085282585,0.03125,0,562.40625,0,4.266990053311686,0.5591936839397,0.4377607085952647,993.5625,0.6450098830438761,366.625,0.24949371814727783,0.5895898443304415,1326.6875,0.7451550819609478,421.25,0.30194505397230387,0.007975487120811444,0.2580452928465945,654.59375,0.5599972593584817,333.625,1.104888916015625,0,0,1.2458230992965658,0.7693280651216544,0,4.630296841082828,0.5328946212755352,,,,,,,,,,,,,,,,0,253,773,65.97265625,131.69140625,33,33,4096,4096,4096,8.083966167003382,9.378951195001719,,,,,,,,,0.1428571428571429,-1,0.0668153104781061,0,0,1,,,,0,1.7053089141845703,0.9998006224632263,,,,,,0.6806504726409912,0.0055893524549901485,0.1501302719116211,0.002583571709692478,0.9969339370727539,,,,,,,,,,,,,0.011042799000279047,0.0020335534689479573,0.00024359999224543571,0.8615166520030471,0.08958532354648696,0.005953509986284189,0.015818460000446066,0.004705369632517886,0.0007426100055454299,0,0,0,,,,,1,0.74609375,0,191
172,16711.832787758,1787530673.2838228,0.6328125,6.938893903907228e-18,64.19489765167236,0.016885079443454742,0.1428571492433548,-1,0.03125,0.06898070871829987,0.0012819221010431647,1.021026611328125,0.9933912754058838,0.9151830673217773,0,0,0.009091807529330254,-1.7516547814011574e-05,0.9999825358390808,0.016759071499109268,0.01205688901245594,0.011355188675224781,0.0067273154854774475,-1.7516547814011574e-05,0.9998403191566467,0.50628662109375,-1.7516547814011574e-05,1,6.59375,10.71875,0.007286586824461363,0.03125,0,527.78125,0,2.539396105391341,0.5926332117463458,0.4289275455582352,906.625,0.629017200862253,333.46875,0.2395556028932333,0.5794758863235734,1226.21875,0.7296302804142641,386.9375,0.33517561480402946,0.007357755115674438,0.2456001378351727,572.03125,0.5214109961159266,291.28125,1.2635369896888733,0,0,1.252202772442529,0.7609460317539644,0,2.2468048301657775,0.5822056531320627,,,,,,,,,,,,,,,,0,239,993,91.6015625,239.78125,33,33,4096,4096,4096,8.133410317008384,10.184668379006325,,,,,,,,,1,-1,0.19884872724392935,0,0,1,,,,0,1.7012548446655273,0.9998340010643005,,,,,,0.6103870868682861,0.005815126933157444,0.13081669807434082,0.002583563094958663,0.9976723194122314,,,,,,,,,,,,,0.009959759001503699,0.002128490382972359,0.0002316499885637313,0.17040208500111476,0.0538792039030227,0.0077928299870109186,0.02633497900387738,0.0071705909373918075,0.0006279710069065914,0,0,0,,,,,1,0.6328125,0,162
173,16785.795629439,1787530745.2485888,0.55859375,1.3010426069826053e-18,58.47322726249695,0.07884809374809265,1,-1,0.21875,0.07865455746650696,0.0036347792483866215,1.0216436386108398,0.9814868569374084,0.8501987457275391,0,0,0.02162756957113743,0.000395430251955986,1.0003955364227295,0.057601988315582275,-0.009827299043536186,-0.010397391393780708,0.019096698611974716,0.000395430251955986,0.9998688697814941,0.5431399345397949,0.000395430251955986,1,6.8125,25.25,0.019631933051532022,0.03125,0,732.8125,0,3.9795186521954555,0.3466616226608398,0.42255004940783464,1248,0.6293351290691408,465.8125,0.2617026725783944,0.5747175007147944,1687.875,0.7277159243542554,536.625,0.326668931171298,0.029276612644371452,0.2762553922843991,888.875,0.5539398522287726,429.25,2.2667001485824585,0,0,1.2851868599228695,0.761828960359089,0,3.621814526041478,0.3495514491785916,,,,,,,,,,,,,,,,0,241,781,70.13671875,151.80859375,33,33,4096,4096,4096,8.34979588900751,10.765091791006853,,,,,,,,,0.1428571428571429,-1,0.0668153104781061,0,0,1,,,,0,1.868607521057129,1.0000429153442383,,,,,,0.6251938343048096,0.0053471787832677364,0.16122674942016602,0.0024519579019397497,0.9972816705703735,,,,,,,,,,,,,0.00880453000718262,0.0018678360851254183,0.00023998999677132815,1.04688439599704,0.06243150428099398,0.002675759998965077,0.019723769000847824,0.004364588312228079,0.0005485599976964295,0,0,0,,,,,1,0.55859375,0,143
174,16861.936414909,1787530819.6881976,0.59765625,1.734723475976807e-18,60.87504529953003,0.007645603734999895,0.1428571492433548,-1,0.03125,0.0697992816567421,0.0003999871260020882,1.0244455337524414,0.9901250004768372,0.9131250381469727,0,0,0.01272238977253437,8.231587707996368e-05,1.0000823736190796,0.003711538389325142,-0.0002218602894572541,-0.0003848536580335349,0.0100714061409235,8.231587707996368e-05,1.0000429153442383,0.591184139251709,8.231587707996368e-05,1,6.625,15.40625,0.010413645128258806,0.03125,0,561.09375,0,2.039773729569083,0.5391305798228712,0.42179621091055497,948.375,0.6216935077581814,351.28125,0.25320201367139816,0.5728199020562039,1285.375,0.7208349227863615,406.28125,0.30957796797156334,0.009448699280014903,0.24831097439747085,620.90625,0.5276991018780681,311.8125,1.217344343662262,0,0,1.2775703590598588,0.760484060034307,0,1.9089209036943915,0.5502826429685614,,,,,,,,,,,,,,,,0,266,702,73.90625,163.22265625,30,30,4096,4096,4096,7.985899081002572,9.517151381005533,,,,,,,,,0.5714285714285714,-1,0.1494035761667992,0,0,1,,,,0,1.5213651657104492,0.9999844431877136,,,,,,0.5110783576965332,0.0061393133364617825,0.17134809494018555,0.002756475005298853,0.9970221519470215,,,,,,,,,,,,,0.00935226000729017,0.0019817238434711726,0.00018756999634206295,0.9595003090071259,0.07005428529669189,0.009207700000843033,0.015755909989820793,0.004512220381911902,0.0005759799969382584,0,0,0,,,,,1,0.59765625,0,153
175,16939.478871694,1787530896.7610435,0.7578125,4.336808689942018e-18,61.813324213027954,0.0399249866604805,0.5714285969734192,-1,0.09375,0.07310867309570312,0.0023838451597839594,1.0384950637817383,0.990180492401123,0.898104190826416,0,0,0.01296517439186573,0.00033522513695061207,1.0003352165222168,0.0312369242310524,0.004415188916027546,0.0037309275940060616,0.010061712935566902,0.00033522513695061207,1.0000728368759155,0.5998477935791016,0.00033522513695061207,1,6.6875,16.09375,0.010452106051143096,0.03125,0,591.25,0,176.11583883818344,0.48738112596301003,0.42199918192629005,1014.0625,0.6271350841405494,377.0625,0.27202747482806444,0.56847101617885,1357.15625,0.7210560182321304,432.375,0.30988469906151295,0.012653389591183251,0.2524033642258396,681.6875,0.5312548212014662,338.96875,1.568776249885559,0,0,1.2812756474793994,0.7584773122191392,0,123.88238950794312,0.4938009903632766,,,,,,,,,,,,,,,,0,277,1032,90.94140625,230.2578125,33,33,4096,4096,4096,8.239749043001211,9.996680336000281,,,,,,,,,0.4285714285714286,-1,0.15152288168283162,0,0,1,,,,0,1.700606346130371,1.0000066757202148,,,,,,0.751854658126831,0.005870320368558168,0.1328740119934082,0.002601727144792676,0.9978276491165161,,,,,,,,,,,,,0.008209859995986335,0.0021337928519642446,0.00024550899979658425,0.8427611630031606,0.06649312043788314,0.0032674489921191707,0.05737342801876366,0.005995528136907069,0.0004525300028035417,0,0,0,,,,,1,0.7578125,0,194
176,17018.085548734,1787530973.5209544,0.671875,3.469446951953614e-18,62.8479859828949,0.040351808071136475,0.4285714328289032,-1,0.125,0.07587787508964539,0.001306378049775958,1.0154647827148438,0.9927425384521484,0.9177155494689941,0,0,0.009721817448735237,0.0001867061946541071,1.000186800956726,0.031777240335941315,0.00068581075174734,0.00041461450746282935,0.007374378386884928,0.0001867061946541071,0.9998727440834045,0.47149133682250977,0.0001867061946541071,1,6.75,23.4375,0.007865672207944756,0.03125,0,727.53125,0,2.563659569224037,0.46503609349469965,0.4339762532386051,1281.84375,0.6443114763126636,476.875,0.27899382822215557,0.5844653020898674,1709.375,0.7421675844066893,545.6875,0.3427580390125513,0.0077237581373076685,0.26354994320145086,890.875,0.5528021549549563,436.125,1.4294348359107971,0,0,1.2982424043335796,0.7664865471216007,0,2.5185751083381516,0.4881962479494933,,,,,,,,,,,,,,,,0,253,697,90.58984375,198.203125,33,33,4096,4096,4096,8.1080944169953,10.754495481000049,,,,,,,,,1,-1,0.22587697572631282,0,0,1,,,,4.312017699703574e-05,2,1.000592827796936,,,,,,0.7000856399536133,0.005679443012923002,0.13286709785461426,0.002574283629655838,0.9977726340293884,,,,,,,,,,,,,0.012292269006138667,0.0021280814057149655,0.00023666000925004482,1.0079682679934194,0.07013380653552304,0.006197329988935962,0.02383891900535673,0.005717093828081943,0.00047542000538669527,0,0,0,,,,,1,0.671875,0,172
177,17093.339837343,1787531051.9840865,0.640625,1.3010426069826053e-18,64.64550042152405,0.09730865061283112,1,-1,0.25,0.07326684892177582,0.006771446671336889,1.0188016891479492,0.9898616075515747,0.9267253875732422,0,0,0.011921586468815804,0.0004576656501740217,1.000457763671875,0.09008823335170746,0.016381869092583656,0.01499631442129612,0.010327070951461792,0.0004576656501740217,1.0005052089691162,0.6362709999084473,0.0004576656501740217,1,6.8125,23.96875,0.01015526548549047,0.03125,0,724.71875,0,2.62770075720366,0.4140007007839927,0.4403625837869859,1289.84375,0.6506654377070011,478.40625,0.3081937707029283,0.5832430834619265,1694.1875,0.7447282178177304,544.09375,0.33813819475471973,0.010585364435224814,0.27674065587887,900.46875,0.5785874010489492,444.28125,1.6430898308753967,0.03125,0,1.337908260566411,0.7889968383960254,0,2.6825735894904987,0.4218773649193347,,,,,,,,,,,,,,,,0,287,947,103,270.66015625,36,36,4096,4096,4096,8.302062910996028,10.028208623989485,,,,,,,,,0.8571428571428572,-1,0.1636634176769943,0,0,1,,,,0,1.6838150024414062,1.0002467632293701,,,,,,0.521061897277832,0.006057055667042732,0.13212084770202637,0.0026583941653370857,0.9979929327964783,,,,,,,,,,,,,0.00888054000097327,0.001969965148703068,0.0002180500014219433,0.8284840529959183,0.08063334232434727,0.004280519991880283,0.022952728977543302,0.0065646498709384105,0.0007392100087599829,0,0,0,,,,,1,0.640625,0,164
178,17168.127488369,1787531126.9850025,0.58203125,0,61.5563907623291,0.04885667562484741,0.8571428656578064,-1,0.125,0.08392948657274246,0.001810397021472454,1.013789176940918,0.9879763126373291,0.9204182624816895,0,0,0.013618881814181805,0.0003298940137028694,1.0003299713134766,0.046578675508499146,-0.00035194121301174164,-0.0006443823222070932,0.012234620749950409,0.0003298940137028694,1.0003008842468262,0.6083874702453613,0.0003298940137028694,1,6.8125,30.3125,0.012284398403526154,0.03125,0,824,0,3.4659818354199623,0.3786192757401385,0.4464986556117243,1479.5,0.6568269725333988,547.84375,0.2466470783110708,0.5799011520931461,1923.0625,0.7442671933540217,618.8125,0.31761284405365586,0.0133233690284347,0.29459130052359117,1063,0.5969873859003374,515.1875,1.670146107673645,0,0,1.2986106978758312,0.7645297359047706,0,3.723907109818157,0.379687166037425,,,,,,,,,,,,,,,,0,255,1051,84.41015625,215.03125,34,34,4096,4096,4096,8.062139618006768,9.88167655900179,,,,,,,,,0.4285714285714286,-0.7142857142857143,0.09780759955449395,0,0,1,,,,0,1.6923189163208008,1.0004527568817139,,,,,,0.526099681854248,0.005533633287996054,0.12682104110717773,0.0024174486752599478,0.9980702996253967,,,,,,,,,,,,,0.014068949007196352,0.0019440805974682007,0.000251559991738759,0.8238383840071037,0.05406974771881323,0.00489954900695011,0.0276650680025341,0.0055566936055697624,0.0006841699942015111,0,0,0,,,,,1,0.58203125,0,149
179,17245.227154028,1787531201.958139,0.71484375,3.0357660829594124e-18,61.87388896942139,0.017182474955916405,0.4285714328289032,-0.7142857313156128,0.03125,0.0684967190027237,0.0016917495522648096,1.0167617797851562,0.9924502968788147,0.9453125,0,0,0.009361332282423973,7.406529039144516e-05,1.0000741481781006,0.01326366513967514,0.0017501433612778783,0.0015005283057689667,0.007654725573956966,7.406529039144516e-05,1.0004255771636963,0.5910115242004395,7.406529039144516e-05,1,6.6875,20.0625,0.007529821122286742,0.03125,0,675.28125,0,2.419102714859049,0.5038879268877796,0.44104368781158115,1200.0625,0.6461918031385998,442.5625,0.21517709945328534,0.5784363589792549,1567.59375,0.7397102081033127,503.5,0.2574265357106924,0.007564842401967583,0.2735705412396771,826.40625,0.5845214930006857,414.40625,1.203052043914795,0,0,1.2571900527397686,0.8221320733093191,0,2.3208709715859084,0.5110854719453854,,,,,,,,,,,,,,,,0,250,910,87.45703125,223.65234375,33,33,4096,4096,4096,7.96778827100934,9.924368428008165,,,,,,,,,0.8571428571428572,-1,0.14060728346449664,0,0,1,,,,0,1.6068964004516602,0.9998998641967773,,,,,,0.5328574180603027,0.005716911982744932,0.1766810417175293,0.00249093072488904,0.9980810880661011,,,,,,,,,,,,,0.0076844300056109205,0.001963792762239791,0.00025334999372716993,0.1314810559997568,0.05469149385567107,0.004824420000659302,0.017554919002577662,0.005450990769872988,0.0006001900037517771,0,0,0,,,,,1,0.71484375,0,183
180,17326.477674127,1787531279.4874356,0.59375,0,63.95341968536377,0.033612653613090515,0.8571428656578064,-1,0.09375,0.07305407524108887,0.0025278287939727306,1.0351314544677734,0.9935770034790039,0.9515767097473145,0,0,0.009733358398079872,0.00043083715718239546,1.0004308223724365,0.03121299482882023,-0.002524619922041893,-0.0022960437927395105,0.006533781997859478,0.00043083715718239546,0.999938428401947,0.5869240760803223,0.00043083715718239546,1,6.6875,22.21875,0.0068970865952733195,0.03125,0,699.65625,0,2.9981559235745987,0.4787094803249401,0.4492257290845163,1274.625,0.6609350543983501,470.15625,0.21724090597126633,0.5840227867484471,1645.3125,0.7463578376064829,528.96875,0.27634909318294376,0.007134286860803826,0.2736030227951985,874.6875,0.5724589988680502,430.3125,1.2426924109458923,0,0,1.2394324224524929,0.7927362817741349,0,3.155897296643432,0.48190551591645625,,,,,,,,,,,,,,,,0,216,691,91.36328125,242.95703125,28,28,4096,4096,4096,8.754300565007725,9.879469688996323,,,,,,,,,0,0,0,0,0,1,,,,0,1.4171171188354492,0.9997917413711548,,,,,,0.43708574771881104,0.005851344205439091,0.12952041625976562,0.0025736778043210506,0.9981672167778015,,,,,,,,,,,,,0.06142948799242731,0.0023625042777553062,0.00026903099205810577,0.8300216429925058,0.0569623082930093,0.0034840199950849637,0.017987479994189925,0.005636361679478341,0.0006327600131044164,0,0,0,,,,,1,0.59375,0,152
181,17405.197433768,1787531361.473152,0.6796875,2.6020852139652106e-18,67.72453331947327,0,0,0,0,0.0825570672750473,0,1.017629623413086,0.9891170859336853,0.9269990921020508,0,0,0.012374287471175194,0,1,0,0,0,0.011056007817387581,0,0.9998642206192017,0.6459140777587891,0,1,6.78125,26.5625,0.011499069154597641,0,0,730.90625,0,3.1214787962952038,0.45762428411843004,0.4502154897887187,1329.5,0.6651014276840959,493.3125,0.25351702608168125,0.5837175288180432,1710.71875,0.7489306439517271,551.75,0.2841392814880237,0.011658667448644206,0.2864125326606276,927.65625,0.596890416392654,458.34375,1.5019285082817078,0,0,1.2723597774748725,0.7792481009470567,0,3.220455608326268,0.4406877046425384,,,,,,,,,,,,,,,,0,292,1069,102.19921875,276.09765625,34,34,4096,4096,4096,9.248474039006396,10.235085758002242,,,,,,,,,0.1428571428571429,-1,0.09449111825230681,0,0,1,,,,0,1.477482795715332,0.999487578868866,,,,,,1.0531094074249268,0.006143398117274046,0.2081737518310547,0.0027670362032949924,0.9979535937309265,,,,,,,,,,,,,0.009479029991780408,0.0019381575552870345,0.00021066000044811517,0.8479183809977258,0.06398479294887238,0.004683220002334565,0.07706817700818647,0.007910492120402068,0.0008866599964676425,0,0,0,,,,,1,0.6796875,0,174
182,17481.343865435,1787531439.3703432,0.83203125,4.336808689942018e-18,63.684956073760986,0.016570210456848145,0.1428571492433548,-1,0.0625,0.0837995707988739,0.0005454058409668505,1.0163421630859375,0.9833264350891113,0.9040422439575195,0,0,0.018138960003852844,0.0002639822196215391,1.000264048576355,0.008915245532989502,0.0012539601884782314,0.0009738325607031584,0.01704956777393818,0.0002639822196215391,0.9996659755706787,0.34885168075561523,0.0002639822196215391,1,6.6875,29.40625,0.017726718001772127,0.03125,0,817.59375,0,5.984728969164969,0.38491489188833306,0.4551774043716398,1508.21875,0.6698357219144515,557.5,0.25148183084093034,0.5824869889014973,1920.28125,0.7506487961071819,622.46875,0.32150426669977605,0.030120766126656675,0.29376204916172355,1085.4375,0.5951778411469999,523.84375,2.652060806751251,0,0,1.2540334746047872,0.7656863631214773,0,6.452469746019133,0.38565834044031216,,,,,,,,,,,,,,,,0,264,924,91.5078125,238.515625,30,30,4096,4096,4096,8.3665425079962,10.933220771999913,,,,,,,,,0.1428571428571429,-1,0.11572751247156894,0,0,1,,,,0,1.6453056335449219,1.0001741647720337,,,,,,0.5142233371734619,0.006664414890110493,0.1308138370513916,0.002963121049106121,0.9979674220085144,,,,,,,,,,,,,0.009178199994494207,0.002321642668619006,0.0002869199961423874,0.984883456985699,0.08629633123445046,0.004625909001333639,0.06452847698528785,0.007163233350752307,0.0007810709939803928,0,0,0,,,,,1,0.83203125,0,213
183,17559.082488949,1787531516.1802034,0.62109375,1.3010426069826053e-18,62.76590180397034,0.030061563476920128,0.1428571492433548,-1,0.09375,0.08770318329334259,0.001447540707886219,1.0544061660766602,0.9879601001739502,0.9286360740661621,0,0,0.015127083286643028,0.000270661897957325,1.0002707242965698,0.019446825608611107,0.008805586956441402,0.008545780554413795,0.01228995993733406,0.000270661897957325,1.0001623630523682,0.597963809967041,0.000270661897957325,1,6.8125,24.625,0.012550441767789113,0.03125,0,732.0625,0,5.669846212239785,0.39817354644822134,0.45518373285009295,1349.15625,0.6738466583340558,501.59375,0.275824423879385,0.5819980010313018,1718.90625,0.7507469582583266,557,0.3105305042117834,0.015849205294477593,0.29060591060368857,950.15625,0.5963134369305084,464.28125,1.8360618352890015,0,0,1.297869599276909,0.7838528784198419,0,5.786496687305672,0.39845901641555553,,,,,,,,,,,,,,,,0,260,920,85.93359375,226.37109375,28,28,4096,4096,4096,8.094670858001336,10.125020139996195,,,,,,,,,0.1428571428571429,-1,0.0668153104781061,0,0,1,,,,0,1.4527244567871094,1.0000327825546265,,,,,,0.7050559520721436,0.007751792203634977,0.17532062530517578,0.0034416932612657547,0.9977116584777832,,,,,,,,,,,,,0.008661650004796684,0.0021059085743786454,0.0002256599982501939,0.8111057930073002,0.06450877326540194,0.006126539999968372,0.020370840022224,0.005593258762189635,0.0006025100010447204,0,0,0,,,,,1,0.62109375,0,159
184,17638.642977031,1787531594.498643,0.703125,0,63.544997453689575,0.005280195269733667,0.1428571492433548,-1,0.03125,0.0949360579252243,0.006506734527647495,1.0172185897827148,0.9904900789260864,0.921903133392334,0,0,0.011581482365727425,0.00019007385708391666,1.000190019607544,0,-0.0033586625941097736,-0.0032113881316035986,0.009706148877739906,0.00019007385708391666,0.9999094009399414,0.4940810203552246,0.00019007385708391666,1,6.65625,24.71875,0.010270034344832165,0.03125,0,687.46875,0,2.253989114810267,0.5046893284695272,0.46422952169056375,1289.15625,0.6815705340486267,477.125,0.27010039053857327,0.5893670583742163,1628.34375,0.7608624443356515,528.59375,0.34310973482206464,0.012331176946728228,0.29165058356368884,913.96875,0.6036005483030238,443.34375,1.5707226991653442,0,0,1.2820039451070029,0.7501025640625815,0,2.3289609841035293,0.508017754456622,,,,,,,,,,,,,,,,0,276,936,87.66015625,191.0546875,35,35,4096,4096,4096,8.393163726999774,10.793329666994396,,,,,,,,,1,-1,0.13832083379312204,0,0,1,,,,0,1.4229412078857422,0.9997116327285767,,,,,,0.4856386184692383,0.006294749677181244,0.12976455688476562,0.0027612587437033653,0.9981508255004883,,,,,,,,,,,,,0.010481990000698715,0.002003993374955826,0.00024031999055296183,0.9732341670023743,0.06865874303485953,0.005792819996713661,0.017583299020770937,0.005407174121955904,0.00046424000174738467,0,0,0,,,,,1,0.703125,0,180
185,17717.863596827,1787531673.8721666,0.75390625,4.336808689942018e-19,64.08736515045166,0.03519565612077713,1,-1,0.09375,0.09207494556903839,0.0022274877410382032,1.0320243835449219,0.9812110662460327,0.9014973640441895,0,0,0.021250367164611816,0.0005841059610247612,1.0005842447280884,0.03131353110074997,-0.010671578347682953,-0.010333491489291191,0.019218219444155693,0.0005841059610247612,0.999550461769104,0.6153035163879395,0.0005841059610247612,1,6.8125,24.28125,0.02002313404768999,0.03125,0,701.28125,0,3.4752396082457873,0.3117577131791782,0.4556007008511258,1283.4375,0.6768284145526416,476.875,0.2541819429025054,0.5834499791998196,1639.3125,0.7525534243631018,529.90625,0.3133858453948051,0.03045730887342931,0.30057590715879534,907.90625,0.6049538254832914,441.78125,2.2365065813064575,0,0,1.2520920061682412,0.7687195847800314,0,3.5244733407954922,0.30529994279179895,,,,,,,,,,,,,,,,0,281,1064,96.4921875,229.90234375,36,36,4096,4096,4096,8.535738723003305,11.42381951599964,,,,,,,,,1,-0.14285714285714285,0.0668153104781061,0,0,1,,,,0,1.9757261276245117,0.9996118545532227,,,,,,0.6809356212615967,0.007238439284265041,0.17669677734375,0.003055958542972803,0.9980325698852539,,,,,,,,,,,,,0.009141439993982203,0.002206848393996097,0.0002113800001097843,0.9739897069957806,0.06570620217564738,0.005032790009863675,0.0234573409834411,0.006233731441511736,0.0006561600021086633,0,0,0,,,,,1,0.75390625,0,193
186,17795.069982288,1787531752.111737,0.74609375,1.3010426069826053e-18,64.60364532470703,0.008682127110660076,1,-0.1428571492433548,0.03125,0.09405073523521423,0.0008897844818420708,1.0102605819702148,0.9817330837249756,0.8628315925598145,0,0,0.019918503239750862,8.678296580910683e-06,1.0000087022781372,0.022454751655459404,-0.0011723731877282262,-0.0012375611113384366,0.018696287646889687,8.678296580910683e-06,0.9997126460075378,0.6222114562988281,8.678296580910683e-06,1,6.71875,29.1875,0.01939914902182494,0.03125,0,771.9375,0,3.892398393548138,0.38970231367217634,0.4674424300989735,1458.59375,0.684141010066345,537.625,0.2313909069634974,0.5858290499482481,1830.5625,0.7578889679364326,594.8125,0.30635009286925197,0.025035001417780575,0.30837001847863615,1066,0.6229241093927858,510.6875,1.979181945323944,0,0,1.2932912865944308,0.767645252805295,0,3.8518831774721543,0.3808559702333879,,,,,,,,,,,,,,,,0,280,940,92.078125,217.8046875,35,35,4096,4096,4096,8.973657188005745,11.21267517200613,,,,,,,,,0.1428571428571429,-1,0.0668153104781061,0,0,1,,,,0,1.5601396560668945,1.0000239610671997,,,,,,0.6103849411010742,0.007304612547159195,0.1325373649597168,0.0032107471488416195,0.9979047775268555,,,,,,,,,,,,,0.00984292000066489,0.0021868897578656288,0.0002157199924113229,1.0014394460013136,0.07963610793751741,0.005521949991816655,0.06186772799992468,0.0056353862423179635,0.0006547600060002878,0,0,0,,,,,1,0.74609375,0,191
187,17876.217118577,1787531829.7874067,0.62109375,1.3010426069826053e-18,63.755669593811035,0.008010512217879295,0.1428571492433548,-1,0.03125,0.10062816739082336,0.0009858438279479742,1.0230159759521484,0.9919241070747375,0.934450626373291,0,0,0.011458666995167732,0.00013898080214858055,1.0001389980316162,0,0.0002963219303637743,0.00041933308239094913,0.008219100534915924,0.00013898080214858055,0.999765932559967,0.5431408882141113,0.00013898080214858055,1,6.78125,24.375,0.008925289159129636,0.03125,0,736.625,0,20.87633722014257,0.45072215688450873,0.4717266009146143,1403.5,0.6941605722869262,518.59375,0.25725788064301014,0.5833802591509338,1743.125,0.7588385169632348,567.9375,0.34143220633268356,0.009430911060350445,0.30224112456846586,998.90625,0.6139024196818113,481.84375,1.3545494675636292,0,0,1.2858411753897867,0.7483917772585915,0,20.897033088231705,0.44534230432167504,,,,,,,,,,,,,,,,0,291,831,86.34375,196.46875,33,33,4096,4096,4096,8.948501798993675,10.227203985996312,,,,,,,,,0.1428571428571429,-1,0.0668153104781061,0,0,1,,,,0,1.694748878479004,1.0004172325134277,,,,,,0.5339574813842773,0.007099532522261143,0.17669248580932617,0.0031071368139237165,0.9980725646018982,,,,,,,,,,,,,0.009392609994392842,0.0020678797344544364,0.0001934999891091138,0.8240240729937796,0.08032416875749959,0.004768860002513975,0.015101729019079357,0.00470836014460474,0.0005112799990456551,0,0,0,,,,,1,0.62109375,0,159
188,17955.331754534,1787531911.0264707,0.63671875,8.673617379884035e-19,66.8153190612793,0.008085442706942558,0.1428571492433548,-1,0.03125,0.09774859249591827,0.0003876540868077427,1.023789405822754,0.9907749891281128,0.9372467994689941,0,0,0.011784929782152176,8.414243347942829e-05,1.0000841617584229,0.004224683623760939,0.0003628318081609905,0.0003301130491308868,0.009384901262819767,8.414243347942829e-05,1.0001929998397827,0.5862789154052734,8.414243347942829e-05,1,6.71875,21.78125,0.009599287648455176,0.03125,0,690.75,0,2.9249259053818397,0.4976957733988799,0.4677370873208377,1307.28125,0.6877283187548812,483.3125,0.21543780784122646,0.5795331441471772,1619.5625,0.7566033757474931,530.65625,0.2785403924062848,0.012795045645457482,0.29191092508478933,938.5,0.6070841002751338,453.59375,1.4085081219673157,0,0,1.2829526875719033,0.7892141979164884,0,2.8038670768026903,0.5235433014641728,,,,,,,,,,,,,,,,0,293,1089,103.453125,270.4375,33,33,4096,4096,4096,8.935018629999831,10.731852487995639,,,,,,,,,0.5714285714285714,-1,0.12111303541295121,0,0,1,,,,0,1.7026166915893555,1.000012755393982,,,,,,0.5321664810180664,0.007900593802332878,0.17669463157653809,0.0034702210687100887,0.9980179667472839,,,,,,,,,,,,,0.010543119002250023,0.002124192882490661,0.00020077999215573072,1.1181178120023105,0.07984811208160636,0.007983040006365627,0.06119737801782321,0.00669384393125938,0.0006232500018086284,0,0,0,,,,,1,0.63671875,0,163
189,18029.342751903,1787531990.1409693,0.68359375,1.3010426069826053e-18,64.91125917434692,0.02583276852965355,0.5714285969734192,-1,0.0625,0.11370966583490372,0.0011211095843464136,1.0486259460449219,0.9878664612770081,0.9341707229614258,0,0,0.015388786792755127,0.00012266822159290314,1.0001226663589478,0.02477126568555832,0.0021395424846559763,0.0018051560036838055,0.012388535775244236,0.00012266822159290314,1.0001003742218018,0.6294851303100586,0.00012266822159290314,1,6.90625,30.65625,0.012767188179167291,0.03125,0,827.625,0,6.09937136279174,0.3920268847592927,0.4710329499760946,1579.5625,0.6947223035678729,585.125,0.25965945050120354,0.5829794405139839,1957.59375,0.7619617604144908,641.78125,0.3417329993098974,0.01602982374885352,0.3202769273783398,1178.1875,0.6342430824557387,556.3125,1.8508440256118774,0,0,1.3318376208630678,0.7623736899463684,0,6.108717038569619,0.41838548998779834,,,,,,,,,,,,,,,,0,262,1058,100.0703125,255.78125,35,35,4096,4096,4096,8.465022884993232,10.927936271997169,,,,,,,,,0.1428571428571429,-1,0.0668153104781061,0,0,1,,,,0,1.6309680938720703,0.9998729228973389,,,,,,0.5345559120178223,0.0076337214559316635,0.1353316307067871,0.0033474601805210114,0.9979773759841919,,,,,,,,,,,,,0.009100919996853918,0.002263700890864584,0.000258400003076531,0.9905463469913229,0.07163235797645484,0.004953760013449937,0.016861439013155177,0.006337233574640777,0.0006110000103944913,0,0,0,,,,,1,0.68359375,0,175
190,18107.996498445,1787532063.4578128,0.5,0,59.64763855934143,0.007931158877909184,0.1428571492433548,-1,0.0312500037252903,0.1183784157037735,0.0004458568000700325,1.0125293731689453,0.9873831868171692,0.9269289970397949,0,0,0.01470615528523922,7.150974124670029e-05,1.0000715255737305,0.004044684581458569,0.00015773515042383224,0.00010525856487220153,0.012855343520641327,7.150974124670029e-05,1.0000460147857666,0.5859284400939941,7.150974124670029e-05,1,6.625,27.78125,0.013268948179123092,0.03125,0,800.5625,0,3.2376421161302,0.39812413774631394,0.4740686568122956,1532.09375,0.7032360553639669,568.6875,0.25990221463143826,0.5905049449286434,1904.71875,0.7707580411881347,624.15625,0.3126721866428852,0.017398252482286387,0.3248783710243195,1149.71875,0.6425411207405337,540.75,1.645583987236023,0,0,1.2916120969816216,0.7636523884015307,0,3.041469516157233,0.41928541311678547,,,,,,,,,,,,,,,,0,246,594,73.9921875,156.46875,35,35,4096,4096,4096,8.414233065996086,10.775166627005092,,,,,,,,,0,0,0,0,0,1,,,,0,1.7079343795776367,1.0001558065414429,,,,,,0.5352849960327148,0.006837933789938688,0.1713266372680664,0.003061556490138173,0.9978762865066528,,,,,,,,,,,,,0.011193519007065333,0.0022769387580297007,0.00021938000281807035,1.0440885150019312,0.06327335250415445,0.006271339996601455,0.06516509799985215,0.004794770320472708,0.0005902899865759537,0,0,0,,,,,1,0.5,0,128
191,18186.847351582,1787532143.0709994,0.56640625,0,64.62626910209656,0,0,0,0,0.10451088100671768,0,1.013798713684082,0.9924606680870056,0.9352517127990723,0,0,0.009687734767794609,0,1,0,0,0,0.007674499414861202,0,1.0001041889190674,0.5864496231079102,0,1,6.53125,14.03125,0.008003789836009002,0,0,591.9375,0,5.743594419935125,0.5829609274676515,0.46743967923020685,1117,0.6907843801896194,413.5,0.2251445883885026,0.5774924707880579,1379.78125,0.757188940511619,452.84375,0.2744369339197874,0.008262826359277796,0.2881435920592401,774.1875,0.5995727191767635,378.1875,1.0734143257141113,0,0,1.324198007143151,0.7704896373160783,0,5.8494571279370255,0.584207821024544,,,,,,,,,,,,,,,,0,310,1057,98.12109375,235.03125,35,35,4096,4096,4096,8.698105876988848,10.073067641002126,,,,,,,,,0.4285714285714286,-1,0.16170330603816815,0,0,1,,,,0,1.7022972106933594,0.9997949004173279,,,,,,0.5355134010314941,0.008544824086129665,0.13240742683410645,0.0036502424627542496,0.9979881644248962,,,,,,,,,,,,,0.01162248000036925,0.0021077244799698747,0.00019802899623755366,1.0335843049979303,0.07586263921155023,0.004765599995153025,0.06447614799253643,0.005856942215473282,0.0006895300030009821,0,0,0,,,,,1,0.56640625,0,145
192,18264.261723126,1787532221.4219012,0.73046875,2.6020852139652106e-18,63.70691108703613,0.04886546730995178,0.4285714328289032,-1,0.125,0.12473861873149872,0.0017358424374833703,1.0135011672973633,0.9897962808609009,0.9138369560241699,0,0,0.012251979671418667,0.0002176607958972454,1.0002176761627197,0.03801269084215164,0.0074924444779753685,0.006676933728158474,0.010402223095297813,0.0002176607958972454,0.9999488592147827,0.5853672027587891,0.0002176607958972454,1,6.71875,30.40625,0.010976412484287042,0.03125,0,784.96875,0,5.111929159637591,0.42350538983724223,0.4771566678412891,1509.8125,0.7037528580733579,557.78125,0.23998025245964527,0.5884844895993815,1862.9375,0.769059426396759,610.5,0.298079110798426,0.012498766700268144,0.3210471279180643,1144.1875,0.6333385453266052,530.9375,1.6645404696464539,0,0,1.327383635710459,0.7547493569766712,0,5.633489250423727,0.4217351476078178,,,,,,,,,,,,,,,,0,264,1129,97.96875,248.34765625,35,35,4096,4096,4096,8.950253668997902,11.049480657995446,,,,,,,,,0.4285714285714286,-1,0.13599594831899836,0,0,1,,,,0,1.6851701736450195,0.9998946785926819,,,,,,0.5252470970153809,0.008195788599550724,0.15651893615722656,0.0035463902167975903,0.9980775713920593,,,,,,,,,,,,,0.010697320001781918,0.001957395566478226,0.00022714000078849494,0.9811038970074151,0.0713289509610604,0.002732820008532144,0.02030327000829857,0.005718471086026966,0.0007251000060932711,0,0,0,,,,,1,0.73046875,0,187
193,18341.518253711,1787532298.3693426,0.71484375,1.3010426069826053e-18,63.252639293670654,0.033816032111644745,0.4285714328289032,-1,0.09375,0.13124725222587585,0.002499399008229375,1.019007682800293,0.9888073801994324,0.9495725631713867,0,0,0.013034062460064888,0.00034413603134453297,1.000344157218933,0.009772159159183502,0.001349015859887004,0.0013492965372279286,0.011343790218234062,0.00034413603134453297,0.9999552369117737,0.5914077758789062,0.00034413603134453297,1,6.75,30.53125,0.011892974146057774,0.03125,0,783.75,0,3.208052699384602,0.3715628321131799,0.4796096980981461,1504.5625,0.7091354961716374,556.84375,0.24677195772528648,0.5940448699671136,1869.59375,0.7735664231008389,610.21875,0.340540012344718,0.009659333628962936,0.3347252977541503,1122.375,0.6463582846182219,526.0625,1.61562180519104,0,0,1.3141221390764866,0.7435842621971334,0,3.1693900828590014,0.38069610773923307,,,,,,,,,,,,,,,,0,269,1047,89.6875,225.00390625,35,35,4096,4096,4096,8.119276566998451,10.592928363999818,,,,,,,,,0.1428571428571429,-1,0.0668153104781061,0,0,1,,,,0,1.502664566040039,1.0001131296157837,,,,,,0.4521385431289673,0.0074046882800757885,0.15651988983154297,0.0032985068392008543,0.9980374574661255,,,,,,,,,,,,,0.010843880008906126,0.002322192101928522,0.00023694999981671572,1.016539415999432,0.0669048258513385,0.0048640400054864585,0.020429679992957972,0.005816720702910061,0.0006507399957627058,0,0,0,,,,,1,0.71484375,0,183
194,18416.664880342,1787532375.4947379,0.74609375,1.3010426069826053e-18,63.92289924621582,0.00814075767993927,0.1428571492433548,-1,0.03125,0.11848028749227524,0.0004244844021741301,1.0189847946166992,0.9887278079986572,0.9292893409729004,0,0,0.013482943177223206,5.325814709067345e-05,1.0000532865524292,0.00428921589627862,0.00043376878602430224,0.00038953934563323855,0.011455971747636795,5.325814709067345e-05,1.0004069805145264,0.6362652778625488,5.325814709067345e-05,1,6.71875,25.71875,0.01150968296409324,0.03125,0,717.5,0,2.7477920831611646,0.4595423344578647,0.47440709867104003,1375.4375,0.7003768273601702,507.875,0.24103436805307865,0.5797837076873644,1696.125,0.7625726725630663,556.71875,0.27992262691259384,0.010941099871532271,0.32115134993654404,1015.84375,0.6406375462581045,482.71875,1.397674560546875,0,0,1.2875110121452495,0.7720891264076034,0,2.6288624472253845,0.4775445319462259,,,,,,,,,,,,,,,,0,296,1092,93.375,243.46875,35,35,4096,4096,4096,8.305959249002626,10.14068028901238,,,,,,,,,0.1428571428571429,-1,0.0668153104781061,0,0,1,,,,0,1.613485336303711,1.0000510215759277,,,,,,0.5076239109039307,0.008071482181549072,0.1565227508544922,0.003383367322385311,0.9982539415359497,,,,,,,,,,,,,0.009391479994519614,0.0020489167225150595,0.00021201100025791675,0.8142636720003793,0.07241501187030508,0.00337530899560079,0.021243161012534983,0.005508734449108488,0.0004888299881713465,0,0,0,,,,,1,0.74609375,0,191
195,18492.255327239,1787532450.7942882,0.58984375,1.3010426069826053e-18,62.02052187919617,0.0077178385108709335,0.1428571492433548,-1,0.03125,0.12647439539432526,0.0011811151634901762,1.021479606628418,0.989429771900177,0.9307374954223633,0,0,0.013415798544883728,8.156080730259418e-05,1.0000816583633423,0,-0.00010195727372774854,-3.892638778779656e-05,0.010777367278933525,8.156080730259418e-05,1.0000308752059937,0.601923942565918,8.156080730259418e-05,1,6.8125,29.5,0.011237847216195205,0.03125,0,747,0,4.288423941508,0.4860932819822811,0.48010776829397284,1449.875,0.7086680805061197,534.15625,0.2574196420609951,0.5856797636154886,1778.4375,0.7695929957872534,584.03125,0.31534159556031227,0.010254645342536617,0.3206514918509621,1072.09375,0.6367368908142845,506.15625,1.2288443446159363,0,0,1.2989979665871743,0.7616440019183063,0,4.227145698484408,0.4750276448468488,,,,,,,,,,,,,,,,0,247,1043,86.63671875,192.4765625,32,32,4096,4096,4096,8.010545448996709,10.026893791990005,,,,,,,,,0.1428571428571429,-1,0.0668153104781061,0,0,1,,,,0,1.6903181076049805,1.000113606452942,,,,,,0.5249161720275879,0.007924516685307026,0.17134809494018555,0.0033403283450752497,0.9980782270431519,,,,,,,,,,,,,0.06307564800954424,0.0023315732149740143,0.00019836000865325332,0.7817270639934577,0.059857233882894434,0.00307981000514701,0.016923930001212284,0.005474460965217531,0.0005909700121264905,0,0,0,,,,,1,0.58984375,0,151
196,18566.166285122,1787532526.265953,0.73828125,0,62.002519369125366,0.0089285708963871,0.1428571492433548,-1,0.03124999813735485,0.11974628269672394,0.0008127830224111676,1.025385856628418,0.9898158311843872,0.941746711730957,0,0,0.012388351373374462,4.173861816525459e-05,1.0000417232513428,0.005208333022892475,0.0014836298068985343,0.0012949019437655807,0.010346155613660812,4.173861816525459e-05,0.9999917149543762,0.6012864112854004,4.173861816525459e-05,1,6.65625,25.8125,0.010845151826063803,0.03125,0,693.09375,0,2.7925697517557273,0.4611551325508572,0.47385487347508065,1320.46875,0.7002486322679624,487.75,0.24988860823214054,0.5840732674105897,1629.25,0.7660866147630878,534.4375,0.3265843503177166,0.009689481116732051,0.31449475816280936,967.0625,0.6351089090497232,462.375,1.348854660987854,0,0,1.2950714804525074,0.7447348832839352,0,2.7102748663493257,0.4730954090157412,,,,,,,,,,,,,,,,0,252,1048,96.9296875,268.05859375,35,35,4096,4096,4096,8.23690659199201,10.196242845995585,,,,,,,,,0.4285714285714286,-0.7142857142857143,0.09780759955449395,0,0,1,,,,0,1.498429298400879,0.999826192855835,,,,,,0.5252025127410889,0.0080356914550066,0.1713428497314453,0.0033854967914521694,0.9982303380966187,,,,,,,,,,,,,0.010523220000322908,0.001882394860047043,0.00020322999625932425,0.9137418789905496,0.05862752653524694,0.005125329000293277,0.01878238801145926,0.006191026546503053,0.0006925199995748699,0,0,0,,,,,1,0.73828125,0,189
197,18643.459905381,1787532599.7059634,0.7734375,2.6020852139652106e-18,58.91066241264343,0.016304347664117813,0.4285714328289032,-0.7142857313156128,0.03125,0.12782245874404907,0.0009182283538393676,1.0180988311767578,0.9867096543312073,0.9134202003479004,0,0,0.015806617215275764,6.169965490698814e-05,1.0000617504119873,0.013937587849795818,-0.0017545012524351478,-0.0020329253748059273,0.013550984673202038,6.169965490698814e-05,0.9998104572296143,0.5914340019226074,6.169965490698814e-05,1,6.84375,31.71875,0.01423437279791248,0.03125,0,775.4375,0,2.8413382929386404,0.38353235905327254,0.4790669888471092,1504,0.7057178838072717,553.78125,0.25921868719160557,0.586284096276704,1847.03125,0.771163413041496,606.8125,0.3242907039821148,0.014459053678129816,0.33193726997406664,1128.34375,0.6491137996204507,529.40625,1.736376166343689,0,0,1.2984830063494948,0.7395283963236763,0,2.8437277041354005,0.3670592873779701,,,,,,,,,,,,,,,,0,264,615,72.6796875,137.12890625,32,32,4096,4096,4096,7.670855920994654,10.002341391998925,,,,,,,,,0.1428571428571429,-1,0.09449111825230681,0,0,1,,,,0,1.9505329132080078,0.9999241232872009,,,,,,0.6681029796600342,0.007493443321436644,0.1766951084136963,0.0032444163225591183,0.9978504180908203,,,,,,,,,,,,,0.07177346698881593,0.0021399670668529325,0.0002456889924360439,1.0825308030034648,0.10816366250395504,0.004559319990221411,0.015499378976528533,0.003950345936232225,0.0007096100016497076,0,0,0,,,,,1,0.7734375,0,198
198,18722.056675966,1787532677.4106967,0.53125,0,64.47076201438904,0.014860127121210098,0.1428571492433548,-1,0.0625,0.11160355806350708,0.0008458135998807847,1.018209457397461,0.9929367303848267,0.9161109924316406,0,0,0.010360043495893478,9.02924221009016e-05,1.0000903606414795,0.006920146755874157,-0.0010175257921218872,-0.0011962136486545205,0.007237108889967203,9.02924221009016e-05,0.9997996091842651,0.5925431251525879,9.02924221009016e-05,1,6.5625,15.6875,0.007898142559449737,0.03125,0,581.4375,0,2.1387223632785752,0.6179062712922305,0.4700929010030225,1101.78125,0.6957271962791138,406.9375,0.21090339496731758,0.5744648738099813,1353.96875,0.7554735126995656,444.03125,0.27252912893891335,0.007945703381017223,0.2958074808144432,788.1875,0.6151641090944889,380.90625,0.9478915333747864,0,0,1.2826221565235774,0.7950351171847188,0,2.1026129734300794,0.630243969156018,,,,,,,,,,,,,,,,0,284,1080,85.984375,207.984375,32,32,4096,4096,4096,8.965952937011025,9.547660127005656,,,,,,,,,0,0,0,0,0,1,,,,4.542976603261195e-05,2,0.9998360276222229,,,,,,0.6965079307556152,0.007466527167707682,0.12113022804260254,0.0031524975784122944,0.9982413053512573,,,,,,,,,,,,,0.011688618993503042,0.0023659483354094846,0.00023019099899102002,0.8623994110093918,0.062299872050800786,0.0045065400045132264,0.02111776900710538,0.006009738011584886,0.0007200899999588728,0,0,0,,,,,1,0.53125,0,136
199,19109.720104604,1787532756.3076842,0.796875,2.6020852139652106e-18,65.49082398414612,0,0,0,0,0.11482679843902588,0,1.0258550643920898,0.9894770383834839,0.8780055046081543,0,0,0.013795804232358932,0,1,0,0,0,0.010756613686680794,0,0.9997773766517639,0.654510498046875,0,1,6.8125,26.0625,0.011471086238704173,0,0,687.875,0,3.150753349932011,0.4559705572957882,0.4679318256171284,1307.96875,0.6932702497758457,483.25,0.24194040149450302,0.5756971735497513,1611.1875,0.7560815257921252,528.34375,0.3244194760918617,0.012660348839155743,0.30897026736254884,948.34375,0.6210769439145511,451.3125,1.5530788898468018,0.03125,0,1.3174346463020568,0.762400104110093,0,2.902688344122633,0.4600956963357965,,,,,,,,,,,,,,,,0,260,1051,100.40234375,245.44140625,32,32,4096,4096,4096,8.896782609008369,10.044723521001288,,,,,,,,,0.2857142857142857,-1,0.1287696884094282,0,0,1,,,,0,1.5690803527832031,0.999708354473114,,,,,,0.5748841762542725,0.007797876838594675,0.12635564804077148,0.0032544718123972416,0.9982931613922119,,,,,,,,,,,,,0.010974289005389437,0.0021867282034691016,0.00020402998779900372,0.8485954620118719,0.08288346508572886,0.005052320004324429,0.02473675001238007,0.00642835676165987,0.0007161510002333671,0,0,0,,,,,1,0.796875,0,204
200,19188.887720129,1787533146.187547,0.609375,2.6020852139652106e-18,374.186838388443,0.030066628009080887,0.2857142984867096,-1,0.09375,0.12457935512065887,0.0016744851600378752,1.0260019302368164,0.9869053959846497,0.9219365119934082,0,0,0.015316653996706009,0.000194901367649436,1.000195026397705,0.013224180787801743,0.002242377959191799,0.0018265226390212774,0.013352413661777973,0.000194901367649436,1.000119686126709,0.562769889831543,0.000194901367649436,1,6.78125,32.65625,0.013678765335514691,0.03125,0,803.21875,0,3.1249848746281463,0.4053243750532962,0.47153457940486304,1541.03125,0.6957301361040504,568.53125,0.2536237114109099,0.5836485887356713,1909,0.767739925264709,626.03125,0.31844008853659034,0.012489528716794096,0.3262211368020923,1164.71875,0.6457111186853193,549.4375,1.4212961792945862,0,0,1.2907554799396026,0.7697153212215367,0,3.052008391112597,0.42060029622111506,800,200,0.6100000143051147,0.61,309.66697719199874,0,285,1083,97.5562515258789,268.4375,32,32,4096,4096,4096,0,252,912,96.23046875,260.55078125,35,35,4096,4096,4096,0.9905404811189049,10.220093944997643,0.5714285714285714,1.6653345369377347e-18,-1,0.020832864634654804,0.57,0.38,0.05,0.61,0.4285714285714286,-1,0.11845088536983571,0,0,1,0,1.6548986434936523,1.0001299220323563,0,1.6268396377563477,1.000201940536499,0.7079710960388184,0.007118388431845233,0.1766951084136963,0.0029641041497234255,0.9983147001266479,0.5317173004150391,0.008386545814573765,0.17134356498718262,0.003377989400178194,0.9982754588127136,20.227102566990652,2.5621739779935706,0.0003095099964411929,14.846109858001,1.352360134718765,0.0009360700059914961,13.084072728001047,1.4955172094837326,0.000664790000882931,0,0,0,0.014419300001463853,0.0020041354804902767,0.0002041709958575666,0.8544803109980421,0.07536478254650092,0.003132529993308708,0.020245679988875054,0.005788465320222258,0.0007268400077009574,0,0,0,1,0.61,0,4.88,1,0.609375,0,156
201,19266.503880548,1787533223.844239,0.71875,0,62.79703211784363,0.02559063956141472,0.4285714328289032,-1,0.0625,0.1254730224609375,0.002069181529805064,1.0258817672729492,0.9904861450195312,0.918095588684082,0,0,0.01224975660443306,9.914347901940346e-05,1.0000991821289062,0.017605982720851898,0.0033245435915887356,0.002885617548599839,0.00967332161962986,9.914347901940346e-05,1.0002199411392212,0.5875935554504395,9.914347901940346e-05,1,6.8125,31.625,0.009954455511332616,0.03125,0,769.84375,0,3.438710464040761,0.4188804780647052,0.4714101831231195,1464.125,0.6978676486838598,542.75,0.27753892727196217,0.5822988385812227,1811.5,0.7621377123085775,593.65625,0.320310115814209,0.010322789570165145,0.3282208552914029,1099.28125,0.6429631427441851,517.5625,1.4503906965255737,0,0,1.3052685191579836,0.7617625154046332,0,3.3977343108446845,0.4266548102124335,,,,,,,,,,,,,,,,0,267,908,92.5859375,212.1015625,35,35,4096,4096,4096,8.043763048000983,11.517572501004906,,,,,,,,,0,0,0,0,0,1,,,,0,1.6453161239624023,0.9999000430107117,,,,,,0.49793291091918945,0.006883842404931784,0.17520451545715332,0.0029401094652712345,0.9983350038528442,,,,,,,,,,,,,0.01557948898698669,0.002248803445354497,0.0002402199897915125,1.0590569640044123,0.09170156632035287,0.0035277999995741993,0.027548027006560005,0.0063500692193656505,0.0005918310052948073,0,0,0,,,,,1,0.71875,0,184
202,19343.81439048,1787533300.7671394,0.734375,0,62.37420630455017,0,0,0,0,0.11495630443096161,0,1.047403335571289,0.9871002435684204,0.9318571090698242,0,0,0.015398876741528511,0,1,0,0,0,0.013136472553014755,0,0.9999192357063293,0.6225090026855469,0,1,6.75,27.65625,0.013614015301273045,0,0,740.6875,0,37.38400061377285,0.416800450418937,0.4701530018681643,1417.0625,0.6901282501138171,519.46875,0.25132770370692015,0.5764246135574689,1730.90625,0.755886689600678,568.09375,0.3073837589472532,0.017636044221459198,0.3169365020142936,1046.09375,0.6357808793740982,497.46875,1.8762903809547424,0,0,1.2751667007449041,0.7581699570084113,0,27.317390902999584,0.41571615589081945,,,,,,,,,,,,,,,,0,252,771,98.3515625,235.67578125,35,35,4096,4096,4096,8.052386348004802,10.833580093996716,,,,,,,,,0.5714285714285714,-0.5714285714285714,0.10101525445522107,0,0,1,,,,0,1.6043615341186523,1.0002740621566772,,,,,,0.5356206893920898,0.00772230327129364,0.15652084350585938,0.0031131955329328775,0.9984775185585022,,,,,,,,,,,,,0.010188579995883629,0.0023291865007308843,0.00021399000252131373,0.9749858180002775,0.05963788362117839,0.0033757310011424124,0.020822729988140054,0.006912340683470575,0.0006746200087945908,0,0,0,,,,,1,0.734375,0,188
203,19419.913541541,1787533378.8460684,0.8125,0,63.81399321556091,0.01785714365541935,0.5714285969734192,-0.5714285969734192,0.03125,0.12980590760707855,0.0014086465816944838,1.0164337158203125,0.9847557544708252,0.9242124557495117,0,0,0.017247730866074562,0.0001218533143401146,1.0001219511032104,0.01657342165708542,0.0010806580539792776,0.0007275529205799103,0.01554753165692091,0.0001218533143401146,1.0002384185791016,0.5853047370910645,0.0001218533143401146,1,6.84375,32.78125,0.015805856464220787,0.03125,0,786.8125,0,5.114999303994464,0.3799105245323369,0.4776261036474196,1517.125,0.7019852644388369,559.03125,0.28520396538078785,0.586989606432735,1864.3125,0.7694846878324659,611.4375,0.32325235195457935,0.01887582702283682,0.32389884005772474,1128.375,0.6370842916339003,529.46875,1.8615596294403076,0,0,1.3335155619300492,0.7542177947764226,0,4.59703647387747,0.3889237422387739,,,,,,,,,,,,,,,,0,243,873,95.4609375,249.55859375,35,35,4096,4096,4096,8.242398071990465,10.189643306002836,,,,,,,,,0,0,0,0,0,1,,,,0,1.6999292373657227,1.000165343284607,,,,,,0.5343317985534668,0.008233512751758099,0.12465453147888184,0.0033465921878814697,0.9983615279197693,,,,,,,,,,,,,0.008867369993822649,0.002277116753646169,0.00021655998716596514,0.8235750419989927,0.06325931948458674,0.0059806290082633495,0.017814897990319878,0.006320125583101799,0.0006386800087057054,0,0,0,,,,,1,0.8125,0,208
204,19498.465647903,1787533454.7611823,0.7578125,8.673617379884035e-19,61.681862592697144,0,0,0,0,0.13217675685882568,0,1.0200376510620117,0.9817069172859192,0.8891716003417969,0,0,0.02033250965178013,0,1,0,0,0,0.018719758838415146,0,1.0002450942993164,0.5860595703125,0,1,6.84375,33.96875,0.018998899506675562,0,0,763.6875,0,3.785942868728741,0.3682375858680693,0.47855536276212507,1477.5625,0.703060263583347,542.21875,0.26306356117129326,0.591497522170679,1821.6875,0.7712044770745305,594.78125,0.33431427739560604,0.023188171433448708,0.3297285419293112,1102.75,0.6442799531765335,516.59375,2.2028960585594177,0,0,1.3077047177196781,0.7575163179394739,0,3.6504704887312824,0.36654488397881435,,,,,,,,,,,,,,,,0,264,797,88.4140625,222.46875,35,35,4096,4096,4096,8.242967618993134,11.017605139000807,,,,,,,,,0.8571428571428572,-0.2857142857142857,0.08748177652797065,0,0,1,,,,0,1.6860694885253906,1.0003741979599,,,,,,0.5224003791809082,0.007551153190433979,0.13287091255187988,0.003163882764056325,0.9983203411102295,,,,,,,,,,,,,0.008175969996955246,0.0019779665782380107,0.0001971600140677765,0.9988265809952281,0.08653401428915686,0.005540279991691932,0.021531908001634292,0.005702274972463783,0.0007072299922583625,0,0,0,,,,,1,0.7578125,0,194
205,19579.951174158,1787533532.4997756,0.68359375,1.3010426069826053e-18,63.103774070739746,0.012949522584676743,0.8571428656578064,-0.2857142984867096,0.03125,0.11762756109237671,0.001235618838109076,1.0191717147827148,0.9875174760818481,0.9032526016235352,0,0,0.015382073819637299,0.00013473909348249435,1.0001347064971924,0.024213336408138275,0.0008840112132020295,0.00071833620313555,0.012773058377206326,0.00013473909348249435,1.0005509853363037,0.6920590400695801,0.00013473909348249435,1,6.71875,27.96875,0.01272010739784985,0.03125,0,707.3125,0,2.9383787274289492,0.4383765892451956,0.4677141843250982,1335.03125,0.690463798967577,492.9375,0.23353354586288333,0.5820143111815279,1665.03125,0.7620532530656083,545.53125,0.31851994059979916,0.01711644783660607,0.3087751947786007,980.21875,0.6227006955187389,467.65625,1.6268538236618042,0,0,1.3000000193351204,0.7785697692635374,0,2.776267512356023,0.46295903202234934,,,,,,,,,,,,,,,,0,277,1032,86.24609375,191.4453125,32,32,4096,4096,4096,8.711522655998124,10.960528449999401,,,,,,,,,0.1428571428571429,-1,0.0668153104781061,0,0,1,,,,4.529190846369602e-05,2,0.9998462796211243,,,,,,0.6943693161010742,0.007386112120002508,0.17134666442871094,0.0031898808665573597,0.9980788826942444,,,,,,,,,,,,,0.010385918998508714,0.0021772727999405106,0.00023490999592468143,1.032031390001066,0.08114271246904536,0.005095000000437722,0.01834682900516782,0.005374568824208836,0.0005094700027257204,0,0,0,,,,,1,0.68359375,0,175
206,19665.101380655,1787533614.7600064,0.66796875,1.734723475976807e-18,68.22007703781128,0.008355027064681053,0.1428571492433548,-1,0.03125,0.1166020929813385,0.0004048506962135434,1.0461502075195312,0.987231433391571,0.8899974822998047,0,0,0.015807565301656723,6.491458043456078e-05,1.0000649690628052,0.004539197776466608,0.0007211983320303261,0.0006044364999979734,0.01305067166686058,6.491458043456078e-05,0.9998376965522766,0.5945887565612793,6.491458043456078e-05,1,6.8125,24.8125,0.013662442336494702,0.03125,0,689.96875,0,3.570930808051174,0.41059883455944923,0.4628339638639962,1286.15625,0.6821054508330546,475,0.23019882198423147,0.5833879101973927,1618.90625,0.7579129862904804,526.90625,0.31375990621745586,0.0175794342365915,0.30628180791213244,935.9375,0.613214188306169,447.0625,1.7488733530044556,0.03125,0,1.305050129846519,0.7724157536022591,0,3.505726689262715,0.40247160816206795,,,,,,,,,,,,,,,,0,298,1060,115.03515625,326.703125,37,37,4096,4096,4096,8.627979289012728,10.070559657004196,,,,,,,,,0.5714285714285714,-1,0.12111303541295121,0,0,1,,,,0,1.7000246047973633,0.9999011754989624,,,,,,0.6381586790084839,0.008542848750948906,0.17669296264648438,0.0035078050568699837,0.9981650114059448,,,,,,,,,,,,,0.012372860001050867,0.002243008745949737,0.00025081100466195494,0.8439878060016781,0.06881302303520442,0.004016170001705177,0.07378026797960047,0.007857049589404141,0.0008650599920656532,0,0,0,,,,,1,0.66796875,0,171
207,19742.617725125,1787533699.5115445,0.6640625,2.6020852139652106e-18,70.25524592399597,0.029553573578596115,0.5714285969734192,-1,0.0625,0.1316920518875122,0.0014869293663650751,1.0220327377319336,0.9814411401748657,0.9248924255371094,0,0,0.02087065950036049,0.0001797173172235489,1.0001797676086426,0.019839569926261902,0.0028994157910346985,0.002425173996016383,0.01897202990949154,0.0001797173172235489,1.0001606941223145,0.5282630920410156,0.0001797173172235489,1,6.875,42.3125,0.019357943810859923,0.03125,0,920.28125,0,6.98348788861821,0.2457927992698555,0.4715334850867418,1755.71875,0.69258787927485,646.03125,0.27522376365959644,0.5927294715366611,2199.65625,0.7695824632339778,716.5625,0.3596959225833416,0.025461899874899236,0.3421196232129624,1348.75,0.6529278481643682,625.96875,2.5587334036827087,0,0,1.363143320405582,0.7467254576777923,0,6.576830146875091,0.2600578881312293,,,,,,,,,,,,,,,,0,320,1081,125.74609375,354.5546875,32,32,4096,4096,4096,9.27330887899734,10.765119416013476,,,,,,,,,0.7142857142857143,-1,0.11845088536983571,0,0,1,,,,0,1.7018489837646484,0.9999553561210632,,,,,,0.6158087253570557,0.008180571720004082,0.17669677734375,0.0034099535550922155,0.99819016456604,,,,,,,,,,,,,0.008186820006812923,0.002160027991919833,0.00018459999409969896,0.9367148530000122,0.09360881633944018,0.009276080003473908,0.023499269998865202,0.007677870285817789,0.0005530600028578192,0,0,0,,,,,1,0.6640625,0,170
208,19819.95828323,1787533778.0496387,0.48828125,4.336808689942018e-19,63.855244159698486,0.022586839273571968,0.7142857313156128,-1,0.0625,0.13321879506111145,0.0019000450847670436,1.0199451446533203,0.9817171096801758,0.9026260375976562,0,0,0.0203473549336195,0.00017345789819955826,1.0001734495162964,0.02430097386240959,0.000983864301815629,0.0007534598698839545,0.018687883391976357,0.00017345789819955826,0.9999271631240845,0.5402030944824219,0.00017345789819955826,1,6.8125,45.59375,0.019274483350064348,0.03125,0,1005.96875,0,6.106827277297105,0.3058417920172266,0.46553394898471695,1897.4375,0.6896414767406963,702.78125,0.2489726059138775,0.5921341121333394,2401.375,0.7690338850714885,782.09375,0.3349131103605032,0.027906727712631977,0.33509976458159685,1485.5625,0.6429335049515276,685.125,2.657656669616699,0,0,1.344858540467507,0.7411937623919509,0,5.7113512725579705,0.3109530425718904,,,,,,,,,,,,,,,,0,275,1049,90.80078125,223.3046875,32,32,4096,4096,4096,8.132890922992374,10.572047431996907,,,,,,,,,0.4285714285714286,-0.7142857142857143,0.09780759955449396,0,0,1,,,,0,1.632598876953125,0.9998908042907715,,,,,,0.5288662910461426,0.007409750018268824,0.17378664016723633,0.00314469076693058,0.9979802370071411,,,,,,,,,,,,,0.009367279999423772,0.002099527265954748,0.00024134998966474086,0.8949007339979289,0.09282004398846766,0.006599289001314901,0.06369490800716449,0.0059787897774867815,0.0007976499910000712,0,0,0,,,,,1,0.48828125,0,125
209,19900.519971332,1787533854.730154,0.68359375,1.3010426069826053e-18,62.41601920127869,0.01700318604707718,0.4285714328289032,-0.7142857313156128,0.03125,0.10970950871706009,0.0015184679068624973,1.0216970443725586,0.9839202761650085,0.8906288146972656,0,0,0.01891789585351944,0.00015335925854742527,1.0001534223556519,0.010657760314643383,0.0010566138662397861,0.0009372171480208635,0.016492530703544617,0.00015335925854742527,0.9998941421508789,0.589271068572998,0.00015335925854742527,1,6.75,27.3125,0.017084590369253604,0.03125,0,726.40625,0,3.055417513915539,0.3423387208783611,0.4549208308257128,1335.53125,0.6691160919862156,492.875,0.25721870735287666,0.580661149928304,1699.25,0.751706683280844,552.34375,0.29671729542315006,0.022637319880804703,0.30503107307496213,969.125,0.6079947437740865,465.0625,2.0505733489990234,0,0,1.3054692534588646,0.7423770150501724,0,2.9949200156897993,0.35932777813066863,,,,,,,,,,,,,,,,0,262,910,79.0390625,182.55078125,32,32,4096,4096,4096,8.392682685007458,11.382687848003116,,,,,,,,,0.1428571428571429,-1,0.0668153104781061,0,0,1,,,,0,1.5213613510131836,0.9999698996543884,,,,,,0.41960668563842773,0.007689394056797028,0.17134714126586914,0.0033038288820534945,0.9979774355888367,,,,,,,,,,,,,0.011323989005177282,0.0021042557852410937,0.0001964999974006787,1.113453756988747,0.11453616123083066,0.008131559996400028,0.020766029017977417,0.004819012211100926,0.0006383799918694422,0,0,0,,,,,1,0.68359375,0,175
210,19977.973327973,1787533934.799906,0.66015625,1.734723475976807e-18,65.37789058685303,0.0077085187658667564,0.1428571492433548,-1,0.03125,0.11133164167404175,0.008511208929121494,1.0209293365478516,0.9801267385482788,0.8897242546081543,0,0,0.022824877873063087,1.6696285456418991e-06,1.0000016689300537,0.007958075031638145,-0.0001454482990084216,-0.00014767162792850286,0.020501716062426567,1.6696285456418991e-06,0.9998593330383301,0.691124439239502,1.6696285456418991e-06,1,6.625,24.25,0.021107875050272493,0.03125,0,632.3125,0,2.435382847396477,0.44628413675191086,0.46160912762615425,1174.75,0.6758667995479595,431.875,0.2466210089623928,0.5890772212902933,1502.21875,0.7590868588106285,485.34375,0.28548990772105753,0.033006310464530494,0.2917036932071459,825.15625,0.5896950240447709,398.90625,1.864577829837799,0,0,1.2875941264272077,0.7780021036397198,0,2.407104823104376,0.44479881617429595,,,,,,,,,,,,,,,,0,269,1065,103.2421875,279.890625,35,35,4096,4096,4096,9.220886021008482,10.838687884010142,,,,,,,,,0.5714285714285714,-1,0.1494035761667992,0,0,1,,,,0,1.933237075805664,0.9997959733009338,,,,,,0.6861715316772461,0.0075179594568908215,0.1713428497314453,0.0030404729768633842,0.9982603192329407,,,,,,,,,,,,,0.008425309002632275,0.0019787632029988345,0.0002022300031967461,1.0475426189950667,0.10622588454236848,0.004677260003518313,0.019207198987714946,0.006059800035131957,0.000653369992505759,0,0,0,,,,,1,0.66015625,0,169
211,20053.120285162,1787534012.3708777,0.6953125,2.168404344971009e-18,63.86894750595093,0.039584264159202576,0.5714285969734192,-1,0.09375,0.10673616081476212,0.001852341229096055,1.0318517684936523,0.9831076860427856,0.9157509803771973,0,0,0.019171224907040596,0.00021445122547447681,1.0002145767211914,0.019846061244606972,0.0021086037158966064,0.0019722329452633858,0.01730262115597725,0.00021445122547447681,0.9999160766601562,0.5034995079040527,0.00021445122547447681,1,6.75,35.34375,0.01787358460003132,0.03125,0,825.9375,0,4.571191219486428,0.34567960595844915,0.45483175791238983,1517.5625,0.6716782336733994,561.125,0.25099055259488523,0.5826201330653267,1941.71875,0.7542463151210405,629.96875,0.32165692187845707,0.026041271947186726,0.3062717644421147,1134.40625,0.6066070327115527,535.5,2.1147751808166504,0,0,1.3439704192987,0.7458819597636418,0,4.4409723349253705,0.3524570282674251,,,,,,,,,,,,,,,,0,268,1035,98.359375,251.6796875,35,35,4096,4096,4096,8.465478204001556,10.283386659997632,,,,,,,,,0.7142857142857143,-1,0.11845088536983571,0,0,1,,,,0,1.6153345108032227,1.0001126527786255,,,,,,0.5339140892028809,0.007429494522511959,0.12341713905334473,0.0030718520283699036,0.9982472658157349,,,,,,,,,,,,,0.00940952000382822,0.0019140985310741598,0.0001839600008679554,0.8364816950052045,0.051153085538885534,0.0030745399999432266,0.018341550006880425,0.005684404796397757,0.0006632490112679079,0,0,0,,,,,1,0.6953125,0,178
212,20137.497117355,1787534088.937225,0.6015625,2.168404344971009e-18,61.52930164337158,0.022976703941822052,0.7142857313156128,-1,0.0625,0.11320363730192184,0.001157325808890164,1.0191640853881836,0.9786093235015869,0.9030599594116211,0,0,0.023531008511781693,0.00023335497826337814,1.0002334117889404,0.021825816482305527,-0.0018383740680292249,-0.0017848870484158397,0.022005487233400345,0.00023335497826337814,0.9999933838844299,0.5863041877746582,0.00023335497826337814,1,6.78125,33.4375,0.022452501968281892,0.03125,0,786.875,0,3.8679026862213353,0.3599020125062527,0.45709708669649385,1454.15625,0.6709007662788458,535.15625,0.2700665909796953,0.5842330377356689,1854.78125,0.7538862544485954,600.75,0.32534174621105194,0.03600546918640017,0.30947150325351563,1079.125,0.607357601464315,508.875,2.2231380343437195,0,0,1.2923660916410618,0.7567744316703388,0,3.711046513952235,0.355247676277763,,,,,,,,,,,,,,,,0,267,1049,80.671875,180.046875,34,34,4096,4096,4096,8.459150973998476,10.368888286990114,,,,,,,,,0.7142857142857143,-1,0.11845088536983571,0,0,1,,,,0,1.5928325653076172,1.0003753900527954,,,,,,0.6591978073120117,0.006431829649955034,0.17134761810302734,0.002814715960994363,0.9980175495147705,,,,,,,,,,,,,0.011493469995912164,0.002004436176548552,0.00018991000251844525,0.8436130159971071,0.07689549109727523,0.0073876399983419105,0.020506778004346415,0.005134771997177268,0.0005937800015090033,0,0,0,,,,,1,0.6015625,0,154
213,20214.913564878,1787534172.824853,0.6328125,3.469446951953614e-18,68.77334976196289,0.026533350348472595,0.7142857313156128,-1,0.0625,0.09073403477668762,0.0018585744546726346,1.0145606994628906,0.9881184101104736,0.887321949005127,0,0,0.015062208287417889,0.00041290116496384144,1.000412940979004,0.026552915573120117,0.003549793502315879,0.0031974154990166426,0.012223988771438599,0.00041290116496384144,1.0004938840866089,0.5172653198242188,0.00041290116496384144,1,6.65625,21.90625,0.012158203540834762,0.03125,0,645.375,0,4.510229337928848,0.540147971578111,0.44443776710845573,1166.1875,0.6592597323157883,432.875,0.2381983045488596,0.5836136916604865,1517.25,0.750281110695874,489.875,0.29070392437279224,0.02292261845449014,0.2724030269725138,818.5625,0.5763124680366578,402.1875,1.5171765089035034,0,0,1.28726734511989,0.7604704203750592,0,4.46588468499111,0.5680689676304076,,,,,,,,,,,,,,,,0,309,927,111.50390625,301.32421875,34,34,4096,4096,4096,8.771548736011027,11.664585530001204,,,,,,,,,0.5714285714285714,-1,0.13832083379312204,0,0,1,,,,0,1.9143590927124023,1.0003098249435425,,,,,,0.6493840217590332,0.00685840705409646,0.13114237785339355,0.002996965544298291,0.9980677366256714,,,,,,,,,,,,,0.008739479002542794,0.0021478397695204876,0.00022624000848736614,0.9727196820022073,0.0748924132226989,0.004336149999289773,0.02279110800009221,0.00806531574642122,0.0006927100039320067,0,0,0,,,,,1,0.6328125,0,162
214,20291.175183695,1787534248.9478152,0.671875,0,62.32166147232056,0.032837893813848495,0.5714285969734192,-1,0.09375,0.10675455629825592,0.0022273955401033163,1.040114402770996,0.972685694694519,0.8241972923278809,0,0,0.030167106539011,0.0007237417157739401,1.000723958015442,0.01147584617137909,-0.005524900741875172,-0.0051122005097568035,0.02839403785765171,0.0007237417157739401,0.9999821186065674,0.5948686599731445,0.0007237417157739401,1,6.875,38.28125,0.028851535283959055,0.03125,0,892.03125,0,4.043604695918328,0.3190877150043547,0.4513256192293256,1620.96875,0.663122351232632,597.65625,0.2848225310444832,0.5843450424999567,2090.9375,0.7520158979779279,675.09375,0.31293443590402603,0.05137006271614193,0.31908068837467235,1240.28125,0.6207115949362503,582.71875,2.5061659812927246,0,0,1.3093713333449362,0.7519485124921469,0,3.7588621449789095,0.31512408686312154,,,,,,,,,,,,,,,,0,264,804,90.8671875,230.2578125,33,33,4096,4096,4096,8.581145670003025,11.495798425006797,,,,,,,,,0.5714285714285714,-0.5714285714285714,0.10101525445522107,0,0,1,,,,0,1.7000360488891602,1.0000569820404053,,,,,,0.5356674194335938,0.006418860983103514,0.17134404182434082,0.0029507719445973635,0.9976691603660583,,,,,,,,,,,,,0.016395950005971827,0.00216637525392116,0.0002696599985938519,0.9325747830007458,0.07137142204209113,0.007458649997715838,0.020887328006210737,0.005787161402736274,0.000626730005024001,0,0,0,,,,,1,0.671875,0,172
215,20367.54954037,1787534325.0507805,0.6953125,2.6020852139652106e-18,62.63662505149841,0.01785714365541935,0.5714285969734192,-0.5714285969734192,0.03125,0.09234920144081116,0.001002132543362677,1.0175046920776367,0.9847365021705627,0.8299179077148438,0,0,0.01778772473335266,2.3245811462402344e-06,1.000002384185791,0.017938362434506416,0.0026359115727245808,0.0021882259752601385,0.015881653875112534,2.3245811462402344e-06,1.0000460147857666,0.5852770805358887,2.3245811462402344e-06,1,6.625,27.53125,0.016210686025231583,0.03125,0,726.9375,0,2.3432754552901094,0.5065802143622182,0.43893379087250284,1295.75,0.6485595888975253,480.65625,0.2569152507930994,0.5762001670526715,1687.03125,0.7409136383280976,545.90625,0.3463566182181239,0.027616210357805607,0.28391613596321985,948.875,0.581790967884309,457.1875,1.5507488250732422,0,0,1.2768826379838198,0.7821035299726521,0,2.230149606940391,0.504532356431107,,,,,,,,,,,,,,,,0,259,1055,97.99609375,271.6640625,35,35,4096,4096,4096,8.718796186003601,10.123225805000402,,,,,,,,,0.7142857142857143,-1,0.11845088536983571,0,0,1,,,,0,1.8929872512817383,1.0000263452529907,,,,,,0.6381556987762451,0.006517902482300997,0.1267867088317871,0.0027880326379090548,0.9982498288154602,,,,,,,,,,,,,0.009792620010557584,0.0019229417307542462,0.00022118999913800508,1.077516477991594,0.06485693640979662,0.003966599993873388,0.02121934000751935,0.005721933874610841,0.0005133500089868903,0,0,0,,,,,1,0.6953125,0,178
216,20448.078700007,1787534402.3918402,0.65625,0,63.083271741867065,0.02412249892950058,0.7142857313156128,-1,0.0625,0.0983332097530365,0.0015361468540504575,1.0307931900024414,0.9883613586425781,0.8281092643737793,0,0,0.01449090987443924,7.889675907790661e-05,1.0000789165496826,0.023527298122644424,8.728032116778195e-05,-0.0005578623968176544,0.012201882898807526,7.889675907790661e-05,1.0000979900360107,0.5899691581726074,7.889675907790661e-05,1,6.625,24.71875,0.012491537727647163,0.03125,0,783.96875,0,4.213485875411119,0.5321720046601295,0.4512577347388106,1433.625,0.6641370213065657,529.40625,0.25559689570218325,0.5843962734184045,1850.59375,0.7525091283427909,598.59375,0.29853841179283336,0.027552697105020955,0.2845715335489427,1057.03125,0.5792949697129591,500.65625,1.6803817749023438,0,0,1.302650145671226,0.7772486720714618,0,3.793595801411535,0.5566754277322081,,,,,,,,,,,,,,,,0,240,550,86.5625,187.8203125,32,32,4096,4096,4096,8.509985071999836,10.089394245995209,,,,,,,,,0,0,0,0,0,1,,,,0,1.5895748138427734,0.9999502301216125,,,,,,0.7280441522598267,0.006343038287013769,0.17134571075439453,0.0028678863309323788,0.9981381297111511,,,,,,,,,,,,,0.012807979990611784,0.0023067559059768428,0.0002262699999846518,0.9974339309992502,0.06845567284437948,0.0038186500023584813,0.07371030801732559,0.006177321852476325,0.0009468999924138188,0,0,0,,,,,1,0.65625,0,168
217,20527.054321436,1787534482.996958,0.7421875,0,66.27264499664307,0,0,0,0,0.10572505742311478,0,1.022958755493164,0.9867243766784668,0.9057531356811523,0,0,0.015092680230736732,0,1,0,0,0,0.013590889982879162,0,0.9999869465827942,0.4828522205352783,0,1,6.65625,21.9375,0.013965960261860668,0,0,692.5,0,3.4181109436155985,0.4163672548012394,0.45164286623657496,1258.71875,0.6667196973365324,463.5,0.26287946477532387,0.5905044260160444,1630.875,0.7557716586558327,524.96875,0.28152195177972317,0.017667971256414148,0.29481203985273075,898.59375,0.5887043223829196,432.34375,1.7322825193405151,0,0,1.28441957813486,0.7634137075250125,0,3.340870743731411,0.4176911347529388,,,,,,,,,,,,,,,,0,276,1068,100.5078125,274.12109375,33,33,4096,4096,4096,8.936809085003915,10.786669103996246,,,,,,,,,0.2857142857142857,-0.8571428571428571,0.08748177652797064,0,0,1,,,,0,1.458786964416504,1.0003042221069336,,,,,,0.4520554542541504,0.007030515465885401,0.17669463157653809,0.0031301879789680243,0.9980522990226746,,,,,,,,,,,,,0.0077855000126874074,0.0019471341569214928,0.00023823100491426885,0.988444728005561,0.06386488970690607,0.006574489991180599,0.018127319985069335,0.005785779418090442,0.0005816399934701622,0,0,0,,,,,1,0.7421875,0,190
218,20604.298303741,1787534562.1535752,0.69921875,3.469446951953614e-18,64.58229780197144,0.013411653228104115,0.2857142984867096,-0.8571428656578064,0.0312500037252903,0.11791159957647324,0.0007332233944907784,1.016737937927246,0.9817851781845093,0.9206414222717285,0,0,0.020525678992271423,5.1418785005807877e-05,1.000051498413086,0.007845395244657993,3.070806269533932e-05,8.291947597172111e-05,0.018611988052725792,5.1418785005807877e-05,1.0000948905944824,0.6363182067871094,5.1418785005807877e-05,1,6.9375,31.78125,0.018941778055943763,0.03125,0,804.0625,0,4.216756306631556,0.293964027091548,0.45448002530903,1473.21875,0.6741766286054645,546.5,0.2608469966799021,0.5927565966375457,1914.34375,0.7643395871800731,618.90625,0.29048436880111694,0.022027034016701398,0.31487929033691286,1091.40625,0.6123712925838709,515.8125,2.093976616859436,0,0,1.3059868773405374,0.7529983959352082,0,4.082995516489618,0.2871719842101178,,,,,,,,,,,,,,,,0,279,1012,97.421875,254.3359375,35,35,4096,4096,4096,8.506120079997345,10.890267752009095,,,,,,,,,0.4285714285714286,-1,0.13599594831899836,0,0,1,,,,0,1.6134796142578125,1.000050663948059,,,,,,0.5176589488983154,0.007161705754697323,0.16391992568969727,0.003050887491554022,0.9979987144470215,,,,,,,,,,,,,0.014449758993578143,0.002129120546840113,0.00019255999359302223,1.1198146829992766,0.09754073978569977,0.007115839995094575,0.08469191698532086,0.00636531833100662,0.0006515690038213506,0,0,0,,,,,1,0.69921875,0,179
219,20682.014509071,1787534639.4001286,0.61328125,1.734723475976807e-18,62.75702738761902,0.03630955144762993,0.4285714328289032,-1,0.09375,0.10235434770584106,0.0013342811726033688,1.0243167877197266,0.9895228743553162,0.9158787727355957,0,0,0.012490221299231052,0.00024041114374995232,1.000240445137024,0.024157362058758736,0.005262103863060474,0.005067694466561079,0.010658115148544312,0.00024041114374995232,1.0003151893615723,0.5959129333496094,0.00024041114374995232,1,6.78125,27.0625,0.010840208013438511,0.03125,0,779.375,0,2.6742364593740637,0.43846186242467516,0.4499749671708829,1430.03125,0.6667506178691455,530.75,0.2610275335609913,0.5905087617057809,1863.09375,0.7592301419514713,601.4375,0.3522592284716666,0.01117449149095932,0.29583077592621515,1034.59375,0.5978272738053046,497.625,1.433334767818451,0,0,1.3468576848095266,0.7632800679899393,0,2.672703188790206,0.45153767766725544,,,,,,,,,,,,,,,,0,245,713,89.87890625,208.6015625,31,31,4096,4096,4096,8.657612274997518,11.122147934001987,,,,,,,,,0.2857142857142857,-1,0.11007882148158886,0,0,1,,,,0,1.5452327728271484,1.0002330541610718,,,,,,0.697512149810791,0.006989749614149332,0.17134523391723633,0.0031125040259212255,0.997852087020874,,,,,,,,,,,,,0.006871050005429424,0.0017801312814640369,0.00020902999676764011,1.0348852559982333,0.08886394739460002,0.006031719996826723,0.07464915799209848,0.006123270828027216,0.0007676399982301518,0,0,0,,,,,1,0.61328125,0,157
220,20757.237242715,1787534717.4023397,0.6171875,-4.336808689942018e-19,61.90849184989929,0.022879742085933685,0.2857142984867096,-1,0.0625,0.10910630226135254,0.0007236141827888787,1.0200366973876953,0.987683892250061,0.9078292846679688,0,0,0.014576510526239872,0.00013180309906601906,1.0001317262649536,0.014285312965512276,0.0029143444262444973,0.0028546322137117386,0.012603881768882275,0.00013180309906601906,1.0003688335418701,0.4978220462799072,0.00013180309906601906,1,6.6875,25.25,0.012688307308507316,0.03125,0,719.03125,0,3.6979951952306602,0.46649962335734485,0.4498843706883844,1307.0625,0.6653662001953395,484.5,0.282402940094471,0.5839770433176654,1697.96875,0.7556572743203731,549.84375,0.32420963048934937,0.01493253534382547,0.2959183138571527,946.65625,0.5933773892432008,453.53125,1.511902093887329,0,0,1.3201926927028458,0.7541588202223082,0,3.8147840434285327,0.47984836870883596,,,,,,,,,,,,,,,,0,231,1018,88.2265625,219.81640625,34,34,4096,4096,4096,8.406966373004252,11.436143352999352,,,,,,,,,0.5714285714285714,-1,0.18557687223952254,0,0,1,,,,0,1.7000350952148438,1.0001071691513062,,,,,,0.5306490659713745,0.006876025814563036,0.1353318691253662,0.003126804018393159,0.9980282187461853,,,,,,,,,,,,,0.010393640011898242,0.0021940333014072166,0.00022221000108402222,0.1871453339990694,0.049962591636415254,0.00415928999427706,0.016092808960820548,0.005554208793228099,0.000765110002248548,0,0,0,,,,,1,0.6171875,0,158
221,20835.009126133,1787534791.351196,0.75,1.5178830414797062e-18,60.322341442108154,0.06182902678847313,0.5714285969734192,-1,0.15625,0.10871703177690506,0.0026736240833997726,1.0351076126098633,0.9889935255050659,0.8997244834899902,0,0,0.013898818753659725,0.0003874632529914379,1.0003875494003296,0.030553555116057396,0.00495888153091073,0.004541176371276379,0.01126784086227417,0.0003874632529914379,1.0001965761184692,0.596308708190918,0.0003874632529914379,1,6.875,22.59375,0.011502621562443395,0.03125,0,705.8125,0,3.428511422990419,0.4464987519430676,0.4505660315499698,1283.8125,0.6680619558145964,477.28125,0.28565097972750664,0.5936462265005142,1682.0625,0.760875887317919,542.25,0.3093339689075947,0.014756333504179858,0.2959692131099044,918.46875,0.5975446565816251,444.78125,1.839523434638977,0,0,1.33579569968802,0.7776588786010872,0,3.073511768368114,0.46403539281621586,,,,,,,,,,,,,,,,0,218,558,77.49609375,155.765625,35,35,4096,4096,4096,8.349665814996115,11.315891098012798,,,,,,,,,1,-1,0.09449111825230681,0,0,1,,,,0,1.6057720184326172,0.9997332096099854,,,,,,0.5227439403533936,0.007280087098479271,0.15651941299438477,0.003150655422359705,0.9979942440986633,,,,,,,,,,,,,0.06214219699904788,0.002372107508449517,0.00019283100846223533,1.17871353199007,0.1132473876832023,0.007565719002741389,0.019978379990789108,0.004932327430140049,0.0006914100085850805,0,0,0,,,,,1,0.75,0,192
222,20907.486892036,1787534869.0474715,0.75390625,1.734723475976807e-18,64.30896377563477,0.020464768633246422,1,-1,0.0625,0.1068207323551178,0.00205310620367527,1.0201826095581055,0.9905489087104797,0.9109048843383789,0,0,0.011891810223460197,7.36401416361332e-05,1.0000736713409424,0.010692644864320755,0.0006602716166526079,0.00025941873900592327,0.009670302271842957,7.36401416361332e-05,0.9997748136520386,0.5928893089294434,7.36401416361332e-05,1,6.875,18.5625,0.010394437074176272,0.03125,0,619.96875,0,2.087594606298608,0.5091630163806785,0.44718995436948367,1110.53125,0.6642794576433932,413.34375,0.2693012999370694,0.5890951701743045,1458.59375,0.7556701805782062,469.5625,0.31735321693122387,0.01230835253935183,0.28334355097383646,769.25,0.5778345274194332,376.90625,1.3600926995277405,0,0,1.3064756476569568,0.7526877755311125,0,2.0660103691918392,0.5075429030714916,,,,,,,,,,,,,,,,0,281,1077,94.203125,240.81640625,31,31,4096,4096,4096,9.02863737300504,10.11941933700291,,,,,,,,,0.8571428571428572,-1,0.11007882148158887,0,0,1,,,,0,1.5826988220214844,0.9999310970306396,,,,,,0.6747105121612549,0.006824112497270107,0.16794252395629883,0.003030874766409397,0.9980081915855408,,,,,,,,,,,,,0.013927799998782575,0.0022469821011554814,0.0002790300059132278,0.8499687220028136,0.05169685865314477,0.004578469990519807,0.020701578992884606,0.005822214456088659,0.0006579399923793972,0,0,0,,,,,1,0.75390625,0,193
223,20982.786479055,1787534941.7025719,0.63671875,4.336808689942018e-19,59.201202630996704,0.027163416147232056,0.8571428656578064,-1,0.0625,0.10784024000167847,0.0016491035930812359,1.019272804260254,0.9859597086906433,0.8994960784912109,0,0,0.01643853820860386,0.00028178165666759014,1.000281810760498,0.018579350784420967,0.003500218503177166,0.003764677094295621,0.014407197944819927,0.00028178165666759014,0.9999081492424011,0.509303092956543,0.00028178165666759014,1,6.84375,22.8125,0.01496309679950462,0.03125,0,753.625,0,2.9610704340798777,0.3919321840807539,0.44946105400163483,1364.5,0.6685014596746796,507.75,0.2832176797091961,0.5935892675091656,1797.03125,0.7615313570229865,579.28125,0.35782260447740555,0.024358321304691625,0.29953442719006884,990.75,0.6023619019937285,478.78125,1.8750272393226624,0,0,1.3168556594048957,0.7520492805315958,0,2.9181287413438177,0.39424756747619566,,,,,,,,,,,,,,,,0,266,1062,73.52734375,168.6484375,28,28,4096,4096,4096,7.913194669003133,10.23124504298903,,,,,,,,,1,-0.8571428571428571,0.1494035761667992,0,0,1,,,,0,1.7038278579711914,0.9997343420982361,,,,,,0.6760473251342773,0.007968800142407417,0.17662930488586426,0.003412227611988783,0.997869610786438,,,,,,,,,,,,,0.01249890000326559,0.0020357779966957423,0.0002219199959654361,0.8688193609996233,0.059961383448865035,0.007126780008547939,0.01835682000091765,0.004616300905809112,0.0005016399954911321,0,0,0,,,,,1,0.63671875,0,163
224,21059.441128291,1787535017.037282,0.78125,8.673617379884035e-19,61.742475509643555,0.04127373546361923,1,-0.8571428656578064,0.09375,0.11137809604406357,0.0018883266020566225,1.0406532287597656,0.9939835071563721,0.9354324340820312,0,0,0.009359578602015972,0.00046129082329571247,1.0004613399505615,0.036395102739334106,-0.002623692387714982,-0.002378324046730995,0.006136294919997454,0.00046129082329571247,0.9995764493942261,0.5086226463317871,0.00046129082329571247,1,6.75,17.0625,0.00715305643913809,0.03125,0,588.21875,0,2.2943308344815976,0.5557211038362645,0.45031101922919686,1071.34375,0.668407639135822,398.25,0.2641656082123518,0.5956020226131553,1406.46875,0.7587913094336902,451.4375,0.34865802340209484,0.008374026496767897,0.2795704713396643,740.8125,0.5734150220429651,360.84375,1.1723570823669434,0,0,1.3115747011427683,0.7376771244785643,0,2.365681996359208,0.5492046542234688,,,,,,,,,,,,,,,,0,253,791,80.06640625,196.171875,31,31,4096,4096,4096,8.585092267006985,10.310535431010067,,,,,,,,,1,-1,0.1336306209562122,0,0,1,,,,0,1.8411445617675781,1.000061273574829,,,,,,0.6103878021240234,0.007395035121589899,0.17134809494018555,0.003354395739734173,0.9977715015411377,,,,,,,,,,,,,0.011308618995826691,0.0020408774722113776,0.00020248000510036945,0.9543574980052654,0.07382034273888394,0.006587689989828505,0.08059454700560309,0.005219592847311105,0.0006130599940661341,0,0,0,,,,,1,0.78125,0,200
225,21135.490875925,1787535094.1128867,0.59765625,1.734723475976807e-18,61.82192921638489,0.03237862512469292,1,-1,0.125,0.11253906786441803,0.001016652793623507,1.0296382904052734,0.9924145936965942,0.9131641387939453,0,0,0.010669037699699402,0.00011851056478917599,1.000118613243103,0.07181985676288605,0.0033462257124483585,0.003104434348642826,0.0077635543420910835,0.00011851056478917599,1.0000450611114502,0.6077780723571777,0.00011851056478917599,1,6.78125,15.78125,0.008250466342607454,0.03125,0,640.53125,0,4.120463186863068,0.5138008475342619,0.4475021796647968,1154.59375,0.6678775477855868,431.1875,0.2829378442838788,0.5988740528987319,1542.15625,0.7672985554790569,495.40625,0.32450040243566036,0.009632642306034528,0.28803310555585604,808.875,0.5865271493548142,396.53125,1.1340574026107788,0,0,1.3185767642373323,0.7528151377710728,0,3.806147676036371,0.5255726074700151,,,,,,,,,,,,,,,,0,260,1056,83.62890625,207.7109375,28,28,4096,4096,4096,8.131335732003208,10.263118432005285,,,,,,,,,0.5714285714285714,-1,0.1494035761667992,0,0,1,,,,0,1.7018966674804688,1.0001143217086792,,,,,,0.5352497100830078,0.007275773677974939,0.1647181510925293,0.003393922233954072,0.9977601170539856,,,,,,,,,,,,,0.009082169010071084,0.002313151738007946,0.0002370899892412126,0.8565772419970017,0.06476300056635864,0.007165970004280098,0.06506661800085567,0.005606720175478586,0.000740039991796948,0,0,0,,,,,1,0.59765625,0,153
226,21214.257049651,1787535171.1580222,0.734375,2.6020852139652106e-18,62.13538384437561,0.038380444049835205,0.5714285969734192,-1,0.09375,0.10907795280218124,0.0022114731837064028,1.0229215621948242,0.9924598932266235,0.8790788650512695,0,0,0.01082153245806694,0.00010630744509398937,1.0001063346862793,0.02625170722603798,-0.0010650213807821274,-0.0015463586896657944,0.007761499844491482,0.00010630744509398937,1.0003904104232788,0.5855216979980469,0.00010630744509398937,1,6.84375,17,0.007847815796590552,0.03125,0,669.03125,0,4.390275930850675,0.5229400971685215,0.44879858413905693,1213.65625,0.6684912926909548,453.96875,0.25820183381438255,0.5942902859377701,1618,0.7613102945942212,519.0625,0.3484631795436144,0.012486892718983945,0.28218559941106336,852.625,0.5793500820097859,416.5625,1.2468230724334717,0,0,1.311506091502839,0.7667110112189043,0,4.300899611926799,0.5346929895081473,,,,,,,,,,,,,,,,0,227,1009,88.3359375,235.53125,33,33,4096,4096,4096,8.155190371006029,10.707176298004924,,,,,,,,,0.4285714285714286,-1,0.11845088536983571,0,0,1,,,,4.422039637574926e-05,2,0.999921441078186,,,,,,0.8697061538696289,0.007531021721661091,0.13530981540679932,0.0034914615098387003,0.9974193572998047,,,,,,,,,,,,,0.007383399992249906,0.0019178057848989738,0.0002045399887720123,0.874842170989723,0.08107285834728373,0.004279310000129044,0.015637810007319786,0.005402903440028695,0.0005963799922028556,0,0,0,,,,,1,0.734375,0,188
227,21291.744451188,1787535248.6519103,0.5859375,0,63.242512941360474,0.02646411955356598,0.4285714328289032,-1,0.0625,0.11187601089477539,0.0014599665300920606,1.0197811126708984,0.9839236736297607,0.8772096633911133,0,0,0.019365662708878517,0.0001694411039352417,1.0001695156097412,0.018470892682671547,0.003241186495870352,0.002461707452312112,0.016617365181446075,0.0001694411039352417,0.9997416734695435,0.5882458686828613,0.0001694411039352417,1,6.90625,21.625,0.017380306590188847,0.03125,0,706.6875,0,5.244303290881974,0.4523968007226493,0.4495313193803654,1279.40625,0.6702518608242982,477.90625,0.25904408283531666,0.6049822195192639,1721.78125,0.7718443098993436,551.34375,0.3121045809239149,0.02655288099617174,0.294445962483274,917.4375,0.5905854056988495,441.125,1.890358805656433,0.03125,0,1.3197891201946534,0.7389010967934502,0,6.0676469217531475,0.43959316007575766,,,,,,,,,,,,,,,,0,248,1026,88.08203125,239.84375,31,31,4096,4096,4096,9.081224232009845,11.736667493009008,,,,,,,,,1,-1,0.12876968840942818,0,0,1,,,,0,1.7024497985839844,0.9998059272766113,,,,,,0.5320687294006348,0.007373396772891283,0.15651607513427734,0.0033812220208346844,0.9977355003356934,,,,,,,,,,,,,0.01883197900315281,0.0019241711726181165,0.00023763100034557283,0.9523182789998828,0.06948165331289147,0.00620551900647115,0.02690821999567561,0.005571530460827034,0.0007048900006338954,0,0,0,,,,,1,0.5859375,0,150
228,21368.282187317,1787535326.6129324,0.73046875,3.469446951953614e-18,63.32044982910156,0.030722111463546753,1,-1,0.09375,0.11085107922554016,0.0021793688647449017,1.018071174621582,0.991502046585083,0.9226717948913574,0,0,0.012267209589481354,0.0003752610646188259,1.0003752708435059,0.033937834203243256,0.003316947491839528,0.003206065855920315,0.008694792166352272,0.0003752610646188259,0.9996916651725769,0.5880255699157715,0.0003752610646188259,1,6.875,17.78125,0.009529155934974578,0.03125,0,704.65625,0,3.5646137862903715,0.4243791931030375,0.45468599725254594,1291.15625,0.6805933868989851,485,0.2767326692119241,0.6100537473118319,1737.375,0.7802812697401935,556.4375,0.33764135371893644,0.011437992348135886,0.29690446359810496,902.46875,0.5993990432200558,442,1.419435203075409,0,0,1.3341237955240126,0.7475201311505226,0,3.4614553163158863,0.4290899654996129,,,,,,,,,,,,,,,,0,225,1021,95.9609375,240.1328125,31,31,4096,4096,4096,8.046282145005534,10.533296943001915,,,,,,,,,0.4285714285714286,-1,0.13599594831899836,0,0,1,,,,0,1.6979141235351562,0.9999284148216248,,,,,,0.5293998718261719,0.006380599457770586,0.15651798248291016,0.0029535514768213034,0.9976836442947388,,,,,,,,,,,,,0.009183399000903592,0.0021673117655041096,0.00025626999558880925,0.9165056099882349,0.06240694523074808,0.004671449001762085,0.02716384900850244,0.006456842730699464,0.0007734800019534305,0,0,0,,,,,1,0.73046875,0,187
229,21446.295836462,1787535402.4635534,0.76953125,3.469446951953614e-18,62.18184185028076,0.03298991546034813,0.4285714328289032,-1,0.09375,0.10066363215446472,0.0016250699991360307,1.0148706436157227,0.9862850904464722,0.8872857093811035,0,0,0.016506997868418694,0.00015253550373017788,1.000152587890625,0.02548002265393734,0.0023763244971632957,0.0017629340291023254,0.01414208859205246,0.00015253550373017788,0.9999036192893982,0.648221492767334,0.00015253550373017788,1,6.78125,19.1875,0.01471127404506167,0.03125,0,767.6875,0,4.056257811780742,0.4176318069750453,0.446056815202278,1381.15625,0.6681420514302154,518.65625,0.2468178104609251,0.6160418899660499,1900.875,0.7805014110794282,604,0.3029111586511135,0.023963653188963777,0.29870331235760084,996.53125,0.5935315647013666,479.40625,1.9301350116729736,0,0,1.3098428301791734,0.7617171326499693,0,4.301517992280635,0.4220565416777229,,,,,,,,,,,,,,,,0,239,899,81.10546875,197.80859375,31,31,4096,4096,4096,8.227941618999466,10.785631174992886,,,,,,,,,0.7142857142857143,-1,0.16940773179473462,0,0,1,,,,0,1.7019100189208984,1.0001579523086548,,,,,,0.6747877597808838,0.006259523797780275,0.13286662101745605,0.002965588355436921,0.9975337982177734,,,,,,,,,,,,,0.009900580000248738,0.002060675308655391,0.00026188000629190356,1.1154159340076149,0.09988251543029492,0.005653639993397519,0.018167828005971387,0.0052615970083707,0.0006582700007129461,0,0,0,,,,,1,0.76953125,0,197
230,21523.017978502,1787535480.3561485,0.8203125,1.734723475976807e-18,62.72801947593689,0.05655594915151596,0.7142857313156128,-1,0.125,0.09356506168842316,0.0019518096232786775,1.0412664413452148,0.992573618888855,0.9305658340454102,0,0,0.011122644878923893,0.00045663537457585335,1.0004568099975586,0.05104558914899826,0.00863274559378624,0.008330544456839561,0.007582938298583031,0.00045663537457585335,1.0000624656677246,0.5092635154724121,0.00045663537457585335,1,6.78125,12.9375,0.007959964945567539,0.03125,0,648.84375,0,3.3192217600830083,0.49555400575717506,0.44549543274731873,1158.5625,0.6646966877645701,434.0625,0.26377023477107286,0.6095912334829775,1596.78125,0.7743402670379221,507.65625,0.2984746154397726,0.012066324620481484,0.2795830780041476,791.84375,0.5849521354207954,396.21875,1.5067471265792847,0,0,1.2858442865929025,0.7514426846199043,0,2.8658777047754858,0.48792448223611945,,,,,,,,,,,,,,,,0,264,1062,94.1875,248.640625,36,36,4096,4096,4096,8.298668739997083,10.201376040000468,,,,,,,,,0.7142857142857143,-1,0.11845088536983571,0,0,1,,,,0,1.5903253555297852,0.9998417496681213,,,,,,0.6861693859100342,0.005581543780863285,0.13286662101745605,0.0026952011976391077,0.9974126219749451,,,,,,,,,,,,,0.062056148002739064,0.0023781465856131945,0.00023972999770194292,0.9229227080068085,0.07099518967214635,0.0029249200015328825,0.02203373800148256,0.006564734516587123,0.00043026999628636986,0,0,0,,,,,1,0.8203125,0,210
231,21599.561950419,1787535557.041182,0.68359375,8.673617379884035e-19,63.47327733039856,0.02723091095685959,0.7142857313156128,-1,0.0625,0.08836569637060165,0.0011622098973020911,1.0129165649414062,0.983959436416626,0.8806829452514648,0,0,0.018175609409809113,9.457208216190338e-05,1.0000946521759033,0.02827906422317028,0.005511371418833733,0.005260607227683067,0.01647910289466381,9.457208216190338e-05,0.9998359680175781,0.5035004615783691,9.457208216190338e-05,1,6.8125,16.03125,0.017016570076460995,0.03125,0,753.5,0,2.428563341745379,0.37705946870946866,0.4401176879075033,1328.5625,0.6565579680506617,498.875,0.24938371963799,0.6017247537859708,1829.25,0.7673870377244658,583.1875,0.3141516391187906,0.028299250187968875,0.2812746904281913,922.75,0.5786817015691943,456.625,1.8128025531768799,0,0,1.3033066824471553,0.7532110787626998,0,2.2746303307502718,0.3878539862524197,,,,,,,,,,,,,,,,0,244,1024,91.5546875,257.7578125,35,35,4096,4096,4096,8.372507488005795,10.172905655010254,,,,,,,,,0.8571428571428572,-1,0.14060728346449664,0,0,1,,,,0,1.933243751525879,1.0001636743545532,,,,,,0.6591994762420654,0.005055294372141361,0.15652036666870117,0.00240238755941391,0.997585654258728,,,,,,,,,,,,,0.008136830001603812,0.0022449892341569466,0.00025721000565681607,0.8470933899952797,0.060449089078531415,0.004455330010387115,0.0194132990000071,0.0062587822933437565,0.0006364000000758097,0,0,0,,,,,1,0.68359375,0,175
232,21678.131277355,1787535633.6640656,0.68359375,4.336808689942018e-18,62.9011766910553,0.03417973965406418,0.8571428656578064,-1,0.09375,0.07782211154699326,0.0012141444021835923,1.0197410583496094,0.9915971755981445,0.9337773323059082,0,0,0.010814189910888672,0.00013853772543370724,1.000138521194458,0.04045576974749565,0.002208983525633812,0.0016336599364876747,0.00855117104947567,0.00013853772543370724,1.0002491474151611,0.6610126495361328,0.00013853772543370724,1,6.71875,13.40625,0.008652378629508016,0.03125,0,732.4375,0,4.751084354500837,0.45334123723700054,0.4335765705155188,1280.90625,0.650403988479499,480.9375,0.25276708137243986,0.6043469117585216,1801.5625,0.7629537196750732,568,0.3360569216310978,0.013003203133280416,0.2704845737747987,874.15625,0.5585597726392093,432.59375,1.7231054306030273,0,0,1.306499562151251,0.7783821771457795,0,4.764671415756928,0.4611388918682607,,,,,,,,,,,,,,,,0,248,788,94.8046875,246.625,34,34,4096,4096,4096,8.134197666993714,9.909176283006673,,,,,,,,,0.5714285714285714,-1,0.1767766952966369,0,0,1,,,,0,1.6892786026000977,0.9998399019241333,,,,,,0.671527624130249,0.005199037026613951,0.17134523391723633,0.002437206683680415,0.9973465204238892,,,,,,,,,,,,,0.010210020001977682,0.0018973911645048247,0.00023862000671215355,0.8584948899951996,0.07202426421099517,0.007193479992565699,0.022713220023433678,0.006414254574281131,0.00040887999057304114,0,0,0,,,,,1,0.68359375,0,175
233,21753.520723012,1787535711.9778562,0.75390625,1.734723475976807e-18,65.0693666934967,0.05378974601626396,0.5714285969734192,-1,0.15625,0.07768169045448303,0.001117363921366632,1.035909652709961,0.9878571033477783,0.9113607406616211,0,0,0.015366006642580032,0.00034565688110888004,1.0003457069396973,0.0350293293595314,-0.00015115179121494293,-0.0007140818051993847,0.012450218200683594,0.00034565688110888004,0.9998629093170166,0.5109267234802246,0.00034565688110888004,1,6.78125,16.25,0.013006783929575369,0.03125,0,758.4375,0,2.6375783587808104,0.44108214823667086,0.4318261833087377,1313.5625,0.6488160197565972,493.78125,0.2982570379972458,0.6070756815818903,1852.03125,0.7643921705955425,583.78125,0.36466990411281586,0.018727967556847656,0.2798112452337296,915.84375,0.5678442741895198,450.25,1.7910315990447998,0,0,1.3066913858115647,0.7400293864165508,0,2.438160224533181,0.44628901937595394,,,,,,,,,,,,,,,,0,236,870,95.97265625,241.0625,32,32,4096,4096,4096,8.626073078994523,10.035930770012783,,,,,,,,,0.2857142857142857,-1,0.1694077317947346,0,0,1,,,,0,1.428574562072754,1.0000245571136475,,,,,,0.4644761085510254,0.005010535940527916,0.1353321075439453,0.002292191842570901,0.9975734353065491,,,,,,,,,,,,,0.011935648988583125,0.0020578364487846557,0.00016104998940136284,0.9464208870049333,0.07106904256971802,0.008873600003425963,0.021613128992612474,0.006400050800266399,0.0006509400118375197,0,0,0,,,,,1,0.75390625,0,193
234,21826.977700837,1787535787.624019,0.67578125,1.3010426069826053e-18,62.09947395324707,0.05329568684101105,0.2857142984867096,-1,0.15625,0.07651972770690918,0.0013384734047576785,1.013758659362793,0.9839895963668823,0.8962807655334473,0,0,0.017630815505981445,0.00023595266975462437,1.0002360343933105,0.03407809138298035,0.005874102469533682,0.005301118362694979,0.01637963578104973,0.00023595266975462437,1.0001198053359985,0.6284642219543457,0.00023595266975462437,1,6.9375,18.0625,0.01662949014857679,0.03125,0,767.78125,0,6.617542139861509,0.35908882572673,0.42271583196425927,1307.40625,0.6356296224050395,491.40625,0.26728157978504896,0.6003830425955023,1860.53125,0.7568282741572243,585.65625,0.31015470437705517,0.024036533515961495,0.2737823059454252,913.125,0.5553477783192212,447.96875,2.1747379302978516,0,0,1.2916847330989356,0.7549647830290493,0,6.573833490449539,0.36169909657505483,,,,,,,,,,,,,,,,0,210,767,87.8828125,227.55078125,35,35,4096,4096,4096,8.66148629799136,9.918766483999207,,,,,,,,,0.2857142857142857,-1,0.11007882148158886,0,0,1,,,,0,1.6891613006591797,0.9999857544898987,,,,,,0.5242319107055664,0.004526268225163221,0.13080883026123047,0.0021437054965645075,0.9975107908248901,,,,,,,,,,,,,0.012557830006699078,0.0022094504843153118,0.00022249000903684646,0.899809118011035,0.07289116704282605,0.004919819999486208,0.02228597001521848,0.006128206805215086,0.0005070000042906031,0,0,0,,,,,1,0.67578125,0,173
235,21907.140288078,1787535861.283383,0.65234375,4.7704895589362195e-18,60.161067962646484,0.0204332135617733,0.2857142984867096,-1,0.0625,0.0743548795580864,0.0006756976363249123,1.0138416290283203,0.9924819469451904,0.9435968399047852,0,0,0.009409472346305847,7.368926890194416e-05,1.000073790550232,0.011237703263759613,-0.0005481691332533956,-0.0006808044854551554,0.007636304944753647,7.368926890194416e-05,1.0001637935638428,0.6776103973388672,7.368926890194416e-05,1,6.8125,11.75,0.007832691174793774,0.03125,0,703.0625,0,1.8393561236622384,0.509782924483401,0.4269189256483864,1197.90625,0.6382399067774712,448.625,0.234908951446414,0.5989952099366355,1695.46875,0.7549942475606453,533.21875,0.31471061520278454,0.008735894786313834,0.259284024744945,795.3125,0.5402043856590211,399,1.187095046043396,0,0,1.2817888039697265,0.7846154951216306,0,1.848107192228738,0.5111010943477048,,,,,,,,,,,,,,,,0,224,1017,76.37109375,177.55859375,33,33,4096,4096,4096,8.080753157992149,10.148785715005943,,,,,,,,,0.4285714285714286,-1,0.1803483024707514,0,0,1,,,,0,1.631021499633789,0.9997539520263672,,,,,,0.6858670711517334,0.005302398931235075,0.21827125549316406,0.0025090898852795362,0.9970925450325012,,,,,,,,,,,,,0.007816219993401319,0.001840474359653399,0.00022709999757353216,0.8321267610008363,0.0603373300543808,0.004433990005054511,0.02056816898402758,0.0049254474110398405,0.000697690004017204,0,0,0,,,,,1,0.65234375,0,167
236,21985.54087786,1787535941.8131013,0.73828125,0,66.65970492362976,0.05899559333920479,0.4285714328289032,-1,0.15625,0.07922521233558655,0.002061503939330578,1.0461444854736328,0.9933211803436279,0.9230175018310547,0,0,0.00983111560344696,0.0003273729234933853,1.0003273487091064,0.053266432136297226,0.0022609862498939037,0.0017602088628336787,0.006808473262935877,0.0003273729234933853,0.9998183250427246,0.5036525726318359,0.0003273729234933853,1,6.75,10.53125,0.007400946221684813,0.03125,0,610.96875,0,2.939869390609283,0.573975697731368,0.42678965630214655,1041.34375,0.6378137778810559,390.65625,0.2657235413789749,0.5975482286856835,1469.28125,0.7543089924061517,463.8125,0.33454183768481016,0.0076083507553047665,0.25491339193030493,678.65625,0.5424779600264944,347,1.101290225982666,0,0,1.2599012993874432,0.7629783721440847,0,2.644927753885364,0.5887825286979514,,,,,,,,,,,,,,,,0,258,1139,96.0859375,287.984375,32,32,4096,4096,4096,9.163420540004154,10.27240617100324,,,,,,,,,0.2857142857142857,-1,0.2097739307941202,0,0,1,,,,4.0653711039340124e-05,2,1.0002158880233765,,,,,,0.6941118240356445,0.004958403296768665,0.15652227401733398,0.002348776673898101,0.997223973274231,,,,,,,,,,,,,0.007990789992618375,0.002035944937745171,0.00019880899344570935,0.804209592010011,0.07398039170340098,0.005038778996095061,0.019184160002623685,0.006546612731312962,0.0006637499900534749,0,0,0,,,,,1,0.73828125,0,189
237,22063.001488845,1787536020.523243,0.78515625,1.734723475976807e-18,63.39785170555115,0.08667535334825516,0.2857142984867096,-1,0.21875,0.07635453343391418,0.004538259468972683,1.0151634216308594,0.9831429719924927,0.9172811508178711,0,0,0.019024299457669258,0.00010734540410339832,1.0001074075698853,0.07151532173156738,0.016799623146653175,0.015699410811066628,0.01726379059255123,0.00010734540410339832,1.000319242477417,0.5873069763183594,0.00010734540410339832,1,6.90625,17.9375,0.017360120197742204,0.03125,0,768.6875,0,2.9707792798489465,0.3571565794335849,0.4209620125550606,1295.8125,0.6319537841360656,487.71875,0.2630759980529547,0.6044655388550515,1861.65625,0.7605717241795322,585.625,0.32333504408597946,0.025020532707924176,0.27111410078443715,893.21875,0.5581894477313164,446.03125,2.0615004301071167,0.03125,0,1.3218593015983418,0.7664791010517873,0,2.9464874481033188,0.37511443839197844,,,,,,,,,,,,,,,,0,232,892,88.93359375,227.04296875,35,35,4096,4096,4096,8.731603164997068,10.875629679998383,,,,,,,,,0.5714285714285714,-1,0.1494035761667992,0,0,1,,,,4.3923224438913167e-05,2,1.0000566244125366,,,,,,0.7069735527038574,0.004671034868806601,0.18532180786132812,0.002241541398689151,0.997197151184082,,,,,,,,,,,,,0.011634919996140525,0.002227007070757736,0.00021448000916279852,0.9802310049999505,0.08884526831280937,0.0032293109979946166,0.021947230023215525,0.0062036771955717995,0.0008089799957815558,0,0,0,,,,,1,0.78515625,0,201
238,22141.834409142,1787536098.0801482,0.73046875,4.336808689942018e-19,62.85202598571777,0.04294976219534874,0.5714285969734192,-1,0.09375,0.07509654760360718,0.001686446717940271,1.0245466232299805,0.9875988364219666,0.9152388572692871,0,0,0.014947861433029175,3.7563731893897057e-05,1.000037670135498,0.0358230322599411,0.009645377285778522,0.008998660370707512,0.012685373425483704,3.7563731893897057e-05,1.000352382659912,0.5630173683166504,3.7563731893897057e-05,1,6.875,12.15625,0.012736973243596197,0.03125,0,711.46875,0,8.212874228677808,0.42722429110204685,0.41920732428792884,1189.96875,0.6287192268303794,447.84375,0.2731880396604538,0.6039740937977025,1717.84375,0.7572372305898623,538.65625,0.31445474177598953,0.016325430513766608,0.26334835526857114,808.09375,0.5423998546412333,402.5625,1.6590577363967896,0.03125,0,1.3215187107359618,0.7594066201901613,0,9.356492320077441,0.44979706454581136,,,,,,,,,,,,,,,,0,220,1016,99.46484375,255.67578125,35,35,4096,4096,4096,8.128218575991923,10.961822318000486,,,,,,,,,0.4285714285714286,-0.8571428571428571,0.13122266479195596,0,0,1,,,,0,1.6453227996826172,0.9997354745864868,,,,,,0.5353560447692871,0.004247970413416624,0.17134761810302734,0.0020130055490881205,0.9971858263015747,,,,,,,,,,,,,0.01018905000819359,0.001853378370867631,0.00021756898786406964,1.014032405000762,0.08230962093801963,0.0036408599989954382,0.03473807898990344,0.006949106515662606,0.0005693400016753003,0,0,0,,,,,1,0.73046875,0,187
239,22217.602139915,1787536176.1280243,0.5390625,0,64.07398414611816,0.030962109565734863,0.4285714328289032,-0.8571428656578064,0.0625,0.06964637339115143,0.0010499120689928532,1.0188570022583008,0.9930691719055176,0.9212522506713867,0,0,0.00945869367569685,0.00012786616571247578,1.000127911567688,0.009399854578077793,0.0015567479422315955,0.001526428502984345,0.00705613661557436,0.00012786616571247578,0.9998460412025452,0.5854592323303223,0.00012786616571247578,1,6.8125,13.8125,0.007581143683002898,0.03125,0,795.71875,0,2.2577265777499607,0.5229821487789521,0.4164775688881831,1327.625,0.6217869042912941,496.34375,0.24648364260792732,0.6088958029855612,1943.21875,0.759814099826025,606.0625,0.31508512049913406,0.008771552697692241,0.2540509364806519,890.21875,0.5283938009113808,446.53125,1.2678544521331787,0,0,1.282245900934956,0.7564654489985662,0,2.27398519707788,0.5140662627847894,,,,,,,,,,,,,,,,0,229,889,93.61328125,248.36328125,35,35,4096,4096,4096,8.628329617989948,11.139374460995896,,,,,,,,,0.2857142857142857,-0.8571428571428571,0.1515228816828316,0,0,1,,,,0,1.4280548095703125,0.9997307658195496,,,,,,0.6806447505950928,0.004633900709450245,0.12113142013549805,0.002122197300195694,0.9973964095115662,,,,,,,,,,,,,0.007829700000002049,0.0022092786450116364,0.0002066000015474856,0.2206097430025693,0.05670005092980546,0.007516030003898777,0.028367779013933614,0.006725202798122609,0.0007316100090974942,0,0,0,,,,,1,0.5390625,0,138
240,22296.065962795,1787536253.188684,0.6796875,2.6020852139652106e-18,61.91513681411743,0.04486137628555298,0.2857142984867096,-0.8571428656578064,0.09375,0.07128313183784485,0.0015374254435300827,1.0144319534301758,0.9919970035552979,0.9258809089660645,0,0,0.010755017399787903,0.00014392659068107605,1.0001438856124878,0.02673034742474556,0.00935414806008339,0.008617827668786049,0.008173125796020031,0.00014392659068107605,0.9995913505554199,0.5062899589538574,0.00014392659068107605,1,6.75,13.84375,0.008974534475987048,0.03125,0,748.90625,0,3.59944336321514,0.4739676520167421,0.4305063500001046,1293.875,0.6364638966719474,480.8125,0.2578938193619251,0.6157428914015897,1864.5625,0.7712164780903499,583.625,0.2664540521800518,0.012784330609562033,0.2617846954582536,860.09375,0.5477206907402199,430.65625,1.6016888618469238,0,0,1.2727745826419494,0.7434712690696959,0,3.5248416009634793,0.46307851443855774,,,,,,,,,,,,,,,,0,236,875,79.91015625,200.75390625,33,33,4096,4096,4096,8.788241622998612,10.303143359997193,,,,,,,,,0.1428571428571429,-1,0.09449111825230681,0,0,1,,,,0,1.4292411804199219,0.9998787641525269,,,,,,0.7027816772460938,0.004716962110251188,0.17666888236999512,0.0022361597511917353,0.9971863627433777,,,,,,,,,,,,,0.008039398991968483,0.002047420378858078,0.00022882000484969467,0.988626895006746,0.06995726538281133,0.006972740011406131,0.020459290011785924,0.005055501402182472,0.0005756400059908628,0,0,0,,,,,1,0.6796875,0,174
241,22376.283769633,1787536330.188133,0.7421875,2.6020852139652106e-18,62.56233215332031,0.018129756674170494,0.1428571492433548,-1,0.0625,0.07229292392730713,0.0008364844834432006,1.0158319473266602,0.990992546081543,0.9156637191772461,0,0,0.011821622960269451,0.00017067254520952702,1.0001707077026367,0.004918109625577927,0.0033761882223188877,0.003509090282022953,0.009205969981849194,0.00017067254520952702,0.9998297095298767,0.4952061176300049,0.00017067254520952702,1,6.84375,11.5625,0.00972519466415215,0.03125,0,639.28125,0,3.4128627626440817,0.5046149742943546,0.42815474935597586,1089.625,0.6354590891180671,406.5,0.2789428923279047,0.6139919539011252,1581.21875,0.7687639059566389,493.59375,0.323607194237411,0.01167273682018646,0.2523523735463268,697.28125,0.5409842213951035,358.65625,1.386637568473816,0,0,1.251144410871486,0.7743322021467531,0,3.3150960928367166,0.5106865011442231,,,,,,,,,,,,,,,,0,217,1013,86.6484375,204.6484375,36,36,4096,4096,4096,8.438244634991861,11.527826896999613,,,,,,,,,0.1428571428571429,-1,0.09449111825230681,0,0,1,,,,0,1.4152708053588867,0.9997731447219849,,,,,,0.5195267200469971,0.004137464798986912,0.15674448013305664,0.002014407655224204,0.9972808957099915,,,,,,,,,,,,,0.008192429988412187,0.0019973364566681084,0.00019672999042086303,0.9866488650004612,0.06405178550465962,0.003401210007723421,0.01779829998849891,0.005767735429969889,0.0006227699923329055,0,0,0,,,,,1,0.7421875,0,190
242,22446.709887631,1787536410.2579572,0.55078125,1.734723475976807e-18,65.54268026351929,0.026916872709989548,0.1428571492433548,-1,0.0625,0.06910021603107452,0.0007486678077839315,1.016240119934082,0.9879195690155029,0.9232454299926758,0,0,0.01443547010421753,-1.0560499504208565e-05,0.9999894499778748,0.023652520030736923,0.01499868743121624,0.014369981363415718,0.012353206053376198,-1.0560499504208565e-05,0.9997482299804688,0.5948014259338379,-1.0560499504208565e-05,1,6.875,11.78125,0.012908653660344098,0.03125,0,693.1875,0,15.042173118593654,0.4291056379567466,0.426041422656396,1180.59375,0.6340113139291388,440.03125,0.24806152936071157,0.6162890296524844,1712.03125,0.7701107580355202,533.9375,0.306472385302186,0.016028712343255855,0.26549008403665597,775.625,0.5472906955945864,390,1.5843168497085571,0,0,1.24963811979161,0.7748558675679202,0,17.55477527541875,0.4352791606079598,,,,,,,,,,,,,,,,0,228,1012,106.36328125,309.75390625,37,37,4096,4096,4096,8.458084244994097,10.206205063004745,,,,,,,,,1,-0.42857142857142855,0.13599594831899836,0,0,1,,,,3.672554885270074e-05,2,1.000186800956726,,,,,,0.8900818824768066,0.0040584527887403965,0.13533258438110352,0.0019103264203295112,0.9972551465034485,,,,,,,,,,,,,0.013430638995487243,0.0021762538713119284,0.0002416400093352422,0.9144350079877768,0.0749096877067359,0.006296580002526753,0.020921750023262575,0.007230648613074209,0.00047682999866083264,0,0,0,,,,,1,0.55078125,0,141
243,22520.740317366,1787536480.721029,0.875,0,56.57209491729736,0.03171456232666969,1,-0.4285714328289032,0.0937499925494194,0.06354135274887085,0.001204795902594924,1.0109052658081055,0.9884605407714844,0.912773609161377,0,0,0.013169517740607262,0.000126898055896163,1.0001269578933716,0.0753002017736435,0.0012139943428337574,0.0008956458186730742,0.011756757274270058,0.000126898055896163,1.0003390312194824,0.41062211990356445,0.000126898055896163,1,6.8125,16.71875,0.011767813994057463,0.03125,0,850.90625,0,2.154939572665179,0.42243251574566815,0.43195549893721213,1468.53125,0.6415308641493151,546.84375,0.2792857475578785,0.6240850185726305,2130.4375,0.7778721531581976,664.90625,0.32510269433259964,0.01203183990717602,0.2736130674517591,1000.40625,0.5571454533897318,493.84375,1.548237919807434,0.03125,0,1.3262431527145966,0.7712800416795715,0,2.183944576205751,0.422019300363356,,,,,,,,,,,,,,,,0,132,530,71.890625,136.2734375,23,23,4096,4096,4096,8.158306994999293,10.03847403000691,,,,,,,,,0,0,0,0,0,1,,,,0,1.8411436080932617,0.9999117255210876,,,,,,0.6103873252868652,0.004891374614089727,0.17134761810302734,0.0023265755735337734,0.9971505403518677,,,,,,,,,,,,,0.06548674700025003,0.002299643511719296,0.00024615100119262934,0.927739377002581,0.05727286710964563,0.00253098999382928,0.066445186996134,0.004553174016109551,0.0006128800014266744,0,0,0,,,,,1,0.875,0,224
244,22597.032819344,1787536554.7641447,0.625,0,60.772326707839966,0,0,0,0,0.07247104495763779,0,1.0206317901611328,0.9916483163833618,0.9261598587036133,0,0,0.011344296857714653,0,1,0,0,0,0.0085269371047616,0,0.9998853802680969,0.5892095565795898,0,1,6.84375,8.5625,0.009040608303731266,0,0,575.125,0,1.6701838378062783,0.5169866846287252,0.4239556381047862,966.0625,0.6299004423240836,359.5625,0.2775874873623252,0.6144215023383945,1414.5,0.7680806714047927,440.59375,0.32981153298169374,0.011205904622753629,0.2588819919835341,630.90625,0.5399979404933086,318.25,1.290689468383789,0,0,1.2632468570433804,0.7611287723985196,0,1.6171526631160307,0.5076983545992985,,,,,,,,,,,,,,,,0,228,1019,83.4765625,209.54296875,23,23,4096,4096,4096,8.148519846989075,9.983211926999502,,,,,,,,,0,0,0,0,0,1,,,,0,1.933232307434082,1.0000512599945068,,,,,,0.6591930389404297,0.004474175628274679,0.13533306121826172,0.0021238408517092466,0.9973707795143127,,,,,,,,,,,,,0.008748839987674728,0.0021337798661988927,0.00024971099628601223,0.8282967580016702,0.05913214437538272,0.00531988000147976,0.018647749995579943,0.005139573156668575,0.0005583199963439256,0,0,0,,,,,1,0.625,0,160
245,22672.993966845,1787536631.758608,0.7578125,1.734723475976807e-18,62.985424757003784,0,0,0,0,0.06953570991754532,0,1.0153579711914062,0.9912134408950806,0.8752326965332031,0,0,0.011289656162261963,0,1,0,0,0,0.00901732686907053,0,1.0000073909759521,0.6072492599487305,0,1,6.9375,10.34375,0.009417855926458217,0,0,667.8125,0,2.8973324458004273,0.5585145635704547,0.4429129752536427,1159.1875,0.6509037487123428,429.28125,0.27693346701562405,0.6138629113165752,1650.0625,0.7735540366355809,517.5,0.32076715398579836,0.013067728115311495,0.2548832489993831,740.1875,0.5443274989997403,376.53125,1.2315592765808105,0,0,1.316723174291532,0.7768507827340427,0,2.8871102152680828,0.5726458797951901,,,,,,,,,,,,,,,,0,241,677,95.58203125,214.625,23,23,4096,4096,4096,8.152832737003337,10.177265289006755,,,,,,,,,0.7142857142857143,-1,0.11845088536983571,0,0,1,,,,4.086803528480232e-05,2,1.0002213716506958,,,,,,0.7126045227050781,0.004453748930245638,0.17667102813720703,0.0020314755383878946,0.9974413514137268,,,,,,,,,,,,,0.010444870000355877,0.002144292245645829,0.00021070000366307795,0.8639276469912147,0.06821961514475561,0.00519357000302989,0.07068314698699396,0.006529269640566326,0.0005197999998927116,0,0,0,,,,,1,0.7578125,0,194
246,22751.466159639,1787536707.6110294,0.75,0,61.84917140007019,0.023763606324791908,0.7142857313156128,-1,0.0625,0.07006071507930756,0.0010716854594647884,1.0173406600952148,0.9865538477897644,0.9236469268798828,0,0,0.014937913045287132,6.972462870180607e-05,1.0000698566436768,0.0297890305519104,0.0029829107224941254,0.0024709461722522974,0.013733119703829288,6.972462870180607e-05,1.0003015995025635,0.5934271812438965,6.972462870180607e-05,1,6.90625,15.75,0.013818617168264137,0.03125,0,764.65625,0,2.283079727234379,0.41853843065568896,0.4280900387583575,1315.78125,0.639449213449393,491.40625,0.35365562699735165,0.613289819738212,1887.9375,0.774785027118879,594.5625,0.34682077914476395,0.015145924467574453,0.2681786946858854,889.625,0.5546467413943408,443.3125,1.6051708459854126,0.03125,0,1.3559227547492212,0.7371237296424833,0,2.1714847351264606,0.4353564524695507,,,,,,,,,,,,,,,,0,240,900,83.89453125,205.9453125,23,23,4096,4096,4096,8.714024215005338,10.975695988003281,,,,,,,,,0,0,0,0,0,1,,,,9.312287147622555e-05,2,1.0002158880233765,,,,,,1.5425617694854736,0.005770878866314888,0.7859383821487427,0.002632446587085724,0.9958353638648987,,,,,,,,,,,,,0.011451188998762518,0.0021566070158201,0.00022115999308880419,0.9146057150064735,0.051834496285266596,0.003026170001248829,0.016764888001489453,0.0052672420814587895,0.000611600000411272,0,0,0,,,,,1,0.75,0,192
247,22830.974133543,1787536786.5541391,0.60546875,3.469446951953614e-18,64.58479166030884,0,0,0,0,0.0740487203001976,0,1.0204658508300781,0.9901208281517029,0.9016189575195312,0,0,0.013102607801556587,0,1,0,0,0,0.010133271105587482,0,0.9999955892562866,0.5035209655761719,0,1,6.90625,11.6875,0.010696519097176298,0,0,671.15625,0,2.310610457457413,0.5134837361071145,0.4415343554992027,1192.15625,0.6530245078788262,442.28125,0.33426508251432097,0.618658930016687,1682.9375,0.7799619239530355,529.5,0.3820884320884943,0.018694528107342477,0.25879592668415285,765.40625,0.5439594616769616,386.34375,1.4948302507400513,0.0625,0,1.4447236517846243,0.7320065526553268,0,2.3525628525617925,0.5010040500193916,,,,,,,,,,,,,,,,0,262,1053,94.94921875,229.2578125,36,36,4096,4096,4096,8.619477107989951,10.728521408003871,,,,,,,,,0.4285714285714286,-1,0.13599594831899836,0,0,1,,,,0,1.841019630432129,1.000115990638733,,,,,,0.7073183059692383,0.005271753296256065,0.15651774406433105,0.002467373153194785,0.9967352747917175,,,,,,,,,,,,,0.008243720003520139,0.001989009843157419,0.0002380799996899441,0.8812337459967239,0.07089352398401161,0.005286409999825992,0.07516750799550209,0.0059770713037892165,0.0006346400041365996,0,0,0,,,,,1,0.60546875,0,155
248,22910.821464474,1787536866.4319296,0.71875,3.469446951953614e-18,65.00797462463379,0.034215524792671204,0.4285714328289032,-1,0.09375,0.07456447929143906,0.0010925803799182177,1.0250120162963867,0.977146327495575,0.8255958557128906,0,0,0.026550717651844025,8.888868615031242e-05,1.0000889301300049,0.027439413592219353,0.0044782646000385284,0.0039423988200724125,0.02378159388899803,8.888868615031242e-05,0.9999514818191528,0.4929647445678711,8.888868615031242e-05,1,6.9375,17.34375,0.024353361893415956,0.03125,0,759.59375,0,2.969366983445295,0.352030486089548,0.4373334997893452,1327.25,0.6493941396351687,493.40625,0.2877902202308178,0.6100559304932336,1874.71875,0.7751196472669757,592.15625,0.4026641435921192,0.04585056376927911,0.27361135594989205,891.625,0.5608843609135413,442.96875,2.3581842184066772,0,0,1.3419293930884106,0.7013354877970486,0,2.960308992108475,0.3511414389745784,,,,,,,,,,,,,,,,0,268,1200,98.28125,260.7265625,20,20,4096,4096,4096,8.915762817006907,11.29416750499513,,,,,,,,,1,-1,0.1749635530559413,0,0,1,,,,3.974562787334435e-05,2,0.9998903274536133,,,,,,0.7134642601013184,0.005785930901765823,0.2596917152404785,0.002838504733517766,0.9955176711082458,,,,,,,,,,,,,0.007933608998428099,0.0021355563552560852,0.00024573999689891934,0.1508628139999928,0.047730286976388925,0.0028647199942497537,0.025265120013500564,0.005926474652767411,0.0006951999966986477,0,0,0,,,,,1,0.71875,0,184
249,23323.027136861,1787536945.2196095,0.63671875,0,64.04575061798096,0.06652091443538666,1,-1,0.15625,0.07828810811042786,0.005466144531965256,1.0179996490478516,0.9885852336883545,0.923734188079834,0,0,0.014130530878901482,8.485023863613605e-05,1.0000848770141602,0.053265608847141266,0.0031662285327911377,0.0027181003242731094,0.011714605614542961,8.485023863613605e-05,0.9998582005500793,0.5431885719299316,8.485023863613605e-05,1,7,14.3125,0.012461345464776785,0.03125,0,786.25,0,2.2540287086810693,0.3952241481100265,0.4427693547600473,1395.5,0.6606878391906231,521.625,0.33221513219177723,0.6212898115801108,1978.46875,0.7893688048323603,625.875,0.42049490474164486,0.024229031480284727,0.2763518571721786,932.84375,0.576621309065908,470.21875,1.827634334564209,0.03125,0,1.3683942684172545,0.7135288192647017,0,2.1687777002274324,0.39193455901627605,,,,,,,,,,,,,,,,0,273,1069,102.96875,256.4296875,23,23,4096,4096,4096,8.686023835995002,11.246101108001312,,,,,,,,,0.4285714285714286,-0.8571428571428571,0.13122266479195596,0,0,1,,,,0,1.7000322341918945,1.0004122257232666,,,,,,0.7094063758850098,0.00619751401245594,0.24487090110778809,0.0029644917231053114,0.9956631660461426,,,,,,,,,,,,,0.010288990000844933,0.0021579218126248634,0.0002489000034984201,0.9703829530044459,0.05386115168744254,0.004605299996910617,0.028386779988068156,0.006268065128494982,0.0005359400092856959,0,0,0,,,,,1,0.63671875,0,163
250,23403.769317828,1787537358.595798,0.703125,0,398.6421766281128,0.03196809068322182,0.4285714328289032,-0.8571428656578064,0.0625,0.08298592269420624,0.0011003951076418161,1.0183649063110352,0.9867659211158752,0.9206514358520508,0,0,0.015502089634537697,5.228421650826931e-05,1.0000523328781128,0.029581129550933838,0.005734759848564863,0.00539360661059618,0.013493194244801998,5.228421650826931e-05,1.0006130933761597,0.49193620681762695,5.228421650826931e-05,1,6.9375,17,0.013510471467460618,0.03125,0,823.75,0,2.462556695754711,0.3761491679164337,0.4398230687616421,1438.90625,0.6555230745852894,538.09375,0.3370184525847435,0.6203229628799573,2067.84375,0.786109491466282,651.5625,0.39362718164920807,0.01937656368170493,0.28084868965368,979.9375,0.5755683723597731,488.96875,2.144706964492798,0,0,1.3964311103071365,0.7084487767078205,0,2.394421744159538,0.3784442552319629,800,250,0.5987499952316284,0.59875,337.098545913992,0,284,1195,110.10124969482422,288.4175,20,20,4096,4096,4096,0,257,1053,85.8984375,196.953125,23,23,4096,4096,4096,1.0433093275058505,10.53549210500205,0.4285714285714286,2.498001805406602e-18,-1,0.028210701732278517,0.54,0.39,0.07,0.59875,0.5714285714285714,-0.5714285714285714,0.10101525445522107,0,0,1,0,1.8929939270019531,0.9997570359706879,4.547521530184895e-05,2,1.00002121925354,0.6861536502838135,0.00784713976783678,0.1766958236694336,0.003774870854103938,0.9953421097993851,0.8279787302017212,0.007298456970602274,0.18505465984344482,0.0034274477511644363,0.9953948259353638,20.08165903799818,2.850071027022659,0.00023102998966351151,23.87269802200899,1.8546091217011962,0.0005890500033274293,14.369375758018577,1.9572865126826582,0.0006521199975395575,0,0,0,0.010032789010438137,0.0022245650858963018,0.0002683300117496401,0.8310359789902577,0.06637029401997552,0.004859580003540032,0.07202422700356692,0.005794999901922893,0.0007097699999576434,0,0,0,1,0.59875,0,4.79,1,0.703125,0,180
251,23483.358635969,1787537437.7908947,0.625,0,65.90191340446472,0.01785714365541935,0.5714285969734192,-0.5714285969734192,0.03124999813735485,0.0906699001789093,0.0015624059597030282,1.0253467559814453,0.9898132085800171,0.9325709342956543,0,0,0.013468853197991848,3.8916245102882385e-05,1.000038981437683,0.016941789537668228,0.0014741402119398117,0.0014760657213628292,0.010388204827904701,3.8916245102882385e-05,1.0000429153442383,0.5035037994384766,3.8916245102882385e-05,1,6.9375,11.5625,0.011106789971553722,0.03125,0,687.1875,0,1.9791001426866022,0.4409337854885526,0.4484098056758642,1224.25,0.66859542212673,458.125,0.3351598046720028,0.6205471932102152,1731.53125,0.7905220550522457,547.71875,0.4036978520452976,0.01745209725268345,0.2714298850457704,792.96875,0.5770173549727569,407.5,1.743070662021637,0.03125,0,1.4117721083438999,0.6787136523546964,0,1.822291722102067,0.4461065796663225,,,,,,,,,,,,,,,,0,290,1200,111.87890625,281.77734375,28,28,4096,4096,4096,8.473609494001721,10.533911284990609,,,,,,,,,0.4285714285714286,-1,0.1749635530559413,0,0,1,,,,3.49149813700933e-05,2,0.9998793005943298,,,,,,1.0439529418945312,0.006313288118690252,0.2448437213897705,0.00296685378998518,0.9960387349128723,,,,,,,,,,,,,0.008906390008633025,0.0023143451171563356,0.0002664099883986637,0.8566115069988882,0.07624674286307709,0.003526390006300062,0.021072659976198338,0.006900146710734134,0.0009119299938902259,0,0,0,,,,,1,0.625,0,160
252,23566.471312114,1787537518.8529873,0.609375,1.734723475976807e-18,66.41444778442383,0.05871482938528061,0.4285714328289032,-1,0.15625,0.08776237070560455,0.0020981484558433294,1.019317626953125,0.9844226837158203,0.9138903617858887,0,0,0.018300484865903854,0.0005447878502309322,1.0005449056625366,0.04262830317020416,0.008343414403498173,0.008081838488578796,0.015916282311081886,0.0005447878502309322,1.0000190734863281,0.5056686401367188,0.0005447878502309322,1,7.03125,20.1875,0.016572402254559773,0.03125,0,895.03125,0,3.41522309231114,0.2980497316467476,0.4449035245366849,1585.15625,0.6675466266080834,594.4375,0.37222636956721544,0.6220806346286789,2264.5625,0.7925953652568727,714.75,0.4108186727389693,0.026537300334842563,0.2893233957127699,1084.65625,0.589026665864038,541.5,2.4102781414985657,0.03125,0,1.4250459790435088,0.6921062704604377,0,3.218178118749102,0.2897255102694698,,,,,,,,,,,,,,,,0,297,1231,113.9609375,297.41796875,20,20,4096,4096,4096,9.14445545700437,10.006659364997176,,,,,,,,,0.4285714285714286,-1,0.11845088536983571,0,0,1,,,,0,1.9636220932006836,1.0000494718551636,,,,,,0.6945662498474121,0.0061523327603936195,0.1766958236694336,0.002964423503726721,0.9957982301712036,,,,,,,,,,,,,0.01524572999915108,0.0022553438598720277,0.0002266400115331635,0.8706627360079437,0.06614481804706429,0.0061783800047123805,0.028372189990477636,0.0066388088195026285,0.0005934100045124069,0,0,0,,,,,1,0.609375,0,156
253,23646.444830351,1787537600.7695549,0.64453125,3.469446951953614e-18,67.8013596534729,0.029809799045324326,0.4285714328289032,-1,0.0625,0.08616848289966583,0.0009942532051354647,1.0231294631958008,0.9811820983886719,0.8786334991455078,0,0,0.020974773913621902,5.753803998231888e-05,1.000057578086853,0.03240739554166794,0.010559791699051857,0.010270237922668457,0.019288644194602966,5.753803998231888e-05,1.0000666379928589,0.49929070472717285,5.753803998231888e-05,1,6.9375,18.96875,0.019889498257077393,0.03125,0,911.6875,0,3.054726739167193,0.3254141767306383,0.44234351122165316,1606.21875,0.6635668679654594,603.1875,0.3340357933193445,0.6256434362656437,2313.125,0.7940975684923159,727.78125,0.4350461307913065,0.032134529346945974,0.28726165030311984,1104.0625,0.5855146939046656,551.25,2.4808263182640076,0,0,1.3942741153963913,0.7061263895270644,0,2.943866212550636,0.32327099809980436,,,,,,,,,,,,,,,,0,275,1071,117.61328125,294.0703125,28,28,4096,4096,4096,9.017560937994858,11.381411973998183,,,,,,,,,0.8571428571428572,-0.8571428571428571,0.15771001547014013,0,0,1,,,,3.3212661946890876e-05,2,0.9996550679206848,,,,,,0.8042397499084473,0.006274180952459574,0.17667198181152344,0.002972302259877324,0.9963008761405945,,,,,,,,,,,,,0.007437528998707421,0.0019187540275424908,0.00022670000907965004,0.975007066008402,0.06403273016002231,0.0032065999985206872,0.04634007898857817,0.00628699844168068,0.0005553200026042759,0,0,0,,,,,1,0.64453125,0,165
254,23725.752639112,1787537681.455231,0.44921875,8.673617379884035e-19,66.23348212242126,0.04292554408311844,0.8571428656578064,-0.8571428656578064,0.09375,0.09256269037723541,0.002504710340872407,1.0443964004516602,0.9849741458892822,0.901557445526123,0,0,0.018586967140436172,0.00024918257258832455,1.0002491474151611,0.04916936904191971,0.012041156180202961,0.01168842613697052,0.015404373407363892,0.00024918257258832455,0.9994872808456421,0.49483323097229004,0.00024918257258832455,1,6.96875,22.28125,0.01650550617588698,0.03125,0,940.90625,0,4.082046333483834,0.34156803989737083,0.44870207097778214,1667.71875,0.6731400084184426,626.8125,0.3562654871493578,0.6318751842831152,2405.5625,0.8025938465277054,757.03125,0.40840053372085094,0.026975338689776626,0.2937629633407156,1156.96875,0.5965070337494012,573.4375,2.219342350959778,0.03125,0,1.4090045832751512,0.710806381500867,0,3.8977312771762023,0.34329453901679113,,,,,,,,,,,,,,,,0,277,1063,120.19140625,285.046875,26,26,4096,4096,4096,8.316327382999589,10.43434481798613,,,,,,,,,1,-0.2857142857142857,0.11007882148158887,0,0,1,,,,0,1.8927602767944336,1.0005509853363037,,,,,,0.8279764652252197,0.006117071956396103,0.18505382537841797,0.0029557677917182446,0.9959322214126587,,,,,,,,,,,,,0.008175769995432347,0.0020721637305882723,0.00018921999435406178,1.0079513329983456,0.07010443960217572,0.007292759997653775,0.025087160014663823,0.006689687222319662,0.0004638399987015873,0,0,0,,,,,1,0.44921875,0,115
255,23805.98740743,1787537760.3098226,0.65625,0,64.9284040927887,0.019693536683917046,1,-0.2857142984867096,0.0625,0.08830683678388596,0.0018781019607558846,1.0195293426513672,0.9879851341247559,0.8906979560852051,0,0,0.01506977528333664,0.0002327747642993927,1.0002328157424927,0.053382568061351776,0.0029572632629424334,0.0028289316687732935,0.012285405769944191,0.0002327747642993927,1.000612497329712,0.4369316101074219,0.0002327747642993927,1,7,23.40625,0.01232928049553493,0.03125,0,961.53125,0,9.359189319273618,0.3854131975982623,0.43907067031997316,1664.21875,0.6613499656116446,628.15625,0.3731368537992239,0.6266705410496397,2446.09375,0.7931084244552371,765.8125,0.40695236437022686,0.015648611839689276,0.27990566574382014,1164.1875,0.5744223935609548,576.125,2.0728105902671814,0,0,1.449588337213096,0.7199062258985833,0,9.112148774807174,0.39770355941903,,,,,,,,,,,,,,,,0,269,949,109.8828125,266.47265625,26,26,4096,4096,4096,8.392331620998448,10.969526319007855,,,,,,,,,0.7142857142857143,-1,0.14725377234348788,0,0,1,,,,0,1.892918586730957,0.9998140931129456,,,,,,0.8878154754638672,0.007283561863005161,0.24486088752746582,0.003502095816656947,0.9956464767456055,,,,,,,,,,,,,0.012307920012972318,0.0022128011599988895,0.0002394900075159967,0.932946336994064,0.06164800592540587,0.007591069006593898,0.025933909986633807,0.0061729531638548,0.0006094200070947409,0,0,0,,,,,1,0.65625,0,168
256,23888.853765184,1787537840.959267,0.76171875,2.6020852139652106e-18,66.28110146522522,0.035791151225566864,0.7142857313156128,-1,0.09375,0.09800505638122559,0.005144636612385511,1.027298927307129,0.9867759943008423,0.8867216110229492,0,0,0.01630070060491562,0.00016492768190801144,1.0001649856567383,0.034561771899461746,-0.0002516045933589339,-0.0004883412038907409,0.013591274619102478,0.00016492768190801144,0.9997856020927429,0.41155362129211426,0.00016492768190801144,1,6.9375,22.75,0.014562663612516055,0.03125,0,879.0625,0,6.357206970085402,0.3759845796355038,0.44434610223662224,1548.875,0.6708546702743339,585.25,0.3141325069591403,0.6308650961210955,2248.28125,0.7984281149362816,705.96875,0.4219065047800541,0.02518881108213618,0.2859790072942065,1069.375,0.5837443853974607,529.96875,2.2218499183654785,0,0,1.3934237536414202,0.6617626025755949,0,5.998562229324586,0.3752183154615928,,,,,,,,,,,,,,,,0,270,1066,113.03515625,281.640625,32,32,4096,4096,4096,9.025405178006622,10.600301632002811,,,,,,,,,0.8571428571428572,-1,0.14060728346449664,0,0,1,,,,0,1.9549026489257812,1.000046968460083,,,,,,0.6747913360595703,0.007962191477417946,0.30666065216064453,0.0038393025752156973,0.9954070448875427,,,,,,,,,,,,,0.009259529993869364,0.0022954786367677116,0.00020824000239372253,1.0326262929884251,0.09093176751105148,0.007106678996933624,0.06359062700357754,0.006639873187111789,0.0004587900039041415,0,0,0,,,,,1,0.76171875,0,195
257,23971.299504133,1787537922.9509113,0.4921875,1.734723475976807e-18,66.87999844551086,0.03534337505698204,0.8571428656578064,-1,0.09375,0.10719840973615646,0.0022104361560195684,1.0218286514282227,0.9888026714324951,0.9095611572265625,0,0,0.014501357451081276,3.7738471291959286e-05,1.0000377893447876,0.055995598435401917,0.0015556755242869258,0.0009004255989566445,0.011472910642623901,3.7738471291959286e-05,1.0001347064971924,0.5092620849609375,3.7738471291959286e-05,1,6.9375,22.03125,0.012119848748226067,0.03125,0,904.28125,0,4.5061151757764,0.383740777713306,0.44414763649258726,1591.0625,0.672051709953899,602.65625,0.34286608826369047,0.6346293001402523,2325.5625,0.8070694240099002,731.9375,0.41260301880538464,0.01893154738479075,0.2895378557817265,1119.6875,0.5823486068176494,548.5625,2.214670479297638,0,0,1.4100153148245893,0.6975291647752321,0,4.556730025611561,0.39106537347361947,,,,,,,,,,,,,,,,0,304,1102,122.67578125,311.9609375,31,31,4096,4096,4096,8.587873504002346,10.992675688001327,,,,,,,,,1,-0.42857142857142855,0.14725377234348788,0,0,1,,,,0,1.9860973358154297,1.0001403093338013,,,,,,0.7002291679382324,0.008057870902121067,0.2094731330871582,0.0037558043841272593,0.9963151216506958,,,,,,,,,,,,,0.057104398001683876,0.002216361936746125,0.00020087999291718006,1.0448613430053229,0.0768748541913169,0.003273189999163151,0.02165404900733847,0.006185028342258647,0.0005630599916912615,0,0,0,,,,,1,0.4921875,0,126
258,24053.443032923,1787538005.2143064,0.55859375,5.204170427930421e-18,69.03807497024536,0.03894660994410515,1,-0.4285714328289032,0.09375,0.10384436696767807,0.0033857778180390596,1.0170717239379883,0.9850835204124451,0.8952102661132812,0,0,0.018041588366031647,0.000449039856903255,1.0004490613937378,0.054163068532943726,-0.0021339314989745617,-0.002362185390666127,0.01525705773383379,0.000449039856903255,1.0001295804977417,0.496471643447876,0.000449039856903255,1,7,31.28125,0.015884235086286187,0.03125,0,981.40625,0,24.428182308112614,0.2818454462202056,0.4503895545645177,1761.25,0.6808597103400678,665.96875,0.3524651527404785,0.6426230417286604,2545.84375,0.815517636022643,803.40625,0.44154795818030834,0.022432716829810254,0.30745008612299335,1257.125,0.6093818019768644,612.0625,2.3064372539520264,0,0,1.4360073214733489,0.6804581490996993,0,21.454365009927653,0.2931478458104734,,,,,,,,,,,,,,,,0,286,925,129.8125,328.7890625,26,26,4096,4096,4096,9.20221269200556,10.17231947700202,,,,,,,,,1,-1,0.1731314234791546,0,0,1,,,,0,1.7000370025634766,0.9999245405197144,,,,,,0.6743714809417725,0.00721325259655714,0.1766948699951172,0.003334511537104845,0.9969246983528137,,,,,,,,,,,,,0.008258298999862745,0.0021839201676243647,0.0002254699938930571,0.9411481269926298,0.10474607392569624,0.005998830005410127,0.029571808961918578,0.007380217258059929,0.0007489800045732409,0,0,0,,,,,1,0.55859375,0,143
259,24133.438947079,1787538087.2880085,0.7109375,1.734723475976807e-18,68.45276641845703,0.05461081862449646,1,-1,0.1875,0.10609652101993561,0.003146635601297021,1.0222015380859375,0.9886037111282349,0.907557487487793,0,0,0.013625931926071644,0.0006600642809644341,1.0006603002548218,0.056484002619981766,-0.008548438549041748,-0.008580238558351994,0.011618136428296566,0.0006600642809644341,1.0001747608184814,0.5094757080078125,0.0006600642809644341,1,6.96875,28.5625,0.01210923693603405,0.03125,0,1038.5,0,3.729118188246578,0.3076498540328315,0.45525620093884167,1867.28125,0.6834203482339759,704.5,0.32046483270823956,0.6446224360934297,2709.6875,0.8174180137539805,852.4375,0.383006414398551,0.017460473730558625,0.30247754244303304,1334.78125,0.6103651456663493,652.3125,2.393389403820038,0,0,1.4464722207256284,0.7035947112775401,0,3.487647532658474,0.31854905329522454,,,,,,,,,,,,,,,,0,307,1074,128.9296875,315.296875,42,42,4096,4096,4096,9.007656178000616,10.010353732999647,,,,,,,,,1,-1,0.1287696884094282,0,0,1,,,,0,1.8410539627075195,0.9994946122169495,,,,,,0.6103389263153076,0.007616808637976646,0.17668676376342773,0.0035876999609172344,0.9966907501220703,,,,,,,,,,,,,0.009215548998326994,0.0020566857768358204,0.00018690999422688037,0.2231979019998107,0.051942242914662984,0.003411680008866824,0.019768931015278213,0.007093492371723187,0.0004988889995729551,0,0,0,,,,,1,0.7109375,0,182
260,24211.415317538,1787538167.6842394,0.609375,3.0357660829594124e-18,65.56281065940857,0.02944277599453926,1,-1,0.09375,0.11277341842651367,0.002162056276574731,1.0270462036132812,0.9856513738632202,0.8945331573486328,0,0,0.017238937318325043,0.0003058405127376318,1.0003058910369873,0.024139702320098877,-0.0027032378129661083,-0.0028723827563226223,0.014667205512523651,0.0003058405127376318,0.9994492530822754,0.5866141319274902,0.0003058405127376318,1,7,31.875,0.015861259958307485,0.03125,0,1031.4375,0,2.9510471763060044,0.291113833922067,0.4594601308979407,1868.65625,0.69253931392258,706.21875,0.32365074940025806,0.650824945802836,2699.625,0.8264842115924256,851.9375,0.37945406697690487,0.02215428514305999,0.31292026644854354,1341.9375,0.6249771379579394,655.0625,2.5227936506271362,0,0,1.398248154459202,0.7005464370179005,0,2.965035501328593,0.29285141575998563,,,,,,,,,,,,,,,,0,282,818,115.265625,249.1796875,35,35,4096,4096,4096,8.649461401990266,9.956562555002165,,,,,,,,,0.2857142857142857,-1,0.12876968840942818,0,0,1,,,,0,1.7747869491577148,0.9999873042106628,,,,,,1.1078574657440186,0.00868991483002901,0.6644496917724609,0.004122639540582895,0.9961037039756775,,,,,,,,,,,,,0.012381389999063686,0.002199095847629451,0.00029132999770808965,0.8506436190073146,0.05592694125755315,0.003544460007105954,0.06868748800479807,0.006481372910684513,0.0006915400008438155,0,0,0,,,,,1,0.609375,0,156
261,24293.953468174,1787538245.9988155,0.6875,0,62.80959987640381,0.031685493886470795,0.2857142984867096,-1,0.09375,0.1197744607925415,0.0027705731336027384,1.0485267639160156,0.9794497489929199,0.8593816757202148,0,0,0.022923488169908524,8.089118637144566e-05,1.0000808238983154,0.015448762103915215,0.004641166888177395,0.0043556722812354565,0.02115471661090851,8.089118637144566e-05,1.0002893209457397,0.33026576042175293,8.089118637144566e-05,1,6.96875,31.40625,0.021587562072804524,0.03125,0,922.125,0,13.996096260810253,0.26951426644706467,0.47056417851176385,1711.1875,0.7045259627655656,644.28125,0.31993497142684646,0.6554298699485357,2426.375,0.832801762463613,768.09375,0.3902221340686083,0.03664776024830093,0.31695123504811606,1218.40625,0.6293051099642009,593.125,2.9789693355560303,0,0,1.3956696509770379,0.7035579107971444,0,12.273111678244781,0.282078133786459,,,,,,,,,,,,,,,,0,352,1148,108.3984375,254.6640625,34,34,4096,4096,4096,8.369878811005037,10.536286753995228,,,,,,,,,0,0,0,0,0,1,,,,0,1.8898611068725586,0.9998888969421387,,,,,,0.6817929744720459,0.009379534050822258,0.1766669750213623,0.00429377518594265,0.9968572854995728,,,,,,,,,,,,,0.010712650007917546,0.0020748795697613787,0.00020186899928376079,0.8576778489950811,0.057126150933243025,0.006530089987791143,0.022173297984409146,0.0051687585086028776,0.000697669995133765,0,0,0,,,,,1,0.6875,0,176
262,24405.36458836,1787538329.1136465,0.6875,0,68.57720160484314,0,0,0,0,0.13781645894050598,0,1.0215225219726562,0.9905422329902649,0.9235095977783203,0,0,0.013517128303647041,0,1,0,0,0,0.00967385619878769,0,0.9996510744094849,0.5057086944580078,0,1,6.9375,24.125,0.010791765535758082,0,0,867.1875,0,5.299966398062177,0.37475781923873275,0.4839240896287735,1665,0.7219137506744988,624.96875,0.30796304158866405,0.656109294941953,2294.96875,0.8413602433446704,732.0625,0.39108580350875854,0.014898543385848274,0.31718070233341555,1166.4375,0.6402220220778602,572.25,1.9762136340141296,0,0,1.3571879795363682,0.7148719714460325,0,4.5701135992175,0.3849069753619061,,,,,,,,,,,,,,,,0,452,1079,127.58203125,311.140625,32,32,4096,4096,4096,9.006814438995207,10.64917508000508,,,,,,,,,0,0,0,0,0,1,,,,0,1.6812734603881836,0.9998557567596436,,,,,,0.5351734161376953,0.010461182333528996,0.17662715911865234,0.0048937685787677765,0.9966250658035278,,,,,,,,,,,,,0.01391752999916207,0.002165360515220982,0.00025877000007312745,0.9844543750077719,0.07236159247628393,0.00966592000622768,0.017218740002135746,0.0058925438638084415,0.0007169000018620864,0,0,0,,,,,1,0.6875,0,176
263,24491.159431015,1787538439.9936051,0.78125,0,96.86903071403503,0,0,0,0,0.15552160143852234,0,1.0171785354614258,0.9810802340507507,0.8744478225708008,0,0,0.02157565951347351,0,1,0,0,0,0.019461840391159058,0,0.9999992847442627,0.5855660438537598,0,1,7,35.3125,0.02028062213958446,0,0,1020.65625,0,3.5900371723869227,0.29879848288260735,0.4931144164131623,1989.78125,0.7356204320774008,745.375,0.3134616669267416,0.658666741430646,2707.5,0.8484937843512815,866.9375,0.3907046653330326,0.03229344828731324,0.34039180409909964,1462.9375,0.6652450306597524,699,2.820884048938751,0,0,1.3864475559833693,0.7028212752262283,0,3.4809721223352885,0.2964643299192796,,,,,,,,,,,,,,,,0.00390625,1721,2048,123.65625,235.234375,31,31,4096,4096,4096,8.452037137991283,11.084031096004765,,,,,,,,,0,0,0,0,0,1,,,,3.158958861604333e-05,2,0.9999309182167053,,,,,,8.496192932128906,0.012253901921212673,0.9270939230918884,0.005346579942852259,0.9961162805557251,,,,,,,,,,,,,0.00982242998725269,0.002373898523785556,0.0002822699898388237,1.0178721440024674,0.06971478447633217,0.005613679997622967,0.015537629995378666,0.005500827547109566,0.0006564100040122867,0,0,0,,,,,1,0.78125,0,200
264,24582.875329502,1787538525.634251,0.75,0,71.89151358604431,0,0,0,0,0.16687606275081635,0,1.0284299850463867,0.9805548787117004,0.8631291389465332,0,0,0.022813238203525543,0,1,0,0,0,0.020031573250889778,0,0.9999922513961792,0.0002042445121333003,0,1,6.9375,32.21875,0.02138272702538559,0,0,989.25,0,3.9631413709799608,0.3372185135582248,0.48867220169776593,1910.84375,0.7271985260675384,714.34375,0.805868306895718,0.645804313818362,2555.28125,0.8351549406163834,823.6875,0.3987772483378649,0.04995088328303794,0.3377371447749948,1405.25,0.6639159665158725,674.90625,4.1947067975997925,0.03125,0,1.4265380990621865,0.6436966714819674,0,3.860678606679315,0.3125488717425894,,,,,,,,,,,,,,,,0,697,1256,126.3046875,227.71875,34,34,4096,4096,4096,8.461517846997594,10.621795940998709,,,,,,,,,0,0,0,0,0,1,,,,0,1.860795021057129,0.9999018907546997,,,,,,7.442625045776367,0.013293202966451645,0.9431561231613159,0.0057376679033041,0.9964928030967712,,,,,,,,,,,,,0.010028689008322544,0.00213755481621547,0.00023210998915601522,0.9228108469978906,0.07624608717628689,0.005481340005644597,0.01591977999487426,0.005177001730032771,0.0004750900116050616,0,0,0,,,,,1,0.75,0,192
265,24679.953490783,1787538617.6375773,0.6171875,0,77.14051079750061,0,0,0,0,0.1934148371219635,0,1.0243854522705078,0.9814708828926086,0.8786625862121582,0,0,0.022208895534276962,0,1,0,0,0,0.019123079255223274,0,0.9998313188552856,0.0005857455544173717,0,1,6.9375,35.5,0.020503173418060107,0,0,1010.4375,0,3.3719005275304212,0.3451233812419606,0.5043990958857706,1990.03125,0.7479803233642542,744.09375,0.6103586181998253,0.654496698410421,2651.875,0.8528898328281358,857.40625,0.42938452400267124,0.05532521024865092,0.35448258998877025,1497.6875,0.6917791255858274,713.84375,4.260324478149414,0,0,1.4569201492694972,0.6512901519191099,0,3.3331434012355423,0.3685874609787791,,,,,,,,,,,,,,,,0,817,1222,147.81640625,265.72265625,39,39,4096,4096,4096,8.314428844998474,10.361153569989256,,,,,,,,,0.2857142857142857,-0.8571428571428571,0.08748177652797064,0,0,1,,,,2.6426361728226766e-05,2,1.0001165866851807,,,,,,6.550942897796631,0.012716123834252357,0.9427014589309692,0.0055720265954732895,0.996929943561554,,,,,,,,,,,,,0.01082472900452558,0.002046193324190426,0.0002065399894490838,0.851355598992086,0.07404051676144263,0.004228799996781163,0.02083324798149988,0.005406706093026514,0.0007102309900801629,0,0,0,,,,,1,0.6171875,0,158
266,24777.207649087,1787538715.0125458,0.58984375,1.3010426069826053e-18,82.8384177684784,0.013600335456430912,0.2857142984867096,-0.8571428656578064,0.03125,0.19817191362380981,0.000930110749322921,1.0205612182617188,0.976230263710022,0.8732576370239258,0,0,0.027520209550857544,0.0003141973866149783,1.0003142356872559,0.00817558728158474,0.0004137118812650442,0.0005757780745625496,0.024607229977846146,0.0003141973866149783,1.0000641345977783,0.0014287680387496948,0.0003141973866149783,1,7,41.75,0.025682817211415188,0.03125,0,1182.53125,0,4.436762457869012,0.33099924924638274,0.510904161439786,2356.21875,0.7585484440251226,880.0625,0.5513489772565663,0.6571956956742326,3117.875,0.8587762949536311,1009.96875,0.421274621039629,0.08342362688334692,0.3590865201078504,1764.3125,0.7014614726564241,842.15625,5.307590186595917,0.03125,0,1.474375944518186,0.6709787501314041,0,4.291267560120062,0.3394881152590792,,,,,,,,,,,,,,,,0,1008,1548,165.5546875,279.9921875,42,42,4096,4096,4096,8.448157499995432,10.881044661000487,,,,,,,,,0.1428571428571429,-1,0.0668153104781061,0,0,1,,,,2.3594921003677882e-05,2,1.0003670454025269,,,,,,6.936412334442139,0.013841475360095501,0.9856427311897278,0.005761808715760708,0.996684193611145,,,,,,,,,,,,,0.010541429001023062,0.0018894665857374093,0.000215259991819039,1.1440343379945261,0.11285264819548502,0.010205369006143883,0.02133636000507977,0.00505944656686097,0.0005834799958392978,0,0,0,,,,,1,0.58984375,0,151
267,24881.244433623,1787538812.186365,0.80859375,1.3010426069826053e-18,82.78183603286743,0.010255792178213596,0.1428571492433548,-1,0.03125,0.21058684587478638,0.0005596460541710258,1.0202808380126953,0.9730366468429565,0.8579983711242676,0,0,0.029728073626756668,0.000302501255646348,1.0003025531768799,0.006756756920367479,0.0032479488290846348,0.0031160530634224415,0.02787943184375763,0.000302501255646348,1.0004746913909912,0.0009717494249343872,0.000302501255646348,1,7,46.5,0.028825610376138837,0.03125,0,1324.4375,0,8.168616525852167,0.281509479493923,0.507284549290586,2633.15625,0.751059694548383,981,0.959969770279713,0.6596392987523775,3479.90625,0.8561540771589293,1125.46875,0.39387835934758186,0.09837684386621928,0.356545063300493,1957.25,0.6949130108970911,935.9375,5.809219479560852,0.03125,0,1.4595286063457862,0.6189042571516242,0,8.83083399701181,0.2955036240515782,,,,,,,,,,,,,,,,0,903,1365,192.4921875,326.72265625,45,45,4096,4096,4096,8.724309728990193,11.008298397006001,,,,,,,,,0.1428571428571429,-1,0.0668153104781061,0,0,1,,,,2.0293031411711127e-05,2,0.9998793601989746,,,,,,9.39511489868164,0.012344264425337315,0.9772395491600037,0.005229366477578878,0.996752142906189,,,,,,,,,,,,,0.008096269011730328,0.002023885992457508,0.0001929300051415339,1.0269966120104073,0.06285308089888986,0.005956260007224046,0.02047202902031131,0.005478710171303192,0.0006648299895459786,0,0,0,,,,,1,0.80859375,0,207
268,25012.23951659,1787538916.2154248,0.734375,5.204170427930421e-18,90.38876605033875,0.007408253848552704,0.1428571492433548,-1,0.03125,0.2043761909008026,0.00045887072337791324,1.0175399780273438,0.9713737368583679,0.879547119140625,0,0,0.03152573108673096,0.00019766413606703281,1.0001976490020752,0.0034346291795372963,-0.000537378597073257,-0.0003234321775380522,0.029578711837530136,0.00019766413606703281,0.9998111128807068,8.312921272590756e-05,0.00019766413606703281,1,7,51.5625,0.03086638472995265,0.03125,0,1539.9375,0,2.9323079681581223,0.26884404209856955,0.4948235209681573,2934.53125,0.7348390877708918,1098.1875,0.9007857678807341,0.6489834441502605,3948.1875,0.8385207671557011,1268.21875,0.4118089508265257,0.10360779018360616,0.3491875132398229,2189.75,0.6814746472070505,1048.71875,6.572538197040558,0.03125,0,1.5215038402306993,0.6263010355162358,0,2.8005998214376295,0.28475953941412957,,,,,,,,,,,,,,,,0.00390625,1114,2048,225.76171875,360.55859375,33,33,4096,4096,4096,8.775655798002845,11.052639845001977,,,,,,,,,0.1428571428571429,-1,0.1336306209562122,0,0,1,,,,3.460506923147477e-05,2,0.999836266040802,,,,,,5.404407501220703,0.011363430880010128,0.9312129020690918,0.004849393852055073,0.9970564842224121,,,,,,,,,,,,,0.007405270007438958,0.0019733781795139294,0.00022406000061891973,0.9737872840050841,0.10069704752339703,0.00765236999723129,0.02027340001950506,0.005010259772802783,0.0007166199939092621,0,0,0,,,,,1,0.734375,0,188
269,25111.174514983,1787539046.8097484,0.62109375,1.3010426069826053e-18,116.80272698402405,0.04851120337843895,0.1428571492433548,-1,0.125,0.19799305498600006,0.00220627523958683,1.0157880783081055,0.9677315950393677,0.8593196868896484,0,0,0.03508365526795387,0.0004687521141022444,1.0004688501358032,0.02652011439204216,0.022941045463085175,0.022075416520237923,0.03341183811426163,0.0004687521141022444,1.0002026557922363,0.004496712237596512,0.0004687521141022444,1,7.0625,60.9375,0.034234998901802094,0.03125,0,1806.09375,0,4.3346702787296305,0.21464698774020569,0.4908108640637485,3342.59375,0.7289254379387056,1252.90625,0.823961868751212,0.6494897540764099,4573.59375,0.8377690385662098,1463,0.400978472083807,0.11451052483243368,0.34969679991791003,2563.84375,0.6815602550261197,1227.59375,6.465535998344421,0.0625,0,1.511963943009531,0.5801677294060477,0,4.570177795185023,0.22036714213434186,,,,,,,,,,,,,,,,0.00390625,2048,2048,256.82421875,432.37109375,34,34,4096,4096,4096,10.12589101899357,10.277787002996774,,,,,,,,,0.1428571428571429,-1,0.0668153104781061,0,0,1,,,,1.5209820048767142e-05,2,1.0003132820129395,,,,,,7.004507541656494,0.010920288972556591,0.9701654314994812,0.00461853900924325,0.9969360828399658,,,,,,,,,,,,,0.012991280003916472,0.0021238897847979388,0.00019305000023450702,0.9039668670011451,0.07616847181640196,0.003251700007240288,0.017136020003817976,0.005742901250414434,0,0,0,0,,,,,1,0.62109375,0,159
270,25213.241764961,1787539145.6116357,0.6953125,2.6020852139652106e-18,85.20583271980286,0.026955939829349518,0.1428571492433548,-1,0.03125,0.19759351015090942,0.000821669411379844,1.030996322631836,0.9676409363746643,0.9031548500061035,0,0,0.035371117293834686,1.8127262592315674e-05,1.0000181198120117,0.0013068880653008819,0.02552775852382183,0.025525012984871864,0.033430665731430054,1.8127262592315674e-05,1.0003868341445923,0.0009077806025743484,1.8127262592315674e-05,1,7,68.125,0.03407639528171917,0.03125,0,2054.59375,0,3.522140978009797,0.23923439068164526,0.4861143635792592,3778.9375,0.7217537851397893,1420.46875,1.062234157056082,0.6458698334535733,5203.75,0.8315971568007046,1662.84375,0.40273325331509113,0.1093918589105895,0.34421953189482385,2885.375,0.6732482741099104,1382.75,6.767752468585968,0.03125,0,1.4891241853915171,0.5830494912492756,0,3.50676916941579,0.245651026399128,,,,,,,,,,,,,,,,0,1140,1737,177.4296875,275.640625,34,34,4096,4096,4096,8.904101983003784,10.558097132990952,,,,,,,,,1,-1,0.1287696884094282,0,0,1,,,,0,1.7152481079101562,0.999976634979248,,,,,,6.199520111083984,0.012302153743803501,0.9803176522254944,0.005197036545723677,0.9975742101669312,,,,,,,,,,,,,0.007893280009739101,0.0018683224097912898,0.0002318800106877461,0.8540866080002161,0.06355135751545049,0.006170669992570765,0.016663978996803053,0.004206414421958016,0.0005256500007817522,0,0,0,,,,,1,0.6953125,0,178
271,25319.840930752,1787539247.34378,0.625,0,88.36819624900818,0.044337399303913116,1,-1,0.09375,0.211392343044281,0.0022284705191850662,1.0173053741455078,0.9792590141296387,0.8946523666381836,0,0,0.023839328438043594,0.0005957779940217733,1.0005959272384644,0.03687117248773575,-4.517752677202225e-05,0.0006717955693602562,0.021368185058236122,0.0005957779940217733,1.000056505203247,0.002030402421951294,0.0005957779940217733,1,6.9375,45.40625,0.0222725626253356,0.03125,0,1419.4375,0,3.068116622939565,0.3253973058931605,0.49887524091202445,2703.46875,0.7374261755345383,1009.4375,0.6432860839122441,0.6525867354351284,3636.78125,0.8437994723875654,1168.125,0.37619168125092983,0.056997767181267436,0.337622507266124,1978.0625,0.66725555346084,954.0625,4.217138051986694,0,0,1.4136416493553383,0.6605955673218699,0,3.0454754966402917,0.32878168943571706,,,,,,,,,,,,,,,,0,1234,1831,191.16796875,335.41796875,31,31,4096,4096,4096,8.896376543998485,10.246251614007633,,,,,,,,,0,0,0,0,0,1,,,,4.0867202187655494e-05,2,0.9997413158416748,,,,,,6.053393363952637,0.011624926701188087,0.977517306804657,0.0048713418655097485,0.9967070817947388,,,,,,,,,,,,,0.013970990010420792,0.0018452842114697887,0.0002152199886040762,0.9793498649960384,0.09244430755467192,0.0044001600035699084,0.01708172900544014,0.004920938280918108,0.000636500000837259,0,0,0,,,,,1,0.625,0,160
272,25411.236276392,1787539355.128851,0.61328125,8.673617379884035e-19,93.23561358451843,0,0,0,0,0.20271922647953033,0,1.0198383331298828,0.9821746945381165,0.9144835472106934,0,0,0.02080409601330757,0,1,0,0,0,0.018285784870386124,0,0.999826192855835,0.0023498740047216415,0,1,7.03125,44.65625,0.019635283246260606,0,0,1529.34375,0,3.946506983452359,0.35400829356887126,0.5011317741849279,2845,0.7410078465091843,1064.34375,0.9894782317860518,0.6549315554980827,3882,0.8469659770469188,1242.9375,0.40760907903313637,0.04835536923750931,0.3428062920945746,2131.6875,0.6770805865760156,1029.375,4.268065392971039,0.0625,0,1.6467922445017822,0.5919360602089705,0,4.051800055802666,0.36574993689838187,,,,,,,,,,,,,,,,0.00390625,1252,2048,186.3828125,382.94140625,34,34,4096,4096,4096,8.870002194991685,10.09361440000066,,,,,,,,,0.2857142857142857,-1,0.11007882148158886,0,0,1,,,,4.1916417103493586e-05,2,0.9998201131820679,,,,,,4.734499454498291,0.011173401027917862,0.8102468848228455,0.004777820315212011,0.9972183704376221,,,,,,,,,,,,,0.011028630004147999,0.0018713728557031573,0.00021531000675167888,0.8512400290055666,0.053153952519949144,0.007001509991823696,0.01682468999933917,0.005891136852483214,0.0007073000015225261,0,0,0,,,,,1,0.61328125,0,157
273,25502.181189988,1787539445.3291783,0.6875,0,76.69228529930115,0.02793133072555065,0.2857142984867096,-1,0.0625,0.19156794250011444,0.0011287705274298787,1.015829086303711,0.9770317077636719,0.906013011932373,0,0,0.025443831458687782,0.000336429919116199,1.0003364086151123,0.028085656464099884,0.011108539998531342,0.010809628292918205,0.02354610338807106,0.000336429919116199,1.000101089477539,0.008786842226982117,0.000336429919116199,1,6.96875,49.125,0.024404584526124817,0.03125,0,1491.0625,0,4.894402399204468,0.24022995218549925,0.5013293429766448,2842.90625,0.7439728381001793,1062.625,0.6015217625536025,0.6553667649970201,3825.25,0.8483966441944704,1227.03125,0.37566163018345833,0.052567165245456425,0.3560592220114258,2147.21875,0.6935212960765211,1025.65625,4.444481611251831,0.0625,0,1.5275600080686238,0.6500128553349285,0,4.681080652184501,0.26270956419673064,,,,,,,,,,,,,,,,0,787,1424,126.41796875,251.68359375,31,31,4096,4096,4096,8.462156220004545,11.22049683899968,,,,,,,,,0,0,0,0,0,1,,,,3.0899485864210874e-05,2,1.0004103183746338,,,,,,6.409540176391602,0.012107276357710361,0.9778777956962585,0.0052214814350008965,0.9973030090332031,,,,,,,,,,,,,0.00840774000971578,0.0023137385113614073,0.00026836000324692577,0.9947628730005817,0.0773973582345775,0.002918729995144531,0.023224838005262427,0.005532368319450143,0.0007371300016529858,0,0,0,,,,,1,0.6875,0,176
274,25586.477209141,1787539536.100479,0.71875,0,77.52997303009033,0,0,0,0,0.19446633756160736,0,1.0172700881958008,0.9854651689529419,0.9087448120117188,0,0,0.01754577085375786,0,1,0,0,0,0.014861539006233215,0,1.0002391338348389,0.0016457810997962952,0,1,6.9375,28.28125,0.015726217503462904,0,0,1011.34375,0,4.308427147306206,0.3129045917444308,0.517040501057674,2057.5625,0.7653144711104326,766.21875,0.526098134519998,0.6654550404794944,2699.875,0.8647169081480962,873.03125,0.42656694911420345,0.0258788045071834,0.35969216260302517,1509.9375,0.7074834720640976,727.5,2.8846638202667236,0.03125,0,1.4373327187678997,0.6918373237188077,0,4.440630199813129,0.3231950155799589,,,,,,,,,,,,,,,,0,803,1201,143.36328125,295.98828125,32,32,4096,4096,4096,8.467688869990525,10.038323141998262,,,,,,,,,0,0,0,0,0,1,,,,0,1.6200532913208008,0.9999193549156189,,,,,,0.5394878387451172,0.01122396718710661,0.18817877769470215,0.0048714131116867065,0.9974624514579773,,,,,,,,,,,,,0.012893799997982569,0.0021709953908839452,0.00016830999811645597,0.9098029870074242,0.0587266706326659,0.0035031890001846477,0.01857812999514863,0.006223380000221823,0.0005907799932174385,0,0,0,,,,,1,0.71875,0,184
275,25667.153839804,1787539620.8852863,0.6953125,1.734723475976807e-18,71.01913094520569,0,0,0,0,0.17755013704299927,0,1.0178394317626953,0.9819492101669312,0.9274682998657227,0,0,0.020726259797811508,0,1,0,0,0,0.018426263704895973,0,1.0000090599060059,0.583045482635498,0,1,7,39.84375,0.019309423394434963,0,0,1146.90625,0,3.0467197821885295,0.27307065544068276,0.5003956419890934,2231.75,0.7434598450964295,834.84375,0.3491780664771795,0.6569053719020843,3002.15625,0.8499979062795749,965.59375,0.4129472766071558,0.029500274560846574,0.35356151639757993,1675.34375,0.6894978354525085,797.8125,3.401026666164398,0,0,1.3950588383916631,0.6935963107076171,0,2.9633655308373994,0.282051993214515,,,,,,,,,,,,,,,,0,553,1119,118.11328125,231.35546875,38,38,4096,4096,4096,8.117178956003045,9.943623005005065,,,,,,,,,0.4285714285714286,-1,0.14725377234348788,0,0,1,,,,0,1.6149444580078125,0.999972403049469,,,,,,3.333050489425659,0.011616144329309464,0.8677506446838379,0.005116953048855066,0.9973275065422058,,,,,,,,,,,,,0.009675630004494451,0.002004761425837387,0.000221800000872463,0.9132473770005163,0.06099886720278391,0.004367600005934946,0.016059720001067035,0.0052095544642725145,0.0005781999934697524,0,0,0,,,,,1,0.6953125,0,178
276,25758.562710573,1787539701.4626665,0.6875,3.469446951953614e-18,67.02767658233643,0.04450306296348572,0.4285714328289032,-1,0.09375,0.18356958031654358,0.0015429513296112418,1.0262336730957031,0.9851559400558472,0.9018144607543945,0,0,0.017727021127939224,0.0002422928810119629,1.0002423524856567,0.039907582104206085,0.006981870159506798,0.006576935760676861,0.015169823542237282,0.0002422928810119629,1.0000567436218262,0.03568407893180847,0.0002422928810119629,1,7,29.84375,0.015980529378834433,0.03125,0,944.90625,0,2.9051217999294057,0.35859327664726914,0.5180808347144883,1925,0.7668995187695533,715.8125,0.478393372381106,0.6671507919018471,2527.59375,0.8683199937724924,817.71875,0.4077392481267452,0.025227277942690106,0.35674569307036696,1411.1875,0.7030555098021656,675.4375,2.383953809738159,0,0,1.3691149084948921,0.6951781911114402,0,2.8659465149443797,0.35299458667549954,,,,,,,,,,,,,,,,0,447,1084,107.46484375,224.171875,31,31,4096,4096,4096,7.985677271004533,10.37721589699504,,,,,,,,,0.4285714285714286,-1,0.1675148485651225,0,0,1,,,,0,1.8334016799926758,0.9999024868011475,,,,,,0.6061744689941406,0.011179395020008087,0.13533127307891846,0.004861506633460522,0.997583270072937,,,,,,,,,,,,,0.009673888998804614,0.0023791622341491347,0.00025676999939605594,0.8442017509951256,0.06571856231261108,0.003004720012540929,0.02557093999348581,0.006042710609790447,0.0007442399946739897,0,0,0,,,,,1,0.6875,0,176
277,25845.1861328,1787539794.1647732,0.6953125,3.469446951953614e-18,77.87048697471619,0.04391989856958389,0.4285714328289032,-1,0.125,0.1832018494606018,0.012869107536971569,1.0212173461914062,0.9912166595458984,0.9102950096130371,0,0,0.012119135819375515,0.0002841106615960598,1.000284194946289,0.025583889335393906,-0.009207111783325672,-0.009123595431447029,0.0089419512078166,0.0002841106615960598,1.0002186298370361,0.5882225036621094,0.0002841106615960598,1,7,22.9375,0.009658913136035868,0.03125,0,859.71875,0,2.420757797122234,0.42320399909841927,0.516736605590427,1734.21875,0.764366659091637,646.46875,0.31650594621896744,0.668435399773629,2298.125,0.8675624034405766,741.5625,0.3938017711043358,0.00940073036296498,0.34887570265651036,1255.53125,0.6947421139265788,606.78125,1.539849579334259,0,0,1.4051751359651414,0.6960732493507266,0,2.3085680459261564,0.4319641811772382,,,,,,,,,,,,,,,,0,752,1412,143.67578125,329.3125,41,41,4096,4096,4096,8.696637606000877,10.26261455200438,,,,,,,,,0.4285714285714286,-1,0.14725377234348788,0,0,1,,,,0,1.7078475952148438,1.0000309944152832,,,,,,0.5352334976196289,0.009810847230255604,0.13286828994750977,0.00439942954108119,0.9977771639823914,,,,,,,,,,,,,0.014168848996632732,0.002379568023570755,0.00021754999761469662,0.8329754199949093,0.07132694414468688,0.005569729997660033,0.022239968020585366,0.0072960562768003,0.0008528699981980026,0,0,0,,,,,1,0.6953125,0,178
278,25922.034939647,1787539879.5485675,0.74609375,1.3010426069826053e-18,71.10742521286011,0.04185711592435837,0.4285714328289032,-1,0.09375,0.17118284106254578,0.0013120194198563695,1.018991470336914,0.9877407550811768,0.9387063980102539,0,0,0.015091916546225548,0.0002128100022673607,1.0002129077911377,0.03658127412199974,0.0076030222699046135,0.007270056754350662,0.012468774802982807,0.0002128100022673607,0.9997698664665222,0.5957484245300293,0.0002128100022673607,1,6.90625,36.125,0.01342503158880277,0.03125,0,1149.40625,0,4.503400881014819,0.30378986697731625,0.516594893612904,2341.28125,0.7645309877637911,871.875,0.3207835638895631,0.6699073155559157,3090.90625,0.8710523899850805,999.3125,0.35857423953711987,0.016955876324988156,0.3602906004761388,1743.53125,0.7106017594442013,835.34375,2.556658387184143,0,0,1.37187119510011,0.7137757297515663,0,4.540091813218602,0.31087989252194753,,,,,,,,,,,,,,,,0,507,1146,131.80078125,275.9296875,46,46,4096,4096,4096,8.449457593989791,11.667814863001695,,,,,,,,,0.1428571428571429,-1,0.0668153104781061,0,0,1,,,,2.963753286167048e-05,2,1.000178575515747,,,,,,4.648481369018555,0.009974355809390545,0.9860190153121948,0.004442783538252115,0.9970645308494568,,,,,,,,,,,,,0.009832448995439336,0.0021777924964681006,0.00024759999359957874,0.16515212500235066,0.05542214089098252,0.003817210003035143,0.01685079799790401,0.006291140284986341,0.0007804699998814613,0,0,0,,,,,1,0.74609375,0,191
279,26006.628494534,1787539957.1277363,0.65234375,1.3010426069826053e-18,63.242284536361694,0.008946794085204601,0.1428571492433548,-1,0.0312500037252903,0.16238117218017578,0.0017513349885120988,1.025217056274414,0.9885307550430298,0.9355874061584473,0,0,0.01354819443076849,3.229384310543537e-05,1.0000324249267578,0.006760204676538706,0.0015391841297969222,0.0015842635184526443,0.011646072380244732,3.229384310543537e-05,1.0002813339233398,0.009576134383678436,3.229384310543537e-05,1,6.9375,26.6875,0.012169004218295296,0.03125,0,1054.40625,0,4.4636393426839005,0.30090115981258625,0.5239909663893717,2183.15625,0.7731647943658337,808.65625,0.45303102197067346,0.6737310020201696,2845.28125,0.8751277895916978,920.03125,0.4076926223933697,0.014034349811088306,0.3634774112469513,1583.625,0.7204905830046486,770.65625,2.4636455178260803,0.03125,0,1.4840530514976826,0.6763558975356774,0,4.105431225517482,0.31063540413025886,,,,,,,,,,,,,,,,0,312,1094,106.72265625,197.74609375,43,43,4096,4096,4096,8.043600028991932,10.288971941001364,,,,,,,,,0.1428571428571429,-1,0.0668153104781061,0,0,1,,,,0,1.9320869445800781,1.000229001045227,,,,,,0.6586008071899414,0.011729243211448193,0.20795440673828125,0.005217266269028187,0.9976140260696411,,,,,,,,,,,,,0.009579999998095445,0.0019182377498054848,0.00024717001360841095,0.8403842709958553,0.05821601029310841,0.005874440001207404,0.02479537998442538,0.0044532236840950645,0.0006839500128990039,0,0,0,,,,,1,0.65234375,0,167
280,26087.188188062,1787540040.7847755,0.6796875,0,69.15339255332947,0.009163836017251015,0.1428571492433548,-1,0.03125,0.18933656811714172,0.0004079215577803552,1.0160331726074219,0.9943783283233643,0.9421567916870117,0,0,0.008733630180358887,3.394857048988342e-05,1.000033974647522,0.0054828086867928505,0.0017963751452043653,0.0016184916021302342,0.005712957587093115,3.394857048988342e-05,1.000257968902588,0.5240545272827148,3.394857048988342e-05,1,6.9375,16.78125,0.006361720508080571,0.03125,0,853.78125,0,2.3144643439820616,0.4960114639412847,0.5354395277142816,1800.53125,0.7839582802227876,663.0625,0.3249871954321861,0.6722828726378532,2299.1875,0.8788443301204667,748.9375,0.38976430520415306,0.005573205717606539,0.356162692431991,1267.8125,0.7189947576586138,624.625,1.2027024030685425,0,0,1.4083377500348098,0.6973923814605559,0,2.200855853140492,0.49418588603021907,,,,,,,,,,,,,,,,0,562,841,130.76953125,250.68359375,47,47,4096,4096,4096,9.109952383005293,11.045703655006946,,,,,,,,,0.2857142857142857,-0.8571428571428571,0.08748177652797064,0,0,1,,,,0,1.7007598876953125,1.0003467798233032,,,,,,0.5337396860122681,0.011526976712048054,0.159759521484375,0.004971010610461235,0.9976909756660461,,,,,,,,,,,,,0.010379929008195177,0.0020439010322093054,0.0002543099981267005,0.9027896890038392,0.055881545090244344,0.0043890300003113225,0.02625990900560282,0.00501286431688186,0.0006972200062591583,0,0,0,,,,,1,0.6796875,0,174
281,26174.531174764,1787540121.1443205,0.68359375,1.3010426069826053e-18,67.07869052886963,0.01238390151411295,0.2857142984867096,-0.8571428656578064,0.03125,0.19166450202465057,0.001041635638102889,1.0114927291870117,0.9906717538833618,0.9233212471008301,0,0,0.011625991202890873,8.110981434583664e-05,1.000081181526184,0.002773477928712964,-0.00199783593416214,-0.0019440632313489914,0.009476381354033947,8.110981434583664e-05,1.0005772113800049,0.5864062309265137,8.110981434583664e-05,1,6.96875,26.78125,0.00983604173371776,0.03125,0,1046.15625,0,8.25735965358959,0.41047830473458247,0.5344285339654138,2190.71875,0.7877847973851887,812.25,0.34411777928471565,0.6707133504023647,2808.1875,0.8793797886637036,915.28125,0.3786759730428457,0.01268941631559152,0.3683391441926164,1600.25,0.7283167246577302,772.90625,2.063508987426758,0,0,1.4197773864874383,0.6893146952346492,0,8.087112145444262,0.4146568477452629,,,,,,,,,,,,,,,,0,356,953,135.21875,269.96875,46,46,4096,4096,4096,8.290478899987647,10.152735274998122,,,,,,,,,0.1428571428571429,-1,0.0668153104781061,0,0,1,,,,0,1.6537818908691406,0.9999387860298157,,,,,,0.516448974609375,0.011801065877079964,0.17131781578063965,0.005178280174732208,0.9978120923042297,,,,,,,,,,,,,0.010905028990237042,0.0020917633828503313,0.00025426999491173774,0.8946638589986833,0.07051877556557429,0.003171849006321281,0.019640108992462046,0.005472308375146895,0.0006606899987673387,0,0,0,,,,,1,0.68359375,0,175
282,26251.513758417,1787540208.507017,0.625,0,73.7490303516388,0.007962873205542564,0.1428571492433548,-1,0.03125,0.19907434284687042,0.00036196038126945496,1.018427848815918,0.992078959941864,0.9353451728820801,0,0,0.010351782664656639,2.5381334125995636e-05,1.0000255107879639,0.004081685096025467,0.0001925705000758171,0.00016731384675949812,0.00801580585539341,2.5381334125995636e-05,0.9999366998672485,0.5966343879699707,2.5381334125995636e-05,1,6.96875,25.53125,0.00894397662446373,0.03125,0,1081.75,0,4.015975758776656,0.3870528397350538,0.5403289244144484,2306.84375,0.7968579285299866,856.0625,0.3380147125571966,0.6716394055428642,2913.96875,0.8842604680952662,957.3125,0.38665113039314747,0.008181350135988374,0.37153293857296504,1672.8125,0.7343955625713388,810.78125,1.6686434745788574,0,0,1.3748161539628705,0.7023172177241809,0,3.7921361376071667,0.39281782383131214,,,,,,,,,,,,,,,,0,482,1105,176.296875,372.34765625,48,48,4096,4096,4096,9.323148775001755,10.059302020003088,,,,,,,,,0,0,0,0,0,1,,,,0,1.6879796981811523,0.9998389482498169,,,,,,0.6996452808380127,0.01138897892087698,0.17134618759155273,0.005068714264780283,0.9977639317512512,,,,,,,,,,,,,0.010177859003306367,0.002320328328380583,0.0002030100004049018,0.8835366290004458,0.05697400494540261,0.005703809991246089,0.01880349000566639,0.006640694551322213,0.0006860190042061731,0,0,0,,,,,1,0.625,0,160
283,26342.026856397,1787540286.5497837,0.84375,0,63.83807420730591,0,0,0,0,0.20036448538303375,0,1.0270109176635742,0.9906507730484009,0.943699836730957,0,0,0.011106660589575768,0,1,0,0,0,0.00945119559764862,0,1.0000056028366089,0.4967613220214844,0,1,6.9375,40.625,0.010285175221175662,0,0,1410.375,0,16.82503420962147,0.3088883839043111,0.5340256340793667,2960.03125,0.7937231660694961,1103.78125,0.32038890570402145,0.6724465042933655,3786.34375,0.8845234018458659,1241.03125,0.36916291527450085,0.010239967727925566,0.3865410522554623,2244,0.7477046754903265,1067.4375,2.283336043357849,0,0,1.4231733601390741,0.687897684852323,0,15.5041698159183,0.3206581493607765,,,,,,,,,,,,,,,,0,357,762,117.3046875,176.1484375,48,48,4096,4096,4096,7.746059078999679,10.264092632001848,,,,,,,,,0,0,0,0,0,1,,,,0,1.705031394958496,0.9998986124992371,,,,,,0.5335836410522461,0.013803385198116302,0.1766965389251709,0.006045523565262556,0.9975950717926025,,,,,,,,,,,,,0.00913612000294961,0.0018146993400591782,0.00025410999660380185,0.8707863099989481,0.07327914094133803,0.0066037299984600395,0.014542559001711197,0.003672638991815802,0.0005078599933767691,0,0,0,,,,,1,0.84375,0,216
284,26430.398470362,1787540377.2344718,0.5546875,2.6020852139652106e-18,75.69431948661804,0,0,0,0,0.2207411229610443,0,1.0210285186767578,0.9951605796813965,0.925175666809082,0,0,0.008576108142733574,0,1,0,0,0,0.004922368563711643,0,0.9998539686203003,0.5932512283325195,0,1,6.96875,17.71875,0.006039977832747429,0,0,938.4375,0,2.494307944777826,0.5003647700139682,0.5443982025044656,2016.625,0.8069571756695891,750.78125,0.32031236216425896,0.6722092620875066,2523.25,0.8911727023559264,833.53125,0.3891866970807314,0.006443375357718765,0.3682372354066707,1428.6875,0.7307566514721557,695.8125,1.2656317949295044,0,0,1.368510402542885,0.7131686074750014,0,2.37169195078389,0.5280738772724045,,,,,,,,,,,,,,,,0,456,1249,192.12890625,385.0078125,50,50,4096,4096,4096,9.596692664999864,11.112512912004604,,,,,,,,,0.1428571428571429,-1,0.09449111825230681,0,0,1,,,,0,1.9124469757080078,1.0000969171524048,,,,,,0.6483850479125977,0.012115675024688244,0.17134571075439453,0.005280925426632166,0.9978044629096985,,,,,,,,,,,,,0.01221535999502521,0.002346935211505752,0.00021398000535555184,0.8899407489952864,0.057509202266203374,0.0028196000057505444,0.019942370025091805,0.007271136733265848,0.0009607799875084311,0,0,0,,,,,1,0.5546875,0,142
285,26513.365414826,1787540466.0555713,0.7734375,2.6020852139652106e-18,73.75345253944397,0.02595404163002968,0.1428571492433548,-1,0.0625,0.2131829559803009,0.0009758544620126486,1.013723373413086,0.9913927912712097,0.9237799644470215,0,0,0.010539907030761242,3.144610673189163e-05,1.0000314712524414,0.019863048568367958,0.013725532218813896,0.013566533103585243,0.008716873824596405,3.144610673189163e-05,1.000018835067749,0.5448975563049316,3.144610673189163e-05,1,6.9375,45.875,0.00957381959317223,0.03125,0,1537.03125,0,6.813916906106329,0.3108462273772366,0.537395806102126,3247.9375,0.7992129401552979,1212.40625,0.3333133365958929,0.6760337538866497,4157.15625,0.8929472089787875,1365.65625,0.42922830022871494,0.008428186042689082,0.3953585088794381,2491.28125,0.7629689150730943,1182.6875,2.104868471622467,0,0,1.4490879328390753,0.6917156846389994,0,6.813761892575557,0.3155454617363553,,,,,,,,,,,,,,,,0,476,1135,169.44921875,327.203125,51,51,4096,4096,4096,9.39873854200414,11.143760060993372,,,,,,,,,0.1428571428571429,-1,0.09449111825230681,0,0,1,,,,2.3052629330777563e-05,2,0.9997527599334717,,,,,,0.7528719902038574,0.012713286094367504,0.46126747131347656,0.005667003802955151,0.9976304173469543,,,,,,,,,,,,,0.016310979990521446,0.0024797826495159825,0.00026994000654667616,1.014954044992919,0.060589824328701525,0.007078468988765962,0.02010481001343578,0.0065136494378066345,0.0006857690023025498,0,0,0,,,,,1,0.7734375,0,198
286,26601.728034466,1787540548.3556826,0.82421875,2.6020852139652106e-18,67.89025163650513,0.01955883949995041,0.1428571492433548,-1,0.0625,0.21989521384239197,0.0032359843607991934,1.0155506134033203,0.9906825423240662,0.9435338973999023,0,0,0.011583704501390457,9.160512126982212e-05,1.0000916719436646,0.012295686639845371,0.005225404165685177,0.005206698551774025,0.009428423829376698,9.160512126982212e-05,0.9997397661209106,0.4710118770599365,9.160512126982212e-05,1,7,38.875,0.010597174693181166,0.03125,0,1355.59375,0,6.957861725367815,0.33501966296530095,0.541894776431631,2900.15625,0.8052620930567851,1080.53125,0.3401678469963372,0.6735147570614664,3656.3125,0.8927891343526769,1207.4375,0.3872429486364126,0.009492899583213215,0.39290986695154095,2189.3125,0.7570095390605867,1039.28125,1.813046932220459,0.03125,0,1.4024894499924172,0.690583532605249,0,7.465156615506401,0.34036841354419545,,,,,,,,,,,,,,,,0,425,1177,137.4453125,226.921875,48,48,4096,4096,4096,8.780315732990857,11.689774352009408,,,,,,,,,0.4285714285714286,-1,0.13599594831899836,0,0,1,,,,0,1.841139793395996,0.9996506571769714,,,,,,0.6103849411010742,0.014669709838926792,0.16376447677612305,0.00631421385332942,0.9976952075958252,,,,,,,,,,,,,0.019008478993782774,0.001972646124045241,0.00022416000138036907,0.9898442160047125,0.058054988765093185,0.004062530002556741,0.021801379989483394,0.004629062320304911,0.0006513999978778884,0,0,0,,,,,1,0.82421875,0,211
287,26687.141108365,1787540637.7456686,0.76953125,3.469446951953614e-18,74.75090003013611,0.04002969339489937,0.4285714328289032,-1,0.09375,0.24026191234588623,0.0020336343441158533,1.0177898406982422,0.9954171180725098,0.9597182273864746,0,0,0.008398632518947124,0.00016384734772145748,1.0001639127731323,0.019494719803333282,0.010214526206254959,0.010191301815211773,0.004647678695619106,0.00016384734772145748,0.9995449781417847,0.592437744140625,0.00016384734772145748,1,7,26.625,0.006142351627624975,0.03125,0,1099.5625,0,3.1259447035181207,0.40617321823090624,0.5501738996989538,2399.125,0.8167427950976403,892.09375,0.3221161011606455,0.6718614599540444,2962.65625,0.8962728469820731,983.4375,0.3991912640631199,0.006103088298432332,0.3857403064104151,1749.125,0.7485017336111641,837.0625,1.5949650406837463,0,0,1.4027310937641326,0.6988045443052753,0,3.0362953037877043,0.4143625169720906,,,,,,,,,,,,,,,,0,504,1300,174.64453125,332.6796875,52,52,4096,4096,4096,9.395353490996058,10.848841390994494,,,,,,,,,0.8571428571428572,-1,0.16170330603816815,0,0,1,,,,0,1.7000446319580078,1.0003103017807007,,,,,,0.6747927665710449,0.013686281628906727,0.17669343948364258,0.005890575237572193,0.9978230595588684,,,,,,,,,,,,,0.009333369991509244,0.0019572209882880998,0.0002723399957176298,0.13077494599565398,0.05184771195689564,0.007398240006295964,0.02697758899012115,0.00638696318270604,0.0008144309977069497,0,0,0,,,,,1,0.76953125,0,197
288,26781.296955539,1787540721.8254604,0.7265625,8.673617379884035e-19,69.67994141578674,0.05039127916097641,0.8571428656578064,-1,0.125,0.23412112891674042,0.0018320624949410558,1.013397216796875,0.9925768971443176,0.9571747779846191,0,0,0.009569426067173481,0.000270688789896667,1.0002707242965698,0.0417662039399147,0.006842536851763725,0.006736719980835915,0.007500334642827511,0.000270688789896667,1.0004382133483887,0.5092611312866211,0.000270688789896667,1,6.96875,41.6875,0.008067175674805579,0.03125,0,1397.15625,0,3.5664299055561486,0.3816590195095012,0.5468717884748064,3012.0625,0.811322029758167,1121.46875,0.3295284118503332,0.6739923223424764,3771.71875,0.8969872497485691,1249.59375,0.41950318962335587,0.006090654150986038,0.3942898225036226,2277.34375,0.7598149394446854,1079.375,1.5934072136878967,0,0,1.436166161439574,0.6874991540264833,0,3.310683929052301,0.3800694149289455,,,,,,,,,,,,,,,,0,497,1261,147.66015625,258.76953125,53,53,4096,4096,4096,8.298628819989972,11.256593566009542,,,,,,,,,0.8571428571428572,-0.2857142857142857,0.08748177652797065,0,0,1,,,,0,1.6950864791870117,1.0000969171524048,,,,,,0.8141538500785828,0.014134994708001614,0.5161545276641846,0.006238259840756655,0.9974952936172485,,,,,,,,,,,,,0.018261719989823177,0.0021856894842358088,0.0001690299977781251,1.165520808994188,0.06472390871562084,0.004150320004555397,0.021833978986251168,0.004884629069806579,0.0007208900060504675,0,0,0,,,,,1,0.7265625,0,186
289,26872.816721195,1787540816.141887,0.59375,6.938893903907228e-18,80.09806060791016,0.01458495669066906,0.8571428656578064,-0.2857142984867096,0.0312500037252903,0.24214012920856476,0.0013201228575780988,1.0172653198242188,0.994610071182251,0.9432544708251953,0,0,0.008561376482248306,6.291130557656288e-05,1.0000629425048828,0.01434775348752737,-0.0023627588525414467,-0.0023033777251839638,0.005459189414978027,6.291130557656288e-05,1.000063419342041,0.44301414489746094,6.291130557656288e-05,1,6.875,30.0625,0.006458718429854901,0.03125,0,1181.28125,0,3.447357130530145,0.4583428885651378,0.5443038681914918,2538.25,0.8103296783149961,946.8125,0.3450487533118576,0.6733077897910722,3177.09375,0.8946478822448682,1052.15625,0.40838949382305145,0.00662924656841839,0.38757627314769527,1904.84375,0.7538732573593446,907.125,1.5052446126937866,0,0,1.406436425211476,0.6877313887721236,0,3.424787885551919,0.47618295104636105,,,,,,,,,,,,,,,,0,650,1318,188.01171875,341.83203125,57,57,4096,4096,4096,9.305507974000648,10.503828572997008,,,,,,,,,0.4285714285714286,-1,0.17857142857142858,0,0,1,,,,0,1.6437902450561523,0.9998219013214111,,,,,,0.6251914501190186,0.014154079370200634,0.1713259220123291,0.006157729309052229,0.9976979494094849,,,,,,,,,,,,,0.011846428998978809,0.002030841886721646,0.00024376000510528684,0.8601275200053351,0.07511289594930304,0.0046453399991150945,0.018982428999152035,0.006359112125039701,0.0007677399989916012,0,0,0,,,,,1,0.59375,0,152
290,26958.62878782,1787540906.9186826,0.63671875,3.469446951953614e-18,76.35544061660767,0.06635113805532455,0.4285714328289032,-1,0.1875,0.23889324069023132,0.001230459427461028,1.0203113555908203,0.9915874004364014,0.9265313148498535,0,0,0.010839404538273811,0.0003235291223973036,1.0003235340118408,0.04377548396587372,0.01426036935299635,0.013631004840135574,0.00852959044277668,0.0003235291223973036,0.9997585415840149,0.5351576805114746,0.0003235291223973036,1,7,49.71875,0.009751053257458937,0.03125,0,1504.09375,0,3.4749796963423187,0.2746761712381476,0.5427791293286296,3238.3125,0.8104991712166378,1209.9375,0.31519649364054203,0.6730721707357168,4056.125,0.8943248317597328,1342.34375,0.4086461812257767,0.009268277628953195,0.4061025388861551,2496.5,0.7714095903247674,1168.78125,2.1277958154678345,0,0,1.408980953417084,0.6883666334167924,0,3.4197058780798004,0.28718627466970986,,,,,,,,,,,,,,,,0,606,1306,194.51953125,363.55078125,58,58,4096,4096,4096,9.093391892005457,10.30219496000791,,,,,,,,,0.4285714285714286,-1,0.13599594831899836,0,0,1,,,,0,1.931894302368164,1.0002366304397583,,,,,,0.658501386642456,0.013851997442543507,0.23952913284301758,0.005960911978036165,0.9978201389312744,,,,,,,,,,,,,0.009674539003754035,0.002368212831697747,0.00024904000747483224,0.8603606800024863,0.0635300018712428,0.0060600089927902445,0.022005399005138315,0.006826312433986459,0.0008088800095720217,0,0,0,,,,,1,0.63671875,0,163
291,27049.802744547,1787540993.2341335,0.765625,2.168404344971009e-18,72.41597056388855,0.036577895283699036,0.4285714328289032,-1,0.09375,0.23626689612865448,0.0009354613139294088,1.0180931091308594,0.9927422404289246,0.9494962692260742,0,0,0.00958676915615797,6.526545621454716e-05,1.0000652074813843,0.034844640642404556,0.006827955599874258,0.006715377327054739,0.007338578812777996,6.526545621454716e-05,1.000466227531433,0.5628790855407715,6.526545621454716e-05,1,6.96875,50.21875,0.007859026945557656,0.03125,0,1556.15625,0,4.637903366565449,0.3221297320814709,0.5442612026387688,3366.78125,0.8088186504245494,1252.71875,0.3109693315345794,0.6704321429098221,4190.84375,0.8929377720626338,1390.46875,0.3945888374000788,0.008141707534652966,0.4041045410520907,2599.53125,0.7668410964480936,1214.125,2.1728163361549377,0,0,1.4065113883097544,0.6989868397070608,0,4.449938688179328,0.33169196991988725,,,,,,,,,,,,,,,,0,543,1257,169.30859375,316.8125,59,59,4096,4096,4096,8.465960583998822,10.121067765998305,,,,,,,,,0.2857142857142857,-1,0.12876968840942818,0,0,1,,,,0,1.7069406509399414,1.0005111694335938,,,,,,0.5347027778625488,0.014203445054590702,0.17129826545715332,0.006146757397800684,0.9978288412094116,,,,,,,,,,,,,0.00963386899093166,0.0021002555151312663,0.00018694000027608126,0.9052263280027546,0.08828447076137991,0.004036329992231913,0.0670215480204206,0.005932131325039336,0.0007686799945076928,0,0,0,,,,,1,0.765625,0,196
292,27140.792167841,1787541084.7844439,0.73828125,1.734723475976807e-18,76.8598222732544,0.03148522600531578,0.2857142984867096,-1,0.09375,0.25186386704444885,0.0016011829720810056,1.015091896057129,0.994145393371582,0.9663500785827637,0,0,0.008863699622452259,0.00022863596677780151,1.0002286434173584,0.016199633479118347,0.003395999316126108,0.0032662965822964907,0.005921781528741121,0.00022863596677780151,1.0006475448608398,0.5910739898681641,0.00022863596677780151,1,6.96875,38.71875,0.006315297865662277,0.03125,0,1354.46875,0,3.9900083226036545,0.3887861451956425,0.5494993222483041,2945.15625,0.8191383380135195,1099.3125,0.33734460920095444,0.6758314872922565,3670.9375,0.9004556971130235,1217,0.388975040987134,0.00600344503717409,0.4017016167050482,2242.5,0.768510447066179,1054.96875,1.6849334239959717,0,0,1.4518448652524534,0.7120359874190932,0,3.9634410015736696,0.4149281948708925,,,,,,,,,,,,,,,,0,621,1385,188.3046875,354.8046875,56,56,4096,4096,4096,8.879902888991637,10.67931053499342,,,,,,,,,1,-1,0.13599594831899836,0,0,1,,,,0,1.8399152755737305,1.0002002716064453,,,,,,0.638161301612854,0.01409815065562725,0.2191612720489502,0.006046931724995375,0.9978247284889221,,,,,,,,,,,,,0.06056312800501473,0.0024967690470134585,0.0002774499880615622,1.0602895030024229,0.09363693788299088,0.003112990001682192,0.062214567995397374,0.006210093219067403,0.0006588200049009174,0,0,0,,,,,1,0.73828125,0,189
293,27228.065665815,1787541175.916375,0.703125,1.734723475976807e-18,76.72019934654236,0.039005424827337265,1,-1,0.09375,0.23989638686180115,0.0022688342723995447,1.015523910522461,0.9926347732543945,0.944460391998291,0,0,0.009355531074106693,0.0003374614752829075,1.0003376007080078,0.02187265083193779,-0.007890456356108189,-0.007356293499469757,0.007451364770531654,0.0003374614752829075,1.0003572702407837,0.528261661529541,0.0003374614752829075,1,7,44.4375,0.008099863882484739,0.03125,0,1506.4375,0,3.874822413155827,0.3189923360249908,0.5434018586725164,3250.25,0.8104136852875153,1213.3125,0.3208339512348175,0.6722484223442531,4069.84375,0.8946848962146517,1346.53125,0.40584690123796463,0.007275922281965162,0.4040790623806644,2501.875,0.7672340060014127,1172.15625,1.7348857522010803,0,0,1.434273710005123,0.6955196428732022,0,3.775593651936332,0.3355942083718698,,,,,,,,,,,,,,,,0,543,1244,192.21484375,376.55859375,62,62,4096,4096,4096,9.248953775997506,10.544554389998666,,,,,,,,,0.4285714285714286,-1,0.11845088536983571,0,0,1,,,,0,1.6977119445800781,1.0001252889633179,,,,,,0.8286048173904419,0.013407506048679352,0.5295920372009277,0.005838837940245867,0.9977735280990601,,,,,,,,,,,,,0.011573719995794818,0.0020818221956915295,0.00025830000231508166,0.8544578299915884,0.07477520389011261,0.0049608100089244545,0.023596969986101612,0.005884999812394653,0.0006253899919101968,0,0,0,,,,,1,0.703125,0,180
294,27318.067076366,1787541262.9983828,0.65625,0,72.10402989387512,0.024218201637268066,0.4285714328289032,-1,0.0625,0.23897533118724823,0.0015086797066032887,1.0157270431518555,0.9949686527252197,0.9577507972717285,0,0,0.007647418417036533,4.0648505091667175e-05,1.0000406503677368,0.004130329471081495,-0.0018335239728912711,-0.0018203716026619077,0.005083414260298014,4.0648505091667175e-05,1.0003812313079834,0.4366576671600342,4.0648505091667175e-05,1,6.9375,40.9375,0.005668980100396975,0.03125,0,1537.71875,0,5.571460298083235,0.34916228884578493,0.5448091781856674,3298.71875,0.8112597196647815,1230.375,0.33812507649417967,0.6737270949756224,4149.3125,0.8965127840189897,1372.28125,0.3758148644119501,0.005845632886708104,0.39871247576684776,2525.03125,0.7624270198000835,1187.1875,1.6594460010528564,0,0,1.4067516243401363,0.687836904422319,0,5.262023158612193,0.3574175213016499,,,,,,,,,,,,,,,,0,560,1220,170.6015625,286.5390625,51,51,4096,4096,4096,8.89307528801146,11.162827399006346,,,,,,,,,0,0,0,0,0,1,,,,0,1.8411359786987305,0.9999943971633911,,,,,,7.795020580291748,0.014448952861130238,0.938007652759552,0.006180918775498867,0.9975799918174744,,,,,,,,,,,,,0.009735569008626044,0.0020625490313364025,0.00020963999850209802,1.0747141119936714,0.08439895922282403,0.0071027099911589175,0.015600838989485055,0.0053106545119021575,0.0007034199952613562,0,0,0,,,,,1,0.65625,0,168
295,27408.695488553,1787541352.8021162,0.640625,1.734723475976807e-18,75.7590479850769,0,0,0,0,0.24639678001403809,0,1.015127182006836,0.992911159992218,0.9482765197753906,0,0,0.009642885997891426,0,1,0,0,0,0.007173908408731222,0,1.0000213384628296,0.00041178055107593536,0,1,6.9375,36.09375,0.008340506506231603,0,0,1364.8125,0,3.0243285053172424,0.38004343488104286,0.543743592089924,2926.40625,0.8082143973766214,1089.9375,0.5596974641084671,0.6695291399901324,3659.34375,0.8915556046881074,1211.9375,0.41097352653741837,0.007706650761115676,0.39780297106898854,2226.625,0.7587425261119649,1046.8125,1.4776379466056824,0,0,1.4169154659874017,0.6729151432252455,0,2.9139886523725864,0.388259863576642,,,,,,,,,,,,,,,,0,606,1308,183.4296875,344.32421875,56,56,4096,4096,4096,8.980872346000979,10.883633309000288,,,,,,,,,0.4285714285714286,-1,0.11845088536983571,0,0,1,,,,0,1.606013298034668,0.9996685981750488,,,,,,0.7046041488647461,0.013826030306518078,0.17134547233581543,0.005972044076770544,0.9978457689285278,,,,,,,,,,,,,0.011045488994568586,0.0020542626057249436,0.0001770000089891255,0.8566760309913661,0.07178054355063068,0.005149339995114133,0.05829135800013319,0.005989890632065453,0.0006224499957170337,0,0,0,,,,,1,0.640625,0,164
296,27493.814649972,1787541442.7670028,0.6015625,3.469446951953614e-18,76.57902574539185,0.024897288531064987,0.4285714328289032,-1,0.0625000074505806,0.24669912457466125,0.0007947257254272699,1.0171899795532227,0.9950857162475586,0.9579792022705078,0,0,0.007621639873832464,8.43715388327837e-05,1.000084400177002,0.011770717799663544,0.000959894503466785,0.0009363227291032672,0.004967585206031799,8.43715388327837e-05,0.9996124505996704,0.4943044185638428,8.43715388327837e-05,1,6.9375,39.5,0.006308677323773288,0.03125,0,1467.4375,0,4.294314554860719,0.3920355967806815,0.5484061079794973,3184.53125,0.8154368902947082,1185.03125,0.3365055341273546,0.67436229194387,3974.34375,0.8967923192526224,1314.25,0.40332042425870895,0.0054073240081480125,0.3981592094148266,2410.25,0.7609815571505449,1135.71875,1.4686037302017212,0,0,1.385156383415206,0.6902769263661617,0,4.09080359031209,0.4003073361277873,,,,,,,,,,,,,,,,0,588,1384,183.640625,358.48828125,67,67,4096,4096,4096,8.924098196992418,10.770766991990968,,,,,,,,,0.8571428571428572,-1,0.17857142857142858,0,0,1,,,,0,1.8330535888671875,1.0001848936080933,,,,,,0.8541734218597412,0.014265423640608788,0.22188901901245117,0.006145996507257223,0.9978623390197754,,,,,,,,,,,,,0.009136009000940248,0.00201915487508586,0.00023902999237179756,0.8659316999983275,0.06046630577355927,0.005311419008648954,0.02784966900071595,0.0053778237614778845,0.0004618599923560396,0,0,0,,,,,1,0.6015625,0,154
297,27583.073636276,1787541528.7199762,0.78125,0,71.74024295806885,0.06532156467437744,0.8571428656578064,-1,0.125,0.2548968195915222,0.001981842564418912,1.0138778686523438,0.9921728372573853,0.9493904113769531,0,0,0.009605944156646729,0.0002448935993015766,1.0002449750900269,0.043194711208343506,-0.0012459675781428814,-0.0012689144350588322,0.00791868008673191,0.0002448935993015766,1.000291347503662,0.42563486099243164,0.0002448935993015766,1,6.96875,39.8125,0.008623798965193776,0.03125,0,1469.125,0,3.659635547558684,0.31976222076690897,0.5500929793040232,3193.90625,0.8186900110739113,1189.15625,0.33363568410277367,0.6780424006169021,3984.875,0.9023051096391176,1320.375,0.40116824582219124,0.008694626032409421,0.40730298708088347,2433.71875,0.7705191210890776,1140.15625,1.9353504180908203,0,0,1.4235803683386092,0.7023501124315844,0,3.0255297493132245,0.33087326198769273,,,,,,,,,,,,,,,,0,456,1116,179.58203125,324.84765625,63,63,4096,4096,4096,9.083441712005879,10.249616490997141,,,,,,,,,0,0,0,0,0,1,,,,0,1.6564455032348633,0.9995108842849731,,,,,,0.533381462097168,0.014327079989016056,0.17669463157653809,0.006183637771755457,0.9977993369102478,,,,,,,,,,,,,0.009853438998106867,0.0019582949996106436,0.00022888000239618123,0.8586950699973386,0.05988833871111865,0.003463689994532615,0.01812749999226071,0.005444076136882359,0.0007666110032005236,0,0,0,,,,,1,0.78125,0,200
298,27675.824999781,1787541618.0089552,0.74609375,3.0357660829594124e-18,75.0808937549591,0,0,0,0,0.2466176599264145,0,1.0213890075683594,0.9930518865585327,0.9303011894226074,0,0,0.009464563801884651,0,1,0,0,0,0.00703938165679574,0,0.9994311332702637,0.5866165161132812,0,1,6.96875,37,0.008577878961465864,0,0,1436.65625,0,3.316878464957423,0.31957937131291986,0.5501659582815979,3146.875,0.8202735984677766,1172.59375,0.3119124062359333,0.6746743265423877,3900.84375,0.9002943238874164,1294.6875,0.3792911767959595,0.009065918065564628,0.4036369512386194,2383.1875,0.7685353343336707,1120.125,2.1745187640190125,0,0,1.4130516525797892,0.6947051799293731,0,3.4529124115337044,0.3299694170132397,,,,,,,,,,,,,,,,0,593,1336,174.6484375,310.53515625,53,53,4096,4096,4096,8.977874085991061,10.796923971996875,,,,,,,,,1,-1,0.11572751247156894,0,0,1,,,,0,1.7752399444580078,1.0000194311141968,,,,,,1.1587085723876953,0.015873979777097702,0.48675525188446045,0.006695052143186331,0.9977309107780457,,,,,,,,,,,,,0.011101190000772476,0.002299702737843745,0.00020091999613214284,0.8922884579951642,0.0746617620387724,0.008841239003231749,0.017427079001208767,0.005284421652902438,0.0007396090077236295,0,0,0,,,,,1,0.74609375,0,191
299,28143.957064225,1787541714.8642616,0.73828125,3.903127820947816e-18,82.64908385276794,0.03670015186071396,1,-1,0.09375,0.25890496373176575,0.0014732303097844124,1.0151872634887695,0.9922217130661011,0.9481353759765625,0,0,0.01042512059211731,5.0136586651206017e-05,1.0000501871109009,0.03471563756465912,0.010619405657052994,0.010237769223749638,0.00789015181362629,5.0136586651206017e-05,1.0000784397125244,0.3138911724090576,5.0136586651206017e-05,1,6.96875,44.1875,0.008956679728271279,0.03125,0,1397.1875,0,12.770018551067043,0.33188554957826943,0.5518199110757482,3065.34375,0.8212694068356832,1141.65625,0.37219843454658985,0.6761567841683322,3791.40625,0.902280447567909,1261.0625,0.3874822296202183,0.01067973601795106,0.4055177358690701,2343.8125,0.7688306205054424,1091.375,2.5016039609909058,0,0,1.464747648673924,0.6801450181819032,0,12.704897712813466,0.3446732266732927,,,,,,,,,,,,,,,,0,703,1499,194.203125,349.140625,56,56,4096,4096,4096,9.204066328005865,10.97316915600095,,,,,,,,,0.1428571428571429,-1,0.11572751247156894,0,0,1,,,,0,1.6779232025146484,0.9996455907821655,,,,,,0.5323963165283203,0.01435830257833004,0.17134499549865723,0.006115524098277092,0.9978565573692322,,,,,,,,,,,,,0.009330649001640268,0.002037328120422899,0.00022452999837696552,0.7935919430019567,0.05642126800813685,0.008839938993332908,0.06846098700771108,0.005974319788776938,0.0006460599979618564,0,0,0,,,,,1,0.73828125,0,189
300,28146.905112452,1787542168.5213747,,,,0.03135962784290314,0.1428571492433548,-1,0.09375,0.2546543776988983,0.001257824245840311,1.0227432250976562,0.9913641214370728,0.9225201606750488,0,0,0.011675253510475159,0.00020365347154438496,1.0002037286758423,0.016156021505594254,0.010607949458062649,0.010480105876922607,0.00878828577697277,0.00020365347154438496,0.9994441270828247,0.5871944427490234,0.00020365347154438496,1,6.96875,47.03125,0.010385019937988496,0.03125,0,1553.625,0,3.8255826001417885,0.3600257369661136,0.5530503714911734,3401.46875,0.8213288726179305,1264.5625,0.3199748285114765,0.6765193792545563,4223.34375,0.9021158718982515,1400.40625,0.42912768945097923,0.010286399779279464,0.4059847067009828,2594.8125,0.7708238143886786,1215.59375,1.912039339542389,0,0,1.4307937508277133,0.691028604914947,0,3.7260172282155217,0.35944500984841954,800,300,0.6112499833106995,0.61125,449.918061371005,0,873,1408,201.0262451171875,372.94375,52,52,4096,4096,4096,,,,,,,,,,,1.8521561218395073,11.073221332000685,0.8571428571428572,2.7755575615628915e-18,-1,0.03315941832533245,0.55,0.37,0.08,0.61125,,,,,,,0,1.981405258178711,0.9998512822389602,,,,1.2142119407653809,0.01667610937729478,0.4344801902770996,0.007080547919031233,0.9976823008060456,,,,,,34.786504513002,0.8830379340363106,0.00027023999427910894,31.727253720004228,2.704214295362635,0.000850569995236583,9.61327170599543,0.8969548130225303,0.0008749109983909875,0,0,0,,,,,,,,,,,,,1,0.61125,0,4.89,,,,
