[1/4] extracting stock tpu_inference (mode=path)
      path=/usr/local/lib/python3.12/site-packages/tpu_inference
[2/4] applying patches
[3/4] laying down the shim chain (model=qwen1p7b)
[4/4] verifying against MANIFEST.sha256
      all 36 files match (qwen1p7b)

Installed to: /tmp/p33-qwen1p7b.0v3qfe   (model=qwen1p7b)

Container mounts -- target paths are under the engine's tpu_inference package
($SP, /usr/local/lib/python3.12/site-packages/tpu_inference on the anchored image):

  $OUT/attn_iface_patched.py   -> $SP/layers/common/attention_interface.py
  $OUT/linear_p22xk.py         -> $SP/layers/jax/linear.py
  $OUT/embed_patched.py        -> $SP/layers/jax/embed.py
  $OUT/tpu_runner_p21_l30.py   -> $SP/runner/tpu_runner.py
  $OUT/qwen3_p22xk.py          -> $SP/models/jax/qwen3.py
  $OUT/qwen2_p22xk.py          -> $SP/models/jax/qwen2.py

  PYTHONPATH=/tmp/p33-qwen1p7b.0v3qfe:$PYTHONPATH
  CANON_SHIM_ROOT=/tmp/p33-qwen1p7b.0v3qfe          # optional; defaults to each shim's own directory

Under Kubernetes there are no bind mounts: copy the six files over the target paths instead
(cluster/steps/40_overlay_engine.sh does exactly that).

The canonical switch set is in README.md.  A launch missing any of it is not a canonical run,
and the only proof that the intervention took is the [PATHTRACE] lines -- never the exit code.
WARNING 08-25 00:01:54 [tpu_platform.py:408] Pin memory is not supported on TPU.
INFO 08-25 00:01:59 [importing.py:53] Triton is installed but 0 active driver(s) found (expected 1). Disabling Triton to prevent runtime errors.
WARNING 08-25 00:01:59 [importing.py:73] Triton is installed, but `triton.backends` could not be imported. Disabling Triton.
INFO 08-25 00:01:59 [importing.py:88] Triton not installed or not compatible; certain GPU-related functions will not be available.
ERROR 08-25 00:02:00 [tpu_info.py:91] Failed to detect number of TPUs: [Errno 2] No such file or directory: '/dev/vfio'
INFO 08-25 00:02:00 [__init__.py:76] TPU info: node_name=aaron-v5p-node6 | tpu_type=v5p-8 | worker_id=0 | num_chips=0 | num_cores_per_chip=2
P38_FIXED_LM_HEAD_EXACT_IMAGE_PASS chain=linear_p22xk model=qwen1p7b tp=4 K=2048 request_M=8,16,32,64,128,256 learner_M=4096 fixed_M=256 local_N=37984 fixed_N=38144 endpoint=tied_embed
ERROR 08-25 00:02:03 [tpu_info.py:91] Failed to detect number of TPUs: [Errno 2] No such file or directory: '/dev/vfio'
INFO 08-25 00:02:03 [__init__.py:76] TPU info: node_name=aaron-v5p-node6 | tpu_type=v5p-8 | worker_id=0 | num_chips=0 | num_cores_per_chip=2
WARNING 08-25 00:02:03 [tpu_platform.py:408] Pin memory is not supported on TPU.
/usr/local/lib/python3.12/site-packages/tpu_info/device.py:33: DeprecationWarning: In 3.13 classes created inside an enum will not become a member.  Use the `member` decorator to keep the current behavior.
  class Info(typing.NamedTuple):
INFO 08-25 00:02:09 [importing.py:53] Triton is installed but 0 active driver(s) found (expected 1). Disabling Triton to prevent runtime errors.
WARNING 08-25 00:02:09 [importing.py:73] Triton is installed, but `triton.backends` could not be imported. Disabling Triton.
INFO 08-25 00:02:09 [importing.py:88] Triton not installed or not compatible; certain GPU-related functions will not be available.
WARNING 08-25 00:02:09 [interface.py:368] Failed to import from vllm._C: ModuleNotFoundError("No module named 'vllm._C'")
/usr/local/lib/python3.12/site-packages/flax/nnx/variablelib.py:324: DeprecationWarning: jax.core.Effect is deprecated. Use jax.extend.core.Effect.
  class VariableEffect(jax.core.Effect): ...
WARNING 08-25 00:02:11 [interface.py:368] Failed to import from vllm._C: ModuleNotFoundError("No module named 'vllm._C'")
WARNING 08-25 00:02:11 [interface.py:368] Failed to import from vllm._C: ModuleNotFoundError("No module named 'vllm._C'")
WARNING 08-25 00:02:11 [interface.py:368] Failed to import from vllm._C: ModuleNotFoundError("No module named 'vllm._C'")
INFO 08-25 00:02:12 [__init__.py:112] Registered model loader `<class 'tpu_inference.models.jax.utils.weight_utils.JaxDummyModelLoader'>` with load format `jax_dummy`
INFO 08-25 00:02:12 [attention_interface.py:56] Using default RPA kernel
/usr/local/lib/python3.12/site-packages/torch/jit/_script.py:362: DeprecationWarning: `torch.jit.script_method` is deprecated. Please switch to `torch.compile` or `torch.export`.
  warnings.warn(
INFO 08-25 00:02:12 [__init__.py:112] Registered model loader `<class 'tpu_inference.models.common.pathways_dummy_loader.PathwaysDummyModelLoader'>` with load format `pathways_dummy`
INFO 08-25 00:02:12 [__init__.py:112] Registered model loader `<class 'tpu_inference.models.vllm.vllm_model_loader.IncrementalModelLoader'>` with load format `tpu_streaming_loader`
WARNING 08-25 00:02:12 [__init__.py:101] Load format `runai_streamer` is already registered, and will be overwritten by the new loader class `<class 'tpu_inference.models.vllm.vllm_model_loader.RunaiIncrementalModelLoader'>`.
INFO 08-25 00:02:12 [__init__.py:112] Registered model loader `<class 'tpu_inference.models.vllm.vllm_model_loader.RunaiIncrementalModelLoader'>` with load format `runai_streamer`
[CANON_P38_SERVING_CAPTURE_INIT] enabled=1 max_calls=4 min_prefix=1536 prefix_bounds=(1536, 1664, 1792, 1920, 2048) expected_path=standard module=/tmp/p33-qwen1p7b.0v3qfe/tpu_runner_p21_l30.py
..[CANON_P38_INCIDENT_LEDGER] record=1 call=1 requests=1 bytes=11023
.....[CANON_P38_KV_OBSERVER_CANDIDATE] round=2 request=candidate-a call=4223 prefix=2209
..........[CANON_P38_REQUEST_JOURNAL] record=1 request=request-a prefix=1600 stratum=0 dp=0
.................
----------------------------------------------------------------------
Ran 34 tests in 14.329s

OK
[1/4] extracting stock tpu_inference (mode=path)
      path=/usr/local/lib/python3.12/site-packages/tpu_inference
[2/4] applying patches
[3/4] laying down the shim chain (model=qwen8b)
[4/4] verifying against MANIFEST.sha256
      all 36 files match (qwen8b)

Installed to: /tmp/p33-qwen8b.K8kfRL   (model=qwen8b)

Container mounts -- target paths are under the engine's tpu_inference package
($SP, /usr/local/lib/python3.12/site-packages/tpu_inference on the anchored image):

  $OUT/attn_iface_patched.py   -> $SP/layers/common/attention_interface.py
  $OUT/linear_p22xk.py         -> $SP/layers/jax/linear.py
  $OUT/embed_patched.py        -> $SP/layers/jax/embed.py
  $OUT/tpu_runner_p21_l30.py   -> $SP/runner/tpu_runner.py
  $OUT/qwen3_p22xk.py          -> $SP/models/jax/qwen3.py
  $OUT/qwen2_p22xk.py          -> $SP/models/jax/qwen2.py

  PYTHONPATH=/tmp/p33-qwen8b.K8kfRL:$PYTHONPATH
  CANON_SHIM_ROOT=/tmp/p33-qwen8b.K8kfRL          # optional; defaults to each shim's own directory

Under Kubernetes there are no bind mounts: copy the six files over the target paths instead
(cluster/steps/40_overlay_engine.sh does exactly that).

The canonical switch set is in README.md.  A launch missing any of it is not a canonical run,
and the only proof that the intervention took is the [PATHTRACE] lines -- never the exit code.
WARNING 08-25 00:02:21 [tpu_platform.py:408] Pin memory is not supported on TPU.
INFO 08-25 00:02:27 [importing.py:53] Triton is installed but 0 active driver(s) found (expected 1). Disabling Triton to prevent runtime errors.
WARNING 08-25 00:02:27 [importing.py:73] Triton is installed, but `triton.backends` could not be imported. Disabling Triton.
INFO 08-25 00:02:27 [importing.py:88] Triton not installed or not compatible; certain GPU-related functions will not be available.
ERROR 08-25 00:02:27 [tpu_info.py:91] Failed to detect number of TPUs: [Errno 2] No such file or directory: '/dev/vfio'
INFO 08-25 00:02:27 [__init__.py:76] TPU info: node_name=aaron-v5p-node6 | tpu_type=v5p-8 | worker_id=0 | num_chips=0 | num_cores_per_chip=2
P38_FIXED_LM_HEAD_EXACT_IMAGE_PASS chain=linear_p22xk model=qwen8b tp=4 K=4096 request_M=8,16,32,64,128,256 learner_M=4096 fixed_M=256 local_N=37984 fixed_N=38144 endpoint=untied_lm_head
ERROR 08-25 00:02:31 [tpu_info.py:91] Failed to detect number of TPUs: [Errno 2] No such file or directory: '/dev/vfio'
INFO 08-25 00:02:31 [__init__.py:76] TPU info: node_name=aaron-v5p-node6 | tpu_type=v5p-8 | worker_id=0 | num_chips=0 | num_cores_per_chip=2
WARNING 08-25 00:02:31 [tpu_platform.py:408] Pin memory is not supported on TPU.
/usr/local/lib/python3.12/site-packages/tpu_info/device.py:33: DeprecationWarning: In 3.13 classes created inside an enum will not become a member.  Use the `member` decorator to keep the current behavior.
  class Info(typing.NamedTuple):
INFO 08-25 00:02:37 [importing.py:53] Triton is installed but 0 active driver(s) found (expected 1). Disabling Triton to prevent runtime errors.
WARNING 08-25 00:02:37 [importing.py:73] Triton is installed, but `triton.backends` could not be imported. Disabling Triton.
INFO 08-25 00:02:37 [importing.py:88] Triton not installed or not compatible; certain GPU-related functions will not be available.
WARNING 08-25 00:02:37 [interface.py:368] Failed to import from vllm._C: ModuleNotFoundError("No module named 'vllm._C'")
/usr/local/lib/python3.12/site-packages/flax/nnx/variablelib.py:324: DeprecationWarning: jax.core.Effect is deprecated. Use jax.extend.core.Effect.
  class VariableEffect(jax.core.Effect): ...
WARNING 08-25 00:02:39 [interface.py:368] Failed to import from vllm._C: ModuleNotFoundError("No module named 'vllm._C'")
WARNING 08-25 00:02:39 [interface.py:368] Failed to import from vllm._C: ModuleNotFoundError("No module named 'vllm._C'")
WARNING 08-25 00:02:39 [interface.py:368] Failed to import from vllm._C: ModuleNotFoundError("No module named 'vllm._C'")
INFO 08-25 00:02:39 [__init__.py:112] Registered model loader `<class 'tpu_inference.models.jax.utils.weight_utils.JaxDummyModelLoader'>` with load format `jax_dummy`
INFO 08-25 00:02:39 [attention_interface.py:56] Using default RPA kernel
/usr/local/lib/python3.12/site-packages/torch/jit/_script.py:362: DeprecationWarning: `torch.jit.script_method` is deprecated. Please switch to `torch.compile` or `torch.export`.
  warnings.warn(
INFO 08-25 00:02:39 [__init__.py:112] Registered model loader `<class 'tpu_inference.models.common.pathways_dummy_loader.PathwaysDummyModelLoader'>` with load format `pathways_dummy`
INFO 08-25 00:02:39 [__init__.py:112] Registered model loader `<class 'tpu_inference.models.vllm.vllm_model_loader.IncrementalModelLoader'>` with load format `tpu_streaming_loader`
WARNING 08-25 00:02:39 [__init__.py:101] Load format `runai_streamer` is already registered, and will be overwritten by the new loader class `<class 'tpu_inference.models.vllm.vllm_model_loader.RunaiIncrementalModelLoader'>`.
INFO 08-25 00:02:39 [__init__.py:112] Registered model loader `<class 'tpu_inference.models.vllm.vllm_model_loader.RunaiIncrementalModelLoader'>` with load format `runai_streamer`
[CANON_P38_SERVING_CAPTURE_INIT] enabled=1 max_calls=4 min_prefix=1536 prefix_bounds=(1536, 1664, 1792, 1920, 2048) expected_path=standard module=/tmp/p33-qwen8b.K8kfRL/tpu_runner_p21_l30.py
..[CANON_P38_INCIDENT_LEDGER] record=1 call=1 requests=1 bytes=11023
.....[CANON_P38_KV_OBSERVER_CANDIDATE] round=2 request=candidate-a call=4223 prefix=2209
..........[CANON_P38_REQUEST_JOURNAL] record=1 request=request-a prefix=1600 stratum=0 dp=0
.................
----------------------------------------------------------------------
Ran 34 tests in 13.953s

OK
P33_EXACT_IMAGE_PASS decode_chunk_cases=5 prompt_chunk_cases=5 runner_tests_per_overlay=34 overlays=2
P45_EXACT_IMAGE image_ref=sha256:418dc632edd8ff990e8880df6a5ca82369f6c4d705e16152c1ee6f9708d5e53a image_id=sha256:418dc632edd8ff990e8880df6a5ca82369f6c4d705e16152c1ee6f9708d5e53a
[1/4] extracting stock tpu_inference (mode=path)
      path=/usr/local/lib/python3.12/site-packages/tpu_inference
[2/4] applying patches
[3/4] laying down the shim chain (model=qwen8b_tp8)
[4/4] verifying against MANIFEST.sha256
      all 36 files match (qwen8b_tp8)

Installed to: /tmp/p45-qwen8b-tp8.MUKQMf   (model=qwen8b_tp8)

Container mounts -- target paths are under the engine's tpu_inference package
($SP, /usr/local/lib/python3.12/site-packages/tpu_inference on the anchored image):

  $OUT/attn_iface_patched.py   -> $SP/layers/common/attention_interface.py
  $OUT/linear_p22xk.py         -> $SP/layers/jax/linear.py
  $OUT/embed_patched.py        -> $SP/layers/jax/embed.py
  $OUT/tpu_runner_p21_l30.py   -> $SP/runner/tpu_runner.py
  $OUT/qwen3_p22xk.py          -> $SP/models/jax/qwen3.py
  $OUT/qwen2_p22xk.py          -> $SP/models/jax/qwen2.py

  PYTHONPATH=/tmp/p45-qwen8b-tp8.MUKQMf:$PYTHONPATH
  CANON_SHIM_ROOT=/tmp/p45-qwen8b-tp8.MUKQMf          # optional; defaults to each shim's own directory

Under Kubernetes there are no bind mounts: copy the six files over the target paths instead
(cluster/steps/40_overlay_engine.sh does exactly that).

The canonical switch set is in README.md.  A launch missing any of it is not a canonical run,
and the only proof that the intervention took is the [PATHTRACE] lines -- never the exit code.
.............................................................................[P33.JOBSET] RENDERED key=gsm8k-alignment-short path=/tmp/tmpfrgikbiv/jobset-p33-gsm8k-alignment-short.yaml
[P33.JOBSET] RENDERED key=frozenlake-alignment-short path=/tmp/tmpfrgikbiv/jobset-p33-frozenlake-alignment-short.yaml
[P33.JOBSET] RENDERED key=frozenlake-backward-no-commit path=/tmp/tmpfrgikbiv/jobset-p33-frozenlake-backward-no-commit.yaml
[P33.JOBSET] RENDERED key=gsm8k-full path=/tmp/tmpfrgikbiv/jobset-p33-gsm8k-full.yaml
[P33.JOBSET] RENDERED key=frozenlake-full path=/tmp/tmpfrgikbiv/jobset-p33-frozenlake-full.yaml
[P33.JOBSET] RENDERED key=frozenlake-full-eval path=/tmp/tmpfrgikbiv/jobset-p33-frozenlake-full-eval.yaml
..[P33.JOBSET] RENDERED key=gsm8k-alignment-short path=/tmp/tmp1qtj5gws/jobset-p33-gsm8k-alignment-short.yaml
[P33.JOBSET] RENDERED key=frozenlake-alignment-short path=/tmp/tmp1qtj5gws/jobset-p33-frozenlake-alignment-short.yaml
[P33.JOBSET] RENDERED key=frozenlake-backward-no-commit path=/tmp/tmp1qtj5gws/jobset-p33-frozenlake-backward-no-commit.yaml
[P33.JOBSET] RENDERED key=gsm8k-full path=/tmp/tmp1qtj5gws/jobset-p33-gsm8k-full.yaml
[P33.JOBSET] RENDERED key=frozenlake-full path=/tmp/tmp1qtj5gws/jobset-p33-frozenlake-full.yaml
[P33.JOBSET] RENDERED key=frozenlake-full-eval path=/tmp/tmp1qtj5gws/jobset-p33-frozenlake-full-eval.yaml
..[P33.JOBSET] RENDERED key=gsm8k-alignment-short path=/tmp/tmp3cijrpli/jobset-p33-gsm8k-alignment-short.yaml
[P33.JOBSET] RENDERED key=frozenlake-alignment-short path=/tmp/tmp3cijrpli/jobset-p33-frozenlake-alignment-short.yaml
[P33.JOBSET] RENDERED key=frozenlake-backward-no-commit path=/tmp/tmp3cijrpli/jobset-p33-frozenlake-backward-no-commit.yaml
[P33.JOBSET] RENDERED key=gsm8k-full path=/tmp/tmp3cijrpli/jobset-p33-gsm8k-full.yaml
[P33.JOBSET] RENDERED key=frozenlake-full path=/tmp/tmp3cijrpli/jobset-p33-frozenlake-full.yaml
[P33.JOBSET] RENDERED key=frozenlake-full-eval path=/tmp/tmp3cijrpli/jobset-p33-frozenlake-full-eval.yaml
........[P33.JOBSET] RENDERED key=gsm8k-alignment-short path=/tmp/tmp10eco6df/jobset-p33-gsm8k-alignment-short.yaml
[P33.JOBSET] RENDERED key=frozenlake-alignment-short path=/tmp/tmp10eco6df/jobset-p33-frozenlake-alignment-short.yaml
[P33.JOBSET] RENDERED key=frozenlake-backward-no-commit path=/tmp/tmp10eco6df/jobset-p33-frozenlake-backward-no-commit.yaml
[P33.JOBSET] RENDERED key=gsm8k-full path=/tmp/tmp10eco6df/jobset-p33-gsm8k-full.yaml
[P33.JOBSET] RENDERED key=frozenlake-full path=/tmp/tmp10eco6df/jobset-p33-frozenlake-full.yaml
[P33.JOBSET] RENDERED key=frozenlake-full-eval path=/tmp/tmp10eco6df/jobset-p33-frozenlake-full-eval.yaml
.[P33.JOBSET] RENDERED key=gsm8k-alignment-short path=/tmp/tmp6xch94l9/jobset-p33-gsm8k-alignment-short.yaml
[P33.JOBSET] RENDERED key=frozenlake-alignment-short path=/tmp/tmp6xch94l9/jobset-p33-frozenlake-alignment-short.yaml
[P33.JOBSET] RENDERED key=frozenlake-backward-no-commit path=/tmp/tmp6xch94l9/jobset-p33-frozenlake-backward-no-commit.yaml
[P33.JOBSET] RENDERED key=gsm8k-full path=/tmp/tmp6xch94l9/jobset-p33-gsm8k-full.yaml
[P33.JOBSET] RENDERED key=frozenlake-full path=/tmp/tmp6xch94l9/jobset-p33-frozenlake-full.yaml
[P33.JOBSET] RENDERED key=frozenlake-full-eval path=/tmp/tmp6xch94l9/jobset-p33-frozenlake-full-eval.yaml
....................[P45.JOBSET] RENDERED key=frozenlake-full-dp8-tp8-resident path=/tmp/tmpt_kxfwc1/jobset-p45-frozenlake-full-dp8-tp8-resident.yaml
[P45.JOBSET] RENDERED key=frozenlake-full-dp8-tp8-resident-eval path=/tmp/tmpt_kxfwc1/jobset-p45-frozenlake-full-dp8-tp8-resident-eval.yaml
...[P45.JOBSET] RENDERED key=frozenlake-full-dp8-tp8-resident path=/tmp/tmpn8ded7nx/jobset-p45-frozenlake-full-dp8-tp8-resident.yaml
[P45.JOBSET] RENDERED key=frozenlake-full-dp8-tp8-resident-eval path=/tmp/tmpn8ded7nx/jobset-p45-frozenlake-full-dp8-tp8-resident-eval.yaml
.[P45.JOBSET] RENDERED key=frozenlake-full-dp8-tp8-resident path=/tmp/tmpo900mq8c/jobset-p45-frozenlake-full-dp8-tp8-resident.yaml
[P45.JOBSET] RENDERED key=frozenlake-full-dp8-tp8-resident-eval path=/tmp/tmpo900mq8c/jobset-p45-frozenlake-full-dp8-tp8-resident-eval.yaml
.......
----------------------------------------------------------------------
Ran 121 tests in 4.398s

OK
[CANON_ALIGN_PRE_JSON] {"N_action":6,"action_geometry":{"max_logical_kv_prefix_length":4,"min_logical_kv_prefix_length":2,"rows_reaching_1686":0,"valid":true},"admission_policy":{"bounded_ab_only":false,"byte_fraction_limit":null,"claim_level":"convergence-only","enabled":true,"id":"deepswe-pilot-alignment-warning-v1","max_abs_limit":null,"stage":"full","warning_boundaries":null,"warning_only":true,"workload":"deepswe"},"all_compact_filtered":false,"blocking_reds":[],"boundaries":{"S_decode_vs_S_prefill":{"byte_fraction":0.375,"differing_bytes":9,"differing_elements":6,"element_fraction":1.0,"finite":true,"first_mismatch":{"a":-0.5,"a_bits":"0xbf000000","abs_delta":0.5,"action_run_end":false,"action_run_start":true,"b":0.0,"b_bits":"0x00000000","completion_chunk_index":0,"completion_position":0,"completion_valid_length":3,"coordinate":[0,0],"differing_byte_offsets":[3],"distance_to_next_sequence_chunk":254,"logical_kv_prefix_length":2,"masked_index":0,"offset_in_action_run":0,"offset_in_sequence_chunk":2,"previous_token_is_environment":false,"prompt_length":2,"sequence_chunk_index":0,"sequence_row":0,"token_id":0,"turn_index":0,"ulp_distance":1056964609,"xor_bits":"0xbf000000"},"max_abs":0.5,"max_abs_mismatch":{"a":-0.5,"a_bits":"0xbf000000","abs_delta":0.5,"action_run_end":false,"action_run_start":true,"b":0.0,"b_bits":"0x00000000","completion_chunk_index":0,"completion_position":0,"completion_valid_length":3,"coordinate":[0,0],"differing_byte_offsets":[3],"distance_to_next_sequence_chunk":254,"logical_kv_prefix_length":2,"masked_index":0,"offset_in_action_run":0,"offset_in_sequence_chunk":2,"previous_token_is_environment":false,"prompt_length":2,"sequence_chunk_index":0,"sequence_row":0,"token_id":0,"turn_index":0,"ulp_distance":1056964609,"xor_bits":"0xbf000000"},"mismatches":[{"a":-0.5,"a_bits":"0xbf000000","abs_delta":0.5,"action_run_end":false,"action_run_start":true,"b":0.0,"b_bits":"0x00000000","completion_chunk_index":0,"completion_position":0,"completion_valid_length":3,"coordinate":[0,0],"differing_byte_offsets":[3],"distance_to_next_sequence_chunk":254,"logical_kv_prefix_length":2,"masked_index":0,"offset_in_action_run":0,"offset_in_sequence_chunk":2,"previous_token_is_environment":false,"prompt_length":2,"sequence_chunk_index":0,"sequence_row":0,"token_id":0,"turn_index":0,"ulp_distance":1056964609,"xor_bits":"0xbf000000"},{"a":-0.375,"a_bits":"0xbec00000","abs_delta":0.5,"action_run_end":false,"action_run_start":false,"b":0.125,"b_bits":"0x3e000000","completion_chunk_index":0,"completion_position":1,"completion_valid_length":3,"coordinate":[0,1],"differing_byte_offsets":[2,3],"distance_to_next_sequence_chunk":253,"logical_kv_prefix_length":3,"masked_index":1,"offset_in_action_run":1,"offset_in_sequence_chunk":3,"previous_token_is_environment":false,"prompt_length":2,"sequence_chunk_index":0,"sequence_row":0,"token_id":1,"turn_index":0,"ulp_distance":2092957697,"xor_bits":"0x80c00000"},{"a":-0.25,"a_bits":"0xbe800000","abs_delta":0.5,"action_run_end":true,"action_run_start":false,"b":0.25,"b_bits":"0x3e800000","completion_chunk_index":0,"completion_position":2,"completion_valid_length":3,"coordinate":[0,2],"differing_byte_offsets":[3],"distance_to_next_sequence_chunk":252,"logical_kv_prefix_length":4,"masked_index":2,"offset_in_action_run":2,"offset_in_sequence_chunk":4,"previous_token_is_environment":false,"prompt_length":2,"sequence_chunk_index":0,"sequence_row":0,"token_id":2,"turn_index":0,"ulp_distance":2097152001,"xor_bits":"0x80000000"},{"a":-0.125,"a_bits":"0xbe000000","abs_delta":0.5,"action_run_end":false,"action_run_start":true,"b":0.375,"b_bits":"0x3ec00000","completion_chunk_index":0,"completion_position":0,"completion_valid_length":3,"coordinate":[1,0],"differing_byte_offsets":[2,3],"distance_to_next_sequence_chunk":254,"logical_kv_prefix_length":2,"masked_index":3,"offset_in_action_run":0,"offset_in_sequence_chunk":2,"previous_token_is_environment":false,"prompt_length":2,"sequence_chunk_index":0,"sequence_row":1,"token_id":3,"turn_index":0,"ulp_distance":2092957697,"xor_bits":"0x80c00000"},{"a":0.0,"a_bits":"0x00000000","abs_delta":0.5,"action_run_end":false,"action_run_start":false,"b":0.5,"b_bits":"0x3f000000","completion_chunk_index":0,"completion_position":1,"completion_valid_length":3,"coordinate":[1,1],"differing_byte_offsets":[3],"distance_to_next_sequence_chunk":253,"logical_kv_prefix_length":3,"masked_index":4,"offset_in_action_run":1,"offset_in_sequence_chunk":3,"previous_token_is_environment":false,"prompt_length":2,"sequence_chunk_index":0,"sequence_row":1,"token_id":4,"turn_index":0,"ulp_distance":1056964608,"xor_bits":"0x3f000000"},{"a":0.125,"a_bits":"0x3e000000","abs_delta":0.5,"action_run_end":true,"action_run_start":false,"b":0.625,"b_bits":"0x3f200000","completion_chunk_index":0,"completion_position":2,"completion_valid_length":3,"coordinate":[1,2],"differing_byte_offsets":[2,3],"distance_to_next_sequence_chunk":252,"logical_kv_prefix_length":4,"masked_index":5,"offset_in_action_run":2,"offset_in_sequence_chunk":4,"previous_token_is_environment":false,"prompt_length":2,"sequence_chunk_index":0,"sequence_row":1,"token_id":5,"turn_index":0,"ulp_distance":18874368,"xor_bits":"0x01200000"}],"mismatches_truncated":false,"reported_mismatches":6,"total_bytes":24,"total_elements":6,"valid":true},"S_prefill_vs_T_old":{"byte_fraction":0.375,"differing_bytes":9,"differing_elements":6,"element_fraction":1.0,"finite":true,"first_mismatch":{"a":0.0,"a_bits":"0x00000000","abs_delta":0.25,"action_run_end":false,"action_run_start":true,"b":0.25,"b_bits":"0x3e800000","completion_chunk_index":0,"completion_position":0,"completion_valid_length":3,"coordinate":[0,0],"differing_byte_offsets":[2,3],"distance_to_next_sequence_chunk":254,"logical_kv_prefix_length":2,"masked_index":0,"offset_in_action_run":0,"offset_in_sequence_chunk":2,"previous_token_is_environment":false,"prompt_length":2,"sequence_chunk_index":0,"sequence_row":0,"token_id":0,"turn_index":0,"ulp_distance":1048576000,"xor_bits":"0x3e800000"},"max_abs":0.25,"max_abs_mismatch":{"a":0.0,"a_bits":"0x00000000","abs_delta":0.25,"action_run_end":false,"action_run_start":true,"b":0.25,"b_bits":"0x3e800000","completion_chunk_index":0,"completion_position":0,"completion_valid_length":3,"coordinate":[0,0],"differing_byte_offsets":[2,3],"distance_to_next_sequence_chunk":254,"logical_kv_prefix_length":2,"masked_index":0,"offset_in_action_run":0,"offset_in_sequence_chunk":2,"previous_token_is_environment":false,"prompt_length":2,"sequence_chunk_index":0,"sequence_row":0,"token_id":0,"turn_index":0,"ulp_distance":1048576000,"xor_bits":"0x3e800000"},"mismatches":[{"a":0.0,"a_bits":"0x00000000","abs_delta":0.25,"action_run_end":false,"action_run_start":true,"b":0.25,"b_bits":"0x3e800000","completion_chunk_index":0,"completion_position":0,"completion_valid_length":3,"coordinate":[0,0],"differing_byte_offsets":[2,3],"distance_to_next_sequence_chunk":254,"logical_kv_prefix_length":2,"masked_index":0,"offset_in_action_run":0,"offset_in_sequence_chunk":2,"previous_token_is_environment":false,"prompt_length":2,"sequence_chunk_index":0,"sequence_row":0,"token_id":0,"turn_index":0,"ulp_distance":1048576000,"xor_bits":"0x3e800000"},{"a":0.125,"a_bits":"0x3e000000","abs_delta":0.25,"action_run_end":false,"action_run_start":false,"b":0.375,"b_bits":"0x3ec00000","completion_chunk_index":0,"completion_position":1,"completion_valid_length":3,"coordinate":[0,1],"differing_byte_offsets":[2],"distance_to_next_sequence_chunk":253,"logical_kv_prefix_length":3,"masked_index":1,"offset_in_action_run":1,"offset_in_sequence_chunk":3,"previous_token_is_environment":false,"prompt_length":2,"sequence_chunk_index":0,"sequence_row":0,"token_id":1,"turn_index":0,"ulp_distance":12582912,"xor_bits":"0x00c00000"},{"a":0.25,"a_bits":"0x3e800000","abs_delta":0.25,"action_run_end":true,"action_run_start":false,"b":0.5,"b_bits":"0x3f000000","completion_chunk_index":0,"completion_position":2,"completion_valid_length":3,"coordinate":[0,2],"differing_byte_offsets":[2,3],"distance_to_next_sequence_chunk":252,"logical_kv_prefix_length":4,"masked_index":2,"offset_in_action_run":2,"offset_in_sequence_chunk":4,"previous_token_is_environment":false,"prompt_length":2,"sequence_chunk_index":0,"sequence_row":0,"token_id":2,"turn_index":0,"ulp_distance":8388608,"xor_bits":"0x01800000"},{"a":0.375,"a_bits":"0x3ec00000","abs_delta":0.25,"action_run_end":false,"action_run_start":true,"b":0.625,"b_bits":"0x3f200000","completion_chunk_index":0,"completion_position":0,"completion_valid_length":3,"coordinate":[1,0],"differing_byte_offsets":[2,3],"distance_to_next_sequence_chunk":254,"logical_kv_prefix_length":2,"masked_index":3,"offset_in_action_run":0,"offset_in_sequence_chunk":2,"previous_token_is_environment":false,"prompt_length":2,"sequence_chunk_index":0,"sequence_row":1,"token_id":3,"turn_index":0,"ulp_distance":6291456,"xor_bits":"0x01e00000"},{"a":0.5,"a_bits":"0x3f000000","abs_delta":0.25,"action_run_end":false,"action_run_start":false,"b":0.75,"b_bits":"0x3f400000","completion_chunk_index":0,"completion_position":1,"completion_valid_length":3,"coordinate":[1,1],"differing_byte_offsets":[2],"distance_to_next_sequence_chunk":253,"logical_kv_prefix_length":3,"masked_index":4,"offset_in_action_run":1,"offset_in_sequence_chunk":3,"previous_token_is_environment":false,"prompt_length":2,"sequence_chunk_index":0,"sequence_row":1,"token_id":4,"turn_index":0,"ulp_distance":4194304,"xor_bits":"0x00400000"},{"a":0.625,"a_bits":"0x3f200000","abs_delta":0.25,"action_run_end":true,"action_run_start":false,"b":0.875,"b_bits":"0x3f600000","completion_chunk_index":0,"completion_position":2,"completion_valid_length":3,"coordinate":[1,2],"differing_byte_offsets":[2],"distance_to_next_sequence_chunk":252,"logical_kv_prefix_length":4,"masked_index":5,"offset_in_action_run":2,"offset_in_sequence_chunk":4,"previous_token_is_environment":false,"prompt_length":2,"sequence_chunk_index":0,"sequence_row":1,"token_id":5,"turn_index":0,"ulp_distance":4194304,"xor_bits":"0x00400000"}],"mismatches_truncated":false,"reported_mismatches":6,"total_bytes":24,"total_elements":6,"valid":true}},"context":{"bucket":"","mesh":"","run_stage":"","source":"VllmRollout.get_prefill_rescore_logps"},"hashes":{"S_decode":"fd73817e1ac0cb56310d4f8c9cc58e566e97513da9df864be827dca81c466bf3","S_prefill":"259a2e23297810b6704586ca682a0f0497faa0a2260e08a6a30aa79b78fd621b","T_old":"ca053e853f4601e2cdd31bbfeb14f3c1512bf9806733452e12730c83e15c4559","action_mask":"dfea2964b5deedea7b1ef077de529c3959e6788bdbb3441e70c77a1ae875bb48","policy_version":"af5570f5a1810b7af78caf4bc70a660f0df51e42baf91d4de5b2328de0e83dfc","tokens":"cd9a54ed1f18bf97db08914e280ea7349e11ca2c4885a4d8052552ceba84208d"},"masked_hashes":{"S_decode":"fd73817e1ac0cb56310d4f8c9cc58e566e97513da9df864be827dca81c466bf3","S_prefill":"259a2e23297810b6704586ca682a0f0497faa0a2260e08a6a30aa79b78fd621b","T_old":"ca053e853f4601e2cdd31bbfeb14f3c1512bf9806733452e12730c83e15c4559"},"no_signal_admitted":false,"reds":["S_decode_vs_S_prefill","S_prefill_vs_T_old"],"reported_reds":[],"step":0,"timestamp":1787616180.130192,"verdict":"PASS_WITH_ALIGNMENT_WARNINGS","warning_reds":["S_decode_vs_S_prefill","S_prefill_vs_T_old"]}
[CANON_ALIGN_PRE_EVIDENCE] path=/tmp/tmpbo9q2bbx/pre.jsonl sha256=5910a463177ac285cc1d09ed216ab806923dcb2fd9a08dcbd1367ef8a1d7f9c6
[CANON_ALIGN_PRE] step=0 verdict=PASS_WITH_ALIGNMENT_WARNINGS N_action=6 bounds=[('S_decode_vs_S_prefill', 9), ('S_prefill_vs_T_old', 9)]
[CANON_ALIGN_WARNING] boundary=pre_backward step=0 warnings=['S_decode_vs_S_prefill', 'S_prefill_vs_T_old']
[CANON_ALIGN] step=0 verdict=PASS_WITH_ALIGNMENT_WARNINGS N_action=6 bounds=[('S_decode_vs_S_prefill', 9), ('S_prefill_vs_T_old', 9), ('T_old_vs_T_current', 7)] w/r/wr={'w_all_exactly_1': False, 'r_all_exactly_1': False, 'wr_all_exactly_1': False} clip=6 tis=6 grad_norm=0
[CANON_ALIGN_WARNING] boundary=post_backward step=0 warnings=['S_decode_vs_S_prefill', 'S_prefill_vs_T_old', 'T_old_vs_T_current', 'w_all_exactly_1', 'r_all_exactly_1', 'wr_all_exactly_1', 'clip_hits=6', 'tis_hits=6']
[CANON_ALIGN_PRE_JSON] {"N_action":6,"action_geometry":{"max_logical_kv_prefix_length":4,"min_logical_kv_prefix_length":2,"rows_reaching_1686":0,"valid":true},"admission_policy":{"bounded_ab_only":false,"byte_fraction_limit":null,"claim_level":"convergence-only","enabled":true,"id":"deepswe-pilot-alignment-warning-v1","max_abs_limit":null,"stage":"full","warning_boundaries":null,"warning_only":true,"workload":"deepswe"},"all_compact_filtered":false,"blocking_reds":["S_prefill_vs_T_old"],"boundaries":{"S_decode_vs_S_prefill":{"byte_fraction":0.375,"differing_bytes":9,"differing_elements":6,"element_fraction":1.0,"finite":true,"first_mismatch":{"a":-0.5,"a_bits":"0xbf000000","abs_delta":0.5,"action_run_end":false,"action_run_start":true,"b":0.0,"b_bits":"0x00000000","completion_chunk_index":0,"completion_position":0,"completion_valid_length":3,"coordinate":[0,0],"differing_byte_offsets":[3],"distance_to_next_sequence_chunk":254,"logical_kv_prefix_length":2,"masked_index":0,"offset_in_action_run":0,"offset_in_sequence_chunk":2,"previous_token_is_environment":false,"prompt_length":2,"sequence_chunk_index":0,"sequence_row":0,"token_id":0,"turn_index":0,"ulp_distance":1056964609,"xor_bits":"0xbf000000"},"max_abs":0.5,"max_abs_mismatch":{"a":-0.5,"a_bits":"0xbf000000","abs_delta":0.5,"action_run_end":false,"action_run_start":true,"b":0.0,"b_bits":"0x00000000","completion_chunk_index":0,"completion_position":0,"completion_valid_length":3,"coordinate":[0,0],"differing_byte_offsets":[3],"distance_to_next_sequence_chunk":254,"logical_kv_prefix_length":2,"masked_index":0,"offset_in_action_run":0,"offset_in_sequence_chunk":2,"previous_token_is_environment":false,"prompt_length":2,"sequence_chunk_index":0,"sequence_row":0,"token_id":0,"turn_index":0,"ulp_distance":1056964609,"xor_bits":"0xbf000000"},"mismatches":[{"a":-0.5,"a_bits":"0xbf000000","abs_delta":0.5,"action_run_end":false,"action_run_start":true,"b":0.0,"b_bits":"0x00000000","completion_chunk_index":0,"completion_position":0,"completion_valid_length":3,"coordinate":[0,0],"differing_byte_offsets":[3],"distance_to_next_sequence_chunk":254,"logical_kv_prefix_length":2,"masked_index":0,"offset_in_action_run":0,"offset_in_sequence_chunk":2,"previous_token_is_environment":false,"prompt_length":2,"sequence_chunk_index":0,"sequence_row":0,"token_id":0,"turn_index":0,"ulp_distance":1056964609,"xor_bits":"0xbf000000"},{"a":-0.375,"a_bits":"0xbec00000","abs_delta":0.5,"action_run_end":false,"action_run_start":false,"b":0.125,"b_bits":"0x3e000000","completion_chunk_index":0,"completion_position":1,"completion_valid_length":3,"coordinate":[0,1],"differing_byte_offsets":[2,3],"distance_to_next_sequence_chunk":253,"logical_kv_prefix_length":3,"masked_index":1,"offset_in_action_run":1,"offset_in_sequence_chunk":3,"previous_token_is_environment":false,"prompt_length":2,"sequence_chunk_index":0,"sequence_row":0,"token_id":1,"turn_index":0,"ulp_distance":2092957697,"xor_bits":"0x80c00000"},{"a":-0.25,"a_bits":"0xbe800000","abs_delta":0.5,"action_run_end":true,"action_run_start":false,"b":0.25,"b_bits":"0x3e800000","completion_chunk_index":0,"completion_position":2,"completion_valid_length":3,"coordinate":[0,2],"differing_byte_offsets":[3],"distance_to_next_sequence_chunk":252,"logical_kv_prefix_length":4,"masked_index":2,"offset_in_action_run":2,"offset_in_sequence_chunk":4,"previous_token_is_environment":false,"prompt_length":2,"sequence_chunk_index":0,"sequence_row":0,"token_id":2,"turn_index":0,"ulp_distance":2097152001,"xor_bits":"0x80000000"},{"a":-0.125,"a_bits":"0xbe000000","abs_delta":0.5,"action_run_end":false,"action_run_start":true,"b":0.375,"b_bits":"0x3ec00000","completion_chunk_index":0,"completion_position":0,"completion_valid_length":3,"coordinate":[1,0],"differing_byte_offsets":[2,3],"distance_to_next_sequence_chunk":254,"logical_kv_prefix_length":2,"masked_index":3,"offset_in_action_run":0,"offset_in_sequence_chunk":2,"previous_token_is_environment":false,"prompt_length":2,"sequence_chunk_index":0,"sequence_row":1,"token_id":3,"turn_index":0,"ulp_distance":2092957697,"xor_bits":"0x80c00000"},{"a":0.0,"a_bits":"0x00000000","abs_delta":0.5,"action_run_end":false,"action_run_start":false,"b":0.5,"b_bits":"0x3f000000","completion_chunk_index":0,"completion_position":1,"completion_valid_length":3,"coordinate":[1,1],"differing_byte_offsets":[3],"distance_to_next_sequence_chunk":253,"logical_kv_prefix_length":3,"masked_index":4,"offset_in_action_run":1,"offset_in_sequence_chunk":3,"previous_token_is_environment":false,"prompt_length":2,"sequence_chunk_index":0,"sequence_row":1,"token_id":4,"turn_index":0,"ulp_distance":1056964608,"xor_bits":"0x3f000000"},{"a":0.125,"a_bits":"0x3e000000","abs_delta":0.5,"action_run_end":true,"action_run_start":false,"b":0.625,"b_bits":"0x3f200000","completion_chunk_index":0,"completion_position":2,"completion_valid_length":3,"coordinate":[1,2],"differing_byte_offsets":[2,3],"distance_to_next_sequence_chunk":252,"logical_kv_prefix_length":4,"masked_index":5,"offset_in_action_run":2,"offset_in_sequence_chunk":4,"previous_token_is_environment":false,"prompt_length":2,"sequence_chunk_index":0,"sequence_row":1,"token_id":5,"turn_index":0,"ulp_distance":18874368,"xor_bits":"0x01200000"}],"mismatches_truncated":false,"reported_mismatches":6,"total_bytes":24,"total_elements":6,"valid":true},"S_prefill_vs_T_old":{"byte_fraction":0.4583333333333333,"differing_bytes":11,"differing_elements":6,"element_fraction":1.0,"finite":false,"first_mismatch":{"a":0.0,"a_bits":"0x00000000","abs_delta":"nan","action_run_end":false,"action_run_start":true,"b":"nan","b_bits":"0x7fc00000","completion_chunk_index":0,"completion_position":0,"completion_valid_length":3,"coordinate":[0,0],"differing_byte_offsets":[2,3],"distance_to_next_sequence_chunk":254,"logical_kv_prefix_length":2,"masked_index":0,"offset_in_action_run":0,"offset_in_sequence_chunk":2,"previous_token_is_environment":false,"prompt_length":2,"sequence_chunk_index":0,"sequence_row":0,"token_id":0,"turn_index":0,"ulp_distance":null,"xor_bits":"0x7fc00000"},"max_abs":"nan","max_abs_mismatch":{"a":0.0,"a_bits":"0x00000000","abs_delta":"nan","action_run_end":false,"action_run_start":true,"b":"nan","b_bits":"0x7fc00000","completion_chunk_index":0,"completion_position":0,"completion_valid_length":3,"coordinate":[0,0],"differing_byte_offsets":[2,3],"distance_to_next_sequence_chunk":254,"logical_kv_prefix_length":2,"masked_index":0,"offset_in_action_run":0,"offset_in_sequence_chunk":2,"previous_token_is_environment":false,"prompt_length":2,"sequence_chunk_index":0,"sequence_row":0,"token_id":0,"turn_index":0,"ulp_distance":null,"xor_bits":"0x7fc00000"},"mismatches":[{"a":0.0,"a_bits":"0x00000000","abs_delta":"nan","action_run_end":false,"action_run_start":true,"b":"nan","b_bits":"0x7fc00000","completion_chunk_index":0,"completion_position":0,"completion_valid_length":3,"coordinate":[0,0],"differing_byte_offsets":[2,3],"distance_to_next_sequence_chunk":254,"logical_kv_prefix_length":2,"masked_index":0,"offset_in_action_run":0,"offset_in_sequence_chunk":2,"previous_token_is_environment":false,"prompt_length":2,"sequence_chunk_index":0,"sequence_row":0,"token_id":0,"turn_index":0,"ulp_distance":null,"xor_bits":"0x7fc00000"},{"a":0.125,"a_bits":"0x3e000000","abs_delta":"nan","action_run_end":false,"action_run_start":false,"b":"nan","b_bits":"0x7fc00000","completion_chunk_index":0,"completion_position":1,"completion_valid_length":3,"coordinate":[0,1],"differing_byte_offsets":[2,3],"distance_to_next_sequence_chunk":253,"logical_kv_prefix_length":3,"masked_index":1,"offset_in_action_run":1,"offset_in_sequence_chunk":3,"previous_token_is_environment":false,"prompt_length":2,"sequence_chunk_index":0,"sequence_row":0,"token_id":1,"turn_index":0,"ulp_distance":null,"xor_bits":"0x41c00000"},{"a":0.25,"a_bits":"0x3e800000","abs_delta":"nan","action_run_end":true,"action_run_start":false,"b":"nan","b_bits":"0x7fc00000","completion_chunk_index":0,"completion_position":2,"completion_valid_length":3,"coordinate":[0,2],"differing_byte_offsets":[2,3],"distance_to_next_sequence_chunk":252,"logical_kv_prefix_length":4,"masked_index":2,"offset_in_action_run":2,"offset_in_sequence_chunk":4,"previous_token_is_environment":false,"prompt_length":2,"sequence_chunk_index":0,"sequence_row":0,"token_id":2,"turn_index":0,"ulp_distance":null,"xor_bits":"0x41400000"},{"a":0.375,"a_bits":"0x3ec00000","abs_delta":"nan","action_run_end":false,"action_run_start":true,"b":"nan","b_bits":"0x7fc00000","completion_chunk_index":0,"completion_position":0,"completion_valid_length":3,"coordinate":[1,0],"differing_byte_offsets":[3],"distance_to_next_sequence_chunk":254,"logical_kv_prefix_length":2,"masked_index":3,"offset_in_action_run":0,"offset_in_sequence_chunk":2,"previous_token_is_environment":false,"prompt_length":2,"sequence_chunk_index":0,"sequence_row":1,"token_id":3,"turn_index":0,"ulp_distance":null,"xor_bits":"0x41000000"},{"a":0.5,"a_bits":"0x3f000000","abs_delta":"nan","action_run_end":false,"action_run_start":false,"b":"nan","b_bits":"0x7fc00000","completion_chunk_index":0,"completion_position":1,"completion_valid_length":3,"coordinate":[1,1],"differing_byte_offsets":[2,3],"distance_to_next_sequence_chunk":253,"logical_kv_prefix_length":3,"masked_index":4,"offset_in_action_run":1,"offset_in_sequence_chunk":3,"previous_token_is_environment":false,"prompt_length":2,"sequence_chunk_index":0,"sequence_row":1,"token_id":4,"turn_index":0,"ulp_distance":null,"xor_bits":"0x40c00000"},{"a":0.625,"a_bits":"0x3f200000","abs_delta":"nan","action_run_end":true,"action_run_start":false,"b":"nan","b_bits":"0x7fc00000","completion_chunk_index":0,"completion_position":2,"completion_valid_length":3,"coordinate":[1,2],"differing_byte_offsets":[2,3],"distance_to_next_sequence_chunk":252,"logical_kv_prefix_length":4,"masked_index":5,"offset_in_action_run":2,"offset_in_sequence_chunk":4,"previous_token_is_environment":false,"prompt_length":2,"sequence_chunk_index":0,"sequence_row":1,"token_id":5,"turn_index":0,"ulp_distance":null,"xor_bits":"0x40e00000"}],"mismatches_truncated":false,"reported_mismatches":6,"total_bytes":24,"total_elements":6,"valid":true}},"context":{"bucket":"","mesh":"","run_stage":"","source":"VllmRollout.get_prefill_rescore_logps"},"hashes":{"S_decode":"fd73817e1ac0cb56310d4f8c9cc58e566e97513da9df864be827dca81c466bf3","S_prefill":"259a2e23297810b6704586ca682a0f0497faa0a2260e08a6a30aa79b78fd621b","T_old":"3fbf182a570eb06706b3baeed428958f3b6b85d6287e297dbc70426f6e116d3e","action_mask":"dfea2964b5deedea7b1ef077de529c3959e6788bdbb3441e70c77a1ae875bb48","policy_version":"af5570f5a1810b7af78caf4bc70a660f0df51e42baf91d4de5b2328de0e83dfc","tokens":"cd9a54ed1f18bf97db08914e280ea7349e11ca2c4885a4d8052552ceba84208d"},"masked_hashes":{"S_decode":"fd73817e1ac0cb56310d4f8c9cc58e566e97513da9df864be827dca81c466bf3","S_prefill":"259a2e23297810b6704586ca682a0f0497faa0a2260e08a6a30aa79b78fd621b","T_old":"3fbf182a570eb06706b3baeed428958f3b6b85d6287e297dbc70426f6e116d3e"},"no_signal_admitted":false,"reds":["S_prefill_vs_T_old","S_decode_vs_S_prefill"],"reported_reds":[],"step":0,"timestamp":1787616180.1369264,"verdict":"FAIL","warning_reds":["S_decode_vs_S_prefill"]}
[CANON_ALIGN_PRE_EVIDENCE] path=/tmp/tmpcpj15peg/pre.jsonl sha256=a4d43f4c2fce70b905c1218f7f18c92582d1ea872400daf17cbe5d30195c458b
[CANON_ALIGN_PRE] step=0 verdict=FAIL N_action=6 bounds=[('S_decode_vs_S_prefill', 9), ('S_prefill_vs_T_old', 11)]
[CANON_ALIGN_WARNING] boundary=pre_backward step=0 warnings=['S_decode_vs_S_prefill']
.[CANON_ALIGN] step=0 verdict=PASS N_action=6 bounds=[('S_decode_vs_S_prefill', 0), ('S_prefill_vs_T_old', 0), ('T_old_vs_T_current', 0)] w/r/wr={'w_all_exactly_1': True, 'r_all_exactly_1': True, 'wr_all_exactly_1': True} clip=0 tis=0 grad_norm=2
..[CANON_ALIGN_PRE_JSON] {"N_action":6,"action_geometry":{"max_logical_kv_prefix_length":4,"min_logical_kv_prefix_length":2,"rows_reaching_1686":0,"valid":true},"admission_policy":{"bounded_ab_only":false,"byte_fraction_limit":null,"claim_level":"convergence-only","enabled":true,"id":"frozenlake-full-alignment-warning-v1","max_abs_limit":null,"stage":"full","warning_boundaries":null,"warning_only":true,"workload":"frozenlake"},"all_compact_filtered":false,"blocking_reds":[],"boundaries":{"S_decode_vs_S_prefill":{"byte_fraction":1.0,"differing_bytes":24,"differing_elements":6,"element_fraction":1.0,"finite":true,"first_mismatch":{"a":-0.30000001192092896,"a_bits":"0xbe99999a","abs_delta":0.30000001192092896,"action_run_end":false,"action_run_start":true,"b":0.0,"b_bits":"0x00000000","completion_chunk_index":0,"completion_position":0,"completion_valid_length":3,"coordinate":[0,0],"differing_byte_offsets":[0,1,2,3],"distance_to_next_sequence_chunk":254,"logical_kv_prefix_length":2,"masked_index":0,"offset_in_action_run":0,"offset_in_sequence_chunk":2,"previous_token_is_environment":false,"prompt_length":2,"sequence_chunk_index":0,"sequence_row":0,"token_id":0,"turn_index":0,"ulp_distance":1050253723,"xor_bits":"0xbe99999a"},"max_abs":0.30000001192092896,"max_abs_mismatch":{"a":-0.30000001192092896,"a_bits":"0xbe99999a","abs_delta":0.30000001192092896,"action_run_end":false,"action_run_start":true,"b":0.0,"b_bits":"0x00000000","completion_chunk_index":0,"completion_position":0,"completion_valid_length":3,"coordinate":[0,0],"differing_byte_offsets":[0,1,2,3],"distance_to_next_sequence_chunk":254,"logical_kv_prefix_length":2,"masked_index":0,"offset_in_action_run":0,"offset_in_sequence_chunk":2,"previous_token_is_environment":false,"prompt_length":2,"sequence_chunk_index":0,"sequence_row":0,"token_id":0,"turn_index":0,"ulp_distance":1050253723,"xor_bits":"0xbe99999a"},"mismatches":[{"a":-0.30000001192092896,"a_bits":"0xbe99999a","abs_delta":0.30000001192092896,"action_run_end":false,"action_run_start":true,"b":0.0,"b_bits":"0x00000000","completion_chunk_index":0,"completion_position":0,"completion_valid_length":3,"coordinate":[0,0],"differing_byte_offsets":[0,1,2,3],"distance_to_next_sequence_chunk":254,"logical_kv_prefix_length":2,"masked_index":0,"offset_in_action_run":0,"offset_in_sequence_chunk":2,"previous_token_is_environment":false,"prompt_length":2,"sequence_chunk_index":0,"sequence_row":0,"token_id":0,"turn_index":0,"ulp_distance":1050253723,"xor_bits":"0xbe99999a"},{"a":-0.17500001192092896,"a_bits":"0xbe333334","abs_delta":0.30000001192092896,"action_run_end":false,"action_run_start":false,"b":0.125,"b_bits":"0x3e000000","completion_chunk_index":0,"completion_position":1,"completion_valid_length":3,"coordinate":[0,1],"differing_byte_offsets":[0,1,2,3],"distance_to_next_sequence_chunk":253,"logical_kv_prefix_length":3,"masked_index":1,"offset_in_action_run":1,"offset_in_sequence_chunk":3,"previous_token_is_environment":false,"prompt_length":2,"sequence_chunk_index":0,"sequence_row":0,"token_id":1,"turn_index":0,"ulp_distance":2083730229,"xor_bits":"0x80333334"},{"a":-0.050000011920928955,"a_bits":"0xbd4cccd0","abs_delta":0.30000001192092896,"action_run_end":true,"action_run_start":false,"b":0.25,"b_bits":"0x3e800000","completion_chunk_index":0,"completion_position":2,"completion_valid_length":3,"coordinate":[0,2],"differing_byte_offsets":[0,1,2,3],"distance_to_next_sequence_chunk":252,"logical_kv_prefix_length":4,"masked_index":2,"offset_in_action_run":2,"offset_in_sequence_chunk":4,"previous_token_is_environment":false,"prompt_length":2,"sequence_chunk_index":0,"sequence_row":0,"token_id":2,"turn_index":0,"ulp_distance":2077019345,"xor_bits":"0x83ccccd0"},{"a":0.07499998807907104,"a_bits":"0x3d999998","abs_delta":0.30000001192092896,"action_run_end":false,"action_run_start":true,"b":0.375,"b_bits":"0x3ec00000","completion_chunk_index":0,"completion_position":0,"completion_valid_length":3,"coordinate":[1,0],"differing_byte_offsets":[0,1,2,3],"distance_to_next_sequence_chunk":254,"logical_kv_prefix_length":2,"masked_index":3,"offset_in_action_run":0,"offset_in_sequence_chunk":2,"previous_token_is_environment":false,"prompt_length":2,"sequence_chunk_index":0,"sequence_row":1,"token_id":3,"turn_index":0,"ulp_distance":19293800,"xor_bits":"0x03599998"},{"a":0.19999998807907104,"a_bits":"0x3e4ccccc","abs_delta":0.30000001192092896,"action_run_end":false,"action_run_start":false,"b":0.5,"b_bits":"0x3f000000","completion_chunk_index":0,"completion_position":1,"completion_valid_length":3,"coordinate":[1,1],"differing_byte_offsets":[0,1,2,3],"distance_to_next_sequence_chunk":253,"logical_kv_prefix_length":3,"masked_index":4,"offset_in_action_run":1,"offset_in_sequence_chunk":3,"previous_token_is_environment":false,"prompt_length":2,"sequence_chunk_index":0,"sequence_row":1,"token_id":4,"turn_index":0,"ulp_distance":11744052,"xor_bits":"0x014ccccc"},{"a":0.32499998807907104,"a_bits":"0x3ea66666","abs_delta":0.30000001192092896,"action_run_end":true,"action_run_start":false,"b":0.625,"b_bits":"0x3f200000","completion_chunk_index":0,"completion_position":2,"completion_valid_length":3,"coordinate":[1,2],"differing_byte_offsets":[0,1,2,3],"distance_to_next_sequence_chunk":252,"logical_kv_prefix_length":4,"masked_index":5,"offset_in_action_run":2,"offset_in_sequence_chunk":4,"previous_token_is_environment":false,"prompt_length":2,"sequence_chunk_index":0,"sequence_row":1,"token_id":5,"turn_index":0,"ulp_distance":7969178,"xor_bits":"0x01866666"}],"mismatches_truncated":false,"reported_mismatches":6,"total_bytes":24,"total_elements":6,"valid":true},"S_prefill_vs_T_old":{"byte_fraction":0.0,"differing_bytes":0,"differing_elements":0,"element_fraction":0.0,"finite":true,"first_mismatch":null,"max_abs":0.0,"max_abs_mismatch":null,"mismatches":[],"mismatches_truncated":false,"reported_mismatches":0,"total_bytes":24,"total_elements":6,"valid":true}},"context":{"bucket":"","mesh":"","run_stage":"full","source":"VllmRollout.get_prefill_rescore_logps"},"hashes":{"S_decode":"28bdeeec05046be139f3f167932c5ed7f0b6787d264de1493df6192b15a1493e","S_prefill":"259a2e23297810b6704586ca682a0f0497faa0a2260e08a6a30aa79b78fd621b","T_old":"259a2e23297810b6704586ca682a0f0497faa0a2260e08a6a30aa79b78fd621b","action_mask":"dfea2964b5deedea7b1ef077de529c3959e6788bdbb3441e70c77a1ae875bb48","policy_version":"af5570f5a1810b7af78caf4bc70a660f0df51e42baf91d4de5b2328de0e83dfc","tokens":"cd9a54ed1f18bf97db08914e280ea7349e11ca2c4885a4d8052552ceba84208d"},"masked_hashes":{"S_decode":"28bdeeec05046be139f3f167932c5ed7f0b6787d264de1493df6192b15a1493e","S_prefill":"259a2e23297810b6704586ca682a0f0497faa0a2260e08a6a30aa79b78fd621b","T_old":"259a2e23297810b6704586ca682a0f0497faa0a2260e08a6a30aa79b78fd621b"},"no_signal_admitted":false,"reds":["S_decode_vs_S_prefill"],"reported_reds":[],"step":0,"timestamp":1787616180.1443675,"verdict":"PASS_WITH_ALIGNMENT_WARNINGS","warning_reds":["S_decode_vs_S_prefill"]}
[CANON_ALIGN_PRE_EVIDENCE] path=/tmp/tmpbeendho2/pre.jsonl sha256=57ad160da7537eb349713f1d98ca0ffad605827801353c80aac819665c0a5753
[CANON_ALIGN_PRE] step=0 verdict=PASS_WITH_ALIGNMENT_WARNINGS N_action=6 bounds=[('S_decode_vs_S_prefill', 24), ('S_prefill_vs_T_old', 0)]
[CANON_ALIGN_WARNING] boundary=pre_backward step=0 warnings=['S_decode_vs_S_prefill']
[CANON_ALIGN_PRE_JSON] {"N_action":6,"action_geometry":{"max_logical_kv_prefix_length":4,"min_logical_kv_prefix_length":2,"rows_reaching_1686":0,"valid":true},"admission_policy":{"bounded_ab_only":false,"byte_fraction_limit":null,"claim_level":"convergence-only","enabled":true,"id":"frozenlake-full-alignment-warning-v1","max_abs_limit":null,"stage":"full","warning_boundaries":null,"warning_only":true,"workload":"frozenlake"},"all_compact_filtered":false,"blocking_reds":[],"boundaries":{"S_decode_vs_S_prefill":{"byte_fraction":1.0,"differing_bytes":24,"differing_elements":6,"element_fraction":1.0,"finite":true,"first_mismatch":{"a":-0.30000001192092896,"a_bits":"0xbe99999a","abs_delta":0.30000001192092896,"action_run_end":false,"action_run_start":true,"b":0.0,"b_bits":"0x00000000","completion_chunk_index":0,"completion_position":0,"completion_valid_length":3,"coordinate":[0,0],"differing_byte_offsets":[0,1,2,3],"distance_to_next_sequence_chunk":254,"logical_kv_prefix_length":2,"masked_index":0,"offset_in_action_run":0,"offset_in_sequence_chunk":2,"previous_token_is_environment":false,"prompt_length":2,"sequence_chunk_index":0,"sequence_row":0,"token_id":0,"turn_index":0,"ulp_distance":1050253723,"xor_bits":"0xbe99999a"},"max_abs":0.30000001192092896,"max_abs_mismatch":{"a":-0.30000001192092896,"a_bits":"0xbe99999a","abs_delta":0.30000001192092896,"action_run_end":false,"action_run_start":true,"b":0.0,"b_bits":"0x00000000","completion_chunk_index":0,"completion_position":0,"completion_valid_length":3,"coordinate":[0,0],"differing_byte_offsets":[0,1,2,3],"distance_to_next_sequence_chunk":254,"logical_kv_prefix_length":2,"masked_index":0,"offset_in_action_run":0,"offset_in_sequence_chunk":2,"previous_token_is_environment":false,"prompt_length":2,"sequence_chunk_index":0,"sequence_row":0,"token_id":0,"turn_index":0,"ulp_distance":1050253723,"xor_bits":"0xbe99999a"},"mismatches":[{"a":-0.30000001192092896,"a_bits":"0xbe99999a","abs_delta":0.30000001192092896,"action_run_end":false,"action_run_start":true,"b":0.0,"b_bits":"0x00000000","completion_chunk_index":0,"completion_position":0,"completion_valid_length":3,"coordinate":[0,0],"differing_byte_offsets":[0,1,2,3],"distance_to_next_sequence_chunk":254,"logical_kv_prefix_length":2,"masked_index":0,"offset_in_action_run":0,"offset_in_sequence_chunk":2,"previous_token_is_environment":false,"prompt_length":2,"sequence_chunk_index":0,"sequence_row":0,"token_id":0,"turn_index":0,"ulp_distance":1050253723,"xor_bits":"0xbe99999a"},{"a":-0.17500001192092896,"a_bits":"0xbe333334","abs_delta":0.30000001192092896,"action_run_end":false,"action_run_start":false,"b":0.125,"b_bits":"0x3e000000","completion_chunk_index":0,"completion_position":1,"completion_valid_length":3,"coordinate":[0,1],"differing_byte_offsets":[0,1,2,3],"distance_to_next_sequence_chunk":253,"logical_kv_prefix_length":3,"masked_index":1,"offset_in_action_run":1,"offset_in_sequence_chunk":3,"previous_token_is_environment":false,"prompt_length":2,"sequence_chunk_index":0,"sequence_row":0,"token_id":1,"turn_index":0,"ulp_distance":2083730229,"xor_bits":"0x80333334"},{"a":-0.050000011920928955,"a_bits":"0xbd4cccd0","abs_delta":0.30000001192092896,"action_run_end":true,"action_run_start":false,"b":0.25,"b_bits":"0x3e800000","completion_chunk_index":0,"completion_position":2,"completion_valid_length":3,"coordinate":[0,2],"differing_byte_offsets":[0,1,2,3],"distance_to_next_sequence_chunk":252,"logical_kv_prefix_length":4,"masked_index":2,"offset_in_action_run":2,"offset_in_sequence_chunk":4,"previous_token_is_environment":false,"prompt_length":2,"sequence_chunk_index":0,"sequence_row":0,"token_id":2,"turn_index":0,"ulp_distance":2077019345,"xor_bits":"0x83ccccd0"},{"a":0.07499998807907104,"a_bits":"0x3d999998","abs_delta":0.30000001192092896,"action_run_end":false,"action_run_start":true,"b":0.375,"b_bits":"0x3ec00000","completion_chunk_index":0,"completion_position":0,"completion_valid_length":3,"coordinate":[1,0],"differing_byte_offsets":[0,1,2,3],"distance_to_next_sequence_chunk":254,"logical_kv_prefix_length":2,"masked_index":3,"offset_in_action_run":0,"offset_in_sequence_chunk":2,"previous_token_is_environment":false,"prompt_length":2,"sequence_chunk_index":0,"sequence_row":1,"token_id":3,"turn_index":0,"ulp_distance":19293800,"xor_bits":"0x03599998"},{"a":0.19999998807907104,"a_bits":"0x3e4ccccc","abs_delta":0.30000001192092896,"action_run_end":false,"action_run_start":false,"b":0.5,"b_bits":"0x3f000000","completion_chunk_index":0,"completion_position":1,"completion_valid_length":3,"coordinate":[1,1],"differing_byte_offsets":[0,1,2,3],"distance_to_next_sequence_chunk":253,"logical_kv_prefix_length":3,"masked_index":4,"offset_in_action_run":1,"offset_in_sequence_chunk":3,"previous_token_is_environment":false,"prompt_length":2,"sequence_chunk_index":0,"sequence_row":1,"token_id":4,"turn_index":0,"ulp_distance":11744052,"xor_bits":"0x014ccccc"},{"a":0.32499998807907104,"a_bits":"0x3ea66666","abs_delta":0.30000001192092896,"action_run_end":true,"action_run_start":false,"b":0.625,"b_bits":"0x3f200000","completion_chunk_index":0,"completion_position":2,"completion_valid_length":3,"coordinate":[1,2],"differing_byte_offsets":[0,1,2,3],"distance_to_next_sequence_chunk":252,"logical_kv_prefix_length":4,"masked_index":5,"offset_in_action_run":2,"offset_in_sequence_chunk":4,"previous_token_is_environment":false,"prompt_length":2,"sequence_chunk_index":0,"sequence_row":1,"token_id":5,"turn_index":0,"ulp_distance":7969178,"xor_bits":"0x01866666"}],"mismatches_truncated":false,"reported_mismatches":6,"total_bytes":24,"total_elements":6,"valid":true},"S_prefill_vs_T_old":{"byte_fraction":0.0,"differing_bytes":0,"differing_elements":0,"element_fraction":0.0,"finite":true,"first_mismatch":null,"max_abs":0.0,"max_abs_mismatch":null,"mismatches":[],"mismatches_truncated":false,"reported_mismatches":0,"total_bytes":24,"total_elements":6,"valid":true}},"context":{"bucket":"","mesh":"","run_stage":"full","source":"VllmRollout.get_prefill_rescore_logps"},"hashes":{"S_decode":"28bdeeec05046be139f3f167932c5ed7f0b6787d264de1493df6192b15a1493e","S_prefill":"259a2e23297810b6704586ca682a0f0497faa0a2260e08a6a30aa79b78fd621b","T_old":"259a2e23297810b6704586ca682a0f0497faa0a2260e08a6a30aa79b78fd621b","action_mask":"dfea2964b5deedea7b1ef077de529c3959e6788bdbb3441e70c77a1ae875bb48","policy_version":"af5570f5a1810b7af78caf4bc70a660f0df51e42baf91d4de5b2328de0e83dfc","tokens":"cd9a54ed1f18bf97db08914e280ea7349e11ca2c4885a4d8052552ceba84208d"},"masked_hashes":{"S_decode":"28bdeeec05046be139f3f167932c5ed7f0b6787d264de1493df6192b15a1493e","S_prefill":"259a2e23297810b6704586ca682a0f0497faa0a2260e08a6a30aa79b78fd621b","T_old":"259a2e23297810b6704586ca682a0f0497faa0a2260e08a6a30aa79b78fd621b"},"no_signal_admitted":false,"reds":["S_decode_vs_S_prefill"],"reported_reds":[],"step":0,"timestamp":1787616180.1475198,"verdict":"PASS_WITH_ALIGNMENT_WARNINGS","warning_reds":["S_decode_vs_S_prefill"]}
[CANON_ALIGN_PRE_EVIDENCE] path=/tmp/tmpimmwmc7l/pre.jsonl sha256=f0933e927f54f2d475e726ed15d22d35e57b89e32cac0e03abaa716dd52283a9
[CANON_ALIGN_PRE] step=0 verdict=PASS_WITH_ALIGNMENT_WARNINGS N_action=6 bounds=[('S_decode_vs_S_prefill', 24), ('S_prefill_vs_T_old', 0)]
[CANON_ALIGN_WARNING] boundary=pre_backward step=0 warnings=['S_decode_vs_S_prefill']
.[CANON_ALIGN_PRE_JSON] {"N_action":2,"action_geometry":{"max_logical_kv_prefix_length":4,"min_logical_kv_prefix_length":3,"rows_reaching_1686":0,"valid":true},"admission_policy":{"bounded_ab_only":false,"byte_fraction_limit":0.004,"claim_level":"strict-zero-tim","enabled":false,"id":"gsm8k-full-ab-report-v1","max_abs_limit":0.0001,"stage":"","warning_boundaries":null,"warning_only":false,"workload":""},"all_compact_filtered":false,"blocking_reds":[],"boundaries":{"S_decode_vs_S_prefill":{"byte_fraction":0.0,"differing_bytes":0,"differing_elements":0,"element_fraction":0.0,"finite":true,"first_mismatch":null,"max_abs":0.0,"max_abs_mismatch":null,"mismatches":[],"mismatches_truncated":false,"reported_mismatches":0,"total_bytes":8,"total_elements":2,"valid":true},"S_prefill_vs_T_old":{"byte_fraction":0.0,"differing_bytes":0,"differing_elements":0,"element_fraction":0.0,"finite":true,"first_mismatch":null,"max_abs":0.0,"max_abs_mismatch":null,"mismatches":[],"mismatches_truncated":false,"reported_mismatches":0,"total_bytes":8,"total_elements":2,"valid":true}},"context":{"bucket":"","mesh":"","run_stage":"","source":"VllmRollout.get_prefill_rescore_logps"},"hashes":{"S_decode":"efca15f4869a9100aebc148f5846eeb652d1eebfe6b6f8b329504b1d25314f45","S_prefill":"69ae8e50f50bdf456ce85f599fdc67b935f66addee0b3f3ca97fd99dfefc8677","T_old":"efca15f4869a9100aebc148f5846eeb652d1eebfe6b6f8b329504b1d25314f45","action_mask":"fbb59ed10e9cd4ff45a12c5bb92cbd80df984ba1fe60f26a30febf218e2f0f5e","policy_version":"df3f619804a92fdb4057192dc43dd748ea778adc52bc498ce80524c014b81119","tokens":"ad5dc1478de06a4c2728ea528bd9361a4b945e92a414bf4d180cedaaeaa5f4cc"},"masked_hashes":{"S_decode":"a3657e03904108f437d0d02e0997564d48446f8a37970c8322062ed787ec2165","S_prefill":"a3657e03904108f437d0d02e0997564d48446f8a37970c8322062ed787ec2165","T_old":"a3657e03904108f437d0d02e0997564d48446f8a37970c8322062ed787ec2165"},"no_signal_admitted":false,"reds":[],"reported_reds":[],"step":0,"timestamp":1787616180.220952,"verdict":"PASS","warning_reds":[]}
[CANON_ALIGN_PRE_EVIDENCE] path=/tmp/tmpnl7w23ro/pre.jsonl sha256=411809f0c7a18c989ecbd689dbb3820542ff42381712441aac6db0cf26bdcff6
[CANON_ALIGN_PRE] step=0 verdict=PASS N_action=2 bounds=[('S_decode_vs_S_prefill', 0), ('S_prefill_vs_T_old', 0)]
.[CANON_ALIGN_PRE_JSON] {"N_action":6,"action_geometry":{"max_logical_kv_prefix_length":4,"min_logical_kv_prefix_length":2,"rows_reaching_1686":0,"valid":true},"admission_policy":{"bounded_ab_only":true,"byte_fraction_limit":0.004,"claim_level":"alignment-degraded","enabled":true,"id":"gsm8k-full-ab-report-v1","max_abs_limit":0.0001,"stage":"full","warning_boundaries":null,"warning_only":false,"workload":"gsm8k"},"all_compact_filtered":false,"blocking_reds":["S_decode_vs_S_prefill"],"boundaries":{"S_decode_vs_S_prefill":{"byte_fraction":0.08333333333333333,"differing_bytes":2,"differing_elements":1,"element_fraction":0.16666666666666666,"finite":false,"first_mismatch":{"a":"nan","a_bits":"0x7fc00000","abs_delta":"nan","action_run_end":false,"action_run_start":false,"b":0.125,"b_bits":"0x3e000000","completion_chunk_index":0,"completion_position":1,"completion_valid_length":3,"coordinate":[0,1],"differing_byte_offsets":[2,3],"distance_to_next_sequence_chunk":253,"logical_kv_prefix_length":3,"masked_index":1,"offset_in_action_run":1,"offset_in_sequence_chunk":3,"previous_token_is_environment":false,"prompt_length":2,"sequence_chunk_index":0,"sequence_row":0,"token_id":1,"turn_index":0,"ulp_distance":null,"xor_bits":"0x41c00000"},"max_abs":"nan","max_abs_mismatch":{"a":"nan","a_bits":"0x7fc00000","abs_delta":"nan","action_run_end":false,"action_run_start":false,"b":0.125,"b_bits":"0x3e000000","completion_chunk_index":0,"completion_position":1,"completion_valid_length":3,"coordinate":[0,1],"differing_byte_offsets":[2,3],"distance_to_next_sequence_chunk":253,"logical_kv_prefix_length":3,"masked_index":1,"offset_in_action_run":1,"offset_in_sequence_chunk":3,"previous_token_is_environment":false,"prompt_length":2,"sequence_chunk_index":0,"sequence_row":0,"token_id":1,"turn_index":0,"ulp_distance":null,"xor_bits":"0x41c00000"},"mismatches":[{"a":"nan","a_bits":"0x7fc00000","abs_delta":"nan","action_run_end":false,"action_run_start":false,"b":0.125,"b_bits":"0x3e000000","completion_chunk_index":0,"completion_position":1,"completion_valid_length":3,"coordinate":[0,1],"differing_byte_offsets":[2,3],"distance_to_next_sequence_chunk":253,"logical_kv_prefix_length":3,"masked_index":1,"offset_in_action_run":1,"offset_in_sequence_chunk":3,"previous_token_is_environment":false,"prompt_length":2,"sequence_chunk_index":0,"sequence_row":0,"token_id":1,"turn_index":0,"ulp_distance":null,"xor_bits":"0x41c00000"}],"mismatches_truncated":false,"reported_mismatches":1,"total_bytes":24,"total_elements":6,"valid":true},"S_prefill_vs_T_old":{"byte_fraction":0.0,"differing_bytes":0,"differing_elements":0,"element_fraction":0.0,"finite":true,"first_mismatch":null,"max_abs":0.0,"max_abs_mismatch":null,"mismatches":[],"mismatches_truncated":false,"reported_mismatches":0,"total_bytes":24,"total_elements":6,"valid":true}},"context":{"bucket":"","mesh":"","run_stage":"full","source":"VllmRollout.get_prefill_rescore_logps"},"hashes":{"S_decode":"29ccc9de3ffa0faad05efa16e5522fac61f64fd89bbe4cc2347eb9b0b5a68c80","S_prefill":"259a2e23297810b6704586ca682a0f0497faa0a2260e08a6a30aa79b78fd621b","T_old":"259a2e23297810b6704586ca682a0f0497faa0a2260e08a6a30aa79b78fd621b","action_mask":"dfea2964b5deedea7b1ef077de529c3959e6788bdbb3441e70c77a1ae875bb48","policy_version":"af5570f5a1810b7af78caf4bc70a660f0df51e42baf91d4de5b2328de0e83dfc","tokens":"cd9a54ed1f18bf97db08914e280ea7349e11ca2c4885a4d8052552ceba84208d"},"masked_hashes":{"S_decode":"29ccc9de3ffa0faad05efa16e5522fac61f64fd89bbe4cc2347eb9b0b5a68c80","S_prefill":"259a2e23297810b6704586ca682a0f0497faa0a2260e08a6a30aa79b78fd621b","T_old":"259a2e23297810b6704586ca682a0f0497faa0a2260e08a6a30aa79b78fd621b"},"no_signal_admitted":false,"reds":["S_decode_vs_S_prefill"],"reported_reds":[],"step":0,"timestamp":1787616180.2245007,"verdict":"FAIL","warning_reds":[]}
[CANON_ALIGN_PRE_EVIDENCE] path=/tmp/tmpxlpa1mdv/pre.jsonl sha256=f4b2527c8d6469acf93966dea7a26b4754075d36a27b760e9f375445c9d96606
[CANON_ALIGN_PRE] step=0 verdict=FAIL N_action=6 bounds=[('S_decode_vs_S_prefill', 2), ('S_prefill_vs_T_old', 0)]
.[CANON_ALIGN_PRE_JSON] {"N_action":6,"action_geometry":{"max_logical_kv_prefix_length":4,"min_logical_kv_prefix_length":2,"rows_reaching_1686":0,"valid":true},"admission_policy":{"bounded_ab_only":true,"byte_fraction_limit":0.004,"claim_level":"alignment-degraded","enabled":true,"id":"gsm8k-full-ab-report-v1","max_abs_limit":0.0001,"stage":"full","warning_boundaries":null,"warning_only":false,"workload":"gsm8k"},"all_compact_filtered":false,"blocking_reds":["S_decode_vs_S_prefill"],"boundaries":{"S_decode_vs_S_prefill":{"byte_fraction":0.125,"differing_bytes":3,"differing_elements":1,"element_fraction":0.16666666666666666,"finite":true,"first_mismatch":{"a":0.13500000536441803,"a_bits":"0x3e0a3d71","abs_delta":0.01000000536441803,"action_run_end":false,"action_run_start":false,"b":0.125,"b_bits":"0x3e000000","completion_chunk_index":0,"completion_position":1,"completion_valid_length":3,"coordinate":[0,1],"differing_byte_offsets":[0,1,2],"distance_to_next_sequence_chunk":253,"logical_kv_prefix_length":3,"masked_index":1,"offset_in_action_run":1,"offset_in_sequence_chunk":3,"previous_token_is_environment":false,"prompt_length":2,"sequence_chunk_index":0,"sequence_row":0,"token_id":1,"turn_index":0,"ulp_distance":671089,"xor_bits":"0x000a3d71"},"max_abs":0.01000000536441803,"max_abs_mismatch":{"a":0.13500000536441803,"a_bits":"0x3e0a3d71","abs_delta":0.01000000536441803,"action_run_end":false,"action_run_start":false,"b":0.125,"b_bits":"0x3e000000","completion_chunk_index":0,"completion_position":1,"completion_valid_length":3,"coordinate":[0,1],"differing_byte_offsets":[0,1,2],"distance_to_next_sequence_chunk":253,"logical_kv_prefix_length":3,"masked_index":1,"offset_in_action_run":1,"offset_in_sequence_chunk":3,"previous_token_is_environment":false,"prompt_length":2,"sequence_chunk_index":0,"sequence_row":0,"token_id":1,"turn_index":0,"ulp_distance":671089,"xor_bits":"0x000a3d71"},"mismatches":[{"a":0.13500000536441803,"a_bits":"0x3e0a3d71","abs_delta":0.01000000536441803,"action_run_end":false,"action_run_start":false,"b":0.125,"b_bits":"0x3e000000","completion_chunk_index":0,"completion_position":1,"completion_valid_length":3,"coordinate":[0,1],"differing_byte_offsets":[0,1,2],"distance_to_next_sequence_chunk":253,"logical_kv_prefix_length":3,"masked_index":1,"offset_in_action_run":1,"offset_in_sequence_chunk":3,"previous_token_is_environment":false,"prompt_length":2,"sequence_chunk_index":0,"sequence_row":0,"token_id":1,"turn_index":0,"ulp_distance":671089,"xor_bits":"0x000a3d71"}],"mismatches_truncated":false,"reported_mismatches":1,"total_bytes":24,"total_elements":6,"valid":true},"S_prefill_vs_T_old":{"byte_fraction":0.0,"differing_bytes":0,"differing_elements":0,"element_fraction":0.0,"finite":true,"first_mismatch":null,"max_abs":0.0,"max_abs_mismatch":null,"mismatches":[],"mismatches_truncated":false,"reported_mismatches":0,"total_bytes":24,"total_elements":6,"valid":true}},"context":{"bucket":"","mesh":"","run_stage":"full","source":"VllmRollout.get_prefill_rescore_logps"},"hashes":{"S_decode":"eecdfb95347c1c0325d42bfc8cf4d96eafdf9bc49950cb7dccdb1a8926832576","S_prefill":"259a2e23297810b6704586ca682a0f0497faa0a2260e08a6a30aa79b78fd621b","T_old":"259a2e23297810b6704586ca682a0f0497faa0a2260e08a6a30aa79b78fd621b","action_mask":"dfea2964b5deedea7b1ef077de529c3959e6788bdbb3441e70c77a1ae875bb48","policy_version":"af5570f5a1810b7af78caf4bc70a660f0df51e42baf91d4de5b2328de0e83dfc","tokens":"cd9a54ed1f18bf97db08914e280ea7349e11ca2c4885a4d8052552ceba84208d"},"masked_hashes":{"S_decode":"eecdfb95347c1c0325d42bfc8cf4d96eafdf9bc49950cb7dccdb1a8926832576","S_prefill":"259a2e23297810b6704586ca682a0f0497faa0a2260e08a6a30aa79b78fd621b","T_old":"259a2e23297810b6704586ca682a0f0497faa0a2260e08a6a30aa79b78fd621b"},"no_signal_admitted":false,"reds":["S_decode_vs_S_prefill"],"reported_reds":[],"step":0,"timestamp":1787616180.228256,"verdict":"FAIL","warning_reds":[]}
[CANON_ALIGN_PRE_EVIDENCE] path=/tmp/tmp3g9axbbu/pre.jsonl sha256=da22cdd3f6773f44596efb9e7e681978179cda772c8123b017e9c9957a5982c4
[CANON_ALIGN_PRE] step=0 verdict=FAIL N_action=6 bounds=[('S_decode_vs_S_prefill', 3), ('S_prefill_vs_T_old', 0)]
.[CANON_ALIGN_PRE_JSON] {"N_action":300,"action_geometry":{"max_logical_kv_prefix_length":4,"min_logical_kv_prefix_length":2,"rows_reaching_1686":0,"valid":true},"admission_policy":{"bounded_ab_only":true,"byte_fraction_limit":0.004,"claim_level":"alignment-degraded","enabled":true,"id":"gsm8k-full-ab-report-v1","max_abs_limit":0.0001,"stage":"full","warning_boundaries":null,"warning_only":false,"workload":"gsm8k"},"all_compact_filtered":false,"blocking_reds":[],"boundaries":{"S_decode_vs_S_prefill":{"byte_fraction":0.0008333333333333334,"differing_bytes":1,"differing_elements":1,"element_fraction":0.0033333333333333335,"finite":true,"first_mismatch":{"a":0.1250000149011612,"a_bits":"0x3e000001","abs_delta":1.4901161193847656e-08,"action_run_end":false,"action_run_start":false,"b":0.125,"b_bits":"0x3e000000","completion_chunk_index":0,"completion_position":1,"completion_valid_length":3,"coordinate":[0,1],"differing_byte_offsets":[0],"distance_to_next_sequence_chunk":253,"logical_kv_prefix_length":3,"masked_index":1,"offset_in_action_run":1,"offset_in_sequence_chunk":3,"previous_token_is_environment":false,"prompt_length":2,"sequence_chunk_index":0,"sequence_row":0,"token_id":1,"turn_index":0,"ulp_distance":1,"xor_bits":"0x00000001"},"max_abs":1.4901161193847656e-08,"max_abs_mismatch":{"a":0.1250000149011612,"a_bits":"0x3e000001","abs_delta":1.4901161193847656e-08,"action_run_end":false,"action_run_start":false,"b":0.125,"b_bits":"0x3e000000","completion_chunk_index":0,"completion_position":1,"completion_valid_length":3,"coordinate":[0,1],"differing_byte_offsets":[0],"distance_to_next_sequence_chunk":253,"logical_kv_prefix_length":3,"masked_index":1,"offset_in_action_run":1,"offset_in_sequence_chunk":3,"previous_token_is_environment":false,"prompt_length":2,"sequence_chunk_index":0,"sequence_row":0,"token_id":1,"turn_index":0,"ulp_distance":1,"xor_bits":"0x00000001"},"mismatches":[{"a":0.1250000149011612,"a_bits":"0x3e000001","abs_delta":1.4901161193847656e-08,"action_run_end":false,"action_run_start":false,"b":0.125,"b_bits":"0x3e000000","completion_chunk_index":0,"completion_position":1,"completion_valid_length":3,"coordinate":[0,1],"differing_byte_offsets":[0],"distance_to_next_sequence_chunk":253,"logical_kv_prefix_length":3,"masked_index":1,"offset_in_action_run":1,"offset_in_sequence_chunk":3,"previous_token_is_environment":false,"prompt_length":2,"sequence_chunk_index":0,"sequence_row":0,"token_id":1,"turn_index":0,"ulp_distance":1,"xor_bits":"0x00000001"}],"mismatches_truncated":false,"reported_mismatches":1,"total_bytes":1200,"total_elements":300,"valid":true},"S_prefill_vs_T_old":{"byte_fraction":0.0,"differing_bytes":0,"differing_elements":0,"element_fraction":0.0,"finite":true,"first_mismatch":null,"max_abs":0.0,"max_abs_mismatch":null,"mismatches":[],"mismatches_truncated":false,"reported_mismatches":0,"total_bytes":1200,"total_elements":300,"valid":true}},"context":{"bucket":"","mesh":"","run_stage":"full","source":"VllmRollout.get_prefill_rescore_logps"},"hashes":{"S_decode":"2bfbe5c5b9ade52cd6317d1d5d390287d9ce38c1ba1fba631bdb5a4c1e55c77e","S_prefill":"8b9086a3cdd585e964cc09f1d242c590e9aa0dbce8e104a8e16c80bb6daadef3","T_old":"8b9086a3cdd585e964cc09f1d242c590e9aa0dbce8e104a8e16c80bb6daadef3","action_mask":"893c172baa019a7bc919e5b8255d39258346a9953f305d0b115076f2cc26cbed","policy_version":"7a12e561363385e9dfeeab326368731c030ed4b374e7f5897ac819159d2884c5","tokens":"31c4d357f4440759108dcb4b14645a7d75bc02cf3597e7c6e20d8173e33e0fc3"},"masked_hashes":{"S_decode":"2bfbe5c5b9ade52cd6317d1d5d390287d9ce38c1ba1fba631bdb5a4c1e55c77e","S_prefill":"8b9086a3cdd585e964cc09f1d242c590e9aa0dbce8e104a8e16c80bb6daadef3","T_old":"8b9086a3cdd585e964cc09f1d242c590e9aa0dbce8e104a8e16c80bb6daadef3"},"no_signal_admitted":false,"reds":["S_decode_vs_S_prefill"],"reported_reds":["S_decode_vs_S_prefill"],"step":0,"timestamp":1787616180.3250952,"verdict":"PASS_WITH_REPORTED_DRIFT","warning_reds":[]}
[CANON_ALIGN_PRE_EVIDENCE] path=/tmp/tmp10kbbpkl/pre.jsonl sha256=5e1c8651947099cd13ce0c7c04eecc26d7e2494866e90b56d0918ab8d4b6e286
[CANON_ALIGN_PRE] step=0 verdict=PASS_WITH_REPORTED_DRIFT N_action=300 bounds=[('S_decode_vs_S_prefill', 1), ('S_prefill_vs_T_old', 0)]
[CANON_ALIGN] step=0 verdict=PASS_WITH_REPORTED_DRIFT N_action=300 bounds=[('S_decode_vs_S_prefill', 1), ('S_prefill_vs_T_old', 0), ('T_old_vs_T_current', 0)] w/r/wr={'w_all_exactly_1': False, 'r_all_exactly_1': True, 'wr_all_exactly_1': False} clip=0 tis=0 grad_norm=1
.[CANON_ALIGN_PRE_JSON] {"N_action":6,"action_geometry":{"max_logical_kv_prefix_length":4,"min_logical_kv_prefix_length":2,"rows_reaching_1686":0,"valid":true},"admission_policy":{"bounded_ab_only":false,"byte_fraction_limit":null,"claim_level":"convergence-only","enabled":true,"id":"gsm8k-full-alignment-warning-v2","max_abs_limit":null,"stage":"full","warning_boundaries":null,"warning_only":true,"workload":"gsm8k"},"all_compact_filtered":false,"blocking_reds":[],"boundaries":{"S_decode_vs_S_prefill":{"byte_fraction":0.5,"differing_bytes":12,"differing_elements":6,"element_fraction":1.0,"finite":true,"first_mismatch":{"a":-3.0,"a_bits":"0xc0400000","abs_delta":3.5,"action_run_end":false,"action_run_start":true,"b":0.5,"b_bits":"0x3f000000","completion_chunk_index":0,"completion_position":0,"completion_valid_length":3,"coordinate":[0,0],"differing_byte_offsets":[2,3],"distance_to_next_sequence_chunk":254,"logical_kv_prefix_length":2,"masked_index":0,"offset_in_action_run":0,"offset_in_sequence_chunk":2,"previous_token_is_environment":false,"prompt_length":2,"sequence_chunk_index":0,"sequence_row":0,"token_id":0,"turn_index":0,"ulp_distance":2134900737,"xor_bits":"0xff400000"},"max_abs":3.5,"max_abs_mismatch":{"a":-3.0,"a_bits":"0xc0400000","abs_delta":3.5,"action_run_end":false,"action_run_start":true,"b":0.5,"b_bits":"0x3f000000","completion_chunk_index":0,"completion_position":0,"completion_valid_length":3,"coordinate":[0,0],"differing_byte_offsets":[2,3],"distance_to_next_sequence_chunk":254,"logical_kv_prefix_length":2,"masked_index":0,"offset_in_action_run":0,"offset_in_sequence_chunk":2,"previous_token_is_environment":false,"prompt_length":2,"sequence_chunk_index":0,"sequence_row":0,"token_id":0,"turn_index":0,"ulp_distance":2134900737,"xor_bits":"0xff400000"},"mismatches":[{"a":-3.0,"a_bits":"0xc0400000","abs_delta":3.5,"action_run_end":false,"action_run_start":true,"b":0.5,"b_bits":"0x3f000000","completion_chunk_index":0,"completion_position":0,"completion_valid_length":3,"coordinate":[0,0],"differing_byte_offsets":[2,3],"distance_to_next_sequence_chunk":254,"logical_kv_prefix_length":2,"masked_index":0,"offset_in_action_run":0,"offset_in_sequence_chunk":2,"previous_token_is_environment":false,"prompt_length":2,"sequence_chunk_index":0,"sequence_row":0,"token_id":0,"turn_index":0,"ulp_distance":2134900737,"xor_bits":"0xff400000"},{"a":-2.875,"a_bits":"0xc0380000","abs_delta":3.5,"action_run_end":false,"action_run_start":false,"b":0.625,"b_bits":"0x3f200000","completion_chunk_index":0,"completion_position":1,"completion_valid_length":3,"coordinate":[0,1],"differing_byte_offsets":[2,3],"distance_to_next_sequence_chunk":253,"logical_kv_prefix_length":3,"masked_index":1,"offset_in_action_run":1,"offset_in_sequence_chunk":3,"previous_token_is_environment":false,"prompt_length":2,"sequence_chunk_index":0,"sequence_row":0,"token_id":1,"turn_index":0,"ulp_distance":2136473601,"xor_bits":"0xff180000"},{"a":-2.75,"a_bits":"0xc0300000","abs_delta":3.5,"action_run_end":true,"action_run_start":false,"b":0.75,"b_bits":"0x3f400000","completion_chunk_index":0,"completion_position":2,"completion_valid_length":3,"coordinate":[0,2],"differing_byte_offsets":[2,3],"distance_to_next_sequence_chunk":252,"logical_kv_prefix_length":4,"masked_index":2,"offset_in_action_run":2,"offset_in_sequence_chunk":4,"previous_token_is_environment":false,"prompt_length":2,"sequence_chunk_index":0,"sequence_row":0,"token_id":2,"turn_index":0,"ulp_distance":2138046465,"xor_bits":"0xff700000"},{"a":-2.625,"a_bits":"0xc0280000","abs_delta":3.5,"action_run_end":false,"action_run_start":true,"b":0.875,"b_bits":"0x3f600000","completion_chunk_index":0,"completion_position":0,"completion_valid_length":3,"coordinate":[1,0],"differing_byte_offsets":[2,3],"distance_to_next_sequence_chunk":254,"logical_kv_prefix_length":2,"masked_index":3,"offset_in_action_run":0,"offset_in_sequence_chunk":2,"previous_token_is_environment":false,"prompt_length":2,"sequence_chunk_index":0,"sequence_row":1,"token_id":3,"turn_index":0,"ulp_distance":2139619329,"xor_bits":"0xff480000"},{"a":-2.5,"a_bits":"0xc0200000","abs_delta":3.5,"action_run_end":false,"action_run_start":false,"b":1.0,"b_bits":"0x3f800000","completion_chunk_index":0,"completion_position":1,"completion_valid_length":3,"coordinate":[1,1],"differing_byte_offsets":[2,3],"distance_to_next_sequence_chunk":253,"logical_kv_prefix_length":3,"masked_index":4,"offset_in_action_run":1,"offset_in_sequence_chunk":3,"previous_token_is_environment":false,"prompt_length":2,"sequence_chunk_index":0,"sequence_row":1,"token_id":4,"turn_index":0,"ulp_distance":2141192193,"xor_bits":"0xffa00000"},{"a":-2.375,"a_bits":"0xc0180000","abs_delta":3.5,"action_run_end":true,"action_run_start":false,"b":1.125,"b_bits":"0x3f900000","completion_chunk_index":0,"completion_position":2,"completion_valid_length":3,"coordinate":[1,2],"differing_byte_offsets":[2,3],"distance_to_next_sequence_chunk":252,"logical_kv_prefix_length":4,"masked_index":5,"offset_in_action_run":2,"offset_in_sequence_chunk":4,"previous_token_is_environment":false,"prompt_length":2,"sequence_chunk_index":0,"sequence_row":1,"token_id":5,"turn_index":0,"ulp_distance":2141716481,"xor_bits":"0xff880000"}],"mismatches_truncated":false,"reported_mismatches":6,"total_bytes":24,"total_elements":6,"valid":true},"S_prefill_vs_T_old":{"byte_fraction":0.3333333333333333,"differing_bytes":8,"differing_elements":6,"element_fraction":1.0,"finite":true,"first_mismatch":{"a":0.5,"a_bits":"0x3f000000","abs_delta":0.25,"action_run_end":false,"action_run_start":true,"b":0.25,"b_bits":"0x3e800000","completion_chunk_index":0,"completion_position":0,"completion_valid_length":3,"coordinate":[0,0],"differing_byte_offsets":[2,3],"distance_to_next_sequence_chunk":254,"logical_kv_prefix_length":2,"masked_index":0,"offset_in_action_run":0,"offset_in_sequence_chunk":2,"previous_token_is_environment":false,"prompt_length":2,"sequence_chunk_index":0,"sequence_row":0,"token_id":0,"turn_index":0,"ulp_distance":8388608,"xor_bits":"0x01800000"},"max_abs":0.25,"max_abs_mismatch":{"a":0.5,"a_bits":"0x3f000000","abs_delta":0.25,"action_run_end":false,"action_run_start":true,"b":0.25,"b_bits":"0x3e800000","completion_chunk_index":0,"completion_position":0,"completion_valid_length":3,"coordinate":[0,0],"differing_byte_offsets":[2,3],"distance_to_next_sequence_chunk":254,"logical_kv_prefix_length":2,"masked_index":0,"offset_in_action_run":0,"offset_in_sequence_chunk":2,"previous_token_is_environment":false,"prompt_length":2,"sequence_chunk_index":0,"sequence_row":0,"token_id":0,"turn_index":0,"ulp_distance":8388608,"xor_bits":"0x01800000"},"mismatches":[{"a":0.5,"a_bits":"0x3f000000","abs_delta":0.25,"action_run_end":false,"action_run_start":true,"b":0.25,"b_bits":"0x3e800000","completion_chunk_index":0,"completion_position":0,"completion_valid_length":3,"coordinate":[0,0],"differing_byte_offsets":[2,3],"distance_to_next_sequence_chunk":254,"logical_kv_prefix_length":2,"masked_index":0,"offset_in_action_run":0,"offset_in_sequence_chunk":2,"previous_token_is_environment":false,"prompt_length":2,"sequence_chunk_index":0,"sequence_row":0,"token_id":0,"turn_index":0,"ulp_distance":8388608,"xor_bits":"0x01800000"},{"a":0.625,"a_bits":"0x3f200000","abs_delta":0.25,"action_run_end":false,"action_run_start":false,"b":0.375,"b_bits":"0x3ec00000","completion_chunk_index":0,"completion_position":1,"completion_valid_length":3,"coordinate":[0,1],"differing_byte_offsets":[2,3],"distance_to_next_sequence_chunk":253,"logical_kv_prefix_length":3,"masked_index":1,"offset_in_action_run":1,"offset_in_sequence_chunk":3,"previous_token_is_environment":false,"prompt_length":2,"sequence_chunk_index":0,"sequence_row":0,"token_id":1,"turn_index":0,"ulp_distance":6291456,"xor_bits":"0x01e00000"},{"a":0.75,"a_bits":"0x3f400000","abs_delta":0.25,"action_run_end":true,"action_run_start":false,"b":0.5,"b_bits":"0x3f000000","completion_chunk_index":0,"completion_position":2,"completion_valid_length":3,"coordinate":[0,2],"differing_byte_offsets":[2],"distance_to_next_sequence_chunk":252,"logical_kv_prefix_length":4,"masked_index":2,"offset_in_action_run":2,"offset_in_sequence_chunk":4,"previous_token_is_environment":false,"prompt_length":2,"sequence_chunk_index":0,"sequence_row":0,"token_id":2,"turn_index":0,"ulp_distance":4194304,"xor_bits":"0x00400000"},{"a":0.875,"a_bits":"0x3f600000","abs_delta":0.25,"action_run_end":false,"action_run_start":true,"b":0.625,"b_bits":"0x3f200000","completion_chunk_index":0,"completion_position":0,"completion_valid_length":3,"coordinate":[1,0],"differing_byte_offsets":[2],"distance_to_next_sequence_chunk":254,"logical_kv_prefix_length":2,"masked_index":3,"offset_in_action_run":0,"offset_in_sequence_chunk":2,"previous_token_is_environment":false,"prompt_length":2,"sequence_chunk_index":0,"sequence_row":1,"token_id":3,"turn_index":0,"ulp_distance":4194304,"xor_bits":"0x00400000"},{"a":1.0,"a_bits":"0x3f800000","abs_delta":0.25,"action_run_end":false,"action_run_start":false,"b":0.75,"b_bits":"0x3f400000","completion_chunk_index":0,"completion_position":1,"completion_valid_length":3,"coordinate":[1,1],"differing_byte_offsets":[2],"distance_to_next_sequence_chunk":253,"logical_kv_prefix_length":3,"masked_index":4,"offset_in_action_run":1,"offset_in_sequence_chunk":3,"previous_token_is_environment":false,"prompt_length":2,"sequence_chunk_index":0,"sequence_row":1,"token_id":4,"turn_index":0,"ulp_distance":4194304,"xor_bits":"0x00c00000"},{"a":1.125,"a_bits":"0x3f900000","abs_delta":0.25,"action_run_end":true,"action_run_start":false,"b":0.875,"b_bits":"0x3f600000","completion_chunk_index":0,"completion_position":2,"completion_valid_length":3,"coordinate":[1,2],"differing_byte_offsets":[2],"distance_to_next_sequence_chunk":252,"logical_kv_prefix_length":4,"masked_index":5,"offset_in_action_run":2,"offset_in_sequence_chunk":4,"previous_token_is_environment":false,"prompt_length":2,"sequence_chunk_index":0,"sequence_row":1,"token_id":5,"turn_index":0,"ulp_distance":3145728,"xor_bits":"0x00f00000"}],"mismatches_truncated":false,"reported_mismatches":6,"total_bytes":24,"total_elements":6,"valid":true}},"context":{"bucket":"","mesh":"","run_stage":"full","source":"VllmRollout.get_prefill_rescore_logps"},"hashes":{"S_decode":"6a684fdd90691dba117b5cda0777f7d43724549ce7ecc232e24b8a1462fa27af","S_prefill":"b8c88c6ba501d402ef04b6dd5f5115812cb705a91ce16aedf20ad3975930aac5","T_old":"ca053e853f4601e2cdd31bbfeb14f3c1512bf9806733452e12730c83e15c4559","action_mask":"dfea2964b5deedea7b1ef077de529c3959e6788bdbb3441e70c77a1ae875bb48","policy_version":"af5570f5a1810b7af78caf4bc70a660f0df51e42baf91d4de5b2328de0e83dfc","tokens":"cd9a54ed1f18bf97db08914e280ea7349e11ca2c4885a4d8052552ceba84208d"},"masked_hashes":{"S_decode":"6a684fdd90691dba117b5cda0777f7d43724549ce7ecc232e24b8a1462fa27af","S_prefill":"b8c88c6ba501d402ef04b6dd5f5115812cb705a91ce16aedf20ad3975930aac5","T_old":"ca053e853f4601e2cdd31bbfeb14f3c1512bf9806733452e12730c83e15c4559"},"no_signal_admitted":false,"reds":["S_decode_vs_S_prefill","S_prefill_vs_T_old"],"reported_reds":[],"step":0,"timestamp":1787616180.3305628,"verdict":"PASS_WITH_ALIGNMENT_WARNINGS","warning_reds":["S_decode_vs_S_prefill","S_prefill_vs_T_old"]}
[CANON_ALIGN_PRE_EVIDENCE] path=/tmp/tmpihj9uzb7/pre.jsonl sha256=0881e0717594528b45faf6714aa62195ac866d9da3c836dec66532d05a7d375f
[CANON_ALIGN_PRE] step=0 verdict=PASS_WITH_ALIGNMENT_WARNINGS N_action=6 bounds=[('S_decode_vs_S_prefill', 12), ('S_prefill_vs_T_old', 8)]
[CANON_ALIGN_WARNING] boundary=pre_backward step=0 warnings=['S_decode_vs_S_prefill', 'S_prefill_vs_T_old']
[CANON_ALIGN] step=0 verdict=PASS_WITH_ALIGNMENT_WARNINGS N_action=6 bounds=[('S_decode_vs_S_prefill', 12), ('S_prefill_vs_T_old', 8), ('T_old_vs_T_current', 11)] w/r/wr={'w_all_exactly_1': False, 'r_all_exactly_1': False, 'wr_all_exactly_1': False} clip=6 tis=6 grad_norm=1
[CANON_ALIGN_WARNING] boundary=post_backward step=0 warnings=['S_decode_vs_S_prefill', 'S_prefill_vs_T_old', 'T_old_vs_T_current', 'w_all_exactly_1', 'r_all_exactly_1', 'wr_all_exactly_1', 'clip_hits=6', 'tis_hits=6']
.[CANON_ALIGN_PRE_JSON] {"N_action":6,"action_geometry":{"max_logical_kv_prefix_length":4,"min_logical_kv_prefix_length":2,"rows_reaching_1686":0,"valid":true},"admission_policy":{"bounded_ab_only":false,"byte_fraction_limit":null,"claim_level":"convergence-only","enabled":true,"id":"gsm8k-full-alignment-warning-v2","max_abs_limit":null,"stage":"full","warning_boundaries":null,"warning_only":true,"workload":"gsm8k"},"all_compact_filtered":false,"blocking_reds":["S_decode_vs_S_prefill"],"boundaries":{"S_decode_vs_S_prefill":{"byte_fraction":0.4583333333333333,"differing_bytes":11,"differing_elements":6,"element_fraction":1.0,"finite":false,"first_mismatch":{"a":"nan","a_bits":"0x7fc00000","abs_delta":"nan","action_run_end":false,"action_run_start":true,"b":0.0,"b_bits":"0x00000000","completion_chunk_index":0,"completion_position":0,"completion_valid_length":3,"coordinate":[0,0],"differing_byte_offsets":[2,3],"distance_to_next_sequence_chunk":254,"logical_kv_prefix_length":2,"masked_index":0,"offset_in_action_run":0,"offset_in_sequence_chunk":2,"previous_token_is_environment":false,"prompt_length":2,"sequence_chunk_index":0,"sequence_row":0,"token_id":0,"turn_index":0,"ulp_distance":null,"xor_bits":"0x7fc00000"},"max_abs":"nan","max_abs_mismatch":{"a":"nan","a_bits":"0x7fc00000","abs_delta":"nan","action_run_end":false,"action_run_start":true,"b":0.0,"b_bits":"0x00000000","completion_chunk_index":0,"completion_position":0,"completion_valid_length":3,"coordinate":[0,0],"differing_byte_offsets":[2,3],"distance_to_next_sequence_chunk":254,"logical_kv_prefix_length":2,"masked_index":0,"offset_in_action_run":0,"offset_in_sequence_chunk":2,"previous_token_is_environment":false,"prompt_length":2,"sequence_chunk_index":0,"sequence_row":0,"token_id":0,"turn_index":0,"ulp_distance":null,"xor_bits":"0x7fc00000"},"mismatches":[{"a":"nan","a_bits":"0x7fc00000","abs_delta":"nan","action_run_end":false,"action_run_start":true,"b":0.0,"b_bits":"0x00000000","completion_chunk_index":0,"completion_position":0,"completion_valid_length":3,"coordinate":[0,0],"differing_byte_offsets":[2,3],"distance_to_next_sequence_chunk":254,"logical_kv_prefix_length":2,"masked_index":0,"offset_in_action_run":0,"offset_in_sequence_chunk":2,"previous_token_is_environment":false,"prompt_length":2,"sequence_chunk_index":0,"sequence_row":0,"token_id":0,"turn_index":0,"ulp_distance":null,"xor_bits":"0x7fc00000"},{"a":"nan","a_bits":"0x7fc00000","abs_delta":"nan","action_run_end":false,"action_run_start":false,"b":0.125,"b_bits":"0x3e000000","completion_chunk_index":0,"completion_position":1,"completion_valid_length":3,"coordinate":[0,1],"differing_byte_offsets":[2,3],"distance_to_next_sequence_chunk":253,"logical_kv_prefix_length":3,"masked_index":1,"offset_in_action_run":1,"offset_in_sequence_chunk":3,"previous_token_is_environment":false,"prompt_length":2,"sequence_chunk_index":0,"sequence_row":0,"token_id":1,"turn_index":0,"ulp_distance":null,"xor_bits":"0x41c00000"},{"a":"nan","a_bits":"0x7fc00000","abs_delta":"nan","action_run_end":true,"action_run_start":false,"b":0.25,"b_bits":"0x3e800000","completion_chunk_index":0,"completion_position":2,"completion_valid_length":3,"coordinate":[0,2],"differing_byte_offsets":[2,3],"distance_to_next_sequence_chunk":252,"logical_kv_prefix_length":4,"masked_index":2,"offset_in_action_run":2,"offset_in_sequence_chunk":4,"previous_token_is_environment":false,"prompt_length":2,"sequence_chunk_index":0,"sequence_row":0,"token_id":2,"turn_index":0,"ulp_distance":null,"xor_bits":"0x41400000"},{"a":"nan","a_bits":"0x7fc00000","abs_delta":"nan","action_run_end":false,"action_run_start":true,"b":0.375,"b_bits":"0x3ec00000","completion_chunk_index":0,"completion_position":0,"completion_valid_length":3,"coordinate":[1,0],"differing_byte_offsets":[3],"distance_to_next_sequence_chunk":254,"logical_kv_prefix_length":2,"masked_index":3,"offset_in_action_run":0,"offset_in_sequence_chunk":2,"previous_token_is_environment":false,"prompt_length":2,"sequence_chunk_index":0,"sequence_row":1,"token_id":3,"turn_index":0,"ulp_distance":null,"xor_bits":"0x41000000"},{"a":"nan","a_bits":"0x7fc00000","abs_delta":"nan","action_run_end":false,"action_run_start":false,"b":0.5,"b_bits":"0x3f000000","completion_chunk_index":0,"completion_position":1,"completion_valid_length":3,"coordinate":[1,1],"differing_byte_offsets":[2,3],"distance_to_next_sequence_chunk":253,"logical_kv_prefix_length":3,"masked_index":4,"offset_in_action_run":1,"offset_in_sequence_chunk":3,"previous_token_is_environment":false,"prompt_length":2,"sequence_chunk_index":0,"sequence_row":1,"token_id":4,"turn_index":0,"ulp_distance":null,"xor_bits":"0x40c00000"},{"a":"nan","a_bits":"0x7fc00000","abs_delta":"nan","action_run_end":true,"action_run_start":false,"b":0.625,"b_bits":"0x3f200000","completion_chunk_index":0,"completion_position":2,"completion_valid_length":3,"coordinate":[1,2],"differing_byte_offsets":[2,3],"distance_to_next_sequence_chunk":252,"logical_kv_prefix_length":4,"masked_index":5,"offset_in_action_run":2,"offset_in_sequence_chunk":4,"previous_token_is_environment":false,"prompt_length":2,"sequence_chunk_index":0,"sequence_row":1,"token_id":5,"turn_index":0,"ulp_distance":null,"xor_bits":"0x40e00000"}],"mismatches_truncated":false,"reported_mismatches":6,"total_bytes":24,"total_elements":6,"valid":true},"S_prefill_vs_T_old":{"byte_fraction":0.0,"differing_bytes":0,"differing_elements":0,"element_fraction":0.0,"finite":true,"first_mismatch":null,"max_abs":0.0,"max_abs_mismatch":null,"mismatches":[],"mismatches_truncated":false,"reported_mismatches":0,"total_bytes":24,"total_elements":6,"valid":true}},"context":{"bucket":"","mesh":"","run_stage":"full","source":"VllmRollout.get_prefill_rescore_logps"},"hashes":{"S_decode":"3fbf182a570eb06706b3baeed428958f3b6b85d6287e297dbc70426f6e116d3e","S_prefill":"259a2e23297810b6704586ca682a0f0497faa0a2260e08a6a30aa79b78fd621b","T_old":"259a2e23297810b6704586ca682a0f0497faa0a2260e08a6a30aa79b78fd621b","action_mask":"dfea2964b5deedea7b1ef077de529c3959e6788bdbb3441e70c77a1ae875bb48","policy_version":"af5570f5a1810b7af78caf4bc70a660f0df51e42baf91d4de5b2328de0e83dfc","tokens":"cd9a54ed1f18bf97db08914e280ea7349e11ca2c4885a4d8052552ceba84208d"},"masked_hashes":{"S_decode":"3fbf182a570eb06706b3baeed428958f3b6b85d6287e297dbc70426f6e116d3e","S_prefill":"259a2e23297810b6704586ca682a0f0497faa0a2260e08a6a30aa79b78fd621b","T_old":"259a2e23297810b6704586ca682a0f0497faa0a2260e08a6a30aa79b78fd621b"},"no_signal_admitted":false,"reds":["S_decode_vs_S_prefill"],"reported_reds":[],"step":0,"timestamp":1787616180.336351,"verdict":"FAIL","warning_reds":[]}
[CANON_ALIGN_PRE_EVIDENCE] path=/tmp/tmpqixqvdd7/pre.jsonl sha256=8ab6aaf3135e8e4a315028b6637859e3e6a3db6b78ee6f63d387e21a3472ddf2
[CANON_ALIGN_PRE] step=0 verdict=FAIL N_action=6 bounds=[('S_decode_vs_S_prefill', 11), ('S_prefill_vs_T_old', 0)]
...[CANON_ALIGN] step=0 verdict=FAIL N_action=6 bounds=[('S_decode_vs_S_prefill', 0), ('S_prefill_vs_T_old', 0), ('T_old_vs_T_current', 1)] w/r/wr={'w_all_exactly_1': True, 'r_all_exactly_1': True, 'wr_all_exactly_1': True} clip=0 tis=0 grad_norm=2
.......[CANON_P38_CAPSULE] path=/tmp/tmp0ihip_mm/capsule.round-000000.npz sha256=563901a4ff57ee75d9e30976c67883501248a436e5b965cd06305f818be7b23c rows=[0] logical_bytes=80
[CANON_ALIGN_PRE_JSON] {"N_action":3,"action_geometry":{"max_logical_kv_prefix_length":4,"min_logical_kv_prefix_length":2,"rows_reaching_1686":0,"valid":true},"admission_policy":{"bounded_ab_only":false,"byte_fraction_limit":0.004,"claim_level":"strict-zero-tim","enabled":false,"id":"gsm8k-full-ab-report-v1","max_abs_limit":0.0001,"stage":"","warning_boundaries":null,"warning_only":false,"workload":""},"all_compact_filtered":false,"blocking_reds":["S_decode_vs_S_prefill"],"boundaries":{"S_decode_vs_S_prefill":{"byte_fraction":0.25,"differing_bytes":3,"differing_elements":3,"element_fraction":1.0,"finite":true,"first_mismatch":{"a":0.125,"a_bits":"0x3e000000","abs_delta":0.125,"action_run_end":false,"action_run_start":true,"b":0.0,"b_bits":"0x00000000","completion_chunk_index":0,"completion_position":0,"completion_valid_length":3,"coordinate":[0,0],"differing_byte_offsets":[3],"distance_to_next_sequence_chunk":254,"logical_kv_prefix_length":2,"masked_index":0,"offset_in_action_run":0,"offset_in_sequence_chunk":2,"previous_token_is_environment":false,"prompt_length":2,"sequence_chunk_index":0,"sequence_row":0,"token_id":0,"turn_index":0,"ulp_distance":1040187392,"xor_bits":"0x3e000000"},"max_abs":0.125,"max_abs_mismatch":{"a":0.125,"a_bits":"0x3e000000","abs_delta":0.125,"action_run_end":false,"action_run_start":true,"b":0.0,"b_bits":"0x00000000","completion_chunk_index":0,"completion_position":0,"completion_valid_length":3,"coordinate":[0,0],"differing_byte_offsets":[3],"distance_to_next_sequence_chunk":254,"logical_kv_prefix_length":2,"masked_index":0,"offset_in_action_run":0,"offset_in_sequence_chunk":2,"previous_token_is_environment":false,"prompt_length":2,"sequence_chunk_index":0,"sequence_row":0,"token_id":0,"turn_index":0,"ulp_distance":1040187392,"xor_bits":"0x3e000000"},"mismatches":[{"a":0.125,"a_bits":"0x3e000000","abs_delta":0.125,"action_run_end":false,"action_run_start":true,"b":0.0,"b_bits":"0x00000000","completion_chunk_index":0,"completion_position":0,"completion_valid_length":3,"coordinate":[0,0],"differing_byte_offsets":[3],"distance_to_next_sequence_chunk":254,"logical_kv_prefix_length":2,"masked_index":0,"offset_in_action_run":0,"offset_in_sequence_chunk":2,"previous_token_is_environment":false,"prompt_length":2,"sequence_chunk_index":0,"sequence_row":0,"token_id":0,"turn_index":0,"ulp_distance":1040187392,"xor_bits":"0x3e000000"},{"a":0.25,"a_bits":"0x3e800000","abs_delta":0.125,"action_run_end":false,"action_run_start":false,"b":0.125,"b_bits":"0x3e000000","completion_chunk_index":0,"completion_position":1,"completion_valid_length":3,"coordinate":[0,1],"differing_byte_offsets":[2],"distance_to_next_sequence_chunk":253,"logical_kv_prefix_length":3,"masked_index":1,"offset_in_action_run":1,"offset_in_sequence_chunk":3,"previous_token_is_environment":false,"prompt_length":2,"sequence_chunk_index":0,"sequence_row":0,"token_id":1,"turn_index":0,"ulp_distance":8388608,"xor_bits":"0x00800000"},{"a":0.375,"a_bits":"0x3ec00000","abs_delta":0.125,"action_run_end":true,"action_run_start":false,"b":0.25,"b_bits":"0x3e800000","completion_chunk_index":0,"completion_position":2,"completion_valid_length":3,"coordinate":[0,2],"differing_byte_offsets":[2],"distance_to_next_sequence_chunk":252,"logical_kv_prefix_length":4,"masked_index":2,"offset_in_action_run":2,"offset_in_sequence_chunk":4,"previous_token_is_environment":false,"prompt_length":2,"sequence_chunk_index":0,"sequence_row":0,"token_id":2,"turn_index":0,"ulp_distance":4194304,"xor_bits":"0x00400000"}],"mismatches_truncated":false,"reported_mismatches":3,"total_bytes":12,"total_elements":3,"valid":true},"S_prefill_vs_T_old":{"byte_fraction":0.0,"differing_bytes":0,"differing_elements":0,"element_fraction":0.0,"finite":true,"first_mismatch":null,"max_abs":0.0,"max_abs_mismatch":null,"mismatches":[],"mismatches_truncated":false,"reported_mismatches":0,"total_bytes":12,"total_elements":3,"valid":true}},"context":{"bucket":"","mesh":"","run_stage":"","source":"VllmRollout.get_prefill_rescore_logps"},"diagnostic_round":0,"hashes":{"S_decode":"1e6f2f4ef8f90554e92adf04db6d557ea91c22805cf440b6666ce3cb5b6e520e","S_prefill":"efca15f4869a9100aebc148f5846eeb652d1eebfe6b6f8b329504b1d25314f45","T_old":"efca15f4869a9100aebc148f5846eeb652d1eebfe6b6f8b329504b1d25314f45","action_mask":"75c8fd04ad916aec3e3d5cb76a452b116b3d4d0912a0a485e9fb8e3d240e210c","policy_version":"df3f619804a92fdb4057192dc43dd748ea778adc52bc498ce80524c014b81119","tokens":"ad5dc1478de06a4c2728ea528bd9361a4b945e92a414bf4d180cedaaeaa5f4cc"},"masked_hashes":{"S_decode":"1e6f2f4ef8f90554e92adf04db6d557ea91c22805cf440b6666ce3cb5b6e520e","S_prefill":"efca15f4869a9100aebc148f5846eeb652d1eebfe6b6f8b329504b1d25314f45","T_old":"efca15f4869a9100aebc148f5846eeb652d1eebfe6b6f8b329504b1d25314f45"},"mismatch_capsule":{"latest_path":"/tmp/tmp0ihip_mm/capsule.npz","logical_bytes":80,"path":"/tmp/tmp0ihip_mm/capsule.round-000000.npz","selected_rows":[0],"sha256":"563901a4ff57ee75d9e30976c67883501248a436e5b965cd06305f818be7b23c"},"no_signal_admitted":false,"reds":["S_decode_vs_S_prefill"],"reported_reds":[],"step":0,"timestamp":1787616180.9280148,"verdict":"FAIL","warning_reds":[]}
[CANON_ALIGN_PRE_EVIDENCE] path=/tmp/tmp0ihip_mm/pre.jsonl sha256=bf6b9168cde36a42014a9bbfcf78ee63e4789767c67f66e944af6fd1f61f47e8
[CANON_ALIGN_PRE] step=0 verdict=FAIL N_action=3 bounds=[('S_decode_vs_S_prefill', 3), ('S_prefill_vs_T_old', 0)]
[CANON_P38] PRECHECK_ROUND_COMPLETE round=1/3 step=0 N_action=3 verdict=FAIL a_b_differing_bytes=3 backward=0 optimizer_commits=0
[CANON_P38_CAPSULE] path=/tmp/tmp0ihip_mm/capsule.round-000001.npz sha256=fd6ad1cd1497a4afeb4af833ab4d7fcf667d8a7be2a2c84b1aa949bed3ca7426 rows=[0] logical_bytes=80
[CANON_ALIGN_PRE_JSON] {"N_action":3,"action_geometry":{"max_logical_kv_prefix_length":4,"min_logical_kv_prefix_length":2,"rows_reaching_1686":0,"valid":true},"admission_policy":{"bounded_ab_only":false,"byte_fraction_limit":0.004,"claim_level":"strict-zero-tim","enabled":false,"id":"gsm8k-full-ab-report-v1","max_abs_limit":0.0001,"stage":"","warning_boundaries":null,"warning_only":false,"workload":""},"all_compact_filtered":false,"blocking_reds":["S_decode_vs_S_prefill"],"boundaries":{"S_decode_vs_S_prefill":{"byte_fraction":0.25,"differing_bytes":3,"differing_elements":3,"element_fraction":1.0,"finite":true,"first_mismatch":{"a":0.125,"a_bits":"0x3e000000","abs_delta":0.125,"action_run_end":false,"action_run_start":true,"b":0.0,"b_bits":"0x00000000","completion_chunk_index":0,"completion_position":0,"completion_valid_length":3,"coordinate":[0,0],"differing_byte_offsets":[3],"distance_to_next_sequence_chunk":254,"logical_kv_prefix_length":2,"masked_index":0,"offset_in_action_run":0,"offset_in_sequence_chunk":2,"previous_token_is_environment":false,"prompt_length":2,"sequence_chunk_index":0,"sequence_row":0,"token_id":0,"turn_index":0,"ulp_distance":1040187392,"xor_bits":"0x3e000000"},"max_abs":0.125,"max_abs_mismatch":{"a":0.125,"a_bits":"0x3e000000","abs_delta":0.125,"action_run_end":false,"action_run_start":true,"b":0.0,"b_bits":"0x00000000","completion_chunk_index":0,"completion_position":0,"completion_valid_length":3,"coordinate":[0,0],"differing_byte_offsets":[3],"distance_to_next_sequence_chunk":254,"logical_kv_prefix_length":2,"masked_index":0,"offset_in_action_run":0,"offset_in_sequence_chunk":2,"previous_token_is_environment":false,"prompt_length":2,"sequence_chunk_index":0,"sequence_row":0,"token_id":0,"turn_index":0,"ulp_distance":1040187392,"xor_bits":"0x3e000000"},"mismatches":[{"a":0.125,"a_bits":"0x3e000000","abs_delta":0.125,"action_run_end":false,"action_run_start":true,"b":0.0,"b_bits":"0x00000000","completion_chunk_index":0,"completion_position":0,"completion_valid_length":3,"coordinate":[0,0],"differing_byte_offsets":[3],"distance_to_next_sequence_chunk":254,"logical_kv_prefix_length":2,"masked_index":0,"offset_in_action_run":0,"offset_in_sequence_chunk":2,"previous_token_is_environment":false,"prompt_length":2,"sequence_chunk_index":0,"sequence_row":0,"token_id":0,"turn_index":0,"ulp_distance":1040187392,"xor_bits":"0x3e000000"},{"a":0.25,"a_bits":"0x3e800000","abs_delta":0.125,"action_run_end":false,"action_run_start":false,"b":0.125,"b_bits":"0x3e000000","completion_chunk_index":0,"completion_position":1,"completion_valid_length":3,"coordinate":[0,1],"differing_byte_offsets":[2],"distance_to_next_sequence_chunk":253,"logical_kv_prefix_length":3,"masked_index":1,"offset_in_action_run":1,"offset_in_sequence_chunk":3,"previous_token_is_environment":false,"prompt_length":2,"sequence_chunk_index":0,"sequence_row":0,"token_id":1,"turn_index":0,"ulp_distance":8388608,"xor_bits":"0x00800000"},{"a":0.375,"a_bits":"0x3ec00000","abs_delta":0.125,"action_run_end":true,"action_run_start":false,"b":0.25,"b_bits":"0x3e800000","completion_chunk_index":0,"completion_position":2,"completion_valid_length":3,"coordinate":[0,2],"differing_byte_offsets":[2],"distance_to_next_sequence_chunk":252,"logical_kv_prefix_length":4,"masked_index":2,"offset_in_action_run":2,"offset_in_sequence_chunk":4,"previous_token_is_environment":false,"prompt_length":2,"sequence_chunk_index":0,"sequence_row":0,"token_id":2,"turn_index":0,"ulp_distance":4194304,"xor_bits":"0x00400000"}],"mismatches_truncated":false,"reported_mismatches":3,"total_bytes":12,"total_elements":3,"valid":true},"S_prefill_vs_T_old":{"byte_fraction":0.0,"differing_bytes":0,"differing_elements":0,"element_fraction":0.0,"finite":true,"first_mismatch":null,"max_abs":0.0,"max_abs_mismatch":null,"mismatches":[],"mismatches_truncated":false,"reported_mismatches":0,"total_bytes":12,"total_elements":3,"valid":true}},"context":{"bucket":"","mesh":"","run_stage":"","source":"VllmRollout.get_prefill_rescore_logps"},"diagnostic_round":1,"hashes":{"S_decode":"1e6f2f4ef8f90554e92adf04db6d557ea91c22805cf440b6666ce3cb5b6e520e","S_prefill":"efca15f4869a9100aebc148f5846eeb652d1eebfe6b6f8b329504b1d25314f45","T_old":"efca15f4869a9100aebc148f5846eeb652d1eebfe6b6f8b329504b1d25314f45","action_mask":"75c8fd04ad916aec3e3d5cb76a452b116b3d4d0912a0a485e9fb8e3d240e210c","policy_version":"df3f619804a92fdb4057192dc43dd748ea778adc52bc498ce80524c014b81119","tokens":"ad5dc1478de06a4c2728ea528bd9361a4b945e92a414bf4d180cedaaeaa5f4cc"},"masked_hashes":{"S_decode":"1e6f2f4ef8f90554e92adf04db6d557ea91c22805cf440b6666ce3cb5b6e520e","S_prefill":"efca15f4869a9100aebc148f5846eeb652d1eebfe6b6f8b329504b1d25314f45","T_old":"efca15f4869a9100aebc148f5846eeb652d1eebfe6b6f8b329504b1d25314f45"},"mismatch_capsule":{"latest_path":"/tmp/tmp0ihip_mm/capsule.npz","logical_bytes":80,"path":"/tmp/tmp0ihip_mm/capsule.round-000001.npz","selected_rows":[0],"sha256":"fd6ad1cd1497a4afeb4af833ab4d7fcf667d8a7be2a2c84b1aa949bed3ca7426"},"no_signal_admitted":false,"reds":["S_decode_vs_S_prefill"],"reported_reds":[],"step":0,"timestamp":1787616180.9351966,"verdict":"FAIL","warning_reds":[]}
[CANON_ALIGN_PRE_EVIDENCE] path=/tmp/tmp0ihip_mm/pre.jsonl sha256=10381de7e290a80402bd6505997f6148001e6e6e5d31a61b5c470e599837f47d
[CANON_ALIGN_PRE] step=0 verdict=FAIL N_action=3 bounds=[('S_decode_vs_S_prefill', 3), ('S_prefill_vs_T_old', 0)]
[CANON_P38] PRECHECK_ROUND_COMPLETE round=2/3 step=0 N_action=3 verdict=FAIL a_b_differing_bytes=3 backward=0 optimizer_commits=0
.[CANON_P38_CAPSULE] path=/tmp/tmpd59chjhv/capsule.npz sha256=cb78a9446218451961d93dfa51e611aba4d53da95aac26eb217507836584718f rows=[0, 1, 2, 3, 4, 5, 6, 7, 8] logical_bytes=720
[CANON_ALIGN_PRE_JSON] {"N_action":27,"action_geometry":{"max_logical_kv_prefix_length":4,"min_logical_kv_prefix_length":2,"rows_reaching_1686":0,"valid":true},"admission_policy":{"bounded_ab_only":false,"byte_fraction_limit":0.004,"claim_level":"strict-zero-tim","enabled":false,"id":"gsm8k-full-ab-report-v1","max_abs_limit":0.0001,"stage":"","warning_boundaries":null,"warning_only":false,"workload":""},"all_compact_filtered":false,"blocking_reds":["S_decode_vs_S_prefill","S_prefill_vs_T_old"],"boundaries":{"S_decode_vs_S_prefill":{"byte_fraction":0.10185185185185185,"differing_bytes":11,"differing_elements":9,"element_fraction":0.3333333333333333,"finite":true,"first_mismatch":{"a":0.0,"a_bits":"0x00000000","abs_delta":0.125,"action_run_end":false,"action_run_start":true,"b":0.125,"b_bits":"0x3e000000","completion_chunk_index":0,"completion_position":0,"completion_valid_length":3,"coordinate":[0,0],"differing_byte_offsets":[3],"distance_to_next_sequence_chunk":254,"logical_kv_prefix_length":2,"masked_index":0,"offset_in_action_run":0,"offset_in_sequence_chunk":2,"previous_token_is_environment":false,"prompt_length":2,"sequence_chunk_index":0,"sequence_row":0,"token_id":0,"turn_index":0,"ulp_distance":1040187392,"xor_bits":"0x3e000000"},"max_abs":0.125,"max_abs_mismatch":{"a":0.0,"a_bits":"0x00000000","abs_delta":0.125,"action_run_end":false,"action_run_start":true,"b":0.125,"b_bits":"0x3e000000","completion_chunk_index":0,"completion_position":0,"completion_valid_length":3,"coordinate":[0,0],"differing_byte_offsets":[3],"distance_to_next_sequence_chunk":254,"logical_kv_prefix_length":2,"masked_index":0,"offset_in_action_run":0,"offset_in_sequence_chunk":2,"previous_token_is_environment":false,"prompt_length":2,"sequence_chunk_index":0,"sequence_row":0,"token_id":0,"turn_index":0,"ulp_distance":1040187392,"xor_bits":"0x3e000000"},"mismatches":[{"a":0.0,"a_bits":"0x00000000","abs_delta":0.125,"action_run_end":false,"action_run_start":true,"b":0.125,"b_bits":"0x3e000000","completion_chunk_index":0,"completion_position":0,"completion_valid_length":3,"coordinate":[0,0],"differing_byte_offsets":[3],"distance_to_next_sequence_chunk":254,"logical_kv_prefix_length":2,"masked_index":0,"offset_in_action_run":0,"offset_in_sequence_chunk":2,"previous_token_is_environment":false,"prompt_length":2,"sequence_chunk_index":0,"sequence_row":0,"token_id":0,"turn_index":0,"ulp_distance":1040187392,"xor_bits":"0x3e000000"},{"a":0.375,"a_bits":"0x3ec00000","abs_delta":0.125,"action_run_end":false,"action_run_start":true,"b":0.5,"b_bits":"0x3f000000","completion_chunk_index":0,"completion_position":0,"completion_valid_length":3,"coordinate":[1,0],"differing_byte_offsets":[2,3],"distance_to_next_sequence_chunk":254,"logical_kv_prefix_length":2,"masked_index":3,"offset_in_action_run":0,"offset_in_sequence_chunk":2,"previous_token_is_environment":false,"prompt_length":2,"sequence_chunk_index":0,"sequence_row":1,"token_id":3,"turn_index":0,"ulp_distance":4194304,"xor_bits":"0x01c00000"},{"a":0.75,"a_bits":"0x3f400000","abs_delta":0.125,"action_run_end":false,"action_run_start":true,"b":0.875,"b_bits":"0x3f600000","completion_chunk_index":0,"completion_position":0,"completion_valid_length":3,"coordinate":[2,0],"differing_byte_offsets":[2],"distance_to_next_sequence_chunk":254,"logical_kv_prefix_length":2,"masked_index":6,"offset_in_action_run":0,"offset_in_sequence_chunk":2,"previous_token_is_environment":false,"prompt_length":2,"sequence_chunk_index":0,"sequence_row":2,"token_id":6,"turn_index":0,"ulp_distance":2097152,"xor_bits":"0x00200000"},{"a":1.125,"a_bits":"0x3f900000","abs_delta":0.125,"action_run_end":false,"action_run_start":true,"b":1.25,"b_bits":"0x3fa00000","completion_chunk_index":0,"completion_position":0,"completion_valid_length":3,"coordinate":[3,0],"differing_byte_offsets":[2],"distance_to_next_sequence_chunk":254,"logical_kv_prefix_length":2,"masked_index":9,"offset_in_action_run":0,"offset_in_sequence_chunk":2,"previous_token_is_environment":false,"prompt_length":2,"sequence_chunk_index":0,"sequence_row":3,"token_id":9,"turn_index":0,"ulp_distance":1048576,"xor_bits":"0x00300000"},{"a":1.5,"a_bits":"0x3fc00000","abs_delta":0.125,"action_run_end":false,"action_run_start":true,"b":1.625,"b_bits":"0x3fd00000","completion_chunk_index":0,"completion_position":0,"completion_valid_length":3,"coordinate":[4,0],"differing_byte_offsets":[2],"distance_to_next_sequence_chunk":254,"logical_kv_prefix_length":2,"masked_index":12,"offset_in_action_run":0,"offset_in_sequence_chunk":2,"previous_token_is_environment":false,"prompt_length":2,"sequence_chunk_index":0,"sequence_row":4,"token_id":12,"turn_index":0,"ulp_distance":1048576,"xor_bits":"0x00100000"},{"a":1.875,"a_bits":"0x3ff00000","abs_delta":0.125,"action_run_end":false,"action_run_start":true,"b":2.0,"b_bits":"0x40000000","completion_chunk_index":0,"completion_position":0,"completion_valid_length":3,"coordinate":[5,0],"differing_byte_offsets":[2,3],"distance_to_next_sequence_chunk":254,"logical_kv_prefix_length":2,"masked_index":15,"offset_in_action_run":0,"offset_in_sequence_chunk":2,"previous_token_is_environment":false,"prompt_length":2,"sequence_chunk_index":0,"sequence_row":5,"token_id":15,"turn_index":0,"ulp_distance":1048576,"xor_bits":"0x7ff00000"},{"a":2.25,"a_bits":"0x40100000","abs_delta":0.125,"action_run_end":false,"action_run_start":true,"b":2.375,"b_bits":"0x40180000","completion_chunk_index":0,"completion_position":0,"completion_valid_length":3,"coordinate":[6,0],"differing_byte_offsets":[2],"distance_to_next_sequence_chunk":254,"logical_kv_prefix_length":2,"masked_index":18,"offset_in_action_run":0,"offset_in_sequence_chunk":2,"previous_token_is_environment":false,"prompt_length":2,"sequence_chunk_index":0,"sequence_row":6,"token_id":18,"turn_index":0,"ulp_distance":524288,"xor_bits":"0x00080000"},{"a":2.625,"a_bits":"0x40280000","abs_delta":0.125,"action_run_end":false,"action_run_start":true,"b":2.75,"b_bits":"0x40300000","completion_chunk_index":0,"completion_position":0,"completion_valid_length":3,"coordinate":[7,0],"differing_byte_offsets":[2],"distance_to_next_sequence_chunk":254,"logical_kv_prefix_length":2,"masked_index":21,"offset_in_action_run":0,"offset_in_sequence_chunk":2,"previous_token_is_environment":false,"prompt_length":2,"sequence_chunk_index":0,"sequence_row":7,"token_id":21,"turn_index":0,"ulp_distance":524288,"xor_bits":"0x00180000"},{"a":3.0,"a_bits":"0x40400000","abs_delta":0.125,"action_run_end":false,"action_run_start":true,"b":3.125,"b_bits":"0x40480000","completion_chunk_index":0,"completion_position":0,"completion_valid_length":3,"coordinate":[8,0],"differing_byte_offsets":[2],"distance_to_next_sequence_chunk":254,"logical_kv_prefix_length":2,"masked_index":24,"offset_in_action_run":0,"offset_in_sequence_chunk":2,"previous_token_is_environment":false,"prompt_length":2,"sequence_chunk_index":0,"sequence_row":8,"token_id":24,"turn_index":0,"ulp_distance":524288,"xor_bits":"0x00080000"}],"mismatches_truncated":false,"reported_mismatches":9,"total_bytes":108,"total_elements":27,"valid":true},"S_prefill_vs_T_old":{"byte_fraction":0.10185185185185185,"differing_bytes":11,"differing_elements":9,"element_fraction":0.3333333333333333,"finite":true,"first_mismatch":{"a":0.125,"a_bits":"0x3e000000","abs_delta":0.125,"action_run_end":false,"action_run_start":true,"b":0.0,"b_bits":"0x00000000","completion_chunk_index":0,"completion_position":0,"completion_valid_length":3,"coordinate":[0,0],"differing_byte_offsets":[3],"distance_to_next_sequence_chunk":254,"logical_kv_prefix_length":2,"masked_index":0,"offset_in_action_run":0,"offset_in_sequence_chunk":2,"previous_token_is_environment":false,"prompt_length":2,"sequence_chunk_index":0,"sequence_row":0,"token_id":0,"turn_index":0,"ulp_distance":1040187392,"xor_bits":"0x3e000000"},"max_abs":0.125,"max_abs_mismatch":{"a":0.125,"a_bits":"0x3e000000","abs_delta":0.125,"action_run_end":false,"action_run_start":true,"b":0.0,"b_bits":"0x00000000","completion_chunk_index":0,"completion_position":0,"completion_valid_length":3,"coordinate":[0,0],"differing_byte_offsets":[3],"distance_to_next_sequence_chunk":254,"logical_kv_prefix_length":2,"masked_index":0,"offset_in_action_run":0,"offset_in_sequence_chunk":2,"previous_token_is_environment":false,"prompt_length":2,"sequence_chunk_index":0,"sequence_row":0,"token_id":0,"turn_index":0,"ulp_distance":1040187392,"xor_bits":"0x3e000000"},"mismatches":[{"a":0.125,"a_bits":"0x3e000000","abs_delta":0.125,"action_run_end":false,"action_run_start":true,"b":0.0,"b_bits":"0x00000000","completion_chunk_index":0,"completion_position":0,"completion_valid_length":3,"coordinate":[0,0],"differing_byte_offsets":[3],"distance_to_next_sequence_chunk":254,"logical_kv_prefix_length":2,"masked_index":0,"offset_in_action_run":0,"offset_in_sequence_chunk":2,"previous_token_is_environment":false,"prompt_length":2,"sequence_chunk_index":0,"sequence_row":0,"token_id":0,"turn_index":0,"ulp_distance":1040187392,"xor_bits":"0x3e000000"},{"a":0.5,"a_bits":"0x3f000000","abs_delta":0.125,"action_run_end":false,"action_run_start":true,"b":0.375,"b_bits":"0x3ec00000","completion_chunk_index":0,"completion_position":0,"completion_valid_length":3,"coordinate":[1,0],"differing_byte_offsets":[2,3],"distance_to_next_sequence_chunk":254,"logical_kv_prefix_length":2,"masked_index":3,"offset_in_action_run":0,"offset_in_sequence_chunk":2,"previous_token_is_environment":false,"prompt_length":2,"sequence_chunk_index":0,"sequence_row":1,"token_id":3,"turn_index":0,"ulp_distance":4194304,"xor_bits":"0x01c00000"},{"a":0.875,"a_bits":"0x3f600000","abs_delta":0.125,"action_run_end":false,"action_run_start":true,"b":0.75,"b_bits":"0x3f400000","completion_chunk_index":0,"completion_position":0,"completion_valid_length":3,"coordinate":[2,0],"differing_byte_offsets":[2],"distance_to_next_sequence_chunk":254,"logical_kv_prefix_length":2,"masked_index":6,"offset_in_action_run":0,"offset_in_sequence_chunk":2,"previous_token_is_environment":false,"prompt_length":2,"sequence_chunk_index":0,"sequence_row":2,"token_id":6,"turn_index":0,"ulp_distance":2097152,"xor_bits":"0x00200000"},{"a":1.25,"a_bits":"0x3fa00000","abs_delta":0.125,"action_run_end":false,"action_run_start":true,"b":1.125,"b_bits":"0x3f900000","completion_chunk_index":0,"completion_position":0,"completion_valid_length":3,"coordinate":[3,0],"differing_byte_offsets":[2],"distance_to_next_sequence_chunk":254,"logical_kv_prefix_length":2,"masked_index":9,"offset_in_action_run":0,"offset_in_sequence_chunk":2,"previous_token_is_environment":false,"prompt_length":2,"sequence_chunk_index":0,"sequence_row":3,"token_id":9,"turn_index":0,"ulp_distance":1048576,"xor_bits":"0x00300000"},{"a":1.625,"a_bits":"0x3fd00000","abs_delta":0.125,"action_run_end":false,"action_run_start":true,"b":1.5,"b_bits":"0x3fc00000","completion_chunk_index":0,"completion_position":0,"completion_valid_length":3,"coordinate":[4,0],"differing_byte_offsets":[2],"distance_to_next_sequence_chunk":254,"logical_kv_prefix_length":2,"masked_index":12,"offset_in_action_run":0,"offset_in_sequence_chunk":2,"previous_token_is_environment":false,"prompt_length":2,"sequence_chunk_index":0,"sequence_row":4,"token_id":12,"turn_index":0,"ulp_distance":1048576,"xor_bits":"0x00100000"},{"a":2.0,"a_bits":"0x40000000","abs_delta":0.125,"action_run_end":false,"action_run_start":true,"b":1.875,"b_bits":"0x3ff00000","completion_chunk_index":0,"completion_position":0,"completion_valid_length":3,"coordinate":[5,0],"differing_byte_offsets":[2,3],"distance_to_next_sequence_chunk":254,"logical_kv_prefix_length":2,"masked_index":15,"offset_in_action_run":0,"offset_in_sequence_chunk":2,"previous_token_is_environment":false,"prompt_length":2,"sequence_chunk_index":0,"sequence_row":5,"token_id":15,"turn_index":0,"ulp_distance":1048576,"xor_bits":"0x7ff00000"},{"a":2.375,"a_bits":"0x40180000","abs_delta":0.125,"action_run_end":false,"action_run_start":true,"b":2.25,"b_bits":"0x40100000","completion_chunk_index":0,"completion_position":0,"completion_valid_length":3,"coordinate":[6,0],"differing_byte_offsets":[2],"distance_to_next_sequence_chunk":254,"logical_kv_prefix_length":2,"masked_index":18,"offset_in_action_run":0,"offset_in_sequence_chunk":2,"previous_token_is_environment":false,"prompt_length":2,"sequence_chunk_index":0,"sequence_row":6,"token_id":18,"turn_index":0,"ulp_distance":524288,"xor_bits":"0x00080000"},{"a":2.75,"a_bits":"0x40300000","abs_delta":0.125,"action_run_end":false,"action_run_start":true,"b":2.625,"b_bits":"0x40280000","completion_chunk_index":0,"completion_position":0,"completion_valid_length":3,"coordinate":[7,0],"differing_byte_offsets":[2],"distance_to_next_sequence_chunk":254,"logical_kv_prefix_length":2,"masked_index":21,"offset_in_action_run":0,"offset_in_sequence_chunk":2,"previous_token_is_environment":false,"prompt_length":2,"sequence_chunk_index":0,"sequence_row":7,"token_id":21,"turn_index":0,"ulp_distance":524288,"xor_bits":"0x00180000"},{"a":3.125,"a_bits":"0x40480000","abs_delta":0.125,"action_run_end":false,"action_run_start":true,"b":3.0,"b_bits":"0x40400000","completion_chunk_index":0,"completion_position":0,"completion_valid_length":3,"coordinate":[8,0],"differing_byte_offsets":[2],"distance_to_next_sequence_chunk":254,"logical_kv_prefix_length":2,"masked_index":24,"offset_in_action_run":0,"offset_in_sequence_chunk":2,"previous_token_is_environment":false,"prompt_length":2,"sequence_chunk_index":0,"sequence_row":8,"token_id":24,"turn_index":0,"ulp_distance":524288,"xor_bits":"0x00080000"}],"mismatches_truncated":false,"reported_mismatches":9,"total_bytes":108,"total_elements":27,"valid":true}},"context":{"bucket":"","mesh":"","run_stage":"","source":"VllmRollout.get_prefill_rescore_logps"},"hashes":{"S_decode":"fa2f71a2b61c8f1c5678106f9f8572f7b8e1073b6e6a2476a7a9e212dbfd901e","S_prefill":"f4b003e3aa763b6c1a58c15908f6935df4c6dde5148632e98281265efa5c55be","T_old":"fa2f71a2b61c8f1c5678106f9f8572f7b8e1073b6e6a2476a7a9e212dbfd901e","action_mask":"726b40b4923b8fc1ff67c2cf4a840ac4b9751f8da18738216d385ad6189c7861","policy_version":"6db65fd59fd356f6729140571b5bcd6bb3b83492a16e1bf0a3884442fc3c8a0e","tokens":"6cefb3794e0cb2eb18cad9866333272b4dcd3d5d7e31a0199530f052386f92a3"},"masked_hashes":{"S_decode":"fa2f71a2b61c8f1c5678106f9f8572f7b8e1073b6e6a2476a7a9e212dbfd901e","S_prefill":"f4b003e3aa763b6c1a58c15908f6935df4c6dde5148632e98281265efa5c55be","T_old":"fa2f71a2b61c8f1c5678106f9f8572f7b8e1073b6e6a2476a7a9e212dbfd901e"},"mismatch_capsule":{"latest_path":"/tmp/tmpd59chjhv/capsule.npz","logical_bytes":720,"path":"/tmp/tmpd59chjhv/capsule.npz","selected_rows":[0,1,2,3,4,5,6,7,8],"sha256":"cb78a9446218451961d93dfa51e611aba4d53da95aac26eb217507836584718f"},"no_signal_admitted":false,"reds":["S_decode_vs_S_prefill","S_prefill_vs_T_old"],"reported_reds":[],"step":0,"timestamp":1787616181.0322723,"verdict":"FAIL","warning_reds":[]}
[CANON_ALIGN_PRE_EVIDENCE] path=/tmp/tmpd59chjhv/pre.jsonl sha256=61bebd667297c67fd04d2715401649f695768e2d1d69259061aab09cbe1a52be
[CANON_ALIGN_PRE] step=0 verdict=FAIL N_action=27 bounds=[('S_decode_vs_S_prefill', 11), ('S_prefill_vs_T_old', 11)]
.......[CANON_ALIGN] step=0 verdict=PASS N_action=6 bounds=[('S_decode_vs_S_prefill', 0), ('S_prefill_vs_T_old', 0), ('T_old_vs_T_current', 0)] w/r/wr={'w_all_exactly_1': True, 'r_all_exactly_1': True, 'wr_all_exactly_1': True} clip=0 tis=0 grad_norm=1
[CANON_ALIGN] step=0 verdict=PASS N_action=6 bounds=[('S_decode_vs_S_prefill', 0), ('S_prefill_vs_T_old', 0), ('T_old_vs_T_current', 0)] w/r/wr={'w_all_exactly_1': True, 'r_all_exactly_1': True, 'wr_all_exactly_1': True} clip=0 tis=0 grad_norm=1
P57_STOCK_POST_BACKWARD_MODULE_C_PASS arms=mismatch,is
.[CANON_ALIGN] step=0 verdict=FAIL N_action=6 bounds=[('S_decode_vs_S_prefill', 0), ('S_prefill_vs_T_old', 0), ('T_old_vs_T_current', 0)] w/r/wr={'w_all_exactly_1': True, 'r_all_exactly_1': True, 'wr_all_exactly_1': True} clip=0 tis=0 grad_norm=1
P57_STOCK_POST_BACKWARD_MODULE_C_NEGATIVE_PASS arm=unknown
.[CANON_ALIGN_PRE_JSON] {"N_action":6,"action_geometry":{"max_logical_kv_prefix_length":4,"min_logical_kv_prefix_length":2,"rows_reaching_1686":0,"valid":true},"admission_policy":{"bounded_ab_only":false,"byte_fraction_limit":0.004,"claim_level":"strict-zero-tim","enabled":false,"id":"gsm8k-full-ab-report-v1","max_abs_limit":0.0001,"stage":"","warning_boundaries":null,"warning_only":false,"workload":""},"all_compact_filtered":false,"blocking_reds":["S_decode_vs_S_prefill","S_prefill_vs_T_old"],"boundaries":{"S_decode_vs_S_prefill":{"byte_fraction":0.041666666666666664,"differing_bytes":1,"differing_elements":1,"element_fraction":0.16666666666666666,"finite":true,"first_mismatch":{"a":0.0,"a_bits":"0x00000000","abs_delta":1.401298464324817e-45,"action_run_end":false,"action_run_start":true,"b":1.401298464324817e-45,"b_bits":"0x00000001","completion_chunk_index":0,"completion_position":0,"completion_valid_length":3,"coordinate":[0,0],"differing_byte_offsets":[0],"distance_to_next_sequence_chunk":254,"logical_kv_prefix_length":2,"masked_index":0,"offset_in_action_run":0,"offset_in_sequence_chunk":2,"previous_token_is_environment":false,"prompt_length":2,"sequence_chunk_index":0,"sequence_row":0,"token_id":0,"turn_index":0,"ulp_distance":1,"xor_bits":"0x00000001"},"max_abs":1.401298464324817e-45,"max_abs_mismatch":{"a":0.0,"a_bits":"0x00000000","abs_delta":1.401298464324817e-45,"action_run_end":false,"action_run_start":true,"b":1.401298464324817e-45,"b_bits":"0x00000001","completion_chunk_index":0,"completion_position":0,"completion_valid_length":3,"coordinate":[0,0],"differing_byte_offsets":[0],"distance_to_next_sequence_chunk":254,"logical_kv_prefix_length":2,"masked_index":0,"offset_in_action_run":0,"offset_in_sequence_chunk":2,"previous_token_is_environment":false,"prompt_length":2,"sequence_chunk_index":0,"sequence_row":0,"token_id":0,"turn_index":0,"ulp_distance":1,"xor_bits":"0x00000001"},"mismatches":[{"a":0.0,"a_bits":"0x00000000","abs_delta":1.401298464324817e-45,"action_run_end":false,"action_run_start":true,"b":1.401298464324817e-45,"b_bits":"0x00000001","completion_chunk_index":0,"completion_position":0,"completion_valid_length":3,"coordinate":[0,0],"differing_byte_offsets":[0],"distance_to_next_sequence_chunk":254,"logical_kv_prefix_length":2,"masked_index":0,"offset_in_action_run":0,"offset_in_sequence_chunk":2,"previous_token_is_environment":false,"prompt_length":2,"sequence_chunk_index":0,"sequence_row":0,"token_id":0,"turn_index":0,"ulp_distance":1,"xor_bits":"0x00000001"}],"mismatches_truncated":false,"reported_mismatches":1,"total_bytes":24,"total_elements":6,"valid":true},"S_prefill_vs_T_old":{"byte_fraction":0.041666666666666664,"differing_bytes":1,"differing_elements":1,"element_fraction":0.16666666666666666,"finite":true,"first_mismatch":{"a":1.401298464324817e-45,"a_bits":"0x00000001","abs_delta":1.401298464324817e-45,"action_run_end":false,"action_run_start":true,"b":0.0,"b_bits":"0x00000000","completion_chunk_index":0,"completion_position":0,"completion_valid_length":3,"coordinate":[0,0],"differing_byte_offsets":[0],"distance_to_next_sequence_chunk":254,"logical_kv_prefix_length":2,"masked_index":0,"offset_in_action_run":0,"offset_in_sequence_chunk":2,"previous_token_is_environment":false,"prompt_length":2,"sequence_chunk_index":0,"sequence_row":0,"token_id":0,"turn_index":0,"ulp_distance":1,"xor_bits":"0x00000001"},"max_abs":1.401298464324817e-45,"max_abs_mismatch":{"a":1.401298464324817e-45,"a_bits":"0x00000001","abs_delta":1.401298464324817e-45,"action_run_end":false,"action_run_start":true,"b":0.0,"b_bits":"0x00000000","completion_chunk_index":0,"completion_position":0,"completion_valid_length":3,"coordinate":[0,0],"differing_byte_offsets":[0],"distance_to_next_sequence_chunk":254,"logical_kv_prefix_length":2,"masked_index":0,"offset_in_action_run":0,"offset_in_sequence_chunk":2,"previous_token_is_environment":false,"prompt_length":2,"sequence_chunk_index":0,"sequence_row":0,"token_id":0,"turn_index":0,"ulp_distance":1,"xor_bits":"0x00000001"},"mismatches":[{"a":1.401298464324817e-45,"a_bits":"0x00000001","abs_delta":1.401298464324817e-45,"action_run_end":false,"action_run_start":true,"b":0.0,"b_bits":"0x00000000","completion_chunk_index":0,"completion_position":0,"completion_valid_length":3,"coordinate":[0,0],"differing_byte_offsets":[0],"distance_to_next_sequence_chunk":254,"logical_kv_prefix_length":2,"masked_index":0,"offset_in_action_run":0,"offset_in_sequence_chunk":2,"previous_token_is_environment":false,"prompt_length":2,"sequence_chunk_index":0,"sequence_row":0,"token_id":0,"turn_index":0,"ulp_distance":1,"xor_bits":"0x00000001"}],"mismatches_truncated":false,"reported_mismatches":1,"total_bytes":24,"total_elements":6,"valid":true}},"context":{"bucket":"","mesh":"","run_stage":"","source":"VllmRollout.get_prefill_rescore_logps"},"hashes":{"S_decode":"259a2e23297810b6704586ca682a0f0497faa0a2260e08a6a30aa79b78fd621b","S_prefill":"609475258274a1b66d89ac1345d7ac8a04e0cb797936db7e2ee15270a92f17c4","T_old":"259a2e23297810b6704586ca682a0f0497faa0a2260e08a6a30aa79b78fd621b","action_mask":"dfea2964b5deedea7b1ef077de529c3959e6788bdbb3441e70c77a1ae875bb48","policy_version":"af5570f5a1810b7af78caf4bc70a660f0df51e42baf91d4de5b2328de0e83dfc","tokens":"cd9a54ed1f18bf97db08914e280ea7349e11ca2c4885a4d8052552ceba84208d"},"masked_hashes":{"S_decode":"259a2e23297810b6704586ca682a0f0497faa0a2260e08a6a30aa79b78fd621b","S_prefill":"609475258274a1b66d89ac1345d7ac8a04e0cb797936db7e2ee15270a92f17c4","T_old":"259a2e23297810b6704586ca682a0f0497faa0a2260e08a6a30aa79b78fd621b"},"no_signal_admitted":false,"reds":["S_decode_vs_S_prefill","S_prefill_vs_T_old"],"reported_reds":[],"step":0,"timestamp":1787616181.1388934,"verdict":"FAIL","warning_reds":[]}
[CANON_ALIGN_PRE_EVIDENCE] path=/tmp/tmpniawj2lk/pre.jsonl sha256=df103727881544f5041e506900e0f61297be7e56e2a96ddeffd2c72e677c7ffb
[CANON_ALIGN_PRE] step=0 verdict=FAIL N_action=6 bounds=[('S_decode_vs_S_prefill', 1), ('S_prefill_vs_T_old', 1)]
.[CANON_ALIGN_PRE_JSON] {"N_action":6,"action_geometry":{"max_logical_kv_prefix_length":4,"min_logical_kv_prefix_length":2,"rows_reaching_1686":0,"valid":true},"admission_policy":{"bounded_ab_only":false,"byte_fraction_limit":0.004,"claim_level":"strict-zero-tim","enabled":false,"id":"gsm8k-full-ab-report-v1","max_abs_limit":0.0001,"stage":"","warning_boundaries":null,"warning_only":false,"workload":""},"all_compact_filtered":false,"blocking_reds":[],"boundaries":{"S_decode_vs_S_prefill":{"byte_fraction":0.0,"differing_bytes":0,"differing_elements":0,"element_fraction":0.0,"finite":true,"first_mismatch":null,"max_abs":0.0,"max_abs_mismatch":null,"mismatches":[],"mismatches_truncated":false,"reported_mismatches":0,"total_bytes":24,"total_elements":6,"valid":true},"S_prefill_vs_T_old":{"byte_fraction":0.0,"differing_bytes":0,"differing_elements":0,"element_fraction":0.0,"finite":true,"first_mismatch":null,"max_abs":0.0,"max_abs_mismatch":null,"mismatches":[],"mismatches_truncated":false,"reported_mismatches":0,"total_bytes":24,"total_elements":6,"valid":true}},"context":{"bucket":"","mesh":"","run_stage":"","source":"VllmRollout.get_prefill_rescore_logps"},"hashes":{"S_decode":"259a2e23297810b6704586ca682a0f0497faa0a2260e08a6a30aa79b78fd621b","S_prefill":"259a2e23297810b6704586ca682a0f0497faa0a2260e08a6a30aa79b78fd621b","T_old":"259a2e23297810b6704586ca682a0f0497faa0a2260e08a6a30aa79b78fd621b","action_mask":"dfea2964b5deedea7b1ef077de529c3959e6788bdbb3441e70c77a1ae875bb48","policy_version":"af5570f5a1810b7af78caf4bc70a660f0df51e42baf91d4de5b2328de0e83dfc","tokens":"cd9a54ed1f18bf97db08914e280ea7349e11ca2c4885a4d8052552ceba84208d"},"masked_hashes":{"S_decode":"259a2e23297810b6704586ca682a0f0497faa0a2260e08a6a30aa79b78fd621b","S_prefill":"259a2e23297810b6704586ca682a0f0497faa0a2260e08a6a30aa79b78fd621b","T_old":"259a2e23297810b6704586ca682a0f0497faa0a2260e08a6a30aa79b78fd621b"},"no_signal_admitted":false,"reds":[],"reported_reds":[],"step":3,"timestamp":1787616181.1422386,"verdict":"PASS","warning_reds":[]}
[CANON_ALIGN_PRE_EVIDENCE] path=/tmp/tmpj_50pytn/pre.jsonl sha256=c4bc6ec1730cc10a65f02a02d758ac77118a638f817871cca5c0f4d79e624a82
[CANON_ALIGN_PRE] step=3 verdict=PASS N_action=6 bounds=[('S_decode_vs_S_prefill', 0), ('S_prefill_vs_T_old', 0)]
...[CANON_ALIGN_PRE_JSON] {"N_action":6,"action_geometry":{"max_logical_kv_prefix_length":4,"min_logical_kv_prefix_length":2,"rows_reaching_1686":0,"valid":true},"admission_policy":{"bounded_ab_only":false,"byte_fraction_limit":0.004,"claim_level":"strict-zero-tim","enabled":false,"id":"gsm8k-full-ab-report-v1","max_abs_limit":0.0001,"stage":"","warning_boundaries":null,"warning_only":false,"workload":""},"all_compact_filtered":false,"blocking_reds":["S_decode_vs_S_prefill","S_prefill_vs_T_old"],"boundaries":{"S_decode_vs_S_prefill":{"byte_fraction":null,"differing_bytes":-1,"differing_elements":-1,"element_fraction":null,"finite":false,"first_mismatch":null,"max_abs":null,"max_abs_mismatch":null,"mismatches":[],"mismatches_truncated":false,"reported_mismatches":0,"total_bytes":-1,"total_elements":-1,"valid":false},"S_prefill_vs_T_old":{"byte_fraction":null,"differing_bytes":-1,"differing_elements":-1,"element_fraction":null,"finite":false,"first_mismatch":null,"max_abs":null,"max_abs_mismatch":null,"mismatches":[],"mismatches_truncated":false,"reported_mismatches":0,"total_bytes":-1,"total_elements":-1,"valid":false}},"context":{"bucket":"","mesh":"","run_stage":"","source":"VllmRollout.get_prefill_rescore_logps"},"hashes":{"S_decode":"259a2e23297810b6704586ca682a0f0497faa0a2260e08a6a30aa79b78fd621b","S_prefill":"df3f619804a92fdb4057192dc43dd748ea778adc52bc498ce80524c014b81119","T_old":"259a2e23297810b6704586ca682a0f0497faa0a2260e08a6a30aa79b78fd621b","action_mask":"dfea2964b5deedea7b1ef077de529c3959e6788bdbb3441e70c77a1ae875bb48","policy_version":"af5570f5a1810b7af78caf4bc70a660f0df51e42baf91d4de5b2328de0e83dfc","tokens":"cd9a54ed1f18bf97db08914e280ea7349e11ca2c4885a4d8052552ceba84208d"},"masked_hashes":{"S_decode":"259a2e23297810b6704586ca682a0f0497faa0a2260e08a6a30aa79b78fd621b","S_prefill":"INVALID_SHAPE","T_old":"259a2e23297810b6704586ca682a0f0497faa0a2260e08a6a30aa79b78fd621b"},"no_signal_admitted":false,"reds":["S_decode_vs_S_prefill","S_prefill_vs_T_old"],"reported_reds":[],"step":0,"timestamp":1787616181.1486933,"verdict":"FAIL","warning_reds":[]}
[CANON_ALIGN_PRE_EVIDENCE] path=/tmp/tmp6c39_ms3/pre.jsonl sha256=6dbe84440af2d1d71f94ae2285f3056d3e86a60bbaeaaca1ac16764ae790eb94
[CANON_ALIGN_PRE] step=0 verdict=FAIL N_action=6 bounds=[('S_decode_vs_S_prefill', -1), ('S_prefill_vs_T_old', -1)]
.[CANON_ALIGN_PRE_JSON] {"N_action":4,"action_geometry":{"max_logical_kv_prefix_length":260,"min_logical_kv_prefix_length":255,"rows_reaching_1686":0,"valid":true},"admission_policy":{"bounded_ab_only":false,"byte_fraction_limit":0.004,"claim_level":"strict-zero-tim","enabled":false,"id":"gsm8k-full-ab-report-v1","max_abs_limit":0.0001,"stage":"","warning_boundaries":null,"warning_only":false,"workload":""},"all_compact_filtered":false,"blocking_reds":["S_decode_vs_S_prefill","S_prefill_vs_T_old"],"boundaries":{"S_decode_vs_S_prefill":{"byte_fraction":0.1875,"differing_bytes":3,"differing_elements":1,"element_fraction":0.25,"finite":true,"first_mismatch":{"a":0.5,"a_bits":"0x3f000000","abs_delta":0.1039000153541565,"action_run_end":false,"action_run_start":true,"b":0.6039000153541565,"b_bits":"0x3f1a9931","completion_chunk_index":0,"completion_position":4,"completion_valid_length":6,"coordinate":[0,4],"differing_byte_offsets":[0,1,2],"distance_to_next_sequence_chunk":253,"logical_kv_prefix_length":259,"masked_index":2,"offset_in_action_run":0,"offset_in_sequence_chunk":3,"previous_token_is_environment":true,"prompt_length":255,"sequence_chunk_index":1,"sequence_row":0,"token_id":4,"turn_index":1,"ulp_distance":1743153,"xor_bits":"0x001a9931"},"max_abs":0.1039000153541565,"max_abs_mismatch":{"a":0.5,"a_bits":"0x3f000000","abs_delta":0.1039000153541565,"action_run_end":false,"action_run_start":true,"b":0.6039000153541565,"b_bits":"0x3f1a9931","completion_chunk_index":0,"completion_position":4,"completion_valid_length":6,"coordinate":[0,4],"differing_byte_offsets":[0,1,2],"distance_to_next_sequence_chunk":253,"logical_kv_prefix_length":259,"masked_index":2,"offset_in_action_run":0,"offset_in_sequence_chunk":3,"previous_token_is_environment":true,"prompt_length":255,"sequence_chunk_index":1,"sequence_row":0,"token_id":4,"turn_index":1,"ulp_distance":1743153,"xor_bits":"0x001a9931"},"mismatches":[{"a":0.5,"a_bits":"0x3f000000","abs_delta":0.1039000153541565,"action_run_end":false,"action_run_start":true,"b":0.6039000153541565,"b_bits":"0x3f1a9931","completion_chunk_index":0,"completion_position":4,"completion_valid_length":6,"coordinate":[0,4],"differing_byte_offsets":[0,1,2],"distance_to_next_sequence_chunk":253,"logical_kv_prefix_length":259,"masked_index":2,"offset_in_action_run":0,"offset_in_sequence_chunk":3,"previous_token_is_environment":true,"prompt_length":255,"sequence_chunk_index":1,"sequence_row":0,"token_id":4,"turn_index":1,"ulp_distance":1743153,"xor_bits":"0x001a9931"}],"mismatches_truncated":false,"reported_mismatches":1,"total_bytes":16,"total_elements":4,"valid":true},"S_prefill_vs_T_old":{"byte_fraction":0.1875,"differing_bytes":3,"differing_elements":1,"element_fraction":0.25,"finite":true,"first_mismatch":{"a":0.6039000153541565,"a_bits":"0x3f1a9931","abs_delta":0.1039000153541565,"action_run_end":false,"action_run_start":true,"b":0.5,"b_bits":"0x3f000000","completion_chunk_index":0,"completion_position":4,"completion_valid_length":6,"coordinate":[0,4],"differing_byte_offsets":[0,1,2],"distance_to_next_sequence_chunk":253,"logical_kv_prefix_length":259,"masked_index":2,"offset_in_action_run":0,"offset_in_sequence_chunk":3,"previous_token_is_environment":true,"prompt_length":255,"sequence_chunk_index":1,"sequence_row":0,"token_id":4,"turn_index":1,"ulp_distance":1743153,"xor_bits":"0x001a9931"},"max_abs":0.1039000153541565,"max_abs_mismatch":{"a":0.6039000153541565,"a_bits":"0x3f1a9931","abs_delta":0.1039000153541565,"action_run_end":false,"action_run_start":true,"b":0.5,"b_bits":"0x3f000000","completion_chunk_index":0,"completion_position":4,"completion_valid_length":6,"coordinate":[0,4],"differing_byte_offsets":[0,1,2],"distance_to_next_sequence_chunk":253,"logical_kv_prefix_length":259,"masked_index":2,"offset_in_action_run":0,"offset_in_sequence_chunk":3,"previous_token_is_environment":true,"prompt_length":255,"sequence_chunk_index":1,"sequence_row":0,"token_id":4,"turn_index":1,"ulp_distance":1743153,"xor_bits":"0x001a9931"},"mismatches":[{"a":0.6039000153541565,"a_bits":"0x3f1a9931","abs_delta":0.1039000153541565,"action_run_end":false,"action_run_start":true,"b":0.5,"b_bits":"0x3f000000","completion_chunk_index":0,"completion_position":4,"completion_valid_length":6,"coordinate":[0,4],"differing_byte_offsets":[0,1,2],"distance_to_next_sequence_chunk":253,"logical_kv_prefix_length":259,"masked_index":2,"offset_in_action_run":0,"offset_in_sequence_chunk":3,"previous_token_is_environment":true,"prompt_length":255,"sequence_chunk_index":1,"sequence_row":0,"token_id":4,"turn_index":1,"ulp_distance":1743153,"xor_bits":"0x001a9931"}],"mismatches_truncated":false,"reported_mismatches":1,"total_bytes":16,"total_elements":4,"valid":true}},"context":{"bucket":"","mesh":"","run_stage":"","source":"VllmRollout.get_prefill_rescore_logps"},"hashes":{"S_decode":"259a2e23297810b6704586ca682a0f0497faa0a2260e08a6a30aa79b78fd621b","S_prefill":"97d7bd6afbc800c792ea053d2f68b46a475385108356c92b3a64ab83d9b55b48","T_old":"259a2e23297810b6704586ca682a0f0497faa0a2260e08a6a30aa79b78fd621b","action_mask":"0666b155967b1e6452b4adbaa386f6b0348ae8db9814e75c2717416754336ecf","policy_version":"df3f619804a92fdb4057192dc43dd748ea778adc52bc498ce80524c014b81119","tokens":"cd9a54ed1f18bf97db08914e280ea7349e11ca2c4885a4d8052552ceba84208d"},"masked_hashes":{"S_decode":"834f82555d45c4bfdae16737af0f1e0d9c61232e70d464726a5eeabc1276670c","S_prefill":"5f380ed03b6b2cab76d283ee94a0a319a253878042b205439dfe4bba0fa8679c","T_old":"834f82555d45c4bfdae16737af0f1e0d9c61232e70d464726a5eeabc1276670c"},"no_signal_admitted":false,"reds":["S_decode_vs_S_prefill","S_prefill_vs_T_old"],"reported_reds":[],"step":0,"timestamp":1787616181.2201598,"verdict":"FAIL","warning_reds":[]}
[CANON_ALIGN_PRE_EVIDENCE] path=/tmp/tmptb9to2f9/pre.jsonl sha256=981767e34806acdd6994547e05e804ab52f80c936c9c89a847bb549476922625
[CANON_ALIGN_PRE] step=0 verdict=FAIL N_action=4 bounds=[('S_decode_vs_S_prefill', 3), ('S_prefill_vs_T_old', 3)]
.[CANON_ALIGN_PRE_JSON] {"N_action":6,"action_geometry":{"max_logical_kv_prefix_length":4,"min_logical_kv_prefix_length":2,"rows_reaching_1686":0,"valid":true},"admission_policy":{"bounded_ab_only":false,"byte_fraction_limit":0.004,"claim_level":"strict-zero-tim","enabled":false,"id":"gsm8k-full-ab-report-v1","max_abs_limit":0.0001,"stage":"","warning_boundaries":null,"warning_only":false,"workload":""},"all_compact_filtered":false,"blocking_reds":["S_decode_vs_S_prefill","S_prefill_vs_T_old"],"boundaries":{"S_decode_vs_S_prefill":{"byte_fraction":0.125,"differing_bytes":3,"differing_elements":1,"element_fraction":0.16666666666666666,"finite":true,"first_mismatch":{"a":0.625,"a_bits":"0x3f200000","abs_delta":0.1039000153541565,"action_run_end":true,"action_run_start":false,"b":0.7289000153541565,"b_bits":"0x3f3a9931","completion_chunk_index":0,"completion_position":2,"completion_valid_length":3,"coordinate":[1,2],"differing_byte_offsets":[0,1,2],"distance_to_next_sequence_chunk":252,"logical_kv_prefix_length":4,"masked_index":5,"offset_in_action_run":2,"offset_in_sequence_chunk":4,"previous_token_is_environment":false,"prompt_length":2,"sequence_chunk_index":0,"sequence_row":1,"token_id":5,"turn_index":0,"ulp_distance":1743153,"xor_bits":"0x001a9931"},"max_abs":0.1039000153541565,"max_abs_mismatch":{"a":0.625,"a_bits":"0x3f200000","abs_delta":0.1039000153541565,"action_run_end":true,"action_run_start":false,"b":0.7289000153541565,"b_bits":"0x3f3a9931","completion_chunk_index":0,"completion_position":2,"completion_valid_length":3,"coordinate":[1,2],"differing_byte_offsets":[0,1,2],"distance_to_next_sequence_chunk":252,"logical_kv_prefix_length":4,"masked_index":5,"offset_in_action_run":2,"offset_in_sequence_chunk":4,"previous_token_is_environment":false,"prompt_length":2,"sequence_chunk_index":0,"sequence_row":1,"token_id":5,"turn_index":0,"ulp_distance":1743153,"xor_bits":"0x001a9931"},"mismatches":[{"a":0.625,"a_bits":"0x3f200000","abs_delta":0.1039000153541565,"action_run_end":true,"action_run_start":false,"b":0.7289000153541565,"b_bits":"0x3f3a9931","completion_chunk_index":0,"completion_position":2,"completion_valid_length":3,"coordinate":[1,2],"differing_byte_offsets":[0,1,2],"distance_to_next_sequence_chunk":252,"logical_kv_prefix_length":4,"masked_index":5,"offset_in_action_run":2,"offset_in_sequence_chunk":4,"previous_token_is_environment":false,"prompt_length":2,"sequence_chunk_index":0,"sequence_row":1,"token_id":5,"turn_index":0,"ulp_distance":1743153,"xor_bits":"0x001a9931"}],"mismatches_truncated":false,"reported_mismatches":1,"total_bytes":24,"total_elements":6,"valid":true},"S_prefill_vs_T_old":{"byte_fraction":0.125,"differing_bytes":3,"differing_elements":1,"element_fraction":0.16666666666666666,"finite":true,"first_mismatch":{"a":0.7289000153541565,"a_bits":"0x3f3a9931","abs_delta":0.1039000153541565,"action_run_end":true,"action_run_start":false,"b":0.625,"b_bits":"0x3f200000","completion_chunk_index":0,"completion_position":2,"completion_valid_length":3,"coordinate":[1,2],"differing_byte_offsets":[0,1,2],"distance_to_next_sequence_chunk":252,"logical_kv_prefix_length":4,"masked_index":5,"offset_in_action_run":2,"offset_in_sequence_chunk":4,"previous_token_is_environment":false,"prompt_length":2,"sequence_chunk_index":0,"sequence_row":1,"token_id":5,"turn_index":0,"ulp_distance":1743153,"xor_bits":"0x001a9931"},"max_abs":0.1039000153541565,"max_abs_mismatch":{"a":0.7289000153541565,"a_bits":"0x3f3a9931","abs_delta":0.1039000153541565,"action_run_end":true,"action_run_start":false,"b":0.625,"b_bits":"0x3f200000","completion_chunk_index":0,"completion_position":2,"completion_valid_length":3,"coordinate":[1,2],"differing_byte_offsets":[0,1,2],"distance_to_next_sequence_chunk":252,"logical_kv_prefix_length":4,"masked_index":5,"offset_in_action_run":2,"offset_in_sequence_chunk":4,"previous_token_is_environment":false,"prompt_length":2,"sequence_chunk_index":0,"sequence_row":1,"token_id":5,"turn_index":0,"ulp_distance":1743153,"xor_bits":"0x001a9931"},"mismatches":[{"a":0.7289000153541565,"a_bits":"0x3f3a9931","abs_delta":0.1039000153541565,"action_run_end":true,"action_run_start":false,"b":0.625,"b_bits":"0x3f200000","completion_chunk_index":0,"completion_position":2,"completion_valid_length":3,"coordinate":[1,2],"differing_byte_offsets":[0,1,2],"distance_to_next_sequence_chunk":252,"logical_kv_prefix_length":4,"masked_index":5,"offset_in_action_run":2,"offset_in_sequence_chunk":4,"previous_token_is_environment":false,"prompt_length":2,"sequence_chunk_index":0,"sequence_row":1,"token_id":5,"turn_index":0,"ulp_distance":1743153,"xor_bits":"0x001a9931"}],"mismatches_truncated":false,"reported_mismatches":1,"total_bytes":24,"total_elements":6,"valid":true}},"context":{"bucket":"","mesh":"","run_stage":"","source":"VllmRollout.get_prefill_rescore_logps"},"hashes":{"S_decode":"259a2e23297810b6704586ca682a0f0497faa0a2260e08a6a30aa79b78fd621b","S_prefill":"ebc5404c5c427ce67c13601a45d05c0a0c4f9a76f531f6e7a0ddce6adb20ef2b","T_old":"259a2e23297810b6704586ca682a0f0497faa0a2260e08a6a30aa79b78fd621b","action_mask":"dfea2964b5deedea7b1ef077de529c3959e6788bdbb3441e70c77a1ae875bb48","policy_version":"af5570f5a1810b7af78caf4bc70a660f0df51e42baf91d4de5b2328de0e83dfc","tokens":"cd9a54ed1f18bf97db08914e280ea7349e11ca2c4885a4d8052552ceba84208d"},"masked_hashes":{"S_decode":"259a2e23297810b6704586ca682a0f0497faa0a2260e08a6a30aa79b78fd621b","S_prefill":"ebc5404c5c427ce67c13601a45d05c0a0c4f9a76f531f6e7a0ddce6adb20ef2b","T_old":"259a2e23297810b6704586ca682a0f0497faa0a2260e08a6a30aa79b78fd621b"},"no_signal_admitted":false,"reds":["S_decode_vs_S_prefill","S_prefill_vs_T_old"],"reported_reds":[],"step":0,"timestamp":1787616181.2239063,"verdict":"FAIL","warning_reds":[]}
[CANON_ALIGN_PRE_EVIDENCE] path=/tmp/tmph19jyk48/pre.jsonl sha256=b12001bd635a17974bb7da329a9a84295de84b9178bf853526bbd814a267f3b9
[CANON_ALIGN_PRE] step=0 verdict=FAIL N_action=6 bounds=[('S_decode_vs_S_prefill', 3), ('S_prefill_vs_T_old', 3)]
....[CANON_ALIGN] step=0 verdict=PASS N_action=6 bounds=[('S_decode_vs_S_prefill', 0), ('S_prefill_vs_T_old', 0), ('T_old_vs_T_current', 0)] w/r/wr={'w_all_exactly_1': True, 'r_all_exactly_1': True, 'wr_all_exactly_1': True} clip=0 tis=0 grad_norm=0
[CANON_ALIGN] step=1 verdict=FAIL N_action=6 bounds=[('S_decode_vs_S_prefill', 0), ('S_prefill_vs_T_old', 0), ('T_old_vs_T_current', 1)] w/r/wr={'w_all_exactly_1': True, 'r_all_exactly_1': True, 'wr_all_exactly_1': True} clip=0 tis=0 grad_norm=0
.[CANON_ALIGN] step=0 verdict=PASS N_action=6 bounds=[('S_decode_vs_S_prefill', 0), ('S_prefill_vs_T_old', 0), ('T_old_vs_T_current', 0)] w/r/wr={'w_all_exactly_1': True, 'r_all_exactly_1': True, 'wr_all_exactly_1': True} clip=0 tis=0 grad_norm=2
[CANON_ALIGN] step=0 verdict=PASS N_action=6 bounds=[('S_decode_vs_S_prefill', 0), ('S_prefill_vs_T_old', 0), ('T_old_vs_T_current', 0)] w/r/wr={'w_all_exactly_1': True, 'r_all_exactly_1': True, 'wr_all_exactly_1': True} clip=0 tis=0 grad_norm=2
.[CANON_ALIGN] step=0 verdict=PASS N_action=6 bounds=[('S_decode_vs_S_prefill', 0), ('S_prefill_vs_T_old', 0), ('T_old_vs_T_current', 0)] w/r/wr={'w_all_exactly_1': True, 'r_all_exactly_1': True, 'wr_all_exactly_1': True} clip=0 tis=0 grad_norm=2
.
----------------------------------------------------------------------
Ran 42 tests in 1.284s

OK
[P45.PROFILE] ADMITTED_PREFLIGHT_PASS topology=DP8xTP8 model_dir=qwen8b_tp8 local_trajectories=32 global_m=2048 optimizer=device-resident eval=off warning_only=on checkpoint=new/10/latest1 host_memory=telemetry+gc1 batched_report=on
[P45.FROZENLAKE] CPU_GATE PASS topology=DP8xTP8 optimizer=device-resident checkpoint=every10/latest1
Running tests under Python 3.12.13: /usr/local/bin/python3
[ RUN      ] PeftTrainerTest.test_p28_g6_checkpointing_is_isolated_to_signed_p45
[       OK ] PeftTrainerTest.test_p28_g6_checkpointing_is_isolated_to_signed_p45
[ RUN      ] PeftTrainerTest.test_p28_g6_precomputed_four_microstep_update
/usr/local/lib/python3.12/site-packages/flax/nnx/tracers.py:29: DeprecationWarning: jax.core.get_opaque_trace_state is deprecated. Use jax.extend.core.get_opaque_trace_state.
  return jax.core.get_opaque_trace_state(convention="nnx")
/workspace/tests/sft/peft_trainer_test.py:1200: DeprecationWarning: 'VariableState' was removed, this is just an alias to 'Variable'. Plase use 'Variable' directly instead.
  is_leaf=lambda value: isinstance(value, nnx.VariableState),
[PERF] stage=grad_accumulate seconds=0.350 microbatch=0 variant=plain call=0.347 block=0.003
[PERF] stage=grad_accumulate seconds=0.003 microbatch=1 variant=plain call=0.003 block=0.000
[PERF] stage=grad_accumulate seconds=0.002 microbatch=2 variant=plain call=0.002 block=0.000
[PERF] stage=grad_accumulate seconds=0.002 microbatch=3 variant=plain call=0.002 block=0.000
/workspace/tunix/sft/peft_trainer.py:1126: DeprecationWarning: jax.interpreters.pxla.thread_resources is deprecated as of JAX v0.8.2. Please switch to using `with jax.set_mesh(mesh)` instead of `with mesh:` and then use `jax.sharding.get_abstract_mesh()` to get the current mesh.
  self._shard_optimizer(pxla.thread_resources.env.physical_mesh)
[PERF] stage=adam_commit_detail seconds=0.593 jit_setup=0.014 call=0.575 block=0.001 evidence_get=0.003
/workspace/tests/sft/peft_trainer_test.py:1221: DeprecationWarning: 'VariableState' was removed, this is just an alias to 'Variable'. Plase use 'Variable' directly instead.
  is_leaf=lambda value: isinstance(value, nnx.VariableState),
[PERF] stage=grad_accumulate seconds=0.323 microbatch=0 variant=plain call=0.323 block=0.000
[PERF] stage=grad_accumulate seconds=0.003 microbatch=1 variant=plain call=0.003 block=0.000
[PERF] stage=grad_accumulate seconds=0.002 microbatch=2 variant=plain call=0.002 block=0.000
[PERF] stage=grad_accumulate seconds=0.002 microbatch=3 variant=plain call=0.002 block=0.000
[PERF] stage=adam_commit_detail seconds=0.583 jit_setup=0.013 call=0.567 block=0.000 evidence_get=0.003
[       OK ] PeftTrainerTest.test_p28_g6_precomputed_four_microstep_update
----------------------------------------------------------------------
Ran 2 tests in 3.808s

OK
Running tests under Python 3.12.13: /usr/local/bin/python3
[ RUN      ] AgenticRLLearnerTest.test_nonpositive_eval_cadence_disables_evaluation
[       OK ] AgenticRLLearnerTest.test_nonpositive_eval_cadence_disables_evaluation
[ RUN      ] AgenticRLLearnerTest.test_p31_segmented_eval_uses_preupdate_step_exactly_once
[       OK ] AgenticRLLearnerTest.test_p31_segmented_eval_uses_preupdate_step_exactly_once
[ RUN      ] AgenticRLLearnerTest.test_p57_evaluate_only_covers_dataset_without_train_update
I0825 00:03:14.704726 139987601425216 algorithm_config.py:72] Initializing AgenticRLConfig:
I0825 00:03:14.704861 139987601425216 algorithm_config.py:75]   algo_variant: grpo
I0825 00:03:14.704915 139987601425216 algorithm_config.py:75]   advantage_estimator: grpo
I0825 00:03:14.704950 139987601425216 algorithm_config.py:75]   policy_loss_fn: grpo
I0825 00:03:14.704979 139987601425216 algorithm_config.py:75]   reward_manager: agentic-sequence-level
I0825 00:03:14.705009 139987601425216 algorithm_config.py:75]   kl_clamp_value: None
I0825 00:03:14.705035 139987601425216 algorithm_config.py:75]   system_prompt: 
I0825 00:03:14.705070 139987601425216 algorithm_config.py:75]   max_response_length: 1024
I0825 00:03:14.705094 139987601425216 algorithm_config.py:75]   max_concurrency: 32
I0825 00:03:14.705117 139987601425216 algorithm_config.py:75]   off_policy_steps: 0
I0825 00:03:14.705140 139987601425216 algorithm_config.py:75]   num_generations: 8
I0825 00:03:14.705163 139987601425216 algorithm_config.py:75]   num_iterations: 1
I0825 00:03:14.705192 139987601425216 algorithm_config.py:75]   episode_timeout: 1800.0
I0825 00:03:14.705215 139987601425216 algorithm_config.py:75]   per_turn_timeout: None
I0825 00:03:14.705239 139987601425216 algorithm_config.py:75]   cleanup_timeout: 150.0
I0825 00:03:14.705261 139987601425216 algorithm_config.py:75]   rollout_batch_timeout: None
I0825 00:03:14.705283 139987601425216 algorithm_config.py:75]   filter_statuses: None
I0825 00:03:14.705306 139987601425216 algorithm_config.py:75]   overlong_filter: False
I0825 00:03:14.705329 139987601425216 algorithm_config.py:75]   use_rollout_logps: True
[       OK ] AgenticRLLearnerTest.test_p57_evaluate_only_covers_dataset_without_train_update
[ RUN      ] AgenticRLLearnerTest.test_p57_rollout_only_evaluate_skips_trainer_recompute
I0825 00:03:14.706741 139987601425216 algorithm_config.py:72] Initializing AgenticRLConfig:
I0825 00:03:14.706801 139987601425216 algorithm_config.py:75]   algo_variant: grpo
I0825 00:03:14.706833 139987601425216 algorithm_config.py:75]   advantage_estimator: grpo
I0825 00:03:14.706861 139987601425216 algorithm_config.py:75]   policy_loss_fn: grpo
I0825 00:03:14.706885 139987601425216 algorithm_config.py:75]   reward_manager: agentic-sequence-level
I0825 00:03:14.706910 139987601425216 algorithm_config.py:75]   kl_clamp_value: None
I0825 00:03:14.706934 139987601425216 algorithm_config.py:75]   system_prompt: 
I0825 00:03:14.706958 139987601425216 algorithm_config.py:75]   max_response_length: 1024
I0825 00:03:14.706984 139987601425216 algorithm_config.py:75]   max_concurrency: 32
I0825 00:03:14.707009 139987601425216 algorithm_config.py:75]   off_policy_steps: 0
I0825 00:03:14.707031 139987601425216 algorithm_config.py:75]   num_generations: 2
I0825 00:03:14.707062 139987601425216 algorithm_config.py:75]   num_iterations: 1
I0825 00:03:14.707087 139987601425216 algorithm_config.py:75]   episode_timeout: 1800.0
I0825 00:03:14.707111 139987601425216 algorithm_config.py:75]   per_turn_timeout: None
I0825 00:03:14.707134 139987601425216 algorithm_config.py:75]   cleanup_timeout: 150.0
I0825 00:03:14.707157 139987601425216 algorithm_config.py:75]   rollout_batch_timeout: None
I0825 00:03:14.707179 139987601425216 algorithm_config.py:75]   filter_statuses: None
I0825 00:03:14.707201 139987601425216 algorithm_config.py:75]   overlong_filter: False
I0825 00:03:14.707224 139987601425216 algorithm_config.py:75]   use_rollout_logps: True
[       OK ] AgenticRLLearnerTest.test_p57_rollout_only_evaluate_skips_trainer_recompute
----------------------------------------------------------------------
Ran 4 tests in 0.004s

OK
Running tests under Python 3.12.13: /usr/local/bin/python3
[ RUN      ] TrajectoryCollectEngineTest.test_reset_timeout_token_preserves_environment_task
W0825 00:03:19.087453 139757071246144 trajectory_collect_engine.py:196] [step_idx=0, pair_index=None, group_id=None] trajectory clipped: ENV_RESET_TIMEOUT
E0825 00:03:19.087625 139757071246144 trajectory_collect_engine.py:258] [step_idx=0, pair_index=None, group_id=None] env.reset exceeded the 0.0s trajectory deadline
I0825 00:03:19.088223 139757071246144 trajectory_collect_engine.py:591] [step_idx=0, pair_index=None, group_id=None] preserving original input from the environment after pre-observation termination
[       OK ] TrajectoryCollectEngineTest.test_reset_timeout_token_preserves_environment_task
[ RUN      ] TrajectoryCollectEngineTest.test_token_prefers_policy_seeded_environment_task
[       OK ] TrajectoryCollectEngineTest.test_token_prefers_policy_seeded_environment_task
[ RUN      ] TrajectoryCollectEngineTest.test_token_merges_policy_version_into_frozenlake_prompt
[       OK ] TrajectoryCollectEngineTest.test_token_merges_policy_version_into_frozenlake_prompt
[ RUN      ] TrajectoryCollectEngineTest.test_policy_seeded_original_input_missing_prompt_fails_closed
W0825 00:03:19.261734 139757071246144 trajectory_collect_engine.py:196] [step_idx=0, pair_index=None, group_id=None] trajectory clipped: ENV_RESET_TIMEOUT
E0825 00:03:19.261834 139757071246144 trajectory_collect_engine.py:258] [step_idx=0, pair_index=None, group_id=None] env.reset exceeded the 1.0s trajectory deadline
I0825 00:03:19.262169 139757071246144 trajectory_collect_engine.py:591] [step_idx=0, pair_index=None, group_id=None] preserving original input from the environment after pre-observation termination
[       OK ] TrajectoryCollectEngineTest.test_policy_seeded_original_input_missing_prompt_fails_closed
----------------------------------------------------------------------
Ran 4 tests in 0.310s

OK
P57_TRAJECTORY_PROMPT_PROVENANCE_PASS frozenlake=merge deepswe=environment reset_timeout=preserved missing_prompt=fail_closed
P57_STOCK_RUNTIME_MATRIX_PASS variants=5 stages=train,eval
........
----------------------------------------------------------------------
Ran 8 tests in 0.002s

OK
WARNING: Running pip as the 'root' user can result in broken permissions and conflicting behaviour with the system package manager, possibly rendering your system unusable. It is recommended to use a virtual environment instead: https://pip.pypa.io/warnings/venv. Use the --root-user-action option if you know what you are doing and want to suppress this warning.

[notice] A new release of pip is available: 26.1.2 -> 26.2.1
[notice] To update, run: pip install --upgrade pip
[P57.STOCK_FAST] RUNTIME_DEPS_PASS packages=6
WARNING 08-25 00:03:28 [tpu_platform.py:408] Pin memory is not supported on TPU.
INFO 08-25 00:03:34 [importing.py:53] Triton is installed but 0 active driver(s) found (expected 1). Disabling Triton to prevent runtime errors.
WARNING 08-25 00:03:34 [importing.py:73] Triton is installed, but `triton.backends` could not be imported. Disabling Triton.
INFO 08-25 00:03:34 [importing.py:88] Triton not installed or not compatible; certain GPU-related functions will not be available.
ERROR 08-25 00:03:35 [tpu_info.py:91] Failed to detect number of TPUs: [Errno 2] No such file or directory: '/dev/vfio'
INFO 08-25 00:03:35 [__init__.py:76] TPU info: node_name=aaron-v5p-node6 | tpu_type=v5p-8 | worker_id=0 | num_chips=0 | num_cores_per_chip=2
INFO 08-25 00:03:35 [attention_interface.py:56] Using default RPA kernel
WARNING 08-25 00:03:35 [interface.py:368] Failed to import from vllm._C: ModuleNotFoundError("No module named 'vllm._C'")
WARNING 08-25 00:03:36 [interface.py:368] Failed to import from vllm._C: ModuleNotFoundError("No module named 'vllm._C'")
WARNING 08-25 00:03:36 [interface.py:368] Failed to import from vllm._C: ModuleNotFoundError("No module named 'vllm._C'")
WARNING 08-25 00:03:36 [interface.py:368] Failed to import from vllm._C: ModuleNotFoundError("No module named 'vllm._C'")
INFO 08-25 00:03:37 [__init__.py:112] Registered model loader `<class 'tpu_inference.models.jax.utils.weight_utils.JaxDummyModelLoader'>` with load format `jax_dummy`
INFO 08-25 00:03:37 [__init__.py:112] Registered model loader `<class 'tpu_inference.models.common.pathways_dummy_loader.PathwaysDummyModelLoader'>` with load format `pathways_dummy`
INFO 08-25 00:03:37 [__init__.py:112] Registered model loader `<class 'tpu_inference.models.vllm.vllm_model_loader.IncrementalModelLoader'>` with load format `tpu_streaming_loader`
WARNING 08-25 00:03:37 [__init__.py:101] Load format `runai_streamer` is already registered, and will be overwritten by the new loader class `<class 'tpu_inference.models.vllm.vllm_model_loader.RunaiIncrementalModelLoader'>`.
INFO 08-25 00:03:37 [__init__.py:112] Registered model loader `<class 'tpu_inference.models.vllm.vllm_model_loader.RunaiIncrementalModelLoader'>` with load format `runai_streamer`
P57_STOCK_ENGINE_IMPORT_PASS modules=6 root=/usr/local/lib/python3.12/site-packages
[P57.STOCK_FAST] WORKLOAD_IMPORT_PASS entrypoint=module
[P57.STOCK_FAST] PREFLIGHT_PASS files=6 import=pass overlay=absent
P57_STOCK_RUNTIME_MODE_PASS run_kind=calibration
[P57.STOCK_FAST] RUNTIME_DEPS_PASS packages=6
WARNING 08-25 00:03:47 [tpu_platform.py:408] Pin memory is not supported on TPU.
INFO 08-25 00:03:53 [importing.py:53] Triton is installed but 0 active driver(s) found (expected 1). Disabling Triton to prevent runtime errors.
WARNING 08-25 00:03:53 [importing.py:73] Triton is installed, but `triton.backends` could not be imported. Disabling Triton.
INFO 08-25 00:03:53 [importing.py:88] Triton not installed or not compatible; certain GPU-related functions will not be available.
ERROR 08-25 00:03:54 [tpu_info.py:91] Failed to detect number of TPUs: [Errno 2] No such file or directory: '/dev/vfio'
INFO 08-25 00:03:54 [__init__.py:76] TPU info: node_name=aaron-v5p-node6 | tpu_type=v5p-8 | worker_id=0 | num_chips=0 | num_cores_per_chip=2
INFO 08-25 00:03:54 [attention_interface.py:56] Using default RPA kernel
WARNING 08-25 00:03:54 [interface.py:368] Failed to import from vllm._C: ModuleNotFoundError("No module named 'vllm._C'")
WARNING 08-25 00:03:55 [interface.py:368] Failed to import from vllm._C: ModuleNotFoundError("No module named 'vllm._C'")
WARNING 08-25 00:03:55 [interface.py:368] Failed to import from vllm._C: ModuleNotFoundError("No module named 'vllm._C'")
WARNING 08-25 00:03:55 [interface.py:368] Failed to import from vllm._C: ModuleNotFoundError("No module named 'vllm._C'")
INFO 08-25 00:03:55 [__init__.py:112] Registered model loader `<class 'tpu_inference.models.jax.utils.weight_utils.JaxDummyModelLoader'>` with load format `jax_dummy`
INFO 08-25 00:03:56 [__init__.py:112] Registered model loader `<class 'tpu_inference.models.common.pathways_dummy_loader.PathwaysDummyModelLoader'>` with load format `pathways_dummy`
INFO 08-25 00:03:56 [__init__.py:112] Registered model loader `<class 'tpu_inference.models.vllm.vllm_model_loader.IncrementalModelLoader'>` with load format `tpu_streaming_loader`
WARNING 08-25 00:03:56 [__init__.py:101] Load format `runai_streamer` is already registered, and will be overwritten by the new loader class `<class 'tpu_inference.models.vllm.vllm_model_loader.RunaiIncrementalModelLoader'>`.
INFO 08-25 00:03:56 [__init__.py:112] Registered model loader `<class 'tpu_inference.models.vllm.vllm_model_loader.RunaiIncrementalModelLoader'>` with load format `runai_streamer`
P57_STOCK_ENGINE_IMPORT_PASS modules=6 root=/usr/local/lib/python3.12/site-packages
[P57.STOCK_FAST] WORKLOAD_IMPORT_PASS entrypoint=module
[P57.STOCK_FAST] PREFLIGHT_PASS files=6 import=pass overlay=absent
P57_STOCK_RUNTIME_MODE_PASS run_kind=train
[P57.STOCK_FAST] RUNTIME_DEPS_PASS packages=6
WARNING 08-25 00:04:07 [tpu_platform.py:408] Pin memory is not supported on TPU.
INFO 08-25 00:04:12 [importing.py:53] Triton is installed but 0 active driver(s) found (expected 1). Disabling Triton to prevent runtime errors.
WARNING 08-25 00:04:12 [importing.py:73] Triton is installed, but `triton.backends` could not be imported. Disabling Triton.
INFO 08-25 00:04:12 [importing.py:88] Triton not installed or not compatible; certain GPU-related functions will not be available.
ERROR 08-25 00:04:13 [tpu_info.py:91] Failed to detect number of TPUs: [Errno 2] No such file or directory: '/dev/vfio'
INFO 08-25 00:04:13 [__init__.py:76] TPU info: node_name=aaron-v5p-node6 | tpu_type=v5p-8 | worker_id=0 | num_chips=0 | num_cores_per_chip=2
INFO 08-25 00:04:13 [attention_interface.py:56] Using default RPA kernel
WARNING 08-25 00:04:13 [interface.py:368] Failed to import from vllm._C: ModuleNotFoundError("No module named 'vllm._C'")
WARNING 08-25 00:04:14 [interface.py:368] Failed to import from vllm._C: ModuleNotFoundError("No module named 'vllm._C'")
WARNING 08-25 00:04:14 [interface.py:368] Failed to import from vllm._C: ModuleNotFoundError("No module named 'vllm._C'")
WARNING 08-25 00:04:14 [interface.py:368] Failed to import from vllm._C: ModuleNotFoundError("No module named 'vllm._C'")
INFO 08-25 00:04:14 [__init__.py:112] Registered model loader `<class 'tpu_inference.models.jax.utils.weight_utils.JaxDummyModelLoader'>` with load format `jax_dummy`
INFO 08-25 00:04:15 [__init__.py:112] Registered model loader `<class 'tpu_inference.models.common.pathways_dummy_loader.PathwaysDummyModelLoader'>` with load format `pathways_dummy`
INFO 08-25 00:04:15 [__init__.py:112] Registered model loader `<class 'tpu_inference.models.vllm.vllm_model_loader.IncrementalModelLoader'>` with load format `tpu_streaming_loader`
WARNING 08-25 00:04:15 [__init__.py:101] Load format `runai_streamer` is already registered, and will be overwritten by the new loader class `<class 'tpu_inference.models.vllm.vllm_model_loader.RunaiIncrementalModelLoader'>`.
INFO 08-25 00:04:15 [__init__.py:112] Registered model loader `<class 'tpu_inference.models.vllm.vllm_model_loader.RunaiIncrementalModelLoader'>` with load format `runai_streamer`
P57_STOCK_ENGINE_IMPORT_PASS modules=6 root=/usr/local/lib/python3.12/site-packages
[P57.STOCK_FAST] WORKLOAD_IMPORT_PASS entrypoint=module
[P57.STOCK_FAST] PREFLIGHT_PASS files=6 import=pass overlay=absent
P57_STOCK_RUNTIME_MODE_PASS run_kind=eval
[P57.STOCK_FAST] RUNTIME_DEPS_PASS packages=6
WARNING 08-25 00:04:25 [tpu_platform.py:408] Pin memory is not supported on TPU.
INFO 08-25 00:04:31 [importing.py:53] Triton is installed but 0 active driver(s) found (expected 1). Disabling Triton to prevent runtime errors.
WARNING 08-25 00:04:31 [importing.py:73] Triton is installed, but `triton.backends` could not be imported. Disabling Triton.
INFO 08-25 00:04:31 [importing.py:88] Triton not installed or not compatible; certain GPU-related functions will not be available.
ERROR 08-25 00:04:31 [tpu_info.py:91] Failed to detect number of TPUs: [Errno 2] No such file or directory: '/dev/vfio'
INFO 08-25 00:04:31 [__init__.py:76] TPU info: node_name=aaron-v5p-node6 | tpu_type=v5p-8 | worker_id=0 | num_chips=0 | num_cores_per_chip=2
INFO 08-25 00:04:32 [attention_interface.py:56] Using default RPA kernel
WARNING 08-25 00:04:32 [interface.py:368] Failed to import from vllm._C: ModuleNotFoundError("No module named 'vllm._C'")
WARNING 08-25 00:04:33 [interface.py:368] Failed to import from vllm._C: ModuleNotFoundError("No module named 'vllm._C'")
WARNING 08-25 00:04:33 [interface.py:368] Failed to import from vllm._C: ModuleNotFoundError("No module named 'vllm._C'")
WARNING 08-25 00:04:33 [interface.py:368] Failed to import from vllm._C: ModuleNotFoundError("No module named 'vllm._C'")
INFO 08-25 00:04:33 [__init__.py:112] Registered model loader `<class 'tpu_inference.models.jax.utils.weight_utils.JaxDummyModelLoader'>` with load format `jax_dummy`
INFO 08-25 00:04:33 [__init__.py:112] Registered model loader `<class 'tpu_inference.models.common.pathways_dummy_loader.PathwaysDummyModelLoader'>` with load format `pathways_dummy`
INFO 08-25 00:04:33 [__init__.py:112] Registered model loader `<class 'tpu_inference.models.vllm.vllm_model_loader.IncrementalModelLoader'>` with load format `tpu_streaming_loader`
WARNING 08-25 00:04:33 [__init__.py:101] Load format `runai_streamer` is already registered, and will be overwritten by the new loader class `<class 'tpu_inference.models.vllm.vllm_model_loader.RunaiIncrementalModelLoader'>`.
INFO 08-25 00:04:33 [__init__.py:112] Registered model loader `<class 'tpu_inference.models.vllm.vllm_model_loader.RunaiIncrementalModelLoader'>` with load format `runai_streamer`
P57_STOCK_ENGINE_IMPORT_PASS modules=6 root=/usr/local/lib/python3.12/site-packages
[P57.STOCK_FAST] WORKLOAD_IMPORT_PASS entrypoint=module
[P57.STOCK_FAST] PREFLIGHT_PASS files=6 import=pass overlay=absent
P57_STOCK_RUNTIME_MODE_PASS run_kind=train arm=is
[P57.STOCK_FAST] FATAL: stock runtime install used outside exact stock-fast runtime
P57_STOCK_RUNTIME_NEGATIVE_PASS arm=zero rejected=1
[P57.STOCK_FAST] FATAL: stock target changed: layers/jax/linear.py
P57_STOCK_ENGINE_NEGATIVE_PASS drift=rejected
P57_FILE_ENTRYPOINT_NEGATIVE_PASS script_mode=rejected
P57_MODULE_ENTRYPOINT_PASS workload_import=complete
P45_QWEN8B_TP8_CONTRACT_SELFTEST_PASS cases=7/7 tp4_negative=1
WARNING 08-25 00:04:53 [tpu_platform.py:408] Pin memory is not supported on TPU.
INFO 08-25 00:04:58 [importing.py:53] Triton is installed but 0 active driver(s) found (expected 1). Disabling Triton to prevent runtime errors.
WARNING 08-25 00:04:58 [importing.py:73] Triton is installed, but `triton.backends` could not be imported. Disabling Triton.
INFO 08-25 00:04:58 [importing.py:88] Triton not installed or not compatible; certain GPU-related functions will not be available.
ERROR 08-25 00:04:59 [tpu_info.py:91] Failed to detect number of TPUs: [Errno 2] No such file or directory: '/dev/vfio'
INFO 08-25 00:04:59 [__init__.py:76] TPU info: node_name=aaron-v5p-node6 | tpu_type=v5p-8 | worker_id=0 | num_chips=0 | num_cores_per_chip=2
P45_QWEN8B_TP8_IMPORT_PASS chain=linear_p22xk model=qwen8b_tp8 tp=8 sites=7
WARNING 08-25 00:05:02 [tpu_platform.py:408] Pin memory is not supported on TPU.
INFO 08-25 00:05:08 [importing.py:53] Triton is installed but 0 active driver(s) found (expected 1). Disabling Triton to prevent runtime errors.
WARNING 08-25 00:05:08 [importing.py:73] Triton is installed, but `triton.backends` could not be imported. Disabling Triton.
INFO 08-25 00:05:08 [importing.py:88] Triton not installed or not compatible; certain GPU-related functions will not be available.
ERROR 08-25 00:05:09 [tpu_info.py:91] Failed to detect number of TPUs: [Errno 2] No such file or directory: '/dev/vfio'
INFO 08-25 00:05:09 [__init__.py:76] TPU info: node_name=aaron-v5p-node6 | tpu_type=v5p-8 | worker_id=0 | num_chips=0 | num_cores_per_chip=2
P38_FIXED_LM_HEAD_EXACT_IMAGE_PASS chain=linear_p22xk model=qwen8b_tp8 tp=8 K=4096 request_M=8,16,32,64,128,256 learner_M=2048,4096 fixed_M=256 local_N=18992 fixed_N=19200 endpoint=untied_lm_head
P45_QWEN8B_TP8_SITE_PASS site=q_proj local_shape=1x4096x512 padding=none forward_shape=1 vjp_shapes=1
P45_QWEN8B_TP8_SITE_PASS site=k_proj local_shape=1x4096x128 padding=none forward_shape=1 vjp_shapes=1
P45_QWEN8B_TP8_SITE_PASS site=v_proj local_shape=1x4096x128 padding=none forward_shape=1 vjp_shapes=1
P45_QWEN8B_TP8_SITE_PASS site=o_proj local_shape=1x512x4096 padding=none forward_shape=1 vjp_shapes=1
P45_QWEN8B_TP8_SITE_PASS site=gate_proj local_shape=1x4096x1536 padding=none forward_shape=1 vjp_shapes=1
P45_QWEN8B_TP8_SITE_PASS site=up_proj local_shape=1x4096x1536 padding=none forward_shape=1 vjp_shapes=1
P45_QWEN8B_TP8_SITE_PASS site=down_proj local_shape=1x1536x4096 padding=none forward_shape=1 vjp_shapes=1
P45_QWEN8B_TP8_FORWARD_VJP_PASS pallas_interpret=1 shape=128x128x128 forward_exact=1 vjp_exact=1
P45_QWEN8B_TP8_PROBE_PASS sites=7/7 padding=none tp=8
[P57.STOCK_OBSERVER] OVERLAY_PASS files=2 stock_runner_verified=1 treatment=observer-only
WARNING 08-25 00:05:14 [tpu_platform.py:408] Pin memory is not supported on TPU.
INFO 08-25 00:05:20 [importing.py:53] Triton is installed but 0 active driver(s) found (expected 1). Disabling Triton to prevent runtime errors.
WARNING 08-25 00:05:20 [importing.py:73] Triton is installed, but `triton.backends` could not be imported. Disabling Triton.
INFO 08-25 00:05:20 [importing.py:88] Triton not installed or not compatible; certain GPU-related functions will not be available.
ERROR 08-25 00:05:21 [tpu_info.py:91] Failed to detect number of TPUs: [Errno 2] No such file or directory: '/dev/vfio'
INFO 08-25 00:05:21 [__init__.py:76] TPU info: node_name=aaron-v5p-node6 | tpu_type=v5p-8 | worker_id=0 | num_chips=0 | num_cores_per_chip=2
.[P57.STOCK_OBSERVER] PROCESSED_PROMPT_LOGPROBS_PASS rows=4 populated=4 targets=absolute-request-history treatment=observer-only
..
----------------------------------------------------------------------
Ran 3 tests in 0.936s

OK
P57_STOCK_OBSERVER_EXACT_IMAGE_PASS targets=absolute values=processed
P45_EXACT_IMAGE_CPU_PASS overlay=qwen8b_tp8
P59_TP_SHIM_EXACT_IMAGE image_ref=sha256:418dc632edd8ff990e8880df6a5ca82369f6c4d705e16152c1ee6f9708d5e53a image_id=sha256:418dc632edd8ff990e8880df6a5ca82369f6c4d705e16152c1ee6f9708d5e53a
Running tests under Python 3.12.13: /usr/local/bin/python3
[ RUN      ] CanonicalQwen3AdapterTest.test_p59_tpx_executes_fixed_head_local_vjp_and_global_negative
/usr/local/lib/python3.12/site-packages/flax/nnx/tracers.py:29: DeprecationWarning: jax.core.get_opaque_trace_state is deprecated. Use jax.extend.core.get_opaque_trace_state.
  return jax.core.get_opaque_trace_state(convention="nnx")
[P59.DP2] head_cotangent_partition_ready global_shape=(16, 16) local_shape=(8,4) placement=dp,tp
[PATHTRACE] CANON_P38_FIXED_LM_HEAD=1 semantic_M=8 fixed_M=8 K=4 TP=4 local_N=4 fixed_N=8 BM=128 BN=256 BK=256 chunks=1 endpoint=direct_probe p59_local=1 global_M=16 dp=2
[PATHTRACE] CANON_P38_FIXED_LM_HEAD=1 semantic_M=8 fixed_M=8 K=4 TP=4 local_N=4 fixed_N=8 BM=128 BN=256 BK=256 chunks=1 endpoint=direct_probe p59_local=1 global_M=16 dp=2
[PATHTRACE] CANON_P38_FIXED_LM_HEAD_VJP=1 semantic_M=16 local_M=8 fixed_M=8 chunks=1 accumulation=lax.scan order=ascending tp_input_reduction=all_gather_rank_order_f32_barrier K=4 TP=4 local_N=4 fixed_N=8 endpoint=direct_probe
[PATHTRACE] CANON_P38_FIXED_LM_HEAD=1 semantic_M=16 fixed_M=8 K=4 TP=4 local_N=4 fixed_N=8 BM=128 BN=256 BK=256 chunks=2 endpoint=direct_probe
[       OK ] CanonicalQwen3AdapterTest.test_p59_tpx_executes_fixed_head_local_vjp_and_global_negative
[ RUN      ] CanonicalQwen3AdapterTest.test_p59_restores_only_physically_equal_tpx_staged_specs
[       OK ] CanonicalQwen3AdapterTest.test_p59_restores_only_physically_equal_tpx_staged_specs
----------------------------------------------------------------------
Ran 2 tests in 2.220s

OK
Running tests under Python 3.12.13: /usr/local/bin/python3
[ RUN      ] CanonicalQwen3AdapterTest.test_p59_tpx_executes_fixed_head_local_vjp_and_global_negative
/usr/local/lib/python3.12/site-packages/flax/nnx/tracers.py:29: DeprecationWarning: jax.core.get_opaque_trace_state is deprecated. Use jax.extend.core.get_opaque_trace_state.
  return jax.core.get_opaque_trace_state(convention="nnx")
[P59.DP2] head_cotangent_partition_ready global_shape=(16, 32) local_shape=(8,4) placement=dp,tp
[PATHTRACE] CANON_P38_FIXED_LM_HEAD=1 semantic_M=8 fixed_M=8 K=4 TP=8 local_N=4 fixed_N=8 BM=128 BN=256 BK=256 chunks=1 endpoint=direct_probe p59_local=1 global_M=16 dp=2
[PATHTRACE] CANON_P38_FIXED_LM_HEAD=1 semantic_M=8 fixed_M=8 K=4 TP=8 local_N=4 fixed_N=8 BM=128 BN=256 BK=256 chunks=1 endpoint=direct_probe p59_local=1 global_M=16 dp=2
[PATHTRACE] CANON_P38_FIXED_LM_HEAD_VJP=1 semantic_M=16 local_M=8 fixed_M=8 chunks=1 accumulation=lax.scan order=ascending tp_input_reduction=all_gather_rank_order_f32_barrier K=4 TP=8 local_N=4 fixed_N=8 endpoint=direct_probe
[PATHTRACE] CANON_P38_FIXED_LM_HEAD=1 semantic_M=16 fixed_M=8 K=4 TP=8 local_N=4 fixed_N=8 BM=128 BN=256 BK=256 chunks=2 endpoint=direct_probe
[       OK ] CanonicalQwen3AdapterTest.test_p59_tpx_executes_fixed_head_local_vjp_and_global_negative
[ RUN      ] CanonicalQwen3AdapterTest.test_p59_restores_only_physically_equal_tpx_staged_specs
[       OK ] CanonicalQwen3AdapterTest.test_p59_restores_only_physically_equal_tpx_staged_specs
----------------------------------------------------------------------
Ran 2 tests in 2.411s

OK
[1/4] extracting stock tpu_inference (mode=path)
      path=/usr/local/lib/python3.12/site-packages/tpu_inference
[2/4] applying patches
[3/4] laying down the shim chain (model=qwen1p7b)
[4/4] verifying against MANIFEST.sha256
      all 36 files match (qwen1p7b)

Installed to: /tmp/p59-qwen1p7b-tp4.dtTZcU   (model=qwen1p7b)

Container mounts -- target paths are under the engine's tpu_inference package
($SP, /usr/local/lib/python3.12/site-packages/tpu_inference on the anchored image):

  $OUT/attn_iface_patched.py   -> $SP/layers/common/attention_interface.py
  $OUT/linear_p22xk.py         -> $SP/layers/jax/linear.py
  $OUT/embed_patched.py        -> $SP/layers/jax/embed.py
  $OUT/tpu_runner_p21_l30.py   -> $SP/runner/tpu_runner.py
  $OUT/qwen3_p22xk.py          -> $SP/models/jax/qwen3.py
  $OUT/qwen2_p22xk.py          -> $SP/models/jax/qwen2.py

  PYTHONPATH=/tmp/p59-qwen1p7b-tp4.dtTZcU:$PYTHONPATH
  CANON_SHIM_ROOT=/tmp/p59-qwen1p7b-tp4.dtTZcU          # optional; defaults to each shim's own directory

Under Kubernetes there are no bind mounts: copy the six files over the target paths instead
(cluster/steps/40_overlay_engine.sh does exactly that).

The canonical switch set is in README.md.  A launch missing any of it is not a canonical run,
and the only proof that the intervention took is the [PATHTRACE] lines -- never the exit code.
WARNING 08-25 00:05:41 [tpu_platform.py:408] Pin memory is not supported on TPU.
INFO 08-25 00:05:46 [importing.py:53] Triton is installed but 0 active driver(s) found (expected 1). Disabling Triton to prevent runtime errors.
WARNING 08-25 00:05:46 [importing.py:73] Triton is installed, but `triton.backends` could not be imported. Disabling Triton.
INFO 08-25 00:05:46 [importing.py:88] Triton not installed or not compatible; certain GPU-related functions will not be available.
ERROR 08-25 00:05:47 [tpu_info.py:91] Failed to detect number of TPUs: [Errno 2] No such file or directory: '/dev/vfio'
INFO 08-25 00:05:47 [__init__.py:76] TPU info: node_name=aaron-v5p-node6 | tpu_type=v5p-8 | worker_id=0 | num_chips=0 | num_cores_per_chip=2
[PATHTRACE] CANON_PALLAS_ALL_PROJ=1 site=q_proj prefix=model.layers.0.self_attn.q_proj M=8 Klocal=4 Nlocal=512
[PATHTRACE] P59_LOCAL_FUSED_LINEAR_READY tp=4 site=gate_proj local_width=1536 declared_width=6144 layout_shards=1 pieces=1
[PATHTRACE] P59_LOCAL_FUSED_LINEAR_READY tp=4 site=up_proj local_width=1536 declared_width=6144 layout_shards=1 pieces=1
[PATHTRACE] CANON_PALLAS_ALL_PROJ=1 site=q_proj prefix=model.layers.0.self_attn.q_proj M=8 Klocal=4 Nlocal=512
[PATHTRACE] CANON_PALLAS_ALL_PROJ=1 site=q_proj prefix=ordinary.serving.q_proj M=16 Klocal=4 Nlocal=512
P59_TP4_INSTALLED_PROJECTION_PASS topology=DP2xTP4 q_proj_layout_shards=1 gate_up_layout_shards_one=2 wrong_width_negative=2 ordinary_global=1 serial_parallel=exact optimizer_commits=0
WARNING 08-25 00:05:55 [tpu_platform.py:408] Pin memory is not supported on TPU.
/usr/local/lib/python3.12/multiprocessing/popen_fork.py:66: RuntimeWarning: os.fork() was called. os.fork() is incompatible with multithreaded code, and JAX is multithreaded, so this will likely lead to a deadlock.
  self.pid = os.fork()
INFO 08-25 00:06:00 [importing.py:53] Triton is installed but 0 active driver(s) found (expected 1). Disabling Triton to prevent runtime errors.
WARNING 08-25 00:06:00 [importing.py:73] Triton is installed, but `triton.backends` could not be imported. Disabling Triton.
INFO 08-25 00:06:00 [importing.py:88] Triton not installed or not compatible; certain GPU-related functions will not be available.
ERROR 08-25 00:06:01 [tpu_info.py:91] Failed to detect number of TPUs: [Errno 2] No such file or directory: '/dev/vfio'
INFO 08-25 00:06:01 [__init__.py:76] TPU info: node_name=aaron-v5p-node6 | tpu_type=v5p-8 | worker_id=0 | num_chips=0 | num_cores_per_chip=2
INFO 08-25 00:06:01 [attn_iface_patched.py:58] Using default RPA kernel
[PATHTRACE] P59_RPA_LOCAL_KV_READY tp=4 local_q_heads=4 local_kv_heads=2 cache_heads=2 packing=2
[PATHTRACE] RPA_VJP2 on (chunked-cache differentiable)
P59_TP4_INSTALLED_ATTENTION_PASS topology=DP2xTP4 local_kv_heads=2 rpa_vjp2=1 wrong_cache_negative=1 ordinary_global_gqa=1 optimizer_commits=0
[1/4] extracting stock tpu_inference (mode=path)
      path=/usr/local/lib/python3.12/site-packages/tpu_inference
[2/4] applying patches
[3/4] laying down the shim chain (model=qwen8b_tp8)
[4/4] verifying against MANIFEST.sha256
      all 36 files match (qwen8b_tp8)

Installed to: /tmp/p59-qwen8b-tp8.EfusmQ   (model=qwen8b_tp8)

Container mounts -- target paths are under the engine's tpu_inference package
($SP, /usr/local/lib/python3.12/site-packages/tpu_inference on the anchored image):

  $OUT/attn_iface_patched.py   -> $SP/layers/common/attention_interface.py
  $OUT/linear_p22xk.py         -> $SP/layers/jax/linear.py
  $OUT/embed_patched.py        -> $SP/layers/jax/embed.py
  $OUT/tpu_runner_p21_l30.py   -> $SP/runner/tpu_runner.py
  $OUT/qwen3_p22xk.py          -> $SP/models/jax/qwen3.py
  $OUT/qwen2_p22xk.py          -> $SP/models/jax/qwen2.py

  PYTHONPATH=/tmp/p59-qwen8b-tp8.EfusmQ:$PYTHONPATH
  CANON_SHIM_ROOT=/tmp/p59-qwen8b-tp8.EfusmQ          # optional; defaults to each shim's own directory

Under Kubernetes there are no bind mounts: copy the six files over the target paths instead
(cluster/steps/40_overlay_engine.sh does exactly that).

The canonical switch set is in README.md.  A launch missing any of it is not a canonical run,
and the only proof that the intervention took is the [PATHTRACE] lines -- never the exit code.
WARNING 08-25 00:06:07 [tpu_platform.py:408] Pin memory is not supported on TPU.
INFO 08-25 00:06:12 [importing.py:53] Triton is installed but 0 active driver(s) found (expected 1). Disabling Triton to prevent runtime errors.
WARNING 08-25 00:06:12 [importing.py:73] Triton is installed, but `triton.backends` could not be imported. Disabling Triton.
INFO 08-25 00:06:12 [importing.py:88] Triton not installed or not compatible; certain GPU-related functions will not be available.
ERROR 08-25 00:06:13 [tpu_info.py:91] Failed to detect number of TPUs: [Errno 2] No such file or directory: '/dev/vfio'
INFO 08-25 00:06:13 [__init__.py:76] TPU info: node_name=aaron-v5p-node6 | tpu_type=v5p-8 | worker_id=0 | num_chips=0 | num_cores_per_chip=2
[PATHTRACE] CANON_PALLAS_ALL_PROJ=1 site=q_proj prefix=model.layers.0.self_attn.q_proj M=8 Klocal=4 Nlocal=512
[PATHTRACE] P59_LOCAL_FUSED_LINEAR_READY tp=8 site=gate_proj local_width=1536 declared_width=12288 layout_shards=1 pieces=1
[PATHTRACE] P59_LOCAL_FUSED_LINEAR_READY tp=8 site=up_proj local_width=1536 declared_width=12288 layout_shards=1 pieces=1
[PATHTRACE] CANON_PALLAS_ALL_PROJ=1 site=q_proj prefix=model.layers.0.self_attn.q_proj M=8 Klocal=4 Nlocal=512
[PATHTRACE] CANON_PALLAS_ALL_PROJ=1 site=q_proj prefix=ordinary.serving.q_proj M=16 Klocal=4 Nlocal=512
P59_TP8_INSTALLED_PROJECTION_PASS topology=DP2xTP8 q_proj_layout_shards=1 gate_up_layout_shards_one=2 wrong_width_negative=2 ordinary_global=1 serial_parallel=exact optimizer_commits=0
WARNING 08-25 00:06:21 [tpu_platform.py:408] Pin memory is not supported on TPU.
/usr/local/lib/python3.12/multiprocessing/popen_fork.py:66: RuntimeWarning: os.fork() was called. os.fork() is incompatible with multithreaded code, and JAX is multithreaded, so this will likely lead to a deadlock.
  self.pid = os.fork()
INFO 08-25 00:06:26 [importing.py:53] Triton is installed but 0 active driver(s) found (expected 1). Disabling Triton to prevent runtime errors.
WARNING 08-25 00:06:26 [importing.py:73] Triton is installed, but `triton.backends` could not be imported. Disabling Triton.
INFO 08-25 00:06:26 [importing.py:88] Triton not installed or not compatible; certain GPU-related functions will not be available.
ERROR 08-25 00:06:27 [tpu_info.py:91] Failed to detect number of TPUs: [Errno 2] No such file or directory: '/dev/vfio'
INFO 08-25 00:06:27 [__init__.py:76] TPU info: node_name=aaron-v5p-node6 | tpu_type=v5p-8 | worker_id=0 | num_chips=0 | num_cores_per_chip=2
INFO 08-25 00:06:27 [attn_iface_patched.py:58] Using default RPA kernel
[PATHTRACE] P59_RPA_LOCAL_KV_READY tp=8 local_q_heads=4 local_kv_heads=1 cache_heads=1 packing=2
[PATHTRACE] RPA_VJP2 on (chunked-cache differentiable)
P59_TP8_INSTALLED_ATTENTION_PASS topology=DP2xTP8 local_kv_heads=1 rpa_vjp2=1 wrong_cache_negative=1 ordinary_global_gqa=1 optimizer_commits=0
P59_TP_SHIM_EXACT_IMAGE_PASS fixed_head=2 installed_projection=2 installed_attention=2 report_adjoint=2 staged_spec_restore=2 fixed_reducer=2 topologies=DP2xTP4,DP2xTP8 optimizer_commits=0 manifests=2x36/36
V1_HP_EXACT_IMAGE image_ref=sha256:418dc632edd8ff990e8880df6a5ca82369f6c4d705e16152c1ee6f9708d5e53a image_id=sha256:418dc632edd8ff990e8880df6a5ca82369f6c4d705e16152c1ee6f9708d5e53a
Running tests under Python 3.12.13: /usr/local/bin/python3
[ RUN      ] CanonicalQwen3AdapterTest.test_dp16_gathered_logprobs_pads_and_slices_each_data_rank
/usr/local/lib/python3.12/site-packages/flax/nnx/tracers.py:29: DeprecationWarning: jax.core.get_opaque_trace_state is deprecated. Use jax.extend.core.get_opaque_trace_state.
  return jax.core.get_opaque_trace_state(convention="nnx")
WARNING 08-25 00:06:35 [tpu_platform.py:408] Pin memory is not supported on TPU.
/usr/local/lib/python3.12/site-packages/tpu_info/device.py:33: DeprecationWarning: In 3.13 classes created inside an enum will not become a member.  Use the `member` decorator to keep the current behavior.
  class Info(typing.NamedTuple):
/usr/local/lib/python3.12/multiprocessing/popen_fork.py:66: RuntimeWarning: os.fork() was called. os.fork() is incompatible with multithreaded code, and JAX is multithreaded, so this will likely lead to a deadlock.
  self.pid = os.fork()
/usr/local/lib/python3.12/multiprocessing/popen_fork.py:66: DeprecationWarning: This process (pid=7) is multi-threaded, use of fork() may lead to deadlocks in the child.
  self.pid = os.fork()
INFO 08-25 00:06:41 [importing.py:53] Triton is installed but 0 active driver(s) found (expected 1). Disabling Triton to prevent runtime errors.
WARNING 08-25 00:06:41 [importing.py:73] Triton is installed, but `triton.backends` could not be imported. Disabling Triton.
INFO 08-25 00:06:41 [importing.py:88] Triton not installed or not compatible; certain GPU-related functions will not be available.
ERROR 08-25 00:06:41 [tpu_info.py:91] Failed to detect number of TPUs: [Errno 2] No such file or directory: '/dev/vfio'
INFO 08-25 00:06:41 [__init__.py:76] TPU info: node_name=aaron-v5p-node6 | tpu_type=v5p-8 | worker_id=0 | num_chips=0 | num_cores_per_chip=2
[P56.GATHERED_LOGPROBS] installed data=16 local_m=256 continue_decode=8
[       OK ] CanonicalQwen3AdapterTest.test_dp16_gathered_logprobs_pads_and_slices_each_data_rank
----------------------------------------------------------------------
Ran 1 test in 6.878s

OK
Running tests under Python 3.12.13: /usr/local/bin/python3
[ RUN      ] CanonicalQwen3AdapterTest.test_p59_rank_parallel_nonhead_pullbacks_match_serial_dp2_tp2
/usr/local/lib/python3.12/site-packages/flax/nnx/tracers.py:29: DeprecationWarning: jax.core.get_opaque_trace_state is deprecated. Use jax.extend.core.get_opaque_trace_state.
  return jax.core.get_opaque_trace_state(convention="nnx")
[P30.G2] SPARSE_GRAD_ASSEMBLY on scalar_zero_canonicalization=1
[       OK ] CanonicalQwen3AdapterTest.test_p59_rank_parallel_nonhead_pullbacks_match_serial_dp2_tp2
----------------------------------------------------------------------
Ran 1 test in 0.995s

OK
Running tests under Python 3.12.13: /usr/local/bin/python3
[ RUN      ] CanonicalQwen3AdapterTest.test_p59_tp4_tp8_localizes_nested_engine_maps_and_collectives
/usr/local/lib/python3.12/site-packages/flax/nnx/tracers.py:29: DeprecationWarning: jax.core.get_opaque_trace_state is deprecated. Use jax.extend.core.get_opaque_trace_state.
  return jax.core.get_opaque_trace_state(convention="nnx")
[       OK ] CanonicalQwen3AdapterTest.test_p59_tp4_tp8_localizes_nested_engine_maps_and_collectives
----------------------------------------------------------------------
Ran 1 test in 0.740s

OK
Running tests under Python 3.12.13: /usr/local/bin/python3
[ RUN      ] DPTrainingTest.test_dp2_tp2_rank_parallel_vjp_matches_serial_rank_isolation
[       OK ] DPTrainingTest.test_dp2_tp2_rank_parallel_vjp_matches_serial_rank_isolation
----------------------------------------------------------------------
Ran 1 test in 1.069s

OK
...
----------------------------------------------------------------------
Ran 3 tests in 0.001s

OK
[V1.PERFETTO] captured training_step=2 timelines=1
.
----------------------------------------------------------------------
Ran 1 test in 0.002s

OK
test_any_real_alignment_fail_is_fatal (test_full_classifier.FullClassifierTest.test_any_real_alignment_fail_is_fatal) ... ok
test_apc_on_is_fatal_for_an_apc_off_recipe (test_full_classifier.FullClassifierTest.test_apc_on_is_fatal_for_an_apc_off_recipe) ... ok
test_direct_eval_cycle_timing_uses_explicit_enclosing_step (test_full_classifier.FullClassifierTest.test_direct_eval_cycle_timing_uses_explicit_enclosing_step) ... ok
test_frozenlake_apc_off_requires_exact_runtime_marker (test_full_classifier.FullClassifierTest.test_frozenlake_apc_off_requires_exact_runtime_marker) ... ok
test_green_full_contract_and_excludes_profiled_step (test_full_classifier.FullClassifierTest.test_green_full_contract_and_excludes_profiled_step) ... ok
test_incoherent_jax_cache_receipt_is_fatal (test_full_classifier.FullClassifierTest.test_incoherent_jax_cache_receipt_is_fatal) ... ok
test_missing_jax_cache_receipt_is_fatal (test_full_classifier.FullClassifierTest.test_missing_jax_cache_receipt_is_fatal) ... ok
test_missing_p59_head_partition_receipt_is_fatal (test_full_classifier.FullClassifierTest.test_missing_p59_head_partition_receipt_is_fatal) ... ok
test_missing_p59_local_fused_linear_receipt_is_fatal (test_full_classifier.FullClassifierTest.test_missing_p59_local_fused_linear_receipt_is_fatal) ... ok
test_missing_p59_rpa_local_kv_receipt_is_fatal (test_full_classifier.FullClassifierTest.test_missing_p59_rpa_local_kv_receipt_is_fatal) ... ok
test_missing_profile_artifact_is_fatal (test_full_classifier.FullClassifierTest.test_missing_profile_artifact_is_fatal) ... ok
test_missing_stable_global_norm_receipt_is_fatal (test_full_classifier.FullClassifierTest.test_missing_stable_global_norm_receipt_is_fatal) ... ok
test_recipe_shape_contracts_cover_dp16_and_dp8 (test_full_classifier.FullClassifierTest.test_recipe_shape_contracts_cover_dp16_and_dp8) ... ok
test_wrong_jax_cache_bucket_is_fatal (test_full_classifier.FullClassifierTest.test_wrong_jax_cache_bucket_is_fatal) ... ok
test_wrong_p59_head_shape_is_fatal (test_full_classifier.FullClassifierTest.test_wrong_p59_head_shape_is_fatal) ... ok
test_wrong_p59_local_chunks_is_fatal (test_full_classifier.FullClassifierTest.test_wrong_p59_local_chunks_is_fatal) ... ok
test_wrong_p59_local_fused_linear_shape_is_fatal (test_full_classifier.FullClassifierTest.test_wrong_p59_local_fused_linear_shape_is_fatal) ... ok
test_wrong_p59_rpa_local_kv_shape_is_fatal (test_full_classifier.FullClassifierTest.test_wrong_p59_rpa_local_kv_shape_is_fatal) ... ok
test_wrong_profile_is_fatal (test_full_classifier.FullClassifierTest.test_wrong_profile_is_fatal) ... ok
test_restore_hit_emits_and_persists_exact_receipt (test_jax_cache_sync.JaxCacheSyncTest.test_restore_hit_emits_and_persists_exact_receipt) ... ok
test_save_runs_before_fail_closed_postflight (test_jax_cache_sync.JaxCacheSyncTest.test_save_runs_before_fail_closed_postflight) ... ok
test_transport_error_is_visible_but_not_a_numerical_gate (test_jax_cache_sync.JaxCacheSyncTest.test_transport_error_is_visible_but_not_a_numerical_gate) ... ok
test_exports_only_target_and_only_newest_committed_step (test_profile_window.ProfileWindowTest.test_exports_only_target_and_only_newest_committed_step) ... [V1.PERFETTO] captured training_step=2 timelines=1
ok
test_rejects_negative_target (test_profile_window.ProfileWindowTest.test_rejects_negative_target) ... ok
test_all_three_pass_real_env_resolution_and_partial_bundle_fails (test_three_full_renderer.ThreeFullRendererTest.test_all_three_pass_real_env_resolution_and_partial_bundle_fails) ... [P57.JOBSET] RENDERED arm=zero path=/tmp/tmpyut4k77_/rendered/frozenlake-p45/jobset-p57-frozenlake-zero-300.yaml
[P57.JOBSET] RENDERED arm=zero path=/tmp/tmpyut4k77_/rendered/frozenlake-m15/jobset-p57-frozenlake-zero-m15-main-300.yaml
V1_HP_MANIFEST_PASS recipe=gsm8k path=/tmp/tmpyut4k77_/rendered/gsm8k/jobset-v1-hp-gsm8k-full.yaml sha256=a765f28f39670d97e7a1ac24eaa0e896daa4c78d8941672b1261302716aaa72f
V1_HP_MANIFEST_PASS recipe=p45 path=/tmp/tmpyut4k77_/rendered/frozenlake-p45/jobset-p57-frozenlake-zero-300.yaml sha256=195e0e6a4b6c34582f01dc9c6adb7a94e4ce81d64689d48033782f7df4a1e318
V1_HP_MANIFEST_PASS recipe=m15 path=/tmp/tmpyut4k77_/rendered/frozenlake-m15/jobset-p57-frozenlake-zero-m15-main-300.yaml sha256=9fa3a75d014ff05fb37164e6bbdd839bbc6d3845d6190470bd666fcd0b4af9ef
V1_HP_THREE_FULL_RENDER_PASS manifests=3 output=/tmp/tmpyut4k77_/rendered
ok
test_exact_image_gate_imports_the_mounted_workspace (test_three_full_renderer.ThreeFullRendererTest.test_exact_image_gate_imports_the_mounted_workspace) ... ok
test_p57_high_performance_rejects_nonzero_or_short_job (test_three_full_renderer.ThreeFullRendererTest.test_p57_high_performance_rejects_nonzero_or_short_job) ... ok
test_profiles_resolve_complete_workload_scoped_bundle (test_three_full_renderer.ThreeFullRendererTest.test_profiles_resolve_complete_workload_scoped_bundle) ... [P57.JOBSET] RENDERED arm=zero path=/tmp/tmpgv63ef1r/rendered/frozenlake-p45/jobset-p57-frozenlake-zero-300.yaml
[P57.JOBSET] RENDERED arm=zero path=/tmp/tmpgv63ef1r/rendered/frozenlake-m15/jobset-p57-frozenlake-zero-m15-main-300.yaml
V1_HP_MANIFEST_PASS recipe=gsm8k path=/tmp/tmpgv63ef1r/rendered/gsm8k/jobset-v1-hp-gsm8k-full.yaml sha256=a765f28f39670d97e7a1ac24eaa0e896daa4c78d8941672b1261302716aaa72f
V1_HP_MANIFEST_PASS recipe=p45 path=/tmp/tmpgv63ef1r/rendered/frozenlake-p45/jobset-p57-frozenlake-zero-300.yaml sha256=195e0e6a4b6c34582f01dc9c6adb7a94e4ce81d64689d48033782f7df4a1e318
V1_HP_MANIFEST_PASS recipe=m15 path=/tmp/tmpgv63ef1r/rendered/frozenlake-m15/jobset-p57-frozenlake-zero-m15-main-300.yaml sha256=9fa3a75d014ff05fb37164e6bbdd839bbc6d3845d6190470bd666fcd0b4af9ef
V1_HP_THREE_FULL_RENDER_PASS manifests=3 output=/tmp/tmpgv63ef1r/rendered
ok
test_refuses_reused_output_and_duplicate_ids (test_three_full_renderer.ThreeFullRendererTest.test_refuses_reused_output_and_duplicate_ids) ... [P57.JOBSET] RENDERED arm=zero path=/tmp/tmpydplv1r6/rendered/frozenlake-p45/jobset-p57-frozenlake-zero-300.yaml
[P57.JOBSET] RENDERED arm=zero path=/tmp/tmpydplv1r6/rendered/frozenlake-m15/jobset-p57-frozenlake-zero-m15-main-300.yaml
V1_HP_MANIFEST_PASS recipe=gsm8k path=/tmp/tmpydplv1r6/rendered/gsm8k/jobset-v1-hp-gsm8k-full.yaml sha256=a765f28f39670d97e7a1ac24eaa0e896daa4c78d8941672b1261302716aaa72f
V1_HP_MANIFEST_PASS recipe=p45 path=/tmp/tmpydplv1r6/rendered/frozenlake-p45/jobset-p57-frozenlake-zero-300.yaml sha256=195e0e6a4b6c34582f01dc9c6adb7a94e4ce81d64689d48033782f7df4a1e318
V1_HP_MANIFEST_PASS recipe=m15 path=/tmp/tmpydplv1r6/rendered/frozenlake-m15/jobset-p57-frozenlake-zero-m15-main-300.yaml sha256=9fa3a75d014ff05fb37164e6bbdd839bbc6d3845d6190470bd666fcd0b4af9ef
V1_HP_THREE_FULL_RENDER_PASS manifests=3 output=/tmp/tmpydplv1r6/rendered
ok
test_renders_exactly_three_strict_full_recipes (test_three_full_renderer.ThreeFullRendererTest.test_renders_exactly_three_strict_full_recipes) ... [P57.JOBSET] RENDERED arm=zero path=/tmp/tmp8cel6qrr/rendered/frozenlake-p45/jobset-p57-frozenlake-zero-300.yaml
[P57.JOBSET] RENDERED arm=zero path=/tmp/tmp8cel6qrr/rendered/frozenlake-m15/jobset-p57-frozenlake-zero-m15-main-300.yaml
V1_HP_MANIFEST_PASS recipe=gsm8k path=/tmp/tmp8cel6qrr/rendered/gsm8k/jobset-v1-hp-gsm8k-full.yaml sha256=a765f28f39670d97e7a1ac24eaa0e896daa4c78d8941672b1261302716aaa72f
V1_HP_MANIFEST_PASS recipe=p45 path=/tmp/tmp8cel6qrr/rendered/frozenlake-p45/jobset-p57-frozenlake-zero-300.yaml sha256=195e0e6a4b6c34582f01dc9c6adb7a94e4ce81d64689d48033782f7df4a1e318
V1_HP_MANIFEST_PASS recipe=m15 path=/tmp/tmp8cel6qrr/rendered/frozenlake-m15/jobset-p57-frozenlake-zero-m15-main-300.yaml sha256=9fa3a75d014ff05fb37164e6bbdd839bbc6d3845d6190470bd666fcd0b4af9ef
V1_HP_THREE_FULL_RENDER_PASS manifests=3 output=/tmp/tmp8cel6qrr/rendered
ok

----------------------------------------------------------------------
Ran 30 tests in 1.537s

OK
V1_HP_THREE_FULL_CPU_PASS manifests=3 strict=3 xprof=3
V1_HP_EXACT_IMAGE_PASS dp16_gathered=1 dp2tp2_parallel=2 p59_tp4_tp8=2 p59_real_shim=4 p59_rpa=2 p59_fused_linear=2 p57_wandb=1 m15_token=1 perfetto_window=1 manifests=3
