{"train/tflops":0.38489784847089686,"/jax/core/compile/backend_compile_duration":1.7569874430845504e+09,"train/completions/min_length":108,"train/completions/mean_length":118,"train/perplexity":1.0001453161239624,"/jax/core/compile/jaxpr_trace_duration":1.7569874430810335e+09,"train/loss":0.00014916242798790336,"/jax/core/compile/jaxpr_to_mlir_module_duration":1.7569874430818553e+09,"_timestamp":1.7569885263064816e+09,"train/rewards/overall":9.5,"train/completions/max_length":128,"_wandb":{"runtime":2},"_runtime":2.28031532,"train/kl":0.0018645304953679442,"_step":635,"train/rewards/check_answer":3,"train/rewards/match_format_approximately":2,"train/rewards/check_numbers":1.5,"train/rewards/match_format_exactly":3}