{"train/rewards/check_answer":1,"train/rewards/overall":5.125,"_wandb":{"runtime":1},"/jax/core/compile/jaxpr_trace_duration":1.7569857615375211e+09,"train/loss":0.00017260544700548053,"train/rewards/match_format_exactly":1.5,"_runtime":1.413520601,"train/perplexity":1.0001686811447144,"train/completions/max_length":306,"_timestamp":1.756986049073801e+09,"train/rewards/check_numbers":0.75,"train/completions/min_length":66,"_step":32,"train/rewards/match_format_approximately":1.875,"train/completions/mean_length":144.375,"train/kl":0.002157568233087659,"/jax/core/compile/backend_compile_duration":1.7569857615428424e+09,"train/tflops":0.42161030164888386,"/jax/core/compile/jaxpr_to_mlir_module_duration":1.756985761538759e+09}