WARNING: Logging before InitGoogle() is written to STDERR
W0000 00:00:1787879823.955523       1 override_grpc_credentials_real.cc:57] Registering MLPathways gRPC credentials override 'grpc_insecure_override'
I0000 00:00:1787879823.957859       1 pipe_transport_registry.cc:30] Registering pipe transport grpc
I0828 01:17:03.976726       1 b295d63588a.cc:788] Linux version 6.12.85+ (builder@535ef2dedada) (Chromium OS 17.0_pre498229-r33 clang version 17.0.0 (/mnt/host/source/src/third_party/llvm-project 14f0776550b5a49e1c42f49a00213f7f3fa047bf), LLD 17.0.0) #1 SMP Mon May 11 07:53:24 UTC 2026
I0828 01:17:03.976995       1 b295d63588a.cc:872] Process id 1
I0828 01:17:03.977015       1 b295d63588a.cc:878] Current working directory /
I0828 01:17:03.977017       1 b295d63588a.cc:881] Current timezone is UTC (currently UTC +00:00)
I0828 01:17:03.977020       1 b295d63588a.cc:886] Built on Jul 30 2026 03:19:54 (1785406794)
I0828 01:17:03.977022       1 b295d63588a.cc:887]  at rbex-enqueue-targets@jgik3.prod.google.com:/google/src/cloud/buildrabbit-username/buildrabbit-client/g3     
I0828 01:17:03.977023       1 b295d63588a.cc:888]  as 
I0828 01:17:03.977025       1 b295d63588a.cc:889]  for gcc-4.X.Y-crosstool-v18-llvm-grtev4-k8.k8
I0828 01:17:03.977030       1 b295d63588a.cc:892]  from changelist 956357083 with baseline 956357083 in a mint client based on __ar56t/g3     
I0828 01:17:03.977037       1 b295d63588a.cc:896] Build label: cloud_pathways.runtime_20260730_0_RC00
I0828 01:17:03.977042       1 b295d63588a.cc:898] Build tool: Bazel, release r4rca-2026.07.27-2 (mainline @954306043)
I0828 01:17:03.977044       1 b295d63588a.cc:899] Build target: 
I0828 01:17:03.977051       1 b295d63588a.cc:907] Command line arguments:
I0828 01:17:03.977052       1 b295d63588a.cc:909] argv[0]: '/usr/pathways/run/cloud_pathways_server_sanitized'
I0828 01:17:03.977055       1 b295d63588a.cc:909] argv[1]: '--server_port=29000'
I0828 01:17:03.977057       1 b295d63588a.cc:909] argv[2]: '--resource_manager_address=canon-p57-fl-zero-f45w10-96544812-pathways-head-0-0.canon-p57-fl-zero-f45w10-96544812:29001'
I0828 01:17:03.977059       1 b295d63588a.cc:909] argv[3]: '--node_type=worker'
I0828 01:17:03.977060       1 b295d63588a.cc:909] argv[4]: '--instance_type=tpuv5:4x4x4'
I0828 01:17:03.977224       1 init.cc:78] Remote crash gathering hook installed.
I0828 01:17:03.977272       1 tpu_runtime_type_flags.cc:78] --tpu_use_tfrt not specified. Using default value: true
I0828 01:17:03.977705       1 host_command_handler_factory.cc:31] Skipping registration of host command handler for opcode Log because it is not in the allowlist.
I0828 01:17:03.977887       1 tpu_hal.cc:467] Registered plugin from module: megascale_sync_flag_logger
I0828 01:17:03.980399       1 tpu_hal.cc:467] Registered plugin from module: RuntimeMetricHelper
I0828 01:17:03.995632       1 logger.cc:308] Enabling threaded logging for severity WARNING
I0828 01:17:03.995669       1 tpu_hal.cc:467] Registered plugin from module: sdc_checker_callback
I0828 01:17:03.995885       1 mlock.cc:220] mlock()-ed 4096 bytes for BuildID, using 1 syscalls.
I0828 01:17:03.996110       1 cloud_config_util.cc:53] STARTUP: argv[0]: /usr/pathways/run/cloud_pathways_server_sanitized$
I0828 01:17:03.996118       1 cloud_config_util.cc:57] STARTUP: env: PATH=/bin$
I0828 01:17:03.996119       1 cloud_config_util.cc:57] STARTUP: env: HOSTNAME=gke-tpu-3a97861b-vg3h$
I0828 01:17:03.996120       1 cloud_config_util.cc:57] STARTUP: env: LD_LIBRARY_PATH=/usr/grte/v5/lib64/:/usr/pathways/run/$
I0828 01:17:03.996121       1 cloud_config_util.cc:57] STARTUP: env: PATHWAYS_UNSAFE_UNSAFE_OVERRIDE_GRPC_CREDENTIALS=grpc_insecure_override$
I0828 01:17:03.996122       1 cloud_config_util.cc:57] STARTUP: env: TPU_STDERR_LOG_LEVEL=0$
I0828 01:17:03.996123       1 cloud_config_util.cc:57] STARTUP: env: TPU_CHIPS_PER_HOST_BOUNDS=2,2,1$
I0828 01:17:03.996124       1 cloud_config_util.cc:57] STARTUP: env: CHIPS_PER_HOST_BOUNDS=2,2,1$
I0828 01:17:03.996125       1 cloud_config_util.cc:57] STARTUP: env: TPU_TOPOLOGY_WRAP=true,true,true$
I0828 01:17:03.996126       1 cloud_config_util.cc:57] STARTUP: env: ALT=false$
I0828 01:17:03.996127       1 cloud_config_util.cc:57] STARTUP: env: VBAR_CONTROL_SERVICE_URL=unix:///var/run/tpu-plugin/vbar.sock$
I0828 01:17:03.996128       1 cloud_config_util.cc:57] STARTUP: env: TPU_HOST_BOUNDS=2,2,4$
I0828 01:17:03.996129       1 cloud_config_util.cc:57] STARTUP: env: WRAP=true,true,true$
I0828 01:17:03.996130       1 cloud_config_util.cc:57] STARTUP: env: TPU_TOPOLOGY=4x4x4$
I0828 01:17:03.996131       1 cloud_config_util.cc:57] STARTUP: env: TPU_SKIP_MDS_QUERY=true$
I0828 01:17:03.996132       1 cloud_config_util.cc:57] STARTUP: env: HOST_BOUNDS=2,2,4$
I0828 01:17:03.996133       1 cloud_config_util.cc:57] STARTUP: env: ENABLE_ICI_RESILIENCY=true$
I0828 01:17:03.996134       1 cloud_config_util.cc:57] STARTUP: env: TPU_ACCELERATOR_TYPE=v5p-128$
I0828 01:17:03.996135       1 cloud_config_util.cc:57] STARTUP: env: TPU_TOPOLOGY_ALT=false$
I0828 01:17:03.996136       1 cloud_config_util.cc:57] STARTUP: env: TPU_RUNTIME_METRICS_PORTS=8431,8432,8433,8434$
I0828 01:17:03.996138       1 cloud_config_util.cc:57] STARTUP: env: JOB_COMPLETION_INDEX=5$
I0828 01:17:03.996139       1 cloud_config_util.cc:57] STARTUP: env: XLA_PYTHON_CLIENT_MEM_FRACTION=0.9$
I0828 01:17:03.996140       1 cloud_config_util.cc:57] STARTUP: env: TPU_WORKER_HOSTNAMES=canon-p57-fl-zero-f45w10-96544812-pathways-worker-0-0.canon-p57-fl-zero-f45w10-96544812,canon-p57-fl-zero-f45w10-96544812-pathways-worker-0-1.canon-p57-fl-zero-f45w10-96544812,canon-p57-fl-zero-f45w10-96544812-pathways-worker-0-2.canon-p57-fl-zero-f45w10-96544812,canon-p57-fl-zero-f45w10-96544812-pathways-worker-0-3.canon-p57-fl-zero-f45w10-96544812,canon-p57-fl-zero-f45w10-96544812-pathways-worker-0-4.canon-p57-fl-zero-f45w10-96544812,canon-p57-fl-zero-f45w10-96544812-pathways-worker-0-5.canon-p57-fl-zero-f45w10-96544812,canon-p57-fl-zero-f45w10-96544812-pathways-worker-0-6.canon-p57-fl-zero-f45w10-96544812,canon-p57-fl-zero-f45w10-96544812-pathways-worker-0-7.canon-p57-fl-zero-f45w10-96544812,canon-p57-fl-zero-f45w10-96544812-pathways-worker-0-8.canon-p57-fl-zero-f45w10-96544812,canon-p57-fl-zero-f45w10-96544812-pathways-worker-0-9.canon-p57-fl-zero-f45w10-96544812,canon-p57-fl-zero-f45w10-96544812-pathways-worker-0-10.canon-p57-fl-zero-f45w10-96544812,canon-p57-fl-zero-f45w10-96544812-pathways-worker-0-11.canon-p57-fl-zero-f45w10-96544812,canon-p57-fl-zero-f45w10-96544812-pathways-worker-0-12.canon-p57-fl-zero-f45w10-96544812,canon-p57-fl-zero-f45w10-96544812-pathways-worker-0-13.canon-p57-fl-zero-f45w10-96544812,canon-p57-fl-zero-f45w10-96544812-pathways-worker-0-14.canon-p57-fl-zero-f45w10-96544812,canon-p57-fl-zero-f45w10-96544812-pathways-worker-0-15.canon-p57-fl-zero-f45w10-96544812$
I0828 01:17:03.996142       1 cloud_config_util.cc:57] STARTUP: env: MEGASCALE_NUM_SLICES=1$
I0828 01:17:03.996143       1 cloud_config_util.cc:57] STARTUP: env: JOBSET_NAME=canon-p57-fl-zero-f45w10-96544812$
I0828 01:17:03.996145       1 cloud_config_util.cc:57] STARTUP: env: ENABLE_PATHWAYS_PERSISTENCE=1$
I0828 01:17:03.996146       1 cloud_config_util.cc:57] STARTUP: env: MEGASCALE_GRPC_ENABLE_XOR_TRACER=false$
I0828 01:17:03.996147       1 cloud_config_util.cc:57] STARTUP: env: REPLICATED_JOB_NAME=pathways-worker$
I0828 01:17:03.996148       1 cloud_config_util.cc:57] STARTUP: env: MEGASCALE_SLICE_ID=0$
I0828 01:17:03.996149       1 cloud_config_util.cc:57] STARTUP: env: MEGASCALE_COORDINATOR_ADDRESS=$
I0828 01:17:03.996150       1 cloud_config_util.cc:57] STARTUP: env: PATHWAYS_HEAD=canon-p57-fl-zero-f45w10-96544812-pathways-head-0-0.canon-p57-fl-zero-f45w10-96544812$
I0828 01:17:03.996152       1 cloud_config_util.cc:57] STARTUP: env: TPU_MIN_LOG_LEVEL=0$
I0828 01:17:03.996153       1 cloud_config_util.cc:57] STARTUP: env: TF_CPP_MIN_LOG_LEVEL=0$
I0828 01:17:03.996154       1 cloud_config_util.cc:57] STARTUP: env: XCLOUD_ENVIRONMENT=GCP$
I0828 01:17:03.996155       1 cloud_config_util.cc:57] STARTUP: env: XLA_PYTHON_CLIENT_PREALLOCATE=true$
I0828 01:17:03.996156       1 cloud_config_util.cc:57] STARTUP: env: TPU_WORKER_ID=5$
I0828 01:17:03.996157       1 cloud_config_util.cc:57] STARTUP: env: KIMI_K3_SERVICE_SERVICE_PORT=8000$
I0828 01:17:03.996159       1 cloud_config_util.cc:57] STARTUP: env: KIMI_K3_SERVICE_PORT_8000_TCP=tcp://34.118.236.245:8000$
I0828 01:17:03.996160       1 cloud_config_util.cc:57] STARTUP: env: KIMI_K3_SERVICE_PORT_8000_TCP_PORT=8000$
I0828 01:17:03.996161       1 cloud_config_util.cc:57] STARTUP: env: KIMI_K3_SERVICE_PORT_8000_TCP_ADDR=34.118.236.245$
I0828 01:17:03.996162       1 cloud_config_util.cc:57] STARTUP: env: KUBERNETES_SERVICE_HOST=34.118.224.1$
I0828 01:17:03.996163       1 cloud_config_util.cc:57] STARTUP: env: KUBERNETES_PORT_443_TCP_PROTO=tcp$
I0828 01:17:03.996164       1 cloud_config_util.cc:57] STARTUP: env: KUBERNETES_PORT_443_TCP_ADDR=34.118.224.1$
I0828 01:17:03.996165       1 cloud_config_util.cc:57] STARTUP: env: KIMI_K3_SERVICE_SERVICE_HOST=34.118.236.245$
I0828 01:17:03.996167       1 cloud_config_util.cc:57] STARTUP: env: KUBERNETES_PORT_443_TCP=tcp://34.118.224.1:443$
I0828 01:17:03.996168       1 cloud_config_util.cc:57] STARTUP: env: KUBERNETES_PORT_443_TCP_PORT=443$
I0828 01:17:03.996169       1 cloud_config_util.cc:57] STARTUP: env: KUBERNETES_SERVICE_PORT_HTTPS=443$
I0828 01:17:03.996170       1 cloud_config_util.cc:57] STARTUP: env: KUBERNETES_PORT=tcp://34.118.224.1:443$
I0828 01:17:03.996171       1 cloud_config_util.cc:57] STARTUP: env: KIMI_K3_SERVICE_SERVICE_PORT_HTTP_SERVING=8000$
I0828 01:17:03.996172       1 cloud_config_util.cc:57] STARTUP: env: KIMI_K3_SERVICE_PORT=tcp://34.118.236.245:8000$
I0828 01:17:03.996174       1 cloud_config_util.cc:57] STARTUP: env: KIMI_K3_SERVICE_PORT_8000_TCP_PROTO=tcp$
I0828 01:17:03.996175       1 cloud_config_util.cc:57] STARTUP: env: KUBERNETES_SERVICE_PORT=443$
I0828 01:17:03.996176       1 cloud_config_util.cc:57] STARTUP: env: HOME=/$
I0828 01:17:03.996177       1 cloud_config_util.cc:57] STARTUP: env: CLOUD_TPU_TASK_ID=5$
I0828 01:17:03.996178       1 cloud_config_util.cc:57] STARTUP: env: TPU_PREMAPPED_BUFFER_SIZE=4294967296$
I0828 01:17:03.996179       1 cloud_config_util.cc:57] STARTUP: env: CLOUD_TPU_ACCELERATOR_TYPE=v5p-128$
I0828 01:17:03.996181       1 cloud_config_util.cc:64] STARTUP: config: CloudWorkerAndRmConfig(gcs_scratch_location: , server_port: 29000, node_type: 0, resource_manager_address: dns:///canon-p57-fl-zero-f45w10-96544812-pathways-head-0-0.canon-p57-fl-zero-f45w10-96544812:29001, expected_instances: , tpu_pinned_host_allocation_recycle: 0, enable_gcs_olm: 1, temporary_flags_for_debugging: , chip_config_name: , tpu_premapped_buffer_size: 4294967296)
I0828 01:17:03.996729       1 pipe_transport_registry.cc:45] Determined pipe transport grpc
W0828 01:17:03.996753       1 override_grpc_credentials_real.cc:75] Using MLPathways gRPC server credentials override
I0828 01:17:03.996803       1 config.cc:265] gRPC experiments: xds_server_filter_chain_per_route:off; default-enabled: buffer_list_deletion_prep, cache_loas_context_in_connection_context, call_tracer_send_initial_metadata_is_an_annotation, callv3_batch_validation, callv3_census_client, callv3_census_server, census_global_family_cache, chaotic_good_framing_layer, chaotic_good_send_supported_features, custom_frame_check, directpath_rpc_header_sanitization_filter, event_engine_callback_cq, event_engine_client, event_engine_dns, event_engine_dns_non_client_channel, event_engine_listener, inproc_cancel_stream, message_size_refactoring, monitoring_experiment, optimization_01, optimization_02, optimization_03, optimization_04, ph2_perf_01, promise_batch_cleanup_on_cancel, promise_filter_send_cancel_metadata, subchannel_connection_scaling, tsi_frame_protector_without_locks, wildcard_ip_expansion_restriction
I0828 01:17:03.996910       1 httpserver2_cloud.cc:122] Attempting to start grpc service at [::]:29000
I0828 01:17:03.997060      30 monitoring.cc:47] Starting all registered TSL metrics exporters.
I0828 01:17:03.998735       1 httpserver2_cloud.cc:125] Started grpc service at [::]:29000
I0828 01:17:03.998746       1 pipe_grpc.cc:332] Pipe grpc server listening on [::]:29000
W0828 01:17:03.998750       1 pjrt_tpu_init.cc:65] worker_connected_callback is ignored.
W0828 01:17:03.998754       1 pjrt_tpu_init.cc:69] worker_disconnected_callback is ignored.
I0828 01:17:04.011227       1 device_util.cc:81] Found 4 TPU v5 chips.
I0828 01:17:04.011241       1 tpu_version_flag.cc:77] Using auto-detected TPU version TPU v5
I0828 01:17:04.012581       1 tpu_chip_config.cc:367] Resolved chip config alias megachip_tccontrol->megacore for 2093c6a02, 
I0828 01:17:04.013290       1 pending_event_logger.cc:964] Enabling PjRt/TPU event dependency logging.
I0828 01:17:04.014409     258 flags_util.cc:316] Using 8471 from --2a886c8_slice_builder_worker_port as SliceBuilder worker service port.
I0828 01:17:04.015081     258 tpu_network_factory.cc:62] tpunetd either not supported or disabled, falling back to Slice Builder
I0828 01:17:04.023494     258 init-domain.cc:132] Fiber init: default domain = futex, concurrency = 228, prefix = futex-default
I0828 01:17:04.708446     263 async_driver.cc:477] [/dev/vfio/2 tpu924:pe0:0] vf_id:0 Driver opened.
I0828 01:17:04.731893     262 async_driver.cc:477] [/dev/vfio/1 tpu924:pe0:2] vf_id:0 Driver opened.
I0828 01:17:04.731894     261 async_driver.cc:477] [/dev/vfio/0 tpu924:pe0:3] vf_id:0 Driver opened.
I0828 01:17:04.732418     260 futex.cc:71] RAW: Futex::Swap(): using GFUTEX_SWAP
I0828 01:17:04.733033     263 tpu_vxc_driver.cc:935] Throttled firmware queue size configured to 223(Firmware queue size: 256, leaving 32 for misc purposes).
I0828 01:17:04.759350     261 tpu_vxc_driver.cc:935] Throttled firmware queue size configured to 223(Firmware queue size: 256, leaving 32 for misc purposes).
I0828 01:17:04.759544     262 tpu_vxc_driver.cc:935] Throttled firmware queue size configured to 223(Firmware queue size: 256, leaving 32 for misc purposes).
I0828 01:17:04.763437     263 async_driver.cc:1858] All cores supported.
I0828 01:17:04.766428     262 async_driver.cc:1858] All cores supported.
I0828 01:17:04.766707     261 async_driver.cc:1858] All cores supported.
I0828 01:17:04.804081     264 async_driver.cc:477] [/dev/vfio/3 tpu924:pe0:1] vf_id:0 Driver opened.
I0828 01:17:04.828574     264 tpu_vxc_driver.cc:935] Throttled firmware queue size configured to 223(Firmware queue size: 256, leaving 32 for misc purposes).
I0828 01:17:04.834155     264 async_driver.cc:1858] All cores supported.
I0828 01:17:07.685831     258 tpu_hal.cc:209] Starting premapped memory manager initialization...
W0828 01:17:07.689550     601 libtpu_telemetry_utils.cc:44] Metric already exists: hlo.execution.timing.distribution.microseconds
W0828 01:17:07.689566     601 libtpu_telemetry_utils.cc:44] Metric already exists: hlo.queue.size.gauge
W0828 01:17:07.689562     600 libtpu_telemetry_utils.cc:44] Metric already exists: hlo.execution.timing.distribution.microseconds
W0828 01:17:07.689582     600 libtpu_telemetry_utils.cc:44] Metric already exists: hlo.queue.size.gauge
W0828 01:17:07.689570     598 libtpu_telemetry_utils.cc:44] Metric already exists: hlo.execution.timing.distribution.microseconds
W0828 01:17:07.689592     598 libtpu_telemetry_utils.cc:44] Metric already exists: hlo.queue.size.gauge
W0828 01:17:07.691207     601 libtpu_telemetry_utils.cc:44] Metric already exists: hlo.execution.timing.distribution.microseconds
W0828 01:17:07.691208     599 libtpu_telemetry_utils.cc:44] Metric already exists: hlo.execution.timing.distribution.microseconds
W0828 01:17:07.691217     601 libtpu_telemetry_utils.cc:44] Metric already exists: hlo.queue.size.gauge
W0828 01:17:07.691221     599 libtpu_telemetry_utils.cc:44] Metric already exists: hlo.queue.size.gauge
W0828 01:17:07.691209     598 libtpu_telemetry_utils.cc:44] Metric already exists: hlo.execution.timing.distribution.microseconds
W0828 01:17:07.691226     598 libtpu_telemetry_utils.cc:44] Metric already exists: hlo.queue.size.gauge
W0828 01:17:07.691243     600 libtpu_telemetry_utils.cc:44] Metric already exists: hlo.execution.timing.distribution.microseconds
W0828 01:17:07.691254     600 libtpu_telemetry_utils.cc:44] Metric already exists: hlo.queue.size.gauge
I0828 01:17:08.410975     258 runtime_metric_service.cc:197] Successfully started Runtime Metric Service on port: 8431
I0828 01:17:08.411143     258 system.cc:1087] tpu::System initialized, current host id: 7, logical device ids: 26,27,30,31
I0828 01:17:08.411191       1 tpu_system_state.cc:224] CreateTpuSystemState: TPU initialization is successful and it took 4.397893088s
I0828 01:17:08.411207       1 tpu_system_state.cc:228] CreateTpuSystemState: using TPU host premapped buffer of size: 4294967296
I0828 01:17:08.411213       1 tpu_host_allocator.cc:68] Premapped buffer is using alignment 64
I0828 01:17:08.411214     671 tpu_diagnostic_coordinator.cc:610] TpuDiagnosticCoordinator listening on socket /tmp/tpu_diag_trigger_1.socket (symlinked at /tmp/tpu_diag_latest.socket)
I0828 01:17:08.411634       1 tpu_linearizer.cc:104] Inflight linearization byte limit configured to : 1099511627776
I0828 01:17:08.411642       1 tpu_linearizer.cc:118] Inflight delinearization byte limit configured to : 1099511627776
I0828 01:17:08.411871       1 allocator_stats_reporter.cc:117] Starting AllocatorStats Reporter with reporting interval: 5s
I0828 01:17:08.412484       1 pjrt_c_api_client.cc:187] PjRtCApiClient created.
I0828 01:17:08.412496       1 server_lib.cc:2229] Dispatching compilation of PSI exchange program
I0828 01:17:08.412513       1 watch_dog.cc:26] Creating thread: PwWatchDog_9638028378209493103 for WatchDog: Timebomb for initial consensus program
I0828 01:17:08.414807       1 2a886c8_compiler_hlo_passes.cc:6336] XLA::TPU running hlo passes for 2 instructions, module: psi_info_exchange.1
I0828 01:17:08.414828       1 2a886c8_compiler_hlo_passes.cc:6381] Initial HLO module: psi_info_exchange.1 instructions: 2 fingerprint: 
I0828 01:17:08.415226       1 2a886c8_compiler_hlo_passes.cc:6445] HLO optimizing module: psi_info_exchange.1 instructions: 2
I0828 01:17:08.415230       1 2a886c8_compiler_hlo_passes.cc:6459] XLA::TPU HLO optimization
I0828 01:17:08.417116     682 tpu_layout_assignment.cc:4245] Ran 2 additional passes of layout assignment to assign all layouts.
I0828 01:17:08.417293       1 2a886c8_compiler_hlo_passes.cc:6248] xla_tpu_impure_hlo_parallel_compile is DISABLED. psi_info_exchange.1
I0828 01:17:08.419280       1 2a886c8_compiler_hlo_passes.cc:5327] XLA::TPU HLO PostOptimizationPipeline
I0828 01:17:08.420072       1 tpu_plumb_vmem_info.cc:668] scavenging_mode: 0 for module: psi_info_exchange.1
I0828 01:17:08.420132       1 2a886c8_compiler_hlo_passes.cc:6532] HLO_PASSES stage duration: 5.303809ms
I0828 01:17:08.424131     663 tpu_chip_config.cc:367] Resolved chip config alias megachip_tccontrol->megacore for 2093c6a02, 
I0828 01:17:08.424898     663 memory_space_assignment_util.cc:621] MSA Vmem breakdown: default scoped vmem (from flag): 16777216; does_msa_directly_allocate_scoped_vmem: F; bytes_for_msa_to_allocate: 50266112
I0828 01:17:08.443600     684 2a886c8_compiler_base.cc:4059] BACKEND_PASSES stage duration: 19.51950625ms
I0828 01:17:08.445344     684 2a886c8_compiler_backend.cc:1776] final program bundle count: 1,043 note this count does not reflect cycles spent executing delays.
I0828 01:17:08.451212     684 2a886c8_compiler_backend.cc:1968] Program divided into 2 overlays without HLO functions (102.0K).
I0828 01:17:08.451284     684 2a886c8_compiler_backend.cc:2134] XLA::TPU module name: psi_info_exchange.1
I0828 01:17:08.451288     684 2a886c8_compiler_backend.cc:2136] XLA::TPU program HBM usage: 183.0K / 95.73G
I0828 01:17:08.451290     684 2a886c8_compiler_backend.cc:2143] Note that --xla_tpu_max_hbm_size_mib is not specified. This means that the compiler may use up all available HBM, possibly prioritizing other metrics (latency, compile-time, ..) over memory usage. To reduce memory usage, set --xla_tpu_max_hbm_size_mib to a smaller value.
I0828 01:17:08.451292     684 2a886c8_compiler_backend.cc:2177] XLA::TPU program VMEM usage: 166.5K / 64.00M
I0828 01:17:08.451300     684 2a886c8_compiler_backend.cc:2188] Total hbm usage >= 279.21M:
    reserved        279.03M 
    program          183.0K 
    arguments          512B 

Output size 6.0K; shares 0B with arguments.

Total host usage >= 0B:
    reserved             0B 
    program         unknown size 
    arguments            0B 

Output size 0B; shares 0B with arguments.

I0828 01:17:08.451315     684 2a886c8_compiler_backend.cc:2192] Program sflag requirement 300B:
    reserved           204B
    scoped              92B
    HLO temp             4B (100.0% utilization: Unpadded (4B) Padded (4B), 0.0% fragmentation (0B))
Program sparse_core_sequencer_sflag requirement 36B:
    reserved            36B
Program sparse_core_tile_sflag requirement 4B:
    reserved             4B
Program sparse_core_sequencer_smem requirement 64B:
    reserved            64B
Program sparse_core_tile_smem requirement 0B:
Program hbm requirement 183.0K:
    global            33.0K
    HLO temp          48.0K (9.5% utilization: Unpadded (3.0K) Padded (32.0K), 33.3% fragmentation (16.0K))
    overlays         102.0K
Program vmem requirement 166.5K:
    scoped           166.0K
    HLO temp           512B (0.0% utilization: Unpadded (0B) Padded (0B), 100.0% fragmentation (512B))
Program smem requirement 264B:
    global               4B
    scoped             260B
Program host requirement 0B:
I0828 01:17:08.451318     684 2a886c8_compiler_backend.cc:2200] XLA::TPU program SMEM usage: 2.1K / 1.00M (1 parameters)
I0828 01:17:08.451326     684 2a886c8_compiler_backend.cc:1472] CODE_GENERATION stage duration: 7.6880395ms
I0828 01:17:08.451870     684 isa_program_util_common.cc:373] (HLO module psi_info_exchange.1): Executable fingerprint:893e9e20d5ae160c7be6d81fd596ec73c1cabe1940b3c273861ec36b26fbeb3a
I0828 01:17:08.451873     684 isa_program_util_common.cc:377] (HLO module psi_info_exchange.1): Executable fingerprint (including data segments):75664ae48d4b52bd2da19a4f3a6af5c80210481094276e70a5455e382d1b95dc
I0828 01:17:08.451874     684 isa_program_util_common.cc:380] (HLO module psi_info_exchange.1): Host transfer fingerprint:e3b0c44298fc1c149afbf4c8996fb92427ae41e4649b934ca495991b7852b855
I0828 01:17:08.452051       1 2a886c8_compiler_base.cc:1019] END_TO_END stage duration: 37.348759ms
I0828 01:17:08.452063       1 2a886c8_compiler_base.cc:1020] Note that END_TO_END duration also includes time outside of HLO_PASSES, BACKEND_PASSES, and CODE_GENERATION
I0828 01:17:08.452353       1 server_lib.cc:2235] Done compilation of PSI exchange program: OK took 39.855083ms
I0828 01:17:08.452361       1 job_info_impl_cloud.cc:177] Not running on Google or testing cloud: CreateCloudJobInfoImpl
I0828 01:17:08.452389       1 psi_consensus_preflight.cc:342] Starting execution of psi_info_exchange.1
I0828 01:17:08.453119       1 psi_consensus_preflight.cc:357] Finished dispatching psi_info_exchange.1
I0828 01:17:08.515584       1 psi_consensus_preflight.cc:365] Finished execution of psi_info_exchange.1
I0828 01:17:08.515663     681 watch_dog.cc:58] WatchDog Timebomb for initial consensus program shutdown
I0828 01:17:08.515837       1 psi_consensus_preflight.cc:417] Using per-slice-instance JobId 6408541556418313203 instead of just borg job id 0
I0828 01:17:08.551770       1 tpu_chip_config.cc:367] Resolved chip config alias megachip_tccontrol->megacore for 2093c6a02, 
I0828 01:17:08.552660       1 server_lib.cc:1172] TPU Device with core coordinates: 3x3x1_TC0 is on host: gke-tpu-3a97861b-vg3h
I0828 01:17:08.552669       1 server_lib.cc:1172] TPU Device with core coordinates: 2x3x1_TC0 is on host: gke-tpu-3a97861b-vg3h
I0828 01:17:08.552671       1 server_lib.cc:1172] TPU Device with core coordinates: 2x2x1_TC0 is on host: gke-tpu-3a97861b-vg3h
I0828 01:17:08.552672       1 server_lib.cc:1172] TPU Device with core coordinates: 3x2x1_TC0 is on host: gke-tpu-3a97861b-vg3h
I0828 01:17:08.559931       1 rpc_transport.cc:1602] grpc: Creating RpcTransport at 10.164.0.133:36067 with 8 channels per destination and a limit of 8192 concurrent send channels
I0828 01:17:08.560396       1 object_manager.cc:617] Initializing BufferStore device 95
I0828 01:17:08.560405       1 object_manager.cc:617] Initializing BufferStore device 31
I0828 01:17:08.560406       1 object_manager.cc:617] Initializing BufferStore device 27
I0828 01:17:08.560407       1 object_manager.cc:617] Initializing BufferStore device 26
I0828 01:17:08.560408       1 object_manager.cc:617] Initializing BufferStore device 30
I0828 01:17:08.560409       1 object_manager.cc:617] Initializing BufferStore device 90
I0828 01:17:08.560410       1 object_manager.cc:617] Initializing BufferStore device 94
I0828 01:17:08.560411       1 object_manager.cc:617] Initializing BufferStore device 91
I0828 01:17:08.560412       1 object_manager.cc:617] Initializing BufferStore device 133
I0828 01:17:08.560874       1 preemption_util.cc:46] Registering cloud preemption handler.
I0828 01:17:08.561121       1 server_lib.cc:1479] Server starting up, with http listen address '10.164.0.133:29000' and config.job.resolved_address 'canon-p57-fl-zero-f45w10-96544812-pathways-worker-0-5.canon-p57-fl-zero-f45w10-96544812:29000'
I0828 01:17:08.561718       1 server_status_pages_noop.cc:9] ExportServerStatusPages is a no-op.
I0828 01:17:08.561723       1 server_lib.cc:1581] Pathways Server serving on 10.164.0.133:29000
W0828 01:17:08.561863       1 httpserver2_cloud.cc:175] Skipping RedirectRootToStatusz as it is not supported yet.
I0828 01:17:08.561869       1 httpserver2_cloud.cc:56] WaitForTermination
I0828 01:17:08.581617     823 worker_message_distributor.cc:601] Creating send thread LocalSender_at_6408541556418313203_5 for local worker op dispatcher
I0828 01:17:08.581629     823 worker_message_distributor.cc:1985] Configuring distributor for 1 workers at 6408541556418313203: next_hops_per_sender=1 (split_threshold=256)
I0828 01:17:08.581635     823 worker_message_distributor.cc:2057] Configured distributor for 0 remote endpoints
I0828 01:17:08.581648     757 worker_message_distributor.cc:1046] Starting send thread LocalSender_at_6408541556418313203_5
I0828 01:17:08.581973     757 persistent_compilation_cache.cc:446] Created persistent cache from location go/debugproto  
storage_type: GCS
path: "gs://yuxzhang-tunix-models/tmp/canon-zero-tim/p33/canon-p57-fl-zero-f45w10-96544812/compilation_cache/default"
num_shards: 1
name: "default"
ttl {
  seconds: 259200
}
I0828 01:17:08.584740     757 persistent_compilation_cache.cc:455] Using compressor 'zstd=1' to compress persistent compilation cache entries
I0828 01:20:17.570828     757 server_lib.cc:1923] Initializing placement go/debugproto  
placement_id: 3540490082203073296
dset_id: 7647257455777884003
client_ids: 7647257455777883041
I0828 01:20:17.571075     757 sidecar_registry.cc:58] Creating sidecar 'xprof'
I0828 01:27:09.895051     749 server_lib.cc:1855] Attempting to load component jit_stage.1182302940440487541 @ 0 at worker after 1.575748ms (proto size 2382)
I0828 01:27:10.123031     749 server_lib.cc:1855] Attempting to load component jit__threefry_seed.4603114223327848373 @ 0 at worker after 879.061us (proto size 2409)
I0828 01:27:10.135856    1305 tpu_chip_config.cc:367] Resolved chip config alias megachip_tccontrol->megacore for 2093c6a02, 
I0828 01:27:10.137862    1305 tpu_chip_config.cc:367] Resolved chip config alias megachip_tccontrol->megacore for 2093c6a02, 
I0828 01:27:10.138780    1305 xla_compilation_cache.cc:113] XLA compilation cache fetch for computation 'jit_stage' (key 83c15331012ef991) took 243.743135ms: PERSISTENT_FETCH
I0828 01:27:10.352847    1304 tpu_chip_config.cc:367] Resolved chip config alias megachip_tccontrol->megacore for 2093c6a02, 
I0828 01:27:10.354454    1304 tpu_chip_config.cc:367] Resolved chip config alias megachip_tccontrol->megacore for 2093c6a02, 
I0828 01:27:10.355291    1304 xla_compilation_cache.cc:113] XLA compilation cache fetch for computation 'jit__threefry_seed' (key 6d038df1de0e7d78) took 232.267356ms: PERSISTENT_FETCH
I0828 01:27:10.371335     749 server_lib.cc:1855] Attempting to load component jit__generate_dummy_weights_kernel.1182302940440487360 @ 0 at worker after 1.039389ms (proto size 2456)
I0828 01:27:12.285156    1809 server_lib.cc:1855] Attempting to load component jit__identity_fn.4603114223327849512 @ 0 at worker after 983.238us (proto size 2426)
I0828 01:27:12.315767    1304 tpu_chip_config.cc:367] Resolved chip config alias megachip_tccontrol->megacore for 2093c6a02, 
I0828 01:27:12.317794    1304 tpu_chip_config.cc:367] Resolved chip config alias megachip_tccontrol->megacore for 2093c6a02, 
I0828 01:27:12.319304    1304 xla_compilation_cache.cc:113] XLA compilation cache fetch for computation 'jit__generate_dummy_weights_kernel' (key 5209253d8ba56adb) took 1.947975196s: PERSISTENT_FETCH
I0828 01:27:12.603726    1809 server_lib.cc:1855] Attempting to load component jit__generate_dummy_weights_kernel.1182302940440488484 @ 0 at worker after 1.007739ms (proto size 2456)
I0828 01:27:12.606204    1305 tpu_chip_config.cc:367] Resolved chip config alias megachip_tccontrol->megacore for 2093c6a02, 
I0828 01:27:12.607814    1305 tpu_chip_config.cc:367] Resolved chip config alias megachip_tccontrol->megacore for 2093c6a02, 
I0828 01:27:12.608577    1305 xla_compilation_cache.cc:113] XLA compilation cache fetch for computation 'jit__identity_fn' (key 73c0e6511de7bd45) took 323.430437ms: PERSISTENT_FETCH
I0828 01:27:15.355726     698 server_lib.cc:1855] Attempting to load component jit__identity_fn.4603114223327846555 @ 0 at worker after 1.000326ms (proto size 2426)
I0828 01:27:15.377653    1304 tpu_chip_config.cc:367] Resolved chip config alias megachip_tccontrol->megacore for 2093c6a02, 
I0828 01:27:15.379727    1304 tpu_chip_config.cc:367] Resolved chip config alias megachip_tccontrol->megacore for 2093c6a02, 
I0828 01:27:15.381134    1304 xla_compilation_cache.cc:113] XLA compilation cache fetch for computation 'jit__generate_dummy_weights_kernel' (key 1b8e338b0ce3bbfe) took 2.777416268s: PERSISTENT_FETCH
I0828 01:27:15.683349    1305 tpu_chip_config.cc:367] Resolved chip config alias megachip_tccontrol->megacore for 2093c6a02, 
I0828 01:27:15.684988    1305 tpu_chip_config.cc:367] Resolved chip config alias megachip_tccontrol->megacore for 2093c6a02, 
I0828 01:27:15.685750    1305 xla_compilation_cache.cc:113] XLA compilation cache fetch for computation 'jit__identity_fn' (key 7f60c111408dd9eb) took 330.034172ms: PERSISTENT_FETCH
I0828 01:27:21.668808    1809 server_lib.cc:1855] Attempting to load component jit__generate_dummy_weights_kernel.5734983100396399931 @ 0 at worker after 3.410316ms (proto size 2451)
I0828 01:27:21.965603    1809 server_lib.cc:1855] Attempting to load component jit__identity_fn.12199592962835258961 @ 0 at worker after 2.835573ms (proto size 2417)
I0828 01:27:21.981774    1305 tpu_chip_config.cc:367] Resolved chip config alias megachip_tccontrol->megacore for 2093c6a02, 
I0828 01:27:21.983641    1305 tpu_chip_config.cc:367] Resolved chip config alias megachip_tccontrol->megacore for 2093c6a02, 
I0828 01:27:21.984887    1305 xla_compilation_cache.cc:113] XLA compilation cache fetch for computation 'jit__generate_dummy_weights_kernel' (key f91ad6bc5fa5a293) took 316.088818ms: PERSISTENT_FETCH
I0828 01:27:22.233041    1304 tpu_chip_config.cc:367] Resolved chip config alias megachip_tccontrol->megacore for 2093c6a02, 
I0828 01:27:22.234768    1304 tpu_chip_config.cc:367] Resolved chip config alias megachip_tccontrol->megacore for 2093c6a02, 
I0828 01:27:22.235633    1304 xla_compilation_cache.cc:113] XLA compilation cache fetch for computation 'jit__identity_fn' (key f84d675e12ac2f75) took 270.036637ms: PERSISTENT_FETCH
I0828 01:27:22.309065    1809 server_lib.cc:1855] Attempting to load component jit__generate_dummy_weights_kernel.5734983100396400479 @ 0 at worker after 1.186089ms (proto size 2455)
I0828 01:27:23.070078    1809 server_lib.cc:1855] Attempting to load component jit__identity_fn.12199592962835258452 @ 0 at worker after 1.145604ms (proto size 2424)
I0828 01:27:23.084600    1304 tpu_chip_config.cc:367] Resolved chip config alias megachip_tccontrol->megacore for 2093c6a02, 
I0828 01:27:23.086773    1304 tpu_chip_config.cc:367] Resolved chip config alias megachip_tccontrol->megacore for 2093c6a02, 
I0828 01:27:23.088508    1304 xla_compilation_cache.cc:113] XLA compilation cache fetch for computation 'jit__generate_dummy_weights_kernel' (key 981da1a85e6889e9) took 779.451143ms: PERSISTENT_FETCH
I0828 01:27:23.362817    1305 tpu_chip_config.cc:367] Resolved chip config alias megachip_tccontrol->megacore for 2093c6a02, 
I0828 01:27:23.364460    1305 tpu_chip_config.cc:367] Resolved chip config alias megachip_tccontrol->megacore for 2093c6a02, 
I0828 01:27:23.365253    1305 xla_compilation_cache.cc:113] XLA compilation cache fetch for computation 'jit__identity_fn' (key f67e1c879650234) took 295.182192ms: PERSISTENT_FETCH
I0828 01:27:23.879925     698 server_lib.cc:1855] Attempting to load component jit__generate_dummy_weights_kernel.12199592962835256408 @ 0 at worker after 81.01516ms (proto size 2456)
I0828 01:27:24.643293    1809 server_lib.cc:1855] Attempting to load component jit__identity_fn.927922527692928068 @ 0 at worker after 1.065839ms (proto size 2423)
I0828 01:27:24.672153    1305 tpu_chip_config.cc:367] Resolved chip config alias megachip_tccontrol->megacore for 2093c6a02, 
I0828 01:27:24.673998    1305 tpu_chip_config.cc:367] Resolved chip config alias megachip_tccontrol->megacore for 2093c6a02, 
I0828 01:27:24.675480    1305 xla_compilation_cache.cc:113] XLA compilation cache fetch for computation 'jit__generate_dummy_weights_kernel' (key 4fef04fbac84fc15) took 795.565194ms: PERSISTENT_FETCH
I0828 01:27:24.913198    1304 tpu_chip_config.cc:367] Resolved chip config alias megachip_tccontrol->megacore for 2093c6a02, 
I0828 01:27:24.914887    1304 tpu_chip_config.cc:367] Resolved chip config alias megachip_tccontrol->megacore for 2093c6a02, 
I0828 01:27:24.915666    1304 xla_compilation_cache.cc:113] XLA compilation cache fetch for computation 'jit__identity_fn' (key 5c00628241b2c668) took 272.383008ms: PERSISTENT_FETCH
I0828 01:27:26.579432    1932 server_lib.cc:1855] Attempting to load component jit__generate_dummy_weights_kernel.934836157317376361 @ 0 at worker after 2.979782ms (proto size 2449)
I0828 01:27:26.846672     704 server_lib.cc:1855] Attempting to load component jit__identity_fn.4603114223327847694 @ 0 at worker after 933.478us (proto size 2415)
I0828 01:27:26.861222    1304 tpu_chip_config.cc:367] Resolved chip config alias megachip_tccontrol->megacore for 2093c6a02, 
I0828 01:27:26.862939    1304 tpu_chip_config.cc:367] Resolved chip config alias megachip_tccontrol->megacore for 2093c6a02, 
I0828 01:27:26.864207    1304 xla_compilation_cache.cc:113] XLA compilation cache fetch for computation 'jit__generate_dummy_weights_kernel' (key 185fbfb2f63b33f) took 284.787588ms: PERSISTENT_FETCH
I0828 01:27:27.056744    1305 tpu_chip_config.cc:367] Resolved chip config alias megachip_tccontrol->megacore for 2093c6a02, 
I0828 01:27:27.058320    1305 tpu_chip_config.cc:367] Resolved chip config alias megachip_tccontrol->megacore for 2093c6a02, 
I0828 01:27:27.059089    1305 xla_compilation_cache.cc:113] XLA compilation cache fetch for computation 'jit__identity_fn' (key b3249a0c70d8aca) took 212.426038ms: PERSISTENT_FETCH
I0828 01:27:27.070942    1932 server_lib.cc:1855] Attempting to load component jit__generate_dummy_weights_kernel.934836157317376165 @ 0 at worker after 934.395us (proto size 2457)
I0828 01:27:27.883337    1932 server_lib.cc:1855] Attempting to load component jit__identity_fn.4603114223327848833 @ 0 at worker after 966.885us (proto size 2430)
I0828 01:27:27.901030    1305 tpu_chip_config.cc:367] Resolved chip config alias megachip_tccontrol->megacore for 2093c6a02, 
I0828 01:27:27.902709    1305 tpu_chip_config.cc:367] Resolved chip config alias megachip_tccontrol->megacore for 2093c6a02, 
I0828 01:27:27.904154    1305 xla_compilation_cache.cc:113] XLA compilation cache fetch for computation 'jit__generate_dummy_weights_kernel' (key 8c6275e7a6764211) took 833.228176ms: PERSISTENT_FETCH
I0828 01:27:28.125928    1304 tpu_chip_config.cc:367] Resolved chip config alias megachip_tccontrol->megacore for 2093c6a02, 
I0828 01:27:28.127435    1304 tpu_chip_config.cc:367] Resolved chip config alias megachip_tccontrol->megacore for 2093c6a02, 
I0828 01:27:28.128167    1304 xla_compilation_cache.cc:113] XLA compilation cache fetch for computation 'jit__identity_fn' (key d22f885db409d994) took 244.836844ms: PERSISTENT_FETCH
I0828 01:27:28.308224     746 server_lib.cc:1855] Attempting to load component jit__generate_dummy_weights_kernel.6352734331901558599 @ 0 at worker after 986.346us (proto size 2458)
I0828 01:27:29.303757     746 server_lib.cc:1855] Attempting to load component jit__identity_fn.12947613028601668327 @ 0 at worker after 847.733us (proto size 2431)
I0828 01:27:29.317995    1304 tpu_chip_config.cc:367] Resolved chip config alias megachip_tccontrol->megacore for 2093c6a02, 
I0828 01:27:29.319876    1304 tpu_chip_config.cc:367] Resolved chip config alias megachip_tccontrol->megacore for 2093c6a02, 
I0828 01:27:29.321336    1304 xla_compilation_cache.cc:113] XLA compilation cache fetch for computation 'jit__generate_dummy_weights_kernel' (key 1f4016e9876dc267) took 1.013120426s: PERSISTENT_FETCH
I0828 01:27:29.562087    1305 tpu_chip_config.cc:367] Resolved chip config alias megachip_tccontrol->megacore for 2093c6a02, 
I0828 01:27:29.563731    1305 tpu_chip_config.cc:367] Resolved chip config alias megachip_tccontrol->megacore for 2093c6a02, 
I0828 01:27:29.564531    1305 xla_compilation_cache.cc:113] XLA compilation cache fetch for computation 'jit__identity_fn' (key 6b48b0d1b914aaef) took 260.782247ms: PERSISTENT_FETCH
I0828 01:27:29.721539     746 server_lib.cc:1855] Attempting to load component jit__generate_dummy_weights_kernel.196317131024093280 @ 0 at worker after 983.751us (proto size 2457)
I0828 01:27:31.025921     746 server_lib.cc:1855] Attempting to load component jit__identity_fn.6352734331901558078 @ 0 at worker after 941.918us (proto size 2430)
I0828 01:27:31.036586    1305 tpu_chip_config.cc:367] Resolved chip config alias megachip_tccontrol->megacore for 2093c6a02, 
I0828 01:27:31.038542    1305 tpu_chip_config.cc:367] Resolved chip config alias megachip_tccontrol->megacore for 2093c6a02, 
I0828 01:27:31.039995    1305 xla_compilation_cache.cc:113] XLA compilation cache fetch for computation 'jit__generate_dummy_weights_kernel' (key f5d0a0a25fa60832) took 1.318464022s: PERSISTENT_FETCH
I0828 01:27:31.297312    1304 tpu_chip_config.cc:367] Resolved chip config alias megachip_tccontrol->megacore for 2093c6a02, 
I0828 01:27:31.298970    1304 tpu_chip_config.cc:367] Resolved chip config alias megachip_tccontrol->megacore for 2093c6a02, 
I0828 01:27:31.299760    1304 xla_compilation_cache.cc:113] XLA compilation cache fetch for computation 'jit__identity_fn' (key 23d76feeb1805f52) took 273.84696ms: PERSISTENT_FETCH
I0828 01:28:54.177075    1940 server_lib.cc:1855] Attempting to load component jit_create_jit_model.934836157317377914 @ 0 at worker after 2.015804ms (proto size 22715)
I0828 01:28:55.334754    1304 tpu_chip_config.cc:367] Resolved chip config alias megachip_tccontrol->megacore for 2093c6a02, 
I0828 01:28:55.336772    1304 tpu_chip_config.cc:367] Resolved chip config alias megachip_tccontrol->megacore for 2093c6a02, 
I0828 01:28:55.340411    1304 xla_compilation_cache.cc:113] XLA compilation cache fetch for computation 'jit_create_jit_model' (key 88c011f9e69845d2) took 1.163345998s: PERSISTENT_FETCH
W0828 01:28:56.090836     237 override_grpc_credentials_real.cc:88] Using MLPathways gRPC client credentials override
I0828 01:28:56.173033     757 worker_op_dispatcher.cc:4605] Component is not loaded yet; deferring unload until load completes: jit__generate_dummy_weights_kernel.934836157317376361 @ 0
I0828 01:28:56.173085    1509 server_lib.cc:743] Unloading component jit__generate_dummy_weights_kernel.934836157317376361 @ 0 at worker
I0828 01:28:56.173313     757 worker_op_dispatcher.cc:4605] Component is not loaded yet; deferring unload until load completes: jit__identity_fn.12199592962835258452 @ 0
I0828 01:28:56.173328     757 worker_op_dispatcher.cc:4605] Component is not loaded yet; deferring unload until load completes: jit__generate_dummy_weights_kernel.196317131024093280 @ 0
I0828 01:28:56.173338     757 worker_op_dispatcher.cc:4605] Component is not loaded yet; deferring unload until load completes: jit__identity_fn.4603114223327847694 @ 0
I0828 01:28:56.173346     757 worker_op_dispatcher.cc:4605] Component is not loaded yet; deferring unload until load completes: jit__identity_fn.12947613028601668327 @ 0
I0828 01:28:56.173352    1503 server_lib.cc:743] Unloading component jit__identity_fn.12199592962835258452 @ 0 at worker
I0828 01:28:56.173377    1508 server_lib.cc:743] Unloading component jit__identity_fn.12947613028601668327 @ 0 at worker
I0828 01:28:56.173381    1506 server_lib.cc:743] Unloading component jit__generate_dummy_weights_kernel.196317131024093280 @ 0 at worker
I0828 01:28:56.173384    1510 server_lib.cc:743] Unloading component jit__identity_fn.4603114223327847694 @ 0 at worker
I0828 01:28:56.173560     757 worker_op_dispatcher.cc:4605] Component is not loaded yet; deferring unload until load completes: jit_stage.1182302940440487541 @ 0
I0828 01:28:56.173574     757 worker_op_dispatcher.cc:4605] Component is not loaded yet; deferring unload until load completes: jit__generate_dummy_weights_kernel.5734983100396400479 @ 0
I0828 01:28:56.173594    1508 server_lib.cc:743] Unloading component jit_stage.1182302940440487541 @ 0 at worker
I0828 01:28:56.173603    1503 server_lib.cc:743] Unloading component jit__generate_dummy_weights_kernel.5734983100396400479 @ 0 at worker
I0828 01:28:56.173866     757 worker_op_dispatcher.cc:4605] Component is not loaded yet; deferring unload until load completes: jit__generate_dummy_weights_kernel.1182302940440488484 @ 0
I0828 01:28:56.173878     757 worker_op_dispatcher.cc:4605] Component is not loaded yet; deferring unload until load completes: jit__generate_dummy_weights_kernel.5734983100396399931 @ 0
I0828 01:28:56.173902    1503 server_lib.cc:743] Unloading component jit__generate_dummy_weights_kernel.1182302940440488484 @ 0 at worker
I0828 01:28:56.173906    1508 server_lib.cc:743] Unloading component jit__generate_dummy_weights_kernel.5734983100396399931 @ 0 at worker
I0828 01:28:56.174050     757 worker_op_dispatcher.cc:4605] Component is not loaded yet; deferring unload until load completes: jit__generate_dummy_weights_kernel.12199592962835256408 @ 0
I0828 01:28:56.174061     757 worker_op_dispatcher.cc:4605] Component is not loaded yet; deferring unload until load completes: jit__generate_dummy_weights_kernel.1182302940440487360 @ 0
I0828 01:28:56.174069     757 worker_op_dispatcher.cc:4605] Component is not loaded yet; deferring unload until load completes: jit__generate_dummy_weights_kernel.934836157317376165 @ 0
I0828 01:28:56.174077     757 worker_op_dispatcher.cc:4605] Component is not loaded yet; deferring unload until load completes: jit__identity_fn.4603114223327849512 @ 0
I0828 01:28:56.174084    1510 server_lib.cc:743] Unloading component jit__generate_dummy_weights_kernel.12199592962835256408 @ 0 at worker
I0828 01:28:56.174086     757 worker_op_dispatcher.cc:4605] Component is not loaded yet; deferring unload until load completes: jit__identity_fn.927922527692928068 @ 0
I0828 01:28:56.174108    1509 server_lib.cc:743] Unloading component jit__generate_dummy_weights_kernel.934836157317376165 @ 0 at worker
I0828 01:28:56.174122    1510 server_lib.cc:743] Unloading component jit__identity_fn.927922527692928068 @ 0 at worker
I0828 01:28:56.174088    1506 server_lib.cc:743] Unloading component jit__generate_dummy_weights_kernel.1182302940440487360 @ 0 at worker
I0828 01:28:56.174111    1511 server_lib.cc:743] Unloading component jit__identity_fn.4603114223327849512 @ 0 at worker
I0828 01:28:56.174139     757 worker_op_dispatcher.cc:4605] Component is not loaded yet; deferring unload until load completes: jit__identity_fn.4603114223327846555 @ 0
I0828 01:28:56.174158    1506 server_lib.cc:743] Unloading component jit__identity_fn.4603114223327846555 @ 0 at worker
I0828 01:28:56.174188     757 worker_op_dispatcher.cc:4605] Component is not loaded yet; deferring unload until load completes: jit__identity_fn.4603114223327848833 @ 0
I0828 01:28:56.174201     757 worker_op_dispatcher.cc:4605] Component is not loaded yet; deferring unload until load completes: jit__identity_fn.12199592962835258961 @ 0
I0828 01:28:56.174211     757 worker_op_dispatcher.cc:4605] Component is not loaded yet; deferring unload until load completes: jit__identity_fn.6352734331901558078 @ 0
I0828 01:28:56.174218    1510 server_lib.cc:743] Unloading component jit__identity_fn.4603114223327848833 @ 0 at worker
I0828 01:28:56.174230     757 worker_op_dispatcher.cc:4605] Component is not loaded yet; deferring unload until load completes: jit__threefry_seed.4603114223327848373 @ 0
I0828 01:28:56.174233    1503 server_lib.cc:743] Unloading component jit__identity_fn.12199592962835258961 @ 0 at worker
I0828 01:28:56.174241     757 worker_op_dispatcher.cc:4605] Component is not loaded yet; deferring unload until load completes: jit__generate_dummy_weights_kernel.6352734331901558599 @ 0
I0828 01:28:56.174233    1509 server_lib.cc:743] Unloading component jit__identity_fn.6352734331901558078 @ 0 at worker
I0828 01:28:56.174258    1508 server_lib.cc:743] Unloading component jit__threefry_seed.4603114223327848373 @ 0 at worker
I0828 01:28:56.174265    1507 server_lib.cc:743] Unloading component jit__generate_dummy_weights_kernel.6352734331901558599 @ 0 at worker
I0828 01:28:56.373412     757 worker_op_dispatcher.cc:4605] Component is not loaded yet; deferring unload until load completes: jit_create_jit_model.934836157317377914 @ 0
I0828 01:28:56.373458    1505 server_lib.cc:743] Unloading component jit_create_jit_model.934836157317377914 @ 0 at worker
I0828 01:28:58.720240     734 server_lib.cc:1855] Attempting to load component jit_sample.934836157317377326 @ 0 at worker after 1.042804ms (proto size 2532)
I0828 01:29:03.322290    1304 tpu_chip_config.cc:367] Resolved chip config alias megachip_tccontrol->megacore for 2093c6a02, 
I0828 01:29:03.324625    1304 tpu_chip_config.cc:367] Resolved chip config alias megachip_tccontrol->megacore for 2093c6a02, 
I0828 01:29:03.327164    1304 xla_compilation_cache.cc:113] XLA compilation cache fetch for computation 'jit_sample' (key 8ca65ded2b632890) took 4.606934182s: PERSISTENT_FETCH
I0828 01:29:03.571826    1930 server_lib.cc:1855] Attempting to load component jit_sample.196317131024095001 @ 0 at worker after 1.034704ms (proto size 2532)
I0828 01:29:08.060935     698 server_lib.cc:1855] Attempting to load component jit_sample.927922527692929671 @ 0 at worker after 925.631us (proto size 2451)
I0828 01:29:08.082228    1304 tpu_chip_config.cc:367] Resolved chip config alias megachip_tccontrol->megacore for 2093c6a02, 
I0828 01:29:08.084779    1304 tpu_chip_config.cc:367] Resolved chip config alias megachip_tccontrol->megacore for 2093c6a02, 
I0828 01:29:08.087144    1304 xla_compilation_cache.cc:113] XLA compilation cache fetch for computation 'jit_sample' (key f0f8eeaade6ee0d0) took 4.51532704s: PERSISTENT_FETCH
I0828 01:29:08.366322    1305 tpu_chip_config.cc:367] Resolved chip config alias megachip_tccontrol->megacore for 2093c6a02, 
I0828 01:29:08.367878    1305 tpu_chip_config.cc:367] Resolved chip config alias megachip_tccontrol->megacore for 2093c6a02, 
I0828 01:29:08.368873    1305 xla_compilation_cache.cc:113] XLA compilation cache fetch for computation 'jit_sample' (key 8bbe81b54df65ed4) took 307.94831ms: PERSISTENT_FETCH
I0828 01:29:08.369129     734 server_lib.cc:1855] Attempting to load component jit_sample.196317131024094005 @ 0 at worker after 921.001us (proto size 2451)
I0828 01:29:08.677224    1305 tpu_chip_config.cc:367] Resolved chip config alias megachip_tccontrol->megacore for 2093c6a02, 
I0828 01:29:08.678703    1305 tpu_chip_config.cc:367] Resolved chip config alias megachip_tccontrol->megacore for 2093c6a02, 
I0828 01:29:08.679686    1305 xla_compilation_cache.cc:113] XLA compilation cache fetch for computation 'jit_sample' (key f3af4f358579ccdb) took 310.563829ms: PERSISTENT_FETCH
I0828 01:29:09.562354    1932 server_lib.cc:1855] Attempting to load component jit_sample.934836157317377321 @ 0 at worker after 975.713us (proto size 2532)
I0828 01:29:11.313897    1305 tpu_chip_config.cc:367] Resolved chip config alias megachip_tccontrol->megacore for 2093c6a02, 
I0828 01:29:11.316402    1305 tpu_chip_config.cc:367] Resolved chip config alias megachip_tccontrol->megacore for 2093c6a02, 
I0828 01:29:11.319101    1305 xla_compilation_cache.cc:113] XLA compilation cache fetch for computation 'jit_sample' (key b812dc6371933ca3) took 1.756753873s: PERSISTENT_FETCH
I0828 01:29:11.381486    1818 server_lib.cc:1855] Attempting to load component jit_sample.12947613028601670395 @ 0 at worker after 1.074461ms (proto size 2533)
I0828 01:29:13.242180    1948 server_lib.cc:1855] Attempting to load component jit_sample.934836157317374587 @ 0 at worker after 920.642us (proto size 2451)
I0828 01:29:13.256755    1305 tpu_chip_config.cc:367] Resolved chip config alias megachip_tccontrol->megacore for 2093c6a02, 
I0828 01:29:13.259110    1305 tpu_chip_config.cc:367] Resolved chip config alias megachip_tccontrol->megacore for 2093c6a02, 
I0828 01:29:13.261523    1305 xla_compilation_cache.cc:113] XLA compilation cache fetch for computation 'jit_sample' (key 135f005f5d69a51) took 1.880075536s: PERSISTENT_FETCH
I0828 01:29:13.539107    1304 tpu_chip_config.cc:367] Resolved chip config alias megachip_tccontrol->megacore for 2093c6a02, 
I0828 01:29:13.540743    1304 tpu_chip_config.cc:367] Resolved chip config alias megachip_tccontrol->megacore for 2093c6a02, 
I0828 01:29:13.540875    1930 server_lib.cc:1855] Attempting to load component jit_sample.12947613028601670935 @ 0 at worker after 906.212us (proto size 2453)
I0828 01:29:13.541817    1304 xla_compilation_cache.cc:113] XLA compilation cache fetch for computation 'jit_sample' (key 417c7ca330603b6d) took 299.645091ms: PERSISTENT_FETCH
I0828 01:29:13.828327    1305 tpu_chip_config.cc:367] Resolved chip config alias megachip_tccontrol->megacore for 2093c6a02, 
I0828 01:29:13.829988    1305 tpu_chip_config.cc:367] Resolved chip config alias megachip_tccontrol->megacore for 2093c6a02, 
I0828 01:29:13.831077    1305 xla_compilation_cache.cc:113] XLA compilation cache fetch for computation 'jit_sample' (key 6bc1c57bf64bacdc) took 290.209612ms: PERSISTENT_FETCH
I0828 01:29:14.547949    1818 server_lib.cc:1855] Attempting to load component jit_sample.934836157317376924 @ 0 at worker after 1.252288ms (proto size 2532)
I0828 01:29:16.371023    1305 tpu_chip_config.cc:367] Resolved chip config alias megachip_tccontrol->megacore for 2093c6a02, 
I0828 01:29:16.373489    1305 tpu_chip_config.cc:367] Resolved chip config alias megachip_tccontrol->megacore for 2093c6a02, 
I0828 01:29:16.375893    1305 xla_compilation_cache.cc:113] XLA compilation cache fetch for computation 'jit_sample' (key 9ffccc97f619c6b0) took 1.827950985s: PERSISTENT_FETCH
I0828 01:29:16.420054    1948 server_lib.cc:1855] Attempting to load component jit_sample.196317131024097052 @ 0 at worker after 1.005468ms (proto size 2532)
I0828 01:29:18.124938     694 server_lib.cc:1855] Attempting to load component jit_sample.934836157317375165 @ 0 at worker after 957.26us (proto size 2451)
I0828 01:29:18.129673    1305 tpu_chip_config.cc:367] Resolved chip config alias megachip_tccontrol->megacore for 2093c6a02, 
I0828 01:29:18.132116    1305 tpu_chip_config.cc:367] Resolved chip config alias megachip_tccontrol->megacore for 2093c6a02, 
I0828 01:29:18.134570    1305 xla_compilation_cache.cc:113] XLA compilation cache fetch for computation 'jit_sample' (key f0bd8c5eeac5cda3) took 1.714527046s: PERSISTENT_FETCH
I0828 01:29:18.405142     734 server_lib.cc:1855] Attempting to load component jit_sample.196317131024096056 @ 0 at worker after 953.219us (proto size 2451)
I0828 01:29:18.409355    1304 tpu_chip_config.cc:367] Resolved chip config alias megachip_tccontrol->megacore for 2093c6a02, 
I0828 01:29:18.410917    1304 tpu_chip_config.cc:367] Resolved chip config alias megachip_tccontrol->megacore for 2093c6a02, 
I0828 01:29:18.411892    1304 xla_compilation_cache.cc:113] XLA compilation cache fetch for computation 'jit_sample' (key c285718a4df3f534) took 286.963879ms: PERSISTENT_FETCH
I0828 01:29:18.690781    1305 tpu_chip_config.cc:367] Resolved chip config alias megachip_tccontrol->megacore for 2093c6a02, 
I0828 01:29:18.692269    1305 tpu_chip_config.cc:367] Resolved chip config alias megachip_tccontrol->megacore for 2093c6a02, 
I0828 01:29:18.693259    1305 xla_compilation_cache.cc:113] XLA compilation cache fetch for computation 'jit_sample' (key 41cd10a205686f16) took 288.12375ms: PERSISTENT_FETCH
I0828 01:29:19.398776     734 server_lib.cc:1855] Attempting to load component jit_sample.12947613028601670349 @ 0 at worker after 846.221us (proto size 2534)
I0828 01:29:23.404907    1305 tpu_chip_config.cc:367] Resolved chip config alias megachip_tccontrol->megacore for 2093c6a02, 
I0828 01:29:23.407479    1305 tpu_chip_config.cc:367] Resolved chip config alias megachip_tccontrol->megacore for 2093c6a02, 
I0828 01:29:23.409960    1305 xla_compilation_cache.cc:113] XLA compilation cache fetch for computation 'jit_sample' (key 81e91992f41fad3a) took 4.011191032s: PERSISTENT_FETCH
I0828 01:29:23.442501    1948 server_lib.cc:1855] Attempting to load component jit_sample.5622832922158732690 @ 0 at worker after 1.118989ms (proto size 2533)
I0828 01:29:27.348935     694 server_lib.cc:1855] Attempting to load component jit_sample.934836157317374577 @ 0 at worker after 886.553us (proto size 2451)
I0828 01:29:27.364714    1305 tpu_chip_config.cc:367] Resolved chip config alias megachip_tccontrol->megacore for 2093c6a02, 
I0828 01:29:27.367146    1305 tpu_chip_config.cc:367] Resolved chip config alias megachip_tccontrol->megacore for 2093c6a02, 
I0828 01:29:27.369636    1305 xla_compilation_cache.cc:113] XLA compilation cache fetch for computation 'jit_sample' (key 55e97baaf4de9127) took 3.927150117s: PERSISTENT_FETCH
I0828 01:29:27.626214    1304 tpu_chip_config.cc:367] Resolved chip config alias megachip_tccontrol->megacore for 2093c6a02, 
I0828 01:29:27.627788    1304 tpu_chip_config.cc:367] Resolved chip config alias megachip_tccontrol->megacore for 2093c6a02, 
I0828 01:29:27.628812    1304 xla_compilation_cache.cc:113] XLA compilation cache fetch for computation 'jit_sample' (key cad3724e6792e781) took 279.889139ms: PERSISTENT_FETCH
I0828 01:29:27.629146     694 server_lib.cc:1855] Attempting to load component jit_sample.5622832922158733942 @ 0 at worker after 854.829us (proto size 2452)
I0828 01:29:27.910043    1304 tpu_chip_config.cc:367] Resolved chip config alias megachip_tccontrol->megacore for 2093c6a02, 
I0828 01:29:27.911629    1304 tpu_chip_config.cc:367] Resolved chip config alias megachip_tccontrol->megacore for 2093c6a02, 
I0828 01:29:27.912655    1304 xla_compilation_cache.cc:113] XLA compilation cache fetch for computation 'jit_sample' (key 84e6ca17adc0ba64) took 283.515885ms: PERSISTENT_FETCH
I0828 01:29:28.635769     694 server_lib.cc:1855] Attempting to load component jit_sample.5622832922158733289 @ 0 at worker after 905.317us (proto size 2539)
I0828 01:29:37.178885    1304 tpu_chip_config.cc:367] Resolved chip config alias megachip_tccontrol->megacore for 2093c6a02, 
I0828 01:29:37.181314    1304 tpu_chip_config.cc:367] Resolved chip config alias megachip_tccontrol->megacore for 2093c6a02, 
I0828 01:29:37.183940    1304 xla_compilation_cache.cc:113] XLA compilation cache fetch for computation 'jit_sample' (key 88c71077ff855469) took 8.548176895s: PERSISTENT_FETCH
I0828 01:29:37.228815    1948 server_lib.cc:1855] Attempting to load component jit_sample.5622832922158733262 @ 0 at worker after 1.30807ms (proto size 2539)
I0828 01:29:46.105783     694 server_lib.cc:1855] Attempting to load component jit_sample.12947613028601669763 @ 0 at worker after 948.277us (proto size 2456)
I0828 01:29:46.119036    1304 tpu_chip_config.cc:367] Resolved chip config alias megachip_tccontrol->megacore for 2093c6a02, 
I0828 01:29:46.121541    1304 tpu_chip_config.cc:367] Resolved chip config alias megachip_tccontrol->megacore for 2093c6a02, 
I0828 01:29:46.124043    1304 xla_compilation_cache.cc:113] XLA compilation cache fetch for computation 'jit_sample' (key df77cab55c23f227) took 8.89523625s: PERSISTENT_FETCH
I0828 01:29:46.413592    1930 server_lib.cc:1855] Attempting to load component jit_sample.5622832922158734514 @ 0 at worker after 836.83us (proto size 2455)
I0828 01:29:46.419703    1305 tpu_chip_config.cc:367] Resolved chip config alias megachip_tccontrol->megacore for 2093c6a02, 
I0828 01:29:46.421228    1305 tpu_chip_config.cc:367] Resolved chip config alias megachip_tccontrol->megacore for 2093c6a02, 
I0828 01:29:46.422220    1305 xla_compilation_cache.cc:113] XLA compilation cache fetch for computation 'jit_sample' (key 19b226d06d7ae79f) took 316.447222ms: PERSISTENT_FETCH
I0828 01:29:46.715196    1304 tpu_chip_config.cc:367] Resolved chip config alias megachip_tccontrol->megacore for 2093c6a02, 
I0828 01:29:46.716768    1304 tpu_chip_config.cc:367] Resolved chip config alias megachip_tccontrol->megacore for 2093c6a02, 
I0828 01:29:46.717770    1304 xla_compilation_cache.cc:113] XLA compilation cache fetch for computation 'jit_sample' (key 4880062ed2170df0) took 304.184698ms: PERSISTENT_FETCH
I0828 01:29:47.449938     734 server_lib.cc:1855] Attempting to load component jit_sample.927922527692929046 @ 0 at worker after 898.381us (proto size 2538)
I0828 01:29:49.145984    1304 tpu_chip_config.cc:367] Resolved chip config alias megachip_tccontrol->megacore for 2093c6a02, 
I0828 01:29:49.148453    1304 tpu_chip_config.cc:367] Resolved chip config alias megachip_tccontrol->megacore for 2093c6a02, 
I0828 01:29:49.151029    1304 xla_compilation_cache.cc:113] XLA compilation cache fetch for computation 'jit_sample' (key 65208d384e2156f8) took 1.701098682s: PERSISTENT_FETCH
I0828 01:29:49.198936    1948 server_lib.cc:1855] Attempting to load component jit_sample.5622832922158731330 @ 0 at worker after 1.045349ms (proto size 2539)
I0828 01:29:50.998769     734 server_lib.cc:1855] Attempting to load component jit_sample.927922527692926981 @ 0 at worker after 1.030393ms (proto size 2454)
I0828 01:29:51.006667    1304 tpu_chip_config.cc:367] Resolved chip config alias megachip_tccontrol->megacore for 2093c6a02, 
I0828 01:29:51.009093    1304 tpu_chip_config.cc:367] Resolved chip config alias megachip_tccontrol->megacore for 2093c6a02, 
I0828 01:29:51.011934    1304 xla_compilation_cache.cc:113] XLA compilation cache fetch for computation 'jit_sample' (key 244527b236a25d54) took 1.813007675s: PERSISTENT_FETCH
I0828 01:29:51.363111    1305 tpu_chip_config.cc:367] Resolved chip config alias megachip_tccontrol->megacore for 2093c6a02, 
I0828 01:29:51.363760    1948 server_lib.cc:1855] Attempting to load component jit_sample.5622832922158732582 @ 0 at worker after 1.068447ms (proto size 2454)
I0828 01:29:51.364750    1305 tpu_chip_config.cc:367] Resolved chip config alias megachip_tccontrol->megacore for 2093c6a02, 
I0828 01:29:51.365734    1305 xla_compilation_cache.cc:113] XLA compilation cache fetch for computation 'jit_sample' (key f99975a472fb6480) took 366.974176ms: PERSISTENT_FETCH
I0828 01:29:51.727592    1304 tpu_chip_config.cc:367] Resolved chip config alias megachip_tccontrol->megacore for 2093c6a02, 
I0828 01:29:51.729170    1304 tpu_chip_config.cc:367] Resolved chip config alias megachip_tccontrol->megacore for 2093c6a02, 
I0828 01:29:51.730149    1304 xla_compilation_cache.cc:113] XLA compilation cache fetch for computation 'jit_sample' (key 72aff3bf66536de) took 366.396806ms: PERSISTENT_FETCH
I0828 01:29:51.948603    1818 server_lib.cc:1855] Attempting to load component jit_compute_and_gather_logprobs.5622832922158733521 @ 0 at worker after 1.129917ms (proto size 2516)
I0828 01:29:52.284105    1304 tpu_chip_config.cc:367] Resolved chip config alias megachip_tccontrol->megacore for 2093c6a02, 
I0828 01:29:52.285932    1304 tpu_chip_config.cc:367] Resolved chip config alias megachip_tccontrol->megacore for 2093c6a02, 
I0828 01:29:52.287575    1304 xla_compilation_cache.cc:113] XLA compilation cache fetch for computation 'jit_compute_and_gather_logprobs' (key 6686ccce3b69a93e) took 338.980455ms: PERSISTENT_FETCH
I0828 01:29:52.478082    1930 server_lib.cc:1855] Attempting to load component jit_compute_and_gather_logprobs.5622832922158734460 @ 0 at worker after 963.131us (proto size 2516)
I0828 01:29:52.832534    1304 tpu_chip_config.cc:367] Resolved chip config alias megachip_tccontrol->megacore for 2093c6a02, 
I0828 01:29:52.834164    1304 tpu_chip_config.cc:367] Resolved chip config alias megachip_tccontrol->megacore for 2093c6a02, 
I0828 01:29:52.835736    1304 xla_compilation_cache.cc:113] XLA compilation cache fetch for computation 'jit_compute_and_gather_logprobs' (key 4c256bbc3e4552aa) took 357.661527ms: PERSISTENT_FETCH
I0828 01:29:53.052386     734 server_lib.cc:1855] Attempting to load component jit_compute_and_gather_logprobs.5622832922158731303 @ 0 at worker after 994.673us (proto size 2516)
I0828 01:29:53.407916    1304 tpu_chip_config.cc:367] Resolved chip config alias megachip_tccontrol->megacore for 2093c6a02, 
I0828 01:29:53.409566    1304 tpu_chip_config.cc:367] Resolved chip config alias megachip_tccontrol->megacore for 2093c6a02, 
I0828 01:29:53.411044    1304 xla_compilation_cache.cc:113] XLA compilation cache fetch for computation 'jit_compute_and_gather_logprobs' (key 86d218ca0758fec4) took 358.674335ms: PERSISTENT_FETCH
I0828 01:29:53.614730     698 server_lib.cc:1855] Attempting to load component jit_compute_and_gather_logprobs.5622832922158732242 @ 0 at worker after 1.013594ms (proto size 2516)
I0828 01:29:54.028823    1304 tpu_chip_config.cc:367] Resolved chip config alias megachip_tccontrol->megacore for 2093c6a02, 
I0828 01:29:54.030557    1304 tpu_chip_config.cc:367] Resolved chip config alias megachip_tccontrol->megacore for 2093c6a02, 
I0828 01:29:54.032121    1304 xla_compilation_cache.cc:113] XLA compilation cache fetch for computation 'jit_compute_and_gather_logprobs' (key 47b3d3fd7c7bae3e) took 417.401565ms: PERSISTENT_FETCH
I0828 01:29:54.224816     694 server_lib.cc:1855] Attempting to load component jit_compute_and_gather_logprobs.5622832922158733181 @ 0 at worker after 953.175us (proto size 2521)
I0828 01:29:54.618428    1304 tpu_chip_config.cc:367] Resolved chip config alias megachip_tccontrol->megacore for 2093c6a02, 
I0828 01:29:54.619967    1304 tpu_chip_config.cc:367] Resolved chip config alias megachip_tccontrol->megacore for 2093c6a02, 
I0828 01:29:54.621445    1304 xla_compilation_cache.cc:113] XLA compilation cache fetch for computation 'jit_compute_and_gather_logprobs' (key a05471787de8b594) took 396.637647ms: PERSISTENT_FETCH
I0828 01:29:54.798643     734 server_lib.cc:1855] Attempting to load component jit_compute_and_gather_logprobs.5622832922158734120 @ 0 at worker after 953.326us (proto size 2521)
I0828 01:29:55.200706    1304 tpu_chip_config.cc:367] Resolved chip config alias megachip_tccontrol->megacore for 2093c6a02, 
I0828 01:29:55.202415    1304 tpu_chip_config.cc:367] Resolved chip config alias megachip_tccontrol->megacore for 2093c6a02, 
I0828 01:29:55.203948    1304 xla_compilation_cache.cc:113] XLA compilation cache fetch for computation 'jit_compute_and_gather_logprobs' (key 5c22c632287b0fb8) took 405.312161ms: PERSISTENT_FETCH
I0828 01:29:55.276778     734 server_lib.cc:1855] Attempting to load component jit_sample.927922527692928978 @ 0 at worker after 1.208569ms (proto size 2532)
I0828 01:29:59.846843    1304 tpu_chip_config.cc:367] Resolved chip config alias megachip_tccontrol->megacore for 2093c6a02, 
I0828 01:29:59.849341    1304 tpu_chip_config.cc:367] Resolved chip config alias megachip_tccontrol->megacore for 2093c6a02, 
I0828 01:29:59.851901    1304 xla_compilation_cache.cc:113] XLA compilation cache fetch for computation 'jit_sample' (key 6d7597711fd46554) took 4.575134798s: PERSISTENT_FETCH
I0828 01:29:59.947681     694 server_lib.cc:1855] Attempting to load component jit_sample.5622832922158735059 @ 0 at worker after 1.246295ms (proto size 2533)
I0828 01:30:04.622971    1304 tpu_chip_config.cc:367] Resolved chip config alias megachip_tccontrol->megacore for 2093c6a02, 
I0828 01:30:04.625482    1304 tpu_chip_config.cc:367] Resolved chip config alias megachip_tccontrol->megacore for 2093c6a02, 
I0828 01:30:04.627844    1304 xla_compilation_cache.cc:113] XLA compilation cache fetch for computation 'jit_sample' (key d5a6aa50a3a99a35) took 4.680171333s: PERSISTENT_FETCH
I0828 01:30:04.790550     694 server_lib.cc:1855] Attempting to load component jit_sample.927922527692927667 @ 0 at worker after 1.102135ms (proto size 2531)
I0828 01:30:06.563702    1304 tpu_chip_config.cc:367] Resolved chip config alias megachip_tccontrol->megacore for 2093c6a02, 
I0828 01:30:06.566122    1304 tpu_chip_config.cc:367] Resolved chip config alias megachip_tccontrol->megacore for 2093c6a02, 
I0828 01:30:06.568555    1304 xla_compilation_cache.cc:113] XLA compilation cache fetch for computation 'jit_sample' (key 5dd36e3702f2675) took 1.77801298s: PERSISTENT_FETCH
I0828 01:30:06.653367    1930 server_lib.cc:1855] Attempting to load component jit_sample.5622832922158732528 @ 0 at worker after 936.989us (proto size 2533)
I0828 01:30:08.344446    1304 tpu_chip_config.cc:367] Resolved chip config alias megachip_tccontrol->megacore for 2093c6a02, 
I0828 01:30:08.346923    1304 tpu_chip_config.cc:367] Resolved chip config alias megachip_tccontrol->megacore for 2093c6a02, 
I0828 01:30:08.349630    1304 xla_compilation_cache.cc:113] XLA compilation cache fetch for computation 'jit_sample' (key 31e6d1cf3bf40799) took 1.696270744s: PERSISTENT_FETCH
I0828 01:30:08.523867     734 server_lib.cc:1855] Attempting to load component jit_sample.927922527692930452 @ 0 at worker after 1.112126ms (proto size 2532)
I0828 01:30:10.249641    1304 tpu_chip_config.cc:367] Resolved chip config alias megachip_tccontrol->megacore for 2093c6a02, 
I0828 01:30:10.252101    1304 tpu_chip_config.cc:367] Resolved chip config alias megachip_tccontrol->megacore for 2093c6a02, 
I0828 01:30:10.254686    1304 xla_compilation_cache.cc:113] XLA compilation cache fetch for computation 'jit_sample' (key f1f2094601f69d5b) took 1.730828528s: PERSISTENT_FETCH
I0828 01:30:10.394976     698 server_lib.cc:1855] Attempting to load component jit_sample.5622832922158734093 @ 0 at worker after 1.101963ms (proto size 2533)
I0828 01:30:12.143705    1304 tpu_chip_config.cc:367] Resolved chip config alias megachip_tccontrol->megacore for 2093c6a02, 
I0828 01:30:12.146165    1304 tpu_chip_config.cc:367] Resolved chip config alias megachip_tccontrol->megacore for 2093c6a02, 
I0828 01:30:12.148607    1304 xla_compilation_cache.cc:113] XLA compilation cache fetch for computation 'jit_sample' (key 66295e5588d0e22f) took 1.753643405s: PERSISTENT_FETCH
I0828 01:30:12.317612     698 server_lib.cc:1855] Attempting to load component jit_sample.927922527692929141 @ 0 at worker after 1.139902ms (proto size 2532)
I0828 01:30:16.117038    1304 tpu_chip_config.cc:367] Resolved chip config alias megachip_tccontrol->megacore for 2093c6a02, 
I0828 01:30:16.119482    1304 tpu_chip_config.cc:367] Resolved chip config alias megachip_tccontrol->megacore for 2093c6a02, 
I0828 01:30:16.121946    1304 xla_compilation_cache.cc:113] XLA compilation cache fetch for computation 'jit_sample' (key 9b7b64164a5e3a49) took 3.804342032s: PERSISTENT_FETCH
I0828 01:30:16.217813     698 server_lib.cc:1855] Attempting to load component jit_sample.5622832922158731562 @ 0 at worker after 932.886us (proto size 2533)
I0828 01:30:20.050112    1304 tpu_chip_config.cc:367] Resolved chip config alias megachip_tccontrol->megacore for 2093c6a02, 
I0828 01:30:20.052602    1304 tpu_chip_config.cc:367] Resolved chip config alias megachip_tccontrol->megacore for 2093c6a02, 
I0828 01:30:20.055018    1304 xla_compilation_cache.cc:113] XLA compilation cache fetch for computation 'jit_sample' (key 4db4fdcd3084e3b6) took 3.83721283s: PERSISTENT_FETCH
I0828 01:30:20.248090    1932 server_lib.cc:1855] Attempting to load component jit_sample.927922527692927830 @ 0 at worker after 1.106778ms (proto size 2538)
I0828 01:30:28.943159    1304 tpu_chip_config.cc:367] Resolved chip config alias megachip_tccontrol->megacore for 2093c6a02, 
I0828 01:30:28.945648    1304 tpu_chip_config.cc:367] Resolved chip config alias megachip_tccontrol->megacore for 2093c6a02, 
I0828 01:30:28.948124    1304 xla_compilation_cache.cc:113] XLA compilation cache fetch for computation 'jit_sample' (key a6d45bee867de68c) took 8.700039698s: PERSISTENT_FETCH
I0828 01:30:29.060515     734 server_lib.cc:1855] Attempting to load component jit_sample.5622832922158733127 @ 0 at worker after 1.137419ms (proto size 2539)
I0828 01:30:37.740422    1304 tpu_chip_config.cc:367] Resolved chip config alias megachip_tccontrol->megacore for 2093c6a02, 
I0828 01:30:37.742805    1304 tpu_chip_config.cc:367] Resolved chip config alias megachip_tccontrol->megacore for 2093c6a02, 
I0828 01:30:37.745252    1304 xla_compilation_cache.cc:113] XLA compilation cache fetch for computation 'jit_sample' (key bb71570e3b10f4e1) took 8.684744719s: PERSISTENT_FETCH
I0828 01:30:37.915882    1932 server_lib.cc:1855] Attempting to load component jit_sample.927922527692930615 @ 0 at worker after 1.069089ms (proto size 2538)
I0828 01:30:39.618005    1304 tpu_chip_config.cc:367] Resolved chip config alias megachip_tccontrol->megacore for 2093c6a02, 
I0828 01:30:39.620461    1304 tpu_chip_config.cc:367] Resolved chip config alias megachip_tccontrol->megacore for 2093c6a02, 
I0828 01:30:39.622986    1304 xla_compilation_cache.cc:113] XLA compilation cache fetch for computation 'jit_sample' (key 3c5cf0203fa232ca) took 1.70711212s: PERSISTENT_FETCH
I0828 01:30:39.715182    1948 server_lib.cc:1855] Attempting to load component jit_sample.5622832922158734692 @ 0 at worker after 1.072082ms (proto size 2539)
I0828 01:30:41.591415    1304 tpu_chip_config.cc:367] Resolved chip config alias megachip_tccontrol->megacore for 2093c6a02, 
I0828 01:30:41.593797    1304 tpu_chip_config.cc:367] Resolved chip config alias megachip_tccontrol->megacore for 2093c6a02, 
I0828 01:30:41.596338    1304 xla_compilation_cache.cc:113] XLA compilation cache fetch for computation 'jit_sample' (key a5e8ec196a4dcf7e) took 1.881163305s: PERSISTENT_FETCH
I0828 01:30:41.903279    1818 server_lib.cc:1855] Attempting to load component jit__allocate.927922527692928550 @ 0 at worker after 1.067725ms (proto size 2403)
I0828 01:30:42.161973    1304 tpu_chip_config.cc:367] Resolved chip config alias megachip_tccontrol->megacore for 2093c6a02, 
I0828 01:30:42.163720    1304 tpu_chip_config.cc:367] Resolved chip config alias megachip_tccontrol->megacore for 2093c6a02, 
I0828 01:30:42.164548    1304 xla_compilation_cache.cc:113] XLA compilation cache fetch for computation 'jit__allocate' (key 44c937081d7ee1dc) took 261.277322ms: PERSISTENT_FETCH
I0828 01:30:42.974633    1818 server_lib.cc:1855] Attempting to load component jit_convert_element_type.927922527692928679 @ 0 at worker after 1.477093ms (proto size 2411)
I0828 01:30:43.076921     757 worker_op_dispatcher.cc:4605] Component is not loaded yet; deferring unload until load completes: jit__allocate.927922527692928550 @ 0
I0828 01:30:43.076976    1512 server_lib.cc:743] Unloading component jit__allocate.927922527692928550 @ 0 at worker
I0828 01:30:43.187476    1940 server_lib.cc:1855] Attempting to load component jit_broadcast_in_dim.5622832922158733332 @ 0 at worker after 1.108767ms (proto size 2414)
I0828 01:30:43.214291    1304 tpu_chip_config.cc:367] Resolved chip config alias megachip_tccontrol->megacore for 2093c6a02, 
I0828 01:30:43.216079    1304 tpu_chip_config.cc:367] Resolved chip config alias megachip_tccontrol->megacore for 2093c6a02, 
I0828 01:30:43.216928    1304 xla_compilation_cache.cc:113] XLA compilation cache fetch for computation 'jit_convert_element_type' (key d4bb2065732563ff) took 242.460602ms: PERSISTENT_FETCH
I0828 01:30:43.398769    1305 tpu_chip_config.cc:367] Resolved chip config alias megachip_tccontrol->megacore for 2093c6a02, 
I0828 01:30:43.400404    1305 tpu_chip_config.cc:367] Resolved chip config alias megachip_tccontrol->megacore for 2093c6a02, 
I0828 01:30:43.401202    1305 xla_compilation_cache.cc:113] XLA compilation cache fetch for computation 'jit_broadcast_in_dim' (key 25b2f9a67df5a232) took 213.917174ms: PERSISTENT_FETCH
I0828 01:30:43.426943    1818 server_lib.cc:1855] Attempting to load component jit_broadcast_in_dim.927922527692929596 @ 0 at worker after 1.472302ms (proto size 2413)
I0828 01:30:43.649897    1305 tpu_chip_config.cc:367] Resolved chip config alias megachip_tccontrol->megacore for 2093c6a02, 
I0828 01:30:43.651519    1305 tpu_chip_config.cc:367] Resolved chip config alias megachip_tccontrol->megacore for 2093c6a02, 
I0828 01:30:43.652317    1305 xla_compilation_cache.cc:113] XLA compilation cache fetch for computation 'jit_broadcast_in_dim' (key b96b20f1ec0d6adc) took 226.003837ms: PERSISTENT_FETCH
I0828 01:30:43.672361    1948 server_lib.cc:1855] Attempting to load component jit_broadcast_in_dim.934836157317374954 @ 0 at worker after 1.057168ms (proto size 2413)
I0828 01:30:43.887062    1305 tpu_chip_config.cc:367] Resolved chip config alias megachip_tccontrol->megacore for 2093c6a02, 
I0828 01:30:43.888618    1305 tpu_chip_config.cc:367] Resolved chip config alias megachip_tccontrol->megacore for 2093c6a02, 
I0828 01:30:43.889361    1305 xla_compilation_cache.cc:113] XLA compilation cache fetch for computation 'jit_broadcast_in_dim' (key 5043b7c95928295a) took 217.112646ms: PERSISTENT_FETCH
I0828 01:30:52.386616    1809 server_lib.cc:1855] Attempting to load component jit_run_model.5622832922158734244 @ 0 at worker after 2.67668ms (proto size 14988)
I0828 01:30:59.758286    1305 tpu_chip_config.cc:367] Resolved chip config alias megachip_tccontrol->megacore for 2093c6a02, 
I0828 01:30:59.772111    1305 tpu_chip_config.cc:367] Resolved chip config alias megachip_tccontrol->megacore for 2093c6a02, 
I0828 01:30:59.794500    1305 xla_compilation_cache.cc:113] XLA compilation cache fetch for computation 'jit_run_model' (key 50a59dc561816da2) took 7.408514081s: PERSISTENT_FETCH
I0828 01:31:00.250842    1940 server_lib.cc:1855] Attempting to load component jit_convert_element_type.934836157317377683 @ 0 at worker after 1.084126ms (proto size 2411)
I0828 01:31:00.464219    1809 server_lib.cc:1855] Attempting to load component jit_broadcast_in_dim.5622832922158731400 @ 0 at worker after 1.84476ms (proto size 2418)
I0828 01:31:00.470429    1305 tpu_chip_config.cc:367] Resolved chip config alias megachip_tccontrol->megacore for 2093c6a02, 
I0828 01:31:00.472129    1305 tpu_chip_config.cc:367] Resolved chip config alias megachip_tccontrol->megacore for 2093c6a02, 
I0828 01:31:00.472981    1305 xla_compilation_cache.cc:113] XLA compilation cache fetch for computation 'jit_convert_element_type' (key 59d1c8969685192e) took 222.289884ms: PERSISTENT_FETCH
I0828 01:31:00.674569    1304 tpu_chip_config.cc:367] Resolved chip config alias megachip_tccontrol->megacore for 2093c6a02, 
I0828 01:31:00.676117    1304 tpu_chip_config.cc:367] Resolved chip config alias megachip_tccontrol->megacore for 2093c6a02, 
I0828 01:31:00.676901    1304 xla_compilation_cache.cc:113] XLA compilation cache fetch for computation 'jit_broadcast_in_dim' (key d366b23e899b3a47) took 213.653119ms: PERSISTENT_FETCH
I0828 01:31:00.779041    1932 server_lib.cc:1855] Attempting to load component jit_broadcast_in_dim.5622832922158732339 @ 0 at worker after 1.1175ms (proto size 2413)
I0828 01:31:00.993969    1304 tpu_chip_config.cc:367] Resolved chip config alias megachip_tccontrol->megacore for 2093c6a02, 
I0828 01:31:00.995581    1304 tpu_chip_config.cc:367] Resolved chip config alias megachip_tccontrol->megacore for 2093c6a02, 
I0828 01:31:00.996400    1304 xla_compilation_cache.cc:113] XLA compilation cache fetch for computation 'jit_broadcast_in_dim' (key 100b3b104a6bf11d) took 217.463683ms: PERSISTENT_FETCH
I0828 01:31:01.021956    1818 server_lib.cc:1855] Attempting to load component jit__select_from_array_fn.12947613028601671090 @ 0 at worker after 1.529769ms (proto size 2462)
I0828 01:31:01.246595    1304 tpu_chip_config.cc:367] Resolved chip config alias megachip_tccontrol->megacore for 2093c6a02, 
I0828 01:31:01.248147    1304 tpu_chip_config.cc:367] Resolved chip config alias megachip_tccontrol->megacore for 2093c6a02, 
I0828 01:31:01.249011    1304 xla_compilation_cache.cc:113] XLA compilation cache fetch for computation 'jit__select_from_array_fn' (key e9e885934b9b9299) took 227.702792ms: PERSISTENT_FETCH
I0828 01:31:01.311089    1930 server_lib.cc:1855] Attempting to load component jit_broadcast_in_dim.5622832922158734217 @ 0 at worker after 3.044354ms (proto size 2413)
I0828 01:31:01.512907    1304 tpu_chip_config.cc:367] Resolved chip config alias megachip_tccontrol->megacore for 2093c6a02, 
I0828 01:31:01.514471    1304 tpu_chip_config.cc:367] Resolved chip config alias megachip_tccontrol->megacore for 2093c6a02, 
I0828 01:31:01.515227    1304 xla_compilation_cache.cc:113] XLA compilation cache fetch for computation 'jit_broadcast_in_dim' (key f4e81cda2b38261e) took 204.264501ms: PERSISTENT_FETCH
I0828 01:31:01.544073    1809 server_lib.cc:1855] Attempting to load component jit__select_from_array_fn.12947613028601667804 @ 0 at worker after 1.791379ms (proto size 2462)
I0828 01:31:01.771807    1304 tpu_chip_config.cc:367] Resolved chip config alias megachip_tccontrol->megacore for 2093c6a02, 
I0828 01:31:01.773356    1304 tpu_chip_config.cc:367] Resolved chip config alias megachip_tccontrol->megacore for 2093c6a02, 
I0828 01:31:01.774266    1304 xla_compilation_cache.cc:113] XLA compilation cache fetch for computation 'jit__select_from_array_fn' (key c5cb47476c24c798) took 231.035928ms: PERSISTENT_FETCH
I0828 01:31:01.832298     734 server_lib.cc:1855] Attempting to load component jit_broadcast_in_dim.12947613028601668344 @ 0 at worker after 1.113667ms (proto size 2413)
I0828 01:31:02.051759    1304 tpu_chip_config.cc:367] Resolved chip config alias megachip_tccontrol->megacore for 2093c6a02, 
I0828 01:31:02.053354    1304 tpu_chip_config.cc:367] Resolved chip config alias megachip_tccontrol->megacore for 2093c6a02, 
I0828 01:31:02.054156    1304 xla_compilation_cache.cc:113] XLA compilation cache fetch for computation 'jit_broadcast_in_dim' (key 2ad77de9d13750a) took 221.981494ms: PERSISTENT_FETCH
I0828 01:31:02.134761    1948 server_lib.cc:1855] Attempting to load component jit__select_from_array_fn.196317131024095449 @ 0 at worker after 1.489046ms (proto size 2460)
I0828 01:31:02.364419    1304 tpu_chip_config.cc:367] Resolved chip config alias megachip_tccontrol->megacore for 2093c6a02, 
I0828 01:31:02.365889    1304 tpu_chip_config.cc:367] Resolved chip config alias megachip_tccontrol->megacore for 2093c6a02, 
I0828 01:31:02.366765    1304 xla_compilation_cache.cc:113] XLA compilation cache fetch for computation 'jit__select_from_array_fn' (key 4ca1b40ae2792f53) took 232.516123ms: PERSISTENT_FETCH
I0828 01:31:02.424021    1948 server_lib.cc:1855] Attempting to load component jit_broadcast_in_dim.6111309008459216890 @ 0 at worker after 1.510314ms (proto size 2412)
I0828 01:31:02.626476    1304 tpu_chip_config.cc:367] Resolved chip config alias megachip_tccontrol->megacore for 2093c6a02, 
I0828 01:31:02.627970    1304 tpu_chip_config.cc:367] Resolved chip config alias megachip_tccontrol->megacore for 2093c6a02, 
I0828 01:31:02.628713    1304 xla_compilation_cache.cc:113] XLA compilation cache fetch for computation 'jit_broadcast_in_dim' (key 66516a1f8b9b74e) took 204.803912ms: PERSISTENT_FETCH
I0828 01:31:02.657855    1809 server_lib.cc:1855] Attempting to load component jit__select_from_array_fn.196317131024096003 @ 0 at worker after 1.687802ms (proto size 2460)
I0828 01:31:02.889862    1304 tpu_chip_config.cc:367] Resolved chip config alias megachip_tccontrol->megacore for 2093c6a02, 
I0828 01:31:02.891401    1304 tpu_chip_config.cc:367] Resolved chip config alias megachip_tccontrol->megacore for 2093c6a02, 
I0828 01:31:02.892281    1304 xla_compilation_cache.cc:113] XLA compilation cache fetch for computation 'jit__select_from_array_fn' (key 289ec6647e9d5c12) took 235.227333ms: PERSISTENT_FETCH
I0828 01:31:02.950767     734 server_lib.cc:1855] Attempting to load component jit_broadcast_in_dim.934836157317377291 @ 0 at worker after 1.311545ms (proto size 2413)
I0828 01:31:03.164226    1304 tpu_chip_config.cc:367] Resolved chip config alias megachip_tccontrol->megacore for 2093c6a02, 
I0828 01:31:03.165774    1304 tpu_chip_config.cc:367] Resolved chip config alias megachip_tccontrol->megacore for 2093c6a02, 
I0828 01:31:03.166558    1304 xla_compilation_cache.cc:113] XLA compilation cache fetch for computation 'jit_broadcast_in_dim' (key f2fc9cdb65b457ac) took 215.897552ms: PERSISTENT_FETCH
I0828 01:31:03.198940    1940 server_lib.cc:1855] Attempting to load component jit__select_from_array_fn.11097614078210886194 @ 0 at worker after 1.622347ms (proto size 2464)
I0828 01:31:03.436558    1304 tpu_chip_config.cc:367] Resolved chip config alias megachip_tccontrol->megacore for 2093c6a02, 
I0828 01:31:03.438150    1304 tpu_chip_config.cc:367] Resolved chip config alias megachip_tccontrol->megacore for 2093c6a02, 
I0828 01:31:03.439052    1304 xla_compilation_cache.cc:113] XLA compilation cache fetch for computation 'jit__select_from_array_fn' (key b939ad4946c9c982) took 240.857028ms: PERSISTENT_FETCH
I0828 01:31:03.514991    1930 server_lib.cc:1855] Attempting to load component jit__select_from_array_fn.934836157317374753 @ 0 at worker after 976.67us (proto size 2462)
I0828 01:31:03.756291    1304 tpu_chip_config.cc:367] Resolved chip config alias megachip_tccontrol->megacore for 2093c6a02, 
I0828 01:31:03.757833    1304 tpu_chip_config.cc:367] Resolved chip config alias megachip_tccontrol->megacore for 2093c6a02, 
I0828 01:31:03.758719    1304 xla_compilation_cache.cc:113] XLA compilation cache fetch for computation 'jit__select_from_array_fn' (key c2cd37ad1a81624e) took 243.84979ms: PERSISTENT_FETCH
I0828 01:31:03.779184     734 server_lib.cc:1855] Attempting to load component jit_broadcast_in_dim.196317131024093734 @ 0 at worker after 1.556979ms (proto size 2416)
I0828 01:31:03.986838    1304 tpu_chip_config.cc:367] Resolved chip config alias megachip_tccontrol->megacore for 2093c6a02, 
I0828 01:31:03.988345    1304 tpu_chip_config.cc:367] Resolved chip config alias megachip_tccontrol->megacore for 2093c6a02, 
I0828 01:31:03.989137    1304 xla_compilation_cache.cc:113] XLA compilation cache fetch for computation 'jit_broadcast_in_dim' (key 965c4a493e274da4) took 210.701304ms: PERSISTENT_FETCH
I0828 01:31:04.065317    1930 server_lib.cc:1855] Attempting to load component jit_run_compute_logits.196317131024094288 @ 0 at worker after 1.18521ms (proto size 2460)
I0828 01:31:04.473707    1940 server_lib.cc:1855] Attempting to load component jit_broadcast_in_dim.5622832922158735129 @ 0 at worker after 3.299987ms (proto size 2417)
I0828 01:31:04.482975    1304 tpu_chip_config.cc:367] Resolved chip config alias megachip_tccontrol->megacore for 2093c6a02, 
I0828 01:31:04.484628    1304 tpu_chip_config.cc:367] Resolved chip config alias megachip_tccontrol->megacore for 2093c6a02, 
I0828 01:31:04.485625    1304 xla_compilation_cache.cc:113] XLA compilation cache fetch for computation 'jit_run_compute_logits' (key 8e9119890bf3e784) took 420.444142ms: PERSISTENT_FETCH
I0828 01:31:04.690974    1305 tpu_chip_config.cc:367] Resolved chip config alias megachip_tccontrol->megacore for 2093c6a02, 
I0828 01:31:04.692483    1305 tpu_chip_config.cc:367] Resolved chip config alias megachip_tccontrol->megacore for 2093c6a02, 
I0828 01:31:04.693234    1305 xla_compilation_cache.cc:113] XLA compilation cache fetch for computation 'jit_broadcast_in_dim' (key d23cb45776f65df2) took 221.926975ms: PERSISTENT_FETCH
I0828 01:31:04.769142    1818 server_lib.cc:1855] Attempting to load component jit_run_compute_logits.934836157317374361 @ 0 at worker after 996.004us (proto size 2460)
I0828 01:31:05.186349    1948 server_lib.cc:1855] Attempting to load component jit_broadcast_in_dim.196317131024094842 @ 0 at worker after 829.398us (proto size 2415)
I0828 01:31:05.204290    1305 tpu_chip_config.cc:367] Resolved chip config alias megachip_tccontrol->megacore for 2093c6a02, 
I0828 01:31:05.205958    1305 tpu_chip_config.cc:367] Resolved chip config alias megachip_tccontrol->megacore for 2093c6a02, 
I0828 01:31:05.206930    1305 xla_compilation_cache.cc:113] XLA compilation cache fetch for computation 'jit_run_compute_logits' (key f71e89e11ba128fd) took 437.795328ms: PERSISTENT_FETCH
I0828 01:31:05.393548    1304 tpu_chip_config.cc:367] Resolved chip config alias megachip_tccontrol->megacore for 2093c6a02, 
I0828 01:31:05.395073    1304 tpu_chip_config.cc:367] Resolved chip config alias megachip_tccontrol->megacore for 2093c6a02, 
I0828 01:31:05.395840    1304 xla_compilation_cache.cc:113] XLA compilation cache fetch for computation 'jit_broadcast_in_dim' (key f5c720a1e4618ed) took 209.498304ms: PERSISTENT_FETCH
I0828 01:31:05.472499     698 server_lib.cc:1855] Attempting to load component jit_run_compute_logits.11097614078210885067 @ 0 at worker after 1.01432ms (proto size 2462)
I0828 01:31:05.893469     734 server_lib.cc:1855] Attempting to load component jit_broadcast_in_dim.5622832922158734476 @ 0 at worker after 993.806us (proto size 2417)
I0828 01:31:05.906850    1304 tpu_chip_config.cc:367] Resolved chip config alias megachip_tccontrol->megacore for 2093c6a02, 
I0828 01:31:05.908525    1304 tpu_chip_config.cc:367] Resolved chip config alias megachip_tccontrol->megacore for 2093c6a02, 
I0828 01:31:05.909510    1304 xla_compilation_cache.cc:113] XLA compilation cache fetch for computation 'jit_run_compute_logits' (key cd959c4213cf3f98) took 437.018281ms: PERSISTENT_FETCH
I0828 01:31:06.110627    1305 tpu_chip_config.cc:367] Resolved chip config alias megachip_tccontrol->megacore for 2093c6a02, 
I0828 01:31:06.112188    1305 tpu_chip_config.cc:367] Resolved chip config alias megachip_tccontrol->megacore for 2093c6a02, 
I0828 01:31:06.112976    1305 xla_compilation_cache.cc:113] XLA compilation cache fetch for computation 'jit_broadcast_in_dim' (key 2680f3a7c48a66e1) took 219.514502ms: PERSISTENT_FETCH
I0828 01:31:06.181524     698 server_lib.cc:1855] Attempting to load component jit_run_compute_logits.11097614078210883810 @ 0 at worker after 983.023us (proto size 2462)
I0828 01:31:06.585782     734 server_lib.cc:1855] Attempting to load component jit_broadcast_in_dim.5622832922158732571 @ 0 at worker after 799.592us (proto size 2418)
I0828 01:31:06.613584    1305 tpu_chip_config.cc:367] Resolved chip config alias megachip_tccontrol->megacore for 2093c6a02, 
I0828 01:31:06.615140    1305 tpu_chip_config.cc:367] Resolved chip config alias megachip_tccontrol->megacore for 2093c6a02, 
I0828 01:31:06.616062    1305 xla_compilation_cache.cc:113] XLA compilation cache fetch for computation 'jit_run_compute_logits' (key 89245f9e310088c7) took 434.545326ms: PERSISTENT_FETCH
I0828 01:31:06.791526    1304 tpu_chip_config.cc:367] Resolved chip config alias megachip_tccontrol->megacore for 2093c6a02, 
I0828 01:31:06.793007    1304 tpu_chip_config.cc:367] Resolved chip config alias megachip_tccontrol->megacore for 2093c6a02, 
I0828 01:31:06.793758    1304 xla_compilation_cache.cc:113] XLA compilation cache fetch for computation 'jit_broadcast_in_dim' (key be2e6c56160dc4dd) took 207.983618ms: PERSISTENT_FETCH
I0828 01:31:06.874848     698 server_lib.cc:1855] Attempting to load component jit_run_compute_logits.11097614078210885327 @ 0 at worker after 1.171087ms (proto size 2464)
I0828 01:31:07.279481    1948 server_lib.cc:1855] Attempting to load component jit_broadcast_in_dim.934836157317375919 @ 0 at worker after 1.073726ms (proto size 2417)
I0828 01:31:07.288057    1304 tpu_chip_config.cc:367] Resolved chip config alias megachip_tccontrol->megacore for 2093c6a02, 
I0828 01:31:07.289647    1304 tpu_chip_config.cc:367] Resolved chip config alias megachip_tccontrol->megacore for 2093c6a02, 
I0828 01:31:07.290576    1304 xla_compilation_cache.cc:113] XLA compilation cache fetch for computation 'jit_run_compute_logits' (key 64ab136f8308357d) took 415.735487ms: PERSISTENT_FETCH
I0828 01:31:07.502907    1305 tpu_chip_config.cc:367] Resolved chip config alias megachip_tccontrol->megacore for 2093c6a02, 
I0828 01:31:07.504406    1305 tpu_chip_config.cc:367] Resolved chip config alias megachip_tccontrol->megacore for 2093c6a02, 
I0828 01:31:07.505151    1305 xla_compilation_cache.cc:113] XLA compilation cache fetch for computation 'jit_broadcast_in_dim' (key efaacb8a8a79f3d9) took 225.676912ms: PERSISTENT_FETCH
I0828 01:31:07.591446    1930 server_lib.cc:1855] Attempting to load component jit_run_compute_logits.6111309008459215742 @ 0 at worker after 1.222454ms (proto size 2463)
I0828 01:31:08.018307    1305 tpu_chip_config.cc:367] Resolved chip config alias megachip_tccontrol->megacore for 2093c6a02, 
I0828 01:31:08.020061    1305 tpu_chip_config.cc:367] Resolved chip config alias megachip_tccontrol->megacore for 2093c6a02, 
I0828 01:31:08.021161    1305 xla_compilation_cache.cc:113] XLA compilation cache fetch for computation 'jit_run_compute_logits' (key aded5f8d4cb8c118) took 429.722153ms: PERSISTENT_FETCH
I0828 01:31:08.052592     734 server_lib.cc:1855] Attempting to load component jit_broadcast_in_dim.5622832922158734449 @ 0 at worker after 874.926us (proto size 2413)
I0828 01:31:08.256264    1305 tpu_chip_config.cc:367] Resolved chip config alias megachip_tccontrol->megacore for 2093c6a02, 
I0828 01:31:08.257837    1305 tpu_chip_config.cc:367] Resolved chip config alias megachip_tccontrol->megacore for 2093c6a02, 
I0828 01:31:08.258578    1305 xla_compilation_cache.cc:113] XLA compilation cache fetch for computation 'jit_broadcast_in_dim' (key 33d20e3981d5a07f) took 205.993987ms: PERSISTENT_FETCH
I0828 01:31:08.281621    1930 server_lib.cc:1855] Attempting to load component jit_convert_element_type.196317131024095396 @ 0 at worker after 892.29us (proto size 2411)
I0828 01:31:08.478733    1809 server_lib.cc:1855] Attempting to load component jit_broadcast_in_dim.11097614078210884070 @ 0 at worker after 1.108123ms (proto size 2414)
I0828 01:31:08.488975    1305 tpu_chip_config.cc:367] Resolved chip config alias megachip_tccontrol->megacore for 2093c6a02, 
I0828 01:31:08.490466    1305 tpu_chip_config.cc:367] Resolved chip config alias megachip_tccontrol->megacore for 2093c6a02, 
I0828 01:31:08.491209    1305 xla_compilation_cache.cc:113] XLA compilation cache fetch for computation 'jit_convert_element_type' (key d5c00e6d22718312) took 209.595328ms: PERSISTENT_FETCH
I0828 01:31:08.688768    1304 tpu_chip_config.cc:367] Resolved chip config alias megachip_tccontrol->megacore for 2093c6a02, 
I0828 01:31:08.690253    1304 tpu_chip_config.cc:367] Resolved chip config alias megachip_tccontrol->megacore for 2093c6a02, 
I0828 01:31:08.691026    1304 xla_compilation_cache.cc:113] XLA compilation cache fetch for computation 'jit_broadcast_in_dim' (key f1247465310c37c8) took 212.302504ms: PERSISTENT_FETCH
I0828 01:31:08.731466     734 server_lib.cc:1855] Attempting to load component jit_broadcast_in_dim.196317131024097058 @ 0 at worker after 814.639us (proto size 2412)
I0828 01:31:08.933058    1304 tpu_chip_config.cc:367] Resolved chip config alias megachip_tccontrol->megacore for 2093c6a02, 
I0828 01:31:08.934625    1304 tpu_chip_config.cc:367] Resolved chip config alias megachip_tccontrol->megacore for 2093c6a02, 
I0828 01:31:08.935441    1304 xla_compilation_cache.cc:113] XLA compilation cache fetch for computation 'jit_broadcast_in_dim' (key 224c2b3535d0e44d) took 203.981352ms: PERSISTENT_FETCH
I0828 01:31:08.982025    1809 server_lib.cc:1855] Attempting to load component jit_broadcast_in_dim.927922527692929005 @ 0 at worker after 886.141us (proto size 2411)
I0828 01:31:09.185176    1304 tpu_chip_config.cc:367] Resolved chip config alias megachip_tccontrol->megacore for 2093c6a02, 
I0828 01:31:09.186666    1304 tpu_chip_config.cc:367] Resolved chip config alias megachip_tccontrol->megacore for 2093c6a02, 
I0828 01:31:09.187424    1304 xla_compilation_cache.cc:113] XLA compilation cache fetch for computation 'jit_broadcast_in_dim' (key e191c21e547053b) took 205.406846ms: PERSISTENT_FETCH
I0828 01:31:09.232654    1818 server_lib.cc:1855] Attempting to load component jit_broadcast_in_dim.5622832922158734055 @ 0 at worker after 882.222us (proto size 2413)
I0828 01:31:09.443851    1304 tpu_chip_config.cc:367] Resolved chip config alias megachip_tccontrol->megacore for 2093c6a02, 
I0828 01:31:09.445292    1304 tpu_chip_config.cc:367] Resolved chip config alias megachip_tccontrol->megacore for 2093c6a02, 
I0828 01:31:09.446039    1304 xla_compilation_cache.cc:113] XLA compilation cache fetch for computation 'jit_broadcast_in_dim' (key e25497f62a106efa) took 213.391768ms: PERSISTENT_FETCH
I0828 01:31:09.487057     734 server_lib.cc:1855] Attempting to load component jit_broadcast_in_dim.5622832922158732123 @ 0 at worker after 884.502us (proto size 2414)
I0828 01:31:09.684284    1304 tpu_chip_config.cc:367] Resolved chip config alias megachip_tccontrol->megacore for 2093c6a02, 
I0828 01:31:09.685737    1304 tpu_chip_config.cc:367] Resolved chip config alias megachip_tccontrol->megacore for 2093c6a02, 
I0828 01:31:09.686474    1304 xla_compilation_cache.cc:113] XLA compilation cache fetch for computation 'jit_broadcast_in_dim' (key 3d54611d484f0764) took 199.422386ms: PERSISTENT_FETCH
I0828 01:31:09.731536    1948 server_lib.cc:1855] Attempting to load component jit_broadcast_in_dim.934836157317376105 @ 0 at worker after 918.576us (proto size 2412)
I0828 01:31:09.931632    1304 tpu_chip_config.cc:367] Resolved chip config alias megachip_tccontrol->megacore for 2093c6a02, 
I0828 01:31:09.933193    1304 tpu_chip_config.cc:367] Resolved chip config alias megachip_tccontrol->megacore for 2093c6a02, 
I0828 01:31:09.933972    1304 xla_compilation_cache.cc:113] XLA compilation cache fetch for computation 'jit_broadcast_in_dim' (key 39860bbd69c3e39) took 202.443357ms: PERSISTENT_FETCH
I0828 01:31:10.019222    1940 server_lib.cc:1855] Attempting to load component jit__split_rngs.6111309008459217411 @ 0 at worker after 1.200487ms (proto size 2446)
I0828 01:31:10.340419    1304 tpu_chip_config.cc:367] Resolved chip config alias megachip_tccontrol->megacore for 2093c6a02, 
I0828 01:31:10.341902    1304 tpu_chip_config.cc:367] Resolved chip config alias megachip_tccontrol->megacore for 2093c6a02, 
I0828 01:31:10.343364    1304 xla_compilation_cache.cc:113] XLA compilation cache fetch for computation 'jit__split_rngs' (key b77cd1a483527ab1) took 324.148655ms: PERSISTENT_FETCH
I0828 01:31:18.426773    1930 server_lib.cc:1855] Attempting to load component jit__decode_core.927922527692928611 @ 0 at worker after 2.267324ms (proto size 15145)
I0828 01:31:25.446248    1304 tpu_chip_config.cc:367] Resolved chip config alias megachip_tccontrol->megacore for 2093c6a02, 
I0828 01:31:25.453516    1304 tpu_chip_config.cc:367] Resolved chip config alias megachip_tccontrol->megacore for 2093c6a02, 
I0828 01:31:25.478998    1304 xla_compilation_cache.cc:113] XLA compilation cache fetch for computation 'jit__decode_core' (key 9c6aeea7d0b8c0a1) took 7.052236657s: PERSISTENT_FETCH
I0828 01:31:33.833094    1930 server_lib.cc:1855] Attempting to load component jit__decode_core.6111309008459216550 @ 0 at worker after 1.999687ms (proto size 15145)
I0828 01:31:40.789156    1304 tpu_chip_config.cc:367] Resolved chip config alias megachip_tccontrol->megacore for 2093c6a02, 
I0828 01:31:40.797552    1304 tpu_chip_config.cc:367] Resolved chip config alias megachip_tccontrol->megacore for 2093c6a02, 
I0828 01:31:40.822738    1304 xla_compilation_cache.cc:113] XLA compilation cache fetch for computation 'jit__decode_core' (key d78a36030e33f6a) took 6.989656229s: PERSISTENT_FETCH
I0828 01:31:49.419929    1818 server_lib.cc:1855] Attempting to load component jit__decode_core.927922527692930282 @ 0 at worker after 2.05544ms (proto size 15145)
I0828 01:31:57.615905    1304 tpu_chip_config.cc:367] Resolved chip config alias megachip_tccontrol->megacore for 2093c6a02, 
I0828 01:31:57.624714    1304 tpu_chip_config.cc:367] Resolved chip config alias megachip_tccontrol->megacore for 2093c6a02, 
I0828 01:31:57.650343    1304 xla_compilation_cache.cc:113] XLA compilation cache fetch for computation 'jit__decode_core' (key 4277cd4b243cdf54) took 8.230427085s: PERSISTENT_FETCH
I0828 01:32:04.951744    1948 server_lib.cc:1855] Attempting to load component jit__decode_core.6111309008459215689 @ 0 at worker after 2.169136ms (proto size 15146)
I0828 01:32:13.037342    1304 tpu_chip_config.cc:367] Resolved chip config alias megachip_tccontrol->megacore for 2093c6a02, 
I0828 01:32:13.046961    1304 tpu_chip_config.cc:367] Resolved chip config alias megachip_tccontrol->megacore for 2093c6a02, 
I0828 01:32:13.074188    1304 xla_compilation_cache.cc:113] XLA compilation cache fetch for computation 'jit__decode_core' (key 6564dfa844da5aaf) took 8.122458164s: PERSISTENT_FETCH
I0828 01:32:21.660648    1930 server_lib.cc:1855] Attempting to load component jit__decode_core.12947613028601668005 @ 0 at worker after 2.108082ms (proto size 15154)
I0828 01:32:29.297079    1304 tpu_chip_config.cc:367] Resolved chip config alias megachip_tccontrol->megacore for 2093c6a02, 
I0828 01:32:29.307102    1304 tpu_chip_config.cc:367] Resolved chip config alias megachip_tccontrol->megacore for 2093c6a02, 
I0828 01:32:29.332138    1304 xla_compilation_cache.cc:113] XLA compilation cache fetch for computation 'jit__decode_core' (key a56eb1e9b4226e95) took 7.671503358s: PERSISTENT_FETCH
I0828 01:32:36.529472     734 server_lib.cc:1855] Attempting to load component jit__decode_core.6111309008459218924 @ 0 at worker after 2.262248ms (proto size 15153)
I0828 01:32:44.633557    1304 tpu_chip_config.cc:367] Resolved chip config alias megachip_tccontrol->megacore for 2093c6a02, 
I0828 01:32:44.643211    1304 tpu_chip_config.cc:367] Resolved chip config alias megachip_tccontrol->megacore for 2093c6a02, 
I0828 01:32:44.667602    1304 xla_compilation_cache.cc:113] XLA compilation cache fetch for computation 'jit__decode_core' (key 2ee5c19ac36e3f22) took 8.138142129s: PERSISTENT_FETCH
I0828 01:32:46.915935    1932 server_lib.cc:1855] Attempting to load component jit_convert_element_type.927922527692929528 @ 0 at worker after 1.279995ms (proto size 2441)
I0828 01:32:47.162844    1932 server_lib.cc:1855] Attempting to load component jit_convert_element_type.6111309008459216915 @ 0 at worker after 867.727us (proto size 2432)
I0828 01:32:47.177242    1304 tpu_chip_config.cc:367] Resolved chip config alias megachip_tccontrol->megacore for 2093c6a02, 
I0828 01:32:47.178996    1304 tpu_chip_config.cc:367] Resolved chip config alias megachip_tccontrol->megacore for 2093c6a02, 
I0828 01:32:47.179842    1304 xla_compilation_cache.cc:113] XLA compilation cache fetch for computation 'jit_convert_element_type' (key a3198de69802f198) took 263.918109ms: PERSISTENT_FETCH
I0828 01:32:47.362720     734 server_lib.cc:1855] Attempting to load component jit_convert_element_type.927922527692927103 @ 0 at worker after 983.679us (proto size 2431)
I0828 01:32:47.375973    1305 tpu_chip_config.cc:367] Resolved chip config alias megachip_tccontrol->megacore for 2093c6a02, 
I0828 01:32:47.377591    1305 tpu_chip_config.cc:367] Resolved chip config alias megachip_tccontrol->megacore for 2093c6a02, 
I0828 01:32:47.378346    1305 xla_compilation_cache.cc:113] XLA compilation cache fetch for computation 'jit_convert_element_type' (key 8391fcf61242972d) took 215.511515ms: PERSISTENT_FETCH
I0828 01:32:47.568878    1932 server_lib.cc:1855] Attempting to load component jit_convert_element_type.6111309008459216054 @ 0 at worker after 1.012967ms (proto size 2445)
I0828 01:32:47.581769    1304 tpu_chip_config.cc:367] Resolved chip config alias megachip_tccontrol->megacore for 2093c6a02, 
I0828 01:32:47.583315    1304 tpu_chip_config.cc:367] Resolved chip config alias megachip_tccontrol->megacore for 2093c6a02, 
I0828 01:32:47.584085    1304 xla_compilation_cache.cc:113] XLA compilation cache fetch for computation 'jit_convert_element_type' (key 8d23742eb7ebcdab) took 221.372057ms: PERSISTENT_FETCH
I0828 01:32:47.800112     734 server_lib.cc:1855] Attempting to load component jit_convert_element_type.927922527692928774 @ 0 at worker after 991.367us (proto size 2445)
I0828 01:32:47.811162    1305 tpu_chip_config.cc:367] Resolved chip config alias megachip_tccontrol->megacore for 2093c6a02, 
I0828 01:32:47.812725    1305 tpu_chip_config.cc:367] Resolved chip config alias megachip_tccontrol->megacore for 2093c6a02, 
I0828 01:32:47.813495    1305 xla_compilation_cache.cc:113] XLA compilation cache fetch for computation 'jit_convert_element_type' (key 6293690a77289c3) took 244.625009ms: PERSISTENT_FETCH
I0828 01:32:48.022583     734 server_lib.cc:1855] Attempting to load component jit_convert_element_type.6111309008459215193 @ 0 at worker after 842.908us (proto size 2446)
I0828 01:32:48.028816    1304 tpu_chip_config.cc:367] Resolved chip config alias megachip_tccontrol->megacore for 2093c6a02, 
I0828 01:32:48.030342    1304 tpu_chip_config.cc:367] Resolved chip config alias megachip_tccontrol->megacore for 2093c6a02, 
I0828 01:32:48.031112    1304 xla_compilation_cache.cc:113] XLA compilation cache fetch for computation 'jit_convert_element_type' (key 345cb12078fdc08c) took 231.006406ms: PERSISTENT_FETCH
I0828 01:32:48.240608    1932 server_lib.cc:1855] Attempting to load component jit_convert_element_type.927922527692930445 @ 0 at worker after 879.491us (proto size 2439)
I0828 01:32:48.254028    1305 tpu_chip_config.cc:367] Resolved chip config alias megachip_tccontrol->megacore for 2093c6a02, 
I0828 01:32:48.255501    1305 tpu_chip_config.cc:367] Resolved chip config alias megachip_tccontrol->megacore for 2093c6a02, 
I0828 01:32:48.256222    1305 xla_compilation_cache.cc:113] XLA compilation cache fetch for computation 'jit_convert_element_type' (key 60a864adbb879c50) took 233.645989ms: PERSISTENT_FETCH
I0828 01:32:48.441048     734 server_lib.cc:1855] Attempting to load component jit_convert_element_type.6111309008459218428 @ 0 at worker after 811.683us (proto size 2440)
I0828 01:32:48.448571    1304 tpu_chip_config.cc:367] Resolved chip config alias megachip_tccontrol->megacore for 2093c6a02, 
I0828 01:32:48.450032    1304 tpu_chip_config.cc:367] Resolved chip config alias megachip_tccontrol->megacore for 2093c6a02, 
I0828 01:32:48.450800    1304 xla_compilation_cache.cc:113] XLA compilation cache fetch for computation 'jit_convert_element_type' (key 92a4a75033dd804c) took 210.199702ms: PERSISTENT_FETCH
I0828 01:32:48.678101    1305 tpu_chip_config.cc:367] Resolved chip config alias megachip_tccontrol->megacore for 2093c6a02, 
I0828 01:32:48.679576    1305 tpu_chip_config.cc:367] Resolved chip config alias megachip_tccontrol->megacore for 2093c6a02, 
I0828 01:32:48.680294    1305 xla_compilation_cache.cc:113] XLA compilation cache fetch for computation 'jit_convert_element_type' (key c6fd9be301d69957) took 239.253191ms: PERSISTENT_FETCH
W0828 01:32:48.696671    1442 tpu_pjrt_client.cc:2349] PjRt execution dispatch was blocked for 31.58us because PjRt's max in-flight computation semaphore is full (limit: 32), which may negatively affect the performance
I0828 01:32:48.747189    1940 server_lib.cc:1855] Attempting to load component jit_convert_element_type.927922527692928020 @ 0 at worker after 1.060151ms (proto size 2441)
I0828 01:32:48.982695    1305 tpu_chip_config.cc:367] Resolved chip config alias megachip_tccontrol->megacore for 2093c6a02, 
I0828 01:32:48.984254    1305 tpu_chip_config.cc:367] Resolved chip config alias megachip_tccontrol->megacore for 2093c6a02, 
I0828 01:32:48.985032    1305 xla_compilation_cache.cc:113] XLA compilation cache fetch for computation 'jit_convert_element_type' (key 8a4e0f344c48903f) took 237.851257ms: PERSISTENT_FETCH
I0828 01:32:49.010498    1940 server_lib.cc:1855] Attempting to load component pre_reshard_9181198066278140929.1.6111309008459217567 @ 0 at worker after 1.139326ms (proto size 2460)
I0828 01:32:49.298559    1305 tpu_chip_config.cc:367] Resolved chip config alias megachip_tccontrol->megacore for 2093c6a02, 
I0828 01:32:49.300132    1305 tpu_chip_config.cc:367] Resolved chip config alias megachip_tccontrol->megacore for 2093c6a02, 
I0828 01:32:49.300914    1305 xla_compilation_cache.cc:113] XLA compilation cache fetch for computation 'pre_reshard_9181198066278140929.1' (key 688b8ce706c45beb) took 290.423374ms: PERSISTENT_FETCH
I0828 01:32:49.966495    1940 xla_compilation_cache.cc:113] XLA compilation cache fetch for computation 'jit__allocate' (key 44c937081d7ee1dc) took 1.263us: IN_MEMORY_HIT
I0828 01:32:49.966515    1940 server_lib.cc:1855] Attempting to load component jit__allocate.927922527692929691 @ 0 at worker after 1.370829ms (proto size 2403)
I0828 01:32:51.665159     757 worker_op_dispatcher.cc:4605] Component is not loaded yet; deferring unload until load completes: jit__allocate.927922527692929691 @ 0
I0828 01:32:51.665202    1505 server_lib.cc:743] Unloading component jit__allocate.927922527692929691 @ 0 at worker
I0828 01:33:05.666130     750 server_lib.cc:1855] Attempting to load component jit_split.6111309008459216872 @ 0 at worker after 1.116844ms (proto size 2486)
I0828 01:33:06.135436    1305 tpu_chip_config.cc:367] Resolved chip config alias megachip_tccontrol->megacore for 2093c6a02, 
I0828 01:33:06.137365    1305 tpu_chip_config.cc:367] Resolved chip config alias megachip_tccontrol->megacore for 2093c6a02, 
I0828 01:33:06.139299    1305 xla_compilation_cache.cc:113] XLA compilation cache fetch for computation 'jit_split' (key 58ab69a219ee1180) took 473.181668ms: PERSISTENT_FETCH
I0828 01:33:17.283594     750 server_lib.cc:1855] Attempting to load component jit__threefry_split.6111309008459215437 @ 0 at worker after 1.200916ms (proto size 2423)
I0828 01:33:17.565234    2890 server_lib.cc:1855] Attempting to load component jit_unstack.12947613028601669085 @ 0 at worker after 945.712us (proto size 2428)
I0828 01:33:17.578748    1305 tpu_chip_config.cc:367] Resolved chip config alias megachip_tccontrol->megacore for 2093c6a02, 
I0828 01:33:17.580487    1305 tpu_chip_config.cc:367] Resolved chip config alias megachip_tccontrol->megacore for 2093c6a02, 
I0828 01:33:17.581939    1305 xla_compilation_cache.cc:113] XLA compilation cache fetch for computation 'jit__threefry_split' (key ffae4053d9288eaf) took 298.3601ms: PERSISTENT_FETCH
I0828 01:33:17.758705    2890 server_lib.cc:1855] Attempting to load component jit_convert_element_type.6111309008459218672 @ 0 at worker after 910.243us (proto size 2440)
I0828 01:33:17.776054    1304 tpu_chip_config.cc:367] Resolved chip config alias megachip_tccontrol->megacore for 2093c6a02, 
I0828 01:33:17.777651    1304 tpu_chip_config.cc:367] Resolved chip config alias megachip_tccontrol->megacore for 2093c6a02, 
I0828 01:33:17.778490    1304 xla_compilation_cache.cc:113] XLA compilation cache fetch for computation 'jit_unstack' (key f4cb232f5cc0a2c9) took 213.265505ms: PERSISTENT_FETCH
I0828 01:33:17.956113    1305 tpu_chip_config.cc:367] Resolved chip config alias megachip_tccontrol->megacore for 2093c6a02, 
I0828 01:33:17.957678    1305 tpu_chip_config.cc:367] Resolved chip config alias megachip_tccontrol->megacore for 2093c6a02, 
I0828 01:33:17.958482    1305 xla_compilation_cache.cc:113] XLA compilation cache fetch for computation 'jit_convert_element_type' (key c666958a8729ef94) took 199.787308ms: PERSISTENT_FETCH
I0828 01:33:18.155721    2890 server_lib.cc:1855] Attempting to load component jit__canon_fused_decode_logprob_chunk.6111309008459217811 @ 0 at worker after 1.123405ms (proto size 2527)
I0828 01:33:19.783473    1305 tpu_chip_config.cc:367] Resolved chip config alias megachip_tccontrol->megacore for 2093c6a02, 
I0828 01:33:19.785454    1305 tpu_chip_config.cc:367] Resolved chip config alias megachip_tccontrol->megacore for 2093c6a02, 
I0828 01:33:19.787245    1305 xla_compilation_cache.cc:113] XLA compilation cache fetch for computation 'jit__canon_fused_decode_logprob_chunk' (key bcab894a92d4ff5) took 1.631532817s: PERSISTENT_FETCH
I0828 01:33:20.882092    2890 server_lib.cc:1855] Attempting to load component jit_split.12947613028601668499 @ 0 at worker after 1.049705ms (proto size 2487)
I0828 01:33:21.380132    1305 tpu_chip_config.cc:367] Resolved chip config alias megachip_tccontrol->megacore for 2093c6a02, 
I0828 01:33:21.382035    1305 tpu_chip_config.cc:367] Resolved chip config alias megachip_tccontrol->megacore for 2093c6a02, 
I0828 01:33:21.384093    1305 xla_compilation_cache.cc:113] XLA compilation cache fetch for computation 'jit_split' (key b35a7658f3892690) took 502.011238ms: PERSISTENT_FETCH
I0828 01:33:21.448812    3019 server_lib.cc:1855] Attempting to load component jit_convert_element_type.11097614078210884243 @ 0 at worker after 1.118446ms (proto size 2441)
I0828 01:33:21.684180    1305 tpu_chip_config.cc:367] Resolved chip config alias megachip_tccontrol->megacore for 2093c6a02, 
I0828 01:33:21.685782    1305 tpu_chip_config.cc:367] Resolved chip config alias megachip_tccontrol->megacore for 2093c6a02, 
I0828 01:33:21.686583    1305 xla_compilation_cache.cc:113] XLA compilation cache fetch for computation 'jit_convert_element_type' (key faae9e66f41c4daf) took 237.779941ms: PERSISTENT_FETCH
I0828 01:33:21.821563    3012 server_lib.cc:1855] Attempting to load component jit__canon_fused_decode_logprob_chunk.11097614078210884308 @ 0 at worker after 1.225778ms (proto size 2529)
I0828 01:33:23.530278    1305 tpu_chip_config.cc:367] Resolved chip config alias megachip_tccontrol->megacore for 2093c6a02, 
I0828 01:33:23.532402    1305 tpu_chip_config.cc:367] Resolved chip config alias megachip_tccontrol->megacore for 2093c6a02, 
I0828 01:33:23.534189    1305 xla_compilation_cache.cc:113] XLA compilation cache fetch for computation 'jit__canon_fused_decode_logprob_chunk' (key 26a88f9659c39689) took 1.712634803s: PERSISTENT_FETCH
I0828 01:33:24.587834    2973 server_lib.cc:1855] Attempting to load component jit_split.6111309008459217262 @ 0 at worker after 1.032986ms (proto size 2486)
I0828 01:33:25.096729    1305 tpu_chip_config.cc:367] Resolved chip config alias megachip_tccontrol->megacore for 2093c6a02, 
I0828 01:33:25.098668    1305 tpu_chip_config.cc:367] Resolved chip config alias megachip_tccontrol->megacore for 2093c6a02, 
I0828 01:33:25.100456    1305 xla_compilation_cache.cc:113] XLA compilation cache fetch for computation 'jit_split' (key 4e0e435c16749359) took 512.636296ms: PERSISTENT_FETCH
I0828 01:33:25.167393    3037 server_lib.cc:1855] Attempting to load component jit_convert_element_type.927922527692927007 @ 0 at worker after 982.158us (proto size 2439)
I0828 01:33:25.394961    1305 tpu_chip_config.cc:367] Resolved chip config alias megachip_tccontrol->megacore for 2093c6a02, 
I0828 01:33:25.396561    1305 tpu_chip_config.cc:367] Resolved chip config alias megachip_tccontrol->megacore for 2093c6a02, 
I0828 01:33:25.397310    1305 xla_compilation_cache.cc:113] XLA compilation cache fetch for computation 'jit_convert_element_type' (key c108b861a3561349) took 229.926376ms: PERSISTENT_FETCH
I0828 01:33:25.538220    2935 server_lib.cc:1855] Attempting to load component jit__canon_fused_decode_logprob_chunk.927922527692928678 @ 0 at worker after 1.177369ms (proto size 2527)
I0828 01:33:26.542358    1305 tpu_chip_config.cc:367] Resolved chip config alias megachip_tccontrol->megacore for 2093c6a02, 
I0828 01:33:26.544570    1305 tpu_chip_config.cc:367] Resolved chip config alias megachip_tccontrol->megacore for 2093c6a02, 
I0828 01:33:26.546528    1305 xla_compilation_cache.cc:113] XLA compilation cache fetch for computation 'jit__canon_fused_decode_logprob_chunk' (key 621e2c2b1a201d48) took 1.008317334s: PERSISTENT_FETCH
I0828 01:33:28.900309    3012 server_lib.cc:1855] Attempting to load component jit_split.11097614078210884351 @ 0 at worker after 917.237us (proto size 2487)
I0828 01:33:29.371936    1305 tpu_chip_config.cc:367] Resolved chip config alias megachip_tccontrol->megacore for 2093c6a02, 
I0828 01:33:29.373846    1305 tpu_chip_config.cc:367] Resolved chip config alias megachip_tccontrol->megacore for 2093c6a02, 
I0828 01:33:29.375689    1305 xla_compilation_cache.cc:113] XLA compilation cache fetch for computation 'jit_split' (key 4e04eb4bfadb2aeb) took 475.393543ms: PERSISTENT_FETCH
I0828 01:33:29.440346    2863 server_lib.cc:1855] Attempting to load component jit_convert_element_type.6111309008459216295 @ 0 at worker after 991.709us (proto size 2440)
I0828 01:33:29.637750    1305 tpu_chip_config.cc:367] Resolved chip config alias megachip_tccontrol->megacore for 2093c6a02, 
I0828 01:33:29.639336    1305 tpu_chip_config.cc:367] Resolved chip config alias megachip_tccontrol->megacore for 2093c6a02, 
I0828 01:33:29.640109    1305 xla_compilation_cache.cc:113] XLA compilation cache fetch for computation 'jit_convert_element_type' (key fddce002a431323b) took 199.772602ms: PERSISTENT_FETCH
I0828 01:33:29.780860     750 server_lib.cc:1855] Attempting to load component jit__canon_fused_decode_logprob_chunk.6111309008459215434 @ 0 at worker after 1.112174ms (proto size 2528)
I0828 01:33:30.742093    1305 tpu_chip_config.cc:367] Resolved chip config alias megachip_tccontrol->megacore for 2093c6a02, 
I0828 01:33:30.744313    1305 tpu_chip_config.cc:367] Resolved chip config alias megachip_tccontrol->megacore for 2093c6a02, 
I0828 01:33:30.746404    1305 xla_compilation_cache.cc:113] XLA compilation cache fetch for computation 'jit__canon_fused_decode_logprob_chunk' (key d49cd61d7d874d5d) took 965.553277ms: PERSISTENT_FETCH
I0828 01:33:35.773159    3019 server_lib.cc:1855] Attempting to load component jit_split.5622832922158734168 @ 0 at worker after 938.914us (proto size 2487)
I0828 01:33:36.250567    1305 tpu_chip_config.cc:367] Resolved chip config alias megachip_tccontrol->megacore for 2093c6a02, 
I0828 01:33:36.252868    1305 tpu_chip_config.cc:367] Resolved chip config alias megachip_tccontrol->megacore for 2093c6a02, 
I0828 01:33:36.254804    1305 xla_compilation_cache.cc:113] XLA compilation cache fetch for computation 'jit_split' (key ef83e0dd3251fbac) took 481.657183ms: PERSISTENT_FETCH
I0828 01:33:36.318595    2886 server_lib.cc:1855] Attempting to load component jit_convert_element_type.934836157317377995 @ 0 at worker after 907.752us (proto size 2439)
I0828 01:33:36.522089    1305 tpu_chip_config.cc:367] Resolved chip config alias megachip_tccontrol->megacore for 2093c6a02, 
I0828 01:33:36.523627    1305 tpu_chip_config.cc:367] Resolved chip config alias megachip_tccontrol->megacore for 2093c6a02, 
I0828 01:33:36.524401    1305 xla_compilation_cache.cc:113] XLA compilation cache fetch for computation 'jit_convert_element_type' (key 3991ecf5d3365c) took 205.837131ms: PERSISTENT_FETCH
I0828 01:33:36.658067    2863 server_lib.cc:1855] Attempting to load component jit__canon_fused_decode_logprob_chunk.934836157317376824 @ 0 at worker after 1.013864ms (proto size 2532)
I0828 01:33:37.711763    1305 tpu_chip_config.cc:367] Resolved chip config alias megachip_tccontrol->megacore for 2093c6a02, 
I0828 01:33:37.713607    1305 tpu_chip_config.cc:367] Resolved chip config alias megachip_tccontrol->megacore for 2093c6a02, 
I0828 01:33:37.715263    1305 xla_compilation_cache.cc:113] XLA compilation cache fetch for computation 'jit__canon_fused_decode_logprob_chunk' (key e7d73fd91415f93a) took 1.057210154s: PERSISTENT_FETCH
I0828 01:33:48.919912    2955 server_lib.cc:1855] Attempting to load component jit_split.196317131024096546 @ 0 at worker after 1.066631ms (proto size 2486)
I0828 01:33:49.380053    1305 tpu_chip_config.cc:367] Resolved chip config alias megachip_tccontrol->megacore for 2093c6a02, 
I0828 01:33:49.382217    1305 tpu_chip_config.cc:367] Resolved chip config alias megachip_tccontrol->megacore for 2093c6a02, 
I0828 01:33:49.383993    1305 xla_compilation_cache.cc:113] XLA compilation cache fetch for computation 'jit_split' (key 371900f49c821d60) took 464.094654ms: PERSISTENT_FETCH
I0828 01:33:49.448826    3033 server_lib.cc:1855] Attempting to load component jit_convert_element_type.5622832922158731410 @ 0 at worker after 949.734us (proto size 2442)
I0828 01:33:49.685674    1305 tpu_chip_config.cc:367] Resolved chip config alias megachip_tccontrol->megacore for 2093c6a02, 
I0828 01:33:49.687231    1305 tpu_chip_config.cc:367] Resolved chip config alias megachip_tccontrol->megacore for 2093c6a02, 
I0828 01:33:49.688026    1305 xla_compilation_cache.cc:113] XLA compilation cache fetch for computation 'jit_convert_element_type' (key 3656918424642386) took 239.210732ms: PERSISTENT_FETCH
I0828 01:33:49.817356    3033 server_lib.cc:1855] Attempting to load component jit__canon_fused_decode_logprob_chunk.5622832922158732349 @ 0 at worker after 986.469us (proto size 2533)
I0828 01:33:50.397550    1305 tpu_chip_config.cc:367] Resolved chip config alias megachip_tccontrol->megacore for 2093c6a02, 
I0828 01:33:50.399248    1305 tpu_chip_config.cc:367] Resolved chip config alias megachip_tccontrol->megacore for 2093c6a02, 
I0828 01:33:50.400572    1305 xla_compilation_cache.cc:113] XLA compilation cache fetch for computation 'jit__canon_fused_decode_logprob_chunk' (key 911931fecfb956a4) took 583.224646ms: PERSISTENT_FETCH
I0828 01:35:46.773501     750 server_lib.cc:1855] Attempting to load component jit_split.927922527692930632 @ 0 at worker after 1.108234ms (proto size 2484)
I0828 01:35:47.199135     750 server_lib.cc:1855] Attempting to load component jit__compute_active_mask.1182302940440488498 @ 0 at worker after 1.031584ms (proto size 2430)
I0828 01:35:47.213432    1305 tpu_chip_config.cc:367] Resolved chip config alias megachip_tccontrol->megacore for 2093c6a02, 
I0828 01:35:47.215723    1305 tpu_chip_config.cc:367] Resolved chip config alias megachip_tccontrol->megacore for 2093c6a02, 
I0828 01:35:47.217355    1305 xla_compilation_cache.cc:113] XLA compilation cache fetch for computation 'jit_split' (key 7405e16df67d782c) took 443.863615ms: PERSISTENT_FETCH
I0828 01:35:47.408654    1304 tpu_chip_config.cc:367] Resolved chip config alias megachip_tccontrol->megacore for 2093c6a02, 
I0828 01:35:47.410198    1304 tpu_chip_config.cc:367] Resolved chip config alias megachip_tccontrol->megacore for 2093c6a02, 
I0828 01:35:47.410996    1304 xla_compilation_cache.cc:113] XLA compilation cache fetch for computation 'jit__compute_active_mask' (key 91010c1c33592fec) took 211.867435ms: PERSISTENT_FETCH
I0828 01:35:55.227181    3019 server_lib.cc:1855] Attempting to load component jit__decode_core.927922527692929321 @ 0 at worker after 2.086358ms (proto size 15280)
I0828 01:36:06.355864    1304 tpu_chip_config.cc:367] Resolved chip config alias megachip_tccontrol->megacore for 2093c6a02, 
I0828 01:36:06.366074    1304 tpu_chip_config.cc:367] Resolved chip config alias megachip_tccontrol->megacore for 2093c6a02, 
I0828 01:36:06.395129    1304 xla_compilation_cache.cc:113] XLA compilation cache fetch for computation 'jit__decode_core' (key 97405581e25a2132) took 11.167963353s: PERSISTENT_FETCH
I0828 01:36:31.820889    2890 server_lib.cc:1855] Attempting to load component jit_split.12947613028601667817 @ 0 at worker after 1.033856ms (proto size 2486)
I0828 01:36:32.286258    2890 server_lib.cc:1855] Attempting to load component jit__compute_active_mask.11097614078210885664 @ 0 at worker after 940.341us (proto size 2431)
I0828 01:36:32.300216    1304 tpu_chip_config.cc:367] Resolved chip config alias megachip_tccontrol->megacore for 2093c6a02, 
I0828 01:36:32.302170    1304 tpu_chip_config.cc:367] Resolved chip config alias megachip_tccontrol->megacore for 2093c6a02, 
I0828 01:36:32.303882    1304 xla_compilation_cache.cc:113] XLA compilation cache fetch for computation 'jit_split' (key b6b4c93268755159) took 483.006857ms: PERSISTENT_FETCH
I0828 01:36:32.535357    1305 tpu_chip_config.cc:367] Resolved chip config alias megachip_tccontrol->megacore for 2093c6a02, 
I0828 01:36:32.536974    1305 tpu_chip_config.cc:367] Resolved chip config alias megachip_tccontrol->megacore for 2093c6a02, 
I0828 01:36:32.537769    1305 xla_compilation_cache.cc:113] XLA compilation cache fetch for computation 'jit__compute_active_mask' (key 37da09711dfca59f) took 251.520694ms: PERSISTENT_FETCH
I0828 01:36:40.288529    3033 server_lib.cc:1855] Attempting to load component jit__decode_core.12947613028601668357 @ 0 at worker after 2.299183ms (proto size 15282)
I0828 01:36:49.830907    1305 tpu_chip_config.cc:367] Resolved chip config alias megachip_tccontrol->megacore for 2093c6a02, 
I0828 01:36:49.840036    1305 tpu_chip_config.cc:367] Resolved chip config alias megachip_tccontrol->megacore for 2093c6a02, 
I0828 01:36:49.869184    1305 xla_compilation_cache.cc:113] XLA compilation cache fetch for computation 'jit__decode_core' (key 58d4c4e77a63064d) took 9.580669837s: PERSISTENT_FETCH
I0828 01:37:02.811873    2862 server_lib.cc:1855] Attempting to load component jit_split.6111309008459215542 @ 0 at worker after 892.39us (proto size 2485)
I0828 01:37:03.260728    2862 server_lib.cc:1855] Attempting to load component jit__compute_active_mask.927922527692931018 @ 0 at worker after 813.264us (proto size 2429)
I0828 01:37:03.277137    1305 tpu_chip_config.cc:367] Resolved chip config alias megachip_tccontrol->megacore for 2093c6a02, 
I0828 01:37:03.279053    1305 tpu_chip_config.cc:367] Resolved chip config alias megachip_tccontrol->megacore for 2093c6a02, 
I0828 01:37:03.280753    1305 xla_compilation_cache.cc:113] XLA compilation cache fetch for computation 'jit_split' (key 696bf98d837307a6) took 468.893388ms: PERSISTENT_FETCH
I0828 01:37:03.464457    1304 tpu_chip_config.cc:367] Resolved chip config alias megachip_tccontrol->megacore for 2093c6a02, 
I0828 01:37:03.466021    1304 tpu_chip_config.cc:367] Resolved chip config alias megachip_tccontrol->megacore for 2093c6a02, 
I0828 01:37:03.466865    1304 xla_compilation_cache.cc:113] XLA compilation cache fetch for computation 'jit__compute_active_mask' (key eb42a768eec1b38a) took 206.144875ms: PERSISTENT_FETCH
I0828 01:37:11.485099    2862 server_lib.cc:1855] Attempting to load component jit__decode_core.6111309008459218490 @ 0 at worker after 2.292565ms (proto size 15281)
I0828 01:37:20.152199    1304 tpu_chip_config.cc:367] Resolved chip config alias megachip_tccontrol->megacore for 2093c6a02, 
I0828 01:37:20.160740    1304 tpu_chip_config.cc:367] Resolved chip config alias megachip_tccontrol->megacore for 2093c6a02, 
I0828 01:37:20.187983    1304 xla_compilation_cache.cc:113] XLA compilation cache fetch for computation 'jit__decode_core' (key b448215752a97420) took 8.702898947s: PERSISTENT_FETCH
I0828 01:37:27.638869    2886 server_lib.cc:1855] Attempting to load component jit_split.12199592962835255805 @ 0 at worker after 886.407us (proto size 2486)
I0828 01:37:28.080850    2886 server_lib.cc:1855] Attempting to load component jit__compute_active_mask.6111309008459215068 @ 0 at worker after 887.975us (proto size 2430)
I0828 01:37:28.100365    1304 tpu_chip_config.cc:367] Resolved chip config alias megachip_tccontrol->megacore for 2093c6a02, 
I0828 01:37:28.102281    1304 tpu_chip_config.cc:367] Resolved chip config alias megachip_tccontrol->megacore for 2093c6a02, 
I0828 01:37:28.103852    1304 xla_compilation_cache.cc:113] XLA compilation cache fetch for computation 'jit_split' (key 81e06c65b6abc817) took 464.995583ms: PERSISTENT_FETCH
I0828 01:37:28.296208    1305 tpu_chip_config.cc:367] Resolved chip config alias megachip_tccontrol->megacore for 2093c6a02, 
I0828 01:37:28.297786    1305 tpu_chip_config.cc:367] Resolved chip config alias megachip_tccontrol->megacore for 2093c6a02, 
I0828 01:37:28.298575    1305 xla_compilation_cache.cc:113] XLA compilation cache fetch for computation 'jit__compute_active_mask' (key bcf448b2a6623cb1) took 217.73708ms: PERSISTENT_FETCH
I0828 01:37:36.280237    2852 server_lib.cc:1855] Attempting to load component jit__decode_core.12199592962835257857 @ 0 at worker after 2.341907ms (proto size 15282)
I0828 01:37:47.458815    1305 tpu_chip_config.cc:367] Resolved chip config alias megachip_tccontrol->megacore for 2093c6a02, 
I0828 01:37:47.467261    1305 tpu_chip_config.cc:367] Resolved chip config alias megachip_tccontrol->megacore for 2093c6a02, 
I0828 01:37:47.495498    1305 xla_compilation_cache.cc:113] XLA compilation cache fetch for computation 'jit__decode_core' (key da98939882311550) took 11.215277144s: PERSISTENT_FETCH
I0828 01:38:33.844660    1931 server_lib.cc:1855] Attempting to load component jit_compute_per_token_logps.4583327957303544681 @ 0 at worker after 2.133891ms (proto size 12351)
I0828 01:41:15.339595    1305 tpu_chip_config.cc:367] Resolved chip config alias megachip_tccontrol->megacore for 2093c6a02, 
I0828 01:41:15.363103    1305 tpu_chip_config.cc:367] Resolved chip config alias megachip_tccontrol->megacore for 2093c6a02, 
I0828 01:41:15.975905    1305 xla_compilation_cache.cc:113] XLA compilation cache fetch for computation 'jit_compute_per_token_logps' (key 9e2c567d14eedb8f) took 2m42.131261681s: PERSISTENT_FETCH
I0828 01:41:17.071587    2862 server_lib.cc:1855] Attempting to load component jit_subtract.4583327957303545442 @ 0 at worker after 1.590755ms (proto size 2441)
I0828 01:41:17.295540    1305 tpu_chip_config.cc:367] Resolved chip config alias megachip_tccontrol->megacore for 2093c6a02, 
I0828 01:41:17.297557    1305 tpu_chip_config.cc:367] Resolved chip config alias megachip_tccontrol->megacore for 2093c6a02, 
I0828 01:41:17.298644    1305 xla_compilation_cache.cc:113] XLA compilation cache fetch for computation 'jit_subtract' (key be3e11a37f61eaab) took 227.073377ms: PERSISTENT_FETCH
I0828 01:41:17.564661    2903 server_lib.cc:1855] Attempting to load component jit_abs.4583327957303543097 @ 0 at worker after 1.007923ms (proto size 2406)
I0828 01:41:17.771454    2903 server_lib.cc:1855] Attempting to load component jit_multiply.5734983100396399342 @ 0 at worker after 924.644us (proto size 2441)
I0828 01:41:17.789447    1305 tpu_chip_config.cc:367] Resolved chip config alias megachip_tccontrol->megacore for 2093c6a02, 
I0828 01:41:17.791802    1305 tpu_chip_config.cc:367] Resolved chip config alias megachip_tccontrol->megacore for 2093c6a02, 
I0828 01:41:17.793710    1305 xla_compilation_cache.cc:113] XLA compilation cache fetch for computation 'jit_abs' (key 57620e4639e22620) took 229.062801ms: PERSISTENT_FETCH
I0828 01:41:17.998342    2862 server_lib.cc:1855] Attempting to load component jit__reduce_sum.4583327957303544848 @ 0 at worker after 945.266us (proto size 2408)
I0828 01:41:18.010364    1304 tpu_chip_config.cc:367] Resolved chip config alias megachip_tccontrol->megacore for 2093c6a02, 
I0828 01:41:18.012513    1304 tpu_chip_config.cc:367] Resolved chip config alias megachip_tccontrol->megacore for 2093c6a02, 
I0828 01:41:18.013397    1304 xla_compilation_cache.cc:113] XLA compilation cache fetch for computation 'jit_multiply' (key 6cf33a59b1616e53) took 241.952529ms: PERSISTENT_FETCH
I0828 01:41:18.224464    2862 server_lib.cc:1855] Attempting to load component jit_true_divide.5734983100396399753 @ 0 at worker after 951.043us (proto size 2405)
I0828 01:41:18.238720    1305 tpu_chip_config.cc:367] Resolved chip config alias megachip_tccontrol->megacore for 2093c6a02, 
I0828 01:41:18.240994    1305 tpu_chip_config.cc:367] Resolved chip config alias megachip_tccontrol->megacore for 2093c6a02, 
I0828 01:41:18.242270    1305 xla_compilation_cache.cc:113] XLA compilation cache fetch for computation 'jit__reduce_sum' (key 4f52f3eb72f64148) took 243.939251ms: PERSISTENT_FETCH
I0828 01:41:18.435753    1304 tpu_chip_config.cc:367] Resolved chip config alias megachip_tccontrol->megacore for 2093c6a02, 
I0828 01:41:18.437333    1304 tpu_chip_config.cc:367] Resolved chip config alias megachip_tccontrol->megacore for 2093c6a02, 
I0828 01:41:18.438151    1304 xla_compilation_cache.cc:113] XLA compilation cache fetch for computation 'jit_true_divide' (key d4cd2ce4f2e64f0e) took 213.700122ms: PERSISTENT_FETCH
I0828 01:42:33.768032     750 server_lib.cc:1855] Attempting to load component jit__where.4583327957303542503 @ 0 at worker after 1.555844ms (proto size 2447)
I0828 01:42:34.004246    1304 tpu_chip_config.cc:367] Resolved chip config alias megachip_tccontrol->megacore for 2093c6a02, 
I0828 01:42:34.006172    1304 tpu_chip_config.cc:367] Resolved chip config alias megachip_tccontrol->megacore for 2093c6a02, 
I0828 01:42:34.007142    1304 xla_compilation_cache.cc:113] XLA compilation cache fetch for computation 'jit__where' (key b9a9391dafcc9ae) took 239.121934ms: PERSISTENT_FETCH
I0828 01:42:34.022502    3055 server_lib.cc:1855] Attempting to load component jit__reduce_max.4583327957303542107 @ 0 at worker after 1.063528ms (proto size 2408)
I0828 01:42:34.296111    1304 tpu_chip_config.cc:367] Resolved chip config alias megachip_tccontrol->megacore for 2093c6a02, 
I0828 01:42:34.297760    1304 tpu_chip_config.cc:367] Resolved chip config alias megachip_tccontrol->megacore for 2093c6a02, 
I0828 01:42:34.298633    1304 xla_compilation_cache.cc:113] XLA compilation cache fetch for computation 'jit__reduce_max' (key 36175c2c749d189a) took 276.138991ms: PERSISTENT_FETCH
I0828 01:42:34.535595    3012 server_lib.cc:1855] Attempting to load component jit_exp.4583327957303543858 @ 0 at worker after 1.189872ms (proto size 2406)
I0828 01:42:34.749277    1304 tpu_chip_config.cc:367] Resolved chip config alias megachip_tccontrol->megacore for 2093c6a02, 
I0828 01:42:34.750866    1304 tpu_chip_config.cc:367] Resolved chip config alias megachip_tccontrol->megacore for 2093c6a02, 
I0828 01:42:34.751660    1304 xla_compilation_cache.cc:113] XLA compilation cache fetch for computation 'jit_exp' (key f9ef56697270bd0b) took 216.074733ms: PERSISTENT_FETCH
I0828 01:42:35.009533     750 server_lib.cc:1855] Attempting to load component jit_reshape.4583327957303545609 @ 0 at worker after 1.064388ms (proto size 2411)
I0828 01:42:35.225757    1304 tpu_chip_config.cc:367] Resolved chip config alias megachip_tccontrol->megacore for 2093c6a02, 
I0828 01:42:35.227350    1304 tpu_chip_config.cc:367] Resolved chip config alias megachip_tccontrol->megacore for 2093c6a02, 
I0828 01:42:35.228123    1304 xla_compilation_cache.cc:113] XLA compilation cache fetch for computation 'jit_reshape' (key e5e873d3f848ec12) took 218.598944ms: PERSISTENT_FETCH
I0828 01:42:35.810685     750 server_lib.cc:1855] Attempting to load component jit_multiply.4583327957303545015 @ 0 at worker after 1.062242ms (proto size 2432)
I0828 01:42:36.042139    1304 tpu_chip_config.cc:367] Resolved chip config alias megachip_tccontrol->megacore for 2093c6a02, 
I0828 01:42:36.043738    1304 tpu_chip_config.cc:367] Resolved chip config alias megachip_tccontrol->megacore for 2093c6a02, 
I0828 01:42:36.044566    1304 xla_compilation_cache.cc:113] XLA compilation cache fetch for computation 'jit_multiply' (key 693bc4d312e44bb1) took 233.889626ms: PERSISTENT_FETCH
I0828 01:42:36.290353    1931 server_lib.cc:1855] Attempting to load component jit__reduce_sum.4583327957303542670 @ 0 at worker after 857.456us (proto size 2405)
I0828 01:42:36.509430    1304 tpu_chip_config.cc:367] Resolved chip config alias megachip_tccontrol->megacore for 2093c6a02, 
I0828 01:42:36.510981    1304 tpu_chip_config.cc:367] Resolved chip config alias megachip_tccontrol->megacore for 2093c6a02, 
I0828 01:42:36.511780    1304 xla_compilation_cache.cc:113] XLA compilation cache fetch for computation 'jit__reduce_sum' (key cb494c080a8649f9) took 221.439685ms: PERSISTENT_FETCH
I0828 01:42:36.715274     750 server_lib.cc:1855] Attempting to load component jit_subtract.4583327957303544421 @ 0 at worker after 876.729us (proto size 2420)
I0828 01:42:36.917721     750 server_lib.cc:1855] Attempting to load component jit_multiply.5734983100396398945 @ 0 at worker after 933.385us (proto size 2432)
I0828 01:42:36.924003    1304 tpu_chip_config.cc:367] Resolved chip config alias megachip_tccontrol->megacore for 2093c6a02, 
I0828 01:42:36.925547    1304 tpu_chip_config.cc:367] Resolved chip config alias megachip_tccontrol->megacore for 2093c6a02, 
I0828 01:42:36.926343    1304 xla_compilation_cache.cc:113] XLA compilation cache fetch for computation 'jit_subtract' (key 11b0dc8584ec5ef) took 211.077064ms: PERSISTENT_FETCH
I0828 01:42:37.132575    1305 tpu_chip_config.cc:367] Resolved chip config alias megachip_tccontrol->megacore for 2093c6a02, 
I0828 01:42:37.134125    1305 tpu_chip_config.cc:367] Resolved chip config alias megachip_tccontrol->megacore for 2093c6a02, 
I0828 01:42:37.134907    1305 xla_compilation_cache.cc:113] XLA compilation cache fetch for computation 'jit_multiply' (key 6ef24ddd1aed54b6) took 217.192613ms: PERSISTENT_FETCH
I0828 01:42:37.138596    2881 server_lib.cc:1855] Attempting to load component jit_multiply.4583327957303542076 @ 0 at worker after 877.651us (proto size 2432)
I0828 01:42:37.349432    3012 server_lib.cc:1855] Attempting to load component jit_multiply.5734983100396399356 @ 0 at worker after 971.627us (proto size 2399)
I0828 01:42:37.352991    1305 tpu_chip_config.cc:367] Resolved chip config alias megachip_tccontrol->megacore for 2093c6a02, 
I0828 01:42:37.354506    1305 tpu_chip_config.cc:367] Resolved chip config alias megachip_tccontrol->megacore for 2093c6a02, 
I0828 01:42:37.355248    1305 xla_compilation_cache.cc:113] XLA compilation cache fetch for computation 'jit_multiply' (key 60022e5dbf1633c0) took 216.662689ms: PERSISTENT_FETCH
I0828 01:42:37.559184    3012 server_lib.cc:1855] Attempting to load component jit_maximum.4583327957303543827 @ 0 at worker after 1.096905ms (proto size 2397)
I0828 01:42:37.565357    1304 tpu_chip_config.cc:367] Resolved chip config alias megachip_tccontrol->megacore for 2093c6a02, 
I0828 01:42:37.566871    1304 tpu_chip_config.cc:367] Resolved chip config alias megachip_tccontrol->megacore for 2093c6a02, 
I0828 01:42:37.567644    1304 xla_compilation_cache.cc:113] XLA compilation cache fetch for computation 'jit_multiply' (key dfe0e73cf7764f57) took 218.22049ms: PERSISTENT_FETCH
I0828 01:42:37.756277    2881 server_lib.cc:1855] Attempting to load component jit_sqrt.5734983100396399904 @ 0 at worker after 961.856us (proto size 2380)
I0828 01:42:37.772677    1305 tpu_chip_config.cc:367] Resolved chip config alias megachip_tccontrol->megacore for 2093c6a02, 
I0828 01:42:37.774171    1305 tpu_chip_config.cc:367] Resolved chip config alias megachip_tccontrol->megacore for 2093c6a02, 
I0828 01:42:37.774943    1305 xla_compilation_cache.cc:113] XLA compilation cache fetch for computation 'jit_maximum' (key fcf61c2491082633) took 215.766526ms: PERSISTENT_FETCH
I0828 01:42:37.972863    2881 server_lib.cc:1855] Attempting to load component jit_true_divide.4583327957303545578 @ 0 at worker after 991.81us (proto size 2405)
I0828 01:42:37.980784    1304 tpu_chip_config.cc:367] Resolved chip config alias megachip_tccontrol->megacore for 2093c6a02, 
I0828 01:42:37.982258    1304 tpu_chip_config.cc:367] Resolved chip config alias megachip_tccontrol->megacore for 2093c6a02, 
I0828 01:42:37.983026    1304 xla_compilation_cache.cc:113] XLA compilation cache fetch for computation 'jit_sqrt' (key e47c3a36ca52ab11) took 226.757888ms: PERSISTENT_FETCH
I0828 01:42:38.210974    1305 tpu_chip_config.cc:367] Resolved chip config alias megachip_tccontrol->megacore for 2093c6a02, 
I0828 01:42:38.212465    1305 tpu_chip_config.cc:367] Resolved chip config alias megachip_tccontrol->megacore for 2093c6a02, 
I0828 01:42:38.213210    1305 xla_compilation_cache.cc:113] XLA compilation cache fetch for computation 'jit_true_divide' (key 9967bfe1ef797654) took 240.354918ms: PERSISTENT_FETCH
I0828 01:42:38.958437    3012 server_lib.cc:1855] Attempting to load component jit_run_compute_logits.1182302940440488702 @ 0 at worker after 1.004624ms (proto size 2463)
I0828 01:42:39.401824    3012 server_lib.cc:1855] Attempting to load component jit__select_from_array_fn.1182302940440488521 @ 0 at worker after 939.369us (proto size 2463)
I0828 01:42:39.411932    1305 tpu_chip_config.cc:367] Resolved chip config alias megachip_tccontrol->megacore for 2093c6a02, 
I0828 01:42:39.413609    1305 tpu_chip_config.cc:367] Resolved chip config alias megachip_tccontrol->megacore for 2093c6a02, 
I0828 01:42:39.414695    1305 xla_compilation_cache.cc:113] XLA compilation cache fetch for computation 'jit_run_compute_logits' (key c24bb77898910691) took 456.266255ms: PERSISTENT_FETCH
I0828 01:42:40.544051    3012 server_lib.cc:1855] Attempting to load component jit_convert_element_type.196317131024095177 @ 0 at worker after 953.048us (proto size 2439)
I0828 01:42:40.563866    1304 tpu_chip_config.cc:367] Resolved chip config alias megachip_tccontrol->megacore for 2093c6a02, 
I0828 01:42:40.565582    1304 tpu_chip_config.cc:367] Resolved chip config alias megachip_tccontrol->megacore for 2093c6a02, 
I0828 01:42:40.566518    1304 xla_compilation_cache.cc:113] XLA compilation cache fetch for computation 'jit__select_from_array_fn' (key a2c3cd66dc1d12db) took 1.164703644s: PERSISTENT_FETCH
I0828 01:42:40.778645    1305 tpu_chip_config.cc:367] Resolved chip config alias megachip_tccontrol->megacore for 2093c6a02, 
I0828 01:42:40.780180    1305 tpu_chip_config.cc:367] Resolved chip config alias megachip_tccontrol->megacore for 2093c6a02, 
I0828 01:42:40.780944    1305 xla_compilation_cache.cc:113] XLA compilation cache fetch for computation 'jit_convert_element_type' (key ef6b06561fce1b70) took 236.902043ms: PERSISTENT_FETCH
I0828 01:42:40.834810    3012 server_lib.cc:1855] Attempting to load component jit_sample.1182302940440488340 @ 0 at worker after 1.035516ms (proto size 2533)
I0828 01:42:42.728700    3012 server_lib.cc:1855] Attempting to load component jit_convert_element_type.196317131024095454 @ 0 at worker after 1.050498ms (proto size 2441)
I0828 01:42:42.743028    1305 tpu_chip_config.cc:367] Resolved chip config alias megachip_tccontrol->megacore for 2093c6a02, 
I0828 01:42:42.745123    1305 tpu_chip_config.cc:367] Resolved chip config alias megachip_tccontrol->megacore for 2093c6a02, 
I0828 01:42:42.747496    1305 xla_compilation_cache.cc:113] XLA compilation cache fetch for computation 'jit_sample' (key 100be14ad68a6537) took 1.912694256s: PERSISTENT_FETCH
I0828 01:42:42.945365    1931 server_lib.cc:1855] Attempting to load component jit_reshape.5734983100396398137 @ 0 at worker after 898.566us (proto size 2418)
I0828 01:42:42.946841    1304 tpu_chip_config.cc:367] Resolved chip config alias megachip_tccontrol->megacore for 2093c6a02, 
I0828 01:42:42.948493    1304 tpu_chip_config.cc:367] Resolved chip config alias megachip_tccontrol->megacore for 2093c6a02, 
I0828 01:42:42.949285    1304 xla_compilation_cache.cc:113] XLA compilation cache fetch for computation 'jit_convert_element_type' (key 6e3c890b38b4aedc) took 220.596291ms: PERSISTENT_FETCH
I0828 01:42:43.203463    2862 server_lib.cc:1855] Attempting to load component jit_reshape.4583327957303545745 @ 0 at worker after 1.011925ms (proto size 2419)
I0828 01:42:43.217921    1305 tpu_chip_config.cc:367] Resolved chip config alias megachip_tccontrol->megacore for 2093c6a02, 
I0828 01:42:43.219515    1305 tpu_chip_config.cc:367] Resolved chip config alias megachip_tccontrol->megacore for 2093c6a02, 
I0828 01:42:43.220274    1305 xla_compilation_cache.cc:113] XLA compilation cache fetch for computation 'jit_reshape' (key 3f543a525fdd75c) took 274.919449ms: PERSISTENT_FETCH
I0828 01:42:43.451782     750 server_lib.cc:1855] Attempting to load component jit_reshape.927922527692927892 @ 0 at worker after 1.033085ms (proto size 2408)
I0828 01:42:43.471085    1304 tpu_chip_config.cc:367] Resolved chip config alias megachip_tccontrol->megacore for 2093c6a02, 
I0828 01:42:43.472685    1304 tpu_chip_config.cc:367] Resolved chip config alias megachip_tccontrol->megacore for 2093c6a02, 
I0828 01:42:43.473516    1304 xla_compilation_cache.cc:113] XLA compilation cache fetch for computation 'jit_reshape' (key 9c9ad116eb42ae3e) took 270.061716ms: PERSISTENT_FETCH
I0828 01:42:43.650526     750 server_lib.cc:1855] Attempting to load component jit_reshape.4583327957303543400 @ 0 at worker after 999.574us (proto size 2409)
I0828 01:42:43.661920    1305 tpu_chip_config.cc:367] Resolved chip config alias megachip_tccontrol->megacore for 2093c6a02, 
I0828 01:42:43.663458    1305 tpu_chip_config.cc:367] Resolved chip config alias megachip_tccontrol->megacore for 2093c6a02, 
I0828 01:42:43.664201    1305 xla_compilation_cache.cc:113] XLA compilation cache fetch for computation 'jit_reshape' (key 8be37366b7aa4e4a) took 212.428522ms: PERSISTENT_FETCH
I0828 01:42:43.863651    3055 server_lib.cc:1855] Attempting to load component jit_reshape.927922527692929563 @ 0 at worker after 1.052334ms (proto size 2408)
I0828 01:42:43.874880    1304 tpu_chip_config.cc:367] Resolved chip config alias megachip_tccontrol->megacore for 2093c6a02, 
I0828 01:42:43.876411    1304 tpu_chip_config.cc:367] Resolved chip config alias megachip_tccontrol->megacore for 2093c6a02, 
I0828 01:42:43.877167    1304 xla_compilation_cache.cc:113] XLA compilation cache fetch for computation 'jit_reshape' (key c1f625e92d5ba2d1) took 226.647428ms: PERSISTENT_FETCH
I0828 01:42:44.064477    3055 server_lib.cc:1855] Attempting to load component jit_reshape.4583327957303545151 @ 0 at worker after 865.098us (proto size 2409)
I0828 01:42:44.078773    1305 tpu_chip_config.cc:367] Resolved chip config alias megachip_tccontrol->megacore for 2093c6a02, 
I0828 01:42:44.080297    1305 tpu_chip_config.cc:367] Resolved chip config alias megachip_tccontrol->megacore for 2093c6a02, 
I0828 01:42:44.081065    1305 xla_compilation_cache.cc:113] XLA compilation cache fetch for computation 'jit_reshape' (key d3c0a10bea7d04a4) took 217.420397ms: PERSISTENT_FETCH
I0828 01:42:44.270198    1304 tpu_chip_config.cc:367] Resolved chip config alias megachip_tccontrol->megacore for 2093c6a02, 
I0828 01:42:44.271694    1304 tpu_chip_config.cc:367] Resolved chip config alias megachip_tccontrol->megacore for 2093c6a02, 
I0828 01:42:44.272477    1304 xla_compilation_cache.cc:113] XLA compilation cache fetch for computation 'jit_reshape' (key 8d1c15d44e529b0a) took 208.005543ms: PERSISTENT_FETCH
I0828 01:42:44.352649     750 server_lib.cc:1855] Attempting to load component jit_sample.927922527692927138 @ 0 at worker after 858.677us (proto size 2518)
I0828 01:42:45.973362    1304 tpu_chip_config.cc:367] Resolved chip config alias megachip_tccontrol->megacore for 2093c6a02, 
I0828 01:42:45.975581    1304 tpu_chip_config.cc:367] Resolved chip config alias megachip_tccontrol->megacore for 2093c6a02, 
I0828 01:42:45.978037    1304 xla_compilation_cache.cc:113] XLA compilation cache fetch for computation 'jit_sample' (key 7eca2d9638baddc8) took 1.625395904s: PERSISTENT_FETCH
I0828 01:42:46.005289     750 server_lib.cc:1855] Attempting to load component jit_zt_ro_logprob_gather.4583327957303542806 @ 0 at worker after 1.498144ms (proto size 2507)
I0828 01:42:46.582877     750 server_lib.cc:1855] Attempting to load component jit_reshape.927922527692928809 @ 0 at worker after 1.00608ms (proto size 2414)
I0828 01:42:46.603022    1304 tpu_chip_config.cc:367] Resolved chip config alias megachip_tccontrol->megacore for 2093c6a02, 
I0828 01:42:46.604782    1304 tpu_chip_config.cc:367] Resolved chip config alias megachip_tccontrol->megacore for 2093c6a02, 
I0828 01:42:46.605971    1304 xla_compilation_cache.cc:113] XLA compilation cache fetch for computation 'jit_zt_ro_logprob_gather' (key 9a534f94ee2a16fd) took 600.836189ms: PERSISTENT_FETCH
I0828 01:42:46.786937    3055 server_lib.cc:1855] Attempting to load component jit_reshape.4583327957303544557 @ 0 at worker after 897.512us (proto size 2415)
I0828 01:42:46.805081    1305 tpu_chip_config.cc:367] Resolved chip config alias megachip_tccontrol->megacore for 2093c6a02, 
I0828 01:42:46.806729    1305 tpu_chip_config.cc:367] Resolved chip config alias megachip_tccontrol->megacore for 2093c6a02, 
I0828 01:42:46.807495    1305 xla_compilation_cache.cc:113] XLA compilation cache fetch for computation 'jit_reshape' (key c48cc93672326442) took 224.625054ms: PERSISTENT_FETCH
I0828 01:42:46.973239    2862 server_lib.cc:1855] Attempting to load component jit_reshape.927922527692930480 @ 0 at worker after 997.65us (proto size 2414)
I0828 01:42:46.989629    1304 tpu_chip_config.cc:367] Resolved chip config alias megachip_tccontrol->megacore for 2093c6a02, 
I0828 01:42:46.991138    1304 tpu_chip_config.cc:367] Resolved chip config alias megachip_tccontrol->megacore for 2093c6a02, 
I0828 01:42:46.991884    1304 xla_compilation_cache.cc:113] XLA compilation cache fetch for computation 'jit_reshape' (key 31779064f09ea7a3) took 204.953455ms: PERSISTENT_FETCH
I0828 01:42:47.169947    3055 server_lib.cc:1855] Attempting to load component jit_reshape.4583327957303542212 @ 0 at worker after 978.434us (proto size 2414)
I0828 01:42:47.184067    1305 tpu_chip_config.cc:367] Resolved chip config alias megachip_tccontrol->megacore for 2093c6a02, 
I0828 01:42:47.185571    1305 tpu_chip_config.cc:367] Resolved chip config alias megachip_tccontrol->megacore for 2093c6a02, 
I0828 01:42:47.186328    1305 xla_compilation_cache.cc:113] XLA compilation cache fetch for computation 'jit_reshape' (key b74041f4de2c4d69) took 213.101204ms: PERSISTENT_FETCH
I0828 01:42:47.394497    1304 tpu_chip_config.cc:367] Resolved chip config alias megachip_tccontrol->megacore for 2093c6a02, 
I0828 01:42:47.395959    1304 tpu_chip_config.cc:367] Resolved chip config alias megachip_tccontrol->megacore for 2093c6a02, 
I0828 01:42:47.396674    1304 xla_compilation_cache.cc:113] XLA compilation cache fetch for computation 'jit_reshape' (key f4c2dbb4df7860f) took 226.734995ms: PERSISTENT_FETCH
I0828 01:42:48.138878    3055 server_lib.cc:1855] Attempting to load component jit__select_from_array_fn.1182302940440487511 @ 0 at worker after 964.326us (proto size 2463)
I0828 01:42:48.667954    3055 server_lib.cc:1855] Attempting to load component jit_convert_element_type.11097614078210886351 @ 0 at worker after 885.349us (proto size 2441)
I0828 01:42:48.685834    1304 tpu_chip_config.cc:367] Resolved chip config alias megachip_tccontrol->megacore for 2093c6a02, 
I0828 01:42:48.687562    1304 tpu_chip_config.cc:367] Resolved chip config alias megachip_tccontrol->megacore for 2093c6a02, 
I0828 01:42:48.688775    1304 xla_compilation_cache.cc:113] XLA compilation cache fetch for computation 'jit__select_from_array_fn' (key 3987beae83897996) took 549.905529ms: PERSISTENT_FETCH
I0828 01:42:48.915044    1305 tpu_chip_config.cc:367] Resolved chip config alias megachip_tccontrol->megacore for 2093c6a02, 
I0828 01:42:48.916678    1305 tpu_chip_config.cc:367] Resolved chip config alias megachip_tccontrol->megacore for 2093c6a02, 
I0828 01:42:48.917445    1305 xla_compilation_cache.cc:113] XLA compilation cache fetch for computation 'jit_convert_element_type' (key b338d3f821f30e49) took 249.499707ms: PERSISTENT_FETCH
I0828 01:42:48.973903    2935 server_lib.cc:1855] Attempting to load component jit_sample.1182302940440487330 @ 0 at worker after 1.195803ms (proto size 2533)
I0828 01:42:50.664996    1305 tpu_chip_config.cc:367] Resolved chip config alias megachip_tccontrol->megacore for 2093c6a02, 
I0828 01:42:50.667149    1305 tpu_chip_config.cc:367] Resolved chip config alias megachip_tccontrol->megacore for 2093c6a02, 
I0828 01:42:50.669576    1305 xla_compilation_cache.cc:113] XLA compilation cache fetch for computation 'jit_sample' (key 382ef079e9d5b946) took 1.695684023s: PERSISTENT_FETCH
W0828 01:43:55.868586    1444 tpu_pjrt_client.cc:2349] PjRt execution dispatch was blocked for 19.147264ms because PjRt's max in-flight computation semaphore is full (limit: 32), which may negatively affect the performance
I0828 01:44:31.645335    2852 server_lib.cc:1855] Attempting to load component jit__identity_fn.14998664224933153484 @ 0 at worker after 1.231583ms (proto size 2445)
I0828 01:44:31.942825    1305 tpu_chip_config.cc:367] Resolved chip config alias megachip_tccontrol->megacore for 2093c6a02, 
I0828 01:44:31.944803    1305 tpu_chip_config.cc:367] Resolved chip config alias megachip_tccontrol->megacore for 2093c6a02, 
I0828 01:44:31.945714    1305 xla_compilation_cache.cc:113] XLA compilation cache fetch for computation 'jit__identity_fn' (key 6f636a871a6fa44d) took 300.398458ms: PERSISTENT_FETCH
I0828 01:44:39.199093    2957 server_lib.cc:1855] Attempting to load component jit__identity_fn.14998664224933154582 @ 0 at worker after 1.315304ms (proto size 2417)
I0828 01:44:39.422277    1305 tpu_chip_config.cc:367] Resolved chip config alias megachip_tccontrol->megacore for 2093c6a02, 
I0828 01:44:39.424197    1305 tpu_chip_config.cc:367] Resolved chip config alias megachip_tccontrol->megacore for 2093c6a02, 
I0828 01:44:39.425120    1305 xla_compilation_cache.cc:113] XLA compilation cache fetch for computation 'jit__identity_fn' (key 6d5b6a0ed7cbf066) took 226.044373ms: PERSISTENT_FETCH
I0828 01:44:39.662898    1822 server_lib.cc:1855] Attempting to load component jit__identity_fn.14998664224933152161 @ 0 at worker after 876.287us (proto size 2417)
I0828 01:44:39.867335    1305 tpu_chip_config.cc:367] Resolved chip config alias megachip_tccontrol->megacore for 2093c6a02, 
I0828 01:44:39.869168    1305 tpu_chip_config.cc:367] Resolved chip config alias megachip_tccontrol->megacore for 2093c6a02, 
I0828 01:44:39.870036    1305 xla_compilation_cache.cc:113] XLA compilation cache fetch for computation 'jit__identity_fn' (key b4a5135a71b2c830) took 207.147172ms: PERSISTENT_FETCH
I0828 01:44:40.113670    3069 server_lib.cc:1855] Attempting to load component jit__identity_fn.14998664224933153836 @ 0 at worker after 1.007005ms (proto size 2417)
I0828 01:44:40.333714    1305 tpu_chip_config.cc:367] Resolved chip config alias megachip_tccontrol->megacore for 2093c6a02, 
I0828 01:44:40.335421    1305 tpu_chip_config.cc:367] Resolved chip config alias megachip_tccontrol->megacore for 2093c6a02, 
I0828 01:44:40.336208    1305 xla_compilation_cache.cc:113] XLA compilation cache fetch for computation 'jit__identity_fn' (key 2bfd7fc3a9afa996) took 222.549717ms: PERSISTENT_FETCH
I0828 01:44:40.572253    2957 server_lib.cc:1855] Attempting to load component jit__identity_fn.14998664224933151415 @ 0 at worker after 888.887us (proto size 2417)
I0828 01:44:40.775442    1305 tpu_chip_config.cc:367] Resolved chip config alias megachip_tccontrol->megacore for 2093c6a02, 
I0828 01:44:40.777016    1305 tpu_chip_config.cc:367] Resolved chip config alias megachip_tccontrol->megacore for 2093c6a02, 
I0828 01:44:40.777797    1305 xla_compilation_cache.cc:113] XLA compilation cache fetch for computation 'jit__identity_fn' (key 7855638037c7f39d) took 205.555379ms: PERSISTENT_FETCH
I0828 01:44:41.015672    2957 server_lib.cc:1855] Attempting to load component jit__identity_fn.14998664224933153090 @ 0 at worker after 878.7us (proto size 2415)
I0828 01:44:41.224677    1305 tpu_chip_config.cc:367] Resolved chip config alias megachip_tccontrol->megacore for 2093c6a02, 
I0828 01:44:41.226236    1305 tpu_chip_config.cc:367] Resolved chip config alias megachip_tccontrol->megacore for 2093c6a02, 
I0828 01:44:41.227029    1305 xla_compilation_cache.cc:113] XLA compilation cache fetch for computation 'jit__identity_fn' (key 9c7c9228e9e45e2b) took 211.365446ms: PERSISTENT_FETCH
I0828 01:44:42.576700    1822 server_lib.cc:1855] Attempting to load component jit_zt_tr_fwd_embed.14998664224933154765 @ 0 at worker after 1.409598ms (proto size 2453)
I0828 01:44:43.987459    1305 tpu_chip_config.cc:367] Resolved chip config alias megachip_tccontrol->megacore for 2093c6a02, 
I0828 01:44:43.990159    1305 tpu_chip_config.cc:367] Resolved chip config alias megachip_tccontrol->megacore for 2093c6a02, 
I0828 01:44:43.993508    1305 xla_compilation_cache.cc:113] XLA compilation cache fetch for computation 'jit_zt_tr_fwd_embed' (key 62df0e6647519d4a) took 1.416818873s: PERSISTENT_FETCH
I0828 01:44:44.614704    3069 server_lib.cc:1855] Attempting to load component jit_zt_tr_fwd_layer.5734983100396399430 @ 0 at worker after 1.456979ms (proto size 2876)
I0828 01:44:45.499293    1305 tpu_chip_config.cc:367] Resolved chip config alias megachip_tccontrol->megacore for 2093c6a02, 
I0828 01:44:45.501390    1305 tpu_chip_config.cc:367] Resolved chip config alias megachip_tccontrol->megacore for 2093c6a02, 
I0828 01:44:45.503095    1305 xla_compilation_cache.cc:113] XLA compilation cache fetch for computation 'jit_zt_tr_fwd_layer' (key c9be4c8c2ba991f7) took 888.401244ms: PERSISTENT_FETCH
I0828 01:45:09.314062    2957 server_lib.cc:1855] Attempting to load component jit_zt_tr_fwd_norm.5734983100396400403 @ 0 at worker after 1.163314ms (proto size 2449)
I0828 01:45:09.611328    1305 tpu_chip_config.cc:367] Resolved chip config alias megachip_tccontrol->megacore for 2093c6a02, 
I0828 01:45:09.613211    1305 tpu_chip_config.cc:367] Resolved chip config alias megachip_tccontrol->megacore for 2093c6a02, 
I0828 01:45:09.614145    1305 xla_compilation_cache.cc:113] XLA compilation cache fetch for computation 'jit_zt_tr_fwd_norm' (key e7038f48be528f61) took 300.098933ms: PERSISTENT_FETCH
I0828 01:45:09.618460    2957 server_lib.cc:1855] Attempting to load component jit_zt_tr_fwd_head.14998664224933151964 @ 0 at worker after 1.034366ms (proto size 2456)
I0828 01:45:09.961080    2957 server_lib.cc:1855] Attempting to load component jit_convert_element_type.5734983100396396718 @ 0 at worker after 960.783us (proto size 2442)
I0828 01:45:09.970764    1305 tpu_chip_config.cc:367] Resolved chip config alias megachip_tccontrol->megacore for 2093c6a02, 
I0828 01:45:09.972396    1305 tpu_chip_config.cc:367] Resolved chip config alias megachip_tccontrol->megacore for 2093c6a02, 
I0828 01:45:09.973494    1305 xla_compilation_cache.cc:113] XLA compilation cache fetch for computation 'jit_zt_tr_fwd_head' (key 1aaaf33cf76a5869) took 355.043163ms: PERSISTENT_FETCH
I0828 01:45:10.211618    1304 tpu_chip_config.cc:367] Resolved chip config alias megachip_tccontrol->megacore for 2093c6a02, 
I0828 01:45:10.213243    1304 tpu_chip_config.cc:367] Resolved chip config alias megachip_tccontrol->megacore for 2093c6a02, 
I0828 01:45:10.214043    1304 xla_compilation_cache.cc:113] XLA compilation cache fetch for computation 'jit_convert_element_type' (key af38911986a18cec) took 252.973117ms: PERSISTENT_FETCH
I0828 01:45:10.277496    1822 server_lib.cc:1855] Attempting to load component jit_zt_tr_fwd_logprob.14998664224933153639 @ 0 at worker after 1.173058ms (proto size 2486)
I0828 01:45:10.976411    2957 server_lib.cc:1855] Attempting to load component jit_reshape.5734983100396397129 @ 0 at worker after 957.808us (proto size 2409)
I0828 01:45:10.984626    1304 tpu_chip_config.cc:367] Resolved chip config alias megachip_tccontrol->megacore for 2093c6a02, 
I0828 01:45:10.986490    1304 tpu_chip_config.cc:367] Resolved chip config alias megachip_tccontrol->megacore for 2093c6a02, 
I0828 01:45:10.987842    1304 xla_compilation_cache.cc:113] XLA compilation cache fetch for computation 'jit_zt_tr_fwd_logprob' (key 8a9dc8c803939224) took 710.354076ms: PERSISTENT_FETCH
I0828 01:45:11.196971    1305 tpu_chip_config.cc:367] Resolved chip config alias megachip_tccontrol->megacore for 2093c6a02, 
I0828 01:45:11.198634    1305 tpu_chip_config.cc:367] Resolved chip config alias megachip_tccontrol->megacore for 2093c6a02, 
I0828 01:45:11.199461    1305 xla_compilation_cache.cc:113] XLA compilation cache fetch for computation 'jit_reshape' (key 38ed3caedf61d993) took 223.058496ms: PERSISTENT_FETCH
W0828 01:45:11.287057    1444 tpu_pjrt_client.cc:2349] PjRt execution dispatch was blocked for 7.299594ms because PjRt's max in-flight computation semaphore is full (limit: 32), which may negatively affect the performance
I0828 01:45:11.686226    2852 server_lib.cc:1855] Attempting to load component jit_concatenate.5734983100396396760 @ 0 at worker after 957.296us (proto size 2565)
I0828 01:45:11.920394    3069 server_lib.cc:1855] Attempting to load component jit_take_along_axis.14998664224933153442 @ 0 at worker after 995.896us (proto size 2453)
I0828 01:45:11.927738    1305 tpu_chip_config.cc:367] Resolved chip config alias megachip_tccontrol->megacore for 2093c6a02, 
I0828 01:45:11.929387    1305 tpu_chip_config.cc:367] Resolved chip config alias megachip_tccontrol->megacore for 2093c6a02, 
I0828 01:45:11.930465    1305 xla_compilation_cache.cc:113] XLA compilation cache fetch for computation 'jit_concatenate' (key 568c6735546136e3) took 244.24603ms: PERSISTENT_FETCH
I0828 01:45:12.209192    1304 tpu_chip_config.cc:367] Resolved chip config alias megachip_tccontrol->megacore for 2093c6a02, 
I0828 01:45:12.211453    1304 tpu_chip_config.cc:367] Resolved chip config alias megachip_tccontrol->megacore for 2093c6a02, 
I0828 01:45:12.212899    1304 xla_compilation_cache.cc:113] XLA compilation cache fetch for computation 'jit_take_along_axis' (key 82330c40d023bf6d) took 292.513778ms: PERSISTENT_FETCH
I0828 01:45:12.678628    1931 server_lib.cc:1855] Attempting to load component jit__where.5734983100396397582 @ 0 at worker after 1.063227ms (proto size 2459)
I0828 01:45:12.890260    1304 tpu_chip_config.cc:367] Resolved chip config alias megachip_tccontrol->megacore for 2093c6a02, 
I0828 01:45:12.892069    1304 tpu_chip_config.cc:367] Resolved chip config alias megachip_tccontrol->megacore for 2093c6a02, 
I0828 01:45:12.892979    1304 xla_compilation_cache.cc:113] XLA compilation cache fetch for computation 'jit__where' (key 1ce423fa11e4cc5b) took 214.360592ms: PERSISTENT_FETCH
I0828 01:45:28.265636    1822 server_lib.cc:1855] Attempting to load component jit_concatenate.5734983100396397585 @ 0 at worker after 973.039us (proto size 2613)
I0828 01:45:28.502937    1816 server_lib.cc:1855] Attempting to load component jit_take_along_axis.14998664224933152317 @ 0 at worker after 1.004545ms (proto size 2453)
I0828 01:45:28.506366    1304 tpu_chip_config.cc:367] Resolved chip config alias megachip_tccontrol->megacore for 2093c6a02, 
I0828 01:45:28.508725    1304 tpu_chip_config.cc:367] Resolved chip config alias megachip_tccontrol->megacore for 2093c6a02, 
I0828 01:45:28.510449    1304 xla_compilation_cache.cc:113] XLA compilation cache fetch for computation 'jit_concatenate' (key 5d90f996a5dc2c37) took 244.821686ms: PERSISTENT_FETCH
I0828 01:45:28.797914    1305 tpu_chip_config.cc:367] Resolved chip config alias megachip_tccontrol->megacore for 2093c6a02, 
I0828 01:45:28.799638    1305 tpu_chip_config.cc:367] Resolved chip config alias megachip_tccontrol->megacore for 2093c6a02, 
I0828 01:45:28.800734    1305 xla_compilation_cache.cc:113] XLA compilation cache fetch for computation 'jit_take_along_axis' (key bfa23da881521e79) took 297.805566ms: PERSISTENT_FETCH
I0828 01:45:35.100911    2852 server_lib.cc:1855] Attempting to load component jit_concatenate.14998664224933154513 @ 0 at worker after 984.644us (proto size 2542)
I0828 01:45:35.340463    1822 server_lib.cc:1855] Attempting to load component jit_take_along_axis.5734983100396397012 @ 0 at worker after 1.16956ms (proto size 2452)
I0828 01:45:35.351485    1305 tpu_chip_config.cc:367] Resolved chip config alias megachip_tccontrol->megacore for 2093c6a02, 
I0828 01:45:35.353364    1305 tpu_chip_config.cc:367] Resolved chip config alias megachip_tccontrol->megacore for 2093c6a02, 
I0828 01:45:35.354509    1305 xla_compilation_cache.cc:113] XLA compilation cache fetch for computation 'jit_concatenate' (key 5c6ec3408ed5983a) took 253.610764ms: PERSISTENT_FETCH
I0828 01:45:35.621747    1304 tpu_chip_config.cc:367] Resolved chip config alias megachip_tccontrol->megacore for 2093c6a02, 
I0828 01:45:35.623535    1304 tpu_chip_config.cc:367] Resolved chip config alias megachip_tccontrol->megacore for 2093c6a02, 
I0828 01:45:35.624655    1304 xla_compilation_cache.cc:113] XLA compilation cache fetch for computation 'jit_take_along_axis' (key 2eeefa3982b961ae) took 284.200316ms: PERSISTENT_FETCH
I0828 01:45:40.522253    1931 server_lib.cc:1855] Attempting to load component jit_concatenate.14998664224933152430 @ 0 at worker after 918.632us (proto size 2590)
I0828 01:45:40.752725     723 server_lib.cc:1855] Attempting to load component jit_take_along_axis.1570370967876935261 @ 0 at worker after 959.173us (proto size 2452)
I0828 01:45:40.761938    1304 tpu_chip_config.cc:367] Resolved chip config alias megachip_tccontrol->megacore for 2093c6a02, 
I0828 01:45:40.763761    1304 tpu_chip_config.cc:367] Resolved chip config alias megachip_tccontrol->megacore for 2093c6a02, 
I0828 01:45:40.764961    1304 xla_compilation_cache.cc:113] XLA compilation cache fetch for computation 'jit_concatenate' (key de8422427e9e60c8) took 242.721206ms: PERSISTENT_FETCH
I0828 01:45:41.046625    1305 tpu_chip_config.cc:367] Resolved chip config alias megachip_tccontrol->megacore for 2093c6a02, 
I0828 01:45:41.048264    1305 tpu_chip_config.cc:367] Resolved chip config alias megachip_tccontrol->megacore for 2093c6a02, 
I0828 01:45:41.049331    1305 xla_compilation_cache.cc:113] XLA compilation cache fetch for computation 'jit_take_along_axis' (key 9dde9fffe6fe5aa4) took 296.614787ms: PERSISTENT_FETCH
W0828 01:46:11.294454    1441 tpu_pjrt_client.cc:2349] PjRt execution dispatch was blocked for 8.504576ms because PjRt's max in-flight computation semaphore is full (limit: 32), which may negatively affect the performance
I0828 01:46:20.805283    3069 server_lib.cc:1855] Attempting to load component jit_concatenate.14998664224933152446 @ 0 at worker after 908.77us (proto size 2638)
I0828 01:46:21.065165    2957 server_lib.cc:1855] Attempting to load component jit_take_along_axis.1570370967876933258 @ 0 at worker after 963.073us (proto size 2452)
I0828 01:46:21.070566    1305 tpu_chip_config.cc:367] Resolved chip config alias megachip_tccontrol->megacore for 2093c6a02, 
I0828 01:46:21.072327    1305 tpu_chip_config.cc:367] Resolved chip config alias megachip_tccontrol->megacore for 2093c6a02, 
I0828 01:46:21.073552    1305 xla_compilation_cache.cc:113] XLA compilation cache fetch for computation 'jit_concatenate' (key 8786f4b7466968ec) took 268.278896ms: PERSISTENT_FETCH
I0828 01:46:21.364847    1304 tpu_chip_config.cc:367] Resolved chip config alias megachip_tccontrol->megacore for 2093c6a02, 
I0828 01:46:21.366500    1304 tpu_chip_config.cc:367] Resolved chip config alias megachip_tccontrol->megacore for 2093c6a02, 
I0828 01:46:21.367555    1304 xla_compilation_cache.cc:113] XLA compilation cache fetch for computation 'jit_take_along_axis' (key 3ebe01232863c30a) took 302.40309ms: PERSISTENT_FETCH
I0828 01:46:43.002995    1931 server_lib.cc:1855] Attempting to load component jit_concatenate.1570370967876933282 @ 0 at worker after 881.588us (proto size 2709)
I0828 01:46:43.261635    3069 server_lib.cc:1855] Attempting to load component jit_take_along_axis.8339433792461643543 @ 0 at worker after 1.108574ms (proto size 2452)
I0828 01:46:43.263784    1304 tpu_chip_config.cc:367] Resolved chip config alias megachip_tccontrol->megacore for 2093c6a02, 
I0828 01:46:43.265562    1304 tpu_chip_config.cc:367] Resolved chip config alias megachip_tccontrol->megacore for 2093c6a02, 
I0828 01:46:43.266813    1304 xla_compilation_cache.cc:113] XLA compilation cache fetch for computation 'jit_concatenate' (key 2925e3aee51b382f) took 263.83049ms: PERSISTENT_FETCH
I0828 01:46:43.548112    1305 tpu_chip_config.cc:367] Resolved chip config alias megachip_tccontrol->megacore for 2093c6a02, 
I0828 01:46:43.549840    1305 tpu_chip_config.cc:367] Resolved chip config alias megachip_tccontrol->megacore for 2093c6a02, 
I0828 01:46:43.550898    1305 xla_compilation_cache.cc:113] XLA compilation cache fetch for computation 'jit_take_along_axis' (key 1fc8dbfc149af2b7) took 289.273875ms: PERSISTENT_FETCH
I0828 01:46:46.572529    1822 server_lib.cc:1855] Attempting to load component jit_stack.1570370967876935277 @ 0 at worker after 1.420181ms (proto size 3155)
I0828 01:46:46.866998    1822 server_lib.cc:1855] Attempting to load component jit_swapaxes.8339433792461642520 @ 0 at worker after 888.746us (proto size 2420)
I0828 01:46:46.875735    1305 tpu_chip_config.cc:367] Resolved chip config alias megachip_tccontrol->megacore for 2093c6a02, 
I0828 01:46:46.877640    1305 tpu_chip_config.cc:367] Resolved chip config alias megachip_tccontrol->megacore for 2093c6a02, 
I0828 01:46:46.879687    1305 xla_compilation_cache.cc:113] XLA compilation cache fetch for computation 'jit_stack' (key 8428a621a5cb379) took 307.166703ms: PERSISTENT_FETCH
I0828 01:46:47.084335    1816 server_lib.cc:1855] Attempting to load component jit_reshape.1570370967876932378 @ 0 at worker after 883.054us (proto size 2416)
I0828 01:46:47.089571    1304 tpu_chip_config.cc:367] Resolved chip config alias megachip_tccontrol->megacore for 2093c6a02, 
I0828 01:46:47.091106    1304 tpu_chip_config.cc:367] Resolved chip config alias megachip_tccontrol->megacore for 2093c6a02, 
I0828 01:46:47.091872    1304 xla_compilation_cache.cc:113] XLA compilation cache fetch for computation 'jit_swapaxes' (key a1e18c865e950b7d) took 224.880067ms: PERSISTENT_FETCH
I0828 01:46:47.292340    1931 server_lib.cc:1855] Attempting to load component jit_convert_element_type.8339433792461641497 @ 0 at worker after 958.968us (proto size 2440)
I0828 01:46:47.299310    1305 tpu_chip_config.cc:367] Resolved chip config alias megachip_tccontrol->megacore for 2093c6a02, 
I0828 01:46:47.300829    1305 tpu_chip_config.cc:367] Resolved chip config alias megachip_tccontrol->megacore for 2093c6a02, 
I0828 01:46:47.301581    1305 xla_compilation_cache.cc:113] XLA compilation cache fetch for computation 'jit_reshape' (key f832a1c7cc398f65) took 217.253132ms: PERSISTENT_FETCH
I0828 01:46:47.504428    1304 tpu_chip_config.cc:367] Resolved chip config alias megachip_tccontrol->megacore for 2093c6a02, 
I0828 01:46:47.505868    1304 tpu_chip_config.cc:367] Resolved chip config alias megachip_tccontrol->megacore for 2093c6a02, 
I0828 01:46:47.506620    1304 xla_compilation_cache.cc:113] XLA compilation cache fetch for computation 'jit_convert_element_type' (key 9029c4266e5b3b24) took 214.287862ms: PERSISTENT_FETCH
I0828 01:46:47.695234    1816 server_lib.cc:1855] Attempting to load component jit_subtract.8339433792461640133 @ 0 at worker after 1.034868ms (proto size 2441)
I0828 01:46:47.922467    1304 tpu_chip_config.cc:367] Resolved chip config alias megachip_tccontrol->megacore for 2093c6a02, 
I0828 01:46:47.924052    1304 tpu_chip_config.cc:367] Resolved chip config alias megachip_tccontrol->megacore for 2093c6a02, 
I0828 01:46:47.924849    1304 xla_compilation_cache.cc:113] XLA compilation cache fetch for computation 'jit_subtract' (key 48a79db89077f304) took 229.621638ms: PERSISTENT_FETCH
I0828 01:46:48.163894    1931 server_lib.cc:1855] Attempting to load component jit_negative.1570370967876935570 @ 0 at worker after 1.16688ms (proto size 2416)
I0828 01:46:48.366785    1931 server_lib.cc:1855] Attempting to load component jit_multiply.8339433792461642183 @ 0 at worker after 1.056993ms (proto size 2467)
I0828 01:46:48.387631    1304 tpu_chip_config.cc:367] Resolved chip config alias megachip_tccontrol->megacore for 2093c6a02, 
I0828 01:46:48.389143    1304 tpu_chip_config.cc:367] Resolved chip config alias megachip_tccontrol->megacore for 2093c6a02, 
I0828 01:46:48.389896    1304 xla_compilation_cache.cc:113] XLA compilation cache fetch for computation 'jit_negative' (key bed20c5c9751245f) took 226.010238ms: PERSISTENT_FETCH
I0828 01:46:48.583417    1931 server_lib.cc:1855] Attempting to load component jit__reduce_sum.1570370967876932671 @ 0 at worker after 947.096us (proto size 2408)
I0828 01:46:48.583971    1305 tpu_chip_config.cc:367] Resolved chip config alias megachip_tccontrol->megacore for 2093c6a02, 
I0828 01:46:48.585489    1305 tpu_chip_config.cc:367] Resolved chip config alias megachip_tccontrol->megacore for 2093c6a02, 
I0828 01:46:48.586300    1305 xla_compilation_cache.cc:113] XLA compilation cache fetch for computation 'jit_multiply' (key 7fdfa743282370b1) took 219.521849ms: PERSISTENT_FETCH
I0828 01:46:48.797929    1304 tpu_chip_config.cc:367] Resolved chip config alias megachip_tccontrol->megacore for 2093c6a02, 
I0828 01:46:48.799048    1816 server_lib.cc:1855] Attempting to load component jit_clip.8339433792461641160 @ 0 at worker after 1.002287ms (proto size 2481)
I0828 01:46:48.799427    1304 tpu_chip_config.cc:367] Resolved chip config alias megachip_tccontrol->megacore for 2093c6a02, 
I0828 01:46:48.800247    1304 xla_compilation_cache.cc:113] XLA compilation cache fetch for computation 'jit__reduce_sum' (key 5e6da6efca03ab3b) took 216.837274ms: PERSISTENT_FETCH
I0828 01:46:49.042869    1305 tpu_chip_config.cc:367] Resolved chip config alias megachip_tccontrol->megacore for 2093c6a02, 
I0828 01:46:49.044394    1305 tpu_chip_config.cc:367] Resolved chip config alias megachip_tccontrol->megacore for 2093c6a02, 
I0828 01:46:49.045307    1305 xla_compilation_cache.cc:113] XLA compilation cache fetch for computation 'jit_clip' (key 23e328b896f2a193) took 246.26545ms: PERSISTENT_FETCH
I0828 01:46:49.048135    1931 server_lib.cc:1855] Attempting to load component jit__reduce_sum.1570370967876934666 @ 0 at worker after 908.219us (proto size 2418)
I0828 01:46:49.258751    1305 tpu_chip_config.cc:367] Resolved chip config alias megachip_tccontrol->megacore for 2093c6a02, 
I0828 01:46:49.260231    1305 tpu_chip_config.cc:367] Resolved chip config alias megachip_tccontrol->megacore for 2093c6a02, 
I0828 01:46:49.261015    1305 xla_compilation_cache.cc:113] XLA compilation cache fetch for computation 'jit__reduce_sum' (key bf82337d1fc2a392) took 212.887583ms: PERSISTENT_FETCH
I0828 01:46:49.438035    3069 server_lib.cc:1855] Attempting to load component jit_true_divide.8339433792461643210 @ 0 at worker after 982.554us (proto size 2456)
I0828 01:46:49.654756    1305 tpu_chip_config.cc:367] Resolved chip config alias megachip_tccontrol->megacore for 2093c6a02, 
I0828 01:46:49.656027    1816 server_lib.cc:1855] Attempting to load component jit_subtract.1570370967876932964 @ 0 at worker after 913.392us (proto size 2441)
I0828 01:46:49.656236    1305 tpu_chip_config.cc:367] Resolved chip config alias megachip_tccontrol->megacore for 2093c6a02, 
I0828 01:46:49.657018    1305 xla_compilation_cache.cc:113] XLA compilation cache fetch for computation 'jit_true_divide' (key bcd016b09189073b) took 218.989454ms: PERSISTENT_FETCH
I0828 01:46:49.861780    3051 server_lib.cc:1855] Attempting to load component jit_broadcast_in_dim.8339433792461642187 @ 0 at worker after 1.066923ms (proto size 2427)
I0828 01:46:49.870433    1304 tpu_chip_config.cc:367] Resolved chip config alias megachip_tccontrol->megacore for 2093c6a02, 
I0828 01:46:49.871935    1304 tpu_chip_config.cc:367] Resolved chip config alias megachip_tccontrol->megacore for 2093c6a02, 
I0828 01:46:49.872709    1304 xla_compilation_cache.cc:113] XLA compilation cache fetch for computation 'jit_subtract' (key 1ed3ef5a49c45b74) took 216.690116ms: PERSISTENT_FETCH
I0828 01:46:50.064707    1816 server_lib.cc:1855] Attempting to load component jit_add.1570370967876934161 @ 0 at worker after 914.534us (proto size 2430)
I0828 01:46:50.066545    1305 tpu_chip_config.cc:367] Resolved chip config alias megachip_tccontrol->megacore for 2093c6a02, 
I0828 01:46:50.068027    1305 tpu_chip_config.cc:367] Resolved chip config alias megachip_tccontrol->megacore for 2093c6a02, 
I0828 01:46:50.068794    1305 xla_compilation_cache.cc:113] XLA compilation cache fetch for computation 'jit_broadcast_in_dim' (key fdf99b4baecb1df6) took 207.02121ms: PERSISTENT_FETCH
I0828 01:46:50.273551    1816 server_lib.cc:1855] Attempting to load component jit_clip.8339433792461641164 @ 0 at worker after 1.152284ms (proto size 2444)
I0828 01:46:50.275003    1304 tpu_chip_config.cc:367] Resolved chip config alias megachip_tccontrol->megacore for 2093c6a02, 
I0828 01:46:50.276470    1304 tpu_chip_config.cc:367] Resolved chip config alias megachip_tccontrol->megacore for 2093c6a02, 
I0828 01:46:50.277248    1304 xla_compilation_cache.cc:113] XLA compilation cache fetch for computation 'jit_add' (key b180390b42237c42) took 212.546989ms: PERSISTENT_FETCH
I0828 01:46:50.502458    2852 server_lib.cc:1855] Attempting to load component jit_exp.1570370967876931661 @ 0 at worker after 1.055237ms (proto size 2405)
I0828 01:46:50.510049    1305 tpu_chip_config.cc:367] Resolved chip config alias megachip_tccontrol->megacore for 2093c6a02, 
I0828 01:46:50.511524    1305 tpu_chip_config.cc:367] Resolved chip config alias megachip_tccontrol->megacore for 2093c6a02, 
I0828 01:46:50.512365    1305 xla_compilation_cache.cc:113] XLA compilation cache fetch for computation 'jit_clip' (key af6d878a307a75f9) took 238.822121ms: PERSISTENT_FETCH
I0828 01:46:50.710003    1304 tpu_chip_config.cc:367] Resolved chip config alias megachip_tccontrol->megacore for 2093c6a02, 
I0828 01:46:50.711502    1304 tpu_chip_config.cc:367] Resolved chip config alias megachip_tccontrol->megacore for 2093c6a02, 
I0828 01:46:50.712242    1304 xla_compilation_cache.cc:113] XLA compilation cache fetch for computation 'jit_exp' (key 3d439b67ea163a9) took 209.794403ms: PERSISTENT_FETCH
I0828 01:46:51.059030    2852 server_lib.cc:1855] Attempting to load component jit_multiply.8339433792461643214 @ 0 at worker after 1.106584ms (proto size 2440)
I0828 01:46:51.296865    1304 tpu_chip_config.cc:367] Resolved chip config alias megachip_tccontrol->megacore for 2093c6a02, 
I0828 01:46:51.298450    1304 tpu_chip_config.cc:367] Resolved chip config alias megachip_tccontrol->megacore for 2093c6a02, 
I0828 01:46:51.299239    1304 xla_compilation_cache.cc:113] XLA compilation cache fetch for computation 'jit_multiply' (key fc4d2fab9725af8e) took 240.219201ms: PERSISTENT_FETCH
I0828 01:46:51.528035    3051 server_lib.cc:1855] Attempting to load component jit_clip.8339433792461642191 @ 0 at worker after 920.962us (proto size 2481)
I0828 01:46:51.771431    1304 tpu_chip_config.cc:367] Resolved chip config alias megachip_tccontrol->megacore for 2093c6a02, 
I0828 01:46:51.772947    1304 tpu_chip_config.cc:367] Resolved chip config alias megachip_tccontrol->megacore for 2093c6a02, 
I0828 01:46:51.773843    1304 xla_compilation_cache.cc:113] XLA compilation cache fetch for computation 'jit_clip' (key e1bbdc25b0e45d2b) took 245.816569ms: PERSISTENT_FETCH
I0828 01:46:51.773879    2957 server_lib.cc:1855] Attempting to load component jit_maximum.1570370967876931954 @ 0 at worker after 1.019382ms (proto size 2490)
I0828 01:46:52.028032    2957 server_lib.cc:1855] Attempting to load component jit_greater.8339433792461641168 @ 0 at worker after 946.901us (proto size 2439)
I0828 01:46:52.032478    1305 tpu_chip_config.cc:367] Resolved chip config alias megachip_tccontrol->megacore for 2093c6a02, 
I0828 01:46:52.034049    1305 tpu_chip_config.cc:367] Resolved chip config alias megachip_tccontrol->megacore for 2093c6a02, 
I0828 01:46:52.034970    1305 xla_compilation_cache.cc:113] XLA compilation cache fetch for computation 'jit_maximum' (key 20ba3831ab99cb1e) took 261.100824ms: PERSISTENT_FETCH
I0828 01:46:52.223728    1816 server_lib.cc:1855] Attempting to load component jit_convert_element_type.1570370967876933151 @ 0 at worker after 924.547us (proto size 2440)
I0828 01:46:52.230639    1304 tpu_chip_config.cc:367] Resolved chip config alias megachip_tccontrol->megacore for 2093c6a02, 
I0828 01:46:52.232140    1304 tpu_chip_config.cc:367] Resolved chip config alias megachip_tccontrol->megacore for 2093c6a02, 
I0828 01:46:52.232922    1304 xla_compilation_cache.cc:113] XLA compilation cache fetch for computation 'jit_greater' (key fcfa006d15426f67) took 204.897563ms: PERSISTENT_FETCH
I0828 01:46:52.440239    1305 tpu_chip_config.cc:367] Resolved chip config alias megachip_tccontrol->megacore for 2093c6a02, 
I0828 01:46:52.441454    1816 server_lib.cc:1855] Attempting to load component jit_multiply.8339433792461640145 @ 0 at worker after 908.778us (proto size 2441)
I0828 01:46:52.441764    1305 tpu_chip_config.cc:367] Resolved chip config alias megachip_tccontrol->megacore for 2093c6a02, 
I0828 01:46:52.442512    1305 xla_compilation_cache.cc:113] XLA compilation cache fetch for computation 'jit_convert_element_type' (key 9858f12e618f42f9) took 218.798516ms: PERSISTENT_FETCH
I0828 01:46:52.648082    1304 tpu_chip_config.cc:367] Resolved chip config alias megachip_tccontrol->megacore for 2093c6a02, 
I0828 01:46:52.649593    1304 tpu_chip_config.cc:367] Resolved chip config alias megachip_tccontrol->megacore for 2093c6a02, 
I0828 01:46:52.650347    1304 xla_compilation_cache.cc:113] XLA compilation cache fetch for computation 'jit_multiply' (key 56a2f6c0d1c7dce7) took 208.904897ms: PERSISTENT_FETCH
I0828 01:46:52.848884    1931 server_lib.cc:1855] Attempting to load component jit_bitwise_and.1570370967876935545 @ 0 at worker after 1.081754ms (proto size 2446)
I0828 01:46:53.048731    1304 tpu_chip_config.cc:367] Resolved chip config alias megachip_tccontrol->megacore for 2093c6a02, 
I0828 01:46:53.050203    1304 tpu_chip_config.cc:367] Resolved chip config alias megachip_tccontrol->megacore for 2093c6a02, 
I0828 01:46:53.051013    1304 xla_compilation_cache.cc:113] XLA compilation cache fetch for computation 'jit_bitwise_and' (key 4425591f7e345e31) took 202.13721ms: PERSISTENT_FETCH
I0828 01:46:53.318492    2957 server_lib.cc:1855] Attempting to load component jit__reduce_sum.1570370967876932646 @ 0 at worker after 893.57us (proto size 2418)
I0828 01:46:53.533200    1304 tpu_chip_config.cc:367] Resolved chip config alias megachip_tccontrol->megacore for 2093c6a02, 
I0828 01:46:53.534820    1304 tpu_chip_config.cc:367] Resolved chip config alias megachip_tccontrol->megacore for 2093c6a02, 
I0828 01:46:53.535685    1304 xla_compilation_cache.cc:113] XLA compilation cache fetch for computation 'jit__reduce_sum' (key 467c86885ac30774) took 217.201622ms: PERSISTENT_FETCH
I0828 01:46:53.700915    2957 server_lib.cc:1855] Attempting to load component jit_true_divide.1570370967876934242 @ 0 at worker after 939.928us (proto size 2435)
I0828 01:46:53.908889    1304 tpu_chip_config.cc:367] Resolved chip config alias megachip_tccontrol->megacore for 2093c6a02, 
I0828 01:46:53.910454    1304 tpu_chip_config.cc:367] Resolved chip config alias megachip_tccontrol->megacore for 2093c6a02, 
I0828 01:46:53.911229    1304 xla_compilation_cache.cc:113] XLA compilation cache fetch for computation 'jit_true_divide' (key 6c010c44a494a4f8) took 210.32165ms: PERSISTENT_FETCH
I0828 01:46:54.150207    1822 server_lib.cc:1855] Attempting to load component jit__reduce_sum.1570370967876935439 @ 0 at worker after 926.698us (proto size 2404)
I0828 01:46:54.346145    1304 tpu_chip_config.cc:367] Resolved chip config alias megachip_tccontrol->megacore for 2093c6a02, 
I0828 01:46:54.347736    1304 tpu_chip_config.cc:367] Resolved chip config alias megachip_tccontrol->megacore for 2093c6a02, 
I0828 01:46:54.348579    1304 xla_compilation_cache.cc:113] XLA compilation cache fetch for computation 'jit__reduce_sum' (key e26f4f410089f389) took 198.381618ms: PERSISTENT_FETCH
I0828 01:46:54.354328    1931 server_lib.cc:1855] Attempting to load component jit_minimum.8339433792461642881 @ 0 at worker after 1.054799ms (proto size 2490)
I0828 01:46:54.585460    2957 server_lib.cc:1855] Attempting to load component jit__where.1570370967876932939 @ 0 at worker after 979.242us (proto size 2485)
I0828 01:46:54.597899    1304 tpu_chip_config.cc:367] Resolved chip config alias megachip_tccontrol->megacore for 2093c6a02, 
I0828 01:46:54.599386    1304 tpu_chip_config.cc:367] Resolved chip config alias megachip_tccontrol->megacore for 2093c6a02, 
I0828 01:46:54.600241    1304 xla_compilation_cache.cc:113] XLA compilation cache fetch for computation 'jit_minimum' (key 6b4bcdb9d9819f09) took 245.922226ms: PERSISTENT_FETCH
I0828 01:46:54.804980    1305 tpu_chip_config.cc:367] Resolved chip config alias megachip_tccontrol->megacore for 2093c6a02, 
I0828 01:46:54.806512    1305 tpu_chip_config.cc:367] Resolved chip config alias megachip_tccontrol->megacore for 2093c6a02, 
I0828 01:46:54.807323    1305 xla_compilation_cache.cc:113] XLA compilation cache fetch for computation 'jit__where' (key 4067a05c24b94a) took 221.870622ms: PERSISTENT_FETCH
I0828 01:46:54.819522    1931 server_lib.cc:1855] Attempting to load component jit_true_divide.8339433792461641517 @ 0 at worker after 945.444us (proto size 2456)
I0828 01:46:55.036696    2852 server_lib.cc:1855] Attempting to load component jit__reduce_sum.1570370967876934136 @ 0 at worker after 847.77us (proto size 2404)
I0828 01:46:55.039624    1305 tpu_chip_config.cc:367] Resolved chip config alias megachip_tccontrol->megacore for 2093c6a02, 
I0828 01:46:55.041073    1305 tpu_chip_config.cc:367] Resolved chip config alias megachip_tccontrol->megacore for 2093c6a02, 
I0828 01:46:55.041863    1305 xla_compilation_cache.cc:113] XLA compilation cache fetch for computation 'jit_true_divide' (key af7d453c68d913e2) took 222.348229ms: PERSISTENT_FETCH
I0828 01:46:55.243832    2852 server_lib.cc:1855] Attempting to load component jit_convert_element_type.8339433792461640494 @ 0 at worker after 954.958us (proto size 2412)
I0828 01:46:55.250139    1304 tpu_chip_config.cc:367] Resolved chip config alias megachip_tccontrol->megacore for 2093c6a02, 
I0828 01:46:55.251643    1304 tpu_chip_config.cc:367] Resolved chip config alias megachip_tccontrol->megacore for 2093c6a02, 
I0828 01:46:55.252470    1304 xla_compilation_cache.cc:113] XLA compilation cache fetch for computation 'jit__reduce_sum' (key a01abe6d6260bdc0) took 215.782384ms: PERSISTENT_FETCH
I0828 01:46:55.459891    1305 tpu_chip_config.cc:367] Resolved chip config alias megachip_tccontrol->megacore for 2093c6a02, 
I0828 01:46:55.461351    1305 tpu_chip_config.cc:367] Resolved chip config alias megachip_tccontrol->megacore for 2093c6a02, 
I0828 01:46:55.462082    1305 xla_compilation_cache.cc:113] XLA compilation cache fetch for computation 'jit_convert_element_type' (key 67c9710f4d007cdf) took 218.291886ms: PERSISTENT_FETCH
I0828 01:46:55.470213    3051 server_lib.cc:1855] Attempting to load component jit__mean.1570370967876932035 @ 0 at worker after 942.186us (proto size 2392)
I0828 01:46:55.692640    1305 tpu_chip_config.cc:367] Resolved chip config alias megachip_tccontrol->megacore for 2093c6a02, 
I0828 01:46:55.694126    1305 tpu_chip_config.cc:367] Resolved chip config alias megachip_tccontrol->megacore for 2093c6a02, 
I0828 01:46:55.694925    1305 xla_compilation_cache.cc:113] XLA compilation cache fetch for computation 'jit__mean' (key 8fbbe7f73858282f) took 224.719298ms: PERSISTENT_FETCH
I0828 01:46:55.879106    3051 server_lib.cc:1855] Attempting to load component jit_masked_mean.1570370967876934828 @ 0 at worker after 1.082916ms (proto size 2469)
I0828 01:46:56.097921    1305 tpu_chip_config.cc:367] Resolved chip config alias megachip_tccontrol->megacore for 2093c6a02, 
I0828 01:46:56.099540    1305 tpu_chip_config.cc:367] Resolved chip config alias megachip_tccontrol->megacore for 2093c6a02, 
I0828 01:46:56.100446    1305 xla_compilation_cache.cc:113] XLA compilation cache fetch for computation 'jit_masked_mean' (key e54310776ecaed0) took 221.350508ms: PERSISTENT_FETCH
I0828 01:46:56.321094    3051 server_lib.cc:1855] Attempting to load component jit__where.1570370967876932328 @ 0 at worker after 969.822us (proto size 2474)
I0828 01:46:56.531463    1305 tpu_chip_config.cc:367] Resolved chip config alias megachip_tccontrol->megacore for 2093c6a02, 
I0828 01:46:56.532983    1305 tpu_chip_config.cc:367] Resolved chip config alias megachip_tccontrol->megacore for 2093c6a02, 
I0828 01:46:56.533813    1305 xla_compilation_cache.cc:113] XLA compilation cache fetch for computation 'jit__where' (key 9b98bd8f269dc37c) took 212.725079ms: PERSISTENT_FETCH
I0828 01:46:56.534758    1822 server_lib.cc:1855] Attempting to load component jit__reduce_max.8339433792461641180 @ 0 at worker after 884.921us (proto size 2444)
I0828 01:46:56.765216    1305 tpu_chip_config.cc:367] Resolved chip config alias megachip_tccontrol->megacore for 2093c6a02, 
I0828 01:46:56.766733    1305 tpu_chip_config.cc:367] Resolved chip config alias megachip_tccontrol->megacore for 2093c6a02, 
I0828 01:46:56.767588    1305 xla_compilation_cache.cc:113] XLA compilation cache fetch for computation 'jit__reduce_max' (key 580ea8c1d8a6d62d) took 232.837774ms: PERSISTENT_FETCH
I0828 01:46:56.769814    1931 server_lib.cc:1855] Attempting to load component jit__reduce_min.1570370967876934323 @ 0 at worker after 876.804us (proto size 2444)
I0828 01:46:56.960273    1305 tpu_chip_config.cc:367] Resolved chip config alias megachip_tccontrol->megacore for 2093c6a02, 
I0828 01:46:56.961130    3069 server_lib.cc:1855] Attempting to load component jit_abs.8339433792461640157 @ 0 at worker after 1.00184ms (proto size 2431)
I0828 01:46:56.961777    1305 tpu_chip_config.cc:367] Resolved chip config alias megachip_tccontrol->megacore for 2093c6a02, 
I0828 01:46:56.962639    1305 xla_compilation_cache.cc:113] XLA compilation cache fetch for computation 'jit__reduce_min' (key 6383e1f9741ecbc0) took 192.831768ms: PERSISTENT_FETCH
I0828 01:46:57.164629    1304 tpu_chip_config.cc:367] Resolved chip config alias megachip_tccontrol->megacore for 2093c6a02, 
I0828 01:46:57.166132    1304 tpu_chip_config.cc:367] Resolved chip config alias megachip_tccontrol->megacore for 2093c6a02, 
I0828 01:46:57.166968    1304 xla_compilation_cache.cc:113] XLA compilation cache fetch for computation 'jit_abs' (key e7a1541ed2e03f84) took 205.845173ms: PERSISTENT_FETCH
I0828 01:46:59.389624    3051 server_lib.cc:1855] Attempting to load component jit_broadcast_in_dim.8339433792461642556 @ 0 at worker after 929.491us (proto size 2414)
I0828 01:46:59.587961    3051 server_lib.cc:1855] Attempting to load component jit_div.1570370967876932808 @ 0 at worker after 954.488us (proto size 2419)
I0828 01:46:59.597023    1304 tpu_chip_config.cc:367] Resolved chip config alias megachip_tccontrol->megacore for 2093c6a02, 
I0828 01:46:59.598804    1304 tpu_chip_config.cc:367] Resolved chip config alias megachip_tccontrol->megacore for 2093c6a02, 
I0828 01:46:59.599673    1304 xla_compilation_cache.cc:113] XLA compilation cache fetch for computation 'jit_broadcast_in_dim' (key 915a3c865f22631e) took 210.058697ms: PERSISTENT_FETCH
I0828 01:46:59.806018    3069 server_lib.cc:1855] Attempting to load component jit_broadcast_in_dim.8339433792461641533 @ 0 at worker after 906.213us (proto size 2428)
I0828 01:46:59.812165    1305 tpu_chip_config.cc:367] Resolved chip config alias megachip_tccontrol->megacore for 2093c6a02, 
I0828 01:46:59.813779    1305 tpu_chip_config.cc:367] Resolved chip config alias megachip_tccontrol->megacore for 2093c6a02, 
I0828 01:46:59.814667    1305 xla_compilation_cache.cc:113] XLA compilation cache fetch for computation 'jit_div' (key 65a6afbb31ee3cd7) took 226.713887ms: PERSISTENT_FETCH
I0828 01:47:00.017601    3069 server_lib.cc:1855] Attempting to load component jit_mul.1570370967876934005 @ 0 at worker after 1.012298ms (proto size 2431)
I0828 01:47:00.028682    1304 tpu_chip_config.cc:367] Resolved chip config alias megachip_tccontrol->megacore for 2093c6a02, 
I0828 01:47:00.030219    1304 tpu_chip_config.cc:367] Resolved chip config alias megachip_tccontrol->megacore for 2093c6a02, 
I0828 01:47:00.031020    1304 xla_compilation_cache.cc:113] XLA compilation cache fetch for computation 'jit_broadcast_in_dim' (key 397bb6dc0e9dcc90) took 225.0086ms: PERSISTENT_FETCH
I0828 01:47:00.225014    3051 server_lib.cc:1855] Attempting to load component jit__where.8339433792461640510 @ 0 at worker after 967.676us (proto size 2463)
I0828 01:47:00.232650    1305 tpu_chip_config.cc:367] Resolved chip config alias megachip_tccontrol->megacore for 2093c6a02, 
I0828 01:47:00.234122    1305 tpu_chip_config.cc:367] Resolved chip config alias megachip_tccontrol->megacore for 2093c6a02, 
I0828 01:47:00.234894    1305 xla_compilation_cache.cc:113] XLA compilation cache fetch for computation 'jit_mul' (key f4f3802c25177a67) took 217.299995ms: PERSISTENT_FETCH
I0828 01:47:00.428780    3051 server_lib.cc:1855] Attempting to load component jit_add.1570370967876935202 @ 0 at worker after 855.053us (proto size 2431)
I0828 01:47:00.439880    1304 tpu_chip_config.cc:367] Resolved chip config alias megachip_tccontrol->megacore for 2093c6a02, 
I0828 01:47:00.441317    1304 tpu_chip_config.cc:367] Resolved chip config alias megachip_tccontrol->megacore for 2093c6a02, 
I0828 01:47:00.442141    1304 xla_compilation_cache.cc:113] XLA compilation cache fetch for computation 'jit__where' (key 7f56ff652afe96d7) took 217.135354ms: PERSISTENT_FETCH
I0828 01:47:00.636228    3069 server_lib.cc:1855] Attempting to load component jit_mul.8339433792461643583 @ 0 at worker after 801.253us (proto size 2430)
I0828 01:47:00.638574    1305 tpu_chip_config.cc:367] Resolved chip config alias megachip_tccontrol->megacore for 2093c6a02, 
I0828 01:47:00.640011    1305 tpu_chip_config.cc:367] Resolved chip config alias megachip_tccontrol->megacore for 2093c6a02, 
I0828 01:47:00.640754    1305 xla_compilation_cache.cc:113] XLA compilation cache fetch for computation 'jit_add' (key 5a35754ce5b26cb2) took 211.980546ms: PERSISTENT_FETCH
I0828 01:47:00.835183    1304 tpu_chip_config.cc:367] Resolved chip config alias megachip_tccontrol->megacore for 2093c6a02, 
I0828 01:47:00.835805    3051 server_lib.cc:1855] Attempting to load component jit_clip.1570370967876932303 @ 0 at worker after 806.358us (proto size 2459)
I0828 01:47:00.836636    1304 tpu_chip_config.cc:367] Resolved chip config alias megachip_tccontrol->megacore for 2093c6a02, 
I0828 01:47:00.837434    1304 xla_compilation_cache.cc:113] XLA compilation cache fetch for computation 'jit_mul' (key 7f01b13a9f5debdc) took 201.211524ms: PERSISTENT_FETCH
I0828 01:47:01.059329    3051 server_lib.cc:1855] Attempting to load component jit_clip.8339433792461642560 @ 0 at worker after 836.101us (proto size 2432)
I0828 01:47:01.059652    1305 tpu_chip_config.cc:367] Resolved chip config alias megachip_tccontrol->megacore for 2093c6a02, 
I0828 01:47:01.061136    1305 tpu_chip_config.cc:367] Resolved chip config alias megachip_tccontrol->megacore for 2093c6a02, 
I0828 01:47:01.061956    1305 xla_compilation_cache.cc:113] XLA compilation cache fetch for computation 'jit_clip' (key 5fe9764764ac37e6) took 226.157659ms: PERSISTENT_FETCH
I0828 01:47:01.261739    1304 tpu_chip_config.cc:367] Resolved chip config alias megachip_tccontrol->megacore for 2093c6a02, 
I0828 01:47:01.263195    1304 tpu_chip_config.cc:367] Resolved chip config alias megachip_tccontrol->megacore for 2093c6a02, 
I0828 01:47:01.263969    1304 xla_compilation_cache.cc:113] XLA compilation cache fetch for computation 'jit_clip' (key 211bedc93f50924) took 204.647194ms: PERSISTENT_FETCH
I0828 01:47:01.461873    3069 server_lib.cc:1855] Attempting to load component jit_reshape.1570370967876934298 @ 0 at worker after 1.022288ms (proto size 2416)
I0828 01:47:01.653768    3069 server_lib.cc:1855] Attempting to load component jit_swapaxes.8339433792461640173 @ 0 at worker after 1.008938ms (proto size 2420)
I0828 01:47:01.660238    1304 tpu_chip_config.cc:367] Resolved chip config alias megachip_tccontrol->megacore for 2093c6a02, 
I0828 01:47:01.661700    1304 tpu_chip_config.cc:367] Resolved chip config alias megachip_tccontrol->megacore for 2093c6a02, 
I0828 01:47:01.662446    1304 xla_compilation_cache.cc:113] XLA compilation cache fetch for computation 'jit_reshape' (key f20f1c4228371a48) took 200.578648ms: PERSISTENT_FETCH
I0828 01:47:01.859412    1305 tpu_chip_config.cc:367] Resolved chip config alias megachip_tccontrol->megacore for 2093c6a02, 
I0828 01:47:01.860841    1305 tpu_chip_config.cc:367] Resolved chip config alias megachip_tccontrol->megacore for 2093c6a02, 
I0828 01:47:01.861623    1305 xla_compilation_cache.cc:113] XLA compilation cache fetch for computation 'jit_swapaxes' (key 589f9603006d93d4) took 207.85975ms: PERSISTENT_FETCH
I0828 01:47:02.319534    3069 server_lib.cc:1855] Attempting to load component jit_subtract.1570370967876932995 @ 0 at worker after 1.076767ms (proto size 2441)
I0828 01:47:02.507600    3051 server_lib.cc:1855] Attempting to load component jit_negative.8339433792461642223 @ 0 at worker after 978.004us (proto size 2416)
I0828 01:47:02.518824    1305 tpu_chip_config.cc:367] Resolved chip config alias megachip_tccontrol->megacore for 2093c6a02, 
I0828 01:47:02.520314    1305 tpu_chip_config.cc:367] Resolved chip config alias megachip_tccontrol->megacore for 2093c6a02, 
I0828 01:47:02.521073    1305 xla_compilation_cache.cc:113] XLA compilation cache fetch for computation 'jit_subtract' (key 504ebbfddc0356d5) took 201.545756ms: PERSISTENT_FETCH
I0828 01:47:02.705279    1304 tpu_chip_config.cc:367] Resolved chip config alias megachip_tccontrol->megacore for 2093c6a02, 
I0828 01:47:02.706897    1304 tpu_chip_config.cc:367] Resolved chip config alias megachip_tccontrol->megacore for 2093c6a02, 
I0828 01:47:02.707675    1304 xla_compilation_cache.cc:113] XLA compilation cache fetch for computation 'jit_negative' (key 402ec2ec6e627c79) took 200.081647ms: PERSISTENT_FETCH
I0828 01:47:02.708852    3051 server_lib.cc:1855] Attempting to load component jit_clip.1570370967876934192 @ 0 at worker after 873.29us (proto size 2430)
I0828 01:47:02.908608    2957 server_lib.cc:1855] Attempting to load component jit_true_divide.8339433792461640177 @ 0 at worker after 941.734us (proto size 2435)
I0828 01:47:02.909671    1304 tpu_chip_config.cc:367] Resolved chip config alias megachip_tccontrol->megacore for 2093c6a02, 
I0828 01:47:02.911226    1304 tpu_chip_config.cc:367] Resolved chip config alias megachip_tccontrol->megacore for 2093c6a02, 
I0828 01:47:02.912048    1304 xla_compilation_cache.cc:113] XLA compilation cache fetch for computation 'jit_clip' (key c8f7619b66b920c1) took 203.203417ms: PERSISTENT_FETCH
I0828 01:47:03.108498    1305 tpu_chip_config.cc:367] Resolved chip config alias megachip_tccontrol->megacore for 2093c6a02, 
I0828 01:47:03.110078    1305 tpu_chip_config.cc:367] Resolved chip config alias megachip_tccontrol->megacore for 2093c6a02, 
I0828 01:47:03.110890    1305 xla_compilation_cache.cc:113] XLA compilation cache fetch for computation 'jit_true_divide' (key 399129ac904f6178) took 202.292888ms: PERSISTENT_FETCH
I0828 01:47:03.111490    1931 server_lib.cc:1855] Attempting to load component jit_subtract.1570370967876935389 @ 0 at worker after 979.085us (proto size 2441)
I0828 01:47:03.298568    1931 server_lib.cc:1855] Attempting to load component jit_add.8339433792461643250 @ 0 at worker after 964.796us (proto size 2430)
I0828 01:47:03.321683    1305 tpu_chip_config.cc:367] Resolved chip config alias megachip_tccontrol->megacore for 2093c6a02, 
I0828 01:47:03.323230    1305 tpu_chip_config.cc:367] Resolved chip config alias megachip_tccontrol->megacore for 2093c6a02, 
I0828 01:47:03.324028    1305 xla_compilation_cache.cc:113] XLA compilation cache fetch for computation 'jit_subtract' (key 4f9f314165cc6ed4) took 212.546914ms: PERSISTENT_FETCH
I0828 01:47:03.500877    1931 server_lib.cc:1855] Attempting to load component jit_clip.1570370967876932490 @ 0 at worker after 934.678us (proto size 2419)
I0828 01:47:03.509263    1304 tpu_chip_config.cc:367] Resolved chip config alias megachip_tccontrol->megacore for 2093c6a02, 
I0828 01:47:03.510810    1304 tpu_chip_config.cc:367] Resolved chip config alias megachip_tccontrol->megacore for 2093c6a02, 
I0828 01:47:03.511648    1304 xla_compilation_cache.cc:113] XLA compilation cache fetch for computation 'jit_add' (key 17ada02d51ae433f) took 213.087864ms: PERSISTENT_FETCH
I0828 01:47:03.706213    3069 server_lib.cc:1855] Attempting to load component jit_multiply.1570370967876933687 @ 0 at worker after 873.146us (proto size 2440)
I0828 01:47:03.709996    1305 tpu_chip_config.cc:367] Resolved chip config alias megachip_tccontrol->megacore for 2093c6a02, 
I0828 01:47:03.711534    1305 tpu_chip_config.cc:367] Resolved chip config alias megachip_tccontrol->megacore for 2093c6a02, 
I0828 01:47:03.712334    1305 xla_compilation_cache.cc:113] XLA compilation cache fetch for computation 'jit_clip' (key d6014ae046dd580d) took 211.464252ms: PERSISTENT_FETCH
I0828 01:47:03.903826    1304 tpu_chip_config.cc:367] Resolved chip config alias megachip_tccontrol->megacore for 2093c6a02, 
I0828 01:47:03.905354    1304 tpu_chip_config.cc:367] Resolved chip config alias megachip_tccontrol->megacore for 2093c6a02, 
I0828 01:47:03.906175    1304 xla_compilation_cache.cc:113] XLA compilation cache fetch for computation 'jit_multiply' (key 15ce43228c2090ff) took 199.969735ms: PERSISTENT_FETCH
I0828 01:47:03.910303    2957 server_lib.cc:1855] Attempting to load component jit_clip.8339433792461641204 @ 0 at worker after 910.163us (proto size 2430)
I0828 01:47:04.122980    1304 tpu_chip_config.cc:367] Resolved chip config alias megachip_tccontrol->megacore for 2093c6a02, 
I0828 01:47:04.124477    1304 tpu_chip_config.cc:367] Resolved chip config alias megachip_tccontrol->megacore for 2093c6a02, 
I0828 01:47:04.125248    1304 xla_compilation_cache.cc:113] XLA compilation cache fetch for computation 'jit_clip' (key ef0e02618c251389) took 214.953191ms: PERSISTENT_FETCH
I0828 01:47:04.125598    1931 server_lib.cc:1855] Attempting to load component jit_maximum.1570370967876931586 @ 0 at worker after 882.751us (proto size 2439)
I0828 01:47:04.315606    3051 server_lib.cc:1855] Attempting to load component jit_greater.8339433792461640181 @ 0 at worker after 931.385us (proto size 2439)
I0828 01:47:04.324079    1304 tpu_chip_config.cc:367] Resolved chip config alias megachip_tccontrol->megacore for 2093c6a02, 
I0828 01:47:04.325593    1304 tpu_chip_config.cc:367] Resolved chip config alias megachip_tccontrol->megacore for 2093c6a02, 
I0828 01:47:04.326400    1304 xla_compilation_cache.cc:113] XLA compilation cache fetch for computation 'jit_maximum' (key c94b5ba5877ec491) took 200.809125ms: PERSISTENT_FETCH
I0828 01:47:04.513538    1305 tpu_chip_config.cc:367] Resolved chip config alias megachip_tccontrol->megacore for 2093c6a02, 
I0828 01:47:04.515035    1305 tpu_chip_config.cc:367] Resolved chip config alias megachip_tccontrol->megacore for 2093c6a02, 
I0828 01:47:04.515835    1305 xla_compilation_cache.cc:113] XLA compilation cache fetch for computation 'jit_greater' (key 6131758d1172bb37) took 200.237551ms: PERSISTENT_FETCH
I0828 01:47:04.532039    3051 server_lib.cc:1855] Attempting to load component jit_minimum.1570370967876933980 @ 0 at worker after 820.341us (proto size 2439)
I0828 01:47:04.731187    3051 server_lib.cc:1855] Attempting to load component jit__where.8339433792461642913 @ 0 at worker after 924.389us (proto size 2462)
I0828 01:47:04.737153    1305 tpu_chip_config.cc:367] Resolved chip config alias megachip_tccontrol->megacore for 2093c6a02, 
I0828 01:47:04.738668    1305 tpu_chip_config.cc:367] Resolved chip config alias megachip_tccontrol->megacore for 2093c6a02, 
I0828 01:47:04.739460    1305 xla_compilation_cache.cc:113] XLA compilation cache fetch for computation 'jit_minimum' (key 107a6c9f360d0dec) took 207.427358ms: PERSISTENT_FETCH
I0828 01:47:04.929811    1304 tpu_chip_config.cc:367] Resolved chip config alias megachip_tccontrol->megacore for 2093c6a02, 
I0828 01:47:04.931285    1304 tpu_chip_config.cc:367] Resolved chip config alias megachip_tccontrol->megacore for 2093c6a02, 
I0828 01:47:04.932140    1304 xla_compilation_cache.cc:113] XLA compilation cache fetch for computation 'jit__where' (key c61df59b81f52216) took 200.958184ms: PERSISTENT_FETCH
I0828 01:47:04.956512    3069 server_lib.cc:1855] Attempting to load component jit__mean.1570370967876932278 @ 0 at worker after 952.53us (proto size 2392)
I0828 01:47:05.161430    3069 server_lib.cc:1855] Attempting to load component jit_masked_mean.8339433792461640526 @ 0 at worker after 936.581us (proto size 2433)
I0828 01:47:05.172556    1304 tpu_chip_config.cc:367] Resolved chip config alias megachip_tccontrol->megacore for 2093c6a02, 
I0828 01:47:05.173995    1304 tpu_chip_config.cc:367] Resolved chip config alias megachip_tccontrol->megacore for 2093c6a02, 
I0828 01:47:05.174801    1304 xla_compilation_cache.cc:113] XLA compilation cache fetch for computation 'jit__mean' (key 1419977e0838b4a7) took 218.295383ms: PERSISTENT_FETCH
I0828 01:47:05.379723    1305 tpu_chip_config.cc:367] Resolved chip config alias megachip_tccontrol->megacore for 2093c6a02, 
I0828 01:47:05.381221    1305 tpu_chip_config.cc:367] Resolved chip config alias megachip_tccontrol->megacore for 2093c6a02, 
I0828 01:47:05.382099    1305 xla_compilation_cache.cc:113] XLA compilation cache fetch for computation 'jit_masked_mean' (key 1685e480408d35f4) took 220.67416ms: PERSISTENT_FETCH
I0828 01:47:05.425436    1822 server_lib.cc:1855] Attempting to load component jit__reduce_min.1570370967876935470 @ 0 at worker after 906.351us (proto size 2408)
I0828 01:47:05.666039    1305 tpu_chip_config.cc:367] Resolved chip config alias megachip_tccontrol->megacore for 2093c6a02, 
I0828 01:47:05.667556    1305 tpu_chip_config.cc:367] Resolved chip config alias megachip_tccontrol->megacore for 2093c6a02, 
I0828 01:47:05.668335    1305 xla_compilation_cache.cc:113] XLA compilation cache fetch for computation 'jit__reduce_min' (key 44c4274d72871eac) took 242.906527ms: PERSISTENT_FETCH
I0828 01:47:07.171001    1822 server_lib.cc:1855] Attempting to load component jit_gather.8339433792461639880 @ 0 at worker after 971.661us (proto size 2433)
I0828 01:47:07.380626    1305 tpu_chip_config.cc:367] Resolved chip config alias megachip_tccontrol->megacore for 2093c6a02, 
I0828 01:47:07.382404    1305 tpu_chip_config.cc:367] Resolved chip config alias megachip_tccontrol->megacore for 2093c6a02, 
I0828 01:47:07.383350    1305 xla_compilation_cache.cc:113] XLA compilation cache fetch for computation 'jit_gather' (key b8fff38bbba203bf) took 212.357861ms: PERSISTENT_FETCH
I0828 01:47:07.385557    2852 server_lib.cc:1855] Attempting to load component jit_broadcast_in_dim.1570370967876935395 @ 0 at worker after 863.404us (proto size 2430)
I0828 01:47:07.600407    1305 tpu_chip_config.cc:367] Resolved chip config alias megachip_tccontrol->megacore for 2093c6a02, 
I0828 01:47:07.601991    1305 tpu_chip_config.cc:367] Resolved chip config alias megachip_tccontrol->megacore for 2093c6a02, 
I0828 01:47:07.602784    1305 xla_compilation_cache.cc:113] XLA compilation cache fetch for computation 'jit_broadcast_in_dim' (key dbcb2fb1f325c90a) took 217.237684ms: PERSISTENT_FETCH
I0828 01:47:08.323453    3051 server_lib.cc:1855] Attempting to load component jit__where.8339433792461640907 @ 0 at worker after 1.21818ms (proto size 2445)
I0828 01:47:08.532650    1305 tpu_chip_config.cc:367] Resolved chip config alias megachip_tccontrol->megacore for 2093c6a02, 
I0828 01:47:08.534424    1305 tpu_chip_config.cc:367] Resolved chip config alias megachip_tccontrol->megacore for 2093c6a02, 
I0828 01:47:08.535332    1305 xla_compilation_cache.cc:113] XLA compilation cache fetch for computation 'jit__where' (key f0bf38a1c4f2682b) took 211.888311ms: PERSISTENT_FETCH
I0828 01:47:09.634890    1822 server_lib.cc:1855] Attempting to load component jit__squeeze.1570370967876933481 @ 0 at worker after 1.106521ms (proto size 2414)
I0828 01:47:09.833533    1822 server_lib.cc:1855] Attempting to load component jit_scatter-add.8339433792461640570 @ 0 at worker after 956.941us (proto size 2472)
I0828 01:47:09.840576    1305 tpu_chip_config.cc:367] Resolved chip config alias megachip_tccontrol->megacore for 2093c6a02, 
I0828 01:47:09.842350    1305 tpu_chip_config.cc:367] Resolved chip config alias megachip_tccontrol->megacore for 2093c6a02, 
I0828 01:47:09.843210    1305 xla_compilation_cache.cc:113] XLA compilation cache fetch for computation 'jit__squeeze' (key 4f664adf22a5a34d) took 208.328471ms: PERSISTENT_FETCH
I0828 01:47:10.385105    1304 tpu_chip_config.cc:367] Resolved chip config alias megachip_tccontrol->megacore for 2093c6a02, 
I0828 01:47:10.387060    1304 tpu_chip_config.cc:367] Resolved chip config alias megachip_tccontrol->megacore for 2093c6a02, 
I0828 01:47:10.388311    1304 xla_compilation_cache.cc:113] XLA compilation cache fetch for computation 'jit_scatter-add' (key 67e819b08f4baf52) took 554.785243ms: PERSISTENT_FETCH
W0828 01:47:12.620206    1443 tpu_pjrt_client.cc:2349] PjRt execution dispatch was blocked for 1.695043ms because PjRt's max in-flight computation semaphore is full (limit: 32), which may negatively affect the performance
I0828 01:47:12.638527     723 server_lib.cc:1855] Attempting to load component jit_gather.8339433792461641958 @ 0 at worker after 1.028709ms (proto size 2430)
I0828 01:47:12.854796    1304 tpu_chip_config.cc:367] Resolved chip config alias megachip_tccontrol->megacore for 2093c6a02, 
I0828 01:47:12.856557    1931 server_lib.cc:1855] Attempting to load component jit_broadcast_in_dim.1570370967876932471 @ 0 at worker after 1.007212ms (proto size 2430)
I0828 01:47:12.856611    1304 tpu_chip_config.cc:367] Resolved chip config alias megachip_tccontrol->megacore for 2093c6a02, 
I0828 01:47:12.857587    1304 xla_compilation_cache.cc:113] XLA compilation cache fetch for computation 'jit_gather' (key c533f69f89a63ab1) took 219.069094ms: PERSISTENT_FETCH
I0828 01:47:13.049181     723 server_lib.cc:1855] Attempting to load component jit_reshape.8339433792461640935 @ 0 at worker after 921.079us (proto size 2409)
I0828 01:47:13.057800    1305 tpu_chip_config.cc:367] Resolved chip config alias megachip_tccontrol->megacore for 2093c6a02, 
I0828 01:47:13.059468    1305 tpu_chip_config.cc:367] Resolved chip config alias megachip_tccontrol->megacore for 2093c6a02, 
I0828 01:47:13.060263    1305 xla_compilation_cache.cc:113] XLA compilation cache fetch for computation 'jit_broadcast_in_dim' (key 563f2761b9426d3d) took 203.718419ms: PERSISTENT_FETCH
I0828 01:47:13.257039    1304 tpu_chip_config.cc:367] Resolved chip config alias megachip_tccontrol->megacore for 2093c6a02, 
I0828 01:47:13.258555    1304 tpu_chip_config.cc:367] Resolved chip config alias megachip_tccontrol->megacore for 2093c6a02, 
I0828 01:47:13.259337    1304 xla_compilation_cache.cc:113] XLA compilation cache fetch for computation 'jit_reshape' (key f60d60317ec36df3) took 210.16296ms: PERSISTENT_FETCH
I0828 01:47:13.741035    1931 server_lib.cc:1855] Attempting to load component jit_zt_tr_bwd_logprob.1570370967876934865 @ 0 at worker after 1.29988ms (proto size 2511)
I0828 01:47:15.033722    1304 tpu_chip_config.cc:367] Resolved chip config alias megachip_tccontrol->megacore for 2093c6a02, 
I0828 01:47:15.035717    1304 tpu_chip_config.cc:367] Resolved chip config alias megachip_tccontrol->megacore for 2093c6a02, 
I0828 01:47:15.036984    1304 xla_compilation_cache.cc:113] XLA compilation cache fetch for computation 'jit_zt_tr_bwd_logprob' (key 993e505f3d1a68e0) took 1.295958426s: PERSISTENT_FETCH
I0828 01:47:15.285029    2852 server_lib.cc:1855] Attempting to load component jit_convert_element_type.1570370967876931966 @ 0 at worker after 967.306us (proto size 2442)
I0828 01:47:15.520147    1304 tpu_chip_config.cc:367] Resolved chip config alias megachip_tccontrol->megacore for 2093c6a02, 
I0828 01:47:15.521769    1304 tpu_chip_config.cc:367] Resolved chip config alias megachip_tccontrol->megacore for 2093c6a02, 
I0828 01:47:15.522563    1304 xla_compilation_cache.cc:113] XLA compilation cache fetch for computation 'jit_convert_element_type' (key a7cfcd7626a1f512) took 237.544661ms: PERSISTENT_FETCH
I0828 01:47:20.405595    1822 server_lib.cc:1855] Attempting to load component jit_zt_tr_dp_parallel_bwd_head.8339433792461641280 @ 0 at worker after 1.317445ms (proto size 2534)
I0828 01:47:22.947002    1304 tpu_chip_config.cc:367] Resolved chip config alias megachip_tccontrol->megacore for 2093c6a02, 
I0828 01:47:22.951008    1304 tpu_chip_config.cc:367] Resolved chip config alias megachip_tccontrol->megacore for 2093c6a02, 
I0828 01:47:22.954840    1304 xla_compilation_cache.cc:113] XLA compilation cache fetch for computation 'jit_zt_tr_dp_parallel_bwd_head' (key 54cf6f78fc5b9acb) took 2.549256232s: PERSISTENT_FETCH
I0828 01:47:23.136759    1931 server_lib.cc:1855] Attempting to load component jit_zt_tr_dp_parallel_bwd_norm.1570370967876933163 @ 0 at worker after 1.097514ms (proto size 2523)
I0828 01:47:24.665067    1304 tpu_chip_config.cc:367] Resolved chip config alias megachip_tccontrol->megacore for 2093c6a02, 
I0828 01:47:24.667113    1304 tpu_chip_config.cc:367] Resolved chip config alias megachip_tccontrol->megacore for 2093c6a02, 
I0828 01:47:24.669365    1304 xla_compilation_cache.cc:113] XLA compilation cache fetch for computation 'jit_zt_tr_dp_parallel_bwd_norm' (key 59b6a7bcfdb3083a) took 1.532618993s: PERSISTENT_FETCH
I0828 01:47:27.448846    1822 server_lib.cc:1855] Attempting to load component jit_zt_tr_dp_parallel_bwd_layer_35.8339433792461640257 @ 0 at worker after 1.54965ms (proto size 3270)
I0828 01:47:37.037604    1304 tpu_chip_config.cc:367] Resolved chip config alias megachip_tccontrol->megacore for 2093c6a02, 
I0828 01:47:37.044424    1304 tpu_chip_config.cc:367] Resolved chip config alias megachip_tccontrol->megacore for 2093c6a02, 
I0828 01:47:37.069826    1304 xla_compilation_cache.cc:113] XLA compilation cache fetch for computation 'jit_zt_tr_dp_parallel_bwd_layer_35' (key b9b4c66ca54c6c83) took 9.620991978s: PERSISTENT_FETCH
I0828 01:47:40.583780    1822 server_lib.cc:1855] Attempting to load component jit_zt_tr_dp_parallel_bwd_layer_34.1570370967876934360 @ 0 at worker after 1.634832ms (proto size 3270)
I0828 01:47:50.394489    1304 tpu_chip_config.cc:367] Resolved chip config alias megachip_tccontrol->megacore for 2093c6a02, 
I0828 01:47:50.401483    1304 tpu_chip_config.cc:367] Resolved chip config alias megachip_tccontrol->megacore for 2093c6a02, 
I0828 01:47:50.425772    1304 xla_compilation_cache.cc:113] XLA compilation cache fetch for computation 'jit_zt_tr_dp_parallel_bwd_layer_34' (key 80b8a5b3763b6685) took 9.842003017s: PERSISTENT_FETCH
I0828 01:47:52.569240    1822 server_lib.cc:1855] Attempting to load component jit_zt_tr_dp_parallel_bwd_layer_33.8339433792461643330 @ 0 at worker after 1.672968ms (proto size 3269)
I0828 01:48:01.998060    1304 tpu_chip_config.cc:367] Resolved chip config alias megachip_tccontrol->megacore for 2093c6a02, 
I0828 01:48:02.005296    1304 tpu_chip_config.cc:367] Resolved chip config alias megachip_tccontrol->megacore for 2093c6a02, 
I0828 01:48:02.029487    1304 xla_compilation_cache.cc:113] XLA compilation cache fetch for computation 'jit_zt_tr_dp_parallel_bwd_layer_33' (key a1267594482c946) took 9.46025865s: PERSISTENT_FETCH
I0828 01:48:04.189539    1822 server_lib.cc:1855] Attempting to load component jit_zt_tr_dp_parallel_bwd_layer_32.1570370967876935557 @ 0 at worker after 1.577828ms (proto size 3270)
I0828 01:48:13.773318    1304 tpu_chip_config.cc:367] Resolved chip config alias megachip_tccontrol->megacore for 2093c6a02, 
I0828 01:48:13.781453    1304 tpu_chip_config.cc:367] Resolved chip config alias megachip_tccontrol->megacore for 2093c6a02, 
I0828 01:48:13.804202    1304 xla_compilation_cache.cc:113] XLA compilation cache fetch for computation 'jit_zt_tr_dp_parallel_bwd_layer_32' (key 7ac9494b958bbe2a) took 9.614674225s: PERSISTENT_FETCH
I0828 01:48:16.005191    1822 server_lib.cc:1855] Attempting to load component jit_zt_tr_dp_parallel_bwd_layer_31.8339433792461642307 @ 0 at worker after 1.406779ms (proto size 3269)
I0828 01:48:25.263081    1304 tpu_chip_config.cc:367] Resolved chip config alias megachip_tccontrol->megacore for 2093c6a02, 
I0828 01:48:25.270537    1304 tpu_chip_config.cc:367] Resolved chip config alias megachip_tccontrol->megacore for 2093c6a02, 
I0828 01:48:25.294263    1304 xla_compilation_cache.cc:113] XLA compilation cache fetch for computation 'jit_zt_tr_dp_parallel_bwd_layer_31' (key 8dc12c40b3dd6f8) took 9.289083916s: PERSISTENT_FETCH
I0828 01:48:27.587019    1822 server_lib.cc:1855] Attempting to load component jit_zt_tr_dp_parallel_bwd_layer_30.1570370967876932658 @ 0 at worker after 1.599364ms (proto size 3270)
I0828 01:48:38.229924    1304 tpu_chip_config.cc:367] Resolved chip config alias megachip_tccontrol->megacore for 2093c6a02, 
I0828 01:48:38.237461    1304 tpu_chip_config.cc:367] Resolved chip config alias megachip_tccontrol->megacore for 2093c6a02, 
I0828 01:48:38.259857    1304 xla_compilation_cache.cc:113] XLA compilation cache fetch for computation 'jit_zt_tr_dp_parallel_bwd_layer_30' (key f9660abccd2ccbd8) took 10.672850855s: PERSISTENT_FETCH
I0828 01:48:40.430509    1822 server_lib.cc:1855] Attempting to load component jit_zt_tr_dp_parallel_bwd_layer_29.8339433792461641284 @ 0 at worker after 1.766744ms (proto size 3270)
I0828 01:48:49.870732    1304 tpu_chip_config.cc:367] Resolved chip config alias megachip_tccontrol->megacore for 2093c6a02, 
I0828 01:48:49.878779    1304 tpu_chip_config.cc:367] Resolved chip config alias megachip_tccontrol->megacore for 2093c6a02, 
I0828 01:48:49.901505    1304 xla_compilation_cache.cc:113] XLA compilation cache fetch for computation 'jit_zt_tr_dp_parallel_bwd_layer_29' (key 420f0cc1f0715ad2) took 9.471008774s: PERSISTENT_FETCH
I0828 01:48:52.127776    1822 server_lib.cc:1855] Attempting to load component jit_zt_tr_dp_parallel_bwd_layer_28.1570370967876933855 @ 0 at worker after 1.578072ms (proto size 3270)
I0828 01:49:01.975591    1304 tpu_chip_config.cc:367] Resolved chip config alias megachip_tccontrol->megacore for 2093c6a02, 
I0828 01:49:01.982813    1304 tpu_chip_config.cc:367] Resolved chip config alias megachip_tccontrol->megacore for 2093c6a02, 
I0828 01:49:02.005690    1304 xla_compilation_cache.cc:113] XLA compilation cache fetch for computation 'jit_zt_tr_dp_parallel_bwd_layer_28' (key 4cdbbe7c4fc703dc) took 9.877925513s: PERSISTENT_FETCH
I0828 01:49:04.353787    1822 server_lib.cc:1855] Attempting to load component jit_zt_tr_dp_parallel_bwd_layer_27.8339433792461640261 @ 0 at worker after 1.564184ms (proto size 3270)
I0828 01:49:13.964442    1304 tpu_chip_config.cc:367] Resolved chip config alias megachip_tccontrol->megacore for 2093c6a02, 
I0828 01:49:13.972107    1304 tpu_chip_config.cc:367] Resolved chip config alias megachip_tccontrol->megacore for 2093c6a02, 
I0828 01:49:13.995380    1304 xla_compilation_cache.cc:113] XLA compilation cache fetch for computation 'jit_zt_tr_dp_parallel_bwd_layer_27' (key 32019174216e0cdf) took 9.641605324s: PERSISTENT_FETCH
I0828 01:49:16.402682    1822 server_lib.cc:1855] Attempting to load component jit_zt_tr_dp_parallel_bwd_layer_26.1570370967876935052 @ 0 at worker after 1.562034ms (proto size 3270)
I0828 01:49:26.127463    1304 tpu_chip_config.cc:367] Resolved chip config alias megachip_tccontrol->megacore for 2093c6a02, 
I0828 01:49:26.134578    1304 tpu_chip_config.cc:367] Resolved chip config alias megachip_tccontrol->megacore for 2093c6a02, 
I0828 01:49:26.157088    1304 xla_compilation_cache.cc:113] XLA compilation cache fetch for computation 'jit_zt_tr_dp_parallel_bwd_layer_26' (key c9a41a7df64edb32) took 9.754417724s: PERSISTENT_FETCH
I0828 01:49:29.916905    1822 server_lib.cc:1855] Attempting to load component jit_zt_tr_dp_parallel_bwd_layer_25.8339433792461643334 @ 0 at worker after 1.582316ms (proto size 3270)
I0828 01:49:39.527735    1304 tpu_chip_config.cc:367] Resolved chip config alias megachip_tccontrol->megacore for 2093c6a02, 
I0828 01:49:39.534998    1304 tpu_chip_config.cc:367] Resolved chip config alias megachip_tccontrol->megacore for 2093c6a02, 
I0828 01:49:39.557687    1304 xla_compilation_cache.cc:113] XLA compilation cache fetch for computation 'jit_zt_tr_dp_parallel_bwd_layer_25' (key 7cf05529dae3d146) took 9.640793894s: PERSISTENT_FETCH
I0828 01:49:41.760110    1822 server_lib.cc:1855] Attempting to load component jit_zt_tr_dp_parallel_bwd_layer_24.1570370967876932153 @ 0 at worker after 1.66645ms (proto size 3270)
I0828 01:49:51.212076    1304 tpu_chip_config.cc:367] Resolved chip config alias megachip_tccontrol->megacore for 2093c6a02, 
I0828 01:49:51.219142    1304 tpu_chip_config.cc:367] Resolved chip config alias megachip_tccontrol->megacore for 2093c6a02, 
I0828 01:49:51.241510    1304 xla_compilation_cache.cc:113] XLA compilation cache fetch for computation 'jit_zt_tr_dp_parallel_bwd_layer_24' (key 94769acb4ea925a0) took 9.481412223s: PERSISTENT_FETCH
I0828 01:49:53.394924    1822 server_lib.cc:1855] Attempting to load component jit_zt_tr_dp_parallel_bwd_layer_23.8339433792461642311 @ 0 at worker after 1.825557ms (proto size 3270)
I0828 01:50:02.849664    1304 tpu_chip_config.cc:367] Resolved chip config alias megachip_tccontrol->megacore for 2093c6a02, 
I0828 01:50:02.856989    1304 tpu_chip_config.cc:367] Resolved chip config alias megachip_tccontrol->megacore for 2093c6a02, 
I0828 01:50:02.879992    1304 xla_compilation_cache.cc:113] XLA compilation cache fetch for computation 'jit_zt_tr_dp_parallel_bwd_layer_23' (key a2e7f04968951d12) took 9.485079772s: PERSISTENT_FETCH
I0828 01:50:05.084844    1822 server_lib.cc:1855] Attempting to load component jit_zt_tr_dp_parallel_bwd_layer_22.1570370967876933350 @ 0 at worker after 1.347637ms (proto size 3269)
I0828 01:50:14.848331    1304 tpu_chip_config.cc:367] Resolved chip config alias megachip_tccontrol->megacore for 2093c6a02, 
I0828 01:50:14.855595    1304 tpu_chip_config.cc:367] Resolved chip config alias megachip_tccontrol->megacore for 2093c6a02, 
I0828 01:50:14.878607    1304 xla_compilation_cache.cc:113] XLA compilation cache fetch for computation 'jit_zt_tr_dp_parallel_bwd_layer_22' (key 688c158e83ac1b2) took 9.793774254s: PERSISTENT_FETCH
I0828 01:50:17.168205    1822 server_lib.cc:1855] Attempting to load component jit_zt_tr_dp_parallel_bwd_layer_21.8339433792461641288 @ 0 at worker after 1.748555ms (proto size 3270)
I0828 01:50:26.707252    1304 tpu_chip_config.cc:367] Resolved chip config alias megachip_tccontrol->megacore for 2093c6a02, 
I0828 01:50:26.714318    1304 tpu_chip_config.cc:367] Resolved chip config alias megachip_tccontrol->megacore for 2093c6a02, 
I0828 01:50:26.737480    1304 xla_compilation_cache.cc:113] XLA compilation cache fetch for computation 'jit_zt_tr_dp_parallel_bwd_layer_21' (key b17676815ec72766) took 9.569286199s: PERSISTENT_FETCH
I0828 01:50:28.985193    1822 server_lib.cc:1855] Attempting to load component jit_zt_tr_dp_parallel_bwd_layer_20.1570370967876934547 @ 0 at worker after 1.373051ms (proto size 3270)
I0828 01:50:38.662617    1304 tpu_chip_config.cc:367] Resolved chip config alias megachip_tccontrol->megacore for 2093c6a02, 
I0828 01:50:38.670697    1304 tpu_chip_config.cc:367] Resolved chip config alias megachip_tccontrol->megacore for 2093c6a02, 
I0828 01:50:38.693656    1304 xla_compilation_cache.cc:113] XLA compilation cache fetch for computation 'jit_zt_tr_dp_parallel_bwd_layer_20' (key 6f133f800ec5f767) took 9.708474887s: PERSISTENT_FETCH
I0828 01:50:40.943738    1822 server_lib.cc:1855] Attempting to load component jit_zt_tr_dp_parallel_bwd_layer_19.8339433792461640265 @ 0 at worker after 1.582384ms (proto size 3270)
I0828 01:50:50.509985    1304 tpu_chip_config.cc:367] Resolved chip config alias megachip_tccontrol->megacore for 2093c6a02, 
I0828 01:50:50.517975    1304 tpu_chip_config.cc:367] Resolved chip config alias megachip_tccontrol->megacore for 2093c6a02, 
I0828 01:50:50.541261    1304 xla_compilation_cache.cc:113] XLA compilation cache fetch for computation 'jit_zt_tr_dp_parallel_bwd_layer_19' (key 41a106109306c2cb) took 9.597534945s: PERSISTENT_FETCH
I0828 01:50:52.707509    1822 server_lib.cc:1855] Attempting to load component jit_zt_tr_dp_parallel_bwd_layer_18.1570370967876931648 @ 0 at worker after 1.57365ms (proto size 3270)
I0828 01:51:02.568875    1304 tpu_chip_config.cc:367] Resolved chip config alias megachip_tccontrol->megacore for 2093c6a02, 
I0828 01:51:02.575914    1304 tpu_chip_config.cc:367] Resolved chip config alias megachip_tccontrol->megacore for 2093c6a02, 
I0828 01:51:02.598471    1304 xla_compilation_cache.cc:113] XLA compilation cache fetch for computation 'jit_zt_tr_dp_parallel_bwd_layer_18' (key 4f39cda4d6f673e6) took 9.890973869s: PERSISTENT_FETCH
I0828 01:51:04.795554    1822 server_lib.cc:1855] Attempting to load component jit_zt_tr_dp_parallel_bwd_layer_17.8339433792461643338 @ 0 at worker after 1.482498ms (proto size 3269)
I0828 01:51:13.910961    1304 tpu_chip_config.cc:367] Resolved chip config alias megachip_tccontrol->megacore for 2093c6a02, 
I0828 01:51:13.918295    1304 tpu_chip_config.cc:367] Resolved chip config alias megachip_tccontrol->megacore for 2093c6a02, 
I0828 01:51:13.940940    1304 xla_compilation_cache.cc:113] XLA compilation cache fetch for computation 'jit_zt_tr_dp_parallel_bwd_layer_17' (key 4cbf2e00417657b) took 9.145398308s: PERSISTENT_FETCH
I0828 01:51:16.166619    1822 server_lib.cc:1855] Attempting to load component jit_zt_tr_dp_parallel_bwd_layer_16.1570370967876932845 @ 0 at worker after 1.640583ms (proto size 3270)
I0828 01:51:25.664464    1304 tpu_chip_config.cc:367] Resolved chip config alias megachip_tccontrol->megacore for 2093c6a02, 
I0828 01:51:25.671985    1304 tpu_chip_config.cc:367] Resolved chip config alias megachip_tccontrol->megacore for 2093c6a02, 
I0828 01:51:25.694649    1304 xla_compilation_cache.cc:113] XLA compilation cache fetch for computation 'jit_zt_tr_dp_parallel_bwd_layer_16' (key 835a44b04d7a8729) took 9.528041816s: PERSISTENT_FETCH
I0828 01:51:29.622247    1822 server_lib.cc:1855] Attempting to load component jit_zt_tr_dp_parallel_bwd_layer_15.8339433792461642315 @ 0 at worker after 1.576945ms (proto size 3270)
I0828 01:51:39.425348    1304 tpu_chip_config.cc:367] Resolved chip config alias megachip_tccontrol->megacore for 2093c6a02, 
I0828 01:51:39.432171    1304 tpu_chip_config.cc:367] Resolved chip config alias megachip_tccontrol->megacore for 2093c6a02, 
I0828 01:51:39.454407    1304 xla_compilation_cache.cc:113] XLA compilation cache fetch for computation 'jit_zt_tr_dp_parallel_bwd_layer_15' (key a6c3b47140542ea3) took 9.832173417s: PERSISTENT_FETCH
I0828 01:51:41.703548    3069 server_lib.cc:1855] Attempting to load component jit_zt_tr_dp_parallel_bwd_layer_14.1570370967876934042 @ 0 at worker after 1.675026ms (proto size 3270)
I0828 01:51:51.071505    1304 tpu_chip_config.cc:367] Resolved chip config alias megachip_tccontrol->megacore for 2093c6a02, 
I0828 01:51:51.078716    1304 tpu_chip_config.cc:367] Resolved chip config alias megachip_tccontrol->megacore for 2093c6a02, 
I0828 01:51:51.101343    1304 xla_compilation_cache.cc:113] XLA compilation cache fetch for computation 'jit_zt_tr_dp_parallel_bwd_layer_14' (key 7fe2b6aa7b3c9f5f) took 9.397807357s: PERSISTENT_FETCH
I0828 01:51:53.358481    3069 server_lib.cc:1855] Attempting to load component jit_zt_tr_dp_parallel_bwd_layer_13.8339433792461641292 @ 0 at worker after 1.640053ms (proto size 3270)
I0828 01:52:02.777290    1304 tpu_chip_config.cc:367] Resolved chip config alias megachip_tccontrol->megacore for 2093c6a02, 
I0828 01:52:02.784714    1304 tpu_chip_config.cc:367] Resolved chip config alias megachip_tccontrol->megacore for 2093c6a02, 
I0828 01:52:02.807529    1304 xla_compilation_cache.cc:113] XLA compilation cache fetch for computation 'jit_zt_tr_dp_parallel_bwd_layer_13' (key 4f699cbb7252a85d) took 9.449059757s: PERSISTENT_FETCH
I0828 01:52:04.996231    3069 server_lib.cc:1855] Attempting to load component jit_zt_tr_dp_parallel_bwd_layer_12.1570370967876935239 @ 0 at worker after 1.404891ms (proto size 3270)
I0828 01:52:14.432183    1304 tpu_chip_config.cc:367] Resolved chip config alias megachip_tccontrol->megacore for 2093c6a02, 
I0828 01:52:14.439417    1304 tpu_chip_config.cc:367] Resolved chip config alias megachip_tccontrol->megacore for 2093c6a02, 
I0828 01:52:14.462306    1304 xla_compilation_cache.cc:113] XLA compilation cache fetch for computation 'jit_zt_tr_dp_parallel_bwd_layer_12' (key f7a693a1f6ef70a9) took 9.466086941s: PERSISTENT_FETCH
I0828 01:52:16.648083    3069 server_lib.cc:1855] Attempting to load component jit_zt_tr_dp_parallel_bwd_layer_11.8339433792461640269 @ 0 at worker after 1.516818ms (proto size 3270)
I0828 01:52:25.883202    1304 tpu_chip_config.cc:367] Resolved chip config alias megachip_tccontrol->megacore for 2093c6a02, 
I0828 01:52:25.890294    1304 tpu_chip_config.cc:367] Resolved chip config alias megachip_tccontrol->megacore for 2093c6a02, 
I0828 01:52:25.913416    1304 xla_compilation_cache.cc:113] XLA compilation cache fetch for computation 'jit_zt_tr_dp_parallel_bwd_layer_11' (key 4bbd0e9796f7cc3a) took 9.265346742s: PERSISTENT_FETCH
I0828 01:52:28.117552    3069 server_lib.cc:1855] Attempting to load component jit_zt_tr_dp_parallel_bwd_layer_10.1570370967876932340 @ 0 at worker after 1.387467ms (proto size 3270)
I0828 01:52:37.549175    1304 tpu_chip_config.cc:367] Resolved chip config alias megachip_tccontrol->megacore for 2093c6a02, 
I0828 01:52:37.556087    1304 tpu_chip_config.cc:367] Resolved chip config alias megachip_tccontrol->megacore for 2093c6a02, 
I0828 01:52:37.578598    1304 xla_compilation_cache.cc:113] XLA compilation cache fetch for computation 'jit_zt_tr_dp_parallel_bwd_layer_10' (key 3f06daa512e80063) took 9.461058069s: PERSISTENT_FETCH
I0828 01:52:39.785541    3069 server_lib.cc:1855] Attempting to load component jit_zt_tr_dp_parallel_bwd_layer_09.8339433792461643342 @ 0 at worker after 1.52491ms (proto size 3270)
I0828 01:52:49.372951    1304 tpu_chip_config.cc:367] Resolved chip config alias megachip_tccontrol->megacore for 2093c6a02, 
I0828 01:52:49.380432    1304 tpu_chip_config.cc:367] Resolved chip config alias megachip_tccontrol->megacore for 2093c6a02, 
I0828 01:52:49.403189    1304 xla_compilation_cache.cc:113] XLA compilation cache fetch for computation 'jit_zt_tr_dp_parallel_bwd_layer_09' (key 687ddeb973d91e59) took 9.617658478s: PERSISTENT_FETCH
I0828 01:52:51.582407    3069 server_lib.cc:1855] Attempting to load component jit_zt_tr_dp_parallel_bwd_layer_08.1570370967876933537 @ 0 at worker after 1.72088ms (proto size 3270)
I0828 01:53:00.960071    1304 tpu_chip_config.cc:367] Resolved chip config alias megachip_tccontrol->megacore for 2093c6a02, 
I0828 01:53:00.967168    1304 tpu_chip_config.cc:367] Resolved chip config alias megachip_tccontrol->megacore for 2093c6a02, 
I0828 01:53:00.989718    1304 xla_compilation_cache.cc:113] XLA compilation cache fetch for computation 'jit_zt_tr_dp_parallel_bwd_layer_08' (key be40b1b3e9408510) took 9.407351352s: PERSISTENT_FETCH
I0828 01:53:03.147584    3069 server_lib.cc:1855] Attempting to load component jit_zt_tr_dp_parallel_bwd_layer_07.8339433792461642319 @ 0 at worker after 1.645886ms (proto size 3270)
I0828 01:53:12.555511    1304 tpu_chip_config.cc:367] Resolved chip config alias megachip_tccontrol->megacore for 2093c6a02, 
I0828 01:53:12.562602    1304 tpu_chip_config.cc:367] Resolved chip config alias megachip_tccontrol->megacore for 2093c6a02, 
I0828 01:53:12.584990    1304 xla_compilation_cache.cc:113] XLA compilation cache fetch for computation 'jit_zt_tr_dp_parallel_bwd_layer_07' (key f3641a8ad6cffb22) took 9.437416969s: PERSISTENT_FETCH
I0828 01:53:14.833187    3069 server_lib.cc:1855] Attempting to load component jit_zt_tr_dp_parallel_bwd_layer_06.1570370967876934734 @ 0 at worker after 1.325962ms (proto size 3270)
I0828 01:53:24.199699    1304 tpu_chip_config.cc:367] Resolved chip config alias megachip_tccontrol->megacore for 2093c6a02, 
I0828 01:53:24.206611    1304 tpu_chip_config.cc:367] Resolved chip config alias megachip_tccontrol->megacore for 2093c6a02, 
I0828 01:53:24.229116    1304 xla_compilation_cache.cc:113] XLA compilation cache fetch for computation 'jit_zt_tr_dp_parallel_bwd_layer_06' (key 19a08eba3b3ca786) took 9.395941s: PERSISTENT_FETCH
I0828 01:53:26.444118    3069 server_lib.cc:1855] Attempting to load component jit_zt_tr_dp_parallel_bwd_layer_05.8339433792461641296 @ 0 at worker after 1.638649ms (proto size 3270)
I0828 01:53:36.545552    1304 tpu_chip_config.cc:367] Resolved chip config alias megachip_tccontrol->megacore for 2093c6a02, 
I0828 01:53:36.552667    1304 tpu_chip_config.cc:367] Resolved chip config alias megachip_tccontrol->megacore for 2093c6a02, 
I0828 01:53:36.575186    1304 xla_compilation_cache.cc:113] XLA compilation cache fetch for computation 'jit_zt_tr_dp_parallel_bwd_layer_05' (key e9e6a44cfcee4be2) took 10.131079362s: PERSISTENT_FETCH
I0828 01:53:40.663369    3069 server_lib.cc:1855] Attempting to load component jit_zt_tr_dp_parallel_bwd_layer_04.1570370967876931835 @ 0 at worker after 1.584111ms (proto size 3270)
I0828 01:53:49.995144    1304 tpu_chip_config.cc:367] Resolved chip config alias megachip_tccontrol->megacore for 2093c6a02, 
I0828 01:53:50.002535    1304 tpu_chip_config.cc:367] Resolved chip config alias megachip_tccontrol->megacore for 2093c6a02, 
I0828 01:53:50.025005    1304 xla_compilation_cache.cc:113] XLA compilation cache fetch for computation 'jit_zt_tr_dp_parallel_bwd_layer_04' (key 7c956ccc0029eea7) took 9.361648739s: PERSISTENT_FETCH
I0828 01:53:52.225202    3069 server_lib.cc:1855] Attempting to load component jit_zt_tr_dp_parallel_bwd_layer_03.8339433792461640273 @ 0 at worker after 1.584453ms (proto size 3270)
I0828 01:54:01.230117    1304 tpu_chip_config.cc:367] Resolved chip config alias megachip_tccontrol->megacore for 2093c6a02, 
I0828 01:54:01.237216    1304 tpu_chip_config.cc:367] Resolved chip config alias megachip_tccontrol->megacore for 2093c6a02, 
I0828 01:54:01.259497    1304 xla_compilation_cache.cc:113] XLA compilation cache fetch for computation 'jit_zt_tr_dp_parallel_bwd_layer_03' (key 75a873986704e0d2) took 9.03430674s: PERSISTENT_FETCH
I0828 01:54:03.455095    3069 server_lib.cc:1855] Attempting to load component jit_zt_tr_dp_parallel_bwd_layer_02.1570370967876933032 @ 0 at worker after 1.472614ms (proto size 3270)
I0828 01:54:12.676019    1304 tpu_chip_config.cc:367] Resolved chip config alias megachip_tccontrol->megacore for 2093c6a02, 
I0828 01:54:12.683010    1304 tpu_chip_config.cc:367] Resolved chip config alias megachip_tccontrol->megacore for 2093c6a02, 
I0828 01:54:12.706159    1304 xla_compilation_cache.cc:113] XLA compilation cache fetch for computation 'jit_zt_tr_dp_parallel_bwd_layer_02' (key a904504c5ffabf92) took 9.251075323s: PERSISTENT_FETCH
I0828 01:54:14.902859    3069 server_lib.cc:1855] Attempting to load component jit_zt_tr_dp_parallel_bwd_layer_01.8339433792461643346 @ 0 at worker after 1.315732ms (proto size 3270)
I0828 01:54:24.854729    1304 tpu_chip_config.cc:367] Resolved chip config alias megachip_tccontrol->megacore for 2093c6a02, 
I0828 01:54:24.861932    1304 tpu_chip_config.cc:367] Resolved chip config alias megachip_tccontrol->megacore for 2093c6a02, 
I0828 01:54:24.884036    1304 xla_compilation_cache.cc:113] XLA compilation cache fetch for computation 'jit_zt_tr_dp_parallel_bwd_layer_01' (key 81c3dc4710230b18) took 9.981189522s: PERSISTENT_FETCH
I0828 01:54:27.071103    3069 server_lib.cc:1855] Attempting to load component jit_zt_tr_dp_parallel_bwd_layer_00.1570370967876934229 @ 0 at worker after 1.561833ms (proto size 3270)
I0828 01:54:36.337429    1304 tpu_chip_config.cc:367] Resolved chip config alias megachip_tccontrol->megacore for 2093c6a02, 
I0828 01:54:36.344603    1304 tpu_chip_config.cc:367] Resolved chip config alias megachip_tccontrol->megacore for 2093c6a02, 
I0828 01:54:36.360131    3069 server_lib.cc:1855] Attempting to load component jit_zt_tr_dp_parallel_bwd_embed.8339433792461642323 @ 0 at worker after 1.686817ms (proto size 2480)
I0828 01:54:36.366899    1304 xla_compilation_cache.cc:113] XLA compilation cache fetch for computation 'jit_zt_tr_dp_parallel_bwd_layer_00' (key cbf62b4748ec776b) took 9.295808258s: PERSISTENT_FETCH
I0828 01:54:37.730490    1305 tpu_chip_config.cc:367] Resolved chip config alias megachip_tccontrol->megacore for 2093c6a02, 
I0828 01:54:37.732641    1305 tpu_chip_config.cc:367] Resolved chip config alias megachip_tccontrol->megacore for 2093c6a02, 
I0828 01:54:37.734134    1305 xla_compilation_cache.cc:113] XLA compilation cache fetch for computation 'jit_zt_tr_dp_parallel_bwd_embed' (key 15f73fd1efc94b13) took 1.374012687s: PERSISTENT_FETCH
I0828 01:54:37.796275    3069 server_lib.cc:1855] Attempting to load component jit_zt_tr_grad_tree_start.1570370967876931729 @ 0 at worker after 1.796121ms (proto size 24458)
I0828 01:54:39.548445    1305 tpu_chip_config.cc:367] Resolved chip config alias megachip_tccontrol->megacore for 2093c6a02, 
I0828 01:54:39.551801    1305 tpu_chip_config.cc:367] Resolved chip config alias megachip_tccontrol->megacore for 2093c6a02, 
I0828 01:54:39.563161    1305 xla_compilation_cache.cc:113] XLA compilation cache fetch for computation 'jit_zt_tr_grad_tree_start' (key 75b764dbcc47a0ee) took 1.766897005s: PERSISTENT_FETCH
W0828 01:54:39.596950    1443 tpu_pjrt_client.cc:2349] PjRt execution dispatch was blocked for 1.523148ms because PjRt's max in-flight computation semaphore is full (limit: 32), which may negatively affect the performance
I0828 01:54:44.577047    1822 server_lib.cc:1855] Attempting to load component jit_zt_tr_grad_tree_add.4583327957303544057 @ 0 at worker after 10.978438ms (proto size 36142)
I0828 01:54:47.007363    1305 tpu_chip_config.cc:367] Resolved chip config alias megachip_tccontrol->megacore for 2093c6a02, 
I0828 01:54:47.010197    1305 tpu_chip_config.cc:367] Resolved chip config alias megachip_tccontrol->megacore for 2093c6a02, 
I0828 01:54:47.017344    1305 xla_compilation_cache.cc:113] XLA compilation cache fetch for computation 'jit_zt_tr_grad_tree_add' (key 65b2b6b61bdac38f) took 2.440309463s: PERSISTENT_FETCH
I0828 01:55:13.427812     723 server_lib.cc:1855] Attempting to load component jit_zt_tr_grad_assembly.4583327957303543568 @ 0 at worker after 4.110644ms (proto size 24454)
I0828 01:55:15.380196    1305 tpu_chip_config.cc:367] Resolved chip config alias megachip_tccontrol->megacore for 2093c6a02, 
I0828 01:55:15.383726    1305 tpu_chip_config.cc:367] Resolved chip config alias megachip_tccontrol->megacore for 2093c6a02, 
I0828 01:55:15.392350    1822 server_lib.cc:1855] Attempting to load component jit_equal.1570370967876934098 @ 0 at worker after 939.594us (proto size 2432)
I0828 01:55:15.395182    1305 xla_compilation_cache.cc:113] XLA compilation cache fetch for computation 'jit_zt_tr_grad_assembly' (key c931fade2a18f5c2) took 1.967382949s: PERSISTENT_FETCH
I0828 01:55:15.634512    1822 server_lib.cc:1855] Attempting to load component jit__reduce_all.4583327957303545319 @ 0 at worker after 877.5us (proto size 2407)
I0828 01:55:15.645695    1304 tpu_chip_config.cc:367] Resolved chip config alias megachip_tccontrol->megacore for 2093c6a02, 
I0828 01:55:15.647320    1304 tpu_chip_config.cc:367] Resolved chip config alias megachip_tccontrol->megacore for 2093c6a02, 
I0828 01:55:15.648121    1304 xla_compilation_cache.cc:113] XLA compilation cache fetch for computation 'jit_equal' (key 20f45ebefb1d7b86) took 255.80467ms: PERSISTENT_FETCH
I0828 01:55:15.865686    1305 tpu_chip_config.cc:367] Resolved chip config alias megachip_tccontrol->megacore for 2093c6a02, 
I0828 01:55:15.867319    1305 tpu_chip_config.cc:367] Resolved chip config alias megachip_tccontrol->megacore for 2093c6a02, 
I0828 01:55:15.868313    1305 xla_compilation_cache.cc:113] XLA compilation cache fetch for computation 'jit__reduce_all' (key 58205a87e3e347f2) took 233.812844ms: PERSISTENT_FETCH
I0828 01:55:16.433279    1816 server_lib.cc:1855] Attempting to load component jit_zt_tr_dp_parallel_bwd_adjoint.1570370967876935295 @ 0 at worker after 2.062256ms (proto size 25136)
I0828 01:55:19.722270    1305 tpu_chip_config.cc:367] Resolved chip config alias megachip_tccontrol->megacore for 2093c6a02, 
I0828 01:55:19.732676    1305 tpu_chip_config.cc:367] Resolved chip config alias megachip_tccontrol->megacore for 2093c6a02, 
I0828 01:55:19.739511    1305 xla_compilation_cache.cc:113] XLA compilation cache fetch for computation 'jit_zt_tr_dp_parallel_bwd_adjoint' (key 8071772276a28a6f) took 3.306245116s: PERSISTENT_FETCH
I0828 01:55:19.784040    1816 server_lib.cc:1855] Attempting to load component jit_count_nonzero.4583327957303542974 @ 0 at worker after 1.186043ms (proto size 2422)
I0828 01:55:20.170236    1305 tpu_chip_config.cc:367] Resolved chip config alias megachip_tccontrol->megacore for 2093c6a02, 
I0828 01:55:20.171986    1305 tpu_chip_config.cc:367] Resolved chip config alias megachip_tccontrol->megacore for 2093c6a02, 
I0828 01:55:20.172877    1305 xla_compilation_cache.cc:113] XLA compilation cache fetch for computation 'jit_count_nonzero' (key f24c2d415f35895f) took 388.847275ms: PERSISTENT_FETCH
I0828 01:55:21.660661     723 server_lib.cc:1855] Attempting to load component jit__gradient_diagnostics.1570370967876932396 @ 0 at worker after 2.048253ms (proto size 13466)
I0828 01:55:35.540346    1305 tpu_chip_config.cc:367] Resolved chip config alias megachip_tccontrol->megacore for 2093c6a02, 
I0828 01:55:35.563638    1305 tpu_chip_config.cc:367] Resolved chip config alias megachip_tccontrol->megacore for 2093c6a02, 
I0828 01:55:35.619447    1305 xla_compilation_cache.cc:113] XLA compilation cache fetch for computation 'jit__gradient_diagnostics' (key 74ba67ed680660ae) took 13.958797846s: PERSISTENT_FETCH
I0828 01:55:36.710619     723 server_lib.cc:1855] Attempting to load component jit_reduce_local.5931769989172991073 @ 0 at worker after 2.026739ms (proto size 23905)
I0828 01:56:19.741922     723 server_lib.cc:1855] Attempting to load component jit__gradient_finite_flags.15568662364271770406 @ 0 at worker after 1.612956ms (proto size 12246)
I0828 01:56:19.870328    1305 tpu_chip_config.cc:367] Resolved chip config alias megachip_tccontrol->megacore for 2093c6a02, 
I0828 01:56:19.914706    1305 tpu_chip_config.cc:367] Resolved chip config alias megachip_tccontrol->megacore for 2093c6a02, 
I0828 01:56:19.972329    1305 xla_compilation_cache.cc:113] XLA compilation cache fetch for computation 'jit_reduce_local' (key 7686b5619a3ef5b6) took 43.261722638s: PERSISTENT_FETCH
I0828 01:56:23.238991    1304 tpu_chip_config.cc:367] Resolved chip config alias megachip_tccontrol->megacore for 2093c6a02, 
I0828 01:56:23.246950    1304 tpu_chip_config.cc:367] Resolved chip config alias megachip_tccontrol->megacore for 2093c6a02, 
I0828 01:56:23.260517    1304 xla_compilation_cache.cc:113] XLA compilation cache fetch for computation 'jit__gradient_finite_flags' (key 5487cd548072e0de) took 3.518607546s: PERSISTENT_FETCH
I0828 01:56:23.516596    3051 server_lib.cc:1855] Attempting to load component jit_compare_local.4583327957303544725 @ 0 at worker after 1.527153ms (proto size 12226)
I0828 01:56:44.776304    1304 tpu_chip_config.cc:367] Resolved chip config alias megachip_tccontrol->megacore for 2093c6a02, 
I0828 01:56:44.786979    1304 tpu_chip_config.cc:367] Resolved chip config alias megachip_tccontrol->megacore for 2093c6a02, 
I0828 01:56:44.803818    1304 xla_compilation_cache.cc:113] XLA compilation cache fetch for computation 'jit_compare_local' (key 2356cac6126dff6f) took 21.287231606s: PERSISTENT_FETCH
I0828 01:56:44.904073     723 server_lib.cc:1855] Attempting to load component jit_count_nonzero.1570370967876933593 @ 0 at worker after 1.339144ms (proto size 2413)
I0828 01:56:45.248461    1304 tpu_chip_config.cc:367] Resolved chip config alias megachip_tccontrol->megacore for 2093c6a02, 
I0828 01:56:45.250067    1304 tpu_chip_config.cc:367] Resolved chip config alias megachip_tccontrol->megacore for 2093c6a02, 
I0828 01:56:45.250890    1304 xla_compilation_cache.cc:113] XLA compilation cache fetch for computation 'jit_count_nonzero' (key 75352af856727f54) took 346.826268ms: PERSISTENT_FETCH
I0828 01:56:45.278540     723 server_lib.cc:1855] Attempting to load component jit_count_nonzero.1182302940440489771 @ 0 at worker after 898.068us (proto size 2408)
I0828 01:56:45.489670    1304 tpu_chip_config.cc:367] Resolved chip config alias megachip_tccontrol->megacore for 2093c6a02, 
I0828 01:56:45.491168    1304 tpu_chip_config.cc:367] Resolved chip config alias megachip_tccontrol->megacore for 2093c6a02, 
I0828 01:56:45.491939    1304 xla_compilation_cache.cc:113] XLA compilation cache fetch for computation 'jit_count_nonzero' (key 4d8e2b72ff8d2bc3) took 213.406745ms: PERSISTENT_FETCH
I0828 01:56:45.521123     723 server_lib.cc:1855] Attempting to load component jit_count_nonzero.1570370967876934790 @ 0 at worker after 866.263us (proto size 2408)
I0828 01:56:45.742988    1304 tpu_chip_config.cc:367] Resolved chip config alias megachip_tccontrol->megacore for 2093c6a02, 
I0828 01:56:45.744454    1304 tpu_chip_config.cc:367] Resolved chip config alias megachip_tccontrol->megacore for 2093c6a02, 
I0828 01:56:45.745212    1304 xla_compilation_cache.cc:113] XLA compilation cache fetch for computation 'jit_count_nonzero' (key def88f80a22981ca) took 224.096731ms: PERSISTENT_FETCH
I0828 01:56:45.882983     723 server_lib.cc:1855] Attempting to load component jit_count_nonzero.1182302940440489590 @ 0 at worker after 1.000919ms (proto size 2415)
I0828 01:56:46.218673    1304 tpu_chip_config.cc:367] Resolved chip config alias megachip_tccontrol->megacore for 2093c6a02, 
I0828 01:56:46.220257    1304 tpu_chip_config.cc:367] Resolved chip config alias megachip_tccontrol->megacore for 2093c6a02, 
I0828 01:56:46.221119    1304 xla_compilation_cache.cc:113] XLA compilation cache fetch for computation 'jit_count_nonzero' (key e161f35162eb7e62) took 338.14289ms: PERSISTENT_FETCH
I0828 01:56:46.268768     723 server_lib.cc:1855] Attempting to load component jit_count_nonzero.1570370967876931891 @ 0 at worker after 1.126503ms (proto size 2415)
I0828 01:56:46.581972    1304 tpu_chip_config.cc:367] Resolved chip config alias megachip_tccontrol->megacore for 2093c6a02, 
I0828 01:56:46.583460    1304 tpu_chip_config.cc:367] Resolved chip config alias megachip_tccontrol->megacore for 2093c6a02, 
I0828 01:56:46.584245    1304 xla_compilation_cache.cc:113] XLA compilation cache fetch for computation 'jit_count_nonzero' (key 425026c19decb847) took 315.482932ms: PERSISTENT_FETCH
I0828 01:56:46.623470    3051 server_lib.cc:1855] Attempting to load component jit_count_nonzero.1182302940440489409 @ 0 at worker after 1.111075ms (proto size 2415)
I0828 01:56:46.968900    1304 tpu_chip_config.cc:367] Resolved chip config alias megachip_tccontrol->megacore for 2093c6a02, 
I0828 01:56:46.970525    1304 tpu_chip_config.cc:367] Resolved chip config alias megachip_tccontrol->megacore for 2093c6a02, 
I0828 01:56:46.971364    1304 xla_compilation_cache.cc:113] XLA compilation cache fetch for computation 'jit_count_nonzero' (key 316d29e9b2c76a8d) took 347.901963ms: PERSISTENT_FETCH
I0828 01:56:47.009415    3051 server_lib.cc:1855] Attempting to load component jit_count_nonzero.1570370967876933088 @ 0 at worker after 962.128us (proto size 2412)
I0828 01:56:47.305829    1304 tpu_chip_config.cc:367] Resolved chip config alias megachip_tccontrol->megacore for 2093c6a02, 
I0828 01:56:47.307416    1304 tpu_chip_config.cc:367] Resolved chip config alias megachip_tccontrol->megacore for 2093c6a02, 
I0828 01:56:47.308255    1304 xla_compilation_cache.cc:113] XLA compilation cache fetch for computation 'jit_count_nonzero' (key 952d9fe57c405bcb) took 298.848122ms: PERSISTENT_FETCH
I0828 01:56:47.512444    3051 server_lib.cc:1855] Attempting to load component jit_count_nonzero.1182302940440489228 @ 0 at worker after 1.080791ms (proto size 2412)
I0828 01:56:47.821259    1304 tpu_chip_config.cc:367] Resolved chip config alias megachip_tccontrol->megacore for 2093c6a02, 
I0828 01:56:47.822940    1304 tpu_chip_config.cc:367] Resolved chip config alias megachip_tccontrol->megacore for 2093c6a02, 
I0828 01:56:47.823843    1304 xla_compilation_cache.cc:113] XLA compilation cache fetch for computation 'jit_count_nonzero' (key 35cb0f8509347705) took 311.407921ms: PERSISTENT_FETCH
I0828 01:56:49.093839    2955 server_lib.cc:1855] Attempting to load component jit_count_nonzero.1570370967876934285 @ 0 at worker after 932.565us (proto size 2413)
I0828 01:56:49.423722    1304 tpu_chip_config.cc:367] Resolved chip config alias megachip_tccontrol->megacore for 2093c6a02, 
I0828 01:56:49.425520    1304 tpu_chip_config.cc:367] Resolved chip config alias megachip_tccontrol->megacore for 2093c6a02, 
I0828 01:56:49.426524    1304 xla_compilation_cache.cc:113] XLA compilation cache fetch for computation 'jit_count_nonzero' (key 268c10353c8a8b5d) took 332.699244ms: PERSISTENT_FETCH
I0828 01:56:50.839034    2955 server_lib.cc:1855] Attempting to load component jit__precomputed_gradient_scaled_step.1570370967876935482 @ 0 at worker after 2.642247ms (proto size 42454)
I0828 01:57:10.525680    1304 tpu_chip_config.cc:367] Resolved chip config alias megachip_tccontrol->megacore for 2093c6a02, 
I0828 01:57:10.559629    1304 tpu_chip_config.cc:367] Resolved chip config alias megachip_tccontrol->megacore for 2093c6a02, 
I0828 01:57:10.617918    1304 xla_compilation_cache.cc:113] XLA compilation cache fetch for computation 'jit__precomputed_gradient_scaled_step' (key 54fd99be6e3fd4c1) took 19.778897459s: PERSISTENT_FETCH
W0828 01:57:11.079091    1443 tpu_pjrt_client.cc:2349] PjRt execution dispatch was blocked for 1.878241ms because PjRt's max in-flight computation semaphore is full (limit: 32), which may negatively affect the performance
I0828 01:57:53.223642    2852 server_lib.cc:1855] Attempting to load component jit__precomputed_gradient_scaled_step.1572066981968337840 @ 0 at worker after 3.097464ms (proto size 42454)
I0828 01:58:13.185685    1304 tpu_chip_config.cc:367] Resolved chip config alias megachip_tccontrol->megacore for 2093c6a02, 
I0828 01:58:13.220222    1304 tpu_chip_config.cc:367] Resolved chip config alias megachip_tccontrol->megacore for 2093c6a02, 
I0828 01:58:13.279687    1304 xla_compilation_cache.cc:113] XLA compilation cache fetch for computation 'jit__precomputed_gradient_scaled_step' (key 74c3b6cf4cd93cc6) took 20.056060838s: PERSISTENT_FETCH
W0828 01:58:13.639572    1443 tpu_pjrt_client.cc:2349] PjRt execution dispatch was blocked for 1.283077ms because PjRt's max in-flight computation semaphore is full (limit: 32), which may negatively affect the performance
W0828 01:59:15.316649    1443 tpu_pjrt_client.cc:2349] PjRt execution dispatch was blocked for 76.644903ms because PjRt's max in-flight computation semaphore is full (limit: 32), which may negatively affect the performance
W0828 02:00:17.727349    1441 tpu_pjrt_client.cc:2349] PjRt execution dispatch was blocked for 105.350052ms because PjRt's max in-flight computation semaphore is full (limit: 32), which may negatively affect the performance
I0828 02:00:49.539554    2852 server_lib.cc:1855] Attempting to load component jit_scatter-add.4583327957303543239 @ 0 at worker after 1.030656ms (proto size 2472)
I0828 02:00:50.122942    1304 tpu_chip_config.cc:367] Resolved chip config alias megachip_tccontrol->megacore for 2093c6a02, 
I0828 02:00:50.124973    1304 tpu_chip_config.cc:367] Resolved chip config alias megachip_tccontrol->megacore for 2093c6a02, 
I0828 02:00:50.126254    1304 xla_compilation_cache.cc:113] XLA compilation cache fetch for computation 'jit_scatter-add' (key 66d2a83e67b04b98) took 586.717129ms: PERSISTENT_FETCH
I0828 02:00:51.507353    2964 server_lib.cc:1855] Attempting to load component jit_gather.4583327957303543740 @ 0 at worker after 865.211us (proto size 2430)
I0828 02:00:51.761577    1304 tpu_chip_config.cc:367] Resolved chip config alias megachip_tccontrol->megacore for 2093c6a02, 
I0828 02:00:51.763828    1304 tpu_chip_config.cc:367] Resolved chip config alias megachip_tccontrol->megacore for 2093c6a02, 
I0828 02:00:51.765080    1304 xla_compilation_cache.cc:113] XLA compilation cache fetch for computation 'jit_gather' (key 1c87c442e1b3bf4f) took 257.739358ms: PERSISTENT_FETCH
W0828 02:01:20.384676    1444 tpu_pjrt_client.cc:2349] PjRt execution dispatch was blocked for 75.251259ms because PjRt's max in-flight computation semaphore is full (limit: 32), which may negatively affect the performance
W0828 02:02:23.265536    1441 tpu_pjrt_client.cc:2349] PjRt execution dispatch was blocked for 97.25287ms because PjRt's max in-flight computation semaphore is full (limit: 32), which may negatively affect the performance
I0828 02:02:26.236973    2955 server_lib.cc:1855] Attempting to load component jit_scatter-add.1570370967876933498 @ 0 at worker after 1.137702ms (proto size 2472)
I0828 02:02:26.829674    1304 tpu_chip_config.cc:367] Resolved chip config alias megachip_tccontrol->megacore for 2093c6a02, 
I0828 02:02:26.831610    1304 tpu_chip_config.cc:367] Resolved chip config alias megachip_tccontrol->megacore for 2093c6a02, 
I0828 02:02:26.832859    1304 xla_compilation_cache.cc:113] XLA compilation cache fetch for computation 'jit_scatter-add' (key 20bb0b6e9e33abc7) took 595.901242ms: PERSISTENT_FETCH
I0828 02:02:28.336146    1816 server_lib.cc:1855] Attempting to load component jit_gather.1572066981968336227 @ 0 at worker after 929.207us (proto size 2430)
I0828 02:02:28.546869    1304 tpu_chip_config.cc:367] Resolved chip config alias megachip_tccontrol->megacore for 2093c6a02, 
I0828 02:02:28.548733    1304 tpu_chip_config.cc:367] Resolved chip config alias megachip_tccontrol->megacore for 2093c6a02, 
I0828 02:02:28.549677    1304 xla_compilation_cache.cc:113] XLA compilation cache fetch for computation 'jit_gather' (key 8d0a3f7c5a817808) took 213.54074ms: PERSISTENT_FETCH
W0828 02:03:26.032052    1442 tpu_pjrt_client.cc:2349] PjRt execution dispatch was blocked for 94.649347ms because PjRt's max in-flight computation semaphore is full (limit: 32), which may negatively affect the performance
I0828 02:03:38.445833    2957 server_lib.cc:1855] Attempting to load component jit_scatter-add.1570370967876932201 @ 0 at worker after 951.583us (proto size 2472)
I0828 02:03:39.021488    1304 tpu_chip_config.cc:367] Resolved chip config alias megachip_tccontrol->megacore for 2093c6a02, 
I0828 02:03:39.024184    1304 tpu_chip_config.cc:367] Resolved chip config alias megachip_tccontrol->megacore for 2093c6a02, 
I0828 02:03:39.025932    1304 xla_compilation_cache.cc:113] XLA compilation cache fetch for computation 'jit_scatter-add' (key 474663fa3e1753f6) took 580.111267ms: PERSISTENT_FETCH
I0828 02:03:40.480862    2964 server_lib.cc:1855] Attempting to load component jit_gather.1570370967876932363 @ 0 at worker after 938.122us (proto size 2430)
I0828 02:03:40.696257    1304 tpu_chip_config.cc:367] Resolved chip config alias megachip_tccontrol->megacore for 2093c6a02, 
I0828 02:03:40.698144    1304 tpu_chip_config.cc:367] Resolved chip config alias megachip_tccontrol->megacore for 2093c6a02, 
I0828 02:03:40.699089    1304 xla_compilation_cache.cc:113] XLA compilation cache fetch for computation 'jit_gather' (key 3f64800e653433d7) took 218.23726ms: PERSISTENT_FETCH
W0828 02:04:28.958704    1441 tpu_pjrt_client.cc:2349] PjRt execution dispatch was blocked for 80.370913ms because PjRt's max in-flight computation semaphore is full (limit: 32), which may negatively affect the performance
W0828 02:05:31.666347    1444 tpu_pjrt_client.cc:2349] PjRt execution dispatch was blocked for 85.811987ms because PjRt's max in-flight computation semaphore is full (limit: 32), which may negatively affect the performance
W0828 02:06:31.667285    1443 tpu_pjrt_client.cc:2349] PjRt execution dispatch was blocked for 8.600486ms because PjRt's max in-flight computation semaphore is full (limit: 32), which may negatively affect the performance
W0828 02:07:32.280746    1442 tpu_pjrt_client.cc:2349] PjRt execution dispatch was blocked for 63.290301ms because PjRt's max in-flight computation semaphore is full (limit: 32), which may negatively affect the performance
W0828 02:08:34.633328    1444 tpu_pjrt_client.cc:2349] PjRt execution dispatch was blocked for 92.349231ms because PjRt's max in-flight computation semaphore is full (limit: 32), which may negatively affect the performance
W0828 02:09:36.650160    1442 tpu_pjrt_client.cc:2349] PjRt execution dispatch was blocked for 78.494677ms because PjRt's max in-flight computation semaphore is full (limit: 32), which may negatively affect the performance
W0828 02:10:39.292687    1443 tpu_pjrt_client.cc:2349] PjRt execution dispatch was blocked for 69.516627ms because PjRt's max in-flight computation semaphore is full (limit: 32), which may negatively affect the performance
W0828 02:11:42.472953    1442 tpu_pjrt_client.cc:2349] PjRt execution dispatch was blocked for 73.472763ms because PjRt's max in-flight computation semaphore is full (limit: 32), which may negatively affect the performance
W0828 02:12:45.892338    1443 tpu_pjrt_client.cc:2349] PjRt execution dispatch was blocked for 74.913368ms because PjRt's max in-flight computation semaphore is full (limit: 32), which may negatively affect the performance
I0828 02:13:03.353169    2992 server_lib.cc:1855] Attempting to load component jit_scatter-add.8339433792461641142 @ 0 at worker after 957.292us (proto size 2472)
I0828 02:13:03.962296    1304 tpu_chip_config.cc:367] Resolved chip config alias megachip_tccontrol->megacore for 2093c6a02, 
I0828 02:13:03.964896    1304 tpu_chip_config.cc:367] Resolved chip config alias megachip_tccontrol->megacore for 2093c6a02, 
I0828 02:13:03.966682    1304 xla_compilation_cache.cc:113] XLA compilation cache fetch for computation 'jit_scatter-add' (key d70ded065449fd1b) took 613.526441ms: PERSISTENT_FETCH
I0828 02:13:05.401540    2992 server_lib.cc:1855] Attempting to load component jit_gather.8339433792461640480 @ 0 at worker after 958.13us (proto size 2430)
I0828 02:13:05.623316    1304 tpu_chip_config.cc:367] Resolved chip config alias megachip_tccontrol->megacore for 2093c6a02, 
I0828 02:13:05.625188    1304 tpu_chip_config.cc:367] Resolved chip config alias megachip_tccontrol->megacore for 2093c6a02, 
I0828 02:13:05.626148    1304 xla_compilation_cache.cc:113] XLA compilation cache fetch for computation 'jit_gather' (key 4b8e9298e525038d) took 224.619745ms: PERSISTENT_FETCH
W0828 02:13:49.255792    1442 tpu_pjrt_client.cc:2349] PjRt execution dispatch was blocked for 112.525502ms because PjRt's max in-flight computation semaphore is full (limit: 32), which may negatively affect the performance
W0828 02:14:51.471030    1443 tpu_pjrt_client.cc:2349] PjRt execution dispatch was blocked for 57.412873ms because PjRt's max in-flight computation semaphore is full (limit: 32), which may negatively affect the performance
W0828 02:15:53.617156    1443 tpu_pjrt_client.cc:2349] PjRt execution dispatch was blocked for 78.868254ms because PjRt's max in-flight computation semaphore is full (limit: 32), which may negatively affect the performance
W0828 02:16:53.849266    1444 tpu_pjrt_client.cc:2349] PjRt execution dispatch was blocked for 4.959743ms because PjRt's max in-flight computation semaphore is full (limit: 32), which may negatively affect the performance
W0828 02:17:53.868341    1443 tpu_pjrt_client.cc:2349] PjRt execution dispatch was blocked for 83.370276ms because PjRt's max in-flight computation semaphore is full (limit: 32), which may negatively affect the performance
I0828 02:18:11.955901    2992 server_lib.cc:1855] Attempting to load component jit_scatter-add.17587198313345265127 @ 0 at worker after 897.927us (proto size 2473)
I0828 02:18:12.555779    1304 tpu_chip_config.cc:367] Resolved chip config alias megachip_tccontrol->megacore for 2093c6a02, 
I0828 02:18:12.557721    1304 tpu_chip_config.cc:367] Resolved chip config alias megachip_tccontrol->megacore for 2093c6a02, 
I0828 02:18:12.558931    1304 xla_compilation_cache.cc:113] XLA compilation cache fetch for computation 'jit_scatter-add' (key 50aa3fc4483a3673) took 603.043724ms: PERSISTENT_FETCH
I0828 02:18:13.997223    2852 server_lib.cc:1855] Attempting to load component jit_gather.17587198313345264693 @ 0 at worker after 833.338us (proto size 2431)
I0828 02:18:14.227927    1304 tpu_chip_config.cc:367] Resolved chip config alias megachip_tccontrol->megacore for 2093c6a02, 
I0828 02:18:14.229791    1304 tpu_chip_config.cc:367] Resolved chip config alias megachip_tccontrol->megacore for 2093c6a02, 
I0828 02:18:14.230697    1304 xla_compilation_cache.cc:113] XLA compilation cache fetch for computation 'jit_gather' (key 1eedb9f25d01bc73) took 233.485317ms: PERSISTENT_FETCH
W0828 02:18:53.870812    1441 tpu_pjrt_client.cc:2349] PjRt execution dispatch was blocked for 2.870803ms because PjRt's max in-flight computation semaphore is full (limit: 32), which may negatively affect the performance
I0828 02:19:19.773769     723 server_lib.cc:1855] Attempting to load component jit_multiply.15568662364271771618 @ 0 at worker after 951.566us (proto size 2400)
I0828 02:19:20.007396    1304 tpu_chip_config.cc:367] Resolved chip config alias megachip_tccontrol->megacore for 2093c6a02, 
I0828 02:19:20.009263    1304 tpu_chip_config.cc:367] Resolved chip config alias megachip_tccontrol->megacore for 2093c6a02, 
I0828 02:19:20.010175    1304 xla_compilation_cache.cc:113] XLA compilation cache fetch for computation 'jit_multiply' (key ee6c6abb52d77351) took 236.420249ms: PERSISTENT_FETCH
I0828 02:19:22.952785    2955 server_lib.cc:1855] Attempting to load component jit_gather.17587198313345264063 @ 0 at worker after 1.065346ms (proto size 2435)
I0828 02:19:23.203588    1816 server_lib.cc:1855] Attempting to load component jit_broadcast_in_dim.15568662364271769526 @ 0 at worker after 861.048us (proto size 2431)
I0828 02:19:23.206709    1304 tpu_chip_config.cc:367] Resolved chip config alias megachip_tccontrol->megacore for 2093c6a02, 
I0828 02:19:23.208543    1304 tpu_chip_config.cc:367] Resolved chip config alias megachip_tccontrol->megacore for 2093c6a02, 
I0828 02:19:23.209700    1304 xla_compilation_cache.cc:113] XLA compilation cache fetch for computation 'jit_gather' (key 11bc803a3187003b) took 256.930719ms: PERSISTENT_FETCH
I0828 02:19:23.411145    1305 tpu_chip_config.cc:367] Resolved chip config alias megachip_tccontrol->megacore for 2093c6a02, 
I0828 02:19:23.412810    1305 tpu_chip_config.cc:367] Resolved chip config alias megachip_tccontrol->megacore for 2093c6a02, 
I0828 02:19:23.413607    1305 xla_compilation_cache.cc:113] XLA compilation cache fetch for computation 'jit_broadcast_in_dim' (key 7edb828916119f95) took 210.030476ms: PERSISTENT_FETCH
I0828 02:19:24.501462    3012 server_lib.cc:1855] Attempting to load component jit_maximum.17587198313345265268 @ 0 at worker after 843.894us (proto size 2398)
I0828 02:19:24.724532    1816 server_lib.cc:1855] Attempting to load component jit_true_divide.15568662364271770624 @ 0 at worker after 866.971us (proto size 2406)
I0828 02:19:24.733078    1305 tpu_chip_config.cc:367] Resolved chip config alias megachip_tccontrol->megacore for 2093c6a02, 
I0828 02:19:24.734835    1305 tpu_chip_config.cc:367] Resolved chip config alias megachip_tccontrol->megacore for 2093c6a02, 
I0828 02:19:24.735709    1305 xla_compilation_cache.cc:113] XLA compilation cache fetch for computation 'jit_maximum' (key fb0aaff3c1db8e4b) took 234.257811ms: PERSISTENT_FETCH
I0828 02:19:24.937295    3069 server_lib.cc:1855] Attempting to load component jit_multiply.17587198313345265240 @ 0 at worker after 976.175us (proto size 2430)
I0828 02:19:24.943794    1304 tpu_chip_config.cc:367] Resolved chip config alias megachip_tccontrol->megacore for 2093c6a02, 
I0828 02:19:24.945385    1304 tpu_chip_config.cc:367] Resolved chip config alias megachip_tccontrol->megacore for 2093c6a02, 
I0828 02:19:24.946206    1304 xla_compilation_cache.cc:113] XLA compilation cache fetch for computation 'jit_true_divide' (key a2b7f92efa599e43) took 221.682832ms: PERSISTENT_FETCH
I0828 02:19:25.219888    3012 server_lib.cc:1855] Attempting to load component jit_multiply.15568662364271769767 @ 0 at worker after 846.697us (proto size 2420)
I0828 02:19:25.227247    1305 tpu_chip_config.cc:367] Resolved chip config alias megachip_tccontrol->megacore for 2093c6a02, 
I0828 02:19:25.228803    1305 tpu_chip_config.cc:367] Resolved chip config alias megachip_tccontrol->megacore for 2093c6a02, 
I0828 02:19:25.229625    1305 xla_compilation_cache.cc:113] XLA compilation cache fetch for computation 'jit_multiply' (key 6eaf6267b36e4103) took 292.337129ms: PERSISTENT_FETCH
I0828 02:19:25.422021    3012 server_lib.cc:1855] Attempting to load component jit_multiply.17587198313345265219 @ 0 at worker after 902.194us (proto size 2420)
I0828 02:19:25.431091    1304 tpu_chip_config.cc:367] Resolved chip config alias megachip_tccontrol->megacore for 2093c6a02, 
I0828 02:19:25.432578    1304 tpu_chip_config.cc:367] Resolved chip config alias megachip_tccontrol->megacore for 2093c6a02, 
I0828 02:19:25.433343    1304 xla_compilation_cache.cc:113] XLA compilation cache fetch for computation 'jit_multiply' (key 80290ce002bc4c04) took 213.464493ms: PERSISTENT_FETCH
I0828 02:19:25.651233    3069 server_lib.cc:1855] Attempting to load component jit_multiply.15568662364271768910 @ 0 at worker after 996.508us (proto size 2434)
I0828 02:19:25.663286    1305 tpu_chip_config.cc:367] Resolved chip config alias megachip_tccontrol->megacore for 2093c6a02, 
I0828 02:19:25.664759    1305 tpu_chip_config.cc:367] Resolved chip config alias megachip_tccontrol->megacore for 2093c6a02, 
I0828 02:19:25.665547    1305 xla_compilation_cache.cc:113] XLA compilation cache fetch for computation 'jit_multiply' (key 9efcd5060f14cc31) took 243.535025ms: PERSISTENT_FETCH
I0828 02:19:25.862077    3069 server_lib.cc:1855] Attempting to load component jit_multiply.17587198313345265198 @ 0 at worker after 914.874us (proto size 2434)
I0828 02:19:25.870180    1304 tpu_chip_config.cc:367] Resolved chip config alias megachip_tccontrol->megacore for 2093c6a02, 
I0828 02:19:25.871779    1304 tpu_chip_config.cc:367] Resolved chip config alias megachip_tccontrol->megacore for 2093c6a02, 
I0828 02:19:25.872597    1304 xla_compilation_cache.cc:113] XLA compilation cache fetch for computation 'jit_multiply' (key 22dd78a1da219d4c) took 221.371096ms: PERSISTENT_FETCH
I0828 02:19:26.096600    2957 server_lib.cc:1855] Attempting to load component jit_multiply.15568662364271768053 @ 0 at worker after 907.723us (proto size 2434)
I0828 02:19:26.102026    1305 tpu_chip_config.cc:367] Resolved chip config alias megachip_tccontrol->megacore for 2093c6a02, 
I0828 02:19:26.103544    1305 tpu_chip_config.cc:367] Resolved chip config alias megachip_tccontrol->megacore for 2093c6a02, 
I0828 02:19:26.104350    1305 xla_compilation_cache.cc:113] XLA compilation cache fetch for computation 'jit_multiply' (key cc63cbf0445c72a8) took 242.280702ms: PERSISTENT_FETCH
I0828 02:19:26.334507    3012 server_lib.cc:1855] Attempting to load component jit_multiply.17587198313345265177 @ 0 at worker after 926.598us (proto size 2428)
I0828 02:19:26.336820    1304 tpu_chip_config.cc:367] Resolved chip config alias megachip_tccontrol->megacore for 2093c6a02, 
I0828 02:19:26.338291    1304 tpu_chip_config.cc:367] Resolved chip config alias megachip_tccontrol->megacore for 2093c6a02, 
I0828 02:19:26.339093    1304 xla_compilation_cache.cc:113] XLA compilation cache fetch for computation 'jit_multiply' (key 53d8628867305c69) took 242.501331ms: PERSISTENT_FETCH
I0828 02:19:26.604461    3069 server_lib.cc:1855] Attempting to load component jit_multiply.15568662364271771292 @ 0 at worker after 936.298us (proto size 2428)
I0828 02:19:26.614727    1305 tpu_chip_config.cc:367] Resolved chip config alias megachip_tccontrol->megacore for 2093c6a02, 
I0828 02:19:26.616247    1305 tpu_chip_config.cc:367] Resolved chip config alias megachip_tccontrol->megacore for 2093c6a02, 
I0828 02:19:26.617027    1305 xla_compilation_cache.cc:113] XLA compilation cache fetch for computation 'jit_multiply' (key e55c4ba2f923fd42) took 282.528546ms: PERSISTENT_FETCH
I0828 02:19:26.862193    1304 tpu_chip_config.cc:367] Resolved chip config alias megachip_tccontrol->megacore for 2093c6a02, 
I0828 02:19:26.863704    1304 tpu_chip_config.cc:367] Resolved chip config alias megachip_tccontrol->megacore for 2093c6a02, 
I0828 02:19:26.864479    1304 xla_compilation_cache.cc:113] XLA compilation cache fetch for computation 'jit_multiply' (key 9fe44011f549bb98) took 260.026113ms: PERSISTENT_FETCH
I0828 02:19:26.919454    2955 server_lib.cc:1855] Attempting to load component jit_multiply.17587198313345265156 @ 0 at worker after 993.507us (proto size 2430)
I0828 02:19:27.195045    1304 tpu_chip_config.cc:367] Resolved chip config alias megachip_tccontrol->megacore for 2093c6a02, 
I0828 02:19:27.196613    1304 tpu_chip_config.cc:367] Resolved chip config alias megachip_tccontrol->megacore for 2093c6a02, 
I0828 02:19:27.197411    1304 xla_compilation_cache.cc:113] XLA compilation cache fetch for computation 'jit_multiply' (key 84fd6c128ec4928d) took 277.966154ms: PERSISTENT_FETCH
I0828 02:19:28.657843    2955 server_lib.cc:1855] Attempting to load component jit_tree_numeric_stats.15568662364271770435 @ 0 at worker after 1.836652ms (proto size 12357)
I0828 02:19:45.358315    1304 tpu_chip_config.cc:367] Resolved chip config alias megachip_tccontrol->megacore for 2093c6a02, 
I0828 02:19:45.382930    1304 tpu_chip_config.cc:367] Resolved chip config alias megachip_tccontrol->megacore for 2093c6a02, 
I0828 02:19:45.442777    1304 xla_compilation_cache.cc:113] XLA compilation cache fetch for computation 'jit_tree_numeric_stats' (key ca3908749e191443) took 16.78494524s: PERSISTENT_FETCH
I0828 02:19:52.920283    2955 server_lib.cc:1855] Attempting to load component jit__precomputed_gradient_commit.1572066981968336390 @ 0 at worker after 4.608874ms (proto size 109965)
I0828 02:20:58.807010    1304 tpu_chip_config.cc:367] Resolved chip config alias megachip_tccontrol->megacore for 2093c6a02, 
I0828 02:20:58.880064    1304 tpu_chip_config.cc:367] Resolved chip config alias megachip_tccontrol->megacore for 2093c6a02, 
I0828 02:20:59.042330    1304 xla_compilation_cache.cc:113] XLA compilation cache fetch for computation 'jit__precomputed_gradient_commit' (key e0d85ba8bfad5106) took 1m6.12206444s: PERSISTENT_FETCH
I0828 02:24:32.457966    5547 server_lib.cc:1855] Attempting to load component jit__allocate.17587198313345265065 @ 0 at worker after 1.580797ms (proto size 2405)
I0828 02:24:32.521224    1304 tpu_chip_config.cc:367] Resolved chip config alias megachip_tccontrol->megacore for 2093c6a02, 
I0828 02:24:32.523019    1304 tpu_chip_config.cc:367] Resolved chip config alias megachip_tccontrol->megacore for 2093c6a02, 
I0828 02:24:32.523923    1304 xla_compilation_cache.cc:113] XLA compilation cache fetch for computation 'jit__allocate' (key 44c937081d7ee1dc) took 65.971813ms: PERSISTENT_FETCH
I0828 02:24:34.363585     757 worker_op_dispatcher.cc:4605] Component is not loaded yet; deferring unload until load completes: jit__allocate.17587198313345265065 @ 0
I0828 02:24:34.363642    1499 server_lib.cc:743] Unloading component jit__allocate.17587198313345265065 @ 0 at worker
W0828 02:30:26.709402    1443 tpu_pjrt_client.cc:2349] PjRt execution dispatch was blocked for 4.736493ms because PjRt's max in-flight computation semaphore is full (limit: 32), which may negatively affect the performance
W0828 02:31:26.712276    1443 tpu_pjrt_client.cc:2349] PjRt execution dispatch was blocked for 8.5296ms because PjRt's max in-flight computation semaphore is full (limit: 32), which may negatively affect the performance
W0828 02:32:30.289066    1442 tpu_pjrt_client.cc:2349] PjRt execution dispatch was blocked for 78.707534ms because PjRt's max in-flight computation semaphore is full (limit: 32), which may negatively affect the performance
W0828 02:33:31.609641    1444 tpu_pjrt_client.cc:2349] PjRt execution dispatch was blocked for 95.929356ms because PjRt's max in-flight computation semaphore is full (limit: 32), which may negatively affect the performance
W0828 02:34:33.664478    1443 tpu_pjrt_client.cc:2349] PjRt execution dispatch was blocked for 61.863637ms because PjRt's max in-flight computation semaphore is full (limit: 32), which may negatively affect the performance
W0828 02:35:35.695363    1441 tpu_pjrt_client.cc:2349] PjRt execution dispatch was blocked for 78.287226ms because PjRt's max in-flight computation semaphore is full (limit: 32), which may negatively affect the performance
W0828 02:36:38.137496    1443 tpu_pjrt_client.cc:2349] PjRt execution dispatch was blocked for 84.653782ms because PjRt's max in-flight computation semaphore is full (limit: 32), which may negatively affect the performance
W0828 02:37:38.137767    1442 tpu_pjrt_client.cc:2349] PjRt execution dispatch was blocked for 8.262ms because PjRt's max in-flight computation semaphore is full (limit: 32), which may negatively affect the performance
W0828 02:38:42.013564    1441 tpu_pjrt_client.cc:2349] PjRt execution dispatch was blocked for 65.488406ms because PjRt's max in-flight computation semaphore is full (limit: 32), which may negatively affect the performance
W0828 02:39:42.019331    1441 tpu_pjrt_client.cc:2349] PjRt execution dispatch was blocked for 8.251988ms because PjRt's max in-flight computation semaphore is full (limit: 32), which may negatively affect the performance
W0828 02:40:42.791722    1443 tpu_pjrt_client.cc:2349] PjRt execution dispatch was blocked for 84.830096ms because PjRt's max in-flight computation semaphore is full (limit: 32), which may negatively affect the performance
W0828 02:41:45.652414    1441 tpu_pjrt_client.cc:2349] PjRt execution dispatch was blocked for 92.865508ms because PjRt's max in-flight computation semaphore is full (limit: 32), which may negatively affect the performance
W0828 02:42:46.170305    1444 tpu_pjrt_client.cc:2349] PjRt execution dispatch was blocked for 2.90516ms because PjRt's max in-flight computation semaphore is full (limit: 32), which may negatively affect the performance
W0828 02:43:46.862533    1442 tpu_pjrt_client.cc:2349] PjRt execution dispatch was blocked for 51.669303ms because PjRt's max in-flight computation semaphore is full (limit: 32), which may negatively affect the performance
W0828 02:44:49.519221    1442 tpu_pjrt_client.cc:2349] PjRt execution dispatch was blocked for 52.676563ms because PjRt's max in-flight computation semaphore is full (limit: 32), which may negatively affect the performance
W0828 02:45:51.803868    1442 tpu_pjrt_client.cc:2349] PjRt execution dispatch was blocked for 81.830693ms because PjRt's max in-flight computation semaphore is full (limit: 32), which may negatively affect the performance
W0828 02:46:51.985786    1443 tpu_pjrt_client.cc:2349] PjRt execution dispatch was blocked for 2.399621ms because PjRt's max in-flight computation semaphore is full (limit: 32), which may negatively affect the performance
W0828 02:47:53.252559    1442 tpu_pjrt_client.cc:2349] PjRt execution dispatch was blocked for 100.595211ms because PjRt's max in-flight computation semaphore is full (limit: 32), which may negatively affect the performance
W0828 02:48:55.985782    1442 tpu_pjrt_client.cc:2349] PjRt execution dispatch was blocked for 105.63514ms because PjRt's max in-flight computation semaphore is full (limit: 32), which may negatively affect the performance
W0828 02:49:58.430081    1442 tpu_pjrt_client.cc:2349] PjRt execution dispatch was blocked for 87.91228ms because PjRt's max in-flight computation semaphore is full (limit: 32), which may negatively affect the performance
W0828 02:51:00.226183    1442 tpu_pjrt_client.cc:2349] PjRt execution dispatch was blocked for 74.067773ms because PjRt's max in-flight computation semaphore is full (limit: 32), which may negatively affect the performance
W0828 02:52:03.427134    1442 tpu_pjrt_client.cc:2349] PjRt execution dispatch was blocked for 97.957313ms because PjRt's max in-flight computation semaphore is full (limit: 32), which may negatively affect the performance
W0828 02:53:06.147540    1443 tpu_pjrt_client.cc:2349] PjRt execution dispatch was blocked for 82.107158ms because PjRt's max in-flight computation semaphore is full (limit: 32), which may negatively affect the performance
W0828 02:54:10.201197    1442 tpu_pjrt_client.cc:2349] PjRt execution dispatch was blocked for 81.610441ms because PjRt's max in-flight computation semaphore is full (limit: 32), which may negatively affect the performance
I0828 02:57:54.952521    5553 xla_compilation_cache.cc:113] XLA compilation cache fetch for computation 'jit__allocate' (key 44c937081d7ee1dc) took 2.793us: IN_MEMORY_HIT
I0828 02:57:54.952557    5553 server_lib.cc:1855] Attempting to load component jit__allocate.14729223411447289795 @ 0 at worker after 1.435654ms (proto size 2405)
I0828 02:57:56.901411     757 worker_op_dispatcher.cc:4605] Component is not loaded yet; deferring unload until load completes: jit__allocate.14729223411447289795 @ 0
I0828 02:57:56.901465    1507 server_lib.cc:743] Unloading component jit__allocate.14729223411447289795 @ 0 at worker
W0828 03:03:56.200295    1441 tpu_pjrt_client.cc:2349] PjRt execution dispatch was blocked for 2.677319ms because PjRt's max in-flight computation semaphore is full (limit: 32), which may negatively affect the performance
W0828 03:04:56.201891    1441 tpu_pjrt_client.cc:2349] PjRt execution dispatch was blocked for 8.133766ms because PjRt's max in-flight computation semaphore is full (limit: 32), which may negatively affect the performance
W0828 03:05:58.052336    1442 tpu_pjrt_client.cc:2349] PjRt execution dispatch was blocked for 63.662711ms because PjRt's max in-flight computation semaphore is full (limit: 32), which may negatively affect the performance
W0828 03:07:00.303860    1443 tpu_pjrt_client.cc:2349] PjRt execution dispatch was blocked for 69.917875ms because PjRt's max in-flight computation semaphore is full (limit: 32), which may negatively affect the performance
W0828 03:08:03.037571    1442 tpu_pjrt_client.cc:2349] PjRt execution dispatch was blocked for 95.764413ms because PjRt's max in-flight computation semaphore is full (limit: 32), which may negatively affect the performance
W0828 03:09:03.180006    1441 tpu_pjrt_client.cc:2349] PjRt execution dispatch was blocked for 5.334876ms because PjRt's max in-flight computation semaphore is full (limit: 32), which may negatively affect the performance
W0828 03:10:04.407678    1441 tpu_pjrt_client.cc:2349] PjRt execution dispatch was blocked for 69.407363ms because PjRt's max in-flight computation semaphore is full (limit: 32), which may negatively affect the performance
W0828 03:11:08.384166    1443 tpu_pjrt_client.cc:2349] PjRt execution dispatch was blocked for 93.652316ms because PjRt's max in-flight computation semaphore is full (limit: 32), which may negatively affect the performance
W0828 03:12:08.387165    1444 tpu_pjrt_client.cc:2349] PjRt execution dispatch was blocked for 8.027593ms because PjRt's max in-flight computation semaphore is full (limit: 32), which may negatively affect the performance
W0828 03:13:11.064298    1441 tpu_pjrt_client.cc:2349] PjRt execution dispatch was blocked for 50.079039ms because PjRt's max in-flight computation semaphore is full (limit: 32), which may negatively affect the performance
W0828 03:14:12.745362    1442 tpu_pjrt_client.cc:2349] PjRt execution dispatch was blocked for 51.263736ms because PjRt's max in-flight computation semaphore is full (limit: 32), which may negatively affect the performance
W0828 03:15:12.751527    1442 tpu_pjrt_client.cc:2349] PjRt execution dispatch was blocked for 7.977003ms because PjRt's max in-flight computation semaphore is full (limit: 32), which may negatively affect the performance
W0828 03:16:12.976339    1443 tpu_pjrt_client.cc:2349] PjRt execution dispatch was blocked for 86.992806ms because PjRt's max in-flight computation semaphore is full (limit: 32), which may negatively affect the performance
W0828 03:17:12.981061    1441 tpu_pjrt_client.cc:2349] PjRt execution dispatch was blocked for 8.361772ms because PjRt's max in-flight computation semaphore is full (limit: 32), which may negatively affect the performance
W0828 03:18:17.414809    1441 tpu_pjrt_client.cc:2349] PjRt execution dispatch was blocked for 97.717024ms because PjRt's max in-flight computation semaphore is full (limit: 32), which may negatively affect the performance
W0828 03:19:17.681316    1443 tpu_pjrt_client.cc:2349] PjRt execution dispatch was blocked for 3.48376ms because PjRt's max in-flight computation semaphore is full (limit: 32), which may negatively affect the performance
W0828 03:20:19.030062    1442 tpu_pjrt_client.cc:2349] PjRt execution dispatch was blocked for 86.029496ms because PjRt's max in-flight computation semaphore is full (limit: 32), which may negatively affect the performance
W0828 03:21:22.189190    1443 tpu_pjrt_client.cc:2349] PjRt execution dispatch was blocked for 85.541151ms because PjRt's max in-flight computation semaphore is full (limit: 32), which may negatively affect the performance
W0828 03:22:26.091739    1441 tpu_pjrt_client.cc:2349] PjRt execution dispatch was blocked for 70.432971ms because PjRt's max in-flight computation semaphore is full (limit: 32), which may negatively affect the performance
W0828 03:23:29.489965    1443 tpu_pjrt_client.cc:2349] PjRt execution dispatch was blocked for 81.99347ms because PjRt's max in-flight computation semaphore is full (limit: 32), which may negatively affect the performance
W0828 03:24:32.395446    1441 tpu_pjrt_client.cc:2349] PjRt execution dispatch was blocked for 106.926632ms because PjRt's max in-flight computation semaphore is full (limit: 32), which may negatively affect the performance
W0828 03:25:35.097338    1441 tpu_pjrt_client.cc:2349] PjRt execution dispatch was blocked for 85.065247ms because PjRt's max in-flight computation semaphore is full (limit: 32), which may negatively affect the performance
W0828 03:26:38.302834    1443 tpu_pjrt_client.cc:2349] PjRt execution dispatch was blocked for 61.035128ms because PjRt's max in-flight computation semaphore is full (limit: 32), which may negatively affect the performance
W0828 03:27:42.213561    1443 tpu_pjrt_client.cc:2349] PjRt execution dispatch was blocked for 69.382672ms because PjRt's max in-flight computation semaphore is full (limit: 32), which may negatively affect the performance
W0828 03:32:48.929751    1510 pipe_endpoint.cc:834] Client pipe canon-p57-fl-zero-f45w10-96544812-pathways-worker-0-2.canon-p57-fl-zero-f45w10-96544812:29000/worker_to_worker id=6881350489872115692: saw idle time 5.938763729s where timeout is 10s
W0828 03:32:49.929901    1507 pipe_endpoint.cc:834] Client pipe canon-p57-fl-zero-f45w10-96544812-pathways-worker-0-2.canon-p57-fl-zero-f45w10-96544812:29000/worker_to_worker id=6881350489872115692: saw idle time 6.938912175s where timeout is 10s
W0828 03:32:50.930046    1510 pipe_endpoint.cc:834] Client pipe canon-p57-fl-zero-f45w10-96544812-pathways-worker-0-2.canon-p57-fl-zero-f45w10-96544812:29000/worker_to_worker id=6881350489872115692: saw idle time 7.939054945s where timeout is 10s
I0828 03:32:51.915881     822 worker_message_distributor.cc:2308] Waiting for all peers to exit distributor_6408541556418313203_5
I0828 03:32:51.915902    7392 worker_message_distributor.cc:735] Waiting for outstanding sends 0 send thread LocalSender_at_6408541556418313203_5
I0828 03:32:51.915970     757 worker_message_distributor.cc:1073] Exiting send thread LocalSender_at_6408541556418313203_5
I0828 03:32:51.916009    7392 worker_message_distributor.cc:741] Finished shutdown send thread LocalSender_at_6408541556418313203_5
I0828 03:32:51.916030     822 worker_message_distributor.cc:2310] Waiting for all peers to exit done: finished within timeout=true distributor_6408541556418313203_5
E0828 03:32:51.916047     822 quick_restart.cc:19] Job cancelled due to 6408541556418313203 gke-tpu-3a97861b-1vp4 exiting [reported by ServerConfig{ job_info=JobInfo{ name=6408541556418313203 job_instance_id=6408541556418313203 task_index=13 num_tasks=16 addr=canon-p57-fl-zero-f45w10-96544812-pathways-worker-0-13.canon-p57-fl-zero-f45w10-96544812:29000 [hostname='gke-tpu-3a97861b-1vp4, bns_address='', resolved_address='canon-p57-fl-zero-f45w10-96544812-pathways-worker-0-13.canon-p57-fl-zero-f45w10-96544812:29000']} }] with error INTERNAL: Client pipe canon-p57-fl-zero-f45w10-96544812-pathways-worker-0-2.canon-p57-fl-zero-f45w10-96544812:29000/worker_to_worker id=14969354806911437370 broke with error: DEADLINE_EXCEEDED: lost connection to peer at http://machine/gke-tpu-3a97861b-qbx9/events#srcs=borg%2Bcoroner since 10.047667564s ago; this usually means that the peer has unexpectedly gone away (peer stopped sending messages since 2026-08-28T03:32:41.865463105+00:00; timeout is 10s and the current machine is http://machine/gke-tpu-3a97861b-1vp4/events#srcs=borg%2Bcoroner)
	Client pipe canon-p57-fl-zero-f45w10-96544812-pathways-worker-0-2.canon-p57-fl-zero-f45w10-96544812:29000/worker_to_worker id=14969354806911437370
=== Source Location Trace: === 
third_party/pathways/data_parallel/pipe.cc:307

=== Source Location Trace: ===
third_party/pathways/data_parallel/worker_message_distributor.cc:1842
 [ServerConfig{ job_info=JobInfo{ name=6408541556418313203 job_instance_id=6408541556418313203 task_index=5 num_tasks=16 addr=canon-p57-fl-zero-f45w10-96544812-pathways-worker-0-5.canon-p57-fl-zero-f45w10-96544812:29000 [hostname='gke-tpu-3a97861b-vg3h, bns_address='', resolved_address='canon-p57-fl-zero-f45w10-96544812-pathways-worker-0-5.canon-p57-fl-zero-f45w10-96544812:29000']} }]
F0828 03:32:51.916167     822 quick_restart.cc:40] Job cancelled due to 6408541556418313203 gke-tpu-3a97861b-1vp4 exiting [reported by ServerConfig{ job_info=JobInfo{ name=6408541556418313203 job_instance_id=6408541556418313203 task_index=13 num_tasks=16 addr=canon-p57-fl-zero-f45w10-96544812-pathways-worker-0-13.canon-p57-fl-zero-f45w10-96544812:29000 [hostname='gke-tpu-3a97861b-1vp4, bns_address='', resolved_address='canon-p57-fl-zero-f45w10-96544812-pathways-worker-0-13.canon-p57-fl-zero-f45w10-96544812:29000']} }] with error INTERNAL: Client pipe canon-p57-fl-zero-f45w10-96544812-pathways-worker-0-2.canon-p57-fl-zero-f45w10-96544812:29000/worker_to_worker id=14969354806911437370 broke with error: DEADLINE_EXCEEDED: lost connection to peer at http://machine/gke-tpu-3a97861b-qbx9/events#srcs=borg%2Bcoroner since 10.047667564s ago; this usually means that the peer has unexpectedly gone away (peer stopped sending messages since 2026-08-28T03:32:41.865463105+00:00; timeout is 10s and the current machine is http://machine/gke-tpu-3a97861b-1vp4/events#srcs=borg%2Bcoroner)
	Client pipe canon-p57-fl-zero-f45w10-96544812-pathways-worker-0-2.canon-p57-fl-zero-f45w10-96544812:29000/worker_to_worker id=14969354806911437370
=== Source Location Trace: === 
third_party/pathways/data_parallel/pipe.cc:307

=== Source Location Trace: ===
third_party/pathways/data_parallel/worker_message_distributor.cc:1842
 [ServerConfig{ job_info=JobInfo{ name=6408541556418313203 job_instance_id=6408541556418313203 task_index=5 num_tasks=16 addr=canon-p57-fl-zero-f45w10-96544812-pathways-worker-0-5.canon-p57-fl-zero-f45w10-96544812:29000 [hostname='gke-tpu-3a97861b-vg3h, bns_address='', resolved_address='canon-p57-fl-zero-f45w10-96544812-pathways-worker-0-5.canon-p57-fl-zero-f45w10-96544812:29000']} }] (Quick-restart requested but unsupported in Cloud/OSS.)
