WARNING: Logging before InitGoogle() is written to STDERR
W0000 00:00:1787879823.894213       1 override_grpc_credentials_real.cc:57] Registering MLPathways gRPC credentials override 'grpc_insecure_override'
I0000 00:00:1787879823.896687       1 pipe_transport_registry.cc:30] Registering pipe transport grpc
I0828 01:17:03.916121       1 b295d63588a.cc:788] Linux version 6.12.85+ (builder@535ef2dedada) (Chromium OS 17.0_pre498229-r33 clang version 17.0.0 (/mnt/host/source/src/third_party/llvm-project 14f0776550b5a49e1c42f49a00213f7f3fa047bf), LLD 17.0.0) #1 SMP Mon May 11 07:53:24 UTC 2026
I0828 01:17:03.916410       1 b295d63588a.cc:872] Process id 1
I0828 01:17:03.916431       1 b295d63588a.cc:878] Current working directory /
I0828 01:17:03.916433       1 b295d63588a.cc:881] Current timezone is UTC (currently UTC +00:00)
I0828 01:17:03.916436       1 b295d63588a.cc:886] Built on Jul 30 2026 03:19:54 (1785406794)
I0828 01:17:03.916437       1 b295d63588a.cc:887]  at rbex-enqueue-targets@jgik3.prod.google.com:/google/src/cloud/buildrabbit-username/buildrabbit-client/g3     
I0828 01:17:03.916439       1 b295d63588a.cc:888]  as 
I0828 01:17:03.916440       1 b295d63588a.cc:889]  for gcc-4.X.Y-crosstool-v18-llvm-grtev4-k8.k8
I0828 01:17:03.916447       1 b295d63588a.cc:892]  from changelist 956357083 with baseline 956357083 in a mint client based on __ar56t/g3     
I0828 01:17:03.916454       1 b295d63588a.cc:896] Build label: cloud_pathways.runtime_20260730_0_RC00
I0828 01:17:03.916460       1 b295d63588a.cc:898] Build tool: Bazel, release r4rca-2026.07.27-2 (mainline @954306043)
I0828 01:17:03.916462       1 b295d63588a.cc:899] Build target: 
I0828 01:17:03.916470       1 b295d63588a.cc:907] Command line arguments:
I0828 01:17:03.916471       1 b295d63588a.cc:909] argv[0]: '/usr/pathways/run/cloud_pathways_server_sanitized'
I0828 01:17:03.916474       1 b295d63588a.cc:909] argv[1]: '--server_port=29000'
I0828 01:17:03.916476       1 b295d63588a.cc:909] argv[2]: '--resource_manager_address=canon-p57-fl-zero-f45w10-96544812-pathways-head-0-0.canon-p57-fl-zero-f45w10-96544812:29001'
I0828 01:17:03.916478       1 b295d63588a.cc:909] argv[3]: '--node_type=worker'
I0828 01:17:03.916480       1 b295d63588a.cc:909] argv[4]: '--instance_type=tpuv5:4x4x4'
I0828 01:17:03.916666       1 init.cc:78] Remote crash gathering hook installed.
I0828 01:17:03.916712       1 tpu_runtime_type_flags.cc:78] --tpu_use_tfrt not specified. Using default value: true
I0828 01:17:03.917154       1 host_command_handler_factory.cc:31] Skipping registration of host command handler for opcode Log because it is not in the allowlist.
I0828 01:17:03.917343       1 tpu_hal.cc:467] Registered plugin from module: megascale_sync_flag_logger
I0828 01:17:03.919924       1 tpu_hal.cc:467] Registered plugin from module: RuntimeMetricHelper
I0828 01:17:03.935194       1 logger.cc:308] Enabling threaded logging for severity WARNING
I0828 01:17:03.935232       1 tpu_hal.cc:467] Registered plugin from module: sdc_checker_callback
I0828 01:17:03.935461       1 mlock.cc:220] mlock()-ed 4096 bytes for BuildID, using 1 syscalls.
I0828 01:17:03.935706       1 cloud_config_util.cc:53] STARTUP: argv[0]: /usr/pathways/run/cloud_pathways_server_sanitized$
I0828 01:17:03.935714       1 cloud_config_util.cc:57] STARTUP: env: PATH=/bin$
I0828 01:17:03.935716       1 cloud_config_util.cc:57] STARTUP: env: HOSTNAME=gke-tpu-3a97861b-rf71$
I0828 01:17:03.935717       1 cloud_config_util.cc:57] STARTUP: env: LD_LIBRARY_PATH=/usr/grte/v5/lib64/:/usr/pathways/run/$
I0828 01:17:03.935718       1 cloud_config_util.cc:57] STARTUP: env: PATHWAYS_UNSAFE_UNSAFE_OVERRIDE_GRPC_CREDENTIALS=grpc_insecure_override$
I0828 01:17:03.935719       1 cloud_config_util.cc:57] STARTUP: env: TPU_STDERR_LOG_LEVEL=0$
I0828 01:17:03.935720       1 cloud_config_util.cc:57] STARTUP: env: TPU_HOST_BOUNDS=2,2,4$
I0828 01:17:03.935721       1 cloud_config_util.cc:57] STARTUP: env: TPU_TOPOLOGY_WRAP=true,true,true$
I0828 01:17:03.935722       1 cloud_config_util.cc:57] STARTUP: env: VBAR_CONTROL_SERVICE_URL=unix:///var/run/tpu-plugin/vbar.sock$
I0828 01:17:03.935723       1 cloud_config_util.cc:57] STARTUP: env: TPU_SKIP_MDS_QUERY=true$
I0828 01:17:03.935724       1 cloud_config_util.cc:57] STARTUP: env: CHIPS_PER_HOST_BOUNDS=2,2,1$
I0828 01:17:03.935725       1 cloud_config_util.cc:57] STARTUP: env: HOST_BOUNDS=2,2,4$
I0828 01:17:03.935726       1 cloud_config_util.cc:57] STARTUP: env: WRAP=true,true,true$
I0828 01:17:03.935727       1 cloud_config_util.cc:57] STARTUP: env: ENABLE_ICI_RESILIENCY=true$
I0828 01:17:03.935728       1 cloud_config_util.cc:57] STARTUP: env: ALT=false$
I0828 01:17:03.935729       1 cloud_config_util.cc:57] STARTUP: env: TPU_TOPOLOGY_ALT=false$
I0828 01:17:03.935730       1 cloud_config_util.cc:57] STARTUP: env: TPU_ACCELERATOR_TYPE=v5p-128$
I0828 01:17:03.935731       1 cloud_config_util.cc:57] STARTUP: env: TPU_TOPOLOGY=4x4x4$
I0828 01:17:03.935732       1 cloud_config_util.cc:57] STARTUP: env: TPU_CHIPS_PER_HOST_BOUNDS=2,2,1$
I0828 01:17:03.935733       1 cloud_config_util.cc:57] STARTUP: env: TPU_RUNTIME_METRICS_PORTS=8431,8432,8433,8434$
I0828 01:17:03.935734       1 cloud_config_util.cc:57] STARTUP: env: XCLOUD_ENVIRONMENT=GCP$
I0828 01:17:03.935736       1 cloud_config_util.cc:57] STARTUP: env: MEGASCALE_GRPC_ENABLE_XOR_TRACER=false$
I0828 01:17:03.935737       1 cloud_config_util.cc:57] STARTUP: env: TPU_WORKER_HOSTNAMES=canon-p57-fl-zero-f45w10-96544812-pathways-worker-0-0.canon-p57-fl-zero-f45w10-96544812,canon-p57-fl-zero-f45w10-96544812-pathways-worker-0-1.canon-p57-fl-zero-f45w10-96544812,canon-p57-fl-zero-f45w10-96544812-pathways-worker-0-2.canon-p57-fl-zero-f45w10-96544812,canon-p57-fl-zero-f45w10-96544812-pathways-worker-0-3.canon-p57-fl-zero-f45w10-96544812,canon-p57-fl-zero-f45w10-96544812-pathways-worker-0-4.canon-p57-fl-zero-f45w10-96544812,canon-p57-fl-zero-f45w10-96544812-pathways-worker-0-5.canon-p57-fl-zero-f45w10-96544812,canon-p57-fl-zero-f45w10-96544812-pathways-worker-0-6.canon-p57-fl-zero-f45w10-96544812,canon-p57-fl-zero-f45w10-96544812-pathways-worker-0-7.canon-p57-fl-zero-f45w10-96544812,canon-p57-fl-zero-f45w10-96544812-pathways-worker-0-8.canon-p57-fl-zero-f45w10-96544812,canon-p57-fl-zero-f45w10-96544812-pathways-worker-0-9.canon-p57-fl-zero-f45w10-96544812,canon-p57-fl-zero-f45w10-96544812-pathways-worker-0-10.canon-p57-fl-zero-f45w10-96544812,canon-p57-fl-zero-f45w10-96544812-pathways-worker-0-11.canon-p57-fl-zero-f45w10-96544812,canon-p57-fl-zero-f45w10-96544812-pathways-worker-0-12.canon-p57-fl-zero-f45w10-96544812,canon-p57-fl-zero-f45w10-96544812-pathways-worker-0-13.canon-p57-fl-zero-f45w10-96544812,canon-p57-fl-zero-f45w10-96544812-pathways-worker-0-14.canon-p57-fl-zero-f45w10-96544812,canon-p57-fl-zero-f45w10-96544812-pathways-worker-0-15.canon-p57-fl-zero-f45w10-96544812$
I0828 01:17:03.935739       1 cloud_config_util.cc:57] STARTUP: env: JOB_COMPLETION_INDEX=1$
I0828 01:17:03.935740       1 cloud_config_util.cc:57] STARTUP: env: PATHWAYS_HEAD=canon-p57-fl-zero-f45w10-96544812-pathways-head-0-0.canon-p57-fl-zero-f45w10-96544812$
I0828 01:17:03.935742       1 cloud_config_util.cc:57] STARTUP: env: MEGASCALE_NUM_SLICES=1$
I0828 01:17:03.935743       1 cloud_config_util.cc:57] STARTUP: env: MEGASCALE_SLICE_ID=0$
I0828 01:17:03.935744       1 cloud_config_util.cc:57] STARTUP: env: XLA_PYTHON_CLIENT_MEM_FRACTION=0.9$
I0828 01:17:03.935745       1 cloud_config_util.cc:57] STARTUP: env: TF_CPP_MIN_LOG_LEVEL=0$
I0828 01:17:03.935746       1 cloud_config_util.cc:57] STARTUP: env: JOBSET_NAME=canon-p57-fl-zero-f45w10-96544812$
I0828 01:17:03.935748       1 cloud_config_util.cc:57] STARTUP: env: REPLICATED_JOB_NAME=pathways-worker$
I0828 01:17:03.935749       1 cloud_config_util.cc:57] STARTUP: env: MEGASCALE_COORDINATOR_ADDRESS=$
I0828 01:17:03.935754       1 cloud_config_util.cc:57] STARTUP: env: XLA_PYTHON_CLIENT_PREALLOCATE=true$
I0828 01:17:03.935755       1 cloud_config_util.cc:57] STARTUP: env: ENABLE_PATHWAYS_PERSISTENCE=1$
I0828 01:17:03.935756       1 cloud_config_util.cc:57] STARTUP: env: TPU_WORKER_ID=1$
I0828 01:17:03.935758       1 cloud_config_util.cc:57] STARTUP: env: TPU_MIN_LOG_LEVEL=0$
I0828 01:17:03.935759       1 cloud_config_util.cc:57] STARTUP: env: KIMI_K3_SERVICE_PORT_8000_TCP_PORT=8000$
I0828 01:17:03.935761       1 cloud_config_util.cc:57] STARTUP: env: KUBERNETES_SERVICE_PORT=443$
I0828 01:17:03.935762       1 cloud_config_util.cc:57] STARTUP: env: KUBERNETES_SERVICE_PORT_HTTPS=443$
I0828 01:17:03.935763       1 cloud_config_util.cc:57] STARTUP: env: KUBERNETES_PORT=tcp://34.118.224.1:443$
I0828 01:17:03.935765       1 cloud_config_util.cc:57] STARTUP: env: KUBERNETES_PORT_443_TCP_PROTO=tcp$
I0828 01:17:03.935766       1 cloud_config_util.cc:57] STARTUP: env: KIMI_K3_SERVICE_PORT_8000_TCP=tcp://34.118.236.245:8000$
I0828 01:17:03.935768       1 cloud_config_util.cc:57] STARTUP: env: KIMI_K3_SERVICE_PORT_8000_TCP_PROTO=tcp$
I0828 01:17:03.935769       1 cloud_config_util.cc:57] STARTUP: env: KUBERNETES_SERVICE_HOST=34.118.224.1$
I0828 01:17:03.935770       1 cloud_config_util.cc:57] STARTUP: env: KUBERNETES_PORT_443_TCP=tcp://34.118.224.1:443$
I0828 01:17:03.935771       1 cloud_config_util.cc:57] STARTUP: env: KIMI_K3_SERVICE_SERVICE_HOST=34.118.236.245$
I0828 01:17:03.935773       1 cloud_config_util.cc:57] STARTUP: env: KIMI_K3_SERVICE_SERVICE_PORT=8000$
I0828 01:17:03.935774       1 cloud_config_util.cc:57] STARTUP: env: KIMI_K3_SERVICE_SERVICE_PORT_HTTP_SERVING=8000$
I0828 01:17:03.935775       1 cloud_config_util.cc:57] STARTUP: env: KIMI_K3_SERVICE_PORT=tcp://34.118.236.245:8000$
I0828 01:17:03.935777       1 cloud_config_util.cc:57] STARTUP: env: KIMI_K3_SERVICE_PORT_8000_TCP_ADDR=34.118.236.245$
I0828 01:17:03.935778       1 cloud_config_util.cc:57] STARTUP: env: KUBERNETES_PORT_443_TCP_PORT=443$
I0828 01:17:03.935780       1 cloud_config_util.cc:57] STARTUP: env: KUBERNETES_PORT_443_TCP_ADDR=34.118.224.1$
I0828 01:17:03.935781       1 cloud_config_util.cc:57] STARTUP: env: HOME=/$
I0828 01:17:03.935783       1 cloud_config_util.cc:57] STARTUP: env: CLOUD_TPU_TASK_ID=1$
I0828 01:17:03.935784       1 cloud_config_util.cc:57] STARTUP: env: TPU_PREMAPPED_BUFFER_SIZE=4294967296$
I0828 01:17:03.935785       1 cloud_config_util.cc:57] STARTUP: env: CLOUD_TPU_ACCELERATOR_TYPE=v5p-128$
I0828 01:17:03.935787       1 cloud_config_util.cc:64] STARTUP: config: CloudWorkerAndRmConfig(gcs_scratch_location: , server_port: 29000, node_type: 0, resource_manager_address: dns:///canon-p57-fl-zero-f45w10-96544812-pathways-head-0-0.canon-p57-fl-zero-f45w10-96544812:29001, expected_instances: , tpu_pinned_host_allocation_recycle: 0, enable_gcs_olm: 1, temporary_flags_for_debugging: , chip_config_name: , tpu_premapped_buffer_size: 4294967296)
I0828 01:17:03.936323       1 pipe_transport_registry.cc:45] Determined pipe transport grpc
W0828 01:17:03.936349       1 override_grpc_credentials_real.cc:75] Using MLPathways gRPC server credentials override
I0828 01:17:03.936404       1 config.cc:265] gRPC experiments: xds_server_filter_chain_per_route:off; default-enabled: buffer_list_deletion_prep, cache_loas_context_in_connection_context, call_tracer_send_initial_metadata_is_an_annotation, callv3_batch_validation, callv3_census_client, callv3_census_server, census_global_family_cache, chaotic_good_framing_layer, chaotic_good_send_supported_features, custom_frame_check, directpath_rpc_header_sanitization_filter, event_engine_callback_cq, event_engine_client, event_engine_dns, event_engine_dns_non_client_channel, event_engine_listener, inproc_cancel_stream, message_size_refactoring, monitoring_experiment, optimization_01, optimization_02, optimization_03, optimization_04, ph2_perf_01, promise_batch_cleanup_on_cancel, promise_filter_send_cancel_metadata, subchannel_connection_scaling, tsi_frame_protector_without_locks, wildcard_ip_expansion_restriction
I0828 01:17:03.936513       1 httpserver2_cloud.cc:122] Attempting to start grpc service at [::]:29000
I0828 01:17:03.936613      30 monitoring.cc:47] Starting all registered TSL metrics exporters.
I0828 01:17:03.941220       1 httpserver2_cloud.cc:125] Started grpc service at [::]:29000
I0828 01:17:03.941231       1 pipe_grpc.cc:332] Pipe grpc server listening on [::]:29000
W0828 01:17:03.941235       1 pjrt_tpu_init.cc:65] worker_connected_callback is ignored.
W0828 01:17:03.941239       1 pjrt_tpu_init.cc:69] worker_disconnected_callback is ignored.
I0828 01:17:03.953423       1 device_util.cc:81] Found 4 TPU v5 chips.
I0828 01:17:03.953438       1 tpu_version_flag.cc:77] Using auto-detected TPU version TPU v5
I0828 01:17:03.954766       1 tpu_chip_config.cc:367] Resolved chip config alias megachip_tccontrol->megacore for 2093c6a02, 
I0828 01:17:03.955450       1 pending_event_logger.cc:964] Enabling PjRt/TPU event dependency logging.
I0828 01:17:03.956426     258 flags_util.cc:316] Using 8471 from --2a886c8_slice_builder_worker_port as SliceBuilder worker service port.
I0828 01:17:03.957110     258 tpu_network_factory.cc:62] tpunetd either not supported or disabled, falling back to Slice Builder
I0828 01:17:03.965686     258 init-domain.cc:132] Fiber init: default domain = futex, concurrency = 228, prefix = futex-default
I0828 01:17:04.706100     262 async_driver.cc:477] [/dev/vfio/1 tpu917:pe0:0] vf_id:0 Driver opened.
I0828 01:17:04.707103     264 async_driver.cc:477] [/dev/vfio/3 tpu917:pe0:3] vf_id:0 Driver opened.
I0828 01:17:04.708156     263 async_driver.cc:477] [/dev/vfio/2 tpu917:pe0:1] vf_id:0 Driver opened.
I0828 01:17:04.762159     260 futex.cc:71] RAW: Futex::Swap(): using GFUTEX_SWAP
I0828 01:17:04.764811     264 tpu_vxc_driver.cc:935] Throttled firmware queue size configured to 223(Firmware queue size: 256, leaving 32 for misc purposes).
I0828 01:17:04.765036     262 tpu_vxc_driver.cc:935] Throttled firmware queue size configured to 223(Firmware queue size: 256, leaving 32 for misc purposes).
I0828 01:17:04.765180     263 tpu_vxc_driver.cc:935] Throttled firmware queue size configured to 223(Firmware queue size: 256, leaving 32 for misc purposes).
I0828 01:17:04.773241     262 async_driver.cc:1858] All cores supported.
I0828 01:17:04.773383     264 async_driver.cc:1858] All cores supported.
I0828 01:17:04.774260     263 async_driver.cc:1858] All cores supported.
I0828 01:17:04.777836     261 async_driver.cc:477] [/dev/vfio/0 tpu917:pe0:2] vf_id:0 Driver opened.
I0828 01:17:04.799583     261 tpu_vxc_driver.cc:935] Throttled firmware queue size configured to 223(Firmware queue size: 256, leaving 32 for misc purposes).
I0828 01:17:04.805254     261 async_driver.cc:1858] All cores supported.
I0828 01:17:07.685774     258 tpu_hal.cc:209] Starting premapped memory manager initialization...
W0828 01:17:07.689355     592 libtpu_telemetry_utils.cc:44] Metric already exists: hlo.execution.timing.distribution.microseconds
W0828 01:17:07.689361     595 libtpu_telemetry_utils.cc:44] Metric already exists: hlo.execution.timing.distribution.microseconds
W0828 01:17:07.689372     592 libtpu_telemetry_utils.cc:44] Metric already exists: hlo.queue.size.gauge
W0828 01:17:07.689372     595 libtpu_telemetry_utils.cc:44] Metric already exists: hlo.queue.size.gauge
W0828 01:17:07.689409     594 libtpu_telemetry_utils.cc:44] Metric already exists: hlo.execution.timing.distribution.microseconds
W0828 01:17:07.689430     594 libtpu_telemetry_utils.cc:44] Metric already exists: hlo.queue.size.gauge
W0828 01:17:07.690975     592 libtpu_telemetry_utils.cc:44] Metric already exists: hlo.execution.timing.distribution.microseconds
W0828 01:17:07.690987     592 libtpu_telemetry_utils.cc:44] Metric already exists: hlo.queue.size.gauge
W0828 01:17:07.690976     595 libtpu_telemetry_utils.cc:44] Metric already exists: hlo.execution.timing.distribution.microseconds
W0828 01:17:07.690991     595 libtpu_telemetry_utils.cc:44] Metric already exists: hlo.queue.size.gauge
W0828 01:17:07.691037     593 libtpu_telemetry_utils.cc:44] Metric already exists: hlo.execution.timing.distribution.microseconds
W0828 01:17:07.691052     593 libtpu_telemetry_utils.cc:44] Metric already exists: hlo.queue.size.gauge
W0828 01:17:07.691109     594 libtpu_telemetry_utils.cc:44] Metric already exists: hlo.execution.timing.distribution.microseconds
W0828 01:17:07.691121     594 libtpu_telemetry_utils.cc:44] Metric already exists: hlo.queue.size.gauge
I0828 01:17:08.467107     258 runtime_metric_service.cc:197] Successfully started Runtime Metric Service on port: 8431
I0828 01:17:08.467272     258 system.cc:1087] tpu::System initialized, current host id: 8, logical device ids: 32,33,36,37
I0828 01:17:08.467301       1 tpu_system_state.cc:224] CreateTpuSystemState: TPU initialization is successful and it took 4.511843682s
I0828 01:17:08.467314       1 tpu_system_state.cc:228] CreateTpuSystemState: using TPU host premapped buffer of size: 4294967296
I0828 01:17:08.467320       1 tpu_host_allocator.cc:68] Premapped buffer is using alignment 64
I0828 01:17:08.467390     665 tpu_diagnostic_coordinator.cc:610] TpuDiagnosticCoordinator listening on socket /tmp/tpu_diag_trigger_1.socket (symlinked at /tmp/tpu_diag_latest.socket)
I0828 01:17:08.467735       1 tpu_linearizer.cc:104] Inflight linearization byte limit configured to : 1099511627776
I0828 01:17:08.467743       1 tpu_linearizer.cc:118] Inflight delinearization byte limit configured to : 1099511627776
I0828 01:17:08.467990       1 allocator_stats_reporter.cc:117] Starting AllocatorStats Reporter with reporting interval: 5s
I0828 01:17:08.468555       1 pjrt_c_api_client.cc:187] PjRtCApiClient created.
I0828 01:17:08.468563       1 server_lib.cc:2229] Dispatching compilation of PSI exchange program
I0828 01:17:08.468597       1 watch_dog.cc:26] Creating thread: PwWatchDog_9638028378209493103 for WatchDog: Timebomb for initial consensus program
I0828 01:17:08.470995       1 2a886c8_compiler_hlo_passes.cc:6336] XLA::TPU running hlo passes for 2 instructions, module: psi_info_exchange.1
I0828 01:17:08.471017       1 2a886c8_compiler_hlo_passes.cc:6381] Initial HLO module: psi_info_exchange.1 instructions: 2 fingerprint: 
I0828 01:17:08.471454       1 2a886c8_compiler_hlo_passes.cc:6445] HLO optimizing module: psi_info_exchange.1 instructions: 2
I0828 01:17:08.471459       1 2a886c8_compiler_hlo_passes.cc:6459] XLA::TPU HLO optimization
I0828 01:17:08.473307     676 tpu_layout_assignment.cc:4245] Ran 2 additional passes of layout assignment to assign all layouts.
I0828 01:17:08.473502       1 2a886c8_compiler_hlo_passes.cc:6248] xla_tpu_impure_hlo_parallel_compile is DISABLED. psi_info_exchange.1
I0828 01:17:08.475339       1 2a886c8_compiler_hlo_passes.cc:5327] XLA::TPU HLO PostOptimizationPipeline
I0828 01:17:08.476167       1 tpu_plumb_vmem_info.cc:668] scavenging_mode: 0 for module: psi_info_exchange.1
I0828 01:17:08.476233       1 2a886c8_compiler_hlo_passes.cc:6532] HLO_PASSES stage duration: 5.216348ms
I0828 01:17:08.480217     651 tpu_chip_config.cc:367] Resolved chip config alias megachip_tccontrol->megacore for 2093c6a02, 
I0828 01:17:08.481052     651 memory_space_assignment_util.cc:621] MSA Vmem breakdown: default scoped vmem (from flag): 16777216; does_msa_directly_allocate_scoped_vmem: F; bytes_for_msa_to_allocate: 50266112
I0828 01:17:08.498984     678 2a886c8_compiler_base.cc:4059] BACKEND_PASSES stage duration: 18.82517675ms
I0828 01:17:08.501118     678 2a886c8_compiler_backend.cc:1776] final program bundle count: 1,043 note this count does not reflect cycles spent executing delays.
I0828 01:17:08.507369     678 2a886c8_compiler_backend.cc:1968] Program divided into 2 overlays without HLO functions (102.0K).
I0828 01:17:08.507448     678 2a886c8_compiler_backend.cc:2134] XLA::TPU module name: psi_info_exchange.1
I0828 01:17:08.507452     678 2a886c8_compiler_backend.cc:2136] XLA::TPU program HBM usage: 183.0K / 95.73G
I0828 01:17:08.507455     678 2a886c8_compiler_backend.cc:2143] Note that --xla_tpu_max_hbm_size_mib is not specified. This means that the compiler may use up all available HBM, possibly prioritizing other metrics (latency, compile-time, ..) over memory usage. To reduce memory usage, set --xla_tpu_max_hbm_size_mib to a smaller value.
I0828 01:17:08.507457     678 2a886c8_compiler_backend.cc:2177] XLA::TPU program VMEM usage: 166.5K / 64.00M
I0828 01:17:08.507466     678 2a886c8_compiler_backend.cc:2188] Total hbm usage >= 279.21M:
    reserved        279.03M 
    program          183.0K 
    arguments          512B 

Output size 6.0K; shares 0B with arguments.

Total host usage >= 0B:
    reserved             0B 
    program         unknown size 
    arguments            0B 

Output size 0B; shares 0B with arguments.

I0828 01:17:08.507482     678 2a886c8_compiler_backend.cc:2192] Program sflag requirement 300B:
    reserved           204B
    scoped              92B
    HLO temp             4B (100.0% utilization: Unpadded (4B) Padded (4B), 0.0% fragmentation (0B))
Program sparse_core_sequencer_sflag requirement 36B:
    reserved            36B
Program sparse_core_tile_sflag requirement 4B:
    reserved             4B
Program sparse_core_sequencer_smem requirement 64B:
    reserved            64B
Program sparse_core_tile_smem requirement 0B:
Program hbm requirement 183.0K:
    global            33.0K
    HLO temp          48.0K (9.5% utilization: Unpadded (3.0K) Padded (32.0K), 33.3% fragmentation (16.0K))
    overlays         102.0K
Program vmem requirement 166.5K:
    scoped           166.0K
    HLO temp           512B (0.0% utilization: Unpadded (0B) Padded (0B), 100.0% fragmentation (512B))
Program smem requirement 264B:
    global               4B
    scoped             260B
Program host requirement 0B:
I0828 01:17:08.507485     678 2a886c8_compiler_backend.cc:2200] XLA::TPU program SMEM usage: 2.1K / 1.00M (1 parameters)
I0828 01:17:08.507493     678 2a886c8_compiler_backend.cc:1472] CODE_GENERATION stage duration: 8.46526425ms
I0828 01:17:08.508042     678 isa_program_util_common.cc:373] (HLO module psi_info_exchange.1): Executable fingerprint:893e9e20d5ae160c7be6d81fd596ec73c1cabe1940b3c273861ec36b26fbeb3a
I0828 01:17:08.508046     678 isa_program_util_common.cc:377] (HLO module psi_info_exchange.1): Executable fingerprint (including data segments):75664ae48d4b52bd2da19a4f3a6af5c80210481094276e70a5455e382d1b95dc
I0828 01:17:08.508047     678 isa_program_util_common.cc:380] (HLO module psi_info_exchange.1): Host transfer fingerprint:e3b0c44298fc1c149afbf4c8996fb92427ae41e4649b934ca495991b7852b855
I0828 01:17:08.508223       1 2a886c8_compiler_base.cc:1019] END_TO_END stage duration: 37.343802ms
I0828 01:17:08.508234       1 2a886c8_compiler_base.cc:1020] Note that END_TO_END duration also includes time outside of HLO_PASSES, BACKEND_PASSES, and CODE_GENERATION
I0828 01:17:08.508558       1 server_lib.cc:2235] Done compilation of PSI exchange program: OK took 39.993319ms
I0828 01:17:08.508566       1 job_info_impl_cloud.cc:177] Not running on Google or testing cloud: CreateCloudJobInfoImpl
I0828 01:17:08.508591       1 psi_consensus_preflight.cc:342] Starting execution of psi_info_exchange.1
I0828 01:17:08.509289       1 psi_consensus_preflight.cc:357] Finished dispatching psi_info_exchange.1
I0828 01:17:08.515685       1 psi_consensus_preflight.cc:365] Finished execution of psi_info_exchange.1
I0828 01:17:08.515768     675 watch_dog.cc:58] WatchDog Timebomb for initial consensus program shutdown
I0828 01:17:08.515953       1 psi_consensus_preflight.cc:417] Using per-slice-instance JobId 6408541556418313203 instead of just borg job id 0
I0828 01:17:08.552012       1 tpu_chip_config.cc:367] Resolved chip config alias megachip_tccontrol->megacore for 2093c6a02, 
I0828 01:17:08.552944       1 server_lib.cc:1172] TPU Device with core coordinates: 1x1x2_TC0 is on host: gke-tpu-3a97861b-rf71
I0828 01:17:08.552952       1 server_lib.cc:1172] TPU Device with core coordinates: 1x0x2_TC0 is on host: gke-tpu-3a97861b-rf71
I0828 01:17:08.552954       1 server_lib.cc:1172] TPU Device with core coordinates: 0x0x2_TC0 is on host: gke-tpu-3a97861b-rf71
I0828 01:17:08.552956       1 server_lib.cc:1172] TPU Device with core coordinates: 0x1x2_TC0 is on host: gke-tpu-3a97861b-rf71
I0828 01:17:08.559901       1 rpc_transport.cc:1602] grpc: Creating RpcTransport at 10.164.0.141:44780 with 8 channels per destination and a limit of 8192 concurrent send channels
I0828 01:17:08.560943       1 object_manager.cc:617] Initializing BufferStore device 101
I0828 01:17:08.560951       1 object_manager.cc:617] Initializing BufferStore device 37
I0828 01:17:08.560953       1 object_manager.cc:617] Initializing BufferStore device 33
I0828 01:17:08.560954       1 object_manager.cc:617] Initializing BufferStore device 32
I0828 01:17:08.560955       1 object_manager.cc:617] Initializing BufferStore device 36
I0828 01:17:08.560956       1 object_manager.cc:617] Initializing BufferStore device 96
I0828 01:17:08.560957       1 object_manager.cc:617] Initializing BufferStore device 97
I0828 01:17:08.560958       1 object_manager.cc:617] Initializing BufferStore device 100
I0828 01:17:08.560959       1 object_manager.cc:617] Initializing BufferStore device 129
I0828 01:17:08.561383       1 preemption_util.cc:46] Registering cloud preemption handler.
I0828 01:17:08.561644       1 server_lib.cc:1479] Server starting up, with http listen address '10.164.0.141:29000' and config.job.resolved_address 'canon-p57-fl-zero-f45w10-96544812-pathways-worker-0-1.canon-p57-fl-zero-f45w10-96544812:29000'
I0828 01:17:08.562361       1 server_status_pages_noop.cc:9] ExportServerStatusPages is a no-op.
I0828 01:17:08.562366       1 server_lib.cc:1581] Pathways Server serving on 10.164.0.141:29000
W0828 01:17:08.562527       1 httpserver2_cloud.cc:175] Skipping RedirectRootToStatusz as it is not supported yet.
I0828 01:17:08.562533       1 httpserver2_cloud.cc:56] WaitForTermination
I0828 01:17:08.581296     816 worker_message_distributor.cc:601] Creating send thread LocalSender_at_6408541556418313203_1 for local worker op dispatcher
I0828 01:17:08.581309     750 worker_message_distributor.cc:1046] Starting send thread LocalSender_at_6408541556418313203_1
I0828 01:17:08.581309     816 worker_message_distributor.cc:1985] Configuring distributor for 1 workers at 6408541556418313203: next_hops_per_sender=1 (split_threshold=256)
I0828 01:17:08.581334     816 worker_message_distributor.cc:2057] Configured distributor for 0 remote endpoints
I0828 01:17:08.581677     750 persistent_compilation_cache.cc:446] Created persistent cache from location go/debugonly    
storage_type: GCS
path: "gs://yuxzhang-tunix-models/tmp/canon-zero-tim/p33/canon-p57-fl-zero-f45w10-96544812/compilation_cache/default"
num_shards: 1
name: "default"
ttl {
  seconds: 259200
}
I0828 01:17:08.584322     750 persistent_compilation_cache.cc:455] Using compressor 'zstd=1' to compress persistent compilation cache entries
I0828 01:20:17.570895     750 server_lib.cc:1923] Initializing placement go/debugonly    
placement_id: 3540490082203073296
dset_id: 7647257455777884003
client_ids: 7647257455777883041
I0828 01:20:17.571163     750 sidecar_registry.cc:58] Creating sidecar 'xprof'
I0828 01:27:09.895095    1836 server_lib.cc:1855] Attempting to load component jit_stage.1182302940440487541 @ 0 at worker after 1.61996ms (proto size 2382)
I0828 01:27:10.123110     732 server_lib.cc:1855] Attempting to load component jit__threefry_seed.4603114223327848373 @ 0 at worker after 961.799us (proto size 2409)
I0828 01:27:10.143234    1298 tpu_chip_config.cc:367] Resolved chip config alias megachip_tccontrol->megacore for 2093c6a02, 
I0828 01:27:10.145232    1298 tpu_chip_config.cc:367] Resolved chip config alias megachip_tccontrol->megacore for 2093c6a02, 
I0828 01:27:10.146186    1298 xla_compilation_cache.cc:113] XLA compilation cache fetch for computation 'jit_stage' (key 83c15331012ef991) took 251.11096ms: PERSISTENT_FETCH
I0828 01:27:10.351400    1297 tpu_chip_config.cc:367] Resolved chip config alias megachip_tccontrol->megacore for 2093c6a02, 
I0828 01:27:10.353019    1297 tpu_chip_config.cc:367] Resolved chip config alias megachip_tccontrol->megacore for 2093c6a02, 
I0828 01:27:10.353899    1297 xla_compilation_cache.cc:113] XLA compilation cache fetch for computation 'jit__threefry_seed' (key 6d038df1de0e7d78) took 230.801015ms: PERSISTENT_FETCH
I0828 01:27:10.371317    1864 server_lib.cc:1855] Attempting to load component jit__generate_dummy_weights_kernel.1182302940440487360 @ 0 at worker after 1.022852ms (proto size 2456)
I0828 01:27:12.285209    1836 server_lib.cc:1855] Attempting to load component jit__identity_fn.4603114223327849512 @ 0 at worker after 1.039802ms (proto size 2426)
I0828 01:27:12.305610    1297 tpu_chip_config.cc:367] Resolved chip config alias megachip_tccontrol->megacore for 2093c6a02, 
I0828 01:27:12.307564    1297 tpu_chip_config.cc:367] Resolved chip config alias megachip_tccontrol->megacore for 2093c6a02, 
I0828 01:27:12.309137    1297 xla_compilation_cache.cc:113] XLA compilation cache fetch for computation 'jit__generate_dummy_weights_kernel' (key 5209253d8ba56adb) took 1.937827536s: PERSISTENT_FETCH
I0828 01:27:12.589894    1298 tpu_chip_config.cc:367] Resolved chip config alias megachip_tccontrol->megacore for 2093c6a02, 
I0828 01:27:12.591524    1298 tpu_chip_config.cc:367] Resolved chip config alias megachip_tccontrol->megacore for 2093c6a02, 
I0828 01:27:12.592336    1298 xla_compilation_cache.cc:113] XLA compilation cache fetch for computation 'jit__identity_fn' (key 73c0e6511de7bd45) took 307.139223ms: PERSISTENT_FETCH
I0828 01:27:12.603762    1836 server_lib.cc:1855] Attempting to load component jit__generate_dummy_weights_kernel.1182302940440488484 @ 0 at worker after 1.044671ms (proto size 2456)
I0828 01:27:15.355686     732 server_lib.cc:1855] Attempting to load component jit__identity_fn.4603114223327846555 @ 0 at worker after 970.036us (proto size 2426)
I0828 01:27:15.383443    1298 tpu_chip_config.cc:367] Resolved chip config alias megachip_tccontrol->megacore for 2093c6a02, 
I0828 01:27:15.385485    1298 tpu_chip_config.cc:367] Resolved chip config alias megachip_tccontrol->megacore for 2093c6a02, 
I0828 01:27:15.386958    1298 xla_compilation_cache.cc:113] XLA compilation cache fetch for computation 'jit__generate_dummy_weights_kernel' (key 1b8e338b0ce3bbfe) took 2.783205302s: PERSISTENT_FETCH
I0828 01:27:15.668558    1297 tpu_chip_config.cc:367] Resolved chip config alias megachip_tccontrol->megacore for 2093c6a02, 
I0828 01:27:15.670226    1297 tpu_chip_config.cc:367] Resolved chip config alias megachip_tccontrol->megacore for 2093c6a02, 
I0828 01:27:15.671034    1297 xla_compilation_cache.cc:113] XLA compilation cache fetch for computation 'jit__identity_fn' (key 7f60c111408dd9eb) took 315.358811ms: PERSISTENT_FETCH
I0828 01:27:21.668806    1864 server_lib.cc:1855] Attempting to load component jit__generate_dummy_weights_kernel.5734983100396399931 @ 0 at worker after 3.408748ms (proto size 2451)
I0828 01:27:21.965528    1864 server_lib.cc:1855] Attempting to load component jit__identity_fn.12199592962835258961 @ 0 at worker after 2.760965ms (proto size 2417)
I0828 01:27:21.982940    1297 tpu_chip_config.cc:367] Resolved chip config alias megachip_tccontrol->megacore for 2093c6a02, 
I0828 01:27:21.984814    1297 tpu_chip_config.cc:367] Resolved chip config alias megachip_tccontrol->megacore for 2093c6a02, 
I0828 01:27:21.986111    1297 xla_compilation_cache.cc:113] XLA compilation cache fetch for computation 'jit__generate_dummy_weights_kernel' (key f91ad6bc5fa5a293) took 317.31567ms: PERSISTENT_FETCH
I0828 01:27:22.231615    1298 tpu_chip_config.cc:367] Resolved chip config alias megachip_tccontrol->megacore for 2093c6a02, 
I0828 01:27:22.233270    1298 tpu_chip_config.cc:367] Resolved chip config alias megachip_tccontrol->megacore for 2093c6a02, 
I0828 01:27:22.234111    1298 xla_compilation_cache.cc:113] XLA compilation cache fetch for computation 'jit__identity_fn' (key f84d675e12ac2f75) took 268.591143ms: PERSISTENT_FETCH
I0828 01:27:22.309070     742 server_lib.cc:1855] Attempting to load component jit__generate_dummy_weights_kernel.5734983100396400479 @ 0 at worker after 1.19213ms (proto size 2455)
I0828 01:27:23.070114     742 server_lib.cc:1855] Attempting to load component jit__identity_fn.12199592962835258452 @ 0 at worker after 1.184019ms (proto size 2424)
I0828 01:27:23.089396    1298 tpu_chip_config.cc:367] Resolved chip config alias megachip_tccontrol->megacore for 2093c6a02, 
I0828 01:27:23.091270    1298 tpu_chip_config.cc:367] Resolved chip config alias megachip_tccontrol->megacore for 2093c6a02, 
I0828 01:27:23.092700    1298 xla_compilation_cache.cc:113] XLA compilation cache fetch for computation 'jit__generate_dummy_weights_kernel' (key 981da1a85e6889e9) took 783.638318ms: PERSISTENT_FETCH
I0828 01:27:23.357894    1297 tpu_chip_config.cc:367] Resolved chip config alias megachip_tccontrol->megacore for 2093c6a02, 
I0828 01:27:23.359606    1297 tpu_chip_config.cc:367] Resolved chip config alias megachip_tccontrol->megacore for 2093c6a02, 
I0828 01:27:23.360445    1297 xla_compilation_cache.cc:113] XLA compilation cache fetch for computation 'jit__identity_fn' (key f67e1c879650234) took 290.341561ms: PERSISTENT_FETCH
I0828 01:27:23.879960    1836 server_lib.cc:1855] Attempting to load component jit__generate_dummy_weights_kernel.12199592962835256408 @ 0 at worker after 81.050256ms (proto size 2456)
I0828 01:27:24.643338     742 server_lib.cc:1855] Attempting to load component jit__identity_fn.927922527692928068 @ 0 at worker after 1.105426ms (proto size 2423)
I0828 01:27:24.665530    1297 tpu_chip_config.cc:367] Resolved chip config alias megachip_tccontrol->megacore for 2093c6a02, 
I0828 01:27:24.667367    1297 tpu_chip_config.cc:367] Resolved chip config alias megachip_tccontrol->megacore for 2093c6a02, 
I0828 01:27:24.668751    1297 xla_compilation_cache.cc:113] XLA compilation cache fetch for computation 'jit__generate_dummy_weights_kernel' (key 4fef04fbac84fc15) took 788.802661ms: PERSISTENT_FETCH
I0828 01:27:24.914611    1298 tpu_chip_config.cc:367] Resolved chip config alias megachip_tccontrol->megacore for 2093c6a02, 
I0828 01:27:24.916166    1298 tpu_chip_config.cc:367] Resolved chip config alias megachip_tccontrol->megacore for 2093c6a02, 
I0828 01:27:24.916958    1298 xla_compilation_cache.cc:113] XLA compilation cache fetch for computation 'jit__identity_fn' (key 5c00628241b2c668) took 273.631829ms: PERSISTENT_FETCH
I0828 01:27:26.579357    1864 server_lib.cc:1855] Attempting to load component jit__generate_dummy_weights_kernel.934836157317376361 @ 0 at worker after 2.904351ms (proto size 2449)
I0828 01:27:26.846705     689 server_lib.cc:1855] Attempting to load component jit__identity_fn.4603114223327847694 @ 0 at worker after 966.938us (proto size 2415)
I0828 01:27:26.864049    1298 tpu_chip_config.cc:367] Resolved chip config alias megachip_tccontrol->megacore for 2093c6a02, 
I0828 01:27:26.865827    1298 tpu_chip_config.cc:367] Resolved chip config alias megachip_tccontrol->megacore for 2093c6a02, 
I0828 01:27:26.867091    1298 xla_compilation_cache.cc:113] XLA compilation cache fetch for computation 'jit__generate_dummy_weights_kernel' (key 185fbfb2f63b33f) took 287.74519ms: PERSISTENT_FETCH
I0828 01:27:27.060734    1297 tpu_chip_config.cc:367] Resolved chip config alias megachip_tccontrol->megacore for 2093c6a02, 
I0828 01:27:27.062244    1297 tpu_chip_config.cc:367] Resolved chip config alias megachip_tccontrol->megacore for 2093c6a02, 
I0828 01:27:27.063033    1297 xla_compilation_cache.cc:113] XLA compilation cache fetch for computation 'jit__identity_fn' (key b3249a0c70d8aca) took 216.338419ms: PERSISTENT_FETCH
I0828 01:27:27.070896     732 server_lib.cc:1855] Attempting to load component jit__generate_dummy_weights_kernel.934836157317376165 @ 0 at worker after 891.446us (proto size 2457)
I0828 01:27:27.883322     732 server_lib.cc:1855] Attempting to load component jit__identity_fn.4603114223327848833 @ 0 at worker after 953.418us (proto size 2430)
I0828 01:27:27.904985    1297 tpu_chip_config.cc:367] Resolved chip config alias megachip_tccontrol->megacore for 2093c6a02, 
I0828 01:27:27.906704    1297 tpu_chip_config.cc:367] Resolved chip config alias megachip_tccontrol->megacore for 2093c6a02, 
I0828 01:27:27.908171    1297 xla_compilation_cache.cc:113] XLA compilation cache fetch for computation 'jit__generate_dummy_weights_kernel' (key 8c6275e7a6764211) took 837.285272ms: PERSISTENT_FETCH
I0828 01:27:28.129186    1298 tpu_chip_config.cc:367] Resolved chip config alias megachip_tccontrol->megacore for 2093c6a02, 
I0828 01:27:28.130690    1298 tpu_chip_config.cc:367] Resolved chip config alias megachip_tccontrol->megacore for 2093c6a02, 
I0828 01:27:28.131489    1298 xla_compilation_cache.cc:113] XLA compilation cache fetch for computation 'jit__identity_fn' (key d22f885db409d994) took 248.174ms: PERSISTENT_FETCH
I0828 01:27:28.308221    1864 server_lib.cc:1855] Attempting to load component jit__generate_dummy_weights_kernel.6352734331901558599 @ 0 at worker after 982.564us (proto size 2458)
I0828 01:27:29.303783    1864 server_lib.cc:1855] Attempting to load component jit__identity_fn.12947613028601668327 @ 0 at worker after 873.217us (proto size 2431)
I0828 01:27:29.320674    1298 tpu_chip_config.cc:367] Resolved chip config alias megachip_tccontrol->megacore for 2093c6a02, 
I0828 01:27:29.322424    1298 tpu_chip_config.cc:367] Resolved chip config alias megachip_tccontrol->megacore for 2093c6a02, 
I0828 01:27:29.323877    1298 xla_compilation_cache.cc:113] XLA compilation cache fetch for computation 'jit__generate_dummy_weights_kernel' (key 1f4016e9876dc267) took 1.015664372s: PERSISTENT_FETCH
I0828 01:27:29.561464    1297 tpu_chip_config.cc:367] Resolved chip config alias megachip_tccontrol->megacore for 2093c6a02, 
I0828 01:27:29.563049    1297 tpu_chip_config.cc:367] Resolved chip config alias megachip_tccontrol->megacore for 2093c6a02, 
I0828 01:27:29.563824    1297 xla_compilation_cache.cc:113] XLA compilation cache fetch for computation 'jit__identity_fn' (key 6b48b0d1b914aaef) took 260.04805ms: PERSISTENT_FETCH
I0828 01:27:29.721550     732 server_lib.cc:1855] Attempting to load component jit__generate_dummy_weights_kernel.196317131024093280 @ 0 at worker after 995.72us (proto size 2457)
I0828 01:27:31.025914     732 server_lib.cc:1855] Attempting to load component jit__identity_fn.6352734331901558078 @ 0 at worker after 935.907us (proto size 2430)
I0828 01:27:31.039159    1297 tpu_chip_config.cc:367] Resolved chip config alias megachip_tccontrol->megacore for 2093c6a02, 
I0828 01:27:31.041065    1297 tpu_chip_config.cc:367] Resolved chip config alias megachip_tccontrol->megacore for 2093c6a02, 
I0828 01:27:31.042509    1297 xla_compilation_cache.cc:113] XLA compilation cache fetch for computation 'jit__generate_dummy_weights_kernel' (key f5d0a0a25fa60832) took 1.320966444s: PERSISTENT_FETCH
I0828 01:27:31.292474    1298 tpu_chip_config.cc:367] Resolved chip config alias megachip_tccontrol->megacore for 2093c6a02, 
I0828 01:27:31.294061    1298 tpu_chip_config.cc:367] Resolved chip config alias megachip_tccontrol->megacore for 2093c6a02, 
I0828 01:27:31.294827    1298 xla_compilation_cache.cc:113] XLA compilation cache fetch for computation 'jit__identity_fn' (key 23d76feeb1805f52) took 268.921987ms: PERSISTENT_FETCH
I0828 01:28:54.177106    1863 server_lib.cc:1855] Attempting to load component jit_create_jit_model.934836157317377914 @ 0 at worker after 2.047202ms (proto size 22715)
I0828 01:28:55.332563    1298 tpu_chip_config.cc:367] Resolved chip config alias megachip_tccontrol->megacore for 2093c6a02, 
I0828 01:28:55.334698    1298 tpu_chip_config.cc:367] Resolved chip config alias megachip_tccontrol->megacore for 2093c6a02, 
I0828 01:28:55.338597    1298 xla_compilation_cache.cc:113] XLA compilation cache fetch for computation 'jit_create_jit_model' (key 88c011f9e69845d2) took 1.161501833s: PERSISTENT_FETCH
W0828 01:28:56.088040     240 override_grpc_credentials_real.cc:88] Using MLPathways gRPC client credentials override
I0828 01:28:56.173032     750 worker_op_dispatcher.cc:4605] Component is not loaded yet; deferring unload until load completes: jit__generate_dummy_weights_kernel.934836157317376361 @ 0
I0828 01:28:56.173088    1499 server_lib.cc:743] Unloading component jit__generate_dummy_weights_kernel.934836157317376361 @ 0 at worker
I0828 01:28:56.173330     750 worker_op_dispatcher.cc:4605] Component is not loaded yet; deferring unload until load completes: jit__identity_fn.12199592962835258452 @ 0
I0828 01:28:56.173342     750 worker_op_dispatcher.cc:4605] Component is not loaded yet; deferring unload until load completes: jit__generate_dummy_weights_kernel.196317131024093280 @ 0
I0828 01:28:56.173350     750 worker_op_dispatcher.cc:4605] Component is not loaded yet; deferring unload until load completes: jit__identity_fn.4603114223327847694 @ 0
I0828 01:28:56.173359     750 worker_op_dispatcher.cc:4605] Component is not loaded yet; deferring unload until load completes: jit__identity_fn.12947613028601668327 @ 0
I0828 01:28:56.173372    1505 server_lib.cc:743] Unloading component jit__identity_fn.12199592962835258452 @ 0 at worker
I0828 01:28:56.173386    1496 server_lib.cc:743] Unloading component jit__generate_dummy_weights_kernel.196317131024093280 @ 0 at worker
I0828 01:28:56.173399    1503 server_lib.cc:743] Unloading component jit__identity_fn.4603114223327847694 @ 0 at worker
I0828 01:28:56.173394    1499 server_lib.cc:743] Unloading component jit__identity_fn.12947613028601668327 @ 0 at worker
I0828 01:28:56.173613     750 worker_op_dispatcher.cc:4605] Component is not loaded yet; deferring unload until load completes: jit_stage.1182302940440487541 @ 0
I0828 01:28:56.173627     750 worker_op_dispatcher.cc:4605] Component is not loaded yet; deferring unload until load completes: jit__generate_dummy_weights_kernel.5734983100396400479 @ 0
I0828 01:28:56.173648    1505 server_lib.cc:743] Unloading component jit_stage.1182302940440487541 @ 0 at worker
I0828 01:28:56.173662    1496 server_lib.cc:743] Unloading component jit__generate_dummy_weights_kernel.5734983100396400479 @ 0 at worker
I0828 01:28:56.173891     750 worker_op_dispatcher.cc:4605] Component is not loaded yet; deferring unload until load completes: jit__generate_dummy_weights_kernel.1182302940440488484 @ 0
I0828 01:28:56.173902     750 worker_op_dispatcher.cc:4605] Component is not loaded yet; deferring unload until load completes: jit__generate_dummy_weights_kernel.5734983100396399931 @ 0
I0828 01:28:56.173926    1496 server_lib.cc:743] Unloading component jit__generate_dummy_weights_kernel.1182302940440488484 @ 0 at worker
I0828 01:28:56.173945    1505 server_lib.cc:743] Unloading component jit__generate_dummy_weights_kernel.5734983100396399931 @ 0 at worker
I0828 01:28:56.174103     750 worker_op_dispatcher.cc:4605] Component is not loaded yet; deferring unload until load completes: jit__generate_dummy_weights_kernel.12199592962835256408 @ 0
I0828 01:28:56.174115     750 worker_op_dispatcher.cc:4605] Component is not loaded yet; deferring unload until load completes: jit__generate_dummy_weights_kernel.1182302940440487360 @ 0
I0828 01:28:56.174122     750 worker_op_dispatcher.cc:4605] Component is not loaded yet; deferring unload until load completes: jit__generate_dummy_weights_kernel.934836157317376165 @ 0
I0828 01:28:56.174128     750 worker_op_dispatcher.cc:4605] Component is not loaded yet; deferring unload until load completes: jit__identity_fn.4603114223327849512 @ 0
I0828 01:28:56.174135     750 worker_op_dispatcher.cc:4605] Component is not loaded yet; deferring unload until load completes: jit__identity_fn.927922527692928068 @ 0
I0828 01:28:56.174136    1505 server_lib.cc:743] Unloading component jit__generate_dummy_weights_kernel.12199592962835256408 @ 0 at worker
I0828 01:28:56.174145     750 worker_op_dispatcher.cc:4605] Component is not loaded yet; deferring unload until load completes: jit__identity_fn.4603114223327846555 @ 0
I0828 01:28:56.174155    1503 server_lib.cc:743] Unloading component jit__generate_dummy_weights_kernel.1182302940440487360 @ 0 at worker
I0828 01:28:56.174160    1497 server_lib.cc:743] Unloading component jit__generate_dummy_weights_kernel.934836157317376165 @ 0 at worker
I0828 01:28:56.174172    1498 server_lib.cc:743] Unloading component jit__identity_fn.927922527692928068 @ 0 at worker
I0828 01:28:56.174172     750 worker_op_dispatcher.cc:4605] Component is not loaded yet; deferring unload until load completes: jit__identity_fn.4603114223327848833 @ 0
I0828 01:28:56.174169    1504 server_lib.cc:743] Unloading component jit__identity_fn.4603114223327846555 @ 0 at worker
I0828 01:28:56.174202     750 worker_op_dispatcher.cc:4605] Component is not loaded yet; deferring unload until load completes: jit__identity_fn.12199592962835258961 @ 0
I0828 01:28:56.174164    1502 server_lib.cc:743] Unloading component jit__identity_fn.4603114223327849512 @ 0 at worker
I0828 01:28:56.174223    1505 server_lib.cc:743] Unloading component jit__identity_fn.12199592962835258961 @ 0 at worker
I0828 01:28:56.174202    1497 server_lib.cc:743] Unloading component jit__identity_fn.4603114223327848833 @ 0 at worker
I0828 01:28:56.174232     750 worker_op_dispatcher.cc:4605] Component is not loaded yet; deferring unload until load completes: jit__identity_fn.6352734331901558078 @ 0
I0828 01:28:56.174256     750 worker_op_dispatcher.cc:4605] Component is not loaded yet; deferring unload until load completes: jit__threefry_seed.4603114223327848373 @ 0
I0828 01:28:56.174268     750 worker_op_dispatcher.cc:4605] Component is not loaded yet; deferring unload until load completes: jit__generate_dummy_weights_kernel.6352734331901558599 @ 0
I0828 01:28:56.174274    1503 server_lib.cc:743] Unloading component jit__threefry_seed.4603114223327848373 @ 0 at worker
I0828 01:28:56.174258    1496 server_lib.cc:743] Unloading component jit__identity_fn.6352734331901558078 @ 0 at worker
I0828 01:28:56.174285    1505 server_lib.cc:743] Unloading component jit__generate_dummy_weights_kernel.6352734331901558599 @ 0 at worker
I0828 01:28:56.373421     750 worker_op_dispatcher.cc:4605] Component is not loaded yet; deferring unload until load completes: jit_create_jit_model.934836157317377914 @ 0
I0828 01:28:56.373463    1502 server_lib.cc:743] Unloading component jit_create_jit_model.934836157317377914 @ 0 at worker
I0828 01:28:58.720264     718 server_lib.cc:1855] Attempting to load component jit_sample.934836157317377326 @ 0 at worker after 1.067232ms (proto size 2532)
I0828 01:29:03.325409    1298 tpu_chip_config.cc:367] Resolved chip config alias megachip_tccontrol->megacore for 2093c6a02, 
I0828 01:29:03.327756    1298 tpu_chip_config.cc:367] Resolved chip config alias megachip_tccontrol->megacore for 2093c6a02, 
I0828 01:29:03.330289    1298 xla_compilation_cache.cc:113] XLA compilation cache fetch for computation 'jit_sample' (key 8ca65ded2b632890) took 4.610039952s: PERSISTENT_FETCH
I0828 01:29:03.571886     732 server_lib.cc:1855] Attempting to load component jit_sample.196317131024095001 @ 0 at worker after 1.093351ms (proto size 2532)
I0828 01:29:08.060962     727 server_lib.cc:1855] Attempting to load component jit_sample.927922527692929671 @ 0 at worker after 956.823us (proto size 2451)
I0828 01:29:08.067925    1298 tpu_chip_config.cc:367] Resolved chip config alias megachip_tccontrol->megacore for 2093c6a02, 
I0828 01:29:08.070470    1298 tpu_chip_config.cc:367] Resolved chip config alias megachip_tccontrol->megacore for 2093c6a02, 
I0828 01:29:08.072884    1298 xla_compilation_cache.cc:113] XLA compilation cache fetch for computation 'jit_sample' (key f0f8eeaade6ee0d0) took 4.501007397s: PERSISTENT_FETCH
I0828 01:29:08.363975    1297 tpu_chip_config.cc:367] Resolved chip config alias megachip_tccontrol->megacore for 2093c6a02, 
I0828 01:29:08.365598    1297 tpu_chip_config.cc:367] Resolved chip config alias megachip_tccontrol->megacore for 2093c6a02, 
I0828 01:29:08.366665    1297 xla_compilation_cache.cc:113] XLA compilation cache fetch for computation 'jit_sample' (key 8bbe81b54df65ed4) took 305.713809ms: PERSISTENT_FETCH
I0828 01:29:08.369166     718 server_lib.cc:1855] Attempting to load component jit_sample.196317131024094005 @ 0 at worker after 956.436us (proto size 2451)
I0828 01:29:08.667381    1297 tpu_chip_config.cc:367] Resolved chip config alias megachip_tccontrol->megacore for 2093c6a02, 
I0828 01:29:08.668953    1297 tpu_chip_config.cc:367] Resolved chip config alias megachip_tccontrol->megacore for 2093c6a02, 
I0828 01:29:08.670014    1297 xla_compilation_cache.cc:113] XLA compilation cache fetch for computation 'jit_sample' (key f3af4f358579ccdb) took 300.857032ms: PERSISTENT_FETCH
I0828 01:29:09.562395     711 server_lib.cc:1855] Attempting to load component jit_sample.934836157317377321 @ 0 at worker after 1.016845ms (proto size 2532)
I0828 01:29:11.310915    1297 tpu_chip_config.cc:367] Resolved chip config alias megachip_tccontrol->megacore for 2093c6a02, 
I0828 01:29:11.313389    1297 tpu_chip_config.cc:367] Resolved chip config alias megachip_tccontrol->megacore for 2093c6a02, 
I0828 01:29:11.316091    1297 xla_compilation_cache.cc:113] XLA compilation cache fetch for computation 'jit_sample' (key b812dc6371933ca3) took 1.753705615s: PERSISTENT_FETCH
I0828 01:29:11.381390    1837 server_lib.cc:1855] Attempting to load component jit_sample.12947613028601670395 @ 0 at worker after 976.645us (proto size 2533)
I0828 01:29:13.242222     727 server_lib.cc:1855] Attempting to load component jit_sample.934836157317374587 @ 0 at worker after 961.901us (proto size 2451)
I0828 01:29:13.254037    1297 tpu_chip_config.cc:367] Resolved chip config alias megachip_tccontrol->megacore for 2093c6a02, 
I0828 01:29:13.256487    1297 tpu_chip_config.cc:367] Resolved chip config alias megachip_tccontrol->megacore for 2093c6a02, 
I0828 01:29:13.258832    1297 xla_compilation_cache.cc:113] XLA compilation cache fetch for computation 'jit_sample' (key 135f005f5d69a51) took 1.877459376s: PERSISTENT_FETCH
I0828 01:29:13.540910    1840 server_lib.cc:1855] Attempting to load component jit_sample.12947613028601670935 @ 0 at worker after 941.687us (proto size 2453)
I0828 01:29:13.553279    1298 tpu_chip_config.cc:367] Resolved chip config alias megachip_tccontrol->megacore for 2093c6a02, 
I0828 01:29:13.554902    1298 tpu_chip_config.cc:367] Resolved chip config alias megachip_tccontrol->megacore for 2093c6a02, 
I0828 01:29:13.556034    1298 xla_compilation_cache.cc:113] XLA compilation cache fetch for computation 'jit_sample' (key 417c7ca330603b6d) took 313.824931ms: PERSISTENT_FETCH
I0828 01:29:13.833553    1297 tpu_chip_config.cc:367] Resolved chip config alias megachip_tccontrol->megacore for 2093c6a02, 
I0828 01:29:13.835103    1297 tpu_chip_config.cc:367] Resolved chip config alias megachip_tccontrol->megacore for 2093c6a02, 
I0828 01:29:13.836137    1297 xla_compilation_cache.cc:113] XLA compilation cache fetch for computation 'jit_sample' (key 6bc1c57bf64bacdc) took 295.236233ms: PERSISTENT_FETCH
I0828 01:29:14.547972     742 server_lib.cc:1855] Attempting to load component jit_sample.934836157317376924 @ 0 at worker after 1.276906ms (proto size 2532)
I0828 01:29:16.378585    1297 tpu_chip_config.cc:367] Resolved chip config alias megachip_tccontrol->megacore for 2093c6a02, 
I0828 01:29:16.381379    1297 tpu_chip_config.cc:367] Resolved chip config alias megachip_tccontrol->megacore for 2093c6a02, 
I0828 01:29:16.383789    1297 xla_compilation_cache.cc:113] XLA compilation cache fetch for computation 'jit_sample' (key 9ffccc97f619c6b0) took 1.835825083s: PERSISTENT_FETCH
I0828 01:29:16.420070     732 server_lib.cc:1855] Attempting to load component jit_sample.196317131024097052 @ 0 at worker after 1.022616ms (proto size 2532)
I0828 01:29:18.124878    1840 server_lib.cc:1855] Attempting to load component jit_sample.934836157317375165 @ 0 at worker after 893.715us (proto size 2451)
I0828 01:29:18.136894    1297 tpu_chip_config.cc:367] Resolved chip config alias megachip_tccontrol->megacore for 2093c6a02, 
I0828 01:29:18.139343    1297 tpu_chip_config.cc:367] Resolved chip config alias megachip_tccontrol->megacore for 2093c6a02, 
I0828 01:29:18.141693    1297 xla_compilation_cache.cc:113] XLA compilation cache fetch for computation 'jit_sample' (key f0bd8c5eeac5cda3) took 1.721637111s: PERSISTENT_FETCH
I0828 01:29:18.405113     742 server_lib.cc:1855] Attempting to load component jit_sample.196317131024096056 @ 0 at worker after 920.216us (proto size 2451)
I0828 01:29:18.406733    1298 tpu_chip_config.cc:367] Resolved chip config alias megachip_tccontrol->megacore for 2093c6a02, 
I0828 01:29:18.408312    1298 tpu_chip_config.cc:367] Resolved chip config alias megachip_tccontrol->megacore for 2093c6a02, 
I0828 01:29:18.409396    1298 xla_compilation_cache.cc:113] XLA compilation cache fetch for computation 'jit_sample' (key c285718a4df3f534) took 284.526932ms: PERSISTENT_FETCH
I0828 01:29:18.691750    1297 tpu_chip_config.cc:367] Resolved chip config alias megachip_tccontrol->megacore for 2093c6a02, 
I0828 01:29:18.693274    1297 tpu_chip_config.cc:367] Resolved chip config alias megachip_tccontrol->megacore for 2093c6a02, 
I0828 01:29:18.694313    1297 xla_compilation_cache.cc:113] XLA compilation cache fetch for computation 'jit_sample' (key 41cd10a205686f16) took 289.209038ms: PERSISTENT_FETCH
I0828 01:29:19.398785     742 server_lib.cc:1855] Attempting to load component jit_sample.12947613028601670349 @ 0 at worker after 854.714us (proto size 2534)
I0828 01:29:23.401252    1297 tpu_chip_config.cc:367] Resolved chip config alias megachip_tccontrol->megacore for 2093c6a02, 
I0828 01:29:23.403670    1297 tpu_chip_config.cc:367] Resolved chip config alias megachip_tccontrol->megacore for 2093c6a02, 
I0828 01:29:23.406109    1297 xla_compilation_cache.cc:113] XLA compilation cache fetch for computation 'jit_sample' (key 81e91992f41fad3a) took 4.007330865s: PERSISTENT_FETCH
I0828 01:29:23.442482     732 server_lib.cc:1855] Attempting to load component jit_sample.5622832922158732690 @ 0 at worker after 1.099913ms (proto size 2533)
I0828 01:29:27.348928     718 server_lib.cc:1855] Attempting to load component jit_sample.934836157317374577 @ 0 at worker after 875.697us (proto size 2451)
I0828 01:29:27.361903    1297 tpu_chip_config.cc:367] Resolved chip config alias megachip_tccontrol->megacore for 2093c6a02, 
I0828 01:29:27.364303    1297 tpu_chip_config.cc:367] Resolved chip config alias megachip_tccontrol->megacore for 2093c6a02, 
I0828 01:29:27.366792    1297 xla_compilation_cache.cc:113] XLA compilation cache fetch for computation 'jit_sample' (key 55e97baaf4de9127) took 3.924320186s: PERSISTENT_FETCH
I0828 01:29:27.627242    1298 tpu_chip_config.cc:367] Resolved chip config alias megachip_tccontrol->megacore for 2093c6a02, 
I0828 01:29:27.628789    1298 tpu_chip_config.cc:367] Resolved chip config alias megachip_tccontrol->megacore for 2093c6a02, 
I0828 01:29:27.629240     742 server_lib.cc:1855] Attempting to load component jit_sample.5622832922158733942 @ 0 at worker after 950.237us (proto size 2452)
I0828 01:29:27.629764    1298 xla_compilation_cache.cc:113] XLA compilation cache fetch for computation 'jit_sample' (key cad3724e6792e781) took 280.847266ms: PERSISTENT_FETCH
I0828 01:29:27.910474    1297 tpu_chip_config.cc:367] Resolved chip config alias megachip_tccontrol->megacore for 2093c6a02, 
I0828 01:29:27.912014    1297 tpu_chip_config.cc:367] Resolved chip config alias megachip_tccontrol->megacore for 2093c6a02, 
I0828 01:29:27.912977    1297 xla_compilation_cache.cc:113] XLA compilation cache fetch for computation 'jit_sample' (key 84e6ca17adc0ba64) took 283.749216ms: PERSISTENT_FETCH
I0828 01:29:28.635802     727 server_lib.cc:1855] Attempting to load component jit_sample.5622832922158733289 @ 0 at worker after 938.682us (proto size 2539)
I0828 01:29:37.172038    1297 tpu_chip_config.cc:367] Resolved chip config alias megachip_tccontrol->megacore for 2093c6a02, 
I0828 01:29:37.174486    1297 tpu_chip_config.cc:367] Resolved chip config alias megachip_tccontrol->megacore for 2093c6a02, 
I0828 01:29:37.177103    1297 xla_compilation_cache.cc:113] XLA compilation cache fetch for computation 'jit_sample' (key 88c71077ff855469) took 8.541309876s: PERSISTENT_FETCH
I0828 01:29:37.228860     711 server_lib.cc:1855] Attempting to load component jit_sample.5622832922158733262 @ 0 at worker after 1.351875ms (proto size 2539)
I0828 01:29:46.105837     718 server_lib.cc:1855] Attempting to load component jit_sample.12947613028601669763 @ 0 at worker after 1.002975ms (proto size 2456)
I0828 01:29:46.117663    1297 tpu_chip_config.cc:367] Resolved chip config alias megachip_tccontrol->megacore for 2093c6a02, 
I0828 01:29:46.120168    1297 tpu_chip_config.cc:367] Resolved chip config alias megachip_tccontrol->megacore for 2093c6a02, 
I0828 01:29:46.122889    1297 xla_compilation_cache.cc:113] XLA compilation cache fetch for computation 'jit_sample' (key df77cab55c23f227) took 8.894039395s: PERSISTENT_FETCH
I0828 01:29:46.412556    1298 tpu_chip_config.cc:367] Resolved chip config alias megachip_tccontrol->megacore for 2093c6a02, 
I0828 01:29:46.413696     727 server_lib.cc:1855] Attempting to load component jit_sample.5622832922158734514 @ 0 at worker after 945.265us (proto size 2455)
I0828 01:29:46.414163    1298 tpu_chip_config.cc:367] Resolved chip config alias megachip_tccontrol->megacore for 2093c6a02, 
I0828 01:29:46.415188    1298 xla_compilation_cache.cc:113] XLA compilation cache fetch for computation 'jit_sample' (key 19b226d06d7ae79f) took 309.365607ms: PERSISTENT_FETCH
I0828 01:29:46.712130    1297 tpu_chip_config.cc:367] Resolved chip config alias megachip_tccontrol->megacore for 2093c6a02, 
I0828 01:29:46.713699    1297 tpu_chip_config.cc:367] Resolved chip config alias megachip_tccontrol->megacore for 2093c6a02, 
I0828 01:29:46.714693    1297 xla_compilation_cache.cc:113] XLA compilation cache fetch for computation 'jit_sample' (key 4880062ed2170df0) took 301.009101ms: PERSISTENT_FETCH
I0828 01:29:47.449943     718 server_lib.cc:1855] Attempting to load component jit_sample.927922527692929046 @ 0 at worker after 902.321us (proto size 2538)
I0828 01:29:49.143321    1297 tpu_chip_config.cc:367] Resolved chip config alias megachip_tccontrol->megacore for 2093c6a02, 
I0828 01:29:49.145736    1297 tpu_chip_config.cc:367] Resolved chip config alias megachip_tccontrol->megacore for 2093c6a02, 
I0828 01:29:49.148278    1297 xla_compilation_cache.cc:113] XLA compilation cache fetch for computation 'jit_sample' (key 65208d384e2156f8) took 1.698343287s: PERSISTENT_FETCH
I0828 01:29:49.198967    1840 server_lib.cc:1855] Attempting to load component jit_sample.5622832922158731330 @ 0 at worker after 1.078541ms (proto size 2539)
I0828 01:29:50.998794     727 server_lib.cc:1855] Attempting to load component jit_sample.927922527692926981 @ 0 at worker after 1.055123ms (proto size 2454)
I0828 01:29:51.010041    1297 tpu_chip_config.cc:367] Resolved chip config alias megachip_tccontrol->megacore for 2093c6a02, 
I0828 01:29:51.012459    1297 tpu_chip_config.cc:367] Resolved chip config alias megachip_tccontrol->megacore for 2093c6a02, 
I0828 01:29:51.015020    1297 xla_compilation_cache.cc:113] XLA compilation cache fetch for computation 'jit_sample' (key 244527b236a25d54) took 1.816069975s: PERSISTENT_FETCH
I0828 01:29:51.361197    1298 tpu_chip_config.cc:367] Resolved chip config alias megachip_tccontrol->megacore for 2093c6a02, 
I0828 01:29:51.362878    1298 tpu_chip_config.cc:367] Resolved chip config alias megachip_tccontrol->megacore for 2093c6a02, 
I0828 01:29:51.363735     727 server_lib.cc:1855] Attempting to load component jit_sample.5622832922158732582 @ 0 at worker after 1.043712ms (proto size 2454)
I0828 01:29:51.363930    1298 xla_compilation_cache.cc:113] XLA compilation cache fetch for computation 'jit_sample' (key f99975a472fb6480) took 365.147592ms: PERSISTENT_FETCH
I0828 01:29:51.733384    1297 tpu_chip_config.cc:367] Resolved chip config alias megachip_tccontrol->megacore for 2093c6a02, 
I0828 01:29:51.735111    1297 tpu_chip_config.cc:367] Resolved chip config alias megachip_tccontrol->megacore for 2093c6a02, 
I0828 01:29:51.736178    1297 xla_compilation_cache.cc:113] XLA compilation cache fetch for computation 'jit_sample' (key 72aff3bf66536de) took 372.451787ms: PERSISTENT_FETCH
I0828 01:29:51.948570     742 server_lib.cc:1855] Attempting to load component jit_compute_and_gather_logprobs.5622832922158733521 @ 0 at worker after 1.10559ms (proto size 2516)
I0828 01:29:52.280228    1297 tpu_chip_config.cc:367] Resolved chip config alias megachip_tccontrol->megacore for 2093c6a02, 
I0828 01:29:52.281792    1297 tpu_chip_config.cc:367] Resolved chip config alias megachip_tccontrol->megacore for 2093c6a02, 
I0828 01:29:52.283196    1297 xla_compilation_cache.cc:113] XLA compilation cache fetch for computation 'jit_compute_and_gather_logprobs' (key 6686ccce3b69a93e) took 334.636209ms: PERSISTENT_FETCH
I0828 01:29:52.478081     732 server_lib.cc:1855] Attempting to load component jit_compute_and_gather_logprobs.5622832922158734460 @ 0 at worker after 962.879us (proto size 2516)
I0828 01:29:52.833681    1297 tpu_chip_config.cc:367] Resolved chip config alias megachip_tccontrol->megacore for 2093c6a02, 
I0828 01:29:52.835260    1297 tpu_chip_config.cc:367] Resolved chip config alias megachip_tccontrol->megacore for 2093c6a02, 
I0828 01:29:52.836837    1297 xla_compilation_cache.cc:113] XLA compilation cache fetch for computation 'jit_compute_and_gather_logprobs' (key 4c256bbc3e4552aa) took 358.766637ms: PERSISTENT_FETCH
I0828 01:29:53.052378    1840 server_lib.cc:1855] Attempting to load component jit_compute_and_gather_logprobs.5622832922158731303 @ 0 at worker after 986.8us (proto size 2516)
I0828 01:29:53.420159    1297 tpu_chip_config.cc:367] Resolved chip config alias megachip_tccontrol->megacore for 2093c6a02, 
I0828 01:29:53.421806    1297 tpu_chip_config.cc:367] Resolved chip config alias megachip_tccontrol->megacore for 2093c6a02, 
I0828 01:29:53.423378    1297 xla_compilation_cache.cc:113] XLA compilation cache fetch for computation 'jit_compute_and_gather_logprobs' (key 86d218ca0758fec4) took 371.009034ms: PERSISTENT_FETCH
I0828 01:29:53.614752     727 server_lib.cc:1855] Attempting to load component jit_compute_and_gather_logprobs.5622832922158732242 @ 0 at worker after 1.036157ms (proto size 2516)
I0828 01:29:54.024570    1297 tpu_chip_config.cc:367] Resolved chip config alias megachip_tccontrol->megacore for 2093c6a02, 
I0828 01:29:54.026152    1297 tpu_chip_config.cc:367] Resolved chip config alias megachip_tccontrol->megacore for 2093c6a02, 
I0828 01:29:54.027737    1297 xla_compilation_cache.cc:113] XLA compilation cache fetch for computation 'jit_compute_and_gather_logprobs' (key 47b3d3fd7c7bae3e) took 412.995673ms: PERSISTENT_FETCH
I0828 01:29:54.224773     718 server_lib.cc:1855] Attempting to load component jit_compute_and_gather_logprobs.5622832922158733181 @ 0 at worker after 909.575us (proto size 2521)
I0828 01:29:54.617527    1297 tpu_chip_config.cc:367] Resolved chip config alias megachip_tccontrol->megacore for 2093c6a02, 
I0828 01:29:54.619096    1297 tpu_chip_config.cc:367] Resolved chip config alias megachip_tccontrol->megacore for 2093c6a02, 
I0828 01:29:54.620597    1297 xla_compilation_cache.cc:113] XLA compilation cache fetch for computation 'jit_compute_and_gather_logprobs' (key a05471787de8b594) took 395.832836ms: PERSISTENT_FETCH
I0828 01:29:54.798639    1840 server_lib.cc:1855] Attempting to load component jit_compute_and_gather_logprobs.5622832922158734120 @ 0 at worker after 950.367us (proto size 2521)
I0828 01:29:55.195994    1297 tpu_chip_config.cc:367] Resolved chip config alias megachip_tccontrol->megacore for 2093c6a02, 
I0828 01:29:55.197518    1297 tpu_chip_config.cc:367] Resolved chip config alias megachip_tccontrol->megacore for 2093c6a02, 
I0828 01:29:55.198972    1297 xla_compilation_cache.cc:113] XLA compilation cache fetch for computation 'jit_compute_and_gather_logprobs' (key 5c22c632287b0fb8) took 400.341335ms: PERSISTENT_FETCH
I0828 01:29:55.276735    1864 server_lib.cc:1855] Attempting to load component jit_sample.927922527692928978 @ 0 at worker after 1.167095ms (proto size 2532)
I0828 01:29:59.849585    1297 tpu_chip_config.cc:367] Resolved chip config alias megachip_tccontrol->megacore for 2093c6a02, 
I0828 01:29:59.852039    1297 tpu_chip_config.cc:367] Resolved chip config alias megachip_tccontrol->megacore for 2093c6a02, 
I0828 01:29:59.854586    1297 xla_compilation_cache.cc:113] XLA compilation cache fetch for computation 'jit_sample' (key 6d7597711fd46554) took 4.577864101s: PERSISTENT_FETCH
I0828 01:29:59.947651    1840 server_lib.cc:1855] Attempting to load component jit_sample.5622832922158735059 @ 0 at worker after 1.216345ms (proto size 2533)
I0828 01:30:04.617819    1297 tpu_chip_config.cc:367] Resolved chip config alias megachip_tccontrol->megacore for 2093c6a02, 
I0828 01:30:04.620350    1297 tpu_chip_config.cc:367] Resolved chip config alias megachip_tccontrol->megacore for 2093c6a02, 
I0828 01:30:04.622743    1297 xla_compilation_cache.cc:113] XLA compilation cache fetch for computation 'jit_sample' (key d5a6aa50a3a99a35) took 4.67510201s: PERSISTENT_FETCH
I0828 01:30:04.790536    1837 server_lib.cc:1855] Attempting to load component jit_sample.927922527692927667 @ 0 at worker after 1.088396ms (proto size 2531)
I0828 01:30:06.560997    1297 tpu_chip_config.cc:367] Resolved chip config alias megachip_tccontrol->megacore for 2093c6a02, 
I0828 01:30:06.563353    1297 tpu_chip_config.cc:367] Resolved chip config alias megachip_tccontrol->megacore for 2093c6a02, 
I0828 01:30:06.565676    1297 xla_compilation_cache.cc:113] XLA compilation cache fetch for computation 'jit_sample' (key 5dd36e3702f2675) took 1.775148957s: PERSISTENT_FETCH
I0828 01:30:06.653377     718 server_lib.cc:1855] Attempting to load component jit_sample.5622832922158732528 @ 0 at worker after 936.538us (proto size 2533)
I0828 01:30:08.351384    1297 tpu_chip_config.cc:367] Resolved chip config alias megachip_tccontrol->megacore for 2093c6a02, 
I0828 01:30:08.353731    1297 tpu_chip_config.cc:367] Resolved chip config alias megachip_tccontrol->megacore for 2093c6a02, 
I0828 01:30:08.356368    1297 xla_compilation_cache.cc:113] XLA compilation cache fetch for computation 'jit_sample' (key 31e6d1cf3bf40799) took 1.702999891s: PERSISTENT_FETCH
I0828 01:30:08.523880    1837 server_lib.cc:1855] Attempting to load component jit_sample.927922527692930452 @ 0 at worker after 1.125218ms (proto size 2532)
I0828 01:30:10.255506    1297 tpu_chip_config.cc:367] Resolved chip config alias megachip_tccontrol->megacore for 2093c6a02, 
I0828 01:30:10.257990    1297 tpu_chip_config.cc:367] Resolved chip config alias megachip_tccontrol->megacore for 2093c6a02, 
I0828 01:30:10.260370    1297 xla_compilation_cache.cc:113] XLA compilation cache fetch for computation 'jit_sample' (key f1f2094601f69d5b) took 1.736498712s: PERSISTENT_FETCH
I0828 01:30:10.394970    1864 server_lib.cc:1855] Attempting to load component jit_sample.5622832922158734093 @ 0 at worker after 1.097423ms (proto size 2533)
I0828 01:30:12.151391    1297 tpu_chip_config.cc:367] Resolved chip config alias megachip_tccontrol->megacore for 2093c6a02, 
I0828 01:30:12.153818    1297 tpu_chip_config.cc:367] Resolved chip config alias megachip_tccontrol->megacore for 2093c6a02, 
I0828 01:30:12.156220    1297 xla_compilation_cache.cc:113] XLA compilation cache fetch for computation 'jit_sample' (key 66295e5588d0e22f) took 1.761262776s: PERSISTENT_FETCH
I0828 01:30:12.317635     732 server_lib.cc:1855] Attempting to load component jit_sample.927922527692929141 @ 0 at worker after 1.162689ms (proto size 2532)
I0828 01:30:16.124856    1297 tpu_chip_config.cc:367] Resolved chip config alias megachip_tccontrol->megacore for 2093c6a02, 
I0828 01:30:16.127309    1297 tpu_chip_config.cc:367] Resolved chip config alias megachip_tccontrol->megacore for 2093c6a02, 
I0828 01:30:16.129860    1297 xla_compilation_cache.cc:113] XLA compilation cache fetch for computation 'jit_sample' (key 9b7b64164a5e3a49) took 3.812233617s: PERSISTENT_FETCH
I0828 01:30:16.217848    1837 server_lib.cc:1855] Attempting to load component jit_sample.5622832922158731562 @ 0 at worker after 967.025us (proto size 2533)
I0828 01:30:20.054486    1297 tpu_chip_config.cc:367] Resolved chip config alias megachip_tccontrol->megacore for 2093c6a02, 
I0828 01:30:20.056948    1297 tpu_chip_config.cc:367] Resolved chip config alias megachip_tccontrol->megacore for 2093c6a02, 
I0828 01:30:20.059354    1297 xla_compilation_cache.cc:113] XLA compilation cache fetch for computation 'jit_sample' (key 4db4fdcd3084e3b6) took 3.84151312s: PERSISTENT_FETCH
I0828 01:30:20.248079     711 server_lib.cc:1855] Attempting to load component jit_sample.927922527692927830 @ 0 at worker after 1.096577ms (proto size 2538)
I0828 01:30:28.945552    1297 tpu_chip_config.cc:367] Resolved chip config alias megachip_tccontrol->megacore for 2093c6a02, 
I0828 01:30:28.948011    1297 tpu_chip_config.cc:367] Resolved chip config alias megachip_tccontrol->megacore for 2093c6a02, 
I0828 01:30:28.950527    1297 xla_compilation_cache.cc:113] XLA compilation cache fetch for computation 'jit_sample' (key a6d45bee867de68c) took 8.702457388s: PERSISTENT_FETCH
I0828 01:30:29.060515    1837 server_lib.cc:1855] Attempting to load component jit_sample.5622832922158733127 @ 0 at worker after 1.137681ms (proto size 2539)
I0828 01:30:37.749700    1297 tpu_chip_config.cc:367] Resolved chip config alias megachip_tccontrol->megacore for 2093c6a02, 
I0828 01:30:37.752131    1297 tpu_chip_config.cc:367] Resolved chip config alias megachip_tccontrol->megacore for 2093c6a02, 
I0828 01:30:37.754738    1297 xla_compilation_cache.cc:113] XLA compilation cache fetch for computation 'jit_sample' (key bb71570e3b10f4e1) took 8.694232757s: PERSISTENT_FETCH
I0828 01:30:37.915969     727 server_lib.cc:1855] Attempting to load component jit_sample.927922527692930615 @ 0 at worker after 1.159207ms (proto size 2538)
I0828 01:30:39.616472    1297 tpu_chip_config.cc:367] Resolved chip config alias megachip_tccontrol->megacore for 2093c6a02, 
I0828 01:30:39.618881    1297 tpu_chip_config.cc:367] Resolved chip config alias megachip_tccontrol->megacore for 2093c6a02, 
I0828 01:30:39.621461    1297 xla_compilation_cache.cc:113] XLA compilation cache fetch for computation 'jit_sample' (key 3c5cf0203fa232ca) took 1.705503607s: PERSISTENT_FETCH
I0828 01:30:39.715154     732 server_lib.cc:1855] Attempting to load component jit_sample.5622832922158734692 @ 0 at worker after 1.046244ms (proto size 2539)
I0828 01:30:41.587871    1297 tpu_chip_config.cc:367] Resolved chip config alias megachip_tccontrol->megacore for 2093c6a02, 
I0828 01:30:41.590587    1297 tpu_chip_config.cc:367] Resolved chip config alias megachip_tccontrol->megacore for 2093c6a02, 
I0828 01:30:41.593145    1297 xla_compilation_cache.cc:113] XLA compilation cache fetch for computation 'jit_sample' (key a5e8ec196a4dcf7e) took 1.878000156s: PERSISTENT_FETCH
I0828 01:30:41.903261    1840 server_lib.cc:1855] Attempting to load component jit__allocate.927922527692928550 @ 0 at worker after 1.04962ms (proto size 2403)
I0828 01:30:42.160056    1297 tpu_chip_config.cc:367] Resolved chip config alias megachip_tccontrol->megacore for 2093c6a02, 
I0828 01:30:42.161801    1297 tpu_chip_config.cc:367] Resolved chip config alias megachip_tccontrol->megacore for 2093c6a02, 
I0828 01:30:42.162647    1297 xla_compilation_cache.cc:113] XLA compilation cache fetch for computation 'jit__allocate' (key 44c937081d7ee1dc) took 259.394845ms: PERSISTENT_FETCH
I0828 01:30:42.974549    1840 server_lib.cc:1855] Attempting to load component jit_convert_element_type.927922527692928679 @ 0 at worker after 1.390107ms (proto size 2411)
I0828 01:30:43.076941     750 worker_op_dispatcher.cc:4605] Component is not loaded yet; deferring unload until load completes: jit__allocate.927922527692928550 @ 0
I0828 01:30:43.076998    1502 server_lib.cc:743] Unloading component jit__allocate.927922527692928550 @ 0 at worker
I0828 01:30:43.187476     718 server_lib.cc:1855] Attempting to load component jit_broadcast_in_dim.5622832922158733332 @ 0 at worker after 1.108394ms (proto size 2414)
I0828 01:30:43.203633    1297 tpu_chip_config.cc:367] Resolved chip config alias megachip_tccontrol->megacore for 2093c6a02, 
I0828 01:30:43.205380    1297 tpu_chip_config.cc:367] Resolved chip config alias megachip_tccontrol->megacore for 2093c6a02, 
I0828 01:30:43.206187    1297 xla_compilation_cache.cc:113] XLA compilation cache fetch for computation 'jit_convert_element_type' (key d4bb2065732563ff) took 231.789392ms: PERSISTENT_FETCH
I0828 01:30:43.397650    1298 tpu_chip_config.cc:367] Resolved chip config alias megachip_tccontrol->megacore for 2093c6a02, 
I0828 01:30:43.399225    1298 tpu_chip_config.cc:367] Resolved chip config alias megachip_tccontrol->megacore for 2093c6a02, 
I0828 01:30:43.400057    1298 xla_compilation_cache.cc:113] XLA compilation cache fetch for computation 'jit_broadcast_in_dim' (key 25b2f9a67df5a232) took 212.78172ms: PERSISTENT_FETCH
I0828 01:30:43.426951    1837 server_lib.cc:1855] Attempting to load component jit_broadcast_in_dim.927922527692929596 @ 0 at worker after 1.483797ms (proto size 2413)
I0828 01:30:43.647895    1298 tpu_chip_config.cc:367] Resolved chip config alias megachip_tccontrol->megacore for 2093c6a02, 
I0828 01:30:43.649454    1298 tpu_chip_config.cc:367] Resolved chip config alias megachip_tccontrol->megacore for 2093c6a02, 
I0828 01:30:43.650277    1298 xla_compilation_cache.cc:113] XLA compilation cache fetch for computation 'jit_broadcast_in_dim' (key b96b20f1ec0d6adc) took 223.991885ms: PERSISTENT_FETCH
I0828 01:30:43.672391     727 server_lib.cc:1855] Attempting to load component jit_broadcast_in_dim.934836157317374954 @ 0 at worker after 1.087437ms (proto size 2413)
I0828 01:30:43.881238    1298 tpu_chip_config.cc:367] Resolved chip config alias megachip_tccontrol->megacore for 2093c6a02, 
I0828 01:30:43.882845    1298 tpu_chip_config.cc:367] Resolved chip config alias megachip_tccontrol->megacore for 2093c6a02, 
I0828 01:30:43.883656    1298 xla_compilation_cache.cc:113] XLA compilation cache fetch for computation 'jit_broadcast_in_dim' (key 5043b7c95928295a) took 211.403511ms: PERSISTENT_FETCH
I0828 01:30:52.386755    1840 server_lib.cc:1855] Attempting to load component jit_run_model.5622832922158734244 @ 0 at worker after 2.817061ms (proto size 14988)
I0828 01:30:59.742755    1298 tpu_chip_config.cc:367] Resolved chip config alias megachip_tccontrol->megacore for 2093c6a02, 
I0828 01:30:59.755685    1298 tpu_chip_config.cc:367] Resolved chip config alias megachip_tccontrol->megacore for 2093c6a02, 
I0828 01:30:59.778322    1298 xla_compilation_cache.cc:113] XLA compilation cache fetch for computation 'jit_run_model' (key 50a59dc561816da2) took 7.392371508s: PERSISTENT_FETCH
I0828 01:31:00.250907    1840 server_lib.cc:1855] Attempting to load component jit_convert_element_type.934836157317377683 @ 0 at worker after 1.149891ms (proto size 2411)
I0828 01:31:00.463949     727 server_lib.cc:1855] Attempting to load component jit_broadcast_in_dim.5622832922158731400 @ 0 at worker after 1.574366ms (proto size 2418)
I0828 01:31:00.474135    1298 tpu_chip_config.cc:367] Resolved chip config alias megachip_tccontrol->megacore for 2093c6a02, 
I0828 01:31:00.475916    1298 tpu_chip_config.cc:367] Resolved chip config alias megachip_tccontrol->megacore for 2093c6a02, 
I0828 01:31:00.476789    1298 xla_compilation_cache.cc:113] XLA compilation cache fetch for computation 'jit_convert_element_type' (key 59d1c8969685192e) took 226.066861ms: PERSISTENT_FETCH
I0828 01:31:00.668771    1297 tpu_chip_config.cc:367] Resolved chip config alias megachip_tccontrol->megacore for 2093c6a02, 
I0828 01:31:00.670317    1297 tpu_chip_config.cc:367] Resolved chip config alias megachip_tccontrol->megacore for 2093c6a02, 
I0828 01:31:00.671102    1297 xla_compilation_cache.cc:113] XLA compilation cache fetch for computation 'jit_broadcast_in_dim' (key d366b23e899b3a47) took 207.830813ms: PERSISTENT_FETCH
I0828 01:31:00.779085     718 server_lib.cc:1855] Attempting to load component jit_broadcast_in_dim.5622832922158732339 @ 0 at worker after 1.162517ms (proto size 2413)
I0828 01:31:00.990346    1297 tpu_chip_config.cc:367] Resolved chip config alias megachip_tccontrol->megacore for 2093c6a02, 
I0828 01:31:00.991962    1297 tpu_chip_config.cc:367] Resolved chip config alias megachip_tccontrol->megacore for 2093c6a02, 
I0828 01:31:00.992759    1297 xla_compilation_cache.cc:113] XLA compilation cache fetch for computation 'jit_broadcast_in_dim' (key 100b3b104a6bf11d) took 213.799703ms: PERSISTENT_FETCH
I0828 01:31:01.022027     711 server_lib.cc:1855] Attempting to load component jit__select_from_array_fn.12947613028601671090 @ 0 at worker after 1.602939ms (proto size 2462)
I0828 01:31:01.244488    1297 tpu_chip_config.cc:367] Resolved chip config alias megachip_tccontrol->megacore for 2093c6a02, 
I0828 01:31:01.246060    1297 tpu_chip_config.cc:367] Resolved chip config alias megachip_tccontrol->megacore for 2093c6a02, 
I0828 01:31:01.246940    1297 xla_compilation_cache.cc:113] XLA compilation cache fetch for computation 'jit__select_from_array_fn' (key e9e885934b9b9299) took 225.635626ms: PERSISTENT_FETCH
I0828 01:31:01.311055     727 server_lib.cc:1855] Attempting to load component jit_broadcast_in_dim.5622832922158734217 @ 0 at worker after 3.010789ms (proto size 2413)
I0828 01:31:01.514238    1297 tpu_chip_config.cc:367] Resolved chip config alias megachip_tccontrol->megacore for 2093c6a02, 
I0828 01:31:01.515862    1297 tpu_chip_config.cc:367] Resolved chip config alias megachip_tccontrol->megacore for 2093c6a02, 
I0828 01:31:01.516700    1297 xla_compilation_cache.cc:113] XLA compilation cache fetch for computation 'jit_broadcast_in_dim' (key f4e81cda2b38261e) took 205.788034ms: PERSISTENT_FETCH
I0828 01:31:01.543890     732 server_lib.cc:1855] Attempting to load component jit__select_from_array_fn.12947613028601667804 @ 0 at worker after 1.606401ms (proto size 2462)
I0828 01:31:01.773449    1297 tpu_chip_config.cc:367] Resolved chip config alias megachip_tccontrol->megacore for 2093c6a02, 
I0828 01:31:01.774996    1297 tpu_chip_config.cc:367] Resolved chip config alias megachip_tccontrol->megacore for 2093c6a02, 
I0828 01:31:01.775921    1297 xla_compilation_cache.cc:113] XLA compilation cache fetch for computation 'jit__select_from_array_fn' (key c5cb47476c24c798) took 232.70554ms: PERSISTENT_FETCH
I0828 01:31:01.832332     727 server_lib.cc:1855] Attempting to load component jit_broadcast_in_dim.12947613028601668344 @ 0 at worker after 1.146479ms (proto size 2413)
I0828 01:31:02.067987    1297 tpu_chip_config.cc:367] Resolved chip config alias megachip_tccontrol->megacore for 2093c6a02, 
I0828 01:31:02.069537    1297 tpu_chip_config.cc:367] Resolved chip config alias megachip_tccontrol->megacore for 2093c6a02, 
I0828 01:31:02.070343    1297 xla_compilation_cache.cc:113] XLA compilation cache fetch for computation 'jit_broadcast_in_dim' (key 2ad77de9d13750a) took 238.183123ms: PERSISTENT_FETCH
I0828 01:31:02.134759     718 server_lib.cc:1855] Attempting to load component jit__select_from_array_fn.196317131024095449 @ 0 at worker after 1.486901ms (proto size 2460)
I0828 01:31:02.365299    1297 tpu_chip_config.cc:367] Resolved chip config alias megachip_tccontrol->megacore for 2093c6a02, 
I0828 01:31:02.366853    1297 tpu_chip_config.cc:367] Resolved chip config alias megachip_tccontrol->megacore for 2093c6a02, 
I0828 01:31:02.367725    1297 xla_compilation_cache.cc:113] XLA compilation cache fetch for computation 'jit__select_from_array_fn' (key 4ca1b40ae2792f53) took 233.476617ms: PERSISTENT_FETCH
I0828 01:31:02.424008     718 server_lib.cc:1855] Attempting to load component jit_broadcast_in_dim.6111309008459216890 @ 0 at worker after 1.497058ms (proto size 2412)
I0828 01:31:02.625671    1297 tpu_chip_config.cc:367] Resolved chip config alias megachip_tccontrol->megacore for 2093c6a02, 
I0828 01:31:02.627231    1297 tpu_chip_config.cc:367] Resolved chip config alias megachip_tccontrol->megacore for 2093c6a02, 
I0828 01:31:02.628022    1297 xla_compilation_cache.cc:113] XLA compilation cache fetch for computation 'jit_broadcast_in_dim' (key 66516a1f8b9b74e) took 204.123756ms: PERSISTENT_FETCH
I0828 01:31:02.657912     727 server_lib.cc:1855] Attempting to load component jit__select_from_array_fn.196317131024096003 @ 0 at worker after 1.744522ms (proto size 2460)
I0828 01:31:02.885440    1297 tpu_chip_config.cc:367] Resolved chip config alias megachip_tccontrol->megacore for 2093c6a02, 
I0828 01:31:02.886955    1297 tpu_chip_config.cc:367] Resolved chip config alias megachip_tccontrol->megacore for 2093c6a02, 
I0828 01:31:02.887873    1297 xla_compilation_cache.cc:113] XLA compilation cache fetch for computation 'jit__select_from_array_fn' (key 289ec6647e9d5c12) took 230.847171ms: PERSISTENT_FETCH
I0828 01:31:02.950868    1840 server_lib.cc:1855] Attempting to load component jit_broadcast_in_dim.934836157317377291 @ 0 at worker after 1.412485ms (proto size 2413)
I0828 01:31:03.154356    1297 tpu_chip_config.cc:367] Resolved chip config alias megachip_tccontrol->megacore for 2093c6a02, 
I0828 01:31:03.155941    1297 tpu_chip_config.cc:367] Resolved chip config alias megachip_tccontrol->megacore for 2093c6a02, 
I0828 01:31:03.156723    1297 xla_compilation_cache.cc:113] XLA compilation cache fetch for computation 'jit_broadcast_in_dim' (key f2fc9cdb65b457ac) took 206.000671ms: PERSISTENT_FETCH
I0828 01:31:03.198882     711 server_lib.cc:1855] Attempting to load component jit__select_from_array_fn.11097614078210886194 @ 0 at worker after 1.562067ms (proto size 2464)
I0828 01:31:03.429929    1297 tpu_chip_config.cc:367] Resolved chip config alias megachip_tccontrol->megacore for 2093c6a02, 
I0828 01:31:03.431397    1297 tpu_chip_config.cc:367] Resolved chip config alias megachip_tccontrol->megacore for 2093c6a02, 
I0828 01:31:03.432258    1297 xla_compilation_cache.cc:113] XLA compilation cache fetch for computation 'jit__select_from_array_fn' (key b939ad4946c9c982) took 234.059066ms: PERSISTENT_FETCH
I0828 01:31:03.515000     732 server_lib.cc:1855] Attempting to load component jit__select_from_array_fn.934836157317374753 @ 0 at worker after 985.748us (proto size 2462)
I0828 01:31:03.760064    1297 tpu_chip_config.cc:367] Resolved chip config alias megachip_tccontrol->megacore for 2093c6a02, 
I0828 01:31:03.761660    1297 tpu_chip_config.cc:367] Resolved chip config alias megachip_tccontrol->megacore for 2093c6a02, 
I0828 01:31:03.762552    1297 xla_compilation_cache.cc:113] XLA compilation cache fetch for computation 'jit__select_from_array_fn' (key c2cd37ad1a81624e) took 247.66289ms: PERSISTENT_FETCH
I0828 01:31:03.779071    1837 server_lib.cc:1855] Attempting to load component jit_broadcast_in_dim.196317131024093734 @ 0 at worker after 1.444301ms (proto size 2416)
I0828 01:31:03.985304    1297 tpu_chip_config.cc:367] Resolved chip config alias megachip_tccontrol->megacore for 2093c6a02, 
I0828 01:31:03.986816    1297 tpu_chip_config.cc:367] Resolved chip config alias megachip_tccontrol->megacore for 2093c6a02, 
I0828 01:31:03.987547    1297 xla_compilation_cache.cc:113] XLA compilation cache fetch for computation 'jit_broadcast_in_dim' (key 965c4a493e274da4) took 209.091538ms: PERSISTENT_FETCH
I0828 01:31:04.065314     732 server_lib.cc:1855] Attempting to load component jit_run_compute_logits.196317131024094288 @ 0 at worker after 1.182921ms (proto size 2460)
I0828 01:31:04.473843    1837 server_lib.cc:1855] Attempting to load component jit_broadcast_in_dim.5622832922158735129 @ 0 at worker after 3.435304ms (proto size 2417)
I0828 01:31:04.481054    1297 tpu_chip_config.cc:367] Resolved chip config alias megachip_tccontrol->megacore for 2093c6a02, 
I0828 01:31:04.482690    1297 tpu_chip_config.cc:367] Resolved chip config alias megachip_tccontrol->megacore for 2093c6a02, 
I0828 01:31:04.483697    1297 xla_compilation_cache.cc:113] XLA compilation cache fetch for computation 'jit_run_compute_logits' (key 8e9119890bf3e784) took 418.504512ms: PERSISTENT_FETCH
I0828 01:31:04.698214    1298 tpu_chip_config.cc:367] Resolved chip config alias megachip_tccontrol->megacore for 2093c6a02, 
I0828 01:31:04.699788    1298 tpu_chip_config.cc:367] Resolved chip config alias megachip_tccontrol->megacore for 2093c6a02, 
I0828 01:31:04.700550    1298 xla_compilation_cache.cc:113] XLA compilation cache fetch for computation 'jit_broadcast_in_dim' (key d23cb45776f65df2) took 229.262497ms: PERSISTENT_FETCH
I0828 01:31:04.769134     718 server_lib.cc:1855] Attempting to load component jit_run_compute_logits.934836157317374361 @ 0 at worker after 988.578us (proto size 2460)
I0828 01:31:05.186374    1840 server_lib.cc:1855] Attempting to load component jit_broadcast_in_dim.196317131024094842 @ 0 at worker after 855.014us (proto size 2415)
I0828 01:31:05.201475    1298 tpu_chip_config.cc:367] Resolved chip config alias megachip_tccontrol->megacore for 2093c6a02, 
I0828 01:31:05.203173    1298 tpu_chip_config.cc:367] Resolved chip config alias megachip_tccontrol->megacore for 2093c6a02, 
I0828 01:31:05.204150    1298 xla_compilation_cache.cc:113] XLA compilation cache fetch for computation 'jit_run_compute_logits' (key f71e89e11ba128fd) took 435.021955ms: PERSISTENT_FETCH
I0828 01:31:05.396628    1297 tpu_chip_config.cc:367] Resolved chip config alias megachip_tccontrol->megacore for 2093c6a02, 
I0828 01:31:05.398165    1297 tpu_chip_config.cc:367] Resolved chip config alias megachip_tccontrol->megacore for 2093c6a02, 
I0828 01:31:05.398959    1297 xla_compilation_cache.cc:113] XLA compilation cache fetch for computation 'jit_broadcast_in_dim' (key f5c720a1e4618ed) took 212.594894ms: PERSISTENT_FETCH
I0828 01:31:05.472512    1837 server_lib.cc:1855] Attempting to load component jit_run_compute_logits.11097614078210885067 @ 0 at worker after 1.027833ms (proto size 2462)
I0828 01:31:05.893474    1840 server_lib.cc:1855] Attempting to load component jit_broadcast_in_dim.5622832922158734476 @ 0 at worker after 998.322us (proto size 2417)
I0828 01:31:05.902562    1297 tpu_chip_config.cc:367] Resolved chip config alias megachip_tccontrol->megacore for 2093c6a02, 
I0828 01:31:05.904206    1297 tpu_chip_config.cc:367] Resolved chip config alias megachip_tccontrol->megacore for 2093c6a02, 
I0828 01:31:05.905143    1297 xla_compilation_cache.cc:113] XLA compilation cache fetch for computation 'jit_run_compute_logits' (key cd959c4213cf3f98) took 432.638772ms: PERSISTENT_FETCH
I0828 01:31:06.107722    1298 tpu_chip_config.cc:367] Resolved chip config alias megachip_tccontrol->megacore for 2093c6a02, 
I0828 01:31:06.109214    1298 tpu_chip_config.cc:367] Resolved chip config alias megachip_tccontrol->megacore for 2093c6a02, 
I0828 01:31:06.110002    1298 xla_compilation_cache.cc:113] XLA compilation cache fetch for computation 'jit_broadcast_in_dim' (key 2680f3a7c48a66e1) took 216.536543ms: PERSISTENT_FETCH
I0828 01:31:06.181568     718 server_lib.cc:1855] Attempting to load component jit_run_compute_logits.11097614078210883810 @ 0 at worker after 1.046683ms (proto size 2462)
I0828 01:31:06.585799     732 server_lib.cc:1855] Attempting to load component jit_broadcast_in_dim.5622832922158732571 @ 0 at worker after 816.83us (proto size 2418)
I0828 01:31:06.597703    1298 tpu_chip_config.cc:367] Resolved chip config alias megachip_tccontrol->megacore for 2093c6a02, 
I0828 01:31:06.599500    1298 tpu_chip_config.cc:367] Resolved chip config alias megachip_tccontrol->megacore for 2093c6a02, 
I0828 01:31:06.600478    1298 xla_compilation_cache.cc:113] XLA compilation cache fetch for computation 'jit_run_compute_logits' (key 89245f9e310088c7) took 418.916926ms: PERSISTENT_FETCH
I0828 01:31:06.790384    1297 tpu_chip_config.cc:367] Resolved chip config alias megachip_tccontrol->megacore for 2093c6a02, 
I0828 01:31:06.791951    1297 tpu_chip_config.cc:367] Resolved chip config alias megachip_tccontrol->megacore for 2093c6a02, 
I0828 01:31:06.792728    1297 xla_compilation_cache.cc:113] XLA compilation cache fetch for computation 'jit_broadcast_in_dim' (key be2e6c56160dc4dd) took 206.935165ms: PERSISTENT_FETCH
I0828 01:31:06.874807     711 server_lib.cc:1855] Attempting to load component jit_run_compute_logits.11097614078210885327 @ 0 at worker after 1.132192ms (proto size 2464)
I0828 01:31:07.279420    1840 server_lib.cc:1855] Attempting to load component jit_broadcast_in_dim.934836157317375919 @ 0 at worker after 1.011114ms (proto size 2417)
I0828 01:31:07.291237    1297 tpu_chip_config.cc:367] Resolved chip config alias megachip_tccontrol->megacore for 2093c6a02, 
I0828 01:31:07.292789    1297 tpu_chip_config.cc:367] Resolved chip config alias megachip_tccontrol->megacore for 2093c6a02, 
I0828 01:31:07.293741    1297 xla_compilation_cache.cc:113] XLA compilation cache fetch for computation 'jit_run_compute_logits' (key 64ab136f8308357d) took 418.941734ms: PERSISTENT_FETCH
I0828 01:31:07.510033    1298 tpu_chip_config.cc:367] Resolved chip config alias megachip_tccontrol->megacore for 2093c6a02, 
I0828 01:31:07.511548    1298 tpu_chip_config.cc:367] Resolved chip config alias megachip_tccontrol->megacore for 2093c6a02, 
I0828 01:31:07.512310    1298 xla_compilation_cache.cc:113] XLA compilation cache fetch for computation 'jit_broadcast_in_dim' (key efaacb8a8a79f3d9) took 232.898233ms: PERSISTENT_FETCH
I0828 01:31:07.591409     742 server_lib.cc:1855] Attempting to load component jit_run_compute_logits.6111309008459215742 @ 0 at worker after 1.185712ms (proto size 2463)
I0828 01:31:08.015987    1298 tpu_chip_config.cc:367] Resolved chip config alias megachip_tccontrol->megacore for 2093c6a02, 
I0828 01:31:08.017558    1298 tpu_chip_config.cc:367] Resolved chip config alias megachip_tccontrol->megacore for 2093c6a02, 
I0828 01:31:08.018599    1298 xla_compilation_cache.cc:113] XLA compilation cache fetch for computation 'jit_run_compute_logits' (key aded5f8d4cb8c118) took 427.200053ms: PERSISTENT_FETCH
I0828 01:31:08.052617    1864 server_lib.cc:1855] Attempting to load component jit_broadcast_in_dim.5622832922158734449 @ 0 at worker after 899.027us (proto size 2413)
I0828 01:31:08.250391    1298 tpu_chip_config.cc:367] Resolved chip config alias megachip_tccontrol->megacore for 2093c6a02, 
I0828 01:31:08.251908    1298 tpu_chip_config.cc:367] Resolved chip config alias megachip_tccontrol->megacore for 2093c6a02, 
I0828 01:31:08.252679    1298 xla_compilation_cache.cc:113] XLA compilation cache fetch for computation 'jit_broadcast_in_dim' (key 33d20e3981d5a07f) took 200.070333ms: PERSISTENT_FETCH
I0828 01:31:08.281607     742 server_lib.cc:1855] Attempting to load component jit_convert_element_type.196317131024095396 @ 0 at worker after 876.123us (proto size 2411)
I0828 01:31:08.478682    1840 server_lib.cc:1855] Attempting to load component jit_broadcast_in_dim.11097614078210884070 @ 0 at worker after 1.055736ms (proto size 2414)
I0828 01:31:08.488957    1298 tpu_chip_config.cc:367] Resolved chip config alias megachip_tccontrol->megacore for 2093c6a02, 
I0828 01:31:08.490435    1298 tpu_chip_config.cc:367] Resolved chip config alias megachip_tccontrol->megacore for 2093c6a02, 
I0828 01:31:08.491190    1298 xla_compilation_cache.cc:113] XLA compilation cache fetch for computation 'jit_convert_element_type' (key d5c00e6d22718312) took 209.590207ms: PERSISTENT_FETCH
I0828 01:31:08.689892    1297 tpu_chip_config.cc:367] Resolved chip config alias megachip_tccontrol->megacore for 2093c6a02, 
I0828 01:31:08.691420    1297 tpu_chip_config.cc:367] Resolved chip config alias megachip_tccontrol->megacore for 2093c6a02, 
I0828 01:31:08.692173    1297 xla_compilation_cache.cc:113] XLA compilation cache fetch for computation 'jit_broadcast_in_dim' (key f1247465310c37c8) took 213.498295ms: PERSISTENT_FETCH
I0828 01:31:08.731482     727 server_lib.cc:1855] Attempting to load component jit_broadcast_in_dim.196317131024097058 @ 0 at worker after 832.991us (proto size 2412)
I0828 01:31:08.937126    1297 tpu_chip_config.cc:367] Resolved chip config alias megachip_tccontrol->megacore for 2093c6a02, 
I0828 01:31:08.938623    1297 tpu_chip_config.cc:367] Resolved chip config alias megachip_tccontrol->megacore for 2093c6a02, 
I0828 01:31:08.939380    1297 xla_compilation_cache.cc:113] XLA compilation cache fetch for computation 'jit_broadcast_in_dim' (key 224c2b3535d0e44d) took 207.90674ms: PERSISTENT_FETCH
I0828 01:31:08.982001     727 server_lib.cc:1855] Attempting to load component jit_broadcast_in_dim.927922527692929005 @ 0 at worker after 861.897us (proto size 2411)
I0828 01:31:09.185990    1297 tpu_chip_config.cc:367] Resolved chip config alias megachip_tccontrol->megacore for 2093c6a02, 
I0828 01:31:09.187481    1297 tpu_chip_config.cc:367] Resolved chip config alias megachip_tccontrol->megacore for 2093c6a02, 
I0828 01:31:09.188280    1297 xla_compilation_cache.cc:113] XLA compilation cache fetch for computation 'jit_broadcast_in_dim' (key e191c21e547053b) took 206.287679ms: PERSISTENT_FETCH
I0828 01:31:09.232631    1864 server_lib.cc:1855] Attempting to load component jit_broadcast_in_dim.5622832922158734055 @ 0 at worker after 859.178us (proto size 2413)
I0828 01:31:09.443756    1297 tpu_chip_config.cc:367] Resolved chip config alias megachip_tccontrol->megacore for 2093c6a02, 
I0828 01:31:09.445270    1297 tpu_chip_config.cc:367] Resolved chip config alias megachip_tccontrol->megacore for 2093c6a02, 
I0828 01:31:09.446035    1297 xla_compilation_cache.cc:113] XLA compilation cache fetch for computation 'jit_broadcast_in_dim' (key e25497f62a106efa) took 213.411565ms: PERSISTENT_FETCH
I0828 01:31:09.487092     732 server_lib.cc:1855] Attempting to load component jit_broadcast_in_dim.5622832922158732123 @ 0 at worker after 921.921us (proto size 2414)
I0828 01:31:09.686811    1297 tpu_chip_config.cc:367] Resolved chip config alias megachip_tccontrol->megacore for 2093c6a02, 
I0828 01:31:09.688322    1297 tpu_chip_config.cc:367] Resolved chip config alias megachip_tccontrol->megacore for 2093c6a02, 
I0828 01:31:09.689099    1297 xla_compilation_cache.cc:113] XLA compilation cache fetch for computation 'jit_broadcast_in_dim' (key 3d54611d484f0764) took 202.015077ms: PERSISTENT_FETCH
I0828 01:31:09.731545     718 server_lib.cc:1855] Attempting to load component jit_broadcast_in_dim.934836157317376105 @ 0 at worker after 928.906us (proto size 2412)
I0828 01:31:09.941219    1297 tpu_chip_config.cc:367] Resolved chip config alias megachip_tccontrol->megacore for 2093c6a02, 
I0828 01:31:09.942696    1297 tpu_chip_config.cc:367] Resolved chip config alias megachip_tccontrol->megacore for 2093c6a02, 
I0828 01:31:09.943429    1297 xla_compilation_cache.cc:113] XLA compilation cache fetch for computation 'jit_broadcast_in_dim' (key 39860bbd69c3e39) took 211.890926ms: PERSISTENT_FETCH
I0828 01:31:10.019181    1863 server_lib.cc:1855] Attempting to load component jit__split_rngs.6111309008459217411 @ 0 at worker after 1.159483ms (proto size 2446)
I0828 01:31:10.331993    1297 tpu_chip_config.cc:367] Resolved chip config alias megachip_tccontrol->megacore for 2093c6a02, 
I0828 01:31:10.333466    1297 tpu_chip_config.cc:367] Resolved chip config alias megachip_tccontrol->megacore for 2093c6a02, 
I0828 01:31:10.334963    1297 xla_compilation_cache.cc:113] XLA compilation cache fetch for computation 'jit__split_rngs' (key b77cd1a483527ab1) took 315.789143ms: PERSISTENT_FETCH
I0828 01:31:18.426837     727 server_lib.cc:1855] Attempting to load component jit__decode_core.927922527692928611 @ 0 at worker after 2.331802ms (proto size 15145)
I0828 01:31:25.445427    1297 tpu_chip_config.cc:367] Resolved chip config alias megachip_tccontrol->megacore for 2093c6a02, 
I0828 01:31:25.453398    1297 tpu_chip_config.cc:367] Resolved chip config alias megachip_tccontrol->megacore for 2093c6a02, 
I0828 01:31:25.478880    1297 xla_compilation_cache.cc:113] XLA compilation cache fetch for computation 'jit__decode_core' (key 9c6aeea7d0b8c0a1) took 7.05205691s: PERSISTENT_FETCH
I0828 01:31:33.833041     718 server_lib.cc:1855] Attempting to load component jit__decode_core.6111309008459216550 @ 0 at worker after 1.947452ms (proto size 15145)
I0828 01:31:40.786300    1297 tpu_chip_config.cc:367] Resolved chip config alias megachip_tccontrol->megacore for 2093c6a02, 
I0828 01:31:40.794421    1297 tpu_chip_config.cc:367] Resolved chip config alias megachip_tccontrol->megacore for 2093c6a02, 
I0828 01:31:40.819077    1297 xla_compilation_cache.cc:113] XLA compilation cache fetch for computation 'jit__decode_core' (key d78a36030e33f6a) took 6.986051577s: PERSISTENT_FETCH
I0828 01:31:49.419973     732 server_lib.cc:1855] Attempting to load component jit__decode_core.927922527692930282 @ 0 at worker after 2.100027ms (proto size 15145)
I0828 01:31:57.632781    1297 tpu_chip_config.cc:367] Resolved chip config alias megachip_tccontrol->megacore for 2093c6a02, 
I0828 01:31:57.641495    1297 tpu_chip_config.cc:367] Resolved chip config alias megachip_tccontrol->megacore for 2093c6a02, 
I0828 01:31:57.667849    1297 xla_compilation_cache.cc:113] XLA compilation cache fetch for computation 'jit__decode_core' (key 4277cd4b243cdf54) took 8.247889425s: PERSISTENT_FETCH
I0828 01:32:04.951845    1837 server_lib.cc:1855] Attempting to load component jit__decode_core.6111309008459215689 @ 0 at worker after 2.272385ms (proto size 15146)
I0828 01:32:13.026503    1297 tpu_chip_config.cc:367] Resolved chip config alias megachip_tccontrol->megacore for 2093c6a02, 
I0828 01:32:13.035535    1297 tpu_chip_config.cc:367] Resolved chip config alias megachip_tccontrol->megacore for 2093c6a02, 
I0828 01:32:13.062465    1297 xla_compilation_cache.cc:113] XLA compilation cache fetch for computation 'jit__decode_core' (key 6564dfa844da5aaf) took 8.110634728s: PERSISTENT_FETCH
I0828 01:32:21.660565    1863 server_lib.cc:1855] Attempting to load component jit__decode_core.12947613028601668005 @ 0 at worker after 2.053182ms (proto size 15154)
I0828 01:32:29.298538    1297 tpu_chip_config.cc:367] Resolved chip config alias megachip_tccontrol->megacore for 2093c6a02, 
I0828 01:32:29.308666    1297 tpu_chip_config.cc:367] Resolved chip config alias megachip_tccontrol->megacore for 2093c6a02, 
I0828 01:32:29.333348    1297 xla_compilation_cache.cc:113] XLA compilation cache fetch for computation 'jit__decode_core' (key a56eb1e9b4226e95) took 7.672797866s: PERSISTENT_FETCH
I0828 01:32:36.529412    1837 server_lib.cc:1855] Attempting to load component jit__decode_core.6111309008459218924 @ 0 at worker after 2.201298ms (proto size 15153)
I0828 01:32:44.628262    1297 tpu_chip_config.cc:367] Resolved chip config alias megachip_tccontrol->megacore for 2093c6a02, 
I0828 01:32:44.637469    1297 tpu_chip_config.cc:367] Resolved chip config alias megachip_tccontrol->megacore for 2093c6a02, 
I0828 01:32:44.662974    1297 xla_compilation_cache.cc:113] XLA compilation cache fetch for computation 'jit__decode_core' (key 2ee5c19ac36e3f22) took 8.13357742s: PERSISTENT_FETCH
I0828 01:32:46.915859    1864 server_lib.cc:1855] Attempting to load component jit_convert_element_type.927922527692929528 @ 0 at worker after 1.203432ms (proto size 2441)
I0828 01:32:47.162805    1864 server_lib.cc:1855] Attempting to load component jit_convert_element_type.6111309008459216915 @ 0 at worker after 826.586us (proto size 2432)
I0828 01:32:47.174319    1297 tpu_chip_config.cc:367] Resolved chip config alias megachip_tccontrol->megacore for 2093c6a02, 
I0828 01:32:47.176093    1297 tpu_chip_config.cc:367] Resolved chip config alias megachip_tccontrol->megacore for 2093c6a02, 
I0828 01:32:47.176975    1297 xla_compilation_cache.cc:113] XLA compilation cache fetch for computation 'jit_convert_element_type' (key a3198de69802f198) took 261.127716ms: PERSISTENT_FETCH
I0828 01:32:47.362728     718 server_lib.cc:1855] Attempting to load component jit_convert_element_type.927922527692927103 @ 0 at worker after 993.619us (proto size 2431)
I0828 01:32:47.370944    1298 tpu_chip_config.cc:367] Resolved chip config alias megachip_tccontrol->megacore for 2093c6a02, 
I0828 01:32:47.372637    1298 tpu_chip_config.cc:367] Resolved chip config alias megachip_tccontrol->megacore for 2093c6a02, 
I0828 01:32:47.373429    1298 xla_compilation_cache.cc:113] XLA compilation cache fetch for computation 'jit_convert_element_type' (key 8391fcf61242972d) took 210.632616ms: PERSISTENT_FETCH
I0828 01:32:47.568873    1837 server_lib.cc:1855] Attempting to load component jit_convert_element_type.6111309008459216054 @ 0 at worker after 1.015387ms (proto size 2445)
I0828 01:32:47.578929    1297 tpu_chip_config.cc:367] Resolved chip config alias megachip_tccontrol->megacore for 2093c6a02, 
I0828 01:32:47.580487    1297 tpu_chip_config.cc:367] Resolved chip config alias megachip_tccontrol->megacore for 2093c6a02, 
I0828 01:32:47.581269    1297 xla_compilation_cache.cc:113] XLA compilation cache fetch for computation 'jit_convert_element_type' (key 8d23742eb7ebcdab) took 218.551294ms: PERSISTENT_FETCH
I0828 01:32:47.800150     727 server_lib.cc:1855] Attempting to load component jit_convert_element_type.927922527692928774 @ 0 at worker after 1.030261ms (proto size 2445)
I0828 01:32:47.811537    1298 tpu_chip_config.cc:367] Resolved chip config alias megachip_tccontrol->megacore for 2093c6a02, 
I0828 01:32:47.813105    1298 tpu_chip_config.cc:367] Resolved chip config alias megachip_tccontrol->megacore for 2093c6a02, 
I0828 01:32:47.813925    1298 xla_compilation_cache.cc:113] XLA compilation cache fetch for computation 'jit_convert_element_type' (key 6293690a77289c3) took 245.061454ms: PERSISTENT_FETCH
I0828 01:32:48.022626    1837 server_lib.cc:1855] Attempting to load component jit_convert_element_type.6111309008459215193 @ 0 at worker after 888.582us (proto size 2446)
I0828 01:32:48.040040    1297 tpu_chip_config.cc:367] Resolved chip config alias megachip_tccontrol->megacore for 2093c6a02, 
I0828 01:32:48.041511    1297 tpu_chip_config.cc:367] Resolved chip config alias megachip_tccontrol->megacore for 2093c6a02, 
I0828 01:32:48.042259    1297 xla_compilation_cache.cc:113] XLA compilation cache fetch for computation 'jit_convert_element_type' (key 345cb12078fdc08c) took 242.121096ms: PERSISTENT_FETCH
I0828 01:32:48.240652     718 server_lib.cc:1855] Attempting to load component jit_convert_element_type.927922527692930445 @ 0 at worker after 923.959us (proto size 2439)
I0828 01:32:48.254446    1298 tpu_chip_config.cc:367] Resolved chip config alias megachip_tccontrol->megacore for 2093c6a02, 
I0828 01:32:48.255942    1298 tpu_chip_config.cc:367] Resolved chip config alias megachip_tccontrol->megacore for 2093c6a02, 
I0828 01:32:48.256709    1298 xla_compilation_cache.cc:113] XLA compilation cache fetch for computation 'jit_convert_element_type' (key 60a864adbb879c50) took 234.091337ms: PERSISTENT_FETCH
I0828 01:32:48.441061    1837 server_lib.cc:1855] Attempting to load component jit_convert_element_type.6111309008459218428 @ 0 at worker after 825.999us (proto size 2440)
I0828 01:32:48.451712    1297 tpu_chip_config.cc:367] Resolved chip config alias megachip_tccontrol->megacore for 2093c6a02, 
I0828 01:32:48.453215    1297 tpu_chip_config.cc:367] Resolved chip config alias megachip_tccontrol->megacore for 2093c6a02, 
I0828 01:32:48.453977    1297 xla_compilation_cache.cc:113] XLA compilation cache fetch for computation 'jit_convert_element_type' (key 92a4a75033dd804c) took 213.332815ms: PERSISTENT_FETCH
I0828 01:32:48.671439    1298 tpu_chip_config.cc:367] Resolved chip config alias megachip_tccontrol->megacore for 2093c6a02, 
I0828 01:32:48.672971    1298 tpu_chip_config.cc:367] Resolved chip config alias megachip_tccontrol->megacore for 2093c6a02, 
I0828 01:32:48.673743    1298 xla_compilation_cache.cc:113] XLA compilation cache fetch for computation 'jit_convert_element_type' (key c6fd9be301d69957) took 232.68885ms: PERSISTENT_FETCH
W0828 01:32:48.681018    1435 tpu_pjrt_client.cc:2349] PjRt execution dispatch was blocked for 3.236423ms because PjRt's max in-flight computation semaphore is full (limit: 32), which may negatively affect the performance
I0828 01:32:48.747157    1837 server_lib.cc:1855] Attempting to load component jit_convert_element_type.927922527692928020 @ 0 at worker after 1.028554ms (proto size 2441)
I0828 01:32:48.979035    1298 tpu_chip_config.cc:367] Resolved chip config alias megachip_tccontrol->megacore for 2093c6a02, 
I0828 01:32:48.980653    1298 tpu_chip_config.cc:367] Resolved chip config alias megachip_tccontrol->megacore for 2093c6a02, 
I0828 01:32:48.981418    1298 xla_compilation_cache.cc:113] XLA compilation cache fetch for computation 'jit_convert_element_type' (key 8a4e0f344c48903f) took 234.270154ms: PERSISTENT_FETCH
I0828 01:32:49.010508     689 server_lib.cc:1855] Attempting to load component pre_reshard_9181198066278140929.1.6111309008459217567 @ 0 at worker after 1.150852ms (proto size 2460)
I0828 01:32:49.294986    1298 tpu_chip_config.cc:367] Resolved chip config alias megachip_tccontrol->megacore for 2093c6a02, 
I0828 01:32:49.296525    1298 tpu_chip_config.cc:367] Resolved chip config alias megachip_tccontrol->megacore for 2093c6a02, 
I0828 01:32:49.297308    1298 xla_compilation_cache.cc:113] XLA compilation cache fetch for computation 'pre_reshard_9181198066278140929.1' (key 688b8ce706c45beb) took 286.809509ms: PERSISTENT_FETCH
I0828 01:32:49.966517    1845 xla_compilation_cache.cc:113] XLA compilation cache fetch for computation 'jit__allocate' (key 44c937081d7ee1dc) took 1.483us: IN_MEMORY_HIT
I0828 01:32:49.966540    1845 server_lib.cc:1855] Attempting to load component jit__allocate.927922527692929691 @ 0 at worker after 1.394828ms (proto size 2403)
I0828 01:32:51.665122     750 worker_op_dispatcher.cc:4605] Component is not loaded yet; deferring unload until load completes: jit__allocate.927922527692929691 @ 0
I0828 01:32:51.665182    1506 server_lib.cc:743] Unloading component jit__allocate.927922527692929691 @ 0 at worker
I0828 01:33:05.666075    3031 server_lib.cc:1855] Attempting to load component jit_split.6111309008459216872 @ 0 at worker after 1.061353ms (proto size 2486)
I0828 01:33:06.132534    1298 tpu_chip_config.cc:367] Resolved chip config alias megachip_tccontrol->megacore for 2093c6a02, 
I0828 01:33:06.134564    1298 tpu_chip_config.cc:367] Resolved chip config alias megachip_tccontrol->megacore for 2093c6a02, 
I0828 01:33:06.136621    1298 xla_compilation_cache.cc:113] XLA compilation cache fetch for computation 'jit_split' (key 58ab69a219ee1180) took 470.556888ms: PERSISTENT_FETCH
I0828 01:33:17.283691    3031 server_lib.cc:1855] Attempting to load component jit__threefry_split.6111309008459215437 @ 0 at worker after 1.298785ms (proto size 2423)
I0828 01:33:17.565205    2903 server_lib.cc:1855] Attempting to load component jit_unstack.12947613028601669085 @ 0 at worker after 916.372us (proto size 2428)
I0828 01:33:17.576422    1298 tpu_chip_config.cc:367] Resolved chip config alias megachip_tccontrol->megacore for 2093c6a02, 
I0828 01:33:17.578155    1298 tpu_chip_config.cc:367] Resolved chip config alias megachip_tccontrol->megacore for 2093c6a02, 
I0828 01:33:17.579730    1298 xla_compilation_cache.cc:113] XLA compilation cache fetch for computation 'jit__threefry_split' (key ffae4053d9288eaf) took 296.052301ms: PERSISTENT_FETCH
I0828 01:33:17.758721    2903 server_lib.cc:1855] Attempting to load component jit_convert_element_type.6111309008459218672 @ 0 at worker after 925.095us (proto size 2440)
I0828 01:33:17.769999    1297 tpu_chip_config.cc:367] Resolved chip config alias megachip_tccontrol->megacore for 2093c6a02, 
I0828 01:33:17.771588    1297 tpu_chip_config.cc:367] Resolved chip config alias megachip_tccontrol->megacore for 2093c6a02, 
I0828 01:33:17.772408    1297 xla_compilation_cache.cc:113] XLA compilation cache fetch for computation 'jit_unstack' (key f4cb232f5cc0a2c9) took 207.214448ms: PERSISTENT_FETCH
I0828 01:33:17.954658    1298 tpu_chip_config.cc:367] Resolved chip config alias megachip_tccontrol->megacore for 2093c6a02, 
I0828 01:33:17.956154    1298 tpu_chip_config.cc:367] Resolved chip config alias megachip_tccontrol->megacore for 2093c6a02, 
I0828 01:33:17.956926    1298 xla_compilation_cache.cc:113] XLA compilation cache fetch for computation 'jit_convert_element_type' (key c666958a8729ef94) took 198.217431ms: PERSISTENT_FETCH
I0828 01:33:18.155770     742 server_lib.cc:1855] Attempting to load component jit__canon_fused_decode_logprob_chunk.6111309008459217811 @ 0 at worker after 1.173463ms (proto size 2527)
I0828 01:33:19.783537    1298 tpu_chip_config.cc:367] Resolved chip config alias megachip_tccontrol->megacore for 2093c6a02, 
I0828 01:33:19.785513    1298 tpu_chip_config.cc:367] Resolved chip config alias megachip_tccontrol->megacore for 2093c6a02, 
I0828 01:33:19.787348    1298 xla_compilation_cache.cc:113] XLA compilation cache fetch for computation 'jit__canon_fused_decode_logprob_chunk' (key bcab894a92d4ff5) took 1.631587635s: PERSISTENT_FETCH
I0828 01:33:20.882102    2956 server_lib.cc:1855] Attempting to load component jit_split.12947613028601668499 @ 0 at worker after 1.060249ms (proto size 2487)
I0828 01:33:21.375639    1298 tpu_chip_config.cc:367] Resolved chip config alias megachip_tccontrol->megacore for 2093c6a02, 
I0828 01:33:21.377567    1298 tpu_chip_config.cc:367] Resolved chip config alias megachip_tccontrol->megacore for 2093c6a02, 
I0828 01:33:21.379329    1298 xla_compilation_cache.cc:113] XLA compilation cache fetch for computation 'jit_split' (key b35a7658f3892690) took 497.235657ms: PERSISTENT_FETCH
I0828 01:33:21.448822    2980 server_lib.cc:1855] Attempting to load component jit_convert_element_type.11097614078210884243 @ 0 at worker after 1.125505ms (proto size 2441)
I0828 01:33:21.683640    1298 tpu_chip_config.cc:367] Resolved chip config alias megachip_tccontrol->megacore for 2093c6a02, 
I0828 01:33:21.685227    1298 tpu_chip_config.cc:367] Resolved chip config alias megachip_tccontrol->megacore for 2093c6a02, 
I0828 01:33:21.686054    1298 xla_compilation_cache.cc:113] XLA compilation cache fetch for computation 'jit_convert_element_type' (key faae9e66f41c4daf) took 237.242426ms: PERSISTENT_FETCH
I0828 01:33:21.821680    3001 server_lib.cc:1855] Attempting to load component jit__canon_fused_decode_logprob_chunk.11097614078210884308 @ 0 at worker after 1.342862ms (proto size 2529)
I0828 01:33:23.537164    1298 tpu_chip_config.cc:367] Resolved chip config alias megachip_tccontrol->megacore for 2093c6a02, 
I0828 01:33:23.539267    1298 tpu_chip_config.cc:367] Resolved chip config alias megachip_tccontrol->megacore for 2093c6a02, 
I0828 01:33:23.541162    1298 xla_compilation_cache.cc:113] XLA compilation cache fetch for computation 'jit__canon_fused_decode_logprob_chunk' (key 26a88f9659c39689) took 1.719492433s: PERSISTENT_FETCH
I0828 01:33:24.587896    2923 server_lib.cc:1855] Attempting to load component jit_split.6111309008459217262 @ 0 at worker after 1.094981ms (proto size 2486)
I0828 01:33:25.108001    1298 tpu_chip_config.cc:367] Resolved chip config alias megachip_tccontrol->megacore for 2093c6a02, 
I0828 01:33:25.109874    1298 tpu_chip_config.cc:367] Resolved chip config alias megachip_tccontrol->megacore for 2093c6a02, 
I0828 01:33:25.111669    1298 xla_compilation_cache.cc:113] XLA compilation cache fetch for computation 'jit_split' (key 4e0e435c16749359) took 523.781458ms: PERSISTENT_FETCH
I0828 01:33:25.167365    3163 server_lib.cc:1855] Attempting to load component jit_convert_element_type.927922527692927007 @ 0 at worker after 955.467us (proto size 2439)
I0828 01:33:25.395779    1298 tpu_chip_config.cc:367] Resolved chip config alias megachip_tccontrol->megacore for 2093c6a02, 
I0828 01:33:25.397339    1298 tpu_chip_config.cc:367] Resolved chip config alias megachip_tccontrol->megacore for 2093c6a02, 
I0828 01:33:25.398111    1298 xla_compilation_cache.cc:113] XLA compilation cache fetch for computation 'jit_convert_element_type' (key c108b861a3561349) took 230.755749ms: PERSISTENT_FETCH
I0828 01:33:25.538215     742 server_lib.cc:1855] Attempting to load component jit__canon_fused_decode_logprob_chunk.927922527692928678 @ 0 at worker after 1.172421ms (proto size 2527)
I0828 01:33:26.538458    1298 tpu_chip_config.cc:367] Resolved chip config alias megachip_tccontrol->megacore for 2093c6a02, 
I0828 01:33:26.540338    1298 tpu_chip_config.cc:367] Resolved chip config alias megachip_tccontrol->megacore for 2093c6a02, 
I0828 01:33:26.542147    1298 xla_compilation_cache.cc:113] XLA compilation cache fetch for computation 'jit__canon_fused_decode_logprob_chunk' (key 621e2c2b1a201d48) took 1.003941613s: PERSISTENT_FETCH
I0828 01:33:28.900383    3031 server_lib.cc:1855] Attempting to load component jit_split.11097614078210884351 @ 0 at worker after 992.302us (proto size 2487)
I0828 01:33:29.376318    1298 tpu_chip_config.cc:367] Resolved chip config alias megachip_tccontrol->megacore for 2093c6a02, 
I0828 01:33:29.378696    1298 tpu_chip_config.cc:367] Resolved chip config alias megachip_tccontrol->megacore for 2093c6a02, 
I0828 01:33:29.380637    1298 xla_compilation_cache.cc:113] XLA compilation cache fetch for computation 'jit_split' (key 4e04eb4bfadb2aeb) took 480.263132ms: PERSISTENT_FETCH
I0828 01:33:29.440309     742 server_lib.cc:1855] Attempting to load component jit_convert_element_type.6111309008459216295 @ 0 at worker after 953.229us (proto size 2440)
I0828 01:33:29.639470    1298 tpu_chip_config.cc:367] Resolved chip config alias megachip_tccontrol->megacore for 2093c6a02, 
I0828 01:33:29.641107    1298 tpu_chip_config.cc:367] Resolved chip config alias megachip_tccontrol->megacore for 2093c6a02, 
I0828 01:33:29.642140    1298 xla_compilation_cache.cc:113] XLA compilation cache fetch for computation 'jit_convert_element_type' (key fddce002a431323b) took 201.840471ms: PERSISTENT_FETCH
I0828 01:33:29.780844    2980 server_lib.cc:1855] Attempting to load component jit__canon_fused_decode_logprob_chunk.6111309008459215434 @ 0 at worker after 1.096819ms (proto size 2528)
I0828 01:33:30.737964    1298 tpu_chip_config.cc:367] Resolved chip config alias megachip_tccontrol->megacore for 2093c6a02, 
I0828 01:33:30.739920    1298 tpu_chip_config.cc:367] Resolved chip config alias megachip_tccontrol->megacore for 2093c6a02, 
I0828 01:33:30.742058    1298 xla_compilation_cache.cc:113] XLA compilation cache fetch for computation 'jit__canon_fused_decode_logprob_chunk' (key d49cd61d7d874d5d) took 961.222732ms: PERSISTENT_FETCH
I0828 01:33:35.773116    3163 server_lib.cc:1855] Attempting to load component jit_split.5622832922158734168 @ 0 at worker after 896.466us (proto size 2487)
I0828 01:33:36.250184    1298 tpu_chip_config.cc:367] Resolved chip config alias megachip_tccontrol->megacore for 2093c6a02, 
I0828 01:33:36.252286    1298 tpu_chip_config.cc:367] Resolved chip config alias megachip_tccontrol->megacore for 2093c6a02, 
I0828 01:33:36.254474    1298 xla_compilation_cache.cc:113] XLA compilation cache fetch for computation 'jit_split' (key ef83e0dd3251fbac) took 481.368977ms: PERSISTENT_FETCH
I0828 01:33:36.318655    1858 server_lib.cc:1855] Attempting to load component jit_convert_element_type.934836157317377995 @ 0 at worker after 968.021us (proto size 2439)
I0828 01:33:36.519521    1298 tpu_chip_config.cc:367] Resolved chip config alias megachip_tccontrol->megacore for 2093c6a02, 
I0828 01:33:36.521135    1298 tpu_chip_config.cc:367] Resolved chip config alias megachip_tccontrol->megacore for 2093c6a02, 
I0828 01:33:36.521928    1298 xla_compilation_cache.cc:113] XLA compilation cache fetch for computation 'jit_convert_element_type' (key 3991ecf5d3365c) took 203.299055ms: PERSISTENT_FETCH
I0828 01:33:36.658080    1858 server_lib.cc:1855] Attempting to load component jit__canon_fused_decode_logprob_chunk.934836157317376824 @ 0 at worker after 1.024879ms (proto size 2532)
I0828 01:33:37.712286    1298 tpu_chip_config.cc:367] Resolved chip config alias megachip_tccontrol->megacore for 2093c6a02, 
I0828 01:33:37.714145    1298 tpu_chip_config.cc:367] Resolved chip config alias megachip_tccontrol->megacore for 2093c6a02, 
I0828 01:33:37.715767    1298 xla_compilation_cache.cc:113] XLA compilation cache fetch for computation 'jit__canon_fused_decode_logprob_chunk' (key e7d73fd91415f93a) took 1.05769628s: PERSISTENT_FETCH
I0828 01:33:48.919902     742 server_lib.cc:1855] Attempting to load component jit_split.196317131024096546 @ 0 at worker after 1.054858ms (proto size 2486)
I0828 01:33:49.384808    1298 tpu_chip_config.cc:367] Resolved chip config alias megachip_tccontrol->megacore for 2093c6a02, 
I0828 01:33:49.387076    1298 tpu_chip_config.cc:367] Resolved chip config alias megachip_tccontrol->megacore for 2093c6a02, 
I0828 01:33:49.388875    1298 xla_compilation_cache.cc:113] XLA compilation cache fetch for computation 'jit_split' (key 371900f49c821d60) took 468.982626ms: PERSISTENT_FETCH
I0828 01:33:49.448763     742 server_lib.cc:1855] Attempting to load component jit_convert_element_type.5622832922158731410 @ 0 at worker after 885.245us (proto size 2442)
I0828 01:33:49.690406    1298 tpu_chip_config.cc:367] Resolved chip config alias megachip_tccontrol->megacore for 2093c6a02, 
I0828 01:33:49.691986    1298 tpu_chip_config.cc:367] Resolved chip config alias megachip_tccontrol->megacore for 2093c6a02, 
I0828 01:33:49.692752    1298 xla_compilation_cache.cc:113] XLA compilation cache fetch for computation 'jit_convert_element_type' (key 3656918424642386) took 243.999718ms: PERSISTENT_FETCH
I0828 01:33:49.817320     742 server_lib.cc:1855] Attempting to load component jit__canon_fused_decode_logprob_chunk.5622832922158732349 @ 0 at worker after 949.944us (proto size 2533)
I0828 01:33:50.408890    1298 tpu_chip_config.cc:367] Resolved chip config alias megachip_tccontrol->megacore for 2093c6a02, 
I0828 01:33:50.410913    1298 tpu_chip_config.cc:367] Resolved chip config alias megachip_tccontrol->megacore for 2093c6a02, 
I0828 01:33:50.412317    1298 xla_compilation_cache.cc:113] XLA compilation cache fetch for computation 'jit__canon_fused_decode_logprob_chunk' (key 911931fecfb956a4) took 595.005035ms: PERSISTENT_FETCH
I0828 01:35:46.773496    2923 server_lib.cc:1855] Attempting to load component jit_split.927922527692930632 @ 0 at worker after 1.103776ms (proto size 2484)
I0828 01:35:47.199048    2923 server_lib.cc:1855] Attempting to load component jit__compute_active_mask.1182302940440488498 @ 0 at worker after 944.514us (proto size 2430)
I0828 01:35:47.219937    1298 tpu_chip_config.cc:367] Resolved chip config alias megachip_tccontrol->megacore for 2093c6a02, 
I0828 01:35:47.222167    1298 tpu_chip_config.cc:367] Resolved chip config alias megachip_tccontrol->megacore for 2093c6a02, 
I0828 01:35:47.223923    1298 xla_compilation_cache.cc:113] XLA compilation cache fetch for computation 'jit_split' (key 7405e16df67d782c) took 450.437155ms: PERSISTENT_FETCH
I0828 01:35:47.407047    1297 tpu_chip_config.cc:367] Resolved chip config alias megachip_tccontrol->megacore for 2093c6a02, 
I0828 01:35:47.408680    1297 tpu_chip_config.cc:367] Resolved chip config alias megachip_tccontrol->megacore for 2093c6a02, 
I0828 01:35:47.409489    1297 xla_compilation_cache.cc:113] XLA compilation cache fetch for computation 'jit__compute_active_mask' (key 91010c1c33592fec) took 210.44793ms: PERSISTENT_FETCH
I0828 01:35:55.227185    1858 server_lib.cc:1855] Attempting to load component jit__decode_core.927922527692929321 @ 0 at worker after 2.091042ms (proto size 15280)
I0828 01:36:06.346587    1297 tpu_chip_config.cc:367] Resolved chip config alias megachip_tccontrol->megacore for 2093c6a02, 
I0828 01:36:06.356988    1297 tpu_chip_config.cc:367] Resolved chip config alias megachip_tccontrol->megacore for 2093c6a02, 
I0828 01:36:06.387699    1297 xla_compilation_cache.cc:113] XLA compilation cache fetch for computation 'jit__decode_core' (key 97405581e25a2132) took 11.16053081s: PERSISTENT_FETCH
I0828 01:36:31.820852    2903 server_lib.cc:1855] Attempting to load component jit_split.12947613028601667817 @ 0 at worker after 996.448us (proto size 2486)
I0828 01:36:32.286253    2903 server_lib.cc:1855] Attempting to load component jit__compute_active_mask.11097614078210885664 @ 0 at worker after 935.501us (proto size 2431)
I0828 01:36:32.299697    1297 tpu_chip_config.cc:367] Resolved chip config alias megachip_tccontrol->megacore for 2093c6a02, 
I0828 01:36:32.301699    1297 tpu_chip_config.cc:367] Resolved chip config alias megachip_tccontrol->megacore for 2093c6a02, 
I0828 01:36:32.303400    1297 xla_compilation_cache.cc:113] XLA compilation cache fetch for computation 'jit_split' (key b6b4c93268755159) took 482.558915ms: PERSISTENT_FETCH
I0828 01:36:32.523848    1298 tpu_chip_config.cc:367] Resolved chip config alias megachip_tccontrol->megacore for 2093c6a02, 
I0828 01:36:32.525491    1298 tpu_chip_config.cc:367] Resolved chip config alias megachip_tccontrol->megacore for 2093c6a02, 
I0828 01:36:32.526347    1298 xla_compilation_cache.cc:113] XLA compilation cache fetch for computation 'jit__compute_active_mask' (key 37da09711dfca59f) took 240.102579ms: PERSISTENT_FETCH
I0828 01:36:40.288418     742 server_lib.cc:1855] Attempting to load component jit__decode_core.12947613028601668357 @ 0 at worker after 2.186525ms (proto size 15282)
I0828 01:36:49.820792    1298 tpu_chip_config.cc:367] Resolved chip config alias megachip_tccontrol->megacore for 2093c6a02, 
I0828 01:36:49.831486    1298 tpu_chip_config.cc:367] Resolved chip config alias megachip_tccontrol->megacore for 2093c6a02, 
I0828 01:36:49.861234    1298 xla_compilation_cache.cc:113] XLA compilation cache fetch for computation 'jit__decode_core' (key 58d4c4e77a63064d) took 9.572830516s: PERSISTENT_FETCH
I0828 01:37:02.811805    3165 server_lib.cc:1855] Attempting to load component jit_split.6111309008459215542 @ 0 at worker after 821.994us (proto size 2485)
I0828 01:37:03.260736    3165 server_lib.cc:1855] Attempting to load component jit__compute_active_mask.927922527692931018 @ 0 at worker after 821.622us (proto size 2429)
I0828 01:37:03.281365    1298 tpu_chip_config.cc:367] Resolved chip config alias megachip_tccontrol->megacore for 2093c6a02, 
I0828 01:37:03.283339    1298 tpu_chip_config.cc:367] Resolved chip config alias megachip_tccontrol->megacore for 2093c6a02, 
I0828 01:37:03.285034    1298 xla_compilation_cache.cc:113] XLA compilation cache fetch for computation 'jit_split' (key 696bf98d837307a6) took 473.239902ms: PERSISTENT_FETCH
I0828 01:37:03.465554    1297 tpu_chip_config.cc:367] Resolved chip config alias megachip_tccontrol->megacore for 2093c6a02, 
I0828 01:37:03.467218    1297 tpu_chip_config.cc:367] Resolved chip config alias megachip_tccontrol->megacore for 2093c6a02, 
I0828 01:37:03.468059    1297 xla_compilation_cache.cc:113] XLA compilation cache fetch for computation 'jit__compute_active_mask' (key eb42a768eec1b38a) took 207.332081ms: PERSISTENT_FETCH
I0828 01:37:11.485079    1860 server_lib.cc:1855] Attempting to load component jit__decode_core.6111309008459218490 @ 0 at worker after 2.272092ms (proto size 15281)
I0828 01:37:20.160566    1297 tpu_chip_config.cc:367] Resolved chip config alias megachip_tccontrol->megacore for 2093c6a02, 
I0828 01:37:20.168881    1297 tpu_chip_config.cc:367] Resolved chip config alias megachip_tccontrol->megacore for 2093c6a02, 
I0828 01:37:20.195590    1297 xla_compilation_cache.cc:113] XLA compilation cache fetch for computation 'jit__decode_core' (key b448215752a97420) took 8.710525239s: PERSISTENT_FETCH
I0828 01:37:27.638874    2937 server_lib.cc:1855] Attempting to load component jit_split.12199592962835255805 @ 0 at worker after 888.27us (proto size 2486)
I0828 01:37:28.080836    2937 server_lib.cc:1855] Attempting to load component jit__compute_active_mask.6111309008459215068 @ 0 at worker after 874.224us (proto size 2430)
I0828 01:37:28.099985    1297 tpu_chip_config.cc:367] Resolved chip config alias megachip_tccontrol->megacore for 2093c6a02, 
I0828 01:37:28.101931    1297 tpu_chip_config.cc:367] Resolved chip config alias megachip_tccontrol->megacore for 2093c6a02, 
I0828 01:37:28.103545    1297 xla_compilation_cache.cc:113] XLA compilation cache fetch for computation 'jit_split' (key 81e06c65b6abc817) took 464.687346ms: PERSISTENT_FETCH
I0828 01:37:28.293941    1298 tpu_chip_config.cc:367] Resolved chip config alias megachip_tccontrol->megacore for 2093c6a02, 
I0828 01:37:28.295515    1298 tpu_chip_config.cc:367] Resolved chip config alias megachip_tccontrol->megacore for 2093c6a02, 
I0828 01:37:28.296301    1298 xla_compilation_cache.cc:113] XLA compilation cache fetch for computation 'jit__compute_active_mask' (key bcf448b2a6623cb1) took 215.474228ms: PERSISTENT_FETCH
I0828 01:37:36.280199    1858 server_lib.cc:1855] Attempting to load component jit__decode_core.12199592962835257857 @ 0 at worker after 2.303586ms (proto size 15282)
I0828 01:37:47.433013    1298 tpu_chip_config.cc:367] Resolved chip config alias megachip_tccontrol->megacore for 2093c6a02, 
I0828 01:37:47.441676    1298 tpu_chip_config.cc:367] Resolved chip config alias megachip_tccontrol->megacore for 2093c6a02, 
I0828 01:37:47.469845    1298 xla_compilation_cache.cc:113] XLA compilation cache fetch for computation 'jit__decode_core' (key da98939882311550) took 11.1896603s: PERSISTENT_FETCH
I0828 01:38:33.844464     689 server_lib.cc:1855] Attempting to load component jit_compute_per_token_logps.4583327957303544681 @ 0 at worker after 1.937368ms (proto size 12351)
I0828 01:41:15.366104    1298 tpu_chip_config.cc:367] Resolved chip config alias megachip_tccontrol->megacore for 2093c6a02, 
I0828 01:41:15.388465    1298 tpu_chip_config.cc:367] Resolved chip config alias megachip_tccontrol->megacore for 2093c6a02, 
I0828 01:41:16.147192    1298 xla_compilation_cache.cc:113] XLA compilation cache fetch for computation 'jit_compute_per_token_logps' (key 9e2c567d14eedb8f) took 2m42.302742208s: PERSISTENT_FETCH
I0828 01:41:17.071139    2903 server_lib.cc:1855] Attempting to load component jit_subtract.4583327957303545442 @ 0 at worker after 1.142043ms (proto size 2441)
I0828 01:41:17.304342    1298 tpu_chip_config.cc:367] Resolved chip config alias megachip_tccontrol->megacore for 2093c6a02, 
I0828 01:41:17.306966    1298 tpu_chip_config.cc:367] Resolved chip config alias megachip_tccontrol->megacore for 2093c6a02, 
I0828 01:41:17.308479    1298 xla_compilation_cache.cc:113] XLA compilation cache fetch for computation 'jit_subtract' (key be3e11a37f61eaab) took 237.352401ms: PERSISTENT_FETCH
I0828 01:41:17.564634    3031 server_lib.cc:1855] Attempting to load component jit_abs.4583327957303543097 @ 0 at worker after 980.283us (proto size 2406)
I0828 01:41:17.771702    3031 server_lib.cc:1855] Attempting to load component jit_multiply.5734983100396399342 @ 0 at worker after 1.173535ms (proto size 2441)
I0828 01:41:17.788464    1298 tpu_chip_config.cc:367] Resolved chip config alias megachip_tccontrol->megacore for 2093c6a02, 
I0828 01:41:17.790598    1298 tpu_chip_config.cc:367] Resolved chip config alias megachip_tccontrol->megacore for 2093c6a02, 
I0828 01:41:17.791717    1298 xla_compilation_cache.cc:113] XLA compilation cache fetch for computation 'jit_abs' (key 57620e4639e22620) took 227.09542ms: PERSISTENT_FETCH
I0828 01:41:17.998343    2956 server_lib.cc:1855] Attempting to load component jit__reduce_sum.4583327957303544848 @ 0 at worker after 946.908us (proto size 2408)
I0828 01:41:18.004403    1297 tpu_chip_config.cc:367] Resolved chip config alias megachip_tccontrol->megacore for 2093c6a02, 
I0828 01:41:18.007312    1297 tpu_chip_config.cc:367] Resolved chip config alias megachip_tccontrol->megacore for 2093c6a02, 
I0828 01:41:18.008344    1297 xla_compilation_cache.cc:113] XLA compilation cache fetch for computation 'jit_multiply' (key 6cf33a59b1616e53) took 236.654433ms: PERSISTENT_FETCH
I0828 01:41:18.224438    2956 server_lib.cc:1855] Attempting to load component jit_true_divide.5734983100396399753 @ 0 at worker after 925.895us (proto size 2405)
I0828 01:41:18.242701    1298 tpu_chip_config.cc:367] Resolved chip config alias megachip_tccontrol->megacore for 2093c6a02, 
I0828 01:41:18.244482    1298 tpu_chip_config.cc:367] Resolved chip config alias megachip_tccontrol->megacore for 2093c6a02, 
I0828 01:41:18.245766    1298 xla_compilation_cache.cc:113] XLA compilation cache fetch for computation 'jit__reduce_sum' (key 4f52f3eb72f64148) took 247.434724ms: PERSISTENT_FETCH
I0828 01:41:18.446180    1297 tpu_chip_config.cc:367] Resolved chip config alias megachip_tccontrol->megacore for 2093c6a02, 
I0828 01:41:18.448302    1297 tpu_chip_config.cc:367] Resolved chip config alias megachip_tccontrol->megacore for 2093c6a02, 
I0828 01:41:18.449368    1297 xla_compilation_cache.cc:113] XLA compilation cache fetch for computation 'jit_true_divide' (key d4cd2ce4f2e64f0e) took 224.941696ms: PERSISTENT_FETCH
I0828 01:42:33.767936    3031 server_lib.cc:1855] Attempting to load component jit__where.4583327957303542503 @ 0 at worker after 1.459134ms (proto size 2447)
I0828 01:42:34.011647    1297 tpu_chip_config.cc:367] Resolved chip config alias megachip_tccontrol->megacore for 2093c6a02, 
I0828 01:42:34.013553    1297 tpu_chip_config.cc:367] Resolved chip config alias megachip_tccontrol->megacore for 2093c6a02, 
I0828 01:42:34.014531    1297 xla_compilation_cache.cc:113] XLA compilation cache fetch for computation 'jit__where' (key b9a9391dafcc9ae) took 246.607329ms: PERSISTENT_FETCH
I0828 01:42:34.022442    2903 server_lib.cc:1855] Attempting to load component jit__reduce_max.4583327957303542107 @ 0 at worker after 1.003615ms (proto size 2408)
I0828 01:42:34.294516    1297 tpu_chip_config.cc:367] Resolved chip config alias megachip_tccontrol->megacore for 2093c6a02, 
I0828 01:42:34.296203    1297 tpu_chip_config.cc:367] Resolved chip config alias megachip_tccontrol->megacore for 2093c6a02, 
I0828 01:42:34.297058    1297 xla_compilation_cache.cc:113] XLA compilation cache fetch for computation 'jit__reduce_max' (key 36175c2c749d189a) took 274.6251ms: PERSISTENT_FETCH
I0828 01:42:34.535597    3033 server_lib.cc:1855] Attempting to load component jit_exp.4583327957303543858 @ 0 at worker after 1.19259ms (proto size 2406)
I0828 01:42:34.750943    1297 tpu_chip_config.cc:367] Resolved chip config alias megachip_tccontrol->megacore for 2093c6a02, 
I0828 01:42:34.752538    1297 tpu_chip_config.cc:367] Resolved chip config alias megachip_tccontrol->megacore for 2093c6a02, 
I0828 01:42:34.753335    1297 xla_compilation_cache.cc:113] XLA compilation cache fetch for computation 'jit_exp' (key f9ef56697270bd0b) took 217.77036ms: PERSISTENT_FETCH
I0828 01:42:35.009400     689 server_lib.cc:1855] Attempting to load component jit_reshape.4583327957303545609 @ 0 at worker after 931.01us (proto size 2411)
I0828 01:42:35.237474    1297 tpu_chip_config.cc:367] Resolved chip config alias megachip_tccontrol->megacore for 2093c6a02, 
I0828 01:42:35.239039    1297 tpu_chip_config.cc:367] Resolved chip config alias megachip_tccontrol->megacore for 2093c6a02, 
I0828 01:42:35.239836    1297 xla_compilation_cache.cc:113] XLA compilation cache fetch for computation 'jit_reshape' (key e5e873d3f848ec12) took 230.443637ms: PERSISTENT_FETCH
I0828 01:42:35.810539    2956 server_lib.cc:1855] Attempting to load component jit_multiply.4583327957303545015 @ 0 at worker after 915.307us (proto size 2432)
I0828 01:42:36.036106    1297 tpu_chip_config.cc:367] Resolved chip config alias megachip_tccontrol->megacore for 2093c6a02, 
I0828 01:42:36.037840    1297 tpu_chip_config.cc:367] Resolved chip config alias megachip_tccontrol->megacore for 2093c6a02, 
I0828 01:42:36.038691    1297 xla_compilation_cache.cc:113] XLA compilation cache fetch for computation 'jit_multiply' (key 693bc4d312e44bb1) took 228.160169ms: PERSISTENT_FETCH
I0828 01:42:36.290302    2903 server_lib.cc:1855] Attempting to load component jit__reduce_sum.4583327957303542670 @ 0 at worker after 804.551us (proto size 2405)
I0828 01:42:36.504752    1297 tpu_chip_config.cc:367] Resolved chip config alias megachip_tccontrol->megacore for 2093c6a02, 
I0828 01:42:36.506391    1297 tpu_chip_config.cc:367] Resolved chip config alias megachip_tccontrol->megacore for 2093c6a02, 
I0828 01:42:36.507287    1297 xla_compilation_cache.cc:113] XLA compilation cache fetch for computation 'jit__reduce_sum' (key cb494c080a8649f9) took 216.99407ms: PERSISTENT_FETCH
I0828 01:42:36.715320    3031 server_lib.cc:1855] Attempting to load component jit_subtract.4583327957303544421 @ 0 at worker after 923.084us (proto size 2420)
I0828 01:42:36.917722    3031 server_lib.cc:1855] Attempting to load component jit_multiply.5734983100396398945 @ 0 at worker after 935.763us (proto size 2432)
I0828 01:42:36.922909    1297 tpu_chip_config.cc:367] Resolved chip config alias megachip_tccontrol->megacore for 2093c6a02, 
I0828 01:42:36.924477    1297 tpu_chip_config.cc:367] Resolved chip config alias megachip_tccontrol->megacore for 2093c6a02, 
I0828 01:42:36.925324    1297 xla_compilation_cache.cc:113] XLA compilation cache fetch for computation 'jit_subtract' (key 11b0dc8584ec5ef) took 210.012723ms: PERSISTENT_FETCH
I0828 01:42:37.133392    1298 tpu_chip_config.cc:367] Resolved chip config alias megachip_tccontrol->megacore for 2093c6a02, 
I0828 01:42:37.134986    1298 tpu_chip_config.cc:367] Resolved chip config alias megachip_tccontrol->megacore for 2093c6a02, 
I0828 01:42:37.135799    1298 xla_compilation_cache.cc:113] XLA compilation cache fetch for computation 'jit_multiply' (key 6ef24ddd1aed54b6) took 218.085958ms: PERSISTENT_FETCH
I0828 01:42:37.138549    2937 server_lib.cc:1855] Attempting to load component jit_multiply.4583327957303542076 @ 0 at worker after 830.66us (proto size 2432)
I0828 01:42:37.349357    2937 server_lib.cc:1855] Attempting to load component jit_multiply.5734983100396399356 @ 0 at worker after 893.66us (proto size 2399)
I0828 01:42:37.357115    1298 tpu_chip_config.cc:367] Resolved chip config alias megachip_tccontrol->megacore for 2093c6a02, 
I0828 01:42:37.358637    1298 tpu_chip_config.cc:367] Resolved chip config alias megachip_tccontrol->megacore for 2093c6a02, 
I0828 01:42:37.359400    1298 xla_compilation_cache.cc:113] XLA compilation cache fetch for computation 'jit_multiply' (key 60022e5dbf1633c0) took 220.860069ms: PERSISTENT_FETCH
I0828 01:42:37.559166    3033 server_lib.cc:1855] Attempting to load component jit_maximum.4583327957303543827 @ 0 at worker after 1.078745ms (proto size 2397)
I0828 01:42:37.566097    1297 tpu_chip_config.cc:367] Resolved chip config alias megachip_tccontrol->megacore for 2093c6a02, 
I0828 01:42:37.567658    1297 tpu_chip_config.cc:367] Resolved chip config alias megachip_tccontrol->megacore for 2093c6a02, 
I0828 01:42:37.568413    1297 xla_compilation_cache.cc:113] XLA compilation cache fetch for computation 'jit_multiply' (key dfe0e73cf7764f57) took 219.061686ms: PERSISTENT_FETCH
I0828 01:42:37.756285    3031 server_lib.cc:1855] Attempting to load component jit_sqrt.5734983100396399904 @ 0 at worker after 969.867us (proto size 2380)
I0828 01:42:37.769025    1298 tpu_chip_config.cc:367] Resolved chip config alias megachip_tccontrol->megacore for 2093c6a02, 
I0828 01:42:37.770497    1298 tpu_chip_config.cc:367] Resolved chip config alias megachip_tccontrol->megacore for 2093c6a02, 
I0828 01:42:37.771270    1298 xla_compilation_cache.cc:113] XLA compilation cache fetch for computation 'jit_maximum' (key fcf61c2491082633) took 212.112506ms: PERSISTENT_FETCH
I0828 01:42:37.972866    3031 server_lib.cc:1855] Attempting to load component jit_true_divide.4583327957303545578 @ 0 at worker after 996.052us (proto size 2405)
I0828 01:42:37.984833    1297 tpu_chip_config.cc:367] Resolved chip config alias megachip_tccontrol->megacore for 2093c6a02, 
I0828 01:42:37.986309    1297 tpu_chip_config.cc:367] Resolved chip config alias megachip_tccontrol->megacore for 2093c6a02, 
I0828 01:42:37.987058    1297 xla_compilation_cache.cc:113] XLA compilation cache fetch for computation 'jit_sqrt' (key e47c3a36ca52ab11) took 230.781326ms: PERSISTENT_FETCH
I0828 01:42:38.200384    1298 tpu_chip_config.cc:367] Resolved chip config alias megachip_tccontrol->megacore for 2093c6a02, 
I0828 01:42:38.201855    1298 tpu_chip_config.cc:367] Resolved chip config alias megachip_tccontrol->megacore for 2093c6a02, 
I0828 01:42:38.202614    1298 xla_compilation_cache.cc:113] XLA compilation cache fetch for computation 'jit_true_divide' (key 9967bfe1ef797654) took 229.756143ms: PERSISTENT_FETCH
I0828 01:42:38.958407     689 server_lib.cc:1855] Attempting to load component jit_run_compute_logits.1182302940440488702 @ 0 at worker after 974.68us (proto size 2463)
I0828 01:42:39.401805    2956 server_lib.cc:1855] Attempting to load component jit__select_from_array_fn.1182302940440488521 @ 0 at worker after 922.602us (proto size 2463)
I0828 01:42:39.411667    1298 tpu_chip_config.cc:367] Resolved chip config alias megachip_tccontrol->megacore for 2093c6a02, 
I0828 01:42:39.413382    1298 tpu_chip_config.cc:367] Resolved chip config alias megachip_tccontrol->megacore for 2093c6a02, 
I0828 01:42:39.414478    1298 xla_compilation_cache.cc:113] XLA compilation cache fetch for computation 'jit_run_compute_logits' (key c24bb77898910691) took 456.079768ms: PERSISTENT_FETCH
I0828 01:42:40.544024    2937 server_lib.cc:1855] Attempting to load component jit_convert_element_type.196317131024095177 @ 0 at worker after 926.199us (proto size 2439)
I0828 01:42:40.558068    1297 tpu_chip_config.cc:367] Resolved chip config alias megachip_tccontrol->megacore for 2093c6a02, 
I0828 01:42:40.559882    1297 tpu_chip_config.cc:367] Resolved chip config alias megachip_tccontrol->megacore for 2093c6a02, 
I0828 01:42:40.560841    1297 xla_compilation_cache.cc:113] XLA compilation cache fetch for computation 'jit__select_from_array_fn' (key a2c3cd66dc1d12db) took 1.159044336s: PERSISTENT_FETCH
I0828 01:42:40.777777    1298 tpu_chip_config.cc:367] Resolved chip config alias megachip_tccontrol->megacore for 2093c6a02, 
I0828 01:42:40.779421    1298 tpu_chip_config.cc:367] Resolved chip config alias megachip_tccontrol->megacore for 2093c6a02, 
I0828 01:42:40.780222    1298 xla_compilation_cache.cc:113] XLA compilation cache fetch for computation 'jit_convert_element_type' (key ef6b06561fce1b70) took 236.205585ms: PERSISTENT_FETCH
I0828 01:42:40.834849     689 server_lib.cc:1855] Attempting to load component jit_sample.1182302940440488340 @ 0 at worker after 1.075387ms (proto size 2533)
I0828 01:42:42.728695     689 server_lib.cc:1855] Attempting to load component jit_convert_element_type.196317131024095454 @ 0 at worker after 1.045163ms (proto size 2441)
I0828 01:42:42.744759    1298 tpu_chip_config.cc:367] Resolved chip config alias megachip_tccontrol->megacore for 2093c6a02, 
I0828 01:42:42.746935    1298 tpu_chip_config.cc:367] Resolved chip config alias megachip_tccontrol->megacore for 2093c6a02, 
I0828 01:42:42.749143    1298 xla_compilation_cache.cc:113] XLA compilation cache fetch for computation 'jit_sample' (key 100be14ad68a6537) took 1.914302482s: PERSISTENT_FETCH
I0828 01:42:42.945298     689 server_lib.cc:1855] Attempting to load component jit_reshape.5734983100396398137 @ 0 at worker after 831.191us (proto size 2418)
I0828 01:42:42.947905    1297 tpu_chip_config.cc:367] Resolved chip config alias megachip_tccontrol->megacore for 2093c6a02, 
I0828 01:42:42.949489    1297 tpu_chip_config.cc:367] Resolved chip config alias megachip_tccontrol->megacore for 2093c6a02, 
I0828 01:42:42.950352    1297 xla_compilation_cache.cc:113] XLA compilation cache fetch for computation 'jit_convert_element_type' (key 6e3c890b38b4aedc) took 221.66614ms: PERSISTENT_FETCH
I0828 01:42:43.203407    3033 server_lib.cc:1855] Attempting to load component jit_reshape.4583327957303545745 @ 0 at worker after 954.989us (proto size 2419)
I0828 01:42:43.220214    1298 tpu_chip_config.cc:367] Resolved chip config alias megachip_tccontrol->megacore for 2093c6a02, 
I0828 01:42:43.221785    1298 tpu_chip_config.cc:367] Resolved chip config alias megachip_tccontrol->megacore for 2093c6a02, 
I0828 01:42:43.222518    1298 xla_compilation_cache.cc:113] XLA compilation cache fetch for computation 'jit_reshape' (key 3f543a525fdd75c) took 277.228786ms: PERSISTENT_FETCH
I0828 01:42:43.451790    2903 server_lib.cc:1855] Attempting to load component jit_reshape.927922527692927892 @ 0 at worker after 1.039381ms (proto size 2408)
I0828 01:42:43.463530    1297 tpu_chip_config.cc:367] Resolved chip config alias megachip_tccontrol->megacore for 2093c6a02, 
I0828 01:42:43.465057    1297 tpu_chip_config.cc:367] Resolved chip config alias megachip_tccontrol->megacore for 2093c6a02, 
I0828 01:42:43.465837    1297 xla_compilation_cache.cc:113] XLA compilation cache fetch for computation 'jit_reshape' (key 9c9ad116eb42ae3e) took 262.437261ms: PERSISTENT_FETCH
I0828 01:42:43.650462    2903 server_lib.cc:1855] Attempting to load component jit_reshape.4583327957303543400 @ 0 at worker after 935.104us (proto size 2409)
I0828 01:42:43.665361    1298 tpu_chip_config.cc:367] Resolved chip config alias megachip_tccontrol->megacore for 2093c6a02, 
I0828 01:42:43.666853    1298 tpu_chip_config.cc:367] Resolved chip config alias megachip_tccontrol->megacore for 2093c6a02, 
I0828 01:42:43.667637    1298 xla_compilation_cache.cc:113] XLA compilation cache fetch for computation 'jit_reshape' (key 8be37366b7aa4e4a) took 215.855443ms: PERSISTENT_FETCH
I0828 01:42:43.863647    2937 server_lib.cc:1855] Attempting to load component jit_reshape.927922527692929563 @ 0 at worker after 1.048001ms (proto size 2408)
I0828 01:42:43.870167    1297 tpu_chip_config.cc:367] Resolved chip config alias megachip_tccontrol->megacore for 2093c6a02, 
I0828 01:42:43.871753    1297 tpu_chip_config.cc:367] Resolved chip config alias megachip_tccontrol->megacore for 2093c6a02, 
I0828 01:42:43.872519    1297 xla_compilation_cache.cc:113] XLA compilation cache fetch for computation 'jit_reshape' (key c1f625e92d5ba2d1) took 222.065919ms: PERSISTENT_FETCH
I0828 01:42:44.064479    2956 server_lib.cc:1855] Attempting to load component jit_reshape.4583327957303545151 @ 0 at worker after 866.687us (proto size 2409)
I0828 01:42:44.082600    1298 tpu_chip_config.cc:367] Resolved chip config alias megachip_tccontrol->megacore for 2093c6a02, 
I0828 01:42:44.084084    1298 tpu_chip_config.cc:367] Resolved chip config alias megachip_tccontrol->megacore for 2093c6a02, 
I0828 01:42:44.084838    1298 xla_compilation_cache.cc:113] XLA compilation cache fetch for computation 'jit_reshape' (key d3c0a10bea7d04a4) took 221.199733ms: PERSISTENT_FETCH
I0828 01:42:44.269086    1297 tpu_chip_config.cc:367] Resolved chip config alias megachip_tccontrol->megacore for 2093c6a02, 
I0828 01:42:44.270547    1297 tpu_chip_config.cc:367] Resolved chip config alias megachip_tccontrol->megacore for 2093c6a02, 
I0828 01:42:44.271301    1297 xla_compilation_cache.cc:113] XLA compilation cache fetch for computation 'jit_reshape' (key 8d1c15d44e529b0a) took 206.830162ms: PERSISTENT_FETCH
I0828 01:42:44.352688    2903 server_lib.cc:1855] Attempting to load component jit_sample.927922527692927138 @ 0 at worker after 897.893us (proto size 2518)
I0828 01:42:45.971330    1297 tpu_chip_config.cc:367] Resolved chip config alias megachip_tccontrol->megacore for 2093c6a02, 
I0828 01:42:45.973539    1297 tpu_chip_config.cc:367] Resolved chip config alias megachip_tccontrol->megacore for 2093c6a02, 
I0828 01:42:45.976014    1297 xla_compilation_cache.cc:113] XLA compilation cache fetch for computation 'jit_sample' (key 7eca2d9638baddc8) took 1.623333495s: PERSISTENT_FETCH
I0828 01:42:46.005275    3033 server_lib.cc:1855] Attempting to load component jit_zt_ro_logprob_gather.4583327957303542806 @ 0 at worker after 1.482826ms (proto size 2507)
I0828 01:42:46.582865    3033 server_lib.cc:1855] Attempting to load component jit_reshape.927922527692928809 @ 0 at worker after 993.98us (proto size 2414)
I0828 01:42:46.599053    1297 tpu_chip_config.cc:367] Resolved chip config alias megachip_tccontrol->megacore for 2093c6a02, 
I0828 01:42:46.600835    1297 tpu_chip_config.cc:367] Resolved chip config alias megachip_tccontrol->megacore for 2093c6a02, 
I0828 01:42:46.602262    1297 xla_compilation_cache.cc:113] XLA compilation cache fetch for computation 'jit_zt_ro_logprob_gather' (key 9a534f94ee2a16fd) took 597.169057ms: PERSISTENT_FETCH
I0828 01:42:46.786890    3033 server_lib.cc:1855] Attempting to load component jit_reshape.4583327957303544557 @ 0 at worker after 849.671us (proto size 2415)
I0828 01:42:46.801759    1298 tpu_chip_config.cc:367] Resolved chip config alias megachip_tccontrol->megacore for 2093c6a02, 
I0828 01:42:46.803308    1298 tpu_chip_config.cc:367] Resolved chip config alias megachip_tccontrol->megacore for 2093c6a02, 
I0828 01:42:46.804113    1298 xla_compilation_cache.cc:113] XLA compilation cache fetch for computation 'jit_reshape' (key c48cc93672326442) took 221.254322ms: PERSISTENT_FETCH
I0828 01:42:46.973164    2956 server_lib.cc:1855] Attempting to load component jit_reshape.927922527692930480 @ 0 at worker after 921.736us (proto size 2414)
I0828 01:42:46.993932    1297 tpu_chip_config.cc:367] Resolved chip config alias megachip_tccontrol->megacore for 2093c6a02, 
I0828 01:42:46.995446    1297 tpu_chip_config.cc:367] Resolved chip config alias megachip_tccontrol->megacore for 2093c6a02, 
I0828 01:42:46.996228    1297 xla_compilation_cache.cc:113] XLA compilation cache fetch for computation 'jit_reshape' (key 31779064f09ea7a3) took 209.345904ms: PERSISTENT_FETCH
I0828 01:42:47.169905    2956 server_lib.cc:1855] Attempting to load component jit_reshape.4583327957303542212 @ 0 at worker after 935.347us (proto size 2414)
I0828 01:42:47.183368    1298 tpu_chip_config.cc:367] Resolved chip config alias megachip_tccontrol->megacore for 2093c6a02, 
I0828 01:42:47.184902    1298 tpu_chip_config.cc:367] Resolved chip config alias megachip_tccontrol->megacore for 2093c6a02, 
I0828 01:42:47.185669    1298 xla_compilation_cache.cc:113] XLA compilation cache fetch for computation 'jit_reshape' (key b74041f4de2c4d69) took 212.513138ms: PERSISTENT_FETCH
I0828 01:42:47.385856    1297 tpu_chip_config.cc:367] Resolved chip config alias megachip_tccontrol->megacore for 2093c6a02, 
I0828 01:42:47.387350    1297 tpu_chip_config.cc:367] Resolved chip config alias megachip_tccontrol->megacore for 2093c6a02, 
I0828 01:42:47.388137    1297 xla_compilation_cache.cc:113] XLA compilation cache fetch for computation 'jit_reshape' (key f4c2dbb4df7860f) took 218.239444ms: PERSISTENT_FETCH
I0828 01:42:48.138918    1858 server_lib.cc:1855] Attempting to load component jit__select_from_array_fn.1182302940440487511 @ 0 at worker after 1.006234ms (proto size 2463)
I0828 01:42:48.667932    2929 server_lib.cc:1855] Attempting to load component jit_convert_element_type.11097614078210886351 @ 0 at worker after 858.772us (proto size 2441)
I0828 01:42:48.679532    1297 tpu_chip_config.cc:367] Resolved chip config alias megachip_tccontrol->megacore for 2093c6a02, 
I0828 01:42:48.681369    1297 tpu_chip_config.cc:367] Resolved chip config alias megachip_tccontrol->megacore for 2093c6a02, 
I0828 01:42:48.682611    1297 xla_compilation_cache.cc:113] XLA compilation cache fetch for computation 'jit__select_from_array_fn' (key 3987beae83897996) took 543.702948ms: PERSISTENT_FETCH
I0828 01:42:48.916981    1298 tpu_chip_config.cc:367] Resolved chip config alias megachip_tccontrol->megacore for 2093c6a02, 
I0828 01:42:48.918596    1298 tpu_chip_config.cc:367] Resolved chip config alias megachip_tccontrol->megacore for 2093c6a02, 
I0828 01:42:48.919352    1298 xla_compilation_cache.cc:113] XLA compilation cache fetch for computation 'jit_convert_element_type' (key b338d3f821f30e49) took 251.428852ms: PERSISTENT_FETCH
I0828 01:42:48.973853    3033 server_lib.cc:1855] Attempting to load component jit_sample.1182302940440487330 @ 0 at worker after 1.143092ms (proto size 2533)
I0828 01:42:50.665425    1298 tpu_chip_config.cc:367] Resolved chip config alias megachip_tccontrol->megacore for 2093c6a02, 
I0828 01:42:50.667545    1298 tpu_chip_config.cc:367] Resolved chip config alias megachip_tccontrol->megacore for 2093c6a02, 
I0828 01:42:50.669841    1298 xla_compilation_cache.cc:113] XLA compilation cache fetch for computation 'jit_sample' (key 382ef079e9d5b946) took 1.695996581s: PERSISTENT_FETCH
W0828 01:43:55.868564    1436 tpu_pjrt_client.cc:2349] PjRt execution dispatch was blocked for 19.127827ms because PjRt's max in-flight computation semaphore is full (limit: 32), which may negatively affect the performance
I0828 01:44:31.645301    1868 server_lib.cc:1855] Attempting to load component jit__identity_fn.14998664224933153484 @ 0 at worker after 1.19773ms (proto size 2445)
I0828 01:44:31.951840    1298 tpu_chip_config.cc:367] Resolved chip config alias megachip_tccontrol->megacore for 2093c6a02, 
I0828 01:44:31.953766    1298 tpu_chip_config.cc:367] Resolved chip config alias megachip_tccontrol->megacore for 2093c6a02, 
I0828 01:44:31.954691    1298 xla_compilation_cache.cc:113] XLA compilation cache fetch for computation 'jit__identity_fn' (key 6f636a871a6fa44d) took 309.404773ms: PERSISTENT_FETCH
I0828 01:44:39.199124    2956 server_lib.cc:1855] Attempting to load component jit__identity_fn.14998664224933154582 @ 0 at worker after 1.337714ms (proto size 2417)
I0828 01:44:39.418885    1298 tpu_chip_config.cc:367] Resolved chip config alias megachip_tccontrol->megacore for 2093c6a02, 
I0828 01:44:39.420840    1298 tpu_chip_config.cc:367] Resolved chip config alias megachip_tccontrol->megacore for 2093c6a02, 
I0828 01:44:39.421776    1298 xla_compilation_cache.cc:113] XLA compilation cache fetch for computation 'jit__identity_fn' (key 6d5b6a0ed7cbf066) took 222.664818ms: PERSISTENT_FETCH
I0828 01:44:39.662880    1868 server_lib.cc:1855] Attempting to load component jit__identity_fn.14998664224933152161 @ 0 at worker after 858.408us (proto size 2417)
I0828 01:44:39.871426    1298 tpu_chip_config.cc:367] Resolved chip config alias megachip_tccontrol->megacore for 2093c6a02, 
I0828 01:44:39.873101    1298 tpu_chip_config.cc:367] Resolved chip config alias megachip_tccontrol->megacore for 2093c6a02, 
I0828 01:44:39.873911    1298 xla_compilation_cache.cc:113] XLA compilation cache fetch for computation 'jit__identity_fn' (key b4a5135a71b2c830) took 211.041497ms: PERSISTENT_FETCH
I0828 01:44:40.113602    2956 server_lib.cc:1855] Attempting to load component jit__identity_fn.14998664224933153836 @ 0 at worker after 937.337us (proto size 2417)
I0828 01:44:40.337176    1298 tpu_chip_config.cc:367] Resolved chip config alias megachip_tccontrol->megacore for 2093c6a02, 
I0828 01:44:40.338731    1298 tpu_chip_config.cc:367] Resolved chip config alias megachip_tccontrol->megacore for 2093c6a02, 
I0828 01:44:40.339506    1298 xla_compilation_cache.cc:113] XLA compilation cache fetch for computation 'jit__identity_fn' (key 2bfd7fc3a9afa996) took 225.914717ms: PERSISTENT_FETCH
I0828 01:44:40.572234    3163 server_lib.cc:1855] Attempting to load component jit__identity_fn.14998664224933151415 @ 0 at worker after 874.843us (proto size 2417)
I0828 01:44:40.775649    1298 tpu_chip_config.cc:367] Resolved chip config alias megachip_tccontrol->megacore for 2093c6a02, 
I0828 01:44:40.777227    1298 tpu_chip_config.cc:367] Resolved chip config alias megachip_tccontrol->megacore for 2093c6a02, 
I0828 01:44:40.778037    1298 xla_compilation_cache.cc:113] XLA compilation cache fetch for computation 'jit__identity_fn' (key 7855638037c7f39d) took 205.811638ms: PERSISTENT_FETCH
I0828 01:44:41.015665    1868 server_lib.cc:1855] Attempting to load component jit__identity_fn.14998664224933153090 @ 0 at worker after 872.972us (proto size 2415)
I0828 01:44:41.220216    1298 tpu_chip_config.cc:367] Resolved chip config alias megachip_tccontrol->megacore for 2093c6a02, 
I0828 01:44:41.221736    1298 tpu_chip_config.cc:367] Resolved chip config alias megachip_tccontrol->megacore for 2093c6a02, 
I0828 01:44:41.222466    1298 xla_compilation_cache.cc:113] XLA compilation cache fetch for computation 'jit__identity_fn' (key 9c7c9228e9e45e2b) took 206.809403ms: PERSISTENT_FETCH
I0828 01:44:42.576694    3066 server_lib.cc:1855] Attempting to load component jit_zt_tr_fwd_embed.14998664224933154765 @ 0 at worker after 1.405987ms (proto size 2453)
I0828 01:44:43.983398    1298 tpu_chip_config.cc:367] Resolved chip config alias megachip_tccontrol->megacore for 2093c6a02, 
I0828 01:44:43.986282    1298 tpu_chip_config.cc:367] Resolved chip config alias megachip_tccontrol->megacore for 2093c6a02, 
I0828 01:44:43.989715    1298 xla_compilation_cache.cc:113] XLA compilation cache fetch for computation 'jit_zt_tr_fwd_embed' (key 62df0e6647519d4a) took 1.413031221s: PERSISTENT_FETCH
I0828 01:44:44.614726    3066 server_lib.cc:1855] Attempting to load component jit_zt_tr_fwd_layer.5734983100396399430 @ 0 at worker after 1.479182ms (proto size 2876)
I0828 01:44:45.502059    1298 tpu_chip_config.cc:367] Resolved chip config alias megachip_tccontrol->megacore for 2093c6a02, 
I0828 01:44:45.504073    1298 tpu_chip_config.cc:367] Resolved chip config alias megachip_tccontrol->megacore for 2093c6a02, 
I0828 01:44:45.505829    1298 xla_compilation_cache.cc:113] XLA compilation cache fetch for computation 'jit_zt_tr_fwd_layer' (key c9be4c8c2ba991f7) took 891.112808ms: PERSISTENT_FETCH
I0828 01:45:09.313999    3066 server_lib.cc:1855] Attempting to load component jit_zt_tr_fwd_norm.5734983100396400403 @ 0 at worker after 1.100748ms (proto size 2449)
I0828 01:45:09.604144    1298 tpu_chip_config.cc:367] Resolved chip config alias megachip_tccontrol->megacore for 2093c6a02, 
I0828 01:45:09.606012    1298 tpu_chip_config.cc:367] Resolved chip config alias megachip_tccontrol->megacore for 2093c6a02, 
I0828 01:45:09.606949    1298 xla_compilation_cache.cc:113] XLA compilation cache fetch for computation 'jit_zt_tr_fwd_norm' (key e7038f48be528f61) took 292.962545ms: PERSISTENT_FETCH
I0828 01:45:09.618441    3066 server_lib.cc:1855] Attempting to load component jit_zt_tr_fwd_head.14998664224933151964 @ 0 at worker after 1.015208ms (proto size 2456)
I0828 01:45:09.961076    3066 server_lib.cc:1855] Attempting to load component jit_convert_element_type.5734983100396396718 @ 0 at worker after 955.318us (proto size 2442)
I0828 01:45:09.968485    1298 tpu_chip_config.cc:367] Resolved chip config alias megachip_tccontrol->megacore for 2093c6a02, 
I0828 01:45:09.970035    1298 tpu_chip_config.cc:367] Resolved chip config alias megachip_tccontrol->megacore for 2093c6a02, 
I0828 01:45:09.971086    1298 xla_compilation_cache.cc:113] XLA compilation cache fetch for computation 'jit_zt_tr_fwd_head' (key 1aaaf33cf76a5869) took 352.652513ms: PERSISTENT_FETCH
I0828 01:45:10.199673    1297 tpu_chip_config.cc:367] Resolved chip config alias megachip_tccontrol->megacore for 2093c6a02, 
I0828 01:45:10.201305    1297 tpu_chip_config.cc:367] Resolved chip config alias megachip_tccontrol->megacore for 2093c6a02, 
I0828 01:45:10.202085    1297 xla_compilation_cache.cc:113] XLA compilation cache fetch for computation 'jit_convert_element_type' (key af38911986a18cec) took 241.015288ms: PERSISTENT_FETCH
I0828 01:45:10.277512    3066 server_lib.cc:1855] Attempting to load component jit_zt_tr_fwd_logprob.14998664224933153639 @ 0 at worker after 1.190912ms (proto size 2486)
I0828 01:45:10.976402    2980 server_lib.cc:1855] Attempting to load component jit_reshape.5734983100396397129 @ 0 at worker after 948.714us (proto size 2409)
I0828 01:45:10.987634    1297 tpu_chip_config.cc:367] Resolved chip config alias megachip_tccontrol->megacore for 2093c6a02, 
I0828 01:45:10.989519    1297 tpu_chip_config.cc:367] Resolved chip config alias megachip_tccontrol->megacore for 2093c6a02, 
I0828 01:45:10.990902    1297 xla_compilation_cache.cc:113] XLA compilation cache fetch for computation 'jit_zt_tr_fwd_logprob' (key 8a9dc8c803939224) took 713.398206ms: PERSISTENT_FETCH
I0828 01:45:11.195551    1298 tpu_chip_config.cc:367] Resolved chip config alias megachip_tccontrol->megacore for 2093c6a02, 
I0828 01:45:11.197116    1298 tpu_chip_config.cc:367] Resolved chip config alias megachip_tccontrol->megacore for 2093c6a02, 
I0828 01:45:11.197906    1298 xla_compilation_cache.cc:113] XLA compilation cache fetch for computation 'jit_reshape' (key 38ed3caedf61d993) took 221.513697ms: PERSISTENT_FETCH
W0828 01:45:11.287053    1435 tpu_pjrt_client.cc:2349] PjRt execution dispatch was blocked for 7.331153ms because PjRt's max in-flight computation semaphore is full (limit: 32), which may negatively affect the performance
I0828 01:45:11.686208    3163 server_lib.cc:1855] Attempting to load component jit_concatenate.5734983100396396760 @ 0 at worker after 939.222us (proto size 2565)
I0828 01:45:11.920373    2980 server_lib.cc:1855] Attempting to load component jit_take_along_axis.14998664224933153442 @ 0 at worker after 972.175us (proto size 2453)
I0828 01:45:11.925518    1298 tpu_chip_config.cc:367] Resolved chip config alias megachip_tccontrol->megacore for 2093c6a02, 
I0828 01:45:11.927133    1298 tpu_chip_config.cc:367] Resolved chip config alias megachip_tccontrol->megacore for 2093c6a02, 
I0828 01:45:11.928186    1298 xla_compilation_cache.cc:113] XLA compilation cache fetch for computation 'jit_concatenate' (key 568c6735546136e3) took 241.987034ms: PERSISTENT_FETCH
I0828 01:45:12.209085    1297 tpu_chip_config.cc:367] Resolved chip config alias megachip_tccontrol->megacore for 2093c6a02, 
I0828 01:45:12.210742    1297 tpu_chip_config.cc:367] Resolved chip config alias megachip_tccontrol->megacore for 2093c6a02, 
I0828 01:45:12.211819    1297 xla_compilation_cache.cc:113] XLA compilation cache fetch for computation 'jit_take_along_axis' (key 82330c40d023bf6d) took 291.455093ms: PERSISTENT_FETCH
I0828 01:45:12.678632    2980 server_lib.cc:1855] Attempting to load component jit__where.5734983100396397582 @ 0 at worker after 1.067455ms (proto size 2459)
I0828 01:45:12.893501    1297 tpu_chip_config.cc:367] Resolved chip config alias megachip_tccontrol->megacore for 2093c6a02, 
I0828 01:45:12.895377    1297 tpu_chip_config.cc:367] Resolved chip config alias megachip_tccontrol->megacore for 2093c6a02, 
I0828 01:45:12.896396    1297 xla_compilation_cache.cc:113] XLA compilation cache fetch for computation 'jit__where' (key 1ce423fa11e4cc5b) took 217.772351ms: PERSISTENT_FETCH
I0828 01:45:28.265663    2956 server_lib.cc:1855] Attempting to load component jit_concatenate.5734983100396397585 @ 0 at worker after 999.187us (proto size 2613)
I0828 01:45:28.502897    3096 server_lib.cc:1855] Attempting to load component jit_take_along_axis.14998664224933152317 @ 0 at worker after 964.889us (proto size 2453)
I0828 01:45:28.510367    1297 tpu_chip_config.cc:367] Resolved chip config alias megachip_tccontrol->megacore for 2093c6a02, 
I0828 01:45:28.512294    1297 tpu_chip_config.cc:367] Resolved chip config alias megachip_tccontrol->megacore for 2093c6a02, 
I0828 01:45:28.513553    1297 xla_compilation_cache.cc:113] XLA compilation cache fetch for computation 'jit_concatenate' (key 5d90f996a5dc2c37) took 247.90193ms: PERSISTENT_FETCH
I0828 01:45:28.798419    1298 tpu_chip_config.cc:367] Resolved chip config alias megachip_tccontrol->megacore for 2093c6a02, 
I0828 01:45:28.800039    1298 tpu_chip_config.cc:367] Resolved chip config alias megachip_tccontrol->megacore for 2093c6a02, 
I0828 01:45:28.801118    1298 xla_compilation_cache.cc:113] XLA compilation cache fetch for computation 'jit_take_along_axis' (key bfa23da881521e79) took 298.231585ms: PERSISTENT_FETCH
I0828 01:45:35.100867    3096 server_lib.cc:1855] Attempting to load component jit_concatenate.14998664224933154513 @ 0 at worker after 939.51us (proto size 2542)
I0828 01:45:35.340373    3096 server_lib.cc:1855] Attempting to load component jit_take_along_axis.5734983100396397012 @ 0 at worker after 1.075645ms (proto size 2452)
I0828 01:45:35.359645    1298 tpu_chip_config.cc:367] Resolved chip config alias megachip_tccontrol->megacore for 2093c6a02, 
I0828 01:45:35.361501    1298 tpu_chip_config.cc:367] Resolved chip config alias megachip_tccontrol->megacore for 2093c6a02, 
I0828 01:45:35.362705    1298 xla_compilation_cache.cc:113] XLA compilation cache fetch for computation 'jit_concatenate' (key 5c6ec3408ed5983a) took 261.848645ms: PERSISTENT_FETCH
I0828 01:45:35.622727    1297 tpu_chip_config.cc:367] Resolved chip config alias megachip_tccontrol->megacore for 2093c6a02, 
I0828 01:45:35.624611    1297 tpu_chip_config.cc:367] Resolved chip config alias megachip_tccontrol->megacore for 2093c6a02, 
I0828 01:45:35.625734    1297 xla_compilation_cache.cc:113] XLA compilation cache fetch for computation 'jit_take_along_axis' (key 2eeefa3982b961ae) took 285.367451ms: PERSISTENT_FETCH
I0828 01:45:40.522265    3122 server_lib.cc:1855] Attempting to load component jit_concatenate.14998664224933152430 @ 0 at worker after 930.437us (proto size 2590)
I0828 01:45:40.752737    3066 server_lib.cc:1855] Attempting to load component jit_take_along_axis.1570370967876935261 @ 0 at worker after 974.142us (proto size 2452)
I0828 01:45:40.755741    1297 tpu_chip_config.cc:367] Resolved chip config alias megachip_tccontrol->megacore for 2093c6a02, 
I0828 01:45:40.757498    1297 tpu_chip_config.cc:367] Resolved chip config alias megachip_tccontrol->megacore for 2093c6a02, 
I0828 01:45:40.758605    1297 xla_compilation_cache.cc:113] XLA compilation cache fetch for computation 'jit_concatenate' (key de8422427e9e60c8) took 236.351902ms: PERSISTENT_FETCH
I0828 01:45:41.045404    1298 tpu_chip_config.cc:367] Resolved chip config alias megachip_tccontrol->megacore for 2093c6a02, 
I0828 01:45:41.047335    1298 tpu_chip_config.cc:367] Resolved chip config alias megachip_tccontrol->megacore for 2093c6a02, 
I0828 01:45:41.048528    1298 xla_compilation_cache.cc:113] XLA compilation cache fetch for computation 'jit_take_along_axis' (key 9dde9fffe6fe5aa4) took 295.799469ms: PERSISTENT_FETCH
W0828 01:46:11.294411    1434 tpu_pjrt_client.cc:2349] PjRt execution dispatch was blocked for 8.548389ms because PjRt's max in-flight computation semaphore is full (limit: 32), which may negatively affect the performance
I0828 01:46:20.805255    1868 server_lib.cc:1855] Attempting to load component jit_concatenate.14998664224933152446 @ 0 at worker after 882.27us (proto size 2638)
I0828 01:46:21.065108    3122 server_lib.cc:1855] Attempting to load component jit_take_along_axis.1570370967876933258 @ 0 at worker after 902.331us (proto size 2452)
I0828 01:46:21.074090    1298 tpu_chip_config.cc:367] Resolved chip config alias megachip_tccontrol->megacore for 2093c6a02, 
I0828 01:46:21.075922    1298 tpu_chip_config.cc:367] Resolved chip config alias megachip_tccontrol->megacore for 2093c6a02, 
I0828 01:46:21.077158    1298 xla_compilation_cache.cc:113] XLA compilation cache fetch for computation 'jit_concatenate' (key 8786f4b7466968ec) took 271.914025ms: PERSISTENT_FETCH
I0828 01:46:21.363179    1297 tpu_chip_config.cc:367] Resolved chip config alias megachip_tccontrol->megacore for 2093c6a02, 
I0828 01:46:21.364918    1297 tpu_chip_config.cc:367] Resolved chip config alias megachip_tccontrol->megacore for 2093c6a02, 
I0828 01:46:21.365968    1297 xla_compilation_cache.cc:113] XLA compilation cache fetch for computation 'jit_take_along_axis' (key 3ebe01232863c30a) took 300.869939ms: PERSISTENT_FETCH
I0828 01:46:43.002989    2980 server_lib.cc:1855] Attempting to load component jit_concatenate.1570370967876933282 @ 0 at worker after 877.052us (proto size 2709)
I0828 01:46:43.261486    3066 server_lib.cc:1855] Attempting to load component jit_take_along_axis.8339433792461643543 @ 0 at worker after 960.835us (proto size 2452)
I0828 01:46:43.261870    1297 tpu_chip_config.cc:367] Resolved chip config alias megachip_tccontrol->megacore for 2093c6a02, 
I0828 01:46:43.263623    1297 tpu_chip_config.cc:367] Resolved chip config alias megachip_tccontrol->megacore for 2093c6a02, 
I0828 01:46:43.264823    1297 xla_compilation_cache.cc:113] XLA compilation cache fetch for computation 'jit_concatenate' (key 2925e3aee51b382f) took 261.845369ms: PERSISTENT_FETCH
I0828 01:46:43.550858    1298 tpu_chip_config.cc:367] Resolved chip config alias megachip_tccontrol->megacore for 2093c6a02, 
I0828 01:46:43.552408    1298 tpu_chip_config.cc:367] Resolved chip config alias megachip_tccontrol->megacore for 2093c6a02, 
I0828 01:46:43.553380    1298 xla_compilation_cache.cc:113] XLA compilation cache fetch for computation 'jit_take_along_axis' (key 1fc8dbfc149af2b7) took 291.906044ms: PERSISTENT_FETCH
I0828 01:46:46.572462    3096 server_lib.cc:1855] Attempting to load component jit_stack.1570370967876935277 @ 0 at worker after 1.353876ms (proto size 3155)
I0828 01:46:46.866993    3096 server_lib.cc:1855] Attempting to load component jit_swapaxes.8339433792461642520 @ 0 at worker after 883.116us (proto size 2420)
I0828 01:46:46.875969    1298 tpu_chip_config.cc:367] Resolved chip config alias megachip_tccontrol->megacore for 2093c6a02, 
I0828 01:46:46.877736    1298 tpu_chip_config.cc:367] Resolved chip config alias megachip_tccontrol->megacore for 2093c6a02, 
I0828 01:46:46.879672    1298 xla_compilation_cache.cc:113] XLA compilation cache fetch for computation 'jit_stack' (key 8428a621a5cb379) took 307.220756ms: PERSISTENT_FETCH
I0828 01:46:47.084313    3066 server_lib.cc:1855] Attempting to load component jit_reshape.1570370967876932378 @ 0 at worker after 861.662us (proto size 2416)
I0828 01:46:47.098909    1297 tpu_chip_config.cc:367] Resolved chip config alias megachip_tccontrol->megacore for 2093c6a02, 
I0828 01:46:47.100427    1297 tpu_chip_config.cc:367] Resolved chip config alias megachip_tccontrol->megacore for 2093c6a02, 
I0828 01:46:47.101185    1297 xla_compilation_cache.cc:113] XLA compilation cache fetch for computation 'jit_swapaxes' (key a1e18c865e950b7d) took 234.197356ms: PERSISTENT_FETCH
I0828 01:46:47.292318    3122 server_lib.cc:1855] Attempting to load component jit_convert_element_type.8339433792461641497 @ 0 at worker after 935.946us (proto size 2440)
I0828 01:46:47.302004    1298 tpu_chip_config.cc:367] Resolved chip config alias megachip_tccontrol->megacore for 2093c6a02, 
I0828 01:46:47.303455    1298 tpu_chip_config.cc:367] Resolved chip config alias megachip_tccontrol->megacore for 2093c6a02, 
I0828 01:46:47.304181    1298 xla_compilation_cache.cc:113] XLA compilation cache fetch for computation 'jit_reshape' (key f832a1c7cc398f65) took 219.875303ms: PERSISTENT_FETCH
I0828 01:46:47.509176    1297 tpu_chip_config.cc:367] Resolved chip config alias megachip_tccontrol->megacore for 2093c6a02, 
I0828 01:46:47.510682    1297 tpu_chip_config.cc:367] Resolved chip config alias megachip_tccontrol->megacore for 2093c6a02, 
I0828 01:46:47.511453    1297 xla_compilation_cache.cc:113] XLA compilation cache fetch for computation 'jit_convert_element_type' (key 9029c4266e5b3b24) took 219.142926ms: PERSISTENT_FETCH
I0828 01:46:47.695249    3096 server_lib.cc:1855] Attempting to load component jit_subtract.8339433792461640133 @ 0 at worker after 1.049279ms (proto size 2441)
I0828 01:46:47.921159    1297 tpu_chip_config.cc:367] Resolved chip config alias megachip_tccontrol->megacore for 2093c6a02, 
I0828 01:46:47.922648    1297 tpu_chip_config.cc:367] Resolved chip config alias megachip_tccontrol->megacore for 2093c6a02, 
I0828 01:46:47.923397    1297 xla_compilation_cache.cc:113] XLA compilation cache fetch for computation 'jit_subtract' (key 48a79db89077f304) took 228.15458ms: PERSISTENT_FETCH
I0828 01:46:48.163872    3163 server_lib.cc:1855] Attempting to load component jit_negative.1570370967876935570 @ 0 at worker after 1.145737ms (proto size 2416)
I0828 01:46:48.366767    3163 server_lib.cc:1855] Attempting to load component jit_multiply.8339433792461642183 @ 0 at worker after 1.03737ms (proto size 2467)
I0828 01:46:48.379106    1297 tpu_chip_config.cc:367] Resolved chip config alias megachip_tccontrol->megacore for 2093c6a02, 
I0828 01:46:48.380556    1297 tpu_chip_config.cc:367] Resolved chip config alias megachip_tccontrol->megacore for 2093c6a02, 
I0828 01:46:48.381313    1297 xla_compilation_cache.cc:113] XLA compilation cache fetch for computation 'jit_negative' (key bed20c5c9751245f) took 217.448662ms: PERSISTENT_FETCH
I0828 01:46:48.583355    3163 server_lib.cc:1855] Attempting to load component jit__reduce_sum.1570370967876932671 @ 0 at worker after 879.334us (proto size 2408)
I0828 01:46:48.588714    1298 tpu_chip_config.cc:367] Resolved chip config alias megachip_tccontrol->megacore for 2093c6a02, 
I0828 01:46:48.590194    1298 tpu_chip_config.cc:367] Resolved chip config alias megachip_tccontrol->megacore for 2093c6a02, 
I0828 01:46:48.591010    1298 xla_compilation_cache.cc:113] XLA compilation cache fetch for computation 'jit_multiply' (key 7fdfa743282370b1) took 224.247905ms: PERSISTENT_FETCH
I0828 01:46:48.799046    3163 server_lib.cc:1855] Attempting to load component jit_clip.8339433792461641160 @ 0 at worker after 1.000343ms (proto size 2481)
I0828 01:46:48.800974    1297 tpu_chip_config.cc:367] Resolved chip config alias megachip_tccontrol->megacore for 2093c6a02, 
I0828 01:46:48.802442    1297 tpu_chip_config.cc:367] Resolved chip config alias megachip_tccontrol->megacore for 2093c6a02, 
I0828 01:46:48.803246    1297 xla_compilation_cache.cc:113] XLA compilation cache fetch for computation 'jit__reduce_sum' (key 5e6da6efca03ab3b) took 219.896533ms: PERSISTENT_FETCH
I0828 01:46:49.044375    1298 tpu_chip_config.cc:367] Resolved chip config alias megachip_tccontrol->megacore for 2093c6a02, 
I0828 01:46:49.045822    1298 tpu_chip_config.cc:367] Resolved chip config alias megachip_tccontrol->megacore for 2093c6a02, 
I0828 01:46:49.046686    1298 xla_compilation_cache.cc:113] XLA compilation cache fetch for computation 'jit_clip' (key 23e328b896f2a193) took 247.646078ms: PERSISTENT_FETCH
I0828 01:46:49.048128    3066 server_lib.cc:1855] Attempting to load component jit__reduce_sum.1570370967876934666 @ 0 at worker after 901.198us (proto size 2418)
I0828 01:46:49.260394    1298 tpu_chip_config.cc:367] Resolved chip config alias megachip_tccontrol->megacore for 2093c6a02, 
I0828 01:46:49.261857    1298 tpu_chip_config.cc:367] Resolved chip config alias megachip_tccontrol->megacore for 2093c6a02, 
I0828 01:46:49.262622    1298 xla_compilation_cache.cc:113] XLA compilation cache fetch for computation 'jit__reduce_sum' (key bf82337d1fc2a392) took 214.501465ms: PERSISTENT_FETCH
I0828 01:46:49.438032    3123 server_lib.cc:1855] Attempting to load component jit_true_divide.8339433792461643210 @ 0 at worker after 979.892us (proto size 2456)
I0828 01:46:49.655242    1298 tpu_chip_config.cc:367] Resolved chip config alias megachip_tccontrol->megacore for 2093c6a02, 
I0828 01:46:49.656010    3122 server_lib.cc:1855] Attempting to load component jit_subtract.1570370967876932964 @ 0 at worker after 896.553us (proto size 2441)
I0828 01:46:49.656707    1298 tpu_chip_config.cc:367] Resolved chip config alias megachip_tccontrol->megacore for 2093c6a02, 
I0828 01:46:49.657456    1298 xla_compilation_cache.cc:113] XLA compilation cache fetch for computation 'jit_true_divide' (key bcd016b09189073b) took 219.432147ms: PERSISTENT_FETCH
I0828 01:46:49.861751    3096 server_lib.cc:1855] Attempting to load component jit_broadcast_in_dim.8339433792461642187 @ 0 at worker after 1.035863ms (proto size 2427)
I0828 01:46:49.871130    1297 tpu_chip_config.cc:367] Resolved chip config alias megachip_tccontrol->megacore for 2093c6a02, 
I0828 01:46:49.872585    1297 tpu_chip_config.cc:367] Resolved chip config alias megachip_tccontrol->megacore for 2093c6a02, 
I0828 01:46:49.873301    1297 xla_compilation_cache.cc:113] XLA compilation cache fetch for computation 'jit_subtract' (key 1ed3ef5a49c45b74) took 217.298529ms: PERSISTENT_FETCH
I0828 01:46:50.064708    1868 server_lib.cc:1855] Attempting to load component jit_add.1570370967876934161 @ 0 at worker after 915.314us (proto size 2430)
I0828 01:46:50.065042    1298 tpu_chip_config.cc:367] Resolved chip config alias megachip_tccontrol->megacore for 2093c6a02, 
I0828 01:46:50.066442    1298 tpu_chip_config.cc:367] Resolved chip config alias megachip_tccontrol->megacore for 2093c6a02, 
I0828 01:46:50.067209    1298 xla_compilation_cache.cc:113] XLA compilation cache fetch for computation 'jit_broadcast_in_dim' (key fdf99b4baecb1df6) took 205.463626ms: PERSISTENT_FETCH
I0828 01:46:50.273484    3123 server_lib.cc:1855] Attempting to load component jit_clip.8339433792461641164 @ 0 at worker after 1.085486ms (proto size 2444)
I0828 01:46:50.273899    1297 tpu_chip_config.cc:367] Resolved chip config alias megachip_tccontrol->megacore for 2093c6a02, 
I0828 01:46:50.275322    1297 tpu_chip_config.cc:367] Resolved chip config alias megachip_tccontrol->megacore for 2093c6a02, 
I0828 01:46:50.276117    1297 xla_compilation_cache.cc:113] XLA compilation cache fetch for computation 'jit_add' (key b180390b42237c42) took 211.415675ms: PERSISTENT_FETCH
I0828 01:46:50.502393    3096 server_lib.cc:1855] Attempting to load component jit_exp.1570370967876931661 @ 0 at worker after 989.838us (proto size 2405)
I0828 01:46:50.509621    1298 tpu_chip_config.cc:367] Resolved chip config alias megachip_tccontrol->megacore for 2093c6a02, 
I0828 01:46:50.511101    1298 tpu_chip_config.cc:367] Resolved chip config alias megachip_tccontrol->megacore for 2093c6a02, 
I0828 01:46:50.511927    1298 xla_compilation_cache.cc:113] XLA compilation cache fetch for computation 'jit_clip' (key af6d878a307a75f9) took 238.449497ms: PERSISTENT_FETCH
I0828 01:46:50.707018    1297 tpu_chip_config.cc:367] Resolved chip config alias megachip_tccontrol->megacore for 2093c6a02, 
I0828 01:46:50.708429    1297 tpu_chip_config.cc:367] Resolved chip config alias megachip_tccontrol->megacore for 2093c6a02, 
I0828 01:46:50.709189    1297 xla_compilation_cache.cc:113] XLA compilation cache fetch for computation 'jit_exp' (key 3d439b67ea163a9) took 206.801177ms: PERSISTENT_FETCH
I0828 01:46:51.058912    3122 server_lib.cc:1855] Attempting to load component jit_multiply.8339433792461643214 @ 0 at worker after 988.2us (proto size 2440)
I0828 01:46:51.292017    1297 tpu_chip_config.cc:367] Resolved chip config alias megachip_tccontrol->megacore for 2093c6a02, 
I0828 01:46:51.293459    1297 tpu_chip_config.cc:367] Resolved chip config alias megachip_tccontrol->megacore for 2093c6a02, 
I0828 01:46:51.294245    1297 xla_compilation_cache.cc:113] XLA compilation cache fetch for computation 'jit_multiply' (key fc4d2fab9725af8e) took 235.341214ms: PERSISTENT_FETCH
I0828 01:46:51.528008    3122 server_lib.cc:1855] Attempting to load component jit_clip.8339433792461642191 @ 0 at worker after 894.27us (proto size 2481)
I0828 01:46:51.772739    1297 tpu_chip_config.cc:367] Resolved chip config alias megachip_tccontrol->megacore for 2093c6a02, 
I0828 01:46:51.773870    3123 server_lib.cc:1855] Attempting to load component jit_maximum.1570370967876931954 @ 0 at worker after 1.008968ms (proto size 2490)
I0828 01:46:51.774333    1297 tpu_chip_config.cc:367] Resolved chip config alias megachip_tccontrol->megacore for 2093c6a02, 
I0828 01:46:51.775235    1297 xla_compilation_cache.cc:113] XLA compilation cache fetch for computation 'jit_clip' (key e1bbdc25b0e45d2b) took 247.233641ms: PERSISTENT_FETCH
I0828 01:46:52.028025    3096 server_lib.cc:1855] Attempting to load component jit_greater.8339433792461641168 @ 0 at worker after 942.019us (proto size 2439)
I0828 01:46:52.034298    1298 tpu_chip_config.cc:367] Resolved chip config alias megachip_tccontrol->megacore for 2093c6a02, 
I0828 01:46:52.035787    1298 tpu_chip_config.cc:367] Resolved chip config alias megachip_tccontrol->megacore for 2093c6a02, 
I0828 01:46:52.036659    1298 xla_compilation_cache.cc:113] XLA compilation cache fetch for computation 'jit_maximum' (key 20ba3831ab99cb1e) took 262.796871ms: PERSISTENT_FETCH
I0828 01:46:52.223680    3122 server_lib.cc:1855] Attempting to load component jit_convert_element_type.1570370967876933151 @ 0 at worker after 875.981us (proto size 2440)
I0828 01:46:52.229010    1297 tpu_chip_config.cc:367] Resolved chip config alias megachip_tccontrol->megacore for 2093c6a02, 
I0828 01:46:52.230438    1297 tpu_chip_config.cc:367] Resolved chip config alias megachip_tccontrol->megacore for 2093c6a02, 
I0828 01:46:52.231194    1297 xla_compilation_cache.cc:113] XLA compilation cache fetch for computation 'jit_greater' (key fcfa006d15426f67) took 203.174984ms: PERSISTENT_FETCH
I0828 01:46:52.441448    3122 server_lib.cc:1855] Attempting to load component jit_multiply.8339433792461640145 @ 0 at worker after 904.031us (proto size 2441)
I0828 01:46:52.465921    1298 tpu_chip_config.cc:367] Resolved chip config alias megachip_tccontrol->megacore for 2093c6a02, 
I0828 01:46:52.467346    1298 tpu_chip_config.cc:367] Resolved chip config alias megachip_tccontrol->megacore for 2093c6a02, 
I0828 01:46:52.468112    1298 xla_compilation_cache.cc:113] XLA compilation cache fetch for computation 'jit_convert_element_type' (key 9858f12e618f42f9) took 244.438957ms: PERSISTENT_FETCH
I0828 01:46:52.641135    1297 tpu_chip_config.cc:367] Resolved chip config alias megachip_tccontrol->megacore for 2093c6a02, 
I0828 01:46:52.642704    1297 tpu_chip_config.cc:367] Resolved chip config alias megachip_tccontrol->megacore for 2093c6a02, 
I0828 01:46:52.643451    1297 xla_compilation_cache.cc:113] XLA compilation cache fetch for computation 'jit_multiply' (key 56a2f6c0d1c7dce7) took 202.00959ms: PERSISTENT_FETCH
I0828 01:46:52.848858    3066 server_lib.cc:1855] Attempting to load component jit_bitwise_and.1570370967876935545 @ 0 at worker after 1.055504ms (proto size 2446)
I0828 01:46:53.047108    1297 tpu_chip_config.cc:367] Resolved chip config alias megachip_tccontrol->megacore for 2093c6a02, 
I0828 01:46:53.048596    1297 tpu_chip_config.cc:367] Resolved chip config alias megachip_tccontrol->megacore for 2093c6a02, 
I0828 01:46:53.049411    1297 xla_compilation_cache.cc:113] XLA compilation cache fetch for computation 'jit_bitwise_and' (key 4425591f7e345e31) took 200.56097ms: PERSISTENT_FETCH
I0828 01:46:53.318451    1868 server_lib.cc:1855] Attempting to load component jit__reduce_sum.1570370967876932646 @ 0 at worker after 853.229us (proto size 2418)
I0828 01:46:53.533712    1297 tpu_chip_config.cc:367] Resolved chip config alias megachip_tccontrol->megacore for 2093c6a02, 
I0828 01:46:53.535217    1297 tpu_chip_config.cc:367] Resolved chip config alias megachip_tccontrol->megacore for 2093c6a02, 
I0828 01:46:53.536034    1297 xla_compilation_cache.cc:113] XLA compilation cache fetch for computation 'jit__reduce_sum' (key 467c86885ac30774) took 217.589848ms: PERSISTENT_FETCH
I0828 01:46:53.700914    3163 server_lib.cc:1855] Attempting to load component jit_true_divide.1570370967876934242 @ 0 at worker after 939.411us (proto size 2435)
I0828 01:46:53.907451    1297 tpu_chip_config.cc:367] Resolved chip config alias megachip_tccontrol->megacore for 2093c6a02, 
I0828 01:46:53.908922    1297 tpu_chip_config.cc:367] Resolved chip config alias megachip_tccontrol->megacore for 2093c6a02, 
I0828 01:46:53.909662    1297 xla_compilation_cache.cc:113] XLA compilation cache fetch for computation 'jit_true_divide' (key 6c010c44a494a4f8) took 208.755222ms: PERSISTENT_FETCH
I0828 01:46:54.150185    3066 server_lib.cc:1855] Attempting to load component jit__reduce_sum.1570370967876935439 @ 0 at worker after 903.736us (proto size 2404)
I0828 01:46:54.349709    1297 tpu_chip_config.cc:367] Resolved chip config alias megachip_tccontrol->megacore for 2093c6a02, 
I0828 01:46:54.351130    1297 tpu_chip_config.cc:367] Resolved chip config alias megachip_tccontrol->megacore for 2093c6a02, 
I0828 01:46:54.351897    1297 xla_compilation_cache.cc:113] XLA compilation cache fetch for computation 'jit__reduce_sum' (key e26f4f410089f389) took 201.719655ms: PERSISTENT_FETCH
I0828 01:46:54.354224    1868 server_lib.cc:1855] Attempting to load component jit_minimum.8339433792461642881 @ 0 at worker after 948.89us (proto size 2490)
I0828 01:46:54.585459    3096 server_lib.cc:1855] Attempting to load component jit__where.1570370967876932939 @ 0 at worker after 978.05us (proto size 2485)
I0828 01:46:54.591044    1297 tpu_chip_config.cc:367] Resolved chip config alias megachip_tccontrol->megacore for 2093c6a02, 
I0828 01:46:54.592455    1297 tpu_chip_config.cc:367] Resolved chip config alias megachip_tccontrol->megacore for 2093c6a02, 
I0828 01:46:54.593305    1297 xla_compilation_cache.cc:113] XLA compilation cache fetch for computation 'jit_minimum' (key 6b4bcdb9d9819f09) took 239.08883ms: PERSISTENT_FETCH
I0828 01:46:54.811897    1298 tpu_chip_config.cc:367] Resolved chip config alias megachip_tccontrol->megacore for 2093c6a02, 
I0828 01:46:54.813353    1298 tpu_chip_config.cc:367] Resolved chip config alias megachip_tccontrol->megacore for 2093c6a02, 
I0828 01:46:54.814183    1298 xla_compilation_cache.cc:113] XLA compilation cache fetch for computation 'jit__where' (key 4067a05c24b94a) took 228.730661ms: PERSISTENT_FETCH
I0828 01:46:54.819433    3123 server_lib.cc:1855] Attempting to load component jit_true_divide.8339433792461641517 @ 0 at worker after 855.126us (proto size 2456)
I0828 01:46:55.036689    3123 server_lib.cc:1855] Attempting to load component jit__reduce_sum.1570370967876934136 @ 0 at worker after 841.173us (proto size 2404)
I0828 01:46:55.053230    1298 tpu_chip_config.cc:367] Resolved chip config alias megachip_tccontrol->megacore for 2093c6a02, 
I0828 01:46:55.054683    1298 tpu_chip_config.cc:367] Resolved chip config alias megachip_tccontrol->megacore for 2093c6a02, 
I0828 01:46:55.055455    1298 xla_compilation_cache.cc:113] XLA compilation cache fetch for computation 'jit_true_divide' (key af7d453c68d913e2) took 236.029139ms: PERSISTENT_FETCH
I0828 01:46:55.243795    3123 server_lib.cc:1855] Attempting to load component jit_convert_element_type.8339433792461640494 @ 0 at worker after 917.566us (proto size 2412)
I0828 01:46:55.251777    1297 tpu_chip_config.cc:367] Resolved chip config alias megachip_tccontrol->megacore for 2093c6a02, 
I0828 01:46:55.253216    1297 tpu_chip_config.cc:367] Resolved chip config alias megachip_tccontrol->megacore for 2093c6a02, 
I0828 01:46:55.254013    1297 xla_compilation_cache.cc:113] XLA compilation cache fetch for computation 'jit__reduce_sum' (key a01abe6d6260bdc0) took 217.330599ms: PERSISTENT_FETCH
I0828 01:46:55.458632    1298 tpu_chip_config.cc:367] Resolved chip config alias megachip_tccontrol->megacore for 2093c6a02, 
I0828 01:46:55.460061    1298 tpu_chip_config.cc:367] Resolved chip config alias megachip_tccontrol->megacore for 2093c6a02, 
I0828 01:46:55.460783    1298 xla_compilation_cache.cc:113] XLA compilation cache fetch for computation 'jit_convert_element_type' (key 67c9710f4d007cdf) took 217.02972ms: PERSISTENT_FETCH
I0828 01:46:55.470240    3066 server_lib.cc:1855] Attempting to load component jit__mean.1570370967876932035 @ 0 at worker after 968.57us (proto size 2392)
I0828 01:46:55.691665    1298 tpu_chip_config.cc:367] Resolved chip config alias megachip_tccontrol->megacore for 2093c6a02, 
I0828 01:46:55.693126    1298 tpu_chip_config.cc:367] Resolved chip config alias megachip_tccontrol->megacore for 2093c6a02, 
I0828 01:46:55.693938    1298 xla_compilation_cache.cc:113] XLA compilation cache fetch for computation 'jit__mean' (key 8fbbe7f73858282f) took 223.703925ms: PERSISTENT_FETCH
I0828 01:46:55.879085    1868 server_lib.cc:1855] Attempting to load component jit_masked_mean.1570370967876934828 @ 0 at worker after 1.060359ms (proto size 2469)
I0828 01:46:56.106710    1298 tpu_chip_config.cc:367] Resolved chip config alias megachip_tccontrol->megacore for 2093c6a02, 
I0828 01:46:56.108206    1298 tpu_chip_config.cc:367] Resolved chip config alias megachip_tccontrol->megacore for 2093c6a02, 
I0828 01:46:56.109088    1298 xla_compilation_cache.cc:113] XLA compilation cache fetch for computation 'jit_masked_mean' (key e54310776ecaed0) took 230.010414ms: PERSISTENT_FETCH
I0828 01:46:56.321113    3123 server_lib.cc:1855] Attempting to load component jit__where.1570370967876932328 @ 0 at worker after 989.743us (proto size 2474)
I0828 01:46:56.531431    1298 tpu_chip_config.cc:367] Resolved chip config alias megachip_tccontrol->megacore for 2093c6a02, 
I0828 01:46:56.532920    1298 tpu_chip_config.cc:367] Resolved chip config alias megachip_tccontrol->megacore for 2093c6a02, 
I0828 01:46:56.533779    1298 xla_compilation_cache.cc:113] XLA compilation cache fetch for computation 'jit__where' (key 9b98bd8f269dc37c) took 212.673297ms: PERSISTENT_FETCH
I0828 01:46:56.534764    3096 server_lib.cc:1855] Attempting to load component jit__reduce_max.8339433792461641180 @ 0 at worker after 890.723us (proto size 2444)
I0828 01:46:56.769788    3122 server_lib.cc:1855] Attempting to load component jit__reduce_min.1570370967876934323 @ 0 at worker after 850.23us (proto size 2444)
I0828 01:46:56.770937    1298 tpu_chip_config.cc:367] Resolved chip config alias megachip_tccontrol->megacore for 2093c6a02, 
I0828 01:46:56.772391    1298 tpu_chip_config.cc:367] Resolved chip config alias megachip_tccontrol->megacore for 2093c6a02, 
I0828 01:46:56.773282    1298 xla_compilation_cache.cc:113] XLA compilation cache fetch for computation 'jit__reduce_max' (key 580ea8c1d8a6d62d) took 238.525454ms: PERSISTENT_FETCH
I0828 01:46:56.957115    1297 tpu_chip_config.cc:367] Resolved chip config alias megachip_tccontrol->megacore for 2093c6a02, 
I0828 01:46:56.958601    1297 tpu_chip_config.cc:367] Resolved chip config alias megachip_tccontrol->megacore for 2093c6a02, 
I0828 01:46:56.959524    1297 xla_compilation_cache.cc:113] XLA compilation cache fetch for computation 'jit__reduce_min' (key 6383e1f9741ecbc0) took 189.743457ms: PERSISTENT_FETCH
I0828 01:46:56.961118    3122 server_lib.cc:1855] Attempting to load component jit_abs.8339433792461640157 @ 0 at worker after 989.33us (proto size 2431)
I0828 01:46:57.164728    1297 tpu_chip_config.cc:367] Resolved chip config alias megachip_tccontrol->megacore for 2093c6a02, 
I0828 01:46:57.166172    1297 tpu_chip_config.cc:367] Resolved chip config alias megachip_tccontrol->megacore for 2093c6a02, 
I0828 01:46:57.166972    1297 xla_compilation_cache.cc:113] XLA compilation cache fetch for computation 'jit_abs' (key e7a1541ed2e03f84) took 205.861043ms: PERSISTENT_FETCH
I0828 01:46:59.389598    3122 server_lib.cc:1855] Attempting to load component jit_broadcast_in_dim.8339433792461642556 @ 0 at worker after 900.805us (proto size 2414)
I0828 01:46:59.587992    3122 server_lib.cc:1855] Attempting to load component jit_div.1570370967876932808 @ 0 at worker after 984.742us (proto size 2419)
I0828 01:46:59.597241    1297 tpu_chip_config.cc:367] Resolved chip config alias megachip_tccontrol->megacore for 2093c6a02, 
I0828 01:46:59.598969    1297 tpu_chip_config.cc:367] Resolved chip config alias megachip_tccontrol->megacore for 2093c6a02, 
I0828 01:46:59.599795    1297 xla_compilation_cache.cc:113] XLA compilation cache fetch for computation 'jit_broadcast_in_dim' (key 915a3c865f22631e) took 210.206832ms: PERSISTENT_FETCH
I0828 01:46:59.806003    3163 server_lib.cc:1855] Attempting to load component jit_broadcast_in_dim.8339433792461641533 @ 0 at worker after 895.268us (proto size 2428)
I0828 01:46:59.808784    1298 tpu_chip_config.cc:367] Resolved chip config alias megachip_tccontrol->megacore for 2093c6a02, 
I0828 01:46:59.810369    1298 tpu_chip_config.cc:367] Resolved chip config alias megachip_tccontrol->megacore for 2093c6a02, 
I0828 01:46:59.811253    1298 xla_compilation_cache.cc:113] XLA compilation cache fetch for computation 'jit_div' (key 65a6afbb31ee3cd7) took 223.269409ms: PERSISTENT_FETCH
I0828 01:47:00.017494    3122 server_lib.cc:1855] Attempting to load component jit_mul.1570370967876934005 @ 0 at worker after 905.686us (proto size 2431)
I0828 01:47:00.023285    1297 tpu_chip_config.cc:367] Resolved chip config alias megachip_tccontrol->megacore for 2093c6a02, 
I0828 01:47:00.024776    1297 tpu_chip_config.cc:367] Resolved chip config alias megachip_tccontrol->megacore for 2093c6a02, 
I0828 01:47:00.025537    1297 xla_compilation_cache.cc:113] XLA compilation cache fetch for computation 'jit_broadcast_in_dim' (key 397bb6dc0e9dcc90) took 219.541276ms: PERSISTENT_FETCH
I0828 01:47:00.224977    1868 server_lib.cc:1855] Attempting to load component jit__where.8339433792461640510 @ 0 at worker after 930.535us (proto size 2463)
I0828 01:47:00.280740    1298 tpu_chip_config.cc:367] Resolved chip config alias megachip_tccontrol->megacore for 2093c6a02, 
I0828 01:47:00.282169    1298 tpu_chip_config.cc:367] Resolved chip config alias megachip_tccontrol->megacore for 2093c6a02, 
I0828 01:47:00.282905    1298 xla_compilation_cache.cc:113] XLA compilation cache fetch for computation 'jit_mul' (key f4f3802c25177a67) took 265.417262ms: PERSISTENT_FETCH
I0828 01:47:00.428774    1868 server_lib.cc:1855] Attempting to load component jit_add.1570370967876935202 @ 0 at worker after 848.437us (proto size 2431)
I0828 01:47:00.433090    1297 tpu_chip_config.cc:367] Resolved chip config alias megachip_tccontrol->megacore for 2093c6a02, 
I0828 01:47:00.434517    1297 tpu_chip_config.cc:367] Resolved chip config alias megachip_tccontrol->megacore for 2093c6a02, 
I0828 01:47:00.435308    1297 xla_compilation_cache.cc:113] XLA compilation cache fetch for computation 'jit__where' (key 7f56ff652afe96d7) took 210.338184ms: PERSISTENT_FETCH
I0828 01:47:00.636256    3096 server_lib.cc:1855] Attempting to load component jit_mul.8339433792461643583 @ 0 at worker after 830.581us (proto size 2430)
I0828 01:47:00.637537    1298 tpu_chip_config.cc:367] Resolved chip config alias megachip_tccontrol->megacore for 2093c6a02, 
I0828 01:47:00.638978    1298 tpu_chip_config.cc:367] Resolved chip config alias megachip_tccontrol->megacore for 2093c6a02, 
I0828 01:47:00.639725    1298 xla_compilation_cache.cc:113] XLA compilation cache fetch for computation 'jit_add' (key 5a35754ce5b26cb2) took 210.957443ms: PERSISTENT_FETCH
I0828 01:47:00.835805    3163 server_lib.cc:1855] Attempting to load component jit_clip.1570370967876932303 @ 0 at worker after 806.593us (proto size 2459)
I0828 01:47:00.839108    1297 tpu_chip_config.cc:367] Resolved chip config alias megachip_tccontrol->megacore for 2093c6a02, 
I0828 01:47:00.840529    1297 tpu_chip_config.cc:367] Resolved chip config alias megachip_tccontrol->megacore for 2093c6a02, 
I0828 01:47:00.841312    1297 xla_compilation_cache.cc:113] XLA compilation cache fetch for computation 'jit_mul' (key 7f01b13a9f5debdc) took 205.063106ms: PERSISTENT_FETCH
I0828 01:47:01.059309    1868 server_lib.cc:1855] Attempting to load component jit_clip.8339433792461642560 @ 0 at worker after 815.671us (proto size 2432)
I0828 01:47:01.068155    1298 tpu_chip_config.cc:367] Resolved chip config alias megachip_tccontrol->megacore for 2093c6a02, 
I0828 01:47:01.069553    1298 tpu_chip_config.cc:367] Resolved chip config alias megachip_tccontrol->megacore for 2093c6a02, 
I0828 01:47:01.070323    1298 xla_compilation_cache.cc:113] XLA compilation cache fetch for computation 'jit_clip' (key 5fe9764764ac37e6) took 234.525797ms: PERSISTENT_FETCH
I0828 01:47:01.266060    1297 tpu_chip_config.cc:367] Resolved chip config alias megachip_tccontrol->megacore for 2093c6a02, 
I0828 01:47:01.267464    1297 tpu_chip_config.cc:367] Resolved chip config alias megachip_tccontrol->megacore for 2093c6a02, 
I0828 01:47:01.268229    1297 xla_compilation_cache.cc:113] XLA compilation cache fetch for computation 'jit_clip' (key 211bedc93f50924) took 208.926511ms: PERSISTENT_FETCH
I0828 01:47:01.461721    1868 server_lib.cc:1855] Attempting to load component jit_reshape.1570370967876934298 @ 0 at worker after 870.115us (proto size 2416)
I0828 01:47:01.653794    1868 server_lib.cc:1855] Attempting to load component jit_swapaxes.8339433792461640173 @ 0 at worker after 1.036436ms (proto size 2420)
I0828 01:47:01.663133    1297 tpu_chip_config.cc:367] Resolved chip config alias megachip_tccontrol->megacore for 2093c6a02, 
I0828 01:47:01.664593    1297 tpu_chip_config.cc:367] Resolved chip config alias megachip_tccontrol->megacore for 2093c6a02, 
I0828 01:47:01.665308    1297 xla_compilation_cache.cc:113] XLA compilation cache fetch for computation 'jit_reshape' (key f20f1c4228371a48) took 203.594024ms: PERSISTENT_FETCH
I0828 01:47:01.853994    1298 tpu_chip_config.cc:367] Resolved chip config alias megachip_tccontrol->megacore for 2093c6a02, 
I0828 01:47:01.855436    1298 tpu_chip_config.cc:367] Resolved chip config alias megachip_tccontrol->megacore for 2093c6a02, 
I0828 01:47:01.856167    1298 xla_compilation_cache.cc:113] XLA compilation cache fetch for computation 'jit_swapaxes' (key 589f9603006d93d4) took 202.379766ms: PERSISTENT_FETCH
I0828 01:47:02.319448    3066 server_lib.cc:1855] Attempting to load component jit_subtract.1570370967876932995 @ 0 at worker after 991.513us (proto size 2441)
I0828 01:47:02.507601    3122 server_lib.cc:1855] Attempting to load component jit_negative.8339433792461642223 @ 0 at worker after 978.557us (proto size 2416)
I0828 01:47:02.522357    1298 tpu_chip_config.cc:367] Resolved chip config alias megachip_tccontrol->megacore for 2093c6a02, 
I0828 01:47:02.523929    1298 tpu_chip_config.cc:367] Resolved chip config alias megachip_tccontrol->megacore for 2093c6a02, 
I0828 01:47:02.524714    1298 xla_compilation_cache.cc:113] XLA compilation cache fetch for computation 'jit_subtract' (key 504ebbfddc0356d5) took 205.273773ms: PERSISTENT_FETCH
I0828 01:47:02.708347    1297 tpu_chip_config.cc:367] Resolved chip config alias megachip_tccontrol->megacore for 2093c6a02, 
I0828 01:47:02.708838    3122 server_lib.cc:1855] Attempting to load component jit_clip.1570370967876934192 @ 0 at worker after 860.077us (proto size 2430)
I0828 01:47:02.709922    1297 tpu_chip_config.cc:367] Resolved chip config alias megachip_tccontrol->megacore for 2093c6a02, 
I0828 01:47:02.710708    1297 xla_compilation_cache.cc:113] XLA compilation cache fetch for computation 'jit_negative' (key 402ec2ec6e627c79) took 203.11543ms: PERSISTENT_FETCH
I0828 01:47:02.907915    1298 tpu_chip_config.cc:367] Resolved chip config alias megachip_tccontrol->megacore for 2093c6a02, 
I0828 01:47:02.908553    3163 server_lib.cc:1855] Attempting to load component jit_true_divide.8339433792461640177 @ 0 at worker after 886.275us (proto size 2435)
I0828 01:47:02.909536    1298 tpu_chip_config.cc:367] Resolved chip config alias megachip_tccontrol->megacore for 2093c6a02, 
I0828 01:47:02.910378    1298 xla_compilation_cache.cc:113] XLA compilation cache fetch for computation 'jit_clip' (key c8f7619b66b920c1) took 201.548452ms: PERSISTENT_FETCH
I0828 01:47:03.106743    1297 tpu_chip_config.cc:367] Resolved chip config alias megachip_tccontrol->megacore for 2093c6a02, 
I0828 01:47:03.108252    1297 tpu_chip_config.cc:367] Resolved chip config alias megachip_tccontrol->megacore for 2093c6a02, 
I0828 01:47:03.109046    1297 xla_compilation_cache.cc:113] XLA compilation cache fetch for computation 'jit_true_divide' (key 399129ac904f6178) took 200.501603ms: PERSISTENT_FETCH
I0828 01:47:03.111472    3163 server_lib.cc:1855] Attempting to load component jit_subtract.1570370967876935389 @ 0 at worker after 958.036us (proto size 2441)
I0828 01:47:03.298516    3163 server_lib.cc:1855] Attempting to load component jit_add.8339433792461643250 @ 0 at worker after 911.265us (proto size 2430)
I0828 01:47:03.305670    1297 tpu_chip_config.cc:367] Resolved chip config alias megachip_tccontrol->megacore for 2093c6a02, 
I0828 01:47:03.307160    1297 tpu_chip_config.cc:367] Resolved chip config alias megachip_tccontrol->megacore for 2093c6a02, 
I0828 01:47:03.307941    1297 xla_compilation_cache.cc:113] XLA compilation cache fetch for computation 'jit_subtract' (key 4f9f314165cc6ed4) took 196.47561ms: PERSISTENT_FETCH
I0828 01:47:03.500853    3122 server_lib.cc:1855] Attempting to load component jit_clip.1570370967876932490 @ 0 at worker after 911.334us (proto size 2419)
I0828 01:47:03.527217    1298 tpu_chip_config.cc:367] Resolved chip config alias megachip_tccontrol->megacore for 2093c6a02, 
I0828 01:47:03.528747    1298 tpu_chip_config.cc:367] Resolved chip config alias megachip_tccontrol->megacore for 2093c6a02, 
I0828 01:47:03.529547    1298 xla_compilation_cache.cc:113] XLA compilation cache fetch for computation 'jit_add' (key 17ada02d51ae433f) took 231.034746ms: PERSISTENT_FETCH
I0828 01:47:03.700982    1297 tpu_chip_config.cc:367] Resolved chip config alias megachip_tccontrol->megacore for 2093c6a02, 
I0828 01:47:03.702480    1297 tpu_chip_config.cc:367] Resolved chip config alias megachip_tccontrol->megacore for 2093c6a02, 
I0828 01:47:03.703312    1297 xla_compilation_cache.cc:113] XLA compilation cache fetch for computation 'jit_clip' (key d6014ae046dd580d) took 202.465149ms: PERSISTENT_FETCH
I0828 01:47:03.706218    1868 server_lib.cc:1855] Attempting to load component jit_multiply.1570370967876933687 @ 0 at worker after 876.642us (proto size 2440)
I0828 01:47:03.906664    1297 tpu_chip_config.cc:367] Resolved chip config alias megachip_tccontrol->megacore for 2093c6a02, 
I0828 01:47:03.908158    1297 tpu_chip_config.cc:367] Resolved chip config alias megachip_tccontrol->megacore for 2093c6a02, 
I0828 01:47:03.908955    1297 xla_compilation_cache.cc:113] XLA compilation cache fetch for computation 'jit_multiply' (key 15ce43228c2090ff) took 202.74456ms: PERSISTENT_FETCH
I0828 01:47:03.910297    3096 server_lib.cc:1855] Attempting to load component jit_clip.8339433792461641204 @ 0 at worker after 904.603us (proto size 2430)
I0828 01:47:04.125637    3122 server_lib.cc:1855] Attempting to load component jit_maximum.1570370967876931586 @ 0 at worker after 922.249us (proto size 2439)
I0828 01:47:04.126876    1297 tpu_chip_config.cc:367] Resolved chip config alias megachip_tccontrol->megacore for 2093c6a02, 
I0828 01:47:04.128380    1297 tpu_chip_config.cc:367] Resolved chip config alias megachip_tccontrol->megacore for 2093c6a02, 
I0828 01:47:04.129194    1297 xla_compilation_cache.cc:113] XLA compilation cache fetch for computation 'jit_clip' (key ef0e02618c251389) took 218.904916ms: PERSISTENT_FETCH
I0828 01:47:04.315633    3122 server_lib.cc:1855] Attempting to load component jit_greater.8339433792461640181 @ 0 at worker after 956.565us (proto size 2439)
I0828 01:47:04.323079    1298 tpu_chip_config.cc:367] Resolved chip config alias megachip_tccontrol->megacore for 2093c6a02, 
I0828 01:47:04.324553    1298 tpu_chip_config.cc:367] Resolved chip config alias megachip_tccontrol->megacore for 2093c6a02, 
I0828 01:47:04.325341    1298 xla_compilation_cache.cc:113] XLA compilation cache fetch for computation 'jit_maximum' (key c94b5ba5877ec491) took 199.71062ms: PERSISTENT_FETCH
I0828 01:47:04.512690    1297 tpu_chip_config.cc:367] Resolved chip config alias megachip_tccontrol->megacore for 2093c6a02, 
I0828 01:47:04.514148    1297 tpu_chip_config.cc:367] Resolved chip config alias megachip_tccontrol->megacore for 2093c6a02, 
I0828 01:47:04.514942    1297 xla_compilation_cache.cc:113] XLA compilation cache fetch for computation 'jit_greater' (key 6131758d1172bb37) took 199.316219ms: PERSISTENT_FETCH
I0828 01:47:04.532027    3096 server_lib.cc:1855] Attempting to load component jit_minimum.1570370967876933980 @ 0 at worker after 807.211us (proto size 2439)
I0828 01:47:04.731128    3096 server_lib.cc:1855] Attempting to load component jit__where.8339433792461642913 @ 0 at worker after 865.435us (proto size 2462)
I0828 01:47:04.742620    1297 tpu_chip_config.cc:367] Resolved chip config alias megachip_tccontrol->megacore for 2093c6a02, 
I0828 01:47:04.744084    1297 tpu_chip_config.cc:367] Resolved chip config alias megachip_tccontrol->megacore for 2093c6a02, 
I0828 01:47:04.744833    1297 xla_compilation_cache.cc:113] XLA compilation cache fetch for computation 'jit_minimum' (key 107a6c9f360d0dec) took 212.812495ms: PERSISTENT_FETCH
I0828 01:47:04.938407    1298 tpu_chip_config.cc:367] Resolved chip config alias megachip_tccontrol->megacore for 2093c6a02, 
I0828 01:47:04.939880    1298 tpu_chip_config.cc:367] Resolved chip config alias megachip_tccontrol->megacore for 2093c6a02, 
I0828 01:47:04.940688    1298 xla_compilation_cache.cc:113] XLA compilation cache fetch for computation 'jit__where' (key c61df59b81f52216) took 209.565342ms: PERSISTENT_FETCH
I0828 01:47:04.956489    3066 server_lib.cc:1855] Attempting to load component jit__mean.1570370967876932278 @ 0 at worker after 929.498us (proto size 2392)
I0828 01:47:05.161373    3066 server_lib.cc:1855] Attempting to load component jit_masked_mean.8339433792461640526 @ 0 at worker after 880.391us (proto size 2433)
I0828 01:47:05.164095    1298 tpu_chip_config.cc:367] Resolved chip config alias megachip_tccontrol->megacore for 2093c6a02, 
I0828 01:47:05.165614    1298 tpu_chip_config.cc:367] Resolved chip config alias megachip_tccontrol->megacore for 2093c6a02, 
I0828 01:47:05.166404    1298 xla_compilation_cache.cc:113] XLA compilation cache fetch for computation 'jit__mean' (key 1419977e0838b4a7) took 209.923269ms: PERSISTENT_FETCH
I0828 01:47:05.379668    1297 tpu_chip_config.cc:367] Resolved chip config alias megachip_tccontrol->megacore for 2093c6a02, 
I0828 01:47:05.381098    1297 tpu_chip_config.cc:367] Resolved chip config alias megachip_tccontrol->megacore for 2093c6a02, 
I0828 01:47:05.381936    1297 xla_compilation_cache.cc:113] XLA compilation cache fetch for computation 'jit_masked_mean' (key 1685e480408d35f4) took 220.567848ms: PERSISTENT_FETCH
I0828 01:47:05.425366    3096 server_lib.cc:1855] Attempting to load component jit__reduce_min.1570370967876935470 @ 0 at worker after 835.241us (proto size 2408)
I0828 01:47:05.668084    1297 tpu_chip_config.cc:367] Resolved chip config alias megachip_tccontrol->megacore for 2093c6a02, 
I0828 01:47:05.669499    1297 tpu_chip_config.cc:367] Resolved chip config alias megachip_tccontrol->megacore for 2093c6a02, 
I0828 01:47:05.670254    1297 xla_compilation_cache.cc:113] XLA compilation cache fetch for computation 'jit__reduce_min' (key 44c4274d72871eac) took 244.894058ms: PERSISTENT_FETCH
I0828 01:47:07.170977    3096 server_lib.cc:1855] Attempting to load component jit_gather.8339433792461639880 @ 0 at worker after 945.702us (proto size 2433)
I0828 01:47:07.385554    2980 server_lib.cc:1855] Attempting to load component jit_broadcast_in_dim.1570370967876935395 @ 0 at worker after 859.431us (proto size 2430)
I0828 01:47:07.385816    1297 tpu_chip_config.cc:367] Resolved chip config alias megachip_tccontrol->megacore for 2093c6a02, 
I0828 01:47:07.387476    1297 tpu_chip_config.cc:367] Resolved chip config alias megachip_tccontrol->megacore for 2093c6a02, 
I0828 01:47:07.388381    1297 xla_compilation_cache.cc:113] XLA compilation cache fetch for computation 'jit_gather' (key b8fff38bbba203bf) took 217.413771ms: PERSISTENT_FETCH
I0828 01:47:07.602915    1298 tpu_chip_config.cc:367] Resolved chip config alias megachip_tccontrol->megacore for 2093c6a02, 
I0828 01:47:07.604464    1298 tpu_chip_config.cc:367] Resolved chip config alias megachip_tccontrol->megacore for 2093c6a02, 
I0828 01:47:07.605216    1298 xla_compilation_cache.cc:113] XLA compilation cache fetch for computation 'jit_broadcast_in_dim' (key dbcb2fb1f325c90a) took 219.670374ms: PERSISTENT_FETCH
I0828 01:47:08.323313    2980 server_lib.cc:1855] Attempting to load component jit__where.8339433792461640907 @ 0 at worker after 1.075541ms (proto size 2445)
I0828 01:47:08.534958    1298 tpu_chip_config.cc:367] Resolved chip config alias megachip_tccontrol->megacore for 2093c6a02, 
I0828 01:47:08.536531    1298 tpu_chip_config.cc:367] Resolved chip config alias megachip_tccontrol->megacore for 2093c6a02, 
I0828 01:47:08.537361    1298 xla_compilation_cache.cc:113] XLA compilation cache fetch for computation 'jit__where' (key f0bf38a1c4f2682b) took 214.057149ms: PERSISTENT_FETCH
I0828 01:47:09.634928    3066 server_lib.cc:1855] Attempting to load component jit__squeeze.1570370967876933481 @ 0 at worker after 1.122535ms (proto size 2414)
I0828 01:47:09.833473    3066 server_lib.cc:1855] Attempting to load component jit_scatter-add.8339433792461640570 @ 0 at worker after 895.104us (proto size 2472)
I0828 01:47:09.839169    1298 tpu_chip_config.cc:367] Resolved chip config alias megachip_tccontrol->megacore for 2093c6a02, 
I0828 01:47:09.840830    1298 tpu_chip_config.cc:367] Resolved chip config alias megachip_tccontrol->megacore for 2093c6a02, 
I0828 01:47:09.841633    1298 xla_compilation_cache.cc:113] XLA compilation cache fetch for computation 'jit__squeeze' (key 4f664adf22a5a34d) took 206.713158ms: PERSISTENT_FETCH
I0828 01:47:10.407722    1297 tpu_chip_config.cc:367] Resolved chip config alias megachip_tccontrol->megacore for 2093c6a02, 
I0828 01:47:10.409478    1297 tpu_chip_config.cc:367] Resolved chip config alias megachip_tccontrol->megacore for 2093c6a02, 
I0828 01:47:10.410677    1297 xla_compilation_cache.cc:113] XLA compilation cache fetch for computation 'jit_scatter-add' (key 67e819b08f4baf52) took 577.210135ms: PERSISTENT_FETCH
W0828 01:47:12.620138    1434 tpu_pjrt_client.cc:2349] PjRt execution dispatch was blocked for 1.680654ms because PjRt's max in-flight computation semaphore is full (limit: 32), which may negatively affect the performance
I0828 01:47:12.638474    3066 server_lib.cc:1855] Attempting to load component jit_gather.8339433792461641958 @ 0 at worker after 972.387us (proto size 2430)
I0828 01:47:12.855766    1297 tpu_chip_config.cc:367] Resolved chip config alias megachip_tccontrol->megacore for 2093c6a02, 
I0828 01:47:12.856494    3096 server_lib.cc:1855] Attempting to load component jit_broadcast_in_dim.1570370967876932471 @ 0 at worker after 945.704us (proto size 2430)
I0828 01:47:12.857499    1297 tpu_chip_config.cc:367] Resolved chip config alias megachip_tccontrol->megacore for 2093c6a02, 
I0828 01:47:12.858400    1297 xla_compilation_cache.cc:113] XLA compilation cache fetch for computation 'jit_gather' (key c533f69f89a63ab1) took 219.935375ms: PERSISTENT_FETCH
I0828 01:47:13.049114    3096 server_lib.cc:1855] Attempting to load component jit_reshape.8339433792461640935 @ 0 at worker after 853.312us (proto size 2409)
I0828 01:47:13.058122    1298 tpu_chip_config.cc:367] Resolved chip config alias megachip_tccontrol->megacore for 2093c6a02, 
I0828 01:47:13.059709    1298 tpu_chip_config.cc:367] Resolved chip config alias megachip_tccontrol->megacore for 2093c6a02, 
I0828 01:47:13.060489    1298 xla_compilation_cache.cc:113] XLA compilation cache fetch for computation 'jit_broadcast_in_dim' (key 563f2761b9426d3d) took 204.003998ms: PERSISTENT_FETCH
I0828 01:47:13.259007    1297 tpu_chip_config.cc:367] Resolved chip config alias megachip_tccontrol->megacore for 2093c6a02, 
I0828 01:47:13.260457    1297 tpu_chip_config.cc:367] Resolved chip config alias megachip_tccontrol->megacore for 2093c6a02, 
I0828 01:47:13.261232    1297 xla_compilation_cache.cc:113] XLA compilation cache fetch for computation 'jit_reshape' (key f60d60317ec36df3) took 212.124319ms: PERSISTENT_FETCH
I0828 01:47:13.740949    1868 server_lib.cc:1855] Attempting to load component jit_zt_tr_bwd_logprob.1570370967876934865 @ 0 at worker after 1.21355ms (proto size 2511)
I0828 01:47:15.185193    1297 tpu_chip_config.cc:367] Resolved chip config alias megachip_tccontrol->megacore for 2093c6a02, 
I0828 01:47:15.187127    1297 tpu_chip_config.cc:367] Resolved chip config alias megachip_tccontrol->megacore for 2093c6a02, 
I0828 01:47:15.188373    1297 xla_compilation_cache.cc:113] XLA compilation cache fetch for computation 'jit_zt_tr_bwd_logprob' (key 993e505f3d1a68e0) took 1.447431654s: PERSISTENT_FETCH
I0828 01:47:15.285081    3122 server_lib.cc:1855] Attempting to load component jit_convert_element_type.1570370967876931966 @ 0 at worker after 1.01876ms (proto size 2442)
I0828 01:47:15.509134    1297 tpu_chip_config.cc:367] Resolved chip config alias megachip_tccontrol->megacore for 2093c6a02, 
I0828 01:47:15.510676    1297 tpu_chip_config.cc:367] Resolved chip config alias megachip_tccontrol->megacore for 2093c6a02, 
I0828 01:47:15.511400    1297 xla_compilation_cache.cc:113] XLA compilation cache fetch for computation 'jit_convert_element_type' (key a7cfcd7626a1f512) took 226.329327ms: PERSISTENT_FETCH
I0828 01:47:20.405481    2980 server_lib.cc:1855] Attempting to load component jit_zt_tr_dp_parallel_bwd_head.8339433792461641280 @ 0 at worker after 1.204293ms (proto size 2534)
I0828 01:47:22.941375    1297 tpu_chip_config.cc:367] Resolved chip config alias megachip_tccontrol->megacore for 2093c6a02, 
I0828 01:47:22.945163    1297 tpu_chip_config.cc:367] Resolved chip config alias megachip_tccontrol->megacore for 2093c6a02, 
I0828 01:47:22.949067    1297 xla_compilation_cache.cc:113] XLA compilation cache fetch for computation 'jit_zt_tr_dp_parallel_bwd_head' (key 54cf6f78fc5b9acb) took 2.543597344s: PERSISTENT_FETCH
I0828 01:47:23.136791    3096 server_lib.cc:1855] Attempting to load component jit_zt_tr_dp_parallel_bwd_norm.1570370967876933163 @ 0 at worker after 1.129648ms (proto size 2523)
I0828 01:47:24.666188    1297 tpu_chip_config.cc:367] Resolved chip config alias megachip_tccontrol->megacore for 2093c6a02, 
I0828 01:47:24.668205    1297 tpu_chip_config.cc:367] Resolved chip config alias megachip_tccontrol->megacore for 2093c6a02, 
I0828 01:47:24.670467    1297 xla_compilation_cache.cc:113] XLA compilation cache fetch for computation 'jit_zt_tr_dp_parallel_bwd_norm' (key 59b6a7bcfdb3083a) took 1.533685003s: PERSISTENT_FETCH
I0828 01:47:27.448869    2980 server_lib.cc:1855] Attempting to load component jit_zt_tr_dp_parallel_bwd_layer_35.8339433792461640257 @ 0 at worker after 1.574123ms (proto size 3270)
I0828 01:47:37.035800    1297 tpu_chip_config.cc:367] Resolved chip config alias megachip_tccontrol->megacore for 2093c6a02, 
I0828 01:47:37.042749    1297 tpu_chip_config.cc:367] Resolved chip config alias megachip_tccontrol->megacore for 2093c6a02, 
I0828 01:47:37.065337    1297 xla_compilation_cache.cc:113] XLA compilation cache fetch for computation 'jit_zt_tr_dp_parallel_bwd_layer_35' (key b9b4c66ca54c6c83) took 9.6164814s: PERSISTENT_FETCH
I0828 01:47:40.583738    2980 server_lib.cc:1855] Attempting to load component jit_zt_tr_dp_parallel_bwd_layer_34.1570370967876934360 @ 0 at worker after 1.591924ms (proto size 3270)
I0828 01:47:50.381735    1297 tpu_chip_config.cc:367] Resolved chip config alias megachip_tccontrol->megacore for 2093c6a02, 
I0828 01:47:50.388736    1297 tpu_chip_config.cc:367] Resolved chip config alias megachip_tccontrol->megacore for 2093c6a02, 
I0828 01:47:50.410852    1297 xla_compilation_cache.cc:113] XLA compilation cache fetch for computation 'jit_zt_tr_dp_parallel_bwd_layer_34' (key 80b8a5b3763b6685) took 9.827127932s: PERSISTENT_FETCH
I0828 01:47:52.569239    2980 server_lib.cc:1855] Attempting to load component jit_zt_tr_dp_parallel_bwd_layer_33.8339433792461643330 @ 0 at worker after 1.673636ms (proto size 3269)
I0828 01:48:01.962092    1297 tpu_chip_config.cc:367] Resolved chip config alias megachip_tccontrol->megacore for 2093c6a02, 
I0828 01:48:01.969008    1297 tpu_chip_config.cc:367] Resolved chip config alias megachip_tccontrol->megacore for 2093c6a02, 
I0828 01:48:01.992520    1297 xla_compilation_cache.cc:113] XLA compilation cache fetch for computation 'jit_zt_tr_dp_parallel_bwd_layer_33' (key a1267594482c946) took 9.423293012s: PERSISTENT_FETCH
I0828 01:48:04.189450    2980 server_lib.cc:1855] Attempting to load component jit_zt_tr_dp_parallel_bwd_layer_32.1570370967876935557 @ 0 at worker after 1.487067ms (proto size 3270)
I0828 01:48:13.764591    1297 tpu_chip_config.cc:367] Resolved chip config alias megachip_tccontrol->megacore for 2093c6a02, 
I0828 01:48:13.771819    1297 tpu_chip_config.cc:367] Resolved chip config alias megachip_tccontrol->megacore for 2093c6a02, 
I0828 01:48:13.794579    1297 xla_compilation_cache.cc:113] XLA compilation cache fetch for computation 'jit_zt_tr_dp_parallel_bwd_layer_32' (key 7ac9494b958bbe2a) took 9.605141733s: PERSISTENT_FETCH
I0828 01:48:16.005306    2980 server_lib.cc:1855] Attempting to load component jit_zt_tr_dp_parallel_bwd_layer_31.8339433792461642307 @ 0 at worker after 1.521414ms (proto size 3269)
I0828 01:48:25.258243    1297 tpu_chip_config.cc:367] Resolved chip config alias megachip_tccontrol->megacore for 2093c6a02, 
I0828 01:48:25.264347    1297 tpu_chip_config.cc:367] Resolved chip config alias megachip_tccontrol->megacore for 2093c6a02, 
I0828 01:48:25.286767    1297 xla_compilation_cache.cc:113] XLA compilation cache fetch for computation 'jit_zt_tr_dp_parallel_bwd_layer_31' (key 8dc12c40b3dd6f8) took 9.281486341s: PERSISTENT_FETCH
I0828 01:48:27.586977    2980 server_lib.cc:1855] Attempting to load component jit_zt_tr_dp_parallel_bwd_layer_30.1570370967876932658 @ 0 at worker after 1.55681ms (proto size 3270)
I0828 01:48:38.228445    1297 tpu_chip_config.cc:367] Resolved chip config alias megachip_tccontrol->megacore for 2093c6a02, 
I0828 01:48:38.235707    1297 tpu_chip_config.cc:367] Resolved chip config alias megachip_tccontrol->megacore for 2093c6a02, 
I0828 01:48:38.258382    1297 xla_compilation_cache.cc:113] XLA compilation cache fetch for computation 'jit_zt_tr_dp_parallel_bwd_layer_30' (key f9660abccd2ccbd8) took 10.671417058s: PERSISTENT_FETCH
I0828 01:48:40.430502    2980 server_lib.cc:1855] Attempting to load component jit_zt_tr_dp_parallel_bwd_layer_29.8339433792461641284 @ 0 at worker after 1.760479ms (proto size 3270)
I0828 01:48:49.869111    1297 tpu_chip_config.cc:367] Resolved chip config alias megachip_tccontrol->megacore for 2093c6a02, 
I0828 01:48:49.876032    1297 tpu_chip_config.cc:367] Resolved chip config alias megachip_tccontrol->megacore for 2093c6a02, 
I0828 01:48:49.898931    1297 xla_compilation_cache.cc:113] XLA compilation cache fetch for computation 'jit_zt_tr_dp_parallel_bwd_layer_29' (key 420f0cc1f0715ad2) took 9.468441495s: PERSISTENT_FETCH
I0828 01:48:52.127841    2980 server_lib.cc:1855] Attempting to load component jit_zt_tr_dp_parallel_bwd_layer_28.1570370967876933855 @ 0 at worker after 1.643747ms (proto size 3270)
I0828 01:49:01.958036    1297 tpu_chip_config.cc:367] Resolved chip config alias megachip_tccontrol->megacore for 2093c6a02, 
I0828 01:49:01.965282    1297 tpu_chip_config.cc:367] Resolved chip config alias megachip_tccontrol->megacore for 2093c6a02, 
I0828 01:49:01.987580    1297 xla_compilation_cache.cc:113] XLA compilation cache fetch for computation 'jit_zt_tr_dp_parallel_bwd_layer_28' (key 4cdbbe7c4fc703dc) took 9.859742158s: PERSISTENT_FETCH
I0828 01:49:04.353737    2980 server_lib.cc:1855] Attempting to load component jit_zt_tr_dp_parallel_bwd_layer_27.8339433792461640261 @ 0 at worker after 1.514221ms (proto size 3270)
I0828 01:49:13.968009    1297 tpu_chip_config.cc:367] Resolved chip config alias megachip_tccontrol->megacore for 2093c6a02, 
I0828 01:49:13.975374    1297 tpu_chip_config.cc:367] Resolved chip config alias megachip_tccontrol->megacore for 2093c6a02, 
I0828 01:49:13.998337    1297 xla_compilation_cache.cc:113] XLA compilation cache fetch for computation 'jit_zt_tr_dp_parallel_bwd_layer_27' (key 32019174216e0cdf) took 9.644610519s: PERSISTENT_FETCH
I0828 01:49:16.402670    2980 server_lib.cc:1855] Attempting to load component jit_zt_tr_dp_parallel_bwd_layer_26.1570370967876935052 @ 0 at worker after 1.549575ms (proto size 3270)
I0828 01:49:26.121504    1297 tpu_chip_config.cc:367] Resolved chip config alias megachip_tccontrol->megacore for 2093c6a02, 
I0828 01:49:26.128463    1297 tpu_chip_config.cc:367] Resolved chip config alias megachip_tccontrol->megacore for 2093c6a02, 
I0828 01:49:26.150548    1297 xla_compilation_cache.cc:113] XLA compilation cache fetch for computation 'jit_zt_tr_dp_parallel_bwd_layer_26' (key c9a41a7df64edb32) took 9.747889758s: PERSISTENT_FETCH
I0828 01:49:29.916888    2980 server_lib.cc:1855] Attempting to load component jit_zt_tr_dp_parallel_bwd_layer_25.8339433792461643334 @ 0 at worker after 1.564714ms (proto size 3270)
I0828 01:49:39.522846    1297 tpu_chip_config.cc:367] Resolved chip config alias megachip_tccontrol->megacore for 2093c6a02, 
I0828 01:49:39.529784    1297 tpu_chip_config.cc:367] Resolved chip config alias megachip_tccontrol->megacore for 2093c6a02, 
I0828 01:49:39.552231    1297 xla_compilation_cache.cc:113] XLA compilation cache fetch for computation 'jit_zt_tr_dp_parallel_bwd_layer_25' (key 7cf05529dae3d146) took 9.635355658s: PERSISTENT_FETCH
I0828 01:49:41.760030    2980 server_lib.cc:1855] Attempting to load component jit_zt_tr_dp_parallel_bwd_layer_24.1570370967876932153 @ 0 at worker after 1.584626ms (proto size 3270)
I0828 01:49:51.190484    1297 tpu_chip_config.cc:367] Resolved chip config alias megachip_tccontrol->megacore for 2093c6a02, 
I0828 01:49:51.198362    1297 tpu_chip_config.cc:367] Resolved chip config alias megachip_tccontrol->megacore for 2093c6a02, 
I0828 01:49:51.221551    1297 xla_compilation_cache.cc:113] XLA compilation cache fetch for computation 'jit_zt_tr_dp_parallel_bwd_layer_24' (key 94769acb4ea925a0) took 9.461538939s: PERSISTENT_FETCH
I0828 01:49:53.394861    2980 server_lib.cc:1855] Attempting to load component jit_zt_tr_dp_parallel_bwd_layer_23.8339433792461642311 @ 0 at worker after 1.763465ms (proto size 3270)
I0828 01:50:02.846449    1297 tpu_chip_config.cc:367] Resolved chip config alias megachip_tccontrol->megacore for 2093c6a02, 
I0828 01:50:02.854189    1297 tpu_chip_config.cc:367] Resolved chip config alias megachip_tccontrol->megacore for 2093c6a02, 
I0828 01:50:02.878704    1297 xla_compilation_cache.cc:113] XLA compilation cache fetch for computation 'jit_zt_tr_dp_parallel_bwd_layer_23' (key a2e7f04968951d12) took 9.483854658s: PERSISTENT_FETCH
I0828 01:50:05.084945    2980 server_lib.cc:1855] Attempting to load component jit_zt_tr_dp_parallel_bwd_layer_22.1570370967876933350 @ 0 at worker after 1.448675ms (proto size 3269)
I0828 01:50:14.851308    1297 tpu_chip_config.cc:367] Resolved chip config alias megachip_tccontrol->megacore for 2093c6a02, 
I0828 01:50:14.858963    1297 tpu_chip_config.cc:367] Resolved chip config alias megachip_tccontrol->megacore for 2093c6a02, 
I0828 01:50:14.882190    1297 xla_compilation_cache.cc:113] XLA compilation cache fetch for computation 'jit_zt_tr_dp_parallel_bwd_layer_22' (key 688c158e83ac1b2) took 9.797256891s: PERSISTENT_FETCH
I0828 01:50:17.168158    2980 server_lib.cc:1855] Attempting to load component jit_zt_tr_dp_parallel_bwd_layer_21.8339433792461641288 @ 0 at worker after 1.70247ms (proto size 3270)
I0828 01:50:26.706053    1297 tpu_chip_config.cc:367] Resolved chip config alias megachip_tccontrol->megacore for 2093c6a02, 
I0828 01:50:26.713773    1297 tpu_chip_config.cc:367] Resolved chip config alias megachip_tccontrol->megacore for 2093c6a02, 
I0828 01:50:26.736703    1297 xla_compilation_cache.cc:113] XLA compilation cache fetch for computation 'jit_zt_tr_dp_parallel_bwd_layer_21' (key b17676815ec72766) took 9.56855633s: PERSISTENT_FETCH
I0828 01:50:28.985124    2980 server_lib.cc:1855] Attempting to load component jit_zt_tr_dp_parallel_bwd_layer_20.1570370967876934547 @ 0 at worker after 1.303258ms (proto size 3270)
I0828 01:50:38.664024    1297 tpu_chip_config.cc:367] Resolved chip config alias megachip_tccontrol->megacore for 2093c6a02, 
I0828 01:50:38.671546    1297 tpu_chip_config.cc:367] Resolved chip config alias megachip_tccontrol->megacore for 2093c6a02, 
I0828 01:50:38.694210    1297 xla_compilation_cache.cc:113] XLA compilation cache fetch for computation 'jit_zt_tr_dp_parallel_bwd_layer_20' (key 6f133f800ec5f767) took 9.709096988s: PERSISTENT_FETCH
I0828 01:50:40.943736    2980 server_lib.cc:1855] Attempting to load component jit_zt_tr_dp_parallel_bwd_layer_19.8339433792461640265 @ 0 at worker after 1.579638ms (proto size 3270)
I0828 01:50:50.485031    1297 tpu_chip_config.cc:367] Resolved chip config alias megachip_tccontrol->megacore for 2093c6a02, 
I0828 01:50:50.492420    1297 tpu_chip_config.cc:367] Resolved chip config alias megachip_tccontrol->megacore for 2093c6a02, 
I0828 01:50:50.515141    1297 xla_compilation_cache.cc:113] XLA compilation cache fetch for computation 'jit_zt_tr_dp_parallel_bwd_layer_19' (key 41a106109306c2cb) took 9.571416918s: PERSISTENT_FETCH
I0828 01:50:52.707549    2980 server_lib.cc:1855] Attempting to load component jit_zt_tr_dp_parallel_bwd_layer_18.1570370967876931648 @ 0 at worker after 1.614145ms (proto size 3270)
I0828 01:51:02.540725    1297 tpu_chip_config.cc:367] Resolved chip config alias megachip_tccontrol->megacore for 2093c6a02, 
I0828 01:51:02.547723    1297 tpu_chip_config.cc:367] Resolved chip config alias megachip_tccontrol->megacore for 2093c6a02, 
I0828 01:51:02.569974    1297 xla_compilation_cache.cc:113] XLA compilation cache fetch for computation 'jit_zt_tr_dp_parallel_bwd_layer_18' (key 4f39cda4d6f673e6) took 9.862437843s: PERSISTENT_FETCH
I0828 01:51:04.795509    2980 server_lib.cc:1855] Attempting to load component jit_zt_tr_dp_parallel_bwd_layer_17.8339433792461643338 @ 0 at worker after 1.436859ms (proto size 3269)
I0828 01:51:13.907826    1297 tpu_chip_config.cc:367] Resolved chip config alias megachip_tccontrol->megacore for 2093c6a02, 
I0828 01:51:13.914994    1297 tpu_chip_config.cc:367] Resolved chip config alias megachip_tccontrol->megacore for 2093c6a02, 
I0828 01:51:13.937415    1297 xla_compilation_cache.cc:113] XLA compilation cache fetch for computation 'jit_zt_tr_dp_parallel_bwd_layer_17' (key 4cbf2e00417657b) took 9.141918509s: PERSISTENT_FETCH
I0828 01:51:16.166567    2980 server_lib.cc:1855] Attempting to load component jit_zt_tr_dp_parallel_bwd_layer_16.1570370967876932845 @ 0 at worker after 1.623705ms (proto size 3270)
I0828 01:51:25.657724    1297 tpu_chip_config.cc:367] Resolved chip config alias megachip_tccontrol->megacore for 2093c6a02, 
I0828 01:51:25.665158    1297 tpu_chip_config.cc:367] Resolved chip config alias megachip_tccontrol->megacore for 2093c6a02, 
I0828 01:51:25.687309    1297 xla_compilation_cache.cc:113] XLA compilation cache fetch for computation 'jit_zt_tr_dp_parallel_bwd_layer_16' (key 835a44b04d7a8729) took 9.520755326s: PERSISTENT_FETCH
I0828 01:51:29.622224    2980 server_lib.cc:1855] Attempting to load component jit_zt_tr_dp_parallel_bwd_layer_15.8339433792461642315 @ 0 at worker after 1.554346ms (proto size 3270)
I0828 01:51:39.408340    1297 tpu_chip_config.cc:367] Resolved chip config alias megachip_tccontrol->megacore for 2093c6a02, 
I0828 01:51:39.415416    1297 tpu_chip_config.cc:367] Resolved chip config alias megachip_tccontrol->megacore for 2093c6a02, 
I0828 01:51:39.437906    1297 xla_compilation_cache.cc:113] XLA compilation cache fetch for computation 'jit_zt_tr_dp_parallel_bwd_layer_15' (key a6c3b47140542ea3) took 9.815694675s: PERSISTENT_FETCH
I0828 01:51:41.703470    2980 server_lib.cc:1855] Attempting to load component jit_zt_tr_dp_parallel_bwd_layer_14.1570370967876934042 @ 0 at worker after 1.596973ms (proto size 3270)
I0828 01:51:51.068305    1297 tpu_chip_config.cc:367] Resolved chip config alias megachip_tccontrol->megacore for 2093c6a02, 
I0828 01:51:51.075754    1297 tpu_chip_config.cc:367] Resolved chip config alias megachip_tccontrol->megacore for 2093c6a02, 
I0828 01:51:51.097828    1297 xla_compilation_cache.cc:113] XLA compilation cache fetch for computation 'jit_zt_tr_dp_parallel_bwd_layer_14' (key 7fe2b6aa7b3c9f5f) took 9.394371857s: PERSISTENT_FETCH
I0828 01:51:53.358405    2980 server_lib.cc:1855] Attempting to load component jit_zt_tr_dp_parallel_bwd_layer_13.8339433792461641292 @ 0 at worker after 1.562695ms (proto size 3270)
I0828 01:52:02.753307    1297 tpu_chip_config.cc:367] Resolved chip config alias megachip_tccontrol->megacore for 2093c6a02, 
I0828 01:52:02.760375    1297 tpu_chip_config.cc:367] Resolved chip config alias megachip_tccontrol->megacore for 2093c6a02, 
I0828 01:52:02.782664    1297 xla_compilation_cache.cc:113] XLA compilation cache fetch for computation 'jit_zt_tr_dp_parallel_bwd_layer_13' (key 4f699cbb7252a85d) took 9.424272916s: PERSISTENT_FETCH
I0828 01:52:04.996241    2980 server_lib.cc:1855] Attempting to load component jit_zt_tr_dp_parallel_bwd_layer_12.1570370967876935239 @ 0 at worker after 1.413506ms (proto size 3270)
I0828 01:52:14.425018    1297 tpu_chip_config.cc:367] Resolved chip config alias megachip_tccontrol->megacore for 2093c6a02, 
I0828 01:52:14.432571    1297 tpu_chip_config.cc:367] Resolved chip config alias megachip_tccontrol->megacore for 2093c6a02, 
I0828 01:52:14.455502    1297 xla_compilation_cache.cc:113] XLA compilation cache fetch for computation 'jit_zt_tr_dp_parallel_bwd_layer_12' (key f7a693a1f6ef70a9) took 9.45927412s: PERSISTENT_FETCH
I0828 01:52:16.648154    3066 server_lib.cc:1855] Attempting to load component jit_zt_tr_dp_parallel_bwd_layer_11.8339433792461640269 @ 0 at worker after 1.586986ms (proto size 3270)
I0828 01:52:25.879874    1297 tpu_chip_config.cc:367] Resolved chip config alias megachip_tccontrol->megacore for 2093c6a02, 
I0828 01:52:25.887160    1297 tpu_chip_config.cc:367] Resolved chip config alias megachip_tccontrol->megacore for 2093c6a02, 
I0828 01:52:25.909558    1297 xla_compilation_cache.cc:113] XLA compilation cache fetch for computation 'jit_zt_tr_dp_parallel_bwd_layer_11' (key 4bbd0e9796f7cc3a) took 9.261416481s: PERSISTENT_FETCH
I0828 01:52:28.117508    3066 server_lib.cc:1855] Attempting to load component jit_zt_tr_dp_parallel_bwd_layer_10.1570370967876932340 @ 0 at worker after 1.343301ms (proto size 3270)
I0828 01:52:37.548709    1297 tpu_chip_config.cc:367] Resolved chip config alias megachip_tccontrol->megacore for 2093c6a02, 
I0828 01:52:37.556195    1297 tpu_chip_config.cc:367] Resolved chip config alias megachip_tccontrol->megacore for 2093c6a02, 
I0828 01:52:37.578469    1297 xla_compilation_cache.cc:113] XLA compilation cache fetch for computation 'jit_zt_tr_dp_parallel_bwd_layer_10' (key 3f06daa512e80063) took 9.460972958s: PERSISTENT_FETCH
I0828 01:52:39.785369    3066 server_lib.cc:1855] Attempting to load component jit_zt_tr_dp_parallel_bwd_layer_09.8339433792461643342 @ 0 at worker after 1.352545ms (proto size 3270)
I0828 01:52:49.339965    1297 tpu_chip_config.cc:367] Resolved chip config alias megachip_tccontrol->megacore for 2093c6a02, 
I0828 01:52:49.347448    1297 tpu_chip_config.cc:367] Resolved chip config alias megachip_tccontrol->megacore for 2093c6a02, 
I0828 01:52:49.369933    1297 xla_compilation_cache.cc:113] XLA compilation cache fetch for computation 'jit_zt_tr_dp_parallel_bwd_layer_09' (key 687ddeb973d91e59) took 9.584576138s: PERSISTENT_FETCH
I0828 01:52:51.582450    3066 server_lib.cc:1855] Attempting to load component jit_zt_tr_dp_parallel_bwd_layer_08.1570370967876933537 @ 0 at worker after 1.763538ms (proto size 3270)
I0828 01:53:00.946275    1297 tpu_chip_config.cc:367] Resolved chip config alias megachip_tccontrol->megacore for 2093c6a02, 
I0828 01:53:00.954007    1297 tpu_chip_config.cc:367] Resolved chip config alias megachip_tccontrol->megacore for 2093c6a02, 
I0828 01:53:00.976748    1297 xla_compilation_cache.cc:113] XLA compilation cache fetch for computation 'jit_zt_tr_dp_parallel_bwd_layer_08' (key be40b1b3e9408510) took 9.394310894s: PERSISTENT_FETCH
I0828 01:53:03.147651    3066 server_lib.cc:1855] Attempting to load component jit_zt_tr_dp_parallel_bwd_layer_07.8339433792461642319 @ 0 at worker after 1.712328ms (proto size 3270)
I0828 01:53:12.640023    1297 tpu_chip_config.cc:367] Resolved chip config alias megachip_tccontrol->megacore for 2093c6a02, 
I0828 01:53:12.647002    1297 tpu_chip_config.cc:367] Resolved chip config alias megachip_tccontrol->megacore for 2093c6a02, 
I0828 01:53:12.669627    1297 xla_compilation_cache.cc:113] XLA compilation cache fetch for computation 'jit_zt_tr_dp_parallel_bwd_layer_07' (key f3641a8ad6cffb22) took 9.521989919s: PERSISTENT_FETCH
I0828 01:53:14.833192    3066 server_lib.cc:1855] Attempting to load component jit_zt_tr_dp_parallel_bwd_layer_06.1570370967876934734 @ 0 at worker after 1.331166ms (proto size 3270)
I0828 01:53:24.207915    1297 tpu_chip_config.cc:367] Resolved chip config alias megachip_tccontrol->megacore for 2093c6a02, 
I0828 01:53:24.215265    1297 tpu_chip_config.cc:367] Resolved chip config alias megachip_tccontrol->megacore for 2093c6a02, 
I0828 01:53:24.238695    1297 xla_compilation_cache.cc:113] XLA compilation cache fetch for computation 'jit_zt_tr_dp_parallel_bwd_layer_06' (key 19a08eba3b3ca786) took 9.405514598s: PERSISTENT_FETCH
I0828 01:53:26.444083    3066 server_lib.cc:1855] Attempting to load component jit_zt_tr_dp_parallel_bwd_layer_05.8339433792461641296 @ 0 at worker after 1.602911ms (proto size 3270)
I0828 01:53:36.551722    1297 tpu_chip_config.cc:367] Resolved chip config alias megachip_tccontrol->megacore for 2093c6a02, 
I0828 01:53:36.559213    1297 tpu_chip_config.cc:367] Resolved chip config alias megachip_tccontrol->megacore for 2093c6a02, 
I0828 01:53:36.581984    1297 xla_compilation_cache.cc:113] XLA compilation cache fetch for computation 'jit_zt_tr_dp_parallel_bwd_layer_05' (key e9e6a44cfcee4be2) took 10.137913778s: PERSISTENT_FETCH
I0828 01:53:40.663354    3066 server_lib.cc:1855] Attempting to load component jit_zt_tr_dp_parallel_bwd_layer_04.1570370967876931835 @ 0 at worker after 1.540776ms (proto size 3270)
I0828 01:53:49.994364    1297 tpu_chip_config.cc:367] Resolved chip config alias megachip_tccontrol->megacore for 2093c6a02, 
I0828 01:53:50.001105    1297 tpu_chip_config.cc:367] Resolved chip config alias megachip_tccontrol->megacore for 2093c6a02, 
I0828 01:53:50.024044    1297 xla_compilation_cache.cc:113] XLA compilation cache fetch for computation 'jit_zt_tr_dp_parallel_bwd_layer_04' (key 7c956ccc0029eea7) took 9.360702967s: PERSISTENT_FETCH
I0828 01:53:52.225269    3096 server_lib.cc:1855] Attempting to load component jit_zt_tr_dp_parallel_bwd_layer_03.8339433792461640273 @ 0 at worker after 1.65206ms (proto size 3270)
I0828 01:54:01.231698    1297 tpu_chip_config.cc:367] Resolved chip config alias megachip_tccontrol->megacore for 2093c6a02, 
I0828 01:54:01.239627    1297 tpu_chip_config.cc:367] Resolved chip config alias megachip_tccontrol->megacore for 2093c6a02, 
I0828 01:54:01.262367    1297 xla_compilation_cache.cc:113] XLA compilation cache fetch for computation 'jit_zt_tr_dp_parallel_bwd_layer_03' (key 75a873986704e0d2) took 9.03711153s: PERSISTENT_FETCH
I0828 01:54:03.455100    3096 server_lib.cc:1855] Attempting to load component jit_zt_tr_dp_parallel_bwd_layer_02.1570370967876933032 @ 0 at worker after 1.476493ms (proto size 3270)
I0828 01:54:12.672866    1297 tpu_chip_config.cc:367] Resolved chip config alias megachip_tccontrol->megacore for 2093c6a02, 
I0828 01:54:12.679633    1297 tpu_chip_config.cc:367] Resolved chip config alias megachip_tccontrol->megacore for 2093c6a02, 
I0828 01:54:12.702229    1297 xla_compilation_cache.cc:113] XLA compilation cache fetch for computation 'jit_zt_tr_dp_parallel_bwd_layer_02' (key a904504c5ffabf92) took 9.247141515s: PERSISTENT_FETCH
I0828 01:54:14.902860    3096 server_lib.cc:1855] Attempting to load component jit_zt_tr_dp_parallel_bwd_layer_01.8339433792461643346 @ 0 at worker after 1.317844ms (proto size 3270)
I0828 01:54:24.851148    1297 tpu_chip_config.cc:367] Resolved chip config alias megachip_tccontrol->megacore for 2093c6a02, 
I0828 01:54:24.858004    1297 tpu_chip_config.cc:367] Resolved chip config alias megachip_tccontrol->megacore for 2093c6a02, 
I0828 01:54:24.880335    1297 xla_compilation_cache.cc:113] XLA compilation cache fetch for computation 'jit_zt_tr_dp_parallel_bwd_layer_01' (key 81c3dc4710230b18) took 9.977487278s: PERSISTENT_FETCH
I0828 01:54:27.071073    3096 server_lib.cc:1855] Attempting to load component jit_zt_tr_dp_parallel_bwd_layer_00.1570370967876934229 @ 0 at worker after 1.53209ms (proto size 3270)
I0828 01:54:36.348617    1297 tpu_chip_config.cc:367] Resolved chip config alias megachip_tccontrol->megacore for 2093c6a02, 
I0828 01:54:36.355601    1297 tpu_chip_config.cc:367] Resolved chip config alias megachip_tccontrol->megacore for 2093c6a02, 
I0828 01:54:36.359916    3096 server_lib.cc:1855] Attempting to load component jit_zt_tr_dp_parallel_bwd_embed.8339433792461642323 @ 0 at worker after 1.470878ms (proto size 2480)
I0828 01:54:36.378155    1297 xla_compilation_cache.cc:113] XLA compilation cache fetch for computation 'jit_zt_tr_dp_parallel_bwd_layer_00' (key cbf62b4748ec776b) took 9.307094451s: PERSISTENT_FETCH
I0828 01:54:37.731552    1298 tpu_chip_config.cc:367] Resolved chip config alias megachip_tccontrol->megacore for 2093c6a02, 
I0828 01:54:37.733435    1298 tpu_chip_config.cc:367] Resolved chip config alias megachip_tccontrol->megacore for 2093c6a02, 
I0828 01:54:37.734861    1298 xla_compilation_cache.cc:113] XLA compilation cache fetch for computation 'jit_zt_tr_dp_parallel_bwd_embed' (key 15f73fd1efc94b13) took 1.374956324s: PERSISTENT_FETCH
I0828 01:54:37.796260    1868 server_lib.cc:1855] Attempting to load component jit_zt_tr_grad_tree_start.1570370967876931729 @ 0 at worker after 1.779653ms (proto size 24458)
I0828 01:54:39.541648    1298 tpu_chip_config.cc:367] Resolved chip config alias megachip_tccontrol->megacore for 2093c6a02, 
I0828 01:54:39.546003    1298 tpu_chip_config.cc:367] Resolved chip config alias megachip_tccontrol->megacore for 2093c6a02, 
I0828 01:54:39.557274    1298 xla_compilation_cache.cc:113] XLA compilation cache fetch for computation 'jit_zt_tr_grad_tree_start' (key 75b764dbcc47a0ee) took 1.761025303s: PERSISTENT_FETCH
W0828 01:54:39.596955    1437 tpu_pjrt_client.cc:2349] PjRt execution dispatch was blocked for 1.56216ms because PjRt's max in-flight computation semaphore is full (limit: 32), which may negatively affect the performance
I0828 01:54:44.576962    3122 server_lib.cc:1855] Attempting to load component jit_zt_tr_grad_tree_add.4583327957303544057 @ 0 at worker after 10.893192ms (proto size 36142)
I0828 01:54:47.002745    1298 tpu_chip_config.cc:367] Resolved chip config alias megachip_tccontrol->megacore for 2093c6a02, 
I0828 01:54:47.006072    1298 tpu_chip_config.cc:367] Resolved chip config alias megachip_tccontrol->megacore for 2093c6a02, 
I0828 01:54:47.013188    1298 xla_compilation_cache.cc:113] XLA compilation cache fetch for computation 'jit_zt_tr_grad_tree_add' (key 65b2b6b61bdac38f) took 2.436238689s: PERSISTENT_FETCH
I0828 01:55:13.427813    2956 server_lib.cc:1855] Attempting to load component jit_zt_tr_grad_assembly.4583327957303543568 @ 0 at worker after 4.111957ms (proto size 24454)
I0828 01:55:15.372501    1298 tpu_chip_config.cc:367] Resolved chip config alias megachip_tccontrol->megacore for 2093c6a02, 
I0828 01:55:15.376668    1298 tpu_chip_config.cc:367] Resolved chip config alias megachip_tccontrol->megacore for 2093c6a02, 
I0828 01:55:15.387181    1298 xla_compilation_cache.cc:113] XLA compilation cache fetch for computation 'jit_zt_tr_grad_assembly' (key c931fade2a18f5c2) took 1.959381133s: PERSISTENT_FETCH
I0828 01:55:15.392318    3123 server_lib.cc:1855] Attempting to load component jit_equal.1570370967876934098 @ 0 at worker after 906.924us (proto size 2432)
I0828 01:55:15.634475    3122 server_lib.cc:1855] Attempting to load component jit__reduce_all.4583327957303545319 @ 0 at worker after 840.059us (proto size 2407)
I0828 01:55:15.642830    1298 tpu_chip_config.cc:367] Resolved chip config alias megachip_tccontrol->megacore for 2093c6a02, 
I0828 01:55:15.644376    1298 tpu_chip_config.cc:367] Resolved chip config alias megachip_tccontrol->megacore for 2093c6a02, 
I0828 01:55:15.645146    1298 xla_compilation_cache.cc:113] XLA compilation cache fetch for computation 'jit_equal' (key 20f45ebefb1d7b86) took 252.838738ms: PERSISTENT_FETCH
I0828 01:55:15.861171    1297 tpu_chip_config.cc:367] Resolved chip config alias megachip_tccontrol->megacore for 2093c6a02, 
I0828 01:55:15.862672    1297 tpu_chip_config.cc:367] Resolved chip config alias megachip_tccontrol->megacore for 2093c6a02, 
I0828 01:55:15.863553    1297 xla_compilation_cache.cc:113] XLA compilation cache fetch for computation 'jit__reduce_all' (key 58205a87e3e347f2) took 229.088393ms: PERSISTENT_FETCH
I0828 01:55:16.433117    3122 server_lib.cc:1855] Attempting to load component jit_zt_tr_dp_parallel_bwd_adjoint.1570370967876935295 @ 0 at worker after 1.89965ms (proto size 25136)
I0828 01:55:19.715815    1297 tpu_chip_config.cc:367] Resolved chip config alias megachip_tccontrol->megacore for 2093c6a02, 
I0828 01:55:19.724345    1297 tpu_chip_config.cc:367] Resolved chip config alias megachip_tccontrol->megacore for 2093c6a02, 
I0828 01:55:19.730562    1297 xla_compilation_cache.cc:113] XLA compilation cache fetch for computation 'jit_zt_tr_dp_parallel_bwd_adjoint' (key 8071772276a28a6f) took 3.297454519s: PERSISTENT_FETCH
I0828 01:55:19.784104    3122 server_lib.cc:1855] Attempting to load component jit_count_nonzero.4583327957303542974 @ 0 at worker after 1.250528ms (proto size 2422)
I0828 01:55:20.169263    1297 tpu_chip_config.cc:367] Resolved chip config alias megachip_tccontrol->megacore for 2093c6a02, 
I0828 01:55:20.170912    1297 tpu_chip_config.cc:367] Resolved chip config alias megachip_tccontrol->megacore for 2093c6a02, 
I0828 01:55:20.171773    1297 xla_compilation_cache.cc:113] XLA compilation cache fetch for computation 'jit_count_nonzero' (key f24c2d415f35895f) took 387.678607ms: PERSISTENT_FETCH
I0828 01:55:21.660510    3123 server_lib.cc:1855] Attempting to load component jit__gradient_diagnostics.1570370967876932396 @ 0 at worker after 1.896253ms (proto size 13466)
I0828 01:55:35.528211    1297 tpu_chip_config.cc:367] Resolved chip config alias megachip_tccontrol->megacore for 2093c6a02, 
I0828 01:55:35.551178    1297 tpu_chip_config.cc:367] Resolved chip config alias megachip_tccontrol->megacore for 2093c6a02, 
I0828 01:55:35.606772    1297 xla_compilation_cache.cc:113] XLA compilation cache fetch for computation 'jit__gradient_diagnostics' (key 74ba67ed680660ae) took 13.946273013s: PERSISTENT_FETCH
I0828 01:55:36.710664    3123 server_lib.cc:1855] Attempting to load component jit_reduce_local.5931769989172991073 @ 0 at worker after 2.07109ms (proto size 23905)
I0828 01:56:19.742134    3123 server_lib.cc:1855] Attempting to load component jit__gradient_finite_flags.15568662364271770406 @ 0 at worker after 1.816596ms (proto size 12246)
I0828 01:56:19.851724    1297 tpu_chip_config.cc:367] Resolved chip config alias megachip_tccontrol->megacore for 2093c6a02, 
I0828 01:56:19.898320    1297 tpu_chip_config.cc:367] Resolved chip config alias megachip_tccontrol->megacore for 2093c6a02, 
I0828 01:56:19.956221    1297 xla_compilation_cache.cc:113] XLA compilation cache fetch for computation 'jit_reduce_local' (key 7686b5619a3ef5b6) took 43.245570814s: PERSISTENT_FETCH
I0828 01:56:23.224895    1298 tpu_chip_config.cc:367] Resolved chip config alias megachip_tccontrol->megacore for 2093c6a02, 
I0828 01:56:23.232595    1298 tpu_chip_config.cc:367] Resolved chip config alias megachip_tccontrol->megacore for 2093c6a02, 
I0828 01:56:23.246347    1298 xla_compilation_cache.cc:113] XLA compilation cache fetch for computation 'jit__gradient_finite_flags' (key 5487cd548072e0de) took 3.504239235s: PERSISTENT_FETCH
I0828 01:56:23.516531    3096 server_lib.cc:1855] Attempting to load component jit_compare_local.4583327957303544725 @ 0 at worker after 1.461796ms (proto size 12226)
I0828 01:56:44.778272    1298 tpu_chip_config.cc:367] Resolved chip config alias megachip_tccontrol->megacore for 2093c6a02, 
I0828 01:56:44.788929    1298 tpu_chip_config.cc:367] Resolved chip config alias megachip_tccontrol->megacore for 2093c6a02, 
I0828 01:56:44.806265    1298 xla_compilation_cache.cc:113] XLA compilation cache fetch for computation 'jit_compare_local' (key 2356cac6126dff6f) took 21.289745194s: PERSISTENT_FETCH
I0828 01:56:44.903993    3096 server_lib.cc:1855] Attempting to load component jit_count_nonzero.1570370967876933593 @ 0 at worker after 1.259203ms (proto size 2413)
I0828 01:56:45.248022    1298 tpu_chip_config.cc:367] Resolved chip config alias megachip_tccontrol->megacore for 2093c6a02, 
I0828 01:56:45.249612    1298 tpu_chip_config.cc:367] Resolved chip config alias megachip_tccontrol->megacore for 2093c6a02, 
I0828 01:56:45.250483    1298 xla_compilation_cache.cc:113] XLA compilation cache fetch for computation 'jit_count_nonzero' (key 75352af856727f54) took 346.499141ms: PERSISTENT_FETCH
I0828 01:56:45.278511    3096 server_lib.cc:1855] Attempting to load component jit_count_nonzero.1182302940440489771 @ 0 at worker after 867.965us (proto size 2408)
I0828 01:56:45.490044    1298 tpu_chip_config.cc:367] Resolved chip config alias megachip_tccontrol->megacore for 2093c6a02, 
I0828 01:56:45.491565    1298 tpu_chip_config.cc:367] Resolved chip config alias megachip_tccontrol->megacore for 2093c6a02, 
I0828 01:56:45.492354    1298 xla_compilation_cache.cc:113] XLA compilation cache fetch for computation 'jit_count_nonzero' (key 4d8e2b72ff8d2bc3) took 213.850129ms: PERSISTENT_FETCH
I0828 01:56:45.521171    3123 server_lib.cc:1855] Attempting to load component jit_count_nonzero.1570370967876934790 @ 0 at worker after 915.582us (proto size 2408)
I0828 01:56:45.743464    1298 tpu_chip_config.cc:367] Resolved chip config alias megachip_tccontrol->megacore for 2093c6a02, 
I0828 01:56:45.745025    1298 tpu_chip_config.cc:367] Resolved chip config alias megachip_tccontrol->megacore for 2093c6a02, 
I0828 01:56:45.745815    1298 xla_compilation_cache.cc:113] XLA compilation cache fetch for computation 'jit_count_nonzero' (key def88f80a22981ca) took 224.651736ms: PERSISTENT_FETCH
I0828 01:56:45.883018    3123 server_lib.cc:1855] Attempting to load component jit_count_nonzero.1182302940440489590 @ 0 at worker after 1.036686ms (proto size 2415)
I0828 01:56:46.229602    1298 tpu_chip_config.cc:367] Resolved chip config alias megachip_tccontrol->megacore for 2093c6a02, 
I0828 01:56:46.231144    1298 tpu_chip_config.cc:367] Resolved chip config alias megachip_tccontrol->megacore for 2093c6a02, 
I0828 01:56:46.232005    1298 xla_compilation_cache.cc:113] XLA compilation cache fetch for computation 'jit_count_nonzero' (key e161f35162eb7e62) took 348.99466ms: PERSISTENT_FETCH
I0828 01:56:46.268833    1868 server_lib.cc:1855] Attempting to load component jit_count_nonzero.1570370967876931891 @ 0 at worker after 1.191746ms (proto size 2415)
I0828 01:56:46.580173    1298 tpu_chip_config.cc:367] Resolved chip config alias megachip_tccontrol->megacore for 2093c6a02, 
I0828 01:56:46.581702    1298 tpu_chip_config.cc:367] Resolved chip config alias megachip_tccontrol->megacore for 2093c6a02, 
I0828 01:56:46.582505    1298 xla_compilation_cache.cc:113] XLA compilation cache fetch for computation 'jit_count_nonzero' (key 425026c19decb847) took 313.68119ms: PERSISTENT_FETCH
I0828 01:56:46.623390    1868 server_lib.cc:1855] Attempting to load component jit_count_nonzero.1182302940440489409 @ 0 at worker after 1.029637ms (proto size 2415)
I0828 01:56:46.970549    1298 tpu_chip_config.cc:367] Resolved chip config alias megachip_tccontrol->megacore for 2093c6a02, 
I0828 01:56:46.972156    1298 tpu_chip_config.cc:367] Resolved chip config alias megachip_tccontrol->megacore for 2093c6a02, 
I0828 01:56:46.973012    1298 xla_compilation_cache.cc:113] XLA compilation cache fetch for computation 'jit_count_nonzero' (key 316d29e9b2c76a8d) took 349.628562ms: PERSISTENT_FETCH
I0828 01:56:47.009386    3096 server_lib.cc:1855] Attempting to load component jit_count_nonzero.1570370967876933088 @ 0 at worker after 932.351us (proto size 2412)
I0828 01:56:47.304317    1298 tpu_chip_config.cc:367] Resolved chip config alias megachip_tccontrol->megacore for 2093c6a02, 
I0828 01:56:47.305881    1298 tpu_chip_config.cc:367] Resolved chip config alias megachip_tccontrol->megacore for 2093c6a02, 
I0828 01:56:47.306719    1298 xla_compilation_cache.cc:113] XLA compilation cache fetch for computation 'jit_count_nonzero' (key 952d9fe57c405bcb) took 297.33814ms: PERSISTENT_FETCH
I0828 01:56:47.512410    1868 server_lib.cc:1855] Attempting to load component jit_count_nonzero.1182302940440489228 @ 0 at worker after 1.046317ms (proto size 2412)
I0828 01:56:47.820491    1298 tpu_chip_config.cc:367] Resolved chip config alias megachip_tccontrol->megacore for 2093c6a02, 
I0828 01:56:47.822010    1298 tpu_chip_config.cc:367] Resolved chip config alias megachip_tccontrol->megacore for 2093c6a02, 
I0828 01:56:47.822813    1298 xla_compilation_cache.cc:113] XLA compilation cache fetch for computation 'jit_count_nonzero' (key 35cb0f8509347705) took 310.410044ms: PERSISTENT_FETCH
I0828 01:56:49.093823    3123 server_lib.cc:1855] Attempting to load component jit_count_nonzero.1570370967876934285 @ 0 at worker after 915.394us (proto size 2413)
I0828 01:56:49.420100    1298 tpu_chip_config.cc:367] Resolved chip config alias megachip_tccontrol->megacore for 2093c6a02, 
I0828 01:56:49.421713    1298 tpu_chip_config.cc:367] Resolved chip config alias megachip_tccontrol->megacore for 2093c6a02, 
I0828 01:56:49.422550    1298 xla_compilation_cache.cc:113] XLA compilation cache fetch for computation 'jit_count_nonzero' (key 268c10353c8a8b5d) took 328.73493ms: PERSISTENT_FETCH
I0828 01:56:50.838938    3066 server_lib.cc:1855] Attempting to load component jit__precomputed_gradient_scaled_step.1570370967876935482 @ 0 at worker after 2.546835ms (proto size 42454)
I0828 01:57:10.484686    1298 tpu_chip_config.cc:367] Resolved chip config alias megachip_tccontrol->megacore for 2093c6a02, 
I0828 01:57:10.522787    1298 tpu_chip_config.cc:367] Resolved chip config alias megachip_tccontrol->megacore for 2093c6a02, 
I0828 01:57:10.583448    1298 xla_compilation_cache.cc:113] XLA compilation cache fetch for computation 'jit__precomputed_gradient_scaled_step' (key 54fd99be6e3fd4c1) took 19.744520618s: PERSISTENT_FETCH
W0828 01:57:11.078975    1436 tpu_pjrt_client.cc:2349] PjRt execution dispatch was blocked for 1.283074ms because PjRt's max in-flight computation semaphore is full (limit: 32), which may negatively affect the performance
I0828 01:57:53.223671    3122 server_lib.cc:1855] Attempting to load component jit__precomputed_gradient_scaled_step.1572066981968337840 @ 0 at worker after 3.126208ms (proto size 42454)
I0828 01:58:13.161553    1298 tpu_chip_config.cc:367] Resolved chip config alias megachip_tccontrol->megacore for 2093c6a02, 
I0828 01:58:13.196899    1298 tpu_chip_config.cc:367] Resolved chip config alias megachip_tccontrol->megacore for 2093c6a02, 
I0828 01:58:13.275165    1298 xla_compilation_cache.cc:113] XLA compilation cache fetch for computation 'jit__precomputed_gradient_scaled_step' (key 74c3b6cf4cd93cc6) took 20.05151064s: PERSISTENT_FETCH
W0828 01:58:13.639567    1437 tpu_pjrt_client.cc:2349] PjRt execution dispatch was blocked for 1.275818ms because PjRt's max in-flight computation semaphore is full (limit: 32), which may negatively affect the performance
W0828 01:59:15.316706    1434 tpu_pjrt_client.cc:2349] PjRt execution dispatch was blocked for 77.177306ms because PjRt's max in-flight computation semaphore is full (limit: 32), which may negatively affect the performance
I0828 02:00:04.162329    2106 generic-stream-socket.h:1667] Cannot process timestamp for type=1 seq=362813366 time=2026-08-28T02:00:04.162298445+00:00
W0828 02:00:17.727307    1436 tpu_pjrt_client.cc:2349] PjRt execution dispatch was blocked for 105.460009ms because PjRt's max in-flight computation semaphore is full (limit: 32), which may negatively affect the performance
I0828 02:00:49.539480    3096 server_lib.cc:1855] Attempting to load component jit_scatter-add.4583327957303543239 @ 0 at worker after 955.277us (proto size 2472)
I0828 02:00:50.120147    1298 tpu_chip_config.cc:367] Resolved chip config alias megachip_tccontrol->megacore for 2093c6a02, 
I0828 02:00:50.122068    1298 tpu_chip_config.cc:367] Resolved chip config alias megachip_tccontrol->megacore for 2093c6a02, 
I0828 02:00:50.123286    1298 xla_compilation_cache.cc:113] XLA compilation cache fetch for computation 'jit_scatter-add' (key 66d2a83e67b04b98) took 583.816579ms: PERSISTENT_FETCH
I0828 02:00:51.507378    3170 server_lib.cc:1855] Attempting to load component jit_gather.4583327957303543740 @ 0 at worker after 889.491us (proto size 2430)
I0828 02:00:51.767053    1298 tpu_chip_config.cc:367] Resolved chip config alias megachip_tccontrol->megacore for 2093c6a02, 
I0828 02:00:51.768859    1298 tpu_chip_config.cc:367] Resolved chip config alias megachip_tccontrol->megacore for 2093c6a02, 
I0828 02:00:51.769763    1298 xla_compilation_cache.cc:113] XLA compilation cache fetch for computation 'jit_gather' (key 1c87c442e1b3bf4f) took 262.395505ms: PERSISTENT_FETCH
W0828 02:01:20.384653    1434 tpu_pjrt_client.cc:2349] PjRt execution dispatch was blocked for 75.211141ms because PjRt's max in-flight computation semaphore is full (limit: 32), which may negatively affect the performance
W0828 02:02:23.265523    1434 tpu_pjrt_client.cc:2349] PjRt execution dispatch was blocked for 97.634747ms because PjRt's max in-flight computation semaphore is full (limit: 32), which may negatively affect the performance
I0828 02:02:26.236917    3163 server_lib.cc:1855] Attempting to load component jit_scatter-add.1570370967876933498 @ 0 at worker after 1.080771ms (proto size 2472)
I0828 02:02:26.834868    1298 tpu_chip_config.cc:367] Resolved chip config alias megachip_tccontrol->megacore for 2093c6a02, 
I0828 02:02:26.836838    1298 tpu_chip_config.cc:367] Resolved chip config alias megachip_tccontrol->megacore for 2093c6a02, 
I0828 02:02:26.838084    1298 xla_compilation_cache.cc:113] XLA compilation cache fetch for computation 'jit_scatter-add' (key 20bb0b6e9e33abc7) took 601.178714ms: PERSISTENT_FETCH
I0828 02:02:28.336176    2980 server_lib.cc:1855] Attempting to load component jit_gather.1572066981968336227 @ 0 at worker after 959.108us (proto size 2430)
I0828 02:02:28.555825    1298 tpu_chip_config.cc:367] Resolved chip config alias megachip_tccontrol->megacore for 2093c6a02, 
I0828 02:02:28.557665    1298 tpu_chip_config.cc:367] Resolved chip config alias megachip_tccontrol->megacore for 2093c6a02, 
I0828 02:02:28.558561    1298 xla_compilation_cache.cc:113] XLA compilation cache fetch for computation 'jit_gather' (key 8d0a3f7c5a817808) took 222.394137ms: PERSISTENT_FETCH
W0828 02:03:26.032096    1434 tpu_pjrt_client.cc:2349] PjRt execution dispatch was blocked for 95.171913ms because PjRt's max in-flight computation semaphore is full (limit: 32), which may negatively affect the performance
I0828 02:03:38.445849    3066 server_lib.cc:1855] Attempting to load component jit_scatter-add.1570370967876932201 @ 0 at worker after 968.011us (proto size 2472)
I0828 02:03:39.018123    1298 tpu_chip_config.cc:367] Resolved chip config alias megachip_tccontrol->megacore for 2093c6a02, 
I0828 02:03:39.020069    1298 tpu_chip_config.cc:367] Resolved chip config alias megachip_tccontrol->megacore for 2093c6a02, 
I0828 02:03:39.021260    1298 xla_compilation_cache.cc:113] XLA compilation cache fetch for computation 'jit_scatter-add' (key 474663fa3e1753f6) took 575.424196ms: PERSISTENT_FETCH
I0828 02:03:40.480862    3066 server_lib.cc:1855] Attempting to load component jit_gather.1570370967876932363 @ 0 at worker after 940.27us (proto size 2430)
I0828 02:03:40.700034    1298 tpu_chip_config.cc:367] Resolved chip config alias megachip_tccontrol->megacore for 2093c6a02, 
I0828 02:03:40.701838    1298 tpu_chip_config.cc:367] Resolved chip config alias megachip_tccontrol->megacore for 2093c6a02, 
I0828 02:03:40.702749    1298 xla_compilation_cache.cc:113] XLA compilation cache fetch for computation 'jit_gather' (key 3f64800e653433d7) took 221.896083ms: PERSISTENT_FETCH
W0828 02:04:28.958717    1434 tpu_pjrt_client.cc:2349] PjRt execution dispatch was blocked for 80.29672ms because PjRt's max in-flight computation semaphore is full (limit: 32), which may negatively affect the performance
W0828 02:05:31.666310    1436 tpu_pjrt_client.cc:2349] PjRt execution dispatch was blocked for 85.197091ms because PjRt's max in-flight computation semaphore is full (limit: 32), which may negatively affect the performance
W0828 02:06:31.667266    1435 tpu_pjrt_client.cc:2349] PjRt execution dispatch was blocked for 8.246893ms because PjRt's max in-flight computation semaphore is full (limit: 32), which may negatively affect the performance
W0828 02:07:32.280687    1434 tpu_pjrt_client.cc:2349] PjRt execution dispatch was blocked for 62.045107ms because PjRt's max in-flight computation semaphore is full (limit: 32), which may negatively affect the performance
W0828 02:08:34.633280    1434 tpu_pjrt_client.cc:2349] PjRt execution dispatch was blocked for 92.996561ms because PjRt's max in-flight computation semaphore is full (limit: 32), which may negatively affect the performance
W0828 02:09:36.650131    1434 tpu_pjrt_client.cc:2349] PjRt execution dispatch was blocked for 78.381814ms because PjRt's max in-flight computation semaphore is full (limit: 32), which may negatively affect the performance
W0828 02:10:39.292677    1435 tpu_pjrt_client.cc:2349] PjRt execution dispatch was blocked for 69.328624ms because PjRt's max in-flight computation semaphore is full (limit: 32), which may negatively affect the performance
W0828 02:11:42.472948    1434 tpu_pjrt_client.cc:2349] PjRt execution dispatch was blocked for 73.48081ms because PjRt's max in-flight computation semaphore is full (limit: 32), which may negatively affect the performance
W0828 02:12:45.892344    1437 tpu_pjrt_client.cc:2349] PjRt execution dispatch was blocked for 74.68086ms because PjRt's max in-flight computation semaphore is full (limit: 32), which may negatively affect the performance
I0828 02:13:03.353111    3163 server_lib.cc:1855] Attempting to load component jit_scatter-add.8339433792461641142 @ 0 at worker after 899.691us (proto size 2472)
I0828 02:13:03.963380    1298 tpu_chip_config.cc:367] Resolved chip config alias megachip_tccontrol->megacore for 2093c6a02, 
I0828 02:13:03.965293    1298 tpu_chip_config.cc:367] Resolved chip config alias megachip_tccontrol->megacore for 2093c6a02, 
I0828 02:13:03.966499    1298 xla_compilation_cache.cc:113] XLA compilation cache fetch for computation 'jit_scatter-add' (key d70ded065449fd1b) took 613.398095ms: PERSISTENT_FETCH
I0828 02:13:05.401531    2980 server_lib.cc:1855] Attempting to load component jit_gather.8339433792461640480 @ 0 at worker after 946.426us (proto size 2430)
I0828 02:13:05.627733    1298 tpu_chip_config.cc:367] Resolved chip config alias megachip_tccontrol->megacore for 2093c6a02, 
I0828 02:13:05.629510    1298 tpu_chip_config.cc:367] Resolved chip config alias megachip_tccontrol->megacore for 2093c6a02, 
I0828 02:13:05.630410    1298 xla_compilation_cache.cc:113] XLA compilation cache fetch for computation 'jit_gather' (key 4b8e9298e525038d) took 228.888532ms: PERSISTENT_FETCH
W0828 02:13:49.255864    1436 tpu_pjrt_client.cc:2349] PjRt execution dispatch was blocked for 112.75189ms because PjRt's max in-flight computation semaphore is full (limit: 32), which may negatively affect the performance
W0828 02:14:51.471014    1434 tpu_pjrt_client.cc:2349] PjRt execution dispatch was blocked for 57.670046ms because PjRt's max in-flight computation semaphore is full (limit: 32), which may negatively affect the performance
W0828 02:15:53.617200    1437 tpu_pjrt_client.cc:2349] PjRt execution dispatch was blocked for 78.607983ms because PjRt's max in-flight computation semaphore is full (limit: 32), which may negatively affect the performance
W0828 02:16:53.849279    1434 tpu_pjrt_client.cc:2349] PjRt execution dispatch was blocked for 5.07333ms because PjRt's max in-flight computation semaphore is full (limit: 32), which may negatively affect the performance
W0828 02:17:53.868338    1434 tpu_pjrt_client.cc:2349] PjRt execution dispatch was blocked for 83.635393ms because PjRt's max in-flight computation semaphore is full (limit: 32), which may negatively affect the performance
I0828 02:18:11.955878    3123 server_lib.cc:1855] Attempting to load component jit_scatter-add.17587198313345265127 @ 0 at worker after 875.582us (proto size 2473)
I0828 02:18:12.557477    1298 tpu_chip_config.cc:367] Resolved chip config alias megachip_tccontrol->megacore for 2093c6a02, 
I0828 02:18:12.559364    1298 tpu_chip_config.cc:367] Resolved chip config alias megachip_tccontrol->megacore for 2093c6a02, 
I0828 02:18:12.560564    1298 xla_compilation_cache.cc:113] XLA compilation cache fetch for computation 'jit_scatter-add' (key 50aa3fc4483a3673) took 604.697663ms: PERSISTENT_FETCH
I0828 02:18:13.997225    3123 server_lib.cc:1855] Attempting to load component jit_gather.17587198313345264693 @ 0 at worker after 836.337us (proto size 2431)
I0828 02:18:14.226048    1298 tpu_chip_config.cc:367] Resolved chip config alias megachip_tccontrol->megacore for 2093c6a02, 
I0828 02:18:14.227851    1298 tpu_chip_config.cc:367] Resolved chip config alias megachip_tccontrol->megacore for 2093c6a02, 
I0828 02:18:14.228763    1298 xla_compilation_cache.cc:113] XLA compilation cache fetch for computation 'jit_gather' (key 1eedb9f25d01bc73) took 231.547374ms: PERSISTENT_FETCH
W0828 02:18:53.870828    1435 tpu_pjrt_client.cc:2349] PjRt execution dispatch was blocked for 2.787741ms because PjRt's max in-flight computation semaphore is full (limit: 32), which may negatively affect the performance
I0828 02:19:19.773750    3096 server_lib.cc:1855] Attempting to load component jit_multiply.15568662364271771618 @ 0 at worker after 933.541us (proto size 2400)
I0828 02:19:20.010594    1298 tpu_chip_config.cc:367] Resolved chip config alias megachip_tccontrol->megacore for 2093c6a02, 
I0828 02:19:20.012432    1298 tpu_chip_config.cc:367] Resolved chip config alias megachip_tccontrol->megacore for 2093c6a02, 
I0828 02:19:20.013320    1298 xla_compilation_cache.cc:113] XLA compilation cache fetch for computation 'jit_multiply' (key ee6c6abb52d77351) took 239.582601ms: PERSISTENT_FETCH
I0828 02:19:22.952756    3170 server_lib.cc:1855] Attempting to load component jit_gather.17587198313345264063 @ 0 at worker after 1.038337ms (proto size 2435)
I0828 02:19:23.203546    3066 server_lib.cc:1855] Attempting to load component jit_broadcast_in_dim.15568662364271769526 @ 0 at worker after 812.196us (proto size 2431)
I0828 02:19:23.209535    1298 tpu_chip_config.cc:367] Resolved chip config alias megachip_tccontrol->megacore for 2093c6a02, 
I0828 02:19:23.211378    1298 tpu_chip_config.cc:367] Resolved chip config alias megachip_tccontrol->megacore for 2093c6a02, 
I0828 02:19:23.212512    1298 xla_compilation_cache.cc:113] XLA compilation cache fetch for computation 'jit_gather' (key 11bc803a3187003b) took 259.768837ms: PERSISTENT_FETCH
I0828 02:19:23.409954    1297 tpu_chip_config.cc:367] Resolved chip config alias megachip_tccontrol->megacore for 2093c6a02, 
I0828 02:19:23.411520    1297 tpu_chip_config.cc:367] Resolved chip config alias megachip_tccontrol->megacore for 2093c6a02, 
I0828 02:19:23.412284    1297 xla_compilation_cache.cc:113] XLA compilation cache fetch for computation 'jit_broadcast_in_dim' (key 7edb828916119f95) took 208.746386ms: PERSISTENT_FETCH
I0828 02:19:24.501464    3066 server_lib.cc:1855] Attempting to load component jit_maximum.17587198313345265268 @ 0 at worker after 845.186us (proto size 2398)
I0828 02:19:24.724502    2980 server_lib.cc:1855] Attempting to load component jit_true_divide.15568662364271770624 @ 0 at worker after 836.291us (proto size 2406)
I0828 02:19:24.727353    1297 tpu_chip_config.cc:367] Resolved chip config alias megachip_tccontrol->megacore for 2093c6a02, 
I0828 02:19:24.728972    1297 tpu_chip_config.cc:367] Resolved chip config alias megachip_tccontrol->megacore for 2093c6a02, 
I0828 02:19:24.729792    1297 xla_compilation_cache.cc:113] XLA compilation cache fetch for computation 'jit_maximum' (key fb0aaff3c1db8e4b) took 228.335269ms: PERSISTENT_FETCH
I0828 02:19:24.937264    2980 server_lib.cc:1855] Attempting to load component jit_multiply.17587198313345265240 @ 0 at worker after 944.349us (proto size 2430)
I0828 02:19:24.948065    1298 tpu_chip_config.cc:367] Resolved chip config alias megachip_tccontrol->megacore for 2093c6a02, 
I0828 02:19:24.949598    1298 tpu_chip_config.cc:367] Resolved chip config alias megachip_tccontrol->megacore for 2093c6a02, 
I0828 02:19:24.950362    1298 xla_compilation_cache.cc:113] XLA compilation cache fetch for computation 'jit_true_divide' (key a2b7f92efa599e43) took 225.868008ms: PERSISTENT_FETCH
I0828 02:19:25.219835    2980 server_lib.cc:1855] Attempting to load component jit_multiply.15568662364271769767 @ 0 at worker after 793.101us (proto size 2420)
I0828 02:19:25.231549    1297 tpu_chip_config.cc:367] Resolved chip config alias megachip_tccontrol->megacore for 2093c6a02, 
I0828 02:19:25.233063    1297 tpu_chip_config.cc:367] Resolved chip config alias megachip_tccontrol->megacore for 2093c6a02, 
I0828 02:19:25.233832    1297 xla_compilation_cache.cc:113] XLA compilation cache fetch for computation 'jit_multiply' (key 6eaf6267b36e4103) took 296.575808ms: PERSISTENT_FETCH
I0828 02:19:25.422076    3163 server_lib.cc:1855] Attempting to load component jit_multiply.17587198313345265219 @ 0 at worker after 958.765us (proto size 2420)
I0828 02:19:25.427669    1298 tpu_chip_config.cc:367] Resolved chip config alias megachip_tccontrol->megacore for 2093c6a02, 
I0828 02:19:25.429157    1298 tpu_chip_config.cc:367] Resolved chip config alias megachip_tccontrol->megacore for 2093c6a02, 
I0828 02:19:25.429930    1298 xla_compilation_cache.cc:113] XLA compilation cache fetch for computation 'jit_multiply' (key 80290ce002bc4c04) took 210.100892ms: PERSISTENT_FETCH
I0828 02:19:25.651197    3163 server_lib.cc:1855] Attempting to load component jit_multiply.15568662364271768910 @ 0 at worker after 958.905us (proto size 2434)
I0828 02:19:25.659939    1297 tpu_chip_config.cc:367] Resolved chip config alias megachip_tccontrol->megacore for 2093c6a02, 
I0828 02:19:25.661389    1297 tpu_chip_config.cc:367] Resolved chip config alias megachip_tccontrol->megacore for 2093c6a02, 
I0828 02:19:25.662191    1297 xla_compilation_cache.cc:113] XLA compilation cache fetch for computation 'jit_multiply' (key 9efcd5060f14cc31) took 240.122238ms: PERSISTENT_FETCH
I0828 02:19:25.862064    3163 server_lib.cc:1855] Attempting to load component jit_multiply.17587198313345265198 @ 0 at worker after 901.082us (proto size 2434)
I0828 02:19:25.868157    1298 tpu_chip_config.cc:367] Resolved chip config alias megachip_tccontrol->megacore for 2093c6a02, 
I0828 02:19:25.869636    1298 tpu_chip_config.cc:367] Resolved chip config alias megachip_tccontrol->megacore for 2093c6a02, 
I0828 02:19:25.870425    1298 xla_compilation_cache.cc:113] XLA compilation cache fetch for computation 'jit_multiply' (key 22dd78a1da219d4c) took 219.234179ms: PERSISTENT_FETCH
I0828 02:19:26.096572    2980 server_lib.cc:1855] Attempting to load component jit_multiply.15568662364271768053 @ 0 at worker after 892.609us (proto size 2434)
I0828 02:19:26.101088    1297 tpu_chip_config.cc:367] Resolved chip config alias megachip_tccontrol->megacore for 2093c6a02, 
I0828 02:19:26.102540    1297 tpu_chip_config.cc:367] Resolved chip config alias megachip_tccontrol->megacore for 2093c6a02, 
I0828 02:19:26.103311    1297 xla_compilation_cache.cc:113] XLA compilation cache fetch for computation 'jit_multiply' (key cc63cbf0445c72a8) took 241.253574ms: PERSISTENT_FETCH
I0828 02:19:26.334453    3163 server_lib.cc:1855] Attempting to load component jit_multiply.17587198313345265177 @ 0 at worker after 871.924us (proto size 2428)
I0828 02:19:26.342931    1298 tpu_chip_config.cc:367] Resolved chip config alias megachip_tccontrol->megacore for 2093c6a02, 
I0828 02:19:26.344402    1298 tpu_chip_config.cc:367] Resolved chip config alias megachip_tccontrol->megacore for 2093c6a02, 
I0828 02:19:26.345203    1298 xla_compilation_cache.cc:113] XLA compilation cache fetch for computation 'jit_multiply' (key 53d8628867305c69) took 248.638618ms: PERSISTENT_FETCH
I0828 02:19:26.604437    2980 server_lib.cc:1855] Attempting to load component jit_multiply.15568662364271771292 @ 0 at worker after 912.228us (proto size 2428)
I0828 02:19:26.615554    1297 tpu_chip_config.cc:367] Resolved chip config alias megachip_tccontrol->megacore for 2093c6a02, 
I0828 02:19:26.617072    1297 tpu_chip_config.cc:367] Resolved chip config alias megachip_tccontrol->megacore for 2093c6a02, 
I0828 02:19:26.617833    1297 xla_compilation_cache.cc:113] XLA compilation cache fetch for computation 'jit_multiply' (key e55c4ba2f923fd42) took 283.386011ms: PERSISTENT_FETCH
I0828 02:19:26.854797    1298 tpu_chip_config.cc:367] Resolved chip config alias megachip_tccontrol->megacore for 2093c6a02, 
I0828 02:19:26.856256    1298 tpu_chip_config.cc:367] Resolved chip config alias megachip_tccontrol->megacore for 2093c6a02, 
I0828 02:19:26.857067    1298 xla_compilation_cache.cc:113] XLA compilation cache fetch for computation 'jit_multiply' (key 9fe44011f549bb98) took 252.637903ms: PERSISTENT_FETCH
I0828 02:19:26.919427    3066 server_lib.cc:1855] Attempting to load component jit_multiply.17587198313345265156 @ 0 at worker after 965.491us (proto size 2430)
I0828 02:19:27.207450    1298 tpu_chip_config.cc:367] Resolved chip config alias megachip_tccontrol->megacore for 2093c6a02, 
I0828 02:19:27.209083    1298 tpu_chip_config.cc:367] Resolved chip config alias megachip_tccontrol->megacore for 2093c6a02, 
I0828 02:19:27.209876    1298 xla_compilation_cache.cc:113] XLA compilation cache fetch for computation 'jit_multiply' (key 84fd6c128ec4928d) took 290.456341ms: PERSISTENT_FETCH
I0828 02:19:28.657756    3123 server_lib.cc:1855] Attempting to load component jit_tree_numeric_stats.15568662364271770435 @ 0 at worker after 1.749626ms (proto size 12357)
I0828 02:19:45.353762    1298 tpu_chip_config.cc:367] Resolved chip config alias megachip_tccontrol->megacore for 2093c6a02, 
I0828 02:19:45.377647    1298 tpu_chip_config.cc:367] Resolved chip config alias megachip_tccontrol->megacore for 2093c6a02, 
I0828 02:19:45.437260    1298 xla_compilation_cache.cc:113] XLA compilation cache fetch for computation 'jit_tree_numeric_stats' (key ca3908749e191443) took 16.779514881s: PERSISTENT_FETCH
I0828 02:19:52.920003    3123 server_lib.cc:1855] Attempting to load component jit__precomputed_gradient_commit.1572066981968336390 @ 0 at worker after 4.328914ms (proto size 109965)
I0828 02:20:58.761814    1298 tpu_chip_config.cc:367] Resolved chip config alias megachip_tccontrol->megacore for 2093c6a02, 
I0828 02:20:58.835603    1298 tpu_chip_config.cc:367] Resolved chip config alias megachip_tccontrol->megacore for 2093c6a02, 
I0828 02:20:58.996133    1298 xla_compilation_cache.cc:113] XLA compilation cache fetch for computation 'jit__precomputed_gradient_commit' (key e0d85ba8bfad5106) took 1m6.076144859s: PERSISTENT_FETCH
I0828 02:24:32.457953    2929 server_lib.cc:1855] Attempting to load component jit__allocate.17587198313345265065 @ 0 at worker after 1.567205ms (proto size 2405)
I0828 02:24:32.521125    1298 tpu_chip_config.cc:367] Resolved chip config alias megachip_tccontrol->megacore for 2093c6a02, 
I0828 02:24:32.522954    1298 tpu_chip_config.cc:367] Resolved chip config alias megachip_tccontrol->megacore for 2093c6a02, 
I0828 02:24:32.523848    1298 xla_compilation_cache.cc:113] XLA compilation cache fetch for computation 'jit__allocate' (key 44c937081d7ee1dc) took 65.906485ms: PERSISTENT_FETCH
I0828 02:24:34.363527     750 worker_op_dispatcher.cc:4605] Component is not loaded yet; deferring unload until load completes: jit__allocate.17587198313345265065 @ 0
I0828 02:24:34.363602    1495 server_lib.cc:743] Unloading component jit__allocate.17587198313345265065 @ 0 at worker
W0828 02:30:26.709395    1434 tpu_pjrt_client.cc:2349] PjRt execution dispatch was blocked for 4.740196ms because PjRt's max in-flight computation semaphore is full (limit: 32), which may negatively affect the performance
W0828 02:31:26.712443    1435 tpu_pjrt_client.cc:2349] PjRt execution dispatch was blocked for 8.704842ms because PjRt's max in-flight computation semaphore is full (limit: 32), which may negatively affect the performance
W0828 02:32:30.289111    1436 tpu_pjrt_client.cc:2349] PjRt execution dispatch was blocked for 78.480672ms because PjRt's max in-flight computation semaphore is full (limit: 32), which may negatively affect the performance
W0828 02:33:31.609694    1434 tpu_pjrt_client.cc:2349] PjRt execution dispatch was blocked for 95.361503ms because PjRt's max in-flight computation semaphore is full (limit: 32), which may negatively affect the performance
W0828 02:34:33.664510    1435 tpu_pjrt_client.cc:2349] PjRt execution dispatch was blocked for 61.855572ms because PjRt's max in-flight computation semaphore is full (limit: 32), which may negatively affect the performance
W0828 02:35:35.695381    1437 tpu_pjrt_client.cc:2349] PjRt execution dispatch was blocked for 78.733301ms because PjRt's max in-flight computation semaphore is full (limit: 32), which may negatively affect the performance
W0828 02:36:38.137495    1434 tpu_pjrt_client.cc:2349] PjRt execution dispatch was blocked for 84.662339ms because PjRt's max in-flight computation semaphore is full (limit: 32), which may negatively affect the performance
W0828 02:37:38.137738    1434 tpu_pjrt_client.cc:2349] PjRt execution dispatch was blocked for 8.286937ms because PjRt's max in-flight computation semaphore is full (limit: 32), which may negatively affect the performance
W0828 02:38:42.013538    1435 tpu_pjrt_client.cc:2349] PjRt execution dispatch was blocked for 65.433275ms because PjRt's max in-flight computation semaphore is full (limit: 32), which may negatively affect the performance
W0828 02:39:42.019266    1436 tpu_pjrt_client.cc:2349] PjRt execution dispatch was blocked for 8.109121ms because PjRt's max in-flight computation semaphore is full (limit: 32), which may negatively affect the performance
W0828 02:40:42.791770    1436 tpu_pjrt_client.cc:2349] PjRt execution dispatch was blocked for 84.951312ms because PjRt's max in-flight computation semaphore is full (limit: 32), which may negatively affect the performance
W0828 02:41:45.652391    1436 tpu_pjrt_client.cc:2349] PjRt execution dispatch was blocked for 92.576944ms because PjRt's max in-flight computation semaphore is full (limit: 32), which may negatively affect the performance
W0828 02:42:46.170451    1434 tpu_pjrt_client.cc:2349] PjRt execution dispatch was blocked for 3.116839ms because PjRt's max in-flight computation semaphore is full (limit: 32), which may negatively affect the performance
W0828 02:43:46.862514    1436 tpu_pjrt_client.cc:2349] PjRt execution dispatch was blocked for 51.483865ms because PjRt's max in-flight computation semaphore is full (limit: 32), which may negatively affect the performance
W0828 02:44:49.519275    1435 tpu_pjrt_client.cc:2349] PjRt execution dispatch was blocked for 52.608437ms because PjRt's max in-flight computation semaphore is full (limit: 32), which may negatively affect the performance
W0828 02:45:51.803925    1436 tpu_pjrt_client.cc:2349] PjRt execution dispatch was blocked for 82.147931ms because PjRt's max in-flight computation semaphore is full (limit: 32), which may negatively affect the performance
W0828 02:46:51.985810    1437 tpu_pjrt_client.cc:2349] PjRt execution dispatch was blocked for 2.449484ms because PjRt's max in-flight computation semaphore is full (limit: 32), which may negatively affect the performance
W0828 02:47:53.252594    1434 tpu_pjrt_client.cc:2349] PjRt execution dispatch was blocked for 100.689435ms because PjRt's max in-flight computation semaphore is full (limit: 32), which may negatively affect the performance
W0828 02:48:55.985768    1435 tpu_pjrt_client.cc:2349] PjRt execution dispatch was blocked for 104.76083ms because PjRt's max in-flight computation semaphore is full (limit: 32), which may negatively affect the performance
W0828 02:49:58.430062    1434 tpu_pjrt_client.cc:2349] PjRt execution dispatch was blocked for 88.130849ms because PjRt's max in-flight computation semaphore is full (limit: 32), which may negatively affect the performance
W0828 02:51:00.226154    1436 tpu_pjrt_client.cc:2349] PjRt execution dispatch was blocked for 73.877699ms because PjRt's max in-flight computation semaphore is full (limit: 32), which may negatively affect the performance
W0828 02:52:03.427185    1437 tpu_pjrt_client.cc:2349] PjRt execution dispatch was blocked for 97.963028ms because PjRt's max in-flight computation semaphore is full (limit: 32), which may negatively affect the performance
W0828 02:53:06.147455    1434 tpu_pjrt_client.cc:2349] PjRt execution dispatch was blocked for 81.950945ms because PjRt's max in-flight computation semaphore is full (limit: 32), which may negatively affect the performance
W0828 02:54:10.201218    1436 tpu_pjrt_client.cc:2349] PjRt execution dispatch was blocked for 81.738795ms because PjRt's max in-flight computation semaphore is full (limit: 32), which may negatively affect the performance
I0828 02:57:54.952451    3038 xla_compilation_cache.cc:113] XLA compilation cache fetch for computation 'jit__allocate' (key 44c937081d7ee1dc) took 2.289us: IN_MEMORY_HIT
I0828 02:57:54.952484    3038 server_lib.cc:1855] Attempting to load component jit__allocate.14729223411447289795 @ 0 at worker after 1.363485ms (proto size 2405)
I0828 02:57:56.901459     750 worker_op_dispatcher.cc:4605] Component is not loaded yet; deferring unload until load completes: jit__allocate.14729223411447289795 @ 0
I0828 02:57:56.901512    1502 server_lib.cc:743] Unloading component jit__allocate.14729223411447289795 @ 0 at worker
W0828 03:03:56.200465    1436 tpu_pjrt_client.cc:2349] PjRt execution dispatch was blocked for 2.807203ms because PjRt's max in-flight computation semaphore is full (limit: 32), which may negatively affect the performance
W0828 03:04:56.202385    1435 tpu_pjrt_client.cc:2349] PjRt execution dispatch was blocked for 9.104706ms because PjRt's max in-flight computation semaphore is full (limit: 32), which may negatively affect the performance
W0828 03:05:58.052309    1434 tpu_pjrt_client.cc:2349] PjRt execution dispatch was blocked for 64.309136ms because PjRt's max in-flight computation semaphore is full (limit: 32), which may negatively affect the performance
W0828 03:07:00.303808    1434 tpu_pjrt_client.cc:2349] PjRt execution dispatch was blocked for 70.058524ms because PjRt's max in-flight computation semaphore is full (limit: 32), which may negatively affect the performance
W0828 03:08:03.037549    1435 tpu_pjrt_client.cc:2349] PjRt execution dispatch was blocked for 95.655743ms because PjRt's max in-flight computation semaphore is full (limit: 32), which may negatively affect the performance
W0828 03:09:03.180023    1437 tpu_pjrt_client.cc:2349] PjRt execution dispatch was blocked for 5.365626ms because PjRt's max in-flight computation semaphore is full (limit: 32), which may negatively affect the performance
W0828 03:10:04.407661    1435 tpu_pjrt_client.cc:2349] PjRt execution dispatch was blocked for 69.359798ms because PjRt's max in-flight computation semaphore is full (limit: 32), which may negatively affect the performance
W0828 03:11:08.384182    1434 tpu_pjrt_client.cc:2349] PjRt execution dispatch was blocked for 93.853531ms because PjRt's max in-flight computation semaphore is full (limit: 32), which may negatively affect the performance
W0828 03:12:08.387553    1436 tpu_pjrt_client.cc:2349] PjRt execution dispatch was blocked for 8.541223ms because PjRt's max in-flight computation semaphore is full (limit: 32), which may negatively affect the performance
W0828 03:13:11.064314    1434 tpu_pjrt_client.cc:2349] PjRt execution dispatch was blocked for 49.933972ms because PjRt's max in-flight computation semaphore is full (limit: 32), which may negatively affect the performance
W0828 03:14:12.745330    1434 tpu_pjrt_client.cc:2349] PjRt execution dispatch was blocked for 51.204131ms because PjRt's max in-flight computation semaphore is full (limit: 32), which may negatively affect the performance
W0828 03:15:12.751602    1436 tpu_pjrt_client.cc:2349] PjRt execution dispatch was blocked for 8.48966ms because PjRt's max in-flight computation semaphore is full (limit: 32), which may negatively affect the performance
W0828 03:16:12.976374    1437 tpu_pjrt_client.cc:2349] PjRt execution dispatch was blocked for 87.006926ms because PjRt's max in-flight computation semaphore is full (limit: 32), which may negatively affect the performance
W0828 03:17:12.981068    1437 tpu_pjrt_client.cc:2349] PjRt execution dispatch was blocked for 8.245467ms because PjRt's max in-flight computation semaphore is full (limit: 32), which may negatively affect the performance
W0828 03:18:17.414805    1434 tpu_pjrt_client.cc:2349] PjRt execution dispatch was blocked for 97.800222ms because PjRt's max in-flight computation semaphore is full (limit: 32), which may negatively affect the performance
W0828 03:19:17.681447    1435 tpu_pjrt_client.cc:2349] PjRt execution dispatch was blocked for 3.600077ms because PjRt's max in-flight computation semaphore is full (limit: 32), which may negatively affect the performance
W0828 03:20:19.030026    1437 tpu_pjrt_client.cc:2349] PjRt execution dispatch was blocked for 85.646964ms because PjRt's max in-flight computation semaphore is full (limit: 32), which may negatively affect the performance
W0828 03:21:22.189162    1434 tpu_pjrt_client.cc:2349] PjRt execution dispatch was blocked for 85.822374ms because PjRt's max in-flight computation semaphore is full (limit: 32), which may negatively affect the performance
W0828 03:22:26.091682    1435 tpu_pjrt_client.cc:2349] PjRt execution dispatch was blocked for 70.279628ms because PjRt's max in-flight computation semaphore is full (limit: 32), which may negatively affect the performance
W0828 03:23:29.490011    1437 tpu_pjrt_client.cc:2349] PjRt execution dispatch was blocked for 82.331154ms because PjRt's max in-flight computation semaphore is full (limit: 32), which may negatively affect the performance
W0828 03:24:32.395436    1434 tpu_pjrt_client.cc:2349] PjRt execution dispatch was blocked for 106.802211ms because PjRt's max in-flight computation semaphore is full (limit: 32), which may negatively affect the performance
W0828 03:25:35.097295    1435 tpu_pjrt_client.cc:2349] PjRt execution dispatch was blocked for 84.64516ms because PjRt's max in-flight computation semaphore is full (limit: 32), which may negatively affect the performance
W0828 03:26:38.302846    1434 tpu_pjrt_client.cc:2349] PjRt execution dispatch was blocked for 61.476884ms because PjRt's max in-flight computation semaphore is full (limit: 32), which may negatively affect the performance
W0828 03:27:42.213613    1437 tpu_pjrt_client.cc:2349] PjRt execution dispatch was blocked for 69.387405ms because PjRt's max in-flight computation semaphore is full (limit: 32), which may negatively affect the performance
W0828 03:32:48.947930    1488 pipe_endpoint.cc:834] Client pipe canon-p57-fl-zero-f45w10-96544812-pathways-worker-0-2.canon-p57-fl-zero-f45w10-96544812:29000/worker_to_worker id=17973490401862667062: saw idle time 5.43636304s where timeout is 10s
W0828 03:32:49.948070    1506 pipe_endpoint.cc:834] Client pipe canon-p57-fl-zero-f45w10-96544812-pathways-worker-0-2.canon-p57-fl-zero-f45w10-96544812:29000/worker_to_worker id=17973490401862667062: saw idle time 6.436503863s where timeout is 10s
W0828 03:32:50.948218    1488 pipe_endpoint.cc:834] Client pipe canon-p57-fl-zero-f45w10-96544812-pathways-worker-0-2.canon-p57-fl-zero-f45w10-96544812:29000/worker_to_worker id=17973490401862667062: saw idle time 7.436651489s where timeout is 10s
I0828 03:32:51.916048     816 worker_message_distributor.cc:2308] Waiting for all peers to exit distributor_6408541556418313203_1
I0828 03:32:51.916086    3123 worker_message_distributor.cc:735] Waiting for outstanding sends 0 send thread LocalSender_at_6408541556418313203_1
I0828 03:32:51.916158     750 worker_message_distributor.cc:1073] Exiting send thread LocalSender_at_6408541556418313203_1
I0828 03:32:51.916235    3123 worker_message_distributor.cc:741] Finished shutdown send thread LocalSender_at_6408541556418313203_1
I0828 03:32:51.916258     816 worker_message_distributor.cc:2310] Waiting for all peers to exit done: finished within timeout=true distributor_6408541556418313203_1
E0828 03:32:51.916271     816 quick_restart.cc:19] Job cancelled due to 6408541556418313203 gke-tpu-3a97861b-1vp4 exiting [reported by ServerConfig{ job_info=JobInfo{ name=6408541556418313203 job_instance_id=6408541556418313203 task_index=13 num_tasks=16 addr=canon-p57-fl-zero-f45w10-96544812-pathways-worker-0-13.canon-p57-fl-zero-f45w10-96544812:29000 [hostname='gke-tpu-3a97861b-1vp4, bns_address='', resolved_address='canon-p57-fl-zero-f45w10-96544812-pathways-worker-0-13.canon-p57-fl-zero-f45w10-96544812:29000']} }] with error INTERNAL: Client pipe canon-p57-fl-zero-f45w10-96544812-pathways-worker-0-2.canon-p57-fl-zero-f45w10-96544812:29000/worker_to_worker id=14969354806911437370 broke with error: DEADLINE_EXCEEDED: lost connection to peer at http://machine/gke-tpu-3a97861b-qbx9/events#srcs=borg%2Bcoroner since 10.047667564s ago; this usually means that the peer has unexpectedly gone away (peer stopped sending messages since 2026-08-28T03:32:41.865463105+00:00; timeout is 10s and the current machine is http://machine/gke-tpu-3a97861b-1vp4/events#srcs=borg%2Bcoroner)
	Client pipe canon-p57-fl-zero-f45w10-96544812-pathways-worker-0-2.canon-p57-fl-zero-f45w10-96544812:29000/worker_to_worker id=14969354806911437370
=== Source Location Trace: === 
third_party/pathways/data_parallel/pipe.cc:307

=== Source Location Trace: ===
third_party/pathways/data_parallel/worker_message_distributor.cc:1842
 [ServerConfig{ job_info=JobInfo{ name=6408541556418313203 job_instance_id=6408541556418313203 task_index=1 num_tasks=16 addr=canon-p57-fl-zero-f45w10-96544812-pathways-worker-0-1.canon-p57-fl-zero-f45w10-96544812:29000 [hostname='gke-tpu-3a97861b-rf71, bns_address='', resolved_address='canon-p57-fl-zero-f45w10-96544812-pathways-worker-0-1.canon-p57-fl-zero-f45w10-96544812:29000']} }]
F0828 03:32:51.916364     816 quick_restart.cc:40] Job cancelled due to 6408541556418313203 gke-tpu-3a97861b-1vp4 exiting [reported by ServerConfig{ job_info=JobInfo{ name=6408541556418313203 job_instance_id=6408541556418313203 task_index=13 num_tasks=16 addr=canon-p57-fl-zero-f45w10-96544812-pathways-worker-0-13.canon-p57-fl-zero-f45w10-96544812:29000 [hostname='gke-tpu-3a97861b-1vp4, bns_address='', resolved_address='canon-p57-fl-zero-f45w10-96544812-pathways-worker-0-13.canon-p57-fl-zero-f45w10-96544812:29000']} }] with error INTERNAL: Client pipe canon-p57-fl-zero-f45w10-96544812-pathways-worker-0-2.canon-p57-fl-zero-f45w10-96544812:29000/worker_to_worker id=14969354806911437370 broke with error: DEADLINE_EXCEEDED: lost connection to peer at http://machine/gke-tpu-3a97861b-qbx9/events#srcs=borg%2Bcoroner since 10.047667564s ago; this usually means that the peer has unexpectedly gone away (peer stopped sending messages since 2026-08-28T03:32:41.865463105+00:00; timeout is 10s and the current machine is http://machine/gke-tpu-3a97861b-1vp4/events#srcs=borg%2Bcoroner)
	Client pipe canon-p57-fl-zero-f45w10-96544812-pathways-worker-0-2.canon-p57-fl-zero-f45w10-96544812:29000/worker_to_worker id=14969354806911437370
=== Source Location Trace: === 
third_party/pathways/data_parallel/pipe.cc:307

=== Source Location Trace: ===
third_party/pathways/data_parallel/worker_message_distributor.cc:1842
 [ServerConfig{ job_info=JobInfo{ name=6408541556418313203 job_instance_id=6408541556418313203 task_index=1 num_tasks=16 addr=canon-p57-fl-zero-f45w10-96544812-pathways-worker-0-1.canon-p57-fl-zero-f45w10-96544812:29000 [hostname='gke-tpu-3a97861b-rf71, bns_address='', resolved_address='canon-p57-fl-zero-f45w10-96544812-pathways-worker-0-1.canon-p57-fl-zero-f45w10-96544812:29000']} }] (Quick-restart requested but unsupported in Cloud/OSS.)
