WARNING: Logging before InitGoogle() is written to STDERR
W0000 00:00:1787879824.044448       1 override_grpc_credentials_real.cc:57] Registering MLPathways gRPC credentials override 'grpc_insecure_override'
I0000 00:00:1787879824.046858       1 pipe_transport_registry.cc:30] Registering pipe transport grpc
I0828 01:17:04.066140       1 b295d63588a.cc:788] Linux version 6.12.85+ (builder@535ef2dedada) (Chromium OS 17.0_pre498229-r33 clang version 17.0.0 (/mnt/host/source/src/third_party/llvm-project 14f0776550b5a49e1c42f49a00213f7f3fa047bf), LLD 17.0.0) #1 SMP Mon May 11 07:53:24 UTC 2026
I0828 01:17:04.066441       1 b295d63588a.cc:872] Process id 1
I0828 01:17:04.066462       1 b295d63588a.cc:878] Current working directory /
I0828 01:17:04.066464       1 b295d63588a.cc:881] Current timezone is UTC (currently UTC +00:00)
I0828 01:17:04.066468       1 b295d63588a.cc:886] Built on Jul 30 2026 03:19:54 (1785406794)
I0828 01:17:04.066469       1 b295d63588a.cc:887]  at rbex-enqueue-targets@jgik3.prod.google.com:/google/src/cloud/buildrabbit-username/buildrabbit-client/g3     
I0828 01:17:04.066471       1 b295d63588a.cc:888]  as 
I0828 01:17:04.066472       1 b295d63588a.cc:889]  for gcc-4.X.Y-crosstool-v18-llvm-grtev4-k8.k8
I0828 01:17:04.066479       1 b295d63588a.cc:892]  from changelist 956357083 with baseline 956357083 in a mint client based on __ar56t/g3     
I0828 01:17:04.066486       1 b295d63588a.cc:896] Build label: cloud_pathways.runtime_20260730_0_RC00
I0828 01:17:04.066493       1 b295d63588a.cc:898] Build tool: Bazel, release r4rca-2026.07.27-2 (mainline @954306043)
I0828 01:17:04.066495       1 b295d63588a.cc:899] Build target: 
I0828 01:17:04.066502       1 b295d63588a.cc:907] Command line arguments:
I0828 01:17:04.066504       1 b295d63588a.cc:909] argv[0]: '/usr/pathways/run/cloud_pathways_server_sanitized'
I0828 01:17:04.066507       1 b295d63588a.cc:909] argv[1]: '--server_port=29000'
I0828 01:17:04.066515       1 b295d63588a.cc:909] argv[2]: '--resource_manager_address=canon-p57-fl-zero-f45w10-96544812-pathways-head-0-0.canon-p57-fl-zero-f45w10-96544812:29001'
I0828 01:17:04.066517       1 b295d63588a.cc:909] argv[3]: '--node_type=worker'
I0828 01:17:04.066519       1 b295d63588a.cc:909] argv[4]: '--instance_type=tpuv5:4x4x4'
I0828 01:17:04.066691       1 init.cc:78] Remote crash gathering hook installed.
I0828 01:17:04.066738       1 tpu_runtime_type_flags.cc:78] --tpu_use_tfrt not specified. Using default value: true
I0828 01:17:04.067171       1 host_command_handler_factory.cc:31] Skipping registration of host command handler for opcode Log because it is not in the allowlist.
I0828 01:17:04.067364       1 tpu_hal.cc:467] Registered plugin from module: megascale_sync_flag_logger
I0828 01:17:04.069920       1 tpu_hal.cc:467] Registered plugin from module: RuntimeMetricHelper
I0828 01:17:04.085122       1 logger.cc:308] Enabling threaded logging for severity WARNING
I0828 01:17:04.085160       1 tpu_hal.cc:467] Registered plugin from module: sdc_checker_callback
I0828 01:17:04.085386       1 mlock.cc:220] mlock()-ed 4096 bytes for BuildID, using 1 syscalls.
I0828 01:17:04.085627       1 cloud_config_util.cc:53] STARTUP: argv[0]: /usr/pathways/run/cloud_pathways_server_sanitized$
I0828 01:17:04.085635       1 cloud_config_util.cc:57] STARTUP: env: PATH=/bin$
I0828 01:17:04.085636       1 cloud_config_util.cc:57] STARTUP: env: HOSTNAME=gke-tpu-3a97861b-1vp4$
I0828 01:17:04.085637       1 cloud_config_util.cc:57] STARTUP: env: LD_LIBRARY_PATH=/usr/grte/v5/lib64/:/usr/pathways/run/$
I0828 01:17:04.085638       1 cloud_config_util.cc:57] STARTUP: env: PATHWAYS_UNSAFE_UNSAFE_OVERRIDE_GRPC_CREDENTIALS=grpc_insecure_override$
I0828 01:17:04.085639       1 cloud_config_util.cc:57] STARTUP: env: TPU_STDERR_LOG_LEVEL=0$
I0828 01:17:04.085640       1 cloud_config_util.cc:57] STARTUP: env: ENABLE_ICI_RESILIENCY=true$
I0828 01:17:04.085641       1 cloud_config_util.cc:57] STARTUP: env: VBAR_CONTROL_SERVICE_URL=unix:///var/run/tpu-plugin/vbar.sock$
I0828 01:17:04.085642       1 cloud_config_util.cc:57] STARTUP: env: CHIPS_PER_HOST_BOUNDS=2,2,1$
I0828 01:17:04.085643       1 cloud_config_util.cc:57] STARTUP: env: TPU_TOPOLOGY=4x4x4$
I0828 01:17:04.085644       1 cloud_config_util.cc:57] STARTUP: env: TPU_RUNTIME_METRICS_PORTS=8431,8432,8433,8434$
I0828 01:17:04.085645       1 cloud_config_util.cc:57] STARTUP: env: TPU_SKIP_MDS_QUERY=true$
I0828 01:17:04.085646       1 cloud_config_util.cc:57] STARTUP: env: WRAP=true,true,true$
I0828 01:17:04.085647       1 cloud_config_util.cc:57] STARTUP: env: TPU_TOPOLOGY_WRAP=true,true,true$
I0828 01:17:04.085648       1 cloud_config_util.cc:57] STARTUP: env: TPU_CHIPS_PER_HOST_BOUNDS=2,2,1$
I0828 01:17:04.085649       1 cloud_config_util.cc:57] STARTUP: env: TPU_HOST_BOUNDS=2,2,4$
I0828 01:17:04.085651       1 cloud_config_util.cc:57] STARTUP: env: HOST_BOUNDS=2,2,4$
I0828 01:17:04.085652       1 cloud_config_util.cc:57] STARTUP: env: TPU_ACCELERATOR_TYPE=v5p-128$
I0828 01:17:04.085653       1 cloud_config_util.cc:57] STARTUP: env: ALT=false$
I0828 01:17:04.085655       1 cloud_config_util.cc:57] STARTUP: env: TPU_TOPOLOGY_ALT=false$
I0828 01:17:04.085656       1 cloud_config_util.cc:57] STARTUP: env: TPU_MIN_LOG_LEVEL=0$
I0828 01:17:04.085658       1 cloud_config_util.cc:57] STARTUP: env: JOB_COMPLETION_INDEX=13$
I0828 01:17:04.085659       1 cloud_config_util.cc:57] STARTUP: env: PATHWAYS_HEAD=canon-p57-fl-zero-f45w10-96544812-pathways-head-0-0.canon-p57-fl-zero-f45w10-96544812$
I0828 01:17:04.085660       1 cloud_config_util.cc:57] STARTUP: env: TF_CPP_MIN_LOG_LEVEL=0$
I0828 01:17:04.085662       1 cloud_config_util.cc:57] STARTUP: env: XCLOUD_ENVIRONMENT=GCP$
I0828 01:17:04.085663       1 cloud_config_util.cc:57] STARTUP: env: MEGASCALE_NUM_SLICES=1$
I0828 01:17:04.085664       1 cloud_config_util.cc:57] STARTUP: env: REPLICATED_JOB_NAME=pathways-worker$
I0828 01:17:04.085666       1 cloud_config_util.cc:57] STARTUP: env: MEGASCALE_COORDINATOR_ADDRESS=$
I0828 01:17:04.085667       1 cloud_config_util.cc:57] STARTUP: env: TPU_WORKER_ID=13$
I0828 01:17:04.085668       1 cloud_config_util.cc:57] STARTUP: env: MEGASCALE_GRPC_ENABLE_XOR_TRACER=false$
I0828 01:17:04.085670       1 cloud_config_util.cc:57] STARTUP: env: JOBSET_NAME=canon-p57-fl-zero-f45w10-96544812$
I0828 01:17:04.085671       1 cloud_config_util.cc:57] STARTUP: env: MEGASCALE_SLICE_ID=0$
I0828 01:17:04.085672       1 cloud_config_util.cc:57] STARTUP: env: XLA_PYTHON_CLIENT_PREALLOCATE=true$
I0828 01:17:04.085674       1 cloud_config_util.cc:57] STARTUP: env: ENABLE_PATHWAYS_PERSISTENCE=1$
I0828 01:17:04.085675       1 cloud_config_util.cc:57] STARTUP: env: TPU_WORKER_HOSTNAMES=canon-p57-fl-zero-f45w10-96544812-pathways-worker-0-0.canon-p57-fl-zero-f45w10-96544812,canon-p57-fl-zero-f45w10-96544812-pathways-worker-0-1.canon-p57-fl-zero-f45w10-96544812,canon-p57-fl-zero-f45w10-96544812-pathways-worker-0-2.canon-p57-fl-zero-f45w10-96544812,canon-p57-fl-zero-f45w10-96544812-pathways-worker-0-3.canon-p57-fl-zero-f45w10-96544812,canon-p57-fl-zero-f45w10-96544812-pathways-worker-0-4.canon-p57-fl-zero-f45w10-96544812,canon-p57-fl-zero-f45w10-96544812-pathways-worker-0-5.canon-p57-fl-zero-f45w10-96544812,canon-p57-fl-zero-f45w10-96544812-pathways-worker-0-6.canon-p57-fl-zero-f45w10-96544812,canon-p57-fl-zero-f45w10-96544812-pathways-worker-0-7.canon-p57-fl-zero-f45w10-96544812,canon-p57-fl-zero-f45w10-96544812-pathways-worker-0-8.canon-p57-fl-zero-f45w10-96544812,canon-p57-fl-zero-f45w10-96544812-pathways-worker-0-9.canon-p57-fl-zero-f45w10-96544812,canon-p57-fl-zero-f45w10-96544812-pathways-worker-0-10.canon-p57-fl-zero-f45w10-96544812,canon-p57-fl-zero-f45w10-96544812-pathways-worker-0-11.canon-p57-fl-zero-f45w10-96544812,canon-p57-fl-zero-f45w10-96544812-pathways-worker-0-12.canon-p57-fl-zero-f45w10-96544812,canon-p57-fl-zero-f45w10-96544812-pathways-worker-0-13.canon-p57-fl-zero-f45w10-96544812,canon-p57-fl-zero-f45w10-96544812-pathways-worker-0-14.canon-p57-fl-zero-f45w10-96544812,canon-p57-fl-zero-f45w10-96544812-pathways-worker-0-15.canon-p57-fl-zero-f45w10-96544812$
I0828 01:17:04.085677       1 cloud_config_util.cc:57] STARTUP: env: XLA_PYTHON_CLIENT_MEM_FRACTION=0.9$
I0828 01:17:04.085678       1 cloud_config_util.cc:57] STARTUP: env: KIMI_K3_SERVICE_PORT_8000_TCP_PROTO=tcp$
I0828 01:17:04.085680       1 cloud_config_util.cc:57] STARTUP: env: KUBERNETES_PORT_443_TCP_PROTO=tcp$
I0828 01:17:04.085681       1 cloud_config_util.cc:57] STARTUP: env: KIMI_K3_SERVICE_SERVICE_PORT=8000$
I0828 01:17:04.085682       1 cloud_config_util.cc:57] STARTUP: env: KIMI_K3_SERVICE_SERVICE_PORT_HTTP_SERVING=8000$
I0828 01:17:04.085683       1 cloud_config_util.cc:57] STARTUP: env: KUBERNETES_SERVICE_HOST=34.118.224.1$
I0828 01:17:04.085684       1 cloud_config_util.cc:57] STARTUP: env: KUBERNETES_SERVICE_PORT_HTTPS=443$
I0828 01:17:04.085686       1 cloud_config_util.cc:57] STARTUP: env: KUBERNETES_PORT_443_TCP_PORT=443$
I0828 01:17:04.085687       1 cloud_config_util.cc:57] STARTUP: env: KUBERNETES_PORT_443_TCP_ADDR=34.118.224.1$
I0828 01:17:04.085688       1 cloud_config_util.cc:57] STARTUP: env: KIMI_K3_SERVICE_SERVICE_HOST=34.118.236.245$
I0828 01:17:04.085689       1 cloud_config_util.cc:57] STARTUP: env: KIMI_K3_SERVICE_PORT_8000_TCP_ADDR=34.118.236.245$
I0828 01:17:04.085690       1 cloud_config_util.cc:57] STARTUP: env: KUBERNETES_SERVICE_PORT=443$
I0828 01:17:04.085691       1 cloud_config_util.cc:57] STARTUP: env: KUBERNETES_PORT_443_TCP=tcp://34.118.224.1:443$
I0828 01:17:04.085692       1 cloud_config_util.cc:57] STARTUP: env: KIMI_K3_SERVICE_PORT=tcp://34.118.236.245:8000$
I0828 01:17:04.085693       1 cloud_config_util.cc:57] STARTUP: env: KIMI_K3_SERVICE_PORT_8000_TCP=tcp://34.118.236.245:8000$
I0828 01:17:04.085694       1 cloud_config_util.cc:57] STARTUP: env: KIMI_K3_SERVICE_PORT_8000_TCP_PORT=8000$
I0828 01:17:04.085695       1 cloud_config_util.cc:57] STARTUP: env: KUBERNETES_PORT=tcp://34.118.224.1:443$
I0828 01:17:04.085696       1 cloud_config_util.cc:57] STARTUP: env: HOME=/$
I0828 01:17:04.085698       1 cloud_config_util.cc:57] STARTUP: env: CLOUD_TPU_TASK_ID=13$
I0828 01:17:04.085699       1 cloud_config_util.cc:57] STARTUP: env: TPU_PREMAPPED_BUFFER_SIZE=4294967296$
I0828 01:17:04.085701       1 cloud_config_util.cc:57] STARTUP: env: CLOUD_TPU_ACCELERATOR_TYPE=v5p-128$
I0828 01:17:04.085703       1 cloud_config_util.cc:64] STARTUP: config: CloudWorkerAndRmConfig(gcs_scratch_location: , server_port: 29000, node_type: 0, resource_manager_address: dns:///canon-p57-fl-zero-f45w10-96544812-pathways-head-0-0.canon-p57-fl-zero-f45w10-96544812:29001, expected_instances: , tpu_pinned_host_allocation_recycle: 0, enable_gcs_olm: 1, temporary_flags_for_debugging: , chip_config_name: , tpu_premapped_buffer_size: 4294967296)
I0828 01:17:04.086265       1 pipe_transport_registry.cc:45] Determined pipe transport grpc
W0828 01:17:04.086284       1 override_grpc_credentials_real.cc:75] Using MLPathways gRPC server credentials override
I0828 01:17:04.086339       1 config.cc:265] gRPC experiments: xds_server_filter_chain_per_route:off; default-enabled: buffer_list_deletion_prep, cache_loas_context_in_connection_context, call_tracer_send_initial_metadata_is_an_annotation, callv3_batch_validation, callv3_census_client, callv3_census_server, census_global_family_cache, chaotic_good_framing_layer, chaotic_good_send_supported_features, custom_frame_check, directpath_rpc_header_sanitization_filter, event_engine_callback_cq, event_engine_client, event_engine_dns, event_engine_dns_non_client_channel, event_engine_listener, inproc_cancel_stream, message_size_refactoring, monitoring_experiment, optimization_01, optimization_02, optimization_03, optimization_04, ph2_perf_01, promise_batch_cleanup_on_cancel, promise_filter_send_cancel_metadata, subchannel_connection_scaling, tsi_frame_protector_without_locks, wildcard_ip_expansion_restriction
I0828 01:17:04.086467       1 httpserver2_cloud.cc:122] Attempting to start grpc service at [::]:29000
I0828 01:17:04.086586      30 monitoring.cc:47] Starting all registered TSL metrics exporters.
I0828 01:17:04.088248       1 httpserver2_cloud.cc:125] Started grpc service at [::]:29000
I0828 01:17:04.088264       1 pipe_grpc.cc:332] Pipe grpc server listening on [::]:29000
W0828 01:17:04.088269       1 pjrt_tpu_init.cc:65] worker_connected_callback is ignored.
W0828 01:17:04.088273       1 pjrt_tpu_init.cc:69] worker_disconnected_callback is ignored.
I0828 01:17:04.100481       1 device_util.cc:81] Found 4 TPU v5 chips.
I0828 01:17:04.100495       1 tpu_version_flag.cc:77] Using auto-detected TPU version TPU v5
I0828 01:17:04.101857       1 tpu_chip_config.cc:367] Resolved chip config alias megachip_tccontrol->megacore for 2093c6a02, 
I0828 01:17:04.102553       1 pending_event_logger.cc:964] Enabling PjRt/TPU event dependency logging.
I0828 01:17:04.103552     258 flags_util.cc:316] Using 8471 from --2a886c8_slice_builder_worker_port as SliceBuilder worker service port.
I0828 01:17:04.104217     258 tpu_network_factory.cc:62] tpunetd either not supported or disabled, falling back to Slice Builder
I0828 01:17:04.112786     258 init-domain.cc:132] Fiber init: default domain = futex, concurrency = 228, prefix = futex-default
I0828 01:17:04.803491     263 async_driver.cc:477] [/dev/vfio/2 tpu927:pe0:1] vf_id:0 Driver opened.
I0828 01:17:04.827249     260 futex.cc:71] RAW: Futex::Swap(): using GFUTEX_SWAP
I0828 01:17:04.827488     261 async_driver.cc:477] [/dev/vfio/0 tpu927:pe0:2] vf_id:0 Driver opened.
I0828 01:17:04.827906     263 tpu_vxc_driver.cc:935] Throttled firmware queue size configured to 223(Firmware queue size: 256, leaving 32 for misc purposes).
I0828 01:17:04.829231     262 async_driver.cc:477] [/dev/vfio/1 tpu927:pe0:0] vf_id:0 Driver opened.
I0828 01:17:04.844534     261 tpu_vxc_driver.cc:935] Throttled firmware queue size configured to 223(Firmware queue size: 256, leaving 32 for misc purposes).
I0828 01:17:04.846196     262 tpu_vxc_driver.cc:935] Throttled firmware queue size configured to 223(Firmware queue size: 256, leaving 32 for misc purposes).
I0828 01:17:04.848250     263 async_driver.cc:1858] All cores supported.
I0828 01:17:04.851492     261 async_driver.cc:1858] All cores supported.
I0828 01:17:04.852695     262 async_driver.cc:1858] All cores supported.
I0828 01:17:04.901557     264 async_driver.cc:477] [/dev/vfio/3 tpu927:pe0:3] vf_id:0 Driver opened.
I0828 01:17:04.925597     264 tpu_vxc_driver.cc:935] Throttled firmware queue size configured to 223(Firmware queue size: 256, leaving 32 for misc purposes).
I0828 01:17:04.931057     264 async_driver.cc:1858] All cores supported.
I0828 01:17:07.685624     258 tpu_hal.cc:209] Starting premapped memory manager initialization...
W0828 01:17:07.689356     601 libtpu_telemetry_utils.cc:44] Metric already exists: hlo.execution.timing.distribution.microseconds
W0828 01:17:07.689365     602 libtpu_telemetry_utils.cc:44] Metric already exists: hlo.execution.timing.distribution.microseconds
W0828 01:17:07.689375     601 libtpu_telemetry_utils.cc:44] Metric already exists: hlo.queue.size.gauge
W0828 01:17:07.689376     602 libtpu_telemetry_utils.cc:44] Metric already exists: hlo.queue.size.gauge
W0828 01:17:07.689375     603 libtpu_telemetry_utils.cc:44] Metric already exists: hlo.execution.timing.distribution.microseconds
W0828 01:17:07.689390     603 libtpu_telemetry_utils.cc:44] Metric already exists: hlo.queue.size.gauge
W0828 01:17:07.690934     604 libtpu_telemetry_utils.cc:44] Metric already exists: hlo.execution.timing.distribution.microseconds
W0828 01:17:07.690948     604 libtpu_telemetry_utils.cc:44] Metric already exists: hlo.queue.size.gauge
W0828 01:17:07.690994     602 libtpu_telemetry_utils.cc:44] Metric already exists: hlo.execution.timing.distribution.microseconds
W0828 01:17:07.691004     602 libtpu_telemetry_utils.cc:44] Metric already exists: hlo.queue.size.gauge
W0828 01:17:07.691007     601 libtpu_telemetry_utils.cc:44] Metric already exists: hlo.execution.timing.distribution.microseconds
W0828 01:17:07.691011     601 libtpu_telemetry_utils.cc:44] Metric already exists: hlo.queue.size.gauge
W0828 01:17:07.691068     603 libtpu_telemetry_utils.cc:44] Metric already exists: hlo.execution.timing.distribution.microseconds
W0828 01:17:07.691090     603 libtpu_telemetry_utils.cc:44] Metric already exists: hlo.queue.size.gauge
I0828 01:17:08.454080     258 runtime_metric_service.cc:197] Successfully started Runtime Metric Service on port: 8431
I0828 01:17:08.454256     258 system.cc:1087] tpu::System initialized, current host id: 13, logical device ids: 50,51,54,55
I0828 01:17:08.454297       1 tpu_system_state.cc:224] CreateTpuSystemState: TPU initialization is successful and it took 4.351735707s
I0828 01:17:08.454313       1 tpu_system_state.cc:228] CreateTpuSystemState: using TPU host premapped buffer of size: 4294967296
I0828 01:17:08.454319       1 tpu_host_allocator.cc:68] Premapped buffer is using alignment 64
I0828 01:17:08.454344     677 tpu_diagnostic_coordinator.cc:610] TpuDiagnosticCoordinator listening on socket /tmp/tpu_diag_trigger_1.socket (symlinked at /tmp/tpu_diag_latest.socket)
I0828 01:17:08.454725       1 tpu_linearizer.cc:104] Inflight linearization byte limit configured to : 1099511627776
I0828 01:17:08.454731       1 tpu_linearizer.cc:118] Inflight delinearization byte limit configured to : 1099511627776
I0828 01:17:08.454956       1 allocator_stats_reporter.cc:117] Starting AllocatorStats Reporter with reporting interval: 5s
I0828 01:17:08.455233       1 pjrt_c_api_client.cc:187] PjRtCApiClient created.
I0828 01:17:08.455239       1 server_lib.cc:2229] Dispatching compilation of PSI exchange program
I0828 01:17:08.455254       1 watch_dog.cc:26] Creating thread: PwWatchDog_9638028378209493103 for WatchDog: Timebomb for initial consensus program
I0828 01:17:08.457933       1 2a886c8_compiler_hlo_passes.cc:6336] XLA::TPU running hlo passes for 2 instructions, module: psi_info_exchange.1
I0828 01:17:08.457954       1 2a886c8_compiler_hlo_passes.cc:6381] Initial HLO module: psi_info_exchange.1 instructions: 2 fingerprint: 
I0828 01:17:08.458398       1 2a886c8_compiler_hlo_passes.cc:6445] HLO optimizing module: psi_info_exchange.1 instructions: 2
I0828 01:17:08.458403       1 2a886c8_compiler_hlo_passes.cc:6459] XLA::TPU HLO optimization
I0828 01:17:08.460269     688 tpu_layout_assignment.cc:4245] Ran 2 additional passes of layout assignment to assign all layouts.
I0828 01:17:08.460473       1 2a886c8_compiler_hlo_passes.cc:6248] xla_tpu_impure_hlo_parallel_compile is DISABLED. psi_info_exchange.1
I0828 01:17:08.462343       1 2a886c8_compiler_hlo_passes.cc:5327] XLA::TPU HLO PostOptimizationPipeline
I0828 01:17:08.463167       1 tpu_plumb_vmem_info.cc:668] scavenging_mode: 0 for module: psi_info_exchange.1
I0828 01:17:08.463244       1 2a886c8_compiler_hlo_passes.cc:6532] HLO_PASSES stage duration: 5.2892485ms
I0828 01:17:08.467216     671 tpu_chip_config.cc:367] Resolved chip config alias megachip_tccontrol->megacore for 2093c6a02, 
I0828 01:17:08.468031     671 memory_space_assignment_util.cc:621] MSA Vmem breakdown: default scoped vmem (from flag): 16777216; does_msa_directly_allocate_scoped_vmem: F; bytes_for_msa_to_allocate: 50266112
I0828 01:17:08.486778     690 2a886c8_compiler_base.cc:4059] BACKEND_PASSES stage duration: 19.621054ms
I0828 01:17:08.488632     690 2a886c8_compiler_backend.cc:1776] final program bundle count: 1,043 note this count does not reflect cycles spent executing delays.
I0828 01:17:08.494717     690 2a886c8_compiler_backend.cc:1968] Program divided into 2 overlays without HLO functions (102.0K).
I0828 01:17:08.494791     690 2a886c8_compiler_backend.cc:2134] XLA::TPU module name: psi_info_exchange.1
I0828 01:17:08.494795     690 2a886c8_compiler_backend.cc:2136] XLA::TPU program HBM usage: 183.0K / 95.73G
I0828 01:17:08.494797     690 2a886c8_compiler_backend.cc:2143] Note that --xla_tpu_max_hbm_size_mib is not specified. This means that the compiler may use up all available HBM, possibly prioritizing other metrics (latency, compile-time, ..) over memory usage. To reduce memory usage, set --xla_tpu_max_hbm_size_mib to a smaller value.
I0828 01:17:08.494799     690 2a886c8_compiler_backend.cc:2177] XLA::TPU program VMEM usage: 166.5K / 64.00M
I0828 01:17:08.494808     690 2a886c8_compiler_backend.cc:2188] Total hbm usage >= 279.21M:
    reserved        279.03M 
    program          183.0K 
    arguments          512B 

Output size 6.0K; shares 0B with arguments.

Total host usage >= 0B:
    reserved             0B 
    program         unknown size 
    arguments            0B 

Output size 0B; shares 0B with arguments.

I0828 01:17:08.494822     690 2a886c8_compiler_backend.cc:2192] Program sflag requirement 300B:
    reserved           204B
    scoped              92B
    HLO temp             4B (100.0% utilization: Unpadded (4B) Padded (4B), 0.0% fragmentation (0B))
Program sparse_core_sequencer_sflag requirement 36B:
    reserved            36B
Program sparse_core_tile_sflag requirement 4B:
    reserved             4B
Program sparse_core_sequencer_smem requirement 64B:
    reserved            64B
Program sparse_core_tile_smem requirement 0B:
Program hbm requirement 183.0K:
    global            33.0K
    HLO temp          48.0K (9.5% utilization: Unpadded (3.0K) Padded (32.0K), 33.3% fragmentation (16.0K))
    overlays         102.0K
Program vmem requirement 166.5K:
    scoped           166.0K
    HLO temp           512B (0.0% utilization: Unpadded (0B) Padded (0B), 100.0% fragmentation (512B))
Program smem requirement 264B:
    global               4B
    scoped             260B
Program host requirement 0B:
I0828 01:17:08.494825     690 2a886c8_compiler_backend.cc:2200] XLA::TPU program SMEM usage: 2.1K / 1.00M (1 parameters)
I0828 01:17:08.494834     690 2a886c8_compiler_backend.cc:1472] CODE_GENERATION stage duration: 8.01310025ms
I0828 01:17:08.495376     690 isa_program_util_common.cc:373] (HLO module psi_info_exchange.1): Executable fingerprint:893e9e20d5ae160c7be6d81fd596ec73c1cabe1940b3c273861ec36b26fbeb3a
I0828 01:17:08.495379     690 isa_program_util_common.cc:377] (HLO module psi_info_exchange.1): Executable fingerprint (including data segments):75664ae48d4b52bd2da19a4f3a6af5c80210481094276e70a5455e382d1b95dc
I0828 01:17:08.495381     690 isa_program_util_common.cc:380] (HLO module psi_info_exchange.1): Host transfer fingerprint:e3b0c44298fc1c149afbf4c8996fb92427ae41e4649b934ca495991b7852b855
I0828 01:17:08.495566       1 2a886c8_compiler_base.cc:1019] END_TO_END stage duration: 37.74564425ms
I0828 01:17:08.495577       1 2a886c8_compiler_base.cc:1020] Note that END_TO_END duration also includes time outside of HLO_PASSES, BACKEND_PASSES, and CODE_GENERATION
I0828 01:17:08.495885       1 server_lib.cc:2235] Done compilation of PSI exchange program: OK took 40.644441ms
I0828 01:17:08.495893       1 job_info_impl_cloud.cc:177] Not running on Google or testing cloud: CreateCloudJobInfoImpl
I0828 01:17:08.495906       1 psi_consensus_preflight.cc:342] Starting execution of psi_info_exchange.1
I0828 01:17:08.496657       1 psi_consensus_preflight.cc:357] Finished dispatching psi_info_exchange.1
I0828 01:17:08.515576       1 psi_consensus_preflight.cc:365] Finished execution of psi_info_exchange.1
I0828 01:17:08.515656     687 watch_dog.cc:58] WatchDog Timebomb for initial consensus program shutdown
I0828 01:17:08.515846       1 psi_consensus_preflight.cc:417] Using per-slice-instance JobId 6408541556418313203 instead of just borg job id 0
I0828 01:17:08.550944       1 tpu_chip_config.cc:367] Resolved chip config alias megachip_tccontrol->megacore for 2093c6a02, 
I0828 01:17:08.551908       1 server_lib.cc:1172] TPU Device with core coordinates: 3x1x3_TC0 is on host: gke-tpu-3a97861b-1vp4
I0828 01:17:08.551917       1 server_lib.cc:1172] TPU Device with core coordinates: 2x1x3_TC0 is on host: gke-tpu-3a97861b-1vp4
I0828 01:17:08.551919       1 server_lib.cc:1172] TPU Device with core coordinates: 2x0x3_TC0 is on host: gke-tpu-3a97861b-1vp4
I0828 01:17:08.551921       1 server_lib.cc:1172] TPU Device with core coordinates: 3x0x3_TC0 is on host: gke-tpu-3a97861b-1vp4
I0828 01:17:08.558706       1 rpc_transport.cc:1602] grpc: Creating RpcTransport at 10.164.0.137:52979 with 8 channels per destination and a limit of 8192 concurrent send channels
I0828 01:17:08.564159       1 object_manager.cc:617] Initializing BufferStore device 115
I0828 01:17:08.564167       1 object_manager.cc:617] Initializing BufferStore device 51
I0828 01:17:08.564169       1 object_manager.cc:617] Initializing BufferStore device 50
I0828 01:17:08.564174       1 object_manager.cc:617] Initializing BufferStore device 54
I0828 01:17:08.564175       1 object_manager.cc:617] Initializing BufferStore device 114
I0828 01:17:08.564176       1 object_manager.cc:617] Initializing BufferStore device 118
I0828 01:17:08.564177       1 object_manager.cc:617] Initializing BufferStore device 55
I0828 01:17:08.564178       1 object_manager.cc:617] Initializing BufferStore device 141
I0828 01:17:08.564179       1 object_manager.cc:617] Initializing BufferStore device 119
I0828 01:17:08.564663       1 preemption_util.cc:46] Registering cloud preemption handler.
I0828 01:17:08.564892       1 server_lib.cc:1479] Server starting up, with http listen address '10.164.0.137:29000' and config.job.resolved_address 'canon-p57-fl-zero-f45w10-96544812-pathways-worker-0-13.canon-p57-fl-zero-f45w10-96544812:29000'
I0828 01:17:08.565535       1 server_status_pages_noop.cc:9] ExportServerStatusPages is a no-op.
I0828 01:17:08.565540       1 server_lib.cc:1581] Pathways Server serving on 10.164.0.137:29000
W0828 01:17:08.565684       1 httpserver2_cloud.cc:175] Skipping RedirectRootToStatusz as it is not supported yet.
I0828 01:17:08.565690       1 httpserver2_cloud.cc:56] WaitForTermination
I0828 01:17:08.581683     828 worker_message_distributor.cc:601] Creating send thread LocalSender_at_6408541556418313203_13 for local worker op dispatcher
I0828 01:17:08.581696     828 worker_message_distributor.cc:1985] Configuring distributor for 1 workers at 6408541556418313203: next_hops_per_sender=1 (split_threshold=256)
I0828 01:17:08.581702     828 worker_message_distributor.cc:2057] Configured distributor for 0 remote endpoints
I0828 01:17:08.581698     762 worker_message_distributor.cc:1046] Starting send thread LocalSender_at_6408541556418313203_13
I0828 01:17:08.582026     762 persistent_compilation_cache.cc:446] Created persistent cache from location go/debugstr   
storage_type: GCS
path: "gs://yuxzhang-tunix-models/tmp/canon-zero-tim/p33/canon-p57-fl-zero-f45w10-96544812/compilation_cache/default"
num_shards: 1
name: "default"
ttl {
  seconds: 259200
}
I0828 01:17:08.584848     762 persistent_compilation_cache.cc:455] Using compressor 'zstd=1' to compress persistent compilation cache entries
I0828 01:20:17.570907     762 server_lib.cc:1923] Initializing placement go/debugstr   
placement_id: 3540490082203073296
dset_id: 7647257455777884003
client_ids: 7647257455777883041
I0828 01:20:17.571168     762 sidecar_registry.cc:58] Creating sidecar 'xprof'
I0828 01:27:09.895035     721 server_lib.cc:1855] Attempting to load component jit_stage.1182302940440487541 @ 0 at worker after 1.559327ms (proto size 2382)
I0828 01:27:10.123125     755 server_lib.cc:1855] Attempting to load component jit__threefry_seed.4603114223327848373 @ 0 at worker after 976.537us (proto size 2409)
I0828 01:27:10.135286    1310 tpu_chip_config.cc:367] Resolved chip config alias megachip_tccontrol->megacore for 2093c6a02, 
I0828 01:27:10.137273    1310 tpu_chip_config.cc:367] Resolved chip config alias megachip_tccontrol->megacore for 2093c6a02, 
I0828 01:27:10.138229    1310 xla_compilation_cache.cc:113] XLA compilation cache fetch for computation 'jit_stage' (key 83c15331012ef991) took 243.212678ms: PERSISTENT_FETCH
I0828 01:27:10.350811    1309 tpu_chip_config.cc:367] Resolved chip config alias megachip_tccontrol->megacore for 2093c6a02, 
I0828 01:27:10.352491    1309 tpu_chip_config.cc:367] Resolved chip config alias megachip_tccontrol->megacore for 2093c6a02, 
I0828 01:27:10.353404    1309 xla_compilation_cache.cc:113] XLA compilation cache fetch for computation 'jit__threefry_seed' (key 6d038df1de0e7d78) took 230.289119ms: PERSISTENT_FETCH
I0828 01:27:10.371464     721 server_lib.cc:1855] Attempting to load component jit__generate_dummy_weights_kernel.1182302940440487360 @ 0 at worker after 1.16855ms (proto size 2456)
I0828 01:27:12.285259     755 server_lib.cc:1855] Attempting to load component jit__identity_fn.4603114223327849512 @ 0 at worker after 1.084429ms (proto size 2426)
I0828 01:27:12.310243    1309 tpu_chip_config.cc:367] Resolved chip config alias megachip_tccontrol->megacore for 2093c6a02, 
I0828 01:27:12.312281    1309 tpu_chip_config.cc:367] Resolved chip config alias megachip_tccontrol->megacore for 2093c6a02, 
I0828 01:27:12.313789    1309 xla_compilation_cache.cc:113] XLA compilation cache fetch for computation 'jit__generate_dummy_weights_kernel' (key 5209253d8ba56adb) took 1.942333576s: PERSISTENT_FETCH
I0828 01:27:12.587093    1310 tpu_chip_config.cc:367] Resolved chip config alias megachip_tccontrol->megacore for 2093c6a02, 
I0828 01:27:12.588656    1310 tpu_chip_config.cc:367] Resolved chip config alias megachip_tccontrol->megacore for 2093c6a02, 
I0828 01:27:12.589438    1310 xla_compilation_cache.cc:113] XLA compilation cache fetch for computation 'jit__identity_fn' (key 73c0e6511de7bd45) took 304.189559ms: PERSISTENT_FETCH
I0828 01:27:12.603767     713 server_lib.cc:1855] Attempting to load component jit__generate_dummy_weights_kernel.1182302940440488484 @ 0 at worker after 1.048832ms (proto size 2456)
I0828 01:27:15.355734    1928 server_lib.cc:1855] Attempting to load component jit__identity_fn.4603114223327846555 @ 0 at worker after 1.008619ms (proto size 2426)
I0828 01:27:15.372950    1310 tpu_chip_config.cc:367] Resolved chip config alias megachip_tccontrol->megacore for 2093c6a02, 
I0828 01:27:15.374954    1310 tpu_chip_config.cc:367] Resolved chip config alias megachip_tccontrol->megacore for 2093c6a02, 
I0828 01:27:15.376363    1310 xla_compilation_cache.cc:113] XLA compilation cache fetch for computation 'jit__generate_dummy_weights_kernel' (key 1b8e338b0ce3bbfe) took 2.772603418s: PERSISTENT_FETCH
I0828 01:27:15.670314    1309 tpu_chip_config.cc:367] Resolved chip config alias megachip_tccontrol->megacore for 2093c6a02, 
I0828 01:27:15.671914    1309 tpu_chip_config.cc:367] Resolved chip config alias megachip_tccontrol->megacore for 2093c6a02, 
I0828 01:27:15.672674    1309 xla_compilation_cache.cc:113] XLA compilation cache fetch for computation 'jit__identity_fn' (key 7f60c111408dd9eb) took 316.949518ms: PERSISTENT_FETCH
I0828 01:27:21.668902    1939 server_lib.cc:1855] Attempting to load component jit__generate_dummy_weights_kernel.5734983100396399931 @ 0 at worker after 3.504156ms (proto size 2451)
I0828 01:27:21.965632    1939 server_lib.cc:1855] Attempting to load component jit__identity_fn.12199592962835258961 @ 0 at worker after 2.867756ms (proto size 2417)
I0828 01:27:21.985958    1309 tpu_chip_config.cc:367] Resolved chip config alias megachip_tccontrol->megacore for 2093c6a02, 
I0828 01:27:21.987758    1309 tpu_chip_config.cc:367] Resolved chip config alias megachip_tccontrol->megacore for 2093c6a02, 
I0828 01:27:21.989044    1309 xla_compilation_cache.cc:113] XLA compilation cache fetch for computation 'jit__generate_dummy_weights_kernel' (key f91ad6bc5fa5a293) took 320.15474ms: PERSISTENT_FETCH
I0828 01:27:22.230325    1310 tpu_chip_config.cc:367] Resolved chip config alias megachip_tccontrol->megacore for 2093c6a02, 
I0828 01:27:22.232001    1310 tpu_chip_config.cc:367] Resolved chip config alias megachip_tccontrol->megacore for 2093c6a02, 
I0828 01:27:22.232840    1310 xla_compilation_cache.cc:113] XLA compilation cache fetch for computation 'jit__identity_fn' (key f84d675e12ac2f75) took 267.221663ms: PERSISTENT_FETCH
I0828 01:27:22.309134     755 server_lib.cc:1855] Attempting to load component jit__generate_dummy_weights_kernel.5734983100396400479 @ 0 at worker after 1.263151ms (proto size 2455)
I0828 01:27:23.070170     755 server_lib.cc:1855] Attempting to load component jit__identity_fn.12199592962835258452 @ 0 at worker after 1.239531ms (proto size 2424)
I0828 01:27:23.091949    1310 tpu_chip_config.cc:367] Resolved chip config alias megachip_tccontrol->megacore for 2093c6a02, 
I0828 01:27:23.094036    1310 tpu_chip_config.cc:367] Resolved chip config alias megachip_tccontrol->megacore for 2093c6a02, 
I0828 01:27:23.095492    1310 xla_compilation_cache.cc:113] XLA compilation cache fetch for computation 'jit__generate_dummy_weights_kernel' (key 981da1a85e6889e9) took 786.366794ms: PERSISTENT_FETCH
I0828 01:27:23.365958    1309 tpu_chip_config.cc:367] Resolved chip config alias megachip_tccontrol->megacore for 2093c6a02, 
I0828 01:27:23.367624    1309 tpu_chip_config.cc:367] Resolved chip config alias megachip_tccontrol->megacore for 2093c6a02, 
I0828 01:27:23.368745    1309 xla_compilation_cache.cc:113] XLA compilation cache fetch for computation 'jit__identity_fn' (key f67e1c879650234) took 298.589333ms: PERSISTENT_FETCH
I0828 01:27:23.879993     721 server_lib.cc:1855] Attempting to load component jit__generate_dummy_weights_kernel.12199592962835256408 @ 0 at worker after 81.083861ms (proto size 2456)
I0828 01:27:24.643308    1939 server_lib.cc:1855] Attempting to load component jit__identity_fn.927922527692928068 @ 0 at worker after 1.074316ms (proto size 2423)
I0828 01:27:24.666013    1309 tpu_chip_config.cc:367] Resolved chip config alias megachip_tccontrol->megacore for 2093c6a02, 
I0828 01:27:24.667873    1309 tpu_chip_config.cc:367] Resolved chip config alias megachip_tccontrol->megacore for 2093c6a02, 
I0828 01:27:24.669324    1309 xla_compilation_cache.cc:113] XLA compilation cache fetch for computation 'jit__generate_dummy_weights_kernel' (key 4fef04fbac84fc15) took 789.342634ms: PERSISTENT_FETCH
I0828 01:27:24.912802    1310 tpu_chip_config.cc:367] Resolved chip config alias megachip_tccontrol->megacore for 2093c6a02, 
I0828 01:27:24.914368    1310 tpu_chip_config.cc:367] Resolved chip config alias megachip_tccontrol->megacore for 2093c6a02, 
I0828 01:27:24.915209    1310 xla_compilation_cache.cc:113] XLA compilation cache fetch for computation 'jit__identity_fn' (key 5c00628241b2c668) took 271.910439ms: PERSISTENT_FETCH
I0828 01:27:26.579383    1932 server_lib.cc:1855] Attempting to load component jit__generate_dummy_weights_kernel.934836157317376361 @ 0 at worker after 2.931701ms (proto size 2449)
I0828 01:27:26.846658    1932 server_lib.cc:1855] Attempting to load component jit__identity_fn.4603114223327847694 @ 0 at worker after 916.359us (proto size 2415)
I0828 01:27:26.860553    1310 tpu_chip_config.cc:367] Resolved chip config alias megachip_tccontrol->megacore for 2093c6a02, 
I0828 01:27:26.862272    1310 tpu_chip_config.cc:367] Resolved chip config alias megachip_tccontrol->megacore for 2093c6a02, 
I0828 01:27:26.863566    1310 xla_compilation_cache.cc:113] XLA compilation cache fetch for computation 'jit__generate_dummy_weights_kernel' (key 185fbfb2f63b33f) took 284.195269ms: PERSISTENT_FETCH
I0828 01:27:27.059940    1309 tpu_chip_config.cc:367] Resolved chip config alias megachip_tccontrol->megacore for 2093c6a02, 
I0828 01:27:27.061536    1309 tpu_chip_config.cc:367] Resolved chip config alias megachip_tccontrol->megacore for 2093c6a02, 
I0828 01:27:27.062322    1309 xla_compilation_cache.cc:113] XLA compilation cache fetch for computation 'jit__identity_fn' (key b3249a0c70d8aca) took 215.671547ms: PERSISTENT_FETCH
I0828 01:27:27.070959     721 server_lib.cc:1855] Attempting to load component jit__generate_dummy_weights_kernel.934836157317376165 @ 0 at worker after 950.298us (proto size 2457)
I0828 01:27:27.883316     721 server_lib.cc:1855] Attempting to load component jit__identity_fn.4603114223327848833 @ 0 at worker after 945.461us (proto size 2430)
I0828 01:27:27.905434    1309 tpu_chip_config.cc:367] Resolved chip config alias megachip_tccontrol->megacore for 2093c6a02, 
I0828 01:27:27.907003    1309 tpu_chip_config.cc:367] Resolved chip config alias megachip_tccontrol->megacore for 2093c6a02, 
I0828 01:27:27.908398    1309 xla_compilation_cache.cc:113] XLA compilation cache fetch for computation 'jit__generate_dummy_weights_kernel' (key 8c6275e7a6764211) took 837.451094ms: PERSISTENT_FETCH
I0828 01:27:28.131908    1310 tpu_chip_config.cc:367] Resolved chip config alias megachip_tccontrol->megacore for 2093c6a02, 
I0828 01:27:28.133401    1310 tpu_chip_config.cc:367] Resolved chip config alias megachip_tccontrol->megacore for 2093c6a02, 
I0828 01:27:28.134155    1310 xla_compilation_cache.cc:113] XLA compilation cache fetch for computation 'jit__identity_fn' (key d22f885db409d994) took 250.844677ms: PERSISTENT_FETCH
I0828 01:27:28.308290     713 server_lib.cc:1855] Attempting to load component jit__generate_dummy_weights_kernel.6352734331901558599 @ 0 at worker after 1.052358ms (proto size 2458)
I0828 01:27:29.303804     713 server_lib.cc:1855] Attempting to load component jit__identity_fn.12947613028601668327 @ 0 at worker after 896.766us (proto size 2431)
I0828 01:27:29.328438    1310 tpu_chip_config.cc:367] Resolved chip config alias megachip_tccontrol->megacore for 2093c6a02, 
I0828 01:27:29.330230    1310 tpu_chip_config.cc:367] Resolved chip config alias megachip_tccontrol->megacore for 2093c6a02, 
I0828 01:27:29.331703    1310 xla_compilation_cache.cc:113] XLA compilation cache fetch for computation 'jit__generate_dummy_weights_kernel' (key 1f4016e9876dc267) took 1.023419665s: PERSISTENT_FETCH
I0828 01:27:29.560033    1309 tpu_chip_config.cc:367] Resolved chip config alias megachip_tccontrol->megacore for 2093c6a02, 
I0828 01:27:29.561546    1309 tpu_chip_config.cc:367] Resolved chip config alias megachip_tccontrol->megacore for 2093c6a02, 
I0828 01:27:29.562339    1309 xla_compilation_cache.cc:113] XLA compilation cache fetch for computation 'jit__identity_fn' (key 6b48b0d1b914aaef) took 258.544451ms: PERSISTENT_FETCH
I0828 01:27:29.721593    1928 server_lib.cc:1855] Attempting to load component jit__generate_dummy_weights_kernel.196317131024093280 @ 0 at worker after 1.03766ms (proto size 2457)
I0828 01:27:31.025963    1928 server_lib.cc:1855] Attempting to load component jit__identity_fn.6352734331901558078 @ 0 at worker after 984.884us (proto size 2430)
I0828 01:27:31.038040    1309 tpu_chip_config.cc:367] Resolved chip config alias megachip_tccontrol->megacore for 2093c6a02, 
I0828 01:27:31.039974    1309 tpu_chip_config.cc:367] Resolved chip config alias megachip_tccontrol->megacore for 2093c6a02, 
I0828 01:27:31.041430    1309 xla_compilation_cache.cc:113] XLA compilation cache fetch for computation 'jit__generate_dummy_weights_kernel' (key f5d0a0a25fa60832) took 1.319844155s: PERSISTENT_FETCH
I0828 01:27:31.291784    1310 tpu_chip_config.cc:367] Resolved chip config alias megachip_tccontrol->megacore for 2093c6a02, 
I0828 01:27:31.293295    1310 tpu_chip_config.cc:367] Resolved chip config alias megachip_tccontrol->megacore for 2093c6a02, 
I0828 01:27:31.294095    1310 xla_compilation_cache.cc:113] XLA compilation cache fetch for computation 'jit__identity_fn' (key 23d76feeb1805f52) took 268.139532ms: PERSISTENT_FETCH
I0828 01:28:54.177140    1837 server_lib.cc:1855] Attempting to load component jit_create_jit_model.934836157317377914 @ 0 at worker after 2.079969ms (proto size 22715)
I0828 01:28:55.333456    1310 tpu_chip_config.cc:367] Resolved chip config alias megachip_tccontrol->megacore for 2093c6a02, 
I0828 01:28:55.335490    1310 tpu_chip_config.cc:367] Resolved chip config alias megachip_tccontrol->megacore for 2093c6a02, 
I0828 01:28:55.339220    1310 xla_compilation_cache.cc:113] XLA compilation cache fetch for computation 'jit_create_jit_model' (key 88c011f9e69845d2) took 1.162091225s: PERSISTENT_FETCH
W0828 01:28:56.089142     236 override_grpc_credentials_real.cc:88] Using MLPathways gRPC client credentials override
I0828 01:28:56.173068     762 worker_op_dispatcher.cc:4605] Component is not loaded yet; deferring unload until load completes: jit__generate_dummy_weights_kernel.934836157317376361 @ 0
I0828 01:28:56.173119    1513 server_lib.cc:743] Unloading component jit__generate_dummy_weights_kernel.934836157317376361 @ 0 at worker
I0828 01:28:56.173371     762 worker_op_dispatcher.cc:4605] Component is not loaded yet; deferring unload until load completes: jit__identity_fn.12199592962835258452 @ 0
I0828 01:28:56.173386     762 worker_op_dispatcher.cc:4605] Component is not loaded yet; deferring unload until load completes: jit__generate_dummy_weights_kernel.196317131024093280 @ 0
I0828 01:28:56.173395     762 worker_op_dispatcher.cc:4605] Component is not loaded yet; deferring unload until load completes: jit__identity_fn.4603114223327847694 @ 0
I0828 01:28:56.173403     762 worker_op_dispatcher.cc:4605] Component is not loaded yet; deferring unload until load completes: jit__identity_fn.12947613028601668327 @ 0
I0828 01:28:56.173413    1512 server_lib.cc:743] Unloading component jit__identity_fn.12199592962835258452 @ 0 at worker
I0828 01:28:56.173440    1511 server_lib.cc:743] Unloading component jit__generate_dummy_weights_kernel.196317131024093280 @ 0 at worker
I0828 01:28:56.173429    1514 server_lib.cc:743] Unloading component jit__identity_fn.4603114223327847694 @ 0 at worker
I0828 01:28:56.173453    1513 server_lib.cc:743] Unloading component jit__identity_fn.12947613028601668327 @ 0 at worker
I0828 01:28:56.173618     762 worker_op_dispatcher.cc:4605] Component is not loaded yet; deferring unload until load completes: jit_stage.1182302940440487541 @ 0
I0828 01:28:56.173632     762 worker_op_dispatcher.cc:4605] Component is not loaded yet; deferring unload until load completes: jit__generate_dummy_weights_kernel.5734983100396400479 @ 0
I0828 01:28:56.173656    1512 server_lib.cc:743] Unloading component jit_stage.1182302940440487541 @ 0 at worker
I0828 01:28:56.173659    1511 server_lib.cc:743] Unloading component jit__generate_dummy_weights_kernel.5734983100396400479 @ 0 at worker
I0828 01:28:56.173910     762 worker_op_dispatcher.cc:4605] Component is not loaded yet; deferring unload until load completes: jit__generate_dummy_weights_kernel.1182302940440488484 @ 0
I0828 01:28:56.173923     762 worker_op_dispatcher.cc:4605] Component is not loaded yet; deferring unload until load completes: jit__generate_dummy_weights_kernel.5734983100396399931 @ 0
I0828 01:28:56.173946    1511 server_lib.cc:743] Unloading component jit__generate_dummy_weights_kernel.1182302940440488484 @ 0 at worker
I0828 01:28:56.173953    1512 server_lib.cc:743] Unloading component jit__generate_dummy_weights_kernel.5734983100396399931 @ 0 at worker
I0828 01:28:56.174205     762 worker_op_dispatcher.cc:4605] Component is not loaded yet; deferring unload until load completes: jit__generate_dummy_weights_kernel.12199592962835256408 @ 0
I0828 01:28:56.174218     762 worker_op_dispatcher.cc:4605] Component is not loaded yet; deferring unload until load completes: jit__generate_dummy_weights_kernel.1182302940440487360 @ 0
I0828 01:28:56.174225     762 worker_op_dispatcher.cc:4605] Component is not loaded yet; deferring unload until load completes: jit__generate_dummy_weights_kernel.934836157317376165 @ 0
I0828 01:28:56.174232     762 worker_op_dispatcher.cc:4605] Component is not loaded yet; deferring unload until load completes: jit__identity_fn.4603114223327849512 @ 0
I0828 01:28:56.174241     762 worker_op_dispatcher.cc:4605] Component is not loaded yet; deferring unload until load completes: jit__identity_fn.927922527692928068 @ 0
I0828 01:28:56.174249    1514 server_lib.cc:743] Unloading component jit__generate_dummy_weights_kernel.934836157317376165 @ 0 at worker
I0828 01:28:56.174256    1511 server_lib.cc:743] Unloading component jit__generate_dummy_weights_kernel.1182302940440487360 @ 0 at worker
I0828 01:28:56.174247    1516 server_lib.cc:743] Unloading component jit__generate_dummy_weights_kernel.12199592962835256408 @ 0 at worker
I0828 01:28:56.174252     762 worker_op_dispatcher.cc:4605] Component is not loaded yet; deferring unload until load completes: jit__identity_fn.4603114223327846555 @ 0
I0828 01:28:56.174277    1518 server_lib.cc:743] Unloading component jit__identity_fn.4603114223327849512 @ 0 at worker
I0828 01:28:56.174288    1519 server_lib.cc:743] Unloading component jit__identity_fn.4603114223327846555 @ 0 at worker
I0828 01:28:56.174305     762 worker_op_dispatcher.cc:4605] Component is not loaded yet; deferring unload until load completes: jit__identity_fn.4603114223327848833 @ 0
I0828 01:28:56.174309    1508 server_lib.cc:743] Unloading component jit__identity_fn.927922527692928068 @ 0 at worker
I0828 01:28:56.174327    1519 server_lib.cc:743] Unloading component jit__identity_fn.4603114223327848833 @ 0 at worker
I0828 01:28:56.174319     762 worker_op_dispatcher.cc:4605] Component is not loaded yet; deferring unload until load completes: jit__identity_fn.12199592962835258961 @ 0
I0828 01:28:56.174359    1508 server_lib.cc:743] Unloading component jit__identity_fn.12199592962835258961 @ 0 at worker
I0828 01:28:56.174364     762 worker_op_dispatcher.cc:4605] Component is not loaded yet; deferring unload until load completes: jit__identity_fn.6352734331901558078 @ 0
I0828 01:28:56.174375     762 worker_op_dispatcher.cc:4605] Component is not loaded yet; deferring unload until load completes: jit__threefry_seed.4603114223327848373 @ 0
I0828 01:28:56.174383     762 worker_op_dispatcher.cc:4605] Component is not loaded yet; deferring unload until load completes: jit__generate_dummy_weights_kernel.6352734331901558599 @ 0
I0828 01:28:56.174391    1518 server_lib.cc:743] Unloading component jit__threefry_seed.4603114223327848373 @ 0 at worker
I0828 01:28:56.174399    1513 server_lib.cc:743] Unloading component jit__generate_dummy_weights_kernel.6352734331901558599 @ 0 at worker
I0828 01:28:56.174392    1517 server_lib.cc:743] Unloading component jit__identity_fn.6352734331901558078 @ 0 at worker
I0828 01:28:56.373468     762 worker_op_dispatcher.cc:4605] Component is not loaded yet; deferring unload until load completes: jit_create_jit_model.934836157317377914 @ 0
I0828 01:28:56.373518    1513 server_lib.cc:743] Unloading component jit_create_jit_model.934836157317377914 @ 0 at worker
I0828 01:28:58.720333     713 server_lib.cc:1855] Attempting to load component jit_sample.934836157317377326 @ 0 at worker after 1.134892ms (proto size 2532)
I0828 01:29:03.331652    1310 tpu_chip_config.cc:367] Resolved chip config alias megachip_tccontrol->megacore for 2093c6a02, 
I0828 01:29:03.333905    1310 tpu_chip_config.cc:367] Resolved chip config alias megachip_tccontrol->megacore for 2093c6a02, 
I0828 01:29:03.336415    1310 xla_compilation_cache.cc:113] XLA compilation cache fetch for computation 'jit_sample' (key 8ca65ded2b632890) took 4.616093404s: PERSISTENT_FETCH
I0828 01:29:03.571861     759 server_lib.cc:1855] Attempting to load component jit_sample.196317131024095001 @ 0 at worker after 1.067081ms (proto size 2532)
I0828 01:29:08.061016     720 server_lib.cc:1855] Attempting to load component jit_sample.927922527692929671 @ 0 at worker after 1.005335ms (proto size 2451)
I0828 01:29:08.067341    1310 tpu_chip_config.cc:367] Resolved chip config alias megachip_tccontrol->megacore for 2093c6a02, 
I0828 01:29:08.069934    1310 tpu_chip_config.cc:367] Resolved chip config alias megachip_tccontrol->megacore for 2093c6a02, 
I0828 01:29:08.072325    1310 xla_compilation_cache.cc:113] XLA compilation cache fetch for computation 'jit_sample' (key f0f8eeaade6ee0d0) took 4.500473758s: PERSISTENT_FETCH
I0828 01:29:08.364871    1309 tpu_chip_config.cc:367] Resolved chip config alias megachip_tccontrol->megacore for 2093c6a02, 
I0828 01:29:08.366570    1309 tpu_chip_config.cc:367] Resolved chip config alias megachip_tccontrol->megacore for 2093c6a02, 
I0828 01:29:08.367698    1309 xla_compilation_cache.cc:113] XLA compilation cache fetch for computation 'jit_sample' (key 8bbe81b54df65ed4) took 306.692658ms: PERSISTENT_FETCH
I0828 01:29:08.369195    1837 server_lib.cc:1855] Attempting to load component jit_sample.196317131024094005 @ 0 at worker after 986.109us (proto size 2451)
I0828 01:29:08.667396    1309 tpu_chip_config.cc:367] Resolved chip config alias megachip_tccontrol->megacore for 2093c6a02, 
I0828 01:29:08.668912    1309 tpu_chip_config.cc:367] Resolved chip config alias megachip_tccontrol->megacore for 2093c6a02, 
I0828 01:29:08.669959    1309 xla_compilation_cache.cc:113] XLA compilation cache fetch for computation 'jit_sample' (key f3af4f358579ccdb) took 300.774343ms: PERSISTENT_FETCH
I0828 01:29:09.562394     733 server_lib.cc:1855] Attempting to load component jit_sample.934836157317377321 @ 0 at worker after 1.014929ms (proto size 2532)
I0828 01:29:11.308249    1309 tpu_chip_config.cc:367] Resolved chip config alias megachip_tccontrol->megacore for 2093c6a02, 
I0828 01:29:11.310745    1309 tpu_chip_config.cc:367] Resolved chip config alias megachip_tccontrol->megacore for 2093c6a02, 
I0828 01:29:11.313111    1309 xla_compilation_cache.cc:113] XLA compilation cache fetch for computation 'jit_sample' (key b812dc6371933ca3) took 1.750724503s: PERSISTENT_FETCH
I0828 01:29:11.381486     713 server_lib.cc:1855] Attempting to load component jit_sample.12947613028601670395 @ 0 at worker after 1.071299ms (proto size 2533)
I0828 01:29:13.242225     733 server_lib.cc:1855] Attempting to load component jit_sample.934836157317374587 @ 0 at worker after 963.711us (proto size 2451)
I0828 01:29:13.251900    1309 tpu_chip_config.cc:367] Resolved chip config alias megachip_tccontrol->megacore for 2093c6a02, 
I0828 01:29:13.254261    1309 tpu_chip_config.cc:367] Resolved chip config alias megachip_tccontrol->megacore for 2093c6a02, 
I0828 01:29:13.256693    1309 xla_compilation_cache.cc:113] XLA compilation cache fetch for computation 'jit_sample' (key 135f005f5d69a51) took 1.875217425s: PERSISTENT_FETCH
I0828 01:29:13.540946     720 server_lib.cc:1855] Attempting to load component jit_sample.12947613028601670935 @ 0 at worker after 984.088us (proto size 2453)
I0828 01:29:13.551956    1310 tpu_chip_config.cc:367] Resolved chip config alias megachip_tccontrol->megacore for 2093c6a02, 
I0828 01:29:13.553617    1310 tpu_chip_config.cc:367] Resolved chip config alias megachip_tccontrol->megacore for 2093c6a02, 
I0828 01:29:13.554699    1310 xla_compilation_cache.cc:113] XLA compilation cache fetch for computation 'jit_sample' (key 417c7ca330603b6d) took 312.481827ms: PERSISTENT_FETCH
I0828 01:29:13.847592    1309 tpu_chip_config.cc:367] Resolved chip config alias megachip_tccontrol->megacore for 2093c6a02, 
I0828 01:29:13.849138    1309 tpu_chip_config.cc:367] Resolved chip config alias megachip_tccontrol->megacore for 2093c6a02, 
I0828 01:29:13.850139    1309 xla_compilation_cache.cc:113] XLA compilation cache fetch for computation 'jit_sample' (key 6bc1c57bf64bacdc) took 309.202935ms: PERSISTENT_FETCH
I0828 01:29:14.547997     759 server_lib.cc:1855] Attempting to load component jit_sample.934836157317376924 @ 0 at worker after 1.30177ms (proto size 2532)
I0828 01:29:16.369885    1309 tpu_chip_config.cc:367] Resolved chip config alias megachip_tccontrol->megacore for 2093c6a02, 
I0828 01:29:16.372291    1309 tpu_chip_config.cc:367] Resolved chip config alias megachip_tccontrol->megacore for 2093c6a02, 
I0828 01:29:16.374723    1309 xla_compilation_cache.cc:113] XLA compilation cache fetch for computation 'jit_sample' (key 9ffccc97f619c6b0) took 1.826734394s: PERSISTENT_FETCH
I0828 01:29:16.420134    1837 server_lib.cc:1855] Attempting to load component jit_sample.196317131024097052 @ 0 at worker after 1.086109ms (proto size 2532)
I0828 01:29:18.124905     759 server_lib.cc:1855] Attempting to load component jit_sample.934836157317375165 @ 0 at worker after 919.856us (proto size 2451)
I0828 01:29:18.137243    1309 tpu_chip_config.cc:367] Resolved chip config alias megachip_tccontrol->megacore for 2093c6a02, 
I0828 01:29:18.139711    1309 tpu_chip_config.cc:367] Resolved chip config alias megachip_tccontrol->megacore for 2093c6a02, 
I0828 01:29:18.142116    1309 xla_compilation_cache.cc:113] XLA compilation cache fetch for computation 'jit_sample' (key f0bd8c5eeac5cda3) took 1.721995195s: PERSISTENT_FETCH
I0828 01:29:18.405147     759 server_lib.cc:1855] Attempting to load component jit_sample.196317131024096056 @ 0 at worker after 955.033us (proto size 2451)
I0828 01:29:18.411405    1310 tpu_chip_config.cc:367] Resolved chip config alias megachip_tccontrol->megacore for 2093c6a02, 
I0828 01:29:18.413092    1310 tpu_chip_config.cc:367] Resolved chip config alias megachip_tccontrol->megacore for 2093c6a02, 
I0828 01:29:18.414156    1310 xla_compilation_cache.cc:113] XLA compilation cache fetch for computation 'jit_sample' (key c285718a4df3f534) took 289.258683ms: PERSISTENT_FETCH
I0828 01:29:18.686506    1309 tpu_chip_config.cc:367] Resolved chip config alias megachip_tccontrol->megacore for 2093c6a02, 
I0828 01:29:18.688025    1309 tpu_chip_config.cc:367] Resolved chip config alias megachip_tccontrol->megacore for 2093c6a02, 
I0828 01:29:18.689017    1309 xla_compilation_cache.cc:113] XLA compilation cache fetch for computation 'jit_sample' (key 41cd10a205686f16) took 283.877185ms: PERSISTENT_FETCH
I0828 01:29:19.398826    1829 server_lib.cc:1855] Attempting to load component jit_sample.12947613028601670349 @ 0 at worker after 896.334us (proto size 2534)
I0828 01:29:23.407466    1309 tpu_chip_config.cc:367] Resolved chip config alias megachip_tccontrol->megacore for 2093c6a02, 
I0828 01:29:23.410330    1309 tpu_chip_config.cc:367] Resolved chip config alias megachip_tccontrol->megacore for 2093c6a02, 
I0828 01:29:23.412848    1309 xla_compilation_cache.cc:113] XLA compilation cache fetch for computation 'jit_sample' (key 81e91992f41fad3a) took 4.014030415s: PERSISTENT_FETCH
I0828 01:29:23.442555     713 server_lib.cc:1855] Attempting to load component jit_sample.5622832922158732690 @ 0 at worker after 1.172907ms (proto size 2533)
I0828 01:29:27.348985     733 server_lib.cc:1855] Attempting to load component jit_sample.934836157317374577 @ 0 at worker after 934.238us (proto size 2451)
I0828 01:29:27.360471    1309 tpu_chip_config.cc:367] Resolved chip config alias megachip_tccontrol->megacore for 2093c6a02, 
I0828 01:29:27.362910    1309 tpu_chip_config.cc:367] Resolved chip config alias megachip_tccontrol->megacore for 2093c6a02, 
I0828 01:29:27.365380    1309 xla_compilation_cache.cc:113] XLA compilation cache fetch for computation 'jit_sample' (key 55e97baaf4de9127) took 3.922834669s: PERSISTENT_FETCH
I0828 01:29:27.627803    1310 tpu_chip_config.cc:367] Resolved chip config alias megachip_tccontrol->megacore for 2093c6a02, 
I0828 01:29:27.629229     759 server_lib.cc:1855] Attempting to load component jit_sample.5622832922158733942 @ 0 at worker after 938.238us (proto size 2452)
I0828 01:29:27.629454    1310 tpu_chip_config.cc:367] Resolved chip config alias megachip_tccontrol->megacore for 2093c6a02, 
I0828 01:29:27.630546    1310 xla_compilation_cache.cc:113] XLA compilation cache fetch for computation 'jit_sample' (key cad3724e6792e781) took 281.57317ms: PERSISTENT_FETCH
I0828 01:29:27.910022    1309 tpu_chip_config.cc:367] Resolved chip config alias megachip_tccontrol->megacore for 2093c6a02, 
I0828 01:29:27.911585    1309 tpu_chip_config.cc:367] Resolved chip config alias megachip_tccontrol->megacore for 2093c6a02, 
I0828 01:29:27.912614    1309 xla_compilation_cache.cc:113] XLA compilation cache fetch for computation 'jit_sample' (key 84e6ca17adc0ba64) took 283.394951ms: PERSISTENT_FETCH
I0828 01:29:28.635838     713 server_lib.cc:1855] Attempting to load component jit_sample.5622832922158733289 @ 0 at worker after 974.879us (proto size 2539)
I0828 01:29:37.176835    1309 tpu_chip_config.cc:367] Resolved chip config alias megachip_tccontrol->megacore for 2093c6a02, 
I0828 01:29:37.179256    1309 tpu_chip_config.cc:367] Resolved chip config alias megachip_tccontrol->megacore for 2093c6a02, 
I0828 01:29:37.181922    1309 xla_compilation_cache.cc:113] XLA compilation cache fetch for computation 'jit_sample' (key 88c71077ff855469) took 8.546092332s: PERSISTENT_FETCH
I0828 01:29:37.228863     721 server_lib.cc:1855] Attempting to load component jit_sample.5622832922158733262 @ 0 at worker after 1.356319ms (proto size 2539)
I0828 01:29:46.105826     733 server_lib.cc:1855] Attempting to load component jit_sample.12947613028601669763 @ 0 at worker after 991.102us (proto size 2456)
I0828 01:29:46.121111    1309 tpu_chip_config.cc:367] Resolved chip config alias megachip_tccontrol->megacore for 2093c6a02, 
I0828 01:29:46.123578    1309 tpu_chip_config.cc:367] Resolved chip config alias megachip_tccontrol->megacore for 2093c6a02, 
I0828 01:29:46.126040    1309 xla_compilation_cache.cc:113] XLA compilation cache fetch for computation 'jit_sample' (key df77cab55c23f227) took 8.897187441s: PERSISTENT_FETCH
I0828 01:29:46.410338    1310 tpu_chip_config.cc:367] Resolved chip config alias megachip_tccontrol->megacore for 2093c6a02, 
I0828 01:29:46.411967    1310 tpu_chip_config.cc:367] Resolved chip config alias megachip_tccontrol->megacore for 2093c6a02, 
I0828 01:29:46.412966    1310 xla_compilation_cache.cc:113] XLA compilation cache fetch for computation 'jit_sample' (key 19b226d06d7ae79f) took 307.150961ms: PERSISTENT_FETCH
I0828 01:29:46.413639     733 server_lib.cc:1855] Attempting to load component jit_sample.5622832922158734514 @ 0 at worker after 883.897us (proto size 2455)
I0828 01:29:46.709449    1310 tpu_chip_config.cc:367] Resolved chip config alias megachip_tccontrol->megacore for 2093c6a02, 
I0828 01:29:46.710971    1310 tpu_chip_config.cc:367] Resolved chip config alias megachip_tccontrol->megacore for 2093c6a02, 
I0828 01:29:46.711947    1310 xla_compilation_cache.cc:113] XLA compilation cache fetch for computation 'jit_sample' (key 4880062ed2170df0) took 298.315579ms: PERSISTENT_FETCH
I0828 01:29:47.449949     721 server_lib.cc:1855] Attempting to load component jit_sample.927922527692929046 @ 0 at worker after 908.367us (proto size 2538)
I0828 01:29:49.147074    1310 tpu_chip_config.cc:367] Resolved chip config alias megachip_tccontrol->megacore for 2093c6a02, 
I0828 01:29:49.149573    1310 tpu_chip_config.cc:367] Resolved chip config alias megachip_tccontrol->megacore for 2093c6a02, 
I0828 01:29:49.152106    1310 xla_compilation_cache.cc:113] XLA compilation cache fetch for computation 'jit_sample' (key 65208d384e2156f8) took 1.702163053s: PERSISTENT_FETCH
I0828 01:29:49.198987     755 server_lib.cc:1855] Attempting to load component jit_sample.5622832922158731330 @ 0 at worker after 1.096898ms (proto size 2539)
I0828 01:29:50.998796    1837 server_lib.cc:1855] Attempting to load component jit_sample.927922527692926981 @ 0 at worker after 1.054663ms (proto size 2454)
I0828 01:29:51.007063    1310 tpu_chip_config.cc:367] Resolved chip config alias megachip_tccontrol->megacore for 2093c6a02, 
I0828 01:29:51.009511    1310 tpu_chip_config.cc:367] Resolved chip config alias megachip_tccontrol->megacore for 2093c6a02, 
I0828 01:29:51.012061    1310 xla_compilation_cache.cc:113] XLA compilation cache fetch for computation 'jit_sample' (key 244527b236a25d54) took 1.813084805s: PERSISTENT_FETCH
I0828 01:29:51.360556    1309 tpu_chip_config.cc:367] Resolved chip config alias megachip_tccontrol->megacore for 2093c6a02, 
I0828 01:29:51.362183    1309 tpu_chip_config.cc:367] Resolved chip config alias megachip_tccontrol->megacore for 2093c6a02, 
I0828 01:29:51.363189    1309 xla_compilation_cache.cc:113] XLA compilation cache fetch for computation 'jit_sample' (key f99975a472fb6480) took 364.403537ms: PERSISTENT_FETCH
I0828 01:29:51.363781     713 server_lib.cc:1855] Attempting to load component jit_sample.5622832922158732582 @ 0 at worker after 1.08976ms (proto size 2454)
I0828 01:29:51.726732    1309 tpu_chip_config.cc:367] Resolved chip config alias megachip_tccontrol->megacore for 2093c6a02, 
I0828 01:29:51.728266    1309 tpu_chip_config.cc:367] Resolved chip config alias megachip_tccontrol->megacore for 2093c6a02, 
I0828 01:29:51.729267    1309 xla_compilation_cache.cc:113] XLA compilation cache fetch for computation 'jit_sample' (key 72aff3bf66536de) took 365.493296ms: PERSISTENT_FETCH
I0828 01:29:51.948593     720 server_lib.cc:1855] Attempting to load component jit_compute_and_gather_logprobs.5622832922158733521 @ 0 at worker after 1.123282ms (proto size 2516)
I0828 01:29:52.282751    1309 tpu_chip_config.cc:367] Resolved chip config alias megachip_tccontrol->megacore for 2093c6a02, 
I0828 01:29:52.284268    1309 tpu_chip_config.cc:367] Resolved chip config alias megachip_tccontrol->megacore for 2093c6a02, 
I0828 01:29:52.285675    1309 xla_compilation_cache.cc:113] XLA compilation cache fetch for computation 'jit_compute_and_gather_logprobs' (key 6686ccce3b69a93e) took 337.091648ms: PERSISTENT_FETCH
I0828 01:29:52.478088     713 server_lib.cc:1855] Attempting to load component jit_compute_and_gather_logprobs.5622832922158734460 @ 0 at worker after 967.603us (proto size 2516)
I0828 01:29:52.830299    1309 tpu_chip_config.cc:367] Resolved chip config alias megachip_tccontrol->megacore for 2093c6a02, 
I0828 01:29:52.831843    1309 tpu_chip_config.cc:367] Resolved chip config alias megachip_tccontrol->megacore for 2093c6a02, 
I0828 01:29:52.833314    1309 xla_compilation_cache.cc:113] XLA compilation cache fetch for computation 'jit_compute_and_gather_logprobs' (key 4c256bbc3e4552aa) took 355.235556ms: PERSISTENT_FETCH
I0828 01:29:53.052398     755 server_lib.cc:1855] Attempting to load component jit_compute_and_gather_logprobs.5622832922158731303 @ 0 at worker after 1.007176ms (proto size 2516)
I0828 01:29:53.414389    1309 tpu_chip_config.cc:367] Resolved chip config alias megachip_tccontrol->megacore for 2093c6a02, 
I0828 01:29:53.415919    1309 tpu_chip_config.cc:367] Resolved chip config alias megachip_tccontrol->megacore for 2093c6a02, 
I0828 01:29:53.417408    1309 xla_compilation_cache.cc:113] XLA compilation cache fetch for computation 'jit_compute_and_gather_logprobs' (key 86d218ca0758fec4) took 365.017607ms: PERSISTENT_FETCH
I0828 01:29:53.614782    1837 server_lib.cc:1855] Attempting to load component jit_compute_and_gather_logprobs.5622832922158732242 @ 0 at worker after 1.066207ms (proto size 2516)
I0828 01:29:54.037774    1309 tpu_chip_config.cc:367] Resolved chip config alias megachip_tccontrol->megacore for 2093c6a02, 
I0828 01:29:54.039246    1309 tpu_chip_config.cc:367] Resolved chip config alias megachip_tccontrol->megacore for 2093c6a02, 
I0828 01:29:54.040726    1309 xla_compilation_cache.cc:113] XLA compilation cache fetch for computation 'jit_compute_and_gather_logprobs' (key 47b3d3fd7c7bae3e) took 425.953348ms: PERSISTENT_FETCH
I0828 01:29:54.224791     755 server_lib.cc:1855] Attempting to load component jit_compute_and_gather_logprobs.5622832922158733181 @ 0 at worker after 927.103us (proto size 2521)
I0828 01:29:54.622034    1309 tpu_chip_config.cc:367] Resolved chip config alias megachip_tccontrol->megacore for 2093c6a02, 
I0828 01:29:54.623533    1309 tpu_chip_config.cc:367] Resolved chip config alias megachip_tccontrol->megacore for 2093c6a02, 
I0828 01:29:54.624983    1309 xla_compilation_cache.cc:113] XLA compilation cache fetch for computation 'jit_compute_and_gather_logprobs' (key a05471787de8b594) took 400.201457ms: PERSISTENT_FETCH
I0828 01:29:54.798642     713 server_lib.cc:1855] Attempting to load component jit_compute_and_gather_logprobs.5622832922158734120 @ 0 at worker after 951.55us (proto size 2521)
I0828 01:29:55.196095    1309 tpu_chip_config.cc:367] Resolved chip config alias megachip_tccontrol->megacore for 2093c6a02, 
I0828 01:29:55.197694    1309 tpu_chip_config.cc:367] Resolved chip config alias megachip_tccontrol->megacore for 2093c6a02, 
I0828 01:29:55.199157    1309 xla_compilation_cache.cc:113] XLA compilation cache fetch for computation 'jit_compute_and_gather_logprobs' (key 5c22c632287b0fb8) took 400.521096ms: PERSISTENT_FETCH
I0828 01:29:55.276753     713 server_lib.cc:1855] Attempting to load component jit_sample.927922527692928978 @ 0 at worker after 1.183489ms (proto size 2532)
I0828 01:29:59.854575    1309 tpu_chip_config.cc:367] Resolved chip config alias megachip_tccontrol->megacore for 2093c6a02, 
I0828 01:29:59.857046    1309 tpu_chip_config.cc:367] Resolved chip config alias megachip_tccontrol->megacore for 2093c6a02, 
I0828 01:29:59.859580    1309 xla_compilation_cache.cc:113] XLA compilation cache fetch for computation 'jit_sample' (key 6d7597711fd46554) took 4.582839046s: PERSISTENT_FETCH
I0828 01:29:59.947685     721 server_lib.cc:1855] Attempting to load component jit_sample.5622832922158735059 @ 0 at worker after 1.250338ms (proto size 2533)
I0828 01:30:04.628479    1309 tpu_chip_config.cc:367] Resolved chip config alias megachip_tccontrol->megacore for 2093c6a02, 
I0828 01:30:04.630989    1309 tpu_chip_config.cc:367] Resolved chip config alias megachip_tccontrol->megacore for 2093c6a02, 
I0828 01:30:04.633411    1309 xla_compilation_cache.cc:113] XLA compilation cache fetch for computation 'jit_sample' (key d5a6aa50a3a99a35) took 4.685736887s: PERSISTENT_FETCH
I0828 01:30:04.790588     733 server_lib.cc:1855] Attempting to load component jit_sample.927922527692927667 @ 0 at worker after 1.138988ms (proto size 2531)
I0828 01:30:06.551609    1309 tpu_chip_config.cc:367] Resolved chip config alias megachip_tccontrol->megacore for 2093c6a02, 
I0828 01:30:06.553994    1309 tpu_chip_config.cc:367] Resolved chip config alias megachip_tccontrol->megacore for 2093c6a02, 
I0828 01:30:06.556396    1309 xla_compilation_cache.cc:113] XLA compilation cache fetch for computation 'jit_sample' (key 5dd36e3702f2675) took 1.765818082s: PERSISTENT_FETCH
I0828 01:30:06.653461     720 server_lib.cc:1855] Attempting to load component jit_sample.5622832922158732528 @ 0 at worker after 1.022443ms (proto size 2533)
I0828 01:30:08.343245    1309 tpu_chip_config.cc:367] Resolved chip config alias megachip_tccontrol->megacore for 2093c6a02, 
I0828 01:30:08.345739    1309 tpu_chip_config.cc:367] Resolved chip config alias megachip_tccontrol->megacore for 2093c6a02, 
I0828 01:30:08.348352    1309 xla_compilation_cache.cc:113] XLA compilation cache fetch for computation 'jit_sample' (key 31e6d1cf3bf40799) took 1.694901795s: PERSISTENT_FETCH
I0828 01:30:08.523896     720 server_lib.cc:1855] Attempting to load component jit_sample.927922527692930452 @ 0 at worker after 1.142723ms (proto size 2532)
I0828 01:30:10.251226    1309 tpu_chip_config.cc:367] Resolved chip config alias megachip_tccontrol->megacore for 2093c6a02, 
I0828 01:30:10.253596    1309 tpu_chip_config.cc:367] Resolved chip config alias megachip_tccontrol->megacore for 2093c6a02, 
I0828 01:30:10.256070    1309 xla_compilation_cache.cc:113] XLA compilation cache fetch for computation 'jit_sample' (key f1f2094601f69d5b) took 1.732183563s: PERSISTENT_FETCH
I0828 01:30:10.394999     713 server_lib.cc:1855] Attempting to load component jit_sample.5622832922158734093 @ 0 at worker after 1.12894ms (proto size 2533)
I0828 01:30:12.146115    1309 tpu_chip_config.cc:367] Resolved chip config alias megachip_tccontrol->megacore for 2093c6a02, 
I0828 01:30:12.148508    1309 tpu_chip_config.cc:367] Resolved chip config alias megachip_tccontrol->megacore for 2093c6a02, 
I0828 01:30:12.150983    1309 xla_compilation_cache.cc:113] XLA compilation cache fetch for computation 'jit_sample' (key 66295e5588d0e22f) took 1.755996414s: PERSISTENT_FETCH
I0828 01:30:12.317674     733 server_lib.cc:1855] Attempting to load component jit_sample.927922527692929141 @ 0 at worker after 1.202477ms (proto size 2532)
I0828 01:30:16.119247    1309 tpu_chip_config.cc:367] Resolved chip config alias megachip_tccontrol->megacore for 2093c6a02, 
I0828 01:30:16.121737    1309 tpu_chip_config.cc:367] Resolved chip config alias megachip_tccontrol->megacore for 2093c6a02, 
I0828 01:30:16.124260    1309 xla_compilation_cache.cc:113] XLA compilation cache fetch for computation 'jit_sample' (key 9b7b64164a5e3a49) took 3.80659548s: PERSISTENT_FETCH
I0828 01:30:16.217874     713 server_lib.cc:1855] Attempting to load component jit_sample.5622832922158731562 @ 0 at worker after 997.163us (proto size 2533)
I0828 01:30:20.078627    1309 tpu_chip_config.cc:367] Resolved chip config alias megachip_tccontrol->megacore for 2093c6a02, 
I0828 01:30:20.081173    1309 tpu_chip_config.cc:367] Resolved chip config alias megachip_tccontrol->megacore for 2093c6a02, 
I0828 01:30:20.083711    1309 xla_compilation_cache.cc:113] XLA compilation cache fetch for computation 'jit_sample' (key 4db4fdcd3084e3b6) took 3.865846207s: PERSISTENT_FETCH
I0828 01:30:20.248134     759 server_lib.cc:1855] Attempting to load component jit_sample.927922527692927830 @ 0 at worker after 1.152765ms (proto size 2538)
I0828 01:30:28.966661    1309 tpu_chip_config.cc:367] Resolved chip config alias megachip_tccontrol->megacore for 2093c6a02, 
I0828 01:30:28.969098    1309 tpu_chip_config.cc:367] Resolved chip config alias megachip_tccontrol->megacore for 2093c6a02, 
I0828 01:30:28.971701    1309 xla_compilation_cache.cc:113] XLA compilation cache fetch for computation 'jit_sample' (key a6d45bee867de68c) took 8.723577222s: PERSISTENT_FETCH
I0828 01:30:29.060568     733 server_lib.cc:1855] Attempting to load component jit_sample.5622832922158733127 @ 0 at worker after 1.19104ms (proto size 2539)
I0828 01:30:37.744386    1309 tpu_chip_config.cc:367] Resolved chip config alias megachip_tccontrol->megacore for 2093c6a02, 
I0828 01:30:37.746851    1309 tpu_chip_config.cc:367] Resolved chip config alias megachip_tccontrol->megacore for 2093c6a02, 
I0828 01:30:37.749797    1309 xla_compilation_cache.cc:113] XLA compilation cache fetch for computation 'jit_sample' (key bb71570e3b10f4e1) took 8.689237724s: PERSISTENT_FETCH
I0828 01:30:37.915943    1837 server_lib.cc:1855] Attempting to load component jit_sample.927922527692930615 @ 0 at worker after 1.131861ms (proto size 2538)
I0828 01:30:39.621190    1309 tpu_chip_config.cc:367] Resolved chip config alias megachip_tccontrol->megacore for 2093c6a02, 
I0828 01:30:39.623634    1309 tpu_chip_config.cc:367] Resolved chip config alias megachip_tccontrol->megacore for 2093c6a02, 
I0828 01:30:39.626203    1309 xla_compilation_cache.cc:113] XLA compilation cache fetch for computation 'jit_sample' (key 3c5cf0203fa232ca) took 1.710269228s: PERSISTENT_FETCH
I0828 01:30:39.715195     721 server_lib.cc:1855] Attempting to load component jit_sample.5622832922158734692 @ 0 at worker after 1.087272ms (proto size 2539)
I0828 01:30:41.590372    1309 tpu_chip_config.cc:367] Resolved chip config alias megachip_tccontrol->megacore for 2093c6a02, 
I0828 01:30:41.592762    1309 tpu_chip_config.cc:367] Resolved chip config alias megachip_tccontrol->megacore for 2093c6a02, 
I0828 01:30:41.595384    1309 xla_compilation_cache.cc:113] XLA compilation cache fetch for computation 'jit_sample' (key a5e8ec196a4dcf7e) took 1.88019871s: PERSISTENT_FETCH
I0828 01:30:41.903290     759 server_lib.cc:1855] Attempting to load component jit__allocate.927922527692928550 @ 0 at worker after 1.078519ms (proto size 2403)
I0828 01:30:42.156506    1309 tpu_chip_config.cc:367] Resolved chip config alias megachip_tccontrol->megacore for 2093c6a02, 
I0828 01:30:42.158178    1309 tpu_chip_config.cc:367] Resolved chip config alias megachip_tccontrol->megacore for 2093c6a02, 
I0828 01:30:42.158996    1309 xla_compilation_cache.cc:113] XLA compilation cache fetch for computation 'jit__allocate' (key 44c937081d7ee1dc) took 255.715785ms: PERSISTENT_FETCH
I0828 01:30:42.974645     721 server_lib.cc:1855] Attempting to load component jit_convert_element_type.927922527692928679 @ 0 at worker after 1.486859ms (proto size 2411)
I0828 01:30:43.077031     762 worker_op_dispatcher.cc:4605] Component is not loaded yet; deferring unload until load completes: jit__allocate.927922527692928550 @ 0
I0828 01:30:43.077072    1516 server_lib.cc:743] Unloading component jit__allocate.927922527692928550 @ 0 at worker
I0828 01:30:43.187511     755 server_lib.cc:1855] Attempting to load component jit_broadcast_in_dim.5622832922158733332 @ 0 at worker after 1.143608ms (proto size 2414)
I0828 01:30:43.200095    1309 tpu_chip_config.cc:367] Resolved chip config alias megachip_tccontrol->megacore for 2093c6a02, 
I0828 01:30:43.201762    1309 tpu_chip_config.cc:367] Resolved chip config alias megachip_tccontrol->megacore for 2093c6a02, 
I0828 01:30:43.202571    1309 xla_compilation_cache.cc:113] XLA compilation cache fetch for computation 'jit_convert_element_type' (key d4bb2065732563ff) took 228.075049ms: PERSISTENT_FETCH
I0828 01:30:43.398070    1310 tpu_chip_config.cc:367] Resolved chip config alias megachip_tccontrol->megacore for 2093c6a02, 
I0828 01:30:43.399720    1310 tpu_chip_config.cc:367] Resolved chip config alias megachip_tccontrol->megacore for 2093c6a02, 
I0828 01:30:43.400498    1310 xla_compilation_cache.cc:113] XLA compilation cache fetch for computation 'jit_broadcast_in_dim' (key 25b2f9a67df5a232) took 213.173532ms: PERSISTENT_FETCH
I0828 01:30:43.427003    1829 server_lib.cc:1855] Attempting to load component jit_broadcast_in_dim.927922527692929596 @ 0 at worker after 1.534087ms (proto size 2413)
I0828 01:30:43.650580    1310 tpu_chip_config.cc:367] Resolved chip config alias megachip_tccontrol->megacore for 2093c6a02, 
I0828 01:30:43.652088    1310 tpu_chip_config.cc:367] Resolved chip config alias megachip_tccontrol->megacore for 2093c6a02, 
I0828 01:30:43.652842    1310 xla_compilation_cache.cc:113] XLA compilation cache fetch for computation 'jit_broadcast_in_dim' (key b96b20f1ec0d6adc) took 226.503515ms: PERSISTENT_FETCH
I0828 01:30:43.672397    1829 server_lib.cc:1855] Attempting to load component jit_broadcast_in_dim.934836157317374954 @ 0 at worker after 1.092508ms (proto size 2413)
I0828 01:30:43.891224    1310 tpu_chip_config.cc:367] Resolved chip config alias megachip_tccontrol->megacore for 2093c6a02, 
I0828 01:30:43.892752    1310 tpu_chip_config.cc:367] Resolved chip config alias megachip_tccontrol->megacore for 2093c6a02, 
I0828 01:30:43.893513    1310 xla_compilation_cache.cc:113] XLA compilation cache fetch for computation 'jit_broadcast_in_dim' (key 5043b7c95928295a) took 221.229289ms: PERSISTENT_FETCH
I0828 01:30:52.386752     713 server_lib.cc:1855] Attempting to load component jit_run_model.5622832922158734244 @ 0 at worker after 2.814533ms (proto size 14988)
I0828 01:30:59.750879    1310 tpu_chip_config.cc:367] Resolved chip config alias megachip_tccontrol->megacore for 2093c6a02, 
I0828 01:30:59.764196    1310 tpu_chip_config.cc:367] Resolved chip config alias megachip_tccontrol->megacore for 2093c6a02, 
I0828 01:30:59.786949    1310 xla_compilation_cache.cc:113] XLA compilation cache fetch for computation 'jit_run_model' (key 50a59dc561816da2) took 7.400864802s: PERSISTENT_FETCH
I0828 01:31:00.250933     713 server_lib.cc:1855] Attempting to load component jit_convert_element_type.934836157317377683 @ 0 at worker after 1.177508ms (proto size 2411)
I0828 01:31:00.463834     755 server_lib.cc:1855] Attempting to load component jit_broadcast_in_dim.5622832922158731400 @ 0 at worker after 1.460741ms (proto size 2418)
I0828 01:31:00.473248    1310 tpu_chip_config.cc:367] Resolved chip config alias megachip_tccontrol->megacore for 2093c6a02, 
I0828 01:31:00.474984    1310 tpu_chip_config.cc:367] Resolved chip config alias megachip_tccontrol->megacore for 2093c6a02, 
I0828 01:31:00.475793    1310 xla_compilation_cache.cc:113] XLA compilation cache fetch for computation 'jit_convert_element_type' (key 59d1c8969685192e) took 225.039302ms: PERSISTENT_FETCH
I0828 01:31:00.670093    1309 tpu_chip_config.cc:367] Resolved chip config alias megachip_tccontrol->megacore for 2093c6a02, 
I0828 01:31:00.671638    1309 tpu_chip_config.cc:367] Resolved chip config alias megachip_tccontrol->megacore for 2093c6a02, 
I0828 01:31:00.672413    1309 xla_compilation_cache.cc:113] XLA compilation cache fetch for computation 'jit_broadcast_in_dim' (key d366b23e899b3a47) took 209.124954ms: PERSISTENT_FETCH
I0828 01:31:00.779107     755 server_lib.cc:1855] Attempting to load component jit_broadcast_in_dim.5622832922158732339 @ 0 at worker after 1.182993ms (proto size 2413)
I0828 01:31:00.988143    1309 tpu_chip_config.cc:367] Resolved chip config alias megachip_tccontrol->megacore for 2093c6a02, 
I0828 01:31:00.989688    1309 tpu_chip_config.cc:367] Resolved chip config alias megachip_tccontrol->megacore for 2093c6a02, 
I0828 01:31:00.990480    1309 xla_compilation_cache.cc:113] XLA compilation cache fetch for computation 'jit_broadcast_in_dim' (key 100b3b104a6bf11d) took 211.485208ms: PERSISTENT_FETCH
I0828 01:31:01.022006     759 server_lib.cc:1855] Attempting to load component jit__select_from_array_fn.12947613028601671090 @ 0 at worker after 1.579248ms (proto size 2462)
I0828 01:31:01.241485    1309 tpu_chip_config.cc:367] Resolved chip config alias megachip_tccontrol->megacore for 2093c6a02, 
I0828 01:31:01.242986    1309 tpu_chip_config.cc:367] Resolved chip config alias megachip_tccontrol->megacore for 2093c6a02, 
I0828 01:31:01.243800    1309 xla_compilation_cache.cc:113] XLA compilation cache fetch for computation 'jit__select_from_array_fn' (key e9e885934b9b9299) took 222.451957ms: PERSISTENT_FETCH
I0828 01:31:01.311079     721 server_lib.cc:1855] Attempting to load component jit_broadcast_in_dim.5622832922158734217 @ 0 at worker after 3.03397ms (proto size 2413)
I0828 01:31:01.513732    1309 tpu_chip_config.cc:367] Resolved chip config alias megachip_tccontrol->megacore for 2093c6a02, 
I0828 01:31:01.515251    1309 tpu_chip_config.cc:367] Resolved chip config alias megachip_tccontrol->megacore for 2093c6a02, 
I0828 01:31:01.516014    1309 xla_compilation_cache.cc:113] XLA compilation cache fetch for computation 'jit_broadcast_in_dim' (key f4e81cda2b38261e) took 205.063544ms: PERSISTENT_FETCH
I0828 01:31:01.543939     755 server_lib.cc:1855] Attempting to load component jit__select_from_array_fn.12947613028601667804 @ 0 at worker after 1.653931ms (proto size 2462)
I0828 01:31:01.772637    1309 tpu_chip_config.cc:367] Resolved chip config alias megachip_tccontrol->megacore for 2093c6a02, 
I0828 01:31:01.774151    1309 tpu_chip_config.cc:367] Resolved chip config alias megachip_tccontrol->megacore for 2093c6a02, 
I0828 01:31:01.775044    1309 xla_compilation_cache.cc:113] XLA compilation cache fetch for computation 'jit__select_from_array_fn' (key c5cb47476c24c798) took 231.76393ms: PERSISTENT_FETCH
I0828 01:31:01.832309     720 server_lib.cc:1855] Attempting to load component jit_broadcast_in_dim.12947613028601668344 @ 0 at worker after 1.125504ms (proto size 2413)
I0828 01:31:02.107866    1309 tpu_chip_config.cc:367] Resolved chip config alias megachip_tccontrol->megacore for 2093c6a02, 
I0828 01:31:02.109407    1309 tpu_chip_config.cc:367] Resolved chip config alias megachip_tccontrol->megacore for 2093c6a02, 
I0828 01:31:02.110228    1309 xla_compilation_cache.cc:113] XLA compilation cache fetch for computation 'jit_broadcast_in_dim' (key 2ad77de9d13750a) took 278.046575ms: PERSISTENT_FETCH
I0828 01:31:02.134947     721 server_lib.cc:1855] Attempting to load component jit__select_from_array_fn.196317131024095449 @ 0 at worker after 1.676038ms (proto size 2460)
I0828 01:31:02.377874    1309 tpu_chip_config.cc:367] Resolved chip config alias megachip_tccontrol->megacore for 2093c6a02, 
I0828 01:31:02.379470    1309 tpu_chip_config.cc:367] Resolved chip config alias megachip_tccontrol->megacore for 2093c6a02, 
I0828 01:31:02.380391    1309 xla_compilation_cache.cc:113] XLA compilation cache fetch for computation 'jit__select_from_array_fn' (key 4ca1b40ae2792f53) took 246.092771ms: PERSISTENT_FETCH
I0828 01:31:02.424034    1837 server_lib.cc:1855] Attempting to load component jit_broadcast_in_dim.6111309008459216890 @ 0 at worker after 1.526814ms (proto size 2412)
I0828 01:31:02.626530    1309 tpu_chip_config.cc:367] Resolved chip config alias megachip_tccontrol->megacore for 2093c6a02, 
I0828 01:31:02.628102    1309 tpu_chip_config.cc:367] Resolved chip config alias megachip_tccontrol->megacore for 2093c6a02, 
I0828 01:31:02.628910    1309 xla_compilation_cache.cc:113] XLA compilation cache fetch for computation 'jit_broadcast_in_dim' (key 66516a1f8b9b74e) took 205.014465ms: PERSISTENT_FETCH
I0828 01:31:02.657872     721 server_lib.cc:1855] Attempting to load component jit__select_from_array_fn.196317131024096003 @ 0 at worker after 1.704192ms (proto size 2460)
I0828 01:31:02.884460    1309 tpu_chip_config.cc:367] Resolved chip config alias megachip_tccontrol->megacore for 2093c6a02, 
I0828 01:31:02.886015    1309 tpu_chip_config.cc:367] Resolved chip config alias megachip_tccontrol->megacore for 2093c6a02, 
I0828 01:31:02.886888    1309 xla_compilation_cache.cc:113] XLA compilation cache fetch for computation 'jit__select_from_array_fn' (key 289ec6647e9d5c12) took 229.846567ms: PERSISTENT_FETCH
I0828 01:31:02.950829     755 server_lib.cc:1855] Attempting to load component jit_broadcast_in_dim.934836157317377291 @ 0 at worker after 1.373382ms (proto size 2413)
I0828 01:31:03.162500    1309 tpu_chip_config.cc:367] Resolved chip config alias megachip_tccontrol->megacore for 2093c6a02, 
I0828 01:31:03.163978    1309 tpu_chip_config.cc:367] Resolved chip config alias megachip_tccontrol->megacore for 2093c6a02, 
I0828 01:31:03.164743    1309 xla_compilation_cache.cc:113] XLA compilation cache fetch for computation 'jit_broadcast_in_dim' (key f2fc9cdb65b457ac) took 214.035328ms: PERSISTENT_FETCH
I0828 01:31:03.198960     721 server_lib.cc:1855] Attempting to load component jit__select_from_array_fn.11097614078210886194 @ 0 at worker after 1.63964ms (proto size 2464)
I0828 01:31:03.432363    1309 tpu_chip_config.cc:367] Resolved chip config alias megachip_tccontrol->megacore for 2093c6a02, 
I0828 01:31:03.433900    1309 tpu_chip_config.cc:367] Resolved chip config alias megachip_tccontrol->megacore for 2093c6a02, 
I0828 01:31:03.434784    1309 xla_compilation_cache.cc:113] XLA compilation cache fetch for computation 'jit__select_from_array_fn' (key b939ad4946c9c982) took 236.560151ms: PERSISTENT_FETCH
I0828 01:31:03.515046     720 server_lib.cc:1855] Attempting to load component jit__select_from_array_fn.934836157317374753 @ 0 at worker after 1.033011ms (proto size 2462)
I0828 01:31:03.749584    1309 tpu_chip_config.cc:367] Resolved chip config alias megachip_tccontrol->megacore for 2093c6a02, 
I0828 01:31:03.751138    1309 tpu_chip_config.cc:367] Resolved chip config alias megachip_tccontrol->megacore for 2093c6a02, 
I0828 01:31:03.752036    1309 xla_compilation_cache.cc:113] XLA compilation cache fetch for computation 'jit__select_from_array_fn' (key c2cd37ad1a81624e) took 237.117537ms: PERSISTENT_FETCH
I0828 01:31:03.779255    1829 server_lib.cc:1855] Attempting to load component jit_broadcast_in_dim.196317131024093734 @ 0 at worker after 1.628524ms (proto size 2416)
I0828 01:31:03.989130    1309 tpu_chip_config.cc:367] Resolved chip config alias megachip_tccontrol->megacore for 2093c6a02, 
I0828 01:31:03.990729    1309 tpu_chip_config.cc:367] Resolved chip config alias megachip_tccontrol->megacore for 2093c6a02, 
I0828 01:31:03.991499    1309 xla_compilation_cache.cc:113] XLA compilation cache fetch for computation 'jit_broadcast_in_dim' (key 965c4a493e274da4) took 213.018369ms: PERSISTENT_FETCH
I0828 01:31:04.065394     755 server_lib.cc:1855] Attempting to load component jit_run_compute_logits.196317131024094288 @ 0 at worker after 1.262725ms (proto size 2460)
I0828 01:31:04.473806     759 server_lib.cc:1855] Attempting to load component jit_broadcast_in_dim.5622832922158735129 @ 0 at worker after 3.398714ms (proto size 2417)
I0828 01:31:04.483541    1309 tpu_chip_config.cc:367] Resolved chip config alias megachip_tccontrol->megacore for 2093c6a02, 
I0828 01:31:04.485174    1309 tpu_chip_config.cc:367] Resolved chip config alias megachip_tccontrol->megacore for 2093c6a02, 
I0828 01:31:04.486106    1309 xla_compilation_cache.cc:113] XLA compilation cache fetch for computation 'jit_run_compute_logits' (key 8e9119890bf3e784) took 420.845228ms: PERSISTENT_FETCH
I0828 01:31:04.692728    1310 tpu_chip_config.cc:367] Resolved chip config alias megachip_tccontrol->megacore for 2093c6a02, 
I0828 01:31:04.694235    1310 tpu_chip_config.cc:367] Resolved chip config alias megachip_tccontrol->megacore for 2093c6a02, 
I0828 01:31:04.695015    1310 xla_compilation_cache.cc:113] XLA compilation cache fetch for computation 'jit_broadcast_in_dim' (key d23cb45776f65df2) took 223.698387ms: PERSISTENT_FETCH
I0828 01:31:04.769136    1829 server_lib.cc:1855] Attempting to load component jit_run_compute_logits.934836157317374361 @ 0 at worker after 990.289us (proto size 2460)
I0828 01:31:05.186372     759 server_lib.cc:1855] Attempting to load component jit_broadcast_in_dim.196317131024094842 @ 0 at worker after 851.532us (proto size 2415)
I0828 01:31:05.199744    1310 tpu_chip_config.cc:367] Resolved chip config alias megachip_tccontrol->megacore for 2093c6a02, 
I0828 01:31:05.201343    1310 tpu_chip_config.cc:367] Resolved chip config alias megachip_tccontrol->megacore for 2093c6a02, 
I0828 01:31:05.202260    1310 xla_compilation_cache.cc:113] XLA compilation cache fetch for computation 'jit_run_compute_logits' (key f71e89e11ba128fd) took 433.130697ms: PERSISTENT_FETCH
I0828 01:31:05.398913    1309 tpu_chip_config.cc:367] Resolved chip config alias megachip_tccontrol->megacore for 2093c6a02, 
I0828 01:31:05.400510    1309 tpu_chip_config.cc:367] Resolved chip config alias megachip_tccontrol->megacore for 2093c6a02, 
I0828 01:31:05.401270    1309 xla_compilation_cache.cc:113] XLA compilation cache fetch for computation 'jit_broadcast_in_dim' (key f5c720a1e4618ed) took 214.905038ms: PERSISTENT_FETCH
I0828 01:31:05.472546     721 server_lib.cc:1855] Attempting to load component jit_run_compute_logits.11097614078210885067 @ 0 at worker after 1.060682ms (proto size 2462)
I0828 01:31:05.893517     755 server_lib.cc:1855] Attempting to load component jit_broadcast_in_dim.5622832922158734476 @ 0 at worker after 1.042044ms (proto size 2417)
I0828 01:31:05.903279    1309 tpu_chip_config.cc:367] Resolved chip config alias megachip_tccontrol->megacore for 2093c6a02, 
I0828 01:31:05.904902    1309 tpu_chip_config.cc:367] Resolved chip config alias megachip_tccontrol->megacore for 2093c6a02, 
I0828 01:31:05.905884    1309 xla_compilation_cache.cc:113] XLA compilation cache fetch for computation 'jit_run_compute_logits' (key cd959c4213cf3f98) took 433.347854ms: PERSISTENT_FETCH
I0828 01:31:06.108562    1310 tpu_chip_config.cc:367] Resolved chip config alias megachip_tccontrol->megacore for 2093c6a02, 
I0828 01:31:06.110155    1310 tpu_chip_config.cc:367] Resolved chip config alias megachip_tccontrol->megacore for 2093c6a02, 
I0828 01:31:06.110917    1310 xla_compilation_cache.cc:113] XLA compilation cache fetch for computation 'jit_broadcast_in_dim' (key 2680f3a7c48a66e1) took 217.406971ms: PERSISTENT_FETCH
I0828 01:31:06.181585     733 server_lib.cc:1855] Attempting to load component jit_run_compute_logits.11097614078210883810 @ 0 at worker after 1.045258ms (proto size 2462)
I0828 01:31:06.585819     755 server_lib.cc:1855] Attempting to load component jit_broadcast_in_dim.5622832922158732571 @ 0 at worker after 835.78us (proto size 2418)
I0828 01:31:06.598885    1310 tpu_chip_config.cc:367] Resolved chip config alias megachip_tccontrol->megacore for 2093c6a02, 
I0828 01:31:06.600494    1310 tpu_chip_config.cc:367] Resolved chip config alias megachip_tccontrol->megacore for 2093c6a02, 
I0828 01:31:06.601467    1310 xla_compilation_cache.cc:113] XLA compilation cache fetch for computation 'jit_run_compute_logits' (key 89245f9e310088c7) took 419.889413ms: PERSISTENT_FETCH
I0828 01:31:06.799870    1309 tpu_chip_config.cc:367] Resolved chip config alias megachip_tccontrol->megacore for 2093c6a02, 
I0828 01:31:06.801369    1309 tpu_chip_config.cc:367] Resolved chip config alias megachip_tccontrol->megacore for 2093c6a02, 
I0828 01:31:06.802146    1309 xla_compilation_cache.cc:113] XLA compilation cache fetch for computation 'jit_broadcast_in_dim' (key be2e6c56160dc4dd) took 216.335059ms: PERSISTENT_FETCH
I0828 01:31:06.874817     755 server_lib.cc:1855] Attempting to load component jit_run_compute_logits.11097614078210885327 @ 0 at worker after 1.140463ms (proto size 2464)
I0828 01:31:07.279499     733 server_lib.cc:1855] Attempting to load component jit_broadcast_in_dim.934836157317375919 @ 0 at worker after 1.09125ms (proto size 2417)
I0828 01:31:07.289354    1309 tpu_chip_config.cc:367] Resolved chip config alias megachip_tccontrol->megacore for 2093c6a02, 
I0828 01:31:07.290955    1309 tpu_chip_config.cc:367] Resolved chip config alias megachip_tccontrol->megacore for 2093c6a02, 
I0828 01:31:07.291874    1309 xla_compilation_cache.cc:113] XLA compilation cache fetch for computation 'jit_run_compute_logits' (key 64ab136f8308357d) took 417.063884ms: PERSISTENT_FETCH
I0828 01:31:07.502757    1310 tpu_chip_config.cc:367] Resolved chip config alias megachip_tccontrol->megacore for 2093c6a02, 
I0828 01:31:07.504231    1310 tpu_chip_config.cc:367] Resolved chip config alias megachip_tccontrol->megacore for 2093c6a02, 
I0828 01:31:07.505012    1310 xla_compilation_cache.cc:113] XLA compilation cache fetch for computation 'jit_broadcast_in_dim' (key efaacb8a8a79f3d9) took 225.51929ms: PERSISTENT_FETCH
I0828 01:31:07.591474     713 server_lib.cc:1855] Attempting to load component jit_run_compute_logits.6111309008459215742 @ 0 at worker after 1.250719ms (proto size 2463)
I0828 01:31:08.015793    1310 tpu_chip_config.cc:367] Resolved chip config alias megachip_tccontrol->megacore for 2093c6a02, 
I0828 01:31:08.017357    1310 tpu_chip_config.cc:367] Resolved chip config alias megachip_tccontrol->megacore for 2093c6a02, 
I0828 01:31:08.018303    1310 xla_compilation_cache.cc:113] XLA compilation cache fetch for computation 'jit_run_compute_logits' (key aded5f8d4cb8c118) took 426.837632ms: PERSISTENT_FETCH
I0828 01:31:08.052630    1829 server_lib.cc:1855] Attempting to load component jit_broadcast_in_dim.5622832922158734449 @ 0 at worker after 912.978us (proto size 2413)
I0828 01:31:08.250537    1310 tpu_chip_config.cc:367] Resolved chip config alias megachip_tccontrol->megacore for 2093c6a02, 
I0828 01:31:08.252013    1310 tpu_chip_config.cc:367] Resolved chip config alias megachip_tccontrol->megacore for 2093c6a02, 
I0828 01:31:08.252776    1310 xla_compilation_cache.cc:113] XLA compilation cache fetch for computation 'jit_broadcast_in_dim' (key 33d20e3981d5a07f) took 200.15247ms: PERSISTENT_FETCH
I0828 01:31:08.281656     759 server_lib.cc:1855] Attempting to load component jit_convert_element_type.196317131024095396 @ 0 at worker after 926.134us (proto size 2411)
I0828 01:31:08.478707    1829 server_lib.cc:1855] Attempting to load component jit_broadcast_in_dim.11097614078210884070 @ 0 at worker after 1.079521ms (proto size 2414)
I0828 01:31:08.487547    1310 tpu_chip_config.cc:367] Resolved chip config alias megachip_tccontrol->megacore for 2093c6a02, 
I0828 01:31:08.489032    1310 tpu_chip_config.cc:367] Resolved chip config alias megachip_tccontrol->megacore for 2093c6a02, 
I0828 01:31:08.489778    1310 xla_compilation_cache.cc:113] XLA compilation cache fetch for computation 'jit_convert_element_type' (key d5c00e6d22718312) took 208.129792ms: PERSISTENT_FETCH
I0828 01:31:08.685962    1309 tpu_chip_config.cc:367] Resolved chip config alias megachip_tccontrol->megacore for 2093c6a02, 
I0828 01:31:08.687470    1309 tpu_chip_config.cc:367] Resolved chip config alias megachip_tccontrol->megacore for 2093c6a02, 
I0828 01:31:08.688233    1309 xla_compilation_cache.cc:113] XLA compilation cache fetch for computation 'jit_broadcast_in_dim' (key f1247465310c37c8) took 209.531602ms: PERSISTENT_FETCH
I0828 01:31:08.731502     713 server_lib.cc:1855] Attempting to load component jit_broadcast_in_dim.196317131024097058 @ 0 at worker after 850.605us (proto size 2412)
I0828 01:31:08.933515    1309 tpu_chip_config.cc:367] Resolved chip config alias megachip_tccontrol->megacore for 2093c6a02, 
I0828 01:31:08.934999    1309 tpu_chip_config.cc:367] Resolved chip config alias megachip_tccontrol->megacore for 2093c6a02, 
I0828 01:31:08.935758    1309 xla_compilation_cache.cc:113] XLA compilation cache fetch for computation 'jit_broadcast_in_dim' (key 224c2b3535d0e44d) took 204.265258ms: PERSISTENT_FETCH
I0828 01:31:08.982077     720 server_lib.cc:1855] Attempting to load component jit_broadcast_in_dim.927922527692929005 @ 0 at worker after 940.178us (proto size 2411)
I0828 01:31:09.187119    1309 tpu_chip_config.cc:367] Resolved chip config alias megachip_tccontrol->megacore for 2093c6a02, 
I0828 01:31:09.188742    1309 tpu_chip_config.cc:367] Resolved chip config alias megachip_tccontrol->megacore for 2093c6a02, 
I0828 01:31:09.189548    1309 xla_compilation_cache.cc:113] XLA compilation cache fetch for computation 'jit_broadcast_in_dim' (key e191c21e547053b) took 207.477803ms: PERSISTENT_FETCH
I0828 01:31:09.232628     720 server_lib.cc:1855] Attempting to load component jit_broadcast_in_dim.5622832922158734055 @ 0 at worker after 856.653us (proto size 2413)
I0828 01:31:09.442521    1309 tpu_chip_config.cc:367] Resolved chip config alias megachip_tccontrol->megacore for 2093c6a02, 
I0828 01:31:09.443999    1309 tpu_chip_config.cc:367] Resolved chip config alias megachip_tccontrol->megacore for 2093c6a02, 
I0828 01:31:09.444748    1309 xla_compilation_cache.cc:113] XLA compilation cache fetch for computation 'jit_broadcast_in_dim' (key e25497f62a106efa) took 212.126439ms: PERSISTENT_FETCH
I0828 01:31:09.487104     720 server_lib.cc:1855] Attempting to load component jit_broadcast_in_dim.5622832922158732123 @ 0 at worker after 931.477us (proto size 2414)
I0828 01:31:09.685909    1309 tpu_chip_config.cc:367] Resolved chip config alias megachip_tccontrol->megacore for 2093c6a02, 
I0828 01:31:09.687373    1309 tpu_chip_config.cc:367] Resolved chip config alias megachip_tccontrol->megacore for 2093c6a02, 
I0828 01:31:09.688124    1309 xla_compilation_cache.cc:113] XLA compilation cache fetch for computation 'jit_broadcast_in_dim' (key 3d54611d484f0764) took 201.025509ms: PERSISTENT_FETCH
I0828 01:31:09.731572     720 server_lib.cc:1855] Attempting to load component jit_broadcast_in_dim.934836157317376105 @ 0 at worker after 954.61us (proto size 2412)
I0828 01:31:09.937397    1309 tpu_chip_config.cc:367] Resolved chip config alias megachip_tccontrol->megacore for 2093c6a02, 
I0828 01:31:09.938906    1309 tpu_chip_config.cc:367] Resolved chip config alias megachip_tccontrol->megacore for 2093c6a02, 
I0828 01:31:09.939658    1309 xla_compilation_cache.cc:113] XLA compilation cache fetch for computation 'jit_broadcast_in_dim' (key 39860bbd69c3e39) took 208.091874ms: PERSISTENT_FETCH
I0828 01:31:10.019227    1829 server_lib.cc:1855] Attempting to load component jit__split_rngs.6111309008459217411 @ 0 at worker after 1.205217ms (proto size 2446)
I0828 01:31:10.336696    1309 tpu_chip_config.cc:367] Resolved chip config alias megachip_tccontrol->megacore for 2093c6a02, 
I0828 01:31:10.338187    1309 tpu_chip_config.cc:367] Resolved chip config alias megachip_tccontrol->megacore for 2093c6a02, 
I0828 01:31:10.339740    1309 xla_compilation_cache.cc:113] XLA compilation cache fetch for computation 'jit__split_rngs' (key b77cd1a483527ab1) took 320.520633ms: PERSISTENT_FETCH
I0828 01:31:18.426843     755 server_lib.cc:1855] Attempting to load component jit__decode_core.927922527692928611 @ 0 at worker after 2.338483ms (proto size 15145)
I0828 01:31:25.455258    1309 tpu_chip_config.cc:367] Resolved chip config alias megachip_tccontrol->megacore for 2093c6a02, 
I0828 01:31:25.463029    1309 tpu_chip_config.cc:367] Resolved chip config alias megachip_tccontrol->megacore for 2093c6a02, 
I0828 01:31:25.489632    1309 xla_compilation_cache.cc:113] XLA compilation cache fetch for computation 'jit__decode_core' (key 9c6aeea7d0b8c0a1) took 7.062803089s: PERSISTENT_FETCH
I0828 01:31:33.833043     759 server_lib.cc:1855] Attempting to load component jit__decode_core.6111309008459216550 @ 0 at worker after 1.948228ms (proto size 15145)
I0828 01:31:40.815032    1309 tpu_chip_config.cc:367] Resolved chip config alias megachip_tccontrol->megacore for 2093c6a02, 
I0828 01:31:40.823389    1309 tpu_chip_config.cc:367] Resolved chip config alias megachip_tccontrol->megacore for 2093c6a02, 
I0828 01:31:40.848209    1309 xla_compilation_cache.cc:113] XLA compilation cache fetch for computation 'jit__decode_core' (key d78a36030e33f6a) took 7.015181589s: PERSISTENT_FETCH
I0828 01:31:49.420051     713 server_lib.cc:1855] Attempting to load component jit__decode_core.927922527692930282 @ 0 at worker after 2.178859ms (proto size 15145)
I0828 01:31:57.628583    1309 tpu_chip_config.cc:367] Resolved chip config alias megachip_tccontrol->megacore for 2093c6a02, 
I0828 01:31:57.637526    1309 tpu_chip_config.cc:367] Resolved chip config alias megachip_tccontrol->megacore for 2093c6a02, 
I0828 01:31:57.664275    1309 xla_compilation_cache.cc:113] XLA compilation cache fetch for computation 'jit__decode_core' (key 4277cd4b243cdf54) took 8.244238638s: PERSISTENT_FETCH
I0828 01:32:04.951886     755 server_lib.cc:1855] Attempting to load component jit__decode_core.6111309008459215689 @ 0 at worker after 2.312022ms (proto size 15146)
I0828 01:32:13.046120    1309 tpu_chip_config.cc:367] Resolved chip config alias megachip_tccontrol->megacore for 2093c6a02, 
I0828 01:32:13.055993    1309 tpu_chip_config.cc:367] Resolved chip config alias megachip_tccontrol->megacore for 2093c6a02, 
I0828 01:32:13.083725    1309 xla_compilation_cache.cc:113] XLA compilation cache fetch for computation 'jit__decode_core' (key 6564dfa844da5aaf) took 8.131851414s: PERSISTENT_FETCH
I0828 01:32:21.660605    1829 server_lib.cc:1855] Attempting to load component jit__decode_core.12947613028601668005 @ 0 at worker after 2.065015ms (proto size 15154)
I0828 01:32:29.320006    1309 tpu_chip_config.cc:367] Resolved chip config alias megachip_tccontrol->megacore for 2093c6a02, 
I0828 01:32:29.330361    1309 tpu_chip_config.cc:367] Resolved chip config alias megachip_tccontrol->megacore for 2093c6a02, 
I0828 01:32:29.355440    1309 xla_compilation_cache.cc:113] XLA compilation cache fetch for computation 'jit__decode_core' (key a56eb1e9b4226e95) took 7.694848792s: PERSISTENT_FETCH
I0828 01:32:36.529487    1829 server_lib.cc:1855] Attempting to load component jit__decode_core.6111309008459218924 @ 0 at worker after 2.275825ms (proto size 15153)
I0828 01:32:44.641468    1309 tpu_chip_config.cc:367] Resolved chip config alias megachip_tccontrol->megacore for 2093c6a02, 
I0828 01:32:44.651025    1309 tpu_chip_config.cc:367] Resolved chip config alias megachip_tccontrol->megacore for 2093c6a02, 
I0828 01:32:44.675853    1309 xla_compilation_cache.cc:113] XLA compilation cache fetch for computation 'jit__decode_core' (key 2ee5c19ac36e3f22) took 8.146379852s: PERSISTENT_FETCH
I0828 01:32:46.915866     721 server_lib.cc:1855] Attempting to load component jit_convert_element_type.927922527692929528 @ 0 at worker after 1.212464ms (proto size 2441)
I0828 01:32:47.162863     721 server_lib.cc:1855] Attempting to load component jit_convert_element_type.6111309008459216915 @ 0 at worker after 884.011us (proto size 2432)
I0828 01:32:47.177893    1309 tpu_chip_config.cc:367] Resolved chip config alias megachip_tccontrol->megacore for 2093c6a02, 
I0828 01:32:47.179662    1309 tpu_chip_config.cc:367] Resolved chip config alias megachip_tccontrol->megacore for 2093c6a02, 
I0828 01:32:47.180538    1309 xla_compilation_cache.cc:113] XLA compilation cache fetch for computation 'jit_convert_element_type' (key a3198de69802f198) took 264.684899ms: PERSISTENT_FETCH
I0828 01:32:47.362818     713 server_lib.cc:1855] Attempting to load component jit_convert_element_type.927922527692927103 @ 0 at worker after 1.083432ms (proto size 2431)
I0828 01:32:47.393029    1310 tpu_chip_config.cc:367] Resolved chip config alias megachip_tccontrol->megacore for 2093c6a02, 
I0828 01:32:47.394629    1310 tpu_chip_config.cc:367] Resolved chip config alias megachip_tccontrol->megacore for 2093c6a02, 
I0828 01:32:47.395405    1310 xla_compilation_cache.cc:113] XLA compilation cache fetch for computation 'jit_convert_element_type' (key 8391fcf61242972d) took 232.548262ms: PERSISTENT_FETCH
I0828 01:32:47.568906     720 server_lib.cc:1855] Attempting to load component jit_convert_element_type.6111309008459216054 @ 0 at worker after 1.043022ms (proto size 2445)
I0828 01:32:47.583611    1309 tpu_chip_config.cc:367] Resolved chip config alias megachip_tccontrol->megacore for 2093c6a02, 
I0828 01:32:47.585153    1309 tpu_chip_config.cc:367] Resolved chip config alias megachip_tccontrol->megacore for 2093c6a02, 
I0828 01:32:47.585923    1309 xla_compilation_cache.cc:113] XLA compilation cache fetch for computation 'jit_convert_element_type' (key 8d23742eb7ebcdab) took 223.116145ms: PERSISTENT_FETCH
I0828 01:32:47.800158     713 server_lib.cc:1855] Attempting to load component jit_convert_element_type.927922527692928774 @ 0 at worker after 1.041524ms (proto size 2445)
I0828 01:32:47.817807    1310 tpu_chip_config.cc:367] Resolved chip config alias megachip_tccontrol->megacore for 2093c6a02, 
I0828 01:32:47.819316    1310 tpu_chip_config.cc:367] Resolved chip config alias megachip_tccontrol->megacore for 2093c6a02, 
I0828 01:32:47.820103    1310 xla_compilation_cache.cc:113] XLA compilation cache fetch for computation 'jit_convert_element_type' (key 6293690a77289c3) took 251.20586ms: PERSISTENT_FETCH
I0828 01:32:48.022632     713 server_lib.cc:1855] Attempting to load component jit_convert_element_type.6111309008459215193 @ 0 at worker after 892.676us (proto size 2446)
I0828 01:32:48.036744    1309 tpu_chip_config.cc:367] Resolved chip config alias megachip_tccontrol->megacore for 2093c6a02, 
I0828 01:32:48.038259    1309 tpu_chip_config.cc:367] Resolved chip config alias megachip_tccontrol->megacore for 2093c6a02, 
I0828 01:32:48.039009    1309 xla_compilation_cache.cc:113] XLA compilation cache fetch for computation 'jit_convert_element_type' (key 345cb12078fdc08c) took 238.85804ms: PERSISTENT_FETCH
I0828 01:32:48.240662     713 server_lib.cc:1855] Attempting to load component jit_convert_element_type.927922527692930445 @ 0 at worker after 932.911us (proto size 2439)
I0828 01:32:48.247266    1310 tpu_chip_config.cc:367] Resolved chip config alias megachip_tccontrol->megacore for 2093c6a02, 
I0828 01:32:48.248776    1310 tpu_chip_config.cc:367] Resolved chip config alias megachip_tccontrol->megacore for 2093c6a02, 
I0828 01:32:48.249531    1310 xla_compilation_cache.cc:113] XLA compilation cache fetch for computation 'jit_convert_element_type' (key 60a864adbb879c50) took 226.905217ms: PERSISTENT_FETCH
I0828 01:32:48.441105     759 server_lib.cc:1855] Attempting to load component jit_convert_element_type.6111309008459218428 @ 0 at worker after 871.156us (proto size 2440)
I0828 01:32:48.450639    1309 tpu_chip_config.cc:367] Resolved chip config alias megachip_tccontrol->megacore for 2093c6a02, 
I0828 01:32:48.452133    1309 tpu_chip_config.cc:367] Resolved chip config alias megachip_tccontrol->megacore for 2093c6a02, 
I0828 01:32:48.452905    1309 xla_compilation_cache.cc:113] XLA compilation cache fetch for computation 'jit_convert_element_type' (key 92a4a75033dd804c) took 212.249599ms: PERSISTENT_FETCH
I0828 01:32:48.673203    1310 tpu_chip_config.cc:367] Resolved chip config alias megachip_tccontrol->megacore for 2093c6a02, 
I0828 01:32:48.674684    1310 tpu_chip_config.cc:367] Resolved chip config alias megachip_tccontrol->megacore for 2093c6a02, 
I0828 01:32:48.675475    1310 xla_compilation_cache.cc:113] XLA compilation cache fetch for computation 'jit_convert_element_type' (key c6fd9be301d69957) took 234.376494ms: PERSISTENT_FETCH
W0828 01:32:48.681070    1448 tpu_pjrt_client.cc:2349] PjRt execution dispatch was blocked for 1.709904ms because PjRt's max in-flight computation semaphore is full (limit: 32), which may negatively affect the performance
I0828 01:32:48.747181     759 server_lib.cc:1855] Attempting to load component jit_convert_element_type.927922527692928020 @ 0 at worker after 1.052217ms (proto size 2441)
I0828 01:32:48.982364    1310 tpu_chip_config.cc:367] Resolved chip config alias megachip_tccontrol->megacore for 2093c6a02, 
I0828 01:32:48.983956    1310 tpu_chip_config.cc:367] Resolved chip config alias megachip_tccontrol->megacore for 2093c6a02, 
I0828 01:32:48.984721    1310 xla_compilation_cache.cc:113] XLA compilation cache fetch for computation 'jit_convert_element_type' (key 8a4e0f344c48903f) took 237.548274ms: PERSISTENT_FETCH
I0828 01:32:49.010557     720 server_lib.cc:1855] Attempting to load component pre_reshard_9181198066278140929.1.6111309008459217567 @ 0 at worker after 1.199807ms (proto size 2460)
I0828 01:32:49.297153    1310 tpu_chip_config.cc:367] Resolved chip config alias megachip_tccontrol->megacore for 2093c6a02, 
I0828 01:32:49.298652    1310 tpu_chip_config.cc:367] Resolved chip config alias megachip_tccontrol->megacore for 2093c6a02, 
I0828 01:32:49.299440    1310 xla_compilation_cache.cc:113] XLA compilation cache fetch for computation 'pre_reshard_9181198066278140929.1' (key 688b8ce706c45beb) took 288.890135ms: PERSISTENT_FETCH
I0828 01:32:49.966570     717 xla_compilation_cache.cc:113] XLA compilation cache fetch for computation 'jit__allocate' (key 44c937081d7ee1dc) took 1.543us: IN_MEMORY_HIT
I0828 01:32:49.966593     717 server_lib.cc:1855] Attempting to load component jit__allocate.927922527692929691 @ 0 at worker after 1.448548ms (proto size 2403)
I0828 01:32:51.665149     762 worker_op_dispatcher.cc:4605] Component is not loaded yet; deferring unload until load completes: jit__allocate.927922527692929691 @ 0
I0828 01:32:51.665195    1515 server_lib.cc:743] Unloading component jit__allocate.927922527692929691 @ 0 at worker
I0828 01:33:05.666150     754 server_lib.cc:1855] Attempting to load component jit_split.6111309008459216872 @ 0 at worker after 1.137091ms (proto size 2486)
I0828 01:33:06.134187    1310 tpu_chip_config.cc:367] Resolved chip config alias megachip_tccontrol->megacore for 2093c6a02, 
I0828 01:33:06.136235    1310 tpu_chip_config.cc:367] Resolved chip config alias megachip_tccontrol->megacore for 2093c6a02, 
I0828 01:33:06.138148    1310 xla_compilation_cache.cc:113] XLA compilation cache fetch for computation 'jit_split' (key 58ab69a219ee1180) took 472.010936ms: PERSISTENT_FETCH
I0828 01:33:17.283679     754 server_lib.cc:1855] Attempting to load component jit__threefry_split.6111309008459215437 @ 0 at worker after 1.286416ms (proto size 2423)
I0828 01:33:17.565192    3093 server_lib.cc:1855] Attempting to load component jit_unstack.12947613028601669085 @ 0 at worker after 905.884us (proto size 2428)
I0828 01:33:17.581077    1310 tpu_chip_config.cc:367] Resolved chip config alias megachip_tccontrol->megacore for 2093c6a02, 
I0828 01:33:17.582814    1310 tpu_chip_config.cc:367] Resolved chip config alias megachip_tccontrol->megacore for 2093c6a02, 
I0828 01:33:17.584286    1310 xla_compilation_cache.cc:113] XLA compilation cache fetch for computation 'jit__threefry_split' (key ffae4053d9288eaf) took 300.619954ms: PERSISTENT_FETCH
I0828 01:33:17.758736    3104 server_lib.cc:1855] Attempting to load component jit_convert_element_type.6111309008459218672 @ 0 at worker after 942.097us (proto size 2440)
I0828 01:33:17.774777    1309 tpu_chip_config.cc:367] Resolved chip config alias megachip_tccontrol->megacore for 2093c6a02, 
I0828 01:33:17.776369    1309 tpu_chip_config.cc:367] Resolved chip config alias megachip_tccontrol->megacore for 2093c6a02, 
I0828 01:33:17.777188    1309 xla_compilation_cache.cc:113] XLA compilation cache fetch for computation 'jit_unstack' (key f4cb232f5cc0a2c9) took 212.004649ms: PERSISTENT_FETCH
I0828 01:33:17.956795    1310 tpu_chip_config.cc:367] Resolved chip config alias megachip_tccontrol->megacore for 2093c6a02, 
I0828 01:33:17.958272    1310 tpu_chip_config.cc:367] Resolved chip config alias megachip_tccontrol->megacore for 2093c6a02, 
I0828 01:33:17.959023    1310 xla_compilation_cache.cc:113] XLA compilation cache fetch for computation 'jit_convert_element_type' (key c666958a8729ef94) took 200.296536ms: PERSISTENT_FETCH
I0828 01:33:18.155747    3104 server_lib.cc:1855] Attempting to load component jit__canon_fused_decode_logprob_chunk.6111309008459217811 @ 0 at worker after 1.150405ms (proto size 2527)
I0828 01:33:19.826231    1310 tpu_chip_config.cc:367] Resolved chip config alias megachip_tccontrol->megacore for 2093c6a02, 
I0828 01:33:19.828234    1310 tpu_chip_config.cc:367] Resolved chip config alias megachip_tccontrol->megacore for 2093c6a02, 
I0828 01:33:19.829998    1310 xla_compilation_cache.cc:113] XLA compilation cache fetch for computation 'jit__canon_fused_decode_logprob_chunk' (key bcab894a92d4ff5) took 1.674259694s: PERSISTENT_FETCH
I0828 01:33:20.882142    1828 server_lib.cc:1855] Attempting to load component jit_split.12947613028601668499 @ 0 at worker after 1.103522ms (proto size 2487)
I0828 01:33:21.388369    1310 tpu_chip_config.cc:367] Resolved chip config alias megachip_tccontrol->megacore for 2093c6a02, 
I0828 01:33:21.390239    1310 tpu_chip_config.cc:367] Resolved chip config alias megachip_tccontrol->megacore for 2093c6a02, 
I0828 01:33:21.391987    1310 xla_compilation_cache.cc:113] XLA compilation cache fetch for computation 'jit_split' (key b35a7658f3892690) took 509.855312ms: PERSISTENT_FETCH
I0828 01:33:21.448879    3110 server_lib.cc:1855] Attempting to load component jit_convert_element_type.11097614078210884243 @ 0 at worker after 1.182248ms (proto size 2441)
I0828 01:33:21.684414    1310 tpu_chip_config.cc:367] Resolved chip config alias megachip_tccontrol->megacore for 2093c6a02, 
I0828 01:33:21.686031    1310 tpu_chip_config.cc:367] Resolved chip config alias megachip_tccontrol->megacore for 2093c6a02, 
I0828 01:33:21.686813    1310 xla_compilation_cache.cc:113] XLA compilation cache fetch for computation 'jit_convert_element_type' (key faae9e66f41c4daf) took 237.946134ms: PERSISTENT_FETCH
I0828 01:33:21.821664    3120 server_lib.cc:1855] Attempting to load component jit__canon_fused_decode_logprob_chunk.11097614078210884308 @ 0 at worker after 1.327826ms (proto size 2529)
I0828 01:33:23.544020    1310 tpu_chip_config.cc:367] Resolved chip config alias megachip_tccontrol->megacore for 2093c6a02, 
I0828 01:33:23.546112    1310 tpu_chip_config.cc:367] Resolved chip config alias megachip_tccontrol->megacore for 2093c6a02, 
I0828 01:33:23.547951    1310 xla_compilation_cache.cc:113] XLA compilation cache fetch for computation 'jit__canon_fused_decode_logprob_chunk' (key 26a88f9659c39689) took 1.726295296s: PERSISTENT_FETCH
I0828 01:33:24.587945    3110 server_lib.cc:1855] Attempting to load component jit_split.6111309008459217262 @ 0 at worker after 1.147777ms (proto size 2486)
I0828 01:33:25.095035    1310 tpu_chip_config.cc:367] Resolved chip config alias megachip_tccontrol->megacore for 2093c6a02, 
I0828 01:33:25.096943    1310 tpu_chip_config.cc:367] Resolved chip config alias megachip_tccontrol->megacore for 2093c6a02, 
I0828 01:33:25.098696    1310 xla_compilation_cache.cc:113] XLA compilation cache fetch for computation 'jit_split' (key 4e0e435c16749359) took 510.761723ms: PERSISTENT_FETCH
I0828 01:33:25.167394    3110 server_lib.cc:1855] Attempting to load component jit_convert_element_type.927922527692927007 @ 0 at worker after 984.222us (proto size 2439)
I0828 01:33:25.401527    1310 tpu_chip_config.cc:367] Resolved chip config alias megachip_tccontrol->megacore for 2093c6a02, 
I0828 01:33:25.403116    1310 tpu_chip_config.cc:367] Resolved chip config alias megachip_tccontrol->megacore for 2093c6a02, 
I0828 01:33:25.403872    1310 xla_compilation_cache.cc:113] XLA compilation cache fetch for computation 'jit_convert_element_type' (key c108b861a3561349) took 236.487459ms: PERSISTENT_FETCH
I0828 01:33:25.538295    2923 server_lib.cc:1855] Attempting to load component jit__canon_fused_decode_logprob_chunk.927922527692928678 @ 0 at worker after 1.253156ms (proto size 2527)
I0828 01:33:26.544871    1310 tpu_chip_config.cc:367] Resolved chip config alias megachip_tccontrol->megacore for 2093c6a02, 
I0828 01:33:26.546984    1310 tpu_chip_config.cc:367] Resolved chip config alias megachip_tccontrol->megacore for 2093c6a02, 
I0828 01:33:26.548801    1310 xla_compilation_cache.cc:113] XLA compilation cache fetch for computation 'jit__canon_fused_decode_logprob_chunk' (key 621e2c2b1a201d48) took 1.010514959s: PERSISTENT_FETCH
I0828 01:33:28.900350    3061 server_lib.cc:1855] Attempting to load component jit_split.11097614078210884351 @ 0 at worker after 959.427us (proto size 2487)
I0828 01:33:29.371684    1310 tpu_chip_config.cc:367] Resolved chip config alias megachip_tccontrol->megacore for 2093c6a02, 
I0828 01:33:29.374158    1310 tpu_chip_config.cc:367] Resolved chip config alias megachip_tccontrol->megacore for 2093c6a02, 
I0828 01:33:29.376236    1310 xla_compilation_cache.cc:113] XLA compilation cache fetch for computation 'jit_split' (key 4e04eb4bfadb2aeb) took 475.897317ms: PERSISTENT_FETCH
I0828 01:33:29.440384    2923 server_lib.cc:1855] Attempting to load component jit_convert_element_type.6111309008459216295 @ 0 at worker after 1.033178ms (proto size 2440)
I0828 01:33:29.634090    1310 tpu_chip_config.cc:367] Resolved chip config alias megachip_tccontrol->megacore for 2093c6a02, 
I0828 01:33:29.635669    1310 tpu_chip_config.cc:367] Resolved chip config alias megachip_tccontrol->megacore for 2093c6a02, 
I0828 01:33:29.636443    1310 xla_compilation_cache.cc:113] XLA compilation cache fetch for computation 'jit_convert_element_type' (key fddce002a431323b) took 196.069657ms: PERSISTENT_FETCH
I0828 01:33:29.780905    2923 server_lib.cc:1855] Attempting to load component jit__canon_fused_decode_logprob_chunk.6111309008459215434 @ 0 at worker after 1.15567ms (proto size 2528)
I0828 01:33:30.739951    1310 tpu_chip_config.cc:367] Resolved chip config alias megachip_tccontrol->megacore for 2093c6a02, 
I0828 01:33:30.741800    1310 tpu_chip_config.cc:367] Resolved chip config alias megachip_tccontrol->megacore for 2093c6a02, 
I0828 01:33:30.743819    1310 xla_compilation_cache.cc:113] XLA compilation cache fetch for computation 'jit__canon_fused_decode_logprob_chunk' (key d49cd61d7d874d5d) took 962.922418ms: PERSISTENT_FETCH
I0828 01:33:35.773162    1828 server_lib.cc:1855] Attempting to load component jit_split.5622832922158734168 @ 0 at worker after 942.578us (proto size 2487)
I0828 01:33:36.261613    1310 tpu_chip_config.cc:367] Resolved chip config alias megachip_tccontrol->megacore for 2093c6a02, 
I0828 01:33:36.263930    1310 tpu_chip_config.cc:367] Resolved chip config alias megachip_tccontrol->megacore for 2093c6a02, 
I0828 01:33:36.265855    1310 xla_compilation_cache.cc:113] XLA compilation cache fetch for computation 'jit_split' (key ef83e0dd3251fbac) took 492.704421ms: PERSISTENT_FETCH
I0828 01:33:36.318665    1828 server_lib.cc:1855] Attempting to load component jit_convert_element_type.934836157317377995 @ 0 at worker after 976.682us (proto size 2439)
I0828 01:33:36.517880    1310 tpu_chip_config.cc:367] Resolved chip config alias megachip_tccontrol->megacore for 2093c6a02, 
I0828 01:33:36.519510    1310 tpu_chip_config.cc:367] Resolved chip config alias megachip_tccontrol->megacore for 2093c6a02, 
I0828 01:33:36.520294    1310 xla_compilation_cache.cc:113] XLA compilation cache fetch for computation 'jit_convert_element_type' (key 3991ecf5d3365c) took 201.661596ms: PERSISTENT_FETCH
I0828 01:33:36.658140    3130 server_lib.cc:1855] Attempting to load component jit__canon_fused_decode_logprob_chunk.934836157317376824 @ 0 at worker after 1.08505ms (proto size 2532)
I0828 01:33:37.711690    1310 tpu_chip_config.cc:367] Resolved chip config alias megachip_tccontrol->megacore for 2093c6a02, 
I0828 01:33:37.713794    1310 tpu_chip_config.cc:367] Resolved chip config alias megachip_tccontrol->megacore for 2093c6a02, 
I0828 01:33:37.715438    1310 xla_compilation_cache.cc:113] XLA compilation cache fetch for computation 'jit__canon_fused_decode_logprob_chunk' (key e7d73fd91415f93a) took 1.057307189s: PERSISTENT_FETCH
I0828 01:33:48.919955    3104 server_lib.cc:1855] Attempting to load component jit_split.196317131024096546 @ 0 at worker after 1.108612ms (proto size 2486)
I0828 01:33:49.381750    1310 tpu_chip_config.cc:367] Resolved chip config alias megachip_tccontrol->megacore for 2093c6a02, 
I0828 01:33:49.384079    1310 tpu_chip_config.cc:367] Resolved chip config alias megachip_tccontrol->megacore for 2093c6a02, 
I0828 01:33:49.385849    1310 xla_compilation_cache.cc:113] XLA compilation cache fetch for computation 'jit_split' (key 371900f49c821d60) took 465.905769ms: PERSISTENT_FETCH
I0828 01:33:49.448855    3061 server_lib.cc:1855] Attempting to load component jit_convert_element_type.5622832922158731410 @ 0 at worker after 979.673us (proto size 2442)
I0828 01:33:49.684402    1310 tpu_chip_config.cc:367] Resolved chip config alias megachip_tccontrol->megacore for 2093c6a02, 
I0828 01:33:49.685976    1310 tpu_chip_config.cc:367] Resolved chip config alias megachip_tccontrol->megacore for 2093c6a02, 
I0828 01:33:49.686749    1310 xla_compilation_cache.cc:113] XLA compilation cache fetch for computation 'jit_convert_element_type' (key 3656918424642386) took 237.904017ms: PERSISTENT_FETCH
I0828 01:33:49.817448    3120 server_lib.cc:1855] Attempting to load component jit__canon_fused_decode_logprob_chunk.5622832922158732349 @ 0 at worker after 1.079246ms (proto size 2533)
I0828 01:33:50.402671    1310 tpu_chip_config.cc:367] Resolved chip config alias megachip_tccontrol->megacore for 2093c6a02, 
I0828 01:33:50.404512    1310 tpu_chip_config.cc:367] Resolved chip config alias megachip_tccontrol->megacore for 2093c6a02, 
I0828 01:33:50.405787    1310 xla_compilation_cache.cc:113] XLA compilation cache fetch for computation 'jit__canon_fused_decode_logprob_chunk' (key 911931fecfb956a4) took 588.347377ms: PERSISTENT_FETCH
I0828 01:35:46.773582    2923 server_lib.cc:1855] Attempting to load component jit_split.927922527692930632 @ 0 at worker after 1.190052ms (proto size 2484)
I0828 01:35:47.199140    2923 server_lib.cc:1855] Attempting to load component jit__compute_active_mask.1182302940440488498 @ 0 at worker after 1.036656ms (proto size 2430)
I0828 01:35:47.221018    1310 tpu_chip_config.cc:367] Resolved chip config alias megachip_tccontrol->megacore for 2093c6a02, 
I0828 01:35:47.222993    1310 tpu_chip_config.cc:367] Resolved chip config alias megachip_tccontrol->megacore for 2093c6a02, 
I0828 01:35:47.224773    1310 xla_compilation_cache.cc:113] XLA compilation cache fetch for computation 'jit_split' (key 7405e16df67d782c) took 451.203168ms: PERSISTENT_FETCH
I0828 01:35:47.406210    1309 tpu_chip_config.cc:367] Resolved chip config alias megachip_tccontrol->megacore for 2093c6a02, 
I0828 01:35:47.407806    1309 tpu_chip_config.cc:367] Resolved chip config alias megachip_tccontrol->megacore for 2093c6a02, 
I0828 01:35:47.408631    1309 xla_compilation_cache.cc:113] XLA compilation cache fetch for computation 'jit__compute_active_mask' (key 91010c1c33592fec) took 209.498435ms: PERSISTENT_FETCH
I0828 01:35:55.227322    2923 server_lib.cc:1855] Attempting to load component jit__decode_core.927922527692929321 @ 0 at worker after 2.22765ms (proto size 15280)
I0828 01:36:06.342075    1309 tpu_chip_config.cc:367] Resolved chip config alias megachip_tccontrol->megacore for 2093c6a02, 
I0828 01:36:06.352266    1309 tpu_chip_config.cc:367] Resolved chip config alias megachip_tccontrol->megacore for 2093c6a02, 
I0828 01:36:06.381952    1309 xla_compilation_cache.cc:113] XLA compilation cache fetch for computation 'jit__decode_core' (key 97405581e25a2132) took 11.154644529s: PERSISTENT_FETCH
I0828 01:36:31.820903     754 server_lib.cc:1855] Attempting to load component jit_split.12947613028601667817 @ 0 at worker after 1.044408ms (proto size 2486)
I0828 01:36:32.286270     754 server_lib.cc:1855] Attempting to load component jit__compute_active_mask.11097614078210885664 @ 0 at worker after 951.772us (proto size 2431)
I0828 01:36:32.296948    1309 tpu_chip_config.cc:367] Resolved chip config alias megachip_tccontrol->megacore for 2093c6a02, 
I0828 01:36:32.298886    1309 tpu_chip_config.cc:367] Resolved chip config alias megachip_tccontrol->megacore for 2093c6a02, 
I0828 01:36:32.300636    1309 xla_compilation_cache.cc:113] XLA compilation cache fetch for computation 'jit_split' (key b6b4c93268755159) took 479.744557ms: PERSISTENT_FETCH
I0828 01:36:32.527652    1310 tpu_chip_config.cc:367] Resolved chip config alias megachip_tccontrol->megacore for 2093c6a02, 
I0828 01:36:32.529204    1310 tpu_chip_config.cc:367] Resolved chip config alias megachip_tccontrol->megacore for 2093c6a02, 
I0828 01:36:32.529997    1310 xla_compilation_cache.cc:113] XLA compilation cache fetch for computation 'jit__compute_active_mask' (key 37da09711dfca59f) took 243.734413ms: PERSISTENT_FETCH
I0828 01:36:40.288516     754 server_lib.cc:1855] Attempting to load component jit__decode_core.12947613028601668357 @ 0 at worker after 2.284971ms (proto size 15282)
I0828 01:36:49.834067    1310 tpu_chip_config.cc:367] Resolved chip config alias megachip_tccontrol->megacore for 2093c6a02, 
I0828 01:36:49.843638    1310 tpu_chip_config.cc:367] Resolved chip config alias megachip_tccontrol->megacore for 2093c6a02, 
I0828 01:36:49.872945    1310 xla_compilation_cache.cc:113] XLA compilation cache fetch for computation 'jit__decode_core' (key 58d4c4e77a63064d) took 9.584441972s: PERSISTENT_FETCH
I0828 01:37:02.811832    2929 server_lib.cc:1855] Attempting to load component jit_split.6111309008459215542 @ 0 at worker after 850.483us (proto size 2485)
I0828 01:37:03.260753    2929 server_lib.cc:1855] Attempting to load component jit__compute_active_mask.927922527692931018 @ 0 at worker after 838.192us (proto size 2429)
I0828 01:37:03.276168    1310 tpu_chip_config.cc:367] Resolved chip config alias megachip_tccontrol->megacore for 2093c6a02, 
I0828 01:37:03.278370    1310 tpu_chip_config.cc:367] Resolved chip config alias megachip_tccontrol->megacore for 2093c6a02, 
I0828 01:37:03.280117    1310 xla_compilation_cache.cc:113] XLA compilation cache fetch for computation 'jit_split' (key 696bf98d837307a6) took 468.297409ms: PERSISTENT_FETCH
I0828 01:37:03.468819    1309 tpu_chip_config.cc:367] Resolved chip config alias megachip_tccontrol->megacore for 2093c6a02, 
I0828 01:37:03.470379    1309 tpu_chip_config.cc:367] Resolved chip config alias megachip_tccontrol->megacore for 2093c6a02, 
I0828 01:37:03.471219    1309 xla_compilation_cache.cc:113] XLA compilation cache fetch for computation 'jit__compute_active_mask' (key eb42a768eec1b38a) took 210.473106ms: PERSISTENT_FETCH
I0828 01:37:11.485179    2856 server_lib.cc:1855] Attempting to load component jit__decode_core.6111309008459218490 @ 0 at worker after 2.376531ms (proto size 15281)
I0828 01:37:20.217839    1309 tpu_chip_config.cc:367] Resolved chip config alias megachip_tccontrol->megacore for 2093c6a02, 
I0828 01:37:20.226948    1309 tpu_chip_config.cc:367] Resolved chip config alias megachip_tccontrol->megacore for 2093c6a02, 
I0828 01:37:20.254411    1309 xla_compilation_cache.cc:113] XLA compilation cache fetch for computation 'jit__decode_core' (key b448215752a97420) took 8.76924669s: PERSISTENT_FETCH
I0828 01:37:27.638916    2926 server_lib.cc:1855] Attempting to load component jit_split.12199592962835255805 @ 0 at worker after 929.203us (proto size 2486)
I0828 01:37:28.080847    2926 server_lib.cc:1855] Attempting to load component jit__compute_active_mask.6111309008459215068 @ 0 at worker after 883.251us (proto size 2430)
I0828 01:37:28.098475    1309 tpu_chip_config.cc:367] Resolved chip config alias megachip_tccontrol->megacore for 2093c6a02, 
I0828 01:37:28.100361    1309 tpu_chip_config.cc:367] Resolved chip config alias megachip_tccontrol->megacore for 2093c6a02, 
I0828 01:37:28.102013    1309 xla_compilation_cache.cc:113] XLA compilation cache fetch for computation 'jit_split' (key 81e06c65b6abc817) took 463.110285ms: PERSISTENT_FETCH
I0828 01:37:28.296459    1310 tpu_chip_config.cc:367] Resolved chip config alias megachip_tccontrol->megacore for 2093c6a02, 
I0828 01:37:28.298088    1310 tpu_chip_config.cc:367] Resolved chip config alias megachip_tccontrol->megacore for 2093c6a02, 
I0828 01:37:28.298930    1310 xla_compilation_cache.cc:113] XLA compilation cache fetch for computation 'jit__compute_active_mask' (key bcf448b2a6623cb1) took 218.091163ms: PERSISTENT_FETCH
I0828 01:37:36.280276    3130 server_lib.cc:1855] Attempting to load component jit__decode_core.12199592962835257857 @ 0 at worker after 2.380353ms (proto size 15282)
I0828 01:37:47.451032    1310 tpu_chip_config.cc:367] Resolved chip config alias megachip_tccontrol->megacore for 2093c6a02, 
I0828 01:37:47.459406    1310 tpu_chip_config.cc:367] Resolved chip config alias megachip_tccontrol->megacore for 2093c6a02, 
I0828 01:37:47.488082    1310 xla_compilation_cache.cc:113] XLA compilation cache fetch for computation 'jit__decode_core' (key da98939882311550) took 11.207819445s: PERSISTENT_FETCH
I0828 01:38:33.844563    2856 server_lib.cc:1855] Attempting to load component jit_compute_per_token_logps.4583327957303544681 @ 0 at worker after 2.03558ms (proto size 12351)
I0828 01:41:15.339942    1310 tpu_chip_config.cc:367] Resolved chip config alias megachip_tccontrol->megacore for 2093c6a02, 
I0828 01:41:15.361991    1310 tpu_chip_config.cc:367] Resolved chip config alias megachip_tccontrol->megacore for 2093c6a02, 
I0828 01:41:15.976209    1310 xla_compilation_cache.cc:113] XLA compilation cache fetch for computation 'jit_compute_per_token_logps' (key 9e2c567d14eedb8f) took 2m42.131663558s: PERSISTENT_FETCH
I0828 01:41:17.071325    2929 server_lib.cc:1855] Attempting to load component jit_subtract.4583327957303545442 @ 0 at worker after 1.327714ms (proto size 2441)
I0828 01:41:17.301183    1310 tpu_chip_config.cc:367] Resolved chip config alias megachip_tccontrol->megacore for 2093c6a02, 
I0828 01:41:17.303164    1310 tpu_chip_config.cc:367] Resolved chip config alias megachip_tccontrol->megacore for 2093c6a02, 
I0828 01:41:17.304214    1310 xla_compilation_cache.cc:113] XLA compilation cache fetch for computation 'jit_subtract' (key be3e11a37f61eaab) took 232.905424ms: PERSISTENT_FETCH
I0828 01:41:17.564716    3119 server_lib.cc:1855] Attempting to load component jit_abs.4583327957303543097 @ 0 at worker after 1.063868ms (proto size 2406)
I0828 01:41:17.771454    3119 server_lib.cc:1855] Attempting to load component jit_multiply.5734983100396399342 @ 0 at worker after 922.857us (proto size 2441)
I0828 01:41:17.795036    1310 tpu_chip_config.cc:367] Resolved chip config alias megachip_tccontrol->megacore for 2093c6a02, 
I0828 01:41:17.797220    1310 tpu_chip_config.cc:367] Resolved chip config alias megachip_tccontrol->megacore for 2093c6a02, 
I0828 01:41:17.798341    1310 xla_compilation_cache.cc:113] XLA compilation cache fetch for computation 'jit_abs' (key 57620e4639e22620) took 233.635312ms: PERSISTENT_FETCH
I0828 01:41:17.998405    2929 server_lib.cc:1855] Attempting to load component jit__reduce_sum.4583327957303544848 @ 0 at worker after 1.008975ms (proto size 2408)
I0828 01:41:18.003439    1309 tpu_chip_config.cc:367] Resolved chip config alias megachip_tccontrol->megacore for 2093c6a02, 
I0828 01:41:18.005066    1309 tpu_chip_config.cc:367] Resolved chip config alias megachip_tccontrol->megacore for 2093c6a02, 
I0828 01:41:18.006140    1309 xla_compilation_cache.cc:113] XLA compilation cache fetch for computation 'jit_multiply' (key 6cf33a59b1616e53) took 234.692322ms: PERSISTENT_FETCH
I0828 01:41:18.224455    2929 server_lib.cc:1855] Attempting to load component jit_true_divide.5734983100396399753 @ 0 at worker after 942.409us (proto size 2405)
I0828 01:41:18.238877    1310 tpu_chip_config.cc:367] Resolved chip config alias megachip_tccontrol->megacore for 2093c6a02, 
I0828 01:41:18.240790    1310 tpu_chip_config.cc:367] Resolved chip config alias megachip_tccontrol->megacore for 2093c6a02, 
I0828 01:41:18.241848    1310 xla_compilation_cache.cc:113] XLA compilation cache fetch for computation 'jit__reduce_sum' (key 4f52f3eb72f64148) took 243.454232ms: PERSISTENT_FETCH
I0828 01:41:18.435237    1309 tpu_chip_config.cc:367] Resolved chip config alias megachip_tccontrol->megacore for 2093c6a02, 
I0828 01:41:18.436752    1309 tpu_chip_config.cc:367] Resolved chip config alias megachip_tccontrol->megacore for 2093c6a02, 
I0828 01:41:18.437552    1309 xla_compilation_cache.cc:113] XLA compilation cache fetch for computation 'jit_true_divide' (key d4cd2ce4f2e64f0e) took 213.106946ms: PERSISTENT_FETCH
I0828 01:42:33.768078    3130 server_lib.cc:1855] Attempting to load component jit__where.4583327957303542503 @ 0 at worker after 1.601787ms (proto size 2447)
I0828 01:42:34.011336    1309 tpu_chip_config.cc:367] Resolved chip config alias megachip_tccontrol->megacore for 2093c6a02, 
I0828 01:42:34.013253    1309 tpu_chip_config.cc:367] Resolved chip config alias megachip_tccontrol->megacore for 2093c6a02, 
I0828 01:42:34.014249    1309 xla_compilation_cache.cc:113] XLA compilation cache fetch for computation 'jit__where' (key b9a9391dafcc9ae) took 246.184163ms: PERSISTENT_FETCH
I0828 01:42:34.022493    3130 server_lib.cc:1855] Attempting to load component jit__reduce_max.4583327957303542107 @ 0 at worker after 1.053533ms (proto size 2408)
I0828 01:42:34.298458    1309 tpu_chip_config.cc:367] Resolved chip config alias megachip_tccontrol->megacore for 2093c6a02, 
I0828 01:42:34.300066    1309 tpu_chip_config.cc:367] Resolved chip config alias megachip_tccontrol->megacore for 2093c6a02, 
I0828 01:42:34.300901    1309 xla_compilation_cache.cc:113] XLA compilation cache fetch for computation 'jit__reduce_max' (key 36175c2c749d189a) took 278.41547ms: PERSISTENT_FETCH
I0828 01:42:34.535669    2923 server_lib.cc:1855] Attempting to load component jit_exp.4583327957303543858 @ 0 at worker after 1.26398ms (proto size 2406)
I0828 01:42:34.748011    1309 tpu_chip_config.cc:367] Resolved chip config alias megachip_tccontrol->megacore for 2093c6a02, 
I0828 01:42:34.749585    1309 tpu_chip_config.cc:367] Resolved chip config alias megachip_tccontrol->megacore for 2093c6a02, 
I0828 01:42:34.750365    1309 xla_compilation_cache.cc:113] XLA compilation cache fetch for computation 'jit_exp' (key f9ef56697270bd0b) took 214.706949ms: PERSISTENT_FETCH
I0828 01:42:35.009592    3010 server_lib.cc:1855] Attempting to load component jit_reshape.4583327957303545609 @ 0 at worker after 1.123288ms (proto size 2411)
I0828 01:42:35.225434    1309 tpu_chip_config.cc:367] Resolved chip config alias megachip_tccontrol->megacore for 2093c6a02, 
I0828 01:42:35.226980    1309 tpu_chip_config.cc:367] Resolved chip config alias megachip_tccontrol->megacore for 2093c6a02, 
I0828 01:42:35.227741    1309 xla_compilation_cache.cc:113] XLA compilation cache fetch for computation 'jit_reshape' (key e5e873d3f848ec12) took 218.156606ms: PERSISTENT_FETCH
I0828 01:42:35.810659    3010 server_lib.cc:1855] Attempting to load component jit_multiply.4583327957303545015 @ 0 at worker after 1.036486ms (proto size 2432)
I0828 01:42:36.034277    1309 tpu_chip_config.cc:367] Resolved chip config alias megachip_tccontrol->megacore for 2093c6a02, 
I0828 01:42:36.036085    1309 tpu_chip_config.cc:367] Resolved chip config alias megachip_tccontrol->megacore for 2093c6a02, 
I0828 01:42:36.036982    1309 xla_compilation_cache.cc:113] XLA compilation cache fetch for computation 'jit_multiply' (key 693bc4d312e44bb1) took 226.334063ms: PERSISTENT_FETCH
I0828 01:42:36.290336    2923 server_lib.cc:1855] Attempting to load component jit__reduce_sum.4583327957303542670 @ 0 at worker after 839.139us (proto size 2405)
I0828 01:42:36.505243    1309 tpu_chip_config.cc:367] Resolved chip config alias megachip_tccontrol->megacore for 2093c6a02, 
I0828 01:42:36.506893    1309 tpu_chip_config.cc:367] Resolved chip config alias megachip_tccontrol->megacore for 2093c6a02, 
I0828 01:42:36.507769    1309 xla_compilation_cache.cc:113] XLA compilation cache fetch for computation 'jit__reduce_sum' (key cb494c080a8649f9) took 217.44302ms: PERSISTENT_FETCH
I0828 01:42:36.715324    2856 server_lib.cc:1855] Attempting to load component jit_subtract.4583327957303544421 @ 0 at worker after 927.438us (proto size 2420)
I0828 01:42:36.917753    2856 server_lib.cc:1855] Attempting to load component jit_multiply.5734983100396398945 @ 0 at worker after 965.349us (proto size 2432)
I0828 01:42:36.925130    1309 tpu_chip_config.cc:367] Resolved chip config alias megachip_tccontrol->megacore for 2093c6a02, 
I0828 01:42:36.926705    1309 tpu_chip_config.cc:367] Resolved chip config alias megachip_tccontrol->megacore for 2093c6a02, 
I0828 01:42:36.927514    1309 xla_compilation_cache.cc:113] XLA compilation cache fetch for computation 'jit_subtract' (key 11b0dc8584ec5ef) took 212.20059ms: PERSISTENT_FETCH
I0828 01:42:37.130350    1310 tpu_chip_config.cc:367] Resolved chip config alias megachip_tccontrol->megacore for 2093c6a02, 
I0828 01:42:37.131970    1310 tpu_chip_config.cc:367] Resolved chip config alias megachip_tccontrol->megacore for 2093c6a02, 
I0828 01:42:37.132745    1310 xla_compilation_cache.cc:113] XLA compilation cache fetch for computation 'jit_multiply' (key 6ef24ddd1aed54b6) took 214.998538ms: PERSISTENT_FETCH
I0828 01:42:37.138669    3061 server_lib.cc:1855] Attempting to load component jit_multiply.4583327957303542076 @ 0 at worker after 955.017us (proto size 2432)
I0828 01:42:37.349456    3130 server_lib.cc:1855] Attempting to load component jit_multiply.5734983100396399356 @ 0 at worker after 996.055us (proto size 2399)
I0828 01:42:37.352891    1310 tpu_chip_config.cc:367] Resolved chip config alias megachip_tccontrol->megacore for 2093c6a02, 
I0828 01:42:37.354474    1310 tpu_chip_config.cc:367] Resolved chip config alias megachip_tccontrol->megacore for 2093c6a02, 
I0828 01:42:37.355257    1310 xla_compilation_cache.cc:113] XLA compilation cache fetch for computation 'jit_multiply' (key 60022e5dbf1633c0) took 216.596481ms: PERSISTENT_FETCH
I0828 01:42:37.559210    3110 server_lib.cc:1855] Attempting to load component jit_maximum.4583327957303543827 @ 0 at worker after 1.124608ms (proto size 2397)
I0828 01:42:37.567779    1309 tpu_chip_config.cc:367] Resolved chip config alias megachip_tccontrol->megacore for 2093c6a02, 
I0828 01:42:37.569312    1309 tpu_chip_config.cc:367] Resolved chip config alias megachip_tccontrol->megacore for 2093c6a02, 
I0828 01:42:37.570133    1309 xla_compilation_cache.cc:113] XLA compilation cache fetch for computation 'jit_multiply' (key dfe0e73cf7764f57) took 220.685056ms: PERSISTENT_FETCH
I0828 01:42:37.756319    3010 server_lib.cc:1855] Attempting to load component jit_sqrt.5734983100396399904 @ 0 at worker after 1.004848ms (proto size 2380)
I0828 01:42:37.772981    1310 tpu_chip_config.cc:367] Resolved chip config alias megachip_tccontrol->megacore for 2093c6a02, 
I0828 01:42:37.774521    1310 tpu_chip_config.cc:367] Resolved chip config alias megachip_tccontrol->megacore for 2093c6a02, 
I0828 01:42:37.775282    1310 xla_compilation_cache.cc:113] XLA compilation cache fetch for computation 'jit_maximum' (key fcf61c2491082633) took 216.082063ms: PERSISTENT_FETCH
I0828 01:42:37.972901    3110 server_lib.cc:1855] Attempting to load component jit_true_divide.4583327957303545578 @ 0 at worker after 1.030066ms (proto size 2405)
I0828 01:42:37.987385    1309 tpu_chip_config.cc:367] Resolved chip config alias megachip_tccontrol->megacore for 2093c6a02, 
I0828 01:42:37.988902    1309 tpu_chip_config.cc:367] Resolved chip config alias megachip_tccontrol->megacore for 2093c6a02, 
I0828 01:42:37.989664    1309 xla_compilation_cache.cc:113] XLA compilation cache fetch for computation 'jit_sqrt' (key e47c3a36ca52ab11) took 233.351937ms: PERSISTENT_FETCH
I0828 01:42:38.202251    1310 tpu_chip_config.cc:367] Resolved chip config alias megachip_tccontrol->megacore for 2093c6a02, 
I0828 01:42:38.203807    1310 tpu_chip_config.cc:367] Resolved chip config alias megachip_tccontrol->megacore for 2093c6a02, 
I0828 01:42:38.204597    1310 xla_compilation_cache.cc:113] XLA compilation cache fetch for computation 'jit_true_divide' (key 9967bfe1ef797654) took 231.703812ms: PERSISTENT_FETCH
I0828 01:42:38.958445    2923 server_lib.cc:1855] Attempting to load component jit_run_compute_logits.1182302940440488702 @ 0 at worker after 1.013123ms (proto size 2463)
I0828 01:42:39.401861    3010 server_lib.cc:1855] Attempting to load component jit__select_from_array_fn.1182302940440488521 @ 0 at worker after 980.204us (proto size 2463)
I0828 01:42:39.411605    1310 tpu_chip_config.cc:367] Resolved chip config alias megachip_tccontrol->megacore for 2093c6a02, 
I0828 01:42:39.413170    1310 tpu_chip_config.cc:367] Resolved chip config alias megachip_tccontrol->megacore for 2093c6a02, 
I0828 01:42:39.414273    1310 xla_compilation_cache.cc:113] XLA compilation cache fetch for computation 'jit_run_compute_logits' (key c24bb77898910691) took 455.836444ms: PERSISTENT_FETCH
I0828 01:42:40.544074    2856 server_lib.cc:1855] Attempting to load component jit_convert_element_type.196317131024095177 @ 0 at worker after 976.995us (proto size 2439)
I0828 01:42:40.557260    1309 tpu_chip_config.cc:367] Resolved chip config alias megachip_tccontrol->megacore for 2093c6a02, 
I0828 01:42:40.558934    1309 tpu_chip_config.cc:367] Resolved chip config alias megachip_tccontrol->megacore for 2093c6a02, 
I0828 01:42:40.559850    1309 xla_compilation_cache.cc:113] XLA compilation cache fetch for computation 'jit__select_from_array_fn' (key a2c3cd66dc1d12db) took 1.157997886s: PERSISTENT_FETCH
I0828 01:42:40.779198    1310 tpu_chip_config.cc:367] Resolved chip config alias megachip_tccontrol->megacore for 2093c6a02, 
I0828 01:42:40.780765    1310 tpu_chip_config.cc:367] Resolved chip config alias megachip_tccontrol->megacore for 2093c6a02, 
I0828 01:42:40.781556    1310 xla_compilation_cache.cc:113] XLA compilation cache fetch for computation 'jit_convert_element_type' (key ef6b06561fce1b70) took 237.49293ms: PERSISTENT_FETCH
I0828 01:42:40.834893    3010 server_lib.cc:1855] Attempting to load component jit_sample.1182302940440488340 @ 0 at worker after 1.120006ms (proto size 2533)
I0828 01:42:42.728752    3010 server_lib.cc:1855] Attempting to load component jit_convert_element_type.196317131024095454 @ 0 at worker after 1.104713ms (proto size 2441)
I0828 01:42:42.744325    1310 tpu_chip_config.cc:367] Resolved chip config alias megachip_tccontrol->megacore for 2093c6a02, 
I0828 01:42:42.746370    1310 tpu_chip_config.cc:367] Resolved chip config alias megachip_tccontrol->megacore for 2093c6a02, 
I0828 01:42:42.748567    1310 xla_compilation_cache.cc:113] XLA compilation cache fetch for computation 'jit_sample' (key 100be14ad68a6537) took 1.913683034s: PERSISTENT_FETCH
I0828 01:42:42.945342    3010 server_lib.cc:1855] Attempting to load component jit_reshape.5734983100396398137 @ 0 at worker after 875.914us (proto size 2418)
I0828 01:42:42.951992    1309 tpu_chip_config.cc:367] Resolved chip config alias megachip_tccontrol->megacore for 2093c6a02, 
I0828 01:42:42.953495    1309 tpu_chip_config.cc:367] Resolved chip config alias megachip_tccontrol->megacore for 2093c6a02, 
I0828 01:42:42.954274    1309 xla_compilation_cache.cc:113] XLA compilation cache fetch for computation 'jit_convert_element_type' (key 6e3c890b38b4aedc) took 225.532874ms: PERSISTENT_FETCH
I0828 01:42:43.203473    3010 server_lib.cc:1855] Attempting to load component jit_reshape.4583327957303545745 @ 0 at worker after 1.020494ms (proto size 2419)
I0828 01:42:43.214113    1310 tpu_chip_config.cc:367] Resolved chip config alias megachip_tccontrol->megacore for 2093c6a02, 
I0828 01:42:43.215627    1310 tpu_chip_config.cc:367] Resolved chip config alias megachip_tccontrol->megacore for 2093c6a02, 
I0828 01:42:43.216412    1310 xla_compilation_cache.cc:113] XLA compilation cache fetch for computation 'jit_reshape' (key 3f543a525fdd75c) took 271.078838ms: PERSISTENT_FETCH
I0828 01:42:43.451846    3110 server_lib.cc:1855] Attempting to load component jit_reshape.927922527692927892 @ 0 at worker after 1.095745ms (proto size 2408)
I0828 01:42:43.462217    1309 tpu_chip_config.cc:367] Resolved chip config alias megachip_tccontrol->megacore for 2093c6a02, 
I0828 01:42:43.463728    1309 tpu_chip_config.cc:367] Resolved chip config alias megachip_tccontrol->megacore for 2093c6a02, 
I0828 01:42:43.464467    1309 xla_compilation_cache.cc:113] XLA compilation cache fetch for computation 'jit_reshape' (key 9c9ad116eb42ae3e) took 261.000493ms: PERSISTENT_FETCH
I0828 01:42:43.650527    3061 server_lib.cc:1855] Attempting to load component jit_reshape.4583327957303543400 @ 0 at worker after 1.003696ms (proto size 2409)
I0828 01:42:43.666921    1310 tpu_chip_config.cc:367] Resolved chip config alias megachip_tccontrol->megacore for 2093c6a02, 
I0828 01:42:43.668429    1310 tpu_chip_config.cc:367] Resolved chip config alias megachip_tccontrol->megacore for 2093c6a02, 
I0828 01:42:43.669188    1310 xla_compilation_cache.cc:113] XLA compilation cache fetch for computation 'jit_reshape' (key 8be37366b7aa4e4a) took 217.352535ms: PERSISTENT_FETCH
I0828 01:42:43.863677    3010 server_lib.cc:1855] Attempting to load component jit_reshape.927922527692929563 @ 0 at worker after 1.077505ms (proto size 2408)
I0828 01:42:43.876463    1309 tpu_chip_config.cc:367] Resolved chip config alias megachip_tccontrol->megacore for 2093c6a02, 
I0828 01:42:43.877907    1309 tpu_chip_config.cc:367] Resolved chip config alias megachip_tccontrol->megacore for 2093c6a02, 
I0828 01:42:43.878689    1309 xla_compilation_cache.cc:113] XLA compilation cache fetch for computation 'jit_reshape' (key c1f625e92d5ba2d1) took 228.168797ms: PERSISTENT_FETCH
I0828 01:42:44.064552    3010 server_lib.cc:1855] Attempting to load component jit_reshape.4583327957303545151 @ 0 at worker after 938.919us (proto size 2409)
I0828 01:42:44.073124    1310 tpu_chip_config.cc:367] Resolved chip config alias megachip_tccontrol->megacore for 2093c6a02, 
I0828 01:42:44.074607    1310 tpu_chip_config.cc:367] Resolved chip config alias megachip_tccontrol->megacore for 2093c6a02, 
I0828 01:42:44.075355    1310 xla_compilation_cache.cc:113] XLA compilation cache fetch for computation 'jit_reshape' (key d3c0a10bea7d04a4) took 211.683892ms: PERSISTENT_FETCH
I0828 01:42:44.288180    1309 tpu_chip_config.cc:367] Resolved chip config alias megachip_tccontrol->megacore for 2093c6a02, 
I0828 01:42:44.289633    1309 tpu_chip_config.cc:367] Resolved chip config alias megachip_tccontrol->megacore for 2093c6a02, 
I0828 01:42:44.290415    1309 xla_compilation_cache.cc:113] XLA compilation cache fetch for computation 'jit_reshape' (key 8d1c15d44e529b0a) took 225.868121ms: PERSISTENT_FETCH
I0828 01:42:44.352738    2873 server_lib.cc:1855] Attempting to load component jit_sample.927922527692927138 @ 0 at worker after 949.168us (proto size 2518)
I0828 01:42:45.971772    1309 tpu_chip_config.cc:367] Resolved chip config alias megachip_tccontrol->megacore for 2093c6a02, 
I0828 01:42:45.974006    1309 tpu_chip_config.cc:367] Resolved chip config alias megachip_tccontrol->megacore for 2093c6a02, 
I0828 01:42:45.976490    1309 xla_compilation_cache.cc:113] XLA compilation cache fetch for computation 'jit_sample' (key 7eca2d9638baddc8) took 1.623762278s: PERSISTENT_FETCH
I0828 01:42:46.005377    2873 server_lib.cc:1855] Attempting to load component jit_zt_ro_logprob_gather.4583327957303542806 @ 0 at worker after 1.585147ms (proto size 2507)
I0828 01:42:46.582962    2873 server_lib.cc:1855] Attempting to load component jit_reshape.927922527692928809 @ 0 at worker after 1.092993ms (proto size 2414)
I0828 01:42:46.601333    1309 tpu_chip_config.cc:367] Resolved chip config alias megachip_tccontrol->megacore for 2093c6a02, 
I0828 01:42:46.603159    1309 tpu_chip_config.cc:367] Resolved chip config alias megachip_tccontrol->megacore for 2093c6a02, 
I0828 01:42:46.604400    1309 xla_compilation_cache.cc:113] XLA compilation cache fetch for computation 'jit_zt_ro_logprob_gather' (key 9a534f94ee2a16fd) took 599.213566ms: PERSISTENT_FETCH
I0828 01:42:46.786975    3110 server_lib.cc:1855] Attempting to load component jit_reshape.4583327957303544557 @ 0 at worker after 935.413us (proto size 2415)
I0828 01:42:46.798148    1310 tpu_chip_config.cc:367] Resolved chip config alias megachip_tccontrol->megacore for 2093c6a02, 
I0828 01:42:46.799757    1310 tpu_chip_config.cc:367] Resolved chip config alias megachip_tccontrol->megacore for 2093c6a02, 
I0828 01:42:46.800549    1310 xla_compilation_cache.cc:113] XLA compilation cache fetch for computation 'jit_reshape' (key c48cc93672326442) took 217.597083ms: PERSISTENT_FETCH
I0828 01:42:46.973274    3010 server_lib.cc:1855] Attempting to load component jit_reshape.927922527692930480 @ 0 at worker after 1.032818ms (proto size 2414)
I0828 01:42:46.994287    1309 tpu_chip_config.cc:367] Resolved chip config alias megachip_tccontrol->megacore for 2093c6a02, 
I0828 01:42:46.995782    1309 tpu_chip_config.cc:367] Resolved chip config alias megachip_tccontrol->megacore for 2093c6a02, 
I0828 01:42:46.996565    1309 xla_compilation_cache.cc:113] XLA compilation cache fetch for computation 'jit_reshape' (key 31779064f09ea7a3) took 209.599353ms: PERSISTENT_FETCH
I0828 01:42:47.170024    3061 server_lib.cc:1855] Attempting to load component jit_reshape.4583327957303542212 @ 0 at worker after 1.055306ms (proto size 2414)
I0828 01:42:47.183022    1310 tpu_chip_config.cc:367] Resolved chip config alias megachip_tccontrol->megacore for 2093c6a02, 
I0828 01:42:47.184553    1310 tpu_chip_config.cc:367] Resolved chip config alias megachip_tccontrol->megacore for 2093c6a02, 
I0828 01:42:47.185266    1310 xla_compilation_cache.cc:113] XLA compilation cache fetch for computation 'jit_reshape' (key b74041f4de2c4d69) took 212.00095ms: PERSISTENT_FETCH
I0828 01:42:47.383051    1309 tpu_chip_config.cc:367] Resolved chip config alias megachip_tccontrol->megacore for 2093c6a02, 
I0828 01:42:47.384529    1309 tpu_chip_config.cc:367] Resolved chip config alias megachip_tccontrol->megacore for 2093c6a02, 
I0828 01:42:47.385261    1309 xla_compilation_cache.cc:113] XLA compilation cache fetch for computation 'jit_reshape' (key f4c2dbb4df7860f) took 215.243624ms: PERSISTENT_FETCH
I0828 01:42:48.138949    3120 server_lib.cc:1855] Attempting to load component jit__select_from_array_fn.1182302940440487511 @ 0 at worker after 1.036018ms (proto size 2463)
I0828 01:42:48.667972    2923 server_lib.cc:1855] Attempting to load component jit_convert_element_type.11097614078210886351 @ 0 at worker after 897.239us (proto size 2441)
I0828 01:42:48.686573    1309 tpu_chip_config.cc:367] Resolved chip config alias megachip_tccontrol->megacore for 2093c6a02, 
I0828 01:42:48.688268    1309 tpu_chip_config.cc:367] Resolved chip config alias megachip_tccontrol->megacore for 2093c6a02, 
I0828 01:42:48.689690    1309 xla_compilation_cache.cc:113] XLA compilation cache fetch for computation 'jit__select_from_array_fn' (key 3987beae83897996) took 550.749493ms: PERSISTENT_FETCH
I0828 01:42:48.915935    1310 tpu_chip_config.cc:367] Resolved chip config alias megachip_tccontrol->megacore for 2093c6a02, 
I0828 01:42:48.917537    1310 tpu_chip_config.cc:367] Resolved chip config alias megachip_tccontrol->megacore for 2093c6a02, 
I0828 01:42:48.918317    1310 xla_compilation_cache.cc:113] XLA compilation cache fetch for computation 'jit_convert_element_type' (key b338d3f821f30e49) took 250.354963ms: PERSISTENT_FETCH
I0828 01:42:48.973900    3094 server_lib.cc:1855] Attempting to load component jit_sample.1182302940440487330 @ 0 at worker after 1.192782ms (proto size 2533)
I0828 01:42:50.665757    1310 tpu_chip_config.cc:367] Resolved chip config alias megachip_tccontrol->megacore for 2093c6a02, 
I0828 01:42:50.667842    1310 tpu_chip_config.cc:367] Resolved chip config alias megachip_tccontrol->megacore for 2093c6a02, 
I0828 01:42:50.670104    1310 xla_compilation_cache.cc:113] XLA compilation cache fetch for computation 'jit_sample' (key 382ef079e9d5b946) took 1.696214657s: PERSISTENT_FETCH
W0828 01:43:55.868642    1448 tpu_pjrt_client.cc:2349] PjRt execution dispatch was blocked for 19.102253ms because PjRt's max in-flight computation semaphore is full (limit: 32), which may negatively affect the performance
I0828 01:44:31.645478    3104 server_lib.cc:1855] Attempting to load component jit__identity_fn.14998664224933153484 @ 0 at worker after 1.374425ms (proto size 2445)
I0828 01:44:31.945056    1310 tpu_chip_config.cc:367] Resolved chip config alias megachip_tccontrol->megacore for 2093c6a02, 
I0828 01:44:31.947035    1310 tpu_chip_config.cc:367] Resolved chip config alias megachip_tccontrol->megacore for 2093c6a02, 
I0828 01:44:31.947949    1310 xla_compilation_cache.cc:113] XLA compilation cache fetch for computation 'jit__identity_fn' (key 6f636a871a6fa44d) took 302.487864ms: PERSISTENT_FETCH
I0828 01:44:39.199131    3044 server_lib.cc:1855] Attempting to load component jit__identity_fn.14998664224933154582 @ 0 at worker after 1.349938ms (proto size 2417)
I0828 01:44:39.413714    1310 tpu_chip_config.cc:367] Resolved chip config alias megachip_tccontrol->megacore for 2093c6a02, 
I0828 01:44:39.415514    1310 tpu_chip_config.cc:367] Resolved chip config alias megachip_tccontrol->megacore for 2093c6a02, 
I0828 01:44:39.416448    1310 xla_compilation_cache.cc:113] XLA compilation cache fetch for computation 'jit__identity_fn' (key 6d5b6a0ed7cbf066) took 217.33311ms: PERSISTENT_FETCH
I0828 01:44:39.662926    2951 server_lib.cc:1855] Attempting to load component jit__identity_fn.14998664224933152161 @ 0 at worker after 904.145us (proto size 2417)
I0828 01:44:39.868030    1310 tpu_chip_config.cc:367] Resolved chip config alias megachip_tccontrol->megacore for 2093c6a02, 
I0828 01:44:39.869667    1310 tpu_chip_config.cc:367] Resolved chip config alias megachip_tccontrol->megacore for 2093c6a02, 
I0828 01:44:39.870483    1310 xla_compilation_cache.cc:113] XLA compilation cache fetch for computation 'jit__identity_fn' (key b4a5135a71b2c830) took 207.566597ms: PERSISTENT_FETCH
I0828 01:44:40.113660    2951 server_lib.cc:1855] Attempting to load component jit__identity_fn.14998664224933153836 @ 0 at worker after 995.841us (proto size 2417)
I0828 01:44:40.336899    1310 tpu_chip_config.cc:367] Resolved chip config alias megachip_tccontrol->megacore for 2093c6a02, 
I0828 01:44:40.338494    1310 tpu_chip_config.cc:367] Resolved chip config alias megachip_tccontrol->megacore for 2093c6a02, 
I0828 01:44:40.339296    1310 xla_compilation_cache.cc:113] XLA compilation cache fetch for computation 'jit__identity_fn' (key 2bfd7fc3a9afa996) took 225.644532ms: PERSISTENT_FETCH
I0828 01:44:40.572311    2951 server_lib.cc:1855] Attempting to load component jit__identity_fn.14998664224933151415 @ 0 at worker after 947.652us (proto size 2417)
I0828 01:44:40.774790    1310 tpu_chip_config.cc:367] Resolved chip config alias megachip_tccontrol->megacore for 2093c6a02, 
I0828 01:44:40.776384    1310 tpu_chip_config.cc:367] Resolved chip config alias megachip_tccontrol->megacore for 2093c6a02, 
I0828 01:44:40.777175    1310 xla_compilation_cache.cc:113] XLA compilation cache fetch for computation 'jit__identity_fn' (key 7855638037c7f39d) took 204.872215ms: PERSISTENT_FETCH
I0828 01:44:41.015739    2951 server_lib.cc:1855] Attempting to load component jit__identity_fn.14998664224933153090 @ 0 at worker after 945.38us (proto size 2415)
I0828 01:44:41.215735    1310 tpu_chip_config.cc:367] Resolved chip config alias megachip_tccontrol->megacore for 2093c6a02, 
I0828 01:44:41.217265    1310 tpu_chip_config.cc:367] Resolved chip config alias megachip_tccontrol->megacore for 2093c6a02, 
I0828 01:44:41.218066    1310 xla_compilation_cache.cc:113] XLA compilation cache fetch for computation 'jit__identity_fn' (key 9c7c9228e9e45e2b) took 202.333893ms: PERSISTENT_FETCH
I0828 01:44:42.576792    3044 server_lib.cc:1855] Attempting to load component jit_zt_tr_fwd_embed.14998664224933154765 @ 0 at worker after 1.500767ms (proto size 2453)
I0828 01:44:43.982958    1310 tpu_chip_config.cc:367] Resolved chip config alias megachip_tccontrol->megacore for 2093c6a02, 
I0828 01:44:43.985681    1310 tpu_chip_config.cc:367] Resolved chip config alias megachip_tccontrol->megacore for 2093c6a02, 
I0828 01:44:43.989108    1310 xla_compilation_cache.cc:113] XLA compilation cache fetch for computation 'jit_zt_tr_fwd_embed' (key 62df0e6647519d4a) took 1.412323935s: PERSISTENT_FETCH
I0828 01:44:44.614810    2951 server_lib.cc:1855] Attempting to load component jit_zt_tr_fwd_layer.5734983100396399430 @ 0 at worker after 1.563536ms (proto size 2876)
I0828 01:44:45.503818    1310 tpu_chip_config.cc:367] Resolved chip config alias megachip_tccontrol->megacore for 2093c6a02, 
I0828 01:44:45.505830    1310 tpu_chip_config.cc:367] Resolved chip config alias megachip_tccontrol->megacore for 2093c6a02, 
I0828 01:44:45.507497    1310 xla_compilation_cache.cc:113] XLA compilation cache fetch for computation 'jit_zt_tr_fwd_layer' (key c9be4c8c2ba991f7) took 892.698169ms: PERSISTENT_FETCH
I0828 01:45:09.314069    3044 server_lib.cc:1855] Attempting to load component jit_zt_tr_fwd_norm.5734983100396400403 @ 0 at worker after 1.171058ms (proto size 2449)
I0828 01:45:09.606134    1310 tpu_chip_config.cc:367] Resolved chip config alias megachip_tccontrol->megacore for 2093c6a02, 
I0828 01:45:09.607987    1310 tpu_chip_config.cc:367] Resolved chip config alias megachip_tccontrol->megacore for 2093c6a02, 
I0828 01:45:09.608967    1310 xla_compilation_cache.cc:113] XLA compilation cache fetch for computation 'jit_zt_tr_fwd_norm' (key e7038f48be528f61) took 294.909969ms: PERSISTENT_FETCH
I0828 01:45:09.618586    3104 server_lib.cc:1855] Attempting to load component jit_zt_tr_fwd_head.14998664224933151964 @ 0 at worker after 1.162185ms (proto size 2456)
I0828 01:45:09.961164    3104 server_lib.cc:1855] Attempting to load component jit_convert_element_type.5734983100396396718 @ 0 at worker after 1.04326ms (proto size 2442)
I0828 01:45:09.973374    1310 tpu_chip_config.cc:367] Resolved chip config alias megachip_tccontrol->megacore for 2093c6a02, 
I0828 01:45:09.974973    1310 tpu_chip_config.cc:367] Resolved chip config alias megachip_tccontrol->megacore for 2093c6a02, 
I0828 01:45:09.976040    1310 xla_compilation_cache.cc:113] XLA compilation cache fetch for computation 'jit_zt_tr_fwd_head' (key 1aaaf33cf76a5869) took 357.46577ms: PERSISTENT_FETCH
I0828 01:45:10.205379    1309 tpu_chip_config.cc:367] Resolved chip config alias megachip_tccontrol->megacore for 2093c6a02, 
I0828 01:45:10.206975    1309 tpu_chip_config.cc:367] Resolved chip config alias megachip_tccontrol->megacore for 2093c6a02, 
I0828 01:45:10.207758    1309 xla_compilation_cache.cc:113] XLA compilation cache fetch for computation 'jit_convert_element_type' (key af38911986a18cec) took 246.602848ms: PERSISTENT_FETCH
I0828 01:45:10.277612    2951 server_lib.cc:1855] Attempting to load component jit_zt_tr_fwd_logprob.14998664224933153639 @ 0 at worker after 1.2899ms (proto size 2486)
I0828 01:45:10.976519    3104 server_lib.cc:1855] Attempting to load component jit_reshape.5734983100396397129 @ 0 at worker after 1.065978ms (proto size 2409)
I0828 01:45:10.990045    1309 tpu_chip_config.cc:367] Resolved chip config alias megachip_tccontrol->megacore for 2093c6a02, 
I0828 01:45:10.991733    1309 tpu_chip_config.cc:367] Resolved chip config alias megachip_tccontrol->megacore for 2093c6a02, 
I0828 01:45:10.993004    1309 xla_compilation_cache.cc:113] XLA compilation cache fetch for computation 'jit_zt_tr_fwd_logprob' (key 8a9dc8c803939224) took 715.399575ms: PERSISTENT_FETCH
I0828 01:45:11.203409    1310 tpu_chip_config.cc:367] Resolved chip config alias megachip_tccontrol->megacore for 2093c6a02, 
I0828 01:45:11.204914    1310 tpu_chip_config.cc:367] Resolved chip config alias megachip_tccontrol->megacore for 2093c6a02, 
I0828 01:45:11.205680    1310 xla_compilation_cache.cc:113] XLA compilation cache fetch for computation 'jit_reshape' (key 38ed3caedf61d993) took 229.171045ms: PERSISTENT_FETCH
W0828 01:45:11.287098    1447 tpu_pjrt_client.cc:2349] PjRt execution dispatch was blocked for 7.33959ms because PjRt's max in-flight computation semaphore is full (limit: 32), which may negatively affect the performance
I0828 01:45:11.686267    3124 server_lib.cc:1855] Attempting to load component jit_concatenate.5734983100396396760 @ 0 at worker after 999.14us (proto size 2565)
I0828 01:45:11.920467    3044 server_lib.cc:1855] Attempting to load component jit_take_along_axis.14998664224933153442 @ 0 at worker after 1.071002ms (proto size 2453)
I0828 01:45:11.927191    1310 tpu_chip_config.cc:367] Resolved chip config alias megachip_tccontrol->megacore for 2093c6a02, 
I0828 01:45:11.928728    1310 tpu_chip_config.cc:367] Resolved chip config alias megachip_tccontrol->megacore for 2093c6a02, 
I0828 01:45:11.929715    1310 xla_compilation_cache.cc:113] XLA compilation cache fetch for computation 'jit_concatenate' (key 568c6735546136e3) took 243.455542ms: PERSISTENT_FETCH
I0828 01:45:12.215875    1309 tpu_chip_config.cc:367] Resolved chip config alias megachip_tccontrol->megacore for 2093c6a02, 
I0828 01:45:12.217349    1309 tpu_chip_config.cc:367] Resolved chip config alias megachip_tccontrol->megacore for 2093c6a02, 
I0828 01:45:12.218348    1309 xla_compilation_cache.cc:113] XLA compilation cache fetch for computation 'jit_take_along_axis' (key 82330c40d023bf6d) took 297.889523ms: PERSISTENT_FETCH
I0828 01:45:12.678630    3104 server_lib.cc:1855] Attempting to load component jit__where.5734983100396397582 @ 0 at worker after 1.064977ms (proto size 2459)
I0828 01:45:12.893745    1309 tpu_chip_config.cc:367] Resolved chip config alias megachip_tccontrol->megacore for 2093c6a02, 
I0828 01:45:12.895347    1309 tpu_chip_config.cc:367] Resolved chip config alias megachip_tccontrol->megacore for 2093c6a02, 
I0828 01:45:12.896183    1309 xla_compilation_cache.cc:113] XLA compilation cache fetch for computation 'jit__where' (key 1ce423fa11e4cc5b) took 217.563026ms: PERSISTENT_FETCH
I0828 01:45:28.265687    1948 server_lib.cc:1855] Attempting to load component jit_concatenate.5734983100396397585 @ 0 at worker after 1.024461ms (proto size 2613)
I0828 01:45:28.502999    3104 server_lib.cc:1855] Attempting to load component jit_take_along_axis.14998664224933152317 @ 0 at worker after 1.0687ms (proto size 2453)
I0828 01:45:28.527766    1309 tpu_chip_config.cc:367] Resolved chip config alias megachip_tccontrol->megacore for 2093c6a02, 
I0828 01:45:28.529506    1309 tpu_chip_config.cc:367] Resolved chip config alias megachip_tccontrol->megacore for 2093c6a02, 
I0828 01:45:28.530713    1309 xla_compilation_cache.cc:113] XLA compilation cache fetch for computation 'jit_concatenate' (key 5d90f996a5dc2c37) took 265.037668ms: PERSISTENT_FETCH
I0828 01:45:28.792798    1310 tpu_chip_config.cc:367] Resolved chip config alias megachip_tccontrol->megacore for 2093c6a02, 
I0828 01:45:28.794478    1310 tpu_chip_config.cc:367] Resolved chip config alias megachip_tccontrol->megacore for 2093c6a02, 
I0828 01:45:28.795527    1310 xla_compilation_cache.cc:113] XLA compilation cache fetch for computation 'jit_take_along_axis' (key bfa23da881521e79) took 292.540808ms: PERSISTENT_FETCH
I0828 01:45:35.100949    3104 server_lib.cc:1855] Attempting to load component jit_concatenate.14998664224933154513 @ 0 at worker after 1.021976ms (proto size 2542)
I0828 01:45:35.340485    3124 server_lib.cc:1855] Attempting to load component jit_take_along_axis.5734983100396397012 @ 0 at worker after 1.191945ms (proto size 2452)
I0828 01:45:35.355340    1310 tpu_chip_config.cc:367] Resolved chip config alias megachip_tccontrol->megacore for 2093c6a02, 
I0828 01:45:35.357209    1310 tpu_chip_config.cc:367] Resolved chip config alias megachip_tccontrol->megacore for 2093c6a02, 
I0828 01:45:35.358322    1310 xla_compilation_cache.cc:113] XLA compilation cache fetch for computation 'jit_concatenate' (key 5c6ec3408ed5983a) took 257.388824ms: PERSISTENT_FETCH
I0828 01:45:35.626320    1309 tpu_chip_config.cc:367] Resolved chip config alias megachip_tccontrol->megacore for 2093c6a02, 
I0828 01:45:35.627961    1309 tpu_chip_config.cc:367] Resolved chip config alias megachip_tccontrol->megacore for 2093c6a02, 
I0828 01:45:35.629018    1309 xla_compilation_cache.cc:113] XLA compilation cache fetch for computation 'jit_take_along_axis' (key 2eeefa3982b961ae) took 288.542948ms: PERSISTENT_FETCH
I0828 01:45:40.522344    3044 server_lib.cc:1855] Attempting to load component jit_concatenate.14998664224933152430 @ 0 at worker after 1.010307ms (proto size 2590)
I0828 01:45:40.752737    1948 server_lib.cc:1855] Attempting to load component jit_take_along_axis.1570370967876935261 @ 0 at worker after 970.496us (proto size 2452)
I0828 01:45:40.762076    1309 tpu_chip_config.cc:367] Resolved chip config alias megachip_tccontrol->megacore for 2093c6a02, 
I0828 01:45:40.764542    1309 tpu_chip_config.cc:367] Resolved chip config alias megachip_tccontrol->megacore for 2093c6a02, 
I0828 01:45:40.766161    1309 xla_compilation_cache.cc:113] XLA compilation cache fetch for computation 'jit_concatenate' (key de8422427e9e60c8) took 243.829322ms: PERSISTENT_FETCH
I0828 01:45:41.043384    1310 tpu_chip_config.cc:367] Resolved chip config alias megachip_tccontrol->megacore for 2093c6a02, 
I0828 01:45:41.045037    1310 tpu_chip_config.cc:367] Resolved chip config alias megachip_tccontrol->megacore for 2093c6a02, 
I0828 01:45:41.046108    1310 xla_compilation_cache.cc:113] XLA compilation cache fetch for computation 'jit_take_along_axis' (key 9dde9fffe6fe5aa4) took 293.378731ms: PERSISTENT_FETCH
W0828 01:46:11.294455    1449 tpu_pjrt_client.cc:2349] PjRt execution dispatch was blocked for 8.020431ms because PjRt's max in-flight computation semaphore is full (limit: 32), which may negatively affect the performance
I0828 01:46:20.805292    2951 server_lib.cc:1855] Attempting to load component jit_concatenate.14998664224933152446 @ 0 at worker after 919.238us (proto size 2638)
I0828 01:46:21.065122    2951 server_lib.cc:1855] Attempting to load component jit_take_along_axis.1570370967876933258 @ 0 at worker after 914.781us (proto size 2452)
I0828 01:46:21.071442    1310 tpu_chip_config.cc:367] Resolved chip config alias megachip_tccontrol->megacore for 2093c6a02, 
I0828 01:46:21.073254    1310 tpu_chip_config.cc:367] Resolved chip config alias megachip_tccontrol->megacore for 2093c6a02, 
I0828 01:46:21.074500    1310 xla_compilation_cache.cc:113] XLA compilation cache fetch for computation 'jit_concatenate' (key 8786f4b7466968ec) took 269.218325ms: PERSISTENT_FETCH
I0828 01:46:21.366587    1309 tpu_chip_config.cc:367] Resolved chip config alias megachip_tccontrol->megacore for 2093c6a02, 
I0828 01:46:21.368243    1309 tpu_chip_config.cc:367] Resolved chip config alias megachip_tccontrol->megacore for 2093c6a02, 
I0828 01:46:21.369283    1309 xla_compilation_cache.cc:113] XLA compilation cache fetch for computation 'jit_take_along_axis' (key 3ebe01232863c30a) took 304.168333ms: PERSISTENT_FETCH
I0828 01:46:43.003036    3044 server_lib.cc:1855] Attempting to load component jit_concatenate.1570370967876933282 @ 0 at worker after 922.231us (proto size 2709)
I0828 01:46:43.261519    3044 server_lib.cc:1855] Attempting to load component jit_take_along_axis.8339433792461643543 @ 0 at worker after 990.287us (proto size 2452)
I0828 01:46:43.262884    1309 tpu_chip_config.cc:367] Resolved chip config alias megachip_tccontrol->megacore for 2093c6a02, 
I0828 01:46:43.264644    1309 tpu_chip_config.cc:367] Resolved chip config alias megachip_tccontrol->megacore for 2093c6a02, 
I0828 01:46:43.265898    1309 xla_compilation_cache.cc:113] XLA compilation cache fetch for computation 'jit_concatenate' (key 2925e3aee51b382f) took 262.874244ms: PERSISTENT_FETCH
I0828 01:46:43.548653    1310 tpu_chip_config.cc:367] Resolved chip config alias megachip_tccontrol->megacore for 2093c6a02, 
I0828 01:46:43.550333    1310 tpu_chip_config.cc:367] Resolved chip config alias megachip_tccontrol->megacore for 2093c6a02, 
I0828 01:46:43.551413    1310 xla_compilation_cache.cc:113] XLA compilation cache fetch for computation 'jit_take_along_axis' (key 1fc8dbfc149af2b7) took 289.901672ms: PERSISTENT_FETCH
I0828 01:46:46.572518    3094 server_lib.cc:1855] Attempting to load component jit_stack.1570370967876935277 @ 0 at worker after 1.408941ms (proto size 3155)
I0828 01:46:46.867032    3094 server_lib.cc:1855] Attempting to load component jit_swapaxes.8339433792461642520 @ 0 at worker after 922.481us (proto size 2420)
I0828 01:46:46.884011    1310 tpu_chip_config.cc:367] Resolved chip config alias megachip_tccontrol->megacore for 2093c6a02, 
I0828 01:46:46.885875    1310 tpu_chip_config.cc:367] Resolved chip config alias megachip_tccontrol->megacore for 2093c6a02, 
I0828 01:46:46.887904    1310 xla_compilation_cache.cc:113] XLA compilation cache fetch for computation 'jit_stack' (key 8428a621a5cb379) took 315.398023ms: PERSISTENT_FETCH
I0828 01:46:47.084370    3104 server_lib.cc:1855] Attempting to load component jit_reshape.1570370967876932378 @ 0 at worker after 919.55us (proto size 2416)
I0828 01:46:47.099557    1309 tpu_chip_config.cc:367] Resolved chip config alias megachip_tccontrol->megacore for 2093c6a02, 
I0828 01:46:47.101121    1309 tpu_chip_config.cc:367] Resolved chip config alias megachip_tccontrol->megacore for 2093c6a02, 
I0828 01:46:47.101893    1309 xla_compilation_cache.cc:113] XLA compilation cache fetch for computation 'jit_swapaxes' (key a1e18c865e950b7d) took 234.869079ms: PERSISTENT_FETCH
I0828 01:46:47.292349    3104 server_lib.cc:1855] Attempting to load component jit_convert_element_type.8339433792461641497 @ 0 at worker after 966.551us (proto size 2440)
I0828 01:46:47.298091    1310 tpu_chip_config.cc:367] Resolved chip config alias megachip_tccontrol->megacore for 2093c6a02, 
I0828 01:46:47.299628    1310 tpu_chip_config.cc:367] Resolved chip config alias megachip_tccontrol->megacore for 2093c6a02, 
I0828 01:46:47.300395    1310 xla_compilation_cache.cc:113] XLA compilation cache fetch for computation 'jit_reshape' (key f832a1c7cc398f65) took 216.034039ms: PERSISTENT_FETCH
I0828 01:46:47.505191    1309 tpu_chip_config.cc:367] Resolved chip config alias megachip_tccontrol->megacore for 2093c6a02, 
I0828 01:46:47.506782    1309 tpu_chip_config.cc:367] Resolved chip config alias megachip_tccontrol->megacore for 2093c6a02, 
I0828 01:46:47.507542    1309 xla_compilation_cache.cc:113] XLA compilation cache fetch for computation 'jit_convert_element_type' (key 9029c4266e5b3b24) took 215.201934ms: PERSISTENT_FETCH
I0828 01:46:47.695260    3094 server_lib.cc:1855] Attempting to load component jit_subtract.8339433792461640133 @ 0 at worker after 1.060359ms (proto size 2441)
I0828 01:46:47.917551    1309 tpu_chip_config.cc:367] Resolved chip config alias megachip_tccontrol->megacore for 2093c6a02, 
I0828 01:46:47.919089    1309 tpu_chip_config.cc:367] Resolved chip config alias megachip_tccontrol->megacore for 2093c6a02, 
I0828 01:46:47.919873    1309 xla_compilation_cache.cc:113] XLA compilation cache fetch for computation 'jit_subtract' (key 48a79db89077f304) took 224.622491ms: PERSISTENT_FETCH
I0828 01:46:48.163963    3071 server_lib.cc:1855] Attempting to load component jit_negative.1570370967876935570 @ 0 at worker after 1.236405ms (proto size 2416)
I0828 01:46:48.366821    3071 server_lib.cc:1855] Attempting to load component jit_multiply.8339433792461642183 @ 0 at worker after 1.092215ms (proto size 2467)
I0828 01:46:48.376146    1309 tpu_chip_config.cc:367] Resolved chip config alias megachip_tccontrol->megacore for 2093c6a02, 
I0828 01:46:48.377671    1309 tpu_chip_config.cc:367] Resolved chip config alias megachip_tccontrol->megacore for 2093c6a02, 
I0828 01:46:48.378444    1309 xla_compilation_cache.cc:113] XLA compilation cache fetch for computation 'jit_negative' (key bed20c5c9751245f) took 214.490408ms: PERSISTENT_FETCH
I0828 01:46:48.583462    3094 server_lib.cc:1855] Attempting to load component jit__reduce_sum.1570370967876932671 @ 0 at worker after 988.271us (proto size 2408)
I0828 01:46:48.598794    1310 tpu_chip_config.cc:367] Resolved chip config alias megachip_tccontrol->megacore for 2093c6a02, 
I0828 01:46:48.600310    1310 tpu_chip_config.cc:367] Resolved chip config alias megachip_tccontrol->megacore for 2093c6a02, 
I0828 01:46:48.601171    1310 xla_compilation_cache.cc:113] XLA compilation cache fetch for computation 'jit_multiply' (key 7fdfa743282370b1) took 234.355868ms: PERSISTENT_FETCH
I0828 01:46:48.799073    1950 server_lib.cc:1855] Attempting to load component jit_clip.8339433792461641160 @ 0 at worker after 1.027266ms (proto size 2481)
I0828 01:46:48.801219    1309 tpu_chip_config.cc:367] Resolved chip config alias megachip_tccontrol->megacore for 2093c6a02, 
I0828 01:46:48.802709    1309 tpu_chip_config.cc:367] Resolved chip config alias megachip_tccontrol->megacore for 2093c6a02, 
I0828 01:46:48.803525    1309 xla_compilation_cache.cc:113] XLA compilation cache fetch for computation 'jit__reduce_sum' (key 5e6da6efca03ab3b) took 220.072302ms: PERSISTENT_FETCH
I0828 01:46:49.039763    1310 tpu_chip_config.cc:367] Resolved chip config alias megachip_tccontrol->megacore for 2093c6a02, 
I0828 01:46:49.041223    1310 tpu_chip_config.cc:367] Resolved chip config alias megachip_tccontrol->megacore for 2093c6a02, 
I0828 01:46:49.042080    1310 xla_compilation_cache.cc:113] XLA compilation cache fetch for computation 'jit_clip' (key 23e328b896f2a193) took 243.015015ms: PERSISTENT_FETCH
I0828 01:46:49.048233    3094 server_lib.cc:1855] Attempting to load component jit__reduce_sum.1570370967876934666 @ 0 at worker after 1.006567ms (proto size 2418)
I0828 01:46:49.259556    1310 tpu_chip_config.cc:367] Resolved chip config alias megachip_tccontrol->megacore for 2093c6a02, 
I0828 01:46:49.261004    1310 tpu_chip_config.cc:367] Resolved chip config alias megachip_tccontrol->megacore for 2093c6a02, 
I0828 01:46:49.261795    1310 xla_compilation_cache.cc:113] XLA compilation cache fetch for computation 'jit__reduce_sum' (key bf82337d1fc2a392) took 213.570972ms: PERSISTENT_FETCH
I0828 01:46:49.438102    3104 server_lib.cc:1855] Attempting to load component jit_true_divide.8339433792461643210 @ 0 at worker after 1.049581ms (proto size 2456)
I0828 01:46:49.656066    3104 server_lib.cc:1855] Attempting to load component jit_subtract.1570370967876932964 @ 0 at worker after 953.006us (proto size 2441)
I0828 01:46:49.659799    1310 tpu_chip_config.cc:367] Resolved chip config alias megachip_tccontrol->megacore for 2093c6a02, 
I0828 01:46:49.661236    1310 tpu_chip_config.cc:367] Resolved chip config alias megachip_tccontrol->megacore for 2093c6a02, 
I0828 01:46:49.662010    1310 xla_compilation_cache.cc:113] XLA compilation cache fetch for computation 'jit_true_divide' (key bcd016b09189073b) took 223.916054ms: PERSISTENT_FETCH
I0828 01:46:49.861789    3124 server_lib.cc:1855] Attempting to load component jit_broadcast_in_dim.8339433792461642187 @ 0 at worker after 1.075096ms (proto size 2427)
I0828 01:46:49.914891    1309 tpu_chip_config.cc:367] Resolved chip config alias megachip_tccontrol->megacore for 2093c6a02, 
I0828 01:46:49.916398    1309 tpu_chip_config.cc:367] Resolved chip config alias megachip_tccontrol->megacore for 2093c6a02, 
I0828 01:46:49.917211    1309 xla_compilation_cache.cc:113] XLA compilation cache fetch for computation 'jit_subtract' (key 1ed3ef5a49c45b74) took 261.153367ms: PERSISTENT_FETCH
I0828 01:46:50.064751    3094 server_lib.cc:1855] Attempting to load component jit_add.1570370967876934161 @ 0 at worker after 958.643us (proto size 2430)
I0828 01:46:50.067831    1310 tpu_chip_config.cc:367] Resolved chip config alias megachip_tccontrol->megacore for 2093c6a02, 
I0828 01:46:50.069276    1310 tpu_chip_config.cc:367] Resolved chip config alias megachip_tccontrol->megacore for 2093c6a02, 
I0828 01:46:50.070006    1310 xla_compilation_cache.cc:113] XLA compilation cache fetch for computation 'jit_broadcast_in_dim' (key fdf99b4baecb1df6) took 208.225135ms: PERSISTENT_FETCH
I0828 01:46:50.272194    1309 tpu_chip_config.cc:367] Resolved chip config alias megachip_tccontrol->megacore for 2093c6a02, 
I0828 01:46:50.273527    3124 server_lib.cc:1855] Attempting to load component jit_clip.8339433792461641164 @ 0 at worker after 1.128046ms (proto size 2444)
I0828 01:46:50.273689    1309 tpu_chip_config.cc:367] Resolved chip config alias megachip_tccontrol->megacore for 2093c6a02, 
I0828 01:46:50.274473    1309 xla_compilation_cache.cc:113] XLA compilation cache fetch for computation 'jit_add' (key b180390b42237c42) took 209.731608ms: PERSISTENT_FETCH
I0828 01:46:50.502476    3094 server_lib.cc:1855] Attempting to load component jit_exp.1570370967876931661 @ 0 at worker after 1.070338ms (proto size 2405)
I0828 01:46:50.507343    1310 tpu_chip_config.cc:367] Resolved chip config alias megachip_tccontrol->megacore for 2093c6a02, 
I0828 01:46:50.508846    1310 tpu_chip_config.cc:367] Resolved chip config alias megachip_tccontrol->megacore for 2093c6a02, 
I0828 01:46:50.509694    1310 xla_compilation_cache.cc:113] XLA compilation cache fetch for computation 'jit_clip' (key af6d878a307a75f9) took 236.174887ms: PERSISTENT_FETCH
I0828 01:46:50.707643    1309 tpu_chip_config.cc:367] Resolved chip config alias megachip_tccontrol->megacore for 2093c6a02, 
I0828 01:46:50.709151    1309 tpu_chip_config.cc:367] Resolved chip config alias megachip_tccontrol->megacore for 2093c6a02, 
I0828 01:46:50.709940    1309 xla_compilation_cache.cc:113] XLA compilation cache fetch for computation 'jit_exp' (key 3d439b67ea163a9) took 207.472374ms: PERSISTENT_FETCH
I0828 01:46:51.059033    3104 server_lib.cc:1855] Attempting to load component jit_multiply.8339433792461643214 @ 0 at worker after 1.110489ms (proto size 2440)
I0828 01:46:51.297409    1309 tpu_chip_config.cc:367] Resolved chip config alias megachip_tccontrol->megacore for 2093c6a02, 
I0828 01:46:51.298985    1309 tpu_chip_config.cc:367] Resolved chip config alias megachip_tccontrol->megacore for 2093c6a02, 
I0828 01:46:51.299843    1309 xla_compilation_cache.cc:113] XLA compilation cache fetch for computation 'jit_multiply' (key fc4d2fab9725af8e) took 240.820143ms: PERSISTENT_FETCH
I0828 01:46:51.528007    3124 server_lib.cc:1855] Attempting to load component jit_clip.8339433792461642191 @ 0 at worker after 892.769us (proto size 2481)
I0828 01:46:51.770511    1309 tpu_chip_config.cc:367] Resolved chip config alias megachip_tccontrol->megacore for 2093c6a02, 
I0828 01:46:51.772039    1309 tpu_chip_config.cc:367] Resolved chip config alias megachip_tccontrol->megacore for 2093c6a02, 
I0828 01:46:51.772928    1309 xla_compilation_cache.cc:113] XLA compilation cache fetch for computation 'jit_clip' (key e1bbdc25b0e45d2b) took 244.929065ms: PERSISTENT_FETCH
I0828 01:46:51.773923    3124 server_lib.cc:1855] Attempting to load component jit_maximum.1570370967876931954 @ 0 at worker after 1.060342ms (proto size 2490)
I0828 01:46:52.028075    3094 server_lib.cc:1855] Attempting to load component jit_greater.8339433792461641168 @ 0 at worker after 991.393us (proto size 2439)
I0828 01:46:52.036181    1309 tpu_chip_config.cc:367] Resolved chip config alias megachip_tccontrol->megacore for 2093c6a02, 
I0828 01:46:52.037672    1309 tpu_chip_config.cc:367] Resolved chip config alias megachip_tccontrol->megacore for 2093c6a02, 
I0828 01:46:52.038536    1309 xla_compilation_cache.cc:113] XLA compilation cache fetch for computation 'jit_maximum' (key 20ba3831ab99cb1e) took 264.620021ms: PERSISTENT_FETCH
I0828 01:46:52.223680    3124 server_lib.cc:1855] Attempting to load component jit_convert_element_type.1570370967876933151 @ 0 at worker after 874.093us (proto size 2440)
I0828 01:46:52.229606    1310 tpu_chip_config.cc:367] Resolved chip config alias megachip_tccontrol->megacore for 2093c6a02, 
I0828 01:46:52.231097    1310 tpu_chip_config.cc:367] Resolved chip config alias megachip_tccontrol->megacore for 2093c6a02, 
I0828 01:46:52.231877    1310 xla_compilation_cache.cc:113] XLA compilation cache fetch for computation 'jit_greater' (key fcfa006d15426f67) took 203.810008ms: PERSISTENT_FETCH
I0828 01:46:52.441113    1309 tpu_chip_config.cc:367] Resolved chip config alias megachip_tccontrol->megacore for 2093c6a02, 
I0828 01:46:52.441567    3094 server_lib.cc:1855] Attempting to load component jit_multiply.8339433792461640145 @ 0 at worker after 1.021053ms (proto size 2441)
I0828 01:46:52.442575    1309 tpu_chip_config.cc:367] Resolved chip config alias megachip_tccontrol->megacore for 2093c6a02, 
I0828 01:46:52.443318    1309 xla_compilation_cache.cc:113] XLA compilation cache fetch for computation 'jit_convert_element_type' (key 9858f12e618f42f9) took 219.645337ms: PERSISTENT_FETCH
I0828 01:46:52.637610    1310 tpu_chip_config.cc:367] Resolved chip config alias megachip_tccontrol->megacore for 2093c6a02, 
I0828 01:46:52.639059    1310 tpu_chip_config.cc:367] Resolved chip config alias megachip_tccontrol->megacore for 2093c6a02, 
I0828 01:46:52.639861    1310 xla_compilation_cache.cc:113] XLA compilation cache fetch for computation 'jit_multiply' (key 56a2f6c0d1c7dce7) took 198.302409ms: PERSISTENT_FETCH
I0828 01:46:52.848847    3124 server_lib.cc:1855] Attempting to load component jit_bitwise_and.1570370967876935545 @ 0 at worker after 1.043293ms (proto size 2446)
I0828 01:46:53.044235    1310 tpu_chip_config.cc:367] Resolved chip config alias megachip_tccontrol->megacore for 2093c6a02, 
I0828 01:46:53.045809    1310 tpu_chip_config.cc:367] Resolved chip config alias megachip_tccontrol->megacore for 2093c6a02, 
I0828 01:46:53.046629    1310 xla_compilation_cache.cc:113] XLA compilation cache fetch for computation 'jit_bitwise_and' (key 4425591f7e345e31) took 197.789633ms: PERSISTENT_FETCH
I0828 01:46:53.318528    3044 server_lib.cc:1855] Attempting to load component jit__reduce_sum.1570370967876932646 @ 0 at worker after 931.525us (proto size 2418)
I0828 01:46:53.533393    1310 tpu_chip_config.cc:367] Resolved chip config alias megachip_tccontrol->megacore for 2093c6a02, 
I0828 01:46:53.534950    1310 tpu_chip_config.cc:367] Resolved chip config alias megachip_tccontrol->megacore for 2093c6a02, 
I0828 01:46:53.535776    1310 xla_compilation_cache.cc:113] XLA compilation cache fetch for computation 'jit__reduce_sum' (key 467c86885ac30774) took 217.258376ms: PERSISTENT_FETCH
I0828 01:46:53.700975    3094 server_lib.cc:1855] Attempting to load component jit_true_divide.1570370967876934242 @ 0 at worker after 1.00083ms (proto size 2435)
I0828 01:46:53.907583    1310 tpu_chip_config.cc:367] Resolved chip config alias megachip_tccontrol->megacore for 2093c6a02, 
I0828 01:46:53.909059    1310 tpu_chip_config.cc:367] Resolved chip config alias megachip_tccontrol->megacore for 2093c6a02, 
I0828 01:46:53.909820    1310 xla_compilation_cache.cc:113] XLA compilation cache fetch for computation 'jit_true_divide' (key 6c010c44a494a4f8) took 208.854795ms: PERSISTENT_FETCH
I0828 01:46:54.150237    3071 server_lib.cc:1855] Attempting to load component jit__reduce_sum.1570370967876935439 @ 0 at worker after 957.294us (proto size 2404)
I0828 01:46:54.354302    3044 server_lib.cc:1855] Attempting to load component jit_minimum.8339433792461642881 @ 0 at worker after 1.02813ms (proto size 2490)
I0828 01:46:54.355890    1310 tpu_chip_config.cc:367] Resolved chip config alias megachip_tccontrol->megacore for 2093c6a02, 
I0828 01:46:54.357315    1310 tpu_chip_config.cc:367] Resolved chip config alias megachip_tccontrol->megacore for 2093c6a02, 
I0828 01:46:54.358108    1310 xla_compilation_cache.cc:113] XLA compilation cache fetch for computation 'jit__reduce_sum' (key e26f4f410089f389) took 207.88097ms: PERSISTENT_FETCH
I0828 01:46:54.585520    3071 server_lib.cc:1855] Attempting to load component jit__where.1570370967876932939 @ 0 at worker after 1.039852ms (proto size 2485)
I0828 01:46:54.586969    1309 tpu_chip_config.cc:367] Resolved chip config alias megachip_tccontrol->megacore for 2093c6a02, 
I0828 01:46:54.588444    1309 tpu_chip_config.cc:367] Resolved chip config alias megachip_tccontrol->megacore for 2093c6a02, 
I0828 01:46:54.589309    1309 xla_compilation_cache.cc:113] XLA compilation cache fetch for computation 'jit_minimum' (key 6b4bcdb9d9819f09) took 235.014873ms: PERSISTENT_FETCH
I0828 01:46:54.807373    1310 tpu_chip_config.cc:367] Resolved chip config alias megachip_tccontrol->megacore for 2093c6a02, 
I0828 01:46:54.808828    1310 tpu_chip_config.cc:367] Resolved chip config alias megachip_tccontrol->megacore for 2093c6a02, 
I0828 01:46:54.809633    1310 xla_compilation_cache.cc:113] XLA compilation cache fetch for computation 'jit__where' (key 4067a05c24b94a) took 224.119851ms: PERSISTENT_FETCH
I0828 01:46:54.819544    1950 server_lib.cc:1855] Attempting to load component jit_true_divide.8339433792461641517 @ 0 at worker after 972.298us (proto size 2456)
I0828 01:46:55.036711    3044 server_lib.cc:1855] Attempting to load component jit__reduce_sum.1570370967876934136 @ 0 at worker after 862.867us (proto size 2404)
I0828 01:46:55.037239    1310 tpu_chip_config.cc:367] Resolved chip config alias megachip_tccontrol->megacore for 2093c6a02, 
I0828 01:46:55.038665    1310 tpu_chip_config.cc:367] Resolved chip config alias megachip_tccontrol->megacore for 2093c6a02, 
I0828 01:46:55.039446    1310 xla_compilation_cache.cc:113] XLA compilation cache fetch for computation 'jit_true_divide' (key af7d453c68d913e2) took 219.911115ms: PERSISTENT_FETCH
I0828 01:46:55.243870    3044 server_lib.cc:1855] Attempting to load component jit_convert_element_type.8339433792461640494 @ 0 at worker after 993.752us (proto size 2412)
I0828 01:46:55.249347    1309 tpu_chip_config.cc:367] Resolved chip config alias megachip_tccontrol->megacore for 2093c6a02, 
I0828 01:46:55.250837    1309 tpu_chip_config.cc:367] Resolved chip config alias megachip_tccontrol->megacore for 2093c6a02, 
I0828 01:46:55.251630    1309 xla_compilation_cache.cc:113] XLA compilation cache fetch for computation 'jit__reduce_sum' (key a01abe6d6260bdc0) took 214.926877ms: PERSISTENT_FETCH
I0828 01:46:55.458168    1310 tpu_chip_config.cc:367] Resolved chip config alias megachip_tccontrol->megacore for 2093c6a02, 
I0828 01:46:55.459629    1310 tpu_chip_config.cc:367] Resolved chip config alias megachip_tccontrol->megacore for 2093c6a02, 
I0828 01:46:55.460361    1310 xla_compilation_cache.cc:113] XLA compilation cache fetch for computation 'jit_convert_element_type' (key 67c9710f4d007cdf) took 216.538905ms: PERSISTENT_FETCH
I0828 01:46:55.470268    3044 server_lib.cc:1855] Attempting to load component jit__mean.1570370967876932035 @ 0 at worker after 996.833us (proto size 2392)
I0828 01:46:55.692354    1310 tpu_chip_config.cc:367] Resolved chip config alias megachip_tccontrol->megacore for 2093c6a02, 
I0828 01:46:55.693839    1310 tpu_chip_config.cc:367] Resolved chip config alias megachip_tccontrol->megacore for 2093c6a02, 
I0828 01:46:55.694636    1310 xla_compilation_cache.cc:113] XLA compilation cache fetch for computation 'jit__mean' (key 8fbbe7f73858282f) took 224.373561ms: PERSISTENT_FETCH
I0828 01:46:55.879110    3104 server_lib.cc:1855] Attempting to load component jit_masked_mean.1570370967876934828 @ 0 at worker after 1.086606ms (proto size 2469)
I0828 01:46:56.110290    1310 tpu_chip_config.cc:367] Resolved chip config alias megachip_tccontrol->megacore for 2093c6a02, 
I0828 01:46:56.111746    1310 tpu_chip_config.cc:367] Resolved chip config alias megachip_tccontrol->megacore for 2093c6a02, 
I0828 01:46:56.112628    1310 xla_compilation_cache.cc:113] XLA compilation cache fetch for computation 'jit_masked_mean' (key e54310776ecaed0) took 233.527917ms: PERSISTENT_FETCH
I0828 01:46:56.321124    3104 server_lib.cc:1855] Attempting to load component jit__where.1570370967876932328 @ 0 at worker after 999.254us (proto size 2474)
I0828 01:46:56.530069    1310 tpu_chip_config.cc:367] Resolved chip config alias megachip_tccontrol->megacore for 2093c6a02, 
I0828 01:46:56.531540    1310 tpu_chip_config.cc:367] Resolved chip config alias megachip_tccontrol->megacore for 2093c6a02, 
I0828 01:46:56.532340    1310 xla_compilation_cache.cc:113] XLA compilation cache fetch for computation 'jit__where' (key 9b98bd8f269dc37c) took 211.224647ms: PERSISTENT_FETCH
I0828 01:46:56.534782    3044 server_lib.cc:1855] Attempting to load component jit__reduce_max.8339433792461641180 @ 0 at worker after 908.429us (proto size 2444)
I0828 01:46:56.766499    1310 tpu_chip_config.cc:367] Resolved chip config alias megachip_tccontrol->megacore for 2093c6a02, 
I0828 01:46:56.767923    1310 tpu_chip_config.cc:367] Resolved chip config alias megachip_tccontrol->megacore for 2093c6a02, 
I0828 01:46:56.768782    1310 xla_compilation_cache.cc:113] XLA compilation cache fetch for computation 'jit__reduce_max' (key 580ea8c1d8a6d62d) took 234.006549ms: PERSISTENT_FETCH
I0828 01:46:56.769937    3104 server_lib.cc:1855] Attempting to load component jit__reduce_min.1570370967876934323 @ 0 at worker after 1.000183ms (proto size 2444)
I0828 01:46:56.961230    3094 server_lib.cc:1855] Attempting to load component jit_abs.8339433792461640157 @ 0 at worker after 1.103581ms (proto size 2431)
I0828 01:46:56.966857    1310 tpu_chip_config.cc:367] Resolved chip config alias megachip_tccontrol->megacore for 2093c6a02, 
I0828 01:46:56.968270    1310 tpu_chip_config.cc:367] Resolved chip config alias megachip_tccontrol->megacore for 2093c6a02, 
I0828 01:46:56.969120    1310 xla_compilation_cache.cc:113] XLA compilation cache fetch for computation 'jit__reduce_min' (key 6383e1f9741ecbc0) took 199.192265ms: PERSISTENT_FETCH
I0828 01:46:57.163234    1309 tpu_chip_config.cc:367] Resolved chip config alias megachip_tccontrol->megacore for 2093c6a02, 
I0828 01:46:57.164714    1309 tpu_chip_config.cc:367] Resolved chip config alias megachip_tccontrol->megacore for 2093c6a02, 
I0828 01:46:57.165490    1309 xla_compilation_cache.cc:113] XLA compilation cache fetch for computation 'jit_abs' (key e7a1541ed2e03f84) took 204.271387ms: PERSISTENT_FETCH
I0828 01:46:59.389664    3094 server_lib.cc:1855] Attempting to load component jit_broadcast_in_dim.8339433792461642556 @ 0 at worker after 969.238us (proto size 2414)
I0828 01:46:59.588017    3094 server_lib.cc:1855] Attempting to load component jit_div.1570370967876932808 @ 0 at worker after 1.010368ms (proto size 2419)
I0828 01:46:59.597099    1309 tpu_chip_config.cc:367] Resolved chip config alias megachip_tccontrol->megacore for 2093c6a02, 
I0828 01:46:59.598811    1309 tpu_chip_config.cc:367] Resolved chip config alias megachip_tccontrol->megacore for 2093c6a02, 
I0828 01:46:59.599676    1309 xla_compilation_cache.cc:113] XLA compilation cache fetch for computation 'jit_broadcast_in_dim' (key 915a3c865f22631e) took 210.023644ms: PERSISTENT_FETCH
I0828 01:46:59.806036    3094 server_lib.cc:1855] Attempting to load component jit_broadcast_in_dim.8339433792461641533 @ 0 at worker after 923.7us (proto size 2428)
I0828 01:46:59.812146    1310 tpu_chip_config.cc:367] Resolved chip config alias megachip_tccontrol->megacore for 2093c6a02, 
I0828 01:46:59.813680    1310 tpu_chip_config.cc:367] Resolved chip config alias megachip_tccontrol->megacore for 2093c6a02, 
I0828 01:46:59.814556    1310 xla_compilation_cache.cc:113] XLA compilation cache fetch for computation 'jit_div' (key 65a6afbb31ee3cd7) took 226.54884ms: PERSISTENT_FETCH
I0828 01:47:00.017563    1950 server_lib.cc:1855] Attempting to load component jit_mul.1570370967876934005 @ 0 at worker after 973.955us (proto size 2431)
I0828 01:47:00.027251    1309 tpu_chip_config.cc:367] Resolved chip config alias megachip_tccontrol->megacore for 2093c6a02, 
I0828 01:47:00.028720    1309 tpu_chip_config.cc:367] Resolved chip config alias megachip_tccontrol->megacore for 2093c6a02, 
I0828 01:47:00.029496    1309 xla_compilation_cache.cc:113] XLA compilation cache fetch for computation 'jit_broadcast_in_dim' (key 397bb6dc0e9dcc90) took 223.466525ms: PERSISTENT_FETCH
I0828 01:47:00.225034    3124 server_lib.cc:1855] Attempting to load component jit__where.8339433792461640510 @ 0 at worker after 987.939us (proto size 2463)
I0828 01:47:00.229241    1310 tpu_chip_config.cc:367] Resolved chip config alias megachip_tccontrol->megacore for 2093c6a02, 
I0828 01:47:00.230812    1310 tpu_chip_config.cc:367] Resolved chip config alias megachip_tccontrol->megacore for 2093c6a02, 
I0828 01:47:00.231620    1310 xla_compilation_cache.cc:113] XLA compilation cache fetch for computation 'jit_mul' (key f4f3802c25177a67) took 214.067055ms: PERSISTENT_FETCH
I0828 01:47:00.428805    3124 server_lib.cc:1855] Attempting to load component jit_add.1570370967876935202 @ 0 at worker after 879.395us (proto size 2431)
I0828 01:47:00.436039    1309 tpu_chip_config.cc:367] Resolved chip config alias megachip_tccontrol->megacore for 2093c6a02, 
I0828 01:47:00.437565    1309 tpu_chip_config.cc:367] Resolved chip config alias megachip_tccontrol->megacore for 2093c6a02, 
I0828 01:47:00.438396    1309 xla_compilation_cache.cc:113] XLA compilation cache fetch for computation 'jit__where' (key 7f56ff652afe96d7) took 213.371426ms: PERSISTENT_FETCH
I0828 01:47:00.636299    2869 server_lib.cc:1855] Attempting to load component jit_mul.8339433792461643583 @ 0 at worker after 875.48us (proto size 2430)
I0828 01:47:00.639842    1310 tpu_chip_config.cc:367] Resolved chip config alias megachip_tccontrol->megacore for 2093c6a02, 
I0828 01:47:00.641282    1310 tpu_chip_config.cc:367] Resolved chip config alias megachip_tccontrol->megacore for 2093c6a02, 
I0828 01:47:00.642038    1310 xla_compilation_cache.cc:113] XLA compilation cache fetch for computation 'jit_add' (key 5a35754ce5b26cb2) took 213.240972ms: PERSISTENT_FETCH
I0828 01:47:00.831869    1309 tpu_chip_config.cc:367] Resolved chip config alias megachip_tccontrol->megacore for 2093c6a02, 
I0828 01:47:00.833322    1309 tpu_chip_config.cc:367] Resolved chip config alias megachip_tccontrol->megacore for 2093c6a02, 
I0828 01:47:00.834120    1309 xla_compilation_cache.cc:113] XLA compilation cache fetch for computation 'jit_mul' (key 7f01b13a9f5debdc) took 197.836094ms: PERSISTENT_FETCH
I0828 01:47:00.835877    3104 server_lib.cc:1855] Attempting to load component jit_clip.1570370967876932303 @ 0 at worker after 883.578us (proto size 2459)
I0828 01:47:01.059314    3104 server_lib.cc:1855] Attempting to load component jit_clip.8339433792461642560 @ 0 at worker after 823.898us (proto size 2432)
I0828 01:47:01.061340    1309 tpu_chip_config.cc:367] Resolved chip config alias megachip_tccontrol->megacore for 2093c6a02, 
I0828 01:47:01.062794    1309 tpu_chip_config.cc:367] Resolved chip config alias megachip_tccontrol->megacore for 2093c6a02, 
I0828 01:47:01.063596    1309 xla_compilation_cache.cc:113] XLA compilation cache fetch for computation 'jit_clip' (key 5fe9764764ac37e6) took 227.727918ms: PERSISTENT_FETCH
I0828 01:47:01.262357    1310 tpu_chip_config.cc:367] Resolved chip config alias megachip_tccontrol->megacore for 2093c6a02, 
I0828 01:47:01.263868    1310 tpu_chip_config.cc:367] Resolved chip config alias megachip_tccontrol->megacore for 2093c6a02, 
I0828 01:47:01.264631    1310 xla_compilation_cache.cc:113] XLA compilation cache fetch for computation 'jit_clip' (key 211bedc93f50924) took 205.324684ms: PERSISTENT_FETCH
I0828 01:47:01.461790    3094 server_lib.cc:1855] Attempting to load component jit_reshape.1570370967876934298 @ 0 at worker after 940.255us (proto size 2416)
I0828 01:47:01.653810    3094 server_lib.cc:1855] Attempting to load component jit_swapaxes.8339433792461640173 @ 0 at worker after 1.052401ms (proto size 2420)
I0828 01:47:01.660056    1310 tpu_chip_config.cc:367] Resolved chip config alias megachip_tccontrol->megacore for 2093c6a02, 
I0828 01:47:01.661553    1310 tpu_chip_config.cc:367] Resolved chip config alias megachip_tccontrol->megacore for 2093c6a02, 
I0828 01:47:01.662270    1310 xla_compilation_cache.cc:113] XLA compilation cache fetch for computation 'jit_reshape' (key f20f1c4228371a48) took 200.488084ms: PERSISTENT_FETCH
I0828 01:47:01.863740    1309 tpu_chip_config.cc:367] Resolved chip config alias megachip_tccontrol->megacore for 2093c6a02, 
I0828 01:47:01.865189    1309 tpu_chip_config.cc:367] Resolved chip config alias megachip_tccontrol->megacore for 2093c6a02, 
I0828 01:47:01.865926    1309 xla_compilation_cache.cc:113] XLA compilation cache fetch for computation 'jit_swapaxes' (key 589f9603006d93d4) took 212.123589ms: PERSISTENT_FETCH
I0828 01:47:02.319566    3071 server_lib.cc:1855] Attempting to load component jit_subtract.1570370967876932995 @ 0 at worker after 1.118792ms (proto size 2441)
I0828 01:47:02.507627    3124 server_lib.cc:1855] Attempting to load component jit_negative.8339433792461642223 @ 0 at worker after 1.010576ms (proto size 2416)
I0828 01:47:02.518895    1309 tpu_chip_config.cc:367] Resolved chip config alias megachip_tccontrol->megacore for 2093c6a02, 
I0828 01:47:02.520450    1309 tpu_chip_config.cc:367] Resolved chip config alias megachip_tccontrol->megacore for 2093c6a02, 
I0828 01:47:02.521216    1309 xla_compilation_cache.cc:113] XLA compilation cache fetch for computation 'jit_subtract' (key 504ebbfddc0356d5) took 201.66156ms: PERSISTENT_FETCH
I0828 01:47:02.702003    1310 tpu_chip_config.cc:367] Resolved chip config alias megachip_tccontrol->megacore for 2093c6a02, 
I0828 01:47:02.703577    1310 tpu_chip_config.cc:367] Resolved chip config alias megachip_tccontrol->megacore for 2093c6a02, 
I0828 01:47:02.704363    1310 xla_compilation_cache.cc:113] XLA compilation cache fetch for computation 'jit_negative' (key 402ec2ec6e627c79) took 196.745211ms: PERSISTENT_FETCH
I0828 01:47:02.709013    2869 server_lib.cc:1855] Attempting to load component jit_clip.1570370967876934192 @ 0 at worker after 1.035192ms (proto size 2430)
I0828 01:47:02.904713    1310 tpu_chip_config.cc:367] Resolved chip config alias megachip_tccontrol->megacore for 2093c6a02, 
I0828 01:47:02.906251    1310 tpu_chip_config.cc:367] Resolved chip config alias megachip_tccontrol->megacore for 2093c6a02, 
I0828 01:47:02.907077    1310 xla_compilation_cache.cc:113] XLA compilation cache fetch for computation 'jit_clip' (key c8f7619b66b920c1) took 198.077203ms: PERSISTENT_FETCH
I0828 01:47:02.908660    3104 server_lib.cc:1855] Attempting to load component jit_true_divide.8339433792461640177 @ 0 at worker after 992.397us (proto size 2435)
I0828 01:47:03.111548    3044 server_lib.cc:1855] Attempting to load component jit_subtract.1570370967876935389 @ 0 at worker after 1.037218ms (proto size 2441)
I0828 01:47:03.114958    1310 tpu_chip_config.cc:367] Resolved chip config alias megachip_tccontrol->megacore for 2093c6a02, 
I0828 01:47:03.116494    1310 tpu_chip_config.cc:367] Resolved chip config alias megachip_tccontrol->megacore for 2093c6a02, 
I0828 01:47:03.117294    1310 xla_compilation_cache.cc:113] XLA compilation cache fetch for computation 'jit_true_divide' (key 399129ac904f6178) took 208.643627ms: PERSISTENT_FETCH
I0828 01:47:03.298673    3071 server_lib.cc:1855] Attempting to load component jit_add.8339433792461643250 @ 0 at worker after 1.071421ms (proto size 2430)
I0828 01:47:03.306604    1309 tpu_chip_config.cc:367] Resolved chip config alias megachip_tccontrol->megacore for 2093c6a02, 
I0828 01:47:03.308099    1309 tpu_chip_config.cc:367] Resolved chip config alias megachip_tccontrol->megacore for 2093c6a02, 
I0828 01:47:03.308871    1309 xla_compilation_cache.cc:113] XLA compilation cache fetch for computation 'jit_subtract' (key 4f9f314165cc6ed4) took 197.33111ms: PERSISTENT_FETCH
I0828 01:47:03.500905    3071 server_lib.cc:1855] Attempting to load component jit_clip.1570370967876932490 @ 0 at worker after 963.181us (proto size 2419)
I0828 01:47:03.508773    1310 tpu_chip_config.cc:367] Resolved chip config alias megachip_tccontrol->megacore for 2093c6a02, 
I0828 01:47:03.510258    1310 tpu_chip_config.cc:367] Resolved chip config alias megachip_tccontrol->megacore for 2093c6a02, 
I0828 01:47:03.511048    1310 xla_compilation_cache.cc:113] XLA compilation cache fetch for computation 'jit_add' (key 17ada02d51ae433f) took 212.383071ms: PERSISTENT_FETCH
I0828 01:47:03.692850    1309 tpu_chip_config.cc:367] Resolved chip config alias megachip_tccontrol->megacore for 2093c6a02, 
I0828 01:47:03.694331    1309 tpu_chip_config.cc:367] Resolved chip config alias megachip_tccontrol->megacore for 2093c6a02, 
I0828 01:47:03.695132    1309 xla_compilation_cache.cc:113] XLA compilation cache fetch for computation 'jit_clip' (key d6014ae046dd580d) took 194.233235ms: PERSISTENT_FETCH
I0828 01:47:03.706313    3094 server_lib.cc:1855] Attempting to load component jit_multiply.1570370967876933687 @ 0 at worker after 976.03us (proto size 2440)
I0828 01:47:03.905514    1309 tpu_chip_config.cc:367] Resolved chip config alias megachip_tccontrol->megacore for 2093c6a02, 
I0828 01:47:03.907009    1309 tpu_chip_config.cc:367] Resolved chip config alias megachip_tccontrol->megacore for 2093c6a02, 
I0828 01:47:03.907826    1309 xla_compilation_cache.cc:113] XLA compilation cache fetch for computation 'jit_multiply' (key 15ce43228c2090ff) took 201.522273ms: PERSISTENT_FETCH
I0828 01:47:03.910358    3094 server_lib.cc:1855] Attempting to load component jit_clip.8339433792461641204 @ 0 at worker after 966.578us (proto size 2430)
I0828 01:47:04.122371    1309 tpu_chip_config.cc:367] Resolved chip config alias megachip_tccontrol->megacore for 2093c6a02, 
I0828 01:47:04.123870    1309 tpu_chip_config.cc:367] Resolved chip config alias megachip_tccontrol->megacore for 2093c6a02, 
I0828 01:47:04.124656    1309 xla_compilation_cache.cc:113] XLA compilation cache fetch for computation 'jit_clip' (key ef0e02618c251389) took 214.307633ms: PERSISTENT_FETCH
I0828 01:47:04.125671    2951 server_lib.cc:1855] Attempting to load component jit_maximum.1570370967876931586 @ 0 at worker after 957.763us (proto size 2439)
I0828 01:47:04.315622    2951 server_lib.cc:1855] Attempting to load component jit_greater.8339433792461640181 @ 0 at worker after 945.232us (proto size 2439)
I0828 01:47:04.324305    1309 tpu_chip_config.cc:367] Resolved chip config alias megachip_tccontrol->megacore for 2093c6a02, 
I0828 01:47:04.325825    1309 tpu_chip_config.cc:367] Resolved chip config alias megachip_tccontrol->megacore for 2093c6a02, 
I0828 01:47:04.326574    1309 xla_compilation_cache.cc:113] XLA compilation cache fetch for computation 'jit_maximum' (key c94b5ba5877ec491) took 200.911521ms: PERSISTENT_FETCH
I0828 01:47:04.511927    1310 tpu_chip_config.cc:367] Resolved chip config alias megachip_tccontrol->megacore for 2093c6a02, 
I0828 01:47:04.513388    1310 tpu_chip_config.cc:367] Resolved chip config alias megachip_tccontrol->megacore for 2093c6a02, 
I0828 01:47:04.514165    1310 xla_compilation_cache.cc:113] XLA compilation cache fetch for computation 'jit_greater' (key 6131758d1172bb37) took 198.549675ms: PERSISTENT_FETCH
I0828 01:47:04.532071    3071 server_lib.cc:1855] Attempting to load component jit_minimum.1570370967876933980 @ 0 at worker after 852.604us (proto size 2439)
I0828 01:47:04.731163    3071 server_lib.cc:1855] Attempting to load component jit__where.8339433792461642913 @ 0 at worker after 901.164us (proto size 2462)
I0828 01:47:04.742214    1310 tpu_chip_config.cc:367] Resolved chip config alias megachip_tccontrol->megacore for 2093c6a02, 
I0828 01:47:04.743748    1310 tpu_chip_config.cc:367] Resolved chip config alias megachip_tccontrol->megacore for 2093c6a02, 
I0828 01:47:04.744525    1310 xla_compilation_cache.cc:113] XLA compilation cache fetch for computation 'jit_minimum' (key 107a6c9f360d0dec) took 212.462031ms: PERSISTENT_FETCH
I0828 01:47:04.928039    1309 tpu_chip_config.cc:367] Resolved chip config alias megachip_tccontrol->megacore for 2093c6a02, 
I0828 01:47:04.929504    1309 tpu_chip_config.cc:367] Resolved chip config alias megachip_tccontrol->megacore for 2093c6a02, 
I0828 01:47:04.930312    1309 xla_compilation_cache.cc:113] XLA compilation cache fetch for computation 'jit__where' (key c61df59b81f52216) took 199.153402ms: PERSISTENT_FETCH
I0828 01:47:04.956535    3071 server_lib.cc:1855] Attempting to load component jit__mean.1570370967876932278 @ 0 at worker after 975.09us (proto size 2392)
I0828 01:47:05.161391    3071 server_lib.cc:1855] Attempting to load component jit_masked_mean.8339433792461640526 @ 0 at worker after 898.5us (proto size 2433)
I0828 01:47:05.165534    1309 tpu_chip_config.cc:367] Resolved chip config alias megachip_tccontrol->megacore for 2093c6a02, 
I0828 01:47:05.167027    1309 tpu_chip_config.cc:367] Resolved chip config alias megachip_tccontrol->megacore for 2093c6a02, 
I0828 01:47:05.167859    1309 xla_compilation_cache.cc:113] XLA compilation cache fetch for computation 'jit__mean' (key 1419977e0838b4a7) took 211.330635ms: PERSISTENT_FETCH
I0828 01:47:05.379832    1310 tpu_chip_config.cc:367] Resolved chip config alias megachip_tccontrol->megacore for 2093c6a02, 
I0828 01:47:05.381270    1310 tpu_chip_config.cc:367] Resolved chip config alias megachip_tccontrol->megacore for 2093c6a02, 
I0828 01:47:05.382114    1310 xla_compilation_cache.cc:113] XLA compilation cache fetch for computation 'jit_masked_mean' (key 1685e480408d35f4) took 220.727192ms: PERSISTENT_FETCH
I0828 01:47:05.425416    3094 server_lib.cc:1855] Attempting to load component jit__reduce_min.1570370967876935470 @ 0 at worker after 896.9us (proto size 2408)
I0828 01:47:05.665781    1310 tpu_chip_config.cc:367] Resolved chip config alias megachip_tccontrol->megacore for 2093c6a02, 
I0828 01:47:05.667245    1310 tpu_chip_config.cc:367] Resolved chip config alias megachip_tccontrol->megacore for 2093c6a02, 
I0828 01:47:05.668036    1310 xla_compilation_cache.cc:113] XLA compilation cache fetch for computation 'jit__reduce_min' (key 44c4274d72871eac) took 242.628856ms: PERSISTENT_FETCH
I0828 01:47:07.171025    2869 server_lib.cc:1855] Attempting to load component jit_gather.8339433792461639880 @ 0 at worker after 995.106us (proto size 2433)
I0828 01:47:07.381941    1310 tpu_chip_config.cc:367] Resolved chip config alias megachip_tccontrol->megacore for 2093c6a02, 
I0828 01:47:07.383656    1310 tpu_chip_config.cc:367] Resolved chip config alias megachip_tccontrol->megacore for 2093c6a02, 
I0828 01:47:07.384645    1310 xla_compilation_cache.cc:113] XLA compilation cache fetch for computation 'jit_gather' (key b8fff38bbba203bf) took 213.630988ms: PERSISTENT_FETCH
I0828 01:47:07.385628    2951 server_lib.cc:1855] Attempting to load component jit_broadcast_in_dim.1570370967876935395 @ 0 at worker after 934.118us (proto size 2430)
I0828 01:47:07.603415    1310 tpu_chip_config.cc:367] Resolved chip config alias megachip_tccontrol->megacore for 2093c6a02, 
I0828 01:47:07.604954    1310 tpu_chip_config.cc:367] Resolved chip config alias megachip_tccontrol->megacore for 2093c6a02, 
I0828 01:47:07.605740    1310 xla_compilation_cache.cc:113] XLA compilation cache fetch for computation 'jit_broadcast_in_dim' (key dbcb2fb1f325c90a) took 220.121056ms: PERSISTENT_FETCH
I0828 01:47:08.323405    3094 server_lib.cc:1855] Attempting to load component jit__where.8339433792461640907 @ 0 at worker after 1.167236ms (proto size 2445)
I0828 01:47:08.533245    1310 tpu_chip_config.cc:367] Resolved chip config alias megachip_tccontrol->megacore for 2093c6a02, 
I0828 01:47:08.534853    1310 tpu_chip_config.cc:367] Resolved chip config alias megachip_tccontrol->megacore for 2093c6a02, 
I0828 01:47:08.535723    1310 xla_compilation_cache.cc:113] XLA compilation cache fetch for computation 'jit__where' (key f0bf38a1c4f2682b) took 212.32859ms: PERSISTENT_FETCH
I0828 01:47:09.634942    2951 server_lib.cc:1855] Attempting to load component jit__squeeze.1570370967876933481 @ 0 at worker after 1.136912ms (proto size 2414)
I0828 01:47:09.833528    2951 server_lib.cc:1855] Attempting to load component jit_scatter-add.8339433792461640570 @ 0 at worker after 949.814us (proto size 2472)
I0828 01:47:09.839943    1310 tpu_chip_config.cc:367] Resolved chip config alias megachip_tccontrol->megacore for 2093c6a02, 
I0828 01:47:09.841578    1310 tpu_chip_config.cc:367] Resolved chip config alias megachip_tccontrol->megacore for 2093c6a02, 
I0828 01:47:09.842394    1310 xla_compilation_cache.cc:113] XLA compilation cache fetch for computation 'jit__squeeze' (key 4f664adf22a5a34d) took 207.462143ms: PERSISTENT_FETCH
I0828 01:47:10.385197    1309 tpu_chip_config.cc:367] Resolved chip config alias megachip_tccontrol->megacore for 2093c6a02, 
I0828 01:47:10.387031    1309 tpu_chip_config.cc:367] Resolved chip config alias megachip_tccontrol->megacore for 2093c6a02, 
I0828 01:47:10.388303    1309 xla_compilation_cache.cc:113] XLA compilation cache fetch for computation 'jit_scatter-add' (key 67e819b08f4baf52) took 554.781378ms: PERSISTENT_FETCH
W0828 01:47:12.620130    1448 tpu_pjrt_client.cc:2349] PjRt execution dispatch was blocked for 1.619786ms because PjRt's max in-flight computation semaphore is full (limit: 32), which may negatively affect the performance
I0828 01:47:12.638525    2869 server_lib.cc:1855] Attempting to load component jit_gather.8339433792461641958 @ 0 at worker after 1.024713ms (proto size 2430)
I0828 01:47:12.856612    3044 server_lib.cc:1855] Attempting to load component jit_broadcast_in_dim.1570370967876932471 @ 0 at worker after 1.06464ms (proto size 2430)
I0828 01:47:12.865523    1309 tpu_chip_config.cc:367] Resolved chip config alias megachip_tccontrol->megacore for 2093c6a02, 
I0828 01:47:12.867291    1309 tpu_chip_config.cc:367] Resolved chip config alias megachip_tccontrol->megacore for 2093c6a02, 
I0828 01:47:12.868222    1309 xla_compilation_cache.cc:113] XLA compilation cache fetch for computation 'jit_gather' (key c533f69f89a63ab1) took 229.707124ms: PERSISTENT_FETCH
I0828 01:47:13.049209    3071 server_lib.cc:1855] Attempting to load component jit_reshape.8339433792461640935 @ 0 at worker after 950.731us (proto size 2409)
I0828 01:47:13.056984    1310 tpu_chip_config.cc:367] Resolved chip config alias megachip_tccontrol->megacore for 2093c6a02, 
I0828 01:47:13.058542    1310 tpu_chip_config.cc:367] Resolved chip config alias megachip_tccontrol->megacore for 2093c6a02, 
I0828 01:47:13.059310    1310 xla_compilation_cache.cc:113] XLA compilation cache fetch for computation 'jit_broadcast_in_dim' (key 563f2761b9426d3d) took 202.71002ms: PERSISTENT_FETCH
I0828 01:47:13.256921    1309 tpu_chip_config.cc:367] Resolved chip config alias megachip_tccontrol->megacore for 2093c6a02, 
I0828 01:47:13.258414    1309 tpu_chip_config.cc:367] Resolved chip config alias megachip_tccontrol->megacore for 2093c6a02, 
I0828 01:47:13.259193    1309 xla_compilation_cache.cc:113] XLA compilation cache fetch for computation 'jit_reshape' (key f60d60317ec36df3) took 209.992764ms: PERSISTENT_FETCH
I0828 01:47:13.741044    3124 server_lib.cc:1855] Attempting to load component jit_zt_tr_bwd_logprob.1570370967876934865 @ 0 at worker after 1.309946ms (proto size 2511)
I0828 01:47:15.029323    1309 tpu_chip_config.cc:367] Resolved chip config alias megachip_tccontrol->megacore for 2093c6a02, 
I0828 01:47:15.031179    1309 tpu_chip_config.cc:367] Resolved chip config alias megachip_tccontrol->megacore for 2093c6a02, 
I0828 01:47:15.032463    1309 xla_compilation_cache.cc:113] XLA compilation cache fetch for computation 'jit_zt_tr_bwd_logprob' (key 993e505f3d1a68e0) took 1.2914288s: PERSISTENT_FETCH
I0828 01:47:15.285069    3104 server_lib.cc:1855] Attempting to load component jit_convert_element_type.1570370967876931966 @ 0 at worker after 1.005408ms (proto size 2442)
I0828 01:47:15.512212    1309 tpu_chip_config.cc:367] Resolved chip config alias megachip_tccontrol->megacore for 2093c6a02, 
I0828 01:47:15.513744    1309 tpu_chip_config.cc:367] Resolved chip config alias megachip_tccontrol->megacore for 2093c6a02, 
I0828 01:47:15.514540    1309 xla_compilation_cache.cc:113] XLA compilation cache fetch for computation 'jit_convert_element_type' (key a7cfcd7626a1f512) took 229.481437ms: PERSISTENT_FETCH
I0828 01:47:20.405555    3071 server_lib.cc:1855] Attempting to load component jit_zt_tr_dp_parallel_bwd_head.8339433792461641280 @ 0 at worker after 1.276377ms (proto size 2534)
I0828 01:47:22.948566    1309 tpu_chip_config.cc:367] Resolved chip config alias megachip_tccontrol->megacore for 2093c6a02, 
I0828 01:47:22.951997    1309 tpu_chip_config.cc:367] Resolved chip config alias megachip_tccontrol->megacore for 2093c6a02, 
I0828 01:47:22.956001    1309 xla_compilation_cache.cc:113] XLA compilation cache fetch for computation 'jit_zt_tr_dp_parallel_bwd_head' (key 54cf6f78fc5b9acb) took 2.550459843s: PERSISTENT_FETCH
I0828 01:47:23.136800    3094 server_lib.cc:1855] Attempting to load component jit_zt_tr_dp_parallel_bwd_norm.1570370967876933163 @ 0 at worker after 1.139039ms (proto size 2523)
I0828 01:47:24.665243    1309 tpu_chip_config.cc:367] Resolved chip config alias megachip_tccontrol->megacore for 2093c6a02, 
I0828 01:47:24.667334    1309 tpu_chip_config.cc:367] Resolved chip config alias megachip_tccontrol->megacore for 2093c6a02, 
I0828 01:47:24.669611    1309 xla_compilation_cache.cc:113] XLA compilation cache fetch for computation 'jit_zt_tr_dp_parallel_bwd_norm' (key 59b6a7bcfdb3083a) took 1.532822598s: PERSISTENT_FETCH
I0828 01:47:27.448934    2951 server_lib.cc:1855] Attempting to load component jit_zt_tr_dp_parallel_bwd_layer_35.8339433792461640257 @ 0 at worker after 1.638941ms (proto size 3270)
I0828 01:47:37.031611    1309 tpu_chip_config.cc:367] Resolved chip config alias megachip_tccontrol->megacore for 2093c6a02, 
I0828 01:47:37.038722    1309 tpu_chip_config.cc:367] Resolved chip config alias megachip_tccontrol->megacore for 2093c6a02, 
I0828 01:47:37.064236    1309 xla_compilation_cache.cc:113] XLA compilation cache fetch for computation 'jit_zt_tr_dp_parallel_bwd_layer_35' (key b9b4c66ca54c6c83) took 9.615315375s: PERSISTENT_FETCH
I0828 01:47:40.583820    2951 server_lib.cc:1855] Attempting to load component jit_zt_tr_dp_parallel_bwd_layer_34.1570370967876934360 @ 0 at worker after 1.674486ms (proto size 3270)
I0828 01:47:50.368802    1309 tpu_chip_config.cc:367] Resolved chip config alias megachip_tccontrol->megacore for 2093c6a02, 
I0828 01:47:50.375850    1309 tpu_chip_config.cc:367] Resolved chip config alias megachip_tccontrol->megacore for 2093c6a02, 
I0828 01:47:50.401063    1309 xla_compilation_cache.cc:113] XLA compilation cache fetch for computation 'jit_zt_tr_dp_parallel_bwd_layer_34' (key 80b8a5b3763b6685) took 9.817256399s: PERSISTENT_FETCH
I0828 01:47:52.569312    2951 server_lib.cc:1855] Attempting to load component jit_zt_tr_dp_parallel_bwd_layer_33.8339433792461643330 @ 0 at worker after 1.745652ms (proto size 3269)
I0828 01:48:01.956830    1309 tpu_chip_config.cc:367] Resolved chip config alias megachip_tccontrol->megacore for 2093c6a02, 
I0828 01:48:01.963741    1309 tpu_chip_config.cc:367] Resolved chip config alias megachip_tccontrol->megacore for 2093c6a02, 
I0828 01:48:01.988180    1309 xla_compilation_cache.cc:113] XLA compilation cache fetch for computation 'jit_zt_tr_dp_parallel_bwd_layer_33' (key a1267594482c946) took 9.418881507s: PERSISTENT_FETCH
I0828 01:48:04.189545    2951 server_lib.cc:1855] Attempting to load component jit_zt_tr_dp_parallel_bwd_layer_32.1570370967876935557 @ 0 at worker after 1.582605ms (proto size 3270)
I0828 01:48:13.765661    1309 tpu_chip_config.cc:367] Resolved chip config alias megachip_tccontrol->megacore for 2093c6a02, 
I0828 01:48:13.773447    1309 tpu_chip_config.cc:367] Resolved chip config alias megachip_tccontrol->megacore for 2093c6a02, 
I0828 01:48:13.797558    1309 xla_compilation_cache.cc:113] XLA compilation cache fetch for computation 'jit_zt_tr_dp_parallel_bwd_layer_32' (key 7ac9494b958bbe2a) took 9.608026587s: PERSISTENT_FETCH
I0828 01:48:16.005253    2951 server_lib.cc:1855] Attempting to load component jit_zt_tr_dp_parallel_bwd_layer_31.8339433792461642307 @ 0 at worker after 1.46929ms (proto size 3269)
I0828 01:48:25.266689    1309 tpu_chip_config.cc:367] Resolved chip config alias megachip_tccontrol->megacore for 2093c6a02, 
I0828 01:48:25.274589    1309 tpu_chip_config.cc:367] Resolved chip config alias megachip_tccontrol->megacore for 2093c6a02, 
I0828 01:48:25.297311    1309 xla_compilation_cache.cc:113] XLA compilation cache fetch for computation 'jit_zt_tr_dp_parallel_bwd_layer_31' (key 8dc12c40b3dd6f8) took 9.292073341s: PERSISTENT_FETCH
I0828 01:48:27.587041    2951 server_lib.cc:1855] Attempting to load component jit_zt_tr_dp_parallel_bwd_layer_30.1570370967876932658 @ 0 at worker after 1.621172ms (proto size 3270)
I0828 01:48:38.222704    1309 tpu_chip_config.cc:367] Resolved chip config alias megachip_tccontrol->megacore for 2093c6a02, 
I0828 01:48:38.230509    1309 tpu_chip_config.cc:367] Resolved chip config alias megachip_tccontrol->megacore for 2093c6a02, 
I0828 01:48:38.253010    1309 xla_compilation_cache.cc:113] XLA compilation cache fetch for computation 'jit_zt_tr_dp_parallel_bwd_layer_30' (key f9660abccd2ccbd8) took 10.665983751s: PERSISTENT_FETCH
I0828 01:48:40.430514    2951 server_lib.cc:1855] Attempting to load component jit_zt_tr_dp_parallel_bwd_layer_29.8339433792461641284 @ 0 at worker after 1.772408ms (proto size 3270)
I0828 01:48:49.865051    1309 tpu_chip_config.cc:367] Resolved chip config alias megachip_tccontrol->megacore for 2093c6a02, 
I0828 01:48:49.873007    1309 tpu_chip_config.cc:367] Resolved chip config alias megachip_tccontrol->megacore for 2093c6a02, 
I0828 01:48:49.895592    1309 xla_compilation_cache.cc:113] XLA compilation cache fetch for computation 'jit_zt_tr_dp_parallel_bwd_layer_29' (key 420f0cc1f0715ad2) took 9.465089721s: PERSISTENT_FETCH
I0828 01:48:52.127841    2951 server_lib.cc:1855] Attempting to load component jit_zt_tr_dp_parallel_bwd_layer_28.1570370967876933855 @ 0 at worker after 1.642941ms (proto size 3270)
I0828 01:49:01.955865    1309 tpu_chip_config.cc:367] Resolved chip config alias megachip_tccontrol->megacore for 2093c6a02, 
I0828 01:49:01.963281    1309 tpu_chip_config.cc:367] Resolved chip config alias megachip_tccontrol->megacore for 2093c6a02, 
I0828 01:49:01.986540    1309 xla_compilation_cache.cc:113] XLA compilation cache fetch for computation 'jit_zt_tr_dp_parallel_bwd_layer_28' (key 4cdbbe7c4fc703dc) took 9.858712699s: PERSISTENT_FETCH
I0828 01:49:04.353899    2951 server_lib.cc:1855] Attempting to load component jit_zt_tr_dp_parallel_bwd_layer_27.8339433792461640261 @ 0 at worker after 1.677402ms (proto size 3270)
I0828 01:49:13.955785    1309 tpu_chip_config.cc:367] Resolved chip config alias megachip_tccontrol->megacore for 2093c6a02, 
I0828 01:49:13.963108    1309 tpu_chip_config.cc:367] Resolved chip config alias megachip_tccontrol->megacore for 2093c6a02, 
I0828 01:49:13.985766    1309 xla_compilation_cache.cc:113] XLA compilation cache fetch for computation 'jit_zt_tr_dp_parallel_bwd_layer_27' (key 32019174216e0cdf) took 9.631882294s: PERSISTENT_FETCH
I0828 01:49:16.402829    2951 server_lib.cc:1855] Attempting to load component jit_zt_tr_dp_parallel_bwd_layer_26.1570370967876935052 @ 0 at worker after 1.709755ms (proto size 3270)
I0828 01:49:26.141385    1309 tpu_chip_config.cc:367] Resolved chip config alias megachip_tccontrol->megacore for 2093c6a02, 
I0828 01:49:26.148574    1309 tpu_chip_config.cc:367] Resolved chip config alias megachip_tccontrol->megacore for 2093c6a02, 
I0828 01:49:26.170838    1309 xla_compilation_cache.cc:113] XLA compilation cache fetch for computation 'jit_zt_tr_dp_parallel_bwd_layer_26' (key c9a41a7df64edb32) took 9.768022064s: PERSISTENT_FETCH
I0828 01:49:29.916868    2951 server_lib.cc:1855] Attempting to load component jit_zt_tr_dp_parallel_bwd_layer_25.8339433792461643334 @ 0 at worker after 1.54632ms (proto size 3270)
I0828 01:49:39.527692    1309 tpu_chip_config.cc:367] Resolved chip config alias megachip_tccontrol->megacore for 2093c6a02, 
I0828 01:49:39.535158    1309 tpu_chip_config.cc:367] Resolved chip config alias megachip_tccontrol->megacore for 2093c6a02, 
I0828 01:49:39.557517    1309 xla_compilation_cache.cc:113] XLA compilation cache fetch for computation 'jit_zt_tr_dp_parallel_bwd_layer_25' (key 7cf05529dae3d146) took 9.640662714s: PERSISTENT_FETCH
I0828 01:49:41.760085    2951 server_lib.cc:1855] Attempting to load component jit_zt_tr_dp_parallel_bwd_layer_24.1570370967876932153 @ 0 at worker after 1.640567ms (proto size 3270)
I0828 01:49:51.193588    1309 tpu_chip_config.cc:367] Resolved chip config alias megachip_tccontrol->megacore for 2093c6a02, 
I0828 01:49:51.201383    1309 tpu_chip_config.cc:367] Resolved chip config alias megachip_tccontrol->megacore for 2093c6a02, 
I0828 01:49:51.223994    1309 xla_compilation_cache.cc:113] XLA compilation cache fetch for computation 'jit_zt_tr_dp_parallel_bwd_layer_24' (key 94769acb4ea925a0) took 9.463922991s: PERSISTENT_FETCH
I0828 01:49:53.394938    2951 server_lib.cc:1855] Attempting to load component jit_zt_tr_dp_parallel_bwd_layer_23.8339433792461642311 @ 0 at worker after 1.839351ms (proto size 3270)
I0828 01:50:02.874129    1309 tpu_chip_config.cc:367] Resolved chip config alias megachip_tccontrol->megacore for 2093c6a02, 
I0828 01:50:02.881217    1309 tpu_chip_config.cc:367] Resolved chip config alias megachip_tccontrol->megacore for 2093c6a02, 
I0828 01:50:02.904370    1309 xla_compilation_cache.cc:113] XLA compilation cache fetch for computation 'jit_zt_tr_dp_parallel_bwd_layer_23' (key a2e7f04968951d12) took 9.509448353s: PERSISTENT_FETCH
I0828 01:50:05.084971    2951 server_lib.cc:1855] Attempting to load component jit_zt_tr_dp_parallel_bwd_layer_22.1570370967876933350 @ 0 at worker after 1.481719ms (proto size 3269)
I0828 01:50:14.845391    1309 tpu_chip_config.cc:367] Resolved chip config alias megachip_tccontrol->megacore for 2093c6a02, 
I0828 01:50:14.852702    1309 tpu_chip_config.cc:367] Resolved chip config alias megachip_tccontrol->megacore for 2093c6a02, 
I0828 01:50:14.875698    1309 xla_compilation_cache.cc:113] XLA compilation cache fetch for computation 'jit_zt_tr_dp_parallel_bwd_layer_22' (key 688c158e83ac1b2) took 9.790739686s: PERSISTENT_FETCH
I0828 01:50:17.168297    2951 server_lib.cc:1855] Attempting to load component jit_zt_tr_dp_parallel_bwd_layer_21.8339433792461641288 @ 0 at worker after 1.841436ms (proto size 3270)
I0828 01:50:26.706254    1309 tpu_chip_config.cc:367] Resolved chip config alias megachip_tccontrol->megacore for 2093c6a02, 
I0828 01:50:26.713557    1309 tpu_chip_config.cc:367] Resolved chip config alias megachip_tccontrol->megacore for 2093c6a02, 
I0828 01:50:26.736437    1309 xla_compilation_cache.cc:113] XLA compilation cache fetch for computation 'jit_zt_tr_dp_parallel_bwd_layer_21' (key b17676815ec72766) took 9.568155217s: PERSISTENT_FETCH
I0828 01:50:28.985165    2951 server_lib.cc:1855] Attempting to load component jit_zt_tr_dp_parallel_bwd_layer_20.1570370967876934547 @ 0 at worker after 1.344484ms (proto size 3270)
I0828 01:50:38.669913    1309 tpu_chip_config.cc:367] Resolved chip config alias megachip_tccontrol->megacore for 2093c6a02, 
I0828 01:50:38.677209    1309 tpu_chip_config.cc:367] Resolved chip config alias megachip_tccontrol->megacore for 2093c6a02, 
I0828 01:50:38.700235    1309 xla_compilation_cache.cc:113] XLA compilation cache fetch for computation 'jit_zt_tr_dp_parallel_bwd_layer_20' (key 6f133f800ec5f767) took 9.715085133s: PERSISTENT_FETCH
I0828 01:50:40.943815    2951 server_lib.cc:1855] Attempting to load component jit_zt_tr_dp_parallel_bwd_layer_19.8339433792461640265 @ 0 at worker after 1.659469ms (proto size 3270)
I0828 01:50:50.488667    1309 tpu_chip_config.cc:367] Resolved chip config alias megachip_tccontrol->megacore for 2093c6a02, 
I0828 01:50:50.496076    1309 tpu_chip_config.cc:367] Resolved chip config alias megachip_tccontrol->megacore for 2093c6a02, 
I0828 01:50:50.519110    1309 xla_compilation_cache.cc:113] XLA compilation cache fetch for computation 'jit_zt_tr_dp_parallel_bwd_layer_19' (key 41a106109306c2cb) took 9.575309707s: PERSISTENT_FETCH
I0828 01:50:52.707583    2951 server_lib.cc:1855] Attempting to load component jit_zt_tr_dp_parallel_bwd_layer_18.1570370967876931648 @ 0 at worker after 1.647957ms (proto size 3270)
I0828 01:51:02.543717    1309 tpu_chip_config.cc:367] Resolved chip config alias megachip_tccontrol->megacore for 2093c6a02, 
I0828 01:51:02.550906    1309 tpu_chip_config.cc:367] Resolved chip config alias megachip_tccontrol->megacore for 2093c6a02, 
I0828 01:51:02.573287    1309 xla_compilation_cache.cc:113] XLA compilation cache fetch for computation 'jit_zt_tr_dp_parallel_bwd_layer_18' (key 4f39cda4d6f673e6) took 9.865717489s: PERSISTENT_FETCH
I0828 01:51:04.795652    2951 server_lib.cc:1855] Attempting to load component jit_zt_tr_dp_parallel_bwd_layer_17.8339433792461643338 @ 0 at worker after 1.581268ms (proto size 3269)
I0828 01:51:13.914197    1309 tpu_chip_config.cc:367] Resolved chip config alias megachip_tccontrol->megacore for 2093c6a02, 
I0828 01:51:13.921662    1309 tpu_chip_config.cc:367] Resolved chip config alias megachip_tccontrol->megacore for 2093c6a02, 
I0828 01:51:13.943954    1309 xla_compilation_cache.cc:113] XLA compilation cache fetch for computation 'jit_zt_tr_dp_parallel_bwd_layer_17' (key 4cbf2e00417657b) took 9.148316008s: PERSISTENT_FETCH
I0828 01:51:16.166672    2951 server_lib.cc:1855] Attempting to load component jit_zt_tr_dp_parallel_bwd_layer_16.1570370967876932845 @ 0 at worker after 1.69411ms (proto size 3270)
I0828 01:51:25.661264    1309 tpu_chip_config.cc:367] Resolved chip config alias megachip_tccontrol->megacore for 2093c6a02, 
I0828 01:51:25.668324    1309 tpu_chip_config.cc:367] Resolved chip config alias megachip_tccontrol->megacore for 2093c6a02, 
I0828 01:51:25.691595    1309 xla_compilation_cache.cc:113] XLA compilation cache fetch for computation 'jit_zt_tr_dp_parallel_bwd_layer_16' (key 835a44b04d7a8729) took 9.524936941s: PERSISTENT_FETCH
I0828 01:51:29.622284    2951 server_lib.cc:1855] Attempting to load component jit_zt_tr_dp_parallel_bwd_layer_15.8339433792461642315 @ 0 at worker after 1.61507ms (proto size 3270)
I0828 01:51:39.443290    1309 tpu_chip_config.cc:367] Resolved chip config alias megachip_tccontrol->megacore for 2093c6a02, 
I0828 01:51:39.450682    1309 tpu_chip_config.cc:367] Resolved chip config alias megachip_tccontrol->megacore for 2093c6a02, 
I0828 01:51:39.473675    1309 xla_compilation_cache.cc:113] XLA compilation cache fetch for computation 'jit_zt_tr_dp_parallel_bwd_layer_15' (key a6c3b47140542ea3) took 9.851405153s: PERSISTENT_FETCH
I0828 01:51:41.703532    2951 server_lib.cc:1855] Attempting to load component jit_zt_tr_dp_parallel_bwd_layer_14.1570370967876934042 @ 0 at worker after 1.6576ms (proto size 3270)
I0828 01:51:51.064190    1309 tpu_chip_config.cc:367] Resolved chip config alias megachip_tccontrol->megacore for 2093c6a02, 
I0828 01:51:51.071793    1309 tpu_chip_config.cc:367] Resolved chip config alias megachip_tccontrol->megacore for 2093c6a02, 
I0828 01:51:51.094499    1309 xla_compilation_cache.cc:113] XLA compilation cache fetch for computation 'jit_zt_tr_dp_parallel_bwd_layer_14' (key 7fe2b6aa7b3c9f5f) took 9.390980197s: PERSISTENT_FETCH
I0828 01:51:53.358526    2951 server_lib.cc:1855] Attempting to load component jit_zt_tr_dp_parallel_bwd_layer_13.8339433792461641292 @ 0 at worker after 1.685056ms (proto size 3270)
I0828 01:52:02.769390    1309 tpu_chip_config.cc:367] Resolved chip config alias megachip_tccontrol->megacore for 2093c6a02, 
I0828 01:52:02.776967    1309 tpu_chip_config.cc:367] Resolved chip config alias megachip_tccontrol->megacore for 2093c6a02, 
I0828 01:52:02.799688    1309 xla_compilation_cache.cc:113] XLA compilation cache fetch for computation 'jit_zt_tr_dp_parallel_bwd_layer_13' (key 4f699cbb7252a85d) took 9.441170128s: PERSISTENT_FETCH
I0828 01:52:04.996333    2951 server_lib.cc:1855] Attempting to load component jit_zt_tr_dp_parallel_bwd_layer_12.1570370967876935239 @ 0 at worker after 1.505584ms (proto size 3270)
I0828 01:52:14.424075    1309 tpu_chip_config.cc:367] Resolved chip config alias megachip_tccontrol->megacore for 2093c6a02, 
I0828 01:52:14.431430    1309 tpu_chip_config.cc:367] Resolved chip config alias megachip_tccontrol->megacore for 2093c6a02, 
I0828 01:52:14.453852    1309 xla_compilation_cache.cc:113] XLA compilation cache fetch for computation 'jit_zt_tr_dp_parallel_bwd_layer_12' (key f7a693a1f6ef70a9) took 9.457530474s: PERSISTENT_FETCH
I0828 01:52:16.648119    2951 server_lib.cc:1855] Attempting to load component jit_zt_tr_dp_parallel_bwd_layer_11.8339433792461640269 @ 0 at worker after 1.551878ms (proto size 3270)
I0828 01:52:25.888224    1309 tpu_chip_config.cc:367] Resolved chip config alias megachip_tccontrol->megacore for 2093c6a02, 
I0828 01:52:25.895586    1309 tpu_chip_config.cc:367] Resolved chip config alias megachip_tccontrol->megacore for 2093c6a02, 
I0828 01:52:25.918702    1309 xla_compilation_cache.cc:113] XLA compilation cache fetch for computation 'jit_zt_tr_dp_parallel_bwd_layer_11' (key 4bbd0e9796f7cc3a) took 9.270596617s: PERSISTENT_FETCH
I0828 01:52:28.117576    2951 server_lib.cc:1855] Attempting to load component jit_zt_tr_dp_parallel_bwd_layer_10.1570370967876932340 @ 0 at worker after 1.412093ms (proto size 3270)
I0828 01:52:37.561324    1309 tpu_chip_config.cc:367] Resolved chip config alias megachip_tccontrol->megacore for 2093c6a02, 
I0828 01:52:37.569117    1309 tpu_chip_config.cc:367] Resolved chip config alias megachip_tccontrol->megacore for 2093c6a02, 
I0828 01:52:37.591977    1309 xla_compilation_cache.cc:113] XLA compilation cache fetch for computation 'jit_zt_tr_dp_parallel_bwd_layer_10' (key 3f06daa512e80063) took 9.474414095s: PERSISTENT_FETCH
I0828 01:52:39.785455    2951 server_lib.cc:1855] Attempting to load component jit_zt_tr_dp_parallel_bwd_layer_09.8339433792461643342 @ 0 at worker after 1.43979ms (proto size 3270)
I0828 01:52:49.349126    1309 tpu_chip_config.cc:367] Resolved chip config alias megachip_tccontrol->megacore for 2093c6a02, 
I0828 01:52:49.357175    1309 tpu_chip_config.cc:367] Resolved chip config alias megachip_tccontrol->megacore for 2093c6a02, 
I0828 01:52:49.380065    1309 xla_compilation_cache.cc:113] XLA compilation cache fetch for computation 'jit_zt_tr_dp_parallel_bwd_layer_09' (key 687ddeb973d91e59) took 9.594624229s: PERSISTENT_FETCH
I0828 01:52:51.582495    2951 server_lib.cc:1855] Attempting to load component jit_zt_tr_dp_parallel_bwd_layer_08.1570370967876933537 @ 0 at worker after 1.807336ms (proto size 3270)
I0828 01:53:00.961060    1309 tpu_chip_config.cc:367] Resolved chip config alias megachip_tccontrol->megacore for 2093c6a02, 
I0828 01:53:00.968299    1309 tpu_chip_config.cc:367] Resolved chip config alias megachip_tccontrol->megacore for 2093c6a02, 
I0828 01:53:00.990983    1309 xla_compilation_cache.cc:113] XLA compilation cache fetch for computation 'jit_zt_tr_dp_parallel_bwd_layer_08' (key be40b1b3e9408510) took 9.40850299s: PERSISTENT_FETCH
I0828 01:53:03.147642    2951 server_lib.cc:1855] Attempting to load component jit_zt_tr_dp_parallel_bwd_layer_07.8339433792461642319 @ 0 at worker after 1.702892ms (proto size 3270)
I0828 01:53:12.556827    1309 tpu_chip_config.cc:367] Resolved chip config alias megachip_tccontrol->megacore for 2093c6a02, 
I0828 01:53:12.565225    1309 tpu_chip_config.cc:367] Resolved chip config alias megachip_tccontrol->megacore for 2093c6a02, 
I0828 01:53:12.587464    1309 xla_compilation_cache.cc:113] XLA compilation cache fetch for computation 'jit_zt_tr_dp_parallel_bwd_layer_07' (key f3641a8ad6cffb22) took 9.439834777s: PERSISTENT_FETCH
I0828 01:53:14.833218    2951 server_lib.cc:1855] Attempting to load component jit_zt_tr_dp_parallel_bwd_layer_06.1570370967876934734 @ 0 at worker after 1.355806ms (proto size 3270)
I0828 01:53:24.211315    1309 tpu_chip_config.cc:367] Resolved chip config alias megachip_tccontrol->megacore for 2093c6a02, 
I0828 01:53:24.219319    1309 tpu_chip_config.cc:367] Resolved chip config alias megachip_tccontrol->megacore for 2093c6a02, 
I0828 01:53:24.242026    1309 xla_compilation_cache.cc:113] XLA compilation cache fetch for computation 'jit_zt_tr_dp_parallel_bwd_layer_06' (key 19a08eba3b3ca786) took 9.408822706s: PERSISTENT_FETCH
I0828 01:53:26.444104    2951 server_lib.cc:1855] Attempting to load component jit_zt_tr_dp_parallel_bwd_layer_05.8339433792461641296 @ 0 at worker after 1.624138ms (proto size 3270)
I0828 01:53:36.547035    1309 tpu_chip_config.cc:367] Resolved chip config alias megachip_tccontrol->megacore for 2093c6a02, 
I0828 01:53:36.554992    1309 tpu_chip_config.cc:367] Resolved chip config alias megachip_tccontrol->megacore for 2093c6a02, 
I0828 01:53:36.577850    1309 xla_compilation_cache.cc:113] XLA compilation cache fetch for computation 'jit_zt_tr_dp_parallel_bwd_layer_05' (key e9e6a44cfcee4be2) took 10.133759795s: PERSISTENT_FETCH
I0828 01:53:40.663391    2951 server_lib.cc:1855] Attempting to load component jit_zt_tr_dp_parallel_bwd_layer_04.1570370967876931835 @ 0 at worker after 1.577408ms (proto size 3270)
I0828 01:53:50.006886    1309 tpu_chip_config.cc:367] Resolved chip config alias megachip_tccontrol->megacore for 2093c6a02, 
I0828 01:53:50.014096    1309 tpu_chip_config.cc:367] Resolved chip config alias megachip_tccontrol->megacore for 2093c6a02, 
I0828 01:53:50.037136    1309 xla_compilation_cache.cc:113] XLA compilation cache fetch for computation 'jit_zt_tr_dp_parallel_bwd_layer_04' (key 7c956ccc0029eea7) took 9.373759039s: PERSISTENT_FETCH
I0828 01:53:52.225300    2869 server_lib.cc:1855] Attempting to load component jit_zt_tr_dp_parallel_bwd_layer_03.8339433792461640273 @ 0 at worker after 1.683814ms (proto size 3270)
I0828 01:54:01.230492    1309 tpu_chip_config.cc:367] Resolved chip config alias megachip_tccontrol->megacore for 2093c6a02, 
I0828 01:54:01.238662    1309 tpu_chip_config.cc:367] Resolved chip config alias megachip_tccontrol->megacore for 2093c6a02, 
I0828 01:54:01.261391    1309 xla_compilation_cache.cc:113] XLA compilation cache fetch for computation 'jit_zt_tr_dp_parallel_bwd_layer_03' (key 75a873986704e0d2) took 9.036106184s: PERSISTENT_FETCH
I0828 01:54:03.455185    2869 server_lib.cc:1855] Attempting to load component jit_zt_tr_dp_parallel_bwd_layer_02.1570370967876933032 @ 0 at worker after 1.563136ms (proto size 3270)
I0828 01:54:12.682190    1309 tpu_chip_config.cc:367] Resolved chip config alias megachip_tccontrol->megacore for 2093c6a02, 
I0828 01:54:12.689629    1309 tpu_chip_config.cc:367] Resolved chip config alias megachip_tccontrol->megacore for 2093c6a02, 
I0828 01:54:12.712090    1309 xla_compilation_cache.cc:113] XLA compilation cache fetch for computation 'jit_zt_tr_dp_parallel_bwd_layer_02' (key a904504c5ffabf92) took 9.256918218s: PERSISTENT_FETCH
I0828 01:54:14.902902    2869 server_lib.cc:1855] Attempting to load component jit_zt_tr_dp_parallel_bwd_layer_01.8339433792461643346 @ 0 at worker after 1.358571ms (proto size 3270)
I0828 01:54:24.859193    1309 tpu_chip_config.cc:367] Resolved chip config alias megachip_tccontrol->megacore for 2093c6a02, 
I0828 01:54:24.866671    1309 tpu_chip_config.cc:367] Resolved chip config alias megachip_tccontrol->megacore for 2093c6a02, 
I0828 01:54:24.888885    1309 xla_compilation_cache.cc:113] XLA compilation cache fetch for computation 'jit_zt_tr_dp_parallel_bwd_layer_01' (key 81c3dc4710230b18) took 9.985998026s: PERSISTENT_FETCH
I0828 01:54:27.071199    2869 server_lib.cc:1855] Attempting to load component jit_zt_tr_dp_parallel_bwd_layer_00.1570370967876934229 @ 0 at worker after 1.665831ms (proto size 3270)
I0828 01:54:36.339909    1309 tpu_chip_config.cc:367] Resolved chip config alias megachip_tccontrol->megacore for 2093c6a02, 
I0828 01:54:36.347553    1309 tpu_chip_config.cc:367] Resolved chip config alias megachip_tccontrol->megacore for 2093c6a02, 
I0828 01:54:36.359959    2869 server_lib.cc:1855] Attempting to load component jit_zt_tr_dp_parallel_bwd_embed.8339433792461642323 @ 0 at worker after 1.514304ms (proto size 2480)
I0828 01:54:36.370874    1309 xla_compilation_cache.cc:113] XLA compilation cache fetch for computation 'jit_zt_tr_dp_parallel_bwd_layer_00' (key cbf62b4748ec776b) took 9.299690777s: PERSISTENT_FETCH
I0828 01:54:37.731388    1310 tpu_chip_config.cc:367] Resolved chip config alias megachip_tccontrol->megacore for 2093c6a02, 
I0828 01:54:37.733477    1310 tpu_chip_config.cc:367] Resolved chip config alias megachip_tccontrol->megacore for 2093c6a02, 
I0828 01:54:37.735208    1310 xla_compilation_cache.cc:113] XLA compilation cache fetch for computation 'jit_zt_tr_dp_parallel_bwd_embed' (key 15f73fd1efc94b13) took 1.375260539s: PERSISTENT_FETCH
I0828 01:54:37.796340    3094 server_lib.cc:1855] Attempting to load component jit_zt_tr_grad_tree_start.1570370967876931729 @ 0 at worker after 1.86045ms (proto size 24458)
I0828 01:54:39.542968    1310 tpu_chip_config.cc:367] Resolved chip config alias megachip_tccontrol->megacore for 2093c6a02, 
I0828 01:54:39.546356    1310 tpu_chip_config.cc:367] Resolved chip config alias megachip_tccontrol->megacore for 2093c6a02, 
I0828 01:54:39.558107    1310 xla_compilation_cache.cc:113] XLA compilation cache fetch for computation 'jit_zt_tr_grad_tree_start' (key 75b764dbcc47a0ee) took 1.76177956s: PERSISTENT_FETCH
W0828 01:54:39.597096    1446 tpu_pjrt_client.cc:2349] PjRt execution dispatch was blocked for 1.625842ms because PjRt's max in-flight computation semaphore is full (limit: 32), which may negatively affect the performance
I0828 01:54:44.577666    1950 server_lib.cc:1855] Attempting to load component jit_zt_tr_grad_tree_add.4583327957303544057 @ 0 at worker after 11.598319ms (proto size 36142)
I0828 01:54:47.007493    1310 tpu_chip_config.cc:367] Resolved chip config alias megachip_tccontrol->megacore for 2093c6a02, 
I0828 01:54:47.010455    1310 tpu_chip_config.cc:367] Resolved chip config alias megachip_tccontrol->megacore for 2093c6a02, 
I0828 01:54:47.017968    1310 xla_compilation_cache.cc:113] XLA compilation cache fetch for computation 'jit_zt_tr_grad_tree_add' (key 65b2b6b61bdac38f) took 2.440318025s: PERSISTENT_FETCH
I0828 01:55:13.427791    1950 server_lib.cc:1855] Attempting to load component jit_zt_tr_grad_assembly.4583327957303543568 @ 0 at worker after 4.089994ms (proto size 24454)
I0828 01:55:15.379405    1310 tpu_chip_config.cc:367] Resolved chip config alias megachip_tccontrol->megacore for 2093c6a02, 
I0828 01:55:15.383074    1310 tpu_chip_config.cc:367] Resolved chip config alias megachip_tccontrol->megacore for 2093c6a02, 
I0828 01:55:15.392385    3071 server_lib.cc:1855] Attempting to load component jit_equal.1570370967876934098 @ 0 at worker after 973.491us (proto size 2432)
I0828 01:55:15.394251    1310 xla_compilation_cache.cc:113] XLA compilation cache fetch for computation 'jit_zt_tr_grad_assembly' (key c931fade2a18f5c2) took 1.966473932s: PERSISTENT_FETCH
I0828 01:55:15.634594    3071 server_lib.cc:1855] Attempting to load component jit__reduce_all.4583327957303545319 @ 0 at worker after 960.247us (proto size 2407)
I0828 01:55:15.640585    1309 tpu_chip_config.cc:367] Resolved chip config alias megachip_tccontrol->megacore for 2093c6a02, 
I0828 01:55:15.642125    1309 tpu_chip_config.cc:367] Resolved chip config alias megachip_tccontrol->megacore for 2093c6a02, 
I0828 01:55:15.642920    1309 xla_compilation_cache.cc:113] XLA compilation cache fetch for computation 'jit_equal' (key 20f45ebefb1d7b86) took 250.54888ms: PERSISTENT_FETCH
I0828 01:55:15.875645    1310 tpu_chip_config.cc:367] Resolved chip config alias megachip_tccontrol->megacore for 2093c6a02, 
I0828 01:55:15.877132    1310 tpu_chip_config.cc:367] Resolved chip config alias megachip_tccontrol->megacore for 2093c6a02, 
I0828 01:55:15.878030    1310 xla_compilation_cache.cc:113] XLA compilation cache fetch for computation 'jit__reduce_all' (key 58205a87e3e347f2) took 243.44528ms: PERSISTENT_FETCH
I0828 01:55:16.433318    3071 server_lib.cc:1855] Attempting to load component jit_zt_tr_dp_parallel_bwd_adjoint.1570370967876935295 @ 0 at worker after 2.100281ms (proto size 25136)
I0828 01:55:19.722377    1310 tpu_chip_config.cc:367] Resolved chip config alias megachip_tccontrol->megacore for 2093c6a02, 
I0828 01:55:19.733145    1310 tpu_chip_config.cc:367] Resolved chip config alias megachip_tccontrol->megacore for 2093c6a02, 
I0828 01:55:19.740363    1310 xla_compilation_cache.cc:113] XLA compilation cache fetch for computation 'jit_zt_tr_dp_parallel_bwd_adjoint' (key 8071772276a28a6f) took 3.30705612s: PERSISTENT_FETCH
I0828 01:55:19.784135    3071 server_lib.cc:1855] Attempting to load component jit_count_nonzero.4583327957303542974 @ 0 at worker after 1.281718ms (proto size 2422)
I0828 01:55:20.170403    1310 tpu_chip_config.cc:367] Resolved chip config alias megachip_tccontrol->megacore for 2093c6a02, 
I0828 01:55:20.172084    1310 tpu_chip_config.cc:367] Resolved chip config alias megachip_tccontrol->megacore for 2093c6a02, 
I0828 01:55:20.173007    1310 xla_compilation_cache.cc:113] XLA compilation cache fetch for computation 'jit_count_nonzero' (key f24c2d415f35895f) took 388.88579ms: PERSISTENT_FETCH
I0828 01:55:21.660740    3094 server_lib.cc:1855] Attempting to load component jit__gradient_diagnostics.1570370967876932396 @ 0 at worker after 2.128599ms (proto size 13466)
I0828 01:55:35.527751    1310 tpu_chip_config.cc:367] Resolved chip config alias megachip_tccontrol->megacore for 2093c6a02, 
I0828 01:55:35.551456    1310 tpu_chip_config.cc:367] Resolved chip config alias megachip_tccontrol->megacore for 2093c6a02, 
I0828 01:55:35.608058    1310 xla_compilation_cache.cc:113] XLA compilation cache fetch for computation 'jit__gradient_diagnostics' (key 74ba67ed680660ae) took 13.947333112s: PERSISTENT_FETCH
I0828 01:55:36.710701    3094 server_lib.cc:1855] Attempting to load component jit_reduce_local.5931769989172991073 @ 0 at worker after 2.10862ms (proto size 23905)
I0828 01:56:19.741963    3094 server_lib.cc:1855] Attempting to load component jit__gradient_finite_flags.15568662364271770406 @ 0 at worker after 1.646793ms (proto size 12246)
I0828 01:56:19.880110    1310 tpu_chip_config.cc:367] Resolved chip config alias megachip_tccontrol->megacore for 2093c6a02, 
I0828 01:56:19.924176    1310 tpu_chip_config.cc:367] Resolved chip config alias megachip_tccontrol->megacore for 2093c6a02, 
I0828 01:56:19.979389    1310 xla_compilation_cache.cc:113] XLA compilation cache fetch for computation 'jit_reduce_local' (key 7686b5619a3ef5b6) took 43.268700788s: PERSISTENT_FETCH
I0828 01:56:23.228877    1309 tpu_chip_config.cc:367] Resolved chip config alias megachip_tccontrol->megacore for 2093c6a02, 
I0828 01:56:23.236864    1309 tpu_chip_config.cc:367] Resolved chip config alias megachip_tccontrol->megacore for 2093c6a02, 
I0828 01:56:23.251645    1309 xla_compilation_cache.cc:113] XLA compilation cache fetch for computation 'jit__gradient_finite_flags' (key 5487cd548072e0de) took 3.509696068s: PERSISTENT_FETCH
I0828 01:56:23.516656    1948 server_lib.cc:1855] Attempting to load component jit_compare_local.4583327957303544725 @ 0 at worker after 1.585426ms (proto size 12226)
I0828 01:56:44.778323    1309 tpu_chip_config.cc:367] Resolved chip config alias megachip_tccontrol->megacore for 2093c6a02, 
I0828 01:56:44.789169    1309 tpu_chip_config.cc:367] Resolved chip config alias megachip_tccontrol->megacore for 2093c6a02, 
I0828 01:56:44.806295    1309 xla_compilation_cache.cc:113] XLA compilation cache fetch for computation 'jit_compare_local' (key 2356cac6126dff6f) took 21.289651938s: PERSISTENT_FETCH
I0828 01:56:44.904073    3124 server_lib.cc:1855] Attempting to load component jit_count_nonzero.1570370967876933593 @ 0 at worker after 1.339938ms (proto size 2413)
I0828 01:56:45.252453    1309 tpu_chip_config.cc:367] Resolved chip config alias megachip_tccontrol->megacore for 2093c6a02, 
I0828 01:56:45.254134    1309 tpu_chip_config.cc:367] Resolved chip config alias megachip_tccontrol->megacore for 2093c6a02, 
I0828 01:56:45.255055    1309 xla_compilation_cache.cc:113] XLA compilation cache fetch for computation 'jit_count_nonzero' (key 75352af856727f54) took 350.9947ms: PERSISTENT_FETCH
I0828 01:56:45.278630    1948 server_lib.cc:1855] Attempting to load component jit_count_nonzero.1182302940440489771 @ 0 at worker after 991.014us (proto size 2408)
I0828 01:56:45.488176    1309 tpu_chip_config.cc:367] Resolved chip config alias megachip_tccontrol->megacore for 2093c6a02, 
I0828 01:56:45.489749    1309 tpu_chip_config.cc:367] Resolved chip config alias megachip_tccontrol->megacore for 2093c6a02, 
I0828 01:56:45.490551    1309 xla_compilation_cache.cc:113] XLA compilation cache fetch for computation 'jit_count_nonzero' (key 4d8e2b72ff8d2bc3) took 211.930271ms: PERSISTENT_FETCH
I0828 01:56:45.521184    3124 server_lib.cc:1855] Attempting to load component jit_count_nonzero.1570370967876934790 @ 0 at worker after 927.552us (proto size 2408)
I0828 01:56:45.748975    1309 tpu_chip_config.cc:367] Resolved chip config alias megachip_tccontrol->megacore for 2093c6a02, 
I0828 01:56:45.750455    1309 tpu_chip_config.cc:367] Resolved chip config alias megachip_tccontrol->megacore for 2093c6a02, 
I0828 01:56:45.751258    1309 xla_compilation_cache.cc:113] XLA compilation cache fetch for computation 'jit_count_nonzero' (key def88f80a22981ca) took 230.082567ms: PERSISTENT_FETCH
I0828 01:56:45.883015    1948 server_lib.cc:1855] Attempting to load component jit_count_nonzero.1182302940440489590 @ 0 at worker after 1.032378ms (proto size 2415)
I0828 01:56:46.230712    1309 tpu_chip_config.cc:367] Resolved chip config alias megachip_tccontrol->megacore for 2093c6a02, 
I0828 01:56:46.232227    1309 tpu_chip_config.cc:367] Resolved chip config alias megachip_tccontrol->megacore for 2093c6a02, 
I0828 01:56:46.233105    1309 xla_compilation_cache.cc:113] XLA compilation cache fetch for computation 'jit_count_nonzero' (key e161f35162eb7e62) took 350.097814ms: PERSISTENT_FETCH
I0828 01:56:46.268878    3094 server_lib.cc:1855] Attempting to load component jit_count_nonzero.1570370967876931891 @ 0 at worker after 1.236763ms (proto size 2415)
I0828 01:56:46.582866    1309 tpu_chip_config.cc:367] Resolved chip config alias megachip_tccontrol->megacore for 2093c6a02, 
I0828 01:56:46.584325    1309 tpu_chip_config.cc:367] Resolved chip config alias megachip_tccontrol->megacore for 2093c6a02, 
I0828 01:56:46.585132    1309 xla_compilation_cache.cc:113] XLA compilation cache fetch for computation 'jit_count_nonzero' (key 425026c19decb847) took 316.263462ms: PERSISTENT_FETCH
I0828 01:56:46.623465    3124 server_lib.cc:1855] Attempting to load component jit_count_nonzero.1182302940440489409 @ 0 at worker after 1.105566ms (proto size 2415)
I0828 01:56:46.977510    1309 tpu_chip_config.cc:367] Resolved chip config alias megachip_tccontrol->megacore for 2093c6a02, 
I0828 01:56:46.979078    1309 tpu_chip_config.cc:367] Resolved chip config alias megachip_tccontrol->megacore for 2093c6a02, 
I0828 01:56:46.979958    1309 xla_compilation_cache.cc:113] XLA compilation cache fetch for computation 'jit_count_nonzero' (key 316d29e9b2c76a8d) took 356.501329ms: PERSISTENT_FETCH
I0828 01:56:47.009489    1948 server_lib.cc:1855] Attempting to load component jit_count_nonzero.1570370967876933088 @ 0 at worker after 1.036096ms (proto size 2412)
I0828 01:56:47.304456    1309 tpu_chip_config.cc:367] Resolved chip config alias megachip_tccontrol->megacore for 2093c6a02, 
I0828 01:56:47.305928    1309 tpu_chip_config.cc:367] Resolved chip config alias megachip_tccontrol->megacore for 2093c6a02, 
I0828 01:56:47.306756    1309 xla_compilation_cache.cc:113] XLA compilation cache fetch for computation 'jit_count_nonzero' (key 952d9fe57c405bcb) took 297.275598ms: PERSISTENT_FETCH
I0828 01:56:47.512518    1948 server_lib.cc:1855] Attempting to load component jit_count_nonzero.1182302940440489228 @ 0 at worker after 1.153951ms (proto size 2412)
I0828 01:56:47.822467    1309 tpu_chip_config.cc:367] Resolved chip config alias megachip_tccontrol->megacore for 2093c6a02, 
I0828 01:56:47.823974    1309 tpu_chip_config.cc:367] Resolved chip config alias megachip_tccontrol->megacore for 2093c6a02, 
I0828 01:56:47.824807    1309 xla_compilation_cache.cc:113] XLA compilation cache fetch for computation 'jit_count_nonzero' (key 35cb0f8509347705) took 312.298559ms: PERSISTENT_FETCH
I0828 01:56:49.093824    3124 server_lib.cc:1855] Attempting to load component jit_count_nonzero.1570370967876934285 @ 0 at worker after 917.146us (proto size 2413)
I0828 01:56:49.423100    1309 tpu_chip_config.cc:367] Resolved chip config alias megachip_tccontrol->megacore for 2093c6a02, 
I0828 01:56:49.424844    1309 tpu_chip_config.cc:367] Resolved chip config alias megachip_tccontrol->megacore for 2093c6a02, 
I0828 01:56:49.425740    1309 xla_compilation_cache.cc:113] XLA compilation cache fetch for computation 'jit_count_nonzero' (key 268c10353c8a8b5d) took 331.925789ms: PERSISTENT_FETCH
I0828 01:56:50.839061    3124 server_lib.cc:1855] Attempting to load component jit__precomputed_gradient_scaled_step.1570370967876935482 @ 0 at worker after 2.672266ms (proto size 42454)
I0828 01:57:10.481477    1309 tpu_chip_config.cc:367] Resolved chip config alias megachip_tccontrol->megacore for 2093c6a02, 
I0828 01:57:10.516249    1309 tpu_chip_config.cc:367] Resolved chip config alias megachip_tccontrol->megacore for 2093c6a02, 
I0828 01:57:10.575119    1309 xla_compilation_cache.cc:113] XLA compilation cache fetch for computation 'jit__precomputed_gradient_scaled_step' (key 54fd99be6e3fd4c1) took 19.736070536s: PERSISTENT_FETCH
W0828 01:57:11.079192    1446 tpu_pjrt_client.cc:2349] PjRt execution dispatch was blocked for 1.416193ms because PjRt's max in-flight computation semaphore is full (limit: 32), which may negatively affect the performance
I0828 01:57:53.223665    2951 server_lib.cc:1855] Attempting to load component jit__precomputed_gradient_scaled_step.1572066981968337840 @ 0 at worker after 3.11956ms (proto size 42454)
I0828 01:58:13.153028    1309 tpu_chip_config.cc:367] Resolved chip config alias megachip_tccontrol->megacore for 2093c6a02, 
I0828 01:58:13.188018    1309 tpu_chip_config.cc:367] Resolved chip config alias megachip_tccontrol->megacore for 2093c6a02, 
I0828 01:58:13.248269    1309 xla_compilation_cache.cc:113] XLA compilation cache fetch for computation 'jit__precomputed_gradient_scaled_step' (key 74c3b6cf4cd93cc6) took 20.024620535s: PERSISTENT_FETCH
W0828 01:58:13.639627    1448 tpu_pjrt_client.cc:2349] PjRt execution dispatch was blocked for 1.305219ms because PjRt's max in-flight computation semaphore is full (limit: 32), which may negatively affect the performance
W0828 01:59:15.316678    1449 tpu_pjrt_client.cc:2349] PjRt execution dispatch was blocked for 76.806466ms because PjRt's max in-flight computation semaphore is full (limit: 32), which may negatively affect the performance
W0828 02:00:17.727326    1448 tpu_pjrt_client.cc:2349] PjRt execution dispatch was blocked for 105.344263ms because PjRt's max in-flight computation semaphore is full (limit: 32), which may negatively affect the performance
I0828 02:00:49.539503    3094 server_lib.cc:1855] Attempting to load component jit_scatter-add.4583327957303543239 @ 0 at worker after 978.544us (proto size 2472)
I0828 02:00:50.115735    1309 tpu_chip_config.cc:367] Resolved chip config alias megachip_tccontrol->megacore for 2093c6a02, 
I0828 02:00:50.117793    1309 tpu_chip_config.cc:367] Resolved chip config alias megachip_tccontrol->megacore for 2093c6a02, 
I0828 02:00:50.119067    1309 xla_compilation_cache.cc:113] XLA compilation cache fetch for computation 'jit_scatter-add' (key 66d2a83e67b04b98) took 579.575182ms: PERSISTENT_FETCH
I0828 02:00:51.507385    1948 server_lib.cc:1855] Attempting to load component jit_gather.4583327957303543740 @ 0 at worker after 896.544us (proto size 2430)
I0828 02:00:51.766231    1309 tpu_chip_config.cc:367] Resolved chip config alias megachip_tccontrol->megacore for 2093c6a02, 
I0828 02:00:51.768071    1309 tpu_chip_config.cc:367] Resolved chip config alias megachip_tccontrol->megacore for 2093c6a02, 
I0828 02:00:51.769011    1309 xla_compilation_cache.cc:113] XLA compilation cache fetch for computation 'jit_gather' (key 1c87c442e1b3bf4f) took 261.637775ms: PERSISTENT_FETCH
W0828 02:01:20.384676    1446 tpu_pjrt_client.cc:2349] PjRt execution dispatch was blocked for 75.206015ms because PjRt's max in-flight computation semaphore is full (limit: 32), which may negatively affect the performance
W0828 02:02:23.265546    1446 tpu_pjrt_client.cc:2349] PjRt execution dispatch was blocked for 97.300053ms because PjRt's max in-flight computation semaphore is full (limit: 32), which may negatively affect the performance
I0828 02:02:26.236956    2869 server_lib.cc:1855] Attempting to load component jit_scatter-add.1570370967876933498 @ 0 at worker after 1.122459ms (proto size 2472)
I0828 02:02:26.829865    1309 tpu_chip_config.cc:367] Resolved chip config alias megachip_tccontrol->megacore for 2093c6a02, 
I0828 02:02:26.831970    1309 tpu_chip_config.cc:367] Resolved chip config alias megachip_tccontrol->megacore for 2093c6a02, 
I0828 02:02:26.833313    1309 xla_compilation_cache.cc:113] XLA compilation cache fetch for computation 'jit_scatter-add' (key 20bb0b6e9e33abc7) took 596.368089ms: PERSISTENT_FETCH
I0828 02:02:28.336168    3094 server_lib.cc:1855] Attempting to load component jit_gather.1572066981968336227 @ 0 at worker after 951.186us (proto size 2430)
I0828 02:02:28.548328    1309 tpu_chip_config.cc:367] Resolved chip config alias megachip_tccontrol->megacore for 2093c6a02, 
I0828 02:02:28.550224    1309 tpu_chip_config.cc:367] Resolved chip config alias megachip_tccontrol->megacore for 2093c6a02, 
I0828 02:02:28.551218    1309 xla_compilation_cache.cc:113] XLA compilation cache fetch for computation 'jit_gather' (key 8d0a3f7c5a817808) took 215.060069ms: PERSISTENT_FETCH
W0828 02:03:26.032082    1448 tpu_pjrt_client.cc:2349] PjRt execution dispatch was blocked for 94.708896ms because PjRt's max in-flight computation semaphore is full (limit: 32), which may negatively affect the performance
I0828 02:03:38.445870    3124 server_lib.cc:1855] Attempting to load component jit_scatter-add.1570370967876932201 @ 0 at worker after 989.383us (proto size 2472)
I0828 02:03:39.016229    1309 tpu_chip_config.cc:367] Resolved chip config alias megachip_tccontrol->megacore for 2093c6a02, 
I0828 02:03:39.018373    1309 tpu_chip_config.cc:367] Resolved chip config alias megachip_tccontrol->megacore for 2093c6a02, 
I0828 02:03:39.019645    1309 xla_compilation_cache.cc:113] XLA compilation cache fetch for computation 'jit_scatter-add' (key 474663fa3e1753f6) took 573.790287ms: PERSISTENT_FETCH
I0828 02:03:40.480864    1950 server_lib.cc:1855] Attempting to load component jit_gather.1570370967876932363 @ 0 at worker after 940.179us (proto size 2430)
I0828 02:03:40.694960    1309 tpu_chip_config.cc:367] Resolved chip config alias megachip_tccontrol->megacore for 2093c6a02, 
I0828 02:03:40.696863    1309 tpu_chip_config.cc:367] Resolved chip config alias megachip_tccontrol->megacore for 2093c6a02, 
I0828 02:03:40.697812    1309 xla_compilation_cache.cc:113] XLA compilation cache fetch for computation 'jit_gather' (key 3f64800e653433d7) took 216.95954ms: PERSISTENT_FETCH
W0828 02:04:28.958732    1449 tpu_pjrt_client.cc:2349] PjRt execution dispatch was blocked for 80.397817ms because PjRt's max in-flight computation semaphore is full (limit: 32), which may negatively affect the performance
W0828 02:05:31.666312    1446 tpu_pjrt_client.cc:2349] PjRt execution dispatch was blocked for 85.336972ms because PjRt's max in-flight computation semaphore is full (limit: 32), which may negatively affect the performance
W0828 02:06:31.667205    1446 tpu_pjrt_client.cc:2349] PjRt execution dispatch was blocked for 8.341983ms because PjRt's max in-flight computation semaphore is full (limit: 32), which may negatively affect the performance
W0828 02:07:32.280724    1446 tpu_pjrt_client.cc:2349] PjRt execution dispatch was blocked for 63.385741ms because PjRt's max in-flight computation semaphore is full (limit: 32), which may negatively affect the performance
W0828 02:08:34.633353    1449 tpu_pjrt_client.cc:2349] PjRt execution dispatch was blocked for 92.818278ms because PjRt's max in-flight computation semaphore is full (limit: 32), which may negatively affect the performance
W0828 02:09:36.650153    1447 tpu_pjrt_client.cc:2349] PjRt execution dispatch was blocked for 77.865418ms because PjRt's max in-flight computation semaphore is full (limit: 32), which may negatively affect the performance
W0828 02:10:39.292733    1449 tpu_pjrt_client.cc:2349] PjRt execution dispatch was blocked for 69.575678ms because PjRt's max in-flight computation semaphore is full (limit: 32), which may negatively affect the performance
W0828 02:11:42.472992    1447 tpu_pjrt_client.cc:2349] PjRt execution dispatch was blocked for 73.260582ms because PjRt's max in-flight computation semaphore is full (limit: 32), which may negatively affect the performance
W0828 02:12:45.892307    1449 tpu_pjrt_client.cc:2349] PjRt execution dispatch was blocked for 74.741326ms because PjRt's max in-flight computation semaphore is full (limit: 32), which may negatively affect the performance
I0828 02:13:03.353210    2869 server_lib.cc:1855] Attempting to load component jit_scatter-add.8339433792461641142 @ 0 at worker after 999.318us (proto size 2472)
I0828 02:13:03.960968    1309 tpu_chip_config.cc:367] Resolved chip config alias megachip_tccontrol->megacore for 2093c6a02, 
I0828 02:13:03.962992    1309 tpu_chip_config.cc:367] Resolved chip config alias megachip_tccontrol->megacore for 2093c6a02, 
I0828 02:13:03.964214    1309 xla_compilation_cache.cc:113] XLA compilation cache fetch for computation 'jit_scatter-add' (key d70ded065449fd1b) took 611.017159ms: PERSISTENT_FETCH
I0828 02:13:05.401523    1950 server_lib.cc:1855] Attempting to load component jit_gather.8339433792461640480 @ 0 at worker after 939.459us (proto size 2430)
I0828 02:13:05.624899    1309 tpu_chip_config.cc:367] Resolved chip config alias megachip_tccontrol->megacore for 2093c6a02, 
I0828 02:13:05.626733    1309 tpu_chip_config.cc:367] Resolved chip config alias megachip_tccontrol->megacore for 2093c6a02, 
I0828 02:13:05.627680    1309 xla_compilation_cache.cc:113] XLA compilation cache fetch for computation 'jit_gather' (key 4b8e9298e525038d) took 226.168444ms: PERSISTENT_FETCH
W0828 02:13:49.255854    1449 tpu_pjrt_client.cc:2349] PjRt execution dispatch was blocked for 112.906326ms because PjRt's max in-flight computation semaphore is full (limit: 32), which may negatively affect the performance
W0828 02:14:51.470987    1448 tpu_pjrt_client.cc:2349] PjRt execution dispatch was blocked for 57.202507ms because PjRt's max in-flight computation semaphore is full (limit: 32), which may negatively affect the performance
W0828 02:15:53.617145    1449 tpu_pjrt_client.cc:2349] PjRt execution dispatch was blocked for 78.993468ms because PjRt's max in-flight computation semaphore is full (limit: 32), which may negatively affect the performance
W0828 02:16:53.849289    1448 tpu_pjrt_client.cc:2349] PjRt execution dispatch was blocked for 5.102442ms because PjRt's max in-flight computation semaphore is full (limit: 32), which may negatively affect the performance
W0828 02:17:53.868322    1446 tpu_pjrt_client.cc:2349] PjRt execution dispatch was blocked for 83.574176ms because PjRt's max in-flight computation semaphore is full (limit: 32), which may negatively affect the performance
I0828 02:18:11.955924    3010 server_lib.cc:1855] Attempting to load component jit_scatter-add.17587198313345265127 @ 0 at worker after 921.167us (proto size 2473)
I0828 02:18:12.566300    1309 tpu_chip_config.cc:367] Resolved chip config alias megachip_tccontrol->megacore for 2093c6a02, 
I0828 02:18:12.568254    1309 tpu_chip_config.cc:367] Resolved chip config alias megachip_tccontrol->megacore for 2093c6a02, 
I0828 02:18:12.569511    1309 xla_compilation_cache.cc:113] XLA compilation cache fetch for computation 'jit_scatter-add' (key 50aa3fc4483a3673) took 613.599023ms: PERSISTENT_FETCH
I0828 02:18:13.997216    1950 server_lib.cc:1855] Attempting to load component jit_gather.17587198313345264693 @ 0 at worker after 826.641us (proto size 2431)
I0828 02:18:14.221316    1309 tpu_chip_config.cc:367] Resolved chip config alias megachip_tccontrol->megacore for 2093c6a02, 
I0828 02:18:14.223103    1309 tpu_chip_config.cc:367] Resolved chip config alias megachip_tccontrol->megacore for 2093c6a02, 
I0828 02:18:14.224027    1309 xla_compilation_cache.cc:113] XLA compilation cache fetch for computation 'jit_gather' (key 1eedb9f25d01bc73) took 226.822676ms: PERSISTENT_FETCH
W0828 02:18:53.870813    1449 tpu_pjrt_client.cc:2349] PjRt execution dispatch was blocked for 2.81043ms because PjRt's max in-flight computation semaphore is full (limit: 32), which may negatively affect the performance
I0828 02:19:19.773772    1948 server_lib.cc:1855] Attempting to load component jit_multiply.15568662364271771618 @ 0 at worker after 953.81us (proto size 2400)
I0828 02:19:20.014017    1309 tpu_chip_config.cc:367] Resolved chip config alias megachip_tccontrol->megacore for 2093c6a02, 
I0828 02:19:20.015859    1309 tpu_chip_config.cc:367] Resolved chip config alias megachip_tccontrol->megacore for 2093c6a02, 
I0828 02:19:20.016779    1309 xla_compilation_cache.cc:113] XLA compilation cache fetch for computation 'jit_multiply' (key ee6c6abb52d77351) took 243.018957ms: PERSISTENT_FETCH
I0828 02:19:22.952782    2951 server_lib.cc:1855] Attempting to load component jit_gather.17587198313345264063 @ 0 at worker after 1.063223ms (proto size 2435)
I0828 02:19:23.203555    2951 server_lib.cc:1855] Attempting to load component jit_broadcast_in_dim.15568662364271769526 @ 0 at worker after 821us (proto size 2431)
I0828 02:19:23.208536    1309 tpu_chip_config.cc:367] Resolved chip config alias megachip_tccontrol->megacore for 2093c6a02, 
I0828 02:19:23.210363    1309 tpu_chip_config.cc:367] Resolved chip config alias megachip_tccontrol->megacore for 2093c6a02, 
I0828 02:19:23.211596    1309 xla_compilation_cache.cc:113] XLA compilation cache fetch for computation 'jit_gather' (key 11bc803a3187003b) took 258.828204ms: PERSISTENT_FETCH
I0828 02:19:23.416821    1310 tpu_chip_config.cc:367] Resolved chip config alias megachip_tccontrol->megacore for 2093c6a02, 
I0828 02:19:23.418540    1310 tpu_chip_config.cc:367] Resolved chip config alias megachip_tccontrol->megacore for 2093c6a02, 
I0828 02:19:23.419371    1310 xla_compilation_cache.cc:113] XLA compilation cache fetch for computation 'jit_broadcast_in_dim' (key 7edb828916119f95) took 215.824936ms: PERSISTENT_FETCH
I0828 02:19:24.501489    1948 server_lib.cc:1855] Attempting to load component jit_maximum.17587198313345265268 @ 0 at worker after 870.866us (proto size 2398)
I0828 02:19:24.724529    1948 server_lib.cc:1855] Attempting to load component jit_true_divide.15568662364271770624 @ 0 at worker after 861.712us (proto size 2406)
I0828 02:19:24.727947    1310 tpu_chip_config.cc:367] Resolved chip config alias megachip_tccontrol->megacore for 2093c6a02, 
I0828 02:19:24.729727    1310 tpu_chip_config.cc:367] Resolved chip config alias megachip_tccontrol->megacore for 2093c6a02, 
I0828 02:19:24.730647    1310 xla_compilation_cache.cc:113] XLA compilation cache fetch for computation 'jit_maximum' (key fb0aaff3c1db8e4b) took 229.16742ms: PERSISTENT_FETCH
I0828 02:19:24.937319    2869 server_lib.cc:1855] Attempting to load component jit_multiply.17587198313345265240 @ 0 at worker after 1.000897ms (proto size 2430)
I0828 02:19:24.946857    1309 tpu_chip_config.cc:367] Resolved chip config alias megachip_tccontrol->megacore for 2093c6a02, 
I0828 02:19:24.948535    1309 tpu_chip_config.cc:367] Resolved chip config alias megachip_tccontrol->megacore for 2093c6a02, 
I0828 02:19:24.949371    1309 xla_compilation_cache.cc:113] XLA compilation cache fetch for computation 'jit_true_divide' (key a2b7f92efa599e43) took 224.847796ms: PERSISTENT_FETCH
I0828 02:19:25.219919     747 server_lib.cc:1855] Attempting to load component jit_multiply.15568662364271769767 @ 0 at worker after 879.401us (proto size 2420)
I0828 02:19:25.228985    1310 tpu_chip_config.cc:367] Resolved chip config alias megachip_tccontrol->megacore for 2093c6a02, 
I0828 02:19:25.230641    1310 tpu_chip_config.cc:367] Resolved chip config alias megachip_tccontrol->megacore for 2093c6a02, 
I0828 02:19:25.231531    1310 xla_compilation_cache.cc:113] XLA compilation cache fetch for computation 'jit_multiply' (key 6eaf6267b36e4103) took 294.223511ms: PERSISTENT_FETCH
I0828 02:19:25.422086    1948 server_lib.cc:1855] Attempting to load component jit_multiply.17587198313345265219 @ 0 at worker after 968.89us (proto size 2420)
I0828 02:19:25.436889    1309 tpu_chip_config.cc:367] Resolved chip config alias megachip_tccontrol->megacore for 2093c6a02, 
I0828 02:19:25.438465    1309 tpu_chip_config.cc:367] Resolved chip config alias megachip_tccontrol->megacore for 2093c6a02, 
I0828 02:19:25.439274    1309 xla_compilation_cache.cc:113] XLA compilation cache fetch for computation 'jit_multiply' (key 80290ce002bc4c04) took 219.36509ms: PERSISTENT_FETCH
I0828 02:19:25.651225    1948 server_lib.cc:1855] Attempting to load component jit_multiply.15568662364271768910 @ 0 at worker after 987.383us (proto size 2434)
I0828 02:19:25.664317    1310 tpu_chip_config.cc:367] Resolved chip config alias megachip_tccontrol->megacore for 2093c6a02, 
I0828 02:19:25.665844    1310 tpu_chip_config.cc:367] Resolved chip config alias megachip_tccontrol->megacore for 2093c6a02, 
I0828 02:19:25.666655    1310 xla_compilation_cache.cc:113] XLA compilation cache fetch for computation 'jit_multiply' (key 9efcd5060f14cc31) took 244.577926ms: PERSISTENT_FETCH
I0828 02:19:25.862079    1948 server_lib.cc:1855] Attempting to load component jit_multiply.17587198313345265198 @ 0 at worker after 916.045us (proto size 2434)
I0828 02:19:25.872387    1309 tpu_chip_config.cc:367] Resolved chip config alias megachip_tccontrol->megacore for 2093c6a02, 
I0828 02:19:25.873876    1309 tpu_chip_config.cc:367] Resolved chip config alias megachip_tccontrol->megacore for 2093c6a02, 
I0828 02:19:25.874673    1309 xla_compilation_cache.cc:113] XLA compilation cache fetch for computation 'jit_multiply' (key 22dd78a1da219d4c) took 223.454839ms: PERSISTENT_FETCH
I0828 02:19:26.096588     747 server_lib.cc:1855] Attempting to load component jit_multiply.15568662364271768053 @ 0 at worker after 895.735us (proto size 2434)
I0828 02:19:26.100487    1310 tpu_chip_config.cc:367] Resolved chip config alias megachip_tccontrol->megacore for 2093c6a02, 
I0828 02:19:26.102010    1310 tpu_chip_config.cc:367] Resolved chip config alias megachip_tccontrol->megacore for 2093c6a02, 
I0828 02:19:26.102868    1310 xla_compilation_cache.cc:113] XLA compilation cache fetch for computation 'jit_multiply' (key cc63cbf0445c72a8) took 240.79652ms: PERSISTENT_FETCH
I0828 02:19:26.334525    2869 server_lib.cc:1855] Attempting to load component jit_multiply.17587198313345265177 @ 0 at worker after 944.391us (proto size 2428)
I0828 02:19:26.337416    1309 tpu_chip_config.cc:367] Resolved chip config alias megachip_tccontrol->megacore for 2093c6a02, 
I0828 02:19:26.338946    1309 tpu_chip_config.cc:367] Resolved chip config alias megachip_tccontrol->megacore for 2093c6a02, 
I0828 02:19:26.339752    1309 xla_compilation_cache.cc:113] XLA compilation cache fetch for computation 'jit_multiply' (key 53d8628867305c69) took 243.172622ms: PERSISTENT_FETCH
I0828 02:19:26.604523    3094 server_lib.cc:1855] Attempting to load component jit_multiply.15568662364271771292 @ 0 at worker after 999.022us (proto size 2428)
I0828 02:19:26.612656    1310 tpu_chip_config.cc:367] Resolved chip config alias megachip_tccontrol->megacore for 2093c6a02, 
I0828 02:19:26.614208    1310 tpu_chip_config.cc:367] Resolved chip config alias megachip_tccontrol->megacore for 2093c6a02, 
I0828 02:19:26.615062    1310 xla_compilation_cache.cc:113] XLA compilation cache fetch for computation 'jit_multiply' (key e55c4ba2f923fd42) took 280.545886ms: PERSISTENT_FETCH
I0828 02:19:26.854587    1309 tpu_chip_config.cc:367] Resolved chip config alias megachip_tccontrol->megacore for 2093c6a02, 
I0828 02:19:26.856112    1309 tpu_chip_config.cc:367] Resolved chip config alias megachip_tccontrol->megacore for 2093c6a02, 
I0828 02:19:26.856941    1309 xla_compilation_cache.cc:113] XLA compilation cache fetch for computation 'jit_multiply' (key 9fe44011f549bb98) took 252.428095ms: PERSISTENT_FETCH
I0828 02:19:26.919433    3094 server_lib.cc:1855] Attempting to load component jit_multiply.17587198313345265156 @ 0 at worker after 971.75us (proto size 2430)
I0828 02:19:27.199580    1309 tpu_chip_config.cc:367] Resolved chip config alias megachip_tccontrol->megacore for 2093c6a02, 
I0828 02:19:27.201144    1309 tpu_chip_config.cc:367] Resolved chip config alias megachip_tccontrol->megacore for 2093c6a02, 
I0828 02:19:27.201956    1309 xla_compilation_cache.cc:113] XLA compilation cache fetch for computation 'jit_multiply' (key 84fd6c128ec4928d) took 282.532702ms: PERSISTENT_FETCH
I0828 02:19:28.657777     747 server_lib.cc:1855] Attempting to load component jit_tree_numeric_stats.15568662364271770435 @ 0 at worker after 1.770127ms (proto size 12357)
I0828 02:19:45.358455    1309 tpu_chip_config.cc:367] Resolved chip config alias megachip_tccontrol->megacore for 2093c6a02, 
I0828 02:19:45.382139    1309 tpu_chip_config.cc:367] Resolved chip config alias megachip_tccontrol->megacore for 2093c6a02, 
I0828 02:19:45.439615    1309 xla_compilation_cache.cc:113] XLA compilation cache fetch for computation 'jit_tree_numeric_stats' (key ca3908749e191443) took 16.781851947s: PERSISTENT_FETCH
I0828 02:19:52.920212     747 server_lib.cc:1855] Attempting to load component jit__precomputed_gradient_commit.1572066981968336390 @ 0 at worker after 4.537227ms (proto size 109965)
I0828 02:20:58.961561    1309 tpu_chip_config.cc:367] Resolved chip config alias megachip_tccontrol->megacore for 2093c6a02, 
I0828 02:20:59.034966    1309 tpu_chip_config.cc:367] Resolved chip config alias megachip_tccontrol->megacore for 2093c6a02, 
I0828 02:20:59.195644    1309 xla_compilation_cache.cc:113] XLA compilation cache fetch for computation 'jit__precomputed_gradient_commit' (key e0d85ba8bfad5106) took 1m6.275447517s: PERSISTENT_FETCH
I0828 02:24:32.457917    5615 server_lib.cc:1855] Attempting to load component jit__allocate.17587198313345265065 @ 0 at worker after 1.530638ms (proto size 2405)
I0828 02:24:32.520994    1309 tpu_chip_config.cc:367] Resolved chip config alias megachip_tccontrol->megacore for 2093c6a02, 
I0828 02:24:32.522831    1309 tpu_chip_config.cc:367] Resolved chip config alias megachip_tccontrol->megacore for 2093c6a02, 
I0828 02:24:32.523760    1309 xla_compilation_cache.cc:113] XLA compilation cache fetch for computation 'jit__allocate' (key 44c937081d7ee1dc) took 65.854919ms: PERSISTENT_FETCH
I0828 02:24:34.363599     762 worker_op_dispatcher.cc:4605] Component is not loaded yet; deferring unload until load completes: jit__allocate.17587198313345265065 @ 0
I0828 02:24:34.363656    1511 server_lib.cc:743] Unloading component jit__allocate.17587198313345265065 @ 0 at worker
W0828 02:30:26.709455    1448 tpu_pjrt_client.cc:2349] PjRt execution dispatch was blocked for 4.760839ms because PjRt's max in-flight computation semaphore is full (limit: 32), which may negatively affect the performance
W0828 02:31:26.712269    1446 tpu_pjrt_client.cc:2349] PjRt execution dispatch was blocked for 8.570846ms because PjRt's max in-flight computation semaphore is full (limit: 32), which may negatively affect the performance
W0828 02:32:30.289038    1448 tpu_pjrt_client.cc:2349] PjRt execution dispatch was blocked for 78.071331ms because PjRt's max in-flight computation semaphore is full (limit: 32), which may negatively affect the performance
W0828 02:33:31.609628    1447 tpu_pjrt_client.cc:2349] PjRt execution dispatch was blocked for 94.195469ms because PjRt's max in-flight computation semaphore is full (limit: 32), which may negatively affect the performance
W0828 02:34:33.664434    1448 tpu_pjrt_client.cc:2349] PjRt execution dispatch was blocked for 61.689208ms because PjRt's max in-flight computation semaphore is full (limit: 32), which may negatively affect the performance
W0828 02:35:35.695362    1447 tpu_pjrt_client.cc:2349] PjRt execution dispatch was blocked for 78.811438ms because PjRt's max in-flight computation semaphore is full (limit: 32), which may negatively affect the performance
W0828 02:36:38.137538    1448 tpu_pjrt_client.cc:2349] PjRt execution dispatch was blocked for 84.550314ms because PjRt's max in-flight computation semaphore is full (limit: 32), which may negatively affect the performance
W0828 02:37:38.137765    1448 tpu_pjrt_client.cc:2349] PjRt execution dispatch was blocked for 8.110441ms because PjRt's max in-flight computation semaphore is full (limit: 32), which may negatively affect the performance
W0828 02:38:42.013570    1447 tpu_pjrt_client.cc:2349] PjRt execution dispatch was blocked for 65.745757ms because PjRt's max in-flight computation semaphore is full (limit: 32), which may negatively affect the performance
W0828 02:39:42.019331    1448 tpu_pjrt_client.cc:2349] PjRt execution dispatch was blocked for 8.208656ms because PjRt's max in-flight computation semaphore is full (limit: 32), which may negatively affect the performance
W0828 02:40:42.791761    1446 tpu_pjrt_client.cc:2349] PjRt execution dispatch was blocked for 85.020692ms because PjRt's max in-flight computation semaphore is full (limit: 32), which may negatively affect the performance
W0828 02:41:45.652370    1447 tpu_pjrt_client.cc:2349] PjRt execution dispatch was blocked for 92.651795ms because PjRt's max in-flight computation semaphore is full (limit: 32), which may negatively affect the performance
W0828 02:42:46.170457    1447 tpu_pjrt_client.cc:2349] PjRt execution dispatch was blocked for 3.093722ms because PjRt's max in-flight computation semaphore is full (limit: 32), which may negatively affect the performance
W0828 02:43:46.862527    1448 tpu_pjrt_client.cc:2349] PjRt execution dispatch was blocked for 51.409761ms because PjRt's max in-flight computation semaphore is full (limit: 32), which may negatively affect the performance
W0828 02:44:49.519224    1446 tpu_pjrt_client.cc:2349] PjRt execution dispatch was blocked for 52.607128ms because PjRt's max in-flight computation semaphore is full (limit: 32), which may negatively affect the performance
W0828 02:45:51.803933    1446 tpu_pjrt_client.cc:2349] PjRt execution dispatch was blocked for 81.451396ms because PjRt's max in-flight computation semaphore is full (limit: 32), which may negatively affect the performance
W0828 02:46:51.986050    1449 tpu_pjrt_client.cc:2349] PjRt execution dispatch was blocked for 2.616964ms because PjRt's max in-flight computation semaphore is full (limit: 32), which may negatively affect the performance
W0828 02:47:53.252600    1448 tpu_pjrt_client.cc:2349] PjRt execution dispatch was blocked for 100.262746ms because PjRt's max in-flight computation semaphore is full (limit: 32), which may negatively affect the performance
W0828 02:48:55.985767    1448 tpu_pjrt_client.cc:2349] PjRt execution dispatch was blocked for 104.558076ms because PjRt's max in-flight computation semaphore is full (limit: 32), which may negatively affect the performance
W0828 02:49:58.430080    1446 tpu_pjrt_client.cc:2349] PjRt execution dispatch was blocked for 87.973521ms because PjRt's max in-flight computation semaphore is full (limit: 32), which may negatively affect the performance
W0828 02:51:00.226152    1449 tpu_pjrt_client.cc:2349] PjRt execution dispatch was blocked for 73.797206ms because PjRt's max in-flight computation semaphore is full (limit: 32), which may negatively affect the performance
W0828 02:52:03.427195    1448 tpu_pjrt_client.cc:2349] PjRt execution dispatch was blocked for 97.828715ms because PjRt's max in-flight computation semaphore is full (limit: 32), which may negatively affect the performance
W0828 02:53:06.147510    1447 tpu_pjrt_client.cc:2349] PjRt execution dispatch was blocked for 82.331044ms because PjRt's max in-flight computation semaphore is full (limit: 32), which may negatively affect the performance
W0828 02:54:10.201224    1446 tpu_pjrt_client.cc:2349] PjRt execution dispatch was blocked for 81.661369ms because PjRt's max in-flight computation semaphore is full (limit: 32), which may negatively affect the performance
I0828 02:57:54.952524    3104 xla_compilation_cache.cc:113] XLA compilation cache fetch for computation 'jit__allocate' (key 44c937081d7ee1dc) took 2.743us: IN_MEMORY_HIT
I0828 02:57:54.952562    3104 server_lib.cc:1855] Attempting to load component jit__allocate.14729223411447289795 @ 0 at worker after 1.441629ms (proto size 2405)
I0828 02:57:56.901452     762 worker_op_dispatcher.cc:4605] Component is not loaded yet; deferring unload until load completes: jit__allocate.14729223411447289795 @ 0
I0828 02:57:56.901509    1511 server_lib.cc:743] Unloading component jit__allocate.14729223411447289795 @ 0 at worker
W0828 03:03:56.200325    1447 tpu_pjrt_client.cc:2349] PjRt execution dispatch was blocked for 2.670868ms because PjRt's max in-flight computation semaphore is full (limit: 32), which may negatively affect the performance
W0828 03:04:56.201866    1448 tpu_pjrt_client.cc:2349] PjRt execution dispatch was blocked for 7.990533ms because PjRt's max in-flight computation semaphore is full (limit: 32), which may negatively affect the performance
W0828 03:05:58.052319    1446 tpu_pjrt_client.cc:2349] PjRt execution dispatch was blocked for 64.148025ms because PjRt's max in-flight computation semaphore is full (limit: 32), which may negatively affect the performance
W0828 03:07:00.303857    1446 tpu_pjrt_client.cc:2349] PjRt execution dispatch was blocked for 69.729546ms because PjRt's max in-flight computation semaphore is full (limit: 32), which may negatively affect the performance
W0828 03:08:03.037567    1449 tpu_pjrt_client.cc:2349] PjRt execution dispatch was blocked for 95.743886ms because PjRt's max in-flight computation semaphore is full (limit: 32), which may negatively affect the performance
W0828 03:09:03.180016    1447 tpu_pjrt_client.cc:2349] PjRt execution dispatch was blocked for 5.374075ms because PjRt's max in-flight computation semaphore is full (limit: 32), which may negatively affect the performance
W0828 03:10:04.407703    1449 tpu_pjrt_client.cc:2349] PjRt execution dispatch was blocked for 69.510303ms because PjRt's max in-flight computation semaphore is full (limit: 32), which may negatively affect the performance
W0828 03:11:08.384155    1448 tpu_pjrt_client.cc:2349] PjRt execution dispatch was blocked for 93.574679ms because PjRt's max in-flight computation semaphore is full (limit: 32), which may negatively affect the performance
W0828 03:12:08.387174    1446 tpu_pjrt_client.cc:2349] PjRt execution dispatch was blocked for 8.120616ms because PjRt's max in-flight computation semaphore is full (limit: 32), which may negatively affect the performance
W0828 03:13:11.064267    1447 tpu_pjrt_client.cc:2349] PjRt execution dispatch was blocked for 50.029881ms because PjRt's max in-flight computation semaphore is full (limit: 32), which may negatively affect the performance
W0828 03:14:12.745327    1448 tpu_pjrt_client.cc:2349] PjRt execution dispatch was blocked for 51.146663ms because PjRt's max in-flight computation semaphore is full (limit: 32), which may negatively affect the performance
W0828 03:15:12.751535    1449 tpu_pjrt_client.cc:2349] PjRt execution dispatch was blocked for 8.358259ms because PjRt's max in-flight computation semaphore is full (limit: 32), which may negatively affect the performance
W0828 03:16:12.976373    1446 tpu_pjrt_client.cc:2349] PjRt execution dispatch was blocked for 87.062263ms because PjRt's max in-flight computation semaphore is full (limit: 32), which may negatively affect the performance
W0828 03:17:12.981065    1446 tpu_pjrt_client.cc:2349] PjRt execution dispatch was blocked for 8.370052ms because PjRt's max in-flight computation semaphore is full (limit: 32), which may negatively affect the performance
W0828 03:18:17.414829    1448 tpu_pjrt_client.cc:2349] PjRt execution dispatch was blocked for 97.829199ms because PjRt's max in-flight computation semaphore is full (limit: 32), which may negatively affect the performance
W0828 03:19:17.681227    1446 tpu_pjrt_client.cc:2349] PjRt execution dispatch was blocked for 3.398447ms because PjRt's max in-flight computation semaphore is full (limit: 32), which may negatively affect the performance
W0828 03:20:19.030008    1448 tpu_pjrt_client.cc:2349] PjRt execution dispatch was blocked for 85.852635ms because PjRt's max in-flight computation semaphore is full (limit: 32), which may negatively affect the performance
W0828 03:21:22.189192    1448 tpu_pjrt_client.cc:2349] PjRt execution dispatch was blocked for 85.671211ms because PjRt's max in-flight computation semaphore is full (limit: 32), which may negatively affect the performance
W0828 03:22:26.091697    1446 tpu_pjrt_client.cc:2349] PjRt execution dispatch was blocked for 70.508418ms because PjRt's max in-flight computation semaphore is full (limit: 32), which may negatively affect the performance
W0828 03:23:29.490004    1449 tpu_pjrt_client.cc:2349] PjRt execution dispatch was blocked for 82.256473ms because PjRt's max in-flight computation semaphore is full (limit: 32), which may negatively affect the performance
W0828 03:24:32.395452    1448 tpu_pjrt_client.cc:2349] PjRt execution dispatch was blocked for 106.90835ms because PjRt's max in-flight computation semaphore is full (limit: 32), which may negatively affect the performance
W0828 03:25:35.097287    1448 tpu_pjrt_client.cc:2349] PjRt execution dispatch was blocked for 84.982608ms because PjRt's max in-flight computation semaphore is full (limit: 32), which may negatively affect the performance
W0828 03:26:38.302846    1446 tpu_pjrt_client.cc:2349] PjRt execution dispatch was blocked for 60.876786ms because PjRt's max in-flight computation semaphore is full (limit: 32), which may negatively affect the performance
W0828 03:27:42.213604    1448 tpu_pjrt_client.cc:2349] PjRt execution dispatch was blocked for 69.273338ms because PjRt's max in-flight computation semaphore is full (limit: 32), which may negatively affect the performance
W0828 03:32:46.912412    1517 pipe_endpoint.cc:834] Client pipe canon-p57-fl-zero-f45w10-96544812-pathways-worker-0-2.canon-p57-fl-zero-f45w10-96544812:29000/worker_to_worker id=14969354806911437370: saw idle time 5.046944347s where timeout is 10s
W0828 03:32:47.912578    1510 pipe_endpoint.cc:834] Client pipe canon-p57-fl-zero-f45w10-96544812-pathways-worker-0-2.canon-p57-fl-zero-f45w10-96544812:29000/worker_to_worker id=14969354806911437370: saw idle time 6.047111391s where timeout is 10s
W0828 03:32:48.912724    1515 pipe_endpoint.cc:834] Client pipe canon-p57-fl-zero-f45w10-96544812-pathways-worker-0-2.canon-p57-fl-zero-f45w10-96544812:29000/worker_to_worker id=14969354806911437370: saw idle time 7.047256395s where timeout is 10s
W0828 03:32:49.912871    1510 pipe_endpoint.cc:834] Client pipe canon-p57-fl-zero-f45w10-96544812-pathways-worker-0-2.canon-p57-fl-zero-f45w10-96544812:29000/worker_to_worker id=14969354806911437370: saw idle time 8.047403918s where timeout is 10s
W0828 03:32:50.913003    1517 pipe_endpoint.cc:834] Client pipe canon-p57-fl-zero-f45w10-96544812-pathways-worker-0-2.canon-p57-fl-zero-f45w10-96544812:29000/worker_to_worker id=14969354806911437370: saw idle time 9.047535851s where timeout is 10s
I0828 03:32:51.913157    1515 pipe_trace.cc:208] Client pipe canon-p57-fl-zero-f45w10-96544812-pathways-worker-0-2.canon-p57-fl-zero-f45w10-96544812:29000/worker_to_worker id=14969354806911437370: Break idle pipe DEADLINE_EXCEEDED: lost connection to peer at http://machine/gke-tpu-3a97861b-qbx9/events#srcs=borg%2Bcoroner since 10.047667564s ago; this usually means that the peer has unexpectedly gone away (peer stopped sending messages since 2026-08-28T03:32:41.865463105+00:00; timeout is 10s and the current machine is http://machine/gke-tpu-3a97861b-1vp4/events#srcs=borg%2Bcoroner)
=== Source Location Trace: === 
third_party/pathways/data_parallel/pipe_endpoint.cc:849
I0828 03:32:51.913348      28 pipe_grpc.cc:174] Client RPC done with error status: CANCELLED: cancelling RPC because of client-side Break: DEADLINE_EXCEEDED: lost connection to peer at http://machine/gke-tpu-3a97861b-qbx9/events#srcs=borg%2Bcoroner since 10.047667564s ago; this usually means that the peer has unexpectedly gone away (peer stopped sending messages since 2026-08-28T03:32:41.865463105+00:00; timeout is 10s and the current machine is http://machine/gke-tpu-3a97861b-1vp4/events#srcs=borg%2Bcoroner)
	Client pipe canon-p57-fl-zero-f45w10-96544812-pathways-worker-0-2.canon-p57-fl-zero-f45w10-96544812:29000/worker_to_worker id=14969354806911437370
=== Source Location Trace: === 
third_party/pathways/data_parallel/pipe_endpoint.cc:910
E0828 03:32:51.913445     828 server_lib.cc:441] Sending shut down message to scheduler:go/debugstr   
worker_shutting_down {
  status {
    code: INTERNAL
    message: "Client pipe canon-p57-fl-zero-f45w10-96544812-pathways-worker-0-2.canon-p57-fl-zero-f45w10-96544812:29000/worker_to_worker id=14969354806911437370 broke with error: DEADLINE_EXCEEDED: lost connection to peer at http://machine/gke-tpu-3a97861b-qbx9/events#srcs=borg%2Bcoroner since 10.047667564s ago; this usually means that the peer has unexpectedly gone away (peer stopped sending messages since 2026-08-28T03:32:41.865463105+00:00; timeout is 10s and the current machine is http://machine/gke-tpu-3a97861b-1vp4/events#srcs=borg%2Bcoroner)\n\tClient pipe canon-p57-fl-zero-f45w10-96544812-pathways-worker-0-2.canon-p57-fl-zero-f45w10-96544812:29000/worker_to_worker id=14969354806911437370\n=== Source Location Trace: === \nthird_party/pathways/data_parallel/pipe.cc:307\n"
  }
  reporter_info: "ServerConfig{ job_info=JobInfo{ name=6408541556418313203 job_instance_id=6408541556418313203 task_index=13 num_tasks=16 addr=canon-p57-fl-zero-f45w10-96544812-pathways-worker-0-13.canon-p57-fl-zero-f45w10-96544812:29000 [hostname=\'gke-tpu-3a97861b-1vp4, bns_address=\'\', resolved_address=\'canon-p57-fl-zero-f45w10-96544812-pathways-worker-0-13.canon-p57-fl-zero-f45w10-96544812:29000\']} }"
}
I0828 03:32:51.913816     828 server_lib.cc:449] Waiting for clean shutdown notification
I0828 03:32:51.915972     827 worker_message_distributor.cc:2308] Waiting for all peers to exit distributor_6408541556418313203_13
I0828 03:32:51.916002    7348 worker_message_distributor.cc:735] Waiting for outstanding sends 0 send thread LocalSender_at_6408541556418313203_13
I0828 03:32:51.916058     762 worker_message_distributor.cc:1073] Exiting send thread LocalSender_at_6408541556418313203_13
I0828 03:32:51.916098    7348 worker_message_distributor.cc:741] Finished shutdown send thread LocalSender_at_6408541556418313203_13
I0828 03:32:51.916124     827 worker_message_distributor.cc:2310] Waiting for all peers to exit done: finished within timeout=true distributor_6408541556418313203_13
E0828 03:32:51.916138     827 quick_restart.cc:19] Job cancelled due to 6408541556418313203 gke-tpu-3a97861b-1vp4 exiting [reported by ServerConfig{ job_info=JobInfo{ name=6408541556418313203 job_instance_id=6408541556418313203 task_index=13 num_tasks=16 addr=canon-p57-fl-zero-f45w10-96544812-pathways-worker-0-13.canon-p57-fl-zero-f45w10-96544812:29000 [hostname='gke-tpu-3a97861b-1vp4, bns_address='', resolved_address='canon-p57-fl-zero-f45w10-96544812-pathways-worker-0-13.canon-p57-fl-zero-f45w10-96544812:29000']} }] with error INTERNAL: Client pipe canon-p57-fl-zero-f45w10-96544812-pathways-worker-0-2.canon-p57-fl-zero-f45w10-96544812:29000/worker_to_worker id=14969354806911437370 broke with error: DEADLINE_EXCEEDED: lost connection to peer at http://machine/gke-tpu-3a97861b-qbx9/events#srcs=borg%2Bcoroner since 10.047667564s ago; this usually means that the peer has unexpectedly gone away (peer stopped sending messages since 2026-08-28T03:32:41.865463105+00:00; timeout is 10s and the current machine is http://machine/gke-tpu-3a97861b-1vp4/events#srcs=borg%2Bcoroner)
	Client pipe canon-p57-fl-zero-f45w10-96544812-pathways-worker-0-2.canon-p57-fl-zero-f45w10-96544812:29000/worker_to_worker id=14969354806911437370
=== Source Location Trace: === 
third_party/pathways/data_parallel/pipe.cc:307

=== Source Location Trace: ===
third_party/pathways/data_parallel/worker_message_distributor.cc:1842
 [ServerConfig{ job_info=JobInfo{ name=6408541556418313203 job_instance_id=6408541556418313203 task_index=13 num_tasks=16 addr=canon-p57-fl-zero-f45w10-96544812-pathways-worker-0-13.canon-p57-fl-zero-f45w10-96544812:29000 [hostname='gke-tpu-3a97861b-1vp4, bns_address='', resolved_address='canon-p57-fl-zero-f45w10-96544812-pathways-worker-0-13.canon-p57-fl-zero-f45w10-96544812:29000']} }]
F0828 03:32:51.916154     827 quick_restart.cc:40] Job cancelled due to 6408541556418313203 gke-tpu-3a97861b-1vp4 exiting [reported by ServerConfig{ job_info=JobInfo{ name=6408541556418313203 job_instance_id=6408541556418313203 task_index=13 num_tasks=16 addr=canon-p57-fl-zero-f45w10-96544812-pathways-worker-0-13.canon-p57-fl-zero-f45w10-96544812:29000 [hostname='gke-tpu-3a97861b-1vp4, bns_address='', resolved_address='canon-p57-fl-zero-f45w10-96544812-pathways-worker-0-13.canon-p57-fl-zero-f45w10-96544812:29000']} }] with error INTERNAL: Client pipe canon-p57-fl-zero-f45w10-96544812-pathways-worker-0-2.canon-p57-fl-zero-f45w10-96544812:29000/worker_to_worker id=14969354806911437370 broke with error: DEADLINE_EXCEEDED: lost connection to peer at http://machine/gke-tpu-3a97861b-qbx9/events#srcs=borg%2Bcoroner since 10.047667564s ago; this usually means that the peer has unexpectedly gone away (peer stopped sending messages since 2026-08-28T03:32:41.865463105+00:00; timeout is 10s and the current machine is http://machine/gke-tpu-3a97861b-1vp4/events#srcs=borg%2Bcoroner)
	Client pipe canon-p57-fl-zero-f45w10-96544812-pathways-worker-0-2.canon-p57-fl-zero-f45w10-96544812:29000/worker_to_worker id=14969354806911437370
=== Source Location Trace: === 
third_party/pathways/data_parallel/pipe.cc:307

=== Source Location Trace: ===
third_party/pathways/data_parallel/worker_message_distributor.cc:1842
 [ServerConfig{ job_info=JobInfo{ name=6408541556418313203 job_instance_id=6408541556418313203 task_index=13 num_tasks=16 addr=canon-p57-fl-zero-f45w10-96544812-pathways-worker-0-13.canon-p57-fl-zero-f45w10-96544812:29000 [hostname='gke-tpu-3a97861b-1vp4, bns_address='', resolved_address='canon-p57-fl-zero-f45w10-96544812-pathways-worker-0-13.canon-p57-fl-zero-f45w10-96544812:29000']} }] (Quick-restart requested but unsupported in Cloud/OSS.)
