WARNING: Logging before InitGoogle() is written to STDERR
W0000 00:00:1787879823.889556       1 override_grpc_credentials_real.cc:57] Registering MLPathways gRPC credentials override 'grpc_insecure_override'
I0000 00:00:1787879823.891892       1 pipe_transport_registry.cc:30] Registering pipe transport grpc
I0828 01:17:03.910508       1 b295d63588a.cc:788] Linux version 6.12.85+ (builder@535ef2dedada) (Chromium OS 17.0_pre498229-r33 clang version 17.0.0 (/mnt/host/source/src/third_party/llvm-project 14f0776550b5a49e1c42f49a00213f7f3fa047bf), LLD 17.0.0) #1 SMP Mon May 11 07:53:24 UTC 2026
I0828 01:17:03.910776       1 b295d63588a.cc:872] Process id 1
I0828 01:17:03.910795       1 b295d63588a.cc:878] Current working directory /
I0828 01:17:03.910797       1 b295d63588a.cc:881] Current timezone is UTC (currently UTC +00:00)
I0828 01:17:03.910800       1 b295d63588a.cc:886] Built on Jul 30 2026 03:19:54 (1785406794)
I0828 01:17:03.910802       1 b295d63588a.cc:887]  at rbex-enqueue-targets@jgik3.prod.google.com:/google/src/cloud/buildrabbit-username/buildrabbit-client/g3     
I0828 01:17:03.910803       1 b295d63588a.cc:888]  as 
I0828 01:17:03.910804       1 b295d63588a.cc:889]  for gcc-4.X.Y-crosstool-v18-llvm-grtev4-k8.k8
I0828 01:17:03.910810       1 b295d63588a.cc:892]  from changelist 956357083 with baseline 956357083 in a mint client based on __ar56t/g3     
I0828 01:17:03.910817       1 b295d63588a.cc:896] Build label: cloud_pathways.runtime_20260730_0_RC00
I0828 01:17:03.910822       1 b295d63588a.cc:898] Build tool: Bazel, release r4rca-2026.07.27-2 (mainline @954306043)
I0828 01:17:03.910824       1 b295d63588a.cc:899] Build target: 
I0828 01:17:03.910831       1 b295d63588a.cc:907] Command line arguments:
I0828 01:17:03.910832       1 b295d63588a.cc:909] argv[0]: '/usr/pathways/run/cloud_pathways_server_sanitized'
I0828 01:17:03.910835       1 b295d63588a.cc:909] argv[1]: '--server_port=29000'
I0828 01:17:03.910837       1 b295d63588a.cc:909] argv[2]: '--resource_manager_address=canon-p57-fl-zero-f45w10-96544812-pathways-head-0-0.canon-p57-fl-zero-f45w10-96544812:29001'
I0828 01:17:03.910839       1 b295d63588a.cc:909] argv[3]: '--node_type=worker'
I0828 01:17:03.910840       1 b295d63588a.cc:909] argv[4]: '--instance_type=tpuv5:4x4x4'
I0828 01:17:03.910991       1 init.cc:78] Remote crash gathering hook installed.
I0828 01:17:03.911034       1 tpu_runtime_type_flags.cc:78] --tpu_use_tfrt not specified. Using default value: true
I0828 01:17:03.911443       1 host_command_handler_factory.cc:31] Skipping registration of host command handler for opcode Log because it is not in the allowlist.
I0828 01:17:03.911632       1 tpu_hal.cc:467] Registered plugin from module: megascale_sync_flag_logger
I0828 01:17:03.914119       1 tpu_hal.cc:467] Registered plugin from module: RuntimeMetricHelper
I0828 01:17:03.929320       1 logger.cc:308] Enabling threaded logging for severity WARNING
I0828 01:17:03.929358       1 tpu_hal.cc:467] Registered plugin from module: sdc_checker_callback
I0828 01:17:03.929587       1 mlock.cc:220] mlock()-ed 4096 bytes for BuildID, using 1 syscalls.
I0828 01:17:03.929808       1 cloud_config_util.cc:53] STARTUP: argv[0]: /usr/pathways/run/cloud_pathways_server_sanitized$
I0828 01:17:03.929816       1 cloud_config_util.cc:57] STARTUP: env: PATH=/bin$
I0828 01:17:03.929818       1 cloud_config_util.cc:57] STARTUP: env: HOSTNAME=gke-tpu-3a97861b-c2c7$
I0828 01:17:03.929819       1 cloud_config_util.cc:57] STARTUP: env: LD_LIBRARY_PATH=/usr/grte/v5/lib64/:/usr/pathways/run/$
I0828 01:17:03.929820       1 cloud_config_util.cc:57] STARTUP: env: PATHWAYS_UNSAFE_UNSAFE_OVERRIDE_GRPC_CREDENTIALS=grpc_insecure_override$
I0828 01:17:03.929821       1 cloud_config_util.cc:57] STARTUP: env: TPU_STDERR_LOG_LEVEL=0$
I0828 01:17:03.929822       1 cloud_config_util.cc:57] STARTUP: env: HOST_BOUNDS=2,2,4$
I0828 01:17:03.929823       1 cloud_config_util.cc:57] STARTUP: env: ENABLE_ICI_RESILIENCY=true$
I0828 01:17:03.929824       1 cloud_config_util.cc:57] STARTUP: env: CHIPS_PER_HOST_BOUNDS=2,2,1$
I0828 01:17:03.929832       1 cloud_config_util.cc:57] STARTUP: env: TPU_TOPOLOGY_WRAP=true,true,true$
I0828 01:17:03.929833       1 cloud_config_util.cc:57] STARTUP: env: TPU_TOPOLOGY_ALT=false$
I0828 01:17:03.929834       1 cloud_config_util.cc:57] STARTUP: env: TPU_CHIPS_PER_HOST_BOUNDS=2,2,1$
I0828 01:17:03.929835       1 cloud_config_util.cc:57] STARTUP: env: WRAP=true,true,true$
I0828 01:17:03.929836       1 cloud_config_util.cc:57] STARTUP: env: ALT=false$
I0828 01:17:03.929837       1 cloud_config_util.cc:57] STARTUP: env: VBAR_CONTROL_SERVICE_URL=unix:///var/run/tpu-plugin/vbar.sock$
I0828 01:17:03.929839       1 cloud_config_util.cc:57] STARTUP: env: TPU_RUNTIME_METRICS_PORTS=8431,8432,8433,8434$
I0828 01:17:03.929840       1 cloud_config_util.cc:57] STARTUP: env: TPU_ACCELERATOR_TYPE=v5p-128$
I0828 01:17:03.929841       1 cloud_config_util.cc:57] STARTUP: env: TPU_TOPOLOGY=4x4x4$
I0828 01:17:03.929842       1 cloud_config_util.cc:57] STARTUP: env: TPU_SKIP_MDS_QUERY=true$
I0828 01:17:03.929844       1 cloud_config_util.cc:57] STARTUP: env: TPU_HOST_BOUNDS=2,2,4$
I0828 01:17:03.929845       1 cloud_config_util.cc:57] STARTUP: env: REPLICATED_JOB_NAME=pathways-worker$
I0828 01:17:03.929846       1 cloud_config_util.cc:57] STARTUP: env: XLA_PYTHON_CLIENT_PREALLOCATE=true$
I0828 01:17:03.929848       1 cloud_config_util.cc:57] STARTUP: env: TPU_WORKER_HOSTNAMES=canon-p57-fl-zero-f45w10-96544812-pathways-worker-0-0.canon-p57-fl-zero-f45w10-96544812,canon-p57-fl-zero-f45w10-96544812-pathways-worker-0-1.canon-p57-fl-zero-f45w10-96544812,canon-p57-fl-zero-f45w10-96544812-pathways-worker-0-2.canon-p57-fl-zero-f45w10-96544812,canon-p57-fl-zero-f45w10-96544812-pathways-worker-0-3.canon-p57-fl-zero-f45w10-96544812,canon-p57-fl-zero-f45w10-96544812-pathways-worker-0-4.canon-p57-fl-zero-f45w10-96544812,canon-p57-fl-zero-f45w10-96544812-pathways-worker-0-5.canon-p57-fl-zero-f45w10-96544812,canon-p57-fl-zero-f45w10-96544812-pathways-worker-0-6.canon-p57-fl-zero-f45w10-96544812,canon-p57-fl-zero-f45w10-96544812-pathways-worker-0-7.canon-p57-fl-zero-f45w10-96544812,canon-p57-fl-zero-f45w10-96544812-pathways-worker-0-8.canon-p57-fl-zero-f45w10-96544812,canon-p57-fl-zero-f45w10-96544812-pathways-worker-0-9.canon-p57-fl-zero-f45w10-96544812,canon-p57-fl-zero-f45w10-96544812-pathways-worker-0-10.canon-p57-fl-zero-f45w10-96544812,canon-p57-fl-zero-f45w10-96544812-pathways-worker-0-11.canon-p57-fl-zero-f45w10-96544812,canon-p57-fl-zero-f45w10-96544812-pathways-worker-0-12.canon-p57-fl-zero-f45w10-96544812,canon-p57-fl-zero-f45w10-96544812-pathways-worker-0-13.canon-p57-fl-zero-f45w10-96544812,canon-p57-fl-zero-f45w10-96544812-pathways-worker-0-14.canon-p57-fl-zero-f45w10-96544812,canon-p57-fl-zero-f45w10-96544812-pathways-worker-0-15.canon-p57-fl-zero-f45w10-96544812$
I0828 01:17:03.929850       1 cloud_config_util.cc:57] STARTUP: env: JOB_COMPLETION_INDEX=3$
I0828 01:17:03.929852       1 cloud_config_util.cc:57] STARTUP: env: TPU_MIN_LOG_LEVEL=0$
I0828 01:17:03.929853       1 cloud_config_util.cc:57] STARTUP: env: TF_CPP_MIN_LOG_LEVEL=0$
I0828 01:17:03.929855       1 cloud_config_util.cc:57] STARTUP: env: MEGASCALE_GRPC_ENABLE_XOR_TRACER=false$
I0828 01:17:03.929856       1 cloud_config_util.cc:57] STARTUP: env: JOBSET_NAME=canon-p57-fl-zero-f45w10-96544812$
I0828 01:17:03.929857       1 cloud_config_util.cc:57] STARTUP: env: XLA_PYTHON_CLIENT_MEM_FRACTION=0.9$
I0828 01:17:03.929858       1 cloud_config_util.cc:57] STARTUP: env: XCLOUD_ENVIRONMENT=GCP$
I0828 01:17:03.929859       1 cloud_config_util.cc:57] STARTUP: env: MEGASCALE_SLICE_ID=0$
I0828 01:17:03.929860       1 cloud_config_util.cc:57] STARTUP: env: MEGASCALE_COORDINATOR_ADDRESS=$
I0828 01:17:03.929862       1 cloud_config_util.cc:57] STARTUP: env: TPU_WORKER_ID=3$
I0828 01:17:03.929863       1 cloud_config_util.cc:57] STARTUP: env: PATHWAYS_HEAD=canon-p57-fl-zero-f45w10-96544812-pathways-head-0-0.canon-p57-fl-zero-f45w10-96544812$
I0828 01:17:03.929864       1 cloud_config_util.cc:57] STARTUP: env: MEGASCALE_NUM_SLICES=1$
I0828 01:17:03.929865       1 cloud_config_util.cc:57] STARTUP: env: ENABLE_PATHWAYS_PERSISTENCE=1$
I0828 01:17:03.929867       1 cloud_config_util.cc:57] STARTUP: env: KIMI_K3_SERVICE_SERVICE_PORT_HTTP_SERVING=8000$
I0828 01:17:03.929868       1 cloud_config_util.cc:57] STARTUP: env: KIMI_K3_SERVICE_SERVICE_HOST=34.118.236.245$
I0828 01:17:03.929869       1 cloud_config_util.cc:57] STARTUP: env: KIMI_K3_SERVICE_PORT_8000_TCP=tcp://34.118.236.245:8000$
I0828 01:17:03.929870       1 cloud_config_util.cc:57] STARTUP: env: KIMI_K3_SERVICE_PORT_8000_TCP_PROTO=tcp$
I0828 01:17:03.929872       1 cloud_config_util.cc:57] STARTUP: env: KIMI_K3_SERVICE_PORT_8000_TCP_PORT=8000$
I0828 01:17:03.929873       1 cloud_config_util.cc:57] STARTUP: env: KIMI_K3_SERVICE_PORT_8000_TCP_ADDR=34.118.236.245$
I0828 01:17:03.929874       1 cloud_config_util.cc:57] STARTUP: env: KUBERNETES_SERVICE_HOST=34.118.224.1$
I0828 01:17:03.929875       1 cloud_config_util.cc:57] STARTUP: env: KUBERNETES_PORT=tcp://34.118.224.1:443$
I0828 01:17:03.929876       1 cloud_config_util.cc:57] STARTUP: env: KUBERNETES_PORT_443_TCP_PORT=443$
I0828 01:17:03.929877       1 cloud_config_util.cc:57] STARTUP: env: KUBERNETES_SERVICE_PORT=443$
I0828 01:17:03.929879       1 cloud_config_util.cc:57] STARTUP: env: KUBERNETES_SERVICE_PORT_HTTPS=443$
I0828 01:17:03.929880       1 cloud_config_util.cc:57] STARTUP: env: KUBERNETES_PORT_443_TCP=tcp://34.118.224.1:443$
I0828 01:17:03.929881       1 cloud_config_util.cc:57] STARTUP: env: KUBERNETES_PORT_443_TCP_ADDR=34.118.224.1$
I0828 01:17:03.929883       1 cloud_config_util.cc:57] STARTUP: env: KIMI_K3_SERVICE_PORT=tcp://34.118.236.245:8000$
I0828 01:17:03.929884       1 cloud_config_util.cc:57] STARTUP: env: KUBERNETES_PORT_443_TCP_PROTO=tcp$
I0828 01:17:03.929885       1 cloud_config_util.cc:57] STARTUP: env: KIMI_K3_SERVICE_SERVICE_PORT=8000$
I0828 01:17:03.929887       1 cloud_config_util.cc:57] STARTUP: env: HOME=/$
I0828 01:17:03.929888       1 cloud_config_util.cc:57] STARTUP: env: CLOUD_TPU_TASK_ID=3$
I0828 01:17:03.929889       1 cloud_config_util.cc:57] STARTUP: env: TPU_PREMAPPED_BUFFER_SIZE=4294967296$
I0828 01:17:03.929891       1 cloud_config_util.cc:57] STARTUP: env: CLOUD_TPU_ACCELERATOR_TYPE=v5p-128$
I0828 01:17:03.929893       1 cloud_config_util.cc:64] STARTUP: config: CloudWorkerAndRmConfig(gcs_scratch_location: , server_port: 29000, node_type: 0, resource_manager_address: dns:///canon-p57-fl-zero-f45w10-96544812-pathways-head-0-0.canon-p57-fl-zero-f45w10-96544812:29001, expected_instances: , tpu_pinned_host_allocation_recycle: 0, enable_gcs_olm: 1, temporary_flags_for_debugging: , chip_config_name: , tpu_premapped_buffer_size: 4294967296)
I0828 01:17:03.930394       1 pipe_transport_registry.cc:45] Determined pipe transport grpc
W0828 01:17:03.930411       1 override_grpc_credentials_real.cc:75] Using MLPathways gRPC server credentials override
I0828 01:17:03.930463       1 config.cc:265] gRPC experiments: xds_server_filter_chain_per_route:off; default-enabled: buffer_list_deletion_prep, cache_loas_context_in_connection_context, call_tracer_send_initial_metadata_is_an_annotation, callv3_batch_validation, callv3_census_client, callv3_census_server, census_global_family_cache, chaotic_good_framing_layer, chaotic_good_send_supported_features, custom_frame_check, directpath_rpc_header_sanitization_filter, event_engine_callback_cq, event_engine_client, event_engine_dns, event_engine_dns_non_client_channel, event_engine_listener, inproc_cancel_stream, message_size_refactoring, monitoring_experiment, optimization_01, optimization_02, optimization_03, optimization_04, ph2_perf_01, promise_batch_cleanup_on_cancel, promise_filter_send_cancel_metadata, subchannel_connection_scaling, tsi_frame_protector_without_locks, wildcard_ip_expansion_restriction
I0828 01:17:03.930568       1 httpserver2_cloud.cc:122] Attempting to start grpc service at [::]:29000
I0828 01:17:03.930718      30 monitoring.cc:47] Starting all registered TSL metrics exporters.
I0828 01:17:03.932110       1 httpserver2_cloud.cc:125] Started grpc service at [::]:29000
I0828 01:17:03.932122       1 pipe_grpc.cc:332] Pipe grpc server listening on [::]:29000
W0828 01:17:03.932126       1 pjrt_tpu_init.cc:65] worker_connected_callback is ignored.
W0828 01:17:03.932130       1 pjrt_tpu_init.cc:69] worker_disconnected_callback is ignored.
I0828 01:17:03.943852       1 device_util.cc:81] Found 4 TPU v5 chips.
I0828 01:17:03.943866       1 tpu_version_flag.cc:77] Using auto-detected TPU version TPU v5
I0828 01:17:03.945194       1 tpu_chip_config.cc:367] Resolved chip config alias megachip_tccontrol->megacore for 2093c6a02, 
I0828 01:17:03.945901       1 pending_event_logger.cc:964] Enabling PjRt/TPU event dependency logging.
I0828 01:17:03.946960     258 flags_util.cc:316] Using 8471 from --2a886c8_slice_builder_worker_port as SliceBuilder worker service port.
I0828 01:17:03.947627     258 tpu_network_factory.cc:62] tpunetd either not supported or disabled, falling back to Slice Builder
I0828 01:17:03.956449     258 init-domain.cc:132] Fiber init: default domain = futex, concurrency = 228, prefix = futex-default
I0828 01:17:04.643525     264 async_driver.cc:477] [/dev/vfio/3 tpu928:pe0:3] vf_id:0 Driver opened.
I0828 01:17:04.646176     262 async_driver.cc:477] [/dev/vfio/1 tpu928:pe0:0] vf_id:0 Driver opened.
I0828 01:17:04.665302     260 futex.cc:71] RAW: Futex::Swap(): using GFUTEX_SWAP
I0828 01:17:04.665497     261 async_driver.cc:477] [/dev/vfio/0 tpu928:pe0:2] vf_id:0 Driver opened.
I0828 01:17:04.665950     264 tpu_vxc_driver.cc:935] Throttled firmware queue size configured to 223(Firmware queue size: 256, leaving 32 for misc purposes).
I0828 01:17:04.687420     262 tpu_vxc_driver.cc:935] Throttled firmware queue size configured to 223(Firmware queue size: 256, leaving 32 for misc purposes).
I0828 01:17:04.689940     261 tpu_vxc_driver.cc:935] Throttled firmware queue size configured to 223(Firmware queue size: 256, leaving 32 for misc purposes).
I0828 01:17:04.693050     264 async_driver.cc:1858] All cores supported.
I0828 01:17:04.694461     262 async_driver.cc:1858] All cores supported.
I0828 01:17:04.695886     261 async_driver.cc:1858] All cores supported.
I0828 01:17:04.747586     263 async_driver.cc:477] [/dev/vfio/2 tpu928:pe0:1] vf_id:0 Driver opened.
I0828 01:17:04.776592     263 tpu_vxc_driver.cc:935] Throttled firmware queue size configured to 223(Firmware queue size: 256, leaving 32 for misc purposes).
I0828 01:17:04.782896     263 async_driver.cc:1858] All cores supported.
I0828 01:17:06.670413     273 slice_configuration.cc:658] Data link layer on tpu928:pe0:0:p0:z+ has come up.
I0828 01:17:06.671196     273 slice_configuration.cc:658] Data link layer on tpu928:pe0:0:p1:x+ has come up.
I0828 01:17:06.672032     273 slice_configuration.cc:658] Data link layer on tpu928:pe0:0:p2:z- has come up.
I0828 01:17:06.672780     273 slice_configuration.cc:658] Data link layer on tpu928:pe0:0:p3:y- has come up.
I0828 01:17:06.673539     273 slice_configuration.cc:658] Data link layer on tpu928:pe0:0:p4:y+ has come up.
I0828 01:17:06.674287     273 slice_configuration.cc:658] Data link layer on tpu928:pe0:0:p5:x- has come up.
I0828 01:17:07.685551     258 tpu_hal.cc:209] Starting premapped memory manager initialization...
W0828 01:17:07.689133     587 libtpu_telemetry_utils.cc:44] Metric already exists: hlo.execution.timing.distribution.microseconds
W0828 01:17:07.689145     588 libtpu_telemetry_utils.cc:44] Metric already exists: hlo.execution.timing.distribution.microseconds
W0828 01:17:07.689158     587 libtpu_telemetry_utils.cc:44] Metric already exists: hlo.queue.size.gauge
W0828 01:17:07.689156     586 libtpu_telemetry_utils.cc:44] Metric already exists: hlo.execution.timing.distribution.microseconds
W0828 01:17:07.689159     588 libtpu_telemetry_utils.cc:44] Metric already exists: hlo.queue.size.gauge
W0828 01:17:07.689169     586 libtpu_telemetry_utils.cc:44] Metric already exists: hlo.queue.size.gauge
W0828 01:17:07.690714     585 libtpu_telemetry_utils.cc:44] Metric already exists: hlo.execution.timing.distribution.microseconds
W0828 01:17:07.690735     585 libtpu_telemetry_utils.cc:44] Metric already exists: hlo.queue.size.gauge
W0828 01:17:07.690775     588 libtpu_telemetry_utils.cc:44] Metric already exists: hlo.execution.timing.distribution.microseconds
W0828 01:17:07.690788     588 libtpu_telemetry_utils.cc:44] Metric already exists: hlo.queue.size.gauge
W0828 01:17:07.690834     586 libtpu_telemetry_utils.cc:44] Metric already exists: hlo.execution.timing.distribution.microseconds
W0828 01:17:07.690839     587 libtpu_telemetry_utils.cc:44] Metric already exists: hlo.execution.timing.distribution.microseconds
W0828 01:17:07.690851     587 libtpu_telemetry_utils.cc:44] Metric already exists: hlo.queue.size.gauge
W0828 01:17:07.690842     586 libtpu_telemetry_utils.cc:44] Metric already exists: hlo.queue.size.gauge
I0828 01:17:08.466452     258 runtime_metric_service.cc:197] Successfully started Runtime Metric Service on port: 8431
I0828 01:17:08.466633     258 system.cc:1087] tpu::System initialized, current host id: 15, logical device ids: 58,59,62,63
I0828 01:17:08.466663       1 tpu_system_state.cc:224] CreateTpuSystemState: TPU initialization is successful and it took 4.520753574s
I0828 01:17:08.466679       1 tpu_system_state.cc:228] CreateTpuSystemState: using TPU host premapped buffer of size: 4294967296
I0828 01:17:08.466685       1 tpu_host_allocator.cc:68] Premapped buffer is using alignment 64
I0828 01:17:08.466730     658 tpu_diagnostic_coordinator.cc:610] TpuDiagnosticCoordinator listening on socket /tmp/tpu_diag_trigger_1.socket (symlinked at /tmp/tpu_diag_latest.socket)
I0828 01:17:08.467138       1 tpu_linearizer.cc:104] Inflight linearization byte limit configured to : 1099511627776
I0828 01:17:08.467147       1 tpu_linearizer.cc:118] Inflight delinearization byte limit configured to : 1099511627776
I0828 01:17:08.467439       1 allocator_stats_reporter.cc:117] Starting AllocatorStats Reporter with reporting interval: 5s
I0828 01:17:08.467787       1 pjrt_c_api_client.cc:187] PjRtCApiClient created.
I0828 01:17:08.467794       1 server_lib.cc:2229] Dispatching compilation of PSI exchange program
I0828 01:17:08.467809       1 watch_dog.cc:26] Creating thread: PwWatchDog_9638028378209493103 for WatchDog: Timebomb for initial consensus program
I0828 01:17:08.470445       1 2a886c8_compiler_hlo_passes.cc:6336] XLA::TPU running hlo passes for 2 instructions, module: psi_info_exchange.1
I0828 01:17:08.470469       1 2a886c8_compiler_hlo_passes.cc:6381] Initial HLO module: psi_info_exchange.1 instructions: 2 fingerprint: 
I0828 01:17:08.470892       1 2a886c8_compiler_hlo_passes.cc:6445] HLO optimizing module: psi_info_exchange.1 instructions: 2
I0828 01:17:08.470898       1 2a886c8_compiler_hlo_passes.cc:6459] XLA::TPU HLO optimization
I0828 01:17:08.472935     669 tpu_layout_assignment.cc:4245] Ran 2 additional passes of layout assignment to assign all layouts.
I0828 01:17:08.473151       1 2a886c8_compiler_hlo_passes.cc:6248] xla_tpu_impure_hlo_parallel_compile is DISABLED. psi_info_exchange.1
I0828 01:17:08.474847       1 2a886c8_compiler_hlo_passes.cc:5327] XLA::TPU HLO PostOptimizationPipeline
I0828 01:17:08.475778       1 tpu_plumb_vmem_info.cc:668] scavenging_mode: 0 for module: psi_info_exchange.1
I0828 01:17:08.475849       1 2a886c8_compiler_hlo_passes.cc:6532] HLO_PASSES stage duration: 5.37931375ms
I0828 01:17:08.479758     651 tpu_chip_config.cc:367] Resolved chip config alias megachip_tccontrol->megacore for 2093c6a02, 
I0828 01:17:08.480475     651 memory_space_assignment_util.cc:621] MSA Vmem breakdown: default scoped vmem (from flag): 16777216; does_msa_directly_allocate_scoped_vmem: F; bytes_for_msa_to_allocate: 50266112
I0828 01:17:08.499339     671 2a886c8_compiler_base.cc:4059] BACKEND_PASSES stage duration: 19.63079125ms
I0828 01:17:08.501396     671 2a886c8_compiler_backend.cc:1776] final program bundle count: 1,043 note this count does not reflect cycles spent executing delays.
I0828 01:17:08.507003     671 2a886c8_compiler_backend.cc:1968] Program divided into 2 overlays without HLO functions (102.0K).
I0828 01:17:08.507075     671 2a886c8_compiler_backend.cc:2134] XLA::TPU module name: psi_info_exchange.1
I0828 01:17:08.507079     671 2a886c8_compiler_backend.cc:2136] XLA::TPU program HBM usage: 183.0K / 95.73G
I0828 01:17:08.507082     671 2a886c8_compiler_backend.cc:2143] Note that --xla_tpu_max_hbm_size_mib is not specified. This means that the compiler may use up all available HBM, possibly prioritizing other metrics (latency, compile-time, ..) over memory usage. To reduce memory usage, set --xla_tpu_max_hbm_size_mib to a smaller value.
I0828 01:17:08.507084     671 2a886c8_compiler_backend.cc:2177] XLA::TPU program VMEM usage: 166.5K / 64.00M
I0828 01:17:08.507092     671 2a886c8_compiler_backend.cc:2188] Total hbm usage >= 279.21M:
    reserved        279.03M 
    program          183.0K 
    arguments          512B 

Output size 6.0K; shares 0B with arguments.

Total host usage >= 0B:
    reserved             0B 
    program         unknown size 
    arguments            0B 

Output size 0B; shares 0B with arguments.

I0828 01:17:08.507107     671 2a886c8_compiler_backend.cc:2192] Program sflag requirement 300B:
    reserved           204B
    scoped              92B
    HLO temp             4B (100.0% utilization: Unpadded (4B) Padded (4B), 0.0% fragmentation (0B))
Program sparse_core_sequencer_sflag requirement 36B:
    reserved            36B
Program sparse_core_tile_sflag requirement 4B:
    reserved             4B
Program sparse_core_sequencer_smem requirement 64B:
    reserved            64B
Program sparse_core_tile_smem requirement 0B:
Program hbm requirement 183.0K:
    global            33.0K
    HLO temp          48.0K (9.5% utilization: Unpadded (3.0K) Padded (32.0K), 33.3% fragmentation (16.0K))
    overlays         102.0K
Program vmem requirement 166.5K:
    scoped           166.0K
    HLO temp           512B (0.0% utilization: Unpadded (0B) Padded (0B), 100.0% fragmentation (512B))
Program smem requirement 264B:
    global               4B
    scoped             260B
Program host requirement 0B:
I0828 01:17:08.507110     671 2a886c8_compiler_backend.cc:2200] XLA::TPU program SMEM usage: 2.1K / 1.00M (1 parameters)
I0828 01:17:08.507117     671 2a886c8_compiler_backend.cc:1472] CODE_GENERATION stage duration: 7.734816ms
I0828 01:17:08.507659     671 isa_program_util_common.cc:373] (HLO module psi_info_exchange.1): Executable fingerprint:893e9e20d5ae160c7be6d81fd596ec73c1cabe1940b3c273861ec36b26fbeb3a
I0828 01:17:08.507662     671 isa_program_util_common.cc:377] (HLO module psi_info_exchange.1): Executable fingerprint (including data segments):75664ae48d4b52bd2da19a4f3a6af5c80210481094276e70a5455e382d1b95dc
I0828 01:17:08.507664     671 isa_program_util_common.cc:380] (HLO module psi_info_exchange.1): Host transfer fingerprint:e3b0c44298fc1c149afbf4c8996fb92427ae41e4649b934ca495991b7852b855
I0828 01:17:08.507829       1 2a886c8_compiler_base.cc:1019] END_TO_END stage duration: 37.4925575ms
I0828 01:17:08.507842       1 2a886c8_compiler_base.cc:1020] Note that END_TO_END duration also includes time outside of HLO_PASSES, BACKEND_PASSES, and CODE_GENERATION
I0828 01:17:08.508168       1 server_lib.cc:2235] Done compilation of PSI exchange program: OK took 40.372237ms
I0828 01:17:08.508177       1 job_info_impl_cloud.cc:177] Not running on Google or testing cloud: CreateCloudJobInfoImpl
I0828 01:17:08.508189       1 psi_consensus_preflight.cc:342] Starting execution of psi_info_exchange.1
I0828 01:17:08.508856       1 psi_consensus_preflight.cc:357] Finished dispatching psi_info_exchange.1
I0828 01:17:08.515631       1 psi_consensus_preflight.cc:365] Finished execution of psi_info_exchange.1
I0828 01:17:08.515716     668 watch_dog.cc:58] WatchDog Timebomb for initial consensus program shutdown
I0828 01:17:08.515920       1 psi_consensus_preflight.cc:417] Using per-slice-instance JobId 6408541556418313203 instead of just borg job id 0
I0828 01:17:08.551924       1 tpu_chip_config.cc:367] Resolved chip config alias megachip_tccontrol->megacore for 2093c6a02, 
I0828 01:17:08.552803       1 server_lib.cc:1172] TPU Device with core coordinates: 3x3x3_TC0 is on host: gke-tpu-3a97861b-c2c7
I0828 01:17:08.552812       1 server_lib.cc:1172] TPU Device with core coordinates: 3x2x3_TC0 is on host: gke-tpu-3a97861b-c2c7
I0828 01:17:08.552814       1 server_lib.cc:1172] TPU Device with core coordinates: 2x2x3_TC0 is on host: gke-tpu-3a97861b-c2c7
I0828 01:17:08.552816       1 server_lib.cc:1172] TPU Device with core coordinates: 2x3x3_TC0 is on host: gke-tpu-3a97861b-c2c7
I0828 01:17:08.559883       1 rpc_transport.cc:1602] grpc: Creating RpcTransport at 10.164.0.147:38135 with 8 channels per destination and a limit of 8192 concurrent send channels
I0828 01:17:08.560870       1 object_manager.cc:617] Initializing BufferStore device 123
I0828 01:17:08.560878       1 object_manager.cc:617] Initializing BufferStore device 59
I0828 01:17:08.560879       1 object_manager.cc:617] Initializing BufferStore device 58
I0828 01:17:08.560880       1 object_manager.cc:617] Initializing BufferStore device 62
I0828 01:17:08.560881       1 object_manager.cc:617] Initializing BufferStore device 122
I0828 01:17:08.560882       1 object_manager.cc:617] Initializing BufferStore device 126
I0828 01:17:08.560883       1 object_manager.cc:617] Initializing BufferStore device 63
I0828 01:17:08.560884       1 object_manager.cc:617] Initializing BufferStore device 131
I0828 01:17:08.560885       1 object_manager.cc:617] Initializing BufferStore device 127
I0828 01:17:08.561301       1 preemption_util.cc:46] Registering cloud preemption handler.
I0828 01:17:08.561532       1 server_lib.cc:1479] Server starting up, with http listen address '10.164.0.147:29000' and config.job.resolved_address 'canon-p57-fl-zero-f45w10-96544812-pathways-worker-0-3.canon-p57-fl-zero-f45w10-96544812:29000'
I0828 01:17:08.562211       1 server_status_pages_noop.cc:9] ExportServerStatusPages is a no-op.
I0828 01:17:08.562216       1 server_lib.cc:1581] Pathways Server serving on 10.164.0.147:29000
W0828 01:17:08.562366       1 httpserver2_cloud.cc:175] Skipping RedirectRootToStatusz as it is not supported yet.
I0828 01:17:08.562372       1 httpserver2_cloud.cc:56] WaitForTermination
I0828 01:17:08.582010     810 worker_message_distributor.cc:601] Creating send thread LocalSender_at_6408541556418313203_3 for local worker op dispatcher
I0828 01:17:08.582023     810 worker_message_distributor.cc:1985] Configuring distributor for 1 workers at 6408541556418313203: next_hops_per_sender=1 (split_threshold=256)
I0828 01:17:08.582028     810 worker_message_distributor.cc:2057] Configured distributor for 0 remote endpoints
I0828 01:17:08.582040     744 worker_message_distributor.cc:1046] Starting send thread LocalSender_at_6408541556418313203_3
I0828 01:17:08.582365     744 persistent_compilation_cache.cc:446] Created persistent cache from location go/debugonly    
storage_type: GCS
path: "gs://yuxzhang-tunix-models/tmp/canon-zero-tim/p33/canon-p57-fl-zero-f45w10-96544812/compilation_cache/default"
num_shards: 1
name: "default"
ttl {
  seconds: 259200
}
I0828 01:17:08.585160     744 persistent_compilation_cache.cc:455] Using compressor 'zstd=1' to compress persistent compilation cache entries
I0828 01:20:17.570864     744 server_lib.cc:1923] Initializing placement go/debugonly    
placement_id: 3540490082203073296
dset_id: 7647257455777884003
client_ids: 7647257455777883041
I0828 01:20:17.571125     744 sidecar_registry.cc:58] Creating sidecar 'xprof'
I0828 01:27:09.895101     738 server_lib.cc:1855] Attempting to load component jit_stage.1182302940440487541 @ 0 at worker after 1.62414ms (proto size 2382)
I0828 01:27:10.123068     712 server_lib.cc:1855] Attempting to load component jit__threefry_seed.4603114223327848373 @ 0 at worker after 918.533us (proto size 2409)
I0828 01:27:10.136967    1292 tpu_chip_config.cc:367] Resolved chip config alias megachip_tccontrol->megacore for 2093c6a02, 
I0828 01:27:10.138909    1292 tpu_chip_config.cc:367] Resolved chip config alias megachip_tccontrol->megacore for 2093c6a02, 
I0828 01:27:10.139847    1292 xla_compilation_cache.cc:113] XLA compilation cache fetch for computation 'jit_stage' (key 83c15331012ef991) took 244.762444ms: PERSISTENT_FETCH
I0828 01:27:10.356224    1291 tpu_chip_config.cc:367] Resolved chip config alias megachip_tccontrol->megacore for 2093c6a02, 
I0828 01:27:10.357938    1291 tpu_chip_config.cc:367] Resolved chip config alias megachip_tccontrol->megacore for 2093c6a02, 
I0828 01:27:10.358872    1291 xla_compilation_cache.cc:113] XLA compilation cache fetch for computation 'jit__threefry_seed' (key 6d038df1de0e7d78) took 235.812365ms: PERSISTENT_FETCH
I0828 01:27:10.371367     684 server_lib.cc:1855] Attempting to load component jit__generate_dummy_weights_kernel.1182302940440487360 @ 0 at worker after 1.072728ms (proto size 2456)
I0828 01:27:12.285168     712 server_lib.cc:1855] Attempting to load component jit__identity_fn.4603114223327849512 @ 0 at worker after 992.812us (proto size 2426)
I0828 01:27:12.310781    1291 tpu_chip_config.cc:367] Resolved chip config alias megachip_tccontrol->megacore for 2093c6a02, 
I0828 01:27:12.312616    1291 tpu_chip_config.cc:367] Resolved chip config alias megachip_tccontrol->megacore for 2093c6a02, 
I0828 01:27:12.314061    1291 xla_compilation_cache.cc:113] XLA compilation cache fetch for computation 'jit__generate_dummy_weights_kernel' (key 5209253d8ba56adb) took 1.942702903s: PERSISTENT_FETCH
I0828 01:27:12.590892    1292 tpu_chip_config.cc:367] Resolved chip config alias megachip_tccontrol->megacore for 2093c6a02, 
I0828 01:27:12.592417    1292 tpu_chip_config.cc:367] Resolved chip config alias megachip_tccontrol->megacore for 2093c6a02, 
I0828 01:27:12.593219    1292 xla_compilation_cache.cc:113] XLA compilation cache fetch for computation 'jit__identity_fn' (key 73c0e6511de7bd45) took 308.059777ms: PERSISTENT_FETCH
I0828 01:27:12.603765     684 server_lib.cc:1855] Attempting to load component jit__generate_dummy_weights_kernel.1182302940440488484 @ 0 at worker after 1.046888ms (proto size 2456)
I0828 01:27:15.355669     687 server_lib.cc:1855] Attempting to load component jit__identity_fn.4603114223327846555 @ 0 at worker after 943.094us (proto size 2426)
I0828 01:27:15.373536    1292 tpu_chip_config.cc:367] Resolved chip config alias megachip_tccontrol->megacore for 2093c6a02, 
I0828 01:27:15.375478    1292 tpu_chip_config.cc:367] Resolved chip config alias megachip_tccontrol->megacore for 2093c6a02, 
I0828 01:27:15.376871    1292 xla_compilation_cache.cc:113] XLA compilation cache fetch for computation 'jit__generate_dummy_weights_kernel' (key 1b8e338b0ce3bbfe) took 2.773114118s: PERSISTENT_FETCH
I0828 01:27:15.667085    1291 tpu_chip_config.cc:367] Resolved chip config alias megachip_tccontrol->megacore for 2093c6a02, 
I0828 01:27:15.668686    1291 tpu_chip_config.cc:367] Resolved chip config alias megachip_tccontrol->megacore for 2093c6a02, 
I0828 01:27:15.669432    1291 xla_compilation_cache.cc:113] XLA compilation cache fetch for computation 'jit__identity_fn' (key 7f60c111408dd9eb) took 313.772131ms: PERSISTENT_FETCH
I0828 01:27:21.668761     738 server_lib.cc:1855] Attempting to load component jit__generate_dummy_weights_kernel.5734983100396399931 @ 0 at worker after 3.361814ms (proto size 2451)
I0828 01:27:21.965671     738 server_lib.cc:1855] Attempting to load component jit__identity_fn.12199592962835258961 @ 0 at worker after 2.90775ms (proto size 2417)
I0828 01:27:21.983683    1291 tpu_chip_config.cc:367] Resolved chip config alias megachip_tccontrol->megacore for 2093c6a02, 
I0828 01:27:21.985388    1291 tpu_chip_config.cc:367] Resolved chip config alias megachip_tccontrol->megacore for 2093c6a02, 
I0828 01:27:21.986642    1291 xla_compilation_cache.cc:113] XLA compilation cache fetch for computation 'jit__generate_dummy_weights_kernel' (key f91ad6bc5fa5a293) took 317.891192ms: PERSISTENT_FETCH
I0828 01:27:22.231373    1292 tpu_chip_config.cc:367] Resolved chip config alias megachip_tccontrol->megacore for 2093c6a02, 
I0828 01:27:22.233312    1292 tpu_chip_config.cc:367] Resolved chip config alias megachip_tccontrol->megacore for 2093c6a02, 
I0828 01:27:22.234151    1292 xla_compilation_cache.cc:113] XLA compilation cache fetch for computation 'jit__identity_fn' (key f84d675e12ac2f75) took 268.497316ms: PERSISTENT_FETCH
I0828 01:27:22.309080    1808 server_lib.cc:1855] Attempting to load component jit__generate_dummy_weights_kernel.5734983100396400479 @ 0 at worker after 1.202607ms (proto size 2455)
I0828 01:27:23.070151    1808 server_lib.cc:1855] Attempting to load component jit__identity_fn.12199592962835258452 @ 0 at worker after 1.221126ms (proto size 2424)
I0828 01:27:23.085793    1292 tpu_chip_config.cc:367] Resolved chip config alias megachip_tccontrol->megacore for 2093c6a02, 
I0828 01:27:23.087541    1292 tpu_chip_config.cc:367] Resolved chip config alias megachip_tccontrol->megacore for 2093c6a02, 
I0828 01:27:23.088958    1292 xla_compilation_cache.cc:113] XLA compilation cache fetch for computation 'jit__generate_dummy_weights_kernel' (key 981da1a85e6889e9) took 779.886122ms: PERSISTENT_FETCH
I0828 01:27:23.360121    1291 tpu_chip_config.cc:367] Resolved chip config alias megachip_tccontrol->megacore for 2093c6a02, 
I0828 01:27:23.361834    1291 tpu_chip_config.cc:367] Resolved chip config alias megachip_tccontrol->megacore for 2093c6a02, 
I0828 01:27:23.362672    1291 xla_compilation_cache.cc:113] XLA compilation cache fetch for computation 'jit__identity_fn' (key f67e1c879650234) took 292.530879ms: PERSISTENT_FETCH
I0828 01:27:23.879981     712 server_lib.cc:1855] Attempting to load component jit__generate_dummy_weights_kernel.12199592962835256408 @ 0 at worker after 81.071443ms (proto size 2456)
I0828 01:27:24.643263     684 server_lib.cc:1855] Attempting to load component jit__identity_fn.927922527692928068 @ 0 at worker after 1.027537ms (proto size 2423)
I0828 01:27:24.665961    1291 tpu_chip_config.cc:367] Resolved chip config alias megachip_tccontrol->megacore for 2093c6a02, 
I0828 01:27:24.667737    1291 tpu_chip_config.cc:367] Resolved chip config alias megachip_tccontrol->megacore for 2093c6a02, 
I0828 01:27:24.669147    1291 xla_compilation_cache.cc:113] XLA compilation cache fetch for computation 'jit__generate_dummy_weights_kernel' (key 4fef04fbac84fc15) took 789.176874ms: PERSISTENT_FETCH
I0828 01:27:24.922355    1292 tpu_chip_config.cc:367] Resolved chip config alias megachip_tccontrol->megacore for 2093c6a02, 
I0828 01:27:24.923873    1292 tpu_chip_config.cc:367] Resolved chip config alias megachip_tccontrol->megacore for 2093c6a02, 
I0828 01:27:24.924623    1292 xla_compilation_cache.cc:113] XLA compilation cache fetch for computation 'jit__identity_fn' (key 5c00628241b2c668) took 281.368059ms: PERSISTENT_FETCH
I0828 01:27:26.579386     738 server_lib.cc:1855] Attempting to load component jit__generate_dummy_weights_kernel.934836157317376361 @ 0 at worker after 2.93496ms (proto size 2449)
I0828 01:27:26.846636     738 server_lib.cc:1855] Attempting to load component jit__identity_fn.4603114223327847694 @ 0 at worker after 895.063us (proto size 2415)
I0828 01:27:26.862568    1292 tpu_chip_config.cc:367] Resolved chip config alias megachip_tccontrol->megacore for 2093c6a02, 
I0828 01:27:26.864289    1292 tpu_chip_config.cc:367] Resolved chip config alias megachip_tccontrol->megacore for 2093c6a02, 
I0828 01:27:26.865494    1292 xla_compilation_cache.cc:113] XLA compilation cache fetch for computation 'jit__generate_dummy_weights_kernel' (key 185fbfb2f63b33f) took 286.121029ms: PERSISTENT_FETCH
I0828 01:27:27.057026    1291 tpu_chip_config.cc:367] Resolved chip config alias megachip_tccontrol->megacore for 2093c6a02, 
I0828 01:27:27.058526    1291 tpu_chip_config.cc:367] Resolved chip config alias megachip_tccontrol->megacore for 2093c6a02, 
I0828 01:27:27.059323    1291 xla_compilation_cache.cc:113] XLA compilation cache fetch for computation 'jit__identity_fn' (key b3249a0c70d8aca) took 212.694569ms: PERSISTENT_FETCH
I0828 01:27:27.070931     712 server_lib.cc:1855] Attempting to load component jit__generate_dummy_weights_kernel.934836157317376165 @ 0 at worker after 923.354us (proto size 2457)
I0828 01:27:27.883346     712 server_lib.cc:1855] Attempting to load component jit__identity_fn.4603114223327848833 @ 0 at worker after 977.184us (proto size 2430)
I0828 01:27:27.908437    1291 tpu_chip_config.cc:367] Resolved chip config alias megachip_tccontrol->megacore for 2093c6a02, 
I0828 01:27:27.910004    1291 tpu_chip_config.cc:367] Resolved chip config alias megachip_tccontrol->megacore for 2093c6a02, 
I0828 01:27:27.911339    1291 xla_compilation_cache.cc:113] XLA compilation cache fetch for computation 'jit__generate_dummy_weights_kernel' (key 8c6275e7a6764211) took 840.418852ms: PERSISTENT_FETCH
I0828 01:27:28.127581    1292 tpu_chip_config.cc:367] Resolved chip config alias megachip_tccontrol->megacore for 2093c6a02, 
I0828 01:27:28.129031    1292 tpu_chip_config.cc:367] Resolved chip config alias megachip_tccontrol->megacore for 2093c6a02, 
I0828 01:27:28.129744    1292 xla_compilation_cache.cc:113] XLA compilation cache fetch for computation 'jit__identity_fn' (key d22f885db409d994) took 246.404427ms: PERSISTENT_FETCH
I0828 01:27:28.308233     705 server_lib.cc:1855] Attempting to load component jit__generate_dummy_weights_kernel.6352734331901558599 @ 0 at worker after 999.448us (proto size 2458)
I0828 01:27:29.303763     705 server_lib.cc:1855] Attempting to load component jit__identity_fn.12947613028601668327 @ 0 at worker after 853.947us (proto size 2431)
I0828 01:27:29.321187    1292 tpu_chip_config.cc:367] Resolved chip config alias megachip_tccontrol->megacore for 2093c6a02, 
I0828 01:27:29.322911    1292 tpu_chip_config.cc:367] Resolved chip config alias megachip_tccontrol->megacore for 2093c6a02, 
I0828 01:27:29.324253    1292 xla_compilation_cache.cc:113] XLA compilation cache fetch for computation 'jit__generate_dummy_weights_kernel' (key 1f4016e9876dc267) took 1.016026799s: PERSISTENT_FETCH
I0828 01:27:29.561461    1291 tpu_chip_config.cc:367] Resolved chip config alias megachip_tccontrol->megacore for 2093c6a02, 
I0828 01:27:29.562983    1291 tpu_chip_config.cc:367] Resolved chip config alias megachip_tccontrol->megacore for 2093c6a02, 
I0828 01:27:29.563715    1291 xla_compilation_cache.cc:113] XLA compilation cache fetch for computation 'jit__identity_fn' (key 6b48b0d1b914aaef) took 259.957277ms: PERSISTENT_FETCH
I0828 01:27:29.721545     705 server_lib.cc:1855] Attempting to load component jit__generate_dummy_weights_kernel.196317131024093280 @ 0 at worker after 989.313us (proto size 2457)
I0828 01:27:31.025909     705 server_lib.cc:1855] Attempting to load component jit__identity_fn.6352734331901558078 @ 0 at worker after 928.217us (proto size 2430)
I0828 01:27:31.037765    1291 tpu_chip_config.cc:367] Resolved chip config alias megachip_tccontrol->megacore for 2093c6a02, 
I0828 01:27:31.039551    1291 tpu_chip_config.cc:367] Resolved chip config alias megachip_tccontrol->megacore for 2093c6a02, 
I0828 01:27:31.040951    1291 xla_compilation_cache.cc:113] XLA compilation cache fetch for computation 'jit__generate_dummy_weights_kernel' (key f5d0a0a25fa60832) took 1.319413655s: PERSISTENT_FETCH
I0828 01:27:31.291289    1292 tpu_chip_config.cc:367] Resolved chip config alias megachip_tccontrol->megacore for 2093c6a02, 
I0828 01:27:31.292869    1292 tpu_chip_config.cc:367] Resolved chip config alias megachip_tccontrol->megacore for 2093c6a02, 
I0828 01:27:31.293658    1292 xla_compilation_cache.cc:113] XLA compilation cache fetch for computation 'jit__identity_fn' (key 23d76feeb1805f52) took 267.755238ms: PERSISTENT_FETCH
I0828 01:28:54.177078     706 server_lib.cc:1855] Attempting to load component jit_create_jit_model.934836157317377914 @ 0 at worker after 2.018351ms (proto size 22715)
I0828 01:28:55.335469    1292 tpu_chip_config.cc:367] Resolved chip config alias megachip_tccontrol->megacore for 2093c6a02, 
I0828 01:28:55.337558    1292 tpu_chip_config.cc:367] Resolved chip config alias megachip_tccontrol->megacore for 2093c6a02, 
I0828 01:28:55.341685    1292 xla_compilation_cache.cc:113] XLA compilation cache fetch for computation 'jit_create_jit_model' (key 88c011f9e69845d2) took 1.164617383s: PERSISTENT_FETCH
W0828 01:28:56.092046     236 override_grpc_credentials_real.cc:88] Using MLPathways gRPC client credentials override
I0828 01:28:56.173051     744 worker_op_dispatcher.cc:4605] Component is not loaded yet; deferring unload until load completes: jit__generate_dummy_weights_kernel.934836157317376361 @ 0
I0828 01:28:56.173096    1492 server_lib.cc:743] Unloading component jit__generate_dummy_weights_kernel.934836157317376361 @ 0 at worker
I0828 01:28:56.173344     744 worker_op_dispatcher.cc:4605] Component is not loaded yet; deferring unload until load completes: jit__identity_fn.12199592962835258452 @ 0
I0828 01:28:56.173358     744 worker_op_dispatcher.cc:4605] Component is not loaded yet; deferring unload until load completes: jit__generate_dummy_weights_kernel.196317131024093280 @ 0
I0828 01:28:56.173364     744 worker_op_dispatcher.cc:4605] Component is not loaded yet; deferring unload until load completes: jit__identity_fn.4603114223327847694 @ 0
I0828 01:28:56.173371     744 worker_op_dispatcher.cc:4605] Component is not loaded yet; deferring unload until load completes: jit__identity_fn.12947613028601668327 @ 0
I0828 01:28:56.173382    1499 server_lib.cc:743] Unloading component jit__identity_fn.12199592962835258452 @ 0 at worker
I0828 01:28:56.173396    1500 server_lib.cc:743] Unloading component jit__generate_dummy_weights_kernel.196317131024093280 @ 0 at worker
I0828 01:28:56.173412    1492 server_lib.cc:743] Unloading component jit__identity_fn.12947613028601668327 @ 0 at worker
I0828 01:28:56.173411    1497 server_lib.cc:743] Unloading component jit__identity_fn.4603114223327847694 @ 0 at worker
I0828 01:28:56.173564     744 worker_op_dispatcher.cc:4605] Component is not loaded yet; deferring unload until load completes: jit_stage.1182302940440487541 @ 0
I0828 01:28:56.173585     744 worker_op_dispatcher.cc:4605] Component is not loaded yet; deferring unload until load completes: jit__generate_dummy_weights_kernel.5734983100396400479 @ 0
I0828 01:28:56.173593    1499 server_lib.cc:743] Unloading component jit_stage.1182302940440487541 @ 0 at worker
I0828 01:28:56.173605    1498 server_lib.cc:743] Unloading component jit__generate_dummy_weights_kernel.5734983100396400479 @ 0 at worker
I0828 01:28:56.173908     744 worker_op_dispatcher.cc:4605] Component is not loaded yet; deferring unload until load completes: jit__generate_dummy_weights_kernel.1182302940440488484 @ 0
I0828 01:28:56.173917     744 worker_op_dispatcher.cc:4605] Component is not loaded yet; deferring unload until load completes: jit__generate_dummy_weights_kernel.5734983100396399931 @ 0
I0828 01:28:56.173939    1499 server_lib.cc:743] Unloading component jit__generate_dummy_weights_kernel.1182302940440488484 @ 0 at worker
I0828 01:28:56.173951    1500 server_lib.cc:743] Unloading component jit__generate_dummy_weights_kernel.5734983100396399931 @ 0 at worker
I0828 01:28:56.174171     744 worker_op_dispatcher.cc:4605] Component is not loaded yet; deferring unload until load completes: jit__generate_dummy_weights_kernel.12199592962835256408 @ 0
I0828 01:28:56.174180     744 worker_op_dispatcher.cc:4605] Component is not loaded yet; deferring unload until load completes: jit__generate_dummy_weights_kernel.1182302940440487360 @ 0
I0828 01:28:56.174186     744 worker_op_dispatcher.cc:4605] Component is not loaded yet; deferring unload until load completes: jit__generate_dummy_weights_kernel.934836157317376165 @ 0
I0828 01:28:56.174192     744 worker_op_dispatcher.cc:4605] Component is not loaded yet; deferring unload until load completes: jit__identity_fn.4603114223327849512 @ 0
I0828 01:28:56.174199     744 worker_op_dispatcher.cc:4605] Component is not loaded yet; deferring unload until load completes: jit__identity_fn.927922527692928068 @ 0
I0828 01:28:56.174206     744 worker_op_dispatcher.cc:4605] Component is not loaded yet; deferring unload until load completes: jit__identity_fn.4603114223327846555 @ 0
I0828 01:28:56.174206    1499 server_lib.cc:743] Unloading component jit__generate_dummy_weights_kernel.1182302940440487360 @ 0 at worker
I0828 01:28:56.174207    1497 server_lib.cc:743] Unloading component jit__generate_dummy_weights_kernel.12199592962835256408 @ 0 at worker
I0828 01:28:56.174208    1498 server_lib.cc:743] Unloading component jit__generate_dummy_weights_kernel.934836157317376165 @ 0 at worker
I0828 01:28:56.174220    1492 server_lib.cc:743] Unloading component jit__identity_fn.4603114223327846555 @ 0 at worker
I0828 01:28:56.174223    1500 server_lib.cc:743] Unloading component jit__identity_fn.927922527692928068 @ 0 at worker
I0828 01:28:56.174234     744 worker_op_dispatcher.cc:4605] Component is not loaded yet; deferring unload until load completes: jit__identity_fn.4603114223327848833 @ 0
I0828 01:28:56.174232    1495 server_lib.cc:743] Unloading component jit__identity_fn.4603114223327849512 @ 0 at worker
I0828 01:28:56.174246     744 worker_op_dispatcher.cc:4605] Component is not loaded yet; deferring unload until load completes: jit__identity_fn.12199592962835258961 @ 0
I0828 01:28:56.174256     744 worker_op_dispatcher.cc:4605] Component is not loaded yet; deferring unload until load completes: jit__identity_fn.6352734331901558078 @ 0
I0828 01:28:56.174258    1492 server_lib.cc:743] Unloading component jit__identity_fn.4603114223327848833 @ 0 at worker
I0828 01:28:56.174265     744 worker_op_dispatcher.cc:4605] Component is not loaded yet; deferring unload until load completes: jit__threefry_seed.4603114223327848373 @ 0
I0828 01:28:56.174269    1498 server_lib.cc:743] Unloading component jit__identity_fn.12199592962835258961 @ 0 at worker
I0828 01:28:56.174271    1495 server_lib.cc:743] Unloading component jit__identity_fn.6352734331901558078 @ 0 at worker
I0828 01:28:56.174285    1500 server_lib.cc:743] Unloading component jit__threefry_seed.4603114223327848373 @ 0 at worker
I0828 01:28:56.174335     744 worker_op_dispatcher.cc:4605] Component is not loaded yet; deferring unload until load completes: jit__generate_dummy_weights_kernel.6352734331901558599 @ 0
I0828 01:28:56.174365    1500 server_lib.cc:743] Unloading component jit__generate_dummy_weights_kernel.6352734331901558599 @ 0 at worker
I0828 01:28:56.373449     744 worker_op_dispatcher.cc:4605] Component is not loaded yet; deferring unload until load completes: jit_create_jit_model.934836157317377914 @ 0
I0828 01:28:56.373487    1494 server_lib.cc:743] Unloading component jit_create_jit_model.934836157317377914 @ 0 at worker
I0828 01:28:58.720281     738 server_lib.cc:1855] Attempting to load component jit_sample.934836157317377326 @ 0 at worker after 1.083116ms (proto size 2532)
I0828 01:29:03.325261    1292 tpu_chip_config.cc:367] Resolved chip config alias megachip_tccontrol->megacore for 2093c6a02, 
I0828 01:29:03.327671    1292 tpu_chip_config.cc:367] Resolved chip config alias megachip_tccontrol->megacore for 2093c6a02, 
I0828 01:29:03.330193    1292 xla_compilation_cache.cc:113] XLA compilation cache fetch for computation 'jit_sample' (key 8ca65ded2b632890) took 4.609924141s: PERSISTENT_FETCH
I0828 01:29:03.571860     738 server_lib.cc:1855] Attempting to load component jit_sample.196317131024095001 @ 0 at worker after 1.066879ms (proto size 2532)
I0828 01:29:08.060951    1799 server_lib.cc:1855] Attempting to load component jit_sample.927922527692929671 @ 0 at worker after 941.522us (proto size 2451)
I0828 01:29:08.071346    1292 tpu_chip_config.cc:367] Resolved chip config alias megachip_tccontrol->megacore for 2093c6a02, 
I0828 01:29:08.073946    1292 tpu_chip_config.cc:367] Resolved chip config alias megachip_tccontrol->megacore for 2093c6a02, 
I0828 01:29:08.076319    1292 xla_compilation_cache.cc:113] XLA compilation cache fetch for computation 'jit_sample' (key f0f8eeaade6ee0d0) took 4.504471001s: PERSISTENT_FETCH
I0828 01:29:08.364216    1291 tpu_chip_config.cc:367] Resolved chip config alias megachip_tccontrol->megacore for 2093c6a02, 
I0828 01:29:08.365799    1291 tpu_chip_config.cc:367] Resolved chip config alias megachip_tccontrol->megacore for 2093c6a02, 
I0828 01:29:08.366876    1291 xla_compilation_cache.cc:113] XLA compilation cache fetch for computation 'jit_sample' (key 8bbe81b54df65ed4) took 305.939782ms: PERSISTENT_FETCH
I0828 01:29:08.369169     712 server_lib.cc:1855] Attempting to load component jit_sample.196317131024094005 @ 0 at worker after 963.53us (proto size 2451)
I0828 01:29:08.662960    1291 tpu_chip_config.cc:367] Resolved chip config alias megachip_tccontrol->megacore for 2093c6a02, 
I0828 01:29:08.664448    1291 tpu_chip_config.cc:367] Resolved chip config alias megachip_tccontrol->megacore for 2093c6a02, 
I0828 01:29:08.665469    1291 xla_compilation_cache.cc:113] XLA compilation cache fetch for computation 'jit_sample' (key f3af4f358579ccdb) took 296.312188ms: PERSISTENT_FETCH
I0828 01:29:09.562501     686 server_lib.cc:1855] Attempting to load component jit_sample.934836157317377321 @ 0 at worker after 1.124093ms (proto size 2532)
I0828 01:29:11.310512    1291 tpu_chip_config.cc:367] Resolved chip config alias megachip_tccontrol->megacore for 2093c6a02, 
I0828 01:29:11.313184    1291 tpu_chip_config.cc:367] Resolved chip config alias megachip_tccontrol->megacore for 2093c6a02, 
I0828 01:29:11.315491    1291 xla_compilation_cache.cc:113] XLA compilation cache fetch for computation 'jit_sample' (key b812dc6371933ca3) took 1.75300506s: PERSISTENT_FETCH
I0828 01:29:11.381434    1808 server_lib.cc:1855] Attempting to load component jit_sample.12947613028601670395 @ 0 at worker after 1.021774ms (proto size 2533)
I0828 01:29:13.242246     687 server_lib.cc:1855] Attempting to load component jit_sample.934836157317374587 @ 0 at worker after 993.62us (proto size 2451)
I0828 01:29:13.253514    1291 tpu_chip_config.cc:367] Resolved chip config alias megachip_tccontrol->megacore for 2093c6a02, 
I0828 01:29:13.255867    1291 tpu_chip_config.cc:367] Resolved chip config alias megachip_tccontrol->megacore for 2093c6a02, 
I0828 01:29:13.258163    1291 xla_compilation_cache.cc:113] XLA compilation cache fetch for computation 'jit_sample' (key 135f005f5d69a51) took 1.876741991s: PERSISTENT_FETCH
I0828 01:29:13.540939     686 server_lib.cc:1855] Attempting to load component jit_sample.12947613028601670935 @ 0 at worker after 970.267us (proto size 2453)
I0828 01:29:13.542688    1292 tpu_chip_config.cc:367] Resolved chip config alias megachip_tccontrol->megacore for 2093c6a02, 
I0828 01:29:13.544285    1292 tpu_chip_config.cc:367] Resolved chip config alias megachip_tccontrol->megacore for 2093c6a02, 
I0828 01:29:13.545350    1292 xla_compilation_cache.cc:113] XLA compilation cache fetch for computation 'jit_sample' (key 417c7ca330603b6d) took 303.116329ms: PERSISTENT_FETCH
I0828 01:29:13.830915    1291 tpu_chip_config.cc:367] Resolved chip config alias megachip_tccontrol->megacore for 2093c6a02, 
I0828 01:29:13.832384    1291 tpu_chip_config.cc:367] Resolved chip config alias megachip_tccontrol->megacore for 2093c6a02, 
I0828 01:29:13.833380    1291 xla_compilation_cache.cc:113] XLA compilation cache fetch for computation 'jit_sample' (key 6bc1c57bf64bacdc) took 292.453504ms: PERSISTENT_FETCH
I0828 01:29:14.547988    1800 server_lib.cc:1855] Attempting to load component jit_sample.934836157317376924 @ 0 at worker after 1.293803ms (proto size 2532)
I0828 01:29:16.370993    1291 tpu_chip_config.cc:367] Resolved chip config alias megachip_tccontrol->megacore for 2093c6a02, 
I0828 01:29:16.373281    1291 tpu_chip_config.cc:367] Resolved chip config alias megachip_tccontrol->megacore for 2093c6a02, 
I0828 01:29:16.375555    1291 xla_compilation_cache.cc:113] XLA compilation cache fetch for computation 'jit_sample' (key 9ffccc97f619c6b0) took 1.827576574s: PERSISTENT_FETCH
I0828 01:29:16.420078    1800 server_lib.cc:1855] Attempting to load component jit_sample.196317131024097052 @ 0 at worker after 1.030265ms (proto size 2532)
I0828 01:29:18.124897     716 server_lib.cc:1855] Attempting to load component jit_sample.934836157317375165 @ 0 at worker after 912.306us (proto size 2451)
I0828 01:29:18.131834    1291 tpu_chip_config.cc:367] Resolved chip config alias megachip_tccontrol->megacore for 2093c6a02, 
I0828 01:29:18.134077    1291 tpu_chip_config.cc:367] Resolved chip config alias megachip_tccontrol->megacore for 2093c6a02, 
I0828 01:29:18.136334    1291 xla_compilation_cache.cc:113] XLA compilation cache fetch for computation 'jit_sample' (key f0bd8c5eeac5cda3) took 1.71626771s: PERSISTENT_FETCH
I0828 01:29:18.405104     716 server_lib.cc:1855] Attempting to load component jit_sample.196317131024096056 @ 0 at worker after 910.685us (proto size 2451)
I0828 01:29:18.408525    1292 tpu_chip_config.cc:367] Resolved chip config alias megachip_tccontrol->megacore for 2093c6a02, 
I0828 01:29:18.410024    1292 tpu_chip_config.cc:367] Resolved chip config alias megachip_tccontrol->megacore for 2093c6a02, 
I0828 01:29:18.411013    1292 xla_compilation_cache.cc:113] XLA compilation cache fetch for computation 'jit_sample' (key c285718a4df3f534) took 286.126253ms: PERSISTENT_FETCH
I0828 01:29:18.685483    1291 tpu_chip_config.cc:367] Resolved chip config alias megachip_tccontrol->megacore for 2093c6a02, 
I0828 01:29:18.686957    1291 tpu_chip_config.cc:367] Resolved chip config alias megachip_tccontrol->megacore for 2093c6a02, 
I0828 01:29:18.687898    1291 xla_compilation_cache.cc:113] XLA compilation cache fetch for computation 'jit_sample' (key 41cd10a205686f16) took 282.800523ms: PERSISTENT_FETCH
I0828 01:29:19.398810     687 server_lib.cc:1855] Attempting to load component jit_sample.12947613028601670349 @ 0 at worker after 882.377us (proto size 2534)
I0828 01:29:23.396932    1291 tpu_chip_config.cc:367] Resolved chip config alias megachip_tccontrol->megacore for 2093c6a02, 
I0828 01:29:23.399308    1291 tpu_chip_config.cc:367] Resolved chip config alias megachip_tccontrol->megacore for 2093c6a02, 
I0828 01:29:23.401762    1291 xla_compilation_cache.cc:113] XLA compilation cache fetch for computation 'jit_sample' (key 81e91992f41fad3a) took 4.002962252s: PERSISTENT_FETCH
I0828 01:29:23.442485     687 server_lib.cc:1855] Attempting to load component jit_sample.5622832922158732690 @ 0 at worker after 1.103923ms (proto size 2533)
I0828 01:29:27.348949    1800 server_lib.cc:1855] Attempting to load component jit_sample.934836157317374577 @ 0 at worker after 898.118us (proto size 2451)
I0828 01:29:27.365255    1291 tpu_chip_config.cc:367] Resolved chip config alias megachip_tccontrol->megacore for 2093c6a02, 
I0828 01:29:27.367634    1291 tpu_chip_config.cc:367] Resolved chip config alias megachip_tccontrol->megacore for 2093c6a02, 
I0828 01:29:27.370050    1291 xla_compilation_cache.cc:113] XLA compilation cache fetch for computation 'jit_sample' (key 55e97baaf4de9127) took 3.927576859s: PERSISTENT_FETCH
I0828 01:29:27.629169     686 server_lib.cc:1855] Attempting to load component jit_sample.5622832922158733942 @ 0 at worker after 877.869us (proto size 2452)
I0828 01:29:27.632175    1292 tpu_chip_config.cc:367] Resolved chip config alias megachip_tccontrol->megacore for 2093c6a02, 
I0828 01:29:27.633821    1292 tpu_chip_config.cc:367] Resolved chip config alias megachip_tccontrol->megacore for 2093c6a02, 
I0828 01:29:27.634839    1292 xla_compilation_cache.cc:113] XLA compilation cache fetch for computation 'jit_sample' (key cad3724e6792e781) took 285.902783ms: PERSISTENT_FETCH
I0828 01:29:27.906820    1291 tpu_chip_config.cc:367] Resolved chip config alias megachip_tccontrol->megacore for 2093c6a02, 
I0828 01:29:27.908284    1291 tpu_chip_config.cc:367] Resolved chip config alias megachip_tccontrol->megacore for 2093c6a02, 
I0828 01:29:27.909280    1291 xla_compilation_cache.cc:113] XLA compilation cache fetch for computation 'jit_sample' (key 84e6ca17adc0ba64) took 280.120058ms: PERSISTENT_FETCH
I0828 01:29:28.635813     738 server_lib.cc:1855] Attempting to load component jit_sample.5622832922158733289 @ 0 at worker after 950.557us (proto size 2539)
I0828 01:29:37.176675    1291 tpu_chip_config.cc:367] Resolved chip config alias megachip_tccontrol->megacore for 2093c6a02, 
I0828 01:29:37.179080    1291 tpu_chip_config.cc:367] Resolved chip config alias megachip_tccontrol->megacore for 2093c6a02, 
I0828 01:29:37.181615    1291 xla_compilation_cache.cc:113] XLA compilation cache fetch for computation 'jit_sample' (key 88c71077ff855469) took 8.545811697s: PERSISTENT_FETCH
I0828 01:29:37.228876     738 server_lib.cc:1855] Attempting to load component jit_sample.5622832922158733262 @ 0 at worker after 1.369652ms (proto size 2539)
I0828 01:29:46.105837    1799 server_lib.cc:1855] Attempting to load component jit_sample.12947613028601669763 @ 0 at worker after 1.002215ms (proto size 2456)
I0828 01:29:46.118968    1291 tpu_chip_config.cc:367] Resolved chip config alias megachip_tccontrol->megacore for 2093c6a02, 
I0828 01:29:46.121347    1291 tpu_chip_config.cc:367] Resolved chip config alias megachip_tccontrol->megacore for 2093c6a02, 
I0828 01:29:46.123779    1291 xla_compilation_cache.cc:113] XLA compilation cache fetch for computation 'jit_sample' (key df77cab55c23f227) took 8.894916335s: PERSISTENT_FETCH
I0828 01:29:46.413667    1808 server_lib.cc:1855] Attempting to load component jit_sample.5622832922158734514 @ 0 at worker after 912.525us (proto size 2455)
I0828 01:29:46.416398    1292 tpu_chip_config.cc:367] Resolved chip config alias megachip_tccontrol->megacore for 2093c6a02, 
I0828 01:29:46.417963    1292 tpu_chip_config.cc:367] Resolved chip config alias megachip_tccontrol->megacore for 2093c6a02, 
I0828 01:29:46.418971    1292 xla_compilation_cache.cc:113] XLA compilation cache fetch for computation 'jit_sample' (key 19b226d06d7ae79f) took 313.147644ms: PERSISTENT_FETCH
I0828 01:29:46.712863    1291 tpu_chip_config.cc:367] Resolved chip config alias megachip_tccontrol->megacore for 2093c6a02, 
I0828 01:29:46.714316    1291 tpu_chip_config.cc:367] Resolved chip config alias megachip_tccontrol->megacore for 2093c6a02, 
I0828 01:29:46.715292    1291 xla_compilation_cache.cc:113] XLA compilation cache fetch for computation 'jit_sample' (key 4880062ed2170df0) took 301.635204ms: PERSISTENT_FETCH
I0828 01:29:47.449970    1800 server_lib.cc:1855] Attempting to load component jit_sample.927922527692929046 @ 0 at worker after 929.866us (proto size 2538)
I0828 01:29:49.152114    1291 tpu_chip_config.cc:367] Resolved chip config alias megachip_tccontrol->megacore for 2093c6a02, 
I0828 01:29:49.154404    1291 tpu_chip_config.cc:367] Resolved chip config alias megachip_tccontrol->megacore for 2093c6a02, 
I0828 01:29:49.156819    1291 xla_compilation_cache.cc:113] XLA compilation cache fetch for computation 'jit_sample' (key 65208d384e2156f8) took 1.706858404s: PERSISTENT_FETCH
I0828 01:29:49.199041    1808 server_lib.cc:1855] Attempting to load component jit_sample.5622832922158731330 @ 0 at worker after 1.150129ms (proto size 2539)
I0828 01:29:50.998789     738 server_lib.cc:1855] Attempting to load component jit_sample.927922527692926981 @ 0 at worker after 1.048985ms (proto size 2454)
I0828 01:29:51.001880    1291 tpu_chip_config.cc:367] Resolved chip config alias megachip_tccontrol->megacore for 2093c6a02, 
I0828 01:29:51.004113    1291 tpu_chip_config.cc:367] Resolved chip config alias megachip_tccontrol->megacore for 2093c6a02, 
I0828 01:29:51.006540    1291 xla_compilation_cache.cc:113] XLA compilation cache fetch for computation 'jit_sample' (key 244527b236a25d54) took 1.807510693s: PERSISTENT_FETCH
I0828 01:29:51.362434    1292 tpu_chip_config.cc:367] Resolved chip config alias megachip_tccontrol->megacore for 2093c6a02, 
I0828 01:29:51.363770    1800 server_lib.cc:1855] Attempting to load component jit_sample.5622832922158732582 @ 0 at worker after 1.079428ms (proto size 2454)
I0828 01:29:51.364102    1292 tpu_chip_config.cc:367] Resolved chip config alias megachip_tccontrol->megacore for 2093c6a02, 
I0828 01:29:51.365104    1292 xla_compilation_cache.cc:113] XLA compilation cache fetch for computation 'jit_sample' (key f99975a472fb6480) took 366.326423ms: PERSISTENT_FETCH
I0828 01:29:51.728126    1291 tpu_chip_config.cc:367] Resolved chip config alias megachip_tccontrol->megacore for 2093c6a02, 
I0828 01:29:51.729715    1291 tpu_chip_config.cc:367] Resolved chip config alias megachip_tccontrol->megacore for 2093c6a02, 
I0828 01:29:51.730733    1291 xla_compilation_cache.cc:113] XLA compilation cache fetch for computation 'jit_sample' (key 72aff3bf66536de) took 366.972207ms: PERSISTENT_FETCH
I0828 01:29:51.948551     716 server_lib.cc:1855] Attempting to load component jit_compute_and_gather_logprobs.5622832922158733521 @ 0 at worker after 1.078294ms (proto size 2516)
I0828 01:29:52.278491    1291 tpu_chip_config.cc:367] Resolved chip config alias megachip_tccontrol->megacore for 2093c6a02, 
I0828 01:29:52.280038    1291 tpu_chip_config.cc:367] Resolved chip config alias megachip_tccontrol->megacore for 2093c6a02, 
I0828 01:29:52.281386    1291 xla_compilation_cache.cc:113] XLA compilation cache fetch for computation 'jit_compute_and_gather_logprobs' (key 6686ccce3b69a93e) took 332.843803ms: PERSISTENT_FETCH
I0828 01:29:52.478099     687 server_lib.cc:1855] Attempting to load component jit_compute_and_gather_logprobs.5622832922158734460 @ 0 at worker after 981.673us (proto size 2516)
I0828 01:29:52.832131    1291 tpu_chip_config.cc:367] Resolved chip config alias megachip_tccontrol->megacore for 2093c6a02, 
I0828 01:29:52.833616    1291 tpu_chip_config.cc:367] Resolved chip config alias megachip_tccontrol->megacore for 2093c6a02, 
I0828 01:29:52.835116    1291 xla_compilation_cache.cc:113] XLA compilation cache fetch for computation 'jit_compute_and_gather_logprobs' (key 4c256bbc3e4552aa) took 357.029916ms: PERSISTENT_FETCH
I0828 01:29:53.052413    1800 server_lib.cc:1855] Attempting to load component jit_compute_and_gather_logprobs.5622832922158731303 @ 0 at worker after 1.023767ms (proto size 2516)
I0828 01:29:53.417221    1291 tpu_chip_config.cc:367] Resolved chip config alias megachip_tccontrol->megacore for 2093c6a02, 
I0828 01:29:53.418682    1291 tpu_chip_config.cc:367] Resolved chip config alias megachip_tccontrol->megacore for 2093c6a02, 
I0828 01:29:53.420104    1291 xla_compilation_cache.cc:113] XLA compilation cache fetch for computation 'jit_compute_and_gather_logprobs' (key 86d218ca0758fec4) took 367.701794ms: PERSISTENT_FETCH
I0828 01:29:53.614712    1800 server_lib.cc:1855] Attempting to load component jit_compute_and_gather_logprobs.5622832922158732242 @ 0 at worker after 996.014us (proto size 2516)
I0828 01:29:54.026591    1291 tpu_chip_config.cc:367] Resolved chip config alias megachip_tccontrol->megacore for 2093c6a02, 
I0828 01:29:54.028102    1291 tpu_chip_config.cc:367] Resolved chip config alias megachip_tccontrol->megacore for 2093c6a02, 
I0828 01:29:54.029560    1291 xla_compilation_cache.cc:113] XLA compilation cache fetch for computation 'jit_compute_and_gather_logprobs' (key 47b3d3fd7c7bae3e) took 414.858857ms: PERSISTENT_FETCH
I0828 01:29:54.224765     716 server_lib.cc:1855] Attempting to load component jit_compute_and_gather_logprobs.5622832922158733181 @ 0 at worker after 900.976us (proto size 2521)
I0828 01:29:54.622826    1291 tpu_chip_config.cc:367] Resolved chip config alias megachip_tccontrol->megacore for 2093c6a02, 
I0828 01:29:54.624321    1291 tpu_chip_config.cc:367] Resolved chip config alias megachip_tccontrol->megacore for 2093c6a02, 
I0828 01:29:54.626089    1291 xla_compilation_cache.cc:113] XLA compilation cache fetch for computation 'jit_compute_and_gather_logprobs' (key a05471787de8b594) took 401.332707ms: PERSISTENT_FETCH
I0828 01:29:54.798635    1808 server_lib.cc:1855] Attempting to load component jit_compute_and_gather_logprobs.5622832922158734120 @ 0 at worker after 950.927us (proto size 2521)
I0828 01:29:55.199506    1291 tpu_chip_config.cc:367] Resolved chip config alias megachip_tccontrol->megacore for 2093c6a02, 
I0828 01:29:55.201025    1291 tpu_chip_config.cc:367] Resolved chip config alias megachip_tccontrol->megacore for 2093c6a02, 
I0828 01:29:55.202443    1291 xla_compilation_cache.cc:113] XLA compilation cache fetch for computation 'jit_compute_and_gather_logprobs' (key 5c22c632287b0fb8) took 403.817767ms: PERSISTENT_FETCH
I0828 01:29:55.276751     716 server_lib.cc:1855] Attempting to load component jit_sample.927922527692928978 @ 0 at worker after 1.181449ms (proto size 2532)
I0828 01:29:59.850300    1291 tpu_chip_config.cc:367] Resolved chip config alias megachip_tccontrol->megacore for 2093c6a02, 
I0828 01:29:59.852703    1291 tpu_chip_config.cc:367] Resolved chip config alias megachip_tccontrol->megacore for 2093c6a02, 
I0828 01:29:59.854925    1291 xla_compilation_cache.cc:113] XLA compilation cache fetch for computation 'jit_sample' (key 6d7597711fd46554) took 4.57819082s: PERSISTENT_FETCH
I0828 01:29:59.947722     738 server_lib.cc:1855] Attempting to load component jit_sample.5622832922158735059 @ 0 at worker after 1.289269ms (proto size 2533)
I0828 01:30:04.622165    1291 tpu_chip_config.cc:367] Resolved chip config alias megachip_tccontrol->megacore for 2093c6a02, 
I0828 01:30:04.624672    1291 tpu_chip_config.cc:367] Resolved chip config alias megachip_tccontrol->megacore for 2093c6a02, 
I0828 01:30:04.626976    1291 xla_compilation_cache.cc:113] XLA compilation cache fetch for computation 'jit_sample' (key d5a6aa50a3a99a35) took 4.679265835s: PERSISTENT_FETCH
I0828 01:30:04.790623     686 server_lib.cc:1855] Attempting to load component jit_sample.927922527692927667 @ 0 at worker after 1.181013ms (proto size 2531)
I0828 01:30:06.552141    1291 tpu_chip_config.cc:367] Resolved chip config alias megachip_tccontrol->megacore for 2093c6a02, 
I0828 01:30:06.554400    1291 tpu_chip_config.cc:367] Resolved chip config alias megachip_tccontrol->megacore for 2093c6a02, 
I0828 01:30:06.556689    1291 xla_compilation_cache.cc:113] XLA compilation cache fetch for computation 'jit_sample' (key 5dd36e3702f2675) took 1.766078403s: PERSISTENT_FETCH
I0828 01:30:06.653371    1808 server_lib.cc:1855] Attempting to load component jit_sample.5622832922158732528 @ 0 at worker after 930.563us (proto size 2533)
I0828 01:30:08.341617    1291 tpu_chip_config.cc:367] Resolved chip config alias megachip_tccontrol->megacore for 2093c6a02, 
I0828 01:30:08.344004    1291 tpu_chip_config.cc:367] Resolved chip config alias megachip_tccontrol->megacore for 2093c6a02, 
I0828 01:30:08.346526    1291 xla_compilation_cache.cc:113] XLA compilation cache fetch for computation 'jit_sample' (key 31e6d1cf3bf40799) took 1.693163022s: PERSISTENT_FETCH
I0828 01:30:08.523916    1799 server_lib.cc:1855] Attempting to load component jit_sample.927922527692930452 @ 0 at worker after 1.162609ms (proto size 2532)
I0828 01:30:10.249237    1291 tpu_chip_config.cc:367] Resolved chip config alias megachip_tccontrol->megacore for 2093c6a02, 
I0828 01:30:10.251568    1291 tpu_chip_config.cc:367] Resolved chip config alias megachip_tccontrol->megacore for 2093c6a02, 
I0828 01:30:10.253893    1291 xla_compilation_cache.cc:113] XLA compilation cache fetch for computation 'jit_sample' (key f1f2094601f69d5b) took 1.729988556s: PERSISTENT_FETCH
I0828 01:30:10.395007     712 server_lib.cc:1855] Attempting to load component jit_sample.5622832922158734093 @ 0 at worker after 1.1338ms (proto size 2533)
I0828 01:30:12.146488    1291 tpu_chip_config.cc:367] Resolved chip config alias megachip_tccontrol->megacore for 2093c6a02, 
I0828 01:30:12.149057    1291 tpu_chip_config.cc:367] Resolved chip config alias megachip_tccontrol->megacore for 2093c6a02, 
I0828 01:30:12.151319    1291 xla_compilation_cache.cc:113] XLA compilation cache fetch for computation 'jit_sample' (key 66295e5588d0e22f) took 1.75632873s: PERSISTENT_FETCH
I0828 01:30:12.317644     716 server_lib.cc:1855] Attempting to load component jit_sample.927922527692929141 @ 0 at worker after 1.171668ms (proto size 2532)
I0828 01:30:16.119981    1291 tpu_chip_config.cc:367] Resolved chip config alias megachip_tccontrol->megacore for 2093c6a02, 
I0828 01:30:16.122397    1291 tpu_chip_config.cc:367] Resolved chip config alias megachip_tccontrol->megacore for 2093c6a02, 
I0828 01:30:16.124827    1291 xla_compilation_cache.cc:113] XLA compilation cache fetch for computation 'jit_sample' (key 9b7b64164a5e3a49) took 3.8071905s: PERSISTENT_FETCH
I0828 01:30:16.217888     712 server_lib.cc:1855] Attempting to load component jit_sample.5622832922158731562 @ 0 at worker after 1.009987ms (proto size 2533)
I0828 01:30:20.057472    1291 tpu_chip_config.cc:367] Resolved chip config alias megachip_tccontrol->megacore for 2093c6a02, 
I0828 01:30:20.059905    1291 tpu_chip_config.cc:367] Resolved chip config alias megachip_tccontrol->megacore for 2093c6a02, 
I0828 01:30:20.062317    1291 xla_compilation_cache.cc:113] XLA compilation cache fetch for computation 'jit_sample' (key 4db4fdcd3084e3b6) took 3.844441205s: PERSISTENT_FETCH
I0828 01:30:20.248112     686 server_lib.cc:1855] Attempting to load component jit_sample.927922527692927830 @ 0 at worker after 1.131672ms (proto size 2538)
I0828 01:30:28.942470    1291 tpu_chip_config.cc:367] Resolved chip config alias megachip_tccontrol->megacore for 2093c6a02, 
I0828 01:30:28.944846    1291 tpu_chip_config.cc:367] Resolved chip config alias megachip_tccontrol->megacore for 2093c6a02, 
I0828 01:30:28.947283    1291 xla_compilation_cache.cc:113] XLA compilation cache fetch for computation 'jit_sample' (key a6d45bee867de68c) took 8.699181207s: PERSISTENT_FETCH
I0828 01:30:29.060492    1800 server_lib.cc:1855] Attempting to load component jit_sample.5622832922158733127 @ 0 at worker after 1.116082ms (proto size 2539)
I0828 01:30:37.745225    1291 tpu_chip_config.cc:367] Resolved chip config alias megachip_tccontrol->megacore for 2093c6a02, 
I0828 01:30:37.747632    1291 tpu_chip_config.cc:367] Resolved chip config alias megachip_tccontrol->megacore for 2093c6a02, 
I0828 01:30:37.750489    1291 xla_compilation_cache.cc:113] XLA compilation cache fetch for computation 'jit_sample' (key bb71570e3b10f4e1) took 8.690010218s: PERSISTENT_FETCH
I0828 01:30:37.915940    1799 server_lib.cc:1855] Attempting to load component jit_sample.927922527692930615 @ 0 at worker after 1.129284ms (proto size 2538)
I0828 01:30:39.619317    1291 tpu_chip_config.cc:367] Resolved chip config alias megachip_tccontrol->megacore for 2093c6a02, 
I0828 01:30:39.621686    1291 tpu_chip_config.cc:367] Resolved chip config alias megachip_tccontrol->megacore for 2093c6a02, 
I0828 01:30:39.624245    1291 xla_compilation_cache.cc:113] XLA compilation cache fetch for computation 'jit_sample' (key 3c5cf0203fa232ca) took 1.708318854s: PERSISTENT_FETCH
I0828 01:30:39.715140     716 server_lib.cc:1855] Attempting to load component jit_sample.5622832922158734692 @ 0 at worker after 1.030889ms (proto size 2539)
I0828 01:30:41.588417    1291 tpu_chip_config.cc:367] Resolved chip config alias megachip_tccontrol->megacore for 2093c6a02, 
I0828 01:30:41.590743    1291 tpu_chip_config.cc:367] Resolved chip config alias megachip_tccontrol->megacore for 2093c6a02, 
I0828 01:30:41.593453    1291 xla_compilation_cache.cc:113] XLA compilation cache fetch for computation 'jit_sample' (key a5e8ec196a4dcf7e) took 1.878321717s: PERSISTENT_FETCH
I0828 01:30:41.903279    1800 server_lib.cc:1855] Attempting to load component jit__allocate.927922527692928550 @ 0 at worker after 1.071324ms (proto size 2403)
I0828 01:30:42.164447    1291 tpu_chip_config.cc:367] Resolved chip config alias megachip_tccontrol->megacore for 2093c6a02, 
I0828 01:30:42.166050    1291 tpu_chip_config.cc:367] Resolved chip config alias megachip_tccontrol->megacore for 2093c6a02, 
I0828 01:30:42.166821    1291 xla_compilation_cache.cc:113] XLA compilation cache fetch for computation 'jit__allocate' (key 44c937081d7ee1dc) took 263.554165ms: PERSISTENT_FETCH
I0828 01:30:42.974554     716 server_lib.cc:1855] Attempting to load component jit_convert_element_type.927922527692928679 @ 0 at worker after 1.395929ms (proto size 2411)
I0828 01:30:43.076951     744 worker_op_dispatcher.cc:4605] Component is not loaded yet; deferring unload until load completes: jit__allocate.927922527692928550 @ 0
I0828 01:30:43.077000    1499 server_lib.cc:743] Unloading component jit__allocate.927922527692928550 @ 0 at worker
I0828 01:30:43.187583     712 server_lib.cc:1855] Attempting to load component jit_broadcast_in_dim.5622832922158733332 @ 0 at worker after 1.218193ms (proto size 2414)
I0828 01:30:43.204162    1291 tpu_chip_config.cc:367] Resolved chip config alias megachip_tccontrol->megacore for 2093c6a02, 
I0828 01:30:43.205831    1291 tpu_chip_config.cc:367] Resolved chip config alias megachip_tccontrol->megacore for 2093c6a02, 
I0828 01:30:43.206710    1291 xla_compilation_cache.cc:113] XLA compilation cache fetch for computation 'jit_convert_element_type' (key d4bb2065732563ff) took 232.287158ms: PERSISTENT_FETCH
I0828 01:30:43.397152    1292 tpu_chip_config.cc:367] Resolved chip config alias megachip_tccontrol->megacore for 2093c6a02, 
I0828 01:30:43.398726    1292 tpu_chip_config.cc:367] Resolved chip config alias megachip_tccontrol->megacore for 2093c6a02, 
I0828 01:30:43.399464    1292 xla_compilation_cache.cc:113] XLA compilation cache fetch for computation 'jit_broadcast_in_dim' (key 25b2f9a67df5a232) took 212.12166ms: PERSISTENT_FETCH
I0828 01:30:43.426932     716 server_lib.cc:1855] Attempting to load component jit_broadcast_in_dim.927922527692929596 @ 0 at worker after 1.462092ms (proto size 2413)
I0828 01:30:43.650632    1292 tpu_chip_config.cc:367] Resolved chip config alias megachip_tccontrol->megacore for 2093c6a02, 
I0828 01:30:43.652116    1292 tpu_chip_config.cc:367] Resolved chip config alias megachip_tccontrol->megacore for 2093c6a02, 
I0828 01:30:43.652863    1292 xla_compilation_cache.cc:113] XLA compilation cache fetch for computation 'jit_broadcast_in_dim' (key b96b20f1ec0d6adc) took 226.571104ms: PERSISTENT_FETCH
I0828 01:30:43.672422    1800 server_lib.cc:1855] Attempting to load component jit_broadcast_in_dim.934836157317374954 @ 0 at worker after 1.119027ms (proto size 2413)
I0828 01:30:43.887951    1292 tpu_chip_config.cc:367] Resolved chip config alias megachip_tccontrol->megacore for 2093c6a02, 
I0828 01:30:43.889447    1292 tpu_chip_config.cc:367] Resolved chip config alias megachip_tccontrol->megacore for 2093c6a02, 
I0828 01:30:43.890190    1292 xla_compilation_cache.cc:113] XLA compilation cache fetch for computation 'jit_broadcast_in_dim' (key 5043b7c95928295a) took 217.912353ms: PERSISTENT_FETCH
I0828 01:30:52.386509     716 server_lib.cc:1855] Attempting to load component jit_run_model.5622832922158734244 @ 0 at worker after 2.569393ms (proto size 14988)
I0828 01:30:59.739380    1292 tpu_chip_config.cc:367] Resolved chip config alias megachip_tccontrol->megacore for 2093c6a02, 
I0828 01:30:59.752836    1292 tpu_chip_config.cc:367] Resolved chip config alias megachip_tccontrol->megacore for 2093c6a02, 
I0828 01:30:59.775298    1292 xla_compilation_cache.cc:113] XLA compilation cache fetch for computation 'jit_run_model' (key 50a59dc561816da2) took 7.389350864s: PERSISTENT_FETCH
I0828 01:31:00.250879     716 server_lib.cc:1855] Attempting to load component jit_convert_element_type.934836157317377683 @ 0 at worker after 1.121736ms (proto size 2411)
I0828 01:31:00.464067     712 server_lib.cc:1855] Attempting to load component jit_broadcast_in_dim.5622832922158731400 @ 0 at worker after 1.695499ms (proto size 2418)
I0828 01:31:00.472140    1292 tpu_chip_config.cc:367] Resolved chip config alias megachip_tccontrol->megacore for 2093c6a02, 
I0828 01:31:00.473875    1292 tpu_chip_config.cc:367] Resolved chip config alias megachip_tccontrol->megacore for 2093c6a02, 
I0828 01:31:00.474711    1292 xla_compilation_cache.cc:113] XLA compilation cache fetch for computation 'jit_convert_element_type' (key 59d1c8969685192e) took 223.986653ms: PERSISTENT_FETCH
I0828 01:31:00.667060    1291 tpu_chip_config.cc:367] Resolved chip config alias megachip_tccontrol->megacore for 2093c6a02, 
I0828 01:31:00.668562    1291 tpu_chip_config.cc:367] Resolved chip config alias megachip_tccontrol->megacore for 2093c6a02, 
I0828 01:31:00.669339    1291 xla_compilation_cache.cc:113] XLA compilation cache fetch for computation 'jit_broadcast_in_dim' (key d366b23e899b3a47) took 206.029704ms: PERSISTENT_FETCH
I0828 01:31:00.779086     706 server_lib.cc:1855] Attempting to load component jit_broadcast_in_dim.5622832922158732339 @ 0 at worker after 1.162396ms (proto size 2413)
I0828 01:31:00.990804    1291 tpu_chip_config.cc:367] Resolved chip config alias megachip_tccontrol->megacore for 2093c6a02, 
I0828 01:31:00.992394    1291 tpu_chip_config.cc:367] Resolved chip config alias megachip_tccontrol->megacore for 2093c6a02, 
I0828 01:31:00.993218    1291 xla_compilation_cache.cc:113] XLA compilation cache fetch for computation 'jit_broadcast_in_dim' (key 100b3b104a6bf11d) took 214.253187ms: PERSISTENT_FETCH
I0828 01:31:01.022193     712 server_lib.cc:1855] Attempting to load component jit__select_from_array_fn.12947613028601671090 @ 0 at worker after 1.767327ms (proto size 2462)
I0828 01:31:01.248622    1291 tpu_chip_config.cc:367] Resolved chip config alias megachip_tccontrol->megacore for 2093c6a02, 
I0828 01:31:01.250125    1291 tpu_chip_config.cc:367] Resolved chip config alias megachip_tccontrol->megacore for 2093c6a02, 
I0828 01:31:01.250983    1291 xla_compilation_cache.cc:113] XLA compilation cache fetch for computation 'jit__select_from_array_fn' (key e9e885934b9b9299) took 229.648939ms: PERSISTENT_FETCH
I0828 01:31:01.311094     712 server_lib.cc:1855] Attempting to load component jit_broadcast_in_dim.5622832922158734217 @ 0 at worker after 3.048745ms (proto size 2413)
I0828 01:31:01.515483    1291 tpu_chip_config.cc:367] Resolved chip config alias megachip_tccontrol->megacore for 2093c6a02, 
I0828 01:31:01.517013    1291 tpu_chip_config.cc:367] Resolved chip config alias megachip_tccontrol->megacore for 2093c6a02, 
I0828 01:31:01.517747    1291 xla_compilation_cache.cc:113] XLA compilation cache fetch for computation 'jit_broadcast_in_dim' (key f4e81cda2b38261e) took 206.791219ms: PERSISTENT_FETCH
I0828 01:31:01.544109     687 server_lib.cc:1855] Attempting to load component jit__select_from_array_fn.12947613028601667804 @ 0 at worker after 1.827166ms (proto size 2462)
I0828 01:31:01.773104    1291 tpu_chip_config.cc:367] Resolved chip config alias megachip_tccontrol->megacore for 2093c6a02, 
I0828 01:31:01.774622    1291 tpu_chip_config.cc:367] Resolved chip config alias megachip_tccontrol->megacore for 2093c6a02, 
I0828 01:31:01.775483    1291 xla_compilation_cache.cc:113] XLA compilation cache fetch for computation 'jit__select_from_array_fn' (key c5cb47476c24c798) took 232.209859ms: PERSISTENT_FETCH
I0828 01:31:01.832353     716 server_lib.cc:1855] Attempting to load component jit_broadcast_in_dim.12947613028601668344 @ 0 at worker after 1.166992ms (proto size 2413)
I0828 01:31:02.055606    1291 tpu_chip_config.cc:367] Resolved chip config alias megachip_tccontrol->megacore for 2093c6a02, 
I0828 01:31:02.057115    1291 tpu_chip_config.cc:367] Resolved chip config alias megachip_tccontrol->megacore for 2093c6a02, 
I0828 01:31:02.057901    1291 xla_compilation_cache.cc:113] XLA compilation cache fetch for computation 'jit_broadcast_in_dim' (key 2ad77de9d13750a) took 225.660903ms: PERSISTENT_FETCH
I0828 01:31:02.134913    1800 server_lib.cc:1855] Attempting to load component jit__select_from_array_fn.196317131024095449 @ 0 at worker after 1.641064ms (proto size 2460)
I0828 01:31:02.369067    1291 tpu_chip_config.cc:367] Resolved chip config alias megachip_tccontrol->megacore for 2093c6a02, 
I0828 01:31:02.370561    1291 tpu_chip_config.cc:367] Resolved chip config alias megachip_tccontrol->megacore for 2093c6a02, 
I0828 01:31:02.371415    1291 xla_compilation_cache.cc:113] XLA compilation cache fetch for computation 'jit__select_from_array_fn' (key 4ca1b40ae2792f53) took 237.123366ms: PERSISTENT_FETCH
I0828 01:31:02.424039     687 server_lib.cc:1855] Attempting to load component jit_broadcast_in_dim.6111309008459216890 @ 0 at worker after 1.528602ms (proto size 2412)
I0828 01:31:02.622177    1291 tpu_chip_config.cc:367] Resolved chip config alias megachip_tccontrol->megacore for 2093c6a02, 
I0828 01:31:02.623684    1291 tpu_chip_config.cc:367] Resolved chip config alias megachip_tccontrol->megacore for 2093c6a02, 
I0828 01:31:02.624422    1291 xla_compilation_cache.cc:113] XLA compilation cache fetch for computation 'jit_broadcast_in_dim' (key 66516a1f8b9b74e) took 200.51359ms: PERSISTENT_FETCH
I0828 01:31:02.657764     706 server_lib.cc:1855] Attempting to load component jit__select_from_array_fn.196317131024096003 @ 0 at worker after 1.596774ms (proto size 2460)
I0828 01:31:02.893152    1291 tpu_chip_config.cc:367] Resolved chip config alias megachip_tccontrol->megacore for 2093c6a02, 
I0828 01:31:02.894607    1291 tpu_chip_config.cc:367] Resolved chip config alias megachip_tccontrol->megacore for 2093c6a02, 
I0828 01:31:02.895441    1291 xla_compilation_cache.cc:113] XLA compilation cache fetch for computation 'jit__select_from_array_fn' (key 289ec6647e9d5c12) took 238.358751ms: PERSISTENT_FETCH
I0828 01:31:02.950837     738 server_lib.cc:1855] Attempting to load component jit_broadcast_in_dim.934836157317377291 @ 0 at worker after 1.382801ms (proto size 2413)
I0828 01:31:03.156361    1291 tpu_chip_config.cc:367] Resolved chip config alias megachip_tccontrol->megacore for 2093c6a02, 
I0828 01:31:03.157923    1291 tpu_chip_config.cc:367] Resolved chip config alias megachip_tccontrol->megacore for 2093c6a02, 
I0828 01:31:03.158693    1291 xla_compilation_cache.cc:113] XLA compilation cache fetch for computation 'jit_broadcast_in_dim' (key f2fc9cdb65b457ac) took 207.989113ms: PERSISTENT_FETCH
I0828 01:31:03.199078     712 server_lib.cc:1855] Attempting to load component jit__select_from_array_fn.11097614078210886194 @ 0 at worker after 1.758819ms (proto size 2464)
I0828 01:31:03.434183    1291 tpu_chip_config.cc:367] Resolved chip config alias megachip_tccontrol->megacore for 2093c6a02, 
I0828 01:31:03.435677    1291 tpu_chip_config.cc:367] Resolved chip config alias megachip_tccontrol->megacore for 2093c6a02, 
I0828 01:31:03.436532    1291 xla_compilation_cache.cc:113] XLA compilation cache fetch for computation 'jit__select_from_array_fn' (key b939ad4946c9c982) took 238.287411ms: PERSISTENT_FETCH
I0828 01:31:03.515046     738 server_lib.cc:1855] Attempting to load component jit__select_from_array_fn.934836157317374753 @ 0 at worker after 1.031224ms (proto size 2462)
I0828 01:31:03.746607    1291 tpu_chip_config.cc:367] Resolved chip config alias megachip_tccontrol->megacore for 2093c6a02, 
I0828 01:31:03.748117    1291 tpu_chip_config.cc:367] Resolved chip config alias megachip_tccontrol->megacore for 2093c6a02, 
I0828 01:31:03.748970    1291 xla_compilation_cache.cc:113] XLA compilation cache fetch for computation 'jit__select_from_array_fn' (key c2cd37ad1a81624e) took 234.070263ms: PERSISTENT_FETCH
I0828 01:31:03.779331    1808 server_lib.cc:1855] Attempting to load component jit_broadcast_in_dim.196317131024093734 @ 0 at worker after 1.705779ms (proto size 2416)
I0828 01:31:03.986178    1291 tpu_chip_config.cc:367] Resolved chip config alias megachip_tccontrol->megacore for 2093c6a02, 
I0828 01:31:03.987675    1291 tpu_chip_config.cc:367] Resolved chip config alias megachip_tccontrol->megacore for 2093c6a02, 
I0828 01:31:03.988422    1291 xla_compilation_cache.cc:113] XLA compilation cache fetch for computation 'jit_broadcast_in_dim' (key 965c4a493e274da4) took 209.979742ms: PERSISTENT_FETCH
I0828 01:31:04.065428     687 server_lib.cc:1855] Attempting to load component jit_run_compute_logits.196317131024094288 @ 0 at worker after 1.297901ms (proto size 2460)
I0828 01:31:04.473932    1800 server_lib.cc:1855] Attempting to load component jit_broadcast_in_dim.5622832922158735129 @ 0 at worker after 3.524714ms (proto size 2417)
I0828 01:31:04.483203    1291 tpu_chip_config.cc:367] Resolved chip config alias megachip_tccontrol->megacore for 2093c6a02, 
I0828 01:31:04.484758    1291 tpu_chip_config.cc:367] Resolved chip config alias megachip_tccontrol->megacore for 2093c6a02, 
I0828 01:31:04.485690    1291 xla_compilation_cache.cc:113] XLA compilation cache fetch for computation 'jit_run_compute_logits' (key 8e9119890bf3e784) took 420.445523ms: PERSISTENT_FETCH
I0828 01:31:04.688005    1292 tpu_chip_config.cc:367] Resolved chip config alias megachip_tccontrol->megacore for 2093c6a02, 
I0828 01:31:04.689514    1292 tpu_chip_config.cc:367] Resolved chip config alias megachip_tccontrol->megacore for 2093c6a02, 
I0828 01:31:04.690314    1292 xla_compilation_cache.cc:113] XLA compilation cache fetch for computation 'jit_broadcast_in_dim' (key d23cb45776f65df2) took 219.005905ms: PERSISTENT_FETCH
I0828 01:31:04.769184     712 server_lib.cc:1855] Attempting to load component jit_run_compute_logits.934836157317374361 @ 0 at worker after 1.037762ms (proto size 2460)
I0828 01:31:05.186366     712 server_lib.cc:1855] Attempting to load component jit_broadcast_in_dim.196317131024094842 @ 0 at worker after 845.799us (proto size 2415)
I0828 01:31:05.197722    1292 tpu_chip_config.cc:367] Resolved chip config alias megachip_tccontrol->megacore for 2093c6a02, 
I0828 01:31:05.199379    1292 tpu_chip_config.cc:367] Resolved chip config alias megachip_tccontrol->megacore for 2093c6a02, 
I0828 01:31:05.200311    1292 xla_compilation_cache.cc:113] XLA compilation cache fetch for computation 'jit_run_compute_logits' (key f71e89e11ba128fd) took 431.136154ms: PERSISTENT_FETCH
I0828 01:31:05.396696    1291 tpu_chip_config.cc:367] Resolved chip config alias megachip_tccontrol->megacore for 2093c6a02, 
I0828 01:31:05.398217    1291 tpu_chip_config.cc:367] Resolved chip config alias megachip_tccontrol->megacore for 2093c6a02, 
I0828 01:31:05.398982    1291 xla_compilation_cache.cc:113] XLA compilation cache fetch for computation 'jit_broadcast_in_dim' (key f5c720a1e4618ed) took 212.622767ms: PERSISTENT_FETCH
I0828 01:31:05.472541    1800 server_lib.cc:1855] Attempting to load component jit_run_compute_logits.11097614078210885067 @ 0 at worker after 1.05592ms (proto size 2462)
I0828 01:31:05.893513     706 server_lib.cc:1855] Attempting to load component jit_broadcast_in_dim.5622832922158734476 @ 0 at worker after 1.03706ms (proto size 2417)
I0828 01:31:05.909193    1291 tpu_chip_config.cc:367] Resolved chip config alias megachip_tccontrol->megacore for 2093c6a02, 
I0828 01:31:05.910751    1291 tpu_chip_config.cc:367] Resolved chip config alias megachip_tccontrol->megacore for 2093c6a02, 
I0828 01:31:05.911672    1291 xla_compilation_cache.cc:113] XLA compilation cache fetch for computation 'jit_run_compute_logits' (key cd959c4213cf3f98) took 439.140076ms: PERSISTENT_FETCH
I0828 01:31:06.107781    1292 tpu_chip_config.cc:367] Resolved chip config alias megachip_tccontrol->megacore for 2093c6a02, 
I0828 01:31:06.109265    1292 tpu_chip_config.cc:367] Resolved chip config alias megachip_tccontrol->megacore for 2093c6a02, 
I0828 01:31:06.110008    1292 xla_compilation_cache.cc:113] XLA compilation cache fetch for computation 'jit_broadcast_in_dim' (key 2680f3a7c48a66e1) took 216.503231ms: PERSISTENT_FETCH
I0828 01:31:06.181565    1800 server_lib.cc:1855] Attempting to load component jit_run_compute_logits.11097614078210883810 @ 0 at worker after 1.02236ms (proto size 2462)
I0828 01:31:06.585838    1808 server_lib.cc:1855] Attempting to load component jit_broadcast_in_dim.5622832922158732571 @ 0 at worker after 855.997us (proto size 2418)
I0828 01:31:06.599514    1292 tpu_chip_config.cc:367] Resolved chip config alias megachip_tccontrol->megacore for 2093c6a02, 
I0828 01:31:06.601057    1292 tpu_chip_config.cc:367] Resolved chip config alias megachip_tccontrol->megacore for 2093c6a02, 
I0828 01:31:06.601967    1292 xla_compilation_cache.cc:113] XLA compilation cache fetch for computation 'jit_run_compute_logits' (key 89245f9e310088c7) took 420.409345ms: PERSISTENT_FETCH
I0828 01:31:06.792491    1291 tpu_chip_config.cc:367] Resolved chip config alias megachip_tccontrol->megacore for 2093c6a02, 
I0828 01:31:06.793971    1291 tpu_chip_config.cc:367] Resolved chip config alias megachip_tccontrol->megacore for 2093c6a02, 
I0828 01:31:06.794698    1291 xla_compilation_cache.cc:113] XLA compilation cache fetch for computation 'jit_broadcast_in_dim' (key be2e6c56160dc4dd) took 208.869111ms: PERSISTENT_FETCH
I0828 01:31:06.874811     706 server_lib.cc:1855] Attempting to load component jit_run_compute_logits.11097614078210885327 @ 0 at worker after 1.134087ms (proto size 2464)
I0828 01:31:07.279454    1800 server_lib.cc:1855] Attempting to load component jit_broadcast_in_dim.934836157317375919 @ 0 at worker after 1.044473ms (proto size 2417)
I0828 01:31:07.288586    1291 tpu_chip_config.cc:367] Resolved chip config alias megachip_tccontrol->megacore for 2093c6a02, 
I0828 01:31:07.290065    1291 tpu_chip_config.cc:367] Resolved chip config alias megachip_tccontrol->megacore for 2093c6a02, 
I0828 01:31:07.290952    1291 xla_compilation_cache.cc:113] XLA compilation cache fetch for computation 'jit_run_compute_logits' (key 64ab136f8308357d) took 416.148241ms: PERSISTENT_FETCH
I0828 01:31:07.503829    1292 tpu_chip_config.cc:367] Resolved chip config alias megachip_tccontrol->megacore for 2093c6a02, 
I0828 01:31:07.505286    1292 tpu_chip_config.cc:367] Resolved chip config alias megachip_tccontrol->megacore for 2093c6a02, 
I0828 01:31:07.506038    1292 xla_compilation_cache.cc:113] XLA compilation cache fetch for computation 'jit_broadcast_in_dim' (key efaacb8a8a79f3d9) took 226.592169ms: PERSISTENT_FETCH
I0828 01:31:07.591398     706 server_lib.cc:1855] Attempting to load component jit_run_compute_logits.6111309008459215742 @ 0 at worker after 1.172834ms (proto size 2463)
I0828 01:31:08.017028    1292 tpu_chip_config.cc:367] Resolved chip config alias megachip_tccontrol->megacore for 2093c6a02, 
I0828 01:31:08.018558    1292 tpu_chip_config.cc:367] Resolved chip config alias megachip_tccontrol->megacore for 2093c6a02, 
I0828 01:31:08.019553    1292 xla_compilation_cache.cc:113] XLA compilation cache fetch for computation 'jit_run_compute_logits' (key aded5f8d4cb8c118) took 428.161832ms: PERSISTENT_FETCH
I0828 01:31:08.052633    1800 server_lib.cc:1855] Attempting to load component jit_broadcast_in_dim.5622832922158734449 @ 0 at worker after 915.632us (proto size 2413)
I0828 01:31:08.251089    1292 tpu_chip_config.cc:367] Resolved chip config alias megachip_tccontrol->megacore for 2093c6a02, 
I0828 01:31:08.252624    1292 tpu_chip_config.cc:367] Resolved chip config alias megachip_tccontrol->megacore for 2093c6a02, 
I0828 01:31:08.253355    1292 xla_compilation_cache.cc:113] XLA compilation cache fetch for computation 'jit_broadcast_in_dim' (key 33d20e3981d5a07f) took 200.731771ms: PERSISTENT_FETCH
I0828 01:31:08.281707     712 server_lib.cc:1855] Attempting to load component jit_convert_element_type.196317131024095396 @ 0 at worker after 978.099us (proto size 2411)
I0828 01:31:08.478745    1808 server_lib.cc:1855] Attempting to load component jit_broadcast_in_dim.11097614078210884070 @ 0 at worker after 1.119016ms (proto size 2414)
I0828 01:31:08.486148    1292 tpu_chip_config.cc:367] Resolved chip config alias megachip_tccontrol->megacore for 2093c6a02, 
I0828 01:31:08.487619    1292 tpu_chip_config.cc:367] Resolved chip config alias megachip_tccontrol->megacore for 2093c6a02, 
I0828 01:31:08.488374    1292 xla_compilation_cache.cc:113] XLA compilation cache fetch for computation 'jit_convert_element_type' (key d5c00e6d22718312) took 206.676384ms: PERSISTENT_FETCH
I0828 01:31:08.692267    1291 tpu_chip_config.cc:367] Resolved chip config alias megachip_tccontrol->megacore for 2093c6a02, 
I0828 01:31:08.693786    1291 tpu_chip_config.cc:367] Resolved chip config alias megachip_tccontrol->megacore for 2093c6a02, 
I0828 01:31:08.694543    1291 xla_compilation_cache.cc:113] XLA compilation cache fetch for computation 'jit_broadcast_in_dim' (key f1247465310c37c8) took 215.805659ms: PERSISTENT_FETCH
I0828 01:31:08.731492     712 server_lib.cc:1855] Attempting to load component jit_broadcast_in_dim.196317131024097058 @ 0 at worker after 840.913us (proto size 2412)
I0828 01:31:08.936053    1291 tpu_chip_config.cc:367] Resolved chip config alias megachip_tccontrol->megacore for 2093c6a02, 
I0828 01:31:08.937503    1291 tpu_chip_config.cc:367] Resolved chip config alias megachip_tccontrol->megacore for 2093c6a02, 
I0828 01:31:08.938255    1291 xla_compilation_cache.cc:113] XLA compilation cache fetch for computation 'jit_broadcast_in_dim' (key 224c2b3535d0e44d) took 206.770935ms: PERSISTENT_FETCH
I0828 01:31:08.982033     738 server_lib.cc:1855] Attempting to load component jit_broadcast_in_dim.927922527692929005 @ 0 at worker after 896.348us (proto size 2411)
I0828 01:31:09.186045    1291 tpu_chip_config.cc:367] Resolved chip config alias megachip_tccontrol->megacore for 2093c6a02, 
I0828 01:31:09.187476    1291 tpu_chip_config.cc:367] Resolved chip config alias megachip_tccontrol->megacore for 2093c6a02, 
I0828 01:31:09.188209    1291 xla_compilation_cache.cc:113] XLA compilation cache fetch for computation 'jit_broadcast_in_dim' (key e191c21e547053b) took 206.187724ms: PERSISTENT_FETCH
I0828 01:31:09.232656    1799 server_lib.cc:1855] Attempting to load component jit_broadcast_in_dim.5622832922158734055 @ 0 at worker after 886.54us (proto size 2413)
I0828 01:31:09.445216    1291 tpu_chip_config.cc:367] Resolved chip config alias megachip_tccontrol->megacore for 2093c6a02, 
I0828 01:31:09.446748    1291 tpu_chip_config.cc:367] Resolved chip config alias megachip_tccontrol->megacore for 2093c6a02, 
I0828 01:31:09.447485    1291 xla_compilation_cache.cc:113] XLA compilation cache fetch for computation 'jit_broadcast_in_dim' (key e25497f62a106efa) took 214.83694ms: PERSISTENT_FETCH
I0828 01:31:09.487110     712 server_lib.cc:1855] Attempting to load component jit_broadcast_in_dim.5622832922158732123 @ 0 at worker after 937.517us (proto size 2414)
I0828 01:31:09.679888    1291 tpu_chip_config.cc:367] Resolved chip config alias megachip_tccontrol->megacore for 2093c6a02, 
I0828 01:31:09.681417    1291 tpu_chip_config.cc:367] Resolved chip config alias megachip_tccontrol->megacore for 2093c6a02, 
I0828 01:31:09.682177    1291 xla_compilation_cache.cc:113] XLA compilation cache fetch for computation 'jit_broadcast_in_dim' (key 3d54611d484f0764) took 195.073705ms: PERSISTENT_FETCH
I0828 01:31:09.731555     687 server_lib.cc:1855] Attempting to load component jit_broadcast_in_dim.934836157317376105 @ 0 at worker after 939.224us (proto size 2412)
I0828 01:31:09.932372    1291 tpu_chip_config.cc:367] Resolved chip config alias megachip_tccontrol->megacore for 2093c6a02, 
I0828 01:31:09.933844    1291 tpu_chip_config.cc:367] Resolved chip config alias megachip_tccontrol->megacore for 2093c6a02, 
I0828 01:31:09.934600    1291 xla_compilation_cache.cc:113] XLA compilation cache fetch for computation 'jit_broadcast_in_dim' (key 39860bbd69c3e39) took 203.053465ms: PERSISTENT_FETCH
I0828 01:31:10.019186    1799 server_lib.cc:1855] Attempting to load component jit__split_rngs.6111309008459217411 @ 0 at worker after 1.163162ms (proto size 2446)
I0828 01:31:10.331293    1291 tpu_chip_config.cc:367] Resolved chip config alias megachip_tccontrol->megacore for 2093c6a02, 
I0828 01:31:10.332775    1291 tpu_chip_config.cc:367] Resolved chip config alias megachip_tccontrol->megacore for 2093c6a02, 
I0828 01:31:10.334204    1291 xla_compilation_cache.cc:113] XLA compilation cache fetch for computation 'jit__split_rngs' (key b77cd1a483527ab1) took 315.025861ms: PERSISTENT_FETCH
I0828 01:31:18.426885     738 server_lib.cc:1855] Attempting to load component jit__decode_core.927922527692928611 @ 0 at worker after 2.379959ms (proto size 15145)
I0828 01:31:25.435425    1291 tpu_chip_config.cc:367] Resolved chip config alias megachip_tccontrol->megacore for 2093c6a02, 
I0828 01:31:25.443151    1291 tpu_chip_config.cc:367] Resolved chip config alias megachip_tccontrol->megacore for 2093c6a02, 
I0828 01:31:25.468460    1291 xla_compilation_cache.cc:113] XLA compilation cache fetch for computation 'jit__decode_core' (key 9c6aeea7d0b8c0a1) took 7.041591817s: PERSISTENT_FETCH
I0828 01:31:33.833081     712 server_lib.cc:1855] Attempting to load component jit__decode_core.6111309008459216550 @ 0 at worker after 1.987928ms (proto size 15145)
I0828 01:31:40.777518    1291 tpu_chip_config.cc:367] Resolved chip config alias megachip_tccontrol->megacore for 2093c6a02, 
I0828 01:31:40.784941    1291 tpu_chip_config.cc:367] Resolved chip config alias megachip_tccontrol->megacore for 2093c6a02, 
I0828 01:31:40.809695    1291 xla_compilation_cache.cc:113] XLA compilation cache fetch for computation 'jit__decode_core' (key d78a36030e33f6a) took 6.976630354s: PERSISTENT_FETCH
I0828 01:31:49.420049     712 server_lib.cc:1855] Attempting to load component jit__decode_core.927922527692930282 @ 0 at worker after 2.17622ms (proto size 15145)
I0828 01:31:57.612644    1291 tpu_chip_config.cc:367] Resolved chip config alias megachip_tccontrol->megacore for 2093c6a02, 
I0828 01:31:57.620979    1291 tpu_chip_config.cc:367] Resolved chip config alias megachip_tccontrol->megacore for 2093c6a02, 
I0828 01:31:57.647640    1291 xla_compilation_cache.cc:113] XLA compilation cache fetch for computation 'jit__decode_core' (key 4277cd4b243cdf54) took 8.227606355s: PERSISTENT_FETCH
I0828 01:32:04.951955     738 server_lib.cc:1855] Attempting to load component jit__decode_core.6111309008459215689 @ 0 at worker after 2.380694ms (proto size 15146)
I0828 01:32:13.027886    1291 tpu_chip_config.cc:367] Resolved chip config alias megachip_tccontrol->megacore for 2093c6a02, 
I0828 01:32:13.037457    1291 tpu_chip_config.cc:367] Resolved chip config alias megachip_tccontrol->megacore for 2093c6a02, 
I0828 01:32:13.065267    1291 xla_compilation_cache.cc:113] XLA compilation cache fetch for computation 'jit__decode_core' (key 6564dfa844da5aaf) took 8.113330296s: PERSISTENT_FETCH
I0828 01:32:21.660668     712 server_lib.cc:1855] Attempting to load component jit__decode_core.12947613028601668005 @ 0 at worker after 2.127896ms (proto size 15154)
I0828 01:32:29.303276    1291 tpu_chip_config.cc:367] Resolved chip config alias megachip_tccontrol->megacore for 2093c6a02, 
I0828 01:32:29.312896    1291 tpu_chip_config.cc:367] Resolved chip config alias megachip_tccontrol->megacore for 2093c6a02, 
I0828 01:32:29.337507    1291 xla_compilation_cache.cc:113] XLA compilation cache fetch for computation 'jit__decode_core' (key a56eb1e9b4226e95) took 7.676856647s: PERSISTENT_FETCH
I0828 01:32:36.529425     738 server_lib.cc:1855] Attempting to load component jit__decode_core.6111309008459218924 @ 0 at worker after 2.214027ms (proto size 15153)
I0828 01:32:44.622075    1291 tpu_chip_config.cc:367] Resolved chip config alias megachip_tccontrol->megacore for 2093c6a02, 
I0828 01:32:44.631858    1291 tpu_chip_config.cc:367] Resolved chip config alias megachip_tccontrol->megacore for 2093c6a02, 
I0828 01:32:44.656460    1291 xla_compilation_cache.cc:113] XLA compilation cache fetch for computation 'jit__decode_core' (key 2ee5c19ac36e3f22) took 8.127050129s: PERSISTENT_FETCH
I0828 01:32:46.915863     716 server_lib.cc:1855] Attempting to load component jit_convert_element_type.927922527692929528 @ 0 at worker after 1.209034ms (proto size 2441)
I0828 01:32:47.162846     716 server_lib.cc:1855] Attempting to load component jit_convert_element_type.6111309008459216915 @ 0 at worker after 869.358us (proto size 2432)
I0828 01:32:47.177552    1291 tpu_chip_config.cc:367] Resolved chip config alias megachip_tccontrol->megacore for 2093c6a02, 
I0828 01:32:47.179262    1291 tpu_chip_config.cc:367] Resolved chip config alias megachip_tccontrol->megacore for 2093c6a02, 
I0828 01:32:47.180141    1291 xla_compilation_cache.cc:113] XLA compilation cache fetch for computation 'jit_convert_element_type' (key a3198de69802f198) took 264.302743ms: PERSISTENT_FETCH
I0828 01:32:47.362734     716 server_lib.cc:1855] Attempting to load component jit_convert_element_type.927922527692927103 @ 0 at worker after 997.268us (proto size 2431)
I0828 01:32:47.373473    1292 tpu_chip_config.cc:367] Resolved chip config alias megachip_tccontrol->megacore for 2093c6a02, 
I0828 01:32:47.375029    1292 tpu_chip_config.cc:367] Resolved chip config alias megachip_tccontrol->megacore for 2093c6a02, 
I0828 01:32:47.375802    1292 xla_compilation_cache.cc:113] XLA compilation cache fetch for computation 'jit_convert_element_type' (key 8391fcf61242972d) took 212.968412ms: PERSISTENT_FETCH
I0828 01:32:47.568866     716 server_lib.cc:1855] Attempting to load component jit_convert_element_type.6111309008459216054 @ 0 at worker after 1.001422ms (proto size 2445)
I0828 01:32:47.582145    1291 tpu_chip_config.cc:367] Resolved chip config alias megachip_tccontrol->megacore for 2093c6a02, 
I0828 01:32:47.583665    1291 tpu_chip_config.cc:367] Resolved chip config alias megachip_tccontrol->megacore for 2093c6a02, 
I0828 01:32:47.584418    1291 xla_compilation_cache.cc:113] XLA compilation cache fetch for computation 'jit_convert_element_type' (key 8d23742eb7ebcdab) took 221.690209ms: PERSISTENT_FETCH
I0828 01:32:47.800190    1808 server_lib.cc:1855] Attempting to load component jit_convert_element_type.927922527692928774 @ 0 at worker after 1.072607ms (proto size 2445)
I0828 01:32:47.809225    1292 tpu_chip_config.cc:367] Resolved chip config alias megachip_tccontrol->megacore for 2093c6a02, 
I0828 01:32:47.810722    1292 tpu_chip_config.cc:367] Resolved chip config alias megachip_tccontrol->megacore for 2093c6a02, 
I0828 01:32:47.811465    1292 xla_compilation_cache.cc:113] XLA compilation cache fetch for computation 'jit_convert_element_type' (key 6293690a77289c3) took 242.606329ms: PERSISTENT_FETCH
I0828 01:32:48.022662     706 server_lib.cc:1855] Attempting to load component jit_convert_element_type.6111309008459215193 @ 0 at worker after 923.804us (proto size 2446)
I0828 01:32:48.030637    1291 tpu_chip_config.cc:367] Resolved chip config alias megachip_tccontrol->megacore for 2093c6a02, 
I0828 01:32:48.032128    1291 tpu_chip_config.cc:367] Resolved chip config alias megachip_tccontrol->megacore for 2093c6a02, 
I0828 01:32:48.032872    1291 xla_compilation_cache.cc:113] XLA compilation cache fetch for computation 'jit_convert_element_type' (key 345cb12078fdc08c) took 232.695024ms: PERSISTENT_FETCH
I0828 01:32:48.240676     716 server_lib.cc:1855] Attempting to load component jit_convert_element_type.927922527692930445 @ 0 at worker after 947.484us (proto size 2439)
I0828 01:32:48.254317    1292 tpu_chip_config.cc:367] Resolved chip config alias megachip_tccontrol->megacore for 2093c6a02, 
I0828 01:32:48.255823    1292 tpu_chip_config.cc:367] Resolved chip config alias megachip_tccontrol->megacore for 2093c6a02, 
I0828 01:32:48.256554    1292 xla_compilation_cache.cc:113] XLA compilation cache fetch for computation 'jit_convert_element_type' (key 60a864adbb879c50) took 233.901682ms: PERSISTENT_FETCH
I0828 01:32:48.441041     706 server_lib.cc:1855] Attempting to load component jit_convert_element_type.6111309008459218428 @ 0 at worker after 804.495us (proto size 2440)
I0828 01:32:48.470500    1291 tpu_chip_config.cc:367] Resolved chip config alias megachip_tccontrol->megacore for 2093c6a02, 
I0828 01:32:48.471992    1291 tpu_chip_config.cc:367] Resolved chip config alias megachip_tccontrol->megacore for 2093c6a02, 
I0828 01:32:48.472731    1291 xla_compilation_cache.cc:113] XLA compilation cache fetch for computation 'jit_convert_element_type' (key 92a4a75033dd804c) took 232.06325ms: PERSISTENT_FETCH
I0828 01:32:48.674384    1292 tpu_chip_config.cc:367] Resolved chip config alias megachip_tccontrol->megacore for 2093c6a02, 
I0828 01:32:48.675876    1292 tpu_chip_config.cc:367] Resolved chip config alias megachip_tccontrol->megacore for 2093c6a02, 
I0828 01:32:48.676646    1292 xla_compilation_cache.cc:113] XLA compilation cache fetch for computation 'jit_convert_element_type' (key c6fd9be301d69957) took 235.612195ms: PERSISTENT_FETCH
W0828 01:32:48.681022    1429 tpu_pjrt_client.cc:2349] PjRt execution dispatch was blocked for 252.816us because PjRt's max in-flight computation semaphore is full (limit: 32), which may negatively affect the performance
I0828 01:32:48.747129     706 server_lib.cc:1855] Attempting to load component jit_convert_element_type.927922527692928020 @ 0 at worker after 999.888us (proto size 2441)
I0828 01:32:48.974517    1292 tpu_chip_config.cc:367] Resolved chip config alias megachip_tccontrol->megacore for 2093c6a02, 
I0828 01:32:48.976092    1292 tpu_chip_config.cc:367] Resolved chip config alias megachip_tccontrol->megacore for 2093c6a02, 
I0828 01:32:48.976851    1292 xla_compilation_cache.cc:113] XLA compilation cache fetch for computation 'jit_convert_element_type' (key 8a4e0f344c48903f) took 229.728903ms: PERSISTENT_FETCH
I0828 01:32:49.010563    1800 server_lib.cc:1855] Attempting to load component pre_reshard_9181198066278140929.1.6111309008459217567 @ 0 at worker after 1.207174ms (proto size 2460)
I0828 01:32:49.305416    1292 tpu_chip_config.cc:367] Resolved chip config alias megachip_tccontrol->megacore for 2093c6a02, 
I0828 01:32:49.306910    1292 tpu_chip_config.cc:367] Resolved chip config alias megachip_tccontrol->megacore for 2093c6a02, 
I0828 01:32:49.307678    1292 xla_compilation_cache.cc:113] XLA compilation cache fetch for computation 'pre_reshard_9181198066278140929.1' (key 688b8ce706c45beb) took 297.126254ms: PERSISTENT_FETCH
I0828 01:32:49.966540     708 xla_compilation_cache.cc:113] XLA compilation cache fetch for computation 'jit__allocate' (key 44c937081d7ee1dc) took 1.56us: IN_MEMORY_HIT
I0828 01:32:49.966562     708 server_lib.cc:1855] Attempting to load component jit__allocate.927922527692929691 @ 0 at worker after 1.417343ms (proto size 2403)
I0828 01:32:51.665165     744 worker_op_dispatcher.cc:4605] Component is not loaded yet; deferring unload until load completes: jit__allocate.927922527692929691 @ 0
I0828 01:32:51.665219    1496 server_lib.cc:743] Unloading component jit__allocate.927922527692929691 @ 0 at worker
I0828 01:33:05.666135    3217 server_lib.cc:1855] Attempting to load component jit_split.6111309008459216872 @ 0 at worker after 1.12203ms (proto size 2486)
I0828 01:33:06.135779    1292 tpu_chip_config.cc:367] Resolved chip config alias megachip_tccontrol->megacore for 2093c6a02, 
I0828 01:33:06.137722    1292 tpu_chip_config.cc:367] Resolved chip config alias megachip_tccontrol->megacore for 2093c6a02, 
I0828 01:33:06.139601    1292 xla_compilation_cache.cc:113] XLA compilation cache fetch for computation 'jit_split' (key 58ab69a219ee1180) took 473.48043ms: PERSISTENT_FETCH
I0828 01:33:17.283654    3217 server_lib.cc:1855] Attempting to load component jit__threefry_split.6111309008459215437 @ 0 at worker after 1.261887ms (proto size 2423)
I0828 01:33:17.565211    3320 server_lib.cc:1855] Attempting to load component jit_unstack.12947613028601669085 @ 0 at worker after 925.158us (proto size 2428)
I0828 01:33:17.582469    1292 tpu_chip_config.cc:367] Resolved chip config alias megachip_tccontrol->megacore for 2093c6a02, 
I0828 01:33:17.584166    1292 tpu_chip_config.cc:367] Resolved chip config alias megachip_tccontrol->megacore for 2093c6a02, 
I0828 01:33:17.585662    1292 xla_compilation_cache.cc:113] XLA compilation cache fetch for computation 'jit__threefry_split' (key ffae4053d9288eaf) took 302.024108ms: PERSISTENT_FETCH
I0828 01:33:17.758720    3266 server_lib.cc:1855] Attempting to load component jit_convert_element_type.6111309008459218672 @ 0 at worker after 924.47us (proto size 2440)
I0828 01:33:17.770128    1291 tpu_chip_config.cc:367] Resolved chip config alias megachip_tccontrol->megacore for 2093c6a02, 
I0828 01:33:17.771685    1291 tpu_chip_config.cc:367] Resolved chip config alias megachip_tccontrol->megacore for 2093c6a02, 
I0828 01:33:17.772496    1291 xla_compilation_cache.cc:113] XLA compilation cache fetch for computation 'jit_unstack' (key f4cb232f5cc0a2c9) took 207.295174ms: PERSISTENT_FETCH
I0828 01:33:17.955985    1292 tpu_chip_config.cc:367] Resolved chip config alias megachip_tccontrol->megacore for 2093c6a02, 
I0828 01:33:17.957472    1292 tpu_chip_config.cc:367] Resolved chip config alias megachip_tccontrol->megacore for 2093c6a02, 
I0828 01:33:17.958239    1292 xla_compilation_cache.cc:113] XLA compilation cache fetch for computation 'jit_convert_element_type' (key c666958a8729ef94) took 199.529586ms: PERSISTENT_FETCH
I0828 01:33:18.155784    3266 server_lib.cc:1855] Attempting to load component jit__canon_fused_decode_logprob_chunk.6111309008459217811 @ 0 at worker after 1.187204ms (proto size 2527)
I0828 01:33:19.783203    1292 tpu_chip_config.cc:367] Resolved chip config alias megachip_tccontrol->megacore for 2093c6a02, 
I0828 01:33:19.785068    1292 tpu_chip_config.cc:367] Resolved chip config alias megachip_tccontrol->megacore for 2093c6a02, 
I0828 01:33:19.786851    1292 xla_compilation_cache.cc:113] XLA compilation cache fetch for computation 'jit__canon_fused_decode_logprob_chunk' (key bcab894a92d4ff5) took 1.631076945s: PERSISTENT_FETCH
I0828 01:33:20.882134    3320 server_lib.cc:1855] Attempting to load component jit_split.12947613028601668499 @ 0 at worker after 1.093029ms (proto size 2487)
I0828 01:33:21.376080    1292 tpu_chip_config.cc:367] Resolved chip config alias megachip_tccontrol->megacore for 2093c6a02, 
I0828 01:33:21.377858    1292 tpu_chip_config.cc:367] Resolved chip config alias megachip_tccontrol->megacore for 2093c6a02, 
I0828 01:33:21.379481    1292 xla_compilation_cache.cc:113] XLA compilation cache fetch for computation 'jit_split' (key b35a7658f3892690) took 497.358943ms: PERSISTENT_FETCH
I0828 01:33:21.448864    3217 server_lib.cc:1855] Attempting to load component jit_convert_element_type.11097614078210884243 @ 0 at worker after 1.166691ms (proto size 2441)
I0828 01:33:21.683887    1292 tpu_chip_config.cc:367] Resolved chip config alias megachip_tccontrol->megacore for 2093c6a02, 
I0828 01:33:21.685401    1292 tpu_chip_config.cc:367] Resolved chip config alias megachip_tccontrol->megacore for 2093c6a02, 
I0828 01:33:21.686141    1292 xla_compilation_cache.cc:113] XLA compilation cache fetch for computation 'jit_convert_element_type' (key faae9e66f41c4daf) took 237.285846ms: PERSISTENT_FETCH
I0828 01:33:21.821619    3217 server_lib.cc:1855] Attempting to load component jit__canon_fused_decode_logprob_chunk.11097614078210884308 @ 0 at worker after 1.280317ms (proto size 2529)
I0828 01:33:23.533750    1292 tpu_chip_config.cc:367] Resolved chip config alias megachip_tccontrol->megacore for 2093c6a02, 
I0828 01:33:23.535841    1292 tpu_chip_config.cc:367] Resolved chip config alias megachip_tccontrol->megacore for 2093c6a02, 
I0828 01:33:23.537669    1292 xla_compilation_cache.cc:113] XLA compilation cache fetch for computation 'jit__canon_fused_decode_logprob_chunk' (key 26a88f9659c39689) took 1.716059098s: PERSISTENT_FETCH
I0828 01:33:24.587876    3267 server_lib.cc:1855] Attempting to load component jit_split.6111309008459217262 @ 0 at worker after 1.075883ms (proto size 2486)
I0828 01:33:25.099219    1292 tpu_chip_config.cc:367] Resolved chip config alias megachip_tccontrol->megacore for 2093c6a02, 
I0828 01:33:25.101437    1292 tpu_chip_config.cc:367] Resolved chip config alias megachip_tccontrol->megacore for 2093c6a02, 
I0828 01:33:25.103155    1292 xla_compilation_cache.cc:113] XLA compilation cache fetch for computation 'jit_split' (key 4e0e435c16749359) took 515.292901ms: PERSISTENT_FETCH
I0828 01:33:25.167400    3218 server_lib.cc:1855] Attempting to load component jit_convert_element_type.927922527692927007 @ 0 at worker after 992.752us (proto size 2439)
I0828 01:33:25.392042    1292 tpu_chip_config.cc:367] Resolved chip config alias megachip_tccontrol->megacore for 2093c6a02, 
I0828 01:33:25.393533    1292 tpu_chip_config.cc:367] Resolved chip config alias megachip_tccontrol->megacore for 2093c6a02, 
I0828 01:33:25.394259    1292 xla_compilation_cache.cc:113] XLA compilation cache fetch for computation 'jit_convert_element_type' (key c108b861a3561349) took 226.870489ms: PERSISTENT_FETCH
I0828 01:33:25.538254    3286 server_lib.cc:1855] Attempting to load component jit__canon_fused_decode_logprob_chunk.927922527692928678 @ 0 at worker after 1.213072ms (proto size 2527)
I0828 01:33:26.547016    1292 tpu_chip_config.cc:367] Resolved chip config alias megachip_tccontrol->megacore for 2093c6a02, 
I0828 01:33:26.548994    1292 tpu_chip_config.cc:367] Resolved chip config alias megachip_tccontrol->megacore for 2093c6a02, 
I0828 01:33:26.550767    1292 xla_compilation_cache.cc:113] XLA compilation cache fetch for computation 'jit__canon_fused_decode_logprob_chunk' (key 621e2c2b1a201d48) took 1.012523044s: PERSISTENT_FETCH
I0828 01:33:28.900411    3205 server_lib.cc:1855] Attempting to load component jit_split.11097614078210884351 @ 0 at worker after 1.020143ms (proto size 2487)
I0828 01:33:29.376583    1292 tpu_chip_config.cc:367] Resolved chip config alias megachip_tccontrol->megacore for 2093c6a02, 
I0828 01:33:29.378932    1292 tpu_chip_config.cc:367] Resolved chip config alias megachip_tccontrol->megacore for 2093c6a02, 
I0828 01:33:29.380848    1292 xla_compilation_cache.cc:113] XLA compilation cache fetch for computation 'jit_split' (key 4e04eb4bfadb2aeb) took 480.450449ms: PERSISTENT_FETCH
I0828 01:33:29.440328    3205 server_lib.cc:1855] Attempting to load component jit_convert_element_type.6111309008459216295 @ 0 at worker after 973.442us (proto size 2440)
I0828 01:33:29.636569    1292 tpu_chip_config.cc:367] Resolved chip config alias megachip_tccontrol->megacore for 2093c6a02, 
I0828 01:33:29.638066    1292 tpu_chip_config.cc:367] Resolved chip config alias megachip_tccontrol->megacore for 2093c6a02, 
I0828 01:33:29.638824    1292 xla_compilation_cache.cc:113] XLA compilation cache fetch for computation 'jit_convert_element_type' (key fddce002a431323b) took 198.506681ms: PERSISTENT_FETCH
I0828 01:33:29.780874    3331 server_lib.cc:1855] Attempting to load component jit__canon_fused_decode_logprob_chunk.6111309008459215434 @ 0 at worker after 1.126629ms (proto size 2528)
I0828 01:33:30.736422    1292 tpu_chip_config.cc:367] Resolved chip config alias megachip_tccontrol->megacore for 2093c6a02, 
I0828 01:33:30.737996    1292 tpu_chip_config.cc:367] Resolved chip config alias megachip_tccontrol->megacore for 2093c6a02, 
I0828 01:33:30.739689    1292 xla_compilation_cache.cc:113] XLA compilation cache fetch for computation 'jit__canon_fused_decode_logprob_chunk' (key d49cd61d7d874d5d) took 958.824845ms: PERSISTENT_FETCH
I0828 01:33:35.773164    3321 server_lib.cc:1855] Attempting to load component jit_split.5622832922158734168 @ 0 at worker after 944.276us (proto size 2487)
I0828 01:33:36.247367    1292 tpu_chip_config.cc:367] Resolved chip config alias megachip_tccontrol->megacore for 2093c6a02, 
I0828 01:33:36.249213    1292 tpu_chip_config.cc:367] Resolved chip config alias megachip_tccontrol->megacore for 2093c6a02, 
I0828 01:33:36.251465    1292 xla_compilation_cache.cc:113] XLA compilation cache fetch for computation 'jit_split' (key ef83e0dd3251fbac) took 478.313861ms: PERSISTENT_FETCH
I0828 01:33:36.318625    3320 server_lib.cc:1855] Attempting to load component jit_convert_element_type.934836157317377995 @ 0 at worker after 937.16us (proto size 2439)
I0828 01:33:36.519295    1292 tpu_chip_config.cc:367] Resolved chip config alias megachip_tccontrol->megacore for 2093c6a02, 
I0828 01:33:36.520889    1292 tpu_chip_config.cc:367] Resolved chip config alias megachip_tccontrol->megacore for 2093c6a02, 
I0828 01:33:36.521642    1292 xla_compilation_cache.cc:113] XLA compilation cache fetch for computation 'jit_convert_element_type' (key 3991ecf5d3365c) took 203.043177ms: PERSISTENT_FETCH
I0828 01:33:36.658110    3213 server_lib.cc:1855] Attempting to load component jit__canon_fused_decode_logprob_chunk.934836157317376824 @ 0 at worker after 1.058302ms (proto size 2532)
I0828 01:33:37.709954    1292 tpu_chip_config.cc:367] Resolved chip config alias megachip_tccontrol->megacore for 2093c6a02, 
I0828 01:33:37.711794    1292 tpu_chip_config.cc:367] Resolved chip config alias megachip_tccontrol->megacore for 2093c6a02, 
I0828 01:33:37.713448    1292 xla_compilation_cache.cc:113] XLA compilation cache fetch for computation 'jit__canon_fused_decode_logprob_chunk' (key e7d73fd91415f93a) took 1.055345993s: PERSISTENT_FETCH
I0828 01:33:48.919948    3266 server_lib.cc:1855] Attempting to load component jit_split.196317131024096546 @ 0 at worker after 1.099429ms (proto size 2486)
I0828 01:33:49.381287    1292 tpu_chip_config.cc:367] Resolved chip config alias megachip_tccontrol->megacore for 2093c6a02, 
I0828 01:33:49.383320    1292 tpu_chip_config.cc:367] Resolved chip config alias megachip_tccontrol->megacore for 2093c6a02, 
I0828 01:33:49.385358    1292 xla_compilation_cache.cc:113] XLA compilation cache fetch for computation 'jit_split' (key 371900f49c821d60) took 465.422686ms: PERSISTENT_FETCH
I0828 01:33:49.448814    3266 server_lib.cc:1855] Attempting to load component jit_convert_element_type.5622832922158731410 @ 0 at worker after 937.83us (proto size 2442)
I0828 01:33:49.686803    1292 tpu_chip_config.cc:367] Resolved chip config alias megachip_tccontrol->megacore for 2093c6a02, 
I0828 01:33:49.688375    1292 tpu_chip_config.cc:367] Resolved chip config alias megachip_tccontrol->megacore for 2093c6a02, 
I0828 01:33:49.689148    1292 xla_compilation_cache.cc:113] XLA compilation cache fetch for computation 'jit_convert_element_type' (key 3656918424642386) took 240.347517ms: PERSISTENT_FETCH
I0828 01:33:49.817383    3266 server_lib.cc:1855] Attempting to load component jit__canon_fused_decode_logprob_chunk.5622832922158732349 @ 0 at worker after 1.013991ms (proto size 2533)
I0828 01:33:50.396819    1292 tpu_chip_config.cc:367] Resolved chip config alias megachip_tccontrol->megacore for 2093c6a02, 
I0828 01:33:50.398644    1292 tpu_chip_config.cc:367] Resolved chip config alias megachip_tccontrol->megacore for 2093c6a02, 
I0828 01:33:50.399910    1292 xla_compilation_cache.cc:113] XLA compilation cache fetch for computation 'jit__canon_fused_decode_logprob_chunk' (key 911931fecfb956a4) took 582.535023ms: PERSISTENT_FETCH
I0828 01:35:46.773521    3321 server_lib.cc:1855] Attempting to load component jit_split.927922527692930632 @ 0 at worker after 1.129297ms (proto size 2484)
I0828 01:35:47.199071    3321 server_lib.cc:1855] Attempting to load component jit__compute_active_mask.1182302940440488498 @ 0 at worker after 968.029us (proto size 2430)
I0828 01:35:47.210515    1292 tpu_chip_config.cc:367] Resolved chip config alias megachip_tccontrol->megacore for 2093c6a02, 
I0828 01:35:47.212411    1292 tpu_chip_config.cc:367] Resolved chip config alias megachip_tccontrol->megacore for 2093c6a02, 
I0828 01:35:47.214174    1292 xla_compilation_cache.cc:113] XLA compilation cache fetch for computation 'jit_split' (key 7405e16df67d782c) took 440.666168ms: PERSISTENT_FETCH
I0828 01:35:47.407996    1291 tpu_chip_config.cc:367] Resolved chip config alias megachip_tccontrol->megacore for 2093c6a02, 
I0828 01:35:47.409522    1291 tpu_chip_config.cc:367] Resolved chip config alias megachip_tccontrol->megacore for 2093c6a02, 
I0828 01:35:47.410291    1291 xla_compilation_cache.cc:113] XLA compilation cache fetch for computation 'jit__compute_active_mask' (key 91010c1c33592fec) took 211.228921ms: PERSISTENT_FETCH
I0828 01:35:55.227226    3321 server_lib.cc:1855] Attempting to load component jit__decode_core.927922527692929321 @ 0 at worker after 2.132849ms (proto size 15280)
I0828 01:36:06.350129    1291 tpu_chip_config.cc:367] Resolved chip config alias megachip_tccontrol->megacore for 2093c6a02, 
I0828 01:36:06.360353    1291 tpu_chip_config.cc:367] Resolved chip config alias megachip_tccontrol->megacore for 2093c6a02, 
I0828 01:36:06.390296    1291 xla_compilation_cache.cc:113] XLA compilation cache fetch for computation 'jit__decode_core' (key 97405581e25a2132) took 11.163085666s: PERSISTENT_FETCH
I0828 01:36:31.820891    3221 server_lib.cc:1855] Attempting to load component jit_split.12947613028601667817 @ 0 at worker after 1.032948ms (proto size 2486)
I0828 01:36:32.286241    3221 server_lib.cc:1855] Attempting to load component jit__compute_active_mask.11097614078210885664 @ 0 at worker after 922.758us (proto size 2431)
I0828 01:36:32.300129    1291 tpu_chip_config.cc:367] Resolved chip config alias megachip_tccontrol->megacore for 2093c6a02, 
I0828 01:36:32.302001    1291 tpu_chip_config.cc:367] Resolved chip config alias megachip_tccontrol->megacore for 2093c6a02, 
I0828 01:36:32.303586    1291 xla_compilation_cache.cc:113] XLA compilation cache fetch for computation 'jit_split' (key b6b4c93268755159) took 482.70947ms: PERSISTENT_FETCH
I0828 01:36:32.526647    1292 tpu_chip_config.cc:367] Resolved chip config alias megachip_tccontrol->megacore for 2093c6a02, 
I0828 01:36:32.528203    1292 tpu_chip_config.cc:367] Resolved chip config alias megachip_tccontrol->megacore for 2093c6a02, 
I0828 01:36:32.529005    1292 xla_compilation_cache.cc:113] XLA compilation cache fetch for computation 'jit__compute_active_mask' (key 37da09711dfca59f) took 242.773977ms: PERSISTENT_FETCH
I0828 01:36:40.288518    3205 server_lib.cc:1855] Attempting to load component jit__decode_core.12947613028601668357 @ 0 at worker after 2.295652ms (proto size 15282)
I0828 01:36:49.834598    1292 tpu_chip_config.cc:367] Resolved chip config alias megachip_tccontrol->megacore for 2093c6a02, 
I0828 01:36:49.843988    1292 tpu_chip_config.cc:367] Resolved chip config alias megachip_tccontrol->megacore for 2093c6a02, 
I0828 01:36:49.873549    1292 xla_compilation_cache.cc:113] XLA compilation cache fetch for computation 'jit__decode_core' (key 58d4c4e77a63064d) took 9.585048768s: PERSISTENT_FETCH
I0828 01:37:02.811828    3213 server_lib.cc:1855] Attempting to load component jit_split.6111309008459215542 @ 0 at worker after 845.466us (proto size 2485)
I0828 01:37:03.260784    3213 server_lib.cc:1855] Attempting to load component jit__compute_active_mask.927922527692931018 @ 0 at worker after 871.043us (proto size 2429)
I0828 01:37:03.273851    1292 tpu_chip_config.cc:367] Resolved chip config alias megachip_tccontrol->megacore for 2093c6a02, 
I0828 01:37:03.275743    1292 tpu_chip_config.cc:367] Resolved chip config alias megachip_tccontrol->megacore for 2093c6a02, 
I0828 01:37:03.277398    1292 xla_compilation_cache.cc:113] XLA compilation cache fetch for computation 'jit_split' (key 696bf98d837307a6) took 465.583676ms: PERSISTENT_FETCH
I0828 01:37:03.466957    1291 tpu_chip_config.cc:367] Resolved chip config alias megachip_tccontrol->megacore for 2093c6a02, 
I0828 01:37:03.468526    1291 tpu_chip_config.cc:367] Resolved chip config alias megachip_tccontrol->megacore for 2093c6a02, 
I0828 01:37:03.469342    1291 xla_compilation_cache.cc:113] XLA compilation cache fetch for computation 'jit__compute_active_mask' (key eb42a768eec1b38a) took 208.566813ms: PERSISTENT_FETCH
I0828 01:37:11.485164    3320 server_lib.cc:1855] Attempting to load component jit__decode_core.6111309008459218490 @ 0 at worker after 2.356882ms (proto size 15281)
I0828 01:37:20.148101    1291 tpu_chip_config.cc:367] Resolved chip config alias megachip_tccontrol->megacore for 2093c6a02, 
I0828 01:37:20.156450    1291 tpu_chip_config.cc:367] Resolved chip config alias megachip_tccontrol->megacore for 2093c6a02, 
I0828 01:37:20.183725    1291 xla_compilation_cache.cc:113] XLA compilation cache fetch for computation 'jit__decode_core' (key b448215752a97420) took 8.698575876s: PERSISTENT_FETCH
I0828 01:37:27.638944    3221 server_lib.cc:1855] Attempting to load component jit_split.12199592962835255805 @ 0 at worker after 958.57us (proto size 2486)
I0828 01:37:28.080875    3221 server_lib.cc:1855] Attempting to load component jit__compute_active_mask.6111309008459215068 @ 0 at worker after 911.399us (proto size 2430)
I0828 01:37:28.096728    1291 tpu_chip_config.cc:367] Resolved chip config alias megachip_tccontrol->megacore for 2093c6a02, 
I0828 01:37:28.098614    1291 tpu_chip_config.cc:367] Resolved chip config alias megachip_tccontrol->megacore for 2093c6a02, 
I0828 01:37:28.100186    1291 xla_compilation_cache.cc:113] XLA compilation cache fetch for computation 'jit_split' (key 81e06c65b6abc817) took 461.256169ms: PERSISTENT_FETCH
I0828 01:37:28.295665    1292 tpu_chip_config.cc:367] Resolved chip config alias megachip_tccontrol->megacore for 2093c6a02, 
I0828 01:37:28.297195    1292 tpu_chip_config.cc:367] Resolved chip config alias megachip_tccontrol->megacore for 2093c6a02, 
I0828 01:37:28.297965    1292 xla_compilation_cache.cc:113] XLA compilation cache fetch for computation 'jit__compute_active_mask' (key bcf448b2a6623cb1) took 217.097834ms: PERSISTENT_FETCH
I0828 01:37:36.280314    3221 server_lib.cc:1855] Attempting to load component jit__decode_core.12199592962835257857 @ 0 at worker after 2.41918ms (proto size 15282)
I0828 01:37:47.434526    1292 tpu_chip_config.cc:367] Resolved chip config alias megachip_tccontrol->megacore for 2093c6a02, 
I0828 01:37:47.443132    1292 tpu_chip_config.cc:367] Resolved chip config alias megachip_tccontrol->megacore for 2093c6a02, 
I0828 01:37:47.470921    1292 xla_compilation_cache.cc:113] XLA compilation cache fetch for computation 'jit__decode_core' (key da98939882311550) took 11.190624104s: PERSISTENT_FETCH
I0828 01:38:33.844504    3267 server_lib.cc:1855] Attempting to load component jit_compute_per_token_logps.4583327957303544681 @ 0 at worker after 1.977783ms (proto size 12351)
I0828 01:41:15.333466    1292 tpu_chip_config.cc:367] Resolved chip config alias megachip_tccontrol->megacore for 2093c6a02, 
I0828 01:41:15.355327    1292 tpu_chip_config.cc:367] Resolved chip config alias megachip_tccontrol->megacore for 2093c6a02, 
I0828 01:41:15.958716    1292 xla_compilation_cache.cc:113] XLA compilation cache fetch for computation 'jit_compute_per_token_logps' (key 9e2c567d14eedb8f) took 2m42.114229944s: PERSISTENT_FETCH
I0828 01:41:17.071174    3321 server_lib.cc:1855] Attempting to load component jit_subtract.4583327957303545442 @ 0 at worker after 1.17761ms (proto size 2441)
I0828 01:41:17.297958    1292 tpu_chip_config.cc:367] Resolved chip config alias megachip_tccontrol->megacore for 2093c6a02, 
I0828 01:41:17.299940    1292 tpu_chip_config.cc:367] Resolved chip config alias megachip_tccontrol->megacore for 2093c6a02, 
I0828 01:41:17.300954    1292 xla_compilation_cache.cc:113] XLA compilation cache fetch for computation 'jit_subtract' (key be3e11a37f61eaab) took 229.798108ms: PERSISTENT_FETCH
I0828 01:41:17.564664    3321 server_lib.cc:1855] Attempting to load component jit_abs.4583327957303543097 @ 0 at worker after 1.010899ms (proto size 2406)
I0828 01:41:17.771423    3321 server_lib.cc:1855] Attempting to load component jit_multiply.5734983100396399342 @ 0 at worker after 892.75us (proto size 2441)
I0828 01:41:17.792429    1292 tpu_chip_config.cc:367] Resolved chip config alias megachip_tccontrol->megacore for 2093c6a02, 
I0828 01:41:17.794340    1292 tpu_chip_config.cc:367] Resolved chip config alias megachip_tccontrol->megacore for 2093c6a02, 
I0828 01:41:17.795451    1292 xla_compilation_cache.cc:113] XLA compilation cache fetch for computation 'jit_abs' (key 57620e4639e22620) took 230.799457ms: PERSISTENT_FETCH
I0828 01:41:17.998371    3252 server_lib.cc:1855] Attempting to load component jit__reduce_sum.4583327957303544848 @ 0 at worker after 976.097us (proto size 2408)
I0828 01:41:18.006825    1291 tpu_chip_config.cc:367] Resolved chip config alias megachip_tccontrol->megacore for 2093c6a02, 
I0828 01:41:18.008527    1291 tpu_chip_config.cc:367] Resolved chip config alias megachip_tccontrol->megacore for 2093c6a02, 
I0828 01:41:18.009648    1291 xla_compilation_cache.cc:113] XLA compilation cache fetch for computation 'jit_multiply' (key 6cf33a59b1616e53) took 238.231504ms: PERSISTENT_FETCH
I0828 01:41:18.224461    3252 server_lib.cc:1855] Attempting to load component jit_true_divide.5734983100396399753 @ 0 at worker after 950.351us (proto size 2405)
I0828 01:41:18.236667    1292 tpu_chip_config.cc:367] Resolved chip config alias megachip_tccontrol->megacore for 2093c6a02, 
I0828 01:41:18.238432    1292 tpu_chip_config.cc:367] Resolved chip config alias megachip_tccontrol->megacore for 2093c6a02, 
I0828 01:41:18.239379    1292 xla_compilation_cache.cc:113] XLA compilation cache fetch for computation 'jit__reduce_sum' (key 4f52f3eb72f64148) took 241.021471ms: PERSISTENT_FETCH
I0828 01:41:18.437098    1291 tpu_chip_config.cc:367] Resolved chip config alias megachip_tccontrol->megacore for 2093c6a02, 
I0828 01:41:18.438518    1291 tpu_chip_config.cc:367] Resolved chip config alias megachip_tccontrol->megacore for 2093c6a02, 
I0828 01:41:18.439281    1291 xla_compilation_cache.cc:113] XLA compilation cache fetch for computation 'jit_true_divide' (key d4cd2ce4f2e64f0e) took 214.832968ms: PERSISTENT_FETCH
I0828 01:42:33.767947    3267 server_lib.cc:1855] Attempting to load component jit__where.4583327957303542503 @ 0 at worker after 1.473966ms (proto size 2447)
I0828 01:42:34.004941    1291 tpu_chip_config.cc:367] Resolved chip config alias megachip_tccontrol->megacore for 2093c6a02, 
I0828 01:42:34.006857    1291 tpu_chip_config.cc:367] Resolved chip config alias megachip_tccontrol->megacore for 2093c6a02, 
I0828 01:42:34.007811    1291 xla_compilation_cache.cc:113] XLA compilation cache fetch for computation 'jit__where' (key b9a9391dafcc9ae) took 239.878052ms: PERSISTENT_FETCH
I0828 01:42:34.022491    3217 server_lib.cc:1855] Attempting to load component jit__reduce_max.4583327957303542107 @ 0 at worker after 1.05317ms (proto size 2408)
I0828 01:42:34.292502    1291 tpu_chip_config.cc:367] Resolved chip config alias megachip_tccontrol->megacore for 2093c6a02, 
I0828 01:42:34.294078    1291 tpu_chip_config.cc:367] Resolved chip config alias megachip_tccontrol->megacore for 2093c6a02, 
I0828 01:42:34.294921    1291 xla_compilation_cache.cc:113] XLA compilation cache fetch for computation 'jit__reduce_max' (key 36175c2c749d189a) took 272.441846ms: PERSISTENT_FETCH
I0828 01:42:34.535560    3252 server_lib.cc:1855] Attempting to load component jit_exp.4583327957303543858 @ 0 at worker after 1.155327ms (proto size 2406)
I0828 01:42:34.752145    1291 tpu_chip_config.cc:367] Resolved chip config alias megachip_tccontrol->megacore for 2093c6a02, 
I0828 01:42:34.753654    1291 tpu_chip_config.cc:367] Resolved chip config alias megachip_tccontrol->megacore for 2093c6a02, 
I0828 01:42:34.754404    1291 xla_compilation_cache.cc:113] XLA compilation cache fetch for computation 'jit_exp' (key f9ef56697270bd0b) took 218.85334ms: PERSISTENT_FETCH
I0828 01:42:35.009452    3267 server_lib.cc:1855] Attempting to load component jit_reshape.4583327957303545609 @ 0 at worker after 987.126us (proto size 2411)
I0828 01:42:35.225047    1291 tpu_chip_config.cc:367] Resolved chip config alias megachip_tccontrol->megacore for 2093c6a02, 
I0828 01:42:35.226529    1291 tpu_chip_config.cc:367] Resolved chip config alias megachip_tccontrol->megacore for 2093c6a02, 
I0828 01:42:35.227302    1291 xla_compilation_cache.cc:113] XLA compilation cache fetch for computation 'jit_reshape' (key e5e873d3f848ec12) took 217.85868ms: PERSISTENT_FETCH
I0828 01:42:35.810644    3331 server_lib.cc:1855] Attempting to load component jit_multiply.4583327957303545015 @ 0 at worker after 1.021616ms (proto size 2432)
I0828 01:42:36.034629    1291 tpu_chip_config.cc:367] Resolved chip config alias megachip_tccontrol->megacore for 2093c6a02, 
I0828 01:42:36.036088    1291 tpu_chip_config.cc:367] Resolved chip config alias megachip_tccontrol->megacore for 2093c6a02, 
I0828 01:42:36.036863    1291 xla_compilation_cache.cc:113] XLA compilation cache fetch for computation 'jit_multiply' (key 693bc4d312e44bb1) took 226.229133ms: PERSISTENT_FETCH
I0828 01:42:36.290334    3205 server_lib.cc:1855] Attempting to load component jit__reduce_sum.4583327957303542670 @ 0 at worker after 840.085us (proto size 2405)
I0828 01:42:36.503469    1291 tpu_chip_config.cc:367] Resolved chip config alias megachip_tccontrol->megacore for 2093c6a02, 
I0828 01:42:36.504978    1291 tpu_chip_config.cc:367] Resolved chip config alias megachip_tccontrol->megacore for 2093c6a02, 
I0828 01:42:36.505780    1291 xla_compilation_cache.cc:113] XLA compilation cache fetch for computation 'jit__reduce_sum' (key cb494c080a8649f9) took 215.45561ms: PERSISTENT_FETCH
I0828 01:42:36.715274    3331 server_lib.cc:1855] Attempting to load component jit_subtract.4583327957303544421 @ 0 at worker after 877.168us (proto size 2420)
I0828 01:42:36.917724    3331 server_lib.cc:1855] Attempting to load component jit_multiply.5734983100396398945 @ 0 at worker after 935.636us (proto size 2432)
I0828 01:42:36.923365    1291 tpu_chip_config.cc:367] Resolved chip config alias megachip_tccontrol->megacore for 2093c6a02, 
I0828 01:42:36.924870    1291 tpu_chip_config.cc:367] Resolved chip config alias megachip_tccontrol->megacore for 2093c6a02, 
I0828 01:42:36.925681    1291 xla_compilation_cache.cc:113] XLA compilation cache fetch for computation 'jit_subtract' (key 11b0dc8584ec5ef) took 210.415501ms: PERSISTENT_FETCH
I0828 01:42:37.132170    1292 tpu_chip_config.cc:367] Resolved chip config alias megachip_tccontrol->megacore for 2093c6a02, 
I0828 01:42:37.133709    1292 tpu_chip_config.cc:367] Resolved chip config alias megachip_tccontrol->megacore for 2093c6a02, 
I0828 01:42:37.134508    1292 xla_compilation_cache.cc:113] XLA compilation cache fetch for computation 'jit_multiply' (key 6ef24ddd1aed54b6) took 216.790501ms: PERSISTENT_FETCH
I0828 01:42:37.138557    3321 server_lib.cc:1855] Attempting to load component jit_multiply.4583327957303542076 @ 0 at worker after 838.923us (proto size 2432)
I0828 01:42:37.349403    3267 server_lib.cc:1855] Attempting to load component jit_multiply.5734983100396399356 @ 0 at worker after 942.143us (proto size 2399)
I0828 01:42:37.353116    1292 tpu_chip_config.cc:367] Resolved chip config alias megachip_tccontrol->megacore for 2093c6a02, 
I0828 01:42:37.354643    1292 tpu_chip_config.cc:367] Resolved chip config alias megachip_tccontrol->megacore for 2093c6a02, 
I0828 01:42:37.355461    1292 xla_compilation_cache.cc:113] XLA compilation cache fetch for computation 'jit_multiply' (key 60022e5dbf1633c0) took 216.912653ms: PERSISTENT_FETCH
I0828 01:42:37.559184    3205 server_lib.cc:1855] Attempting to load component jit_maximum.4583327957303543827 @ 0 at worker after 1.096813ms (proto size 2397)
I0828 01:42:37.565824    1291 tpu_chip_config.cc:367] Resolved chip config alias megachip_tccontrol->megacore for 2093c6a02, 
I0828 01:42:37.567330    1291 tpu_chip_config.cc:367] Resolved chip config alias megachip_tccontrol->megacore for 2093c6a02, 
I0828 01:42:37.568097    1291 xla_compilation_cache.cc:113] XLA compilation cache fetch for computation 'jit_multiply' (key dfe0e73cf7764f57) took 218.703293ms: PERSISTENT_FETCH
I0828 01:42:37.756290    3205 server_lib.cc:1855] Attempting to load component jit_sqrt.5734983100396399904 @ 0 at worker after 974.938us (proto size 2380)
I0828 01:42:37.768223    1292 tpu_chip_config.cc:367] Resolved chip config alias megachip_tccontrol->megacore for 2093c6a02, 
I0828 01:42:37.769722    1292 tpu_chip_config.cc:367] Resolved chip config alias megachip_tccontrol->megacore for 2093c6a02, 
I0828 01:42:37.770458    1292 xla_compilation_cache.cc:113] XLA compilation cache fetch for computation 'jit_maximum' (key fcf61c2491082633) took 211.282607ms: PERSISTENT_FETCH
I0828 01:42:37.972888    3217 server_lib.cc:1855] Attempting to load component jit_true_divide.4583327957303545578 @ 0 at worker after 1.017316ms (proto size 2405)
I0828 01:42:37.982309    1291 tpu_chip_config.cc:367] Resolved chip config alias megachip_tccontrol->megacore for 2093c6a02, 
I0828 01:42:37.983780    1291 tpu_chip_config.cc:367] Resolved chip config alias megachip_tccontrol->megacore for 2093c6a02, 
I0828 01:42:37.984527    1291 xla_compilation_cache.cc:113] XLA compilation cache fetch for computation 'jit_sqrt' (key e47c3a36ca52ab11) took 228.244515ms: PERSISTENT_FETCH
I0828 01:42:38.198366    1292 tpu_chip_config.cc:367] Resolved chip config alias megachip_tccontrol->megacore for 2093c6a02, 
I0828 01:42:38.199880    1292 tpu_chip_config.cc:367] Resolved chip config alias megachip_tccontrol->megacore for 2093c6a02, 
I0828 01:42:38.200653    1292 xla_compilation_cache.cc:113] XLA compilation cache fetch for computation 'jit_true_divide' (key 9967bfe1ef797654) took 227.774327ms: PERSISTENT_FETCH
I0828 01:42:38.958409    3331 server_lib.cc:1855] Attempting to load component jit_run_compute_logits.1182302940440488702 @ 0 at worker after 977.519us (proto size 2463)
I0828 01:42:39.401828    3205 server_lib.cc:1855] Attempting to load component jit__select_from_array_fn.1182302940440488521 @ 0 at worker after 947.218us (proto size 2463)
I0828 01:42:39.412285    1292 tpu_chip_config.cc:367] Resolved chip config alias megachip_tccontrol->megacore for 2093c6a02, 
I0828 01:42:39.413945    1292 tpu_chip_config.cc:367] Resolved chip config alias megachip_tccontrol->megacore for 2093c6a02, 
I0828 01:42:39.415017    1292 xla_compilation_cache.cc:113] XLA compilation cache fetch for computation 'jit_run_compute_logits' (key c24bb77898910691) took 456.619276ms: PERSISTENT_FETCH
I0828 01:42:40.544080    3331 server_lib.cc:1855] Attempting to load component jit_convert_element_type.196317131024095177 @ 0 at worker after 983.044us (proto size 2439)
I0828 01:42:40.558159    1291 tpu_chip_config.cc:367] Resolved chip config alias megachip_tccontrol->megacore for 2093c6a02, 
I0828 01:42:40.559764    1291 tpu_chip_config.cc:367] Resolved chip config alias megachip_tccontrol->megacore for 2093c6a02, 
I0828 01:42:40.560639    1291 xla_compilation_cache.cc:113] XLA compilation cache fetch for computation 'jit__select_from_array_fn' (key a2c3cd66dc1d12db) took 1.158820811s: PERSISTENT_FETCH
I0828 01:42:40.777507    1292 tpu_chip_config.cc:367] Resolved chip config alias megachip_tccontrol->megacore for 2093c6a02, 
I0828 01:42:40.779011    1292 tpu_chip_config.cc:367] Resolved chip config alias megachip_tccontrol->megacore for 2093c6a02, 
I0828 01:42:40.779766    1292 xla_compilation_cache.cc:113] XLA compilation cache fetch for computation 'jit_convert_element_type' (key ef6b06561fce1b70) took 235.697862ms: PERSISTENT_FETCH
I0828 01:42:40.834813    3267 server_lib.cc:1855] Attempting to load component jit_sample.1182302940440488340 @ 0 at worker after 1.039736ms (proto size 2533)
I0828 01:42:42.728763    3267 server_lib.cc:1855] Attempting to load component jit_convert_element_type.196317131024095454 @ 0 at worker after 1.116462ms (proto size 2441)
I0828 01:42:42.743537    1292 tpu_chip_config.cc:367] Resolved chip config alias megachip_tccontrol->megacore for 2093c6a02, 
I0828 01:42:42.745446    1292 tpu_chip_config.cc:367] Resolved chip config alias megachip_tccontrol->megacore for 2093c6a02, 
I0828 01:42:42.747703    1292 xla_compilation_cache.cc:113] XLA compilation cache fetch for computation 'jit_sample' (key 100be14ad68a6537) took 1.912899528s: PERSISTENT_FETCH
I0828 01:42:42.943119    1291 tpu_chip_config.cc:367] Resolved chip config alias megachip_tccontrol->megacore for 2093c6a02, 
I0828 01:42:42.944631    1291 tpu_chip_config.cc:367] Resolved chip config alias megachip_tccontrol->megacore for 2093c6a02, 
I0828 01:42:42.945340    3267 server_lib.cc:1855] Attempting to load component jit_reshape.5734983100396398137 @ 0 at worker after 874.944us (proto size 2418)
I0828 01:42:42.945375    1291 xla_compilation_cache.cc:113] XLA compilation cache fetch for computation 'jit_convert_element_type' (key 6e3c890b38b4aedc) took 216.630968ms: PERSISTENT_FETCH
I0828 01:42:43.203432    3267 server_lib.cc:1855] Attempting to load component jit_reshape.4583327957303545745 @ 0 at worker after 980.115us (proto size 2419)
I0828 01:42:43.218962    1292 tpu_chip_config.cc:367] Resolved chip config alias megachip_tccontrol->megacore for 2093c6a02, 
I0828 01:42:43.220473    1292 tpu_chip_config.cc:367] Resolved chip config alias megachip_tccontrol->megacore for 2093c6a02, 
I0828 01:42:43.221260    1292 xla_compilation_cache.cc:113] XLA compilation cache fetch for computation 'jit_reshape' (key 3f543a525fdd75c) took 275.930191ms: PERSISTENT_FETCH
I0828 01:42:43.451807    3307 server_lib.cc:1855] Attempting to load component jit_reshape.927922527692927892 @ 0 at worker after 1.05725ms (proto size 2408)
I0828 01:42:43.463911    1291 tpu_chip_config.cc:367] Resolved chip config alias megachip_tccontrol->megacore for 2093c6a02, 
I0828 01:42:43.465390    1291 tpu_chip_config.cc:367] Resolved chip config alias megachip_tccontrol->megacore for 2093c6a02, 
I0828 01:42:43.466135    1291 xla_compilation_cache.cc:113] XLA compilation cache fetch for computation 'jit_reshape' (key 9c9ad116eb42ae3e) took 262.711939ms: PERSISTENT_FETCH
I0828 01:42:43.650494    3252 server_lib.cc:1855] Attempting to load component jit_reshape.4583327957303543400 @ 0 at worker after 968.876us (proto size 2409)
I0828 01:42:43.671911    1292 tpu_chip_config.cc:367] Resolved chip config alias megachip_tccontrol->megacore for 2093c6a02, 
I0828 01:42:43.673372    1292 tpu_chip_config.cc:367] Resolved chip config alias megachip_tccontrol->megacore for 2093c6a02, 
I0828 01:42:43.674144    1292 xla_compilation_cache.cc:113] XLA compilation cache fetch for computation 'jit_reshape' (key 8be37366b7aa4e4a) took 222.346795ms: PERSISTENT_FETCH
I0828 01:42:43.863645    3252 server_lib.cc:1855] Attempting to load component jit_reshape.927922527692929563 @ 0 at worker after 1.044544ms (proto size 2408)
I0828 01:42:43.874240    1291 tpu_chip_config.cc:367] Resolved chip config alias megachip_tccontrol->megacore for 2093c6a02, 
I0828 01:42:43.875709    1291 tpu_chip_config.cc:367] Resolved chip config alias megachip_tccontrol->megacore for 2093c6a02, 
I0828 01:42:43.876479    1291 xla_compilation_cache.cc:113] XLA compilation cache fetch for computation 'jit_reshape' (key c1f625e92d5ba2d1) took 225.993873ms: PERSISTENT_FETCH
I0828 01:42:44.064525    3217 server_lib.cc:1855] Attempting to load component jit_reshape.4583327957303545151 @ 0 at worker after 913.661us (proto size 2409)
I0828 01:42:44.077128    1292 tpu_chip_config.cc:367] Resolved chip config alias megachip_tccontrol->megacore for 2093c6a02, 
I0828 01:42:44.078620    1292 tpu_chip_config.cc:367] Resolved chip config alias megachip_tccontrol->megacore for 2093c6a02, 
I0828 01:42:44.079367    1292 xla_compilation_cache.cc:113] XLA compilation cache fetch for computation 'jit_reshape' (key d3c0a10bea7d04a4) took 215.729584ms: PERSISTENT_FETCH
I0828 01:42:44.267757    1291 tpu_chip_config.cc:367] Resolved chip config alias megachip_tccontrol->megacore for 2093c6a02, 
I0828 01:42:44.269205    1291 tpu_chip_config.cc:367] Resolved chip config alias megachip_tccontrol->megacore for 2093c6a02, 
I0828 01:42:44.269942    1291 xla_compilation_cache.cc:113] XLA compilation cache fetch for computation 'jit_reshape' (key 8d1c15d44e529b0a) took 205.425618ms: PERSISTENT_FETCH
I0828 01:42:44.352670    3252 server_lib.cc:1855] Attempting to load component jit_sample.927922527692927138 @ 0 at worker after 878.454us (proto size 2518)
I0828 01:42:45.970359    1291 tpu_chip_config.cc:367] Resolved chip config alias megachip_tccontrol->megacore for 2093c6a02, 
I0828 01:42:45.972359    1291 tpu_chip_config.cc:367] Resolved chip config alias megachip_tccontrol->megacore for 2093c6a02, 
I0828 01:42:45.974717    1291 xla_compilation_cache.cc:113] XLA compilation cache fetch for computation 'jit_sample' (key 7eca2d9638baddc8) took 1.622054168s: PERSISTENT_FETCH
I0828 01:42:46.005353    3307 server_lib.cc:1855] Attempting to load component jit_zt_ro_logprob_gather.4583327957303542806 @ 0 at worker after 1.563518ms (proto size 2507)
I0828 01:42:46.582916    3307 server_lib.cc:1855] Attempting to load component jit_reshape.927922527692928809 @ 0 at worker after 1.045572ms (proto size 2414)
I0828 01:42:46.600727    1291 tpu_chip_config.cc:367] Resolved chip config alias megachip_tccontrol->megacore for 2093c6a02, 
I0828 01:42:46.602387    1291 tpu_chip_config.cc:367] Resolved chip config alias megachip_tccontrol->megacore for 2093c6a02, 
I0828 01:42:46.603565    1291 xla_compilation_cache.cc:113] XLA compilation cache fetch for computation 'jit_zt_ro_logprob_gather' (key 9a534f94ee2a16fd) took 598.414253ms: PERSISTENT_FETCH
I0828 01:42:46.786955    3217 server_lib.cc:1855] Attempting to load component jit_reshape.4583327957303544557 @ 0 at worker after 915.586us (proto size 2415)
I0828 01:42:46.800179    1292 tpu_chip_config.cc:367] Resolved chip config alias megachip_tccontrol->megacore for 2093c6a02, 
I0828 01:42:46.801716    1292 tpu_chip_config.cc:367] Resolved chip config alias megachip_tccontrol->megacore for 2093c6a02, 
I0828 01:42:46.802446    1292 xla_compilation_cache.cc:113] XLA compilation cache fetch for computation 'jit_reshape' (key c48cc93672326442) took 219.540369ms: PERSISTENT_FETCH
I0828 01:42:46.973198    3267 server_lib.cc:1855] Attempting to load component jit_reshape.927922527692930480 @ 0 at worker after 956.812us (proto size 2414)
I0828 01:42:46.989936    1291 tpu_chip_config.cc:367] Resolved chip config alias megachip_tccontrol->megacore for 2093c6a02, 
I0828 01:42:46.991415    1291 tpu_chip_config.cc:367] Resolved chip config alias megachip_tccontrol->megacore for 2093c6a02, 
I0828 01:42:46.992147    1291 xla_compilation_cache.cc:113] XLA compilation cache fetch for computation 'jit_reshape' (key 31779064f09ea7a3) took 205.200939ms: PERSISTENT_FETCH
I0828 01:42:47.169947    3267 server_lib.cc:1855] Attempting to load component jit_reshape.4583327957303542212 @ 0 at worker after 977.86us (proto size 2414)
I0828 01:42:47.185482    1292 tpu_chip_config.cc:367] Resolved chip config alias megachip_tccontrol->megacore for 2093c6a02, 
I0828 01:42:47.186974    1292 tpu_chip_config.cc:367] Resolved chip config alias megachip_tccontrol->megacore for 2093c6a02, 
I0828 01:42:47.187708    1292 xla_compilation_cache.cc:113] XLA compilation cache fetch for computation 'jit_reshape' (key b74041f4de2c4d69) took 214.518247ms: PERSISTENT_FETCH
I0828 01:42:47.401884    1291 tpu_chip_config.cc:367] Resolved chip config alias megachip_tccontrol->megacore for 2093c6a02, 
I0828 01:42:47.403322    1291 tpu_chip_config.cc:367] Resolved chip config alias megachip_tccontrol->megacore for 2093c6a02, 
I0828 01:42:47.404052    1291 xla_compilation_cache.cc:113] XLA compilation cache fetch for computation 'jit_reshape' (key f4c2dbb4df7860f) took 234.112323ms: PERSISTENT_FETCH
I0828 01:42:48.138926    3255 server_lib.cc:1855] Attempting to load component jit__select_from_array_fn.1182302940440487511 @ 0 at worker after 1.012654ms (proto size 2463)
I0828 01:42:48.667967    3267 server_lib.cc:1855] Attempting to load component jit_convert_element_type.11097614078210886351 @ 0 at worker after 894.071us (proto size 2441)
I0828 01:42:48.676196    1291 tpu_chip_config.cc:367] Resolved chip config alias megachip_tccontrol->megacore for 2093c6a02, 
I0828 01:42:48.677852    1291 tpu_chip_config.cc:367] Resolved chip config alias megachip_tccontrol->megacore for 2093c6a02, 
I0828 01:42:48.678969    1291 xla_compilation_cache.cc:113] XLA compilation cache fetch for computation 'jit__select_from_array_fn' (key 3987beae83897996) took 540.054212ms: PERSISTENT_FETCH
I0828 01:42:48.915196    1292 tpu_chip_config.cc:367] Resolved chip config alias megachip_tccontrol->megacore for 2093c6a02, 
I0828 01:42:48.916734    1292 tpu_chip_config.cc:367] Resolved chip config alias megachip_tccontrol->megacore for 2093c6a02, 
I0828 01:42:48.917475    1292 xla_compilation_cache.cc:113] XLA compilation cache fetch for computation 'jit_convert_element_type' (key b338d3f821f30e49) took 249.517963ms: PERSISTENT_FETCH
I0828 01:42:48.973880    3221 server_lib.cc:1855] Attempting to load component jit_sample.1182302940440487330 @ 0 at worker after 1.172492ms (proto size 2533)
I0828 01:42:50.676999    1292 tpu_chip_config.cc:367] Resolved chip config alias megachip_tccontrol->megacore for 2093c6a02, 
I0828 01:42:50.678987    1292 tpu_chip_config.cc:367] Resolved chip config alias megachip_tccontrol->megacore for 2093c6a02, 
I0828 01:42:50.681195    1292 xla_compilation_cache.cc:113] XLA compilation cache fetch for computation 'jit_sample' (key 382ef079e9d5b946) took 1.707325784s: PERSISTENT_FETCH
W0828 01:43:55.868617    1431 tpu_pjrt_client.cc:2349] PjRt execution dispatch was blocked for 19.145697ms because PjRt's max in-flight computation semaphore is full (limit: 32), which may negatively affect the performance
I0828 01:44:31.645391    3221 server_lib.cc:1855] Attempting to load component jit__identity_fn.14998664224933153484 @ 0 at worker after 1.289129ms (proto size 2445)
I0828 01:44:31.946850    1292 tpu_chip_config.cc:367] Resolved chip config alias megachip_tccontrol->megacore for 2093c6a02, 
I0828 01:44:31.948716    1292 tpu_chip_config.cc:367] Resolved chip config alias megachip_tccontrol->megacore for 2093c6a02, 
I0828 01:44:31.949616    1292 xla_compilation_cache.cc:113] XLA compilation cache fetch for computation 'jit__identity_fn' (key 6f636a871a6fa44d) took 304.241857ms: PERSISTENT_FETCH
I0828 01:44:39.199109    3223 server_lib.cc:1855] Attempting to load component jit__identity_fn.14998664224933154582 @ 0 at worker after 1.324019ms (proto size 2417)
I0828 01:44:39.413860    1292 tpu_chip_config.cc:367] Resolved chip config alias megachip_tccontrol->megacore for 2093c6a02, 
I0828 01:44:39.415677    1292 tpu_chip_config.cc:367] Resolved chip config alias megachip_tccontrol->megacore for 2093c6a02, 
I0828 01:44:39.416543    1292 xla_compilation_cache.cc:113] XLA compilation cache fetch for computation 'jit__identity_fn' (key 6d5b6a0ed7cbf066) took 217.448777ms: PERSISTENT_FETCH
I0828 01:44:39.662886    3255 server_lib.cc:1855] Attempting to load component jit__identity_fn.14998664224933152161 @ 0 at worker after 866.489us (proto size 2417)
I0828 01:44:39.873269    1292 tpu_chip_config.cc:367] Resolved chip config alias megachip_tccontrol->megacore for 2093c6a02, 
I0828 01:44:39.874905    1292 tpu_chip_config.cc:367] Resolved chip config alias megachip_tccontrol->megacore for 2093c6a02, 
I0828 01:44:39.875692    1292 xla_compilation_cache.cc:113] XLA compilation cache fetch for computation 'jit__identity_fn' (key b4a5135a71b2c830) took 212.814416ms: PERSISTENT_FETCH
I0828 01:44:40.113591    3255 server_lib.cc:1855] Attempting to load component jit__identity_fn.14998664224933153836 @ 0 at worker after 925.365us (proto size 2417)
I0828 01:44:40.334147    1292 tpu_chip_config.cc:367] Resolved chip config alias megachip_tccontrol->megacore for 2093c6a02, 
I0828 01:44:40.335633    1292 tpu_chip_config.cc:367] Resolved chip config alias megachip_tccontrol->megacore for 2093c6a02, 
I0828 01:44:40.336382    1292 xla_compilation_cache.cc:113] XLA compilation cache fetch for computation 'jit__identity_fn' (key 2bfd7fc3a9afa996) took 222.799125ms: PERSISTENT_FETCH
I0828 01:44:40.572268    3299 server_lib.cc:1855] Attempting to load component jit__identity_fn.14998664224933151415 @ 0 at worker after 910.583us (proto size 2417)
I0828 01:44:40.774945    1292 tpu_chip_config.cc:367] Resolved chip config alias megachip_tccontrol->megacore for 2093c6a02, 
I0828 01:44:40.776382    1292 tpu_chip_config.cc:367] Resolved chip config alias megachip_tccontrol->megacore for 2093c6a02, 
I0828 01:44:40.777126    1292 xla_compilation_cache.cc:113] XLA compilation cache fetch for computation 'jit__identity_fn' (key 7855638037c7f39d) took 204.867282ms: PERSISTENT_FETCH
I0828 01:44:41.015707    3221 server_lib.cc:1855] Attempting to load component jit__identity_fn.14998664224933153090 @ 0 at worker after 914.597us (proto size 2415)
I0828 01:44:41.222115    1292 tpu_chip_config.cc:367] Resolved chip config alias megachip_tccontrol->megacore for 2093c6a02, 
I0828 01:44:41.223529    1292 tpu_chip_config.cc:367] Resolved chip config alias megachip_tccontrol->megacore for 2093c6a02, 
I0828 01:44:41.224466    1292 xla_compilation_cache.cc:113] XLA compilation cache fetch for computation 'jit__identity_fn' (key 9c7c9228e9e45e2b) took 208.767687ms: PERSISTENT_FETCH
I0828 01:44:42.576810    3209 server_lib.cc:1855] Attempting to load component jit_zt_tr_fwd_embed.14998664224933154765 @ 0 at worker after 1.522482ms (proto size 2453)
I0828 01:44:43.985481    1292 tpu_chip_config.cc:367] Resolved chip config alias megachip_tccontrol->megacore for 2093c6a02, 
I0828 01:44:43.987927    1292 tpu_chip_config.cc:367] Resolved chip config alias megachip_tccontrol->megacore for 2093c6a02, 
I0828 01:44:43.991220    1292 xla_compilation_cache.cc:113] XLA compilation cache fetch for computation 'jit_zt_tr_fwd_embed' (key 62df0e6647519d4a) took 1.41442586s: PERSISTENT_FETCH
I0828 01:44:44.614826    3209 server_lib.cc:1855] Attempting to load component jit_zt_tr_fwd_layer.5734983100396399430 @ 0 at worker after 1.58155ms (proto size 2876)
I0828 01:44:45.501540    1292 tpu_chip_config.cc:367] Resolved chip config alias megachip_tccontrol->megacore for 2093c6a02, 
I0828 01:44:45.503369    1292 tpu_chip_config.cc:367] Resolved chip config alias megachip_tccontrol->megacore for 2093c6a02, 
I0828 01:44:45.505066    1292 xla_compilation_cache.cc:113] XLA compilation cache fetch for computation 'jit_zt_tr_fwd_layer' (key c9be4c8c2ba991f7) took 890.254448ms: PERSISTENT_FETCH
I0828 01:45:09.314050    3209 server_lib.cc:1855] Attempting to load component jit_zt_tr_fwd_norm.5734983100396400403 @ 0 at worker after 1.151945ms (proto size 2449)
I0828 01:45:09.608561    1292 tpu_chip_config.cc:367] Resolved chip config alias megachip_tccontrol->megacore for 2093c6a02, 
I0828 01:45:09.610405    1292 tpu_chip_config.cc:367] Resolved chip config alias megachip_tccontrol->megacore for 2093c6a02, 
I0828 01:45:09.611310    1292 xla_compilation_cache.cc:113] XLA compilation cache fetch for computation 'jit_zt_tr_fwd_norm' (key e7038f48be528f61) took 297.274525ms: PERSISTENT_FETCH
I0828 01:45:09.618542    3264 server_lib.cc:1855] Attempting to load component jit_zt_tr_fwd_head.14998664224933151964 @ 0 at worker after 1.124177ms (proto size 2456)
I0828 01:45:09.961133    3264 server_lib.cc:1855] Attempting to load component jit_convert_element_type.5734983100396396718 @ 0 at worker after 1.014343ms (proto size 2442)
I0828 01:45:09.969479    1292 tpu_chip_config.cc:367] Resolved chip config alias megachip_tccontrol->megacore for 2093c6a02, 
I0828 01:45:09.971129    1292 tpu_chip_config.cc:367] Resolved chip config alias megachip_tccontrol->megacore for 2093c6a02, 
I0828 01:45:09.972139    1292 xla_compilation_cache.cc:113] XLA compilation cache fetch for computation 'jit_zt_tr_fwd_head' (key 1aaaf33cf76a5869) took 353.608886ms: PERSISTENT_FETCH
I0828 01:45:10.194748    1291 tpu_chip_config.cc:367] Resolved chip config alias megachip_tccontrol->megacore for 2093c6a02, 
I0828 01:45:10.196266    1291 tpu_chip_config.cc:367] Resolved chip config alias megachip_tccontrol->megacore for 2093c6a02, 
I0828 01:45:10.197048    1291 xla_compilation_cache.cc:113] XLA compilation cache fetch for computation 'jit_convert_element_type' (key af38911986a18cec) took 235.925882ms: PERSISTENT_FETCH
I0828 01:45:10.277535    3264 server_lib.cc:1855] Attempting to load component jit_zt_tr_fwd_logprob.14998664224933153639 @ 0 at worker after 1.21256ms (proto size 2486)
I0828 01:45:10.976413    3264 server_lib.cc:1855] Attempting to load component jit_reshape.5734983100396397129 @ 0 at worker after 958.324us (proto size 2409)
I0828 01:45:10.982547    1291 tpu_chip_config.cc:367] Resolved chip config alias megachip_tccontrol->megacore for 2093c6a02, 
I0828 01:45:10.984270    1291 tpu_chip_config.cc:367] Resolved chip config alias megachip_tccontrol->megacore for 2093c6a02, 
I0828 01:45:10.985607    1291 xla_compilation_cache.cc:113] XLA compilation cache fetch for computation 'jit_zt_tr_fwd_logprob' (key 8a9dc8c803939224) took 708.08183ms: PERSISTENT_FETCH
I0828 01:45:11.194594    1292 tpu_chip_config.cc:367] Resolved chip config alias megachip_tccontrol->megacore for 2093c6a02, 
I0828 01:45:11.196095    1292 tpu_chip_config.cc:367] Resolved chip config alias megachip_tccontrol->megacore for 2093c6a02, 
I0828 01:45:11.196900    1292 xla_compilation_cache.cc:113] XLA compilation cache fetch for computation 'jit_reshape' (key 38ed3caedf61d993) took 220.49575ms: PERSISTENT_FETCH
W0828 01:45:11.287177    1428 tpu_pjrt_client.cc:2349] PjRt execution dispatch was blocked for 7.45923ms because PjRt's max in-flight computation semaphore is full (limit: 32), which may negatively affect the performance
I0828 01:45:11.686252    3255 server_lib.cc:1855] Attempting to load component jit_concatenate.5734983100396396760 @ 0 at worker after 984.647us (proto size 2565)
I0828 01:45:11.920400    3223 server_lib.cc:1855] Attempting to load component jit_take_along_axis.14998664224933153442 @ 0 at worker after 1.000115ms (proto size 2453)
I0828 01:45:11.926481    1292 tpu_chip_config.cc:367] Resolved chip config alias megachip_tccontrol->megacore for 2093c6a02, 
I0828 01:45:11.928013    1292 tpu_chip_config.cc:367] Resolved chip config alias megachip_tccontrol->megacore for 2093c6a02, 
I0828 01:45:11.929001    1292 xla_compilation_cache.cc:113] XLA compilation cache fetch for computation 'jit_concatenate' (key 568c6735546136e3) took 242.759774ms: PERSISTENT_FETCH
I0828 01:45:12.206042    1291 tpu_chip_config.cc:367] Resolved chip config alias megachip_tccontrol->megacore for 2093c6a02, 
I0828 01:45:12.207495    1291 tpu_chip_config.cc:367] Resolved chip config alias megachip_tccontrol->megacore for 2093c6a02, 
I0828 01:45:12.208536    1291 xla_compilation_cache.cc:113] XLA compilation cache fetch for computation 'jit_take_along_axis' (key 82330c40d023bf6d) took 288.145704ms: PERSISTENT_FETCH
I0828 01:45:12.678642    3223 server_lib.cc:1855] Attempting to load component jit__where.5734983100396397582 @ 0 at worker after 1.078466ms (proto size 2459)
I0828 01:45:12.891079    1291 tpu_chip_config.cc:367] Resolved chip config alias megachip_tccontrol->megacore for 2093c6a02, 
I0828 01:45:12.892765    1291 tpu_chip_config.cc:367] Resolved chip config alias megachip_tccontrol->megacore for 2093c6a02, 
I0828 01:45:12.893625    1291 xla_compilation_cache.cc:113] XLA compilation cache fetch for computation 'jit__where' (key 1ce423fa11e4cc5b) took 214.99304ms: PERSISTENT_FETCH
I0828 01:45:28.265696    3264 server_lib.cc:1855] Attempting to load component jit_concatenate.5734983100396397585 @ 0 at worker after 1.0339ms (proto size 2613)
I0828 01:45:28.502997    3321 server_lib.cc:1855] Attempting to load component jit_take_along_axis.14998664224933152317 @ 0 at worker after 1.066255ms (proto size 2453)
I0828 01:45:28.512782    1291 tpu_chip_config.cc:367] Resolved chip config alias megachip_tccontrol->megacore for 2093c6a02, 
I0828 01:45:28.514518    1291 tpu_chip_config.cc:367] Resolved chip config alias megachip_tccontrol->megacore for 2093c6a02, 
I0828 01:45:28.515690    1291 xla_compilation_cache.cc:113] XLA compilation cache fetch for computation 'jit_concatenate' (key 5d90f996a5dc2c37) took 250.007135ms: PERSISTENT_FETCH
I0828 01:45:28.805402    1292 tpu_chip_config.cc:367] Resolved chip config alias megachip_tccontrol->megacore for 2093c6a02, 
I0828 01:45:28.807007    1292 tpu_chip_config.cc:367] Resolved chip config alias megachip_tccontrol->megacore for 2093c6a02, 
I0828 01:45:28.808120    1292 xla_compilation_cache.cc:113] XLA compilation cache fetch for computation 'jit_take_along_axis' (key bfa23da881521e79) took 305.133627ms: PERSISTENT_FETCH
I0828 01:45:35.100943    3264 server_lib.cc:1855] Attempting to load component jit_concatenate.14998664224933154513 @ 0 at worker after 1.015434ms (proto size 2542)
I0828 01:45:35.340413    3205 server_lib.cc:1855] Attempting to load component jit_take_along_axis.5734983100396397012 @ 0 at worker after 1.119012ms (proto size 2452)
I0828 01:45:35.350531    1292 tpu_chip_config.cc:367] Resolved chip config alias megachip_tccontrol->megacore for 2093c6a02, 
I0828 01:45:35.352311    1292 tpu_chip_config.cc:367] Resolved chip config alias megachip_tccontrol->megacore for 2093c6a02, 
I0828 01:45:35.353463    1292 xla_compilation_cache.cc:113] XLA compilation cache fetch for computation 'jit_concatenate' (key 5c6ec3408ed5983a) took 252.532964ms: PERSISTENT_FETCH
I0828 01:45:35.625370    1291 tpu_chip_config.cc:367] Resolved chip config alias megachip_tccontrol->megacore for 2093c6a02, 
I0828 01:45:35.627010    1291 tpu_chip_config.cc:367] Resolved chip config alias megachip_tccontrol->megacore for 2093c6a02, 
I0828 01:45:35.628064    1291 xla_compilation_cache.cc:113] XLA compilation cache fetch for computation 'jit_take_along_axis' (key 2eeefa3982b961ae) took 287.661564ms: PERSISTENT_FETCH
I0828 01:45:40.522299    3267 server_lib.cc:1855] Attempting to load component jit_concatenate.14998664224933152430 @ 0 at worker after 967.949us (proto size 2590)
I0828 01:45:40.752764    3321 server_lib.cc:1855] Attempting to load component jit_take_along_axis.1570370967876935261 @ 0 at worker after 998.249us (proto size 2452)
I0828 01:45:40.758887    1291 tpu_chip_config.cc:367] Resolved chip config alias megachip_tccontrol->megacore for 2093c6a02, 
I0828 01:45:40.760639    1291 tpu_chip_config.cc:367] Resolved chip config alias megachip_tccontrol->megacore for 2093c6a02, 
I0828 01:45:40.761773    1291 xla_compilation_cache.cc:113] XLA compilation cache fetch for computation 'jit_concatenate' (key de8422427e9e60c8) took 239.486851ms: PERSISTENT_FETCH
I0828 01:45:41.042945    1292 tpu_chip_config.cc:367] Resolved chip config alias megachip_tccontrol->megacore for 2093c6a02, 
I0828 01:45:41.044532    1292 tpu_chip_config.cc:367] Resolved chip config alias megachip_tccontrol->megacore for 2093c6a02, 
I0828 01:45:41.045561    1292 xla_compilation_cache.cc:113] XLA compilation cache fetch for computation 'jit_take_along_axis' (key 9dde9fffe6fe5aa4) took 292.80719ms: PERSISTENT_FETCH
W0828 01:46:11.294461    1431 tpu_pjrt_client.cc:2349] PjRt execution dispatch was blocked for 8.490499ms because PjRt's max in-flight computation semaphore is full (limit: 32), which may negatively affect the performance
I0828 01:46:20.805333    3205 server_lib.cc:1855] Attempting to load component jit_concatenate.14998664224933152446 @ 0 at worker after 962.292us (proto size 2638)
I0828 01:46:21.065244    3209 server_lib.cc:1855] Attempting to load component jit_take_along_axis.1570370967876933258 @ 0 at worker after 1.039415ms (proto size 2452)
I0828 01:46:21.070450    1292 tpu_chip_config.cc:367] Resolved chip config alias megachip_tccontrol->megacore for 2093c6a02, 
I0828 01:46:21.072243    1292 tpu_chip_config.cc:367] Resolved chip config alias megachip_tccontrol->megacore for 2093c6a02, 
I0828 01:46:21.073427    1292 xla_compilation_cache.cc:113] XLA compilation cache fetch for computation 'jit_concatenate' (key 8786f4b7466968ec) took 268.108981ms: PERSISTENT_FETCH
I0828 01:46:21.367042    1291 tpu_chip_config.cc:367] Resolved chip config alias megachip_tccontrol->megacore for 2093c6a02, 
I0828 01:46:21.369257    1291 tpu_chip_config.cc:367] Resolved chip config alias megachip_tccontrol->megacore for 2093c6a02, 
I0828 01:46:21.370725    1291 xla_compilation_cache.cc:113] XLA compilation cache fetch for computation 'jit_take_along_axis' (key 3ebe01232863c30a) took 305.493887ms: PERSISTENT_FETCH
I0828 01:46:43.003072    3221 server_lib.cc:1855] Attempting to load component jit_concatenate.1570370967876933282 @ 0 at worker after 960.467us (proto size 2709)
I0828 01:46:43.261517    1291 tpu_chip_config.cc:367] Resolved chip config alias megachip_tccontrol->megacore for 2093c6a02, 
I0828 01:46:43.262361    3267 server_lib.cc:1855] Attempting to load component jit_take_along_axis.8339433792461643543 @ 0 at worker after 1.833625ms (proto size 2452)
I0828 01:46:43.263981    1291 tpu_chip_config.cc:367] Resolved chip config alias megachip_tccontrol->megacore for 2093c6a02, 
I0828 01:46:43.265704    1291 xla_compilation_cache.cc:113] XLA compilation cache fetch for computation 'jit_concatenate' (key 2925e3aee51b382f) took 262.645604ms: PERSISTENT_FETCH
I0828 01:46:43.546159    1292 tpu_chip_config.cc:367] Resolved chip config alias megachip_tccontrol->megacore for 2093c6a02, 
I0828 01:46:43.548395    1292 tpu_chip_config.cc:367] Resolved chip config alias megachip_tccontrol->megacore for 2093c6a02, 
I0828 01:46:43.549864    1292 xla_compilation_cache.cc:113] XLA compilation cache fetch for computation 'jit_take_along_axis' (key 1fc8dbfc149af2b7) took 287.513342ms: PERSISTENT_FETCH
I0828 01:46:46.572491    3264 server_lib.cc:1855] Attempting to load component jit_stack.1570370967876935277 @ 0 at worker after 1.38219ms (proto size 3155)
I0828 01:46:46.867030    3264 server_lib.cc:1855] Attempting to load component jit_swapaxes.8339433792461642520 @ 0 at worker after 920.433us (proto size 2420)
I0828 01:46:46.878405    1292 tpu_chip_config.cc:367] Resolved chip config alias megachip_tccontrol->megacore for 2093c6a02, 
I0828 01:46:46.880259    1292 tpu_chip_config.cc:367] Resolved chip config alias megachip_tccontrol->megacore for 2093c6a02, 
I0828 01:46:46.882230    1292 xla_compilation_cache.cc:113] XLA compilation cache fetch for computation 'jit_stack' (key 8428a621a5cb379) took 309.751691ms: PERSISTENT_FETCH
I0828 01:46:47.084404    3321 server_lib.cc:1855] Attempting to load component jit_reshape.1570370967876932378 @ 0 at worker after 952.536us (proto size 2416)
I0828 01:46:47.090185    1291 tpu_chip_config.cc:367] Resolved chip config alias megachip_tccontrol->megacore for 2093c6a02, 
I0828 01:46:47.091794    1291 tpu_chip_config.cc:367] Resolved chip config alias megachip_tccontrol->megacore for 2093c6a02, 
I0828 01:46:47.092592    1291 xla_compilation_cache.cc:113] XLA compilation cache fetch for computation 'jit_swapaxes' (key a1e18c865e950b7d) took 225.569542ms: PERSISTENT_FETCH
I0828 01:46:47.292331    3205 server_lib.cc:1855] Attempting to load component jit_convert_element_type.8339433792461641497 @ 0 at worker after 951.62us (proto size 2440)
I0828 01:46:47.308283    1292 tpu_chip_config.cc:367] Resolved chip config alias megachip_tccontrol->megacore for 2093c6a02, 
I0828 01:46:47.309796    1292 tpu_chip_config.cc:367] Resolved chip config alias megachip_tccontrol->megacore for 2093c6a02, 
I0828 01:46:47.310542    1292 xla_compilation_cache.cc:113] XLA compilation cache fetch for computation 'jit_reshape' (key f832a1c7cc398f65) took 226.146793ms: PERSISTENT_FETCH
I0828 01:46:47.509431    1291 tpu_chip_config.cc:367] Resolved chip config alias megachip_tccontrol->megacore for 2093c6a02, 
I0828 01:46:47.510902    1291 tpu_chip_config.cc:367] Resolved chip config alias megachip_tccontrol->megacore for 2093c6a02, 
I0828 01:46:47.511695    1291 xla_compilation_cache.cc:113] XLA compilation cache fetch for computation 'jit_convert_element_type' (key 9029c4266e5b3b24) took 219.374239ms: PERSISTENT_FETCH
I0828 01:46:47.695287    3321 server_lib.cc:1855] Attempting to load component jit_subtract.8339433792461640133 @ 0 at worker after 1.087861ms (proto size 2441)
I0828 01:46:47.918477    1291 tpu_chip_config.cc:367] Resolved chip config alias megachip_tccontrol->megacore for 2093c6a02, 
I0828 01:46:47.919982    1291 tpu_chip_config.cc:367] Resolved chip config alias megachip_tccontrol->megacore for 2093c6a02, 
I0828 01:46:47.920724    1291 xla_compilation_cache.cc:113] XLA compilation cache fetch for computation 'jit_subtract' (key 48a79db89077f304) took 225.445484ms: PERSISTENT_FETCH
I0828 01:46:48.163953    3255 server_lib.cc:1855] Attempting to load component jit_negative.1570370967876935570 @ 0 at worker after 1.227973ms (proto size 2416)
I0828 01:46:48.366793    3255 server_lib.cc:1855] Attempting to load component jit_multiply.8339433792461642183 @ 0 at worker after 1.062951ms (proto size 2467)
I0828 01:46:48.375220    1291 tpu_chip_config.cc:367] Resolved chip config alias megachip_tccontrol->megacore for 2093c6a02, 
I0828 01:46:48.376649    1291 tpu_chip_config.cc:367] Resolved chip config alias megachip_tccontrol->megacore for 2093c6a02, 
I0828 01:46:48.377357    1291 xla_compilation_cache.cc:113] XLA compilation cache fetch for computation 'jit_negative' (key bed20c5c9751245f) took 213.414696ms: PERSISTENT_FETCH
I0828 01:46:48.583422    3264 server_lib.cc:1855] Attempting to load component jit__reduce_sum.1570370967876932671 @ 0 at worker after 947.978us (proto size 2408)
I0828 01:46:48.602130    1292 tpu_chip_config.cc:367] Resolved chip config alias megachip_tccontrol->megacore for 2093c6a02, 
I0828 01:46:48.603591    1292 tpu_chip_config.cc:367] Resolved chip config alias megachip_tccontrol->megacore for 2093c6a02, 
I0828 01:46:48.604356    1292 xla_compilation_cache.cc:113] XLA compilation cache fetch for computation 'jit_multiply' (key 7fdfa743282370b1) took 237.569006ms: PERSISTENT_FETCH
I0828 01:46:48.796414    1291 tpu_chip_config.cc:367] Resolved chip config alias megachip_tccontrol->megacore for 2093c6a02, 
I0828 01:46:48.797877    1291 tpu_chip_config.cc:367] Resolved chip config alias megachip_tccontrol->megacore for 2093c6a02, 
I0828 01:46:48.798686    1291 xla_compilation_cache.cc:113] XLA compilation cache fetch for computation 'jit__reduce_sum' (key 5e6da6efca03ab3b) took 215.273743ms: PERSISTENT_FETCH
I0828 01:46:48.799121    3205 server_lib.cc:1855] Attempting to load component jit_clip.8339433792461641160 @ 0 at worker after 1.075257ms (proto size 2481)
I0828 01:46:49.048228    3321 server_lib.cc:1855] Attempting to load component jit__reduce_sum.1570370967876934666 @ 0 at worker after 1.00162ms (proto size 2418)
I0828 01:46:49.049096    1291 tpu_chip_config.cc:367] Resolved chip config alias megachip_tccontrol->megacore for 2093c6a02, 
I0828 01:46:49.050516    1291 tpu_chip_config.cc:367] Resolved chip config alias megachip_tccontrol->megacore for 2093c6a02, 
I0828 01:46:49.051382    1291 xla_compilation_cache.cc:113] XLA compilation cache fetch for computation 'jit_clip' (key 23e328b896f2a193) took 252.271383ms: PERSISTENT_FETCH
I0828 01:46:49.258184    1292 tpu_chip_config.cc:367] Resolved chip config alias megachip_tccontrol->megacore for 2093c6a02, 
I0828 01:46:49.259635    1292 tpu_chip_config.cc:367] Resolved chip config alias megachip_tccontrol->megacore for 2093c6a02, 
I0828 01:46:49.260408    1292 xla_compilation_cache.cc:113] XLA compilation cache fetch for computation 'jit__reduce_sum' (key bf82337d1fc2a392) took 212.189484ms: PERSISTENT_FETCH
I0828 01:46:49.438023    3255 server_lib.cc:1855] Attempting to load component jit_true_divide.8339433792461643210 @ 0 at worker after 970.393us (proto size 2456)
I0828 01:46:49.656033    3264 server_lib.cc:1855] Attempting to load component jit_subtract.1570370967876932964 @ 0 at worker after 920.009us (proto size 2441)
I0828 01:46:49.657728    1292 tpu_chip_config.cc:367] Resolved chip config alias megachip_tccontrol->megacore for 2093c6a02, 
I0828 01:46:49.659161    1292 tpu_chip_config.cc:367] Resolved chip config alias megachip_tccontrol->megacore for 2093c6a02, 
I0828 01:46:49.659920    1292 xla_compilation_cache.cc:113] XLA compilation cache fetch for computation 'jit_true_divide' (key bcd016b09189073b) took 221.904738ms: PERSISTENT_FETCH
I0828 01:46:49.861777    3264 server_lib.cc:1855] Attempting to load component jit_broadcast_in_dim.8339433792461642187 @ 0 at worker after 1.062197ms (proto size 2427)
I0828 01:46:49.873286    1291 tpu_chip_config.cc:367] Resolved chip config alias megachip_tccontrol->megacore for 2093c6a02, 
I0828 01:46:49.874712    1291 tpu_chip_config.cc:367] Resolved chip config alias megachip_tccontrol->megacore for 2093c6a02, 
I0828 01:46:49.875428    1291 xla_compilation_cache.cc:113] XLA compilation cache fetch for computation 'jit_subtract' (key 1ed3ef5a49c45b74) took 219.403419ms: PERSISTENT_FETCH
I0828 01:46:50.064746    3205 server_lib.cc:1855] Attempting to load component jit_add.1570370967876934161 @ 0 at worker after 953.824us (proto size 2430)
I0828 01:46:50.065163    1292 tpu_chip_config.cc:367] Resolved chip config alias megachip_tccontrol->megacore for 2093c6a02, 
I0828 01:46:50.066550    1292 tpu_chip_config.cc:367] Resolved chip config alias megachip_tccontrol->megacore for 2093c6a02, 
I0828 01:46:50.067279    1292 xla_compilation_cache.cc:113] XLA compilation cache fetch for computation 'jit_broadcast_in_dim' (key fdf99b4baecb1df6) took 205.509827ms: PERSISTENT_FETCH
I0828 01:46:50.273498    3205 server_lib.cc:1855] Attempting to load component jit_clip.8339433792461641164 @ 0 at worker after 1.099909ms (proto size 2444)
I0828 01:46:50.277187    1291 tpu_chip_config.cc:367] Resolved chip config alias megachip_tccontrol->megacore for 2093c6a02, 
I0828 01:46:50.278581    1291 tpu_chip_config.cc:367] Resolved chip config alias megachip_tccontrol->megacore for 2093c6a02, 
I0828 01:46:50.279338    1291 xla_compilation_cache.cc:113] XLA compilation cache fetch for computation 'jit_add' (key b180390b42237c42) took 214.599856ms: PERSISTENT_FETCH
I0828 01:46:50.502435    3321 server_lib.cc:1855] Attempting to load component jit_exp.1570370967876931661 @ 0 at worker after 1.0294ms (proto size 2405)
I0828 01:46:50.509780    1292 tpu_chip_config.cc:367] Resolved chip config alias megachip_tccontrol->megacore for 2093c6a02, 
I0828 01:46:50.511168    1292 tpu_chip_config.cc:367] Resolved chip config alias megachip_tccontrol->megacore for 2093c6a02, 
I0828 01:46:50.512044    1292 xla_compilation_cache.cc:113] XLA compilation cache fetch for computation 'jit_clip' (key af6d878a307a75f9) took 238.555542ms: PERSISTENT_FETCH
I0828 01:46:50.709118    1291 tpu_chip_config.cc:367] Resolved chip config alias megachip_tccontrol->megacore for 2093c6a02, 
I0828 01:46:50.710552    1291 tpu_chip_config.cc:367] Resolved chip config alias megachip_tccontrol->megacore for 2093c6a02, 
I0828 01:46:50.711329    1291 xla_compilation_cache.cc:113] XLA compilation cache fetch for computation 'jit_exp' (key 3d439b67ea163a9) took 208.903532ms: PERSISTENT_FETCH
I0828 01:46:51.058946    3205 server_lib.cc:1855] Attempting to load component jit_multiply.8339433792461643214 @ 0 at worker after 1.022848ms (proto size 2440)
I0828 01:46:51.301875    1291 tpu_chip_config.cc:367] Resolved chip config alias megachip_tccontrol->megacore for 2093c6a02, 
I0828 01:46:51.303340    1291 tpu_chip_config.cc:367] Resolved chip config alias megachip_tccontrol->megacore for 2093c6a02, 
I0828 01:46:51.304089    1291 xla_compilation_cache.cc:113] XLA compilation cache fetch for computation 'jit_multiply' (key fc4d2fab9725af8e) took 245.151915ms: PERSISTENT_FETCH
I0828 01:46:51.527997    3255 server_lib.cc:1855] Attempting to load component jit_clip.8339433792461642191 @ 0 at worker after 882.355us (proto size 2481)
I0828 01:46:51.773100    1291 tpu_chip_config.cc:367] Resolved chip config alias megachip_tccontrol->megacore for 2093c6a02, 
I0828 01:46:51.773871    3264 server_lib.cc:1855] Attempting to load component jit_maximum.1570370967876931954 @ 0 at worker after 1.010613ms (proto size 2490)
I0828 01:46:51.774601    1291 tpu_chip_config.cc:367] Resolved chip config alias megachip_tccontrol->megacore for 2093c6a02, 
I0828 01:46:51.775475    1291 xla_compilation_cache.cc:113] XLA compilation cache fetch for computation 'jit_clip' (key e1bbdc25b0e45d2b) took 247.487339ms: PERSISTENT_FETCH
I0828 01:46:52.028069    3205 server_lib.cc:1855] Attempting to load component jit_greater.8339433792461641168 @ 0 at worker after 985.458us (proto size 2439)
I0828 01:46:52.039010    1292 tpu_chip_config.cc:367] Resolved chip config alias megachip_tccontrol->megacore for 2093c6a02, 
I0828 01:46:52.040465    1292 tpu_chip_config.cc:367] Resolved chip config alias megachip_tccontrol->megacore for 2093c6a02, 
I0828 01:46:52.041355    1292 xla_compilation_cache.cc:113] XLA compilation cache fetch for computation 'jit_maximum' (key 20ba3831ab99cb1e) took 267.493104ms: PERSISTENT_FETCH
I0828 01:46:52.223673    3205 server_lib.cc:1855] Attempting to load component jit_convert_element_type.1570370967876933151 @ 0 at worker after 868.246us (proto size 2440)
I0828 01:46:52.228666    1291 tpu_chip_config.cc:367] Resolved chip config alias megachip_tccontrol->megacore for 2093c6a02, 
I0828 01:46:52.230089    1291 tpu_chip_config.cc:367] Resolved chip config alias megachip_tccontrol->megacore for 2093c6a02, 
I0828 01:46:52.230844    1291 xla_compilation_cache.cc:113] XLA compilation cache fetch for computation 'jit_greater' (key fcfa006d15426f67) took 202.784067ms: PERSISTENT_FETCH
I0828 01:46:52.439228    1292 tpu_chip_config.cc:367] Resolved chip config alias megachip_tccontrol->megacore for 2093c6a02, 
I0828 01:46:52.440660    1292 tpu_chip_config.cc:367] Resolved chip config alias megachip_tccontrol->megacore for 2093c6a02, 
I0828 01:46:52.441413    1292 xla_compilation_cache.cc:113] XLA compilation cache fetch for computation 'jit_convert_element_type' (key 9858f12e618f42f9) took 217.749171ms: PERSISTENT_FETCH
I0828 01:46:52.441448    3255 server_lib.cc:1855] Attempting to load component jit_multiply.8339433792461640145 @ 0 at worker after 902.833us (proto size 2441)
I0828 01:46:52.641268    1291 tpu_chip_config.cc:367] Resolved chip config alias megachip_tccontrol->megacore for 2093c6a02, 
I0828 01:46:52.642696    1291 tpu_chip_config.cc:367] Resolved chip config alias megachip_tccontrol->megacore for 2093c6a02, 
I0828 01:46:52.643477    1291 xla_compilation_cache.cc:113] XLA compilation cache fetch for computation 'jit_multiply' (key 56a2f6c0d1c7dce7) took 202.037131ms: PERSISTENT_FETCH
I0828 01:46:52.848823    3321 server_lib.cc:1855] Attempting to load component jit_bitwise_and.1570370967876935545 @ 0 at worker after 1.020271ms (proto size 2446)
I0828 01:46:53.053403    1291 tpu_chip_config.cc:367] Resolved chip config alias megachip_tccontrol->megacore for 2093c6a02, 
I0828 01:46:53.054848    1291 tpu_chip_config.cc:367] Resolved chip config alias megachip_tccontrol->megacore for 2093c6a02, 
I0828 01:46:53.055628    1291 xla_compilation_cache.cc:113] XLA compilation cache fetch for computation 'jit_bitwise_and' (key 4425591f7e345e31) took 206.814753ms: PERSISTENT_FETCH
I0828 01:46:53.318467    3321 server_lib.cc:1855] Attempting to load component jit__reduce_sum.1570370967876932646 @ 0 at worker after 869.323us (proto size 2418)
I0828 01:46:53.534426    1291 tpu_chip_config.cc:367] Resolved chip config alias megachip_tccontrol->megacore for 2093c6a02, 
I0828 01:46:53.535896    1291 tpu_chip_config.cc:367] Resolved chip config alias megachip_tccontrol->megacore for 2093c6a02, 
I0828 01:46:53.536665    1291 xla_compilation_cache.cc:113] XLA compilation cache fetch for computation 'jit__reduce_sum' (key 467c86885ac30774) took 218.2074ms: PERSISTENT_FETCH
I0828 01:46:53.700941    3205 server_lib.cc:1855] Attempting to load component jit_true_divide.1570370967876934242 @ 0 at worker after 966.815us (proto size 2435)
I0828 01:46:53.907639    1291 tpu_chip_config.cc:367] Resolved chip config alias megachip_tccontrol->megacore for 2093c6a02, 
I0828 01:46:53.909052    1291 tpu_chip_config.cc:367] Resolved chip config alias megachip_tccontrol->megacore for 2093c6a02, 
I0828 01:46:53.909769    1291 xla_compilation_cache.cc:113] XLA compilation cache fetch for computation 'jit_true_divide' (key 6c010c44a494a4f8) took 208.837548ms: PERSISTENT_FETCH
I0828 01:46:54.150201    3267 server_lib.cc:1855] Attempting to load component jit__reduce_sum.1570370967876935439 @ 0 at worker after 923.476us (proto size 2404)
I0828 01:46:54.351234    1291 tpu_chip_config.cc:367] Resolved chip config alias megachip_tccontrol->megacore for 2093c6a02, 
I0828 01:46:54.352647    1291 tpu_chip_config.cc:367] Resolved chip config alias megachip_tccontrol->megacore for 2093c6a02, 
I0828 01:46:54.353426    1291 xla_compilation_cache.cc:113] XLA compilation cache fetch for computation 'jit__reduce_sum' (key e26f4f410089f389) took 203.23443ms: PERSISTENT_FETCH
I0828 01:46:54.354263    3321 server_lib.cc:1855] Attempting to load component jit_minimum.8339433792461642881 @ 0 at worker after 988.866us (proto size 2490)
I0828 01:46:54.585477    3267 server_lib.cc:1855] Attempting to load component jit__where.1570370967876932939 @ 0 at worker after 993.839us (proto size 2485)
I0828 01:46:54.594334    1291 tpu_chip_config.cc:367] Resolved chip config alias megachip_tccontrol->megacore for 2093c6a02, 
I0828 01:46:54.595731    1291 tpu_chip_config.cc:367] Resolved chip config alias megachip_tccontrol->megacore for 2093c6a02, 
I0828 01:46:54.596622    1291 xla_compilation_cache.cc:113] XLA compilation cache fetch for computation 'jit_minimum' (key 6b4bcdb9d9819f09) took 242.366803ms: PERSISTENT_FETCH
I0828 01:46:54.811782    1292 tpu_chip_config.cc:367] Resolved chip config alias megachip_tccontrol->megacore for 2093c6a02, 
I0828 01:46:54.813236    1292 tpu_chip_config.cc:367] Resolved chip config alias megachip_tccontrol->megacore for 2093c6a02, 
I0828 01:46:54.814055    1292 xla_compilation_cache.cc:113] XLA compilation cache fetch for computation 'jit__where' (key 4067a05c24b94a) took 228.585479ms: PERSISTENT_FETCH
I0828 01:46:54.819519    3264 server_lib.cc:1855] Attempting to load component jit_true_divide.8339433792461641517 @ 0 at worker after 941.787us (proto size 2456)
I0828 01:46:55.036700    3321 server_lib.cc:1855] Attempting to load component jit__reduce_sum.1570370967876934136 @ 0 at worker after 851.429us (proto size 2404)
I0828 01:46:55.037670    1292 tpu_chip_config.cc:367] Resolved chip config alias megachip_tccontrol->megacore for 2093c6a02, 
I0828 01:46:55.039100    1292 tpu_chip_config.cc:367] Resolved chip config alias megachip_tccontrol->megacore for 2093c6a02, 
I0828 01:46:55.039850    1292 xla_compilation_cache.cc:113] XLA compilation cache fetch for computation 'jit_true_divide' (key af7d453c68d913e2) took 220.339331ms: PERSISTENT_FETCH
I0828 01:46:55.243837    3321 server_lib.cc:1855] Attempting to load component jit_convert_element_type.8339433792461640494 @ 0 at worker after 959.534us (proto size 2412)
I0828 01:46:55.252959    1291 tpu_chip_config.cc:367] Resolved chip config alias megachip_tccontrol->megacore for 2093c6a02, 
I0828 01:46:55.254380    1291 tpu_chip_config.cc:367] Resolved chip config alias megachip_tccontrol->megacore for 2093c6a02, 
I0828 01:46:55.255143    1291 xla_compilation_cache.cc:113] XLA compilation cache fetch for computation 'jit__reduce_sum' (key a01abe6d6260bdc0) took 218.451301ms: PERSISTENT_FETCH
I0828 01:46:55.458695    1292 tpu_chip_config.cc:367] Resolved chip config alias megachip_tccontrol->megacore for 2093c6a02, 
I0828 01:46:55.460068    1292 tpu_chip_config.cc:367] Resolved chip config alias megachip_tccontrol->megacore for 2093c6a02, 
I0828 01:46:55.460779    1292 xla_compilation_cache.cc:113] XLA compilation cache fetch for computation 'jit_convert_element_type' (key 67c9710f4d007cdf) took 216.990713ms: PERSISTENT_FETCH
I0828 01:46:55.470256    3205 server_lib.cc:1855] Attempting to load component jit__mean.1570370967876932035 @ 0 at worker after 986.245us (proto size 2392)
I0828 01:46:55.694699    1292 tpu_chip_config.cc:367] Resolved chip config alias megachip_tccontrol->megacore for 2093c6a02, 
I0828 01:46:55.696136    1292 tpu_chip_config.cc:367] Resolved chip config alias megachip_tccontrol->megacore for 2093c6a02, 
I0828 01:46:55.696934    1292 xla_compilation_cache.cc:113] XLA compilation cache fetch for computation 'jit__mean' (key 8fbbe7f73858282f) took 226.687464ms: PERSISTENT_FETCH
I0828 01:46:55.879093    3321 server_lib.cc:1855] Attempting to load component jit_masked_mean.1570370967876934828 @ 0 at worker after 1.07138ms (proto size 2469)
I0828 01:46:56.100558    1292 tpu_chip_config.cc:367] Resolved chip config alias megachip_tccontrol->megacore for 2093c6a02, 
I0828 01:46:56.101988    1292 tpu_chip_config.cc:367] Resolved chip config alias megachip_tccontrol->megacore for 2093c6a02, 
I0828 01:46:56.102894    1292 xla_compilation_cache.cc:113] XLA compilation cache fetch for computation 'jit_masked_mean' (key e54310776ecaed0) took 223.809768ms: PERSISTENT_FETCH
I0828 01:46:56.321197    3321 server_lib.cc:1855] Attempting to load component jit__where.1570370967876932328 @ 0 at worker after 1.071586ms (proto size 2474)
I0828 01:46:56.530880    1292 tpu_chip_config.cc:367] Resolved chip config alias megachip_tccontrol->megacore for 2093c6a02, 
I0828 01:46:56.532317    1292 tpu_chip_config.cc:367] Resolved chip config alias megachip_tccontrol->megacore for 2093c6a02, 
I0828 01:46:56.533147    1292 xla_compilation_cache.cc:113] XLA compilation cache fetch for computation 'jit__where' (key 9b98bd8f269dc37c) took 211.959235ms: PERSISTENT_FETCH
I0828 01:46:56.534802    3255 server_lib.cc:1855] Attempting to load component jit__reduce_max.8339433792461641180 @ 0 at worker after 929.121us (proto size 2444)
I0828 01:46:56.764147    1292 tpu_chip_config.cc:367] Resolved chip config alias megachip_tccontrol->megacore for 2093c6a02, 
I0828 01:46:56.765592    1292 tpu_chip_config.cc:367] Resolved chip config alias megachip_tccontrol->megacore for 2093c6a02, 
I0828 01:46:56.766392    1292 xla_compilation_cache.cc:113] XLA compilation cache fetch for computation 'jit__reduce_max' (key 580ea8c1d8a6d62d) took 231.600097ms: PERSISTENT_FETCH
I0828 01:46:56.769785    3255 server_lib.cc:1855] Attempting to load component jit__reduce_min.1570370967876934323 @ 0 at worker after 846.563us (proto size 2444)
I0828 01:46:56.958909    1292 tpu_chip_config.cc:367] Resolved chip config alias megachip_tccontrol->megacore for 2093c6a02, 
I0828 01:46:56.960336    1292 tpu_chip_config.cc:367] Resolved chip config alias megachip_tccontrol->megacore for 2093c6a02, 
I0828 01:46:56.961143    3267 server_lib.cc:1855] Attempting to load component jit_abs.8339433792461640157 @ 0 at worker after 1.015219ms (proto size 2431)
I0828 01:46:56.961171    1292 xla_compilation_cache.cc:113] XLA compilation cache fetch for computation 'jit__reduce_min' (key 6383e1f9741ecbc0) took 191.392379ms: PERSISTENT_FETCH
I0828 01:46:57.163487    1291 tpu_chip_config.cc:367] Resolved chip config alias megachip_tccontrol->megacore for 2093c6a02, 
I0828 01:46:57.164969    1291 tpu_chip_config.cc:367] Resolved chip config alias megachip_tccontrol->megacore for 2093c6a02, 
I0828 01:46:57.165761    1291 xla_compilation_cache.cc:113] XLA compilation cache fetch for computation 'jit_abs' (key e7a1541ed2e03f84) took 204.626095ms: PERSISTENT_FETCH
I0828 01:46:59.389688    3221 server_lib.cc:1855] Attempting to load component jit_broadcast_in_dim.8339433792461642556 @ 0 at worker after 993.649us (proto size 2414)
I0828 01:46:59.587940    3221 server_lib.cc:1855] Attempting to load component jit_div.1570370967876932808 @ 0 at worker after 931.661us (proto size 2419)
I0828 01:46:59.595374    1291 tpu_chip_config.cc:367] Resolved chip config alias megachip_tccontrol->megacore for 2093c6a02, 
I0828 01:46:59.597063    1291 tpu_chip_config.cc:367] Resolved chip config alias megachip_tccontrol->megacore for 2093c6a02, 
I0828 01:46:59.597896    1291 xla_compilation_cache.cc:113] XLA compilation cache fetch for computation 'jit_broadcast_in_dim' (key 915a3c865f22631e) took 208.22003ms: PERSISTENT_FETCH
I0828 01:46:59.806063    3267 server_lib.cc:1855] Attempting to load component jit_broadcast_in_dim.8339433792461641533 @ 0 at worker after 958.454us (proto size 2428)
I0828 01:46:59.810771    1292 tpu_chip_config.cc:367] Resolved chip config alias megachip_tccontrol->megacore for 2093c6a02, 
I0828 01:46:59.812254    1292 tpu_chip_config.cc:367] Resolved chip config alias megachip_tccontrol->megacore for 2093c6a02, 
I0828 01:46:59.813150    1292 xla_compilation_cache.cc:113] XLA compilation cache fetch for computation 'jit_div' (key 65a6afbb31ee3cd7) took 225.21801ms: PERSISTENT_FETCH
I0828 01:47:00.017515    3221 server_lib.cc:1855] Attempting to load component jit_mul.1570370967876934005 @ 0 at worker after 926.018us (proto size 2431)
I0828 01:47:00.023038    1291 tpu_chip_config.cc:367] Resolved chip config alias megachip_tccontrol->megacore for 2093c6a02, 
I0828 01:47:00.024485    1291 tpu_chip_config.cc:367] Resolved chip config alias megachip_tccontrol->megacore for 2093c6a02, 
I0828 01:47:00.025219    1291 xla_compilation_cache.cc:113] XLA compilation cache fetch for computation 'jit_broadcast_in_dim' (key 397bb6dc0e9dcc90) took 219.165108ms: PERSISTENT_FETCH
I0828 01:47:00.225028    3267 server_lib.cc:1855] Attempting to load component jit__where.8339433792461640510 @ 0 at worker after 982.62us (proto size 2463)
I0828 01:47:00.231413    1292 tpu_chip_config.cc:367] Resolved chip config alias megachip_tccontrol->megacore for 2093c6a02, 
I0828 01:47:00.232845    1292 tpu_chip_config.cc:367] Resolved chip config alias megachip_tccontrol->megacore for 2093c6a02, 
I0828 01:47:00.233563    1292 xla_compilation_cache.cc:113] XLA compilation cache fetch for computation 'jit_mul' (key f4f3802c25177a67) took 216.057477ms: PERSISTENT_FETCH
I0828 01:47:00.428822    3221 server_lib.cc:1855] Attempting to load component jit_add.1570370967876935202 @ 0 at worker after 896.609us (proto size 2431)
I0828 01:47:00.438262    1291 tpu_chip_config.cc:367] Resolved chip config alias megachip_tccontrol->megacore for 2093c6a02, 
I0828 01:47:00.439695    1291 tpu_chip_config.cc:367] Resolved chip config alias megachip_tccontrol->megacore for 2093c6a02, 
I0828 01:47:00.440481    1291 xla_compilation_cache.cc:113] XLA compilation cache fetch for computation 'jit__where' (key 7f56ff652afe96d7) took 215.461909ms: PERSISTENT_FETCH
I0828 01:47:00.636271    3209 server_lib.cc:1855] Attempting to load component jit_mul.8339433792461643583 @ 0 at worker after 846.911us (proto size 2430)
I0828 01:47:00.653267    1292 tpu_chip_config.cc:367] Resolved chip config alias megachip_tccontrol->megacore for 2093c6a02, 
I0828 01:47:00.654689    1292 tpu_chip_config.cc:367] Resolved chip config alias megachip_tccontrol->megacore for 2093c6a02, 
I0828 01:47:00.655435    1292 xla_compilation_cache.cc:113] XLA compilation cache fetch for computation 'jit_add' (key 5a35754ce5b26cb2) took 226.621928ms: PERSISTENT_FETCH
I0828 01:47:00.834057    1291 tpu_chip_config.cc:367] Resolved chip config alias megachip_tccontrol->megacore for 2093c6a02, 
I0828 01:47:00.835487    1291 tpu_chip_config.cc:367] Resolved chip config alias megachip_tccontrol->megacore for 2093c6a02, 
I0828 01:47:00.835833    3209 server_lib.cc:1855] Attempting to load component jit_clip.1570370967876932303 @ 0 at worker after 835.741us (proto size 2459)
I0828 01:47:00.836283    1291 xla_compilation_cache.cc:113] XLA compilation cache fetch for computation 'jit_mul' (key 7f01b13a9f5debdc) took 200.021933ms: PERSISTENT_FETCH
I0828 01:47:01.059106    1292 tpu_chip_config.cc:367] Resolved chip config alias megachip_tccontrol->megacore for 2093c6a02, 
I0828 01:47:01.059313    3209 server_lib.cc:1855] Attempting to load component jit_clip.8339433792461642560 @ 0 at worker after 820.494us (proto size 2432)
I0828 01:47:01.060543    1292 tpu_chip_config.cc:367] Resolved chip config alias megachip_tccontrol->megacore for 2093c6a02, 
I0828 01:47:01.061333    1292 xla_compilation_cache.cc:113] XLA compilation cache fetch for computation 'jit_clip' (key 5fe9764764ac37e6) took 225.508926ms: PERSISTENT_FETCH
I0828 01:47:01.259301    1291 tpu_chip_config.cc:367] Resolved chip config alias megachip_tccontrol->megacore for 2093c6a02, 
I0828 01:47:01.260727    1291 tpu_chip_config.cc:367] Resolved chip config alias megachip_tccontrol->megacore for 2093c6a02, 
I0828 01:47:01.261436    1291 xla_compilation_cache.cc:113] XLA compilation cache fetch for computation 'jit_clip' (key 211bedc93f50924) took 202.132219ms: PERSISTENT_FETCH
I0828 01:47:01.461807    3264 server_lib.cc:1855] Attempting to load component jit_reshape.1570370967876934298 @ 0 at worker after 957.784us (proto size 2416)
I0828 01:47:01.653748    3264 server_lib.cc:1855] Attempting to load component jit_swapaxes.8339433792461640173 @ 0 at worker after 989.218us (proto size 2420)
I0828 01:47:01.660242    1291 tpu_chip_config.cc:367] Resolved chip config alias megachip_tccontrol->megacore for 2093c6a02, 
I0828 01:47:01.661653    1291 tpu_chip_config.cc:367] Resolved chip config alias megachip_tccontrol->megacore for 2093c6a02, 
I0828 01:47:01.662363    1291 xla_compilation_cache.cc:113] XLA compilation cache fetch for computation 'jit_reshape' (key f20f1c4228371a48) took 200.564609ms: PERSISTENT_FETCH
I0828 01:47:01.856616    1292 tpu_chip_config.cc:367] Resolved chip config alias megachip_tccontrol->megacore for 2093c6a02, 
I0828 01:47:01.858015    1292 tpu_chip_config.cc:367] Resolved chip config alias megachip_tccontrol->megacore for 2093c6a02, 
I0828 01:47:01.858738    1292 xla_compilation_cache.cc:113] XLA compilation cache fetch for computation 'jit_swapaxes' (key 589f9603006d93d4) took 204.99442ms: PERSISTENT_FETCH
I0828 01:47:02.319569    3209 server_lib.cc:1855] Attempting to load component jit_subtract.1570370967876932995 @ 0 at worker after 1.129253ms (proto size 2441)
I0828 01:47:02.507659    3209 server_lib.cc:1855] Attempting to load component jit_negative.8339433792461642223 @ 0 at worker after 1.036644ms (proto size 2416)
I0828 01:47:02.515076    1292 tpu_chip_config.cc:367] Resolved chip config alias megachip_tccontrol->megacore for 2093c6a02, 
I0828 01:47:02.516665    1292 tpu_chip_config.cc:367] Resolved chip config alias megachip_tccontrol->megacore for 2093c6a02, 
I0828 01:47:02.517427    1292 xla_compilation_cache.cc:113] XLA compilation cache fetch for computation 'jit_subtract' (key 504ebbfddc0356d5) took 197.870261ms: PERSISTENT_FETCH
I0828 01:47:02.708860    3205 server_lib.cc:1855] Attempting to load component jit_clip.1570370967876934192 @ 0 at worker after 882.547us (proto size 2430)
I0828 01:47:02.711274    1291 tpu_chip_config.cc:367] Resolved chip config alias megachip_tccontrol->megacore for 2093c6a02, 
I0828 01:47:02.712814    1291 tpu_chip_config.cc:367] Resolved chip config alias megachip_tccontrol->megacore for 2093c6a02, 
I0828 01:47:02.713634    1291 xla_compilation_cache.cc:113] XLA compilation cache fetch for computation 'jit_negative' (key 402ec2ec6e627c79) took 205.984804ms: PERSISTENT_FETCH
I0828 01:47:02.906120    1292 tpu_chip_config.cc:367] Resolved chip config alias megachip_tccontrol->megacore for 2093c6a02, 
I0828 01:47:02.907630    1292 tpu_chip_config.cc:367] Resolved chip config alias megachip_tccontrol->megacore for 2093c6a02, 
I0828 01:47:02.908403    1292 xla_compilation_cache.cc:113] XLA compilation cache fetch for computation 'jit_clip' (key c8f7619b66b920c1) took 199.552303ms: PERSISTENT_FETCH
I0828 01:47:02.908586    3209 server_lib.cc:1855] Attempting to load component jit_true_divide.8339433792461640177 @ 0 at worker after 917.8us (proto size 2435)
I0828 01:47:03.111516    3321 server_lib.cc:1855] Attempting to load component jit_subtract.1570370967876935389 @ 0 at worker after 1.003066ms (proto size 2441)
I0828 01:47:03.112261    1292 tpu_chip_config.cc:367] Resolved chip config alias megachip_tccontrol->megacore for 2093c6a02, 
I0828 01:47:03.113715    1292 tpu_chip_config.cc:367] Resolved chip config alias megachip_tccontrol->megacore for 2093c6a02, 
I0828 01:47:03.114441    1292 xla_compilation_cache.cc:113] XLA compilation cache fetch for computation 'jit_true_divide' (key 399129ac904f6178) took 205.87221ms: PERSISTENT_FETCH
I0828 01:47:03.298629    3267 server_lib.cc:1855] Attempting to load component jit_add.8339433792461643250 @ 0 at worker after 1.0276ms (proto size 2430)
I0828 01:47:03.303898    1291 tpu_chip_config.cc:367] Resolved chip config alias megachip_tccontrol->megacore for 2093c6a02, 
I0828 01:47:03.305363    1291 tpu_chip_config.cc:367] Resolved chip config alias megachip_tccontrol->megacore for 2093c6a02, 
I0828 01:47:03.306097    1291 xla_compilation_cache.cc:113] XLA compilation cache fetch for computation 'jit_subtract' (key 4f9f314165cc6ed4) took 194.595084ms: PERSISTENT_FETCH
I0828 01:47:03.500876    3321 server_lib.cc:1855] Attempting to load component jit_clip.1570370967876932490 @ 0 at worker after 934.071us (proto size 2419)
I0828 01:47:03.505202    1292 tpu_chip_config.cc:367] Resolved chip config alias megachip_tccontrol->megacore for 2093c6a02, 
I0828 01:47:03.506649    1292 tpu_chip_config.cc:367] Resolved chip config alias megachip_tccontrol->megacore for 2093c6a02, 
I0828 01:47:03.507431    1292 xla_compilation_cache.cc:113] XLA compilation cache fetch for computation 'jit_add' (key 17ada02d51ae433f) took 208.81214ms: PERSISTENT_FETCH
I0828 01:47:03.696370    1291 tpu_chip_config.cc:367] Resolved chip config alias megachip_tccontrol->megacore for 2093c6a02, 
I0828 01:47:03.697895    1291 tpu_chip_config.cc:367] Resolved chip config alias megachip_tccontrol->megacore for 2093c6a02, 
I0828 01:47:03.698741    1291 xla_compilation_cache.cc:113] XLA compilation cache fetch for computation 'jit_clip' (key d6014ae046dd580d) took 197.87243ms: PERSISTENT_FETCH
I0828 01:47:03.706168    3267 server_lib.cc:1855] Attempting to load component jit_multiply.1570370967876933687 @ 0 at worker after 826.833us (proto size 2440)
I0828 01:47:03.910312    3267 server_lib.cc:1855] Attempting to load component jit_clip.8339433792461641204 @ 0 at worker after 916.468us (proto size 2430)
I0828 01:47:03.911997    1291 tpu_chip_config.cc:367] Resolved chip config alias megachip_tccontrol->megacore for 2093c6a02, 
I0828 01:47:03.913510    1291 tpu_chip_config.cc:367] Resolved chip config alias megachip_tccontrol->megacore for 2093c6a02, 
I0828 01:47:03.914317    1291 xla_compilation_cache.cc:113] XLA compilation cache fetch for computation 'jit_multiply' (key 15ce43228c2090ff) took 208.157997ms: PERSISTENT_FETCH
I0828 01:47:04.125649    3321 server_lib.cc:1855] Attempting to load component jit_maximum.1570370967876931586 @ 0 at worker after 934.14us (proto size 2439)
I0828 01:47:04.130672    1292 tpu_chip_config.cc:367] Resolved chip config alias megachip_tccontrol->megacore for 2093c6a02, 
I0828 01:47:04.132164    1292 tpu_chip_config.cc:367] Resolved chip config alias megachip_tccontrol->megacore for 2093c6a02, 
I0828 01:47:04.132945    1292 xla_compilation_cache.cc:113] XLA compilation cache fetch for computation 'jit_clip' (key ef0e02618c251389) took 222.639791ms: PERSISTENT_FETCH
I0828 01:47:04.315641    3205 server_lib.cc:1855] Attempting to load component jit_greater.8339433792461640181 @ 0 at worker after 965.312us (proto size 2439)
I0828 01:47:04.317310    1291 tpu_chip_config.cc:367] Resolved chip config alias megachip_tccontrol->megacore for 2093c6a02, 
I0828 01:47:04.318773    1291 tpu_chip_config.cc:367] Resolved chip config alias megachip_tccontrol->megacore for 2093c6a02, 
I0828 01:47:04.319485    1291 xla_compilation_cache.cc:113] XLA compilation cache fetch for computation 'jit_maximum' (key c94b5ba5877ec491) took 193.844019ms: PERSISTENT_FETCH
I0828 01:47:04.512709    1292 tpu_chip_config.cc:367] Resolved chip config alias megachip_tccontrol->megacore for 2093c6a02, 
I0828 01:47:04.514151    1292 tpu_chip_config.cc:367] Resolved chip config alias megachip_tccontrol->megacore for 2093c6a02, 
I0828 01:47:04.514908    1292 xla_compilation_cache.cc:113] XLA compilation cache fetch for computation 'jit_greater' (key 6131758d1172bb37) took 199.275873ms: PERSISTENT_FETCH
I0828 01:47:04.532068    3221 server_lib.cc:1855] Attempting to load component jit_minimum.1570370967876933980 @ 0 at worker after 851.09us (proto size 2439)
I0828 01:47:04.731169    3221 server_lib.cc:1855] Attempting to load component jit__where.8339433792461642913 @ 0 at worker after 907.068us (proto size 2462)
I0828 01:47:04.738864    1292 tpu_chip_config.cc:367] Resolved chip config alias megachip_tccontrol->megacore for 2093c6a02, 
I0828 01:47:04.740358    1292 tpu_chip_config.cc:367] Resolved chip config alias megachip_tccontrol->megacore for 2093c6a02, 
I0828 01:47:04.741138    1292 xla_compilation_cache.cc:113] XLA compilation cache fetch for computation 'jit_minimum' (key 107a6c9f360d0dec) took 209.078358ms: PERSISTENT_FETCH
I0828 01:47:04.936987    1291 tpu_chip_config.cc:367] Resolved chip config alias megachip_tccontrol->megacore for 2093c6a02, 
I0828 01:47:04.938457    1291 tpu_chip_config.cc:367] Resolved chip config alias megachip_tccontrol->megacore for 2093c6a02, 
I0828 01:47:04.939260    1291 xla_compilation_cache.cc:113] XLA compilation cache fetch for computation 'jit__where' (key c61df59b81f52216) took 208.09677ms: PERSISTENT_FETCH
I0828 01:47:04.956508    3205 server_lib.cc:1855] Attempting to load component jit__mean.1570370967876932278 @ 0 at worker after 948.25us (proto size 2392)
I0828 01:47:05.161388    3205 server_lib.cc:1855] Attempting to load component jit_masked_mean.8339433792461640526 @ 0 at worker after 896.112us (proto size 2433)
I0828 01:47:05.165367    1291 tpu_chip_config.cc:367] Resolved chip config alias megachip_tccontrol->megacore for 2093c6a02, 
I0828 01:47:05.166863    1291 tpu_chip_config.cc:367] Resolved chip config alias megachip_tccontrol->megacore for 2093c6a02, 
I0828 01:47:05.167713    1291 xla_compilation_cache.cc:113] XLA compilation cache fetch for computation 'jit__mean' (key 1419977e0838b4a7) took 211.213434ms: PERSISTENT_FETCH
I0828 01:47:05.378353    1292 tpu_chip_config.cc:367] Resolved chip config alias megachip_tccontrol->megacore for 2093c6a02, 
I0828 01:47:05.379782    1292 tpu_chip_config.cc:367] Resolved chip config alias megachip_tccontrol->megacore for 2093c6a02, 
I0828 01:47:05.380602    1292 xla_compilation_cache.cc:113] XLA compilation cache fetch for computation 'jit_masked_mean' (key 1685e480408d35f4) took 219.221573ms: PERSISTENT_FETCH
I0828 01:47:05.425371    3221 server_lib.cc:1855] Attempting to load component jit__reduce_min.1570370967876935470 @ 0 at worker after 840.345us (proto size 2408)
I0828 01:47:05.676039    1292 tpu_chip_config.cc:367] Resolved chip config alias megachip_tccontrol->megacore for 2093c6a02, 
I0828 01:47:05.677484    1292 tpu_chip_config.cc:367] Resolved chip config alias megachip_tccontrol->megacore for 2093c6a02, 
I0828 01:47:05.678229    1292 xla_compilation_cache.cc:113] XLA compilation cache fetch for computation 'jit__reduce_min' (key 44c4274d72871eac) took 252.865436ms: PERSISTENT_FETCH
I0828 01:47:07.171034    3209 server_lib.cc:1855] Attempting to load component jit_gather.8339433792461639880 @ 0 at worker after 1.004952ms (proto size 2433)
I0828 01:47:07.380824    1292 tpu_chip_config.cc:367] Resolved chip config alias megachip_tccontrol->megacore for 2093c6a02, 
I0828 01:47:07.382463    1292 tpu_chip_config.cc:367] Resolved chip config alias megachip_tccontrol->megacore for 2093c6a02, 
I0828 01:47:07.383355    1292 xla_compilation_cache.cc:113] XLA compilation cache fetch for computation 'jit_gather' (key b8fff38bbba203bf) took 212.332897ms: PERSISTENT_FETCH
I0828 01:47:07.385584    3255 server_lib.cc:1855] Attempting to load component jit_broadcast_in_dim.1570370967876935395 @ 0 at worker after 890.295us (proto size 2430)
I0828 01:47:07.598064    1292 tpu_chip_config.cc:367] Resolved chip config alias megachip_tccontrol->megacore for 2093c6a02, 
I0828 01:47:07.600229    1292 tpu_chip_config.cc:367] Resolved chip config alias megachip_tccontrol->megacore for 2093c6a02, 
I0828 01:47:07.601365    1292 xla_compilation_cache.cc:113] XLA compilation cache fetch for computation 'jit_broadcast_in_dim' (key dbcb2fb1f325c90a) took 215.799053ms: PERSISTENT_FETCH
I0828 01:47:08.323395    3264 server_lib.cc:1855] Attempting to load component jit__where.8339433792461640907 @ 0 at worker after 1.159236ms (proto size 2445)
I0828 01:47:08.531643    1292 tpu_chip_config.cc:367] Resolved chip config alias megachip_tccontrol->megacore for 2093c6a02, 
I0828 01:47:08.533351    1292 tpu_chip_config.cc:367] Resolved chip config alias megachip_tccontrol->megacore for 2093c6a02, 
I0828 01:47:08.534214    1292 xla_compilation_cache.cc:113] XLA compilation cache fetch for computation 'jit__where' (key f0bf38a1c4f2682b) took 210.829397ms: PERSISTENT_FETCH
I0828 01:47:09.634870    3223 server_lib.cc:1855] Attempting to load component jit__squeeze.1570370967876933481 @ 0 at worker after 1.065505ms (proto size 2414)
I0828 01:47:09.833502    3223 server_lib.cc:1855] Attempting to load component jit_scatter-add.8339433792461640570 @ 0 at worker after 923.862us (proto size 2472)
I0828 01:47:09.842803    1292 tpu_chip_config.cc:367] Resolved chip config alias megachip_tccontrol->megacore for 2093c6a02, 
I0828 01:47:09.844513    1292 tpu_chip_config.cc:367] Resolved chip config alias megachip_tccontrol->megacore for 2093c6a02, 
I0828 01:47:09.845326    1292 xla_compilation_cache.cc:113] XLA compilation cache fetch for computation 'jit__squeeze' (key 4f664adf22a5a34d) took 210.467377ms: PERSISTENT_FETCH
I0828 01:47:10.394773    1291 tpu_chip_config.cc:367] Resolved chip config alias megachip_tccontrol->megacore for 2093c6a02, 
I0828 01:47:10.396630    1291 tpu_chip_config.cc:367] Resolved chip config alias megachip_tccontrol->megacore for 2093c6a02, 
I0828 01:47:10.397867    1291 xla_compilation_cache.cc:113] XLA compilation cache fetch for computation 'jit_scatter-add' (key 67e819b08f4baf52) took 564.372446ms: PERSISTENT_FETCH
W0828 01:47:12.620237    1428 tpu_pjrt_client.cc:2349] PjRt execution dispatch was blocked for 1.73722ms because PjRt's max in-flight computation semaphore is full (limit: 32), which may negatively affect the performance
I0828 01:47:12.638534    3255 server_lib.cc:1855] Attempting to load component jit_gather.8339433792461641958 @ 0 at worker after 1.035192ms (proto size 2430)
I0828 01:47:12.856525    3221 server_lib.cc:1855] Attempting to load component jit_broadcast_in_dim.1570370967876932471 @ 0 at worker after 976.39us (proto size 2430)
I0828 01:47:12.878305    1291 tpu_chip_config.cc:367] Resolved chip config alias megachip_tccontrol->megacore for 2093c6a02, 
I0828 01:47:12.880080    1291 tpu_chip_config.cc:367] Resolved chip config alias megachip_tccontrol->megacore for 2093c6a02, 
I0828 01:47:12.881012    1291 xla_compilation_cache.cc:113] XLA compilation cache fetch for computation 'jit_gather' (key c533f69f89a63ab1) took 242.491246ms: PERSISTENT_FETCH
I0828 01:47:13.049178    3209 server_lib.cc:1855] Attempting to load component jit_reshape.8339433792461640935 @ 0 at worker after 920.945us (proto size 2409)
I0828 01:47:13.058365    1292 tpu_chip_config.cc:367] Resolved chip config alias megachip_tccontrol->megacore for 2093c6a02, 
I0828 01:47:13.059978    1292 tpu_chip_config.cc:367] Resolved chip config alias megachip_tccontrol->megacore for 2093c6a02, 
I0828 01:47:13.060747    1292 xla_compilation_cache.cc:113] XLA compilation cache fetch for computation 'jit_broadcast_in_dim' (key 563f2761b9426d3d) took 204.230976ms: PERSISTENT_FETCH
I0828 01:47:13.263082    1291 tpu_chip_config.cc:367] Resolved chip config alias megachip_tccontrol->megacore for 2093c6a02, 
I0828 01:47:13.264533    1291 tpu_chip_config.cc:367] Resolved chip config alias megachip_tccontrol->megacore for 2093c6a02, 
I0828 01:47:13.265281    1291 xla_compilation_cache.cc:113] XLA compilation cache fetch for computation 'jit_reshape' (key f60d60317ec36df3) took 216.112253ms: PERSISTENT_FETCH
I0828 01:47:13.741093    3209 server_lib.cc:1855] Attempting to load component jit_zt_tr_bwd_logprob.1570370967876934865 @ 0 at worker after 1.357837ms (proto size 2511)
I0828 01:47:15.029107    1291 tpu_chip_config.cc:367] Resolved chip config alias megachip_tccontrol->megacore for 2093c6a02, 
I0828 01:47:15.030797    1291 tpu_chip_config.cc:367] Resolved chip config alias megachip_tccontrol->megacore for 2093c6a02, 
I0828 01:47:15.032041    1291 xla_compilation_cache.cc:113] XLA compilation cache fetch for computation 'jit_zt_tr_bwd_logprob' (key 993e505f3d1a68e0) took 1.290959255s: PERSISTENT_FETCH
I0828 01:47:15.285088    3221 server_lib.cc:1855] Attempting to load component jit_convert_element_type.1570370967876931966 @ 0 at worker after 1.025101ms (proto size 2442)
I0828 01:47:15.511975    1291 tpu_chip_config.cc:367] Resolved chip config alias megachip_tccontrol->megacore for 2093c6a02, 
I0828 01:47:15.513486    1291 tpu_chip_config.cc:367] Resolved chip config alias megachip_tccontrol->megacore for 2093c6a02, 
I0828 01:47:15.514231    1291 xla_compilation_cache.cc:113] XLA compilation cache fetch for computation 'jit_convert_element_type' (key a7cfcd7626a1f512) took 229.156309ms: PERSISTENT_FETCH
I0828 01:47:20.405500    3209 server_lib.cc:1855] Attempting to load component jit_zt_tr_dp_parallel_bwd_head.8339433792461641280 @ 0 at worker after 1.221015ms (proto size 2534)
I0828 01:47:22.953341    1291 tpu_chip_config.cc:367] Resolved chip config alias megachip_tccontrol->megacore for 2093c6a02, 
I0828 01:47:22.957078    1291 tpu_chip_config.cc:367] Resolved chip config alias megachip_tccontrol->megacore for 2093c6a02, 
I0828 01:47:22.961293    1291 xla_compilation_cache.cc:113] XLA compilation cache fetch for computation 'jit_zt_tr_dp_parallel_bwd_head' (key 54cf6f78fc5b9acb) took 2.555808291s: PERSISTENT_FETCH
I0828 01:47:23.136847    3209 server_lib.cc:1855] Attempting to load component jit_zt_tr_dp_parallel_bwd_norm.1570370967876933163 @ 0 at worker after 1.187159ms (proto size 2523)
I0828 01:47:24.660258    1291 tpu_chip_config.cc:367] Resolved chip config alias megachip_tccontrol->megacore for 2093c6a02, 
I0828 01:47:24.662261    1291 tpu_chip_config.cc:367] Resolved chip config alias megachip_tccontrol->megacore for 2093c6a02, 
I0828 01:47:24.664601    1291 xla_compilation_cache.cc:113] XLA compilation cache fetch for computation 'jit_zt_tr_dp_parallel_bwd_norm' (key 59b6a7bcfdb3083a) took 1.527769678s: PERSISTENT_FETCH
I0828 01:47:27.448911    3321 server_lib.cc:1855] Attempting to load component jit_zt_tr_dp_parallel_bwd_layer_35.8339433792461640257 @ 0 at worker after 1.618678ms (proto size 3270)
I0828 01:47:37.039917    1291 tpu_chip_config.cc:367] Resolved chip config alias megachip_tccontrol->megacore for 2093c6a02, 
I0828 01:47:37.046950    1291 tpu_chip_config.cc:367] Resolved chip config alias megachip_tccontrol->megacore for 2093c6a02, 
I0828 01:47:37.072901    1291 xla_compilation_cache.cc:113] XLA compilation cache fetch for computation 'jit_zt_tr_dp_parallel_bwd_layer_35' (key b9b4c66ca54c6c83) took 9.624005377s: PERSISTENT_FETCH
I0828 01:47:40.583791    3321 server_lib.cc:1855] Attempting to load component jit_zt_tr_dp_parallel_bwd_layer_34.1570370967876934360 @ 0 at worker after 1.64772ms (proto size 3270)
I0828 01:47:50.377503    1291 tpu_chip_config.cc:367] Resolved chip config alias megachip_tccontrol->megacore for 2093c6a02, 
I0828 01:47:50.384532    1291 tpu_chip_config.cc:367] Resolved chip config alias megachip_tccontrol->megacore for 2093c6a02, 
I0828 01:47:50.408820    1291 xla_compilation_cache.cc:113] XLA compilation cache fetch for computation 'jit_zt_tr_dp_parallel_bwd_layer_34' (key 80b8a5b3763b6685) took 9.825045478s: PERSISTENT_FETCH
I0828 01:47:52.569261    3321 server_lib.cc:1855] Attempting to load component jit_zt_tr_dp_parallel_bwd_layer_33.8339433792461643330 @ 0 at worker after 1.69569ms (proto size 3269)
I0828 01:48:01.964117    1291 tpu_chip_config.cc:367] Resolved chip config alias megachip_tccontrol->megacore for 2093c6a02, 
I0828 01:48:01.971179    1291 tpu_chip_config.cc:367] Resolved chip config alias megachip_tccontrol->megacore for 2093c6a02, 
I0828 01:48:01.995477    1291 xla_compilation_cache.cc:113] XLA compilation cache fetch for computation 'jit_zt_tr_dp_parallel_bwd_layer_33' (key a1267594482c946) took 9.426232559s: PERSISTENT_FETCH
I0828 01:48:04.189555    3321 server_lib.cc:1855] Attempting to load component jit_zt_tr_dp_parallel_bwd_layer_32.1570370967876935557 @ 0 at worker after 1.594812ms (proto size 3270)
I0828 01:48:13.766674    1291 tpu_chip_config.cc:367] Resolved chip config alias megachip_tccontrol->megacore for 2093c6a02, 
I0828 01:48:13.774946    1291 tpu_chip_config.cc:367] Resolved chip config alias megachip_tccontrol->megacore for 2093c6a02, 
I0828 01:48:13.797638    1291 xla_compilation_cache.cc:113] XLA compilation cache fetch for computation 'jit_zt_tr_dp_parallel_bwd_layer_32' (key 7ac9494b958bbe2a) took 9.60809948s: PERSISTENT_FETCH
I0828 01:48:16.005244    3321 server_lib.cc:1855] Attempting to load component jit_zt_tr_dp_parallel_bwd_layer_31.8339433792461642307 @ 0 at worker after 1.471753ms (proto size 3269)
I0828 01:48:25.261765    1291 tpu_chip_config.cc:367] Resolved chip config alias megachip_tccontrol->megacore for 2093c6a02, 
I0828 01:48:25.269466    1291 tpu_chip_config.cc:367] Resolved chip config alias megachip_tccontrol->megacore for 2093c6a02, 
I0828 01:48:25.291296    1291 xla_compilation_cache.cc:113] XLA compilation cache fetch for computation 'jit_zt_tr_dp_parallel_bwd_layer_31' (key 8dc12c40b3dd6f8) took 9.286067318s: PERSISTENT_FETCH
I0828 01:48:27.587024    3321 server_lib.cc:1855] Attempting to load component jit_zt_tr_dp_parallel_bwd_layer_30.1570370967876932658 @ 0 at worker after 1.604788ms (proto size 3270)
I0828 01:48:38.232198    1291 tpu_chip_config.cc:367] Resolved chip config alias megachip_tccontrol->megacore for 2093c6a02, 
I0828 01:48:38.239350    1291 tpu_chip_config.cc:367] Resolved chip config alias megachip_tccontrol->megacore for 2093c6a02, 
I0828 01:48:38.262254    1291 xla_compilation_cache.cc:113] XLA compilation cache fetch for computation 'jit_zt_tr_dp_parallel_bwd_layer_30' (key f9660abccd2ccbd8) took 10.675245782s: PERSISTENT_FETCH
I0828 01:48:40.430555    3321 server_lib.cc:1855] Attempting to load component jit_zt_tr_dp_parallel_bwd_layer_29.8339433792461641284 @ 0 at worker after 1.814833ms (proto size 3270)
I0828 01:48:49.852740    1291 tpu_chip_config.cc:367] Resolved chip config alias megachip_tccontrol->megacore for 2093c6a02, 
I0828 01:48:49.859760    1291 tpu_chip_config.cc:367] Resolved chip config alias megachip_tccontrol->megacore for 2093c6a02, 
I0828 01:48:49.883140    1291 xla_compilation_cache.cc:113] XLA compilation cache fetch for computation 'jit_zt_tr_dp_parallel_bwd_layer_29' (key 420f0cc1f0715ad2) took 9.452601851s: PERSISTENT_FETCH
I0828 01:48:52.127867    3321 server_lib.cc:1855] Attempting to load component jit_zt_tr_dp_parallel_bwd_layer_28.1570370967876933855 @ 0 at worker after 1.670783ms (proto size 3270)
I0828 01:49:01.969604    1291 tpu_chip_config.cc:367] Resolved chip config alias megachip_tccontrol->megacore for 2093c6a02, 
I0828 01:49:01.976407    1291 tpu_chip_config.cc:367] Resolved chip config alias megachip_tccontrol->megacore for 2093c6a02, 
I0828 01:49:01.999580    1291 xla_compilation_cache.cc:113] XLA compilation cache fetch for computation 'jit_zt_tr_dp_parallel_bwd_layer_28' (key 4cdbbe7c4fc703dc) took 9.871729189s: PERSISTENT_FETCH
I0828 01:49:04.353843    3321 server_lib.cc:1855] Attempting to load component jit_zt_tr_dp_parallel_bwd_layer_27.8339433792461640261 @ 0 at worker after 1.6219ms (proto size 3270)
I0828 01:49:13.961489    1291 tpu_chip_config.cc:367] Resolved chip config alias megachip_tccontrol->megacore for 2093c6a02, 
I0828 01:49:13.968725    1291 tpu_chip_config.cc:367] Resolved chip config alias megachip_tccontrol->megacore for 2093c6a02, 
I0828 01:49:13.991211    1291 xla_compilation_cache.cc:113] XLA compilation cache fetch for computation 'jit_zt_tr_dp_parallel_bwd_layer_27' (key 32019174216e0cdf) took 9.637384642s: PERSISTENT_FETCH
I0828 01:49:16.402804    3321 server_lib.cc:1855] Attempting to load component jit_zt_tr_dp_parallel_bwd_layer_26.1570370967876935052 @ 0 at worker after 1.685988ms (proto size 3270)
I0828 01:49:26.135004    1291 tpu_chip_config.cc:367] Resolved chip config alias megachip_tccontrol->megacore for 2093c6a02, 
I0828 01:49:26.141839    1291 tpu_chip_config.cc:367] Resolved chip config alias megachip_tccontrol->megacore for 2093c6a02, 
I0828 01:49:26.164103    1291 xla_compilation_cache.cc:113] XLA compilation cache fetch for computation 'jit_zt_tr_dp_parallel_bwd_layer_26' (key c9a41a7df64edb32) took 9.761317643s: PERSISTENT_FETCH
I0828 01:49:29.916904    3321 server_lib.cc:1855] Attempting to load component jit_zt_tr_dp_parallel_bwd_layer_25.8339433792461643334 @ 0 at worker after 1.581673ms (proto size 3270)
I0828 01:49:39.518721    1291 tpu_chip_config.cc:367] Resolved chip config alias megachip_tccontrol->megacore for 2093c6a02, 
I0828 01:49:39.525723    1291 tpu_chip_config.cc:367] Resolved chip config alias megachip_tccontrol->megacore for 2093c6a02, 
I0828 01:49:39.548391    1291 xla_compilation_cache.cc:113] XLA compilation cache fetch for computation 'jit_zt_tr_dp_parallel_bwd_layer_25' (key 7cf05529dae3d146) took 9.631505445s: PERSISTENT_FETCH
I0828 01:49:41.760073    3321 server_lib.cc:1855] Attempting to load component jit_zt_tr_dp_parallel_bwd_layer_24.1570370967876932153 @ 0 at worker after 1.630615ms (proto size 3270)
I0828 01:49:51.191782    1291 tpu_chip_config.cc:367] Resolved chip config alias megachip_tccontrol->megacore for 2093c6a02, 
I0828 01:49:51.198965    1291 tpu_chip_config.cc:367] Resolved chip config alias megachip_tccontrol->megacore for 2093c6a02, 
I0828 01:49:51.221350    1291 xla_compilation_cache.cc:113] XLA compilation cache fetch for computation 'jit_zt_tr_dp_parallel_bwd_layer_24' (key 94769acb4ea925a0) took 9.46129327s: PERSISTENT_FETCH
I0828 01:49:53.394986    3321 server_lib.cc:1855] Attempting to load component jit_zt_tr_dp_parallel_bwd_layer_23.8339433792461642311 @ 0 at worker after 1.887637ms (proto size 3270)
I0828 01:50:02.849226    1291 tpu_chip_config.cc:367] Resolved chip config alias megachip_tccontrol->megacore for 2093c6a02, 
I0828 01:50:02.856459    1291 tpu_chip_config.cc:367] Resolved chip config alias megachip_tccontrol->megacore for 2093c6a02, 
I0828 01:50:02.879237    1291 xla_compilation_cache.cc:113] XLA compilation cache fetch for computation 'jit_zt_tr_dp_parallel_bwd_layer_23' (key a2e7f04968951d12) took 9.484269065s: PERSISTENT_FETCH
I0828 01:50:05.084918    3321 server_lib.cc:1855] Attempting to load component jit_zt_tr_dp_parallel_bwd_layer_22.1570370967876933350 @ 0 at worker after 1.422857ms (proto size 3269)
I0828 01:50:14.859525    1291 tpu_chip_config.cc:367] Resolved chip config alias megachip_tccontrol->megacore for 2093c6a02, 
I0828 01:50:14.866541    1291 tpu_chip_config.cc:367] Resolved chip config alias megachip_tccontrol->megacore for 2093c6a02, 
I0828 01:50:14.889319    1291 xla_compilation_cache.cc:113] XLA compilation cache fetch for computation 'jit_zt_tr_dp_parallel_bwd_layer_22' (key 688c158e83ac1b2) took 9.804417825s: PERSISTENT_FETCH
I0828 01:50:17.168253    3321 server_lib.cc:1855] Attempting to load component jit_zt_tr_dp_parallel_bwd_layer_21.8339433792461641288 @ 0 at worker after 1.798895ms (proto size 3270)
I0828 01:50:26.710139    1291 tpu_chip_config.cc:367] Resolved chip config alias megachip_tccontrol->megacore for 2093c6a02, 
I0828 01:50:26.717206    1291 tpu_chip_config.cc:367] Resolved chip config alias megachip_tccontrol->megacore for 2093c6a02, 
I0828 01:50:26.739831    1291 xla_compilation_cache.cc:113] XLA compilation cache fetch for computation 'jit_zt_tr_dp_parallel_bwd_layer_21' (key b17676815ec72766) took 9.57159439s: PERSISTENT_FETCH
I0828 01:50:28.985168    3321 server_lib.cc:1855] Attempting to load component jit_zt_tr_dp_parallel_bwd_layer_20.1570370967876934547 @ 0 at worker after 1.347785ms (proto size 3270)
I0828 01:50:38.672466    1291 tpu_chip_config.cc:367] Resolved chip config alias megachip_tccontrol->megacore for 2093c6a02, 
I0828 01:50:38.679317    1291 tpu_chip_config.cc:367] Resolved chip config alias megachip_tccontrol->megacore for 2093c6a02, 
I0828 01:50:38.701500    1291 xla_compilation_cache.cc:113] XLA compilation cache fetch for computation 'jit_zt_tr_dp_parallel_bwd_layer_20' (key 6f133f800ec5f767) took 9.716348384s: PERSISTENT_FETCH
I0828 01:50:40.943865    3321 server_lib.cc:1855] Attempting to load component jit_zt_tr_dp_parallel_bwd_layer_19.8339433792461640265 @ 0 at worker after 1.711739ms (proto size 3270)
I0828 01:50:50.487959    1291 tpu_chip_config.cc:367] Resolved chip config alias megachip_tccontrol->megacore for 2093c6a02, 
I0828 01:50:50.495218    1291 tpu_chip_config.cc:367] Resolved chip config alias megachip_tccontrol->megacore for 2093c6a02, 
I0828 01:50:50.517637    1291 xla_compilation_cache.cc:113] XLA compilation cache fetch for computation 'jit_zt_tr_dp_parallel_bwd_layer_19' (key 41a106109306c2cb) took 9.573787806s: PERSISTENT_FETCH
I0828 01:50:52.707606    3321 server_lib.cc:1855] Attempting to load component jit_zt_tr_dp_parallel_bwd_layer_18.1570370967876931648 @ 0 at worker after 1.671467ms (proto size 3270)
I0828 01:51:02.552694    1291 tpu_chip_config.cc:367] Resolved chip config alias megachip_tccontrol->megacore for 2093c6a02, 
I0828 01:51:02.559879    1291 tpu_chip_config.cc:367] Resolved chip config alias megachip_tccontrol->megacore for 2093c6a02, 
I0828 01:51:02.581888    1291 xla_compilation_cache.cc:113] XLA compilation cache fetch for computation 'jit_zt_tr_dp_parallel_bwd_layer_18' (key 4f39cda4d6f673e6) took 9.874324809s: PERSISTENT_FETCH
I0828 01:51:04.795604    3321 server_lib.cc:1855] Attempting to load component jit_zt_tr_dp_parallel_bwd_layer_17.8339433792461643338 @ 0 at worker after 1.541856ms (proto size 3269)
I0828 01:51:13.924557    1291 tpu_chip_config.cc:367] Resolved chip config alias megachip_tccontrol->megacore for 2093c6a02, 
I0828 01:51:13.932798    1291 tpu_chip_config.cc:367] Resolved chip config alias megachip_tccontrol->megacore for 2093c6a02, 
I0828 01:51:13.955777    1291 xla_compilation_cache.cc:113] XLA compilation cache fetch for computation 'jit_zt_tr_dp_parallel_bwd_layer_17' (key 4cbf2e00417657b) took 9.160217266s: PERSISTENT_FETCH
I0828 01:51:16.166699    3321 server_lib.cc:1855] Attempting to load component jit_zt_tr_dp_parallel_bwd_layer_16.1570370967876932845 @ 0 at worker after 1.721096ms (proto size 3270)
I0828 01:51:25.663769    1291 tpu_chip_config.cc:367] Resolved chip config alias megachip_tccontrol->megacore for 2093c6a02, 
I0828 01:51:25.671417    1291 tpu_chip_config.cc:367] Resolved chip config alias megachip_tccontrol->megacore for 2093c6a02, 
I0828 01:51:25.693851    1291 xla_compilation_cache.cc:113] XLA compilation cache fetch for computation 'jit_zt_tr_dp_parallel_bwd_layer_16' (key 835a44b04d7a8729) took 9.527167498s: PERSISTENT_FETCH
I0828 01:51:29.622259    3321 server_lib.cc:1855] Attempting to load component jit_zt_tr_dp_parallel_bwd_layer_15.8339433792461642315 @ 0 at worker after 1.589277ms (proto size 3270)
I0828 01:51:39.482220    1291 tpu_chip_config.cc:367] Resolved chip config alias megachip_tccontrol->megacore for 2093c6a02, 
I0828 01:51:39.490212    1291 tpu_chip_config.cc:367] Resolved chip config alias megachip_tccontrol->megacore for 2093c6a02, 
I0828 01:51:39.512793    1291 xla_compilation_cache.cc:113] XLA compilation cache fetch for computation 'jit_zt_tr_dp_parallel_bwd_layer_15' (key a6c3b47140542ea3) took 9.890549747s: PERSISTENT_FETCH
I0828 01:51:41.703468    3321 server_lib.cc:1855] Attempting to load component jit_zt_tr_dp_parallel_bwd_layer_14.1570370967876934042 @ 0 at worker after 1.594371ms (proto size 3270)
I0828 01:51:51.062740    1291 tpu_chip_config.cc:367] Resolved chip config alias megachip_tccontrol->megacore for 2093c6a02, 
I0828 01:51:51.070320    1291 tpu_chip_config.cc:367] Resolved chip config alias megachip_tccontrol->megacore for 2093c6a02, 
I0828 01:51:51.092569    1291 xla_compilation_cache.cc:113] XLA compilation cache fetch for computation 'jit_zt_tr_dp_parallel_bwd_layer_14' (key 7fe2b6aa7b3c9f5f) took 9.389117257s: PERSISTENT_FETCH
I0828 01:51:53.358564    3321 server_lib.cc:1855] Attempting to load component jit_zt_tr_dp_parallel_bwd_layer_13.8339433792461641292 @ 0 at worker after 1.741491ms (proto size 3270)
I0828 01:52:02.769133    1291 tpu_chip_config.cc:367] Resolved chip config alias megachip_tccontrol->megacore for 2093c6a02, 
I0828 01:52:02.776167    1291 tpu_chip_config.cc:367] Resolved chip config alias megachip_tccontrol->megacore for 2093c6a02, 
I0828 01:52:02.799106    1291 xla_compilation_cache.cc:113] XLA compilation cache fetch for computation 'jit_zt_tr_dp_parallel_bwd_layer_13' (key 4f699cbb7252a85d) took 9.440559212s: PERSISTENT_FETCH
I0828 01:52:04.996377    3321 server_lib.cc:1855] Attempting to load component jit_zt_tr_dp_parallel_bwd_layer_12.1570370967876935239 @ 0 at worker after 1.551146ms (proto size 3270)
I0828 01:52:14.438472    1291 tpu_chip_config.cc:367] Resolved chip config alias megachip_tccontrol->megacore for 2093c6a02, 
I0828 01:52:14.445358    1291 tpu_chip_config.cc:367] Resolved chip config alias megachip_tccontrol->megacore for 2093c6a02, 
I0828 01:52:14.468373    1291 xla_compilation_cache.cc:113] XLA compilation cache fetch for computation 'jit_zt_tr_dp_parallel_bwd_layer_12' (key f7a693a1f6ef70a9) took 9.472012822s: PERSISTENT_FETCH
I0828 01:52:16.648168    3321 server_lib.cc:1855] Attempting to load component jit_zt_tr_dp_parallel_bwd_layer_11.8339433792461640269 @ 0 at worker after 1.60274ms (proto size 3270)
I0828 01:52:25.900196    1291 tpu_chip_config.cc:367] Resolved chip config alias megachip_tccontrol->megacore for 2093c6a02, 
I0828 01:52:25.907088    1291 tpu_chip_config.cc:367] Resolved chip config alias megachip_tccontrol->megacore for 2093c6a02, 
I0828 01:52:25.929940    1291 xla_compilation_cache.cc:113] XLA compilation cache fetch for computation 'jit_zt_tr_dp_parallel_bwd_layer_11' (key 4bbd0e9796f7cc3a) took 9.281787354s: PERSISTENT_FETCH
I0828 01:52:28.117526    3321 server_lib.cc:1855] Attempting to load component jit_zt_tr_dp_parallel_bwd_layer_10.1570370967876932340 @ 0 at worker after 1.361575ms (proto size 3270)
I0828 01:52:37.554120    1291 tpu_chip_config.cc:367] Resolved chip config alias megachip_tccontrol->megacore for 2093c6a02, 
I0828 01:52:37.561205    1291 tpu_chip_config.cc:367] Resolved chip config alias megachip_tccontrol->megacore for 2093c6a02, 
I0828 01:52:37.583972    1291 xla_compilation_cache.cc:113] XLA compilation cache fetch for computation 'jit_zt_tr_dp_parallel_bwd_layer_10' (key 3f06daa512e80063) took 9.466461714s: PERSISTENT_FETCH
I0828 01:52:39.785406    3321 server_lib.cc:1855] Attempting to load component jit_zt_tr_dp_parallel_bwd_layer_09.8339433792461643342 @ 0 at worker after 1.391327ms (proto size 3270)
I0828 01:52:49.354788    1291 tpu_chip_config.cc:367] Resolved chip config alias megachip_tccontrol->megacore for 2093c6a02, 
I0828 01:52:49.361786    1291 tpu_chip_config.cc:367] Resolved chip config alias megachip_tccontrol->megacore for 2093c6a02, 
I0828 01:52:49.385332    1291 xla_compilation_cache.cc:113] XLA compilation cache fetch for computation 'jit_zt_tr_dp_parallel_bwd_layer_09' (key 687ddeb973d91e59) took 9.599943841s: PERSISTENT_FETCH
I0828 01:52:51.582457    3321 server_lib.cc:1855] Attempting to load component jit_zt_tr_dp_parallel_bwd_layer_08.1570370967876933537 @ 0 at worker after 1.771162ms (proto size 3270)
I0828 01:53:00.956048    1291 tpu_chip_config.cc:367] Resolved chip config alias megachip_tccontrol->megacore for 2093c6a02, 
I0828 01:53:00.963020    1291 tpu_chip_config.cc:367] Resolved chip config alias megachip_tccontrol->megacore for 2093c6a02, 
I0828 01:53:00.985699    1291 xla_compilation_cache.cc:113] XLA compilation cache fetch for computation 'jit_zt_tr_dp_parallel_bwd_layer_08' (key be40b1b3e9408510) took 9.403259629s: PERSISTENT_FETCH
I0828 01:53:03.147691    3321 server_lib.cc:1855] Attempting to load component jit_zt_tr_dp_parallel_bwd_layer_07.8339433792461642319 @ 0 at worker after 1.754092ms (proto size 3270)
I0828 01:53:12.567630    1291 tpu_chip_config.cc:367] Resolved chip config alias megachip_tccontrol->megacore for 2093c6a02, 
I0828 01:53:12.574764    1291 tpu_chip_config.cc:367] Resolved chip config alias megachip_tccontrol->megacore for 2093c6a02, 
I0828 01:53:12.598061    1291 xla_compilation_cache.cc:113] XLA compilation cache fetch for computation 'jit_zt_tr_dp_parallel_bwd_layer_07' (key f3641a8ad6cffb22) took 9.450388788s: PERSISTENT_FETCH
I0828 01:53:14.833248    3321 server_lib.cc:1855] Attempting to load component jit_zt_tr_dp_parallel_bwd_layer_06.1570370967876934734 @ 0 at worker after 1.386794ms (proto size 3270)
I0828 01:53:24.207731    1291 tpu_chip_config.cc:367] Resolved chip config alias megachip_tccontrol->megacore for 2093c6a02, 
I0828 01:53:24.214564    1291 tpu_chip_config.cc:367] Resolved chip config alias megachip_tccontrol->megacore for 2093c6a02, 
I0828 01:53:24.237391    1291 xla_compilation_cache.cc:113] XLA compilation cache fetch for computation 'jit_zt_tr_dp_parallel_bwd_layer_06' (key 19a08eba3b3ca786) took 9.40415988s: PERSISTENT_FETCH
I0828 01:53:26.444119    3321 server_lib.cc:1855] Attempting to load component jit_zt_tr_dp_parallel_bwd_layer_05.8339433792461641296 @ 0 at worker after 1.640372ms (proto size 3270)
I0828 01:53:36.560779    1291 tpu_chip_config.cc:367] Resolved chip config alias megachip_tccontrol->megacore for 2093c6a02, 
I0828 01:53:36.567763    1291 tpu_chip_config.cc:367] Resolved chip config alias megachip_tccontrol->megacore for 2093c6a02, 
I0828 01:53:36.589766    1291 xla_compilation_cache.cc:113] XLA compilation cache fetch for computation 'jit_zt_tr_dp_parallel_bwd_layer_05' (key e9e6a44cfcee4be2) took 10.145665553s: PERSISTENT_FETCH
I0828 01:53:40.663409    3321 server_lib.cc:1855] Attempting to load component jit_zt_tr_dp_parallel_bwd_layer_04.1570370967876931835 @ 0 at worker after 1.597402ms (proto size 3270)
I0828 01:53:50.000207    1291 tpu_chip_config.cc:367] Resolved chip config alias megachip_tccontrol->megacore for 2093c6a02, 
I0828 01:53:50.006948    1291 tpu_chip_config.cc:367] Resolved chip config alias megachip_tccontrol->megacore for 2093c6a02, 
I0828 01:53:50.029838    1291 xla_compilation_cache.cc:113] XLA compilation cache fetch for computation 'jit_zt_tr_dp_parallel_bwd_layer_04' (key 7c956ccc0029eea7) took 9.366446242s: PERSISTENT_FETCH
I0828 01:53:52.225370    3321 server_lib.cc:1855] Attempting to load component jit_zt_tr_dp_parallel_bwd_layer_03.8339433792461640273 @ 0 at worker after 1.754176ms (proto size 3270)
I0828 01:54:01.227746    1291 tpu_chip_config.cc:367] Resolved chip config alias megachip_tccontrol->megacore for 2093c6a02, 
I0828 01:54:01.235070    1291 tpu_chip_config.cc:367] Resolved chip config alias megachip_tccontrol->megacore for 2093c6a02, 
I0828 01:54:01.257429    1291 xla_compilation_cache.cc:113] XLA compilation cache fetch for computation 'jit_zt_tr_dp_parallel_bwd_layer_03' (key 75a873986704e0d2) took 9.032075376s: PERSISTENT_FETCH
I0828 01:54:03.455165    3321 server_lib.cc:1855] Attempting to load component jit_zt_tr_dp_parallel_bwd_layer_02.1570370967876933032 @ 0 at worker after 1.542637ms (proto size 3270)
I0828 01:54:12.691426    1291 tpu_chip_config.cc:367] Resolved chip config alias megachip_tccontrol->megacore for 2093c6a02, 
I0828 01:54:12.698609    1291 tpu_chip_config.cc:367] Resolved chip config alias megachip_tccontrol->megacore for 2093c6a02, 
I0828 01:54:12.720866    1291 xla_compilation_cache.cc:113] XLA compilation cache fetch for computation 'jit_zt_tr_dp_parallel_bwd_layer_02' (key a904504c5ffabf92) took 9.265717839s: PERSISTENT_FETCH
I0828 01:54:14.902951    3321 server_lib.cc:1855] Attempting to load component jit_zt_tr_dp_parallel_bwd_layer_01.8339433792461643346 @ 0 at worker after 1.407301ms (proto size 3270)
I0828 01:54:24.860187    1291 tpu_chip_config.cc:367] Resolved chip config alias megachip_tccontrol->megacore for 2093c6a02, 
I0828 01:54:24.867508    1291 tpu_chip_config.cc:367] Resolved chip config alias megachip_tccontrol->megacore for 2093c6a02, 
I0828 01:54:24.890587    1291 xla_compilation_cache.cc:113] XLA compilation cache fetch for computation 'jit_zt_tr_dp_parallel_bwd_layer_01' (key 81c3dc4710230b18) took 9.987653348s: PERSISTENT_FETCH
I0828 01:54:27.071158    3321 server_lib.cc:1855] Attempting to load component jit_zt_tr_dp_parallel_bwd_layer_00.1570370967876934229 @ 0 at worker after 1.618192ms (proto size 3270)
I0828 01:54:36.345690    1291 tpu_chip_config.cc:367] Resolved chip config alias megachip_tccontrol->megacore for 2093c6a02, 
I0828 01:54:36.352946    1291 tpu_chip_config.cc:367] Resolved chip config alias megachip_tccontrol->megacore for 2093c6a02, 
I0828 01:54:36.360090    3321 server_lib.cc:1855] Attempting to load component jit_zt_tr_dp_parallel_bwd_embed.8339433792461642323 @ 0 at worker after 1.647479ms (proto size 2480)
I0828 01:54:36.376241    1291 xla_compilation_cache.cc:113] XLA compilation cache fetch for computation 'jit_zt_tr_dp_parallel_bwd_layer_00' (key cbf62b4748ec776b) took 9.305099485s: PERSISTENT_FETCH
I0828 01:54:37.738305    1292 tpu_chip_config.cc:367] Resolved chip config alias megachip_tccontrol->megacore for 2093c6a02, 
I0828 01:54:37.740208    1292 tpu_chip_config.cc:367] Resolved chip config alias megachip_tccontrol->megacore for 2093c6a02, 
I0828 01:54:37.741751    1292 xla_compilation_cache.cc:113] XLA compilation cache fetch for computation 'jit_zt_tr_dp_parallel_bwd_embed' (key 15f73fd1efc94b13) took 1.381674432s: PERSISTENT_FETCH
I0828 01:54:37.796333    3221 server_lib.cc:1855] Attempting to load component jit_zt_tr_grad_tree_start.1570370967876931729 @ 0 at worker after 1.855142ms (proto size 24458)
I0828 01:54:39.542152    1292 tpu_chip_config.cc:367] Resolved chip config alias megachip_tccontrol->megacore for 2093c6a02, 
I0828 01:54:39.545444    1292 tpu_chip_config.cc:367] Resolved chip config alias megachip_tccontrol->megacore for 2093c6a02, 
I0828 01:54:39.556565    1292 xla_compilation_cache.cc:113] XLA compilation cache fetch for computation 'jit_zt_tr_grad_tree_start' (key 75b764dbcc47a0ee) took 1.760245687s: PERSISTENT_FETCH
W0828 01:54:39.597044    1428 tpu_pjrt_client.cc:2349] PjRt execution dispatch was blocked for 1.633723ms because PjRt's max in-flight computation semaphore is full (limit: 32), which may negatively affect the performance
I0828 01:54:44.577187    3321 server_lib.cc:1855] Attempting to load component jit_zt_tr_grad_tree_add.4583327957303544057 @ 0 at worker after 11.118825ms (proto size 36142)
I0828 01:54:47.004357    1292 tpu_chip_config.cc:367] Resolved chip config alias megachip_tccontrol->megacore for 2093c6a02, 
I0828 01:54:47.007191    1292 tpu_chip_config.cc:367] Resolved chip config alias megachip_tccontrol->megacore for 2093c6a02, 
I0828 01:54:47.014603    1292 xla_compilation_cache.cc:113] XLA compilation cache fetch for computation 'jit_zt_tr_grad_tree_add' (key 65b2b6b61bdac38f) took 2.43743057s: PERSISTENT_FETCH
I0828 01:55:13.427896    3223 server_lib.cc:1855] Attempting to load component jit_zt_tr_grad_assembly.4583327957303543568 @ 0 at worker after 4.195321ms (proto size 24454)
I0828 01:55:15.375208    1292 tpu_chip_config.cc:367] Resolved chip config alias megachip_tccontrol->megacore for 2093c6a02, 
I0828 01:55:15.379235    1292 tpu_chip_config.cc:367] Resolved chip config alias megachip_tccontrol->megacore for 2093c6a02, 
I0828 01:55:15.389748    1292 xla_compilation_cache.cc:113] XLA compilation cache fetch for computation 'jit_zt_tr_grad_assembly' (key c931fade2a18f5c2) took 1.961868224s: PERSISTENT_FETCH
I0828 01:55:15.392419    3205 server_lib.cc:1855] Attempting to load component jit_equal.1570370967876934098 @ 0 at worker after 1.008214ms (proto size 2432)
I0828 01:55:15.634483    3267 server_lib.cc:1855] Attempting to load component jit__reduce_all.4583327957303545319 @ 0 at worker after 849.625us (proto size 2407)
I0828 01:55:15.640284    1292 tpu_chip_config.cc:367] Resolved chip config alias megachip_tccontrol->megacore for 2093c6a02, 
I0828 01:55:15.641962    1292 tpu_chip_config.cc:367] Resolved chip config alias megachip_tccontrol->megacore for 2093c6a02, 
I0828 01:55:15.642796    1292 xla_compilation_cache.cc:113] XLA compilation cache fetch for computation 'jit_equal' (key 20f45ebefb1d7b86) took 250.392202ms: PERSISTENT_FETCH
I0828 01:55:15.863411    1291 tpu_chip_config.cc:367] Resolved chip config alias megachip_tccontrol->megacore for 2093c6a02, 
I0828 01:55:15.865057    1291 tpu_chip_config.cc:367] Resolved chip config alias megachip_tccontrol->megacore for 2093c6a02, 
I0828 01:55:15.866052    1291 xla_compilation_cache.cc:113] XLA compilation cache fetch for computation 'jit__reduce_all' (key 58205a87e3e347f2) took 231.579392ms: PERSISTENT_FETCH
I0828 01:55:16.433342    3209 server_lib.cc:1855] Attempting to load component jit_zt_tr_dp_parallel_bwd_adjoint.1570370967876935295 @ 0 at worker after 2.124958ms (proto size 25136)
I0828 01:55:19.727033    1291 tpu_chip_config.cc:367] Resolved chip config alias megachip_tccontrol->megacore for 2093c6a02, 
I0828 01:55:19.737174    1291 tpu_chip_config.cc:367] Resolved chip config alias megachip_tccontrol->megacore for 2093c6a02, 
I0828 01:55:19.743720    1291 xla_compilation_cache.cc:113] XLA compilation cache fetch for computation 'jit_zt_tr_dp_parallel_bwd_adjoint' (key 8071772276a28a6f) took 3.310392704s: PERSISTENT_FETCH
I0828 01:55:19.784150    3209 server_lib.cc:1855] Attempting to load component jit_count_nonzero.4583327957303542974 @ 0 at worker after 1.296863ms (proto size 2422)
I0828 01:55:20.171484    1291 tpu_chip_config.cc:367] Resolved chip config alias megachip_tccontrol->megacore for 2093c6a02, 
I0828 01:55:20.173198    1291 tpu_chip_config.cc:367] Resolved chip config alias megachip_tccontrol->megacore for 2093c6a02, 
I0828 01:55:20.174153    1291 xla_compilation_cache.cc:113] XLA compilation cache fetch for computation 'jit_count_nonzero' (key f24c2d415f35895f) took 390.01829ms: PERSISTENT_FETCH
I0828 01:55:21.660659    3221 server_lib.cc:1855] Attempting to load component jit__gradient_diagnostics.1570370967876932396 @ 0 at worker after 2.046885ms (proto size 13466)
I0828 01:55:35.568423    1291 tpu_chip_config.cc:367] Resolved chip config alias megachip_tccontrol->megacore for 2093c6a02, 
I0828 01:55:35.593596    1291 tpu_chip_config.cc:367] Resolved chip config alias megachip_tccontrol->megacore for 2093c6a02, 
I0828 01:55:35.648966    1291 xla_compilation_cache.cc:113] XLA compilation cache fetch for computation 'jit__gradient_diagnostics' (key 74ba67ed680660ae) took 13.988323584s: PERSISTENT_FETCH
I0828 01:55:36.710764    3221 server_lib.cc:1855] Attempting to load component jit_reduce_local.5931769989172991073 @ 0 at worker after 2.171609ms (proto size 23905)
I0828 01:56:19.742190    3221 server_lib.cc:1855] Attempting to load component jit__gradient_finite_flags.15568662364271770406 @ 0 at worker after 2.118118ms (proto size 12246)
I0828 01:56:19.927095    1291 tpu_chip_config.cc:367] Resolved chip config alias megachip_tccontrol->megacore for 2093c6a02, 
I0828 01:56:19.971543    1291 tpu_chip_config.cc:367] Resolved chip config alias megachip_tccontrol->megacore for 2093c6a02, 
I0828 01:56:20.029151    1291 xla_compilation_cache.cc:113] XLA compilation cache fetch for computation 'jit_reduce_local' (key 7686b5619a3ef5b6) took 43.318402718s: PERSISTENT_FETCH
I0828 01:56:23.242402    1292 tpu_chip_config.cc:367] Resolved chip config alias megachip_tccontrol->megacore for 2093c6a02, 
I0828 01:56:23.250211    1292 tpu_chip_config.cc:367] Resolved chip config alias megachip_tccontrol->megacore for 2093c6a02, 
I0828 01:56:23.263938    1292 xla_compilation_cache.cc:113] XLA compilation cache fetch for computation 'jit__gradient_finite_flags' (key 5487cd548072e0de) took 3.521766131s: PERSISTENT_FETCH
I0828 01:56:23.516589    3221 server_lib.cc:1855] Attempting to load component jit_compare_local.4583327957303544725 @ 0 at worker after 1.520541ms (proto size 12226)
I0828 01:56:44.783084    1292 tpu_chip_config.cc:367] Resolved chip config alias megachip_tccontrol->megacore for 2093c6a02, 
I0828 01:56:44.793192    1292 tpu_chip_config.cc:367] Resolved chip config alias megachip_tccontrol->megacore for 2093c6a02, 
I0828 01:56:44.810186    1292 xla_compilation_cache.cc:113] XLA compilation cache fetch for computation 'jit_compare_local' (key 2356cac6126dff6f) took 21.293622835s: PERSISTENT_FETCH
I0828 01:56:44.904101    3321 server_lib.cc:1855] Attempting to load component jit_count_nonzero.1570370967876933593 @ 0 at worker after 1.368221ms (proto size 2413)
I0828 01:56:45.247310    1292 tpu_chip_config.cc:367] Resolved chip config alias megachip_tccontrol->megacore for 2093c6a02, 
I0828 01:56:45.249033    1292 tpu_chip_config.cc:367] Resolved chip config alias megachip_tccontrol->megacore for 2093c6a02, 
I0828 01:56:45.249920    1292 xla_compilation_cache.cc:113] XLA compilation cache fetch for computation 'jit_count_nonzero' (key 75352af856727f54) took 345.831845ms: PERSISTENT_FETCH
I0828 01:56:45.278611    3321 server_lib.cc:1855] Attempting to load component jit_count_nonzero.1182302940440489771 @ 0 at worker after 969.876us (proto size 2408)
I0828 01:56:45.487770    1292 tpu_chip_config.cc:367] Resolved chip config alias megachip_tccontrol->megacore for 2093c6a02, 
I0828 01:56:45.489297    1292 tpu_chip_config.cc:367] Resolved chip config alias megachip_tccontrol->megacore for 2093c6a02, 
I0828 01:56:45.490116    1292 xla_compilation_cache.cc:113] XLA compilation cache fetch for computation 'jit_count_nonzero' (key 4d8e2b72ff8d2bc3) took 211.515093ms: PERSISTENT_FETCH
I0828 01:56:45.521160    3321 server_lib.cc:1855] Attempting to load component jit_count_nonzero.1570370967876934790 @ 0 at worker after 903.936us (proto size 2408)
I0828 01:56:45.743282    1292 tpu_chip_config.cc:367] Resolved chip config alias megachip_tccontrol->megacore for 2093c6a02, 
I0828 01:56:45.744799    1292 tpu_chip_config.cc:367] Resolved chip config alias megachip_tccontrol->megacore for 2093c6a02, 
I0828 01:56:45.745585    1292 xla_compilation_cache.cc:113] XLA compilation cache fetch for computation 'jit_count_nonzero' (key def88f80a22981ca) took 224.433238ms: PERSISTENT_FETCH
I0828 01:56:45.883069    3264 server_lib.cc:1855] Attempting to load component jit_count_nonzero.1182302940440489590 @ 0 at worker after 1.088556ms (proto size 2415)
I0828 01:56:46.230465    1292 tpu_chip_config.cc:367] Resolved chip config alias megachip_tccontrol->megacore for 2093c6a02, 
I0828 01:56:46.232036    1292 tpu_chip_config.cc:367] Resolved chip config alias megachip_tccontrol->megacore for 2093c6a02, 
I0828 01:56:46.232870    1292 xla_compilation_cache.cc:113] XLA compilation cache fetch for computation 'jit_count_nonzero' (key e161f35162eb7e62) took 349.812726ms: PERSISTENT_FETCH
I0828 01:56:46.268821    3321 server_lib.cc:1855] Attempting to load component jit_count_nonzero.1570370967876931891 @ 0 at worker after 1.180167ms (proto size 2415)
I0828 01:56:46.581831    1292 tpu_chip_config.cc:367] Resolved chip config alias megachip_tccontrol->megacore for 2093c6a02, 
I0828 01:56:46.583309    1292 tpu_chip_config.cc:367] Resolved chip config alias megachip_tccontrol->megacore for 2093c6a02, 
I0828 01:56:46.584106    1292 xla_compilation_cache.cc:113] XLA compilation cache fetch for computation 'jit_count_nonzero' (key 425026c19decb847) took 315.293454ms: PERSISTENT_FETCH
I0828 01:56:46.623448    3205 server_lib.cc:1855] Attempting to load component jit_count_nonzero.1182302940440489409 @ 0 at worker after 1.089996ms (proto size 2415)
I0828 01:56:46.966312    1292 tpu_chip_config.cc:367] Resolved chip config alias megachip_tccontrol->megacore for 2093c6a02, 
I0828 01:56:46.967829    1292 tpu_chip_config.cc:367] Resolved chip config alias megachip_tccontrol->megacore for 2093c6a02, 
I0828 01:56:46.968604    1292 xla_compilation_cache.cc:113] XLA compilation cache fetch for computation 'jit_count_nonzero' (key 316d29e9b2c76a8d) took 345.165337ms: PERSISTENT_FETCH
I0828 01:56:47.009432    3221 server_lib.cc:1855] Attempting to load component jit_count_nonzero.1570370967876933088 @ 0 at worker after 978.65us (proto size 2412)
I0828 01:56:47.307344    1292 tpu_chip_config.cc:367] Resolved chip config alias megachip_tccontrol->megacore for 2093c6a02, 
I0828 01:56:47.308794    1292 tpu_chip_config.cc:367] Resolved chip config alias megachip_tccontrol->megacore for 2093c6a02, 
I0828 01:56:47.309593    1292 xla_compilation_cache.cc:113] XLA compilation cache fetch for computation 'jit_count_nonzero' (key 952d9fe57c405bcb) took 300.169622ms: PERSISTENT_FETCH
I0828 01:56:47.512494    3221 server_lib.cc:1855] Attempting to load component jit_count_nonzero.1182302940440489228 @ 0 at worker after 1.129957ms (proto size 2412)
I0828 01:56:47.819620    1292 tpu_chip_config.cc:367] Resolved chip config alias megachip_tccontrol->megacore for 2093c6a02, 
I0828 01:56:47.821096    1292 tpu_chip_config.cc:367] Resolved chip config alias megachip_tccontrol->megacore for 2093c6a02, 
I0828 01:56:47.821890    1292 xla_compilation_cache.cc:113] XLA compilation cache fetch for computation 'jit_count_nonzero' (key 35cb0f8509347705) took 309.406085ms: PERSISTENT_FETCH
I0828 01:56:49.093839    3221 server_lib.cc:1855] Attempting to load component jit_count_nonzero.1570370967876934285 @ 0 at worker after 934.039us (proto size 2413)
I0828 01:56:49.422008    1292 tpu_chip_config.cc:367] Resolved chip config alias megachip_tccontrol->megacore for 2093c6a02, 
I0828 01:56:49.423531    1292 tpu_chip_config.cc:367] Resolved chip config alias megachip_tccontrol->megacore for 2093c6a02, 
I0828 01:56:49.424366    1292 xla_compilation_cache.cc:113] XLA compilation cache fetch for computation 'jit_count_nonzero' (key 268c10353c8a8b5d) took 330.538127ms: PERSISTENT_FETCH
I0828 01:56:50.839024    3221 server_lib.cc:1855] Attempting to load component jit__precomputed_gradient_scaled_step.1570370967876935482 @ 0 at worker after 2.633648ms (proto size 42454)
I0828 01:57:10.604655    1292 tpu_chip_config.cc:367] Resolved chip config alias megachip_tccontrol->megacore for 2093c6a02, 
I0828 01:57:10.641715    1292 tpu_chip_config.cc:367] Resolved chip config alias megachip_tccontrol->megacore for 2093c6a02, 
I0828 01:57:10.701871    1292 xla_compilation_cache.cc:113] XLA compilation cache fetch for computation 'jit__precomputed_gradient_scaled_step' (key 54fd99be6e3fd4c1) took 19.862860966s: PERSISTENT_FETCH
W0828 01:57:11.079003    1428 tpu_pjrt_client.cc:2349] PjRt execution dispatch was blocked for 1.54566ms because PjRt's max in-flight computation semaphore is full (limit: 32), which may negatively affect the performance
I0828 01:57:53.223748    3299 server_lib.cc:1855] Attempting to load component jit__precomputed_gradient_scaled_step.1572066981968337840 @ 0 at worker after 3.205137ms (proto size 42454)
I0828 01:58:13.150147    1292 tpu_chip_config.cc:367] Resolved chip config alias megachip_tccontrol->megacore for 2093c6a02, 
I0828 01:58:13.183843    1292 tpu_chip_config.cc:367] Resolved chip config alias megachip_tccontrol->megacore for 2093c6a02, 
I0828 01:58:13.243953    1292 xla_compilation_cache.cc:113] XLA compilation cache fetch for computation 'jit__precomputed_gradient_scaled_step' (key 74c3b6cf4cd93cc6) took 20.020220787s: PERSISTENT_FETCH
W0828 01:58:13.639578    1430 tpu_pjrt_client.cc:2349] PjRt execution dispatch was blocked for 1.293081ms because PjRt's max in-flight computation semaphore is full (limit: 32), which may negatively affect the performance
W0828 01:59:15.316686    1430 tpu_pjrt_client.cc:2349] PjRt execution dispatch was blocked for 76.927933ms because PjRt's max in-flight computation semaphore is full (limit: 32), which may negatively affect the performance
W0828 02:00:17.727339    1430 tpu_pjrt_client.cc:2349] PjRt execution dispatch was blocked for 105.757371ms because PjRt's max in-flight computation semaphore is full (limit: 32), which may negatively affect the performance
I0828 02:00:49.539501    3299 server_lib.cc:1855] Attempting to load component jit_scatter-add.4583327957303543239 @ 0 at worker after 976.804us (proto size 2472)
I0828 02:00:50.117320    1292 tpu_chip_config.cc:367] Resolved chip config alias megachip_tccontrol->megacore for 2093c6a02, 
I0828 02:00:50.119227    1292 tpu_chip_config.cc:367] Resolved chip config alias megachip_tccontrol->megacore for 2093c6a02, 
I0828 02:00:50.120415    1292 xla_compilation_cache.cc:113] XLA compilation cache fetch for computation 'jit_scatter-add' (key 66d2a83e67b04b98) took 580.926534ms: PERSISTENT_FETCH
I0828 02:00:51.507362    3267 server_lib.cc:1855] Attempting to load component jit_gather.4583327957303543740 @ 0 at worker after 873.237us (proto size 2430)
I0828 02:00:51.771133    1292 tpu_chip_config.cc:367] Resolved chip config alias megachip_tccontrol->megacore for 2093c6a02, 
I0828 02:00:51.772921    1292 tpu_chip_config.cc:367] Resolved chip config alias megachip_tccontrol->megacore for 2093c6a02, 
I0828 02:00:51.773839    1292 xla_compilation_cache.cc:113] XLA compilation cache fetch for computation 'jit_gather' (key 1c87c442e1b3bf4f) took 266.488278ms: PERSISTENT_FETCH
W0828 02:01:20.384643    1430 tpu_pjrt_client.cc:2349] PjRt execution dispatch was blocked for 75.222642ms because PjRt's max in-flight computation semaphore is full (limit: 32), which may negatively affect the performance
W0828 02:02:23.265525    1428 tpu_pjrt_client.cc:2349] PjRt execution dispatch was blocked for 97.805526ms because PjRt's max in-flight computation semaphore is full (limit: 32), which may negatively affect the performance
I0828 02:02:26.237000    3205 server_lib.cc:1855] Attempting to load component jit_scatter-add.1570370967876933498 @ 0 at worker after 1.164156ms (proto size 2472)
I0828 02:02:26.827220    1292 tpu_chip_config.cc:367] Resolved chip config alias megachip_tccontrol->megacore for 2093c6a02, 
I0828 02:02:26.829121    1292 tpu_chip_config.cc:367] Resolved chip config alias megachip_tccontrol->megacore for 2093c6a02, 
I0828 02:02:26.830344    1292 xla_compilation_cache.cc:113] XLA compilation cache fetch for computation 'jit_scatter-add' (key 20bb0b6e9e33abc7) took 593.357328ms: PERSISTENT_FETCH
I0828 02:02:28.336184    3277 server_lib.cc:1855] Attempting to load component jit_gather.1572066981968336227 @ 0 at worker after 967.763us (proto size 2430)
I0828 02:02:28.550490    1292 tpu_chip_config.cc:367] Resolved chip config alias megachip_tccontrol->megacore for 2093c6a02, 
I0828 02:02:28.552354    1292 tpu_chip_config.cc:367] Resolved chip config alias megachip_tccontrol->megacore for 2093c6a02, 
I0828 02:02:28.553274    1292 xla_compilation_cache.cc:113] XLA compilation cache fetch for computation 'jit_gather' (key 8d0a3f7c5a817808) took 217.102502ms: PERSISTENT_FETCH
W0828 02:03:26.032112    1431 tpu_pjrt_client.cc:2349] PjRt execution dispatch was blocked for 94.404118ms because PjRt's max in-flight computation semaphore is full (limit: 32), which may negatively affect the performance
I0828 02:03:38.445869    3205 server_lib.cc:1855] Attempting to load component jit_scatter-add.1570370967876932201 @ 0 at worker after 990.397us (proto size 2472)
I0828 02:03:39.015650    1292 tpu_chip_config.cc:367] Resolved chip config alias megachip_tccontrol->megacore for 2093c6a02, 
I0828 02:03:39.017511    1292 tpu_chip_config.cc:367] Resolved chip config alias megachip_tccontrol->megacore for 2093c6a02, 
I0828 02:03:39.018732    1292 xla_compilation_cache.cc:113] XLA compilation cache fetch for computation 'jit_scatter-add' (key 474663fa3e1753f6) took 572.879792ms: PERSISTENT_FETCH
I0828 02:03:40.480933    3221 server_lib.cc:1855] Attempting to load component jit_gather.1570370967876932363 @ 0 at worker after 1.010096ms (proto size 2430)
I0828 02:03:40.701939    1292 tpu_chip_config.cc:367] Resolved chip config alias megachip_tccontrol->megacore for 2093c6a02, 
I0828 02:03:40.703784    1292 tpu_chip_config.cc:367] Resolved chip config alias megachip_tccontrol->megacore for 2093c6a02, 
I0828 02:03:40.704745    1292 xla_compilation_cache.cc:113] XLA compilation cache fetch for computation 'jit_gather' (key 3f64800e653433d7) took 223.824503ms: PERSISTENT_FETCH
W0828 02:04:28.958682    1428 tpu_pjrt_client.cc:2349] PjRt execution dispatch was blocked for 80.322271ms because PjRt's max in-flight computation semaphore is full (limit: 32), which may negatively affect the performance
W0828 02:05:31.666298    1428 tpu_pjrt_client.cc:2349] PjRt execution dispatch was blocked for 85.805241ms because PjRt's max in-flight computation semaphore is full (limit: 32), which may negatively affect the performance
W0828 02:06:31.667195    1429 tpu_pjrt_client.cc:2349] PjRt execution dispatch was blocked for 7.97859ms because PjRt's max in-flight computation semaphore is full (limit: 32), which may negatively affect the performance
W0828 02:07:32.280702    1430 tpu_pjrt_client.cc:2349] PjRt execution dispatch was blocked for 63.665453ms because PjRt's max in-flight computation semaphore is full (limit: 32), which may negatively affect the performance
W0828 02:08:34.633309    1430 tpu_pjrt_client.cc:2349] PjRt execution dispatch was blocked for 92.515849ms because PjRt's max in-flight computation semaphore is full (limit: 32), which may negatively affect the performance
W0828 02:09:36.650161    1430 tpu_pjrt_client.cc:2349] PjRt execution dispatch was blocked for 78.279013ms because PjRt's max in-flight computation semaphore is full (limit: 32), which may negatively affect the performance
W0828 02:10:39.292730    1428 tpu_pjrt_client.cc:2349] PjRt execution dispatch was blocked for 69.236183ms because PjRt's max in-flight computation semaphore is full (limit: 32), which may negatively affect the performance
W0828 02:11:42.472998    1428 tpu_pjrt_client.cc:2349] PjRt execution dispatch was blocked for 72.858556ms because PjRt's max in-flight computation semaphore is full (limit: 32), which may negatively affect the performance
W0828 02:12:45.892395    1430 tpu_pjrt_client.cc:2349] PjRt execution dispatch was blocked for 74.746406ms because PjRt's max in-flight computation semaphore is full (limit: 32), which may negatively affect the performance
I0828 02:13:03.353160    3223 server_lib.cc:1855] Attempting to load component jit_scatter-add.8339433792461641142 @ 0 at worker after 948.788us (proto size 2472)
I0828 02:13:03.966234    1292 tpu_chip_config.cc:367] Resolved chip config alias megachip_tccontrol->megacore for 2093c6a02, 
I0828 02:13:03.968178    1292 tpu_chip_config.cc:367] Resolved chip config alias megachip_tccontrol->megacore for 2093c6a02, 
I0828 02:13:03.969412    1292 xla_compilation_cache.cc:113] XLA compilation cache fetch for computation 'jit_scatter-add' (key d70ded065449fd1b) took 616.264704ms: PERSISTENT_FETCH
I0828 02:13:05.401567    3255 server_lib.cc:1855] Attempting to load component jit_gather.8339433792461640480 @ 0 at worker after 989.909us (proto size 2430)
I0828 02:13:05.622569    1292 tpu_chip_config.cc:367] Resolved chip config alias megachip_tccontrol->megacore for 2093c6a02, 
I0828 02:13:05.624353    1292 tpu_chip_config.cc:367] Resolved chip config alias megachip_tccontrol->megacore for 2093c6a02, 
I0828 02:13:05.625254    1292 xla_compilation_cache.cc:113] XLA compilation cache fetch for computation 'jit_gather' (key 4b8e9298e525038d) took 223.700581ms: PERSISTENT_FETCH
W0828 02:13:49.255887    1428 tpu_pjrt_client.cc:2349] PjRt execution dispatch was blocked for 113.009416ms because PjRt's max in-flight computation semaphore is full (limit: 32), which may negatively affect the performance
W0828 02:14:51.471017    1430 tpu_pjrt_client.cc:2349] PjRt execution dispatch was blocked for 57.122338ms because PjRt's max in-flight computation semaphore is full (limit: 32), which may negatively affect the performance
W0828 02:15:53.617200    1430 tpu_pjrt_client.cc:2349] PjRt execution dispatch was blocked for 78.804799ms because PjRt's max in-flight computation semaphore is full (limit: 32), which may negatively affect the performance
W0828 02:16:53.849326    1428 tpu_pjrt_client.cc:2349] PjRt execution dispatch was blocked for 5.170396ms because PjRt's max in-flight computation semaphore is full (limit: 32), which may negatively affect the performance
W0828 02:17:53.868292    1428 tpu_pjrt_client.cc:2349] PjRt execution dispatch was blocked for 83.833526ms because PjRt's max in-flight computation semaphore is full (limit: 32), which may negatively affect the performance
I0828 02:18:11.955916    3299 server_lib.cc:1855] Attempting to load component jit_scatter-add.17587198313345265127 @ 0 at worker after 914.188us (proto size 2473)
I0828 02:18:12.562249    1292 tpu_chip_config.cc:367] Resolved chip config alias megachip_tccontrol->megacore for 2093c6a02, 
I0828 02:18:12.564339    1292 tpu_chip_config.cc:367] Resolved chip config alias megachip_tccontrol->megacore for 2093c6a02, 
I0828 02:18:12.565720    1292 xla_compilation_cache.cc:113] XLA compilation cache fetch for computation 'jit_scatter-add' (key 50aa3fc4483a3673) took 609.820091ms: PERSISTENT_FETCH
I0828 02:18:13.997225    3264 server_lib.cc:1855] Attempting to load component jit_gather.17587198313345264693 @ 0 at worker after 835.776us (proto size 2431)
I0828 02:18:14.225137    1292 tpu_chip_config.cc:367] Resolved chip config alias megachip_tccontrol->megacore for 2093c6a02, 
I0828 02:18:14.227080    1292 tpu_chip_config.cc:367] Resolved chip config alias megachip_tccontrol->megacore for 2093c6a02, 
I0828 02:18:14.228055    1292 xla_compilation_cache.cc:113] XLA compilation cache fetch for computation 'jit_gather' (key 1eedb9f25d01bc73) took 230.839588ms: PERSISTENT_FETCH
W0828 02:18:53.870870    1429 tpu_pjrt_client.cc:2349] PjRt execution dispatch was blocked for 2.876671ms because PjRt's max in-flight computation semaphore is full (limit: 32), which may negatively affect the performance
I0828 02:19:19.773787    3277 server_lib.cc:1855] Attempting to load component jit_multiply.15568662364271771618 @ 0 at worker after 969.902us (proto size 2400)
I0828 02:19:20.009148    1292 tpu_chip_config.cc:367] Resolved chip config alias megachip_tccontrol->megacore for 2093c6a02, 
I0828 02:19:20.011072    1292 tpu_chip_config.cc:367] Resolved chip config alias megachip_tccontrol->megacore for 2093c6a02, 
I0828 02:19:20.012021    1292 xla_compilation_cache.cc:113] XLA compilation cache fetch for computation 'jit_multiply' (key ee6c6abb52d77351) took 238.250619ms: PERSISTENT_FETCH
I0828 02:19:22.952765    3299 server_lib.cc:1855] Attempting to load component jit_gather.17587198313345264063 @ 0 at worker after 1.047454ms (proto size 2435)
I0828 02:19:23.203562    3277 server_lib.cc:1855] Attempting to load component jit_broadcast_in_dim.15568662364271769526 @ 0 at worker after 829.554us (proto size 2431)
I0828 02:19:23.214589    1292 tpu_chip_config.cc:367] Resolved chip config alias megachip_tccontrol->megacore for 2093c6a02, 
I0828 02:19:23.216476    1292 tpu_chip_config.cc:367] Resolved chip config alias megachip_tccontrol->megacore for 2093c6a02, 
I0828 02:19:23.217728    1292 xla_compilation_cache.cc:113] XLA compilation cache fetch for computation 'jit_gather' (key 11bc803a3187003b) took 264.977412ms: PERSISTENT_FETCH
I0828 02:19:23.411421    1291 tpu_chip_config.cc:367] Resolved chip config alias megachip_tccontrol->megacore for 2093c6a02, 
I0828 02:19:23.413305    1291 tpu_chip_config.cc:367] Resolved chip config alias megachip_tccontrol->megacore for 2093c6a02, 
I0828 02:19:23.414142    1291 xla_compilation_cache.cc:113] XLA compilation cache fetch for computation 'jit_broadcast_in_dim' (key 7edb828916119f95) took 210.590454ms: PERSISTENT_FETCH
I0828 02:19:24.501486    3255 server_lib.cc:1855] Attempting to load component jit_maximum.17587198313345265268 @ 0 at worker after 869.073us (proto size 2398)
I0828 02:19:24.724516    3264 server_lib.cc:1855] Attempting to load component jit_true_divide.15568662364271770624 @ 0 at worker after 851.479us (proto size 2406)
I0828 02:19:24.729393    1291 tpu_chip_config.cc:367] Resolved chip config alias megachip_tccontrol->megacore for 2093c6a02, 
I0828 02:19:24.731104    1291 tpu_chip_config.cc:367] Resolved chip config alias megachip_tccontrol->megacore for 2093c6a02, 
I0828 02:19:24.731941    1291 xla_compilation_cache.cc:113] XLA compilation cache fetch for computation 'jit_maximum' (key fb0aaff3c1db8e4b) took 230.468318ms: PERSISTENT_FETCH
I0828 02:19:24.937280    3223 server_lib.cc:1855] Attempting to load component jit_multiply.17587198313345265240 @ 0 at worker after 960.756us (proto size 2430)
I0828 02:19:24.944797    1292 tpu_chip_config.cc:367] Resolved chip config alias megachip_tccontrol->megacore for 2093c6a02, 
I0828 02:19:24.946631    1292 tpu_chip_config.cc:367] Resolved chip config alias megachip_tccontrol->megacore for 2093c6a02, 
I0828 02:19:24.947509    1292 xla_compilation_cache.cc:113] XLA compilation cache fetch for computation 'jit_true_divide' (key a2b7f92efa599e43) took 223.00202ms: PERSISTENT_FETCH
I0828 02:19:25.219860    3205 server_lib.cc:1855] Attempting to load component jit_multiply.15568662364271769767 @ 0 at worker after 819.247us (proto size 2420)
I0828 02:19:25.228107    1291 tpu_chip_config.cc:367] Resolved chip config alias megachip_tccontrol->megacore for 2093c6a02, 
I0828 02:19:25.229732    1291 tpu_chip_config.cc:367] Resolved chip config alias megachip_tccontrol->megacore for 2093c6a02, 
I0828 02:19:25.230543    1291 xla_compilation_cache.cc:113] XLA compilation cache fetch for computation 'jit_multiply' (key 6eaf6267b36e4103) took 293.271924ms: PERSISTENT_FETCH
I0828 02:19:25.422028    3264 server_lib.cc:1855] Attempting to load component jit_multiply.17587198313345265219 @ 0 at worker after 910.291us (proto size 2420)
I0828 02:19:25.431985    1292 tpu_chip_config.cc:367] Resolved chip config alias megachip_tccontrol->megacore for 2093c6a02, 
I0828 02:19:25.433659    1292 tpu_chip_config.cc:367] Resolved chip config alias megachip_tccontrol->megacore for 2093c6a02, 
I0828 02:19:25.434502    1292 xla_compilation_cache.cc:113] XLA compilation cache fetch for computation 'jit_multiply' (key 80290ce002bc4c04) took 214.64919ms: PERSISTENT_FETCH
I0828 02:19:25.651213    3255 server_lib.cc:1855] Attempting to load component jit_multiply.15568662364271768910 @ 0 at worker after 974.353us (proto size 2434)
I0828 02:19:25.656161    1291 tpu_chip_config.cc:367] Resolved chip config alias megachip_tccontrol->megacore for 2093c6a02, 
I0828 02:19:25.657737    1291 tpu_chip_config.cc:367] Resolved chip config alias megachip_tccontrol->megacore for 2093c6a02, 
I0828 02:19:25.658539    1291 xla_compilation_cache.cc:113] XLA compilation cache fetch for computation 'jit_multiply' (key 9efcd5060f14cc31) took 236.518665ms: PERSISTENT_FETCH
I0828 02:19:25.862063    3205 server_lib.cc:1855] Attempting to load component jit_multiply.17587198313345265198 @ 0 at worker after 900.332us (proto size 2434)
I0828 02:19:25.872049    1292 tpu_chip_config.cc:367] Resolved chip config alias megachip_tccontrol->megacore for 2093c6a02, 
I0828 02:19:25.873670    1292 tpu_chip_config.cc:367] Resolved chip config alias megachip_tccontrol->megacore for 2093c6a02, 
I0828 02:19:25.874568    1292 xla_compilation_cache.cc:113] XLA compilation cache fetch for computation 'jit_multiply' (key 22dd78a1da219d4c) took 223.360273ms: PERSISTENT_FETCH
I0828 02:19:26.096545    3205 server_lib.cc:1855] Attempting to load component jit_multiply.15568662364271768053 @ 0 at worker after 850.741us (proto size 2434)
I0828 02:19:26.106262    1291 tpu_chip_config.cc:367] Resolved chip config alias megachip_tccontrol->megacore for 2093c6a02, 
I0828 02:19:26.107842    1291 tpu_chip_config.cc:367] Resolved chip config alias megachip_tccontrol->megacore for 2093c6a02, 
I0828 02:19:26.108636    1291 xla_compilation_cache.cc:113] XLA compilation cache fetch for computation 'jit_multiply' (key cc63cbf0445c72a8) took 246.580747ms: PERSISTENT_FETCH
I0828 02:19:26.334465    3205 server_lib.cc:1855] Attempting to load component jit_multiply.17587198313345265177 @ 0 at worker after 884.025us (proto size 2428)
I0828 02:19:26.342421    1292 tpu_chip_config.cc:367] Resolved chip config alias megachip_tccontrol->megacore for 2093c6a02, 
I0828 02:19:26.344091    1292 tpu_chip_config.cc:367] Resolved chip config alias megachip_tccontrol->megacore for 2093c6a02, 
I0828 02:19:26.345012    1292 xla_compilation_cache.cc:113] XLA compilation cache fetch for computation 'jit_multiply' (key 53d8628867305c69) took 248.472925ms: PERSISTENT_FETCH
I0828 02:19:26.604441    3264 server_lib.cc:1855] Attempting to load component jit_multiply.15568662364271771292 @ 0 at worker after 914.896us (proto size 2428)
I0828 02:19:26.610581    1291 tpu_chip_config.cc:367] Resolved chip config alias megachip_tccontrol->megacore for 2093c6a02, 
I0828 02:19:26.612130    1291 tpu_chip_config.cc:367] Resolved chip config alias megachip_tccontrol->megacore for 2093c6a02, 
I0828 02:19:26.612921    1291 xla_compilation_cache.cc:113] XLA compilation cache fetch for computation 'jit_multiply' (key e55c4ba2f923fd42) took 278.465534ms: PERSISTENT_FETCH
I0828 02:19:26.856984    1292 tpu_chip_config.cc:367] Resolved chip config alias megachip_tccontrol->megacore for 2093c6a02, 
I0828 02:19:26.858850    1292 tpu_chip_config.cc:367] Resolved chip config alias megachip_tccontrol->megacore for 2093c6a02, 
I0828 02:19:26.859746    1292 xla_compilation_cache.cc:113] XLA compilation cache fetch for computation 'jit_multiply' (key 9fe44011f549bb98) took 255.313651ms: PERSISTENT_FETCH
I0828 02:19:26.919469    3221 server_lib.cc:1855] Attempting to load component jit_multiply.17587198313345265156 @ 0 at worker after 1.007181ms (proto size 2430)
I0828 02:19:27.198521    1292 tpu_chip_config.cc:367] Resolved chip config alias megachip_tccontrol->megacore for 2093c6a02, 
I0828 02:19:27.200243    1292 tpu_chip_config.cc:367] Resolved chip config alias megachip_tccontrol->megacore for 2093c6a02, 
I0828 02:19:27.201131    1292 xla_compilation_cache.cc:113] XLA compilation cache fetch for computation 'jit_multiply' (key 84fd6c128ec4928d) took 281.671734ms: PERSISTENT_FETCH
I0828 02:19:28.657894    3255 server_lib.cc:1855] Attempting to load component jit_tree_numeric_stats.15568662364271770435 @ 0 at worker after 1.888523ms (proto size 12357)
I0828 02:19:45.355160    1292 tpu_chip_config.cc:367] Resolved chip config alias megachip_tccontrol->megacore for 2093c6a02, 
I0828 02:19:45.379095    1292 tpu_chip_config.cc:367] Resolved chip config alias megachip_tccontrol->megacore for 2093c6a02, 
I0828 02:19:45.439777    1292 xla_compilation_cache.cc:113] XLA compilation cache fetch for computation 'jit_tree_numeric_stats' (key ca3908749e191443) took 16.781895097s: PERSISTENT_FETCH
I0828 02:19:52.920052    3255 server_lib.cc:1855] Attempting to load component jit__precomputed_gradient_commit.1572066981968336390 @ 0 at worker after 4.378629ms (proto size 109965)
I0828 02:20:58.724003    1292 tpu_chip_config.cc:367] Resolved chip config alias megachip_tccontrol->megacore for 2093c6a02, 
I0828 02:20:58.795852    1292 tpu_chip_config.cc:367] Resolved chip config alias megachip_tccontrol->megacore for 2093c6a02, 
I0828 02:20:58.958896    1292 xla_compilation_cache.cc:113] XLA compilation cache fetch for computation 'jit__precomputed_gradient_commit' (key e0d85ba8bfad5106) took 1m6.03886085s: PERSISTENT_FETCH
I0828 02:24:32.457986    3267 server_lib.cc:1855] Attempting to load component jit__allocate.17587198313345265065 @ 0 at worker after 1.603463ms (proto size 2405)
I0828 02:24:32.520303    1292 tpu_chip_config.cc:367] Resolved chip config alias megachip_tccontrol->megacore for 2093c6a02, 
I0828 02:24:32.522158    1292 tpu_chip_config.cc:367] Resolved chip config alias megachip_tccontrol->megacore for 2093c6a02, 
I0828 02:24:32.523068    1292 xla_compilation_cache.cc:113] XLA compilation cache fetch for computation 'jit__allocate' (key 44c937081d7ee1dc) took 65.09785ms: PERSISTENT_FETCH
I0828 02:24:34.363596     744 worker_op_dispatcher.cc:4605] Component is not loaded yet; deferring unload until load completes: jit__allocate.17587198313345265065 @ 0
I0828 02:24:34.363634    1477 server_lib.cc:743] Unloading component jit__allocate.17587198313345265065 @ 0 at worker
W0828 02:30:26.709415    1429 tpu_pjrt_client.cc:2349] PjRt execution dispatch was blocked for 4.750158ms because PjRt's max in-flight computation semaphore is full (limit: 32), which may negatively affect the performance
W0828 02:31:26.712319    1428 tpu_pjrt_client.cc:2349] PjRt execution dispatch was blocked for 8.59174ms because PjRt's max in-flight computation semaphore is full (limit: 32), which may negatively affect the performance
W0828 02:32:30.289055    1429 tpu_pjrt_client.cc:2349] PjRt execution dispatch was blocked for 78.029087ms because PjRt's max in-flight computation semaphore is full (limit: 32), which may negatively affect the performance
W0828 02:33:31.609701    1430 tpu_pjrt_client.cc:2349] PjRt execution dispatch was blocked for 95.385359ms because PjRt's max in-flight computation semaphore is full (limit: 32), which may negatively affect the performance
W0828 02:34:33.664503    1430 tpu_pjrt_client.cc:2349] PjRt execution dispatch was blocked for 62.167017ms because PjRt's max in-flight computation semaphore is full (limit: 32), which may negatively affect the performance
W0828 02:35:35.695381    1428 tpu_pjrt_client.cc:2349] PjRt execution dispatch was blocked for 79.202464ms because PjRt's max in-flight computation semaphore is full (limit: 32), which may negatively affect the performance
W0828 02:36:38.137497    1431 tpu_pjrt_client.cc:2349] PjRt execution dispatch was blocked for 84.655942ms because PjRt's max in-flight computation semaphore is full (limit: 32), which may negatively affect the performance
W0828 02:37:38.137753    1428 tpu_pjrt_client.cc:2349] PjRt execution dispatch was blocked for 8.216666ms because PjRt's max in-flight computation semaphore is full (limit: 32), which may negatively affect the performance
W0828 02:38:42.013634    1429 tpu_pjrt_client.cc:2349] PjRt execution dispatch was blocked for 65.667843ms because PjRt's max in-flight computation semaphore is full (limit: 32), which may negatively affect the performance
W0828 02:39:42.019298    1429 tpu_pjrt_client.cc:2349] PjRt execution dispatch was blocked for 8.152506ms because PjRt's max in-flight computation semaphore is full (limit: 32), which may negatively affect the performance
W0828 02:40:42.791747    1430 tpu_pjrt_client.cc:2349] PjRt execution dispatch was blocked for 84.940431ms because PjRt's max in-flight computation semaphore is full (limit: 32), which may negatively affect the performance
W0828 02:41:45.652409    1431 tpu_pjrt_client.cc:2349] PjRt execution dispatch was blocked for 92.758936ms because PjRt's max in-flight computation semaphore is full (limit: 32), which may negatively affect the performance
W0828 02:42:46.170385    1431 tpu_pjrt_client.cc:2349] PjRt execution dispatch was blocked for 3.00886ms because PjRt's max in-flight computation semaphore is full (limit: 32), which may negatively affect the performance
W0828 02:43:46.862542    1428 tpu_pjrt_client.cc:2349] PjRt execution dispatch was blocked for 51.748967ms because PjRt's max in-flight computation semaphore is full (limit: 32), which may negatively affect the performance
W0828 02:44:49.519236    1430 tpu_pjrt_client.cc:2349] PjRt execution dispatch was blocked for 52.565841ms because PjRt's max in-flight computation semaphore is full (limit: 32), which may negatively affect the performance
W0828 02:45:51.803930    1428 tpu_pjrt_client.cc:2349] PjRt execution dispatch was blocked for 82.032138ms because PjRt's max in-flight computation semaphore is full (limit: 32), which may negatively affect the performance
W0828 02:46:51.985808    1428 tpu_pjrt_client.cc:2349] PjRt execution dispatch was blocked for 2.462626ms because PjRt's max in-flight computation semaphore is full (limit: 32), which may negatively affect the performance
W0828 02:47:53.252632    1429 tpu_pjrt_client.cc:2349] PjRt execution dispatch was blocked for 100.18801ms because PjRt's max in-flight computation semaphore is full (limit: 32), which may negatively affect the performance
W0828 02:48:55.985817    1429 tpu_pjrt_client.cc:2349] PjRt execution dispatch was blocked for 104.831411ms because PjRt's max in-flight computation semaphore is full (limit: 32), which may negatively affect the performance
W0828 02:49:58.430081    1430 tpu_pjrt_client.cc:2349] PjRt execution dispatch was blocked for 88.188842ms because PjRt's max in-flight computation semaphore is full (limit: 32), which may negatively affect the performance
W0828 02:51:00.226171    1428 tpu_pjrt_client.cc:2349] PjRt execution dispatch was blocked for 74.089341ms because PjRt's max in-flight computation semaphore is full (limit: 32), which may negatively affect the performance
W0828 02:52:03.427157    1428 tpu_pjrt_client.cc:2349] PjRt execution dispatch was blocked for 98.186573ms because PjRt's max in-flight computation semaphore is full (limit: 32), which may negatively affect the performance
W0828 02:53:06.147518    1429 tpu_pjrt_client.cc:2349] PjRt execution dispatch was blocked for 81.578744ms because PjRt's max in-flight computation semaphore is full (limit: 32), which may negatively affect the performance
W0828 02:54:10.201222    1429 tpu_pjrt_client.cc:2349] PjRt execution dispatch was blocked for 81.826947ms because PjRt's max in-flight computation semaphore is full (limit: 32), which may negatively affect the performance
I0828 02:57:54.952489    3286 xla_compilation_cache.cc:113] XLA compilation cache fetch for computation 'jit__allocate' (key 44c937081d7ee1dc) took 2.935us: IN_MEMORY_HIT
I0828 02:57:54.952527    3286 server_lib.cc:1855] Attempting to load component jit__allocate.14729223411447289795 @ 0 at worker after 1.407106ms (proto size 2405)
I0828 02:57:56.901386     744 worker_op_dispatcher.cc:4605] Component is not loaded yet; deferring unload until load completes: jit__allocate.14729223411447289795 @ 0
I0828 02:57:56.901448    1471 server_lib.cc:743] Unloading component jit__allocate.14729223411447289795 @ 0 at worker
W0828 03:03:56.200296    1430 tpu_pjrt_client.cc:2349] PjRt execution dispatch was blocked for 2.609644ms because PjRt's max in-flight computation semaphore is full (limit: 32), which may negatively affect the performance
W0828 03:04:56.201910    1428 tpu_pjrt_client.cc:2349] PjRt execution dispatch was blocked for 8.672845ms because PjRt's max in-flight computation semaphore is full (limit: 32), which may negatively affect the performance
W0828 03:05:58.052327    1430 tpu_pjrt_client.cc:2349] PjRt execution dispatch was blocked for 64.515615ms because PjRt's max in-flight computation semaphore is full (limit: 32), which may negatively affect the performance
W0828 03:07:00.303816    1428 tpu_pjrt_client.cc:2349] PjRt execution dispatch was blocked for 69.617961ms because PjRt's max in-flight computation semaphore is full (limit: 32), which may negatively affect the performance
W0828 03:08:03.037562    1429 tpu_pjrt_client.cc:2349] PjRt execution dispatch was blocked for 95.490745ms because PjRt's max in-flight computation semaphore is full (limit: 32), which may negatively affect the performance
W0828 03:09:03.180065    1430 tpu_pjrt_client.cc:2349] PjRt execution dispatch was blocked for 5.425825ms because PjRt's max in-flight computation semaphore is full (limit: 32), which may negatively affect the performance
W0828 03:10:04.407686    1428 tpu_pjrt_client.cc:2349] PjRt execution dispatch was blocked for 69.42834ms because PjRt's max in-flight computation semaphore is full (limit: 32), which may negatively affect the performance
W0828 03:11:08.384165    1428 tpu_pjrt_client.cc:2349] PjRt execution dispatch was blocked for 93.740024ms because PjRt's max in-flight computation semaphore is full (limit: 32), which may negatively affect the performance
W0828 03:12:08.387306    1430 tpu_pjrt_client.cc:2349] PjRt execution dispatch was blocked for 8.117619ms because PjRt's max in-flight computation semaphore is full (limit: 32), which may negatively affect the performance
W0828 03:13:11.064264    1430 tpu_pjrt_client.cc:2349] PjRt execution dispatch was blocked for 50.134966ms because PjRt's max in-flight computation semaphore is full (limit: 32), which may negatively affect the performance
W0828 03:14:12.745379    1428 tpu_pjrt_client.cc:2349] PjRt execution dispatch was blocked for 51.123581ms because PjRt's max in-flight computation semaphore is full (limit: 32), which may negatively affect the performance
W0828 03:15:12.751583    1431 tpu_pjrt_client.cc:2349] PjRt execution dispatch was blocked for 8.457046ms because PjRt's max in-flight computation semaphore is full (limit: 32), which may negatively affect the performance
W0828 03:16:12.976387    1431 tpu_pjrt_client.cc:2349] PjRt execution dispatch was blocked for 86.882875ms because PjRt's max in-flight computation semaphore is full (limit: 32), which may negatively affect the performance
W0828 03:17:12.981118    1428 tpu_pjrt_client.cc:2349] PjRt execution dispatch was blocked for 8.262205ms because PjRt's max in-flight computation semaphore is full (limit: 32), which may negatively affect the performance
W0828 03:18:17.414835    1431 tpu_pjrt_client.cc:2349] PjRt execution dispatch was blocked for 97.847998ms because PjRt's max in-flight computation semaphore is full (limit: 32), which may negatively affect the performance
W0828 03:19:17.681299    1429 tpu_pjrt_client.cc:2349] PjRt execution dispatch was blocked for 3.420331ms because PjRt's max in-flight computation semaphore is full (limit: 32), which may negatively affect the performance
W0828 03:20:19.030002    1428 tpu_pjrt_client.cc:2349] PjRt execution dispatch was blocked for 86.073027ms because PjRt's max in-flight computation semaphore is full (limit: 32), which may negatively affect the performance
W0828 03:21:22.189209    1429 tpu_pjrt_client.cc:2349] PjRt execution dispatch was blocked for 85.696386ms because PjRt's max in-flight computation semaphore is full (limit: 32), which may negatively affect the performance
W0828 03:22:26.091711    1428 tpu_pjrt_client.cc:2349] PjRt execution dispatch was blocked for 70.585423ms because PjRt's max in-flight computation semaphore is full (limit: 32), which may negatively affect the performance
W0828 03:23:29.490003    1428 tpu_pjrt_client.cc:2349] PjRt execution dispatch was blocked for 82.439296ms because PjRt's max in-flight computation semaphore is full (limit: 32), which may negatively affect the performance
W0828 03:24:32.395464    1428 tpu_pjrt_client.cc:2349] PjRt execution dispatch was blocked for 107.089128ms because PjRt's max in-flight computation semaphore is full (limit: 32), which may negatively affect the performance
W0828 03:25:35.097303    1429 tpu_pjrt_client.cc:2349] PjRt execution dispatch was blocked for 84.585464ms because PjRt's max in-flight computation semaphore is full (limit: 32), which may negatively affect the performance
W0828 03:26:38.302845    1430 tpu_pjrt_client.cc:2349] PjRt execution dispatch was blocked for 61.382153ms because PjRt's max in-flight computation semaphore is full (limit: 32), which may negatively affect the performance
W0828 03:27:42.213635    1429 tpu_pjrt_client.cc:2349] PjRt execution dispatch was blocked for 69.27471ms because PjRt's max in-flight computation semaphore is full (limit: 32), which may negatively affect the performance
W0828 03:32:47.883085    1486 pipe_endpoint.cc:834] Client pipe canon-p57-fl-zero-f45w10-96544812-pathways-worker-0-2.canon-p57-fl-zero-f45w10-96544812:29000/worker_to_worker id=5916067929247363170: saw idle time 5.935012293s where timeout is 10s
W0828 03:32:48.883224    1488 pipe_endpoint.cc:834] Client pipe canon-p57-fl-zero-f45w10-96544812-pathways-worker-0-2.canon-p57-fl-zero-f45w10-96544812:29000/worker_to_worker id=5916067929247363170: saw idle time 6.935150801s where timeout is 10s
W0828 03:32:49.883352    1491 pipe_endpoint.cc:834] Client pipe canon-p57-fl-zero-f45w10-96544812-pathways-worker-0-2.canon-p57-fl-zero-f45w10-96544812:29000/worker_to_worker id=5916067929247363170: saw idle time 7.935280841s where timeout is 10s
W0828 03:32:50.883484    1488 pipe_endpoint.cc:834] Client pipe canon-p57-fl-zero-f45w10-96544812-pathways-worker-0-2.canon-p57-fl-zero-f45w10-96544812:29000/worker_to_worker id=5916067929247363170: saw idle time 8.935410476s where timeout is 10s
W0828 03:32:51.883675    1486 pipe_endpoint.cc:834] Client pipe canon-p57-fl-zero-f45w10-96544812-pathways-worker-0-2.canon-p57-fl-zero-f45w10-96544812:29000/worker_to_worker id=5916067929247363170: saw idle time 9.935599515s where timeout is 10s
I0828 03:32:51.916100     809 worker_message_distributor.cc:2308] Waiting for all peers to exit distributor_6408541556418313203_3
I0828 03:32:51.916143    3221 worker_message_distributor.cc:735] Waiting for outstanding sends 0 send thread LocalSender_at_6408541556418313203_3
I0828 03:32:51.916216     744 worker_message_distributor.cc:1073] Exiting send thread LocalSender_at_6408541556418313203_3
I0828 03:32:51.916257    3221 worker_message_distributor.cc:741] Finished shutdown send thread LocalSender_at_6408541556418313203_3
I0828 03:32:51.916286     809 worker_message_distributor.cc:2310] Waiting for all peers to exit done: finished within timeout=true distributor_6408541556418313203_3
E0828 03:32:51.916303     809 quick_restart.cc:19] Job cancelled due to 6408541556418313203 gke-tpu-3a97861b-1vp4 exiting [reported by ServerConfig{ job_info=JobInfo{ name=6408541556418313203 job_instance_id=6408541556418313203 task_index=13 num_tasks=16 addr=canon-p57-fl-zero-f45w10-96544812-pathways-worker-0-13.canon-p57-fl-zero-f45w10-96544812:29000 [hostname='gke-tpu-3a97861b-1vp4, bns_address='', resolved_address='canon-p57-fl-zero-f45w10-96544812-pathways-worker-0-13.canon-p57-fl-zero-f45w10-96544812:29000']} }] with error INTERNAL: Client pipe canon-p57-fl-zero-f45w10-96544812-pathways-worker-0-2.canon-p57-fl-zero-f45w10-96544812:29000/worker_to_worker id=14969354806911437370 broke with error: DEADLINE_EXCEEDED: lost connection to peer at http://machine/gke-tpu-3a97861b-qbx9/events#srcs=borg%2Bcoroner since 10.047667564s ago; this usually means that the peer has unexpectedly gone away (peer stopped sending messages since 2026-08-28T03:32:41.865463105+00:00; timeout is 10s and the current machine is http://machine/gke-tpu-3a97861b-1vp4/events#srcs=borg%2Bcoroner)
	Client pipe canon-p57-fl-zero-f45w10-96544812-pathways-worker-0-2.canon-p57-fl-zero-f45w10-96544812:29000/worker_to_worker id=14969354806911437370
=== Source Location Trace: === 
third_party/pathways/data_parallel/pipe.cc:307

=== Source Location Trace: ===
third_party/pathways/data_parallel/worker_message_distributor.cc:1842
 [ServerConfig{ job_info=JobInfo{ name=6408541556418313203 job_instance_id=6408541556418313203 task_index=3 num_tasks=16 addr=canon-p57-fl-zero-f45w10-96544812-pathways-worker-0-3.canon-p57-fl-zero-f45w10-96544812:29000 [hostname='gke-tpu-3a97861b-c2c7, bns_address='', resolved_address='canon-p57-fl-zero-f45w10-96544812-pathways-worker-0-3.canon-p57-fl-zero-f45w10-96544812:29000']} }]
F0828 03:32:51.916376     809 quick_restart.cc:40] Job cancelled due to 6408541556418313203 gke-tpu-3a97861b-1vp4 exiting [reported by ServerConfig{ job_info=JobInfo{ name=6408541556418313203 job_instance_id=6408541556418313203 task_index=13 num_tasks=16 addr=canon-p57-fl-zero-f45w10-96544812-pathways-worker-0-13.canon-p57-fl-zero-f45w10-96544812:29000 [hostname='gke-tpu-3a97861b-1vp4, bns_address='', resolved_address='canon-p57-fl-zero-f45w10-96544812-pathways-worker-0-13.canon-p57-fl-zero-f45w10-96544812:29000']} }] with error INTERNAL: Client pipe canon-p57-fl-zero-f45w10-96544812-pathways-worker-0-2.canon-p57-fl-zero-f45w10-96544812:29000/worker_to_worker id=14969354806911437370 broke with error: DEADLINE_EXCEEDED: lost connection to peer at http://machine/gke-tpu-3a97861b-qbx9/events#srcs=borg%2Bcoroner since 10.047667564s ago; this usually means that the peer has unexpectedly gone away (peer stopped sending messages since 2026-08-28T03:32:41.865463105+00:00; timeout is 10s and the current machine is http://machine/gke-tpu-3a97861b-1vp4/events#srcs=borg%2Bcoroner)
	Client pipe canon-p57-fl-zero-f45w10-96544812-pathways-worker-0-2.canon-p57-fl-zero-f45w10-96544812:29000/worker_to_worker id=14969354806911437370
=== Source Location Trace: === 
third_party/pathways/data_parallel/pipe.cc:307

=== Source Location Trace: ===
third_party/pathways/data_parallel/worker_message_distributor.cc:1842
 [ServerConfig{ job_info=JobInfo{ name=6408541556418313203 job_instance_id=6408541556418313203 task_index=3 num_tasks=16 addr=canon-p57-fl-zero-f45w10-96544812-pathways-worker-0-3.canon-p57-fl-zero-f45w10-96544812:29000 [hostname='gke-tpu-3a97861b-c2c7, bns_address='', resolved_address='canon-p57-fl-zero-f45w10-96544812-pathways-worker-0-3.canon-p57-fl-zero-f45w10-96544812:29000']} }] (Quick-restart requested but unsupported in Cloud/OSS.)
