WARNING: Logging before InitGoogle() is written to STDERR
W0000 00:00:1787879824.059167       1 override_grpc_credentials_real.cc:57] Registering MLPathways gRPC credentials override 'grpc_insecure_override'
I0000 00:00:1787879824.061558       1 pipe_transport_registry.cc:30] Registering pipe transport grpc
I0828 01:17:04.080199       1 b295d63588a.cc:788] Linux version 6.12.85+ (builder@535ef2dedada) (Chromium OS 17.0_pre498229-r33 clang version 17.0.0 (/mnt/host/source/src/third_party/llvm-project 14f0776550b5a49e1c42f49a00213f7f3fa047bf), LLD 17.0.0) #1 SMP Mon May 11 07:53:24 UTC 2026
I0828 01:17:04.080477       1 b295d63588a.cc:872] Process id 1
I0828 01:17:04.080495       1 b295d63588a.cc:878] Current working directory /
I0828 01:17:04.080497       1 b295d63588a.cc:881] Current timezone is UTC (currently UTC +00:00)
I0828 01:17:04.080501       1 b295d63588a.cc:886] Built on Jul 30 2026 03:19:54 (1785406794)
I0828 01:17:04.080502       1 b295d63588a.cc:887]  at rbex-enqueue-targets@jgik3.prod.google.com:/google/src/cloud/buildrabbit-username/buildrabbit-client/g3     
I0828 01:17:04.080503       1 b295d63588a.cc:888]  as 
I0828 01:17:04.080505       1 b295d63588a.cc:889]  for gcc-4.X.Y-crosstool-v18-llvm-grtev4-k8.k8
I0828 01:17:04.080512       1 b295d63588a.cc:892]  from changelist 956357083 with baseline 956357083 in a mint client based on __ar56t/g3     
I0828 01:17:04.080519       1 b295d63588a.cc:896] Build label: cloud_pathways.runtime_20260730_0_RC00
I0828 01:17:04.080526       1 b295d63588a.cc:898] Build tool: Bazel, release r4rca-2026.07.27-2 (mainline @954306043)
I0828 01:17:04.080528       1 b295d63588a.cc:899] Build target: 
I0828 01:17:04.080535       1 b295d63588a.cc:907] Command line arguments:
I0828 01:17:04.080537       1 b295d63588a.cc:909] argv[0]: '/usr/pathways/run/cloud_pathways_server_sanitized'
I0828 01:17:04.080539       1 b295d63588a.cc:909] argv[1]: '--server_port=29000'
I0828 01:17:04.080541       1 b295d63588a.cc:909] argv[2]: '--resource_manager_address=canon-p57-fl-zero-f45w10-96544812-pathways-head-0-0.canon-p57-fl-zero-f45w10-96544812:29001'
I0828 01:17:04.080543       1 b295d63588a.cc:909] argv[3]: '--node_type=worker'
I0828 01:17:04.080544       1 b295d63588a.cc:909] argv[4]: '--instance_type=tpuv5:4x4x4'
I0828 01:17:04.080712       1 init.cc:78] Remote crash gathering hook installed.
I0828 01:17:04.080753       1 tpu_runtime_type_flags.cc:78] --tpu_use_tfrt not specified. Using default value: true
I0828 01:17:04.081166       1 host_command_handler_factory.cc:31] Skipping registration of host command handler for opcode Log because it is not in the allowlist.
I0828 01:17:04.081332       1 tpu_hal.cc:467] Registered plugin from module: megascale_sync_flag_logger
I0828 01:17:04.083858       1 tpu_hal.cc:467] Registered plugin from module: RuntimeMetricHelper
I0828 01:17:04.098684       1 logger.cc:308] Enabling threaded logging for severity WARNING
I0828 01:17:04.098720       1 tpu_hal.cc:467] Registered plugin from module: sdc_checker_callback
I0828 01:17:04.098932       1 mlock.cc:220] mlock()-ed 4096 bytes for BuildID, using 1 syscalls.
I0828 01:17:04.099145       1 cloud_config_util.cc:53] STARTUP: argv[0]: /usr/pathways/run/cloud_pathways_server_sanitized$
I0828 01:17:04.099154       1 cloud_config_util.cc:57] STARTUP: env: PATH=/bin$
I0828 01:17:04.099156       1 cloud_config_util.cc:57] STARTUP: env: HOSTNAME=gke-tpu-3a97861b-s7zv$
I0828 01:17:04.099157       1 cloud_config_util.cc:57] STARTUP: env: LD_LIBRARY_PATH=/usr/grte/v5/lib64/:/usr/pathways/run/$
I0828 01:17:04.099162       1 cloud_config_util.cc:57] STARTUP: env: PATHWAYS_UNSAFE_UNSAFE_OVERRIDE_GRPC_CREDENTIALS=grpc_insecure_override$
I0828 01:17:04.099163       1 cloud_config_util.cc:57] STARTUP: env: TPU_STDERR_LOG_LEVEL=0$
I0828 01:17:04.099164       1 cloud_config_util.cc:57] STARTUP: env: HOST_BOUNDS=2,2,4$
I0828 01:17:04.099165       1 cloud_config_util.cc:57] STARTUP: env: WRAP=true,true,true$
I0828 01:17:04.099167       1 cloud_config_util.cc:57] STARTUP: env: ALT=false$
I0828 01:17:04.099168       1 cloud_config_util.cc:57] STARTUP: env: TPU_SKIP_MDS_QUERY=true$
I0828 01:17:04.099169       1 cloud_config_util.cc:57] STARTUP: env: TPU_CHIPS_PER_HOST_BOUNDS=2,2,1$
I0828 01:17:04.099171       1 cloud_config_util.cc:57] STARTUP: env: TPU_TOPOLOGY_ALT=false$
I0828 01:17:04.099172       1 cloud_config_util.cc:57] STARTUP: env: TPU_RUNTIME_METRICS_PORTS=8431,8432,8433,8434$
I0828 01:17:04.099173       1 cloud_config_util.cc:57] STARTUP: env: ENABLE_ICI_RESILIENCY=true$
I0828 01:17:04.099174       1 cloud_config_util.cc:57] STARTUP: env: VBAR_CONTROL_SERVICE_URL=unix:///var/run/tpu-plugin/vbar.sock$
I0828 01:17:04.099176       1 cloud_config_util.cc:57] STARTUP: env: TPU_ACCELERATOR_TYPE=v5p-128$
I0828 01:17:04.099177       1 cloud_config_util.cc:57] STARTUP: env: CHIPS_PER_HOST_BOUNDS=2,2,1$
I0828 01:17:04.099178       1 cloud_config_util.cc:57] STARTUP: env: TPU_TOPOLOGY_WRAP=true,true,true$
I0828 01:17:04.099179       1 cloud_config_util.cc:57] STARTUP: env: TPU_TOPOLOGY=4x4x4$
I0828 01:17:04.099181       1 cloud_config_util.cc:57] STARTUP: env: TPU_HOST_BOUNDS=2,2,4$
I0828 01:17:04.099182       1 cloud_config_util.cc:57] STARTUP: env: JOB_COMPLETION_INDEX=15$
I0828 01:17:04.099184       1 cloud_config_util.cc:57] STARTUP: env: MEGASCALE_SLICE_ID=0$
I0828 01:17:04.099185       1 cloud_config_util.cc:57] STARTUP: env: XLA_PYTHON_CLIENT_PREALLOCATE=true$
I0828 01:17:04.099186       1 cloud_config_util.cc:57] STARTUP: env: ENABLE_PATHWAYS_PERSISTENCE=1$
I0828 01:17:04.099187       1 cloud_config_util.cc:57] STARTUP: env: TPU_WORKER_HOSTNAMES=canon-p57-fl-zero-f45w10-96544812-pathways-worker-0-0.canon-p57-fl-zero-f45w10-96544812,canon-p57-fl-zero-f45w10-96544812-pathways-worker-0-1.canon-p57-fl-zero-f45w10-96544812,canon-p57-fl-zero-f45w10-96544812-pathways-worker-0-2.canon-p57-fl-zero-f45w10-96544812,canon-p57-fl-zero-f45w10-96544812-pathways-worker-0-3.canon-p57-fl-zero-f45w10-96544812,canon-p57-fl-zero-f45w10-96544812-pathways-worker-0-4.canon-p57-fl-zero-f45w10-96544812,canon-p57-fl-zero-f45w10-96544812-pathways-worker-0-5.canon-p57-fl-zero-f45w10-96544812,canon-p57-fl-zero-f45w10-96544812-pathways-worker-0-6.canon-p57-fl-zero-f45w10-96544812,canon-p57-fl-zero-f45w10-96544812-pathways-worker-0-7.canon-p57-fl-zero-f45w10-96544812,canon-p57-fl-zero-f45w10-96544812-pathways-worker-0-8.canon-p57-fl-zero-f45w10-96544812,canon-p57-fl-zero-f45w10-96544812-pathways-worker-0-9.canon-p57-fl-zero-f45w10-96544812,canon-p57-fl-zero-f45w10-96544812-pathways-worker-0-10.canon-p57-fl-zero-f45w10-96544812,canon-p57-fl-zero-f45w10-96544812-pathways-worker-0-11.canon-p57-fl-zero-f45w10-96544812,canon-p57-fl-zero-f45w10-96544812-pathways-worker-0-12.canon-p57-fl-zero-f45w10-96544812,canon-p57-fl-zero-f45w10-96544812-pathways-worker-0-13.canon-p57-fl-zero-f45w10-96544812,canon-p57-fl-zero-f45w10-96544812-pathways-worker-0-14.canon-p57-fl-zero-f45w10-96544812,canon-p57-fl-zero-f45w10-96544812-pathways-worker-0-15.canon-p57-fl-zero-f45w10-96544812$
I0828 01:17:04.099189       1 cloud_config_util.cc:57] STARTUP: env: MEGASCALE_GRPC_ENABLE_XOR_TRACER=false$
I0828 01:17:04.099190       1 cloud_config_util.cc:57] STARTUP: env: REPLICATED_JOB_NAME=pathways-worker$
I0828 01:17:04.099192       1 cloud_config_util.cc:57] STARTUP: env: MEGASCALE_COORDINATOR_ADDRESS=$
I0828 01:17:04.099193       1 cloud_config_util.cc:57] STARTUP: env: XLA_PYTHON_CLIENT_MEM_FRACTION=0.9$
I0828 01:17:04.099195       1 cloud_config_util.cc:57] STARTUP: env: PATHWAYS_HEAD=canon-p57-fl-zero-f45w10-96544812-pathways-head-0-0.canon-p57-fl-zero-f45w10-96544812$
I0828 01:17:04.099196       1 cloud_config_util.cc:57] STARTUP: env: TPU_MIN_LOG_LEVEL=0$
I0828 01:17:04.099197       1 cloud_config_util.cc:57] STARTUP: env: XCLOUD_ENVIRONMENT=GCP$
I0828 01:17:04.099199       1 cloud_config_util.cc:57] STARTUP: env: TF_CPP_MIN_LOG_LEVEL=0$
I0828 01:17:04.099200       1 cloud_config_util.cc:57] STARTUP: env: MEGASCALE_NUM_SLICES=1$
I0828 01:17:04.099201       1 cloud_config_util.cc:57] STARTUP: env: JOBSET_NAME=canon-p57-fl-zero-f45w10-96544812$
I0828 01:17:04.099202       1 cloud_config_util.cc:57] STARTUP: env: TPU_WORKER_ID=15$
I0828 01:17:04.099203       1 cloud_config_util.cc:57] STARTUP: env: KIMI_K3_SERVICE_SERVICE_PORT=8000$
I0828 01:17:04.099204       1 cloud_config_util.cc:57] STARTUP: env: KIMI_K3_SERVICE_PORT_8000_TCP=tcp://34.118.236.245:8000$
I0828 01:17:04.099206       1 cloud_config_util.cc:57] STARTUP: env: KIMI_K3_SERVICE_PORT_8000_TCP_PROTO=tcp$
I0828 01:17:04.099207       1 cloud_config_util.cc:57] STARTUP: env: KIMI_K3_SERVICE_PORT_8000_TCP_PORT=8000$
I0828 01:17:04.099208       1 cloud_config_util.cc:57] STARTUP: env: KUBERNETES_PORT=tcp://34.118.224.1:443$
I0828 01:17:04.099209       1 cloud_config_util.cc:57] STARTUP: env: KIMI_K3_SERVICE_SERVICE_HOST=34.118.236.245$
I0828 01:17:04.099210       1 cloud_config_util.cc:57] STARTUP: env: KIMI_K3_SERVICE_SERVICE_PORT_HTTP_SERVING=8000$
I0828 01:17:04.099212       1 cloud_config_util.cc:57] STARTUP: env: KIMI_K3_SERVICE_PORT=tcp://34.118.236.245:8000$
I0828 01:17:04.099213       1 cloud_config_util.cc:57] STARTUP: env: KIMI_K3_SERVICE_PORT_8000_TCP_ADDR=34.118.236.245$
I0828 01:17:04.099214       1 cloud_config_util.cc:57] STARTUP: env: KUBERNETES_PORT_443_TCP=tcp://34.118.224.1:443$
I0828 01:17:04.099216       1 cloud_config_util.cc:57] STARTUP: env: KUBERNETES_PORT_443_TCP_PORT=443$
I0828 01:17:04.099217       1 cloud_config_util.cc:57] STARTUP: env: KUBERNETES_SERVICE_PORT_HTTPS=443$
I0828 01:17:04.099218       1 cloud_config_util.cc:57] STARTUP: env: KUBERNETES_PORT_443_TCP_PROTO=tcp$
I0828 01:17:04.099219       1 cloud_config_util.cc:57] STARTUP: env: KUBERNETES_SERVICE_HOST=34.118.224.1$
I0828 01:17:04.099221       1 cloud_config_util.cc:57] STARTUP: env: KUBERNETES_SERVICE_PORT=443$
I0828 01:17:04.099222       1 cloud_config_util.cc:57] STARTUP: env: KUBERNETES_PORT_443_TCP_ADDR=34.118.224.1$
I0828 01:17:04.099223       1 cloud_config_util.cc:57] STARTUP: env: HOME=/$
I0828 01:17:04.099224       1 cloud_config_util.cc:57] STARTUP: env: CLOUD_TPU_TASK_ID=15$
I0828 01:17:04.099226       1 cloud_config_util.cc:57] STARTUP: env: TPU_PREMAPPED_BUFFER_SIZE=4294967296$
I0828 01:17:04.099227       1 cloud_config_util.cc:57] STARTUP: env: CLOUD_TPU_ACCELERATOR_TYPE=v5p-128$
I0828 01:17:04.099229       1 cloud_config_util.cc:64] STARTUP: config: CloudWorkerAndRmConfig(gcs_scratch_location: , server_port: 29000, node_type: 0, resource_manager_address: dns:///canon-p57-fl-zero-f45w10-96544812-pathways-head-0-0.canon-p57-fl-zero-f45w10-96544812:29001, expected_instances: , tpu_pinned_host_allocation_recycle: 0, enable_gcs_olm: 1, temporary_flags_for_debugging: , chip_config_name: , tpu_premapped_buffer_size: 4294967296)
I0828 01:17:04.099774       1 pipe_transport_registry.cc:45] Determined pipe transport grpc
W0828 01:17:04.099806       1 override_grpc_credentials_real.cc:75] Using MLPathways gRPC server credentials override
I0828 01:17:04.099835      30 monitoring.cc:47] Starting all registered TSL metrics exporters.
I0828 01:17:04.099858       1 config.cc:265] gRPC experiments: xds_server_filter_chain_per_route:off; default-enabled: buffer_list_deletion_prep, cache_loas_context_in_connection_context, call_tracer_send_initial_metadata_is_an_annotation, callv3_batch_validation, callv3_census_client, callv3_census_server, census_global_family_cache, chaotic_good_framing_layer, chaotic_good_send_supported_features, custom_frame_check, directpath_rpc_header_sanitization_filter, event_engine_callback_cq, event_engine_client, event_engine_dns, event_engine_dns_non_client_channel, event_engine_listener, inproc_cancel_stream, message_size_refactoring, monitoring_experiment, optimization_01, optimization_02, optimization_03, optimization_04, ph2_perf_01, promise_batch_cleanup_on_cancel, promise_filter_send_cancel_metadata, subchannel_connection_scaling, tsi_frame_protector_without_locks, wildcard_ip_expansion_restriction
I0828 01:17:04.099958       1 httpserver2_cloud.cc:122] Attempting to start grpc service at [::]:29000
I0828 01:17:04.101396       1 httpserver2_cloud.cc:125] Started grpc service at [::]:29000
I0828 01:17:04.101407       1 pipe_grpc.cc:332] Pipe grpc server listening on [::]:29000
W0828 01:17:04.101411       1 pjrt_tpu_init.cc:65] worker_connected_callback is ignored.
W0828 01:17:04.101416       1 pjrt_tpu_init.cc:69] worker_disconnected_callback is ignored.
I0828 01:17:04.113204       1 device_util.cc:81] Found 4 TPU v5 chips.
I0828 01:17:04.113218       1 tpu_version_flag.cc:77] Using auto-detected TPU version TPU v5
I0828 01:17:04.114559       1 tpu_chip_config.cc:367] Resolved chip config alias megachip_tccontrol->megacore for 2093c6a02, 
I0828 01:17:04.115225       1 pending_event_logger.cc:964] Enabling PjRt/TPU event dependency logging.
I0828 01:17:04.116202     258 flags_util.cc:316] Using 8471 from --2a886c8_slice_builder_worker_port as SliceBuilder worker service port.
I0828 01:17:04.116874     258 tpu_network_factory.cc:62] tpunetd either not supported or disabled, falling back to Slice Builder
I0828 01:17:04.124994     258 init-domain.cc:132] Fiber init: default domain = futex, concurrency = 228, prefix = futex-default
I0828 01:17:04.819984     264 async_driver.cc:477] [/dev/vfio/3 tpu923:pe0:3] vf_id:0 Driver opened.
I0828 01:17:04.823056     261 async_driver.cc:477] [/dev/vfio/0 tpu923:pe0:2] vf_id:0 Driver opened.
I0828 01:17:04.844389     262 async_driver.cc:477] [/dev/vfio/1 tpu923:pe0:0] vf_id:0 Driver opened.
I0828 01:17:04.844509     260 futex.cc:71] RAW: Futex::Swap(): using GFUTEX_SWAP
I0828 01:17:04.845106     264 tpu_vxc_driver.cc:935] Throttled firmware queue size configured to 223(Firmware queue size: 256, leaving 32 for misc purposes).
I0828 01:17:04.866861     261 tpu_vxc_driver.cc:935] Throttled firmware queue size configured to 223(Firmware queue size: 256, leaving 32 for misc purposes).
I0828 01:17:04.868936     262 tpu_vxc_driver.cc:935] Throttled firmware queue size configured to 223(Firmware queue size: 256, leaving 32 for misc purposes).
I0828 01:17:04.872949     264 async_driver.cc:1858] All cores supported.
I0828 01:17:04.873767     261 async_driver.cc:1858] All cores supported.
I0828 01:17:04.874721     262 async_driver.cc:1858] All cores supported.
I0828 01:17:04.904985     263 async_driver.cc:477] [/dev/vfio/2 tpu923:pe0:1] vf_id:0 Driver opened.
I0828 01:17:04.934013     263 tpu_vxc_driver.cc:935] Throttled firmware queue size configured to 223(Firmware queue size: 256, leaving 32 for misc purposes).
I0828 01:17:04.939983     263 async_driver.cc:1858] All cores supported.
I0828 01:17:06.669986     295 slice_configuration.cc:658] Data link layer on tpu923:pe0:0:p0:z+ has come up.
I0828 01:17:06.670793     295 slice_configuration.cc:658] Data link layer on tpu923:pe0:0:p1:x+ has come up.
I0828 01:17:06.671575     295 slice_configuration.cc:658] Data link layer on tpu923:pe0:0:p2:z- has come up.
I0828 01:17:06.672311     295 slice_configuration.cc:658] Data link layer on tpu923:pe0:0:p3:y- has come up.
I0828 01:17:06.673057     295 slice_configuration.cc:658] Data link layer on tpu923:pe0:0:p4:y+ has come up.
I0828 01:17:06.673803     295 slice_configuration.cc:658] Data link layer on tpu923:pe0:0:p5:x- has come up.
I0828 01:17:07.685546     258 tpu_hal.cc:209] Starting premapped memory manager initialization...
W0828 01:17:07.689090     590 libtpu_telemetry_utils.cc:44] Metric already exists: hlo.execution.timing.distribution.microseconds
W0828 01:17:07.689096     589 libtpu_telemetry_utils.cc:44] Metric already exists: hlo.execution.timing.distribution.microseconds
W0828 01:17:07.689106     590 libtpu_telemetry_utils.cc:44] Metric already exists: hlo.queue.size.gauge
W0828 01:17:07.689107     589 libtpu_telemetry_utils.cc:44] Metric already exists: hlo.queue.size.gauge
W0828 01:17:07.689124     591 libtpu_telemetry_utils.cc:44] Metric already exists: hlo.execution.timing.distribution.microseconds
W0828 01:17:07.689388     591 libtpu_telemetry_utils.cc:44] Metric already exists: hlo.queue.size.gauge
W0828 01:17:07.690706     592 libtpu_telemetry_utils.cc:44] Metric already exists: hlo.execution.timing.distribution.microseconds
W0828 01:17:07.690724     592 libtpu_telemetry_utils.cc:44] Metric already exists: hlo.queue.size.gauge
W0828 01:17:07.690765     589 libtpu_telemetry_utils.cc:44] Metric already exists: hlo.execution.timing.distribution.microseconds
W0828 01:17:07.690767     590 libtpu_telemetry_utils.cc:44] Metric already exists: hlo.execution.timing.distribution.microseconds
W0828 01:17:07.690780     590 libtpu_telemetry_utils.cc:44] Metric already exists: hlo.queue.size.gauge
W0828 01:17:07.690776     589 libtpu_telemetry_utils.cc:44] Metric already exists: hlo.queue.size.gauge
W0828 01:17:07.691115     591 libtpu_telemetry_utils.cc:44] Metric already exists: hlo.execution.timing.distribution.microseconds
W0828 01:17:07.691125     591 libtpu_telemetry_utils.cc:44] Metric already exists: hlo.queue.size.gauge
I0828 01:17:08.456223     258 runtime_metric_service.cc:197] Successfully started Runtime Metric Service on port: 8431
I0828 01:17:08.456376     258 system.cc:1087] tpu::System initialized, current host id: 5, logical device ids: 18,19,22,23
I0828 01:17:08.456403       1 tpu_system_state.cc:224] CreateTpuSystemState: TPU initialization is successful and it took 4.341169853s
I0828 01:17:08.456417       1 tpu_system_state.cc:228] CreateTpuSystemState: using TPU host premapped buffer of size: 4294967296
I0828 01:17:08.456423       1 tpu_host_allocator.cc:68] Premapped buffer is using alignment 64
I0828 01:17:08.456466     661 tpu_diagnostic_coordinator.cc:610] TpuDiagnosticCoordinator listening on socket /tmp/tpu_diag_trigger_1.socket (symlinked at /tmp/tpu_diag_latest.socket)
I0828 01:17:08.456803       1 tpu_linearizer.cc:104] Inflight linearization byte limit configured to : 1099511627776
I0828 01:17:08.456812       1 tpu_linearizer.cc:118] Inflight delinearization byte limit configured to : 1099511627776
I0828 01:17:08.457045       1 allocator_stats_reporter.cc:117] Starting AllocatorStats Reporter with reporting interval: 5s
I0828 01:17:08.457322       1 pjrt_c_api_client.cc:187] PjRtCApiClient created.
I0828 01:17:08.457328       1 server_lib.cc:2229] Dispatching compilation of PSI exchange program
I0828 01:17:08.457342       1 watch_dog.cc:26] Creating thread: PwWatchDog_9638028378209493103 for WatchDog: Timebomb for initial consensus program
I0828 01:17:08.459893       1 2a886c8_compiler_hlo_passes.cc:6336] XLA::TPU running hlo passes for 2 instructions, module: psi_info_exchange.1
I0828 01:17:08.459913       1 2a886c8_compiler_hlo_passes.cc:6381] Initial HLO module: psi_info_exchange.1 instructions: 2 fingerprint: 
I0828 01:17:08.460297       1 2a886c8_compiler_hlo_passes.cc:6445] HLO optimizing module: psi_info_exchange.1 instructions: 2
I0828 01:17:08.460302       1 2a886c8_compiler_hlo_passes.cc:6459] XLA::TPU HLO optimization
I0828 01:17:08.462071     672 tpu_layout_assignment.cc:4245] Ran 2 additional passes of layout assignment to assign all layouts.
I0828 01:17:08.462249       1 2a886c8_compiler_hlo_passes.cc:6248] xla_tpu_impure_hlo_parallel_compile is DISABLED. psi_info_exchange.1
I0828 01:17:08.463873       1 2a886c8_compiler_hlo_passes.cc:5327] XLA::TPU HLO PostOptimizationPipeline
I0828 01:17:08.464592       1 tpu_plumb_vmem_info.cc:668] scavenging_mode: 0 for module: psi_info_exchange.1
I0828 01:17:08.464654       1 2a886c8_compiler_hlo_passes.cc:6532] HLO_PASSES stage duration: 4.74046225ms
I0828 01:17:08.468589     652 tpu_chip_config.cc:367] Resolved chip config alias megachip_tccontrol->megacore for 2093c6a02, 
I0828 01:17:08.469294     652 memory_space_assignment_util.cc:621] MSA Vmem breakdown: default scoped vmem (from flag): 16777216; does_msa_directly_allocate_scoped_vmem: F; bytes_for_msa_to_allocate: 50266112
I0828 01:17:08.485798     674 2a886c8_compiler_base.cc:4059] BACKEND_PASSES stage duration: 17.26485225ms
I0828 01:17:08.487457     674 2a886c8_compiler_backend.cc:1776] final program bundle count: 1,043 note this count does not reflect cycles spent executing delays.
I0828 01:17:08.493265     674 2a886c8_compiler_backend.cc:1968] Program divided into 2 overlays without HLO functions (102.0K).
I0828 01:17:08.493332     674 2a886c8_compiler_backend.cc:2134] XLA::TPU module name: psi_info_exchange.1
I0828 01:17:08.493336     674 2a886c8_compiler_backend.cc:2136] XLA::TPU program HBM usage: 183.0K / 95.73G
I0828 01:17:08.493338     674 2a886c8_compiler_backend.cc:2143] Note that --xla_tpu_max_hbm_size_mib is not specified. This means that the compiler may use up all available HBM, possibly prioritizing other metrics (latency, compile-time, ..) over memory usage. To reduce memory usage, set --xla_tpu_max_hbm_size_mib to a smaller value.
I0828 01:17:08.493340     674 2a886c8_compiler_backend.cc:2177] XLA::TPU program VMEM usage: 166.5K / 64.00M
I0828 01:17:08.493348     674 2a886c8_compiler_backend.cc:2188] Total hbm usage >= 279.21M:
    reserved        279.03M 
    program          183.0K 
    arguments          512B 

Output size 6.0K; shares 0B with arguments.

Total host usage >= 0B:
    reserved             0B 
    program         unknown size 
    arguments            0B 

Output size 0B; shares 0B with arguments.

I0828 01:17:08.493362     674 2a886c8_compiler_backend.cc:2192] Program sflag requirement 300B:
    reserved           204B
    scoped              92B
    HLO temp             4B (100.0% utilization: Unpadded (4B) Padded (4B), 0.0% fragmentation (0B))
Program sparse_core_sequencer_sflag requirement 36B:
    reserved            36B
Program sparse_core_tile_sflag requirement 4B:
    reserved             4B
Program sparse_core_sequencer_smem requirement 64B:
    reserved            64B
Program sparse_core_tile_smem requirement 0B:
Program hbm requirement 183.0K:
    global            33.0K
    HLO temp          48.0K (9.5% utilization: Unpadded (3.0K) Padded (32.0K), 33.3% fragmentation (16.0K))
    overlays         102.0K
Program vmem requirement 166.5K:
    scoped           166.0K
    HLO temp           512B (0.0% utilization: Unpadded (0B) Padded (0B), 100.0% fragmentation (512B))
Program smem requirement 264B:
    global               4B
    scoped             260B
Program host requirement 0B:
I0828 01:17:08.493365     674 2a886c8_compiler_backend.cc:2200] XLA::TPU program SMEM usage: 2.1K / 1.00M (1 parameters)
I0828 01:17:08.493373     674 2a886c8_compiler_backend.cc:1472] CODE_GENERATION stage duration: 7.53576325ms
I0828 01:17:08.493914     674 isa_program_util_common.cc:373] (HLO module psi_info_exchange.1): Executable fingerprint:893e9e20d5ae160c7be6d81fd596ec73c1cabe1940b3c273861ec36b26fbeb3a
I0828 01:17:08.493917     674 isa_program_util_common.cc:377] (HLO module psi_info_exchange.1): Executable fingerprint (including data segments):75664ae48d4b52bd2da19a4f3a6af5c80210481094276e70a5455e382d1b95dc
I0828 01:17:08.493919     674 isa_program_util_common.cc:380] (HLO module psi_info_exchange.1): Host transfer fingerprint:e3b0c44298fc1c149afbf4c8996fb92427ae41e4649b934ca495991b7852b855
I0828 01:17:08.494078       1 2a886c8_compiler_base.cc:1019] END_TO_END stage duration: 34.3107985ms
I0828 01:17:08.494089       1 2a886c8_compiler_base.cc:1020] Note that END_TO_END duration also includes time outside of HLO_PASSES, BACKEND_PASSES, and CODE_GENERATION
I0828 01:17:08.494378       1 server_lib.cc:2235] Done compilation of PSI exchange program: OK took 37.048189ms
I0828 01:17:08.494386       1 job_info_impl_cloud.cc:177] Not running on Google or testing cloud: CreateCloudJobInfoImpl
I0828 01:17:08.494399       1 psi_consensus_preflight.cc:342] Starting execution of psi_info_exchange.1
I0828 01:17:08.495060       1 psi_consensus_preflight.cc:357] Finished dispatching psi_info_exchange.1
I0828 01:17:08.515849       1 psi_consensus_preflight.cc:365] Finished execution of psi_info_exchange.1
I0828 01:17:08.515926     671 watch_dog.cc:58] WatchDog Timebomb for initial consensus program shutdown
I0828 01:17:08.516104       1 psi_consensus_preflight.cc:417] Using per-slice-instance JobId 6408541556418313203 instead of just borg job id 0
I0828 01:17:08.550314       1 tpu_chip_config.cc:367] Resolved chip config alias megachip_tccontrol->megacore for 2093c6a02, 
I0828 01:17:08.551251       1 server_lib.cc:1172] TPU Device with core coordinates: 3x1x1_TC0 is on host: gke-tpu-3a97861b-s7zv
I0828 01:17:08.551260       1 server_lib.cc:1172] TPU Device with core coordinates: 2x1x1_TC0 is on host: gke-tpu-3a97861b-s7zv
I0828 01:17:08.551262       1 server_lib.cc:1172] TPU Device with core coordinates: 2x0x1_TC0 is on host: gke-tpu-3a97861b-s7zv
I0828 01:17:08.551264       1 server_lib.cc:1172] TPU Device with core coordinates: 3x0x1_TC0 is on host: gke-tpu-3a97861b-s7zv
I0828 01:17:08.557989       1 rpc_transport.cc:1602] grpc: Creating RpcTransport at 10.164.0.132:43511 with 8 channels per destination and a limit of 8192 concurrent send channels
I0828 01:17:08.558405       1 object_manager.cc:617] Initializing BufferStore device 86
I0828 01:17:08.558413       1 object_manager.cc:617] Initializing BufferStore device 22
I0828 01:17:08.558414       1 object_manager.cc:617] Initializing BufferStore device 18
I0828 01:17:08.558415       1 object_manager.cc:617] Initializing BufferStore device 19
I0828 01:17:08.558416       1 object_manager.cc:617] Initializing BufferStore device 83
I0828 01:17:08.558417       1 object_manager.cc:617] Initializing BufferStore device 82
I0828 01:17:08.558418       1 object_manager.cc:617] Initializing BufferStore device 23
I0828 01:17:08.558419       1 object_manager.cc:617] Initializing BufferStore device 143
I0828 01:17:08.558420       1 object_manager.cc:617] Initializing BufferStore device 87
I0828 01:17:08.558856       1 preemption_util.cc:46] Registering cloud preemption handler.
I0828 01:17:08.559105       1 server_lib.cc:1479] Server starting up, with http listen address '10.164.0.132:29000' and config.job.resolved_address 'canon-p57-fl-zero-f45w10-96544812-pathways-worker-0-15.canon-p57-fl-zero-f45w10-96544812:29000'
I0828 01:17:08.559736       1 server_status_pages_noop.cc:9] ExportServerStatusPages is a no-op.
I0828 01:17:08.559740       1 server_lib.cc:1581] Pathways Server serving on 10.164.0.132:29000
W0828 01:17:08.559904       1 httpserver2_cloud.cc:175] Skipping RedirectRootToStatusz as it is not supported yet.
I0828 01:17:08.559909       1 httpserver2_cloud.cc:56] WaitForTermination
I0828 01:17:08.581500     813 worker_message_distributor.cc:601] Creating send thread LocalSender_at_6408541556418313203_15 for local worker op dispatcher
I0828 01:17:08.581513     813 worker_message_distributor.cc:1985] Configuring distributor for 1 workers at 6408541556418313203: next_hops_per_sender=1 (split_threshold=256)
I0828 01:17:08.581513     747 worker_message_distributor.cc:1046] Starting send thread LocalSender_at_6408541556418313203_15
I0828 01:17:08.581520     813 worker_message_distributor.cc:2057] Configured distributor for 0 remote endpoints
I0828 01:17:08.581868     747 persistent_compilation_cache.cc:446] Created persistent cache from location go/debugstr  
storage_type: GCS
path: "gs://yuxzhang-tunix-models/tmp/canon-zero-tim/p33/canon-p57-fl-zero-f45w10-96544812/compilation_cache/default"
num_shards: 1
name: "default"
ttl {
  seconds: 259200
}
I0828 01:17:08.584494     747 persistent_compilation_cache.cc:455] Using compressor 'zstd=1' to compress persistent compilation cache entries
I0828 01:20:17.570968     747 server_lib.cc:1923] Initializing placement go/debugstr  
placement_id: 3540490082203073296
dset_id: 7647257455777884003
client_ids: 7647257455777883041
I0828 01:20:17.571217     747 sidecar_registry.cc:58] Creating sidecar 'xprof'
I0828 01:27:09.895023     723 server_lib.cc:1855] Attempting to load component jit_stage.1182302940440487541 @ 0 at worker after 1.546519ms (proto size 2382)
I0828 01:27:10.122978     723 server_lib.cc:1855] Attempting to load component jit__threefry_seed.4603114223327848373 @ 0 at worker after 826.132us (proto size 2409)
I0828 01:27:10.136840    1295 tpu_chip_config.cc:367] Resolved chip config alias megachip_tccontrol->megacore for 2093c6a02, 
I0828 01:27:10.138756    1295 tpu_chip_config.cc:367] Resolved chip config alias megachip_tccontrol->megacore for 2093c6a02, 
I0828 01:27:10.139688    1295 xla_compilation_cache.cc:113] XLA compilation cache fetch for computation 'jit_stage' (key 83c15331012ef991) took 244.679672ms: PERSISTENT_FETCH
I0828 01:27:10.351155    1294 tpu_chip_config.cc:367] Resolved chip config alias megachip_tccontrol->megacore for 2093c6a02, 
I0828 01:27:10.352725    1294 tpu_chip_config.cc:367] Resolved chip config alias megachip_tccontrol->megacore for 2093c6a02, 
I0828 01:27:10.353637    1294 xla_compilation_cache.cc:113] XLA compilation cache fetch for computation 'jit__threefry_seed' (key 6d038df1de0e7d78) took 230.665341ms: PERSISTENT_FETCH
I0828 01:27:10.371312     723 server_lib.cc:1855] Attempting to load component jit__generate_dummy_weights_kernel.1182302940440487360 @ 0 at worker after 1.016131ms (proto size 2456)
I0828 01:27:12.285137    1950 server_lib.cc:1855] Attempting to load component jit__identity_fn.4603114223327849512 @ 0 at worker after 961.662us (proto size 2426)
I0828 01:27:12.306133    1294 tpu_chip_config.cc:367] Resolved chip config alias megachip_tccontrol->megacore for 2093c6a02, 
I0828 01:27:12.307970    1294 tpu_chip_config.cc:367] Resolved chip config alias megachip_tccontrol->megacore for 2093c6a02, 
I0828 01:27:12.309453    1294 xla_compilation_cache.cc:113] XLA compilation cache fetch for computation 'jit__generate_dummy_weights_kernel' (key 5209253d8ba56adb) took 1.938147214s: PERSISTENT_FETCH
I0828 01:27:12.587923    1295 tpu_chip_config.cc:367] Resolved chip config alias megachip_tccontrol->megacore for 2093c6a02, 
I0828 01:27:12.589432    1295 tpu_chip_config.cc:367] Resolved chip config alias megachip_tccontrol->megacore for 2093c6a02, 
I0828 01:27:12.590204    1295 xla_compilation_cache.cc:113] XLA compilation cache fetch for computation 'jit__identity_fn' (key 73c0e6511de7bd45) took 305.076109ms: PERSISTENT_FETCH
I0828 01:27:12.603699     721 server_lib.cc:1855] Attempting to load component jit__generate_dummy_weights_kernel.1182302940440488484 @ 0 at worker after 981.273us (proto size 2456)
I0828 01:27:15.355634     699 server_lib.cc:1855] Attempting to load component jit__identity_fn.4603114223327846555 @ 0 at worker after 907.295us (proto size 2426)
I0828 01:27:15.374277    1295 tpu_chip_config.cc:367] Resolved chip config alias megachip_tccontrol->megacore for 2093c6a02, 
I0828 01:27:15.376162    1295 tpu_chip_config.cc:367] Resolved chip config alias megachip_tccontrol->megacore for 2093c6a02, 
I0828 01:27:15.377494    1295 xla_compilation_cache.cc:113] XLA compilation cache fetch for computation 'jit__generate_dummy_weights_kernel' (key 1b8e338b0ce3bbfe) took 2.77380239s: PERSISTENT_FETCH
I0828 01:27:15.668423    1294 tpu_chip_config.cc:367] Resolved chip config alias megachip_tccontrol->megacore for 2093c6a02, 
I0828 01:27:15.669927    1294 tpu_chip_config.cc:367] Resolved chip config alias megachip_tccontrol->megacore for 2093c6a02, 
I0828 01:27:15.670651    1294 xla_compilation_cache.cc:113] XLA compilation cache fetch for computation 'jit__identity_fn' (key 7f60c111408dd9eb) took 315.025233ms: PERSISTENT_FETCH
I0828 01:27:21.668795     723 server_lib.cc:1855] Attempting to load component jit__generate_dummy_weights_kernel.5734983100396399931 @ 0 at worker after 3.395377ms (proto size 2451)
I0828 01:27:21.965547     723 server_lib.cc:1855] Attempting to load component jit__identity_fn.12199592962835258961 @ 0 at worker after 2.781694ms (proto size 2417)
I0828 01:27:21.986486    1294 tpu_chip_config.cc:367] Resolved chip config alias megachip_tccontrol->megacore for 2093c6a02, 
I0828 01:27:21.988224    1294 tpu_chip_config.cc:367] Resolved chip config alias megachip_tccontrol->megacore for 2093c6a02, 
I0828 01:27:21.989470    1294 xla_compilation_cache.cc:113] XLA compilation cache fetch for computation 'jit__generate_dummy_weights_kernel' (key f91ad6bc5fa5a293) took 320.69809ms: PERSISTENT_FETCH
I0828 01:27:22.231133    1295 tpu_chip_config.cc:367] Resolved chip config alias megachip_tccontrol->megacore for 2093c6a02, 
I0828 01:27:22.232803    1295 tpu_chip_config.cc:367] Resolved chip config alias megachip_tccontrol->megacore for 2093c6a02, 
I0828 01:27:22.233612    1295 xla_compilation_cache.cc:113] XLA compilation cache fetch for computation 'jit__identity_fn' (key f84d675e12ac2f75) took 268.075844ms: PERSISTENT_FETCH
I0828 01:27:22.309100     721 server_lib.cc:1855] Attempting to load component jit__generate_dummy_weights_kernel.5734983100396400479 @ 0 at worker after 1.221911ms (proto size 2455)
I0828 01:27:23.070112     721 server_lib.cc:1855] Attempting to load component jit__identity_fn.12199592962835258452 @ 0 at worker after 1.181769ms (proto size 2424)
I0828 01:27:23.086612    1295 tpu_chip_config.cc:367] Resolved chip config alias megachip_tccontrol->megacore for 2093c6a02, 
I0828 01:27:23.088323    1295 tpu_chip_config.cc:367] Resolved chip config alias megachip_tccontrol->megacore for 2093c6a02, 
I0828 01:27:23.089641    1295 xla_compilation_cache.cc:113] XLA compilation cache fetch for computation 'jit__generate_dummy_weights_kernel' (key 981da1a85e6889e9) took 780.549917ms: PERSISTENT_FETCH
I0828 01:27:23.362498    1294 tpu_chip_config.cc:367] Resolved chip config alias megachip_tccontrol->megacore for 2093c6a02, 
I0828 01:27:23.364141    1294 tpu_chip_config.cc:367] Resolved chip config alias megachip_tccontrol->megacore for 2093c6a02, 
I0828 01:27:23.364990    1294 xla_compilation_cache.cc:113] XLA compilation cache fetch for computation 'jit__identity_fn' (key f67e1c879650234) took 294.888693ms: PERSISTENT_FETCH
I0828 01:27:23.879991    1939 server_lib.cc:1855] Attempting to load component jit__generate_dummy_weights_kernel.12199592962835256408 @ 0 at worker after 81.081629ms (proto size 2456)
I0828 01:27:24.643289    1939 server_lib.cc:1855] Attempting to load component jit__identity_fn.927922527692928068 @ 0 at worker after 1.054679ms (proto size 2423)
I0828 01:27:24.663089    1294 tpu_chip_config.cc:367] Resolved chip config alias megachip_tccontrol->megacore for 2093c6a02, 
I0828 01:27:24.664853    1294 tpu_chip_config.cc:367] Resolved chip config alias megachip_tccontrol->megacore for 2093c6a02, 
I0828 01:27:24.666290    1294 xla_compilation_cache.cc:113] XLA compilation cache fetch for computation 'jit__generate_dummy_weights_kernel' (key 4fef04fbac84fc15) took 786.314062ms: PERSISTENT_FETCH
I0828 01:27:24.923539    1295 tpu_chip_config.cc:367] Resolved chip config alias megachip_tccontrol->megacore for 2093c6a02, 
I0828 01:27:24.925142    1295 tpu_chip_config.cc:367] Resolved chip config alias megachip_tccontrol->megacore for 2093c6a02, 
I0828 01:27:24.925965    1295 xla_compilation_cache.cc:113] XLA compilation cache fetch for computation 'jit__identity_fn' (key 5c00628241b2c668) took 282.686319ms: PERSISTENT_FETCH
I0828 01:27:26.579321     723 server_lib.cc:1855] Attempting to load component jit__generate_dummy_weights_kernel.934836157317376361 @ 0 at worker after 2.867821ms (proto size 2449)
I0828 01:27:26.846635     723 server_lib.cc:1855] Attempting to load component jit__identity_fn.4603114223327847694 @ 0 at worker after 894.883us (proto size 2415)
I0828 01:27:26.858408    1295 tpu_chip_config.cc:367] Resolved chip config alias megachip_tccontrol->megacore for 2093c6a02, 
I0828 01:27:26.860062    1295 tpu_chip_config.cc:367] Resolved chip config alias megachip_tccontrol->megacore for 2093c6a02, 
I0828 01:27:26.861248    1295 xla_compilation_cache.cc:113] XLA compilation cache fetch for computation 'jit__generate_dummy_weights_kernel' (key 185fbfb2f63b33f) took 281.936594ms: PERSISTENT_FETCH
I0828 01:27:27.056450    1294 tpu_chip_config.cc:367] Resolved chip config alias megachip_tccontrol->megacore for 2093c6a02, 
I0828 01:27:27.057986    1294 tpu_chip_config.cc:367] Resolved chip config alias megachip_tccontrol->megacore for 2093c6a02, 
I0828 01:27:27.058705    1294 xla_compilation_cache.cc:113] XLA compilation cache fetch for computation 'jit__identity_fn' (key b3249a0c70d8aca) took 212.081102ms: PERSISTENT_FETCH
I0828 01:27:27.070896    1950 server_lib.cc:1855] Attempting to load component jit__generate_dummy_weights_kernel.934836157317376165 @ 0 at worker after 887.684us (proto size 2457)
I0828 01:27:27.883268    1950 server_lib.cc:1855] Attempting to load component jit__identity_fn.4603114223327848833 @ 0 at worker after 897.181us (proto size 2430)
I0828 01:27:27.911496    1294 tpu_chip_config.cc:367] Resolved chip config alias megachip_tccontrol->megacore for 2093c6a02, 
I0828 01:27:27.913064    1294 tpu_chip_config.cc:367] Resolved chip config alias megachip_tccontrol->megacore for 2093c6a02, 
I0828 01:27:27.914343    1294 xla_compilation_cache.cc:113] XLA compilation cache fetch for computation 'jit__generate_dummy_weights_kernel' (key 8c6275e7a6764211) took 843.457482ms: PERSISTENT_FETCH
I0828 01:27:28.129630    1295 tpu_chip_config.cc:367] Resolved chip config alias megachip_tccontrol->megacore for 2093c6a02, 
I0828 01:27:28.131102    1295 tpu_chip_config.cc:367] Resolved chip config alias megachip_tccontrol->megacore for 2093c6a02, 
I0828 01:27:28.131829    1295 xla_compilation_cache.cc:113] XLA compilation cache fetch for computation 'jit__identity_fn' (key d22f885db409d994) took 248.567114ms: PERSISTENT_FETCH
I0828 01:27:28.308215     723 server_lib.cc:1855] Attempting to load component jit__generate_dummy_weights_kernel.6352734331901558599 @ 0 at worker after 977.502us (proto size 2458)
I0828 01:27:29.303723     723 server_lib.cc:1855] Attempting to load component jit__identity_fn.12947613028601668327 @ 0 at worker after 814.818us (proto size 2431)
I0828 01:27:29.316825    1295 tpu_chip_config.cc:367] Resolved chip config alias megachip_tccontrol->megacore for 2093c6a02, 
I0828 01:27:29.318455    1295 tpu_chip_config.cc:367] Resolved chip config alias megachip_tccontrol->megacore for 2093c6a02, 
I0828 01:27:29.319773    1295 xla_compilation_cache.cc:113] XLA compilation cache fetch for computation 'jit__generate_dummy_weights_kernel' (key 1f4016e9876dc267) took 1.01156494s: PERSISTENT_FETCH
I0828 01:27:29.561707    1294 tpu_chip_config.cc:367] Resolved chip config alias megachip_tccontrol->megacore for 2093c6a02, 
I0828 01:27:29.563295    1294 tpu_chip_config.cc:367] Resolved chip config alias megachip_tccontrol->megacore for 2093c6a02, 
I0828 01:27:29.564028    1294 xla_compilation_cache.cc:113] XLA compilation cache fetch for computation 'jit__identity_fn' (key 6b48b0d1b914aaef) took 260.310987ms: PERSISTENT_FETCH
I0828 01:27:29.721552     721 server_lib.cc:1855] Attempting to load component jit__generate_dummy_weights_kernel.196317131024093280 @ 0 at worker after 997.108us (proto size 2457)
I0828 01:27:31.025952     721 server_lib.cc:1855] Attempting to load component jit__identity_fn.6352734331901558078 @ 0 at worker after 974.999us (proto size 2430)
I0828 01:27:31.034974    1294 tpu_chip_config.cc:367] Resolved chip config alias megachip_tccontrol->megacore for 2093c6a02, 
I0828 01:27:31.036763    1294 tpu_chip_config.cc:367] Resolved chip config alias megachip_tccontrol->megacore for 2093c6a02, 
I0828 01:27:31.038155    1294 xla_compilation_cache.cc:113] XLA compilation cache fetch for computation 'jit__generate_dummy_weights_kernel' (key f5d0a0a25fa60832) took 1.31661203s: PERSISTENT_FETCH
I0828 01:27:31.295016    1295 tpu_chip_config.cc:367] Resolved chip config alias megachip_tccontrol->megacore for 2093c6a02, 
I0828 01:27:31.296573    1295 tpu_chip_config.cc:367] Resolved chip config alias megachip_tccontrol->megacore for 2093c6a02, 
I0828 01:27:31.297339    1295 xla_compilation_cache.cc:113] XLA compilation cache fetch for computation 'jit__identity_fn' (key 23d76feeb1805f52) took 271.398384ms: PERSISTENT_FETCH
I0828 01:28:54.177215    1797 server_lib.cc:1855] Attempting to load component jit_create_jit_model.934836157317377914 @ 0 at worker after 2.155739ms (proto size 22715)
I0828 01:28:55.333391    1295 tpu_chip_config.cc:367] Resolved chip config alias megachip_tccontrol->megacore for 2093c6a02, 
I0828 01:28:55.335379    1295 tpu_chip_config.cc:367] Resolved chip config alias megachip_tccontrol->megacore for 2093c6a02, 
I0828 01:28:55.339022    1295 xla_compilation_cache.cc:113] XLA compilation cache fetch for computation 'jit_create_jit_model' (key 88c011f9e69845d2) took 1.161820176s: PERSISTENT_FETCH
W0828 01:28:56.087845     239 override_grpc_credentials_real.cc:88] Using MLPathways gRPC client credentials override
I0828 01:28:56.173020     747 worker_op_dispatcher.cc:4605] Component is not loaded yet; deferring unload until load completes: jit__generate_dummy_weights_kernel.934836157317376361 @ 0
I0828 01:28:56.173062    1502 server_lib.cc:743] Unloading component jit__generate_dummy_weights_kernel.934836157317376361 @ 0 at worker
I0828 01:28:56.173322     747 worker_op_dispatcher.cc:4605] Component is not loaded yet; deferring unload until load completes: jit__identity_fn.12199592962835258452 @ 0
I0828 01:28:56.173333     747 worker_op_dispatcher.cc:4605] Component is not loaded yet; deferring unload until load completes: jit__generate_dummy_weights_kernel.196317131024093280 @ 0
I0828 01:28:56.173341     747 worker_op_dispatcher.cc:4605] Component is not loaded yet; deferring unload until load completes: jit__identity_fn.4603114223327847694 @ 0
I0828 01:28:56.173347     747 worker_op_dispatcher.cc:4605] Component is not loaded yet; deferring unload until load completes: jit__identity_fn.12947613028601668327 @ 0
I0828 01:28:56.173354    1503 server_lib.cc:743] Unloading component jit__identity_fn.12199592962835258452 @ 0 at worker
I0828 01:28:56.173376    1502 server_lib.cc:743] Unloading component jit__identity_fn.12947613028601668327 @ 0 at worker
I0828 01:28:56.173373    1493 server_lib.cc:743] Unloading component jit__generate_dummy_weights_kernel.196317131024093280 @ 0 at worker
I0828 01:28:56.173376    1496 server_lib.cc:743] Unloading component jit__identity_fn.4603114223327847694 @ 0 at worker
I0828 01:28:56.173569     747 worker_op_dispatcher.cc:4605] Component is not loaded yet; deferring unload until load completes: jit_stage.1182302940440487541 @ 0
I0828 01:28:56.173578     747 worker_op_dispatcher.cc:4605] Component is not loaded yet; deferring unload until load completes: jit__generate_dummy_weights_kernel.5734983100396400479 @ 0
I0828 01:28:56.173603    1496 server_lib.cc:743] Unloading component jit_stage.1182302940440487541 @ 0 at worker
I0828 01:28:56.173605    1502 server_lib.cc:743] Unloading component jit__generate_dummy_weights_kernel.5734983100396400479 @ 0 at worker
I0828 01:28:56.173883     747 worker_op_dispatcher.cc:4605] Component is not loaded yet; deferring unload until load completes: jit__generate_dummy_weights_kernel.1182302940440488484 @ 0
I0828 01:28:56.173892     747 worker_op_dispatcher.cc:4605] Component is not loaded yet; deferring unload until load completes: jit__generate_dummy_weights_kernel.5734983100396399931 @ 0
I0828 01:28:56.173919    1502 server_lib.cc:743] Unloading component jit__generate_dummy_weights_kernel.1182302940440488484 @ 0 at worker
I0828 01:28:56.173919    1496 server_lib.cc:743] Unloading component jit__generate_dummy_weights_kernel.5734983100396399931 @ 0 at worker
I0828 01:28:56.174141     747 worker_op_dispatcher.cc:4605] Component is not loaded yet; deferring unload until load completes: jit__generate_dummy_weights_kernel.12199592962835256408 @ 0
I0828 01:28:56.174150     747 worker_op_dispatcher.cc:4605] Component is not loaded yet; deferring unload until load completes: jit__generate_dummy_weights_kernel.1182302940440487360 @ 0
I0828 01:28:56.174155     747 worker_op_dispatcher.cc:4605] Component is not loaded yet; deferring unload until load completes: jit__generate_dummy_weights_kernel.934836157317376165 @ 0
I0828 01:28:56.174162     747 worker_op_dispatcher.cc:4605] Component is not loaded yet; deferring unload until load completes: jit__identity_fn.4603114223327849512 @ 0
I0828 01:28:56.174168     747 worker_op_dispatcher.cc:4605] Component is not loaded yet; deferring unload until load completes: jit__identity_fn.927922527692928068 @ 0
I0828 01:28:56.174172    1503 server_lib.cc:743] Unloading component jit__generate_dummy_weights_kernel.12199592962835256408 @ 0 at worker
I0828 01:28:56.174177     747 worker_op_dispatcher.cc:4605] Component is not loaded yet; deferring unload until load completes: jit__identity_fn.4603114223327846555 @ 0
I0828 01:28:56.174177    1502 server_lib.cc:743] Unloading component jit__generate_dummy_weights_kernel.1182302940440487360 @ 0 at worker
I0828 01:28:56.174183    1498 server_lib.cc:743] Unloading component jit__generate_dummy_weights_kernel.934836157317376165 @ 0 at worker
I0828 01:28:56.174203     747 worker_op_dispatcher.cc:4605] Component is not loaded yet; deferring unload until load completes: jit__identity_fn.4603114223327848833 @ 0
I0828 01:28:56.174205    1493 server_lib.cc:743] Unloading component jit__identity_fn.927922527692928068 @ 0 at worker
I0828 01:28:56.174200    1500 server_lib.cc:743] Unloading component jit__identity_fn.4603114223327849512 @ 0 at worker
I0828 01:28:56.174209     747 worker_op_dispatcher.cc:4605] Component is not loaded yet; deferring unload until load completes: jit__identity_fn.12199592962835258961 @ 0
I0828 01:28:56.174192    1502 server_lib.cc:743] Unloading component jit__identity_fn.4603114223327846555 @ 0 at worker
I0828 01:28:56.174226     747 worker_op_dispatcher.cc:4605] Component is not loaded yet; deferring unload until load completes: jit__identity_fn.6352734331901558078 @ 0
I0828 01:28:56.174248     747 worker_op_dispatcher.cc:4605] Component is not loaded yet; deferring unload until load completes: jit__threefry_seed.4603114223327848373 @ 0
I0828 01:28:56.174245    1499 server_lib.cc:743] Unloading component jit__identity_fn.4603114223327848833 @ 0 at worker
I0828 01:28:56.174259     747 worker_op_dispatcher.cc:4605] Component is not loaded yet; deferring unload until load completes: jit__generate_dummy_weights_kernel.6352734331901558599 @ 0
I0828 01:28:56.174250    1497 server_lib.cc:743] Unloading component jit__identity_fn.12199592962835258961 @ 0 at worker
I0828 01:28:56.174248    1500 server_lib.cc:743] Unloading component jit__identity_fn.6352734331901558078 @ 0 at worker
I0828 01:28:56.174270    1493 server_lib.cc:743] Unloading component jit__threefry_seed.4603114223327848373 @ 0 at worker
I0828 01:28:56.174281    1495 server_lib.cc:743] Unloading component jit__generate_dummy_weights_kernel.6352734331901558599 @ 0 at worker
I0828 01:28:56.373397     747 worker_op_dispatcher.cc:4605] Component is not loaded yet; deferring unload until load completes: jit_create_jit_model.934836157317377914 @ 0
I0828 01:28:56.373437    1496 server_lib.cc:743] Unloading component jit_create_jit_model.934836157317377914 @ 0 at worker
I0828 01:28:58.720236    1805 server_lib.cc:1855] Attempting to load component jit_sample.934836157317377326 @ 0 at worker after 1.036297ms (proto size 2532)
I0828 01:29:03.320816    1295 tpu_chip_config.cc:367] Resolved chip config alias megachip_tccontrol->megacore for 2093c6a02, 
I0828 01:29:03.322985    1295 tpu_chip_config.cc:367] Resolved chip config alias megachip_tccontrol->megacore for 2093c6a02, 
I0828 01:29:03.325416    1295 xla_compilation_cache.cc:113] XLA compilation cache fetch for computation 'jit_sample' (key 8ca65ded2b632890) took 4.605190312s: PERSISTENT_FETCH
I0828 01:29:03.571843     740 server_lib.cc:1855] Attempting to load component jit_sample.196317131024095001 @ 0 at worker after 1.048871ms (proto size 2532)
I0828 01:29:08.060933     740 server_lib.cc:1855] Attempting to load component jit_sample.927922527692929671 @ 0 at worker after 920.862us (proto size 2451)
I0828 01:29:08.070725    1295 tpu_chip_config.cc:367] Resolved chip config alias megachip_tccontrol->megacore for 2093c6a02, 
I0828 01:29:08.073220    1295 tpu_chip_config.cc:367] Resolved chip config alias megachip_tccontrol->megacore for 2093c6a02, 
I0828 01:29:08.075599    1295 xla_compilation_cache.cc:113] XLA compilation cache fetch for computation 'jit_sample' (key f0f8eeaade6ee0d0) took 4.503765803s: PERSISTENT_FETCH
I0828 01:29:08.362626    1294 tpu_chip_config.cc:367] Resolved chip config alias megachip_tccontrol->megacore for 2093c6a02, 
I0828 01:29:08.364241    1294 tpu_chip_config.cc:367] Resolved chip config alias megachip_tccontrol->megacore for 2093c6a02, 
I0828 01:29:08.365321    1294 xla_compilation_cache.cc:113] XLA compilation cache fetch for computation 'jit_sample' (key 8bbe81b54df65ed4) took 304.398869ms: PERSISTENT_FETCH
I0828 01:29:08.369129    1805 server_lib.cc:1855] Attempting to load component jit_sample.196317131024094005 @ 0 at worker after 920.063us (proto size 2451)
I0828 01:29:08.667032    1294 tpu_chip_config.cc:367] Resolved chip config alias megachip_tccontrol->megacore for 2093c6a02, 
I0828 01:29:08.668551    1294 tpu_chip_config.cc:367] Resolved chip config alias megachip_tccontrol->megacore for 2093c6a02, 
I0828 01:29:08.669569    1294 xla_compilation_cache.cc:113] XLA compilation cache fetch for computation 'jit_sample' (key f3af4f358579ccdb) took 300.448085ms: PERSISTENT_FETCH
I0828 01:29:09.562401     702 server_lib.cc:1855] Attempting to load component jit_sample.934836157317377321 @ 0 at worker after 1.024982ms (proto size 2532)
I0828 01:29:11.316855    1294 tpu_chip_config.cc:367] Resolved chip config alias megachip_tccontrol->megacore for 2093c6a02, 
I0828 01:29:11.319208    1294 tpu_chip_config.cc:367] Resolved chip config alias megachip_tccontrol->megacore for 2093c6a02, 
I0828 01:29:11.321517    1294 xla_compilation_cache.cc:113] XLA compilation cache fetch for computation 'jit_sample' (key b812dc6371933ca3) took 1.759127193s: PERSISTENT_FETCH
I0828 01:29:11.381438    1797 server_lib.cc:1855] Attempting to load component jit_sample.12947613028601670395 @ 0 at worker after 1.024396ms (proto size 2533)
I0828 01:29:13.242216    1943 server_lib.cc:1855] Attempting to load component jit_sample.934836157317374587 @ 0 at worker after 953.916us (proto size 2451)
I0828 01:29:13.255648    1294 tpu_chip_config.cc:367] Resolved chip config alias megachip_tccontrol->megacore for 2093c6a02, 
I0828 01:29:13.258047    1294 tpu_chip_config.cc:367] Resolved chip config alias megachip_tccontrol->megacore for 2093c6a02, 
I0828 01:29:13.260368    1294 xla_compilation_cache.cc:113] XLA compilation cache fetch for computation 'jit_sample' (key 135f005f5d69a51) took 1.878940038s: PERSISTENT_FETCH
I0828 01:29:13.540045    1295 tpu_chip_config.cc:367] Resolved chip config alias megachip_tccontrol->megacore for 2093c6a02, 
I0828 01:29:13.540896    1943 server_lib.cc:1855] Attempting to load component jit_sample.12947613028601670935 @ 0 at worker after 927.438us (proto size 2453)
I0828 01:29:13.541602    1295 tpu_chip_config.cc:367] Resolved chip config alias megachip_tccontrol->megacore for 2093c6a02, 
I0828 01:29:13.542606    1295 xla_compilation_cache.cc:113] XLA compilation cache fetch for computation 'jit_sample' (key 417c7ca330603b6d) took 300.401455ms: PERSISTENT_FETCH
I0828 01:29:13.827274    1294 tpu_chip_config.cc:367] Resolved chip config alias megachip_tccontrol->megacore for 2093c6a02, 
I0828 01:29:13.828751    1294 tpu_chip_config.cc:367] Resolved chip config alias megachip_tccontrol->megacore for 2093c6a02, 
I0828 01:29:13.829752    1294 xla_compilation_cache.cc:113] XLA compilation cache fetch for computation 'jit_sample' (key 6bc1c57bf64bacdc) took 288.863227ms: PERSISTENT_FETCH
I0828 01:29:14.547969     702 server_lib.cc:1855] Attempting to load component jit_sample.934836157317376924 @ 0 at worker after 1.275527ms (proto size 2532)
I0828 01:29:16.368527    1294 tpu_chip_config.cc:367] Resolved chip config alias megachip_tccontrol->megacore for 2093c6a02, 
I0828 01:29:16.371249    1294 tpu_chip_config.cc:367] Resolved chip config alias megachip_tccontrol->megacore for 2093c6a02, 
I0828 01:29:16.373615    1294 xla_compilation_cache.cc:113] XLA compilation cache fetch for computation 'jit_sample' (key 9ffccc97f619c6b0) took 1.825655449s: PERSISTENT_FETCH
I0828 01:29:16.420064    1955 server_lib.cc:1855] Attempting to load component jit_sample.196317131024097052 @ 0 at worker after 1.01691ms (proto size 2532)
I0828 01:29:18.124901     721 server_lib.cc:1855] Attempting to load component jit_sample.934836157317375165 @ 0 at worker after 917.425us (proto size 2451)
I0828 01:29:18.139970    1294 tpu_chip_config.cc:367] Resolved chip config alias megachip_tccontrol->megacore for 2093c6a02, 
I0828 01:29:18.142463    1294 tpu_chip_config.cc:367] Resolved chip config alias megachip_tccontrol->megacore for 2093c6a02, 
I0828 01:29:18.144855    1294 xla_compilation_cache.cc:113] XLA compilation cache fetch for computation 'jit_sample' (key f0bd8c5eeac5cda3) took 1.724803287s: PERSISTENT_FETCH
I0828 01:29:18.405100    1955 server_lib.cc:1855] Attempting to load component jit_sample.196317131024096056 @ 0 at worker after 909.745us (proto size 2451)
I0828 01:29:18.409892    1295 tpu_chip_config.cc:367] Resolved chip config alias megachip_tccontrol->megacore for 2093c6a02, 
I0828 01:29:18.411431    1295 tpu_chip_config.cc:367] Resolved chip config alias megachip_tccontrol->megacore for 2093c6a02, 
I0828 01:29:18.412446    1295 xla_compilation_cache.cc:113] XLA compilation cache fetch for computation 'jit_sample' (key c285718a4df3f534) took 287.55617ms: PERSISTENT_FETCH
I0828 01:29:18.689640    1294 tpu_chip_config.cc:367] Resolved chip config alias megachip_tccontrol->megacore for 2093c6a02, 
I0828 01:29:18.691189    1294 tpu_chip_config.cc:367] Resolved chip config alias megachip_tccontrol->megacore for 2093c6a02, 
I0828 01:29:18.692212    1294 xla_compilation_cache.cc:113] XLA compilation cache fetch for computation 'jit_sample' (key 41cd10a205686f16) took 287.119183ms: PERSISTENT_FETCH
I0828 01:29:19.398780     740 server_lib.cc:1855] Attempting to load component jit_sample.12947613028601670349 @ 0 at worker after 870.703us (proto size 2534)
I0828 01:29:23.400066    1294 tpu_chip_config.cc:367] Resolved chip config alias megachip_tccontrol->megacore for 2093c6a02, 
I0828 01:29:23.402514    1294 tpu_chip_config.cc:367] Resolved chip config alias megachip_tccontrol->megacore for 2093c6a02, 
I0828 01:29:23.405004    1294 xla_compilation_cache.cc:113] XLA compilation cache fetch for computation 'jit_sample' (key 81e91992f41fad3a) took 4.006229963s: PERSISTENT_FETCH
I0828 01:29:23.442477    1797 server_lib.cc:1855] Attempting to load component jit_sample.5622832922158732690 @ 0 at worker after 1.096176ms (proto size 2533)
I0828 01:29:27.348982    1797 server_lib.cc:1855] Attempting to load component jit_sample.934836157317374577 @ 0 at worker after 931.625us (proto size 2451)
I0828 01:29:27.368630    1294 tpu_chip_config.cc:367] Resolved chip config alias megachip_tccontrol->megacore for 2093c6a02, 
I0828 01:29:27.370964    1294 tpu_chip_config.cc:367] Resolved chip config alias megachip_tccontrol->megacore for 2093c6a02, 
I0828 01:29:27.373375    1294 xla_compilation_cache.cc:113] XLA compilation cache fetch for computation 'jit_sample' (key 55e97baaf4de9127) took 3.930909809s: PERSISTENT_FETCH
I0828 01:29:27.629178    1955 server_lib.cc:1855] Attempting to load component jit_sample.5622832922158733942 @ 0 at worker after 888.929us (proto size 2452)
I0828 01:29:27.629417    1295 tpu_chip_config.cc:367] Resolved chip config alias megachip_tccontrol->megacore for 2093c6a02, 
I0828 01:29:27.630953    1295 tpu_chip_config.cc:367] Resolved chip config alias megachip_tccontrol->megacore for 2093c6a02, 
I0828 01:29:27.631991    1295 xla_compilation_cache.cc:113] XLA compilation cache fetch for computation 'jit_sample' (key cad3724e6792e781) took 283.023401ms: PERSISTENT_FETCH
I0828 01:29:27.914534    1294 tpu_chip_config.cc:367] Resolved chip config alias megachip_tccontrol->megacore for 2093c6a02, 
I0828 01:29:27.915997    1294 tpu_chip_config.cc:367] Resolved chip config alias megachip_tccontrol->megacore for 2093c6a02, 
I0828 01:29:27.916952    1294 xla_compilation_cache.cc:113] XLA compilation cache fetch for computation 'jit_sample' (key 84e6ca17adc0ba64) took 287.783162ms: PERSISTENT_FETCH
I0828 01:29:28.635840    1797 server_lib.cc:1855] Attempting to load component jit_sample.5622832922158733289 @ 0 at worker after 978.877us (proto size 2539)
I0828 01:29:37.184778    1294 tpu_chip_config.cc:367] Resolved chip config alias megachip_tccontrol->megacore for 2093c6a02, 
I0828 01:29:37.187231    1294 tpu_chip_config.cc:367] Resolved chip config alias megachip_tccontrol->megacore for 2093c6a02, 
I0828 01:29:37.189693    1294 xla_compilation_cache.cc:113] XLA compilation cache fetch for computation 'jit_sample' (key 88c71077ff855469) took 8.553863184s: PERSISTENT_FETCH
I0828 01:29:37.228815    1939 server_lib.cc:1855] Attempting to load component jit_sample.5622832922158733262 @ 0 at worker after 1.306766ms (proto size 2539)
I0828 01:29:46.105798     740 server_lib.cc:1855] Attempting to load component jit_sample.12947613028601669763 @ 0 at worker after 961.547us (proto size 2456)
I0828 01:29:46.112300    1294 tpu_chip_config.cc:367] Resolved chip config alias megachip_tccontrol->megacore for 2093c6a02, 
I0828 01:29:46.114631    1294 tpu_chip_config.cc:367] Resolved chip config alias megachip_tccontrol->megacore for 2093c6a02, 
I0828 01:29:46.117244    1294 xla_compilation_cache.cc:113] XLA compilation cache fetch for computation 'jit_sample' (key df77cab55c23f227) took 8.888439849s: PERSISTENT_FETCH
I0828 01:29:46.413604    1943 server_lib.cc:1855] Attempting to load component jit_sample.5622832922158734514 @ 0 at worker after 848.712us (proto size 2455)
I0828 01:29:46.417064    1295 tpu_chip_config.cc:367] Resolved chip config alias megachip_tccontrol->megacore for 2093c6a02, 
I0828 01:29:46.418700    1295 tpu_chip_config.cc:367] Resolved chip config alias megachip_tccontrol->megacore for 2093c6a02, 
I0828 01:29:46.419750    1295 xla_compilation_cache.cc:113] XLA compilation cache fetch for computation 'jit_sample' (key 19b226d06d7ae79f) took 313.975697ms: PERSISTENT_FETCH
I0828 01:29:46.715604    1294 tpu_chip_config.cc:367] Resolved chip config alias megachip_tccontrol->megacore for 2093c6a02, 
I0828 01:29:46.717123    1294 tpu_chip_config.cc:367] Resolved chip config alias megachip_tccontrol->megacore for 2093c6a02, 
I0828 01:29:46.718112    1294 xla_compilation_cache.cc:113] XLA compilation cache fetch for computation 'jit_sample' (key 4880062ed2170df0) took 304.51616ms: PERSISTENT_FETCH
I0828 01:29:47.449949     702 server_lib.cc:1855] Attempting to load component jit_sample.927922527692929046 @ 0 at worker after 912.145us (proto size 2538)
I0828 01:29:49.146144    1294 tpu_chip_config.cc:367] Resolved chip config alias megachip_tccontrol->megacore for 2093c6a02, 
I0828 01:29:49.148307    1294 tpu_chip_config.cc:367] Resolved chip config alias megachip_tccontrol->megacore for 2093c6a02, 
I0828 01:29:49.150661    1294 xla_compilation_cache.cc:113] XLA compilation cache fetch for computation 'jit_sample' (key 65208d384e2156f8) took 1.70072249s: PERSISTENT_FETCH
I0828 01:29:49.198911    1943 server_lib.cc:1855] Attempting to load component jit_sample.5622832922158731330 @ 0 at worker after 1.018577ms (proto size 2539)
I0828 01:29:50.998772     702 server_lib.cc:1855] Attempting to load component jit_sample.927922527692926981 @ 0 at worker after 1.033426ms (proto size 2454)
I0828 01:29:51.017315    1294 tpu_chip_config.cc:367] Resolved chip config alias megachip_tccontrol->megacore for 2093c6a02, 
I0828 01:29:51.019468    1294 tpu_chip_config.cc:367] Resolved chip config alias megachip_tccontrol->megacore for 2093c6a02, 
I0828 01:29:51.021855    1294 xla_compilation_cache.cc:113] XLA compilation cache fetch for computation 'jit_sample' (key 244527b236a25d54) took 1.822953231s: PERSISTENT_FETCH
I0828 01:29:51.358761    1295 tpu_chip_config.cc:367] Resolved chip config alias megachip_tccontrol->megacore for 2093c6a02, 
I0828 01:29:51.360298    1295 tpu_chip_config.cc:367] Resolved chip config alias megachip_tccontrol->megacore for 2093c6a02, 
I0828 01:29:51.361294    1295 xla_compilation_cache.cc:113] XLA compilation cache fetch for computation 'jit_sample' (key f99975a472fb6480) took 362.533709ms: PERSISTENT_FETCH
I0828 01:29:51.363735    1939 server_lib.cc:1855] Attempting to load component jit_sample.5622832922158732582 @ 0 at worker after 1.045116ms (proto size 2454)
I0828 01:29:51.726708    1295 tpu_chip_config.cc:367] Resolved chip config alias megachip_tccontrol->megacore for 2093c6a02, 
I0828 01:29:51.728235    1295 tpu_chip_config.cc:367] Resolved chip config alias megachip_tccontrol->megacore for 2093c6a02, 
I0828 01:29:51.729217    1295 xla_compilation_cache.cc:113] XLA compilation cache fetch for computation 'jit_sample' (key 72aff3bf66536de) took 365.492625ms: PERSISTENT_FETCH
I0828 01:29:51.948512    1939 server_lib.cc:1855] Attempting to load component jit_compute_and_gather_logprobs.5622832922158733521 @ 0 at worker after 1.038532ms (proto size 2516)
I0828 01:29:52.277230    1295 tpu_chip_config.cc:367] Resolved chip config alias megachip_tccontrol->megacore for 2093c6a02, 
I0828 01:29:52.278723    1295 tpu_chip_config.cc:367] Resolved chip config alias megachip_tccontrol->megacore for 2093c6a02, 
I0828 01:29:52.280082    1295 xla_compilation_cache.cc:113] XLA compilation cache fetch for computation 'jit_compute_and_gather_logprobs' (key 6686ccce3b69a93e) took 331.578435ms: PERSISTENT_FETCH
I0828 01:29:52.478005    1943 server_lib.cc:1855] Attempting to load component jit_compute_and_gather_logprobs.5622832922158734460 @ 0 at worker after 885.232us (proto size 2516)
I0828 01:29:52.833045    1295 tpu_chip_config.cc:367] Resolved chip config alias megachip_tccontrol->megacore for 2093c6a02, 
I0828 01:29:52.834517    1295 tpu_chip_config.cc:367] Resolved chip config alias megachip_tccontrol->megacore for 2093c6a02, 
I0828 01:29:52.836024    1295 xla_compilation_cache.cc:113] XLA compilation cache fetch for computation 'jit_compute_and_gather_logprobs' (key 4c256bbc3e4552aa) took 358.026946ms: PERSISTENT_FETCH
I0828 01:29:53.052355     721 server_lib.cc:1855] Attempting to load component jit_compute_and_gather_logprobs.5622832922158731303 @ 0 at worker after 966.251us (proto size 2516)
I0828 01:29:53.415554    1295 tpu_chip_config.cc:367] Resolved chip config alias megachip_tccontrol->megacore for 2093c6a02, 
I0828 01:29:53.417048    1295 tpu_chip_config.cc:367] Resolved chip config alias megachip_tccontrol->megacore for 2093c6a02, 
I0828 01:29:53.418536    1295 xla_compilation_cache.cc:113] XLA compilation cache fetch for computation 'jit_compute_and_gather_logprobs' (key 86d218ca0758fec4) took 366.189252ms: PERSISTENT_FETCH
I0828 01:29:53.614721    1805 server_lib.cc:1855] Attempting to load component jit_compute_and_gather_logprobs.5622832922158732242 @ 0 at worker after 1.005129ms (proto size 2516)
I0828 01:29:54.025361    1295 tpu_chip_config.cc:367] Resolved chip config alias megachip_tccontrol->megacore for 2093c6a02, 
I0828 01:29:54.026840    1295 tpu_chip_config.cc:367] Resolved chip config alias megachip_tccontrol->megacore for 2093c6a02, 
I0828 01:29:54.028286    1295 xla_compilation_cache.cc:113] XLA compilation cache fetch for computation 'jit_compute_and_gather_logprobs' (key 47b3d3fd7c7bae3e) took 413.573888ms: PERSISTENT_FETCH
I0828 01:29:54.224738    1943 server_lib.cc:1855] Attempting to load component jit_compute_and_gather_logprobs.5622832922158733181 @ 0 at worker after 874.167us (proto size 2521)
I0828 01:29:54.618456    1295 tpu_chip_config.cc:367] Resolved chip config alias megachip_tccontrol->megacore for 2093c6a02, 
I0828 01:29:54.619943    1295 tpu_chip_config.cc:367] Resolved chip config alias megachip_tccontrol->megacore for 2093c6a02, 
I0828 01:29:54.621768    1295 xla_compilation_cache.cc:113] XLA compilation cache fetch for computation 'jit_compute_and_gather_logprobs' (key a05471787de8b594) took 397.036578ms: PERSISTENT_FETCH
I0828 01:29:54.798645    1797 server_lib.cc:1855] Attempting to load component jit_compute_and_gather_logprobs.5622832922158734120 @ 0 at worker after 959.574us (proto size 2521)
I0828 01:29:55.201030    1295 tpu_chip_config.cc:367] Resolved chip config alias megachip_tccontrol->megacore for 2093c6a02, 
I0828 01:29:55.202534    1295 tpu_chip_config.cc:367] Resolved chip config alias megachip_tccontrol->megacore for 2093c6a02, 
I0828 01:29:55.204039    1295 xla_compilation_cache.cc:113] XLA compilation cache fetch for computation 'jit_compute_and_gather_logprobs' (key 5c22c632287b0fb8) took 405.405775ms: PERSISTENT_FETCH
I0828 01:29:55.276717    1943 server_lib.cc:1855] Attempting to load component jit_sample.927922527692928978 @ 0 at worker after 1.147449ms (proto size 2532)
I0828 01:29:59.856718    1295 tpu_chip_config.cc:367] Resolved chip config alias megachip_tccontrol->megacore for 2093c6a02, 
I0828 01:29:59.859140    1295 tpu_chip_config.cc:367] Resolved chip config alias megachip_tccontrol->megacore for 2093c6a02, 
I0828 01:29:59.861591    1295 xla_compilation_cache.cc:113] XLA compilation cache fetch for computation 'jit_sample' (key 6d7597711fd46554) took 4.584885498s: PERSISTENT_FETCH
I0828 01:29:59.947634    1797 server_lib.cc:1855] Attempting to load component jit_sample.5622832922158735059 @ 0 at worker after 1.201596ms (proto size 2533)
I0828 01:30:04.622252    1295 tpu_chip_config.cc:367] Resolved chip config alias megachip_tccontrol->megacore for 2093c6a02, 
I0828 01:30:04.624687    1295 tpu_chip_config.cc:367] Resolved chip config alias megachip_tccontrol->megacore for 2093c6a02, 
I0828 01:30:04.627027    1295 xla_compilation_cache.cc:113] XLA compilation cache fetch for computation 'jit_sample' (key d5a6aa50a3a99a35) took 4.679403764s: PERSISTENT_FETCH
I0828 01:30:04.790543    1797 server_lib.cc:1855] Attempting to load component jit_sample.927922527692927667 @ 0 at worker after 1.096392ms (proto size 2531)
I0828 01:30:06.553411    1295 tpu_chip_config.cc:367] Resolved chip config alias megachip_tccontrol->megacore for 2093c6a02, 
I0828 01:30:06.555691    1295 tpu_chip_config.cc:367] Resolved chip config alias megachip_tccontrol->megacore for 2093c6a02, 
I0828 01:30:06.558053    1295 xla_compilation_cache.cc:113] XLA compilation cache fetch for computation 'jit_sample' (key 5dd36e3702f2675) took 1.76751933s: PERSISTENT_FETCH
I0828 01:30:06.653412    1955 server_lib.cc:1855] Attempting to load component jit_sample.5622832922158732528 @ 0 at worker after 972.422us (proto size 2533)
I0828 01:30:08.345776    1295 tpu_chip_config.cc:367] Resolved chip config alias megachip_tccontrol->megacore for 2093c6a02, 
I0828 01:30:08.348100    1295 tpu_chip_config.cc:367] Resolved chip config alias megachip_tccontrol->megacore for 2093c6a02, 
I0828 01:30:08.350511    1295 xla_compilation_cache.cc:113] XLA compilation cache fetch for computation 'jit_sample' (key 31e6d1cf3bf40799) took 1.697108731s: PERSISTENT_FETCH
I0828 01:30:08.523927    1943 server_lib.cc:1855] Attempting to load component jit_sample.927922527692930452 @ 0 at worker after 1.171633ms (proto size 2532)
I0828 01:30:10.249117    1295 tpu_chip_config.cc:367] Resolved chip config alias megachip_tccontrol->megacore for 2093c6a02, 
I0828 01:30:10.251458    1295 tpu_chip_config.cc:367] Resolved chip config alias megachip_tccontrol->megacore for 2093c6a02, 
I0828 01:30:10.253909    1295 xla_compilation_cache.cc:113] XLA compilation cache fetch for computation 'jit_sample' (key f1f2094601f69d5b) took 1.729991672s: PERSISTENT_FETCH
I0828 01:30:10.394965     702 server_lib.cc:1855] Attempting to load component jit_sample.5622832922158734093 @ 0 at worker after 1.092855ms (proto size 2533)
I0828 01:30:12.148060    1295 tpu_chip_config.cc:367] Resolved chip config alias megachip_tccontrol->megacore for 2093c6a02, 
I0828 01:30:12.150348    1295 tpu_chip_config.cc:367] Resolved chip config alias megachip_tccontrol->megacore for 2093c6a02, 
I0828 01:30:12.152634    1295 xla_compilation_cache.cc:113] XLA compilation cache fetch for computation 'jit_sample' (key 66295e5588d0e22f) took 1.757685152s: PERSISTENT_FETCH
I0828 01:30:12.317576    1955 server_lib.cc:1855] Attempting to load component jit_sample.927922527692929141 @ 0 at worker after 1.106139ms (proto size 2532)
I0828 01:30:16.128698    1295 tpu_chip_config.cc:367] Resolved chip config alias megachip_tccontrol->megacore for 2093c6a02, 
I0828 01:30:16.131123    1295 tpu_chip_config.cc:367] Resolved chip config alias megachip_tccontrol->megacore for 2093c6a02, 
I0828 01:30:16.133523    1295 xla_compilation_cache.cc:113] XLA compilation cache fetch for computation 'jit_sample' (key 9b7b64164a5e3a49) took 3.815955403s: PERSISTENT_FETCH
I0828 01:30:16.217898     721 server_lib.cc:1855] Attempting to load component jit_sample.5622832922158731562 @ 0 at worker after 1.017907ms (proto size 2533)
I0828 01:30:20.051987    1295 tpu_chip_config.cc:367] Resolved chip config alias megachip_tccontrol->megacore for 2093c6a02, 
I0828 01:30:20.054399    1295 tpu_chip_config.cc:367] Resolved chip config alias megachip_tccontrol->megacore for 2093c6a02, 
I0828 01:30:20.056939    1295 xla_compilation_cache.cc:113] XLA compilation cache fetch for computation 'jit_sample' (key 4db4fdcd3084e3b6) took 3.839051421s: PERSISTENT_FETCH
I0828 01:30:20.248049    1943 server_lib.cc:1855] Attempting to load component jit_sample.927922527692927830 @ 0 at worker after 1.066147ms (proto size 2538)
I0828 01:30:28.948082    1295 tpu_chip_config.cc:367] Resolved chip config alias megachip_tccontrol->megacore for 2093c6a02, 
I0828 01:30:28.950413    1295 tpu_chip_config.cc:367] Resolved chip config alias megachip_tccontrol->megacore for 2093c6a02, 
I0828 01:30:28.952900    1295 xla_compilation_cache.cc:113] XLA compilation cache fetch for computation 'jit_sample' (key a6d45bee867de68c) took 8.704859391s: PERSISTENT_FETCH
I0828 01:30:29.060485     721 server_lib.cc:1855] Attempting to load component jit_sample.5622832922158733127 @ 0 at worker after 1.107013ms (proto size 2539)
I0828 01:30:37.745318    1295 tpu_chip_config.cc:367] Resolved chip config alias megachip_tccontrol->megacore for 2093c6a02, 
I0828 01:30:37.747671    1295 tpu_chip_config.cc:367] Resolved chip config alias megachip_tccontrol->megacore for 2093c6a02, 
I0828 01:30:37.750177    1295 xla_compilation_cache.cc:113] XLA compilation cache fetch for computation 'jit_sample' (key bb71570e3b10f4e1) took 8.689703114s: PERSISTENT_FETCH
I0828 01:30:37.915872    1805 server_lib.cc:1855] Attempting to load component jit_sample.927922527692930615 @ 0 at worker after 1.059884ms (proto size 2538)
I0828 01:30:39.618186    1295 tpu_chip_config.cc:367] Resolved chip config alias megachip_tccontrol->megacore for 2093c6a02, 
I0828 01:30:39.620715    1295 tpu_chip_config.cc:367] Resolved chip config alias megachip_tccontrol->megacore for 2093c6a02, 
I0828 01:30:39.623144    1295 xla_compilation_cache.cc:113] XLA compilation cache fetch for computation 'jit_sample' (key 3c5cf0203fa232ca) took 1.707281449s: PERSISTENT_FETCH
I0828 01:30:39.715122    1805 server_lib.cc:1855] Attempting to load component jit_sample.5622832922158734692 @ 0 at worker after 1.011928ms (proto size 2539)
I0828 01:30:41.585151    1295 tpu_chip_config.cc:367] Resolved chip config alias megachip_tccontrol->megacore for 2093c6a02, 
I0828 01:30:41.587465    1295 tpu_chip_config.cc:367] Resolved chip config alias megachip_tccontrol->megacore for 2093c6a02, 
I0828 01:30:41.589906    1295 xla_compilation_cache.cc:113] XLA compilation cache fetch for computation 'jit_sample' (key a5e8ec196a4dcf7e) took 1.874792148s: PERSISTENT_FETCH
I0828 01:30:41.903285     702 server_lib.cc:1855] Attempting to load component jit__allocate.927922527692928550 @ 0 at worker after 1.074404ms (proto size 2403)
I0828 01:30:42.160571    1295 tpu_chip_config.cc:367] Resolved chip config alias megachip_tccontrol->megacore for 2093c6a02, 
I0828 01:30:42.162122    1295 tpu_chip_config.cc:367] Resolved chip config alias megachip_tccontrol->megacore for 2093c6a02, 
I0828 01:30:42.162868    1295 xla_compilation_cache.cc:113] XLA compilation cache fetch for computation 'jit__allocate' (key 44c937081d7ee1dc) took 259.593747ms: PERSISTENT_FETCH
I0828 01:30:42.974536     740 server_lib.cc:1855] Attempting to load component jit_convert_element_type.927922527692928679 @ 0 at worker after 1.37833ms (proto size 2411)
I0828 01:30:43.076954     747 worker_op_dispatcher.cc:4605] Component is not loaded yet; deferring unload until load completes: jit__allocate.927922527692928550 @ 0
I0828 01:30:43.077000    1497 server_lib.cc:743] Unloading component jit__allocate.927922527692928550 @ 0 at worker
I0828 01:30:43.187509    1797 server_lib.cc:1855] Attempting to load component jit_broadcast_in_dim.5622832922158733332 @ 0 at worker after 1.146123ms (proto size 2414)
I0828 01:30:43.203249    1295 tpu_chip_config.cc:367] Resolved chip config alias megachip_tccontrol->megacore for 2093c6a02, 
I0828 01:30:43.204874    1295 tpu_chip_config.cc:367] Resolved chip config alias megachip_tccontrol->megacore for 2093c6a02, 
I0828 01:30:43.205673    1295 xla_compilation_cache.cc:113] XLA compilation cache fetch for computation 'jit_convert_element_type' (key d4bb2065732563ff) took 231.273371ms: PERSISTENT_FETCH
I0828 01:30:43.397310    1294 tpu_chip_config.cc:367] Resolved chip config alias megachip_tccontrol->megacore for 2093c6a02, 
I0828 01:30:43.398942    1294 tpu_chip_config.cc:367] Resolved chip config alias megachip_tccontrol->megacore for 2093c6a02, 
I0828 01:30:43.399775    1294 xla_compilation_cache.cc:113] XLA compilation cache fetch for computation 'jit_broadcast_in_dim' (key 25b2f9a67df5a232) took 212.486495ms: PERSISTENT_FETCH
I0828 01:30:43.426939    1939 server_lib.cc:1855] Attempting to load component jit_broadcast_in_dim.927922527692929596 @ 0 at worker after 1.469597ms (proto size 2413)
I0828 01:30:43.647458    1294 tpu_chip_config.cc:367] Resolved chip config alias megachip_tccontrol->megacore for 2093c6a02, 
I0828 01:30:43.648994    1294 tpu_chip_config.cc:367] Resolved chip config alias megachip_tccontrol->megacore for 2093c6a02, 
I0828 01:30:43.649755    1294 xla_compilation_cache.cc:113] XLA compilation cache fetch for computation 'jit_broadcast_in_dim' (key b96b20f1ec0d6adc) took 223.476504ms: PERSISTENT_FETCH
I0828 01:30:43.672313    1939 server_lib.cc:1855] Attempting to load component jit_broadcast_in_dim.934836157317374954 @ 0 at worker after 1.009309ms (proto size 2413)
I0828 01:30:43.888234    1294 tpu_chip_config.cc:367] Resolved chip config alias megachip_tccontrol->megacore for 2093c6a02, 
I0828 01:30:43.889702    1294 tpu_chip_config.cc:367] Resolved chip config alias megachip_tccontrol->megacore for 2093c6a02, 
I0828 01:30:43.890462    1294 xla_compilation_cache.cc:113] XLA compilation cache fetch for computation 'jit_broadcast_in_dim' (key 5043b7c95928295a) took 218.261867ms: PERSISTENT_FETCH
I0828 01:30:52.386507     721 server_lib.cc:1855] Attempting to load component jit_run_model.5622832922158734244 @ 0 at worker after 2.567581ms (proto size 14988)
I0828 01:30:59.749980    1294 tpu_chip_config.cc:367] Resolved chip config alias megachip_tccontrol->megacore for 2093c6a02, 
I0828 01:30:59.761981    1294 tpu_chip_config.cc:367] Resolved chip config alias megachip_tccontrol->megacore for 2093c6a02, 
I0828 01:30:59.784696    1294 xla_compilation_cache.cc:113] XLA compilation cache fetch for computation 'jit_run_model' (key 50a59dc561816da2) took 7.398747173s: PERSISTENT_FETCH
I0828 01:31:00.250900    1955 server_lib.cc:1855] Attempting to load component jit_convert_element_type.934836157317377683 @ 0 at worker after 1.148628ms (proto size 2411)
I0828 01:31:00.463884     721 server_lib.cc:1855] Attempting to load component jit_broadcast_in_dim.5622832922158731400 @ 0 at worker after 1.509159ms (proto size 2418)
I0828 01:31:00.475026    1294 tpu_chip_config.cc:367] Resolved chip config alias megachip_tccontrol->megacore for 2093c6a02, 
I0828 01:31:00.476650    1294 tpu_chip_config.cc:367] Resolved chip config alias megachip_tccontrol->megacore for 2093c6a02, 
I0828 01:31:00.477451    1294 xla_compilation_cache.cc:113] XLA compilation cache fetch for computation 'jit_convert_element_type' (key 59d1c8969685192e) took 226.729539ms: PERSISTENT_FETCH
I0828 01:31:00.666942    1295 tpu_chip_config.cc:367] Resolved chip config alias megachip_tccontrol->megacore for 2093c6a02, 
I0828 01:31:00.668437    1295 tpu_chip_config.cc:367] Resolved chip config alias megachip_tccontrol->megacore for 2093c6a02, 
I0828 01:31:00.669242    1295 xla_compilation_cache.cc:113] XLA compilation cache fetch for computation 'jit_broadcast_in_dim' (key d366b23e899b3a47) took 205.972138ms: PERSISTENT_FETCH
I0828 01:31:00.779024    1805 server_lib.cc:1855] Attempting to load component jit_broadcast_in_dim.5622832922158732339 @ 0 at worker after 1.100324ms (proto size 2413)
I0828 01:31:00.987828    1295 tpu_chip_config.cc:367] Resolved chip config alias megachip_tccontrol->megacore for 2093c6a02, 
I0828 01:31:00.989322    1295 tpu_chip_config.cc:367] Resolved chip config alias megachip_tccontrol->megacore for 2093c6a02, 
I0828 01:31:00.990074    1295 xla_compilation_cache.cc:113] XLA compilation cache fetch for computation 'jit_broadcast_in_dim' (key 100b3b104a6bf11d) took 211.161767ms: PERSISTENT_FETCH
I0828 01:31:01.021864    1943 server_lib.cc:1855] Attempting to load component jit__select_from_array_fn.12947613028601671090 @ 0 at worker after 1.437724ms (proto size 2462)
I0828 01:31:01.242730    1295 tpu_chip_config.cc:367] Resolved chip config alias megachip_tccontrol->megacore for 2093c6a02, 
I0828 01:31:01.244285    1295 tpu_chip_config.cc:367] Resolved chip config alias megachip_tccontrol->megacore for 2093c6a02, 
I0828 01:31:01.245137    1295 xla_compilation_cache.cc:113] XLA compilation cache fetch for computation 'jit__select_from_array_fn' (key e9e885934b9b9299) took 223.829469ms: PERSISTENT_FETCH
I0828 01:31:01.311013    1943 server_lib.cc:1855] Attempting to load component jit_broadcast_in_dim.5622832922158734217 @ 0 at worker after 2.968344ms (proto size 2413)
I0828 01:31:01.512936    1295 tpu_chip_config.cc:367] Resolved chip config alias megachip_tccontrol->megacore for 2093c6a02, 
I0828 01:31:01.514444    1295 tpu_chip_config.cc:367] Resolved chip config alias megachip_tccontrol->megacore for 2093c6a02, 
I0828 01:31:01.515172    1295 xla_compilation_cache.cc:113] XLA compilation cache fetch for computation 'jit_broadcast_in_dim' (key f4e81cda2b38261e) took 204.271181ms: PERSISTENT_FETCH
I0828 01:31:01.543900     721 server_lib.cc:1855] Attempting to load component jit__select_from_array_fn.12947613028601667804 @ 0 at worker after 1.615549ms (proto size 2462)
I0828 01:31:01.774624    1295 tpu_chip_config.cc:367] Resolved chip config alias megachip_tccontrol->megacore for 2093c6a02, 
I0828 01:31:01.776156    1295 tpu_chip_config.cc:367] Resolved chip config alias megachip_tccontrol->megacore for 2093c6a02, 
I0828 01:31:01.777034    1295 xla_compilation_cache.cc:113] XLA compilation cache fetch for computation 'jit__select_from_array_fn' (key c5cb47476c24c798) took 233.820022ms: PERSISTENT_FETCH
I0828 01:31:01.832287    1797 server_lib.cc:1855] Attempting to load component jit_broadcast_in_dim.12947613028601668344 @ 0 at worker after 1.102956ms (proto size 2413)
I0828 01:31:02.050821    1295 tpu_chip_config.cc:367] Resolved chip config alias megachip_tccontrol->megacore for 2093c6a02, 
I0828 01:31:02.052306    1295 tpu_chip_config.cc:367] Resolved chip config alias megachip_tccontrol->megacore for 2093c6a02, 
I0828 01:31:02.053031    1295 xla_compilation_cache.cc:113] XLA compilation cache fetch for computation 'jit_broadcast_in_dim' (key 2ad77de9d13750a) took 220.890313ms: PERSISTENT_FETCH
I0828 01:31:02.134698    1943 server_lib.cc:1855] Attempting to load component jit__select_from_array_fn.196317131024095449 @ 0 at worker after 1.424715ms (proto size 2460)
I0828 01:31:02.367107    1295 tpu_chip_config.cc:367] Resolved chip config alias megachip_tccontrol->megacore for 2093c6a02, 
I0828 01:31:02.368551    1295 tpu_chip_config.cc:367] Resolved chip config alias megachip_tccontrol->megacore for 2093c6a02, 
I0828 01:31:02.369397    1295 xla_compilation_cache.cc:113] XLA compilation cache fetch for computation 'jit__select_from_array_fn' (key 4ca1b40ae2792f53) took 235.176302ms: PERSISTENT_FETCH
I0828 01:31:02.423957    1939 server_lib.cc:1855] Attempting to load component jit_broadcast_in_dim.6111309008459216890 @ 0 at worker after 1.446279ms (proto size 2412)
I0828 01:31:02.624582    1295 tpu_chip_config.cc:367] Resolved chip config alias megachip_tccontrol->megacore for 2093c6a02, 
I0828 01:31:02.626070    1295 tpu_chip_config.cc:367] Resolved chip config alias megachip_tccontrol->megacore for 2093c6a02, 
I0828 01:31:02.626803    1295 xla_compilation_cache.cc:113] XLA compilation cache fetch for computation 'jit_broadcast_in_dim' (key 66516a1f8b9b74e) took 202.951277ms: PERSISTENT_FETCH
I0828 01:31:02.657688     721 server_lib.cc:1855] Attempting to load component jit__select_from_array_fn.196317131024096003 @ 0 at worker after 1.519854ms (proto size 2460)
I0828 01:31:02.894406    1295 tpu_chip_config.cc:367] Resolved chip config alias megachip_tccontrol->megacore for 2093c6a02, 
I0828 01:31:02.895879    1295 tpu_chip_config.cc:367] Resolved chip config alias megachip_tccontrol->megacore for 2093c6a02, 
I0828 01:31:02.896688    1295 xla_compilation_cache.cc:113] XLA compilation cache fetch for computation 'jit__select_from_array_fn' (key 289ec6647e9d5c12) took 239.676952ms: PERSISTENT_FETCH
I0828 01:31:02.950879    1797 server_lib.cc:1855] Attempting to load component jit_broadcast_in_dim.934836157317377291 @ 0 at worker after 1.423969ms (proto size 2413)
I0828 01:31:03.155322    1295 tpu_chip_config.cc:367] Resolved chip config alias megachip_tccontrol->megacore for 2093c6a02, 
I0828 01:31:03.156799    1295 tpu_chip_config.cc:367] Resolved chip config alias megachip_tccontrol->megacore for 2093c6a02, 
I0828 01:31:03.157542    1295 xla_compilation_cache.cc:113] XLA compilation cache fetch for computation 'jit_broadcast_in_dim' (key f2fc9cdb65b457ac) took 206.841457ms: PERSISTENT_FETCH
I0828 01:31:03.199031    1797 server_lib.cc:1855] Attempting to load component jit__select_from_array_fn.11097614078210886194 @ 0 at worker after 1.711331ms (proto size 2464)
I0828 01:31:03.436694    1295 tpu_chip_config.cc:367] Resolved chip config alias megachip_tccontrol->megacore for 2093c6a02, 
I0828 01:31:03.438213    1295 tpu_chip_config.cc:367] Resolved chip config alias megachip_tccontrol->megacore for 2093c6a02, 
I0828 01:31:03.439072    1295 xla_compilation_cache.cc:113] XLA compilation cache fetch for computation 'jit__select_from_array_fn' (key b939ad4946c9c982) took 240.917058ms: PERSISTENT_FETCH
I0828 01:31:03.515026    1797 server_lib.cc:1855] Attempting to load component jit__select_from_array_fn.934836157317374753 @ 0 at worker after 1.011198ms (proto size 2462)
I0828 01:31:03.754935    1295 tpu_chip_config.cc:367] Resolved chip config alias megachip_tccontrol->megacore for 2093c6a02, 
I0828 01:31:03.756479    1295 tpu_chip_config.cc:367] Resolved chip config alias megachip_tccontrol->megacore for 2093c6a02, 
I0828 01:31:03.757446    1295 xla_compilation_cache.cc:113] XLA compilation cache fetch for computation 'jit__select_from_array_fn' (key c2cd37ad1a81624e) took 242.555592ms: PERSISTENT_FETCH
I0828 01:31:03.779076     740 server_lib.cc:1855] Attempting to load component jit_broadcast_in_dim.196317131024093734 @ 0 at worker after 1.449161ms (proto size 2416)
I0828 01:31:03.987199    1295 tpu_chip_config.cc:367] Resolved chip config alias megachip_tccontrol->megacore for 2093c6a02, 
I0828 01:31:03.988712    1295 tpu_chip_config.cc:367] Resolved chip config alias megachip_tccontrol->megacore for 2093c6a02, 
I0828 01:31:03.989472    1295 xla_compilation_cache.cc:113] XLA compilation cache fetch for computation 'jit_broadcast_in_dim' (key 965c4a493e274da4) took 211.033341ms: PERSISTENT_FETCH
I0828 01:31:04.065282     740 server_lib.cc:1855] Attempting to load component jit_run_compute_logits.196317131024094288 @ 0 at worker after 1.149947ms (proto size 2460)
I0828 01:31:04.473494    1805 server_lib.cc:1855] Attempting to load component jit_broadcast_in_dim.5622832922158735129 @ 0 at worker after 3.085964ms (proto size 2417)
I0828 01:31:04.480926    1295 tpu_chip_config.cc:367] Resolved chip config alias megachip_tccontrol->megacore for 2093c6a02, 
I0828 01:31:04.482451    1295 tpu_chip_config.cc:367] Resolved chip config alias megachip_tccontrol->megacore for 2093c6a02, 
I0828 01:31:04.483351    1295 xla_compilation_cache.cc:113] XLA compilation cache fetch for computation 'jit_run_compute_logits' (key 8e9119890bf3e784) took 418.190611ms: PERSISTENT_FETCH
I0828 01:31:04.689203    1294 tpu_chip_config.cc:367] Resolved chip config alias megachip_tccontrol->megacore for 2093c6a02, 
I0828 01:31:04.690659    1294 tpu_chip_config.cc:367] Resolved chip config alias megachip_tccontrol->megacore for 2093c6a02, 
I0828 01:31:04.691399    1294 xla_compilation_cache.cc:113] XLA compilation cache fetch for computation 'jit_broadcast_in_dim' (key d23cb45776f65df2) took 220.128546ms: PERSISTENT_FETCH
I0828 01:31:04.769108     740 server_lib.cc:1855] Attempting to load component jit_run_compute_logits.934836157317374361 @ 0 at worker after 961.502us (proto size 2460)
I0828 01:31:05.186317    1805 server_lib.cc:1855] Attempting to load component jit_broadcast_in_dim.196317131024094842 @ 0 at worker after 797.359us (proto size 2415)
I0828 01:31:05.199709    1294 tpu_chip_config.cc:367] Resolved chip config alias megachip_tccontrol->megacore for 2093c6a02, 
I0828 01:31:05.201245    1294 tpu_chip_config.cc:367] Resolved chip config alias megachip_tccontrol->megacore for 2093c6a02, 
I0828 01:31:05.202125    1294 xla_compilation_cache.cc:113] XLA compilation cache fetch for computation 'jit_run_compute_logits' (key f71e89e11ba128fd) took 433.023501ms: PERSISTENT_FETCH
I0828 01:31:05.400864    1295 tpu_chip_config.cc:367] Resolved chip config alias megachip_tccontrol->megacore for 2093c6a02, 
I0828 01:31:05.402460    1295 tpu_chip_config.cc:367] Resolved chip config alias megachip_tccontrol->megacore for 2093c6a02, 
I0828 01:31:05.403277    1295 xla_compilation_cache.cc:113] XLA compilation cache fetch for computation 'jit_broadcast_in_dim' (key f5c720a1e4618ed) took 216.965291ms: PERSISTENT_FETCH
I0828 01:31:05.472448     740 server_lib.cc:1855] Attempting to load component jit_run_compute_logits.11097614078210885067 @ 0 at worker after 960.843us (proto size 2462)
I0828 01:31:05.893497    1797 server_lib.cc:1855] Attempting to load component jit_broadcast_in_dim.5622832922158734476 @ 0 at worker after 1.023398ms (proto size 2417)
I0828 01:31:05.903094    1295 tpu_chip_config.cc:367] Resolved chip config alias megachip_tccontrol->megacore for 2093c6a02, 
I0828 01:31:05.904701    1295 tpu_chip_config.cc:367] Resolved chip config alias megachip_tccontrol->megacore for 2093c6a02, 
I0828 01:31:05.905607    1295 xla_compilation_cache.cc:113] XLA compilation cache fetch for computation 'jit_run_compute_logits' (key cd959c4213cf3f98) took 433.166101ms: PERSISTENT_FETCH
I0828 01:31:06.109268    1294 tpu_chip_config.cc:367] Resolved chip config alias megachip_tccontrol->megacore for 2093c6a02, 
I0828 01:31:06.110878    1294 tpu_chip_config.cc:367] Resolved chip config alias megachip_tccontrol->megacore for 2093c6a02, 
I0828 01:31:06.111650    1294 xla_compilation_cache.cc:113] XLA compilation cache fetch for computation 'jit_broadcast_in_dim' (key 2680f3a7c48a66e1) took 218.163046ms: PERSISTENT_FETCH
I0828 01:31:06.181520     740 server_lib.cc:1855] Attempting to load component jit_run_compute_logits.11097614078210883810 @ 0 at worker after 977.327us (proto size 2462)
I0828 01:31:06.585877    1797 server_lib.cc:1855] Attempting to load component jit_broadcast_in_dim.5622832922158732571 @ 0 at worker after 895.733us (proto size 2418)
I0828 01:31:06.595422    1294 tpu_chip_config.cc:367] Resolved chip config alias megachip_tccontrol->megacore for 2093c6a02, 
I0828 01:31:06.597038    1294 tpu_chip_config.cc:367] Resolved chip config alias megachip_tccontrol->megacore for 2093c6a02, 
I0828 01:31:06.597934    1294 xla_compilation_cache.cc:113] XLA compilation cache fetch for computation 'jit_run_compute_logits' (key 89245f9e310088c7) took 416.42143ms: PERSISTENT_FETCH
I0828 01:31:06.790772    1295 tpu_chip_config.cc:367] Resolved chip config alias megachip_tccontrol->megacore for 2093c6a02, 
I0828 01:31:06.792247    1295 tpu_chip_config.cc:367] Resolved chip config alias megachip_tccontrol->megacore for 2093c6a02, 
I0828 01:31:06.792961    1295 xla_compilation_cache.cc:113] XLA compilation cache fetch for computation 'jit_broadcast_in_dim' (key be2e6c56160dc4dd) took 207.095553ms: PERSISTENT_FETCH
I0828 01:31:06.874844    1939 server_lib.cc:1855] Attempting to load component jit_run_compute_logits.11097614078210885327 @ 0 at worker after 1.168252ms (proto size 2464)
I0828 01:31:07.279431    1797 server_lib.cc:1855] Attempting to load component jit_broadcast_in_dim.934836157317375919 @ 0 at worker after 1.023971ms (proto size 2417)
I0828 01:31:07.285702    1295 tpu_chip_config.cc:367] Resolved chip config alias megachip_tccontrol->megacore for 2093c6a02, 
I0828 01:31:07.287219    1295 tpu_chip_config.cc:367] Resolved chip config alias megachip_tccontrol->megacore for 2093c6a02, 
I0828 01:31:07.288116    1295 xla_compilation_cache.cc:113] XLA compilation cache fetch for computation 'jit_run_compute_logits' (key 64ab136f8308357d) took 413.281589ms: PERSISTENT_FETCH
I0828 01:31:07.504403    1294 tpu_chip_config.cc:367] Resolved chip config alias megachip_tccontrol->megacore for 2093c6a02, 
I0828 01:31:07.505912    1294 tpu_chip_config.cc:367] Resolved chip config alias megachip_tccontrol->megacore for 2093c6a02, 
I0828 01:31:07.506616    1294 xla_compilation_cache.cc:113] XLA compilation cache fetch for computation 'jit_broadcast_in_dim' (key efaacb8a8a79f3d9) took 227.194991ms: PERSISTENT_FETCH
I0828 01:31:07.591370     721 server_lib.cc:1855] Attempting to load component jit_run_compute_logits.6111309008459215742 @ 0 at worker after 1.145543ms (proto size 2463)
I0828 01:31:08.019336    1294 tpu_chip_config.cc:367] Resolved chip config alias megachip_tccontrol->megacore for 2093c6a02, 
I0828 01:31:08.020882    1294 tpu_chip_config.cc:367] Resolved chip config alias megachip_tccontrol->megacore for 2093c6a02, 
I0828 01:31:08.021820    1294 xla_compilation_cache.cc:113] XLA compilation cache fetch for computation 'jit_run_compute_logits' (key aded5f8d4cb8c118) took 430.459131ms: PERSISTENT_FETCH
I0828 01:31:08.052565     721 server_lib.cc:1855] Attempting to load component jit_broadcast_in_dim.5622832922158734449 @ 0 at worker after 845.667us (proto size 2413)
I0828 01:31:08.251829    1294 tpu_chip_config.cc:367] Resolved chip config alias megachip_tccontrol->megacore for 2093c6a02, 
I0828 01:31:08.253273    1294 tpu_chip_config.cc:367] Resolved chip config alias megachip_tccontrol->megacore for 2093c6a02, 
I0828 01:31:08.253982    1294 xla_compilation_cache.cc:113] XLA compilation cache fetch for computation 'jit_broadcast_in_dim' (key 33d20e3981d5a07f) took 201.423647ms: PERSISTENT_FETCH
I0828 01:31:08.281654     702 server_lib.cc:1855] Attempting to load component jit_convert_element_type.196317131024095396 @ 0 at worker after 926.815us (proto size 2411)
I0828 01:31:08.478658    1939 server_lib.cc:1855] Attempting to load component jit_broadcast_in_dim.11097614078210884070 @ 0 at worker after 1.031316ms (proto size 2414)
I0828 01:31:08.495626    1294 tpu_chip_config.cc:367] Resolved chip config alias megachip_tccontrol->megacore for 2093c6a02, 
I0828 01:31:08.497057    1294 tpu_chip_config.cc:367] Resolved chip config alias megachip_tccontrol->megacore for 2093c6a02, 
I0828 01:31:08.497771    1294 xla_compilation_cache.cc:113] XLA compilation cache fetch for computation 'jit_convert_element_type' (key d5c00e6d22718312) took 216.129042ms: PERSISTENT_FETCH
I0828 01:31:08.689944    1295 tpu_chip_config.cc:367] Resolved chip config alias megachip_tccontrol->megacore for 2093c6a02, 
I0828 01:31:08.691470    1295 tpu_chip_config.cc:367] Resolved chip config alias megachip_tccontrol->megacore for 2093c6a02, 
I0828 01:31:08.692286    1295 xla_compilation_cache.cc:113] XLA compilation cache fetch for computation 'jit_broadcast_in_dim' (key f1247465310c37c8) took 213.635961ms: PERSISTENT_FETCH
I0828 01:31:08.731429    1805 server_lib.cc:1855] Attempting to load component jit_broadcast_in_dim.196317131024097058 @ 0 at worker after 780.292us (proto size 2412)
I0828 01:31:08.935116    1295 tpu_chip_config.cc:367] Resolved chip config alias megachip_tccontrol->megacore for 2093c6a02, 
I0828 01:31:08.936571    1295 tpu_chip_config.cc:367] Resolved chip config alias megachip_tccontrol->megacore for 2093c6a02, 
I0828 01:31:08.937320    1295 xla_compilation_cache.cc:113] XLA compilation cache fetch for computation 'jit_broadcast_in_dim' (key 224c2b3535d0e44d) took 205.897748ms: PERSISTENT_FETCH
I0828 01:31:08.982012    1955 server_lib.cc:1855] Attempting to load component jit_broadcast_in_dim.927922527692929005 @ 0 at worker after 874.129us (proto size 2411)
I0828 01:31:09.190222    1295 tpu_chip_config.cc:367] Resolved chip config alias megachip_tccontrol->megacore for 2093c6a02, 
I0828 01:31:09.191645    1295 tpu_chip_config.cc:367] Resolved chip config alias megachip_tccontrol->megacore for 2093c6a02, 
I0828 01:31:09.192378    1295 xla_compilation_cache.cc:113] XLA compilation cache fetch for computation 'jit_broadcast_in_dim' (key e191c21e547053b) took 210.372944ms: PERSISTENT_FETCH
I0828 01:31:09.232632    1805 server_lib.cc:1855] Attempting to load component jit_broadcast_in_dim.5622832922158734055 @ 0 at worker after 860.347us (proto size 2413)
I0828 01:31:09.447711    1295 tpu_chip_config.cc:367] Resolved chip config alias megachip_tccontrol->megacore for 2093c6a02, 
I0828 01:31:09.449186    1295 tpu_chip_config.cc:367] Resolved chip config alias megachip_tccontrol->megacore for 2093c6a02, 
I0828 01:31:09.449920    1295 xla_compilation_cache.cc:113] XLA compilation cache fetch for computation 'jit_broadcast_in_dim' (key e25497f62a106efa) took 217.294264ms: PERSISTENT_FETCH
I0828 01:31:09.487106    1955 server_lib.cc:1855] Attempting to load component jit_broadcast_in_dim.5622832922158732123 @ 0 at worker after 934.344us (proto size 2414)
I0828 01:31:09.687334    1295 tpu_chip_config.cc:367] Resolved chip config alias megachip_tccontrol->megacore for 2093c6a02, 
I0828 01:31:09.688756    1295 tpu_chip_config.cc:367] Resolved chip config alias megachip_tccontrol->megacore for 2093c6a02, 
I0828 01:31:09.689509    1295 xla_compilation_cache.cc:113] XLA compilation cache fetch for computation 'jit_broadcast_in_dim' (key 3d54611d484f0764) took 202.410327ms: PERSISTENT_FETCH
I0828 01:31:09.731536     721 server_lib.cc:1855] Attempting to load component jit_broadcast_in_dim.934836157317376105 @ 0 at worker after 918.395us (proto size 2412)
I0828 01:31:09.940273    1295 tpu_chip_config.cc:367] Resolved chip config alias megachip_tccontrol->megacore for 2093c6a02, 
I0828 01:31:09.941683    1295 tpu_chip_config.cc:367] Resolved chip config alias megachip_tccontrol->megacore for 2093c6a02, 
I0828 01:31:09.942427    1295 xla_compilation_cache.cc:113] XLA compilation cache fetch for computation 'jit_broadcast_in_dim' (key 39860bbd69c3e39) took 210.897293ms: PERSISTENT_FETCH
I0828 01:31:10.019179     740 server_lib.cc:1855] Attempting to load component jit__split_rngs.6111309008459217411 @ 0 at worker after 1.156744ms (proto size 2446)
I0828 01:31:10.328973    1295 tpu_chip_config.cc:367] Resolved chip config alias megachip_tccontrol->megacore for 2093c6a02, 
I0828 01:31:10.330464    1295 tpu_chip_config.cc:367] Resolved chip config alias megachip_tccontrol->megacore for 2093c6a02, 
I0828 01:31:10.332018    1295 xla_compilation_cache.cc:113] XLA compilation cache fetch for computation 'jit__split_rngs' (key b77cd1a483527ab1) took 312.845004ms: PERSISTENT_FETCH
I0828 01:31:18.426759    1939 server_lib.cc:1855] Attempting to load component jit__decode_core.927922527692928611 @ 0 at worker after 2.252515ms (proto size 15145)
I0828 01:31:25.454019    1295 tpu_chip_config.cc:367] Resolved chip config alias megachip_tccontrol->megacore for 2093c6a02, 
I0828 01:31:25.461455    1295 tpu_chip_config.cc:367] Resolved chip config alias megachip_tccontrol->megacore for 2093c6a02, 
I0828 01:31:25.486831    1295 xla_compilation_cache.cc:113] XLA compilation cache fetch for computation 'jit__decode_core' (key 9c6aeea7d0b8c0a1) took 7.060086581s: PERSISTENT_FETCH
I0828 01:31:33.832982    1805 server_lib.cc:1855] Attempting to load component jit__decode_core.6111309008459216550 @ 0 at worker after 1.887028ms (proto size 15145)
I0828 01:31:40.783074    1295 tpu_chip_config.cc:367] Resolved chip config alias megachip_tccontrol->megacore for 2093c6a02, 
I0828 01:31:40.791284    1295 tpu_chip_config.cc:367] Resolved chip config alias megachip_tccontrol->megacore for 2093c6a02, 
I0828 01:31:40.816141    1295 xla_compilation_cache.cc:113] XLA compilation cache fetch for computation 'jit__decode_core' (key d78a36030e33f6a) took 6.983172042s: PERSISTENT_FETCH
I0828 01:31:49.419932     740 server_lib.cc:1855] Attempting to load component jit__decode_core.927922527692930282 @ 0 at worker after 2.063763ms (proto size 15145)
I0828 01:31:57.626316    1295 tpu_chip_config.cc:367] Resolved chip config alias megachip_tccontrol->megacore for 2093c6a02, 
I0828 01:31:57.635633    1295 tpu_chip_config.cc:367] Resolved chip config alias megachip_tccontrol->megacore for 2093c6a02, 
I0828 01:31:57.662412    1295 xla_compilation_cache.cc:113] XLA compilation cache fetch for computation 'jit__decode_core' (key 4277cd4b243cdf54) took 8.242494471s: PERSISTENT_FETCH
I0828 01:32:04.951745     740 server_lib.cc:1855] Attempting to load component jit__decode_core.6111309008459215689 @ 0 at worker after 2.169233ms (proto size 15146)
I0828 01:32:13.039588    1295 tpu_chip_config.cc:367] Resolved chip config alias megachip_tccontrol->megacore for 2093c6a02, 
I0828 01:32:13.049227    1295 tpu_chip_config.cc:367] Resolved chip config alias megachip_tccontrol->megacore for 2093c6a02, 
I0828 01:32:13.076898    1295 xla_compilation_cache.cc:113] XLA compilation cache fetch for computation 'jit__decode_core' (key 6564dfa844da5aaf) took 8.125166491s: PERSISTENT_FETCH
I0828 01:32:21.660484     740 server_lib.cc:1855] Attempting to load component jit__decode_core.12947613028601668005 @ 0 at worker after 1.942792ms (proto size 15154)
I0828 01:32:29.306418    1295 tpu_chip_config.cc:367] Resolved chip config alias megachip_tccontrol->megacore for 2093c6a02, 
I0828 01:32:29.315826    1295 tpu_chip_config.cc:367] Resolved chip config alias megachip_tccontrol->megacore for 2093c6a02, 
I0828 01:32:29.341041    1295 xla_compilation_cache.cc:113] XLA compilation cache fetch for computation 'jit__decode_core' (key a56eb1e9b4226e95) took 7.680570532s: PERSISTENT_FETCH
I0828 01:32:36.529424    1805 server_lib.cc:1855] Attempting to load component jit__decode_core.6111309008459218924 @ 0 at worker after 2.211182ms (proto size 15153)
I0828 01:32:44.644572    1295 tpu_chip_config.cc:367] Resolved chip config alias megachip_tccontrol->megacore for 2093c6a02, 
I0828 01:32:44.653507    1295 tpu_chip_config.cc:367] Resolved chip config alias megachip_tccontrol->megacore for 2093c6a02, 
I0828 01:32:44.678618    1295 xla_compilation_cache.cc:113] XLA compilation cache fetch for computation 'jit__decode_core' (key 2ee5c19ac36e3f22) took 8.149207492s: PERSISTENT_FETCH
I0828 01:32:46.915872     721 server_lib.cc:1855] Attempting to load component jit_convert_element_type.927922527692929528 @ 0 at worker after 1.21624ms (proto size 2441)
I0828 01:32:47.162806     721 server_lib.cc:1855] Attempting to load component jit_convert_element_type.6111309008459216915 @ 0 at worker after 828.282us (proto size 2432)
I0828 01:32:47.174165    1295 tpu_chip_config.cc:367] Resolved chip config alias megachip_tccontrol->megacore for 2093c6a02, 
I0828 01:32:47.175821    1295 tpu_chip_config.cc:367] Resolved chip config alias megachip_tccontrol->megacore for 2093c6a02, 
I0828 01:32:47.176645    1295 xla_compilation_cache.cc:113] XLA compilation cache fetch for computation 'jit_convert_element_type' (key a3198de69802f198) took 260.785565ms: PERSISTENT_FETCH
I0828 01:32:47.362738     721 server_lib.cc:1855] Attempting to load component jit_convert_element_type.927922527692927103 @ 0 at worker after 1.000756ms (proto size 2431)
I0828 01:32:47.377409    1294 tpu_chip_config.cc:367] Resolved chip config alias megachip_tccontrol->megacore for 2093c6a02, 
I0828 01:32:47.378961    1294 tpu_chip_config.cc:367] Resolved chip config alias megachip_tccontrol->megacore for 2093c6a02, 
I0828 01:32:47.379716    1294 xla_compilation_cache.cc:113] XLA compilation cache fetch for computation 'jit_convert_element_type' (key 8391fcf61242972d) took 216.916017ms: PERSISTENT_FETCH
I0828 01:32:47.568933     702 server_lib.cc:1855] Attempting to load component jit_convert_element_type.6111309008459216054 @ 0 at worker after 1.07321ms (proto size 2445)
I0828 01:32:47.578561    1295 tpu_chip_config.cc:367] Resolved chip config alias megachip_tccontrol->megacore for 2093c6a02, 
I0828 01:32:47.580069    1295 tpu_chip_config.cc:367] Resolved chip config alias megachip_tccontrol->megacore for 2093c6a02, 
I0828 01:32:47.580849    1295 xla_compilation_cache.cc:113] XLA compilation cache fetch for computation 'jit_convert_element_type' (key 8d23742eb7ebcdab) took 218.118477ms: PERSISTENT_FETCH
I0828 01:32:47.800104     721 server_lib.cc:1855] Attempting to load component jit_convert_element_type.927922527692928774 @ 0 at worker after 983.245us (proto size 2445)
I0828 01:32:47.806280    1294 tpu_chip_config.cc:367] Resolved chip config alias megachip_tccontrol->megacore for 2093c6a02, 
I0828 01:32:47.807725    1294 tpu_chip_config.cc:367] Resolved chip config alias megachip_tccontrol->megacore for 2093c6a02, 
I0828 01:32:47.808503    1294 xla_compilation_cache.cc:113] XLA compilation cache fetch for computation 'jit_convert_element_type' (key 6293690a77289c3) took 239.582571ms: PERSISTENT_FETCH
I0828 01:32:48.022622     702 server_lib.cc:1855] Attempting to load component jit_convert_element_type.6111309008459215193 @ 0 at worker after 883.338us (proto size 2446)
I0828 01:32:48.029492    1295 tpu_chip_config.cc:367] Resolved chip config alias megachip_tccontrol->megacore for 2093c6a02, 
I0828 01:32:48.030948    1295 tpu_chip_config.cc:367] Resolved chip config alias megachip_tccontrol->megacore for 2093c6a02, 
I0828 01:32:48.031682    1295 xla_compilation_cache.cc:113] XLA compilation cache fetch for computation 'jit_convert_element_type' (key 345cb12078fdc08c) took 231.585647ms: PERSISTENT_FETCH
I0828 01:32:48.240601     721 server_lib.cc:1855] Attempting to load component jit_convert_element_type.927922527692930445 @ 0 at worker after 872.971us (proto size 2439)
I0828 01:32:48.252320    1294 tpu_chip_config.cc:367] Resolved chip config alias megachip_tccontrol->megacore for 2093c6a02, 
I0828 01:32:48.253752    1294 tpu_chip_config.cc:367] Resolved chip config alias megachip_tccontrol->megacore for 2093c6a02, 
I0828 01:32:48.254508    1294 xla_compilation_cache.cc:113] XLA compilation cache fetch for computation 'jit_convert_element_type' (key 60a864adbb879c50) took 231.896079ms: PERSISTENT_FETCH
I0828 01:32:48.441057     721 server_lib.cc:1855] Attempting to load component jit_convert_element_type.6111309008459218428 @ 0 at worker after 821.628us (proto size 2440)
I0828 01:32:48.450469    1295 tpu_chip_config.cc:367] Resolved chip config alias megachip_tccontrol->megacore for 2093c6a02, 
I0828 01:32:48.451941    1295 tpu_chip_config.cc:367] Resolved chip config alias megachip_tccontrol->megacore for 2093c6a02, 
I0828 01:32:48.452685    1295 xla_compilation_cache.cc:113] XLA compilation cache fetch for computation 'jit_convert_element_type' (key 92a4a75033dd804c) took 212.091693ms: PERSISTENT_FETCH
I0828 01:32:48.671684    1294 tpu_chip_config.cc:367] Resolved chip config alias megachip_tccontrol->megacore for 2093c6a02, 
I0828 01:32:48.673175    1294 tpu_chip_config.cc:367] Resolved chip config alias megachip_tccontrol->megacore for 2093c6a02, 
I0828 01:32:48.673923    1294 xla_compilation_cache.cc:113] XLA compilation cache fetch for computation 'jit_convert_element_type' (key c6fd9be301d69957) took 232.872679ms: PERSISTENT_FETCH
W0828 01:32:48.681028    1433 tpu_pjrt_client.cc:2349] PjRt execution dispatch was blocked for 3.200892ms because PjRt's max in-flight computation semaphore is full (limit: 32), which may negatively affect the performance
I0828 01:32:48.747159    1955 server_lib.cc:1855] Attempting to load component jit_convert_element_type.927922527692928020 @ 0 at worker after 1.030494ms (proto size 2441)
I0828 01:32:48.981620    1294 tpu_chip_config.cc:367] Resolved chip config alias megachip_tccontrol->megacore for 2093c6a02, 
I0828 01:32:48.983172    1294 tpu_chip_config.cc:367] Resolved chip config alias megachip_tccontrol->megacore for 2093c6a02, 
I0828 01:32:48.983912    1294 xla_compilation_cache.cc:113] XLA compilation cache fetch for computation 'jit_convert_element_type' (key 8a4e0f344c48903f) took 236.760547ms: PERSISTENT_FETCH
I0828 01:32:49.010490    1805 server_lib.cc:1855] Attempting to load component pre_reshard_9181198066278140929.1.6111309008459217567 @ 0 at worker after 1.134252ms (proto size 2460)
I0828 01:32:49.303670    1294 tpu_chip_config.cc:367] Resolved chip config alias megachip_tccontrol->megacore for 2093c6a02, 
I0828 01:32:49.305152    1294 tpu_chip_config.cc:367] Resolved chip config alias megachip_tccontrol->megacore for 2093c6a02, 
I0828 01:32:49.305916    1294 xla_compilation_cache.cc:113] XLA compilation cache fetch for computation 'pre_reshard_9181198066278140929.1' (key 688b8ce706c45beb) took 295.433115ms: PERSISTENT_FETCH
I0828 01:32:49.966478    1950 xla_compilation_cache.cc:113] XLA compilation cache fetch for computation 'jit__allocate' (key 44c937081d7ee1dc) took 3.438us: IN_MEMORY_HIT
I0828 01:32:49.966499    1950 server_lib.cc:1855] Attempting to load component jit__allocate.927922527692929691 @ 0 at worker after 1.354575ms (proto size 2403)
I0828 01:32:51.665127     747 worker_op_dispatcher.cc:4605] Component is not loaded yet; deferring unload until load completes: jit__allocate.927922527692929691 @ 0
I0828 01:32:51.665172    1504 server_lib.cc:743] Unloading component jit__allocate.927922527692929691 @ 0 at worker
I0828 01:33:05.666075    2962 server_lib.cc:1855] Attempting to load component jit_split.6111309008459216872 @ 0 at worker after 1.060933ms (proto size 2486)
I0828 01:33:06.129401    1294 tpu_chip_config.cc:367] Resolved chip config alias megachip_tccontrol->megacore for 2093c6a02, 
I0828 01:33:06.131285    1294 tpu_chip_config.cc:367] Resolved chip config alias megachip_tccontrol->megacore for 2093c6a02, 
I0828 01:33:06.133098    1294 xla_compilation_cache.cc:113] XLA compilation cache fetch for computation 'jit_split' (key 58ab69a219ee1180) took 467.034543ms: PERSISTENT_FETCH
I0828 01:33:17.283588    2890 server_lib.cc:1855] Attempting to load component jit__threefry_split.6111309008459215437 @ 0 at worker after 1.195146ms (proto size 2423)
I0828 01:33:17.565167    2962 server_lib.cc:1855] Attempting to load component jit_unstack.12947613028601669085 @ 0 at worker after 878.615us (proto size 2428)
I0828 01:33:17.584297    1294 tpu_chip_config.cc:367] Resolved chip config alias megachip_tccontrol->megacore for 2093c6a02, 
I0828 01:33:17.585972    1294 tpu_chip_config.cc:367] Resolved chip config alias megachip_tccontrol->megacore for 2093c6a02, 
I0828 01:33:17.587398    1294 xla_compilation_cache.cc:113] XLA compilation cache fetch for computation 'jit__threefry_split' (key ffae4053d9288eaf) took 303.823358ms: PERSISTENT_FETCH
I0828 01:33:17.758689    2962 server_lib.cc:1855] Attempting to load component jit_convert_element_type.6111309008459218672 @ 0 at worker after 893.488us (proto size 2440)
I0828 01:33:17.776066    1295 tpu_chip_config.cc:367] Resolved chip config alias megachip_tccontrol->megacore for 2093c6a02, 
I0828 01:33:17.777570    1295 tpu_chip_config.cc:367] Resolved chip config alias megachip_tccontrol->megacore for 2093c6a02, 
I0828 01:33:17.778411    1295 xla_compilation_cache.cc:113] XLA compilation cache fetch for computation 'jit_unstack' (key f4cb232f5cc0a2c9) took 213.252886ms: PERSISTENT_FETCH
I0828 01:33:17.958998    1294 tpu_chip_config.cc:367] Resolved chip config alias megachip_tccontrol->megacore for 2093c6a02, 
I0828 01:33:17.960503    1294 tpu_chip_config.cc:367] Resolved chip config alias megachip_tccontrol->megacore for 2093c6a02, 
I0828 01:33:17.961237    1294 xla_compilation_cache.cc:113] XLA compilation cache fetch for computation 'jit_convert_element_type' (key c666958a8729ef94) took 202.554944ms: PERSISTENT_FETCH
I0828 01:33:18.155715    2959 server_lib.cc:1855] Attempting to load component jit__canon_fused_decode_logprob_chunk.6111309008459217811 @ 0 at worker after 1.118053ms (proto size 2527)
I0828 01:33:19.782296    1294 tpu_chip_config.cc:367] Resolved chip config alias megachip_tccontrol->megacore for 2093c6a02, 
I0828 01:33:19.784144    1294 tpu_chip_config.cc:367] Resolved chip config alias megachip_tccontrol->megacore for 2093c6a02, 
I0828 01:33:19.785870    1294 xla_compilation_cache.cc:113] XLA compilation cache fetch for computation 'jit__canon_fused_decode_logprob_chunk' (key bcab894a92d4ff5) took 1.63016294s: PERSISTENT_FETCH
I0828 01:33:20.882066    2968 server_lib.cc:1855] Attempting to load component jit_split.12947613028601668499 @ 0 at worker after 1.024322ms (proto size 2487)
I0828 01:33:21.391906    1294 tpu_chip_config.cc:367] Resolved chip config alias megachip_tccontrol->megacore for 2093c6a02, 
I0828 01:33:21.393622    1294 tpu_chip_config.cc:367] Resolved chip config alias megachip_tccontrol->megacore for 2093c6a02, 
I0828 01:33:21.395279    1294 xla_compilation_cache.cc:113] XLA compilation cache fetch for computation 'jit_split' (key b35a7658f3892690) took 513.22313ms: PERSISTENT_FETCH
I0828 01:33:21.448823    2968 server_lib.cc:1855] Attempting to load component jit_convert_element_type.11097614078210884243 @ 0 at worker after 1.124447ms (proto size 2441)
I0828 01:33:21.683044    1294 tpu_chip_config.cc:367] Resolved chip config alias megachip_tccontrol->megacore for 2093c6a02, 
I0828 01:33:21.684555    1294 tpu_chip_config.cc:367] Resolved chip config alias megachip_tccontrol->megacore for 2093c6a02, 
I0828 01:33:21.685288    1294 xla_compilation_cache.cc:113] XLA compilation cache fetch for computation 'jit_convert_element_type' (key faae9e66f41c4daf) took 236.474259ms: PERSISTENT_FETCH
I0828 01:33:21.821541    3037 server_lib.cc:1855] Attempting to load component jit__canon_fused_decode_logprob_chunk.11097614078210884308 @ 0 at worker after 1.203853ms (proto size 2529)
I0828 01:33:23.532695    1294 tpu_chip_config.cc:367] Resolved chip config alias megachip_tccontrol->megacore for 2093c6a02, 
I0828 01:33:23.534712    1294 tpu_chip_config.cc:367] Resolved chip config alias megachip_tccontrol->megacore for 2093c6a02, 
I0828 01:33:23.536491    1294 xla_compilation_cache.cc:113] XLA compilation cache fetch for computation 'jit__canon_fused_decode_logprob_chunk' (key 26a88f9659c39689) took 1.714958068s: PERSISTENT_FETCH
I0828 01:33:24.587820    2890 server_lib.cc:1855] Attempting to load component jit_split.6111309008459217262 @ 0 at worker after 1.019307ms (proto size 2486)
I0828 01:33:25.097914    1294 tpu_chip_config.cc:367] Resolved chip config alias megachip_tccontrol->megacore for 2093c6a02, 
I0828 01:33:25.099729    1294 tpu_chip_config.cc:367] Resolved chip config alias megachip_tccontrol->megacore for 2093c6a02, 
I0828 01:33:25.101474    1294 xla_compilation_cache.cc:113] XLA compilation cache fetch for computation 'jit_split' (key 4e0e435c16749359) took 513.66218ms: PERSISTENT_FETCH
I0828 01:33:25.167360    2890 server_lib.cc:1855] Attempting to load component jit_convert_element_type.927922527692927007 @ 0 at worker after 950.203us (proto size 2439)
I0828 01:33:25.390223    1294 tpu_chip_config.cc:367] Resolved chip config alias megachip_tccontrol->megacore for 2093c6a02, 
I0828 01:33:25.391682    1294 tpu_chip_config.cc:367] Resolved chip config alias megachip_tccontrol->megacore for 2093c6a02, 
I0828 01:33:25.392417    1294 xla_compilation_cache.cc:113] XLA compilation cache fetch for computation 'jit_convert_element_type' (key c108b861a3561349) took 225.066863ms: PERSISTENT_FETCH
I0828 01:33:25.538226    2975 server_lib.cc:1855] Attempting to load component jit__canon_fused_decode_logprob_chunk.927922527692928678 @ 0 at worker after 1.183485ms (proto size 2527)
I0828 01:33:26.542102    1294 tpu_chip_config.cc:367] Resolved chip config alias megachip_tccontrol->megacore for 2093c6a02, 
I0828 01:33:26.544082    1294 tpu_chip_config.cc:367] Resolved chip config alias megachip_tccontrol->megacore for 2093c6a02, 
I0828 01:33:26.545815    1294 xla_compilation_cache.cc:113] XLA compilation cache fetch for computation 'jit__canon_fused_decode_logprob_chunk' (key 621e2c2b1a201d48) took 1.007597178s: PERSISTENT_FETCH
I0828 01:33:28.900351    2968 server_lib.cc:1855] Attempting to load component jit_split.11097614078210884351 @ 0 at worker after 957.966us (proto size 2487)
I0828 01:33:29.372086    1294 tpu_chip_config.cc:367] Resolved chip config alias megachip_tccontrol->megacore for 2093c6a02, 
I0828 01:33:29.374443    1294 tpu_chip_config.cc:367] Resolved chip config alias megachip_tccontrol->megacore for 2093c6a02, 
I0828 01:33:29.376518    1294 xla_compilation_cache.cc:113] XLA compilation cache fetch for computation 'jit_split' (key 4e04eb4bfadb2aeb) took 476.177141ms: PERSISTENT_FETCH
I0828 01:33:29.440315    2959 server_lib.cc:1855] Attempting to load component jit_convert_element_type.6111309008459216295 @ 0 at worker after 960.135us (proto size 2440)
I0828 01:33:29.638625    1294 tpu_chip_config.cc:367] Resolved chip config alias megachip_tccontrol->megacore for 2093c6a02, 
I0828 01:33:29.640121    1294 tpu_chip_config.cc:367] Resolved chip config alias megachip_tccontrol->megacore for 2093c6a02, 
I0828 01:33:29.640873    1294 xla_compilation_cache.cc:113] XLA compilation cache fetch for computation 'jit_convert_element_type' (key fddce002a431323b) took 200.565101ms: PERSISTENT_FETCH
I0828 01:33:29.780808    3037 server_lib.cc:1855] Attempting to load component jit__canon_fused_decode_logprob_chunk.6111309008459215434 @ 0 at worker after 1.063697ms (proto size 2528)
I0828 01:33:30.742993    1294 tpu_chip_config.cc:367] Resolved chip config alias megachip_tccontrol->megacore for 2093c6a02, 
I0828 01:33:30.744827    1294 tpu_chip_config.cc:367] Resolved chip config alias megachip_tccontrol->megacore for 2093c6a02, 
I0828 01:33:30.746485    1294 xla_compilation_cache.cc:113] XLA compilation cache fetch for computation 'jit__canon_fused_decode_logprob_chunk' (key d49cd61d7d874d5d) took 965.685984ms: PERSISTENT_FETCH
I0828 01:33:35.773109    3084 server_lib.cc:1855] Attempting to load component jit_split.5622832922158734168 @ 0 at worker after 888.424us (proto size 2487)
I0828 01:33:36.249442    1294 tpu_chip_config.cc:367] Resolved chip config alias megachip_tccontrol->megacore for 2093c6a02, 
I0828 01:33:36.251635    1294 tpu_chip_config.cc:367] Resolved chip config alias megachip_tccontrol->megacore for 2093c6a02, 
I0828 01:33:36.253612    1294 xla_compilation_cache.cc:113] XLA compilation cache fetch for computation 'jit_split' (key ef83e0dd3251fbac) took 480.520677ms: PERSISTENT_FETCH
I0828 01:33:36.318546    2929 server_lib.cc:1855] Attempting to load component jit_convert_element_type.934836157317377995 @ 0 at worker after 859.046us (proto size 2439)
I0828 01:33:36.513600    1294 tpu_chip_config.cc:367] Resolved chip config alias megachip_tccontrol->megacore for 2093c6a02, 
I0828 01:33:36.515123    1294 tpu_chip_config.cc:367] Resolved chip config alias megachip_tccontrol->megacore for 2093c6a02, 
I0828 01:33:36.515874    1294 xla_compilation_cache.cc:113] XLA compilation cache fetch for computation 'jit_convert_element_type' (key 3991ecf5d3365c) took 197.341927ms: PERSISTENT_FETCH
I0828 01:33:36.658065    3084 server_lib.cc:1855] Attempting to load component jit__canon_fused_decode_logprob_chunk.934836157317376824 @ 0 at worker after 1.009225ms (proto size 2532)
I0828 01:33:37.713777    1294 tpu_chip_config.cc:367] Resolved chip config alias megachip_tccontrol->megacore for 2093c6a02, 
I0828 01:33:37.715629    1294 tpu_chip_config.cc:367] Resolved chip config alias megachip_tccontrol->megacore for 2093c6a02, 
I0828 01:33:37.717229    1294 xla_compilation_cache.cc:113] XLA compilation cache fetch for computation 'jit__canon_fused_decode_logprob_chunk' (key e7d73fd91415f93a) took 1.059170802s: PERSISTENT_FETCH
I0828 01:33:48.919888    2968 server_lib.cc:1855] Attempting to load component jit_split.196317131024096546 @ 0 at worker after 1.038177ms (proto size 2486)
I0828 01:33:49.388739    1294 tpu_chip_config.cc:367] Resolved chip config alias megachip_tccontrol->megacore for 2093c6a02, 
I0828 01:33:49.390683    1294 tpu_chip_config.cc:367] Resolved chip config alias megachip_tccontrol->megacore for 2093c6a02, 
I0828 01:33:49.392511    1294 xla_compilation_cache.cc:113] XLA compilation cache fetch for computation 'jit_split' (key 371900f49c821d60) took 472.633693ms: PERSISTENT_FETCH
I0828 01:33:49.448777    3039 server_lib.cc:1855] Attempting to load component jit_convert_element_type.5622832922158731410 @ 0 at worker after 909.609us (proto size 2442)
I0828 01:33:49.684430    1294 tpu_chip_config.cc:367] Resolved chip config alias megachip_tccontrol->megacore for 2093c6a02, 
I0828 01:33:49.686058    1294 tpu_chip_config.cc:367] Resolved chip config alias megachip_tccontrol->megacore for 2093c6a02, 
I0828 01:33:49.686856    1294 xla_compilation_cache.cc:113] XLA compilation cache fetch for computation 'jit_convert_element_type' (key 3656918424642386) took 238.088904ms: PERSISTENT_FETCH
I0828 01:33:49.817322    3037 server_lib.cc:1855] Attempting to load component jit__canon_fused_decode_logprob_chunk.5622832922158732349 @ 0 at worker after 954.115us (proto size 2533)
I0828 01:33:50.396243    1294 tpu_chip_config.cc:367] Resolved chip config alias megachip_tccontrol->megacore for 2093c6a02, 
I0828 01:33:50.397762    1294 tpu_chip_config.cc:367] Resolved chip config alias megachip_tccontrol->megacore for 2093c6a02, 
I0828 01:33:50.398967    1294 xla_compilation_cache.cc:113] XLA compilation cache fetch for computation 'jit__canon_fused_decode_logprob_chunk' (key 911931fecfb956a4) took 581.65253ms: PERSISTENT_FETCH
I0828 01:35:46.773473    3038 server_lib.cc:1855] Attempting to load component jit_split.927922527692930632 @ 0 at worker after 1.081719ms (proto size 2484)
I0828 01:35:47.199095    3038 server_lib.cc:1855] Attempting to load component jit__compute_active_mask.1182302940440488498 @ 0 at worker after 990.67us (proto size 2430)
I0828 01:35:47.218221    1294 tpu_chip_config.cc:367] Resolved chip config alias megachip_tccontrol->megacore for 2093c6a02, 
I0828 01:35:47.220323    1294 tpu_chip_config.cc:367] Resolved chip config alias megachip_tccontrol->megacore for 2093c6a02, 
I0828 01:35:47.221974    1294 xla_compilation_cache.cc:113] XLA compilation cache fetch for computation 'jit_split' (key 7405e16df67d782c) took 448.511076ms: PERSISTENT_FETCH
I0828 01:35:47.416252    1295 tpu_chip_config.cc:367] Resolved chip config alias megachip_tccontrol->megacore for 2093c6a02, 
I0828 01:35:47.417747    1295 tpu_chip_config.cc:367] Resolved chip config alias megachip_tccontrol->megacore for 2093c6a02, 
I0828 01:35:47.418540    1295 xla_compilation_cache.cc:113] XLA compilation cache fetch for computation 'jit__compute_active_mask' (key 91010c1c33592fec) took 219.451021ms: PERSISTENT_FETCH
I0828 01:35:55.227244    3038 server_lib.cc:1855] Attempting to load component jit__decode_core.927922527692929321 @ 0 at worker after 2.147576ms (proto size 15280)
I0828 01:36:06.351052    1295 tpu_chip_config.cc:367] Resolved chip config alias megachip_tccontrol->megacore for 2093c6a02, 
I0828 01:36:06.361653    1295 tpu_chip_config.cc:367] Resolved chip config alias megachip_tccontrol->megacore for 2093c6a02, 
I0828 01:36:06.391625    1295 xla_compilation_cache.cc:113] XLA compilation cache fetch for computation 'jit__decode_core' (key 97405581e25a2132) took 11.164395487s: PERSISTENT_FETCH
I0828 01:36:31.820855    3037 server_lib.cc:1855] Attempting to load component jit_split.12947613028601667817 @ 0 at worker after 995.309us (proto size 2486)
I0828 01:36:32.286242    3037 server_lib.cc:1855] Attempting to load component jit__compute_active_mask.11097614078210885664 @ 0 at worker after 923.276us (proto size 2431)
I0828 01:36:32.298812    1295 tpu_chip_config.cc:367] Resolved chip config alias megachip_tccontrol->megacore for 2093c6a02, 
I0828 01:36:32.300620    1295 tpu_chip_config.cc:367] Resolved chip config alias megachip_tccontrol->megacore for 2093c6a02, 
I0828 01:36:32.302241    1295 xla_compilation_cache.cc:113] XLA compilation cache fetch for computation 'jit_split' (key b6b4c93268755159) took 481.396724ms: PERSISTENT_FETCH
I0828 01:36:32.527152    1294 tpu_chip_config.cc:367] Resolved chip config alias megachip_tccontrol->megacore for 2093c6a02, 
I0828 01:36:32.528703    1294 tpu_chip_config.cc:367] Resolved chip config alias megachip_tccontrol->megacore for 2093c6a02, 
I0828 01:36:32.529489    1294 xla_compilation_cache.cc:113] XLA compilation cache fetch for computation 'jit__compute_active_mask' (key 37da09711dfca59f) took 243.255202ms: PERSISTENT_FETCH
I0828 01:36:40.288511    2968 server_lib.cc:1855] Attempting to load component jit__decode_core.12947613028601668357 @ 0 at worker after 2.278795ms (proto size 15282)
I0828 01:36:49.823406    1294 tpu_chip_config.cc:367] Resolved chip config alias megachip_tccontrol->megacore for 2093c6a02, 
I0828 01:36:49.833041    1294 tpu_chip_config.cc:367] Resolved chip config alias megachip_tccontrol->megacore for 2093c6a02, 
I0828 01:36:49.862331    1294 xla_compilation_cache.cc:113] XLA compilation cache fetch for computation 'jit__decode_core' (key 58d4c4e77a63064d) took 9.573833873s: PERSISTENT_FETCH
I0828 01:37:02.811837    2991 server_lib.cc:1855] Attempting to load component jit_split.6111309008459215542 @ 0 at worker after 853.118us (proto size 2485)
I0828 01:37:03.260726    2991 server_lib.cc:1855] Attempting to load component jit__compute_active_mask.927922527692931018 @ 0 at worker after 811.251us (proto size 2429)
I0828 01:37:03.276184    1294 tpu_chip_config.cc:367] Resolved chip config alias megachip_tccontrol->megacore for 2093c6a02, 
I0828 01:37:03.277995    1294 tpu_chip_config.cc:367] Resolved chip config alias megachip_tccontrol->megacore for 2093c6a02, 
I0828 01:37:03.279588    1294 xla_compilation_cache.cc:113] XLA compilation cache fetch for computation 'jit_split' (key 696bf98d837307a6) took 467.761829ms: PERSISTENT_FETCH
I0828 01:37:03.464755    1295 tpu_chip_config.cc:367] Resolved chip config alias megachip_tccontrol->megacore for 2093c6a02, 
I0828 01:37:03.466287    1295 tpu_chip_config.cc:367] Resolved chip config alias megachip_tccontrol->megacore for 2093c6a02, 
I0828 01:37:03.467062    1295 xla_compilation_cache.cc:113] XLA compilation cache fetch for computation 'jit__compute_active_mask' (key eb42a768eec1b38a) took 206.341932ms: PERSISTENT_FETCH
I0828 01:37:11.485043    3081 server_lib.cc:1855] Attempting to load component jit__decode_core.6111309008459218490 @ 0 at worker after 2.235161ms (proto size 15281)
I0828 01:37:20.214048    1295 tpu_chip_config.cc:367] Resolved chip config alias megachip_tccontrol->megacore for 2093c6a02, 
I0828 01:37:20.222282    1295 tpu_chip_config.cc:367] Resolved chip config alias megachip_tccontrol->megacore for 2093c6a02, 
I0828 01:37:20.249167    1295 xla_compilation_cache.cc:113] XLA compilation cache fetch for computation 'jit__decode_core' (key b448215752a97420) took 8.764137852s: PERSISTENT_FETCH
I0828 01:37:27.638838    2890 server_lib.cc:1855] Attempting to load component jit_split.12199592962835255805 @ 0 at worker after 852.686us (proto size 2486)
I0828 01:37:28.080848    2890 server_lib.cc:1855] Attempting to load component jit__compute_active_mask.6111309008459215068 @ 0 at worker after 884.141us (proto size 2430)
I0828 01:37:28.096133    1295 tpu_chip_config.cc:367] Resolved chip config alias megachip_tccontrol->megacore for 2093c6a02, 
I0828 01:37:28.097921    1295 tpu_chip_config.cc:367] Resolved chip config alias megachip_tccontrol->megacore for 2093c6a02, 
I0828 01:37:28.099417    1295 xla_compilation_cache.cc:113] XLA compilation cache fetch for computation 'jit_split' (key 81e06c65b6abc817) took 460.589073ms: PERSISTENT_FETCH
I0828 01:37:28.294640    1294 tpu_chip_config.cc:367] Resolved chip config alias megachip_tccontrol->megacore for 2093c6a02, 
I0828 01:37:28.296192    1294 tpu_chip_config.cc:367] Resolved chip config alias megachip_tccontrol->megacore for 2093c6a02, 
I0828 01:37:28.296955    1294 xla_compilation_cache.cc:113] XLA compilation cache fetch for computation 'jit__compute_active_mask' (key bcf448b2a6623cb1) took 216.11486ms: PERSISTENT_FETCH
I0828 01:37:36.280241    2962 server_lib.cc:1855] Attempting to load component jit__decode_core.12199592962835257857 @ 0 at worker after 2.344324ms (proto size 15282)
I0828 01:37:47.433856    1294 tpu_chip_config.cc:367] Resolved chip config alias megachip_tccontrol->megacore for 2093c6a02, 
I0828 01:37:47.442085    1294 tpu_chip_config.cc:367] Resolved chip config alias megachip_tccontrol->megacore for 2093c6a02, 
I0828 01:37:47.470043    1294 xla_compilation_cache.cc:113] XLA compilation cache fetch for computation 'jit__decode_core' (key da98939882311550) took 11.189815391s: PERSISTENT_FETCH
I0828 01:38:33.844507    3084 server_lib.cc:1855] Attempting to load component jit_compute_per_token_logps.4583327957303544681 @ 0 at worker after 1.979136ms (proto size 12351)
I0828 01:41:15.357705    1294 tpu_chip_config.cc:367] Resolved chip config alias megachip_tccontrol->megacore for 2093c6a02, 
I0828 01:41:15.379184    1294 tpu_chip_config.cc:367] Resolved chip config alias megachip_tccontrol->megacore for 2093c6a02, 
I0828 01:41:15.985079    1294 xla_compilation_cache.cc:113] XLA compilation cache fetch for computation 'jit_compute_per_token_logps' (key 9e2c567d14eedb8f) took 2m42.140587219s: PERSISTENT_FETCH
I0828 01:41:17.071216    3003 server_lib.cc:1855] Attempting to load component jit_subtract.4583327957303545442 @ 0 at worker after 1.21827ms (proto size 2441)
I0828 01:41:17.297082    1294 tpu_chip_config.cc:367] Resolved chip config alias megachip_tccontrol->megacore for 2093c6a02, 
I0828 01:41:17.298816    1294 tpu_chip_config.cc:367] Resolved chip config alias megachip_tccontrol->megacore for 2093c6a02, 
I0828 01:41:17.299685    1294 xla_compilation_cache.cc:113] XLA compilation cache fetch for computation 'jit_subtract' (key be3e11a37f61eaab) took 228.482928ms: PERSISTENT_FETCH
I0828 01:41:17.564702    3039 server_lib.cc:1855] Attempting to load component jit_abs.4583327957303543097 @ 0 at worker after 1.048651ms (proto size 2406)
I0828 01:41:17.771415    3039 server_lib.cc:1855] Attempting to load component jit_multiply.5734983100396399342 @ 0 at worker after 886.281us (proto size 2441)
I0828 01:41:17.788193    1294 tpu_chip_config.cc:367] Resolved chip config alias megachip_tccontrol->megacore for 2093c6a02, 
I0828 01:41:17.790040    1294 tpu_chip_config.cc:367] Resolved chip config alias megachip_tccontrol->megacore for 2093c6a02, 
I0828 01:41:17.791095    1294 xla_compilation_cache.cc:113] XLA compilation cache fetch for computation 'jit_abs' (key 57620e4639e22620) took 226.4042ms: PERSISTENT_FETCH
I0828 01:41:17.998375    3003 server_lib.cc:1855] Attempting to load component jit__reduce_sum.4583327957303544848 @ 0 at worker after 977.52us (proto size 2408)
I0828 01:41:18.004315    1295 tpu_chip_config.cc:367] Resolved chip config alias megachip_tccontrol->megacore for 2093c6a02, 
I0828 01:41:18.006751    1295 tpu_chip_config.cc:367] Resolved chip config alias megachip_tccontrol->megacore for 2093c6a02, 
I0828 01:41:18.008031    1295 xla_compilation_cache.cc:113] XLA compilation cache fetch for computation 'jit_multiply' (key 6cf33a59b1616e53) took 236.624263ms: PERSISTENT_FETCH
I0828 01:41:18.224480    3084 server_lib.cc:1855] Attempting to load component jit_true_divide.5734983100396399753 @ 0 at worker after 967.891us (proto size 2405)
I0828 01:41:18.238228    1294 tpu_chip_config.cc:367] Resolved chip config alias megachip_tccontrol->megacore for 2093c6a02, 
I0828 01:41:18.239869    1294 tpu_chip_config.cc:367] Resolved chip config alias megachip_tccontrol->megacore for 2093c6a02, 
I0828 01:41:18.240729    1294 xla_compilation_cache.cc:113] XLA compilation cache fetch for computation 'jit__reduce_sum' (key 4f52f3eb72f64148) took 242.365319ms: PERSISTENT_FETCH
I0828 01:41:18.437217    1295 tpu_chip_config.cc:367] Resolved chip config alias megachip_tccontrol->megacore for 2093c6a02, 
I0828 01:41:18.439409    1295 tpu_chip_config.cc:367] Resolved chip config alias megachip_tccontrol->megacore for 2093c6a02, 
I0828 01:41:18.440550    1295 xla_compilation_cache.cc:113] XLA compilation cache fetch for computation 'jit_true_divide' (key d4cd2ce4f2e64f0e) took 216.080718ms: PERSISTENT_FETCH
I0828 01:42:33.767995    3039 server_lib.cc:1855] Attempting to load component jit__where.4583327957303542503 @ 0 at worker after 1.516065ms (proto size 2447)
I0828 01:42:34.006277    1295 tpu_chip_config.cc:367] Resolved chip config alias megachip_tccontrol->megacore for 2093c6a02, 
I0828 01:42:34.008000    1295 tpu_chip_config.cc:367] Resolved chip config alias megachip_tccontrol->megacore for 2093c6a02, 
I0828 01:42:34.008902    1295 xla_compilation_cache.cc:113] XLA compilation cache fetch for computation 'jit__where' (key b9a9391dafcc9ae) took 240.919968ms: PERSISTENT_FETCH
I0828 01:42:34.022456    3078 server_lib.cc:1855] Attempting to load component jit__reduce_max.4583327957303542107 @ 0 at worker after 1.016805ms (proto size 2408)
I0828 01:42:34.295089    1295 tpu_chip_config.cc:367] Resolved chip config alias megachip_tccontrol->megacore for 2093c6a02, 
I0828 01:42:34.296579    1295 tpu_chip_config.cc:367] Resolved chip config alias megachip_tccontrol->megacore for 2093c6a02, 
I0828 01:42:34.297390    1295 xla_compilation_cache.cc:113] XLA compilation cache fetch for computation 'jit__reduce_max' (key 36175c2c749d189a) took 274.941681ms: PERSISTENT_FETCH
I0828 01:42:34.535595    3078 server_lib.cc:1855] Attempting to load component jit_exp.4583327957303543858 @ 0 at worker after 1.189173ms (proto size 2406)
I0828 01:42:34.756345    1295 tpu_chip_config.cc:367] Resolved chip config alias megachip_tccontrol->megacore for 2093c6a02, 
I0828 01:42:34.757805    1295 tpu_chip_config.cc:367] Resolved chip config alias megachip_tccontrol->megacore for 2093c6a02, 
I0828 01:42:34.758549    1295 xla_compilation_cache.cc:113] XLA compilation cache fetch for computation 'jit_exp' (key f9ef56697270bd0b) took 222.962296ms: PERSISTENT_FETCH
I0828 01:42:35.009444    3084 server_lib.cc:1855] Attempting to load component jit_reshape.4583327957303545609 @ 0 at worker after 976.31us (proto size 2411)
I0828 01:42:35.227826    1295 tpu_chip_config.cc:367] Resolved chip config alias megachip_tccontrol->megacore for 2093c6a02, 
I0828 01:42:35.229275    1295 tpu_chip_config.cc:367] Resolved chip config alias megachip_tccontrol->megacore for 2093c6a02, 
I0828 01:42:35.230028    1295 xla_compilation_cache.cc:113] XLA compilation cache fetch for computation 'jit_reshape' (key e5e873d3f848ec12) took 220.590598ms: PERSISTENT_FETCH
I0828 01:42:35.810589    3084 server_lib.cc:1855] Attempting to load component jit_multiply.4583327957303545015 @ 0 at worker after 966us (proto size 2432)
I0828 01:42:36.033861    1295 tpu_chip_config.cc:367] Resolved chip config alias megachip_tccontrol->megacore for 2093c6a02, 
I0828 01:42:36.035291    1295 tpu_chip_config.cc:367] Resolved chip config alias megachip_tccontrol->megacore for 2093c6a02, 
I0828 01:42:36.036041    1295 xla_compilation_cache.cc:113] XLA compilation cache fetch for computation 'jit_multiply' (key 693bc4d312e44bb1) took 225.459096ms: PERSISTENT_FETCH
I0828 01:42:36.290336    2984 server_lib.cc:1855] Attempting to load component jit__reduce_sum.4583327957303542670 @ 0 at worker after 839.214us (proto size 2405)
I0828 01:42:36.506245    1295 tpu_chip_config.cc:367] Resolved chip config alias megachip_tccontrol->megacore for 2093c6a02, 
I0828 01:42:36.507683    1295 tpu_chip_config.cc:367] Resolved chip config alias megachip_tccontrol->megacore for 2093c6a02, 
I0828 01:42:36.508473    1295 xla_compilation_cache.cc:113] XLA compilation cache fetch for computation 'jit__reduce_sum' (key cb494c080a8649f9) took 218.143843ms: PERSISTENT_FETCH
I0828 01:42:36.715216    3078 server_lib.cc:1855] Attempting to load component jit_subtract.4583327957303544421 @ 0 at worker after 818.691us (proto size 2420)
I0828 01:42:36.917673    3078 server_lib.cc:1855] Attempting to load component jit_multiply.5734983100396398945 @ 0 at worker after 885.203us (proto size 2432)
I0828 01:42:36.924421    1295 tpu_chip_config.cc:367] Resolved chip config alias megachip_tccontrol->megacore for 2093c6a02, 
I0828 01:42:36.925890    1295 tpu_chip_config.cc:367] Resolved chip config alias megachip_tccontrol->megacore for 2093c6a02, 
I0828 01:42:36.926657    1295 xla_compilation_cache.cc:113] XLA compilation cache fetch for computation 'jit_subtract' (key 11b0dc8584ec5ef) took 211.447844ms: PERSISTENT_FETCH
I0828 01:42:37.138544    2890 server_lib.cc:1855] Attempting to load component jit_multiply.4583327957303542076 @ 0 at worker after 826.149us (proto size 2432)
I0828 01:42:37.142502    1294 tpu_chip_config.cc:367] Resolved chip config alias megachip_tccontrol->megacore for 2093c6a02, 
I0828 01:42:37.144016    1294 tpu_chip_config.cc:367] Resolved chip config alias megachip_tccontrol->megacore for 2093c6a02, 
I0828 01:42:37.144796    1294 xla_compilation_cache.cc:113] XLA compilation cache fetch for computation 'jit_multiply' (key 6ef24ddd1aed54b6) took 227.113676ms: PERSISTENT_FETCH
I0828 01:42:37.349393    3039 server_lib.cc:1855] Attempting to load component jit_multiply.5734983100396399356 @ 0 at worker after 932.109us (proto size 2399)
I0828 01:42:37.349871    1295 tpu_chip_config.cc:367] Resolved chip config alias megachip_tccontrol->megacore for 2093c6a02, 
I0828 01:42:37.351314    1295 tpu_chip_config.cc:367] Resolved chip config alias megachip_tccontrol->megacore for 2093c6a02, 
I0828 01:42:37.352082    1295 xla_compilation_cache.cc:113] XLA compilation cache fetch for computation 'jit_multiply' (key 60022e5dbf1633c0) took 213.544905ms: PERSISTENT_FETCH
I0828 01:42:37.559176    2984 server_lib.cc:1855] Attempting to load component jit_maximum.4583327957303543827 @ 0 at worker after 1.090202ms (proto size 2397)
I0828 01:42:37.562855    1294 tpu_chip_config.cc:367] Resolved chip config alias megachip_tccontrol->megacore for 2093c6a02, 
I0828 01:42:37.564302    1294 tpu_chip_config.cc:367] Resolved chip config alias megachip_tccontrol->megacore for 2093c6a02, 
I0828 01:42:37.565030    1294 xla_compilation_cache.cc:113] XLA compilation cache fetch for computation 'jit_multiply' (key dfe0e73cf7764f57) took 215.642525ms: PERSISTENT_FETCH
I0828 01:42:37.756285    3039 server_lib.cc:1855] Attempting to load component jit_sqrt.5734983100396399904 @ 0 at worker after 970.524us (proto size 2380)
I0828 01:42:37.768050    1295 tpu_chip_config.cc:367] Resolved chip config alias megachip_tccontrol->megacore for 2093c6a02, 
I0828 01:42:37.769471    1295 tpu_chip_config.cc:367] Resolved chip config alias megachip_tccontrol->megacore for 2093c6a02, 
I0828 01:42:37.770237    1295 xla_compilation_cache.cc:113] XLA compilation cache fetch for computation 'jit_maximum' (key fcf61c2491082633) took 211.068705ms: PERSISTENT_FETCH
I0828 01:42:37.972865    3039 server_lib.cc:1855] Attempting to load component jit_true_divide.4583327957303545578 @ 0 at worker after 993.224us (proto size 2405)
I0828 01:42:37.986152    1294 tpu_chip_config.cc:367] Resolved chip config alias megachip_tccontrol->megacore for 2093c6a02, 
I0828 01:42:37.987580    1294 tpu_chip_config.cc:367] Resolved chip config alias megachip_tccontrol->megacore for 2093c6a02, 
I0828 01:42:37.988314    1294 xla_compilation_cache.cc:113] XLA compilation cache fetch for computation 'jit_sqrt' (key e47c3a36ca52ab11) took 232.035199ms: PERSISTENT_FETCH
I0828 01:42:38.194545    1295 tpu_chip_config.cc:367] Resolved chip config alias megachip_tccontrol->megacore for 2093c6a02, 
I0828 01:42:38.195984    1295 tpu_chip_config.cc:367] Resolved chip config alias megachip_tccontrol->megacore for 2093c6a02, 
I0828 01:42:38.196723    1295 xla_compilation_cache.cc:113] XLA compilation cache fetch for computation 'jit_true_divide' (key 9967bfe1ef797654) took 223.864748ms: PERSISTENT_FETCH
I0828 01:42:38.958454    3039 server_lib.cc:1855] Attempting to load component jit_run_compute_logits.1182302940440488702 @ 0 at worker after 1.022053ms (proto size 2463)
I0828 01:42:39.401804    2984 server_lib.cc:1855] Attempting to load component jit__select_from_array_fn.1182302940440488521 @ 0 at worker after 921.652us (proto size 2463)
I0828 01:42:39.412651    1295 tpu_chip_config.cc:367] Resolved chip config alias megachip_tccontrol->megacore for 2093c6a02, 
I0828 01:42:39.414167    1295 tpu_chip_config.cc:367] Resolved chip config alias megachip_tccontrol->megacore for 2093c6a02, 
I0828 01:42:39.415179    1295 xla_compilation_cache.cc:113] XLA compilation cache fetch for computation 'jit_run_compute_logits' (key c24bb77898910691) took 456.731859ms: PERSISTENT_FETCH
I0828 01:42:40.544040    3039 server_lib.cc:1855] Attempting to load component jit_convert_element_type.196317131024095177 @ 0 at worker after 942.266us (proto size 2439)
I0828 01:42:40.559823    1294 tpu_chip_config.cc:367] Resolved chip config alias megachip_tccontrol->megacore for 2093c6a02, 
I0828 01:42:40.561341    1294 tpu_chip_config.cc:367] Resolved chip config alias megachip_tccontrol->megacore for 2093c6a02, 
I0828 01:42:40.562165    1294 xla_compilation_cache.cc:113] XLA compilation cache fetch for computation 'jit__select_from_array_fn' (key a2c3cd66dc1d12db) took 1.160368514s: PERSISTENT_FETCH
I0828 01:42:40.777355    1295 tpu_chip_config.cc:367] Resolved chip config alias megachip_tccontrol->megacore for 2093c6a02, 
I0828 01:42:40.778798    1295 tpu_chip_config.cc:367] Resolved chip config alias megachip_tccontrol->megacore for 2093c6a02, 
I0828 01:42:40.779547    1295 xla_compilation_cache.cc:113] XLA compilation cache fetch for computation 'jit_convert_element_type' (key ef6b06561fce1b70) took 235.513942ms: PERSISTENT_FETCH
I0828 01:42:40.834830    2984 server_lib.cc:1855] Attempting to load component jit_sample.1182302940440488340 @ 0 at worker after 1.056094ms (proto size 2533)
I0828 01:42:42.728663    2984 server_lib.cc:1855] Attempting to load component jit_convert_element_type.196317131024095454 @ 0 at worker after 1.013202ms (proto size 2441)
I0828 01:42:42.745221    1295 tpu_chip_config.cc:367] Resolved chip config alias megachip_tccontrol->megacore for 2093c6a02, 
I0828 01:42:42.747022    1295 tpu_chip_config.cc:367] Resolved chip config alias megachip_tccontrol->megacore for 2093c6a02, 
I0828 01:42:42.749069    1295 xla_compilation_cache.cc:113] XLA compilation cache fetch for computation 'jit_sample' (key 100be14ad68a6537) took 1.914246483s: PERSISTENT_FETCH
I0828 01:42:42.945318    2890 server_lib.cc:1855] Attempting to load component jit_reshape.5734983100396398137 @ 0 at worker after 851.829us (proto size 2418)
I0828 01:42:42.946373    1294 tpu_chip_config.cc:367] Resolved chip config alias megachip_tccontrol->megacore for 2093c6a02, 
I0828 01:42:42.947812    1294 tpu_chip_config.cc:367] Resolved chip config alias megachip_tccontrol->megacore for 2093c6a02, 
I0828 01:42:42.948548    1294 xla_compilation_cache.cc:113] XLA compilation cache fetch for computation 'jit_convert_element_type' (key 6e3c890b38b4aedc) took 219.894661ms: PERSISTENT_FETCH
I0828 01:42:43.203414    2984 server_lib.cc:1855] Attempting to load component jit_reshape.4583327957303545745 @ 0 at worker after 961.55us (proto size 2419)
I0828 01:42:43.216330    1295 tpu_chip_config.cc:367] Resolved chip config alias megachip_tccontrol->megacore for 2093c6a02, 
I0828 01:42:43.217744    1295 tpu_chip_config.cc:367] Resolved chip config alias megachip_tccontrol->megacore for 2093c6a02, 
I0828 01:42:43.218481    1295 xla_compilation_cache.cc:113] XLA compilation cache fetch for computation 'jit_reshape' (key 3f543a525fdd75c) took 273.170228ms: PERSISTENT_FETCH
I0828 01:42:43.451746    2984 server_lib.cc:1855] Attempting to load component jit_reshape.927922527692927892 @ 0 at worker after 993.97us (proto size 2408)
I0828 01:42:43.461672    1294 tpu_chip_config.cc:367] Resolved chip config alias megachip_tccontrol->megacore for 2093c6a02, 
I0828 01:42:43.463079    1294 tpu_chip_config.cc:367] Resolved chip config alias megachip_tccontrol->megacore for 2093c6a02, 
I0828 01:42:43.463848    1294 xla_compilation_cache.cc:113] XLA compilation cache fetch for computation 'jit_reshape' (key 9c9ad116eb42ae3e) took 260.440381ms: PERSISTENT_FETCH
I0828 01:42:43.650487    3038 server_lib.cc:1855] Attempting to load component jit_reshape.4583327957303543400 @ 0 at worker after 960.65us (proto size 2409)
I0828 01:42:43.664027    1295 tpu_chip_config.cc:367] Resolved chip config alias megachip_tccontrol->megacore for 2093c6a02, 
I0828 01:42:43.665458    1295 tpu_chip_config.cc:367] Resolved chip config alias megachip_tccontrol->megacore for 2093c6a02, 
I0828 01:42:43.666224    1295 xla_compilation_cache.cc:113] XLA compilation cache fetch for computation 'jit_reshape' (key 8be37366b7aa4e4a) took 214.48301ms: PERSISTENT_FETCH
I0828 01:42:43.863625    3038 server_lib.cc:1855] Attempting to load component jit_reshape.927922527692929563 @ 0 at worker after 1.02512ms (proto size 2408)
I0828 01:42:43.881736    1294 tpu_chip_config.cc:367] Resolved chip config alias megachip_tccontrol->megacore for 2093c6a02, 
I0828 01:42:43.883154    1294 tpu_chip_config.cc:367] Resolved chip config alias megachip_tccontrol->megacore for 2093c6a02, 
I0828 01:42:43.883874    1294 xla_compilation_cache.cc:113] XLA compilation cache fetch for computation 'jit_reshape' (key c1f625e92d5ba2d1) took 233.398345ms: PERSISTENT_FETCH
I0828 01:42:44.064499    2984 server_lib.cc:1855] Attempting to load component jit_reshape.4583327957303545151 @ 0 at worker after 887.153us (proto size 2409)
I0828 01:42:44.074772    1295 tpu_chip_config.cc:367] Resolved chip config alias megachip_tccontrol->megacore for 2093c6a02, 
I0828 01:42:44.076208    1295 tpu_chip_config.cc:367] Resolved chip config alias megachip_tccontrol->megacore for 2093c6a02, 
I0828 01:42:44.076951    1295 xla_compilation_cache.cc:113] XLA compilation cache fetch for computation 'jit_reshape' (key d3c0a10bea7d04a4) took 213.332382ms: PERSISTENT_FETCH
I0828 01:42:44.273713    1294 tpu_chip_config.cc:367] Resolved chip config alias megachip_tccontrol->megacore for 2093c6a02, 
I0828 01:42:44.275105    1294 tpu_chip_config.cc:367] Resolved chip config alias megachip_tccontrol->megacore for 2093c6a02, 
I0828 01:42:44.275827    1294 xla_compilation_cache.cc:113] XLA compilation cache fetch for computation 'jit_reshape' (key 8d1c15d44e529b0a) took 211.334132ms: PERSISTENT_FETCH
I0828 01:42:44.352649    3078 server_lib.cc:1855] Attempting to load component jit_sample.927922527692927138 @ 0 at worker after 859.076us (proto size 2518)
I0828 01:42:45.978060    1294 tpu_chip_config.cc:367] Resolved chip config alias megachip_tccontrol->megacore for 2093c6a02, 
I0828 01:42:45.980050    1294 tpu_chip_config.cc:367] Resolved chip config alias megachip_tccontrol->megacore for 2093c6a02, 
I0828 01:42:45.982363    1294 xla_compilation_cache.cc:113] XLA compilation cache fetch for computation 'jit_sample' (key 7eca2d9638baddc8) took 1.629720245s: PERSISTENT_FETCH
I0828 01:42:46.005238    3038 server_lib.cc:1855] Attempting to load component jit_zt_ro_logprob_gather.4583327957303542806 @ 0 at worker after 1.445706ms (proto size 2507)
I0828 01:42:46.582887    3038 server_lib.cc:1855] Attempting to load component jit_reshape.927922527692928809 @ 0 at worker after 1.015864ms (proto size 2414)
I0828 01:42:46.602692    1294 tpu_chip_config.cc:367] Resolved chip config alias megachip_tccontrol->megacore for 2093c6a02, 
I0828 01:42:46.604298    1294 tpu_chip_config.cc:367] Resolved chip config alias megachip_tccontrol->megacore for 2093c6a02, 
I0828 01:42:46.605402    1294 xla_compilation_cache.cc:113] XLA compilation cache fetch for computation 'jit_zt_ro_logprob_gather' (key 9a534f94ee2a16fd) took 600.322515ms: PERSISTENT_FETCH
I0828 01:42:46.786945    3078 server_lib.cc:1855] Attempting to load component jit_reshape.4583327957303544557 @ 0 at worker after 905.35us (proto size 2415)
I0828 01:42:46.798925    1295 tpu_chip_config.cc:367] Resolved chip config alias megachip_tccontrol->megacore for 2093c6a02, 
I0828 01:42:46.800364    1295 tpu_chip_config.cc:367] Resolved chip config alias megachip_tccontrol->megacore for 2093c6a02, 
I0828 01:42:46.801072    1295 xla_compilation_cache.cc:113] XLA compilation cache fetch for computation 'jit_reshape' (key c48cc93672326442) took 218.191709ms: PERSISTENT_FETCH
I0828 01:42:46.973196    2984 server_lib.cc:1855] Attempting to load component jit_reshape.927922527692930480 @ 0 at worker after 953.99us (proto size 2414)
I0828 01:42:46.989094    1294 tpu_chip_config.cc:367] Resolved chip config alias megachip_tccontrol->megacore for 2093c6a02, 
I0828 01:42:46.990501    1294 tpu_chip_config.cc:367] Resolved chip config alias megachip_tccontrol->megacore for 2093c6a02, 
I0828 01:42:46.991241    1294 xla_compilation_cache.cc:113] XLA compilation cache fetch for computation 'jit_reshape' (key 31779064f09ea7a3) took 204.308702ms: PERSISTENT_FETCH
I0828 01:42:47.169914    2984 server_lib.cc:1855] Attempting to load component jit_reshape.4583327957303542212 @ 0 at worker after 944.738us (proto size 2414)
I0828 01:42:47.182682    1295 tpu_chip_config.cc:367] Resolved chip config alias megachip_tccontrol->megacore for 2093c6a02, 
I0828 01:42:47.184079    1295 tpu_chip_config.cc:367] Resolved chip config alias megachip_tccontrol->megacore for 2093c6a02, 
I0828 01:42:47.184803    1295 xla_compilation_cache.cc:113] XLA compilation cache fetch for computation 'jit_reshape' (key b74041f4de2c4d69) took 211.613462ms: PERSISTENT_FETCH
I0828 01:42:47.385893    1294 tpu_chip_config.cc:367] Resolved chip config alias megachip_tccontrol->megacore for 2093c6a02, 
I0828 01:42:47.387298    1294 tpu_chip_config.cc:367] Resolved chip config alias megachip_tccontrol->megacore for 2093c6a02, 
I0828 01:42:47.388000    1294 xla_compilation_cache.cc:113] XLA compilation cache fetch for computation 'jit_reshape' (key f4c2dbb4df7860f) took 218.09169ms: PERSISTENT_FETCH
I0828 01:42:48.138901    2924 server_lib.cc:1855] Attempting to load component jit__select_from_array_fn.1182302940440487511 @ 0 at worker after 987.619us (proto size 2463)
I0828 01:42:48.667936    2924 server_lib.cc:1855] Attempting to load component jit_convert_element_type.11097614078210886351 @ 0 at worker after 861.351us (proto size 2441)
I0828 01:42:48.677912    1294 tpu_chip_config.cc:367] Resolved chip config alias megachip_tccontrol->megacore for 2093c6a02, 
I0828 01:42:48.679552    1294 tpu_chip_config.cc:367] Resolved chip config alias megachip_tccontrol->megacore for 2093c6a02, 
I0828 01:42:48.680706    1294 xla_compilation_cache.cc:113] XLA compilation cache fetch for computation 'jit__select_from_array_fn' (key 3987beae83897996) took 541.813213ms: PERSISTENT_FETCH
I0828 01:42:48.914141    1295 tpu_chip_config.cc:367] Resolved chip config alias megachip_tccontrol->megacore for 2093c6a02, 
I0828 01:42:48.915638    1295 tpu_chip_config.cc:367] Resolved chip config alias megachip_tccontrol->megacore for 2093c6a02, 
I0828 01:42:48.916357    1295 xla_compilation_cache.cc:113] XLA compilation cache fetch for computation 'jit_convert_element_type' (key b338d3f821f30e49) took 248.429423ms: PERSISTENT_FETCH
I0828 01:42:48.973860    2924 server_lib.cc:1855] Attempting to load component jit_sample.1182302940440487330 @ 0 at worker after 1.150419ms (proto size 2533)
I0828 01:42:50.670103    1295 tpu_chip_config.cc:367] Resolved chip config alias megachip_tccontrol->megacore for 2093c6a02, 
I0828 01:42:50.671938    1295 tpu_chip_config.cc:367] Resolved chip config alias megachip_tccontrol->megacore for 2093c6a02, 
I0828 01:42:50.674089    1295 xla_compilation_cache.cc:113] XLA compilation cache fetch for computation 'jit_sample' (key 382ef079e9d5b946) took 1.700236801s: PERSISTENT_FETCH
W0828 01:43:55.868583    1431 tpu_pjrt_client.cc:2349] PjRt execution dispatch was blocked for 19.112462ms because PjRt's max in-flight computation semaphore is full (limit: 32), which may negatively affect the performance
I0828 01:44:31.645227    3084 server_lib.cc:1855] Attempting to load component jit__identity_fn.14998664224933153484 @ 0 at worker after 1.120377ms (proto size 2445)
I0828 01:44:31.956187    1295 tpu_chip_config.cc:367] Resolved chip config alias megachip_tccontrol->megacore for 2093c6a02, 
I0828 01:44:31.957931    1295 tpu_chip_config.cc:367] Resolved chip config alias megachip_tccontrol->megacore for 2093c6a02, 
I0828 01:44:31.958745    1295 xla_compilation_cache.cc:113] XLA compilation cache fetch for computation 'jit__identity_fn' (key 6f636a871a6fa44d) took 313.532312ms: PERSISTENT_FETCH
I0828 01:44:39.199047    1805 server_lib.cc:1855] Attempting to load component jit__identity_fn.14998664224933154582 @ 0 at worker after 1.263665ms (proto size 2417)
I0828 01:44:39.413417    1295 tpu_chip_config.cc:367] Resolved chip config alias megachip_tccontrol->megacore for 2093c6a02, 
I0828 01:44:39.415176    1295 tpu_chip_config.cc:367] Resolved chip config alias megachip_tccontrol->megacore for 2093c6a02, 
I0828 01:44:39.416017    1295 xla_compilation_cache.cc:113] XLA compilation cache fetch for computation 'jit__identity_fn' (key 6d5b6a0ed7cbf066) took 216.982052ms: PERSISTENT_FETCH
I0828 01:44:39.662886    2898 server_lib.cc:1855] Attempting to load component jit__identity_fn.14998664224933152161 @ 0 at worker after 864.186us (proto size 2417)
I0828 01:44:39.868536    1295 tpu_chip_config.cc:367] Resolved chip config alias megachip_tccontrol->megacore for 2093c6a02, 
I0828 01:44:39.870117    1295 tpu_chip_config.cc:367] Resolved chip config alias megachip_tccontrol->megacore for 2093c6a02, 
I0828 01:44:39.870893    1295 xla_compilation_cache.cc:113] XLA compilation cache fetch for computation 'jit__identity_fn' (key b4a5135a71b2c830) took 208.019023ms: PERSISTENT_FETCH
I0828 01:44:40.113578    2898 server_lib.cc:1855] Attempting to load component jit__identity_fn.14998664224933153836 @ 0 at worker after 912.98us (proto size 2417)
I0828 01:44:40.342086    1295 tpu_chip_config.cc:367] Resolved chip config alias megachip_tccontrol->megacore for 2093c6a02, 
I0828 01:44:40.343584    1295 tpu_chip_config.cc:367] Resolved chip config alias megachip_tccontrol->megacore for 2093c6a02, 
I0828 01:44:40.344360    1295 xla_compilation_cache.cc:113] XLA compilation cache fetch for computation 'jit__identity_fn' (key 2bfd7fc3a9afa996) took 230.789428ms: PERSISTENT_FETCH
I0828 01:44:40.572242    3084 server_lib.cc:1855] Attempting to load component jit__identity_fn.14998664224933151415 @ 0 at worker after 878.05us (proto size 2417)
I0828 01:44:40.773428    1295 tpu_chip_config.cc:367] Resolved chip config alias megachip_tccontrol->megacore for 2093c6a02, 
I0828 01:44:40.774893    1295 tpu_chip_config.cc:367] Resolved chip config alias megachip_tccontrol->megacore for 2093c6a02, 
I0828 01:44:40.775623    1295 xla_compilation_cache.cc:113] XLA compilation cache fetch for computation 'jit__identity_fn' (key 7855638037c7f39d) took 203.3873ms: PERSISTENT_FETCH
I0828 01:44:41.015663    1805 server_lib.cc:1855] Attempting to load component jit__identity_fn.14998664224933153090 @ 0 at worker after 869.131us (proto size 2415)
I0828 01:44:41.217553    1295 tpu_chip_config.cc:367] Resolved chip config alias megachip_tccontrol->megacore for 2093c6a02, 
I0828 01:44:41.219037    1295 tpu_chip_config.cc:367] Resolved chip config alias megachip_tccontrol->megacore for 2093c6a02, 
I0828 01:44:41.219766    1295 xla_compilation_cache.cc:113] XLA compilation cache fetch for computation 'jit__identity_fn' (key 9c7c9228e9e45e2b) took 204.108714ms: PERSISTENT_FETCH
I0828 01:44:42.576640    3038 server_lib.cc:1855] Attempting to load component jit_zt_tr_fwd_embed.14998664224933154765 @ 0 at worker after 1.348368ms (proto size 2453)
I0828 01:44:43.985504    1295 tpu_chip_config.cc:367] Resolved chip config alias megachip_tccontrol->megacore for 2093c6a02, 
I0828 01:44:43.987944    1295 tpu_chip_config.cc:367] Resolved chip config alias megachip_tccontrol->megacore for 2093c6a02, 
I0828 01:44:43.991054    1295 xla_compilation_cache.cc:113] XLA compilation cache fetch for computation 'jit_zt_tr_fwd_embed' (key 62df0e6647519d4a) took 1.414421907s: PERSISTENT_FETCH
I0828 01:44:44.614715    3038 server_lib.cc:1855] Attempting to load component jit_zt_tr_fwd_layer.5734983100396399430 @ 0 at worker after 1.467199ms (proto size 2876)
I0828 01:44:45.498605    1295 tpu_chip_config.cc:367] Resolved chip config alias megachip_tccontrol->megacore for 2093c6a02, 
I0828 01:44:45.500370    1295 tpu_chip_config.cc:367] Resolved chip config alias megachip_tccontrol->megacore for 2093c6a02, 
I0828 01:44:45.501883    1295 xla_compilation_cache.cc:113] XLA compilation cache fetch for computation 'jit_zt_tr_fwd_layer' (key c9be4c8c2ba991f7) took 887.178412ms: PERSISTENT_FETCH
I0828 01:45:09.313989    3038 server_lib.cc:1855] Attempting to load component jit_zt_tr_fwd_norm.5734983100396400403 @ 0 at worker after 1.090165ms (proto size 2449)
I0828 01:45:09.604764    1295 tpu_chip_config.cc:367] Resolved chip config alias megachip_tccontrol->megacore for 2093c6a02, 
I0828 01:45:09.606485    1295 tpu_chip_config.cc:367] Resolved chip config alias megachip_tccontrol->megacore for 2093c6a02, 
I0828 01:45:09.607354    1295 xla_compilation_cache.cc:113] XLA compilation cache fetch for computation 'jit_zt_tr_fwd_norm' (key e7038f48be528f61) took 293.381762ms: PERSISTENT_FETCH
I0828 01:45:09.618498    2898 server_lib.cc:1855] Attempting to load component jit_zt_tr_fwd_head.14998664224933151964 @ 0 at worker after 1.07351ms (proto size 2456)
I0828 01:45:09.961107    2898 server_lib.cc:1855] Attempting to load component jit_convert_element_type.5734983100396396718 @ 0 at worker after 987.053us (proto size 2442)
I0828 01:45:09.971939    1295 tpu_chip_config.cc:367] Resolved chip config alias megachip_tccontrol->megacore for 2093c6a02, 
I0828 01:45:09.973404    1295 tpu_chip_config.cc:367] Resolved chip config alias megachip_tccontrol->megacore for 2093c6a02, 
I0828 01:45:09.974392    1295 xla_compilation_cache.cc:113] XLA compilation cache fetch for computation 'jit_zt_tr_fwd_head' (key 1aaaf33cf76a5869) took 355.903535ms: PERSISTENT_FETCH
I0828 01:45:10.197992    1294 tpu_chip_config.cc:367] Resolved chip config alias megachip_tccontrol->megacore for 2093c6a02, 
I0828 01:45:10.199488    1294 tpu_chip_config.cc:367] Resolved chip config alias megachip_tccontrol->megacore for 2093c6a02, 
I0828 01:45:10.200237    1294 xla_compilation_cache.cc:113] XLA compilation cache fetch for computation 'jit_convert_element_type' (key af38911986a18cec) took 239.137211ms: PERSISTENT_FETCH
I0828 01:45:10.277491    3038 server_lib.cc:1855] Attempting to load component jit_zt_tr_fwd_logprob.14998664224933153639 @ 0 at worker after 1.167328ms (proto size 2486)
I0828 01:45:10.976407    2968 server_lib.cc:1855] Attempting to load component jit_reshape.5734983100396397129 @ 0 at worker after 954.32us (proto size 2409)
I0828 01:45:10.985107    1294 tpu_chip_config.cc:367] Resolved chip config alias megachip_tccontrol->megacore for 2093c6a02, 
I0828 01:45:10.986701    1294 tpu_chip_config.cc:367] Resolved chip config alias megachip_tccontrol->megacore for 2093c6a02, 
I0828 01:45:10.987924    1294 xla_compilation_cache.cc:113] XLA compilation cache fetch for computation 'jit_zt_tr_fwd_logprob' (key 8a9dc8c803939224) took 710.441123ms: PERSISTENT_FETCH
I0828 01:45:11.194373    1295 tpu_chip_config.cc:367] Resolved chip config alias megachip_tccontrol->megacore for 2093c6a02, 
I0828 01:45:11.195829    1295 tpu_chip_config.cc:367] Resolved chip config alias megachip_tccontrol->megacore for 2093c6a02, 
I0828 01:45:11.196565    1295 xla_compilation_cache.cc:113] XLA compilation cache fetch for computation 'jit_reshape' (key 38ed3caedf61d993) took 220.166285ms: PERSISTENT_FETCH
W0828 01:45:11.287083    1433 tpu_pjrt_client.cc:2349] PjRt execution dispatch was blocked for 7.376035ms because PjRt's max in-flight computation semaphore is full (limit: 32), which may negatively affect the performance
I0828 01:45:11.686193    2898 server_lib.cc:1855] Attempting to load component jit_concatenate.5734983100396396760 @ 0 at worker after 925.543us (proto size 2565)
I0828 01:45:11.920413    3038 server_lib.cc:1855] Attempting to load component jit_take_along_axis.14998664224933153442 @ 0 at worker after 1.013534ms (proto size 2453)
I0828 01:45:11.922674    1295 tpu_chip_config.cc:367] Resolved chip config alias megachip_tccontrol->megacore for 2093c6a02, 
I0828 01:45:11.924207    1295 tpu_chip_config.cc:367] Resolved chip config alias megachip_tccontrol->megacore for 2093c6a02, 
I0828 01:45:11.925161    1295 xla_compilation_cache.cc:113] XLA compilation cache fetch for computation 'jit_concatenate' (key 568c6735546136e3) took 238.976246ms: PERSISTENT_FETCH
I0828 01:45:12.211816    1294 tpu_chip_config.cc:367] Resolved chip config alias megachip_tccontrol->megacore for 2093c6a02, 
I0828 01:45:12.213290    1294 tpu_chip_config.cc:367] Resolved chip config alias megachip_tccontrol->megacore for 2093c6a02, 
I0828 01:45:12.214261    1294 xla_compilation_cache.cc:113] XLA compilation cache fetch for computation 'jit_take_along_axis' (key 82330c40d023bf6d) took 293.855454ms: PERSISTENT_FETCH
I0828 01:45:12.678617    3078 server_lib.cc:1855] Attempting to load component jit__where.5734983100396397582 @ 0 at worker after 1.052637ms (proto size 2459)
I0828 01:45:12.891915    1294 tpu_chip_config.cc:367] Resolved chip config alias megachip_tccontrol->megacore for 2093c6a02, 
I0828 01:45:12.893426    1294 tpu_chip_config.cc:367] Resolved chip config alias megachip_tccontrol->megacore for 2093c6a02, 
I0828 01:45:12.894207    1294 xla_compilation_cache.cc:113] XLA compilation cache fetch for computation 'jit__where' (key 1ce423fa11e4cc5b) took 215.597231ms: PERSISTENT_FETCH
I0828 01:45:28.265640    1805 server_lib.cc:1855] Attempting to load component jit_concatenate.5734983100396397585 @ 0 at worker after 976.595us (proto size 2613)
I0828 01:45:28.502897    1294 tpu_chip_config.cc:367] Resolved chip config alias megachip_tccontrol->megacore for 2093c6a02, 
I0828 01:45:28.502947    3084 server_lib.cc:1855] Attempting to load component jit_take_along_axis.14998664224933152317 @ 0 at worker after 1.01698ms (proto size 2453)
I0828 01:45:28.504525    1294 tpu_chip_config.cc:367] Resolved chip config alias megachip_tccontrol->megacore for 2093c6a02, 
I0828 01:45:28.505605    1294 xla_compilation_cache.cc:113] XLA compilation cache fetch for computation 'jit_concatenate' (key 5d90f996a5dc2c37) took 239.975561ms: PERSISTENT_FETCH
I0828 01:45:28.797545    1295 tpu_chip_config.cc:367] Resolved chip config alias megachip_tccontrol->megacore for 2093c6a02, 
I0828 01:45:28.799151    1295 tpu_chip_config.cc:367] Resolved chip config alias megachip_tccontrol->megacore for 2093c6a02, 
I0828 01:45:28.800150    1295 xla_compilation_cache.cc:113] XLA compilation cache fetch for computation 'jit_take_along_axis' (key bfa23da881521e79) took 297.211919ms: PERSISTENT_FETCH
I0828 01:45:35.100888    2962 server_lib.cc:1855] Attempting to load component jit_concatenate.14998664224933154513 @ 0 at worker after 960.525us (proto size 2542)
I0828 01:45:35.340413    1805 server_lib.cc:1855] Attempting to load component jit_take_along_axis.5734983100396397012 @ 0 at worker after 1.117681ms (proto size 2452)
I0828 01:45:35.356217    1295 tpu_chip_config.cc:367] Resolved chip config alias megachip_tccontrol->megacore for 2093c6a02, 
I0828 01:45:35.357922    1295 tpu_chip_config.cc:367] Resolved chip config alias megachip_tccontrol->megacore for 2093c6a02, 
I0828 01:45:35.358923    1295 xla_compilation_cache.cc:113] XLA compilation cache fetch for computation 'jit_concatenate' (key 5c6ec3408ed5983a) took 258.045729ms: PERSISTENT_FETCH
I0828 01:45:35.622609    1294 tpu_chip_config.cc:367] Resolved chip config alias megachip_tccontrol->megacore for 2093c6a02, 
I0828 01:45:35.624165    1294 tpu_chip_config.cc:367] Resolved chip config alias megachip_tccontrol->megacore for 2093c6a02, 
I0828 01:45:35.625163    1294 xla_compilation_cache.cc:113] XLA compilation cache fetch for computation 'jit_take_along_axis' (key 2eeefa3982b961ae) took 284.756795ms: PERSISTENT_FETCH
I0828 01:45:40.522278    3005 server_lib.cc:1855] Attempting to load component jit_concatenate.14998664224933152430 @ 0 at worker after 943.056us (proto size 2590)
I0828 01:45:40.752739    3038 server_lib.cc:1855] Attempting to load component jit_take_along_axis.1570370967876935261 @ 0 at worker after 972.779us (proto size 2452)
I0828 01:45:40.756112    1294 tpu_chip_config.cc:367] Resolved chip config alias megachip_tccontrol->megacore for 2093c6a02, 
I0828 01:45:40.757818    1294 tpu_chip_config.cc:367] Resolved chip config alias megachip_tccontrol->megacore for 2093c6a02, 
I0828 01:45:40.758941    1294 xla_compilation_cache.cc:113] XLA compilation cache fetch for computation 'jit_concatenate' (key de8422427e9e60c8) took 236.673951ms: PERSISTENT_FETCH
I0828 01:45:41.044332    1295 tpu_chip_config.cc:367] Resolved chip config alias megachip_tccontrol->megacore for 2093c6a02, 
I0828 01:45:41.045973    1295 tpu_chip_config.cc:367] Resolved chip config alias megachip_tccontrol->megacore for 2093c6a02, 
I0828 01:45:41.046985    1295 xla_compilation_cache.cc:113] XLA compilation cache fetch for computation 'jit_take_along_axis' (key 9dde9fffe6fe5aa4) took 294.255614ms: PERSISTENT_FETCH
W0828 01:46:11.294652    1431 tpu_pjrt_client.cc:2349] PjRt execution dispatch was blocked for 8.684725ms because PjRt's max in-flight computation semaphore is full (limit: 32), which may negatively affect the performance
I0828 01:46:20.805318    1805 server_lib.cc:1855] Attempting to load component jit_concatenate.14998664224933152446 @ 0 at worker after 944.16us (proto size 2638)
I0828 01:46:21.065154    2924 server_lib.cc:1855] Attempting to load component jit_take_along_axis.1570370967876933258 @ 0 at worker after 948.022us (proto size 2452)
I0828 01:46:21.069503    1295 tpu_chip_config.cc:367] Resolved chip config alias megachip_tccontrol->megacore for 2093c6a02, 
I0828 01:46:21.071223    1295 tpu_chip_config.cc:367] Resolved chip config alias megachip_tccontrol->megacore for 2093c6a02, 
I0828 01:46:21.072338    1295 xla_compilation_cache.cc:113] XLA compilation cache fetch for computation 'jit_concatenate' (key 8786f4b7466968ec) took 267.030251ms: PERSISTENT_FETCH
I0828 01:46:21.365523    1294 tpu_chip_config.cc:367] Resolved chip config alias megachip_tccontrol->megacore for 2093c6a02, 
I0828 01:46:21.367146    1294 tpu_chip_config.cc:367] Resolved chip config alias megachip_tccontrol->megacore for 2093c6a02, 
I0828 01:46:21.368124    1294 xla_compilation_cache.cc:113] XLA compilation cache fetch for computation 'jit_take_along_axis' (key 3ebe01232863c30a) took 302.978923ms: PERSISTENT_FETCH
I0828 01:46:43.003066    3038 server_lib.cc:1855] Attempting to load component jit_concatenate.1570370967876933282 @ 0 at worker after 951.945us (proto size 2709)
I0828 01:46:43.261508    3078 server_lib.cc:1855] Attempting to load component jit_take_along_axis.8339433792461643543 @ 0 at worker after 981.287us (proto size 2452)
I0828 01:46:43.261659    1294 tpu_chip_config.cc:367] Resolved chip config alias megachip_tccontrol->megacore for 2093c6a02, 
I0828 01:46:43.263925    1294 tpu_chip_config.cc:367] Resolved chip config alias megachip_tccontrol->megacore for 2093c6a02, 
I0828 01:46:43.265568    1294 xla_compilation_cache.cc:113] XLA compilation cache fetch for computation 'jit_concatenate' (key 2925e3aee51b382f) took 262.516245ms: PERSISTENT_FETCH
I0828 01:46:43.547826    1295 tpu_chip_config.cc:367] Resolved chip config alias megachip_tccontrol->megacore for 2093c6a02, 
I0828 01:46:43.549409    1295 tpu_chip_config.cc:367] Resolved chip config alias megachip_tccontrol->megacore for 2093c6a02, 
I0828 01:46:43.550399    1295 xla_compilation_cache.cc:113] XLA compilation cache fetch for computation 'jit_take_along_axis' (key 1fc8dbfc149af2b7) took 288.89903ms: PERSISTENT_FETCH
I0828 01:46:46.572483    3084 server_lib.cc:1855] Attempting to load component jit_stack.1570370967876935277 @ 0 at worker after 1.373478ms (proto size 3155)
I0828 01:46:46.867034    3084 server_lib.cc:1855] Attempting to load component jit_swapaxes.8339433792461642520 @ 0 at worker after 926.905us (proto size 2420)
I0828 01:46:46.876241    1295 tpu_chip_config.cc:367] Resolved chip config alias megachip_tccontrol->megacore for 2093c6a02, 
I0828 01:46:46.877931    1295 tpu_chip_config.cc:367] Resolved chip config alias megachip_tccontrol->megacore for 2093c6a02, 
I0828 01:46:46.879678    1295 xla_compilation_cache.cc:113] XLA compilation cache fetch for computation 'jit_stack' (key 8428a621a5cb379) took 307.207114ms: PERSISTENT_FETCH
I0828 01:46:47.084315    3084 server_lib.cc:1855] Attempting to load component jit_reshape.1570370967876932378 @ 0 at worker after 862.147us (proto size 2416)
I0828 01:46:47.089329    1294 tpu_chip_config.cc:367] Resolved chip config alias megachip_tccontrol->megacore for 2093c6a02, 
I0828 01:46:47.090776    1294 tpu_chip_config.cc:367] Resolved chip config alias megachip_tccontrol->megacore for 2093c6a02, 
I0828 01:46:47.091498    1294 xla_compilation_cache.cc:113] XLA compilation cache fetch for computation 'jit_swapaxes' (key a1e18c865e950b7d) took 224.473835ms: PERSISTENT_FETCH
I0828 01:46:47.292312    3078 server_lib.cc:1855] Attempting to load component jit_convert_element_type.8339433792461641497 @ 0 at worker after 931.069us (proto size 2440)
I0828 01:46:47.297640    1295 tpu_chip_config.cc:367] Resolved chip config alias megachip_tccontrol->megacore for 2093c6a02, 
I0828 01:46:47.299128    1295 tpu_chip_config.cc:367] Resolved chip config alias megachip_tccontrol->megacore for 2093c6a02, 
I0828 01:46:47.299870    1295 xla_compilation_cache.cc:113] XLA compilation cache fetch for computation 'jit_reshape' (key f832a1c7cc398f65) took 215.562777ms: PERSISTENT_FETCH
I0828 01:46:47.509751    1294 tpu_chip_config.cc:367] Resolved chip config alias megachip_tccontrol->megacore for 2093c6a02, 
I0828 01:46:47.511155    1294 tpu_chip_config.cc:367] Resolved chip config alias megachip_tccontrol->megacore for 2093c6a02, 
I0828 01:46:47.511896    1294 xla_compilation_cache.cc:113] XLA compilation cache fetch for computation 'jit_convert_element_type' (key 9029c4266e5b3b24) took 219.590281ms: PERSISTENT_FETCH
I0828 01:46:47.695193    3078 server_lib.cc:1855] Attempting to load component jit_subtract.8339433792461640133 @ 0 at worker after 993.242us (proto size 2441)
I0828 01:46:47.921205    1294 tpu_chip_config.cc:367] Resolved chip config alias megachip_tccontrol->megacore for 2093c6a02, 
I0828 01:46:47.922602    1294 tpu_chip_config.cc:367] Resolved chip config alias megachip_tccontrol->megacore for 2093c6a02, 
I0828 01:46:47.923340    1294 xla_compilation_cache.cc:113] XLA compilation cache fetch for computation 'jit_subtract' (key 48a79db89077f304) took 228.153109ms: PERSISTENT_FETCH
I0828 01:46:48.163885    2924 server_lib.cc:1855] Attempting to load component jit_negative.1570370967876935570 @ 0 at worker after 1.157541ms (proto size 2416)
I0828 01:46:48.366753    2924 server_lib.cc:1855] Attempting to load component jit_multiply.8339433792461642183 @ 0 at worker after 1.023297ms (proto size 2467)
I0828 01:46:48.371278    1294 tpu_chip_config.cc:367] Resolved chip config alias megachip_tccontrol->megacore for 2093c6a02, 
I0828 01:46:48.372647    1294 tpu_chip_config.cc:367] Resolved chip config alias megachip_tccontrol->megacore for 2093c6a02, 
I0828 01:46:48.373360    1294 xla_compilation_cache.cc:113] XLA compilation cache fetch for computation 'jit_negative' (key bed20c5c9751245f) took 209.482482ms: PERSISTENT_FETCH
I0828 01:46:48.583381    3038 server_lib.cc:1855] Attempting to load component jit__reduce_sum.1570370967876932671 @ 0 at worker after 906.928us (proto size 2408)
I0828 01:46:48.588912    1295 tpu_chip_config.cc:367] Resolved chip config alias megachip_tccontrol->megacore for 2093c6a02, 
I0828 01:46:48.590332    1295 tpu_chip_config.cc:367] Resolved chip config alias megachip_tccontrol->megacore for 2093c6a02, 
I0828 01:46:48.591092    1295 xla_compilation_cache.cc:113] XLA compilation cache fetch for computation 'jit_multiply' (key 7fdfa743282370b1) took 224.34404ms: PERSISTENT_FETCH
I0828 01:46:48.796533    1294 tpu_chip_config.cc:367] Resolved chip config alias megachip_tccontrol->megacore for 2093c6a02, 
I0828 01:46:48.797958    1294 tpu_chip_config.cc:367] Resolved chip config alias megachip_tccontrol->megacore for 2093c6a02, 
I0828 01:46:48.798736    1294 xla_compilation_cache.cc:113] XLA compilation cache fetch for computation 'jit__reduce_sum' (key 5e6da6efca03ab3b) took 215.361776ms: PERSISTENT_FETCH
I0828 01:46:48.799031    3038 server_lib.cc:1855] Attempting to load component jit_clip.8339433792461641160 @ 0 at worker after 984.847us (proto size 2481)
I0828 01:46:49.048138    1805 server_lib.cc:1855] Attempting to load component jit__reduce_sum.1570370967876934666 @ 0 at worker after 912.315us (proto size 2418)
I0828 01:46:49.048896    1294 tpu_chip_config.cc:367] Resolved chip config alias megachip_tccontrol->megacore for 2093c6a02, 
I0828 01:46:49.050281    1294 tpu_chip_config.cc:367] Resolved chip config alias megachip_tccontrol->megacore for 2093c6a02, 
I0828 01:46:49.051113    1294 xla_compilation_cache.cc:113] XLA compilation cache fetch for computation 'jit_clip' (key 23e328b896f2a193) took 252.089301ms: PERSISTENT_FETCH
I0828 01:46:49.257691    1295 tpu_chip_config.cc:367] Resolved chip config alias megachip_tccontrol->megacore for 2093c6a02, 
I0828 01:46:49.259126    1295 tpu_chip_config.cc:367] Resolved chip config alias megachip_tccontrol->megacore for 2093c6a02, 
I0828 01:46:49.259883    1295 xla_compilation_cache.cc:113] XLA compilation cache fetch for computation 'jit__reduce_sum' (key bf82337d1fc2a392) took 211.751751ms: PERSISTENT_FETCH
I0828 01:46:49.437986    3078 server_lib.cc:1855] Attempting to load component jit_true_divide.8339433792461643210 @ 0 at worker after 933.124us (proto size 2456)
I0828 01:46:49.656018    2962 server_lib.cc:1855] Attempting to load component jit_subtract.1570370967876932964 @ 0 at worker after 905.482us (proto size 2441)
I0828 01:46:49.658467    1295 tpu_chip_config.cc:367] Resolved chip config alias megachip_tccontrol->megacore for 2093c6a02, 
I0828 01:46:49.659926    1295 tpu_chip_config.cc:367] Resolved chip config alias megachip_tccontrol->megacore for 2093c6a02, 
I0828 01:46:49.660665    1295 xla_compilation_cache.cc:113] XLA compilation cache fetch for computation 'jit_true_divide' (key bcd016b09189073b) took 222.685729ms: PERSISTENT_FETCH
I0828 01:46:49.861778    2962 server_lib.cc:1855] Attempting to load component jit_broadcast_in_dim.8339433792461642187 @ 0 at worker after 1.063652ms (proto size 2427)
I0828 01:46:49.866985    1294 tpu_chip_config.cc:367] Resolved chip config alias megachip_tccontrol->megacore for 2093c6a02, 
I0828 01:46:49.868360    1294 tpu_chip_config.cc:367] Resolved chip config alias megachip_tccontrol->megacore for 2093c6a02, 
I0828 01:46:49.869082    1294 xla_compilation_cache.cc:113] XLA compilation cache fetch for computation 'jit_subtract' (key 1ed3ef5a49c45b74) took 213.07078ms: PERSISTENT_FETCH
I0828 01:46:50.064687    2962 server_lib.cc:1855] Attempting to load component jit_add.1570370967876934161 @ 0 at worker after 894.071us (proto size 2430)
I0828 01:46:50.070809    1295 tpu_chip_config.cc:367] Resolved chip config alias megachip_tccontrol->megacore for 2093c6a02, 
I0828 01:46:50.072212    1295 tpu_chip_config.cc:367] Resolved chip config alias megachip_tccontrol->megacore for 2093c6a02, 
I0828 01:46:50.072936    1295 xla_compilation_cache.cc:113] XLA compilation cache fetch for computation 'jit_broadcast_in_dim' (key fdf99b4baecb1df6) took 211.165029ms: PERSISTENT_FETCH
I0828 01:46:50.272993    1294 tpu_chip_config.cc:367] Resolved chip config alias megachip_tccontrol->megacore for 2093c6a02, 
I0828 01:46:50.273460    2962 server_lib.cc:1855] Attempting to load component jit_clip.8339433792461641164 @ 0 at worker after 1.061107ms (proto size 2444)
I0828 01:46:50.274380    1294 tpu_chip_config.cc:367] Resolved chip config alias megachip_tccontrol->megacore for 2093c6a02, 
I0828 01:46:50.275158    1294 xla_compilation_cache.cc:113] XLA compilation cache fetch for computation 'jit_add' (key b180390b42237c42) took 210.477433ms: PERSISTENT_FETCH
I0828 01:46:50.502420    3084 server_lib.cc:1855] Attempting to load component jit_exp.1570370967876931661 @ 0 at worker after 1.01354ms (proto size 2405)
I0828 01:46:50.511881    1295 tpu_chip_config.cc:367] Resolved chip config alias megachip_tccontrol->megacore for 2093c6a02, 
I0828 01:46:50.513304    1295 tpu_chip_config.cc:367] Resolved chip config alias megachip_tccontrol->megacore for 2093c6a02, 
I0828 01:46:50.514108    1295 xla_compilation_cache.cc:113] XLA compilation cache fetch for computation 'jit_clip' (key af6d878a307a75f9) took 240.65538ms: PERSISTENT_FETCH
I0828 01:46:50.706096    1294 tpu_chip_config.cc:367] Resolved chip config alias megachip_tccontrol->megacore for 2093c6a02, 
I0828 01:46:50.707526    1294 tpu_chip_config.cc:367] Resolved chip config alias megachip_tccontrol->megacore for 2093c6a02, 
I0828 01:46:50.708240    1294 xla_compilation_cache.cc:113] XLA compilation cache fetch for computation 'jit_exp' (key 3d439b67ea163a9) took 205.828166ms: PERSISTENT_FETCH
I0828 01:46:51.058926    2924 server_lib.cc:1855] Attempting to load component jit_multiply.8339433792461643214 @ 0 at worker after 1.002672ms (proto size 2440)
I0828 01:46:51.296811    1294 tpu_chip_config.cc:367] Resolved chip config alias megachip_tccontrol->megacore for 2093c6a02, 
I0828 01:46:51.298180    1294 tpu_chip_config.cc:367] Resolved chip config alias megachip_tccontrol->megacore for 2093c6a02, 
I0828 01:46:51.298922    1294 xla_compilation_cache.cc:113] XLA compilation cache fetch for computation 'jit_multiply' (key fc4d2fab9725af8e) took 240.003111ms: PERSISTENT_FETCH
I0828 01:46:51.528004    3084 server_lib.cc:1855] Attempting to load component jit_clip.8339433792461642191 @ 0 at worker after 889.055us (proto size 2481)
I0828 01:46:51.771157    1294 tpu_chip_config.cc:367] Resolved chip config alias megachip_tccontrol->megacore for 2093c6a02, 
I0828 01:46:51.772574    1294 tpu_chip_config.cc:367] Resolved chip config alias megachip_tccontrol->megacore for 2093c6a02, 
I0828 01:46:51.773401    1294 xla_compilation_cache.cc:113] XLA compilation cache fetch for computation 'jit_clip' (key e1bbdc25b0e45d2b) took 245.404499ms: PERSISTENT_FETCH
I0828 01:46:51.773863    3078 server_lib.cc:1855] Attempting to load component jit_maximum.1570370967876931954 @ 0 at worker after 1.001857ms (proto size 2490)
I0828 01:46:52.028032    2924 server_lib.cc:1855] Attempting to load component jit_greater.8339433792461641168 @ 0 at worker after 948.27us (proto size 2439)
I0828 01:46:52.034229    1294 tpu_chip_config.cc:367] Resolved chip config alias megachip_tccontrol->megacore for 2093c6a02, 
I0828 01:46:52.035595    1294 tpu_chip_config.cc:367] Resolved chip config alias megachip_tccontrol->megacore for 2093c6a02, 
I0828 01:46:52.036439    1294 xla_compilation_cache.cc:113] XLA compilation cache fetch for computation 'jit_maximum' (key 20ba3831ab99cb1e) took 262.582972ms: PERSISTENT_FETCH
I0828 01:46:52.223657    3078 server_lib.cc:1855] Attempting to load component jit_convert_element_type.1570370967876933151 @ 0 at worker after 850.361us (proto size 2440)
I0828 01:46:52.230814    1295 tpu_chip_config.cc:367] Resolved chip config alias megachip_tccontrol->megacore for 2093c6a02, 
I0828 01:46:52.232249    1295 tpu_chip_config.cc:367] Resolved chip config alias megachip_tccontrol->megacore for 2093c6a02, 
I0828 01:46:52.233003    1295 xla_compilation_cache.cc:113] XLA compilation cache fetch for computation 'jit_greater' (key fcfa006d15426f67) took 204.977865ms: PERSISTENT_FETCH
I0828 01:46:52.441443    3084 server_lib.cc:1855] Attempting to load component jit_multiply.8339433792461640145 @ 0 at worker after 897.952us (proto size 2441)
I0828 01:46:52.441959    1294 tpu_chip_config.cc:367] Resolved chip config alias megachip_tccontrol->megacore for 2093c6a02, 
I0828 01:46:52.443350    1294 tpu_chip_config.cc:367] Resolved chip config alias megachip_tccontrol->megacore for 2093c6a02, 
I0828 01:46:52.444103    1294 xla_compilation_cache.cc:113] XLA compilation cache fetch for computation 'jit_convert_element_type' (key 9858f12e618f42f9) took 220.452254ms: PERSISTENT_FETCH
I0828 01:46:52.633443    1295 tpu_chip_config.cc:367] Resolved chip config alias megachip_tccontrol->megacore for 2093c6a02, 
I0828 01:46:52.634867    1295 tpu_chip_config.cc:367] Resolved chip config alias megachip_tccontrol->megacore for 2093c6a02, 
I0828 01:46:52.635572    1295 xla_compilation_cache.cc:113] XLA compilation cache fetch for computation 'jit_multiply' (key 56a2f6c0d1c7dce7) took 194.13557ms: PERSISTENT_FETCH
I0828 01:46:52.848843    3005 server_lib.cc:1855] Attempting to load component jit_bitwise_and.1570370967876935545 @ 0 at worker after 1.041533ms (proto size 2446)
I0828 01:46:53.050746    1295 tpu_chip_config.cc:367] Resolved chip config alias megachip_tccontrol->megacore for 2093c6a02, 
I0828 01:46:53.052143    1295 tpu_chip_config.cc:367] Resolved chip config alias megachip_tccontrol->megacore for 2093c6a02, 
I0828 01:46:53.052903    1295 xla_compilation_cache.cc:113] XLA compilation cache fetch for computation 'jit_bitwise_and' (key 4425591f7e345e31) took 204.066504ms: PERSISTENT_FETCH
I0828 01:46:53.318474    3005 server_lib.cc:1855] Attempting to load component jit__reduce_sum.1570370967876932646 @ 0 at worker after 876.994us (proto size 2418)
I0828 01:46:53.535275    1295 tpu_chip_config.cc:367] Resolved chip config alias megachip_tccontrol->megacore for 2093c6a02, 
I0828 01:46:53.536672    1295 tpu_chip_config.cc:367] Resolved chip config alias megachip_tccontrol->megacore for 2093c6a02, 
I0828 01:46:53.537428    1295 xla_compilation_cache.cc:113] XLA compilation cache fetch for computation 'jit__reduce_sum' (key 467c86885ac30774) took 218.961392ms: PERSISTENT_FETCH
I0828 01:46:53.700934    2962 server_lib.cc:1855] Attempting to load component jit_true_divide.1570370967876934242 @ 0 at worker after 960.043us (proto size 2435)
I0828 01:46:53.915321    1295 tpu_chip_config.cc:367] Resolved chip config alias megachip_tccontrol->megacore for 2093c6a02, 
I0828 01:46:53.916727    1295 tpu_chip_config.cc:367] Resolved chip config alias megachip_tccontrol->megacore for 2093c6a02, 
I0828 01:46:53.917456    1295 xla_compilation_cache.cc:113] XLA compilation cache fetch for computation 'jit_true_divide' (key 6c010c44a494a4f8) took 216.535345ms: PERSISTENT_FETCH
I0828 01:46:54.150203    3005 server_lib.cc:1855] Attempting to load component jit__reduce_sum.1570370967876935439 @ 0 at worker after 921.648us (proto size 2404)
I0828 01:46:54.353470    1295 tpu_chip_config.cc:367] Resolved chip config alias megachip_tccontrol->megacore for 2093c6a02, 
I0828 01:46:54.354247    2962 server_lib.cc:1855] Attempting to load component jit_minimum.8339433792461642881 @ 0 at worker after 972.919us (proto size 2490)
I0828 01:46:54.354881    1295 tpu_chip_config.cc:367] Resolved chip config alias megachip_tccontrol->megacore for 2093c6a02, 
I0828 01:46:54.355652    1295 xla_compilation_cache.cc:113] XLA compilation cache fetch for computation 'jit__reduce_sum' (key e26f4f410089f389) took 205.456476ms: PERSISTENT_FETCH
I0828 01:46:54.585462    3005 server_lib.cc:1855] Attempting to load component jit__where.1570370967876932939 @ 0 at worker after 979.851us (proto size 2485)
I0828 01:46:54.590284    1294 tpu_chip_config.cc:367] Resolved chip config alias megachip_tccontrol->megacore for 2093c6a02, 
I0828 01:46:54.591735    1294 tpu_chip_config.cc:367] Resolved chip config alias megachip_tccontrol->megacore for 2093c6a02, 
I0828 01:46:54.592557    1294 xla_compilation_cache.cc:113] XLA compilation cache fetch for computation 'jit_minimum' (key 6b4bcdb9d9819f09) took 238.317336ms: PERSISTENT_FETCH
I0828 01:46:54.807821    1295 tpu_chip_config.cc:367] Resolved chip config alias megachip_tccontrol->megacore for 2093c6a02, 
I0828 01:46:54.809219    1295 tpu_chip_config.cc:367] Resolved chip config alias megachip_tccontrol->megacore for 2093c6a02, 
I0828 01:46:54.809994    1295 xla_compilation_cache.cc:113] XLA compilation cache fetch for computation 'jit__where' (key 4067a05c24b94a) took 224.53765ms: PERSISTENT_FETCH
I0828 01:46:54.819468    1805 server_lib.cc:1855] Attempting to load component jit_true_divide.8339433792461641517 @ 0 at worker after 890.787us (proto size 2456)
I0828 01:46:55.036680    2924 server_lib.cc:1855] Attempting to load component jit__reduce_sum.1570370967876934136 @ 0 at worker after 832.213us (proto size 2404)
I0828 01:46:55.039030    1295 tpu_chip_config.cc:367] Resolved chip config alias megachip_tccontrol->megacore for 2093c6a02, 
I0828 01:46:55.040420    1295 tpu_chip_config.cc:367] Resolved chip config alias megachip_tccontrol->megacore for 2093c6a02, 
I0828 01:46:55.041152    1295 xla_compilation_cache.cc:113] XLA compilation cache fetch for computation 'jit_true_divide' (key af7d453c68d913e2) took 221.690982ms: PERSISTENT_FETCH
I0828 01:46:55.243843    2962 server_lib.cc:1855] Attempting to load component jit_convert_element_type.8339433792461640494 @ 0 at worker after 966.425us (proto size 2412)
I0828 01:46:55.248612    1294 tpu_chip_config.cc:367] Resolved chip config alias megachip_tccontrol->megacore for 2093c6a02, 
I0828 01:46:55.250035    1294 tpu_chip_config.cc:367] Resolved chip config alias megachip_tccontrol->megacore for 2093c6a02, 
I0828 01:46:55.250815    1294 xla_compilation_cache.cc:113] XLA compilation cache fetch for computation 'jit__reduce_sum' (key a01abe6d6260bdc0) took 214.142925ms: PERSISTENT_FETCH
I0828 01:46:55.459171    1295 tpu_chip_config.cc:367] Resolved chip config alias megachip_tccontrol->megacore for 2093c6a02, 
I0828 01:46:55.460575    1295 tpu_chip_config.cc:367] Resolved chip config alias megachip_tccontrol->megacore for 2093c6a02, 
I0828 01:46:55.461301    1295 xla_compilation_cache.cc:113] XLA compilation cache fetch for computation 'jit_convert_element_type' (key 67c9710f4d007cdf) took 217.49881ms: PERSISTENT_FETCH
I0828 01:46:55.470219    2924 server_lib.cc:1855] Attempting to load component jit__mean.1570370967876932035 @ 0 at worker after 947.859us (proto size 2392)
I0828 01:46:55.698957    1295 tpu_chip_config.cc:367] Resolved chip config alias megachip_tccontrol->megacore for 2093c6a02, 
I0828 01:46:55.700398    1295 tpu_chip_config.cc:367] Resolved chip config alias megachip_tccontrol->megacore for 2093c6a02, 
I0828 01:46:55.701175    1295 xla_compilation_cache.cc:113] XLA compilation cache fetch for computation 'jit__mean' (key 8fbbe7f73858282f) took 230.962487ms: PERSISTENT_FETCH
I0828 01:46:55.879104    3005 server_lib.cc:1855] Attempting to load component jit_masked_mean.1570370967876934828 @ 0 at worker after 1.080005ms (proto size 2469)
I0828 01:46:56.099562    1295 tpu_chip_config.cc:367] Resolved chip config alias megachip_tccontrol->megacore for 2093c6a02, 
I0828 01:46:56.100970    1295 tpu_chip_config.cc:367] Resolved chip config alias megachip_tccontrol->megacore for 2093c6a02, 
I0828 01:46:56.101767    1295 xla_compilation_cache.cc:113] XLA compilation cache fetch for computation 'jit_masked_mean' (key e54310776ecaed0) took 222.669856ms: PERSISTENT_FETCH
I0828 01:46:56.321063    3005 server_lib.cc:1855] Attempting to load component jit__where.1570370967876932328 @ 0 at worker after 937.533us (proto size 2474)
I0828 01:46:56.530763    1295 tpu_chip_config.cc:367] Resolved chip config alias megachip_tccontrol->megacore for 2093c6a02, 
I0828 01:46:56.532150    1295 tpu_chip_config.cc:367] Resolved chip config alias megachip_tccontrol->megacore for 2093c6a02, 
I0828 01:46:56.532916    1295 xla_compilation_cache.cc:113] XLA compilation cache fetch for computation 'jit__where' (key 9b98bd8f269dc37c) took 211.858321ms: PERSISTENT_FETCH
I0828 01:46:56.534777    3084 server_lib.cc:1855] Attempting to load component jit__reduce_max.8339433792461641180 @ 0 at worker after 903.342us (proto size 2444)
I0828 01:46:56.765734    1295 tpu_chip_config.cc:367] Resolved chip config alias megachip_tccontrol->megacore for 2093c6a02, 
I0828 01:46:56.767132    1295 tpu_chip_config.cc:367] Resolved chip config alias megachip_tccontrol->megacore for 2093c6a02, 
I0828 01:46:56.767987    1295 xla_compilation_cache.cc:113] XLA compilation cache fetch for computation 'jit__reduce_max' (key 580ea8c1d8a6d62d) took 233.218836ms: PERSISTENT_FETCH
I0828 01:46:56.769800    3005 server_lib.cc:1855] Attempting to load component jit__reduce_min.1570370967876934323 @ 0 at worker after 859.652us (proto size 2444)
I0828 01:46:56.961102    2924 server_lib.cc:1855] Attempting to load component jit_abs.8339433792461640157 @ 0 at worker after 974.129us (proto size 2431)
I0828 01:46:56.962781    1295 tpu_chip_config.cc:367] Resolved chip config alias megachip_tccontrol->megacore for 2093c6a02, 
I0828 01:46:56.964211    1295 tpu_chip_config.cc:367] Resolved chip config alias megachip_tccontrol->megacore for 2093c6a02, 
I0828 01:46:56.965020    1295 xla_compilation_cache.cc:113] XLA compilation cache fetch for computation 'jit__reduce_min' (key 6383e1f9741ecbc0) took 195.225446ms: PERSISTENT_FETCH
I0828 01:46:57.167029    1294 tpu_chip_config.cc:367] Resolved chip config alias megachip_tccontrol->megacore for 2093c6a02, 
I0828 01:46:57.168436    1294 tpu_chip_config.cc:367] Resolved chip config alias megachip_tccontrol->megacore for 2093c6a02, 
I0828 01:46:57.169226    1294 xla_compilation_cache.cc:113] XLA compilation cache fetch for computation 'jit_abs' (key e7a1541ed2e03f84) took 208.130705ms: PERSISTENT_FETCH
I0828 01:46:59.389590    2962 server_lib.cc:1855] Attempting to load component jit_broadcast_in_dim.8339433792461642556 @ 0 at worker after 894.318us (proto size 2414)
I0828 01:46:59.587993    2962 server_lib.cc:1855] Attempting to load component jit_div.1570370967876932808 @ 0 at worker after 986.096us (proto size 2419)
I0828 01:46:59.594491    1294 tpu_chip_config.cc:367] Resolved chip config alias megachip_tccontrol->megacore for 2093c6a02, 
I0828 01:46:59.596123    1294 tpu_chip_config.cc:367] Resolved chip config alias megachip_tccontrol->megacore for 2093c6a02, 
I0828 01:46:59.596935    1294 xla_compilation_cache.cc:113] XLA compilation cache fetch for computation 'jit_broadcast_in_dim' (key 915a3c865f22631e) took 207.356503ms: PERSISTENT_FETCH
I0828 01:46:59.806013    1805 server_lib.cc:1855] Attempting to load component jit_broadcast_in_dim.8339433792461641533 @ 0 at worker after 900.7us (proto size 2428)
I0828 01:46:59.809948    1295 tpu_chip_config.cc:367] Resolved chip config alias megachip_tccontrol->megacore for 2093c6a02, 
I0828 01:46:59.811513    1295 tpu_chip_config.cc:367] Resolved chip config alias megachip_tccontrol->megacore for 2093c6a02, 
I0828 01:46:59.812347    1295 xla_compilation_cache.cc:113] XLA compilation cache fetch for computation 'jit_div' (key 65a6afbb31ee3cd7) took 224.362146ms: PERSISTENT_FETCH
I0828 01:47:00.017495    1805 server_lib.cc:1855] Attempting to load component jit_mul.1570370967876934005 @ 0 at worker after 905.288us (proto size 2431)
I0828 01:47:00.028099    1294 tpu_chip_config.cc:367] Resolved chip config alias megachip_tccontrol->megacore for 2093c6a02, 
I0828 01:47:00.029485    1294 tpu_chip_config.cc:367] Resolved chip config alias megachip_tccontrol->megacore for 2093c6a02, 
I0828 01:47:00.030229    1294 xla_compilation_cache.cc:113] XLA compilation cache fetch for computation 'jit_broadcast_in_dim' (key 397bb6dc0e9dcc90) took 224.222504ms: PERSISTENT_FETCH
I0828 01:47:00.224980    3005 server_lib.cc:1855] Attempting to load component jit__where.8339433792461640510 @ 0 at worker after 933.381us (proto size 2463)
I0828 01:47:00.236706    1295 tpu_chip_config.cc:367] Resolved chip config alias megachip_tccontrol->megacore for 2093c6a02, 
I0828 01:47:00.238122    1295 tpu_chip_config.cc:367] Resolved chip config alias megachip_tccontrol->megacore for 2093c6a02, 
I0828 01:47:00.238840    1295 xla_compilation_cache.cc:113] XLA compilation cache fetch for computation 'jit_mul' (key f4f3802c25177a67) took 221.350714ms: PERSISTENT_FETCH
I0828 01:47:00.428775    3005 server_lib.cc:1855] Attempting to load component jit_add.1570370967876935202 @ 0 at worker after 849.264us (proto size 2431)
I0828 01:47:00.438807    1294 tpu_chip_config.cc:367] Resolved chip config alias megachip_tccontrol->megacore for 2093c6a02, 
I0828 01:47:00.440186    1294 tpu_chip_config.cc:367] Resolved chip config alias megachip_tccontrol->megacore for 2093c6a02, 
I0828 01:47:00.440972    1294 xla_compilation_cache.cc:113] XLA compilation cache fetch for computation 'jit__where' (key 7f56ff652afe96d7) took 215.998292ms: PERSISTENT_FETCH
I0828 01:47:00.636257    2962 server_lib.cc:1855] Attempting to load component jit_mul.8339433792461643583 @ 0 at worker after 830.945us (proto size 2430)
I0828 01:47:00.640969    1295 tpu_chip_config.cc:367] Resolved chip config alias megachip_tccontrol->megacore for 2093c6a02, 
I0828 01:47:00.642402    1295 tpu_chip_config.cc:367] Resolved chip config alias megachip_tccontrol->megacore for 2093c6a02, 
I0828 01:47:00.643134    1295 xla_compilation_cache.cc:113] XLA compilation cache fetch for computation 'jit_add' (key 5a35754ce5b26cb2) took 214.364722ms: PERSISTENT_FETCH
I0828 01:47:00.835814    3078 server_lib.cc:1855] Attempting to load component jit_clip.1570370967876932303 @ 0 at worker after 816.694us (proto size 2459)
I0828 01:47:00.836266    1294 tpu_chip_config.cc:367] Resolved chip config alias megachip_tccontrol->megacore for 2093c6a02, 
I0828 01:47:00.837711    1294 tpu_chip_config.cc:367] Resolved chip config alias megachip_tccontrol->megacore for 2093c6a02, 
I0828 01:47:00.838482    1294 xla_compilation_cache.cc:113] XLA compilation cache fetch for computation 'jit_mul' (key 7f01b13a9f5debdc) took 202.232133ms: PERSISTENT_FETCH
I0828 01:47:01.059274    3078 server_lib.cc:1855] Attempting to load component jit_clip.8339433792461642560 @ 0 at worker after 781.13us (proto size 2432)
I0828 01:47:01.061178    1295 tpu_chip_config.cc:367] Resolved chip config alias megachip_tccontrol->megacore for 2093c6a02, 
I0828 01:47:01.062572    1295 tpu_chip_config.cc:367] Resolved chip config alias megachip_tccontrol->megacore for 2093c6a02, 
I0828 01:47:01.063328    1295 xla_compilation_cache.cc:113] XLA compilation cache fetch for computation 'jit_clip' (key 5fe9764764ac37e6) took 227.521567ms: PERSISTENT_FETCH
I0828 01:47:01.259321    1294 tpu_chip_config.cc:367] Resolved chip config alias megachip_tccontrol->megacore for 2093c6a02, 
I0828 01:47:01.260694    1294 tpu_chip_config.cc:367] Resolved chip config alias megachip_tccontrol->megacore for 2093c6a02, 
I0828 01:47:01.261430    1294 xla_compilation_cache.cc:113] XLA compilation cache fetch for computation 'jit_clip' (key 211bedc93f50924) took 202.16402ms: PERSISTENT_FETCH
I0828 01:47:01.461735    3038 server_lib.cc:1855] Attempting to load component jit_reshape.1570370967876934298 @ 0 at worker after 885.057us (proto size 2416)
I0828 01:47:01.653760    3038 server_lib.cc:1855] Attempting to load component jit_swapaxes.8339433792461640173 @ 0 at worker after 1.000217ms (proto size 2420)
I0828 01:47:01.660856    1294 tpu_chip_config.cc:367] Resolved chip config alias megachip_tccontrol->megacore for 2093c6a02, 
I0828 01:47:01.662256    1294 tpu_chip_config.cc:367] Resolved chip config alias megachip_tccontrol->megacore for 2093c6a02, 
I0828 01:47:01.662983    1294 xla_compilation_cache.cc:113] XLA compilation cache fetch for computation 'jit_reshape' (key f20f1c4228371a48) took 201.254624ms: PERSISTENT_FETCH
I0828 01:47:01.856514    1295 tpu_chip_config.cc:367] Resolved chip config alias megachip_tccontrol->megacore for 2093c6a02, 
I0828 01:47:01.857923    1295 tpu_chip_config.cc:367] Resolved chip config alias megachip_tccontrol->megacore for 2093c6a02, 
I0828 01:47:01.858660    1295 xla_compilation_cache.cc:113] XLA compilation cache fetch for computation 'jit_swapaxes' (key 589f9603006d93d4) took 204.904134ms: PERSISTENT_FETCH
I0828 01:47:02.319470    3005 server_lib.cc:1855] Attempting to load component jit_subtract.1570370967876932995 @ 0 at worker after 1.013175ms (proto size 2441)
I0828 01:47:02.507585    3078 server_lib.cc:1855] Attempting to load component jit_negative.8339433792461642223 @ 0 at worker after 962.713us (proto size 2416)
I0828 01:47:02.512927    1295 tpu_chip_config.cc:367] Resolved chip config alias megachip_tccontrol->megacore for 2093c6a02, 
I0828 01:47:02.514314    1295 tpu_chip_config.cc:367] Resolved chip config alias megachip_tccontrol->megacore for 2093c6a02, 
I0828 01:47:02.515015    1295 xla_compilation_cache.cc:113] XLA compilation cache fetch for computation 'jit_subtract' (key 504ebbfddc0356d5) took 195.552065ms: PERSISTENT_FETCH
I0828 01:47:02.704531    1294 tpu_chip_config.cc:367] Resolved chip config alias megachip_tccontrol->megacore for 2093c6a02, 
I0828 01:47:02.706183    1294 tpu_chip_config.cc:367] Resolved chip config alias megachip_tccontrol->megacore for 2093c6a02, 
I0828 01:47:02.706937    1294 xla_compilation_cache.cc:113] XLA compilation cache fetch for computation 'jit_negative' (key 402ec2ec6e627c79) took 199.35853ms: PERSISTENT_FETCH
I0828 01:47:02.708917    3084 server_lib.cc:1855] Attempting to load component jit_clip.1570370967876934192 @ 0 at worker after 938.537us (proto size 2430)
I0828 01:47:02.908568    2924 server_lib.cc:1855] Attempting to load component jit_true_divide.8339433792461640177 @ 0 at worker after 901.12us (proto size 2435)
I0828 01:47:02.908727    1294 tpu_chip_config.cc:367] Resolved chip config alias megachip_tccontrol->megacore for 2093c6a02, 
I0828 01:47:02.910171    1294 tpu_chip_config.cc:367] Resolved chip config alias megachip_tccontrol->megacore for 2093c6a02, 
I0828 01:47:02.910933    1294 xla_compilation_cache.cc:113] XLA compilation cache fetch for computation 'jit_clip' (key c8f7619b66b920c1) took 202.023786ms: PERSISTENT_FETCH
I0828 01:47:03.111473    2962 server_lib.cc:1855] Attempting to load component jit_subtract.1570370967876935389 @ 0 at worker after 960.817us (proto size 2441)
I0828 01:47:03.115284    1295 tpu_chip_config.cc:367] Resolved chip config alias megachip_tccontrol->megacore for 2093c6a02, 
I0828 01:47:03.116831    1295 tpu_chip_config.cc:367] Resolved chip config alias megachip_tccontrol->megacore for 2093c6a02, 
I0828 01:47:03.117577    1295 xla_compilation_cache.cc:113] XLA compilation cache fetch for computation 'jit_true_divide' (key 399129ac904f6178) took 209.015896ms: PERSISTENT_FETCH
I0828 01:47:03.298576    3084 server_lib.cc:1855] Attempting to load component jit_add.8339433792461643250 @ 0 at worker after 973.115us (proto size 2430)
I0828 01:47:03.305710    1294 tpu_chip_config.cc:367] Resolved chip config alias megachip_tccontrol->megacore for 2093c6a02, 
I0828 01:47:03.307161    1294 tpu_chip_config.cc:367] Resolved chip config alias megachip_tccontrol->megacore for 2093c6a02, 
I0828 01:47:03.307915    1294 xla_compilation_cache.cc:113] XLA compilation cache fetch for computation 'jit_subtract' (key 4f9f314165cc6ed4) took 196.448901ms: PERSISTENT_FETCH
I0828 01:47:03.500894    2924 server_lib.cc:1855] Attempting to load component jit_clip.1570370967876932490 @ 0 at worker after 953.035us (proto size 2419)
I0828 01:47:03.509303    1295 tpu_chip_config.cc:367] Resolved chip config alias megachip_tccontrol->megacore for 2093c6a02, 
I0828 01:47:03.510805    1295 tpu_chip_config.cc:367] Resolved chip config alias megachip_tccontrol->megacore for 2093c6a02, 
I0828 01:47:03.511609    1295 xla_compilation_cache.cc:113] XLA compilation cache fetch for computation 'jit_add' (key 17ada02d51ae433f) took 213.04076ms: PERSISTENT_FETCH
I0828 01:47:03.697497    1294 tpu_chip_config.cc:367] Resolved chip config alias megachip_tccontrol->megacore for 2093c6a02, 
I0828 01:47:03.698974    1294 tpu_chip_config.cc:367] Resolved chip config alias megachip_tccontrol->megacore for 2093c6a02, 
I0828 01:47:03.699721    1294 xla_compilation_cache.cc:113] XLA compilation cache fetch for computation 'jit_clip' (key d6014ae046dd580d) took 198.832382ms: PERSISTENT_FETCH
I0828 01:47:03.706177    3084 server_lib.cc:1855] Attempting to load component jit_multiply.1570370967876933687 @ 0 at worker after 836.201us (proto size 2440)
I0828 01:47:03.905826    1294 tpu_chip_config.cc:367] Resolved chip config alias megachip_tccontrol->megacore for 2093c6a02, 
I0828 01:47:03.907232    1294 tpu_chip_config.cc:367] Resolved chip config alias megachip_tccontrol->megacore for 2093c6a02, 
I0828 01:47:03.907980    1294 xla_compilation_cache.cc:113] XLA compilation cache fetch for computation 'jit_multiply' (key 15ce43228c2090ff) took 201.810727ms: PERSISTENT_FETCH
I0828 01:47:03.910295    3005 server_lib.cc:1855] Attempting to load component jit_clip.8339433792461641204 @ 0 at worker after 902.318us (proto size 2430)
I0828 01:47:04.125600    2924 server_lib.cc:1855] Attempting to load component jit_maximum.1570370967876931586 @ 0 at worker after 884.984us (proto size 2439)
I0828 01:47:04.128744    1294 tpu_chip_config.cc:367] Resolved chip config alias megachip_tccontrol->megacore for 2093c6a02, 
I0828 01:47:04.130170    1294 tpu_chip_config.cc:367] Resolved chip config alias megachip_tccontrol->megacore for 2093c6a02, 
I0828 01:47:04.130929    1294 xla_compilation_cache.cc:113] XLA compilation cache fetch for computation 'jit_clip' (key ef0e02618c251389) took 220.640224ms: PERSISTENT_FETCH
I0828 01:47:04.315604    1805 server_lib.cc:1855] Attempting to load component jit_greater.8339433792461640181 @ 0 at worker after 929.495us (proto size 2439)
I0828 01:47:04.318718    1295 tpu_chip_config.cc:367] Resolved chip config alias megachip_tccontrol->megacore for 2093c6a02, 
I0828 01:47:04.320183    1295 tpu_chip_config.cc:367] Resolved chip config alias megachip_tccontrol->megacore for 2093c6a02, 
I0828 01:47:04.320923    1295 xla_compilation_cache.cc:113] XLA compilation cache fetch for computation 'jit_maximum' (key c94b5ba5877ec491) took 195.329513ms: PERSISTENT_FETCH
I0828 01:47:04.511338    1294 tpu_chip_config.cc:367] Resolved chip config alias megachip_tccontrol->megacore for 2093c6a02, 
I0828 01:47:04.512763    1294 tpu_chip_config.cc:367] Resolved chip config alias megachip_tccontrol->megacore for 2093c6a02, 
I0828 01:47:04.513509    1294 xla_compilation_cache.cc:113] XLA compilation cache fetch for computation 'jit_greater' (key 6131758d1172bb37) took 197.911536ms: PERSISTENT_FETCH
I0828 01:47:04.532055    3038 server_lib.cc:1855] Attempting to load component jit_minimum.1570370967876933980 @ 0 at worker after 836.982us (proto size 2439)
I0828 01:47:04.731146    3038 server_lib.cc:1855] Attempting to load component jit__where.8339433792461642913 @ 0 at worker after 883.936us (proto size 2462)
I0828 01:47:04.737067    1294 tpu_chip_config.cc:367] Resolved chip config alias megachip_tccontrol->megacore for 2093c6a02, 
I0828 01:47:04.738505    1294 tpu_chip_config.cc:367] Resolved chip config alias megachip_tccontrol->megacore for 2093c6a02, 
I0828 01:47:04.739286    1294 xla_compilation_cache.cc:113] XLA compilation cache fetch for computation 'jit_minimum' (key 107a6c9f360d0dec) took 207.236561ms: PERSISTENT_FETCH
I0828 01:47:04.933079    1295 tpu_chip_config.cc:367] Resolved chip config alias megachip_tccontrol->megacore for 2093c6a02, 
I0828 01:47:04.934501    1295 tpu_chip_config.cc:367] Resolved chip config alias megachip_tccontrol->megacore for 2093c6a02, 
I0828 01:47:04.935288    1295 xla_compilation_cache.cc:113] XLA compilation cache fetch for computation 'jit__where' (key c61df59b81f52216) took 204.145455ms: PERSISTENT_FETCH
I0828 01:47:04.956475    3084 server_lib.cc:1855] Attempting to load component jit__mean.1570370967876932278 @ 0 at worker after 915.859us (proto size 2392)
I0828 01:47:05.161367    3084 server_lib.cc:1855] Attempting to load component jit_masked_mean.8339433792461640526 @ 0 at worker after 874.828us (proto size 2433)
I0828 01:47:05.165947    1295 tpu_chip_config.cc:367] Resolved chip config alias megachip_tccontrol->megacore for 2093c6a02, 
I0828 01:47:05.167343    1295 tpu_chip_config.cc:367] Resolved chip config alias megachip_tccontrol->megacore for 2093c6a02, 
I0828 01:47:05.168104    1295 xla_compilation_cache.cc:113] XLA compilation cache fetch for computation 'jit__mean' (key 1419977e0838b4a7) took 211.635672ms: PERSISTENT_FETCH
I0828 01:47:05.381106    1294 tpu_chip_config.cc:367] Resolved chip config alias megachip_tccontrol->megacore for 2093c6a02, 
I0828 01:47:05.382512    1294 tpu_chip_config.cc:367] Resolved chip config alias megachip_tccontrol->megacore for 2093c6a02, 
I0828 01:47:05.383325    1294 xla_compilation_cache.cc:113] XLA compilation cache fetch for computation 'jit_masked_mean' (key 1685e480408d35f4) took 221.963327ms: PERSISTENT_FETCH
I0828 01:47:05.425387    3005 server_lib.cc:1855] Attempting to load component jit__reduce_min.1570370967876935470 @ 0 at worker after 857.213us (proto size 2408)
I0828 01:47:05.670775    1294 tpu_chip_config.cc:367] Resolved chip config alias megachip_tccontrol->megacore for 2093c6a02, 
I0828 01:47:05.672184    1294 tpu_chip_config.cc:367] Resolved chip config alias megachip_tccontrol->megacore for 2093c6a02, 
I0828 01:47:05.672955    1294 xla_compilation_cache.cc:113] XLA compilation cache fetch for computation 'jit__reduce_min' (key 44c4274d72871eac) took 247.574521ms: PERSISTENT_FETCH
I0828 01:47:07.171026    1805 server_lib.cc:1855] Attempting to load component jit_gather.8339433792461639880 @ 0 at worker after 995.057us (proto size 2433)
I0828 01:47:07.385512    3084 server_lib.cc:1855] Attempting to load component jit_broadcast_in_dim.1570370967876935395 @ 0 at worker after 817.095us (proto size 2430)
I0828 01:47:07.386527    1294 tpu_chip_config.cc:367] Resolved chip config alias megachip_tccontrol->megacore for 2093c6a02, 
I0828 01:47:07.388103    1294 tpu_chip_config.cc:367] Resolved chip config alias megachip_tccontrol->megacore for 2093c6a02, 
I0828 01:47:07.388930    1294 xla_compilation_cache.cc:113] XLA compilation cache fetch for computation 'jit_gather' (key b8fff38bbba203bf) took 217.91192ms: PERSISTENT_FETCH
I0828 01:47:07.603017    1295 tpu_chip_config.cc:367] Resolved chip config alias megachip_tccontrol->megacore for 2093c6a02, 
I0828 01:47:07.604509    1295 tpu_chip_config.cc:367] Resolved chip config alias megachip_tccontrol->megacore for 2093c6a02, 
I0828 01:47:07.605275    1295 xla_compilation_cache.cc:113] XLA compilation cache fetch for computation 'jit_broadcast_in_dim' (key dbcb2fb1f325c90a) took 219.770096ms: PERSISTENT_FETCH
I0828 01:47:08.323284    3038 server_lib.cc:1855] Attempting to load component jit__where.8339433792461640907 @ 0 at worker after 1.046774ms (proto size 2445)
I0828 01:47:08.536455    1295 tpu_chip_config.cc:367] Resolved chip config alias megachip_tccontrol->megacore for 2093c6a02, 
I0828 01:47:08.537977    1295 tpu_chip_config.cc:367] Resolved chip config alias megachip_tccontrol->megacore for 2093c6a02, 
I0828 01:47:08.538774    1295 xla_compilation_cache.cc:113] XLA compilation cache fetch for computation 'jit__where' (key f0bf38a1c4f2682b) took 215.497188ms: PERSISTENT_FETCH
I0828 01:47:09.634854    2924 server_lib.cc:1855] Attempting to load component jit__squeeze.1570370967876933481 @ 0 at worker after 1.049999ms (proto size 2414)
I0828 01:47:09.833496    2924 server_lib.cc:1855] Attempting to load component jit_scatter-add.8339433792461640570 @ 0 at worker after 918.483us (proto size 2472)
I0828 01:47:09.839901    1295 tpu_chip_config.cc:367] Resolved chip config alias megachip_tccontrol->megacore for 2093c6a02, 
I0828 01:47:09.841511    1295 tpu_chip_config.cc:367] Resolved chip config alias megachip_tccontrol->megacore for 2093c6a02, 
I0828 01:47:09.842337    1295 xla_compilation_cache.cc:113] XLA compilation cache fetch for computation 'jit__squeeze' (key 4f664adf22a5a34d) took 207.492129ms: PERSISTENT_FETCH
I0828 01:47:10.389000    1294 tpu_chip_config.cc:367] Resolved chip config alias megachip_tccontrol->megacore for 2093c6a02, 
I0828 01:47:10.390704    1294 tpu_chip_config.cc:367] Resolved chip config alias megachip_tccontrol->megacore for 2093c6a02, 
I0828 01:47:10.391885    1294 xla_compilation_cache.cc:113] XLA compilation cache fetch for computation 'jit_scatter-add' (key 67e819b08f4baf52) took 558.39522ms: PERSISTENT_FETCH
W0828 01:47:12.620140    1431 tpu_pjrt_client.cc:2349] PjRt execution dispatch was blocked for 1.66179ms because PjRt's max in-flight computation semaphore is full (limit: 32), which may negatively affect the performance
I0828 01:47:12.638462    2962 server_lib.cc:1855] Attempting to load component jit_gather.8339433792461641958 @ 0 at worker after 961.165us (proto size 2430)
I0828 01:47:12.855780    1294 tpu_chip_config.cc:367] Resolved chip config alias megachip_tccontrol->megacore for 2093c6a02, 
I0828 01:47:12.856529    3084 server_lib.cc:1855] Attempting to load component jit_broadcast_in_dim.1570370967876932471 @ 0 at worker after 980.237us (proto size 2430)
I0828 01:47:12.857435    1294 tpu_chip_config.cc:367] Resolved chip config alias megachip_tccontrol->megacore for 2093c6a02, 
I0828 01:47:12.858328    1294 xla_compilation_cache.cc:113] XLA compilation cache fetch for computation 'jit_gather' (key c533f69f89a63ab1) took 219.875161ms: PERSISTENT_FETCH
I0828 01:47:13.049147    2962 server_lib.cc:1855] Attempting to load component jit_reshape.8339433792461640935 @ 0 at worker after 886.356us (proto size 2409)
I0828 01:47:13.054721    1295 tpu_chip_config.cc:367] Resolved chip config alias megachip_tccontrol->megacore for 2093c6a02, 
I0828 01:47:13.056259    1295 tpu_chip_config.cc:367] Resolved chip config alias megachip_tccontrol->megacore for 2093c6a02, 
I0828 01:47:13.056991    1295 xla_compilation_cache.cc:113] XLA compilation cache fetch for computation 'jit_broadcast_in_dim' (key 563f2761b9426d3d) took 200.471011ms: PERSISTENT_FETCH
I0828 01:47:13.261435    1294 tpu_chip_config.cc:367] Resolved chip config alias megachip_tccontrol->megacore for 2093c6a02, 
I0828 01:47:13.262872    1294 tpu_chip_config.cc:367] Resolved chip config alias megachip_tccontrol->megacore for 2093c6a02, 
I0828 01:47:13.263566    1294 xla_compilation_cache.cc:113] XLA compilation cache fetch for computation 'jit_reshape' (key f60d60317ec36df3) took 214.426355ms: PERSISTENT_FETCH
I0828 01:47:13.741002    3038 server_lib.cc:1855] Attempting to load component jit_zt_tr_bwd_logprob.1570370967876934865 @ 0 at worker after 1.267305ms (proto size 2511)
I0828 01:47:15.029631    1294 tpu_chip_config.cc:367] Resolved chip config alias megachip_tccontrol->megacore for 2093c6a02, 
I0828 01:47:15.031312    1294 tpu_chip_config.cc:367] Resolved chip config alias megachip_tccontrol->megacore for 2093c6a02, 
I0828 01:47:15.032472    1294 xla_compilation_cache.cc:113] XLA compilation cache fetch for computation 'jit_zt_tr_bwd_logprob' (key 993e505f3d1a68e0) took 1.29147727s: PERSISTENT_FETCH
I0828 01:47:15.285049    3038 server_lib.cc:1855] Attempting to load component jit_convert_element_type.1570370967876931966 @ 0 at worker after 983.166us (proto size 2442)
I0828 01:47:15.511221    1294 tpu_chip_config.cc:367] Resolved chip config alias megachip_tccontrol->megacore for 2093c6a02, 
I0828 01:47:15.512713    1294 tpu_chip_config.cc:367] Resolved chip config alias megachip_tccontrol->megacore for 2093c6a02, 
I0828 01:47:15.513471    1294 xla_compilation_cache.cc:113] XLA compilation cache fetch for computation 'jit_convert_element_type' (key a7cfcd7626a1f512) took 228.429474ms: PERSISTENT_FETCH
I0828 01:47:20.405474    2924 server_lib.cc:1855] Attempting to load component jit_zt_tr_dp_parallel_bwd_head.8339433792461641280 @ 0 at worker after 1.19421ms (proto size 2534)
I0828 01:47:22.944127    1294 tpu_chip_config.cc:367] Resolved chip config alias megachip_tccontrol->megacore for 2093c6a02, 
I0828 01:47:22.947109    1294 tpu_chip_config.cc:367] Resolved chip config alias megachip_tccontrol->megacore for 2093c6a02, 
I0828 01:47:22.950765    1294 xla_compilation_cache.cc:113] XLA compilation cache fetch for computation 'jit_zt_tr_dp_parallel_bwd_head' (key 54cf6f78fc5b9acb) took 2.545302279s: PERSISTENT_FETCH
I0828 01:47:23.136731    2924 server_lib.cc:1855] Attempting to load component jit_zt_tr_dp_parallel_bwd_norm.1570370967876933163 @ 0 at worker after 1.06946ms (proto size 2523)
I0828 01:47:24.665141    1294 tpu_chip_config.cc:367] Resolved chip config alias megachip_tccontrol->megacore for 2093c6a02, 
I0828 01:47:24.666975    1294 tpu_chip_config.cc:367] Resolved chip config alias megachip_tccontrol->megacore for 2093c6a02, 
I0828 01:47:24.669132    1294 xla_compilation_cache.cc:113] XLA compilation cache fetch for computation 'jit_zt_tr_dp_parallel_bwd_norm' (key 59b6a7bcfdb3083a) took 1.532410681s: PERSISTENT_FETCH
I0828 01:47:27.448823    1805 server_lib.cc:1855] Attempting to load component jit_zt_tr_dp_parallel_bwd_layer_35.8339433792461640257 @ 0 at worker after 1.526271ms (proto size 3270)
I0828 01:47:37.028361    1294 tpu_chip_config.cc:367] Resolved chip config alias megachip_tccontrol->megacore for 2093c6a02, 
I0828 01:47:37.035244    1294 tpu_chip_config.cc:367] Resolved chip config alias megachip_tccontrol->megacore for 2093c6a02, 
I0828 01:47:37.059101    1294 xla_compilation_cache.cc:113] XLA compilation cache fetch for computation 'jit_zt_tr_dp_parallel_bwd_layer_35' (key b9b4c66ca54c6c83) took 9.610291181s: PERSISTENT_FETCH
I0828 01:47:40.583655    1805 server_lib.cc:1855] Attempting to load component jit_zt_tr_dp_parallel_bwd_layer_34.1570370967876934360 @ 0 at worker after 1.508785ms (proto size 3270)
I0828 01:47:50.375361    1294 tpu_chip_config.cc:367] Resolved chip config alias megachip_tccontrol->megacore for 2093c6a02, 
I0828 01:47:50.382278    1294 tpu_chip_config.cc:367] Resolved chip config alias megachip_tccontrol->megacore for 2093c6a02, 
I0828 01:47:50.405240    1294 xla_compilation_cache.cc:113] XLA compilation cache fetch for computation 'jit_zt_tr_dp_parallel_bwd_layer_34' (key 80b8a5b3763b6685) took 9.821596847s: PERSISTENT_FETCH
I0828 01:47:52.569137    1805 server_lib.cc:1855] Attempting to load component jit_zt_tr_dp_parallel_bwd_layer_33.8339433792461643330 @ 0 at worker after 1.569203ms (proto size 3269)
I0828 01:48:01.950931    1294 tpu_chip_config.cc:367] Resolved chip config alias megachip_tccontrol->megacore for 2093c6a02, 
I0828 01:48:01.957738    1294 tpu_chip_config.cc:367] Resolved chip config alias megachip_tccontrol->megacore for 2093c6a02, 
I0828 01:48:01.980111    1294 xla_compilation_cache.cc:113] XLA compilation cache fetch for computation 'jit_zt_tr_dp_parallel_bwd_layer_33' (key a1267594482c946) took 9.410986989s: PERSISTENT_FETCH
I0828 01:48:04.189471    1805 server_lib.cc:1855] Attempting to load component jit_zt_tr_dp_parallel_bwd_layer_32.1570370967876935557 @ 0 at worker after 1.507142ms (proto size 3270)
I0828 01:48:13.769456    1294 tpu_chip_config.cc:367] Resolved chip config alias megachip_tccontrol->megacore for 2093c6a02, 
I0828 01:48:13.776551    1294 tpu_chip_config.cc:367] Resolved chip config alias megachip_tccontrol->megacore for 2093c6a02, 
I0828 01:48:13.799957    1294 xla_compilation_cache.cc:113] XLA compilation cache fetch for computation 'jit_zt_tr_dp_parallel_bwd_layer_32' (key 7ac9494b958bbe2a) took 9.610497066s: PERSISTENT_FETCH
I0828 01:48:16.005215    1805 server_lib.cc:1855] Attempting to load component jit_zt_tr_dp_parallel_bwd_layer_31.8339433792461642307 @ 0 at worker after 1.429086ms (proto size 3269)
I0828 01:48:25.255291    1294 tpu_chip_config.cc:367] Resolved chip config alias megachip_tccontrol->megacore for 2093c6a02, 
I0828 01:48:25.262631    1294 tpu_chip_config.cc:367] Resolved chip config alias megachip_tccontrol->megacore for 2093c6a02, 
I0828 01:48:25.284732    1294 xla_compilation_cache.cc:113] XLA compilation cache fetch for computation 'jit_zt_tr_dp_parallel_bwd_layer_31' (key 8dc12c40b3dd6f8) took 9.279530376s: PERSISTENT_FETCH
I0828 01:48:27.586952    1805 server_lib.cc:1855] Attempting to load component jit_zt_tr_dp_parallel_bwd_layer_30.1570370967876932658 @ 0 at worker after 1.530447ms (proto size 3270)
I0828 01:48:38.227733    1294 tpu_chip_config.cc:367] Resolved chip config alias megachip_tccontrol->megacore for 2093c6a02, 
I0828 01:48:38.234731    1294 tpu_chip_config.cc:367] Resolved chip config alias megachip_tccontrol->megacore for 2093c6a02, 
I0828 01:48:38.257813    1294 xla_compilation_cache.cc:113] XLA compilation cache fetch for computation 'jit_zt_tr_dp_parallel_bwd_layer_30' (key f9660abccd2ccbd8) took 10.67087371s: PERSISTENT_FETCH
I0828 01:48:40.430394    1805 server_lib.cc:1855] Attempting to load component jit_zt_tr_dp_parallel_bwd_layer_29.8339433792461641284 @ 0 at worker after 1.650495ms (proto size 3270)
I0828 01:48:49.848179    1294 tpu_chip_config.cc:367] Resolved chip config alias megachip_tccontrol->megacore for 2093c6a02, 
I0828 01:48:49.855108    1294 tpu_chip_config.cc:367] Resolved chip config alias megachip_tccontrol->megacore for 2093c6a02, 
I0828 01:48:49.877172    1294 xla_compilation_cache.cc:113] XLA compilation cache fetch for computation 'jit_zt_tr_dp_parallel_bwd_layer_29' (key 420f0cc1f0715ad2) took 9.446790159s: PERSISTENT_FETCH
I0828 01:48:52.127707    1805 server_lib.cc:1855] Attempting to load component jit_zt_tr_dp_parallel_bwd_layer_28.1570370967876933855 @ 0 at worker after 1.508497ms (proto size 3270)
I0828 01:49:01.979477    1294 tpu_chip_config.cc:367] Resolved chip config alias megachip_tccontrol->megacore for 2093c6a02, 
I0828 01:49:01.986771    1294 tpu_chip_config.cc:367] Resolved chip config alias megachip_tccontrol->megacore for 2093c6a02, 
I0828 01:49:02.009209    1294 xla_compilation_cache.cc:113] XLA compilation cache fetch for computation 'jit_zt_tr_dp_parallel_bwd_layer_28' (key 4cdbbe7c4fc703dc) took 9.881515336s: PERSISTENT_FETCH
I0828 01:49:04.353767    1805 server_lib.cc:1855] Attempting to load component jit_zt_tr_dp_parallel_bwd_layer_27.8339433792461640261 @ 0 at worker after 1.542858ms (proto size 3270)
I0828 01:49:13.965256    1294 tpu_chip_config.cc:367] Resolved chip config alias megachip_tccontrol->megacore for 2093c6a02, 
I0828 01:49:13.972485    1294 tpu_chip_config.cc:367] Resolved chip config alias megachip_tccontrol->megacore for 2093c6a02, 
I0828 01:49:13.994547    1294 xla_compilation_cache.cc:113] XLA compilation cache fetch for computation 'jit_zt_tr_dp_parallel_bwd_layer_27' (key 32019174216e0cdf) took 9.640792086s: PERSISTENT_FETCH
I0828 01:49:16.402686    1805 server_lib.cc:1855] Attempting to load component jit_zt_tr_dp_parallel_bwd_layer_26.1570370967876935052 @ 0 at worker after 1.565089ms (proto size 3270)
I0828 01:49:26.128499    1294 tpu_chip_config.cc:367] Resolved chip config alias megachip_tccontrol->megacore for 2093c6a02, 
I0828 01:49:26.135723    1294 tpu_chip_config.cc:367] Resolved chip config alias megachip_tccontrol->megacore for 2093c6a02, 
I0828 01:49:26.158087    1294 xla_compilation_cache.cc:113] XLA compilation cache fetch for computation 'jit_zt_tr_dp_parallel_bwd_layer_26' (key c9a41a7df64edb32) took 9.755414183s: PERSISTENT_FETCH
I0828 01:49:29.916770    1805 server_lib.cc:1855] Attempting to load component jit_zt_tr_dp_parallel_bwd_layer_25.8339433792461643334 @ 0 at worker after 1.445616ms (proto size 3270)
I0828 01:49:39.517454    1294 tpu_chip_config.cc:367] Resolved chip config alias megachip_tccontrol->megacore for 2093c6a02, 
I0828 01:49:39.525072    1294 tpu_chip_config.cc:367] Resolved chip config alias megachip_tccontrol->megacore for 2093c6a02, 
I0828 01:49:39.547816    1294 xla_compilation_cache.cc:113] XLA compilation cache fetch for computation 'jit_zt_tr_dp_parallel_bwd_layer_25' (key 7cf05529dae3d146) took 9.631058412s: PERSISTENT_FETCH
I0828 01:49:41.760052    1805 server_lib.cc:1855] Attempting to load component jit_zt_tr_dp_parallel_bwd_layer_24.1570370967876932153 @ 0 at worker after 1.606334ms (proto size 3270)
I0828 01:49:51.192037    1294 tpu_chip_config.cc:367] Resolved chip config alias megachip_tccontrol->megacore for 2093c6a02, 
I0828 01:49:51.199003    1294 tpu_chip_config.cc:367] Resolved chip config alias megachip_tccontrol->megacore for 2093c6a02, 
I0828 01:49:51.221258    1294 xla_compilation_cache.cc:113] XLA compilation cache fetch for computation 'jit_zt_tr_dp_parallel_bwd_layer_24' (key 94769acb4ea925a0) took 9.461218735s: PERSISTENT_FETCH
I0828 01:49:53.394892    1805 server_lib.cc:1855] Attempting to load component jit_zt_tr_dp_parallel_bwd_layer_23.8339433792461642311 @ 0 at worker after 1.792514ms (proto size 3270)
I0828 01:50:02.860813    1294 tpu_chip_config.cc:367] Resolved chip config alias megachip_tccontrol->megacore for 2093c6a02, 
I0828 01:50:02.867758    1294 tpu_chip_config.cc:367] Resolved chip config alias megachip_tccontrol->megacore for 2093c6a02, 
I0828 01:50:02.890042    1294 xla_compilation_cache.cc:113] XLA compilation cache fetch for computation 'jit_zt_tr_dp_parallel_bwd_layer_23' (key a2e7f04968951d12) took 9.495162748s: PERSISTENT_FETCH
I0828 01:50:05.084879    1805 server_lib.cc:1855] Attempting to load component jit_zt_tr_dp_parallel_bwd_layer_22.1570370967876933350 @ 0 at worker after 1.381356ms (proto size 3269)
I0828 01:50:14.842557    1294 tpu_chip_config.cc:367] Resolved chip config alias megachip_tccontrol->megacore for 2093c6a02, 
I0828 01:50:14.849447    1294 tpu_chip_config.cc:367] Resolved chip config alias megachip_tccontrol->megacore for 2093c6a02, 
I0828 01:50:14.871519    1294 xla_compilation_cache.cc:113] XLA compilation cache fetch for computation 'jit_zt_tr_dp_parallel_bwd_layer_22' (key 688c158e83ac1b2) took 9.786652697s: PERSISTENT_FETCH
I0828 01:50:17.168115    1805 server_lib.cc:1855] Attempting to load component jit_zt_tr_dp_parallel_bwd_layer_21.8339433792461641288 @ 0 at worker after 1.65959ms (proto size 3270)
I0828 01:50:26.706982    1294 tpu_chip_config.cc:367] Resolved chip config alias megachip_tccontrol->megacore for 2093c6a02, 
I0828 01:50:26.714047    1294 tpu_chip_config.cc:367] Resolved chip config alias megachip_tccontrol->megacore for 2093c6a02, 
I0828 01:50:26.736083    1294 xla_compilation_cache.cc:113] XLA compilation cache fetch for computation 'jit_zt_tr_dp_parallel_bwd_layer_21' (key b17676815ec72766) took 9.567987538s: PERSISTENT_FETCH
I0828 01:50:28.985129    1805 server_lib.cc:1855] Attempting to load component jit_zt_tr_dp_parallel_bwd_layer_20.1570370967876934547 @ 0 at worker after 1.307228ms (proto size 3270)
I0828 01:50:38.665180    1294 tpu_chip_config.cc:367] Resolved chip config alias megachip_tccontrol->megacore for 2093c6a02, 
I0828 01:50:38.672482    1294 tpu_chip_config.cc:367] Resolved chip config alias megachip_tccontrol->megacore for 2093c6a02, 
I0828 01:50:38.695651    1294 xla_compilation_cache.cc:113] XLA compilation cache fetch for computation 'jit_zt_tr_dp_parallel_bwd_layer_20' (key 6f133f800ec5f767) took 9.710534632s: PERSISTENT_FETCH
I0828 01:50:40.943729    1805 server_lib.cc:1855] Attempting to load component jit_zt_tr_dp_parallel_bwd_layer_19.8339433792461640265 @ 0 at worker after 1.571016ms (proto size 3270)
I0828 01:50:50.485579    1294 tpu_chip_config.cc:367] Resolved chip config alias megachip_tccontrol->megacore for 2093c6a02, 
I0828 01:50:50.492642    1294 tpu_chip_config.cc:367] Resolved chip config alias megachip_tccontrol->megacore for 2093c6a02, 
I0828 01:50:50.515470    1294 xla_compilation_cache.cc:113] XLA compilation cache fetch for computation 'jit_zt_tr_dp_parallel_bwd_layer_19' (key 41a106109306c2cb) took 9.571753104s: PERSISTENT_FETCH
I0828 01:50:52.707517    1805 server_lib.cc:1855] Attempting to load component jit_zt_tr_dp_parallel_bwd_layer_18.1570370967876931648 @ 0 at worker after 1.580756ms (proto size 3270)
I0828 01:51:02.550094    1294 tpu_chip_config.cc:367] Resolved chip config alias megachip_tccontrol->megacore for 2093c6a02, 
I0828 01:51:02.557255    1294 tpu_chip_config.cc:367] Resolved chip config alias megachip_tccontrol->megacore for 2093c6a02, 
I0828 01:51:02.580140    1294 xla_compilation_cache.cc:113] XLA compilation cache fetch for computation 'jit_zt_tr_dp_parallel_bwd_layer_18' (key 4f39cda4d6f673e6) took 9.872636432s: PERSISTENT_FETCH
I0828 01:51:04.795510    1805 server_lib.cc:1855] Attempting to load component jit_zt_tr_dp_parallel_bwd_layer_17.8339433792461643338 @ 0 at worker after 1.437415ms (proto size 3269)
I0828 01:51:13.934906    1294 tpu_chip_config.cc:367] Resolved chip config alias megachip_tccontrol->megacore for 2093c6a02, 
I0828 01:51:13.941801    1294 tpu_chip_config.cc:367] Resolved chip config alias megachip_tccontrol->megacore for 2093c6a02, 
I0828 01:51:13.964198    1294 xla_compilation_cache.cc:113] XLA compilation cache fetch for computation 'jit_zt_tr_dp_parallel_bwd_layer_17' (key 4cbf2e00417657b) took 9.168701513s: PERSISTENT_FETCH
I0828 01:51:16.166559    1805 server_lib.cc:1855] Attempting to load component jit_zt_tr_dp_parallel_bwd_layer_16.1570370967876932845 @ 0 at worker after 1.57877ms (proto size 3270)
I0828 01:51:25.656514    1294 tpu_chip_config.cc:367] Resolved chip config alias megachip_tccontrol->megacore for 2093c6a02, 
I0828 01:51:25.663919    1294 tpu_chip_config.cc:367] Resolved chip config alias megachip_tccontrol->megacore for 2093c6a02, 
I0828 01:51:25.686364    1294 xla_compilation_cache.cc:113] XLA compilation cache fetch for computation 'jit_zt_tr_dp_parallel_bwd_layer_16' (key 835a44b04d7a8729) took 9.519816994s: PERSISTENT_FETCH
I0828 01:51:29.622247    1805 server_lib.cc:1855] Attempting to load component jit_zt_tr_dp_parallel_bwd_layer_15.8339433792461642315 @ 0 at worker after 1.575818ms (proto size 3270)
I0828 01:51:39.399131    1294 tpu_chip_config.cc:367] Resolved chip config alias megachip_tccontrol->megacore for 2093c6a02, 
I0828 01:51:39.406320    1294 tpu_chip_config.cc:367] Resolved chip config alias megachip_tccontrol->megacore for 2093c6a02, 
I0828 01:51:39.428609    1294 xla_compilation_cache.cc:113] XLA compilation cache fetch for computation 'jit_zt_tr_dp_parallel_bwd_layer_15' (key a6c3b47140542ea3) took 9.806373991s: PERSISTENT_FETCH
I0828 01:51:41.703429    3038 server_lib.cc:1855] Attempting to load component jit_zt_tr_dp_parallel_bwd_layer_14.1570370967876934042 @ 0 at worker after 1.553337ms (proto size 3270)
I0828 01:51:51.051616    1294 tpu_chip_config.cc:367] Resolved chip config alias megachip_tccontrol->megacore for 2093c6a02, 
I0828 01:51:51.058910    1294 tpu_chip_config.cc:367] Resolved chip config alias megachip_tccontrol->megacore for 2093c6a02, 
I0828 01:51:51.080769    1294 xla_compilation_cache.cc:113] XLA compilation cache fetch for computation 'jit_zt_tr_dp_parallel_bwd_layer_14' (key 7fe2b6aa7b3c9f5f) took 9.377353478s: PERSISTENT_FETCH
I0828 01:51:53.358328    3038 server_lib.cc:1855] Attempting to load component jit_zt_tr_dp_parallel_bwd_layer_13.8339433792461641292 @ 0 at worker after 1.485444ms (proto size 3270)
I0828 01:52:02.760237    1294 tpu_chip_config.cc:367] Resolved chip config alias megachip_tccontrol->megacore for 2093c6a02, 
I0828 01:52:02.767300    1294 tpu_chip_config.cc:367] Resolved chip config alias megachip_tccontrol->megacore for 2093c6a02, 
I0828 01:52:02.790366    1294 xla_compilation_cache.cc:113] XLA compilation cache fetch for computation 'jit_zt_tr_dp_parallel_bwd_layer_13' (key 4f699cbb7252a85d) took 9.4320493s: PERSISTENT_FETCH
I0828 01:52:04.996257    3038 server_lib.cc:1855] Attempting to load component jit_zt_tr_dp_parallel_bwd_layer_12.1570370967876935239 @ 0 at worker after 1.428898ms (proto size 3270)
I0828 01:52:14.427908    1294 tpu_chip_config.cc:367] Resolved chip config alias megachip_tccontrol->megacore for 2093c6a02, 
I0828 01:52:14.435029    1294 tpu_chip_config.cc:367] Resolved chip config alias megachip_tccontrol->megacore for 2093c6a02, 
I0828 01:52:14.457840    1294 xla_compilation_cache.cc:113] XLA compilation cache fetch for computation 'jit_zt_tr_dp_parallel_bwd_layer_12' (key f7a693a1f6ef70a9) took 9.461595489s: PERSISTENT_FETCH
I0828 01:52:16.648087    3038 server_lib.cc:1855] Attempting to load component jit_zt_tr_dp_parallel_bwd_layer_11.8339433792461640269 @ 0 at worker after 1.519316ms (proto size 3270)
I0828 01:52:25.887801    1294 tpu_chip_config.cc:367] Resolved chip config alias megachip_tccontrol->megacore for 2093c6a02, 
I0828 01:52:25.895326    1294 tpu_chip_config.cc:367] Resolved chip config alias megachip_tccontrol->megacore for 2093c6a02, 
I0828 01:52:25.917719    1294 xla_compilation_cache.cc:113] XLA compilation cache fetch for computation 'jit_zt_tr_dp_parallel_bwd_layer_11' (key 4bbd0e9796f7cc3a) took 9.269643735s: PERSISTENT_FETCH
I0828 01:52:28.117509    3038 server_lib.cc:1855] Attempting to load component jit_zt_tr_dp_parallel_bwd_layer_10.1570370967876932340 @ 0 at worker after 1.342612ms (proto size 3270)
I0828 01:52:37.553606    1294 tpu_chip_config.cc:367] Resolved chip config alias megachip_tccontrol->megacore for 2093c6a02, 
I0828 01:52:37.561254    1294 tpu_chip_config.cc:367] Resolved chip config alias megachip_tccontrol->megacore for 2093c6a02, 
I0828 01:52:37.584093    1294 xla_compilation_cache.cc:113] XLA compilation cache fetch for computation 'jit_zt_tr_dp_parallel_bwd_layer_10' (key 3f06daa512e80063) took 9.466597624s: PERSISTENT_FETCH
I0828 01:52:39.785291    3038 server_lib.cc:1855] Attempting to load component jit_zt_tr_dp_parallel_bwd_layer_09.8339433792461643342 @ 0 at worker after 1.272575ms (proto size 3270)
I0828 01:52:49.348985    1294 tpu_chip_config.cc:367] Resolved chip config alias megachip_tccontrol->megacore for 2093c6a02, 
I0828 01:52:49.356665    1294 tpu_chip_config.cc:367] Resolved chip config alias megachip_tccontrol->megacore for 2093c6a02, 
I0828 01:52:49.379089    1294 xla_compilation_cache.cc:113] XLA compilation cache fetch for computation 'jit_zt_tr_dp_parallel_bwd_layer_09' (key 687ddeb973d91e59) took 9.593809632s: PERSISTENT_FETCH
I0828 01:52:51.582354    3038 server_lib.cc:1855] Attempting to load component jit_zt_tr_dp_parallel_bwd_layer_08.1570370967876933537 @ 0 at worker after 1.66644ms (proto size 3270)
I0828 01:53:00.956144    1294 tpu_chip_config.cc:367] Resolved chip config alias megachip_tccontrol->megacore for 2093c6a02, 
I0828 01:53:00.964340    1294 tpu_chip_config.cc:367] Resolved chip config alias megachip_tccontrol->megacore for 2093c6a02, 
I0828 01:53:00.987936    1294 xla_compilation_cache.cc:113] XLA compilation cache fetch for computation 'jit_zt_tr_dp_parallel_bwd_layer_08' (key be40b1b3e9408510) took 9.405593053s: PERSISTENT_FETCH
I0828 01:53:03.147541    3038 server_lib.cc:1855] Attempting to load component jit_zt_tr_dp_parallel_bwd_layer_07.8339433792461642319 @ 0 at worker after 1.600619ms (proto size 3270)
I0828 01:53:12.559667    1294 tpu_chip_config.cc:367] Resolved chip config alias megachip_tccontrol->megacore for 2093c6a02, 
I0828 01:53:12.567457    1294 tpu_chip_config.cc:367] Resolved chip config alias megachip_tccontrol->megacore for 2093c6a02, 
I0828 01:53:12.590503    1294 xla_compilation_cache.cc:113] XLA compilation cache fetch for computation 'jit_zt_tr_dp_parallel_bwd_layer_07' (key f3641a8ad6cffb22) took 9.442972939s: PERSISTENT_FETCH
I0828 01:53:14.833208    3084 server_lib.cc:1855] Attempting to load component jit_zt_tr_dp_parallel_bwd_layer_06.1570370967876934734 @ 0 at worker after 1.346371ms (proto size 3270)
I0828 01:53:24.206359    1294 tpu_chip_config.cc:367] Resolved chip config alias megachip_tccontrol->megacore for 2093c6a02, 
I0828 01:53:24.213576    1294 tpu_chip_config.cc:367] Resolved chip config alias megachip_tccontrol->megacore for 2093c6a02, 
I0828 01:53:24.235985    1294 xla_compilation_cache.cc:113] XLA compilation cache fetch for computation 'jit_zt_tr_dp_parallel_bwd_layer_06' (key 19a08eba3b3ca786) took 9.402789883s: PERSISTENT_FETCH
I0828 01:53:26.444101    3084 server_lib.cc:1855] Attempting to load component jit_zt_tr_dp_parallel_bwd_layer_05.8339433792461641296 @ 0 at worker after 1.619205ms (proto size 3270)
I0828 01:53:36.553219    1294 tpu_chip_config.cc:367] Resolved chip config alias megachip_tccontrol->megacore for 2093c6a02, 
I0828 01:53:36.561380    1294 tpu_chip_config.cc:367] Resolved chip config alias megachip_tccontrol->megacore for 2093c6a02, 
I0828 01:53:36.584963    1294 xla_compilation_cache.cc:113] XLA compilation cache fetch for computation 'jit_zt_tr_dp_parallel_bwd_layer_05' (key e9e6a44cfcee4be2) took 10.140875138s: PERSISTENT_FETCH
I0828 01:53:40.663357    3084 server_lib.cc:1855] Attempting to load component jit_zt_tr_dp_parallel_bwd_layer_04.1570370967876931835 @ 0 at worker after 1.542647ms (proto size 3270)
I0828 01:53:49.988937    1294 tpu_chip_config.cc:367] Resolved chip config alias megachip_tccontrol->megacore for 2093c6a02, 
I0828 01:53:49.996746    1294 tpu_chip_config.cc:367] Resolved chip config alias megachip_tccontrol->megacore for 2093c6a02, 
I0828 01:53:50.019530    1294 xla_compilation_cache.cc:113] XLA compilation cache fetch for computation 'jit_zt_tr_dp_parallel_bwd_layer_04' (key 7c956ccc0029eea7) took 9.356184976s: PERSISTENT_FETCH
I0828 01:53:52.225205    3038 server_lib.cc:1855] Attempting to load component jit_zt_tr_dp_parallel_bwd_layer_03.8339433792461640273 @ 0 at worker after 1.586361ms (proto size 3270)
I0828 01:54:01.222288    1294 tpu_chip_config.cc:367] Resolved chip config alias megachip_tccontrol->megacore for 2093c6a02, 
I0828 01:54:01.229488    1294 tpu_chip_config.cc:367] Resolved chip config alias megachip_tccontrol->megacore for 2093c6a02, 
I0828 01:54:01.252256    1294 xla_compilation_cache.cc:113] XLA compilation cache fetch for computation 'jit_zt_tr_dp_parallel_bwd_layer_03' (key 75a873986704e0d2) took 9.027063458s: PERSISTENT_FETCH
I0828 01:54:03.455066    3038 server_lib.cc:1855] Attempting to load component jit_zt_tr_dp_parallel_bwd_layer_02.1570370967876933032 @ 0 at worker after 1.442615ms (proto size 3270)
I0828 01:54:12.683422    1294 tpu_chip_config.cc:367] Resolved chip config alias megachip_tccontrol->megacore for 2093c6a02, 
I0828 01:54:12.690568    1294 tpu_chip_config.cc:367] Resolved chip config alias megachip_tccontrol->megacore for 2093c6a02, 
I0828 01:54:12.712915    1294 xla_compilation_cache.cc:113] XLA compilation cache fetch for computation 'jit_zt_tr_dp_parallel_bwd_layer_02' (key a904504c5ffabf92) took 9.257862657s: PERSISTENT_FETCH
I0828 01:54:14.902844    3038 server_lib.cc:1855] Attempting to load component jit_zt_tr_dp_parallel_bwd_layer_01.8339433792461643346 @ 0 at worker after 1.29998ms (proto size 3270)
I0828 01:54:24.854199    1294 tpu_chip_config.cc:367] Resolved chip config alias megachip_tccontrol->megacore for 2093c6a02, 
I0828 01:54:24.861027    1294 tpu_chip_config.cc:367] Resolved chip config alias megachip_tccontrol->megacore for 2093c6a02, 
I0828 01:54:24.883945    1294 xla_compilation_cache.cc:113] XLA compilation cache fetch for computation 'jit_zt_tr_dp_parallel_bwd_layer_01' (key 81c3dc4710230b18) took 9.981112589s: PERSISTENT_FETCH
I0828 01:54:27.071072    3038 server_lib.cc:1855] Attempting to load component jit_zt_tr_dp_parallel_bwd_layer_00.1570370967876934229 @ 0 at worker after 1.531479ms (proto size 3270)
I0828 01:54:36.343031    1294 tpu_chip_config.cc:367] Resolved chip config alias megachip_tccontrol->megacore for 2093c6a02, 
I0828 01:54:36.349978    1294 tpu_chip_config.cc:367] Resolved chip config alias megachip_tccontrol->megacore for 2093c6a02, 
I0828 01:54:36.359896    3038 server_lib.cc:1855] Attempting to load component jit_zt_tr_dp_parallel_bwd_embed.8339433792461642323 @ 0 at worker after 1.453366ms (proto size 2480)
I0828 01:54:36.373166    1294 xla_compilation_cache.cc:113] XLA compilation cache fetch for computation 'jit_zt_tr_dp_parallel_bwd_layer_00' (key cbf62b4748ec776b) took 9.302106856s: PERSISTENT_FETCH
I0828 01:54:37.739740    1295 tpu_chip_config.cc:367] Resolved chip config alias megachip_tccontrol->megacore for 2093c6a02, 
I0828 01:54:37.741826    1295 tpu_chip_config.cc:367] Resolved chip config alias megachip_tccontrol->megacore for 2093c6a02, 
I0828 01:54:37.743369    1295 xla_compilation_cache.cc:113] XLA compilation cache fetch for computation 'jit_zt_tr_dp_parallel_bwd_embed' (key 15f73fd1efc94b13) took 1.383484885s: PERSISTENT_FETCH
I0828 01:54:37.796241    2898 server_lib.cc:1855] Attempting to load component jit_zt_tr_grad_tree_start.1570370967876931729 @ 0 at worker after 1.761489ms (proto size 24458)
I0828 01:54:39.546328    1295 tpu_chip_config.cc:367] Resolved chip config alias megachip_tccontrol->megacore for 2093c6a02, 
I0828 01:54:39.550672    1295 tpu_chip_config.cc:367] Resolved chip config alias megachip_tccontrol->megacore for 2093c6a02, 
I0828 01:54:39.561361    1295 xla_compilation_cache.cc:113] XLA compilation cache fetch for computation 'jit_zt_tr_grad_tree_start' (key 75b764dbcc47a0ee) took 1.765131622s: PERSISTENT_FETCH
W0828 01:54:39.596984    1434 tpu_pjrt_client.cc:2349] PjRt execution dispatch was blocked for 1.565268ms because PjRt's max in-flight computation semaphore is full (limit: 32), which may negatively affect the performance
I0828 01:54:44.576727    3084 server_lib.cc:1855] Attempting to load component jit_zt_tr_grad_tree_add.4583327957303544057 @ 0 at worker after 10.65844ms (proto size 36142)
I0828 01:54:47.007264    1295 tpu_chip_config.cc:367] Resolved chip config alias megachip_tccontrol->megacore for 2093c6a02, 
I0828 01:54:47.010535    1295 tpu_chip_config.cc:367] Resolved chip config alias megachip_tccontrol->megacore for 2093c6a02, 
I0828 01:54:47.017647    1295 xla_compilation_cache.cc:113] XLA compilation cache fetch for computation 'jit_zt_tr_grad_tree_add' (key 65b2b6b61bdac38f) took 2.440933576s: PERSISTENT_FETCH
I0828 01:55:13.427776    3084 server_lib.cc:1855] Attempting to load component jit_zt_tr_grad_assembly.4583327957303543568 @ 0 at worker after 4.085226ms (proto size 24454)
I0828 01:55:15.376485    1295 tpu_chip_config.cc:367] Resolved chip config alias megachip_tccontrol->megacore for 2093c6a02, 
I0828 01:55:15.379694    1295 tpu_chip_config.cc:367] Resolved chip config alias megachip_tccontrol->megacore for 2093c6a02, 
I0828 01:55:15.390403    1295 xla_compilation_cache.cc:113] XLA compilation cache fetch for computation 'jit_zt_tr_grad_assembly' (key c931fade2a18f5c2) took 1.962639971s: PERSISTENT_FETCH
I0828 01:55:15.392415    1805 server_lib.cc:1855] Attempting to load component jit_equal.1570370967876934098 @ 0 at worker after 1.007321ms (proto size 2432)
I0828 01:55:15.634471    3084 server_lib.cc:1855] Attempting to load component jit__reduce_all.4583327957303545319 @ 0 at worker after 837.024us (proto size 2407)
I0828 01:55:15.636172    1295 tpu_chip_config.cc:367] Resolved chip config alias megachip_tccontrol->megacore for 2093c6a02, 
I0828 01:55:15.637634    1295 tpu_chip_config.cc:367] Resolved chip config alias megachip_tccontrol->megacore for 2093c6a02, 
I0828 01:55:15.638400    1295 xla_compilation_cache.cc:113] XLA compilation cache fetch for computation 'jit_equal' (key 20f45ebefb1d7b86) took 245.999581ms: PERSISTENT_FETCH
I0828 01:55:15.863392    1294 tpu_chip_config.cc:367] Resolved chip config alias megachip_tccontrol->megacore for 2093c6a02, 
I0828 01:55:15.864895    1294 tpu_chip_config.cc:367] Resolved chip config alias megachip_tccontrol->megacore for 2093c6a02, 
I0828 01:55:15.865776    1294 xla_compilation_cache.cc:113] XLA compilation cache fetch for computation 'jit__reduce_all' (key 58205a87e3e347f2) took 231.315266ms: PERSISTENT_FETCH
I0828 01:55:16.433146    3084 server_lib.cc:1855] Attempting to load component jit_zt_tr_dp_parallel_bwd_adjoint.1570370967876935295 @ 0 at worker after 1.928184ms (proto size 25136)
I0828 01:55:19.712495    1294 tpu_chip_config.cc:367] Resolved chip config alias megachip_tccontrol->megacore for 2093c6a02, 
I0828 01:55:19.722774    1294 tpu_chip_config.cc:367] Resolved chip config alias megachip_tccontrol->megacore for 2093c6a02, 
I0828 01:55:19.729471    1294 xla_compilation_cache.cc:113] XLA compilation cache fetch for computation 'jit_zt_tr_dp_parallel_bwd_adjoint' (key 8071772276a28a6f) took 3.296333716s: PERSISTENT_FETCH
I0828 01:55:19.784014    3084 server_lib.cc:1855] Attempting to load component jit_count_nonzero.4583327957303542974 @ 0 at worker after 1.160389ms (proto size 2422)
I0828 01:55:20.173169    1294 tpu_chip_config.cc:367] Resolved chip config alias megachip_tccontrol->megacore for 2093c6a02, 
I0828 01:55:20.174761    1294 tpu_chip_config.cc:367] Resolved chip config alias megachip_tccontrol->megacore for 2093c6a02, 
I0828 01:55:20.175661    1294 xla_compilation_cache.cc:113] XLA compilation cache fetch for computation 'jit_count_nonzero' (key f24c2d415f35895f) took 391.65634ms: PERSISTENT_FETCH
I0828 01:55:21.660573    1805 server_lib.cc:1855] Attempting to load component jit__gradient_diagnostics.1570370967876932396 @ 0 at worker after 1.961602ms (proto size 13466)
I0828 01:55:35.538668    1294 tpu_chip_config.cc:367] Resolved chip config alias megachip_tccontrol->megacore for 2093c6a02, 
I0828 01:55:35.561517    1294 tpu_chip_config.cc:367] Resolved chip config alias megachip_tccontrol->megacore for 2093c6a02, 
I0828 01:55:35.616077    1294 xla_compilation_cache.cc:113] XLA compilation cache fetch for computation 'jit__gradient_diagnostics' (key 74ba67ed680660ae) took 13.955518002s: PERSISTENT_FETCH
I0828 01:55:36.710687    1805 server_lib.cc:1855] Attempting to load component jit_reduce_local.5931769989172991073 @ 0 at worker after 2.09684ms (proto size 23905)
I0828 01:56:19.742003    1805 server_lib.cc:1855] Attempting to load component jit__gradient_finite_flags.15568662364271770406 @ 0 at worker after 1.686888ms (proto size 12246)
I0828 01:56:19.865141    1294 tpu_chip_config.cc:367] Resolved chip config alias megachip_tccontrol->megacore for 2093c6a02, 
I0828 01:56:19.908334    1294 tpu_chip_config.cc:367] Resolved chip config alias megachip_tccontrol->megacore for 2093c6a02, 
I0828 01:56:19.963427    1294 xla_compilation_cache.cc:113] XLA compilation cache fetch for computation 'jit_reduce_local' (key 7686b5619a3ef5b6) took 43.252754734s: PERSISTENT_FETCH
I0828 01:56:23.229517    1295 tpu_chip_config.cc:367] Resolved chip config alias megachip_tccontrol->megacore for 2093c6a02, 
I0828 01:56:23.237144    1295 tpu_chip_config.cc:367] Resolved chip config alias megachip_tccontrol->megacore for 2093c6a02, 
I0828 01:56:23.250872    1295 xla_compilation_cache.cc:113] XLA compilation cache fetch for computation 'jit__gradient_finite_flags' (key 5487cd548072e0de) took 3.508883338s: PERSISTENT_FETCH
I0828 01:56:23.516555    2924 server_lib.cc:1855] Attempting to load component jit_compare_local.4583327957303544725 @ 0 at worker after 1.483786ms (proto size 12226)
I0828 01:56:44.775448    1295 tpu_chip_config.cc:367] Resolved chip config alias megachip_tccontrol->megacore for 2093c6a02, 
I0828 01:56:44.785709    1295 tpu_chip_config.cc:367] Resolved chip config alias megachip_tccontrol->megacore for 2093c6a02, 
I0828 01:56:44.802724    1295 xla_compilation_cache.cc:113] XLA compilation cache fetch for computation 'jit_compare_local' (key 2356cac6126dff6f) took 21.28618173s: PERSISTENT_FETCH
I0828 01:56:44.904030    3038 server_lib.cc:1855] Attempting to load component jit_count_nonzero.1570370967876933593 @ 0 at worker after 1.295267ms (proto size 2413)
I0828 01:56:45.249967    1295 tpu_chip_config.cc:367] Resolved chip config alias megachip_tccontrol->megacore for 2093c6a02, 
I0828 01:56:45.251573    1295 tpu_chip_config.cc:367] Resolved chip config alias megachip_tccontrol->megacore for 2093c6a02, 
I0828 01:56:45.252422    1295 xla_compilation_cache.cc:113] XLA compilation cache fetch for computation 'jit_count_nonzero' (key 75352af856727f54) took 348.404435ms: PERSISTENT_FETCH
I0828 01:56:45.278535    3038 server_lib.cc:1855] Attempting to load component jit_count_nonzero.1182302940440489771 @ 0 at worker after 892.706us (proto size 2408)
I0828 01:56:45.483945    1295 tpu_chip_config.cc:367] Resolved chip config alias megachip_tccontrol->megacore for 2093c6a02, 
I0828 01:56:45.485374    1295 tpu_chip_config.cc:367] Resolved chip config alias megachip_tccontrol->megacore for 2093c6a02, 
I0828 01:56:45.486163    1295 xla_compilation_cache.cc:113] XLA compilation cache fetch for computation 'jit_count_nonzero' (key 4d8e2b72ff8d2bc3) took 207.634978ms: PERSISTENT_FETCH
I0828 01:56:45.521153    3084 server_lib.cc:1855] Attempting to load component jit_count_nonzero.1570370967876934790 @ 0 at worker after 896.765us (proto size 2408)
I0828 01:56:45.745641    1295 tpu_chip_config.cc:367] Resolved chip config alias megachip_tccontrol->megacore for 2093c6a02, 
I0828 01:56:45.747111    1295 tpu_chip_config.cc:367] Resolved chip config alias megachip_tccontrol->megacore for 2093c6a02, 
I0828 01:56:45.747893    1295 xla_compilation_cache.cc:113] XLA compilation cache fetch for computation 'jit_count_nonzero' (key def88f80a22981ca) took 226.750044ms: PERSISTENT_FETCH
I0828 01:56:45.883071    1805 server_lib.cc:1855] Attempting to load component jit_count_nonzero.1182302940440489590 @ 0 at worker after 1.09331ms (proto size 2415)
I0828 01:56:46.243837    1295 tpu_chip_config.cc:367] Resolved chip config alias megachip_tccontrol->megacore for 2093c6a02, 
I0828 01:56:46.245353    1295 tpu_chip_config.cc:367] Resolved chip config alias megachip_tccontrol->megacore for 2093c6a02, 
I0828 01:56:46.246160    1295 xla_compilation_cache.cc:113] XLA compilation cache fetch for computation 'jit_count_nonzero' (key e161f35162eb7e62) took 363.101816ms: PERSISTENT_FETCH
I0828 01:56:46.268780    3038 server_lib.cc:1855] Attempting to load component jit_count_nonzero.1570370967876931891 @ 0 at worker after 1.148704ms (proto size 2415)
I0828 01:56:46.583071    1295 tpu_chip_config.cc:367] Resolved chip config alias megachip_tccontrol->megacore for 2093c6a02, 
I0828 01:56:46.584536    1295 tpu_chip_config.cc:367] Resolved chip config alias megachip_tccontrol->megacore for 2093c6a02, 
I0828 01:56:46.585339    1295 xla_compilation_cache.cc:113] XLA compilation cache fetch for computation 'jit_count_nonzero' (key 425026c19decb847) took 316.566922ms: PERSISTENT_FETCH
I0828 01:56:46.623391    3038 server_lib.cc:1855] Attempting to load component jit_count_nonzero.1182302940440489409 @ 0 at worker after 1.031115ms (proto size 2415)
I0828 01:56:46.967866    1295 tpu_chip_config.cc:367] Resolved chip config alias megachip_tccontrol->megacore for 2093c6a02, 
I0828 01:56:46.969345    1295 tpu_chip_config.cc:367] Resolved chip config alias megachip_tccontrol->megacore for 2093c6a02, 
I0828 01:56:46.970167    1295 xla_compilation_cache.cc:113] XLA compilation cache fetch for computation 'jit_count_nonzero' (key 316d29e9b2c76a8d) took 346.782626ms: PERSISTENT_FETCH
I0828 01:56:47.009433    2924 server_lib.cc:1855] Attempting to load component jit_count_nonzero.1570370967876933088 @ 0 at worker after 979.401us (proto size 2412)
I0828 01:56:47.304897    1295 tpu_chip_config.cc:367] Resolved chip config alias megachip_tccontrol->megacore for 2093c6a02, 
I0828 01:56:47.306335    1295 tpu_chip_config.cc:367] Resolved chip config alias megachip_tccontrol->megacore for 2093c6a02, 
I0828 01:56:47.307107    1295 xla_compilation_cache.cc:113] XLA compilation cache fetch for computation 'jit_count_nonzero' (key 952d9fe57c405bcb) took 297.681631ms: PERSISTENT_FETCH
I0828 01:56:47.512434    3084 server_lib.cc:1855] Attempting to load component jit_count_nonzero.1182302940440489228 @ 0 at worker after 1.069718ms (proto size 2412)
I0828 01:56:47.822487    1295 tpu_chip_config.cc:367] Resolved chip config alias megachip_tccontrol->megacore for 2093c6a02, 
I0828 01:56:47.823990    1295 tpu_chip_config.cc:367] Resolved chip config alias megachip_tccontrol->megacore for 2093c6a02, 
I0828 01:56:47.824806    1295 xla_compilation_cache.cc:113] XLA compilation cache fetch for computation 'jit_count_nonzero' (key 35cb0f8509347705) took 312.381025ms: PERSISTENT_FETCH
I0828 01:56:49.093871    1805 server_lib.cc:1855] Attempting to load component jit_count_nonzero.1570370967876934285 @ 0 at worker after 965.036us (proto size 2413)
I0828 01:56:49.423591    1295 tpu_chip_config.cc:367] Resolved chip config alias megachip_tccontrol->megacore for 2093c6a02, 
I0828 01:56:49.425177    1295 tpu_chip_config.cc:367] Resolved chip config alias megachip_tccontrol->megacore for 2093c6a02, 
I0828 01:56:49.426005    1295 xla_compilation_cache.cc:113] XLA compilation cache fetch for computation 'jit_count_nonzero' (key 268c10353c8a8b5d) took 332.146293ms: PERSISTENT_FETCH
I0828 01:56:50.839005    1805 server_lib.cc:1855] Attempting to load component jit__precomputed_gradient_scaled_step.1570370967876935482 @ 0 at worker after 2.614666ms (proto size 42454)
I0828 01:57:10.472840    1295 tpu_chip_config.cc:367] Resolved chip config alias megachip_tccontrol->megacore for 2093c6a02, 
I0828 01:57:10.506878    1295 tpu_chip_config.cc:367] Resolved chip config alias megachip_tccontrol->megacore for 2093c6a02, 
I0828 01:57:10.566959    1295 xla_compilation_cache.cc:113] XLA compilation cache fetch for computation 'jit__precomputed_gradient_scaled_step' (key 54fd99be6e3fd4c1) took 19.727966187s: PERSISTENT_FETCH
W0828 01:57:11.079042    1431 tpu_pjrt_client.cc:2349] PjRt execution dispatch was blocked for 1.706824ms because PjRt's max in-flight computation semaphore is full (limit: 32), which may negatively affect the performance
I0828 01:57:53.223413    3038 server_lib.cc:1855] Attempting to load component jit__precomputed_gradient_scaled_step.1572066981968337840 @ 0 at worker after 2.866651ms (proto size 42454)
I0828 01:58:13.144125    1295 tpu_chip_config.cc:367] Resolved chip config alias megachip_tccontrol->megacore for 2093c6a02, 
I0828 01:58:13.178526    1295 tpu_chip_config.cc:367] Resolved chip config alias megachip_tccontrol->megacore for 2093c6a02, 
I0828 01:58:13.237688    1295 xla_compilation_cache.cc:113] XLA compilation cache fetch for computation 'jit__precomputed_gradient_scaled_step' (key 74c3b6cf4cd93cc6) took 20.014289875s: PERSISTENT_FETCH
W0828 01:58:13.639595    1433 tpu_pjrt_client.cc:2349] PjRt execution dispatch was blocked for 1.338227ms because PjRt's max in-flight computation semaphore is full (limit: 32), which may negatively affect the performance
W0828 01:59:15.316662    1431 tpu_pjrt_client.cc:2349] PjRt execution dispatch was blocked for 77.081867ms because PjRt's max in-flight computation semaphore is full (limit: 32), which may negatively affect the performance
W0828 02:00:17.727372    1431 tpu_pjrt_client.cc:2349] PjRt execution dispatch was blocked for 105.783415ms because PjRt's max in-flight computation semaphore is full (limit: 32), which may negatively affect the performance
I0828 02:00:49.539467    3084 server_lib.cc:1855] Attempting to load component jit_scatter-add.4583327957303543239 @ 0 at worker after 942.032us (proto size 2472)
I0828 02:00:50.123833    1295 tpu_chip_config.cc:367] Resolved chip config alias megachip_tccontrol->megacore for 2093c6a02, 
I0828 02:00:50.125668    1295 tpu_chip_config.cc:367] Resolved chip config alias megachip_tccontrol->megacore for 2093c6a02, 
I0828 02:00:50.126876    1295 xla_compilation_cache.cc:113] XLA compilation cache fetch for computation 'jit_scatter-add' (key 66d2a83e67b04b98) took 587.420783ms: PERSISTENT_FETCH
I0828 02:00:51.507406    2898 server_lib.cc:1855] Attempting to load component jit_gather.4583327957303543740 @ 0 at worker after 918.356us (proto size 2430)
I0828 02:00:51.767430    1295 tpu_chip_config.cc:367] Resolved chip config alias megachip_tccontrol->megacore for 2093c6a02, 
I0828 02:00:51.769141    1295 tpu_chip_config.cc:367] Resolved chip config alias megachip_tccontrol->megacore for 2093c6a02, 
I0828 02:00:51.770036    1295 xla_compilation_cache.cc:113] XLA compilation cache fetch for computation 'jit_gather' (key 1c87c442e1b3bf4f) took 262.639333ms: PERSISTENT_FETCH
W0828 02:01:20.384680    1433 tpu_pjrt_client.cc:2349] PjRt execution dispatch was blocked for 75.248331ms because PjRt's max in-flight computation semaphore is full (limit: 32), which may negatively affect the performance
W0828 02:02:23.265526    1431 tpu_pjrt_client.cc:2349] PjRt execution dispatch was blocked for 97.928989ms because PjRt's max in-flight computation semaphore is full (limit: 32), which may negatively affect the performance
I0828 02:02:26.236955    2898 server_lib.cc:1855] Attempting to load component jit_scatter-add.1570370967876933498 @ 0 at worker after 1.119491ms (proto size 2472)
I0828 02:02:26.836780    1295 tpu_chip_config.cc:367] Resolved chip config alias megachip_tccontrol->megacore for 2093c6a02, 
I0828 02:02:26.838623    1295 tpu_chip_config.cc:367] Resolved chip config alias megachip_tccontrol->megacore for 2093c6a02, 
I0828 02:02:26.839897    1295 xla_compilation_cache.cc:113] XLA compilation cache fetch for computation 'jit_scatter-add' (key 20bb0b6e9e33abc7) took 602.954203ms: PERSISTENT_FETCH
I0828 02:02:28.336116    3084 server_lib.cc:1855] Attempting to load component jit_gather.1572066981968336227 @ 0 at worker after 898.231us (proto size 2430)
I0828 02:02:28.547123    1295 tpu_chip_config.cc:367] Resolved chip config alias megachip_tccontrol->megacore for 2093c6a02, 
I0828 02:02:28.548877    1295 tpu_chip_config.cc:367] Resolved chip config alias megachip_tccontrol->megacore for 2093c6a02, 
I0828 02:02:28.549776    1295 xla_compilation_cache.cc:113] XLA compilation cache fetch for computation 'jit_gather' (key 8d0a3f7c5a817808) took 213.669645ms: PERSISTENT_FETCH
W0828 02:03:26.032044    1434 tpu_pjrt_client.cc:2349] PjRt execution dispatch was blocked for 94.403976ms because PjRt's max in-flight computation semaphore is full (limit: 32), which may negatively affect the performance
I0828 02:03:38.445824    3084 server_lib.cc:1855] Attempting to load component jit_scatter-add.1570370967876932201 @ 0 at worker after 942.348us (proto size 2472)
I0828 02:03:39.017501    1295 tpu_chip_config.cc:367] Resolved chip config alias megachip_tccontrol->megacore for 2093c6a02, 
I0828 02:03:39.019392    1295 tpu_chip_config.cc:367] Resolved chip config alias megachip_tccontrol->megacore for 2093c6a02, 
I0828 02:03:39.020609    1295 xla_compilation_cache.cc:113] XLA compilation cache fetch for computation 'jit_scatter-add' (key 474663fa3e1753f6) took 574.798799ms: PERSISTENT_FETCH
I0828 02:03:40.480890    3084 server_lib.cc:1855] Attempting to load component jit_gather.1570370967876932363 @ 0 at worker after 965.554us (proto size 2430)
I0828 02:03:40.699607    1295 tpu_chip_config.cc:367] Resolved chip config alias megachip_tccontrol->megacore for 2093c6a02, 
I0828 02:03:40.701396    1295 tpu_chip_config.cc:367] Resolved chip config alias megachip_tccontrol->megacore for 2093c6a02, 
I0828 02:03:40.702298    1295 xla_compilation_cache.cc:113] XLA compilation cache fetch for computation 'jit_gather' (key 3f64800e653433d7) took 221.419122ms: PERSISTENT_FETCH
W0828 02:04:28.958682    1433 tpu_pjrt_client.cc:2349] PjRt execution dispatch was blocked for 80.389525ms because PjRt's max in-flight computation semaphore is full (limit: 32), which may negatively affect the performance
W0828 02:05:31.666298    1433 tpu_pjrt_client.cc:2349] PjRt execution dispatch was blocked for 85.739255ms because PjRt's max in-flight computation semaphore is full (limit: 32), which may negatively affect the performance
W0828 02:06:31.667276    1434 tpu_pjrt_client.cc:2349] PjRt execution dispatch was blocked for 8.565123ms because PjRt's max in-flight computation semaphore is full (limit: 32), which may negatively affect the performance
W0828 02:07:32.280686    1431 tpu_pjrt_client.cc:2349] PjRt execution dispatch was blocked for 63.44599ms because PjRt's max in-flight computation semaphore is full (limit: 32), which may negatively affect the performance
W0828 02:08:34.633307    1433 tpu_pjrt_client.cc:2349] PjRt execution dispatch was blocked for 92.435413ms because PjRt's max in-flight computation semaphore is full (limit: 32), which may negatively affect the performance
W0828 02:09:36.650128    1434 tpu_pjrt_client.cc:2349] PjRt execution dispatch was blocked for 78.084302ms because PjRt's max in-flight computation semaphore is full (limit: 32), which may negatively affect the performance
W0828 02:10:39.292737    1433 tpu_pjrt_client.cc:2349] PjRt execution dispatch was blocked for 69.751744ms because PjRt's max in-flight computation semaphore is full (limit: 32), which may negatively affect the performance
W0828 02:11:42.473100    1431 tpu_pjrt_client.cc:2349] PjRt execution dispatch was blocked for 73.438878ms because PjRt's max in-flight computation semaphore is full (limit: 32), which may negatively affect the performance
W0828 02:12:45.892365    1431 tpu_pjrt_client.cc:2349] PjRt execution dispatch was blocked for 75.208634ms because PjRt's max in-flight computation semaphore is full (limit: 32), which may negatively affect the performance
I0828 02:13:03.353150    3086 server_lib.cc:1855] Attempting to load component jit_scatter-add.8339433792461641142 @ 0 at worker after 937.821us (proto size 2472)
I0828 02:13:03.961685    1295 tpu_chip_config.cc:367] Resolved chip config alias megachip_tccontrol->megacore for 2093c6a02, 
I0828 02:13:03.963545    1295 tpu_chip_config.cc:367] Resolved chip config alias megachip_tccontrol->megacore for 2093c6a02, 
I0828 02:13:03.964725    1295 xla_compilation_cache.cc:113] XLA compilation cache fetch for computation 'jit_scatter-add' (key d70ded065449fd1b) took 611.587216ms: PERSISTENT_FETCH
I0828 02:13:05.401507    2962 server_lib.cc:1855] Attempting to load component jit_gather.8339433792461640480 @ 0 at worker after 922.702us (proto size 2430)
I0828 02:13:05.619679    1295 tpu_chip_config.cc:367] Resolved chip config alias megachip_tccontrol->megacore for 2093c6a02, 
I0828 02:13:05.621393    1295 tpu_chip_config.cc:367] Resolved chip config alias megachip_tccontrol->megacore for 2093c6a02, 
I0828 02:13:05.622271    1295 xla_compilation_cache.cc:113] XLA compilation cache fetch for computation 'jit_gather' (key 4b8e9298e525038d) took 220.773144ms: PERSISTENT_FETCH
W0828 02:13:49.255878    1433 tpu_pjrt_client.cc:2349] PjRt execution dispatch was blocked for 113.184376ms because PjRt's max in-flight computation semaphore is full (limit: 32), which may negatively affect the performance
W0828 02:14:51.471011    1433 tpu_pjrt_client.cc:2349] PjRt execution dispatch was blocked for 57.430523ms because PjRt's max in-flight computation semaphore is full (limit: 32), which may negatively affect the performance
W0828 02:15:53.617139    1431 tpu_pjrt_client.cc:2349] PjRt execution dispatch was blocked for 78.823214ms because PjRt's max in-flight computation semaphore is full (limit: 32), which may negatively affect the performance
W0828 02:16:53.849275    1432 tpu_pjrt_client.cc:2349] PjRt execution dispatch was blocked for 5.001452ms because PjRt's max in-flight computation semaphore is full (limit: 32), which may negatively affect the performance
W0828 02:17:53.868332    1432 tpu_pjrt_client.cc:2349] PjRt execution dispatch was blocked for 83.714851ms because PjRt's max in-flight computation semaphore is full (limit: 32), which may negatively affect the performance
I0828 02:18:11.955879    3086 server_lib.cc:1855] Attempting to load component jit_scatter-add.17587198313345265127 @ 0 at worker after 875.81us (proto size 2473)
I0828 02:18:12.558812    1295 tpu_chip_config.cc:367] Resolved chip config alias megachip_tccontrol->megacore for 2093c6a02, 
I0828 02:18:12.560683    1295 tpu_chip_config.cc:367] Resolved chip config alias megachip_tccontrol->megacore for 2093c6a02, 
I0828 02:18:12.561869    1295 xla_compilation_cache.cc:113] XLA compilation cache fetch for computation 'jit_scatter-add' (key 50aa3fc4483a3673) took 606.000482ms: PERSISTENT_FETCH
I0828 02:18:13.997263    3003 server_lib.cc:1855] Attempting to load component jit_gather.17587198313345264693 @ 0 at worker after 873.685us (proto size 2431)
I0828 02:18:14.221836    1295 tpu_chip_config.cc:367] Resolved chip config alias megachip_tccontrol->megacore for 2093c6a02, 
I0828 02:18:14.223556    1295 tpu_chip_config.cc:367] Resolved chip config alias megachip_tccontrol->megacore for 2093c6a02, 
I0828 02:18:14.224434    1295 xla_compilation_cache.cc:113] XLA compilation cache fetch for computation 'jit_gather' (key 1eedb9f25d01bc73) took 227.18345ms: PERSISTENT_FETCH
W0828 02:18:53.870829    1431 tpu_pjrt_client.cc:2349] PjRt execution dispatch was blocked for 2.833879ms because PjRt's max in-flight computation semaphore is full (limit: 32), which may negatively affect the performance
I0828 02:19:19.773733    3005 server_lib.cc:1855] Attempting to load component jit_multiply.15568662364271771618 @ 0 at worker after 916.271us (proto size 2400)
I0828 02:19:20.015628    1295 tpu_chip_config.cc:367] Resolved chip config alias megachip_tccontrol->megacore for 2093c6a02, 
I0828 02:19:20.017355    1295 tpu_chip_config.cc:367] Resolved chip config alias megachip_tccontrol->megacore for 2093c6a02, 
I0828 02:19:20.018238    1295 xla_compilation_cache.cc:113] XLA compilation cache fetch for computation 'jit_multiply' (key ee6c6abb52d77351) took 244.514849ms: PERSISTENT_FETCH
I0828 02:19:22.952692    3005 server_lib.cc:1855] Attempting to load component jit_gather.17587198313345264063 @ 0 at worker after 972.285us (proto size 2435)
I0828 02:19:23.203546    3005 server_lib.cc:1855] Attempting to load component jit_broadcast_in_dim.15568662364271769526 @ 0 at worker after 809.448us (proto size 2431)
I0828 02:19:23.212644    1295 tpu_chip_config.cc:367] Resolved chip config alias megachip_tccontrol->megacore for 2093c6a02, 
I0828 02:19:23.214397    1295 tpu_chip_config.cc:367] Resolved chip config alias megachip_tccontrol->megacore for 2093c6a02, 
I0828 02:19:23.215476    1295 xla_compilation_cache.cc:113] XLA compilation cache fetch for computation 'jit_gather' (key 11bc803a3187003b) took 262.796082ms: PERSISTENT_FETCH
I0828 02:19:23.408673    1294 tpu_chip_config.cc:367] Resolved chip config alias megachip_tccontrol->megacore for 2093c6a02, 
I0828 02:19:23.410289    1294 tpu_chip_config.cc:367] Resolved chip config alias megachip_tccontrol->megacore for 2093c6a02, 
I0828 02:19:23.411071    1294 xla_compilation_cache.cc:113] XLA compilation cache fetch for computation 'jit_broadcast_in_dim' (key 7edb828916119f95) took 207.531849ms: PERSISTENT_FETCH
I0828 02:19:24.501467    3005 server_lib.cc:1855] Attempting to load component jit_maximum.17587198313345265268 @ 0 at worker after 848.797us (proto size 2398)
I0828 02:19:24.724511    2924 server_lib.cc:1855] Attempting to load component jit_true_divide.15568662364271770624 @ 0 at worker after 845.405us (proto size 2406)
I0828 02:19:24.727437    1294 tpu_chip_config.cc:367] Resolved chip config alias megachip_tccontrol->megacore for 2093c6a02, 
I0828 02:19:24.729112    1294 tpu_chip_config.cc:367] Resolved chip config alias megachip_tccontrol->megacore for 2093c6a02, 
I0828 02:19:24.729960    1294 xla_compilation_cache.cc:113] XLA compilation cache fetch for computation 'jit_maximum' (key fb0aaff3c1db8e4b) took 228.501916ms: PERSISTENT_FETCH
I0828 02:19:24.937297    3038 server_lib.cc:1855] Attempting to load component jit_multiply.17587198313345265240 @ 0 at worker after 979.356us (proto size 2430)
I0828 02:19:24.946751    1295 tpu_chip_config.cc:367] Resolved chip config alias megachip_tccontrol->megacore for 2093c6a02, 
I0828 02:19:24.948354    1295 tpu_chip_config.cc:367] Resolved chip config alias megachip_tccontrol->megacore for 2093c6a02, 
I0828 02:19:24.949152    1295 xla_compilation_cache.cc:113] XLA compilation cache fetch for computation 'jit_true_divide' (key a2b7f92efa599e43) took 224.649058ms: PERSISTENT_FETCH
I0828 02:19:25.219843    3038 server_lib.cc:1855] Attempting to load component jit_multiply.15568662364271769767 @ 0 at worker after 801.633us (proto size 2420)
I0828 02:19:25.238127    1294 tpu_chip_config.cc:367] Resolved chip config alias megachip_tccontrol->megacore for 2093c6a02, 
I0828 02:19:25.239649    1294 tpu_chip_config.cc:367] Resolved chip config alias megachip_tccontrol->megacore for 2093c6a02, 
I0828 02:19:25.240470    1294 xla_compilation_cache.cc:113] XLA compilation cache fetch for computation 'jit_multiply' (key 6eaf6267b36e4103) took 303.18178ms: PERSISTENT_FETCH
I0828 02:19:25.422011    2898 server_lib.cc:1855] Attempting to load component jit_multiply.17587198313345265219 @ 0 at worker after 894.952us (proto size 2420)
I0828 02:19:25.430120    1295 tpu_chip_config.cc:367] Resolved chip config alias megachip_tccontrol->megacore for 2093c6a02, 
I0828 02:19:25.431605    1295 tpu_chip_config.cc:367] Resolved chip config alias megachip_tccontrol->megacore for 2093c6a02, 
I0828 02:19:25.432393    1295 xla_compilation_cache.cc:113] XLA compilation cache fetch for computation 'jit_multiply' (key 80290ce002bc4c04) took 212.55624ms: PERSISTENT_FETCH
I0828 02:19:25.651172    2898 server_lib.cc:1855] Attempting to load component jit_multiply.15568662364271768910 @ 0 at worker after 935.519us (proto size 2434)
I0828 02:19:25.660657    1294 tpu_chip_config.cc:367] Resolved chip config alias megachip_tccontrol->megacore for 2093c6a02, 
I0828 02:19:25.662193    1294 tpu_chip_config.cc:367] Resolved chip config alias megachip_tccontrol->megacore for 2093c6a02, 
I0828 02:19:25.663036    1294 xla_compilation_cache.cc:113] XLA compilation cache fetch for computation 'jit_multiply' (key 9efcd5060f14cc31) took 241.032091ms: PERSISTENT_FETCH
I0828 02:19:25.862062    2898 server_lib.cc:1855] Attempting to load component jit_multiply.17587198313345265198 @ 0 at worker after 899.302us (proto size 2434)
I0828 02:19:25.868999    1295 tpu_chip_config.cc:367] Resolved chip config alias megachip_tccontrol->megacore for 2093c6a02, 
I0828 02:19:25.870455    1295 tpu_chip_config.cc:367] Resolved chip config alias megachip_tccontrol->megacore for 2093c6a02, 
I0828 02:19:25.871248    1295 xla_compilation_cache.cc:113] XLA compilation cache fetch for computation 'jit_multiply' (key 22dd78a1da219d4c) took 220.083166ms: PERSISTENT_FETCH
I0828 02:19:26.096508    2898 server_lib.cc:1855] Attempting to load component jit_multiply.15568662364271768053 @ 0 at worker after 814.242us (proto size 2434)
I0828 02:19:26.111423    1294 tpu_chip_config.cc:367] Resolved chip config alias megachip_tccontrol->megacore for 2093c6a02, 
I0828 02:19:26.112909    1294 tpu_chip_config.cc:367] Resolved chip config alias megachip_tccontrol->megacore for 2093c6a02, 
I0828 02:19:26.113668    1294 xla_compilation_cache.cc:113] XLA compilation cache fetch for computation 'jit_multiply' (key cc63cbf0445c72a8) took 251.61232ms: PERSISTENT_FETCH
I0828 02:19:26.334454    3038 server_lib.cc:1855] Attempting to load component jit_multiply.17587198313345265177 @ 0 at worker after 873.547us (proto size 2428)
I0828 02:19:26.336462    1295 tpu_chip_config.cc:367] Resolved chip config alias megachip_tccontrol->megacore for 2093c6a02, 
I0828 02:19:26.337970    1295 tpu_chip_config.cc:367] Resolved chip config alias megachip_tccontrol->megacore for 2093c6a02, 
I0828 02:19:26.338725    1295 xla_compilation_cache.cc:113] XLA compilation cache fetch for computation 'jit_multiply' (key 53d8628867305c69) took 242.223538ms: PERSISTENT_FETCH
I0828 02:19:26.604440    3038 server_lib.cc:1855] Attempting to load component jit_multiply.15568662364271771292 @ 0 at worker after 915.379us (proto size 2428)
I0828 02:19:26.615811    1294 tpu_chip_config.cc:367] Resolved chip config alias megachip_tccontrol->megacore for 2093c6a02, 
I0828 02:19:26.617275    1294 tpu_chip_config.cc:367] Resolved chip config alias megachip_tccontrol->megacore for 2093c6a02, 
I0828 02:19:26.618050    1294 xla_compilation_cache.cc:113] XLA compilation cache fetch for computation 'jit_multiply' (key e55c4ba2f923fd42) took 283.603468ms: PERSISTENT_FETCH
I0828 02:19:26.859422    1295 tpu_chip_config.cc:367] Resolved chip config alias megachip_tccontrol->megacore for 2093c6a02, 
I0828 02:19:26.860917    1295 tpu_chip_config.cc:367] Resolved chip config alias megachip_tccontrol->megacore for 2093c6a02, 
I0828 02:19:26.861701    1295 xla_compilation_cache.cc:113] XLA compilation cache fetch for computation 'jit_multiply' (key 9fe44011f549bb98) took 257.267049ms: PERSISTENT_FETCH
I0828 02:19:26.919472    3086 server_lib.cc:1855] Attempting to load component jit_multiply.17587198313345265156 @ 0 at worker after 1.010152ms (proto size 2430)
I0828 02:19:27.192841    1295 tpu_chip_config.cc:367] Resolved chip config alias megachip_tccontrol->megacore for 2093c6a02, 
I0828 02:19:27.194380    1295 tpu_chip_config.cc:367] Resolved chip config alias megachip_tccontrol->megacore for 2093c6a02, 
I0828 02:19:27.195175    1295 xla_compilation_cache.cc:113] XLA compilation cache fetch for computation 'jit_multiply' (key 84fd6c128ec4928d) took 275.710817ms: PERSISTENT_FETCH
I0828 02:19:28.657732    3084 server_lib.cc:1855] Attempting to load component jit_tree_numeric_stats.15568662364271770435 @ 0 at worker after 1.725636ms (proto size 12357)
I0828 02:19:45.336614    1295 tpu_chip_config.cc:367] Resolved chip config alias megachip_tccontrol->megacore for 2093c6a02, 
I0828 02:19:45.359891    1295 tpu_chip_config.cc:367] Resolved chip config alias megachip_tccontrol->megacore for 2093c6a02, 
I0828 02:19:45.416695    1295 xla_compilation_cache.cc:113] XLA compilation cache fetch for computation 'jit_tree_numeric_stats' (key ca3908749e191443) took 16.75897238s: PERSISTENT_FETCH
I0828 02:19:52.920001    3084 server_lib.cc:1855] Attempting to load component jit__precomputed_gradient_commit.1572066981968336390 @ 0 at worker after 4.325492ms (proto size 109965)
I0828 02:20:58.745617    1295 tpu_chip_config.cc:367] Resolved chip config alias megachip_tccontrol->megacore for 2093c6a02, 
I0828 02:20:58.816317    1295 tpu_chip_config.cc:367] Resolved chip config alias megachip_tccontrol->megacore for 2093c6a02, 
I0828 02:20:58.974426    1295 xla_compilation_cache.cc:113] XLA compilation cache fetch for computation 'jit__precomputed_gradient_commit' (key e0d85ba8bfad5106) took 1m6.054439185s: PERSISTENT_FETCH
I0828 02:24:32.457919     743 server_lib.cc:1855] Attempting to load component jit__allocate.17587198313345265065 @ 0 at worker after 1.535607ms (proto size 2405)
I0828 02:24:32.520640    1295 tpu_chip_config.cc:367] Resolved chip config alias megachip_tccontrol->megacore for 2093c6a02, 
I0828 02:24:32.522410    1295 tpu_chip_config.cc:367] Resolved chip config alias megachip_tccontrol->megacore for 2093c6a02, 
I0828 02:24:32.523348    1295 xla_compilation_cache.cc:113] XLA compilation cache fetch for computation 'jit__allocate' (key 44c937081d7ee1dc) took 65.442507ms: PERSISTENT_FETCH
I0828 02:24:34.363546     747 worker_op_dispatcher.cc:4605] Component is not loaded yet; deferring unload until load completes: jit__allocate.17587198313345265065 @ 0
I0828 02:24:34.363602    1492 server_lib.cc:743] Unloading component jit__allocate.17587198313345265065 @ 0 at worker
W0828 02:30:26.709403    1433 tpu_pjrt_client.cc:2349] PjRt execution dispatch was blocked for 4.749421ms because PjRt's max in-flight computation semaphore is full (limit: 32), which may negatively affect the performance
W0828 02:31:26.712259    1434 tpu_pjrt_client.cc:2349] PjRt execution dispatch was blocked for 8.58577ms because PjRt's max in-flight computation semaphore is full (limit: 32), which may negatively affect the performance
W0828 02:32:30.289083    1434 tpu_pjrt_client.cc:2349] PjRt execution dispatch was blocked for 78.11493ms because PjRt's max in-flight computation semaphore is full (limit: 32), which may negatively affect the performance
W0828 02:33:31.609656    1431 tpu_pjrt_client.cc:2349] PjRt execution dispatch was blocked for 95.514885ms because PjRt's max in-flight computation semaphore is full (limit: 32), which may negatively affect the performance
W0828 02:34:33.664518    1433 tpu_pjrt_client.cc:2349] PjRt execution dispatch was blocked for 62.144971ms because PjRt's max in-flight computation semaphore is full (limit: 32), which may negatively affect the performance
W0828 02:35:35.695375    1431 tpu_pjrt_client.cc:2349] PjRt execution dispatch was blocked for 79.03975ms because PjRt's max in-flight computation semaphore is full (limit: 32), which may negatively affect the performance
W0828 02:36:38.137487    1431 tpu_pjrt_client.cc:2349] PjRt execution dispatch was blocked for 84.89615ms because PjRt's max in-flight computation semaphore is full (limit: 32), which may negatively affect the performance
W0828 02:37:38.137734    1432 tpu_pjrt_client.cc:2349] PjRt execution dispatch was blocked for 8.227636ms because PjRt's max in-flight computation semaphore is full (limit: 32), which may negatively affect the performance
W0828 02:38:42.013549    1434 tpu_pjrt_client.cc:2349] PjRt execution dispatch was blocked for 65.451421ms because PjRt's max in-flight computation semaphore is full (limit: 32), which may negatively affect the performance
W0828 02:39:42.019332    1434 tpu_pjrt_client.cc:2349] PjRt execution dispatch was blocked for 8.219854ms because PjRt's max in-flight computation semaphore is full (limit: 32), which may negatively affect the performance
W0828 02:40:42.791752    1431 tpu_pjrt_client.cc:2349] PjRt execution dispatch was blocked for 85.104656ms because PjRt's max in-flight computation semaphore is full (limit: 32), which may negatively affect the performance
W0828 02:41:45.652438    1433 tpu_pjrt_client.cc:2349] PjRt execution dispatch was blocked for 92.76438ms because PjRt's max in-flight computation semaphore is full (limit: 32), which may negatively affect the performance
W0828 02:42:46.170292    1432 tpu_pjrt_client.cc:2349] PjRt execution dispatch was blocked for 2.88128ms because PjRt's max in-flight computation semaphore is full (limit: 32), which may negatively affect the performance
W0828 02:43:46.862515    1433 tpu_pjrt_client.cc:2349] PjRt execution dispatch was blocked for 51.774647ms because PjRt's max in-flight computation semaphore is full (limit: 32), which may negatively affect the performance
W0828 02:44:49.519222    1431 tpu_pjrt_client.cc:2349] PjRt execution dispatch was blocked for 52.677087ms because PjRt's max in-flight computation semaphore is full (limit: 32), which may negatively affect the performance
W0828 02:45:51.803974    1432 tpu_pjrt_client.cc:2349] PjRt execution dispatch was blocked for 81.716521ms because PjRt's max in-flight computation semaphore is full (limit: 32), which may negatively affect the performance
W0828 02:46:51.985802    1432 tpu_pjrt_client.cc:2349] PjRt execution dispatch was blocked for 2.379732ms because PjRt's max in-flight computation semaphore is full (limit: 32), which may negatively affect the performance
W0828 02:47:53.252595    1432 tpu_pjrt_client.cc:2349] PjRt execution dispatch was blocked for 100.086049ms because PjRt's max in-flight computation semaphore is full (limit: 32), which may negatively affect the performance
W0828 02:48:55.985780    1434 tpu_pjrt_client.cc:2349] PjRt execution dispatch was blocked for 105.193942ms because PjRt's max in-flight computation semaphore is full (limit: 32), which may negatively affect the performance
W0828 02:49:58.430089    1431 tpu_pjrt_client.cc:2349] PjRt execution dispatch was blocked for 88.285015ms because PjRt's max in-flight computation semaphore is full (limit: 32), which may negatively affect the performance
W0828 02:51:00.226165    1432 tpu_pjrt_client.cc:2349] PjRt execution dispatch was blocked for 73.426532ms because PjRt's max in-flight computation semaphore is full (limit: 32), which may negatively affect the performance
W0828 02:52:03.427198    1434 tpu_pjrt_client.cc:2349] PjRt execution dispatch was blocked for 97.842163ms because PjRt's max in-flight computation semaphore is full (limit: 32), which may negatively affect the performance
W0828 02:53:06.147495    1431 tpu_pjrt_client.cc:2349] PjRt execution dispatch was blocked for 81.75521ms because PjRt's max in-flight computation semaphore is full (limit: 32), which may negatively affect the performance
W0828 02:54:10.201246    1434 tpu_pjrt_client.cc:2349] PjRt execution dispatch was blocked for 81.631742ms because PjRt's max in-flight computation semaphore is full (limit: 32), which may negatively affect the performance
I0828 02:57:54.952395    3012 xla_compilation_cache.cc:113] XLA compilation cache fetch for computation 'jit__allocate' (key 44c937081d7ee1dc) took 2.429us: IN_MEMORY_HIT
I0828 02:57:54.952428    3012 server_lib.cc:1855] Attempting to load component jit__allocate.14729223411447289795 @ 0 at worker after 1.306263ms (proto size 2405)
I0828 02:57:56.901355     747 worker_op_dispatcher.cc:4605] Component is not loaded yet; deferring unload until load completes: jit__allocate.14729223411447289795 @ 0
I0828 02:57:56.901428    1493 server_lib.cc:743] Unloading component jit__allocate.14729223411447289795 @ 0 at worker
W0828 03:03:56.200373    1431 tpu_pjrt_client.cc:2349] PjRt execution dispatch was blocked for 2.744169ms because PjRt's max in-flight computation semaphore is full (limit: 32), which may negatively affect the performance
W0828 03:04:56.202180    1434 tpu_pjrt_client.cc:2349] PjRt execution dispatch was blocked for 8.901404ms because PjRt's max in-flight computation semaphore is full (limit: 32), which may negatively affect the performance
W0828 03:05:58.052287    1433 tpu_pjrt_client.cc:2349] PjRt execution dispatch was blocked for 64.345029ms because PjRt's max in-flight computation semaphore is full (limit: 32), which may negatively affect the performance
W0828 03:07:00.303820    1433 tpu_pjrt_client.cc:2349] PjRt execution dispatch was blocked for 69.741971ms because PjRt's max in-flight computation semaphore is full (limit: 32), which may negatively affect the performance
W0828 03:08:03.037552    1431 tpu_pjrt_client.cc:2349] PjRt execution dispatch was blocked for 95.919773ms because PjRt's max in-flight computation semaphore is full (limit: 32), which may negatively affect the performance
W0828 03:09:03.180070    1432 tpu_pjrt_client.cc:2349] PjRt execution dispatch was blocked for 5.429417ms because PjRt's max in-flight computation semaphore is full (limit: 32), which may negatively affect the performance
W0828 03:10:04.407705    1434 tpu_pjrt_client.cc:2349] PjRt execution dispatch was blocked for 69.498224ms because PjRt's max in-flight computation semaphore is full (limit: 32), which may negatively affect the performance
W0828 03:11:08.384163    1431 tpu_pjrt_client.cc:2349] PjRt execution dispatch was blocked for 93.727744ms because PjRt's max in-flight computation semaphore is full (limit: 32), which may negatively affect the performance
W0828 03:12:08.387351    1433 tpu_pjrt_client.cc:2349] PjRt execution dispatch was blocked for 8.244681ms because PjRt's max in-flight computation semaphore is full (limit: 32), which may negatively affect the performance
W0828 03:13:11.064354    1431 tpu_pjrt_client.cc:2349] PjRt execution dispatch was blocked for 49.804662ms because PjRt's max in-flight computation semaphore is full (limit: 32), which may negatively affect the performance
W0828 03:14:12.745361    1433 tpu_pjrt_client.cc:2349] PjRt execution dispatch was blocked for 51.236754ms because PjRt's max in-flight computation semaphore is full (limit: 32), which may negatively affect the performance
W0828 03:15:12.751559    1434 tpu_pjrt_client.cc:2349] PjRt execution dispatch was blocked for 8.392829ms because PjRt's max in-flight computation semaphore is full (limit: 32), which may negatively affect the performance
W0828 03:16:12.976350    1431 tpu_pjrt_client.cc:2349] PjRt execution dispatch was blocked for 87.181775ms because PjRt's max in-flight computation semaphore is full (limit: 32), which may negatively affect the performance
W0828 03:17:12.981183    1434 tpu_pjrt_client.cc:2349] PjRt execution dispatch was blocked for 8.450027ms because PjRt's max in-flight computation semaphore is full (limit: 32), which may negatively affect the performance
W0828 03:18:17.414903    1432 tpu_pjrt_client.cc:2349] PjRt execution dispatch was blocked for 97.869844ms because PjRt's max in-flight computation semaphore is full (limit: 32), which may negatively affect the performance
W0828 03:19:17.681233    1431 tpu_pjrt_client.cc:2349] PjRt execution dispatch was blocked for 3.42934ms because PjRt's max in-flight computation semaphore is full (limit: 32), which may negatively affect the performance
W0828 03:20:19.029986    1431 tpu_pjrt_client.cc:2349] PjRt execution dispatch was blocked for 86.466787ms because PjRt's max in-flight computation semaphore is full (limit: 32), which may negatively affect the performance
W0828 03:21:22.189188    1433 tpu_pjrt_client.cc:2349] PjRt execution dispatch was blocked for 85.811288ms because PjRt's max in-flight computation semaphore is full (limit: 32), which may negatively affect the performance
W0828 03:22:26.091774    1434 tpu_pjrt_client.cc:2349] PjRt execution dispatch was blocked for 70.379573ms because PjRt's max in-flight computation semaphore is full (limit: 32), which may negatively affect the performance
W0828 03:23:29.489988    1431 tpu_pjrt_client.cc:2349] PjRt execution dispatch was blocked for 82.415451ms because PjRt's max in-flight computation semaphore is full (limit: 32), which may negatively affect the performance
W0828 03:24:32.395409    1431 tpu_pjrt_client.cc:2349] PjRt execution dispatch was blocked for 107.298978ms because PjRt's max in-flight computation semaphore is full (limit: 32), which may negatively affect the performance
W0828 03:25:35.097358    1434 tpu_pjrt_client.cc:2349] PjRt execution dispatch was blocked for 84.607509ms because PjRt's max in-flight computation semaphore is full (limit: 32), which may negatively affect the performance
W0828 03:26:38.302871    1433 tpu_pjrt_client.cc:2349] PjRt execution dispatch was blocked for 61.387765ms because PjRt's max in-flight computation semaphore is full (limit: 32), which may negatively affect the performance
W0828 03:27:42.213591    1433 tpu_pjrt_client.cc:2349] PjRt execution dispatch was blocked for 69.972831ms because PjRt's max in-flight computation semaphore is full (limit: 32), which may negatively affect the performance
W0828 03:32:48.893547    1498 pipe_endpoint.cc:834] Client pipe canon-p57-fl-zero-f45w10-96544812-pathways-worker-0-2.canon-p57-fl-zero-f45w10-96544812:29000/worker_to_worker id=1917294008765748023: saw idle time 5.867770267s where timeout is 10s
W0828 03:32:49.893707    1490 pipe_endpoint.cc:834] Client pipe canon-p57-fl-zero-f45w10-96544812-pathways-worker-0-2.canon-p57-fl-zero-f45w10-96544812:29000/worker_to_worker id=1917294008765748023: saw idle time 6.867931255s where timeout is 10s
W0828 03:32:50.893826    1488 pipe_endpoint.cc:834] Client pipe canon-p57-fl-zero-f45w10-96544812-pathways-worker-0-2.canon-p57-fl-zero-f45w10-96544812:29000/worker_to_worker id=1917294008765748023: saw idle time 7.868049522s where timeout is 10s
W0828 03:32:51.893948    1490 pipe_endpoint.cc:834] Client pipe canon-p57-fl-zero-f45w10-96544812-pathways-worker-0-2.canon-p57-fl-zero-f45w10-96544812:29000/worker_to_worker id=1917294008765748023: saw idle time 8.86817184s where timeout is 10s
I0828 03:32:51.915815     813 worker_message_distributor.cc:2308] Waiting for all peers to exit distributor_6408541556418313203_15
I0828 03:32:51.915839    7313 worker_message_distributor.cc:735] Waiting for outstanding sends 0 send thread LocalSender_at_6408541556418313203_15
I0828 03:32:51.915905     747 worker_message_distributor.cc:1073] Exiting send thread LocalSender_at_6408541556418313203_15
I0828 03:32:51.915952    7313 worker_message_distributor.cc:741] Finished shutdown send thread LocalSender_at_6408541556418313203_15
I0828 03:32:51.915982     813 worker_message_distributor.cc:2310] Waiting for all peers to exit done: finished within timeout=true distributor_6408541556418313203_15
E0828 03:32:51.916006     813 quick_restart.cc:19] Job cancelled due to 6408541556418313203 gke-tpu-3a97861b-1vp4 exiting [reported by ServerConfig{ job_info=JobInfo{ name=6408541556418313203 job_instance_id=6408541556418313203 task_index=13 num_tasks=16 addr=canon-p57-fl-zero-f45w10-96544812-pathways-worker-0-13.canon-p57-fl-zero-f45w10-96544812:29000 [hostname='gke-tpu-3a97861b-1vp4, bns_address='', resolved_address='canon-p57-fl-zero-f45w10-96544812-pathways-worker-0-13.canon-p57-fl-zero-f45w10-96544812:29000']} }] with error INTERNAL: Client pipe canon-p57-fl-zero-f45w10-96544812-pathways-worker-0-2.canon-p57-fl-zero-f45w10-96544812:29000/worker_to_worker id=14969354806911437370 broke with error: DEADLINE_EXCEEDED: lost connection to peer at http://machine/gke-tpu-3a97861b-qbx9/events#srcs=borg%2Bcoroner since 10.047667564s ago; this usually means that the peer has unexpectedly gone away (peer stopped sending messages since 2026-08-28T03:32:41.865463105+00:00; timeout is 10s and the current machine is http://machine/gke-tpu-3a97861b-1vp4/events#srcs=borg%2Bcoroner)
	Client pipe canon-p57-fl-zero-f45w10-96544812-pathways-worker-0-2.canon-p57-fl-zero-f45w10-96544812:29000/worker_to_worker id=14969354806911437370
=== Source Location Trace: === 
third_party/pathways/data_parallel/pipe.cc:307

=== Source Location Trace: ===
third_party/pathways/data_parallel/worker_message_distributor.cc:1842
 [ServerConfig{ job_info=JobInfo{ name=6408541556418313203 job_instance_id=6408541556418313203 task_index=15 num_tasks=16 addr=canon-p57-fl-zero-f45w10-96544812-pathways-worker-0-15.canon-p57-fl-zero-f45w10-96544812:29000 [hostname='gke-tpu-3a97861b-s7zv, bns_address='', resolved_address='canon-p57-fl-zero-f45w10-96544812-pathways-worker-0-15.canon-p57-fl-zero-f45w10-96544812:29000']} }]
F0828 03:32:51.916086     813 quick_restart.cc:40] Job cancelled due to 6408541556418313203 gke-tpu-3a97861b-1vp4 exiting [reported by ServerConfig{ job_info=JobInfo{ name=6408541556418313203 job_instance_id=6408541556418313203 task_index=13 num_tasks=16 addr=canon-p57-fl-zero-f45w10-96544812-pathways-worker-0-13.canon-p57-fl-zero-f45w10-96544812:29000 [hostname='gke-tpu-3a97861b-1vp4, bns_address='', resolved_address='canon-p57-fl-zero-f45w10-96544812-pathways-worker-0-13.canon-p57-fl-zero-f45w10-96544812:29000']} }] with error INTERNAL: Client pipe canon-p57-fl-zero-f45w10-96544812-pathways-worker-0-2.canon-p57-fl-zero-f45w10-96544812:29000/worker_to_worker id=14969354806911437370 broke with error: DEADLINE_EXCEEDED: lost connection to peer at http://machine/gke-tpu-3a97861b-qbx9/events#srcs=borg%2Bcoroner since 10.047667564s ago; this usually means that the peer has unexpectedly gone away (peer stopped sending messages since 2026-08-28T03:32:41.865463105+00:00; timeout is 10s and the current machine is http://machine/gke-tpu-3a97861b-1vp4/events#srcs=borg%2Bcoroner)
	Client pipe canon-p57-fl-zero-f45w10-96544812-pathways-worker-0-2.canon-p57-fl-zero-f45w10-96544812:29000/worker_to_worker id=14969354806911437370
=== Source Location Trace: === 
third_party/pathways/data_parallel/pipe.cc:307

=== Source Location Trace: ===
third_party/pathways/data_parallel/worker_message_distributor.cc:1842
 [ServerConfig{ job_info=JobInfo{ name=6408541556418313203 job_instance_id=6408541556418313203 task_index=15 num_tasks=16 addr=canon-p57-fl-zero-f45w10-96544812-pathways-worker-0-15.canon-p57-fl-zero-f45w10-96544812:29000 [hostname='gke-tpu-3a97861b-s7zv, bns_address='', resolved_address='canon-p57-fl-zero-f45w10-96544812-pathways-worker-0-15.canon-p57-fl-zero-f45w10-96544812:29000']} }] (Quick-restart requested but unsupported in Cloud/OSS.)
