{"_runtime":2.49727655,"jax/core/compile/jaxpr_to_mlir_module_duration":1.7750663572287607e+09,"jax/core/compile/backend_compile_duration":1.775066357233494e+09,"_step":0,"jax/core/compile/jaxpr_trace_duration":1.7750663572275896e+09,"_timestamp":1.7750663572336314e+09,"_wandb":{"runtime":2}}