{"jax/core/compile/jaxpr_to_mlir_module_duration":1.77393833192827e+09,"jax/core/compile/backend_compile_duration":1.7739383327860668e+09,"_wandb":{"runtime":333},"_runtime":333.146077643,"_step":0,"jax/core/compile/jaxpr_trace_duration":1.7739383317176902e+09,"_timestamp":1.7739383327862635e+09}