_step,_runtime,_timestamp,rewards/train/solve_ratio,rewards/train/advantage/mean,perf/train/global_step_time,actor/train/advantage/abs_mean,actor/train/advantage/max,actor/train/advantage/min,actor/train/advantage/nonzero_frac,actor/train/entropy,actor/train/grad_norm,actor/train/is_ratio/max,actor/train/is_ratio/mean,actor/train/is_ratio/min,actor/train/kl,actor/train/kl_loss,actor/train/log_ratio/abs_mean,actor/train/loss,actor/train/perplexity,actor/train/pg_clipfrac,actor/train/pg_loss/clipped_mean,actor/train/pg_loss/unclipped_mean,actor/train/ppo_kl,actor/train/reduced_pg_loss,actor/train/sampler_is/weight_mean,actor/train/sampler_is/weight_min,actor/train/unreduced_pg_loss,actor/train/zero_tim/alignment_warning,actor/train/zero_tim/alignment_warning_count,actor/train/zero_tim/clip_hits,actor/train/zero_tim/first_order_kl,actor/train/zero_tim/gradient_nonzero,actor/train/zero_tim/hard_gate_pass,actor/train/zero_tim/n_action,actor/train/zero_tim/r_exact,actor/train/zero_tim/r_max,actor/train/zero_tim/r_min,actor/train/zero_tim/s_decode_vs_s_prefill_byte_fraction,actor/train/zero_tim/s_decode_vs_s_prefill_bytes,actor/train/zero_tim/s_decode_vs_s_prefill_element_fraction,actor/train/zero_tim/s_decode_vs_s_prefill_elements,actor/train/zero_tim/s_decode_vs_s_prefill_max_abs,actor/train/zero_tim/s_prefill_vs_t_old_byte_fraction,actor/train/zero_tim/s_prefill_vs_t_old_bytes,actor/train/zero_tim/s_prefill_vs_t_old_element_fraction,actor/train/zero_tim/s_prefill_vs_t_old_elements,actor/train/zero_tim/s_prefill_vs_t_old_max_abs,actor/train/zero_tim/second_order_kl,actor/train/zero_tim/t_old_vs_t_current_byte_fraction,actor/train/zero_tim/t_old_vs_t_current_bytes,actor/train/zero_tim/t_old_vs_t_current_element_fraction,actor/train/zero_tim/t_old_vs_t_current_elements,actor/train/zero_tim/t_old_vs_t_current_max_abs,actor/train/zero_tim/tis_hits,actor/train/zero_tim/w_exact,actor/train/zero_tim/w_max,actor/train/zero_tim/w_min,actor/train/zero_tim/wr_exact,actor/train/zero_tim/wr_max,actor/train/zero_tim/wr_min,frozenlake_eval/eval/n,frozenlake_eval/eval/policy_step,frozenlake_eval/eval/reward,frozenlake_eval/eval/solve,frozenlake_eval/eval/wall_seconds,generation/eval/completions/clip_ratio,generation/eval/completions/max_length,generation/eval/completions/max_raw_length,generation/eval/completions/mean_length,generation/eval/completions/mean_raw_length,generation/eval/completions/min_length,generation/eval/completions/min_raw_length,generation/eval/prompts/max_length,generation/eval/prompts/mean_length,generation/eval/prompts/min_length,generation/train/completions/clip_ratio,generation/train/completions/max_length,generation/train/completions/max_raw_length,generation/train/completions/mean_length,generation/train/completions/mean_raw_length,generation/train/completions/min_length,generation/train/completions/min_raw_length,generation/train/prompts/max_length,generation/train/prompts/mean_length,generation/train/prompts/min_length,perf/train/rescore_b_seconds,perf/train/weight_sync_seconds,rewards/eval/advantage/max,rewards/eval/advantage/mean,rewards/eval/advantage/min,rewards/eval/advantage/std,rewards/eval/solve_all,rewards/eval/solve_none,rewards/eval/solve_partial,rewards/eval/solve_ratio,rewards/train/advantage/max,rewards/train/advantage/min,rewards/train/advantage/std,rewards/train/solve_all,rewards/train/solve_none,rewards/train/solve_partial,sampler_trainer/eval/logp_diff_max,sampler_trainer/eval/logp_diff_mean,sampler_trainer/eval/prob_diff_max,sampler_trainer/eval/prob_diff_mean,sampler_trainer/eval/probs_pearson_corr,sampler_trainer/train/logp_diff_max,sampler_trainer/train/logp_diff_mean,sampler_trainer/train/prob_diff_max,sampler_trainer/train/prob_diff_mean,sampler_trainer/train/probs_pearson_corr,trajectory/eval/env_time/close_latency/max,trajectory/eval/env_time/close_latency/mean,trajectory/eval/env_time/close_latency/min,trajectory/eval/env_time/reset_latency/max,trajectory/eval/env_time/reset_latency/mean,trajectory/eval/env_time/reset_latency/min,trajectory/eval/env_time/step_latency/max,trajectory/eval/env_time/step_latency/mean,trajectory/eval/env_time/step_latency/min,trajectory/eval/reward_time/reward_latency/max,trajectory/eval/reward_time/reward_latency/mean,trajectory/eval/reward_time/reward_latency/min,trajectory/train/env_time/close_latency/max,trajectory/train/env_time/close_latency/mean,trajectory/train/env_time/close_latency/min,trajectory/train/env_time/reset_latency/max,trajectory/train/env_time/reset_latency/mean,trajectory/train/env_time/reset_latency/min,trajectory/train/env_time/step_latency/max,trajectory/train/env_time/step_latency/mean,trajectory/train/env_time/step_latency/min,trajectory/train/reward_time/reward_latency/max,trajectory/train/reward_time/reward_latency/mean,trajectory/train/reward_time/reward_latency/min,trajectory_rewards/eval/max,trajectory_rewards/eval/mean,trajectory_rewards/eval/min,trajectory_rewards/eval/sum,trajectory_rewards/train/max,trajectory_rewards/train/mean,trajectory_rewards/train/min,trajectory_rewards/train/sum
0,1790.204817122,1787515599.1841903,0.18359375,1.3877787807814457e-17,1238.0053534507751,,,,,,,,,,,,,,,,,,,,,,,,,,,,,,,,,,,,,,,,,,,,,,,,,,,,,,,,800,0,0.22750000655651093,0.2275,610.5620357190055,0,2349,6255,452.9425048828125,1563.51,49,49,4096,4096,4096,0,1650,5926,448.66796875,1585.89453125,52,52,4096,4096,4096,4.032617142148726,,1,7.216449660063518e-18,-1,0.23965672544819527,0.03,0.48,0.49,0.2275,1,-1,0.3471825374147068,0,0,1,4.176391124725342,0.010580605561845004,0.7796458005905151,0.004646364235086366,0.9927571457624436,1.9557561874389648,0.00945905689150095,0.5515482425689697,0.004107257816940546,0.9937492609024048,21.012987914000405,3.273388699673824,0.00023173999943537638,21.030595493000874,1.2427926076063158,0.0007886899984441698,12.24825825500011,3.010347387295924,0.0007237399986479431,0,0,0,0.0104139189934358,0.0020295532540330896,0.0001935500040417537,0.3764070199977141,0.10926050843366397,0.006208170001627877,0.04386852500465466,0.016335794835640627,0.0009305909989052452,0,0,0,1,0.2275,0,1.82,1,0.18359375,0,47
1,1999.274051143,1787515830.5639224,0.1796875,1.3877787807814457e-17,218.6753158569336,0.23283052444458008,1,-1,0.5625,0.13001495599746704,0.032970041036605835,1.0161666870117188,0.8257349729537964,0.40546202659606934,0,0,0.19750088453292847,0.020322145894169807,1.0205299854278564,0.36390191316604614,-0.04900490120053291,-0.04097495973110199,0.20318543910980225,0.020322145894169807,1,1,0.020322145777754486,1,7.21875,242.40625,0.20318544869496935,0.03125,0,3589.34375,0,38.723502704985435,0.028091297066315545,0.28065439693290894,3675.09375,0.4111457967796486,1355.375,0.7779348753392696,0.38678403668366834,5182.9375,0.48970540268073076,1629.875,0.8556264284998178,1.0655137995611317,0.2499365285118756,3384.65625,0.42482898818103804,1419.59375,26.837912499904633,0.34375,0,1.8625089412261149,0.4590039099042965,0,31.51009022565948,0.03419595639509335,,,,,,,,,,,,,,,,0,2138,6508,422.515625,1278.6953125,45,45,4096,4096,4096,15.492925074002414,9.258017467000172,,,,,,,,,1,-1,0.30514299090419755,0,0,1,,,,,,2.698546886444092,0.010423552244901657,0.7454984188079834,0.0045694089494645596,0.9936155676841736,,,,,,,,,,,,,0.009346268998342566,0.002096984823964476,0.00018142000044463202,0.5436710690046311,0.06496693814810328,0.006794339002226479,0.07200833399110707,0.01383620175781175,0.0005689390018233098,0,0,0,,,,,1,0.1796875,0,46
2,2207.760911591,1787516038.2250664,0.19921875,1.9081958235744878e-17,195.98476266860962,0.1980687379837036,1,-1,0.5,0.143958181142807,0.028356369584798813,1.01422119140625,0.8174906969070435,0.5075483322143555,0,0,0.21007856726646423,0.0177458543330431,1.017904281616211,0.2889266014099121,-0.06038295105099678,-0.04823353886604309,0.21741119027137756,0.0177458543330431,1,1,0.017745854100212455,1,7.40625,247.90625,0.21741119232401646,0.03125,0,3380.125,0,26.44292531874692,0.03474692376434125,0.2974228167592152,3676.59375,0.43462851247018547,1350.65625,0.9130345322191715,0.4016613898785338,5086.5,0.5116658226383961,1610.5625,0.8113416023552418,1.2080518931676676,0.2648595758880412,3403.34375,0.44901547058306635,1422.5,26.83566302061081,0.4375,0,2.0616300189759817,0.47441288170363305,0,27.55058533786057,0.036695943689487476,,,,,,,,,,,,,,,,0,1920,6953,463.078125,1486.11328125,46,46,4096,4096,4096,16.27991230400221,10.010864469993976,,,,,,,,,1,-1,0.3633391062388537,0,0,1,,,,,,1.8297953605651855,0.009306984953582287,0.7513991594314575,0.004037055652588606,0.994301974773407,,,,,,,,,,,,,0.009450558995013125,0.00204280344127028,0.00022863999765831977,0.8118007779994514,0.07633142946090743,0.0035466699991957285,0.10490712101454847,0.016881147160461296,0.0010443089995533228,0,0,0,,,,,1,0.19921875,0,51
3,2436.846576662,1787516246.478114,0.265625,1.214306433183765e-17,197.0266044139862,0.24900281429290771,1,-1,0.5,0.1501181423664093,0.03231371194124222,1.0183610916137695,0.8495966196060181,0.6105866432189941,0,0,0.16799592971801758,0.02046958915889263,1.0206804275512695,0.2642321288585663,-0.040572844445705414,-0.037753213196992874,0.17226895689964294,0.02046958915889263,1,1,0.02046958962455392,1,7.15625,245.25,0.17226895255535915,0.03125,0,3704.625,0,16.35700884546427,0.024948607520187495,0.2862693090396463,3876.90625,0.4210108627968862,1431.125,0.7394049572758377,0.3941514204964011,5472.09375,0.5018398425208678,1725.78125,0.7942615356296301,0.844645665232413,0.25950379952591623,3636.3125,0.4408559339871948,1527.875,26.395989298820496,0.1875,0,1.8578909789937206,0.487659724433536,0,15.5394080833846,0.02750035679003776,,,,,,,,,,,,,,,,0,1776,6326,471.91015625,1668.625,50,50,4096,4096,4096,19.72804821900354,8.607034407003084,,,,,,,,,1,-1,0.34069257193462343,0,0,1,,,,,,2.001561164855957,0.009236847050487995,0.46136951446533203,0.003998939413577318,0.9946933388710022,,,,,,,,,,,,,0.0083584499952849,0.0020435689254725276,0.00022403999901143834,0.611306633996719,0.071805628769539,0.00443647000065539,0.05365456898289267,0.016711558671772764,0.0008336999962921254,0,0,0,,,,,1,0.265625,0,68
4,2639.357263333,1787516476.600835,0.2734375,8.673617379884035e-18,217.88027548789978,0.20774808526039124,1,-1,0.5,0.1551516056060791,0.02486114762723446,1.0106916427612305,0.8466413021087646,0.5231060981750488,0,0,0.17170333862304688,0.014430208131670952,1.014534831047058,0.230451762676239,-0.030737441033124924,-0.026257861405611038,0.17495867609977722,0.014430208131670952,1,1,0.014430208946578205,1,7.125,241.8125,0.17495868627735484,0.03125,0,3775.28125,0,21.72205945812376,1.2602367586706967e-05,0.2960173077717164,4060.96875,0.43473524487019044,1496.21875,0.7914752843789756,0.4039223338974253,5676,0.514235165598632,1791.96875,0.9244003491476178,0.8126042855867304,0.26738428206696635,3713.09375,0.4505485756217155,1564.90625,24.170017778873444,0.125,0,1.7980624066024253,0.46984028872699424,0,19.690523773619624,1.2602717397193472e-05,,,,,,,,,,,,,,,,0,2625,6415,514.8984375,1688.88671875,75,75,4096,4096,4096,19.853089485004602,8.460034784999152,,,,,,,,,1,-1,0.39929785312496247,0,0,1,,,,,,2.8020622730255127,0.010650313459336758,0.8406857252120972,0.004469835199415684,0.996342658996582,,,,,,,,,,,,,0.05699805599579122,0.0021142150743003185,0.00019573099416447803,0.5789380139976856,0.06358872792563375,0.006382850006048102,0.10126197201316245,0.016828021191258813,0.0006528000012622215,0,0,0,,,,,1,0.2734375,0,70
5,2858.875773558,1787516678.8064857,0.23046875,1.0408340855860843e-17,190.00176119804382,0.31090253591537476,1,-1,0.6875,0.21307803690433502,0.02148154191672802,1.0116386413574219,0.8584433794021606,0.5960874557495117,0,0,0.15733027458190918,0.022129802033305168,1.022376537322998,0.4031958281993866,-0.042875468730926514,-0.03650984540581703,0.15912380814552307,0.022129802033305168,1,1,0.02212980214972049,1,7.21875,314.8125,0.15912381025887046,0.03125,0,4119.1875,0,26.90985069059864,2.0115856173231302e-09,0.3406552224885794,5357.8125,0.5009068002094362,1975.71875,0.7633684973698109,0.45140692348960554,7219.4375,0.5780832395021509,2296.59375,0.8634503223001957,0.665569740121613,0.3160135025023485,4943.53125,0.5259941624025374,2066.125,23.829100906848907,0.28125,0,1.9016393755875134,0.5157627583490387,0,25.078791526017504,2.012630146648448e-09,,,,,,,,,,,,,,,,0,1789,6275,488.5625,1621.95703125,47,47,4096,4096,4096,17.804932888997428,9.395001091004815,,,,,,,,,1,-1,0.3471825374147068,0,0,1,,,,,,2.7232511043548584,0.011357203125953674,0.6620792150497437,0.004676174372434616,0.9967113733291626,,,,,,,,,,,,,0.010357938997913152,0.0017859467498908543,0.00020296999718993902,0.10354759199981345,0.048623260862967754,0.002929139998741448,0.04958696599351242,0.014653473585951815,0.0009065699996426702,0,0,0,,,,,1,0.23046875,0,59
6,3096.417901513,1787516898.512544,0.31640625,2.7755575615628914e-17,207.35791873931885,0.2476455569267273,1,-1,0.53125,0.2325367033481598,0.014135081321001053,1.0136785507202148,0.8727045059204102,0.5243072509765625,0,0,0.14175452291965485,0.01473233662545681,1.0148414373397827,0.2971113920211792,-0.036970969289541245,-0.0340048149228096,0.14269787073135376,0.01473233662545681,1,1,0.014732337091118097,1,7.09375,294.4375,0.14269785926923972,0.03125,0,3908.5,0,107.03195051717606,0.04100035259029781,0.36098307323726175,5281,0.5265349156262837,1937.71875,0.6576081146486104,0.4693078694131706,7029.125,0.6019808275041614,2239.03125,0.7818428538739681,0.5871722755880164,0.3218655206917678,4786.9375,0.5447659411925918,2011.46875,21.670012176036835,0.09375,0,1.741955413787207,0.5128216541073312,0,107.59464955079173,0.03794982090369699,,,,,,,,,,,,,,,,0,2352,6384,537.13671875,1710.7421875,65,65,4096,4096,4096,19.65836974200647,9.176796478001052,,,,,,,,,1,-1,0.415730240243672,0,0,1,,,,,,1.5307786464691162,0.010653628967702389,0.49530696868896484,0.004334847442805767,0.9971268773078918,,,,,,,,,,,,,0.012433648997102864,0.0017350604140631276,0.0002007709990721196,0.8090819260032731,0.07116090187508917,0.006770339001377579,0.05160770500515355,0.016060087020520086,0.0010468190012034029,0,0,0,,,,,1,0.31640625,0,81
7,3365.445763616,1787517137.3012,0.2890625,2.0816681711721685e-17,225.13456773757935,0.34646058082580566,1,-1,0.75,0.2391895353794098,0.018236177042126656,1.0119953155517578,0.8739992380142212,0.6399621963500977,0,0,0.13868208229541779,0.019808301702141762,1.0200058221817017,0.42989644408226013,-0.03808288276195526,-0.03378048911690712,0.13930702209472656,0.019808301702141762,1,1,0.019808302051387727,1,7.0625,305.28125,0.13930702020640184,0.03125,0,4297.09375,0,35.547948761841404,2.746251373281253e-07,0.35712015210756787,5689.1875,0.5240073223233669,2094.78125,0.7963092448189855,0.46783044035998333,7610.90625,0.5995921507711658,2421.375,0.9205866130068898,0.5360586988466496,0.3234833203203594,5135.25,0.5428387166182402,2163,20.603069245815277,0.0625,0,1.652749315019871,0.4718617424804519,0,33.22550185466365,2.7319158356407497e-07,,,,,,,,,,,,,,,,0,3186,7092,522.5234375,1587.203125,47,47,4096,4096,4096,17.76800391299912,9.479066323998268,,,,,,,,,1,-0.8571428571428571,0.37964806474052315,0,0,1,,,,,,2.4488556385040283,0.011136669665575027,0.5954751968383789,0.004484336357563734,0.9973287582397461,,,,,,,,,,,,,0.013310278998687863,0.002105702476768556,0.00021856999956071377,0.8729408409999451,0.07902228813640022,0.003641098999651149,0.10173946000577416,0.016522054867579072,0.0009507590002613142,0,0,0,,,,,1,0.2890625,0,74
8,3727.741177908,1787517404.8036797,0.2421875,1.0408340855860843e-17,255.3669629096985,0.2700987458229065,1,-0.8571428656578064,0.625,0.24795974791049957,0.014760497026145458,1.006683349609375,0.8946781158447266,0.584388256072998,0,0,0.11484719812870026,0.013429264537990093,1.0135198831558228,0.36757922172546387,-0.05395125597715378,-0.047373391687870026,0.11515174061059952,0.013429264537990093,1,1,0.013429264421574771,1,7.0625,299.96875,0.11515173862906468,0.03125,0,4180.1875,0,252.10712543087317,0.038118781276892805,0.37575303513750136,5815.34375,0.5504087727343945,2140,0.6872315742075443,0.48586701773716295,7700.9375,0.6247896405988408,2458,0.7179159745573997,0.416583644495217,0.3302266974384258,5153,0.5593540230788302,2177.90625,18.532378375530243,0.0625,0,1.6590267269205388,0.5230279225189719,0,350.62758336737267,0.043801929547642074,,,,,,,,,,,,,,,,0.00390625,3803,8192,641.5703125,1898.5234375,69,69,4096,4096,4096,20.308100786001887,10.500855402002344,,,,,,,,,1,-0.8571428571428571,0.37796447300922725,0,0,1,,,,,,1.3863937854766846,0.011782144196331501,0.42413806915283203,0.004660699050873518,0.9978489279747009,,,,,,,,,,,,,0.009060009004315361,0.0015730434137140037,0.0002008399969781749,0.865511971001979,0.0712915100665441,0.004610629999660887,0.05106556398823159,0.017596565098386918,0.0008735099982004613,0,0,0,,,,,1,0.2421875,0,62
9,3993.273646748,1787517768.7527275,0.2578125,1.6479873021779667e-17,350.4940736293793,0.2682696580886841,1,-0.8571428656578064,0.5625,0.28328371047973633,0.013089166022837162,1.0097570419311523,0.8892897367477417,0.6209678649902344,0,0,0.12086892127990723,0.01439638715237379,1.0145004987716675,0.3275146484375,-0.026463583111763,-0.024538341909646988,0.12150915712118149,0.01439638715237379,1,1,0.01439638715237379,1,7.0625,408.1875,0.12150914878885737,0.03125,0,5132.5625,0,28.635685097666475,1.110015006248972e-06,0.40107694613824046,7886.03125,0.5916953235598206,2917.03125,0.6867441316135228,0.5193320429982196,10376.09375,0.6678318523494693,3316.6875,0.6546726152300835,0.3993777858850671,0.36681424993931744,7112.4375,0.6126090566341836,2990,17.0913308262825,0.0625,0,1.6820040485168786,0.5551078525921704,0,27.636041587709947,1.109835859146239e-06,,,,,,,,,,,,,,,,0.00390625,8192,8192,753.015625,1970.8828125,54,54,4096,4096,4096,20.742173033002473,8.97137596799439,,,,,,,,,1,-1,0.39285714285714285,0,0,1,,,,,,3.384328842163086,0.012814821675419807,0.9070552587509155,0.004875937942415476,0.9982655644416809,,,,,,,,,,,,,0.011577910001506098,0.002075387617423985,0.00022077000176068395,0.6475163710056222,0.07931540050816466,0.008411930000875145,0.09189252399664838,0.01758737107357433,0,0,0,0,,,,,1,0.2578125,0,66
10,4257.449047841,1787518033.779716,0.3125,1.5612511283791264e-17,251.73012685775757,0.2942529320716858,1,-1,0.59375,0.33902785181999207,0.009734747931361198,1.0056915283203125,0.9277868270874023,0.7558093070983887,0,0,0.07636751234531403,0.011515523307025433,1.0115820169448853,0.32087457180023193,-0.012284554541110992,-0.010794549249112606,0.07617396116256714,0.011515523307025433,1,1,0.011515522957779467,1,7.0625,456.15625,0.07617395660273846,0.03125,0,6024.125,0,27.032595102359068,0.02247933336532392,0.43840929060096656,9900.15625,0.6468547995738254,3665.71875,0.6725951811531559,0.5566778970425152,12918.78125,0.7200256822619029,4142.65625,0.7219297219999135,0.19179666999851758,0.3792895700885759,8578.875,0.6433820035604605,3638.40625,13.856289982795715,0.0625,0,1.6540570959353498,0.5505789809774859,0,23.911979709461406,0.022447474026342853,,,,,,,,,,,,,,,,0.00390625,3745,8192,783.1640625,1958.453125,49,49,4096,4096,4096,19.786609886003134,10.459284174001368,,,,,,,,,1,-1,0.411877235523957,0,0,1,,,,,,1.4073073863983154,0.013158315792679787,0.6327130794525146,0.004979123827069998,0.998393714427948,,,,,,,,,,,,,0.009243569998943713,0.001812818816432582,0.00019703999714693055,0.884473011996306,0.07589003025782404,0.004569409000396263,0.11786200000642566,0.01600058588644515,0.0011784300004364923,0,0,0,,,,,1,0.3125,0,80
11,4605.78380749,1787518298.496934,0.28515625,2.0816681711721685e-17,250.92468285560608,0.3211567997932434,1,-1,0.6875,0.3340151011943817,0.01074647344648838,1.010981559753418,0.9299466609954834,0.755030632019043,0,0,0.07374975830316544,0.011872460134327412,1.0119432210922241,0.33627206087112427,-0.07109864801168442,-0.06673182547092438,0.07362320274114609,0.011872460134327412,1,1,0.011872460832819343,1,7.03125,474.84375,0.07362320653938449,0.03125,0,6265.3125,0,62.952599614591634,0.0018964864609114845,0.4313713835467535,10421.09375,0.6376521922986848,3860.21875,0.5029558024834841,0.5471304787434943,13406.84375,0.7102836465897376,4330.40625,0.6164869021158665,0.19220481778210416,0.3783587411966606,9109.125,0.6424084302454861,3873.25,13.753140300512314,0.03125,0,1.5904313086799422,0.625286654072723,0,60.16301435523597,0.0017364349064171226,,,,,,,,,,,,,,,,0,3617,7661,775.921875,1930.015625,48,48,4096,4096,4096,20.42544757699943,10.11770757100021,,,,,,,,,1,-0.8571428571428571,0.42782673395396215,0,0,1,,,,,,2.0484557151794434,0.0140577033162117,0.5124889016151428,0.005353929474949837,0.9983423948287964,,,,,,,,,,,,,0.07513603400002467,0.0022607334102815457,0.00020789999689441174,0.8406168459987384,0.07311635023839358,0.008059898995270487,0.1211942810259643,0.017851653601866246,0.0008684499989612959,0,0,0,,,,,1,0.28515625,0,73
12,4848.983956741,1787518644.7609987,0.25390625,1.1275702593849246e-17,334.4974801540375,0.3553497791290283,1,-0.8571428656578064,0.75,0.34319570660591125,0.012841422110795975,1.0044431686401367,0.9181548953056335,0.7344150543212891,0,0,0.08673907071352005,0.015347056090831757,1.015465497970581,0.4321553409099579,-0.04742347449064255,-0.043154314160346985,0.08670774102210999,0.015347056090831757,1,1,0.015347056440077722,1,7.0625,520.75,0.08670774235460302,0.03125,0,6207.375,0,65.77293427531,1.7821738528130612e-05,0.45287998924178074,10848.28125,0.6692324435013784,4019.59375,0.7368862758303294,0.5701772883377121,13859.5,0.742259702900077,4490.75,0.6960669131949544,0.22905185860101057,0.40247916293195696,9613.46875,0.6773343426053324,4062.53125,14.17334121465683,0.0625,0,1.7355171918513357,0.5735182286639472,0,62.953325604725734,1.7829641519837694e-05,,,,,,,,,,,,,,,,0.00390625,7178,8192,797.94921875,1998.2109375,101,101,4096,4096,4096,19.257772853998176,10.747541515003832,,,,,,,,,1,-1,0.3702935955951379,0,0,1,,,,,,1.0531558990478516,0.013378500938415527,0.5663461685180664,0.004979897290468216,0.9984755516052246,,,,,,,,,,,,,0.009561750004650094,0.0018640468592536763,0.00017140999989351258,0.8743960940046236,0.07277010177344323,0.003898770002706442,0.09138452299521305,0.016589653245858926,0.0005989999990561046,0,0,0,,,,,1,0.25390625,0,65
13,5101.00540671,1787518887.918787,0.32421875,8.673617379884035e-18,231.65087866783142,0.25905489921569824,1,-1,0.6875,0.34962600469589233,0.00811038352549076,1.0003156661987305,0.930975615978241,0.7942185401916504,0,0,0.07229997217655182,0.009373757988214493,1.0094178915023804,0.4193711280822754,-0.01482444629073143,-0.013015792705118656,0.07234961539506912,0.009373757988214493,1,1,0.00937375775538385,1,7.03125,488.1875,0.07234961205552455,0.03125,0,6383.59375,0,16.348048928443617,1.4313947757990893e-05,0.4425045663409391,10612.84375,0.6541193611389283,3934,0.6766826268285513,0.5601474296553488,13708.625,0.7268599480536282,4420.6875,0.6915318975225091,0.18141938935680457,0.3898306331391297,9311.53125,0.6570004570078687,3945.78125,14.792545557022095,0.03125,0,1.5698690311600676,0.5982978900064376,0,16.089863087649718,1.4727407144925936e-05,,,,,,,,,,,,,,,,0.00390625,3824,8192,716.3828125,1676.26953125,65,65,4096,4096,4096,17.63560258600046,8.691418747999705,,,,,,,,,1,-0.8571428571428571,0.38048706701183066,0,0,1,,,,,,1.247586727142334,0.015463628806173801,0.6012685298919678,0.005783719476312399,0.9983954429626465,,,,,,,,,,,,,0.008332328994583804,0.0016534060036690335,0.0002115399984177202,0.6495200610006577,0.07319275601969366,0.005632878994219936,0.04387554801360238,0.012241810348086801,0.0007520099970861338,0,0,0,,,,,1,0.32421875,0,83
14,5454.28755365,1787519140.9999247,0.25390625,2.5153490401663703e-17,240.49375677108765,0.2826727628707886,1,-0.8571428656578064,0.59375,0.373492568731308,0.00906834751367569,1.007955551147461,0.927466630935669,0.7670454978942871,0,0,0.07619686424732208,0.009545506909489632,1.0095912218093872,0.28917041420936584,-0.03622511401772499,-0.03449816256761551,0.07608199119567871,0.009545506909489632,1,1,0.009545506676658988,1,7.03125,483,0.07608199450843003,0.03125,0,5731.0625,0,22.404029393271873,2.8839805217803648e-05,0.47381837538420857,10643.5625,0.6998958672461533,3936.9375,0.519632326439023,0.590923339321993,13405.59375,0.7706330526533696,4357.4375,0.581682444550097,0.1928763979275393,0.41822241113179326,9382.9375,0.706705884310916,3972,13.508404672145844,0.03125,0,1.60650995446284,0.5827025742470386,0,23.16928375311643,2.9024035608694987e-05,,,,,,,,,,,,,,,,0.00390625,3642,8192,833.49609375,2135.3046875,75,75,4096,4096,4096,20.911642570004915,8.704243186002714,,,,,,,,,1,-0.8571428571428571,0.415730240243672,0,0,1,,,,,,3.0230891704559326,0.014389142394065857,0.6292608976364136,0.005396410822868347,0.9984297156333923,,,,,,,,,,,,,0.00939910900342511,0.001513270105135689,0.0001578699957462959,0.79286036099802,0.07505289164859619,0.005223059997661039,0.10266720099025406,0.014778528558707649,0.0006061099993530661,0,0,0,,,,,1,0.25390625,0,65
15,5788.50100186,1787519493.3406029,0.24609375,1.214306433183765e-17,340.5476231575012,0.3279014229774475,1,-0.8571428656578064,0.6875,0.3697161078453064,0.00994989462196827,1.0116815567016602,0.9307101964950562,0.7852258682250977,0,0,0.07282950729131699,0.011861888691782951,1.0119324922561646,0.3964282274246216,-0.022060446441173553,-0.02077806368470192,0.07281407713890076,0.011861888691782951,1,1,0.011861888109706342,1,7.0625,538.59375,0.07281407683160128,0.03125,0,6667.96875,0,26.087448258625855,1.2263349371116421e-05,0.4599844667839236,12004.40625,0.6800006347702281,4447.8125,0.5270142396911979,0.5810176717091518,15357.53125,0.7551357552699858,4970.59375,0.6085404525510967,0.1812496600756251,0.40629583643090966,10540.46875,0.6863741490995876,4474.8125,14.392139613628387,0.0625,0,1.5628601164561307,0.5818460383376944,0,31.12871091523246,1.234363559412707e-05,,,,,,,,,,,,,,,,0.0078125,8192,8192,926.32421875,2349.140625,125,131,4096,4096,4096,23.384124874006375,9.692912721999164,,,,,,,,,1,-0.8571428571428571,0.39041448409063295,0,0,1,,,,,,1.365591287612915,0.014089644886553288,0.7081500291824341,0.005260003264993429,0.9985089898109436,,,,,,,,,,,,,0.009063088997208979,0.0015740892227142922,0.00017333999858237803,0.8364328669995302,0.07340891675383432,0.005597249997663312,0.03751966699928744,0.014703984116692936,0,0,0,0,,,,,1,0.24609375,0,63
16,6074.483532481,1787519828.340597,0.2109375,6.938893903907228e-18,322.67960262298584,0.30257800221443176,1,-0.8571428656578064,0.65625,0.3751920461654663,0.0072904773987829685,1.003509521484375,0.9368360042572021,0.7759289741516113,0,0,0.06595298647880554,0.009800955653190613,1.009849190711975,0.4031105041503906,-0.042811356484889984,-0.04094540327787399,0.06595155596733093,0.009800955653190613,1,1,0.0098009561188519,1,7,586.375,0.06595155649278553,0.03125,0,7410.59375,0,44.21787231712928,5.541576828075397e-05,0.4615878856158001,13096.65625,0.6834235518909884,4864.46875,0.49237150978296995,0.5842082361241571,16932.875,0.7592492785061126,5467.8125,0.5402118964120746,0.15135533935081708,0.4018536143279042,11293.40625,0.6792485965657451,4803.5,13.14904898405075,0,0,1.5418777566550774,0.6083144244986736,0,46.079596556773026,5.499638330983021e-05,,,,,,,,,,,,,,,,0.00390625,8192,8192,761.11328125,1696.53515625,94,94,4096,4096,4096,18.270892237000226,8.713925892996485,,,,,,,,,1,-0.8571428571428571,0.28121456692899327,0,0,1,,,,,,1.0714311599731445,0.01486355159431696,0.48973727226257324,0.005491515155881643,0.9985244870185852,,,,,,,,,,,,,0.008872758997313213,0.0016673550234429513,0.0002023799970629625,0.677912182,0.07332930546490957,0.0039552689995616674,0.09098184300091816,0.011335020851674926,0,0,0,0,,,,,1,0.2109375,0,54
17,6328.460337239,1787520114.2893102,0.37890625,1.734723475976807e-17,273.4053771495819,0.16745468974113464,1,-0.8571428656578064,0.375,0.40712836384773254,0.0043274941854178905,1.0045671463012695,0.9373231530189514,0.8205947875976562,0,0,0.0655013918876648,0.004604943096637726,1.0046155452728271,0.19795995950698853,-0.0505402497947216,-0.04723889380693436,0.06544049829244614,0.004604943096637726,1,1,0.004604942980222404,1,7.03125,444,0.06544049857467413,0.03125,0,6088.90625,0,20.69850136408369,4.2640602278877146e-05,0.47251120837474747,10851.75,0.6971544774961715,4019.5625,0.5038393274880946,0.5904920977389058,14001.46875,0.7695796661965508,4517.53125,0.554140105843544,0.15900721857914873,0.40813511598772995,9245.28125,0.6917271374237317,3951.46875,12.271475434303284,0.03125,0,1.5809407578943802,0.6234043146038228,0,18.588429890069442,4.519659554635051e-05,,,,,,,,,,,,,,,,0.0078125,5267,8192,886.625,2009.3515625,89,89,4096,4096,4096,19.409531225996034,9.464223880000645,,,,,,,,,1,-0.8571428571428571,0.4278267339539621,0,0,1,,,,,,1.292784571647644,0.01653202436864376,0.3021550178527832,0.006065144203603268,0.9985597729682922,,,,,,,,,,,,,0.009540188999380916,0.0017467113475504448,0.00020560000120894983,0.8308495410019532,0.07219874988689412,0.005404139003076125,0.03828085999703035,0.013601892429988993,0.0006042200038791634,0,0,0,,,,,1,0.37890625,0,97
18,6616.508437309,1787520368.331356,0.28125,2.0816681711721685e-17,241.42299270629883,0.3492954671382904,1,-0.8571428656578064,0.71875,0.4147031307220459,0.008061745204031467,1.0036611557006836,0.9409899711608887,0.8339080810546875,0,0,0.0613659992814064,0.009197552688419819,1.009239912033081,0.37238216400146484,-0.06763579696416855,-0.06443717330694199,0.061319444328546524,0.009197552688419819,1,1,0.009197552455589175,1,7,586.5,0.06131944274549957,0.03125,0,7093,0,17.815497900442846,0.022283718729234618,0.5038985327743706,13716.625,0.7433570733558064,5074.78125,0.48894328344613314,0.6159892187765249,17078.375,0.8102046413886643,5584.6875,0.5626144669950008,0.1441316750548995,0.44338948680147466,12075.90625,0.7490886508143324,5125.21875,11.987707316875458,0,0,1.6079104839056408,0.6038862206422426,0,17.62283883451812,0.021165586806261513,,,,,,,,,,,,,,,,0.00390625,3760,8192,922.08203125,2114.83203125,115,115,4096,4096,4096,20.91410268900654,9.638843688000634,,,,,,,,,1,-1,0.39285714285714285,0,0,1,,,,,,1.0741461515426636,0.0197759997099638,0.3426942825317383,0.00717601552605629,0.9985291957855225,,,,,,,,,,,,,0.012949858995852992,0.0014870434216618378,0.00020293999841669574,0.8409989509964362,0.08082637754694133,0.006878410000354052,0.12438175800343743,0.011996137988290911,0.0007839699974283576,0,0,0,,,,,1,0.28125,0,72
19,6916.939577913,1787520656.1283278,0.26953125,3.469446951953614e-18,275.4106466770172,0.3220340609550476,1,-1,0.71875,0.4703368544578552,0.005838076584041119,1.0057439804077148,0.9434153437614441,0.8424057960510254,0,0,0.05859747529029846,0.007512194104492664,1.0075404644012451,0.3750741481781006,-0.09173635393381119,-0.08731435239315033,0.05857234448194504,0.007512194104492664,1,1,0.0075121939880773425,1,7.0625,683.125,0.05857234185617849,0.03125,0,7376.65625,0,80.67044965039054,5.303122153911687e-05,0.5316920141560847,15533.90625,0.7847455738153021,5738.4375,0.4455364546738565,0.6421657287429199,18840.5,0.8504584426079393,6233.09375,0.5086662024259567,0.13242271781764064,0.4722928836909439,13816.9375,0.7918187134555152,5795.90625,11.182933628559113,0.0625,0,1.5941334367693223,0.6562339045376675,0,77.1181360453208,5.261822494461327e-05,,,,,,,,,,,,,,,,0.0078125,5193,8192,1026.73828125,2111.2890625,136,136,4096,4096,4096,19.899096818000544,9.629297387000406,,,,,,,,,1,-0.7142857142857143,0.4016864956857854,0,0,1,,,,,,1.1410329341888428,0.019324375316500664,0.2991974353790283,0.007028700318187475,0.9985719919204712,,,,,,,,,,,,,0.007619222000357695,0.0015189851562524836,0.0001903000011225231,0.8464702990022488,0.07048156253503635,0.0027748609936679713,0.03476175298419548,0.0115463930348767,0.0005166400005691685,0,0,0,,,,,1,0.26953125,0,69
20,7191.923368624,1787520956.4991179,0.2890625,2.42861286636753e-17,288.2208390235901,0.3068201541900635,1,-0.7142857313156128,0.65625,0.4737439751625061,0.006394161842763424,1.0040864944458008,0.9469478130340576,0.846611499786377,0,0,0.054897114634513855,0.0078038983047008514,1.0078344345092773,0.38660120964050293,-0.055156439542770386,-0.051789551973342896,0.05487166345119476,0.0078038983047008514,1,1,0.007803897955454886,1,7,708.8125,0.05487166692973591,0.03125,0,8213.90625,0,34.21942837674101,0.00016405435678348238,0.5334677194132923,17233.375,0.7890103225603851,6383.34375,0.424013365060091,0.6467564451912319,21060.4375,0.8564655960910648,6959.28125,0.49660380743443966,0.12001938089357167,0.4711195820686934,15199.8125,0.7920299368900613,6411.40625,11.270341038703918,0,0,1.518643115584824,0.6445804609399458,0,32.77745471737586,0.0001625600055407999,,,,,,,,,,,,,,,,0.01171875,5263,8192,1130.62890625,2405.65625,139,139,4096,4096,4096,22.595225224002206,9.397777209000196,,,,,,,,,1,-1,0.4040610178208843,0,0,1,,,,,,0.6929054260253906,0.019319474697113037,0.2191634178161621,0.006998191587626934,0.9986057281494141,,,,,,,,,,,,,0.08024900199961849,0.0018434446604089771,0.0001650500053074211,0.6884117550071096,0.07129246550786661,0.007700211994233541,0.10163882500637555,0.014308485539515914,0.0007023200014373288,0,0,0,,,,,1,0.2890625,0,74
21,7468.024198643,1787521231.8018615,0.37109375,3.469446951953614e-18,262.6100196838379,0.2915470600128174,1,-1,0.6875,0.48844414949417114,0.006325912661850452,1.0035133361816406,0.9462329745292664,0.8089432716369629,0,0,0.05563060939311981,0.007236826233565807,1.0072630643844604,0.3428899049758911,-0.0558261014521122,-0.053236741572618484,0.05561823397874832,0.007236826233565807,1,1,0.007236826466396451,1,7,774.15625,0.05561823128978567,0.03125,0,9045.03125,0,22.362592041430922,0.00013973134263300623,0.5380500695454563,19082.375,0.7970949896678612,7082.25,0.4755425890907645,0.6528289354658704,23414.34375,0.8652699839567655,7734.0625,0.5099111618474126,0.12189603258102738,0.4782613120887534,16828.96875,0.8030025704312171,7118.875,10.994921743869781,0,0,1.5536895867397087,0.6457560047964473,0,21.14896807920849,0.00013982390929873735,,,,,,,,,,,,,,,,0.00390625,4286,8192,1069.21875,2169.92578125,154,154,4096,4096,4096,21.153647225000896,9.273932392999995,,,,,,,,,1,-1,0.3968948351945155,0,0,1,,,,,,0.8450967073440552,0.020585304126143456,0.34752535820007324,0.007441104389727116,0.9985646605491638,,,,,,,,,,,,,0.00925546000507893,0.0012937543905877646,0.00020970900368411094,0.9017659200035268,0.07899985835149437,0.004853769001783803,0.040180450028856285,0.011520486117291284,0.0006499700029962696,0,0,0,,,,,1,0.37109375,0,95
22,7751.175670596,1787521507.0445163,0.2109375,1.3877787807814457e-17,263.4599027633667,0.30264604091644287,1,-1,0.6875,0.4890468716621399,0.006977392360568047,1.002279281616211,0.9489994049072266,0.8660902976989746,0,0,0.0525839664041996,0.006839713081717491,1.0068632364273071,0.2882651090621948,-0.06579791009426117,-0.06198323890566826,0.0525759682059288,0.006839713081717491,1,1,0.0068397128488868475,1,7.03125,766.59375,0.05257597033510818,0.03125,0,8553.75,0,63.33620903770083,0.000142373550677248,0.5504959600843582,18548.65625,0.8143144246137087,6873.46875,0.4068897278048098,0.6616765455081964,22484.875,0.8798374630007952,7459.15625,0.4661464933305979,0.10875343088256645,0.4871070995625045,16391.15625,0.8169704440082765,6903.78125,10.147645175457,0.03125,0,1.5413520953807645,0.6537778712691632,0,62.9387481113197,0.000139130121583301,,,,,,,,,,,,,,,,0.01171875,4277,8192,1172.953125,2523.23046875,121,121,4096,4096,4096,23.99679460000334,9.638981115000206,,,,,,,,,1,-1,0.3694314440281643,0,0,1,,,,,,2.0165693759918213,0.020742330700159073,0.581979513168335,0.007520393934100866,0.9985594749450684,,,,,,,,,,,,,0.009462039000936784,0.0016027023747255953,0.00021810999896842986,0.8502865740010748,0.07440188199620934,0.004956169999786653,0.03883352799311979,0.012565976124477629,0.0006582200003322214,0,0,0,,,,,1,0.2109375,0,54
23,8013.16438163,1787521790.6911385,0.23828125,2.42861286636753e-17,271.5645823478699,0.280250608921051,1,-1,0.65625,0.5102697610855103,0.005967398639768362,1.0040597915649414,0.9533452987670898,0.8944888114929199,0,0,0.04801145941019058,0.005383963696658611,1.0053985118865967,0.36501386761665344,-0.06948135793209076,-0.06678718328475952,0.04794515669345856,0.005383963696658611,1,1,0.005383964045904577,1,7.0625,806.34375,0.047945155460899155,0.03125,0,9383.625,0,13.793412571732679,0.0006012363583526042,0.5530568367047319,20504.9375,0.8194667512807383,7612.28125,0.407022787258029,0.665444628607825,24878.78125,0.8854418669621762,8260.78125,0.48913478199392557,0.09423090819282295,0.4865353886158055,18013.34375,0.8191537366101602,7616.9375,9.179724127054214,0.0625,0,1.5374200549946637,0.6276952552562817,0,14.093117462774455,0.0006044116406669876,,,,,,,,,,,,,,,,0.0078125,4565,8192,1212.5859375,2374.51171875,144,144,4096,4096,4096,23.13371259399719,8.73090072299965,,,,,,,,,1,-1,0.3562488811296429,0,0,1,,,,,,1.739431619644165,0.020875202491879463,0.2680530548095703,0.007573162205517292,0.9985620975494385,,,,,,,,,,,,,0.007932171996799298,0.0014046545662438348,0.000218679997487925,0.649292633002915,0.06617653759769837,0.003635310997196939,0.10178446699865162,0.011803781558256787,0.0008030200042412616,0,0,0,,,,,1,0.23828125,0,61
24,8304.106751047,1787522052.3259392,0.43359375,2.7755575615628914e-17,249.6968445777893,0.25693389773368835,1,-1,0.59375,0.5002368688583374,0.006062006577849388,1.0020990371704102,0.9528862237930298,0.891141414642334,0,0,0.048478927463293076,0.005530203692615032,1.0055454969406128,0.3098684549331665,-0.07833725214004517,-0.07466975599527359,0.04848943650722504,0.005530203692615032,1,1,0.0055302034597843885,1,7.03125,821.96875,0.04848943675169981,0.03125,0,9700.6875,0,20.491265093808067,0.0004301644176127191,0.5529673325215222,21212.8125,0.8193665282577121,7869.875,0.3952655689790845,0.6650754796654901,25679.09375,0.8852782120306677,8534.59375,0.5261994646862149,0.10558256827408238,0.4881618484967687,18673.96875,0.8221037604230041,7899.0625,10.794604241847992,0.03125,0,1.5787021684947238,0.6290138269719716,0,18.238066124563147,0.0004149756368575782,,,,,,,,,,,,,,,,0,3928,7834,1191.66015625,2185.19921875,140,140,4096,4096,4096,20.114307629002724,9.243954863995896,,,,,,,,,1,-1,0.42030722485499356,0,0,1,,,,,,1.3581717014312744,0.02085144817829132,0.4213547706604004,0.007573292125016451,0.9985371828079224,,,,,,,,,,,,,0.010858230001758784,0.0016297546250712003,0.0001691799989202991,0.8590852659981465,0.077873091695011,0.00567377099650912,0.09340728399547515,0.012525865082437804,0.0006409699999494478,0,0,0,,,,,1,0.43359375,0,111
25,8570.204579601,1787522344.3198717,0.390625,1.5612511283791264e-17,279.1706895828247,0.3254423439502716,1,-1,0.71875,0.5012565851211548,0.009256004355847836,1.006516456604004,0.9525580406188965,0.8601322174072266,0,0,0.04884077236056328,0.00758777791634202,1.007616639137268,0.32498955726623535,-0.07192383706569672,-0.0678485780954361,0.048775576055049896,0.00758777791634202,1,1,0.00758777791634202,1,7.0625,829.90625,0.04877557775815647,0.03125,0,9533.28125,0,23.12176484602204,0.0003770864838317016,0.5515619156851619,20822.28125,0.8172237029404709,7724.5,0.4477076302282512,0.664205604944262,25218.3125,0.8845128699832445,8384.84375,0.5239816848188639,0.09012046486775718,0.48759513034732166,18348.34375,0.82170424352751,7762.65625,9.329048752784729,0.0625,0,1.6416595113856447,0.621158055595581,0,21.093765290571326,0.0003900957023417592,,,,,,,,,,,,,,,,0.01171875,5326,8192,1180.2421875,2052.9765625,141,141,4096,4096,4096,20.200726729999587,8.943694617999427,,,,,,,,,1,-1,0.3928571428571429,0,0,1,,,,,,1.0769600868225098,0.020741501823067665,0.2893400192260742,0.007522862404584885,0.9985494613647461,,,,,,,,,,,,,0.09566819299652707,0.001860189140387547,0.0001823999991756864,0.6934093169984408,0.06501800005054292,0.0067778200027532876,0.03986241800885182,0.011121838663996186,0.0006469200015999377,0,0,0,,,,,1,0.390625,0,100
26,8921.200068862,1787522608.4294088,0.30859375,6.938893903907228e-18,253.08098554611206,0.3211000859737396,1,-1,0.71875,0.499573290348053,0.006184479221701622,1.0037822723388672,0.9579221606254578,0.8621320724487305,0,0,0.043227668851614,0.005545748397707939,1.005561113357544,0.37147262692451477,-0.015778541564941406,-0.01561430562287569,0.043199893087148666,0.005545748397707939,1,1,0.005545748281292617,1,7.03125,761.96875,0.04319989378899518,0.03125,0,9441.9375,0,24.688310384521717,0.0004653076957503112,0.5464659249912434,20372.625,0.8097205611315164,7556.78125,0.3998959008604288,0.6599225688412594,24754.1875,0.8775948036097475,8216.96875,0.5308541767299175,0.0814008721583292,0.4792253554419959,17836,0.8119491040649118,7582.96875,9.5479177236557,0.03125,0,1.5707078296205177,0.6441485913902435,0,23.751823369798554,0.0004657168767957349,,,,,,,,,,,,,,,,0.01171875,4409,8192,1095.1796875,1990.19921875,134,134,4096,4096,4096,19.403460619003454,9.919600763001654,,,,,,,,,1,-1,0.4248349019060828,0,0,1,,,,,,1.457852840423584,0.02175779826939106,0.3066568374633789,0.007895654998719692,0.9984951615333557,,,,,,,,,,,,,0.07813251500192564,0.0018111474806232764,0.0002112600050168112,0.8860912819945952,0.07637272848776888,0.0038154989961185493,0.09212258201296208,0.010400563813249164,0.0006053499964764342,0,0,0,,,,,1,0.30859375,0,79
27,9228.461390607,1787522960.0651376,0.4296875,2.0816681711721685e-17,340.2056665420532,0.34484148025512695,1,-1,0.6875,0.5201396942138672,0.006922959350049496,1.0070743560791016,0.9611272811889648,0.9026288986206055,0,0,0.03988373279571533,0.00675866287201643,1.0067815780639648,0.2679133117198944,-0.10377951711416245,-0.09935003519058228,0.039784807711839676,0.00675866287201643,1,1,0.006758662639185786,1,7.03125,723.59375,0.03978480730665897,0.03125,0,8761.4375,0,11.118181791533239,0.00030391903509789593,0.5564146037529029,19405.21875,0.823010913188619,7182.40625,0.4485340304672718,0.6668928812632989,23321.9375,0.8880111929322176,7760.6875,0.48924293741583824,0.06957337541392843,0.48442144025645506,16953.84375,0.8221556626235759,7191.8125,9.63043224811554,0.03125,0,1.5255318980410801,0.6378863406959371,0,10.871397760582134,0.0003069498691593057,,,,,,,,,,,,,,,,0.02734375,8192,8192,1269.546875,2273.22265625,120,120,4096,4096,4096,21.769484356998873,8.041053931003262,,,,,,,,,1,-1,0.38630906522828456,0,0,1,,,,,,0.7295613288879395,0.02047175168991089,0.3258509635925293,0.007461293134838343,0.9985457062721252,,,,,,,,,,,,,0.008829139995214064,0.0013193954841312916,0.00018588899547467008,0.6567204559978563,0.07276165765242126,0.003888361003191676,0.029587002012704033,0.010639248491742137,0,0,0,0,,,,,1,0.4296875,0,110
28,9521.046478961,1787523267.1261017,0.2421875,1.3877787807814457e-17,295.84724593162537,0.2690705955028534,1,-1,0.59375,0.5016714930534363,0.00646360544487834,1.005218505859375,0.9623729586601257,0.9150371551513672,0,0,0.03856220096349716,0.005157726351171732,1.0051709413528442,0.2568521499633789,-0.05186748504638672,-0.0495741181075573,0.03850102424621582,0.005157726351171732,1,1,0.005157726351171732,1,7.09375,800.78125,0.03850102046058032,0.03125,0,10156.375,0,35.049880140185316,0.0007379227462931427,0.5493828980365444,22009.5625,0.8143219732209114,8165,0.41734767612069845,0.6642123859396811,27010.3125,0.8841369010364548,8940.5,0.47542152740061283,0.06511534241519681,0.4787388832609714,18925.03125,0.8099000455433422,8050.71875,8.505272567272186,0.09375,0,1.5517808827882067,0.645302617251016,0,34.7463573954104,0.0007011604061233699,,,,,,,,,,,,,,,,0.00390625,5569,8192,1356.65625,2465.99609375,148,148,4096,4096,4096,22.067664572001377,8.504461943994102,,,,,,,,,1,-0.8571428571428571,0.4344830378784443,0,0,1,,,,,,0.9551316499710083,0.0206928588449955,0.25969362258911133,0.007574403192847967,0.9985297918319702,,,,,,,,,,,,,0.01037563899444649,0.0013660484567310505,0.000172610001754947,0.6444267729966668,0.06490970904673077,0.006270329999097157,0.04117610998946475,0.012239239800948098,0.0007208899987745099,0,0,0,,,,,1,0.2421875,0,62
29,9805.567311584,1787523561.4764094,0.31640625,1.0408340855860843e-17,281.3416278362274,0.3746669888496399,1,-0.8571428656578064,0.84375,0.5017471313476562,0.006723998114466667,1.0057010650634766,0.9628278017044067,0.8896927833557129,0,0,0.038020193576812744,0.006152695044875145,1.0061715841293335,0.5211753845214844,-0.08301863074302673,-0.08059138804674149,0.03800506889820099,0.006152695044875145,1,1,0.006152695044875145,1,7,893.59375,0.03800506818493933,0.03125,0,10853.25,0,21.967427271392232,0.00038564626382682997,0.5474254414557405,23522.1875,0.8130505490233843,8741.84375,0.39693850465118885,0.6620150487813935,28581.96875,0.8816421040684735,9504.4375,0.5194004811346531,0.06455724850508988,0.4809820747333412,20640.6875,0.815603686930339,8774.09375,9.71940764784813,0,0,1.5149621334047747,0.6261823322840303,0,22.070376882133644,0.00038443132834232226,,,,,,,,,,,,,,,,0.00390625,4782,8192,1423.6953125,2602.0859375,116,116,4096,4096,4096,22.618073335004738,8.745633399004873,,,,,,,,,1,-1,0.4079878449569951,0,0,1,,,,,,1.2184278964996338,0.02111661247909069,0.32171130180358887,0.007736655417829752,0.9985086917877197,,,,,,,,,,,,,0.007979378999152686,0.0014169323943917789,0.00020417999621713534,0.6616036720006377,0.06636352636755305,0.00472948000242468,0.09412811398215126,0.012423036222571682,0.0007315999973798171,0,0,0,,,,,1,0.31640625,0,81
30,10112.078947629,1787523845.194383,0.33984375,1.0408340855860843e-17,271.32034492492676,0.32828542590141296,1,-1,0.6875,0.49976682662963867,0.006196796428412199,1.0085229873657227,0.9661455750465393,0.9121150970458984,0,0,0.034573040902614594,0.004879968240857124,1.0048918724060059,0.3268032670021057,-0.07381181418895721,-0.07183472067117691,0.034539736807346344,0.004879968240857124,1,1,0.0048799681244418025,1,7.03125,918.53125,0.034539739601897795,0.03125,0,11389.5625,0,53.868340116326365,0.00044390872667477934,0.5537585542596201,24977.4375,0.8207594639141973,9266.21875,0.4066629372537136,0.6655503020677167,30146.84375,0.8875584348093737,10042.53125,0.5020406022667885,0.05391417487696485,0.4853366755044744,21789.09375,0.8221854540361369,9269.40625,9.205795049667358,0.03125,0,1.5178726640673113,0.6206044048769277,0,48.40864933476698,0.0004417774131120869,,,,,,,,,,,,,,,,0.015625,4435,8192,1402.33203125,2514.77734375,155,155,4096,4096,4096,24.03875549700024,10.12028233500314,,,,,,,,,1,-1,0.40954803361356124,0,0,1,,,,,,1.34690260887146,0.021507149562239647,0.63368821144104,0.007830731570720673,0.9984827637672424,,,,,,,,,,,,,0.010727066997787915,0.0014521108124085913,0.0002055200020549819,0.8839117850002367,0.07901765276963602,0.004753564004204236,0.03354055999807315,0.012232541558461207,0.0007269510024343617,0,0,0,,,,,1,0.33984375,0,87
31,10408.824378833,1787524152.6196558,0.3203125,2.0816681711721685e-17,294.06371998786926,0.3063693940639496,1,-1,0.71875,0.49654620885849,0.00531512126326561,1.006077766418457,0.9666792154312134,0.9194555282592773,0,0,0.0340011827647686,0.0047655533999204636,1.004776954650879,0.3465660810470581,-0.06680342555046082,-0.06474968045949936,0.03402635455131531,0.0047655533999204636,1,1,0.00476555316708982,1,7.125,920.78125,0.034026353087842465,0.03125,0,11218.65625,0,24.63850435610675,0.0006139217274345346,0.5550448451779842,24642.5,0.822948139410042,9148.875,0.5890017482452095,0.6668417010321654,29786.71875,0.8897866008339204,9923.71875,0.5442313072271645,0.05539868125007692,0.48806943440218636,21636.1875,0.826974243408017,9199.125,9.672600507736206,0.125,0,1.6953322403221205,0.5766856349191758,0,21.793815771798247,0.0005940461422527874,,,,,,,,,,,,,,,,0.0078125,5066,8192,1515.4140625,2769.6484375,142,142,4096,4096,4096,24.672436622000532,9.344480861000193,,,,,,,,,1,-1,0.39447717918525926,0,0,1,,,,,,2.279144287109375,0.020936163142323494,0.3769395351409912,0.007672276813536882,0.9984923005104065,,,,,,,,,,,,,0.0076232900028117,0.001364248992189232,0.00017110999760916457,0.9003632690000813,0.07895713896499501,0.007813840005837847,0.04480608000449138,0.013176354351742248,0.0008390299990423955,0,0,0,,,,,1,0.3203125,0,82
32,10723.082722066,1787524447.7356372,0.34765625,1.3877787807814457e-17,283.4217267036438,0.31418997049331665,1,-1,0.71875,0.49239611625671387,0.0046872892417013645,1.0022764205932617,0.9685444831848145,0.8750262260437012,0,0,0.03208576515316963,0.003929543774574995,1.0039373636245728,0.3607257008552551,-0.06987719982862473,-0.06809444725513458,0.03207383677363396,0.003929543774574995,1,1,0.003929543774574995,1,7.125,943.5625,0.032073835565517524,0.03125,0,12123.3125,0,29.100749393489416,0.0006506314094440858,0.5484458198216455,26374.3125,0.8126422686614774,9782.4375,0.42589810118079185,0.6599468750955745,31859.71875,0.8795233536878471,10607.71875,0.6061076540499926,0.054293669315135254,0.47597660677674763,22905.15625,0.8111065038256939,9774.3125,9.968831896781921,0.125,0,1.7125767261184373,0.6060741353338837,0,32.71825623009035,0.0005949998330155077,,,,,,,,,,,,,,,,0.03515625,5088,8192,1428.4140625,2420.1171875,115,115,4096,4096,4096,22.844005134997133,10.128607923004893,,,,,,,,,1,-1,0.3854827347307661,0,0,1,,,,,,0.9231839179992676,0.02084990218281746,0.2596876621246338,0.007653228938579559,0.9985121488571167,,,,,,,,,,,,,0.007157450003433041,0.0014418000195348668,0.0001656500026001595,0.8726783000020077,0.08192901239840467,0.007901320001110435,0.09951632799493382,0.011403666012398617,0.0006242399977054447,0,0,0,,,,,1,0.34765625,0,89
33,11085.864969464,1787524761.7113504,0.3046875,2.2551405187698492e-17,302.7133889198303,0.28058427572250366,1,-1,0.625,0.5039424896240234,0.003989639692008495,1.0030746459960938,0.9713319540023804,0.8886637687683105,0,0,0.02928484044969082,0.0036110333167016506,1.0036176443099976,0.3049827218055725,-0.06090596318244934,-0.05948307365179062,0.029288485646247864,0.0036110333167016506,1,1,0.0036110333167016506,1,7.03125,874.28125,0.02928848337948866,0.03125,0,11427.3125,0,227.901261986028,0.003367476967765401,0.5514267608707633,24794.375,0.8183281079986936,9219.375,0.38751140143722296,0.6633776103004982,30072.15625,0.8855300222083633,10016.65625,0.5025002937763929,0.04937649135956735,0.4792775574949795,21569.71875,0.8162978685858335,9212.71875,10.009426176548004,0.03125,0,1.5561487266337712,0.6357025054448007,0,205.54692400603432,0.0033892414934399836,,,,,,,,,,,,,,,,0.01953125,5248,8192,1609.15625,3027.66015625,145,145,4096,4096,4096,26.089158476002922,8.629148847998295,,,,,,,,,1,-1,0.38630906522828456,0,0,1,,,,,,0.8529701232910156,0.020933354273438454,0.24486756324768066,0.00772780179977417,0.9984819889068604,,,,,,,,,,,,,0.010840989998541772,0.0014981034493928291,0.00020071999460924417,0.719387632998405,0.07672829280866722,0.004845109993766528,0.10159012299118331,0.015040692609289863,0.0007884000006015413,0,0,0,,,,,1,0.3046875,0,78
34,11387.972643888,1787525124.6744862,0.4296875,2.0816681711721685e-17,351.4426050186157,0.27267348766326904,1,-1,0.65625,0.4833059310913086,0.003899917472153902,1.001932144165039,0.9687780141830444,0.9103055000305176,0,0,0.03182613104581833,0.0037840234581381083,1.0037912130355835,0.3451229929924011,-0.03641662001609802,-0.03564472869038582,0.031812068074941635,0.0037840234581381083,1,1,0.0037840234581381083,1,7,1025.21875,0.03181206573021419,0.03125,0,12873.25,0,19.05993341124507,0.0010177788326216127,0.5521946203123209,28078.03125,0.8209872161372276,10451.5625,0.4323986601084471,0.6652767680713528,34011.1875,0.8884379398216853,11339.9375,0.5357211381196976,0.050792759832713544,0.4837677297723958,24585,0.8219633991132594,10480.5,9.443804562091827,0,0,1.5001985373785254,0.6282019157102048,0,18.85695776938208,0.0009671443180279518,,,,,,,,,,,,,,,,0.015625,8192,8192,1396.59765625,2349.41015625,148,148,4096,4096,4096,23.04655677700066,8.522002791003615,,,,,,,,,1,-1,0.41649656391752143,0,0,1,,,,,,0.8970094919204712,0.021770600229501724,0.26159000396728516,0.00799324456602335,0.9984664916992188,,,,,,,,,,,,,0.008405350003158674,0.001429593468742496,0.00016943999798968434,0.7989759510019212,0.07717237179284098,0.00861078999878373,0.11445773300511064,0.01193395469934444,0,0,0,0,,,,,1,0.4296875,0,110
35,11718.911839761,1787525426.8784823,0.2734375,1.3877787807814457e-17,290.7001738548279,0.3504282534122467,1,-1,0.65625,0.5023009181022644,0.00548242311924696,1.004775047302246,0.9711971282958984,0.9090785980224609,0,0,0.029362108558416367,0.00452481210231781,1.0045350790023804,0.2850857377052307,-0.09231522679328918,-0.08915276825428009,0.02932879701256752,0.00452481210231781,1,1,0.004524811753071845,1,7.03125,894.96875,0.029328798413037163,0.03125,0,11172.78125,0,44.73065999378463,0.001060207738884472,0.5560483937308629,24609.96875,0.8265530502508818,9157.25,0.41792911384254694,0.6706594007232276,29946.15625,0.894737234055895,9958.96875,0.4822151381522417,0.04705225038357831,0.4865311122019948,21384.46875,0.8226220926407315,9068.28125,10.712036907672882,0.03125,0,1.5306388633015233,0.638289998870019,0,48.21581782930592,0.0010534969062215291,,,,,,,,,,,,,,,,0.015625,5175,8192,1450.71875,2565.83203125,115,115,4096,4096,4096,23.512701018997177,8.477527110000665,,,,,,,,,1,-0.8571428571428571,0.43886449026587526,0,0,1,,,,,,0.9749939441680908,0.021567732095718384,0.48262810707092285,0.00799868069589138,0.9984487295150757,,,,,,,,,,,,,0.008949921000748873,0.0014617846792930322,0.00018982000619871542,0.7001566489998368,0.061092128746224716,0.004079779995663557,0.12832265398901654,0.012207901738293003,0.0005232900002738461,0,0,0,,,,,1,0.2734375,0,70
36,12036.891256177,1787525759.3184962,0.28515625,1.3010426069826053e-17,319.6087317466736,0.41007286310195923,1,-0.8571428656578064,0.84375,0.507798433303833,0.004675133619457483,1.0031118392944336,0.9728479981422424,0.911745548248291,0,0,0.027615245431661606,0.004628031048923731,1.0046387910842896,0.42386287450790405,-0.13916826248168945,-0.1349525898694992,0.02759885974228382,0.004628031048923731,1,1,0.004628031165339053,1,7,900.03125,0.027598859595637612,0.03125,0,11605.75,0,26.533150294876638,0.0014075534008354223,0.5588957996945345,25686.53125,0.8297036893069755,9545.375,0.42209883220493793,0.6691711748991489,30902.96875,0.8950154129545861,10324.4375,0.5316803064197302,0.04032236379475079,0.4871758259362972,22413.4375,0.8278979536627518,9543.96875,8.428337395191193,0,0,1.5026342039388416,0.6150136626590987,0,24.929450320557514,0.001340550356416934,,,,,,,,,,,,,,,,0.0390625,5681,8192,1764.44140625,3288.796875,154,154,4096,4096,4096,27.268928263001726,8.697545975999674,,,,,,,,,1,-1,0.36683283186025245,0,0,1,,,,,,0.9871008396148682,0.021669624373316765,0.2183394432067871,0.007992452010512352,0.9984648823738098,,,,,,,,,,,,,0.006913199998962227,0.00121212950787708,0.0002397600037511438,0.6613595399976475,0.06996661335151089,0.007140969995816704,0.10414349100756226,0.014175533961093834,0.0007838200035621412,0,0,0,,,,,1,0.28515625,0,73
37,12345.363048308,1787526075.6795833,0.44921875,2.42861286636753e-17,304.7758524417877,0.2663002610206604,1,-1,0.65625,0.4879951775074005,0.003541333833709359,1.0059547424316406,0.9730163812637329,0.9045238494873047,0,0,0.027461998164653778,0.0029518306255340576,1.0029561519622803,0.30500921607017517,-0.05976174771785736,-0.05829128623008728,0.027441449463367462,0.0029518306255340576,1,1,0.0029518307419493794,1,7.03125,1111.40625,0.027441447980626664,0.03125,0,14115.53125,0,17.126999044070754,0.0008869093674669364,0.5549141721493079,31007.46875,0.824911050778491,11536.5,0.4454486221075058,0.6640368660403566,37266.28125,0.8893407923717397,12466.1875,0.4950009863823652,0.043508235479218116,0.4859642356662753,27119.4375,0.8246861032090456,11535.53125,9.61424994468689,0.03125,0,1.54442630318857,0.605454405638209,0,17.968979913337165,0.0008747021036422839,,,,,,,,,,,,,,,,0.0234375,5125,8192,1739.13671875,3097.50390625,110,110,4096,4096,4096,27.65488635499787,10.015940467004839,,,,,,,,,1,-1,0.41726148019814013,0,0,1,,,,,,0.8469791412353516,0.021214375272393227,0.33321666717529297,0.007887340150773525,0.9984493851661682,,,,,,,,,,,,,0.009363810000650119,0.0014757554021684882,0.00021669999841833487,0.8895865430022241,0.07327421973806736,0.004229699996358249,0.10712304000480799,0.014507079019551838,0.0005699100001947954,0,0,0,,,,,1,0.44921875,0,115
38,12720.917451506,1787526385.588199,0.31640625,3.469446951953614e-18,297.0405797958374,0.334829181432724,1,-1,0.8125,0.47766560316085815,0.0035690884105861187,1.0020275115966797,0.974605917930603,0.9305419921875,0,0,0.025781787931919098,0.0034785792231559753,1.0034846067428589,0.3882352113723755,-0.07659729570150375,-0.0751761943101883,0.025783803313970566,0.0034785792231559753,1,1,0.0034785792231559753,1,7,1074.65625,0.02578380331658888,0.03125,0,13913.09375,0,50.93034713466494,0.001330658869217858,0.5541685871442721,30350.875,0.8233921855382429,11294.5,0.42289163172245026,0.6636679374417267,36584.34375,0.8887460945457883,12229.9375,0.49109729565680027,0.03566631183423201,0.4877790289557883,26596.875,0.8267416798421569,11339.28125,9.453217446804047,0,0,1.5847928940046525,0.6166108364688853,0,44.56439581128182,0.0013300487579992167,,,,,,,,,,,,,,,,0.06640625,5015,8192,1628.28125,2887.78125,157,157,4096,4096,4096,24.500324591994286,8.420559031997982,,,,,,,,,1,-1,0.38713363194069284,0,0,1,,,,,,1.1111063957214355,0.021868260577321053,0.39374589920043945,0.008140753954648972,0.9984219670295715,,,,,,,,,,,,,0.011291631002677605,0.001460267480155153,0.00018397099483991042,0.7395221319966367,0.0732287299221639,0.005449110001791269,0.03156402099557454,0.012623465378510446,0.0007287199987331405,0,0,0,,,,,1,0.31640625,0,81
39,13104.224145892,1787526761.0725281,0.328125,3.469446951953614e-18,362.55229020118713,0.2755863666534424,1,-1,0.65625,0.5012099146842957,0.004434079863131046,1.0052776336669922,0.974071741104126,0.9337668418884277,0,0,0.02637258544564247,0.003366362303495407,1.003372073173523,0.317694753408432,-0.050027720630168915,-0.04867076873779297,0.026335319504141808,0.003366362303495407,1,1,0.003366362419910729,1,7,1021.125,0.026335320098719642,0.03125,0,13026.25,0,21.768253521504814,0.0029444287573672755,0.557691826070015,28799.78125,0.8291617846408472,10716.3125,0.407760638743639,0.6671317495827036,34561.65625,0.8936713175183482,11569.15625,0.513196911662817,0.03472896698099996,0.4891461799904135,25203.59375,0.8285645869931194,10702.1875,8.388252794742584,0,0,1.5665957629864486,0.6146966179876394,0,19.156529269092154,0.003063812221799819,,,,,,,,,,,,,,,,0.03125,8192,8192,1603.21875,2714.61328125,177,177,4096,4096,4096,23.65027373000339,9.954315538001538,,,,,,,,,1,-0.8571428571428571,0.34441609860689126,0,0,1,,,,,,1.0355329513549805,0.021802468225359917,0.35115909576416016,0.00811750814318657,0.9984246492385864,,,,,,,,,,,,,0.0103783399972599,0.0015741099611261689,0.00018380999972578138,0.8666771129937842,0.06839605148425676,0.0038093900002422743,0.133129370988172,0.012898484222318984,0,0,0,0,,,,,1,0.328125,0,84
40,13415.546090045,1787527144.0040693,0.31640625,1.0408340855860843e-17,370.4782702922821,0.22517621517181396,1,-0.8571428656578064,0.46875,0.4939795136451721,0.003388030454516411,1.0033273696899414,0.9731970429420471,0.9196262359619141,0,0,0.027271229773759842,0.0028412416577339172,1.002845287322998,0.2636123299598694,-0.037063226103782654,-0.03607107698917389,0.02724933996796608,0.0028412416577339172,1,1,0.0028412416577339172,1,7.03125,1004.90625,0.027249339193639182,0.03125,0,12825.75,0,31.59287205440489,0.0005505507006688934,0.5608416740445872,28488.71875,0.8337221015512934,10602.6875,0.41244640946388245,0.6738291956911782,34501.5,0.9008504883084709,11504.96875,0.5372702702879906,0.04005421728436634,0.4884935984866081,24670.46875,0.8269528164246911,10477.65625,9.294125020503998,0.03125,0,1.5474717663280688,0.617605649151753,0,29.552010358582713,0.0005515746639015151,,,,,,,,,,,,,,,,0.0390625,8192,8192,1738.58984375,3052.1875,175,175,4096,4096,4096,26.52753416699852,9.98318096499861,,,,,,,,,1,-1,0.3887775188763793,0,0,1,,,,,,1.4024780988693237,0.020663926377892494,0.27005887031555176,0.007761927787214518,0.9984139800071716,,,,,,,,,,,,,0.006078049998905044,0.0014191939606007509,0.00016365000192308798,0.9079399729962461,0.07924434110168477,0.00810405000083847,0.03594571298890514,0.013525701015083769,0,0,0,0,,,,,1,0.31640625,0,81
41,13741.987294325,1787527454.940408,0.35546875,1.0408340855860843e-17,298.6563720703125,0.29067710041999817,1,-1,0.625,0.4798980951309204,0.0036193577107042074,1.0053215026855469,0.9753569960594177,0.9095563888549805,0,0,0.025114458054304123,0.0031503508798778057,1.00315523147583,0.3111194372177124,-0.04631277546286583,-0.04558407515287399,0.02502845972776413,0.0031503508798778057,1,1,0.0031503509962931275,1,7.03125,1023.125,0.025028458935731378,0.03125,0,13908.71875,0,23.031630641306194,0.0004431769640140809,0.5513794308882731,30098.375,0.8201732605437442,11218.34375,0.42323397658765316,0.6706313043293095,37103.65625,0.8924697555563825,12292.84375,0.5668551716953516,0.03674472512456274,0.4757827611262196,25818.78125,0.8094582979242297,11020.875,10.018524646759033,0.03125,0,1.6025204547452097,0.6113898385270568,0,21.5797984113291,0.0004452977814144476,,,,,,,,,,,,,,,,0.03125,5137,8192,1590.28125,2810.91015625,150,150,4096,4096,4096,24.734917491994565,9.366496134003683,,,,,,,,,1,-1,0.42931483143468957,0,0,1,,,,,,1.6969678401947021,0.022603360936045647,0.4037773609161377,0.008451239205896854,0.9983643889427185,,,,,,,,,,,,,0.00839861999702407,0.0013679598200724286,0.0001843799982452765,0.964522151996789,0.07591241139851945,0.005035308997321408,0.03813289100071415,0.012778500774118129,0.0005404399998951703,0,0,0,,,,,1,0.35546875,0,91
42,14060.283890791,1787527781.3346663,0.23046875,1.0408340855860843e-17,314.2576427459717,0.35575222969055176,1,-1,0.84375,0.493937224149704,0.004863840993493795,1.0075559616088867,0.9715937972068787,0.9138317108154297,0,0,0.02894102782011032,0.004462285898625851,1.004472255706787,0.40922248363494873,-0.07398346066474915,-0.07223230600357056,0.028902772814035416,0.004462285898625851,1,1,0.004462285665795207,1,7.0625,1052.71875,0.0289027735881239,0.03125,0,12722.25,0,54.342647604339625,0.0007720188904383931,0.564134416121097,28522.59375,0.8392545446051265,10618.21875,0.4040265758521855,0.6726266722183912,34094.25,0.9032290277800938,11440.25,0.5678232107311487,0.041887868931963126,0.4995021029449548,25208.375,0.8416958125685559,10645.65625,9.716180622577667,0.0625,0,1.6144900248208405,0.6035276779489054,0,48.8647019208786,0.0007834358073409422,,,,,,,,,,,,,,,,0.03125,5787,8192,1627.90625,2798.5703125,174,174,4096,4096,4096,25.060287234002317,9.227420274000906,,,,,,,,,1,-1,0.3615795844877962,0,0,1,,,,,,0.6808617115020752,0.02200765535235405,0.2596926689147949,0.008223260752856731,0.9983984231948853,,,,,,,,,,,,,0.00859453000157373,0.0013276605310181822,0.00019723000150406733,0.868384433000756,0.0704426462851302,0.006389330003003124,0.11433571098314133,0.012348624359418636,0.0009284500047215261,0,0,0,,,,,1,0.23046875,0,59
43,14353.294405917,1787528099.0035658,0.296875,1.0408340855860843e-17,306.31369805336,0.25537997484207153,1,-1,0.59375,0.48396509885787964,0.0031084981746971607,1.0016345977783203,0.975475549697876,0.9336953163146973,0,0,0.024932119995355606,0.002711945679038763,1.0027155876159668,0.3410964012145996,-0.05179077386856079,-0.0510280467569828,0.024895519018173218,0.002711945679038763,1,1,0.002711945679038763,1,7,995.0625,0.024895521042153763,0.03125,0,13023.25,0,22.28668136082491,0.022219187408265798,0.555475421711528,28740.21875,0.8261586337714506,10686.4375,0.4375701490789652,0.6658939942087274,34509.5625,0.8915143451358019,11543.96875,0.5172850452363491,0.037072548251414136,0.48407779401409823,25080.15625,0.8221370254112609,10647.59375,10.275584042072296,0,0,1.538196888109131,0.6402227710090401,0,22.556524820795588,0.018657675270807902,,,,,,,,,,,,,,,,0.0390625,5180,8192,1732.1640625,2988.51953125,113,113,4096,4096,4096,25.895844075996138,9.058558561999234,,,,,,,,,1,-1,0.4134227465282223,0,0,1,,,,,,0.8347072601318359,0.021891042590141296,0.23263835906982422,0.008247104473412037,0.9983753561973572,,,,,,,,,,,,,0.09915288999764016,0.0016870540976015036,0.00017577999824425206,0.7234884010031237,0.0627944720781386,0.00816453999868827,0.1402579879941186,0.012686190082035864,0.0005492100026458502,0,0,0,,,,,1,0.296875,0,76
44,14672.038818203,1787528393.4987829,0.25,2.0816681711721685e-17,281.45920586586,0.36388856172561646,1,-1,0.78125,0.4881982207298279,0.003573592519387603,1.0025644302368164,0.9747636914253235,0.9340815544128418,0,0,0.025642404332756996,0.0035118400119245052,1.003517985343933,0.36821603775024414,-0.1059696301817894,-0.10369084030389786,0.025621846318244934,0.0035118400119245052,1,1,0.0035118400119245052,1,7.0625,1057.40625,0.025621845537740426,0.03125,0,13857.3125,0,31.321180107686903,0.0017914615219806365,0.5572076207615784,30541,0.8287336961774088,11366.84375,0.38944052159786224,0.6646569745167541,36581.25,0.8920521955672511,12260.375,0.48601532354950905,0.036616590935045094,0.4883315839394794,26779.4375,0.8278524650994021,11371.5625,9.936559557914734,0.0625,0,1.5515780246174096,0.6285381239529173,0,27.61385989556275,0.002032103955769997,,,,,,,,,,,,,,,,0.02734375,4671,8192,1539.4375,2686.6796875,137,137,4096,4096,4096,23.88537087199802,8.442439751997881,,,,,,,,,1,-1,0.384654629081036,0,0,1,,,,,,0.6747949123382568,0.023197954520583153,0.30667877197265625,0.008635708130896091,0.9983492493629456,,,,,,,,,,,,,0.010402740001154598,0.001480308265797703,0.00017779000336304307,0.9214939410012448,0.06956851868741865,0.00698351099708816,0.11346281999431085,0.014317184176206865,0.0004997310024918988,0,0,0,,,,,1,0.25,0,64
45,14987.619508778,1787528712.0103545,0.328125,1.3877787807814457e-17,305.73193073272705,0.294709175825119,1,-1,0.625,0.5059741735458374,0.0034550915006548166,1.0063323974609375,0.974393367767334,0.9306640625,0,0,0.026049930602312088,0.0030491617508232594,1.0030537843704224,0.32827281951904297,-0.08235794305801392,-0.08052188158035278,0.02600228041410446,0.0030491617508232594,1,1,0.0030491617508232594,1,7,977.71875,0.0260022799698284,0.03125,0,12315.5,0,33.61354684103235,0.0011041247236634444,0.5651176241997145,27702.34375,0.8405161494899384,10310.3125,0.3898087963461876,0.6709128088227301,32972.59375,0.9015812951316798,11072.53125,0.48781380616128445,0.03626380139399903,0.4956859342123455,24316.21875,0.8368156323855911,10271.625,8.924246370792389,0,0,1.521551577464623,0.6283257662603562,0,27.644115556455347,0.001073144988020153,,,,,,,,,,,,,,,,0.0390625,5348,8192,1701.91796875,2930.03515625,154,154,4096,4096,4096,24.689697824003815,9.899716264000745,,,,,,,,,1,-1,0.4040610178208843,0,0,1,,,,,,0.8114689588546753,0.022452715784311295,0.38578248023986816,0.008426683954894543,0.9983438849449158,,,,,,,,,,,,,0.011704950004059356,0.0014883602849238287,0.00021085000480525196,0.8928199419970042,0.06902826660561345,0.008171710003807675,0.11785776999749942,0.014681142953264725,0.000697620002028998,0,0,0,,,,,1,0.328125,0,84
46,15314.506394022,1787529025.5098717,0.26953125,1.3877787807814457e-17,302.8267185688019,0.31668567657470703,1,-1,0.71875,0.48959827423095703,0.003878560848534107,1.0053653717041016,0.9738965034484863,0.935915470123291,0,0,0.02656710520386696,0.003373543033376336,1.003379225730896,0.32819750905036926,-0.09031547605991364,-0.08887230604887009,0.02651285007596016,0.003373543033376336,1,1,0.003373543033376336,1,7.125,1078.4375,0.026512850551458304,0.03125,0,13615.34375,0,27.657364429087004,0.001048303596062752,0.5601843441479258,30238.46875,0.8337429192458541,11259.4375,0.40711417235434055,0.6675360757703039,36151.34375,0.8965851238600748,12129.34375,0.5199960526078939,0.03690733514353614,0.49417630914422706,26634.5625,0.8339102841317363,11266.5625,9.584502577781677,0.125,0,1.641895914219431,0.6156498295880715,0,24.076082545804418,0.001054672448527541,,,,,,,,,,,,,,,,0.02734375,5123,8192,1659.078125,2954.80859375,149,149,4096,4096,4096,25.95125486300094,9.649096509005176,,,,,,,,,1,-1,0.3580346009957754,0,0,1,,,,,,0.70849609375,0.022337492555379868,0.2680535316467285,0.008396398276090622,0.99834805727005,,,,,,,,,,,,,0.007134580002457369,0.0013961980741896696,0.00017705000209389254,0.8948012230030145,0.07314875060160375,0.0064315700001316145,0.11165019799955189,0.013630579770250506,0.0009603900034562685,0,0,0,,,,,1,0.26953125,0,69
47,15654.346919959,1787529352.9353857,0.29296875,2.688821387764051e-17,316.3711280822754,0.24081066250801086,1,-1,0.53125,0.4818941056728363,0.003854491049423814,1.0034914016723633,0.9731283783912659,0.8951115608215332,0,0,0.02734548971056938,0.0031228375155478716,1.0031276941299438,0.2695237398147583,-0.02175217680633068,-0.020910654217004776,0.027330808341503143,0.0031228375155478716,1,1,0.0031228375155478716,1,7,1030.59375,0.02733080878324966,0.03125,0,13272.625,0,37.632306181533586,0.00041110306734428625,0.5599310769883649,29538.875,0.8339478730170289,11003.65625,0.4172851266339421,0.6694349033648677,35396.875,0.8982960145555847,11870.34375,0.5059119444340467,0.04201960207390155,0.492459867570758,25942.09375,0.8330069213862583,10995.625,9.7201207280159,0,0,1.5418800045715277,0.6369697495305477,0,42.305990354298736,0.0004097807714326467,,,,,,,,,,,,,,,,0.01171875,5348,8192,1804.640625,3059.81640625,200,200,4096,4096,4096,27.41613375599991,7.65980850699998,,,,,,,,,1,-1,0.3936679943758679,0,0,1,,,,,,0.8532838821411133,0.021944964304566383,0.2893846035003662,0.00829064380377531,0.9983507990837097,,,,,,,,,,,,,0.011513008998008445,0.001605657706875263,0.00016850000247359276,0.7140676170020015,0.0687452775861459,0.004985430001397617,0.1191584369953489,0.015331540960687562,0.0008238200025516562,0,0,0,,,,,1,0.29296875,0,75
48,15952.318607707,1787529694.9891176,0.2265625,8.673617379884035e-18,328.796186208725,0.2972378134727478,1,-1,0.6875,0.4688724875450134,0.0036648737732321024,1.0052242279052734,0.9749821424484253,0.9122419357299805,0,0,0.025420261546969414,0.003007040824741125,1.0030115842819214,0.3800372779369354,-0.04033304750919342,-0.03973201662302017,0.025386877357959747,0.003007040824741125,1,1,0.003007040941156447,1,7,1110.34375,0.02538687568659935,0.03125,0,14437.125,0,25.061687917697707,0.001457499714796757,0.5545832771073212,31838.46875,0.8263945550145777,11872.65625,0.40409692376852036,0.6652263420503362,38299.65625,0.8921665919580019,12836.84375,0.5193429421633482,0.03445501070287543,0.4870786218591222,28011.6875,0.825685955255921,11887.1875,8.620118021965027,0,0,1.5262475790150276,0.6069997032551075,0,24.616765408134015,0.0014949298218566603,,,,,,,,,,,,,,,,0.03515625,5239,8192,2009.0390625,3525.0859375,239,239,4096,4096,4096,28.45416832599585,8.283929644996533,,,,,,,,,1,-1,0.3174355149041282,0,0,1,,,,,,1.155378818511963,0.02196754887700081,0.3756825923919678,0.008353116922080517,0.9983232617378235,,,,,,,,,,,,,0.010355480000725947,0.0015140654533354336,0.00018408000323688611,0.6998433670014492,0.06506687869151051,0.004407589003676549,0.15101742799015483,0.015918465355269973,0.00174459999834653,0,0,0,,,,,1,0.2265625,0,58
49,17496.941889902,1787529993.0173087,0.35546875,1.214306433183765e-17,284.4531750679016,0.17670628428459167,1,-1,0.4375,0.46229851245880127,0.0023984056897461414,1.0039072036743164,0.9747545719146729,0.9220142364501953,0,0,0.025638502091169357,0.002007405972108245,1.002009391784668,0.1825868785381317,-0.030986331403255463,-0.030362293124198914,0.025631660595536232,0.002007405972108245,1,1,0.002007405972108245,1,7.03125,1222.9375,0.02563166031673339,0.03125,0,16072.3125,0,33.24971275822722,0.0005447240474573191,0.5543935508372344,35586.9375,0.8260429185191525,13256.65625,0.38746296241879463,0.6656337867381975,42721.46875,0.8924922490377105,14322.625,0.5478638280183077,0.03811785008347063,0.48572364153979497,31193.15625,0.8256743418199481,13260.8125,10.971983551979065,0.03125,0,1.6045671573848577,0.6091127933278742,0,32.88709521340121,0.0005669075181563023,,,,,,,,,,,,,,,,0.01953125,4941,8192,1557.171875,2594.2734375,127,127,4096,4096,4096,23.234799079000368,10.362499317001493,,,,,,,,,1,-1,0.3887775188763793,0,0,1,,,,,,0.6591978073120117,0.022211829200387,0.23775172233581543,0.008423722349107265,0.9983139038085938,,,,,,,,,,,,,0.009169368997390848,0.0014818025585725536,0.00018540000019129366,0.9518754490054562,0.08399974710130209,0.004948639994836412,0.03493016699940199,0.011494972508160117,0.000710280000930652,0,0,0,,,,,1,0.35546875,0,91
50,17820.793954024,1787531537.2610846,0.3515625,6.938893903907228e-18,1531.0795488357544,0.26975217461586,1,-1,0.65625,0.4784127473831177,0.003548121778294444,1.0068979263305664,0.9749318361282349,0.9452977180480957,0,0,0.025533262640237808,0.0029491866007447243,1.0029535293579102,0.29285669326782227,-0.039008431136608124,-0.03837404400110245,0.025438155978918076,0.0029491866007447243,1,1,0.0029491864843294024,1,7,953.1875,0.02543815534832761,0.03125,0,12457.375,0,40.00342029304847,0.001246588217453306,0.5575173426693205,27564.8125,0.8299965216805392,10266.375,0.39384989393875003,0.6671783418809423,33088.25,0.8947788881836857,11088.09375,0.493435500189662,0.03651415287628233,0.48820650871376436,24189.78125,0.8289703549180483,10271.59375,9.87135124206543,0,0,1.5304208918219129,0.6213781247468448,0,40.015407945114745,0.0012499731550402106,800,50,0.26374998688697815,0.26375,1170.638560745996,0.01875,6138,8192,1624.9512939453125,2758.48375,143,143,4096,4096,4096,0.046875,7798,8192,1766.62890625,2958.015625,145,145,4096,4096,4096,8.553610915297384,10.505037848000939,1,1.124100812432971e-17,-1,0.28578188590774545,0.03,0.34,0.63,0.26375,1,-1,0.43153735619980615,0,0,1,1.7763960361480713,0.023127361442893745,0.8194621801376343,0.008686882071197033,0.9982980841398239,0.7932488918304443,0.021454768255352974,0.2978198528289795,0.008162863552570343,0.9983329772949219,44.48990583900013,4.298805652554929,0.0002081200000247918,41.60573663000105,3.259255624513935,0.0006016300030751154,40.17347529499966,6.652238458185475,0.0005834999974467792,0,0,0,0.00942726900393609,0.0013985848670472478,0.00019068000256083906,0.9292691669979831,0.06798926278912631,0.0038205199962249026,0.09730536499409936,0.012833238832712368,0.0007763690009596758,0,0,0,1,0.26375,0,2.11,1,0.3515625,0,90
51,18208.233870861,1787531860.61981,0.31640625,1.734723475976807e-17,311.04161524772644,0.3580998480319977,1,-1,0.75,0.46729323267936707,0.003767387941479683,1.0073871612548828,0.9763726592063904,0.9433846473693848,0,0,0.023992761969566345,0.0035545097198337317,1.0035609006881714,0.3586956262588501,-0.07101565599441528,-0.06977226585149765,0.02396601065993309,0.0035545097198337317,1,1,0.0035545097198337317,1,7,1022.96875,0.023966009160691613,0.03125,0,14133.03125,0,16.425688208954444,0.0016264866301844065,0.5499502815835282,30833.96875,0.8201412026119526,11508.6875,0.42139850463718176,0.667316589157262,37666.75,0.8914594691810308,12553.40625,0.5348103241994977,0.033336012949297125,0.4789783591507711,26781.75,0.8158831808915535,11432.8125,9.705606520175934,0,0,1.5585053356356156,0.6208931762824389,0,15.185900433901416,0.0016962252179461071,,,,,,,,,,,,,,,,0.0390625,5171,8192,1818.01171875,3217.57421875,137,137,4096,4096,4096,29.11531137500424,9.215229644003557,,,,,,,,,1,-1,0.40327106395129336,0,0,1,,,,,,0.6565129160881042,0.021558720618486404,0.20253324508666992,0.008166578598320484,0.9983426928520203,,,,,,,,,,,,,0.010238389993901365,0.0014467311016801432,0.00017390900029568002,0.7335344349994557,0.06708676898833232,0.005449979995319154,0.03897334900102578,0.013463478848734667,0.0007033599977148697,0,0,0,,,,,1,0.31640625,0,81
52,18535.608135136,1787532247.2562065,0.30078125,-3.469446951953614e-18,374.77167415618896,0.31114447116851807,1,-1,0.65625,0.4706977605819702,0.003731495700776577,1.0047607421875,0.9783408641815186,0.9447317123413086,0,0,0.02196224220097065,0.003000113880261779,1.0030046701431274,0.3381562829017639,-0.056395843625068665,-0.05493827536702156,0.02194003202021122,0.003000113880261779,1,1,0.0030001139966771007,1,7,1038.875,0.021940031599404438,0.03125,0,14544.09375,0,46.88427749874954,0.0022712192563736043,0.5524273301147629,31840.28125,0.8228955554225537,11865.96875,0.3862958336248994,0.6640756403608732,38436.09375,0.8897104371992708,12856.59375,0.48921534791588783,0.028076184411562195,0.47902872730285334,27616,0.8157493686198969,11779.53125,8.467473685741425,0,0,1.5511909190224569,0.633540141828707,0,48.706107746654126,0.0022773097021565854,,,,,,,,,,,,,,,,0.0546875,8192,8192,1864.109375,3146.45703125,129,129,4096,4096,4096,28.817654977006896,9.529140145998099,,,,,,,,,1,-1,0.38382473678936924,0,0,1,,,,,,2.0066120624542236,0.02171759307384491,0.567969560623169,0.008218164555728436,0.9983349442481995,,,,,,,,,,,,,0.008621790002507623,0.0012977159842364472,0.00021163000201340765,0.9395637950001401,0.06982082309014004,0.005066830999567173,0.03623451000748901,0.012729423398042172,0,0,0,0,,,,,1,0.30078125,0,77
53,18869.535828473,1787532574.928495,0.3828125,1.6479873021779667e-17,315.69543194770813,0.27755415439605713,1,-1,0.65625,0.4680579900741577,0.003849726403132081,1.003814697265625,0.9770545959472656,0.9360442161560059,0,0,0.023338932543992996,0.0029036139603704214,1.0029077529907227,0.25901317596435547,-0.07706401497125626,-0.07516565173864365,0.02326781116425991,0.0029036139603704214,1,1,0.0029036139603704214,1,7,1045.65625,0.02326781130541121,0.03125,0,14912.875,0,50.19402523076545,0.001383755901990149,0.5540477905305781,32620.4375,0.8257898242942876,12173.40625,0.4561793664470315,0.6673291938529438,39628.21875,0.8933165790057207,13227.46875,0.5700461454689503,0.03420661506214244,0.47923328375735924,28146.75,0.8169094410696642,12019.53125,9.92216682434082,0,0,1.5589301475838673,0.585721112841669,0,44.27868659909153,0.0013815681056037802,,,,,,,,,,,,,,,,0.01953125,5651,8192,1715.63671875,2739.16015625,156,156,4096,4096,4096,24.100195048005844,8.728936259001784,,,,,,,,,1,-1,0.411877235523957,0,0,1,,,,,,0.6251941919326782,0.021593362092971802,0.17668795585632324,0.00818602368235588,0.9983441829681396,,,,,,,,,,,,,0.09448177000012947,0.0016666322617595597,0.00018871000065701082,0.7548352259982494,0.06380395871448741,0.00691134999942733,0.12564611899870215,0.012701389578467115,0.0006277499996940605,0,0,0,,,,,1,0.3828125,0,98
54,19217.884354796,1787532909.468925,0.375,1.3877787807814457e-17,321.93112778663635,0.33178406953811646,1,-1,0.71875,0.4689977467060089,0.003221736755222082,1.0046072006225586,0.9787951707839966,0.9245314598083496,0,0,0.02151929773390293,0.0030540148727595806,1.003058671951294,0.2664012312889099,-0.07311536371707916,-0.07156623154878616,0.021480999886989594,0.0030540148727595806,1,1,0.0030540148727595806,1,7,939.21875,0.021480999682219303,0.03125,0,13725.09375,0,27.515402705058346,0.0018376921119490064,0.5506796018291019,29820.6875,0.8196523543731513,11108.125,0.4037500135600567,0.6616817030500858,36014.59375,0.8863337087321768,12042.9375,0.49812570586800575,0.02985167723019553,0.478198954598523,25901.15625,0.8161627178352615,11075.46875,9.026352226734161,0,0,1.5294217323163222,0.6321791862373404,0,31.112232173321683,0.0018563820287824063,,,,,,,,,,,,,,,,0.046875,5467,8192,1971.06640625,3300.01171875,216,216,4096,4096,4096,28.04338867899787,9.106513598002493,,,,,,,,,1,-1,0.39285714285714285,0,0,1,,,,,,0.8573577404022217,0.02121533267199993,0.21580743789672852,0.008036038838326931,0.9983566403388977,,,,,,,,,,,,,0.011288060006336309,0.0013421524026568932,0.00017577999824425206,0.7662824669969268,0.06983509896880946,0.005394799998612143,0.03234851999877719,0.012272094468272599,0.000786659998993855,0,0,0,,,,,1,0.375,0,96
55,19577.330327151,1787533257.5356855,0.1875,1.3877787807814457e-17,335.81102108955383,0.28741908073425293,1,-1,0.6875,0.4497899115085602,0.002936492906883359,1.003525733947754,0.9783215522766113,0.9400858879089355,0,0,0.02197379618883133,0.002454838715493679,1.002457857131958,0.38223302364349365,-0.05454923212528229,-0.05340119078755379,0.02196243405342102,0.002454838715493679,1,1,0.002454838831909001,1,7.03125,1049.0625,0.02196243376069962,0.03125,0,15768.53125,0,39.997199772714524,0.0006778381343463674,0.5475306962631336,34247.34375,0.814841244933903,12755.125,0.4068787172436714,0.6620217674364788,41632.78125,0.8849080432501193,13892.78125,0.5216238452121615,0.03297411003367164,0.47497628655212165,29616,0.81201587423895,12707.53125,10.470178663730621,0.03125,0,1.5937028287807555,0.5991803788968274,0,37.46305616656414,0.0006862430149308561,,,,,,,,,,,,,,,,0.05859375,5822,8192,2143.64453125,3510.36328125,214,214,4096,4096,4096,29.037568156003545,9.651299025004846,,,,,,,,,1,-0.7142857142857143,0.3813242232868326,0,0,1,,,,,,3.3385281562805176,0.021028460934758186,0.8966314196586609,0.007890146225690842,0.9984052777290344,,,,,,,,,,,,,0.008390089999011252,0.0012282300662320722,0.00019335999968461692,0.907051006994152,0.07284464950805614,0.007141920003050473,0.11330229899613187,0.013578707191271633,0.0010701600040192716,0,0,0,,,,,1,0.1875,0,48
56,19935.279788112,1787533616.6991496,0.26171875,1.0408340855860843e-17,347.16166949272156,0.2734363079071045,1,-0.7142857313156128,0.625,0.45073482394218445,0.0032286017667502165,1.0028209686279297,0.9782912731170654,0.926368236541748,0,0,0.022003674879670143,0.0025064011570066214,1.0025094747543335,0.3845219612121582,-0.057607945054769516,-0.05615904554724693,0.021998286247253418,0.0025064011570066214,1,1,0.0025064011570066214,1,7.03125,1100.9375,0.021998285908229942,0.03125,0,17149.15625,0,68.58639356667594,0.0017722811851608258,0.5438988154291367,36904.78125,0.8102601193300236,13755.375,0.5507060238160193,0.6611557371758133,45073.1875,0.8813221654584049,15002.5625,0.49485998041927814,0.036227536153923386,0.46961421136718723,31926.96875,0.8070105181709963,13734.25,11.278297364711761,0.0625,0,1.8439605836333195,0.6092150044755795,0,86.23049600270406,0.0016242216679155485,,,,,,,,,,,,,,,,0.07421875,6528,8192,2087.109375,3322.45703125,250,250,4096,4096,4096,29.7701051529948,9.208548046997748,,,,,,,,,1,-1,0.35083719114979467,0,0,1,,,,,,1.022725224494934,0.021267281845211983,0.45422983169555664,0.007976224645972252,0.9984085559844971,,,,,,,,,,,,,0.012244258999999147,0.001474244117133594,0.00017893999756779522,0.7328733180038398,0.06928783132784133,0.004537669999990612,0.12570578000304522,0.01185723447653686,0.0005026799990446307,0,0,0,,,,,1,0.26171875,0,67
57,20291.108954734,1787533976.0932596,0.3984375,3.469446951953614e-18,345.96218371391296,0.24396264553070068,1,-1,0.59375,0.4524739980697632,0.002580871107056737,1.0029020309448242,0.979723334312439,0.953434944152832,0,0,0.020537346601486206,0.0019843552727252245,1.0019862651824951,0.3426677882671356,-0.05547809600830078,-0.054368969053030014,0.02052345871925354,0.0019843552727252245,1,1,0.0019843552727252245,1,7.03125,1049.21875,0.02052346013439877,0.03125,0,16696.875,0,49.57024009182544,0.022232950603305626,0.544939607636466,36141,0.810837135820195,13463.09375,0.403203334659338,0.66245719219441,44134.21875,0.8825097415477337,14684.03125,0.5151967145502567,0.03466322062509229,0.4654713968741758,31041.46875,0.8025710002803851,13373.21875,11.082701027393341,0.03125,0,1.6009974066785257,0.6056209031110957,0,49.65735707440986,0.02258268066212261,,,,,,,,,,,,,,,,0.05859375,5927,8192,2308.40234375,3677.58203125,258,258,4096,4096,4096,30.542687687004218,9.11919866700191,,,,,,,,,1,-1,0.3711537444790451,0,0,1,,,,,,1.7082834243774414,0.02101457305252552,0.24593722820281982,0.007852868176996708,0.9984275102615356,,,,,,,,,,,,,0.013838558996212669,0.001336537187654585,0.0002027099981205538,0.7463715269987006,0.06831193038240713,0.004857530002482235,0.12175591900449945,0.014851702675827028,0.0008133699957397766,0,0,0,,,,,1,0.3984375,0,102
58,20659.2999038,1787534330.330485,0.37890625,2.42861286636753e-17,342.1342422962189,0.24757681787014008,1,-1,0.5625,0.4418093264102936,0.0026438424829393625,1.0031719207763672,0.9808613061904907,0.9521408081054688,0,0,0.019365988671779633,0.0020181555300951004,1.0020201206207275,0.2382153868675232,-0.05217694491147995,-0.051136236637830734,0.019352730363607407,0.0020181555300951004,1,1,0.0020181555300951004,1,7.0625,1145.90625,0.019352729238195573,0.03125,0,18467.21875,0,30.641799183102865,0.000912042689309842,0.5388199010873646,39670.90625,0.8027647073152498,14785.96875,0.4237865172326565,0.6579627329996658,48589.375,0.8759360551859643,16157.40625,0.5565392598509789,0.02917932797300621,0.4642504858973986,34136.5,0.7996783850979163,14726.65625,10.206226408481598,0.0625,0,1.7753450476170107,0.6079851846664266,0,30.118439617965823,0.0009918921824312262,,,,,,,,,,,,,,,,0.06640625,5882,8192,2238.28125,3473.09375,225,225,4096,4096,4096,29.681261584999447,10.49709440699371,,,,,,,,,1,-1,0.37542492931479715,0,0,1,,,,,,1.400273323059082,0.02110680378973484,0.30216097831726074,0.007867303676903248,0.9984292984008789,,,,,,,,,,,,,0.011035449999326374,0.0013959010896371638,0.00018147999799111858,0.9729663840043941,0.07169561789075374,0.002881389002141077,0.1267596899997443,0.012479825828563662,0.0005150899960426614,0,0,0,,,,,1,0.37890625,0,97
59,21018.903244025,1787534698.7999494,0.35546875,1.734723475976807e-17,356.3183522224426,0.2616111636161804,1,-1,0.6875,0.44558173418045044,0.003058579284697771,1.0026044845581055,0.9794501066207886,0.9517178535461426,0,0,0.020804280415177345,0.0024167534429579973,1.0024197101593018,0.3905158042907715,-0.038294725120067596,-0.037208300083875656,0.02079787105321884,0.0024167534429579973,1,1,0.0024167534429579973,1,7.0625,1114.71875,0.020797869380913984,0.03125,0,17906.25,0,33.0575168132828,0.0002507164058367816,0.5428368572713256,38456.3125,0.8070635533028874,14314.3125,0.44037134293466806,0.6592370153482868,47024.96875,0.8780574399223176,15628.84375,0.5237835105508566,0.034077598591331706,0.46627294900151095,33040.625,0.8021255735532704,14251.65625,11.748896420001984,0.0625,0,1.6015663940136948,0.6105116566867765,0,32.623911315226664,0.0002519703868270629,,,,,,,,,,,,,,,,0.0546875,6572,8192,2304.421875,3423.1484375,206,206,4096,4096,4096,30.38855947800039,8.984778256002755,,,,,,,,,1,-1,0.39528470752104744,0,0,1,,,,,,1.4964873790740967,0.021221579983830452,0.2191612720489502,0.007885521277785301,0.9984493255615234,,,,,,,,,,,,,0.00678848000097787,0.0011289966950869257,0.0001739089930197224,0.7438692859941511,0.06677827586707963,0.003849929998978041,0.1123942199992598,0.012221159273622106,0.0007647099992027506,0,0,0,,,,,1,0.35546875,0,91
60,21436.797820308,1787535058.2962976,0.28125,8.673617379884035e-18,347.44853162765503,0.28270062804222107,1,-1,0.71875,0.44494885206222534,0.003317245515063405,1.003983497619629,0.9807130098342896,0.9596710205078125,0,0,0.019518066197633743,0.002293997909873724,1.0022965669631958,0.327974408864975,-0.06893707811832428,-0.06772394478321075,0.019501423463225365,0.002293997909873724,1,1,0.002293997909873724,1,7.125,1101.78125,0.019501422552852442,0.03125,0,18435.375,0,32.63124728938904,0.000627841403253858,0.5369574587400129,39437.875,0.79888590303321,14672.8125,0.3954399833455682,0.6554786292527726,48260.03125,0.8712759908946333,16027,0.5875637512654066,0.03173053523586796,0.46179195443256615,33946.5625,0.7963039348863757,14647.09375,10.036844372749329,0.125,0,1.6980738716893453,0.6056629222145429,0,35.66539096301031,0.0005804891049440712,,,,,,,,,,,,,,,,0.1171875,5940,8192,2462.4140625,3741.5078125,222,222,4096,4096,4096,31.6906080330009,9.223326434999763,,,,,,,,,1,-1,0.37457458863219695,0,0,1,,,,,,1.6913330554962158,0.021286778151988983,0.3357641100883484,0.007883712649345398,0.9984551668167114,,,,,,,,,,,,,0.007367690996034071,0.001144823340041512,0.00019471000268822536,0.7446309850056423,0.06592278422283471,0.00664183000480989,0.03341452901804587,0.01137582292531647,0.0005901109980186448,0,0,0,,,,,1,0.28125,0,72
61,21809.5069385,1787535477.1060648,0.3828125,-3.469446951953614e-18,405.623507976532,0.27693063020706177,1,-1,0.5625,0.4481250047683716,0.0027619905304163694,1.001565933227539,0.9813202619552612,0.9465799331665039,0,0,0.01889653503894806,0.0020220689475536346,1.0020240545272827,0.27549225091934204,-0.026129161939024925,-0.025710299611091614,0.018884945660829544,0.0020220689475536346,1,1,0.002022068831138313,1,7,1171.84375,0.018884945704676616,0.03125,0,19699.3125,0,27.89517908069758,0.0013114392336975032,0.5428774035269401,42687.84375,0.8075051760340677,15882.6875,0.41874809842556715,0.6653969290116021,52414.8125,0.8831432658528005,17384.9375,0.5227907374501228,0.03298542823919787,0.4629554235265605,36495.1875,0.8010040199041575,15779.46875,11.940033197402954,0,0,1.5568635544168399,0.6082323780386449,0,28.152107122400885,0.0012928047230015205,,,,,,,,,,,,,,,,0.09375,7867,8192,2875.76171875,4289.9140625,360,360,4096,4096,4096,35.78147579000506,9.050728471993352,,,,,,,,,1,-1,0.3499271061118826,0,0,1,,,,,,0.9312931895256042,0.020166320726275444,0.48772644996643066,0.007472196593880653,0.9984884858131409,,,,,,,,,,,,,0.007292050002433825,0.0014344291994348168,0.0002347900008317083,0.9665386170017882,0.0782933638591885,0.00390862999483943,0.12520893900364172,0.013735228203330507,0.0007785600028000772,0,0,0,,,,,1,0.3828125,0,98
62,22193.845797592,1787535848.9033086,0.3046875,4.336808689942018e-18,359.51556611061096,0.22893601655960083,1,-1,0.59375,0.42031633853912354,0.0023296098224818707,1.001469612121582,0.9809495806694031,0.9577302932739258,0,0,0.019262224435806274,0.001740725594572723,1.0017422437667847,0.22714629769325256,-0.01377833541482687,-0.013551984913647175,0.019263040274381638,0.001740725594572723,1,1,0.001740725594572723,1,7.03125,1309.375,0.019263040924393383,0.03125,0,23006.09375,0,66.46712514350688,9.419139584742092e-05,0.5318985992020324,48705.96875,0.792576036375479,18154.4375,0.41346657974645495,0.6613354046949957,60735.625,0.8734997925058234,20036.90625,0.5285425065085292,0.034351728925601586,0.4519841073384796,41370.96875,0.7862343334324976,18009.1875,12.29091465473175,0.03125,0,1.5831821729861533,0.6100087020841476,0,65.00490276222685,9.447337525217954e-05,,,,,,,,,,,,,,,,0.1015625,6491,8192,2482.09765625,3657.85546875,251,251,4096,4096,4096,29.462416000002122,10.220178249001037,,,,,,,,,1,-1,0.2988071523335984,0,0,1,,,,,,1.3328919410705566,0.02089107781648636,0.4009253978729248,0.007724870461970568,0.9984722137451172,,,,,,,,,,,,,0.006075789002352394,0.0011976635745156727,0.00019786899792961776,0.9717832280002767,0.07132631725394845,0.008926909998990595,0.03228963001311058,0.010433369742344212,0.0007602400000905618,0,0,0,,,,,1,0.3046875,0,78
63,22568.470962623,1787536233.7155397,0.28515625,2.2551405187698492e-17,372.3082973957062,0.1894190013408661,1,-1,0.40625,0.4421679377555847,0.0024234498851001263,1.0023813247680664,0.9813764095306396,0.9516210556030273,0,0,0.018852759152650833,0.0013158717192709446,1.001316785812378,0.16926753520965576,-0.048285067081451416,-0.04725116863846779,0.018826570361852646,0.0013158717192709446,1,1,0.0013158717192709446,1,7.03125,1111.5,0.01882657010909774,0.03125,0,19856.78125,0,40.86376050911126,5.0379586128819836e-05,0.5419823875459651,42836.5,0.8060611637967672,15942.125,0.4066483546048403,0.6665193762382343,52887.21875,0.8828653239511948,17496.5625,0.5214547198265791,0.03690641883579919,0.4581992241199664,36281.9375,0.7973227331184368,15794.625,12.926303446292877,0.03125,0,1.593700735825719,0.5996945465562629,0,43.00993648317076,5.0311699392664625e-05,,,,,,,,,,,,,,,,0.14453125,6252,8192,2782.421875,4121.8984375,256,256,4096,4096,4096,35.014401442000235,9.18920729200181,,,,,,,,,1,-1,0.354454165022843,0,0,1,,,,,,0.694340705871582,0.020234856754541397,0.29782962799072266,0.0074890293180942535,0.9985018372535706,,,,,,,,,,,,,0.008819080001558177,0.0013211357501461407,0.00017925100110005587,0.7306749779963866,0.07359077663673474,0.00713510000059614,0.03785766101646004,0.011059571386908829,0.0007926299949758686,0,0,0,,,,,1,0.28515625,0,73
64,22953.099591008,1787536607.8481214,0.21875,-1.734723475976807e-18,361.89245557785034,0.24815595149993896,1,-1,0.625,0.43421709537506104,0.0025376961566507816,1.003931999206543,0.9830874800682068,0.9624924659729004,0,0,0.017139166593551636,0.001735275611281395,1.0017367601394653,0.27777984738349915,-0.04005749896168709,-0.03926563635468483,0.01708877831697464,0.001735275611281395,1,1,0.001735275611281395,1,7,1215.625,0.01708877760521537,0.03125,0,22259.375,0,25.75604548086556,0.00016750375385832827,0.540632963172445,47647.84375,0.8047270705213592,17755.875,0.41631875187158585,0.6690188420141836,59392.71875,0.8839045371304353,19579.78125,0.5380977392196655,0.03069596587885,0.453948025155551,40252.78125,0.7930942881739391,17586.09375,12.386894524097443,0,0,1.5640409747853172,0.6117802894943696,0,24.797628720266246,0.00016780278840189378,,,,,,,,,,,,,,,,0.1015625,6401,8192,2711.65625,3783.9140625,300,300,4096,4096,4096,32.53878771900054,9.655006822002179,,,,,,,,,1,-1,0.3253726278265821,0,0,1,,,,,,0.9908969402313232,0.020432865247130394,0.4189586639404297,0.007552292663604021,0.9985151290893555,,,,,,,,,,,,,0.006477170005382504,0.0011308806641636693,0.00020884999685222283,0.952346812999167,0.07536878377354128,0.007946300000185147,0.026186991992290132,0.010058285425742497,0.0007734600003459491,0,0,0,,,,,1,0.21875,0,56
65,23356.054415484,1787536991.3459814,0.26171875,1.1709383462843448e-17,372.58868741989136,0.20017367601394653,1,-1,0.5,0.4321465790271759,0.0025317040272057056,1.0033798217773438,0.9822754263877869,0.9536972045898438,0,0,0.01793859153985977,0.0016365890624001622,1.0016379356384277,0.24350351095199585,-0.027418233454227448,-0.026599742472171783,0.017914079129695892,0.0016365890624001622,1,1,0.0016365890624001622,1,7.03125,1157.90625,0.017914077957989945,0.03125,0,21693.25,0,28.07385840938506,6.55450798670581e-05,0.5410928949433013,46964.4375,0.8061601547883284,17497.125,0.4447635868564248,0.6715259034743685,58344.84375,0.886720714547346,19254.09375,0.5608024932444096,0.03317135438920044,0.4537136565378007,39470.375,0.7942716716921407,17259.4375,12.343756020069122,0.03125,0,1.5930049996726319,0.6049877810150974,0,27.215067435605704,6.526349891391192e-05,,,,,,,,,,,,,,,,0.16796875,6638,8192,2774.2109375,3805.19921875,341,341,4096,4096,4096,32.23693680100405,9.153039395001542,,,,,,,,,1,-0.8571428571428571,0.3243911093675884,0,0,1,,,,,,1.2891466617584229,0.02098354510962963,0.2215137481689453,0.0076996260322630405,0.9985098242759705,,,,,,,,,,,,,0.008250459999544546,0.0011854203633276938,0.00019859000167343765,0.7583799440035364,0.06996249707015068,0.005249000001640525,0.12545288899127627,0.010032219199473502,0.0006253500032471493,0,0,0,,,,,1,0.26171875,0,67
66,23749.522059149,1787537396.0293114,0.3203125,8.673617379884035e-18,392.0467047691345,0.2072850465774536,1,-0.8571428656578064,0.46875,0.4453836977481842,0.0024920853320509195,1.0028533935546875,0.9832946062088013,0.9649090766906738,0,0,0.016898533329367638,0.0014468764420598745,1.0014479160308838,0.23698896169662476,-0.04872797802090645,-0.04763885214924812,0.016867225989699364,0.0014468764420598745,1,1,0.0014468764420598745,1,7,1180.09375,0.01686722550344693,0.03125,0,22193.6875,0,175.615196635831,0.0004063223024306043,0.5492223429021874,48565.1875,0.8170453372339042,18075.09375,0.4281227570027113,0.6758428533124717,59976.125,0.8938525051471325,19808.34375,0.5446193628013134,0.029744127183038115,0.4599642254209327,40764.875,0.8033808852244688,17803.875,12.616117656230927,0,0,1.5515096888887734,0.6086366754544572,0,179.2227024123324,0.00043064840854620555,,,,,,,,,,,,,,,,0.1171875,6637,8192,3127.0859375,4366.05859375,307,307,4096,4096,4096,35.211267414997565,8.00601703299617,,,,,,,,,1,-1,0.3030457633656632,0,0,1,,,,,,2.1804211139678955,0.02062338963150978,0.5954867005348206,0.007571404334157705,0.9985236525535583,,,,,,,,,,,,,0.005215400000452064,0.0010376327848575784,0.00017158999980892986,0.7586640189983882,0.0644570046132742,0.005199729996093083,0.12421784000616753,0.011119133317350816,0.0005704889990738593,0,0,0,,,,,1,0.3203125,0,82
67,24125.656377783,1787537790.4064662,0.36328125,1.214306433183765e-17,380.6087613105774,0.168206125497818,1,-1,0.4375,0.43394017219543457,0.002476963447406888,1.0034847259521484,0.982661247253418,0.9648246765136719,0,0,0.017534632235765457,0.0012737412471324205,1.001274585723877,0.19039225578308105,-0.015858953818678856,-0.01545044220983982,0.017510095611214638,0.0012737412471324205,1,1,0.0012737412471324205,1,7.0625,1363,0.017510095272898027,0.03125,0,25016.6875,0,59.70054138388953,0.0004913494841424183,0.5470984463201214,54544.75,0.8145555390095102,20309,0.43774222303181887,0.6777852487335875,67732.09375,0.8947262894115111,22337.96875,0.6306966589763761,0.03040103065261328,0.459047684388074,45957,0.8034506865449335,20099.4375,11.19382792711258,0.0625,0,1.6741599099581346,0.5802585100198536,0,56.91102790335526,0.00043999147465261147,,,,,,,,,,,,,,,,0.125,6419,8192,3070.6171875,4181.6875,332,332,4096,4096,4096,35.22199400400132,9.69369847800408,,,,,,,,,1,-1,0.3580346009957754,0,0,1,,,,,,1.1320793628692627,0.020535456016659737,0.21903681755065918,0.007544146850705147,0.9985271096229553,,,,,,,,,,,,,0.0069435400000656955,0.0010970553593381283,0.0001709200005279854,1.0024714550017961,0.07237891844533806,0.0050583600022946484,0.03250422998826252,0.010414430644999584,0.0007643490025657229,0,0,0,,,,,1,0.36328125,0,93
68,24493.79541226,1787538166.4156141,0.1875,5.204170427930421e-18,362.3500952720642,0.24417397379875183,1,-1,0.625,0.4288727641105652,0.002346544759348035,1.0023460388183594,0.9835319519042969,0.9595918655395508,0,0,0.016647404059767723,0.0016771655064076185,1.0016785860061646,0.31305524706840515,-0.008959879167377949,-0.008687468245625496,0.016638848930597305,0.0016771655064076185,1,1,0.0016771655064076185,1,7,1320.375,0.01663884759947549,0.03125,0,24564.9375,0,22.941122935113412,0.00041870727413287204,0.5476538109284355,53698.53125,0.8158596726734892,20006.4375,0.4370720265433192,0.6792248697350078,66706,0.8963982102712875,22001.09375,0.5514431865885854,0.029510400883371875,0.45648098642929247,45019.90625,0.800863360631605,19721.28125,11.307438671588898,0,0,1.5894472461570146,0.6074973132792623,0,20.212886111059994,0.0004220469861570721,,,,,,,,,,,,,,,,0.11328125,6473,8192,2730.953125,3681.828125,349,349,4096,4096,4096,31.79585779399349,10.574571234996256,,,,,,,,,1,-1,0.30929478706587094,0,0,1,,,,,,0.9710226058959961,0.021383434534072876,0.33248305320739746,0.007788535673171282,0.9985281825065613,,,,,,,,,,,,,0.00800005000201054,0.0012118271445444861,0.00019077999604633078,1.0081792950004456,0.08240205446094251,0.004976179996447172,0.14032306599983713,0.009246622656149839,0.0005190689989831299,0,0,0,,,,,1,0.1875,0,48
69,24909.568198703,1787538532.7320378,0.33203125,5.204170427930421e-18,354.49663186073303,0.20198380947113037,1,-1,0.5,0.4549623727798462,0.0017481202958151698,1.0025930404663086,0.9840911626815796,0.9546694755554199,0,0,0.016088446602225304,0.0012574578868225217,1.0012582540512085,0.2525264620780945,-0.03861043602228165,-0.03781842812895775,0.01605980470776558,0.0012574578868225217,1,1,0.0012574578868225217,1,7,1137.84375,0.016059803778559378,0.03125,0,21847.625,0,19.152184887609817,0.00027800091459187243,0.5630867765292098,48915.21875,0.8369836606938499,18190,0.3983598053455353,0.6899397288910578,60145.96875,0.912404913945509,19868.875,0.5291655920445919,0.026832142049031622,0.4630256936160064,40511.46875,0.8131487429050033,17765.8125,11.041142165660858,0,0,1.554575182493468,0.5949168239232918,0,18.629492400612037,0.0002758830950540279,,,,,,,,,,,,,,,,0.0859375,6377,8192,2576.3671875,3483.4140625,283,283,4096,4096,4096,30.041566897998564,10.487924898996425,,,,,,,,,1,-1,0.30826208038628694,0,0,1,,,,,,1.4422402381896973,0.021301094442605972,0.3305549621582031,0.007814798504114151,0.9985008239746094,,,,,,,,,,,,,0.005504659995494876,0.0010608379884899932,0.0001770899980328977,0.9777724910018151,0.07143285670724708,0.004021900000225287,0.1216070390000823,0.00931328234025841,0.0004050899951835163,0,0,0,,,,,1,0.33203125,0,85
70,25315.914012285,1787538949.5045547,0.25,6.071532165918825e-18,404.12748980522156,0.1990552842617035,1,-1,0.46875,0.4499792754650116,0.0018200360937044024,1.0018444061279297,0.9846274852752686,0.9620671272277832,0,0,0.01554767694324255,0.0011933508794754744,1.0011940002441406,0.2200736403465271,-0.025597084313631058,-0.025154806673526764,0.015513487160205841,0.0011933508794754744,1,1,0.0011933508794754744,1,7.0625,1108.875,0.01551348706171653,0.03125,0,20610.9375,0,56.32416317107385,0.002815580783694211,0.5649212996760753,46325.9375,0.8388935864663789,17222.75,0.5183219453319907,0.6906745346045694,56871.03125,0.9138439884122755,18800.375,0.5328146032989025,0.02275589576859615,0.46630624491760736,38529.09375,0.8174231831964771,16864.96875,9.499996840953827,0.0625,0,1.619204643861172,0.5754334285378433,0,49.09950761661883,0.0027610858302965233,,,,,,,,,,,,,,,,0.203125,7148,8192,3188.00390625,4425.56640625,347,347,4096,4096,4096,36.06144316599966,8.595745115999307,,,,,,,,,1,-1,0.3214285714285714,0,0,1,,,,,,6.030893325805664,0.020788518711924553,0.8991124629974365,0.007599508855491877,0.9985260963439941,,,,,,,,,,,,,0.006998329998168629,0.001323392988155092,0.0002251599944429472,0.7988998729997547,0.0639452161680083,0.00479559999803314,0.03442912000900833,0.010702665702467584,0.000648179993731901,0,0,0,,,,,1,0.25,0,64
71,25735.023113615,1787539355.8515196,0.25390625,3.469446951953614e-18,393.67911171913147,0.20695826411247253,1,-1,0.46875,0.4430066645145416,0.002112165791913867,1.0026311874389648,0.9842290878295898,0.9656095504760742,0,0,0.01593881845474243,0.0011847899295389652,1.0011855363845825,0.24165891110897064,-0.00019246083684265614,-0.00021146051585674286,0.015913866460323334,0.0011847899295389652,1,1,0.0011847899295389652,1,7.03125,1393.84375,0.015913865258915652,0.03125,0,25504.03125,0,144.93116698394948,0.002161862131374713,0.5609081052325051,56990.15625,0.8344189784482305,21214.34375,0.6588473673909903,0.6901596215352788,70378.5625,0.9117920249709304,23222.8125,0.5378600265830755,0.023230261608629208,0.46473108650502326,47421.96875,0.8153661483550394,20791.625,9.99197906255722,0.03125,0,1.6144872337060692,0.5784664338743428,0,144.6665039798694,0.0019946051250395416,,,,,,,,,,,,,,,,0.19140625,6775,8192,3178.0859375,4410.33203125,412,412,4096,4096,4096,35.10359636499925,9.683821795995755,,,,,,,,,1,-1,0.2845960259019505,0,0,1,,,,,,2.497112274169922,0.021367384120821953,0.5764973163604736,0.0078119500540196896,0.9985027313232422,,,,,,,,,,,,,0.008950078998168465,0.0012109282150447598,0.0001684199960436672,0.8206808129980345,0.06968536259375924,0.004004080001323018,0.129955049000273,0.01162143275047356,0.0006399699996109121,0,0,0,,,,,1,0.25390625,0,65
72,26130.774811583,1787539773.352258,0.3046875,1.3877787807814457e-17,406.2816627025604,0.17140233516693115,1,-1,0.375,0.4542568325996399,0.0017355610616505146,1.0026140213012695,0.9835781455039978,0.960606575012207,0,0,0.016608670353889465,0.0009785692673176527,1.0009790658950806,0.14291070401668549,-0.026472236961126328,-0.0262038204818964,0.016576819121837616,0.0009785692673176527,1,1,0.0009785692673176527,1,7.1875,1452.5,0.016576819448180888,0.03125,0,25424.6875,0,52.19227253826054,0.0005265636228361456,0.5702421804457765,57737.84375,0.8476964089967374,21478.96875,0.7307218196801841,0.6959419474087797,70728.96875,0.921862569976464,23399.75,0.6227741483598948,0.024168964737399122,0.47443152884820045,48227.3125,0.8293823870445474,21064.5,9.571102321147919,0.1875,0,2.143761135199366,0.5337128729773741,0,55.29332457705474,0.0005241789360009969,,,,,,,,,,,,,,,,0.21875,6473,8192,3554.39453125,4826.16796875,301,301,4096,4096,4096,38.49399384499702,9.699534287996357,,,,,,,,,1,-1,0.331200660553418,0,0,1,,,,,,6.373088359832764,0.021167881786823273,0.9173082113265991,0.007723931688815355,0.9985194802284241,,,,,,,,,,,,,0.012931829995068256,0.001254247699392863,0.0001899800045066513,0.9889259060000768,0.08485211898812395,0.004924320004647598,0.03482653900573496,0.012225501004053285,0.000591310003073886,0,0,0,,,,,1,0.3046875,0,78
73,26541.137939214,1787540170.4551885,0.1953125,1.0408340855860843e-17,384.758624792099,0.22430796921253204,1,-1,0.5,0.4452805519104004,0.0024745932314544916,1.0026216506958008,0.9844334125518799,0.9586749076843262,0,0,0.015748897567391396,0.0012774541974067688,1.001278281211853,0.19790348410606384,0.008000681176781654,0.007712967693805695,0.015710296109318733,0.0012774541974067688,1,1,0.0012774541974067688,1,7.1875,1622.15625,0.01571029645219442,0.03125,0,28435.15625,0,715.2309070843143,0.02224283107126415,0.5675607619901903,64382.375,0.8434548388269844,23933.25,0.7869673985987902,0.6937690597110202,78909.625,0.9177307882752742,26078.25,0.6055593006312847,0.02319400179434494,0.4710196806879112,53684.875,0.823839915810346,23447.625,10.760404586791992,0.21875,0,1.7439011297162033,0.5165089352758588,0,608.3554724234543,0.023518501018043238,,,,,,,,,,,,,,,,0.171875,6923,8192,2988.15625,3968.26953125,361,361,4096,4096,4096,33.29054888900282,8.07224107300135,,,,,,,,,1,-1,0.2988071523335984,0,0,1,,,,,,2.8264951705932617,0.021797707304358482,0.6380541324615479,0.007913384586572647,0.9984999895095825,,,,,,,,,,,,,0.007973060004587751,0.0013248794179219203,0.00019344000611454248,0.7457105970024713,0.07178205060546361,0.008015020001039375,0.0295132300016121,0.009828879781167643,0.0005329999985406175,0,0,0,,,,,1,0.1953125,0,50
74,26954.241549187,1787540581.8225236,0.1953125,5.204170427930421e-18,397.7630431652069,0.17307959496974945,1,-1,0.375,0.4677041172981262,0.0021001833956688643,1.0016412734985352,0.9853764176368713,0.968137264251709,0,0,0.014766961336135864,0.0011777488980442286,1.0011783838272095,0.18935272097587585,0.017079269513487816,0.017079085111618042,0.014750104397535324,0.0011777488980442286,1,1,0.0011777488980442286,1,7.1875,1346.15625,0.014750105006469783,0.03125,0,23905.25,0,34.56666921485147,0.02361998327351282,0.5759962340376734,54749.90625,0.8532502511459359,20299.90625,0.6557981558144093,0.6966831836161025,66564.4375,0.9236151024406816,22035.375,0.5783193949609995,0.020451594132665445,0.47443268288724716,45477.625,0.8298151114543765,19849.5625,9.056218445301056,0.21875,0,1.7778043158045935,0.5383481676600881,0,37.37305002412391,0.02353539672692549,,,,,,,,,,,,,,,,0.1875,6992,8192,3178.83984375,4310.5234375,427,427,4096,4096,4096,35.455053165998834,9.749395855003968,,,,,,,,,1,-0.8571428571428571,0.30929478706587094,0,0,1,,,,,,7.2898850440979,0.02182268723845482,0.9501244425773621,0.007938829250633717,0.99845951795578,,,,,,,,,,,,,0.007548599998699501,0.0012886334102404362,0.00020498000230873004,1.0100039030003245,0.0696627599413091,0.002751330001046881,0.1569195080010104,0.011160304163922774,0.000623159998212941,0,0,0,,,,,1,0.1953125,0,50
75,27341.986025548,1787540995.2238562,0.19921875,1.734723475976807e-18,399.6604583263397,0.1908961534500122,1,-0.8571428656578064,0.40625,0.46840596199035645,0.0017852007877081633,1.0024738311767578,0.9842020273208618,0.9608855247497559,0,0,0.015950532630085945,0.0011554575758054852,1.0011560916900635,0.207802414894104,-0.00030150962993502617,-0.00031604350078850985,0.015945743769407272,0.0011554575758054852,1,1,0.0011554575758054852,1,7.28125,1463.6875,0.01594574381074036,0.03125,0,25430.71875,0,51.33952064642057,0.0008163103788140383,0.5774038679710183,58458.65625,0.8554743227442476,21673.34375,0.9887628824217245,0.6973793371275017,70842.09375,0.9252840925818833,23479.75,0.6693345764651895,0.021746785911651568,0.47796711074775794,48600.40625,0.8344581294622758,21191,9.952820897102356,0.375,0,1.8586013077660755,0.49229834169414427,0,50.29652212992593,0.0008202639981262388,,,,,,,,,,,,,,,,0.1875,6698,8192,3284.93359375,4496.87890625,365,365,4096,4096,4096,35.39327301600133,10.408002231000864,,,,,,,,,1,-1,0.3144074439581966,0,0,1,,,,,,13.426466941833496,0.021970847621560097,0.794025182723999,0.007950338535010815,0.9984585642814636,,,,,,,,,,,,,0.009113849002460483,0.0011874365858375313,0.00017147999460576102,1.029740963000222,0.08639013742185853,0.0038331000032485463,0.13072637798904907,0.012081156339519339,0.0005524399966816418,0,0,0,,,,,1,0.19921875,0,51
76,27735.250757343,1787541381.7733607,0.22265625,2.168404344971009e-18,373.8593864440918,0.19066104292869568,1,-1,0.4375,0.46952906250953674,0.001857894123531878,1.0006237030029297,0.9839088916778564,0.9667749404907227,0,0,0.016237199306488037,0.001223818864673376,1.0012245178222656,0.21149012446403503,-0.022164320573210716,-0.021711599081754684,0.016239896416664124,0.001223818864673376,1,1,0.001223818864673376,1,7.40625,1537.09375,0.016239894593723977,0.03125,0,26279.46875,0,83.99941393028546,0.0005004075472652572,0.5823044344699693,60904.90625,0.8619576140731033,22564.5625,1.6953637721017003,0.7002113560700749,73557.03125,0.9297973625573512,24397.5625,0.602433729916811,0.023083321812019567,0.4820932054227141,50599.03125,0.8413986267502446,22079.875,9.786210834980011,0.46875,0,2.2367131502858273,0.4181324896501398,0,74.2187330514642,0.0004770117320314156,,,,,,,,,,,,,,,,0.1015625,6708,8192,2740.5,3678.5078125,344,344,4096,4096,4096,32.08159798700217,10.521098849996633,,,,,,,,,1,-1,0.25629821597155933,0,0,1,,,,,,7.67779541015625,0.022634226828813553,0.8227466344833374,0.008196250535547733,0.9984201788902283,,,,,,,,,,,,,0.11920139999710955,0.0016314337810285906,0.00022141000226838514,0.9897421129935537,0.0714350515078479,0.004918729995551985,0.12304320999101037,0.009611168839541051,0.0008406509950873442,0,0,0,,,,,1,0.22265625,0,57
77,28134.410846629,1787541773.7332942,0.1953125,9.974659986866641e-18,380.7855350971222,0.1287587583065033,1,-1,0.3125,0.4798582196235657,0.0016811310779303312,1.0019216537475586,0.984214723110199,0.9649882316589355,0,0,0.01597573608160019,0.0009106781799346209,1.0009111166000366,0.12881961464881897,0.008803055621683598,0.008805956691503525,0.015939369797706604,0.0009106781799346209,1,1,0.0009106781799346209,1,7.1875,1276.59375,0.015939370033022305,0.03125,0,21924,0,24.485565902159372,0.024801535418928017,0.5910182784411957,51567,0.872576258550101,19053.09375,1.1796941144857556,0.7039215408458653,61680.96875,0.9362363334075635,20489.96875,0.658079206943512,0.021760340841991736,0.48453086479736784,42710.09375,0.8465966009465138,18589.1875,9.376987338066101,0.21875,0,1.822823367654874,0.4305923093264037,0,23.862754105424976,0.025748804182360124,,,,,,,,,,,,,,,,0.17578125,6855,8192,2918.625,3978.03125,295,295,4096,4096,4096,32.32944701600354,9.624645066003723,,,,,,,,,1,-1,0.3009339204705842,0,0,1,,,,,,6.338063716888428,0.022246455773711205,0.8705391883850098,0.008060473948717117,0.9984408617019653,,,,,,,,,,,,,0.0063467399959336035,0.0011292183358193597,0.00022693000209983438,0.7862050480034668,0.07727205951968585,0.006522739997308236,0.13041633000102593,0.010148437143868705,0.0007195300058810972,0,0,0,,,,,1,0.1953125,0,50
78,28541.151489353,1787542173.70809,0.2890625,3.469446951953614e-18,387.9417266845703,0.18401463329792023,1,-1,0.40625,0.4832294285297394,0.0023147619795054197,1.0028467178344727,0.9851694107055664,0.9696063995361328,0,0,0.015015814453363419,0.0011457412037998438,1.0011464357376099,0.1781349778175354,-0.019110333174467087,-0.01868482679128647,0.014960221946239471,0.0011457412037998438,1,1,0.0011457412037998438,1,7.3125,1379,0.014960222631162045,0.03125,0,23349,0,24.401687935750196,0.011933827490906624,0.5893611466917167,54611.125,0.8698751298035281,20190.03125,1.266792247100966,0.7038747122111286,65697.46875,0.9354813233759627,21792.03125,0.5898371543735266,0.019474190122220958,0.4838197080923464,45241.34375,0.8453740856579837,19722.125,8.767110526561737,0.4375,0,2.165401645345498,0.4022573034294094,0,21.723521135293446,0.012217658214413781,,,,,,,,,,,,,,,,0.171875,6923,8192,3011.40625,4038.84375,348,348,4096,4096,4096,32.57167431600101,8.105916551001428,,,,,,,,,1,-1,0.31943828249996997,0,0,1,,,,,,9.240580558776855,0.022918472066521645,0.9487495422363281,0.008278127759695053,0.9983501434326172,,,,,,,,,,,,,0.007336028997087851,0.0011329567968800802,0.00022082000214140862,0.8145881770033156,0.06671102735961654,0.007638470000529196,0.03196383798785973,0.009537460000586861,0.0006175800008350052,0,0,0,,,,,1,0.2890625,0,74
79,28956.713054422,1787542582.1251738,0.359375,-6.938893903907228e-18,394.910462141037,0.2028270810842514,1,-1,0.4375,0.487496942281723,0.0023710643872618675,1.002640724182129,0.9840229153633118,0.9632110595703125,0,0,0.01614660769701004,0.0013425429351627827,1.0013433694839478,0.17206816375255585,0.0049759577959775925,0.005219010636210442,0.01612570323050022,0.0013425429351627827,1,1,0.0013425429351627827,1,7.46875,1441.59375,0.01612570211839489,0.03125,0,24091.25,0,48.862761321736755,0.002513512022046224,0.5950672317359722,57048.0625,0.8761815893662539,21019.9375,1.8001836945768446,0.7046451457629963,67841.875,0.9383048877910038,22559.59375,0.665039075538516,0.021679375376405435,0.4896101459384179,47209.71875,0.853004294271134,20532.65625,9.251398265361786,0.71875,0,2.811488835236064,0.33470855827064167,0,45.31217108943861,0.002490902933911062,,,,,,,,,,,,,,,,0.16015625,6765,8192,3198.65625,4254.88671875,409,409,4096,4096,4096,36.10169919100008,9.056528398999944,,,,,,,,,1,-1,0.36421567954234174,0,0,1,,,,,,8.822757720947266,0.023298123851418495,0.9512569904327393,0.008425882086157799,0.9982245564460754,,,,,,,,,,,,,0.005883769998035859,0.001097940870891989,0.00020921999384881929,0.8034555780031951,0.06670668218330889,0.004626899004506413,0.026327728999604005,0.010260210160282668,0.0005165690017747693,0,0,0,,,,,1,0.359375,0,92
80,29384.083654966,1787542996.3946493,0.26171875,6.071532165918825e-18,401.7125675678253,0.25605878233909607,1,-1,0.5625,0.4862659275531769,0.00253260787576437,1.0017204284667969,0.9852461814880371,0.9677371978759766,0,0,0.014904731884598732,0.001540754921734333,1.0015418529510498,0.2378961592912674,-0.0064894394017755985,-0.006300581619143486,0.014879973605275154,0.001540754921734333,1,1,0.001540754921734333,1,7.59375,1537.65625,0.014879973563158348,0.03125,0,25589.25,0,43.56645774254052,0.011925181962976742,0.5984873858202403,60953.125,0.8797385371990187,22416.28125,2.9907678627059795,0.70602516271786,72208.15625,0.9409646826633715,24027.625,0.6525693638250232,0.01829652849495442,0.4895804952718525,50284.28125,0.8546620048292961,21878.40625,8.018634796142578,1.375,0,2.8201591421726717,0.19192431574436458,0,44.41514893320025,0.012249916256756858,,,,,,,,,,,,,,,,0.1328125,7105,8192,3192.9609375,4137.9296875,330,330,4096,4096,4096,35.33338245799678,10.539041695999913,,,,,,,,,1,-0.8571428571428571,0.2754865825096699,0,0,1,,,,,,11.710927963256836,0.02399207465350628,0.9828896522521973,0.008625817485153675,0.9980824589729309,,,,,,,,,,,,,0.0072946489963214844,0.0011406459924501178,0.00021071000082883984,1.0016621710019535,0.07313025284000219,0.005024960002629086,0.034853810997447,0.010571369042679635,0.0005762799992226064,0,0,0,,,,,1,0.26171875,0,67
81,29789.718855289,1787543425.0823011,0.3125,-1.734723475976807e-18,414.9576427936554,0.15074822306632996,1,-0.8571428656578064,0.3125,0.4904997944831848,0.001965050585567951,1.0023069381713867,0.9847006797790527,0.9699482917785645,0,0,0.015453295782208443,0.0007961182855069637,1.0007964372634888,0.15473292768001556,-0.017281251028180122,-0.017183702439069748,0.01543428748846054,0.0007961182855069637,1,1,0.0007961182855069637,1,7.75,1561.78125,0.015434286426308688,0.03125,0,25543.6875,0,320.4153726801185,0.0026986732652779077,0.5993439433830989,61119.28125,0.8784046074326756,22402.03125,3.625880182691617,0.7035925334327336,71852.5,0.9375950630114374,23929.3125,0.7158287707716227,0.019778783988444168,0.4911114287335977,50308.75,0.8541884628512185,21841.65625,8.64325475692749,1.96875,0,6.4820982732475105,0.15476122927762193,0,198.2715747958878,0.002559435676662987,,,,,,,,,,,,,,,,0.1953125,7958,8192,3208.65625,4208.41015625,448,448,4096,4096,4096,35.81312829300441,9.319826377999561,,,,,,,,,1,-1,0.2879377767249482,0,0,1,,,,,,12.136157989501953,0.023748455569148064,0.980078399181366,0.008555796928703785,0.9980974793434143,,,,,,,,,,,,,0.007737189996987581,0.0011679692694315236,0.00019441000040387735,0.8175258730043424,0.07831477093736794,0.007512748998124152,0.027463929007353727,0.009721925429715839,0.0008234900014940649,0,0,0,,,,,1,0.3125,0,80
82,30184.415340674,1787543829.970173,0.28125,4.336808689942018e-19,391.7237186431885,0.14601761102676392,1,-1,0.375,0.49283212423324585,0.001809971290640533,1.0003318786621094,0.9856032133102417,0.9696226119995117,0,0,0.014522702433168888,0.000994546920992434,1.0009950399398804,0.14622347056865692,-0.0007054326124489307,-0.000710303895175457,0.014520999044179916,0.000994546920992434,1,1,0.000994546920992434,1,7.71875,1516.6875,0.01452099815352636,0.03125,0,25669.25,0,27.150073263332498,0.02491813178522211,0.6033695186702424,61475.0625,0.8836274542566896,22523.8125,3.2976524736732244,0.7062928149181997,72329.59375,0.9417902357924137,24074.65625,0.6456454172730446,0.018920263583064707,0.4902079025910603,50303.34375,0.8555342989889656,21904.15625,8.759240090847015,1.75,0,2.9978436587101354,0.18336973373484808,0,27.197161307354015,0.01583690340465663,,,,,,,,,,,,,,,,0.17578125,6905,8192,3078.59765625,4115.29296875,456,456,4096,4096,4096,33.68592385100055,10.63428195600136,,,,,,,,,1,-1,0.2696369441168125,0,0,1,,,,,,12.765556335449219,0.024618471041321754,0.958629846572876,0.008759993128478527,0.9979270696640015,,,,,,,,,,,,,0.011411809995479416,0.001310613183420628,0.0001994400008697994,0.9858139710049727,0.05792925391818926,0.0068233100028010085,0.03164279898919631,0.00960274587140475,0.0007659499970031902,0,0,0,,,,,1,0.28125,0,72
83,30584.307099812,1787544224.4573195,0.26171875,5.204170427930421e-18,381.5433669090271,0.14856752753257751,1,-1,0.3125,0.5027791857719421,0.0015521016903221607,1.0029802322387695,0.9855501055717468,0.9708456993103027,0,0,0.014586924575269222,0.0009014151291921735,1.0009018182754517,0.12972243130207062,0.006449669599533081,0.006571223959326744,0.014572100713849068,0.0009014151291921735,1,1,0.0009014151291921735,1,7.78125,1423.8125,0.014572100098060831,0.03125,0,24628.78125,0,79.04644157734256,0.004818223381450702,0.6088975234507759,59680.25,0.8907358409665922,21851.625,4.543672404950485,0.7095716789862225,69794.96875,0.9469050953609817,23267.125,0.6637917850166559,0.01956486553991912,0.49423724026137095,48694.4375,0.8621736045416719,21219.15625,8.44749242067337,1.90625,0,4.663527750277827,0.17421107402711405,0,91.08431912093916,0.0034211560580501357,,,,,,,,,,,,,,,,0.19140625,6637,8192,2999.48046875,4000.07421875,474,474,4096,4096,4096,34.7980214220006,10.025324141002784,,,,,,,,,1,-1,0.2660654361741311,0,0,1,,,,,,9.241369247436523,0.024589361622929573,0.9766063690185547,0.00881006009876728,0.9979751706123352,,,,,,,,,,,,,0.006143099002656527,0.0011233721756696013,0.00022413999977288768,0.9972011009958806,0.0792284935779719,0.006427929998608306,0.12654379900050117,0.009381477073731048,0.0006642799999099225,0,0,0,,,,,1,0.26171875,0,67
84,30991.974623028,1787544622.9836483,0.39453125,2.6020852139652106e-18,386.95029067993164,0.13961738348007202,1,-1,0.375,0.5025501847267151,0.001920294133014977,1.0024080276489258,0.9862182140350342,0.9665980339050293,0,0,0.013941120356321335,0.0006869344506412745,1.0006871223449707,0.1730060577392578,0.004181643482297659,0.004023334942758083,0.01389375887811184,0.0006869344506412745,1,1,0.0006869344506412745,1,7.75,1370.71875,0.01389375838235945,0.03125,0,23995.84375,0,27.2883506910908,0.027336820457170466,0.6106281293582192,58430.125,0.8916018940841806,21338.375,3.7410612002713606,0.7088067858254952,68012.90625,0.9467322836306407,22691.1875,0.6260455399751663,0.018453935078463022,0.49353191897532506,47519.53125,0.8619444720932263,20712.71875,7.764532208442688,1.90625,0,5.0937831679165235,0.16326614394623118,0,27.992581826892135,0.02651361999465358,,,,,,,,,,,,,,,,0.16015625,7061,8192,2965.953125,3830.9375,421,421,4096,4096,4096,32.80803156399634,9.704660370996862,,,,,,,,,1,-1,0.23007319154866296,0,0,1,,,,,,11.089353561401367,0.025711484253406525,0.9774705171585083,0.009210427291691303,0.9975507855415344,,,,,,,,,,,,,0.007143229995563161,0.0010691744415112225,0.0001972699974430725,0.9943838319959468,0.07842418705470777,0.011205410002730787,0.02810723100992618,0.009020157870935464,0.0007069099956424907,0,0,0,,,,,1,0.39453125,0,101
85,31405.724823346,1787545030.9095628,0.25390625,6.938893903907228e-18,396.27639389038086,0.10307513177394867,1,-1,0.25,0.5084872245788574,0.0013143033720552921,1.0035295486450195,0.9855924844741821,0.9692792892456055,0,0,0.014581823721528053,0.0005794487660750747,1.000579595565796,0.09780313074588776,-0.0071550835855305195,-0.007094893604516983,0.014529440551996231,0.0005794487660750747,1,1,0.0005794487660750747,1,7.84375,1406.6875,0.014529440330312974,0.03125,0,23727.625,0,20.84055603637153,0.01281362198901936,0.6142359919711412,58177.90625,0.8940870849401643,21169.15625,4.9535430886317044,0.709044657717978,67262.75,0.9475159379250819,22453.0625,0.6391698643565178,0.019181765396080075,0.4967803857141901,47325.03125,0.8638639644356088,20523.28125,7.839969277381897,2.71875,0,3.709493002570986,0.07304083661274623,0,21.990181488909563,0.010351664617782233,,,,,,,,,,,,,,,,0.171875,6992,8192,3258.75,4244.73828125,522,522,4096,4096,4096,34.60108896900056,8.416747422001208,,,,,,,,,1,-1,0.24353895887474744,0,0,1,,,,,,12.56743335723877,0.026133572682738304,0.9800751209259033,0.009258786216378212,0.9972731471061707,,,,,,,,,,,,,0.008936469996115193,0.0010906669139103542,0.0002247200027341023,0.7974985830005608,0.07680178794916515,0.00490563999483129,0.025709580004331656,0.009591254144424965,0.0008306489980896004,0,0,0,,,,,1,0.25390625,0,65
86,31815.465180362,1787545445.889981,0.296875,7.37257477290143e-18,402.0985746383667,0.11513090133666992,1,-1,0.28125,0.5043877363204956,0.0011429096339270473,1.0021896362304688,0.9856114387512207,0.963996410369873,0,0,0.014528116211295128,0.0005961377173662186,1.000596284866333,0.10985195636749268,0.022797923535108566,0.022392814978957176,0.014509293250739574,0.0005961377173662186,1,1,0.0005961377173662186,1,7.875,1549.3125,0.014509293328642581,0.03125,0,26070,0,26.433974327928862,0.003319487789744329,0.6166469109126214,64077.9375,0.8967529494050204,23300,5.909330517752096,0.7101136471677179,73986.875,0.9492398567863675,24696.40625,0.7717959545552731,0.020462461754132712,0.49709917996153274,51948.65625,0.8661969023256167,22587.96875,8.211592674255371,3.65625,0,7.845251460172617,0.07574518963175883,0,25.981344085354436,0.0025242220570974826,,,,,,,,,,,,,,,,0.12890625,7148,8192,3215.13671875,4142.0390625,480,480,4096,4096,4096,35.30120640899986,8.82998547799798,,,,,,,,,1,-1,0.2834733547569204,0,0,1,,,,,,12.734782218933105,0.027309361845254898,0.9852430820465088,0.009594286791980267,0.9969736337661743,,,,,,,,,,,,,0.007037839000986423,0.0013209450234512587,0.00021936000121058896,0.8153349030035315,0.06619212203148095,0.005277390002447646,0.1427248980035074,0.010258635500065338,0.0006959699967410415,0,0,0,,,,,1,0.296875,0,76
87,32220.873689883,1787545855.4857106,0.2578125,3.469446951953614e-18,396.6207287311554,0.1574280560016632,1,-1,0.34375,0.5118757486343384,0.0015352375339716673,1.0029067993164062,0.9851784110069275,0.9689397811889648,0,0,0.01499567274004221,0.0009429143974557519,1.0009433031082153,0.16466547548770905,0.02739240974187851,0.02699173428118229,0.014951753430068493,0.0009429143974557519,1,1,0.0009429143974557519,1,7.875,1542.59375,0.014951753214135464,0.03125,0,25721.09375,0,60.52857297064654,0.023436267131052017,0.622153142115728,63856.375,0.9021784825575389,23138.1875,6.1749135024729185,0.7114467292194542,73066.75,0.9522808832370162,24438.84375,0.7237923089414835,0.021959369611866286,0.5002244312858546,51680.0625,0.8705330995914651,22406.46875,9.044819355010986,4.15625,0,6.6765949365329265,0.06933789143371812,0,57.200124290617865,0.023352861503970843,,,,,,,,,,,,,,,,0.171875,7148,8192,3144.4296875,3993.65234375,364,364,4096,4096,4096,33.70715196200035,9.864934188000916,,,,,,,,,1,-1,0.2857142857142857,0,0,1,,,,,,12.171449661254883,0.028083572164177895,0.986452579498291,0.009889008477330208,0.9965277910232544,,,,,,,,,,,,,0.12488925900106551,0.0015539663750132604,0.0001890700004878454,1.0499630010017427,0.07126908191028747,0.00677949999953853,0.13042711899470305,0.009590239535185674,0.0005586200059042312,0,0,0,,,,,1,0.2578125,0,66
88,32663.171095875,1787546262.0704064,0.17578125,1.3010426069826053e-18,392.616779088974,0.1570083498954773,1,-1,0.375,0.5190706253051758,0.0020040697418153286,1.0014677047729492,0.9856206178665161,0.9724502563476562,0,0,0.014514987356960773,0.0009765469003468752,1.0009770393371582,0.14869621396064758,0.006019185297191143,0.006017661187797785,0.014500110410153866,0.0009765469003468752,1,1,0.0009765469003468752,1,7.875,1527.4375,0.014500111249318423,0.03125,0,25155.4375,0,40.7434310196571,0.0030233956253693075,0.6258952612624598,62822.5625,0.9044751650129506,22692.65625,6.150383060390595,0.7109794906201921,71437.21875,0.9521608511689634,23902.78125,0.6716970559209585,0.020411594359934455,0.5036920639116704,50829.4375,0.8739189500032454,22001.5625,8.181219190359116,5.09375,0,11.03019071340273,0.04282128046791714,0,47.61714760443325,0.0017060085530265342,,,,,,,,,,,,,,,,0.2421875,6821,8192,3164.12890625,4236.5859375,430,430,4096,4096,4096,35.6946717450046,9.711906568998529,,,,,,,,,0.8571428571428572,-1,0.24872121923543072,0,0,1,,,,,,11.386539459228516,0.028633534908294678,0.9962424635887146,0.009993725456297398,0.9963891506195068,,,,,,,,,,,,,0.008766111001023091,0.0012942969728158005,0.0002400800003670156,1.0273260019966983,0.08508277885931648,0.004466040001716465,0.028268198009754997,0.008967670914216797,0.0005751099961344153,0,0,0,,,,,1,0.17578125,0,45
89,33065.084473373,1787546703.8416235,0.328125,8.673617379884035e-19,428.9210247993469,0.12192875891923904,0.8571428656578064,-1,0.25,0.5270524621009827,0.001156490296125412,1.0016984939575195,0.9864178895950317,0.9662942886352539,0,0,0.013771019876003265,0.0007277170661836863,1.0007280111312866,0.09876548498868942,2.296961611136794e-05,-7.250526687130332e-05,0.013698708266019821,0.0007277170661836863,1,1,0.0007277170661836863,1,7.8125,1539.34375,0.013698708655774692,0.03125,0,25313.03125,0,42.8499205157579,0.07442641045830764,0.6299793316407489,63672.5,0.9103505251344587,22977.75,5.603710571071133,0.7150406135590114,72289.09375,0.9572174643424489,24180.21875,0.6618324089795351,0.019206437283967998,0.5022198107089147,51289.9375,0.8745100745379266,22207.84375,7.510086715221405,4.96875,0,5.546040565531967,0.08835855971059543,0,34.17137462504417,0.07570249256648791,,,,,,,,,,,,,,,,0.15625,8192,8192,3467.12109375,4451.7421875,522,522,4096,4096,4096,37.37918195499515,10.780827900998702,,,,,,,,,1,-1,0.2766416675862441,0,0,1,,,,,,11.093343734741211,0.02906707301735878,0.9857383370399475,0.010125636123120785,0.9961106777191162,,,,,,,,,,,,,0.0058547599910525605,0.0011019502899216604,0.00020244999905116856,0.9947995420006919,0.0878774583866857,0.008727660002477933,0.13554095700237667,0.010479692402071805,0,0,0,0,,,,,1,0.328125,0,84
90,33457.461741347,1787547104.1218927,0.25390625,2.6020852139652106e-18,388.32069301605225,0.143511563539505,1,-1,0.375,0.5234010219573975,0.0020145343150943518,1.00543212890625,0.9852617979049683,0.9595599174499512,0,0,0.014918777160346508,0.0010737726697698236,1.0010744333267212,0.11015574634075165,0.015199868008494377,0.01522349938750267,0.014866549521684647,0.0010737726697698236,1,1,0.0010737726697698236,1,7.875,1714.9375,0.014866548685422422,0.03125,0,27736.96875,0,58.134119223830005,0.0037152354550987077,0.6329624307152264,70052.21875,0.9120098708570263,25212.8125,6.425727165769786,0.7142725352990025,79161.125,0.9574399706643271,26498.53125,0.6622860012575984,0.02137038309759427,0.5081251298109872,56359.21875,0.8808781322152786,24404.59375,7.97669118642807,6.28125,0,9.377437309309592,0.040887909402836396,0,52.34510205393724,0.0032381369855682433,,,,,,,,,,,,,,,,0.1328125,7079,8192,2994.11328125,3809.9140625,511,511,4096,4096,4096,32.14851392499986,9.677753597003175,,,,,,,,,1,-1,0.1939782230571467,0,0,1,,,,,,11.04170036315918,0.029833737760782242,0.985276997089386,0.010340612381696701,0.9964960813522339,,,,,,,,,,,,,0.0060983500006841496,0.0011404191168367106,0.00019428999803494662,1.0057501830015099,0.08024209361343537,0.004494840002735145,0.034801729998434894,0.008108630218771395,0.0006263999966904521,0,0,0,,,,,1,0.25390625,0,65
91,33885.543602992,1787547497.2342055,0.38671875,2.6020852139652106e-18,380.8322157859802,0.07766827940940857,1,-1,0.21875,0.5509812831878662,0.0006864390452392399,1.0019607543945312,0.985569417476654,0.9634609222412109,0,0,0.014596430584788322,0.0004645658191293478,1.000464677810669,0.07394953072071075,0.017496813088655472,0.01731278747320175,0.014555748552083969,0.0004645658191293478,1,1,0.0004645658191293478,1,7.78125,1497.3125,0.014555748780357128,0.03125,0,23952.90625,0,27.885310605958672,0.026682529810651195,0.6401210304209419,61191,0.9210950039192974,22002.03125,6.043541890569031,0.7173871724772736,68666.15625,0.9631828875606554,23031.71875,0.6170726045966148,0.020492123259267282,0.5154745148522709,49493.53125,0.8898205326257269,21318.5625,8.129372656345367,4.9375,0,7.407129506438984,0.07570830178630188,0,22.0979047011701,0.024560293925295542,,,,,,,,,,,,,,,,0.05859375,6993,8192,2866.1875,3582.21484375,432,432,4096,4096,4096,30.07987521799805,8.733722183998907,,,,,,,,,1,-1,0.2355518921120164,0,0,1,,,,,,11.692708015441895,0.030098501592874527,0.9844232201576233,0.010413656942546368,0.9964457154273987,,,,,,,,,,,,,0.006980389996897429,0.0012386838243401144,0.0002031110052485019,0.7873307240079157,0.07082284852333487,0.005609899992123246,0.024090803010039963,0.008594190955705017,0.0006632300064666197,0,0,0,,,,,1,0.38671875,0,99
92,34314.901543644,1787547925.4724553,0.2421875,7.37257477290143e-18,415.5727963447571,0.10622943937778473,1,-1,0.28125,0.5489223003387451,0.001976514933630824,1.0032081604003906,0.9866822957992554,0.9722075462341309,0,0,0.01350798737257719,0.0006487192586064339,1.000648856163025,0.0809154212474823,0.00357346935197711,0.0034466786310076714,0.013428711332380772,0.0006487192586064339,1,1,0.0006487192586064339,1,7.8125,1398.90625,0.013428711485643613,0.03125,0,22929.5,0,34.934841563362085,0.048688735153048446,0.6438792408035867,59061.84375,0.9247646907574979,21173.03125,5.373673696100013,0.7180531094901477,65767.875,0.9653127330905373,22101.375,0.630704378709197,0.01850148502796913,0.5134525680818783,47387,0.8907645452475581,20480.625,7.176941394805908,5.28125,0,8.197893811816641,0.10459145269365469,0,33.072557698431865,0.04237704479309624,,,,,,,,,,,,,,,,0.2265625,7322,8192,3598.85546875,4584.5,491,491,4096,4096,4096,36.4109816459968,9.326891696997336,,,,,,,,,1,-1,0.2575393768188564,0,0,1,,,,,,11.511828422546387,0.02983603999018669,0.9806116819381714,0.010341156274080276,0.9962267279624939,,,,,,,,,,,,,0.006104780011810362,0.0012752735897265666,0.00019099999917671084,0.8212172550120158,0.07430147609841242,0.008583149989135563,0.026804389024619013,0.01038349120346993,0.0007344899931922555,0,0,0,,,,,1,0.2421875,0,62
93,34767.314763766,1787548353.942174,0.078125,3.903127820947816e-18,416.90228843688965,0.12073899060487747,1,-1,0.3125,0.541838526725769,0.0012894585961475968,1.0020627975463867,0.9855246543884277,0.9665446281433105,0,0,0.014618577435612679,0.0006111748516559601,1.000611424446106,0.17556771636009216,0.013109360821545124,0.012868142686784267,0.014596504159271717,0.0006111748516559601,1,1,0.0006111748516559601,1,7.90625,1821.84375,0.014596504228723719,0.03125,0,28790.84375,0,22.897687564387343,0.002601327610090614,0.6452169047620459,74144.125,0.9252112172899016,26561.9375,5.856405418831855,0.7183716117802299,82647.8125,0.9654804907620544,27746.875,0.7698437790386379,0.01996970249010123,0.5185313829318545,59675.21875,0.8954192560338164,25751.21875,7.735866189002991,7.71875,0,19.99982782525257,0.031438159943798984,0,17.710176385410165,0.002328196999636255,,,,,,,,,,,,,,,,0.25390625,7037,8192,3658.03515625,4785.31640625,378,378,4096,4096,4096,38.768357598994044,9.690440495003713,,,,,,,,,1,-0.8571428571428571,0.22015764296317772,0,0,1,,,,,,10.322502136230469,0.030197951942682266,0.9810892939567566,0.010454978793859482,0.996291995048523,,,,,,,,,,,,,0.0071392800018657,0.0012303915387974484,0.00021158000163268298,0.8072556250117486,0.08010098458652237,0.004739950003568083,0.029716309014474973,0.010103340712134923,0.000790559992310591,0,0,0,,,,,1,0.078125,0,20
94,35210.027968471,1787548807.365819,0.37109375,7.37257477290143e-18,440.47605180740356,0.09775923192501068,1,-0.8571428656578064,0.21875,0.5559263229370117,0.001055438886396587,1.0034713745117188,0.9855325818061829,0.9602975845336914,0,0,0.014719964936375618,0.0006491122767329216,1.000649333000183,0.12109904736280441,0.0014285966753959656,0.0015294821932911873,0.014599950984120369,0.0006491122767329216,1,1,0.0006491122767329216,1,7.84375,1870.5,0.014599950615187877,0.03125,0,29264.28125,0,48.420834010978794,0.046970933165391256,0.6489345337232021,75934.03125,0.9302503246209913,27176.65625,5.750945808365941,0.7211293140840844,84385.1875,0.9694176885105678,28340.53125,0.6164694838225842,0.022445051072231288,0.5204302651135317,61244.5625,0.8988726271781746,26362.6875,8.790883302688599,7.125,0,7.25868800349428,0.07620589307225198,0,50.73947795484996,0.04631787028511489,,,,,,,,,,,,,,,,0.296875,6993,8192,4174.22265625,5375.4140625,631,631,4096,4096,4096,42.83796794000955,8.795951924010296,,,,,,,,,1,-1,0.27548658250966984,0,0,1,,,,,,12.125018119812012,0.0299234576523304,0.9906901121139526,0.010436984710395336,0.9963064789772034,,,,,,,,,,,,,0.00663865999376867,0.0012208698947802077,0.00016407099610660225,0.9913240739988396,0.06718855101149757,0.004997520009055734,0.029864082011044957,0.011547884448305012,0.0005873199988855049,0,0,0,,,,,1,0.37109375,0,95
95,35640.138092136,1787549251.1256273,0.265625,6.938893903907228e-18,429.93655133247375,0.14667639136314392,1,-1,0.34375,0.5357503890991211,0.001279841409996152,1.0015573501586914,0.9851729869842529,0.9631481170654297,0,0,0.014972027391195297,0.000858239596709609,1.0008586645126343,0.15650679171085358,0.012935099191963673,0.012835565023124218,0.014952883124351501,0.000858239596709609,1,1,0.000858239596709609,1,7.9375,2121.625,0.01495288345370542,0.03125,0,33393.78125,0,25.18935150766611,0.0037760211293828795,0.6507109426155812,86886.75,0.9313986545601256,31078.21875,6.428914622869343,0.7206096118628287,96281.625,0.9700145447268598,32385.6875,0.7820100178942084,0.021634242587462556,0.5239075329031491,70067.9375,0.9040147581133144,30210.40625,8.819270253181458,8.65625,0,11.121567426974522,0.014119780352002325,0,22.412905362985352,0.0036740057232476577,,,,,,,,,,,,,,,,0.23046875,8192,8192,3418.20703125,4368.7421875,565,565,4096,4096,4096,36.09873832300946,9.66480459900049,,,,,,,,,1,-1,0.25753937681885636,0,0,1,,,,,,9.638040542602539,0.029609819874167442,0.968748152256012,0.010333974845707417,0.996577262878418,,,,,,,,,,,,,0.006102020008256659,0.0011621278358120435,0.00019849000091198832,0.8293517650017748,0.07417003910205722,0.007752069999696687,0.02591833201586269,0.008820132726441443,0,0,0,0,,,,,1,0.265625,0,68
96,36080.136525504,1787549679.9272685,0.32421875,0,416.0841908454895,0.13113558292388916,1,-1,0.3125,0.5571479201316833,0.0014688631054013968,1.0017280578613281,0.9852470755577087,0.9592080116271973,0,0,0.014927280135452747,0.0007955365581437945,1.000795841217041,0.11935082077980042,0.023021675646305084,0.022774776443839073,0.014885916374623775,0.0007955365581437945,1,1,0.0007955365581437945,1,7.96875,1719.40625,0.014885916246264654,0.03125,0,27345.65625,0,33.8152152387036,0.024889742072674102,0.6532369122906865,71437.34375,0.936205860958468,25570.75,5.91095537180081,0.7223360335941929,78971.6875,0.973388883197513,26594.96875,0.6386169008910656,0.02240588184074869,0.5243014772568528,57552.3125,0.9061246769736461,24824.15625,8.39317399263382,7.4375,0,6.184333308338731,0.040070669491970023,0,27.758355862756783,0.02254894298923641,,,,,,,,,,,,,,,,0.171875,7235,8192,3591.28125,4484.96875,571,571,4096,4096,4096,36.5291414809908,10.779640171997016,,,,,,,,,1,-1,0.2754865825096699,0,0,1,,,,,,12.26641845703125,0.029369259253144264,0.9596642255783081,0.010280294343829155,0.9968550205230713,,,,,,,,,,,,,0.009500371001195163,0.0011494241684317785,0.0001938099885592237,1.0149008739972487,0.09101912455503225,0.0063339299958897755,0.029575848020613194,0.010239670235023368,0.0006746800063410774,0,0,0,,,,,1,0.32421875,0,83
97,36522.460612206,1787550118.7852125,0.23828125,8.456776945386935e-18,427.4590513706207,0.15104657411575317,1,-1,0.375,0.5607329607009888,0.001243935083039105,1.001241683959961,0.9856775403022766,0.9677748680114746,0,0,0.0144729595631361,0.0007265745662152767,1.0007269382476807,0.182331383228302,0.007463408634066582,0.00724764121696353,0.014445515349507332,0.0007265745662152767,1,1,0.0007265745662152767,1,7.90625,1832.03125,0.014445515160277374,0.03125,0,28730.25,0,18.931199142195744,0.026204872493549698,0.6559146650981803,75411.28125,0.93921324557054,26964.53125,5.869147141231224,0.722163869429945,82974.65625,0.9745236630536291,27984.9375,0.6682327976450324,0.021140833088659994,0.528388666329215,60976.21875,0.9120511654923003,26263.25,8.233889102935791,8.0625,0,7.014077865745408,0.06935609110451775,0,19.295263818648593,0.02571459600733599,,,,,,,,,,,,,,,,0.23046875,7184,8192,3835.36328125,4818.4375,538,538,4096,4096,4096,39.13828423099767,9.662321880998206,,,,,,,,,1,-1,0.263657554647025,0,0,1,,,,,,9.765096664428711,0.028734441846609116,0.9683711528778076,0.010066949762403965,0.9971148371696472,,,,,,,,,,,,,0.00898375001270324,0.001208430464146204,0.00022241999977268279,0.8282888739922782,0.07511947422733556,0.005315670001436956,0.14853158897312824,0.010991674249510197,0.000719640011084266,0,0,0,,,,,1,0.23828125,0,61
98,36944.654316439,1787550561.878089,0.16015625,1.734723475976807e-18,430.93715023994446,0.12830035388469696,1,-1,0.3125,0.5624290704727173,0.0011193986283615232,1.0025215148925781,0.9858701229095459,0.9671120643615723,0,0,0.014296027831733227,0.0007289423374459147,1.0007292032241821,0.1525541990995407,0.018043361604213715,0.01786576583981514,0.01425219513475895,0.0007289423374459147,1,1,0.0007289423374459147,1,7.90625,1971.53125,0.014252194573019544,0.03125,0,30682.90625,0,28.842033245592155,0.025542897251916316,0.6577980008141324,80726.4375,0.9418496380040611,28860.96875,5.248026653192937,0.7241747013713516,88794.6875,0.9767689863962934,29942.3125,0.6022461969405413,0.022069781227600834,0.5294769183949489,65264.46875,0.9140883852794408,28114.15625,8.839263379573822,7.0625,0,8.751848949882522,0.08536133889886618,0,28.014543599583384,0.0255940197857183,,,,,,,,,,,,,,,,0.25390625,7429,8192,3857.33984375,4882.64453125,833,833,4096,4096,4096,39.38450170500437,8.459364548994927,,,,,,,,,1,-1,0.2244608051781524,0,0,1,,,,,,10.75753116607666,0.0279513131827116,0.964576005935669,0.009812350384891033,0.9975368976593018,,,,,,,,,,,,,0.010117810001247562,0.0012159597264940203,0.00018961000023409724,0.8270108239958063,0.07415628578206679,0.005252770002698526,0.028498489016783424,0.010082682110805763,0.0014793999871471897,0,0,0,,,,,1,0.16015625,0,41
99,39795.340175201,1787550984.6807675,0.27734375,1.734723475976807e-17,410.0660767555237,0.09184271097183228,1,-1,0.25,0.5653231143951416,0.0011973058572039008,0.9983839988708496,0.9859124422073364,0.9667558670043945,0,0,0.014203162863850594,0.00043310713954269886,1.0004332065582275,0.14234092831611633,-0.009949362836778164,-0.009952974505722523,0.014203161932528019,0.00043310713954269886,1,1,0.00043310713954269886,1,7.90625,1945.71875,0.014203162408936074,0.03125,0,30858.71875,0,30.15947106755717,0.004649878749256708,0.6595677240595269,81301.78125,0.944805723715338,29115.875,4.916237007826567,0.7242998069212313,89392.375,0.9787027271383972,30184.15625,0.6186559107154608,0.021976773625831194,0.5340857716081063,65906.9375,0.9205707353792221,28423.4375,9.379526972770691,6.125,0,6.598915365033992,0.046153681862543566,0,31.33257389471619,0.0038414225384950118,,,,,,,,,,,,,,,,0.140625,7235,8192,3269.72265625,4072.99609375,428,428,4096,4096,4096,34.69717968298937,9.026579547993606,,,,,,,,,1,-1,0.25379768577771245,0,0,1,,,,,,9.819485664367676,0.02811400219798088,0.9656391143798828,0.009797316044569016,0.9976232647895813,,,,,,,,,,,,,0.007545529995695688,0.0012768052030196486,0.00023760998737998307,0.8023015130020212,0.07590898993430528,0.004447490005986765,0.02920346998143941,0.009055152567214009,0.000656060001347214,0,0,0,,,,,1,0.27734375,0,71
100,40236.652760674,1787553836.95704,0.21875,1.0408340855860843e-17,2837.9125730991364,0.13479074835777283,1,-1,0.375,0.5721083879470825,0.001455569756217301,1.002701759338379,0.9868215322494507,0.9720621109008789,0,0,0.013335373252630234,0.0006298657972365618,1.0006301403045654,0.14367155730724335,-0.013893112540245056,-0.013683936558663845,0.013283746317029,0.0006298657972365618,1,1,0.0006298657972365618,1,7.84375,1603.5625,0.013283746811776952,0.03125,0,26157.78125,0,18.3286058572004,0.023330946646951716,0.6596921073538703,69078.78125,0.9450365536379803,24719.09375,5.058900772128254,0.7238939341377983,75730.71875,0.9785357929505969,25592.40625,0.6668956074863672,0.01846889824698271,0.5314473655797897,55827.25,0.9185329382171816,24102.90625,8.267248213291168,5.53125,0,5.222732512886342,0.06591317188643313,0,16.477568707377245,0.02558621504574089,800,100,0.21375000476837158,0.21375,2379.410016048001,0.2525,8192,8192,3679.697509765625,4633.7825,512,512,4096,4096,4096,0.28515625,7095,8192,3993.67578125,5058.84765625,530,530,4096,4096,4096,19.912063968426082,9.743961322004907,1,6.245004513516506e-18,-1,0.11247940100926034,0.07,0.67,0.26,0.21375,1,-1,0.23145502494313788,0,0,1,13.40400218963623,0.027760787308216094,0.9658660888671875,0.009686225824989379,0.9979162037372589,11.38640022277832,0.026688437908887863,0.9614749550819397,0.0093562426045537,0.9978962540626526,56.48861879699689,15.923851344147897,0.00019474999862723053,60.9249261310033,11.193557572766275,0.0006371400086209178,281.5152139109996,67.51827434798157,0,0,0,0,0.007632780005224049,0.0013535704023865947,0.00023733099806122482,0.8464267240051413,0.07887569516066151,0.0028369690116960555,0.14046636800048873,0.01242831131253297,0.0007170909957494587,0,0,0,1,0.21375,0,1.71,1,0.21875,0,56
101,40717.105331358,1787554278.2559242,0.26953125,4.336808689942018e-18,426.92479729652405,0.09660346060991287,1,-1,0.25,0.5620884895324707,0.0008789622806943953,1.001643180847168,0.9862302541732788,0.9650330543518066,0,0,0.013921137899160385,0.0006188038969412446,1.0006189346313477,0.13124267756938934,0.007113081403076649,0.006940625607967377,0.013885162770748138,0.0006188038969412446,1,1,0.0006188038969412446,1,7.8125,1992.1875,0.01388516260812446,0.03125,0,31949.40625,0,40.3452986733581,0.004519562767950619,0.6597026504478285,84353.53125,0.9470207670637214,30254.6875,5.288869502954185,0.7250494361228231,92654.9375,0.9806151083820632,31329.25,0.5970560573041439,0.02172712325481136,0.5330998449187299,68351.25,0.9231342915136687,29587.09375,9.02974671125412,4.53125,0,6.089402147371164,0.07937407342400167,0,34.9130766917439,0.003942608160650191,,,,,,,,,,,,,,,,0.21484375,6977,8192,3466.48046875,4378.68359375,511,511,4096,4096,4096,37.35252582799876,10.310612378001679,,,,,,,,,1,-1,0.2487212192354307,0,0,1,,,,,,9.605436325073242,0.02736634574830532,0.8983352780342102,0.009544377215206623,0.9979568719863892,,,,,,,,,,,,,0.008411029004491866,0.0013905412890267144,0.00021978899894747883,0.8761886300053447,0.08561801617241827,0.007933971006423235,0.028104975004680455,0.010523731816988402,0.0006773500062990934,0,0,0,,,,,1,0.26953125,0,69
102,41198.883121609,1787554758.0859678,0.26953125,7.37257477290143e-18,465.8776776790619,0.11805038899183273,1,-1,0.3125,0.577599048614502,0.0011524391593411565,1.0020551681518555,0.9861483573913574,0.9697532653808594,0,0,0.013970527797937393,0.0006211504805833101,1.0006213188171387,0.16497424244880676,0.0008397441124543548,0.0008616906125098467,0.013962838798761368,0.0006211504805833101,1,1,0.0006211504805833101,1,7.875,1702.15625,0.013962838577367315,0.03125,0,27731.84375,0,36.88430671875467,0.0015979583083718918,0.6642296175303766,73615.09375,0.9510903445325061,26348.75,4.369756739644799,0.7255038564864584,80480.4375,0.9823175920603269,27231.3125,0.5768796280026436,0.020382095431444865,0.5383666489643031,59670.59375,0.9289616471712256,25772.3125,8.76886534690857,4.0625,0,5.706501872610829,0.08291493913396693,0,40.77696423993363,0.0014179845972606179,,,,,,,,,,,,,,,,0.19921875,8192,8192,3760.4296875,4626.359375,632,632,4096,4096,4096,40.73601183500432,11.339773022002191,,,,,,,,,1,-0.8571428571428571,0.2890431081471187,0,0,1,,,,,,9.06974983215332,0.02651088684797287,0.9010591506958008,0.009257645346224308,0.9980922341346741,,,,,,,,,,,,,0.010777058996609412,0.0012336072269363285,0.00019532001169864088,1.0640346400032286,0.0762346213518299,0.006353778997436166,0.14076256699627265,0.011054383851899274,0,0,0,0,,,,,1,0.26953125,0,69
103,41668.453812361,1787555238.6285963,0.26171875,5.204170427930421e-18,468.0168836116791,0.15976712107658386,1,-0.8571428656578064,0.3125,0.5716851353645325,0.0014425116823986173,1.0027456283569336,0.9866515398025513,0.970435619354248,0,0,0.013494191691279411,0.000890777911990881,1.0008912086486816,0.1441475749015808,0.021049771457910538,0.020880384370684624,0.013456673361361027,0.000890777911990881,1,1,0.000890777911990881,1,7.875,1847,0.013456673791584044,0.03125,0,30083.4375,0,58.49304314051075,0.013554547819688768,0.6614091373100953,79625.3125,0.9491995543093008,28563.71875,3.958556122262962,0.7252797060412361,87325.40625,0.981293141826586,29531.5625,0.5696374382823706,0.020339445399961006,0.5332924050976395,64253.0625,0.9238332510570477,27853.84375,8.581745028495789,4.125,0,4.024708601854391,0.08367254759029637,0,63.72510759179104,0.014466451688299613,,,,,,,,,,,,,,,,0.27734375,8192,8192,3820.2578125,4812.078125,544,544,4096,4096,4096,41.91628631899948,10.531232845998602,,,,,,,,,1,-1,0.30618621784789724,0,0,1,,,,,,10.23358154296875,0.026286041364073753,0.9764899611473083,0.009180247783660889,0.9980509281158447,,,,,,,,,,,,,0.006851759011624381,0.0012606140543880429,0.00022626000281888992,0.8742937180068111,0.07336410456252906,0.0067079790023854,0.03307003503141459,0.01205839229629646,0,0,0,0,,,,,1,0.26171875,0,67
104,42147.440226861,1787555709.7053134,0.203125,6.938893903907228e-18,457.0214333534241,0.16960936784744263,1,-1,0.4375,0.5773736238479614,0.0019110757857561111,1.0009183883666992,0.9869816303253174,0.9717087745666504,0,0,0.01315491832792759,0.001052265870384872,1.0010528564453125,0.1877407282590866,-0.0209030844271183,-0.020425496622920036,0.013126326724886894,0.001052265870384872,1,1,0.001052265870384872,1,7.84375,1869.0625,0.013126326859868809,0.03125,0,30562.0625,0,55.894726104219274,0.031282863437394254,0.6629023960247218,81065.6875,0.9516114481024189,29083.59375,4.3118063325528055,0.7259179313125922,88728.5625,0.9830159910017318,30036.84375,0.5947337569668889,0.021620746215208764,0.534127355690452,65543.15625,0.9263645719070911,28414.4375,8.908975780010223,3.28125,0,4.322358304912142,0.12254997111446736,0,52.435073674526045,0.03045711063200582,,,,,,,,,,,,,,,,0.234375,7322,8192,3921.3515625,4998.96875,599,599,4096,4096,4096,41.355646597003215,9.56771742599085,,,,,,,,,1,-1,0.2923340275668732,0,0,1,,,,,,7.653806686401367,0.02624141238629818,0.8826934695243835,0.009129044599831104,0.9982477426528931,,,,,,,,,,,,,0.007101909999619238,0.0014283416282410144,0.00019456000882200897,1.0787869910127483,0.08284215585922539,0.007132598999305628,0.03518337497371249,0.01237919844464841,0.0007734499959042296,0,0,0,,,,,1,0.203125,0,52
105,42629.514275756,1787556187.4568024,0.06640625,2.6020852139652106e-18,464.73708605766296,0.16930195689201355,1,-1,0.40625,0.5905330181121826,0.0013813652331009507,1.0022010803222656,0.9862748980522156,0.9733395576477051,0,0,0.01386664342135191,0.0008990948554128408,1.0008995532989502,0.1970779001712799,-0.016920607537031174,-0.01670851558446884,0.013837036676704884,0.0008990948554128408,1,1,0.0008990948554128408,1,7.75,1947.4375,0.013837036385200823,0.03125,0,31370.8125,0,23.563805207970454,0.008008062975475475,0.6664905524259025,83592.96875,0.9560853567648417,29972.96875,3.5263839471153915,0.7265857299170979,91149.6875,0.9851764851125071,30888.96875,0.5607774741947651,0.02187075275347206,0.5408057117380702,67945.8125,0.9352888918690637,29381.90625,8.896521508693695,2.84375,0,3.252224360928733,0.09084720503080577,0,24.91038826067716,0.008075985854018912,,,,,,,,,,,,,,,,0.3125,8192,8192,3816.61328125,4967.44921875,603,603,4096,4096,4096,41.011202345995116,10.71664928199607,,,,,,,,,1,-1,0.16940773179473462,0,0,1,,,,,,11.794536590576172,0.026206588372588158,0.909866213798523,0.009075959213078022,0.9983611702919006,,,,,,,,,,,,,0.010684879001928493,0.0016505506837347639,0.00019539000641088933,1.0716982049925718,0.0750939539295814,0.009563978004734963,0.03208228500443511,0.01106846676270834,0,0,0,0,,,,,1,0.06640625,0,17
106,43112.6635933,1787556669.664115,0.14453125,3.469446951953614e-18,469.2491898536682,0.051553815603256226,1,-1,0.15625,0.605628490447998,0.0008669214439578354,1.0012359619140625,0.9865928888320923,0.9679222106933594,0,0,0.01354886218905449,0.00032729958184063435,1.0003273487091064,0.09230929613113403,0.0028093198779970407,0.0027729810681194067,0.013521349988877773,0.00032729958184063435,1,1,0.00032729958184063435,1,7.53125,1905.75,0.01352135019251231,0.03125,0,30532.90625,0,35.20906724657314,0.04880763686488661,0.6664899879693696,81326.46875,0.9576787289365054,29214.8125,3.661567057715729,0.7281410906946281,88941.9375,0.9867044105075249,30125.40625,0.5762918656691909,0.02299608817787579,0.542911677494325,66300.21875,0.9346071950804008,28589.21875,7.889001131057739,1.84375,0,2.9716431520718785,0.17409830382206704,0,34.75676044795291,0.050375557285092784,,,,,,,,,,,,,,,,0.3203125,8192,8192,3989.71484375,5002.1171875,524,524,4096,4096,4096,41.94043298800534,9.688439945995924,,,,,,,,,1,-0.8571428571428571,0.2355518921120164,0,0,1,,,,,,9.662881851196289,0.026090510189533234,0.9210558533668518,0.009098479524254799,0.9983704686164856,,,,,,,,,,,,,0.008419978999882005,0.0013373826715223913,0.00021497999841812998,0.8880588229949353,0.0776496906841544,0.005536019001738168,0.03291110698773991,0.012372790312895177,0,0,0,0,,,,,1,0.14453125,0,37
107,43587.512175516,1787557152.345736,0.19921875,3.469446951953614e-18,470.24150228500366,0.10622615367174149,1,-0.8571428656578064,0.21875,0.6017472743988037,0.0010536093031987548,1.0020275115966797,0.9858576059341431,0.9708380699157715,0,0,0.014299334958195686,0.0005496356170624495,1.0005497932434082,0.11551498621702194,0.018859704956412315,0.01863476261496544,0.014264456927776337,0.0005496356170624495,1,1,0.0005496356170624495,1,7.65625,2056.3125,0.014264456740010704,0.03125,0,31917.71875,0,37.39336290228461,0.027613889152432066,0.6667562316200819,85044.65625,0.9570806785247399,30514,3.5883256650995463,0.728011097931845,92950.09375,0.9861019613021774,31464.375,0.5801797267049551,0.022300454891953307,0.5434574256651572,69484.71875,0.9342455446880003,29860.53125,8.109240174293518,1.625,0,2.8477826224744756,0.12709550364522593,0,33.22710394533709,0.027626996083409957,,,,,,,,,,,,,,,,0.28515625,7993,8192,3972.1328125,5074.1484375,565,565,4096,4096,4096,41.29211034599575,9.740286080006626,,,,,,,,,1,-0.7142857142857143,0.29987242185261903,0,0,1,,,,,,8.108993530273438,0.026367610320448875,0.9082797765731812,0.009143359027802944,0.9984171986579895,,,,,,,,,,,,,0.008072349999565631,0.0013211974606974763,0.0002430099993944168,0.846506625006441,0.0757219265231015,0.0031736199889564887,0.030916385992895812,0.011896839166865902,0.0006014300015522167,0,0,0,,,,,1,0.19921875,0,51
108,44063.697391252,1787557626.6213758,0.19140625,1.1709383462843448e-17,462.3713483810425,0.1644478142261505,1,-0.7142857313156128,0.34375,0.6119389533996582,0.001343977521173656,0.9999270439147949,0.9848801493644714,0.9706449508666992,0,0,0.015251018106937408,0.0009493558900430799,1.0009498596191406,0.20445017516613007,-0.0029409544076770544,-0.0029175623785704374,0.015251018106937408,0.0009493558900430799,1,1,0.0009493558900430799,1,7.84375,2032.5625,0.015251019031407787,0.03125,0,31777.0625,0,64.63770730116202,0.0015138172210945374,0.669863879246127,85088.375,0.9615001336948961,30533.96875,3.2283239383250475,0.7270650576081019,92394.375,0.9874258418270858,31366.75,0.6030244156718254,0.02326685298048187,0.550009573880234,69838.875,0.9431446890420409,29985.8125,8.137372970581055,1.625,0,2.8255637125462463,0.15866672996883427,0,57.8821492889125,0.000977142867630184,,,,,,,,,,,,,,,,0.25390625,8192,8192,3734.3671875,4697.4609375,638,638,4096,4096,4096,41.88641821399506,9.278728806006256,,,,,,,,,1,-1,0.2868281857894466,0,0,1,,,,,,9.568293571472168,0.026439448818564415,0.8456395864486694,0.009175204671919346,0.9984058737754822,,,,,,,,,,,,,0.1282805419905344,0.0017963203122235427,0.00022091000573709607,0.8958518019935582,0.07803688156303679,0.00366725999629125,0.032460507020005025,0.011395024672822274,0,0,0,0,,,,,1,0.19140625,0,49
109,44550.817154054,1787558102.706026,0.19140625,7.37257477290143e-18,464.32205533981323,0.1485074907541275,1,-1,0.34375,0.6257885694503784,0.0014323550276458263,1.003739356994629,0.9859298467636108,0.9643020629882812,0,0,0.014240022748708725,0.0008355814497917891,1.0008360147476196,0.19208133220672607,0.011361422017216682,0.011158132925629616,0.014192454516887665,0.0008355814497917891,1,1,0.0008355814497917891,1,7.65625,1928.0625,0.014192455829197502,0.03125,0,29874.9375,0,36.604322343096264,0.0063276480245351065,0.6699575523002314,80045.34375,0.9618888596015334,28728.59375,3.1993599110282958,0.7273822001783068,86901,0.9880707029974792,29512.84375,0.5188438817858696,0.020184278036239914,0.5492772171420645,65639.53125,0.9403092981659513,28127.625,7.489173144102097,1.5,0,2.742017422951565,0.1652136627828314,0,35.92756701493822,0.006116338360919703,,,,,,,,,,,,,,,,0.2578125,8192,8192,3832.078125,4875.65234375,593,593,4096,4096,4096,40.11832630200661,8.960599176993128,,,,,,,,,1,-1,0.27548658250966984,0,0,1,,,,,,5.780390739440918,0.02631908468902111,0.9263600707054138,0.009136668406426907,0.998453676700592,,,,,,,,,,,,,0.007797109996317886,0.0013204131063844216,0.00022575000184588134,0.8498279149935115,0.07944880993790093,0.004550889992970042,0.1382625809928868,0.011746009647140454,0,0,0,0,,,,,1,0.19140625,0,49
110,45009.909058479,1787558591.6730092,0.1171875,1.1275702593849246e-17,475.33770513534546,0.14276665449142456,1,-1,0.3125,0.6307007670402527,0.001583876903168857,1.0015459060668945,0.9859349727630615,0.9716043472290039,0,0,0.014202484861016273,0.0008715000003576279,1.0008717775344849,0.17142322659492493,-0.00047760969027876854,-0.00041979365050792694,0.014183498919010162,0.0008715000003576279,1,1,0.0008715000003576279,1,7.625,2008.3125,0.01418349857323716,0.03125,0,30656.625,0,41.530173963491876,0.01370698236011587,0.6684314562427858,81976.5,0.9606790440280151,29453.90625,2.4115200471132994,0.7279941817766562,89209.625,0.9874038069388636,30269.125,0.525989405810833,0.01969767141533383,0.5496952004723599,67603.59375,0.9377086146632465,28851.625,6.759034037590027,1.25,0,3.029360921963826,0.21013102098881992,0,42.51076748585323,0.01515566978949164,,,,,,,,,,,,,,,,0.26171875,8192,8192,4038.6328125,5032.67578125,589,589,4096,4096,4096,43.87930572300684,8.74649489899457,,,,,,,,,1,-0.8571428571428571,0.2901442287369986,0,0,1,,,,,,9.827009201049805,0.02651378884911537,0.8983303308486938,0.009183427318930626,0.9984557628631592,,,,,,,,,,,,,0.007625929996720515,0.0013551160462270673,0.00022260998957790434,0.8667966799985152,0.0715547993863197,0.009559468991938047,0.1297351310204249,0.01292829654931893,0,0,0,0,,,,,1,0.1171875,0,30
111,45506.424954883,1787559051.7761488,0.22265625,6.938893903907228e-18,445.1978061199188,0.14679837226867676,1,-0.8571428656578064,0.34375,0.6344202160835266,0.0016312297666445374,1.0018692016601562,0.98583984375,0.9722042083740234,0,0,0.014295672066509724,0.0009670192375779152,1.0009675025939941,0.21984541416168213,0.0026338957250118256,0.0026388138066977262,0.014278905466198921,0.0009670192375779152,1,1,0.0009670192375779152,1,7.6875,2138.0625,0.014278904941066909,0.03125,0,32309.0625,0,24.17536090136995,0.003461624369534178,0.6721031347401982,86809.375,0.9646357653682971,31153.53125,3.412146154558286,0.726665631139727,93891.625,0.9886291331643429,31937.21875,0.5349138583987951,0.01897007278037217,0.5541777260472429,71611.21875,0.9451588804018447,30571.21875,6.807603478431702,1.8125,0,2.794055907081211,0.145724210848737,0,24.11593887547919,0.0033837822554952804,,,,,,,,,,,,,,,,0.2265625,7253,8192,3762.89453125,4727.24609375,541,541,4096,4096,4096,39.02778007100278,10.5121919230005,,,,,,,,,1,-1,0.26122747925585343,0,0,1,,,,,,7.956521987915039,0.026806695386767387,0.9282732009887695,0.009287371300160885,0.9984478950500488,,,,,,,,,,,,,0.007190370000898838,0.0012360743360204651,0.00018038898997474462,1.1208490550052375,0.07399765991812046,0.003372999999555759,0.03333446699252818,0.011601136155775293,0.0006946600042283535,0,0,0,,,,,1,0.22265625,0,57
112,46005.050260127,1787559546.4694438,0.14453125,8.673617379884035e-18,481.85645818710327,0.11935223639011383,1,-1,0.28125,0.6466732025146484,0.001362005714327097,1.0027551651000977,0.9857861995697021,0.9709386825561523,0,0,0.014355503022670746,0.000788529054261744,1.0007888078689575,0.13419881463050842,-0.019573312252759933,-0.019292207434773445,0.01433124765753746,0.000788529054261744,1,1,0.000788529054261744,1,7.5625,2013.65625,0.014331247987869193,0.03125,0,30103.15625,0,24.805212800717463,0.003781467397918496,0.6712570118304071,80853.09375,0.9643973412640083,29034.03125,3.1450222509447485,0.7276559915542853,87577.71875,0.9888979035572063,29767.09375,0.528807869181037,0.018371335044355987,0.5565865658537985,67212.4375,0.9463673055060935,28564.0625,6.769352436065674,0.8125,0,3.001930396301315,0.17452397400010583,0,23.18182663869826,0.003193722289709617,,,,,,,,,,,,,,,,0.3515625,8192,8192,4138.68359375,5179.09375,481,481,4096,4096,4096,44.65221523899527,11.446094137005275,,,,,,,,,1,-1,0.2754865825096699,0,0,1,,,,,,9.298624038696289,0.02643272466957569,0.8553637266159058,0.009130671620368958,0.998484194278717,,,,,,,,,,,,,0.010149438996450044,0.0014266060193222074,0.00020049000158905983,1.0791401130118174,0.07961113947698095,0.0034159500064561144,0.03589385500526987,0.012483343917722323,0,0,0,0,,,,,1,0.14453125,0,37
113,46514.062932559,1787560046.6427884,0.1796875,4.336808689942018e-18,485.79229712486267,0.12900203466415405,1,-1,0.34375,0.6398583650588989,0.001360260765068233,1.0017166137695312,0.9868469834327698,0.9750986099243164,0,0,0.01327545940876007,0.0007810783572494984,1.0007814168930054,0.23017847537994385,0.0060675060376524925,0.005964911077171564,0.01325426995754242,0.0007810783572494984,1,1,0.0007810783572494984,1,7.59375,2171.375,0.013254269331097555,0.03125,0,33109.46875,0,25.84617641735195,0.006729824454455532,0.6714534813120989,88876.5,0.963706205558541,31892.09375,2.960717051755637,0.7273319269516806,96296.90625,0.9884841251848708,32722.0625,0.5618573576211929,0.016005067737265934,0.5543866169702651,73452.5625,0.9454384062617418,31343.53125,6.718122124671936,1.0625,0,2.3285595830330097,0.20432992751667384,0,25.134512949509222,0.006323773163853965,,,,,,,,,,,,,,,,0.34765625,8192,8192,4241.5390625,5299.68359375,709,709,4096,4096,4096,44.30145110099693,9.600409835999017,,,,,,,,,1,-1,0.2923340275668732,0,0,1,,,,,,9.40984058380127,0.026607265695929527,0.9698262214660645,0.009187126532196999,0.9984657764434814,,,,,,,,,,,,,0.010401619001640938,0.0013702054441750988,0.00022304999583866447,0.8775103730004048,0.07065643261336163,0.005737830011639744,0.03440520701406058,0.01254249007524777,0,0,0,0,,,,,1,0.1796875,0,46
114,46995.365772064,1787560555.6171114,0.19140625,1.5612511283791264e-17,494.4507210254669,0.15161722898483276,1,-1,0.40625,0.6461817026138306,0.0016046399250626564,1.0028800964355469,0.9875504970550537,0.9718503952026367,0,0,0.012593118473887444,0.0008840076625347137,1.0008844137191772,0.2609248757362366,0.005086755380034447,0.005141335539519787,0.012542475014925003,0.0008840076625347137,1,1,0.0008840076625347137,1,7.5,2177.59375,0.012542475148770464,0.03125,0,33932.3125,0,38.76139091447483,0.00463599119623835,0.6724320743524912,91231.46875,0.9651024194404251,32734.34375,3.244737004959461,0.7292501738020576,98958.90625,0.9896738809488796,33576.65625,0.5078417062759399,0.015102425160176047,0.5531798423394354,75203.5,0.9430023788629824,32053.125,6.442880749702454,1.0625,0,2.7310216819745152,0.2094154033164344,0,41.7796064121614,0.004195829560802871,,,,,,,,,,,,,,,,0.39453125,7913,8192,4532.85546875,5628.51953125,604,604,4096,4096,4096,43.94370632900973,11.359402087007766,,,,,,,,,1,-1,0.2934227986634818,0,0,1,,,,,,5.8885111808776855,0.026033686473965645,0.9464676976203918,0.009050244465470314,0.9985178709030151,,,,,,,,,,,,,0.010777079995023087,0.0014206326718522178,0.0002293599973199889,1.0742951589927543,0.08273724153110606,0.008388179005123675,0.03571535700757522,0.013391133854213422,0.0007034199952613562,0,0,0,,,,,1,0.19140625,0,49
115,47475.522072305,1787561034.7380135,0.09765625,3.686287386450715e-18,466.9799642562866,0.15068234503269196,1,-1,0.40625,0.6252952814102173,0.0016303020529448986,0.9999270439147949,0.986450731754303,0.9715466499328613,0,0,0.013652723282575607,0.0008201455930247903,1.000820517539978,0.2596113085746765,0.015402300283312798,0.015222487039864063,0.013652723282575607,0.0008201455930247903,1,1,0.0008201455930247903,1,7.53125,2447.6875,0.013652723372719078,0.03125,0,36262.84375,0,59.19026600056405,0.0035315808268945497,0.6693762776527761,97064.53125,0.9600733227208513,34802.15625,2.2308232377981767,0.7255604557177427,105240.40625,0.9850136581339684,35711.40625,0.5538962669670582,0.01565920738007192,0.5534596162108978,80287.09375,0.9436257161895173,34229.0625,6.623849451541901,0.9375,0,2.4537472597230634,0.19861158385613248,0,58.93816380857055,0.003555936855158935,,,,,,,,,,,,,,,,0.28515625,8192,8192,3778.8515625,4836.25,589,589,4096,4096,4096,41.324865405011224,11.211852137988899,,,,,,,,,1,-0.7142857142857143,0.23007319154866296,0,0,1,,,,,,8.947409629821777,0.026823511347174644,0.8897339105606079,0.009246229194104671,0.9984976053237915,,,,,,,,,,,,,0.005689229001291096,0.001232552222177219,0.00022369000362232327,0.859020475007128,0.07938977577668993,0.004508849000558257,0.038503856005263515,0.011237681628188056,0,0,0,0,,,,,1,0.09765625,0,25
116,47948.85976549,1787561516.3766747,0.109375,8.673617379884035e-19,468.0283260345459,0.09151457995176315,1,-0.7142857313156128,0.21875,0.6612651348114014,0.0011764561058953404,1.0016679763793945,0.9882628917694092,0.9726519584655762,0,0,0.01185045950114727,0.0005542812868952751,1.0005544424057007,0.1449548304080963,0.004128322936594486,0.00408224668353796,0.011823528446257114,0.0005542812868952751,1,1,0.0005542812868952751,1,7.53125,1933.96875,0.011823528511520997,0.03125,0,30230.8125,0,42.117298827523676,0.05212898484677156,0.6754523987291554,81696.3125,0.9684565518054014,29272.0625,2.27094679325819,0.7283165780796379,88069.03125,0.990376380269564,29939.875,0.5228613130748272,0.013104694744982708,0.5554098550117189,67454.5,0.9465447918952421,28704.5,5.360662519931793,0.875,0,3.1394630591276806,0.2921261902671629,0,46.84629186597369,0.05437110063088817,,,,,,,,,,,,,,,,0.296875,7496,8192,4052.7421875,5243.140625,930,930,4096,4096,4096,44.1437233829929,9.000777744993684,,,,,,,,,1,-0.8571428571428571,0.23145502494313785,0,0,1,,,,,,5.987937927246094,0.02678687497973442,0.8802810907363892,0.009234180673956871,0.9985442757606506,,,,,,,,,,,,,0.007434858998749405,0.0014445053482745607,0.0002487500023562461,0.8639928089978639,0.07357668392535288,0.006553049999638461,0.03493181802332401,0.01239729493613595,0.0010692590003600344,0,0,0,,,,,1,0.109375,0,28
117,48440.786603467,1787561989.560513,0.26171875,1.0408340855860843e-17,459.61331844329834,0.09770524501800537,1,-0.8571428656578064,0.21875,0.6496833562850952,0.0009842903818935156,1.0012989044189453,0.9871618747711182,0.9776325225830078,0,0,0.01293378509581089,0.00047214655205607414,1.0004723072052002,0.1353132426738739,-0.005074919667094946,-0.005071721971035004,0.012928785756230354,0.00047214655205607414,1,1,0.00047214655205607414,1,7.5,2171.78125,0.012928785991706172,0.03125,0,32421.9375,0,27.94750311935836,0.009247979537518651,0.6759372431482098,87612.6875,0.9688549171776215,31403.75,2.47152959019877,0.7283416498463201,94454.03125,0.9907145086044331,32119.5625,0.5173842553049326,0.01470437361963349,0.5635011321011267,73013.53125,0.9540406095235382,30952.96875,6.03855174779892,0.71875,0,2.366581426991705,0.2066739453941554,0,27.54714317454542,0.008176414736817128,,,,,,,,,,,,,,,,0.2890625,7526,8192,3811.08984375,4706.64453125,574,574,4096,4096,4096,38.2495528349973,10.435434811995947,,,,,,,,,1,-1,0.38215954569701244,0,0,1,,,,,,5.432316303253174,0.026611456647515297,0.9084005355834961,0.009248289279639721,0.9985033869743347,,,,,,,,,,,,,0.00944025898934342,0.0012466696522324128,0.00026169999910052866,0.9510965650115395,0.07390651759783395,0.0035883599921362475,0.03883205899910536,0.012242381449880213,0.0006926300120539963,0,0,0,,,,,1,0.26171875,0,67
118,48928.880287007,1787562481.4587002,0.171875,1.0408340855860843e-17,478.44767117500305,0.2602366805076599,1,-1,0.5625,0.6480457782745361,0.002357685239985585,1.0016441345214844,0.9873929023742676,0.9673576354980469,0,0,0.01272194366902113,0.001481557497754693,1.0014827251434326,0.3536291718482971,0.02827690914273262,0.02793097123503685,0.012700594961643219,0.001481557497754693,1,1,0.001481557497754693,1,7.375,2076.1875,0.01270059436328689,0.03125,0,30488.71875,0,52.54731558995116,0.019097473889347225,0.6740482288829246,82197.09375,0.9658628599423812,29450.125,1.8663836900377646,0.7275731675944896,88719.78125,0.988579781548715,30143.375,0.5256592240184546,0.01446318936832119,0.5576945112032237,68129.15625,0.947833838017357,28969.71875,5.618411123752594,0.71875,0,2.209470463871617,0.2810753809499694,0,46.56029239131085,0.02128291191193109,,,,,,,,,,,,,,,,0.34765625,8192,8192,3942.58203125,5173.4375,583,583,4096,4096,4096,41.53317747199617,10.193473606006592,,,,,,,,,1,-1,0.29666513796135985,0,0,1,,,,,,7.846728324890137,0.02635064534842968,0.9037579298019409,0.009175927378237247,0.998492419719696,,,,,,,,,,,,,0.010610028999508359,0.0014605279176862496,0.0002238710003439337,0.8727945179998642,0.07895718631641557,0.007496218997403048,0.03796069802774582,0.014345102208551452,0,0,0,0,,,,,1,0.171875,0,44
119,49405.085942933,1787562969.4005125,0.125,3.469446951953614e-18,474.62732124328613,0.1620366871356964,1,-1,0.34375,0.6405798196792603,0.0017629528883844614,1.0008525848388672,0.9864380359649658,0.9716305732727051,0,0,0.013669062405824661,0.0009948095539584756,1.000995397567749,0.17157456278800964,0.0012865518219769,0.0013922518119215965,0.013664577156305313,0.0009948095539584756,1,1,0.0009948095539584756,1,7.5,2190.84375,0.013664577295661822,0.03125,0,31540.65625,0,36.27526752874972,0.010968586235853811,0.673910580319224,85014.03125,0.9672045976763908,30503.3125,2.3666111156344414,0.7285201935417522,91912.28125,0.9904409768285898,31240.15625,0.5396587271243334,0.015450253120553568,0.5606629348562923,70756.40625,0.9526257725461114,30067.15625,6.1213990449905396,0.8125,0,2.465180485492657,0.2520902950762136,0,36.22396008969722,0.008291195058763462,,,,,,,,,,,,,,,,0.31640625,7542,8192,4005.96484375,5215.9296875,587,587,4096,4096,4096,43.50588426900504,10.337771477003116,,,,,,,,,1,-0.8571428571428571,0.2286830084797446,0,0,1,,,,,,5.501972198486328,0.026112964376807213,0.8798195719718933,0.009139470756053925,0.9984819889068604,,,,,,,,,,,,,0.008857640001224354,0.0014490481766529228,0.00021711998851969838,0.8816775570012396,0.06649614807770377,0.006142179991002195,0.04120811901520938,0.015588632040987704,0.0005573600064963102,0,0,0,,,,,1,0.125,0,32
120,49879.893803898,1787563446.6912696,0.14453125,1.0408340855860843e-17,462.95270681381226,0.09001421183347702,1,-0.8571428656578064,0.21875,0.629792332649231,0.0013302536681294441,1.0021495819091797,0.9857199192047119,0.9677996635437012,0,0,0.014428545720875263,0.0005878225201740861,1.0005879402160645,0.13173097372055054,0.010029761120676994,0.009877263568341732,0.01439754106104374,0.0005878225201740861,1,1,0.0005878225201740861,1,7.375,2320.0625,0.014397540847566892,0.03125,0,32047.71875,0,41.43079608552179,0.029012091563254946,0.671298937050104,86036.65625,0.9639933652773346,30883.46875,2.4359164393972605,0.7252073585296747,92957.0625,0.9871555153018694,31629.84375,0.5245032627135515,0.01598893844031493,0.5610590393651862,71924.25,0.9511709059701481,30520.53125,6.0090250968933105,0.625,0,2.1816472118164447,0.19409132245384283,0,41.02353808607518,0.030273204547404217,,,,,,,,,,,,,,,,0.22265625,8192,8192,3489.0546875,4587.625,413,413,4096,4096,4096,40.206288614994264,10.458627697997144,,,,,,,,,1,-1,0.28682818578944663,0,0,1,,,,,,5.821804523468018,0.026652412489056587,0.9209349155426025,0.00932116899639368,0.9984968304634094,,,,,,,,,,,,,0.010125788990990259,0.0014305118866673183,0.0002280999906361103,0.8604660260025412,0.08502625129693797,0.008390839997446164,0.048349713964853436,0.014279240794621728,0,0,0,0,,,,,1,0.14453125,0,37
121,50346.325873305,1787563921.7075818,0.15234375,7.806255641895632e-18,460.24142503738403,0.1462608128786087,1,-1,0.375,0.6450861692428589,0.002240980975329876,1.0011930465698242,0.9855926632881165,0.9734477996826172,0,0,0.014530934393405914,0.0008579408749938011,1.0008583068847656,0.22236546874046326,0.005310847423970699,0.005200951360166073,0.014525866135954857,0.0008579408749938011,1,1,0.0008579408749938011,1,7.34375,2039.875,0.014525865600366117,0.03125,0,27912.4375,0,40.16686707408752,0.013686565733615326,0.6718979023266565,75010.46875,0.9656622182864155,26952,2.013378773117438,0.727617892958929,81217,0.9890690570766072,27604.65625,0.5187950171530247,0.015700279302351235,0.5622261181216563,62740.25,0.9501873636437455,26549.09375,5.717230260372162,0.46875,0,2.1045999434159834,0.25633125866363693,0,40.07138802846536,0.013364278867856693,,,,,,,,,,,,,,,,0.1796875,8192,8192,3409.5078125,4598.984375,432,432,4096,4096,4096,37.98924550200172,11.305219463989488,,,,,,,,,1,-1,0.30618621784789724,0,0,1,,,,,,5.708130359649658,0.027354618534445763,0.8895429372787476,0.009590620175004005,0.9984276294708252,,,,,,,,,,,,,0.010535288995015435,0.0015204014691221346,0.0002568500058259815,1.0900880390108796,0.07877197448868856,0.003276260002166964,0.13065961097890977,0.015789637425029923,0,0,0,0,,,,,1,0.15234375,0,39
122,50770.700121723,1787564387.512492,0.109375,6.071532165918825e-18,451.6073696613312,0.16483190655708313,1,-1,0.40625,0.6484907269477844,0.0021506540942937136,1.001755714416504,0.98481285572052,0.97076416015625,0,0,0.015341568738222122,0.001189808244816959,1.0011905431747437,0.24799977242946625,0.00033600907772779465,0.0003753823693841696,0.01531893853098154,0.001189808244816959,1,1,0.001189808244816959,1,7.46875,2086.625,0.015318939050967977,0.03125,0,27276.0625,0,24.36533344165665,0.00852328462048994,0.6717810576458374,73282.15625,0.965288807829786,26322.5625,1.908001767238602,0.7267507817068932,79282.53125,0.9886583067175932,26962.375,0.5225477311760187,0.016251618371355084,0.5660394959166593,61839.625,0.950562876493082,25963.84375,5.877390146255493,0.8125,0,2.712874253410946,0.26149085141949274,0,24.458986771531464,0.007975491403568697,,,,,,,,,,,,,,,,0.1796875,8192,8192,3067.8828125,4148.52734375,405,405,4096,4096,4096,35.88927015400259,11.406562987001962,,,,,,,,,1,-0.8571428571428571,0.2923340275668732,0,0,1,,,,,,4.939289093017578,0.02779087983071804,0.8467949628829956,0.009737910702824593,0.9983965754508972,,,,,,,,,,,,,0.006904939000378363,0.0013557188711388335,0.00019550899742171168,1.1060000060097082,0.08967330767603698,0.005423908994998783,0.1293416810076451,0.014886476871197374,0,0,0,0,,,,,1,0.109375,0,28
123,51178.543214127,1787564811.4089863,0.03515625,1.734723475976807e-18,410.1102771759033,0.1490674465894699,1,-0.8571428656578064,0.375,0.6557033061981201,0.0021658092737197876,1.0015316009521484,0.9841263890266418,0.9611005783081055,0,0,0.016022231429815292,0.0010994154727086425,1.0011000633239746,0.27424323558807373,0.011238692328333855,0.011046289466321468,0.016018256545066833,0.0010994154727086425,1,1,0.0010994154727086425,1,7.375,1972,0.01601825686313022,0.03125,0,24543.0625,0,34.09260458117277,0.032576592535393224,0.6664276907476143,65413.875,0.9596469548969819,23543.5625,1.8617209477815777,0.7256580918723279,71251.4375,0.9857435137358435,24191.34375,0.5187563076615334,0.01714209396635451,0.5633733329424904,55416.21875,0.9433501213828701,23174.5625,5.851703107357025,0.65625,0,2.232269404983957,0.2449281198846421,0,29.366257121798924,0.033643266464084685,,,,,,,,,,,,,,,,0.13671875,6572,8192,2944.15234375,4230.96875,346,346,4096,4096,4096,34.97175794299983,10.77761059399927,,,,,,,,,1,-0.42857142857142855,0.1803483024707514,0,0,1,,,,,,6.0256428718566895,0.028718335554003716,0.8552683591842651,0.010060721077024937,0.9983450770378113,,,,,,,,,,,,,0.010885009003686719,0.0015640430275425388,0.00022672000341117382,1.1747803210018901,0.08722785145374701,0.006277920008869842,0.04851247402257286,0.015858606776248507,0.0006434600072680041,0,0,0,,,,,1,0.03515625,0,9
124,51593.118192601,1787565219.9513156,0.0703125,3.0357660829594124e-18,394.34240531921387,0.053433410823345184,1,-0.4285714328289032,0.15625,0.6655051708221436,0.001391692436300218,1.0006837844848633,0.9838539361953735,0.9693756103515625,0,0,0.016296740621328354,0.00043097371235489845,1.0004310607910156,0.12725436687469482,0.008800433948636055,0.008679856546223164,0.016293086111545563,0.00043097371235489845,1,1,0.00043097371235489845,1,7.53125,1992.71875,0.01629308548823005,0.03125,0,23553.21875,0,34.071461295603015,0.010186595962877201,0.6699785308460318,63098.21875,0.9634744836377678,22685.65625,1.8528619264252484,0.7261907701267127,68411.125,0.9869958511579233,23244.09375,0.5658406838774681,0.018177251167651023,0.5720043390806382,53987.40625,0.9501873198223368,22413.375,5.677979290485382,0.78125,0,2.7255071908016095,0.3029850513798793,0,32.65144654116275,0.009832331147358146,,,,,,,,,,,,,,,,0.10546875,6451,8192,2677.71875,3772.68359375,407,407,4096,4096,4096,31.723931882996112,10.426336730000912,,,,,,,,,1,-0.7142857142857143,0.21724151893922217,0,0,1,,,,,,3.9000563621520996,0.02939520590007305,0.9151427745819092,0.010283867828547955,0.99831223487854,,,,,,,,,,,,,0.018544838996604085,0.0014305601648061383,0.00018662000366020948,0.9003745120135136,0.08280459321076705,0.006763769997633062,0.04711349502031226,0.01497511282417463,0.0006778499955544248,0,0,0,,,,,1,0.0703125,0,18
125,52029.099914973,1787565633.6601174,0.04296875,3.0357660829594124e-18,400.14298486709595,0.0836694985628128,1,-0.7142857313156128,0.1875,0.6618986129760742,0.0016232735943049192,1.0031681060791016,0.9833511710166931,0.9552063941955566,0,0,0.01685917004942894,0.0007055720780044794,1.0007058382034302,0.11657601594924927,0.0004944411339238286,0.00046428944915533066,0.016811570152640343,0.0007055720780044794,1,1,0.0007055720780044794,1,7.34375,1924.15625,0.01681156978169717,0.03125,0,21421.75,0,25.09843771634968,0.03577261379290959,0.6685243161911941,57303.0625,0.9625350350718357,20623.15625,1.810477914463263,0.7240002343161303,62032.96875,0.9855819719191369,21113.71875,0.5618445407599211,0.018651244638473494,0.5704530473912991,49207.90625,0.9472686206360468,20355.5,5.708390176296234,0.53125,0,2.593398500304873,0.26412065103393695,0,21.185982580003465,0.03802702925243441,,,,,,,,,,,,,,,,0.15625,5990,8192,2869.0625,4405.18359375,292,292,4096,4096,4096,36.53749335100292,11.1267354790034,,,,,,,,,1,-0.42857142857142855,0.20671137326411115,0,0,1,,,,,,4.928952217102051,0.02934739552438259,0.7878923416137695,0.010312974452972412,0.9983344674110413,,,,,,,,,,,,,0.01129489901359193,0.0013240635121860578,0.00020491999748628587,1.1157705830119085,0.08575013789067043,0.007283019003807567,0.04209174400602933,0.01738598374350886,0.0006796599918743595,0,0,0,,,,,1,0.04296875,0,11
126,52419.104082573,1787566069.071643,0.1015625,5.204170427930421e-18,422.6639440059662,0.0800260528922081,1,-0.4285714328289032,0.21875,0.6538591384887695,0.0013503776863217354,1.0044441223144531,0.9830359220504761,0.9707498550415039,0,0,0.017196590080857277,0.0006044438341632485,1.0006046295166016,0.1679278314113617,-0.008948389440774918,-0.00875638797879219,0.01712759956717491,0.0006044438341632485,1,1,0.0006044438341632485,1,7.4375,2119.71875,0.017127598897513578,0.03125,0,22952.5,0,19.77628036179074,0.03456300412630829,0.6667535206851958,61221.25,0.9618220156515132,22073.9375,1.5203574819024652,0.7249375509542894,66540.875,0.9859361246999858,22627.65625,0.5156156271696091,0.01858160134088311,0.5721395422676514,52844.71875,0.9477431172658157,21803.03125,5.2137123346328735,0.59375,0,2.220126084522699,0.355406690571892,0,20.256227629915923,0.03509844266618796,,,,,,,,,,,,,,,,0.08984375,7542,8192,2712.6328125,4051.02734375,290,290,4096,4096,4096,35.970155632996466,10.215920299990103,,,,,,,,,1,-0.8571428571428571,0.2743266338524503,0,0,1,,,,,,8.161498069763184,0.028827812522649765,0.9442346692085266,0.010167528875172138,0.9982982873916626,,,,,,,,,,,,,0.00960788999509532,0.001496790460862485,0.00018925999756902456,1.0786053360061487,0.07819431327772008,0.00740748000680469,0.1628403270151466,0.017880079516828573,0.00043941999319940805,0,0,0,,,,,1,0.1015625,0,26
127,52811.990750175,1787566458.9636164,0.078125,3.903127820947816e-18,377.26081442832947,0.13303905725479126,1,-0.8571428656578064,0.34375,0.6386133432388306,0.002592407399788499,1.0025768280029297,0.9813944101333618,0.9683566093444824,0,0,0.018827278167009354,0.0012121720938012004,1.0012129545211792,0.2414458841085434,0.003425858449190855,0.0033910777419805527,0.018803970888257027,0.0012121720938012004,1,1,0.0012121720938012004,1,7.46875,2036.15625,0.018803970225930625,0.03125,0,21701.0625,0,163.18485981157073,0.009580018814364533,0.6596766648424346,57291.1875,0.9529142094728118,20686.6875,1.5438987106317654,0.7215648040054239,62646.78125,0.9805385291719441,21284.46875,0.531580489128828,0.020948899987148065,0.5657572969252819,49406.5625,0.9397195633410346,20446.25,5.935585677623749,0.875,0,2.5255639157074876,0.3557329300016795,0,192.78452285061337,0.009619008217511122,,,,,,,,,,,,,,,,0.09765625,5480,8192,2627.515625,3931.61328125,380,380,4096,4096,4096,35.99470277999353,9.649140021007042,,,,,,,,,1,-0.7142857142857143,0.23957871187497748,0,0,1,,,,,,5.892940044403076,0.029104745015501976,0.8872550129890442,0.010306387208402157,0.9982978701591492,,,,,,,,,,,,,0.006699549994664267,0.0014401753369384096,0.00019561999943107367,0.8672021820093505,0.07859617702320065,0.0020444100082386285,0.04736419404798653,0.01688253544472218,0.0008710190013516694,0,0,0,,,,,1,0.078125,0,20
128,53263.064744768,1787566853.3872929,0.08203125,1.734723475976807e-18,380.300089597702,0.09692314267158508,1,-0.7142857313156128,0.25,0.6477886438369751,0.0016046346863731742,1.0037641525268555,0.9833548069000244,0.967402458190918,0,0,0.016896339133381844,0.000729922903701663,1.0007301568984985,0.16889958083629608,-0.003390271682292223,-0.0034075870644301176,0.016807502135634422,0.000729922903701663,1,1,0.000729922903701663,1,7.34375,1920.90625,0.016807501812561236,0.03125,0,21020.125,0,20.009805626029532,0.015827693686139767,0.6626769091605811,55704,0.9583168872854129,20131.25,1.3072697411407717,0.7229056740854096,60769.78125,0.9841973289810189,20682.71875,0.5081257000565529,0.018971630343134795,0.5684913797024453,48130.375,0.9440794720996462,19898.53125,5.459411919116974,0.59375,0,2.277751723828601,0.3791157504989418,0,20.97234266270191,0.015431280452594178,,,,,,,,,,,,,,,,0.10546875,5882,8192,2615.37109375,3788.421875,400,400,4096,4096,4096,32.545734580999124,9.552545149010257,,,,,,,,,1,-1,0.23007319154866296,0,0,1,,,,,,3.546142101287842,0.029443787410855293,0.7149790525436401,0.010414264164865017,0.9983104467391968,,,,,,,,,,,,,0.12420536098943558,0.0018961852308052585,0.00021198901231400669,0.8493095229932806,0.07566058747664783,0.007777810009429231,0.13804014900233597,0.015995781000469833,0.000699930009432137,0,0,0,,,,,1,0.08203125,0,21
129,53689.927866976,1787567302.9175613,0.09375,5.204170427930421e-18,436.69121980667114,0.09875515103340149,1,-1,0.25,0.6501607894897461,0.0015689164865761995,1.0035085678100586,0.983100950717926,0.9653835296630859,0,0,0.01710115745663643,0.0006835320964455605,1.0006837844848633,0.17670735716819763,0.00995703600347042,0.009880750440061092,0.017064008861780167,0.0006835320964455605,1,1,0.0006835320964455605,1,7.25,1923.4375,0.017064009475234822,0.03125,0,20922.96875,0,34.51415422716619,0.009400832703060746,0.6622313547740618,55402.3125,0.9586028714107331,20055.03125,1.2035941146314144,0.7229262677542881,60486.1875,0.9846854787618907,20600.375,0.5097602345049381,0.01913445793239813,0.5715082041260847,48009.375,0.9469979190588029,19840.40625,5.661367654800415,0.25,0,1.8685413795573274,0.38127082350791985,0,34.60850772673137,0.008268982783478119,,,,,,,,,,,,,,,,0.08203125,8192,8192,2858.484375,4010.49609375,375,375,4096,4096,4096,35.53247142699547,10.983499456997379,,,,,,,,,1,-0.8571428571428571,0.24743582965269675,0,0,1,,,,,,4.709187030792236,0.02943233773112297,0.8535993099212646,0.010451390407979488,0.9982935190200806,,,,,,,,,,,,,0.008284219991764985,0.0014508350857340702,0.00022873100533615798,1.0697944159910548,0.08289020007862291,0.008346429007360712,0.14498366799671203,0.016296556874294765,0,0,0,0,,,,,1,0.09375,0,24
130,54118.339980398,1787567732.1235588,0.08203125,5.204170427930421e-18,414.2420425415039,0.11919468641281128,1,-0.8571428656578064,0.3125,0.6524361371994019,0.0016624713316559792,1.0030813217163086,0.9840589761734009,0.9690384864807129,0,0,0.016115443781018257,0.0006080742459744215,1.0006083250045776,0.21771615743637085,0.007150852121412754,0.006952294148504734,0.01608811505138874,0.0006080742459744215,1,1,0.0006080742459744215,1,7.25,2012.90625,0.01608811480782093,0.03125,0,22867.875,0,27.833408462233784,0.010577597106611018,0.6621094525722211,60559.53125,0.9590274938393981,21931.75,1.4244121760129929,0.7227817550648803,66091.25,0.9847369219520052,22516.5625,0.5133953429758549,0.01806855276617678,0.5705392196369197,52397.15625,0.9468410588457312,21685.15625,5.218288958072662,0.34375,0,2.0173630950309254,0.37559464459560005,0,28.90727333528926,0.010586347144130832,,,,,,,,,,,,,,,,0.16796875,6259,8192,3106.953125,4443.15625,411,411,4096,4096,4096,36.94255454299855,9.480803946004016,,,,,,,,,1,-1,0.2187044413199266,0,0,1,,,,,,11.177875518798828,0.029628770425915718,0.8307497501373291,0.01052023284137249,0.99826979637146,,,,,,,,,,,,,0.009378179005580023,0.0013835345314987535,0.00020290000247769058,0.8608409209991805,0.07260997652781498,0.005055360001279041,0.04588392598088831,0.016161420817070393,0.0007343299948843196,0,0,0,,,,,1,0.08203125,0,21
131,54578.663299717,1787568160.1291404,0.09765625,5.204170427930421e-18,413.2403783798218,0.08654242753982544,1,-1,0.21875,0.6523267030715942,0.0017962247366085649,1.0033540725708008,0.9835931062698364,0.9661946296691895,0,0,0.01658479869365692,0.0006682095117866993,1.0006684064865112,0.13213244080543518,-0.0011795624159276485,-0.0010710444767028093,0.016561493277549744,0.0006682095117866993,1,1,0.0006682095117866993,1,7.15625,2218.6875,0.016561492248311348,0.03125,0,24855.625,0,76.42476155882895,0.009620790823975376,0.662870941739055,65858.34375,0.9608292270705212,23876.03125,1.3292785817757249,0.7221815359006065,71797,0.985590147646082,24494.6875,0.5031040366739035,0.01912759934717604,0.5727620053339488,57175.625,0.9495475881691456,23633.1875,5.7822524309158325,0.28125,0,1.8564244376488899,0.39900574924572463,0,66.19544577710145,0.00926727916544607,,,,,,,,,,,,,,,,0.19921875,6369,8192,3113.65625,4412.38671875,454,454,4096,4096,4096,38.98804192201351,11.817519657997764,,,,,,,,,1,-0.7142857142857143,0.2512722728476837,0,0,1,,,,,,4.683434963226318,0.030119948089122772,0.9792686104774475,0.010655321180820465,0.9982855916023254,,,,,,,,,,,,,0.007460768989403732,0.0013977250472976266,0.00020369001140352339,1.1134532199939713,0.08731231617980484,0.006065819994546473,0.13181653899664525,0.015995597709206777,0.0006199999916134402,0,0,0,,,,,1,0.09765625,0,25
132,55060.144051537,1787568618.4264588,0.11328125,3.469446951953614e-18,445.5437753200531,0.11631882190704346,1,-0.7142857313156128,0.25,0.6721323728561401,0.001581911463290453,1.0030899047851562,0.9850910902023315,0.9711904525756836,0,0,0.015054941177368164,0.0006902914028614759,1.0006905794143677,0.16170567274093628,0.012195159681141376,0.012085971422493458,0.01503678597509861,0.0006902914028614759,1,1,0.0006902914028614759,1,7.3125,2125.1875,0.015036785965386042,0.03125,0,24909.25,0,25.716395108018258,0.015081320984287029,0.6659917189191196,66334.8125,0.96469999378528,24024.875,1.0918512236094102,0.7240362513636729,72126.21875,0.9883696166533585,24617,0.5527030304074287,0.016519003159460074,0.5758787982416788,57562.9375,0.9532000235093535,23780.3125,5.251428186893463,0.5,0,2.1042521978702213,0.4435945721085671,0,25.513912254335636,0.015183127489300528,,,,,,,,,,,,,,,,0.2109375,7098,8192,3404.44921875,4673.2578125,446,446,4096,4096,4096,40.013544897999964,11.326625753004919,,,,,,,,,1,-0.8571428571428571,0.2355518921120164,0,0,1,,,,,,3.209780216217041,0.03024158626794815,0.6232137680053711,0.010707460343837738,0.9982844591140747,,,,,,,,,,,,,0.008763578996877186,0.0015451891843554222,0.00017149100312963128,1.0974865210009739,0.08406967984376479,0.010517379007069394,0.13942058800603263,0.016189144802581268,0.0007205299916677177,0,0,0,,,,,1,0.11328125,0,29
133,55535.742230748,1787569100.2190402,0.0390625,8.673617379884035e-19,468.7364933490753,0.09849429130554199,1,-0.8571428656578064,0.25,0.6713088154792786,0.0016267690807580948,1.004354476928711,0.9848361015319824,0.9695448875427246,0,0,0.015313010662794113,0.0006569596007466316,1.0006572008132935,0.16648408770561218,0.002804722171276808,0.002706192433834076,0.015293606556952,0.0006569596007466316,1,1,0.0006569596007466316,1,7.1875,2316.9375,0.01529360686728886,0.03125,0,27235.59375,0,18.889181340641112,0.014269969145256989,0.665737947137655,72478.5,0.9651384169169819,26273.96875,1.1572293639183044,0.7238889538720494,78851.25,0.9883691288155088,26913.40625,0.49796875566244125,0.016432200322317875,0.5770397098755028,62999.6875,0.9541955657217192,26004.5,5.631155550479889,0.3125,0,2.091907962188266,0.38522354615825005,0,16.730066318305827,0.015129751278208472,,,,,,,,,,,,,,,,0.296875,8192,8192,3599.66796875,4875.71484375,385,385,4096,4096,4096,42.67647940000461,9.47659666299296,,,,,,,,,1,-0.8571428571428571,0.15567496226930977,0,0,1,,,,,,2.5950958728790283,0.030558843165636063,0.4792666435241699,0.01084874663501978,0.998291015625,,,,,,,,,,,,,0.010661540000000969,0.0013095946677026404,0.00021283999376464635,1.0747611529950518,0.08096853183985786,0.005919429997447878,0.044676387013169006,0.015294709309046084,0,0,0,0,,,,,1,0.0390625,0,10
134,56034.913493561,1787569575.8085434,0.11328125,6.938893903907228e-18,462.5013244152069,0.04025688022375107,1,-0.8571428656578064,0.125,0.6829697489738464,0.0011771244462579489,1.002161979675293,0.9860761761665344,0.9700474739074707,0,0,0.01406350638717413,0.0003264154074713588,1.00032639503479,0.08296601474285126,-0.0009079414885491133,-0.0008647078648209572,0.01403533574193716,0.0003264154074713588,1,1,0.0003264154074713588,1,7.21875,2335,0.014035336023108656,0.03125,0,28797.34375,0,21.25024261574374,0.015854218804721598,0.6683831956667446,76976.5625,0.9682829196119883,27876.21875,1.052514668321237,0.7245395816608635,83438.125,0.9899373640434128,28503.03125,0.5019866451621056,0.014914517060019786,0.5782597508020468,66910.65625,0.9563526523351634,27581.40625,5.068728446960449,0.25,0,1.947136872819012,0.4154774555973899,0,20.31490434873093,0.015362274494262303,,,,,,,,,,,,,,,,0.21875,6998,8192,3817.625,5107.85546875,492,492,4096,4096,4096,42.98061601999507,9.65091628000664,,,,,,,,,1,-1,0.24353895887474744,0,0,1,,,,,,2.721898078918457,0.031003843992948532,0.5154293179512024,0.010973310098052025,0.9982625842094421,,,,,,,,,,,,,0.00916467999923043,0.0014481633591572063,0.0002074310032185167,1.1133573809929658,0.08415671494918797,0.006827459001215175,0.04145194499869831,0.01681603824169997,0.0009872899972833693,0,0,0,,,,,1,0.11328125,0,29
135,56533.553760422,1787570076.9178395,0.01953125,1.734723475976807e-18,486.51659965515137,0.10685860365629196,1,-1,0.3125,0.6875843405723572,0.0012964241905137897,1.0032529830932617,0.9853699207305908,0.9723529815673828,0,0,0.014766235835850239,0.0006328660529106855,1.0006331205368042,0.21906191110610962,-0.0065647149458527565,-0.006476366892457008,0.014749061316251755,0.0006328660529106855,1,1,0.0006328660529106855,1,7.3125,2580.90625,0.014749061699548684,0.03125,0,30541,0,29.427851413933766,0.019516493676205466,0.6701757309978627,81826.0625,0.9700614930787024,29613.21875,1.0543235251680017,0.7245954337448899,88525.84375,0.9906458256796342,30252.96875,0.5068180374801159,0.015516708650707246,0.5824929304424978,71309.25,0.9597843000142393,29338.84375,5.218782842159271,0.40625,0,2.0598615227331143,0.43273793380937664,0,29.63231006636154,0.019387268621625126,,,,,,,,,,,,,,,,0.34375,8192,8192,3956.484375,5353.75390625,694,694,4096,4096,4096,44.95679031299369,9.76655849099916,,,,,,,,,0.8571428571428572,-0.42857142857142855,0.131222664791956,0,0,1,,,,,,2.770026206970215,0.031006017699837685,0.4846043288707733,0.010952549055218697,0.9982870221138,,,,,,,,,,,,,0.008229808998294175,0.0014261809607774012,0.00024295000184793025,0.8830314590013586,0.066406577351529,0.0034032900002785027,0.04373376500734594,0.016290330799733965,0,0,0,0,,,,,1,0.01953125,0,5
136,57026.700220911,1787570574.5397387,0.02734375,3.0357660829594124e-18,483.653284072876,0.029070530086755753,0.8571428656578064,-0.4285714328289032,0.0625,0.6946457624435425,0.0007548350840806961,1.00146484375,0.9858932495117188,0.9691638946533203,0,0,0.014244778081774712,0.00020677561406046152,1.0002068281173706,0.04668756201863289,0.004237322602421045,0.004173513501882553,0.01422395370900631,0.00020677561406046152,1,1,0.00020677561406046152,1,7.375,2641.71875,0.014223954161598454,0.03125,0,31651.875,0,22.113068044606578,0.04073994694893819,0.6697627621050007,84725.84375,0.9695818343292459,30667.96875,0.9139059484004974,0.7253427196650291,91834.6875,0.9906197652299387,31347.53125,0.5729649662971497,0.01469371700672381,0.5792125211906027,73644.53125,0.9550770960653535,30254.1875,4.740850448608398,0.4375,0,2.472948679004161,0.45679313107115,0,22.41467302245114,0.04131582202425863,,,,,,,,,,,,,,,,0.375,8192,8192,3933.04296875,5222.265625,594,594,4096,4096,4096,45.39095581800211,11.44196084899886,,,,,,,,,1,-0.42857142857142855,0.165600330276709,0,0,1,,,,,,1.8013670444488525,0.03136182576417923,0.3774833679199219,0.011105985380709171,0.9982675909996033,,,,,,,,,,,,,0.007255628996063024,0.0014485929414149723,0.00025167000421788543,1.0671000009897398,0.073134664347549,0.0028953200089745224,0.038768766971770674,0.014821258522431435,0,0,0,0,,,,,1,0.02734375,0,7
137,57524.3326821,1787571067.6249409,0.015625,1.734723475976807e-18,479.17647409439087,0.04822690784931183,1,-0.4285714328289032,0.15625,0.6994861364364624,0.0008172892848961055,1.0012693405151367,0.9865692257881165,0.9712061882019043,0,0,0.013578291982412338,0.00027578813023865223,1.0002758502960205,0.12660399079322815,-0.0026232535019516945,-0.0025531970895826817,0.013537615537643433,0.00027578813023865223,1,1,0.00027578813023865223,1,7.25,2586.9375,0.013537615681053829,0.03125,0,31464.34375,0,26.89618343903293,0.01727312562142433,0.6715155584115455,84485.625,0.9720470027024914,30574.625,0.8049339270219207,0.7251562836763777,91265.0625,0.9918673749942164,31204.28125,0.5318444296717644,0.014149087913802906,0.5814678801423727,73648.875,0.9598978825547526,30258.28125,4.731310606002808,0.3125,0,1.9064971317806094,0.49074442190582673,0,27.127080100108056,0.01798539307010289,,,,,,,,,,,,,,,,0.37109375,8192,8192,3788.40625,5029.94140625,540,540,4096,4096,4096,44.20749592600623,10.626709206000669,,,,,,,,,1,-0.2857142857142857,0.1287696884094282,0,0,1,,,,,,4.126648902893066,0.03108898364007473,0.5081713199615479,0.010969879105687141,0.9982798099517822,,,,,,,,,,,,,0.008665838991873898,0.0013471299059233388,0.00020885000412818044,1.0803770700003952,0.0841216291956357,0.0058914190012728795,0.039817365002818406,0.012949861207687263,0,0,0,0,,,,,1,0.015625,0,4
138,58024.400491066,1787571564.0907588,0.07421875,2.6020852139652106e-18,483.75401520729065,0.031066127121448517,1,-0.2857142984867096,0.09375,0.704728901386261,0.0008397282799705863,1.0033483505249023,0.987285852432251,0.9649248123168945,0,0,0.012850040569901466,0.00024614110589027405,1.0002461671829224,0.07432892173528671,-0.0031948424875736237,-0.003067017998546362,0.012816328555345535,0.00024614110589027405,1,1,0.00024614110589027405,1,7.34375,2295.84375,0.012816328051882302,0.03125,0,30307.25,0,14.697772747974861,0.034909144111074555,0.6720522239820524,81417.71875,0.971983897441707,29438.71875,0.9298878507688642,0.7262560124439208,88031.34375,0.9922152570776042,30065.09375,0.5048568360507488,0.013043635376613747,0.5756364115913823,69973.84375,0.955172401529764,28967.15625,4.304726958274841,0.40625,0,1.925248865567072,0.4742085507730026,0,15.081158213326729,0.03326280653673253,,,,,,,,,,,,,,,,0.328125,8192,8192,4056.5703125,4897.68359375,661,661,4096,4096,4096,43.618209820007905,10.42982798400044,,,,,,,,,1,-1,0.1767766952966369,0,0,1,,,,,,1.6917829513549805,0.02963958866894245,0.47926127910614014,0.01060070563107729,0.9983251094818115,,,,,,,,,,,,,0.008332889003213495,0.0014602200980107227,0.00022545999672729522,1.0536635530006606,0.08285431185993275,0.003286099003162235,0.044234568980755284,0.011710295754994604,0,0,0,0,,,,,1,0.07421875,0,19
139,58554.888654629,1787572065.9921353,0.0546875,2.168404344971009e-18,487.3021264076233,0.05659507215023041,1,-1,0.15625,0.679228663444519,0.0010896333260461688,1.0026302337646484,0.9895294308662415,0.9737567901611328,0,0,0.01059021707624197,0.0003384738229215145,1.0003385543823242,0.07011555880308151,0.0037575687747448683,0.0037477619480341673,0.01054767332971096,0.0003384738229215145,1,1,0.0003384738229215145,1,7.28125,2086.125,0.01054767345595473,0.03125,0,32452.5625,0,20.286892356043374,0.045071668315882475,0.6701211233662177,86920.5625,0.9726902000454056,31546.25,0.7575571080669761,0.7255725298847475,94158.6875,0.9933922690161843,32230.09375,0.49995164945721626,0.011368122199603165,0.5612469489940023,73109.15625,0.9502707818529271,30862.28125,4.49689644575119,0.375,0,1.9352037355600564,0.5099105623119341,0,20.573938697704882,0.04468997450233365,,,,,,,,,,,,,,,,0.39453125,8192,8192,4166.78515625,5291,663,663,4096,4096,4096,43.73640360000718,9.350767074007308,,,,,,,,,1,-1,0.16751484856512247,0,0,1,,,,,,3.0962979793548584,0.029666636139154434,0.45236945152282715,0.010598882101476192,0.9983295798301697,,,,,,,,,,,,,0.008985138993011788,0.0013453630706976583,0.00020725000649690628,1.098327429004712,0.08467419452762215,0.010120399005245417,0.1212444120174041,0.012949720161145706,0,0,0,0,,,,,1,0.0546875,0,14
140,59089.178643595,1787572595.784629,0.05078125,-1.734723475976807e-18,516.0914490222931,0.04884631931781769,1,-1,0.15625,0.678838849067688,0.000811537669505924,1.0015687942504883,0.9884427785873413,0.9748129844665527,0,0,0.011660648509860039,0.0002672530245035887,1.0002672672271729,0.08802476525306702,0.001819864148274064,0.001793749863281846,0.011643126606941223,0.0002672530245035887,1,1,0.0002672530245035887,1,7.09375,2308.75,0.011643125998184433,0.03125,0,33334.28125,0,21.322227195753396,0.03997675061422539,0.6693800805739805,89061.71875,0.9713453863033465,32334.71875,1.174383983016014,0.7266357791136738,96929.53125,0.9934123535863332,33113.03125,0.9046884626150131,0.012289042574726624,0.5668020603444266,75481.5,0.9508571465321036,31635,4.978102594614029,0.09375,0,1.695606132721955,0.5117988338189361,0,23.006718329505468,0.039757100979363774,,,,,,,,,,,,,,,,0.41015625,8192,8192,4803.953125,5643.58203125,652,652,4096,4096,4096,47.56284353999945,11.212714938999852,,,,,,,,,1,-0.8571428571428571,0.16170330603816815,0,0,1,,,,,,2.152855157852173,0.027875952422618866,0.6489477753639221,0.01008006650954485,0.9983810782432556,,,,,,,,,,,,,0.007680859009269625,0.0014638367268844377,0.0002706700033741072,1.0844991800113348,0.08714853510946341,0.0077819189900765195,0.03613907902035862,0.011200812364222656,0,0,0,0,,,,,1,0.05078125,0,13
141,59641.781980377,1787573129.1557968,0.0546875,8.673617379884035e-19,520.6156334877014,0.04657783359289169,1,-0.8571428656578064,0.125,0.6468023061752319,0.0008158292039297521,1.0006256103515625,0.9896010160446167,0.9743361473083496,0,0,0.0104790348559618,0.00031930417753756046,1.0003193616867065,0.04259554296731949,0.013446856290102005,0.013572576455771923,0.01047520525753498,0.00031930417753756046,1,1,0.00031930417753756046,1,7.21875,2303.09375,0.010475205450314648,0.03125,0,38431.625,0,69.62263550331537,0.028279489779358014,0.6670787057142339,102259.1875,0.9704045956206384,37245.125,0.7393223848193884,0.7267978029478352,111707.28125,0.994188768531452,38207.84375,0.5150828883051872,0.011082599352897016,0.5513913434141675,83999.15625,0.9409033241130054,36017.96875,4.177709877490997,0.25,0,2.0946580287009464,0.5140110118968155,0,57.422870344598834,0.028368581896913516,,,,,,,,,,,,,,,,0.52734375,8192,8192,5076.6015625,6003.33203125,627,627,4096,4096,4096,49.028760649991455,10.451575293001952,,,,,,,,,1,-0.42857142857142855,0.15152288168283162,0,0,1,,,,,,3.025653123855591,0.026335181668400764,0.8468936681747437,0.009550753980875015,0.9984476566314697,,,,,,,,,,,,,0.017700148004223593,0.0016802728359834873,0.0002348200068809092,0.8799703780096024,0.07562180212471503,0.009645718993851915,0.1364322839945089,0.0103994618113461,0,0,0,0,,,,,1,0.0546875,0,14
142,60228.526345178,1787573683.075303,0.078125,3.469446951953614e-18,539.6667981147766,0.036312904208898544,1,-0.4285714328289032,0.125,0.6245831847190857,0.0009398179827257991,1.004018783569336,0.9908214211463928,0.9744076728820801,0,0,0.009269153699278831,0.0002496663946658373,1.0002497434616089,0.07526411861181259,0.007308595813810825,0.007323504891246557,0.009246868081390858,0.0002496663946658373,1,1,0.0002496663946658373,1,7.21875,2036.9375,0.009246868456758258,0.03125,0,40612.8125,0,15.398070311120788,0.031265263221720296,0.6640844815480622,107634.1875,0.970159452671451,39364.03125,0.7702667148435012,0.7261924671718353,117953.03125,0.9948742368203135,40401.5,0.49260541051626205,0.009511819260244251,0.5342987089453974,86065,0.9327099535619154,37753.84375,4.008691847324371,0.3125,0,1.8843945621011569,0.5283046280928119,0,15.052350334526183,0.03192325371135088,,,,,,,,,,,,,,,,0.58984375,8192,8192,5539.70703125,6416.79296875,621,621,4096,4096,4096,51.942662343004486,9.677594326989492,,,,,,,,,1,-1,0.20203050891044216,0,0,1,,,,,,1.0912611484527588,0.025478309020400047,0.29682350158691406,0.009333726018667221,0.9984615445137024,,,,,,,,,,,,,0.01419776800321415,0.0014843760345684132,0.00020640000002458692,1.078364030996454,0.07864610915981984,0.004586530005326495,0.038336616969900206,0.010616801297487655,0,0,0,0,,,,,1,0.078125,0,20
143,60798.900998718,1787574269.1783803,0.04296875,3.469446951953614e-18,572.436274766922,0.07058978080749512,1,-1,0.1875,0.5954995155334473,0.0010059073101729155,1.0012578964233398,0.9912402629852295,0.9743704795837402,0,0,0.008829166181385517,0.0003951648250222206,1.0003951787948608,0.09992850571870804,0.014465266838669777,0.014381897635757923,0.008823072537779808,0.0003951648250222206,1,1,0.0003951648250222206,1,7.125,2121.21875,0.008823071670106035,0.03125,0,44317.65625,0,25.91944152799321,0.041221774542551166,0.6621929334029345,117211.21875,0.9692869453710308,42936.84375,0.566980630159378,0.7250669382413111,128522.65625,0.9946209623843735,44080.125,0.5293442010879517,0.008934425002463778,0.529497916526307,93205.4375,0.9315347286028695,41197.0625,3.9021190404891968,0.21875,0,1.7642856220179879,0.574528404139397,0,24.22019999398284,0.042807982019496725,,,,,,,,,,,,,,,,0.75,8192,8192,6358.1484375,7047.890625,665,665,4096,4096,4096,56.396581396998954,10.842511509996257,,,,,,,,,1,-1,0.1450721143684993,0,0,1,,,,,,1.3776869773864746,0.022991975769400597,0.2961912155151367,0.008552960120141506,0.9985377192497253,,,,,,,,,,,,,0.041480906002107076,0.0019678035079095935,0.0002530490019125864,1.107833602000028,0.07828295301226262,0.00823288899846375,0.039448148032533936,0.007053331828217324,0,0,0,0,,,,,1,0.04296875,0,11
144,61368.972368901,1787574838.1916904,0.03125,4.336808689942018e-19,556.7003841400146,0.03827977180480957,1,-1,0.125,0.5379981994628906,0.0007737267878837883,1.0012884140014648,0.9944158792495728,0.9760260581970215,0,0,0.005622334312647581,0.0002203802578151226,1.0002204179763794,0.06543983519077301,0.008804365992546082,0.008839959278702736,0.005617407150566578,0.0002203802578151226,1,1,0.0002203802578151226,1,7.0625,1588.40625,0.005617406849909579,0.03125,0,50865.1875,0,13.797451674717585,0.07026536731133984,0.6554312369845781,133216.875,0.9656863858675369,49103.75,0.558968692086637,0.7252202236630381,147545.28125,0.995093047627168,50620.1875,0.5537354201078415,0.005940167669228468,0.49812888320582527,100778.0625,0.9113368148272607,46259.65625,3.9467172026634216,0.09375,0,1.7229513518557031,0.5923954426967861,0,13.243903542043713,0.07485946663357629,,,,,,,,,,,,,,,,0.7265625,8192,8192,6335.59375,6900.6875,546,546,4096,4096,4096,59.274797963997116,10.310390685001039,,,,,,,,,1,-0.42857142857142855,0.1749635530559413,0,0,1,,,,,,3.905526638031006,0.021866848692297935,0.5132706165313721,0.008161832578480244,0.9985716938972473,,,,,,,,,,,,,0.1032524519978324,0.0032223908474406926,0.00022630998864769936,1.1088782719889423,0.07987687682015121,0.008739079989027232,0.125593270000536,0.006586887456819568,0,0,0,0,,,,,1,0.03125,0,8
145,61951.984506643,1787575408.7359133,0.015625,8.673617379884035e-19,558.005841255188,0.04769328236579895,1,-0.4285714328289032,0.15625,0.5192146897315979,0.0009666580590419471,1.0007743835449219,0.9947862029075623,0.977931022644043,0,0,0.005257320590317249,0.0003441812004894018,1.0003442764282227,0.1040225625038147,0.013067759573459625,0.013135038316249847,0.00524329487234354,0.0003441812004894018,1,1,0.0003441812004894018,1,7.25,1422.96875,0.005243295130520999,0.03125,0,50684.75,0,21.235152960176514,0.08966444798527878,0.6510886903501226,131612.90625,0.9609825542452022,48637.59375,0.7274811631068587,0.7267942107964291,147396.5,0.9945365206805497,50405.6875,0.5152325434610248,0.005496011495396869,0.48863523763009,97670.3125,0.9009781809834951,45396.4375,3.3356319069862366,0.25,0,1.8388005317979392,0.5453292841300139,0,22.641875015939874,0.09425095798147967,,,,,,,,,,,,,,,,0.73046875,8192,8192,6371.99609375,6911.53515625,541,541,4096,4096,4096,61.05163914099103,8.99129801998788,,,,,,,,,1,-0.42857142857142855,0.11845088536983571,0,0,1,,,,,,1.8517847061157227,0.02122357115149498,0.6600494384765625,0.007959388196468353,0.9985876083374023,,,,,,,,,,,,,0.10243438200268429,0.003357766953115515,0.00024141999892890453,0.8854303499974776,0.07796355435914393,0.004415859002619982,0.033852058040793054,0.005413317449836086,0,0,0,0,,,,,1,0.015625,0,4
146,62541.380898723,1787575992.1524274,0.01171875,8.673617379884035e-19,570.4182081222534,0.022395405918359756,1,-0.4285714328289032,0.0625,0.510657787322998,0.0007161956164054573,1.001800537109375,0.9955916404724121,0.9789819717407227,0,0,0.004468029364943504,0.0001269055064767599,1.0001269578933716,0.036491669714450836,0.0061971270479261875,0.006199246272444725,0.00443228567019105,0.0001269055064767599,1,1,0.0001269055064767599,1,7.09375,1244.75,0.004432285577349701,0.03125,0,50975.96875,0,18.617859377318908,0.09299976139279374,0.6486248117957314,131833.09375,0.9599824711005692,48858.25,0.932537199172657,0.7258772086372164,148032.9375,0.9940200583695444,50666.46875,0.8493069186806679,0.004538959397598148,0.47964033489440727,96400.9375,0.8939078052182283,45296.4375,3.1313809752464294,0.21875,0,1.7988052083724728,0.5645225129897069,0,18.59770220614637,0.09876233084838049,,,,,,,,,,,,,,,,0.8515625,8192,8192,7073.6171875,7389.30078125,555,555,4096,4096,4096,60.19158346700715,9.552600562994485,,,,,,,,,0.7142857142857143,-0.42857142857142855,0.09780759955449395,0,0,1,,,,,,6.035614967346191,0.01959344372153282,0.7571554780006409,0.007438041735440493,0.9986244440078735,,,,,,,,,,,,,0.01815600899863057,0.0034053947734946632,0.00027138000587001443,1.0805476069945144,0.08058662991373922,0.007993360006366856,0.12707870999292936,0.0034722248710181702,0,0,0,0,,,,,1,0.01171875,0,3
147,63127.059717792,1787576581.0673084,0.0078125,8.673617379884035e-19,576.4478223323822,0.01635763607919216,0.7142857313156128,-0.4285714328289032,0.03125,0.4582424759864807,0.00044474590686149895,1.000849723815918,0.9970914721488953,0.9784483909606934,0,0,0.0029331701807677746,9.669549763202667e-05,1.0000967979431152,0.01538936235010624,0.0015362851554527879,0.0015680942451581359,0.0029209135100245476,9.669549763202667e-05,1,1,9.669549763202667e-05,1,7.03125,856.40625,0.002920913511844002,0.03125,0,56588.9375,0,7.431623965258314,0.13884226227524593,0.6366450644863,143988.34375,0.9489362757344562,53675.3125,0.6311448309570551,0.7284406816889619,164910.8125,0.9936651204930947,56233.125,0.5020177587866783,0.0030427041532470446,0.4512769999411882,101663.8125,0.8662149711687498,48924.21875,3.0922545790672302,0.09375,0,1.6606792624018105,0.5827933491611592,0,6.656704586143352,0.14272952436701836,,,,,,,,,,,,,,,,0.80859375,8192,8192,6808.6875,7233.171875,481,481,4096,4096,4096,60.09626222199586,9.666090244005318,,,,,,,,,1,-0.14285714285714285,0.09449111825230681,0,0,1,,,,,,1.4705908298492432,0.019926689565181732,0.26221299171447754,0.007549824193120003,0.9986173510551453,,,,,,,,,,,,,0.026559268007986248,0.0030231274682819276,0.0002569799980847165,0.869121363008162,0.07723652051157615,0.005414739993284456,0.02566776999447029,0.00409192830562688,0,0,0,0,,,,,1,0.0078125,0,2
148,63723.316754044,1787577168.0738993,0.00390625,4.336808689942018e-19,572.9768400192261,0.012967601418495178,1,-0.1428571492433548,0.0625,0.4726638197898865,0.0004786668287124485,1.0035667419433594,0.9965190887451172,0.9787583351135254,0,0,0.0035203290171921253,7.028784602880478e-05,1.000070333480835,0.013396242633461952,0.0035467389971017838,0.003578796051442623,0.003497358178719878,7.028784602880478e-05,1,1,7.028784602880478e-05,1,7,1031.78125,0.003497358058366832,0.03125,0,54469.5,0,7.9657045931124255,0.1324917557189328,0.6402465249835023,139361.09375,0.9538087481364609,51932.0625,0.5211011059582233,0.7267810297930719,158344.4375,0.9931646565895218,54098.96875,0.5068961344659328,0.0035512224418047123,0.46032970590281574,99762.75,0.8762842858736122,47643.25,2.907633751630783,0,0,1.6019136873747302,0.5745989861735505,0,7.976961475657116,0.13340101242649727,,,,,,,,,,,,,,,,0.875,8192,8192,7240.08203125,7562.4765625,705,705,4096,4096,4096,60.12248180901224,9.482281044998672,,,,,,,,,1,-0.14285714285714285,0.0668153104781061,0,0,1,,,,,,1.4178862571716309,0.018789784982800484,0.3556962013244629,0.007184091489762068,0.9986314177513123,,,,,,,,,,,,,0.03448715699778404,0.0032825331871322305,0.000272620003670454,1.1077752529963618,0.08450756592912967,0.00403566999011673,0.02410081100242678,0.0026607454521467844,0,0,0,0,,,,,1,0.00390625,0,1
