_step,_runtime,_timestamp,rewards/train/solve_ratio,rewards/train/advantage/mean,perf/train/global_step_time,actor/train/advantage/abs_mean,actor/train/advantage/max,actor/train/advantage/min,actor/train/advantage/nonzero_frac,actor/train/entropy,actor/train/grad_norm,actor/train/is_ratio/max,actor/train/is_ratio/mean,actor/train/is_ratio/min,actor/train/kl,actor/train/kl_loss,actor/train/log_ratio/abs_mean,actor/train/loss,actor/train/perplexity,actor/train/pg_clipfrac,actor/train/pg_loss/clipped_mean,actor/train/pg_loss/unclipped_mean,actor/train/ppo_kl,actor/train/reduced_pg_loss,actor/train/sampler_is/weight_mean,actor/train/sampler_is/weight_min,actor/train/unreduced_pg_loss,actor/train/zero_tim/alignment_warning,actor/train/zero_tim/alignment_warning_count,actor/train/zero_tim/clip_hits,actor/train/zero_tim/first_order_kl,actor/train/zero_tim/gradient_nonzero,actor/train/zero_tim/hard_gate_pass,actor/train/zero_tim/n_action,actor/train/zero_tim/r_exact,actor/train/zero_tim/r_max,actor/train/zero_tim/r_min,actor/train/zero_tim/s_decode_vs_s_prefill_byte_fraction,actor/train/zero_tim/s_decode_vs_s_prefill_bytes,actor/train/zero_tim/s_decode_vs_s_prefill_element_fraction,actor/train/zero_tim/s_decode_vs_s_prefill_elements,actor/train/zero_tim/s_decode_vs_s_prefill_max_abs,actor/train/zero_tim/s_prefill_vs_t_old_byte_fraction,actor/train/zero_tim/s_prefill_vs_t_old_bytes,actor/train/zero_tim/s_prefill_vs_t_old_element_fraction,actor/train/zero_tim/s_prefill_vs_t_old_elements,actor/train/zero_tim/s_prefill_vs_t_old_max_abs,actor/train/zero_tim/second_order_kl,actor/train/zero_tim/t_old_vs_t_current_byte_fraction,actor/train/zero_tim/t_old_vs_t_current_bytes,actor/train/zero_tim/t_old_vs_t_current_element_fraction,actor/train/zero_tim/t_old_vs_t_current_elements,actor/train/zero_tim/t_old_vs_t_current_max_abs,actor/train/zero_tim/tis_hits,actor/train/zero_tim/w_exact,actor/train/zero_tim/w_max,actor/train/zero_tim/w_min,actor/train/zero_tim/wr_exact,actor/train/zero_tim/wr_max,actor/train/zero_tim/wr_min,frozenlake_eval/eval/n,frozenlake_eval/eval/policy_step,frozenlake_eval/eval/reward,frozenlake_eval/eval/solve,frozenlake_eval/eval/wall_seconds,generation/eval/completions/clip_ratio,generation/eval/completions/max_length,generation/eval/completions/max_raw_length,generation/eval/completions/mean_length,generation/eval/completions/mean_raw_length,generation/eval/completions/min_length,generation/eval/completions/min_raw_length,generation/eval/prompts/max_length,generation/eval/prompts/mean_length,generation/eval/prompts/min_length,generation/train/completions/clip_ratio,generation/train/completions/max_length,generation/train/completions/max_raw_length,generation/train/completions/mean_length,generation/train/completions/mean_raw_length,generation/train/completions/min_length,generation/train/completions/min_raw_length,generation/train/prompts/max_length,generation/train/prompts/mean_length,generation/train/prompts/min_length,perf/train/rescore_b_seconds,perf/train/weight_sync_seconds,rewards/eval/advantage/max,rewards/eval/advantage/mean,rewards/eval/advantage/min,rewards/eval/advantage/std,rewards/eval/solve_all,rewards/eval/solve_none,rewards/eval/solve_partial,rewards/eval/solve_ratio,rewards/train/advantage/max,rewards/train/advantage/min,rewards/train/advantage/std,rewards/train/solve_all,rewards/train/solve_none,rewards/train/solve_partial,sampler_trainer/eval/logp_diff_max,sampler_trainer/eval/logp_diff_mean,sampler_trainer/eval/prob_diff_max,sampler_trainer/eval/prob_diff_mean,sampler_trainer/eval/probs_pearson_corr,sampler_trainer/train/logp_diff_max,sampler_trainer/train/logp_diff_mean,sampler_trainer/train/prob_diff_max,sampler_trainer/train/prob_diff_mean,sampler_trainer/train/probs_pearson_corr,trajectory/eval/env_time/close_latency/max,trajectory/eval/env_time/close_latency/mean,trajectory/eval/env_time/close_latency/min,trajectory/eval/env_time/reset_latency/max,trajectory/eval/env_time/reset_latency/mean,trajectory/eval/env_time/reset_latency/min,trajectory/eval/env_time/step_latency/max,trajectory/eval/env_time/step_latency/mean,trajectory/eval/env_time/step_latency/min,trajectory/eval/reward_time/reward_latency/max,trajectory/eval/reward_time/reward_latency/mean,trajectory/eval/reward_time/reward_latency/min,trajectory/train/env_time/close_latency/max,trajectory/train/env_time/close_latency/mean,trajectory/train/env_time/close_latency/min,trajectory/train/env_time/reset_latency/max,trajectory/train/env_time/reset_latency/mean,trajectory/train/env_time/reset_latency/min,trajectory/train/env_time/step_latency/max,trajectory/train/env_time/step_latency/mean,trajectory/train/env_time/step_latency/min,trajectory/train/reward_time/reward_latency/max,trajectory/train/reward_time/reward_latency/mean,trajectory/train/reward_time/reward_latency/min,trajectory_rewards/eval/max,trajectory_rewards/eval/mean,trajectory_rewards/eval/min,trajectory_rewards/eval/sum,trajectory_rewards/train/max,trajectory_rewards/train/mean,trajectory_rewards/train/min,trajectory_rewards/train/sum
0,1174.800501793,1787515083.034428,0.625,6.071532165918825e-18,768.3456881046295,,,,,,,,,,,,,,,,,,,,,,,,,,,,,,,,,,,,,,,,,,,,,,,,,,,,,,,,800,0,0.3712500035762787,0.37125,288.36080597300315,0,914,1574,198.20249938964844,436.18125,23,23,4096,4096,4096,0,629,1167,171.54296875,340.4296875,43,43,4096,4096,4096,1.6657884417748365,,1,8.465450562766818e-18,-1,0.279426233863948,0.09,0.34,0.57,0.37125,0.8571428571428572,-1,0.3292694449033174,0,0,1,2.1409478187561035,0.01543606778141111,0.6905543804168701,0.006795456381514669,0.9909693551063538,1.716573715209961,0.01574004255235195,0.6618068218231201,0.006910732947289944,0.9920545816421509,11.057697976008058,1.4215502967202338,0.00029682001331821084,20.717122171015944,1.0380140543886227,0.000595749996136874,2.387571280996781,0.4761833273620141,0.0005498089594766498,0,0,0,0.007810009003151208,0.001727735922258944,0.000198929978068918,0.3042806920129806,0.055744592514429314,0.004086039029061794,0.02858181908959523,0.006428429656807566,0.0006088399677537382,0,0,0,1,0.37125,0,2.97,1,0.625,0,160
1,1261.859636836,1787515191.6109354,0.4375,1.214306433183765e-17,96.28578853607178,0.2243805229663849,0.8571428656578064,-1,0.46875,0.14730647206306458,0.03202541917562485,1.0126867294311523,0.7896256446838379,0.3379085063934326,0,0,0.26011377573013306,0.017822930589318275,1.0179827213287354,0.19425556063652039,0.03819141164422035,0.02488403022289276,0.27225029468536377,0.017822930589318275,1,1,0.01782293082214892,1,7.09375,117.53125,0.27225030591845534,0.03125,0,1372.34375,0,23.865293146647954,0.037233491711619056,0.33636822029098773,1812.75,0.48746858344668254,658.40625,0.6930658435449004,0.4542736375905274,2447.21875,0.5834774740153574,786.3125,0.7649553334340453,1.6966870064577255,0.2856897749439772,1603.875,0.4955458638246859,684.1875,26.085323691368103,0.09375,0,1.6917592053976866,0.4756363516306412,0,22.001636393233717,0.03236654673977252,,,,,,,,,,,,,,,,0,600,1229,180.8359375,370.984375,34,34,4096,4096,4096,8.169099783001002,9.636679486953653,,,,,,,,,1,-1,0.31134992453861954,0,0,1,,,,,,1.855316400527954,0.015173972584307194,0.5663456320762634,0.0067026009783148766,0.9918966889381409,,,,,,,,,,,,,0.007470479991752654,0.0016254274282800907,0.00022081995848566294,0.5769196969922632,0.05814214888846436,0.005068400001619011,0.016612199950031936,0.005287073714498547,0.0005158699932508171,0,0,0,,,,,1,0.4375,0,112
2,1349.280526329,1787515278.2991323,0.4140625,8.673617379884035e-18,74.77749919891357,0.17403188347816467,1,-1,0.4375,0.1520841121673584,0.035254038870334625,1.014749526977539,0.8096692562103271,0.3558943271636963,0,0,0.22858908772468567,0.017916131764650345,1.0180776119232178,0.20065747201442719,0.041550569236278534,0.03761674463748932,0.23834994435310364,0.017916131764650345,1,1,0.017916133045218885,1,7.25,118.625,0.23834992750752443,0.03125,0,1446.6875,0,15.271265828204646,0.06040606996301312,0.34790445121367736,1910.5,0.5018209495651944,691.8125,0.6618378208950162,0.46108664749279593,2552.625,0.5917834903957429,818.5,0.876030701212585,1.417047707275016,0.29298882095429635,1698.25,0.5089536540481876,723.15625,24.214445769786835,0.3125,0,1.9295881435028874,0.49265499660778467,0,17.2737849202664,0.05179823304402251,,,,,,,,,,,,,,,,0,610,1352,200.203125,411.88671875,49,49,4096,4096,4096,8.117598956974689,9.670313443988562,,,,,,,,,1,-1,0.3234066120763363,0,0,1,,,,,,1.8002398014068604,0.016508683562278748,0.5747699737548828,0.007338935974985361,0.9928252100944519,,,,,,,,,,,,,0.05292319500586018,0.0018935783291453845,0.0001854199799709022,0.6240593219990842,0.06497113039108626,0.005633349996060133,0.018092647951561958,0.00611886018327823,0.0005329599953256547,0,0,0,,,,,1,0.4140625,0,106
3,1432.536118874,1787515366.0274518,0.4140625,2.6020852139652106e-18,75.45644927024841,0.1938660591840744,1,-1,0.46875,0.17778895795345306,0.025117726996541023,1.0169639587402344,0.8216820955276489,0.3788607120513916,0,0,0.2100353240966797,0.017938680946826935,1.0181005001068115,0.2540592551231384,-0.008729691617190838,-0.00824839249253273,0.21456106007099152,0.017938680946826935,1,1,0.01793868059758097,1,7.34375,141.21875,0.2145610580703282,0.03125,0,1601.625,0,22.677289201804303,0.03583019245418839,0.36770388934951814,2285.46875,0.5336594847545075,830.28125,0.7360654436051846,0.4782891731152694,2986.8125,0.620884854827263,967.125,0.8574665152700618,1.1616323138939038,0.31831817583590394,2064.75,0.5457023447380622,869.84375,21.0223605632782,0.375,0,2.051199634566472,0.5043561875973088,0,18.054164689882533,0.03265673671046749,,,,,,,,,,,,,,,,0,792,1332,191.28515625,397.87890625,23,23,4096,4096,4096,8.479977355047595,9.07625906902831,,,,,,,,,1,-1,0.3462628469583092,0,0,1,,,,,,1.7231554985046387,0.01549655944108963,0.4904613494873047,0.006718797143548727,0.9938166737556458,,,,,,,,,,,,,0.008169409993570298,0.001760447112019392,0.00022449000971391797,0.6106645139516331,0.059469613645205754,0.0040948890382424,0.01871283707441762,0.005430438985968067,0.0006396999815478921,0,0,0,,,,,1,0.4140625,0,106
4,1528.257604884,1787515449.3190413,0.609375,8.673617379884035e-18,70.92521643638611,0.20994415879249573,1,-1,0.46875,0.1688072383403778,0.027526140213012695,1.0190229415893555,0.838666558265686,0.4113194942474365,0,0,0.19200359284877777,0.018839996308088303,1.0190186500549316,0.23427626490592957,0.014322012662887573,0.011650318279862404,0.19481638073921204,0.018839996308088303,1,1,0.018839998170733452,1,7.25,129.4375,0.1948163804151532,0.03125,0,1530.28125,0,8.46270682724517,0.11742229631773837,0.35829790462689837,2162.875,0.5192919144107404,786.53125,0.7022835835814476,0.4697340507615894,2831.46875,0.6071527544019709,914.5625,0.7155748754739761,1.0397989360148494,0.299881197852633,1923.5625,0.5247109579682102,819.75,19.009561240673065,0.3125,0,1.8383832764953576,0.5148703774918952,0,8.599014118814672,0.11203225141006112,,,,,,,,,,,,,,,,0,564,1173,192.19921875,391.0234375,30,30,4096,4096,4096,8.135723726009019,9.547384375007823,,,,,,,,,1,-1,0.37457458863219695,0,0,1,,,,,,1.4661333560943604,0.01684454083442688,0.5663461685180664,0.007191199343651533,0.9943040609359741,,,,,,,,,,,,,0.009653499000705779,0.0018885855156440812,0.00021816999651491642,0.6638006590073928,0.05325518783320149,0.005193508986849338,0.06284127495018765,0.0058342530323898245,0.0005782899679616094,0,0,0,,,,,1,0.609375,0,156
5,1621.858241561,1787515544.3958995,0.48828125,1.0408340855860843e-17,83.34689426422119,0.25486060976982117,1,-1,0.5625,0.204222172498703,0.03361885994672775,1.0208044052124023,0.8335064649581909,0.4292476177215576,0,0,0.1946733593940735,0.029078949242830276,1.0295058488845825,0.23917055130004883,-0.0014975625090301037,-0.0012197294272482395,0.19593839347362518,0.029078949242830276,1,1,0.02907894877716899,1,7.28125,149.96875,0.19593839577507066,0.03125,0,1537.59375,0,11.11328213706481,0.11595848796978611,0.3905374978638789,2344.3125,0.5656850972996548,852.03125,0.763014298863709,0.4958096377442399,3004.625,0.6485084307162392,978.0625,0.7563961492851377,0.8737547908699254,0.3398994872082326,2173.21875,0.5840528769143944,909.5,16.327608287334442,0.34375,0,1.783642867206836,0.5033081434268964,0,9.874095120986919,0.11664203047923564,,,,,,,,,,,,,,,,0,875,1535,209.54296875,421.92578125,51,51,4096,4096,4096,8.302733669988811,9.567173083953094,,,,,,,,,1,-1,0.40327106395129336,0,0,1,,,,,,1.5606446266174316,0.016536671668291092,0.4162137508392334,0.007084068842232227,0.9949488639831543,,,,,,,,,,,,,0.015329547983128577,0.0018645334137090686,0.0002198300207965076,0.668328917992767,0.07478595688007772,0.00321817904477939,0.02093413792317733,0.0067715410648361285,0.0007846499793231487,0,0,0,,,,,1,0.48828125,0,125
6,1705.367581532,1787515637.9303448,0.5,1.0408340855860843e-17,82.05827975273132,0.2940272092819214,1,-1,0.65625,0.23304612934589386,0.03069399483501911,1.013753890991211,0.8281238675117493,0.42899084091186523,0,0,0.1980762630701065,0.02644079364836216,1.0267934799194336,0.32922106981277466,0.032583169639110565,0.027647774666547775,0.19914762675762177,0.02644079364836216,1,1,0.026440794812515378,1,7.09375,157.9375,0.1991476372655825,0.03125,0,1676.34375,0,21.627318239722822,0.024461046568679007,0.40066888310654136,2606.0625,0.5821240194068156,947.90625,0.7084167823195457,0.5086644195562036,3336.34375,0.6668015289371014,1089.5625,0.776759434491396,0.8505534742059957,0.36772978245189203,2456.53125,0.6173866891589336,1023.25,18.971729576587677,0.09375,0,1.735078676248829,0.49789573172341084,0,18.690948965666635,0.025661119650992163,,,,,,,,,,,,,,,,0,873,1669,221.2578125,429.6875,44,44,4096,4096,4096,8.729330111993477,8.738286799984053,,,,,,,,,1,-1,0.38959686123698983,0,0,1,,,,,,2.7115800380706787,0.016566703096032143,0.42414045333862305,0.0070281061343848705,0.9950565695762634,,,,,,,,,,,,,0.006308050011284649,0.0018604571964715433,0.0002045599976554513,0.5638722369913012,0.07080052880633048,0.008758909010794014,0.02058669790858403,0.006444286283567635,0.0007105100085027516,0,0,0,,,,,1,0.5,0,128
7,1801.55062596,1787515721.7418058,0.4609375,1.5612511283791264e-17,71.95213532447815,0.2895756959915161,1,-1,0.625,0.23494678735733032,0.029721898958086967,1.0194120407104492,0.849091649055481,0.5881695747375488,0,0,0.1735631227493286,0.023376818746328354,1.0236523151397705,0.3098171353340149,0.028174031525850296,0.02140064164996147,0.1735508143901825,0.023376818746328354,1,1,0.023376818047836423,1,7.125,161.25,0.1735508143611352,0.03125,0,1770.0625,0,12.459498242286914,0.0868895520915803,0.4037056317926431,2789.03125,0.5881388637039231,1016.59375,0.7079347786493599,0.5135216205876876,3579.03125,0.6720389053360332,1164.40625,0.7406401764601469,0.7153337407198788,0.36409211167606675,2619.34375,0.6167718046030947,1093.90625,17.435693323612213,0.125,0,1.7151224037075892,0.5089209954609201,0,12.77858533920898,0.08034768646520755,,,,,,,,,,,,,,,,0,571,1493,200.1640625,393.47265625,46,46,4096,4096,4096,8.386192362988368,8.736515771015547,,,,,,,,,1,-1,0.3976974544878587,0,0,1,,,,,,1.2475800514221191,0.017454881221055984,0.3930368423461914,0.0072504752315580845,0.9960004091262817,,,,,,,,,,,,,0.006284689996391535,0.001591146135069721,0.00020475999917834997,0.5675094680045731,0.06184441248205985,0.008401619968935847,0.018990946002304554,0.005160275850130347,0.000531859986949712,0,0,0,,,,,1,0.4609375,0,118
8,1899.936975204,1787515817.555957,0.421875,5.204170427930421e-18,84.22562742233276,0.3010707497596741,1,-1,0.625,0.26396602392196655,0.027612414211034775,1.0125617980957031,0.8735642433166504,0.5326333045959473,0,0,0.14405682682991028,0.02264886349439621,1.0229073762893677,0.26737675070762634,0.022049488499760628,0.02278933860361576,0.1448775976896286,0.02264886349439621,1,1,0.02264886413468048,1,7.125,141.75,0.14487760002977002,0.03125,0,1601.3125,0,15.934338471168573,0.10323494054865885,0.4309006570134661,2717.21875,0.6265362689798761,987.1875,0.6737867537885904,0.5356075269896625,3384.5625,0.7034648369719799,1107.90625,0.7581779011525214,0.5731210695194033,0.3697261452583427,2431.875,0.6338658637165473,1023.71875,15.340166866779327,0.125,0,1.6826898674137007,0.5547556396901336,0,16.653748722831264,0.09425883132369861,,,,,,,,,,,,,,,,0,1045,1403,227.3359375,427.81640625,39,39,4096,4096,4096,8.105583299009595,9.320879845996387,,,,,,,,,1,-1,0.3535533905932738,0,0,1,,,,,,1.4268579483032227,0.017834443598985672,0.6102499961853027,0.00714981509372592,0.9969884753227234,,,,,,,,,,,,,0.00668991997372359,0.0017084027076634811,0.00021128897788003087,0.6685695979977027,0.056769996660023025,0.009275118994992226,0.017522417940199375,0.0055487291701865615,0.0005517100216820836,0,0,0,,,,,1,0.421875,0,108
9,1995.535213525,1787515916.1323955,0.4375,4.336808689942018e-18,86.89454531669617,0.23960180580615997,1,-1,0.53125,0.30489763617515564,0.013388180173933506,1.0155410766601562,0.8888314962387085,0.4943077564239502,0,0,0.1235208660364151,0.013190271332859993,1.0132776498794556,0.22187861800193787,-0.015655703842639923,-0.014525117352604866,0.12250547111034393,0.013190271332859993,1,1,0.01319027110002935,1,7.0625,162.96875,0.12250547230780225,0.03125,0,1818.6875,0,16.158460420766147,0.08558179759389577,0.46215003470418187,3314.90625,0.6741392259564196,1209.15625,0.4922998044639826,0.5646469064701491,4067.125,0.74309047820703,1334.09375,0.6183777467813343,0.3612767638342123,0.4012349116824585,2947.78125,0.6804274930773991,1234.84375,12.37411743402481,0.0625,0,1.6235377851056862,0.5314218608084342,0,14.100481584300287,0.08737960645422257,,,,,,,,,,,,,,,,0,1177,1613,227.2734375,427.48046875,32,32,4096,4096,4096,8.343113823037129,8.69138572504744,,,,,,,,,1,-1,0.39285714285714285,0,0,1,,,,,,1.7394537925720215,0.01939590461552143,0.3426938056945801,0.007621994242072105,0.9977064728736877,,,,,,,,,,,,,0.009374408982694149,0.0016633060888580076,0.00019890000112354755,0.5839920759899542,0.060059581129053186,0.0023926099529489875,0.06124825304141268,0.005625065518415795,0.0005750290001742542,0,0,0,,,,,1,0.4375,0,112
10,2089.067038078,1787516012.8498924,0.515625,1.734723475976807e-17,83.89671325683594,0.2938618063926697,1,-1,0.59375,0.37162792682647705,0.015935350209474564,1.0100927352905273,0.9125910997390747,0.5144124031066895,0,0,0.09679358452558517,0.014467931352555752,1.014573097229004,0.2998605966567993,0.029281314462423325,0.02479405701160431,0.09595020860433578,0.014467931352555752,1,1,0.01446793123614043,1,7.0625,157.53125,0.09595020749695307,0.03125,0,1818.1875,0,13.431345674479598,0.10820586469357367,0.49968620616263293,3586.34375,0.7259907176589013,1305.9375,0.41256355680525303,0.5950468897089929,4297.8125,0.7875696040574353,1420.28125,0.5131387896835804,0.2661011088085484,0.4262217985867437,3137,0.7244024902703321,1317.0625,10.30056744813919,0.0625,0,1.6466394518471756,0.6017861500867485,0,13.083765507139208,0.11632600413500027,,,,,,,,,,,,,,,,0,933,1729,239.30859375,488.38671875,40,40,4096,4096,4096,8.916485183988698,8.93009274196811,,,,,,,,,1,-1,0.421065218662557,0,0,1,,,,,,1.4023876190185547,0.019078725948929787,0.42414283752441406,0.007479970343410969,0.9977369904518127,,,,,,,,,,,,,0.008519939030520618,0.0017971787158330699,0.0002148600178770721,0.6026351539767347,0.05819523888726508,0.004454640031326562,0.060177434992510825,0.006597624226969856,0.0005304000223986804,0,0,0,,,,,1,0.515625,0,132
11,2186.935322232,1787516106.076354,0.55078125,2.168404344971009e-17,80.63204956054688,0.30898356437683105,1,-1,0.71875,0.3656385540962219,0.018267357721924782,1.013899803161621,0.8994238376617432,0.6371855735778809,0,0,0.11030037701129913,0.017926139757037163,1.0180878639221191,0.3872448205947876,0.04286930710077286,0.03835541009902954,0.10986543446779251,0.017926139757037163,1,1,0.017926139873452485,1,7.03125,180.90625,0.10986543596992268,0.03125,0,1914.46875,0,14.956553279181033,0.06975099177407458,0.49835729865152323,3774.84375,0.7272138527708742,1378.90625,0.4481017980724573,0.598928622398182,4548.53125,0.7910130513192413,1500.5625,0.5349128358066082,0.29901870542476783,0.4329784937251755,3360.53125,0.7304782927174183,1400.6875,12.130718052387238,0.03125,0,1.5877867189691302,0.6356209769189896,0,13.513565277127192,0.059952914767140555,,,,,,,,,,,,,,,,0,908,1704,224.0625,412.03125,47,47,4096,4096,4096,8.192063271009829,10.063580118003301,,,,,,,,,1,-1,0.39041448409063295,0,0,1,,,,,,1.3662078380584717,0.020351877436041832,0.41616344451904297,0.007861529476940632,0.9977991580963135,,,,,,,,,,,,,0.009652449050918221,0.0018120786116924137,0.0001783299958333373,0.6760302680195309,0.05979476213974522,0.004091929004061967,0.0166692579514347,0.005645085349215151,0.0004943000385537744,0,0,0,,,,,1,0.55078125,0,141
12,2274.381794206,1787516203.3297527,0.4296875,1.734723475976807e-18,85.24187231063843,0.2911236882209778,1,-1,0.625,0.394634872674942,0.01309909112751484,1.0096216201782227,0.9094244241714478,0.637138843536377,0,0,0.0995921865105629,0.012656552717089653,1.0127370357513428,0.2682764530181885,0.01542530208826065,0.009562636725604534,0.0989585816860199,0.012656552717089653,1,1,0.012656553531996906,1,7.03125,165.96875,0.09895858164399436,0.03125,0,1792.5,0,10.410528251189582,0.0767541502683148,0.5146980400392256,3633.71875,0.7519735609506424,1329.03125,0.44205038249492645,0.6122977860455887,4345.3125,0.8119760316569821,1438.875,0.5307615082710981,0.25748957165820635,0.4441646761741913,3211.03125,0.752865930811135,1345.5,10.697217762470245,0.03125,0,1.524269476198681,0.5994100593070707,0,10.202617206795772,0.07647575712399132,,,,,,,,,,,,,,,,0,1132,1792,251.6484375,440.98828125,21,21,4096,4096,4096,8.351068635995034,9.73476560798008,,,,,,,,,1,-1,0.3912303982179758,0,0,1,,,,,,1.4661353826522827,0.018598118796944618,0.46136951446533203,0.007249771151691675,0.9978927373886108,,,,,,,,,,,,,0.01064325898187235,0.0016990601068300748,0.00018123997142538428,0.7030299850157462,0.07624626759525199,0.008356759033631533,0.02012548898346722,0.00534602366224135,0.000506680051330477,0,0,0,,,,,1,0.4296875,0,110
13,2373.096178728,1787516290.8829598,0.4453125,4.336808689942018e-18,75.46970510482788,0.30699998140335083,1,-1,0.625,0.37660789489746094,0.014605333097279072,1.0151996612548828,0.9138889312744141,0.6961698532104492,0,0,0.09374100714921951,0.010669810697436333,1.0107269287109375,0.3193325102329254,0.05408284068107605,0.04195075482130051,0.09305989742279053,0.010669810697436333,1,1,0.010669810231775045,1,7,171.90625,0.09305989917443083,0.03125,0,2013.1875,0,60.76516251855221,0.04677228173278866,0.5042752521162157,3978.78125,0.7377443874976959,1457.65625,0.42076313961297274,0.6061199033910121,4825.40625,0.8016157992174674,1589.71875,0.5939946975558996,0.25361846521775844,0.4358651367867745,3513.34375,0.7411100507730242,1478.8125,11.472236335277557,0.03125,0,1.501863972498604,0.6102901396058664,0,54.75024095550677,0.04871075728182067,,,,,,,,,,,,,,,,0,717,1430,230.32421875,413.203125,38,38,4096,4096,4096,8.4428514969768,9.339565227041021,,,,,,,,,1,-1,0.3711537444790451,0,0,1,,,,,,1.6157376766204834,0.020475147292017937,0.7792950868606567,0.007800640072673559,0.997895359992981,,,,,,,,,,,,,0.0524983869981952,0.0017672053927526576,0.00017149996710941195,0.6932485309662297,0.057449066315712116,0.007391810009721667,0.019040000101085752,0.0053670246927595144,0.0005010099848732352,0,0,0,,,,,1,0.4453125,0,114
14,2479.471270869,1787516389.4988012,0.59375,6.938893903907228e-18,86.63502097129822,0.26148542761802673,1,-1,0.59375,0.39792400598526,0.01168297603726387,1.0128402709960938,0.9066827297210693,0.6563515663146973,0,0,0.1023508608341217,0.011603828519582748,1.0116714239120483,0.28596991300582886,0.004462277516722679,0.0010731024667620659,0.10131070017814636,0.011603828519582748,1,1,0.01160382921807468,1,6.96875,174.71875,0.10131070478238448,0.03125,0,1842.59375,0,13.515979226672986,0.025845255273459468,0.5197563498127273,3778.9375,0.7582740764868914,1379.84375,0.3970170598477125,0.6143985159122842,4494.375,0.8163381853744823,1489.1875,0.50957493902024,0.2687130006693934,0.4545238482312427,3366.09375,0.7615856522884159,1400.03125,11.177829146385193,0,0,1.5038256566016193,0.6453958411176636,0,12.761489284026894,0.029203971800913796,,,,,,,,,,,,,,,,0,1095,1755,244.03515625,454.73828125,41,41,4096,4096,4096,8.404856739973184,9.143875928013586,,,,,,,,,1,-1,0.44320263021395917,0,0,1,,,,,,0.6529343128204346,0.020457666367292404,0.30667686462402344,0.007806620094925165,0.9980570077896118,,,,,,,,,,,,,0.010374010016676039,0.0017563730189067428,0.0001625299919396639,0.6707367119961418,0.06427469032746558,0.007094148953910917,0.017569178948178887,0.005373962144176403,0.0005220599705353379,0,0,0,,,,,1,0.59375,0,152
15,2573.251370617,1787516495.5199955,0.4921875,1.214306433183765e-17,94.3951678276062,0.37102630734443665,1,-1,0.75,0.40684744715690613,0.015173884108662605,1.0117082595825195,0.9053055644035339,0.6740264892578125,0,0,0.10297486186027527,0.016243601217865944,1.016376256942749,0.3064942955970764,0.03350455313920975,0.0294794924557209,0.10259740799665451,0.016243601217865944,1,1,0.016243601217865944,1,7,193.125,0.10259741170818863,0.03125,0,1952.28125,0,38.701866071433805,0.02321606142267403,0.522713310306826,4046.03125,0.7657921006923021,1482.75,0.44980813935399055,0.6206350839385902,4814.84375,0.8241341928817869,1597.09375,0.5203784871846437,0.279466303269718,0.4557618563263145,3589.59375,0.7641314743336393,1490.90625,11.156963765621185,0,0,1.483981587503847,0.6429966905086976,0,33.60414940883053,0.02208961252838981,,,,,,,,,,,,,,,,0,1212,2008,261.27734375,498.15234375,34,34,4096,4096,4096,9.028889104025438,9.101360740023665,,,,,,,,,1,-1,0.4683884660215715,0,0,1,,,,,,1.140974998474121,0.020319445058703423,0.34269142150878906,0.007741787936538458,0.9979480504989624,,,,,,,,,,,,,0.006980010017286986,0.0016484347574987623,0.0001779600279405713,0.6625494330073707,0.06380385663510424,0.008522858959622681,0.025684699998237193,0.0074658864687080495,0.0006011799559928477,0,0,0,,,,,1,0.4921875,0,126
16,2677.711403298,1787516590.2436204,0.46875,3.469446951953614e-18,82.22986102104187,0.3979969620704651,1,-1,0.875,0.4047703146934509,0.019340530037879944,1.0180301666259766,0.895533561706543,0.6812257766723633,0,0,0.11476904153823853,0.02105608955025673,1.0212793350219727,0.46469348669052124,0.020213592797517776,0.016044732183218002,0.11400283873081207,0.02105608955025673,1,1,0.02105608955025673,1,7.0625,217.8125,0.11400282851185282,0.03125,0,2090.21875,0,68.86167786275313,0.07039285693148675,0.5174475303340569,4268.25,0.7562867831050111,1562,0.43992677703499794,0.6128315017496894,5095.375,0.8141164297957907,1687.5625,0.5393245853483677,0.30002035662117826,0.4622576150279084,3874.8125,0.7674802809359376,1596.53125,10.706094622612,0.0625,0,1.5752727903663886,0.6482358173643903,0,67.39460530509359,0.07022539732289834,,,,,,,,,,,,,,,,0,1033,1829,254.0703125,468.38671875,41,41,4096,4096,4096,8.578025199996773,8.834963055036496,,,,,,,,,0.8571428571428572,-1,0.374574588632197,0,0,1,,,,,,0.890845775604248,0.020704390481114388,0.41620945930480957,0.007843627594411373,0.9980928897857666,,,,,,,,,,,,,0.008096829988062382,0.0014726860651990137,0.00019051000708714128,0.596438666980248,0.05771417679488877,0.003522499988321215,0.051725548051763326,0.005369143702864676,0.0005811899900436401,0,0,0,,,,,1,0.46875,0,120
17,2784.066263112,1787516694.8184958,0.4921875,8.673617379884035e-18,91.82471656799316,0.27589911222457886,0.8571428656578064,-1,0.5625,0.42884403467178345,0.013733615167438984,1.0101337432861328,0.9142412543296814,0.727022647857666,0,0,0.09285002946853638,0.010470541194081306,1.0105254650115967,0.19924971461296082,0.03854285925626755,0.028558343648910522,0.0922684445977211,0.010470541194081306,1,1,0.010470541310496628,1,7,191.8125,0.09226844183251952,0.03125,0,2032.5625,0,22.490094548174206,0.023956455653464357,0.5309116440111973,4250.28125,0.7740431638337613,1550.71875,0.4642068287357688,0.6252717208631946,5021.53125,0.8314640480055789,1666.5625,0.4821876771748066,0.23620278609995865,0.4610260922210571,3750.1875,0.7737086553109767,1561.1875,10.973330080509186,0,0,1.4489547345570748,0.6518108443125006,0,21.00563755494672,0.023961909600498786,,,,,,,,,,,,,,,,0.00390625,1303,2048,221.44921875,416.61328125,30,30,4096,4096,4096,8.51885220297845,9.758603163994849,,,,,,,,,1,-1,0.4642857142857143,0,0,1,,,,,,0.827978253364563,0.02170444279909134,0.25952625274658203,0.008138262666761875,0.998138964176178,,,,,,,,,,,,,0.008620919950772077,0.0015750826264593343,0.00020934001076966524,0.7296922480454668,0.0635704154335599,0.00695408001774922,0.022437399020418525,0.00600027496147959,0.0006328599993139505,0,0,0,,,,,1,0.4921875,0,126
18,2895.473338684,1787516800.2693388,0.41015625,1.1275702593849246e-17,93.691077709198,0.38876405358314514,1,-1,0.78125,0.44997504353523254,0.01696419157087803,1.0159845352172852,0.9045724272727966,0.7120742797851562,0,0,0.1036052256822586,0.01658909022808075,1.0167274475097656,0.4029959440231323,0.04442388936877251,0.037352703511714935,0.10302799940109253,0.01658909022808075,1,1,0.01658908964600414,1,7,183.90625,0.10302799475029432,0.03125,0,1771.59375,0,24.494393977524428,0.04175277423914323,0.5383052094375522,3780,0.7881378558249863,1384.3125,0.4049620181322098,0.6346172955971305,4474.0625,0.8439711879255961,1485.9375,0.42729169875383377,0.25910045253971536,0.48109938278777553,3413.53125,0.7954345884526386,1404.75,10.875464588403702,0.03125,0,1.477273813337821,0.6733417370233301,0,23.364250135213958,0.047847917849081156,,,,,,,,,,,,,,,,0,1266,1876,283.61328125,533.03125,39,39,4096,4096,4096,10.106125963968225,9.678459068993106,,,,,,,,,1,-1,0.415730240243672,0,0,1,,,,,,0.5294876098632812,0.02284124866127968,0.1967015266418457,0.008323910646140575,0.9983812570571899,,,,,,,,,,,,,0.008285620016977191,0.0017620707255900925,0.00021096999989822507,0.7265543200192042,0.07092198796112825,0.00473527901340276,0.06076595600461587,0.006446033262818673,0.000639920006506145,0,0,0,,,,,1,0.41015625,0,105
19,3000.270367281,1787516913.1300323,0.4765625,1.214306433183765e-17,99.52890539169312,0.3209117650985718,1,-1,0.71875,0.5002366900444031,0.011968293227255344,1.0103540420532227,0.924893856048584,0.7444577217102051,0,0,0.08050151914358139,0.012113763019442558,1.0121874809265137,0.37804287672042847,-0.0013599437661468983,-0.004723085090517998,0.07987892627716064,0.012113763019442558,1,1,0.012113763019442558,1,6.9375,232.4375,0.07987892270484895,0.03125,0,2268.90625,0,14.931311363074375,0.04604399809369738,0.5623258197519577,5033,0.8243436470306444,1847.5,0.3847337178885937,0.656504858582097,5915.9375,0.8773199805514176,1972.4375,0.452525369822979,0.18885090715151998,0.49655486542753147,4497.96875,0.8224626342715518,1854.4375,10.316745519638062,0,0,1.4303275958252752,0.6893256695957872,0,14.055032439506919,0.05226598096094969,,,,,,,,,,,,,,,,0.00390625,1721,2048,252.59765625,462.3671875,41,41,4096,4096,4096,8.594017898023594,8.849000483984128,,,,,,,,,1,-1,0.4711037842240328,0,0,1,,,,,,1.3033363819122314,0.02419666387140751,0.2191605567932129,0.008838457055389881,0.9983140826225281,,,,,,,,,,,,,0.01042097999015823,0.0017724712158724287,0.00018713995814323425,0.726694619981572,0.04439751785230328,0.0025296600069850683,0.016727918933611363,0.005814973245833244,0.0006762089906260371,0,0,0,,,,,1,0.4765625,0,122
20,3111.705863311,1787517016.5862005,0.4609375,9.540979117872439e-18,91.5215003490448,0.4209115207195282,1,-1,0.84375,0.5218108892440796,0.01472445484250784,1.0151338577270508,0.9211378693580627,0.7560839653015137,0,0,0.08426125347614288,0.014418663457036018,1.0145231485366821,0.4101789593696594,0.024210680276155472,0.017259975895285606,0.0839051604270935,0.014418663457036018,1,1,0.014418662991374731,1,7.0625,207.09375,0.08390516269070153,0.03125,0,2020.78125,0,51.318460310322,0.027341006045457843,0.5725721118765815,4599.84375,0.8382270068411887,1684.53125,0.39748870581388474,0.6610218056187929,5332.4375,0.885924276733977,1785,0.40070466324687004,0.1850861321729493,0.5071270254111875,4093.8125,0.8336847457197701,1680.0625,8.879231214523315,0.0625,0,1.5048255943053825,0.6907207308132974,0,51.03074076568196,0.023975426972014626,,,,,,,,,,,,,,,,0,1155,1815,277.36328125,499.4609375,34,34,4096,4096,4096,8.839661748032086,10.22520061902469,,,,,,,,,1,-1,0.4225771273642583,0,0,1,,,,,,0.7021176815032959,0.023636294528841972,0.29907894134521484,0.00860859826207161,0.9983664751052856,,,,,,,,,,,,,0.0072961789555847645,0.0018571837269973912,0.00020917999790981412,0.7099583430099301,0.060705753748607094,0.00519069901201874,0.022615237976424396,0.006754013742693132,0.0006173599977046251,0,0,0,,,,,1,0.4609375,0,118
21,3216.813222293,1787517128.593544,0.53515625,1.0408340855860843e-17,99.5818772315979,0.32140451669692993,1,-1,0.75,0.5194517374038696,0.01559644564986229,1.0122137069702148,0.928773045539856,0.7971572875976562,0,0,0.07587313652038574,0.01193392463028431,1.0120054483413696,0.354493647813797,0.014701753854751587,0.009544732049107552,0.07554116100072861,0.01193392463028431,1,1,0.011933924746699631,1,7,209.84375,0.0755411636080012,0.03125,0,2218.90625,0,19.789430867809244,0.047307644188825194,0.5720094178554033,5032.375,0.8382293003212656,1847.15625,0.36827025935053825,0.6662597672689202,5902.59375,0.8911036110693571,1969.59375,0.4074403264094144,0.16248170427242128,0.4989198178867568,4427.15625,0.8298543805576474,1835.5625,8.923287361860275,0,0,1.4384441680739348,0.6730962267817509,0,18.559939125312646,0.0490392917428311,,,,,,,,,,,,,,,,0.015625,1612,2048,269.5390625,447.75390625,33,33,4096,4096,4096,8.69490235100966,9.078896926017478,,,,,,,,,1,-1,0.4048494303126655,0,0,1,,,,,,0.7155232429504395,0.02371806651353836,0.23276185989379883,0.00866138469427824,0.9983851313591003,,,,,,,,,,,,,0.006498468981590122,0.0015474238930437423,0.00023125996813178062,0.621436562971212,0.061546991713157695,0.006959608988836408,0.02226997708203271,0.004878567841615222,0.0004967100103385746,0,0,0,,,,,1,0.53515625,0,137
22,3317.27014716,1787517234.138431,0.47265625,6.071532165918825e-18,92.67969846725464,0.3293118476867676,1,-1,0.71875,0.5365698337554932,0.01057294849306345,1.0216712951660156,0.9413806200027466,0.7732291221618652,0,0,0.06277655065059662,0.00817851908504963,1.0082119703292847,0.3032994568347931,0.06173957511782646,0.05334950610995293,0.061968378722667694,0.00817851908504963,1,1,0.008178518968634307,1,7.03125,190.84375,0.06196838105163638,0.03125,0,2156.3125,0,16.221633338320444,0.07233030069018816,0.5781839880650179,4869.875,0.848294317043165,1792.5625,0.34032998979091644,0.6704887526934953,5728.65625,0.8991159834876469,1913.9375,0.3668591119349003,0.13004035356981086,0.49647180780785666,4239.625,0.8316363431937958,1771.28125,8.339747607707977,0.03125,0,1.4696806234136228,0.7013412675810685,0,15.716564280293937,0.07557922012055562,,,,,,,,,,,,,,,,0,1246,2042,328.125,574.03515625,42,42,4096,4096,4096,10.256844076968264,9.590374018007424,,,,,,,,,1,-1,0.40484943031266546,0,0,1,,,,,,1.017695426940918,0.023841965943574905,0.2868611812591553,0.008512597531080246,0.9984689950942993,,,,,,,,,,,,,0.006303970003500581,0.0013182012494326045,0.00019041000632569194,0.7280039319884963,0.05733098204291309,0.00923249899642542,0.01628365699434653,0.004755627638587612,0.0005383099778555334,0,0,0,,,,,1,0.47265625,0,121
23,3433.197510691,1787517333.7260945,0.5,2.0816681711721685e-17,87.50430703163147,0.3214138150215149,1,-1,0.6875,0.5309545397758484,0.008528330363333225,1.0108938217163086,0.9523465633392334,0.8155055046081543,0,0,0.050457268953323364,0.006016460247337818,1.00603449344635,0.2725122570991516,0.017371252179145813,0.014984415844082832,0.04973919689655304,0.006016460247337818,1,1,0.006016459898091853,1,7.03125,220.15625,0.049739191932373014,0.03125,0,2625,0,10.074084263962844,0.02987244645001728,0.5771967193278285,5980.875,0.8469815236010388,2197.3125,0.3789163567125797,0.6738358242120837,7037.71875,0.9005589100325466,2346.84375,0.4170302599668503,0.10192832685758199,0.4913483636677662,5167.1875,0.8275377276461746,2163.34375,8.236968636512756,0.03125,0,1.45712151559741,0.654131010045,0,9.95134780622331,0.030315066426634354,,,,,,,,,,,,,,,,0,1138,1735,294.8984375,479.88671875,41,41,4096,4096,4096,8.907320032012649,9.980386979994364,,,,,,,,,1,-1,0.4374088826398532,0,0,1,,,,,,0.7047988772392273,0.024250146001577377,0.2967255115509033,0.00877660047262907,0.9984182715415955,,,,,,,,,,,,,0.007354100001975894,0.0014171416312365182,0.00021102000027894974,0.7151825230102986,0.06393906930748017,0.006257509987335652,0.013901247933972627,0.004712018530199202,0.0004547399585135281,0,0,0,,,,,1,0.5,0,128
24,3538.904801274,1787517450.27002,0.453125,5.204170427930421e-18,103.877121925354,0.36216551065444946,1,-1,0.75,0.539680004119873,0.011243698187172413,1.0122652053833008,0.9448960423469543,0.8076934814453125,0,0,0.05854631960391998,0.006545637734234333,1.006567120552063,0.3319758474826813,0.027784544974565506,0.019929658621549606,0.05777759850025177,0.006545637734234333,1,1,0.006545637850649655,1,7,204.03125,0.05777759940077838,0.03125,0,2359.1875,0,44.64438286150547,0.06552965031696917,0.5776752092636994,5379.09375,0.8496643076549111,1981,0.3524572681635618,0.6711633698405906,6310.65625,0.8999275383486889,2108.3125,0.4284724462777376,0.11747950149107003,0.4986695129610331,4667.375,0.8322826848273663,1945.59375,7.632482886314392,0,0,1.4147932702803696,0.6905954065253257,0,41.18359745820072,0.06645730001189915,,,,,,,,,,,,,,,,0.01171875,1700,2048,342.953125,546.4453125,46,46,4096,4096,4096,9.01813212200068,9.297461314999964,,,,,,,,,1,-1,0.3535533905932738,0,0,1,,,,,,0.7294766902923584,0.02424946054816246,0.30216097831726074,0.008688985370099545,0.9984263181686401,,,,,,,,,,,,,0.06066132400883362,0.0016642425509871828,0.00016406900249421597,0.6830279050045647,0.06112234523175175,0.0060040890239179134,0.063485314080026,0.005340202823163054,0.0004280910361558199,0,0,0,,,,,1,0.453125,0,116
25,3650.426091815,1787517555.7599452,0.6328125,-1.734723475976807e-18,92.97310090065002,0.2472454309463501,1,-1,0.5625,0.5437853932380676,0.009214124642312527,1.0112333297729492,0.9481800198554993,0.7762112617492676,0,0,0.05489852651953697,0.00582817941904068,1.0058451890945435,0.2848746180534363,0.022775258868932724,0.019493142142891884,0.054214343428611755,0.00582817941904068,1,1,0.005828179651871324,1,7.03125,230,0.05421434131096747,0.03125,0,2743.625,0,9.708085329150727,0.048842801470939966,0.57579455489275,6262.125,0.8460906315653782,2303.21875,0.34052285947836936,0.672997876709188,7376.90625,0.9005689571995422,2463.96875,0.41203365102410316,0.10854816297799591,0.49521207865776684,5418.71875,0.8305977990543154,2272.4375,8.141477286815643,0.03125,0,1.4931151601303818,0.6765036093844642,0,9.304501504861202,0.04760756756724139,,,,,,,,,,,,,,,,0,1279,1819,283.828125,423.50390625,44,44,4096,4096,4096,8.575735993043054,9.562136639957316,,,,,,,,,1,-1,0.3879564461142935,0,0,1,,,,,,1.2476117610931396,0.024757107719779015,0.3563457727432251,0.008887694217264652,0.9983541369438171,,,,,,,,,,,,,0.05688272399129346,0.001810805772720414,0.0002491599880158901,0.740321839984972,0.061256235249175006,0.005484529014211148,0.058888674015179276,0.0045597998844186804,0.0006185499951243401,0,0,0,,,,,1,0.6328125,0,162
26,3763.001167632,1787517666.364075,0.63671875,1.1275702593849246e-17,99.03961324691772,0.30221688747406006,1,-1,0.65625,0.544152557849884,0.009544530883431435,1.009709358215332,0.9551023840904236,0.8607368469238281,0,0,0.04763901233673096,0.005972966086119413,1.0059908628463745,0.21294668316841125,0.04185125231742859,0.03833720088005066,0.046810366213321686,0.005972966086119413,1,1,0.005972966086119413,1,6.96875,171.09375,0.04681036671048924,0.03125,0,2270.625,0,10.479671641925837,0.1341740473625127,0.5810256470431064,5179.6875,0.8535858376906511,1907.40625,0.33032324351370335,0.6763890515092524,6095.6875,0.9057118240326009,2037.25,0.44308432191610336,0.10028918577165954,0.4879299843710725,4442.34375,0.8274134115510675,1870.4375,7.648385643959045,0,0,1.4317522831106473,0.6608751108568864,0,10.01534227680218,0.14183599025675211,,,,,,,,,,,,,,,,0.0078125,1508,2048,350.24609375,557.50390625,40,40,4096,4096,4096,9.862668432004284,9.74770541297039,,,,,,,,,0.8571428571428572,-1,0.42483490190608286,0,0,1,,,,,,0.6041638851165771,0.023612570017576218,0.19732439517974854,0.008565672673285007,0.9984495639801025,,,,,,,,,,,,,0.009186509007122368,0.0015007534857431892,0.00021796004148200154,0.7020897740148939,0.05584850884588377,0.0023673599935136735,0.015134788991417736,0.005124325096176108,0.000520350004080683,0,0,0,,,,,1,0.63671875,0,163
27,3871.830235491,1787517780.2893817,0.47265625,1.6479873021779667e-17,101.09825158119202,0.3414318263530731,0.8571428656578064,-1,0.6875,0.5368322134017944,0.00797293335199356,1.021580696105957,0.9536054730415344,0.8232369422912598,0,0,0.04889881610870361,0.007049336563795805,1.007074236869812,0.2916434407234192,0.018430855125188828,0.013961832039058208,0.048184409737586975,0.007049336563795805,1,1,0.007049336796626449,1,6.9375,233.25,0.04818441123325235,0.03125,0,2801.96875,0,12.276519794072374,0.09063423379044025,0.5770233304373769,6336.34375,0.8496425351869297,2337.125,0.3210575692355633,0.6764602576280361,7516.9375,0.9053397562452906,2510.09375,0.394844226539135,0.0953179090154278,0.4942594520674903,5508.125,0.8337164598505853,2312.9375,6.716833591461182,0,0,1.4351152560173812,0.6930526736157927,0,11.39832599058861,0.10229460297111465,,,,,,,,,,,,,,,,0,1586,2022,340.390625,537.76171875,45,45,4096,4096,4096,9.240804480970837,8.572314643999562,,,,,,,,,1,-1,0.39849845722181065,0,0,1,,,,,,0.5933167934417725,0.023680122569203377,0.13287663459777832,0.00858194101601839,0.9984400868415833,,,,,,,,,,,,,0.011471679026726633,0.0016738362276100816,0.00020000000949949026,0.63285326998448,0.06727046212517962,0.006742939993273467,0.0163356990669854,0.004946105654425992,0.0005226400098763406,0,0,0,,,,,1,0.47265625,0,121
28,3988.080937652,1787517888.7224514,0.55859375,1.5612511283791264e-17,95.93690156936646,0.2894323468208313,1,-1,0.65625,0.5350773334503174,0.00825442560017109,1.0093259811401367,0.958307147026062,0.8500275611877441,0,0,0.04407639056444168,0.0065187425352633,1.0065401792526245,0.27764421701431274,-0.00038924068212509155,-0.0014974805526435375,0.043310362845659256,0.0065187425352633,1,1,0.0065187425352633,1,7,202.65625,0.04331036159541894,0.03125,0,2723.125,0,10.450055842921216,0.07192925857628793,0.5755700275937288,6176.25,0.8465853201248594,2274.5,0.3538458328694105,0.6744128006125738,7301.1875,0.9027727773205705,2438.15625,0.4255146235227585,0.09394219495597551,0.48427950865431213,5284.875,0.8234023661346335,2233.1875,8.109479665756226,0,0,1.461259008958184,0.6959716348891554,0,10.92028548344512,0.07308476984470033,,,,,,,,,,,,,,,,0.00390625,1451,2048,335.0234375,542.5,38,38,4096,4096,4096,10.134328707004897,10.031712386000436,,,,,,,,,1,-1,0.40954803361356124,0,0,1,,,,,,1.7005072832107544,0.023718858137726784,0.5161702632904053,0.008476492017507553,0.998441755771637,,,,,,,,,,,,,0.008237738977186382,0.0014950574616250378,0.00017542997375130653,0.7000403350102715,0.05988398580802823,0.006370848976075649,0.017401740071363747,0.004457348920141158,0.000509809993673116,0,0,0,,,,,1,0.55859375,0,143
29,4095.761113429,1787518004.3711684,0.5703125,9.540979117872439e-18,103.70343661308289,0.3262041211128235,1,-1,0.6875,0.5336869955062866,0.008837413974106312,1.0197172164916992,0.9516319036483765,0.7433972358703613,0,0,0.05098319798707962,0.00709153339266777,1.0071167945861816,0.30453723669052124,0.03149157762527466,0.02682194486260414,0.050456345081329346,0.00709153339266777,1,1,0.007091533509083092,1,6.96875,204.84375,0.050456347096418296,0.03125,0,2680.1875,0,9.579989073953907,0.047321155441106724,0.5756572747260829,6039.75,0.8481928124116007,2231.5,0.34475149493664503,0.6737511314002075,7168.96875,0.9033815770003162,2394.90625,0.40920190513134,0.10058184317402818,0.4894267683295308,5164.78125,0.8238454278740612,2180.3125,7.465349614620209,0,0,1.411908311671597,0.671156575159801,0,9.826230100381444,0.0520873187350359,,,,,,,,,,,,,,,,0.00390625,1610,2048,339.046875,548.53125,34,34,4096,4096,4096,9.96624104201328,9.575118338922039,,,,,,,,,1,-1,0.37964806474052315,0,0,1,,,,,,0.6380560398101807,0.02357526868581772,0.1713390350341797,0.008566198870539665,0.9984025359153748,,,,,,,,,,,,,0.009421149035915732,0.0014228953650672338,0.0002108599292114377,0.7430536510655656,0.07516662450916556,0.004644238972105086,0.06354608514811844,0.00542982834031136,0.0005162599263712764,0,0,0,,,,,1,0.5703125,0,146
30,4206.260764647,1787518112.6357067,0.4921875,8.673617379884035e-18,95.75539827346802,0.2789071798324585,1,-1,0.625,0.5262172222137451,0.007636839523911476,1.0138168334960938,0.9533654451370239,0.8398332595825195,0,0,0.048969730734825134,0.006157988682389259,1.0061769485473633,0.25780004262924194,0.019251011312007904,0.016307514160871506,0.04848264902830124,0.006157988682389259,1,1,0.0061579885659739375,1,6.9375,226.03125,0.04848265151391999,0.03125,0,2712.375,0,7.618421169976751,0.09375076709220483,0.5780966722214453,6128.8125,0.8523960919392177,2266.375,0.3265713360160589,0.6787038972984818,7291.09375,0.9082895567597011,2433.625,0.3844604976475239,0.09519899859425685,0.49341924155890415,5342.1875,0.8314016523722075,2239.5,6.899687588214874,0,0,1.3968420916176947,0.6870302426687023,0,7.491929741697215,0.09961752122933981,,,,,,,,,,,,,,,,0.00390625,1340,2048,345.56640625,547.54296875,44,44,4096,4096,4096,9.213338932953775,8.909110212000087,,,,,,,,,1,-1,0.42558483170760664,0,0,1,,,,,,0.6251299381256104,0.02395823784172535,0.20948028564453125,0.008677266538143158,0.9984315037727356,,,,,,,,,,,,,0.009306330000981688,0.0014530853627547913,0.00019328901544213295,0.7330752609996125,0.06495113819391918,0.006564239971339703,0.01859290001448244,0.005103520965803909,0.0005829200381413102,0,0,0,,,,,1,0.4921875,0,126
31,4318.327714326,1787518222.5129933,0.5546875,9.974659986866641e-18,97.95092964172363,0.3297005593776703,1,-1,0.71875,0.5323548316955566,0.008965861983597279,1.0124320983886719,0.9579712748527527,0.8324861526489258,0,0,0.044490404427051544,0.006817782297730446,1.0068410634994507,0.31290706992149353,-0.011339236050844193,-0.012322837486863136,0.043621622025966644,0.006817782297730446,1,1,0.006817782414145768,1,6.96875,213.90625,0.04362161844773929,0.03125,0,2764.53125,0,13.397313236660132,0.11832680982528691,0.5794870022570606,6307.125,0.8533137589353139,2330.15625,0.34467905946075916,0.6787275216183899,7468.6875,0.9083713189184621,2495.78125,0.41997360810637474,0.08500067362354008,0.4888506318137723,5420,0.829073919513716,2288.21875,6.651787340641022,0,0,1.428492618596557,0.6892097509089585,0,12.750181221367212,0.12628620139144783,,,,,,,,,,,,,,,,0.0078125,1537,2048,331.140625,495.29296875,48,48,4096,4096,4096,8.948780106962658,9.48877130704932,,,,,,,,,1,-1,0.38959686123698983,0,0,1,,,,,,0.6678822040557861,0.023933976888656616,0.1649465560913086,0.008652959950268269,0.9984462261199951,,,,,,,,,,,,,0.014893107931129634,0.0015912158269202337,0.00022616994101554155,0.7666512989671901,0.07089610105686006,0.007491118973121047,0.06213414401281625,0.004685164552938659,0.0004708999767899513,0,0,0,,,,,1,0.5546875,0,142
32,4428.910819899,1787518335.777095,0.58203125,1.474514954580286e-17,100.25796890258789,0.31493717432022095,1,-1,0.6875,0.5331213474273682,0.0075794062577188015,1.0113191604614258,0.9615527391433716,0.8562602996826172,0,0,0.04028695821762085,0.005250473506748676,1.0052642822265625,0.24963060021400452,0.00014721043407917023,-0.00021740421652793884,0.039684876799583435,0.005250473506748676,1,1,0.0052504733903333545,1,6.96875,183.34375,0.039684879163577505,0.03125,0,2649.125,0,13.320397059334066,0.046050083475331426,0.5746038634171505,6030,0.8468997500989663,2223.6875,0.3808173146098852,0.6760603692208549,7137.46875,0.9053723404775889,2385.4375,0.41258883848786354,0.08209021103377376,0.48296382948979893,5103.78125,0.8241544243819345,2171.0625,7.662716567516327,0,0,1.4342969776548251,0.6847585970451266,0,12.977530636426241,0.05382725323126567,,,,,,,,,,,,,,,,0.00390625,1700,2048,316.63671875,474.0859375,36,36,4096,4096,4096,8.913689845008776,8.933272173046134,,,,,,,,,0.8571428571428572,-1,0.40954803361356124,0,0,1,,,,,,0.5161843299865723,0.023753974586725235,0.17618179321289062,0.008570197969675064,0.9984167218208313,,,,,,,,,,,,,0.01031797903124243,0.001588871658896096,0.00021946988999843597,0.6333762699505314,0.06049877093573741,0.005821879953145981,0.017449639039114118,0.004371511501176428,0.0004680999554693699,0,0,0,,,,,1,0.58203125,0,149
33,4538.856659711,1787518446.5606697,0.4765625,1.9081958235744878e-17,97.48437166213989,0.3227241039276123,0.8571428656578064,-1,0.65625,0.5387792587280273,0.011353231966495514,1.008406639099121,0.9594347476959229,0.8461732864379883,0,0,0.042796775698661804,0.00535420561209321,1.0053685903549194,0.1950608193874359,-0.002820405177772045,-0.0030157314613461494,0.04200999438762665,0.00535420561209321,1,1,0.005354205728508532,1,6.96875,186.96875,0.04200999146792911,0.03125,0,2533.09375,0,21.05076682823318,0.0925826899377329,0.575999041298725,5695.15625,0.8495137630850458,2105.1875,0.3363071121275425,0.6802158349873323,6817.03125,0.9083020914674061,2269.34375,0.4000161923468113,0.08451978570394664,0.48742370562971804,4893.1875,0.8273538945832912,2069.3125,7.145289033651352,0,0,1.4402803454474127,0.7071571566153583,0,21.135296531883377,0.09860392869616047,,,,,,,,,,,,,,,,0.00390625,1388,2048,385.0859375,608.03125,44,44,4096,4096,4096,10.579534181044437,10.091631585964933,,,,,,,,,1,-1,0.4474987173622024,0,0,1,,,,,,0.8697772026062012,0.025073371827602386,0.215867280960083,0.008911601267755032,0.9984132051467896,,,,,,,,,,,,,0.005958990077488124,0.0013682843014066748,0.00019971001893281937,0.7380562019534409,0.061313230714858946,0.008126839995384216,0.01779046794399619,0.005282416610043583,0.0005198499420657754,0,0,0,,,,,1,0.4765625,0,122
34,4646.777113461,1787518555.6478662,0.50390625,8.673617379884035e-18,96.62883019447327,0.36674630641937256,1,-1,0.78125,0.5523011684417725,0.01019169669598341,1.0115079879760742,0.9510985612869263,0.849876880645752,0,0,0.05118902772665024,0.00931366067379713,1.0093570947647095,0.29533353447914124,-0.032251305878162384,-0.030908571556210518,0.050640854984521866,0.00931366067379713,1,1,0.00931366067379713,1,7,254.125,0.05064085556917512,0.03125,0,3080.6875,0,12.256218332078273,0.023876128692625884,0.5777901983974535,7072,0.8525215078775801,2611.84375,0.33588731102645397,0.678986117473686,8352.03125,0.9096690536406493,2794.5,0.3924219310283661,0.1020580874982672,0.4994158788280696,6139.25,0.8377822095519606,2574.71875,8.073191285133362,0.03125,0,1.4534324272386099,0.6763047414459213,0,11.336661161120446,0.027997358495143572,,,,,,,,,,,,,,,,0.00390625,1388,2048,335.73046875,528.9609375,43,43,4096,4096,4096,9.001863006036729,10.079384527052753,,,,,,,,,1,-1,0.37542492931479715,0,0,1,,,,,,0.7517653703689575,0.024612467736005783,0.20033597946166992,0.008941483683884144,0.9983882308006287,,,,,,,,,,,,,0.007878249045461416,0.001632333991892665,0.0002032499760389328,0.7608228499302641,0.06473968969385169,0.007931979955174029,0.015263278968632221,0.005332035874289431,0.0005999300628900528,0,0,0,,,,,1,0.50390625,0,129
35,4757.127251006,1787518663.557248,0.5,1.0408340855860843e-17,95.4638044834137,0.2969762682914734,1,-1,0.625,0.5436662435531616,0.010207338258624077,1.0130672454833984,0.956976056098938,0.8757162094116211,0,0,0.04508934170007706,0.00609635841101408,1.0061149597167969,0.26819947361946106,0.012393232434988022,0.011172115802764893,0.044507380574941635,0.00609635841101408,1,1,0.006096358061768115,1,6.96875,217.0625,0.04450738106852497,0.03125,0,2685.84375,0,10.226247164714422,0.05082555649888091,0.5840847479960455,6163.5,0.8614628367965964,2277.75,0.3220877628773451,0.6812894672798397,7266.96875,0.9151711793159614,2434.96875,0.40385681949555874,0.07747740021550827,0.5019423691266949,5355.75,0.842289265978456,2239.03125,6.7741546630859375,0,0,1.427222425880629,0.6749311210462436,0,10.12266974955406,0.05596564986399557,,,,,,,,,,,,,,,,0.00390625,1330,2048,358.37109375,566.0703125,42,42,4096,4096,4096,9.854640378034674,9.537564196973108,,,,,,,,,1,-1,0.4330127018922193,0,0,1,,,,,,0.887768030166626,0.024612993001937866,0.2008194923400879,0.008839632384479046,0.9984185695648193,,,,,,,,,,,,,0.008639890002086759,0.0014047173799554002,0.00021415995433926582,0.7553011800628155,0.06692256388669193,0.009140928974375129,0.01444068900309503,0.0043777650216725306,0.0004897899925708771,0,0,0,,,,,1,0.5,0,128
36,4869.899092007,1787518774.1450815,0.5859375,0,98.03645396232605,0.34453141689300537,1,-1,0.6875,0.5461450815200806,0.009370763786137104,1.0098648071289062,0.9610328674316406,0.8773245811462402,0,0,0.04107283800840378,0.005403551273047924,1.005418062210083,0.2776819169521332,-0.020131267607212067,-0.02229882776737213,0.04032261669635773,0.005403551273047924,1,1,0.00540355104021728,1,6.9375,207.21875,0.04032261621577318,0.03125,0,2866.96875,0,41.4302432575091,0.07470149198309872,0.5802682621003359,6555.5,0.8577558624531041,2427.0625,0.33640836738049984,0.681433421687291,7784.34375,0.9146289859573093,2604.375,0.45023682713508606,0.07572087719540141,0.4909227651353961,5628.3125,0.8327450759783978,2378.84375,6.522788047790527,0,0,1.4422562869194795,0.6813009644242668,0,35.89503828420834,0.08184240884671726,,,,,,,,,,,,,,,,0.00390625,1612,2048,334.9921875,510.9375,50,50,4096,4096,4096,8.971324429963715,9.428336256998591,,,,,,,,,1,-1,0.44031528592635544,0,0,1,,,,,,0.5978336334228516,0.025330089032649994,0.240264892578125,0.009206320159137249,0.9983617663383484,,,,,,,,,,,,,0.009035280090756714,0.0015277707234417903,0.00019955902826040983,0.6571703689405695,0.05369427651976366,0.002297159982845187,0.019457259098999202,0.004762095208661776,0.00045168003998696804,0,0,0,,,,,1,0.5859375,0,150
37,4985.682263759,1787518886.4142537,0.640625,1.0408340855860843e-17,100.09109902381897,0.37907299399375916,1,-1,0.8125,0.565062403678894,0.010748861357569695,1.0134410858154297,0.9542332291603088,0.8539366722106934,0,0,0.04790063947439194,0.00717324810102582,1.0071990489959717,0.2626797556877136,-0.0017142556607723236,-0.003629818558692932,0.04742366820573807,0.00717324810102582,1,1,0.0071732476353645325,1,7,212.40625,0.04742366557189891,0.03125,0,2679.9375,0,12.734989847746297,0.00327540256020768,0.5883274317563865,6230.6875,0.8670736455313175,2299.90625,0.3236200176179409,0.6879752047176673,7338.84375,0.922713952195846,2457.65625,0.3982162792235613,0.0837235279876207,0.5062063286604219,5375.53125,0.8465427929367251,2254.21875,7.481499582529068,0,0,1.4302765620319844,0.6951966971056426,0,12.155431008668113,0.0032799128931870133,,,,,,,,,,,,,,,,0,1481,2021,353.36328125,558.30078125,39,39,4096,4096,4096,10.497630588011816,9.696588331949897,,,,,,,,,1,-1,0.36421567954234174,0,0,1,,,,,,0.6250061988830566,0.025265976786613464,0.1713409423828125,0.009167216718196869,0.9983493089675903,,,,,,,,,,,,,0.010463288985192776,0.0016488843034494494,0.0001959300134330988,0.7513192809419706,0.06997075976187261,0.00919478910509497,0.017319708946160972,0.005250824568065582,0.0005131399957463145,0,0,0,,,,,1,0.640625,0,164
38,5094.562232929,1787519003.1439133,0.46875,4.7704895589362195e-18,103.7128176689148,0.24915137887001038,1,-1,0.59375,0.5579277276992798,0.006016233470290899,1.0213537216186523,0.9603763818740845,0.8050322532653809,0,0,0.0413404256105423,0.004805886186659336,1.0048174858093262,0.19386839866638184,-0.005240702070295811,-0.006931712850928307,0.040880367159843445,0.004805886186659336,1,1,0.004805886186659336,1,6.96875,225.75,0.040880366499090715,0.03125,0,2826.90625,0,25.968034536644222,0.05365000044337814,0.5879093975587035,6512.53125,0.8670025095743246,2408.375,0.32663021981716156,0.6844098004167539,7677.90625,0.9191941160299013,2571.625,0.4250278268009424,0.070633377302701,0.5055140558842626,5639.34375,0.846365696336346,2364.59375,6.585786759853363,0,0,1.4487392545212245,0.6828324465414944,0,23.641102664044883,0.05750864779035147,,,,,,,,,,,,,,,,0.0234375,1527,2048,449.0703125,670.078125,48,48,4096,4096,4096,10.391027098055929,9.325359177077189,,,,,,,,,1,-1,0.42408364596563985,0,0,1,,,,,,0.6474044322967529,0.02335338294506073,0.14692020416259766,0.00843085441738367,0.9984842538833618,,,,,,,,,,,,,0.006881559966132045,0.0013141899830770853,0.00021652004215866327,0.6548233500216156,0.06283383898380634,0.005158359999768436,0.018126448150724173,0.004482874567202089,0.0006397910183295608,0,0,0,,,,,1,0.46875,0,120
39,5207.270824706,1787519111.2121005,0.6796875,3.469446951953614e-18,95.78322267532349,0.35601258277893066,1,-1,0.71875,0.5479074716567993,0.008909156545996666,1.0122461318969727,0.9668235778808594,0.9031429290771484,0,0,0.034716956317424774,0.004459100775420666,1.0044690370559692,0.3039167821407318,0.0015532393008470535,-0.0004052650183439255,0.034059975296258926,0.004459100775420666,1,1,0.004459100775420666,1,7,234.1875,0.03405997397434252,0.03125,0,3592.5625,0,9.79171224164061,0.047364693771229364,0.578954125391949,8112.3125,0.8548807224428938,3007.875,0.3618188090622425,0.6819155269200504,9691.28125,0.9134389388328262,3238.03125,0.42154453694820404,0.060412105331776725,0.4880549795072425,6877.4375,0.8303357562283888,2934.5,6.897781491279602,0,0,1.4619978332651784,0.6902870789875942,0,8.99486208288015,0.048914040518620354,,,,,,,,,,,,,,,,0.0078125,1388,2048,370.828125,559.1796875,46,46,4096,4096,4096,9.914836162002757,10.291945826960728,,,,,,,,,0.8571428571428572,-1,0.402479559628023,0,0,1,,,,,,0.5332427024841309,0.02500465326011181,0.1328721046447754,0.009015202522277832,0.9983906149864197,,,,,,,,,,,,,0.004551429999992251,0.00121622383585418,0.00020595092792063951,0.7258359231054783,0.06417077214473466,0.007816300028935075,0.057635695091448724,0.004175043447503413,0.00044351001270115376,0,0,0,,,,,1,0.6796875,0,174
40,5328.82258777,1787519224.1328964,0.46484375,1.214306433183765e-17,100.48814821243286,0.3044359087944031,0.8571428656578064,-1,0.625,0.5552686452865601,0.007326521445065737,1.0103626251220703,0.9671186804771423,0.8655962944030762,0,0,0.034688837826251984,0.004860806278884411,1.0048725605010986,0.2209583818912506,0.020174287259578705,0.01659594476222992,0.03386884182691574,0.004860806278884411,1,1,0.004860806395299733,1,6.96875,205.5625,0.03386884094961894,0.03125,0,2966.625,0,8.818675103623367,0.13304672268282858,0.5877811432771629,6782.8125,0.8666166726531133,2509.21875,0.34229041263461113,0.6862197257449214,8019.5625,0.9220989263414863,2688.9375,0.40120515413582325,0.058464481414771494,0.4951826188136251,5799.34375,0.8399560916647821,2454.375,6.104173541069031,0,0,1.4231956448550842,0.6922422845299894,0,8.89050874751946,0.13158568442555513,,,,,,,,,,,,,,,,0.02734375,1543,2048,429.7109375,603.6875,41,41,4096,4096,4096,10.313033255049959,9.383370271068998,,,,,,,,,1,-1,0.3754249293147971,0,0,1,,,,,,0.5238783359527588,0.02448459155857563,0.17134594917297363,0.008870233781635761,0.9984122514724731,,,,,,,,,,,,,0.0050287890480831265,0.001219275229232153,0.00017374998424202204,0.6572246089344844,0.06395526667074591,0.007664129021577537,0.06002876500133425,0.004053791961268871,0.0004945200635120273,0,0,0,,,,,1,0.46484375,0,119
41,5438.403468589,1787519346.8219266,0.5,7.806255641895632e-18,109.54831528663635,0.27140945196151733,1,-1,0.59375,0.5461610555648804,0.007615965325385332,1.0165319442749023,0.9710642695426941,0.8811435699462891,0,0,0.030501579865813255,0.0038193422369658947,1.00382661819458,0.23030222952365875,-0.030275940895080566,-0.030544862151145935,0.02972152642905712,0.0038193422369658947,1,1,0.0038193424697965384,1,7,219.46875,0.02972152534450099,0.03125,0,3437.6875,0,10.752044129679163,0.100338362619611,0.5827420073992036,7821.4375,0.8612684533067214,2898.15625,0.3320682030171156,0.6846024673287969,9288.96875,0.9188665602626537,3110.65625,0.4078349806368351,0.053532301788952893,0.4885474176804518,6671.15625,0.8348577738836271,2842.53125,6.4502251744270325,0,0,1.4052980196730331,0.6832402513356673,0,10.83189788689896,0.11012153210059324,,,,,,,,,,,,,,,,0.0546875,1577,2048,530.8828125,784.87109375,46,46,4096,4096,4096,11.303645022911951,9.701648882008158,,,,,,,,,1,-1,0.40089186286863654,0,0,1,,,,,,0.8593132495880127,0.023127922788262367,0.33321690559387207,0.00846785120666027,0.9984140992164612,,,,,,,,,,,,,0.05004331492818892,0.0015154364123191044,0.00019620999228209257,0.7665379790123552,0.05881755357495422,0.003791669034399092,0.014743397943675518,0.004470896837119653,0.0005590199725702405,0,0,0,,,,,1,0.5,0,128
42,5554.359872154,1787519454.8874328,0.66796875,1.214306433183765e-17,95.9183132648468,0.3112901747226715,1,-1,0.71875,0.5290299654006958,0.007267586421221495,1.0221309661865234,0.9678027033805847,0.8032970428466797,0,0,0.03350494056940079,0.003933538217097521,1.003941297531128,0.25351884961128235,0.0032537374645471573,0.0013234051875770092,0.033023715019226074,0.003933538217097521,1,1,0.003933538217097521,1,7,270.4375,0.0330237165742856,0.03125,0,4247.0625,0,11.964664569878698,0.02879766408790442,0.5724008717282968,9520.65625,0.8467432799205241,3526.34375,0.3384239738807082,0.6787652869854481,11394.15625,0.9096180757740219,3807.75,0.406899930909276,0.06281966582893948,0.4827503747448586,8059.40625,0.8255018438244648,3452.6875,6.978302836418152,0,0,1.4633955079414975,0.6954740727655836,0,11.88957477763471,0.0319569895177364,,,,,,,,,,,,,,,,0,1428,1985,405.11328125,533.3671875,43,43,4096,4096,4096,8.94444797001779,10.093281793990172,,,,,,,,,1,-1,0.3453407072466735,0,0,1,,,,,,0.7471507787704468,0.024769376963377,0.21091914176940918,0.009055042639374733,0.9983616471290588,,,,,,,,,,,,,0.00475061999168247,0.001218976186009968,0.0001841000048443675,0.7528816150734201,0.06402070490548795,0.005435329047031701,0.014311830047518015,0.003523101864630007,0.00043188000563532114,0,0,0,,,,,1,0.66796875,0,171
43,5674.884902149,1787519571.396591,0.66015625,1.474514954580286e-17,103.87358832359314,0.2564803659915924,1,-1,0.59375,0.541888415813446,0.005458088591694832,1.0107431411743164,0.9737840890884399,0.861905574798584,0,0,0.027588803321123123,0.002958913566544652,1.0029633045196533,0.1840137094259262,-0.011325979605317116,-0.010903662070631981,0.026861030608415604,0.002958913566544652,1,1,0.002958913566544652,1,7,186,0.026861031308237124,0.03125,0,3240.90625,0,9.39413212236167,0.08199944669952344,0.584462911136847,7425.09375,0.8649887868175103,2752.09375,0.336064875125885,0.6869947545234203,8810.25,0.921940829134634,2949.65625,0.3824765793979168,0.050581668978782454,0.4831683917163949,6240.71875,0.8319498772681799,2679.4375,6.689064264297485,0,0,1.4575627593502336,0.6873659265662306,0,9.374353939288707,0.08873318911166803,,,,,,,,,,,,,,,,0.01953125,1553,2048,479.77734375,660.8671875,43,43,4096,4096,4096,10.53656979999505,9.352651569992304,,,,,,,,,1,-1,0.37201190457142247,0,0,1,,,,,,0.5274190902709961,0.0242143664509058,0.15651631355285645,0.008862675167620182,0.9983779788017273,,,,,,,,,,,,,0.00694212899543345,0.0013218636063356826,0.0002091600326821208,0.6798364809947088,0.06242200383985619,0.00293484004214406,0.01450464001391083,0.004372794674054603,0.0006562899798154831,0,0,0,,,,,1,0.66015625,0,169
44,5797.399444735,1787519692.0146475,0.6484375,0,107.83801913261414,0.2804873585700989,1,-1,0.625,0.5371987819671631,0.00493622338399291,1.019883155822754,0.9718495011329651,0.9149942398071289,0,0,0.029389385133981705,0.0034335649106651545,1.0034395456314087,0.27748268842697144,0.04079684987664223,0.038615524768829346,0.028804022818803787,0.0034335649106651545,1,1,0.0034335649106651545,1,7,240.0625,0.028804024148434755,0.03125,0,3838.21875,0,24.188707974579376,0.09839616628212211,0.5842819311588547,8725.96875,0.8634468836210307,3231.5625,0.33446020632982254,0.6878146639731262,10394.125,0.9221136646158065,3476.46875,0.3943561241030693,0.056137692375589965,0.48754267851157235,7428.46875,0.8374752362732056,3176.9375,6.833907604217529,0,0,1.437798124227362,0.6995084072239742,0,22.530896718425875,0.10165069598926217,,,,,,,,,,,,,,,,0.0234375,1643,2048,518.296875,701.40234375,50,50,4096,4096,4096,10.659920966951177,9.698678744025528,,,,,,,,,1,-1,0.42558483170760664,0,0,1,,,,,,0.590266227722168,0.023641586303710938,0.2596149444580078,0.008687549270689487,0.9983963370323181,,,,,,,,,,,,,0.006658619036898017,0.0012620651159522822,0.0002250999677926302,0.7389738059137017,0.06387234633666594,0.004685229039750993,0.06338698300532997,0.004408666636663838,0.0004295200342312455,0,0,0,,,,,1,0.6484375,0,166
45,5918.504072481,1787519814.618374,0.546875,8.673617379884035e-18,110.29219555854797,0.35133659839630127,1,-1,0.8125,0.5190460681915283,0.007079689763486385,1.019434928894043,0.9705451726913452,0.9091801643371582,0,0,0.030650995671749115,0.004088159650564194,1.004096508026123,0.2744085490703583,0.026277124881744385,0.023644637316465378,0.03013339824974537,0.004088159650564194,1,1,0.0040881597669795156,1,7,254.4375,0.030133399058888732,0.03125,0,4146.375,0,33.78051575072864,0.05116440762772447,0.5765396292265352,9365.53125,0.8510792042258739,3462.03125,0.37779130693525076,0.6807614712189405,11147.25,0.912573023387502,3725.9375,0.42208849638700485,0.055974391918520376,0.4833440505253237,7924.84375,0.8285150951540876,3393.5625,6.798418641090393,0,0,1.4708512628343304,0.6767499611547956,0,38.5136829193529,0.055800647277046866,,,,,,,,,,,,,,,,0.05078125,1690,2048,617.51171875,824.4140625,43,43,4096,4096,4096,11.31170897197444,9.754255367908627,,,,,,,,,1,-1,0.384654629081036,0,0,1,,,,,,0.6274738311767578,0.023326190188527107,0.17669248580932617,0.008495069108903408,0.9984443783760071,,,,,,,,,,,,,0.005820058984681964,0.0010737048723967746,0.00020713009871542454,0.7500250150915235,0.07195778791947305,0.006349378963932395,0.012963938876055181,0.004088936785592523,0.0005332999862730503,0,0,0,,,,,1,0.546875,0,140
46,6047.730736365,1787519935.639491,0.640625,6.938893903907228e-18,108.31213998794556,0.27854254841804504,1,-1,0.6875,0.5136517286300659,0.006312698125839233,1.0106754302978516,0.973116397857666,0.8657703399658203,0,0,0.027644004672765732,0.003773254808038473,1.0037803649902344,0.2777082920074463,-0.010201232507824898,-0.00977429561316967,0.027423705905675888,0.003773254808038473,1,1,0.0037732546916231513,1,7,277.46875,0.027423705074086355,0.03125,0,4940.09375,0,11.396820125557502,0.047369574822474884,0.5680656866831267,11070.65625,0.8413084870893291,4102.03125,0.35007391683757305,0.6781052863011685,13298.1875,0.9068010192604299,4436.6875,0.4070505164563656,0.05415105592729061,0.4725307834299035,9313.375,0.8157948450753387,4007.40625,8.034851431846619,0,0,1.465658577282359,0.6816337556201476,0,10.681370272692778,0.0492333615271613,,,,,,,,,,,,,,,,0.03515625,1700,2048,485.4921875,629.77734375,32,32,4096,4096,4096,10.585789424949326,9.280516996979713,,,,,,,,,1,-1,0.3553526561095071,0,0,1,,,,,,1.3427989482879639,0.02311301790177822,0.21465587615966797,0.008545503951609135,0.9983880519866943,,,,,,,,,,,,,0.005224748980253935,0.0012037917645102425,0.00020958995446562767,0.6550269849831238,0.05328280451658429,0.005021018907427788,0.01190972700715065,0.003546364730937057,0.0005285600200295448,0,0,0,,,,,1,0.640625,0,164
47,6174.333919329,1787520065.1670794,0.609375,6.938893903907228e-18,116.50227880477905,0.24466530978679657,1,-1,0.53125,0.5250115394592285,0.005424262024462223,1.0122861862182617,0.9780949354171753,0.9084362983703613,0,0,0.023006118834018707,0.0029620248824357986,1.0029665231704712,0.16965457797050476,-0.025585243478417397,-0.025529086589813232,0.02236803248524666,0.0029620248824357986,1,1,0.0029620248824357986,1,6.9375,201.03125,0.022368033225226056,0.03125,0,3883.9375,0,6.534428188574821,0.20035401950438325,0.5756682047087858,8645.15625,0.8511188254231818,3203.84375,0.4091818854212761,0.6826693669269913,10401.28125,0.9126033572672746,3463.84375,0.4467936307191849,0.04135703163767109,0.4670595790924987,7191.75,0.8159623998041908,3115.09375,5.756078660488129,0,0,1.445217318942873,0.6642576121338494,0,6.087293119524768,0.20588162404367666,,,,,,,,,,,,,,,,0.09375,1883,2048,663.52734375,892.2734375,71,71,4096,4096,4096,11.740903328056447,9.79858315398451,,,,,,,,,1,-1,0.3499271061118826,0,0,1,,,,,,0.6381561756134033,0.023014074191451073,0.1683950424194336,0.008475491777062416,0.9984162449836731,,,,,,,,,,,,,0.00653449899982661,0.0012537863012767048,0.00017975992523133755,0.6751614320091903,0.06104377119254423,0.004926408990286291,0.04989901510998607,0.005058235397882527,0.0005828309804201126,0,0,0,,,,,1,0.609375,0,156
48,6297.78603589,1787520191.4417813,0.45703125,6.938893903907228e-18,113.50782251358032,0.24100543558597565,1,-1,0.53125,0.5034423470497131,0.004540629684925079,1.0155048370361328,0.9744703769683838,0.885002613067627,0,0,0.026428110897541046,0.0026885669212788343,1.0026921033859253,0.2095331847667694,0.03439481928944588,0.031834956258535385,0.026063717901706696,0.0026885669212788343,1,1,0.0026885669212788343,1,7,300.59375,0.026063716561541574,0.03125,0,5308.21875,0,17.575891929960658,0.0678232582984072,0.5637549592550236,11788.90625,0.8347074665814703,4366,0.39618769474327564,0.6727872823241238,14131.0625,0.8993844531739548,4717.4375,0.4385214317589998,0.04670576713979813,0.4682111163389501,9898.53125,0.8105332861131105,4269.8125,7.521092355251312,0,0,1.4846753400996624,0.6701813573527291,0,17.05264775760224,0.06783667889603215,,,,,,,,,,,,,,,,0.078125,1787,2048,659.0703125,840.70703125,50,50,4096,4096,4096,11.413283391972072,10.057313918019645,,,,,,,,,1,-1,0.3936679943758679,0,0,1,,,,,,0.6943693161010742,0.022362692281603813,0.17132973670959473,0.008211838081479073,0.9984381794929504,,,,,,,,,,,,,0.007412389037199318,0.0012258375086275919,0.00020205008331686258,0.7505349150160328,0.06378760498591873,0.005081339972093701,0.05986630404368043,0.004249194774274656,0.0006357289385050535,0,0,0,,,,,1,0.45703125,0,117
49,6950.719735446,1787520314.919766,0.78125,6.071532165918825e-18,110.63764643669128,0.2826838493347168,1,-1,0.625,0.5018177032470703,0.00701782526448369,1.004918098449707,0.9777247905731201,0.922095775604248,0,0,0.022918108850717545,0.003122220980003476,1.003127098083496,0.24611002206802368,-0.027568770572543144,-0.027263296768069267,0.022652609273791313,0.003122220980003476,1,1,0.003122220980003476,1,7.03125,269.84375,0.02265260922978002,0.03125,0,5272.5625,0,39.3746734171772,0.05144329180950824,0.5548033300187376,11478.125,0.8230152913985784,4262.5,0.3607846088707447,0.6663127654850343,13904.0625,0.8884462788633446,4624.75,0.44758569449186325,0.039481424115885164,0.4579597390369907,9578.46875,0.7958865537255843,4153.84375,7.421406924724579,0.03125,0,1.490164538429452,0.6629981578469946,0,45.107309341602544,0.05731076978735965,,,,,,,,,,,,,,,,0.01953125,1761,2048,579.45703125,733.65234375,58,58,4096,4096,4096,10.829028881038539,9.834535541012883,,,,,,,,,0.7142857142857143,-1,0.32142857142857145,0,0,1,,,,,,0.6342728137969971,0.023055601865053177,0.17045044898986816,0.008423174731433392,0.9984104037284851,,,,,,,,,,,,,0.005962950061075389,0.001189073268960783,0.00018986000213772058,0.7976785300998017,0.060852736978176836,0.005665249074809253,0.06181346287485212,0.004024640514217026,0.0005646699573844671,0,0,0,,,,,1,0.78125,0,200
50,7084.768417741,1787520969.464968,0.57421875,8.673617379884035e-18,640.1134922504425,0.1735180914402008,0.7142857313156128,-1,0.4375,0.4931546449661255,0.005441057495772839,1.0093927383422852,0.9775859117507935,0.9163122177124023,0,0,0.02323557250201702,0.0016428821254521608,1.001644253730774,0.09297272562980652,-0.017204217612743378,-0.017749857157468796,0.022848842665553093,0.0016428821254521608,1,1,0.0016428821254521608,1,6.96875,225.5,0.022848842065216368,0.03125,0,4635.65625,0,8.595361827863034,0.10873461613281893,0.5581034230019566,10155.03125,0.8261921281210571,3763.6875,0.3830370847135782,0.6676748358669898,12240.09375,0.8915812537237664,4078.4375,0.43224244751036167,0.03975736733043567,0.45910702155500765,8447.75,0.7973361519915119,3664.96875,6.689828634262085,0,0,1.4593785637536094,0.6749456754860386,0,8.266258164930633,0.11732240295477687,800,50,0.5262500047683716,0.52625,528.273645526031,0.09875,1883,2048,693.54248046875,902.35375,43,43,4096,4096,4096,0.08203125,1772,2048,618.0234375,786.3515625,57,57,4096,4096,4096,3.170518018301844,9.868530254927464,1,9.575673587391974e-18,-1,0.28603766349472015,0.2,0.21,0.59,0.52625,1,-1,0.37201190457142247,0,0,1,0.8188503980636597,0.023082103542983533,0.25969648361206055,0.008455656990408898,0.9983946859836579,0.7240774631500244,0.021922443062067032,0.3505864143371582,0.008034337311983109,0.9984358549118042,28.657763144001365,5.5691057496189025,0.00017439096700400114,28.694611019920558,1.5760243749368237,0.0006048999493941665,51.03334622900002,3.2141767696391614,0.0004799399757757783,0,0,0,0.008084479020908475,0.0012221114038766245,0.0002000490203499794,0.7656315789790824,0.047759164750459604,0.0023524799617007375,0.013594539021141827,0.0035079490103271382,0.0005138700362294912,0,0,0,1,0.52625,0,4.21,1,0.57421875,0,147
51,7215.499868436,1787521102.0057592,0.62890625,1.734723475976807e-18,119.5853316783905,0.2677420973777771,1,-1,0.625,0.4863557815551758,0.005725234746932983,1.0088024139404297,0.9813970923423767,0.8743524551391602,0,0,0.01942206546664238,0.002035856246948242,1.0020378828048706,0.19369977712631226,0.019034981727600098,0.016834044829010963,0.0189735796302557,0.002035856246948242,1,1,0.002035856246948242,1,7,223.84375,0.018973579165082986,0.03125,0,4944.1875,0,11.921125853258916,0.13439786231295298,0.5456860081790228,10448.4375,0.8089086081448633,3877.3125,0.37081244215369225,0.6595628783017782,12747.03125,0.8772703404365807,4225.4375,0.4434430368710309,0.0320900542636898,0.4444879591678333,8666.4375,0.7768562619418983,3780.40625,6.528218030929565,0,0,1.4859189150398326,0.6752067084117249,0,11.30178958890545,0.14523136563133773,,,,,,,,,,,,,,,,0.08203125,1830,2048,741.0546875,929.93359375,42,42,4096,4096,4096,12.401762960013002,10.558911230997182,,,,,,,,,1,-1,0.3526503153237768,0,0,1,,,,,,0.7265567779541016,0.021181944757699966,0.23662900924682617,0.007798336446285248,0.9984772801399231,,,,,,,,,,,,,0.005871949950233102,0.001159238067430124,0.00022675003856420517,0.8095069549744949,0.0657288995566887,0.0035204089945182204,0.014046958996914327,0.0039685816359451564,0.0006483700126409531,0,0,0,,,,,1,0.62890625,0,161
52,7343.429444629,1787521232.495303,0.6484375,4.336808689942018e-18,117.79281449317932,0.23129141330718994,1,-1,0.5625,0.4738408923149109,0.004262343980371952,1.0075874328613281,0.9819628000259399,0.9094910621643066,0,0,0.018694786354899406,0.002241813810542226,1.0022443532943726,0.15612024068832397,-0.029075685888528824,-0.028262166306376457,0.01831531524658203,0.002241813810542226,1,1,0.002241813810542226,1,7,260.96875,0.01831531386364635,0.03125,0,5928.4375,0,8.523560605613538,0.09565436985535233,0.5423738360079037,12485.96875,0.8032821595034159,4629.625,0.3778003118932247,0.6585728653618509,15303.71875,0.8745960821996233,5067.84375,0.4311242364346981,0.03288577890176608,0.44007792976429544,10330.78125,0.7746135707595591,4524.21875,7.218043267726898,0.03125,0,1.461728643362575,0.6734204868064406,0,9.05191338172164,0.0947594349108448,,,,,,,,,,,,,,,,0.1328125,1808,2048,746.625,949.4296875,72,72,4096,4096,4096,12.212317927973345,9.934481509961188,,,,,,,,,1,-1,0.31542003094028026,0,0,1,,,,,,0.846731424331665,0.02082979492843151,0.26143383979797363,0.007662320509552956,0.998468279838562,,,,,,,,,,,,,0.0059484089724719524,0.0012216341829116573,0.00020557001698762178,0.8058016549330205,0.07670117936640963,0.009849439025856555,0.010697629069909453,0.00395863399899099,0.0006062400061637163,0,0,0,,,,,1,0.6484375,0,166
53,7472.470364797,1787521360.5443978,0.68359375,1.214306433183765e-17,115.25780296325684,0.18810495734214783,1,-1,0.40625,0.45502567291259766,0.004455748479813337,1.0037164688110352,0.9831304550170898,0.928105354309082,0,0,0.017211854457855225,0.0015914365649223328,1.0015926361083984,0.16735267639160156,0.02180207148194313,0.021425504237413406,0.01708565279841423,0.0015914365649223328,1,1,0.0015914365649223328,1,6.96875,258.90625,0.01708565240981283,0.03125,0,5973,0,13.758513661199398,0.09422112385157279,0.5303843751760484,12420.53125,0.7851986708933467,4603.09375,0.3494284152984619,0.6458544488060232,15237.34375,0.8566422107939274,5041.9375,0.42689187824726105,0.026752812212379094,0.43026277795051976,10196.71875,0.7554648930173782,4473.0625,6.876237869262695,0,0,1.4501900371148935,0.6589142898845163,0,14.220305431074767,0.09387861183031833,,,,,,,,,,,,,,,,0.1015625,1841,2048,716.19140625,888.984375,46,46,4096,4096,4096,11.527112642070279,9.740523827960715,,,,,,,,,1,-1,0.3282995769794685,0,0,1,,,,,,0.729550838470459,0.0212270338088274,0.21909308433532715,0.007753930054605007,0.9984908103942871,,,,,,,,,,,,,0.005570519948378205,0.0011497503196551406,0.00019158003851771355,0.7675873689586297,0.0644595088965616,0.002886009984649718,0.07305814302526414,0.003714295385634614,0.0004935399629175663,0,0,0,,,,,1,0.68359375,0,175
54,7609.203816397,1787521489.9633496,0.7109375,1.734723475976807e-18,116.2433979511261,0.21581648290157318,1,-1,0.5,0.47200483083724976,0.004035437945276499,1.0106992721557617,0.9840027093887329,0.9147586822509766,0,0,0.01684107631444931,0.001355901826173067,1.001356840133667,0.20064830780029297,0.026648757979273796,0.02550423890352249,0.01625186763703823,0.001355901826173067,1,1,0.001355901826173067,1,7,246.3125,0.016251867787037123,0.03125,0,5729.53125,0,11.899668743888485,0.11833775465929337,0.5433936566118618,12054.46875,0.8045272758313972,4468.53125,0.3616366274654865,0.6576321829780356,14767.875,0.8742622384717706,4886.0625,0.4403537828475237,0.027839812953446504,0.43992511343376417,9931.9375,0.7727278447494822,4350.15625,6.828413367271423,0,0,1.4989887046193187,0.6730316706493739,0,12.006130841183115,0.12352490367911868,,,,,,,,,,,,,,,,0.10546875,1874,2048,738.2421875,912.55859375,65,65,4096,4096,4096,11.752745414036326,9.802640145993792,,,,,,,,,1,-1,0.2600039246171614,0,0,1,,,,,,0.7097039222717285,0.020655669271945953,0.23310637474060059,0.007606548722833395,0.9984878301620483,,,,,,,,,,,,,0.008166049025021493,0.0011831939668809355,0.00022549997083842754,0.7789922569645569,0.0611931188127528,0.0021084999898448586,0.0694603529991582,0.003817841089585272,0.0006215500179678202,0,0,0,,,,,1,0.7109375,0,182
55,7746.052734755,1787521626.845582,0.55859375,6.071532165918825e-18,123.46970868110657,0.1302793025970459,1,-1,0.34375,0.4564213752746582,0.0031984869856387377,1.0078182220458984,0.9844686388969421,0.9179129600524902,0,0,0.01607128232717514,0.0010243796277791262,1.0010249614715576,0.10550756007432938,0.0045810239389538765,0.0038894438184797764,0.015750981867313385,0.0010243796277791262,1,1,0.0010243796277791262,1,7,239.53125,0.01575098248123572,0.03125,0,5905.9375,0,7.734248281207566,0.1287209474472137,0.5370023346923956,12268.375,0.7955791421757177,4551.8125,0.36992229148745537,0.6543123383406555,15140.78125,0.8676559607595076,5002.34375,0.4697600528597832,0.024231888885885008,0.4365643791897729,10104.8125,0.7669152849901233,4443.59375,6.25476861000061,0,0,1.5061656587835117,0.6406369770806192,0,7.262210833657611,0.13716536739203705,,,,,,,,,,,,,,,,0.19140625,1830,2048,856.9609375,1061.40234375,57,57,4096,4096,4096,12.573840218014084,10.215186407906003,,,,,,,,,1,-1,0.3471825374147068,0,0,1,,,,,,1.1840527057647705,0.02034347876906395,0.5277490615844727,0.007419848348945379,0.9985211491584778,,,,,,,,,,,,,0.00653371901717037,0.0012322330717324803,0.0001919299829751253,0.8650855689775199,0.07137826727330321,0.0034326399909332395,0.014453619020059705,0.0040945433233900985,0.000777130015194416,0,0,0,,,,,1,0.55859375,0,143
56,7878.057570596,1787521763.536864,0.5390625,6.938893903907228e-18,123.45440721511841,0.21631288528442383,1,-1,0.5625,0.4521436393260956,0.005226488690823317,1.0058660507202148,0.9826813340187073,0.9284648895263672,0,0,0.017743349075317383,0.0020155776292085648,1.002017617225647,0.2357577383518219,0.004967459477484226,0.004638515412807465,0.01754813641309738,0.0020155776292085648,1,1,0.0020155777456238866,1,7.0625,291.34375,0.017548136511930372,0.03125,0,6855.6875,0,12.376461115350686,0.050759298847107046,0.5258412614068508,13903.75,0.7811900072395044,5163.53125,0.40903512202203274,0.6458435220508193,17264.53125,0.8541504743173642,5687.59375,0.433398375287652,0.03127523069389924,0.434464247128152,11616.28125,0.7615693744208967,5094.0625,8.608600735664368,0.0625,0,1.561682551580082,0.6509668826169556,0,12.499895329467687,0.055178152632034835,,,,,,,,,,,,,,,,0.171875,1883,2048,823.1015625,1002.87109375,49,49,4096,4096,4096,12.442536929971538,10.300537989009172,,,,,,,,,1,-1,0.38630906522828456,0,0,1,,,,,,1.035555362701416,0.020610053092241287,0.3512016534805298,0.0075471531599760056,0.9984956979751587,,,,,,,,,,,,,0.0058318100636824965,0.0012148518198955571,0.00023113004863262177,0.8372528619365767,0.07136672606429784,0.00468981999438256,0.01143882900942117,0.0038649183725283365,0.0006200199713930488,0,0,0,,,,,1,0.5390625,0,138
57,8016.430162064,1787521895.1214454,0.67578125,5.204170427930421e-18,118.76541900634766,0.28100329637527466,1,-1,0.65625,0.45637956261634827,0.0048597101122140884,1.0086231231689453,0.9838229417800903,0.9379072189331055,0,0,0.016638126224279404,0.001966517884284258,1.001968502998352,0.19826790690422058,-0.017086070030927658,-0.01692763715982437,0.01639488711953163,0.001966517884284258,1,1,0.0019665180006995797,1,7,262.71875,0.016394885539871982,0.03125,0,6584.8125,0,8.361585786018935,0.06012437714671957,0.5289945485189668,13467.875,0.7858295594856654,5008.1875,0.34759089164435863,0.6514592964440415,16771.625,0.8614633192817417,5526.3125,0.44802491553127766,0.02707433972168705,0.4323021789196293,11128.5625,0.7592018680510602,4890.53125,7.813745021820068,0,0,1.5003617247921246,0.6506975844733424,0,8.5294642913409,0.06105072269041653,,,,,,,,,,,,,,,,0.11328125,1841,2048,758.421875,912.62890625,50,50,4096,4096,4096,11.707812348031439,10.124612896004692,,,,,,,,,1,-1,0.30618621784789724,0,0,1,,,,,,1.257332444190979,0.020437464118003845,0.26418524980545044,0.0074230278842151165,0.998516857624054,,,,,,,,,,,,,0.005216429941356182,0.0011211155410819629,0.00022401998285204172,0.8385253520682454,0.06255964087904431,0.008266250020824373,0.012353588826954365,0.003247410717449384,0.0004927900154143572,0,0,0,,,,,1,0.67578125,0,173
58,8151.70631306,1787522033.676626,0.46875,6.071532165918825e-18,125.64738512039185,0.17218634486198425,1,-1,0.40625,0.4554476737976074,0.0032183914445340633,1.0241222381591797,0.9850354790687561,0.9345464706420898,0,0,0.015536257065832615,0.001256195013411343,1.0012569427490234,0.13639983534812927,-0.004838400520384312,-0.005266311578452587,0.015172997489571571,0.001256195013411343,1,1,0.001256195013411343,1,7,238.78125,0.015172997135290793,0.03125,0,6067.375,0,6.138736971256623,0.11641937282510893,0.530938226119146,12374.96875,0.7862645846028937,4592.5,0.41368489107117057,0.6515726520577181,15461.8125,0.8614781053697841,5084,0.44808321073651314,0.02500627889442503,0.42742540492665687,10155.0625,0.7547172084169831,4472.625,6.363473415374756,0,0,1.4828177586086806,0.6712542272920806,0,6.363749266141767,0.1261247187407137,,,,,,,,,,,,,,,,0.2265625,1841,2048,911.390625,1130.046875,43,43,4096,4096,4096,14.280070177977905,9.78079168801196,,,,,,,,,1,-1,0.3273268353539886,0,0,1,,,,,,1.4035370349884033,0.020290115848183632,0.39486682415008545,0.007363122887909412,0.9985362887382507,,,,,,,,,,,,,0.005804329994134605,0.0011143628394165717,0.0001802199985831976,0.7532363790087402,0.07030627784843091,0.004607219016179442,0.01659591996576637,0.0037013544192632253,0.0004884500522166491,0,0,0,,,,,1,0.46875,0,120
59,8294.89739514,1787522168.7782712,0.64453125,6.938893903907228e-18,122.27636003494263,0.20485876500606537,1,-1,0.46875,0.44990241527557373,0.0053956457413733006,1.0090923309326172,0.9832285046577454,0.8667893409729004,0,0,0.017341941595077515,0.0014859044458717108,1.0014870166778564,0.14880430698394775,0.010203327983617783,0.009590393863618374,0.0170455202460289,0.0014859044458717108,1,1,0.0014859044458717108,1,7,300.875,0.017045520970716495,0.03125,0,7291.125,0,7.664899792401304,0.10886132658933222,0.5246651934835053,14762.28125,0.7778840696786342,5484.125,0.4129829276353121,0.6469529422873297,18490.71875,0.8541199960294101,6072.125,0.4601442664861679,0.03198413512079258,0.4306057312586338,12294.5,0.7555431533031398,5397.28125,8.086139917373657,0,0,1.500396652779722,0.6419328820232422,0,7.37279620588618,0.10376964375546871,,,,,,,,,,,,,,,,0.16015625,1830,2048,862.96484375,1077.30078125,52,52,4096,4096,4096,13.762253336957656,9.861795419943519,,,,,,,,,0.8571428571428572,-1,0.343489001101274,0,0,1,,,,,,1.2997024059295654,0.01982327364385128,0.2773323059082031,0.007266941014677286,0.9985243082046509,,,,,,,,,,,,,0.005924229975789785,0.0012016616092296317,0.0002030100440606475,0.8500549310119823,0.07116403858708509,0.004564128932543099,0.014341310015879571,0.0038262149096226494,0.0004914699820801616,0,0,0,,,,,1,0.64453125,0,165
60,8429.376122937,1787522312.7323365,0.50390625,2.6020852139652106e-17,130.33214592933655,0.2227373868227005,0.8571428656578064,-1,0.5,0.4487955570220947,0.003756339428946376,1.0173921585083008,0.9843615293502808,0.9228739738464355,0,0,0.01636187545955181,0.0013900003395974636,1.001391053199768,0.14621290564537048,0.00215031486004591,0.0018359862733632326,0.015859398990869522,0.0013900003395974636,1,1,0.0013900003395974636,1,7,282.90625,0.015859399444813575,0.03125,0,6903.71875,0,6.648555783677714,0.049239057314630325,0.5263776745104005,13887.84375,0.7811795491427602,5162.65625,0.41784043051302433,0.6467360475566569,17389.125,0.8549706041050216,5715.125,0.4553535282611847,0.02505459413746261,0.43053394597474415,11492.8125,0.7564964836746686,5051.375,7.537659704685211,0,0,1.497353758675782,0.6270337899023508,0,6.681086960823505,0.051957520705274776,,,,,,,,,,,,,,,,0.265625,1913,2048,970.40625,1204.203125,80,80,4096,4096,4096,14.605501070036553,9.6890101559693,,,,,,,,,1,-1,0.3490146479587869,0,0,1,,,,,,0.7780036926269531,0.019130731001496315,0.3509185314178467,0.007023564074188471,0.9985376596450806,,,,,,,,,,,,,0.007394399028271437,0.0013370588476391276,0.00025246001314371824,0.8580201000440866,0.05004826208460145,0.005415529944002628,0.012308617122471333,0.004040409793105937,0.0007789089577272534,0,0,0,,,,,1,0.50390625,0,129
61,8564.464826801,1787522446.7278845,0.625,9.540979117872439e-18,120.89812350273132,0.22448791563510895,1,-1,0.59375,0.4169387221336365,0.004212121479213238,1.0051536560058594,0.9848779439926147,0.9135842323303223,0,0,0.015496999025344849,0.0015457672998309135,1.0015469789505005,0.22692258656024933,0.0017328201793134212,0.0013650211039930582,0.015313325449824333,0.0015457672998309135,1,1,0.0015457672998309135,1,7.03125,284.875,0.015313324688382954,0.03125,0,7763.25,0,6.742277046695028,0.04624197833961037,0.5080174151495348,15333.53125,0.7542177501347629,5701.25,0.3761084470897913,0.6340621817886554,19348.6875,0.8334760816171869,6340.375,0.48206746205687523,0.028330738554381545,0.40909630558380056,12504.78125,0.7251995206569333,5545.5,8.506104111671448,0.03125,0,1.5202925211389142,0.6507340763086444,0,6.9959671028991615,0.03627922616310235,,,,,,,,,,,,,,,,0.20703125,1910,2048,848.70703125,1033.93359375,72,72,4096,4096,4096,12.632547109038569,10.488861321937293,,,,,,,,,1,-1,0.33881546358946923,0,0,1,,,,,,0.5747199058532715,0.019653135910630226,0.17134666442871094,0.007203651126474142,0.9985209107398987,,,,,,,,,,,,,0.004963258979842067,0.0010383329195065016,0.00021587999071925879,0.8399211219511926,0.0660796541246782,0.004496519919484854,0.011259256978519261,0.00314771835155625,0.0005368100246414542,0,0,0,,,,,1,0.625,0,160
62,8701.254719697,1787522582.8873768,0.61328125,1.734723475976807e-17,122.09733653068542,0.21484419703483582,1,-1,0.5,0.4329320788383484,0.004338517785072327,1.0063037872314453,0.9853705167770386,0.9093027114868164,0,0,0.015136304311454296,0.0013088369742035866,1.0013096332550049,0.226573646068573,0.03157800808548927,0.030122319236397743,0.014834783971309662,0.0013088369742035866,1,1,0.0013088369742035866,1,7,251,0.014834783543438083,0.03125,0,6789.65625,0,24.80827089100066,0.08443302026888967,0.518457456056206,13613.1875,0.7686236134722597,5054.0625,0.3720990624278784,0.645446625028913,17181.8125,0.8489207370888332,5626.0625,0.45021084509789944,0.024546120892480046,0.41766854424402416,11082.3125,0.7392505550896953,4909.4375,6.989424347877502,0,0,1.4638287692113887,0.66567086020241,0,21.59766080975957,0.08403307888110785,,,,,,,,,,,,,,,,0.234375,1861,2048,889.51171875,1070.2109375,80,80,4096,4096,4096,12.981346987071447,10.032578239100985,,,,,,,,,1,-1,0.3453407072466735,0,0,1,,,,,,0.7987747192382812,0.018799670040607452,0.20947933197021484,0.006879153195768595,0.9985621571540833,,,,,,,,,,,,,0.006189959007315338,0.00112599594740459,0.00018810993060469627,0.7343494120286778,0.06878390282008695,0.005364579032175243,0.01391618000343442,0.0033933471531781834,0.0004751799860969186,0,0,0,,,,,1,0.61328125,0,157
63,8841.405404135,1787522717.8831413,0.5234375,1.9949319973733282e-17,122.62767362594604,0.2266468107700348,1,-1,0.5625,0.41093313694000244,0.0037098422180861235,1.0060606002807617,0.9866340160369873,0.8998541831970215,0,0,0.01379282958805561,0.0010868868557736278,1.0010875463485718,0.24342131614685059,0.036164894700050354,0.03508593514561653,0.01354726031422615,0.0010868868557736278,1,1,0.0010868868557736278,1,7,230.0625,0.013547260416416608,0.03125,0,7116.09375,0,8.0264719442413,0.08014178358145564,0.5053719228531468,13923.5625,0.7522940679949528,5187.3125,0.36324749514460564,0.6409524431493759,17851.875,0.8382292131030282,5819.4375,0.4586444105952978,0.023515487995005194,0.39996894087875046,11213.25,0.7144365570705491,5003.9375,7.036173522472382,0,0,1.505106447686945,0.6583961593548298,0,7.693793582006614,0.08435392336400131,,,,,,,,,,,,,,,,0.20703125,1787,2048,892.609375,1089.71875,53,53,4096,4096,4096,13.383423788938671,11.064568263944238,,,,,,,,,1,-1,0.384654629081036,0,0,1,,,,,,0.8952727317810059,0.01936911791563034,0.33538055419921875,0.007049274630844593,0.998567521572113,,,,,,,,,,,,,0.005202219006605446,0.0010870422975131078,0.00021435099188238382,0.8374000320909545,0.07088914882660902,0.006775859976187348,0.011277060024440289,0.003550922242084198,0.0006849509663879871,0,0,0,,,,,1,0.5234375,0,134
64,8982.032280332,1787522858.7155554,0.4765625,6.938893903907228e-18,127.80588793754578,0.29274892807006836,1,-1,0.71875,0.4432739019393921,0.00445334380492568,1.0080413818359375,0.9852226376533508,0.9165182113647461,0,0,0.01537545770406723,0.0014884262345731258,1.001489520072937,0.3348395824432373,0.02349676564335823,0.021109987050294876,0.014997155405580997,0.0014884262345731258,1,1,0.0014884262345731258,1,7,265.1875,0.014997155013623932,0.03125,0,7140.875,0,15.283341369350879,0.07204745028069785,0.5255957728767673,14259.09375,0.7795548360996,5301.6875,0.3950413577258587,0.6498964815232389,18079.46875,0.8565937608087396,5912,0.45528075098991394,0.02251781021669065,0.4255236319584124,11676.0625,0.7508342618525432,5165.59375,6.499059319496155,0,0,1.4786957534040426,0.6425055750310753,0,15.167090935347186,0.07708905170892849,,,,,,,,,,,,,,,,0.2421875,1874,2048,1012.921875,1233.625,69,69,4096,4096,4096,14.304411733988672,9.427927345968783,,,,,,,,,1,-1,0.33692789757345015,0,0,1,,,,,,0.6469204425811768,0.01897476613521576,0.2540004253387451,0.006990035995841026,0.9985498189926147,,,,,,,,,,,,,0.006275730091147125,0.0012828109693145962,0.0002031699987128377,0.8010663859313354,0.07567245789823573,0.006888338946737349,0.05467017518822104,0.004204473454592517,0.0005265799118205905,0,0,0,,,,,1,0.4765625,0,122
65,9113.354261465,1787522999.0240567,0.46875,4.7704895589362195e-18,127.58988046646118,0.20982488989830017,1,-1,0.46875,0.4132462739944458,0.004238725174218416,1.0084733963012695,0.9862353801727295,0.9489645957946777,0,0,0.014146359637379646,0.0012174411676824093,1.0012181997299194,0.16269397735595703,0.004435084760189056,0.0039017032831907272,0.013906294479966164,0.0012174411676824093,1,1,0.0012174411676824093,1,7,293.75,0.013906294129994879,0.03125,0,8103.375,0,8.270059163627772,0.05307553588910424,0.5123857105341674,16205.34375,0.7619326759841254,6032.03125,0.37442761939018965,0.6456185590990903,20638.21875,0.8467178728469318,6743.75,0.4441836830228567,0.022149437023934702,0.41404832370078787,13178.09375,0.7322028792253972,5842.5625,6.906386196613312,0,0,1.4818979074009357,0.6560838595763095,0,8.542715957952645,0.05238484016884152,,,,,,,,,,,,,,,,0.25,1841,2048,919.91015625,1134.015625,67,67,4096,4096,4096,13.932439248077571,10.020323601085693,,,,,,,,,1,-1,0.4134227465282223,0,0,1,,,,,,1.542385458946228,0.01960683986544609,0.5275963544845581,0.007210534531623125,0.9985112547874451,,,,,,,,,,,,,0.006171279004774988,0.0010867036044146516,0.00021928001660853624,0.819454814074561,0.06579254451753513,0.006263248971663415,0.013291039154864848,0.004064801491495018,0.0006078500300645828,0,0,0,,,,,1,0.46875,0,120
66,9252.922393384,1787523130.921451,0.71484375,4.336808689942018e-18,118.70572900772095,0.3165936768054962,1,-1,0.6875,0.4385707676410675,0.00707663269713521,1.0045337677001953,0.9856002330780029,0.9326372146606445,0,0,0.01488608866930008,0.0018226644024252892,1.0018243789672852,0.2923033535480499,0.023895123973488808,0.022594988346099854,0.014580084010958672,0.0018226644024252892,1,1,0.0018226644024252892,1,7,287.4375,0.01458008376667693,0.03125,0,7359.28125,0,12.470852404018986,0.05637030977213463,0.5291319283131569,14971.96875,0.7844248075366748,5562.96875,0.4271832248196006,0.6560021149672146,18904.5,0.8640344695140587,6188.71875,0.4765922352671623,0.022210117787001035,0.427316400547122,12218.4375,0.7541010603595609,5399.46875,6.444640517234802,0,0,1.5128845195128002,0.6214300236723399,0,10.231032609212372,0.05986377911468348,,,,,,,,,,,,,,,,0.12109375,1849,2048,797.2578125,934.3984375,66,66,4096,4096,4096,11.904567035962828,9.80024852103088,,,,,,,,,1,-1,0.32635119433030474,0,0,1,,,,,,1.3731884956359863,0.019981293007731438,0.1686086654663086,0.00728974211961031,0.998522162437439,,,,,,,,,,,,,0.07035783398896456,0.0013035886881880288,0.0001799499150365591,0.7344697320368141,0.06517410987316907,0.005883299978449941,0.01084045902825892,0.0029840434281140915,0.000509359990246594,0,0,0,,,,,1,0.71484375,0,183
67,9393.016774363,1787523269.8718572,0.53125,1.214306433183765e-17,126.28084564208984,0.20237186551094055,1,-1,0.5,0.43898677825927734,0.003972599282860756,1.0144309997558594,0.9891833066940308,0.9192337989807129,0,0,0.011550171300768852,0.000922864768654108,1.0009232759475708,0.1492159515619278,0.002976902760565281,0.001965796574950218,0.010959225706756115,0.000922864768654108,1,1,0.000922864768654108,1,7,216.5,0.010959225054922878,0.03125,0,6378.0625,0,6.819115956886096,0.16580128312045062,0.5311362505235807,13069.0625,0.788672904917029,4863.15625,0.39812639355659485,0.6604696178007479,16506.75,0.8683492848342763,5404.96875,0.475915489718318,0.01576575980561868,0.41794452744267285,10538.90625,0.7445148179023184,4681.40625,5.279321670532227,0,0,1.5194659529523216,0.6593985602011421,0,6.636542714154283,0.17009722512241482,,,,,,,,,,,,,,,,0.26953125,1946,2048,996.65234375,1187.0078125,54,54,4096,4096,4096,13.778452611993998,10.268175128032453,,,,,,,,,1,-1,0.3234066120763363,0,0,1,,,,,,7.299514293670654,0.019015461206436157,0.40239226818084717,0.006932947319000959,0.9985621571540833,,,,,,,,,,,,,0.004964090068824589,0.0010689876926335273,0.00019299995619803667,0.809476664988324,0.06514418970255065,0.0073876489186659455,0.010713198920711875,0.0034738582612590108,0.0006023299647495151,0,0,0,,,,,1,0.53125,0,136
68,9526.797825536,1787523410.0140903,0.484375,0,127.49046039581299,0.19017252326011658,1,-1,0.5,0.42302846908569336,0.004825632553547621,1.0140256881713867,0.9889759421348572,0.9421296119689941,0,0,0.011460462585091591,0.0008818216156214476,1.0008821487426758,0.18249908089637756,-0.008538027293980122,-0.008361099287867546,0.011126264929771423,0.0008818216156214476,1,1,0.0008818216156214476,1,7,274.34375,0.01112626411769235,0.03125,0,7973.21875,0,11.61617223769886,0.0668825627778468,0.5255936974216522,16163,0.7808780840593053,6020.1875,0.5927108991891146,0.6574430497767186,20578.71875,0.8636650621474506,6725.53125,0.46270690485835075,0.015648908376219205,0.41670161039663134,13003.53125,0.7443083394217349,5801.78125,5.635152995586395,0,0,1.4756810569291747,0.638075690403435,0,9.689421664736454,0.06781093159956106,,,,,,,,,,,,,,,,0.2734375,1939,2048,991.61328125,1175.953125,67,67,4096,4096,4096,13.967258574906737,9.660815184004605,,,,,,,,,1,-1,0.33502969713024494,0,0,1,,,,,,0.8279732465744019,0.01911747083067894,0.2072305679321289,0.006967525463551283,0.9985677003860474,,,,,,,,,,,,,0.005418289918452501,0.0011122427599730145,0.00019216001965105534,0.7440298210131004,0.06381863610977234,0.0062991599552333355,0.010679999948479235,0.0033563449787834543,0.0005336899776011705,0,0,0,,,,,1,0.484375,0,124
69,9659.45375663,1787523543.5390031,0.59375,1.3877787807814457e-17,121.1044373512268,0.21420498192310333,1,-1,0.4375,0.4106828570365906,0.002854849910363555,1.0049734115600586,0.9887117147445679,0.9247231483459473,0,0,0.011542195454239845,0.001048021949827671,1.0010485649108887,0.15820887684822083,-0.013603596948087215,-0.013365640304982662,0.011393710039556026,0.001048021949827671,1,1,0.001048021949827671,1,7.03125,259.625,0.01139370981219199,0.03125,0,7932.90625,0,9.511717173575473,0.0707332533635268,0.5154801845079162,15996.625,0.7676810228524436,5964.6875,0.39538341388106346,0.6532343382390315,20462.28125,0.8549718024157854,6677.71875,0.4632077533751726,0.01665329124381599,0.407149549261115,12828.4375,0.7284634602344053,5721.78125,6.217389762401581,0.03125,0,1.5206700263271442,0.6509974366121196,0,8.971542502923882,0.08017234801521812,,,,,,,,,,,,,,,,0.19921875,1874,2048,938.421875,1109.10546875,63,63,4096,4096,4096,13.494078014977276,9.96358432492707,,,,,,,,,1,-1,0.2923340275668732,0,0,1,,,,,,0.8316624164581299,0.019436657428741455,0.2593560218811035,0.007146002724766731,0.9985171556472778,,,,,,,,,,,,,0.00485217897221446,0.0011552107184797933,0.0002156510017812252,0.7687540580518544,0.048524914916015405,0.0023242189781740308,0.068127854145132,0.0035937622828896565,0.0004958199569955468,0,0,0,,,,,1,0.59375,0,152
70,9795.616475429,1787523676.7501473,0.546875,9.974659986866641e-18,120.18440198898315,0.1633302867412567,1,-1,0.46875,0.41321808099746704,0.0028218042571097612,1.005685806274414,0.9892776012420654,0.9360947608947754,0,0,0.01111314631998539,0.0007635740330442786,1.0007638931274414,0.1801092028617859,0.003992553800344467,0.003751013893634081,0.010830158367753029,0.0007635740330442786,1,1,0.0007635740330442786,1,7,255.875,0.010830158584859476,0.03125,0,7507.375,0,6.5822656351256885,0.13337672761807332,0.5218660010053775,15271.125,0.7760978911782697,5687.15625,0.43812248669564724,0.6566936275109945,19428.40625,0.861042640361363,6350.21875,0.5152812246233225,0.016532253419793502,0.40962910786887463,12226.03125,0.7323777285609204,5444.65625,5.936404824256897,0,0,1.5002064754593452,0.6381937033304521,0,6.382296198969696,0.1348170096952306,,,,,,,,,,,,,,,,0.2109375,1913,2048,863.8125,1017.6953125,84,84,4096,4096,4096,12.334201082005166,9.482784187071957,,,,,,,,,1,-1,0.3535533905932738,0,0,1,,,,,,5.495175838470459,0.01959420181810856,0.48854175209999084,0.007155404891818762,0.9985169172286987,,,,,,,,,,,,,0.005200230050832033,0.001130990394813125,0.00023139093536883593,0.8141201440012082,0.06160354696703507,0.0033187289955094457,0.06662059400696307,0.002973619968543062,0.0005075799999758601,0,0,0,,,,,1,0.546875,0,140
71,9932.245298904,1787523812.3401182,0.5390625,6.938893903907228e-18,123.12078881263733,0.25897178053855896,1,-1,0.59375,0.4209385812282562,0.0034244093112647533,1.0044660568237305,0.9892205595970154,0.9410233497619629,0,0,0.011268294416368008,0.0008551995269954205,1.000855565071106,0.27221399545669556,0.033144570887088776,0.031654760241508484,0.010895077139139175,0.0008551995269954205,1,1,0.0008551995269954205,1,7.03125,214.25,0.010895077699868715,0.03125,0,6910.5,0,18.93020257342452,0.096535366191304,0.5289424907283913,14158.0625,0.7863726902414675,5269.0625,0.6591640822589397,0.6621055994145439,17988.46875,0.8692093877108635,5876.3125,0.466660063713789,0.01761147313763792,0.41061886080332344,11155.40625,0.7364242173045568,4988.71875,6.2284770011901855,0.03125,0,1.5237778416195096,0.6195377842944032,0,21.57014985388051,0.10297731721092188,,,,,,,,,,,,,,,,0.265625,1910,2048,935.12109375,1106.921875,82,82,4096,4096,4096,13.978929489967413,10.154069654992782,,,,,,,,,0.8571428571428572,-1,0.32142857142857145,0,0,1,,,,,,0.8029193878173828,0.018873272463679314,0.4953632354736328,0.0069478293880820274,0.9985305070877075,,,,,,,,,,,,,0.007925110054202378,0.0010655985502125986,0.00018478999845683575,0.8476602009031922,0.07185387551953681,0.00430761999450624,0.014090628013946116,0.0028894248916913057,0.0004989799344912171,0,0,0,,,,,1,0.5390625,0,138
72,10069.231854029,1787523949.3714273,0.63671875,0,124.16197299957275,0.20883649587631226,0.8571428656578064,-1,0.46875,0.405123233795166,0.002735154004767537,1.0057449340820312,0.9911559820175171,0.969118595123291,0,0,0.00920463539659977,0.0007021970814093947,1.0007025003433228,0.22155262529850006,0.052724502980709076,0.05170581862330437,0.008911475539207458,0.0007021970814093947,1,1,0.0007021970814093947,1,7,230.96875,0.008911475360748069,0.03125,0,7480.96875,0,168.94749127436438,0.1423397632373496,0.5186170722611854,15162.625,0.7720701181781287,5654.40625,0.3939045784063637,0.6563725844889665,19393.40625,0.8586960978651135,6324.8125,0.4616027232259512,0.012348396262182721,0.4001660739947149,11957.4375,0.7218429068668456,5375.9375,5.107140779495239,0,0,1.496748924683673,0.6320207180354167,0,143.30823737095255,0.1449497777246151,,,,,,,,,,,,,,,,0.1796875,1874,2048,890.33203125,1030.53515625,77,77,4096,4096,4096,12.777499761083163,9.404513954999857,,,,,,,,,0.8571428571428572,-1,0.2754865825096699,0,0,1,,,,,,0.8215063810348511,0.018828650936484337,0.2539794445037842,0.006934979930520058,0.9985370635986328,,,,,,,,,,,,,0.00581188895739615,0.00113573302360237,0.00021476997062563896,0.8220114840660244,0.061520883090452116,0.006524319062009454,0.011158628854900599,0.003143927791825263,0.0005538099212571979,0,0,0,,,,,1,0.63671875,0,163
73,10206.824148614,1787524086.2567902,0.56640625,3.469446951953614e-18,124.19075512886047,0.13802506029605865,0.8571428656578064,-1,0.3125,0.40472611784935,0.0031942313071340322,1.0048151016235352,0.9913218021392822,0.9330496788024902,0,0,0.00903072115033865,0.0005036598304286599,1.0005037784576416,0.05879151076078415,-0.015102284029126167,-0.014916116371750832,0.008750666864216328,0.0005036598304286599,1,1,0.0005036598304286599,1,7,201.90625,0.008750666798418991,0.03125,0,7122.65625,0,5.3485315588856075,0.11003787611283145,0.5229726172714612,14430.21875,0.7776350463183137,5381.96875,0.4110570973716676,0.6595437663399268,18480.0625,0.8642947234701069,6027.6875,0.4704602248966694,0.011522866891069015,0.4037727807195147,11324.375,0.7285501157706118,5094.65625,5.385512828826904,0,0,1.5072972444674186,0.6513955917268506,0,5.552955857571804,0.11129077396410589,,,,,,,,,,,,,,,,0.19921875,1869,2048,905.76171875,1067.109375,93,93,4096,4096,4096,12.833444445044734,9.877837631036527,,,,,,,,,0.8571428571428572,-1,0.3204349722308279,0,0,1,,,,,,1.4824974536895752,0.019677309319376945,0.5281212329864502,0.0072057233192026615,0.9985055327415466,,,,,,,,,,,,,0.006155278999358416,0.001119850028771907,0.0002799000358209014,0.7588102099252865,0.06515676533445003,0.004283849033527076,0.06216084398329258,0.00340924184774849,0.0005887090228497982,0,0,0,,,,,1,0.56640625,0,145
74,10345.734234696,1787524223.7511854,0.70703125,5.204170427930421e-18,124.89303231239319,0.19243298470973969,0.8571428656578064,-1,0.4375,0.4118587374687195,0.003132632002234459,1.003936767578125,0.9909542798995972,0.9618949890136719,0,0,0.009418260306119919,0.0006272743921726942,1.0006275177001953,0.12580305337905884,0.0013658958487212658,0.0011143162846565247,0.009113150648772717,0.0006272743921726942,1,1,0.0006272743921726942,1,7,229.84375,0.009113150644814702,0.03125,0,7246.09375,0,6.316090105829519,0.11496747039404966,0.5281943957124741,15048.6875,0.7852077092310137,5598.0625,0.44806449115276337,0.662234460969075,19003.8125,0.8688891526093938,6220.875,0.4444524943828583,0.01219093649672122,0.40882359007300667,11855.90625,0.734391141211724,5302.125,5.370857656002045,0,0,1.5271539982743065,0.6354526342172533,0,6.041528022284671,0.12247579088932578,,,,,,,,,,,,,,,,0.23828125,1874,2048,933.4453125,1117.15625,105,105,4096,4096,4096,13.733713411958888,9.705841096933,,,,,,,,,1,-1,0.2912411862553588,0,0,1,,,,,,0.9087891578674316,0.019135968759655952,0.37335205078125,0.0070566460490226746,0.9985037446022034,,,,,,,,,,,,,0.005273169954307377,0.0011476354320620885,0.00017762999050319195,0.7659593090647832,0.05014250093881856,0.002299728919751942,0.06700255395844579,0.0034643611757019244,0.00047754007391631603,0,0,0,,,,,1,0.70703125,0,181
75,10483.760979662,1787524363.9298446,0.6171875,1.214306433183765e-17,126.31301832199097,0.18062442541122437,1,-1,0.46875,0.4052208364009857,0.00236121634952724,1.0055112838745117,0.990528404712677,0.9649481773376465,0,0,0.009795396588742733,0.0005463635316118598,1.0005465745925903,0.14748625457286835,0.04234575480222702,0.04159343242645264,0.009547300636768341,0.0005463635316118598,1,1,0.0005463635316118598,1,7.0625,234.6875,0.009547300322199855,0.03125,0,7467.5625,0,8.33838451177701,0.12263876352481909,0.5275298021438253,15276.46875,0.7839388316601825,5688.78125,0.44033583626151085,0.6609444676075877,19419.28125,0.8676800962837554,6345.375,0.4733154568821192,0.01190091207366455,0.4103266135984664,12081.15625,0.7378745491540355,5414.78125,4.775598526000977,0.09375,0,1.5862518675966881,0.6430559288949456,0,9.239168666581037,0.13487642030474514,,,,,,,,,,,,,,,,0.1484375,1883,2048,891.421875,1046.02734375,145,145,4096,4096,4096,12.328291252953932,9.525127113913186,,,,,,,,,1,-1,0.2743266338524503,0,0,1,,,,,,0.8507121801376343,0.02011444792151451,0.32061767578125,0.007394254673272371,0.9984718561172485,,,,,,,,,,,,,0.005077379988506436,0.0010829681496034027,0.000213049934245646,0.7517433400498703,0.043942562058418844,0.003489759983494878,0.07262405299115926,0.003337454130360129,0.000542648951523006,0,0,0,,,,,1,0.6171875,0,158
76,10619.427423204,1787524500.6997955,0.7421875,5.204170427930421e-18,124.1831407546997,0.13429223001003265,1,-1,0.34375,0.42163193225860596,0.0030164008494466543,1.0033349990844727,0.9902116060256958,0.9449729919433594,0,0,0.010116558521986008,0.0007940607611089945,1.0007944107055664,0.12333492934703827,-0.02162378653883934,-0.021342840045690536,0.009868090972304344,0.0007940607611089945,1,1,0.0007940607611089945,1,7.03125,237.75,0.00986809107921037,0.03125,0,7131.375,0,6.774870045830513,0.14313279105632987,0.5391844440469331,15031.03125,0.7999795665319187,5583.46875,0.48151464480906725,0.6682553590520495,18866.84375,0.8803508454191697,6189.0625,0.5130887851119041,0.012551620699529028,0.41731643615015435,11795.3125,0.7500792548369867,5276.875,5.623452961444855,0.03125,0,1.5292290030251667,0.6313800135359169,0,6.745487476697246,0.14442541847918935,,,,,,,,,,,,,,,,0.1640625,1841,2048,927.5234375,1083.03515625,215,215,4096,4096,4096,14.227841572021134,10.82377292192541,,,,,,,,,1,-1,0.2719918966379967,0,0,1,,,,,,3.0231807231903076,0.01969757117331028,0.885059654712677,0.007201964035630226,0.9984716176986694,,,,,,,,,,,,,0.007423028931953013,0.001123889336213324,0.00024655996821820736,0.8549256609985605,0.06863183488394498,0.005160160013474524,0.012051280005834997,0.003239982058403257,0.0005400798982009292,0,0,0,,,,,1,0.7421875,0,190
77,10764.117355265,1787524637.364033,0.6640625,8.673617379884035e-18,122.9896171092987,0.13603787124156952,1,-1,0.375,0.41122931241989136,0.002922166371718049,1.0050373077392578,0.9912252426147461,0.9635543823242188,0,0,0.009122253395617008,0.00046477699652314186,1.0004647970199585,0.09734892845153809,0.006338248960673809,0.0062201982364058495,0.008838523179292679,0.00046477699652314186,1,1,0.00046477699652314186,1,7.15625,234.3125,0.008838523138476075,0.03125,0,7420.1875,0,7.862502379759361,0.08375083980490466,0.5287299515702564,15396.375,0.785189261409855,5725.78125,0.5567437891149893,0.6615389952483065,19446.21875,0.8686339063229072,6367.875,0.46385936811566353,0.012898834198130706,0.41117975164779397,12140,0.7380728728122488,5430.8125,6.032582402229309,0.15625,0,1.8677371412628565,0.6231598789309927,0,8.56000519236584,0.0848392139243704,,,,,,,,,,,,,,,,0.18359375,1841,2048,901.3359375,1043.3203125,80,80,4096,4096,4096,12.680767092038877,9.52395699697081,,,,,,,,,0.8571428571428572,-1,0.2834733547569204,0,0,1,,,,,,3.0564236640930176,0.019505737349390984,0.7875465750694275,0.007203277200460434,0.998446524143219,,,,,,,,,,,,,0.004910630057565868,0.0012490349849940685,0.0001907401019707322,0.8297331830253825,0.06658824662963525,0.004392458940856159,0.012420239159837365,0.0032550042719776684,0.0005588500062003732,0,0,0,,,,,1,0.6640625,0,170
78,10896.837411774,1787524781.5538511,0.6171875,1.734723475976807e-18,131.0340223312378,0.151779904961586,0.8571428656578064,-1,0.375,0.40528732538223267,0.0029908909928053617,1.0049629211425781,0.9918258190155029,0.9693436622619629,0,0,0.008453372865915298,0.0005144132301211357,1.0005145072937012,0.11445247381925583,0.01442108117043972,0.014304149895906448,0.00823032483458519,0.0005144132301211357,1,1,0.0005144132301211357,1,7.09375,213.59375,0.00823032495265002,0.03125,0,7210.6875,0,6.360760924940309,0.1710952896399195,0.530516295983172,15003.59375,0.7881751036983359,5581.8125,0.5949282585643232,0.6644021550632362,18965.375,0.8714995497225061,6204.1875,0.5349099896848202,0.009682424646043904,0.40496156705822706,11683.40625,0.7321054937448882,5254.28125,4.483717679977417,0.09375,0,1.7036108634730347,0.5928559983368044,0,6.513301920056261,0.17728112673673285,,,,,,,,,,,,,,,,0.23828125,1910,2048,1057.15625,1258.91796875,84,84,4096,4096,4096,14.624536885065027,10.524788805050775,,,,,,,,,1,-1,0.26486423168198797,0,0,1,,,,,,1.342029333114624,0.019057458266615868,0.40042388439178467,0.0070652710273861885,0.9984710216522217,,,,,,,,,,,,,0.005978989996947348,0.0012756461119352025,0.00023703998886048794,0.8191136739915237,0.061399893799716665,0.004458199953660369,0.010040898923762143,0.0037657681054952263,0.0006830000784248114,0,0,0,,,,,1,0.6171875,0,158
79,11035.132250397,1787524913.905397,0.75390625,1.0408340855860843e-17,119.54494571685791,0.13209307193756104,1,-1,0.34375,0.39386844635009766,0.001921858754940331,1.0063056945800781,0.9901041388511658,0.9691019058227539,0,0,0.010150614194571972,0.000446210615336895,1.0004463195800781,0.11839371174573898,0.0076279789209365845,0.007484892383217812,0.0099683478474617,0.000446210615336895,1,1,0.000446210615336895,1,7.0625,274.40625,0.009968347609596546,0.03125,0,8457.25,0,11.60317209632874,0.08481491733405604,0.5222015846149629,17294.1875,0.7766305393612538,6438.875,0.5123718604445457,0.6576863641384485,22011.84375,0.8624095388374555,7191.5625,0.5075417701154947,0.013478984783839723,0.4082840381793689,13697.8125,0.7339514020867387,6136.6875,5.930333495140076,0.0625,0,1.5533077342810107,0.6133811324500313,0,11.414683989451126,0.0918965627940112,,,,,,,,,,,,,,,,0.16015625,1849,2048,844.0546875,976.82421875,186,186,4096,4096,4096,12.444701856933534,10.132779710926116,,,,,,,,,0.4285714285714286,-1,0.24353895887474744,0,0,1,,,,,,1.2424840927124023,0.020131127908825874,0.35825014114379883,0.00744818989187479,0.9984450936317444,,,,,,,,,,,,,0.0055901199812069535,0.0011048706351175497,0.0002264700597152114,0.8259311340516433,0.06496713596197878,0.006884749047458172,0.008634618832729757,0.002943898545254342,0.00047192000783979893,0,0,0,,,,,1,0.75390625,0,193
80,11177.724735945,1787525052.9887967,0.53125,8.673617379884035e-18,125.50102210044861,0.13269084692001343,0.4285714328289032,-1,0.34375,0.40937018394470215,0.001704478170722723,1.004598617553711,0.9910191297531128,0.9602475166320801,0,0,0.009477313607931137,0.00025920639745891094,1.000259280204773,0.0912601500749588,0.039223071187734604,0.038035932928323746,0.009056750684976578,0.00025920639745891094,1,1,0.00025920639745891094,1,7.03125,203.96875,0.009056750818890206,0.03125,0,6752.4375,0,5.947732237553141,0.12212650595737796,0.5385378621248251,14294.5625,0.7990532609647609,5313.1875,0.4356108736246824,0.6694660519663289,17927.65625,0.8797857004501063,5878.21875,0.48842718079686165,0.013156487321958824,0.4107207745037842,11052.34375,0.7408354673875283,4973.6875,5.5888723731040955,0.03125,0,1.5538187212335453,0.6384482037916859,0,5.019330695336059,0.12200461519375319,,,,,,,,,,,,,,,,0.2734375,1892,2048,1009.0546875,1186.15625,205,205,4096,4096,4096,14.051918387995102,9.801580891944468,,,,,,,,,1,-1,0.30304576336566325,0,0,1,,,,,,2.747809886932373,0.019582029432058334,0.6507066488265991,0.007198264356702566,0.9984510540962219,,,,,,,,,,,,,0.007820299011655152,0.00107045725280841,0.00017627992201596498,0.8299013430951163,0.06808476696460275,0.004658748977817595,0.010871409089304507,0.0031054185233188036,0.0004214999498799443,0,0,0,,,,,1,0.53125,0,136
81,11318.966318235,1787525194.4611204,0.65625,1.734723475976807e-18,129.13893246650696,0.16343297064304352,1,-1,0.46875,0.40485072135925293,0.002708520507439971,1.005044937133789,0.991925835609436,0.960139274597168,0,0,0.008489361964166164,0.0007101132068783045,1.000710368156433,0.24991007149219513,0.0023971502669155598,0.002473540138453245,0.008133862167596817,0.0007101132068783045,1,1,0.0007101132068783045,1,7.09375,242.9375,0.008133862395789334,0.03125,0,8072.4375,0,7.474194918408068,0.1432493219650292,0.5288970988397694,16825.5,0.7862930111987745,6265,0.6089606750756502,0.6628765355019473,21260.90625,0.8697512887974168,6958.53125,0.5289859659969807,0.011045173720403624,0.40349150577265425,13110.21875,0.7306464345360847,5901.1875,5.1730857491493225,0.125,0,1.742238679649981,0.6023766294911395,0,6.932113346764866,0.15032242788786668,,,,,,,,,,,,,,,,0.15625,1883,2048,981.3671875,1130.0859375,185,185,4096,4096,4096,14.050272956956178,10.568356820964254,,,,,,,,,0.7142857142857143,-1,0.3154200309402802,0,0,1,,,,,,2.487431526184082,0.019831281155347824,0.5385081768035889,0.007293137721717358,0.998441219329834,,,,,,,,,,,,,0.005635038949549198,0.0011089569111391029,0.0002509899204596877,0.8005598060553893,0.06761379788758859,0.007839030004106462,0.013206189963966608,0.003325051225601783,0.000505829113535583,0,0,0,,,,,1,0.65625,0,168
82,11454.567765958,1787525336.0607784,0.48828125,6.938893903907228e-18,128.84640264511108,0.19729484617710114,0.7142857313156128,-1,0.4375,0.40109503269195557,0.0022380559239536524,1.0057249069213867,0.99141526222229,0.9307808876037598,0,0,0.009041535668075085,0.0007961855735629797,1.0007965564727783,0.1292908489704132,0.02626127377152443,0.025931326672434807,0.008653040044009686,0.0007961855735629797,1,1,0.0007961855735629797,1,7.0625,235.25,0.008653039681480254,0.03125,0,7850.9375,0,8.802323980447198,0.09624253974965141,0.5259813887435913,16308.09375,0.7811934523197549,6059.21875,0.5686775017820764,0.6596735429128638,20583.90625,0.8654851129812435,6737,0.525101700797677,0.01237258308940668,0.4062789471368572,12745.6875,0.7325556767950139,5727.6875,5.732139945030212,0.09375,0,1.7122693779828448,0.5649400270080688,0,8.067430741764506,0.09974787531635206,,,,,,,,,,,,,,,,0.28125,1852,2048,1076.28515625,1272.02734375,169,169,4096,4096,4096,14.337546500959434,9.271805151016451,,,,,,,,,1,-1,0.29342279866348187,0,0,1,,,,,,1.5306625366210938,0.019941216334700584,0.6540273427963257,0.0073536052368581295,0.9984501600265503,,,,,,,,,,,,,0.005210209987126291,0.00125116714343676,0.0002214399864897132,0.7501195210497826,0.07092420676326583,0.002803638926707208,0.011627479922026396,0.003642178098743898,0.0007224599830806255,0,0,0,,,,,1,0.48828125,0,125
83,11586.012596913,1787525472.3509665,0.5859375,6.938893903907228e-18,122.8387680053711,0.15588802099227905,1,-1,0.40625,0.412138968706131,0.0023648934438824654,1.0032157897949219,0.9901021718978882,0.9627351760864258,0,0,0.010118798352777958,0.0008380329236388206,1.0008383989334106,0.21489697694778442,0.006379232741892338,0.006474641151726246,0.009969301521778107,0.0008380329236388206,1,1,0.0008380329236388206,1,7.03125,282.53125,0.009969301119417951,0.03125,0,8610.28125,0,10.57959003638043,0.06711918911693834,0.5350352257890374,18078.09375,0.7938550090532865,6716.78125,0.620009936275892,0.6656355048639488,22705.15625,0.8753534452633521,7445.40625,0.5778796821832657,0.01359338922169824,0.41907430699804604,14312.8125,0.7502259727905614,6396.8125,5.6605382561683655,0.03125,0,1.6353575549210955,0.5396124317188549,0,9.510545579749955,0.06905550948925357,,,,,,,,,,,,,,,,0.16015625,1913,2048,927.85546875,1055.8359375,199,199,4096,4096,4096,12.324472557986155,9.78221143304836,,,,,,,,,1,-1,0.30093392047058426,0,0,1,,,,,,2.136883020401001,0.020533129572868347,0.5870840549468994,0.007556675001978874,0.9984110593795776,,,,,,,,,,,,,0.0050295599503442645,0.001058570792338287,0.00019335001707077026,0.7598666589474306,0.06756898300727698,0.005406240001320839,0.01083879906218499,0.002927842086137389,0.0005906600272282958,0,0,0,,,,,1,0.5859375,0,150
84,11726.33194091,1787525604.138678,0.6875,7.806255641895632e-18,117.88396501541138,0.1625196933746338,1,-1,0.40625,0.41223686933517456,0.003933160100132227,1.0042800903320312,0.9922934770584106,0.9722065925598145,0,0,0.008051902055740356,0.0006115466821938753,1.0006117820739746,0.14245665073394775,-0.014300570823252201,-0.014261980541050434,0.007756693754345179,0.0006115466821938753,1,1,0.0006115466821938753,1,7.09375,216.03125,0.007756693865801084,0.03125,0,7422.84375,0,6.388256117383895,0.1290311473364952,0.5392452090885869,15847.5625,0.7998619534968311,5884,0.527791827917099,0.6688592336656201,19773.59375,0.8801915915500306,6495.5625,0.538722587749362,0.010204400929848466,0.41136087800849214,12285.4375,0.7436558706174863,5521.1875,4.871996998786926,0.125,0,1.8582981025205267,0.5912722377650809,0,6.177569864655537,0.1328983927498164,,,,,,,,,,,,,,,,0.10546875,1913,2048,780.06640625,889.1640625,102,102,4096,4096,4096,11.62126816494856,10.299631325062364,,,,,,,,,1,-1,0.31134992453861954,0,0,1,,,,,,1.3161790370941162,0.020734289661049843,0.49698805809020996,0.0076739173382520676,0.9983798861503601,,,,,,,,,,,,,0.006985379033721983,0.0010378867204963171,0.0002014100318774581,0.8650616310769692,0.07048093271214384,0.006019409047439694,0.06651223311200738,0.0027136177395732375,0.0004875300219282508,0,0,0,,,,,1,0.6875,0,176
85,11871.552410719,1787525744.8399518,0.69140625,6.071532165918825e-18,126.45966958999634,0.18773572146892548,1,-1,0.4375,0.42104560136795044,0.003341687610372901,1.0043220520019531,0.9932035207748413,0.9657478332519531,0,0,0.007375124841928482,0.0006464392645284534,1.0006465911865234,0.1605515331029892,-0.012382319197058678,-0.012459253892302513,0.006849609315395355,0.0006464392645284534,1,1,0.0006464392645284534,1,7,175.1875,0.006849609229792872,0.03125,0,6240.53125,0,4.548933444993116,0.23175683992684554,0.5476598881944689,13438.34375,0.8096989106280221,4974.9375,0.5101492005051114,0.6731118502007125,16657.46875,0.8868974538179903,5475.59375,0.51391476765275,0.00986625672880977,0.4089511237155886,10258.15625,0.7458014606279624,4638.75,4.020830929279327,0,0,1.507083938173567,0.615032385333347,0,4.298130159521881,0.2456623841369815,,,,,,,,,,,,,,,,0.20703125,1939,2048,923.29296875,1064.91015625,92,92,4096,4096,4096,13.100627448991872,10.71541330893524,,,,,,,,,1,-1,0.27081698014469824,0,0,1,,,,,,3.110673666000366,0.0204666368663311,0.8762475848197937,0.0075410702265799046,0.9983872771263123,,,,,,,,,,,,,0.0065118890488520265,0.001190695738841896,0.00022116000764071941,0.8549628009786829,0.06588104418960938,0.005878868978470564,0.00852872896939516,0.002992879877638188,0.0005431689787656069,0,0,0,,,,,1,0.69140625,0,177
86,12017.583377719,1787525889.9082747,0.68359375,6.938893903907228e-18,130.94008493423462,0.13546046614646912,1,-1,0.34375,0.4114186763763428,0.002577820559963584,1.0078258514404297,0.99126136302948,0.9301996231079102,0,0,0.009191948920488358,0.0005408305441960692,1.0005409717559814,0.1252197027206421,0.0010915568564087152,0.0010576630011200905,0.00881250761449337,0.0005408305441960692,1,1,0.0005408305441960692,1,7.0625,232.65625,0.008812507226041563,0.03125,0,7386.34375,0,5.910059068411241,0.12980940852957062,0.5409379572890478,15762.78125,0.8018791295077654,5854.53125,0.6199919180944562,0.6704040225321256,19690.59375,0.8818168992643207,6467.4375,0.5093463603407145,0.012257789248944195,0.4125971955375729,12215.25,0.7446804559095248,5489.625,5.5406153202056885,0.125,0,1.9587706334648116,0.5899828966084297,0,5.510485916426586,0.13264247571055207,,,,,,,,,,,,,,,,0.16796875,2048,2048,1006.92578125,1159.0234375,98,98,4096,4096,4096,14.12681474396959,11.082184394006617,,,,,,,,,1,-1,0.3243911093675884,0,0,1,,,,,,0.8439801931381226,0.02046310342848301,0.46730923652648926,0.007579804863780737,0.9984216094017029,,,,,,,,,,,,,0.00992876896634698,0.0012277399800950661,0.00018158997409045696,0.8577616770053282,0.06643145150383134,0.004125889972783625,0.01247093896381557,0.0035419380105849996,0,0,0,0,,,,,1,0.68359375,0,175
87,12154.392039301,1787526035.1620796,0.5625,8.673617379884035e-18,131.89688920974731,0.20932546257972717,1,-1,0.53125,0.4197959303855896,0.0037097143940627575,1.006967544555664,0.9902499914169312,0.9468560218811035,0,0,0.010183454491198063,0.0006458722054958344,1.0006459951400757,0.12463179230690002,0.016284607350826263,0.015486902557313442,0.00983826071023941,0.0006458722054958344,1,1,0.0006458722054958344,1,7.0625,266.125,0.009838260955612833,0.03125,0,8055.40625,0,5.6816317762262365,0.10238103355955216,0.5436272262484624,17233.0625,0.805312992087453,6395.59375,0.49761322047561407,0.6683628445884583,21389.6875,0.8814152777146754,7035.71875,0.52907969430089,0.013436200997527046,0.41959505929254204,13486.875,0.7542712952627603,6036.90625,5.5734832882881165,0.0625,0,1.5961281027191956,0.6253939539847996,0,5.281663214071891,0.10627928067249397,,,,,,,,,,,,,,,,0.265625,2048,2048,1046.66796875,1232.54296875,132,132,4096,4096,4096,15.138775720028207,11.08026333595626,,,,,,,,,1,-1,0.22303564279994278,0,0,1,,,,,,1.0110161304473877,0.019722308963537216,0.44930505752563477,0.007319488562643528,0.9984243512153625,,,,,,,,,,,,,0.006555779022164643,0.0010886283571380773,0.00018647999968379736,0.871252218959853,0.06756989622726906,0.00364555895794183,0.00967204908374697,0.0031586376703671704,0,0,0,0,,,,,1,0.5625,0,144
88,12294.764276493,1787526172.225191,0.59375,1.0408340855860843e-17,123.44421982765198,0.09148357808589935,1,-1,0.25,0.39860671758651733,0.0018443107837811112,1.0045146942138672,0.9909331202507019,0.959923267364502,0,0,0.009424732998013496,0.00036306213587522507,1.0003631114959717,0.10260306298732758,0.006606557406485081,0.006491873878985643,0.009135296568274498,0.00036306213587522507,1,1,0.00036306213587522507,1,7.03125,270.09375,0.009135296995742673,0.03125,0,8373.34375,0,11.68360335397986,0.09457122779587816,0.5358193464575471,17714.84375,0.7945467922808822,6578.5625,0.5385651960968971,0.6669128271218551,22216.875,0.8762645253660606,7284.6875,0.5259224493056536,0.01421985156598731,0.4109761175206465,13783.53125,0.7435401354434557,6213.28125,6.468927502632141,0.03125,0,1.5760621402411918,0.6081231474277542,0,10.521203232823527,0.09170911649776271,,,,,,,,,,,,,,,,0.1640625,1849,2048,873.7890625,1007.70703125,148,148,4096,4096,4096,12.509632333065383,10.283111630007625,,,,,,,,,1,-1,0.23145502494313788,0,0,1,,,,,,4.764406681060791,0.021018747240304947,0.928316056728363,0.0077799055725336075,0.9982910752296448,,,,,,,,,,,,,0.008226418984122574,0.0011711162883329962,0.0002645800122991204,0.8727286390494555,0.07233267615947625,0.003454730031080544,0.010746860061772168,0.002791668836835015,0.0005440999520942569,0,0,0,,,,,1,0.59375,0,152
89,12431.556453322,1787526311.5228326,0.734375,9.974659986866641e-18,126.78594207763672,0.09680453687906265,1,-1,0.3125,0.42263972759246826,0.0023151980713009834,1.0044269561767578,0.992072343826294,0.9461040496826172,0,0,0.008321624249219894,0.0003921128809452057,1.000392198562622,0.0786937028169632,-0.006912038195878267,-0.006813960149884224,0.007989837788045406,0.0003921128809452057,1,1,0.0003921128809452057,1,7.0625,201.375,0.007989837228295766,0.03125,0,6990.3125,0,6.33355590596469,0.10746229607690477,0.5522155715156367,15251.25,0.8178011122355661,5657.4375,0.6812369156687055,0.6781410842705795,18891,0.8939701835138623,6214.5,0.4947518799453974,0.011505083103670679,0.4174384300223507,11685.28125,0.7562679483172927,5275.1875,5.185019910335541,0.09375,0,1.643388851542531,0.5755017469111496,0,6.48290899513757,0.11412069375994789,,,,,,,,,,,,,,,,0.14453125,1903,2048,986.453125,1131.05859375,123,123,4096,4096,4096,14.639220866025425,10.457015873049386,,,,,,,,,1,-1,0.262445329583912,0,0,1,,,,,,2.2480432987213135,0.020129473879933357,0.7216808795928955,0.007468836847692728,0.9983626008033752,,,,,,,,,,,,,0.005565989064052701,0.0010767946805572137,0.00020123098511248827,0.8465138419996947,0.059957942086839466,0.004014080041088164,0.060840802965685725,0.003314655768463126,0.0006430799840018153,0,0,0,,,,,1,0.734375,0,188
90,12569.184056374,1787526448.6814969,0.69140625,5.204170427930421e-18,124.28755140304565,0.13271692395210266,1,-1,0.34375,0.40239474177360535,0.002196600893512368,1.0044288635253906,0.9924043416976929,0.9579334259033203,0,0,0.007947029545903206,0.00035722367465496063,1.0003572702407837,0.1263035535812378,0.012317003682255745,0.012080672197043896,0.007647221442312002,0.00035722367465496063,1,1,0.00035722367465496063,1,7.15625,241.1875,0.007647221101253334,0.03125,0,7891.625,0,8.30890446135464,0.14850486192740697,0.5395981132261909,16834,0.8002198932433429,6249.4375,0.6214807794895023,0.6690569276236935,21000.25,0.8805080636528098,6897.6875,0.523129184730351,0.010342025985778835,0.4112174963821994,13050.40625,0.74432995688729,5875.84375,5.089680969715118,0.15625,0,1.7383199534728235,0.5696700885446271,0,7.77213153173056,0.15461520641605359,,,,,,,,,,,,,,,,0.140625,1883,2048,913.109375,1060.77734375,96,96,4096,4096,4096,13.940967391012236,9.430336607969366,,,,,,,,,1,-1,0.23824400114511313,0,0,1,,,,,,1.0352336168289185,0.020564638078212738,0.4301968812942505,0.007682316470891237,0.9983372092247009,,,,,,,,,,,,,0.005650348961353302,0.0011045763521906338,0.00019751000218093395,0.8392941730562598,0.07851921439169018,0.00810782890766859,0.008679209859110415,0.003213126622085838,0.0005286199739202857,0,0,0,,,,,1,0.69140625,0,177
91,12715.710806259,1787526586.0806613,0.66796875,5.204170427930421e-18,124.76147532463074,0.10991861671209335,1,-1,0.28125,0.42048293352127075,0.00204270682297647,1.0064830780029297,0.9913922548294067,0.9704084396362305,0,0,0.008923139423131943,0.0004689933266490698,1.0004692077636719,0.08326173573732376,0.007805997505784035,0.007576385047286749,0.008669096976518631,0.0004689933266490698,1,1,0.0004689933266490698,1,7.03125,233.09375,0.008669097293086138,0.03125,0,7304.875,0,10.7276467302162,0.13415116649778303,0.5539105871657437,15859.34375,0.8184589336209394,5876.15625,0.552738131955266,0.6782773674051363,19661.71875,0.8950925507868122,6468.78125,0.56354477442801,0.012249938977769163,0.4250663965001282,12316.375,0.7672505546497774,5542.8125,5.283043384552002,0.03125,0,1.5981575351777384,0.5969727331704487,0,11.137783635637609,0.1435701551243949,,,,,,,,,,,,,,,,0.1953125,1849,2048,938.83984375,1091.30859375,205,205,4096,4096,4096,14.362037234008312,9.873314597061835,,,,,,,,,0.7142857142857143,-1,0.28234621965789103,0,0,1,,,,,,1.500779628753662,0.020834248512983322,0.5811581611633301,0.007736551575362682,0.998317301273346,,,,,,,,,,,,,0.005571449990384281,0.0011577624395613384,0.00019084999803453684,0.8406108421040699,0.06379123775195694,0.004137180047109723,0.011588599998503923,0.0030524056969625235,0.0006500909803435206,0,0,0,,,,,1,0.66796875,0,171
92,12857.51664327,1787526733.1759126,0.5703125,7.806255641895632e-18,133.93408370018005,0.1496492624282837,0.7142857313156128,-1,0.34375,0.4132762551307678,0.0025153185706585646,1.003885269165039,0.9927470684051514,0.9551458358764648,0,0,0.007657431997358799,0.0005279297474771738,1.00052809715271,0.07746479660272598,-0.002637120895087719,-0.002526121214032173,0.007302381098270416,0.0005279297474771738,1,1,0.0005279297474771738,1,7.1875,232.5,0.007302380629053997,0.03125,0,7510.71875,0,7.554910717523306,0.11318296881272366,0.550073325241072,16343.6875,0.8144956942725834,6058.75,0.5592852041590959,0.6779808386145926,20274.9375,0.8931909961994314,6667.125,0.5423248708248138,0.010215971328884738,0.4194035445704005,12639.875,0.758525974182761,5690.75,4.977408289909363,0.21875,0,1.7461596626904794,0.5790131366410076,0,6.688197298758552,0.1119724644282061,,,,,,,,,,,,,,,,0.265625,2048,2048,1105.23046875,1273.16015625,83,83,4096,4096,4096,14.876203426043503,9.585981974028982,,,,,,,,,1,-1,0.2743266338524503,0,0,1,,,,,,4.174182891845703,0.0199752114713192,0.5028111934661865,0.0074130515567958355,0.9983763098716736,,,,,,,,,,,,,0.005151399993337691,0.0010970162165904185,0.00023205007892102003,0.7870101570151746,0.07002004463811318,0.004112218972295523,0.013196169049479067,0.0034596237619552994,0,0,0,0,,,,,1,0.5703125,0,146
93,12994.648936144,1787526874.6185257,0.57421875,9.107298248878237e-18,128.50320267677307,0.15378442406654358,1,-1,0.375,0.40487784147262573,0.002475895918905735,1.0049762725830078,0.9914790391921997,0.970888614654541,0,0,0.008856335654854774,0.0005402995739132166,1.0005404949188232,0.10992243885993958,0.026809021830558777,0.02676759846508503,0.008578059263527393,0.0005402995739132166,1,1,0.0005402995739132166,1,7.21875,289.28125,0.008578059407394284,0.03125,0,8841.84375,0,11.24616024733244,0.11409590326726149,0.5430790379799336,18947.4375,0.8051256100494892,7025.75,0.7353717628866434,0.6732323091526996,23592.21875,0.8855717783627662,7751.625,0.5522407833486795,0.011607056560153706,0.4155691750591405,14719.03125,0.7520053929024164,6633,5.710033476352692,0.25,0,1.7583273861544226,0.5440898945046967,0,12.159286559717506,0.11396889973128807,,,,,,,,,,,,,,,,0.2265625,1910,2048,1016.60546875,1173.625,87,87,4096,4096,4096,14.220198425929993,10.132791853975505,,,,,,,,,0.8571428571428572,-1,0.2487212192354307,0,0,1,,,,,,2.3021116256713867,0.020274657756090164,0.6441642045974731,0.007548801135271788,0.9983559250831604,,,,,,,,,,,,,0.007968720048666,0.0011418407466408098,0.00018614903092384338,0.9202998350374401,0.07373064818966668,0.0033533599926158786,0.013723709038458765,0.0032344468472729204,0.00048137002158910036,0,0,0,,,,,1,0.57421875,0,147
94,13134.953410623,1787527011.9622514,0.62109375,6.938893903907228e-18,124.21117568016052,0.12075941264629364,0.8571428656578064,-1,0.28125,0.4144905209541321,0.0015615540323778987,1.003976821899414,0.9915333390235901,0.9560656547546387,0,0,0.008819334208965302,0.00037199677899479866,1.000372052192688,0.12496733665466309,0.013306939043104649,0.012340676039457321,0.00854131206870079,0.00037199677899479866,1,1,0.00037199677899479866,1,7.09375,260.96875,0.008541311160023993,0.03125,0,8132.84375,0,6.424515812917561,0.12423085030240652,0.5504531288706163,17563.5,0.8142782924210413,6509.40625,0.6280925939790905,0.6765041213566082,21803.375,0.8925728600154328,7173.28125,0.49845091439783573,0.010881126428155644,0.41933884388030035,13601.875,0.7595832226366473,6128.3125,4.690301835536957,0.09375,0,1.6081938750096127,0.5723320556370126,0,6.067513358754803,0.12249379116788889,,,,,,,,,,,,,,,,0.16796875,1872,2048,897.8828125,1045.8828125,94,94,4096,4096,4096,12.717230934998952,10.11740154598374,,,,,,,,,0.8571428571428572,-1,0.29773807143809045,0,0,1,,,,,,1.391470193862915,0.02095201425254345,0.5026086568832397,0.007825708016753197,0.9983329772949219,,,,,,,,,,,,,0.007234910037368536,0.0011624588028098515,0.00018403003923594952,0.9038829359924421,0.07764870637083732,0.008475630078464746,0.013509158045053482,0.003366564626503532,0.0005795200122520328,0,0,0,,,,,1,0.62109375,0,159
95,13272.940173757,1787527152.3493376,0.4609375,1.3010426069826053e-17,127.21350169181824,0.17197982966899872,0.8571428656578064,-1,0.375,0.4228042960166931,0.0032210582867264748,1.006608009338379,0.990290641784668,0.9430427551269531,0,0,0.010064840316772461,0.0008009122684597969,1.0008012056350708,0.1304047405719757,-0.003233354538679123,-0.003443497698754072,0.009801775217056274,0.0008009122684597969,1,1,0.0008009122684597969,1,7.03125,238.65625,0.009801774707808474,0.03125,0,7183.0625,0,6.173400665394364,0.07831545662662243,0.5602459626056171,15868.875,0.8281809688614605,5875.90625,0.5750552350655198,0.6835928050300742,19531.59375,0.9036452804085452,6439.96875,0.5209065824747086,0.013223725012677906,0.42923327945458567,12260.75,0.7733358788296689,5515.6875,5.6577558517456055,0.03125,0,1.5684272342684635,0.5793307665335943,0,5.950428536443802,0.0723121712990315,,,,,,,,,,,,,,,,0.26953125,1874,2048,1054.1875,1208.35546875,90,90,4096,4096,4096,14.38476207992062,10.034704983001575,,,,,,,,,1,-1,0.32142857142857145,0,0,1,,,,,,2.3812170028686523,0.020351333543658257,0.5412965416908264,0.00757307605817914,0.9983677864074707,,,,,,,,,,,,,0.005746570066548884,0.0010542661020735977,0.0002004099078476429,0.8689584298990667,0.07462125149413623,0.006622990011237562,0.01169597590342164,0.0031673801258875756,0.00047135993372648954,0,0,0,,,,,1,0.4609375,0,118
96,13407.210020244,1787527289.7858644,0.6484375,4.7704895589362195e-18,124.81469392776489,0.20258361101150513,1,-1,0.46875,0.4199835956096649,0.003200911683961749,1.0039386749267578,0.9917850494384766,0.9434490203857422,0,0,0.008541516959667206,0.00067194236908108,1.0006722211837769,0.18249770998954773,-0.012366972863674164,-0.012530463747680187,0.008276611566543579,0.00067194236908108,1,1,0.00067194236908108,1,7.125,264.90625,0.008276611699529994,0.03125,0,8433.5,0,9.726019755791615,0.07346876166443626,0.5539352996720353,18287.65625,0.8186871346928082,6776.78125,0.6689190323813818,0.6781864850289827,22687.78125,0.8961803687576413,7472.03125,0.5307415761053562,0.010776977391215331,0.4261527793633765,14215.0625,0.7698137984023936,6405.25,5.3734530210494995,0.125,0,1.8311107337514605,0.5673543824763019,0,9.490038203301108,0.08152418533735037,,,,,,,,,,,,,,,,0.1328125,1874,2048,946.03125,1081.1015625,87,87,4096,4096,4096,13.429377530002967,10.136635562987067,,,,,,,,,1,-1,0.2923340275668732,0,0,1,,,,,,1.832580804824829,0.020778503268957138,0.5194946527481079,0.007740296423435211,0.9982799887657166,,,,,,,,,,,,,0.005129519966430962,0.0011276114687461813,0.00021547998767346144,0.8489226620877162,0.05211091109140398,0.002510988968424499,0.012781289871782064,0.003397554092316568,0.0006393300136551261,0,0,0,,,,,1,0.6484375,0,166
97,13549.695585997,1787527424.645903,0.65234375,8.673617379884035e-18,121.65246319770813,0.15996475517749786,1,-1,0.34375,0.41146960854530334,0.002584280213341117,1.0058374404907227,0.9917197823524475,0.9455475807189941,0,0,0.00862838700413704,0.0005700865294784307,1.0005701780319214,0.10670989751815796,-0.005927659571170807,-0.0057830712758004665,0.008348364382982254,0.0005700865294784307,1,1,0.0005700865294784307,1,7.15625,243.90625,0.008348364816988928,0.03125,0,7568.25,0,7.348868596798193,0.12337615598407087,0.5535363140097858,16499.625,0.8186750685982551,6114.625,0.6780864496249706,0.6795813925288237,20450.90625,0.8962634223852042,6728.0625,0.5521768946200609,0.010273600953570012,0.4221952220226683,12729.375,0.7627113338269828,5731.65625,4.481333434581757,0.21875,0,1.9030609148300672,0.5498990425354465,0,7.1513739536218335,0.12709987659552088,,,,,,,,,,,,,,,,0.140625,1910,2048,862.42578125,973.21875,63,63,4096,4096,4096,12.206405083066784,9.54918455798179,,,,,,,,,1,-1,0.28007834180996644,0,0,1,,,,,,3.102262020111084,0.02150781825184822,0.9015088081359863,0.008001216687262058,0.9981520175933838,,,,,,,,,,,,,0.004651208990253508,0.0010947920936814626,0.00020854000467807055,0.859023891040124,0.06138787753388897,0.005305058904923499,0.011614608927629888,0.0031089382378013397,0.00047224899753928185,0,0,0,,,,,1,0.65234375,0,167
98,13691.304865029,1787527567.3079617,0.53125,7.806255641895632e-18,129.30154633522034,0.15503475069999695,1,-1,0.40625,0.42786669731140137,0.002406233688816428,1.0133028030395508,0.9917294979095459,0.9567995071411133,0,0,0.008759833872318268,0.0005137897096574306,1.000514030456543,0.14521335065364838,0.000757523812353611,0.0005900301039218903,0.008338624611496925,0.0005137897096574306,1,1,0.0005137897096574306,1,7.375,227.15625,0.008338625117063476,0.03125,0,6899.40625,0,5.516299628176457,0.11379879460966955,0.5640550311254384,15252.25,0.8312312059793305,5634.75,0.9268182311789133,0.6830514239441507,18692.4375,0.9042628067083079,6169.6875,0.517841599881649,0.011576683817632924,0.4316983396956846,11812.03125,0.7778606612051273,5307.28125,4.985209167003632,0.46875,0,2.8638462696509777,0.503994912197929,0,5.129203705682983,0.11506927020697562,,,,,,,,,,,,,,,,0.25,1883,2048,1019.02734375,1215.0859375,65,65,4096,4096,4096,14.961690247058868,10.11433232598938,,,,,,,,,1,-1,0.30514299090419755,0,0,1,,,,,,8.516030311584473,0.02126212790608406,0.5010287761688232,0.007940508425235748,0.9982898235321045,,,,,,,,,,,,,0.006020480068400502,0.0011901110187864106,0.00022506003733724356,0.8403642820194364,0.06933305920028943,0.005972540006041527,0.009685399010777473,0.003464966822321003,0.0005500799743458629,0,0,0,,,,,1,0.53125,0,136
99,14684.916536765,1787527708.6971922,0.5625,5.204170427930421e-18,128.22103810310364,0.16614942252635956,1,-1,0.4375,0.41762563586235046,0.0033683311194181442,1.0064239501953125,0.9905366897583008,0.9597482681274414,0,0,0.009809650480747223,0.0007197827799245715,1.0007200241088867,0.13372643291950226,-0.019572094082832336,-0.019303547218441963,0.00953769776970148,0.0007197827799245715,1,1,0.0007197827799245715,1,7.21875,292.75,0.009537698051813603,0.03125,0,8152.21875,0,6.743200387837034,0.050645313058017324,0.5587767002391182,18166.90625,0.8260413032096277,6718.4375,1.0351261196192354,0.6837836277240503,22254.0625,0.9032433986041126,7351.53125,0.5078744990751147,0.014062151026901924,0.42867784478066334,14134.53125,0.7724921119987948,6335.1875,6.231593906879425,0.3125,0,1.993825347322814,0.5257030325255367,0,6.7554728839339795,0.05315345266354469,,,,,,,,,,,,,,,,0.22265625,1913,2048,1005.6640625,1189.30078125,80,80,4096,4096,4096,14.448840445023961,10.346623513964005,,,,,,,,,0.8571428571428572,-1,0.33881546358946923,0,0,1,,,,,,3.6688756942749023,0.02098255231976509,0.7266319394111633,0.007835252210497856,0.9982345104217529,,,,,,,,,,,,,0.005634019034914672,0.001071483875875856,0.00019789999350905418,0.8519705120706931,0.06815457433140182,0.006967910099774599,0.014335587969981134,0.003850372721444728,0.0005819599609822035,0,0,0,,,,,1,0.5625,0,144
100,14824.636289873,1787528703.97817,0.59765625,3.469446951953614e-18,980.4792461395264,0.20943084359169006,0.8571428656578064,-1,0.40625,0.42520368099212646,0.0039444915018975735,1.0075654983520508,0.9911231994628906,0.9557733535766602,0,0,0.00932080764323473,0.0007733681704849005,1.0007736682891846,0.13046973943710327,-0.009379674680531025,-0.009217502549290657,0.008947164751589298,0.0007733681704849005,1,1,0.0007733681704849005,1,7.1875,288.8125,0.008947164966913217,0.03125,0,8045.3125,0,7.232405627666187,0.07669005781505144,0.5590930008401729,17680.5625,0.8251265089922662,6538.6875,0.9979422711767256,0.6815661842650659,21782.53125,0.9015562636190522,7186.625,0.49387170374393463,0.012854761855781554,0.4316970059466431,13808.125,0.7753835886766496,6183.5625,5.954890966415405,0.28125,0,1.913977526079271,0.4527977183419219,0,6.677313502677508,0.0835045158495284,800,100,0.5575000047683716,0.5575,856.7803096870193,0.22125,2048,2048,950.0862426757812,1130,29,29,4096,4096,4096,0.18359375,1913,2048,919.015625,1051.61328125,80,80,4096,4096,4096,6.569545198737939,10.014763533952646,1,1.0130785099704553e-17,-1,0.22787586838555193,0.3,0.22,0.48,0.5575,1,-1,0.27779194975185795,0,0,1,10.464592933654785,0.021868137549608944,0.8877043724060059,0.00821875836700201,0.9981720703840256,3.2118823528289795,0.020933976396918297,0.6390836834907532,0.007855362258851528,0.9981943368911743,63.909082774072886,13.702468612477388,0.00018033001106232405,47.47760934301186,3.8844400899103495,0.0006643399829044938,82.78839313890785,14.854134355625865,0,0,0,0,0.0054239589953795075,0.0011335482831782429,0.00020570005290210247,0.8487819109577686,0.07586555999841949,0.008192208944819868,0.07394259399734437,0.0034866503278863092,0.0006180400960147381,0,0,0,1,0.5575,0,4.46,1,0.59765625,0,153
101,14964.306984905,1787528841.888417,0.546875,1.5612511283791264e-17,124.86774373054504,0.13856518268585205,1,-1,0.34375,0.41148892045021057,0.0031975782476365566,1.0045146942138672,0.9922857284545898,0.9293375015258789,0,0,0.008085355162620544,0.0006756001384928823,1.0006757974624634,0.1403752565383911,-0.0035865548998117447,-0.0032891614828258753,0.007771486882120371,0.0006756001384928823,1,1,0.0006756001384928823,1,7.1875,236.75,0.007771486444410088,0.03125,0,7352.125,0,6.092163453848235,0.10449588477100158,0.5586708722661597,16133.125,0.8238962993072927,5963.8125,0.8251531417481601,0.6828385123906998,19893.90625,0.9010270781311914,6553.46875,0.4882664568722248,0.010702392851721913,0.42253881927005993,12441.1875,0.7657489733584695,5606.21875,5.019747614860535,0.1875,0,2.4768343160637376,0.5265561797288989,0,6.73353403564556,0.10674903993174639,,,,,,,,,,,,,,,,0.234375,2048,2048,857.83203125,1001.76953125,91,91,4096,4096,4096,13.300550678977743,10.860164996935055,,,,,,,,,1,-1,0.2600039246171614,0,0,1,,,,,,3.632894515991211,0.021504372358322144,0.44568729400634766,0.008050280623137951,0.9982433319091797,,,,,,,,,,,,,0.007316379924304783,0.0011247602792536782,0.00021124002523720264,0.8857850770000368,0.07170763269868985,0.00538735999725759,0.011940107913687825,0.003087112220327981,0,0,0,0,,,,,1,0.546875,0,140
102,15100.531246109,1787528981.8971858,0.57421875,1.214306433183765e-17,126.66683220863342,0.1475214958190918,1,-1,0.40625,0.4317804276943207,0.0027644785586744547,1.0055475234985352,0.9897167086601257,0.9287023544311523,0,0,0.010697109624743462,0.0008798973867669702,1.0008803606033325,0.2025911957025528,0.034899502992630005,0.034587595611810684,0.010407368652522564,0.0008798973867669702,1,1,0.0008798973867669702,1,7.15625,233.65625,0.010407368625393935,0.03125,0,6862.65625,0,6.3271448891142965,0.0982937627219399,0.5714820876828715,15437.40625,0.8424431144565063,5700,0.6898958286037669,0.68975140080194,18804.8125,0.9139922244184955,6217.5625,0.48063941672444344,0.01575609434881088,0.43546472968638206,11896.03125,0.7848025695680345,5348.1875,6.728531777858734,0.1875,0,1.7693676210520488,0.5575664566016514,0,6.065799901236769,0.09512881093059537,,,,,,,,,,,,,,,,0.21875,2048,2048,952.66796875,1144.12890625,76,76,4096,4096,4096,14.20963115489576,9.96098069101572,,,,,,,,,1,-1,0.36509014821894414,0,0,1,,,,,,9.35385513305664,0.021223988384008408,0.6725502014160156,0.007936310023069382,0.9981130957603455,,,,,,,,,,,,,0.0052960088942199945,0.0011130123939437908,0.00024149008095264435,0.8346784920431674,0.06269278148192825,0.005887448904104531,0.019553067977540195,0.0034211090933240484,0,0,0,0,,,,,1,0.57421875,0,147
103,15243.335569861,1787529117.8313265,0.609375,2.6020852139652106e-18,123.0246331691742,0.25566229224205017,1,-1,0.5625,0.4158339500427246,0.004468478728085756,1.0054645538330078,0.9908806085586548,0.9621872901916504,0,0,0.009563662111759186,0.0006716293282806873,1.0006718635559082,0.17651894688606262,0.0157355684787035,0.015022623352706432,0.009192710742354393,0.0006716293282806873,1,1,0.0006716293282806873,1,7.21875,270.25,0.009192710692815438,0.03125,0,7621.34375,0,7.63026630991501,0.10241097768208299,0.5600013202797927,16725.15625,0.8258002945109428,6181.34375,1.4239995880052447,0.6809046011059834,20583.5,0.9005291666812844,6789.1875,0.5720095243304968,0.013558999818623907,0.42935422578300264,12984.75,0.7735484071862835,5828.5625,5.915238976478577,0.28125,0,2.062710219989999,0.446017641648088,0,7.043686002452874,0.10193754308271366,,,,,,,,,,,,,,,,0.13671875,1874,2048,818.33984375,945.84375,45,45,4096,4096,4096,12.090816323063336,10.21267706702929,,,,,,,,,1,-1,0.32142857142857145,0,0,1,,,,,,9.402105331420898,0.02190563455224037,0.6999529004096985,0.008201156742870808,0.9981324076652527,,,,,,,,,,,,,0.005168810021132231,0.0011656269261948182,0.00019545003306120634,0.8355047520017251,0.06790941974941234,0.005063799093477428,0.014945428119972348,0.0031644856967432133,0.0005673000123351812,0,0,0,,,,,1,0.609375,0,156
104,15377.46587273,1787529260.8907647,0.62109375,1.0408340855860843e-17,129.83796381950378,0.19335702061653137,1,-1,0.46875,0.444405198097229,0.005262753926217556,1.008920669555664,0.9890385270118713,0.9395480155944824,0,0,0.011699054390192032,0.0009308696025982499,1.0009312629699707,0.15790803730487823,0.007932940497994423,0.007243387401103973,0.011096904054284096,0.0009308696025982499,1,1,0.0009308696025982499,1,7.1875,232.125,0.011096904117718707,0.03125,0,6546.71875,0,8.142868542247854,0.06946028580901353,0.5772463424954956,14670.34375,0.8489585899203588,5414.78125,1.3006833018735051,0.6914253595657973,17905.78125,0.9180387300262058,5920.25,0.6022464027628303,0.01681146551960843,0.44691635561794774,11366.96875,0.79890561466596,5101.6875,6.424687325954437,0.1875,0,1.8736349192521733,0.4670686382251247,0,6.947749743151046,0.06939528089122539,,,,,,,,,,,,,,,,0.203125,1913,2048,979.81640625,1150.94140625,82,82,4096,4096,4096,14.212528478936292,9.770513828960247,,,,,,,,,1,-1,0.2934227986634818,0,0,1,,,,,,2.4241483211517334,0.021498894318938255,0.777562141418457,0.008074118755757809,0.9981021881103516,,,,,,,,,,,,,0.005461890017613769,0.0010423670373711502,0.00023378990590572357,0.7817100069951266,0.07130283240849167,0.012248659040778875,0.011532859993167222,0.003438930836182408,0.00046058010775595903,0,0,0,,,,,1,0.62109375,0,159
105,15514.478272761,1787529395.0670009,0.640625,2.6020852139652106e-18,120.89679956436157,0.16248367726802826,1,-1,0.40625,0.41385728120803833,0.002282580127939582,1.008357048034668,0.9908442497253418,0.9152512550354004,0,0,0.009618583135306835,0.0006473067915067077,1.0006475448608398,0.17897053062915802,0.0071763708256185055,0.007029453292489052,0.009250489994883537,0.0006473067915067077,1,1,0.0006473067915067077,1,7.25,273.4375,0.00925048980532666,0.03125,0,7838.53125,0,6.834392064782442,0.09535604349845848,0.5630521587578741,17552.53125,0.8299456369117812,6476.8125,0.9333726816494163,0.6856732324719028,21444.28125,0.9067719569340864,7086.21875,0.6266373032703996,0.014188948123844544,0.43053505948734816,13572.125,0.776442416365351,6098.9375,6.510469555854797,0.375,0,2.2332287762405367,0.45828288913061255,0,7.112152735630182,0.08991659156545195,,,,,,,,,,,,,,,,0.1484375,1910,2048,818.9921875,935.8203125,59,59,4096,4096,4096,11.750053453957662,10.188105168985203,,,,,,,,,1,-1,0.34069257193462343,0,0,1,,,,,,9.244604110717773,0.021880514919757843,0.5804075002670288,0.008229397237300873,0.998107373714447,,,,,,,,,,,,,0.005053870030678809,0.0010219014948233962,0.00023806001991033554,0.7806656879838556,0.06944668576352342,0.004391079070046544,0.012252609012648463,0.002819288577484258,0.0004769599763676524,0,0,0,,,,,1,0.640625,0,164
106,15653.82775031,1787529532.2648973,0.60546875,3.469446951953614e-18,123.71488237380981,0.2190406620502472,1,-1,0.53125,0.4403071105480194,0.0050184098072350025,1.0102958679199219,0.9904065132141113,0.941162109375,0,0,0.010152595117688179,0.0006275495979934931,1.0006276369094849,0.15391157567501068,0.018859783187508583,0.017760958522558212,0.009695050306618214,0.0006275495979934931,1,1,0.0006275495979934931,1,7.125,226.8125,0.009695050033712968,0.03125,0,6551.9375,0,5.741338480362057,0.14513268666095835,0.5787724690185223,14750.5625,0.8502199024616591,5439.46875,0.9793732846155763,0.6912015251910022,17917.59375,0.9179942399233854,5929.84375,0.5263222120702267,0.01582425388196474,0.44117663539281543,11380.6875,0.7942390743104206,5114.875,6.263992726802826,0.1875,0,1.6706328557871033,0.5148802463348603,0,5.658262736003822,0.14043113605129848,,,,,,,,,,,,,,,,0.140625,1910,2048,823.83984375,943.86328125,47,47,4096,4096,4096,12.517016991972923,10.245486214058474,,,,,,,,,1,-1,0.30826208038628694,0,0,1,,,,,,8.793850898742676,0.021621178835630417,0.6251963376998901,0.008178622461855412,0.9980308413505554,,,,,,,,,,,,,0.005452409037388861,0.001081113559393998,0.00021446996834129095,0.7858715370530263,0.0635622173244883,0.004552130005322397,0.07220363197848201,0.003088370243403915,0.000477788969874382,0,0,0,,,,,1,0.60546875,0,155
107,15799.134189223,1787529670.5713642,0.6640625,0,125.80767130851746,0.1738220751285553,1,-1,0.40625,0.4164249300956726,0.0029292271938174963,1.0081520080566406,0.9925583600997925,0.9514622688293457,0,0,0.007952009327709675,0.0005620359443128109,1.0005621910095215,0.1342993825674057,-0.016230814158916473,-0.01610272191464901,0.007503771688789129,0.0005620359443128109,1,1,0.0005620359443128109,1,7.25,201.5625,0.007503771850949824,0.03125,0,6590.71875,0,5.156974970772236,0.1801060225531742,0.56446176834804,14633.96875,0.8318339504852151,5405.3125,1.1311426418833435,0.6869903193290303,17988.75,0.9078420486764289,5929.53125,0.569244934245944,0.010263668870011563,0.4239942693852363,11145.0625,0.7700037028374458,5040.46875,4.421521842479706,0.40625,0,1.907051957340161,0.48118444463834054,0,5.304465928354972,0.18198440278853084,,,,,,,,,,,,,,,,0.1484375,1883,2048,855.3359375,1034.953125,66,66,4096,4096,4096,14.178888565045781,10.421171408030204,,,,,,,,,1,-1,0.32142857142857145,0,0,1,,,,,,9.36214828491211,0.021893320605158806,0.6803383827209473,0.008257517591118813,0.9980422258377075,,,,,,,,,,,,,0.005819799960590899,0.0011711834022207768,0.00023644999600946903,0.8532437810208648,0.0670448797723111,0.007982249022461474,0.07089937396813184,0.0037200769997980387,0.0005241000326350331,0,0,0,,,,,1,0.6640625,0,170
108,15936.700299445,1787529816.5007038,0.48046875,8.673617379884035e-18,132.8717257976532,0.18513193726539612,1,-1,0.40625,0.42147669196128845,0.003379093948751688,1.0084762573242188,0.9908009767532349,0.8858861923217773,0,0,0.009754674509167671,0.0006595603190362453,1.000659704208374,0.11868055164813995,-0.009784035384654999,-0.009779892861843109,0.009319553151726723,0.0006595603190362453,1,1,0.0006595603190362453,1,7.3125,239.375,0.009319553431002898,0.03125,0,6842.6875,0,6.999821803895626,0.09497924700265503,0.569928368463138,15385.71875,0.8381999750877969,5672.5625,1.184126132633537,0.6877793886004989,18741.15625,0.9111767144611269,6198.75,0.585557708516717,0.013180873515388002,0.4319872615017114,11799.0625,0.7807799823546906,5312.65625,4.975211799144745,0.34375,0,2.0100591910696193,0.4399162794464989,0,6.660441709862255,0.09883672636792191,,,,,,,,,,,,,,,,0.25,1961,2048,991.28515625,1170.16796875,79,79,4096,4096,4096,14.517910602968186,9.38967995904386,,,,,,,,,1,-1,0.3224191086654962,0,0,1,,,,,,11.50352668762207,0.02160201407968998,0.702627420425415,0.008112688548862934,0.9980608820915222,,,,,,,,,,,,,0.007830558926798403,0.001151672603100451,0.00021487998310476542,0.7817131670890376,0.08114843578141517,0.005516379955224693,0.014216309995390475,0.003660319151549629,0.0005548299523070455,0,0,0,,,,,1,0.48046875,0,123
109,16069.156663611,1787529953.911777,0.59765625,8.673617379884035e-18,124.57500219345093,0.19018104672431946,1,-1,0.4375,0.4237564206123352,0.0027375605423003435,1.0079240798950195,0.9895422458648682,0.9301681518554688,0,0,0.010907014831900597,0.0008734723087400198,1.0008738040924072,0.1606377214193344,-0.008854660205543041,-0.008969108574092388,0.010576020926237106,0.0008734723087400198,1,1,0.0008734723087400198,1,7.375,308.5,0.010576021088704288,0.03125,0,7930.28125,0,7.08723043656057,0.10344065544377942,0.5719043224610043,17774.1875,0.8418523463522806,6561.1875,1.3911552036879584,0.6893735737083078,21706.5625,0.9142475961904969,7174.84375,0.4871395640075207,0.015395215321489495,0.4429726240128097,13819.71875,0.7941491290812698,6195.96875,6.15281617641449,0.4375,0,2.191787116797713,0.4694805758970494,0,6.471004845161458,0.10154967995041711,,,,,,,,,,,,,,,,0.22265625,1910,2048,855.34765625,1021.234375,65,65,4096,4096,4096,12.43173564702738,10.021125959930941,,,,,,,,,0.8571428571428572,-1,0.26122747925585343,0,0,1,,,,,,5.890056610107422,0.022111939266324043,0.7127422094345093,0.008346297778189182,0.9980636239051819,,,,,,,,,,,,,0.006246358971111476,0.0011719666977114684,0.0002154599642381072,0.8195223439252004,0.07276338455858422,0.003381218994036317,0.008535797940567136,0.0030540307366209163,0.00047764007467776537,0,0,0,,,,,1,0.59765625,0,153
110,16207.644787578,1787530086.6279364,0.64453125,1.734723475976807e-18,119.55529928207397,0.128201425075531,0.8571428656578064,-1,0.28125,0.4308587908744812,0.0025737974792718887,1.0081291198730469,0.9916212558746338,0.9399242401123047,0,0,0.009075256995856762,0.00036260695196688175,1.0003626346588135,0.10898758471012115,0.0094905411824584,0.009307190775871277,0.008461148478090763,0.00036260695196688175,1,1,0.00036260695196688175,1,7.28125,236.9375,0.008461148369262504,0.03125,0,6842.78125,0,19.459457719107565,0.1603604482292187,0.5777262086195556,15506.21875,0.8511497024132396,5726.21875,0.9144590329378843,0.6936378229927239,18819.40625,0.9204548207540697,6234.65625,0.490599874407053,0.013008001366184936,0.4393304924869801,11926.4375,0.7938192128525048,5370.78125,5.587788939476013,0.375,0,1.9712338822764983,0.5092070083482177,0,19.09878524923701,0.1645665247745439,,,,,,,,,,,,,,,,0.1171875,1874,2048,817.109375,948.09765625,55,55,4096,4096,4096,12.469223503954709,9.775315392995253,,,,,,,,,1,-1,0.29987242185261903,0,0,1,,,,,,8.842575073242188,0.02156461402773857,0.6756857633590698,0.008224783465266228,0.9980229139328003,,,,,,,,,,,,,0.0042182899778708816,0.0010273988968947378,0.0001892000436782837,0.7741264590295032,0.0708400876419546,0.005316189024597406,0.011996409972198308,0.00299733015935999,0.00041719002183526754,0,0,0,,,,,1,0.64453125,0,165
111,16343.815164049,1787530224.171717,0.5859375,8.673617379884035e-18,125.31686902046204,0.15985924005508423,1,-1,0.40625,0.4169703722000122,0.003894450841471553,1.0128536224365234,0.9908394813537598,0.9099397659301758,0,0,0.009632566943764687,0.0006674067117273808,1.0006675720214844,0.09798680245876312,-0.03143793344497681,-0.03125347942113876,0.00925573892891407,0.0006674067117273808,1,1,0.0006674067117273808,1,7.21875,223.6875,0.009255739618323093,0.03125,0,6536.875,0,5.5197321734617075,0.12197432443367841,0.5756953187103893,14697.71875,0.8454289686584198,5413.5,1.0249952329322696,0.6888983901360373,17843.65625,0.9151545459705394,5905.8125,0.5196046829223633,0.012920226863563991,0.43589494942373797,11244.96875,0.7898541087805975,5076.53125,5.421580195426941,0.3125,0,1.9182338788578328,0.5105239525662791,0,5.574604711996745,0.1257357734512204,,,,,,,,,,,,,,,,0.26953125,1841,2048,932.0859375,1121.453125,49,49,4096,4096,4096,14.390345285995863,10.08951768395491,,,,,,,,,1,-1,0.29450754468697576,0,0,1,,,,,,8.893502235412598,0.02140502631664276,0.8821248412132263,0.008131814189255238,0.9979864954948425,,,,,,,,,,,,,0.006128570064902306,0.0011305675539006188,0.00020387000404298306,0.7865717370295897,0.05623731541982124,0.004512930056080222,0.010345429996959865,0.0032496940593773616,0.0004937200574204326,0,0,0,,,,,1,0.5859375,0,150
112,16480.214983919,1787530360.790465,0.57421875,4.7704895589362195e-18,123.9386842250824,0.1535249650478363,1,-1,0.40625,0.4019050598144531,0.0030863413121551275,1.007370948791504,0.9924027919769287,0.9623847007751465,0,0,0.008042972534894943,0.000563146430067718,1.0005632638931274,0.16771002113819122,-0.007517543621361256,-0.00740402564406395,0.007649448234587908,0.000563146430067718,1,1,0.000563146430067718,1,7.34375,263.875,0.007649447891526296,0.03125,0,7456.6875,0,7.1230764223487055,0.16586962117454335,0.5656912478113402,16737.34375,0.8334167492566396,6173.78125,1.2332621640525758,0.6841218295628204,20358.84375,0.9067422818699014,6737.96875,0.4814967680722475,0.009711104867608617,0.42351233934300736,12747.5625,0.7722518228856838,5770.4375,4.406397342681885,0.4375,0,1.9448128146581372,0.4717459506899292,0,6.588096403168887,0.1673392936257041,,,,,,,,,,,,,,,,0.1640625,1883,2048,933.4765625,1075.90625,86,86,4096,4096,4096,13.573432971024886,9.181151169002987,,,,,,,,,1,-1,0.2487212192354307,0,0,1,,,,,,10.090580940246582,0.021813396364450455,0.6196353435516357,0.00819400791078806,0.9980255365371704,,,,,,,,,,,,,0.005283769918605685,0.0010876622873183805,0.00021835998632013798,0.796620236011222,0.07201856118172145,0.0067317800130695105,0.01186664984561503,0.003429399095239205,0.0006189000559970737,0,0,0,,,,,1,0.57421875,0,147
113,16615.338125517,1787530497.8458636,0.50390625,1.5612511283791264e-17,123.64127492904663,0.11493883281946182,1,-1,0.28125,0.4083041846752167,0.0030998196452856064,1.0129518508911133,0.9921447038650513,0.9608235359191895,0,0,0.008224227465689182,0.000389920431189239,1.0003899335861206,0.0932360589504242,-0.014572575688362122,-0.014381423592567444,0.007910378277301788,0.000389920431189239,1,1,0.000389920431189239,1,7.40625,257.5625,0.007910377625098544,0.03125,0,7467.8125,0,7.521192681324811,0.11548556086958317,0.5682449751594985,16772.15625,0.8373653378572516,6188.34375,1.711665275041014,0.6845736941810612,20377.78125,0.9090532979554252,6750.75,0.551694537512958,0.010745022579325293,0.4320778845695602,12860.71875,0.7825532987594557,5806.4375,4.650967001914978,0.5625,0,2.090377221866641,0.421217597155767,0,7.207705249440611,0.1154687622893727,,,,,,,,,,,,,,,,0.15234375,1910,2048,924.8203125,1062.046875,51,51,4096,4096,4096,13.052222080063075,9.651955124922097,,,,,,,,,1,-1,0.3633391062388537,0,0,1,,,,,,8.93294906616211,0.021844128146767616,0.7920487523078918,0.008329441770911217,0.997858464717865,,,,,,,,,,,,,0.005259218974970281,0.0011959324474446476,0.0002313799923285842,0.8615388999460265,0.06045433230292474,0.002760609961114824,0.009817588957957923,0.003113300448148948,0.0005715799052268267,0,0,0,,,,,1,0.50390625,0,129
114,16746.949276752,1787530632.9742727,0.66796875,4.7704895589362195e-18,121.77880835533142,0.24853233993053436,1,-1,0.5625,0.40651780366897583,0.003373559797182679,1.00592041015625,0.9924047589302063,0.9581012725830078,0,0,0.00794781930744648,0.0008953209035098553,1.0008957386016846,0.2159731686115265,-0.027536578476428986,-0.027403725311160088,0.0076484763994812965,0.0008953209035098553,1,1,0.0008953209035098553,1,7.375,248.125,0.007648476360315755,0.03125,0,7398.5625,0,8.70816183448094,0.0790065507520791,0.5666668518687016,16612.28125,0.8340336908798542,6119.28125,1.7239461680874228,0.6844851377897341,20178.78125,0.9070385031418535,6677.625,0.5678416546434164,0.010531038464899658,0.42733990844416103,12657.5625,0.7756223680225062,5722.5625,4.9072242975234985,0.6875,0,2.070125765115662,0.38768417458211124,0,9.006920698239547,0.0710532449368618,,,,,,,,,,,,,,,,0.1875,1910,2048,806.80078125,935.8125,58,58,4096,4096,4096,12.227717426023446,10.373588127898984,,,,,,,,,1,-1,0.2244608051781524,0,0,1,,,,,,11.372814178466797,0.021898025646805763,0.8588563799858093,0.008286644704639912,0.9978713393211365,,,,,,,,,,,,,0.004846259951591492,0.0010873130604522885,0.00021117995493113995,0.7999542759498581,0.06966575253409246,0.0048765590181574225,0.01087962999008596,0.002716574201713229,0.0005241399630904198,0,0,0,,,,,1,0.66796875,0,171
115,16893.559334923,1787530765.196323,0.78125,6.938893903907228e-18,118.21817231178284,0.09012725204229355,1,-1,0.21875,0.4061442017555237,0.002056627534329891,1.004739761352539,0.9922722578048706,0.9048810005187988,0,0,0.008215111680328846,0.00029051327146589756,1.0002906322479248,0.07780881971120834,0.004356212913990021,0.004250280559062958,0.007807138841599226,0.00029051327146589756,1,1,0.00029051327146589756,1,7.1875,205.3125,0.007807138492928045,0.03125,0,6454.40625,0,4.535614060098086,0.22015225649363201,0.5678504277453105,14477.09375,0.8353432041523692,5331.96875,1.6955864673946053,0.6855232512161443,17630.375,0.9080068240100498,5826.34375,0.517501899972558,0.010970422245952332,0.4215861556901369,10935.8125,0.7701288711820689,4961.71875,4.358085453510284,0.28125,0,2.286694897047302,0.4573413311917667,0,4.863216400582659,0.22782496357055496,,,,,,,,,,,,,,,,0.125,1883,2048,838.078125,944.38671875,68,68,4096,4096,4096,11.944769949070178,10.400041005923413,,,,,,,,,1,-1,0.27893748842523763,0,0,1,,,,,,9.684364318847656,0.02233853191137314,0.7759782075881958,0.008545150980353355,0.9977265000343323,,,,,,,,,,,,,0.08030874305404723,0.0013390392596193124,0.00020439992658793926,0.8477226520190015,0.05651675064746087,0.004665190004743636,0.008539658971130848,0.002697123441976146,0.000528559903614223,0,0,0,,,,,1,0.78125,0,200
116,17042.592067507,1787530910.6357815,0.65625,1.3010426069826053e-18,132.67492008209229,0.1380767822265625,1,-1,0.34375,0.40947434306144714,0.0025974190793931484,1.0100317001342773,0.9920914173126221,0.9645113945007324,0,0,0.008595684543251991,0.0006403003353625536,1.0006405115127563,0.09998121857643127,-0.0035724188201129436,-0.0037169393617659807,0.007975573651492596,0.0006403003353625536,1,1,0.0006403003353625536,1,7.3125,229.96875,0.007975573810379851,0.03125,0,6704.625,0,5.3408624427400575,0.21275788273403304,0.5715900008644296,15125.0625,0.8393210832024449,5552.4375,1.308204062283039,0.6852475617437591,18277.21875,0.9091511728050612,6048.0625,0.6012389068491757,0.011680015766620915,0.4294402335560934,11543.15625,0.7799963703677056,5208.875,4.690405070781708,0.4375,0,1.9305696283677354,0.42599595882765506,0,5.179600889550542,0.21067007737032373,,,,,,,,,,,,,,,,0.234375,2048,2048,954.6328125,1120.27734375,97,97,4096,4096,4096,14.213584368000738,10.889793636044487,,,,,,,,,1,-1,0.22303564279994278,0,0,1,,,,,,10.953810691833496,0.02226313017308712,0.8934617042541504,0.00836075097322464,0.9976858496665955,,,,,,,,,,,,,0.005867650033906102,0.0013020782243984286,0.0001683199079707265,0.8789117489941418,0.05651470887551113,0.004462820012122393,0.009457060019485652,0.003285203060386266,0,0,0,0,,,,,1,0.65625,0,168
117,17181.569031908,1787531059.9620047,0.5703125,1.214306433183765e-17,136.1826446056366,0.09416982531547546,1,-1,0.25,0.3964766263961792,0.002925893059000373,1.0061025619506836,0.991838812828064,0.9520750045776367,0,0,0.008658426813781261,0.00041566858999431133,1.0004156827926636,0.09893150627613068,0.010752490721642971,0.0106957470998168,0.008227734826505184,0.00041566858999431133,1,1,0.00041566858999431133,1,7.4375,259.9375,0.008227734452413222,0.03125,0,7637.0625,0,9.000781255834159,0.13306778881566825,0.5672849446730779,17186.4375,0.8330661248937006,6307.5,2.654783906880766,0.6836679206295908,20794.5625,0.9050795949411687,6872.0625,0.6004888582974672,0.012158701940240796,0.4218513312987544,12947.96875,0.7696779045571855,5878.0625,5.0562567710876465,0.9375,0,2.3448971911747933,0.38024571535160007,0,8.833368079996152,0.12899574160551053,,,,,,,,,,,,,,,,0.30078125,1913,2048,1207.7109375,1405.41015625,262,262,4096,4096,4096,15.57466665096581,9.69499877805356,,,,,,,,,1,-1,0.32926944490331744,0,0,1,,,,,,10.639305114746094,0.02220204845070839,0.9602031111717224,0.008305221796035767,0.9976832866668701,,,,,,,,,,,,,0.005391589016653597,0.0012283455557735579,0.0002020999090746045,0.8659005590016022,0.06379199211505693,0.008012910024262965,0.012270038016140461,0.003899866538176866,0.0006200299831107259,0,0,0,,,,,1,0.5703125,0,146
118,17328.628201458,1787531199.2719824,0.6484375,3.469446951953614e-18,125.90162324905396,0.19740256667137146,1,-1,0.46875,0.3993927240371704,0.002796867163851857,1.0037355422973633,0.9900941848754883,0.9651589393615723,0,0,0.010076113045215607,0.0007491789292544127,1.0007494688034058,0.18092003464698792,0.0024915141984820366,0.002386941574513912,0.009976017288863659,0.0007491789292544127,1,1,0.0007491789292544127,1,7.59375,351.5625,0.009976017476233995,0.03125,0,9661.6875,0,6.601118246731188,0.049205881511293376,0.5669197047191832,21823.75,0.8330596162829305,8017.75,3.2651081355288625,0.6855250643675782,26438.40625,0.9072163774110691,8741.9375,0.5603581350296736,0.014009863250901419,0.4312474915044322,16647.8125,0.7787281015600331,7513.125,5.980145990848541,0.9375,0,2.5461593683949166,0.23536836786875656,0,6.864416573467445,0.049178187063577655,,,,,,,,,,,,,,,,0.21484375,1874,2048,955.2109375,1110.9609375,182,182,4096,4096,4096,13.877844018978067,10.102761899936013,,,,,,,,,1,-1,0.22303564279994278,0,0,1,,,,,,10.12952709197998,0.022446302697062492,0.9134767055511475,0.00844758003950119,0.9976931810379028,,,,,,,,,,,,,0.006301839952357113,0.0011527251031111518,0.00021031091455370188,0.7886917659780011,0.05653175844008729,0.003315759007818997,0.0675158950034529,0.0034318192733735486,0.0006032499950379133,0,0,0,,,,,1,0.6484375,0,166
119,17469.854336789,1787531346.880728,0.63671875,5.637851296924623e-18,133.58858585357666,0.08923584222793579,1,-1,0.25,0.3973539471626282,0.0017569147748872638,1.005885124206543,0.9928278923034668,0.9645133018493652,0,0,0.007582637015730143,0.00021551712416112423,1.0002155303955078,0.07114484906196594,-0.0025683206040412188,-0.002616244601085782,0.0072225965559482574,0.00021551712416112423,1,1,0.00021551712416112423,1,7.3125,255.96875,0.00722259656820929,0.03125,0,7641.6875,0,4.773082126362294,0.16664364277734717,0.5688362098046552,17278.8125,0.8357829655896828,6340.125,2.2663171384483576,0.6854670427382766,20895.65625,0.90841566945642,6910.5625,0.4801088864915073,0.009700094931687702,0.4233881519063335,13007.59375,0.772549450389889,5901.78125,4.547435462474823,0.8125,0,2.202298017495444,0.37577371367680024,0,5.03072900828786,0.16600645429916616,,,,,,,,,,,,,,,,0.2734375,1910,2048,1128.23046875,1316.90234375,91,91,4096,4096,4096,15.066127888974734,10.40549767203629,,,,,,,,,1,-1,0.3040961851058286,0,0,1,,,,,,11.168914794921875,0.022490037605166435,0.9904184937477112,0.008448375388979912,0.9976282119750977,,,,,,,,,,,,,0.008756818948313594,0.0012057756198373681,0.00020355999004095793,0.865458260057494,0.07142156798954602,0.004327739938162267,0.012422009138390422,0.0035378092834434938,0.0005312199937179685,0,0,0,,,,,1,0.63671875,0,163
120,17615.322509707,1787531487.9553883,0.5625,1.214306433183765e-17,127.19634199142456,0.18830591440200806,1,-1,0.46875,0.39158087968826294,0.0025187572464346886,1.0127172470092773,0.9916964769363403,0.9725728034973145,0,0,0.008597161620855331,0.00045479764230549335,1.0004547834396362,0.1852564811706543,0.02787424623966217,0.027447789907455444,0.00835711695253849,0.00045479764230549335,1,1,0.00045479764230549335,1,7.5625,316.3125,0.008357117256832965,0.03125,0,9025.84375,0,6.731944255821583,0.06977996468866011,0.567621230435093,20513.6875,0.8313829636512109,7505.5625,2.929042174044298,0.6835079329980164,24677.53125,0.9048538947657819,8167.1875,0.516261575743556,0.013231062769950012,0.4244400641712603,15473.0625,0.7723494747461553,7015.78125,6.446287095546722,1.125,0,2.513966176216297,0.30598112564099644,0,6.781198522295918,0.060853079650685774,,,,,,,,,,,,,,,,0.2265625,1883,2048,1007.72265625,1139.046875,85,85,4096,4096,4096,14.000567187089473,10.919777204049751,,,,,,,,,0.8571428571428572,-1,0.3425593945223371,0,0,1,,,,,,11.11718463897705,0.022544890642166138,0.6593799591064453,0.008427277207374573,0.9978356957435608,,,,,,,,,,,,,0.0037766500608995557,0.0010341587526454532,0.00021631992422044277,0.8722709389403462,0.0666221501273867,0.006061919033527374,0.01013375900220126,0.0029381340395957523,0.000615919940173626,0,0,0,,,,,1,0.5625,0,144
121,17760.61586449,1787531633.1388843,0.640625,-3.469446951953614e-18,131.65161728858948,0.21602383255958557,0.8571428656578064,-1,0.46875,0.41073060035705566,0.004093666560947895,1.0064191818237305,0.9916492700576782,0.9193472862243652,0,0,0.008750502951443195,0.0006825109012424946,1.0006827116012573,0.11548037827014923,-0.01604611426591873,-0.016112256795167923,0.008422555401921272,0.0006825109012424946,1,1,0.0006825109012424946,1,7.375,279.4375,0.008422554346349163,0.03125,0,8061.78125,0,9.057796071364047,0.12122395848417482,0.572741101557633,18252.09375,0.8391937535497302,6686.375,2.253898221999407,0.6863594016773131,22009.125,0.9101464807977699,7280.09375,0.5385088101029396,0.011502693717883473,0.43109295987519647,13864.34375,0.782363239622669,6270.84375,5.197151005268097,0.53125,0,2.227622087303979,0.3691454420398158,0,7.505116982982443,0.12343807538605171,,,,,,,,,,,,,,,,0.26171875,1910,2048,1058.0859375,1202.26953125,186,186,4096,4096,4096,14.627129749045707,10.86804099904839,,,,,,,,,1,-1,0.31134992453861954,0,0,1,,,,,,10.961051940917969,0.02260957844555378,0.7904538512229919,0.008383593522012234,0.9978470206260681,,,,,,,,,,,,,0.0076645000372081995,0.0012014082622044953,0.00018259999342262745,0.8069705340312794,0.07696817704027126,0.005228769034147263,0.010556899942457676,0.0031945097480274853,0.0005925500299781561,0,0,0,,,,,1,0.640625,0,164
122,17903.536929617,1787531778.101336,0.56640625,-3.469446951953614e-18,131.6753237247467,0.18520401418209076,1,-1,0.40625,0.40061891078948975,0.0026366435922682285,1.0047073364257812,0.9920977354049683,0.9625353813171387,0,0,0.008215019479393959,0.0004260544665157795,1.0004260540008545,0.14750133454799652,0.023341067135334015,0.02272687293589115,0.007955968379974365,0.0004260544665157795,1,1,0.0004260544665157795,1,7.4375,288.28125,0.007955968816224563,0.03125,0,8464.6875,0,23.868078592686473,0.10581163065646436,0.5682932184638045,19214.15625,0.8341570150655351,7043.71875,2.1650166288018227,0.6833035575477919,23136.90625,0.9059024117933008,7660.5625,0.532594358548522,0.011080796415435825,0.4247658439633557,14508.625,0.7729725901513986,6566.90625,5.111047446727753,0.65625,0,2.264173575757235,0.3665129979465028,0,18.216047484522637,0.10818841518711267,,,,,,,,,,,,,,,,0.29296875,1938,2048,1092.36328125,1242.8125,223,223,4096,4096,4096,14.75871648604516,10.629322892054915,,,,,,,,,1,-1,0.30618621784789724,0,0,1,,,,,,9.483559608459473,0.02196817845106125,0.9480013847351074,0.008242064155638218,0.9978383183479309,,,,,,,,,,,,,0.00456976005807519,0.001091830142740946,0.00019585993140935898,0.8853764579398558,0.07619062404774013,0.006453318987041712,0.01291427796240896,0.002904115632190951,0.0005953400395810604,0,0,0,,,,,1,0.56640625,0,145
123,18054.159098016,1787531921.3636227,0.546875,-1.734723475976807e-18,129.68963074684143,0.18408268690109253,1,-1,0.4375,0.40039026737213135,0.0023268393706530333,1.004652976989746,0.993016242980957,0.9643583297729492,0,0,0.007352075539529324,0.0004581954563036561,1.0004582405090332,0.16702337563037872,0.03296644613146782,0.03264578431844711,0.007029836997389793,0.0004581954563036561,1,1,0.0004581954563036561,1,7.46875,280.53125,0.007029836371777348,0.03125,0,8738.90625,0,5.1964365175807234,0.1115329398028628,0.5702108477574745,19830.875,0.8367997896388204,7272.0625,2.192764557315968,0.6847505951742004,23880.34375,0.9081392769993175,7907.125,0.5192522797733545,0.01027534681460714,0.42096574779358475,14816.84375,0.7708545841656914,6748.5,5.518675625324249,0.59375,0,2.219567291143762,0.363137233465053,0,4.956658565749999,0.11696754525101677,,,,,,,,,,,,,,,,0.28125,1961,2048,1064.05078125,1212.54296875,97,97,4096,4096,4096,14.570593742071651,10.210446579032578,,,,,,,,,0.5714285714285714,-1,0.2600039246171614,0,0,1,,,,,,11.331259727478027,0.021997950971126556,0.7658142447471619,0.008240774273872375,0.997913658618927,,,,,,,,,,,,,0.005159019026905298,0.0011752998725569341,0.00017188000492751598,0.8333856229437515,0.07893422281540552,0.004584778915159404,0.009738508029840887,0.002840606290192227,0.0005254899151623249,0,0,0,,,,,1,0.546875,0,140
124,18202.625221695,1787532071.7844055,0.484375,7.806255641895632e-18,136.99083137512207,0.1234416514635086,0.5714285969734192,-1,0.28125,0.399750679731369,0.0023995721712708473,1.0058221817016602,0.9930578470230103,0.9651069641113281,0,0,0.007270426489412785,0.000284368172287941,1.0002843141555786,0.061776429414749146,0.011451669037342072,0.011252673342823982,0.006988354027271271,0.000284368172287941,1,1,0.000284368172287941,1,7.3125,255.21875,0.0069883542636522,0.03125,0,8512.40625,0,7.8988087477094115,0.16819841212120978,0.5710219047439843,19343.3125,0.8386821129078458,7101.46875,1.8180475982371718,0.687093981585351,23328.65625,0.9107741404753154,7721.4375,0.5401040948927402,0.009076319982686144,0.42212825997327286,14429.125,0.7735960910266011,6581.71875,4.213341534137726,0.40625,0,2.147207471518846,0.36556267540590603,0,7.371247613314258,0.16446079966278748,,,,,,,,,,,,,,,,0.37890625,2048,2048,1179.58984375,1351.7421875,271,271,4096,4096,4096,15.532547583105043,10.540175957954489,,,,,,,,,0.7142857142857143,-1,0.23419423301078574,0,0,1,,,,,,8.433857917785645,0.02208651602268219,0.7988816499710083,0.008260082453489304,0.9980201721191406,,,,,,,,,,,,,0.005193470045924187,0.0012469867715481087,0.0002021599793806672,0.8999030870618299,0.06541987710079411,0.0034121000207960606,0.009372728876769543,0.0028615686678676866,0,0,0,0,,,,,1,0.484375,0,124
125,18351.90484498,1787532220.1211898,0.53515625,2.6020852139652106e-18,135.06045031547546,0.10757134854793549,0.7142857313156128,-1,0.25,0.4009118676185608,0.0015741403913125396,1.00579833984375,0.9938172698020935,0.9725022315979004,0,0,0.00653036730363965,0.00019776658155024052,1.0001977682113647,0.08301644772291183,0.01599842682480812,0.015791088342666626,0.0062169963493943214,0.00019776658155024052,1,1,0.00019776658155024052,1,7.34375,275,0.006216996352956423,0.03125,0,9436.71875,0,8.197579132580234,0.16268702924731399,0.5736803028650473,21644.03125,0.8423560927047307,7938.40625,1.734618755057454,0.6881131695580706,25952.375,0.9132318466989835,8607.59375,0.6896185986697674,0.009168060276115875,0.4221322378083258,16107.46875,0.7754822565272526,7363.65625,4.961831092834473,0.34375,0,2.10034219918163,0.35878014168688976,0,8.925867067166138,0.16784218776612092,,,,,,,,,,,,,,,,0.35546875,2048,2048,1149.35546875,1295.90625,198,198,4096,4096,4096,15.071563826058991,10.091432790039107,,,,,,,,,1,-1,0.26122747925585343,0,0,1,,,,,,9.386638641357422,0.021644122898578644,0.6984061002731323,0.008113070391118526,0.9979453682899475,,,,,,,,,,,,,0.00620585901197046,0.0011667119124467717,0.00019471999257802963,0.8926683269673958,0.07779254517481604,0.0077198989456519485,0.009265360073186457,0.0027143946645082906,0,0,0,0,,,,,1,0.53515625,0,137
126,18501.724225294,1787532370.3531017,0.50390625,9.540979117872439e-18,136.15484642982483,0.1356620341539383,1,-1,0.3125,0.3930644392967224,0.0020925968419760466,1.0050764083862305,0.9931403994560242,0.970679759979248,0,0,0.00706976093351841,0.00031045801006257534,1.0003104209899902,0.12188861519098282,0.02130059525370598,0.02097433991730213,0.006899797357618809,0.00031045801006257534,1,1,0.00031045801006257534,1,7.4375,268.875,0.006899797425030786,0.03125,0,9194.84375,0,27.43214052195569,0.12437318097891424,0.5685528178039162,20770,0.8348042025517001,7622.875,2.2384356946240587,0.6850712049807801,25102.21875,0.907312774264458,8299.9375,0.5362774934619665,0.009757236278741433,0.41830952684959943,15399.5625,0.7680645724960604,7046.625,5.195184350013733,0.59375,0,2.3155424758327667,0.35388209281647903,0,30.557668650113246,0.12945157209254182,,,,,,,,,,,,,,,,0.41796875,2048,2048,1176.44921875,1315.828125,247,247,4096,4096,4096,15.253151729004458,10.03968911501579,,,,,,,,,1,-1,0.27081698014469824,0,0,1,,,,,,13.106443405151367,0.022153116762638092,0.9394632577896118,0.008257841691374779,0.9978476166725159,,,,,,,,,,,,,0.006745649967342615,0.0012873977343588194,0.00023535999935120344,0.8364439110737294,0.07370892617382196,0.004473139066249132,0.009877398959361017,0.0029771724175589043,0,0,0,0,,,,,1,0.50390625,0,129
127,18643.846792985,1787532519.2230706,0.484375,6.938893903907228e-18,135.58946633338928,0.15297845005989075,1,-1,0.34375,0.3987566828727722,0.002572842873632908,1.0065546035766602,0.9928774833679199,0.9654111862182617,0,0,0.007444916293025017,0.0001147715374827385,1.0001147985458374,0.1729273796081543,0.040788985788822174,0.03988862782716751,0.007169892080128193,0.0001147715374827385,1,1,0.0001147715374827385,1,7.59375,290,0.007169892149726763,0.03125,0,9411.59375,0,7.159337991412686,0.06052676937513016,0.5711024464103173,21348.71875,0.8376634040761131,7828.15625,2.7665295684710145,0.6859360986346357,25729.40625,0.9091386902547636,8512.9375,0.5655069127678871,0.010541759156618738,0.4223743840516338,15897.6875,0.7731663261181781,7257.46875,5.712315380573273,1.1875,0,2.6423664314812276,0.3192881068964243,0,7.545350883331958,0.057619955831154944,,,,,,,,,,,,,,,,0.4453125,1913,2048,1281.86328125,1478.4296875,216,216,4096,4096,4096,15.680083348997869,11.074672478018329,,,,,,,,,0.8571428571428572,-1,0.3072259023943795,0,0,1,,,,,,10.552783012390137,0.022056180983781815,0.9233375787734985,0.008213942870497704,0.9979020953178406,,,,,,,,,,,,,0.005732259014621377,0.0012186399444544804,0.00019731000065803528,0.8714049389818683,0.08344881926541348,0.0062300789868459105,0.009139628964476287,0.0029543334403570043,0.0005177189595997334,0,0,0,,,,,1,0.484375,0,124
128,18791.800721739,1787532660.8027806,0.61328125,8.673617379884035e-19,128.829829454422,0.18008196353912354,0.8571428656578064,-1,0.40625,0.392987996339798,0.0019582808017730713,1.0056037902832031,0.9924057722091675,0.9761476516723633,0,0,0.007816703990101814,0.00034289387986063957,1.0003429651260376,0.15670771896839142,0.02815391682088375,0.02762758918106556,0.007639460265636444,0.00034289387986063957,1,1,0.00034289387986063957,1,7.46875,329.6875,0.0076394601080694595,0.03125,0,10254.90625,0,10.96513152463446,0.0761165472163336,0.571469148784214,23377.46875,0.8380697513405726,8568.1875,2.523228870355524,0.6866625119306982,28118.125,0.9100930243222334,9310.15625,0.5549268443137407,0.01147145774191405,0.42325929698588394,17423.6875,0.7747731538544658,7953.65625,6.225779712200165,0.65625,0,2.218487298740624,0.2933941516092579,0,11.391681280437718,0.07360915968393747,,,,,,,,,,,,,,,,0.30078125,1939,2048,1069.7265625,1193.33203125,114,114,4096,4096,4096,14.492694590007886,10.290964361978695,,,,,,,,,0.8571428571428572,-1,0.3243911093675884,0,0,1,,,,,,9.128691673278809,0.022728176787495613,0.5433721542358398,0.00846851896494627,0.9979143738746643,,,,,,,,,,,,,0.0066031491151079535,0.0009858325452114514,0.0001853309804573655,0.8743495490634814,0.06427220746900275,0.0025077200261875987,0.009460919070988894,0.0026392647600914643,0.0005507400492206216,0,0,0,,,,,1,0.61328125,0,157
129,18935.039213399,1787532809.2096577,0.6328125,7.806255641895632e-18,135.17554879188538,0.20027294754981995,0.8571428656578064,-1,0.5,0.41102325916290283,0.0034039027523249388,1.0070419311523438,0.9931373596191406,0.9272255897521973,0,0,0.007357263937592506,0.00040428084321320057,1.0004043579101562,0.1311536431312561,0.020470939576625824,0.01970801129937172,0.006922561675310135,0.00040428084321320057,1,1,0.00040428084321320057,1,7.375,268.84375,0.006922561417843288,0.03125,0,8557.8125,0,55.44092116828149,0.17419331838935714,0.5809675875724112,19722.03125,0.8505075386951265,7218.34375,1.9921176098287106,0.6923199510192037,23576.78125,0.9193517349324837,7818.625,0.5274956692010164,0.010455308398427536,0.42900123666029155,14705.8125,0.7839880505736595,6693.875,5.188428580760956,0.59375,0,2.225715177549219,0.3798640417709602,0,54.615104314520686,0.1852567905520848,,,,,,,,,,,,,,,,0.26953125,1979,2048,1105.01171875,1249.7890625,173,173,4096,4096,4096,14.965682363021187,9.703728646039963,,,,,,,,,1,-1,0.3292694449033174,0,0,1,,,,,,12.323637962341309,0.02297024242579937,0.8509243130683899,0.008577444590628147,0.99787437915802,,,,,,,,,,,,,0.006550139980390668,0.0011586732048272097,0.00018983008340001106,0.9054806350031868,0.05887309511126659,0.0029171500355005264,0.07329017296433449,0.0034190999153906887,0.0007835800061002374,0,0,0,,,,,1,0.6328125,0,162
130,19087.377420816,1787532953.148388,0.640625,5.204170427930421e-18,130.01988887786865,0.21426695585250854,1,-1,0.53125,0.41479212045669556,0.0024041098076850176,1.004709243774414,0.9932026863098145,0.9711709022521973,0,0,0.007024465128779411,0.0003376936074346304,1.0003377199172974,0.19398456811904907,0.038630273193120956,0.03815501928329468,0.006835668347775936,0.0003376936074346304,1,1,0.0003376936074346304,1,7.4375,279.46875,0.006835668358154253,0.03125,0,8840.09375,0,8.076063705497088,0.10674708099866506,0.5830944613086781,20456.5,0.8528200524445648,7482.84375,2.9129979023709893,0.6911197764102479,24328.53125,0.9198059417616393,8086.3125,0.5629167202860117,0.009449002678454015,0.4372077709413552,15395.125,0.7946452910340529,6987.53125,4.3398438692092896,0.625,0,2.3552971263396243,0.3410677379038955,0,8.742547461341815,0.07804003856199522,,,,,,,,,,,,,,,,0.26171875,1913,2048,1120.1953125,1251.80859375,108,108,4096,4096,4096,14.521704094018787,10.217031782027334,,,,,,,,,1,-1,0.3072259023943796,0,0,1,,,,,,9.783151626586914,0.02249620109796524,0.7848140001296997,0.00842253677546978,0.9978675842285156,,,,,,,,,,,,,0.005470820004120469,0.0011545548632057034,0.00020700006280094385,0.9049173559760675,0.07080332938585343,0.007310649030841887,0.07094096415676177,0.0030765508759031945,0.0005289500113576651,0,0,0,,,,,1,0.640625,0,164
131,19236.776068096,1787533104.977051,0.41015625,2.6020852139652106e-18,138.40965127944946,0.17256775498390198,1,-1,0.46875,0.40612781047821045,0.0023094613570719957,1.0087528228759766,0.9931121468544006,0.9582161903381348,0,0,0.007236642297357321,0.00042242323979735374,1.000422477722168,0.17054398357868195,0.014462718740105629,0.01410647016018629,0.006935803685337305,0.00042242323979735374,1,1,0.00042242323979735374,1,7.40625,263.65625,0.006935803752214459,0.03125,0,8961.5625,0,8.538053235560891,0.10673983471040989,0.5777497516614798,20519.71875,0.8448085684149083,7501.8125,2.4367683571763337,0.6885819019761248,24575.9375,0.9137643207666661,8139,0.5160445217043161,0.010356579335604865,0.4272816017964689,15253.03125,0.7814380816299435,6960.46875,5.13922506570816,0.65625,0,2.2739442486682333,0.32268460930985415,0,7.979177737507475,0.10238981965118975,,,,,,,,,,,,,,,,0.4296875,1961,2048,1292.5,1441.08984375,242,242,4096,4096,4096,15.305040361941792,10.71758936601691,,,,,,,,,0.8571428571428572,-1,0.2845960259019505,0,0,1,,,,,,11.1729154586792,0.022930948063731194,0.8198456168174744,0.008462758734822273,0.9979007840156555,,,,,,,,,,,,,0.00545820000115782,0.0011693350916175405,0.00022746005561202765,0.8986857570707798,0.05765296490562832,0.003103489987552166,0.0718936329940334,0.003383418279554462,0.0004613799974322319,0,0,0,,,,,1,0.41015625,0,105
132,19390.312543209,1787533255.53228,0.55078125,1.734723475976807e-17,136.0506203174591,0.1497066468000412,0.8571428656578064,-1,0.34375,0.4172400236129761,0.0027883374132215977,1.0041189193725586,0.9930998682975769,0.9667172431945801,0,0,0.00705980509519577,0.00031355710234493017,1.000313639640808,0.10345424711704254,0.00964529998600483,0.009457286447286606,0.006940847262740135,0.00031355710234493017,1,1,0.00031355710234493017,1,7.5625,323.84375,0.006940847172622079,0.03125,0,10340,0,36.26291974916485,0.09694423342023462,0.5804614952247844,23846.9375,0.8499409648013012,8727.59375,2.6815396011807024,0.6895605343834164,28411.25,0.9170393592269113,9434.8125,0.5795444240793586,0.009952053135119755,0.4347462802658551,17952.71875,0.792280383882178,8161.28125,5.81271767616272,0.9375,0,2.191173872618518,0.31055936482048996,0,35.448780920487486,0.0987126821565317,,,,,,,,,,,,,,,,0.41796875,1961,2048,1224.80078125,1385.5859375,230,230,4096,4096,4096,15.895178705919534,10.303012265008874,,,,,,,,,0.8571428571428572,-1,0.30826208038628694,0,0,1,,,,,,12.989021301269531,0.023114604875445366,0.8125703930854797,0.008554347790777683,0.9978230595588684,,,,,,,,,,,,,0.004880280001088977,0.001209917233154556,0.00020498991943895817,0.8584977500140667,0.06950820940119229,0.007184089045040309,0.007798110018484294,0.0029082286641823885,0.0005203800974413753,0,0,0,,,,,1,0.55078125,0,141
133,19539.772302173,1787533408.0094476,0.54296875,-3.469446951953614e-18,138.98567152023315,0.18915581703186035,0.8571428656578064,-1,0.4375,0.4105149209499359,0.0024121205788105726,1.004755973815918,0.9931307435035706,0.9601669311523438,0,0,0.00729375658556819,0.00033198948949575424,1.000331997871399,0.1627391278743744,0.04868147522211075,0.047653306275606155,0.006917479448020458,0.00033198948949575424,1,1,0.00033198948949575424,1,7.4375,319.1875,0.006917479448738149,0.03125,0,9798.40625,0,18.589717905420592,0.14563778756235274,0.5825450631799439,22769,0.8512789618822851,8314.71875,2.999654173385352,0.6918389172325876,27056.40625,0.9192569585088853,8984.34375,0.5579425748437643,0.01017914747719157,0.43139611378608816,17022.9375,0.787585603207368,7740.15625,4.890372335910797,0.6875,0,2.229889486271496,0.2537710048314732,0,17.1168918036022,0.14196657543642027,,,,,,,,,,,,,,,,0.37109375,1938,2048,1288.953125,1438.1875,221,221,4096,4096,4096,16.031387493014336,11.266123816021718,,,,,,,,,1,-1,0.3685672757241124,0,0,1,,,,,,10.073943138122559,0.023266160860657692,0.9364985823631287,0.00865285936743021,0.9977766275405884,,,,,,,,,,,,,0.006630029063671827,0.0010844140610970499,0.00021129997912794352,0.8890522270230576,0.07495666397426248,0.006595159065909684,0.00952331000007689,0.003104963503574254,0.0005415999330580235,0,0,0,,,,,1,0.54296875,0,139
134,19687.327560584,1787533558.0675626,0.52734375,1.734723475976807e-18,135.96239590644836,0.25278839468955994,1,-1,0.5625,0.41730642318725586,0.003152428660541773,1.003213882446289,0.9924877285957336,0.9727644920349121,0,0,0.0077677019871771336,0.0006242528324946761,1.000624418258667,0.19934087991714478,0.0221734456717968,0.02168213576078415,0.007555379532277584,0.0006242528324946761,1,1,0.0006242528324946761,1,7.4375,332.3125,0.007555379922012458,0.03125,0,10311.625,0,9.248727640991692,0.07115437127124341,0.580770942109011,23835.09375,0.848581576731996,8701.71875,2.9076731465174817,0.6873925567290515,28254.25,0.9148277423565432,9392.59375,0.5614049416035414,0.009920188034708264,0.4363895399086116,17973.625,0.7923854917488855,8148.90625,5.249821126461029,0.65625,0,2.177784253435771,0.2619506544497321,0,9.190660011471618,0.07203737098836181,,,,,,,,,,,,,,,,0.40234375,1939,2048,1238.3359375,1402.01953125,154,154,4096,4096,4096,16.30482286901679,10.442168903071433,,,,,,,,,1,-1,0.2731617596567563,0,0,1,,,,,,11.385892868041992,0.023512987419962883,0.6888445615768433,0.008661005645990372,0.9977936148643494,,,,,,,,,,,,,0.005599578958936036,0.0011503545269988535,0.0002101999707520008,0.885567098041065,0.07507899283973529,0.005953080020844936,0.010004809009842575,0.002776970034574333,0.0005098689580336213,0,0,0,,,,,1,0.52734375,0,135
135,19836.991518643,1787533704.9736662,0.4765625,9.540979117872439e-18,133.6281590461731,0.1494457870721817,1,-1,0.375,0.41606321930885315,0.0017328254180029035,1.0048637390136719,0.9933245182037354,0.9740653038024902,0,0,0.0069229938089847565,0.00022359064314514399,1.0002236366271973,0.10576826333999634,0.028718383982777596,0.028326964005827904,0.006712276488542557,0.00022359064314514399,1,1,0.00022359064314514399,1,7.53125,313.875,0.006712276405371586,0.03125,0,9906.6875,0,12.947558605166403,0.0859971547444393,0.5839216174942857,23063.25,0.8539678308645375,8429.84375,2.9820596263743937,0.6917555588005802,27349.75,0.9197089414153687,9087.03125,0.5295966193079948,0.009917816209717309,0.4350260547228556,17284.15625,0.792494749130384,7853.71875,5.290582120418549,0.9375,0,2.4438092078503324,0.2747120573921632,0,9.300463999005908,0.08121742160142174,,,,,,,,,,,,,,,,0.390625,1939,2048,1150.69140625,1284.58203125,244,244,4096,4096,4096,15.227617009077221,10.72203181590885,,,,,,,,,1,-1,0.23419423301078576,0,0,1,,,,,,9.21086597442627,0.023448431864380836,0.6014015674591064,0.008564186282455921,0.9979473352432251,,,,,,,,,,,,,0.009057569084689021,0.0012372042947390582,0.000202069990336895,0.8384121929993853,0.06194671593766543,0.002567530027590692,0.011947678052820265,0.0026738524079519266,0.000559129985049367,0,0,0,,,,,1,0.4765625,0,122
136,19981.474785733,1787533854.460485,0.5234375,1.3010426069826053e-18,136.297856092453,0.09984816610813141,1,-1,0.28125,0.4281812906265259,0.0018435404635965824,1.0064868927001953,0.9945369958877563,0.9751405715942383,0,0,0.005935728549957275,0.00018384144641458988,1.0001838207244873,0.1627473086118698,0.0073111392557621,0.007085006218403578,0.005493583623319864,0.00018384144641458988,1,1,0.00018384144641458988,1,7.375,274.78125,0.005493583755747692,0.03125,0,9205.53125,0,6.006482815903318,0.21563361698029054,0.5855482101252136,21461.84375,0.8573597650320065,7843.28125,2.9316332899034023,0.6916943461214811,25363.34375,0.9211657216825916,8438.09375,0.5184537507593632,0.007940294713630388,0.43281836682234875,16030.1875,0.7909833300384028,7298.78125,3.924021065235138,0.78125,0,2.1264702843271337,0.30953667730744805,0,5.8589471754927045,0.21699122855099184,,,,,,,,,,,,,,,,0.3515625,1954,2048,1236.84765625,1387.96875,250,250,4096,4096,4096,15.10493626492098,10.11873679200653,,,,,,,,,1,-1,0.3253726278265821,0,0,1,,,,,,9.778627395629883,0.02419198676943779,0.7722492814064026,0.008913131430745125,0.9977842569351196,,,,,,,,,,,,,0.004826090065762401,0.0012384388555801706,0.0001764999469742179,0.813215434900485,0.06661946886970327,0.005646478966809809,0.009483178961090744,0.0029244849088172487,0.0005491910269483924,0,0,0,,,,,1,0.5234375,0,134
137,20132.255949878,1787533998.5794923,0.53515625,1.734723475976807e-18,131.3350100517273,0.1959824115037918,1,-1,0.46875,0.4336613416671753,0.002665729494765401,1.0035877227783203,0.9937740564346313,0.9769630432128906,0,0,0.006453805603086948,0.0004351576790213585,1.00043523311615,0.17506301403045654,0.009383917786180973,0.009350912645459175,0.006256658583879471,0.0004351576790213585,1,1,0.0004351576790213585,1,7.59375,311,0.006256658400381465,0.03125,0,9894.78125,0,8.165278243695074,0.11613495161403997,0.5922338491312362,23359,0.8631897973143512,8507.5625,2.4424917958676815,0.6930084870253408,27366.875,0.924317170249513,9120.34375,0.5326902866363525,0.008632954115171256,0.4442916017674131,17642.71875,0.8062579566667493,7985.15625,5.230303466320038,1.03125,0,2.560673532205002,0.2790285324004205,0,7.839134223149964,0.11730691577482652,,,,,,,,,,,,,,,,0.33203125,1938,2048,1133.09375,1275.6015625,295,295,4096,4096,4096,14.58027597295586,10.083778077969328,,,,,,,,,1,-1,0.29342279866348187,0,0,1,,,,,,9.524620056152344,0.024277430027723312,0.7807022333145142,0.008911846205592155,0.9978423118591309,,,,,,,,,,,,,0.006025629001669586,0.0011067597415603814,0.00022748904302716255,0.7844853870337829,0.07675540747459308,0.004743880010209978,0.008458989090286195,0.002613524991829763,0.0004637790843844414,0,0,0,,,,,1,0.53515625,0,137
138,20281.026252258,1787534150.2315814,0.515625,1.3877787807814457e-17,138.49503707885742,0.16697312891483307,1,-1,0.40625,0.4426608085632324,0.0025431900285184383,1.0038156509399414,0.993577241897583,0.975886344909668,0,0,0.006635865196585655,0.0001317993737757206,1.0001317262649536,0.13417594134807587,0.035526078194379807,0.03517176955938339,0.006456037051975727,0.0001317993737757206,1,1,0.0001317993737757206,1,7.53125,280.53125,0.006456037087131951,0.03125,0,9064.75,0,5.623602976152453,0.05862020330651102,0.5958060191001768,21483.8125,0.8681103429947687,7827.46875,2.5305173862725496,0.6969928573901452,25190.0625,0.9294130982286397,8392.78125,0.544858486391604,0.009191335138862139,0.44644739776427855,16149.625,0.8101182300425128,7321.34375,5.208196759223938,0.71875,0,2.2147898900346004,0.2962153313394844,0,7.262826909954963,0.05478617815662863,,,,,,,,,,,,,,,,0.40234375,2048,2048,1236.546875,1392.29296875,239,239,4096,4096,4096,15.213178245001473,9.757060998934321,,,,,,,,,0.8571428571428572,-1,0.32926944490331744,0,0,1,,,,,,8.987817764282227,0.024323875084519386,0.848240852355957,0.008892897516489029,0.9978868961334229,,,,,,,,,,,,,0.006607059971429408,0.001162235610991047,0.00023395998869091272,0.7941719560185447,0.07328457141284161,0.008058958919718862,0.010042159003205597,0.0026514280907576904,0,0,0,0,,,,,1,0.515625,0,132
139,20428.128340032,1787534298.8648686,0.57421875,2.168404344971009e-18,135.0876293182373,0.2209443897008896,0.8571428656578064,-1,0.5,0.4447770416736603,0.0024394167121499777,1.0047101974487305,0.9933580160140991,0.970527172088623,0,0,0.0069710202515125275,0.0002464214339852333,1.0002464056015015,0.16769228875637054,0.055574994534254074,0.05517212301492691,0.006679559592157602,0.0002464214339852333,1,1,0.0002464214339852333,1,7.3125,310.46875,0.006679559384864617,0.03125,0,9892.375,0,4.900827084086393,0.12393893054486702,0.5965483303737421,23540.46875,0.8701807049064639,8582.03125,3.628552690381184,0.6975058236626352,27550.40625,0.9309501920282677,9189.21875,0.5106159495189786,0.009009507274779595,0.44997348959035954,17821.53125,0.8156054357879168,8066.15625,4.662858068943024,0.5625,0,1.9689513165659098,0.2239743723728499,0,4.554656269691992,0.10926107535376897,,,,,,,,,,,,,,,,0.359375,1939,2048,1221.4140625,1388.3359375,258,258,4096,4096,4096,15.207068235962652,10.1373117439216,,,,,,,,,1,-1,0.3471825374147068,0,0,1,,,,,,9.001437187194824,0.024488108232617378,0.6255204677581787,0.008987084962427616,0.9978899359703064,,,,,,,,,,,,,0.0057419800432398915,0.0011287148017800064,0.00016133999451994896,0.7996864059241489,0.06863269558198226,0.00407207990065217,0.06634079292416573,0.003088336036853434,0.0005112590733915567,0,0,0,,,,,1,0.57421875,0,147
140,20574.09691816,1787534445.8380816,0.5703125,1.0408340855860843e-17,133.54887866973877,0.23428086936473846,1,-1,0.59375,0.4490567147731781,0.0027157021686434746,1.0061712265014648,0.9931657314300537,0.9695296287536621,0,0,0.0069842166267335415,0.00033166876528412104,1.0003316402435303,0.22702686488628387,0.03979820758104324,0.03917160630226135,0.0068727051839232445,0.00033166876528412104,1,1,0.00033166876528412104,1,7.40625,314.25,0.006872705139439023,0.03125,0,9771.3125,0,20.14357637214661,0.09432332913937266,0.5997320071394,23374.53125,0.8731866062848597,8506.6875,3.4835557406768203,0.6978351541854916,27242.46875,0.9322829264103536,9091.6875,0.5363656021654606,0.009942336525226806,0.4550687455664782,17764.90625,0.8203536489760954,8003.78125,4.9522528648376465,0.84375,0,2.3579848643477472,0.24773926363014231,0,19.416155572296912,0.09460566689677054,,,,,,,,,,,,,,,,0.34765625,1961,2048,1162.24609375,1299.4609375,303,303,4096,4096,4096,14.945037850062363,10.526124306954443,,,,,,,,,0.8571428571428572,-1,0.31134992453861954,0,0,1,,,,,,9.715500831604004,0.02406005933880806,0.7100778818130493,0.008858137764036655,0.997994065284729,,,,,,,,,,,,,0.003975659958086908,0.0010371767170909152,0.00019202905241400003,0.9169059760170057,0.0691126309975516,0.002995989052578807,0.00796367903240025,0.002370202782913111,0.000520639936439693,0,0,0,,,,,1,0.5703125,0,146
141,20729.168507478,1787534591.9072676,0.62890625,1.3877787807814457e-17,132.4624319076538,0.20025302469730377,0.8571428656578064,-1,0.46875,0.45154792070388794,0.0020632317755371332,1.0024728775024414,0.9943518042564392,0.9767508506774902,0,0,0.0058357203379273415,0.00027513643726706505,1.0002751350402832,0.18009337782859802,0.046167194843292236,0.04574047774076462,0.0056748464703559875,0.00027513643726706505,1,1,0.00027513643726706505,1,7.375,260.4375,0.00567484643960381,0.03125,0,9297.96875,0,10.327560149948285,0.13202942751749927,0.6002382005405088,22262.40625,0.8760463860398697,8119.6875,2.4948252215981483,0.7001167648957312,25973.96875,0.9356074371042278,8677.5625,0.562285174470162,0.007762494304218312,0.449820610082839,16776.25,0.8169136623597418,7604.375,4.378541946411133,0.40625,0,2.1392232093059955,0.3475452005307921,0,10.242350717840166,0.1404101307083793,,,,,,,,,,,,,,,,0.30859375,1958,2048,1133.6875,1267.7578125,253,253,4096,4096,4096,14.883341115084477,10.492403853917494,,,,,,,,,1,-1,0.3633391062388536,0,0,1,,,,,,8.036585807800293,0.024573633447289467,0.4905809164047241,0.009135630913078785,0.9979836940765381,,,,,,,,,,,,,0.005071719060651958,0.0010796304013638292,0.0002219600137323141,0.8959747470216826,0.06669700652037136,0.005444688955321908,0.011600788915529847,0.0025694870778352197,0.0004934699973091483,0,0,0,,,,,1,0.62890625,0,161
142,20884.222647282,1787534747.0449471,0.453125,1.3877787807814457e-17,141.4529366493225,0.26339396834373474,1,-1,0.625,0.4646981954574585,0.003416347550228238,1.0042591094970703,0.9943468570709229,0.975039005279541,0,0,0.006015636492520571,0.0002878651721403003,1.0002878904342651,0.229307621717453,0.05994753539562225,0.05932523310184479,0.005683815106749535,0.0002878651721403003,1,1,0.0002878651721403003,1,7.40625,265.46875,0.005683814921088684,0.03125,0,9069.5,0,4.867939501572482,0.0905742708107305,0.605034712772575,21874.8125,0.8819751333801908,7970.40625,2.4684930806979537,0.7012448353715837,25395.875,0.9394293891914783,8501.34375,0.5496675800532103,0.007458248198135283,0.4584592304409755,16639.78125,0.8275709184922544,7503.84375,4.165465235710144,0.5,0,1.99401364293663,0.3026146877758239,0,4.55199758457138,0.08127007836854809,,,,,,,,,,,,,,,,0.484375,2048,2048,1427.60546875,1586.515625,336,336,4096,4096,4096,16.626102723996155,10.591243642033078,,,,,,,,,1,-1,0.3331206804674577,0,0,1,,,,,,9.110145568847656,0.023642921820282936,0.9759036898612976,0.008685185573995113,0.9980179667472839,,,,,,,,,,,,,0.00559664994943887,0.0012304314022912877,0.00019751000218093395,0.8905055080540478,0.06734964146289713,0.0035471200244501233,0.015709379920735955,0.0028081177160856896,0,0,0,0,,,,,1,0.453125,0,116
143,21029.524059554,1787534901.3340173,0.421875,-1.0408340855860843e-17,141.39119601249695,0.20446516573429108,1,-1,0.46875,0.43779411911964417,0.0023897706996649504,1.004918098449707,0.9938328266143799,0.9784283638000488,0,0,0.006424304097890854,0.00038034142926335335,1.0003803968429565,0.2001362442970276,0.022827332839369774,0.022756487131118774,0.006195958703756332,0.00038034142926335335,1,1,0.00038034142926335335,1,7.53125,353.90625,0.006195958278267074,0.03125,0,11420.84375,0,5.0917252771499975,0.10100148374258981,0.5958302909664482,27216.46875,0.8705307287330843,9935.34375,2.929005093581509,0.69711438759236,31810.03125,0.9312391374639699,10626.4375,0.5754086077213287,0.008429599609170097,0.449702839344929,20654.59375,0.8159435009453946,9351.03125,4.891880750656128,0.71875,0,2.355886945619328,0.24685589015986517,0,4.876272121681507,0.09109862162915335,,,,,,,,,,,,,,,,0.51953125,1958,2048,1325.26171875,1491.37109375,243,243,4096,4096,4096,16.13294278702233,10.406682729022577,,,,,,,,,1,-1,0.3174355149041282,0,0,1,,,,,,7.4117431640625,0.02379867248237133,0.8188382983207703,0.008824422955513,0.997931957244873,,,,,,,,,,,,,0.006230199942365289,0.001225152663209883,0.0002173599787056446,0.8793804190354422,0.06530607426520874,0.00714893895201385,0.01057825901079923,0.0028871970721411344,0.0004569700686261058,0,0,0,,,,,1,0.421875,0,108
144,21185.514232359,1787535047.696646,0.54296875,6.938893903907228e-18,132.45781874656677,0.20053893327713013,1,-1,0.4375,0.44765257835388184,0.002353054704144597,1.0041208267211914,0.9941592216491699,0.9805502891540527,0,0,0.0060536363162100315,0.0003190047573298216,1.000319004058838,0.20294702053070068,0.036501869559288025,0.036356352269649506,0.005867530591785908,0.0003190047573298216,1,1,0.0003190047573298216,1,7.40625,327.4375,0.005867530395019177,0.03125,0,10602.09375,0,5.092422696881111,0.11070719607914431,0.5993355500749648,25325.5625,0.8747998483188139,9240.8125,2.6106525119394064,0.6986903463268459,29566.125,0.9345871439841604,9884.125,0.551700803156109,0.00706894245715607,0.4535093822006516,19265.59375,0.8219742616338168,8714.71875,4.389491021633148,0.625,0,2.629631464053131,0.2883473260751369,0,5.681983402966405,0.10019515979590642,,,,,,,,,,,,,,,,0.37890625,1939,2048,1103.56640625,1222.34375,233,233,4096,4096,4096,14.342722570057958,10.089629558031447,,,,,,,,,1,-1,0.2731617596567563,0,0,1,,,,,,8.140253067016602,0.023621881380677223,0.6601643562316895,0.008698074147105217,0.9979976415634155,,,,,,,,,,,,,0.005499329068697989,0.001170868813915149,0.00014496000949293375,0.8317878840025514,0.06293111537161167,0.005817790050059557,0.007672469015233219,0.002223281052465609,0.0005458500236272812,0,0,0,,,,,1,0.54296875,0,139
145,21337.317132376,1787535202.9530015,0.40625,3.903127820947816e-18,141.97233176231384,0.16148436069488525,1,-1,0.375,0.4511760175228119,0.002333465963602066,1.0025310516357422,0.9950640201568604,0.9729909896850586,0,0,0.0051513295620679855,0.0001406390219926834,1.00014066696167,0.11968797445297241,0.047184742987155914,0.04688353091478348,0.004960401449352503,0.0001406390219926834,1,1,0.0001406390219926834,1,7.4375,237.125,0.0049604015765824065,0.03125,0,8828.53125,0,4.892845769028968,0.12868431748058773,0.6013191230610471,21126.40625,0.8793469095458174,7722.09375,2.57538709230721,0.7025827919063945,24720,0.9392137874978428,8258.5,0.554866224527359,0.007757583866801745,0.4487908021509769,15871.75,0.818521495284511,7226,4.746221661567688,0.6875,0,2.2425270038444407,0.35563659296844213,0,4.582540188969228,0.1358328993465585,,,,,,,,,,,,,,,,0.45703125,1979,2048,1346.48828125,1502.16015625,289,289,4096,4096,4096,15.49083500506822,10.783603254938498,,,,,,,,,1,-1,0.31339158526400435,0,0,1,,,,,,8.744149208068848,0.023727187886834145,0.7693051099777222,0.008742875419557095,0.9979779720306396,,,,,,,,,,,,,0.006596349994651973,0.0012031331993966887,0.00024523003958165646,0.9330398249439895,0.07864696482693034,0.006371879018843174,0.0677056540735066,0.0038068183421273716,0.0006235800683498383,0,0,0,,,,,1,0.40625,0,104
146,21484.019872479,1787535354.438997,0.4453125,1.0408340855860843e-17,138.63100337982178,0.18329262733459473,1,-1,0.40625,0.44326239824295044,0.0028698588721454144,1.0042791366577148,0.9938712120056152,0.9788708686828613,0,0,0.006349697709083557,0.0002996057737618685,1.0002995729446411,0.16311821341514587,0.010538146831095219,0.010246071964502335,0.0061597214080393314,0.0002996057737618685,1,1,0.0002996057737618685,1,7.4375,353.46875,0.006159721163617326,0.03125,0,10771.90625,0,9.649362791821869,0.08225890973464084,0.5996334902459318,25735.3125,0.8751784009632404,9393,3.1399138532578945,0.6991556612037046,30070.46875,0.9354785322226841,10052.09375,0.5321621671319008,0.00918325537571672,0.456367031420335,19648.59375,0.8258544350109323,8884.625,4.853640496730804,0.6875,0,2.085006780069618,0.25422329927440557,0,10.468827366867874,0.07923517193047568,,,,,,,,,,,,,,,,0.45703125,1979,2048,1307.5859375,1468.64453125,244,244,4096,4096,4096,15.240658808965236,10.059760491014458,,,,,,,,,1,-1,0.2743266338524503,0,0,1,,,,,,10.361257553100586,0.02327808178961277,0.7450978755950928,0.008621028624475002,0.9979591965675354,,,,,,,,,,,,,0.006644879002124071,0.001193645693547296,0.00023391004651784897,0.821348984958604,0.06566834483919592,0.0032237099949270487,0.010347590083256364,0.0029054710325908673,0.00046294997446238995,0,0,0,,,,,1,0.4453125,0,114
147,21630.637768069,1787535501.8572218,0.5546875,8.673617379884035e-18,133.84873270988464,0.14538165926933289,1,-1,0.375,0.4394080638885498,0.0017795625608414412,1.0046424865722656,0.9942500591278076,0.9755678176879883,0,0,0.00607300503179431,0.00019834889099001884,1.000198483467102,0.18760044872760773,0.024754276499152184,0.024438954889774323,0.005776159465312958,0.00019834889099001884,1,1,0.00019834889099001884,1,7.34375,319.8125,0.005776158967885146,0.03125,0,10460.6875,0,8.782828319638481,0.09845482709891779,0.5977689276951441,24928.5625,0.873546511277308,9105.125,3.0648415898904204,0.6983804750993226,29171.40625,0.9338956107670356,9746,0.5007027639076114,0.00788217644316441,0.4509054157097556,18903.125,0.8194989060519037,8573.34375,4.477478802204132,0.78125,0,2.117765702097416,0.27742306651754534,0,9.477658182936565,0.09674045757209436,,,,,,,,,,,,,,,,0.3671875,2048,2048,1200.96875,1344.296875,256,256,4096,4096,4096,15.249919867957942,9.907022675033659,,,,,,,,,1,-1,0.3234066120763363,0,0,1,,,,,,7.775544166564941,0.022983450442552567,0.6383377909660339,0.008580739609897137,0.998046875,,,,,,,,,,,,,0.007339470088481903,0.0012058729776072141,0.00019435002468526363,0.8135421460028738,0.061334755118423345,0.005163499969057739,0.010269889025948942,0.0028537702933135733,0,0,0,0,,,,,1,0.5546875,0,142
148,21780.996390908,1787535648.2475886,0.546875,7.806255641895632e-18,133.06056237220764,0.2005777359008789,1,-1,0.46875,0.4375748038291931,0.0030264202505350113,1.0048446655273438,0.9944217205047607,0.9743318557739258,0,0,0.005874082911759615,0.0004059012280777097,1.00040602684021,0.1861683875322342,0.028709761798381805,0.02850654162466526,0.005606287159025669,0.0004059012280777097,1,1,0.0004059012280777097,1,7.375,280.8125,0.005606287031939889,0.03125,0,9607.75,0,3.960987425340667,0.14352542910149352,0.5980403744207777,22904.46875,0.87539308627816,8383.125,2.130837799049914,0.7002420701279749,26866.84375,0.9365679757031752,8980.65625,0.4845973551273346,0.007638651466667005,0.45033912970039786,17373.625,0.8203153466905471,7893.8125,4.689822554588318,0.5,0,1.9976661920174656,0.3184253600033355,0,4.079402782838006,0.14854988055116408,,,,,,,,,,,,,,,,0.3515625,1961,2048,1155.27734375,1281.1640625,228,228,4096,4096,4096,14.555619191029109,10.480096592917107,,,,,,,,,1,-1,0.34255939452233714,0,0,1,,,,,,7.2534637451171875,0.023183658719062805,0.6793596744537354,0.008649511262774467,0.9980219602584839,,,,,,,,,,,,,0.006746380007825792,0.0011162527584929194,0.0001908199628815055,0.7988379369489849,0.05394770906195845,0.0068605790147557855,0.011323819984681904,0.0027671330221892276,0.0005375400651246309,0,0,0,,,,,1,0.546875,0,140
149,22878.104864469,1787535799.3631334,0.55078125,0,136.9960596561432,0.23943421244621277,1,-1,0.53125,0.444283127784729,0.0025207395665347576,1.0050477981567383,0.9940407276153564,0.9668231010437012,0,0,0.0063074855133891106,0.00031001842580735683,1.0003100633621216,0.21473851799964905,0.04795709624886513,0.0473763570189476,0.005993216298520565,0.00031001842580735683,1,1,0.00031001842580735683,1,7.3125,272.28125,0.005993216547130799,0.03125,0,9242.21875,0,4.842573662518806,0.14723821108188023,0.6003695514586347,22072.84375,0.8778900526359534,8071.375,1.7890060315839946,0.7003236199122281,25786.25,0.9373832441839036,8627.84375,0.48339812457561493,0.007301582360409498,0.452187451646218,16753.3125,0.8224730568259118,7597.71875,4.163254082202911,0.46875,0,2.1117381467117236,0.34457451901777625,0,4.7554771091062165,0.1291921157559181,,,,,,,,,,,,,,,,0.38671875,1938,2048,1272.4609375,1433.98046875,264,264,4096,4096,4096,15.287653133971617,10.360341493971646,,,,,,,,,0.7142857142857143,-1,0.33975531411500803,0,0,1,,,,,,8.770630836486816,0.023323535919189453,0.886140763759613,0.008630678057670593,0.9979850053787231,,,,,,,,,,,,,0.0056190500035882,0.0011054659462388372,0.00020607991609722376,0.9456346440128982,0.06973645922289506,0.005204178974963725,0.010322028072550893,0.0031320383241109084,0.0005051400512456894,0,0,0,,,,,1,0.55078125,0,141
150,23025.737111617,1787536897.0697277,0.56640625,1.734723475976807e-18,1082.932625055313,0.2171562910079956,0.7142857313156128,-1,0.53125,0.43768155574798584,0.00277790823020041,1.004744529724121,0.9929576516151428,0.9721364974975586,0,0,0.007219797931611538,0.000402180477976799,1.0004022121429443,0.1368396282196045,0.023911181837320328,0.023424779996275902,0.0070806825533509254,0.000402180477976799,1,1,0.000402180477976799,1,7.375,337.03125,0.007080682670586284,0.03125,0,10179.6875,0,9.007723275099094,0.0421475735400342,0.5970149705375527,24225.15625,0.8731217275553664,8859.625,2.528478372376412,0.6983197225913708,28376.40625,0.9346707247753198,9492.21875,0.5545587074011564,0.009549272042225486,0.4565780416809889,18581.53125,0.8252899732910615,8391.6875,4.954240798950195,0.5625,0,2.1892294203768037,0.28624650644882416,0,8.965842615407517,0.04321317280143236,800,150,0.5212500095367432,0.52125,945.467355825007,0.375,1939,2048,1221.469970703125,1398.56875,230,230,4096,4096,4096,0.3515625,1950,2048,1152.8359375,1295.34765625,252,252,4096,4096,4096,6.975718348942891,10.89308390498627,1,9.298117831235687e-18,-1,0.21667018568176935,0.25,0.29,0.46,0.52125,1,-1,0.27081698014469824,0,0,1,8.949974060058594,0.023520881570875646,0.7528737783432007,0.008784543657675385,0.9980623418092728,9.664165496826172,0.023363210260868073,0.953594446182251,0.008701627142727375,0.9980377554893494,56.0791393709369,9.261058000972117,0.00019887997768819332,40.28698247799184,4.57131229285791,0.0006076899589970708,49.22263147693593,4.068494848812698,0.0004544900730252266,0,0,0,0.0060208289651200175,0.0012552503740153043,0.0002237199805676937,0.9073648769408464,0.07722912000326687,0.004636238911189139,0.012518699048087,0.0031389077844323765,0.0005913710920140147,0,0,0,1,0.52125,0,4.17,1,0.56640625,0,145
151,23176.292429505,1787537042.919515,0.546875,1.734723475976807e-18,132.91074967384338,0.15387320518493652,1,-1,0.375,0.4483335316181183,0.0018685348331928253,1.0029945373535156,0.993851363658905,0.981572151184082,0,0,0.00637124665081501,0.00021992484107613564,1.0002199411392212,0.17382821440696716,0.0365692563354969,0.036155689507722855,0.006178329698741436,0.00021992484107613564,1,1,0.00021992484107613564,1,7.3125,288.34375,0.006178329786891863,0.03125,0,9222.6875,0,193.15414416747737,0.10196424930509726,0.5991246950392133,22010.9375,0.8765415408573501,8048.5625,1.872324492316693,0.7004396176635075,25753.40625,0.9374530444565751,8615.03125,0.618561354232952,0.008236149593199217,0.4553638190807928,16823.875,0.8251387537215283,7609.15625,4.873868048191071,0.375,0,1.948327439693761,0.3852881206828461,0,162.82911277123415,0.10814057870001885,,,,,,,,,,,,,,,,0.36328125,1979,2048,1146.51171875,1292.31640625,221,221,4096,4096,4096,14.910254729911685,10.863434295053594,,,,,,,,,0.8571428571428572,-1,0.28121456692899327,0,0,1,,,,,,6.269361972808838,0.02299383096396923,0.7231533527374268,0.008570457808673382,0.9980955123901367,,,,,,,,,,,,,0.0050770590314641595,0.0011891058961737144,0.00021933997049927711,0.8545732810162008,0.06846022532772622,0.007348189014010131,0.00931855896487832,0.0030153292300383328,0.0005097200628370047,0,0,0,,,,,1,0.546875,0,140
152,23321.712800708,1787537193.8386676,0.5078125,4.336808689942018e-18,137.63067650794983,0.1621026247739792,0.8571428656578064,-1,0.40625,0.44487905502319336,0.0022856611758470535,1.0047283172607422,0.9942120313644409,0.9724454879760742,0,0,0.006147994659841061,0.00019443011842668056,1.0001945495605469,0.1204134151339531,0.032245662063360214,0.03176974505186081,0.0058204857632517815,0.00019443011842668056,1,1,0.00019443011842668056,1,7.40625,275.90625,0.005820485920082866,0.03125,0,9172.09375,0,4.660865672305766,0.13547898007203066,0.597722551730525,21856,0.8753695703476583,8004.125,1.6585609588946681,0.700165291097837,25625.0625,0.9358454591797498,8565.375,0.612654484808445,0.007170056796920732,0.45191382034602245,16644.375,0.8200161978693088,7537.40625,4.071181535720825,0.65625,0,2.199389883797819,0.36907124974825567,0,4.904773712112883,0.13369830418116876,,,,,,,,,,,,,,,,0.3671875,1983,2048,1241.12109375,1407.12890625,259,259,4096,4096,4096,15.253037389018573,9.853579757967964,,,,,,,,,0.8571428571428572,-1,0.2988071523335984,0,0,1,,,,,,7.748804092407227,0.02323935180902481,0.6527811884880066,0.008636889047920704,0.9980522394180298,,,,,,,,,,,,,0.0051039590034633875,0.0011964923046434706,0.0002049100585281849,0.8200806640088558,0.06293955017281405,0.0052923900075256824,0.010377527913078666,0.0030889001441209984,0.00051557004917413,0,0,0,,,,,1,0.5078125,0,130
153,23468.229915504,1787537339.1823664,0.73046875,1.734723475976807e-18,132.1537902355194,0.16190171241760254,0.8571428656578064,-1,0.375,0.4408996105194092,0.002304749796167016,1.0029630661010742,0.9938045144081116,0.971428394317627,0,0,0.006411525420844555,0.0002593299141153693,1.0002593994140625,0.1463685929775238,0.015910621732473373,0.015733886510133743,0.006226652767509222,0.0002593299141153693,1,1,0.0002593299141153693,1,7.40625,304.59375,0.006226652848557332,0.03125,0,9928.96875,0,10.204212909075087,0.09912642736395574,0.5966022886865847,23652.90625,0.8728362957054087,8649.8125,2.228362301364541,0.6992742788981399,27722.1875,0.9348092160653799,9265.875,0.5462261410430074,0.008253990912060397,0.45410757721441947,18106.84375,0.8229987347250409,8190.1875,4.942209839820862,0.53125,0,1.903650735125248,0.31860436376923673,0,10.684016474903968,0.10031829008053961,,,,,,,,,,,,,,,,0.23046875,1943,2048,1077.31640625,1218.94921875,292,292,4096,4096,4096,15.083860924001783,10.370271819992922,,,,,,,,,0.7142857142857143,-1,0.30826208038628694,0,0,1,,,,,,7.720972061157227,0.023793058469891548,0.5667080879211426,0.00883321464061737,0.9980722665786743,,,,,,,,,,,,,0.00607695896178484,0.0011722442382051668,0.00016792898532003164,0.8155722840456292,0.07019161434618582,0.003124120063148439,0.008917299099266529,0.003223921792141482,0.0004814600106328726,0,0,0,,,,,1,0.73046875,0,187
154,23617.691646663,1787537486.8458688,0.57421875,8.673617379884035e-18,133.30143308639526,0.18903197348117828,0.7142857313156128,-1,0.46875,0.447694331407547,0.00265956181101501,1.0040550231933594,0.993783712387085,0.9758715629577637,0,0,0.006486538797616959,0.0003647452685981989,1.0003647804260254,0.13173270225524902,0.034080713987350464,0.03368592634797096,0.0062493449077010155,0.0003647452685981989,1,1,0.0003647452685981989,1,7.21875,268.5,0.006249344815572606,0.03125,0,8618.53125,0,4.35391406131982,0.1006221435817386,0.5988738055173212,20584.4375,0.8762357593065396,7530.28125,2.2581698428839445,0.7000821637315678,24089.25,0.9364116274701828,8054.90625,0.531413109973073,0.00853898992485361,0.45735068485265584,15819.28125,0.8255171329677187,7126.125,4.463453948497772,0.21875,0,1.7750985509902562,0.3653838801767004,0,4.101850487209687,0.10554269516004315,,,,,,,,,,,,,,,,0.33984375,1913,2048,1170.0234375,1331.39453125,235,235,4096,4096,4096,14.767812302918173,10.058107716031373,,,,,,,,,0.7142857142857143,-1,0.26845172104237336,0,0,1,,,,,,9.120197296142578,0.023083021864295006,0.8424017429351807,0.008536024950444698,0.9980722069740295,,,,,,,,,,,,,0.00627702905330807,0.0011794647271017311,0.00021342001855373383,0.8356017520418391,0.07368968106993634,0.007453079917468131,0.01145522901788354,0.0032314260911334713,0.000626320019364357,0,0,0,,,,,1,0.57421875,0,147
155,23763.181923309,1787537635.6180813,0.5390625,5.204170427930421e-18,135.03184723854065,0.14011256396770477,0.7142857313156128,-1,0.40625,0.44128328561782837,0.0027464176528155804,1.0045347213745117,0.9938294887542725,0.977057933807373,0,0,0.006382873747497797,0.00019298819825053215,1.0001929998397827,0.07736387848854065,0.020240848883986473,0.020066671073436737,0.00620258878916502,0.00019298819825053215,1,1,0.00019298819825053215,1,7.21875,287.3125,0.006202588633253071,0.03125,0,9360.1875,0,4.719767177403188,0.11090632757184747,0.595264210722654,22167.53125,0.8713391736102791,8119.78125,2.7532398914918303,0.6974209690870132,26048.40625,0.9317591205444395,8697.5625,0.5645312312990427,0.008317326439177526,0.45144982028881214,16917.4375,0.8184797946300388,7662.875,4.858310639858246,0.28125,0,1.8136541107714819,0.27994618261181176,0,4.666311757618965,0.10940516669990955,,,,,,,,,,,,,,,,0.39453125,2048,2048,1168.4453125,1316.7578125,295,295,4096,4096,4096,14.946222985978238,11.183969964971766,,,,,,,,,1,-1,0.2672612419124244,0,0,1,,,,,,10.252248764038086,0.022808590903878212,0.9084674715995789,0.008470960892736912,0.9980772137641907,,,,,,,,,,,,,0.007225159090012312,0.0013198226693020843,0.0002096990356221795,0.9047975869616494,0.07398310166036026,0.0054288599640131,0.013864498934708536,0.0032343003440473694,0,0,0,0,,,,,1,0.5390625,0,138
156,23912.650330513,1787537780.9898689,0.62109375,8.673617379884035e-19,131.80889248847961,0.14385566115379333,1,-1,0.34375,0.44053077697753906,0.001643582945689559,1.0027027130126953,0.9940756559371948,0.9740409851074219,0,0,0.006166310515254736,0.00016318541020154953,1.0001633167266846,0.1228414997458458,0.026748524978756905,0.02620135247707367,0.005956046748906374,0.00016318541020154953,1,1,0.00016318541020154953,1,7.1875,296.90625,0.005956046804493358,0.03125,0,9347.5625,0,5.677877995629871,0.16779919849832325,0.5902915369556836,21999.90625,0.8650147133583699,8058.84375,2.429716059472412,0.6943755240112155,25908.9375,0.92633990701136,8645.78125,0.5230222530663013,0.007737859559199813,0.4463782546700723,16840.75,0.8086110498184536,7604.46875,3.961363732814789,0.375,0,1.8099961367837072,0.3704915876342729,0,5.801544097460866,0.16689958239838248,,,,,,,,,,,,,,,,0.28125,1889,2048,1100.5625,1228.07421875,268,268,4096,4096,4096,15.072568014962599,10.72179778793361,,,,,,,,,0.7142857142857143,-1,0.28007834180996644,0,0,1,,,,,,6.784345626831055,0.023321866989135742,0.6658663749694824,0.008633589372038841,0.9981685280799866,,,,,,,,,,,,,0.005100008915178478,0.001078143220183847,0.0002109800698235631,0.8391775320051238,0.05530400997622564,0.004726498969830573,0.010741419158875942,0.0030514331724589283,0.00047214003279805183,0,0,0,,,,,1,0.62109375,0,159
157,24066.320106811,1787537930.1543047,0.5390625,8.673617379884035e-18,135.858158826828,0.14635266363620758,0.7142857313156128,-1,0.34375,0.4527844786643982,0.002495832508429885,1.0033330917358398,0.9943080544471741,0.9674806594848633,0,0,0.005919318646192551,0.00020116183441132307,1.0002012252807617,0.09290618449449539,0.014954328536987305,0.014678101986646652,0.005721335299313068,0.00020116183441132307,1,1,0.00020116183441132307,1,7.25,270.71875,0.0057213353951622165,0.03125,0,8804.5,0,5.068834155328206,0.10726559860870491,0.5934312007085077,20833.84375,0.868319845624083,7625,1.5635154861956835,0.6947493644346568,24411.21875,0.9292767432017818,8163.75,0.5720895025879145,0.007427649867275216,0.4523123038556749,16012.53125,0.8174779778855489,7220.3125,4.219219505786896,0.34375,0,1.8297906141677323,0.42110979757259104,0,5.031669568109205,0.1059466493657315,,,,,,,,,,,,,,,,0.390625,1958,2048,1174.11328125,1360.14453125,266,266,4096,4096,4096,15.059194891015068,10.513995146960951,,,,,,,,,1,-1,0.3194382824999699,0,0,1,,,,,,7.505216121673584,0.023323575034737587,0.7735311985015869,0.00860922783613205,0.9979441165924072,,,,,,,,,,,,,0.0060257690493017435,0.0012340181579020282,0.00017525104340165854,0.8845518989255652,0.07007933475733807,0.003399549052119255,0.06769119400996715,0.0034885851009676117,0.0005263299681246281,0,0,0,,,,,1,0.5390625,0,138
158,24212.526116711,1787538084.498153,0.4375,-4.336808689942018e-18,140.45418405532837,0.1929304301738739,1,-1,0.46875,0.44077861309051514,0.0027427440509200096,1.0045032501220703,0.9935215711593628,0.9755654335021973,0,0,0.006687807850539684,0.00022276188246905804,1.0002228021621704,0.159310981631279,0.031025148928165436,0.03058898076415062,0.006512979045510292,0.00022276188246905804,1,1,0.00022276188246905804,1,7.125,312.9375,0.006512978950200726,0.03125,0,9392.90625,0,25.483977003975454,0.11634616556131519,0.589303818169457,22059.25,0.8640076822817429,8087.90625,2.962579727638513,0.6939341566917208,26014.6875,0.9267203444656835,8682.6875,0.48510894924402237,0.008318990747127122,0.4509811809577347,16963.6875,0.8135826376372517,7649.84375,4.247621297836304,0.125,0,1.8018773462776378,0.3113076099616203,0,24.69613329460769,0.11486944695736637,,,,,,,,,,,,,,,,0.4765625,1939,2048,1274.33984375,1488.88671875,287,287,4096,4096,4096,16.250462810043246,10.132221279083751,,,,,,,,,0.5714285714285714,-1,0.2923340275668732,0,0,1,,,,,,6.52335262298584,0.022692279890179634,0.6810145378112793,0.00844564475119114,0.9980549216270447,,,,,,,,,,,,,0.07304680300876498,0.001573071981965768,0.0002063199644908309,0.7989303049398586,0.07396904358756728,0.006401339895091951,0.07491621281951666,0.0034724032657322823,0.0006707500433549285,0,0,0,,,,,1,0.4375,0,112
159,24356.05739522,1787538230.3679817,0.63671875,1.734723475976807e-17,132.28327178955078,0.15709522366523743,0.5714285969734192,-1,0.375,0.43565860390663147,0.0028422907926142216,1.0091323852539062,0.9933645725250244,0.9758782386779785,0,0,0.006863855756819248,0.0002575742546468973,1.0002576112747192,0.0913495421409607,0.021560456603765488,0.021359652280807495,0.0066703190095722675,0.0002575742546468973,1,1,0.0002575742546468973,1,7.34375,347.25,0.006670319049871594,0.03125,0,10194.71875,0,82.89945839211721,0.0722400643286055,0.5891783651567263,23978.28125,0.8641980879409382,8795.03125,2.203682637977181,0.6938248115668819,28240.46875,0.9265803944037361,9432.78125,0.5306142047047615,0.008959537709876283,0.4515845653785545,18475.71875,0.8168800027611873,8342,5.126965880393982,0.4375,0,2.046663603517149,0.3663714033366519,0,82.62593441481646,0.0713884092285518,,,,,,,,,,,,,,,,0.3125,1957,2048,1152.79296875,1327.9140625,258,258,4096,4096,4096,14.69587728602346,10.793214297038503,,,,,,,,,1,-1,0.30618621784789724,0,0,1,,,,,,8.049129486083984,0.0230459813028574,0.713209867477417,0.008615107275545597,0.9980630278587341,,,,,,,,,,,,,0.05945911502931267,0.0013485959543686477,0.00018521002493798733,0.8189239139901474,0.05543958913631286,0.006856339983642101,0.01020648900885135,0.0033209166440428817,0.0006241999799385667,0,0,0,,,,,1,0.63671875,0,163
160,24505.005006992,1787538373.3538697,0.60546875,1.734723475976807e-18,129.9587423801422,0.18654215335845947,1,-1,0.5,0.43991097807884216,0.007234067656099796,1.0025758743286133,0.9941854476928711,0.9775290489196777,0,0,0.006103121675550938,0.00011213310062885284,1.0001121759414673,0.15250128507614136,0.0341997966170311,0.03380428999662399,0.005844227969646454,0.00011213310062885284,1,1,0.00011213310062885284,1,7.1875,300.5,0.005844228284213174,0.03125,0,9222.34375,0,19.84436577668279,0.14912337734122688,0.5885278783426942,21659.96875,0.8627365978912511,7939.84375,1.9534856311511248,0.6924228823859259,25504.5,0.92489791977236,8515.46875,0.5584980919957161,0.008019973745679851,0.4488452444656915,16674.625,0.8123347293628655,7517.125,3.937086820602417,0.21875,0,1.8081848601519435,0.3893533485305387,0,19.448523380230256,0.14173502190429627,,,,,,,,,,,,,,,,0.31640625,1939,2048,1126.63671875,1272.5546875,235,235,4096,4096,4096,14.946908341953531,10.500955884926952,,,,,,,,,1,-1,0.2845960259019505,0,0,1,,,,,,6.846536636352539,0.022710083052515984,0.6399962902069092,0.008420499041676521,0.9980301856994629,,,,,,,,,,,,,0.007186449016444385,0.0012182776458757871,0.00023611995857208967,0.813000014051795,0.06935357586144164,0.0036770900478586555,0.007674040040001273,0.0027854504442075267,0.0005559700075536966,0,0,0,,,,,1,0.60546875,0,155
161,24656.592039363,1787538523.3388,0.51171875,6.938893903907228e-18,135.95108032226562,0.1507376879453659,1,-1,0.375,0.435133159160614,0.0031832687091082335,1.004033088684082,0.9946892857551575,0.9813814163208008,0,0,0.0056344508193433285,0.00029670214280486107,1.0002968311309814,0.15964242815971375,0.0189686082303524,0.018969014286994934,0.005335718393325806,0.00029670214280486107,1,1,0.00029670214280486107,1,7.1875,278.75,0.005335718018461488,0.03125,0,9013.09375,0,6.926553789444916,0.19941867628536714,0.5848843209685626,20953.09375,0.8587289079418396,7697.15625,2.5078359190374613,0.6913300006173027,24834.65625,0.9222512329019804,8281.1875,0.5163397844880819,0.006864884243548593,0.44274877317056877,16018.4375,0.8045600951669395,7259.3125,3.907885789871216,0.25,0,1.8068319331951148,0.3415000299682302,0,6.4900277796682015,0.1992063431171448,,,,,,,,,,,,,,,,0.421875,1938,2048,1228.73046875,1415.73046875,280,280,4096,4096,4096,15.882869465043768,10.043322516954504,,,,,,,,,1,-1,0.24353895887474744,0,0,1,,,,,,6.612255096435547,0.022260965779423714,0.7040495872497559,0.008271677419543266,0.9981095194816589,,,,,,,,,,,,,0.006950250011868775,0.001178202994651656,0.00022121996153146029,0.7943530459888279,0.07080455929462914,0.0026282890466973186,0.07224337197840214,0.003498169504382531,0.0004950800212100148,0,0,0,,,,,1,0.51171875,0,131
162,24806.120684836,1787538674.128556,0.421875,0,137.430273771286,0.11375953257083893,1,-1,0.3125,0.42984747886657715,0.0019052330171689391,1.0043573379516602,0.9944219589233398,0.9778714179992676,0,0,0.005801496095955372,0.00013181893154978752,1.0001318454742432,0.1231318935751915,0.020061202347278595,0.019956331700086594,0.005603787489235401,0.00013181893154978752,1,1,0.00013181893154978752,1,7.3125,303.1875,0.0056037874985333525,0.03125,0,9829.84375,0,13.39918138340633,0.11885992517354979,0.5840860438636412,22906,0.8574383723706676,8413.71875,2.16515197372064,0.6918499076218321,27165.59375,0.9222593023550474,9055.28125,0.5317096970975399,0.007701907236425852,0.44374330250360017,17513.5625,0.8065450223924711,7948.625,4.560556352138519,0.375,0,2.075738180405841,0.36186457946551565,0,13.72153914965427,0.11953766874263162,,,,,,,,,,,,,,,,0.4765625,1913,2048,1227.40625,1421.50390625,271,271,4096,4096,4096,15.917718161945231,10.968542690970935,,,,,,,,,1,-1,0.26486423168198797,0,0,1,,,,,,8.402578353881836,0.022409113124012947,0.7999863624572754,0.008237139321863651,0.9978482723236084,,,,,,,,,,,,,0.0049964600475504994,0.001257164447906689,0.00021437997929751873,0.9060049059335142,0.06440351150968127,0.008506298996508121,0.06971126399002969,0.0035181995167477,0.000533869955688715,0,0,0,,,,,1,0.421875,0,108
163,24948.777061563,1787538823.9876473,0.48046875,1.2576745200831851e-17,136.24956631660461,0.12743526697158813,1,-1,0.3125,0.4199313223361969,0.0021154589485377073,1.0038375854492188,0.9938709735870361,0.9783449172973633,0,0,0.006472975015640259,0.00023969728499650955,1.0002397298812866,0.12004891037940979,0.0061805881559848785,0.00608313363045454,0.006161254830658436,0.00023969728499650955,1,1,0.00023969728499650955,1,7.40625,331.46875,0.00616125521097214,0.03125,0,9819.25,0,5.2229746042262954,0.16021748357529247,0.5805526957714378,22758.53125,0.8529251438780163,8358.1875,2.952551269903779,0.6898836563309005,27068.125,0.9188570550195876,9012.21875,0.5420423373579979,0.00880064059073278,0.43815838132995666,17391.375,0.7984582021734199,7886.78125,4.555150210857391,0.71875,0,2.252284055140262,0.30690122292215904,0,5.427027785126928,0.16009814402878522,,,,,,,,,,,,,,,,0.43359375,1979,2048,1213.09375,1379.67578125,256,256,4096,4096,4096,15.206037258030847,10.198740723077208,,,,,,,,,1,-1,0.3123724229381411,0,0,1,,,,,,7.3147196769714355,0.02258296124637127,0.797521710395813,0.00830124318599701,0.9979947209358215,,,,,,,,,,,,,0.005090120015665889,0.0012107097813895962,0.0002153799869120121,0.8222515530651435,0.05723842237057397,0.002509369980543852,0.016712478012777865,0.003550356308096525,0.0004700199933722615,0,0,0,,,,,1,0.48046875,0,123
164,25094.006176061,1787538966.027239,0.68359375,1.3010426069826053e-18,129.03599858283997,0.1939336657524109,1,-1,0.46875,0.4272020757198334,0.002208012156188488,1.006485939025879,0.9940857887268066,0.9752674102783203,0,0,0.006245273165404797,0.00021066074259579182,1.0002107620239258,0.20835989713668823,0.04295419901609421,0.042558759450912476,0.005944393575191498,0.00021066074259579182,1,1,0.00021066074259579182,1,7.375,315.9375,0.005944393552873361,0.03125,0,9704.75,0,12.730736515133128,0.1428730553562783,0.584394740200537,22587.125,0.857412009829199,8288.65625,2.9011305524618365,0.690778499456331,26757.78125,0.9217840998035871,8921.09375,0.4822658058255911,0.008211161141832015,0.44346885824632776,17326,0.8070050740094372,7852.03125,4.433037281036377,0.5625,0,2.182254834411232,0.28098675418628316,0,14.435101358810439,0.1328129395913284,,,,,,,,,,,,,,,,0.27734375,1887,2048,1010.17578125,1140.4140625,220,220,4096,4096,4096,14.505226194974966,10.577914607012644,,,,,,,,,1,-1,0.2731617596567563,0,0,1,,,,,,7.165698528289795,0.02271672524511814,0.8503875732421875,0.008400875143706799,0.9980880618095398,,,,,,,,,,,,,0.01017561904154718,0.001218693844293739,0.0002577899722382426,0.8320503620197996,0.06383492827399095,0.004589548916555941,0.08199035096913576,0.0033667574321043503,0.0006048199720680714,0,0,0,,,,,1,0.68359375,0,175
165,25241.526080092,1787539112.0382504,0.5703125,1.0842021724855044e-17,132.26072549819946,0.14755640923976898,1,-1,0.34375,0.4341962933540344,0.0020686108618974686,1.0051326751708984,0.9945458173751831,0.976560115814209,0,0,0.005930047016590834,0.00022835435811430216,1.0002284049987793,0.15132448077201843,0.029474422335624695,0.029157957062125206,0.005482915788888931,0.00022835435811430216,1,1,0.00022835435811430216,1,7.21875,258.78125,0.005482915216820645,0.03125,0,8081.40625,0,5.384909699857737,0.185533178723211,0.5889931814849385,18934.34375,0.8619170099540749,6934.09375,2.1067681290442124,0.6921898113579686,22333.9375,0.9238935371679032,7448.46875,0.4977952279150486,0.0072987954460808175,0.4461425867886356,14514.59375,0.8093577940244878,6562.53125,3.9335098266601562,0.21875,0,1.7430144521002875,0.39674102744640916,0,5.36879510378853,0.18695698815970413,,,,,,,,,,,,,,,,0.3125,1910,2048,1032.8046875,1184.171875,249,249,4096,4096,4096,14.12862693797797,10.019060809980147,,,,,,,,,1,-1,0.24743582965269675,0,0,1,,,,,,5.733581066131592,0.0226471945643425,0.7940926551818848,0.008389335125684738,0.9980048537254333,,,,,,,,,,,,,0.005229689064435661,0.0011184959253114357,0.0001884100493043661,0.8078069350449368,0.061033107426283095,0.006493750028312206,0.008527449914254248,0.0028766476712007716,0.0006230600411072373,0,0,0,,,,,1,0.5703125,0,146
166,25377.048245956,1787539259.1880462,0.53125,-1.734723475976807e-18,133.7390079498291,0.12841513752937317,1,-1,0.34375,0.4305187165737152,0.002332641277462244,1.004364013671875,0.9944561719894409,0.9668340682983398,0,0,0.005912069231271744,0.00017685547936707735,1.0001769065856934,0.10147541761398315,0.03110174834728241,0.030646460130810738,0.005573927890509367,0.00017685547936707735,1,1,0.00017685547936707735,1,7.25,266.1875,0.005573928010108352,0.03125,0,8262.4375,0,17.862203450496455,0.15199465977448026,0.5866021301873545,19285.625,0.860520771784975,7081.34375,2.165884433314204,0.6930449142703283,22847.34375,0.9228330479656326,7606,0.5732819102704525,0.007635204821752793,0.4442574010397642,14728.84375,0.8069395821800824,6678.4375,4.11911278963089,0.3125,0,1.8054712785859097,0.3131872226352592,0,15.429730656365752,0.13533931130555568,,,,,,,,,,,,,,,,0.34765625,1938,2048,1100.625,1299.8359375,220,220,4096,4096,4096,15.314489960088395,10.88584052096121,,,,,,,,,1,-1,0.3072259023943795,0,0,1,,,,,,7.145790100097656,0.02294589951634407,0.7986997365951538,0.008422892540693283,0.9978430867195129,,,,,,,,,,,,,0.0066117990063503385,0.0012724003381663351,0.00023308000527322292,0.932398303062655,0.06915475932464688,0.003729649935849011,0.07383309304714203,0.0037640470204678422,0.0006626599933952093,0,0,0,,,,,1,0.53125,0,136
167,25520.776530459,1787539394.3516502,0.75,9.540979117872439e-18,122.10539531707764,0.17266811430454254,1,-1,0.40625,0.4296513795852661,0.0025996919721364975,1.0053672790527344,0.9937968254089355,0.9770569801330566,0,0,0.006574069149792194,0.0003972060512751341,1.0003973245620728,0.13065654039382935,0.013891959562897682,0.013707024976611137,0.0062361834570765495,0.0003972060512751341,1,1,0.0003972060512751341,1,7.28125,316.15625,0.006236183243942839,0.03125,0,8805,0,5.041793481328435,0.17976460787187334,0.5858151528042286,20561,0.8589421651195397,7543.125,2.7953910659998655,0.693399105924494,24389.65625,0.9235439724874459,8118.4375,0.5247351583093405,0.009251169875595041,0.44641611304856976,15870.625,0.8086882044140619,7153.84375,4.503791332244873,0.40625,0,1.868926369622049,0.27163071135237904,0,4.621069983302194,0.1552039549081355,,,,,,,,,,,,,,,,0.1875,1910,2048,882.93359375,1004.8125,227,227,4096,4096,4096,12.204323468031362,10.117806311929598,,,,,,,,,1,-1,0.2901442287369986,0,0,1,,,,,,6.172421455383301,0.02316926047205925,0.7700168490409851,0.008610921911895275,0.9978787302970886,,,,,,,,,,,,,0.004886350012384355,0.0011378193921700586,0.00021584902424365282,0.8309746229788288,0.05862014626063683,0.0036076799733564258,0.00977819797117263,0.0026609883038872795,0.0005703900242224336,0,0,0,,,,,1,0.75,0,192
168,25666.975189358,1787539538.7677696,0.63671875,3.469446951953614e-18,130.66518902778625,0.16605274379253387,1,-1,0.4375,0.43980881571769714,0.002625582041218877,1.0069026947021484,0.9955108165740967,0.9815196990966797,0,0,0.004953215830028057,0.00019992864690721035,1.0001999139785767,0.15012915432453156,0.02496911585330963,0.024796761572360992,0.004508982412517071,0.00019992864690721035,1,1,0.00019992864690721035,1,7.28125,226.96875,0.004508982349553435,0.03125,0,7063.46875,0,7.803993931856025,0.2331570873406139,0.5910345306046548,16622,0.8660753647819619,6097.625,2.0408820137381554,0.6967863260482047,19642.03125,0.9287622937606974,6545.46875,0.533189894631505,0.005703870966844073,0.44572277524145043,12753.3125,0.8091967561276747,5760.1875,2.6198149919509888,0.46875,0,1.9375119246029788,0.38176188574327197,0,7.9589580103832205,0.23747067238855388,,,,,,,,,,,,,,,,0.27734375,1939,2048,1079.05078125,1265.21484375,250,250,4096,4096,4096,15.088686330942437,9.992318652919494,,,,,,,,,1,-1,0.2435389588747474,0,0,1,,,,,,6.44925594329834,0.023215649649500847,0.7908048629760742,0.008544477634131908,0.9977400898933411,,,,,,,,,,,,,0.005661980016157031,0.0011514874531712849,0.00022427004296332598,0.8396367619279772,0.07532432157859148,0.0032991489861160517,0.011349770007655025,0.0033092708304138796,0.0005613400135189295,0,0,0,,,,,1,0.63671875,0,163
169,25802.986663926,1787539685.6478367,0.55859375,1.1275702593849246e-17,132.3208770751953,0.11836479604244232,1,-1,0.3125,0.4360993504524231,0.0020138940308243036,1.0040416717529297,0.9936856031417847,0.9721264839172363,0,0,0.0066247666254639626,0.00014633825048804283,1.0001463890075684,0.09557674825191498,0.02218792960047722,0.02188553288578987,0.006347378250211477,0.00014633825048804283,1,1,0.00014633825048804283,1,7.46875,303.4375,0.006347378029683275,0.03125,0,8632.40625,0,5.934947966599394,0.14244074646552704,0.5920784384278193,20367.875,0.8680097351176459,7469.1875,3.245224703103304,0.6972539095222199,24040.28125,0.9302311959057717,8015.96875,0.4817007388919592,0.008117016416059582,0.452853694833422,15729.03125,0.8176454200340704,7085.5,3.398953914642334,0.71875,0,2.207976773408439,0.2387873711476163,0,6.250362503142964,0.1158506057507851,,,,,,,,,,,,,,,,0.296875,1910,2048,1045.77734375,1212.4140625,200,200,4096,4096,4096,15.653142638038844,10.70370193803683,,,,,,,,,1,-1,0.2731617596567563,0,0,1,,,,,,7.961197376251221,0.023129453882575035,0.9277415871620178,0.008524871431291103,0.9977251291275024,,,,,,,,,,,,,0.005349648999981582,0.0012095760671400058,0.00023127999156713486,0.9760960690909997,0.08102709108743511,0.00560551998205483,0.014892669976688921,0.00341108666953005,0.00042660010512918234,0,0,0,,,,,1,0.55859375,0,143
170,25943.837488306,1787539820.8344033,0.73046875,4.336808689942018e-18,121.4463005065918,0.14480501413345337,1,-1,0.375,0.4326618015766144,0.0025922532659024,1.0040645599365234,0.9934169054031372,0.9760537147521973,0,0,0.006835379637777805,0.0002291519194841385,1.0002291202545166,0.13008815050125122,0.014269721694290638,0.01397705078125,0.006618682295084,0.0002291519194841385,1,1,0.0002291519194841385,1,7.34375,297.375,0.006618682327200856,0.03125,0,8366.21875,0,5.061340978148461,0.14171118920802273,0.5907984036286259,19686.3125,0.8654729686374218,7215.75,2.8711282620206475,0.6967258945169501,23264.40625,0.9283973223531407,7750.5625,0.5081615131348372,0.008907928858453009,0.45127363329029824,15175.53125,0.8166333373592812,6848.4375,4.148287415504456,0.71875,0,2.2633822231803196,0.2574138765388756,0,4.9391289765684245,0.11062161869166676,,,,,,,,,,,,,,,,0.19140625,1939,2048,839.73046875,941.16796875,214,214,4096,4096,4096,12.064707151032053,11.336046329000965,,,,,,,,,0.4285714285714286,-1,0.2187044413199266,0,0,1,,,,,,6.908684253692627,0.023181214928627014,0.9434139132499695,0.008586829528212547,0.9979390501976013,,,,,,,,,,,,,0.007758429041132331,0.0010972706436405133,0.0002036290243268013,0.982510398956947,0.06732119788512136,0.002960460027679801,0.07057359290774912,0.0028572547439580376,0.0006647099507972598,0,0,0,,,,,1,0.73046875,0,187
171,26095.799986287,1787539962.3386056,0.703125,0,127.20332717895508,0.08563853800296783,0.4285714328289032,-1,0.21875,0.44462376832962036,0.002100602490827441,1.0047826766967773,0.9956114292144775,0.9785647392272949,0,0,0.004903633147478104,0.0001134360209107399,1.0001134872436523,0.04152798652648926,0.0031369654461741447,0.0029969713650643826,0.0044083986431360245,0.0001134360209107399,1,1,0.0001134360209107399,1,7.21875,195.34375,0.004408398409306326,0.03125,0,6717.84375,0,5.828638922634184,0.2691998648037526,0.5952765282788792,15931.6875,0.8722059322085103,5842.40625,1.6904269315418787,0.7007637409333318,18786.96875,0.935156540549801,6267.34375,0.5112335057929158,0.0056902940907422195,0.4483082456375347,12179.125,0.8175216776082623,5528.15625,2.8890562057495117,0.34375,0,1.9367041167328212,0.4384865016764894,0,5.49567073843762,0.26162168120634155,,,,,,,,,,,,,,,,0.26953125,2048,2048,936.1953125,1047.484375,211,211,4096,4096,4096,12.687768892967142,10.558973531005904,,,,,,,,,0.7142857142857143,-1,0.19884872724392935,0,0,1,,,,,,5.324398994445801,0.02319781668484211,0.8867081999778748,0.008616670966148376,0.9977814555168152,,,,,,,,,,,,,0.0644773340318352,0.0014315946968963544,0.0002134509850293398,0.8924768279539421,0.07319950291184796,0.008672549040056765,0.007601698976941407,0.002659889905316959,0,0,0,0,,,,,1,0.703125,0,180
172,26245.492447562,1787540113.3400822,0.51171875,1.734723475976807e-18,137.61551237106323,0.10133922100067139,0.7142857313156128,-1,0.21875,0.4400169253349304,0.0013552808668464422,1.0038833618164062,0.9947109222412109,0.9728975296020508,0,0,0.005595811642706394,7.445202209055424e-05,1.0000745058059692,0.06875672191381454,0.045541420578956604,0.04537830501794815,0.005313767585903406,7.445202209055424e-05,1,1,7.445202209055424e-05,1,7.21875,238.21875,0.005313767929656684,0.03125,0,7489.5625,0,4.874525693543374,0.19823744172940827,0.5955591654482528,17832.125,0.8725301410861027,6535.9375,1.7808389889542013,0.7024772223216538,21003.25,0.9359137311494092,7004.8125,0.4809279777109623,0.007036204354285225,0.4519971267458158,13698.75,0.8192810566513944,6188.21875,3.9169342517852783,0.5625,0,2.2353383120466113,0.398296932094906,0,4.6395911775944425,0.1828559910684134,,,,,,,,,,,,,,,,0.4140625,2048,2048,1230.88671875,1423.6875,225,225,4096,4096,4096,15.81345611391589,11.156395614962094,,,,,,,,,1,-1,0.21576867809990308,0,0,1,,,,,,6.428956031799316,0.023035405203700066,0.9115859270095825,0.008485069498419762,0.9975371956825256,,,,,,,,,,,,,0.006673999945633113,0.0012209016385895666,0.00019967101980000734,0.9355949530145153,0.0546304779413731,0.003277609939686954,0.010012749931775033,0.0036395217684912495,0,0,0,0,,,,,1,0.51171875,0,131
173,26388.993783547,1787540262.78459,0.5078125,1.1275702593849246e-17,136.42841124534607,0.09277267009019852,1,-1,0.21875,0.4260736107826233,0.0014259412419050932,1.0065183639526367,0.9931454062461853,0.9760704040527344,0,0,0.007109114434570074,0.00019780523143708706,1.0001977682113647,0.08466483652591705,0.013761980459094048,0.013767994940280914,0.006888872478157282,0.00019780523143708706,1,1,0.00019780523143708706,1,7.5,364.875,0.006888872385982817,0.03125,0,9847.09375,0,7.151539382460356,0.1050677531436659,0.5942786545017453,23360.3125,0.8721029261253843,8566.46875,2.775458744727075,0.7026443862984201,27598.90625,0.9360054684010655,9197.09375,0.5516710113734007,0.008727504401873963,0.4557564132627606,18063.4375,0.8236495936752344,8146.28125,3.734018564224243,1.0625,0,2.3661769065479072,0.2500938078823977,0,8.962512432122852,0.08505395241840016,,,,,,,,,,,,,,,,0.3984375,2048,2048,1133.40234375,1303.75390625,236,236,4096,4096,4096,15.290302262059413,10.268793237977661,,,,,,,,,1,-1,0.2672612419124244,0,0,1,,,,,,7.145606994628906,0.02281677909195423,0.8435479998588562,0.00842568650841713,0.9976058006286621,,,,,,,,,,,,,0.008609690004959702,0.0013685694657397107,0.00019395991694182158,0.8079881849698722,0.05877948600800664,0.0031215099152177572,0.010108298039995134,0.003135390948045824,0,0,0,0,,,,,1,0.5078125,0,130
174,26539.663817379,1787540407.4758725,0.6171875,1.0408340855860843e-17,130.49153208732605,0.15453357994556427,1,-1,0.375,0.4345976710319519,0.002066312124952674,1.003565788269043,0.993389368057251,0.972104549407959,0,0,0.006875989958643913,0.00022727926261723042,1.0002273321151733,0.12730056047439575,0.04748118668794632,0.047278303653001785,0.006647868547588587,0.00022727926261723042,1,1,0.00022727926261723042,1,7.53125,309.6875,0.006647868592107728,0.03125,0,9067.21875,0,73.74687297909028,0.09671605794581623,0.5988530687212292,21616.625,0.8778281910456425,7924.46875,2.657940008677542,0.7015585301766303,25376.96875,0.9378582057908587,8477.65625,0.4890177883207798,0.009446431662228104,0.456768179491444,16583.46875,0.830162131059923,7534.0625,4.1701677441596985,1.0625,0,2.4951731706300038,0.2841049292193943,0,74.6804007285709,0.08055999140413445,,,,,,,,,,,,,,,,0.2890625,1913,2048,1102.19921875,1263.421875,197,197,4096,4096,4096,14.533896401990205,9.998442852986045,,,,,,,,,1,-1,0.33881546358946923,0,0,1,,,,,,6.98297119140625,0.02300509624183178,0.8906106352806091,0.008510253392159939,0.9976708889007568,,,,,,,,,,,,,0.0040116889867931604,0.001102222320241708,0.00023574999067932367,0.8105778149329126,0.06695760553930086,0.003945418982766569,0.06975538295228034,0.0032724528477956483,0.0004621800035238266,0,0,0,,,,,1,0.6171875,0,158
175,26689.377426979,1787540557.1009107,0.61328125,7.806255641895632e-18,136.44250345230103,0.206504687666893,1,-1,0.53125,0.43420135974884033,0.0033078803680837154,1.004140853881836,0.9943150281906128,0.9791431427001953,0,0,0.006013037636876106,0.00043999473564326763,1.000440001487732,0.1751992255449295,0.0027544014155864716,0.002620202489197254,0.005711850710213184,0.00043999473564326763,1,1,0.00043999473564326763,1,7.46875,302.90625,0.00571185065732113,0.03125,0,8817.59375,0,8.846344653144794,0.17421806042217589,0.6012918852443923,21120.75,0.8814491286969157,7743.375,2.6434649428119883,0.7038013636953964,24762.375,0.9407292637505388,8272.90625,0.46879458613693714,0.0073446101275591435,0.46130080400881335,16362.5625,0.8360158335198675,7396.6875,3.345951795578003,1.03125,0,2.541750377576209,0.30128600242871745,0,8.230426587069697,0.15792048969456907,,,,,,,,,,,,,,,,0.31640625,2048,2048,1117.33984375,1283.28125,180,180,4096,4096,4096,15.101354149985127,11.087547692004591,,,,,,,,,0.7142857142857143,-1,0.3580346009957754,0,0,1,,,,,,6.921392917633057,0.023296281695365906,0.8914448618888855,0.008613798767328262,0.9975543022155762,,,,,,,,,,,,,0.00715524994302541,0.0011572968087421032,0.00020797003526240587,0.9265073039568961,0.07081188517940973,0.0070738589856773615,0.07645058305934072,0.0034825756451937195,0,0,0,0,,,,,1,0.61328125,0,157
176,26843.211067016,1787540707.2099726,0.59765625,2.0816681711721685e-17,136.53765964508057,0.23979562520980835,0.7142857313156128,-1,0.53125,0.4372149109840393,0.004673214629292488,1.0034151077270508,0.9941943287849426,0.9745969772338867,0,0,0.0060683349147439,0.0003173875156790018,1.0003174543380737,0.1539631485939026,0.029092637822031975,0.028830738738179207,0.005834681913256645,0.0003173875156790018,1,1,0.0003173875156790018,1,7.5625,302.40625,0.005834681784623322,0.03125,0,8938.71875,0,6.655118498396844,0.16975988514821877,0.6019950845408979,21468.28125,0.8823315871975848,7869.125,3.175091818673536,0.7052254740449617,25164.71875,0.9424965183109262,8408.8125,0.5390509199351072,0.007701557107960214,0.46091424475134446,16593.25,0.8366369915810845,7508.125,3.3497689962387085,1,0,2.5221861040134925,0.21375622037017675,0,6.013830158559793,0.15020763025291015,,,,,,,,,,,,,,,,0.3359375,2048,2048,1178.30859375,1325.09375,184,184,4096,4096,4096,14.939053155016154,9.985261604073457,,,,,,,,,1,-1,0.34162725838766056,0,0,1,,,,,,6.5624566078186035,0.02298850566148758,0.8855082988739014,0.008527490310370922,0.997711181640625,,,,,,,,,,,,,0.0615325840190053,0.0013305602374202863,0.00017807004041969776,0.8271044029388577,0.0607116190931265,0.003880330012179911,0.010641998960636556,0.003345413385432039,0,0,0,0,,,,,1,0.59765625,0,153
177,26989.94826466,1787540860.8551078,0.5,8.673617379884035e-18,140.19279980659485,0.22121316194534302,1,-1,0.53125,0.4419052004814148,0.002953431336209178,1.0075693130493164,0.993781328201294,0.9748020172119141,0,0,0.006469388026744127,0.00041811983101069927,1.0004181861877441,0.18765227496623993,0.03918605297803879,0.03881099820137024,0.0062514496967196465,0.00041811983101069927,1,1,0.00041811983101069927,1,7.40625,327.625,0.006251450000711487,0.03125,0,9426.46875,0,7.120851245784415,0.15198593536793023,0.6022706320489939,22603.96875,0.8837989633110963,8294.5,2.5293369316495955,0.7048618708395742,26512.0625,0.9432972429302038,8864.5,0.4935307726264,0.008283375502836688,0.46505370848991157,17572.25,0.8411760319758264,7935.0625,4.121745586395264,0.5,0,2.3533451946930826,0.27116609906500727,0,6.885814251311201,0.1445615247385493,,,,,,,,,,,,,,,,0.44921875,1939,2048,1271.34375,1476.4453125,243,243,4096,4096,4096,15.59639669302851,10.535551242996007,,,,,,,,,1,-1,0.26963694411681244,0,0,1,,,,,,5.579972743988037,0.02264644391834736,0.8892250061035156,0.008360397070646286,0.9973173141479492,,,,,,,,,,,,,0.006456390023231506,0.0012974629571544938,0.00022730999626219273,0.9056193759897724,0.07302205104997483,0.004421878955326974,0.01364888995885849,0.003785807852182188,0.0006148599786683917,0,0,0,,,,,1,0.5,0,128
178,27140.539343289,1787541008.3664582,0.62109375,1.474514954580286e-17,133.2664406299591,0.14791373908519745,1,-1,0.34375,0.4178641140460968,0.0018620021874085069,1.0034503936767578,0.9934053421020508,0.9711675643920898,0,0,0.006766642443835735,0.0002547770272940397,1.00025475025177,0.1461649239063263,0.03526739403605461,0.03503118082880974,0.006626083515584469,0.0002547770272940397,1,1,0.0002547770272940397,1,7.5625,352.125,0.006626083202270148,0.03125,0,10170.75,0,5.594764540354802,0.11282228715474935,0.594840202652384,24145.71875,0.8737345001393281,8869.4375,3.1396489376202226,0.7010998424749167,28462.28125,0.9364753005491102,9508.15625,0.5239112619310617,0.008852825975019444,0.45419810449032544,18583.125,0.8270673351925084,8449.03125,3.8679991960525513,1.375,0,2.848274813802954,0.1728307814985138,0,6.395927924785388,0.08454606894321222,,,,,,,,,,,,,,,,0.29296875,1961,2048,1147.828125,1318.8828125,231,231,4096,4096,4096,15.347747207037173,10.39932598604355,,,,,,,,,1,-1,0.37880720420707903,0,0,1,,,,,,4.957423686981201,0.022662434726953506,0.9211638569831848,0.008432452566921711,0.9974775314331055,,,,,,,,,,,,,0.07297420303802937,0.0017683191881587845,0.0001848399406298995,0.9100345049519092,0.060724594778548635,0.005689908983185887,0.01113616896327585,0.0033308357387795695,0.0005217110738158226,0,0,0,,,,,1,0.62109375,0,159
179,27297.761536942,1787541158.7170727,0.59375,1.5612511283791264e-17,136.34413838386536,0.2653549909591675,1,-1,0.59375,0.42647841572761536,0.0036831030156463385,1.0053882598876953,0.9938204288482666,0.9782991409301758,0,0,0.006402387283742428,0.00046711775939911604,1.0004671812057495,0.1980496346950531,0.023812321946024895,0.02358521893620491,0.006210038438439369,0.00046711775939911604,1,1,0.00046711775939911604,1,7.4375,310,0.006210038779610345,0.03125,0,9182.625,0,4.887177724342347,0.10538239303913788,0.595375230695317,21767.875,0.8741853410688852,7993.96875,2.4955292060039937,0.7024100071555976,25756.8125,0.9377086551734766,8589.5,0.49279451835900545,0.008125766160322942,0.45602298298006827,16764.90625,0.828765910526368,7612.15625,4.326562583446503,0.875,0,2.6915002892314663,0.26427273168494064,0,5.01722169009937,0.09326993653781948,,,,,,,,,,,,,,,,0.3671875,2048,2048,1141.22265625,1309.38671875,200,200,4096,4096,4096,15.455096124089323,11.008666747948155,,,,,,,,,0.7142857142857143,-1,0.3072259023943795,0,0,1,,,,,,6.788578987121582,0.022492006421089172,0.8854379057884216,0.008341168984770775,0.9975568652153015,,,,,,,,,,,,,0.00558326905593276,0.0011856024698317924,0.0002540699206292629,0.9070326749933884,0.05258157614935044,0.002722169039770961,0.010360789019614458,0.003335873448122584,0,0,0,0,,,,,1,0.59375,0,152
180,27453.292129851,1787541315.9258113,0.45703125,0,143.21503853797913,0.20078250765800476,0.7142857313156128,-1,0.4375,0.42941704392433167,0.002060541184619069,1.0032625198364258,0.9942653179168701,0.9733614921569824,0,0,0.006072045303881168,0.0002689789980649948,1.0002690553665161,0.132319375872612,0.054529473185539246,0.05424301326274872,0.005766979418694973,0.0002689789980649948,1,1,0.0002689789980649948,1,7.25,285.28125,0.005766979078819615,0.03125,0,9129.78125,0,16.529365593492074,0.13978492507253643,0.5945363075899828,21561.40625,0.8746773762803266,7932.5,2.0863688704557717,0.7026245510511728,25543.15625,0.9372449774305709,8514.3125,0.5132941231131554,0.008600080960835392,0.44889448058335024,16454.03125,0.8186680077078267,7487.375,4.823746979236603,0.4375,0,2.2836181546187495,0.3429402254927743,0,17.070554834977813,0.1397726649022507,,,,,,,,,,,,,,,,0.48046875,2048,2048,1308.84375,1533.62109375,242,242,4096,4096,4096,16.089158075978048,10.89941422699485,,,,,,,,,1,-1,0.2660654361741311,0,0,1,,,,,,6.031714916229248,0.02227415144443512,0.9244197607040405,0.00832745898514986,0.9971619844436646,,,,,,,,,,,,,0.004539499990642071,0.0012296369695832254,0.0002385599073022604,0.9142231149598956,0.06472621023112879,0.007222529035061598,0.06867904297541827,0.004006486437447165,0,0,0,0,,,,,1,0.45703125,0,117
181,27597.540635909,1787541471.243277,0.5703125,1.734723475976807e-17,141.61648225784302,0.14172111451625824,1,-1,0.34375,0.41703325510025024,0.0015494225081056356,1.0042543411254883,0.9936027526855469,0.9824337959289551,0,0,0.00661054439842701,0.0002250636462122202,1.0002250671386719,0.11947089433670044,0.03283089026808739,0.0325804203748703,0.006428312510251999,0.0002250636462122202,1,1,0.0002250636462122202,1,7.46875,352.28125,0.00642831245509443,0.03125,0,10470.75,0,8.413992958406716,0.127246408358722,0.5947842921383708,24822.59375,0.8728283346171963,9111.40625,2.8801001289393753,0.6999252738700666,29260.15625,0.9353045138372155,9771.25,0.4840160757303238,0.009267561485862457,0.4531146097771556,18999.9375,0.8265867664744102,8666.8125,4.639644145965576,0.71875,0,2.481542682262506,0.18029555013845328,0,7.954583302212646,0.10728851810092817,,,,,,,,,,,,,,,,0.390625,2048,2048,1246.94921875,1442.25,236,236,4096,4096,4096,16.057789878104813,10.861752890981734,,,,,,,,,1,-1,0.3072259023943795,0,0,1,,,,,,6.076216220855713,0.021805578842759132,0.9212480187416077,0.00813080184161663,0.9976587891578674,,,,,,,,,,,,,0.007518300088122487,0.0011916729531549208,0.0002218389417976141,0.827095192973502,0.07503182930486219,0.005097890039905906,0.010706507950089872,0.003510116298457433,0,0,0,0,,,,,1,0.5703125,0,146
182,27746.573723422,1787541615.8570724,0.69921875,1.734723475976807e-18,130.56753063201904,0.17549125850200653,1,-1,0.5,0.4194454550743103,0.0022748690098524094,1.002476692199707,0.9939126968383789,0.9767570495605469,0,0,0.006256675347685814,0.00028713804204016924,1.0002871751785278,0.17101430892944336,0.018799107521772385,0.01863093674182892,0.006116135977208614,0.00028713804204016924,1,1,0.00028713804204016924,1,7.375,321.53125,0.006116135751111046,0.03125,0,9975.59375,0,4.753754706623982,0.10897366131331722,0.59289437096116,23555.34375,0.8730135509814767,8678.0625,2.483516837004572,0.7026540036085074,27994.875,0.937016033888183,9326.875,0.5217802780680358,0.00787655418961808,0.45151149812133407,18030.875,0.8242907228239613,8224.03125,4.1642085313797,0.5,0,3.1167653991574387,0.2377610614253215,0,5.664284733100279,0.08359338996066969,,,,,,,,,,,,,,,,0.28515625,2048,2048,1032.5625,1183.01171875,212,212,4096,4096,4096,14.44554229802452,10.735546923009679,,,,,,,,,1,-1,0.2868281857894466,0,0,1,,,,,,4.30492639541626,0.022129375487565994,0.9261081218719482,0.008323585614562035,0.9975106120109558,,,,,,,,,,,,,0.005385729018598795,0.0011282763903182058,0.00020737003069370985,0.9297883040271699,0.07515675394370191,0.005546758999116719,0.009442017995752394,0.0029411329119284346,0,0,0,0,,,,,1,0.69921875,0,179
183,27893.496284762,1787541765.1165178,0.5078125,3.2526065174565133e-18,134.89284944534302,0.1768515259027481,1,-1,0.4375,0.42893725633621216,0.0018123661866411567,1.0041131973266602,0.9949629306793213,0.9819455146789551,0,0,0.0052766380831599236,0.00017065624706447124,1.0001707077026367,0.1275154948234558,0.05261616408824921,0.052406616508960724,0.005058363080024719,0.00017065624706447124,1,1,0.00017065624706447124,1,7.3125,246.59375,0.00505836296454271,0.03125,0,8260.5,0,5.340147339316623,0.18304276967035585,0.5921442183293736,19490.34375,0.8708464326778136,7171,1.7060173216741532,0.7042760619153539,23175.25,0.937347571004992,7716.78125,0.4754062406718731,0.006042775155193889,0.446552495737695,14857.34375,0.8165681030050245,6780.5625,3.2773849964141846,0.375,0,2.8718497358124484,0.3710391108891331,0,5.640900990814652,0.17870478049879596,,,,,,,,,,,,,,,,0.421875,2048,2048,1146.11328125,1341.59765625,217,217,4096,4096,4096,15.25887083192356,10.706868194974959,,,,,,,,,1,-1,0.2575393768188564,0,0,1,,,,,,5.134857654571533,0.021788353100419044,0.9055997133255005,0.008148853667080402,0.9975160956382751,,,,,,,,,,,,,0.008019068976864219,0.0012114957803532889,0.00022695004008710384,0.9159249250078574,0.06452060268611604,0.0060664600459858775,0.017894987016916275,0.003222691624159779,0,0,0,0,,,,,1,0.5078125,0,130
184,28040.302746004,1787541911.8799312,0.609375,8.673617379884035e-18,132.53773713111877,0.12872767448425293,1,-1,0.34375,0.42372927069664,0.0024773350451141596,1.0047006607055664,0.9942616820335388,0.9694643020629883,0,0,0.006043978966772556,0.00016628485172986984,1.0001662969589233,0.07048976421356201,0.010433997958898544,0.010298148728907108,0.005768238566815853,0.00016628485172986984,1,1,0.00016628485172986984,1,7.34375,296.625,0.005768238510444517,0.03125,0,9168.90625,0,4.600143803442108,0.1867607276001226,0.5952917464220008,21623.21875,0.8749405506393079,7959.75,2.129123557591811,0.7009121555891404,25591.59375,0.9364413702851999,8540.4375,0.5073777064681053,0.007471945390219422,0.44964055206893655,16503.71875,0.8234431338546638,7545.375,3.962026357650757,0.53125,0,2.4359733180321106,0.2965123625937207,0,4.839026615511183,0.18363267149556073,,,,,,,,,,,,,,,,0.33203125,1938,2048,1136.0546875,1299.0703125,171,171,4096,4096,4096,14.974785209051333,11.200897108996287,,,,,,,,,1,-1,0.2789374884252377,0,0,1,,,,,,5.316222190856934,0.02183029241859913,0.8893181681632996,0.00823304895311594,0.9976335763931274,,,,,,,,,,,,,0.0052455790573731065,0.001098907303003216,0.00020614999812096357,0.9326232930179685,0.06920496315206037,0.0023613390512764454,0.00938654993660748,0.0033577289900676988,0.00047815090510994196,0,0,0,,,,,1,0.609375,0,156
185,28184.584049324,1787542058.0801396,0.703125,-3.469446951953614e-18,132.694340467453,0.1526423692703247,1,-1,0.34375,0.4282744526863098,0.0017840575892478228,1.0073986053466797,0.9927408695220947,0.9721951484680176,0,0,0.0074517689645290375,0.00021415832452476025,1.0002142190933228,0.1442834436893463,0.032231882214546204,0.031777866184711456,0.007300323341041803,0.00021415832452476025,1,1,0.00021415832452476025,1,7.21875,313.375,0.0073003231280974945,0.03125,0,9088.4375,0,6.663799445138931,0.07572791675855349,0.594061223801278,21424.78125,0.8723332977256921,7874,2.11369574861601,0.6997422288463673,25340.59375,0.9347116901846613,8455.5625,0.48150889948010445,0.00834827908066438,0.45868079460779837,16594.5625,0.8311970117665122,7522.5625,4.14217483997345,0.28125,0,1.7849062501783988,0.27531399371943766,0,5.744126118835771,0.06364492220659326,,,,,,,,,,,,,,,,0.28125,1961,2048,1140.6875,1303.17578125,285,285,4096,4096,4096,14.920582943945192,11.015115486923605,,,,,,,,,0.7142857142857143,-1,0.3331206804674577,0,0,1,,,,,,4.791048526763916,0.021802369505167007,0.8792997002601624,0.00818124134093523,0.9977774620056152,,,,,,,,,,,,,0.0058210090501233935,0.0011400158750802802,0.00020045996643602848,0.8099527249578387,0.06103000932262148,0.0026195700047537684,0.011406149948015809,0.003459844593635353,0.0005459089297801256,0,0,0,,,,,1,0.703125,0,180
186,28323.279819753,1787542202.7143154,0.63671875,5.204170427930421e-18,130.65975689888,0.21224793791770935,0.7142857313156128,-1,0.46875,0.4156918525695801,0.0022758187260478735,1.0044069290161133,0.9937576651573181,0.9778780937194824,0,0,0.006532824598252773,0.00039172149263322353,1.0003917217254639,0.16219764947891235,0.04188248887658119,0.04168654978275299,0.006272876635193825,0.00039172149263322353,1,1,0.00039172149263322353,1,7.3125,313.5,0.006272876696276757,0.03125,0,9125.5,0,5.704601945164674,0.09408441148216001,0.5896154437826259,21481.6875,0.8664733870140016,7895.6875,1.7056117746396922,0.6981292434861952,25454.25,0.9313489369227315,8490.09375,0.4894438907504082,0.007412522123097693,0.45125003259526286,16570.875,0.8217250676116372,7529.34375,3.7842333912849426,0.71875,0,3.5755943794688583,0.328842184478195,0,7.149984832269373,0.08804440643983716,,,,,,,,,,,,,,,,0.31640625,1883,2048,1056.04296875,1220.14453125,189,189,4096,4096,4096,14.827523502986878,10.57550566806458,,,,,,,,,0.8571428571428572,-1,0.25379768577771245,0,0,1,,,,,,4.132111549377441,0.0216648131608963,0.8904041051864624,0.008203386329114437,0.9976122379302979,,,,,,,,,,,,,0.00794509903062135,0.0013210655347393185,0.00020361097995191813,0.9409502830822021,0.06346572927805028,0.00573793996591121,0.012399837840348482,0.0036476334962571855,0.00046425999607890844,0,0,0,,,,,1,0.63671875,0,163
187,28473.462870814,1787542341.3599234,0.64453125,2.6020852139652106e-18,124.75640225410461,0.12719975411891937,0.8571428656578064,-1,0.34375,0.42361241579055786,0.0018136597936972976,1.0064477920532227,0.9945402145385742,0.9819612503051758,0,0,0.005761221516877413,0.00014828122220933437,1.0001482963562012,0.0955766886472702,0.02538128010928631,0.025153648108243942,0.005484125576913357,0.00014828122220933437,1,1,0.00014828122220933437,1,7.21875,276.6875,0.005484125393807831,0.03125,0,8448.34375,0,6.421014040161882,0.19461685270399465,0.5939813166430997,19887.8125,0.871416428767384,7307.28125,1.565658796171192,0.6995541313301186,23535.34375,0.9340369399631425,7851,0.5268278960138559,0.0062373264491290895,0.4513891093839424,15250.46875,0.8230578793278214,6947.40625,3.2324041724205017,0.34375,0,2.159675832031448,0.3254625010568539,0,8.1110020407103,0.1800177400703673,,,,,,,,,,,,,,,,0.27734375,1874,2048,956.3203125,1105.73046875,158,158,4096,4096,4096,14.110106528969482,10.849478401942179,,,,,,,,,1,-1,0.19397822305714674,0,0,1,,,,,,4.827830791473389,0.02165200188755989,0.8502419590950012,0.008145958185195923,0.9977571964263916,,,,,,,,,,,,,0.006228549988009036,0.00106379619001018,0.00023145903833210468,0.9176503849448636,0.07524868595646694,0.003927508951164782,0.009407648933120072,0.0028707317355838313,0.0004578100051730871,0,0,0,,,,,1,0.64453125,0,165
188,28620.397551457,1787542491.0000882,0.58984375,8.239936510889834e-18,136.2865023612976,0.08357124775648117,1,-1,0.21875,0.42589515447616577,0.0016935026505962014,1.005228042602539,0.994945764541626,0.9767875671386719,0,0,0.0055238474160432816,5.697924643754959e-05,1.0000569820404053,0.08336398750543594,0.025199051946401596,0.024902179837226868,0.0050814952701330185,5.697924643754959e-05,1,1,5.697924643754959e-05,1,7.25,244.46875,0.005081494753211537,0.03125,0,7650.5625,0,6.494354296086599,0.18294436774354556,0.5926175478024484,17914.34375,0.8707555327298221,6592.3125,1.4781705740606412,0.6995751233120151,21275.1875,0.9334515202003351,7091.21875,0.5127823539078236,0.006580939311945737,0.44813683594600284,13692.625,0.8202291008344776,6261.53125,3.31693571805954,0.34375,0,5.90575401212396,0.3876719872222474,0,9.206792555778515,0.18556195258342825,,,,,,,,,,,,,,,,0.328125,2048,2048,1130.01953125,1309.84765625,216,216,4096,4096,4096,15.249898963025771,10.824376704986207,,,,,,,,,1,-1,0.28007834180996644,0,0,1,,,,,,5.7578125,0.021243946626782417,0.8618056178092957,0.008029818534851074,0.9978719353675842,,,,,,,,,,,,,0.00573162897489965,0.001072241608198965,0.00016586994752287865,0.9060665859142318,0.06959659241329064,0.0035477199126034975,0.010325858136638999,0.0035844882982019044,0,0,0,0,,,,,1,0.58984375,0,151
189,28763.063529447,1787542638.15652,0.546875,5.204170427930421e-18,133.6542067527771,0.15053609013557434,1,-1,0.375,0.40963953733444214,0.0023584424052387476,1.0066337585449219,0.9933902621269226,0.9693493843078613,0,0,0.006912089418619871,0.0002924678847193718,1.0002925395965576,0.1496560126543045,0.026344630867242813,0.026043923571705818,0.006646355148404837,0.0002924678847193718,1,1,0.0002924678847193718,1,7.28125,322.40625,0.00664635499658222,0.03125,0,9040.15625,0,6.299319412145758,0.15050073916613121,0.5890520189418724,21193.6875,0.8657857243057145,7791.96875,1.7622167808003724,0.6980774271076416,25145.125,0.9305786549854624,8384,0.5325711164623499,0.007859979015463734,0.44986125218300005,16342.28125,0.8214991270362086,7441.75,4.233073651790619,0.375,0,1.9116520016898546,0.3076115011736609,0,5.9623793664197455,0.14182135405912596,,,,,,,,,,,,,,,,0.38671875,1979,2048,1118.89453125,1323.15625,148,148,4096,4096,4096,15.087615798925981,10.315874752006494,,,,,,,,,1,-1,0.28121456692899327,0,0,1,,,,,,4.116279602050781,0.021120889112353325,0.9053691625595093,0.008009612560272217,0.9978999495506287,,,,,,,,,,,,,0.0054383400129154325,0.001095180580705346,0.00021422002464532852,0.8517765910364687,0.07022712503567163,0.0051538399420678616,0.07205941318534315,0.003585063118407561,0.0005931500345468521,0,0,0,,,,,1,0.546875,0,140
190,28910.296667602,1787542781.7445812,0.625,9.540979117872439e-18,129.17660331726074,0.15661026537418365,1,-1,0.375,0.4112573266029358,0.0022433025296777487,1.0076875686645508,0.993561863899231,0.9769539833068848,0,0,0.006725785322487354,0.0001680187415331602,1.0001680850982666,0.12519626319408417,0.029407786205410957,0.02908213622868061,0.0064713554456830025,0.0001680187415331602,1,1,0.0001680187415331602,1,7.09375,322.75,0.0064713557377189465,0.03125,0,8951.15625,0,5.823631396510317,0.13531132507586052,0.5888688328725913,20918.96875,0.8661930796950916,7704.1875,1.3478291213396005,0.6981029792696367,24890.9375,0.9312122481222012,8294.96875,0.5180751699954271,0.007952844273459408,0.450011219607786,16160.375,0.821839431298254,7359.0625,4.528967618942261,0.09375,0,3.269184362871694,0.3870259280832361,0,7.019467349665576,0.1333295787254803,,,,,,,,,,,,,,,,0.3203125,1910,2048,1101.96484375,1284.8828125,171,171,4096,4096,4096,14.516987061011605,10.366956586949527,,,,,,,,,0.8571428571428572,-1,0.25505101530510177,0,0,1,,,,,,4.248966217041016,0.020973961800336838,0.8778365254402161,0.007977602072060108,0.9978941679000854,,,,,,,,,,,,,0.0052524799248203635,0.00112345292518512,0.0002017999067902565,0.8241354239871725,0.06704262169023423,0.0042501690331846476,0.01012785010971129,0.003202869479537185,0.00042831001337617636,0,0,0,,,,,1,0.625,0,160
191,29059.635380869,1787542929.051886,0.51171875,1.734723475976807e-18,133.3653473854065,0.11649780720472336,0.8571428656578064,-1,0.28125,0.41300880908966064,0.002108925022184849,1.0035514831542969,0.9947006702423096,0.9795856475830078,0,0,0.005698913708329201,0.0002261580666527152,1.0002262592315674,0.09373286366462708,0.007012763060629368,0.007000577636063099,0.00532325217500329,0.0002261580666527152,1,1,0.0002261580666527152,1,7.1875,308.28125,0.005323252371115196,0.03125,0,8815.71875,0,8.194223371307373,0.17509447557931118,0.589260884981549,20522.5625,0.8655483014982189,7557.71875,1.2373207278724294,0.6971728937934855,24442.8125,0.9295434788660597,8146.1875,0.5427383258938789,0.006801695505254439,0.44700368840545934,15792.71875,0.816802295608734,7203.53125,3.856515944004059,0.25,0,2.0667167988957,0.38543892612376013,0,7.644740351895436,0.1799695752231632,,,,,,,,,,,,,,,,0.40625,1841,2048,1158.5078125,1373.71875,186,186,4096,4096,4096,15.485160180949606,11.310588369960897,,,,,,,,,1,-1,0.2435389588747474,0,0,1,,,,,,6.247451305389404,0.020914241671562195,0.9374970197677612,0.007923947647213936,0.9979984164237976,,,,,,,,,,,,,0.006613859906792641,0.001231066960372118,0.00021283002570271492,0.9056787260342389,0.06523986854699615,0.00426021998282522,0.010668309056200087,0.003681867578507081,0.00042566994670778513,0,0,0,,,,,1,0.51171875,0,131
192,29203.962007236,1787543078.406767,0.62890625,-1.734723475976807e-18,134.7419741153717,0.11008093506097794,1,-1,0.28125,0.40042757987976074,0.001814490300603211,1.0040016174316406,0.9937364459037781,0.9765820503234863,0,0,0.006475694477558136,0.00019165582489222288,1.0001916885375977,0.11771588027477264,0.012943132780492306,0.012680877931416035,0.006295195780694485,0.00019165582489222288,1,1,0.00019165582489222288,1,7.125,348.0625,0.006295195626814407,0.03125,0,9268.0625,0,4.913301895485004,0.12437749500846908,0.5844604254487853,21514.15625,0.8610326175725692,7930.21875,1.2814214441896183,0.6943026132576581,25640.53125,0.9259364582087692,8545.1875,0.5090529527515173,0.007877140299906611,0.4459909855509831,16603.78125,0.8146588874196008,7563.53125,4.546584784984589,0.25,0,1.8677425221419073,0.4285046443463132,0,4.931474237019906,0.12654734274100152,,,,,,,,,,,,,,,,0.32421875,1932,2048,1108.984375,1301.38671875,200,200,4096,4096,4096,14.948973631951958,10.92496321501676,,,,,,,,,1,-1,0.29987242185261903,0,0,1,,,,,,4.318166732788086,0.020748376846313477,0.7801576852798462,0.007894165813922882,0.9981273412704468,,,,,,,,,,,,,0.008762827957980335,0.001437305966646818,0.00023282901383936405,0.922077803988941,0.05476856254063023,0.0018830299377441406,0.08255105291027576,0.004871693652603426,0.0006454800022765994,0,0,0,,,,,1,0.62890625,0,161
193,29351.992468074,1787543222.6987655,0.671875,6.071532165918825e-18,129.75857639312744,0.16398166120052338,1,-1,0.40625,0.40041643381118774,0.0023675961419939995,1.0083227157592773,0.9939332604408264,0.9691905975341797,0,0,0.006394209340214729,0.00028267083689570427,1.0002827644348145,0.18453636765480042,0.01613636314868927,0.01604720950126648,0.006100884638726711,0.00028267083689570427,1,1,0.00028267083689570427,1,7.0625,319,0.006100884292213563,0.03125,0,8871.875,0,6.211008889378734,0.14599640741525502,0.5838910291621622,20600.90625,0.8602254452718507,7594.625,0.9344508955546189,0.6942701737984256,24552.3125,0.9255137966999687,8185.5625,0.48676746524870396,0.007516111804298697,0.44480191589051155,15862.40625,0.8110907400597492,7223.4375,3.588389813899994,0.09375,0,1.6907197866176522,0.48191142253773783,0,6.122085522589201,0.14729289771520573,,,,,,,,,,,,,,,,0.23046875,1873,2048,1046.421875,1215.4921875,181,181,4096,4096,4096,15.479635725961998,11.373452857020311,,,,,,,,,1,-0.8571428571428571,0.31339158526400435,0,0,1,,,,,,2.140748977661133,0.021059706807136536,0.6997388601303101,0.007984143681824207,0.9982008337974548,,,,,,,,,,,,,0.005237029981799424,0.0010904286132245034,0.0002052199561148882,0.8917890969896689,0.07120538927620146,0.005143209942616522,0.011049519991502166,0.0032687499301573553,0.00047202908899635077,0,0,0,,,,,1,0.671875,0,172
194,29497.925553246,1787543369.7217922,0.66015625,1.0408340855860843e-17,133.4864776134491,0.17969685792922974,1,-0.8571428656578064,0.34375,0.4053027033805847,0.002503764582797885,1.0062246322631836,0.9948273301124573,0.9767799377441406,0,0,0.005612192675471306,0.00030210951808840036,1.0003020763397217,0.15093235671520233,0.011101535521447659,0.01105764601379633,0.005197594873607159,0.00030210951808840036,1,1,0.00030210951808840036,1,7.15625,278.71875,0.005197594881913566,0.03125,0,8371.375,0,4.325657913098507,0.17267057149239043,0.5849612006304518,19496.9375,0.8612846341018068,7185.0625,0.750266207032837,0.6936013680269322,23155.5625,0.925249935494211,7728,0.5363105926662683,0.006499799822024885,0.4429425826541621,14919.25,0.8111559987667898,6819.34375,3.691768705844879,0.15625,0,1.7850247550372513,0.5128984027515358,0,4.5610043004323195,0.17945102794568057,,,,,,,,,,,,,,,,0.30859375,1883,2048,1044.84765625,1236.21484375,211,211,4096,4096,4096,15.175670964061283,11.314754571998492,,,,,,,,,1,-1,0.25877458475338283,0,0,1,,,,,,3.071714401245117,0.020752370357513428,0.800750732421875,0.007935159839689732,0.9982231855392456,,,,,,,,,,,,,0.007369370083324611,0.0012505882768891752,0.0002044000430032611,0.896685836953111,0.06844354064105573,0.006927279056981206,0.012837318005040288,0.0035211925678595435,0.0006056890124455094,0,0,0,,,,,1,0.66015625,0,169
195,29645.401271374,1787543515.519044,0.62109375,2.6020852139652106e-18,132.41339707374573,0.14489609003067017,1,-1,0.375,0.4085790812969208,0.0017330545233562589,1.0039596557617188,0.9942231178283691,0.9776182174682617,0,0,0.006164794787764549,0.00015726126730442047,1.0001572370529175,0.12043524533510208,0.042467765510082245,0.04188236594200134,0.005807545967400074,0.00015726126730442047,1,1,0.00015726126730442047,1,7.0625,278.96875,0.005807546160797022,0.03125,0,8358.78125,0,6.136521059197771,0.11786610483660613,0.5875299720660442,19449.15625,0.8640462805004749,7165.46875,0.7725511023236322,0.6960655207484983,23168.5,0.9287006760369698,7725.4375,0.4777434188872576,0.007380552293840845,0.445697882671279,14882.40625,0.8157879996083492,6805.46875,4.258732795715332,0.09375,0,1.6705299916271268,0.5139462561959987,0,6.236351207494208,0.12668717677335378,,,,,,,,,,,,,,,,0.3203125,1883,2048,1126.54296875,1292.2578125,207,207,4096,4096,4096,15.058156915940344,10.410022465977818,,,,,,,,,0.8571428571428572,-1,0.2890431081471187,0,0,1,,,,,,4.469824314117432,0.02087700180709362,0.8167732954025269,0.007926351390779018,0.9982318878173828,,,,,,,,,,,,,0.006986218970268965,0.0011266197507211473,0.00020538002718240023,0.8916527068940923,0.06924534968720764,0.005984770017676055,0.07043091300874949,0.0036669483397417935,0.0005701899062842131,0,0,0,,,,,1,0.62109375,0,159
196,29783.973836833,1787543664.3147855,0.53515625,4.336808689942018e-18,134.06691765785217,0.16223417222499847,0.8571428656578064,-1,0.375,0.41135090589523315,0.0023838451597839594,1.0048456192016602,0.9942024350166321,0.9733762741088867,0,0,0.006013717036694288,0.00023107719607651234,1.000231146812439,0.1394139677286148,0.029048530384898186,0.028465237468481064,0.005826129112392664,0.00023107719607651234,1,1,0.00023107719607651234,1,7.125,318.96875,0.005826129173546376,0.03125,0,9012.34375,0,6.21892068650215,0.08938849032963105,0.5871127109603115,21016.375,0.8637182437363651,7742.625,0.809682978579076,0.6937207300383172,24927.15625,0.926518638729471,8320.0625,0.4836716391146183,0.007213845125446107,0.4502046022376919,16234.375,0.819964958155748,7392.28125,4.4499751925468445,0.125,0,4.331312201351889,0.5212333052228573,0,7.863318456895755,0.08854831795081639,,,,,,,,,,,,,,,,0.39453125,2048,2048,1071.2109375,1288.05859375,199,199,4096,4096,4096,14.989966051070951,10.281527647050098,,,,,,,,,1,-1,0.2731617596567563,0,0,1,,,,,,2.6866297721862793,0.021261077374219894,0.7771860361099243,0.008000095374882221,0.9982881546020508,,,,,,,,,,,,,0.006831369013525546,0.0012638527091439755,0.00020474009215831757,0.9074582270113751,0.06641588547699939,0.0036393790505826473,0.012423829059116542,0.0035294864592287922,0,0,0,0,,,,,1,0.53515625,0,137
197,29934.096322956,1787543801.7950354,0.75,1.0408340855860843e-17,123.79611611366272,0.1489083617925644,1,-1,0.375,0.42427122592926025,0.002640725811943412,1.00482177734375,0.9941500425338745,0.9723696708679199,0,0,0.006090461276471615,0.00028841965831816196,1.000288486480713,0.10968069732189178,0.018842335790395737,0.018672412261366844,0.005881394259631634,0.00028841965831816196,1,1,0.00028841965831816196,1,7.03125,300.40625,0.0058813943040712455,0.03125,0,8569.6875,0,6.566776493214186,0.11473263043119428,0.5939586130594671,20186.75,0.8724278376452402,7430.875,0.62520076038345,0.697903889660498,23833.71875,0.9328925923582891,7965.21875,0.5021620206534863,0.008033716016902228,0.454667571927734,15578.6875,0.8279419608282077,7092.71875,4.20191764831543,0.03125,0,1.6305077861477777,0.5575742729713338,0,5.907731703164947,0.11908975880418632,,,,,,,,,,,,,,,,0.19921875,1883,2048,878.6796875,995.71484375,196,196,4096,4096,4096,12.534447427955456,11.569279058021493,,,,,,,,,1,-1,0.27664166758624403,0,0,1,,,,,,1.6627728939056396,0.021391550078988075,0.5632064342498779,0.008115643635392189,0.9982929825782776,,,,,,,,,,,,,0.006135039962828159,0.0011657380568976805,0.0001980699598789215,0.960056570940651,0.06868289127396565,0.0060466499999165535,0.009721889975480735,0.003061516962134192,0.0005142800509929657,0,0,0,,,,,1,0.75,0,192
198,30083.289780464,1787543952.2245147,0.5859375,1.734723475976807e-18,136.52912211418152,0.15479546785354614,1,-1,0.375,0.4278809130191803,0.0022286800667643547,1.0076017379760742,0.9950451254844666,0.9781246185302734,0,0,0.005309788975864649,0.00017356057651340961,1.0001736879348755,0.12946249544620514,0.029017537832260132,0.0286021139472723,0.00497897295281291,0.00017356057651340961,1,1,0.00017356057651340961,1,7.03125,220.15625,0.004978973166143535,0.03125,0,7029.4375,0,7.985987169599275,0.1832876639427976,0.5936715516947285,16558.9375,0.8729360899483374,6099.28125,0.4920531972893514,0.6982703911821515,19547.6875,0.9326525668605223,6530.5625,0.5216023251414299,0.005617310691341827,0.44783680877958437,12667.125,0.8184662198910794,5778.25,3.1206324100494385,0.03125,0,1.5712025889141128,0.5793066194800041,0,7.782372945982274,0.19456106240833831,,,,,,,,,,,,,,,,0.33984375,1910,2048,1169.5546875,1366.84765625,195,195,4096,4096,4096,15.612425083993003,10.364306850009598,,,,,,,,,0.7142857142857143,-0.8571428571428571,0.2834733547569204,0,0,1,,,,,,2.36279296875,0.021278016269207,0.8548393249511719,0.008008009754121304,0.9983131885528564,,,,,,,,,,,,,0.007603430072776973,0.0013460628524626372,0.00024009996559470892,0.8592600300908089,0.06848161722064106,0.0057251600082963705,0.012873709900304675,0.004296661924399814,0.0006322299595922232,0,0,0,,,,,1,0.5859375,0,150
199,31348.966012179,1787544100.7986217,0.65625,1.5612511283791264e-17,135.40898394584656,0.1411590278148651,0.7142857313156128,-0.8571428656578064,0.28125,0.42762285470962524,0.00271709100343287,1.0056018829345703,0.993635356426239,0.9738073348999023,0,0,0.006564494222402573,0.0002886229194700718,1.0002886056900024,0.08888848125934601,0.0052457829006016254,0.005198471248149872,0.006395685486495495,0.0002886229194700718,1,1,0.0002886229194700718,1,7.0625,354.21875,0.006395685835064103,0.03125,0,9356.4375,0,6.740161871820652,0.0949751834850607,0.594274888080311,22083.9375,0.8743604548655131,8135.9375,0.5865205547816004,0.6987873912000868,26063.4375,0.9344079737656169,8712.25,0.46492820233106613,0.0075756255395837465,0.4586882728163555,17175.9375,0.8323207803316256,7789.3125,4.374140083789825,0.0625,0,1.5833639648362063,0.5666079673285771,0,6.509461371184698,0.09935883784654319,,,,,,,,,,,,,,,,0.2734375,2048,2048,1088.2578125,1250.09375,198,198,4096,4096,4096,15.281388354022056,10.777894511935301,,,,,,,,,1,-1,0.3388154635894692,0,0,1,,,,,,2.2263312339782715,0.02133985050022602,0.8015029430389404,0.008039014413952827,0.9982724785804749,,,,,,,,,,,,,0.006630509975366294,0.0011946337845074595,0.00019530009012669325,0.8310758729930967,0.059778893080874695,0.004409690038301051,0.07207069301512092,0.003877549715070927,0,0,0,0,,,,,1,0.65625,0,168
200,31502.47782764,1787545368.5867333,0.48046875,8.673617379884035e-18,1253.0129256248474,0.2276781052350998,1,-1,0.5,0.4300937056541443,0.00285468646325171,1.0062789916992188,0.9947153329849243,0.9759421348571777,0,0,0.005670603364706039,0.0002531500067561865,1.0002532005310059,0.17703813314437866,0.03863254189491272,0.03840707242488861,0.005309749860316515,0.0002531500067561865,1,1,0.0002531500067561865,1,7.03125,308.125,0.005309749949525516,0.03125,0,8706.0625,0,4.407168307324924,0.16051538903014528,0.596426291721807,20623.21875,0.8770280592341356,7593.25,0.8232197003380861,0.6986725913300524,24255.5625,0.9354400544333799,8118.03125,0.48459652438759804,0.006797573711564978,0.4574208583731696,15990.6875,0.8331924311291851,7269.34375,3.9842416644096375,0.0625,0,1.6700711763394098,0.5129358593950876,0,4.4845536749465555,0.17113811586283126,800,200,0.5649999976158142,0.565,1110.438064524089,0.365,2048,2048,1148.69873046875,1361.92125,160,160,4096,4096,4096,0.46875,2048,2048,1283.98046875,1524.0546875,251,251,4096,4096,4096,8.656618356439608,10.134809319977649,1,9.992007221626408e-18,-1,0.22543830667590398,0.24,0.28,0.48,0.565,1,-1,0.33023646444476656,0,0,1,4.253902912139893,0.021883081179112196,0.8023562431335449,0.00818283794913441,0.9983224308490753,3.537825107574463,0.020727137103676796,0.6919045448303223,0.007793284486979246,0.998347282409668,52.52115635108203,13.077760421921557,0.0002918299287557602,52.54825534799602,5.881688988511014,0.0006510000675916672,102.57798198005185,16.995624532344664,0,0,0,0,0.00586557004135102,0.0012124420813961478,0.0002406500279903412,0.8219965839525685,0.0702223078951647,0.008062269072979689,0.010313238017261028,0.003701386462580558,0,0,0,0,1,0.565,0,4.52,1,0.48046875,0,123
201,31650.013835705,1787545520.710141,0.59375,-3.469446951953614e-18,138.55492448806763,0.21938258409500122,1,-1,0.53125,0.41803669929504395,0.0022400044836103916,1.003641128540039,0.9939818382263184,0.9798803329467773,0,0,0.006222832947969437,0.0002658423036336899,1.0002659559249878,0.21383778750896454,0.047994308173656464,0.04779632389545441,0.006044887006282806,0.0002658423036336899,1,1,0.0002658423036336899,1,7.125,362.625,0.006044886899713047,0.03125,0,10271.84375,0,8.358209239673185,0.09421051907187195,0.5936591889062665,24297.6875,0.8760732409415277,8971.3125,0.7539110470243031,0.7005139606457631,28725.53125,0.9374045171245329,9607.875,0.4920390918850899,0.007800811641034577,0.4552177498735981,18738.5625,0.8311648876018901,8548.875,4.691982388496399,0.125,0,1.6225178374768665,0.5289018112749958,0,7.403015874595193,0.0929288333666372,,,,,,,,,,,,,,,,0.35546875,2048,2048,1201.2734375,1374.90234375,189,189,4096,4096,4096,15.30332291207742,10.910944379051216,,,,,,,,,0.7142857142857143,-1,0.384654629081036,0,0,1,,,,,,2.4740452766418457,0.021388186141848564,0.8292521834373474,0.00797652080655098,0.9983738660812378,,,,,,,,,,,,,0.006737399962730706,0.0011363719577275333,0.0002051310148090124,0.9303526040166616,0.07809241073437079,0.005639470065943897,0.011504287947900593,0.003884717148139316,0,0,0,0,,,,,1,0.59375,0,152
202,31795.879963875,1787545669.108342,0.66015625,7.37257477290143e-18,133.56257104873657,0.28983741998672485,0.7142857313156128,-1,0.59375,0.4407305121421814,0.0030432362109422684,1.004465103149414,0.9940680265426636,0.9732837677001953,0,0,0.0061560096219182014,0.00032947957515716553,1.0003294944763184,0.1988036334514618,0.0696864128112793,0.06931056082248688,0.005959447473287582,0.00032947957515716553,1,1,0.00032947957515716553,1,7.21875,350.21875,0.005959447531356842,0.03125,0,9610.1875,0,5.700198715919054,0.11663955723404024,0.6024696063871741,22974.65625,0.8862826045044544,8466.375,0.7486297682626173,0.7019247185274086,26902.9375,0.9422984602525502,9023.875,0.4755972921848297,0.006961286304673582,0.46575678077460314,17897.40625,0.8466882268999393,8125.625,3.945455014705658,0.25,0,1.949248649074544,0.5444909783489181,0,5.541791506205891,0.11407909154599992,,,,,,,,,,,,,,,,0.32421875,2048,2048,1048.27734375,1208.8828125,207,207,4096,4096,4096,14.980499883065931,10.629726635990664,,,,,,,,,1,-1,0.24614372771589682,0,0,1,,,,,,1.9567646980285645,0.02145438827574253,0.572699785232544,0.008027956821024418,0.9983382225036621,,,,,,,,,,,,,0.006056790007278323,0.001258578152373957,0.00021839002147316933,0.8276502030203119,0.06156270498331651,0.0030080999713391066,0.05798543500714004,0.0037775992504975875,0,0,0,0,,,,,1,0.66015625,0,169
203,31945.971142044,1787545813.758715,0.64453125,-1.734723475976807e-18,130.9549446105957,0.12242721021175385,1,-1,0.34375,0.44736284017562866,0.0019028661772608757,1.005685806274414,0.9942538142204285,0.9756312370300293,0,0,0.006168426014482975,0.0001803769264370203,1.0001803636550903,0.1287766993045807,0.02498037740588188,0.024688147008419037,0.0057781776413321495,0.0001803769264370203,1,1,0.0001803769264370203,1,7.09375,289.03125,0.0057781773578786735,0.03125,0,8386.21875,0,8.825280307180972,0.17404600787659866,0.6050251581271777,20053.4375,0.8896605627787539,7386.9375,0.7606462316180114,0.7065444311790199,23580.46875,0.9463109100024822,7886.125,0.4826871883124113,0.0068759644487152785,0.46275337108961045,15485,0.8419562720893639,7041.34375,3.9431097507476807,0.125,0,1.7554220474823512,0.5375706046702468,0,9.511733726208714,0.16058716876613946,,,,,,,,,,,,,,,,0.2734375,2003,2048,1012.109375,1202.484375,286,286,4096,4096,4096,14.977209231932648,11.711027984973043,,,,,,,,,1,-1,0.32635119433030474,0,0,1,,,,,,3.878567695617676,0.02167086862027645,0.7615978121757507,0.008087962865829468,0.9983747601509094,,,,,,,,,,,,,0.006012878962792456,0.0011851710928567627,0.00022116000764071941,0.9130356559762731,0.0680827771479926,0.004960118909366429,0.009783847955986857,0.0032231008731287147,0.0005835900083184242,0,0,0,,,,,1,0.64453125,0,165
204,32093.917527398,1787545965.0602229,0.58203125,0,136.46112370491028,0.20340150594711304,1,-1,0.46875,0.4484212100505829,0.0027028045151382685,1.0027189254760742,0.9948302507400513,0.9810395240783691,0,0,0.005424642004072666,0.00031120539642870426,1.000311255455017,0.16776767373085022,0.04023389518260956,0.04002745449542999,0.005193077959120274,0.00031120539642870426,1,1,0.00031120539642870426,1,7.1875,270.78125,0.005193077991244913,0.03125,0,8096.875,0,10.705681774120931,0.22492819446620288,0.606257364093881,19505.4375,0.8920333926886616,7184.8125,0.7617661114782095,0.7086222732866151,22861.0625,0.9487777085926317,7654.34375,0.45791419595479965,0.006216672933991549,0.46255539513300714,15113.0625,0.8435806675114834,6862.46875,3.0861692428588867,0.21875,0,1.9499776706309868,0.5626125739546348,0,10.81700012471176,0.22691727368678888,,,,,,,,,,,,,,,,0.36328125,2048,2048,1121.5859375,1319.9375,210,210,4096,4096,4096,14.979445351986215,10.542088732938282,,,,,,,,,0.8571428571428572,-1,0.3754249293147971,0,0,1,,,,,,2.887474536895752,0.021368972957134247,0.6319267749786377,0.007948648184537888,0.9983670115470886,,,,,,,,,,,,,0.005816070013679564,0.0012471084000935662,0.00021635997109115124,0.9244312240043655,0.07988513047848755,0.0069631499936804175,0.06999668397475034,0.003964901362451201,0,0,0,0,,,,,1,0.58203125,0,149
205,32251.181522212,1787546111.594869,0.62890625,0,132.99952054023743,0.2892968952655792,0.8571428656578064,-1,0.59375,0.44788286089897156,0.003162526525557041,1.00537109375,0.9941492080688477,0.9816560745239258,0,0,0.006111158523708582,0.0003546349471434951,1.0003546476364136,0.20503193140029907,0.07965302467346191,0.07904893904924393,0.005879515781998634,0.0003546349471434951,1,1,0.0003546349471434951,1,7.1875,305.15625,0.005879516169961732,0.03125,0,8972.6875,0,6.244745790767805,0.09941130777972221,0.6088123232650684,21676.4375,0.8943694319287679,7974.5625,0.8460888364061248,0.7082639490635576,25345.90625,0.9496798020906598,8489.8125,0.4665651395916939,0.0071701350853761725,0.4660173465520687,16700.96875,0.8511100856455205,7622.53125,3.600829303264618,0.25,0,2.034610077166672,0.530991434519158,0,6.579352949141818,0.10849089736765775,,,,,,,,,,,,,,,,0.29296875,1883,2048,1044.16796875,1201.8359375,138,138,4096,4096,4096,14.915533788036555,11.635670203017071,,,,,,,,,1,-1,0.343489001101274,0,0,1,,,,,,5.376318454742432,0.022196780890226364,0.8707852363586426,0.008206900209188461,0.9983631372451782,,,,,,,,,,,,,0.00871696905232966,0.0012093132772861281,0.00021418009418994188,0.9386359030613676,0.06992193580526873,0.004841068992391229,0.016893908963538706,0.004000580993761105,0.0006442799931392074,0,0,0,,,,,1,0.62890625,0,161
206,32403.610258285,1787546268.879126,0.47265625,1.3877787807814457e-17,143.77441954612732,0.23650498688220978,1,-1,0.5,0.4616698622703552,0.002512171398848295,1.0068225860595703,0.9939737319946289,0.9779748916625977,0,0,0.006360079161822796,0.0002750600688159466,1.0002751350402832,0.21506579220294952,0.06063146889209747,0.06012553721666336,0.006055792327970266,0.0002750600688159466,1,1,0.0002750600688159466,1,7.03125,320.90625,0.006055792437134656,0.03125,0,8353.34375,0,6.485994495890257,0.1420040844613588,0.6101807169747595,20238.25,0.8950987247841182,7433.15625,0.7042603327136021,0.7076586384687497,23531.78125,0.9488758337437876,7890.46875,0.4512417772784829,0.006738877613512444,0.47350025353978586,15862.78125,0.8554327013892803,7156.4375,3.204319953918457,0.03125,0,1.558424693712646,0.5785105873297924,0,6.342075523846301,0.14698691884187215,,,,,,,,,,,,,,,,0.46484375,2048,2048,1233.90234375,1510.46875,178,178,4096,4096,4096,16.197090010042302,10.34626506199129,,,,,,,,,1,-1,0.3040961851058286,0,0,1,,,,,,2.741065502166748,0.02138521522283554,0.6222268342971802,0.007930884137749672,0.9984114170074463,,,,,,,,,,,,,0.0070640790509060025,0.001234631273746345,0.0002267099916934967,0.9021139360265806,0.07319330640893895,0.0036715689348056912,0.016689807060174644,0.0050003836408905045,0,0,0,0,,,,,1,0.47265625,0,121
207,32551.916805699,1787546421.6567378,0.50390625,1.734723475976807e-18,138.9706609249115,0.1996757835149765,1,-1,0.5,0.4417889714241028,0.0018471353687345982,1.0036420822143555,0.9928668141365051,0.9737873077392578,0,0,0.007294433191418648,0.000263620400801301,1.0002636909484863,0.17404693365097046,0.05870867520570755,0.05833896994590759,0.007169961929321289,0.000263620400801301,1,1,0.000263620400801301,1,7.125,409.09375,0.007169961865803858,0.03125,0,9871.21875,0,18.959709302207777,0.05924745123141986,0.6014709877897065,23735.875,0.8859225599529545,8734.9375,0.6463322361450992,0.708317119948686,27860.375,0.9470232620198167,9324,0.4783221147954464,0.00879979211813041,0.4693642834015705,18642.1875,0.8480490277453876,8413.625,4.510022759437561,0.125,0,1.6963760610630372,0.5636577986343586,0,19.072059077441086,0.06273752946938757,,,,,,,,,,,,,,,,0.421875,1993,2048,1171.6796875,1425.3671875,240,240,4096,4096,4096,15.840251082903706,10.260014429921284,,,,,,,,,1,-1,0.26845172104237336,0,0,1,,,,,,1.4901126623153687,0.02140072174370289,0.6030189990997314,0.00789959542453289,0.9984225630760193,,,,,,,,,,,,,0.006394790019840002,0.0012090545287719578,0.00022182997781783342,0.8404058719752356,0.061344902979271865,0.006214368971996009,0.013182537048123777,0.004227284757689631,0.00046953000128269196,0,0,0,,,,,1,0.50390625,0,129
208,32689.398724383,1787546569.968274,0.5078125,3.469446951953614e-18,134.43323755264282,0.15317471325397491,1,-1,0.375,0.4425380825996399,0.002143298741430044,1.0050725936889648,0.9921529293060303,0.9671797752380371,0,0,0.008135166019201279,0.0002456256188452244,1.0002456903457642,0.1632601022720337,0.04806388542056084,0.04741853475570679,0.007892252877354622,0.0002456256188452244,1,1,0.0002456256188452244,1,7.0625,394.4375,0.007892253203348711,0.03125,0,9373.4375,0,18.0111072101815,0.05278809362807532,0.6041301311423639,22556.25,0.8890635415443776,8303.21875,0.5280906027182937,0.7075604364490722,26476.75,0.9472644351016696,8857.09375,0.4934442602097988,0.00997174523369787,0.4739429766605873,17780.59375,0.8555484453882947,8025.46875,4.8703776597976685,0.0625,0,1.6514614751992087,0.5908197965325632,0,19.31547971761215,0.05312997268334713,,,,,,,,,,,,,,,,0.34375,2048,2048,1109.0703125,1311.4765625,190,190,4096,4096,4096,14.978941983077675,10.767239662003703,,,,,,,,,1,-1,0.35355339059327373,0,0,1,,,,,,2.277693748474121,0.021576739847660065,0.5496072769165039,0.007980852387845516,0.9984103441238403,,,,,,,,,,,,,0.006974209100008011,0.0012575965356518282,0.00022805004846304655,0.9270540249999613,0.07226282379861004,0.0038165999576449394,0.01406176807358861,0.004263023050953052,0,0,0,0,,,,,1,0.5078125,0,130
209,32835.761730817,1787546707.2743542,0.703125,1.3010426069826053e-18,123.57773947715759,0.2350078821182251,1,-1,0.59375,0.45574745535850525,0.0034535101149231195,1.0053539276123047,0.9923142790794373,0.9703707695007324,0,0,0.00790938176214695,0.0005721107590943575,1.0005723237991333,0.20808860659599304,0.025356652215123177,0.025223705917596817,0.00773232989013195,0.0005721107590943575,1,1,0.0005721107590943575,1,7.09375,381.375,0.007732330101138757,0.03125,0,8872.5625,0,9.433824046823904,0.12821149152471706,0.6092185212367407,21482.09375,0.8947344356073004,7895.875,0.6123648131615482,0.7101175826460998,25113.34375,0.9509720067907425,8406.90625,0.5211356580257416,0.009163593497520028,0.4733481341416524,16863.28125,0.8541772892628879,7596.21875,3.9508933424949646,0.125,0,1.7781651379799424,0.5920393374173828,0,8.41102728158777,0.12810412296366228,,,,,,,,,,,,,,,,0.1953125,1803,2048,863.3671875,1016.85546875,204,204,4096,4096,4096,12.975516407983378,10.740842605940998,,,,,,,,,1,-1,0.2988071523335984,0,0,1,,,,,,1.7506941556930542,0.02237629145383835,0.5151069164276123,0.0082969656214118,0.9983901381492615,,,,,,,,,,,,,0.005359979928471148,0.0012806442473447532,0.00020125997252762318,0.9332580339396372,0.05718623866005146,0.0028403199976310134,0.011073218891397119,0.003265843553435843,0.0004794999258592725,0,0,0,,,,,1,0.703125,0,180
210,32984.693727123,1787546853.4606223,0.578125,0,132.69362878799438,0.1772112250328064,1,-1,0.375,0.47094225883483887,0.0024838463868945837,1.0071430206298828,0.9941484332084656,0.9674315452575684,0,0,0.00639338418841362,0.0002533385995775461,1.000253438949585,0.14887124300003052,0.034464165568351746,0.034195154905319214,0.005886799655854702,0.0002533385995775461,1,1,0.0002533385995775461,1,7.0625,251.9375,0.005886799514682784,0.03125,0,6906.9375,0,4.7561459216470645,0.16937121658485,0.6132853862763851,16800.90625,0.8987753672330899,6167.46875,0.5190845779143274,0.7097661156162318,19527,0.9509053950064156,6540.03125,0.44835413806140423,0.006967072941032463,0.4718537489045961,13094.84375,0.8552367099473539,5918.90625,3.2528220415115356,0.0625,0,1.5491806884712602,0.5889090046496814,0,4.5193963056542925,0.1792193163931657,,,,,,,,,,,,,,,,0.30078125,1939,2048,1033.828125,1254.3125,210,210,4096,4096,4096,15.345562058035284,10.539128544041887,,,,,,,,,1,-1,0.3234066120763363,0,0,1,,,,,,1.6534538269042969,0.02137080207467079,0.6190502643585205,0.007898930460214615,0.9984493255615234,,,,,,,,,,,,,0.007611220004037023,0.00121139083739763,0.000195419997908175,0.8892293369863182,0.06732337906441899,0.005471899989061058,0.01579982927069068,0.00434150573619263,0.0004971500020474195,0,0,0,,,,,1,0.578125,0,148
211,33131.614705706,1787547002.3356497,0.5546875,1.734723475976807e-18,135.45226311683655,0.19884054362773895,1,-1,0.46875,0.45413947105407715,0.004130558576434851,1.0046892166137695,0.9928795099258423,0.9744553565979004,0,0,0.0073874290101230145,0.00037249585147947073,1.0003725290298462,0.18766134977340698,0.02254452183842659,0.02228720299899578,0.0071615311317145824,0.00037249585147947073,1,1,0.00037249585147947073,1,7.0625,328.59375,0.00716153103898596,0.03125,0,8270.625,0,6.436254437663435,0.08897724077882235,0.6080391899744755,19991.4375,0.89354354771499,7355.4375,0.5303424657322466,0.7107333594636309,23464.71875,0.9503973249911244,7841.46875,0.47712020576000214,0.008108683098584254,0.4733066907982574,15634.90625,0.8571792662272972,7083.59375,3.664841651916504,0.0625,0,1.6307866191472664,0.5889481486696008,0,6.15848408455987,0.09150984403067355,,,,,,,,,,,,,,,,0.3359375,2048,2048,1020.2890625,1233.4921875,139,139,4096,4096,4096,14.977604052983224,10.33031327300705,,,,,,,,,1,-1,0.31134992453861954,0,0,1,,,,,,2.5963425636291504,0.02144467830657959,0.5604215860366821,0.00787382386624813,0.9984352588653564,,,,,,,,,,,,,0.01030014909338206,0.0014348927920764254,0.00021382002159953117,0.8624324799748138,0.06788122188845591,0.0031799488933756948,0.0137004490243271,0.004639664847672975,0,0,0,0,,,,,1,0.5546875,0,142
212,33289.828353292,1787547150.1967533,0.5546875,3.469446951953614e-18,133.6413974761963,0.1794550120830536,1,-1,0.4375,0.44441330432891846,0.0027342422399669886,1.007401466369629,0.9927377700805664,0.9655852317810059,0,0,0.007506583817303181,0.0004679436096921563,1.0004680156707764,0.16444005072116852,0.018145808950066566,0.018079400062561035,0.00730524118989706,0.0004679436096921563,1,1,0.0004679436096921563,1,7.0625,326.65625,0.0073052413671954985,0.03125,0,8162.3125,0,6.699089523312394,0.10696430517025095,0.6052454658911228,19617.8125,0.8909046668903855,7223,0.5469857911230065,0.711628763603716,23154.25,0.950599238588317,7727.1875,0.5188525673002005,0.008868374827884223,0.46776969515782185,15300.1875,0.8488410903582203,6928.40625,4.108258903026581,0.0625,0,1.6176355955354715,0.5951649736961874,0,5.811370692041786,0.11845574677966575,,,,,,,,,,,,,,,,0.3046875,1993,2048,1034.328125,1228.4921875,170,170,4096,4096,4096,15.030172378057614,10.364884659997188,,,,,,,,,1,-1,0.3234066120763363,0,0,1,,,,,,2.285435914993286,0.020826691761612892,0.7843536138534546,0.0077169062569737434,0.998431384563446,,,,,,,,,,,,,0.004576510051265359,0.0011783606159951887,0.00023952999617904425,0.8207398040685803,0.06454799711400483,0.006153348949737847,0.01066524803172797,0.00387948419620443,0.000522659975104034,0,0,0,,,,,1,0.5546875,0,142
213,33441.64260949,1787547307.7437694,0.40625,1.0408340855860843e-17,143.77601766586304,0.19182273745536804,1,-1,0.4375,0.43715816736221313,0.0031725058797746897,1.0031509399414062,0.9936195015907288,0.9776840209960938,0,0,0.006600651424378157,0.00040341191925108433,1.0004034042358398,0.14685741066932678,0.01636650413274765,0.016236966475844383,0.006413954310119152,0.00040341191925108433,1,1,0.00040341191925108433,1,7.125,318.65625,0.006413954194250776,0.03125,0,8274.625,0,5.30667453009079,0.1704219542009508,0.6047319076010202,19830.65625,0.8880804367643609,7293.1875,0.5696691123303026,0.7088588196846936,23342.59375,0.9478015117834375,7802.53125,0.5118668656796217,0.007115066853485305,0.4633374262935557,15416.5,0.8462517286301663,7024.875,3.4263362884521484,0.125,0,1.811406740697012,0.5722850729477786,0,5.721554884016404,0.1727558175942879,,,,,,,,,,,,,,,,0.45703125,2048,2048,1260.1171875,1518.32421875,193,193,4096,4096,4096,16.45444541494362,11.083871534094214,,,,,,,,,1,-1,0.3606966049415028,0,0,1,,,,,,3.793839454650879,0.020423395559191704,0.9223145246505737,0.007587506901472807,0.9984506368637085,,,,,,,,,,,,,0.004330890020355582,0.0011763028428504185,0.00023308000527322292,0.9289800140541047,0.06326527883584276,0.004671519971452653,0.014715819037519395,0.004693960607255576,0,0,0,0,,,,,1,0.40625,0,104
214,33588.186483675,1787547459.7396398,0.59375,0,138.07564640045166,0.2413448542356491,1,-1,0.53125,0.4208388030529022,0.0029097185470163822,1.0083541870117188,0.9931530952453613,0.9703168869018555,0,0,0.007096201181411743,0.0004094653995707631,1.000409483909607,0.25865089893341064,0.04612206295132637,0.04566262289881706,0.006882816553115845,0.0004094653995707631,1,1,0.0004094653995707631,1,7.09375,409.40625,0.006882816068690526,0.03125,0,10080.9375,0,15.61673192435447,0.07988961004280337,0.5946218506885621,23959.03125,0.8768738705221601,8833.59375,0.5800545735983178,0.7065178547198676,28407.90625,0.9419843535640287,9480.75,0.4656228981912136,0.007875742477599439,0.4605741919450149,18701.9375,0.8395092695080278,8512.03125,3.9757786989212036,0.09375,0,1.6073073351887999,0.5814051709891895,0,16.87543029108353,0.07864088551401188,,,,,,,,,,,,,,,,0.28515625,2048,2048,1071.81640625,1283.11328125,190,190,4096,4096,4096,14.938653695979156,10.670733400969766,,,,,,,,,1,-1,0.3813242232868325,0,0,1,,,,,,1.101416826248169,0.02051682025194168,0.49533331394195557,0.007624527905136347,0.998447060585022,,,,,,,,,,,,,0.007150270044803619,0.001206068114242953,0.00020808004774153233,0.9252991450484842,0.07220250418777141,0.006180069060064852,0.013504197937436402,0.004175988764927752,0,0,0,0,,,,,1,0.59375,0,152
215,33732.310341195,1787547605.7939763,0.5234375,1.734723475976807e-18,132.60225343704224,0.27479833364486694,1,-1,0.59375,0.4266242980957031,0.0030117761343717575,1.0072526931762695,0.9940828680992126,0.9772739410400391,0,0,0.006313161458820105,0.0005565877072513103,1.0005567073822021,0.25165992975234985,0.04919314384460449,0.04893028736114502,0.00594819150865078,0.0005565877072513103,1,1,0.0005565877072513103,1,7.03125,321.75,0.005948191819016444,0.03125,0,8574.53125,0,4.708313634017631,0.1675175000528889,0.5983012842013612,20405.375,0.8818758127897308,7526,0.4927591262385249,0.7088007081312262,24268.28125,0.9453614242421231,8088.0625,0.46534326672554016,0.0073863763859540466,0.4564471714429381,15768.5,0.8371660997365875,7204.28125,3.971363842487335,0.03125,0,1.524839917448685,0.596670163757187,0,4.591291221533355,0.16784122245159933,,,,,,,,,,,,,,,,0.3203125,1913,2048,1019.94140625,1242.29296875,163,163,4096,4096,4096,14.924120908020996,10.700257929041982,,,,,,,,,1,-1,0.3253726278265821,0,0,1,,,,,,2.4001998901367188,0.02043425664305687,0.5417563915252686,0.007651633117347956,0.9984174370765686,,,,,,,,,,,,,0.053857784951105714,0.0014116278721303388,0.00022296002134680748,0.9282301239436492,0.07040805532324157,0.003857439965941012,0.012891938909888268,0.004122181336697395,0.0004779690643772483,0,0,0,,,,,1,0.5234375,0,134
216,33875.507562477,1787547750.6684794,0.54296875,8.673617379884035e-18,130.7670340538025,0.20438188314437866,1,-1,0.46875,0.42088979482650757,0.0027673812583088875,1.0048933029174805,0.9945745468139648,0.977750301361084,0,0,0.005778273101896048,0.00025043461937457323,1.0002504587173462,0.2196609079837799,0.046590376645326614,0.046186428517103195,0.005450594704598188,0.00025043461937457323,1,1,0.00025043461937457323,1,7,304.59375,0.0054505947734126165,0.03125,0,8159.53125,0,4.747930482415437,0.14861913324532272,0.5996888693679454,19469.0625,0.8827773716460929,7170.9375,0.5779725066386163,0.7042895452874312,22934.25,0.9417900113935127,7668.65625,0.4902845546603203,0.006206325589106904,0.4589388923849849,15088.21875,0.8412608241365297,6901.09375,3.069527268409729,0,0,1.520827997336767,0.5802706973140757,0,4.494943382925117,0.15501854957256575,,,,,,,,,,,,,,,,0.22265625,2003,2048,974.70703125,1152.421875,199,199,4096,4096,4096,14.3573575100163,10.33246597298421,,,,,,,,,1,-1,0.29342279866348187,0,0,1,,,,,,2.500495672225952,0.02044125460088253,0.8172855973243713,0.007655387744307518,0.9983778595924377,,,,,,,,,,,,,0.0055441990261897445,0.0012808480237254116,0.0002523699076846242,0.8423970619915053,0.06399913194627516,0.005144739057868719,0.012835258850827813,0.004086296987679816,0.0004956800257787108,0,0,0,,,,,1,0.54296875,0,139
217,34024.587550667,1787547892.9318016,0.5234375,6.071532165918825e-18,129.0303635597229,0.15998783707618713,1,-1,0.40625,0.41989943385124207,0.0024641023483127356,1.0058603286743164,0.993915855884552,0.9713912010192871,0,0,0.006439642980694771,0.0003039643634110689,1.0003039836883545,0.18020153045654297,0.033896587789058685,0.03376445546746254,0.006117825396358967,0.0003039643634110689,1,1,0.0003039643634110689,1,7.0625,301.21875,0.006117825112339799,0.03125,0,7797.65625,0,6.208629793957135,0.21143408933876745,0.5976036548338581,18562.65625,0.8794001673299403,6834.46875,0.6587243888061494,0.7048491006533255,21932.03125,0.9416334792472538,7326.09375,0.4843578599393368,0.006894061663653056,0.4536990033711068,14346.21875,0.8332225940114284,6559.25,3.2141467928886414,0.0625,0,1.5885912366021797,0.5700119545881027,0,6.611997109793398,0.22558739221032473,,,,,,,,,,,,,,,,0.25390625,2048,2048,941.1640625,1143.33203125,207,207,4096,4096,4096,14.651645462028682,10.933690567035228,,,,,,,,,0.8571428571428572,-1,0.3292694449033174,0,0,1,,,,,,0.8269510269165039,0.020136432722210884,0.46280741691589355,0.007545607164502144,0.9984616041183472,,,,,,,,,,,,,0.008119079051539302,0.0012840436506849073,0.00020811997819691896,0.8948612869717181,0.06949844186055998,0.008292049984447658,0.0713085230672732,0.004032720189115935,0,0,0,0,,,,,1,0.5234375,0,134
218,34169.819038464,1787548042.1418319,0.5859375,6.938893903907228e-18,135.76602959632874,0.2090795338153839,0.8571428656578064,-1,0.4375,0.42050766944885254,0.002680777804926038,1.0046148300170898,0.9944907426834106,0.9748549461364746,0,0,0.005898247007280588,0.00020577386021614075,1.0002058744430542,0.16678772866725922,0.04036634415388107,0.04007585346698761,0.005537704564630985,0.00020577386021614075,1,1,0.00020577386021614075,1,7.0625,266.6875,0.0055377049731765915,0.03125,0,7529.3125,0,4.29510181338724,0.20172291864550757,0.5971707485377793,17909.6875,0.8801290521060632,6606.59375,0.40860904939472675,0.7061957700917074,21229.375,0.9429976927246717,7088.625,0.46708398312330246,0.006370076840579118,0.45266607821445715,13764.84375,0.8336969167490375,6324.5625,2.962099313735962,0.09375,0,1.5559072645099434,0.6509413088652466,0,4.172425831836067,0.20668477609064678,,,,,,,,,,,,,,,,0.26171875,2048,2048,1035.3828125,1252.86328125,245,245,4096,4096,4096,15.18587048293557,10.03225081099663,,,,,,,,,1,-1,0.41802499681141514,0,0,1,,,,,,3.407524824142456,0.019840102642774582,0.7942168712615967,0.007453140337020159,0.9984222650527954,,,,,,,,,,,,,0.0057385299587622285,0.001182581775537983,0.00022365106269717216,0.9806535490788519,0.07587296588280878,0.007658948889002204,0.016473649069666862,0.004684622501827107,0,0,0,0,,,,,1,0.5859375,0,150
219,34316.957748307,1787548187.6876543,0.515625,6.938893903907228e-18,131.9073076248169,0.3303532600402832,1,-1,0.6875,0.4099521040916443,0.004055206663906574,1.003366470336914,0.9939589500427246,0.9766530990600586,0,0,0.006230407860130072,0.0005605330225080252,1.0005606412887573,0.25516605377197266,0.03770068660378456,0.03754092752933502,0.006070144474506378,0.0005605330225080252,1,1,0.0005605330225080252,1,7.0625,296.46875,0.00607014476068517,0.03125,0,8283.0625,0,4.974117154026034,0.14754594448794647,0.5925976972399154,19595.125,0.8736814692473736,7225.96875,0.6582991066388786,0.7080213040847896,23427.375,0.9415237994001197,7790.03125,0.4572358075529337,0.006984885074745298,0.4529395324029649,15113.3125,0.8333788541018281,6941.3125,3.50097519159317,0.0625,0,1.5973460230368541,0.5769440325539956,0,4.831087723181319,0.14174068987942035,,,,,,,,,,,,,,,,0.21875,1830,2048,1007.65234375,1212.03515625,159,159,4096,4096,4096,14.650042852968909,10.390446368022822,,,,,,,,,1,-1,0.3912303982179758,0,0,1,,,,,,1.7622647285461426,0.020373044535517693,0.6053589582443237,0.00763934338465333,0.9984045028686523,,,,,,,,,,,,,0.007642889977432787,0.001326186159531062,0.00022417004220187664,0.8597572699654847,0.07045808132033926,0.005425999988801777,0.016673848032951355,0.005212598765410803,0.0006216700421646237,0,0,0,,,,,1,0.515625,0,132
220,34458.333016707,1787548335.4968095,0.609375,6.938893903907228e-18,133.61227703094482,0.2705379128456116,1,-1,0.59375,0.4159182012081146,0.004760299809277058,1.0042610168457031,0.9934422969818115,0.9768095016479492,0,0,0.006809921003878117,0.0004233818035572767,1.0004234313964844,0.2481466382741928,0.026220878586173058,0.0256971288472414,0.006592323072254658,0.0004233818035572767,1,1,0.0004233818035572767,1,7.0625,321.34375,0.006592323243858063,0.03125,0,8061.21875,0,5.540146675143231,0.11813837827197152,0.5965852003502026,19146.34375,0.8773403258563219,7045.4375,0.5010840687900782,0.7026508925066579,22610.09375,0.9387849845711678,7551.03125,0.4615459144115448,0.006911605730779311,0.46163943036080385,14931.25,0.8419066322064527,6808.40625,3.009820342063904,0.0625,0,1.6606621304074556,0.6224513663985687,0,5.591279262871939,0.11725959744860878,,,,,,,,,,,,,,,,0.19921875,2048,2048,935.72265625,1133.5390625,128,128,4096,4096,4096,14.472592670004815,10.54037980409339,,,,,,,,,1,-1,0.34069257193462343,0,0,1,,,,,,0.9876823425292969,0.02015637420117855,0.45208001136779785,0.007629370782524347,0.9984021186828613,,,,,,,,,,,,,0.007692068931646645,0.0012004041445834446,0.00019524001982063055,0.8509830209659413,0.0647573716532861,0.006008340045809746,0.010242580203339458,0.0038693081019118836,0,0,0,0,,,,,1,0.609375,0,156
221,34606.018934781,1787548475.699266,0.73046875,2.6020852139652106e-18,126.97489285469055,0.22602492570877075,1,-1,0.5,0.4147665500640869,0.0026214001700282097,1.0029401779174805,0.9951304197311401,0.9729170799255371,0,0,0.005202847067266703,0.0002927070017904043,1.0002927780151367,0.16956748068332672,0.036458954215049744,0.036247238516807556,0.004891952499747276,0.0002927070017904043,1,1,0.0002927070017904043,1,7,254.84375,0.0048919523436884,0.03125,0,7485.78125,0,4.43359369935558,0.23879402058022225,0.5869348139872519,17525.15625,0.8647362034677837,6466.53125,0.4032311961054802,0.70169560447193,20984.84375,0.9330946333828178,6983.71875,0.4712820444256067,0.005585585064737657,0.44389201994213745,13532.9375,0.8165038294538225,6197.96875,2.8646156787872314,0,0,1.5255943179249196,0.6339113448148318,0,4.182072538429528,0.2436662571465738,,,,,,,,,,,,,,,,0.13671875,2048,2048,844.390625,987.20703125,148,148,4096,4096,4096,12.747412378899753,11.006937250960618,,,,,,,,,1,-1,0.29987242185261903,0,0,1,,,,,,0.6103878021240234,0.020732620730996132,0.3142530918121338,0.007813138887286186,0.998369038105011,,,,,,,,,,,,,0.007408999023027718,0.0013216486786404857,0.0002233400009572506,0.9473748320015147,0.0669710648248838,0.004834229010157287,0.013747300137765706,0.0038525566988028004,0,0,0,0,,,,,1,0.73046875,0,187
222,34742.031106196,1787548624.4191043,0.62890625,-4.336808689942018e-18,134.56625390052795,0.1778116375207901,1,-1,0.46875,0.41268855333328247,0.002139305230230093,1.0052337646484375,0.9952006340026855,0.9782233238220215,0,0,0.005341769196093082,0.00021537765860557556,1.0002154111862183,0.18337202072143555,0.041541218757629395,0.041249681264162064,0.004821982700377703,0.00021537765860557556,1,1,0.00021537765860557556,1,7,246.03125,0.004821982698810115,0.03125,0,6755.125,0,5.72423433910756,0.26371275578452774,0.586856049819901,15732.21875,0.8640638614290942,5803,0.39090119395405054,0.6985133297808581,18840.65625,0.9301503095088353,6269.5625,0.4894619844853878,0.005438653089911652,0.4455865850172762,12193,0.8160389013419238,5551.53125,2.4788204431533813,0,0,1.5178929806176553,0.6478445964123636,0,5.848720367702677,0.26523282714153645,,,,,,,,,,,,,,,,0.2109375,1961,2048,971.734375,1174.12890625,201,201,4096,4096,4096,15.092455912963487,10.054619899019599,,,,,,,,,1,-1,0.3282995769794685,0,0,1,,,,,,2.7313270568847656,0.02051708847284317,0.5005061626434326,0.007695607375353575,0.9983735084533691,,,,,,,,,,,,,0.007548530003987253,0.001291380634484085,0.00021273002494126558,0.8256871739868075,0.05511248600168983,0.004256509942933917,0.06062909495085478,0.0050511833937889605,0.0006493598921224475,0,0,0,,,,,1,0.62890625,0,161
223,34874.736738377,1787548759.454207,0.6328125,-5.204170427930421e-18,121.80684924125671,0.19927430152893066,1,-1,0.46875,0.4063846468925476,0.003607336897403002,1.0071296691894531,0.9936400651931763,0.977637767791748,0,0,0.006626715883612633,0.00036286446265876293,1.0003628730773926,0.1810031533241272,0.028291072696447372,0.028070932254195213,0.0063920896500349045,0.00036286446265876293,1,1,0.00036286446265876293,1,7.03125,300.34375,0.006392089689741882,0.03125,0,7773.875,0,5.092873392787851,0.17917370428125762,0.5813030260341278,17996,0.8558510786003117,6634.84375,0.6237150011584163,0.6941382051636941,21571.75,0.9237648321697879,7176.5625,0.48001888766884804,0.00710795672460664,0.4463842449826073,14010.78125,0.8147245105417764,6371.46875,3.3313775062561035,0.03125,0,1.5656086323119367,0.5775088843115612,0,4.942504422071559,0.17517794721617622,,,,,,,,,,,,,,,,0.15234375,1849,2048,808.53515625,964.76171875,151,151,4096,4096,4096,12.360431486042216,11.08894235396292,,,,,,,,,1,-1,0.33120066055341796,0,0,1,,,,,,1.215214490890503,0.021100163459777832,0.3022794723510742,0.007928142324090004,0.9983447194099426,,,,,,,,,,,,,0.005491739953868091,0.001154092095021042,0.00023048999719321728,0.8988584869075567,0.07229529636515508,0.007924829027615488,0.015351367997936904,0.0036211464102962054,0.00047083001118153334,0,0,0,,,,,1,0.6328125,0,162
224,35012.237277173,1787548892.352143,0.69921875,-3.469446951953614e-18,119.55664205551147,0.20986339449882507,1,-1,0.46875,0.41558265686035156,0.0036273279692977667,1.0066184997558594,0.9949591159820557,0.9770522117614746,0,0,0.005641191266477108,0.00033828720916062593,1.0003383159637451,0.19120818376541138,0.020843958482146263,0.020721666514873505,0.0050675515085458755,0.00033828720916062593,1,1,0.00033828720916062593,1,7,232.40625,0.005067551450381683,0.03125,0,6468.28125,0,6.170673741263579,0.2257174670815898,0.5832353213705026,14964.25,0.8576746067959469,5516.15625,0.41392343025654554,0.6912476437310309,17876.0625,0.9216161052562287,5953.71875,0.45855782739818096,0.006144656962562242,0.4435214717055003,11597.90625,0.8099119623256075,5268.0625,2.775237023830414,0,0,1.5300134056786239,0.6393837928867782,0,5.980638134954088,0.22645887047423457,,,,,,,,,,,,,,,,0.19140625,1841,2048,800.86328125,949.37890625,182,182,4096,4096,4096,12.396455502021126,10.084135606070049,,,,,,,,,0.7142857142857143,-1,0.263657554647025,0,0,1,,,,,,2.971182346343994,0.02100374922156334,0.5813000202178955,0.007911327295005322,0.9983162879943848,,,,,,,,,,,,,0.006106760003603995,0.0012592163484441699,0.00021844892762601376,0.8135151149472222,0.0700977287879141,0.00637951900716871,0.07092951412778348,0.003319245465718268,0.0005479400279000401,0,0,0,,,,,1,0.69921875,0,179
225,35154.502744349,1787549030.3396108,0.56640625,1.214306433183765e-17,124.1261579990387,0.14149338006973267,0.7142857313156128,-1,0.3125,0.4077315926551819,0.0022894081193953753,1.007033348083496,0.994875431060791,0.9725265502929688,0,0,0.005610491149127483,0.00014206429477781057,1.0001420974731445,0.08199775964021683,0.027716832235455513,0.02720213495194912,0.005153028294444084,0.00014206429477781057,1,1,0.00014206429477781057,1,7.03125,215.125,0.005153028613121766,0.03125,0,6406.90625,0,6.020731098609772,0.2585626560274831,0.581816442864604,14839.96875,0.8556695153448319,5466.15625,0.6621456551365554,0.6926114529571405,17743.125,0.9216970850945235,5901.8125,0.46555184945464134,0.005927797167583049,0.436510815775804,11379.5625,0.8004602605877762,5190.03125,2.8767426013946533,0.03125,0,1.5118943210264195,0.5651749210877045,0,5.709895033292646,0.26917305988409473,,,,,,,,,,,,,,,,0.25390625,1883,2048,965.41796875,1125.390625,239,239,4096,4096,4096,14.086984155932441,10.296864946954884,,,,,,,,,1,-1,0.2912411862553588,0,0,1,,,,,,2.4106831550598145,0.021164514124393463,0.28072428703308105,0.007978043518960476,0.9983335137367249,,,,,,,,,,,,,0.005412449943833053,0.0011054665587835188,0.00019592896569520235,0.8565227909712121,0.07577949806363904,0.00455900002270937,0.011812259908765554,0.0033398186546946818,0.00045630999375134706,0,0,0,,,,,1,0.56640625,0,145
226,35300.427874527,1787549173.0821989,0.58984375,3.469446951953614e-18,128.36041045188904,0.1692807376384735,1,-1,0.375,0.4202902913093567,0.0030157030560076237,1.0051078796386719,0.9947208166122437,0.9770994186401367,0,0,0.005624660290777683,0.00019451358821243048,1.0001945495605469,0.1416555643081665,0.03269077092409134,0.03220902755856514,0.005306198261678219,0.00019451358821243048,1,1,0.00019451358821243048,1,7.0625,254.0625,0.0053061978614230895,0.03125,0,7723.34375,0,5.2070228263501726,0.14053286794842001,0.5839256105210542,17973.59375,0.8578605800607253,6610.84375,0.5091453427448869,0.6954973476638834,21465.96875,0.925539784876398,7141.78125,0.4769132789224386,0.0063124179819678446,0.4449443545742201,13833.5625,0.8123750746950396,6305.1875,3.1251630187034607,0.0625,0,1.5740813150219681,0.5841373468214316,0,5.126022562035669,0.13883169019250946,,,,,,,,,,,,,,,,0.26953125,1938,2048,910.34765625,1078.34765625,227,227,4096,4096,4096,13.386508651077747,10.827210726914927,,,,,,,,,1,-1,0.24614372771589682,0,0,1,,,,,,1.6254982948303223,0.021066738292574883,0.5077345371246338,0.007959107868373394,0.9983489513397217,,,,,,,,,,,,,0.006961640086956322,0.0012707225719168491,0.00019427994266152382,0.8959545770194381,0.05838095173567126,0.003973759012296796,0.01287054899148643,0.003465539201897627,0.000636169919744134,0,0,0,,,,,1,0.58984375,0,151
227,35441.694730338,1787549317.8182206,0.51953125,5.204170427930421e-18,131.53602075576782,0.11078836023807526,1,-1,0.25,0.41595518589019775,0.0026122743729501963,1.0055036544799805,0.9945446252822876,0.9728045463562012,0,0,0.005808648653328419,7.004896178841591e-05,1.0000699758529663,0.12557539343833923,0.017569880932569504,0.0172807015478611,0.005484803579747677,7.004896178841591e-05,1,1,7.004896178841591e-05,1,7.0625,244.78125,0.005484803956812371,0.03125,0,7282.78125,0,4.848368459836836,0.20639622718897757,0.5848741554337594,16963.8125,0.8600951353991131,6246.90625,0.46294364240020514,0.6948715214248276,20239.09375,0.9263135301621268,6743.125,0.4552015960216522,0.006302600663764891,0.4431343601668947,13039.875,0.8114428737894819,5947.21875,3.233098030090332,0.0625,0,1.5306282681437557,0.6335425170908874,0,4.917185586346434,0.21533795547954498,,,,,,,,,,,,,,,,0.29296875,1993,2048,1053.1796875,1248.40625,253,253,4096,4096,4096,14.67216534097679,11.184007764910348,,,,,,,,,0.8571428571428572,-1,0.3144074439581966,0,0,1,,,,,,1.1511294841766357,0.02137628383934498,0.4062535762786865,0.008002490736544132,0.998369574546814,,,,,,,,,,,,,0.005682550021447241,0.001196411607452319,0.0002184499753639102,0.8903369880281389,0.06872582003961725,0.004475490073673427,0.010638097883202136,0.003673044640891021,0.00049653893802315,0,0,0,,,,,1,0.51953125,0,133
228,35582.14240936,1787549458.9544914,0.7109375,3.469446951953614e-18,128.1445276737213,0.19152304530143738,0.8571428656578064,-1,0.4375,0.42589235305786133,0.0025691245682537556,1.0049381256103516,0.9941571354866028,0.9669265747070312,0,0,0.006153848022222519,0.0002665040083229542,1.0002665519714355,0.1442488133907318,0.043676700443029404,0.043170444667339325,0.005873850081115961,0.0002665040083229542,1,1,0.0002665040083229542,1,7.15625,299.75,0.005873850172373759,0.03125,0,8425.4375,0,5.607278394651106,0.13973840235501067,0.5880137315361729,19765.6875,0.8654384135951337,7282.625,0.5707184127531946,0.699460357338856,23581.125,0.9324624568577471,7859.59375,0.5347088761627674,0.007592889087338489,0.4496920703863729,15259.78125,0.818786552317751,6933.25,3.771859586238861,0.1875,0,1.659531251103007,0.6106992993747087,0,5.77941521875601,0.14030896931422462,,,,,,,,,,,,,,,,0.1875,1938,2048,955.2890625,1096.21875,233,233,4096,4096,4096,13.912238180986606,10.093746394966729,,,,,,,,,1,-1,0.2879377767249482,0,0,1,,,,,,1.868717908859253,0.02139871008694172,0.7498681545257568,0.008080663159489632,0.9983111619949341,,,,,,,,,,,,,0.008118170080706477,0.0012893904909105913,0.0002261999761685729,0.8307297320570797,0.07708130404535041,0.005190119962207973,0.012746938853524625,0.00363860711649977,0.00043050001841038465,0,0,0,,,,,1,0.7109375,0,182
229,35726.234973569,1787549600.3820355,0.71484375,0,127.36726784706116,0.14820949733257294,1,-1,0.375,0.41847389936447144,0.0017227916978299618,1.0057916641235352,0.9955037832260132,0.9783763885498047,0,0,0.004947197157889605,0.00026536546647548676,1.0002654790878296,0.15085478127002716,0.00106141553260386,0.0010404062923043966,0.004517012741416693,0.00026536546647548676,1,1,0.00026536546647548676,1,6.96875,260.59375,0.004517012834006261,0.03125,0,7642.3125,0,4.5388769106201545,0.2547748800013898,0.5875880612642949,17915.09375,0.8640556499882135,6602.03125,0.5469699688255787,0.6982886477449954,21357.375,0.92994216161366,7114.15625,0.4572007991373539,0.005528910659933966,0.4440045288123865,13825.71875,0.812469474204169,6287.25,2.8482099175453186,0,0,1.5674320859618645,0.5849581075847403,0,4.346863468284914,0.2613299057340518,,,,,,,,,,,,,,,,0.1640625,2048,2048,888.10546875,1032.91796875,227,227,4096,4096,4096,13.25299546297174,10.016787662054412,,,,,,,,,1,-1,0.28007834180996644,0,0,1,,,,,,1.9772522449493408,0.021516118198633194,0.535607099533081,0.008099480532109737,0.9983108639717102,,,,,,,,,,,,,0.006959159974940121,0.0011147738237013982,0.00019700999837368727,0.8999955259496346,0.06684756418553661,0.005144970025867224,0.010580189060419798,0.003360986251209397,0,0,0,0,,,,,1,0.71484375,0,183
230,35874.08463798,1787549744.272995,0.74609375,6.938893903907228e-18,129.93426394462585,0.16561861336231232,1,-1,0.375,0.4230092167854309,0.0022465363144874573,1.006331443786621,0.994784414768219,0.9735212326049805,0,0,0.005748003721237183,0.00012766942381858826,1.0001276731491089,0.14321701228618622,0.050787802785634995,0.05032774806022644,0.005243501625955105,0.00012766942381858826,1,1,0.00012766942381858826,1,7,227.1875,0.005243501573448886,0.03125,0,7104.84375,0,3.5193207966142,0.20220639075500657,0.5849592753720187,16628,0.8616528775986991,6127.53125,0.5563194334099535,0.702954410623481,19955.65625,0.9341796543146432,6637.96875,0.46949855610728264,0.006127571472452591,0.4427586052479017,12755.71875,0.8070960591996785,5796.71875,3.0645467042922974,0,0,1.5548841509536047,0.5656779331289752,0,3.4226874540114576,0.19727042664540873,,,,,,,,,,,,,,,,0.1328125,1787,2048,972.8203125,1152.46484375,256,256,4096,4096,4096,14.285321337985806,10.854896595003083,,,,,,,,,0.8571428571428572,-1,0.2660654361741311,0,0,1,,,,,,8.467951774597168,0.022164955735206604,0.6306667923927307,0.008303660899400711,0.9983097314834595,,,,,,,,,,,,,0.006615020101889968,0.001252835566901922,0.00017747993115335703,1.0008388069691136,0.07007052116250634,0.002972780028358102,0.018376418040134013,0.0042110629069611605,0.0006563200149685144,0,0,0,,,,,1,0.74609375,0,191
231,36020.348860408,1787549892.7583373,0.5859375,0,134.07630276679993,0.13151328265666962,0.8571428656578064,-1,0.28125,0.4315135180950165,0.0025397096760571003,1.0051298141479492,0.994303822517395,0.9744811058044434,0,0,0.006064517889171839,0.0002483115531504154,1.0002483129501343,0.08959841728210449,-0.007792165502905846,-0.0076959989964962006,0.005725948140025139,0.0002483115531504154,1,1,0.0002483115531504154,1,7.0625,262.34375,0.005725948171666319,0.03125,0,7782.5625,0,4.673377033843709,0.14254692793486629,0.5924342441279731,18389.40625,0.8710842135640202,6765.75,0.7654914129525423,0.7018185104695526,21825.53125,0.9369232303821247,7285.4375,0.47081784531474113,0.00687112168463019,0.45463051392013787,14299.6875,0.8263057972083434,6472.03125,3.6799582839012146,0.09375,0,1.5672845845171652,0.5818366962280933,0,4.748853813892606,0.14761377156859976,,,,,,,,,,,,,,,,0.23828125,2048,2048,1020.69921875,1200.92578125,196,196,4096,4096,4096,14.992061923025176,10.661401293007657,,,,,,,,,1,-1,0.3462628469583092,0,0,1,,,,,,2.2423996925354004,0.021528378129005432,0.430081307888031,0.008078143000602722,0.9983458518981934,,,,,,,,,,,,,0.006729838903993368,0.001251288578259846,0.00022083998192101717,0.8276370130479336,0.06561102018031306,0.0030115899862721562,0.010961588937789202,0.0036756964259438973,0,0,0,0,,,,,1,0.5859375,0,150
232,36165.14971688,1787550038.3068104,0.60546875,1.3877787807814457e-17,131.7005386352539,0.23667854070663452,1,-1,0.53125,0.4295247197151184,0.0034111146815121174,1.006195068359375,0.9942631721496582,0.9683752059936523,0,0,0.006109011359512806,0.00033441814593970776,1.0003345012664795,0.14075087010860443,0.027479393407702446,0.027183860540390015,0.005767832510173321,0.00033441814593970776,1,1,0.00033441814593970776,1,7.09375,275,0.0057678326040497335,0.03125,0,8165.59375,0,6.255423491814726,0.09984286736708897,0.5828611299235917,19048.15625,0.8603875394669775,7038.53125,0.5580833256244659,0.7057238617570136,23109.9375,0.9352594318998589,7658.375,0.4927187357097864,0.0068646292833362665,0.44511496978529697,14645.375,0.8062790588618634,6629.3125,3.4173325300216675,0.125,0,1.687936770265399,0.5968690074118276,0,6.340241179902996,0.10575706518788669,,,,,,,,,,,,,,,,0.234375,2048,2048,1022.0078125,1194.07421875,220,220,4096,4096,4096,14.724967067013495,11.43644126097206,,,,,,,,,1,-0.8571428571428571,0.3453407072466735,0,0,1,,,,,,1.6609349250793457,0.022328253835439682,0.5988030433654785,0.008382990956306458,0.998293399810791,,,,,,,,,,,,,0.008101008948870003,0.001269362981474842,0.00020692998077720404,0.9758477100403979,0.07713145565730883,0.004295079968869686,0.011421718052588403,0.003966158560160693,0,0,0,0,,,,,1,0.60546875,0,155
233,36311.203059096,1787550183.26018,0.63671875,-8.673617379884035e-18,131.08167362213135,0.2105875164270401,1,-0.8571428656578064,0.4375,0.43787872791290283,0.0036114652175456285,1.0048112869262695,0.9930533170700073,0.9691352844238281,0,0,0.007285060361027718,0.0006262926617637277,1.0006264448165894,0.2053757905960083,0.007648896425962448,0.007483453489840031,0.006990720517933369,0.0006262926617637277,1,1,0.0006262926617637277,1,7.0625,336.75,0.0069907200210710665,0.03125,0,8176.0625,0,7.284866128030371,0.14953712267679936,0.5968848020445813,19422.46875,0.8759874658441007,7143.8125,0.5318731591105461,0.7027594407861542,23011.40625,0.9391413925314676,7681.65625,0.5241659693419933,0.009217268306099334,0.4633331693552017,15252.3125,0.8358193441236388,6859.6875,3.704630523920059,0.0625,0,1.62346637157885,0.5899130409414587,0,7.183089780800352,0.15342449782763365,,,,,,,,,,,,,,,,0.17578125,2048,2048,978.01171875,1129.89453125,175,175,4096,4096,4096,15.073085734969936,10.572060542064719,,,,,,,,,1,-1,0.34901464795878684,0,0,1,,,,,,1.2938520908355713,0.02244766429066658,0.3289031982421875,0.008397120982408524,0.9983046054840088,,,,,,,,,,,,,0.005341809941455722,0.0010318338195247634,0.00016936007887125015,0.8539877999573946,0.07087804983166279,0.006527269026264548,0.011691159917972982,0.003225826093057549,0,0,0,0,,,,,1,0.63671875,0,163
234,36443.114815449,1787550329.0099447,0.60546875,1.734723475976807e-18,132.1177201271057,0.22162240743637085,1,-1,0.53125,0.44234874844551086,0.0032704847399145365,1.0048398971557617,0.9927945137023926,0.9594502449035645,0,0,0.007667951751500368,0.0006377182435244322,1.0006378889083862,0.18012195825576782,0.017928095534443855,0.01738106645643711,0.007255363743752241,0.0006377182435244322,1,1,0.0006377182435244322,1,7.0625,303.625,0.007255363832203139,0.03125,0,7824.09375,0,6.377489519874541,0.11380078163011406,0.596883975958681,18595.6875,0.8780034606274846,6848.875,0.5009052995592356,0.707715259711934,22198.1875,0.9436764057880256,7389.625,0.5226780287921429,0.0093249695260937,0.4612587154571177,14492.625,0.8325911057157338,6525.875,4.114919662475586,0.09375,0,1.6476986205284545,0.6166276212971283,0,6.266956372229174,0.12026254276434535,,,,,,,,,,,,,,,,0.23828125,2048,2048,963.640625,1138.0390625,219,219,4096,4096,4096,14.710525587084703,10.906273670028895,,,,,,,,,1,-1,0.30826208038628694,0,0,1,,,,,,1.3858709335327148,0.022952774539589882,0.3937382698059082,0.008652212098240852,0.998232364654541,,,,,,,,,,,,,0.008732918999157846,0.0013471953679982107,0.000225240015424788,0.90994249493815,0.06095994019733553,0.002698248950764537,0.013619198929518461,0.003957247709877265,0,0,0,0,,,,,1,0.60546875,0,155
235,36582.098412197,1787550461.763377,0.68359375,3.0357660829594124e-18,118.95349931716919,0.18732057511806488,1,-1,0.4375,0.44707176089286804,0.0029702060855925083,1.0046424865722656,0.9929700493812561,0.9737834930419922,0,0,0.007489543873816729,0.0005130630452185869,1.0005131959915161,0.1622718870639801,0.021422311663627625,0.02091032825410366,0.0070744408294558525,0.0005130630452185869,1,1,0.0005130630452185869,1,7.09375,327.0625,0.00707444121304265,0.03125,0,7709.125,0,9.50295389056584,0.19503815504424288,0.6004972814460623,18499.9375,0.8805630405828928,6788.21875,0.5527481567114592,0.7063045908607914,21781.03125,0.9425288229030777,7271.03125,0.48838627338409424,0.008582673782469106,0.46528335234297685,14573.9375,0.8374385243058549,6528.3125,3.2900717854499817,0.09375,0,1.6497527638282685,0.5954046438434066,0,8.88103712218874,0.20035306952560028,,,,,,,,,,,,,,,,0.09765625,1887,2048,724.47265625,838.4765625,175,175,4096,4096,4096,12.186829301062971,10.452601721975952,,,,,,,,,0.8571428571428572,-1,0.25379768577771245,0,0,1,,,,,,1.2168126106262207,0.02345665916800499,0.28652119636535645,0.008909299038350582,0.9981465935707092,,,,,,,,,,,,,0.006720589008182287,0.0013359937984205317,0.00018510897643864155,0.8489430710906163,0.06462746438546674,0.003625120036303997,0.010665369220077991,0.003039360420189041,0.0005085100419819355,0,0,0,,,,,1,0.68359375,0,175
236,36724.834307244,1787550600.9931214,0.63671875,1.734723475976807e-18,124.48952651023865,0.12962645292282104,0.8571428656578064,-1,0.28125,0.45187604427337646,0.0033115434926003218,1.0055112838745117,0.9938523769378662,0.9725446701049805,0,0,0.006666987203061581,0.00039625843055546284,1.0003963708877563,0.09419864416122437,0.01094835251569748,0.010780159384012222,0.0061841560527682304,0.00039625843055546284,1,1,0.00039625843055546284,1,7.0625,212.40625,0.006184156467017822,0.03125,0,5795.78125,0,14.886306824620494,0.23836234519702004,0.6042711175655704,13958.28125,0.8842639091309609,5117.1875,0.460609482601285,0.7045537348746301,16347.40625,0.9431157640148732,5466.34375,0.48393928818404675,0.0067863273488662544,0.4626986243038297,10859.0625,0.8356894243820102,4874.15625,2.721971273422241,0.0625,0,1.5830716318545908,0.612529658953868,0,13.679445458660599,0.25330963363306325,,,,,,,,,,,,,,,,0.20703125,1913,2048,879.09375,1063.75,160,160,4096,4096,4096,12.826849621953443,10.817335418076254,,,,,,,,,1,-1,0.3123724229381411,0,0,1,,,,,,4.01209020614624,0.02274360880255699,0.8980647325515747,0.008546191267669201,0.9982675909996033,,,,,,,,,,,,,0.008683408959768713,0.0010593023384899425,0.00021636998280882835,0.9260916040511802,0.06906874298920229,0.0051770389545708895,0.010668769013136625,0.0032308158924934105,0.0005870899185538292,0,0,0,,,,,1,0.63671875,0,163
237,36869.965227233,1787550742.9047499,0.7109375,6.071532165918825e-18,128.0121922492981,0.185876727104187,1,-1,0.40625,0.44612693786621094,0.0034278850071132183,1.004873275756836,0.9934179782867432,0.9739928245544434,0,0,0.007229756563901901,0.0005610368680208921,1.0005611181259155,0.13296978175640106,0.015464624390006065,0.015405089594423771,0.0066222259774804115,0.0005610368680208921,1,1,0.0005610368680208921,1,7,292.46875,0.006622226292375603,0.03125,0,7032.75,0,8.688821602584095,0.1864416877998694,0.6028788119066071,16876.46875,0.8839592929842905,6201.84375,0.550539912423119,0.7068987762321164,19898.65625,0.9456838411168151,6650,0.49971890076994896,0.00765667033035084,0.4663668708785199,13291.34375,0.8394739359129124,5950.03125,3.421206474304199,0,0,1.5110012433903077,0.6024334943548192,0,8.498052099960361,0.19103955243299617,,,,,,,,,,,,,,,,0.203125,1883,2048,826.3046875,975.125,170,170,4096,4096,4096,12.997118596918881,11.529260292067192,,,,,,,,,0.8571428571428572,-1,0.2966651379613598,0,0,1,,,,,,1.303184151649475,0.02299751527607441,0.5048139095306396,0.008655041456222534,0.9982062578201294,,,,,,,,,,,,,0.00487162999343127,0.0013260419705147797,0.0002134100068360567,0.8955247669946402,0.057144987928950286,0.0052112400298938155,0.01246415893547237,0.0035759597317337466,0.0004934699973091483,0,0,0,,,,,1,0.7109375,0,182
238,37013.181850378,1787550887.9747553,0.65234375,2.6020852139652106e-18,131.21419858932495,0.16753864288330078,0.8571428656578064,-1,0.40625,0.4424128532409668,0.0032505469862371683,1.005122184753418,0.9927882552146912,0.9745988845825195,0,0,0.007720487657934427,0.0004858339671045542,1.000485897064209,0.1516917496919632,0.02942321076989174,0.029036685824394226,0.007259729318320751,0.0004858339671045542,1,1,0.0004858339671045542,1,7.0625,295.375,0.007259729411256047,0.03125,0,6610.4375,0,6.559436154188529,0.19810922160701322,0.6043199706883766,15872.1875,0.8826883129488394,5812.9375,0.48495015408843756,0.7033913835555168,18589.1875,0.9422590397785413,6220.625,0.4717806540429592,0.00846682725231616,0.46967403319066425,12518.21875,0.8439795595899506,5602.03125,3.469943583011627,0.15625,0,1.6181419607715322,0.6020633173047689,0,5.774655621668089,0.19973978303823242,,,,,,,,,,,,,,,,0.1796875,2048,2048,921.15234375,1075.47265625,179,179,4096,4096,4096,13.449256234918721,10.774528021924198,,,,,,,,,1,-1,0.29987242185261903,0,0,1,,,,,,2.2368977069854736,0.022146442905068398,0.6575296521186829,0.008448377251625061,0.9981706738471985,,,,,,,,,,,,,0.0061904400354251266,0.0011752927721317974,0.00018428009934723377,0.9133115250151604,0.07960292301731897,0.009888189029879868,0.014181858045049012,0.0037595803323711152,0,0,0,0,,,,,1,0.65234375,0,167
239,37151.014517682,1787551030.6816838,0.53125,1.0408340855860843e-17,129.3640124797821,0.18402206897735596,1,-1,0.4375,0.42570048570632935,0.0027710488066077232,1.005218505859375,0.9937315583229065,0.9775853157043457,0,0,0.006696152500808239,0.0004447053652256727,1.000444769859314,0.1635105013847351,0.036187898367643356,0.03594962880015373,0.006304294802248478,0.0004447053652256727,1,1,0.0004447053652256727,1,7.09375,319,0.006304294398536497,0.03125,0,7369.21875,0,12.346121699100701,0.18335008570140326,0.5962984563948719,17420.3125,0.8742170682704808,6399.34375,0.580245160497725,0.7032519988517225,20711.03125,0.9387393263046196,6898.96875,0.47976240143179893,0.007857106308467938,0.4610002773423429,13702.9375,0.8333052532883531,6144.71875,3.6018781065940857,0.125,0,1.6006274793925033,0.5779413395927748,0,11.3654081667955,0.19664566317883003,,,,,,,,,,,,,,,,0.21484375,2048,2048,902.45703125,1082.01171875,162,162,4096,4096,4096,14.270298628951423,10.516515686060302,,,,,,,,,1,-1,0.3030457633656632,0,0,1,,,,,,1.5852409601211548,0.022320544347167015,0.6412898302078247,0.008496508002281189,0.9981876015663147,,,,,,,,,,,,,0.005135128973051906,0.0012248838297637121,0.0002557099796831608,0.9283956439467147,0.0662947498954054,0.008006658987142146,0.012235429021529853,0.003782045841035142,0,0,0,0,,,,,1,0.53125,0,136
240,37296.347565788,1787551168.7545247,0.60546875,1.734723475976807e-17,124.51340961456299,0.16951778531074524,1,-1,0.40625,0.42324554920196533,0.003183899214491248,1.0054817199707031,0.9936394691467285,0.9720830917358398,0,0,0.006807228084653616,0.0004058701451867819,1.0004059076309204,0.18566645681858063,0.007363590411841869,0.006991817615926266,0.006397729739546776,0.0004058701451867819,1,1,0.0004058701451867819,1,7.09375,293.3125,0.006397729744513396,0.03125,0,7219.65625,0,6.637652810408187,0.17530586502669776,0.5983805761342315,17218.34375,0.8756340974645451,6312.8125,0.5690627507865429,0.7023463798711199,20278.71875,0.9388012625524993,6775.375,0.503112668171525,0.00753697073450835,0.46306207331300464,13536.6875,0.8367961494781754,6082.1875,3.490052580833435,0.09375,0,1.6952207627684301,0.5672059638245234,0,6.675572499004356,0.17601578424184622,,,,,,,,,,,,,,,,0.1171875,2048,2048,751.77734375,909.93359375,155,155,4096,4096,4096,12.20954737905413,10.13891929097008,,,,,,,,,1,-1,0.3243911093675884,0,0,1,,,,,,1.6437854766845703,0.021988479420542717,0.39381223917007446,0.008496907539665699,0.9981722235679626,,,,,,,,,,,,,0.00577408995013684,0.0012015005440844106,0.00020747107919305563,0.8989495469722897,0.07005627963462757,0.005822980077937245,0.011525140143930912,0.0034852225376198476,0,0,0,0,,,,,1,0.60546875,0,155
241,37443.532828318,1787551314.4242578,0.6171875,1.474514954580286e-17,131.83112454414368,0.20613910257816315,1,-1,0.5,0.4139277935028076,0.0036645177751779556,1.0065155029296875,0.993573784828186,0.9749488830566406,0,0,0.006843484938144684,0.0004496900364756584,1.000449776649475,0.22905226051807404,0.04240778833627701,0.04173610359430313,0.0064635262824594975,0.0004496900364756584,1,1,0.0004496900364756584,1,7,244.28125,0.00646352622555243,0.03125,0,6014.21875,0,4.493323431523403,0.23059127211790237,0.5961878444507152,14262.375,0.8716210159157132,5230.75,0.43344884319230914,0.6978849318242708,16828.46875,0.9333927050878252,5621.8125,0.4707383904606104,0.006816537182579232,0.45679750075998043,11143.53125,0.829753898513329,5028.96875,2.6553775668144226,0,0,1.5237296287745716,0.5961151290240995,0,4.294045743038739,0.22911254440433634,,,,,,,,,,,,,,,,0.13671875,2048,2048,826.43359375,984.9921875,159,159,4096,4096,4096,14.044266559998505,10.384404928074218,,,,,,,,,1,-1,0.3589241293257461,0,0,1,,,,,,1.5122995376586914,0.022236790508031845,0.47890758514404297,0.008507873862981796,0.9981096982955933,,,,,,,,,,,,,0.00803022994659841,0.0012162590296611597,0.00018130999524146318,0.8481031119590625,0.07450527716491706,0.0037909989478066564,0.01559460791759193,0.0040399851550319,0,0,0,0,,,,,1,0.6171875,0,158
242,37578.648029246,1787551462.0237982,0.328125,1.734723475976807e-17,133.36938190460205,0.2597913146018982,1,-1,0.5625,0.4148765504360199,0.003299241652712226,1.0077571868896484,0.993529736995697,0.9658961296081543,0,0,0.007275141775608063,0.0005720825865864754,1.0005723237991333,0.238766610622406,0.02565731294453144,0.025397280231118202,0.006514439359307289,0.0005720825865864754,1,1,0.0005720825865864754,1,7.09375,293.5625,0.006514440024637394,0.03125,0,6611.46875,0,5.987032897705715,0.15130930534776954,0.5948230835075611,15621.8125,0.8690941334305509,5723.09375,0.5726465878542513,0.6950851357023176,18369.84375,0.9302828031280986,6142.59375,0.484012633562088,0.00850379784161878,0.45930533533056866,12261.53125,0.8295487873883316,5504.375,3.7901681661605835,0.09375,0,1.6024107324209274,0.5816114190507522,0,5.7847146563444936,0.15015846589430243,,,,,,,,,,,,,,,,0.2890625,1828,2048,996.5703125,1219.5078125,148,148,4096,4096,4096,15.477494487073272,10.64418843400199,,,,,,,,,1,-1,0.29450754468697576,0,0,1,,,,,,2.3557026386260986,0.02163136750459671,0.6503190994262695,0.008259672671556473,0.9981926679611206,,,,,,,,,,,,,0.008446119958534837,0.001258904029327823,0.00017009989824146032,0.9142344449646771,0.07735802167735528,0.007883309968747199,0.07105847308412194,0.00458816626769476,0.00063722999766469,0,0,0,,,,,1,0.328125,0,84
243,37716.846144079,1787551596.891749,0.640625,2.6020852139652106e-18,120.76786637306213,0.15937605500221252,1,-1,0.40625,0.40740785002708435,0.003133005928248167,1.0041313171386719,0.9931848049163818,0.9697017669677734,0,0,0.007163855712860823,0.0003099539317190647,1.000309944152832,0.2225041687488556,0.013736842200160027,0.013485711067914963,0.0068553718738257885,0.0003099539317190647,1,1,0.0003099539317190647,1,7.0625,341.625,0.006855371759907106,0.03125,0,7972.5625,0,10.727413513935943,0.1370728238651206,0.5867402201718906,18673.46875,0.8620559094952126,6866.25,0.5382893932983279,0.694964138431532,22159.875,0.9286810802435793,7401.21875,0.5037527307868004,0.008392009471622844,0.4546294320422307,14666.46875,0.8234584263685119,6602.21875,3.75844943523407,0.0625,0,1.7307776581841772,0.576006262993777,0,10.69481450761633,0.14210255946315067,,,,,,,,,,,,,,,,0.12109375,1800,2048,774.0234375,889.26953125,148,148,4096,4096,4096,12.392494302010164,11.24409824796021,,,,,,,,,1,-1,0.33881546358946923,0,0,1,,,,,,1.318748116493225,0.021100137382745743,0.3076629638671875,0.008181320503354073,0.9981698393821716,,,,,,,,,,,,,0.004090899950824678,0.0011806865591097448,0.00020254007540643215,0.9349747230298817,0.06365709952342513,0.0036406200379133224,0.010092759039252996,0.0033180195182467287,0.0005361910443753004,0,0,0,,,,,1,0.640625,0,164
244,37857.84658607,1787551734.54183,0.48828125,7.806255641895632e-18,124.11652088165283,0.22608941793441772,1,-1,0.5,0.3938816785812378,0.003455867525190115,1.0061569213867188,0.9943762421607971,0.9660482406616211,0,0,0.006329785101115704,0.00037747109308838844,1.0003775358200073,0.23852156102657318,0.061380624771118164,0.060619041323661804,0.00566100375726819,0.00037747109308838844,1,1,0.00037747109308838844,1,7.03125,253.90625,0.005661003557883373,0.03125,0,6192.1875,0,5.80409348790275,0.25935683714905367,0.5828210964338469,14350.5625,0.8542081452541328,5274.96875,0.43666595313698053,0.6880282907265827,17057.15625,0.91957797786524,5693.53125,0.4893934726715088,0.006949357989981303,0.4420498922469415,11190.40625,0.80933822643078,5064.28125,2.6891040802001953,0.03125,0,1.5545488901373092,0.6263950619270802,0,5.54143352882657,0.2610913020497248,,,,,,,,,,,,,,,,0.1875,1841,2048,868.125,1067.328125,154,154,4096,4096,4096,13.851649097981863,10.818524057976902,,,,,,,,,1,-1,0.29342279866348187,0,0,1,,,,,,2.242506504058838,0.02102201245725155,0.7965400815010071,0.008132214657962322,0.9981685280799866,,,,,,,,,,,,,0.007221219013445079,0.0013453612991725095,0.00023594999220222235,0.9306311439722776,0.07057247261127486,0.005598058924078941,0.014129469986073673,0.004007605665719893,0.0006385400192812085,0,0,0,,,,,1,0.48828125,0,125
245,37988.559792826,1787551876.2730005,0.515625,1.214306433183765e-17,127.47056674957275,0.17143897712230682,1,-1,0.40625,0.3933779001235962,0.0031986350659281015,1.002842903137207,0.9930505156517029,0.9642176628112793,0,0,0.007237335667014122,0.0003123418428003788,1.0003124475479126,0.19491109251976013,0.048658475279808044,0.047931969165802,0.006991836242377758,0.0003123418428003788,1,1,0.0003123418428003788,1,7.03125,282.125,0.006991836188116381,0.03125,0,6945,0,4.922030192427214,0.15587045466841376,0.5800102876533779,16075.5625,0.8524094762919283,5917.9375,0.5035582282580435,0.6896719912198076,19169.0625,0.9203655190439551,6395.375,0.48335336707532406,0.007766022738069287,0.4465120644686735,12594.125,0.8118246425338164,5686.625,3.0763129591941833,0.03125,0,1.5805253546646916,0.5885190510160893,0,4.600109565125702,0.16062403367640382,,,,,,,,,,,,,,,,0.171875,1841,2048,894.21875,1051.6171875,152,152,4096,4096,4096,13.177940947003663,10.295044186990708,,,,,,,,,1,-1,0.35892412932574613,0,0,1,,,,,,3.3495044708251953,0.021116264164447784,0.8893982172012329,0.008079052902758121,0.9981793761253357,,,,,,,,,,,,,0.00638893898576498,0.0012658401810767828,0.00022505095694214106,0.9278696539113298,0.06961051349890113,0.00396410992834717,0.0121350601548329,0.004377169656436308,0.0007081200601533055,0,0,0,,,,,1,0.515625,0,132
246,38133.1020482,1787552006.6551042,0.5234375,1.3444106938820255e-17,116.46897840499878,0.23493435978889465,1,-1,0.5625,0.39276033639907837,0.004470275714993477,1.0070858001708984,0.9927895069122314,0.9701647758483887,0,0,0.0076670111157000065,0.000414297915995121,1.0004143714904785,0.2554547190666199,0.03491295501589775,0.03453724458813667,0.007257245946675539,0.000414297915995121,1,1,0.000414297915995121,1,7,300.6875,0.007257246277369425,0.03125,0,7153.75,0,4.538011110519678,0.19311472503021726,0.5807924058558164,16500.71875,0.8517975595779469,6065.5625,0.6335413730703294,0.689607537064128,19720.375,0.9199532292765543,6569.25,0.49176395684480667,0.00779148431023667,0.44597271078211265,12885.9375,0.8109954734763356,5825.625,2.795940637588501,0,0,1.5257169664795802,0.5831275984985812,0,4.3192133508069,0.19567088105024372,,,,,,,,,,,,,,,,0.15625,1787,2048,716.8515625,863.90234375,178,178,4096,4096,4096,12.448296957067214,11.141368248034269,,,,,,,,,1,-1,0.3253726278265821,0,0,1,,,,,,1.1699126958847046,0.021039964631199837,0.32210254669189453,0.008105403743684292,0.998181164264679,,,,,,,,,,,,,0.005949759972281754,0.0012435364346856659,0.00022249005269259214,0.9008239370305091,0.08177903762634742,0.006099059944972396,0.07370389299467206,0.0033222297479369445,0.0005345500539988279,0,0,0,,,,,1,0.5234375,0,134
247,38274.150344008,1787552150.870064,0.43359375,2.6020852139652106e-18,130.7001597881317,0.2189037948846817,1,-1,0.5,0.3868360221385956,0.0042623355984687805,1.0076923370361328,0.9945424795150757,0.9648141860961914,0,0,0.0059995995834469795,0.0003422684967517853,1.0003423690795898,0.21329456567764282,0.0378953292965889,0.03708837181329727,0.005492539145052433,0.0003422684967517853,1,1,0.0003422684967517853,1,7.0625,189.34375,0.005492538736898227,0.03125,0,5734.8125,0,3.7843102985734647,0.2179242387628078,0.5769567453100966,13154.59375,0.8471323441994245,4842.53125,0.46260430850088596,0.6869505165894382,15780.15625,0.9162409296884453,5254.96875,0.4795173443853855,0.006242020468624774,0.4338716679449375,10090.0625,0.7980409651131666,4603.1875,2.859407067298889,0.0625,0,1.5300477731427684,0.6299638818049921,0,3.8860776916633353,0.2283524463976172,,,,,,,,,,,,,,,,0.2890625,1841,2048,961.92578125,1143.3984375,182,182,4096,4096,4096,14.89390885992907,10.56951250100974,,,,,,,,,1,-0.8571428571428571,0.3144074439581966,0,0,1,,,,,,0.8633573055267334,0.02017831616103649,0.24678897857666016,0.007758231367915869,0.9982332587242126,,,,,,,,,,,,,0.009115159045904875,0.0013466870277625276,0.00022051995620131493,0.8375646029599011,0.060770139416490565,0.0059094789903610945,0.012528358958661556,0.004079403790001379,0.0007775899721309543,0,0,0,,,,,1,0.43359375,0,111
248,38418.568093869,1787552292.5243795,0.57421875,1.734723475976807e-17,127.5339047908783,0.1744512915611267,1,-0.8571428656578064,0.40625,0.3748718202114105,0.003029890125617385,1.0034370422363281,0.9940844774246216,0.9756669998168945,0,0,0.006278337445110083,0.0003204208333045244,1.0003204345703125,0.2374899685382843,0.01914129965007305,0.01895669661462307,0.00594479450955987,0.0003204208333045244,1,1,0.0003204208333045244,1,7,283.53125,0.005944794451124308,0.03125,0,7695.40625,0,6.226352163193168,0.16727505444911964,0.5655656262866842,17348.65625,0.8327397134447686,6395.5,0.45456452015787363,0.6839077384916562,21073.1875,0.9083547281866946,6989.96875,0.5023419670760632,0.007179800246435307,0.42845170074594846,13404.375,0.7859100335787979,6093.84375,3.4150410890579224,0,0,1.5676933865295166,0.6128026445611214,0,6.096470375369184,0.17043397021663356,,,,,,,,,,,,,,,,0.1796875,1828,2048,842.68359375,1024.2109375,208,208,4096,4096,4096,14.038700299919583,10.510714625939727,,,,,,,,,1,-1,0.3040961851058286,0,0,1,,,,,,2.2760825157165527,0.020208708941936493,0.18853139877319336,0.007778959348797798,0.998199999332428,,,,,,,,,,,,,0.0057878990191966295,0.001283788043565437,0.00020115100778639317,0.8225161640439183,0.06425136299958467,0.004027009941637516,0.014244179124943912,0.0035852888763656665,0.0005254800198599696,0,0,0,,,,,1,0.57421875,0,147
249,39389.446315745,1787552436.642454,0.5703125,6.938893903907228e-18,130.20010042190552,0.1970176249742508,1,-1,0.46875,0.36982446908950806,0.003046934027224779,1.0074024200439453,0.9946534037590027,0.9702310562133789,0,0,0.005878147203475237,9.85476654022932e-05,1.0000985860824585,0.174897700548172,0.06775528192520142,0.0670282244682312,0.005377279128879309,9.85476654022932e-05,1,1,9.85476654022932e-05,1,7,228.46875,0.005377278907766527,0.03125,0,6741.46875,0,4.348319258775964,0.18059998338023964,0.56323647134921,15134.375,0.8296185543558267,5582.71875,0.4939947435632348,0.6814663465603467,18392.5625,0.9050989505348743,6103.75,0.5098385196179152,0.006545709210914949,0.42283046769487853,11535.3125,0.7785464510844047,5281.75,3.122584342956543,0,0,1.5766925920031185,0.5966324086697525,0,4.15065238888015,0.17393967051574916,,,,,,,,,,,,,,,,0.234375,1883,2048,953.546875,1137.2890625,193,193,4096,4096,4096,14.827001758967526,11.06428411602974,,,,,,,,,0.8571428571428572,-1,0.30929478706587094,0,0,1,,,,,,1.8341436386108398,0.01967771165072918,0.37316757440567017,0.007549322675913572,0.9982705116271973,,,,,,,,,,,,,0.00764504901599139,0.00116474406377165,0.00024860992562025785,0.9444161430001259,0.07635440620151712,0.0050112089375033975,0.012081759865395725,0.003908230246452149,0.0006783599965274334,0,0,0,,,,,1,0.5703125,0,146
250,39537.765313272,1787553408.810289,0.703125,8.673617379884035e-19,956.9062433242798,0.17931610345840454,0.8571428656578064,-1,0.4375,0.3672229051589966,0.002656059106811881,1.004136085510254,0.994514524936676,0.974754810333252,0,0,0.005721683613955975,0.00022676761727780104,1.0002268552780151,0.1442028433084488,0.021185846999287605,0.020821407437324524,0.005510102957487106,0.00022676761727780104,1,1,0.00022676761727780104,1,7,262.0625,0.005510103232640777,0.03125,0,7628.375,0,12.26545134367041,0.15286445583236757,0.5578911270947073,16888.75,0.8214840232140388,6232.84375,0.4597831070423126,0.6785146456898266,20703.875,0.8997188191968156,6850.46875,0.5171824991703033,0.0070014049553106215,0.41938593480798136,12854.8125,0.7703545661350233,5876.78125,3.671865940093994,0,0,1.5333522789496548,0.597293787425421,0,13.999874941597582,0.16484961852458166,800,250,0.5162500143051147,0.51625,828.5485254999949,0.2625,1883,2048,977.967529296875,1164.1575,162,162,4096,4096,4096,0.12109375,1841,2048,854.546875,987.8203125,177,177,4096,4096,4096,5.408725381930275,10.739938146085478,1,8.743006318923108e-18,-1,0.2106817941350368,0.28,0.28,0.44,0.51625,1,-1,0.2857142857142857,0,0,1,2.9852187633514404,0.019932889118790625,0.4542999267578125,0.007687117448076606,0.9982007855176925,8.219711303710938,0.0196879543364048,0.5881808996200562,0.007608654908835888,0.9982172250747681,44.21603320899885,10.67400874384708,0.0002016399521380663,44.22626278898679,3.899759788246447,0.0005408900324255228,68.8762692080345,12.617237205900455,0.00045426993165165186,0,0,0,0.007455429993569851,0.0012957384647052095,0.00019869999960064888,0.9675236199982464,0.05832208342781087,0.005660390015691519,0.08206918090581894,0.0036487364468484884,0.0005308400141075253,0,0,0,1,0.51625,0,4.13,1,0.703125,0,180
251,39682.794133825,1787553555.9808779,0.55859375,4.7704895589362195e-18,133.1870505809784,0.15797139704227448,1,-1,0.375,0.3627033233642578,0.0022527149412781,1.0068511962890625,0.9953783750534058,0.9688973426818848,0,0,0.005082039162516594,0.00024160975590348244,1.0002416372299194,0.11526453495025635,0.017522331327199936,0.017224576324224472,0.00464510265737772,0.00024160975590348244,1,1,0.00024160975590348244,1,7,209.96875,0.0046451027052340395,0.03125,0,6836.375,0,4.415008806289943,0.23554257944834978,0.552767751157704,15110.40625,0.8143658919777306,5578.78125,0.7060941644012928,0.6769912093438379,18566.625,0.8951436393304724,6137.875,0.48669554106891155,0.00579009883307529,0.407162590225723,11398.25,0.7550880505625079,5236.03125,3.1066465973854065,0,0,1.5145908093407245,0.592464732164208,0,4.327984432210092,0.2415717015965941,,,,,,,,,,,,,,,,0.27734375,2048,2048,1070.3359375,1247.3984375,234,234,4096,4096,4096,15.282150682993233,11.166892374982126,,,,,,,,,0.8571428571428572,-1,0.28234621965789103,0,0,1,,,,,,0.7164187431335449,0.01903904601931572,0.4116239547729492,0.007321834098547697,0.9982682466506958,,,,,,,,,,,,,0.007057838956825435,0.0011535830717548379,0.00020245998166501522,0.8472157010110095,0.060514434842389164,0.004991878988221288,0.019307438051328063,0.0039829101101531705,0,0,0,0,,,,,1,0.55859375,0,143
252,39826.870111275,1787553700.9174783,0.56640625,3.469446951953614e-18,130.96459078788757,0.16029004752635956,0.8571428656578064,-1,0.34375,0.3535250127315521,0.0020644294563680887,1.0025615692138672,0.9938519597053528,0.9790773391723633,0,0,0.006387084722518921,0.0002197975991293788,1.0002198219299316,0.17523527145385742,0.033647943288087845,0.033256836235523224,0.006179464515298605,0.0002197975991293788,1,1,0.0002197975991293788,1,7.03125,289.90625,0.006179464356217412,0.03125,0,8562.6875,0,5.629763017062036,0.1320252535186537,0.5450245956523861,18656.71875,0.8055479023305891,6901.09375,0.4199194796383381,0.6747238756441662,23158.15625,0.8904832043438806,7635.25,0.4949065539985895,0.008284755697237935,0.40594687970444365,14055.28125,0.7482058204278768,6450.375,4.082675337791443,0.03125,0,1.552524940656258,0.6293536706355413,0,5.185016870988749,0.13450011752385843,,,,,,,,,,,,,,,,0.2734375,1910,2048,1026.0859375,1208.65234375,197,197,4096,4096,4096,14.909852528013289,10.908366039046086,,,,,,,,,1,-1,0.25877458475338283,0,0,1,,,,,,13.646402359008789,0.019826341420412064,0.4116487503051758,0.007581821642816067,0.998242199420929,,,,,,,,,,,,,0.004670479916967452,0.0011036095070267038,0.0002173599787056446,0.9250759129645303,0.07335931852230715,0.005983888986520469,0.06461738504003733,0.0036384913505571603,0.0005094389198347926,0,0,0,,,,,1,0.56640625,0,145
253,39967.22781396,1787553844.7574174,0.578125,1.0842021724855044e-17,130.18354558944702,0.12691932916641235,1,-1,0.3125,0.3653651475906372,0.0027810814790427685,1.004145622253418,0.9937141537666321,0.9725241661071777,0,0,0.0065872203558683395,0.00024972204118967056,1.0002497434616089,0.1088310033082962,0.0058461399748921394,0.0055149635300040245,0.006320352200418711,0.00024972204118967056,1,1,0.00024972204118967056,1,7,276.15625,0.006320352568868292,0.03125,0,8208.6875,0,4.61305318227644,0.12257527426957249,0.5512306690042754,18088.09375,0.8147268964605103,6694.125,0.9518813309259713,0.6772529425765088,22307.21875,0.8963816565982559,7376.5,0.5090407431125641,0.00824485333733926,0.41430044910800307,13719.65625,0.7605399614037628,6274.34375,3.8222007751464844,0,0,1.5541987441606677,0.5707567143485034,0,4.601589897169137,0.12696244854645186,,,,,,,,,,,,,,,,0.2109375,1841,2048,959.30859375,1117.45703125,203,203,4096,4096,4096,14.547219590982422,10.734743815031834,,,,,,,,,1,-1,0.2743266338524503,0,0,1,,,,,,3.1744766235351562,0.019372867420315742,0.9167324304580688,0.007435043342411518,0.9982022047042847,,,,,,,,,,,,,0.005644909106194973,0.001204285061248811,0.00017702998593449593,0.9151064850157127,0.07191921996036399,0.0034528090618550777,0.0698040829738602,0.0037931894553366874,0.0005871799075976014,0,0,0,,,,,1,0.578125,0,148
254,40109.398136257,1787553984.5239892,0.5078125,8.239936510889834e-18,126.63007593154907,0.14404228329658508,1,-1,0.375,0.35281282663345337,0.0026365616358816624,1.0052480697631836,0.9942950010299683,0.9667034149169922,0,0,0.006121457554399967,0.00015460536815226078,1.0001546144485474,0.11872728914022446,0.007632177323102951,0.006909739226102829,0.005740838125348091,0.00015460536815226078,1,1,0.00015460536815226078,1,7.03125,242.40625,0.005740838028182036,0.03125,0,7674.46875,0,4.590266541397293,0.16536760898987263,0.5423120781271173,16654.40625,0.8012766811809521,6158.3125,0.49936437665019184,0.6702022690754992,20635.46875,0.8853949829170347,6812.375,0.5288354642689228,0.008038857457484616,0.40206148621432924,12520.0625,0.742240637701812,5750.875,4.134151875972748,0.03125,0,1.6096573302630444,0.5925626236683486,0,4.358646958923221,0.1747910425000665,,,,,,,,,,,,,,,,0.2421875,1868,2048,990.75,1142.00390625,219,219,4096,4096,4096,14.602971337037161,10.553398112067953,,,,,,,,,1,-1,0.30929478706587094,0,0,1,,,,,,0.7002243995666504,0.019082117825746536,0.1766960620880127,0.0073888483457267284,0.9982311129570007,,,,,,,,,,,,,0.0051962489960715175,0.0011856370379064174,0.00021020998246967793,0.9366101130144671,0.07991529752325732,0.002936700009740889,0.011105860001407564,0.0033330752021356602,0.00046522996854037046,0,0,0,,,,,1,0.5078125,0,130
255,40254.399466859,1787554126.9957097,0.58984375,4.7704895589362195e-18,129.20209431648254,0.1985079050064087,1,-1,0.46875,0.3538452982902527,0.002707989886403084,1.0028142929077148,0.9937261343002319,0.9685220718383789,0,0,0.0065374779514968395,0.00027177855372428894,1.0002717971801758,0.154938742518425,0.027608094736933708,0.026728235185146332,0.0063127316534519196,0.00027177855372428894,1,1,0.00027177855372428894,1,7.03125,263.3125,0.006312731239210138,0.03125,0,7926,0,4.5198651537630194,0.13226252991204523,0.5447672811590494,17170.125,0.8045940810982318,6346.9375,0.4045330472290516,0.671385008692687,21280.65625,0.8872259068396042,7022.21875,0.4844271522015333,0.008266289927776043,0.4050297798489993,12945.96875,0.7461955794710521,5934.25,3.9420319199562073,0.03125,0,1.5335540606837208,0.631979333066269,0,4.4715895828528796,0.14208694317009035,,,,,,,,,,,,,,,,0.27734375,1883,2048,1043.1640625,1220.109375,242,242,4096,4096,4096,14.564428638899699,9.9664603859419,,,,,,,,,1,-1,0.21279241585380332,0,0,1,,,,,,0.7620632648468018,0.018985623493790627,0.24526596069335938,0.007313915528357029,0.9982403516769409,,,,,,,,,,,,,0.0060871189925819635,0.0011043293011425703,0.00023245997726917267,0.8483214019797742,0.06817116999854989,0.0050723099848255515,0.01660554902628064,0.003511166350563144,0.0005861399695277214,0,0,0,,,,,1,0.58984375,0,151
256,40406.69477294,1787554271.5710187,0.5859375,1.734723475976807e-18,131.65696239471436,0.1004621684551239,1,-1,0.25,0.3506554365158081,0.0012292831670492887,1.0046148300170898,0.9947404861450195,0.9744887351989746,0,0,0.005594785790890455,8.970219641923904e-05,1.0000897645950317,0.08737905323505402,0.026638362556695938,0.026068469509482384,0.0052853734232485294,8.970219641923904e-05,1,1,8.970219641923904e-05,1,7.03125,259.78125,0.005285373382941024,0.03125,0,8345.3125,0,4.678589561605002,0.1454434858000817,0.5383062951278401,17922.65625,0.795607526181174,6634.5,0.3976856507360935,0.6697711357405359,22396.1875,0.8823024845552675,7371.5625,0.49190024845302105,0.007280462923066562,0.39686081956663005,13417.84375,0.7336541040865159,6168.46875,4.569978475570679,0.03125,0,1.5827674988820166,0.6425522547156122,0,4.594263243264195,0.15027851703083986,,,,,,,,,,,,,,,,0.28125,1841,2048,965.4609375,1133.6484375,225,225,4096,4096,4096,14.583230988006108,10.129104871070012,,,,,,,,,1,-1,0.2624453295839119,0,0,1,,,,,,11.848310470581055,0.019646158441901207,0.6039977073669434,0.007509487681090832,0.9982132911682129,,,,,,,,,,,,,0.007070009014569223,0.0012191795553917473,0.0002150100190192461,0.8443021519342437,0.05428315881681556,0.004795558983460069,0.011358557851053774,0.0034141358951274015,0.000595379970036447,0,0,0,,,,,1,0.5859375,0,150
257,40558.34857705,1787554424.3840363,0.44140625,1.3010426069826053e-18,139.3699221611023,0.13571114838123322,1,-1,0.3125,0.3571961224079132,0.0021708086133003235,1.0043964385986328,0.9947351813316345,0.97650146484375,0,0,0.005679558031260967,0.00011759810149669647,1.0001176595687866,0.12975962460041046,0.01715840771794319,0.016583789139986038,0.005295483861118555,0.00011759810149669647,1,1,0.00011759810149669647,1,7.03125,255.125,0.005295483854947051,0.03125,0,7723.6875,0,4.214355360812739,0.2376687354985603,0.5440272434428526,16755.25,0.8024653400718833,6193.625,1.0948263816535473,0.6710455149760735,20781.65625,0.8862153301053989,6854.96875,0.4881076570600271,0.0072384836287796754,0.39914553357681565,12594.15625,0.7396990819759113,5776.53125,3.545106589794159,0.03125,0,1.5644212927936036,0.5799334464874821,0,3.904860298423154,0.23407412774318628,,,,,,,,,,,,,,,,0.34375,1872,2048,1185.671875,1378.66015625,243,243,4096,4096,4096,16.672426103963517,9.746562885935418,,,,,,,,,0.8571428571428572,-1,0.3204349722308279,0,0,1,,,,,,0.9964560270309448,0.019146086648106575,0.6308143138885498,0.007349561899900436,0.9982635974884033,,,,,,,,,,,,,0.007469878997653723,0.0012821407781302696,0.00023407989647239447,0.8510220510652289,0.07401845752974623,0.00706962903495878,0.012062600115314126,0.004001535121915367,0.0006873300299048424,0,0,0,,,,,1,0.44140625,0,113
258,40707.918422743,1787554575.97699,0.453125,1.3010426069826053e-17,138.2169692516327,0.19914065301418304,0.8571428656578064,-1,0.4375,0.3581033945083618,0.00257664080709219,1.0031814575195312,0.9936631917953491,0.9756665229797363,0,0,0.006473754532635212,0.00031124847009778023,1.000311255455017,0.12555216252803802,0.015415549278259277,0.014965350739657879,0.006369910202920437,0.00031124847009778023,1,1,0.00031124847009778023,1,7.09375,316.1875,0.006369910078429335,0.03125,0,9485.375,0,5.7773845383411055,0.08237612186957638,0.5419587715229126,20513.90625,0.8014169419133064,7590.96875,0.44776304438714387,0.6731779274111616,25560.40625,0.8873458883324594,8418.59375,0.5473159141838551,0.009038759086226296,0.40449794753489565,15430.21875,0.7432254773246267,7067.1875,5.294224917888641,0.09375,0,1.6423590292781862,0.6117275475015003,0,5.348239345497129,0.08536919943646851,,,,,,,,,,,,,,,,0.37109375,1883,2048,1267.6015625,1500.984375,295,295,4096,4096,4096,16.23829775804188,10.293060521013103,,,,,,,,,1,-1,0.31134992453861954,0,0,1,,,,,,13.31396484375,0.019151287153363228,0.5076324939727783,0.007313309703022242,0.9982876777648926,,,,,,,,,,,,,0.007416859967634082,0.001378880966512952,0.00022975995671004057,0.8269987429957837,0.0674436077433711,0.006950449082069099,0.01321451913099736,0.004088209630481288,0.0006232300074771047,0,0,0,,,,,1,0.453125,0,116
259,40861.655622347,1787554726.8902328,0.47265625,6.938893903907228e-18,136.20894074440002,0.192459374666214,1,-1,0.4375,0.35825681686401367,0.002051500603556633,1.0030183792114258,0.993650496006012,0.9692449569702148,0,0,0.006504866294562817,0.0003783309366554022,1.0003784894943237,0.13546141982078552,0.015279318206012249,0.015020005404949188,0.006381627172231674,0.0003783309366554022,1,1,0.0003783309366554022,1,7,344.8125,0.006381627395336875,0.03125,0,10140.8125,0,5.563804335873186,0.07213951736301548,0.5409599473656075,21902.9375,0.800629110781659,8112.78125,0.8503925735130906,0.6731651842908449,27313.90625,0.8868369681499302,8993.5,0.5245327018201351,0.008708001771516946,0.4051262777836001,16547.96875,0.7440239073820252,7573.5625,4.79033088684082,0,0,1.5347137163950637,0.5905922098396806,0,5.583555697927855,0.07415732891108591,,,,,,,,,,,,,,,,0.390625,1910,2048,1188.80859375,1368.91796875,217,217,4096,4096,4096,15.468205279903486,10.4315626390744,,,,,,,,,1,-1,0.28904310814711864,0,0,1,,,,,,2.5667035579681396,0.019441042095422745,0.4321378767490387,0.007407804019749165,0.9982929229736328,,,,,,,,,,,,,0.0064514800906181335,0.0013133250849932665,0.0002519299741834402,0.8306515529984608,0.06698146205462763,0.00743304006755352,0.015609279042109847,0.0036704532449221006,0.0006278499495238066,0,0,0,,,,,1,0.47265625,0,121
260,41005.945721613,1787554879.8317862,0.484375,9.540979117872439e-18,138.92347478866577,0.16256465017795563,1,-1,0.375,0.35986578464508057,0.0017828050768002868,1.0044326782226562,0.9944260120391846,0.9760746955871582,0,0,0.0058509488590061665,0.0002271647099405527,1.0002272129058838,0.16929487884044647,0.03458515182137489,0.03398077189922333,0.005601515527814627,0.0002271647099405527,1,1,0.0002271647099405527,1,7.03125,325.78125,0.00560151535951507,0.03125,0,9510.46875,0,6.654030810254864,0.14142711024366944,0.5398579827073582,20554.46875,0.7989394532601212,7612,0.46441572718322277,0.671680384061019,25602.625,0.8855066045973738,8440.3125,0.5003279913216829,0.007509942315887045,0.402377981407649,15551.25,0.7393151004765863,7105.09375,4.656913340091705,0.03125,0,1.5604051384680429,0.6124876751538237,0,6.270852574110432,0.15027163913762936,,,,,,,,,,,,,,,,0.32421875,1938,2048,1275.69140625,1450.21875,262,262,4096,4096,4096,15.822762656956911,11.603872986976057,,,,,,,,,1,-1,0.31943828249996997,0,0,1,,,,,,8.173049926757812,0.019630827009677887,0.448445200920105,0.00747052114456892,0.9982877373695374,,,,,,,,,,,,,0.00717376999091357,0.001143772376508423,0.00019540998619049788,0.9214536739746109,0.0649541250600123,0.004145700018852949,0.010684899054467678,0.0036958597397642734,0.0005302800564095378,0,0,0,,,,,1,0.484375,0,124
261,41162.115019383,1787555023.7838967,0.58203125,6.938893903907228e-18,130.24755764007568,0.18550392985343933,1,-1,0.5,0.36709967255592346,0.002886212896555662,1.0045099258422852,0.994250476360321,0.9761185646057129,0,0,0.005887978244572878,0.000342309707775712,1.0003423690795898,0.16444063186645508,0.002015765756368637,0.0017354325391352177,0.00577514385804534,0.000342309707775712,1,1,0.000342309707775712,1,7.03125,336,0.005775143875288179,0.03125,0,10205.53125,0,5.1915534204716245,0.0723943193002859,0.5457012862299535,22254.59375,0.8081134183473153,8245.09375,0.7446408402174711,0.6759743584021949,27631.4375,0.892278941081009,9114.40625,0.5244174376130104,0.007749127600571124,0.4085274140533556,16775.0625,0.7513168160240503,7695.71875,4.48588764667511,0.03125,0,1.595099608308657,0.5476710834016156,0,5.242402253718645,0.0821169029593037,,,,,,,,,,,,,,,,0.265625,1938,2048,1016.49609375,1155.5390625,222,222,4096,4096,4096,14.580282492097467,10.859993588994257,,,,,,,,,0.8571428571428572,-1,0.1731314234791546,0,0,1,,,,,,1.055136799812317,0.020080801099538803,0.20670509338378906,0.0076633645221591,0.998262345790863,,,,,,,,,,,,,0.006231559091247618,0.0011825801375380252,0.00020569993648678064,0.9418485130881891,0.056803741726525914,0.004973859991878271,0.010882679023779929,0.0029528428126468498,0.0004851390840485692,0,0,0,,,,,1,0.58203125,0,149
262,41312.205135032,1787555180.8118072,0.51953125,2.6020852139652106e-18,142.54229521751404,0.07062090188264847,0.8571428656578064,-1,0.1875,0.3696487843990326,0.0009866663021966815,1.004312515258789,0.9950675964355469,0.9783000946044922,0,0,0.005243631545454264,6.989622488617897e-05,1.0000699758529663,0.0570819191634655,0.025956405326724052,0.02563142217695713,0.0049551986157894135,6.989622488617897e-05,1,1,6.989622488617897e-05,1,7.0625,246.59375,0.004955198565102072,0.03125,0,8131.96875,0,4.223270893637983,0.19225291208360323,0.5486306019650755,17888.40625,0.8104324289081004,6615.96875,0.41900578141212463,0.6762497465649462,22073.375,0.8929264749499469,7287.65625,0.5296063013374805,0.006714122150825752,0.4025002421748231,13361.03125,0.7445294244143327,6135.40625,3.9648614525794983,0.0625,0,1.5899536199023885,0.6263168376388377,0,4.283333317642603,0.2057184549594974,,,,,,,,,,,,,,,,0.34375,1874,2048,1197.7109375,1372.4296875,276,276,4096,4096,4096,16.852277130936272,10.538296589045785,,,,,,,,,0.7142857142857143,-1,0.2912411862553588,0,0,1,,,,,,0.7065796852111816,0.01974416896700859,0.2542450428009033,0.007515557575970888,0.9982936382293701,,,,,,,,,,,,,0.0058893689420074224,0.0012323039836701355,0.0001949999714270234,0.8741656490601599,0.06326019813150197,0.006487309001386166,0.010774700087495148,0.0033198788946720015,0.000644179992377758,0,0,0,,,,,1,0.51953125,0,133
263,41469.750083488,1787555331.196041,0.64453125,-3.469446951953614e-18,135.6533966064453,0.15824809670448303,0.7142857313156128,-1,0.375,0.3699437081813812,0.0022873724810779095,1.0050086975097656,0.9948753714561462,0.9812207221984863,0,0,0.005387913901358843,0.00027843343559652567,1.0002784729003906,0.10048779845237732,0.018181398510932922,0.01809348165988922,0.005146198906004429,0.00027843343559652567,1,1,0.00027843343559652567,1,7.03125,305.3125,0.005146199136543017,0.03125,0,9581.6875,0,6.4533658868659,0.16000977168811698,0.5459601646111538,20922.5625,0.8090812015621398,7759.5,0.40240155160427094,0.6774854199879549,26004.875,0.8934412434855707,8574.25,0.5199646390974522,0.006742233305360739,0.40566266399499057,15747.78125,0.7466968805835279,7213.4375,4.166815161705017,0.03125,0,1.571158338733035,0.6210050683797075,0,6.075600797263569,0.16351540252305827,,,,,,,,,,,,,,,,0.265625,1874,2048,1057.29296875,1180.40234375,258,258,4096,4096,4096,15.875962871010415,11.59503315994516,,,,,,,,,0.7142857142857143,-1,0.28682818578944663,0,0,1,,,,,,1.960951805114746,0.020038004964590073,0.6340782642364502,0.007679223548620939,0.9982326626777649,,,,,,,,,,,,,0.0064834990771487355,0.0012745249314320972,0.00021804997231811285,0.9395855620969087,0.07815638421743643,0.004665660089813173,0.010456699877977371,0.002746240146279888,0.000486810109578073,0,0,0,,,,,1,0.64453125,0,165
264,41620.749736067,1787555487.8292208,0.625,0,142.7009997367859,0.14204402267932892,0.7142857313156128,-1,0.3125,0.3696520924568176,0.0028217684011906385,1.0040578842163086,0.9957872033119202,0.9768667221069336,0,0,0.004532721359282732,0.00028129247948527336,1.0002813339233398,0.08635520190000534,-0.0019624854903668165,-0.0020341083873063326,0.004229414276778698,0.00028129247948527336,1,1,0.00028129247948527336,1,7,250.15625,0.0042294141903484435,0.03125,0,8458.34375,0,5.949534535413349,0.2572302365758483,0.5493368754104943,18567.4375,0.8126795560918232,6875.28125,0.49793865164974704,0.678758785570593,23001.46875,0.8958990908103321,7586.71875,0.5243272166699171,0.004903488885755767,0.4014280423705905,13862.9375,0.7446840005184655,6371.90625,3.150476098060608,0,0,1.5431576231299848,0.5805591047791228,0,5.394930579497059,0.2706285740162063,,,,,,,,,,,,,,,,0.2265625,1910,2048,1105.015625,1219.65625,253,253,4096,4096,4096,16.18289295595605,11.462905952939764,,,,,,,,,0.8571428571428572,-1,0.3253726278265821,0,0,1,,,,,,1.0347654819488525,0.020212531089782715,0.5923848152160645,0.007660428527742624,0.9982708692550659,,,,,,,,,,,,,0.005065658944658935,0.0011276084337623615,0.00019557098858058453,0.9366531730629504,0.06891665569401084,0.005475499900057912,0.01232279825489968,0.0032088675438899372,0.0005693599814549088,0,0,0,,,,,1,0.625,0,160
265,41775.171484267,1787555638.2650857,0.5390625,8.673617379884035e-19,137.15517687797546,0.18666088581085205,0.8571428656578064,-1,0.375,0.3710126578807831,0.0025004339404404163,1.0040788650512695,0.9958394765853882,0.9813637733459473,0,0,0.004399550147354603,0.0003747401060536504,1.0003747940063477,0.15875235199928284,0.006658473052084446,0.006741353310644627,0.004175357520580292,0.0003747401060536504,1,1,0.0003747401060536504,1,7.0625,278.46875,0.0041753574220677984,0.03125,0,8840.125,0,5.330856974036731,0.25683692010570386,0.5501071086753745,19498.3125,0.8134735769996339,7216.1875,0.40843890979886055,0.6769789753238309,24045.71875,0.894266243035114,7938.28125,0.5013692043721676,0.004813570542856933,0.4045492256365039,14636.125,0.7476277459440457,6710.34375,2.8738170862197876,0.09375,0,1.560237230163575,0.615504943718004,0,5.073855093715265,0.26232284319091537,,,,,,,,,,,,,,,,0.28515625,1938,2048,1179.81640625,1306.38671875,260,260,4096,4096,4096,15.313392146956176,10.796385340043344,,,,,,,,,0.8571428571428572,-1,0.2879377767249482,0,0,1,,,,,,3.7068042755126953,0.02009725011885166,0.45499101281166077,0.007659490220248699,0.9982725977897644,,,,,,,,,,,,,0.008385190041735768,0.0011889052539117984,0.0002479290124028921,0.8486684110248461,0.057384853241728706,0.0035029490245506167,0.009315938921645284,0.0032227970109488524,0.0004704900784417987,0,0,0,,,,,1,0.5390625,0,138
266,41929.09173724,1787555795.7015784,0.4375,1.734723475976807e-18,141.76332664489746,0.1541447639465332,0.8571428656578064,-1,0.34375,0.37253114581108093,0.002062627114355564,1.0037345886230469,0.9954133033752441,0.9804120063781738,0,0,0.004828301258385181,0.00019007176160812378,1.000190019607544,0.09438773989677429,0.007174469530582428,0.006924957036972046,0.004604771267622709,0.00019007176160812378,1,1,0.00019007176160812378,1,7.0625,287.3125,0.004604771333978309,0.03125,0,9438.53125,0,5.84810969837568,0.20281775624591242,0.551232309105502,20865.25,0.8159389433015921,7727.5,0.5706778801977634,0.6814733344930316,25793.4375,0.8989802812268307,8509.28125,0.49872684478759766,0.005240465707613308,0.406548233206589,15652.5625,0.751102031026861,7180.25,3.0014277696609497,0.0625,0,2.830679514598267,0.6097443599807404,0,7.150177065052165,0.20571890551004343,,,,,,,,,,,,,,,,0.359375,1938,2048,1216.7890625,1377.48046875,352,352,4096,4096,4096,15.830834908992983,10.182433575973846,,,,,,,,,0.7142857142857143,-1,0.3234066120763363,0,0,1,,,,,,9.212363243103027,0.020026860758662224,0.3556762933731079,0.00759911397472024,0.9982928037643433,,,,,,,,,,,,,0.009902259916998446,0.0012310848728702695,0.00021035003010183573,0.8429075609892607,0.07244592250071946,0.00263235904276371,0.07067732396535575,0.003667473643872654,0.0006214700406417251,0,0,0,,,,,1,0.4375,0,112
267,42090.485455257,1787555947.6282914,0.6328125,6.938893903907228e-18,137.34686279296875,0.19280263781547546,0.7142857313156128,-1,0.375,0.37406983971595764,0.00251687946729362,1.0035600662231445,0.9949288964271545,0.9850797653198242,0,0,0.005336218047887087,0.00028828741051256657,1.0002882480621338,0.15196752548217773,0.026755288243293762,0.026517339050769806,0.005090945865958929,0.00028828741051256657,1,1,0.00028828741051256657,1,7,311.09375,0.005090946196429134,0.03125,0,9734.3125,0,5.924496986075715,0.17232059261523117,0.5526542069376432,21521.21875,0.8186609944578205,7975.625,0.6878214133903384,0.6834970580052632,26634.15625,0.9017624759060072,8787.34375,0.5433133635669947,0.005914234822692279,0.41045155833975666,16202.96875,0.7567436191695188,7430.4375,3.5694231390953064,0,0,1.5783310212685777,0.5938097419649051,0,5.617682588789794,0.18004353544288804,,,,,,,,,,,,,,,,0.25,1913,2048,1016.18359375,1137.05859375,272,272,4096,4096,4096,16.14950502908323,12.438786766957492,,,,,,,,,1,-1,0.27893748842523763,0,0,1,,,,,,1.3327597379684448,0.020494841039180756,0.4007723331451416,0.0077950539998710155,0.9982343316078186,,,,,,,,,,,,,0.010345109039917588,0.0012638116845664626,0.00024005002342164516,1.129277964006178,0.08910232536663898,0.005890190019272268,0.01739444921258837,0.0031999545058170042,0.000560260028578341,0,0,0,,,,,1,0.6328125,0,162
268,42250.11364586,1787556110.195514,0.53125,0,146.9276885986328,0.15082994103431702,1,-1,0.40625,0.3766707181930542,0.0023716450668871403,1.004262924194336,0.9958728551864624,0.9760265350341797,0,0,0.0045143840834498405,9.741552639752626e-05,1.000097393989563,0.09277292340993881,0.016364172101020813,0.016166960820555687,0.004143590107560158,9.741552639752626e-05,1,1,9.741552639752626e-05,1,7.09375,239.1875,0.004143590119253762,0.03125,0,8129.46875,0,9.338660742086441,0.25084644103242526,0.5563751217806325,18095.5,0.8223343430497723,6695.25,0.43779230397194624,0.682378335476785,22262.3125,0.9010251611514424,7346.1875,0.5205708313733339,0.004797236442356431,0.4082377155738941,13516.625,0.7547322186250176,6204.375,2.6977843046188354,0.125,0,1.6934514352159131,0.6300536903369651,0,8.054507970168679,0.27437477092614954,,,,,,,,,,,,,,,,0.29296875,2048,2048,1162.08984375,1294.98828125,307,307,4096,4096,4096,16.010082331951708,11.07727416290436,,,,,,,,,1,-1,0.3174355149041282,0,0,1,,,,,,0.6747972965240479,0.020198864862322807,0.1766963005065918,0.007742526941001415,0.9982677698135376,,,,,,,,,,,,,0.007877539959736168,0.0013377726818362135,0.00024262908846139908,1.019498664070852,0.07998248068315661,0.0084217389812693,0.011785029084421694,0.003414182401229482,0,0,0,0,,,,,1,0.53125,0,136
269,42390.564723277,1787556268.427779,0.41796875,3.469446951953614e-18,143.8827245235443,0.18905825912952423,1,-1,0.4375,0.3755369186401367,0.0027279378846287727,1.0038890838623047,0.9950467348098755,0.9846925735473633,0,0,0.0052252477034926414,0.0003102538175880909,1.0003103017807007,0.15962150692939758,0.024197660386562347,0.024229781702160835,0.004972626455128193,0.0003102538175880909,1,1,0.0003102538175880909,1,7,292.15625,0.004972626492335074,0.03125,0,9296.71875,0,5.4124466602417876,0.2215828900307782,0.5548799461547689,20666.90625,0.8208029197662023,7649.4375,0.37935494631528854,0.6826318217171223,25458.09375,0.9020172692875841,8406.625,0.5098537057638168,0.005140625562489535,0.41151290503728544,15580.09375,0.7593113868176613,7136.375,2.9726914167404175,0,0,1.5836833139302269,0.6253418176678527,0,5.091035379111364,0.21501881021167107,,,,,,,,,,,,,,,,0.37890625,1910,2048,1137.51171875,1289.640625,269,269,4096,4096,4096,16.888589569949545,12.266191891976632,,,,,,,,,1,-1,0.20977393079412018,0,0,1,,,,,,0.7073264122009277,0.020184580236673355,0.30164170265197754,0.007666775491088629,0.9982736110687256,,,,,,,,,,,,,0.009664988960139453,0.0014628309691033792,0.00023829995188862085,1.1851864190539345,0.06413049330558351,0.005218589096330106,0.011053849128074944,0.0033156764820887474,0.0005537300603464246,0,0,0,,,,,1,0.41796875,0,107
270,42538.701271334,1787556409.101767,0.5703125,3.469446951953614e-18,126.41742062568665,0.08196622133255005,1,-1,0.21875,0.3709295988082886,0.0015971820103004575,1.0028076171875,0.9954603910446167,0.9826974868774414,0,0,0.004788529127836227,0.00018283468671143055,1.000182867050171,0.0772281214594841,0.006768336519598961,0.006710493005812168,0.004557193256914616,0.00018283468671143055,1,1,0.00018283468671143055,1,7.0625,289.65625,0.004557193219478277,0.03125,0,9100.09375,0,4.4235446237576115,0.22317712576051033,0.553365558407144,20190.3125,0.8183982751132386,7475.34375,0.3886281605809927,0.6827236822123086,24944.09375,0.8994054907257241,8219.5625,0.5209352392703295,0.0054672000144173425,0.4061540450812394,15177.25,0.7509316580592617,6951.3125,3.467026710510254,0.0625,0,1.6346509593805179,0.6225826079945049,0,4.226441464920694,0.23873104553269942,,,,,,,,,,,,,,,,0.2265625,1883,2048,921.20703125,1023.51953125,233,233,4096,4096,4096,12.909224261995405,10.880604301928543,,,,,,,,,0.4285714285714286,-1,0.14725377234348785,0,0,1,,,,,,0.8838443756103516,0.02049196884036064,0.18617558479309082,0.0077636088244616985,0.9982489347457886,,,,,,,,,,,,,0.004633418982848525,0.001107968920678104,0.00022599997464567423,0.8773477480281144,0.053101262332802435,0.0066980390110984445,0.01053460908588022,0.0025294185452366946,0.0005006300052627921,0,0,0,,,,,1,0.5703125,0,146
271,42688.596160339,1787556556.978274,0.4765625,3.469446951953614e-18,133.83070945739746,0.04338286072015762,0.4285714328289032,-1,0.09375,0.371499627828598,0.0008070330368354917,1.0039873123168945,0.9961804151535034,0.9704670906066895,0,0,0.004318472929298878,6.901426240801811e-05,1.00006902217865,0.03158389404416084,0.00927911326289177,0.009159835986793041,0.00383965321816504,6.901426240801811e-05,1,1,6.901426240801811e-05,1,7,211.25,0.0038396532167316844,0.03125,0,7369.65625,0,4.406546163226516,0.3197171449047723,0.55462987240944,16417.375,0.8179216457125127,6059.9375,0.47179498337209225,0.6822242828948384,20200.6875,0.8990621039299451,6657.4375,0.5449680611491203,0.006661165036662355,0.40024261165093317,12162.4375,0.7447352947315407,5597.09375,3.9410168528556824,0,0,1.5447872635629363,0.595603530916998,0,4.216575348427299,0.32267102795255775,,,,,,,,,,,,,,,,0.32421875,1883,2048,1003.19140625,1147.48828125,248,248,4096,4096,4096,15.790059120976366,11.063653655000962,,,,,,,,,1,-0.8571428571428571,0.15971914124998499,0,0,1,,,,,,0.8666543960571289,0.02020014449954033,0.1766958236694336,0.0077019911259412766,0.9982311129570007,,,,,,,,,,,,,0.0064634589944034815,0.0012079860412086418,0.00025611999444663525,0.858056650031358,0.06610036773781758,0.002494069980457425,0.012445258907973766,0.002930983498117712,0.0006230890285223722,0,0,0,,,,,1,0.4765625,0,122
272,42836.940161959,1787556707.65045,0.47265625,3.469446951953614e-18,135.75861430168152,0.04702189192175865,1,-0.8571428656578064,0.15625,0.36640703678131104,0.001193982781842351,1.0036211013793945,0.9961411952972412,0.9842724800109863,0,0,0.004313642159104347,5.848822183907032e-05,1.0000585317611694,0.10491041094064713,0.0036328714340925217,0.003566219238564372,0.0038733137771487236,5.848822183907032e-05,1,1,5.848822183907032e-05,1,7,243.5625,0.003873313798656755,0.03125,0,8025.53125,0,4.534301563525882,0.274782996726103,0.5512169463493738,17784.375,0.8145541525679021,6580.84375,0.4114999808371067,0.6806576714299655,21996.53125,0.8965887687277017,7242.71875,0.4983744937926531,0.00413698471131301,0.40027760444267074,13262.21875,0.7436378972938809,6097.53125,2.2849578261375427,0,0,1.5821524915577183,0.6140469414041525,0,4.525690275930128,0.30369554408373056,,,,,,,,,,,,,,,,0.31640625,1908,2048,1134.4921875,1312.3046875,254,254,4096,4096,4096,16.136913689086214,11.048803222016431,,,,,,,,,1,-1,0.22728432252424743,0,0,1,,,,,,0.7142848372459412,0.01997477374970913,0.3426785469055176,0.007619441952556372,0.9982551336288452,,,,,,,,,,,,,0.005052428925409913,0.0012229928106535226,0.00021686905529350042,0.9335726530989632,0.06470102861248961,0.0027090399526059628,0.013230779091827571,0.003609827853324532,0.0004963800311088562,0,0,0,,,,,1,0.47265625,0,121
273,42985.69712898,1787556855.0674095,0.58984375,6.071532165918825e-18,133.35611152648926,0.0963706523180008,1,-1,0.28125,0.368034303188324,0.0012466111220419407,1.0031070709228516,0.994239091873169,0.971686840057373,0,0,0.006041430868208408,0.00012784171849489212,1.0001277923583984,0.07804197072982788,0.004894548561424017,0.004749242682009935,0.005790024995803833,0.00012784171849489212,1,1,0.00012784171849489212,1,7.03125,312.03125,0.005790025046200395,0.03125,0,9075.9375,0,4.775268995650155,0.16727967411167383,0.5521274162622536,20086.375,0.815558932136701,7430.0625,0.39663358591496944,0.6821401053679694,24877.09375,0.8981237290313261,8186.1875,0.5320240808650851,0.007542175465207547,0.40953288719465797,15140.375,0.7539289925298344,6922.8125,4.410637676715851,0.03125,0,1.5297257736969596,0.6302413961088995,0,4.471650285130262,0.1675381631014551,,,,,,,,,,,,,,,,0.21875,1841,2048,935.24609375,1070.8203125,239,239,4096,4096,4096,13.195980722084641,11.716679919976741,,,,,,,,,1,-1,0.2244608051781524,0,0,1,,,,,,0.8279824256896973,0.02014806866645813,0.21913862228393555,0.007748357951641083,0.9981975555419922,,,,,,,,,,,,,0.008273659041151404,0.001234225725511351,0.00019446900114417076,1.0198022249387577,0.07111621487501907,0.0051455190405249596,0.06627648510038853,0.0033514233678033634,0.0006675590993836522,0,0,0,,,,,1,0.58984375,0,151
274,43131.16047335,1787557004.5473275,0.58203125,3.469446951953614e-18,134.85329604148865,0.09234201908111572,1,-1,0.21875,0.36554092168807983,0.0019807377830147743,1.003946304321289,0.9954864978790283,0.970400333404541,0,0,0.004899497143924236,0.00013184500858187675,1.0001319646835327,0.07516564428806305,0.0054483008570969105,0.005430220160633326,0.0045343125239014626,0.00013184500858187675,1,1,0.00013184500858187675,1,7.03125,229,0.00453431223507264,0.03125,0,7481.96875,0,4.671225797008581,0.24385654177756738,0.5535633717160754,16611.625,0.8162667052782772,6134.40625,0.37595443427562714,0.681309452944687,20496.75,0.8970305518544611,6747.40625,0.5523064211010933,0.005616547054478213,0.4061262784049178,12387,0.750713266408453,5691.71875,2.695147454738617,0.03125,0,1.5606210728735612,0.6091657980728924,0,4.414367837393335,0.25519247972506764,,,,,,,,,,,,,,,,0.2109375,2048,2048,1029.67578125,1179.6640625,214,214,4096,4096,4096,14.733334628981538,10.658294068998657,,,,,,,,,1,-1,0.3243911093675884,0,0,1,,,,,,0.6901195049285889,0.02021794766187668,0.26805639266967773,0.007742361631244421,0.9981961250305176,,,,,,,,,,,,,0.006048009032383561,0.0012318330759626406,0.00019637902732938528,0.8579362999880686,0.0600401950723608,0.0065047190291807055,0.010176868992857635,0.0034485432265682903,0,0,0,0,,,,,1,0.58203125,0,149
275,43272.397467731,1787557149.1684325,0.56640625,7.806255641895632e-18,130.78079414367676,0.1962481141090393,1,-1,0.46875,0.3641725480556488,0.002927747555077076,1.0048418045043945,0.994626522064209,0.9760618209838867,0,0,0.005733693018555641,0.000382716185413301,1.0003827810287476,0.1387442648410797,0.002119306940585375,0.002000158652663231,0.005401162430644035,0.000382716185413301,1,1,0.000382716185413301,1,7,285,0.005401162388231601,0.03125,0,8237.40625,0,7.784599114671919,0.22222207699407825,0.5529100718390263,18242.75,0.816034866329316,6742.4375,0.398668110370636,0.682286439787282,22574.59375,0.8982246124223638,7426.875,0.5270163826644421,0.006594206926400264,0.40868067613775994,13777.28125,0.753897261672961,6294.6875,3.4585200548171997,0,0,1.5671002524016,0.6202897619709113,0,6.5177770171233185,0.23634046071271347,,,,,,,,,,,,,,,,0.1875,1886,2048,917.9609375,1040.72265625,237,237,4096,4096,4096,13.229846118949354,11.45767141401302,,,,,,,,,1,-1,0.2660654361741311,0,0,1,,,,,,0.7716013193130493,0.019772790372371674,0.3226633071899414,0.0076244669035077095,0.9981635808944702,,,,,,,,,,,,,0.005896358983591199,0.001139956239512685,0.00018762995023280382,0.9171630840282887,0.07632836909579055,0.005521989078260958,0.07004234311170876,0.00339358583869398,0.0005538200493901968,0,0,0,,,,,1,0.56640625,0,145
276,43422.058294358,1787557289.3407664,0.5234375,-5.204170427930421e-18,127.47049236297607,0.1290053278207779,1,-1,0.34375,0.3496999740600586,0.0027601176407188177,1.004969596862793,0.9952510595321655,0.9767169952392578,0,0,0.005183868575841188,0.00023633206728845835,1.0002363920211792,0.08153017610311508,-0.007452982012182474,-0.00739669194445014,0.004770620726048946,0.00023633206728845835,1,1,0.00023633206728845835,1,7.03125,243.59375,0.004770620239498478,0.03125,0,7343.6875,0,4.47572537367569,0.21251427531038444,0.548537837684024,16137.53125,0.8093399597505745,5962.625,0.41118748718872666,0.6786218892712954,20013.4375,0.8915426526672918,6573.875,0.5176811013370752,0.005598259882845066,0.40150674078722093,12075.6875,0.7425015556334824,5533.28125,3.251904010772705,0.03125,0,1.5781876320627197,0.6089721926651752,0,4.516578801084002,0.21483499644285953,,,,,,,,,,,,,,,,0.2265625,1883,2048,935.15625,1075.33203125,213,213,4096,4096,4096,14.013543496024795,10.842313540983014,,,,,,,,,0.8571428571428572,-1,0.2575393768188564,0,0,1,,,,,,1.006723403930664,0.019281303510069847,0.20935893058776855,0.007444591727107763,0.9981845617294312,,,,,,,,,,,,,0.0058389389887452126,0.0013098339036332618,0.0002270699478685856,0.8305038530379534,0.06784077137353961,0.0028302998980507255,0.01177401898894459,0.0031318977776209067,0.0004472699947655201,0,0,0,,,,,1,0.5234375,0,134
277,43564.607335941,1787557439.9536037,0.55078125,3.0357660829594124e-18,136.95304822921753,0.1185925155878067,0.8571428656578064,-1,0.25,0.3401237428188324,0.0027874333318322897,1.0027523040771484,0.9957906007766724,0.9776144027709961,0,0,0.0045945122838020325,0.00026921811513602734,1.0002692937850952,0.05571914464235306,-0.0034260221291333437,-0.003419690765440464,0.004227611236274242,0.00026921811513602734,1,1,0.00026921811513602734,1,7.03125,248.4375,0.004227611063594844,0.03125,0,7481.25,0,3.908433799468952,0.3124038928446302,0.5436268208859172,16358.21875,0.8016433758724337,6039.4375,0.38697595335543156,0.6776096689677351,20406.4375,0.887407244538869,6682.90625,0.5043706260621548,0.005169192522951122,0.38919655334810904,12105.5,0.7274038321605885,5575.9375,3.0934357047080994,0.03125,0,1.5454383478099314,0.5976307807024952,0,3.8128003529312444,0.32796432432851885,,,,,,,,,,,,,,,,0.26171875,1939,2048,1029.15625,1206.50390625,261,261,4096,4096,4096,16.166847356013022,9.540150862070732,,,,,,,,,1,-1,0.2355518921120164,0,0,1,,,,,,0.7114033699035645,0.019119329750537872,0.17669439315795898,0.007374371401965618,0.9981687664985657,,,,,,,,,,,,,0.0049326790031045675,0.0011630161434368347,0.0002119300188496709,0.8554188010748476,0.06886641464780041,0.005017378949560225,0.013433568878099322,0.0036133357334620086,0.0004897699691355228,0,0,0,,,,,1,0.55078125,0,141
278,43702.949319445,1787557582.387099,0.6796875,8.673617379884035e-18,128.91291499137878,0.10153371095657349,1,-1,0.25,0.3350457549095154,0.0020473827607929707,1.0040721893310547,0.9943199157714844,0.9800601005554199,0,0,0.005975635722279549,0.00021276623010635376,1.0002127885818481,0.07871118187904358,0.005073545500636101,0.00508582079783082,0.005706237629055977,0.00021276623010635376,1,1,0.00021276623010635376,1,7.03125,290.75,0.005706237735570833,0.03125,0,8233.25,0,5.253247329772975,0.1711405499612937,0.5430237352585032,17945.125,0.8009349124774535,6623.3125,0.4369693174958229,0.677736443700423,22402.90625,0.8879007501852039,7340.96875,0.5176036767661572,0.007484608242716324,0.3967009019995419,13409.375,0.7349105982571609,6152.9375,3.833024322986603,0.03125,0,1.586120662333605,0.621006641181244,0,5.468095110395186,0.17929037473391077,,,,,,,,,,,,,,,,0.1640625,1841,2048,944.265625,1100.87109375,213,213,4096,4096,4096,14.49436957295984,10.601656863000244,,,,,,,,,1,-1,0.2789374884252377,0,0,1,,,,,,0.7083061337471008,0.01893761195242405,0.21958327293395996,0.007329924032092094,0.998126745223999,,,,,,,,,,,,,0.009317059069871902,0.0013568127328653645,0.0002567300107330084,0.8397506619803607,0.07013982927810503,0.00473830895498395,0.012954549049027264,0.00391686322473106,0.0005602799355983734,0,0,0,,,,,1,0.6796875,0,174
279,43836.821187441,1787557721.6962538,0.625,0,124.68924880027771,0.13976405560970306,1,-1,0.375,0.3283269703388214,0.0025261302944272757,1.0045528411865234,0.9950147867202759,0.9739298820495605,0,0,0.00535108707845211,0.0002944668522104621,1.00029456615448,0.12096811830997467,-0.0017861546948552132,-0.0017945108702406287,0.005007313564419746,0.0002944668522104621,1,1,0.0002944668522104621,1,7.03125,267.03125,0.005007313974600157,0.03125,0,7554.125,0,5.097836230859874,0.21151584200042248,0.5395093109752761,16334.0625,0.7946366244413294,6020.0625,0.42980033345520496,0.6741645056136429,20422.28125,0.8816407277626666,6679.4375,0.5362837258726358,0.005698372680094217,0.3918477618298788,12133.75,0.7267322993673103,5577.34375,2.998054087162018,0.03125,0,1.56449906584015,0.6057965501397415,0,4.816495138885742,0.21896658776728115,,,,,,,,,,,,,,,,0.0859375,2048,2048,734.234375,843.1640625,236,236,4096,4096,4096,12.275073879980482,10.380211085896008,,,,,,,,,1,-0.8571428571428571,0.21128856368212914,0,0,1,,,,,,0.7842345237731934,0.018387237563729286,0.18799924850463867,0.007164229638874531,0.9980801939964294,,,,,,,,,,,,,0.005911268992349505,0.0013179754369048169,0.00020864000543951988,0.9532317210687324,0.06941331527468719,0.0029307600343599916,0.07001424417831004,0.0033234134316444397,0,0,0,0,,,,,1,0.625,0,160
280,43971.064128783,1787557855.2134216,0.65625,2.6020852139652106e-18,119.3645133972168,0.08290370553731918,1,-0.8571428656578064,0.1875,0.3041711449623108,0.0017596647376194596,1.004526138305664,0.9966013431549072,0.979921817779541,0,0,0.004053402226418257,0.00023093237541615963,1.0002309083938599,0.06364266574382782,-0.0012508041691035032,-0.0012299057561904192,0.003414057195186615,0.00023093237541615963,1,1,0.00023093237541615963,1,7.09375,167.4375,0.0034140569945521016,0.03125,0,5873.875,0,2.9276707183410693,0.34449368368088806,0.529750215998372,12516.59375,0.7800336060675385,4616.5625,0.40066653303802013,0.6667960652845184,15749.0625,0.869414064523351,5140.6875,0.5163049902766943,0.00424490509434683,0.36849582602237624,9046.46875,0.6990760419621465,4225.09375,2.330381989479065,0.09375,0,1.5962771957248192,0.6053125266968529,0,2.8248508053693584,0.36771134557531443,,,,,,,,,,,,,,,,0.05859375,1772,2048,741.77734375,867.5546875,199,199,4096,4096,4096,12.45339271298144,11.389404822024517,,,,,,,,,0.8571428571428572,-0.8571428571428571,0.24743582965269675,0,0,1,,,,,,0.7898678779602051,0.017635563388466835,0.24486494064331055,0.007007945328950882,0.9980213642120361,,,,,,,,,,,,,0.00880475901067257,0.0013130599204487226,0.00019391009118407965,0.850926231010817,0.061669290154441114,0.002356790006160736,0.010716887889429927,0.0035479382177072694,0.0006084099877625704,0,0,0,,,,,1,0.65625,0,168
281,44107.882093656,1787557989.5330722,0.55859375,2.6020852139652106e-18,120.55785751342773,0.11131209880113602,0.8571428656578064,-0.8571428656578064,0.21875,0.29441598057746887,0.002476959954947233,1.0048446655273438,0.995749831199646,0.9767789840698242,0,0,0.0048786308616399765,0.00026964955031871796,1.0002697706222534,0.04295261949300766,-0.020719317719340324,-0.020612649619579315,0.0042706262320280075,0.00026964955031871796,1,1,0.00026964955031871796,1,7,188.03125,0.004270626718723691,0.03125,0,5934.21875,0,4.265874775594574,0.30066541677863146,0.5247040931211928,12489.21875,0.7716638649581837,4603.53125,0.39994199573993683,0.6621740623908737,15815.3125,0.8627201077615076,5151.40625,0.5343162324279547,0.004916893182815001,0.3650833814018499,9025.9375,0.6918773246089552,4207.5625,2.5224759578704834,0,0,1.6110023598951637,0.6341570411642523,0,4.01764633671302,0.3239281288359666,,,,,,,,,,,,,,,,0.1015625,1772,2048,712.7421875,861.6328125,220,220,4096,4096,4096,13.168902837089263,10.944921072921716,,,,,,,,,1,-1,0.2800783418099665,0,0,1,,,,,,0.8723616600036621,0.017190972343087196,0.27718305587768555,0.00683803902938962,0.9979666471481323,,,,,,,,,,,,,0.006452198955230415,0.0012008597532258136,0.00021772005129605532,0.9464810020290315,0.07293982335659166,0.006292838952504098,0.06870930304285139,0.0032422900681012834,0.0005022200057283044,0,0,0,,,,,1,0.55859375,0,143
282,44236.955559532,1787558126.6951153,0.49609375,1.734723475976807e-18,122.58551287651062,0.1510773003101349,1,-1,0.375,0.2825959026813507,0.002685314044356346,1.0068769454956055,0.995657205581665,0.9753146171569824,0,0,0.0048569259233772755,0.0002890578471124172,1.0002890825271606,0.13509522378444672,-0.006700403522700071,-0.006683259271085262,0.004364963620901108,0.0002890578471124172,1,1,0.0002890578471124172,1,7,181.9375,0.004364963907892805,0.03125,0,5701.9375,0,4.212620554030499,0.22936720620236312,0.5144214200243917,11766.21875,0.7583382150346858,4342.75,0.40336609818041325,0.6549484443884386,15028.90625,0.8514635379437492,4881.75,0.5348551254719496,0.005822290240598404,0.3583059299823026,8412.5625,0.6797920398190966,3945.90625,2.8372732400894165,0,0,1.5432004110416413,0.6100010845592954,0,4.064884959684774,0.24662565756578486,,,,,,,,,,,,,,,,0.1640625,1721,2048,821.8125,1010.13671875,185,185,4096,4096,4096,12.901325050974265,10.591228166013025,,,,,,,,,1,-1,0.2731617596567563,0,0,1,,,,,,1.0202693939208984,0.017000168561935425,0.1855182647705078,0.006778989918529987,0.9980036020278931,,,,,,,,,,,,,0.006264470051974058,0.0013479315452968876,0.00020977994427084923,0.8589265199843794,0.061925402828364895,0.004677818971686065,0.06760152406059206,0.004023613373647095,0.0005392800085246563,0,0,0,,,,,1,0.49609375,0,127
283,44380.467260653,1787558254.9618368,0.859375,-1.734723475976807e-18,114.28547525405884,0.13460180163383484,1,-1,0.375,0.28228259086608887,0.003084711730480194,1.004974365234375,0.9946752786636353,0.976219654083252,0,0,0.005836940370500088,0.0003287465078756213,1.000328779220581,0.15185539424419403,-0.019846733659505844,-0.01978222280740738,0.005353148560971022,0.0003287465078756213,1,1,0.0003287465078756213,1,7.03125,233.90625,0.005353148740731531,0.03125,0,6574.5,0,4.940838019201747,0.18092693253189684,0.5153310828575098,13620.96875,0.7583864100116322,5018.875,0.42729372158646584,0.6537684835124656,17298.21875,0.8514505430094461,5634.40625,0.5398685038089752,0.006790759417492136,0.36772240823150515,9990.71875,0.6906690579184411,4645.96875,3.637916624546051,0.03125,0,1.556638997120637,0.5958506904915106,0,4.557230630841082,0.19006957720135947,,,,,,,,,,,,,,,,0.01953125,1772,2048,538.66015625,602.734375,205,205,4096,4096,4096,11.683775631012395,11.630058050039224,,,,,,,,,0.8571428571428572,-1,0.23957871187497748,0,0,1,,,,,,0.7002036571502686,0.016985338181257248,0.2255849838256836,0.006903641391545534,0.9978281855583191,,,,,,,,,,,,,0.00969143898691982,0.0012696659473476757,0.00018989993259310722,1.0563996620476246,0.07151838697564017,0.004504399956203997,0.06999365298543125,0.0029926986421742185,0.0004508600104600191,0,0,0,,,,,1,0.859375,0,220
284,44514.33666771,1787558397.627345,0.46484375,6.938893903907228e-18,129.8494462966919,0.10068244487047195,0.8571428656578064,-1,0.25,0.2699368894100189,0.0024743310641497374,1.005864143371582,0.9966097474098206,0.9776272773742676,0,0,0.004271756857633591,0.0002976437099277973,1.0002976655960083,0.046480756253004074,-0.017155883833765984,-0.017053885385394096,0.003406837349757552,0.0002976437099277973,1,1,0.0002976437099277973,1,7.0625,111.65625,0.0034068375732283843,0.03125,0,4309.28125,0,3.3782887181971906,0.3731305764308177,0.5082475032245588,8783.75,0.74462861972747,3223.8125,0.4161358159035444,0.6394725041212808,11089.09375,0.8333532685002445,3612.4375,0.5193314217031002,0.004028918432731215,0.3459026246559447,6191.0625,0.6635726770636567,2925.34375,2.034779965877533,0.0625,0,1.6050684309350207,0.6330269980001695,0,3.3469524344877817,0.38087419511747145,,,,,,,,,,,,,,,,0.1796875,1812,2048,891.48828125,1108.90234375,223,223,4096,4096,4096,14.810361664975062,10.576591526973061,,,,,,,,,1,-1,0.30618621784789724,0,0,1,,,,,,0.8377121686935425,0.016706449910998344,0.2881288528442383,0.006652968470007181,0.9980421662330627,,,,,,,,,,,,,0.009160190005786717,0.0014798813517700182,0.00021739001385867596,0.8125859539723024,0.07281321468872193,0.0025610289303585887,0.07486620196141303,0.005011556687804841,0.00047017994802445173,0,0,0,,,,,1,0.46484375,0,119
285,44648.593375731,1787558532.314713,0.72265625,3.469446951953614e-18,120.96080780029297,0.17057213187217712,1,-1,0.40625,0.2823910117149353,0.003336767666041851,1.0042228698730469,0.9942644238471985,0.9791321754455566,0,0,0.0061666169203817844,0.000465593533590436,1.0004656314849854,0.14021551609039307,-0.001328988466411829,-0.0013184277340769768,0.0057636043056845665,0.000465593533590436,1,1,0.000465593533590436,1,7.03125,268.6875,0.005763603897231635,0.03125,0,7131.90625,0,5.200734996983011,0.18809889980957856,0.5135509398558005,14638,0.7567307958881311,5401.46875,0.41205327212810516,0.6505934805389428,18610.875,0.8474774883621135,6058.0625,0.5177139267325401,0.006801206831243194,0.3709881338505838,10802.40625,0.6932338931434165,5003.21875,2.9636329412460327,0.03125,0,1.6022924810357266,0.6020567779516939,0,4.793320017099385,0.18042961823418402,,,,,,,,,,,,,,,,0.140625,1672,2048,800.83984375,982.78125,211,211,4096,4096,4096,13.372373317950405,9.704901988967322,,,,,,,,,1,-1,0.24090602791485785,0,0,1,,,,,,0.9006355404853821,0.016686445102095604,0.2430819272994995,0.006720253266394138,0.9979771971702576,,,,,,,,,,,,,0.006097679026424885,0.001316726422373904,0.00024121999740600586,0.8448961720569059,0.07000242877620622,0.00678251008503139,0.015249007847160101,0.0042248833274243225,0.000627059955149889,0,0,0,,,,,1,0.72265625,0,185
286,44786.003503809,1787558666.972524,0.83203125,3.469446951953614e-18,120.51087307929993,0.11192630231380463,1,-1,0.28125,0.27560585737228394,0.0025870546232908964,1.0063037872314453,0.9943711757659912,0.9684853553771973,0,0,0.006123228929936886,0.0002538766711950302,1.0002539157867432,0.07387637346982956,-0.0031246463768184185,-0.0034026321955025196,0.005661166273057461,0.0002538766711950302,1,1,0.0002538766711950302,1,7,231.0625,0.005661166475852882,0.03125,0,6406.71875,0,4.587938798879297,0.18015097857730977,0.5102669177923247,13133.5625,0.7501288349207249,4837.96875,0.44425515085458755,0.6450686846631632,16662.1875,0.8408670576761774,5428.625,0.5222155693918467,0.006997397679032074,0.36596297799916266,9640.71875,0.6875075960060815,4486.4375,2.7536234855651855,0,0,1.5969974628377308,0.583815211334693,0,4.657388491019417,0.18185635025149194,,,,,,,,,,,,,,,,0.05078125,2048,2048,633.59375,740.37890625,232,232,4096,4096,4096,12.410922402050346,10.628799048950896,,,,,,,,,1,-1,0.2355518921120164,0,0,1,,,,,,1.247571587562561,0.016631189733743668,0.35638856887817383,0.006720866076648235,0.9979328513145447,,,,,,,,,,,,,0.00829055008944124,0.0012741423383886286,0.00020124996080994606,0.8744787679752335,0.0721761953755049,0.006584439077414572,0.010016390006057918,0.003312151428872312,0,0,0,0,,,,,1,0.83203125,0,213
287,44916.510648443,1787558803.9954615,0.703125,7.37257477290143e-18,123.14559435844421,0.09546942263841629,1,-1,0.21875,0.27225446701049805,0.0021518522407859564,1.0049877166748047,0.995302677154541,0.9711885452270508,0,0,0.005299330689013004,0.00024374411441385746,1.0002437829971313,0.07747255265712738,-0.0073552438989281654,-0.007390439044684172,0.004725371487438679,0.00024374411441385746,1,1,0.00024374411441385746,1,7.09375,144.6875,0.004725370858530711,0.03125,0,5068.75,0,4.292307503641582,0.26366091028156136,0.5097288277235521,10346.125,0.7494186724845874,3810.25,0.42355461046099663,0.6442447813232167,13127.75,0.8394429416716375,4275.375,0.5451828241348267,0.0063913559967935,0.35212034469831915,7362.5,0.6713189677875238,3464.6875,3.353782057762146,0.09375,0,1.6591326425811328,0.6334949955283017,0,4.044522314242419,0.2886424618489607,,,,,,,,,,,,,,,,0.09765625,1764,2048,779.61328125,942.26953125,209,209,4096,4096,4096,13.324367634952068,11.100433254963718,,,,,,,,,1,-1,0.25505101530510177,0,0,1,,,,,,0.7073321342468262,0.01703910529613495,0.1766953468322754,0.006788968574255705,0.9980362057685852,,,,,,,,,,,,,0.005749228992499411,0.0013325983563845512,0.00024287996347993612,0.9688414689153433,0.06641023577913074,0.006697979988530278,0.014060599030926824,0.004316635935083468,0.0006697298958897591,0,0,0,,,,,1,0.703125,0,180
288,45062.094518127,1787558936.8108158,0.6015625,3.469446951953614e-18,116.77807211875916,0.12309609353542328,1,-1,0.3125,0.2842251658439636,0.0016127360286191106,1.0045719146728516,0.9946004152297974,0.964543342590332,0,0,0.00595984049141407,0.0001461734063923359,1.0001462697982788,0.11493843048810959,0.016487155109643936,0.015943408012390137,0.005432876758277416,0.0001461734063923359,1,1,0.0001461734063923359,1,7.03125,212.125,0.0054328766461443,0.03125,0,6236.90625,0,5.666496841107971,0.19945044908751006,0.515547844812586,12873.9375,0.7595793333407723,4751,0.4242530418559909,0.652804314774794,16336.03125,0.8510596251146241,5324.09375,0.5691803954541683,0.0075737614973436385,0.3658922420969173,9413.625,0.6880619838019213,4375.1875,3.6888325810432434,0.03125,0,1.5795325904652218,0.6357711460855306,0,5.778995073896618,0.20400097206313575,,,,,,,,,,,,,,,,0.11328125,1787,2048,687.4375,811.2265625,206,206,4096,4096,4096,12.029752498026937,10.624158340040594,,,,,,,,,1,-0.8571428571428571,0.2369017707396714,0,0,1,,,,,,0.9722535610198975,0.017357561737298965,0.4033656120300293,0.006970590446144342,0.997917890548706,,,,,,,,,,,,,0.007615489070303738,0.001257890342913015,0.0002280399203300476,0.844363170908764,0.07492287606964965,0.006659909035079181,0.01060414791572839,0.0029911072101640457,0.0005969699705019593,0,0,0,,,,,1,0.6015625,0,154
289,45206.538561178,1787559081.164126,0.51171875,8.673617379884035e-19,129.2969615459442,0.10808020085096359,1,-0.8571428656578064,0.25,0.28465595841407776,0.002114898292347789,1.004624366760254,0.9944142699241638,0.9620332717895508,0,0,0.006143293343484402,0.00018055317923426628,1.0001806020736694,0.1356283575296402,0.009650012478232384,0.009109138511121273,0.00562952971085906,0.00018055317923426628,1,1,0.00018055317923426628,1,7.03125,181.21875,0.005629529785377717,0.03125,0,5499.5,0,3.8571776308380077,0.26114550113401047,0.5200553921919738,11431.5625,0.765082329059666,4218.34375,0.4474842024501413,0.6513942663172854,14394.96875,0.8513886139874602,4703.28125,0.5409863293170929,0.007592519479574591,0.3642276126488445,8306.4375,0.6895646990289626,3875.15625,3.572609782218933,0.03125,0,1.5955934083433343,0.6009434039180563,0,3.6216290172494086,0.2665272599251417,,,,,,,,,,,,,,,,0.13671875,1828,2048,927.79296875,1100.6015625,249,249,4096,4096,4096,13.338107863906771,12.739614160964265,,,,,,,,,0.5714285714285714,-1,0.2912411862553588,0,0,1,,,,,,1.856384038925171,0.01780797354876995,0.5157802104949951,0.007107482757419348,0.9979903697967529,,,,,,,,,,,,,0.005641789990477264,0.001171964640434453,0.0002370899310335517,1.0699112289585173,0.07028767858309948,0.005025119986385107,0.012754398048855364,0.004248074736096896,0.000498229986988008,0,0,0,,,,,1,0.51171875,0,131
290,45348.389747615,1787559225.611554,0.54296875,8.673617379884035e-18,129.2834017276764,0.15232820808887482,0.5714285969734192,-1,0.3125,0.3008423447608948,0.0024792456533759832,1.0046911239624023,0.9928817749023438,0.9670076370239258,0,0,0.007429651916027069,0.0003479244187474251,1.0003479719161987,0.10997870564460754,0.006295078434050083,0.0059244814328849316,0.007163841277360916,0.0003479244187474251,1,1,0.0003479244187474251,1,7.09375,276.75,0.00716384138803323,0.03125,0,7422.34375,0,6.818732649912583,0.12086723903188161,0.5243698955049999,15583.4375,0.7747563235433077,5765.09375,0.5678478553891182,0.6607706533923758,19666.40625,0.8642478146506001,6433.3125,0.6674097273498774,0.010517218943396515,0.3833588117980284,11595.5625,0.7138000063578915,5361.25,5.488071322441101,0.09375,0,1.608573439586062,0.5859287994982946,0,6.883361517450864,0.12973547414254707,,,,,,,,,,,,,,,,0.18359375,1828,2048,959.546875,1138.0390625,279,279,4096,4096,4096,15.274249391979538,11.80750423797872,,,,,,,,,0.7142857142857143,-1,0.25629821597155933,0,0,1,,,,,,1.2356653213500977,0.017740903422236443,0.31574416160583496,0.007024561520665884,0.9980663657188416,,,,,,,,,,,,,0.003942659008316696,0.0011323519784127711,0.00021390989422798157,1.1760408489499241,0.07770465980775043,0.00413672998547554,0.08735119202174246,0.004511295198881271,0.0005503699649125338,0,0,0,,,,,1,0.54296875,0,139
291,45492.278566844,1787559365.9737873,0.63671875,1.7780915628762273e-17,126.89404511451721,0.14116589725017548,0.7142857313156128,-1,0.34375,0.30069437623023987,0.0020390271674841642,1.0057182312011719,0.9924774169921875,0.9670271873474121,0,0,0.007826929911971092,0.00022137165069580078,1.0002213716506958,0.0873456597328186,0.02473025768995285,0.024052100256085396,0.007578994147479534,0.00022137165069580078,1,1,0.00022137165069580078,1,7.03125,279.21875,0.007578994357678022,0.03125,0,7676.375,0,5.4456690823458125,0.09746986066309928,0.5269676551081169,16214.28125,0.7775439165121731,5988.9375,0.4397094361484051,0.6613185862841681,20402.4375,0.8658850659238768,6677.625,0.5830232836306095,0.012673267148919379,0.3852046143622692,12038.90625,0.717618842137874,5572.46875,6.151708900928497,0.03125,0,1.531897159618262,0.5828857952979997,0,5.149948839587631,0.09773949780175283,,,,,,,,,,,,,,,,0.21484375,1841,2048,917.43359375,1113.546875,273,273,4096,4096,4096,14.170169736025855,11.593337018974125,,,,,,,,,0.8571428571428572,-1,0.3204349722308279,0,0,1,,,,,,2.64731764793396,0.017637040466070175,0.2173752784729004,0.007039323449134827,0.9980319738388062,,,,,,,,,,,,,0.007412830018438399,0.0012596715105246403,0.00021849898621439934,0.9678500189911574,0.07019834663151414,0.006671689101494849,0.01159125892445445,0.00390451256362212,0.00048743002116680145,0,0,0,,,,,1,0.63671875,0,163
292,45639.017197351,1787559509.744846,0.5546875,3.469446951953614e-18,130.46826362609863,0.198708176612854,0.8571428656578064,-1,0.4375,0.3005983531475067,0.002491628983989358,1.0036678314208984,0.99259352684021,0.9625582695007324,0,0,0.007781275548040867,0.0004541287198662758,1.0004541873931885,0.19127753376960754,0.03951912373304367,0.03834952786564827,0.007463086396455765,0.0004541287198662758,1,1,0.0004541287198662758,1,7.0625,256.96875,0.007463086397773569,0.03125,0,7339.46875,0,5.013275851833815,0.10530721257415175,0.5237351302669151,15417.0625,0.7744655752736512,5706.875,0.5187444454059005,0.6636253985192727,19547.28125,0.8668700064472278,6386.1875,0.5236808620393276,0.013186799222910394,0.3771825065401413,11377.125,0.7055337612761543,5271.34375,5.973622500896454,0.0625,0,1.609434813056648,0.5668064251757863,0,4.956793646906538,0.10615990042468387,,,,,,,,,,,,,,,,0.20703125,1883,2048,952.609375,1129.703125,287,287,4096,4096,4096,15.692082511959597,10.280387299018912,,,,,,,,,1,-1,0.2624453295839119,0,0,1,,,,,,1.024022102355957,0.01831170916557312,0.2700204849243164,0.00725302891805768,0.9980040192604065,,,,,,,,,,,,,0.008240238996222615,0.0013244186670817726,0.00018311000894755125,0.9259511830750853,0.06960184847957862,0.007364358985796571,0.012496469891630113,0.0036318855418358,0.0004269799683243036,0,0,0,,,,,1,0.5546875,0,142
293,45790.440500347,1787559656.30258,0.5,6.938893903907228e-18,133.47678780555725,0.13619473576545715,1,-1,0.34375,0.3057764768600464,0.001772672520019114,1.0076875686645508,0.9930938482284546,0.9677400588989258,0,0,0.007274367846548557,0.000136476824991405,1.0001364946365356,0.14949849247932434,0.01897634193301201,0.017920278012752533,0.006957749370485544,0.000136476824991405,1,1,0.000136476824991405,1,7.03125,273.78125,0.00695774946240978,0.03125,0,7620.875,0,5.915263123914407,0.1531935250427649,0.5329796501011359,16273.375,0.7880547455068307,6027.625,0.42462885286659,0.6687575524209654,20479.34375,0.8762417633648419,6708.4375,0.5862752478569746,0.011632107675927077,0.3867133688969292,12093.5625,0.7221415526577355,5598.5625,5.650711238384247,0.03125,0,1.6333883868739711,0.6031584623881265,0,5.4528428195051575,0.14999353194499546,,,,,,,,,,,,,,,,0.24609375,1841,2048,909.01171875,1086.69921875,265,265,4096,4096,4096,14.851610434940085,10.017796557047404,,,,,,,,,1,-1,0.1956151991089879,0,0,1,,,,,,3.627915859222412,0.018455728888511658,0.665124237537384,0.007378577254712582,0.9979726076126099,,,,,,,,,,,,,0.00624202995095402,0.0012545990189209988,0.00022440997418016195,0.875840957975015,0.07307032639982936,0.0022821800084784627,0.010852398932911456,0.0033791212517826352,0.0005052700871601701,0,0,0,,,,,1,0.5,0,128
294,45937.187791029,1787559807.9548035,0.56640625,6.938893903907228e-18,138.38600945472717,0.07454369962215424,1,-1,0.1875,0.314074844121933,0.0012563723139464855,1.0040998458862305,0.994232177734375,0.9625825881958008,0,0,0.006188114173710346,0.00013176514767110348,1.0001317262649536,0.07182192802429199,0.015503011643886566,0.01519126445055008,0.005804006941616535,0.00013176514767110348,1,1,0.00013176514767110348,1,7.0625,251.6875,0.005804007303308736,0.03125,0,7272.09375,0,5.022416864230509,0.21472458935915595,0.5361352393318307,15633.0625,0.7927867571727315,5788.53125,0.5493698688223958,0.6703996175848587,19597.5,0.8787955566616343,6421.9375,0.5400830395519733,0.008105498429033534,0.3846635720297128,11530.3125,0.7201522485998826,5335.46875,4.201435804367065,0.0625,0,1.6350229446736488,0.580628689110869,0,4.796166598556193,0.2274751811643579,,,,,,,,,,,,,,,,0.1640625,2048,2048,978.875,1125.6484375,302,302,4096,4096,4096,15.086438553058542,9.91857494506985,,,,,,,,,1,-1,0.3144074439581966,0,0,1,,,,,,5.422189235687256,0.01850532740354538,0.8370196223258972,0.00735669769346714,0.9979743957519531,,,,,,,,,,,,,0.007434868952259421,0.001246103754510841,0.00025450997054576874,0.8446049209451303,0.07603410018964496,0.002907989895902574,0.01154995895922184,0.0037694295747314754,0,0,0,0,,,,,1,0.56640625,0,145
295,46084.877432694,1787559954.829759,0.54296875,4.336808689942018e-19,133.49727392196655,0.19430020451545715,1,-1,0.4375,0.31492653489112854,0.0027828901074826717,1.0035762786865234,0.9933035373687744,0.9701175689697266,0,0,0.006996271666139364,0.0004057767800986767,1.0004059076309204,0.14098986983299255,0.001708516851067543,0.0011721914634108543,0.006739485077559948,0.0004057767800986767,1,1,0.0004057767800986767,1,7,279.9375,0.006739484954379675,0.03125,0,7831,0,9.97813857866878,0.13888296248200296,0.5395574452782738,16885.9375,0.7974622516199241,6243.59375,0.6413823324255645,0.6746859641378002,21149.5,0.8840930696800542,6928.09375,0.5479745958000422,0.009054823148772281,0.39353207273841073,12510.46875,0.7326981880025931,5790.84375,4.6099724769592285,0,0,1.5980348760084404,0.5858241836156883,0,8.998463704561896,0.1495076099889734,,,,,,,,,,,,,,,,0.25,1793,2048,969.0859375,1148.63671875,264,264,4096,4096,4096,15.148333666962571,10.095305808004923,,,,,,,,,1,-1,0.3040961851058286,0,0,1,,,,,,1.5040268898010254,0.018869852647185326,0.35744786262512207,0.007518048398196697,0.9979638457298279,,,,,,,,,,,,,0.08785358199384063,0.0016566480744586443,0.0002000200329348445,0.8708068790147081,0.07116541690811573,0.005795739940367639,0.08823028195183724,0.004118867251690972,0.0006352600175887346,0,0,0,,,,,1,0.54296875,0,139
296,46235.162932476,1787560102.6886287,0.453125,3.903127820947816e-18,134.37585926055908,0.18152651190757751,1,-1,0.4375,0.31834110617637634,0.0025898355524986982,1.0068559646606445,0.9919174909591675,0.9598312377929688,0,0,0.008596552535891533,0.00035691680386662483,1.000356912612915,0.15621665120124817,0.007431714795529842,0.00666529405862093,0.008149930275976658,0.00035691680386662483,1,1,0.00035691680386662483,1,7.0625,284.40625,0.008149930394743186,0.03125,0,7752.6875,0,6.156529718719755,0.06892298262801572,0.5419586437389199,16829.75,0.8012980218180825,6225.34375,0.5385413970798254,0.6770053931413218,21040.6875,0.8876825349413362,6896.875,0.5429645106196404,0.013343368233379598,0.39822592218597963,12558.28125,0.7400352117651798,5800.03125,6.290305852890015,0.0625,0,1.6017260661356967,0.5975548027522771,0,6.034362165354997,0.08495470972150584,,,,,,,,,,,,,,,,0.17578125,2048,2048,933.1171875,1127.03125,282,282,4096,4096,4096,14.681792910094373,10.155302083003335,,,,,,,,,1,-1,0.29450754468697576,0,0,1,,,,,,0.7118844985961914,0.01902676559984684,0.30652928352355957,0.007568112574517727,0.9980170726776123,,,,,,,,,,,,,0.005501508945599198,0.001245825789283117,0.0002467499580234289,0.8553877999074757,0.07526676954557843,0.004566699964925647,0.011911447974853218,0.0034837834550671687,0,0,0,0,,,,,1,0.453125,0,116
297,46380.376939182,1787560253.7117987,0.65625,1.0408340855860843e-17,136.6309266090393,0.17575231194496155,1,-1,0.40625,0.3254069983959198,0.002299478743225336,1.0039911270141602,0.9936684370040894,0.9718284606933594,0,0,0.006711195223033428,0.00022067700047045946,1.000220775604248,0.15812864899635315,0.034006550908088684,0.03326370194554329,0.006373564712703228,0.00022067700047045946,1,1,0.00022067700047045946,1,7.0625,249.5625,0.0063735646286029995,0.03125,0,7464.9375,0,6.9294605687860304,0.14539320930980892,0.5494231714705173,16443.875,0.8129979519191,6089.96875,0.44247312285006046,0.6827631023622205,20455.09375,0.8968950249149568,6721.4375,0.528937628492713,0.009821672170148179,0.3998428288013262,12170.375,0.7471236691866284,5652.625,4.589379072189331,0.0625,0,1.6096427329246867,0.6219851808412689,0,6.4860333171341065,0.1562048130993672,,,,,,,,,,,,,,,,0.19921875,1841,2048,992.9140625,1183.5,304,304,4096,4096,4096,15.958511222037487,10.325674546998926,,,,,,,,,1,-1,0.3273268353539886,0,0,1,,,,,,1.3566200733184814,0.019051166251301765,0.26215267181396484,0.0076181017793715,0.9980015158653259,,,,,,,,,,,,,0.057126524043269455,0.00149902309931349,0.00018888001795858145,0.9357296630041674,0.07162973781987603,0.005773880053311586,0.01226185797713697,0.003939802380045876,0.0007280900608748198,0,0,0,,,,,1,0.65625,0,168
298,46529.508647465,1787560399.2683084,0.6484375,0,130.88302755355835,0.20250774919986725,1,-1,0.40625,0.3255876898765564,0.0027585967909544706,1.0047855377197266,0.9927257299423218,0.964625358581543,0,0,0.007699310313910246,0.00034261192195117474,1.000342607498169,0.17414772510528564,0.030511468648910522,0.02942228503525257,0.007326843682676554,0.00034261192195117474,1,1,0.00034261192195117474,1,7,293.125,0.0073268436649686864,0.03125,0,7943.3125,0,6.013473739406869,0.1487008392691839,0.5524018357605665,17630.75,0.817284957789497,6528.0625,0.4589573312550783,0.6837895107838187,21845.78125,0.8994424458434614,7187.3125,0.5375148728489876,0.01181901815483776,0.40733948652663354,13272.53125,0.7580697597663967,6129.46875,5.327109634876251,0,0,1.60285439437041,0.5831489826315028,0,5.748365115522519,0.15243140584026163,,,,,,,,,,,,,,,,0.1796875,1910,2048,912.80859375,1058.83203125,262,262,4096,4096,4096,13.351612134021707,11.10192584397737,,,,,,,,,0.8571428571428572,-1,0.30093392047058426,0,0,1,,,,,,2.409719467163086,0.01988031715154648,0.5535190105438232,0.007854540832340717,0.997988224029541,,,,,,,,,,,,,0.005230268929153681,0.0010568604066065745,0.00021054898388683796,0.8769502580398694,0.062049010248301784,0.0027283990057185292,0.011016748961992562,0.0030595340790569026,0.0004619499668478966,0,0,0,,,,,1,0.6484375,0,166
299,47601.258388127,1787560552.3207405,0.5546875,5.204170427930421e-18,137.89928078651428,0.17949643731117249,0.8571428656578064,-1,0.40625,0.33542293310165405,0.0019920801278203726,1.0041799545288086,0.9938527941703796,0.9626154899597168,0,0,0.006617228500545025,0.00027106585912406445,1.0002710819244385,0.14097122848033905,0.03080044686794281,0.03002866543829441,0.006189682986587286,0.00027106585912406445,1,1,0.00027106585912406445,1,7.03125,241.375,0.00618968315273866,0.03125,0,7302.46875,0,5.124266032352585,0.16136410644096524,0.555840571269375,16360.53125,0.8222105684334782,6054.875,0.5611902934033424,0.68506460339305,20133.65625,0.9030232673364852,6640.40625,0.5273550003767014,0.008407956102732424,0.4045111846592799,12179.125,0.7554926707815648,5637.625,4.6589367389678955,0.03125,0,1.5850127008789883,0.6019521754444221,0,4.864911930425382,0.16095491324799663,,,,,,,,,,,,,,,,0.25,2048,2048,1008,1167.36328125,257,257,4096,4096,4096,15.15723827702459,11.441657862975262,,,,,,,,,1,-1,0.331200660553418,0,0,1,,,,,,0.6904799938201904,0.02003144659101963,0.2547602653503418,0.007947556674480438,0.9980083107948303,,,,,,,,,,,,,0.006531608989462256,0.0012127545105613535,0.00018382992129772902,0.9335470130899921,0.07002490156355634,0.00279838009737432,0.011644128011539578,0.0034630425157047284,0,0,0,0,,,,,1,0.5546875,0,142
300,47608.132789807,1787561609.1198642,,,,0.20177549123764038,1,-1,0.4375,0.341070294380188,0.003570452332496643,1.00445556640625,0.9939141869544983,0.9710445404052734,0,0,0.006544835865497589,0.0004654873628169298,1.0004655122756958,0.17234116792678833,0.00838383287191391,0.00804914440959692,0.006124719977378845,0.0004654873628169298,1,1,0.0004654873628169298,1,7,282.40625,0.006124719902779115,0.03125,0,8064,0,7.38302454536531,0.1930983722515953,0.5642476195328017,18334.3125,0.835050067441518,6785.6875,0.4134417464956641,0.6931317812875885,22455.6875,0.9141645200141366,7415.59375,0.5147768333554268,0.010092635141858972,0.4114902366531268,13728.15625,0.7678793966429385,6341.8125,4.983672320842743,0,0,1.5952282769373174,0.627385387920137,0,6.322471962178456,0.20434477255493935,800,300,0.4325000047683716,0.4325,1052.9382763670292,0.37625,2048,2048,1162.092529296875,1328.86625,240,240,4096,4096,4096,,,,,,,,,,,7.297028697928181,11.877209681086242,1,5.828670879282072e-18,-1,0.16943018669850687,0.24,0.41,0.35,0.4325,,,,,,,2.047102689743042,0.02090531911700964,0.4374392032623291,0.008255660515278578,0.9979490786790848,,,,,,70.57706610998139,15.237382902540412,0.0002120999852195382,75.8828517969232,4.2283766022756755,0.0006803600117564201,101.63282312394585,6.210311135782394,0,0,0,0,,,,,,,,,,,,,1,0.4325,0,3.46,,,,
