{"_timestamp":1.7750657195538616e+09,"jax/core/compile/jaxpr_to_mlir_module_duration":1.7750657195497184e+09,"jax/core/compile/backend_compile_duration":1.7750657195537467e+09,"_step":0,"jax/core/compile/jaxpr_trace_duration":1.7750657195487435e+09,"_wandb":{"runtime":2},"_runtime":2.283866613}