{"_step":0,"jax/core/compile/jaxpr_trace_duration":1.7750673724552958e+09,"_timestamp":1.7750673724605517e+09,"jax/core/compile/jaxpr_to_mlir_module_duration":1.775067372456409e+09,"jax/core/compile/backend_compile_duration":1.775067372460434e+09,"_wandb":{"runtime":490},"_runtime":490.135789517}