{"_timestamp":1.7750665247700799e+09,"jax/core/compile/jaxpr_to_mlir_module_duration":1.7750665247659304e+09,"jax/core/compile/backend_compile_duration":1.775066524769966e+09,"_step":0,"jax/core/compile/jaxpr_trace_duration":1.775066524764817e+09,"_runtime":50.493944379,"_wandb":{"runtime":50}}